cell,label,drug
Data18_GSM5344620_AAATCCTGTAATCCTGAACAACCTCCA,0,sorafenib
Data18_GSM5344620_AAATCCTGTACCAAAATGAGTAATTAG,0,sorafenib
Data18_GSM5344620_AAATCCTGTAGAGGACCACAACGATCT,0,sorafenib
Data18_GSM5344620_AAATCCTGTAGCTGCCGTCTATCATGA,0,sorafenib
Data18_GSM5344620_AAATCCTGTATCAACCGACAATAGGGT,0,sorafenib
Data18_GSM5344620_AAATCCTGTATGAGTTACAAGTTTACG,0,sorafenib
Data18_GSM5344620_AAATCCTGTGATTCATCAACAAACTTT,0,sorafenib
Data18_GSM5344620_AAATCCTGTGCTAACTCATCCTCAATA,0,sorafenib
Data18_GSM5344620_AACAGAGCTACGATGAATGAACGACAA,0,sorafenib
Data18_GSM5344620_AACCGCCTCAAACTGCGCCAATAGGGT,0,sorafenib
Data18_GSM5344620_AACCGCCTCAACCCTCGGACTACATAT,0,sorafenib
Data18_GSM5344620_AACCGCCTCAGATAGTTCCAACCTCCA,0,sorafenib
Data18_GSM5344620_AACCGCCTCATTCATCGTACGAACCAG,0,sorafenib
Data18_GSM5344620_AACCGCCTCCAAGACCTAAAGGGAACT,0,sorafenib
Data18_GSM5344620_AACCGCCTCCACCAGGTAACTAGACCG,0,sorafenib
Data18_GSM5344620_AACCGCCTCGCCAATGTAGAACGACAA,0,sorafenib
Data18_GSM5344620_AACGAGAAGACAGGGGTAGAACGACAA,0,sorafenib
Data18_GSM5344620_AACGAGAAGACAGTGGTAAGTCTGTAC,0,sorafenib
Data18_GSM5344620_AACGAGAAGACAGTGGTAGAACGACAA,0,sorafenib
Data18_GSM5344620_AACGAGAAGACCAAAATGCAGGCATTT,0,sorafenib
Data18_GSM5344620_AACGAGAAGAGAATGGAGTACTTCGGA,0,sorafenib
Data18_GSM5344620_AACGAGAAGAGGATTCAACAAACGTGG,0,sorafenib
Data18_GSM5344620_AACGAGAAGAGGCAGCTAAACGTGTGA,0,sorafenib
Data18_GSM5344620_AACGAGAAGCACTTATGTAAGGGAACT,0,sorafenib
Data18_GSM5344620_AACGAGAAGCTTGCTTCAGCTATGGAA,0,sorafenib
Data18_GSM5344620_AACGAGAAGGTACATCTAAGTTGTTCT,0,sorafenib
Data18_GSM5344620_AACGAGAAGTATAGCCCTAATGTATCG,0,sorafenib
Data18_GSM5344620_AACGGTATTATCCAACCGAATTCGGCG,0,sorafenib
Data18_GSM5344620_AACGGTATTATGAGTTACTTCAGCTCA,0,sorafenib
Data18_GSM5344620_AACTGGATTATCCAACCGAATTCGGCG,0,sorafenib
Data18_GSM5344620_AACTGGATTATGAGTTACTTCAGCTCA,0,sorafenib
Data18_GSM5344620_AACTGTATTACGACCACCGTTAGCCTA,0,sorafenib
Data18_GSM5344620_AACTGTATTAGATAGTTCACGCTGTTG,0,sorafenib
Data18_GSM5344620_AACTGTATTATCCAACCGAATTCGGCG,0,sorafenib
Data18_GSM5344620_AACTGTATTATCCTAGGAACGCTGTTG,0,sorafenib
Data18_GSM5344620_AACTGTATTATGAGTTACTTCAGCTCA,0,sorafenib
Data18_GSM5344620_AACTGTATTCACTCGAGACTACATGCG,0,sorafenib
Data18_GSM5344620_AACTGTATTGATTCATCAAACATCCAT,0,sorafenib
Data18_GSM5344620_AACTGTATTGATTCATCAAACATTCAT,0,sorafenib
Data18_GSM5344620_AACTGTATTGCCAATGTAAGTTGCATC,0,sorafenib
Data18_GSM5344620_AACTGTATTTATAGCCCTTTCAGCTCA,0,sorafenib
Data18_GSM5344620_AACTTCTCCACGCGAAGCCACGATCCG,0,sorafenib
Data18_GSM5344620_AACTTCTCCAGGGCTGGTCATGAATGA,0,sorafenib
Data18_GSM5344620_AACTTCTCCCGTTCGGTAGATCTCTTA,0,sorafenib
Data18_GSM5344620_AACTTCTCCGACACTTAAGAACGACAA,0,sorafenib
Data18_GSM5344620_AACTTCTCCGCTAACTCAAAGGCCGCA,0,sorafenib
Data18_GSM5344620_AAGACATGCAGGCAGCTAGGCACAACA,0,sorafenib
Data18_GSM5344620_AAGACATGCAGGGCTGGTACTAGACCG,0,sorafenib
Data18_GSM5344620_AAGACATGCATCCAACCGACAGTAAAC,0,sorafenib
Data18_GSM5344620_AAGACATGCCACCAGGTAACTCCAGGG,0,sorafenib
Data18_GSM5344620_AAGACATGCCCGTATCTAATGGTCCGT,0,sorafenib
Data18_GSM5344620_AAGACATGCGCTAACTCACAAGTAGAA,0,sorafenib
Data18_GSM5344620_AAGACATGCTAGGGATACGCTCCTTGA,0,sorafenib
Data18_GSM5344620_AAGACATGCTAGTCTTGAACTAGACCG,0,sorafenib
Data18_GSM5344620_AAGACATGCTCATTGAGATGCATAGTA,0,sorafenib
Data18_GSM5344620_AAGCTCAACATCCTAGGAACACCTTAG,0,sorafenib
Data18_GSM5344620_AAGCTCAACATTCATCGTGCAACATTA,0,sorafenib
Data18_GSM5344620_AAGCTCAACCAACAACGGACTCATACG,0,sorafenib
Data18_GSM5344620_AAGCTCAACCACCTACCCTCTCGGTTA,0,sorafenib
Data18_GSM5344620_AAGCTCAACGCATGGCTAGCTCCTTGA,0,sorafenib
Data18_GSM5344620_AAGCTCAACGCATGGCTATCCGTCTTA,0,sorafenib
Data18_GSM5344620_AAGCTCAACGGAATGATAATGGTCCGT,0,sorafenib
Data18_GSM5344620_AAGGAGAAGACAGTGGTAGAACGACAA,0,sorafenib
Data18_GSM5344620_AAGGAGAAGAGAATGGAGTACTTCGGA,0,sorafenib
Data18_GSM5344620_AAGGCGATCACAATATGGGATCTCTTA,0,sorafenib
Data18_GSM5344620_AAGGCGATCATTACCAAGCGTACTACG,0,sorafenib
Data18_GSM5344620_AAGGCGATCCAGTGCCCGACATTCGGC,0,sorafenib
Data18_GSM5344620_AAGGCGATCCCATGCACAAGCTATGTG,0,sorafenib
Data18_GSM5344620_AAGGCGATCCTCTCTCAACACAAGTAT,0,sorafenib
Data18_GSM5344620_AAGGCGATCCTCTCTCAATGTCTATCA,0,sorafenib
Data18_GSM5344620_AAGGCGATCGTACATCTATCTACGACA,0,sorafenib
Data18_GSM5344620_AAGGCGATCTGACAGACAACAGGCTCC,0,sorafenib
Data18_GSM5344620_AAGTAACCCACAGTGGTAGATCTCTTA,0,sorafenib
Data18_GSM5344620_AAGTAACCCATCCTAGGAGCAACATTA,0,sorafenib
Data18_GSM5344620_AAGTAACCCCAGTGCCCGGATGGTCCA,0,sorafenib
Data18_GSM5344620_AAGTAACCCCCGACAAGATGAAGCCAA,0,sorafenib
Data18_GSM5344620_AAGTAACCCCTCTCTCAATGTCTATCA,0,sorafenib
Data18_GSM5344620_AAGTAACCCGTACATCTAAGCCGCAAG,0,sorafenib
Data18_GSM5344620_AAGTAACCCTCATTGAGACTATTAGCC,0,sorafenib
Data18_GSM5344620_AAGTAACCCTGTTCTCCAAGTTGTTCT,0,sorafenib
Data18_GSM5344620_AAGTAACCCTGTTCTCCATGTATGCGA,0,sorafenib
Data18_GSM5344620_AATATGGGGACGACCACCCAGGCATTT,0,sorafenib
Data18_GSM5344620_AATATGGGGAGAATGGAGCTGTACGGA,0,sorafenib
Data18_GSM5344620_AATATTGGGACACATGTCAAATGGAGG,0,sorafenib
Data18_GSM5344620_AATATTGGGACAGTGGTATCAGATTCA,0,sorafenib
Data18_GSM5344620_AATATTGGGACGACCACCCAGGCATTT,0,sorafenib
Data18_GSM5344620_AATATTGGGAGAATGGAGCTGTACGGA,0,sorafenib
Data18_GSM5344620_AATATTGGGATCAACCGAGATCAGCGA,0,sorafenib
Data18_GSM5344620_AATATTGGGATCCTAGGAAGTTGTTCT,0,sorafenib
Data18_GSM5344620_AATATTGGGCAACAACGGCGTACTACG,0,sorafenib
Data18_GSM5344620_AATATTGGGCACCAGGTAATCATTCTG,0,sorafenib
Data18_GSM5344620_AATCGAATGATCCAACCGCATAGGTCA,0,sorafenib
Data18_GSM5344620_AATCGAATGATTAGGCATTCCTCAATA,0,sorafenib
Data18_GSM5344620_AATCGAATGCTCTCTCAATCTACGACA,0,sorafenib
Data18_GSM5344620_AATCGAATGGTGCAGTAAATCATTCTG,0,sorafenib
Data18_GSM5344620_ACAAGGATCAACTCATTGCTAAGCTTC,0,sorafenib
Data18_GSM5344620_ACAAGGATCCACCAGGTAAACAGAAAC,0,sorafenib
Data18_GSM5344620_ACAAGGATCCAGTGCCCGATGGTCCGT,0,sorafenib
Data18_GSM5344620_ACAAGGATCCTAGGTCCTAGTCTGTAC,0,sorafenib
Data18_GSM5344620_ACAAGGATCGCATGGCTAACAGGCTCC,0,sorafenib
Data18_GSM5344620_ACAAGGATCGCATGGCTACAGGCATTT,0,sorafenib
Data18_GSM5344620_ACACACAAAAACTCATTGCTGTACGGA,0,sorafenib
Data18_GSM5344620_ACACACAAAAGAGGACCACTGTACGGA,0,sorafenib
Data18_GSM5344620_ACACACAAACAAGACCTATCAGATTCA,0,sorafenib
Data18_GSM5344620_ACACACAAATATAGCCCTCTGTACGGA,0,sorafenib
Data18_GSM5344620_ACACACAAATGTGAAGAAAACAGAAAC,0,sorafenib
Data18_GSM5344620_ACACGAGATACTATCCTCCACAAGTAT,0,sorafenib
Data18_GSM5344620_ACACGAGATACTGTTAGAGGCTACAGA,0,sorafenib
Data18_GSM5344620_ACACGAGATAGAATGGAGGTTAGCCTA,0,sorafenib
Data18_GSM5344620_ACACGAGATAGCGACACCACGAACCAG,0,sorafenib
Data18_GSM5344620_ACACGAGATAGTGTTGTCCAATAGGGT,0,sorafenib
Data18_GSM5344620_ACACGAGATCGTTCGGTAACACCTTAG,0,sorafenib
Data18_GSM5344620_ACACGAGATGCCTGTTCAAACAGAAAC,0,sorafenib
Data18_GSM5344620_ACACGAGATGGAATGATACTATTAGCC,0,sorafenib
Data18_GSM5344620_ACACGAGATGTGCAGTAACTATTAGCC,0,sorafenib
Data18_GSM5344620_ACACGAGATTAGGGATACATGGTCCGT,0,sorafenib
Data18_GSM5344620_ACACGAGATTATAGCCCTATCGAGTCT,0,sorafenib
Data18_GSM5344620_ACACGAGATTGTGAAGAATCTCGGTTA,0,sorafenib
Data18_GSM5344620_ACACGAGATTTGGTATGAGGTGAGTTA,0,sorafenib
Data18_GSM5344620_ACACGCCGGAAACGTACCGATCAGCGA,0,sorafenib
Data18_GSM5344620_ACACGCCGGAAGAGTAGACAAACGTGG,0,sorafenib
Data18_GSM5344620_ACACGCCGGAATCAGTTTAACATCCAT,0,sorafenib
Data18_GSM5344620_ACACGCCGGAGTGAAAGGCATGAATGA,0,sorafenib
Data18_GSM5344620_ACACGCCGGGACACTTAAACAAACTTT,0,sorafenib
Data18_GSM5344620_ACACGCCGGGATGAACTGATGGTCCGT,0,sorafenib
Data18_GSM5344620_ACAGTTCCGACAGTGGTAACTCATACG,0,sorafenib
Data18_GSM5344620_ACAGTTCCGATCAACCGACTAGATAGA,0,sorafenib
Data18_GSM5344620_ACAGTTCCGCACCCAAAGCGTACTACG,0,sorafenib
Data18_GSM5344620_ACAGTTCCGCCGTATCTACAATACAAG,0,sorafenib
Data18_GSM5344620_ACAGTTCCGCGTTCGGTACAGGCATTT,0,sorafenib
Data18_GSM5344620_ACATAAGCGACTATCCTCTGAAGCCAA,0,sorafenib
Data18_GSM5344620_ACATAAGCGACTTCGAGCAACAGAAAC,0,sorafenib
Data18_GSM5344620_ACATAAGCGAGTGTTGTCACTGAATTC,0,sorafenib
Data18_GSM5344620_ACATAAGCGATCCAACCGGAACGACAA,0,sorafenib
Data18_GSM5344620_ACATAAGCGGACCTTAGAAAGGGTCAG,0,sorafenib
Data18_GSM5344620_ACATAAGCGTATAGCCCTAAATGGAGG,0,sorafenib
Data18_GSM5344620_ACATAAGCGTGACAGACACAGGGAGGG,0,sorafenib
Data18_GSM5344620_ACATAAGCGTTCCATTGACACAAGTAT,0,sorafenib
Data18_GSM5344620_ACCAAGGACACGATGAATCATGAATGA,0,sorafenib
Data18_GSM5344620_ACCAAGGACAGGTTCGCTAAATGGAGG,0,sorafenib
Data18_GSM5344620_ACCAAGGACCACTCGAGAATCATTCTG,0,sorafenib
Data18_GSM5344620_ACCAAGGACCGTTCGGTACAATACAAG,0,sorafenib
Data18_GSM5344620_ACCAAGGACCTCTCTCAAAAAGAGGCC,0,sorafenib
Data18_GSM5344620_ACCAAGGACCTCTCTCAAAGCCGCAAG,0,sorafenib
Data18_GSM5344620_ACCAAGGACGATGAACTGATATTGTAA,0,sorafenib
Data18_GSM5344620_ACCAAGGACGCTAACTCACAATAGGGT,0,sorafenib
Data18_GSM5344620_ACCAAGGACGGAATGATAAATTACCGG,0,sorafenib
Data18_GSM5344620_ACCAAGGACGTGTGTCGAACATTCGGC,0,sorafenib
Data18_GSM5344620_ACCAAGGACTACTAGTCAAGTTGTTCT,0,sorafenib
Data18_GSM5344620_ACCAAGGACTATAGCCCTCAACGATCT,0,sorafenib
Data18_GSM5344620_ACCCTGACCACACATGTCACTGAATTC,0,sorafenib
Data18_GSM5344620_ACCCTGACCACCTGAGTCGATCTCTTA,0,sorafenib
Data18_GSM5344620_ACCCTGACCAGTGTTGTCCTGTACGGA,0,sorafenib
Data18_GSM5344620_ACCCTGACCATCCAACCGCAGCCTGGC,0,sorafenib
Data18_GSM5344620_ACCCTGACCATGAGTTACAACGTGTGA,0,sorafenib
Data18_GSM5344620_ACCCTGACCCACCAGGTACTACATGCG,0,sorafenib
Data18_GSM5344620_ACCCTGACCCAGAAATCGCGTACTACG,0,sorafenib
Data18_GSM5344620_ACCCTGACCCCGACAAGAAACGTGTGA,0,sorafenib
Data18_GSM5344620_ACCCTGACCGACACTTAAACTCCAGGG,0,sorafenib
Data18_GSM5344620_ACCCTGACCGTACATCTAAAAGTCATT,0,sorafenib
Data18_GSM5344620_ACCGGATAGAACTCATTGACAGTAAAC,0,sorafenib
Data18_GSM5344620_ACCGGATAGACAATATGGAAATTACAG,0,sorafenib
Data18_GSM5344620_ACCGGATAGACGACCACCACGTGGGAG,0,sorafenib
Data18_GSM5344620_ACCGGATAGAGAGGACCAACAAGTGCA,0,sorafenib
Data18_GSM5344620_ACCGGATAGAGAGGACCAACTTACGAT,0,sorafenib
Data18_GSM5344620_ACCGGATAGAGGAGGCGCGCTATGGAA,0,sorafenib
Data18_GSM5344620_ACCGGATAGCAACAACGGAGTCTGTAC,0,sorafenib
Data18_GSM5344620_ACCGGATAGCACAAAGGCACTGAATTC,0,sorafenib
Data18_GSM5344620_ACCGGATAGGACACTTAACGTCTAGGT,0,sorafenib
Data18_GSM5344620_ACCGGATAGGGAATGATAAATGTATCG,0,sorafenib
Data18_GSM5344620_ACCGGATAGGGAGTCTAAACGTGGGAG,0,sorafenib
Data18_GSM5344620_ACCGGATAGGTGCAGTAAGATCAGCGA,0,sorafenib
Data18_GSM5344620_ACCGGATAGTGTTCTCCACAAACGTGG,0,sorafenib
Data18_GSM5344620_ACCGGATAGTTGCGTACAAACATCCAT,0,sorafenib
Data18_GSM5344620_ACCTTGCGGAACTCATTGAGTCTGTAC,0,sorafenib
Data18_GSM5344620_ACCTTGCGGAGCGACACCACACCTTAG,0,sorafenib
Data18_GSM5344620_ACCTTGCGGCAAGACCTATACTTCGGA,0,sorafenib
Data18_GSM5344620_ACCTTGCGGCAGCACTTCATCATTCTG,0,sorafenib
Data18_GSM5344620_ACCTTGCGGGACACTTAACATAGGTCA,0,sorafenib
Data18_GSM5344620_ACCTTGCGGGACCTTAGAAATTACCGG,0,sorafenib
Data18_GSM5344620_ACCTTGCGGTTGGTATGACACAAGTAT,0,sorafenib
Data18_GSM5344620_ACGAAAGGTAAACTGCGCCAAACGTGG,0,sorafenib
Data18_GSM5344620_ACGAAAGGTACAATATGGTGTATGCGA,0,sorafenib
Data18_GSM5344620_ACGAAAGGTACAGTGGTATCTCGGTTA,0,sorafenib
Data18_GSM5344620_ACGAAAGGTAGAATGGAGACTCATACG,0,sorafenib
Data18_GSM5344620_ACGAAAGGTAGCTGCCGTGCTATGGAA,0,sorafenib
Data18_GSM5344620_ACGAAAGGTTACAGGATAGATAGAGGA,0,sorafenib
Data18_GSM5344620_ACGAAAGGTTATAGCCCTCAGGCATTT,0,sorafenib
Data18_GSM5344620_ACGAAAGGTTTGGAGGTAAACAGAAAC,0,sorafenib
Data18_GSM5344620_ACGAAGGACTACTAGTCAAGTTGTTCT,0,sorafenib
Data18_GSM5344620_ACGCAATCAAAACTGCGCGTTAGCCTA,0,sorafenib
Data18_GSM5344620_ACGCAATCAAGAATGGAGAATTCGGCG,0,sorafenib
Data18_GSM5344620_ACGCAATCACAATTGATCCACGATCCG,0,sorafenib
Data18_GSM5344620_ACGCAATCACACAAAGGCGTTAGCCTA,0,sorafenib
Data18_GSM5344620_ACGCAATCACAGAAATCGTCCTCAATA,0,sorafenib
Data18_GSM5344620_ACGCAATCAGCCAATGTATCAGATTCA,0,sorafenib
Data18_GSM5344620_ACGCAATCATTCCATTGAAACATCCAT,0,sorafenib
Data18_GSM5344620_ACGGAGATTAACCCTCGGAACAACGCG,0,sorafenib
Data18_GSM5344620_ACGGAGATTAAGAGTAGAAATTCGGCG,0,sorafenib
Data18_GSM5344620_ACGGAGATTATCCTAGGATCCTCAATA,0,sorafenib
Data18_GSM5344620_ACGGAGATTCACTTATGTAGTCTGTAC,0,sorafenib
Data18_GSM5344620_ACGGAGATTCAGCACTTCTCTCGGTTA,0,sorafenib
Data18_GSM5344620_ACGGAGATTGAGTGCGAAGGTGAGTTA,0,sorafenib
Data18_GSM5344620_ACGGAGATTTAGTCTTGAATGGTCCGT,0,sorafenib
Data18_GSM5344620_ACGGATATTAACCCTCGGAACAACGCG,0,sorafenib
Data18_GSM5344620_ACGGATATTAAGAGTAGAAATTCGGCG,0,sorafenib
Data18_GSM5344620_ACGGATATTAAGCTACTTACTTACGAT,0,sorafenib
Data18_GSM5344620_ACGGATATTACACATGTCCAGGCATTT,0,sorafenib
Data18_GSM5344620_ACGGATATTAGCGACACCTCCTCAATA,0,sorafenib
Data18_GSM5344620_ACGGATATTAGCTGCCGTTGCATAGTA,0,sorafenib
Data18_GSM5344620_ACGGATATTAGTGAAAGGAGCTATGTG,0,sorafenib
Data18_GSM5344620_ACGGATATTATCCTAGGATCCTCAATA,0,sorafenib
Data18_GSM5344620_ACGGATATTCACCCAAAGAAATGGAGG,0,sorafenib
Data18_GSM5344620_ACGGATATTCACTTATGTAGTCTGTAC,0,sorafenib
Data18_GSM5344620_ACGGATATTCAGCACTTCTCTCGGTTA,0,sorafenib
Data18_GSM5344620_ACGGATATTGAGTGCGAAGGTGAGTTA,0,sorafenib
Data18_GSM5344620_ACGGATATTGCTAACTCAGTTAGCCTA,0,sorafenib
Data18_GSM5344620_ACGGATATTTAGAACACACAATACAAG,0,sorafenib
Data18_GSM5344620_ACGGATATTTAGTCTTGAATGGTCCGT,0,sorafenib
Data18_GSM5344620_ACGGATATTTTGCGTACAACGAACCAG,0,sorafenib
Data18_GSM5344620_AGAACGTCCAGATAGTTCGGCTACAGA,0,sorafenib
Data18_GSM5344620_AGAACTTCCAAGAGTAGAAGTTGCATC,0,sorafenib
Data18_GSM5344620_AGAACTTCCACGCGAAGCAGTCTGTAC,0,sorafenib
Data18_GSM5344620_AGAACTTCCACTGTTAGACGTCTAGGT,0,sorafenib
Data18_GSM5344620_AGAACTTCCAGATAGTTCATCGAGTCT,0,sorafenib
Data18_GSM5344620_AGAACTTCCAGATAGTTCGGCTACAGA,0,sorafenib
Data18_GSM5344620_AGAACTTCCAGGAGGCGCTGTCTATCA,0,sorafenib
Data18_GSM5344620_AGAACTTCCAGTGTTGTCAACGTGTGA,0,sorafenib
Data18_GSM5344620_AGAACTTCCCACCAGGTAAATTACCGG,0,sorafenib
Data18_GSM5344620_AGAACTTCCGCATGGCTAATCATTCTG,0,sorafenib
Data18_GSM5344620_AGAACTTCCTAGTCTTGACTACATGCG,0,sorafenib
Data18_GSM5344620_AGAACTTCCTCATCCTAACAATAGGGT,0,sorafenib
Data18_GSM5344620_AGAACTTCCTTCCATTGAACTCATACG,0,sorafenib
Data18_GSM5344620_AGAAGCACTACGCGAAGCTCAGATTCA,0,sorafenib
Data18_GSM5344620_AGAAGCACTACGCGAAGCTGTCTATCA,0,sorafenib
Data18_GSM5344620_AGAAGCACTAGAGGACCAAGCCTGGTT,0,sorafenib
Data18_GSM5344620_AGAAGCACTAGGAGGCGCAATGTATCG,0,sorafenib
Data18_GSM5344620_AGAAGCACTATCCAACCGATCATTCTG,0,sorafenib
Data18_GSM5344620_AGAAGCACTATTCATCGTCTACATGCG,0,sorafenib
Data18_GSM5344620_AGAAGCACTCACTTATGTAAATGGAGG,0,sorafenib
Data18_GSM5344620_AGAAGCACTTATAGCCCTGGTTGGACA,0,sorafenib
Data18_GSM5344620_AGAAGCACTTTGCGTACACAATAGGGT,0,sorafenib
Data18_GSM5344620_AGACTTAGGTAGAACACAGATAGAGGA,0,sorafenib
Data18_GSM5344620_AGAGAAGTTAAGAGTAGAGCTATGGAA,0,sorafenib
Data18_GSM5344620_AGAGAAGTTAAGCTACTTAACAGAAAC,0,sorafenib
Data18_GSM5344620_AGAGAAGTTACTTGATGAACTCATACG,0,sorafenib
Data18_GSM5344620_AGAGAAGTTAGCGACACCACAAACTTT,0,sorafenib
Data18_GSM5344620_AGAGAAGTTCACAAAGGCAACGTGTGA,0,sorafenib
Data18_GSM5344620_AGAGAAGTTCAGAAATCGAAGCCTTCT,0,sorafenib
Data18_GSM5344620_AGAGAAGTTCTAGGTCCTAAGGGTCAG,0,sorafenib
Data18_GSM5344620_AGAGAAGTTGATTCATCAAACGTGTGA,0,sorafenib
Data18_GSM5344620_AGAGAAGTTTTGGTATGACGTACTACG,0,sorafenib
Data18_GSM5344620_AGAGCGATGTAGAACACACATAACGTT,0,sorafenib
Data18_GSM5344620_AGAGCTATGAAATAAATACAGCCTGGC,0,sorafenib
Data18_GSM5344620_AGAGCTATGACTATCCTCTACTTCGGA,0,sorafenib
Data18_GSM5344620_AGAGCTATGACTGTTAGACTATCATGA,0,sorafenib
Data18_GSM5344620_AGAGCTATGACTTTAACTCATAGGTCA,0,sorafenib
Data18_GSM5344620_AGAGCTATGATCCAACCGAATAAACAA,0,sorafenib
Data18_GSM5344620_AGAGCTATGCACCCAAAGGCTCCTTGA,0,sorafenib
Data18_GSM5344620_AGAGCTATGCTCTCTCAAGAACGACAA,0,sorafenib
Data18_GSM5344620_AGAGCTATGGACCTTAGATCTCACGGA,0,sorafenib
Data18_GSM5344620_AGAGCTATGGATTCATCAACACCTTAG,0,sorafenib
Data18_GSM5344620_AGAGCTATGTAGAACACACATAACGTT,0,sorafenib
Data18_GSM5344620_AGCACACAGAAGCTACTTAGTCTGTAC,0,sorafenib
Data18_GSM5344620_AGCACACAGAAGCTACTTCACAAGTAT,0,sorafenib
Data18_GSM5344620_AGCACACAGAAGGACTATCAACCTCCA,0,sorafenib
Data18_GSM5344620_AGCACACAGACAGTGGTAGATCAGCGA,0,sorafenib
Data18_GSM5344620_AGCACACAGACCTGAGTCCTCAAGACA,0,sorafenib
Data18_GSM5344620_AGCACACAGACTTGATGAATATTGTAA,0,sorafenib
Data18_GSM5344620_AGCACACAGACTTGATGACAACCTCCA,0,sorafenib
Data18_GSM5344620_AGCACACAGAGCTGCCGTGTCTTGGCA,0,sorafenib
Data18_GSM5344620_AGCACACAGAGGATTCAACAATAGGGT,0,sorafenib
Data18_GSM5344620_AGCACACAGATCCAACCGGAACGACAA,0,sorafenib
Data18_GSM5344620_AGCACACAGCGCTAAGCAAAAGTCATT,0,sorafenib
Data18_GSM5344620_AGCACACAGGAGTGCGAAGGTTGGACA,0,sorafenib
Data18_GSM5344620_AGCACACAGGCCAATGTACAATACAAG,0,sorafenib
Data18_GSM5344620_AGCACACAGTGTGAAGAACAACCTCCA,0,sorafenib
Data18_GSM5344620_AGCACACAGTGTGAAGAACAATAGGGT,0,sorafenib
Data18_GSM5344620_AGCAGAGCTAACCCTCGGCAGGGAGGG,0,sorafenib
Data18_GSM5344620_AGCAGAGCTACGATGAATGAACGACAA,0,sorafenib
Data18_GSM5344620_AGCAGAGCTCACCTACCCGATAGAGGA,0,sorafenib
Data18_GSM5344620_AGCCATCACAAACGTACCACTAGACCG,0,sorafenib
Data18_GSM5344620_AGCCATCACAACTCATTGAAAGAGGCC,0,sorafenib
Data18_GSM5344620_AGCCATCACAACTCATTGGATCAGCGA,0,sorafenib
Data18_GSM5344620_AGCCATCACACTTCGAGCTGCATAGTA,0,sorafenib
Data18_GSM5344620_AGCCATCACAGAATGGAGCTAAGCTTC,0,sorafenib
Data18_GSM5344620_AGCCATCACCGCTAAGCAGGTGAGTTA,0,sorafenib
Data18_GSM5344620_AGCCATCACGACACTTAAAATTCGGCG,0,sorafenib
Data18_GSM5344620_AGCCATCACGGAGTCTAATCAGATTCA,0,sorafenib
Data18_GSM5344620_AGCCATCACTCGTTAGCAGATAGAGGA,0,sorafenib
Data18_GSM5344620_AGCCCAATCAACCAAAGTACGTGGGAG,0,sorafenib
Data18_GSM5344620_AGCCCAATCACTTCGAGCCAACGATCT,0,sorafenib
Data18_GSM5344620_AGCCCAATCATCAACCGACACGATCCG,0,sorafenib
Data18_GSM5344620_AGCCCAATCCAAGACCTAAGCTATGTG,0,sorafenib
Data18_GSM5344620_AGCCCAATCCTAGGTCCTACTCATACG,0,sorafenib
Data18_GSM5344620_AGCCCAATCCTTGCTTCACTGTACGGA,0,sorafenib
Data18_GSM5344620_AGCCCAATCGACACTTAAACACCTTAG,0,sorafenib
Data18_GSM5344620_AGCCCAATCTAGTGACTAACAAGTGCA,0,sorafenib
Data18_GSM5344620_AGGACACAGACTTGATGACAACCTCCA,0,sorafenib
Data18_GSM5344620_AGGAGAGTAAAACTGCGCAACGTGTGA,0,sorafenib
Data18_GSM5344620_AGGAGATTAAAACTGCGCAACGTGTGA,0,sorafenib
Data18_GSM5344620_AGGAGATTAAACTCATTGCTCAAGACA,0,sorafenib
Data18_GSM5344620_AGGAGATTAAAGCTACTTATCGAGTCT,0,sorafenib
Data18_GSM5344620_AGGAGATTAAGTGAAAGGAATGTATCG,0,sorafenib
Data18_GSM5344620_AGGAGATTAATCCAACCGGCTATGGAA,0,sorafenib
Data18_GSM5344620_AGGAGATTAATTACCAAGCATGAATGA,0,sorafenib
Data18_GSM5344620_AGGAGATTACAGAAATCGACTACATAT,0,sorafenib
Data18_GSM5344620_AGGAGATTACTAGGTCCTGTTAGCCTA,0,sorafenib
Data18_GSM5344620_AGGAGATTAGATGAACTGCTACATGCG,0,sorafenib
Data18_GSM5344620_AGGTAATGGACGACCACCCGTACTACG,0,sorafenib
Data18_GSM5344620_AGGTAATGGTACAGGATAGCTATGGAA,0,sorafenib
Data18_GSM5344620_AGTAAAGCCACGACCACCCGTACTACG,0,sorafenib
Data18_GSM5344620_AGTAAAGCCAGCTGCCGTATATTGTAA,0,sorafenib
Data18_GSM5344620_AGTAAAGCCAGGCAGCTAAAGGCCGCA,0,sorafenib
Data18_GSM5344620_AGTAAAGCCAGGCAGCTATGAAGCCAA,0,sorafenib
Data18_GSM5344620_AGTAAAGCCCAATTGATCAGCCGCAAG,0,sorafenib
Data18_GSM5344620_AGTAAAGCCCACTCGAGACATGAATGA,0,sorafenib
Data18_GSM5344620_AGTAAAGCCCAGAAATCGAACGTGTGA,0,sorafenib
Data18_GSM5344620_AGTAAAGCCCTAGGTCCTATCGAGTCT,0,sorafenib
Data18_GSM5344620_AGTAAAGCCGCATGGCTACAGGCATTT,0,sorafenib
Data18_GSM5344620_AGTAAAGCCTACTAGTCATGAAGCCAA,0,sorafenib
Data18_GSM5344620_AGTAAAGCCTCATCCTAAAGTTGTTCT,0,sorafenib
Data18_GSM5344620_AGTAAGTGCAAACTGCGCGATAGAGGA,0,sorafenib
Data18_GSM5344620_AGTAAGTGCACTGTTAGAAAAGAGGCC,0,sorafenib
Data18_GSM5344620_AGTAAGTGCTACTAGTCAAAAGTCATT,0,sorafenib
Data18_GSM5344620_AGTATCTGTAATTATAACACAAGTGCA,0,sorafenib
Data18_GSM5344620_AGTATCTGTACAATATGGACAAGTGCA,0,sorafenib
Data18_GSM5344620_AGTATCTGTACGCGAAGCACAAGTGCA,0,sorafenib
Data18_GSM5344620_AGTATCTGTCAGCACTTCACGAACCAG,0,sorafenib
Data18_GSM5344620_AGTATCTGTCTAGGTCCTAGTCTGTAC,0,sorafenib
Data18_GSM5344620_AGTATCTGTGACCTTAGAACTGAATTC,0,sorafenib
Data18_GSM5344620_AGTATCTGTGTGCAGTAATGTATGCGA,0,sorafenib
Data18_GSM5344620_AGTATTACCCAAGACCTATGCATAGTA,0,sorafenib
Data18_GSM5344620_AGTATTACCTACTAGTCAGGTTGGACA,0,sorafenib
Data18_GSM5344620_AGTGGCTAAACACATGTCCAGCCTGGC,0,sorafenib
Data18_GSM5344620_AGTGGCTAACACTCGAGAAACAGAAAC,0,sorafenib
Data18_GSM5344620_AGTGGCTAATATAGCCCTGCTATGGAA,0,sorafenib
Data18_GSM5344620_AGTTAGATGCACTTATGTTCCTCAATA,0,sorafenib
Data18_GSM5344620_ATACTTAGGAGGCAGCTACACGATCCG,0,sorafenib
Data18_GSM5344620_ATACTTAGGCACTTATGTAGTTGCATC,0,sorafenib
Data18_GSM5344620_ATACTTAGGGTGTGTCGAGAACGACAA,0,sorafenib
Data18_GSM5344620_ATACTTAGGTAGAACACAGATAGAGGA,0,sorafenib
Data18_GSM5344620_ATACTTAGGTTGCGTACAGGCTACAGA,0,sorafenib
Data18_GSM5344620_ATAGACGAGAAACTGCGCACAGGCTCC,0,sorafenib
Data18_GSM5344620_ATAGACGAGATTACCAAGAAAGAGGCC,0,sorafenib
Data18_GSM5344620_ATAGACGAGGACCTTAGAGCAACATTA,0,sorafenib
Data18_GSM5344620_ATAGACGAGGCCAATGTACGTCTAGGT,0,sorafenib
Data18_GSM5344620_ATAGACGAGGTGCAGTAAATCGAGTCT,0,sorafenib
Data18_GSM5344620_ATAGACGAGTGACAGACAGATCTCTTA,0,sorafenib
Data18_GSM5344620_ATCAGAGCTAACCCTCGGCAGGGAGGG,0,sorafenib
Data18_GSM5344620_ATCAGAGCTAATCAGTTTAAGGCCGCA,0,sorafenib
Data18_GSM5344620_ATCAGAGCTACCTGAGTCAAAGTCATT,0,sorafenib
Data18_GSM5344620_ATCAGAGCTACGATGAATGAACGACAA,0,sorafenib
Data18_GSM5344620_ATCAGAGCTACTTGATGAGGCACAACA,0,sorafenib
Data18_GSM5344620_ATCAGAGCTCACCTACCCGATAGAGGA,0,sorafenib
Data18_GSM5344620_ATCAGAGCTCGTTCGGTAACGTGGGAG,0,sorafenib
Data18_GSM5344620_ATCAGAGCTCTAGGTCCTGAACGACAA,0,sorafenib
Data18_GSM5344620_ATCAGAGCTCTAGGTCCTGATCAGCGA,0,sorafenib
Data18_GSM5344620_ATCAGAGCTGACCTTAGAAAGGGTCAG,0,sorafenib
Data18_GSM5344620_ATCAGAGCTGACCTTAGAAGTTGCATC,0,sorafenib
Data18_GSM5344620_ATCAGAGCTGCCTGTTCAAAATGGAGG,0,sorafenib
Data18_GSM5344620_ATCAGAGCTTACTAGTCAGTCTTGGCA,0,sorafenib
Data18_GSM5344620_ATCCCGGAGAAATAAATATGTCTATCA,0,sorafenib
Data18_GSM5344620_ATCCCGGAGAACCAAAGTAACGTGTGA,0,sorafenib
Data18_GSM5344620_ATCCCGGAGAACCAAAGTAGCCTGGTT,0,sorafenib
Data18_GSM5344620_ATCCCGGAGAATCAGTTTAACAACGCG,0,sorafenib
Data18_GSM5344620_ATCCCGGAGACGACCACCAACAGAAAC,0,sorafenib
Data18_GSM5344620_ATCCCGGAGACGCGAAGCCTCAAGACA,0,sorafenib
Data18_GSM5344620_ATCCCGGAGATCAACCGACAACGATCT,0,sorafenib
Data18_GSM5344620_ATCCCGGAGGGAATGATAGATAGAGGA,0,sorafenib
Data18_GSM5344620_ATCCCGGAGGTGCAGTAACTACATGCG,0,sorafenib
Data18_GSM5344620_ATCCCGGAGTACTAGTCAGCAACATTA,0,sorafenib
Data18_GSM5344620_ATCCCGGAGTAGTGACTACATGAATGA,0,sorafenib
Data18_GSM5344620_ATCTCCACAACTTTAACTGAACGACAA,0,sorafenib
Data18_GSM5344620_ATCTCCACAAGGCAGCTAGAACGACAA,0,sorafenib
Data18_GSM5344620_ATCTCCACAAGGCAGCTAGATCTCTTA,0,sorafenib
Data18_GSM5344620_ATCTCCACAGCATGGCTAGGTGAGTTA,0,sorafenib
Data18_GSM5344620_ATCTCCACAGTGTGTCGAAAGTTTACG,0,sorafenib
Data18_GSM5344620_ATCTCCACATACAGGATATCTCGGTTA,0,sorafenib
Data18_GSM5344620_ATCTCCACATCATTGAGACTGTACGGA,0,sorafenib
Data18_GSM5344620_ATGGATCCAACAATATGGCGTACTACG,0,sorafenib
Data18_GSM5344620_ATGGATCCAACACATGTCCAATAGGGT,0,sorafenib
Data18_GSM5344620_ATGGATCCAACCTGAGTCTCTCACGGA,0,sorafenib
Data18_GSM5344620_ATGGATCCAACTGTTAGAAAAGTCATT,0,sorafenib
Data18_GSM5344620_ATGGATCCAACTTCGAGCCACGATCCG,0,sorafenib
Data18_GSM5344620_ATGGATCCAATTAGGCATCTCAAGACA,0,sorafenib
Data18_GSM5344620_ATGGATCCACACTCGAGACAACCTCCA,0,sorafenib
Data18_GSM5344620_ATGGATCCAGATTCATCACAAACGTGG,0,sorafenib
Data18_GSM5344620_ATGGATCCAGGAATGATAATCATTCTG,0,sorafenib
Data18_GSM5344620_ATGGATCCATACTAGTCAAAGGCCGCA,0,sorafenib
Data18_GSM5344620_ATGGATCCATAGGGATACAAATTACAG,0,sorafenib
Data18_GSM5344620_ATGGATCCATCATCCTAACTAGATAGA,0,sorafenib
Data18_GSM5344620_ATGGATCCATTGCGTACAACAACTAGT,0,sorafenib
Data18_GSM5344620_ATGTAATGGAACTCATTGACTGAATTC,0,sorafenib
Data18_GSM5344620_ATGTAATGGAAGCTACTTAAGGCCGCA,0,sorafenib
Data18_GSM5344620_ATGTAATGGACGACCACCCGTACTACG,0,sorafenib
Data18_GSM5344620_ATGTAATGGCCGTATCTAACTGAATTC,0,sorafenib
Data18_GSM5344620_ATGTAATGGTACAGGATAGCTATGGAA,0,sorafenib
Data18_GSM5344620_ATGTAATGGTTCCATTGAAGTAATTAG,0,sorafenib
Data18_GSM5344620_ATTAAGTGCAAACTGCGCGATAGAGGA,0,sorafenib
Data18_GSM5344620_ATTAAGTGCAACCAAAGTGGTGAGTTA,0,sorafenib
Data18_GSM5344620_ATTAAGTGCACAATATGGAAGGGAACT,0,sorafenib
Data18_GSM5344620_ATTAAGTGCACTGTTAGAAAAGAGGCC,0,sorafenib
Data18_GSM5344620_ATTAAGTGCATTACCAAGTCCGTCTTA,0,sorafenib
Data18_GSM5344620_ATTAAGTGCCACCAGGTAACGAACCAG,0,sorafenib
Data18_GSM5344620_ATTAAGTGCCGTTCGGTACAGGGAGGG,0,sorafenib
Data18_GSM5344620_ATTAAGTGCTACTAGTCAAAAGTCATT,0,sorafenib
Data18_GSM5344620_ATTATTACCAACCCTCGGAAATGGAGG,0,sorafenib
Data18_GSM5344620_ATTATTACCACTTGATGATGCATAGTA,0,sorafenib
Data18_GSM5344620_ATTATTACCCAAGACCTAGCTATGGAA,0,sorafenib
Data18_GSM5344620_ATTATTACCCAAGACCTATGCATAGTA,0,sorafenib
Data18_GSM5344620_ATTATTACCTACTAGTCAGGTTGGACA,0,sorafenib
Data18_GSM5344620_ATTATTACCTCATTGAGACAAGTAGAA,0,sorafenib
Data18_GSM5344620_ATTATTACCTTGGAGGTACAGGGAGGG,0,sorafenib
Data18_GSM5344620_ATTGGCTAAAAGAGTAGACATAGGTCA,0,sorafenib
Data18_GSM5344620_ATTGGCTAAACACATGTCCAGCCTGGC,0,sorafenib
Data18_GSM5344620_ATTGGCTAAATCAACCGAAATGTATCG,0,sorafenib
Data18_GSM5344620_ATTGGCTAACAAGACCTATCTCACGGA,0,sorafenib
Data18_GSM5344620_ATTGGCTAACACTCGAGAAACAGAAAC,0,sorafenib
Data18_GSM5344620_ATTGGCTAAGTGCAGTAAGATCTCTTA,0,sorafenib
Data18_GSM5344620_ATTGGCTAATATAGCCCTGCTATGGAA,0,sorafenib
Data18_GSM5344620_ATTTAGATGAAACGTACCCACGATCCG,0,sorafenib
Data18_GSM5344620_ATTTAGATGACGCGAAGCCAATAGGGT,0,sorafenib
Data18_GSM5344620_ATTTAGATGAGTGTTGTCATCGAGTCT,0,sorafenib
Data18_GSM5344620_ATTTAGATGATTCATCGTAACAGAAAC,0,sorafenib
Data18_GSM5344620_ATTTAGATGCACTTATGTTCCTCAATA,0,sorafenib
Data18_GSM5344620_ATTTAGATGGACACTTAATTCAGCTCA,0,sorafenib
Data18_GSM5344620_ATTTAGATGGAGTGCGAACTGTACGGA,0,sorafenib
Data18_GSM5344620_ATTTAGATGTCATCCTAACTCAAGACA,0,sorafenib
Data18_GSM5344620_ATTTAGATGTGTGAAGAACAATAGGGT,0,sorafenib
Data18_GSM5344620_ATTTAGATGTTCCATTGAAATTCGGCG,0,sorafenib
Data18_GSM5344620_CAAACCGCCAAATAAATAGTTAGCCTA,0,sorafenib
Data18_GSM5344620_CAAACCGCCAACTCATTGAACATCCAT,0,sorafenib
Data18_GSM5344620_CAAACCGCCACCAAAATGGAACGACAA,0,sorafenib
Data18_GSM5344620_CAAACCGCCCAAGACCTACATAACGTT,0,sorafenib
Data18_GSM5344620_CAAACCGCCGGAATGATAGATAGAGGA,0,sorafenib
Data18_GSM5344620_CAAACCGCCTACAGGATAGGTGAGTTA,0,sorafenib
Data18_GSM5344620_CAAACCGCCTTGGAGGTAAAATTACAG,0,sorafenib
Data18_GSM5344620_CAAAGGCACGACCTTAGAGATAGAGGA,0,sorafenib
Data18_GSM5344620_CAAAGGCACTAGTGACTACTATCATGA,0,sorafenib
Data18_GSM5344620_CAAAGGGTGAACCAAAGTTGTATGCGA,0,sorafenib
Data18_GSM5344620_CAAAGGGTGTTGCGTACAATCATTCTG,0,sorafenib
Data18_GSM5344620_CAAAGTGTGAACCAAAGTTGTATGCGA,0,sorafenib
Data18_GSM5344620_CAAAGTGTGACTATCCTCACTCCAGGG,0,sorafenib
Data18_GSM5344620_CAAAGTGTGATCCAACCGCATGAATGA,0,sorafenib
Data18_GSM5344620_CAAAGTGTGCACTCGAGATCTCACGGA,0,sorafenib
Data18_GSM5344620_CAAAGTGTGCAGCACTTCAGCCGCAAG,0,sorafenib
Data18_GSM5344620_CAAAGTGTGTACAGGATAATCGAGTCT,0,sorafenib
Data18_GSM5344620_CAAAGTGTGTTGCGTACAATCATTCTG,0,sorafenib
Data18_GSM5344620_CAACAGATTGGAGTCTAAGATAGAGGA,0,sorafenib
Data18_GSM5344620_CAACATATTAACCAAAGTACAGTAAAC,0,sorafenib
Data18_GSM5344620_CAACATATTACAATATGGACAAACTTT,0,sorafenib
Data18_GSM5344620_CAACATATTACAGTGGTACTAGATAGA,0,sorafenib
Data18_GSM5344620_CAACATATTAGAGGACCATGTCTATCA,0,sorafenib
Data18_GSM5344620_CAACATATTAGCGACACCTGAAGCCAA,0,sorafenib
Data18_GSM5344620_CAACATATTAGGGCTGGTGCAACATTA,0,sorafenib
Data18_GSM5344620_CAACATATTGCCAATGTAACAAGTGCA,0,sorafenib
Data18_GSM5344620_CAACATATTGGAGGCTAAGATAGAGGA,0,sorafenib
Data18_GSM5344620_CAACATATTGGAGTCTAAGATAGAGGA,0,sorafenib
Data18_GSM5344620_CAACATATTTGTTCTCCAGTAGAAGCA,0,sorafenib
Data18_GSM5344620_CAAGCAAGCAACTCATTGAAGCCTTCT,0,sorafenib
Data18_GSM5344620_CAAGCAAGCAGAGGACCAAAGCCTTCT,0,sorafenib
Data18_GSM5344620_CAAGCAAGCATTCATCGTACTCATACG,0,sorafenib
Data18_GSM5344620_CAAGCAAGCCACCCAAAGATATTGTAA,0,sorafenib
Data18_GSM5344620_CAAGCAAGCCACTCGAGAGCTATGGAA,0,sorafenib
Data18_GSM5344620_CAAGCAAGCCAGTGCCCGGGTTGGACA,0,sorafenib
Data18_GSM5344620_CAAGCAAGCCTAGGTCCTGTTAGCCTA,0,sorafenib
Data18_GSM5344620_CAAGCAAGCGACACTTAACTGTACGGA,0,sorafenib
Data18_GSM5344620_CAAGCAAGCGTACATCTACTGTACGGA,0,sorafenib
Data18_GSM5344620_CAAGCAAGCTGTGAAGAACAACCTCCA,0,sorafenib
Data18_GSM5344620_CAAGCAAGCTTGCGTACATTCAGCTCA,0,sorafenib
Data18_GSM5344620_CACACACTAACACATGTCACAAGTGCA,0,sorafenib
Data18_GSM5344620_CACACACTAACCAGGTGTAATGTATCG,0,sorafenib
Data18_GSM5344620_CACACACTAAGTGTTGTCGTAGAAGCA,0,sorafenib
Data18_GSM5344620_CACACACTAATGAGTTACAAGGGAACT,0,sorafenib
Data18_GSM5344620_CACACACTACACCCAAAGATGGGACTC,0,sorafenib
Data18_GSM5344620_CACACACTAGGAATGATAAAATGGAGG,0,sorafenib
Data18_GSM5344620_CACACACTATAGTCTTGACATAACGTT,0,sorafenib
Data18_GSM5344620_CACATTGCAAACCAAAGTTGTATGCGA,0,sorafenib
Data18_GSM5344620_CACATTGCAAGGTTCGCTATATTGTAA,0,sorafenib
Data18_GSM5344620_CACATTGCACACCTACCCTCTCGGTTA,0,sorafenib
Data18_GSM5344620_CACATTGCACCATGCACATTCAGCTCA,0,sorafenib
Data18_GSM5344620_CACATTGCAGCCTGTTCAAACGTGTGA,0,sorafenib
Data18_GSM5344620_CACATTGCATAGTGACTACGTACTACG,0,sorafenib
Data18_GSM5344620_CACATTGCATATAGCCCTAGCCTGGTT,0,sorafenib
Data18_GSM5344620_CAGAAGCGTACGACCACCCTATTAGCC,0,sorafenib
Data18_GSM5344620_CAGAAGCGTCAGAAATCGCGTCTAGGT,0,sorafenib
Data18_GSM5344620_CAGAAGCGTTAGGGATACAATTCGGCG,0,sorafenib
Data18_GSM5344620_CAGAATCGTAAGGACTATACAAACTTT,0,sorafenib
Data18_GSM5344620_CAGAATCGTAATTATAACTGTCTATCA,0,sorafenib
Data18_GSM5344620_CAGAATCGTACGACCACCCTATTAGCC,0,sorafenib
Data18_GSM5344620_CAGAATCGTCAGAAATCGCGTCTAGGT,0,sorafenib
Data18_GSM5344620_CAGAATCGTCAGTGCCCGAACAACGCG,0,sorafenib
Data18_GSM5344620_CAGAATCGTGACCTTAGACAAACGTGG,0,sorafenib
Data18_GSM5344620_CAGAATCGTGCATGGCTACAGGCATTT,0,sorafenib
Data18_GSM5344620_CAGAATCGTTAGGGATACAATTCGGCG,0,sorafenib
Data18_GSM5344620_CAGAATCGTTTCCATTGAAAATGGAGG,0,sorafenib
Data18_GSM5344620_CAGCAAGATAAACTGCGCAAGCCTTCT,0,sorafenib
Data18_GSM5344620_CAGCAAGATACTTTAACTTCTCGGTTA,0,sorafenib
Data18_GSM5344620_CAGCAAGATATTAGGCATAAAGAGGCC,0,sorafenib
Data18_GSM5344620_CAGCAAGATATTAGGCATACAAGTGCA,0,sorafenib
Data18_GSM5344620_CAGCAAGATCAATTGATCTCAGATTCA,0,sorafenib
Data18_GSM5344620_CAGCAAGATCAGAAATCGGTTAGCCTA,0,sorafenib
Data18_GSM5344620_CAGCAAGATCAGCACTTCTACTTCGGA,0,sorafenib
Data18_GSM5344620_CAGCAAGATGATTCATCATCTACGACA,0,sorafenib
Data18_GSM5344620_CAGCAAGATGCATGGCTAGCAACATTA,0,sorafenib
Data18_GSM5344620_CAGCAAGATGCTAACTCAAATTACCGG,0,sorafenib
Data18_GSM5344620_CAGCAAGATGCTAACTCACTAGATAGA,0,sorafenib
Data18_GSM5344620_CAGCAAGATGCTAACTTACTAGATAGA,0,sorafenib
Data18_GSM5344620_CAGCAAGATGGAGTCTAATGCATAGTA,0,sorafenib
Data18_GSM5344620_CAGCAAGATTAGTGACTAGGTGAGTTA,0,sorafenib
Data18_GSM5344620_CAGCAAGATTCATCCTAAGAACGACAA,0,sorafenib
Data18_GSM5344620_CAGCAAGATTTGCGTACACAAGTTTCC,0,sorafenib
Data18_GSM5344620_CAGCTGACAAAACTGCGCGCTCCTTGA,0,sorafenib
Data18_GSM5344620_CAGCTGACAACAGTGGTAGGTTGGACA,0,sorafenib
Data18_GSM5344620_CAGCTGACAAGGATTCAAAACAGAAAC,0,sorafenib
Data18_GSM5344620_CAGCTGACAATCAACCGAAAAGTCATT,0,sorafenib
Data18_GSM5344620_CAGCTGACACGTTCGGTAACTTACGAT,0,sorafenib
Data18_GSM5344620_CAGCTGACACTCTCTCAATGTCTATCA,0,sorafenib
Data18_GSM5344620_CAGCTGACAGCCAATGTATCCGTCTTA,0,sorafenib
Data18_GSM5344620_CAGCTGACATACTAGTCACAATACAAG,0,sorafenib
Data18_GSM5344620_CAGCTGACATTCCATTGAGGCTACAGA,0,sorafenib
Data18_GSM5344620_CAGGTGTAGAACTCATTGAACAACGCG,0,sorafenib
Data18_GSM5344620_CAGGTGTAGATCAACCGAAGTAATTAG,0,sorafenib
Data18_GSM5344620_CAGGTGTAGCAAGACCTAGGTGAGTTA,0,sorafenib
Data18_GSM5344620_CAGGTGTAGCAATTGATCCAAGTTTCC,0,sorafenib
Data18_GSM5344620_CAGGTGTAGTTGGAGGTAGATAGAGGA,0,sorafenib
Data18_GSM5344620_CAGTTTCACAAGAGTAGAGTCTTGGCA,0,sorafenib
Data18_GSM5344620_CAGTTTCACACAGTGGTACATAACGTT,0,sorafenib
Data18_GSM5344620_CAGTTTCACAGGCAGCTAAACGTGTGA,0,sorafenib
Data18_GSM5344620_CAGTTTCACCCGACAAGAATCGAGTCT,0,sorafenib
Data18_GSM5344620_CAGTTTCACGCTAACTCAGATCAGCGA,0,sorafenib
Data18_GSM5344620_CCACTGGGATGACAGACAAGTCTGTAC,0,sorafenib
Data18_GSM5344620_CCACTTGGAACACATGTCAGCTATGTG,0,sorafenib
Data18_GSM5344620_CCACTTGGAAGAGGACCACACGATCCG,0,sorafenib
Data18_GSM5344620_CCACTTGGAATGAGTTACATGGTCCGT,0,sorafenib
Data18_GSM5344620_CCACTTGGAATTACCAAGCTATCATGA,0,sorafenib
Data18_GSM5344620_CCACTTGGACACCAGGTAACGAACCAG,0,sorafenib
Data18_GSM5344620_CCACTTGGACAGAAATCGCAAGTAGAA,0,sorafenib
Data18_GSM5344620_CCACTTGGACTCTCTCAATGAAGCCAA,0,sorafenib
Data18_GSM5344620_CCACTTGGATCGTTAGCATCCGTCTTA,0,sorafenib
Data18_GSM5344620_CCACTTGGATGACAGACAAGTCTGTAC,0,sorafenib
Data18_GSM5344620_CCTAGGATACCGTATCTAAAATGGAGG,0,sorafenib
Data18_GSM5344620_CCTAGGATATAGGGATACAATTCGGCG,0,sorafenib
Data18_GSM5344620_CCTAGGATATAGTCTTGAATATTGTAA,0,sorafenib
Data18_GSM5344620_CCTAGGATATAGTCTTGACTAAGCTTC,0,sorafenib
Data18_GSM5344620_CCTAGGATATCATCCTAAGGTGAGTTA,0,sorafenib
Data18_GSM5344620_CCTAGTATAAAATAAATAGATGGTCCA,0,sorafenib
Data18_GSM5344620_CCTAGTATAAACCCTCGGAATTACCGG,0,sorafenib
Data18_GSM5344620_CCTAGTATAAATCAGTTTACAGGCTCC,0,sorafenib
Data18_GSM5344620_CCTAGTATAACCTGAGTCCTAAGCTTC,0,sorafenib
Data18_GSM5344620_CCTAGTATAACTTTAACTGCTCCTTGA,0,sorafenib
Data18_GSM5344620_CCTAGTATAATTCATCGTACAGTAAAC,0,sorafenib
Data18_GSM5344620_CCTAGTATACCGTATCTAAAATGGAGG,0,sorafenib
Data18_GSM5344620_CCTAGTATAGACACTTAAGTTAGCCTA,0,sorafenib
Data18_GSM5344620_CCTAGTATAGTACATCTATGTCTATCA,0,sorafenib
Data18_GSM5344620_CCTAGTATATAGGGATACAATTCGGCG,0,sorafenib
Data18_GSM5344620_CCTAGTATATAGTCTTGAATATTGTAA,0,sorafenib
Data18_GSM5344620_CCTAGTATATAGTCTTGACTAAGCTTC,0,sorafenib
Data18_GSM5344620_CCTAGTATATCATCCTAAGGTGAGTTA,0,sorafenib
Data18_GSM5344620_CCTAGTATATGTGAAGAATGAAGCCAA,0,sorafenib
Data18_GSM5344620_CCTGAGCAAAAACGTACCCGTACTACG,0,sorafenib
Data18_GSM5344620_CCTGAGCAAAAGCTACTTCTACATGCG,0,sorafenib
Data18_GSM5344620_CCTGAGCAAAATCAGTTTCTAAGCTTC,0,sorafenib
Data18_GSM5344620_CCTGAGCAAACCAAAATGAGTAATTAG,0,sorafenib
Data18_GSM5344620_CCTGAGCAAATCCAACCGTCCTCAATA,0,sorafenib
Data18_GSM5344620_CCTGAGCAACAATTGATCCACGATCCG,0,sorafenib
Data18_GSM5344620_CCTGAGCAACACTTATGTTCCTCAATA,0,sorafenib
Data18_GSM5344620_CCTGAGCAACACTTATGTTCTCGGTTA,0,sorafenib
Data18_GSM5344620_CCTGAGCAACAGTGCCCGATCATTCTG,0,sorafenib
Data18_GSM5344620_CCTGAGCAAGCTAACTCACAAACGTGG,0,sorafenib
Data18_GSM5344620_CCTGAGCAATAGAACACAATGGGACTC,0,sorafenib
Data18_GSM5344620_CCTGAGCAATATAGCCCTAAATGGAGG,0,sorafenib
Data18_GSM5344620_CGAACTCGCAGAGGACCACTCAAGACA,0,sorafenib
Data18_GSM5344620_CGAACTCGCAGTGAAAGGACATTCGGC,0,sorafenib
Data18_GSM5344620_CGAACTCGCGGAATGATACAATAGGGT,0,sorafenib
Data18_GSM5344620_CGAACTCGCTAGGGATACCAGGGAGGG,0,sorafenib
Data18_GSM5344620_CGACAGAACAATCAGTTTGATAGAGGA,0,sorafenib
Data18_GSM5344620_CGATGAAATACTTTAACTGGCACAACA,0,sorafenib
Data18_GSM5344620_CGATGAAATAGGTTCGCTACGTGGGAG,0,sorafenib
Data18_GSM5344620_CGGTCCAGGAATTATAACAGTAATTAG,0,sorafenib
Data18_GSM5344620_CGGTCCAGGACCAGGTGTAGTCTGTAC,0,sorafenib
Data18_GSM5344620_CGGTCCAGGACTATCCTCGTAGAAGCA,0,sorafenib
Data18_GSM5344620_CGGTCCAGGACTTCGAGCCTGTACGGA,0,sorafenib
Data18_GSM5344620_CGGTCCAGGACTTGATGAACAACTAGT,0,sorafenib
Data18_GSM5344620_CGGTCCAGGAGAATGGAGATATTGTAA,0,sorafenib
Data18_GSM5344620_CGGTCCAGGAGAGGACCAGAACGACAA,0,sorafenib
Data18_GSM5344620_CGGTCCAGGATTAGGCATACTGAATTC,0,sorafenib
Data18_GSM5344620_CGGTCCAGGCAATTGATCTCTACGACA,0,sorafenib
Data18_GSM5344620_CGGTCCAGGCAGTGCCCGAAGGCCGCA,0,sorafenib
Data18_GSM5344620_CGGTCCAGGCGTTCGGTAATGGGACTC,0,sorafenib
Data18_GSM5344620_CGGTCCAGGGCCAATGTAAATAAACAA,0,sorafenib
Data18_GSM5344620_CGGTCCAGGTATAGCCCTTCTACGACA,0,sorafenib
Data18_GSM5344620_CGTGTACTAACCAAAATGAGTTGTTCT,0,sorafenib
Data18_GSM5344620_CGTTACTAAAAGCTACTTATATTGTAA,0,sorafenib
Data18_GSM5344620_CGTTACTAAACCAAAATGCTAAGCTTC,0,sorafenib
Data18_GSM5344620_CGTTACTAAACTTGATGAACGAACCAG,0,sorafenib
Data18_GSM5344620_CGTTACTAAACTTTAACTACAAGTGCA,0,sorafenib
Data18_GSM5344620_CGTTACTAAAGGAGGCGCGATCTCTTA,0,sorafenib
Data18_GSM5344620_CGTTACTAAAGGAGGCGCTGTCTATCA,0,sorafenib
Data18_GSM5344620_CGTTACTAAAGGTTCGCTATCATTCTG,0,sorafenib
Data18_GSM5344620_CGTTACTAAAGTGTTGTCCACGATCCG,0,sorafenib
Data18_GSM5344620_CGTTACTAAATCCTAGGACATAGGTCA,0,sorafenib
Data18_GSM5344620_CGTTACTAACAATTGATCAATTACCGG,0,sorafenib
Data18_GSM5344620_CTAACTCGCAACTCATTGCTCAAGACA,0,sorafenib
Data18_GSM5344620_CTAACTCGCAAGAGTAGAACAACTAGT,0,sorafenib
Data18_GSM5344620_CTAACTCGCACCAGGTGTGAACGACAA,0,sorafenib
Data18_GSM5344620_CTAACTCGCAGAGGACCACTCAAGACA,0,sorafenib
Data18_GSM5344620_CTAACTCGCAGTGAAAGGACATTCGGC,0,sorafenib
Data18_GSM5344620_CTAACTCGCAGTGTTGTCATGGTCCGT,0,sorafenib
Data18_GSM5344620_CTAACTCGCCAACAACGGCAGGGAGGG,0,sorafenib
Data18_GSM5344620_CTAACTCGCCACCTACCCTGCATAGTA,0,sorafenib
Data18_GSM5344620_CTAACTCGCCTCTCTCAAGGTGAGTTA,0,sorafenib
Data18_GSM5344620_CTAACTCGCGGAATGATACAATAGGGT,0,sorafenib
Data18_GSM5344620_CTAACTCGCTAGGGATACACTGAATTC,0,sorafenib
Data18_GSM5344620_CTAACTCGCTAGGGATACCAGGGAGGG,0,sorafenib
Data18_GSM5344620_CTACAGAACAACTCATTGCTAGATAGA,0,sorafenib
Data18_GSM5344620_CTACAGAACAATCAGTTTGATAGAGGA,0,sorafenib
Data18_GSM5344620_CTACAGAACACACATGTCCAGGCATTT,0,sorafenib
Data18_GSM5344620_CTACAGAACACTTCGAGCCACAAGTAT,0,sorafenib
Data18_GSM5344620_CTACAGAACACTTGATGACGTCTAGGT,0,sorafenib
Data18_GSM5344620_CTACAGAACAGTGTTGTCACATTCGGC,0,sorafenib
Data18_GSM5344620_CTACAGAACATCCAACCGGATCTCTTA,0,sorafenib
Data18_GSM5344620_CTACAGAACTAGTCTTGAGTTAGCCTA,0,sorafenib
Data18_GSM5344620_CTATGAAATAAATAAATAGTCTTGGCA,0,sorafenib
Data18_GSM5344620_CTATGAAATAAGCTACTTGGTGAGTTA,0,sorafenib
Data18_GSM5344620_CTATGAAATACAGTGGTAAAAGTCATT,0,sorafenib
Data18_GSM5344620_CTATGAAATACTTTAACTGGCACAACA,0,sorafenib
Data18_GSM5344620_CTATGAAATAGGTTCGCTACGTGGGAG,0,sorafenib
Data18_GSM5344620_CTATGAAATCACCCAAAGCAACCTCCA,0,sorafenib
Data18_GSM5344620_CTATGAAATCACTTATGTGTAGAAGCA,0,sorafenib
Data18_GSM5344620_CTATGAAATCGTTCGGTACAACCTCCA,0,sorafenib
Data18_GSM5344620_CTATGAAATCTAGGTCCTCAGGGAGGG,0,sorafenib
Data18_GSM5344620_CTATGAAATTAGAACACACTAAGCTTC,0,sorafenib
Data18_GSM5344620_CTTCACATAAATCCTGAATGTCTATCA,0,sorafenib
Data18_GSM5344620_CTTCACATAACGATGAATACAAACTTT,0,sorafenib
Data18_GSM5344620_CTTCACATAAGCTGCCGTAACGTGTGA,0,sorafenib
Data18_GSM5344620_CTTCACATAAGTGAAAGGATATTGTAA,0,sorafenib
Data18_GSM5344620_CTTCACATACACAAAGGCCTAGATAGA,0,sorafenib
Data18_GSM5344620_CTTCACATACACCCAAAGGTAGAAGCA,0,sorafenib
Data18_GSM5344620_CTTCACATACGTTCGGTACAACCTCCA,0,sorafenib
Data18_GSM5344620_CTTCACATAGACCTTAGAACTCCAGGG,0,sorafenib
Data18_GSM5344620_CTTCACATATCATTGAGAATGGGACTC,0,sorafenib
Data18_GSM5344620_CTTCACATATGACAGACAACTTACGAT,0,sorafenib
Data18_GSM5344620_CTTGTACTAACACATGTCAACATCCAT,0,sorafenib
Data18_GSM5344620_CTTGTACTAACCAAAATGAGTTGTTCT,0,sorafenib
Data18_GSM5344620_CTTGTACTAAGTGTTGTCAGCTATGTG,0,sorafenib
Data18_GSM5344620_CTTGTACTACAATTGATCACACCTTAG,0,sorafenib
Data18_GSM5344620_CTTGTACTACACTTATGTTGAAGCCAA,0,sorafenib
Data18_GSM5344620_CTTGTACTACCATGCACATCTACGACA,0,sorafenib
Data18_GSM5344620_CTTGTACTAGCCTGTTCAAGTCTGTAC,0,sorafenib
Data18_GSM5344620_CTTGTACTATACAGGATAAGTTGCATC,0,sorafenib
Data18_GSM5344620_CTTGTACTATGTTCTCCAAGTCTGTAC,0,sorafenib
Data18_GSM5344620_GAACATATTGGAGTCTAAGATAGAGGA,0,sorafenib
Data18_GSM5344620_GAAGCAAGCATTCATCGTACTCATACG,0,sorafenib
Data18_GSM5344620_GAAGCAAGCGTACATCTACTGTACGGA,0,sorafenib
Data18_GSM5344620_GAATCTGTAACGATGAATCAACCTCCA,0,sorafenib
Data18_GSM5344620_GAATCTGTAACTATCCTCTACTTCGGA,0,sorafenib
Data18_GSM5344620_GAATCTGTAAGGATTCAACTACATGCG,0,sorafenib
Data18_GSM5344620_GAATCTGTACACCAGGTAACAAGTGCA,0,sorafenib
Data18_GSM5344620_GAATCTGTAGATTCATCAAAGGGAACT,0,sorafenib
Data18_GSM5344620_GAATCTGTAGCCAATGTAATGGTCCGT,0,sorafenib
Data18_GSM5344620_GAATCTGTATGACAGACAACGTGGGAG,0,sorafenib
Data18_GSM5344620_GAATCTGTATGTTCTCCACAATACAAG,0,sorafenib
Data18_GSM5344620_GACACACTAATGAGTTACAAGGGAACT,0,sorafenib
Data18_GSM5344620_GACGGATTAAAACTGCGCAACAACGCG,0,sorafenib
Data18_GSM5344620_GACGGATTAAATTATAACCAGGCATTT,0,sorafenib
Data18_GSM5344620_GACGGATTAACGATGAATATCGAGTCT,0,sorafenib
Data18_GSM5344620_GACGGATTAAGGCAGCTACAATACAAG,0,sorafenib
Data18_GSM5344620_GACGGATTACACCAGGTAACGTGGGAG,0,sorafenib
Data18_GSM5344620_GACGGATTACAGCACTTCCTACATGCG,0,sorafenib
Data18_GSM5344620_GACGGATTACAGTGCCCGCACGATCCG,0,sorafenib
Data18_GSM5344620_GACGGATTACTTGCTTCAACAGGCTCC,0,sorafenib
Data18_GSM5344620_GACGGATTAGACCTTAGAAATTACCGG,0,sorafenib
Data18_GSM5344620_GACGGATTATAGGGATACTCTACGACA,0,sorafenib
Data18_GSM5344620_GACGGATTATCATTGAGACTACATGCG,0,sorafenib
Data18_GSM5344620_GACGGATTATGTGAAGAAAAATGGAGG,0,sorafenib
Data18_GSM5344620_GACGGATTATGTTCTCCAAAGGCCGCA,0,sorafenib
Data18_GSM5344620_GAGAACATTGATGAACTGGTCTTGGCA,0,sorafenib
Data18_GSM5344620_GAGAACATTGTACATCTAGTCTTGGCA,0,sorafenib
Data18_GSM5344620_GAGAATCGTACGACCACCCTATTAGCC,0,sorafenib
Data18_GSM5344620_GAGAATCGTCAGAAATCGCGTCTAGGT,0,sorafenib
Data18_GSM5344620_GAGAATCGTTAGGGATACAATTCGGCG,0,sorafenib
Data18_GSM5344620_GAGAATTAGAAGAGTAGACTATTAGCC,0,sorafenib
Data18_GSM5344620_GAGAATTAGAGAATGGAGAAATTACAG,0,sorafenib
Data18_GSM5344620_GAGCAAGATACTTTAACTTCTCGGTTA,0,sorafenib
Data18_GSM5344620_GAGCAAGATATTAGGCATAAAGAGGCC,0,sorafenib
Data18_GSM5344620_GAGCAAGATCAATTGATCTCAGATTCA,0,sorafenib
Data18_GSM5344620_GAGCAAGATCAGCACTTCTACTTCGGA,0,sorafenib
Data18_GSM5344620_GAGCAAGATGCTAACTCAAATTACCGG,0,sorafenib
Data18_GSM5344620_GAGCAAGATTAGTGACTAGGTGAGTTA,0,sorafenib
Data18_GSM5344620_GAGCCAATAAAACGTACCAAGGGAACT,0,sorafenib
Data18_GSM5344620_GAGCCAATAAAACGTACCAGCCTGGTT,0,sorafenib
Data18_GSM5344620_GAGCCAATAACAATATGGGGTTGGACA,0,sorafenib
Data18_GSM5344620_GAGCCAATAACCAAAATGCTGTACGGA,0,sorafenib
Data18_GSM5344620_GAGCCAATACACCTACCCAAATGGAGG,0,sorafenib
Data18_GSM5344620_GAGCCAATACCGTATCTAACACCTTAG,0,sorafenib
Data18_GSM5344620_GAGCCAATAGAGTGCGAACTATTAGCC,0,sorafenib
Data18_GSM5344620_GAGCTGACAAAACTGCGCGCTCCTTGA,0,sorafenib
Data18_GSM5344620_GAGGACATTCTAGGTCCTCTAAGCTTC,0,sorafenib
Data18_GSM5344620_GAGGACATTGATGAACTGGTCTTGGCA,0,sorafenib
Data18_GSM5344620_GAGGACATTGTACATCTAGTCTTGGCA,0,sorafenib
Data18_GSM5344620_GAGGAGGGAAAATAAATAACTGAATTC,0,sorafenib
Data18_GSM5344620_GAGGAGGGAAGGAGGCGCGGCACAACA,0,sorafenib
Data18_GSM5344620_GAGGATGGAAAATAAATAACTGAATTC,0,sorafenib
Data18_GSM5344620_GAGGATGGAAATTATAACCAAGTTTCC,0,sorafenib
Data18_GSM5344620_GAGGATGGAACACATGTCCGTCTAGGT,0,sorafenib
Data18_GSM5344620_GAGGATGGAAGGAGGCGCGGCACAACA,0,sorafenib
Data18_GSM5344620_GAGGATGGACAGTGCCCGAAGGGAACT,0,sorafenib
Data18_GSM5344620_GAGGATTAGAAGAGTAGACTATTAGCC,0,sorafenib
Data18_GSM5344620_GAGGATTAGACCAGGTGTCTATTAGCC,0,sorafenib
Data18_GSM5344620_GAGGATTAGAGAATGGAGAAATTACAG,0,sorafenib
Data18_GSM5344620_GAGGATTAGAGCGACACCAATTACCGG,0,sorafenib
Data18_GSM5344620_GAGGATTAGGTGCAGTAAATGGGACTC,0,sorafenib
Data18_GSM5344620_GAGGATTAGTCATTGAGATGTCTATCA,0,sorafenib
Data18_GSM5344620_GAGGGATTAAGGCAGCTACAATACAAG,0,sorafenib
Data18_GSM5344620_GAGGTGCTAAAATAAATAAAGGCCGCA,0,sorafenib
Data18_GSM5344620_GAGGTGCTAACGCGAAGCACTTACGAT,0,sorafenib
Data18_GSM5344620_GAGGTGCTAAGAATGGAGCTAGATAGA,0,sorafenib
Data18_GSM5344620_GAGGTGCTAAGAGGACCAGCTATGGAA,0,sorafenib
Data18_GSM5344620_GAGGTGCTAATCAACCGAAGTTGCATC,0,sorafenib
Data18_GSM5344620_GAGGTGCTAATCCAACCGTCTACGACA,0,sorafenib
Data18_GSM5344620_GAGGTGCTACCATGCACAATCGAGTCT,0,sorafenib
Data18_GSM5344620_GAGGTGCTATCATCCTAACACGATCCG,0,sorafenib
Data18_GSM5344620_GAGTACATTAGGAGGCGCGTCTTGGCA,0,sorafenib
Data18_GSM5344620_GAGTACATTCTAGGTCCTCTAAGCTTC,0,sorafenib
Data18_GSM5344620_GAGTACATTGACCTTAGACTAGATAGA,0,sorafenib
Data18_GSM5344620_GAGTACATTGATGAACTGGTCTTGGCA,0,sorafenib
Data18_GSM5344620_GAGTACATTGATTCATCAAAGTTTACG,0,sorafenib
Data18_GSM5344620_GAGTACATTGTACATCTAGTCTTGGCA,0,sorafenib
Data18_GSM5344620_GAGTACATTTCATTGAGAACTCATACG,0,sorafenib
Data18_GSM5344620_GAGTAGTAGAAGAGTAGACTATTAGCC,0,sorafenib
Data18_GSM5344620_GAGTATTAGAAGAGTAGACTATTAGCC,0,sorafenib
Data18_GSM5344620_GAGTATTAGACCAGGTGTCTATTAGCC,0,sorafenib
Data18_GSM5344620_GAGTATTAGAGAATGGAGAAATTACAG,0,sorafenib
Data18_GSM5344620_GAGTATTAGAGCGACACCAATTACCGG,0,sorafenib
Data18_GSM5344620_GAGTATTAGGTGCAGTAAATGGGACTC,0,sorafenib
Data18_GSM5344620_GAGTATTAGTCATTGAGATGTCTATCA,0,sorafenib
Data18_GSM5344620_GCAATCCGAAAATAAATACAATACAAG,0,sorafenib
Data18_GSM5344620_GCAATCCGAACTATCCTCCACGATCCG,0,sorafenib
Data18_GSM5344620_GCAATCCGAACTTGATGAACGTGGGAG,0,sorafenib
Data18_GSM5344620_GCAATCCGAAGGATTCAAACTACATAT,0,sorafenib
Data18_GSM5344620_GCAATCCGAGATTCATCAACGCTGTTG,0,sorafenib
Data18_GSM5344620_GCAATCCGAGATTCATCAACGTTGTTG,0,sorafenib
Data18_GSM5344620_GCAATCCGAGTACATCTAAACGTGTGA,0,sorafenib
Data18_GSM5344620_GCAATCCGAGTGCAGTAAAGTTGCATC,0,sorafenib
Data18_GSM5344620_GCAATCCGATATAGCCCTGATCAGCGA,0,sorafenib
Data18_GSM5344620_GCAATCCGATCATCCTAAGATCTCTTA,0,sorafenib
Data18_GSM5344620_GCACTGTCAAACTCATTGACACCTTAG,0,sorafenib
Data18_GSM5344620_GCACTGTCAAATCCTGAATCTCGGTTA,0,sorafenib
Data18_GSM5344620_GCACTGTCAACGATGAATGTCTTGGCA,0,sorafenib
Data18_GSM5344620_GCACTGTCAATTCATCGTGATGGTCCA,0,sorafenib
Data18_GSM5344620_GCACTGTCACAGTGCCCGACTCCAGGG,0,sorafenib
Data18_GSM5344620_GCACTGTCAGATGAACTGAGCCGCAAG,0,sorafenib
Data18_GSM5344620_GCACTGTCAGATGAACTGGTTAGCCTA,0,sorafenib
Data18_GSM5344620_GCCTTACAAAAATAAATACAACCTCCA,0,sorafenib
Data18_GSM5344620_GCCTTACAAAAGCTACTTGTAGAAGCA,0,sorafenib
Data18_GSM5344620_GCCTTACAAACTTTAACTCAACCTCCA,0,sorafenib
Data18_GSM5344620_GCCTTACAAAGGGCTGGTTGCATAGTA,0,sorafenib
Data18_GSM5344620_GCCTTACAAATTAGGCATAGCCGCAAG,0,sorafenib
Data18_GSM5344620_GCCTTACAAGAGTGCGAACAATAGGGT,0,sorafenib
Data18_GSM5344620_GCCTTACAATGACAGACAATGGGACTC,0,sorafenib
Data18_GSM5344620_GCGATGACAACTATCCTCCAAGTTTCC,0,sorafenib
Data18_GSM5344620_GCGATGACAACTTCGAGCAAGTTTACG,0,sorafenib
Data18_GSM5344620_GCGATGACAATTCATCGTTCTACGACA,0,sorafenib
Data18_GSM5344620_GCGATTACAACTATCCTCCAAGTTTCC,0,sorafenib
Data18_GSM5344620_GCGATTACAACTTCGAGCAAGTTTACG,0,sorafenib
Data18_GSM5344620_GCGATTACAAGATAGTTCGGTGAGTTA,0,sorafenib
Data18_GSM5344620_GCGATTACAATTAGGCATCTATCATGA,0,sorafenib
Data18_GSM5344620_GCGATTACAATTCATCGTTCTACGACA,0,sorafenib
Data18_GSM5344620_GCGATTACACAATTGATCAGCTATGTG,0,sorafenib
Data18_GSM5344620_GCGATTACACTCTCTCAAACAGGCTCC,0,sorafenib
Data18_GSM5344620_GCGATTACAGCTAACTCACACGATCCG,0,sorafenib
Data18_GSM5344620_GCGATTACAGTGCAGTAAAACATCCAT,0,sorafenib
Data18_GSM5344620_GCGATTACATATAGCCCTGTCTTGGCA,0,sorafenib
Data18_GSM5344620_GCTGCCAATAAACTGCGCGGCTACAGA,0,sorafenib
Data18_GSM5344620_GCTGCCAATAATCAGTTTCAGGGAGGG,0,sorafenib
Data18_GSM5344620_GCTGCCAATACAGTGGTATACTTCGGA,0,sorafenib
Data18_GSM5344620_GCTGCCAATACTTCGAGCCATGAATGA,0,sorafenib
Data18_GSM5344620_GCTGCCAATAGCTGCCGTAACAGAAAC,0,sorafenib
Data18_GSM5344620_GCTGCCAATAGGAGGCGCATCATTCTG,0,sorafenib
Data18_GSM5344620_GCTGCCAATAGGAGGCGCTGTATGCGA,0,sorafenib
Data18_GSM5344620_GCTGCCAATAGGCAGCTAACTGAATTC,0,sorafenib
Data18_GSM5344620_GCTGCCAATCACAAAGGCTTCAGCTCA,0,sorafenib
Data18_GSM5344620_GCTGCCAATCACCCAAAGCATAACGTT,0,sorafenib
Data18_GSM5344620_GCTGCCAATGATTCATCAAAAGTCATT,0,sorafenib
Data18_GSM5344620_GCTGCCAATTACTAGTCAAAGCCTTCT,0,sorafenib
Data18_GSM5344620_GGAATAGGAGATGAACTGCACAAGTAT,0,sorafenib
Data18_GSM5344620_GGAGTAGGAAATCCTGAATCTCGGTTA,0,sorafenib
Data18_GSM5344620_GGAGTAGGACCGACAAGACATAACGTT,0,sorafenib
Data18_GSM5344620_GGAGTAGGAGATGAACTGCACAAGTAT,0,sorafenib
Data18_GSM5344620_GGAGTAGGAGGAGTCTAACACGATCCG,0,sorafenib
Data18_GSM5344620_GGATTAGGAAATCCTGAATCTCGGTTA,0,sorafenib
Data18_GSM5344620_GGATTAGGACCGACAAGACATAACGTT,0,sorafenib
Data18_GSM5344620_GGATTAGGACGCTAAGCATGAAGCCAA,0,sorafenib
Data18_GSM5344620_GGATTAGGAGATGAACTGCACAAGTAT,0,sorafenib
Data18_GSM5344620_GGATTAGGAGCATGGCTACATAGGTCA,0,sorafenib
Data18_GSM5344620_GGATTAGGAGGAGTCTAACACGATCCG,0,sorafenib
Data18_GSM5344620_GGATTAGGAGGAGTCTAACATAGGTCA,0,sorafenib
Data18_GSM5344620_GGCAAGCAAAAATAAATATACTTCGGA,0,sorafenib
Data18_GSM5344620_GGCAAGCAAAGCGACACCCTGTACGGA,0,sorafenib
Data18_GSM5344620_GGCAAGCAAAGCTGCCGTACGCTGTTG,0,sorafenib
Data18_GSM5344620_GGCAAGCAAAGGGCTGGTCGTCTAGGT,0,sorafenib
Data18_GSM5344620_GGCAAGCAAGAGTGCGAATCAGATTCA,0,sorafenib
Data18_GSM5344620_GGCAAGCAATCATCCTAAAACAACGCG,0,sorafenib
Data18_GSM5344620_GGCAAGCAATCATCCTAACTACATGCG,0,sorafenib
Data18_GSM5344620_GGCAAGCAATCATTGAGAGATAGAGGA,0,sorafenib
Data18_GSM5344620_GGCAAGCAATTCCATTGAAATGTATCG,0,sorafenib
Data18_GSM5344620_GGCAAGCAATTCCATTGACGTCTAGGT,0,sorafenib
Data18_GSM5344620_GGCACACAGACTTGATGACAACCTCCA,0,sorafenib
Data18_GSM5344620_GGCGCTATAAATTATAACCTACATGCG,0,sorafenib
Data18_GSM5344620_GGCGCTATAGGAATGATAAGTCTGTAC,0,sorafenib
Data18_GSM5344620_GGGAAGCAAAGCGACACCCTGTACGGA,0,sorafenib
Data18_GSM5344620_GTCGCGATAGGAATGATAAGTCTGTAC,0,sorafenib
Data18_GSM5344620_GTCGCTATAAAGGACTATAAGGGTCAG,0,sorafenib
Data18_GSM5344620_GTCGCTATAAATTATAACCTACATGCG,0,sorafenib
Data18_GSM5344620_GTCGCTATAAGAATGGAGCAATAGGGT,0,sorafenib
Data18_GSM5344620_GTCGCTATAATCCAACCGCTATCATGA,0,sorafenib
Data18_GSM5344620_GTCGCTATACTTGCTTCACAGCCTGGC,0,sorafenib
Data18_GSM5344620_GTCGCTATAGCCAATGTAACAACTAGT,0,sorafenib
Data18_GSM5344620_GTCGCTATAGCTAACTCACAGGGAGGG,0,sorafenib
Data18_GSM5344620_GTCGCTATAGGAATGATAAGTCTGTAC,0,sorafenib
Data18_GSM5344620_GTCGCTATATGTTCTCCAATCATTCTG,0,sorafenib
Data18_GSM5344620_GTGTCCTTAAAACGTACCCATAGGTCA,0,sorafenib
Data18_GSM5344620_GTGTCCTTAAACCCTCGGTGCATAGTA,0,sorafenib
Data18_GSM5344620_GTGTCCTTAAATTATAACCAATACAAG,0,sorafenib
Data18_GSM5344620_GTGTCCTTACCGACAAGAAACAGAAAC,0,sorafenib
Data18_GSM5344620_TAAGCGTTAAAGGACTATGATCTCTTA,0,sorafenib
Data18_GSM5344620_TAAGCGTTAACAGTGGTAAACGTGTGA,0,sorafenib
Data18_GSM5344620_TAAGCGTTAACTGTTAGATCTACGACA,0,sorafenib
Data18_GSM5344620_TAAGCGTTAAGGCAGCTAGGTTGGACA,0,sorafenib
Data18_GSM5344620_TAAGCGTTAATCCAACCGCTAGATAGA,0,sorafenib
Data18_GSM5344620_TAAGCGTTACGCTAAGCAAGTTGTTCT,0,sorafenib
Data18_GSM5344620_TAAGCGTTAGATTCATCAAATTCGGCG,0,sorafenib
Data18_GSM5344620_TAAGCGTTAGTGCAGTAAAAAGTCATT,0,sorafenib
Data18_GSM5344620_TAAGCGTTATTGGTATGACAGCCTGGC,0,sorafenib
Data18_GSM5344620_TAAGTTCGAAAGGACTATGGCTACAGA,0,sorafenib
Data18_GSM5344620_TAAGTTCGAACGCGAAGCCTATTAGCC,0,sorafenib
Data18_GSM5344620_TAAGTTCGAAGAATGGAGGCTATGGAA,0,sorafenib
Data18_GSM5344620_TAAGTTCGAATCAACCGAAACAACGCG,0,sorafenib
Data18_GSM5344620_TAAGTTCGAATCAACCGAACTACATAT,0,sorafenib
Data18_GSM5344620_TAAGTTCGAATGAGTTACAAAGAGGCC,0,sorafenib
Data18_GSM5344620_TAAGTTCGACTTGCTTCACAACGATCT,0,sorafenib
Data18_GSM5344620_TAAGTTCGAGACACTTAAACAGTAAAC,0,sorafenib
Data18_GSM5344620_TAAGTTCGAGCCAATGTATCCGTCTTA,0,sorafenib
Data18_GSM5344620_TACCGAGCAAGATAGTTCAGCTATGTG,0,sorafenib
Data18_GSM5344620_TACCGAGCACAATTGATCCAGGGAGGG,0,sorafenib
Data18_GSM5344620_TACCGAGCACACCAGGTAGATGGTCCA,0,sorafenib
Data18_GSM5344620_TACCGAGCACAGAAATCGAATGTATCG,0,sorafenib
Data18_GSM5344620_TACCGAGCATACTAGTCAGAACGACAA,0,sorafenib
Data18_GSM5344620_TACCGAGCATCATCCTAACGTCTAGGT,0,sorafenib
Data18_GSM5344620_TAGCTGGTATACAGGATAAGTAATTAG,0,sorafenib
Data18_GSM5344620_TAGCTTGTAACAGTGGTAAAATGGAGG,0,sorafenib
Data18_GSM5344620_TAGCTTGTAACCAAAATGCAATAGGGT,0,sorafenib
Data18_GSM5344620_TAGCTTGTAACCAGGTGTACTTACGAT,0,sorafenib
Data18_GSM5344620_TAGCTTGTAAGGAGGCGCACGAACCAG,0,sorafenib
Data18_GSM5344620_TAGCTTGTAAGGGCTGGTGATCTCTTA,0,sorafenib
Data18_GSM5344620_TAGCTTGTAATTAGGCATCGTCTAGGT,0,sorafenib
Data18_GSM5344620_TAGCTTGTACAACAACGGAATAAACAA,0,sorafenib
Data18_GSM5344620_TAGCTTGTACCATGCACAGATCAGCGA,0,sorafenib
Data18_GSM5344620_TAGCTTGTAGCATGGCTACAGGCATTT,0,sorafenib
Data18_GSM5344620_TAGCTTGTATACAGGATAAGTAATTAG,0,sorafenib
Data18_GSM5344620_TATGTGGCAAAGGACTATACAGGCTCC,0,sorafenib
Data18_GSM5344620_TATGTGGCAAATCCTGAAAGTTGCATC,0,sorafenib
Data18_GSM5344620_TATGTGGCAAATTATAACGCTCCTTGA,0,sorafenib
Data18_GSM5344620_TATGTGGCAACGATGAATACATTCGGC,0,sorafenib
Data18_GSM5344620_TATGTGGCAACTTCGAGCAATTACCGG,0,sorafenib
Data18_GSM5344620_TATGTGGCACACAAAGGCAGTCTGTAC,0,sorafenib
Data18_GSM5344620_TATGTGGCACACTTATGTACAAGTGCA,0,sorafenib
Data18_GSM5344620_TATGTGGCACACTTATGTCATGAATGA,0,sorafenib
Data18_GSM5344620_TATGTGGCACTCTCTCAACGTCTAGGT,0,sorafenib
Data18_GSM5344620_TATGTGGCAGACACTTAAGCTCCTTGA,0,sorafenib
Data18_GSM5344620_TATGTGGCAGACACTTAATCCGTCTTA,0,sorafenib
Data18_GSM5344620_TATGTGGCATACTAGTCACAATACAAG,0,sorafenib
Data18_GSM5344620_TATGTGGCATAGGGATACGATAGAGGA,0,sorafenib
Data18_GSM5344620_TATGTGGCATAGTGACTAACAAACTTT,0,sorafenib
Data18_GSM5344620_TATGTGGCATGTGAAGAAATCGAGTCT,0,sorafenib
Data18_GSM5344620_TCAGGAGGAAATCAGTTTAGTCTGTAC,0,sorafenib
Data18_GSM5344620_TCAGGAGGAATCCTAGGATGAAGCCAA,0,sorafenib
Data18_GSM5344620_TCAGGAGGACAATTGATCACAAACTTT,0,sorafenib
Data18_GSM5344620_TCAGGAGGACACCAGGTAACTCATACG,0,sorafenib
Data18_GSM5344620_TCAGGAGGACTCTCTCAACAGGGAGGG,0,sorafenib
Data18_GSM5344620_TCAGGAGGAGACACTTAAGGTGAGTTA,0,sorafenib
Data18_GSM5344620_TCAGGAGGAGATTCATCAGCTATGGAA,0,sorafenib
Data18_GSM5344620_TCAGGAGGAGTGTGTCGAATATTGTAA,0,sorafenib
Data18_GSM5344620_TCAGGAGGATACAGGATAATCGAGTCT,0,sorafenib
Data18_GSM5344620_TCCAGGCGACAACAACGGCATAACGTT,0,sorafenib
Data18_GSM5344620_TCCAGGCGATTGGAGGTACAACCTCCA,0,sorafenib
Data18_GSM5344620_TCCAGTCGAAAGAGTAGACTATTAGCC,0,sorafenib
Data18_GSM5344620_TCCAGTCGAAAGCTACTTCAAACGTGG,0,sorafenib
Data18_GSM5344620_TCCAGTCGAAGCGACACCTCAGATTCA,0,sorafenib
Data18_GSM5344620_TCCAGTCGACAACAACGGCATAACGTT,0,sorafenib
Data18_GSM5344620_TCCAGTCGACAGCACTTCACATTCGGC,0,sorafenib
Data18_GSM5344620_TCCAGTCGACAGCACTTCGTTAGCCTA,0,sorafenib
Data18_GSM5344620_TCCAGTCGAGATGAACTGAACGTGTGA,0,sorafenib
Data18_GSM5344620_TCCAGTCGATACAGGATAAATAAACAA,0,sorafenib
Data18_GSM5344620_TCCAGTCGATACTAGTCATCTACGACA,0,sorafenib
Data18_GSM5344620_TCCAGTCGATCATTGAGACAGCCTGGC,0,sorafenib
Data18_GSM5344620_TCCAGTCGATTGGAGGTACAACCTCCA,0,sorafenib
Data18_GSM5344620_TCCAGTCGCAACAACGGCATAACGTT,0,sorafenib
Data18_GSM5344620_TCGAAGTGAAACTCATTGGATCTCTTA,0,sorafenib
Data18_GSM5344620_TCGAAGTGAAATCAGTTTCTCAAGACA,0,sorafenib
Data18_GSM5344620_TCGAAGTGAACTTGATGACACAAGTAT,0,sorafenib
Data18_GSM5344620_TCGAAGTGAACTTTAACTAAGTTTACG,0,sorafenib
Data18_GSM5344620_TCGAAGTGAAGAATGGAGACACCTTAG,0,sorafenib
Data18_GSM5344620_TCGAAGTGAAGAATGGAGGTCTTGGCA,0,sorafenib
Data18_GSM5344620_TCGAAGTGAAGTGTTGTCACGAACCAG,0,sorafenib
Data18_GSM5344620_TCGAAGTGACAACAACGGGGTTGGACA,0,sorafenib
Data18_GSM5344620_TCGAAGTGACAACAACGGGTCTTGGCA,0,sorafenib
Data18_GSM5344620_TCGAAGTGACTCTCTCAAAGCCGCAAG,0,sorafenib
Data18_GSM5344620_TCGAAGTGATACAGGATAAAGTTTACG,0,sorafenib
Data18_GSM5344620_TCGAAGTGATCATCCTAATCTCGGTTA,0,sorafenib
Data18_GSM5344620_TCGAAGTGATCATTGAGAGTCTTGGCA,0,sorafenib
Data18_GSM5344620_TCTCTTCAAACTTGATGAACAGGCTCC,0,sorafenib
Data18_GSM5344620_TCTCTTCAAAGTGTTGTCCAACCTCCA,0,sorafenib
Data18_GSM5344620_TCTCTTCAAGCATGGCTAAATTACCGG,0,sorafenib
Data18_GSM5344620_TCTCTTCAATAGTCTTGAACTCCAGGG,0,sorafenib
Data18_GSM5344620_TGCGAGCTAAAATAAATAAGTCTGTAC,0,sorafenib
Data18_GSM5344620_TGCGAGCTAACCAAAATGCACGATCCG,0,sorafenib
Data18_GSM5344620_TGCGAGCTAAGGGCTGGTAAATTACAG,0,sorafenib
Data18_GSM5344620_TGCGATCTAAAATAAATAAGTCTGTAC,0,sorafenib
Data18_GSM5344620_TGCGATCTAAAATAAATACGTCTAGGT,0,sorafenib
Data18_GSM5344620_TGCGATCTAACCAAAATGCACGATCCG,0,sorafenib
Data18_GSM5344620_TGCGATCTAAGCTGCCGTCTATTAGCC,0,sorafenib
Data18_GSM5344620_TGCGATCTAAGGGCTGGTAAATTACAG,0,sorafenib
Data18_GSM5344620_TGCGATCTACACCTACCCAAATTACAG,0,sorafenib
Data18_GSM5344620_TGCGATCTAGGAATGATAAATGTATCG,0,sorafenib
Data18_GSM5344620_TGCGATCTATAGTCTTGAAAATTACAG,0,sorafenib
Data18_GSM5344620_TGCGATCTATAGTCTTGACAGGCATTT,0,sorafenib
Data18_GSM5344620_TGCGATCTATATAGCCCTCGTACTACG,0,sorafenib
Data18_GSM5344620_TGCGATCTATCATCCTAAGGTGAGTTA,0,sorafenib
Data18_GSM5344620_TGCGATCTATTCCATTGAACTCCAGGG,0,sorafenib
Data18_GSM5344620_TGCGATCTATTGGTATGAAATAAACAA,0,sorafenib
Data18_GSM5344620_TGGCTCAGAAACTCATTGAAAGTCATT,0,sorafenib
Data18_GSM5344620_TGGCTCAGAACGACCACCCAAGTAGAA,0,sorafenib
Data18_GSM5344620_TGGCTCAGAAGGTTCGCTTCTACGACA,0,sorafenib
Data18_GSM5344620_TGGCTCAGAAGTGTTGTCACTACATAT,0,sorafenib
Data18_GSM5344620_TGGCTCAGACAATTGATCTCCGTCTTA,0,sorafenib
Data18_GSM5344620_TGGCTCAGACCGACAAGACAACCTCCA,0,sorafenib
Data18_GSM5344620_TGGCTCAGACTAGGTCCTGTTAGCCTA,0,sorafenib
Data18_GSM5344620_TGGCTCAGAGACACTTAAAGTTGCATC,0,sorafenib
Data18_GSM5344620_TGGCTCAGAGACCTTAGAACTACATAT,0,sorafenib
Data18_GSM5344620_TGGCTCAGAGGAGTCTAAAATTCGGCG,0,sorafenib
Data18_GSM5344620_TGTACCTTAACACATGTCACTCATACG,0,sorafenib
Data18_GSM5344620_TGTACCTTAACGCGAAGCGCTCCTTGA,0,sorafenib
Data18_GSM5344620_TGTACCTTAAGCGACACCTCCGTCTTA,0,sorafenib
Data18_GSM5344620_TGTACCTTAGATGAACTGCATGAATGA,0,sorafenib
Data18_GSM5344620_TGTACCTTATCATTGAGAGGTTGGACA,0,sorafenib
Data18_GSM5344620_TTGTTCCAAAAACTGCGCAGCTATGTG,0,sorafenib
Data18_GSM5344620_TTGTTCCAAAAACTGCGCTGTATGCGA,0,sorafenib
Data18_GSM5344620_TTGTTCCAAAATCCTGAAAAATGGAGG,0,sorafenib
Data18_GSM5344620_TTGTTCCAAACAATATGGATGGTCCGT,0,sorafenib
Data18_GSM5344620_TTGTTCCAAACCAAAATGAAGGGTCAG,0,sorafenib
Data18_GSM5344620_TTGTTCCAAACTATCCTCACAGTAAAC,0,sorafenib
Data18_GSM5344620_TTGTTCCAAACTATCCTCTGCATAGTA,0,sorafenib
Data18_GSM5344620_TTGTTCCAAAGAGGACCAAGCCGCAAG,0,sorafenib
Data18_GSM5344620_TTGTTCCAAAGCTGCCGTCTACATGCG,0,sorafenib
Data18_GSM5344620_TTGTTCCAACACTCGAGAACAAGTGCA,0,sorafenib
Data18_GSM5344621_C1,1,sorafenib
Data18_GSM5344621_C2,1,sorafenib
Data18_GSM5344621_C3,1,sorafenib
Data18_GSM5344621_C4,1,sorafenib
Data18_GSM5344621_C5,1,sorafenib
Data18_GSM5344621_C8,1,sorafenib
Data18_GSM5344621_Cb,1,sorafenib
Data18_GSM5344621_Cd,1,sorafenib
Data18_GSM5344621_Ce,1,sorafenib
Data18_GSM5344621_Cf,1,sorafenib
Data18_GSM5344621_C10,1,sorafenib
Data18_GSM5344621_C11,1,sorafenib
Data18_GSM5344621_C12,1,sorafenib
Data18_GSM5344621_C13,1,sorafenib
Data18_GSM5344621_C16,1,sorafenib
Data18_GSM5344621_C18,1,sorafenib
Data18_GSM5344621_C1b,1,sorafenib
Data18_GSM5344621_C1c,1,sorafenib
Data18_GSM5344621_C1d,1,sorafenib
Data18_GSM5344621_C1e,1,sorafenib
Data18_GSM5344621_C1f,1,sorafenib
Data18_GSM5344621_C21,1,sorafenib
Data18_GSM5344621_C22,1,sorafenib
Data18_GSM5344621_C24,1,sorafenib
Data18_GSM5344621_C25,1,sorafenib
Data18_GSM5344621_C27,1,sorafenib
Data18_GSM5344621_C28,1,sorafenib
Data18_GSM5344621_C29,1,sorafenib
Data18_GSM5344621_C2b,1,sorafenib
Data18_GSM5344621_C2c,1,sorafenib
Data18_GSM5344621_C2d,1,sorafenib
Data18_GSM5344621_C2f,1,sorafenib
Data18_GSM5344621_C30,1,sorafenib
Data18_GSM5344621_C31,1,sorafenib
Data18_GSM5344621_C32,1,sorafenib
Data18_GSM5344621_C33,1,sorafenib
Data18_GSM5344621_C35,1,sorafenib
Data18_GSM5344621_C3c,1,sorafenib
Data18_GSM5344621_C3d,1,sorafenib
Data18_GSM5344621_C3f,1,sorafenib
Data18_GSM5344621_C40,1,sorafenib
Data18_GSM5344621_C41,1,sorafenib
Data18_GSM5344621_C42,1,sorafenib
Data18_GSM5344621_C44,1,sorafenib
Data18_GSM5344621_C45,1,sorafenib
Data18_GSM5344621_C47,1,sorafenib
Data18_GSM5344621_C48,1,sorafenib
Data18_GSM5344621_C49,1,sorafenib
Data18_GSM5344621_C4b,1,sorafenib
Data18_GSM5344621_C4d,1,sorafenib
Data18_GSM5344621_C50,1,sorafenib
Data18_GSM5344621_C51,1,sorafenib
Data18_GSM5344621_C53,1,sorafenib
Data18_GSM5344621_C55,1,sorafenib
Data18_GSM5344621_C57,1,sorafenib
Data18_GSM5344621_C58,1,sorafenib
Data18_GSM5344621_C59,1,sorafenib
Data18_GSM5344621_C60,1,sorafenib
Data18_GSM5344621_C61,1,sorafenib
Data18_GSM5344621_C64,1,sorafenib
Data18_GSM5344621_C65,1,sorafenib
Data18_GSM5344621_C67,1,sorafenib
Data18_GSM5344621_C68,1,sorafenib
Data18_GSM5344621_C6b,1,sorafenib
Data18_GSM5344621_C6c,1,sorafenib
Data18_GSM5344621_C6d,1,sorafenib
Data18_GSM5344621_C6e,1,sorafenib
Data18_GSM5344621_C6f,1,sorafenib
Data18_GSM5344621_C70,1,sorafenib
Data18_GSM5344621_C71,1,sorafenib
Data18_GSM5344621_C72,1,sorafenib
Data18_GSM5344621_C74,1,sorafenib
Data18_GSM5344621_C76,1,sorafenib
Data18_GSM5344621_C78,1,sorafenib
Data18_GSM5344621_C79,1,sorafenib
Data18_GSM5344621_C7a,1,sorafenib
Data18_GSM5344621_C7b,1,sorafenib
Data18_GSM5344621_C7c,1,sorafenib
Data18_GSM5344621_C7d,1,sorafenib
Data18_GSM5344621_C7f,1,sorafenib
Data18_GSM5344621_C80,1,sorafenib
Data18_GSM5344621_C81,1,sorafenib
Data18_GSM5344621_C8a,1,sorafenib
Data18_GSM5344621_C8b,1,sorafenib
Data18_GSM5344621_C8c,1,sorafenib
Data18_GSM5344621_C8e,1,sorafenib
Data18_GSM5344621_C90,1,sorafenib
Data18_GSM5344621_C92,1,sorafenib
Data18_GSM5344621_C95,1,sorafenib
Data18_GSM5344621_C96,1,sorafenib
Data18_GSM5344621_C97,1,sorafenib
Data18_GSM5344621_C98,1,sorafenib
Data18_GSM5344621_C9a,1,sorafenib
Data18_GSM5344621_C9b,1,sorafenib
Data18_GSM5344621_C9c,1,sorafenib
Data18_GSM5344621_C9d,1,sorafenib
Data18_GSM5344621_C9f,1,sorafenib
Data18_GSM5344621_Ca1,1,sorafenib
Data18_GSM5344621_Ca2,1,sorafenib
Data18_GSM5344621_Ca3,1,sorafenib
Data18_GSM5344621_Ca4,1,sorafenib
Data18_GSM5344621_Ca5,1,sorafenib
Data18_GSM5344621_Ca6,1,sorafenib
Data18_GSM5344621_Ca7,1,sorafenib
Data18_GSM5344621_Ca8,1,sorafenib
Data18_GSM5344621_Caa,1,sorafenib
Data18_GSM5344621_Cab,1,sorafenib
Data18_GSM5344621_Cac,1,sorafenib
Data18_GSM5344621_Cae,1,sorafenib
Data18_GSM5344621_Caf,1,sorafenib
Data18_GSM5344621_Cb1,1,sorafenib
Data18_GSM5344621_Cb2,1,sorafenib
Data18_GSM5344621_Cb3,1,sorafenib
Data18_GSM5344621_Cb4,1,sorafenib
Data18_GSM5344621_Cb5,1,sorafenib
Data18_GSM5344621_Cb8,1,sorafenib
Data18_GSM5344621_Cb9,1,sorafenib
Data18_GSM5344621_Cba,1,sorafenib
Data18_GSM5344621_Cbc,1,sorafenib
Data18_GSM5344621_Cbe,1,sorafenib
Data18_GSM5344621_Cc0,1,sorafenib
Data18_GSM5344621_Cc1,1,sorafenib
Data18_GSM5344621_Cc2,1,sorafenib
Data18_GSM5344621_Cc6,1,sorafenib
Data18_GSM5344621_Cc7,1,sorafenib
Data18_GSM5344621_Cc8,1,sorafenib
Data18_GSM5344621_Cc9,1,sorafenib
Data18_GSM5344621_Cca,1,sorafenib
Data18_GSM5344621_Ccc,1,sorafenib
Data18_GSM5344621_Ccd,1,sorafenib
Data18_GSM5344621_Cce,1,sorafenib
Data18_GSM5344621_Ccf,1,sorafenib
Data18_GSM5344621_Cd0,1,sorafenib
Data18_GSM5344621_Cd1,1,sorafenib
Data18_GSM5344621_Cd2,1,sorafenib
Data18_GSM5344621_Cd3,1,sorafenib
Data18_GSM5344621_Cd4,1,sorafenib
Data18_GSM5344621_Cd6,1,sorafenib
Data18_GSM5344621_Cda,1,sorafenib
Data18_GSM5344621_Cdc,1,sorafenib
Data18_GSM5344621_Cdd,1,sorafenib
Data18_GSM5344621_Ce0,1,sorafenib
Data18_GSM5344621_Ce1,1,sorafenib
Data18_GSM5344621_Ce2,1,sorafenib
Data18_GSM5344621_Ce3,1,sorafenib
Data18_GSM5344621_Ce4,1,sorafenib
Data18_GSM5344621_Ce7,1,sorafenib
Data18_GSM5344621_Ce9,1,sorafenib
Data18_GSM5344621_Cea,1,sorafenib
Data18_GSM5344621_Ceb,1,sorafenib
Data18_GSM5344621_Cec,1,sorafenib
Data18_GSM5344621_Ced,1,sorafenib
Data18_GSM5344621_Cef,1,sorafenib
Data18_GSM5344621_Cf0,1,sorafenib
Data18_GSM5344621_Cf1,1,sorafenib
Data18_GSM5344621_Cf2,1,sorafenib
Data18_GSM5344621_Cf3,1,sorafenib
Data18_GSM5344621_Cf4,1,sorafenib
Data18_GSM5344621_Cf5,1,sorafenib
Data18_GSM5344621_Cf6,1,sorafenib
Data18_GSM5344621_Cf8,1,sorafenib
Data18_GSM5344621_Cf9,1,sorafenib
Data18_GSM5344621_Cfc,1,sorafenib
Data18_GSM5344621_Cfe,1,sorafenib
Data18_GSM5344621_C100,1,sorafenib
Data18_GSM5344621_C101,1,sorafenib
Data18_GSM5344621_C102,1,sorafenib
Data18_GSM5344621_C103,1,sorafenib
Data18_GSM5344621_C104,1,sorafenib
Data18_GSM5344621_C105,1,sorafenib
Data18_GSM5344621_C106,1,sorafenib
Data18_GSM5344621_C107,1,sorafenib
Data18_GSM5344621_C10a,1,sorafenib
Data18_GSM5344621_C10b,1,sorafenib
Data18_GSM5344621_C10d,1,sorafenib
Data18_GSM5344621_C10e,1,sorafenib
Data18_GSM5344621_C10f,1,sorafenib
Data18_GSM5344621_C110,1,sorafenib
Data18_GSM5344621_C111,1,sorafenib
Data18_GSM5344621_C112,1,sorafenib
Data18_GSM5344621_C113,1,sorafenib
Data18_GSM5344621_C114,1,sorafenib
Data18_GSM5344621_C118,1,sorafenib
Data18_GSM5344621_C11a,1,sorafenib
Data18_GSM5344621_C11b,1,sorafenib
Data18_GSM5344621_C11d,1,sorafenib
Data18_GSM5344621_C11f,1,sorafenib
Data18_GSM5344621_C120,1,sorafenib
Data18_GSM5344621_C125,1,sorafenib
Data18_GSM5344621_C127,1,sorafenib
Data18_GSM5344621_C128,1,sorafenib
Data18_GSM5344621_C129,1,sorafenib
Data18_GSM5344621_C12a,1,sorafenib
Data18_GSM5344621_C12b,1,sorafenib
Data18_GSM5344621_C131,1,sorafenib
Data18_GSM5344621_C132,1,sorafenib
Data18_GSM5344621_C133,1,sorafenib
Data18_GSM5344621_C134,1,sorafenib
Data18_GSM5344621_C136,1,sorafenib
Data18_GSM5344621_C138,1,sorafenib
Data18_GSM5344621_C139,1,sorafenib
Data18_GSM5344621_C13a,1,sorafenib
Data18_GSM5344621_C13c,1,sorafenib
Data18_GSM5344621_C13e,1,sorafenib
Data18_GSM5344621_C13f,1,sorafenib
Data18_GSM5344621_C140,1,sorafenib
Data18_GSM5344621_C143,1,sorafenib
Data18_GSM5344621_C147,1,sorafenib
Data18_GSM5344621_C148,1,sorafenib
Data18_GSM5344621_C14a,1,sorafenib
Data18_GSM5344621_C14b,1,sorafenib
Data18_GSM5344621_C14c,1,sorafenib
Data18_GSM5344621_C14d,1,sorafenib
Data18_GSM5344621_C14e,1,sorafenib
Data18_GSM5344621_C150,1,sorafenib
Data18_GSM5344621_C151,1,sorafenib
Data18_GSM5344621_C153,1,sorafenib
Data18_GSM5344621_C154,1,sorafenib
Data18_GSM5344621_C157,1,sorafenib
Data18_GSM5344621_C159,1,sorafenib
Data18_GSM5344621_C15c,1,sorafenib
Data18_GSM5344621_C15d,1,sorafenib
Data18_GSM5344621_C15e,1,sorafenib
Data18_GSM5344621_C160,1,sorafenib
Data18_GSM5344621_C161,1,sorafenib
Data18_GSM5344621_C162,1,sorafenib
Data18_GSM5344621_C164,1,sorafenib
Data18_GSM5344621_C167,1,sorafenib
Data18_GSM5344621_C168,1,sorafenib
Data18_GSM5344621_C16a,1,sorafenib
Data18_GSM5344621_C16b,1,sorafenib
Data18_GSM5344621_C16e,1,sorafenib
Data18_GSM5344621_C174,1,sorafenib
Data18_GSM5344621_C177,1,sorafenib
Data18_GSM5344621_C178,1,sorafenib
Data18_GSM5344621_C17a,1,sorafenib
Data18_GSM5344621_C17b,1,sorafenib
Data18_GSM5344621_C17c,1,sorafenib
Data18_GSM5344621_C17e,1,sorafenib
Data18_GSM5344621_C180,1,sorafenib
Data18_GSM5344621_C181,1,sorafenib
Data18_GSM5344621_C182,1,sorafenib
Data18_GSM5344621_C183,1,sorafenib
Data18_GSM5344621_C184,1,sorafenib
Data18_GSM5344621_C185,1,sorafenib
Data18_GSM5344621_C186,1,sorafenib
Data18_GSM5344621_C188,1,sorafenib
Data18_GSM5344621_C18b,1,sorafenib
Data18_GSM5344621_C18c,1,sorafenib
Data18_GSM5344621_C18d,1,sorafenib
Data18_GSM5344621_C18e,1,sorafenib
Data18_GSM5344621_C18f,1,sorafenib
Data18_GSM5344621_C191,1,sorafenib
Data18_GSM5344621_C194,1,sorafenib
Data18_GSM5344621_C195,1,sorafenib
Data18_GSM5344621_C196,1,sorafenib
Data18_GSM5344621_C197,1,sorafenib
Data18_GSM5344621_C199,1,sorafenib
Data18_GSM5344621_C19a,1,sorafenib
Data18_GSM5344621_C19b,1,sorafenib
Data18_GSM5344621_C19d,1,sorafenib
Data18_GSM5344621_C19e,1,sorafenib
Data18_GSM5344621_C1a0,1,sorafenib
Data18_GSM5344621_C1a1,1,sorafenib
Data18_GSM5344621_C1a8,1,sorafenib
Data18_GSM5344621_C1a9,1,sorafenib
Data18_GSM5344621_C1ab,1,sorafenib
Data18_GSM5344621_C1ac,1,sorafenib
Data18_GSM5344621_C1ad,1,sorafenib
Data18_GSM5344621_C1ae,1,sorafenib
Data18_GSM5344621_C1af,1,sorafenib
Data18_GSM5344621_C1b0,1,sorafenib
Data18_GSM5344621_C1b1,1,sorafenib
Data18_GSM5344621_C1b4,1,sorafenib
Data18_GSM5344621_C1b5,1,sorafenib
Data18_GSM5344621_C1b6,1,sorafenib
Data18_GSM5344621_C1b7,1,sorafenib
Data18_GSM5344621_C1b8,1,sorafenib
Data18_GSM5344621_C1bc,1,sorafenib
Data18_GSM5344621_C1bd,1,sorafenib
Data18_GSM5344621_C1be,1,sorafenib
Data18_GSM5344621_C1bf,1,sorafenib
Data18_GSM5344621_C1c0,1,sorafenib
Data18_GSM5344621_C1c1,1,sorafenib
Data18_GSM5344621_C1c2,1,sorafenib
Data18_GSM5344621_C1c3,1,sorafenib
Data18_GSM5344621_C1c4,1,sorafenib
Data18_GSM5344621_C1c5,1,sorafenib
Data18_GSM5344621_C1c8,1,sorafenib
Data18_GSM5344621_C1c9,1,sorafenib
Data18_GSM5344621_C1ca,1,sorafenib
Data18_GSM5344621_C1cc,1,sorafenib
Data18_GSM5344621_C1cf,1,sorafenib
Data18_GSM5344621_C1d0,1,sorafenib
Data18_GSM5344621_C1d1,1,sorafenib
Data18_GSM5344621_C1d4,1,sorafenib
Data18_GSM5344621_C1d7,1,sorafenib
Data18_GSM5344621_C1d8,1,sorafenib
Data18_GSM5344621_C1d9,1,sorafenib
Data18_GSM5344621_C1da,1,sorafenib
Data18_GSM5344621_C1db,1,sorafenib
Data18_GSM5344621_C1dc,1,sorafenib
Data18_GSM5344621_C1dd,1,sorafenib
Data18_GSM5344621_C1de,1,sorafenib
Data18_GSM5344621_C1df,1,sorafenib
Data18_GSM5344621_C1e3,1,sorafenib
Data18_GSM5344621_C1e5,1,sorafenib
Data18_GSM5344621_C1e6,1,sorafenib
Data18_GSM5344621_C1e7,1,sorafenib
Data18_GSM5344621_C1e8,1,sorafenib
Data18_GSM5344621_C1e9,1,sorafenib
Data18_GSM5344621_C1ea,1,sorafenib
Data18_GSM5344621_C1eb,1,sorafenib
Data18_GSM5344621_C1ed,1,sorafenib
Data18_GSM5344621_C1ee,1,sorafenib
Data18_GSM5344621_C1f0,1,sorafenib
Data18_GSM5344621_C1f2,1,sorafenib
Data18_GSM5344621_C1f3,1,sorafenib
Data18_GSM5344621_C1f7,1,sorafenib
Data18_GSM5344621_C1f8,1,sorafenib
Data18_GSM5344621_C1f9,1,sorafenib
Data18_GSM5344621_C1fc,1,sorafenib
Data18_GSM5344621_C1fe,1,sorafenib
Data18_GSM5344621_C1ff,1,sorafenib
Data18_GSM5344621_C201,1,sorafenib
Data18_GSM5344621_C202,1,sorafenib
Data18_GSM5344621_C206,1,sorafenib
Data18_GSM5344621_C208,1,sorafenib
Data18_GSM5344621_C20b,1,sorafenib
Data18_GSM5344621_C20c,1,sorafenib
Data18_GSM5344621_C210,1,sorafenib
Data18_GSM5344621_C211,1,sorafenib
Data18_GSM5344621_C212,1,sorafenib
Data18_GSM5344621_C213,1,sorafenib
Data18_GSM5344621_C214,1,sorafenib
Data18_GSM5344621_C215,1,sorafenib
Data18_GSM5344621_C216,1,sorafenib
Data18_GSM5344621_C217,1,sorafenib
Data18_GSM5344621_C218,1,sorafenib
Data18_GSM5344621_C219,1,sorafenib
Data18_GSM5344621_C21a,1,sorafenib
Data18_GSM5344621_C21b,1,sorafenib
Data18_GSM5344621_C21d,1,sorafenib
Data18_GSM5344621_C21e,1,sorafenib
Data18_GSM5344621_C21f,1,sorafenib
Data18_GSM5344621_C220,1,sorafenib
Data18_GSM5344621_C221,1,sorafenib
Data18_GSM5344621_C225,1,sorafenib
Data18_GSM5344621_C226,1,sorafenib
Data18_GSM5344621_C227,1,sorafenib
Data18_GSM5344621_C228,1,sorafenib
Data18_GSM5344621_C229,1,sorafenib
Data18_GSM5344621_C22c,1,sorafenib
Data18_GSM5344621_C22d,1,sorafenib
Data18_GSM5344621_C22e,1,sorafenib
Data18_GSM5344621_C230,1,sorafenib
Data18_GSM5344621_C231,1,sorafenib
Data18_GSM5344621_C233,1,sorafenib
Data18_GSM5344621_C234,1,sorafenib
Data18_GSM5344621_C237,1,sorafenib
Data18_GSM5344621_C238,1,sorafenib
Data18_GSM5344621_C23a,1,sorafenib
Data18_GSM5344621_C23b,1,sorafenib
Data18_GSM5344621_C23c,1,sorafenib
Data18_GSM5344621_C23d,1,sorafenib
Data18_GSM5344621_C23e,1,sorafenib
Data18_GSM5344621_C23f,1,sorafenib
Data18_GSM5344621_C241,1,sorafenib
Data18_GSM5344621_C244,1,sorafenib
Data18_GSM5344621_C245,1,sorafenib
Data18_GSM5344621_C246,1,sorafenib
Data18_GSM5344621_C247,1,sorafenib
Data18_GSM5344621_C248,1,sorafenib
Data18_GSM5344621_C249,1,sorafenib
Data18_GSM5344621_C24c,1,sorafenib
Data18_GSM5344621_C24d,1,sorafenib
Data18_GSM5344621_C24f,1,sorafenib
Data18_GSM5344621_C250,1,sorafenib
Data18_GSM5344621_C254,1,sorafenib
Data18_GSM5344621_C255,1,sorafenib
Data18_GSM5344621_C256,1,sorafenib
Data18_GSM5344621_C259,1,sorafenib
Data18_GSM5344621_C25b,1,sorafenib
Data18_GSM5344621_C25d,1,sorafenib
Data18_GSM5344621_C25e,1,sorafenib
Data18_GSM5344621_C25f,1,sorafenib
Data18_GSM5344621_C261,1,sorafenib
Data18_GSM5344621_C263,1,sorafenib
Data18_GSM5344621_C264,1,sorafenib
Data18_GSM5344621_C265,1,sorafenib
Data18_GSM5344621_C268,1,sorafenib
Data18_GSM5344621_C269,1,sorafenib
Data18_GSM5344621_C26c,1,sorafenib
Data18_GSM5344621_C26d,1,sorafenib
Data18_GSM5344621_C272,1,sorafenib
Data18_GSM5344621_C273,1,sorafenib
Data18_GSM5344621_C274,1,sorafenib
Data18_GSM5344621_C276,1,sorafenib
Data18_GSM5344621_C278,1,sorafenib
Data18_GSM5344621_C279,1,sorafenib
Data18_GSM5344621_C27a,1,sorafenib
Data18_GSM5344621_C27b,1,sorafenib
Data18_GSM5344621_C27c,1,sorafenib
Data18_GSM5344621_C27d,1,sorafenib
Data18_GSM5344621_C27f,1,sorafenib
Data18_GSM5344621_C282,1,sorafenib
Data18_GSM5344621_C283,1,sorafenib
Data18_GSM5344621_C284,1,sorafenib
Data18_GSM5344621_C285,1,sorafenib
Data18_GSM5344621_C286,1,sorafenib
Data18_GSM5344621_C287,1,sorafenib
Data18_GSM5344621_C288,1,sorafenib
Data18_GSM5344621_C28c,1,sorafenib
Data18_GSM5344621_C28d,1,sorafenib
Data18_GSM5344621_C28e,1,sorafenib
Data18_GSM5344621_C28f,1,sorafenib
Data18_GSM5344621_C291,1,sorafenib
Data18_GSM5344621_C292,1,sorafenib
Data18_GSM5344621_C293,1,sorafenib
Data18_GSM5344621_C294,1,sorafenib
Data18_GSM5344621_C295,1,sorafenib
Data18_GSM5344621_C296,1,sorafenib
Data18_GSM5344621_C297,1,sorafenib
Data18_GSM5344621_C299,1,sorafenib
Data18_GSM5344621_C29a,1,sorafenib
Data18_GSM5344621_C29b,1,sorafenib
Data18_GSM5344621_C29c,1,sorafenib
Data18_GSM5344621_C29d,1,sorafenib
Data18_GSM5344621_C29f,1,sorafenib
Data18_GSM5344621_C2a0,1,sorafenib
Data18_GSM5344621_C2a3,1,sorafenib
Data18_GSM5344621_C2a6,1,sorafenib
Data18_GSM5344621_C2a8,1,sorafenib
Data18_GSM5344621_C2ab,1,sorafenib
Data18_GSM5344621_C2ae,1,sorafenib
Data18_GSM5344621_C2b1,1,sorafenib
Data18_GSM5344621_C2b2,1,sorafenib
Data18_GSM5344621_C2b4,1,sorafenib
Data18_GSM5344621_C2b5,1,sorafenib
Data18_GSM5344621_C2b6,1,sorafenib
Data18_GSM5344621_C2b9,1,sorafenib
Data18_GSM5344621_C2ba,1,sorafenib
Data18_GSM5344621_C2bb,1,sorafenib
Data18_GSM5344621_C2bc,1,sorafenib
Data18_GSM5344621_C2bd,1,sorafenib
Data18_GSM5344621_C2be,1,sorafenib
Data18_GSM5344621_C2bf,1,sorafenib
Data18_GSM5344621_C2c2,1,sorafenib
Data18_GSM5344621_C2c4,1,sorafenib
Data18_GSM5344621_C2c5,1,sorafenib
Data18_GSM5344621_C2c6,1,sorafenib
Data18_GSM5344621_C2c7,1,sorafenib
Data18_GSM5344621_C2c8,1,sorafenib
Data18_GSM5344621_C2c9,1,sorafenib
Data18_GSM5344621_C2ca,1,sorafenib
Data18_GSM5344621_C2cf,1,sorafenib
Data18_GSM5344621_C2d0,1,sorafenib
Data18_GSM5344621_C2d4,1,sorafenib
Data18_GSM5344621_C2d5,1,sorafenib
Data18_GSM5344621_C2d6,1,sorafenib
Data18_GSM5344621_C2d7,1,sorafenib
Data18_GSM5344621_C2da,1,sorafenib
Data18_GSM5344621_C2dc,1,sorafenib
Data18_GSM5344621_C2de,1,sorafenib
Data18_GSM5344621_C2e0,1,sorafenib
Data18_GSM5344621_C2e1,1,sorafenib
Data18_GSM5344621_C2e3,1,sorafenib
Data18_GSM5344621_C2e6,1,sorafenib
Data18_GSM5344621_C2e7,1,sorafenib
Data18_GSM5344621_C2e8,1,sorafenib
Data18_GSM5344621_C2e9,1,sorafenib
Data18_GSM5344621_C2ea,1,sorafenib
Data18_GSM5344621_C2ec,1,sorafenib
Data18_GSM5344621_C2ef,1,sorafenib
Data18_GSM5344621_C2f2,1,sorafenib
Data18_GSM5344621_C2f3,1,sorafenib
Data18_GSM5344621_C2f4,1,sorafenib
Data18_GSM5344621_C2f5,1,sorafenib
Data18_GSM5344621_C2f6,1,sorafenib
Data18_GSM5344621_C2f7,1,sorafenib
Data18_GSM5344621_C2fa,1,sorafenib
Data18_GSM5344621_C2fb,1,sorafenib
Data18_GSM5344621_C2fc,1,sorafenib
Data18_GSM5344621_C2ff,1,sorafenib
Data18_GSM5344621_C300,1,sorafenib
Data18_GSM5344621_C301,1,sorafenib
Data18_GSM5344621_C303,1,sorafenib
Data18_GSM5344621_C304,1,sorafenib
Data18_GSM5344621_C305,1,sorafenib
Data18_GSM5344621_C308,1,sorafenib
Data18_GSM5344621_C30a,1,sorafenib
Data18_GSM5344621_C30b,1,sorafenib
Data18_GSM5344621_C30c,1,sorafenib
Data18_GSM5344621_C30f,1,sorafenib
Data18_GSM5344621_C310,1,sorafenib
Data18_GSM5344621_C312,1,sorafenib
Data18_GSM5344621_C313,1,sorafenib
Data18_GSM5344621_C314,1,sorafenib
Data18_GSM5344621_C315,1,sorafenib
Data18_GSM5344621_C317,1,sorafenib
Data18_GSM5344621_C318,1,sorafenib
Data18_GSM5344621_C31a,1,sorafenib
Data18_GSM5344621_C31b,1,sorafenib
Data18_GSM5344621_C31c,1,sorafenib
Data18_GSM5344621_C31f,1,sorafenib
Data18_GSM5344621_C321,1,sorafenib
Data18_GSM5344621_C322,1,sorafenib
Data18_GSM5344621_C326,1,sorafenib
Data18_GSM5344621_C327,1,sorafenib
Data18_GSM5344621_C32a,1,sorafenib
Data18_GSM5344621_C32b,1,sorafenib
Data18_GSM5344621_C32c,1,sorafenib
Data18_GSM5344621_C32d,1,sorafenib
Data18_GSM5344621_C32e,1,sorafenib
Data18_GSM5344621_C32f,1,sorafenib
Data18_GSM5344621_C330,1,sorafenib
Data18_GSM5344621_C331,1,sorafenib
Data18_GSM5344621_C332,1,sorafenib
Data18_GSM5344621_C333,1,sorafenib
Data18_GSM5344621_C335,1,sorafenib
Data18_GSM5344621_C336,1,sorafenib
Data18_GSM5344621_C337,1,sorafenib
Data18_GSM5344621_C33a,1,sorafenib
Data18_GSM5344621_C33d,1,sorafenib
Data18_GSM5344621_C33e,1,sorafenib
Data18_GSM5344621_C33f,1,sorafenib
Data18_GSM5344621_C340,1,sorafenib
Data18_GSM5344621_C341,1,sorafenib
Data18_GSM5344621_C345,1,sorafenib
Data18_GSM5344621_C346,1,sorafenib
Data18_GSM5344621_C347,1,sorafenib
Data18_GSM5344621_C348,1,sorafenib
Data18_GSM5344621_C34a,1,sorafenib
Data18_GSM5344621_C34b,1,sorafenib
Data18_GSM5344621_C34c,1,sorafenib
Data18_GSM5344621_C34d,1,sorafenib
Data18_GSM5344621_C34e,1,sorafenib
Data18_GSM5344621_C34f,1,sorafenib
Data18_GSM5344621_C350,1,sorafenib
Data18_GSM5344621_C352,1,sorafenib
Data18_GSM5344621_C353,1,sorafenib
Data18_GSM5344621_C354,1,sorafenib
Data18_GSM5344621_C355,1,sorafenib
Data18_GSM5344621_C356,1,sorafenib
Data18_GSM5344621_C358,1,sorafenib
Data18_GSM5344621_C35a,1,sorafenib
Data18_GSM5344621_C35c,1,sorafenib
Data18_GSM5344621_C35d,1,sorafenib
Data18_GSM5344621_C35e,1,sorafenib
Data18_GSM5344621_C35f,1,sorafenib
Data18_GSM5344621_C360,1,sorafenib
Data18_GSM5344621_C361,1,sorafenib
Data18_GSM5344621_C363,1,sorafenib
Data18_GSM5344621_C365,1,sorafenib
Data18_GSM5344621_C366,1,sorafenib
Data18_GSM5344621_C368,1,sorafenib
Data18_GSM5344621_C369,1,sorafenib
Data18_GSM5344621_C36a,1,sorafenib
Data18_GSM5344621_C36b,1,sorafenib
Data18_GSM5344621_C36c,1,sorafenib
Data18_GSM5344621_C36d,1,sorafenib
Data18_GSM5344621_C36e,1,sorafenib
Data18_GSM5344621_C36f,1,sorafenib
Data18_GSM5344621_C370,1,sorafenib
Data18_GSM5344621_C371,1,sorafenib
Data18_GSM5344621_C372,1,sorafenib
Data18_GSM5344621_C375,1,sorafenib
Data18_GSM5344621_C376,1,sorafenib
Data18_GSM5344621_C378,1,sorafenib
Data18_GSM5344621_C37b,1,sorafenib
Data18_GSM5344621_C37c,1,sorafenib
Data18_GSM5344621_C37e,1,sorafenib
Data18_GSM5344621_C37f,1,sorafenib
Data18_GSM5344621_C380,1,sorafenib
Data18_GSM5344621_C381,1,sorafenib
Data18_GSM5344621_C383,1,sorafenib
Data18_GSM5344621_C384,1,sorafenib
Data18_GSM5344621_C385,1,sorafenib
Data18_GSM5344621_C38a,1,sorafenib
Data18_GSM5344621_C38b,1,sorafenib
Data18_GSM5344621_C38f,1,sorafenib
Data18_GSM5344621_C390,1,sorafenib
Data18_GSM5344621_C392,1,sorafenib
Data18_GSM5344621_C393,1,sorafenib
Data18_GSM5344621_C399,1,sorafenib
Data18_GSM5344621_C39a,1,sorafenib
Data18_GSM5344621_C39c,1,sorafenib
Data18_GSM5344621_C39d,1,sorafenib
Data18_GSM5344621_C39e,1,sorafenib
Data18_GSM5344621_C39f,1,sorafenib
Data18_GSM5344621_C3a0,1,sorafenib
Data18_GSM5344621_C3a1,1,sorafenib
Data18_GSM5344621_C3a2,1,sorafenib
Data18_GSM5344621_C3a3,1,sorafenib
Data18_GSM5344621_C3a4,1,sorafenib
Data18_GSM5344621_C3a6,1,sorafenib
Data18_GSM5344621_C3a7,1,sorafenib
Data18_GSM5344621_C3a8,1,sorafenib
Data18_GSM5344621_C3a9,1,sorafenib
Data18_GSM5344621_C3aa,1,sorafenib
Data18_GSM5344621_C3ab,1,sorafenib
Data18_GSM5344621_C3ad,1,sorafenib
Data18_GSM5344621_C3ae,1,sorafenib
Data18_GSM5344621_C3af,1,sorafenib
Data18_GSM5344621_C3b0,1,sorafenib
Data18_GSM5344621_C3b1,1,sorafenib
Data18_GSM5344621_C3b2,1,sorafenib
Data18_GSM5344621_C3b4,1,sorafenib
Data18_GSM5344621_C3b5,1,sorafenib
Data18_GSM5344621_C3b8,1,sorafenib
Data18_GSM5344621_C3b9,1,sorafenib
Data18_GSM5344621_C3bb,1,sorafenib
Data18_GSM5344621_C3bc,1,sorafenib
Data18_GSM5344621_C3be,1,sorafenib
Data18_GSM5344621_C3c0,1,sorafenib
Data18_GSM5344621_C3c2,1,sorafenib
Data18_GSM5344621_C3c4,1,sorafenib
Data18_GSM5344621_C3c8,1,sorafenib
Data18_GSM5344621_C3ca,1,sorafenib
Data18_GSM5344621_C3ce,1,sorafenib
Data18_GSM5344621_C3cf,1,sorafenib
Data18_GSM5344621_C3d0,1,sorafenib
Data18_GSM5344621_C3d1,1,sorafenib
Data18_GSM5344621_C3d2,1,sorafenib
Data18_GSM5344621_C3d3,1,sorafenib
Data18_GSM5344621_C3d4,1,sorafenib
Data18_GSM5344621_C3d6,1,sorafenib
Data18_GSM5344621_C3d8,1,sorafenib
Data18_GSM5344621_C3d9,1,sorafenib
Data18_GSM5344621_C3da,1,sorafenib
Data18_GSM5344621_C3db,1,sorafenib
Data18_GSM5344621_C3dc,1,sorafenib
Data18_GSM5344621_C3de,1,sorafenib
Data18_GSM5344621_C3df,1,sorafenib
Data18_GSM5344621_C3e0,1,sorafenib
Data18_GSM5344621_C3e1,1,sorafenib
Data18_GSM5344621_C3e2,1,sorafenib
Data18_GSM5344621_C3e3,1,sorafenib
Data18_GSM5344621_C3e5,1,sorafenib
Data18_GSM5344621_C3e6,1,sorafenib
Data18_GSM5344621_C3e7,1,sorafenib
Data18_GSM5344621_C3e8,1,sorafenib
Data18_GSM5344621_C3e9,1,sorafenib
Data18_GSM5344621_C3ea,1,sorafenib
Data18_GSM5344621_C3eb,1,sorafenib
Data18_GSM5344621_C3ec,1,sorafenib
Data18_GSM5344621_C3ed,1,sorafenib
Data18_GSM5344621_C3ee,1,sorafenib
Data18_GSM5344621_C3f1,1,sorafenib
Data18_GSM5344621_C3f2,1,sorafenib
Data18_GSM5344621_C3f5,1,sorafenib
Data18_GSM5344621_C3f6,1,sorafenib
Data18_GSM5344621_C3f7,1,sorafenib
Data18_GSM5344621_C3fa,1,sorafenib
Data18_GSM5344621_C3fd,1,sorafenib
Data18_GSM5344621_C3fe,1,sorafenib
Data18_GSM5344621_C3ff,1,sorafenib
Data18_GSM5344621_C400,1,sorafenib
Data18_GSM5344621_C401,1,sorafenib
Data18_GSM5344621_C402,1,sorafenib
Data18_GSM5344621_C403,1,sorafenib
Data18_GSM5344621_C404,1,sorafenib
Data18_GSM5344621_C405,1,sorafenib
Data18_GSM5344621_C406,1,sorafenib
Data18_GSM5344621_C409,1,sorafenib
Data18_GSM5344621_C40b,1,sorafenib
Data18_GSM5344621_C40c,1,sorafenib
Data18_GSM5344621_C40d,1,sorafenib
Data18_GSM5344621_C40e,1,sorafenib
Data18_GSM5344621_C40f,1,sorafenib
Data18_GSM5344621_C411,1,sorafenib
Data18_GSM5344621_C412,1,sorafenib
Data18_GSM5344621_C415,1,sorafenib
Data18_GSM5344621_C416,1,sorafenib
Data18_GSM5344621_C417,1,sorafenib
Data18_GSM5344621_C41c,1,sorafenib
Data18_GSM5344621_C41d,1,sorafenib
Data18_GSM5344621_C420,1,sorafenib
Data18_GSM5344621_C422,1,sorafenib
Data18_GSM5344621_C425,1,sorafenib
Data18_GSM5344621_C426,1,sorafenib
Data18_GSM5344621_C42a,1,sorafenib
Data18_GSM5344621_C42c,1,sorafenib
Data18_GSM5344621_C42d,1,sorafenib
Data18_GSM5344621_C42e,1,sorafenib
Data18_GSM5344621_C431,1,sorafenib
Data18_GSM5344621_C432,1,sorafenib
Data18_GSM5344621_C434,1,sorafenib
Data18_GSM5344621_C437,1,sorafenib
Data18_GSM5344621_C438,1,sorafenib
Data18_GSM5344621_C43b,1,sorafenib
Data18_GSM5344621_C43c,1,sorafenib
Data18_GSM5344621_C43d,1,sorafenib
Data18_GSM5344621_C43e,1,sorafenib
Data18_GSM5344621_C43f,1,sorafenib
Data18_GSM5344621_C441,1,sorafenib
Data18_GSM5344621_C443,1,sorafenib
Data18_GSM5344621_C444,1,sorafenib
Data18_GSM5344621_C446,1,sorafenib
Data18_GSM5344621_C448,1,sorafenib
Data18_GSM5344621_C449,1,sorafenib
Data18_GSM5344621_C44d,1,sorafenib
Data18_GSM5344621_C44e,1,sorafenib
Data18_GSM5344621_C44f,1,sorafenib
Data18_GSM5344621_C450,1,sorafenib
Data18_GSM5344621_C452,1,sorafenib
Data18_GSM5344621_C453,1,sorafenib
Data18_GSM5344621_C454,1,sorafenib
Data18_GSM5344621_C455,1,sorafenib
Data18_GSM5344621_C458,1,sorafenib
Data18_GSM5344621_C459,1,sorafenib
Data18_GSM5344621_C45c,1,sorafenib
Data18_GSM5344621_C45d,1,sorafenib
Data18_GSM5344621_C45f,1,sorafenib
Data18_GSM5344621_C460,1,sorafenib
Data18_GSM5344621_C461,1,sorafenib
Data18_GSM5344621_C463,1,sorafenib
Data18_GSM5344621_C464,1,sorafenib
Data18_GSM5344621_C465,1,sorafenib
Data18_GSM5344621_C466,1,sorafenib
Data18_GSM5344621_C467,1,sorafenib
Data18_GSM5344621_C468,1,sorafenib
Data18_GSM5344621_C46a,1,sorafenib
Data18_GSM5344621_C46f,1,sorafenib
Data18_GSM5344621_C471,1,sorafenib
Data18_GSM5344621_C473,1,sorafenib
Data18_GSM5344621_C475,1,sorafenib
Data18_GSM5344621_C477,1,sorafenib
Data18_GSM5344621_C478,1,sorafenib
Data18_GSM5344621_C47a,1,sorafenib
Data18_GSM5344621_C47c,1,sorafenib
Data18_GSM5344621_C47d,1,sorafenib
Data18_GSM5344621_C480,1,sorafenib
Data18_GSM5344621_C483,1,sorafenib
Data18_GSM5344621_C485,1,sorafenib
Data18_GSM5344621_C486,1,sorafenib
Data18_GSM5344621_C488,1,sorafenib
Data18_GSM5344621_C48a,1,sorafenib
Data18_GSM5344621_C48b,1,sorafenib
Data18_GSM5344621_C48c,1,sorafenib
Data18_GSM5344621_C48e,1,sorafenib
Data18_GSM5344621_C48f,1,sorafenib
Data18_GSM5344621_C490,1,sorafenib
Data18_GSM5344621_C491,1,sorafenib
Data18_GSM5344621_C494,1,sorafenib
Data18_GSM5344621_C495,1,sorafenib
Data18_GSM5344621_C496,1,sorafenib
Data18_GSM5344621_C498,1,sorafenib
Data18_GSM5344621_C499,1,sorafenib
Data18_GSM5344621_C49a,1,sorafenib
Data18_GSM5344621_C49b,1,sorafenib
Data18_GSM5344621_C49c,1,sorafenib
Data18_GSM5344621_C49e,1,sorafenib
Data18_GSM5344621_C49f,1,sorafenib
Data18_GSM5344621_C4a0,1,sorafenib
Data18_GSM5344621_C4a3,1,sorafenib
Data18_GSM5344621_C4a5,1,sorafenib
Data18_GSM5344621_C4a6,1,sorafenib
Data18_GSM5344621_C4a7,1,sorafenib
Data18_GSM5344621_C4a8,1,sorafenib
Data18_GSM5344621_C4aa,1,sorafenib
Data18_GSM5344621_C4ad,1,sorafenib
Data18_GSM5344621_C4ae,1,sorafenib
Data18_GSM5344621_C4b0,1,sorafenib
Data18_GSM5344621_C4b2,1,sorafenib
Data18_GSM5344621_C4b3,1,sorafenib
Data18_GSM5344621_C4b4,1,sorafenib
Data18_GSM5344621_C4b5,1,sorafenib
Data18_GSM5344621_C4b6,1,sorafenib
Data18_GSM5344621_C4b7,1,sorafenib
Data18_GSM5344621_C4bc,1,sorafenib
Data18_GSM5344621_C4be,1,sorafenib
Data18_GSM5344621_C4bf,1,sorafenib
Data18_GSM5344621_C4c0,1,sorafenib
Data18_GSM5344621_C4c1,1,sorafenib
Data18_GSM5344621_C4c2,1,sorafenib
Data18_GSM5344621_C4c3,1,sorafenib
Data18_GSM5344621_C4c5,1,sorafenib
Data18_GSM5344621_C4c6,1,sorafenib
Data18_GSM5344621_C4c7,1,sorafenib
Data18_GSM5344621_C4c8,1,sorafenib
Data18_GSM5344621_C4c9,1,sorafenib
Data18_GSM5344621_C4ca,1,sorafenib
Data18_GSM5344621_C4cb,1,sorafenib
Data18_GSM5344621_C4cc,1,sorafenib
Data18_GSM5344621_C4cf,1,sorafenib
Data18_GSM5344621_C4d0,1,sorafenib
Data18_GSM5344621_C4d1,1,sorafenib
Data18_GSM5344621_C4d2,1,sorafenib
Data18_GSM5344621_C4d3,1,sorafenib
Data18_GSM5344621_C4d4,1,sorafenib
Data18_GSM5344621_C4d7,1,sorafenib
Data18_GSM5344621_C4d9,1,sorafenib
Data18_GSM5344621_C4da,1,sorafenib
Data18_GSM5344621_C4db,1,sorafenib
Data18_GSM5344621_C4dc,1,sorafenib
Data18_GSM5344621_C4de,1,sorafenib
Data18_GSM5344621_C4df,1,sorafenib
Data18_GSM5344621_C4e0,1,sorafenib
Data18_GSM5344621_C4e1,1,sorafenib
Data18_GSM5344621_C4e5,1,sorafenib
Data18_GSM5344621_C4e6,1,sorafenib
Data18_GSM5344621_C4e7,1,sorafenib
Data18_GSM5344621_C4e8,1,sorafenib
Data18_GSM5344621_C4e9,1,sorafenib
Data18_GSM5344621_C4ea,1,sorafenib
Data18_GSM5344621_C4eb,1,sorafenib
Data18_GSM5344621_C4ed,1,sorafenib
Data18_GSM5344621_C4f0,1,sorafenib
Data18_GSM5344621_C4f2,1,sorafenib
Data18_GSM5344621_C4f4,1,sorafenib
Data18_GSM5344621_C4f7,1,sorafenib
Data18_GSM5344621_C4f9,1,sorafenib
Data18_GSM5344621_C4fb,1,sorafenib
Data18_GSM5344621_C4fc,1,sorafenib
Data18_GSM5344621_C4fd,1,sorafenib
Data18_GSM5344621_C4fe,1,sorafenib
Data18_GSM5344621_C4ff,1,sorafenib
Data18_GSM5344621_C500,1,sorafenib
Data18_GSM5344621_C501,1,sorafenib
Data18_GSM5344621_C504,1,sorafenib
Data18_GSM5344621_C506,1,sorafenib
Data18_GSM5344621_C509,1,sorafenib
Data18_GSM5344621_C50a,1,sorafenib
Data18_GSM5344621_C50b,1,sorafenib
Data18_GSM5344621_C50c,1,sorafenib
Data18_GSM5344621_C50e,1,sorafenib
Data18_GSM5344621_C50f,1,sorafenib
Data18_GSM5344621_C510,1,sorafenib
Data18_GSM5344621_C512,1,sorafenib
Data18_GSM5344621_C513,1,sorafenib
Data18_GSM5344621_C514,1,sorafenib
Data18_GSM5344621_C515,1,sorafenib
Data18_GSM5344621_C517,1,sorafenib
Data18_GSM5344621_C518,1,sorafenib
Data18_GSM5344621_C519,1,sorafenib
Data18_GSM5344621_C51a,1,sorafenib
Data18_GSM5344621_C51c,1,sorafenib
Data18_GSM5344621_C51f,1,sorafenib
Data18_GSM5344621_C520,1,sorafenib
Data18_GSM5344621_C523,1,sorafenib
Data18_GSM5344621_C524,1,sorafenib
Data18_GSM5344621_C525,1,sorafenib
Data18_GSM5344621_C526,1,sorafenib
Data18_GSM5344621_C527,1,sorafenib
Data18_GSM5344621_C528,1,sorafenib
Data18_GSM5344621_C529,1,sorafenib
Data18_GSM5344621_C52a,1,sorafenib
Data18_GSM5344621_C52e,1,sorafenib
Data18_GSM5344621_C52f,1,sorafenib
Data18_GSM5344621_C530,1,sorafenib
Data18_GSM5344621_C531,1,sorafenib
Data18_GSM5344621_C534,1,sorafenib
Data18_GSM5344621_C535,1,sorafenib
Data18_GSM5344621_C538,1,sorafenib
Data18_GSM5344621_C539,1,sorafenib
Data18_GSM5344621_C53a,1,sorafenib
Data18_GSM5344621_C53c,1,sorafenib
Data18_GSM5344621_C53e,1,sorafenib
Data18_GSM5344621_C53f,1,sorafenib
Data18_GSM5344621_C540,1,sorafenib
Data18_GSM5344621_C541,1,sorafenib
Data18_GSM5344621_C542,1,sorafenib
Data18_GSM5344621_C545,1,sorafenib
Data18_GSM5344621_C546,1,sorafenib
Data18_GSM5344621_C547,1,sorafenib
Data18_GSM5344621_C548,1,sorafenib
Data18_GSM5344621_C549,1,sorafenib
Data18_GSM5344621_C54a,1,sorafenib
Data18_GSM5344621_C54e,1,sorafenib
Data18_GSM5344621_C551,1,sorafenib
Data18_GSM5344621_C552,1,sorafenib
Data18_GSM5344621_C555,1,sorafenib
Data18_GSM5344621_C556,1,sorafenib
Data18_GSM5344621_C557,1,sorafenib
Data18_GSM5344621_C558,1,sorafenib
Data18_GSM5344621_C559,1,sorafenib
Data18_GSM5344621_C55b,1,sorafenib
Data18_GSM5344621_C55e,1,sorafenib
Data18_GSM5344621_C55f,1,sorafenib
Data18_GSM5344621_C560,1,sorafenib
Data18_GSM5344621_C563,1,sorafenib
Data18_GSM5344621_C564,1,sorafenib
Data18_GSM5344621_C565,1,sorafenib
Data18_GSM5344621_C56b,1,sorafenib
Data18_GSM5344621_C56d,1,sorafenib
Data18_GSM5344621_C56e,1,sorafenib
Data18_GSM5344621_C570,1,sorafenib
Data18_GSM5344621_C571,1,sorafenib
Data18_GSM5344621_C573,1,sorafenib
Data18_GSM5344621_C577,1,sorafenib
Data18_GSM5344621_C578,1,sorafenib
Data18_GSM5344621_C579,1,sorafenib
Data18_GSM5344621_C57a,1,sorafenib
Data18_GSM5344621_C57b,1,sorafenib
Data18_GSM5344621_C57c,1,sorafenib
Data18_GSM5344621_C57d,1,sorafenib
Data18_GSM5344621_C57f,1,sorafenib
Data18_GSM5344621_C581,1,sorafenib
Data18_GSM5344621_C582,1,sorafenib
Data18_GSM5344621_C584,1,sorafenib
Data18_GSM5344621_C586,1,sorafenib
Data18_GSM5344621_C588,1,sorafenib
Data18_GSM5344621_C589,1,sorafenib
Data18_GSM5344621_C58c,1,sorafenib
Data18_GSM5344621_C590,1,sorafenib
Data18_GSM5344621_C592,1,sorafenib
Data18_GSM5344621_C594,1,sorafenib
Data18_GSM5344621_C596,1,sorafenib
Data18_GSM5344621_C597,1,sorafenib
Data18_GSM5344621_C599,1,sorafenib
Data18_GSM5344621_C59b,1,sorafenib
Data18_GSM5344621_C59c,1,sorafenib
Data18_GSM5344621_C59d,1,sorafenib
Data18_GSM5344621_C59e,1,sorafenib
Data18_GSM5344621_C5a0,1,sorafenib
Data18_GSM5344621_C5a1,1,sorafenib
Data18_GSM5344621_C5a2,1,sorafenib
Data18_GSM5344621_C5a3,1,sorafenib
Data18_GSM5344621_C5a5,1,sorafenib
Data18_GSM5344621_C5a6,1,sorafenib
Data18_GSM5344621_C5a8,1,sorafenib
Data18_GSM5344621_C5a9,1,sorafenib
Data18_GSM5344621_C5ab,1,sorafenib
Data18_GSM5344621_C5ac,1,sorafenib
Data18_GSM5344621_C5ad,1,sorafenib
Data18_GSM5344621_C5ae,1,sorafenib
Data18_GSM5344621_C5b0,1,sorafenib
Data18_GSM5344621_C5b1,1,sorafenib
Data18_GSM5344621_C5b2,1,sorafenib
Data18_GSM5344621_C5b5,1,sorafenib
Data18_GSM5344621_C5b6,1,sorafenib
Data18_GSM5344621_C5b8,1,sorafenib
Data18_GSM5344621_C5ba,1,sorafenib
Data18_GSM5344621_C5bd,1,sorafenib
Data18_GSM5344621_C5bf,1,sorafenib
Data18_GSM5344621_C5c0,1,sorafenib
Data18_GSM5344621_C5c1,1,sorafenib
Data18_GSM5344621_C5c2,1,sorafenib
Data18_GSM5344621_C5c3,1,sorafenib
Data18_GSM5344621_C5c4,1,sorafenib
Data18_GSM5344621_C5c5,1,sorafenib
Data18_GSM5344621_C5c6,1,sorafenib
Data18_GSM5344621_C5c7,1,sorafenib
Data18_GSM5344621_C5c9,1,sorafenib
Data18_GSM5344621_C5cb,1,sorafenib
Data18_GSM5344621_C5cc,1,sorafenib
Data18_GSM5344621_C5cf,1,sorafenib
Data18_GSM5344621_C5d0,1,sorafenib
Data18_GSM5344621_C5d1,1,sorafenib
Data18_GSM5344621_C5d2,1,sorafenib
Data18_GSM5344621_C5d4,1,sorafenib
Data18_GSM5344621_C5d5,1,sorafenib
Data18_GSM5344621_C5d9,1,sorafenib
Data18_GSM5344621_C5da,1,sorafenib
Data18_GSM5344621_C5dc,1,sorafenib
Data18_GSM5344621_C5dd,1,sorafenib
Data18_GSM5344621_C5df,1,sorafenib
Data18_GSM5344621_C5e0,1,sorafenib
Data18_GSM5344621_C5e1,1,sorafenib
Data18_GSM5344621_C5e2,1,sorafenib
Data18_GSM5344621_C5e3,1,sorafenib
Data18_GSM5344621_C5e5,1,sorafenib
Data18_GSM5344621_C5e7,1,sorafenib
Data18_GSM5344621_C5ea,1,sorafenib
Data18_GSM5344621_C5eb,1,sorafenib
Data18_GSM5344621_C5ec,1,sorafenib
Data18_GSM5344621_C5ed,1,sorafenib
Data18_GSM5344621_C5ee,1,sorafenib
Data18_GSM5344621_C5ef,1,sorafenib
Data18_GSM5344621_C5f1,1,sorafenib
Data18_GSM5344621_C5f3,1,sorafenib
Data18_GSM5344621_C5f4,1,sorafenib
Data18_GSM5344621_C5f6,1,sorafenib
Data18_GSM5344621_C5f7,1,sorafenib
Data18_GSM5344621_C5f8,1,sorafenib
Data18_GSM5344621_C5fb,1,sorafenib
Data18_GSM5344621_C5fd,1,sorafenib
Data18_GSM5344621_C5ff,1,sorafenib
Data18_GSM5344621_C600,1,sorafenib
Data18_GSM5344621_C602,1,sorafenib
Data18_GSM5344621_C603,1,sorafenib
Data18_GSM5344621_C609,1,sorafenib
Data18_GSM5344621_C60a,1,sorafenib
Data18_GSM5344621_C60c,1,sorafenib
Data18_GSM5344621_C60e,1,sorafenib
Data18_GSM5344621_C612,1,sorafenib
Data18_GSM5344621_C613,1,sorafenib
Data18_GSM5344621_C614,1,sorafenib
Data18_GSM5344621_C617,1,sorafenib
Data18_GSM5344621_C619,1,sorafenib
Data18_GSM5344621_C61a,1,sorafenib
Data18_GSM5344621_C61b,1,sorafenib
Data18_GSM5344621_C61c,1,sorafenib
Data18_GSM5344621_C61d,1,sorafenib
Data18_GSM5344621_C61e,1,sorafenib
Data18_GSM5344621_C620,1,sorafenib
Data18_GSM5344621_C621,1,sorafenib
Data18_GSM5344621_C622,1,sorafenib
Data18_GSM5344621_C623,1,sorafenib
Data18_GSM5344621_C624,1,sorafenib
Data18_GSM5344621_C625,1,sorafenib
Data18_GSM5344621_C626,1,sorafenib
Data18_GSM5344621_C628,1,sorafenib
Data18_GSM5344621_C629,1,sorafenib
Data18_GSM5344621_C62b,1,sorafenib
Data18_GSM5344621_C62c,1,sorafenib
Data18_GSM5344621_C62d,1,sorafenib
Data18_GSM5344621_C62e,1,sorafenib
Data18_GSM5344621_C631,1,sorafenib
Data18_GSM5344621_C635,1,sorafenib
Data18_GSM5344621_C638,1,sorafenib
Data18_GSM5344621_C639,1,sorafenib
Data18_GSM5344621_C63a,1,sorafenib
Data18_GSM5344621_C63b,1,sorafenib
Data18_GSM5344621_C63e,1,sorafenib
Data18_GSM5344621_C641,1,sorafenib
Data18_GSM5344621_C643,1,sorafenib
Data18_GSM5344621_C645,1,sorafenib
Data18_GSM5344621_C646,1,sorafenib
Data18_GSM5344621_C647,1,sorafenib
Data18_GSM5344621_C648,1,sorafenib
Data18_GSM5344621_C64f,1,sorafenib
Data18_GSM5344621_C651,1,sorafenib
Data18_GSM5344621_C654,1,sorafenib
Data18_GSM5344621_C655,1,sorafenib
Data18_GSM5344621_C657,1,sorafenib
Data18_GSM5344621_C658,1,sorafenib
Data18_GSM5344621_C659,1,sorafenib
Data18_GSM5344621_C65b,1,sorafenib
Data18_GSM5344621_C65d,1,sorafenib
Data18_GSM5344621_C65e,1,sorafenib
Data18_GSM5344621_C660,1,sorafenib
Data18_GSM5344621_C662,1,sorafenib
Data18_GSM5344621_C663,1,sorafenib
Data18_GSM5344621_C666,1,sorafenib
Data18_GSM5344621_C669,1,sorafenib
Data18_GSM5344621_C66b,1,sorafenib
Data18_GSM5344621_C66d,1,sorafenib
Data18_GSM5344621_C66e,1,sorafenib
Data18_GSM5344621_C66f,1,sorafenib
Data18_GSM5344621_C673,1,sorafenib
Data18_GSM5344621_C674,1,sorafenib
Data18_GSM5344621_C675,1,sorafenib
Data18_GSM5344621_C676,1,sorafenib
Data18_GSM5344621_C677,1,sorafenib
Data18_GSM5344621_C679,1,sorafenib
Data18_GSM5344621_C67a,1,sorafenib
Data18_GSM5344621_C67b,1,sorafenib
Data18_GSM5344621_C67d,1,sorafenib
Data18_GSM5344621_C681,1,sorafenib
Data18_GSM5344621_C682,1,sorafenib
Data18_GSM5344621_C685,1,sorafenib
Data18_GSM5344621_C686,1,sorafenib
Data18_GSM5344621_C687,1,sorafenib
Data18_GSM5344621_C688,1,sorafenib
Data18_GSM5344621_C689,1,sorafenib
Data18_GSM5344621_C68a,1,sorafenib
Data18_GSM5344621_C68b,1,sorafenib
Data18_GSM5344621_C68c,1,sorafenib
Data18_GSM5344621_C68d,1,sorafenib
Data18_GSM5344621_C68e,1,sorafenib
Data18_GSM5344621_C68f,1,sorafenib
Data18_GSM5344621_C690,1,sorafenib
Data18_GSM5344621_C692,1,sorafenib
Data18_GSM5344621_C693,1,sorafenib
Data18_GSM5344621_C695,1,sorafenib
Data18_GSM5344621_C696,1,sorafenib
Data18_GSM5344621_C697,1,sorafenib
Data18_GSM5344621_C69c,1,sorafenib
Data18_GSM5344621_C69e,1,sorafenib
Data18_GSM5344621_C69f,1,sorafenib
Data18_GSM5344621_C6a0,1,sorafenib
Data18_GSM5344621_C6a2,1,sorafenib
Data18_GSM5344621_C6a3,1,sorafenib
Data18_GSM5344621_C6a4,1,sorafenib
Data18_GSM5344621_C6a5,1,sorafenib
Data18_GSM5344621_C6a7,1,sorafenib
Data18_GSM5344621_C6a9,1,sorafenib
Data18_GSM5344621_C6ad,1,sorafenib
Data18_GSM5344621_C6b0,1,sorafenib
Data18_GSM5344621_C6b1,1,sorafenib
Data18_GSM5344621_C6b2,1,sorafenib
Data18_GSM5344621_C6b3,1,sorafenib
Data18_GSM5344621_C6b4,1,sorafenib
Data18_GSM5344621_C6b7,1,sorafenib
Data18_GSM5344621_C6b8,1,sorafenib
Data18_GSM5344621_C6b9,1,sorafenib
Data18_GSM5344621_C6bb,1,sorafenib
Data18_GSM5344621_C6bc,1,sorafenib
Data18_GSM5344621_C6bd,1,sorafenib
Data18_GSM5344621_C6c0,1,sorafenib
Data18_GSM5344621_C6c1,1,sorafenib
Data18_GSM5344621_C6c4,1,sorafenib
Data18_GSM5344621_C6c7,1,sorafenib
Data18_GSM5344621_C6c9,1,sorafenib
Data18_GSM5344621_C6ca,1,sorafenib
Data18_GSM5344621_C6cb,1,sorafenib
Data18_GSM5344621_C6cd,1,sorafenib
Data18_GSM5344621_C6ce,1,sorafenib
Data18_GSM5344621_C6cf,1,sorafenib
Data18_GSM5344621_C6d1,1,sorafenib
Data18_GSM5344621_C6d4,1,sorafenib
Data18_GSM5344621_C6d7,1,sorafenib
Data18_GSM5344621_C6d8,1,sorafenib
Data18_GSM5344621_C6d9,1,sorafenib
Data18_GSM5344621_C6da,1,sorafenib
Data18_GSM5344621_C6db,1,sorafenib
Data18_GSM5344621_C6dc,1,sorafenib
Data18_GSM5344621_C6de,1,sorafenib
Data18_GSM5344621_C6df,1,sorafenib
Data18_GSM5344621_C6e1,1,sorafenib
Data18_GSM5344621_C6e4,1,sorafenib
Data18_GSM5344621_C6e7,1,sorafenib
Data18_GSM5344621_C6ea,1,sorafenib
Data18_GSM5344621_C6eb,1,sorafenib
Data18_GSM5344621_C6ec,1,sorafenib
Data18_GSM5344621_C6ee,1,sorafenib
Data18_GSM5344621_C6f1,1,sorafenib
Data18_GSM5344621_C6f5,1,sorafenib
Data18_GSM5344621_C6f7,1,sorafenib
Data18_GSM5344621_C6f8,1,sorafenib
Data18_GSM5344621_C6fa,1,sorafenib
Data18_GSM5344621_C6fe,1,sorafenib
Data18_GSM5344621_C6ff,1,sorafenib
Data18_GSM5344621_C700,1,sorafenib
Data18_GSM5344621_C702,1,sorafenib
Data18_GSM5344621_C703,1,sorafenib
Data18_GSM5344621_C705,1,sorafenib
Data18_GSM5344621_C706,1,sorafenib
Data18_GSM5344621_C707,1,sorafenib
Data18_GSM5344621_C70b,1,sorafenib
Data18_GSM5344621_C70c,1,sorafenib
Data18_GSM5344621_C70d,1,sorafenib
Data18_GSM5344621_C70e,1,sorafenib
Data18_GSM5344621_C711,1,sorafenib
Data18_GSM5344621_C712,1,sorafenib
Data18_GSM5344621_C713,1,sorafenib
Data18_GSM5344621_C715,1,sorafenib
Data18_GSM5344621_C716,1,sorafenib
Data18_GSM5344621_C717,1,sorafenib
Data18_GSM5344621_C718,1,sorafenib
Data18_GSM5344621_C719,1,sorafenib
Data18_GSM5344621_C71d,1,sorafenib
Data18_GSM5344621_C71f,1,sorafenib
Data18_GSM5344621_C720,1,sorafenib
Data18_GSM5344621_C721,1,sorafenib
Data18_GSM5344621_C725,1,sorafenib
Data18_GSM5344621_C726,1,sorafenib
Data18_GSM5344621_C727,1,sorafenib
Data18_GSM5344621_C72a,1,sorafenib
Data18_GSM5344621_C72b,1,sorafenib
Data18_GSM5344621_C72c,1,sorafenib
Data18_GSM5344621_C730,1,sorafenib
Data18_GSM5344621_C731,1,sorafenib
Data18_GSM5344621_C733,1,sorafenib
Data18_GSM5344621_C734,1,sorafenib
Data18_GSM5344621_C735,1,sorafenib
Data18_GSM5344621_C737,1,sorafenib
Data18_GSM5344621_C738,1,sorafenib
Data18_GSM5344621_C73c,1,sorafenib
Data18_GSM5344621_C73d,1,sorafenib
Data18_GSM5344621_C740,1,sorafenib
Data18_GSM5344621_C743,1,sorafenib
Data18_GSM5344621_C744,1,sorafenib
Data18_GSM5344621_C745,1,sorafenib
Data18_GSM5344621_C746,1,sorafenib
Data18_GSM5344621_C748,1,sorafenib
Data18_GSM5344621_C749,1,sorafenib
Data18_GSM5344621_C74a,1,sorafenib
Data18_GSM5344621_C74c,1,sorafenib
Data18_GSM5344621_C74d,1,sorafenib
Data18_GSM5344621_C74e,1,sorafenib
Data18_GSM5344621_C752,1,sorafenib
Data18_GSM5344621_C755,1,sorafenib
Data18_GSM5344621_C758,1,sorafenib
Data18_GSM5344621_C75a,1,sorafenib
Data18_GSM5344621_C75b,1,sorafenib
Data18_GSM5344621_C75c,1,sorafenib
Data18_GSM5344621_C75d,1,sorafenib
Data18_GSM5344621_C75f,1,sorafenib
Data18_GSM5344621_C761,1,sorafenib
Data18_GSM5344621_C763,1,sorafenib
Data18_GSM5344621_C764,1,sorafenib
Data18_GSM5344621_C766,1,sorafenib
Data18_GSM5344621_C767,1,sorafenib
Data18_GSM5344621_C769,1,sorafenib
Data18_GSM5344621_C76a,1,sorafenib
Data18_GSM5344621_C76b,1,sorafenib
Data18_GSM5344621_C76c,1,sorafenib
Data18_GSM5344621_C76e,1,sorafenib
Data18_GSM5344621_C76f,1,sorafenib
Data18_GSM5344621_C770,1,sorafenib
Data18_GSM5344621_C771,1,sorafenib
Data18_GSM5344621_C772,1,sorafenib
Data18_GSM5344621_C774,1,sorafenib
Data18_GSM5344621_C775,1,sorafenib
Data18_GSM5344621_C777,1,sorafenib
Data18_GSM5344621_C778,1,sorafenib
Data18_GSM5344621_C779,1,sorafenib
Data18_GSM5344621_C77a,1,sorafenib
Data18_GSM5344621_C77b,1,sorafenib
Data18_GSM5344621_C77f,1,sorafenib
Data18_GSM5344621_C780,1,sorafenib
Data18_GSM5344621_C782,1,sorafenib
Data18_GSM5344621_C783,1,sorafenib
Data18_GSM5344621_C784,1,sorafenib
Data18_GSM5344621_C786,1,sorafenib
Data18_GSM5344621_C787,1,sorafenib
Data18_GSM5344621_C788,1,sorafenib
Data18_GSM5344621_C78a,1,sorafenib
Data18_GSM5344621_C78b,1,sorafenib
Data18_GSM5344621_C78c,1,sorafenib
Data18_GSM5344621_C78e,1,sorafenib
Data18_GSM5344621_C791,1,sorafenib
Data18_GSM5344621_C792,1,sorafenib
Data18_GSM5344621_C794,1,sorafenib
Data18_GSM5344621_C797,1,sorafenib
Data18_GSM5344621_C799,1,sorafenib
Data18_GSM5344621_C79b,1,sorafenib
Data18_GSM5344621_C79c,1,sorafenib
Data18_GSM5344621_C79e,1,sorafenib
Data18_GSM5344621_C79f,1,sorafenib
Data18_GSM5344621_C7a0,1,sorafenib
Data18_GSM5344621_C7a1,1,sorafenib
Data18_GSM5344621_C7a2,1,sorafenib
Data18_GSM5344621_C7a4,1,sorafenib
Data18_GSM5344621_C7a5,1,sorafenib
Data18_GSM5344621_C7a9,1,sorafenib
Data18_GSM5344621_C7ab,1,sorafenib
Data18_GSM5344621_C7ac,1,sorafenib
Data18_GSM5344621_C7ad,1,sorafenib
Data18_GSM5344621_C7b1,1,sorafenib
Data18_GSM5344621_C7b2,1,sorafenib
Data18_GSM5344621_C7b3,1,sorafenib
Data18_GSM5344621_C7b4,1,sorafenib
Data18_GSM5344621_C7b5,1,sorafenib
Data18_GSM5344621_C7b6,1,sorafenib
Data18_GSM5344621_C7b8,1,sorafenib
Data18_GSM5344621_C7b9,1,sorafenib
Data18_GSM5344621_C7ba,1,sorafenib
Data18_GSM5344621_C7bb,1,sorafenib
Data18_GSM5344621_C7bd,1,sorafenib
Data18_GSM5344621_C7be,1,sorafenib
Data18_GSM5344621_C7c3,1,sorafenib
Data18_GSM5344621_C7c4,1,sorafenib
Data18_GSM5344621_C7c5,1,sorafenib
Data18_GSM5344621_C7c6,1,sorafenib
Data18_GSM5344621_C7c7,1,sorafenib
Data18_GSM5344621_C7c8,1,sorafenib
Data18_GSM5344621_C7ca,1,sorafenib
Data18_GSM5344621_C7cc,1,sorafenib
Data18_GSM5344621_C7cd,1,sorafenib
Data18_GSM5344621_C7d2,1,sorafenib
Data18_GSM5344621_C7d4,1,sorafenib
Data18_GSM5344621_C7d8,1,sorafenib
Data18_GSM5344621_C7da,1,sorafenib
Data18_GSM5344621_C7db,1,sorafenib
Data18_GSM5344621_C7dc,1,sorafenib
Data18_GSM5344621_C7dd,1,sorafenib
Data18_GSM5344621_C7de,1,sorafenib
Data18_GSM5344621_C7df,1,sorafenib
Data18_GSM5344621_C7e4,1,sorafenib
Data18_GSM5344621_C7e5,1,sorafenib
Data18_GSM5344621_C7e6,1,sorafenib
Data18_GSM5344621_C7e7,1,sorafenib
Data18_GSM5344621_C7e8,1,sorafenib
Data18_GSM5344621_C7e9,1,sorafenib
Data18_GSM5344621_C7ed,1,sorafenib
Data18_GSM5344621_C7ee,1,sorafenib
Data18_GSM5344621_C7f1,1,sorafenib
Data18_GSM5344621_C7f2,1,sorafenib
Data18_GSM5344621_C7f6,1,sorafenib
Data18_GSM5344621_C7fa,1,sorafenib
Data18_GSM5344621_C7fc,1,sorafenib
Data18_GSM5344621_C7ff,1,sorafenib
Data18_GSM5344621_C800,1,sorafenib
Data18_GSM5344621_C801,1,sorafenib
Data18_GSM5344621_C802,1,sorafenib
Data18_GSM5344621_C803,1,sorafenib
Data18_GSM5344621_C806,1,sorafenib
Data18_GSM5344621_C807,1,sorafenib
Data18_GSM5344621_C809,1,sorafenib
Data18_GSM5344621_C80a,1,sorafenib
Data18_GSM5344621_C80c,1,sorafenib
Data18_GSM5344621_C80e,1,sorafenib
Data18_GSM5344621_C80f,1,sorafenib
Data18_GSM5344621_C812,1,sorafenib
Data18_GSM5344621_C813,1,sorafenib
Data18_GSM5344621_C814,1,sorafenib
Data18_GSM5344621_C816,1,sorafenib
Data18_GSM5344621_C817,1,sorafenib
Data18_GSM5344621_C818,1,sorafenib
Data18_GSM5344621_C819,1,sorafenib
Data18_GSM5344621_C81b,1,sorafenib
Data18_GSM5344621_C81c,1,sorafenib
Data18_GSM5344621_C81d,1,sorafenib
Data18_GSM5344621_C81e,1,sorafenib
Data18_GSM5344621_C81f,1,sorafenib
Data18_GSM5344621_C821,1,sorafenib
Data18_GSM5344621_C822,1,sorafenib
Data18_GSM5344621_C823,1,sorafenib
Data18_GSM5344621_C824,1,sorafenib
Data18_GSM5344621_C828,1,sorafenib
Data18_GSM5344621_C829,1,sorafenib
Data18_GSM5344621_C82b,1,sorafenib
Data18_GSM5344621_C82c,1,sorafenib
Data18_GSM5344621_C82d,1,sorafenib
Data18_GSM5344621_C832,1,sorafenib
Data18_GSM5344621_C833,1,sorafenib
Data18_GSM5344621_C834,1,sorafenib
Data18_GSM5344621_C835,1,sorafenib
Data18_GSM5344621_C837,1,sorafenib
Data18_GSM5344621_C839,1,sorafenib
Data18_GSM5344621_C83a,1,sorafenib
Data18_GSM5344621_C83d,1,sorafenib
Data18_GSM5344621_C83e,1,sorafenib
Data18_GSM5344621_C840,1,sorafenib
Data18_GSM5344621_C841,1,sorafenib
Data18_GSM5344621_C842,1,sorafenib
Data18_GSM5344621_C843,1,sorafenib
Data18_GSM5344621_C844,1,sorafenib
Data18_GSM5344621_C845,1,sorafenib
Data18_GSM5344621_C846,1,sorafenib
Data18_GSM5344621_C848,1,sorafenib
Data18_GSM5344621_C849,1,sorafenib
Data18_GSM5344621_C84b,1,sorafenib
Data18_GSM5344621_C84c,1,sorafenib
Data18_GSM5344621_C84f,1,sorafenib
Data18_GSM5344621_C850,1,sorafenib
Data18_GSM5344621_C852,1,sorafenib
Data18_GSM5344621_C854,1,sorafenib
Data18_GSM5344621_C855,1,sorafenib
Data18_GSM5344621_C856,1,sorafenib
Data18_GSM5344621_C858,1,sorafenib
Data18_GSM5344621_C85a,1,sorafenib
Data18_GSM5344621_C85c,1,sorafenib
Data18_GSM5344621_C85d,1,sorafenib
Data18_GSM5344621_C85e,1,sorafenib
Data18_GSM5344621_C85f,1,sorafenib
Data18_GSM5344621_C860,1,sorafenib
Data18_GSM5344621_C861,1,sorafenib
Data18_GSM5344621_C864,1,sorafenib
Data18_GSM5344621_C865,1,sorafenib
Data18_GSM5344621_C867,1,sorafenib
Data18_GSM5344621_C869,1,sorafenib
Data18_GSM5344621_C86a,1,sorafenib
Data18_GSM5344621_C86b,1,sorafenib
Data18_GSM5344621_C86d,1,sorafenib
Data18_GSM5344621_C86e,1,sorafenib
Data18_GSM5344621_C870,1,sorafenib
Data18_GSM5344621_C872,1,sorafenib
Data18_GSM5344621_C874,1,sorafenib
Data18_GSM5344621_C877,1,sorafenib
Data18_GSM5344621_C878,1,sorafenib
Data18_GSM5344621_C879,1,sorafenib
Data18_GSM5344621_C87a,1,sorafenib
Data18_GSM5344621_C87b,1,sorafenib
Data18_GSM5344621_C87e,1,sorafenib
Data18_GSM5344621_C880,1,sorafenib
Data18_GSM5344621_C881,1,sorafenib
Data18_GSM5344621_C882,1,sorafenib
Data18_GSM5344621_C883,1,sorafenib
Data18_GSM5344621_C885,1,sorafenib
Data18_GSM5344621_C886,1,sorafenib
Data18_GSM5344621_C887,1,sorafenib
Data18_GSM5344621_C88e,1,sorafenib
Data18_GSM5344621_C88f,1,sorafenib
Data18_GSM5344621_C890,1,sorafenib
Data18_GSM5344621_C892,1,sorafenib
Data18_GSM5344621_C894,1,sorafenib
Data18_GSM5344621_C895,1,sorafenib
Data18_GSM5344621_C896,1,sorafenib
Data18_GSM5344621_C897,1,sorafenib
Data18_GSM5344621_C899,1,sorafenib
Data18_GSM5344621_C89a,1,sorafenib
Data18_GSM5344621_C89b,1,sorafenib
Data18_GSM5344621_C89e,1,sorafenib
Data18_GSM5344621_C89f,1,sorafenib
Data18_GSM5344621_C8a1,1,sorafenib
Data18_GSM5344621_C8a3,1,sorafenib
Data18_GSM5344621_C8a4,1,sorafenib
Data18_GSM5344621_C8a6,1,sorafenib
Data18_GSM5344621_C8a7,1,sorafenib
Data18_GSM5344621_C8a8,1,sorafenib
Data18_GSM5344621_C8aa,1,sorafenib
Data18_GSM5344621_C8ab,1,sorafenib
Data18_GSM5344621_C8ac,1,sorafenib
Data18_GSM5344621_C8ad,1,sorafenib
Data18_GSM5344621_C8ae,1,sorafenib
Data18_GSM5344621_C8af,1,sorafenib
Data18_GSM5344621_C8b0,1,sorafenib
Data18_GSM5344621_C8b3,1,sorafenib
Data18_GSM5344621_C8b4,1,sorafenib
Data18_GSM5344621_C8b6,1,sorafenib
Data18_GSM5344621_C8b7,1,sorafenib
Data18_GSM5344621_C8b8,1,sorafenib
Data18_GSM5344621_C8ba,1,sorafenib
Data18_GSM5344621_C8bb,1,sorafenib
Data18_GSM5344621_C8bc,1,sorafenib
Data18_GSM5344621_C8bd,1,sorafenib
Data18_GSM5344621_C8be,1,sorafenib
Data18_GSM5344621_C8c1,1,sorafenib
Data18_GSM5344621_C8c3,1,sorafenib
Data18_GSM5344621_C8c4,1,sorafenib
Data18_GSM5344621_C8c7,1,sorafenib
Data18_GSM5344621_C8c8,1,sorafenib
Data18_GSM5344621_C8cc,1,sorafenib
Data18_GSM5344621_C8ce,1,sorafenib
Data18_GSM5344621_C8cf,1,sorafenib
Data18_GSM5344621_C8d0,1,sorafenib
Data18_GSM5344621_C8d4,1,sorafenib
Data18_GSM5344621_C8d5,1,sorafenib
Data18_GSM5344621_C8d8,1,sorafenib
Data18_GSM5344621_C8d9,1,sorafenib
Data18_GSM5344621_C8dc,1,sorafenib
Data18_GSM5344621_C8df,1,sorafenib
Data18_GSM5344621_C8e3,1,sorafenib
Data18_GSM5344621_C8e5,1,sorafenib
Data18_GSM5344621_C8e6,1,sorafenib
Data18_GSM5344621_C8e7,1,sorafenib
Data18_GSM5344621_C8e9,1,sorafenib
Data18_GSM5344621_C8eb,1,sorafenib
Data18_GSM5344621_C8ec,1,sorafenib
Data18_GSM5344621_C8ed,1,sorafenib
Data18_GSM5344621_C8ee,1,sorafenib
Data18_GSM5344621_C8ef,1,sorafenib
Data18_GSM5344621_C8f3,1,sorafenib
Data18_GSM5344621_C8f4,1,sorafenib
Data18_GSM5344621_C8f5,1,sorafenib
Data18_GSM5344621_C8f6,1,sorafenib
Data18_GSM5344621_C8f7,1,sorafenib
Data18_GSM5344621_C8f8,1,sorafenib
Data18_GSM5344621_C8fa,1,sorafenib
Data18_GSM5344621_C8fb,1,sorafenib
Data18_GSM5344621_C8fc,1,sorafenib
Data18_GSM5344621_C8ff,1,sorafenib
Data18_GSM5344621_C900,1,sorafenib
Data18_GSM5344621_C901,1,sorafenib
Data18_GSM5344621_C905,1,sorafenib
Data18_GSM5344621_C90a,1,sorafenib
Data18_GSM5344621_C90d,1,sorafenib
Data18_GSM5344621_C90e,1,sorafenib
Data18_GSM5344621_C910,1,sorafenib
Data18_GSM5344621_C911,1,sorafenib
Data18_GSM5344621_C912,1,sorafenib
Data18_GSM5344621_C913,1,sorafenib
Data18_GSM5344621_C914,1,sorafenib
Data18_GSM5344621_C915,1,sorafenib
Data18_GSM5344621_C918,1,sorafenib
Data18_GSM5344621_C919,1,sorafenib
Data18_GSM5344621_C91a,1,sorafenib
Data18_GSM5344621_C91b,1,sorafenib
Data18_GSM5344621_C91f,1,sorafenib
Data18_GSM5344621_C920,1,sorafenib
Data18_GSM5344621_C921,1,sorafenib
Data18_GSM5344621_C923,1,sorafenib
Data18_GSM5344621_C926,1,sorafenib
Data18_GSM5344621_C928,1,sorafenib
Data18_GSM5344621_C929,1,sorafenib
Data18_GSM5344621_C92a,1,sorafenib
Data18_GSM5344621_C92b,1,sorafenib
Data18_GSM5344621_C92c,1,sorafenib
Data18_GSM5344621_C92e,1,sorafenib
Data18_GSM5344621_C92f,1,sorafenib
Data18_GSM5344621_C930,1,sorafenib
Data18_GSM5344621_C931,1,sorafenib
Data18_GSM5344621_C933,1,sorafenib
Data18_GSM5344621_C935,1,sorafenib
Data18_GSM5344621_C936,1,sorafenib
Data18_GSM5344621_C938,1,sorafenib
Data18_GSM5344621_C93a,1,sorafenib
Data18_GSM5344621_C93b,1,sorafenib
Data18_GSM5344621_C93d,1,sorafenib
Data18_GSM5344621_C93e,1,sorafenib
Data18_GSM5344621_C93f,1,sorafenib
Data18_GSM5344621_C940,1,sorafenib
Data18_GSM5344621_C941,1,sorafenib
Data18_GSM5344621_C942,1,sorafenib
Data18_GSM5344621_C946,1,sorafenib
Data18_GSM5344621_C947,1,sorafenib
Data18_GSM5344621_C949,1,sorafenib
Data18_GSM5344621_C94a,1,sorafenib
Data18_GSM5344621_C94b,1,sorafenib
Data18_GSM5344621_C94c,1,sorafenib
Data18_GSM5344621_C94e,1,sorafenib
Data18_GSM5344621_C951,1,sorafenib
Data18_GSM5344621_C952,1,sorafenib
Data18_GSM5344621_C953,1,sorafenib
Data18_GSM5344621_C954,1,sorafenib
Data18_GSM5344621_C955,1,sorafenib
Data18_GSM5344621_C956,1,sorafenib
Data18_GSM5344621_C957,1,sorafenib
Data18_GSM5344621_C959,1,sorafenib
Data18_GSM5344621_C95d,1,sorafenib
Data18_GSM5344621_C962,1,sorafenib
Data18_GSM5344621_C965,1,sorafenib
Data18_GSM5344621_C967,1,sorafenib
Data18_GSM5344621_C969,1,sorafenib
Data18_GSM5344621_C96a,1,sorafenib
Data18_GSM5344621_C96b,1,sorafenib
Data18_GSM5344621_C96c,1,sorafenib
Data18_GSM5344621_C96d,1,sorafenib
Data18_GSM5344621_C96e,1,sorafenib
Data18_GSM5344621_C96f,1,sorafenib
Data18_GSM5344621_C971,1,sorafenib
Data18_GSM5344621_C973,1,sorafenib
Data18_GSM5344621_C975,1,sorafenib
Data18_GSM5344621_C976,1,sorafenib
Data18_GSM5344621_C977,1,sorafenib
Data18_GSM5344621_C978,1,sorafenib
Data18_GSM5344621_C97a,1,sorafenib
Data18_GSM5344621_C97b,1,sorafenib
Data18_GSM5344621_C97c,1,sorafenib
Data18_GSM5344621_C97e,1,sorafenib
Data18_GSM5344621_C97f,1,sorafenib
Data18_GSM5344621_C980,1,sorafenib
Data18_GSM5344621_C981,1,sorafenib
Data18_GSM5344621_C982,1,sorafenib
Data18_GSM5344621_C983,1,sorafenib
Data18_GSM5344621_C984,1,sorafenib
Data18_GSM5344621_C985,1,sorafenib
Data18_GSM5344621_C986,1,sorafenib
Data18_GSM5344621_C987,1,sorafenib
Data18_GSM5344621_C989,1,sorafenib
Data18_GSM5344621_C98d,1,sorafenib
Data18_GSM5344621_C98f,1,sorafenib
Data18_GSM5344621_C990,1,sorafenib
Data18_GSM5344621_C991,1,sorafenib
Data18_GSM5344621_C992,1,sorafenib
Data18_GSM5344621_C994,1,sorafenib
Data18_GSM5344621_C995,1,sorafenib
Data18_GSM5344621_C996,1,sorafenib
Data18_GSM5344621_C997,1,sorafenib
Data18_GSM5344621_C999,1,sorafenib
Data18_GSM5344621_C99b,1,sorafenib
Data18_GSM5344621_C99c,1,sorafenib
Data18_GSM5344621_C99f,1,sorafenib
Data18_GSM5344621_C9a1,1,sorafenib
Data18_GSM5344621_C9a4,1,sorafenib
Data18_GSM5344621_C9a5,1,sorafenib
Data18_GSM5344621_C9a6,1,sorafenib
Data18_GSM5344621_C9a7,1,sorafenib
Data18_GSM5344621_C9a8,1,sorafenib
Data18_GSM5344621_C9a9,1,sorafenib
Data18_GSM5344621_C9aa,1,sorafenib
Data18_GSM5344621_C9ab,1,sorafenib
Data18_GSM5344621_C9ac,1,sorafenib
Data18_GSM5344621_C9ad,1,sorafenib
Data18_GSM5344621_C9ae,1,sorafenib
Data18_GSM5344621_C9af,1,sorafenib
Data18_GSM5344621_C9b0,1,sorafenib
Data18_GSM5344621_C9b1,1,sorafenib
Data18_GSM5344621_C9b2,1,sorafenib
Data18_GSM5344621_C9b3,1,sorafenib
Data18_GSM5344621_C9b4,1,sorafenib
Data18_GSM5344621_C9b5,1,sorafenib
Data18_GSM5344621_C9b7,1,sorafenib
Data18_GSM5344621_C9b9,1,sorafenib
Data18_GSM5344621_C9ba,1,sorafenib
Data18_GSM5344621_C9bb,1,sorafenib
Data18_GSM5344621_C9bc,1,sorafenib
Data18_GSM5344621_C9c0,1,sorafenib
Data18_GSM5344621_C9c2,1,sorafenib
Data18_GSM5344621_C9c3,1,sorafenib
Data18_GSM5344621_C9c5,1,sorafenib
Data18_GSM5344621_C9c6,1,sorafenib
Data18_GSM5344621_C9c7,1,sorafenib
Data18_GSM5344621_C9c8,1,sorafenib
Data18_GSM5344621_C9ca,1,sorafenib
Data18_GSM5344621_C9cd,1,sorafenib
Data18_GSM5344621_C9ce,1,sorafenib
Data18_GSM5344621_C9cf,1,sorafenib
Data18_GSM5344621_C9d0,1,sorafenib
Data18_GSM5344621_C9d1,1,sorafenib
Data18_GSM5344621_C9d3,1,sorafenib
Data18_GSM5344621_C9d4,1,sorafenib
Data18_GSM5344621_C9d5,1,sorafenib
Data18_GSM5344621_C9d6,1,sorafenib
Data18_GSM5344621_C9d9,1,sorafenib
Data18_GSM5344621_C9db,1,sorafenib
Data18_GSM5344621_C9dc,1,sorafenib
Data18_GSM5344621_C9dd,1,sorafenib
Data18_GSM5344621_C9de,1,sorafenib
Data18_GSM5344621_C9df,1,sorafenib
Data18_GSM5344621_C9e0,1,sorafenib
Data18_GSM5344621_C9e1,1,sorafenib
Data18_GSM5344621_C9e2,1,sorafenib
Data18_GSM5344621_C9e4,1,sorafenib
Data18_GSM5344621_C9e5,1,sorafenib
Data18_GSM5344621_C9e7,1,sorafenib
Data18_GSM5344621_C9e8,1,sorafenib
Data18_GSM5344621_C9ea,1,sorafenib
Data18_GSM5344621_C9eb,1,sorafenib
Data18_GSM5344621_C9ec,1,sorafenib
Data18_GSM5344621_C9ed,1,sorafenib
Data18_GSM5344621_C9f0,1,sorafenib
Data18_GSM5344621_C9f1,1,sorafenib
Data18_GSM5344621_C9f2,1,sorafenib
Data18_GSM5344621_C9f6,1,sorafenib
Data18_GSM5344621_C9f8,1,sorafenib
Data18_GSM5344621_C9fa,1,sorafenib
Data18_GSM5344621_C9fc,1,sorafenib
Data18_GSM5344621_C9fd,1,sorafenib
Data18_GSM5344621_C9fe,1,sorafenib
Data18_GSM5344621_Ca02,1,sorafenib
Data18_GSM5344621_Ca03,1,sorafenib
Data18_GSM5344621_Ca04,1,sorafenib
Data18_GSM5344621_Ca05,1,sorafenib
Data18_GSM5344621_Ca06,1,sorafenib
Data18_GSM5344621_Ca07,1,sorafenib
Data18_GSM5344621_Ca08,1,sorafenib
Data18_GSM5344621_Ca0a,1,sorafenib
Data18_GSM5344621_Ca0b,1,sorafenib
Data18_GSM5344621_Ca0c,1,sorafenib
Data18_GSM5344621_Ca0d,1,sorafenib
Data18_GSM5344621_Ca0f,1,sorafenib
Data18_GSM5344621_Ca11,1,sorafenib
Data18_GSM5344621_Ca13,1,sorafenib
Data18_GSM5344621_Ca14,1,sorafenib
Data18_GSM5344621_Ca16,1,sorafenib
Data18_GSM5344621_Ca18,1,sorafenib
Data18_GSM5344621_Ca19,1,sorafenib
Data18_GSM5344621_Ca1b,1,sorafenib
Data18_GSM5344621_Ca1c,1,sorafenib
Data18_GSM5344621_Ca1e,1,sorafenib
Data18_GSM5344621_Ca1f,1,sorafenib
Data18_GSM5344621_Ca20,1,sorafenib
Data18_GSM5344621_Ca21,1,sorafenib
Data18_GSM5344621_Ca22,1,sorafenib
Data18_GSM5344621_Ca23,1,sorafenib
Data18_GSM5344621_Ca25,1,sorafenib
Data18_GSM5344621_Ca26,1,sorafenib
Data18_GSM5344621_Ca27,1,sorafenib
Data18_GSM5344621_Ca28,1,sorafenib
Data18_GSM5344621_Ca29,1,sorafenib
Data18_GSM5344621_Ca2c,1,sorafenib
Data18_GSM5344621_Ca2e,1,sorafenib
Data18_GSM5344621_Ca33,1,sorafenib
Data18_GSM5344621_Ca34,1,sorafenib
Data18_GSM5344621_Ca36,1,sorafenib
Data18_GSM5344621_Ca37,1,sorafenib
Data18_GSM5344621_Ca38,1,sorafenib
Data18_GSM5344621_Ca39,1,sorafenib
Data18_GSM5344621_Ca3a,1,sorafenib
Data18_GSM5344621_Ca3b,1,sorafenib
Data18_GSM5344621_Ca3c,1,sorafenib
Data18_GSM5344621_Ca3e,1,sorafenib
Data18_GSM5344621_Ca3f,1,sorafenib
Data18_GSM5344621_Ca40,1,sorafenib
Data18_GSM5344621_Ca47,1,sorafenib
Data18_GSM5344621_Ca49,1,sorafenib
Data18_GSM5344621_Ca4a,1,sorafenib
Data18_GSM5344621_Ca4c,1,sorafenib
Data18_GSM5344621_Ca4f,1,sorafenib
Data18_GSM5344621_Ca51,1,sorafenib
Data18_GSM5344621_Ca54,1,sorafenib
Data18_GSM5344621_Ca58,1,sorafenib
Data18_GSM5344621_Ca59,1,sorafenib
Data18_GSM5344621_Ca5a,1,sorafenib
Data18_GSM5344621_Ca5b,1,sorafenib
Data18_GSM5344621_Ca5c,1,sorafenib
Data18_GSM5344621_Ca5d,1,sorafenib
Data18_GSM5344621_Ca5e,1,sorafenib
Data18_GSM5344621_Ca60,1,sorafenib
Data18_GSM5344621_Ca61,1,sorafenib
Data18_GSM5344621_Ca62,1,sorafenib
Data18_GSM5344621_Ca64,1,sorafenib
Data18_GSM5344621_Ca65,1,sorafenib
Data18_GSM5344621_Ca66,1,sorafenib
Data18_GSM5344621_Ca67,1,sorafenib
Data18_GSM5344621_Ca68,1,sorafenib
Data18_GSM5344621_Ca69,1,sorafenib
Data18_GSM5344621_Ca6a,1,sorafenib
Data18_GSM5344621_Ca6c,1,sorafenib
Data18_GSM5344621_Ca6e,1,sorafenib
Data18_GSM5344621_Ca6f,1,sorafenib
Data18_GSM5344621_Ca71,1,sorafenib
Data18_GSM5344621_Ca73,1,sorafenib
Data18_GSM5344621_Ca75,1,sorafenib
Data18_GSM5344621_Ca78,1,sorafenib
Data18_GSM5344621_Ca7e,1,sorafenib
Data18_GSM5344621_Ca84,1,sorafenib
Data18_GSM5344621_Ca85,1,sorafenib
Data18_GSM5344621_Ca87,1,sorafenib
Data18_GSM5344621_Ca8a,1,sorafenib
Data18_GSM5344621_Ca8b,1,sorafenib
Data18_GSM5344621_Ca8c,1,sorafenib
Data18_GSM5344621_Ca8d,1,sorafenib
Data18_GSM5344621_Ca8e,1,sorafenib
Data18_GSM5344621_Ca8f,1,sorafenib
Data18_GSM5344621_Ca91,1,sorafenib
Data18_GSM5344621_Ca94,1,sorafenib
Data18_GSM5344621_Ca95,1,sorafenib
Data18_GSM5344621_Ca97,1,sorafenib
Data18_GSM5344621_Ca98,1,sorafenib
Data18_GSM5344621_Ca99,1,sorafenib
Data18_GSM5344621_Ca9b,1,sorafenib
Data18_GSM5344621_Ca9c,1,sorafenib
Data18_GSM5344621_Ca9d,1,sorafenib
Data18_GSM5344621_Ca9e,1,sorafenib
Data18_GSM5344621_Ca9f,1,sorafenib
Data18_GSM5344621_Caa1,1,sorafenib
Data18_GSM5344621_Caa3,1,sorafenib
Data18_GSM5344621_Caa6,1,sorafenib
Data18_GSM5344621_Caa7,1,sorafenib
Data18_GSM5344621_Caa8,1,sorafenib
Data18_GSM5344621_Caa9,1,sorafenib
Data18_GSM5344621_Caac,1,sorafenib
Data18_GSM5344621_Caad,1,sorafenib
Data18_GSM5344621_Caae,1,sorafenib
Data18_GSM5344621_Caaf,1,sorafenib
Data18_GSM5344621_Cab1,1,sorafenib
Data18_GSM5344621_Cab2,1,sorafenib
Data18_GSM5344621_Cab3,1,sorafenib
Data18_GSM5344621_Cab4,1,sorafenib
Data18_GSM5344621_Cab5,1,sorafenib
Data18_GSM5344621_Cab7,1,sorafenib
Data18_GSM5344621_Cab8,1,sorafenib
Data18_GSM5344621_Cab9,1,sorafenib
Data18_GSM5344621_Caba,1,sorafenib
Data18_GSM5344621_Cabc,1,sorafenib
Data18_GSM5344621_Cabd,1,sorafenib
Data18_GSM5344621_Cabf,1,sorafenib
Data18_GSM5344621_Cac1,1,sorafenib
Data18_GSM5344621_Cac2,1,sorafenib
Data18_GSM5344621_Cac3,1,sorafenib
Data18_GSM5344621_Cac4,1,sorafenib
Data18_GSM5344621_Cac5,1,sorafenib
Data18_GSM5344621_Cac7,1,sorafenib
Data18_GSM5344621_Cac9,1,sorafenib
Data18_GSM5344621_Caca,1,sorafenib
Data18_GSM5344621_Cacb,1,sorafenib
Data18_GSM5344621_Cacc,1,sorafenib
Data18_GSM5344621_Cace,1,sorafenib
Data18_GSM5344621_Cad0,1,sorafenib
Data18_GSM5344621_Cad4,1,sorafenib
Data18_GSM5344621_Cad5,1,sorafenib
Data18_GSM5344621_Cad7,1,sorafenib
Data18_GSM5344621_Cad9,1,sorafenib
Data18_GSM5344621_Cadb,1,sorafenib
Data18_GSM5344621_Cadc,1,sorafenib
Data18_GSM5344621_Cadf,1,sorafenib
Data18_GSM5344621_Cae0,1,sorafenib
Data18_GSM5344621_Cae1,1,sorafenib
Data18_GSM5344621_Cae2,1,sorafenib
Data18_GSM5344621_Cae3,1,sorafenib
Data18_GSM5344621_Cae5,1,sorafenib
Data18_GSM5344621_Cae7,1,sorafenib
Data18_GSM5344621_Cae8,1,sorafenib
Data18_GSM5344621_Cae9,1,sorafenib
Data18_GSM5344621_Caea,1,sorafenib
Data18_GSM5344621_Caeb,1,sorafenib
Data18_GSM5344621_Caed,1,sorafenib
Data18_GSM5344621_Caee,1,sorafenib
Data18_GSM5344621_Caef,1,sorafenib
Data18_GSM5344621_Caf1,1,sorafenib
Data18_GSM5344621_Caf2,1,sorafenib
Data18_GSM5344621_Caf3,1,sorafenib
Data18_GSM5344621_Caf5,1,sorafenib
Data18_GSM5344621_Caf7,1,sorafenib
Data18_GSM5344621_Caf8,1,sorafenib
Data18_GSM5344621_Cafb,1,sorafenib
Data18_GSM5344621_Cafc,1,sorafenib
Data18_GSM5344621_Cafd,1,sorafenib
Data18_GSM5344621_Cafe,1,sorafenib
Data18_GSM5344621_Caff,1,sorafenib
Data18_GSM5344621_Cb00,1,sorafenib
Data18_GSM5344621_Cb02,1,sorafenib
Data18_GSM5344621_Cb04,1,sorafenib
Data18_GSM5344621_Cb05,1,sorafenib
Data18_GSM5344621_Cb06,1,sorafenib
Data18_GSM5344621_Cb07,1,sorafenib
Data18_GSM5344621_Cb08,1,sorafenib
Data18_GSM5344621_Cb09,1,sorafenib
Data18_GSM5344621_Cb0b,1,sorafenib
Data18_GSM5344621_Cb0e,1,sorafenib
Data18_GSM5344621_Cb0f,1,sorafenib
Data18_GSM5344621_Cb10,1,sorafenib
Data18_GSM5344621_Cb11,1,sorafenib
Data18_GSM5344621_Cb13,1,sorafenib
Data18_GSM5344621_Cb15,1,sorafenib
Data18_GSM5344621_Cb17,1,sorafenib
Data18_GSM5344621_Cb19,1,sorafenib
Data18_GSM5344621_Cb1a,1,sorafenib
Data18_GSM5344621_Cb1b,1,sorafenib
Data18_GSM5344621_Cb1e,1,sorafenib
Data18_GSM5344621_Cb1f,1,sorafenib
Data18_GSM5344621_Cb22,1,sorafenib
Data18_GSM5344621_Cb23,1,sorafenib
Data18_GSM5344621_Cb24,1,sorafenib
Data18_GSM5344621_Cb26,1,sorafenib
Data18_GSM5344621_Cb28,1,sorafenib
Data18_GSM5344621_Cb29,1,sorafenib
Data18_GSM5344621_Cb2a,1,sorafenib
Data18_GSM5344621_Cb2b,1,sorafenib
Data18_GSM5344621_Cb2d,1,sorafenib
Data18_GSM5344621_Cb2e,1,sorafenib
Data18_GSM5344621_Cb30,1,sorafenib
Data18_GSM5344621_Cb31,1,sorafenib
Data18_GSM5344621_Cb32,1,sorafenib
Data18_GSM5344621_Cb34,1,sorafenib
Data18_GSM5344621_Cb36,1,sorafenib
Data18_GSM5344621_Cb37,1,sorafenib
Data18_GSM5344621_Cb38,1,sorafenib
Data18_GSM5344621_Cb39,1,sorafenib
Data18_GSM5344621_Cb3a,1,sorafenib
Data18_GSM5344621_Cb3b,1,sorafenib
Data18_GSM5344621_Cb3d,1,sorafenib
Data18_GSM5344621_Cb3e,1,sorafenib
Data18_GSM5344621_Cb3f,1,sorafenib
Data18_GSM5344621_Cb40,1,sorafenib
Data18_GSM5344621_Cb45,1,sorafenib
Data18_GSM5344621_Cb46,1,sorafenib
Data18_GSM5344621_Cb47,1,sorafenib
Data18_GSM5344621_Cb49,1,sorafenib
Data18_GSM5344621_Cb4c,1,sorafenib
Data18_GSM5344621_Cb4e,1,sorafenib
Data18_GSM5344621_Cb4f,1,sorafenib
Data18_GSM5344621_Cb53,1,sorafenib
Data18_GSM5344621_Cb54,1,sorafenib
Data18_GSM5344621_Cb55,1,sorafenib
Data18_GSM5344621_Cb56,1,sorafenib
Data18_GSM5344621_Cb59,1,sorafenib
Data18_GSM5344621_Cb5c,1,sorafenib
Data18_GSM5344621_Cb5d,1,sorafenib
Data18_GSM5344621_Cb5e,1,sorafenib
Data18_GSM5344621_Cb5f,1,sorafenib
Data18_GSM5344621_Cb62,1,sorafenib
Data18_GSM5344621_Cb65,1,sorafenib
Data18_GSM5344621_Cb66,1,sorafenib
Data18_GSM5344621_Cb69,1,sorafenib
Data18_GSM5344621_Cb6a,1,sorafenib
Data18_GSM5344621_Cb6b,1,sorafenib
Data18_GSM5344621_Cb6c,1,sorafenib
Data18_GSM5344621_Cb6d,1,sorafenib
Data18_GSM5344621_Cb6e,1,sorafenib
Data18_GSM5344621_Cb6f,1,sorafenib
Data18_GSM5344621_Cb70,1,sorafenib
Data18_GSM5344621_Cb72,1,sorafenib
Data18_GSM5344621_Cb73,1,sorafenib
Data18_GSM5344621_Cb74,1,sorafenib
Data18_GSM5344621_Cb76,1,sorafenib
Data18_GSM5344621_Cb77,1,sorafenib
Data18_GSM5344621_Cb79,1,sorafenib
Data18_GSM5344621_Cb80,1,sorafenib
Data18_GSM5344621_Cb81,1,sorafenib
Data18_GSM5344621_Cb82,1,sorafenib
Data18_GSM5344621_Cb83,1,sorafenib
Data18_GSM5344621_Cb84,1,sorafenib
Data18_GSM5344621_Cb85,1,sorafenib
Data18_GSM5344621_Cb89,1,sorafenib
Data18_GSM5344621_Cb8a,1,sorafenib
Data18_GSM5344621_Cb8c,1,sorafenib
Data18_GSM5344621_Cb8e,1,sorafenib
Data18_GSM5344621_Cb8f,1,sorafenib
Data18_GSM5344621_Cb90,1,sorafenib
Data18_GSM5344621_Cb91,1,sorafenib
Data18_GSM5344621_Cb93,1,sorafenib
Data18_GSM5344621_Cb95,1,sorafenib
Data18_GSM5344621_Cb98,1,sorafenib
Data18_GSM5344621_Cb99,1,sorafenib
Data18_GSM5344621_Cb9a,1,sorafenib
Data18_GSM5344621_Cb9d,1,sorafenib
Data18_GSM5344621_Cb9e,1,sorafenib
Data18_GSM5344621_Cb9f,1,sorafenib
Data18_GSM5344621_Cba0,1,sorafenib
Data18_GSM5344621_Cba3,1,sorafenib
Data18_GSM5344621_Cba4,1,sorafenib
Data18_GSM5344621_Cba6,1,sorafenib
Data18_GSM5344621_Cba7,1,sorafenib
Data18_GSM5344621_Cba8,1,sorafenib
Data18_GSM5344621_Cba9,1,sorafenib
Data18_GSM5344621_Cbaa,1,sorafenib
Data18_GSM5344621_Cbab,1,sorafenib
Data18_GSM5344621_Cbad,1,sorafenib
Data18_GSM5344621_Cbb0,1,sorafenib
Data18_GSM5344621_Cbb1,1,sorafenib
Data18_GSM5344621_Cbb2,1,sorafenib
Data18_GSM5344621_Cbb4,1,sorafenib
Data18_GSM5344621_Cbb5,1,sorafenib
Data18_GSM5344621_Cbb6,1,sorafenib
Data18_GSM5344621_Cbb7,1,sorafenib
Data18_GSM5344621_Cbb8,1,sorafenib
Data18_GSM5344621_Cbb9,1,sorafenib
Data18_GSM5344621_Cbba,1,sorafenib
Data18_GSM5344621_Cbbb,1,sorafenib
Data18_GSM5344621_Cbbd,1,sorafenib
Data18_GSM5344621_Cbbe,1,sorafenib
Data18_GSM5344621_Cbbf,1,sorafenib
Data18_GSM5344621_Cbc0,1,sorafenib
Data18_GSM5344621_Cbc1,1,sorafenib
Data18_GSM5344621_Cbc2,1,sorafenib
Data18_GSM5344621_Cbc3,1,sorafenib
Data18_GSM5344621_Cbc5,1,sorafenib
Data18_GSM5344621_Cbc6,1,sorafenib
Data18_GSM5344621_Cbc7,1,sorafenib
Data18_GSM5344621_Cbca,1,sorafenib
Data18_GSM5344621_Cbcb,1,sorafenib
Data18_GSM5344621_Cbcc,1,sorafenib
Data18_GSM5344621_Cbcd,1,sorafenib
Data18_GSM5344621_Cbcf,1,sorafenib
Data18_GSM5344621_Cbd0,1,sorafenib
Data18_GSM5344621_Cbd8,1,sorafenib
Data18_GSM5344621_Cbdd,1,sorafenib
Data18_GSM5344621_Cbde,1,sorafenib
Data18_GSM5344621_Cbdf,1,sorafenib
Data18_GSM5344621_Cbe2,1,sorafenib
Data18_GSM5344621_Cbe3,1,sorafenib
Data18_GSM5344621_Cbe4,1,sorafenib
Data18_GSM5344621_Cbe5,1,sorafenib
Data18_GSM5344621_Cbe6,1,sorafenib
Data18_GSM5344621_Cbe8,1,sorafenib
Data18_GSM5344621_Cbe9,1,sorafenib
Data18_GSM5344621_Cbec,1,sorafenib
Data18_GSM5344621_Cbed,1,sorafenib
Data18_GSM5344621_Cbee,1,sorafenib
Data18_GSM5344621_Cbef,1,sorafenib
Data18_GSM5344621_Cbf1,1,sorafenib
Data18_GSM5344621_Cbf2,1,sorafenib
Data18_GSM5344621_Cbf3,1,sorafenib
Data18_GSM5344621_Cbf4,1,sorafenib
Data18_GSM5344621_Cbf5,1,sorafenib
Data18_GSM5344621_Cbf6,1,sorafenib
Data18_GSM5344621_Cbf7,1,sorafenib
Data18_GSM5344621_Cbf9,1,sorafenib
Data18_GSM5344621_Cbfb,1,sorafenib
Data18_GSM5344621_Cbfc,1,sorafenib
Data18_GSM5344621_Cbfe,1,sorafenib
Data18_GSM5344621_Cbff,1,sorafenib
Data18_GSM5344621_Cc00,1,sorafenib
Data18_GSM5344621_Cc01,1,sorafenib
Data18_GSM5344621_Cc02,1,sorafenib
Data18_GSM5344621_Cc04,1,sorafenib
Data18_GSM5344621_Cc05,1,sorafenib
Data18_GSM5344621_Cc07,1,sorafenib
Data18_GSM5344621_Cc08,1,sorafenib
Data18_GSM5344621_Cc0a,1,sorafenib
Data18_GSM5344621_Cc0d,1,sorafenib
Data18_GSM5344621_Cc0e,1,sorafenib
Data18_GSM5344621_Cc0f,1,sorafenib
Data18_GSM5344621_Cc10,1,sorafenib
Data18_GSM5344621_Cc13,1,sorafenib
Data18_GSM5344621_Cc14,1,sorafenib
Data18_GSM5344621_Cc15,1,sorafenib
Data18_GSM5344621_Cc16,1,sorafenib
Data18_GSM5344621_Cc17,1,sorafenib
Data18_GSM5344621_Cc18,1,sorafenib
Data18_GSM5344621_Cc1a,1,sorafenib
Data18_GSM5344621_Cc1b,1,sorafenib
Data18_GSM5344621_Cc1c,1,sorafenib
Data18_GSM5344621_Cc1d,1,sorafenib
Data18_GSM5344621_Cc1f,1,sorafenib
Data18_GSM5344621_Cc20,1,sorafenib
Data18_GSM5344621_Cc21,1,sorafenib
Data18_GSM5344621_Cc22,1,sorafenib
Data18_GSM5344621_Cc23,1,sorafenib
Data18_GSM5344621_Cc24,1,sorafenib
Data18_GSM5344621_Cc26,1,sorafenib
Data18_GSM5344621_Cc28,1,sorafenib
Data18_GSM5344621_Cc29,1,sorafenib
Data18_GSM5344621_Cc2a,1,sorafenib
Data18_GSM5344621_Cc2b,1,sorafenib
Data18_GSM5344621_Cc2c,1,sorafenib
Data18_GSM5344621_Cc2d,1,sorafenib
Data18_GSM5344621_Cc2e,1,sorafenib
Data18_GSM5344621_Cc32,1,sorafenib
Data18_GSM5344621_Cc33,1,sorafenib
Data18_GSM5344621_Cc34,1,sorafenib
Data18_GSM5344621_Cc37,1,sorafenib
Data18_GSM5344621_Cc39,1,sorafenib
Data18_GSM5344621_Cc3a,1,sorafenib
Data18_GSM5344621_Cc3b,1,sorafenib
Data18_GSM5344621_Cc3c,1,sorafenib
Data18_GSM5344621_Cc3d,1,sorafenib
Data18_GSM5344621_Cc3e,1,sorafenib
Data18_GSM5344621_Cc40,1,sorafenib
Data18_GSM5344621_Cc41,1,sorafenib
Data18_GSM5344621_Cc42,1,sorafenib
Data18_GSM5344621_Cc43,1,sorafenib
Data18_GSM5344621_Cc44,1,sorafenib
Data18_GSM5344621_Cc45,1,sorafenib
Data18_GSM5344621_Cc48,1,sorafenib
Data18_GSM5344621_Cc4a,1,sorafenib
Data18_GSM5344621_Cc4b,1,sorafenib
Data18_GSM5344621_Cc4c,1,sorafenib
Data18_GSM5344621_Cc4d,1,sorafenib
Data18_GSM5344621_Cc4e,1,sorafenib
Data18_GSM5344621_Cc50,1,sorafenib
Data18_GSM5344621_Cc52,1,sorafenib
Data18_GSM5344621_Cc53,1,sorafenib
Data18_GSM5344621_Cc54,1,sorafenib
Data18_GSM5344621_Cc55,1,sorafenib
Data18_GSM5344621_Cc56,1,sorafenib
Data18_GSM5344621_Cc57,1,sorafenib
Data18_GSM5344621_Cc58,1,sorafenib
Data18_GSM5344621_Cc5a,1,sorafenib
Data18_GSM5344621_Cc5b,1,sorafenib
Data18_GSM5344621_Cc5d,1,sorafenib
Data18_GSM5344621_Cc5e,1,sorafenib
Data18_GSM5344621_Cc5f,1,sorafenib
Data18_GSM5344621_Cc60,1,sorafenib
Data18_GSM5344621_Cc61,1,sorafenib
Data18_GSM5344621_Cc62,1,sorafenib
Data18_GSM5344621_Cc64,1,sorafenib
Data18_GSM5344621_Cc65,1,sorafenib
Data18_GSM5344621_Cc66,1,sorafenib
Data18_GSM5344621_Cc68,1,sorafenib
Data18_GSM5344621_Cc69,1,sorafenib
Data18_GSM5344621_Cc6b,1,sorafenib
Data18_GSM5344621_Cc6c,1,sorafenib
Data18_GSM5344621_Cc6d,1,sorafenib
Data18_GSM5344621_Cc70,1,sorafenib
Data18_GSM5344621_Cc71,1,sorafenib
Data18_GSM5344621_Cc72,1,sorafenib
Data18_GSM5344621_Cc73,1,sorafenib
Data18_GSM5344621_Cc74,1,sorafenib
Data18_GSM5344621_Cc75,1,sorafenib
Data18_GSM5344621_Cc77,1,sorafenib
Data18_GSM5344621_Cc79,1,sorafenib
Data18_GSM5344621_Cc7b,1,sorafenib
Data18_GSM5344621_Cc7c,1,sorafenib
Data18_GSM5344621_Cc7d,1,sorafenib
Data18_GSM5344621_Cc7e,1,sorafenib
Data18_GSM5344621_Cc7f,1,sorafenib
Data18_GSM5344621_Cc82,1,sorafenib
Data18_GSM5344621_Cc83,1,sorafenib
Data18_GSM5344621_Cc84,1,sorafenib
Data18_GSM5344621_Cc85,1,sorafenib
Data18_GSM5344621_Cc87,1,sorafenib
Data18_GSM5344621_Cc8a,1,sorafenib
Data18_GSM5344621_Cc8e,1,sorafenib
Data18_GSM5344621_Cc8f,1,sorafenib
Data18_GSM5344621_Cc90,1,sorafenib
Data18_GSM5344621_Cc91,1,sorafenib
Data18_GSM5344621_Cc92,1,sorafenib
Data18_GSM5344621_Cc93,1,sorafenib
Data18_GSM5344621_Cc95,1,sorafenib
Data18_GSM5344621_Cc98,1,sorafenib
Data18_GSM5344621_Cc9b,1,sorafenib
Data18_GSM5344621_Cc9c,1,sorafenib
Data18_GSM5344621_Cc9d,1,sorafenib
Data18_GSM5344621_Cc9e,1,sorafenib
Data18_GSM5344621_Cc9f,1,sorafenib
Data18_GSM5344621_Cca0,1,sorafenib
Data18_GSM5344621_Cca1,1,sorafenib
Data18_GSM5344621_Cca2,1,sorafenib
Data18_GSM5344621_Cca5,1,sorafenib
Data18_GSM5344621_Cca6,1,sorafenib
Data18_GSM5344621_Cca7,1,sorafenib
Data18_GSM5344621_Cca8,1,sorafenib
Data18_GSM5344621_Ccaa,1,sorafenib
Data18_GSM5344621_Ccab,1,sorafenib
Data18_GSM5344621_Ccaf,1,sorafenib
Data18_GSM5344621_Ccb1,1,sorafenib
Data18_GSM5344621_Ccb2,1,sorafenib
Data18_GSM5344621_Ccb3,1,sorafenib
Data18_GSM5344621_Ccb4,1,sorafenib
Data18_GSM5344621_Ccb5,1,sorafenib
Data18_GSM5344621_Ccb9,1,sorafenib
Data18_GSM5344621_Ccba,1,sorafenib
Data18_GSM5344621_Ccbb,1,sorafenib
Data18_GSM5344621_Ccbc,1,sorafenib
Data18_GSM5344621_Ccbf,1,sorafenib
Data18_GSM5344621_Ccc1,1,sorafenib
Data18_GSM5344621_Ccc3,1,sorafenib
Data18_GSM5344621_Ccc5,1,sorafenib
Data18_GSM5344621_Ccc6,1,sorafenib
Data18_GSM5344621_Ccc8,1,sorafenib
Data18_GSM5344621_Cccd,1,sorafenib
Data18_GSM5344621_Ccce,1,sorafenib
Data18_GSM5344621_Cccf,1,sorafenib
Data18_GSM5344621_Ccd0,1,sorafenib
Data18_GSM5344621_Ccd1,1,sorafenib
Data18_GSM5344621_Ccd2,1,sorafenib
Data18_GSM5344621_Ccd3,1,sorafenib
Data18_GSM5344621_Ccd4,1,sorafenib
Data18_GSM5344621_Ccd6,1,sorafenib
Data18_GSM5344621_Ccd8,1,sorafenib
Data18_GSM5344621_Ccda,1,sorafenib
Data18_GSM5344621_Ccde,1,sorafenib
Data18_GSM5344621_Cce2,1,sorafenib
Data18_GSM5344621_Cce4,1,sorafenib
Data18_GSM5344621_Cce5,1,sorafenib
Data18_GSM5344621_Cce7,1,sorafenib
Data18_GSM5344621_Cce8,1,sorafenib
Data18_GSM5344621_Ccea,1,sorafenib
Data18_GSM5344621_Ccec,1,sorafenib
Data18_GSM5344621_Cced,1,sorafenib
Data18_GSM5344621_Ccee,1,sorafenib
Data18_GSM5344621_Ccef,1,sorafenib
Data18_GSM5344621_Ccf2,1,sorafenib
Data18_GSM5344621_Ccf3,1,sorafenib
Data18_GSM5344621_Ccf4,1,sorafenib
Data18_GSM5344621_Ccf7,1,sorafenib
Data18_GSM5344621_Ccf8,1,sorafenib
Data18_GSM5344621_Ccff,1,sorafenib
Data18_GSM5344621_Cd01,1,sorafenib
Data18_GSM5344621_Cd02,1,sorafenib
Data18_GSM5344621_Cd04,1,sorafenib
Data18_GSM5344621_Cd06,1,sorafenib
Data18_GSM5344621_Cd08,1,sorafenib
Data18_GSM5344621_Cd0a,1,sorafenib
Data18_GSM5344621_Cd0b,1,sorafenib
Data18_GSM5344621_Cd0e,1,sorafenib
Data18_GSM5344621_Cd0f,1,sorafenib
Data18_GSM5344621_Cd10,1,sorafenib
Data18_GSM5344621_Cd15,1,sorafenib
Data18_GSM5344621_Cd16,1,sorafenib
Data18_GSM5344621_Cd1a,1,sorafenib
Data18_GSM5344621_Cd1d,1,sorafenib
Data18_GSM5344621_Cd1f,1,sorafenib
Data18_GSM5344621_Cd22,1,sorafenib
Data18_GSM5344621_Cd23,1,sorafenib
Data18_GSM5344621_Cd25,1,sorafenib
Data18_GSM5344621_Cd26,1,sorafenib
Data18_GSM5344621_Cd27,1,sorafenib
Data18_GSM5344621_Cd29,1,sorafenib
Data18_GSM5344621_Cd2b,1,sorafenib
Data18_GSM5344621_Cd2f,1,sorafenib
Data18_GSM5344621_Cd31,1,sorafenib
Data18_GSM5344621_Cd33,1,sorafenib
Data18_GSM5344621_Cd34,1,sorafenib
Data18_GSM5344621_Cd35,1,sorafenib
Data18_GSM5344621_Cd37,1,sorafenib
Data18_GSM5344621_Cd39,1,sorafenib
Data18_GSM5344621_Cd3a,1,sorafenib
Data18_GSM5344621_Cd3e,1,sorafenib
Data18_GSM5344621_Cd3f,1,sorafenib
Data18_GSM5344621_Cd41,1,sorafenib
Data18_GSM5344621_Cd43,1,sorafenib
Data18_GSM5344621_Cd46,1,sorafenib
Data18_GSM5344621_Cd48,1,sorafenib
Data18_GSM5344621_Cd4a,1,sorafenib
Data18_GSM5344621_Cd4b,1,sorafenib
Data18_GSM5344621_Cd4c,1,sorafenib
Data18_GSM5344621_Cd4d,1,sorafenib
Data18_GSM5344621_Cd4e,1,sorafenib
Data18_GSM5344621_Cd53,1,sorafenib
Data18_GSM5344621_Cd54,1,sorafenib
Data18_GSM5344621_Cd56,1,sorafenib
Data18_GSM5344621_Cd58,1,sorafenib
Data18_GSM5344621_Cd59,1,sorafenib
Data18_GSM5344621_Cd5a,1,sorafenib
Data18_GSM5344621_Cd5d,1,sorafenib
Data18_GSM5344621_Cd5e,1,sorafenib
Data18_GSM5344621_Cd5f,1,sorafenib
Data18_GSM5344621_Cd60,1,sorafenib
Data18_GSM5344621_Cd64,1,sorafenib
Data18_GSM5344621_Cd65,1,sorafenib
Data18_GSM5344621_Cd66,1,sorafenib
Data18_GSM5344621_Cd67,1,sorafenib
Data18_GSM5344621_Cd6a,1,sorafenib
Data18_GSM5344621_Cd6b,1,sorafenib
Data18_GSM5344621_Cd6c,1,sorafenib
Data18_GSM5344621_Cd6d,1,sorafenib
Data18_GSM5344621_Cd6f,1,sorafenib
Data18_GSM5344621_Cd73,1,sorafenib
Data18_GSM5344621_Cd75,1,sorafenib
Data18_GSM5344621_Cd77,1,sorafenib
Data18_GSM5344621_Cd78,1,sorafenib
Data18_GSM5344621_Cd79,1,sorafenib
Data18_GSM5344621_Cd7a,1,sorafenib
Data18_GSM5344621_Cd7d,1,sorafenib
Data18_GSM5344621_Cd7e,1,sorafenib
Data18_GSM5344621_Cd7f,1,sorafenib
Data18_GSM5344621_Cd82,1,sorafenib
Data18_GSM5344621_Cd85,1,sorafenib
Data18_GSM5344621_Cd86,1,sorafenib
Data18_GSM5344621_Cd87,1,sorafenib
Data18_GSM5344621_Cd89,1,sorafenib
Data18_GSM5344621_Cd8a,1,sorafenib
Data18_GSM5344621_Cd8c,1,sorafenib
Data18_GSM5344621_Cd8d,1,sorafenib
Data18_GSM5344621_Cd8e,1,sorafenib
Data18_GSM5344621_Cd8f,1,sorafenib
Data18_GSM5344621_Cd90,1,sorafenib
Data18_GSM5344621_Cd91,1,sorafenib
Data18_GSM5344621_Cd94,1,sorafenib
Data18_GSM5344621_Cd96,1,sorafenib
Data18_GSM5344621_Cd97,1,sorafenib
Data18_GSM5344621_Cd9a,1,sorafenib
Data18_GSM5344621_Cd9b,1,sorafenib
Data18_GSM5344621_Cd9f,1,sorafenib
Data18_GSM5344621_Cda0,1,sorafenib
Data18_GSM5344621_Cda1,1,sorafenib
Data18_GSM5344621_Cda2,1,sorafenib
Data18_GSM5344621_Cda3,1,sorafenib
Data18_GSM5344621_Cda7,1,sorafenib
Data18_GSM5344621_Cda8,1,sorafenib
Data18_GSM5344621_Cdaa,1,sorafenib
Data18_GSM5344621_Cdab,1,sorafenib
Data18_GSM5344621_Cdac,1,sorafenib
Data18_GSM5344621_Cdad,1,sorafenib
Data18_GSM5344621_Cdaf,1,sorafenib
Data18_GSM5344621_Cdb1,1,sorafenib
Data18_GSM5344621_Cdb2,1,sorafenib
Data18_GSM5344621_Cdb3,1,sorafenib
Data18_GSM5344621_Cdb4,1,sorafenib
Data18_GSM5344621_Cdb6,1,sorafenib
Data18_GSM5344621_Cdb8,1,sorafenib
Data18_GSM5344621_Cdbb,1,sorafenib
Data18_GSM5344621_Cdbc,1,sorafenib
Data18_GSM5344621_Cdbe,1,sorafenib
Data18_GSM5344621_Cdc1,1,sorafenib
Data18_GSM5344621_Cdc3,1,sorafenib
Data18_GSM5344621_Cdc6,1,sorafenib
Data18_GSM5344621_Cdc7,1,sorafenib
Data18_GSM5344621_Cdc8,1,sorafenib
Data18_GSM5344621_Cdc9,1,sorafenib
Data18_GSM5344621_Cdca,1,sorafenib
Data18_GSM5344621_Cdcb,1,sorafenib
Data18_GSM5344621_Cdcc,1,sorafenib
Data18_GSM5344621_Cdcd,1,sorafenib
Data18_GSM5344621_Cdce,1,sorafenib
Data18_GSM5344621_Cdcf,1,sorafenib
Data18_GSM5344621_Cdd0,1,sorafenib
Data18_GSM5344621_Cdd1,1,sorafenib
Data18_GSM5344621_Cdd2,1,sorafenib
Data18_GSM5344621_Cdd4,1,sorafenib
Data18_GSM5344621_Cdd5,1,sorafenib
Data18_GSM5344621_Cdd6,1,sorafenib
Data18_GSM5344621_Cdda,1,sorafenib
Data18_GSM5344621_Cddb,1,sorafenib
Data18_GSM5344621_Cddc,1,sorafenib
Data18_GSM5344621_Cddd,1,sorafenib
Data18_GSM5344621_Cdde,1,sorafenib
Data18_GSM5344621_Cde2,1,sorafenib
Data18_GSM5344621_Cde4,1,sorafenib
Data18_GSM5344621_Cde5,1,sorafenib
Data18_GSM5344621_Cde6,1,sorafenib
Data18_GSM5344621_Cde7,1,sorafenib
Data18_GSM5344621_Cde8,1,sorafenib
Data18_GSM5344621_Cde9,1,sorafenib
Data18_GSM5344621_Cdeb,1,sorafenib
Data18_GSM5344621_Cded,1,sorafenib
Data18_GSM5344621_Cdee,1,sorafenib
Data18_GSM5344621_Cdf0,1,sorafenib
Data18_GSM5344621_Cdf2,1,sorafenib
Data18_GSM5344621_Cdf3,1,sorafenib
Data18_GSM5344621_Cdf4,1,sorafenib
Data18_GSM5344621_Cdf7,1,sorafenib
Data18_GSM5344621_Cdf8,1,sorafenib
Data18_GSM5344621_Cdf9,1,sorafenib
Data18_GSM5344621_Cdfa,1,sorafenib
Data18_GSM5344621_Cdfb,1,sorafenib
Data18_GSM5344621_Cdfd,1,sorafenib
Data18_GSM5344621_Cdff,1,sorafenib
Data18_GSM5344621_Ce01,1,sorafenib
Data18_GSM5344621_Ce03,1,sorafenib
Data18_GSM5344621_Ce04,1,sorafenib
Data18_GSM5344621_Ce05,1,sorafenib
Data18_GSM5344621_Ce06,1,sorafenib
Data18_GSM5344621_Ce07,1,sorafenib
Data18_GSM5344621_Ce08,1,sorafenib
Data18_GSM5344621_Ce09,1,sorafenib
Data18_GSM5344621_Ce0b,1,sorafenib
Data18_GSM5344621_Ce0c,1,sorafenib
Data18_GSM5344621_Ce0d,1,sorafenib
Data18_GSM5344621_Ce0e,1,sorafenib
Data18_GSM5344621_Ce12,1,sorafenib
Data18_GSM5344621_Ce14,1,sorafenib
Data18_GSM5344621_Ce15,1,sorafenib
Data18_GSM5344621_Ce16,1,sorafenib
Data18_GSM5344621_Ce17,1,sorafenib
Data18_GSM5344621_Ce18,1,sorafenib
Data18_GSM5344621_Ce19,1,sorafenib
Data18_GSM5344621_Ce1c,1,sorafenib
Data18_GSM5344621_Ce1e,1,sorafenib
Data18_GSM5344621_Ce1f,1,sorafenib
Data18_GSM5344621_Ce20,1,sorafenib
Data18_GSM5344621_Ce21,1,sorafenib
Data18_GSM5344621_Ce22,1,sorafenib
Data18_GSM5344621_Ce24,1,sorafenib
Data18_GSM5344621_Ce25,1,sorafenib
Data18_GSM5344621_Ce26,1,sorafenib
Data18_GSM5344621_Ce27,1,sorafenib
Data18_GSM5344621_Ce28,1,sorafenib
Data18_GSM5344621_Ce2b,1,sorafenib
Data18_GSM5344621_Ce2c,1,sorafenib
Data18_GSM5344621_Ce2f,1,sorafenib
Data18_GSM5344621_Ce31,1,sorafenib
Data18_GSM5344621_Ce33,1,sorafenib
Data18_GSM5344621_Ce35,1,sorafenib
Data18_GSM5344621_Ce36,1,sorafenib
Data18_GSM5344621_Ce37,1,sorafenib
Data18_GSM5344621_Ce38,1,sorafenib
Data18_GSM5344621_Ce39,1,sorafenib
Data18_GSM5344621_Ce3a,1,sorafenib
Data18_GSM5344621_Ce3b,1,sorafenib
Data18_GSM5344621_Ce3c,1,sorafenib
Data18_GSM5344621_Ce3d,1,sorafenib
Data18_GSM5344621_Ce3e,1,sorafenib
Data18_GSM5344621_Ce40,1,sorafenib
Data18_GSM5344621_Ce41,1,sorafenib
Data18_GSM5344621_Ce43,1,sorafenib
Data18_GSM5344621_Ce46,1,sorafenib
Data18_GSM5344621_Ce47,1,sorafenib
Data18_GSM5344621_Ce48,1,sorafenib
Data18_GSM5344621_Ce49,1,sorafenib
Data18_GSM5344621_Ce4a,1,sorafenib
Data18_GSM5344621_Ce4b,1,sorafenib
Data18_GSM5344621_Ce4c,1,sorafenib
Data18_GSM5344621_Ce50,1,sorafenib
Data18_GSM5344621_Ce51,1,sorafenib
Data18_GSM5344621_Ce53,1,sorafenib
Data18_GSM5344621_Ce54,1,sorafenib
Data18_GSM5344621_Ce56,1,sorafenib
Data18_GSM5344621_Ce57,1,sorafenib
Data18_GSM5344621_Ce58,1,sorafenib
Data18_GSM5344621_Ce59,1,sorafenib
Data18_GSM5344621_Ce5a,1,sorafenib
Data18_GSM5344621_Ce5b,1,sorafenib
Data18_GSM5344621_Ce5c,1,sorafenib
Data18_GSM5344621_Ce5d,1,sorafenib
Data18_GSM5344621_Ce5f,1,sorafenib
Data18_GSM5344621_Ce62,1,sorafenib
Data18_GSM5344621_Ce64,1,sorafenib
Data18_GSM5344621_Ce65,1,sorafenib
Data18_GSM5344621_Ce67,1,sorafenib
Data18_GSM5344621_Ce68,1,sorafenib
Data18_GSM5344621_Ce6b,1,sorafenib
Data18_GSM5344621_Ce6c,1,sorafenib
Data18_GSM5344621_Ce6d,1,sorafenib
Data18_GSM5344621_Ce6e,1,sorafenib
Data18_GSM5344621_Ce70,1,sorafenib
Data18_GSM5344621_Ce73,1,sorafenib
Data18_GSM5344621_Ce77,1,sorafenib
Data18_GSM5344621_Ce78,1,sorafenib
Data18_GSM5344621_Ce79,1,sorafenib
Data18_GSM5344621_Ce7a,1,sorafenib
Data18_GSM5344621_Ce7b,1,sorafenib
Data18_GSM5344621_Ce7e,1,sorafenib
Data18_GSM5344621_Ce7f,1,sorafenib
Data18_GSM5344621_Ce80,1,sorafenib
Data18_GSM5344621_Ce83,1,sorafenib
Data18_GSM5344621_Ce84,1,sorafenib
Data18_GSM5344621_Ce85,1,sorafenib
Data18_GSM5344621_Ce89,1,sorafenib
Data18_GSM5344621_Ce8b,1,sorafenib
Data18_GSM5344621_Ce8d,1,sorafenib
Data18_GSM5344621_Ce8f,1,sorafenib
Data18_GSM5344621_Ce90,1,sorafenib
Data18_GSM5344621_Ce91,1,sorafenib
Data18_GSM5344621_Ce93,1,sorafenib
Data18_GSM5344621_Ce96,1,sorafenib
Data18_GSM5344621_Ce98,1,sorafenib
Data18_GSM5344621_Ce99,1,sorafenib
Data18_GSM5344621_Ce9a,1,sorafenib
Data18_GSM5344621_Ce9b,1,sorafenib
Data18_GSM5344621_Ce9c,1,sorafenib
Data18_GSM5344621_Ce9d,1,sorafenib
Data18_GSM5344621_Ce9e,1,sorafenib
Data18_GSM5344621_Ce9f,1,sorafenib
Data18_GSM5344621_Cea0,1,sorafenib
Data18_GSM5344621_Cea1,1,sorafenib
Data18_GSM5344621_Cea2,1,sorafenib
Data18_GSM5344621_Cea3,1,sorafenib
Data18_GSM5344621_Cea4,1,sorafenib
Data18_GSM5344621_Cea5,1,sorafenib
Data18_GSM5344621_Cea6,1,sorafenib
Data18_GSM5344621_Cea7,1,sorafenib
Data18_GSM5344621_Cea8,1,sorafenib
Data18_GSM5344621_Ceab,1,sorafenib
Data18_GSM5344621_Ceac,1,sorafenib
Data18_GSM5344621_Ceae,1,sorafenib
Data18_GSM5344621_Ceb0,1,sorafenib
Data18_GSM5344621_Ceb1,1,sorafenib
Data18_GSM5344621_Ceb2,1,sorafenib
Data18_GSM5344621_Ceb3,1,sorafenib
Data18_GSM5344621_Ceb4,1,sorafenib
Data18_GSM5344621_Ceb5,1,sorafenib
Data18_GSM5344621_Ceb6,1,sorafenib
Data18_GSM5344621_Ceb7,1,sorafenib
Data18_GSM5344621_Ceba,1,sorafenib
Data18_GSM5344621_Cebb,1,sorafenib
Data18_GSM5344621_Cebc,1,sorafenib
Data18_GSM5344621_Cebd,1,sorafenib
Data18_GSM5344621_Cebe,1,sorafenib
Data18_GSM5344621_Cec1,1,sorafenib
Data18_GSM5344621_Cec2,1,sorafenib
Data18_GSM5344621_Cec4,1,sorafenib
Data18_GSM5344621_Cec5,1,sorafenib
Data18_GSM5344621_Cec6,1,sorafenib
Data18_GSM5344621_Cec7,1,sorafenib
Data18_GSM5344621_Cec9,1,sorafenib
Data18_GSM5344621_Cecd,1,sorafenib
Data18_GSM5344621_Cece,1,sorafenib
Data18_GSM5344621_Cecf,1,sorafenib
Data18_GSM5344621_Ced0,1,sorafenib
Data18_GSM5344621_Ced1,1,sorafenib
Data18_GSM5344621_Ced3,1,sorafenib
Data18_GSM5344621_Ced5,1,sorafenib
Data18_GSM5344621_Ced6,1,sorafenib
Data18_GSM5344621_Ced8,1,sorafenib
Data18_GSM5344621_Ced9,1,sorafenib
Data18_GSM5344621_Cedb,1,sorafenib
Data18_GSM5344621_Cedd,1,sorafenib
Data18_GSM5344621_Cedf,1,sorafenib
Data18_GSM5344621_Cee2,1,sorafenib
Data18_GSM5344621_Cee3,1,sorafenib
Data18_GSM5344621_Cee4,1,sorafenib
Data18_GSM5344621_Cee5,1,sorafenib
Data18_GSM5344621_Cee6,1,sorafenib
Data18_GSM5344621_Cee9,1,sorafenib
Data18_GSM5344621_Ceea,1,sorafenib
Data18_GSM5344621_Ceec,1,sorafenib
Data18_GSM5344621_Ceef,1,sorafenib
Data18_GSM5344621_Cef0,1,sorafenib
Data18_GSM5344621_Cef2,1,sorafenib
Data18_GSM5344621_Cef3,1,sorafenib
Data18_GSM5344621_Cef4,1,sorafenib
Data18_GSM5344621_Cef5,1,sorafenib
Data18_GSM5344621_Cef7,1,sorafenib
Data18_GSM5344621_Cefa,1,sorafenib
Data18_GSM5344621_Cefb,1,sorafenib
Data18_GSM5344621_Cefc,1,sorafenib
Data18_GSM5344621_Cefd,1,sorafenib
Data18_GSM5344621_Cf00,1,sorafenib
Data18_GSM5344621_Cf01,1,sorafenib
Data18_GSM5344621_Cf02,1,sorafenib
Data18_GSM5344621_Cf04,1,sorafenib
Data18_GSM5344621_Cf05,1,sorafenib
Data18_GSM5344621_Cf06,1,sorafenib
Data18_GSM5344621_Cf08,1,sorafenib
Data18_GSM5344621_Cf0b,1,sorafenib
Data18_GSM5344621_Cf0f,1,sorafenib
Data18_GSM5344621_Cf11,1,sorafenib
Data18_GSM5344621_Cf14,1,sorafenib
Data18_GSM5344621_Cf15,1,sorafenib
Data18_GSM5344621_Cf16,1,sorafenib
Data18_GSM5344621_Cf18,1,sorafenib
Data18_GSM5344621_Cf19,1,sorafenib
Data18_GSM5344621_Cf1a,1,sorafenib
Data18_GSM5344621_Cf1b,1,sorafenib
Data18_GSM5344621_Cf1c,1,sorafenib
Data18_GSM5344621_Cf1e,1,sorafenib
Data18_GSM5344621_Cf20,1,sorafenib
Data18_GSM5344621_Cf21,1,sorafenib
Data18_GSM5344621_Cf23,1,sorafenib
Data18_GSM5344621_Cf24,1,sorafenib
Data18_GSM5344621_Cf25,1,sorafenib
Data18_GSM5344621_Cf27,1,sorafenib
Data18_GSM5344621_Cf29,1,sorafenib
Data18_GSM5344621_Cf2a,1,sorafenib
Data18_GSM5344621_Cf2b,1,sorafenib
Data18_GSM5344621_Cf2d,1,sorafenib
Data18_GSM5344621_Cf2e,1,sorafenib
Data18_GSM5344621_Cf2f,1,sorafenib
Data18_GSM5344621_Cf30,1,sorafenib
Data18_GSM5344621_Cf31,1,sorafenib
Data18_GSM5344621_Cf32,1,sorafenib
Data18_GSM5344621_Cf35,1,sorafenib
Data18_GSM5344621_Cf37,1,sorafenib
Data18_GSM5344621_Cf38,1,sorafenib
Data18_GSM5344621_Cf39,1,sorafenib
Data18_GSM5344621_Cf3e,1,sorafenib
Data18_GSM5344621_Cf3f,1,sorafenib
Data18_GSM5344621_Cf40,1,sorafenib
Data18_GSM5344621_Cf42,1,sorafenib
Data18_GSM5344621_Cf43,1,sorafenib
Data18_GSM5344621_Cf44,1,sorafenib
Data18_GSM5344621_Cf45,1,sorafenib
Data18_GSM5344621_Cf47,1,sorafenib
Data18_GSM5344621_Cf4a,1,sorafenib
Data18_GSM5344621_Cf4b,1,sorafenib
Data18_GSM5344621_Cf4c,1,sorafenib
Data18_GSM5344621_Cf4f,1,sorafenib
Data18_GSM5344621_Cf50,1,sorafenib
Data18_GSM5344621_Cf51,1,sorafenib
Data18_GSM5344621_Cf52,1,sorafenib
Data18_GSM5344621_Cf54,1,sorafenib
Data18_GSM5344621_Cf57,1,sorafenib
Data18_GSM5344621_Cf58,1,sorafenib
Data18_GSM5344621_Cf5a,1,sorafenib
Data18_GSM5344621_Cf5c,1,sorafenib
Data18_GSM5344621_Cf5f,1,sorafenib
Data18_GSM5344621_Cf60,1,sorafenib
Data18_GSM5344621_Cf62,1,sorafenib
Data18_GSM5344621_Cf63,1,sorafenib
Data18_GSM5344621_Cf64,1,sorafenib
Data18_GSM5344621_Cf65,1,sorafenib
Data18_GSM5344621_Cf66,1,sorafenib
Data18_GSM5344621_Cf6a,1,sorafenib
Data18_GSM5344621_Cf6c,1,sorafenib
Data18_GSM5344621_Cf6d,1,sorafenib
Data18_GSM5344621_Cf70,1,sorafenib
Data18_GSM5344621_Cf71,1,sorafenib
Data18_GSM5344621_Cf72,1,sorafenib
Data18_GSM5344621_Cf73,1,sorafenib
Data18_GSM5344621_Cf75,1,sorafenib
Data18_GSM5344621_Cf78,1,sorafenib
Data18_GSM5344621_Cf79,1,sorafenib
Data18_GSM5344621_Cf7a,1,sorafenib
Data18_GSM5344621_Cf7d,1,sorafenib
Data18_GSM5344621_Cf7f,1,sorafenib
Data18_GSM5344621_Cf80,1,sorafenib
Data18_GSM5344621_Cf81,1,sorafenib
Data18_GSM5344621_Cf82,1,sorafenib
Data18_GSM5344621_Cf83,1,sorafenib
Data18_GSM5344621_Cf85,1,sorafenib
Data18_GSM5344621_Cf86,1,sorafenib
Data18_GSM5344621_Cf87,1,sorafenib
Data18_GSM5344621_Cf89,1,sorafenib
Data18_GSM5344621_Cf8a,1,sorafenib
Data18_GSM5344621_Cf8d,1,sorafenib
Data18_GSM5344621_Cf91,1,sorafenib
Data18_GSM5344621_Cf92,1,sorafenib
Data18_GSM5344621_Cf95,1,sorafenib
Data18_GSM5344621_Cf96,1,sorafenib
Data18_GSM5344621_Cf9a,1,sorafenib
Data18_GSM5344621_Cf9d,1,sorafenib
Data18_GSM5344621_Cf9f,1,sorafenib
Data18_GSM5344621_Cfa1,1,sorafenib
Data18_GSM5344621_Cfa2,1,sorafenib
Data18_GSM5344621_Cfa3,1,sorafenib
Data18_GSM5344621_Cfa5,1,sorafenib
Data18_GSM5344621_Cfad,1,sorafenib
Data18_GSM5344621_Cfb1,1,sorafenib
Data18_GSM5344621_Cfb2,1,sorafenib
Data18_GSM5344621_Cfb4,1,sorafenib
Data18_GSM5344621_Cfb5,1,sorafenib
Data18_GSM5344621_Cfb6,1,sorafenib
Data18_GSM5344621_Cfb7,1,sorafenib
Data18_GSM5344621_Cfb8,1,sorafenib
Data18_GSM5344621_Cfb9,1,sorafenib
Data18_GSM5344621_Cfba,1,sorafenib
Data18_GSM5344621_Cfbc,1,sorafenib
Data18_GSM5344621_Cfbd,1,sorafenib
Data18_GSM5344621_Cfbf,1,sorafenib
Data18_GSM5344621_Cfc0,1,sorafenib
Data18_GSM5344621_Cfc1,1,sorafenib
Data18_GSM5344621_Cfc2,1,sorafenib
Data18_GSM5344621_Cfc3,1,sorafenib
Data18_GSM5344621_Cfc4,1,sorafenib
Data18_GSM5344621_Cfc6,1,sorafenib
Data18_GSM5344621_Cfc9,1,sorafenib
Data18_GSM5344621_Cfca,1,sorafenib
Data18_GSM5344621_Cfcb,1,sorafenib
Data18_GSM5344621_Cfcc,1,sorafenib
Data18_GSM5344621_Cfd0,1,sorafenib
Data18_GSM5344621_Cfd1,1,sorafenib
Data18_GSM5344621_Cfd4,1,sorafenib
Data18_GSM5344621_Cfd5,1,sorafenib
Data18_GSM5344621_Cfd6,1,sorafenib
Data18_GSM5344621_Cfd7,1,sorafenib
Data18_GSM5344621_Cfd8,1,sorafenib
Data18_GSM5344621_Cfda,1,sorafenib
Data18_GSM5344621_Cfdb,1,sorafenib
Data18_GSM5344621_Cfdd,1,sorafenib
Data18_GSM5344621_Cfde,1,sorafenib
Data18_GSM5344621_Cfdf,1,sorafenib
Data18_GSM5344621_Cfe0,1,sorafenib
Data18_GSM5344621_Cfe1,1,sorafenib
Data18_GSM5344621_Cfe2,1,sorafenib
Data18_GSM5344621_Cfe3,1,sorafenib
Data18_GSM5344621_Cfe4,1,sorafenib
Data18_GSM5344621_Cfe5,1,sorafenib
Data18_GSM5344621_Cfe6,1,sorafenib
Data18_GSM5344621_Cfe7,1,sorafenib
Data18_GSM5344621_Cfe9,1,sorafenib
Data18_GSM5344621_Cfea,1,sorafenib
Data18_GSM5344621_Cfec,1,sorafenib
Data18_GSM5344621_Cfed,1,sorafenib
Data18_GSM5344621_Cfee,1,sorafenib
Data18_GSM5344621_Cfef,1,sorafenib
Data18_GSM5344621_Cff0,1,sorafenib
Data18_GSM5344621_Cff1,1,sorafenib
Data18_GSM5344621_Cff4,1,sorafenib
Data18_GSM5344621_Cff6,1,sorafenib
Data18_GSM5344621_Cff8,1,sorafenib
Data18_GSM5344621_Cffa,1,sorafenib
Data18_GSM5344621_Cffc,1,sorafenib
Data18_GSM5344621_Cffd,1,sorafenib
Data18_GSM5344621_Cfff,1,sorafenib
Data18_GSM5344621_C1000,1,sorafenib
Data18_GSM5344621_C1001,1,sorafenib
Data18_GSM5344621_C1003,1,sorafenib
Data18_GSM5344621_C1005,1,sorafenib
Data18_GSM5344621_C1009,1,sorafenib
Data18_GSM5344621_C100b,1,sorafenib
Data18_GSM5344621_C100d,1,sorafenib
Data18_GSM5344621_C1013,1,sorafenib
Data18_GSM5344621_C1014,1,sorafenib
Data18_GSM5344621_C1015,1,sorafenib
Data18_GSM5344621_C1018,1,sorafenib
Data18_GSM5344621_C1019,1,sorafenib
Data18_GSM5344621_C101b,1,sorafenib
Data18_GSM5344621_C101e,1,sorafenib
Data18_GSM5344621_C101f,1,sorafenib
Data18_GSM5344621_C1020,1,sorafenib
Data18_GSM5344621_C1022,1,sorafenib
Data18_GSM5344621_C1023,1,sorafenib
Data18_GSM5344621_C1024,1,sorafenib
Data18_GSM5344621_C1025,1,sorafenib
Data18_GSM5344621_C1026,1,sorafenib
Data18_GSM5344621_C1028,1,sorafenib
Data18_GSM5344621_C102e,1,sorafenib
Data18_GSM5344621_C102f,1,sorafenib
Data18_GSM5344621_C1032,1,sorafenib
Data18_GSM5344621_C1033,1,sorafenib
Data18_GSM5344621_C1034,1,sorafenib
Data18_GSM5344621_C1035,1,sorafenib
Data18_GSM5344621_C1036,1,sorafenib
Data18_GSM5344621_C103b,1,sorafenib
Data18_GSM5344621_C103c,1,sorafenib
Data18_GSM5344621_C103f,1,sorafenib
Data18_GSM5344621_C1042,1,sorafenib
Data18_GSM5344621_C1043,1,sorafenib
Data18_GSM5344621_C1046,1,sorafenib
Data18_GSM5344621_C1048,1,sorafenib
Data18_GSM5344621_C1049,1,sorafenib
Data18_GSM5344621_C104a,1,sorafenib
Data18_GSM5344621_C104d,1,sorafenib
Data18_GSM5344621_C104e,1,sorafenib
Data18_GSM5344621_C104f,1,sorafenib
Data18_GSM5344621_C1050,1,sorafenib
Data18_GSM5344621_C1051,1,sorafenib
Data18_GSM5344621_C1055,1,sorafenib
Data18_GSM5344621_C1056,1,sorafenib
Data18_GSM5344621_C1057,1,sorafenib
Data18_GSM5344621_C1058,1,sorafenib
Data18_GSM5344621_C1059,1,sorafenib
Data18_GSM5344621_C105a,1,sorafenib
Data18_GSM5344621_C105c,1,sorafenib
Data18_GSM5344621_C105d,1,sorafenib
Data18_GSM5344621_C105e,1,sorafenib
Data18_GSM5344621_C1060,1,sorafenib
Data18_GSM5344621_C1062,1,sorafenib
Data18_GSM5344621_C1063,1,sorafenib
Data18_GSM5344621_C1064,1,sorafenib
Data18_GSM5344621_C1066,1,sorafenib
Data18_GSM5344621_C1068,1,sorafenib
Data18_GSM5344621_C1069,1,sorafenib
Data18_GSM5344621_C106b,1,sorafenib
Data18_GSM5344621_C106c,1,sorafenib
Data18_GSM5344621_C106f,1,sorafenib
Data18_GSM5344621_C1070,1,sorafenib
Data18_GSM5344621_C1071,1,sorafenib
Data18_GSM5344621_C1072,1,sorafenib
Data18_GSM5344621_C1075,1,sorafenib
Data18_GSM5344621_C1076,1,sorafenib
Data18_GSM5344621_C1078,1,sorafenib
Data18_GSM5344621_C1079,1,sorafenib
Data18_GSM5344621_C107b,1,sorafenib
Data18_GSM5344621_C107d,1,sorafenib
Data18_GSM5344621_C107f,1,sorafenib
Data18_GSM5344621_C1080,1,sorafenib
Data18_GSM5344621_C1081,1,sorafenib
Data18_GSM5344621_C1082,1,sorafenib
Data18_GSM5344621_C1083,1,sorafenib
Data18_GSM5344621_C1084,1,sorafenib
Data18_GSM5344621_C1088,1,sorafenib
Data18_GSM5344621_C108b,1,sorafenib
Data18_GSM5344621_C108c,1,sorafenib
Data18_GSM5344621_C108d,1,sorafenib
Data18_GSM5344621_C108e,1,sorafenib
Data18_GSM5344621_C108f,1,sorafenib
Data18_GSM5344621_C1091,1,sorafenib
Data18_GSM5344621_C1093,1,sorafenib
Data18_GSM5344621_C1095,1,sorafenib
Data18_GSM5344621_C1098,1,sorafenib
Data18_GSM5344621_C109a,1,sorafenib
Data18_GSM5344621_C109b,1,sorafenib
Data18_GSM5344621_C109c,1,sorafenib
Data18_GSM5344621_C109d,1,sorafenib
Data18_GSM5344621_C109e,1,sorafenib
Data18_GSM5344621_C10a0,1,sorafenib
Data18_GSM5344621_C10a1,1,sorafenib
Data18_GSM5344621_C10a2,1,sorafenib
Data18_GSM5344621_C10a3,1,sorafenib
Data18_GSM5344621_C10a5,1,sorafenib
Data18_GSM5344621_C10a6,1,sorafenib
Data18_GSM5344621_C10a9,1,sorafenib
Data18_GSM5344621_C10ab,1,sorafenib
Data18_GSM5344621_C10ac,1,sorafenib
Data18_GSM5344621_C10ad,1,sorafenib
Data18_GSM5344621_C10ae,1,sorafenib
Data18_GSM5344621_C10b0,1,sorafenib
Data18_GSM5344621_C10b3,1,sorafenib
Data18_GSM5344621_C10b4,1,sorafenib
Data18_GSM5344621_C10b5,1,sorafenib
Data18_GSM5344621_C10b6,1,sorafenib
Data18_GSM5344621_C10b7,1,sorafenib
Data18_GSM5344621_C10ba,1,sorafenib
Data18_GSM5344621_C10bb,1,sorafenib
Data18_GSM5344621_C10bd,1,sorafenib
Data18_GSM5344621_C10be,1,sorafenib
Data18_GSM5344621_C10bf,1,sorafenib
Data18_GSM5344621_C10c1,1,sorafenib
Data18_GSM5344621_C10c2,1,sorafenib
Data18_GSM5344621_C10c3,1,sorafenib
Data18_GSM5344621_C10c4,1,sorafenib
Data18_GSM5344621_C10c5,1,sorafenib
Data18_GSM5344621_C10c6,1,sorafenib
Data18_GSM5344621_C10c7,1,sorafenib
Data18_GSM5344621_C10ca,1,sorafenib
Data18_GSM5344621_C10cc,1,sorafenib
Data18_GSM5344621_C10cd,1,sorafenib
Data18_GSM5344621_C10d0,1,sorafenib
Data18_GSM5344621_C10d1,1,sorafenib
Data18_GSM5344621_C10d2,1,sorafenib
Data18_GSM5344621_C10d3,1,sorafenib
Data18_GSM5344621_C10d4,1,sorafenib
Data18_GSM5344621_C10d6,1,sorafenib
Data18_GSM5344621_C10d8,1,sorafenib
Data18_GSM5344621_C10d9,1,sorafenib
Data18_GSM5344621_C10da,1,sorafenib
Data18_GSM5344621_C10db,1,sorafenib
Data18_GSM5344621_C10dc,1,sorafenib
Data18_GSM5344621_C10dd,1,sorafenib
Data18_GSM5344621_C10df,1,sorafenib
Data18_GSM5344621_C10e0,1,sorafenib
Data18_GSM5344621_C10e2,1,sorafenib
Data18_GSM5344621_C10e4,1,sorafenib
Data18_GSM5344621_C10e5,1,sorafenib
Data18_GSM5344621_C10e6,1,sorafenib
Data18_GSM5344621_C10e9,1,sorafenib
Data18_GSM5344621_C10ef,1,sorafenib
Data18_GSM5344621_C10f0,1,sorafenib
Data18_GSM5344621_C10f2,1,sorafenib
Data18_GSM5344621_C10f3,1,sorafenib
Data18_GSM5344621_C10f4,1,sorafenib
Data18_GSM5344621_C10f6,1,sorafenib
Data18_GSM5344621_C10f8,1,sorafenib
Data18_GSM5344621_C10f9,1,sorafenib
Data18_GSM5344621_C10fa,1,sorafenib
Data18_GSM5344621_C10fc,1,sorafenib
Data18_GSM5344621_C10fd,1,sorafenib
Data18_GSM5344621_C10ff,1,sorafenib
Data18_GSM5344621_C1101,1,sorafenib
Data18_GSM5344621_C1102,1,sorafenib
Data18_GSM5344621_C1103,1,sorafenib
Data18_GSM5344621_C1104,1,sorafenib
Data18_GSM5344621_C1105,1,sorafenib
Data18_GSM5344621_C1106,1,sorafenib
Data18_GSM5344621_C1109,1,sorafenib
Data18_GSM5344621_C110c,1,sorafenib
Data18_GSM5344621_C1110,1,sorafenib
Data18_GSM5344621_C1111,1,sorafenib
Data18_GSM5344621_C1112,1,sorafenib
Data18_GSM5344621_C1114,1,sorafenib
Data18_GSM5344621_C1115,1,sorafenib
Data18_GSM5344621_C1116,1,sorafenib
Data18_GSM5344621_C1117,1,sorafenib
Data18_GSM5344621_C1118,1,sorafenib
Data18_GSM5344621_C111a,1,sorafenib
Data18_GSM5344621_C111b,1,sorafenib
Data18_GSM5344621_C111d,1,sorafenib
Data18_GSM5344621_C111f,1,sorafenib
Data18_GSM5344621_C1121,1,sorafenib
Data18_GSM5344621_C1124,1,sorafenib
Data18_GSM5344621_C1125,1,sorafenib
Data18_GSM5344621_C1126,1,sorafenib
Data18_GSM5344621_C1127,1,sorafenib
Data18_GSM5344621_C112a,1,sorafenib
Data18_GSM5344621_C112e,1,sorafenib
Data18_GSM5344621_C112f,1,sorafenib
Data18_GSM5344621_C1130,1,sorafenib
Data18_GSM5344621_C1131,1,sorafenib
Data18_GSM5344621_C1132,1,sorafenib
Data18_GSM5344621_C1133,1,sorafenib
Data18_GSM5344621_C1134,1,sorafenib
Data18_GSM5344621_C1136,1,sorafenib
Data18_GSM5344621_C1139,1,sorafenib
Data18_GSM5344621_C113b,1,sorafenib
Data18_GSM5344621_C113c,1,sorafenib
Data18_GSM5344621_C113d,1,sorafenib
Data18_GSM5344621_C113f,1,sorafenib
Data18_GSM5344621_C1141,1,sorafenib
Data18_GSM5344621_C1142,1,sorafenib
Data18_GSM5344621_C1143,1,sorafenib
Data18_GSM5344621_C1144,1,sorafenib
Data18_GSM5344621_C1145,1,sorafenib
Data18_GSM5344621_C1149,1,sorafenib
Data18_GSM5344621_C114a,1,sorafenib
Data18_GSM5344621_C114b,1,sorafenib
Data18_GSM5344621_C114c,1,sorafenib
Data18_GSM5344621_C114e,1,sorafenib
Data18_GSM5344621_C114f,1,sorafenib
Data18_GSM5344621_C1150,1,sorafenib
Data18_GSM5344621_C1152,1,sorafenib
Data18_GSM5344621_C1153,1,sorafenib
Data18_GSM5344621_C1155,1,sorafenib
Data18_GSM5344621_C1156,1,sorafenib
Data18_GSM5344621_C115a,1,sorafenib
Data18_GSM5344621_C115b,1,sorafenib
Data18_GSM5344621_C115d,1,sorafenib
Data18_GSM5344621_C115e,1,sorafenib
Data18_GSM5344621_C115f,1,sorafenib
Data18_GSM5344621_C1160,1,sorafenib
Data18_GSM5344621_C1162,1,sorafenib
Data18_GSM5344621_C1164,1,sorafenib
Data18_GSM5344621_C1169,1,sorafenib
Data18_GSM5344621_C1172,1,sorafenib
Data18_GSM5344621_C1175,1,sorafenib
Data18_GSM5344621_C117a,1,sorafenib
Data18_GSM5344621_C117c,1,sorafenib
Data18_GSM5344621_C117d,1,sorafenib
Data18_GSM5344621_C117e,1,sorafenib
Data18_GSM5344621_C117f,1,sorafenib
Data18_GSM5344621_C1180,1,sorafenib
Data18_GSM5344621_C1181,1,sorafenib
Data18_GSM5344621_C1182,1,sorafenib
Data18_GSM5344621_C1183,1,sorafenib
Data18_GSM5344621_C1184,1,sorafenib
Data18_GSM5344621_C1187,1,sorafenib
Data18_GSM5344621_C1188,1,sorafenib
Data18_GSM5344621_C1189,1,sorafenib
Data18_GSM5344621_C118b,1,sorafenib
Data18_GSM5344621_C118d,1,sorafenib
Data18_GSM5344621_C118f,1,sorafenib
Data18_GSM5344621_C1191,1,sorafenib
Data18_GSM5344621_C1193,1,sorafenib
Data18_GSM5344621_C1194,1,sorafenib
Data18_GSM5344621_C1195,1,sorafenib
Data18_GSM5344621_C1196,1,sorafenib
Data18_GSM5344621_C1197,1,sorafenib
Data18_GSM5344621_C1198,1,sorafenib
Data18_GSM5344621_C1199,1,sorafenib
Data18_GSM5344621_C119a,1,sorafenib
Data18_GSM5344621_C119b,1,sorafenib
Data18_GSM5344621_C119e,1,sorafenib
Data18_GSM5344621_C119f,1,sorafenib
Data18_GSM5344621_C11a0,1,sorafenib
Data18_GSM5344621_C11a1,1,sorafenib
Data18_GSM5344621_C11a2,1,sorafenib
Data18_GSM5344621_C11a3,1,sorafenib
Data18_GSM5344621_C11a5,1,sorafenib
Data18_GSM5344621_C11a6,1,sorafenib
Data18_GSM5344621_C11a7,1,sorafenib
Data18_GSM5344621_C11a8,1,sorafenib
Data18_GSM5344621_C11a9,1,sorafenib
Data18_GSM5344621_C11aa,1,sorafenib
Data18_GSM5344621_C11ab,1,sorafenib
Data18_GSM5344621_C11ac,1,sorafenib
Data18_GSM5344621_C11ad,1,sorafenib
Data18_GSM5344621_C11af,1,sorafenib
Data18_GSM5344621_C11b3,1,sorafenib
Data18_GSM5344621_C11b4,1,sorafenib
Data18_GSM5344621_C11b5,1,sorafenib
Data18_GSM5344621_C11b6,1,sorafenib
Data18_GSM5344621_C11b7,1,sorafenib
Data18_GSM5344621_C11b8,1,sorafenib
Data18_GSM5344621_C11b9,1,sorafenib
Data18_GSM5344621_C11ba,1,sorafenib
Data18_GSM5344621_C11bc,1,sorafenib
Data18_GSM5344621_C11bd,1,sorafenib
Data18_GSM5344621_C11be,1,sorafenib
Data18_GSM5344621_C11c3,1,sorafenib
Data18_GSM5344621_C11c5,1,sorafenib
Data18_GSM5344621_C11c6,1,sorafenib
Data18_GSM5344621_C11c8,1,sorafenib
Data18_GSM5344621_C11c9,1,sorafenib
Data18_GSM5344621_C11ca,1,sorafenib
Data18_GSM5344621_C11cd,1,sorafenib
Data18_GSM5344621_C11d0,1,sorafenib
Data18_GSM5344621_C11d1,1,sorafenib
Data18_GSM5344621_C11d2,1,sorafenib
Data18_GSM5344621_C11d4,1,sorafenib
Data18_GSM5344621_C11d6,1,sorafenib
Data18_GSM5344621_C11d9,1,sorafenib
Data18_GSM5344621_C11da,1,sorafenib
Data18_GSM5344621_C11db,1,sorafenib
Data18_GSM5344621_C11dd,1,sorafenib
Data18_GSM5344621_C11de,1,sorafenib
Data18_GSM5344621_C11df,1,sorafenib
Data18_GSM5344621_C11e1,1,sorafenib
Data18_GSM5344621_C11e8,1,sorafenib
Data18_GSM5344621_C11e9,1,sorafenib
Data18_GSM5344621_C11eb,1,sorafenib
Data18_GSM5344621_C11ec,1,sorafenib
Data18_GSM5344621_C11ed,1,sorafenib
Data18_GSM5344621_C11f0,1,sorafenib
Data18_GSM5344621_C11f1,1,sorafenib
Data18_GSM5344621_C11f2,1,sorafenib
Data18_GSM5344621_C11f3,1,sorafenib
Data18_GSM5344621_C11f4,1,sorafenib
Data18_GSM5344621_C11f5,1,sorafenib
Data18_GSM5344621_C11f6,1,sorafenib
Data18_GSM5344621_C11f8,1,sorafenib
Data18_GSM5344621_C11f9,1,sorafenib
Data18_GSM5344621_C11fe,1,sorafenib
Data18_GSM5344621_C1200,1,sorafenib
Data18_GSM5344621_C1203,1,sorafenib
Data18_GSM5344621_C1204,1,sorafenib
Data18_GSM5344621_C1205,1,sorafenib
Data18_GSM5344621_C1206,1,sorafenib
Data18_GSM5344621_C1208,1,sorafenib
Data18_GSM5344621_C1209,1,sorafenib
Data18_GSM5344621_C120b,1,sorafenib
Data18_GSM5344621_C120d,1,sorafenib
Data18_GSM5344621_C120e,1,sorafenib
Data18_GSM5344621_C1215,1,sorafenib
Data18_GSM5344621_C1216,1,sorafenib
Data18_GSM5344621_C1219,1,sorafenib
Data18_GSM5344621_C121e,1,sorafenib
Data18_GSM5344621_C1221,1,sorafenib
Data18_GSM5344621_C1222,1,sorafenib
Data18_GSM5344621_C1223,1,sorafenib
Data18_GSM5344621_C1224,1,sorafenib
Data18_GSM5344621_C1225,1,sorafenib
Data18_GSM5344621_C1226,1,sorafenib
Data18_GSM5344621_C122b,1,sorafenib
Data18_GSM5344621_C122c,1,sorafenib
Data18_GSM5344621_C122d,1,sorafenib
Data18_GSM5344621_C122e,1,sorafenib
Data18_GSM5344621_C122f,1,sorafenib
Data18_GSM5344621_C1230,1,sorafenib
Data18_GSM5344621_C1232,1,sorafenib
Data18_GSM5344621_C1236,1,sorafenib
Data18_GSM5344621_C1237,1,sorafenib
Data18_GSM5344621_C123c,1,sorafenib
Data18_GSM5344621_C123f,1,sorafenib
Data18_GSM5344621_C1240,1,sorafenib
Data18_GSM5344621_C1241,1,sorafenib
Data18_GSM5344621_C1242,1,sorafenib
Data18_GSM5344621_C1243,1,sorafenib
Data18_GSM5344621_C1244,1,sorafenib
Data18_GSM5344621_C1245,1,sorafenib
Data18_GSM5344621_C1246,1,sorafenib
Data18_GSM5344621_C1247,1,sorafenib
Data18_GSM5344621_C1248,1,sorafenib
Data18_GSM5344621_C124a,1,sorafenib
Data18_GSM5344621_C124b,1,sorafenib
Data18_GSM5344621_C124d,1,sorafenib
Data18_GSM5344621_C124e,1,sorafenib
Data18_GSM5344621_C124f,1,sorafenib
Data18_GSM5344621_C1251,1,sorafenib
Data18_GSM5344621_C1253,1,sorafenib
Data18_GSM5344621_C1255,1,sorafenib
Data18_GSM5344621_C1259,1,sorafenib
Data18_GSM5344621_C125b,1,sorafenib
Data18_GSM5344621_C125c,1,sorafenib
Data18_GSM5344621_C125f,1,sorafenib
Data18_GSM5344621_C1260,1,sorafenib
Data18_GSM5344621_C1261,1,sorafenib
Data18_GSM5344621_C1262,1,sorafenib
Data18_GSM5344621_C1263,1,sorafenib
Data18_GSM5344621_C1264,1,sorafenib
Data18_GSM5344621_C1267,1,sorafenib
Data18_GSM5344621_C1268,1,sorafenib
Data18_GSM5344621_C1269,1,sorafenib
Data18_GSM5344621_C126a,1,sorafenib
Data18_GSM5344621_C126c,1,sorafenib
Data18_GSM5344621_C126d,1,sorafenib
Data18_GSM5344621_C126e,1,sorafenib
Data18_GSM5344621_C126f,1,sorafenib
Data18_GSM5344621_C1271,1,sorafenib
Data18_GSM5344621_C1273,1,sorafenib
Data18_GSM5344621_C1274,1,sorafenib
Data18_GSM5344621_C1275,1,sorafenib
Data18_GSM5344621_C1276,1,sorafenib
Data18_GSM5344621_C1279,1,sorafenib
Data18_GSM5344621_C127a,1,sorafenib
Data18_GSM5344621_C127b,1,sorafenib
Data18_GSM5344621_C127c,1,sorafenib
Data18_GSM5344621_C127d,1,sorafenib
Data18_GSM5344621_C127e,1,sorafenib
Data18_GSM5344621_C1282,1,sorafenib
Data18_GSM5344621_C1284,1,sorafenib
Data18_GSM5344621_C1286,1,sorafenib
Data18_GSM5344621_C1287,1,sorafenib
Data18_GSM5344621_C1288,1,sorafenib
Data18_GSM5344621_C1289,1,sorafenib
Data18_GSM5344621_C128b,1,sorafenib
Data18_GSM5344621_C128c,1,sorafenib
Data18_GSM5344621_C128d,1,sorafenib
Data18_GSM5344621_C128e,1,sorafenib
Data18_GSM5344621_C128f,1,sorafenib
Data18_GSM5344621_C1290,1,sorafenib
Data18_GSM5344621_C1293,1,sorafenib
Data18_GSM5344621_C1294,1,sorafenib
Data18_GSM5344621_C1295,1,sorafenib
Data18_GSM5344621_C1296,1,sorafenib
Data18_GSM5344621_C1297,1,sorafenib
Data18_GSM5344621_C1298,1,sorafenib
Data18_GSM5344621_C129a,1,sorafenib
Data18_GSM5344621_C129c,1,sorafenib
Data18_GSM5344621_C129e,1,sorafenib
Data18_GSM5344621_C129f,1,sorafenib
Data18_GSM5344621_C12a0,1,sorafenib
Data18_GSM5344621_C12a3,1,sorafenib
Data18_GSM5344621_C12a4,1,sorafenib
Data18_GSM5344622_C1,1,sorafenib
Data18_GSM5344622_C3,1,sorafenib
Data18_GSM5344622_C5,1,sorafenib
Data18_GSM5344622_C8,1,sorafenib
Data18_GSM5344622_C9,1,sorafenib
Data18_GSM5344622_Ca,1,sorafenib
Data18_GSM5344622_Cb,1,sorafenib
Data18_GSM5344622_Cc,1,sorafenib
Data18_GSM5344622_Cd,1,sorafenib
Data18_GSM5344622_C10,1,sorafenib
Data18_GSM5344622_C14,1,sorafenib
Data18_GSM5344622_C17,1,sorafenib
Data18_GSM5344622_C18,1,sorafenib
Data18_GSM5344622_C22,1,sorafenib
Data18_GSM5344622_C24,1,sorafenib
Data18_GSM5344622_C25,1,sorafenib
Data18_GSM5344622_C29,1,sorafenib
Data18_GSM5344622_C2d,1,sorafenib
Data18_GSM5344622_C2f,1,sorafenib
Data18_GSM5344622_C30,1,sorafenib
Data18_GSM5344622_C31,1,sorafenib
Data18_GSM5344622_C33,1,sorafenib
Data18_GSM5344622_C36,1,sorafenib
Data18_GSM5344622_C37,1,sorafenib
Data18_GSM5344622_C3a,1,sorafenib
Data18_GSM5344622_C3c,1,sorafenib
Data18_GSM5344622_C3d,1,sorafenib
Data18_GSM5344622_C41,1,sorafenib
Data18_GSM5344622_C44,1,sorafenib
Data18_GSM5344622_C49,1,sorafenib
Data18_GSM5344622_C4f,1,sorafenib
Data18_GSM5344622_C50,1,sorafenib
Data18_GSM5344622_C56,1,sorafenib
Data18_GSM5344622_C5d,1,sorafenib
Data18_GSM5344622_C5e,1,sorafenib
Data18_GSM5344622_C5f,1,sorafenib
Data18_GSM5344622_C60,1,sorafenib
Data18_GSM5344622_C61,1,sorafenib
Data18_GSM5344622_C63,1,sorafenib
Data18_GSM5344622_C64,1,sorafenib
Data18_GSM5344622_C67,1,sorafenib
Data18_GSM5344622_C69,1,sorafenib
Data18_GSM5344622_C70,1,sorafenib
Data18_GSM5344622_C71,1,sorafenib
Data18_GSM5344622_C74,1,sorafenib
Data18_GSM5344622_C75,1,sorafenib
Data18_GSM5344622_C77,1,sorafenib
Data18_GSM5344622_C79,1,sorafenib
Data18_GSM5344622_C7b,1,sorafenib
Data18_GSM5344622_C7c,1,sorafenib
Data18_GSM5344622_C81,1,sorafenib
Data18_GSM5344622_C82,1,sorafenib
Data18_GSM5344622_C83,1,sorafenib
Data18_GSM5344622_C84,1,sorafenib
Data18_GSM5344622_C86,1,sorafenib
Data18_GSM5344622_C89,1,sorafenib
Data18_GSM5344622_C8a,1,sorafenib
Data18_GSM5344622_C8c,1,sorafenib
Data18_GSM5344622_C8d,1,sorafenib
Data18_GSM5344622_C90,1,sorafenib
Data18_GSM5344622_C92,1,sorafenib
Data18_GSM5344622_C93,1,sorafenib
Data18_GSM5344622_C96,1,sorafenib
Data18_GSM5344622_C99,1,sorafenib
Data18_GSM5344622_C9c,1,sorafenib
Data18_GSM5344622_C9d,1,sorafenib
Data18_GSM5344622_Ca0,1,sorafenib
Data18_GSM5344622_Ca5,1,sorafenib
Data18_GSM5344622_Ca8,1,sorafenib
Data18_GSM5344622_Caa,1,sorafenib
Data18_GSM5344622_Cab,1,sorafenib
Data18_GSM5344622_Cac,1,sorafenib
Data18_GSM5344622_Cad,1,sorafenib
Data18_GSM5344622_Cb0,1,sorafenib
Data18_GSM5344622_Cb4,1,sorafenib
Data18_GSM5344622_Cb6,1,sorafenib
Data18_GSM5344622_Cb7,1,sorafenib
Data18_GSM5344622_Cb8,1,sorafenib
Data18_GSM5344622_Cbd,1,sorafenib
Data18_GSM5344622_Cbe,1,sorafenib
Data18_GSM5344622_Cc1,1,sorafenib
Data18_GSM5344622_Cc3,1,sorafenib
Data18_GSM5344622_Cc6,1,sorafenib
Data18_GSM5344622_Cc8,1,sorafenib
Data18_GSM5344622_Cca,1,sorafenib
Data18_GSM5344622_Ccc,1,sorafenib
Data18_GSM5344622_Cce,1,sorafenib
Data18_GSM5344622_Ccf,1,sorafenib
Data18_GSM5344622_Cd0,1,sorafenib
Data18_GSM5344622_Cd1,1,sorafenib
Data18_GSM5344622_Cd2,1,sorafenib
Data18_GSM5344622_Cd3,1,sorafenib
Data18_GSM5344622_Cd5,1,sorafenib
Data18_GSM5344622_Cd6,1,sorafenib
Data18_GSM5344622_Cda,1,sorafenib
Data18_GSM5344622_Cdd,1,sorafenib
Data18_GSM5344622_Cde,1,sorafenib
Data18_GSM5344622_Cdf,1,sorafenib
Data18_GSM5344622_Ce0,1,sorafenib
Data18_GSM5344622_Ce4,1,sorafenib
Data18_GSM5344622_Cea,1,sorafenib
Data18_GSM5344622_Ceb,1,sorafenib
Data18_GSM5344622_Cee,1,sorafenib
Data18_GSM5344622_Cef,1,sorafenib
Data18_GSM5344622_Cf0,1,sorafenib
Data18_GSM5344622_Cf2,1,sorafenib
Data18_GSM5344622_Cf5,1,sorafenib
Data18_GSM5344622_Cf7,1,sorafenib
Data18_GSM5344622_Cf9,1,sorafenib
Data18_GSM5344622_Cff,1,sorafenib
Data18_GSM5344622_C102,1,sorafenib
Data18_GSM5344622_C103,1,sorafenib
Data18_GSM5344622_C104,1,sorafenib
Data18_GSM5344622_C105,1,sorafenib
Data18_GSM5344622_C106,1,sorafenib
Data18_GSM5344622_C108,1,sorafenib
Data18_GSM5344622_C109,1,sorafenib
Data18_GSM5344622_C10c,1,sorafenib
Data18_GSM5344622_C10f,1,sorafenib
Data18_GSM5344622_C110,1,sorafenib
Data18_GSM5344622_C113,1,sorafenib
Data18_GSM5344622_C115,1,sorafenib
Data18_GSM5344622_C116,1,sorafenib
Data18_GSM5344622_C119,1,sorafenib
Data18_GSM5344622_C11a,1,sorafenib
Data18_GSM5344622_C11b,1,sorafenib
Data18_GSM5344622_C123,1,sorafenib
Data18_GSM5344622_C125,1,sorafenib
Data18_GSM5344622_C126,1,sorafenib
Data18_GSM5344622_C128,1,sorafenib
Data18_GSM5344622_C129,1,sorafenib
Data18_GSM5344622_C12a,1,sorafenib
Data18_GSM5344622_C12b,1,sorafenib
Data18_GSM5344622_C12e,1,sorafenib
Data18_GSM5344622_C130,1,sorafenib
Data18_GSM5344622_C133,1,sorafenib
Data18_GSM5344622_C136,1,sorafenib
Data18_GSM5344622_C139,1,sorafenib
Data18_GSM5344622_C13a,1,sorafenib
Data18_GSM5344622_C13c,1,sorafenib
Data18_GSM5344622_C13d,1,sorafenib
Data18_GSM5344622_C140,1,sorafenib
Data18_GSM5344622_C141,1,sorafenib
Data18_GSM5344622_C142,1,sorafenib
Data18_GSM5344622_C149,1,sorafenib
Data18_GSM5344622_C14c,1,sorafenib
Data18_GSM5344622_C14d,1,sorafenib
Data18_GSM5344622_C152,1,sorafenib
Data18_GSM5344622_C153,1,sorafenib
Data18_GSM5344622_C158,1,sorafenib
Data18_GSM5344622_C15c,1,sorafenib
Data18_GSM5344622_C15d,1,sorafenib
Data18_GSM5344622_C15f,1,sorafenib
Data18_GSM5344622_C162,1,sorafenib
Data18_GSM5344622_C164,1,sorafenib
Data18_GSM5344622_C166,1,sorafenib
Data18_GSM5344622_C167,1,sorafenib
Data18_GSM5344622_C169,1,sorafenib
Data18_GSM5344622_C16d,1,sorafenib
Data18_GSM5344622_C16e,1,sorafenib
Data18_GSM5344622_C16f,1,sorafenib
Data18_GSM5344622_C171,1,sorafenib
Data18_GSM5344622_C174,1,sorafenib
Data18_GSM5344622_C175,1,sorafenib
Data18_GSM5344622_C176,1,sorafenib
Data18_GSM5344622_C179,1,sorafenib
Data18_GSM5344622_C17a,1,sorafenib
Data18_GSM5344622_C17b,1,sorafenib
Data18_GSM5344622_C17c,1,sorafenib
Data18_GSM5344622_C17d,1,sorafenib
Data18_GSM5344622_C17e,1,sorafenib
Data18_GSM5344622_C180,1,sorafenib
Data18_GSM5344622_C181,1,sorafenib
Data18_GSM5344622_C182,1,sorafenib
Data18_GSM5344622_C183,1,sorafenib
Data18_GSM5344622_C184,1,sorafenib
Data18_GSM5344622_C188,1,sorafenib
Data18_GSM5344622_C18e,1,sorafenib
Data18_GSM5344622_C195,1,sorafenib
Data18_GSM5344622_C196,1,sorafenib
Data18_GSM5344622_C197,1,sorafenib
Data18_GSM5344622_C19b,1,sorafenib
Data18_GSM5344622_C19d,1,sorafenib
Data18_GSM5344622_C19e,1,sorafenib
Data18_GSM5344622_C19f,1,sorafenib
Data18_GSM5344622_C1a0,1,sorafenib
Data18_GSM5344622_C1a1,1,sorafenib
Data18_GSM5344622_C1a2,1,sorafenib
Data18_GSM5344622_C1a6,1,sorafenib
Data18_GSM5344622_C1aa,1,sorafenib
Data18_GSM5344622_C1ab,1,sorafenib
Data18_GSM5344622_C1b0,1,sorafenib
Data18_GSM5344622_C1b1,1,sorafenib
Data18_GSM5344622_C1b2,1,sorafenib
Data18_GSM5344622_C1b3,1,sorafenib
Data18_GSM5344622_C1b5,1,sorafenib
Data18_GSM5344622_C1b7,1,sorafenib
Data18_GSM5344622_C1ba,1,sorafenib
Data18_GSM5344622_C1bc,1,sorafenib
Data18_GSM5344622_C1bf,1,sorafenib
Data18_GSM5344622_C1c1,1,sorafenib
Data18_GSM5344622_C1c2,1,sorafenib
Data18_GSM5344622_C1c4,1,sorafenib
Data18_GSM5344622_C1c6,1,sorafenib
Data18_GSM5344622_C1c7,1,sorafenib
Data18_GSM5344622_C1c8,1,sorafenib
Data18_GSM5344622_C1ca,1,sorafenib
Data18_GSM5344622_C1cd,1,sorafenib
Data18_GSM5344622_C1ce,1,sorafenib
Data18_GSM5344622_C1d0,1,sorafenib
Data18_GSM5344622_C1d1,1,sorafenib
Data18_GSM5344622_C1d4,1,sorafenib
Data18_GSM5344622_C1d5,1,sorafenib
Data18_GSM5344622_C1db,1,sorafenib
Data18_GSM5344622_C1dc,1,sorafenib
Data18_GSM5344622_C1dd,1,sorafenib
Data18_GSM5344622_C1de,1,sorafenib
Data18_GSM5344622_C1e0,1,sorafenib
Data18_GSM5344622_C1e3,1,sorafenib
Data18_GSM5344622_C1e9,1,sorafenib
Data18_GSM5344622_C1ea,1,sorafenib
Data18_GSM5344622_C1eb,1,sorafenib
Data18_GSM5344622_C1ec,1,sorafenib
Data18_GSM5344622_C1ef,1,sorafenib
Data18_GSM5344622_C1f3,1,sorafenib
Data18_GSM5344622_C1f4,1,sorafenib
Data18_GSM5344622_C1f5,1,sorafenib
Data18_GSM5344622_C1f8,1,sorafenib
Data18_GSM5344622_C1fe,1,sorafenib
Data18_GSM5344622_C200,1,sorafenib
Data18_GSM5344622_C202,1,sorafenib
Data18_GSM5344622_C203,1,sorafenib
Data18_GSM5344622_C204,1,sorafenib
Data18_GSM5344622_C209,1,sorafenib
Data18_GSM5344622_C20a,1,sorafenib
Data18_GSM5344622_C20b,1,sorafenib
Data18_GSM5344622_C211,1,sorafenib
Data18_GSM5344622_C212,1,sorafenib
Data18_GSM5344622_C215,1,sorafenib
Data18_GSM5344622_C218,1,sorafenib
Data18_GSM5344622_C21a,1,sorafenib
Data18_GSM5344622_C21b,1,sorafenib
Data18_GSM5344622_C21d,1,sorafenib
Data18_GSM5344622_C21e,1,sorafenib
Data18_GSM5344622_C220,1,sorafenib
Data18_GSM5344622_C225,1,sorafenib
Data18_GSM5344622_C22c,1,sorafenib
Data18_GSM5344622_C22d,1,sorafenib
Data18_GSM5344622_C22e,1,sorafenib
Data18_GSM5344622_C22f,1,sorafenib
Data18_GSM5344622_C230,1,sorafenib
Data18_GSM5344622_C233,1,sorafenib
Data18_GSM5344622_C234,1,sorafenib
Data18_GSM5344622_C235,1,sorafenib
Data18_GSM5344622_C236,1,sorafenib
Data18_GSM5344622_C23b,1,sorafenib
Data18_GSM5344622_C23c,1,sorafenib
Data18_GSM5344622_C23e,1,sorafenib
Data18_GSM5344622_C240,1,sorafenib
Data18_GSM5344622_C242,1,sorafenib
Data18_GSM5344622_C246,1,sorafenib
Data18_GSM5344622_C247,1,sorafenib
Data18_GSM5344622_C248,1,sorafenib
Data18_GSM5344622_C249,1,sorafenib
Data18_GSM5344622_C24a,1,sorafenib
Data18_GSM5344622_C24e,1,sorafenib
Data18_GSM5344622_C251,1,sorafenib
Data18_GSM5344622_C258,1,sorafenib
Data18_GSM5344622_C25a,1,sorafenib
Data18_GSM5344622_C25b,1,sorafenib
Data18_GSM5344622_C25c,1,sorafenib
Data18_GSM5344622_C25d,1,sorafenib
Data18_GSM5344622_C25e,1,sorafenib
Data18_GSM5344622_C263,1,sorafenib
Data18_GSM5344622_C265,1,sorafenib
Data18_GSM5344622_C266,1,sorafenib
Data18_GSM5344622_C269,1,sorafenib
Data18_GSM5344622_C26b,1,sorafenib
Data18_GSM5344622_C26c,1,sorafenib
Data18_GSM5344622_C26d,1,sorafenib
Data18_GSM5344622_C26e,1,sorafenib
Data18_GSM5344622_C26f,1,sorafenib
Data18_GSM5344622_C272,1,sorafenib
Data18_GSM5344622_C274,1,sorafenib
Data18_GSM5344622_C277,1,sorafenib
Data18_GSM5344622_C278,1,sorafenib
Data18_GSM5344622_C279,1,sorafenib
Data18_GSM5344622_C27a,1,sorafenib
Data18_GSM5344622_C27b,1,sorafenib
Data18_GSM5344622_C27e,1,sorafenib
Data18_GSM5344622_C27f,1,sorafenib
Data18_GSM5344622_C283,1,sorafenib
Data18_GSM5344622_C285,1,sorafenib
Data18_GSM5344622_C286,1,sorafenib
Data18_GSM5344622_C287,1,sorafenib
Data18_GSM5344622_C289,1,sorafenib
Data18_GSM5344622_C28b,1,sorafenib
Data18_GSM5344622_C28c,1,sorafenib
Data18_GSM5344622_C28d,1,sorafenib
Data18_GSM5344622_C290,1,sorafenib
Data18_GSM5344622_C291,1,sorafenib
Data18_GSM5344622_C292,1,sorafenib
Data18_GSM5344622_C294,1,sorafenib
Data18_GSM5344622_C295,1,sorafenib
Data18_GSM5344622_C29a,1,sorafenib
Data18_GSM5344622_C29b,1,sorafenib
Data18_GSM5344622_C29c,1,sorafenib
Data18_GSM5344622_C29d,1,sorafenib
Data18_GSM5344622_C29f,1,sorafenib
Data18_GSM5344622_C2a0,1,sorafenib
Data18_GSM5344622_C2a4,1,sorafenib
Data18_GSM5344622_C2a6,1,sorafenib
Data18_GSM5344622_C2a7,1,sorafenib
Data18_GSM5344622_C2ae,1,sorafenib
Data18_GSM5344622_C2b3,1,sorafenib
Data18_GSM5344622_C2b4,1,sorafenib
Data18_GSM5344622_C2b5,1,sorafenib
Data18_GSM5344622_C2ba,1,sorafenib
Data18_GSM5344622_C2bb,1,sorafenib
Data18_GSM5344622_C2be,1,sorafenib
Data18_GSM5344622_C2c3,1,sorafenib
Data18_GSM5344622_C2c5,1,sorafenib
Data18_GSM5344622_C2ca,1,sorafenib
Data18_GSM5344622_C2ce,1,sorafenib
Data18_GSM5344622_C2d2,1,sorafenib
Data18_GSM5344622_C2d3,1,sorafenib
Data18_GSM5344622_C2d4,1,sorafenib
Data18_GSM5344622_C2d5,1,sorafenib
Data18_GSM5344622_C2d6,1,sorafenib
Data18_GSM5344622_C2d9,1,sorafenib
Data18_GSM5344622_C2dc,1,sorafenib
Data18_GSM5344622_C2dd,1,sorafenib
Data18_GSM5344622_C2e2,1,sorafenib
Data18_GSM5344622_C2e3,1,sorafenib
Data18_GSM5344622_C2e4,1,sorafenib
Data18_GSM5344622_C2e5,1,sorafenib
Data18_GSM5344622_C2e9,1,sorafenib
Data18_GSM5344622_C2ea,1,sorafenib
Data18_GSM5344622_C2ed,1,sorafenib
Data18_GSM5344622_C2ef,1,sorafenib
Data18_GSM5344622_C2f1,1,sorafenib
Data18_GSM5344622_C2f5,1,sorafenib
Data18_GSM5344622_C2f6,1,sorafenib
Data18_GSM5344622_C2f9,1,sorafenib
Data18_GSM5344622_C2fa,1,sorafenib
Data18_GSM5344622_C2fc,1,sorafenib
Data18_GSM5344622_C2fd,1,sorafenib
Data18_GSM5344622_C2ff,1,sorafenib
Data18_GSM5344622_C300,1,sorafenib
Data18_GSM5344622_C301,1,sorafenib
Data18_GSM5344622_C303,1,sorafenib
Data18_GSM5344622_C304,1,sorafenib
Data18_GSM5344622_C305,1,sorafenib
Data18_GSM5344622_C306,1,sorafenib
Data18_GSM5344622_C308,1,sorafenib
Data18_GSM5344622_C30d,1,sorafenib
Data18_GSM5344622_C311,1,sorafenib
Data18_GSM5344622_C312,1,sorafenib
Data18_GSM5344622_C315,1,sorafenib
Data18_GSM5344622_C317,1,sorafenib
Data18_GSM5344622_C318,1,sorafenib
Data18_GSM5344622_C31d,1,sorafenib
Data18_GSM5344622_C31e,1,sorafenib
Data18_GSM5344622_C31f,1,sorafenib
Data18_GSM5344622_C320,1,sorafenib
Data18_GSM5344622_C321,1,sorafenib
Data18_GSM5344622_C323,1,sorafenib
Data18_GSM5344622_C324,1,sorafenib
Data18_GSM5344622_C328,1,sorafenib
Data18_GSM5344622_C329,1,sorafenib
Data18_GSM5344622_C32f,1,sorafenib
Data18_GSM5344622_C330,1,sorafenib
Data18_GSM5344622_C331,1,sorafenib
Data18_GSM5344622_C335,1,sorafenib
Data18_GSM5344622_C336,1,sorafenib
Data18_GSM5344622_C337,1,sorafenib
Data18_GSM5344622_C338,1,sorafenib
Data18_GSM5344622_C33d,1,sorafenib
Data18_GSM5344622_C33e,1,sorafenib
Data18_GSM5344622_C344,1,sorafenib
Data18_GSM5344622_C346,1,sorafenib
Data18_GSM5344622_C349,1,sorafenib
Data18_GSM5344622_C34a,1,sorafenib
Data18_GSM5344622_C34b,1,sorafenib
Data18_GSM5344622_C34e,1,sorafenib
Data18_GSM5344622_C350,1,sorafenib
Data18_GSM5344622_C355,1,sorafenib
Data18_GSM5344622_C356,1,sorafenib
Data18_GSM5344622_C359,1,sorafenib
Data18_GSM5344622_C35b,1,sorafenib
Data18_GSM5344622_C35c,1,sorafenib
Data18_GSM5344622_C35d,1,sorafenib
Data18_GSM5344622_C35f,1,sorafenib
Data18_GSM5344622_C360,1,sorafenib
Data18_GSM5344622_C362,1,sorafenib
Data18_GSM5344622_C363,1,sorafenib
Data18_GSM5344622_C364,1,sorafenib
Data18_GSM5344622_C365,1,sorafenib
Data18_GSM5344622_C36a,1,sorafenib
Data18_GSM5344622_C36c,1,sorafenib
Data18_GSM5344622_C370,1,sorafenib
Data18_GSM5344622_C375,1,sorafenib
Data18_GSM5344622_C376,1,sorafenib
Data18_GSM5344622_C377,1,sorafenib
Data18_GSM5344622_C378,1,sorafenib
Data18_GSM5344622_C379,1,sorafenib
Data18_GSM5344622_C37b,1,sorafenib
Data18_GSM5344622_C37e,1,sorafenib
Data18_GSM5344622_C380,1,sorafenib
Data18_GSM5344622_C384,1,sorafenib
Data18_GSM5344622_C386,1,sorafenib
Data18_GSM5344622_C38b,1,sorafenib
Data18_GSM5344622_C38e,1,sorafenib
Data18_GSM5344622_C390,1,sorafenib
Data18_GSM5344622_C392,1,sorafenib
Data18_GSM5344622_C393,1,sorafenib
Data18_GSM5344622_C397,1,sorafenib
Data18_GSM5344622_C398,1,sorafenib
Data18_GSM5344622_C399,1,sorafenib
Data18_GSM5344622_C39b,1,sorafenib
Data18_GSM5344622_C3a1,1,sorafenib
Data18_GSM5344622_C3a2,1,sorafenib
Data18_GSM5344622_C3aa,1,sorafenib
Data18_GSM5344622_C3af,1,sorafenib
Data18_GSM5344622_C3b0,1,sorafenib
Data18_GSM5344622_C3b2,1,sorafenib
Data18_GSM5344622_C3b4,1,sorafenib
Data18_GSM5344622_C3b6,1,sorafenib
Data18_GSM5344622_C3b8,1,sorafenib
Data18_GSM5344622_C3b9,1,sorafenib
Data18_GSM5344622_C3bc,1,sorafenib
Data18_GSM5344622_C3bd,1,sorafenib
Data18_GSM5344622_C3be,1,sorafenib
Data18_GSM5344622_C3c0,1,sorafenib
Data18_GSM5344622_C3c1,1,sorafenib
Data18_GSM5344622_C3c3,1,sorafenib
Data18_GSM5344622_C3c5,1,sorafenib
Data18_GSM5344622_C3c6,1,sorafenib
Data18_GSM5344622_C3c7,1,sorafenib
Data18_GSM5344622_C3cb,1,sorafenib
Data18_GSM5344622_C3cc,1,sorafenib
Data18_GSM5344622_C3cd,1,sorafenib
Data18_GSM5344622_C3d2,1,sorafenib
Data18_GSM5344622_C3d3,1,sorafenib
Data18_GSM5344622_C3d4,1,sorafenib
Data18_GSM5344622_C3d6,1,sorafenib
Data18_GSM5344622_C3d7,1,sorafenib
Data18_GSM5344622_C3da,1,sorafenib
Data18_GSM5344622_C3db,1,sorafenib
Data18_GSM5344622_C3df,1,sorafenib
Data18_GSM5344622_C3e0,1,sorafenib
Data18_GSM5344622_C3e4,1,sorafenib
Data18_GSM5344622_C3e5,1,sorafenib
Data18_GSM5344622_C3e6,1,sorafenib
Data18_GSM5344622_C3e7,1,sorafenib
Data18_GSM5344622_C3e8,1,sorafenib
Data18_GSM5344622_C3eb,1,sorafenib
Data18_GSM5344622_C3ec,1,sorafenib
Data18_GSM5344622_C3ef,1,sorafenib
Data18_GSM5344622_C3f1,1,sorafenib
Data18_GSM5344622_C3f4,1,sorafenib
Data18_GSM5344622_C3f7,1,sorafenib
Data18_GSM5344622_C3f8,1,sorafenib
Data18_GSM5344622_C3fa,1,sorafenib
Data18_GSM5344622_C3fb,1,sorafenib
Data18_GSM5344622_C3fc,1,sorafenib
Data18_GSM5344622_C3fd,1,sorafenib
Data18_GSM5344622_C3fe,1,sorafenib
Data18_GSM5344622_C402,1,sorafenib
Data18_GSM5344622_C404,1,sorafenib
Data18_GSM5344622_C405,1,sorafenib
Data18_GSM5344622_C407,1,sorafenib
Data18_GSM5344622_C409,1,sorafenib
Data18_GSM5344622_C40a,1,sorafenib
Data18_GSM5344622_C40c,1,sorafenib
Data18_GSM5344622_C411,1,sorafenib
Data18_GSM5344622_C412,1,sorafenib
Data18_GSM5344622_C414,1,sorafenib
Data18_GSM5344622_C415,1,sorafenib
Data18_GSM5344622_C417,1,sorafenib
Data18_GSM5344622_C418,1,sorafenib
Data18_GSM5344622_C41a,1,sorafenib
Data18_GSM5344622_C41c,1,sorafenib
Data18_GSM5344622_C41d,1,sorafenib
Data18_GSM5344622_C421,1,sorafenib
Data18_GSM5344622_C425,1,sorafenib
Data18_GSM5344622_C426,1,sorafenib
Data18_GSM5344622_C427,1,sorafenib
Data18_GSM5344622_C42b,1,sorafenib
Data18_GSM5344622_C42c,1,sorafenib
Data18_GSM5344622_C43c,1,sorafenib
Data18_GSM5344622_C43f,1,sorafenib
Data18_GSM5344622_C441,1,sorafenib
Data18_GSM5344622_C442,1,sorafenib
Data18_GSM5344622_C444,1,sorafenib
Data18_GSM5344622_C445,1,sorafenib
Data18_GSM5344622_C446,1,sorafenib
Data18_GSM5344622_C447,1,sorafenib
Data18_GSM5344622_C448,1,sorafenib
Data18_GSM5344622_C449,1,sorafenib
Data18_GSM5344622_C44b,1,sorafenib
Data18_GSM5344622_C44c,1,sorafenib
Data18_GSM5344622_C44d,1,sorafenib
Data18_GSM5344622_C44e,1,sorafenib
Data18_GSM5344622_C450,1,sorafenib
Data18_GSM5344622_C452,1,sorafenib
Data18_GSM5344622_C453,1,sorafenib
Data18_GSM5344622_C455,1,sorafenib
Data18_GSM5344622_C456,1,sorafenib
Data18_GSM5344622_C45a,1,sorafenib
Data18_GSM5344622_C45c,1,sorafenib
Data18_GSM5344622_C45f,1,sorafenib
Data18_GSM5344622_C460,1,sorafenib
Data18_GSM5344622_C461,1,sorafenib
Data18_GSM5344622_C462,1,sorafenib
Data18_GSM5344622_C466,1,sorafenib
Data18_GSM5344622_C46b,1,sorafenib
Data18_GSM5344622_C46d,1,sorafenib
Data18_GSM5344622_C46e,1,sorafenib
Data18_GSM5344622_C471,1,sorafenib
Data18_GSM5344622_C472,1,sorafenib
Data18_GSM5344622_C474,1,sorafenib
Data18_GSM5344622_C475,1,sorafenib
Data18_GSM5344622_C47a,1,sorafenib
Data18_GSM5344622_C47b,1,sorafenib
Data18_GSM5344622_C47d,1,sorafenib
Data18_GSM5344622_C47e,1,sorafenib
Data18_GSM5344622_C480,1,sorafenib
Data18_GSM5344622_C483,1,sorafenib
Data18_GSM5344622_C487,1,sorafenib
Data18_GSM5344622_C488,1,sorafenib
Data18_GSM5344622_C48b,1,sorafenib
Data18_GSM5344622_C48c,1,sorafenib
Data18_GSM5344622_C48d,1,sorafenib
Data18_GSM5344622_C48f,1,sorafenib
Data18_GSM5344622_C490,1,sorafenib
Data18_GSM5344622_C491,1,sorafenib
Data18_GSM5344622_C492,1,sorafenib
Data18_GSM5344622_C493,1,sorafenib
Data18_GSM5344622_C494,1,sorafenib
Data18_GSM5344622_C497,1,sorafenib
Data18_GSM5344622_C49a,1,sorafenib
Data18_GSM5344622_C49c,1,sorafenib
Data18_GSM5344622_C49f,1,sorafenib
Data18_GSM5344622_C4a0,1,sorafenib
Data18_GSM5344622_C4a3,1,sorafenib
Data18_GSM5344622_C4a4,1,sorafenib
Data18_GSM5344622_C4a5,1,sorafenib
Data18_GSM5344622_C4a6,1,sorafenib
Data18_GSM5344622_C4a7,1,sorafenib
Data18_GSM5344622_C4a8,1,sorafenib
Data18_GSM5344622_C4aa,1,sorafenib
Data18_GSM5344622_C4ab,1,sorafenib
Data18_GSM5344622_C4ac,1,sorafenib
Data18_GSM5344622_C4ad,1,sorafenib
Data18_GSM5344622_C4af,1,sorafenib
Data18_GSM5344622_C4b1,1,sorafenib
Data18_GSM5344622_C4b2,1,sorafenib
Data18_GSM5344622_C4b3,1,sorafenib
Data18_GSM5344622_C4b4,1,sorafenib
Data18_GSM5344622_C4b5,1,sorafenib
Data18_GSM5344622_C4b9,1,sorafenib
Data18_GSM5344622_C4bb,1,sorafenib
Data18_GSM5344622_C4bd,1,sorafenib
Data18_GSM5344622_C4be,1,sorafenib
Data18_GSM5344622_C4bf,1,sorafenib
Data18_GSM5344622_C4c5,1,sorafenib
Data18_GSM5344622_C4c6,1,sorafenib
Data18_GSM5344622_C4c9,1,sorafenib
Data18_GSM5344622_C4cb,1,sorafenib
Data18_GSM5344622_C4cc,1,sorafenib
Data18_GSM5344622_C4cd,1,sorafenib
Data18_GSM5344622_C4d0,1,sorafenib
Data18_GSM5344622_C4d2,1,sorafenib
Data18_GSM5344622_C4d4,1,sorafenib
Data18_GSM5344622_C4d5,1,sorafenib
Data18_GSM5344622_C4d6,1,sorafenib
Data18_GSM5344622_C4d9,1,sorafenib
Data18_GSM5344622_C4da,1,sorafenib
Data18_GSM5344622_C4dd,1,sorafenib
Data18_GSM5344622_C4de,1,sorafenib
Data18_GSM5344622_C4e2,1,sorafenib
Data18_GSM5344622_C4e4,1,sorafenib
Data18_GSM5344622_C4e5,1,sorafenib
Data18_GSM5344622_C4e6,1,sorafenib
Data18_GSM5344622_C4e9,1,sorafenib
Data18_GSM5344622_C4eb,1,sorafenib
Data18_GSM5344622_C4ec,1,sorafenib
Data18_GSM5344622_C4ee,1,sorafenib
Data18_GSM5344622_C4f0,1,sorafenib
Data18_GSM5344622_C4f1,1,sorafenib
Data18_GSM5344622_C4f7,1,sorafenib
Data18_GSM5344622_C4f8,1,sorafenib
Data18_GSM5344622_C4fa,1,sorafenib
Data18_GSM5344622_C4fc,1,sorafenib
Data18_GSM5344622_C4ff,1,sorafenib
Data18_GSM5344622_C501,1,sorafenib
Data18_GSM5344622_C503,1,sorafenib
Data18_GSM5344622_C507,1,sorafenib
Data18_GSM5344622_C509,1,sorafenib
Data18_GSM5344622_C50a,1,sorafenib
Data18_GSM5344622_C50b,1,sorafenib
Data18_GSM5344622_C50c,1,sorafenib
Data18_GSM5344622_C511,1,sorafenib
Data18_GSM5344622_C513,1,sorafenib
Data18_GSM5344622_C514,1,sorafenib
Data18_GSM5344622_C515,1,sorafenib
Data18_GSM5344622_C516,1,sorafenib
Data18_GSM5344622_C519,1,sorafenib
Data18_GSM5344622_C51c,1,sorafenib
Data18_GSM5344622_C520,1,sorafenib
Data18_GSM5344622_C524,1,sorafenib
Data18_GSM5344622_C528,1,sorafenib
Data18_GSM5344622_C52a,1,sorafenib
Data18_GSM5344622_C52d,1,sorafenib
Data18_GSM5344622_C52f,1,sorafenib
Data18_GSM5344622_C530,1,sorafenib
Data18_GSM5344622_C535,1,sorafenib
Data18_GSM5344622_C536,1,sorafenib
Data18_GSM5344622_C538,1,sorafenib
Data18_GSM5344622_C539,1,sorafenib
Data18_GSM5344622_C53b,1,sorafenib
Data18_GSM5344622_C53d,1,sorafenib
Data18_GSM5344622_C53f,1,sorafenib
Data18_GSM5344622_C540,1,sorafenib
Data18_GSM5344622_C542,1,sorafenib
Data18_GSM5344622_C543,1,sorafenib
Data18_GSM5344622_C545,1,sorafenib
Data18_GSM5344622_C546,1,sorafenib
Data18_GSM5344622_C549,1,sorafenib
Data18_GSM5344622_C54c,1,sorafenib
Data18_GSM5344622_C54e,1,sorafenib
Data18_GSM5344622_C54f,1,sorafenib
Data18_GSM5344622_C550,1,sorafenib
Data18_GSM5344622_C552,1,sorafenib
Data18_GSM5344622_C553,1,sorafenib
Data18_GSM5344622_C554,1,sorafenib
Data18_GSM5344622_C555,1,sorafenib
Data18_GSM5344622_C556,1,sorafenib
Data18_GSM5344622_C558,1,sorafenib
Data18_GSM5344622_C55c,1,sorafenib
Data18_GSM5344622_C55f,1,sorafenib
Data18_GSM5344622_C560,1,sorafenib
Data18_GSM5344622_C561,1,sorafenib
Data18_GSM5344622_C562,1,sorafenib
Data18_GSM5344622_C565,1,sorafenib
Data18_GSM5344622_C566,1,sorafenib
Data18_GSM5344622_C567,1,sorafenib
Data18_GSM5344622_C568,1,sorafenib
Data18_GSM5344622_C569,1,sorafenib
Data18_GSM5344622_C56c,1,sorafenib
Data18_GSM5344622_C56f,1,sorafenib
Data18_GSM5344622_C571,1,sorafenib
Data18_GSM5344622_C572,1,sorafenib
Data18_GSM5344622_C575,1,sorafenib
Data18_GSM5344622_C576,1,sorafenib
Data18_GSM5344622_C577,1,sorafenib
Data18_GSM5344622_C578,1,sorafenib
Data18_GSM5344622_C579,1,sorafenib
Data18_GSM5344622_C57a,1,sorafenib
Data18_GSM5344622_C57b,1,sorafenib
Data18_GSM5344622_C582,1,sorafenib
Data18_GSM5344622_C584,1,sorafenib
Data18_GSM5344622_C585,1,sorafenib
Data18_GSM5344622_C586,1,sorafenib
Data18_GSM5344622_C58b,1,sorafenib
Data18_GSM5344622_C58d,1,sorafenib
Data18_GSM5344622_C590,1,sorafenib
Data18_GSM5344622_C591,1,sorafenib
Data18_GSM5344622_C592,1,sorafenib
Data18_GSM5344622_C593,1,sorafenib
Data18_GSM5344622_C594,1,sorafenib
Data18_GSM5344622_C597,1,sorafenib
Data18_GSM5344622_C59a,1,sorafenib
Data18_GSM5344622_C59b,1,sorafenib
Data18_GSM5344622_C59c,1,sorafenib
Data18_GSM5344622_C59e,1,sorafenib
Data18_GSM5344622_C59f,1,sorafenib
Data18_GSM5344622_C5a7,1,sorafenib
Data18_GSM5344622_C5ab,1,sorafenib
Data18_GSM5344622_C5ac,1,sorafenib
Data18_GSM5344622_C5ae,1,sorafenib
Data18_GSM5344622_C5af,1,sorafenib
Data18_GSM5344622_C5b0,1,sorafenib
Data18_GSM5344622_C5b7,1,sorafenib
Data18_GSM5344622_C5b8,1,sorafenib
Data18_GSM5344622_C5bc,1,sorafenib
Data18_GSM5344622_C5bd,1,sorafenib
Data18_GSM5344622_C5c4,1,sorafenib
Data18_GSM5344622_C5c5,1,sorafenib
Data18_GSM5344622_C5c6,1,sorafenib
Data18_GSM5344622_C5c7,1,sorafenib
Data18_GSM5344622_C5cb,1,sorafenib
Data18_GSM5344622_C5cf,1,sorafenib
Data18_GSM5344622_C5d1,1,sorafenib
Data18_GSM5344622_C5d2,1,sorafenib
Data18_GSM5344622_C5d3,1,sorafenib
Data18_GSM5344622_C5d9,1,sorafenib
Data18_GSM5344622_C5df,1,sorafenib
Data18_GSM5344622_C5e1,1,sorafenib
Data18_GSM5344622_C5e2,1,sorafenib
Data18_GSM5344622_C5e8,1,sorafenib
Data18_GSM5344622_C5eb,1,sorafenib
Data18_GSM5344622_C5ec,1,sorafenib
Data18_GSM5344622_C5ed,1,sorafenib
Data18_GSM5344622_C5ee,1,sorafenib
Data18_GSM5344622_C5ef,1,sorafenib
Data18_GSM5344622_C5f2,1,sorafenib
Data18_GSM5344622_C5f4,1,sorafenib
Data18_GSM5344622_C5f5,1,sorafenib
Data18_GSM5344622_C5f6,1,sorafenib
Data18_GSM5344622_C5fa,1,sorafenib
Data18_GSM5344622_C5fe,1,sorafenib
Data18_GSM5344622_C5ff,1,sorafenib
Data18_GSM5344622_C600,1,sorafenib
Data18_GSM5344622_C601,1,sorafenib
Data18_GSM5344622_C603,1,sorafenib
Data18_GSM5344622_C604,1,sorafenib
Data18_GSM5344622_C605,1,sorafenib
Data18_GSM5344622_C607,1,sorafenib
Data18_GSM5344622_C609,1,sorafenib
Data18_GSM5344622_C60c,1,sorafenib
Data18_GSM5344622_C60d,1,sorafenib
Data18_GSM5344622_C60e,1,sorafenib
Data18_GSM5344622_C610,1,sorafenib
Data18_GSM5344622_C611,1,sorafenib
Data18_GSM5344622_C616,1,sorafenib
Data18_GSM5344622_C618,1,sorafenib
Data18_GSM5344622_C619,1,sorafenib
Data18_GSM5344622_C61a,1,sorafenib
Data18_GSM5344622_C61e,1,sorafenib
Data18_GSM5344622_C61f,1,sorafenib
Data18_GSM5344622_C620,1,sorafenib
Data18_GSM5344622_C621,1,sorafenib
Data18_GSM5344622_C623,1,sorafenib
Data18_GSM5344622_C624,1,sorafenib
Data18_GSM5344622_C628,1,sorafenib
Data18_GSM5344622_C629,1,sorafenib
Data18_GSM5344622_C62a,1,sorafenib
Data18_GSM5344622_C62b,1,sorafenib
Data18_GSM5344622_C62d,1,sorafenib
Data18_GSM5344622_C62f,1,sorafenib
Data18_GSM5344622_C630,1,sorafenib
Data18_GSM5344622_C631,1,sorafenib
Data18_GSM5344622_C632,1,sorafenib
Data18_GSM5344622_C633,1,sorafenib
Data18_GSM5344622_C636,1,sorafenib
Data18_GSM5344622_C638,1,sorafenib
Data18_GSM5344622_C639,1,sorafenib
Data18_GSM5344622_C63b,1,sorafenib
Data18_GSM5344622_C63f,1,sorafenib
Data18_GSM5344622_C642,1,sorafenib
Data18_GSM5344622_C644,1,sorafenib
Data18_GSM5344622_C645,1,sorafenib
Data18_GSM5344622_C646,1,sorafenib
Data18_GSM5344622_C647,1,sorafenib
Data18_GSM5344622_C648,1,sorafenib
Data18_GSM5344622_C64a,1,sorafenib
Data18_GSM5344622_C64b,1,sorafenib
Data18_GSM5344622_C64c,1,sorafenib
Data18_GSM5344622_C64d,1,sorafenib
Data18_GSM5344622_C64e,1,sorafenib
Data18_GSM5344622_C652,1,sorafenib
Data18_GSM5344622_C654,1,sorafenib
Data18_GSM5344622_C655,1,sorafenib
Data18_GSM5344622_C656,1,sorafenib
Data18_GSM5344622_C657,1,sorafenib
Data18_GSM5344622_C658,1,sorafenib
Data18_GSM5344622_C65a,1,sorafenib
Data18_GSM5344622_C65c,1,sorafenib
Data18_GSM5344622_C65d,1,sorafenib
Data18_GSM5344622_C65e,1,sorafenib
Data18_GSM5344622_C661,1,sorafenib
Data18_GSM5344622_C662,1,sorafenib
Data18_GSM5344622_C665,1,sorafenib
Data18_GSM5344622_C667,1,sorafenib
Data18_GSM5344622_C668,1,sorafenib
Data18_GSM5344622_C66b,1,sorafenib
Data18_GSM5344622_C66d,1,sorafenib
Data18_GSM5344622_C66f,1,sorafenib
Data18_GSM5344622_C676,1,sorafenib
Data18_GSM5344622_C678,1,sorafenib
Data18_GSM5344622_C679,1,sorafenib
Data18_GSM5344622_C67b,1,sorafenib
Data18_GSM5344622_C67f,1,sorafenib
Data18_GSM5344622_C680,1,sorafenib
Data18_GSM5344622_C682,1,sorafenib
Data18_GSM5344622_C685,1,sorafenib
Data18_GSM5344622_C686,1,sorafenib
Data18_GSM5344622_C688,1,sorafenib
Data18_GSM5344622_C68c,1,sorafenib
Data18_GSM5344622_C691,1,sorafenib
Data18_GSM5344622_C693,1,sorafenib
Data18_GSM5344622_C699,1,sorafenib
Data18_GSM5344622_C69a,1,sorafenib
Data18_GSM5344622_C69b,1,sorafenib
Data18_GSM5344622_C69d,1,sorafenib
Data18_GSM5344622_C69e,1,sorafenib
Data18_GSM5344622_C69f,1,sorafenib
Data18_GSM5344622_C6a1,1,sorafenib
Data18_GSM5344622_C6a2,1,sorafenib
Data18_GSM5344622_C6a7,1,sorafenib
Data18_GSM5344622_C6a8,1,sorafenib
Data18_GSM5344622_C6a9,1,sorafenib
Data18_GSM5344622_C6aa,1,sorafenib
Data18_GSM5344622_C6ad,1,sorafenib
Data18_GSM5344622_C6b1,1,sorafenib
Data18_GSM5344622_C6b4,1,sorafenib
Data18_GSM5344622_C6b6,1,sorafenib
Data18_GSM5344622_C6b7,1,sorafenib
Data18_GSM5344622_C6b9,1,sorafenib
Data18_GSM5344622_C6bc,1,sorafenib
Data18_GSM5344622_C6bd,1,sorafenib
Data18_GSM5344622_C6be,1,sorafenib
Data18_GSM5344622_C6bf,1,sorafenib
Data18_GSM5344622_C6c0,1,sorafenib
Data18_GSM5344622_C6c4,1,sorafenib
Data18_GSM5344622_C6c6,1,sorafenib
Data18_GSM5344622_C6cb,1,sorafenib
Data18_GSM5344622_C6cc,1,sorafenib
Data18_GSM5344622_C6ce,1,sorafenib
Data18_GSM5344622_C6cf,1,sorafenib
Data18_GSM5344622_C6d0,1,sorafenib
Data18_GSM5344622_C6d1,1,sorafenib
Data18_GSM5344622_C6d4,1,sorafenib
Data18_GSM5344622_C6d6,1,sorafenib
Data18_GSM5344622_C6d8,1,sorafenib
Data18_GSM5344622_C6d9,1,sorafenib
Data18_GSM5344622_C6da,1,sorafenib
Data18_GSM5344622_C6dc,1,sorafenib
Data18_GSM5344622_C6dd,1,sorafenib
Data18_GSM5344622_C6df,1,sorafenib
Data18_GSM5344622_C6e1,1,sorafenib
Data18_GSM5344622_C6e3,1,sorafenib
Data18_GSM5344622_C6e8,1,sorafenib
Data18_GSM5344622_C6ea,1,sorafenib
Data18_GSM5344622_C6ef,1,sorafenib
Data18_GSM5344622_C6f0,1,sorafenib
Data18_GSM5344622_C6f1,1,sorafenib
Data18_GSM5344622_C6f4,1,sorafenib
Data18_GSM5344622_C6f6,1,sorafenib
Data18_GSM5344622_C6f7,1,sorafenib
Data18_GSM5344622_C6f8,1,sorafenib
Data18_GSM5344622_C6fa,1,sorafenib
Data18_GSM5344622_C6fb,1,sorafenib
Data18_GSM5344622_C6fd,1,sorafenib
Data18_GSM5344622_C700,1,sorafenib
Data18_GSM5344622_C701,1,sorafenib
Data18_GSM5344622_C703,1,sorafenib
Data18_GSM5344622_C705,1,sorafenib
Data18_GSM5344622_C707,1,sorafenib
Data18_GSM5344622_C70f,1,sorafenib
Data18_GSM5344622_C712,1,sorafenib
Data18_GSM5344622_C71c,1,sorafenib
Data18_GSM5344622_C71d,1,sorafenib
Data18_GSM5344622_C71e,1,sorafenib
Data18_GSM5344622_C71f,1,sorafenib
Data18_GSM5344622_C725,1,sorafenib
Data18_GSM5344622_C729,1,sorafenib
Data18_GSM5344622_C72a,1,sorafenib
Data18_GSM5344622_C730,1,sorafenib
Data18_GSM5344622_C732,1,sorafenib
Data18_GSM5344622_C734,1,sorafenib
Data18_GSM5344622_C735,1,sorafenib
Data18_GSM5344622_C736,1,sorafenib
Data18_GSM5344622_C738,1,sorafenib
Data18_GSM5344622_C739,1,sorafenib
Data18_GSM5344622_C73d,1,sorafenib
Data18_GSM5344622_C73e,1,sorafenib
Data18_GSM5344622_C73f,1,sorafenib
Data18_GSM5344622_C740,1,sorafenib
Data18_GSM5344622_C746,1,sorafenib
Data18_GSM5344622_C74c,1,sorafenib
Data18_GSM5344622_C74d,1,sorafenib
Data18_GSM5344622_C74f,1,sorafenib
Data18_GSM5344622_C750,1,sorafenib
Data18_GSM5344622_C753,1,sorafenib
Data18_GSM5344622_C755,1,sorafenib
Data18_GSM5344622_C758,1,sorafenib
Data18_GSM5344622_C75a,1,sorafenib
Data18_GSM5344622_C75b,1,sorafenib
Data18_GSM5344622_C75e,1,sorafenib
Data18_GSM5344622_C75f,1,sorafenib
Data18_GSM5344622_C760,1,sorafenib
Data18_GSM5344622_C761,1,sorafenib
Data18_GSM5344622_C763,1,sorafenib
Data18_GSM5344622_C766,1,sorafenib
Data18_GSM5344622_C767,1,sorafenib
Data18_GSM5344622_C76b,1,sorafenib
Data18_GSM5344622_C76c,1,sorafenib
Data18_GSM5344622_C772,1,sorafenib
Data18_GSM5344622_C773,1,sorafenib
Data18_GSM5344622_C77f,1,sorafenib
Data18_GSM5344622_C783,1,sorafenib
Data18_GSM5344622_C784,1,sorafenib
Data18_GSM5344622_C787,1,sorafenib
Data18_GSM5344622_C788,1,sorafenib
Data18_GSM5344622_C789,1,sorafenib
Data18_GSM5344622_C78a,1,sorafenib
Data18_GSM5344622_C78b,1,sorafenib
Data18_GSM5344622_C78d,1,sorafenib
Data18_GSM5344622_C78f,1,sorafenib
Data18_GSM5344622_C791,1,sorafenib
Data18_GSM5344622_C794,1,sorafenib
Data18_GSM5344622_C795,1,sorafenib
Data18_GSM5344622_C797,1,sorafenib
Data18_GSM5344622_C79e,1,sorafenib
Data18_GSM5344622_C79f,1,sorafenib
Data18_GSM5344622_C7a0,1,sorafenib
Data18_GSM5344622_C7a4,1,sorafenib
Data18_GSM5344622_C7a5,1,sorafenib
Data18_GSM5344622_C7a6,1,sorafenib
Data18_GSM5344622_C7a7,1,sorafenib
Data18_GSM5344622_C7a9,1,sorafenib
Data18_GSM5344622_C7ac,1,sorafenib
Data18_GSM5344622_C7ad,1,sorafenib
Data18_GSM5344622_C7ae,1,sorafenib
Data18_GSM5344622_C7af,1,sorafenib
Data18_GSM5344622_C7b0,1,sorafenib
Data18_GSM5344622_C7b1,1,sorafenib
Data18_GSM5344622_C7b2,1,sorafenib
Data18_GSM5344622_C7b4,1,sorafenib
Data18_GSM5344622_C7b5,1,sorafenib
Data18_GSM5344622_C7b6,1,sorafenib
Data18_GSM5344622_C7b7,1,sorafenib
Data18_GSM5344622_C7b9,1,sorafenib
Data18_GSM5344622_C7bc,1,sorafenib
Data18_GSM5344622_C7bf,1,sorafenib
Data18_GSM5344622_C7c3,1,sorafenib
Data18_GSM5344622_C7c6,1,sorafenib
Data18_GSM5344622_C7c7,1,sorafenib
Data18_GSM5344622_C7c8,1,sorafenib
Data18_GSM5344622_C7ca,1,sorafenib
Data18_GSM5344622_C7cb,1,sorafenib
Data18_GSM5344622_C7cd,1,sorafenib
Data18_GSM5344622_C7cf,1,sorafenib
Data18_GSM5344622_C7d2,1,sorafenib
Data18_GSM5344622_C7d3,1,sorafenib
Data18_GSM5344622_C7d4,1,sorafenib
Data18_GSM5344622_C7d5,1,sorafenib
Data18_GSM5344622_C7d8,1,sorafenib
Data18_GSM5344622_C7db,1,sorafenib
Data18_GSM5344622_C7dc,1,sorafenib
Data18_GSM5344622_C7df,1,sorafenib
Data18_GSM5344622_C7e0,1,sorafenib
Data18_GSM5344622_C7e2,1,sorafenib
Data18_GSM5344622_C7e6,1,sorafenib
Data18_GSM5344622_C7e8,1,sorafenib
Data18_GSM5344622_C7e9,1,sorafenib
Data18_GSM5344622_C7eb,1,sorafenib
Data18_GSM5344622_C7ec,1,sorafenib
Data18_GSM5344622_C7ef,1,sorafenib
Data18_GSM5344622_C7f1,1,sorafenib
Data18_GSM5344622_C7f3,1,sorafenib
Data18_GSM5344622_C7f4,1,sorafenib
Data18_GSM5344622_C7f5,1,sorafenib
Data18_GSM5344622_C7f7,1,sorafenib
Data18_GSM5344622_C7fc,1,sorafenib
Data18_GSM5344622_C7fd,1,sorafenib
Data18_GSM5344622_C7fe,1,sorafenib
Data18_GSM5344622_C801,1,sorafenib
Data18_GSM5344622_C805,1,sorafenib
Data18_GSM5344622_C808,1,sorafenib
Data18_GSM5344622_C80d,1,sorafenib
Data18_GSM5344622_C812,1,sorafenib
Data18_GSM5344622_C814,1,sorafenib
Data18_GSM5344622_C815,1,sorafenib
Data18_GSM5344622_C818,1,sorafenib
Data18_GSM5344622_C81b,1,sorafenib
Data18_GSM5344622_C81c,1,sorafenib
Data18_GSM5344622_C821,1,sorafenib
Data18_GSM5344622_C823,1,sorafenib
Data18_GSM5344622_C824,1,sorafenib
Data18_GSM5344622_C82c,1,sorafenib
Data18_GSM5344622_C831,1,sorafenib
Data18_GSM5344622_C833,1,sorafenib
Data18_GSM5344622_C837,1,sorafenib
Data18_GSM5344622_C83c,1,sorafenib
Data18_GSM5344622_C83d,1,sorafenib
Data18_GSM5344622_C840,1,sorafenib
Data18_GSM5344622_C841,1,sorafenib
Data18_GSM5344622_C845,1,sorafenib
Data18_GSM5344622_C847,1,sorafenib
Data18_GSM5344622_C84b,1,sorafenib
Data18_GSM5344622_C84c,1,sorafenib
Data18_GSM5344622_C850,1,sorafenib
Data18_GSM5344622_C853,1,sorafenib
Data18_GSM5344622_C854,1,sorafenib
Data18_GSM5344622_C856,1,sorafenib
Data18_GSM5344622_C85a,1,sorafenib
Data18_GSM5344622_C85c,1,sorafenib
Data18_GSM5344622_C861,1,sorafenib
Data18_GSM5344622_C863,1,sorafenib
Data18_GSM5344622_C864,1,sorafenib
Data18_GSM5344622_C868,1,sorafenib
Data18_GSM5344622_C869,1,sorafenib
Data18_GSM5344622_C86d,1,sorafenib
Data18_GSM5344622_C86e,1,sorafenib
Data18_GSM5344622_C86f,1,sorafenib
Data18_GSM5344622_C870,1,sorafenib
Data18_GSM5344622_C875,1,sorafenib
Data18_GSM5344622_C879,1,sorafenib
Data18_GSM5344622_C87a,1,sorafenib
Data18_GSM5344622_C87d,1,sorafenib
Data18_GSM5344622_C880,1,sorafenib
Data18_GSM5344622_C883,1,sorafenib
Data18_GSM5344622_C884,1,sorafenib
Data18_GSM5344622_C885,1,sorafenib
Data18_GSM5344622_C887,1,sorafenib
Data18_GSM5344622_C88c,1,sorafenib
Data18_GSM5344622_C88d,1,sorafenib
Data18_GSM5344622_C88f,1,sorafenib
Data18_GSM5344622_C893,1,sorafenib
Data18_GSM5344622_C896,1,sorafenib
Data18_GSM5344622_C897,1,sorafenib
Data18_GSM5344622_C89a,1,sorafenib
Data18_GSM5344622_C89b,1,sorafenib
Data18_GSM5344622_C89c,1,sorafenib
Data18_GSM5344622_C8a0,1,sorafenib
Data18_GSM5344622_C8a1,1,sorafenib
Data18_GSM5344622_C8a5,1,sorafenib
Data18_GSM5344622_C8a7,1,sorafenib
Data18_GSM5344622_C8a9,1,sorafenib
Data18_GSM5344622_C8aa,1,sorafenib
Data18_GSM5344622_C8ab,1,sorafenib
Data18_GSM5344622_C8ae,1,sorafenib
Data18_GSM5344622_C8b1,1,sorafenib
Data18_GSM5344622_C8b2,1,sorafenib
Data18_GSM5344622_C8b3,1,sorafenib
Data18_GSM5344622_C8b6,1,sorafenib
Data18_GSM5344622_C8b7,1,sorafenib
Data18_GSM5344622_C8b8,1,sorafenib
Data18_GSM5344622_C8bb,1,sorafenib
Data18_GSM5344622_C8bc,1,sorafenib
Data18_GSM5344622_C8be,1,sorafenib
Data18_GSM5344622_C8bf,1,sorafenib
Data18_GSM5344622_C8c0,1,sorafenib
Data18_GSM5344622_C8c6,1,sorafenib
Data18_GSM5344622_C8c7,1,sorafenib
Data18_GSM5344622_C8c8,1,sorafenib
Data18_GSM5344622_C8cd,1,sorafenib
Data18_GSM5344622_C8d0,1,sorafenib
Data18_GSM5344622_C8d3,1,sorafenib
Data18_GSM5344622_C8d5,1,sorafenib
Data18_GSM5344622_C8d6,1,sorafenib
Data18_GSM5344622_C8db,1,sorafenib
Data18_GSM5344622_C8dc,1,sorafenib
Data18_GSM5344622_C8dd,1,sorafenib
Data18_GSM5344622_C8e2,1,sorafenib
Data18_GSM5344622_C8e3,1,sorafenib
Data18_GSM5344622_C8e5,1,sorafenib
Data18_GSM5344622_C8ed,1,sorafenib
Data18_GSM5344622_C8f0,1,sorafenib
Data18_GSM5344622_C8f6,1,sorafenib
Data18_GSM5344622_C8fd,1,sorafenib
Data18_GSM5344622_C8ff,1,sorafenib
Data18_GSM5344622_C900,1,sorafenib
Data18_GSM5344622_C901,1,sorafenib
Data18_GSM5344622_C902,1,sorafenib
Data18_GSM5344622_C903,1,sorafenib
Data18_GSM5344622_C904,1,sorafenib
Data18_GSM5344622_C905,1,sorafenib
Data18_GSM5344622_C909,1,sorafenib
Data18_GSM5344622_C90a,1,sorafenib
Data18_GSM5344622_C90c,1,sorafenib
Data18_GSM5344622_C90e,1,sorafenib
Data18_GSM5344622_C910,1,sorafenib
Data18_GSM5344622_C913,1,sorafenib
Data18_GSM5344622_C915,1,sorafenib
Data18_GSM5344622_C916,1,sorafenib
Data18_GSM5344622_C917,1,sorafenib
Data18_GSM5344622_C919,1,sorafenib
Data18_GSM5344622_C91b,1,sorafenib
Data18_GSM5344622_C91e,1,sorafenib
Data18_GSM5344622_C91f,1,sorafenib
Data18_GSM5344622_C920,1,sorafenib
Data18_GSM5344622_C921,1,sorafenib
Data18_GSM5344622_C923,1,sorafenib
Data18_GSM5344622_C924,1,sorafenib
Data18_GSM5344622_C925,1,sorafenib
Data18_GSM5344622_C926,1,sorafenib
Data18_GSM5344622_C929,1,sorafenib
Data18_GSM5344622_C92b,1,sorafenib
Data18_GSM5344622_C92d,1,sorafenib
Data18_GSM5344622_C936,1,sorafenib
Data18_GSM5344622_C937,1,sorafenib
Data18_GSM5344622_C939,1,sorafenib
Data18_GSM5344622_C940,1,sorafenib
Data18_GSM5344622_C941,1,sorafenib
Data18_GSM5344622_C942,1,sorafenib
Data18_GSM5344622_C947,1,sorafenib
Data18_GSM5344622_C949,1,sorafenib
Data18_GSM5344622_C94a,1,sorafenib
Data18_GSM5344622_C94d,1,sorafenib
Data18_GSM5344622_C94f,1,sorafenib
Data18_GSM5344622_C950,1,sorafenib
Data18_GSM5344622_C952,1,sorafenib
Data18_GSM5344622_C954,1,sorafenib
Data18_GSM5344622_C957,1,sorafenib
Data18_GSM5344622_C95e,1,sorafenib
Data18_GSM5344622_C960,1,sorafenib
Data18_GSM5344622_C964,1,sorafenib
Data18_GSM5344622_C966,1,sorafenib
Data18_GSM5344622_C968,1,sorafenib
Data18_GSM5344622_C969,1,sorafenib
Data18_GSM5344622_C96c,1,sorafenib
Data18_GSM5344622_C970,1,sorafenib
Data18_GSM5344622_C972,1,sorafenib
Data18_GSM5344622_C974,1,sorafenib
Data18_GSM5344622_C975,1,sorafenib
Data18_GSM5344622_C976,1,sorafenib
Data18_GSM5344622_C97b,1,sorafenib
Data18_GSM5344622_C97f,1,sorafenib
Data18_GSM5344622_C980,1,sorafenib
Data18_GSM5344622_C983,1,sorafenib
Data18_GSM5344622_C984,1,sorafenib
Data18_GSM5344622_C986,1,sorafenib
Data18_GSM5344622_C987,1,sorafenib
Data18_GSM5344622_C988,1,sorafenib
Data18_GSM5344622_C989,1,sorafenib
Data18_GSM5344622_C98b,1,sorafenib
Data18_GSM5344622_C990,1,sorafenib
Data18_GSM5344622_C991,1,sorafenib
Data18_GSM5344622_C992,1,sorafenib
Data18_GSM5344622_C995,1,sorafenib
Data18_GSM5344622_C996,1,sorafenib
Data18_GSM5344622_C999,1,sorafenib
Data18_GSM5344622_C99c,1,sorafenib
Data18_GSM5344622_C99e,1,sorafenib
Data18_GSM5344622_C99f,1,sorafenib
Data18_GSM5344622_C9a1,1,sorafenib
Data18_GSM5344622_C9a4,1,sorafenib
Data18_GSM5344622_C9a7,1,sorafenib
Data18_GSM5344622_C9aa,1,sorafenib
Data18_GSM5344622_C9ab,1,sorafenib
Data18_GSM5344622_C9af,1,sorafenib
Data18_GSM5344622_C9b1,1,sorafenib
Data18_GSM5344622_C9b2,1,sorafenib
Data18_GSM5344622_C9b3,1,sorafenib
Data18_GSM5344622_C9b5,1,sorafenib
Data18_GSM5344622_C9b6,1,sorafenib
Data18_GSM5344622_C9b7,1,sorafenib
Data18_GSM5344622_C9b8,1,sorafenib
Data18_GSM5344622_C9b9,1,sorafenib
Data18_GSM5344622_C9bc,1,sorafenib
Data18_GSM5344622_C9c0,1,sorafenib
Data18_GSM5344622_C9c2,1,sorafenib
Data18_GSM5344622_C9c3,1,sorafenib
Data18_GSM5344622_C9c9,1,sorafenib
Data18_GSM5344622_C9d0,1,sorafenib
Data18_GSM5344622_C9d1,1,sorafenib
Data18_GSM5344622_C9d2,1,sorafenib
Data18_GSM5344622_C9d4,1,sorafenib
Data18_GSM5344622_C9d6,1,sorafenib
Data18_GSM5344622_C9d7,1,sorafenib
Data18_GSM5344622_C9db,1,sorafenib
Data18_GSM5344622_C9dc,1,sorafenib
Data18_GSM5344622_C9df,1,sorafenib
Data18_GSM5344622_C9e1,1,sorafenib
Data18_GSM5344622_C9e2,1,sorafenib
Data18_GSM5344622_C9e5,1,sorafenib
Data18_GSM5344622_C9e6,1,sorafenib
Data18_GSM5344622_C9e9,1,sorafenib
Data18_GSM5344622_C9eb,1,sorafenib
Data18_GSM5344622_C9ec,1,sorafenib
Data18_GSM5344622_C9f0,1,sorafenib
Data18_GSM5344622_C9f2,1,sorafenib
Data18_GSM5344622_C9f6,1,sorafenib
Data18_GSM5344622_C9f7,1,sorafenib
Data18_GSM5344622_C9f8,1,sorafenib
Data18_GSM5344622_C9f9,1,sorafenib
Data18_GSM5344622_C9fc,1,sorafenib
Data18_GSM5344622_C9fd,1,sorafenib
Data18_GSM5344622_C9fe,1,sorafenib
Data18_GSM5344622_C9ff,1,sorafenib
Data18_GSM5344622_Ca01,1,sorafenib
Data18_GSM5344622_Ca03,1,sorafenib
Data18_GSM5344622_Ca04,1,sorafenib
Data18_GSM5344622_Ca0a,1,sorafenib
Data18_GSM5344622_Ca0c,1,sorafenib
Data18_GSM5344622_Ca11,1,sorafenib
Data18_GSM5344622_Ca13,1,sorafenib
Data18_GSM5344622_Ca14,1,sorafenib
Data18_GSM5344622_Ca18,1,sorafenib
Data18_GSM5344622_Ca19,1,sorafenib
Data18_GSM5344622_Ca1b,1,sorafenib
Data18_GSM5344622_Ca1c,1,sorafenib
Data18_GSM5344622_Ca1f,1,sorafenib
Data18_GSM5344622_Ca22,1,sorafenib
Data18_GSM5344622_Ca23,1,sorafenib
Data18_GSM5344622_Ca24,1,sorafenib
Data18_GSM5344622_Ca25,1,sorafenib
Data18_GSM5344622_Ca26,1,sorafenib
Data18_GSM5344622_Ca27,1,sorafenib
Data18_GSM5344622_Ca2a,1,sorafenib
Data18_GSM5344622_Ca2e,1,sorafenib
Data18_GSM5344622_Ca31,1,sorafenib
Data18_GSM5344622_Ca33,1,sorafenib
Data18_GSM5344622_Ca35,1,sorafenib
Data18_GSM5344622_Ca37,1,sorafenib
Data18_GSM5344622_Ca3b,1,sorafenib
Data18_GSM5344622_Ca3c,1,sorafenib
Data18_GSM5344622_Ca3f,1,sorafenib
Data18_GSM5344622_Ca41,1,sorafenib
Data18_GSM5344622_Ca42,1,sorafenib
Data18_GSM5344622_Ca43,1,sorafenib
Data18_GSM5344622_Ca44,1,sorafenib
Data18_GSM5344622_Ca45,1,sorafenib
Data18_GSM5344622_Ca46,1,sorafenib
Data18_GSM5344622_Ca47,1,sorafenib
Data18_GSM5344622_Ca48,1,sorafenib
Data18_GSM5344622_Ca49,1,sorafenib
Data18_GSM5344622_Ca4b,1,sorafenib
Data18_GSM5344622_Ca4d,1,sorafenib
Data18_GSM5344622_Ca53,1,sorafenib
Data18_GSM5344622_Ca54,1,sorafenib
Data18_GSM5344622_Ca55,1,sorafenib
Data18_GSM5344622_Ca56,1,sorafenib
Data18_GSM5344622_Ca5e,1,sorafenib
Data18_GSM5344622_Ca62,1,sorafenib
Data18_GSM5344622_Ca64,1,sorafenib
Data18_GSM5344622_Ca65,1,sorafenib
Data18_GSM5344622_Ca66,1,sorafenib
Data18_GSM5344622_Ca67,1,sorafenib
Data18_GSM5344622_Ca68,1,sorafenib
Data18_GSM5344622_Ca6a,1,sorafenib
Data18_GSM5344622_Ca6e,1,sorafenib
Data18_GSM5344622_Ca6f,1,sorafenib
Data18_GSM5344622_Ca71,1,sorafenib
Data18_GSM5344622_Ca72,1,sorafenib
Data18_GSM5344622_Ca73,1,sorafenib
Data18_GSM5344622_Ca74,1,sorafenib
Data18_GSM5344622_Ca75,1,sorafenib
Data18_GSM5344622_Ca77,1,sorafenib
Data18_GSM5344622_Ca79,1,sorafenib
Data18_GSM5344622_Ca7a,1,sorafenib
Data18_GSM5344622_Ca7c,1,sorafenib
Data18_GSM5344622_Ca7d,1,sorafenib
Data18_GSM5344622_Ca7e,1,sorafenib
Data18_GSM5344622_Ca81,1,sorafenib
Data18_GSM5344622_Ca86,1,sorafenib
Data18_GSM5344622_Ca88,1,sorafenib
Data18_GSM5344622_Ca89,1,sorafenib
Data18_GSM5344622_Ca8c,1,sorafenib
Data18_GSM5344622_Ca8f,1,sorafenib
Data18_GSM5344622_Ca90,1,sorafenib
Data18_GSM5344622_Ca92,1,sorafenib
Data18_GSM5344622_Ca93,1,sorafenib
Data18_GSM5344622_Ca99,1,sorafenib
Data18_GSM5344622_Ca9d,1,sorafenib
Data18_GSM5344622_Ca9e,1,sorafenib
Data18_GSM5344622_Caa4,1,sorafenib
Data18_GSM5344622_Caaa,1,sorafenib
Data18_GSM5344622_Caab,1,sorafenib
Data18_GSM5344622_Caac,1,sorafenib
Data18_GSM5344622_Cab1,1,sorafenib
Data18_GSM5344622_Cab4,1,sorafenib
Data18_GSM5344622_Cab7,1,sorafenib
Data18_GSM5344622_Cabd,1,sorafenib
Data18_GSM5344622_Cabe,1,sorafenib
Data18_GSM5344622_Cac2,1,sorafenib
Data18_GSM5344622_Cac3,1,sorafenib
Data18_GSM5344622_Cac5,1,sorafenib
Data18_GSM5344622_Cac6,1,sorafenib
Data18_GSM5344622_Cacb,1,sorafenib
Data18_GSM5344622_Cad0,1,sorafenib
Data18_GSM5344622_Cad6,1,sorafenib
Data18_GSM5344622_Cad8,1,sorafenib
Data18_GSM5344622_Cadd,1,sorafenib
Data18_GSM5344622_Cadf,1,sorafenib
Data18_GSM5344622_Cae2,1,sorafenib
Data18_GSM5344622_Cae4,1,sorafenib
Data18_GSM5344622_Cae5,1,sorafenib
Data18_GSM5344622_Cae7,1,sorafenib
Data18_GSM5344622_Cae9,1,sorafenib
Data18_GSM5344622_Caee,1,sorafenib
Data18_GSM5344622_Caef,1,sorafenib
Data18_GSM5344622_Caf0,1,sorafenib
Data18_GSM5344622_Caf4,1,sorafenib
Data18_GSM5344622_Caf5,1,sorafenib
Data18_GSM5344622_Caf6,1,sorafenib
Data18_GSM5344622_Caf8,1,sorafenib
Data18_GSM5344622_Caf9,1,sorafenib
Data18_GSM5344622_Cafa,1,sorafenib
Data18_GSM5344622_Cafe,1,sorafenib
Data18_GSM5344622_Cb01,1,sorafenib
Data18_GSM5344622_Cb04,1,sorafenib
Data18_GSM5344622_Cb05,1,sorafenib
Data18_GSM5344622_Cb08,1,sorafenib
Data18_GSM5344622_Cb0a,1,sorafenib
Data18_GSM5344622_Cb0f,1,sorafenib
Data18_GSM5344622_Cb13,1,sorafenib
Data18_GSM5344622_Cb14,1,sorafenib
Data18_GSM5344622_Cb18,1,sorafenib
Data18_GSM5344622_Cb19,1,sorafenib
Data18_GSM5344622_Cb1b,1,sorafenib
Data18_GSM5344622_Cb1d,1,sorafenib
Data18_GSM5344622_Cb1e,1,sorafenib
Data18_GSM5344622_Cb1f,1,sorafenib
Data18_GSM5344622_Cb21,1,sorafenib
Data18_GSM5344622_Cb22,1,sorafenib
Data18_GSM5344622_Cb23,1,sorafenib
Data18_GSM5344622_Cb24,1,sorafenib
Data18_GSM5344622_Cb28,1,sorafenib
Data18_GSM5344622_Cb2b,1,sorafenib
Data18_GSM5344622_Cb2f,1,sorafenib
Data18_GSM5344622_Cb31,1,sorafenib
Data18_GSM5344622_Cb34,1,sorafenib
Data18_GSM5344622_Cb35,1,sorafenib
Data18_GSM5344622_Cb37,1,sorafenib
Data18_GSM5344622_Cb3d,1,sorafenib
Data18_GSM5344622_Cb44,1,sorafenib
Data18_GSM5344622_Cb46,1,sorafenib
Data18_GSM5344622_Cb48,1,sorafenib
Data18_GSM5344622_Cb49,1,sorafenib
Data18_GSM5344622_Cb4a,1,sorafenib
Data18_GSM5344622_Cb4d,1,sorafenib
Data18_GSM5344622_Cb4f,1,sorafenib
Data18_GSM5344622_Cb53,1,sorafenib
Data18_GSM5344622_Cb57,1,sorafenib
Data18_GSM5344622_Cb59,1,sorafenib
Data18_GSM5344622_Cb5c,1,sorafenib
Data18_GSM5344622_Cb5f,1,sorafenib
Data18_GSM5344622_Cb61,1,sorafenib
Data18_GSM5344622_Cb62,1,sorafenib
Data18_GSM5344622_Cb65,1,sorafenib
Data18_GSM5344622_Cb68,1,sorafenib
Data18_GSM5344622_Cb69,1,sorafenib
Data18_GSM5344622_Cb6a,1,sorafenib
Data18_GSM5344622_Cb71,1,sorafenib
Data18_GSM5344622_Cb72,1,sorafenib
Data18_GSM5344622_Cb73,1,sorafenib
Data18_GSM5344622_Cb77,1,sorafenib
Data18_GSM5344622_Cb79,1,sorafenib
Data18_GSM5344622_Cb7b,1,sorafenib
Data18_GSM5344622_Cb7f,1,sorafenib
Data18_GSM5344622_Cb84,1,sorafenib
Data18_GSM5344622_Cb87,1,sorafenib
Data18_GSM5344622_Cb8c,1,sorafenib
Data18_GSM5344622_Cb8d,1,sorafenib
Data18_GSM5344622_Cb91,1,sorafenib
Data18_GSM5344622_Cb92,1,sorafenib
Data18_GSM5344622_Cb94,1,sorafenib
Data18_GSM5344622_Cb95,1,sorafenib
Data18_GSM5344622_Cb98,1,sorafenib
Data18_GSM5344622_Cb9a,1,sorafenib
Data18_GSM5344622_Cb9d,1,sorafenib
Data18_GSM5344622_Cb9e,1,sorafenib
Data18_GSM5344622_Cba1,1,sorafenib
Data18_GSM5344622_Cba2,1,sorafenib
Data18_GSM5344622_Cbaa,1,sorafenib
Data18_GSM5344622_Cbac,1,sorafenib
Data18_GSM5344622_Cbad,1,sorafenib
Data18_GSM5344622_Cbae,1,sorafenib
Data18_GSM5344622_Cbaf,1,sorafenib
Data18_GSM5344622_Cbb0,1,sorafenib
Data18_GSM5344622_Cbb1,1,sorafenib
Data18_GSM5344622_Cbb2,1,sorafenib
Data18_GSM5344622_Cbb3,1,sorafenib
Data18_GSM5344622_Cbb4,1,sorafenib
Data18_GSM5344622_Cbb6,1,sorafenib
Data18_GSM5344622_Cbba,1,sorafenib
Data18_GSM5344622_Cbbb,1,sorafenib
Data18_GSM5344622_Cbbf,1,sorafenib
Data18_GSM5344622_Cbc3,1,sorafenib
Data18_GSM5344622_Cbc4,1,sorafenib
Data18_GSM5344622_Cbc5,1,sorafenib
Data18_GSM5344622_Cbc7,1,sorafenib
Data18_GSM5344622_Cbc8,1,sorafenib
Data18_GSM5344622_Cbca,1,sorafenib
Data18_GSM5344622_Cbcb,1,sorafenib
Data18_GSM5344622_Cbcf,1,sorafenib
Data18_GSM5344622_Cbd2,1,sorafenib
Data18_GSM5344622_Cbd3,1,sorafenib
Data18_GSM5344622_Cbd4,1,sorafenib
Data18_GSM5344622_Cbd5,1,sorafenib
Data18_GSM5344622_Cbd6,1,sorafenib
Data18_GSM5344622_Cbd7,1,sorafenib
Data18_GSM5344622_Cbd8,1,sorafenib
Data18_GSM5344622_Cbdb,1,sorafenib
Data18_GSM5344622_Cbdf,1,sorafenib
Data18_GSM5344622_Cbe0,1,sorafenib
Data18_GSM5344622_Cbe2,1,sorafenib
Data18_GSM5344622_Cbe3,1,sorafenib
Data18_GSM5344622_Cbe9,1,sorafenib
Data18_GSM5344622_Cbeb,1,sorafenib
Data18_GSM5344622_Cbed,1,sorafenib
Data18_GSM5344622_Cbee,1,sorafenib
Data18_GSM5344622_Cbf0,1,sorafenib
Data18_GSM5344622_Cbf1,1,sorafenib
Data18_GSM5344622_Cbf3,1,sorafenib
Data18_GSM5344622_Cbf4,1,sorafenib
Data18_GSM5344622_Cbf5,1,sorafenib
Data18_GSM5344622_Cbf6,1,sorafenib
Data18_GSM5344622_Cbf8,1,sorafenib
Data18_GSM5344622_Cbf9,1,sorafenib
Data18_GSM5344622_Cbfe,1,sorafenib
Data18_GSM5344622_Cc00,1,sorafenib
Data18_GSM5344622_Cc04,1,sorafenib
Data18_GSM5344622_Cc06,1,sorafenib
Data18_GSM5344622_Cc07,1,sorafenib
Data18_GSM5344622_Cc08,1,sorafenib
Data18_GSM5344622_Cc0c,1,sorafenib
Data18_GSM5344622_Cc10,1,sorafenib
Data18_GSM5344622_Cc11,1,sorafenib
Data18_GSM5344622_Cc15,1,sorafenib
Data18_GSM5344622_Cc16,1,sorafenib
Data18_GSM5344622_Cc17,1,sorafenib
Data18_GSM5344622_Cc19,1,sorafenib
Data18_GSM5344622_Cc1a,1,sorafenib
Data18_GSM5344622_Cc1c,1,sorafenib
Data18_GSM5344622_Cc1d,1,sorafenib
Data18_GSM5344622_Cc1e,1,sorafenib
Data18_GSM5344622_Cc1f,1,sorafenib
Data18_GSM5344622_Cc21,1,sorafenib
Data18_GSM5344622_Cc23,1,sorafenib
Data18_GSM5344622_Cc25,1,sorafenib
Data18_GSM5344622_Cc28,1,sorafenib
Data18_GSM5344622_Cc2a,1,sorafenib
Data18_GSM5344622_Cc2b,1,sorafenib
Data18_GSM5344622_Cc2d,1,sorafenib
Data18_GSM5344622_Cc30,1,sorafenib
Data18_GSM5344622_Cc31,1,sorafenib
Data18_GSM5344622_Cc35,1,sorafenib
Data18_GSM5344622_Cc36,1,sorafenib
Data18_GSM5344622_Cc3b,1,sorafenib
Data18_GSM5344622_Cc3c,1,sorafenib
Data18_GSM5344622_Cc3e,1,sorafenib
Data18_GSM5344622_Cc42,1,sorafenib
Data18_GSM5344622_Cc44,1,sorafenib
Data18_GSM5344622_Cc45,1,sorafenib
Data18_GSM5344622_Cc46,1,sorafenib
Data18_GSM5344622_Cc48,1,sorafenib
Data18_GSM5344622_Cc4b,1,sorafenib
Data18_GSM5344622_Cc4c,1,sorafenib
Data18_GSM5344622_Cc4e,1,sorafenib
Data18_GSM5344622_Cc50,1,sorafenib
Data18_GSM5344622_Cc52,1,sorafenib
Data18_GSM5344622_Cc53,1,sorafenib
Data18_GSM5344622_Cc55,1,sorafenib
Data18_GSM5344622_Cc57,1,sorafenib
Data18_GSM5344622_Cc58,1,sorafenib
Data18_GSM5344622_Cc59,1,sorafenib
Data18_GSM5344622_Cc5c,1,sorafenib
Data18_GSM5344622_Cc5d,1,sorafenib
Data18_GSM5344622_Cc5e,1,sorafenib
Data18_GSM5344622_Cc5f,1,sorafenib
Data18_GSM5344622_Cc62,1,sorafenib
Data18_GSM5344622_Cc65,1,sorafenib
Data18_GSM5344622_Cc6a,1,sorafenib
Data18_GSM5344622_Cc6b,1,sorafenib
Data18_GSM5344622_Cc6c,1,sorafenib
Data18_GSM5344622_Cc71,1,sorafenib
Data18_GSM5344622_Cc74,1,sorafenib
Data18_GSM5344622_Cc77,1,sorafenib
Data18_GSM5344622_Cc78,1,sorafenib
Data18_GSM5344622_Cc79,1,sorafenib
Data18_GSM5344622_Cc7a,1,sorafenib
Data18_GSM5344622_Cc7e,1,sorafenib
Data18_GSM5344622_Cc7f,1,sorafenib
Data18_GSM5344622_Cc89,1,sorafenib
Data18_GSM5344622_Cc91,1,sorafenib
Data18_GSM5344622_Cc92,1,sorafenib
Data18_GSM5344622_Cc94,1,sorafenib
Data18_GSM5344622_Cc95,1,sorafenib
Data18_GSM5344622_Cc98,1,sorafenib
Data18_GSM5344622_Cc9b,1,sorafenib
Data18_GSM5344622_Cc9e,1,sorafenib
Data18_GSM5344622_Cca0,1,sorafenib
Data18_GSM5344622_Cca1,1,sorafenib
Data18_GSM5344622_Cca2,1,sorafenib
Data18_GSM5344622_Cca3,1,sorafenib
Data18_GSM5344622_Cca6,1,sorafenib
Data18_GSM5344622_Cca8,1,sorafenib
Data18_GSM5344622_Ccaa,1,sorafenib
Data18_GSM5344622_Ccab,1,sorafenib
Data18_GSM5344622_Ccad,1,sorafenib
Data18_GSM5344622_Ccae,1,sorafenib
Data18_GSM5344622_Ccb0,1,sorafenib
Data18_GSM5344622_Ccb1,1,sorafenib
Data18_GSM5344622_Ccb5,1,sorafenib
Data18_GSM5344622_Ccb6,1,sorafenib
Data18_GSM5344622_Ccb9,1,sorafenib
Data18_GSM5344622_Ccba,1,sorafenib
Data18_GSM5344622_Ccbf,1,sorafenib
Data18_GSM5344622_Ccc3,1,sorafenib
Data18_GSM5344622_Ccc4,1,sorafenib
Data18_GSM5344622_Ccc5,1,sorafenib
Data18_GSM5344622_Ccc7,1,sorafenib
Data18_GSM5344622_Ccc8,1,sorafenib
Data18_GSM5344622_Ccc9,1,sorafenib
Data18_GSM5344622_Ccca,1,sorafenib
Data18_GSM5344622_Cccb,1,sorafenib
Data18_GSM5344622_Ccd0,1,sorafenib
Data18_GSM5344622_Ccd3,1,sorafenib
Data18_GSM5344622_Ccd4,1,sorafenib
Data18_GSM5344622_Ccd5,1,sorafenib
Data18_GSM5344622_Ccd7,1,sorafenib
Data18_GSM5344622_Ccd9,1,sorafenib
Data18_GSM5344622_Ccda,1,sorafenib
Data18_GSM5344622_Ccdb,1,sorafenib
Data18_GSM5344622_Ccdc,1,sorafenib
Data18_GSM5344622_Ccdd,1,sorafenib
Data18_GSM5344622_Ccdf,1,sorafenib
Data18_GSM5344622_Cce0,1,sorafenib
Data18_GSM5344622_Cce1,1,sorafenib
Data18_GSM5344622_Cce2,1,sorafenib
Data18_GSM5344622_Cce3,1,sorafenib
Data18_GSM5344622_Cce5,1,sorafenib
Data18_GSM5344622_Cce6,1,sorafenib
Data18_GSM5344622_Cce7,1,sorafenib
Data18_GSM5344622_Cce8,1,sorafenib
Data18_GSM5344622_Cce9,1,sorafenib
Data18_GSM5344622_Cced,1,sorafenib
Data18_GSM5344622_Ccee,1,sorafenib
Data18_GSM5344622_Ccef,1,sorafenib
Data18_GSM5344622_Ccf0,1,sorafenib
Data18_GSM5344622_Ccf2,1,sorafenib
Data18_GSM5344622_Ccf3,1,sorafenib
Data18_GSM5344622_Ccf8,1,sorafenib
Data18_GSM5344622_Ccfb,1,sorafenib
Data18_GSM5344622_Ccfd,1,sorafenib
Data18_GSM5344622_Ccfe,1,sorafenib
Data18_GSM5344622_Ccff,1,sorafenib
Data18_GSM5344622_Cd03,1,sorafenib
Data18_GSM5344622_Cd05,1,sorafenib
Data18_GSM5344622_Cd06,1,sorafenib
Data18_GSM5344622_Cd07,1,sorafenib
Data18_GSM5344622_Cd08,1,sorafenib
Data18_GSM5344622_Cd11,1,sorafenib
Data18_GSM5344622_Cd12,1,sorafenib
Data18_GSM5344622_Cd13,1,sorafenib
Data18_GSM5344622_Cd16,1,sorafenib
Data18_GSM5344622_Cd1c,1,sorafenib
Data18_GSM5344622_Cd1d,1,sorafenib
Data18_GSM5344622_Cd1e,1,sorafenib
Data18_GSM5344622_Cd24,1,sorafenib
Data18_GSM5344622_Cd25,1,sorafenib
Data18_GSM5344622_Cd26,1,sorafenib
Data18_GSM5344622_Cd28,1,sorafenib
Data18_GSM5344622_Cd29,1,sorafenib
Data18_GSM5344622_Cd2a,1,sorafenib
Data18_GSM5344622_Cd2b,1,sorafenib
Data18_GSM5344622_Cd2d,1,sorafenib
Data18_GSM5344622_Cd2f,1,sorafenib
Data18_GSM5344622_Cd30,1,sorafenib
Data18_GSM5344622_Cd32,1,sorafenib
Data18_GSM5344622_Cd38,1,sorafenib
Data18_GSM5344622_Cd3d,1,sorafenib
Data18_GSM5344622_Cd3f,1,sorafenib
Data18_GSM5344622_Cd42,1,sorafenib
Data18_GSM5344622_Cd43,1,sorafenib
Data18_GSM5344622_Cd45,1,sorafenib
Data18_GSM5344622_Cd46,1,sorafenib
Data18_GSM5344622_Cd49,1,sorafenib
Data18_GSM5344622_Cd4a,1,sorafenib
Data18_GSM5344622_Cd4b,1,sorafenib
Data18_GSM5344622_Cd4f,1,sorafenib
Data18_GSM5344622_Cd50,1,sorafenib
Data18_GSM5344622_Cd51,1,sorafenib
Data18_GSM5344622_Cd58,1,sorafenib
Data18_GSM5344622_Cd5a,1,sorafenib
Data18_GSM5344622_Cd5c,1,sorafenib
Data18_GSM5344622_Cd5d,1,sorafenib
Data18_GSM5344622_Cd5f,1,sorafenib
Data18_GSM5344622_Cd62,1,sorafenib
Data18_GSM5344622_Cd64,1,sorafenib
Data18_GSM5344622_Cd66,1,sorafenib
Data18_GSM5344622_Cd6a,1,sorafenib
Data18_GSM5344622_Cd6f,1,sorafenib
Data18_GSM5344622_Cd71,1,sorafenib
Data18_GSM5344622_Cd72,1,sorafenib
Data18_GSM5344622_Cd75,1,sorafenib
Data18_GSM5344622_Cd77,1,sorafenib
Data18_GSM5344622_Cd78,1,sorafenib
Data18_GSM5344622_Cd7d,1,sorafenib
Data18_GSM5344622_Cd80,1,sorafenib
Data18_GSM5344622_Cd82,1,sorafenib
Data18_GSM5344622_Cd83,1,sorafenib
Data18_GSM5344622_Cd85,1,sorafenib
Data18_GSM5344622_Cd89,1,sorafenib
Data18_GSM5344622_Cd8b,1,sorafenib
Data18_GSM5344622_Cd8d,1,sorafenib
Data18_GSM5344622_Cd8f,1,sorafenib
Data18_GSM5344622_Cd92,1,sorafenib
Data18_GSM5344622_Cd94,1,sorafenib
Data18_GSM5344622_Cd95,1,sorafenib
Data18_GSM5344622_Cd96,1,sorafenib
Data18_GSM5344622_Cd97,1,sorafenib
Data18_GSM5344622_Cd98,1,sorafenib
Data18_GSM5344622_Cd9c,1,sorafenib
Data18_GSM5344622_Cd9d,1,sorafenib
Data18_GSM5344622_Cd9f,1,sorafenib
Data18_GSM5344622_Cda0,1,sorafenib
Data18_GSM5344622_Cda3,1,sorafenib
Data18_GSM5344622_Cda4,1,sorafenib
Data18_GSM5344622_Cda5,1,sorafenib
Data18_GSM5344622_Cda6,1,sorafenib
Data18_GSM5344622_Cda8,1,sorafenib
Data18_GSM5344622_Cdac,1,sorafenib
Data18_GSM5344622_Cdb1,1,sorafenib
Data18_GSM5344622_Cdb2,1,sorafenib
Data18_GSM5344622_Cdb4,1,sorafenib
Data18_GSM5344622_Cdb6,1,sorafenib
Data18_GSM5344622_Cdb7,1,sorafenib
Data18_GSM5344622_Cdbb,1,sorafenib
Data18_GSM5344622_Cdbd,1,sorafenib
Data18_GSM5344622_Cdc4,1,sorafenib
Data18_GSM5344622_Cdc7,1,sorafenib
Data18_GSM5344622_Cdc8,1,sorafenib
Data18_GSM5344622_Cdc9,1,sorafenib
Data18_GSM5344622_Cdcb,1,sorafenib
Data18_GSM5344622_Cdcc,1,sorafenib
Data18_GSM5344622_Cdcd,1,sorafenib
Data18_GSM5344622_Cdce,1,sorafenib
Data18_GSM5344622_Cdd1,1,sorafenib
Data18_GSM5344622_Cdd2,1,sorafenib
Data18_GSM5344622_Cdd7,1,sorafenib
Data18_GSM5344622_Cdd9,1,sorafenib
Data18_GSM5344622_Cdda,1,sorafenib
Data18_GSM5344622_Cddd,1,sorafenib
Data18_GSM5344622_Cddf,1,sorafenib
Data18_GSM5344622_Cde0,1,sorafenib
Data18_GSM5344622_Cde1,1,sorafenib
Data18_GSM5344622_Cde3,1,sorafenib
Data18_GSM5344622_Cde6,1,sorafenib
Data18_GSM5344622_Cde9,1,sorafenib
Data18_GSM5344622_Cdea,1,sorafenib
Data18_GSM5344622_Cdec,1,sorafenib
Data18_GSM5344622_Cded,1,sorafenib
Data18_GSM5344622_Cdf0,1,sorafenib
Data18_GSM5344622_Cdf1,1,sorafenib
Data18_GSM5344622_Cdf2,1,sorafenib
Data18_GSM5344622_Cdf4,1,sorafenib
Data18_GSM5344622_Cdfa,1,sorafenib
Data18_GSM5344622_Cdfb,1,sorafenib
Data18_GSM5344622_Cdfc,1,sorafenib
Data18_GSM5344622_Cdfe,1,sorafenib
Data18_GSM5344622_Ce06,1,sorafenib
Data18_GSM5344622_Ce07,1,sorafenib
Data18_GSM5344622_Ce0c,1,sorafenib
Data18_GSM5344622_Ce0d,1,sorafenib
Data18_GSM5344622_Ce0e,1,sorafenib
Data18_GSM5344622_Ce0f,1,sorafenib
Data18_GSM5344622_Ce11,1,sorafenib
Data18_GSM5344622_Ce12,1,sorafenib
Data18_GSM5344622_Ce13,1,sorafenib
Data18_GSM5344622_Ce16,1,sorafenib
Data18_GSM5344622_Ce17,1,sorafenib
Data18_GSM5344622_Ce18,1,sorafenib
Data18_GSM5344622_Ce19,1,sorafenib
Data18_GSM5344622_Ce1a,1,sorafenib
Data18_GSM5344622_Ce1c,1,sorafenib
Data18_GSM5344622_Ce1d,1,sorafenib
Data18_GSM5344622_Ce1f,1,sorafenib
Data18_GSM5344622_Ce20,1,sorafenib
Data18_GSM5344622_Ce21,1,sorafenib
Data18_GSM5344622_Ce24,1,sorafenib
Data18_GSM5344622_Ce27,1,sorafenib
Data18_GSM5344622_Ce28,1,sorafenib
Data18_GSM5344622_Ce29,1,sorafenib
Data18_GSM5344622_Ce2a,1,sorafenib
Data18_GSM5344622_Ce2e,1,sorafenib
Data18_GSM5344622_Ce32,1,sorafenib
Data18_GSM5344622_Ce35,1,sorafenib
Data18_GSM5344622_Ce36,1,sorafenib
Data18_GSM5344622_Ce39,1,sorafenib
Data18_GSM5344622_Ce3a,1,sorafenib
Data18_GSM5344622_Ce3b,1,sorafenib
Data18_GSM5344622_Ce3e,1,sorafenib
Data18_GSM5344622_Ce3f,1,sorafenib
Data18_GSM5344622_Ce48,1,sorafenib
Data18_GSM5344622_Ce49,1,sorafenib
Data18_GSM5344622_Ce4c,1,sorafenib
Data18_GSM5344622_Ce4f,1,sorafenib
Data18_GSM5344622_Ce50,1,sorafenib
Data18_GSM5344622_Ce53,1,sorafenib
Data18_GSM5344622_Ce54,1,sorafenib
Data18_GSM5344622_Ce56,1,sorafenib
Data18_GSM5344622_Ce59,1,sorafenib
Data18_GSM5344622_Ce5a,1,sorafenib
Data18_GSM5344622_Ce5c,1,sorafenib
Data18_GSM5344622_Ce5e,1,sorafenib
Data18_GSM5344622_Ce60,1,sorafenib
Data18_GSM5344622_Ce64,1,sorafenib
Data18_GSM5344622_Ce65,1,sorafenib
Data18_GSM5344622_Ce66,1,sorafenib
Data18_GSM5344622_Ce67,1,sorafenib
Data18_GSM5344622_Ce68,1,sorafenib
Data18_GSM5344622_Ce6a,1,sorafenib
Data18_GSM5344622_Ce6e,1,sorafenib
Data18_GSM5344622_Ce71,1,sorafenib
Data18_GSM5344622_Ce72,1,sorafenib
Data18_GSM5344622_Ce73,1,sorafenib
Data18_GSM5344622_Ce74,1,sorafenib
Data18_GSM5344622_Ce77,1,sorafenib
Data18_GSM5344622_Ce78,1,sorafenib
Data18_GSM5344622_Ce7b,1,sorafenib
Data18_GSM5344622_Ce7c,1,sorafenib
Data18_GSM5344622_Ce7d,1,sorafenib
Data18_GSM5344622_Ce7e,1,sorafenib
Data18_GSM5344622_Ce7f,1,sorafenib
Data18_GSM5344622_Ce80,1,sorafenib
Data18_GSM5344622_Ce86,1,sorafenib
Data18_GSM5344622_Ce87,1,sorafenib
Data18_GSM5344622_Ce88,1,sorafenib
Data18_GSM5344622_Ce8a,1,sorafenib
Data18_GSM5344622_Ce8b,1,sorafenib
Data18_GSM5344622_Ce8c,1,sorafenib
Data18_GSM5344622_Ce8d,1,sorafenib
Data18_GSM5344622_Ce90,1,sorafenib
Data18_GSM5344622_Ce92,1,sorafenib
Data18_GSM5344622_Ce95,1,sorafenib
Data18_GSM5344622_Ce96,1,sorafenib
Data18_GSM5344622_Ce98,1,sorafenib
Data18_GSM5344622_Ce99,1,sorafenib
Data18_GSM5344622_Ce9a,1,sorafenib
Data18_GSM5344622_Cea0,1,sorafenib
Data18_GSM5344622_Cea2,1,sorafenib
Data18_GSM5344622_Cea3,1,sorafenib
Data18_GSM5344622_Cea4,1,sorafenib
Data18_GSM5344622_Cea6,1,sorafenib
Data18_GSM5344622_Cea7,1,sorafenib
Data18_GSM5344622_Cea9,1,sorafenib
Data18_GSM5344622_Ceaa,1,sorafenib
Data18_GSM5344622_Cead,1,sorafenib
Data18_GSM5344622_Ceaf,1,sorafenib
Data18_GSM5344622_Ceb0,1,sorafenib
Data18_GSM5344622_Ceb1,1,sorafenib
Data18_GSM5344622_Ceb2,1,sorafenib
Data18_GSM5344622_Ceb3,1,sorafenib
Data18_GSM5344622_Ceb5,1,sorafenib
Data18_GSM5344622_Ceb7,1,sorafenib
Data18_GSM5344622_Ceb9,1,sorafenib
Data18_GSM5344622_Ceba,1,sorafenib
Data18_GSM5344622_Cebf,1,sorafenib
Data18_GSM5344622_Cec0,1,sorafenib
Data18_GSM5344622_Cec1,1,sorafenib
Data18_GSM5344622_Cec2,1,sorafenib
Data18_GSM5344622_Cec3,1,sorafenib
Data18_GSM5344622_Cec6,1,sorafenib
Data18_GSM5344622_Cec8,1,sorafenib
Data18_GSM5344622_Cecb,1,sorafenib
Data18_GSM5344622_Cecc,1,sorafenib
Data18_GSM5344622_Cece,1,sorafenib
Data18_GSM5344622_Cecf,1,sorafenib
Data18_GSM5344622_Ced0,1,sorafenib
Data18_GSM5344622_Ced1,1,sorafenib
Data18_GSM5344622_Ced4,1,sorafenib
Data18_GSM5344622_Ced6,1,sorafenib
Data18_GSM5344622_Ceda,1,sorafenib
Data18_GSM5344622_Cedc,1,sorafenib
Data18_GSM5344622_Cedf,1,sorafenib
Data18_GSM5344622_Cee0,1,sorafenib
Data18_GSM5344622_Cee7,1,sorafenib
Data18_GSM5344622_Cee9,1,sorafenib
Data18_GSM5344622_Ceea,1,sorafenib
Data18_GSM5344622_Ceeb,1,sorafenib
Data18_GSM5344622_Ceee,1,sorafenib
Data18_GSM5344622_Cef4,1,sorafenib
Data18_GSM5344622_Cef7,1,sorafenib
Data18_GSM5344622_Cef8,1,sorafenib
Data18_GSM5344622_Cef9,1,sorafenib
Data18_GSM5344622_Cefd,1,sorafenib
Data18_GSM5344622_Cf00,1,sorafenib
Data18_GSM5344622_Cf01,1,sorafenib
Data18_GSM5344622_Cf06,1,sorafenib
Data18_GSM5344622_Cf0a,1,sorafenib
Data18_GSM5344622_Cf0b,1,sorafenib
Data18_GSM5344622_Cf0c,1,sorafenib
Data18_GSM5344622_Cf0d,1,sorafenib
Data18_GSM5344622_Cf0e,1,sorafenib
Data18_GSM5344622_Cf0f,1,sorafenib
Data18_GSM5344622_Cf10,1,sorafenib
Data18_GSM5344622_Cf13,1,sorafenib
Data18_GSM5344622_Cf14,1,sorafenib
Data18_GSM5344622_Cf15,1,sorafenib
Data18_GSM5344622_Cf16,1,sorafenib
Data18_GSM5344622_Cf18,1,sorafenib
Data18_GSM5344622_Cf1a,1,sorafenib
Data18_GSM5344622_Cf1b,1,sorafenib
Data18_GSM5344622_Cf1d,1,sorafenib
Data18_GSM5344622_Cf1e,1,sorafenib
Data18_GSM5344622_Cf1f,1,sorafenib
Data18_GSM5344622_Cf27,1,sorafenib
Data18_GSM5344622_Cf28,1,sorafenib
Data18_GSM5344622_Cf29,1,sorafenib
Data18_GSM5344622_Cf2c,1,sorafenib
Data18_GSM5344622_Cf2d,1,sorafenib
Data18_GSM5344622_Cf30,1,sorafenib
Data18_GSM5344622_Cf31,1,sorafenib
Data18_GSM5344622_Cf32,1,sorafenib
Data18_GSM5344622_Cf35,1,sorafenib
Data18_GSM5344622_Cf37,1,sorafenib
Data18_GSM5344622_Cf38,1,sorafenib
Data18_GSM5344622_Cf39,1,sorafenib
Data18_GSM5344622_Cf3a,1,sorafenib
Data18_GSM5344622_Cf3c,1,sorafenib
Data18_GSM5344622_Cf3d,1,sorafenib
Data18_GSM5344622_Cf3e,1,sorafenib
Data18_GSM5344622_Cf40,1,sorafenib
Data18_GSM5344622_Cf41,1,sorafenib
Data18_GSM5344622_Cf44,1,sorafenib
Data18_GSM5344622_Cf46,1,sorafenib
Data18_GSM5344622_Cf47,1,sorafenib
Data18_GSM5344622_Cf48,1,sorafenib
Data18_GSM5344622_Cf4b,1,sorafenib
Data18_GSM5344622_Cf4c,1,sorafenib
Data18_GSM5344622_Cf4d,1,sorafenib
Data18_GSM5344622_Cf4e,1,sorafenib
Data18_GSM5344622_Cf50,1,sorafenib
Data18_GSM5344622_Cf51,1,sorafenib
Data18_GSM5344622_Cf53,1,sorafenib
Data18_GSM5344622_Cf54,1,sorafenib
Data18_GSM5344622_Cf57,1,sorafenib
Data18_GSM5344622_Cf59,1,sorafenib
Data18_GSM5344622_Cf5a,1,sorafenib
Data18_GSM5344622_Cf5c,1,sorafenib
Data18_GSM5344622_Cf5d,1,sorafenib
Data18_GSM5344622_Cf5e,1,sorafenib
Data18_GSM5344622_Cf5f,1,sorafenib
Data18_GSM5344622_Cf65,1,sorafenib
Data18_GSM5344622_Cf66,1,sorafenib
Data18_GSM5344622_Cf67,1,sorafenib
Data18_GSM5344622_Cf68,1,sorafenib
Data18_GSM5344622_Cf6d,1,sorafenib
Data18_GSM5344622_Cf6e,1,sorafenib
Data18_GSM5344622_Cf72,1,sorafenib
Data18_GSM5344622_Cf76,1,sorafenib
Data18_GSM5344622_Cf79,1,sorafenib
Data18_GSM5344622_Cf7c,1,sorafenib
Data18_GSM5344622_Cf7d,1,sorafenib
Data18_GSM5344622_Cf7f,1,sorafenib
Data18_GSM5344622_Cf82,1,sorafenib
Data18_GSM5344622_Cf8b,1,sorafenib
Data18_GSM5344622_Cf8c,1,sorafenib
Data18_GSM5344622_Cf8d,1,sorafenib
Data18_GSM5344622_Cf8f,1,sorafenib
Data18_GSM5344622_Cf92,1,sorafenib
Data18_GSM5344622_Cf99,1,sorafenib
Data18_GSM5344622_Cf9a,1,sorafenib
Data18_GSM5344622_Cf9c,1,sorafenib
Data18_GSM5344622_Cf9d,1,sorafenib
Data18_GSM5344622_Cfa2,1,sorafenib
Data18_GSM5344622_Cfa4,1,sorafenib
Data18_GSM5344622_Cfa7,1,sorafenib
Data18_GSM5344622_Cfa8,1,sorafenib
Data18_GSM5344622_Cfa9,1,sorafenib
Data18_GSM5344622_Cfaf,1,sorafenib
Data18_GSM5344622_Cfb3,1,sorafenib
Data18_GSM5344622_Cfb5,1,sorafenib
Data18_GSM5344622_Cfb8,1,sorafenib
Data18_GSM5344622_Cfb9,1,sorafenib
Data18_GSM5344622_Cfbb,1,sorafenib
Data18_GSM5344622_Cfbc,1,sorafenib
Data18_GSM5344622_Cfc1,1,sorafenib
Data18_GSM5344622_Cfc3,1,sorafenib
Data18_GSM5344622_Cfc4,1,sorafenib
Data18_GSM5344622_Cfc5,1,sorafenib
Data18_GSM5344622_Cfc6,1,sorafenib
Data18_GSM5344622_Cfc8,1,sorafenib
Data18_GSM5344622_Cfc9,1,sorafenib
Data18_GSM5344622_Cfca,1,sorafenib
Data18_GSM5344622_Cfcb,1,sorafenib
Data18_GSM5344622_Cfcc,1,sorafenib
Data18_GSM5344622_Cfcd,1,sorafenib
Data18_GSM5344622_Cfce,1,sorafenib
Data18_GSM5344622_Cfcf,1,sorafenib
Data18_GSM5344622_Cfd4,1,sorafenib
Data18_GSM5344622_Cfd5,1,sorafenib
Data18_GSM5344622_Cfd6,1,sorafenib
Data18_GSM5344622_Cfd8,1,sorafenib
Data18_GSM5344622_Cfdb,1,sorafenib
Data18_GSM5344622_Cfdc,1,sorafenib
Data18_GSM5344622_Cfdf,1,sorafenib
Data18_GSM5344622_Cfe2,1,sorafenib
Data18_GSM5344622_Cfe5,1,sorafenib
Data18_GSM5344622_Cfe6,1,sorafenib
Data18_GSM5344622_Cfe8,1,sorafenib
Data18_GSM5344622_Cfe9,1,sorafenib
Data18_GSM5344622_Cfea,1,sorafenib
Data18_GSM5344622_Cff0,1,sorafenib
Data18_GSM5344622_Cffb,1,sorafenib
Data18_GSM5344622_Cffd,1,sorafenib
Data18_GSM5344622_Cffe,1,sorafenib
Data18_GSM5344622_C1000,1,sorafenib
Data18_GSM5344622_C1005,1,sorafenib
Data18_GSM5344622_C1007,1,sorafenib
Data18_GSM5344622_C100a,1,sorafenib
Data18_GSM5344622_C100b,1,sorafenib
Data18_GSM5344622_C1012,1,sorafenib
Data18_GSM5344622_C1017,1,sorafenib
Data18_GSM5344622_C1019,1,sorafenib
Data18_GSM5344622_C101c,1,sorafenib
Data18_GSM5344622_C101d,1,sorafenib
Data18_GSM5344622_C101e,1,sorafenib
Data18_GSM5344622_C1020,1,sorafenib
Data18_GSM5344622_C1021,1,sorafenib
Data18_GSM5344622_C1025,1,sorafenib
Data18_GSM5344622_C1027,1,sorafenib
Data18_GSM5344622_C102a,1,sorafenib
Data18_GSM5344622_C102b,1,sorafenib
Data18_GSM5344622_C102d,1,sorafenib
Data18_GSM5344622_C102f,1,sorafenib
Data18_GSM5344622_C1032,1,sorafenib
Data18_GSM5344622_C1033,1,sorafenib
Data18_GSM5344622_C1034,1,sorafenib
Data18_GSM5344622_C1035,1,sorafenib
Data18_GSM5344622_C1037,1,sorafenib
Data18_GSM5344622_C1039,1,sorafenib
Data18_GSM5344622_C103a,1,sorafenib
Data18_GSM5344622_C103e,1,sorafenib
Data18_GSM5344622_C1040,1,sorafenib
Data18_GSM5344622_C1041,1,sorafenib
Data18_GSM5344622_C1043,1,sorafenib
Data18_GSM5344622_C1045,1,sorafenib
Data18_GSM5344622_C1046,1,sorafenib
Data18_GSM5344622_C1047,1,sorafenib
Data18_GSM5344622_C1048,1,sorafenib
Data18_GSM5344622_C1049,1,sorafenib
Data18_GSM5344622_C104a,1,sorafenib
Data18_GSM5344622_C104e,1,sorafenib
Data18_GSM5344622_C104f,1,sorafenib
Data18_GSM5344622_C1050,1,sorafenib
Data18_GSM5344622_C1053,1,sorafenib
Data18_GSM5344622_C105e,1,sorafenib
Data18_GSM5344622_C1060,1,sorafenib
Data18_GSM5344622_C1065,1,sorafenib
Data18_GSM5344622_C1067,1,sorafenib
Data18_GSM5344622_C1069,1,sorafenib
Data18_GSM5344622_C106b,1,sorafenib
Data18_GSM5344622_C106c,1,sorafenib
Data18_GSM5344622_C106d,1,sorafenib
Data18_GSM5344622_C106e,1,sorafenib
Data18_GSM5344622_C106f,1,sorafenib
Data18_GSM5344622_C1070,1,sorafenib
Data18_GSM5344622_C1073,1,sorafenib
Data18_GSM5344622_C1074,1,sorafenib
Data18_GSM5344622_C1075,1,sorafenib
Data18_GSM5344622_C1076,1,sorafenib
Data18_GSM5344622_C107a,1,sorafenib
Data18_GSM5344622_C107c,1,sorafenib
Data18_GSM5344622_C107d,1,sorafenib
Data18_GSM5344622_C107e,1,sorafenib
Data18_GSM5344622_C107f,1,sorafenib
Data18_GSM5344622_C1081,1,sorafenib
Data18_GSM5344622_C1083,1,sorafenib
Data18_GSM5344622_C1084,1,sorafenib
Data18_GSM5344622_C1085,1,sorafenib
Data18_GSM5344622_C1086,1,sorafenib
Data18_GSM5344622_C1087,1,sorafenib
Data18_GSM5344622_C1088,1,sorafenib
Data18_GSM5344622_C1089,1,sorafenib
Data18_GSM5344622_C108a,1,sorafenib
Data18_GSM5344622_C108e,1,sorafenib
Data18_GSM5344622_C1090,1,sorafenib
Data18_GSM5344622_C1092,1,sorafenib
Data18_GSM5344622_C1097,1,sorafenib
Data18_GSM5344622_C1098,1,sorafenib
Data18_GSM5344622_C109a,1,sorafenib
Data18_GSM5344622_C109b,1,sorafenib
Data18_GSM5344622_C109c,1,sorafenib
Data18_GSM5344622_C109d,1,sorafenib
Data18_GSM5344622_C109e,1,sorafenib
Data18_GSM5344622_C10a0,1,sorafenib
Data18_GSM5344622_C10a1,1,sorafenib
Data18_GSM5344622_C10a7,1,sorafenib
Data18_GSM5344622_C10ab,1,sorafenib
Data18_GSM5344622_C10ad,1,sorafenib
Data18_GSM5344622_C10ae,1,sorafenib
Data18_GSM5344622_C10af,1,sorafenib
Data18_GSM5344622_C10b0,1,sorafenib
Data18_GSM5344622_C10b1,1,sorafenib
Data18_GSM5344622_C10b4,1,sorafenib
Data18_GSM5344622_C10b6,1,sorafenib
Data18_GSM5344622_C10b9,1,sorafenib
Data18_GSM5344622_C10ba,1,sorafenib
Data18_GSM5344622_C10bc,1,sorafenib
Data18_GSM5344622_C10bf,1,sorafenib
Data18_GSM5344622_C10c4,1,sorafenib
Data18_GSM5344622_C10ca,1,sorafenib
Data18_GSM5344622_C10cb,1,sorafenib
Data18_GSM5344622_C10cc,1,sorafenib
Data18_GSM5344622_C10ce,1,sorafenib
Data18_GSM5344622_C10d0,1,sorafenib
Data18_GSM5344622_C10d3,1,sorafenib
Data18_GSM5344622_C10d5,1,sorafenib
Data18_GSM5344622_C10d9,1,sorafenib
Data18_GSM5344622_C10db,1,sorafenib
Data18_GSM5344622_C10dc,1,sorafenib
Data18_GSM5344622_C10dd,1,sorafenib
Data18_GSM5344622_C10e2,1,sorafenib
Data18_GSM5344622_C10e7,1,sorafenib
Data18_GSM5344622_C10e8,1,sorafenib
Data18_GSM5344622_C10ea,1,sorafenib
Data18_GSM5344622_C10ec,1,sorafenib
Data18_GSM5344622_C10ed,1,sorafenib
Data18_GSM5344622_C10ee,1,sorafenib
Data18_GSM5344622_C10ef,1,sorafenib
Data18_GSM5344622_C10f5,1,sorafenib
Data18_GSM5344622_C10f6,1,sorafenib
Data18_GSM5344622_C10f7,1,sorafenib
Data18_GSM5344622_C10f8,1,sorafenib
Data18_GSM5344622_C10f9,1,sorafenib
Data18_GSM5344622_C10fa,1,sorafenib
Data18_GSM5344622_C10fc,1,sorafenib
Data18_GSM5344622_C1100,1,sorafenib
Data18_GSM5344622_C1101,1,sorafenib
Data18_GSM5344622_C1103,1,sorafenib
Data18_GSM5344622_C1105,1,sorafenib
Data18_GSM5344622_C110b,1,sorafenib
Data18_GSM5344622_C110c,1,sorafenib
Data18_GSM5344622_C110e,1,sorafenib
Data18_GSM5344622_C110f,1,sorafenib
Data18_GSM5344622_C1110,1,sorafenib
Data18_GSM5344622_C1112,1,sorafenib
Data18_GSM5344622_C1113,1,sorafenib
Data18_GSM5344622_C1114,1,sorafenib
Data18_GSM5344622_C1115,1,sorafenib
Data18_GSM5344622_C111a,1,sorafenib
Data18_GSM5344622_C111c,1,sorafenib
Data18_GSM5344622_C1123,1,sorafenib
Data18_GSM5344622_C1124,1,sorafenib
Data18_GSM5344622_C1125,1,sorafenib
Data18_GSM5344622_C1126,1,sorafenib
Data18_GSM5344622_C1128,1,sorafenib
Data18_GSM5344622_C112c,1,sorafenib
Data18_GSM5344622_C112d,1,sorafenib
Data18_GSM5344622_C112f,1,sorafenib
Data18_GSM5344622_C1131,1,sorafenib
Data18_GSM5344622_C1133,1,sorafenib
Data18_GSM5344622_C1135,1,sorafenib
Data18_GSM5344622_C113a,1,sorafenib
Data18_GSM5344622_C113d,1,sorafenib
Data18_GSM5344622_C1140,1,sorafenib
Data18_GSM5344622_C1141,1,sorafenib
Data18_GSM5344622_C1142,1,sorafenib
Data18_GSM5344622_C1144,1,sorafenib
Data18_GSM5344622_C1146,1,sorafenib
Data18_GSM5344622_C1147,1,sorafenib
Data18_GSM5344622_C1149,1,sorafenib
Data18_GSM5344622_C114a,1,sorafenib
Data18_GSM5344622_C114d,1,sorafenib
Data18_GSM5344622_C1151,1,sorafenib
Data18_GSM5344622_C1152,1,sorafenib
Data18_GSM5344622_C1153,1,sorafenib
Data18_GSM5344622_C1158,1,sorafenib
Data18_GSM5344622_C1159,1,sorafenib
Data18_GSM5344622_C115b,1,sorafenib
Data18_GSM5344622_C115e,1,sorafenib
Data18_GSM5344622_C1161,1,sorafenib
Data18_GSM5344622_C1162,1,sorafenib
Data18_GSM5344622_C1163,1,sorafenib
Data18_GSM5344622_C1164,1,sorafenib
Data18_GSM5344622_C1166,1,sorafenib
Data18_GSM5344622_C1169,1,sorafenib
Data18_GSM5344622_C116a,1,sorafenib
Data18_GSM5344622_C116b,1,sorafenib
Data18_GSM5344622_C116c,1,sorafenib
Data18_GSM5344622_C116d,1,sorafenib
Data18_GSM5344622_C116e,1,sorafenib
Data18_GSM5344622_C1170,1,sorafenib
Data18_GSM5344622_C1172,1,sorafenib
Data18_GSM5344622_C1173,1,sorafenib
Data18_GSM5344622_C1175,1,sorafenib
Data18_GSM5344622_C1176,1,sorafenib
Data18_GSM5344622_C1177,1,sorafenib
Data18_GSM5344622_C1179,1,sorafenib
Data18_GSM5344622_C117b,1,sorafenib
Data18_GSM5344622_C117c,1,sorafenib
Data18_GSM5344622_C117f,1,sorafenib
Data18_GSM5344622_C1181,1,sorafenib
Data18_GSM5344622_C1184,1,sorafenib
Data18_GSM5344622_C1187,1,sorafenib
Data18_GSM5344622_C118c,1,sorafenib
Data18_GSM5344622_C118e,1,sorafenib
Data18_GSM5344622_C1191,1,sorafenib
Data18_GSM5344622_C1193,1,sorafenib
Data18_GSM5344622_C1196,1,sorafenib
Data18_GSM5344622_C1197,1,sorafenib
Data18_GSM5344622_C119d,1,sorafenib
Data18_GSM5344622_C119f,1,sorafenib
Data18_GSM5344622_C11a3,1,sorafenib
Data18_GSM5344622_C11a4,1,sorafenib
Data18_GSM5344622_C11a7,1,sorafenib
Data18_GSM5344622_C11ab,1,sorafenib
Data18_GSM5344622_C11b0,1,sorafenib
Data18_GSM5344622_C11b2,1,sorafenib
Data18_GSM5344622_C11b3,1,sorafenib
Data18_GSM5344622_C11b7,1,sorafenib
Data18_GSM5344622_C11ba,1,sorafenib
Data18_GSM5344622_C11bb,1,sorafenib
Data18_GSM5344622_C11bc,1,sorafenib
Data18_GSM5344622_C11bd,1,sorafenib
Data18_GSM5344622_C11bf,1,sorafenib
Data18_GSM5344622_C11c4,1,sorafenib
Data18_GSM5344622_C11c5,1,sorafenib
Data18_GSM5344622_C11ca,1,sorafenib
Data18_GSM5344622_C11cb,1,sorafenib
Data18_GSM5344622_C11cc,1,sorafenib
Data18_GSM5344622_C11ce,1,sorafenib
Data18_GSM5344622_C11cf,1,sorafenib
Data18_GSM5344622_C11d2,1,sorafenib
Data18_GSM5344622_C11d5,1,sorafenib
Data18_GSM5344622_C11d6,1,sorafenib
Data18_GSM5344622_C11dc,1,sorafenib
Data18_GSM5344622_C11dd,1,sorafenib
Data18_GSM5344622_C11df,1,sorafenib
Data18_GSM5344622_C11e0,1,sorafenib
Data18_GSM5344622_C11e1,1,sorafenib
Data18_GSM5344622_C11e5,1,sorafenib
Data18_GSM5344622_C11e7,1,sorafenib
Data18_GSM5344622_C11e8,1,sorafenib
Data18_GSM5344622_C11e9,1,sorafenib
Data18_GSM5344622_C11ea,1,sorafenib
Data18_GSM5344622_C11ec,1,sorafenib
Data18_GSM5344622_C11ed,1,sorafenib
Data18_GSM5344622_C11f0,1,sorafenib
Data18_GSM5344622_C11f3,1,sorafenib
Data18_GSM5344622_C11f4,1,sorafenib
Data18_GSM5344622_C11f6,1,sorafenib
Data18_GSM5344622_C11f8,1,sorafenib
Data18_GSM5344622_C11f9,1,sorafenib
Data18_GSM5344622_C11fb,1,sorafenib
Data18_GSM5344622_C11fc,1,sorafenib
Data18_GSM5344622_C11fe,1,sorafenib
Data18_GSM5344622_C1200,1,sorafenib
Data18_GSM5344622_C1203,1,sorafenib
Data18_GSM5344622_C1204,1,sorafenib
Data18_GSM5344622_C120a,1,sorafenib
Data18_GSM5344622_C120e,1,sorafenib
Data18_GSM5344622_C120f,1,sorafenib
Data18_GSM5344622_C1210,1,sorafenib
Data18_GSM5344622_C1215,1,sorafenib
Data18_GSM5344622_C1216,1,sorafenib
Data18_GSM5344622_C1217,1,sorafenib
Data18_GSM5344622_C121d,1,sorafenib
Data18_GSM5344622_C121e,1,sorafenib
Data18_GSM5344622_C121f,1,sorafenib
Data18_GSM5344622_C1221,1,sorafenib
Data18_GSM5344622_C1222,1,sorafenib
Data18_GSM5344622_C1223,1,sorafenib
Data18_GSM5344622_C1224,1,sorafenib
Data18_GSM5344622_C1226,1,sorafenib
Data18_GSM5344622_C1227,1,sorafenib
Data18_GSM5344622_C1228,1,sorafenib
Data18_GSM5344622_C122b,1,sorafenib
Data18_GSM5344622_C122e,1,sorafenib
Data18_GSM5344622_C1230,1,sorafenib
Data18_GSM5344622_C1232,1,sorafenib
Data18_GSM5344622_C1233,1,sorafenib
Data18_GSM5344622_C1235,1,sorafenib
Data18_GSM5344622_C1236,1,sorafenib
Data18_GSM5344622_C1237,1,sorafenib
Data18_GSM5344622_C1239,1,sorafenib
Data18_GSM5344622_C123f,1,sorafenib
Data18_GSM5344622_C1241,1,sorafenib
Data18_GSM5344622_C1245,1,sorafenib
Data18_GSM5344622_C1248,1,sorafenib
Data18_GSM5344622_C124a,1,sorafenib
Data18_GSM5344622_C124b,1,sorafenib
Data18_GSM5344622_C124c,1,sorafenib
Data18_GSM5344622_C1250,1,sorafenib
Data18_GSM5344622_C1253,1,sorafenib
Data18_GSM5344622_C1258,1,sorafenib
Data18_GSM5344622_C1259,1,sorafenib
Data18_GSM5344622_C125b,1,sorafenib
Data18_GSM5344622_C125c,1,sorafenib
Data18_GSM5344622_C125d,1,sorafenib
Data18_GSM5344622_C1260,1,sorafenib
Data18_GSM5344622_C1263,1,sorafenib
Data18_GSM5344622_C1269,1,sorafenib
Data18_GSM5344622_C126d,1,sorafenib
Data18_GSM5344622_C1272,1,sorafenib
Data18_GSM5344622_C1275,1,sorafenib
Data18_GSM5344622_C1276,1,sorafenib
Data18_GSM5344622_C1278,1,sorafenib
Data18_GSM5344622_C127d,1,sorafenib
Data18_GSM5344622_C1280,1,sorafenib
Data18_GSM5344622_C1281,1,sorafenib
Data18_GSM5344622_C1284,1,sorafenib
Data18_GSM5344622_C1285,1,sorafenib
Data18_GSM5344622_C1287,1,sorafenib
Data18_GSM5344622_C1289,1,sorafenib
Data18_GSM5344622_C128a,1,sorafenib
Data18_GSM5344622_C128b,1,sorafenib
Data18_GSM5344622_C128c,1,sorafenib
Data18_GSM5344622_C128d,1,sorafenib
Data18_GSM5344622_C128e,1,sorafenib
Data18_GSM5344622_C128f,1,sorafenib
Data18_GSM5344622_C1291,1,sorafenib
Data18_GSM5344622_C1293,1,sorafenib
Data18_GSM5344622_C1297,1,sorafenib
Data18_GSM5344622_C1298,1,sorafenib
Data18_GSM5344622_C129a,1,sorafenib
Data18_GSM5344622_C129b,1,sorafenib
Data18_GSM5344622_C129c,1,sorafenib
Data18_GSM5344622_C12a0,1,sorafenib
Data18_GSM5344622_C12a2,1,sorafenib
Data18_GSM5344622_C12a3,1,sorafenib
Data18_GSM5344622_C12a5,1,sorafenib
Data18_GSM5344622_C12a7,1,sorafenib
Data18_GSM5344622_C12af,1,sorafenib
Data18_GSM5344622_C12b6,1,sorafenib
Data18_GSM5344622_C12b7,1,sorafenib
Data18_GSM5344622_C12ba,1,sorafenib
Data18_GSM5344622_C12bb,1,sorafenib
Data18_GSM5344622_C12bd,1,sorafenib
Data18_GSM5344622_C12be,1,sorafenib
Data18_GSM5344622_C12c0,1,sorafenib
Data18_GSM5344622_C12c1,1,sorafenib
Data18_GSM5344622_C12c2,1,sorafenib
Data18_GSM5344622_C12c3,1,sorafenib
Data18_GSM5344622_C12ca,1,sorafenib
Data18_GSM5344622_C12cd,1,sorafenib
Data18_GSM5344622_C12ce,1,sorafenib
Data18_GSM5344622_C12cf,1,sorafenib
Data18_GSM5344622_C12d3,1,sorafenib
Data18_GSM5344622_C12d5,1,sorafenib
Data18_GSM5344622_C12d8,1,sorafenib
Data18_GSM5344622_C12d9,1,sorafenib
Data18_GSM5344622_C12da,1,sorafenib
Data18_GSM5344622_C12db,1,sorafenib
Data18_GSM5344622_C12dd,1,sorafenib
Data18_GSM5344622_C12e3,1,sorafenib
Data18_GSM5344622_C12e4,1,sorafenib
Data18_GSM5344622_C12e6,1,sorafenib
Data18_GSM5344622_C12e7,1,sorafenib
Data18_GSM5344622_C12e8,1,sorafenib
Data18_GSM5344622_C12e9,1,sorafenib
Data18_GSM5344622_C12ea,1,sorafenib
Data18_GSM5344622_C12ee,1,sorafenib
Data18_GSM5344622_C12f0,1,sorafenib
Data18_GSM5344622_C12f1,1,sorafenib
Data18_GSM5344622_C12f3,1,sorafenib
Data18_GSM5344622_C12f7,1,sorafenib
Data18_GSM5344622_C12f8,1,sorafenib
Data18_GSM5344622_C12fb,1,sorafenib
Data18_GSM5344622_C12fc,1,sorafenib
Data18_GSM5344622_C12fd,1,sorafenib
Data18_GSM5344622_C12ff,1,sorafenib
Data18_GSM5344622_C1300,1,sorafenib
Data18_GSM5344622_C1302,1,sorafenib
Data18_GSM5344622_C1308,1,sorafenib
Data18_GSM5344622_C1309,1,sorafenib
Data18_GSM5344622_C130c,1,sorafenib
Data18_GSM5344622_C130d,1,sorafenib
Data18_GSM5344622_C130e,1,sorafenib
Data18_GSM5344622_C1318,1,sorafenib
Data18_GSM5344622_C1319,1,sorafenib
Data18_GSM5344622_C131a,1,sorafenib
Data18_GSM5344622_C1320,1,sorafenib
Data18_GSM5344622_C1322,1,sorafenib
Data18_GSM5344622_C1324,1,sorafenib
Data18_GSM5344622_C1326,1,sorafenib
Data18_GSM5344622_C1328,1,sorafenib
Data18_GSM5344622_C132b,1,sorafenib
Data18_GSM5344622_C132c,1,sorafenib
Data18_GSM5344622_C132e,1,sorafenib
Data18_GSM5344622_C1330,1,sorafenib
Data18_GSM5344622_C1332,1,sorafenib
Data18_GSM5344622_C1333,1,sorafenib
Data18_GSM5344622_C1336,1,sorafenib
Data18_GSM5344622_C1338,1,sorafenib
Data18_GSM5344622_C1339,1,sorafenib
Data18_GSM5344622_C133a,1,sorafenib
Data18_GSM5344622_C133c,1,sorafenib
Data18_GSM5344622_C133d,1,sorafenib
Data18_GSM5344622_C133e,1,sorafenib
Data18_GSM5344622_C1340,1,sorafenib
Data18_GSM5344622_C1343,1,sorafenib
Data18_GSM5344622_C1345,1,sorafenib
Data18_GSM5344622_C1347,1,sorafenib
Data18_GSM5344622_C1349,1,sorafenib
Data18_GSM5344622_C134c,1,sorafenib
Data18_GSM5344622_C134d,1,sorafenib
Data18_GSM5344622_C134e,1,sorafenib
Data18_GSM5344622_C1351,1,sorafenib
Data18_GSM5344622_C1352,1,sorafenib
Data18_GSM5344622_C1353,1,sorafenib
Data18_GSM5344622_C1357,1,sorafenib
Data18_GSM5344622_C1359,1,sorafenib
Data18_GSM5344622_C135f,1,sorafenib
Data18_GSM5344622_C1360,1,sorafenib
Data18_GSM5344622_C1361,1,sorafenib
Data18_GSM5344622_C1366,1,sorafenib
Data18_GSM5344622_C1367,1,sorafenib
Data18_GSM5344622_C136a,1,sorafenib
Data18_GSM5344622_C136d,1,sorafenib
Data18_GSM5344622_C1372,1,sorafenib
Data18_GSM5344622_C1375,1,sorafenib
Data18_GSM5344622_C1377,1,sorafenib
Data18_GSM5344622_C137e,1,sorafenib
Data18_GSM5344622_C137f,1,sorafenib
Data18_GSM5344622_C1380,1,sorafenib
Data18_GSM5344622_C1384,1,sorafenib
Data18_GSM5344622_C1385,1,sorafenib
Data18_GSM5344622_C1387,1,sorafenib
Data18_GSM5344622_C1388,1,sorafenib
Data18_GSM5344622_C138a,1,sorafenib
Data18_GSM5344622_C138c,1,sorafenib
Data18_GSM5344622_C138e,1,sorafenib
Data18_GSM5344622_C1390,1,sorafenib
Data18_GSM5344622_C1392,1,sorafenib
Data18_GSM5344622_C1393,1,sorafenib
Data18_GSM5344622_C1395,1,sorafenib
Data18_GSM5344622_C1397,1,sorafenib
Data18_GSM5344622_C1398,1,sorafenib
Data18_GSM5344622_C1399,1,sorafenib
Data18_GSM5344622_C139d,1,sorafenib
Data18_GSM5344622_C139f,1,sorafenib
Data18_GSM5344622_C13a4,1,sorafenib
Data18_GSM5344622_C13a5,1,sorafenib
Data18_GSM5344622_C13b0,1,sorafenib
Data18_GSM5344622_C13b1,1,sorafenib
Data18_GSM5344622_C13b2,1,sorafenib
Data18_GSM5344622_C13b6,1,sorafenib
Data18_GSM5344622_C13b8,1,sorafenib
Data18_GSM5344622_C13b9,1,sorafenib
Data18_GSM5344622_C13ba,1,sorafenib
Data18_GSM5344622_C13bc,1,sorafenib
Data18_GSM5344622_C13bf,1,sorafenib
Data18_GSM5344622_C13c3,1,sorafenib
Data18_GSM5344622_C13c4,1,sorafenib
Data18_GSM5344622_C13c6,1,sorafenib
Data18_GSM5344622_C13c8,1,sorafenib
Data18_GSM5344622_C13c9,1,sorafenib
Data18_GSM5344622_C13ca,1,sorafenib
Data18_GSM5344622_C13cf,1,sorafenib
Data18_GSM5344622_C13d0,1,sorafenib
Data18_GSM5344622_C13d1,1,sorafenib
Data18_GSM5344622_C13d3,1,sorafenib
Data18_GSM5344622_C13d4,1,sorafenib
Data18_GSM5344622_C13d7,1,sorafenib
Data18_GSM5344622_C13da,1,sorafenib
Data18_GSM5344622_C13db,1,sorafenib
Data18_GSM5344622_C13dc,1,sorafenib
Data18_GSM5344622_C13dd,1,sorafenib
Data18_GSM5344622_C13df,1,sorafenib
Data18_GSM5344622_C13e1,1,sorafenib
Data18_GSM5344622_C13e6,1,sorafenib
Data18_GSM5344622_C13e7,1,sorafenib
Data18_GSM5344622_C13e9,1,sorafenib
Data18_GSM5344622_C13ed,1,sorafenib
Data18_GSM5344622_C13ee,1,sorafenib
Data18_GSM5344622_C13ef,1,sorafenib
Data18_GSM5344622_C13f5,1,sorafenib
Data18_GSM5344622_C13f6,1,sorafenib
Data18_GSM5344622_C13fa,1,sorafenib
Data18_GSM5344622_C13fc,1,sorafenib
Data18_GSM5344622_C13fd,1,sorafenib
Data18_GSM5344622_C1400,1,sorafenib
Data18_GSM5344622_C1401,1,sorafenib
Data18_GSM5344622_C1402,1,sorafenib
Data18_GSM5344622_C1403,1,sorafenib
Data18_GSM5344622_C1404,1,sorafenib
Data18_GSM5344622_C1405,1,sorafenib
Data18_GSM5344622_C1408,1,sorafenib
Data18_GSM5344622_C140b,1,sorafenib
Data18_GSM5344622_C140d,1,sorafenib
Data18_GSM5344622_C140e,1,sorafenib
Data18_GSM5344622_C1411,1,sorafenib
Data18_GSM5344622_C1413,1,sorafenib
Data18_GSM5344622_C1417,1,sorafenib
Data18_GSM5344622_C1419,1,sorafenib
Data18_GSM5344622_C141e,1,sorafenib
Data18_GSM5344622_C1422,1,sorafenib
Data18_GSM5344622_C1425,1,sorafenib
Data18_GSM5344622_C1426,1,sorafenib
Data18_GSM5344622_C1427,1,sorafenib
Data18_GSM5344622_C1429,1,sorafenib
Data18_GSM5344622_C142a,1,sorafenib
Data18_GSM5344622_C142b,1,sorafenib
Data18_GSM5344622_C142d,1,sorafenib
Data18_GSM5344622_C142e,1,sorafenib
Data18_GSM5344622_C1434,1,sorafenib
Data18_GSM5344622_C1437,1,sorafenib
Data18_GSM5344622_C1438,1,sorafenib
Data18_GSM5344622_C1439,1,sorafenib
Data18_GSM5344622_C143e,1,sorafenib
Data18_GSM5344622_C143f,1,sorafenib
Data18_GSM5344622_C1440,1,sorafenib
Data18_GSM5344622_C1441,1,sorafenib
Data18_GSM5344622_C1444,1,sorafenib
Data18_GSM5344622_C1446,1,sorafenib
Data18_GSM5344622_C1447,1,sorafenib
Data18_GSM5344622_C1455,1,sorafenib
Data18_GSM5344622_C1456,1,sorafenib
Data18_GSM5344622_C1458,1,sorafenib
Data18_GSM5344622_C1459,1,sorafenib
Data18_GSM5344622_C145a,1,sorafenib
Data18_GSM5344622_C145b,1,sorafenib
Data18_GSM5344622_C1460,1,sorafenib
Data18_GSM5344622_C1468,1,sorafenib
Data18_GSM5344622_C1469,1,sorafenib
Data18_GSM5344622_C146b,1,sorafenib
Data18_GSM5344622_C146c,1,sorafenib
Data18_GSM5344622_C146d,1,sorafenib
Data18_GSM5344622_C146f,1,sorafenib
Data18_GSM5344622_C1471,1,sorafenib
Data18_GSM5344622_C1473,1,sorafenib
Data18_GSM5344622_C1475,1,sorafenib
Data18_GSM5344622_C147b,1,sorafenib
Data18_GSM5344622_C1482,1,sorafenib
Data18_GSM5344622_C1485,1,sorafenib
Data18_GSM5344622_C1486,1,sorafenib
Data18_GSM5344622_C148e,1,sorafenib
Data18_GSM5344622_C1491,1,sorafenib
Data18_GSM5344622_C1495,1,sorafenib
Data18_GSM5344622_C1499,1,sorafenib
Data18_GSM5344622_C149a,1,sorafenib
Data18_GSM5344622_C149b,1,sorafenib
Data18_GSM5344622_C149d,1,sorafenib
Data18_GSM5344622_C149f,1,sorafenib
Data18_GSM5344622_C14a0,1,sorafenib
Data18_GSM5344622_C14a4,1,sorafenib
Data18_GSM5344622_C14a8,1,sorafenib
Data18_GSM5344622_C14a9,1,sorafenib
Data18_GSM5344622_C14aa,1,sorafenib
Data18_GSM5344622_C14af,1,sorafenib
Data18_GSM5344622_C14b3,1,sorafenib
Data18_GSM5344622_C14b6,1,sorafenib
Data18_GSM5344622_C14b8,1,sorafenib
Data18_GSM5344622_C14b9,1,sorafenib
Data18_GSM5344622_C14ba,1,sorafenib
Data18_GSM5344622_C14bd,1,sorafenib
Data18_GSM5344622_C14bf,1,sorafenib
Data18_GSM5344622_C14c5,1,sorafenib
Data18_GSM5344622_C14c7,1,sorafenib
Data18_GSM5344622_C14cb,1,sorafenib
Data18_GSM5344622_C14ce,1,sorafenib
Data18_GSM5344622_C14d0,1,sorafenib
Data18_GSM5344622_C14d3,1,sorafenib
Data18_GSM5344622_C14d4,1,sorafenib
Data18_GSM5344622_C14d6,1,sorafenib
Data18_GSM5344622_C14d8,1,sorafenib
Data18_GSM5344622_C14d9,1,sorafenib
Data18_GSM5344622_C14da,1,sorafenib
Data18_GSM5344622_C14db,1,sorafenib
Data18_GSM5344622_C14dd,1,sorafenib
Data18_GSM5344622_C14de,1,sorafenib
Data18_GSM5344622_C14df,1,sorafenib
Data18_GSM5344622_C14e0,1,sorafenib
Data18_GSM5344622_C14e4,1,sorafenib
Data18_GSM5344622_C14e6,1,sorafenib
Data18_GSM5344622_C14e7,1,sorafenib
Data18_GSM5344622_C14ea,1,sorafenib
Data18_GSM5344622_C14ec,1,sorafenib
Data18_GSM5344622_C14f0,1,sorafenib
Data18_GSM5344622_C14f2,1,sorafenib
Data18_GSM5344622_C14f4,1,sorafenib
Data18_GSM5344622_C14f5,1,sorafenib
Data18_GSM5344622_C14f7,1,sorafenib
Data18_GSM5344622_C14f9,1,sorafenib
Data18_GSM5344622_C14fb,1,sorafenib
Data18_GSM5344622_C14ff,1,sorafenib
Data18_GSM5344622_C1500,1,sorafenib
Data18_GSM5344622_C1504,1,sorafenib
Data18_GSM5344622_C1507,1,sorafenib
Data18_GSM5344622_C150a,1,sorafenib
Data18_GSM5344622_C150b,1,sorafenib
Data18_GSM5344622_C150c,1,sorafenib
Data18_GSM5344622_C150f,1,sorafenib
Data18_GSM5344622_C1513,1,sorafenib
Data18_GSM5344622_C1515,1,sorafenib
Data18_GSM5344622_C1516,1,sorafenib
Data18_GSM5344622_C1517,1,sorafenib
Data18_GSM5344622_C1524,1,sorafenib
Data18_GSM5344622_C152a,1,sorafenib
Data18_GSM5344622_C152b,1,sorafenib
Data18_GSM5344622_C152c,1,sorafenib
Data18_GSM5344622_C152d,1,sorafenib
Data18_GSM5344622_C152e,1,sorafenib
Data18_GSM5344622_C1534,1,sorafenib
Data18_GSM5344622_C1535,1,sorafenib
Data18_GSM5344622_C1536,1,sorafenib
Data18_GSM5344622_C1537,1,sorafenib
Data18_GSM5344622_C1539,1,sorafenib
Data18_GSM5344622_C1540,1,sorafenib
Data18_GSM5344622_C1544,1,sorafenib
Data18_GSM5344622_C1546,1,sorafenib
Data18_GSM5344622_C1547,1,sorafenib
Data18_GSM5344622_C154c,1,sorafenib
Data18_GSM5344622_C154e,1,sorafenib
Data18_GSM5344622_C1552,1,sorafenib
Data18_GSM5344622_C155d,1,sorafenib
Data18_GSM5344622_C1561,1,sorafenib
Data18_GSM5344622_C1567,1,sorafenib
Data18_GSM5344622_C1568,1,sorafenib
Data18_GSM5344622_C156c,1,sorafenib
Data18_GSM5344622_C156d,1,sorafenib
Data18_GSM5344622_C1570,1,sorafenib
Data18_GSM5344622_C1573,1,sorafenib
Data18_GSM5344622_C1574,1,sorafenib
Data18_GSM5344622_C1575,1,sorafenib
Data18_GSM5344622_C1576,1,sorafenib
Data18_GSM5344622_C1577,1,sorafenib
Data18_GSM5344622_C157a,1,sorafenib
Data18_GSM5344622_C157d,1,sorafenib
Data18_GSM5344622_C1582,1,sorafenib
Data18_GSM5344622_C1585,1,sorafenib
Data18_GSM5344622_C1587,1,sorafenib
Data18_GSM5344622_C1589,1,sorafenib
Data18_GSM5344622_C158e,1,sorafenib
Data18_GSM5344622_C1591,1,sorafenib
Data18_GSM5344622_C1592,1,sorafenib
Data18_GSM5344622_C1596,1,sorafenib
Data18_GSM5344622_C1598,1,sorafenib
Data18_GSM5344622_C159b,1,sorafenib
Data18_GSM5344622_C15a0,1,sorafenib
Data18_GSM5344622_C15a1,1,sorafenib
Data18_GSM5344622_C15a2,1,sorafenib
Data18_GSM5344622_C15a6,1,sorafenib
Data18_GSM5344622_C15a7,1,sorafenib
Data18_GSM5344622_C15a9,1,sorafenib
Data18_GSM5344622_C15ad,1,sorafenib
Data18_GSM5344622_C15b0,1,sorafenib
Data18_GSM5344622_C15b1,1,sorafenib
Data18_GSM5344622_C15b3,1,sorafenib
Data18_GSM5344622_C15b5,1,sorafenib
Data18_GSM5344622_C15b7,1,sorafenib
Data18_GSM5344622_C15b9,1,sorafenib
Data18_GSM5344622_C15bb,1,sorafenib
Data18_GSM5344622_C15bc,1,sorafenib
Data18_GSM5344622_C15bd,1,sorafenib
Data18_GSM5344622_C15c1,1,sorafenib
Data18_GSM5344622_C15c2,1,sorafenib
Data18_GSM5344622_C15c6,1,sorafenib
Data18_GSM5344622_C15c9,1,sorafenib
Data18_GSM5344622_C15cc,1,sorafenib
Data18_GSM5344622_C15cd,1,sorafenib
Data18_GSM5344622_C15d0,1,sorafenib
Data18_GSM5344622_C15d2,1,sorafenib
Data18_GSM5344622_C15d5,1,sorafenib
Data18_GSM5344622_C15d6,1,sorafenib
Data18_GSM5344622_C15d8,1,sorafenib
Data18_GSM5344622_C15d9,1,sorafenib
Data18_GSM5344622_C15de,1,sorafenib
Data18_GSM5344622_C15df,1,sorafenib
Data18_GSM5344622_C15e2,1,sorafenib
Data18_GSM5344622_C15e5,1,sorafenib
Data18_GSM5344622_C15e6,1,sorafenib
Data18_GSM5344622_C15e8,1,sorafenib
Data18_GSM5344622_C15ed,1,sorafenib
Data18_GSM5344622_C15ee,1,sorafenib
Data18_GSM5344622_C15f0,1,sorafenib
Data18_GSM5344622_C15f1,1,sorafenib
Data18_GSM5344622_C15f3,1,sorafenib
Data18_GSM5344622_C15f4,1,sorafenib
Data18_GSM5344622_C15f8,1,sorafenib
Data18_GSM5344622_C15f9,1,sorafenib
Data18_GSM5344622_C15fa,1,sorafenib
Data18_GSM5344622_C15fb,1,sorafenib
Data18_GSM5344622_C15fc,1,sorafenib
Data18_GSM5344622_C15fd,1,sorafenib
Data18_GSM5344622_C15fe,1,sorafenib
Data18_GSM5344622_C15ff,1,sorafenib
Data18_GSM5344622_C1600,1,sorafenib
Data18_GSM5344622_C1602,1,sorafenib
Data18_GSM5344622_C1603,1,sorafenib
Data18_GSM5344622_C1606,1,sorafenib
Data18_GSM5344622_C1607,1,sorafenib
Data18_GSM5344622_C160f,1,sorafenib
Data18_GSM5344622_C1610,1,sorafenib
Data18_GSM5344622_C1611,1,sorafenib
Data18_GSM5344622_C1616,1,sorafenib
Data18_GSM5344622_C1618,1,sorafenib
Data18_GSM5344622_C1619,1,sorafenib
Data18_GSM5344622_C161b,1,sorafenib
Data18_GSM5344622_C161c,1,sorafenib
Data18_GSM5344622_C1627,1,sorafenib
Data18_GSM5344622_C162a,1,sorafenib
Data18_GSM5344622_C162e,1,sorafenib
Data18_GSM5344622_C162f,1,sorafenib
Data18_GSM5344622_C1632,1,sorafenib
Data18_GSM5344622_C1633,1,sorafenib
Data18_GSM5344622_C1634,1,sorafenib
Data18_GSM5344622_C1635,1,sorafenib
Data18_GSM5344622_C163a,1,sorafenib
Data18_GSM5344622_C163d,1,sorafenib
Data18_GSM5344622_C163f,1,sorafenib
Data18_GSM5344622_C1641,1,sorafenib
Data18_GSM5344622_C1643,1,sorafenib
Data18_GSM5344622_C1646,1,sorafenib
Data18_GSM5344622_C1647,1,sorafenib
Data18_GSM5344622_C1648,1,sorafenib
Data18_GSM5344622_C1649,1,sorafenib
Data18_GSM5344622_C164c,1,sorafenib
Data18_GSM5344622_C164e,1,sorafenib
Data18_GSM5344622_C1651,1,sorafenib
Data18_GSM5344622_C1652,1,sorafenib
Data18_GSM5344622_C1653,1,sorafenib
Data18_GSM5344622_C1657,1,sorafenib
Data18_GSM5344622_C165b,1,sorafenib
Data18_GSM5344622_C165e,1,sorafenib
Data18_GSM5344622_C165f,1,sorafenib
Data18_GSM5344622_C1662,1,sorafenib
Data18_GSM5344622_C1664,1,sorafenib
Data18_GSM5344622_C1665,1,sorafenib
Data18_GSM5344622_C1667,1,sorafenib
Data18_GSM5344622_C1668,1,sorafenib
Data18_GSM5344622_C166d,1,sorafenib
Data18_GSM5344622_C166e,1,sorafenib
Data18_GSM5344622_C166f,1,sorafenib
Data18_GSM5344622_C1671,1,sorafenib
Data18_GSM5344622_C1672,1,sorafenib
Data18_GSM5344622_C1673,1,sorafenib
Data18_GSM5344622_C1674,1,sorafenib
Data18_GSM5344622_C1679,1,sorafenib
Data18_GSM5344622_C167a,1,sorafenib
Data18_GSM5344622_C167b,1,sorafenib
Data18_GSM5344622_C1681,1,sorafenib
Data18_GSM5344622_C1684,1,sorafenib
Data18_GSM5344622_C1686,1,sorafenib
Data18_GSM5344622_C1687,1,sorafenib
Data18_GSM5344622_C168b,1,sorafenib
Data18_GSM5344622_C168c,1,sorafenib
Data18_GSM5344622_C168d,1,sorafenib
Data18_GSM5344622_C168e,1,sorafenib
Data18_GSM5344622_C1691,1,sorafenib
Data18_GSM5344622_C1693,1,sorafenib
Data18_GSM5344622_C1696,1,sorafenib
Data18_GSM5344622_C169b,1,sorafenib
Data18_GSM5344622_C169e,1,sorafenib
Data18_GSM5344622_C16a3,1,sorafenib
Data18_GSM5344622_C16a6,1,sorafenib
Data18_GSM5344622_C16a9,1,sorafenib
Data18_GSM5344622_C16ab,1,sorafenib
Data18_GSM5344622_C16ac,1,sorafenib
Data18_GSM5344622_C16ad,1,sorafenib
Data18_GSM5344622_C16ae,1,sorafenib
Data18_GSM5344622_C16af,1,sorafenib
Data18_GSM5344622_C16b0,1,sorafenib
Data18_GSM5344622_C16b2,1,sorafenib
Data18_GSM5344622_C16b5,1,sorafenib
Data18_GSM5344622_C16b6,1,sorafenib
Data18_GSM5344622_C16b9,1,sorafenib
Data18_GSM5344622_C16ba,1,sorafenib
Data18_GSM5344622_C16bd,1,sorafenib
Data18_GSM5344622_C16be,1,sorafenib
Data18_GSM5344622_C16c2,1,sorafenib
Data18_GSM5344622_C16c3,1,sorafenib
Data18_GSM5344622_C16c6,1,sorafenib
Data18_GSM5344622_C16c7,1,sorafenib
Data18_GSM5344622_C16c9,1,sorafenib
Data18_GSM5344622_C16ca,1,sorafenib
Data18_GSM5344622_C16cc,1,sorafenib
Data18_GSM5344622_C16cd,1,sorafenib
Data18_GSM5344622_C16ce,1,sorafenib
Data18_GSM5344622_C16cf,1,sorafenib
Data18_GSM5344622_C16d0,1,sorafenib
Data18_GSM5344622_C16d4,1,sorafenib
Data18_GSM5344622_C16d7,1,sorafenib
Data18_GSM5344622_C16dc,1,sorafenib
Data18_GSM5344622_C16dd,1,sorafenib
Data18_GSM5344622_C16e1,1,sorafenib
Data18_GSM5344622_C16e3,1,sorafenib
Data18_GSM5344622_C16e6,1,sorafenib
Data18_GSM5344622_C16ea,1,sorafenib
Data18_GSM5344622_C16eb,1,sorafenib
Data18_GSM5344622_C16ee,1,sorafenib
Data18_GSM5344622_C16ef,1,sorafenib
Data18_GSM5344622_C16f2,1,sorafenib
Data18_GSM5344622_C16f3,1,sorafenib
Data18_GSM5344622_C16f6,1,sorafenib
Data18_GSM5344622_C16f7,1,sorafenib
Data18_GSM5344622_C16f8,1,sorafenib
Data18_GSM5344622_C16f9,1,sorafenib
Data18_GSM5344622_C16fb,1,sorafenib
Data18_GSM5344622_C16ff,1,sorafenib
Data18_GSM5344622_C1700,1,sorafenib
Data18_GSM5344622_C1701,1,sorafenib
Data18_GSM5344622_C1702,1,sorafenib
Data18_GSM5344622_C1704,1,sorafenib
Data18_GSM5344622_C1705,1,sorafenib
Data18_GSM5344622_C1708,1,sorafenib
Data18_GSM5344622_C1709,1,sorafenib
Data18_GSM5344622_C170a,1,sorafenib
Data18_GSM5344622_C170c,1,sorafenib
Data18_GSM5344622_C170e,1,sorafenib
Data18_GSM5344622_C1714,1,sorafenib
Data18_GSM5344622_C1716,1,sorafenib
Data18_GSM5344622_C1717,1,sorafenib
Data18_GSM5344622_C1719,1,sorafenib
Data18_GSM5344622_C171a,1,sorafenib
Data18_GSM5344622_C171c,1,sorafenib
Data18_GSM5344622_C171d,1,sorafenib
Data18_GSM5344622_C1720,1,sorafenib
Data18_GSM5344622_C1722,1,sorafenib
Data18_GSM5344622_C1723,1,sorafenib
Data18_GSM5344622_C1725,1,sorafenib
Data18_GSM5344622_C1726,1,sorafenib
Data18_GSM5344622_C1727,1,sorafenib
Data18_GSM5344622_C1728,1,sorafenib
Data18_GSM5344622_C1729,1,sorafenib
Data18_GSM5344622_C172a,1,sorafenib
Data18_GSM5344622_C172b,1,sorafenib
Data18_GSM5344622_C172d,1,sorafenib
Data18_GSM5344622_C1731,1,sorafenib
Data18_GSM5344622_C1732,1,sorafenib
Data18_GSM5344622_C1733,1,sorafenib
Data18_GSM5344622_C1736,1,sorafenib
Data18_GSM5344622_C1738,1,sorafenib
Data18_GSM5344622_C1739,1,sorafenib
Data18_GSM5344622_C173a,1,sorafenib
Data18_GSM5344622_C173f,1,sorafenib
Data18_GSM5344622_C1741,1,sorafenib
Data18_GSM5344622_C1742,1,sorafenib
Data18_GSM5344622_C1743,1,sorafenib
Data18_GSM5344622_C1744,1,sorafenib
Data18_GSM5344622_C1745,1,sorafenib
Data18_GSM5344622_C1747,1,sorafenib
Data18_GSM5344622_C174b,1,sorafenib
Data18_GSM5344622_C174c,1,sorafenib
Data18_GSM5344622_C174d,1,sorafenib
Data18_GSM5344622_C174e,1,sorafenib
Data18_GSM5344622_C1750,1,sorafenib
Data18_GSM5344622_C1751,1,sorafenib
Data18_GSM5344622_C1753,1,sorafenib
Data18_GSM5344622_C1754,1,sorafenib
Data18_GSM5344622_C1755,1,sorafenib
Data18_GSM5344622_C175a,1,sorafenib
Data18_GSM5344622_C175e,1,sorafenib
Data18_GSM5344622_C1760,1,sorafenib
Data18_GSM5344622_C1761,1,sorafenib
Data18_GSM5344622_C1762,1,sorafenib
Data18_GSM5344622_C1766,1,sorafenib
Data18_GSM5344622_C1767,1,sorafenib
Data18_GSM5344622_C1768,1,sorafenib
Data18_GSM5344622_C176a,1,sorafenib
Data18_GSM5344622_C176d,1,sorafenib
Data18_GSM5344622_C176e,1,sorafenib
Data18_GSM5344622_C176f,1,sorafenib
Data18_GSM5344622_C1770,1,sorafenib
Data18_GSM5344622_C1772,1,sorafenib
Data18_GSM5344622_C1773,1,sorafenib
Data18_GSM5344622_C1775,1,sorafenib
Data18_GSM5344622_C177b,1,sorafenib
Data18_GSM5344622_C1780,1,sorafenib
Data18_GSM5344622_C1781,1,sorafenib
Data18_GSM5344622_C1782,1,sorafenib
Data18_GSM5344622_C1783,1,sorafenib
Data18_GSM5344622_C1784,1,sorafenib
Data18_GSM5344622_C1788,1,sorafenib
Data18_GSM5344622_C1789,1,sorafenib
Data18_GSM5344622_C178a,1,sorafenib
Data18_GSM5344622_C178d,1,sorafenib
Data18_GSM5344622_C178e,1,sorafenib
Data18_GSM5344622_C178f,1,sorafenib
Data18_GSM5344622_C1791,1,sorafenib
Data18_GSM5344622_C1793,1,sorafenib
Data18_GSM5344622_C1794,1,sorafenib
Data18_GSM5344622_C1795,1,sorafenib
Data18_GSM5344622_C1797,1,sorafenib
Data18_GSM5344622_C1798,1,sorafenib
Data18_GSM5344622_C1799,1,sorafenib
Data18_GSM5344622_C179c,1,sorafenib
Data18_GSM5344622_C17a0,1,sorafenib
Data18_GSM5344622_C17a2,1,sorafenib
Data18_GSM5344622_C17a3,1,sorafenib
Data18_GSM5344622_C17a5,1,sorafenib
Data18_GSM5344622_C17a9,1,sorafenib
Data18_GSM5344622_C17aa,1,sorafenib
Data18_GSM5344622_C17ae,1,sorafenib
Data18_GSM5344622_C17b0,1,sorafenib
Data18_GSM5344622_C17b3,1,sorafenib
Data18_GSM5344622_C17b4,1,sorafenib
Data18_GSM5344622_C17ba,1,sorafenib
Data18_GSM5344622_C17bb,1,sorafenib
Data18_GSM5344622_C17bd,1,sorafenib
Data18_GSM5344622_C17c3,1,sorafenib
Data18_GSM5344622_C17c4,1,sorafenib
Data18_GSM5344622_C17c7,1,sorafenib
Data18_GSM5344622_C17c8,1,sorafenib
Data18_GSM5344622_C17cb,1,sorafenib
Data18_GSM5344622_C17cd,1,sorafenib
Data18_GSM5344622_C17ce,1,sorafenib
Data18_GSM5344622_C17cf,1,sorafenib
Data18_GSM5344622_C17d0,1,sorafenib
Data18_GSM5344622_C17d1,1,sorafenib
Data18_GSM5344622_C17d3,1,sorafenib
Data18_GSM5344622_C17d5,1,sorafenib
Data18_GSM5344622_C17d6,1,sorafenib
Data18_GSM5344622_C17d7,1,sorafenib
Data18_GSM5344622_C17d8,1,sorafenib
Data18_GSM5344622_C17de,1,sorafenib
Data18_GSM5344622_C17e0,1,sorafenib
Data18_GSM5344622_C17e1,1,sorafenib
Data18_GSM5344622_C17e4,1,sorafenib
Data18_GSM5344622_C17e6,1,sorafenib
Data18_GSM5344622_C17e8,1,sorafenib
Data18_GSM5344622_C17ec,1,sorafenib
Data18_GSM5344622_C17ef,1,sorafenib
Data18_GSM5344622_C17f2,1,sorafenib
Data18_GSM5344622_C17f3,1,sorafenib
Data18_GSM5344622_C17f7,1,sorafenib
Data18_GSM5344622_C1800,1,sorafenib
Data18_GSM5344622_C1801,1,sorafenib
Data18_GSM5344622_C1803,1,sorafenib
Data18_GSM5344622_C1805,1,sorafenib
Data18_GSM5344622_C1806,1,sorafenib
Data18_GSM5344622_C1809,1,sorafenib
Data18_GSM5344622_C180b,1,sorafenib
Data18_GSM5344622_C1811,1,sorafenib
Data18_GSM5344622_C1812,1,sorafenib
Data18_GSM5344622_C1814,1,sorafenib
Data18_GSM5344622_C1815,1,sorafenib
Data18_GSM5344622_C1817,1,sorafenib
Data18_GSM5344622_C1818,1,sorafenib
Data18_GSM5344622_C181b,1,sorafenib
Data18_GSM5344622_C181d,1,sorafenib
Data18_GSM5344622_C1822,1,sorafenib
Data18_GSM5344622_C1823,1,sorafenib
Data18_GSM5344622_C1824,1,sorafenib
Data18_GSM5344622_C1825,1,sorafenib
Data18_GSM5344622_C1828,1,sorafenib
Data18_GSM5344622_C1829,1,sorafenib
Data18_GSM5344622_C182c,1,sorafenib
Data18_GSM5344622_C182e,1,sorafenib
Data18_GSM5344622_C1830,1,sorafenib
Data18_GSM5344622_C1831,1,sorafenib
Data18_GSM5344622_C1837,1,sorafenib
Data18_GSM5344622_C1838,1,sorafenib
Data18_GSM5344622_C1839,1,sorafenib
Data18_GSM5344622_C183a,1,sorafenib
Data18_GSM5344622_C183c,1,sorafenib
Data18_GSM5344622_C183d,1,sorafenib
Data18_GSM5344622_C183e,1,sorafenib
Data18_GSM5344622_C1842,1,sorafenib
Data18_GSM5344622_C1844,1,sorafenib
Data18_GSM5344622_C1849,1,sorafenib
Data18_GSM5344622_C184a,1,sorafenib
Data18_GSM5344622_C184b,1,sorafenib
Data18_GSM5344622_C184c,1,sorafenib
Data18_GSM5344622_C184e,1,sorafenib
Data18_GSM5344622_C184f,1,sorafenib
Data18_GSM5344622_C1850,1,sorafenib
Data18_GSM5344622_C1851,1,sorafenib
Data18_GSM5344622_C1852,1,sorafenib
Data18_GSM5344622_C1855,1,sorafenib
Data18_GSM5344622_C1856,1,sorafenib
Data18_GSM5344622_C185d,1,sorafenib
Data18_GSM5344622_C185e,1,sorafenib
Data18_GSM5344622_C185f,1,sorafenib
Data18_GSM5344622_C1860,1,sorafenib
Data18_GSM5344622_C1861,1,sorafenib
Data18_GSM5344622_C1865,1,sorafenib
Data18_GSM5344622_C1866,1,sorafenib
Data18_GSM5344622_C1867,1,sorafenib
Data18_GSM5344622_C1868,1,sorafenib
Data18_GSM5344622_C186a,1,sorafenib
Data18_GSM5344622_C186b,1,sorafenib
Data18_GSM5344622_C186d,1,sorafenib
Data18_GSM5344622_C186e,1,sorafenib
Data18_GSM5344622_C186f,1,sorafenib
Data18_GSM5344622_C1870,1,sorafenib
Data18_GSM5344622_C1872,1,sorafenib
Data18_GSM5344622_C1878,1,sorafenib
Data18_GSM5344622_C187a,1,sorafenib
Data18_GSM5344622_C187c,1,sorafenib
Data18_GSM5344622_C187d,1,sorafenib
Data18_GSM5344622_C187f,1,sorafenib
Data18_GSM5344622_C1881,1,sorafenib
Data18_GSM5344622_C1882,1,sorafenib
Data18_GSM5344622_C1883,1,sorafenib
Data18_GSM5344622_C1887,1,sorafenib
Data18_GSM5344622_C1888,1,sorafenib
Data18_GSM5344622_C1889,1,sorafenib
Data18_GSM5344622_C188a,1,sorafenib
Data18_GSM5344622_C188e,1,sorafenib
Data18_GSM5344622_C188f,1,sorafenib
Data18_GSM5344622_C1892,1,sorafenib
Data18_GSM5344622_C1896,1,sorafenib
Data18_GSM5344622_C1897,1,sorafenib
Data18_GSM5344622_C1898,1,sorafenib
Data18_GSM5344622_C1899,1,sorafenib
Data18_GSM5344622_C189a,1,sorafenib
Data18_GSM5344622_C189b,1,sorafenib
Data18_GSM5344622_C189c,1,sorafenib
Data18_GSM5344622_C189e,1,sorafenib
Data18_GSM5344622_C18a0,1,sorafenib
