cell,label,drug
Data10_GSM5664353_AAAACACAAGTT,1,gemcitabine
Data10_GSM5664353_AAAACCTGCCTG,1,gemcitabine
Data10_GSM5664353_AAAAGGCTAATC,1,gemcitabine
Data10_GSM5664353_AAAAGTGGTGCC,1,gemcitabine
Data10_GSM5664353_AAAAGTTAACTC,1,gemcitabine
Data10_GSM5664353_AAAATGAGCGGG,1,gemcitabine
Data10_GSM5664353_AAACAATTGCAA,1,gemcitabine
Data10_GSM5664353_AAACATCTGTTG,1,gemcitabine
Data10_GSM5664353_AAACCACAGAAA,1,gemcitabine
Data10_GSM5664353_AAACCTTACCCT,1,gemcitabine
Data10_GSM5664353_AAACGGCGCTGA,1,gemcitabine
Data10_GSM5664353_AAAGACGATGTA,1,gemcitabine
Data10_GSM5664353_AAAGTAGCCGAG,1,gemcitabine
Data10_GSM5664353_AAAGTTTCCGCT,1,gemcitabine
Data10_GSM5664353_AAATAACATAAG,1,gemcitabine
Data10_GSM5664353_AACAAAAGTTTC,1,gemcitabine
Data10_GSM5664353_AACAGATATGAG,1,gemcitabine
Data10_GSM5664353_AACAGCCGATTT,1,gemcitabine
Data10_GSM5664353_AACAGGGTGGCA,1,gemcitabine
Data10_GSM5664353_AACATCCACCGA,1,gemcitabine
Data10_GSM5664353_AACATCTCGTTA,1,gemcitabine
Data10_GSM5664353_AACCAAGCGGAT,1,gemcitabine
Data10_GSM5664353_AACCAGGAGACG,1,gemcitabine
Data10_GSM5664353_AACCGGTTTATC,1,gemcitabine
Data10_GSM5664353_AACCTGCCTCTA,1,gemcitabine
Data10_GSM5664353_AACGATGCAGAA,1,gemcitabine
Data10_GSM5664353_AACGGATCATCG,1,gemcitabine
Data10_GSM5664353_AACTATCGTGGC,1,gemcitabine
Data10_GSM5664353_AACTCAGGAAAG,1,gemcitabine
Data10_GSM5664353_AACTCGTCCAAT,1,gemcitabine
Data10_GSM5664353_AAGAGCATAAAG,1,gemcitabine
Data10_GSM5664353_AAGAGCTTATCT,1,gemcitabine
Data10_GSM5664353_AAGATCTTCATT,1,gemcitabine
Data10_GSM5664353_AAGATTGTGAAT,1,gemcitabine
Data10_GSM5664353_AAGATTTGGAAC,1,gemcitabine
Data10_GSM5664353_AAGCCAGTGTAT,1,gemcitabine
Data10_GSM5664353_AAGCCGGTCCCA,1,gemcitabine
Data10_GSM5664353_AAGCGACGCGCT,1,gemcitabine
Data10_GSM5664353_AAGCGAGGTATG,1,gemcitabine
Data10_GSM5664353_AAGCGTGTATGC,1,gemcitabine
Data10_GSM5664353_AAGCTAATACCG,1,gemcitabine
Data10_GSM5664353_AAGGACAGCTCA,1,gemcitabine
Data10_GSM5664353_AAGGTAGGCTGT,1,gemcitabine
Data10_GSM5664353_AAGGTTTAATAT,1,gemcitabine
Data10_GSM5664353_AAGTAAGTTCGT,1,gemcitabine
Data10_GSM5664353_AAGTATTGACCG,1,gemcitabine
Data10_GSM5664353_AAGTCAGCGCAA,1,gemcitabine
Data10_GSM5664353_AAGTGGTTCTAT,1,gemcitabine
Data10_GSM5664353_AATACGGGAACC,1,gemcitabine
Data10_GSM5664353_AATAGCGTTAGC,1,gemcitabine
Data10_GSM5664353_AATATAACGGCC,1,gemcitabine
Data10_GSM5664353_AATATTGGTCAG,1,gemcitabine
Data10_GSM5664353_AATCGAGAGTAG,1,gemcitabine
Data10_GSM5664353_AATCGCGCACTA,1,gemcitabine
Data10_GSM5664353_AATCTGCCTCTC,1,gemcitabine
Data10_GSM5664353_AATGGATCGGTT,1,gemcitabine
Data10_GSM5664353_AATTAGCCTCGT,1,gemcitabine
Data10_GSM5664353_ACAAGCCTAGTA,1,gemcitabine
Data10_GSM5664353_ACAATAATGTGC,1,gemcitabine
Data10_GSM5664353_ACACCAAGGAAC,1,gemcitabine
Data10_GSM5664353_ACAGAGATACCG,1,gemcitabine
Data10_GSM5664353_ACAGCCTTCGCG,1,gemcitabine
Data10_GSM5664353_ACAGCGTATACC,1,gemcitabine
Data10_GSM5664353_ACAGGAGTCTCA,1,gemcitabine
Data10_GSM5664353_ACAGGTTGTACC,1,gemcitabine
Data10_GSM5664353_ACAGTCAAGAAA,1,gemcitabine
Data10_GSM5664353_ACAGTCTTCAGC,1,gemcitabine
Data10_GSM5664353_ACATCGCAGATC,1,gemcitabine
Data10_GSM5664353_ACATTCACGGAC,1,gemcitabine
Data10_GSM5664353_ACCAACACCCCT,1,gemcitabine
Data10_GSM5664353_ACCAAGATTTGA,1,gemcitabine
Data10_GSM5664353_ACCACCTTAACT,1,gemcitabine
Data10_GSM5664353_ACCACGGTCGAC,1,gemcitabine
Data10_GSM5664353_ACCAGCCGTACT,1,gemcitabine
Data10_GSM5664353_ACCATGCAGAGT,1,gemcitabine
Data10_GSM5664353_ACCATGGACGCC,1,gemcitabine
Data10_GSM5664353_ACCCCACATACG,1,gemcitabine
Data10_GSM5664353_ACCCGGTCAGAT,1,gemcitabine
Data10_GSM5664353_ACCCTGCCGTGT,1,gemcitabine
Data10_GSM5664353_ACCGAAAACTCC,1,gemcitabine
Data10_GSM5664353_ACCGAGACATCT,1,gemcitabine
Data10_GSM5664353_ACCGCAATAACC,1,gemcitabine
Data10_GSM5664353_ACCGGCTCGTGT,1,gemcitabine
Data10_GSM5664353_ACCTAGTATGGA,1,gemcitabine
Data10_GSM5664353_ACCTCTAGAGTA,1,gemcitabine
Data10_GSM5664353_ACGAACGTTAAA,1,gemcitabine
Data10_GSM5664353_ACGAGGTGAAGA,1,gemcitabine
Data10_GSM5664353_ACGATAGCGAGT,1,gemcitabine
Data10_GSM5664353_ACGCAACTGACG,1,gemcitabine
Data10_GSM5664353_ACGCGAATGGGT,1,gemcitabine
Data10_GSM5664353_ACGGCGGAAACC,1,gemcitabine
Data10_GSM5664353_ACGGGCGGCTTA,1,gemcitabine
Data10_GSM5664353_ACGGGTCCTCTC,1,gemcitabine
Data10_GSM5664353_ACGGTGGCACCA,1,gemcitabine
Data10_GSM5664353_ACGTAGGCTGAT,1,gemcitabine
Data10_GSM5664353_ACGTCGAGAAAG,1,gemcitabine
Data10_GSM5664353_ACGTGAAAGTGC,1,gemcitabine
Data10_GSM5664353_ACGTTGACTGAA,1,gemcitabine
Data10_GSM5664353_ACGTTGGCCCGC,1,gemcitabine
Data10_GSM5664353_ACTAACTGGTCG,1,gemcitabine
Data10_GSM5664353_ACTACAAACAGG,1,gemcitabine
Data10_GSM5664353_ACTACAGGACAC,1,gemcitabine
Data10_GSM5664353_ACTACTAAATGT,1,gemcitabine
Data10_GSM5664353_ACTCAATTGAAA,1,gemcitabine
Data10_GSM5664353_ACTCCAGCTCCG,1,gemcitabine
Data10_GSM5664353_ACTCCGTATATG,1,gemcitabine
Data10_GSM5664353_ACTGACTAGATG,1,gemcitabine
Data10_GSM5664353_ACTGCCATCACG,1,gemcitabine
Data10_GSM5664353_ACTGCCGTTCTC,1,gemcitabine
Data10_GSM5664353_ACTGCGCACTCG,1,gemcitabine
Data10_GSM5664353_ACTGCTCTGGGA,1,gemcitabine
Data10_GSM5664353_ACTTATGTTCCG,1,gemcitabine
Data10_GSM5664353_ACTTCTTTAACC,1,gemcitabine
Data10_GSM5664353_ACTTGATAGACA,1,gemcitabine
Data10_GSM5664353_ACTTTGTCCTTA,1,gemcitabine
Data10_GSM5664353_AGAAACTACCCA,1,gemcitabine
Data10_GSM5664353_AGAATACTGCGA,1,gemcitabine
Data10_GSM5664353_AGACTAGCGCGG,1,gemcitabine
Data10_GSM5664353_AGACTTGAAAGC,1,gemcitabine
Data10_GSM5664353_AGAGAGATTATG,1,gemcitabine
Data10_GSM5664353_AGAGGCACTCCA,1,gemcitabine
Data10_GSM5664353_AGAGTGTCAGTA,1,gemcitabine
Data10_GSM5664353_AGCACCGTATCC,1,gemcitabine
Data10_GSM5664353_AGCACGTTGCCG,1,gemcitabine
Data10_GSM5664353_AGCCCGACTTTT,1,gemcitabine
Data10_GSM5664353_AGCGCTAGTTTG,1,gemcitabine
Data10_GSM5664353_AGCTTCGCAGCG,1,gemcitabine
Data10_GSM5664353_AGGAAACTGAAT,1,gemcitabine
Data10_GSM5664353_AGGCAATCAATA,1,gemcitabine
Data10_GSM5664353_AGGCATTCGCAC,1,gemcitabine
Data10_GSM5664353_AGGCCCTCAGGA,1,gemcitabine
Data10_GSM5664353_AGGCTCCGGGTA,1,gemcitabine
Data10_GSM5664353_AGGGCAGGTGCT,1,gemcitabine
Data10_GSM5664353_AGGTAAGCGGAC,1,gemcitabine
Data10_GSM5664353_AGGTTTCCTCTA,1,gemcitabine
Data10_GSM5664353_AGTATTACAACT,1,gemcitabine
Data10_GSM5664353_AGTCCGGCTCCA,1,gemcitabine
Data10_GSM5664353_AGTCGGGACCGG,1,gemcitabine
Data10_GSM5664353_AGTCTCAGTAAG,1,gemcitabine
Data10_GSM5664353_AGTGAAGCAGCG,1,gemcitabine
Data10_GSM5664353_AGTGCATAGCGG,1,gemcitabine
Data10_GSM5664353_AGTTAAGCAGGG,1,gemcitabine
Data10_GSM5664353_AGTTGCTAAGTG,1,gemcitabine
Data10_GSM5664353_ATACCTTCCTAA,1,gemcitabine
Data10_GSM5664353_ATAGGCGTATGG,1,gemcitabine
Data10_GSM5664353_ATCAAGAACCAA,1,gemcitabine
Data10_GSM5664353_ATCACGATCCAC,1,gemcitabine
Data10_GSM5664353_ATCCAGTGTAAT,1,gemcitabine
Data10_GSM5664353_ATCCCATGGAAT,1,gemcitabine
Data10_GSM5664353_ATCCGTGATTGC,1,gemcitabine
Data10_GSM5664353_ATCGACACCTGT,1,gemcitabine
Data10_GSM5664353_ATCGATATGGGA,1,gemcitabine
Data10_GSM5664353_ATCGGGACTACC,1,gemcitabine
Data10_GSM5664353_ATCGTTCTACGA,1,gemcitabine
Data10_GSM5664353_ATCGTTCTACGC,1,gemcitabine
Data10_GSM5664353_ATCGTTCTACGG,1,gemcitabine
Data10_GSM5664353_ATCGTTCTACGT,1,gemcitabine
Data10_GSM5664353_ATCGTTTACAAC,1,gemcitabine
Data10_GSM5664353_ATGAGAGAGTTG,1,gemcitabine
Data10_GSM5664353_ATGGAGACTTCA,1,gemcitabine
Data10_GSM5664353_ATGGGGCTTGGG,1,gemcitabine
Data10_GSM5664353_ATGGTATCTGAT,1,gemcitabine
Data10_GSM5664353_ATGGTTCACGCT,1,gemcitabine
Data10_GSM5664353_ATGTAGCAGTAC,1,gemcitabine
Data10_GSM5664353_ATGTCAAATAAA,1,gemcitabine
Data10_GSM5664353_ATTAACGGGGCG,1,gemcitabine
Data10_GSM5664353_ATTATTACTGCG,1,gemcitabine
Data10_GSM5664353_ATTCGCTCTCTG,1,gemcitabine
Data10_GSM5664353_ATTGACGTATTA,1,gemcitabine
Data10_GSM5664353_ATTGATGCCGAG,1,gemcitabine
Data10_GSM5664353_ATTGCAAAAATA,1,gemcitabine
Data10_GSM5664353_ATTGCGGATCAA,1,gemcitabine
Data10_GSM5664353_ATTGGAGTGGGG,1,gemcitabine
Data10_GSM5664353_ATTGTAGGCCTC,1,gemcitabine
Data10_GSM5664353_ATTGTGATAAGC,1,gemcitabine
Data10_GSM5664353_ATTTATCACGGT,1,gemcitabine
Data10_GSM5664353_ATTTATGTCTTA,1,gemcitabine
Data10_GSM5664353_CAAACGAAATGC,1,gemcitabine
Data10_GSM5664353_CAACAGATTTGT,1,gemcitabine
Data10_GSM5664353_CAACTTACCGTC,1,gemcitabine
Data10_GSM5664353_CAAGAACAGCAA,1,gemcitabine
Data10_GSM5664353_CAAGAGCCACTG,1,gemcitabine
Data10_GSM5664353_CAATCATAGGGC,1,gemcitabine
Data10_GSM5664353_CAATCTCAAAAT,1,gemcitabine
Data10_GSM5664353_CACAATCGCGTC,1,gemcitabine
Data10_GSM5664353_CACAGATGGGAC,1,gemcitabine
Data10_GSM5664353_CACCCAGTGAGA,1,gemcitabine
Data10_GSM5664353_CACCGCATCACC,1,gemcitabine
Data10_GSM5664353_CACCGCCTATAA,1,gemcitabine
Data10_GSM5664353_CACCGGACCGAA,1,gemcitabine
Data10_GSM5664353_CACCGGACCGAC,1,gemcitabine
Data10_GSM5664353_CACCGGACCGAG,1,gemcitabine
Data10_GSM5664353_CACCGTAACATT,1,gemcitabine
Data10_GSM5664353_CACCGTTAACTA,1,gemcitabine
Data10_GSM5664353_CACCTAGTAAAT,1,gemcitabine
Data10_GSM5664353_CACCTCGTGGAA,1,gemcitabine
Data10_GSM5664353_CACGAAAGGTCC,1,gemcitabine
Data10_GSM5664353_CACGGAATTAAG,1,gemcitabine
Data10_GSM5664353_CACGGCGAAGCG,1,gemcitabine
Data10_GSM5664353_CACGGGGCTCTC,1,gemcitabine
Data10_GSM5664353_CACGGGGCTCTG,1,gemcitabine
Data10_GSM5664353_CACGGGGCTCTT,1,gemcitabine
Data10_GSM5664353_CACGGTAGTAAG,1,gemcitabine
Data10_GSM5664353_CACTATGCGAAC,1,gemcitabine
Data10_GSM5664353_CACTATGCTGTG,1,gemcitabine
Data10_GSM5664353_CAGAAGCGGCCA,1,gemcitabine
Data10_GSM5664353_CAGATCATGTGC,1,gemcitabine
Data10_GSM5664353_CAGCAGGGGCTG,1,gemcitabine
Data10_GSM5664353_CAGCCAATCATC,1,gemcitabine
Data10_GSM5664353_CAGCGGCTTGTA,1,gemcitabine
Data10_GSM5664353_CAGCGTGTAACG,1,gemcitabine
Data10_GSM5664353_CAGGAAATGCGT,1,gemcitabine
Data10_GSM5664353_CAGGATTCATTT,1,gemcitabine
Data10_GSM5664353_CAGGGAAGAGGA,1,gemcitabine
Data10_GSM5664353_CAGGGAGCAACA,1,gemcitabine
Data10_GSM5664353_CAGTAAGCCATC,1,gemcitabine
Data10_GSM5664353_CATACACGGTGC,1,gemcitabine
Data10_GSM5664353_CATAGAGACTTC,1,gemcitabine
Data10_GSM5664353_CATAGAGGCACA,1,gemcitabine
Data10_GSM5664353_CATCAGACGCCG,1,gemcitabine
Data10_GSM5664353_CATCATGCTCCA,1,gemcitabine
Data10_GSM5664353_CATCGCCTGTCT,1,gemcitabine
Data10_GSM5664353_CATCTATGCTTA,1,gemcitabine
Data10_GSM5664353_CATGGATATGCA,1,gemcitabine
Data10_GSM5664353_CATTACCAACTA,1,gemcitabine
Data10_GSM5664353_CCAACACCGCGA,1,gemcitabine
Data10_GSM5664353_CCACATCCACCA,1,gemcitabine
Data10_GSM5664353_CCACCCCTTAAC,1,gemcitabine
Data10_GSM5664353_CCACCGCTCCCT,1,gemcitabine
Data10_GSM5664353_CCAGAATCAGAA,1,gemcitabine
Data10_GSM5664353_CCAGGAGCTCAA,1,gemcitabine
Data10_GSM5664353_CCAGTGACACAA,1,gemcitabine
Data10_GSM5664353_CCATCGGAACCC,1,gemcitabine
Data10_GSM5664353_CCATGGAAACCG,1,gemcitabine
Data10_GSM5664353_CCCAAGAACCGA,1,gemcitabine
Data10_GSM5664353_CCCAAGGGGGCA,1,gemcitabine
Data10_GSM5664353_CCCACGCTATGC,1,gemcitabine
Data10_GSM5664353_CCCAGAATGCAC,1,gemcitabine
Data10_GSM5664353_CCCCCGACAACC,1,gemcitabine
Data10_GSM5664353_CCCCTAGGCCGT,1,gemcitabine
Data10_GSM5664353_CCCCTGAGAGGC,1,gemcitabine
Data10_GSM5664353_CCCCTGAGCTTC,1,gemcitabine
Data10_GSM5664353_CCCCTTCCTGGA,1,gemcitabine
Data10_GSM5664353_CCCGAAAGGCTG,1,gemcitabine
Data10_GSM5664353_CCCTAGCAAATG,1,gemcitabine
Data10_GSM5664353_CCCTCCAGTGCG,1,gemcitabine
Data10_GSM5664353_CCCTGTCCTATA,1,gemcitabine
Data10_GSM5664353_CCGAATTTTCAA,1,gemcitabine
Data10_GSM5664353_CCGACGTTACCT,1,gemcitabine
Data10_GSM5664353_CCGACTGCATAC,1,gemcitabine
Data10_GSM5664353_CCGAGCATATGT,1,gemcitabine
Data10_GSM5664353_CCGATCGTCCAG,1,gemcitabine
Data10_GSM5664353_CCGATTGCACCA,1,gemcitabine
Data10_GSM5664353_CCGCACTGCTTT,1,gemcitabine
Data10_GSM5664353_CCGCCGATACGC,1,gemcitabine
Data10_GSM5664353_CCGCCGGATATG,1,gemcitabine
Data10_GSM5664353_CCGCCTCCAATT,1,gemcitabine
Data10_GSM5664353_CCGCGGCATCAT,1,gemcitabine
Data10_GSM5664353_CCGCTCCAAGAC,1,gemcitabine
Data10_GSM5664353_CCGGAAGTCCCT,1,gemcitabine
Data10_GSM5664353_CCGGTCAGGGTC,1,gemcitabine
Data10_GSM5664353_CCGGTGAGCAAG,1,gemcitabine
Data10_GSM5664353_CCTAATAGGCAT,1,gemcitabine
Data10_GSM5664353_CCTACGACTTAA,1,gemcitabine
Data10_GSM5664353_CCTACGACTTAC,1,gemcitabine
Data10_GSM5664353_CCTACGACTTAG,1,gemcitabine
Data10_GSM5664353_CCTCAGAGATCT,1,gemcitabine
Data10_GSM5664353_CCTCCATAGTCC,1,gemcitabine
Data10_GSM5664353_CCTCGGATAAAG,1,gemcitabine
Data10_GSM5664353_CCTCTCAGGTAT,1,gemcitabine
Data10_GSM5664353_CCTGAGAAACCT,1,gemcitabine
Data10_GSM5664353_CCTGATGGAGGT,1,gemcitabine
Data10_GSM5664353_CCTGCCGCCGGT,1,gemcitabine
Data10_GSM5664353_CCTGGTGAGGAA,1,gemcitabine
Data10_GSM5664353_CCTGTTAGAATA,1,gemcitabine
Data10_GSM5664353_CCTGTTTACGAC,1,gemcitabine
Data10_GSM5664353_CCTTCCGTTCCG,1,gemcitabine
Data10_GSM5664353_CGAACTTACCAA,1,gemcitabine
Data10_GSM5664353_CGAACTTGGCGT,1,gemcitabine
Data10_GSM5664353_CGAAGAGTACAG,1,gemcitabine
Data10_GSM5664353_CGAAGGGTGAGA,1,gemcitabine
Data10_GSM5664353_CGAATAGACTTA,1,gemcitabine
Data10_GSM5664353_CGAATTCTGTAA,1,gemcitabine
Data10_GSM5664353_CGACACTACCGA,1,gemcitabine
Data10_GSM5664353_CGACCCCCACAT,1,gemcitabine
Data10_GSM5664353_CGAGACCATAAC,1,gemcitabine
Data10_GSM5664353_CGAGCAGATACC,1,gemcitabine
Data10_GSM5664353_CGAGCCACTGGA,1,gemcitabine
Data10_GSM5664353_CGATATTCAGCT,1,gemcitabine
Data10_GSM5664353_CGATCCTACCTA,1,gemcitabine
Data10_GSM5664353_CGATCGAGCTGG,1,gemcitabine
Data10_GSM5664353_CGATCTTTCTTG,1,gemcitabine
Data10_GSM5664353_CGATGCGAGTAT,1,gemcitabine
Data10_GSM5664353_CGATTAGGACAT,1,gemcitabine
Data10_GSM5664353_CGATTCTCCGGA,1,gemcitabine
Data10_GSM5664353_CGATTGGGCCAC,1,gemcitabine
Data10_GSM5664353_CGCAAGCGCTAA,1,gemcitabine
Data10_GSM5664353_CGCAGAATAGTC,1,gemcitabine
Data10_GSM5664353_CGCAGGCATGGC,1,gemcitabine
Data10_GSM5664353_CGCATTACGACA,1,gemcitabine
Data10_GSM5664353_CGCCAAGGGCCC,1,gemcitabine
Data10_GSM5664353_CGCCACCTTTGT,1,gemcitabine
Data10_GSM5664353_CGCCCCATTGGT,1,gemcitabine
Data10_GSM5664353_CGCCGATGCTCC,1,gemcitabine
Data10_GSM5664353_CGCCTGTTTCTG,1,gemcitabine
Data10_GSM5664353_CGCGCCACCACG,1,gemcitabine
Data10_GSM5664353_CGCGGGGTCTGC,1,gemcitabine
Data10_GSM5664353_CGCGTAATCGTA,1,gemcitabine
Data10_GSM5664353_CGCGTGACAGTG,1,gemcitabine
Data10_GSM5664353_CGCTACTTTAGA,1,gemcitabine
Data10_GSM5664353_CGCTAGAGCTAT,1,gemcitabine
Data10_GSM5664353_CGCTCTCGGCGT,1,gemcitabine
Data10_GSM5664353_CGGAGCTTTCAC,1,gemcitabine
Data10_GSM5664353_CGGATGAGCCTG,1,gemcitabine
Data10_GSM5664353_CGGATTTACAGG,1,gemcitabine
Data10_GSM5664353_CGGCACTACTGC,1,gemcitabine
Data10_GSM5664353_CGGCCAGGTCGC,1,gemcitabine
Data10_GSM5664353_CGGCCGAGAGCA,1,gemcitabine
Data10_GSM5664353_CGGCCGATCTGG,1,gemcitabine
Data10_GSM5664353_CGGCGACGTGCG,1,gemcitabine
Data10_GSM5664353_CGGCTAGTATGG,1,gemcitabine
Data10_GSM5664353_CGGCTTCGTGTA,1,gemcitabine
Data10_GSM5664353_CGGCTTTGAGTC,1,gemcitabine
Data10_GSM5664353_CGGGAGACCCTG,1,gemcitabine
Data10_GSM5664353_CGGGCTTGCGCG,1,gemcitabine
Data10_GSM5664353_CGGGGGGATGGC,1,gemcitabine
Data10_GSM5664353_CGGGTTTACCGT,1,gemcitabine
Data10_GSM5664353_CGGTCTAGCCGA,1,gemcitabine
Data10_GSM5664353_CGGTGGTGCGGA,1,gemcitabine
Data10_GSM5664353_CGGTTGTAAAAT,1,gemcitabine
Data10_GSM5664353_CGGTTTTGCCCT,1,gemcitabine
Data10_GSM5664353_CGTAAGTGTGGG,1,gemcitabine
Data10_GSM5664353_CGTACACACCGA,1,gemcitabine
Data10_GSM5664353_CGTACATATCAC,1,gemcitabine
Data10_GSM5664353_CGTACCCAATCG,1,gemcitabine
Data10_GSM5664353_CGTACCGTTCCC,1,gemcitabine
Data10_GSM5664353_CGTCATGTGACC,1,gemcitabine
Data10_GSM5664353_CGTCCCTGGGGC,1,gemcitabine
Data10_GSM5664353_CGTCGTGAAGAA,1,gemcitabine
Data10_GSM5664353_CGTGAGGCATCT,1,gemcitabine
Data10_GSM5664353_CGTGAGGTTGCA,1,gemcitabine
Data10_GSM5664353_CGTGCTACGTTG,1,gemcitabine
Data10_GSM5664353_CGTTAAATGGTT,1,gemcitabine
Data10_GSM5664353_CGTTGTCTTGCA,1,gemcitabine
Data10_GSM5664353_CGTTTATGTTTA,1,gemcitabine
Data10_GSM5664353_CGTTTGCAAGGG,1,gemcitabine
Data10_GSM5664353_CTAACTTAGTAA,1,gemcitabine
Data10_GSM5664353_CTACACTTCTAA,1,gemcitabine
Data10_GSM5664353_CTACCCGCCGTT,1,gemcitabine
Data10_GSM5664353_CTACGAGATCGA,1,gemcitabine
Data10_GSM5664353_CTACGGGGTACT,1,gemcitabine
Data10_GSM5664353_CTACGTATGACC,1,gemcitabine
Data10_GSM5664353_CTACTTTCCCGT,1,gemcitabine
Data10_GSM5664353_CTAGAGAAACAT,1,gemcitabine
Data10_GSM5664353_CTAGGGATGCGG,1,gemcitabine
Data10_GSM5664353_CTATCAACGACC,1,gemcitabine
Data10_GSM5664353_CTATCAACGCCC,1,gemcitabine
Data10_GSM5664353_CTCACCCGGCCT,1,gemcitabine
Data10_GSM5664353_CTCAGAACTTCG,1,gemcitabine
Data10_GSM5664353_CTCCGGGGACTT,1,gemcitabine
Data10_GSM5664353_CTCCGTCCAGCA,1,gemcitabine
Data10_GSM5664353_CTCCGTGTTGTT,1,gemcitabine
Data10_GSM5664353_CTCCTATAAGGC,1,gemcitabine
Data10_GSM5664353_CTCCTGCAAGAT,1,gemcitabine
Data10_GSM5664353_CTCGAGCGATAG,1,gemcitabine
Data10_GSM5664353_CTCGTAGTATAC,1,gemcitabine
Data10_GSM5664353_CTCGTATGACTA,1,gemcitabine
Data10_GSM5664353_CTCTAACGAACA,1,gemcitabine
Data10_GSM5664353_CTCTAGTTATTC,1,gemcitabine
Data10_GSM5664353_CTCTGTCACCGA,1,gemcitabine
Data10_GSM5664353_CTGACAACACGA,1,gemcitabine
Data10_GSM5664353_CTGAGCCCTCAC,1,gemcitabine
Data10_GSM5664353_CTGCAGACCCAT,1,gemcitabine
Data10_GSM5664353_CTGGGTACGAAG,1,gemcitabine
Data10_GSM5664353_CTGGTTTCGTCT,1,gemcitabine
Data10_GSM5664353_CTGTCTTTATCA,1,gemcitabine
Data10_GSM5664353_CTTCAATCAACC,1,gemcitabine
Data10_GSM5664353_CTTCCCAGATCG,1,gemcitabine
Data10_GSM5664353_CTTCGTACATCA,1,gemcitabine
Data10_GSM5664353_CTTTTTAAAAAC,1,gemcitabine
Data10_GSM5664353_GAAACTAAGTCG,1,gemcitabine
Data10_GSM5664353_GAACATATAGTG,1,gemcitabine
Data10_GSM5664353_GAACGAAGTGCC,1,gemcitabine
Data10_GSM5664353_GAACTGCGAGCA,1,gemcitabine
Data10_GSM5664353_GAAGGGCGACAA,1,gemcitabine
Data10_GSM5664353_GAAGTCTCGGAG,1,gemcitabine
Data10_GSM5664353_GAAGTTAACTTA,1,gemcitabine
Data10_GSM5664353_GAATACGGTTAG,1,gemcitabine
Data10_GSM5664353_GAATATGGGAAG,1,gemcitabine
Data10_GSM5664353_GAATTCTAAGCG,1,gemcitabine
Data10_GSM5664353_GACACGTAGAGC,1,gemcitabine
Data10_GSM5664353_GACAGAGTAACG,1,gemcitabine
Data10_GSM5664353_GACATGTGTCTA,1,gemcitabine
Data10_GSM5664353_GACCAAGGGGCT,1,gemcitabine
Data10_GSM5664353_GACCAGGACCAC,1,gemcitabine
Data10_GSM5664353_GACCCTAGCTAA,1,gemcitabine
Data10_GSM5664353_GACCCTTATGGT,1,gemcitabine
Data10_GSM5664353_GACCGCGAATGG,1,gemcitabine
Data10_GSM5664353_GACTGCGACGAC,1,gemcitabine
Data10_GSM5664353_GACTTACGCCTA,1,gemcitabine
Data10_GSM5664353_GACTTGACGAGG,1,gemcitabine
Data10_GSM5664353_GAGAGGTCGATT,1,gemcitabine
Data10_GSM5664353_GAGCGGGCCGGT,1,gemcitabine
Data10_GSM5664353_GAGGGCATAGTT,1,gemcitabine
Data10_GSM5664353_GAGGTGGCTATT,1,gemcitabine
Data10_GSM5664353_GAGTGCAGTTGA,1,gemcitabine
Data10_GSM5664353_GAGTTTGGGGAC,1,gemcitabine
Data10_GSM5664353_GATACAGGATTA,1,gemcitabine
Data10_GSM5664353_GATACTTAAGCT,1,gemcitabine
Data10_GSM5664353_GATAGGACTATC,1,gemcitabine
Data10_GSM5664353_GATATTACAAAA,1,gemcitabine
Data10_GSM5664353_GATCCTATTCGT,1,gemcitabine
Data10_GSM5664353_GATCGCGTACGA,1,gemcitabine
Data10_GSM5664353_GATCGTTCGAGT,1,gemcitabine
Data10_GSM5664353_GATCTTCTATTG,1,gemcitabine
Data10_GSM5664353_GATGGATCAAGT,1,gemcitabine
Data10_GSM5664353_GATGTTCGGTTA,1,gemcitabine
Data10_GSM5664353_GATTAAGAGACC,1,gemcitabine
Data10_GSM5664353_GATTAGGGCAAC,1,gemcitabine
Data10_GSM5664353_GATTCGGGCCTG,1,gemcitabine
Data10_GSM5664353_GATTGACGCGCA,1,gemcitabine
Data10_GSM5664353_GATTTCTACCCG,1,gemcitabine
Data10_GSM5664353_GATTTTGGAGCA,1,gemcitabine
Data10_GSM5664353_GCACACGCCGGT,1,gemcitabine
Data10_GSM5664353_GCACCGAGGCCG,1,gemcitabine
Data10_GSM5664353_GCAGTTTACCAA,1,gemcitabine
Data10_GSM5664353_GCATAATCTGAC,1,gemcitabine
Data10_GSM5664353_GCATCCCGCTAT,1,gemcitabine
Data10_GSM5664353_GCATGGAAATAG,1,gemcitabine
Data10_GSM5664353_GCATGTGGCTCC,1,gemcitabine
Data10_GSM5664353_GCATTTGCATCC,1,gemcitabine
Data10_GSM5664353_GCCAAACTCTGG,1,gemcitabine
Data10_GSM5664353_GCCCCATTCACC,1,gemcitabine
Data10_GSM5664353_GCCGCACGGCTC,1,gemcitabine
Data10_GSM5664353_GCCGCAGAGTCG,1,gemcitabine
Data10_GSM5664353_GCCGCTTACCTC,1,gemcitabine
Data10_GSM5664353_GCCGTGGTAACT,1,gemcitabine
Data10_GSM5664353_GCCTCAGTTAAA,1,gemcitabine
Data10_GSM5664353_GCGACGCCCCCC,1,gemcitabine
Data10_GSM5664353_GCGACTAGATAG,1,gemcitabine
Data10_GSM5664353_GCGAGGATCCAT,1,gemcitabine
Data10_GSM5664353_GCGAGGTGTCTT,1,gemcitabine
Data10_GSM5664353_GCGCACGAAAGA,1,gemcitabine
Data10_GSM5664353_GCGCTCCGGAAT,1,gemcitabine
Data10_GSM5664353_GCGCTCTAAGCT,1,gemcitabine
Data10_GSM5664353_GCGGAGACACTT,1,gemcitabine
Data10_GSM5664353_GCGGGACTTCTT,1,gemcitabine
Data10_GSM5664353_GCGGTCGGTAAT,1,gemcitabine
Data10_GSM5664353_GCGTAGTCACTT,1,gemcitabine
Data10_GSM5664353_GCGTCTATTGAA,1,gemcitabine
Data10_GSM5664353_GCGTGAGCAGCT,1,gemcitabine
Data10_GSM5664353_GCGTGCTCTGGA,1,gemcitabine
Data10_GSM5664353_GCGTGTGTTCCA,1,gemcitabine
Data10_GSM5664353_GCTAACTTCCAG,1,gemcitabine
Data10_GSM5664353_GCTAAGGCACAC,1,gemcitabine
Data10_GSM5664353_GCTACTCTTATC,1,gemcitabine
Data10_GSM5664353_GCTCTGTGTAAT,1,gemcitabine
Data10_GSM5664353_GCTGCATCGAAC,1,gemcitabine
Data10_GSM5664353_GCTGGAACTCAC,1,gemcitabine
Data10_GSM5664353_GCTTACCTCGAT,1,gemcitabine
Data10_GSM5664353_GCTTACTCCGCG,1,gemcitabine
Data10_GSM5664353_GCTTTCGCCAAT,1,gemcitabine
Data10_GSM5664353_GCTTTTAACATT,1,gemcitabine
Data10_GSM5664353_GGAAAAGTACTG,1,gemcitabine
Data10_GSM5664353_GGAACCCGCGCA,1,gemcitabine
Data10_GSM5664353_GGACAATTAGAT,1,gemcitabine
Data10_GSM5664353_GGACCGATAACT,1,gemcitabine
Data10_GSM5664353_GGACCGTCAATA,1,gemcitabine
Data10_GSM5664353_GGACGGAGATAG,1,gemcitabine
Data10_GSM5664353_GGACGGTACCTA,1,gemcitabine
Data10_GSM5664353_GGACTAGTTGTC,1,gemcitabine
Data10_GSM5664353_GGAGAGTTCAGC,1,gemcitabine
Data10_GSM5664353_GGATGCTTGGTA,1,gemcitabine
Data10_GSM5664353_GGATTTTTAACC,1,gemcitabine
Data10_GSM5664353_GGCCGTAAGCCT,1,gemcitabine
Data10_GSM5664353_GGCCTGGCGGAG,1,gemcitabine
Data10_GSM5664353_GGCTGCGCTTCT,1,gemcitabine
Data10_GSM5664353_GGCTTGGTGCAA,1,gemcitabine
Data10_GSM5664353_GGCTTGGTGCAC,1,gemcitabine
Data10_GSM5664353_GGCTTGGTGCAG,1,gemcitabine
Data10_GSM5664353_GGGAAAAAACGA,1,gemcitabine
Data10_GSM5664353_GGGAGTCAATCC,1,gemcitabine
Data10_GSM5664353_GGGATGTGTTTA,1,gemcitabine
Data10_GSM5664353_GGGATTTATTAC,1,gemcitabine
Data10_GSM5664353_GGGCCATGGGCG,1,gemcitabine
Data10_GSM5664353_GGGCCCATAATG,1,gemcitabine
Data10_GSM5664353_GGGCCCCGGTGG,1,gemcitabine
Data10_GSM5664353_GGGGAATTAACG,1,gemcitabine
Data10_GSM5664353_GGGGCGCTTCGC,1,gemcitabine
Data10_GSM5664353_GGGGCTAGGCCC,1,gemcitabine
Data10_GSM5664353_GGGGGGGGGGGG,1,gemcitabine
Data10_GSM5664353_GGGGTCGAATTA,1,gemcitabine
Data10_GSM5664353_GGGGTGGCTGAC,1,gemcitabine
Data10_GSM5664353_GGGTAAACTTCG,1,gemcitabine
Data10_GSM5664353_GGGTACGCGGAG,1,gemcitabine
Data10_GSM5664353_GGTAAGAGGCAG,1,gemcitabine
Data10_GSM5664353_GGTACTTGGACC,1,gemcitabine
Data10_GSM5664353_GGTATAGCAGCG,1,gemcitabine
Data10_GSM5664353_GGTCACGTAGAT,1,gemcitabine
Data10_GSM5664353_GGTCCCGGGCGT,1,gemcitabine
Data10_GSM5664353_GGTCGCCGGCAA,1,gemcitabine
Data10_GSM5664353_GGTCGTCGCGAC,1,gemcitabine
Data10_GSM5664353_GGTTAATTCAAC,1,gemcitabine
Data10_GSM5664353_GGTTACAGGTGC,1,gemcitabine
Data10_GSM5664353_GGTTATGTTGGG,1,gemcitabine
Data10_GSM5664353_GGTTCACTTGTA,1,gemcitabine
Data10_GSM5664353_GGTTGCTAGGGA,1,gemcitabine
Data10_GSM5664353_GGTTTCGGATCT,1,gemcitabine
Data10_GSM5664353_GTAATCCTGGTC,1,gemcitabine
Data10_GSM5664353_GTACACTCTTAA,1,gemcitabine
Data10_GSM5664353_GTAGAACGGCCG,1,gemcitabine
Data10_GSM5664353_GTAGCACTGAAA,1,gemcitabine
Data10_GSM5664353_GTAGCGTATGAG,1,gemcitabine
Data10_GSM5664353_GTAGCTATCGAC,1,gemcitabine
Data10_GSM5664353_GTAGTACGTGCG,1,gemcitabine
Data10_GSM5664353_GTATGGAATAGT,1,gemcitabine
Data10_GSM5664353_GTATGTGTTTAT,1,gemcitabine
Data10_GSM5664353_GTCAATGAATAC,1,gemcitabine
Data10_GSM5664353_GTCACACTCCAG,1,gemcitabine
Data10_GSM5664353_GTCAGACGATGC,1,gemcitabine
Data10_GSM5664353_GTCCGTCCCACA,1,gemcitabine
Data10_GSM5664353_GTCGAGATCTCT,1,gemcitabine
Data10_GSM5664353_GTCGCGCCATTG,1,gemcitabine
Data10_GSM5664353_GTCGCGGCTGGA,1,gemcitabine
Data10_GSM5664353_GTCGTCTGACCC,1,gemcitabine
Data10_GSM5664353_GTGACCAGCTGA,1,gemcitabine
Data10_GSM5664353_GTGATCAGCATA,1,gemcitabine
Data10_GSM5664353_GTGCCACCCTAT,1,gemcitabine
Data10_GSM5664353_GTGCCCAAACCG,1,gemcitabine
Data10_GSM5664353_GTGCCCCACTAG,1,gemcitabine
Data10_GSM5664353_GTGCCCGTAATC,1,gemcitabine
Data10_GSM5664353_GTGGCCGCCGAG,1,gemcitabine
Data10_GSM5664353_GTGGGGTTTTTA,1,gemcitabine
Data10_GSM5664353_GTGTAATAGGCT,1,gemcitabine
Data10_GSM5664353_GTGTGATTGGCG,1,gemcitabine
Data10_GSM5664353_GTGTTCCCCGGC,1,gemcitabine
Data10_GSM5664353_GTGTTCCGCCGT,1,gemcitabine
Data10_GSM5664353_GTTAACCGGCGA,1,gemcitabine
Data10_GSM5664353_GTTAGCATATGC,1,gemcitabine
Data10_GSM5664353_GTTAGTCACGTA,1,gemcitabine
Data10_GSM5664353_GTTATTAGGCGT,1,gemcitabine
Data10_GSM5664353_GTTCAGCTGATG,1,gemcitabine
Data10_GSM5664353_GTTCAGGTTCAC,1,gemcitabine
Data10_GSM5664353_GTTCCAATCATT,1,gemcitabine
Data10_GSM5664353_GTTCCATTCCAC,1,gemcitabine
Data10_GSM5664353_GTTGTGATCCTG,1,gemcitabine
Data10_GSM5664353_GTTTATCCGCTT,1,gemcitabine
Data10_GSM5664353_GTTTATGGTCAG,1,gemcitabine
Data10_GSM5664353_GTTTCCAGTTAA,1,gemcitabine
Data10_GSM5664353_GTTTGATAATGG,1,gemcitabine
Data10_GSM5664353_GTTTTGGTCGAC,1,gemcitabine
Data10_GSM5664353_TAAAAATGCATC,1,gemcitabine
Data10_GSM5664353_TAAAGCGAGCAT,1,gemcitabine
Data10_GSM5664353_TAAATCGGTAAC,1,gemcitabine
Data10_GSM5664353_TAAATGTCATGT,1,gemcitabine
Data10_GSM5664353_TAACGCTGGCAA,1,gemcitabine
Data10_GSM5664353_TAACTTGGGCAC,1,gemcitabine
Data10_GSM5664353_TAAGACCGCTGG,1,gemcitabine
Data10_GSM5664353_TAAGCCTTCGCA,1,gemcitabine
Data10_GSM5664353_TAAGGGCTGCGT,1,gemcitabine
Data10_GSM5664353_TACCCCGGGAAT,1,gemcitabine
Data10_GSM5664353_TACGAAATAGTA,1,gemcitabine
Data10_GSM5664353_TACGATGGCTGA,1,gemcitabine
Data10_GSM5664353_TACTAACACCCT,1,gemcitabine
Data10_GSM5664353_TACTCAATCACC,1,gemcitabine
Data10_GSM5664353_TACTGGGGGCTT,1,gemcitabine
Data10_GSM5664353_TACTTGTCGCTG,1,gemcitabine
Data10_GSM5664353_TAGAAATAGCGC,1,gemcitabine
Data10_GSM5664353_TAGAGGTGAGCA,1,gemcitabine
Data10_GSM5664353_TAGTCAGGAAAA,1,gemcitabine
Data10_GSM5664353_TAGTCGTATGGG,1,gemcitabine
Data10_GSM5664353_TAGTTCCTCTTG,1,gemcitabine
Data10_GSM5664353_TATAACTCCTCT,1,gemcitabine
Data10_GSM5664353_TATAGGGGAGGT,1,gemcitabine
Data10_GSM5664353_TATGCTTAGAGA,1,gemcitabine
Data10_GSM5664353_TATGTCCCATTT,1,gemcitabine
Data10_GSM5664353_TATTCTACGTTT,1,gemcitabine
Data10_GSM5664353_TCAAAACTGGCT,1,gemcitabine
Data10_GSM5664353_TCAAAATAGTGC,1,gemcitabine
Data10_GSM5664353_TCAAACTCACAC,1,gemcitabine
Data10_GSM5664353_TCAAACTTAAAT,1,gemcitabine
Data10_GSM5664353_TCAAGTCCCCCC,1,gemcitabine
Data10_GSM5664353_TCACCAATAGAC,1,gemcitabine
Data10_GSM5664353_TCACCCGCTCAG,1,gemcitabine
Data10_GSM5664353_TCACTCTTTTTC,1,gemcitabine
Data10_GSM5664353_TCAGACCCTGCG,1,gemcitabine
Data10_GSM5664353_TCCAACGGATCC,1,gemcitabine
Data10_GSM5664353_TCCCAGTCGAAG,1,gemcitabine
Data10_GSM5664353_TCCCCCGACGAC,1,gemcitabine
Data10_GSM5664353_TCCCTCTCTATA,1,gemcitabine
Data10_GSM5664353_TCCGAATGTCTC,1,gemcitabine
Data10_GSM5664353_TCCGCCGTCAAG,1,gemcitabine
Data10_GSM5664353_TCCGCTCGCTGA,1,gemcitabine
Data10_GSM5664353_TCCTATCAATGC,1,gemcitabine
Data10_GSM5664353_TCCTCAAACCGT,1,gemcitabine
Data10_GSM5664353_TCCTTCGAAGCG,1,gemcitabine
Data10_GSM5664353_TCGACAGCCGGA,1,gemcitabine
Data10_GSM5664353_TCGACCAGGCGG,1,gemcitabine
Data10_GSM5664353_TCGATACCGGCT,1,gemcitabine
Data10_GSM5664353_TCGATCCCCACG,1,gemcitabine
Data10_GSM5664353_TCGCCGCGATGG,1,gemcitabine
Data10_GSM5664353_TCGCGGTGTCAC,1,gemcitabine
Data10_GSM5664353_TCGGACGTGTAA,1,gemcitabine
Data10_GSM5664353_TCGGCTTTGGTC,1,gemcitabine
Data10_GSM5664353_TCGTACATGACT,1,gemcitabine
Data10_GSM5664353_TCGTCAAACACA,1,gemcitabine
Data10_GSM5664353_TCGTGCTTGAAA,1,gemcitabine
Data10_GSM5664353_TCTAGATTCTGC,1,gemcitabine
Data10_GSM5664353_TCTAGGCTGGCA,1,gemcitabine
Data10_GSM5664353_TCTATCAAGAAA,1,gemcitabine
Data10_GSM5664353_TCTATCTTAATA,1,gemcitabine
Data10_GSM5664353_TCTCAGGCGACA,1,gemcitabine
Data10_GSM5664353_TCTCCCTGTCAA,1,gemcitabine
Data10_GSM5664353_TCTGATGGAGCA,1,gemcitabine
Data10_GSM5664353_TCTGGGCTCCGG,1,gemcitabine
Data10_GSM5664353_TCTGTCAGAGAC,1,gemcitabine
Data10_GSM5664353_TCTGTTACACCT,1,gemcitabine
Data10_GSM5664353_TGAGCGGTGCGG,1,gemcitabine
Data10_GSM5664353_TGATATAGTCAT,1,gemcitabine
Data10_GSM5664353_TGATGGGAACTT,1,gemcitabine
Data10_GSM5664353_TGATTGAAACGG,1,gemcitabine
Data10_GSM5664353_TGCATGCGAGGG,1,gemcitabine
Data10_GSM5664353_TGCCACAGACAA,1,gemcitabine
Data10_GSM5664353_TGCCCAATCTAT,1,gemcitabine
Data10_GSM5664353_TGCCGACCTATT,1,gemcitabine
Data10_GSM5664353_TGCTAGATCGGC,1,gemcitabine
Data10_GSM5664353_TGCTCTGCCGCT,1,gemcitabine
Data10_GSM5664353_TGCTGGCTGGCC,1,gemcitabine
Data10_GSM5664353_TGCTGTGGACTC,1,gemcitabine
Data10_GSM5664353_TGCTTATAGTCG,1,gemcitabine
Data10_GSM5664353_TGCTTCCGGCTA,1,gemcitabine
Data10_GSM5664353_TGCTTGGTTTGG,1,gemcitabine
Data10_GSM5664353_TGGATCCTGTCG,1,gemcitabine
Data10_GSM5664353_TGGCTAGCCCAT,1,gemcitabine
Data10_GSM5664353_TGGGAATGCGCT,1,gemcitabine
Data10_GSM5664353_TGGGCACGCATC,1,gemcitabine
Data10_GSM5664353_TGGGCCGTTGAC,1,gemcitabine
Data10_GSM5664353_TGGGGGACCCCG,1,gemcitabine
Data10_GSM5664353_TGGGGGGATCCT,1,gemcitabine
Data10_GSM5664353_TGTAAACCTCAG,1,gemcitabine
Data10_GSM5664353_TGTAATATGCAA,1,gemcitabine
Data10_GSM5664353_TGTACAAATTTT,1,gemcitabine
Data10_GSM5664353_TGTAGGACGGCG,1,gemcitabine
Data10_GSM5664353_TGTCTAATAGAG,1,gemcitabine
Data10_GSM5664353_TGTGTAGCGTCA,1,gemcitabine
Data10_GSM5664353_TGTTAGCCCCAA,1,gemcitabine
Data10_GSM5664353_TGTTATATGATT,1,gemcitabine
Data10_GSM5664353_TTAAACTTCTGA,1,gemcitabine
Data10_GSM5664353_TTAACCAACCTT,1,gemcitabine
Data10_GSM5664353_TTAACCCATAGG,1,gemcitabine
Data10_GSM5664353_TTAAGATGGAAG,1,gemcitabine
Data10_GSM5664353_TTAAGTGTGCCG,1,gemcitabine
Data10_GSM5664353_TTACAAGCCCAC,1,gemcitabine
Data10_GSM5664353_TTACACCCGAAC,1,gemcitabine
Data10_GSM5664353_TTACCGTAGAGT,1,gemcitabine
Data10_GSM5664353_TTAGCAATCCTG,1,gemcitabine
Data10_GSM5664353_TTATGCCGTCAG,1,gemcitabine
Data10_GSM5664353_TTATTTGCGGTG,1,gemcitabine
Data10_GSM5664353_TTCACACGTGTG,1,gemcitabine
Data10_GSM5664353_TTCAGTCAGCCC,1,gemcitabine
Data10_GSM5664353_TTCCCAATGGTG,1,gemcitabine
Data10_GSM5664353_TTCCCAGACGTG,1,gemcitabine
Data10_GSM5664353_TTCCCGGACCCT,1,gemcitabine
Data10_GSM5664353_TTCGAGTCAATA,1,gemcitabine
Data10_GSM5664353_TTCGCCGGAGAT,1,gemcitabine
Data10_GSM5664353_TTCTACGATGTT,1,gemcitabine
Data10_GSM5664353_TTCTACTCTGCT,1,gemcitabine
Data10_GSM5664353_TTCTTCAGATGC,1,gemcitabine
Data10_GSM5664353_TTGACGGCCGCG,1,gemcitabine
Data10_GSM5664353_TTGAGGTAAGAA,1,gemcitabine
Data10_GSM5664353_TTGCAACTAACC,1,gemcitabine
Data10_GSM5664353_TTGCAATTGTAA,1,gemcitabine
Data10_GSM5664353_TTGCACTGCGCA,1,gemcitabine
Data10_GSM5664353_TTGCCGAAATAT,1,gemcitabine
Data10_GSM5664353_TTGCCGTCCATG,1,gemcitabine
Data10_GSM5664353_TTGGACTACTAT,1,gemcitabine
Data10_GSM5664353_TTGGCACCTGCC,1,gemcitabine
Data10_GSM5664353_TTGGTCATGTAA,1,gemcitabine
Data10_GSM5664353_TTGGTCTCAAAA,1,gemcitabine
Data10_GSM5664353_TTGTAGGTATTG,1,gemcitabine
Data10_GSM5664353_TTGTCAGTCTCA,1,gemcitabine
Data10_GSM5664353_TTGTCGGCTACA,1,gemcitabine
Data10_GSM5664353_TTGTTATAGGAC,1,gemcitabine
Data10_GSM5664353_TTTAAGACAATC,1,gemcitabine
Data10_GSM5664353_TTTACCCTCTAC,1,gemcitabine
Data10_GSM5664353_TTTCAGTTCTTA,1,gemcitabine
Data10_GSM5664353_TTTCCACGGCTA,1,gemcitabine
Data10_GSM5664353_TTTCCATGGCCT,1,gemcitabine
Data10_GSM5664353_TTTCCCATTCCA,1,gemcitabine
Data10_GSM5664353_TTTCGGATTCTG,1,gemcitabine
Data10_GSM5664353_TTTCTTGACCAC,1,gemcitabine
Data10_GSM5664353_TTTGACTTTCTC,1,gemcitabine
Data10_GSM5664353_TTTGCCGCTCGC,1,gemcitabine
Data10_GSM5664353_TTTTGAGATAGC,1,gemcitabine
Data10_GSM5664353_TTTTTAACGCGA,1,gemcitabine
Data10_GSM5664353_TTTTTACTTAAA,1,gemcitabine
Data10_GSM5664353_TTTTTCCTGTCC,1,gemcitabine
Data10_GSM5664353_TTTTTTTTTTTT,1,gemcitabine
Data10_GSM5664357_AAACCCACATGAATCC-1,0,gemcitabine
Data10_GSM5664357_AAACCCAGTATCAAGA-1,0,gemcitabine
Data10_GSM5664357_AAACCCAGTCCAGCAC-1,0,gemcitabine
Data10_GSM5664357_AAACCCAGTCTGTAGT-1,0,gemcitabine
Data10_GSM5664357_AAACCCAGTGAATGTA-1,0,gemcitabine
Data10_GSM5664357_AAACCCATCACAAGGG-1,0,gemcitabine
Data10_GSM5664357_AAACGAAAGGAACTAT-1,0,gemcitabine
Data10_GSM5664357_AAACGAACACATCATG-1,0,gemcitabine
Data10_GSM5664357_AAACGAACAGAGCGTA-1,0,gemcitabine
Data10_GSM5664357_AAACGAACATTGTGCA-1,0,gemcitabine
Data10_GSM5664357_AAACGAAGTATCAGCT-1,0,gemcitabine
Data10_GSM5664357_AAACGAAGTTCTTGTT-1,0,gemcitabine
Data10_GSM5664357_AAACGCTAGCAGTCTT-1,0,gemcitabine
Data10_GSM5664357_AAACGCTAGGCCGCTT-1,0,gemcitabine
Data10_GSM5664357_AAACGCTCAAAGGTTA-1,0,gemcitabine
Data10_GSM5664357_AAACGCTCAACCGTAT-1,0,gemcitabine
Data10_GSM5664357_AAACGCTCACATGTTG-1,0,gemcitabine
Data10_GSM5664357_AAACGCTCATCAGCGC-1,0,gemcitabine
Data10_GSM5664357_AAACGCTCATCCGATA-1,0,gemcitabine
Data10_GSM5664357_AAACGCTGTTCAAAGA-1,0,gemcitabine
Data10_GSM5664357_AAACGCTTCGATAACC-1,0,gemcitabine
Data10_GSM5664357_AAAGAACAGATCCCGC-1,0,gemcitabine
Data10_GSM5664357_AAAGAACGTATGCTTG-1,0,gemcitabine
Data10_GSM5664357_AAAGAACTCAGATTGC-1,0,gemcitabine
Data10_GSM5664357_AAAGAACTCCACGTCT-1,0,gemcitabine
Data10_GSM5664357_AAAGAACTCTCCAATT-1,0,gemcitabine
Data10_GSM5664357_AAAGGATCAAGTATCC-1,0,gemcitabine
Data10_GSM5664357_AAAGGATCAAGTCCCG-1,0,gemcitabine
Data10_GSM5664357_AAAGGATTCGCTTGCT-1,0,gemcitabine
Data10_GSM5664357_AAAGGATTCTATCACT-1,0,gemcitabine
Data10_GSM5664357_AAAGGATTCTGTCAGA-1,0,gemcitabine
Data10_GSM5664357_AAAGGGCCAGCGATTT-1,0,gemcitabine
Data10_GSM5664357_AAAGGGCCATAGGCGA-1,0,gemcitabine
Data10_GSM5664357_AAAGGGCTCACCACAA-1,0,gemcitabine
Data10_GSM5664357_AAAGGGCTCCAACACA-1,0,gemcitabine
Data10_GSM5664357_AAAGGGCTCTATTCGT-1,0,gemcitabine
Data10_GSM5664357_AAAGGTAAGACCAAAT-1,0,gemcitabine
Data10_GSM5664357_AAAGGTAAGCCACAAG-1,0,gemcitabine
Data10_GSM5664357_AAAGGTAAGGTGCGAT-1,0,gemcitabine
Data10_GSM5664357_AAAGGTAGTAGTCCTA-1,0,gemcitabine
Data10_GSM5664357_AAAGGTAGTAGTCTGT-1,0,gemcitabine
Data10_GSM5664357_AAAGGTAGTCTGTCCT-1,0,gemcitabine
Data10_GSM5664357_AAAGGTAGTTACGTAC-1,0,gemcitabine
Data10_GSM5664357_AAAGGTATCCGATTAG-1,0,gemcitabine
Data10_GSM5664357_AAAGTCCAGGAAACGA-1,0,gemcitabine
Data10_GSM5664357_AAAGTCCAGGTTCCGC-1,0,gemcitabine
Data10_GSM5664357_AAAGTCCAGTATTAGG-1,0,gemcitabine
Data10_GSM5664357_AAAGTCCGTGTTAAAG-1,0,gemcitabine
Data10_GSM5664357_AAAGTCCGTTCAGTAC-1,0,gemcitabine
Data10_GSM5664357_AAAGTGACAATAGTAG-1,0,gemcitabine
Data10_GSM5664357_AAAGTGACACGGCGTT-1,0,gemcitabine
Data10_GSM5664357_AAAGTGAGTACTGTTG-1,0,gemcitabine
Data10_GSM5664357_AAAGTGATCGCTTTAT-1,0,gemcitabine
Data10_GSM5664357_AAATGGAAGACGCATG-1,0,gemcitabine
Data10_GSM5664357_AAATGGACAATGAAAC-1,0,gemcitabine
Data10_GSM5664357_AAATGGACACAGCTGC-1,0,gemcitabine
Data10_GSM5664357_AAATGGAGTCGCACAC-1,0,gemcitabine
Data10_GSM5664357_AAATGGATCGGTCTGG-1,0,gemcitabine
Data10_GSM5664357_AACAAAGAGCACCCAC-1,0,gemcitabine
Data10_GSM5664357_AACAAAGAGGAGTATT-1,0,gemcitabine
Data10_GSM5664357_AACAAAGAGTTAGAAC-1,0,gemcitabine
Data10_GSM5664357_AACAAAGGTTCTGAGT-1,0,gemcitabine
Data10_GSM5664357_AACAAAGTCTACACAG-1,0,gemcitabine
Data10_GSM5664357_AACAACCAGCCAGACA-1,0,gemcitabine
Data10_GSM5664357_AACAACCCAATCAGCT-1,0,gemcitabine
Data10_GSM5664357_AACAACCCACTGCTTC-1,0,gemcitabine
Data10_GSM5664357_AACAACCCATGACAAA-1,0,gemcitabine
Data10_GSM5664357_AACAACCGTTGCTCGG-1,0,gemcitabine
Data10_GSM5664357_AACAACCTCAATCTCT-1,0,gemcitabine
Data10_GSM5664357_AACAACCTCATGAAAG-1,0,gemcitabine
Data10_GSM5664357_AACAACCTCCGTGGGT-1,0,gemcitabine
Data10_GSM5664357_AACAACCTCCTCAGGG-1,0,gemcitabine
Data10_GSM5664357_AACAAGAAGCCTCCAG-1,0,gemcitabine
Data10_GSM5664357_AACAAGAAGTCTAGAA-1,0,gemcitabine
Data10_GSM5664357_AACAAGACAAAGTATG-1,0,gemcitabine
Data10_GSM5664357_AACAAGAGTATGTCAC-1,0,gemcitabine
Data10_GSM5664357_AACAAGAGTATTCCTT-1,0,gemcitabine
Data10_GSM5664357_AACAAGAGTTAAAGTG-1,0,gemcitabine
Data10_GSM5664357_AACACACAGCAATAAC-1,0,gemcitabine
Data10_GSM5664357_AACACACAGCAGTAAT-1,0,gemcitabine
Data10_GSM5664357_AACACACAGCCGAATG-1,0,gemcitabine
Data10_GSM5664357_AACACACAGTACCGGA-1,0,gemcitabine
Data10_GSM5664357_AACACACGTACAGTCT-1,0,gemcitabine
Data10_GSM5664357_AACACACGTAGCCCTG-1,0,gemcitabine
Data10_GSM5664357_AACACACGTGGTTTAC-1,0,gemcitabine
Data10_GSM5664357_AACACACTCCAATCTT-1,0,gemcitabine
Data10_GSM5664357_AACAGGGCAATTGCTG-1,0,gemcitabine
Data10_GSM5664357_AACAGGGCAGAACCGA-1,0,gemcitabine
Data10_GSM5664357_AACAGGGCATCCGAAT-1,0,gemcitabine
Data10_GSM5664357_AACAGGGGTAGATTAG-1,0,gemcitabine
Data10_GSM5664357_AACAGGGGTCCGAAAG-1,0,gemcitabine
Data10_GSM5664357_AACAGGGGTGTATTCG-1,0,gemcitabine
Data10_GSM5664357_AACAGGGGTGTTTGCA-1,0,gemcitabine
Data10_GSM5664357_AACAGGGTCCCGTGAG-1,0,gemcitabine
Data10_GSM5664357_AACAGGGTCGACCAAT-1,0,gemcitabine
Data10_GSM5664357_AACAGGGTCTCCATAT-1,0,gemcitabine
Data10_GSM5664357_AACCAACAGCTGAAGC-1,0,gemcitabine
Data10_GSM5664357_AACCAACAGGGCAGTT-1,0,gemcitabine
Data10_GSM5664357_AACCAACAGTGGATTA-1,0,gemcitabine
Data10_GSM5664357_AACCAACAGTGTTCAC-1,0,gemcitabine
Data10_GSM5664357_AACCAACGTACTGGGA-1,0,gemcitabine
Data10_GSM5664357_AACCAACTCTCTGACC-1,0,gemcitabine
Data10_GSM5664357_AACCACAAGACCCTTA-1,0,gemcitabine
Data10_GSM5664357_AACCACACAAAGCTAA-1,0,gemcitabine
Data10_GSM5664357_AACCACACAACCCGCA-1,0,gemcitabine
Data10_GSM5664357_AACCACACACAGCTGC-1,0,gemcitabine
Data10_GSM5664357_AACCACACACTGGATT-1,0,gemcitabine
Data10_GSM5664357_AACCACAGTACGTACT-1,0,gemcitabine
Data10_GSM5664357_AACCACAGTAGCGTTT-1,0,gemcitabine
Data10_GSM5664357_AACCACAGTTGAATCC-1,0,gemcitabine
Data10_GSM5664357_AACCACAGTTGCCGCA-1,0,gemcitabine
Data10_GSM5664357_AACCATGAGCCTAACT-1,0,gemcitabine
Data10_GSM5664357_AACCATGAGGTTGAGC-1,0,gemcitabine
Data10_GSM5664357_AACCATGCAGCTACTA-1,0,gemcitabine
Data10_GSM5664357_AACCATGGTATGATCC-1,0,gemcitabine
Data10_GSM5664357_AACCATGTCAAAGCCT-1,0,gemcitabine
Data10_GSM5664357_AACCCAAAGTTAGAAC-1,0,gemcitabine
Data10_GSM5664357_AACCCAATCCTACACC-1,0,gemcitabine
Data10_GSM5664357_AACCCAATCTCTGGTC-1,0,gemcitabine
Data10_GSM5664357_AACCTGAAGAGCCATG-1,0,gemcitabine
Data10_GSM5664357_AACCTGACAAGGTCGA-1,0,gemcitabine
Data10_GSM5664357_AACCTGACACCGGCTA-1,0,gemcitabine
Data10_GSM5664357_AACCTGACACGACAAG-1,0,gemcitabine
Data10_GSM5664357_AACCTGAGTACTTCCC-1,0,gemcitabine
Data10_GSM5664357_AACCTGAGTCCCACGA-1,0,gemcitabine
Data10_GSM5664357_AACCTGAGTTAGAAGT-1,0,gemcitabine
Data10_GSM5664357_AACCTGAGTTTGGGAG-1,0,gemcitabine
Data10_GSM5664357_AACCTGATCGATACAC-1,0,gemcitabine
Data10_GSM5664357_AACCTTTAGCGATGGT-1,0,gemcitabine
Data10_GSM5664357_AACCTTTAGTATAGAC-1,0,gemcitabine
Data10_GSM5664357_AACCTTTCAAATACAG-1,0,gemcitabine
Data10_GSM5664357_AACCTTTCAGACGATG-1,0,gemcitabine
Data10_GSM5664357_AACGAAACAGTGCCTG-1,0,gemcitabine
Data10_GSM5664357_AACGAAAGTGGCCTCA-1,0,gemcitabine
Data10_GSM5664357_AACGAAAGTGTGTGGA-1,0,gemcitabine
Data10_GSM5664357_AACGAAATCAAACGTC-1,0,gemcitabine
Data10_GSM5664357_AACGAAATCCGCACGA-1,0,gemcitabine
Data10_GSM5664357_AACGGGAAGAAACTGT-1,0,gemcitabine
Data10_GSM5664357_AACGGGACACTGTCCT-1,0,gemcitabine
Data10_GSM5664357_AACGGGACAGTTCACA-1,0,gemcitabine
Data10_GSM5664357_AACGGGATCCACTGAA-1,0,gemcitabine
Data10_GSM5664357_AACGGGATCGCTATTT-1,0,gemcitabine
Data10_GSM5664357_AACGTCAAGTGCAAAT-1,0,gemcitabine
Data10_GSM5664357_AACGTCACACAGAAGC-1,0,gemcitabine
Data10_GSM5664357_AACGTCACAGCTCATA-1,0,gemcitabine
Data10_GSM5664357_AACGTCACATAGAAAC-1,0,gemcitabine
Data10_GSM5664357_AACGTCAGTCCCACGA-1,0,gemcitabine
Data10_GSM5664357_AACGTCAGTTATCCAG-1,0,gemcitabine
Data10_GSM5664357_AACGTCATCAAACGAA-1,0,gemcitabine
Data10_GSM5664357_AACGTCATCACCTGTC-1,0,gemcitabine
Data10_GSM5664357_AACGTCATCGCGTGCA-1,0,gemcitabine
Data10_GSM5664357_AACGTCATCTCACTCG-1,0,gemcitabine
Data10_GSM5664357_AACTTCTAGAGGGTGG-1,0,gemcitabine
Data10_GSM5664357_AACTTCTCAACCAATC-1,0,gemcitabine
Data10_GSM5664357_AACTTCTCACCCTAAA-1,0,gemcitabine
Data10_GSM5664357_AACTTCTGTCTGATAC-1,0,gemcitabine
Data10_GSM5664357_AACTTCTTCCGAACGC-1,0,gemcitabine
Data10_GSM5664357_AACTTCTTCGCCAATA-1,0,gemcitabine
Data10_GSM5664357_AAGAACAAGGTAAGGA-1,0,gemcitabine
Data10_GSM5664357_AAGAACACACGTCATA-1,0,gemcitabine
Data10_GSM5664357_AAGAACACACGTTGGC-1,0,gemcitabine
Data10_GSM5664357_AAGAACAGTGGAGGTT-1,0,gemcitabine
Data10_GSM5664357_AAGAACATCATTTACC-1,0,gemcitabine
Data10_GSM5664357_AAGACAAAGATCCAAA-1,0,gemcitabine
Data10_GSM5664357_AAGACAACAGCTAACT-1,0,gemcitabine
Data10_GSM5664357_AAGACAACAGCTGGTC-1,0,gemcitabine
Data10_GSM5664357_AAGACAAGTCGCACGT-1,0,gemcitabine
Data10_GSM5664357_AAGACAAGTCGTGCCA-1,0,gemcitabine
Data10_GSM5664357_AAGACAAGTTACGATC-1,0,gemcitabine
Data10_GSM5664357_AAGACTCAGAGTCAAT-1,0,gemcitabine
Data10_GSM5664357_AAGACTCAGTAAATGC-1,0,gemcitabine
Data10_GSM5664357_AAGACTCGTAGAGCTG-1,0,gemcitabine
Data10_GSM5664357_AAGACTCGTTAATGAG-1,0,gemcitabine
Data10_GSM5664357_AAGACTCTCACACCGG-1,0,gemcitabine
Data10_GSM5664357_AAGACTCTCCATCCGT-1,0,gemcitabine
Data10_GSM5664357_AAGATAGAGAGCATAT-1,0,gemcitabine
Data10_GSM5664357_AAGATAGAGCCGTTGC-1,0,gemcitabine
Data10_GSM5664357_AAGATAGAGGTACTGG-1,0,gemcitabine
Data10_GSM5664357_AAGATAGAGTCGCGAA-1,0,gemcitabine
Data10_GSM5664357_AAGATAGGTACGGTTT-1,0,gemcitabine
Data10_GSM5664357_AAGATAGGTCGTAATC-1,0,gemcitabine
Data10_GSM5664357_AAGATAGTCTCGTTTA-1,0,gemcitabine
Data10_GSM5664357_AAGCATCCACGAGGAT-1,0,gemcitabine
Data10_GSM5664357_AAGCATCTCAAGCTTG-1,0,gemcitabine
Data10_GSM5664357_AAGCATCTCCACGTGG-1,0,gemcitabine
Data10_GSM5664357_AAGCCATAGGCAGGTT-1,0,gemcitabine
Data10_GSM5664357_AAGCCATAGGCCACTC-1,0,gemcitabine
Data10_GSM5664357_AAGCCATAGTCAAGCG-1,0,gemcitabine
Data10_GSM5664357_AAGCCATCAAATCAGA-1,0,gemcitabine
Data10_GSM5664357_AAGCCATCACACAGCC-1,0,gemcitabine
Data10_GSM5664357_AAGCCATCATCCGAGC-1,0,gemcitabine
Data10_GSM5664357_AAGCCATTCAACCTCC-1,0,gemcitabine
Data10_GSM5664357_AAGCCATTCCCTTTGG-1,0,gemcitabine
Data10_GSM5664357_AAGCCATTCCGGCTTT-1,0,gemcitabine
Data10_GSM5664357_AAGCCATTCCTAGCGG-1,0,gemcitabine
Data10_GSM5664357_AAGCGAGAGGGATCTG-1,0,gemcitabine
Data10_GSM5664357_AAGCGAGAGTAAAGCT-1,0,gemcitabine
Data10_GSM5664357_AAGCGAGCAACGTTAC-1,0,gemcitabine
Data10_GSM5664357_AAGCGAGCAAGATTGA-1,0,gemcitabine
Data10_GSM5664357_AAGCGAGGTCCAGGTC-1,0,gemcitabine
Data10_GSM5664357_AAGCGAGGTCGAACGA-1,0,gemcitabine
Data10_GSM5664357_AAGCGAGGTTACCCAA-1,0,gemcitabine
Data10_GSM5664357_AAGCGAGTCATCCTGC-1,0,gemcitabine
Data10_GSM5664357_AAGCGAGTCCTTGACC-1,0,gemcitabine
Data10_GSM5664357_AAGCGAGTCGATACAC-1,0,gemcitabine
Data10_GSM5664357_AAGCGAGTCTCGCGTT-1,0,gemcitabine
Data10_GSM5664357_AAGCGTTCAAGCACAG-1,0,gemcitabine
Data10_GSM5664357_AAGCGTTGTGCCCTTT-1,0,gemcitabine
Data10_GSM5664357_AAGCGTTTCTCTAGGA-1,0,gemcitabine
Data10_GSM5664357_AAGGAATAGGACTAAT-1,0,gemcitabine
Data10_GSM5664357_AAGGAATGTGTCCACG-1,0,gemcitabine
Data10_GSM5664357_AAGGAATTCGAACACT-1,0,gemcitabine
Data10_GSM5664357_AAGGAATTCGCTTGCT-1,0,gemcitabine
Data10_GSM5664357_AAGGTAAAGACAACTA-1,0,gemcitabine
Data10_GSM5664357_AAGGTAAAGCGACCCT-1,0,gemcitabine
Data10_GSM5664357_AAGGTAAAGTAAACTG-1,0,gemcitabine
Data10_GSM5664357_AAGGTAACACCGTCTT-1,0,gemcitabine
Data10_GSM5664357_AAGGTAACATACAGCT-1,0,gemcitabine
Data10_GSM5664357_AAGGTAATCACCGACG-1,0,gemcitabine
Data10_GSM5664357_AAGTACCCAAAGACGC-1,0,gemcitabine
Data10_GSM5664357_AAGTACCGTTAGGCCC-1,0,gemcitabine
Data10_GSM5664357_AAGTACCGTTCTCGTC-1,0,gemcitabine
Data10_GSM5664357_AAGTACCTCACCTCTG-1,0,gemcitabine
Data10_GSM5664357_AAGTCGTAGCCAAGCA-1,0,gemcitabine
Data10_GSM5664357_AAGTCGTCATCTCGTC-1,0,gemcitabine
Data10_GSM5664357_AAGTCGTGTGATACCT-1,0,gemcitabine
Data10_GSM5664357_AAGTCGTGTGTAGGAC-1,0,gemcitabine
Data10_GSM5664357_AAGTCGTTCAGGACGA-1,0,gemcitabine
Data10_GSM5664357_AAGTGAAAGAGAAGGT-1,0,gemcitabine
Data10_GSM5664357_AAGTGAAAGGTAGCAC-1,0,gemcitabine
Data10_GSM5664357_AAGTGAAAGTAGTCAA-1,0,gemcitabine
Data10_GSM5664357_AAGTGAAAGTTGCTCA-1,0,gemcitabine
Data10_GSM5664357_AAGTTCGCATGCAGCC-1,0,gemcitabine
Data10_GSM5664357_AAGTTCGTCAACCTTT-1,0,gemcitabine
Data10_GSM5664357_AAGTTCGTCCAAGCTA-1,0,gemcitabine
Data10_GSM5664357_AAGTTCGTCCCTAGGG-1,0,gemcitabine
Data10_GSM5664357_AATAGAGAGCTAAACA-1,0,gemcitabine
Data10_GSM5664357_AATAGAGAGGAGGTTC-1,0,gemcitabine
Data10_GSM5664357_AATAGAGAGGTAGTCG-1,0,gemcitabine
Data10_GSM5664357_AATAGAGAGTTCTACG-1,0,gemcitabine
Data10_GSM5664357_AATAGAGGTGACACAG-1,0,gemcitabine
Data10_GSM5664357_AATAGAGGTTAGGCTT-1,0,gemcitabine
Data10_GSM5664357_AATAGAGGTTCATCTT-1,0,gemcitabine
Data10_GSM5664357_AATAGAGTCACAGAGG-1,0,gemcitabine
Data10_GSM5664357_AATAGAGTCCACTGGG-1,0,gemcitabine
Data10_GSM5664357_AATCACGCAGAGATGC-1,0,gemcitabine
Data10_GSM5664357_AATCACGGTATGTCTG-1,0,gemcitabine
Data10_GSM5664357_AATCACGTCACCGACG-1,0,gemcitabine
Data10_GSM5664357_AATCACGTCCTGGGAC-1,0,gemcitabine
Data10_GSM5664357_AATCGACAGTAAAGCT-1,0,gemcitabine
Data10_GSM5664357_AATCGACGTCCCACGA-1,0,gemcitabine
Data10_GSM5664357_AATCGACTCTGGACCG-1,0,gemcitabine
Data10_GSM5664357_AATCGTGAGAGCAGAA-1,0,gemcitabine
Data10_GSM5664357_AATCGTGAGGGACTGT-1,0,gemcitabine
Data10_GSM5664357_AATCGTGAGGGAGGCA-1,0,gemcitabine
Data10_GSM5664357_AATCGTGCACTTGAGT-1,0,gemcitabine
Data10_GSM5664357_AATCGTGCATGACGAG-1,0,gemcitabine
Data10_GSM5664357_AATCGTGGTAACAAGT-1,0,gemcitabine
Data10_GSM5664357_AATCGTGGTACGCTAT-1,0,gemcitabine
Data10_GSM5664357_AATCGTGGTCAACACT-1,0,gemcitabine
Data10_GSM5664357_AATCGTGGTTCTCAGA-1,0,gemcitabine
Data10_GSM5664357_AATCGTGTCTTTGATC-1,0,gemcitabine
Data10_GSM5664357_AATGAAGCAATTGCGT-1,0,gemcitabine
Data10_GSM5664357_AATGAAGCAGATGCGA-1,0,gemcitabine
Data10_GSM5664357_AATGAAGCATAGGTTC-1,0,gemcitabine
Data10_GSM5664357_AATGAAGGTCAAAGTA-1,0,gemcitabine
Data10_GSM5664357_AATGACCAGCTCCCTT-1,0,gemcitabine
Data10_GSM5664357_AATGACCCACCAGACC-1,0,gemcitabine
Data10_GSM5664357_AATGACCGTAGGTACG-1,0,gemcitabine
Data10_GSM5664357_AATGACCGTGTCTTAG-1,0,gemcitabine
Data10_GSM5664357_AATGACCTCATTACCT-1,0,gemcitabine
Data10_GSM5664357_AATGACCTCTGAGGTT-1,0,gemcitabine
Data10_GSM5664357_AATGCCAAGGCGCTCT-1,0,gemcitabine
Data10_GSM5664357_AATGCCAGTTATCTGG-1,0,gemcitabine
Data10_GSM5664357_AATGCCAGTTCTGAGT-1,0,gemcitabine
Data10_GSM5664357_AATGCCAGTTGCACGC-1,0,gemcitabine
Data10_GSM5664357_AATGGAAAGGAACGCT-1,0,gemcitabine
Data10_GSM5664357_AATGGAATCCTATGGA-1,0,gemcitabine
Data10_GSM5664357_AATGGCTAGACTTCGT-1,0,gemcitabine
Data10_GSM5664357_AATGGCTCACTGCGTG-1,0,gemcitabine
Data10_GSM5664357_AATGGCTCATTGACAC-1,0,gemcitabine
Data10_GSM5664357_AATGGCTGTAGATTGA-1,0,gemcitabine
Data10_GSM5664357_AATGGCTGTTCTTAGG-1,0,gemcitabine
Data10_GSM5664357_AATTCCTAGCTGTTAC-1,0,gemcitabine
Data10_GSM5664357_AATTCCTCAAATCGGG-1,0,gemcitabine
Data10_GSM5664357_AATTCCTCACTAGGTT-1,0,gemcitabine
Data10_GSM5664357_AATTCCTCAGGACGAT-1,0,gemcitabine
Data10_GSM5664357_AATTCCTCATCCTCAC-1,0,gemcitabine
Data10_GSM5664357_AATTTCCAGCACCAGA-1,0,gemcitabine
Data10_GSM5664357_AATTTCCCAGACGATG-1,0,gemcitabine
Data10_GSM5664357_AATTTCCCAGTTACCA-1,0,gemcitabine
Data10_GSM5664357_AATTTCCGTCTAATCG-1,0,gemcitabine
Data10_GSM5664357_ACAAAGAAGAAACTAC-1,0,gemcitabine
Data10_GSM5664357_ACAAAGAAGAATCCCT-1,0,gemcitabine
Data10_GSM5664357_ACAAAGAAGCGAGAAA-1,0,gemcitabine
Data10_GSM5664357_ACAAAGACACAGTGTT-1,0,gemcitabine
Data10_GSM5664357_ACAAAGACATGGCTGC-1,0,gemcitabine
Data10_GSM5664357_ACAAAGAGTCTTTCAT-1,0,gemcitabine
Data10_GSM5664357_ACAACCAAGACAAGCC-1,0,gemcitabine
Data10_GSM5664357_ACAACCAAGCTAGAGC-1,0,gemcitabine
Data10_GSM5664357_ACAACCACAGACAAAT-1,0,gemcitabine
Data10_GSM5664357_ACAACCACATCCGGTG-1,0,gemcitabine
Data10_GSM5664357_ACAACCACATGGGAAC-1,0,gemcitabine
Data10_GSM5664357_ACAACCATCCATGAGT-1,0,gemcitabine
Data10_GSM5664357_ACAACCATCCTCCACA-1,0,gemcitabine
Data10_GSM5664357_ACAACCATCTCCGAGG-1,0,gemcitabine
Data10_GSM5664357_ACAAGCTAGGTAGATT-1,0,gemcitabine
Data10_GSM5664357_ACAAGCTCAGGCCCTA-1,0,gemcitabine
Data10_GSM5664357_ACAAGCTTCACTACTT-1,0,gemcitabine
Data10_GSM5664357_ACAAGCTTCCCATTTA-1,0,gemcitabine
Data10_GSM5664357_ACACAGTAGGGATCAC-1,0,gemcitabine
Data10_GSM5664357_ACACAGTCACAGCGCT-1,0,gemcitabine
Data10_GSM5664357_ACACAGTGTCAAAGTA-1,0,gemcitabine
Data10_GSM5664357_ACACAGTGTCTAACGT-1,0,gemcitabine
Data10_GSM5664357_ACACAGTTCGAGATGG-1,0,gemcitabine
Data10_GSM5664357_ACACCAAAGACCAGCA-1,0,gemcitabine
Data10_GSM5664357_ACACCAAAGCGATTCT-1,0,gemcitabine
Data10_GSM5664357_ACACCAAAGCTCCATA-1,0,gemcitabine
Data10_GSM5664357_ACACCAACACAATGCT-1,0,gemcitabine
Data10_GSM5664357_ACACCAACAGAACTTC-1,0,gemcitabine
Data10_GSM5664357_ACACGCGAGTAAATGC-1,0,gemcitabine
Data10_GSM5664357_ACACGCGAGTCCCGAC-1,0,gemcitabine
Data10_GSM5664357_ACACGCGCATACCGTA-1,0,gemcitabine
Data10_GSM5664357_ACACGCGGTCTACTGA-1,0,gemcitabine
Data10_GSM5664357_ACACGCGTCAACTACG-1,0,gemcitabine
Data10_GSM5664357_ACACGCGTCCGATTAG-1,0,gemcitabine
Data10_GSM5664357_ACACGCGTCTGACGCG-1,0,gemcitabine
Data10_GSM5664357_ACACTGACAAGTGGCA-1,0,gemcitabine
Data10_GSM5664357_ACACTGACACAAAGTA-1,0,gemcitabine
Data10_GSM5664357_ACACTGAGTAATACCC-1,0,gemcitabine
Data10_GSM5664357_ACACTGAGTGAAGCTG-1,0,gemcitabine
Data10_GSM5664357_ACACTGATCATTGCCC-1,0,gemcitabine
Data10_GSM5664357_ACACTGATCGTTGCCT-1,0,gemcitabine
Data10_GSM5664357_ACAGAAAAGACACACG-1,0,gemcitabine
Data10_GSM5664357_ACAGAAAAGGCCACCT-1,0,gemcitabine
Data10_GSM5664357_ACAGAAAGTCGAGTGA-1,0,gemcitabine
Data10_GSM5664357_ACAGAAATCTCGTTTA-1,0,gemcitabine
Data10_GSM5664357_ACAGAAATCTGTCGCT-1,0,gemcitabine
Data10_GSM5664357_ACAGCCGCAACGGTAG-1,0,gemcitabine
Data10_GSM5664357_ACAGCCGGTGTCGATT-1,0,gemcitabine
Data10_GSM5664357_ACAGGGAAGAGATGCC-1,0,gemcitabine
Data10_GSM5664357_ACAGGGAGTATCACCA-1,0,gemcitabine
Data10_GSM5664357_ACAGGGAGTCGTGCCA-1,0,gemcitabine
Data10_GSM5664357_ACAGGGAGTTAAGAAC-1,0,gemcitabine
Data10_GSM5664357_ACAGGGATCTATGTGG-1,0,gemcitabine
Data10_GSM5664357_ACATCCCAGCCTTCTC-1,0,gemcitabine
Data10_GSM5664357_ACATCCCAGGCAGTCA-1,0,gemcitabine
Data10_GSM5664357_ACATCCCCAAATTGCC-1,0,gemcitabine
Data10_GSM5664357_ACATCCCCACGATTCA-1,0,gemcitabine
Data10_GSM5664357_ACATCCCGTTCCATTT-1,0,gemcitabine
Data10_GSM5664357_ACATCCCTCGCTAGCG-1,0,gemcitabine
Data10_GSM5664357_ACATCCCTCGTTCCCA-1,0,gemcitabine
Data10_GSM5664357_ACATCGAAGGCTATCT-1,0,gemcitabine
Data10_GSM5664357_ACATCGACAGAGGCAT-1,0,gemcitabine
Data10_GSM5664357_ACATCGACAGTTGTTG-1,0,gemcitabine
Data10_GSM5664357_ACATCGATCACACCGG-1,0,gemcitabine
Data10_GSM5664357_ACATCGATCTTGAGCA-1,0,gemcitabine
Data10_GSM5664357_ACATGCAAGCAACCAG-1,0,gemcitabine
Data10_GSM5664357_ACATGCAAGGCCGCTT-1,0,gemcitabine
Data10_GSM5664357_ACATGCAGTATCGCTA-1,0,gemcitabine
Data10_GSM5664357_ACATGCAGTCACCACG-1,0,gemcitabine
Data10_GSM5664357_ACATGCAGTGTTGAGG-1,0,gemcitabine
Data10_GSM5664357_ACATGCATCTCGCTCA-1,0,gemcitabine
Data10_GSM5664357_ACATTTCAGAGCCCAA-1,0,gemcitabine
Data10_GSM5664357_ACATTTCAGAGCTGCA-1,0,gemcitabine
Data10_GSM5664357_ACATTTCAGAGTAACT-1,0,gemcitabine
Data10_GSM5664357_ACATTTCAGCAACTTC-1,0,gemcitabine
Data10_GSM5664357_ACATTTCAGGCCTAAG-1,0,gemcitabine
Data10_GSM5664357_ACATTTCCAAAGGGTC-1,0,gemcitabine
Data10_GSM5664357_ACATTTCCACAGTATC-1,0,gemcitabine
Data10_GSM5664357_ACATTTCCAGGCTATT-1,0,gemcitabine
Data10_GSM5664357_ACATTTCCATGTCAGT-1,0,gemcitabine
Data10_GSM5664357_ACATTTCTCAAGCCCG-1,0,gemcitabine
Data10_GSM5664357_ACATTTCTCACTACGA-1,0,gemcitabine
Data10_GSM5664357_ACATTTCTCCACGGAC-1,0,gemcitabine
Data10_GSM5664357_ACATTTCTCCTGGGTG-1,0,gemcitabine
Data10_GSM5664357_ACATTTCTCTACTATC-1,0,gemcitabine
Data10_GSM5664357_ACCAAACAGCCATCCG-1,0,gemcitabine
Data10_GSM5664357_ACCAAACAGGACGGAG-1,0,gemcitabine
Data10_GSM5664357_ACCAAACCACATTGTG-1,0,gemcitabine
Data10_GSM5664357_ACCAAACCAGACGATG-1,0,gemcitabine
Data10_GSM5664357_ACCAAACGTGAGCTCC-1,0,gemcitabine
Data10_GSM5664357_ACCAAACGTGCCTGCA-1,0,gemcitabine
Data10_GSM5664357_ACCAAACTCCGCAGTG-1,0,gemcitabine
Data10_GSM5664357_ACCAAACTCGAGTGGA-1,0,gemcitabine
Data10_GSM5664357_ACCAACAAGCTGAAAT-1,0,gemcitabine
Data10_GSM5664357_ACCAACACAAGACAAT-1,0,gemcitabine
Data10_GSM5664357_ACCAACACATTCAGGT-1,0,gemcitabine
Data10_GSM5664357_ACCAACAGTCACATTG-1,0,gemcitabine
Data10_GSM5664357_ACCAACAGTGGTAACG-1,0,gemcitabine
Data10_GSM5664357_ACCAACAGTTGTCAGT-1,0,gemcitabine
Data10_GSM5664357_ACCAACATCAAAGGAT-1,0,gemcitabine
Data10_GSM5664357_ACCACAAAGCATTGAA-1,0,gemcitabine
Data10_GSM5664357_ACCACAAAGCCTATCA-1,0,gemcitabine
Data10_GSM5664357_ACCACAACACTGTTCC-1,0,gemcitabine
Data10_GSM5664357_ACCACAACAGATCATC-1,0,gemcitabine
Data10_GSM5664357_ACCACAACATGACTCA-1,0,gemcitabine
Data10_GSM5664357_ACCACAAGTATCGTAC-1,0,gemcitabine
Data10_GSM5664357_ACCACAAGTGATTCTG-1,0,gemcitabine
Data10_GSM5664357_ACCACAAGTGTCTTAG-1,0,gemcitabine
Data10_GSM5664357_ACCACAATCGTTCCTG-1,0,gemcitabine
Data10_GSM5664357_ACCATTTAGAGTTGCG-1,0,gemcitabine
Data10_GSM5664357_ACCATTTAGCATCCCG-1,0,gemcitabine
Data10_GSM5664357_ACCATTTAGCCTCGTG-1,0,gemcitabine
Data10_GSM5664357_ACCATTTAGCTGAAGC-1,0,gemcitabine
Data10_GSM5664357_ACCATTTCACGACGCT-1,0,gemcitabine
Data10_GSM5664357_ACCATTTCATAGAAAC-1,0,gemcitabine
Data10_GSM5664357_ACCATTTGTCCCACGA-1,0,gemcitabine
Data10_GSM5664357_ACCATTTTCCGATGCG-1,0,gemcitabine
Data10_GSM5664357_ACCATTTTCGTCCTCA-1,0,gemcitabine
Data10_GSM5664357_ACCATTTTCTAGTGTG-1,0,gemcitabine
Data10_GSM5664357_ACCCAAAAGTTCCTGA-1,0,gemcitabine
Data10_GSM5664357_ACCCAAACAAGCCATT-1,0,gemcitabine
Data10_GSM5664357_ACCCAAAGTCTACAAC-1,0,gemcitabine
Data10_GSM5664357_ACCCAAAGTCTGTCCT-1,0,gemcitabine
Data10_GSM5664357_ACCCAAAGTGACGCCT-1,0,gemcitabine
Data10_GSM5664357_ACCCAAATCCCGTGTT-1,0,gemcitabine
Data10_GSM5664357_ACCCTCAAGATACTGA-1,0,gemcitabine
Data10_GSM5664357_ACCCTCAAGCCTCTGG-1,0,gemcitabine
Data10_GSM5664357_ACCCTCAAGGCTATCT-1,0,gemcitabine
Data10_GSM5664357_ACCCTCAAGTCCTACA-1,0,gemcitabine
Data10_GSM5664357_ACCCTCACACAGCTTA-1,0,gemcitabine
Data10_GSM5664357_ACCCTCACATCACGGC-1,0,gemcitabine
Data10_GSM5664357_ACCCTCAGTAACATAG-1,0,gemcitabine
Data10_GSM5664357_ACCCTCAGTCTAACGT-1,0,gemcitabine
Data10_GSM5664357_ACCCTCATCCACACAA-1,0,gemcitabine
Data10_GSM5664357_ACCCTCATCGGCTTCT-1,0,gemcitabine
Data10_GSM5664357_ACCCTCATCTCTGCTG-1,0,gemcitabine
Data10_GSM5664357_ACCCTTGAGATGCAGC-1,0,gemcitabine
Data10_GSM5664357_ACCCTTGAGTTCCAGT-1,0,gemcitabine
Data10_GSM5664357_ACCCTTGCAAGGTCAG-1,0,gemcitabine
Data10_GSM5664357_ACCCTTGGTCACCGCA-1,0,gemcitabine
Data10_GSM5664357_ACCCTTGTCGAACCAT-1,0,gemcitabine
Data10_GSM5664357_ACCGTTCAGAAACACT-1,0,gemcitabine
Data10_GSM5664357_ACCGTTCAGACCTCAT-1,0,gemcitabine
Data10_GSM5664357_ACCGTTCAGGCGTTAG-1,0,gemcitabine
Data10_GSM5664357_ACCGTTCCAACTTGGT-1,0,gemcitabine
Data10_GSM5664357_ACCGTTCCAAGTTCGT-1,0,gemcitabine
Data10_GSM5664357_ACCGTTCGTAAGCAAT-1,0,gemcitabine
Data10_GSM5664357_ACCGTTCGTCTTTCAT-1,0,gemcitabine
Data10_GSM5664357_ACCGTTCGTGTTTGCA-1,0,gemcitabine
Data10_GSM5664357_ACCGTTCTCATGTCAG-1,0,gemcitabine
Data10_GSM5664357_ACCGTTCTCCATACAG-1,0,gemcitabine
Data10_GSM5664357_ACCGTTCTCCTCGATC-1,0,gemcitabine
Data10_GSM5664357_ACCTACCAGACATAGT-1,0,gemcitabine
Data10_GSM5664357_ACCTACCCAGCTTTCC-1,0,gemcitabine
Data10_GSM5664357_ACCTACCGTACTTGTG-1,0,gemcitabine
Data10_GSM5664357_ACCTACCGTGTCCTAA-1,0,gemcitabine
Data10_GSM5664357_ACCTACCTCACTGAAC-1,0,gemcitabine
Data10_GSM5664357_ACCTACCTCTGCGAGC-1,0,gemcitabine
Data10_GSM5664357_ACCTGAAAGCTAATGA-1,0,gemcitabine
Data10_GSM5664357_ACCTGAAAGGAGACCT-1,0,gemcitabine
Data10_GSM5664357_ACCTGAACACCCTTGT-1,0,gemcitabine
Data10_GSM5664357_ACCTGAACACTGAGGA-1,0,gemcitabine
Data10_GSM5664357_ACCTGAACATAATCGC-1,0,gemcitabine
Data10_GSM5664357_ACCTGAATCTTCTTCC-1,0,gemcitabine
Data10_GSM5664357_ACCTGTCAGCAGTCTT-1,0,gemcitabine
Data10_GSM5664357_ACCTGTCAGCTGAAGC-1,0,gemcitabine
Data10_GSM5664357_ACCTGTCAGGACCCAA-1,0,gemcitabine
Data10_GSM5664357_ACCTGTCAGTCAATCC-1,0,gemcitabine
Data10_GSM5664357_ACCTGTCCAACTCGTA-1,0,gemcitabine
Data10_GSM5664357_ACCTGTCGTTACAGCT-1,0,gemcitabine
Data10_GSM5664357_ACCTGTCGTTTACGAC-1,0,gemcitabine
Data10_GSM5664357_ACGATCAAGTTACGAA-1,0,gemcitabine
Data10_GSM5664357_ACGATCAGTGTCATCA-1,0,gemcitabine
Data10_GSM5664357_ACGATCATCGACACCG-1,0,gemcitabine
Data10_GSM5664357_ACGATCATCTACTATC-1,0,gemcitabine
Data10_GSM5664357_ACGATGTAGATCCGAG-1,0,gemcitabine
Data10_GSM5664357_ACGATGTAGCGAGTCA-1,0,gemcitabine
Data10_GSM5664357_ACGATGTAGGTGCCAA-1,0,gemcitabine
Data10_GSM5664357_ACGATGTAGTCATGGG-1,0,gemcitabine
Data10_GSM5664357_ACGATGTCACAGTCAT-1,0,gemcitabine
Data10_GSM5664357_ACGATGTCACGGTGAA-1,0,gemcitabine
Data10_GSM5664357_ACGATGTGTACGGATG-1,0,gemcitabine
Data10_GSM5664357_ACGCACGAGGTGGTTG-1,0,gemcitabine
Data10_GSM5664357_ACGCACGCACGCTGAC-1,0,gemcitabine
Data10_GSM5664357_ACGCACGTCTAGCATG-1,0,gemcitabine
Data10_GSM5664357_ACGGAAGAGTACCATC-1,0,gemcitabine
Data10_GSM5664357_ACGGAAGCAAATGAAC-1,0,gemcitabine
Data10_GSM5664357_ACGGAAGCAAGAGGCT-1,0,gemcitabine
Data10_GSM5664357_ACGGAAGCATGCACTA-1,0,gemcitabine
Data10_GSM5664357_ACGGAAGGTAATTAGG-1,0,gemcitabine
Data10_GSM5664357_ACGGAAGTCGTACCTC-1,0,gemcitabine
Data10_GSM5664357_ACGGGTCCAACTGCCG-1,0,gemcitabine
Data10_GSM5664357_ACGGGTCCAGGCATTT-1,0,gemcitabine
Data10_GSM5664357_ACGGGTCCAGTCCCGA-1,0,gemcitabine
Data10_GSM5664357_ACGGGTCCATTGAAAG-1,0,gemcitabine
Data10_GSM5664357_ACGGGTCTCTTTCTAG-1,0,gemcitabine
Data10_GSM5664357_ACGGGTCTCTTTGCTA-1,0,gemcitabine
Data10_GSM5664357_ACGGTCGCAACCGCCA-1,0,gemcitabine
Data10_GSM5664357_ACGGTCGCAGCGAACA-1,0,gemcitabine
Data10_GSM5664357_ACGGTCGTCAAATGAG-1,0,gemcitabine
Data10_GSM5664357_ACGGTCGTCGTCGGGT-1,0,gemcitabine
Data10_GSM5664357_ACGGTTAAGACGTCGA-1,0,gemcitabine
Data10_GSM5664357_ACGGTTAAGCATCAGG-1,0,gemcitabine
Data10_GSM5664357_ACGGTTAAGCGACTTT-1,0,gemcitabine
Data10_GSM5664357_ACGGTTAAGTCACGAG-1,0,gemcitabine
Data10_GSM5664357_ACGGTTATCAGGACGA-1,0,gemcitabine
Data10_GSM5664357_ACGGTTATCTGAATCG-1,0,gemcitabine
Data10_GSM5664357_ACGTAACCACACTTAG-1,0,gemcitabine
Data10_GSM5664357_ACGTAACCACGTCATA-1,0,gemcitabine
Data10_GSM5664357_ACGTAACCAGACCCGT-1,0,gemcitabine
Data10_GSM5664357_ACGTACAAGACATAGT-1,0,gemcitabine
Data10_GSM5664357_ACGTACAAGCCGAACA-1,0,gemcitabine
Data10_GSM5664357_ACGTACAAGGATACGC-1,0,gemcitabine
Data10_GSM5664357_ACGTACAAGTTGCGAG-1,0,gemcitabine
Data10_GSM5664357_ACGTACACACTACTTT-1,0,gemcitabine
Data10_GSM5664357_ACGTACAGTCCCTGTT-1,0,gemcitabine
Data10_GSM5664357_ACGTACATCAAACGTC-1,0,gemcitabine
Data10_GSM5664357_ACGTACATCGAATGCT-1,0,gemcitabine
Data10_GSM5664357_ACGTACATCTGCACCT-1,0,gemcitabine
Data10_GSM5664357_ACGTAGTAGAGTTCGG-1,0,gemcitabine
Data10_GSM5664357_ACGTAGTAGCGTGAAC-1,0,gemcitabine
Data10_GSM5664357_ACGTAGTTCGTGTGGC-1,0,gemcitabine
Data10_GSM5664357_ACGTAGTTCGTTATCT-1,0,gemcitabine
Data10_GSM5664357_ACGTCCTAGCACGGAT-1,0,gemcitabine
Data10_GSM5664357_ACGTCCTAGGAAGTCC-1,0,gemcitabine
Data10_GSM5664357_ACGTCCTAGTCAAGCG-1,0,gemcitabine
Data10_GSM5664357_ACGTCCTCACACCTTC-1,0,gemcitabine
Data10_GSM5664357_ACGTCCTCACCGAATT-1,0,gemcitabine
Data10_GSM5664357_ACGTCCTTCAAGCCCG-1,0,gemcitabine
Data10_GSM5664357_ACGTCCTTCCGATGTA-1,0,gemcitabine
Data10_GSM5664357_ACGTCCTTCCGTGCGA-1,0,gemcitabine
Data10_GSM5664357_ACGTTCCAGACAAGCC-1,0,gemcitabine
Data10_GSM5664357_ACGTTCCAGCTCTGTA-1,0,gemcitabine
Data10_GSM5664357_ACGTTCCCACAGAAGC-1,0,gemcitabine
Data10_GSM5664357_ACGTTCCCACCGAATT-1,0,gemcitabine
Data10_GSM5664357_ACGTTCCCACGCTGTG-1,0,gemcitabine
Data10_GSM5664357_ACGTTCCCAGCACACC-1,0,gemcitabine
Data10_GSM5664357_ACGTTCCGTGTCTTAG-1,0,gemcitabine
Data10_GSM5664357_ACTACGAAGGGAGATA-1,0,gemcitabine
Data10_GSM5664357_ACTACGAGTACGCTAT-1,0,gemcitabine
Data10_GSM5664357_ACTACGAGTATCGATC-1,0,gemcitabine
Data10_GSM5664357_ACTATCTAGCCTGACC-1,0,gemcitabine
Data10_GSM5664357_ACTATCTAGCTAAGTA-1,0,gemcitabine
Data10_GSM5664357_ACTATCTCAGCCGGTT-1,0,gemcitabine
Data10_GSM5664357_ACTATCTCAGTGCCTG-1,0,gemcitabine
Data10_GSM5664357_ACTATCTGTGAGTCAG-1,0,gemcitabine
Data10_GSM5664357_ACTATCTGTTCAATCG-1,0,gemcitabine
Data10_GSM5664357_ACTATCTTCGAACACT-1,0,gemcitabine
Data10_GSM5664357_ACTATCTTCTGTAAGC-1,0,gemcitabine
Data10_GSM5664357_ACTATGGAGTGCAACG-1,0,gemcitabine
Data10_GSM5664357_ACTATGGCAACCTATG-1,0,gemcitabine
Data10_GSM5664357_ACTATGGCACTCCTGT-1,0,gemcitabine
Data10_GSM5664357_ACTATGGGTATCATGC-1,0,gemcitabine
Data10_GSM5664357_ACTATGGTCGGATACT-1,0,gemcitabine
Data10_GSM5664357_ACTATTCAGCTTGTTG-1,0,gemcitabine
Data10_GSM5664357_ACTATTCTCAACGCTA-1,0,gemcitabine
Data10_GSM5664357_ACTATTCTCACCGGGT-1,0,gemcitabine
Data10_GSM5664357_ACTATTCTCCCTTTGG-1,0,gemcitabine
Data10_GSM5664357_ACTATTCTCTCTTGCG-1,0,gemcitabine
Data10_GSM5664357_ACTCCCAAGAGGATGA-1,0,gemcitabine
Data10_GSM5664357_ACTCCCAAGCTATCTG-1,0,gemcitabine
Data10_GSM5664357_ACTCCCACAACCTAAC-1,0,gemcitabine
Data10_GSM5664357_ACTCCCAGTACGGCAA-1,0,gemcitabine
Data10_GSM5664357_ACTCTCGGTCTCGGAC-1,0,gemcitabine
Data10_GSM5664357_ACTCTCGGTTGGTACT-1,0,gemcitabine
Data10_GSM5664357_ACTCTCGTCCATTGGA-1,0,gemcitabine
Data10_GSM5664357_ACTCTCGTCCCGTAAA-1,0,gemcitabine
Data10_GSM5664357_ACTCTCGTCCTTCGAC-1,0,gemcitabine
Data10_GSM5664357_ACTCTCGTCTAACACG-1,0,gemcitabine
Data10_GSM5664357_ACTGATGAGCACTCCG-1,0,gemcitabine
Data10_GSM5664357_ACTGATGGTCCAGCAC-1,0,gemcitabine
Data10_GSM5664357_ACTGATGTCGACGACC-1,0,gemcitabine
Data10_GSM5664357_ACTGATGTCTGGGCCA-1,0,gemcitabine
Data10_GSM5664357_ACTGCAAGTCTCGCGA-1,0,gemcitabine
Data10_GSM5664357_ACTGCAAGTTGTTGCA-1,0,gemcitabine
Data10_GSM5664357_ACTGCAATCGGTTGTA-1,0,gemcitabine
Data10_GSM5664357_ACTGTCCAGCACTGGA-1,0,gemcitabine
Data10_GSM5664357_ACTGTCCAGCCTTTGA-1,0,gemcitabine
Data10_GSM5664357_ACTGTCCCAAAGGCTG-1,0,gemcitabine
Data10_GSM5664357_ACTGTCCCAGCACAGA-1,0,gemcitabine
Data10_GSM5664357_ACTGTCCGTACAGTCT-1,0,gemcitabine
Data10_GSM5664357_ACTGTCCGTAGCGCCT-1,0,gemcitabine
Data10_GSM5664357_ACTGTCCTCGCTGTTC-1,0,gemcitabine
Data10_GSM5664357_ACTGTGAGTCGTACAT-1,0,gemcitabine
Data10_GSM5664357_ACTGTGAGTTCACGAT-1,0,gemcitabine
Data10_GSM5664357_ACTGTGATCATAAGGA-1,0,gemcitabine
Data10_GSM5664357_ACTGTGATCTCTCCGA-1,0,gemcitabine
Data10_GSM5664357_ACTTAGGAGGCTAACG-1,0,gemcitabine
Data10_GSM5664357_ACTTAGGAGTCTGCGC-1,0,gemcitabine
Data10_GSM5664357_ACTTAGGCAAGCACCC-1,0,gemcitabine
Data10_GSM5664357_ACTTAGGCACTGTCGG-1,0,gemcitabine
Data10_GSM5664357_ACTTAGGCACTTCCTG-1,0,gemcitabine
Data10_GSM5664357_ACTTAGGGTACATTGC-1,0,gemcitabine
Data10_GSM5664357_ACTTAGGGTCAGCTTA-1,0,gemcitabine
Data10_GSM5664357_ACTTAGGGTGGTAATA-1,0,gemcitabine
Data10_GSM5664357_ACTTAGGTCATTGGTG-1,0,gemcitabine
Data10_GSM5664357_ACTTAGGTCTAGTACG-1,0,gemcitabine
Data10_GSM5664357_ACTTATCCAAATAAGC-1,0,gemcitabine
Data10_GSM5664357_ACTTATCCAACCTAAC-1,0,gemcitabine
Data10_GSM5664357_ACTTATCGTCACCCTT-1,0,gemcitabine
Data10_GSM5664357_ACTTATCGTTGCTCAA-1,0,gemcitabine
Data10_GSM5664357_ACTTATCTCCAAGAGG-1,0,gemcitabine
Data10_GSM5664357_ACTTATCTCGACCTAA-1,0,gemcitabine
Data10_GSM5664357_ACTTCCGAGCGAACTG-1,0,gemcitabine
Data10_GSM5664357_ACTTCCGAGGAATCGC-1,0,gemcitabine
Data10_GSM5664357_ACTTCCGCAAGGTTGG-1,0,gemcitabine
Data10_GSM5664357_ACTTCCGCATACAGCT-1,0,gemcitabine
Data10_GSM5664357_ACTTCCGTCTACTTCA-1,0,gemcitabine
Data10_GSM5664357_ACTTCCGTCTGACCCT-1,0,gemcitabine
Data10_GSM5664357_ACTTCGCAGAGCAACC-1,0,gemcitabine
Data10_GSM5664357_ACTTCGCAGATCCCAT-1,0,gemcitabine
Data10_GSM5664357_ACTTCGCAGCCTCGTG-1,0,gemcitabine
Data10_GSM5664357_ACTTCGCAGCTAGATA-1,0,gemcitabine
Data10_GSM5664357_ACTTCGCAGTGCACAG-1,0,gemcitabine
Data10_GSM5664357_ACTTCGCCACTGGATT-1,0,gemcitabine
Data10_GSM5664357_ACTTCGCCAGGAACCA-1,0,gemcitabine
Data10_GSM5664357_ACTTCGCGTGCCCGTA-1,0,gemcitabine
Data10_GSM5664357_ACTTCGCTCGTAGCTA-1,0,gemcitabine
Data10_GSM5664357_ACTTTCAGTCCTTGTC-1,0,gemcitabine
Data10_GSM5664357_ACTTTCAGTCTAGGCC-1,0,gemcitabine
Data10_GSM5664357_ACTTTCATCCCTCTAG-1,0,gemcitabine
Data10_GSM5664357_ACTTTCATCCTGTAAG-1,0,gemcitabine
Data10_GSM5664357_ACTTTCATCGCTGTTC-1,0,gemcitabine
Data10_GSM5664357_ACTTTCATCTCACGAA-1,0,gemcitabine
Data10_GSM5664357_ACTTTCATCTGCCTCA-1,0,gemcitabine
Data10_GSM5664357_ACTTTGTAGCAACAAT-1,0,gemcitabine
Data10_GSM5664357_ACTTTGTAGCCTCCAG-1,0,gemcitabine
Data10_GSM5664357_ACTTTGTTCATGGCCG-1,0,gemcitabine
Data10_GSM5664357_AGAAATGAGTCTGGAG-1,0,gemcitabine
Data10_GSM5664357_AGAAATGCAAGTGACG-1,0,gemcitabine
Data10_GSM5664357_AGAAATGCAATATCCG-1,0,gemcitabine
Data10_GSM5664357_AGAAATGCACCTATCC-1,0,gemcitabine
Data10_GSM5664357_AGAAATGCACTGGAAG-1,0,gemcitabine
Data10_GSM5664357_AGAAATGCATGGATCT-1,0,gemcitabine
Data10_GSM5664357_AGAAATGGTGGATACG-1,0,gemcitabine
Data10_GSM5664357_AGAAATGTCGACTCCT-1,0,gemcitabine
Data10_GSM5664357_AGAACAACACACCGAC-1,0,gemcitabine
Data10_GSM5664357_AGAACAACACATTCTT-1,0,gemcitabine
Data10_GSM5664357_AGAACAACAGGCGTTC-1,0,gemcitabine
Data10_GSM5664357_AGAACAAGTCTGTGCG-1,0,gemcitabine
Data10_GSM5664357_AGAACAATCCCGTTCA-1,0,gemcitabine
Data10_GSM5664357_AGAACAATCGCATTAG-1,0,gemcitabine
Data10_GSM5664357_AGAACCTGTGATGGCA-1,0,gemcitabine
Data10_GSM5664357_AGAACCTGTTGCATGT-1,0,gemcitabine
Data10_GSM5664357_AGAACCTTCCACAAGT-1,0,gemcitabine
Data10_GSM5664357_AGAAGCGGTACGGGAT-1,0,gemcitabine
Data10_GSM5664357_AGAAGCGGTCCCTAAA-1,0,gemcitabine
Data10_GSM5664357_AGAAGCGGTGCCCTTT-1,0,gemcitabine
Data10_GSM5664357_AGAAGCGTCCGGTAAT-1,0,gemcitabine
Data10_GSM5664357_AGAAGTAAGCACCTGC-1,0,gemcitabine
Data10_GSM5664357_AGAAGTACACAAACGG-1,0,gemcitabine
Data10_GSM5664357_AGAAGTACAGCTACTA-1,0,gemcitabine
Data10_GSM5664357_AGAAGTAGTTCCTACC-1,0,gemcitabine
Data10_GSM5664357_AGAAGTATCGACTCCT-1,0,gemcitabine
Data10_GSM5664357_AGACAAAAGTCCCGGT-1,0,gemcitabine
Data10_GSM5664357_AGACAAACAAGGTCAG-1,0,gemcitabine
Data10_GSM5664357_AGACAAAGTTGTCAGT-1,0,gemcitabine
Data10_GSM5664357_AGACACTAGTAAAGCT-1,0,gemcitabine
Data10_GSM5664357_AGACACTCAATGGCAG-1,0,gemcitabine
Data10_GSM5664357_AGACACTGTTGCCGCA-1,0,gemcitabine
Data10_GSM5664357_AGACACTTCGCTTACC-1,0,gemcitabine
Data10_GSM5664357_AGACACTTCTTCTCAA-1,0,gemcitabine
Data10_GSM5664357_AGACAGGAGACAAGCC-1,0,gemcitabine
Data10_GSM5664357_AGACAGGAGCCGATAG-1,0,gemcitabine
Data10_GSM5664357_AGACAGGAGTGCAGCA-1,0,gemcitabine
Data10_GSM5664357_AGACAGGCATACTGAC-1,0,gemcitabine
Data10_GSM5664357_AGACAGGGTTCTCACC-1,0,gemcitabine
Data10_GSM5664357_AGACCATAGAAACTGT-1,0,gemcitabine
Data10_GSM5664357_AGACCATCATACTGTG-1,0,gemcitabine
Data10_GSM5664357_AGACCATGTTATCTTC-1,0,gemcitabine
Data10_GSM5664357_AGACCCGAGCCTATCA-1,0,gemcitabine
Data10_GSM5664357_AGACCCGAGCTCACTA-1,0,gemcitabine
Data10_GSM5664357_AGACCCGAGGCTCTAT-1,0,gemcitabine
Data10_GSM5664357_AGACCCGAGGGTTTCT-1,0,gemcitabine
Data10_GSM5664357_AGACCCGGTCCACTTC-1,0,gemcitabine
Data10_GSM5664357_AGACCCGTCTTACCAT-1,0,gemcitabine
Data10_GSM5664357_AGACTCAAGCATCCTA-1,0,gemcitabine
Data10_GSM5664357_AGACTCAAGCTCCACG-1,0,gemcitabine
Data10_GSM5664357_AGACTCAAGGGAGTTC-1,0,gemcitabine
Data10_GSM5664357_AGACTCAAGTTCGCAT-1,0,gemcitabine
Data10_GSM5664357_AGACTCACAGCGTATT-1,0,gemcitabine
Data10_GSM5664357_AGACTCACAGGCGTTC-1,0,gemcitabine
Data10_GSM5664357_AGACTCACAGTGAGCA-1,0,gemcitabine
Data10_GSM5664357_AGACTCAGTGGCGCTT-1,0,gemcitabine
Data10_GSM5664357_AGACTCATCCATCGTC-1,0,gemcitabine
Data10_GSM5664357_AGACTCATCGAGAACG-1,0,gemcitabine
Data10_GSM5664357_AGACTCATCTACTCAT-1,0,gemcitabine
Data10_GSM5664357_AGAGAATCAACTGAAA-1,0,gemcitabine
Data10_GSM5664357_AGAGAATCACCCGTAG-1,0,gemcitabine
Data10_GSM5664357_AGAGAATTCATGAGAA-1,0,gemcitabine
Data10_GSM5664357_AGAGAATTCTCTGCTG-1,0,gemcitabine
Data10_GSM5664357_AGAGAGCAGACATACA-1,0,gemcitabine
Data10_GSM5664357_AGAGAGCAGGCCTGAA-1,0,gemcitabine
Data10_GSM5664357_AGAGAGCCAACGGCCT-1,0,gemcitabine
Data10_GSM5664357_AGAGAGCCACCGTGCA-1,0,gemcitabine
Data10_GSM5664357_AGAGAGCGTAGTTCCA-1,0,gemcitabine
Data10_GSM5664357_AGAGAGCGTGAGATTA-1,0,gemcitabine
Data10_GSM5664357_AGAGAGCTCTCCGTGT-1,0,gemcitabine
Data10_GSM5664357_AGAGCAGAGGTCCCGT-1,0,gemcitabine
Data10_GSM5664357_AGAGCAGGTAGTCACT-1,0,gemcitabine
Data10_GSM5664357_AGAGCAGTCTATCGCC-1,0,gemcitabine
Data10_GSM5664357_AGAGCCCCAGTTCTAG-1,0,gemcitabine
Data10_GSM5664357_AGAGCCCCATAATGCC-1,0,gemcitabine
Data10_GSM5664357_AGAGCCCTCCAGCCTT-1,0,gemcitabine
Data10_GSM5664357_AGAGCCCTCGAAATCC-1,0,gemcitabine
Data10_GSM5664357_AGATAGACACTACTTT-1,0,gemcitabine
Data10_GSM5664357_AGATAGACAGAATTCC-1,0,gemcitabine
Data10_GSM5664357_AGATAGACATGACTAC-1,0,gemcitabine
Data10_GSM5664357_AGATAGAGTATCACCA-1,0,gemcitabine
Data10_GSM5664357_AGATAGAGTGACTCTA-1,0,gemcitabine
Data10_GSM5664357_AGATCCAAGGCATGGT-1,0,gemcitabine
Data10_GSM5664357_AGATCCAAGTCATCCA-1,0,gemcitabine
Data10_GSM5664357_AGATCCACAAACTAAG-1,0,gemcitabine
Data10_GSM5664357_AGATCCACACTCAGAT-1,0,gemcitabine
Data10_GSM5664357_AGATCCACACTGAATC-1,0,gemcitabine
Data10_GSM5664357_AGATCCACAGAACCGA-1,0,gemcitabine
Data10_GSM5664357_AGATCCACATGTGCCG-1,0,gemcitabine
Data10_GSM5664357_AGATCCATCTCTCAAT-1,0,gemcitabine
Data10_GSM5664357_AGATCGTGTCGTAATC-1,0,gemcitabine
Data10_GSM5664357_AGATGAACAATCCAGT-1,0,gemcitabine
Data10_GSM5664357_AGATGAATCAATCCGA-1,0,gemcitabine
Data10_GSM5664357_AGATGAATCTTACCGC-1,0,gemcitabine
Data10_GSM5664357_AGATGCTCACTGGCGT-1,0,gemcitabine
Data10_GSM5664357_AGATGCTTCCACCTGT-1,0,gemcitabine
Data10_GSM5664357_AGATGCTTCGCCAGTG-1,0,gemcitabine
Data10_GSM5664357_AGCATCAAGGCACCAA-1,0,gemcitabine
Data10_GSM5664357_AGCATCACAGAAATTG-1,0,gemcitabine
Data10_GSM5664357_AGCATCAGTCGACGCT-1,0,gemcitabine
Data10_GSM5664357_AGCCAATAGTGCTAGG-1,0,gemcitabine
Data10_GSM5664357_AGCCAATCAGAGTTGG-1,0,gemcitabine
Data10_GSM5664357_AGCCAATCATGTGTCA-1,0,gemcitabine
Data10_GSM5664357_AGCCAATGTTACCTGA-1,0,gemcitabine
Data10_GSM5664357_AGCCAATTCCGGCTTT-1,0,gemcitabine
Data10_GSM5664357_AGCCAATTCGATACTG-1,0,gemcitabine
Data10_GSM5664357_AGCCACGAGGGTGGGA-1,0,gemcitabine
Data10_GSM5664357_AGCCACGCACGGAAGT-1,0,gemcitabine
Data10_GSM5664357_AGCCACGCATGAATAG-1,0,gemcitabine
Data10_GSM5664357_AGCCACGGTACCGTGC-1,0,gemcitabine
Data10_GSM5664357_AGCCAGCAGAATACAC-1,0,gemcitabine
Data10_GSM5664357_AGCCAGCAGAGCATTA-1,0,gemcitabine
Data10_GSM5664357_AGCCAGCCAAGTGGAC-1,0,gemcitabine
Data10_GSM5664357_AGCCAGCGTACTGCCG-1,0,gemcitabine
Data10_GSM5664357_AGCGATTAGAAGAACG-1,0,gemcitabine
Data10_GSM5664357_AGCGATTAGAGCAGAA-1,0,gemcitabine
Data10_GSM5664357_AGCGATTAGATTGTGA-1,0,gemcitabine
Data10_GSM5664357_AGCGATTCAGAGGTTG-1,0,gemcitabine
Data10_GSM5664357_AGCGATTCAGATCACT-1,0,gemcitabine
Data10_GSM5664357_AGCGATTTCTCGTTTA-1,0,gemcitabine
Data10_GSM5664357_AGCGCCAAGAGTATAC-1,0,gemcitabine
Data10_GSM5664357_AGCGCCACAACTTGCA-1,0,gemcitabine
Data10_GSM5664357_AGCGCCACAATTCTCT-1,0,gemcitabine
Data10_GSM5664357_AGCGCCACATTCTTCA-1,0,gemcitabine
Data10_GSM5664357_AGCGCCAGTAGATGTA-1,0,gemcitabine
Data10_GSM5664357_AGCGCCAGTCGCATGC-1,0,gemcitabine
Data10_GSM5664357_AGCGCCAGTTCTCACC-1,0,gemcitabine
Data10_GSM5664357_AGCGCCATCAACTTTC-1,0,gemcitabine
Data10_GSM5664357_AGCGCCATCCGACAGC-1,0,gemcitabine
Data10_GSM5664357_AGCGCCATCGCCGAAC-1,0,gemcitabine
Data10_GSM5664357_AGCGCTGCAACCAGAG-1,0,gemcitabine
Data10_GSM5664357_AGCGCTGCACGCCAGT-1,0,gemcitabine
Data10_GSM5664357_AGCGCTGCAGCAGTCC-1,0,gemcitabine
Data10_GSM5664357_AGCGCTGCATCCAACA-1,0,gemcitabine
Data10_GSM5664357_AGCGCTGCATGTGGCC-1,0,gemcitabine
Data10_GSM5664357_AGCGTATAGGTCTACT-1,0,gemcitabine
Data10_GSM5664357_AGCGTATAGTTCGCAT-1,0,gemcitabine
Data10_GSM5664357_AGCGTATCACTAGGTT-1,0,gemcitabine
Data10_GSM5664357_AGCGTATCATCGCCTT-1,0,gemcitabine
Data10_GSM5664357_AGCGTATGTTCAGTAC-1,0,gemcitabine
Data10_GSM5664357_AGCGTATTCACAAGGG-1,0,gemcitabine
Data10_GSM5664357_AGCGTATTCCTACACC-1,0,gemcitabine
Data10_GSM5664357_AGCGTATTCTCTCAAT-1,0,gemcitabine
Data10_GSM5664357_AGCGTCGAGCACCCAC-1,0,gemcitabine
Data10_GSM5664357_AGCGTCGAGCTGACTT-1,0,gemcitabine
Data10_GSM5664357_AGCTACAAGACCGTTT-1,0,gemcitabine
Data10_GSM5664357_AGCTACACATTCTGTT-1,0,gemcitabine
Data10_GSM5664357_AGCTACAGTACTGGGA-1,0,gemcitabine
Data10_GSM5664357_AGCTACAGTAGCGTCC-1,0,gemcitabine
Data10_GSM5664357_AGCTACATCGCCTATC-1,0,gemcitabine
Data10_GSM5664357_AGCTCAAGTACTAGCT-1,0,gemcitabine
Data10_GSM5664357_AGCTCAAGTAGGACTG-1,0,gemcitabine
Data10_GSM5664357_AGCTCAATCAGGCGAA-1,0,gemcitabine
Data10_GSM5664357_AGCTCAATCATCGTAG-1,0,gemcitabine
Data10_GSM5664357_AGCTCAATCCAAACCA-1,0,gemcitabine
Data10_GSM5664357_AGCTCAATCCAGCTCT-1,0,gemcitabine
Data10_GSM5664357_AGCTTCCCAAGACGAC-1,0,gemcitabine
Data10_GSM5664357_AGCTTCCCACGACAAG-1,0,gemcitabine
Data10_GSM5664357_AGCTTCCCAGGACTAG-1,0,gemcitabine
Data10_GSM5664357_AGCTTCCTCGTAGCTA-1,0,gemcitabine
Data10_GSM5664357_AGGAAATAGTTGTCAC-1,0,gemcitabine
Data10_GSM5664357_AGGAAATCAGTCAGCC-1,0,gemcitabine
Data10_GSM5664357_AGGAAATGTCAAAGTA-1,0,gemcitabine
Data10_GSM5664357_AGGAAATTCCATCGTC-1,0,gemcitabine
Data10_GSM5664357_AGGAATAAGTACTCGT-1,0,gemcitabine
Data10_GSM5664357_AGGAATACAAACTAAG-1,0,gemcitabine
Data10_GSM5664357_AGGACGAAGGTCTACT-1,0,gemcitabine
Data10_GSM5664357_AGGACGATCTAGTACG-1,0,gemcitabine
Data10_GSM5664357_AGGACTTAGAGCATAT-1,0,gemcitabine
Data10_GSM5664357_AGGACTTAGGCTCTCG-1,0,gemcitabine
Data10_GSM5664357_AGGACTTCACAGCCAC-1,0,gemcitabine
Data10_GSM5664357_AGGACTTCAGAACTCT-1,0,gemcitabine
Data10_GSM5664357_AGGACTTGTAAGATAC-1,0,gemcitabine
Data10_GSM5664357_AGGACTTTCTAGCATG-1,0,gemcitabine
Data10_GSM5664357_AGGACTTTCTCATAGG-1,0,gemcitabine
Data10_GSM5664357_AGGAGGTAGCACTCGC-1,0,gemcitabine
Data10_GSM5664357_AGGAGGTCACTTCTCG-1,0,gemcitabine
Data10_GSM5664357_AGGAGGTCAGAGGACT-1,0,gemcitabine
Data10_GSM5664357_AGGAGGTGTATGAAAC-1,0,gemcitabine
Data10_GSM5664357_AGGAGGTGTCAAGTTC-1,0,gemcitabine
Data10_GSM5664357_AGGAGGTTCGAGATGG-1,0,gemcitabine
Data10_GSM5664357_AGGATAAAGAGCTTTC-1,0,gemcitabine
Data10_GSM5664357_AGGATAAAGCCTGAAG-1,0,gemcitabine
Data10_GSM5664357_AGGATAAAGGGATCAC-1,0,gemcitabine
Data10_GSM5664357_AGGATAAAGTTCCAGT-1,0,gemcitabine
Data10_GSM5664357_AGGATAACAAGAGGTC-1,0,gemcitabine
Data10_GSM5664357_AGGATAAGTACTTGTG-1,0,gemcitabine
Data10_GSM5664357_AGGATAAGTCAACATC-1,0,gemcitabine
Data10_GSM5664357_AGGATAAGTGTTTACG-1,0,gemcitabine
Data10_GSM5664357_AGGATCTAGGAAAGAC-1,0,gemcitabine
Data10_GSM5664357_AGGATCTAGTCCGTCG-1,0,gemcitabine
Data10_GSM5664357_AGGATCTCATAACTCG-1,0,gemcitabine
Data10_GSM5664357_AGGATCTGTACGGATG-1,0,gemcitabine
Data10_GSM5664357_AGGATCTGTGGATCAG-1,0,gemcitabine
Data10_GSM5664357_AGGATCTTCCTCTCTT-1,0,gemcitabine
Data10_GSM5664357_AGGCATTAGCAATTAG-1,0,gemcitabine
Data10_GSM5664357_AGGCATTCATTGGCAT-1,0,gemcitabine
Data10_GSM5664357_AGGCATTGTACACTCA-1,0,gemcitabine
Data10_GSM5664357_AGGCATTGTAGCTGCC-1,0,gemcitabine
Data10_GSM5664357_AGGCATTGTATCCTTT-1,0,gemcitabine
Data10_GSM5664357_AGGCATTGTCACTACA-1,0,gemcitabine
Data10_GSM5664357_AGGCATTGTGAGGCAT-1,0,gemcitabine
Data10_GSM5664357_AGGCATTTCCCTCTTT-1,0,gemcitabine
Data10_GSM5664357_AGGCCACAGACCACGA-1,0,gemcitabine
Data10_GSM5664357_AGGCCACAGATACAGT-1,0,gemcitabine
Data10_GSM5664357_AGGCCACCACGACCTG-1,0,gemcitabine
Data10_GSM5664357_AGGCCACCATAGCACT-1,0,gemcitabine
Data10_GSM5664357_AGGCCACGTATTGAGA-1,0,gemcitabine
Data10_GSM5664357_AGGCCACTCAGTGTGT-1,0,gemcitabine
Data10_GSM5664357_AGGCTGCTCAAGGCTT-1,0,gemcitabine
Data10_GSM5664357_AGGCTGCTCGAGGCAA-1,0,gemcitabine
Data10_GSM5664357_AGGCTGCTCGAGTACT-1,0,gemcitabine
Data10_GSM5664357_AGGCTGCTCGGTGTAT-1,0,gemcitabine
Data10_GSM5664357_AGGGAGTAGAATACAC-1,0,gemcitabine
Data10_GSM5664357_AGGGAGTAGGTTGACG-1,0,gemcitabine
Data10_GSM5664357_AGGGAGTAGTCGAAAT-1,0,gemcitabine
Data10_GSM5664357_AGGGCCTCAACACAGG-1,0,gemcitabine
Data10_GSM5664357_AGGGCCTCATAGGAGC-1,0,gemcitabine
Data10_GSM5664357_AGGGCTCCAGTTCCAA-1,0,gemcitabine
Data10_GSM5664357_AGGGCTCGTCGCTTGG-1,0,gemcitabine
Data10_GSM5664357_AGGGTCCAGATCACTC-1,0,gemcitabine
Data10_GSM5664357_AGGGTCCAGTGGATAT-1,0,gemcitabine
Data10_GSM5664357_AGGGTCCCAGCACAAG-1,0,gemcitabine
Data10_GSM5664357_AGGGTCCGTTCGGTCG-1,0,gemcitabine
Data10_GSM5664357_AGGGTGAAGGCTGGAT-1,0,gemcitabine
Data10_GSM5664357_AGGGTGACAGCGTTGC-1,0,gemcitabine
Data10_GSM5664357_AGGGTGAGTATCACGT-1,0,gemcitabine
Data10_GSM5664357_AGGGTGATCGCGCTGA-1,0,gemcitabine
Data10_GSM5664357_AGGGTGATCTCGTCGT-1,0,gemcitabine
Data10_GSM5664357_AGGGTTTCATCTCAAG-1,0,gemcitabine
Data10_GSM5664357_AGGGTTTCATGAATCC-1,0,gemcitabine
Data10_GSM5664357_AGGGTTTGTCGCCTAG-1,0,gemcitabine
Data10_GSM5664357_AGGGTTTGTGCTGCAC-1,0,gemcitabine
Data10_GSM5664357_AGGGTTTTCATCCTAT-1,0,gemcitabine
Data10_GSM5664357_AGGTAGGAGGGCAATC-1,0,gemcitabine
Data10_GSM5664357_AGGTAGGCACAAAGTA-1,0,gemcitabine
Data10_GSM5664357_AGGTAGGGTAACACCT-1,0,gemcitabine
Data10_GSM5664357_AGGTAGGTCTGCCTGT-1,0,gemcitabine
Data10_GSM5664357_AGGTCATCAAGCACAG-1,0,gemcitabine
Data10_GSM5664357_AGGTCATCAAGGATGC-1,0,gemcitabine
Data10_GSM5664357_AGGTCATCATTCAGGT-1,0,gemcitabine
Data10_GSM5664357_AGGTCATTCGTCAACA-1,0,gemcitabine
Data10_GSM5664357_AGGTCTAAGACCAAAT-1,0,gemcitabine
Data10_GSM5664357_AGGTCTAAGAGGATCC-1,0,gemcitabine
Data10_GSM5664357_AGGTCTAGTGCGGTAA-1,0,gemcitabine
Data10_GSM5664357_AGGTCTATCCAATCTT-1,0,gemcitabine
Data10_GSM5664357_AGGTCTATCCGCCTAT-1,0,gemcitabine
Data10_GSM5664357_AGGTCTATCGAGCCTG-1,0,gemcitabine
Data10_GSM5664357_AGGTCTATCGGCGATC-1,0,gemcitabine
Data10_GSM5664357_AGGTCTATCTTAGCCC-1,0,gemcitabine
Data10_GSM5664357_AGGTGTTAGAGGCCAT-1,0,gemcitabine
Data10_GSM5664357_AGGTGTTAGCGTCGAA-1,0,gemcitabine
Data10_GSM5664357_AGGTGTTCACAAGCCC-1,0,gemcitabine
Data10_GSM5664357_AGGTGTTCACCTTCCA-1,0,gemcitabine
Data10_GSM5664357_AGGTGTTTCAACTGGT-1,0,gemcitabine
Data10_GSM5664357_AGGTGTTTCATGGCCG-1,0,gemcitabine
Data10_GSM5664357_AGGTTACAGAACTGAT-1,0,gemcitabine
Data10_GSM5664357_AGGTTACAGGGCTTCC-1,0,gemcitabine
Data10_GSM5664357_AGGTTACCACACCTTC-1,0,gemcitabine
Data10_GSM5664357_AGGTTACCACCTGCGA-1,0,gemcitabine
Data10_GSM5664357_AGGTTACCACTACCCT-1,0,gemcitabine
Data10_GSM5664357_AGGTTACCATTGTCGA-1,0,gemcitabine
Data10_GSM5664357_AGGTTACGTATCCCTC-1,0,gemcitabine
Data10_GSM5664357_AGGTTACGTCTACAGT-1,0,gemcitabine
Data10_GSM5664357_AGGTTGTAGGTCACAG-1,0,gemcitabine
Data10_GSM5664357_AGGTTGTCAATCGCCG-1,0,gemcitabine
Data10_GSM5664357_AGGTTGTGTATCGCGC-1,0,gemcitabine
Data10_GSM5664357_AGGTTGTGTATTCCGA-1,0,gemcitabine
Data10_GSM5664357_AGGTTGTGTCCGGATC-1,0,gemcitabine
Data10_GSM5664357_AGGTTGTGTCGATTAC-1,0,gemcitabine
Data10_GSM5664357_AGGTTGTTCACAATGC-1,0,gemcitabine
Data10_GSM5664357_AGGTTGTTCCCGTGTT-1,0,gemcitabine
Data10_GSM5664357_AGTAACCCACAGCCAC-1,0,gemcitabine
Data10_GSM5664357_AGTAACCGTAGTCACT-1,0,gemcitabine
Data10_GSM5664357_AGTAACCTCGCAACAT-1,0,gemcitabine
Data10_GSM5664357_AGTACCAAGGACATCG-1,0,gemcitabine
Data10_GSM5664357_AGTACCACAATGACCT-1,0,gemcitabine
Data10_GSM5664357_AGTACCAGTCCGGACT-1,0,gemcitabine
Data10_GSM5664357_AGTACCATCAACCTTT-1,0,gemcitabine
Data10_GSM5664357_AGTACTGAGATACAGT-1,0,gemcitabine
Data10_GSM5664357_AGTACTGAGCTTAAGA-1,0,gemcitabine
Data10_GSM5664357_AGTACTGAGGACTGGT-1,0,gemcitabine
Data10_GSM5664357_AGTACTGAGTGGTGGT-1,0,gemcitabine
Data10_GSM5664357_AGTACTGCACGTAACT-1,0,gemcitabine
Data10_GSM5664357_AGTACTGCAGCATTGT-1,0,gemcitabine
Data10_GSM5664357_AGTACTGGTAACATCC-1,0,gemcitabine
Data10_GSM5664357_AGTACTGTCTACCACC-1,0,gemcitabine
Data10_GSM5664357_AGTAGCTAGAAACTAC-1,0,gemcitabine
Data10_GSM5664357_AGTAGCTCAAAGCTCT-1,0,gemcitabine
Data10_GSM5664357_AGTAGCTGTTGCGGAA-1,0,gemcitabine
Data10_GSM5664357_AGTAGCTTCGACATCA-1,0,gemcitabine
Data10_GSM5664357_AGTAGTCAGTCCGCGT-1,0,gemcitabine
Data10_GSM5664357_AGTAGTCCAATACGCT-1,0,gemcitabine
Data10_GSM5664357_AGTAGTCCAATCCTTT-1,0,gemcitabine
Data10_GSM5664357_AGTAGTCCAGTTGTTG-1,0,gemcitabine
Data10_GSM5664357_AGTAGTCGTCGGTGTC-1,0,gemcitabine
Data10_GSM5664357_AGTAGTCGTCTGCGCA-1,0,gemcitabine
Data10_GSM5664357_AGTAGTCGTTTGGGAG-1,0,gemcitabine
Data10_GSM5664357_AGTCAACCAGAGGCAT-1,0,gemcitabine
Data10_GSM5664357_AGTCAACTCGTGGCGT-1,0,gemcitabine
Data10_GSM5664357_AGTCACAAGATCCCAT-1,0,gemcitabine
Data10_GSM5664357_AGTCACACAAAGACGC-1,0,gemcitabine
Data10_GSM5664357_AGTCACACAAGCTACT-1,0,gemcitabine
Data10_GSM5664357_AGTCACACACTAAACC-1,0,gemcitabine
Data10_GSM5664357_AGTCACACAGGTCAAG-1,0,gemcitabine
Data10_GSM5664357_AGTCACAGTATCCTTT-1,0,gemcitabine
Data10_GSM5664357_AGTCACAGTCACGCTG-1,0,gemcitabine
Data10_GSM5664357_AGTCACAGTGCTAGCC-1,0,gemcitabine
Data10_GSM5664357_AGTCATGCACGTAGAG-1,0,gemcitabine
Data10_GSM5664357_AGTCATGTCATAGACC-1,0,gemcitabine
Data10_GSM5664357_AGTCATGTCGCAAGAG-1,0,gemcitabine
Data10_GSM5664357_AGTCTCCAGCGAACTG-1,0,gemcitabine
Data10_GSM5664357_AGTCTCCAGCTGCCAC-1,0,gemcitabine
Data10_GSM5664357_AGTCTCCAGGATGAGA-1,0,gemcitabine
Data10_GSM5664357_AGTCTCCCAAGAAATC-1,0,gemcitabine
Data10_GSM5664357_AGTCTCCCACACCTTC-1,0,gemcitabine
Data10_GSM5664357_AGTCTCCGTAACAAGT-1,0,gemcitabine
Data10_GSM5664357_AGTCTCCGTGTCCCTT-1,0,gemcitabine
Data10_GSM5664357_AGTCTCCGTTCGATTG-1,0,gemcitabine
Data10_GSM5664357_AGTCTCCTCAATCAGC-1,0,gemcitabine
Data10_GSM5664357_AGTCTCCTCAGACTGT-1,0,gemcitabine
Data10_GSM5664357_AGTCTCCTCAGGGTAG-1,0,gemcitabine
Data10_GSM5664357_AGTGACTCATATCTGG-1,0,gemcitabine
Data10_GSM5664357_AGTGACTGTACTCCCT-1,0,gemcitabine
Data10_GSM5664357_AGTGACTTCACTGCTC-1,0,gemcitabine
Data10_GSM5664357_AGTGATCCAAGTCATC-1,0,gemcitabine
Data10_GSM5664357_AGTGATCCATGTCAGT-1,0,gemcitabine
Data10_GSM5664357_AGTGCCGAGAGAGAAC-1,0,gemcitabine
Data10_GSM5664357_AGTGCCGAGAGGTTTA-1,0,gemcitabine
Data10_GSM5664357_AGTGCCGAGTCTGCAT-1,0,gemcitabine
Data10_GSM5664357_AGTGCCGCACGCGTGT-1,0,gemcitabine
Data10_GSM5664357_AGTGCCGCAGTAGTGG-1,0,gemcitabine
Data10_GSM5664357_AGTGCCGCATAATCGC-1,0,gemcitabine
Data10_GSM5664357_AGTGCCGGTATACAGA-1,0,gemcitabine
Data10_GSM5664357_AGTGCCGTCACCATGA-1,0,gemcitabine
Data10_GSM5664357_AGTGCCGTCTCGGTCT-1,0,gemcitabine
Data10_GSM5664357_AGTGTTGAGAGTCCGA-1,0,gemcitabine
Data10_GSM5664357_AGTGTTGAGCTCACTA-1,0,gemcitabine
Data10_GSM5664357_AGTGTTGCAGTTGTTG-1,0,gemcitabine
Data10_GSM5664357_AGTGTTGCATCAGCTA-1,0,gemcitabine
Data10_GSM5664357_AGTGTTGGTCGAGATG-1,0,gemcitabine
Data10_GSM5664357_AGTGTTGGTTACGTAC-1,0,gemcitabine
Data10_GSM5664357_AGTGTTGGTTGTTTGG-1,0,gemcitabine
Data10_GSM5664357_AGTGTTGTCATCACCC-1,0,gemcitabine
Data10_GSM5664357_AGTGTTGTCATTATCC-1,0,gemcitabine
Data10_GSM5664357_AGTGTTGTCCATAAGC-1,0,gemcitabine
Data10_GSM5664357_AGTTAGCAGGAAGTGA-1,0,gemcitabine
Data10_GSM5664357_AGTTCCCAGTGGTTGG-1,0,gemcitabine
Data10_GSM5664357_AGTTCCCGTGAGTAAT-1,0,gemcitabine
Data10_GSM5664357_AGTTCCCGTGCTATTG-1,0,gemcitabine
Data10_GSM5664357_AGTTCCCGTTACGTAC-1,0,gemcitabine
Data10_GSM5664357_AGTTCCCTCTCTGCCA-1,0,gemcitabine
Data10_GSM5664357_AGTTCGAAGCGGTATG-1,0,gemcitabine
Data10_GSM5664357_AGTTCGAAGTCATCGT-1,0,gemcitabine
Data10_GSM5664357_AGTTCGACACTTGAGT-1,0,gemcitabine
Data10_GSM5664357_AGTTCGACAGAGGGTT-1,0,gemcitabine
Data10_GSM5664357_AGTTCGACATGACTAC-1,0,gemcitabine
Data10_GSM5664357_AGTTCGACATGAGAAT-1,0,gemcitabine
Data10_GSM5664357_ATACCGAAGCGCTGCT-1,0,gemcitabine
Data10_GSM5664357_ATACCGACAAAGCAAT-1,0,gemcitabine
Data10_GSM5664357_ATACCGAGTACTAGCT-1,0,gemcitabine
Data10_GSM5664357_ATACCGAGTCACAATC-1,0,gemcitabine
Data10_GSM5664357_ATACCGATCAATCTCT-1,0,gemcitabine
Data10_GSM5664357_ATACCTTCATCGAGCC-1,0,gemcitabine
Data10_GSM5664357_ATACCTTGTATCGCAT-1,0,gemcitabine
Data10_GSM5664357_ATACCTTGTCTCACAA-1,0,gemcitabine
Data10_GSM5664357_ATACCTTGTGCTGCAC-1,0,gemcitabine
Data10_GSM5664357_ATACCTTGTTGTCATG-1,0,gemcitabine
Data10_GSM5664357_ATACCTTTCCCTCTAG-1,0,gemcitabine
Data10_GSM5664357_ATACCTTTCCTCTCTT-1,0,gemcitabine
Data10_GSM5664357_ATACTTCAGAATCGTA-1,0,gemcitabine
Data10_GSM5664357_ATACTTCCAAAGGCAC-1,0,gemcitabine
Data10_GSM5664357_ATACTTCCACTTACAG-1,0,gemcitabine
Data10_GSM5664357_ATACTTCCATCTAACG-1,0,gemcitabine
Data10_GSM5664357_ATACTTCGTCTCGCGA-1,0,gemcitabine
Data10_GSM5664357_ATACTTCGTGGCAACA-1,0,gemcitabine
Data10_GSM5664357_ATACTTCTCCAATGCA-1,0,gemcitabine
Data10_GSM5664357_ATACTTCTCGCTAAAC-1,0,gemcitabine
Data10_GSM5664357_ATACTTCTCTCGTTTA-1,0,gemcitabine
Data10_GSM5664357_ATACTTCTCTGCGGCA-1,0,gemcitabine
Data10_GSM5664357_ATAGACCAGCCGCACT-1,0,gemcitabine
Data10_GSM5664357_ATAGACCCAATTTCGG-1,0,gemcitabine
Data10_GSM5664357_ATAGACCGTCGCCTAG-1,0,gemcitabine
Data10_GSM5664357_ATAGACCTCTCGCAGG-1,0,gemcitabine
Data10_GSM5664357_ATAGAGAAGATTGGGC-1,0,gemcitabine
Data10_GSM5664357_ATAGAGAAGCCATGCC-1,0,gemcitabine
Data10_GSM5664357_ATAGAGAAGTCTTGGT-1,0,gemcitabine
Data10_GSM5664357_ATAGAGACACGTAGAG-1,0,gemcitabine
Data10_GSM5664357_ATAGAGATCATTATCC-1,0,gemcitabine
Data10_GSM5664357_ATAGAGATCCAGTACA-1,0,gemcitabine
Data10_GSM5664357_ATAGGCTCAACGCATT-1,0,gemcitabine
Data10_GSM5664357_ATAGGCTCACCTAAAC-1,0,gemcitabine
Data10_GSM5664357_ATAGGCTCAGCACAAG-1,0,gemcitabine
Data10_GSM5664357_ATAGGCTCATCGATAC-1,0,gemcitabine
Data10_GSM5664357_ATAGGCTGTAGCGTAG-1,0,gemcitabine
Data10_GSM5664357_ATAGGCTGTGGGATTG-1,0,gemcitabine
Data10_GSM5664357_ATAGGCTTCCCATGGG-1,0,gemcitabine
Data10_GSM5664357_ATAGGCTTCGCAGTTA-1,0,gemcitabine
Data10_GSM5664357_ATATCCTCAACGACTT-1,0,gemcitabine
Data10_GSM5664357_ATATCCTGTAACTGCT-1,0,gemcitabine
Data10_GSM5664357_ATATCCTGTCCATAGT-1,0,gemcitabine
Data10_GSM5664357_ATCACAGAGATCCTAC-1,0,gemcitabine
Data10_GSM5664357_ATCACAGAGCATTTGC-1,0,gemcitabine
Data10_GSM5664357_ATCACAGAGGCCATAG-1,0,gemcitabine
Data10_GSM5664357_ATCACAGCAATCTAGC-1,0,gemcitabine
Data10_GSM5664357_ATCACAGCATCGTTCC-1,0,gemcitabine
Data10_GSM5664357_ATCACAGTCAGTAGGG-1,0,gemcitabine
Data10_GSM5664357_ATCACAGTCCACTGAA-1,0,gemcitabine
Data10_GSM5664357_ATCACAGTCTACGGGC-1,0,gemcitabine
Data10_GSM5664357_ATCACAGTCTCTCTAA-1,0,gemcitabine
Data10_GSM5664357_ATCACGAAGGTGCCAA-1,0,gemcitabine
Data10_GSM5664357_ATCACGAGTACATTGC-1,0,gemcitabine
Data10_GSM5664357_ATCACGAGTGCTGTCG-1,0,gemcitabine
Data10_GSM5664357_ATCACTTAGCGCCTTG-1,0,gemcitabine
Data10_GSM5664357_ATCACTTAGGTCCTGC-1,0,gemcitabine
Data10_GSM5664357_ATCACTTCAACCCTAA-1,0,gemcitabine
Data10_GSM5664357_ATCAGGTAGTTACTCG-1,0,gemcitabine
Data10_GSM5664357_ATCAGGTCACTTGAAC-1,0,gemcitabine
Data10_GSM5664357_ATCAGGTCAGTTACCA-1,0,gemcitabine
Data10_GSM5664357_ATCAGGTTCGATGCTA-1,0,gemcitabine
Data10_GSM5664357_ATCAGGTTCTCCGAGG-1,0,gemcitabine
Data10_GSM5664357_ATCAGGTTCTGCGGGT-1,0,gemcitabine
Data10_GSM5664357_ATCATTCAGAGCATCG-1,0,gemcitabine
Data10_GSM5664357_ATCATTCCAACCGCTG-1,0,gemcitabine
Data10_GSM5664357_ATCATTCCAACTTGGT-1,0,gemcitabine
Data10_GSM5664357_ATCATTCCACGCGTGT-1,0,gemcitabine
Data10_GSM5664357_ATCCACCAGATACTGA-1,0,gemcitabine
Data10_GSM5664357_ATCCACCAGGAGACCT-1,0,gemcitabine
Data10_GSM5664357_ATCCACCGTCCAGCAC-1,0,gemcitabine
Data10_GSM5664357_ATCCACCGTCTCAGAT-1,0,gemcitabine
Data10_GSM5664357_ATCCACCGTGCCCAGT-1,0,gemcitabine
Data10_GSM5664357_ATCCACCTCAAGGTGG-1,0,gemcitabine
Data10_GSM5664357_ATCCACCTCACCTACC-1,0,gemcitabine
Data10_GSM5664357_ATCCATTAGCGACATG-1,0,gemcitabine
Data10_GSM5664357_ATCCATTCAATCACGT-1,0,gemcitabine
Data10_GSM5664357_ATCCATTCAGGTTCGC-1,0,gemcitabine
Data10_GSM5664357_ATCCATTGTGCAAGAC-1,0,gemcitabine
Data10_GSM5664357_ATCCATTTCCTCTCGA-1,0,gemcitabine
Data10_GSM5664357_ATCCATTTCGTGGTAT-1,0,gemcitabine
Data10_GSM5664357_ATCCCTGAGATCACCT-1,0,gemcitabine
Data10_GSM5664357_ATCCCTGCAATACAGA-1,0,gemcitabine
Data10_GSM5664357_ATCCCTGCACGCTGTG-1,0,gemcitabine
Data10_GSM5664357_ATCCCTGCAGGGAGAG-1,0,gemcitabine
Data10_GSM5664357_ATCCCTGGTAGAAACT-1,0,gemcitabine
Data10_GSM5664357_ATCCCTGTCCACCTCA-1,0,gemcitabine
Data10_GSM5664357_ATCCCTGTCCGCGAGT-1,0,gemcitabine
Data10_GSM5664357_ATCCGTCAGGTGCGAT-1,0,gemcitabine
Data10_GSM5664357_ATCCGTCCAAACGAGC-1,0,gemcitabine
Data10_GSM5664357_ATCCGTCCATACCAGT-1,0,gemcitabine
Data10_GSM5664357_ATCCGTCGTAATCAAG-1,0,gemcitabine
Data10_GSM5664357_ATCCGTCTCTCATTGT-1,0,gemcitabine
Data10_GSM5664357_ATCCGTCTCTCCCAAC-1,0,gemcitabine
Data10_GSM5664357_ATCCGTCTCTGGGATT-1,0,gemcitabine
Data10_GSM5664357_ATCCTATAGATGTTAG-1,0,gemcitabine
Data10_GSM5664357_ATCCTATTCCCTCGAT-1,0,gemcitabine
Data10_GSM5664357_ATCGATGAGGCCCACT-1,0,gemcitabine
Data10_GSM5664357_ATCGATGAGGTGGTTG-1,0,gemcitabine
Data10_GSM5664357_ATCGATGAGTGCACAG-1,0,gemcitabine
Data10_GSM5664357_ATCGATGCACCAGACC-1,0,gemcitabine
Data10_GSM5664357_ATCGATGCATAGACTC-1,0,gemcitabine
Data10_GSM5664357_ATCGATGGTCAAGCCC-1,0,gemcitabine
Data10_GSM5664357_ATCGATGGTGCATGAG-1,0,gemcitabine
Data10_GSM5664357_ATCGATGGTTACGCCG-1,0,gemcitabine
Data10_GSM5664357_ATCGCCTAGCAAGCCA-1,0,gemcitabine
Data10_GSM5664357_ATCGCCTAGCTGACAG-1,0,gemcitabine
Data10_GSM5664357_ATCGCCTGTAACTGCT-1,0,gemcitabine
Data10_GSM5664357_ATCGGATAGAAGAACG-1,0,gemcitabine
Data10_GSM5664357_ATCGGATAGAATCTAG-1,0,gemcitabine
Data10_GSM5664357_ATCGGATCAAGAATAC-1,0,gemcitabine
Data10_GSM5664357_ATCGGATTCCACGTCT-1,0,gemcitabine
Data10_GSM5664357_ATCGGATTCCGTATGA-1,0,gemcitabine
Data10_GSM5664357_ATCGGATTCTTCCAGC-1,0,gemcitabine
Data10_GSM5664357_ATCGGCGTCTGTTCAT-1,0,gemcitabine
Data10_GSM5664357_ATCGGCGTCTTAGTTC-1,0,gemcitabine
Data10_GSM5664357_ATCGTAGAGTCTGCGC-1,0,gemcitabine
Data10_GSM5664357_ATCGTAGCACTATCGA-1,0,gemcitabine
Data10_GSM5664357_ATCGTAGCATCCGCGA-1,0,gemcitabine
Data10_GSM5664357_ATCGTAGGTCACTTCC-1,0,gemcitabine
Data10_GSM5664357_ATCGTAGTCATCCTGC-1,0,gemcitabine
Data10_GSM5664357_ATCGTAGTCGCGGACT-1,0,gemcitabine
Data10_GSM5664357_ATCGTAGTCTGAGAGG-1,0,gemcitabine
Data10_GSM5664357_ATCGTCCAGCACACAG-1,0,gemcitabine
Data10_GSM5664357_ATCGTCCAGGCCCGTT-1,0,gemcitabine
Data10_GSM5664357_ATCGTCCCAATAGTCC-1,0,gemcitabine
Data10_GSM5664357_ATCGTCCCACACACTA-1,0,gemcitabine
Data10_GSM5664357_ATCGTCCGTCATACCA-1,0,gemcitabine
Data10_GSM5664357_ATCGTCCTCAAAGGAT-1,0,gemcitabine
Data10_GSM5664357_ATCGTCCTCGAGAATA-1,0,gemcitabine
Data10_GSM5664357_ATCGTGAAGAGCAGAA-1,0,gemcitabine
Data10_GSM5664357_ATCGTGAAGAGTTGCG-1,0,gemcitabine
Data10_GSM5664357_ATCGTGACACAAAGCG-1,0,gemcitabine
Data10_GSM5664357_ATCGTGAGTGCTGATT-1,0,gemcitabine
Data10_GSM5664357_ATCGTGATCATTCGTT-1,0,gemcitabine
Data10_GSM5664357_ATCGTGATCGCCGATG-1,0,gemcitabine
Data10_GSM5664357_ATCGTGATCGCTGTCT-1,0,gemcitabine
Data10_GSM5664357_ATCTCTACAGGTTCAT-1,0,gemcitabine
Data10_GSM5664357_ATCTCTACATCGATCA-1,0,gemcitabine
Data10_GSM5664357_ATCTCTAGTTAGAAAC-1,0,gemcitabine
Data10_GSM5664357_ATCTCTATCATCGTAG-1,0,gemcitabine
Data10_GSM5664357_ATCTCTATCGCAATGT-1,0,gemcitabine
Data10_GSM5664357_ATCTTCAAGCTAAATG-1,0,gemcitabine
Data10_GSM5664357_ATCTTCAGTCTTGTCC-1,0,gemcitabine
Data10_GSM5664357_ATCTTCAGTGTCATGT-1,0,gemcitabine
Data10_GSM5664357_ATCTTCATCACGGGCT-1,0,gemcitabine
Data10_GSM5664357_ATCTTCATCACGGTCG-1,0,gemcitabine
Data10_GSM5664357_ATCTTCATCCTAACAG-1,0,gemcitabine
Data10_GSM5664357_ATCTTCATCCTTGACC-1,0,gemcitabine
Data10_GSM5664357_ATCTTCATCGGTATGT-1,0,gemcitabine
Data10_GSM5664357_ATCTTCATCTTAGCTT-1,0,gemcitabine
Data10_GSM5664357_ATGAAAGCAGCTATTG-1,0,gemcitabine
Data10_GSM5664357_ATGAAAGCAGCTCTGG-1,0,gemcitabine
Data10_GSM5664357_ATGAAAGGTACATACC-1,0,gemcitabine
Data10_GSM5664357_ATGACCAAGAGGCTGT-1,0,gemcitabine
Data10_GSM5664357_ATGACCACACGATTCA-1,0,gemcitabine
Data10_GSM5664357_ATGACCACAGTTAGGG-1,0,gemcitabine
Data10_GSM5664357_ATGACCAGTAGGAGTC-1,0,gemcitabine
Data10_GSM5664357_ATGACCAGTGCGAACA-1,0,gemcitabine
Data10_GSM5664357_ATGACCAGTGCTCCGA-1,0,gemcitabine
Data10_GSM5664357_ATGACCAGTGTCTAAC-1,0,gemcitabine
Data10_GSM5664357_ATGAGGGAGAGGCTGT-1,0,gemcitabine
Data10_GSM5664357_ATGAGGGCACCTGATA-1,0,gemcitabine
Data10_GSM5664357_ATGAGGGTCGCATAGT-1,0,gemcitabine
Data10_GSM5664357_ATGAGTCCATGAGAAT-1,0,gemcitabine
Data10_GSM5664357_ATGAGTCGTCGCATTA-1,0,gemcitabine
Data10_GSM5664357_ATGAGTCTCTGCATAG-1,0,gemcitabine
Data10_GSM5664357_ATGATCGAGGGCTGAT-1,0,gemcitabine
Data10_GSM5664357_ATGATCGAGGTCCAGA-1,0,gemcitabine
Data10_GSM5664357_ATGATCGAGTCAACAA-1,0,gemcitabine
Data10_GSM5664357_ATGATCGCAGCTACAT-1,0,gemcitabine
Data10_GSM5664357_ATGATCGCAGGACGAT-1,0,gemcitabine
Data10_GSM5664357_ATGATCGCATCACCAA-1,0,gemcitabine
Data10_GSM5664357_ATGATCGCATCGGCCA-1,0,gemcitabine
Data10_GSM5664357_ATGATCGCATTAAAGG-1,0,gemcitabine
Data10_GSM5664357_ATGATCGTCAACACGT-1,0,gemcitabine
Data10_GSM5664357_ATGATCGTCAGCATTG-1,0,gemcitabine
Data10_GSM5664357_ATGATCGTCTCCCAAC-1,0,gemcitabine
Data10_GSM5664357_ATGCATGAGGTCACCC-1,0,gemcitabine
Data10_GSM5664357_ATGCATGAGTTGAAGT-1,0,gemcitabine
Data10_GSM5664357_ATGCATGCACTGGAAG-1,0,gemcitabine
Data10_GSM5664357_ATGCATGGTGGCCACT-1,0,gemcitabine
Data10_GSM5664357_ATGCATGGTGGGAGAG-1,0,gemcitabine
Data10_GSM5664357_ATGCATGGTTTGGGTT-1,0,gemcitabine
Data10_GSM5664357_ATGCATGTCAAGCCCG-1,0,gemcitabine
Data10_GSM5664357_ATGCATGTCCATTGGA-1,0,gemcitabine
Data10_GSM5664357_ATGCATGTCTGGGCCA-1,0,gemcitabine
Data10_GSM5664357_ATGCATGTCTTACACT-1,0,gemcitabine
Data10_GSM5664357_ATGCATGTCTTTCGAT-1,0,gemcitabine
Data10_GSM5664357_ATGCCTCAGATGGTAT-1,0,gemcitabine
Data10_GSM5664357_ATGCCTCCAATGGGTG-1,0,gemcitabine
Data10_GSM5664357_ATGCCTCGTCAGGTGA-1,0,gemcitabine
Data10_GSM5664357_ATGCCTCTCAAGCTTG-1,0,gemcitabine
Data10_GSM5664357_ATGCCTCTCGATCCAA-1,0,gemcitabine
Data10_GSM5664357_ATGCCTCTCGGTAAGG-1,0,gemcitabine
Data10_GSM5664357_ATGCGATAGGCTCCCA-1,0,gemcitabine
Data10_GSM5664357_ATGCGATAGGTTGGAC-1,0,gemcitabine
Data10_GSM5664357_ATGCGATGTATACGGG-1,0,gemcitabine
Data10_GSM5664357_ATGCGATTCATCCCGT-1,0,gemcitabine
Data10_GSM5664357_ATGCGATTCATGTCTT-1,0,gemcitabine
Data10_GSM5664357_ATGGAGGAGTGGGAAA-1,0,gemcitabine
Data10_GSM5664357_ATGGAGGTCGAAGAAT-1,0,gemcitabine
Data10_GSM5664357_ATGGATCAGTCTTCGA-1,0,gemcitabine
Data10_GSM5664357_ATGGATCGTCTCGGGT-1,0,gemcitabine
Data10_GSM5664357_ATGGATCTCAAACTGC-1,0,gemcitabine
Data10_GSM5664357_ATGGATCTCAACACGT-1,0,gemcitabine
Data10_GSM5664357_ATGGGAGAGATCGACG-1,0,gemcitabine
Data10_GSM5664357_ATGGGAGCAACGTTAC-1,0,gemcitabine
Data10_GSM5664357_ATGGGAGCACAAAGCG-1,0,gemcitabine
Data10_GSM5664357_ATGGGAGCAGCTGGTC-1,0,gemcitabine
Data10_GSM5664357_ATGGGAGCATTAAAGG-1,0,gemcitabine
Data10_GSM5664357_ATGGGAGGTAACATAG-1,0,gemcitabine
Data10_GSM5664357_ATGGGAGTCCGTGTGG-1,0,gemcitabine
Data10_GSM5664357_ATGGGTTAGACACACG-1,0,gemcitabine
Data10_GSM5664357_ATGGGTTAGATGAACT-1,0,gemcitabine
Data10_GSM5664357_ATGGGTTAGTGAATAC-1,0,gemcitabine
Data10_GSM5664357_ATGGGTTTCTAGTACG-1,0,gemcitabine
Data10_GSM5664357_ATGGGTTTCTTACCAT-1,0,gemcitabine
Data10_GSM5664357_ATGGTTGCAGGACTAG-1,0,gemcitabine
Data10_GSM5664357_ATGGTTGGTGATTAGA-1,0,gemcitabine
Data10_GSM5664357_ATGGTTGGTGTGTACT-1,0,gemcitabine
Data10_GSM5664357_ATGGTTGTCAGTGTGT-1,0,gemcitabine
Data10_GSM5664357_ATGTCCCAGACTCATC-1,0,gemcitabine
Data10_GSM5664357_ATGTCCCGTACCTATG-1,0,gemcitabine
Data10_GSM5664357_ATGTCCCGTCGAATTC-1,0,gemcitabine
Data10_GSM5664357_ATGTCTTAGTAGGCCA-1,0,gemcitabine
Data10_GSM5664357_ATGTCTTCAAAGGTTA-1,0,gemcitabine
Data10_GSM5664357_ATGTCTTCACCTAAAC-1,0,gemcitabine
Data10_GSM5664357_ATGTCTTGTACGACTT-1,0,gemcitabine
Data10_GSM5664357_ATGTCTTTCCAGCAAT-1,0,gemcitabine
Data10_GSM5664357_ATTACCTCAGGTAGTG-1,0,gemcitabine
Data10_GSM5664357_ATTACCTGTCGACTGC-1,0,gemcitabine
Data10_GSM5664357_ATTACCTGTTGTCAGT-1,0,gemcitabine
Data10_GSM5664357_ATTACCTTCCCATACC-1,0,gemcitabine
Data10_GSM5664357_ATTACCTTCTTTCAGT-1,0,gemcitabine
Data10_GSM5664357_ATTACTCAGAGCATTA-1,0,gemcitabine
Data10_GSM5664357_ATTACTCAGCCAAGTG-1,0,gemcitabine
Data10_GSM5664357_ATTACTCCAGCGTTGC-1,0,gemcitabine
Data10_GSM5664357_ATTACTCCAGCGTTTA-1,0,gemcitabine
Data10_GSM5664357_ATTACTCGTCTTGAAC-1,0,gemcitabine
Data10_GSM5664357_ATTACTCGTGCCTAAT-1,0,gemcitabine
Data10_GSM5664357_ATTACTCGTTGCCGAC-1,0,gemcitabine
Data10_GSM5664357_ATTACTCTCACAAGGG-1,0,gemcitabine
Data10_GSM5664357_ATTACTCTCCGTTGAA-1,0,gemcitabine
Data10_GSM5664357_ATTATCCCAGTAACGG-1,0,gemcitabine
Data10_GSM5664357_ATTATCCGTAGCGCCT-1,0,gemcitabine
Data10_GSM5664357_ATTATCCGTCCGACGT-1,0,gemcitabine
Data10_GSM5664357_ATTATCCTCGCCTTGT-1,0,gemcitabine
Data10_GSM5664357_ATTCACTAGATAGCTA-1,0,gemcitabine
Data10_GSM5664357_ATTCACTCACAGCCAC-1,0,gemcitabine
Data10_GSM5664357_ATTCACTCAGTCCGTG-1,0,gemcitabine
Data10_GSM5664357_ATTCACTGTACCGGAA-1,0,gemcitabine
Data10_GSM5664357_ATTCACTGTTCCACGG-1,0,gemcitabine
Data10_GSM5664357_ATTCAGGCACATAGCT-1,0,gemcitabine
Data10_GSM5664357_ATTCAGGGTCAGTTTG-1,0,gemcitabine
Data10_GSM5664357_ATTCAGGGTTGTTGTG-1,0,gemcitabine
Data10_GSM5664357_ATTCAGGTCTAACGCA-1,0,gemcitabine
Data10_GSM5664357_ATTCAGGTCTGCGAGC-1,0,gemcitabine
Data10_GSM5664357_ATTCATCAGCTGGCTC-1,0,gemcitabine
Data10_GSM5664357_ATTCATCCACCAGCTG-1,0,gemcitabine
Data10_GSM5664357_ATTCATCCACCTGTCT-1,0,gemcitabine
Data10_GSM5664357_ATTCATCGTCAACGCC-1,0,gemcitabine
Data10_GSM5664357_ATTCATCGTCCACTCT-1,0,gemcitabine
Data10_GSM5664357_ATTCCATAGAAGCGGG-1,0,gemcitabine
Data10_GSM5664357_ATTCCATAGCTTAGTC-1,0,gemcitabine
Data10_GSM5664357_ATTCCATAGTCAGCGA-1,0,gemcitabine
Data10_GSM5664357_ATTCCATGTGAGTAAT-1,0,gemcitabine
Data10_GSM5664357_ATTCCATTCAATCGGT-1,0,gemcitabine
Data10_GSM5664357_ATTCCATTCAGGACGA-1,0,gemcitabine
Data10_GSM5664357_ATTCCATTCATTTCCA-1,0,gemcitabine
Data10_GSM5664357_ATTCCATTCTCATGGA-1,0,gemcitabine
Data10_GSM5664357_ATTCCCGAGAGAGGGC-1,0,gemcitabine
Data10_GSM5664357_ATTCCCGAGCATCCTA-1,0,gemcitabine
Data10_GSM5664357_ATTCCCGAGGGTACGT-1,0,gemcitabine
Data10_GSM5664357_ATTCCCGCATGGGTCC-1,0,gemcitabine
Data10_GSM5664357_ATTCCCGTCACCACAA-1,0,gemcitabine
Data10_GSM5664357_ATTCCCGTCCACGAAT-1,0,gemcitabine
Data10_GSM5664357_ATTCCTACACCCGTAG-1,0,gemcitabine
Data10_GSM5664357_ATTCCTAGTACTGACT-1,0,gemcitabine
Data10_GSM5664357_ATTCCTAGTGATACAA-1,0,gemcitabine
Data10_GSM5664357_ATTCCTAGTTAATGAG-1,0,gemcitabine
Data10_GSM5664357_ATTCCTATCACATCAG-1,0,gemcitabine
Data10_GSM5664357_ATTCCTATCAGCTCTC-1,0,gemcitabine
Data10_GSM5664357_ATTCGTTCAACTGTGT-1,0,gemcitabine
Data10_GSM5664357_ATTCGTTCAAGTACCT-1,0,gemcitabine
Data10_GSM5664357_ATTCGTTCATCAGTCA-1,0,gemcitabine
Data10_GSM5664357_ATTCGTTCATCCGCGA-1,0,gemcitabine
Data10_GSM5664357_ATTCGTTGTTACCCAA-1,0,gemcitabine
Data10_GSM5664357_ATTCGTTTCAGCACCG-1,0,gemcitabine
Data10_GSM5664357_ATTCGTTTCTAGCAAC-1,0,gemcitabine
Data10_GSM5664357_ATTCTACAGATAGGGA-1,0,gemcitabine
Data10_GSM5664357_ATTCTACAGATTGAGT-1,0,gemcitabine
Data10_GSM5664357_ATTCTACAGCTCCATA-1,0,gemcitabine
Data10_GSM5664357_ATTCTACAGGCTGGAT-1,0,gemcitabine
Data10_GSM5664357_ATTCTACAGTCACAGG-1,0,gemcitabine
Data10_GSM5664357_ATTCTACAGTTAGAAC-1,0,gemcitabine
Data10_GSM5664357_ATTCTACCAGAAGTGC-1,0,gemcitabine
Data10_GSM5664357_ATTCTACGTCGTTGCG-1,0,gemcitabine
Data10_GSM5664357_ATTCTACGTTTGCAGT-1,0,gemcitabine
Data10_GSM5664357_ATTCTACTCACATACG-1,0,gemcitabine
Data10_GSM5664357_ATTCTACTCCGAACGC-1,0,gemcitabine
Data10_GSM5664357_ATTCTACTCTAGCCAA-1,0,gemcitabine
Data10_GSM5664357_ATTCTACTCTCTCGAC-1,0,gemcitabine
Data10_GSM5664357_ATTCTTGCAGGCAATG-1,0,gemcitabine
Data10_GSM5664357_ATTCTTGCATCGATGT-1,0,gemcitabine
Data10_GSM5664357_ATTGGGTCACGAAAGC-1,0,gemcitabine
Data10_GSM5664357_ATTGGGTCACGTTGGC-1,0,gemcitabine
Data10_GSM5664357_ATTGGGTGTGGCCTCA-1,0,gemcitabine
Data10_GSM5664357_ATTGGGTGTTCGTACA-1,0,gemcitabine
Data10_GSM5664357_ATTGGGTTCGCCAACG-1,0,gemcitabine
Data10_GSM5664357_ATTGGGTTCTTCTGTA-1,0,gemcitabine
Data10_GSM5664357_ATTGTTCAGACGGTTG-1,0,gemcitabine
Data10_GSM5664357_ATTGTTCAGTCGCCCA-1,0,gemcitabine
Data10_GSM5664357_ATTGTTCAGTGCACAG-1,0,gemcitabine
Data10_GSM5664357_ATTGTTCCAGGTATGG-1,0,gemcitabine
Data10_GSM5664357_ATTGTTCCAGTAACCT-1,0,gemcitabine
Data10_GSM5664357_ATTGTTCTCGTCGATA-1,0,gemcitabine
Data10_GSM5664357_ATTTACCAGCACTAAA-1,0,gemcitabine
Data10_GSM5664357_ATTTACCAGGAACGAA-1,0,gemcitabine
Data10_GSM5664357_ATTTACCCAAACACCT-1,0,gemcitabine
Data10_GSM5664357_ATTTACCGTAAGGCTG-1,0,gemcitabine
Data10_GSM5664357_ATTTACCGTACTCCGG-1,0,gemcitabine
Data10_GSM5664357_ATTTACCGTGGCCTCA-1,0,gemcitabine
Data10_GSM5664357_ATTTACCGTGGTCTGC-1,0,gemcitabine
Data10_GSM5664357_ATTTACCTCATTGGTG-1,0,gemcitabine
Data10_GSM5664357_ATTTACCTCGACTCCT-1,0,gemcitabine
Data10_GSM5664357_ATTTACCTCGGTCTAA-1,0,gemcitabine
Data10_GSM5664357_ATTTACCTCGTGGCTG-1,0,gemcitabine
Data10_GSM5664357_ATTTCACAGCTGACCC-1,0,gemcitabine
Data10_GSM5664357_ATTTCACAGGTCATTC-1,0,gemcitabine
Data10_GSM5664357_ATTTCACCACAAATAG-1,0,gemcitabine
Data10_GSM5664357_ATTTCACCAGGCACAA-1,0,gemcitabine
Data10_GSM5664357_ATTTCACGTACACGTT-1,0,gemcitabine
Data10_GSM5664357_ATTTCACTCAGAGCGA-1,0,gemcitabine
Data10_GSM5664357_ATTTCACTCCCGAGGT-1,0,gemcitabine
Data10_GSM5664357_ATTTCACTCCGTTTCG-1,0,gemcitabine
Data10_GSM5664357_ATTTCTGAGCTTTCTT-1,0,gemcitabine
Data10_GSM5664357_ATTTCTGAGGTCCTGC-1,0,gemcitabine
Data10_GSM5664357_ATTTCTGAGTTGGAAT-1,0,gemcitabine
Data10_GSM5664357_ATTTCTGTCTACTATC-1,0,gemcitabine
Data10_GSM5664357_CAAAGAACAGTCTGGC-1,0,gemcitabine
Data10_GSM5664357_CAAAGAATCGCTATTT-1,0,gemcitabine
Data10_GSM5664357_CAAAGAATCTTTCAGT-1,0,gemcitabine
Data10_GSM5664357_CAACAACGTAGCCCTG-1,0,gemcitabine
Data10_GSM5664357_CAACAACGTATACGGG-1,0,gemcitabine
Data10_GSM5664357_CAACAACGTGGCATCC-1,0,gemcitabine
Data10_GSM5664357_CAACAACTCAGCTTCC-1,0,gemcitabine
Data10_GSM5664357_CAACAACTCTCAACGA-1,0,gemcitabine
Data10_GSM5664357_CAACAGTAGGCATGGT-1,0,gemcitabine
Data10_GSM5664357_CAACAGTAGGTCACTT-1,0,gemcitabine
Data10_GSM5664357_CAACAGTAGTCAGCCC-1,0,gemcitabine
Data10_GSM5664357_CAACAGTCAACCACGC-1,0,gemcitabine
Data10_GSM5664357_CAACAGTCAATTGAGA-1,0,gemcitabine
Data10_GSM5664357_CAACAGTCATGCGGTC-1,0,gemcitabine
Data10_GSM5664357_CAACAGTTCAGAGCGA-1,0,gemcitabine
Data10_GSM5664357_CAACAGTTCATGTCTT-1,0,gemcitabine
Data10_GSM5664357_CAACAGTTCTAAACGC-1,0,gemcitabine
Data10_GSM5664357_CAACCAAAGGTTCATC-1,0,gemcitabine
Data10_GSM5664357_CAACCAACACACACTA-1,0,gemcitabine
Data10_GSM5664357_CAACCAACACCATATG-1,0,gemcitabine
Data10_GSM5664357_CAACCAACAGTGTGGA-1,0,gemcitabine
Data10_GSM5664357_CAACCAACATTGGATC-1,0,gemcitabine
Data10_GSM5664357_CAACCAACATTGGCAT-1,0,gemcitabine
Data10_GSM5664357_CAACCAAGTGGCATCC-1,0,gemcitabine
Data10_GSM5664357_CAACCAAGTTCTTAGG-1,0,gemcitabine
Data10_GSM5664357_CAACCAATCGGTGAAG-1,0,gemcitabine
Data10_GSM5664357_CAACCAATCTGAGAGG-1,0,gemcitabine
Data10_GSM5664357_CAACCTCAGGAGATAG-1,0,gemcitabine
Data10_GSM5664357_CAACCTCCAATCACGT-1,0,gemcitabine
Data10_GSM5664357_CAACCTCCATGATGCT-1,0,gemcitabine
Data10_GSM5664357_CAACCTCCATGGCGCT-1,0,gemcitabine
Data10_GSM5664357_CAACCTCGTCTTACAG-1,0,gemcitabine
Data10_GSM5664357_CAACCTCTCTATCGTT-1,0,gemcitabine
Data10_GSM5664357_CAACGATAGCCGCACT-1,0,gemcitabine
Data10_GSM5664357_CAACGATCAGCTAACT-1,0,gemcitabine
Data10_GSM5664357_CAACGATGTCACCGAC-1,0,gemcitabine
Data10_GSM5664357_CAACGATGTCGTTTCC-1,0,gemcitabine
Data10_GSM5664357_CAACGATGTGTTGAGG-1,0,gemcitabine
Data10_GSM5664357_CAACGGCAGATACCAA-1,0,gemcitabine
Data10_GSM5664357_CAACGGCAGCCGTTGC-1,0,gemcitabine
Data10_GSM5664357_CAACGGCAGTTGTAAG-1,0,gemcitabine
Data10_GSM5664357_CAACGGCTCATCGGGC-1,0,gemcitabine
Data10_GSM5664357_CAAGACTAGGTCGTCC-1,0,gemcitabine
Data10_GSM5664357_CAAGACTAGTTCCTGA-1,0,gemcitabine
Data10_GSM5664357_CAAGACTGTATGCTAC-1,0,gemcitabine
Data10_GSM5664357_CAAGACTGTGAAAGTT-1,0,gemcitabine
Data10_GSM5664357_CAAGACTTCACCTGTC-1,0,gemcitabine
Data10_GSM5664357_CAAGACTTCCTGTTAT-1,0,gemcitabine
Data10_GSM5664357_CAAGAGGCAATGAGCG-1,0,gemcitabine
Data10_GSM5664357_CAAGAGGCACTGGATT-1,0,gemcitabine
Data10_GSM5664357_CAAGAGGTCATCTCTA-1,0,gemcitabine
Data10_GSM5664357_CAAGAGGTCTACCAGA-1,0,gemcitabine
Data10_GSM5664357_CAAGCTAAGAAGATCT-1,0,gemcitabine
Data10_GSM5664357_CAAGCTAAGATGCTTC-1,0,gemcitabine
Data10_GSM5664357_CAAGCTACAAATTGGA-1,0,gemcitabine
Data10_GSM5664357_CAAGCTACAAGCTCTA-1,0,gemcitabine
Data10_GSM5664357_CAAGCTACAGACTCTA-1,0,gemcitabine
Data10_GSM5664357_CAAGCTACAGCTGTTA-1,0,gemcitabine
Data10_GSM5664357_CAAGCTACATCGTTCC-1,0,gemcitabine
Data10_GSM5664357_CAAGCTAGTCCTCATC-1,0,gemcitabine
Data10_GSM5664357_CAAGCTAGTCGAATTC-1,0,gemcitabine
Data10_GSM5664357_CAAGCTAGTTAAACCC-1,0,gemcitabine
Data10_GSM5664357_CAAGCTATCGCCTTGT-1,0,gemcitabine
Data10_GSM5664357_CAAGCTATCGTCTACC-1,0,gemcitabine
Data10_GSM5664357_CAAGGGACAACCGGAA-1,0,gemcitabine
Data10_GSM5664357_CAAGGGAGTGCACAAG-1,0,gemcitabine
Data10_GSM5664357_CAAGGGATCCCGTTGT-1,0,gemcitabine
Data10_GSM5664357_CAATACGAGCAAATCA-1,0,gemcitabine
Data10_GSM5664357_CAATACGAGGTCTTTG-1,0,gemcitabine
Data10_GSM5664357_CAATACGCACTAACGT-1,0,gemcitabine
Data10_GSM5664357_CAATACGCATCTCATT-1,0,gemcitabine
Data10_GSM5664357_CAATACGTCTTCTGGC-1,0,gemcitabine
Data10_GSM5664357_CAATCGAAGCCGATTT-1,0,gemcitabine
Data10_GSM5664357_CAATCGAAGCCTTTGA-1,0,gemcitabine
Data10_GSM5664357_CAATCGAAGCTGTGCC-1,0,gemcitabine
Data10_GSM5664357_CAATCGACAGTGTATC-1,0,gemcitabine
Data10_GSM5664357_CAATCGAGTTCGTTCC-1,0,gemcitabine
Data10_GSM5664357_CAATGACAGGTCGCCT-1,0,gemcitabine
Data10_GSM5664357_CAATGACAGTTGTAAG-1,0,gemcitabine
Data10_GSM5664357_CAATGACCAAGGACAC-1,0,gemcitabine
Data10_GSM5664357_CAATTTCAGAACTCCT-1,0,gemcitabine
Data10_GSM5664357_CAATTTCAGCAACTCT-1,0,gemcitabine
Data10_GSM5664357_CAATTTCAGTATGATG-1,0,gemcitabine
Data10_GSM5664357_CAATTTCCAGATCATC-1,0,gemcitabine
Data10_GSM5664357_CAATTTCCATGCACTA-1,0,gemcitabine
Data10_GSM5664357_CACAACACAAGAGTGC-1,0,gemcitabine
Data10_GSM5664357_CACAACACAGATGCGA-1,0,gemcitabine
Data10_GSM5664357_CACAACACAGCGACCT-1,0,gemcitabine
Data10_GSM5664357_CACAACACATCTGTTT-1,0,gemcitabine
Data10_GSM5664357_CACAACACATTCTCCG-1,0,gemcitabine
Data10_GSM5664357_CACAACATCACCGGGT-1,0,gemcitabine
Data10_GSM5664357_CACAACATCCCTAGGG-1,0,gemcitabine
Data10_GSM5664357_CACAACATCTGTGCGG-1,0,gemcitabine
Data10_GSM5664357_CACAACATCTTCTTCC-1,0,gemcitabine
Data10_GSM5664357_CACACAAAGAGGCCAT-1,0,gemcitabine
Data10_GSM5664357_CACACAACAACAAGTA-1,0,gemcitabine
Data10_GSM5664357_CACACAACAACAGAGC-1,0,gemcitabine
Data10_GSM5664357_CACACAACACCTGAAT-1,0,gemcitabine
Data10_GSM5664357_CACACAACACGATAGG-1,0,gemcitabine
Data10_GSM5664357_CACACAACATAAGCGG-1,0,gemcitabine
Data10_GSM5664357_CACACAATCCCTTGTG-1,0,gemcitabine
Data10_GSM5664357_CACAGATCACCGGAAA-1,0,gemcitabine
Data10_GSM5664357_CACAGATCATCTAGAC-1,0,gemcitabine
Data10_GSM5664357_CACAGATGTGAATAAC-1,0,gemcitabine
Data10_GSM5664357_CACAGATTCTCAAAGC-1,0,gemcitabine
Data10_GSM5664357_CACAGGCAGCAACAAT-1,0,gemcitabine
Data10_GSM5664357_CACAGGCAGCGTTGTT-1,0,gemcitabine
Data10_GSM5664357_CACAGGCAGGTCTACT-1,0,gemcitabine
Data10_GSM5664357_CACAGGCAGTTCCGGC-1,0,gemcitabine
Data10_GSM5664357_CACAGGCGTACAACGG-1,0,gemcitabine
Data10_GSM5664357_CACAGGCGTAGCTTAC-1,0,gemcitabine
Data10_GSM5664357_CACAGGCGTCTTGAAC-1,0,gemcitabine
Data10_GSM5664357_CACAGGCGTGTGTACT-1,0,gemcitabine
Data10_GSM5664357_CACAGGCTCTATCGCC-1,0,gemcitabine
Data10_GSM5664357_CACATGAGTGGATCGA-1,0,gemcitabine
Data10_GSM5664357_CACATGATCCTACTGC-1,0,gemcitabine
Data10_GSM5664357_CACCAAAAGACAAGCC-1,0,gemcitabine
Data10_GSM5664357_CACCAAAAGATGTTGA-1,0,gemcitabine
Data10_GSM5664357_CACCAAAAGCTGCCTG-1,0,gemcitabine
Data10_GSM5664357_CACCAAAAGCTTCTAG-1,0,gemcitabine
Data10_GSM5664357_CACCAAAAGGGCGAAG-1,0,gemcitabine
Data10_GSM5664357_CACCAAACAAGGGCAT-1,0,gemcitabine
Data10_GSM5664357_CACCAAACAGTTTCGA-1,0,gemcitabine
Data10_GSM5664357_CACCAAAGTAATGCGG-1,0,gemcitabine
Data10_GSM5664357_CACCAAAGTCCGTTTC-1,0,gemcitabine
Data10_GSM5664357_CACCAAAGTGTTTACG-1,0,gemcitabine
Data10_GSM5664357_CACCGTTAGATAGTCA-1,0,gemcitabine
Data10_GSM5664357_CACCGTTCATCTCAAG-1,0,gemcitabine
Data10_GSM5664357_CACCGTTGTACCGGAA-1,0,gemcitabine
Data10_GSM5664357_CACCGTTGTTACCTTT-1,0,gemcitabine
Data10_GSM5664357_CACCGTTTCCCAGCGA-1,0,gemcitabine
Data10_GSM5664357_CACCGTTTCTATCGCC-1,0,gemcitabine
Data10_GSM5664357_CACCGTTTCTTTCTAG-1,0,gemcitabine
Data10_GSM5664357_CACGAATCAGCGTTGC-1,0,gemcitabine
Data10_GSM5664357_CACGAATGTATCTTCT-1,0,gemcitabine
Data10_GSM5664357_CACGAATGTGTGAGCA-1,0,gemcitabine
Data10_GSM5664357_CACGAATTCCATTTAC-1,0,gemcitabine
Data10_GSM5664357_CACGGGTCAGACATCT-1,0,gemcitabine
Data10_GSM5664357_CACGGGTTCACCCATC-1,0,gemcitabine
Data10_GSM5664357_CACGGGTTCCTATTGT-1,0,gemcitabine
Data10_GSM5664357_CACGTGGAGAGAATCT-1,0,gemcitabine
Data10_GSM5664357_CACGTGGCACCACATA-1,0,gemcitabine
Data10_GSM5664357_CACGTGGCACTCTGCT-1,0,gemcitabine
Data10_GSM5664357_CACGTGGTCGAGTGAG-1,0,gemcitabine
Data10_GSM5664357_CACGTGGTCTAGACCA-1,0,gemcitabine
Data10_GSM5664357_CACGTTCAGCTGGCCT-1,0,gemcitabine
Data10_GSM5664357_CACGTTCCAATTGCAC-1,0,gemcitabine
Data10_GSM5664357_CACGTTCCAGCTGGTC-1,0,gemcitabine
Data10_GSM5664357_CACGTTCGTCATAGTC-1,0,gemcitabine
Data10_GSM5664357_CACGTTCGTCCGTTTC-1,0,gemcitabine
Data10_GSM5664357_CACGTTCGTGCGAGTA-1,0,gemcitabine
Data10_GSM5664357_CACGTTCGTTAGGCCC-1,0,gemcitabine
Data10_GSM5664357_CACTAAGAGACAGTCG-1,0,gemcitabine
Data10_GSM5664357_CACTAAGCAGCCCACA-1,0,gemcitabine
Data10_GSM5664357_CACTAAGCAGTAACAA-1,0,gemcitabine
Data10_GSM5664357_CACTAAGGTACACTCA-1,0,gemcitabine
Data10_GSM5664357_CACTAAGTCCCGATCT-1,0,gemcitabine
Data10_GSM5664357_CACTAAGTCCCTATTA-1,0,gemcitabine
Data10_GSM5664357_CACTGAAAGGTTAGTA-1,0,gemcitabine
Data10_GSM5664357_CACTGAACAGAGACTG-1,0,gemcitabine
Data10_GSM5664357_CACTGAAGTATCTCGA-1,0,gemcitabine
Data10_GSM5664357_CACTGAATCAGAGTGG-1,0,gemcitabine
Data10_GSM5664357_CACTGGGCAAGCGAAC-1,0,gemcitabine
Data10_GSM5664357_CACTGGGCACACGCCA-1,0,gemcitabine
Data10_GSM5664357_CACTGGGCATAGAAAC-1,0,gemcitabine
Data10_GSM5664357_CACTGGGCATGATCTG-1,0,gemcitabine
Data10_GSM5664357_CACTGGGGTATACGGG-1,0,gemcitabine
Data10_GSM5664357_CACTGGGGTCACCGAC-1,0,gemcitabine
Data10_GSM5664357_CACTGGGTCATGTCAG-1,0,gemcitabine
Data10_GSM5664357_CACTGGGTCATTTCCA-1,0,gemcitabine
Data10_GSM5664357_CACTGTCAGACAGCGT-1,0,gemcitabine
Data10_GSM5664357_CACTGTCAGAGGTTTA-1,0,gemcitabine
Data10_GSM5664357_CACTGTCCAATGAAAC-1,0,gemcitabine
Data10_GSM5664357_CACTGTCCAGTATACC-1,0,gemcitabine
Data10_GSM5664357_CACTGTCGTTCAAACC-1,0,gemcitabine
Data10_GSM5664357_CACTGTCTCACATACG-1,0,gemcitabine
Data10_GSM5664357_CACTGTCTCCTTATCA-1,0,gemcitabine
Data10_GSM5664357_CACTTCGAGAAAGCGA-1,0,gemcitabine
Data10_GSM5664357_CACTTCGAGGGAGAAT-1,0,gemcitabine
Data10_GSM5664357_CACTTCGCAACCAACT-1,0,gemcitabine
Data10_GSM5664357_CACTTCGCAAGAGTTA-1,0,gemcitabine
Data10_GSM5664357_CACTTCGCAAGTGGCA-1,0,gemcitabine
Data10_GSM5664357_CACTTCGGTAACATAG-1,0,gemcitabine
Data10_GSM5664357_CACTTCGTCATTCATC-1,0,gemcitabine
Data10_GSM5664357_CAGATACAGACATATG-1,0,gemcitabine
Data10_GSM5664357_CAGATACAGATAGCTA-1,0,gemcitabine
Data10_GSM5664357_CAGATACAGCACACAG-1,0,gemcitabine
Data10_GSM5664357_CAGATACAGGACAACC-1,0,gemcitabine
Data10_GSM5664357_CAGATACCAGGGTCTC-1,0,gemcitabine
Data10_GSM5664357_CAGATACGTCGCTTGG-1,0,gemcitabine
Data10_GSM5664357_CAGATACTCAGCTGTA-1,0,gemcitabine
Data10_GSM5664357_CAGATACTCTACCAGA-1,0,gemcitabine
Data10_GSM5664357_CAGATACTCTTGAACG-1,0,gemcitabine
Data10_GSM5664357_CAGATCAAGCTGTTAC-1,0,gemcitabine
Data10_GSM5664357_CAGATCAAGGATCATA-1,0,gemcitabine
Data10_GSM5664357_CAGATCACACCCAATA-1,0,gemcitabine
Data10_GSM5664357_CAGATCAGTCCCTAAA-1,0,gemcitabine
Data10_GSM5664357_CAGATCAGTCTACGTA-1,0,gemcitabine
Data10_GSM5664357_CAGATCAGTGCCTGCA-1,0,gemcitabine
Data10_GSM5664357_CAGATTGAGTGCTACT-1,0,gemcitabine
Data10_GSM5664357_CAGATTGAGTTGCCCG-1,0,gemcitabine
Data10_GSM5664357_CAGATTGGTAACACCT-1,0,gemcitabine
Data10_GSM5664357_CAGATTGGTACATACC-1,0,gemcitabine
Data10_GSM5664357_CAGATTGTCACTCTTA-1,0,gemcitabine
Data10_GSM5664357_CAGATTGTCCATAGAC-1,0,gemcitabine
Data10_GSM5664357_CAGCAATAGCCGAACA-1,0,gemcitabine
Data10_GSM5664357_CAGCAATAGGAGTATT-1,0,gemcitabine
Data10_GSM5664357_CAGCAATAGTAAACAC-1,0,gemcitabine
Data10_GSM5664357_CAGCAATAGTGCAGCA-1,0,gemcitabine
Data10_GSM5664357_CAGCAATAGTTACTCG-1,0,gemcitabine
Data10_GSM5664357_CAGCAATCAGCAAGAC-1,0,gemcitabine
Data10_GSM5664357_CAGCAATCAGTTGTCA-1,0,gemcitabine
Data10_GSM5664357_CAGCAATGTACAACGG-1,0,gemcitabine
Data10_GSM5664357_CAGCAATGTGCGCTCA-1,0,gemcitabine
Data10_GSM5664357_CAGCAATGTTCATCTT-1,0,gemcitabine
Data10_GSM5664357_CAGCAATTCCGCTGTT-1,0,gemcitabine
Data10_GSM5664357_CAGCACGAGCCAACCC-1,0,gemcitabine
Data10_GSM5664357_CAGCACGGTATTGGCT-1,0,gemcitabine
Data10_GSM5664357_CAGCACGGTCACGTGC-1,0,gemcitabine
Data10_GSM5664357_CAGCACGGTGGTTTAC-1,0,gemcitabine
Data10_GSM5664357_CAGCACGTCAATCAGC-1,0,gemcitabine
Data10_GSM5664357_CAGCACGTCGCCTATC-1,0,gemcitabine
Data10_GSM5664357_CAGCAGCCATCTGTTT-1,0,gemcitabine
Data10_GSM5664357_CAGCAGCGTGCACGCT-1,0,gemcitabine
Data10_GSM5664357_CAGCAGCGTTCCGCGA-1,0,gemcitabine
Data10_GSM5664357_CAGCAGCTCAAATAGG-1,0,gemcitabine
Data10_GSM5664357_CAGCAGCTCAAGGAGC-1,0,gemcitabine
Data10_GSM5664357_CAGCCAGCATAAGCAA-1,0,gemcitabine
Data10_GSM5664357_CAGCCAGTCCATGCAA-1,0,gemcitabine
Data10_GSM5664357_CAGCGTGAGATCCTAC-1,0,gemcitabine
Data10_GSM5664357_CAGCGTGAGCACAAAT-1,0,gemcitabine
Data10_GSM5664357_CAGCGTGCAGCGACCT-1,0,gemcitabine
Data10_GSM5664357_CAGCGTGGTACTGCGC-1,0,gemcitabine
Data10_GSM5664357_CAGGCCAAGACCTCCG-1,0,gemcitabine
Data10_GSM5664357_CAGGCCAAGGTCATAA-1,0,gemcitabine
Data10_GSM5664357_CAGGCCAAGTACGAGC-1,0,gemcitabine
Data10_GSM5664357_CAGGCCACACTGGCCA-1,0,gemcitabine
Data10_GSM5664357_CAGGCCACAGTCAGCC-1,0,gemcitabine
Data10_GSM5664357_CAGGGCTCAGCCATTA-1,0,gemcitabine
Data10_GSM5664357_CAGGGCTGTACACGCC-1,0,gemcitabine
Data10_GSM5664357_CAGGGCTGTACTCCGG-1,0,gemcitabine
Data10_GSM5664357_CAGGGCTGTCGCCTAG-1,0,gemcitabine
Data10_GSM5664357_CAGGGCTGTTCTCACC-1,0,gemcitabine
Data10_GSM5664357_CAGGGCTTCATCTATC-1,0,gemcitabine
Data10_GSM5664357_CAGGTATAGTCATCCA-1,0,gemcitabine
Data10_GSM5664357_CAGGTATCACAAACGG-1,0,gemcitabine
Data10_GSM5664357_CAGGTATCACTTGTGA-1,0,gemcitabine
Data10_GSM5664357_CAGGTATGTCTGCCTT-1,0,gemcitabine
Data10_GSM5664357_CAGTGCGAGCGCTGAA-1,0,gemcitabine
Data10_GSM5664357_CAGTGCGCAAATGATG-1,0,gemcitabine
Data10_GSM5664357_CAGTTAGCAATTAGGA-1,0,gemcitabine
Data10_GSM5664357_CAGTTAGGTCATCCCT-1,0,gemcitabine
Data10_GSM5664357_CAGTTAGGTCTAACGT-1,0,gemcitabine
Data10_GSM5664357_CAGTTAGTCATTCGTT-1,0,gemcitabine
Data10_GSM5664357_CAGTTCCCATGACTAC-1,0,gemcitabine
Data10_GSM5664357_CAGTTCCCATGTGACT-1,0,gemcitabine
Data10_GSM5664357_CAGTTCCCATTCTGTT-1,0,gemcitabine
Data10_GSM5664357_CAGTTCCTCACATACG-1,0,gemcitabine
Data10_GSM5664357_CATAAGCCAGACAAAT-1,0,gemcitabine
Data10_GSM5664357_CATAAGCCATAACGGG-1,0,gemcitabine
Data10_GSM5664357_CATAAGCGTGAACGGT-1,0,gemcitabine
Data10_GSM5664357_CATAAGCTCTGGAAGG-1,0,gemcitabine
Data10_GSM5664357_CATAAGCTCTTTCGAT-1,0,gemcitabine
Data10_GSM5664357_CATACAGAGATCGGTG-1,0,gemcitabine
Data10_GSM5664357_CATACAGAGTGCTACT-1,0,gemcitabine
Data10_GSM5664357_CATACAGAGTTATGGA-1,0,gemcitabine
Data10_GSM5664357_CATACAGCACAATCTG-1,0,gemcitabine
Data10_GSM5664357_CATACAGCAGATTCGT-1,0,gemcitabine
Data10_GSM5664357_CATACAGTCAGTCACA-1,0,gemcitabine
Data10_GSM5664357_CATACAGTCCCGAGTG-1,0,gemcitabine
Data10_GSM5664357_CATACAGTCTCACGAA-1,0,gemcitabine
Data10_GSM5664357_CATACCCCAATAACGA-1,0,gemcitabine
Data10_GSM5664357_CATACCCCATCCGAAT-1,0,gemcitabine
Data10_GSM5664357_CATACCCGTTCTCTCG-1,0,gemcitabine
Data10_GSM5664357_CATACCCTCCTAAACG-1,0,gemcitabine
Data10_GSM5664357_CATACCCTCCTTGGAA-1,0,gemcitabine
Data10_GSM5664357_CATACCCTCTAGCCTC-1,0,gemcitabine
Data10_GSM5664357_CATACCCTCTTCTGGC-1,0,gemcitabine
Data10_GSM5664357_CATACTTAGTCACGAG-1,0,gemcitabine
Data10_GSM5664357_CATACTTAGTCTAACC-1,0,gemcitabine
Data10_GSM5664357_CATACTTCACTACAGT-1,0,gemcitabine
Data10_GSM5664357_CATACTTCATCTAGAC-1,0,gemcitabine
Data10_GSM5664357_CATACTTGTCCGATCG-1,0,gemcitabine
Data10_GSM5664357_CATACTTGTCGATTTG-1,0,gemcitabine
Data10_GSM5664357_CATACTTGTTTAGACC-1,0,gemcitabine
Data10_GSM5664357_CATAGACAGTGCTCAT-1,0,gemcitabine
Data10_GSM5664357_CATAGACCAACAGTGG-1,0,gemcitabine
Data10_GSM5664357_CATAGACCACTCAGAT-1,0,gemcitabine
Data10_GSM5664357_CATAGACGTATGCTAC-1,0,gemcitabine
Data10_GSM5664357_CATAGACGTGGTCCCA-1,0,gemcitabine
Data10_GSM5664357_CATAGACTCATGGCCG-1,0,gemcitabine
Data10_GSM5664357_CATAGACTCCTTGGAA-1,0,gemcitabine
Data10_GSM5664357_CATCAAGAGTACTGGG-1,0,gemcitabine
Data10_GSM5664357_CATCAAGCAGCTGTAT-1,0,gemcitabine
Data10_GSM5664357_CATCAAGCATGGAGAC-1,0,gemcitabine
Data10_GSM5664357_CATCAAGCATTCTCTA-1,0,gemcitabine
Data10_GSM5664357_CATCAAGGTATGTCTG-1,0,gemcitabine
Data10_GSM5664357_CATCAAGGTGTTCCTC-1,0,gemcitabine
Data10_GSM5664357_CATCAAGGTTTCAGAC-1,0,gemcitabine
Data10_GSM5664357_CATCCACAGACATAGT-1,0,gemcitabine
Data10_GSM5664357_CATCCACAGGTCGCCT-1,0,gemcitabine
Data10_GSM5664357_CATCCACAGTAAACAC-1,0,gemcitabine
Data10_GSM5664357_CATCCACCAACGCATT-1,0,gemcitabine
Data10_GSM5664357_CATCCACCAACTCGAT-1,0,gemcitabine
Data10_GSM5664357_CATCCACCAGAGTGAC-1,0,gemcitabine
Data10_GSM5664357_CATCCACGTACTCCCT-1,0,gemcitabine
Data10_GSM5664357_CATCCACGTTCCCAAA-1,0,gemcitabine
Data10_GSM5664357_CATCCACTCCACTTCG-1,0,gemcitabine
Data10_GSM5664357_CATCCACTCCATCGTC-1,0,gemcitabine
Data10_GSM5664357_CATCCACTCCATGATG-1,0,gemcitabine
Data10_GSM5664357_CATCCCAAGTGCACAG-1,0,gemcitabine
Data10_GSM5664357_CATCCCACACCAAAGG-1,0,gemcitabine
Data10_GSM5664357_CATCCCAGTTTACTGG-1,0,gemcitabine
Data10_GSM5664357_CATCCCATCCCATTTA-1,0,gemcitabine
Data10_GSM5664357_CATCCCATCGATACTG-1,0,gemcitabine
Data10_GSM5664357_CATCCCATCTTGCAGA-1,0,gemcitabine
Data10_GSM5664357_CATCCGTAGTTGGCGA-1,0,gemcitabine
Data10_GSM5664357_CATCCGTCACAATGCT-1,0,gemcitabine
Data10_GSM5664357_CATCCGTCACTACGGC-1,0,gemcitabine
Data10_GSM5664357_CATCCGTGTACACTCA-1,0,gemcitabine
Data10_GSM5664357_CATCCGTGTCCCGCAA-1,0,gemcitabine
Data10_GSM5664357_CATCCGTTCAAGGCTT-1,0,gemcitabine
Data10_GSM5664357_CATCCGTTCGATGCAT-1,0,gemcitabine
Data10_GSM5664357_CATCGCTAGCGTCGAA-1,0,gemcitabine
Data10_GSM5664357_CATCGCTAGGACTATA-1,0,gemcitabine
Data10_GSM5664357_CATCGCTCAAATGAGT-1,0,gemcitabine
Data10_GSM5664357_CATCGCTCAGACAATA-1,0,gemcitabine
Data10_GSM5664357_CATCGCTCATCGCCTT-1,0,gemcitabine
Data10_GSM5664357_CATCGCTGTCAGATTC-1,0,gemcitabine
Data10_GSM5664357_CATCGCTGTCGAAACG-1,0,gemcitabine
Data10_GSM5664357_CATCGCTTCAAGCCTA-1,0,gemcitabine
Data10_GSM5664357_CATCGCTTCCGGCTTT-1,0,gemcitabine
Data10_GSM5664357_CATCGGGAGCTCGAAG-1,0,gemcitabine
Data10_GSM5664357_CATCGGGCATGGGTTT-1,0,gemcitabine
Data10_GSM5664357_CATCGGGGTTATAGAG-1,0,gemcitabine
Data10_GSM5664357_CATCGGGTCTATCGGA-1,0,gemcitabine
Data10_GSM5664357_CATCGGGTCTTGGAAC-1,0,gemcitabine
Data10_GSM5664357_CATCGTCAGGTCTACT-1,0,gemcitabine
Data10_GSM5664357_CATCGTCGTTACGGAG-1,0,gemcitabine
Data10_GSM5664357_CATCGTCTCTAGCATG-1,0,gemcitabine
Data10_GSM5664357_CATGAGTAGCACTGGA-1,0,gemcitabine
Data10_GSM5664357_CATGAGTAGCGACTGA-1,0,gemcitabine
Data10_GSM5664357_CATGAGTTCATTGGTG-1,0,gemcitabine
Data10_GSM5664357_CATGAGTTCTCTTAAC-1,0,gemcitabine
Data10_GSM5664357_CATGCAAAGACATAAC-1,0,gemcitabine
Data10_GSM5664357_CATGCAAAGCAACAGC-1,0,gemcitabine
Data10_GSM5664357_CATGCAACACATACGT-1,0,gemcitabine
Data10_GSM5664357_CATGCAAGTAGTCGGA-1,0,gemcitabine
Data10_GSM5664357_CATGCAAGTCAGATTC-1,0,gemcitabine
Data10_GSM5664357_CATGCAATCGCACTCT-1,0,gemcitabine
Data10_GSM5664357_CATGCAATCGTAGCTA-1,0,gemcitabine
Data10_GSM5664357_CATGCCTAGACTCCGC-1,0,gemcitabine
Data10_GSM5664357_CATGCCTAGGCTGAAC-1,0,gemcitabine
Data10_GSM5664357_CATGCCTAGGGCCCTT-1,0,gemcitabine
Data10_GSM5664357_CATGCCTGTACATTGC-1,0,gemcitabine
Data10_GSM5664357_CATGCCTGTACCAGAG-1,0,gemcitabine
Data10_GSM5664357_CATGCCTGTGAAAGTT-1,0,gemcitabine
Data10_GSM5664357_CATGCCTTCCTAAGTG-1,0,gemcitabine
Data10_GSM5664357_CATGCCTTCGCGTGCA-1,0,gemcitabine
Data10_GSM5664357_CATGCCTTCTCCAAGA-1,0,gemcitabine
Data10_GSM5664357_CATGCGGAGGAACGAA-1,0,gemcitabine
Data10_GSM5664357_CATGCGGAGGTACCTT-1,0,gemcitabine
Data10_GSM5664357_CATGCGGAGTATGGAT-1,0,gemcitabine
Data10_GSM5664357_CATGCGGCAACTTGGT-1,0,gemcitabine
Data10_GSM5664357_CATGCGGCACATTGTG-1,0,gemcitabine
Data10_GSM5664357_CATGCGGCACGCTGAC-1,0,gemcitabine
Data10_GSM5664357_CATGCGGCATTCAGCA-1,0,gemcitabine
Data10_GSM5664357_CATGCGGCATTCTTCA-1,0,gemcitabine
Data10_GSM5664357_CATGCGGGTACCGGCT-1,0,gemcitabine
Data10_GSM5664357_CATGCTCAGGCGAAGG-1,0,gemcitabine
Data10_GSM5664357_CATGCTCAGGGCCAAT-1,0,gemcitabine
Data10_GSM5664357_CATGCTCCAACAAGTA-1,0,gemcitabine
Data10_GSM5664357_CATGCTCCATACCACA-1,0,gemcitabine
Data10_GSM5664357_CATGCTCCATGTCAGT-1,0,gemcitabine
Data10_GSM5664357_CATGCTCTCCCTTGGT-1,0,gemcitabine
Data10_GSM5664357_CATGCTCTCCGACGGT-1,0,gemcitabine
Data10_GSM5664357_CATGCTCTCTAGTACG-1,0,gemcitabine
Data10_GSM5664357_CATGGATAGCGCATCC-1,0,gemcitabine
Data10_GSM5664357_CATGGATAGCGTATAA-1,0,gemcitabine
Data10_GSM5664357_CATGGATCACAGTGAG-1,0,gemcitabine
Data10_GSM5664357_CATGGATCAGCTATAC-1,0,gemcitabine
Data10_GSM5664357_CATGGATCATTGGGAG-1,0,gemcitabine
Data10_GSM5664357_CATGGATTCTTACCAT-1,0,gemcitabine
Data10_GSM5664357_CATGGTACAATACGAA-1,0,gemcitabine
Data10_GSM5664357_CATGGTACACACTGGC-1,0,gemcitabine
Data10_GSM5664357_CATGGTACACAGTATC-1,0,gemcitabine
Data10_GSM5664357_CATGGTAGTGATAGTA-1,0,gemcitabine
Data10_GSM5664357_CATGGTATCTACCAGA-1,0,gemcitabine
Data10_GSM5664357_CATGGTATCTGAGATC-1,0,gemcitabine
Data10_GSM5664357_CATTCATAGGGCATGT-1,0,gemcitabine
Data10_GSM5664357_CATTCATCAGCGAGTA-1,0,gemcitabine
Data10_GSM5664357_CATTCATTCTAGCATG-1,0,gemcitabine
Data10_GSM5664357_CATTCCGAGACAAGCC-1,0,gemcitabine
Data10_GSM5664357_CATTCCGCAACACAAA-1,0,gemcitabine
Data10_GSM5664357_CATTCCGGTCAGTCCG-1,0,gemcitabine
Data10_GSM5664357_CATTCCGGTTCGCGTG-1,0,gemcitabine
Data10_GSM5664357_CATTCCGTCCTTATAC-1,0,gemcitabine
Data10_GSM5664357_CATTCCGTCGATTCCC-1,0,gemcitabine
Data10_GSM5664357_CATTCTAAGCCTTCTC-1,0,gemcitabine
Data10_GSM5664357_CATTCTAAGCTTTCCC-1,0,gemcitabine
Data10_GSM5664357_CATTCTAAGTATAGAC-1,0,gemcitabine
Data10_GSM5664357_CATTCTACAGCTACTA-1,0,gemcitabine
Data10_GSM5664357_CATTCTAGTATAGGAT-1,0,gemcitabine
Data10_GSM5664357_CATTCTAGTTCAACGT-1,0,gemcitabine
Data10_GSM5664357_CATTCTATCCCTCGTA-1,0,gemcitabine
Data10_GSM5664357_CATTCTATCGCTCTAC-1,0,gemcitabine
Data10_GSM5664357_CATTCTATCTACGCAA-1,0,gemcitabine
Data10_GSM5664357_CATTGAGTCCACTGGG-1,0,gemcitabine
Data10_GSM5664357_CATTGAGTCCGATCTC-1,0,gemcitabine
Data10_GSM5664357_CATTGAGTCGGCCCAA-1,0,gemcitabine
Data10_GSM5664357_CATTGCCAGCCGGATA-1,0,gemcitabine
Data10_GSM5664357_CATTGCCAGGCTTTCA-1,0,gemcitabine
Data10_GSM5664357_CATTGCCAGTAGGCCA-1,0,gemcitabine
Data10_GSM5664357_CATTGCCCAATTCACG-1,0,gemcitabine
Data10_GSM5664357_CATTGCCGTCGGATTT-1,0,gemcitabine
Data10_GSM5664357_CATTGCCGTCTCTCAC-1,0,gemcitabine
Data10_GSM5664357_CATTGCCTCCATCTGC-1,0,gemcitabine
Data10_GSM5664357_CATTGCCTCGTTGCCT-1,0,gemcitabine
Data10_GSM5664357_CATTGTTAGACCAGCA-1,0,gemcitabine
Data10_GSM5664357_CATTGTTAGCTCCCTT-1,0,gemcitabine
Data10_GSM5664357_CATTGTTCATCCAATG-1,0,gemcitabine
Data10_GSM5664357_CATTGTTCATTCTGTT-1,0,gemcitabine
Data10_GSM5664357_CATTGTTGTAGCGCCT-1,0,gemcitabine
Data10_GSM5664357_CATTTCAAGCACCGAA-1,0,gemcitabine
Data10_GSM5664357_CATTTCAAGGTACAGC-1,0,gemcitabine
Data10_GSM5664357_CATTTCACACTTGTGA-1,0,gemcitabine
Data10_GSM5664357_CATTTCACAGTCTACA-1,0,gemcitabine
Data10_GSM5664357_CATTTCAGTCGCATTA-1,0,gemcitabine
Data10_GSM5664357_CATTTCAGTTACTCAG-1,0,gemcitabine
Data10_GSM5664357_CATTTCAGTTCTCTAT-1,0,gemcitabine
Data10_GSM5664357_CATTTCAGTTGCTCCT-1,0,gemcitabine
Data10_GSM5664357_CCAAGCGCAAGATTGA-1,0,gemcitabine
Data10_GSM5664357_CCAAGCGCACTTGGGC-1,0,gemcitabine
Data10_GSM5664357_CCAAGCGTCCCTCTCC-1,0,gemcitabine
Data10_GSM5664357_CCAAGCGTCGGCTGTG-1,0,gemcitabine
Data10_GSM5664357_CCAATGAAGACGGATC-1,0,gemcitabine
Data10_GSM5664357_CCAATGACACGTCTCT-1,0,gemcitabine
Data10_GSM5664357_CCAATGAGTATGTCAC-1,0,gemcitabine
Data10_GSM5664357_CCAATGATCCGGCAGT-1,0,gemcitabine
Data10_GSM5664357_CCAATGATCCTTTGAT-1,0,gemcitabine
Data10_GSM5664357_CCAATTTCAAACGAGC-1,0,gemcitabine
Data10_GSM5664357_CCAATTTTCCAGTGCG-1,0,gemcitabine
Data10_GSM5664357_CCAATTTTCCCATAAG-1,0,gemcitabine
Data10_GSM5664357_CCACAAAAGCCACTCG-1,0,gemcitabine
Data10_GSM5664357_CCACAAAAGGCTTAAA-1,0,gemcitabine
Data10_GSM5664357_CCACAAACAATTGAGA-1,0,gemcitabine
Data10_GSM5664357_CCACAAAGTTCAGGTT-1,0,gemcitabine
Data10_GSM5664357_CCACAAATCGGTCAGC-1,0,gemcitabine
Data10_GSM5664357_CCACACTAGAGCACTG-1,0,gemcitabine
Data10_GSM5664357_CCACACTCACAATTCG-1,0,gemcitabine
Data10_GSM5664357_CCACACTCACACGGTC-1,0,gemcitabine
Data10_GSM5664357_CCACACTCAGATCATC-1,0,gemcitabine
Data10_GSM5664357_CCACACTGTAGCGTAG-1,0,gemcitabine
Data10_GSM5664357_CCACCATAGGTTCCGC-1,0,gemcitabine
Data10_GSM5664357_CCACCATAGTGGCCTC-1,0,gemcitabine
Data10_GSM5664357_CCACCATCATGGCTAT-1,0,gemcitabine
Data10_GSM5664357_CCACCATTCGACCACG-1,0,gemcitabine
Data10_GSM5664357_CCACCATTCGAGAGAC-1,0,gemcitabine
Data10_GSM5664357_CCACGAGAGCCAAGGT-1,0,gemcitabine
Data10_GSM5664357_CCACGAGCATACAGAA-1,0,gemcitabine
Data10_GSM5664357_CCACGAGGTGCTCCGA-1,0,gemcitabine
Data10_GSM5664357_CCACGAGGTGGCAGAT-1,0,gemcitabine
Data10_GSM5664357_CCACGAGGTGTCTTCC-1,0,gemcitabine
Data10_GSM5664357_CCACGTTAGCGTCTGC-1,0,gemcitabine
Data10_GSM5664357_CCACGTTAGGATACAT-1,0,gemcitabine
Data10_GSM5664357_CCACGTTAGTAAGAGG-1,0,gemcitabine
Data10_GSM5664357_CCACGTTCAAATGGAT-1,0,gemcitabine
Data10_GSM5664357_CCACGTTCAGCAGATG-1,0,gemcitabine
Data10_GSM5664357_CCACGTTGTCCAAATC-1,0,gemcitabine
Data10_GSM5664357_CCACGTTGTCTGATCA-1,0,gemcitabine
Data10_GSM5664357_CCACGTTTCGATTTCT-1,0,gemcitabine
Data10_GSM5664357_CCACTTGAGACTCTAC-1,0,gemcitabine
Data10_GSM5664357_CCACTTGAGTGCCAGA-1,0,gemcitabine
Data10_GSM5664357_CCACTTGCACTTCTCG-1,0,gemcitabine
Data10_GSM5664357_CCACTTGCAGCACCCA-1,0,gemcitabine
Data10_GSM5664357_CCACTTGGTTGGGCCT-1,0,gemcitabine
Data10_GSM5664357_CCACTTGTCCTGGGAC-1,0,gemcitabine
Data10_GSM5664357_CCACTTGTCTCACCCA-1,0,gemcitabine
Data10_GSM5664357_CCACTTGTCTCTTCAA-1,0,gemcitabine
Data10_GSM5664357_CCACTTGTCTTTCTAG-1,0,gemcitabine
Data10_GSM5664357_CCATAAGAGTCACGAG-1,0,gemcitabine
Data10_GSM5664357_CCATAAGCAGGAAGTC-1,0,gemcitabine
Data10_GSM5664357_CCATAAGTCTGGCCAG-1,0,gemcitabine
Data10_GSM5664357_CCATCACAGCAACAGC-1,0,gemcitabine
Data10_GSM5664357_CCATCACAGTATGCAA-1,0,gemcitabine
Data10_GSM5664357_CCATCACAGTGAATAC-1,0,gemcitabine
Data10_GSM5664357_CCATCACCATGACAGG-1,0,gemcitabine
Data10_GSM5664357_CCATCACTCTCTTGCG-1,0,gemcitabine
Data10_GSM5664357_CCCAACTAGTGCTCGC-1,0,gemcitabine
Data10_GSM5664357_CCCATTGAGCAATAGT-1,0,gemcitabine
Data10_GSM5664357_CCCATTGAGCCTGTGC-1,0,gemcitabine
Data10_GSM5664357_CCCATTGCAAACTCGT-1,0,gemcitabine
Data10_GSM5664357_CCCATTGCAAGTTGGG-1,0,gemcitabine
Data10_GSM5664357_CCCATTGGTATCGCTA-1,0,gemcitabine
Data10_GSM5664357_CCCATTGGTTCGAGCC-1,0,gemcitabine
Data10_GSM5664357_CCCATTGTCTCGGTAA-1,0,gemcitabine
Data10_GSM5664357_CCCGAAGAGTCGAATA-1,0,gemcitabine
Data10_GSM5664357_CCCGAAGCAAGAAACT-1,0,gemcitabine
Data10_GSM5664357_CCCGAAGCACCCAACG-1,0,gemcitabine
Data10_GSM5664357_CCCGAAGCAGCAGTCC-1,0,gemcitabine
Data10_GSM5664357_CCCGAAGCATGTGGTT-1,0,gemcitabine
Data10_GSM5664357_CCCGAAGGTGAATTGA-1,0,gemcitabine
Data10_GSM5664357_CCCGAAGGTTAAACAG-1,0,gemcitabine
Data10_GSM5664357_CCCGAAGTCATTCATC-1,0,gemcitabine
Data10_GSM5664357_CCCGGAAAGCGATGGT-1,0,gemcitabine
Data10_GSM5664357_CCCGGAACATCCAATG-1,0,gemcitabine
Data10_GSM5664357_CCCGGAAGTATTGAGA-1,0,gemcitabine
Data10_GSM5664357_CCCGGAAGTCTCGCGA-1,0,gemcitabine
Data10_GSM5664357_CCCGGAAGTTACGGAG-1,0,gemcitabine
Data10_GSM5664357_CCCGGAATCCTGTAGA-1,0,gemcitabine
Data10_GSM5664357_CCCTAACCAGCGTTGC-1,0,gemcitabine
Data10_GSM5664357_CCCTAACCAGGGACTA-1,0,gemcitabine
Data10_GSM5664357_CCCTAACCATAGGTAA-1,0,gemcitabine
Data10_GSM5664357_CCCTAACGTCCTTGTC-1,0,gemcitabine
Data10_GSM5664357_CCCTAACGTGGGTATG-1,0,gemcitabine
Data10_GSM5664357_CCCTAACGTTAGGCTT-1,0,gemcitabine
Data10_GSM5664357_CCCTAACTCGAACACT-1,0,gemcitabine
Data10_GSM5664357_CCCTAACTCGCAAGAG-1,0,gemcitabine
Data10_GSM5664357_CCCTCAAAGGGCGAGA-1,0,gemcitabine
Data10_GSM5664357_CCCTCAAAGTAAACAC-1,0,gemcitabine
Data10_GSM5664357_CCCTCAAAGTGTTGAA-1,0,gemcitabine
Data10_GSM5664357_CCCTCAAAGTTCCATG-1,0,gemcitabine
Data10_GSM5664357_CCCTCAACAAACAGGC-1,0,gemcitabine
Data10_GSM5664357_CCCTCAACACAAGGTG-1,0,gemcitabine
Data10_GSM5664357_CCCTCAACACGAGGAT-1,0,gemcitabine
Data10_GSM5664357_CCCTCAACATGGGATG-1,0,gemcitabine
Data10_GSM5664357_CCCTCAACATTCACCC-1,0,gemcitabine
Data10_GSM5664357_CCCTCAAGTTGTGCCG-1,0,gemcitabine
Data10_GSM5664357_CCCTCAATCGAGCACC-1,0,gemcitabine
Data10_GSM5664357_CCCTCTCAGCCTGCCA-1,0,gemcitabine
Data10_GSM5664357_CCCTCTCCATACAGCT-1,0,gemcitabine
Data10_GSM5664357_CCCTCTCTCCAAGGGA-1,0,gemcitabine
Data10_GSM5664357_CCCTCTCTCTCTCTTC-1,0,gemcitabine
Data10_GSM5664357_CCCTGATCAACTGAAA-1,0,gemcitabine
Data10_GSM5664357_CCCTGATCACAAGTGG-1,0,gemcitabine
Data10_GSM5664357_CCCTGATCATGGGTTT-1,0,gemcitabine
Data10_GSM5664357_CCCTGATGTCACCTTC-1,0,gemcitabine
Data10_GSM5664357_CCCTTAGAGAACGTGC-1,0,gemcitabine
Data10_GSM5664357_CCCTTAGAGCATATGA-1,0,gemcitabine
Data10_GSM5664357_CCCTTAGCATGGGTTT-1,0,gemcitabine
Data10_GSM5664357_CCCTTAGGTGTCATCA-1,0,gemcitabine
Data10_GSM5664357_CCCTTAGTCTATTGTC-1,0,gemcitabine
Data10_GSM5664357_CCGAACGCACGACAAG-1,0,gemcitabine
Data10_GSM5664357_CCGAACGCAGGTGAGT-1,0,gemcitabine
Data10_GSM5664357_CCGAACGCATCCGGCA-1,0,gemcitabine
Data10_GSM5664357_CCGAACGCATCGGCCA-1,0,gemcitabine
Data10_GSM5664357_CCGAACGGTGCTAGCC-1,0,gemcitabine
Data10_GSM5664357_CCGATCTAGACGATAT-1,0,gemcitabine
Data10_GSM5664357_CCGATCTAGATGATTG-1,0,gemcitabine
Data10_GSM5664357_CCGATCTAGCCTGTGC-1,0,gemcitabine
Data10_GSM5664357_CCGATCTAGGGTCTTT-1,0,gemcitabine
Data10_GSM5664357_CCGATCTCACACACGC-1,0,gemcitabine
Data10_GSM5664357_CCGATCTCACCTCTAC-1,0,gemcitabine
Data10_GSM5664357_CCGATCTCACCTCTGT-1,0,gemcitabine
Data10_GSM5664357_CCGATCTGTGCCGGTT-1,0,gemcitabine
Data10_GSM5664357_CCGATGGAGAGCAGTC-1,0,gemcitabine
Data10_GSM5664357_CCGATGGAGGTACAGC-1,0,gemcitabine
Data10_GSM5664357_CCGATGGCAATGTTGC-1,0,gemcitabine
Data10_GSM5664357_CCGATGGCATCGATCA-1,0,gemcitabine
Data10_GSM5664357_CCGATGGCATGACAGG-1,0,gemcitabine
Data10_GSM5664357_CCGATGGCATTGGATC-1,0,gemcitabine
Data10_GSM5664357_CCGATGGGTCCAGAAG-1,0,gemcitabine
Data10_GSM5664357_CCGATGGTCGCCCAGA-1,0,gemcitabine
Data10_GSM5664357_CCGATGGTCTCAGAAC-1,0,gemcitabine
Data10_GSM5664357_CCGCAAGAGCACTCAT-1,0,gemcitabine
Data10_GSM5664357_CCGCAAGAGGATTACA-1,0,gemcitabine
Data10_GSM5664357_CCGCAAGAGTCAGAGC-1,0,gemcitabine
Data10_GSM5664357_CCGCAAGGTCACCCTT-1,0,gemcitabine
Data10_GSM5664357_CCGCAAGGTCACTAGT-1,0,gemcitabine
Data10_GSM5664357_CCGCAAGTCGATGCAT-1,0,gemcitabine
Data10_GSM5664357_CCGCAAGTCGCCTCTA-1,0,gemcitabine
Data10_GSM5664357_CCGGACATCAAACTGC-1,0,gemcitabine
Data10_GSM5664357_CCGGACATCAGGAGAC-1,0,gemcitabine
Data10_GSM5664357_CCGGACATCCTGCTAC-1,0,gemcitabine
Data10_GSM5664357_CCGGACATCGAATCCA-1,0,gemcitabine
Data10_GSM5664357_CCGGACATCGACACCG-1,0,gemcitabine
Data10_GSM5664357_CCGGACATCGCCTCTA-1,0,gemcitabine
Data10_GSM5664357_CCGGACATCTGAGGCC-1,0,gemcitabine
Data10_GSM5664357_CCGGACATCTTACGTT-1,0,gemcitabine
Data10_GSM5664357_CCGGGTAAGAAGCTGC-1,0,gemcitabine
Data10_GSM5664357_CCGGGTAAGGTTTGAA-1,0,gemcitabine
Data10_GSM5664357_CCGGGTACAGACAAAT-1,0,gemcitabine
Data10_GSM5664357_CCGGGTACAGTTCACA-1,0,gemcitabine
Data10_GSM5664357_CCGGGTACATCAGTCA-1,0,gemcitabine
Data10_GSM5664357_CCGGGTACATCCGGCA-1,0,gemcitabine
Data10_GSM5664357_CCGGGTATCAAATGCC-1,0,gemcitabine
Data10_GSM5664357_CCGGGTATCCCATGGG-1,0,gemcitabine
Data10_GSM5664357_CCGGTAGAGTCTGTAC-1,0,gemcitabine
Data10_GSM5664357_CCGGTAGCACCTGCTT-1,0,gemcitabine
Data10_GSM5664357_CCGGTAGCATCGGCCA-1,0,gemcitabine
Data10_GSM5664357_CCGGTGAGTCATCGCG-1,0,gemcitabine
Data10_GSM5664357_CCGGTGAGTTAGCTAC-1,0,gemcitabine
Data10_GSM5664357_CCGGTGATCCTTCACG-1,0,gemcitabine
Data10_GSM5664357_CCGGTGATCGCTATTT-1,0,gemcitabine
Data10_GSM5664357_CCGTAGGAGCCTTCTC-1,0,gemcitabine
Data10_GSM5664357_CCGTAGGCAGATACCT-1,0,gemcitabine
Data10_GSM5664357_CCGTAGGTCGTGTCAA-1,0,gemcitabine
Data10_GSM5664357_CCGTGAGAGTCTTCCC-1,0,gemcitabine
Data10_GSM5664357_CCGTGAGCAATGCTCA-1,0,gemcitabine
Data10_GSM5664357_CCGTGAGCAGGCCTGT-1,0,gemcitabine
Data10_GSM5664357_CCGTGAGTCACTTCTA-1,0,gemcitabine
Data10_GSM5664357_CCGTTCAAGCAGTACG-1,0,gemcitabine
Data10_GSM5664357_CCGTTCAAGCTGACTT-1,0,gemcitabine
Data10_GSM5664357_CCGTTCACATCGCTGG-1,0,gemcitabine
Data10_GSM5664357_CCGTTCATCATGTCTT-1,0,gemcitabine
Data10_GSM5664357_CCGTTCATCCTGGTCT-1,0,gemcitabine
Data10_GSM5664357_CCTAACCAGTATCCTG-1,0,gemcitabine
Data10_GSM5664357_CCTAACCCAACTCCAA-1,0,gemcitabine
Data10_GSM5664357_CCTAACCCACTGTCCT-1,0,gemcitabine
Data10_GSM5664357_CCTAACCTCTGCTTAT-1,0,gemcitabine
Data10_GSM5664357_CCTAAGAAGGTCGTCC-1,0,gemcitabine
Data10_GSM5664357_CCTAAGACAAGAATAC-1,0,gemcitabine
Data10_GSM5664357_CCTAAGACATGACACT-1,0,gemcitabine
Data10_GSM5664357_CCTAAGATCGACGAGA-1,0,gemcitabine
Data10_GSM5664357_CCTAAGATCTTGCAGA-1,0,gemcitabine
Data10_GSM5664357_CCTACGTAGCTCGTGC-1,0,gemcitabine
Data10_GSM5664357_CCTACGTCATCGCTGG-1,0,gemcitabine
Data10_GSM5664357_CCTACGTCATTGCAAC-1,0,gemcitabine
Data10_GSM5664357_CCTACGTGTAGCTGCC-1,0,gemcitabine
Data10_GSM5664357_CCTACGTGTCCGACGT-1,0,gemcitabine
Data10_GSM5664357_CCTACGTGTGTATACC-1,0,gemcitabine
Data10_GSM5664357_CCTACGTTCGGCTTGG-1,0,gemcitabine
Data10_GSM5664357_CCTATCGAGCATATGA-1,0,gemcitabine
Data10_GSM5664357_CCTATCGCACTGCACG-1,0,gemcitabine
Data10_GSM5664357_CCTATCGCAGGTATGG-1,0,gemcitabine
Data10_GSM5664357_CCTATCGGTCCGAAAG-1,0,gemcitabine
Data10_GSM5664357_CCTATCGGTCCGCAGT-1,0,gemcitabine
Data10_GSM5664357_CCTATCGGTTCGGCGT-1,0,gemcitabine
Data10_GSM5664357_CCTATCGTCACGGGAA-1,0,gemcitabine
Data10_GSM5664357_CCTATCGTCACGTAGT-1,0,gemcitabine
Data10_GSM5664357_CCTATCGTCGTCCTCA-1,0,gemcitabine
Data10_GSM5664357_CCTATCGTCTAGGAAA-1,0,gemcitabine
Data10_GSM5664357_CCTATCGTCTTACACT-1,0,gemcitabine
Data10_GSM5664357_CCTATCGTCTTGAACG-1,0,gemcitabine
Data10_GSM5664357_CCTCAACAGCAGGCTA-1,0,gemcitabine
Data10_GSM5664357_CCTCAACAGGCACCAA-1,0,gemcitabine
Data10_GSM5664357_CCTCAACAGGGCTAAC-1,0,gemcitabine
Data10_GSM5664357_CCTCAACAGTGGCGAT-1,0,gemcitabine
Data10_GSM5664357_CCTCAACCATGATGCT-1,0,gemcitabine
Data10_GSM5664357_CCTCAACGTAGCTAAA-1,0,gemcitabine
Data10_GSM5664357_CCTCAACGTCCCTCAT-1,0,gemcitabine
Data10_GSM5664357_CCTCAACGTGCCTGCA-1,0,gemcitabine
Data10_GSM5664357_CCTCAACGTGTCTAAC-1,0,gemcitabine
Data10_GSM5664357_CCTCAACTCCTGGCTT-1,0,gemcitabine
Data10_GSM5664357_CCTCACAAGGACAGCT-1,0,gemcitabine
Data10_GSM5664357_CCTCACACAGACGGAT-1,0,gemcitabine
Data10_GSM5664357_CCTCACAGTACTGTTG-1,0,gemcitabine
Data10_GSM5664357_CCTCACAGTGACTATC-1,0,gemcitabine
Data10_GSM5664357_CCTCACATCAACTCTT-1,0,gemcitabine
Data10_GSM5664357_CCTCACATCAGCTGTA-1,0,gemcitabine
Data10_GSM5664357_CCTCACATCCAACACA-1,0,gemcitabine
Data10_GSM5664357_CCTCACATCGATACAC-1,0,gemcitabine
Data10_GSM5664357_CCTCAGTAGGTAGTCG-1,0,gemcitabine
Data10_GSM5664357_CCTCAGTCAAACTCGT-1,0,gemcitabine
Data10_GSM5664357_CCTCAGTCATCCGTTC-1,0,gemcitabine
Data10_GSM5664357_CCTCATGAGAGGTCGT-1,0,gemcitabine
Data10_GSM5664357_CCTCATGAGCACACAG-1,0,gemcitabine
Data10_GSM5664357_CCTCATGAGCAGCACA-1,0,gemcitabine
Data10_GSM5664357_CCTCATGAGCCGATAG-1,0,gemcitabine
Data10_GSM5664357_CCTCATGAGGCCTAGA-1,0,gemcitabine
Data10_GSM5664357_CCTCCAAAGATGCTTC-1,0,gemcitabine
Data10_GSM5664357_CCTCCAAAGCCTCTGG-1,0,gemcitabine
Data10_GSM5664357_CCTCCAACACATGAAA-1,0,gemcitabine
Data10_GSM5664357_CCTCCAACAGTGCCTG-1,0,gemcitabine
Data10_GSM5664357_CCTCCAAGTCTGTGCG-1,0,gemcitabine
Data10_GSM5664357_CCTCCAATCAGTCATG-1,0,gemcitabine
Data10_GSM5664357_CCTCCAATCCACACAA-1,0,gemcitabine
Data10_GSM5664357_CCTCCAATCCTCACTG-1,0,gemcitabine
Data10_GSM5664357_CCTCCAATCGTAACCA-1,0,gemcitabine
Data10_GSM5664357_CCTCCAATCGTCTCAC-1,0,gemcitabine
Data10_GSM5664357_CCTCCAATCTCCAATT-1,0,gemcitabine
Data10_GSM5664357_CCTCCTCAGAATGTTG-1,0,gemcitabine
Data10_GSM5664357_CCTCCTCAGCTTCTAG-1,0,gemcitabine
Data10_GSM5664357_CCTCCTCCATGCGGTC-1,0,gemcitabine
Data10_GSM5664357_CCTCCTCGTCACTACA-1,0,gemcitabine
Data10_GSM5664357_CCTCCTCGTTGCATTG-1,0,gemcitabine
Data10_GSM5664357_CCTCCTCTCAAAGACA-1,0,gemcitabine
Data10_GSM5664357_CCTCCTCTCACGGGCT-1,0,gemcitabine
Data10_GSM5664357_CCTCTAGCAGGTTTAC-1,0,gemcitabine
Data10_GSM5664357_CCTCTAGGTAGGACCA-1,0,gemcitabine
Data10_GSM5664357_CCTCTAGGTCACTCGG-1,0,gemcitabine
Data10_GSM5664357_CCTCTAGTCGCATTAG-1,0,gemcitabine
Data10_GSM5664357_CCTCTAGTCGCCTTGT-1,0,gemcitabine
Data10_GSM5664357_CCTCTAGTCTTGCGCT-1,0,gemcitabine
Data10_GSM5664357_CCTCTCCAGGGTTTCT-1,0,gemcitabine
Data10_GSM5664357_CCTCTCCAGTCTGCGC-1,0,gemcitabine
Data10_GSM5664357_CCTCTCCCAACTTGCA-1,0,gemcitabine
Data10_GSM5664357_CCTCTCCCAATGCAAA-1,0,gemcitabine
Data10_GSM5664357_CCTCTCCCAATTCGTG-1,0,gemcitabine
Data10_GSM5664357_CCTCTCCCACTGTTCC-1,0,gemcitabine
Data10_GSM5664357_CCTCTCCCAGGCACAA-1,0,gemcitabine
Data10_GSM5664357_CCTCTCCCAGTTAGAA-1,0,gemcitabine
Data10_GSM5664357_CCTCTCCCATGAATCC-1,0,gemcitabine
Data10_GSM5664357_CCTCTCCGTGTTAAAG-1,0,gemcitabine
Data10_GSM5664357_CCTCTCCGTGTTACAC-1,0,gemcitabine
Data10_GSM5664357_CCTCTCCGTTCCTTGC-1,0,gemcitabine
Data10_GSM5664357_CCTCTCCTCATCGCCT-1,0,gemcitabine
Data10_GSM5664357_CCTGCATAGAACGTGC-1,0,gemcitabine
Data10_GSM5664357_CCTGCATAGACGTCGA-1,0,gemcitabine
Data10_GSM5664357_CCTGCATAGGAAACGA-1,0,gemcitabine
Data10_GSM5664357_CCTGCATCAATCTGCA-1,0,gemcitabine
Data10_GSM5664357_CCTGCATGTATCCTCC-1,0,gemcitabine
Data10_GSM5664357_CCTGCATTCAAACGTC-1,0,gemcitabine
Data10_GSM5664357_CCTGCATTCGCTGTTC-1,0,gemcitabine
Data10_GSM5664357_CCTGCATTCTTCGCTG-1,0,gemcitabine
Data10_GSM5664357_CCTGTTGCAACCGTAT-1,0,gemcitabine
Data10_GSM5664357_CCTGTTGCACCTGCTT-1,0,gemcitabine
Data10_GSM5664357_CCTGTTGCAGGTCAGA-1,0,gemcitabine
Data10_GSM5664357_CCTGTTGCAGTCTCTC-1,0,gemcitabine
Data10_GSM5664357_CCTGTTGCATCCTTCG-1,0,gemcitabine
Data10_GSM5664357_CCTGTTGGTCCATAGT-1,0,gemcitabine
Data10_GSM5664357_CCTTCAGCATCCAACA-1,0,gemcitabine
Data10_GSM5664357_CCTTCAGGTTGTAGCT-1,0,gemcitabine
Data10_GSM5664357_CCTTCAGTCCTTTGAT-1,0,gemcitabine
Data10_GSM5664357_CCTTCAGTCGCACGGT-1,0,gemcitabine
Data10_GSM5664357_CCTTGTGAGCCTTCTC-1,0,gemcitabine
Data10_GSM5664357_CCTTGTGGTATCCCTC-1,0,gemcitabine
Data10_GSM5664357_CCTTGTGGTGCACGCT-1,0,gemcitabine
Data10_GSM5664357_CCTTGTGTCGGCTGGT-1,0,gemcitabine
Data10_GSM5664357_CCTTGTGTCTCAATCT-1,0,gemcitabine
Data10_GSM5664357_CCTTTGGAGCGTCTGC-1,0,gemcitabine
Data10_GSM5664357_CCTTTGGAGGTACAGC-1,0,gemcitabine
Data10_GSM5664357_CCTTTGGGTATACGGG-1,0,gemcitabine
Data10_GSM5664357_CCTTTGGGTCAATCTG-1,0,gemcitabine
Data10_GSM5664357_CCTTTGGGTCCACGCA-1,0,gemcitabine
Data10_GSM5664357_CCTTTGGGTGACCGTC-1,0,gemcitabine
Data10_GSM5664357_CCTTTGGGTTCTCACC-1,0,gemcitabine
Data10_GSM5664357_CCTTTGGTCATGGCCG-1,0,gemcitabine
Data10_GSM5664357_CCTTTGGTCCTTCGAC-1,0,gemcitabine
Data10_GSM5664357_CCTTTGGTCTAACACG-1,0,gemcitabine
Data10_GSM5664357_CGAAGGAAGCACACCC-1,0,gemcitabine
Data10_GSM5664357_CGAAGGATCCACCTCA-1,0,gemcitabine
Data10_GSM5664357_CGAAGGATCCGCTTAC-1,0,gemcitabine
Data10_GSM5664357_CGAAGTTAGCGGACAT-1,0,gemcitabine
Data10_GSM5664357_CGAAGTTCAGGACTTT-1,0,gemcitabine
Data10_GSM5664357_CGAAGTTCATACAGGG-1,0,gemcitabine
Data10_GSM5664357_CGAAGTTGTGGTACAG-1,0,gemcitabine
Data10_GSM5664357_CGAAGTTGTGGTATGG-1,0,gemcitabine
Data10_GSM5664357_CGAAGTTTCCTTCTAA-1,0,gemcitabine
Data10_GSM5664357_CGAAGTTTCTGGTTGA-1,0,gemcitabine
Data10_GSM5664357_CGAATTGAGAGGCCAT-1,0,gemcitabine
Data10_GSM5664357_CGAATTGAGTTGCCCG-1,0,gemcitabine
Data10_GSM5664357_CGAATTGCACGCGCTA-1,0,gemcitabine
Data10_GSM5664357_CGAATTGCAGGAGACT-1,0,gemcitabine
Data10_GSM5664357_CGAATTGGTGGCCTCA-1,0,gemcitabine
Data10_GSM5664357_CGAATTGGTTCGAGCC-1,0,gemcitabine
Data10_GSM5664357_CGAATTGTCATCGCTC-1,0,gemcitabine
Data10_GSM5664357_CGAATTGTCTGTGCAA-1,0,gemcitabine
Data10_GSM5664357_CGACAGCAGCAGCCTC-1,0,gemcitabine
Data10_GSM5664357_CGACAGCAGTATGTAG-1,0,gemcitabine
Data10_GSM5664357_CGACAGCTCTCCGTGT-1,0,gemcitabine
Data10_GSM5664357_CGAGAAGCAATTGCCA-1,0,gemcitabine
Data10_GSM5664357_CGAGAAGCAGGTCTCG-1,0,gemcitabine
Data10_GSM5664357_CGAGAAGGTAACTTCG-1,0,gemcitabine
Data10_GSM5664357_CGAGGAACACGTATAC-1,0,gemcitabine
Data10_GSM5664357_CGAGGAACAGTAACAA-1,0,gemcitabine
Data10_GSM5664357_CGAGGCTTCCATTGGA-1,0,gemcitabine
Data10_GSM5664357_CGAGGCTTCCGGACTG-1,0,gemcitabine
Data10_GSM5664357_CGAGGCTTCTAGTGAC-1,0,gemcitabine
Data10_GSM5664357_CGAGTGCCAACGAGGT-1,0,gemcitabine
Data10_GSM5664357_CGAGTGCCAGGGCTTC-1,0,gemcitabine
Data10_GSM5664357_CGAGTGCTCATGCCGG-1,0,gemcitabine
Data10_GSM5664357_CGAGTGCTCGCGAAGA-1,0,gemcitabine
Data10_GSM5664357_CGAGTTACACTCCACT-1,0,gemcitabine
Data10_GSM5664357_CGAGTTACACTGGAAG-1,0,gemcitabine
Data10_GSM5664357_CGAGTTAGTACTAGCT-1,0,gemcitabine
Data10_GSM5664357_CGAGTTAGTATCACCA-1,0,gemcitabine
Data10_GSM5664357_CGAGTTATCCGAGTGC-1,0,gemcitabine
Data10_GSM5664357_CGATCGGGTCTTACAG-1,0,gemcitabine
Data10_GSM5664357_CGATCGGGTCTTCGAA-1,0,gemcitabine
Data10_GSM5664357_CGATCGGGTGACCTGC-1,0,gemcitabine
Data10_GSM5664357_CGATCGGTCGCCTAGG-1,0,gemcitabine
Data10_GSM5664357_CGATGCGCAGACATCT-1,0,gemcitabine
Data10_GSM5664357_CGATGCGTCACTGTTT-1,0,gemcitabine
Data10_GSM5664357_CGATGCGTCATCGGGC-1,0,gemcitabine
Data10_GSM5664357_CGATGCGTCCTAGCCT-1,0,gemcitabine
Data10_GSM5664357_CGATGCGTCGCAACAT-1,0,gemcitabine
Data10_GSM5664357_CGATGGCCACCTGCAG-1,0,gemcitabine
Data10_GSM5664357_CGATGGCCACGATTCA-1,0,gemcitabine
Data10_GSM5664357_CGATGGCCACGCCAGT-1,0,gemcitabine
Data10_GSM5664357_CGATGGCTCCATACTT-1,0,gemcitabine
Data10_GSM5664357_CGATGGCTCTAGTACG-1,0,gemcitabine
Data10_GSM5664357_CGCAGGTAGGGATCAC-1,0,gemcitabine
Data10_GSM5664357_CGCAGGTCAACCAACT-1,0,gemcitabine
Data10_GSM5664357_CGCAGGTCATGAATAG-1,0,gemcitabine
Data10_GSM5664357_CGCAGGTGTCGCGGTT-1,0,gemcitabine
Data10_GSM5664357_CGCAGGTTCGTAGAGG-1,0,gemcitabine
Data10_GSM5664357_CGCAGGTTCTCTCGAC-1,0,gemcitabine
Data10_GSM5664357_CGCAGGTTCTCTCGCA-1,0,gemcitabine
Data10_GSM5664357_CGCATAAAGCCTATCA-1,0,gemcitabine
Data10_GSM5664357_CGCATAAAGGTGCAGT-1,0,gemcitabine
Data10_GSM5664357_CGCATAACACTTACAG-1,0,gemcitabine
Data10_GSM5664357_CGCATAACAGCGAACA-1,0,gemcitabine
Data10_GSM5664357_CGCATAAGTAAGCAAT-1,0,gemcitabine
Data10_GSM5664357_CGCATAAGTGCGTTTA-1,0,gemcitabine
Data10_GSM5664357_CGCATAAGTGGTTTAC-1,0,gemcitabine
Data10_GSM5664357_CGCATGGAGCTCAGAG-1,0,gemcitabine
Data10_GSM5664357_CGCATGGAGTCTAGCT-1,0,gemcitabine
Data10_GSM5664357_CGCATGGCATTCACCC-1,0,gemcitabine
Data10_GSM5664357_CGCATGGCATTGGGAG-1,0,gemcitabine
Data10_GSM5664357_CGCATGGTCACCGCTT-1,0,gemcitabine
Data10_GSM5664357_CGCATGGTCCCAGTGG-1,0,gemcitabine
Data10_GSM5664357_CGCATGGTCGTGGAAG-1,0,gemcitabine
Data10_GSM5664357_CGCATGGTCTGTGTGA-1,0,gemcitabine
Data10_GSM5664357_CGCCAGAAGTCACACT-1,0,gemcitabine
Data10_GSM5664357_CGCCAGACATCGTTCC-1,0,gemcitabine
Data10_GSM5664357_CGCCAGACATGGCCAC-1,0,gemcitabine
Data10_GSM5664357_CGCCAGAGTATGTGTC-1,0,gemcitabine
Data10_GSM5664357_CGCCAGAGTCCACTCT-1,0,gemcitabine
Data10_GSM5664357_CGCCAGATCCGCGAGT-1,0,gemcitabine
Data10_GSM5664357_CGCCATTAGAACTTCC-1,0,gemcitabine
Data10_GSM5664357_CGCCATTAGGATTTCC-1,0,gemcitabine
Data10_GSM5664357_CGCCATTCAACAGCCC-1,0,gemcitabine
Data10_GSM5664357_CGCCATTGTGCCTAAT-1,0,gemcitabine
Data10_GSM5664357_CGCCATTTCACCTCAC-1,0,gemcitabine
Data10_GSM5664357_CGCCATTTCGAGGCAA-1,0,gemcitabine
Data10_GSM5664357_CGCCATTTCTGATGGT-1,0,gemcitabine
Data10_GSM5664357_CGCGTGAAGCTCTTCC-1,0,gemcitabine
Data10_GSM5664357_CGCGTGACAGCTCGGT-1,0,gemcitabine
Data10_GSM5664357_CGCGTGACAGTGACCC-1,0,gemcitabine
Data10_GSM5664357_CGCGTGACAGTTGTTG-1,0,gemcitabine
Data10_GSM5664357_CGCGTGACATGTTCGA-1,0,gemcitabine
Data10_GSM5664357_CGCGTGACATTGTACG-1,0,gemcitabine
Data10_GSM5664357_CGCGTGAGTACTGACT-1,0,gemcitabine
Data10_GSM5664357_CGCGTGAGTACTGTTG-1,0,gemcitabine
Data10_GSM5664357_CGCGTGAGTATAGGAT-1,0,gemcitabine
Data10_GSM5664357_CGCGTGAGTCGCCACA-1,0,gemcitabine
Data10_GSM5664357_CGGAACCAGGTTCCGC-1,0,gemcitabine
Data10_GSM5664357_CGGAACCGTTCCAAAC-1,0,gemcitabine
Data10_GSM5664357_CGGAACCTCAATCCGA-1,0,gemcitabine
Data10_GSM5664357_CGGAACCTCCGACAGC-1,0,gemcitabine
Data10_GSM5664357_CGGAACCTCTCGCCTA-1,0,gemcitabine
Data10_GSM5664357_CGGAATTAGATAGCTA-1,0,gemcitabine
Data10_GSM5664357_CGGAATTGTACCTTCC-1,0,gemcitabine
Data10_GSM5664357_CGGAATTGTCAAGGCA-1,0,gemcitabine
Data10_GSM5664357_CGGAATTGTTTGGCTA-1,0,gemcitabine
Data10_GSM5664357_CGGAATTTCTTAGGAC-1,0,gemcitabine
Data10_GSM5664357_CGGACACAGATTGAGT-1,0,gemcitabine
Data10_GSM5664357_CGGACACAGGTTCACT-1,0,gemcitabine
Data10_GSM5664357_CGGACACGTATCTCTT-1,0,gemcitabine
Data10_GSM5664357_CGGACACTCCATCCGT-1,0,gemcitabine
Data10_GSM5664357_CGGACACTCGGTAAGG-1,0,gemcitabine
Data10_GSM5664357_CGGAGAAAGACGACGT-1,0,gemcitabine
Data10_GSM5664357_CGGAGAAAGCCGAACA-1,0,gemcitabine
Data10_GSM5664357_CGGAGAAGTACGTTCA-1,0,gemcitabine
Data10_GSM5664357_CGGAGAAGTTAACAGA-1,0,gemcitabine
Data10_GSM5664357_CGGAGAATCGGTTCAA-1,0,gemcitabine
Data10_GSM5664357_CGGCAGTAGACCAGAC-1,0,gemcitabine
Data10_GSM5664357_CGGCAGTCACAGCCAC-1,0,gemcitabine
Data10_GSM5664357_CGGCAGTCAGAGGTTG-1,0,gemcitabine
Data10_GSM5664357_CGGCAGTTCCCGAGTG-1,0,gemcitabine
Data10_GSM5664357_CGGGACTAGCGAGGAG-1,0,gemcitabine
Data10_GSM5664357_CGGGACTAGTATAGAC-1,0,gemcitabine
Data10_GSM5664357_CGGGACTGTAAGACCG-1,0,gemcitabine
Data10_GSM5664357_CGGGACTGTACCGCGT-1,0,gemcitabine
Data10_GSM5664357_CGGGACTGTCCTACAA-1,0,gemcitabine
Data10_GSM5664357_CGGGACTGTCGGCTAC-1,0,gemcitabine
Data10_GSM5664357_CGGGACTTCAAGTAAG-1,0,gemcitabine
Data10_GSM5664357_CGGGACTTCACCACAA-1,0,gemcitabine
Data10_GSM5664357_CGGGACTTCCAACTGA-1,0,gemcitabine
Data10_GSM5664357_CGGGACTTCCTGATAG-1,0,gemcitabine
Data10_GSM5664357_CGGGACTTCGCGCCAA-1,0,gemcitabine
Data10_GSM5664357_CGGGACTTCTTCGATT-1,0,gemcitabine
Data10_GSM5664357_CGGGCATAGCTGAAAT-1,0,gemcitabine
Data10_GSM5664357_CGGGCATAGGCACCAA-1,0,gemcitabine
Data10_GSM5664357_CGGGCATCAAGAGTTA-1,0,gemcitabine
Data10_GSM5664357_CGGGCATCAGTTCACA-1,0,gemcitabine
Data10_GSM5664357_CGGGCATCATTGTGCA-1,0,gemcitabine
Data10_GSM5664357_CGGGCATGTGCCTGAC-1,0,gemcitabine
Data10_GSM5664357_CGGGCATGTTAGGGTG-1,0,gemcitabine
Data10_GSM5664357_CGGGCATTCATGAAAG-1,0,gemcitabine
Data10_GSM5664357_CGGGCATTCTGCTTAT-1,0,gemcitabine
Data10_GSM5664357_CGGGTCAAGTCATGCT-1,0,gemcitabine
Data10_GSM5664357_CGGGTCAGTCGTCAGC-1,0,gemcitabine
Data10_GSM5664357_CGGGTCATCCGTGCGA-1,0,gemcitabine
Data10_GSM5664357_CGGGTGTAGGTCCGAA-1,0,gemcitabine
Data10_GSM5664357_CGGGTGTAGTGTTGTC-1,0,gemcitabine
Data10_GSM5664357_CGGGTGTCAAGACCGA-1,0,gemcitabine
Data10_GSM5664357_CGGGTGTCACAAGCAG-1,0,gemcitabine
Data10_GSM5664357_CGGGTGTCACTCCTTG-1,0,gemcitabine
Data10_GSM5664357_CGGGTGTGTCCAGTTA-1,0,gemcitabine
Data10_GSM5664357_CGGGTGTGTTCTATCT-1,0,gemcitabine
Data10_GSM5664357_CGGTCAGAGCCATTTG-1,0,gemcitabine
Data10_GSM5664357_CGGTCAGAGGAACTAT-1,0,gemcitabine
Data10_GSM5664357_CGGTCAGCATCACAGT-1,0,gemcitabine
Data10_GSM5664357_CGGTCAGGTTCCCAAA-1,0,gemcitabine
Data10_GSM5664357_CGGTCAGGTTCGGCGT-1,0,gemcitabine
Data10_GSM5664357_CGGTCAGTCGAGTGGA-1,0,gemcitabine
Data10_GSM5664357_CGGTCAGTCGTAATGC-1,0,gemcitabine
Data10_GSM5664357_CGGTCAGTCTTAAGGC-1,0,gemcitabine
Data10_GSM5664357_CGTAAGTCACTACCGG-1,0,gemcitabine
Data10_GSM5664357_CGTAAGTTCAGCTTCC-1,0,gemcitabine
Data10_GSM5664357_CGTAAGTTCCTTTGAT-1,0,gemcitabine
Data10_GSM5664357_CGTAATGCAACTTGGT-1,0,gemcitabine
Data10_GSM5664357_CGTAATGGTAACCCGC-1,0,gemcitabine
Data10_GSM5664357_CGTAATGGTGCCGTAC-1,0,gemcitabine
Data10_GSM5664357_CGTAATGGTGGCCTCA-1,0,gemcitabine
Data10_GSM5664357_CGTAGTAAGTATTCCG-1,0,gemcitabine
Data10_GSM5664357_CGTAGTACAAGAAACT-1,0,gemcitabine
Data10_GSM5664357_CGTAGTACAATCCTAG-1,0,gemcitabine
Data10_GSM5664357_CGTAGTATCAGCAATC-1,0,gemcitabine
Data10_GSM5664357_CGTAGTATCCATAGGT-1,0,gemcitabine
Data10_GSM5664357_CGTAGTATCTGACGCG-1,0,gemcitabine
Data10_GSM5664357_CGTCAAACACCCAAGC-1,0,gemcitabine
Data10_GSM5664357_CGTCAAACACCGCTAG-1,0,gemcitabine
Data10_GSM5664357_CGTCCATAGGACTTCT-1,0,gemcitabine
Data10_GSM5664357_CGTCCATAGTTCCAGT-1,0,gemcitabine
Data10_GSM5664357_CGTCCATTCACGGAGA-1,0,gemcitabine
Data10_GSM5664357_CGTGAATAGGCTTAAA-1,0,gemcitabine
Data10_GSM5664357_CGTGAATTCCCGTGTT-1,0,gemcitabine
Data10_GSM5664357_CGTGAATTCGCTTGAA-1,0,gemcitabine
Data10_GSM5664357_CGTGAATTCGGCTCTT-1,0,gemcitabine
Data10_GSM5664357_CGTGAATTCTGTTGGA-1,0,gemcitabine
Data10_GSM5664357_CGTGATAAGGCCCGTT-1,0,gemcitabine
Data10_GSM5664357_CGTGATACACTGAATC-1,0,gemcitabine
Data10_GSM5664357_CGTGATAGTCTGCCTT-1,0,gemcitabine
Data10_GSM5664357_CGTGATAGTTAGAGTA-1,0,gemcitabine
Data10_GSM5664357_CGTGCTTAGAGATTCA-1,0,gemcitabine
Data10_GSM5664357_CGTGCTTAGATTAGCA-1,0,gemcitabine
Data10_GSM5664357_CGTGCTTAGTGGAAAG-1,0,gemcitabine
Data10_GSM5664357_CGTGCTTCAAATGAAC-1,0,gemcitabine
Data10_GSM5664357_CGTGCTTGTCGAAGCA-1,0,gemcitabine
Data10_GSM5664357_CGTGCTTGTGAATATG-1,0,gemcitabine
Data10_GSM5664357_CGTGCTTTCATCTGTT-1,0,gemcitabine
Data10_GSM5664357_CGTGCTTTCTAGTGTG-1,0,gemcitabine
Data10_GSM5664357_CGTGTCTAGCGAAACC-1,0,gemcitabine
Data10_GSM5664357_CGTGTCTCAGCTACAT-1,0,gemcitabine
Data10_GSM5664357_CGTTAGACACACAGCC-1,0,gemcitabine
Data10_GSM5664357_CGTTAGAGTAGGGTAC-1,0,gemcitabine
Data10_GSM5664357_CGTTAGAGTAGTCCTA-1,0,gemcitabine
Data10_GSM5664357_CGTTAGAGTATCAGCT-1,0,gemcitabine
Data10_GSM5664357_CGTTAGAGTCTTCAAG-1,0,gemcitabine
Data10_GSM5664357_CGTTAGAGTGAGCTCC-1,0,gemcitabine
Data10_GSM5664357_CGTTAGAGTGGATGAC-1,0,gemcitabine
Data10_GSM5664357_CGTTAGAGTTCTCCCA-1,0,gemcitabine
Data10_GSM5664357_CGTTAGATCCGGTAGC-1,0,gemcitabine
Data10_GSM5664357_CGTTCTGAGGCCTTCG-1,0,gemcitabine
Data10_GSM5664357_CGTTCTGGTCTGGTTA-1,0,gemcitabine
Data10_GSM5664357_CGTTCTGGTGATACTC-1,0,gemcitabine
Data10_GSM5664357_CGTTCTGGTTGGGATG-1,0,gemcitabine
Data10_GSM5664357_CGTTCTGGTTGTCAGT-1,0,gemcitabine
Data10_GSM5664357_CGTTCTGTCAAGAGTA-1,0,gemcitabine
Data10_GSM5664357_CGTTCTGTCAAGCCTA-1,0,gemcitabine
Data10_GSM5664357_CGTTCTGTCCAAGCTA-1,0,gemcitabine
Data10_GSM5664357_CGTTCTGTCCGAGGCT-1,0,gemcitabine
Data10_GSM5664357_CGTTCTGTCCGTGTCT-1,0,gemcitabine
Data10_GSM5664357_CGTTCTGTCTGATTCT-1,0,gemcitabine
Data10_GSM5664357_CGTTGGGAGAGGGCGA-1,0,gemcitabine
Data10_GSM5664357_CGTTGGGAGGTACAGC-1,0,gemcitabine
Data10_GSM5664357_CGTTGGGGTAACCCGC-1,0,gemcitabine
Data10_GSM5664357_CGTTGGGGTCGTCAGC-1,0,gemcitabine
Data10_GSM5664357_CGTTGGGGTGTCCGGT-1,0,gemcitabine
Data10_GSM5664357_CTAACCCAGCGCCTCA-1,0,gemcitabine
Data10_GSM5664357_CTAACCCAGTTTAGGA-1,0,gemcitabine
Data10_GSM5664357_CTAACCCCACTTCCTG-1,0,gemcitabine
Data10_GSM5664357_CTAACCCCATAAGCAA-1,0,gemcitabine
Data10_GSM5664357_CTAACCCTCAGTGTTG-1,0,gemcitabine
Data10_GSM5664357_CTAACCCTCTTCACAT-1,0,gemcitabine
Data10_GSM5664357_CTAACCCTCTTCCGTG-1,0,gemcitabine
Data10_GSM5664357_CTAACCCTCTTTCCAA-1,0,gemcitabine
Data10_GSM5664357_CTAACTTAGCTTGTGT-1,0,gemcitabine
Data10_GSM5664357_CTAACTTCAGTAACCT-1,0,gemcitabine
Data10_GSM5664357_CTAACTTCAGTCAGCC-1,0,gemcitabine
Data10_GSM5664357_CTAACTTCATCGTTCC-1,0,gemcitabine
Data10_GSM5664357_CTAACTTCATGACTTG-1,0,gemcitabine
Data10_GSM5664357_CTAACTTGTATGCGTT-1,0,gemcitabine
Data10_GSM5664357_CTAACTTGTCGTTTCC-1,0,gemcitabine
Data10_GSM5664357_CTAACTTGTTGTACGT-1,0,gemcitabine
Data10_GSM5664357_CTAACTTTCCATGAGT-1,0,gemcitabine
Data10_GSM5664357_CTAAGTGCAACTGCCG-1,0,gemcitabine
Data10_GSM5664357_CTAAGTGCACCAAAGG-1,0,gemcitabine
Data10_GSM5664357_CTAAGTGCAGCATTGT-1,0,gemcitabine
Data10_GSM5664357_CTAAGTGCATCAGCTA-1,0,gemcitabine
Data10_GSM5664357_CTAAGTGCATGGAGAC-1,0,gemcitabine
Data10_GSM5664357_CTAAGTGGTATGCGTT-1,0,gemcitabine
Data10_GSM5664357_CTAAGTGTCTCACGAA-1,0,gemcitabine
Data10_GSM5664357_CTACAGAAGACCTGGA-1,0,gemcitabine
Data10_GSM5664357_CTACAGAAGGAATCGC-1,0,gemcitabine
Data10_GSM5664357_CTACAGAGTAAGACCG-1,0,gemcitabine
Data10_GSM5664357_CTACATTAGGAAGAAC-1,0,gemcitabine
Data10_GSM5664357_CTACATTAGTAGCAAT-1,0,gemcitabine
Data10_GSM5664357_CTACATTCAGCAGTCC-1,0,gemcitabine
Data10_GSM5664357_CTACATTCAGCCCACA-1,0,gemcitabine
Data10_GSM5664357_CTACCCACAAGGGCAT-1,0,gemcitabine
Data10_GSM5664357_CTACCCACAATGAGCG-1,0,gemcitabine
Data10_GSM5664357_CTACCCACACTATCCC-1,0,gemcitabine
Data10_GSM5664357_CTACCCACACTTGGCG-1,0,gemcitabine
Data10_GSM5664357_CTACCCACATTGCCTC-1,0,gemcitabine
Data10_GSM5664357_CTACCCAGTAATGTGA-1,0,gemcitabine
Data10_GSM5664357_CTACCCATCCCTATTA-1,0,gemcitabine
Data10_GSM5664357_CTACCCATCTACTGAG-1,0,gemcitabine
Data10_GSM5664357_CTACCCATCTGTCAGA-1,0,gemcitabine
Data10_GSM5664357_CTACCCATCTTCTGTA-1,0,gemcitabine
Data10_GSM5664357_CTACCCATCTTTGCAT-1,0,gemcitabine
Data10_GSM5664357_CTACCTGAGACCAACG-1,0,gemcitabine
Data10_GSM5664357_CTACCTGAGCCGATCC-1,0,gemcitabine
Data10_GSM5664357_CTACCTGAGGTACCTT-1,0,gemcitabine
Data10_GSM5664357_CTACCTGCAATCGAAA-1,0,gemcitabine
Data10_GSM5664357_CTACCTGGTACGAAAT-1,0,gemcitabine
Data10_GSM5664357_CTACCTGGTCATGCAT-1,0,gemcitabine
Data10_GSM5664357_CTACCTGGTTCCGGTG-1,0,gemcitabine
Data10_GSM5664357_CTACCTGTCATTTCCA-1,0,gemcitabine
Data10_GSM5664357_CTACCTGTCCCTTGGT-1,0,gemcitabine
Data10_GSM5664357_CTACCTGTCGGAAACG-1,0,gemcitabine
Data10_GSM5664357_CTACGGGAGCCTCTGG-1,0,gemcitabine
Data10_GSM5664357_CTACGGGCATCGCTAA-1,0,gemcitabine
Data10_GSM5664357_CTACGGGGTCTTGGTA-1,0,gemcitabine
Data10_GSM5664357_CTACGGGGTGAATTAG-1,0,gemcitabine
Data10_GSM5664357_CTACGGGGTGGTTTAC-1,0,gemcitabine
Data10_GSM5664357_CTACGGGTCAATCAGC-1,0,gemcitabine
Data10_GSM5664357_CTACTATGTAACGATA-1,0,gemcitabine
Data10_GSM5664357_CTACTATTCAAAGGTA-1,0,gemcitabine
Data10_GSM5664357_CTACTATTCAACCTTT-1,0,gemcitabine
Data10_GSM5664357_CTACTATTCGCTTAAG-1,0,gemcitabine
Data10_GSM5664357_CTACTATTCTCTCGCA-1,0,gemcitabine
Data10_GSM5664357_CTAGACAAGGATAATC-1,0,gemcitabine
Data10_GSM5664357_CTAGACACACTCCACT-1,0,gemcitabine
Data10_GSM5664357_CTAGACAGTACTCCCT-1,0,gemcitabine
Data10_GSM5664357_CTAGACAGTATCGATC-1,0,gemcitabine
Data10_GSM5664357_CTAGACAGTCCAGCAC-1,0,gemcitabine
Data10_GSM5664357_CTAGACATCAACACCA-1,0,gemcitabine
Data10_GSM5664357_CTAGGTACACAAGGTG-1,0,gemcitabine
Data10_GSM5664357_CTAGGTACACTGGCCA-1,0,gemcitabine
Data10_GSM5664357_CTAGGTATCTCCACTG-1,0,gemcitabine
Data10_GSM5664357_CTATAGGAGCTGTTAC-1,0,gemcitabine
Data10_GSM5664357_CTATAGGCAACTCCAA-1,0,gemcitabine
Data10_GSM5664357_CTATAGGGTCCCTCAT-1,0,gemcitabine
Data10_GSM5664357_CTATAGGGTTAGGACG-1,0,gemcitabine
Data10_GSM5664357_CTATCCGCAATTGCCA-1,0,gemcitabine
Data10_GSM5664357_CTATCCGGTGGCAACA-1,0,gemcitabine
Data10_GSM5664357_CTATCCGTCAATCAGC-1,0,gemcitabine
Data10_GSM5664357_CTATCCGTCAGGAGAC-1,0,gemcitabine
Data10_GSM5664357_CTATCCGTCGATCCCT-1,0,gemcitabine
Data10_GSM5664357_CTATCCGTCTAGCATG-1,0,gemcitabine
Data10_GSM5664357_CTATCTAAGTAAGAGG-1,0,gemcitabine
Data10_GSM5664357_CTATCTAGTCTCACAA-1,0,gemcitabine
Data10_GSM5664357_CTATCTAGTGCCCACA-1,0,gemcitabine
Data10_GSM5664357_CTATCTAGTGGCGCTT-1,0,gemcitabine
Data10_GSM5664357_CTATCTATCAACGAGG-1,0,gemcitabine
Data10_GSM5664357_CTATCTATCCCAGCGA-1,0,gemcitabine
Data10_GSM5664357_CTATCTATCCGGCAGT-1,0,gemcitabine
Data10_GSM5664357_CTATCTATCCTATTGT-1,0,gemcitabine
Data10_GSM5664357_CTATCTATCGTAACAC-1,0,gemcitabine
Data10_GSM5664357_CTATCTATCTGAATCG-1,0,gemcitabine
Data10_GSM5664357_CTCAACCAGACCAGAC-1,0,gemcitabine
Data10_GSM5664357_CTCAACCAGACGCAGT-1,0,gemcitabine
Data10_GSM5664357_CTCAACCAGCTTCTAG-1,0,gemcitabine
Data10_GSM5664357_CTCAACCAGTACAGCG-1,0,gemcitabine
Data10_GSM5664357_CTCAACCCAACCAGAG-1,0,gemcitabine
Data10_GSM5664357_CTCAACCCACAACGCC-1,0,gemcitabine
Data10_GSM5664357_CTCAACCGTCACCTTC-1,0,gemcitabine
Data10_GSM5664357_CTCAACCGTCCTCCTA-1,0,gemcitabine
Data10_GSM5664357_CTCAACCGTTATGACC-1,0,gemcitabine
Data10_GSM5664357_CTCAACCTCGAACCTA-1,0,gemcitabine
Data10_GSM5664357_CTCAAGAGTAGACTGG-1,0,gemcitabine
Data10_GSM5664357_CTCAAGAGTATTGGCT-1,0,gemcitabine
Data10_GSM5664357_CTCAAGAGTTTACCTT-1,0,gemcitabine
Data10_GSM5664357_CTCAAGATCTCTTAAC-1,0,gemcitabine
Data10_GSM5664357_CTCAATTAGATGCTTC-1,0,gemcitabine
Data10_GSM5664357_CTCAATTAGCTCACTA-1,0,gemcitabine
Data10_GSM5664357_CTCAATTCACCTCGTT-1,0,gemcitabine
Data10_GSM5664357_CTCAATTCACGTTCGG-1,0,gemcitabine
Data10_GSM5664357_CTCAATTCACTACTTT-1,0,gemcitabine
Data10_GSM5664357_CTCAATTCATGACTTG-1,0,gemcitabine
Data10_GSM5664357_CTCAATTGTGCATGTT-1,0,gemcitabine
Data10_GSM5664357_CTCAATTTCCCAGCGA-1,0,gemcitabine
Data10_GSM5664357_CTCAATTTCTTCCGTG-1,0,gemcitabine
Data10_GSM5664357_CTCACTGAGGACGCTA-1,0,gemcitabine
Data10_GSM5664357_CTCACTGCACCCTTGT-1,0,gemcitabine
Data10_GSM5664357_CTCACTGGTTTCGCTC-1,0,gemcitabine
Data10_GSM5664357_CTCACTGTCCTCAGGG-1,0,gemcitabine
Data10_GSM5664357_CTCAGAAAGACCAAAT-1,0,gemcitabine
Data10_GSM5664357_CTCAGAACAAACAGGC-1,0,gemcitabine
Data10_GSM5664357_CTCAGAACAGAAGCGT-1,0,gemcitabine
Data10_GSM5664357_CTCAGAACAGCTGTAT-1,0,gemcitabine
Data10_GSM5664357_CTCAGAAGTACTTCCC-1,0,gemcitabine
Data10_GSM5664357_CTCAGAAGTCCGGATC-1,0,gemcitabine
Data10_GSM5664357_CTCAGAATCCAGCACG-1,0,gemcitabine
Data10_GSM5664357_CTCAGAATCCTCGATC-1,0,gemcitabine
Data10_GSM5664357_CTCAGAATCGCCCAGA-1,0,gemcitabine
Data10_GSM5664357_CTCAGGGAGCTTCGTA-1,0,gemcitabine
Data10_GSM5664357_CTCAGGGGTACCTTCC-1,0,gemcitabine
Data10_GSM5664357_CTCAGGGGTCTGTCCT-1,0,gemcitabine
Data10_GSM5664357_CTCAGGGTCAAGCTGT-1,0,gemcitabine
Data10_GSM5664357_CTCAGGGTCTTACGTT-1,0,gemcitabine
Data10_GSM5664357_CTCAGTCAGATGTTCC-1,0,gemcitabine
Data10_GSM5664357_CTCAGTCAGGTGGTTG-1,0,gemcitabine
Data10_GSM5664357_CTCAGTCCACTGGCGT-1,0,gemcitabine
Data10_GSM5664357_CTCAGTCCAGTAGAGC-1,0,gemcitabine
Data10_GSM5664357_CTCAGTCCATCCTATT-1,0,gemcitabine
Data10_GSM5664357_CTCAGTCGTTGCCGAC-1,0,gemcitabine
Data10_GSM5664357_CTCATCGCAACGGCCT-1,0,gemcitabine
Data10_GSM5664357_CTCATCGCAGCGTAGA-1,0,gemcitabine
Data10_GSM5664357_CTCATCGGTCCAGGTC-1,0,gemcitabine
Data10_GSM5664357_CTCATCGTCAACCGAT-1,0,gemcitabine
Data10_GSM5664357_CTCATGCAGGGACAGG-1,0,gemcitabine
Data10_GSM5664357_CTCATGCAGGTTCCAT-1,0,gemcitabine
Data10_GSM5664357_CTCATGCCAATATCCG-1,0,gemcitabine
Data10_GSM5664357_CTCATGCCACGTACAT-1,0,gemcitabine
Data10_GSM5664357_CTCATGCGTATCCTCC-1,0,gemcitabine
Data10_GSM5664357_CTCATGCTCTTTCGAT-1,0,gemcitabine
Data10_GSM5664357_CTCATTAAGCTGGCTC-1,0,gemcitabine
Data10_GSM5664357_CTCATTAAGTTAGTGA-1,0,gemcitabine
Data10_GSM5664357_CTCATTACAAGTGCTT-1,0,gemcitabine
Data10_GSM5664357_CTCATTACAAGTGGCA-1,0,gemcitabine
Data10_GSM5664357_CTCATTACACATGTTG-1,0,gemcitabine
Data10_GSM5664357_CTCATTACAGAGAAAG-1,0,gemcitabine
Data10_GSM5664357_CTCATTACAGCTATTG-1,0,gemcitabine
Data10_GSM5664357_CTCATTACAGGAATAT-1,0,gemcitabine
Data10_GSM5664357_CTCATTAGTGGTAATA-1,0,gemcitabine
Data10_GSM5664357_CTCATTATCATCCCGT-1,0,gemcitabine
Data10_GSM5664357_CTCCAACAGACCATAA-1,0,gemcitabine
Data10_GSM5664357_CTCCAACCAACCGCTG-1,0,gemcitabine
Data10_GSM5664357_CTCCAACCAGTGGTGA-1,0,gemcitabine
Data10_GSM5664357_CTCCAACCATGATAGA-1,0,gemcitabine
Data10_GSM5664357_CTCCAACGTGAGTAAT-1,0,gemcitabine
Data10_GSM5664357_CTCCAACTCAACACCA-1,0,gemcitabine
Data10_GSM5664357_CTCCACAAGAGGCTGT-1,0,gemcitabine
Data10_GSM5664357_CTCCACACATCCTAAG-1,0,gemcitabine
Data10_GSM5664357_CTCCACAGTACGCTAT-1,0,gemcitabine
Data10_GSM5664357_CTCCACAGTCGGATTT-1,0,gemcitabine
Data10_GSM5664357_CTCCACATCAACTGGT-1,0,gemcitabine
Data10_GSM5664357_CTCCACATCGGTGCAC-1,0,gemcitabine
Data10_GSM5664357_CTCCATGAGTTTCGGT-1,0,gemcitabine
Data10_GSM5664357_CTCCATGCAGCACACC-1,0,gemcitabine
Data10_GSM5664357_CTCCATGCAGCAGATG-1,0,gemcitabine
Data10_GSM5664357_CTCCATGCATCTAACG-1,0,gemcitabine
Data10_GSM5664357_CTCCATGTCCTCACGT-1,0,gemcitabine
Data10_GSM5664357_CTCCATGTCTTGTTAC-1,0,gemcitabine
Data10_GSM5664357_CTCCCAAAGACTGAGC-1,0,gemcitabine
Data10_GSM5664357_CTCCCAAAGGTTAGTA-1,0,gemcitabine
Data10_GSM5664357_CTCCCAAAGTGCCGAA-1,0,gemcitabine
Data10_GSM5664357_CTCCCAAGTTGTTGAC-1,0,gemcitabine
Data10_GSM5664357_CTCCCAATCCGGCAGT-1,0,gemcitabine
Data10_GSM5664357_CTCCCTCAGCCAGACA-1,0,gemcitabine
Data10_GSM5664357_CTCCCTCAGGATACCG-1,0,gemcitabine
Data10_GSM5664357_CTCCCTCAGTCTAGAA-1,0,gemcitabine
Data10_GSM5664357_CTCCCTCAGTTCGCAT-1,0,gemcitabine
Data10_GSM5664357_CTCCCTCAGTTCGGTT-1,0,gemcitabine
Data10_GSM5664357_CTCCCTCCACAAAGCG-1,0,gemcitabine
Data10_GSM5664357_CTCCCTCGTCGCATGC-1,0,gemcitabine
Data10_GSM5664357_CTCCCTCGTTGCACGC-1,0,gemcitabine
Data10_GSM5664357_CTCCCTCTCCTCAGAA-1,0,gemcitabine
Data10_GSM5664357_CTCCCTCTCGCCGATG-1,0,gemcitabine
Data10_GSM5664357_CTCCGATAGAAGTCAT-1,0,gemcitabine
Data10_GSM5664357_CTCCGATAGAATTGCA-1,0,gemcitabine
Data10_GSM5664357_CTCCGATAGATTACCC-1,0,gemcitabine
Data10_GSM5664357_CTCCGATCAACCAGAG-1,0,gemcitabine
Data10_GSM5664357_CTCCGATCACGCGCTA-1,0,gemcitabine
Data10_GSM5664357_CTCCGATCAGTCACGC-1,0,gemcitabine
Data10_GSM5664357_CTCCGATCATACGCAT-1,0,gemcitabine
Data10_GSM5664357_CTCCGATCATCTGTTT-1,0,gemcitabine
Data10_GSM5664357_CTCCGATGTTCGGCCA-1,0,gemcitabine
Data10_GSM5664357_CTCCGATTCAAGCCTA-1,0,gemcitabine
Data10_GSM5664357_CTCCGATTCAGGGATG-1,0,gemcitabine
Data10_GSM5664357_CTCCGATTCGTAGCTA-1,0,gemcitabine
Data10_GSM5664357_CTCCGATTCTCTAAGG-1,0,gemcitabine
Data10_GSM5664357_CTCCTCCCAACTGCCG-1,0,gemcitabine
Data10_GSM5664357_CTCCTCCCACAGACGA-1,0,gemcitabine
Data10_GSM5664357_CTCCTCCGTATCGTGT-1,0,gemcitabine
Data10_GSM5664357_CTCCTCCGTGGTCCCA-1,0,gemcitabine
Data10_GSM5664357_CTCCTTTAGTATGAGT-1,0,gemcitabine
Data10_GSM5664357_CTCCTTTAGTATGGAT-1,0,gemcitabine
Data10_GSM5664357_CTCCTTTGTCTGATAC-1,0,gemcitabine
Data10_GSM5664357_CTCCTTTGTGGTATGG-1,0,gemcitabine
Data10_GSM5664357_CTCCTTTGTTAAGTCC-1,0,gemcitabine
Data10_GSM5664357_CTCCTTTGTTGGCCTG-1,0,gemcitabine
Data10_GSM5664357_CTCCTTTTCGTGGAAG-1,0,gemcitabine
Data10_GSM5664357_CTCCTTTTCTGCGGAC-1,0,gemcitabine
Data10_GSM5664357_CTCGAGGTCCTAGCCT-1,0,gemcitabine
Data10_GSM5664357_CTCTCAGAGGATAATC-1,0,gemcitabine
Data10_GSM5664357_CTCTCAGAGGGTTAAT-1,0,gemcitabine
Data10_GSM5664357_CTCTCAGGTCATCGGC-1,0,gemcitabine
Data10_GSM5664357_CTCTCAGGTCCCTCAT-1,0,gemcitabine
Data10_GSM5664357_CTCTCAGTCCGTATAG-1,0,gemcitabine
Data10_GSM5664357_CTCTCGAAGATCCTAC-1,0,gemcitabine
Data10_GSM5664357_CTCTCGAAGTAATCCC-1,0,gemcitabine
Data10_GSM5664357_CTCTCGAAGTCATCCA-1,0,gemcitabine
Data10_GSM5664357_CTCTCGACAACTACGT-1,0,gemcitabine
Data10_GSM5664357_CTCTCGACAATTGCCA-1,0,gemcitabine
Data10_GSM5664357_CTCTCGACACAATGAA-1,0,gemcitabine
Data10_GSM5664357_CTCTCGACAGCTCGGT-1,0,gemcitabine
Data10_GSM5664357_CTCTCGATCTAAGCGT-1,0,gemcitabine
Data10_GSM5664357_CTCTGGTAGCGAGGAG-1,0,gemcitabine
Data10_GSM5664357_CTCTGGTCAAGCGGAT-1,0,gemcitabine
Data10_GSM5664357_CTCTGGTCAGTACTAC-1,0,gemcitabine
Data10_GSM5664357_CTCTGGTCAGTGACCC-1,0,gemcitabine
Data10_GSM5664357_CTCTGGTGTATATGGA-1,0,gemcitabine
Data10_GSM5664357_CTCTGGTGTGATTCAC-1,0,gemcitabine
Data10_GSM5664357_CTCTGGTGTTAAGAAC-1,0,gemcitabine
Data10_GSM5664357_CTCTGGTTCCTCAGGG-1,0,gemcitabine
Data10_GSM5664357_CTCTGGTTCGTTATCT-1,0,gemcitabine
Data10_GSM5664357_CTCTGGTTCTAGCCAA-1,0,gemcitabine
Data10_GSM5664357_CTGAATGAGGGTACGT-1,0,gemcitabine
Data10_GSM5664357_CTGAATGAGGTACAGC-1,0,gemcitabine
Data10_GSM5664357_CTGAATGTCTAGGAAA-1,0,gemcitabine
Data10_GSM5664357_CTGAGCGGTACTCGCG-1,0,gemcitabine
Data10_GSM5664357_CTGAGCGGTGCATGAG-1,0,gemcitabine
Data10_GSM5664357_CTGAGGCAGAAGGATG-1,0,gemcitabine
Data10_GSM5664357_CTGAGGCCAGGTACGA-1,0,gemcitabine
Data10_GSM5664357_CTGAGGCGTACGCTAT-1,0,gemcitabine
Data10_GSM5664357_CTGAGGCTCAGTGGGA-1,0,gemcitabine
Data10_GSM5664357_CTGAGGCTCCTGGTCT-1,0,gemcitabine
Data10_GSM5664357_CTGATCCGTTCGTGCG-1,0,gemcitabine
Data10_GSM5664357_CTGATCCTCTGAGGTT-1,0,gemcitabine
Data10_GSM5664357_CTGCAGGAGTCCGTCG-1,0,gemcitabine
Data10_GSM5664357_CTGCAGGCATGGCACC-1,0,gemcitabine
Data10_GSM5664357_CTGCAGGGTCCGGTGT-1,0,gemcitabine
Data10_GSM5664357_CTGCAGGGTGAGATTA-1,0,gemcitabine
Data10_GSM5664357_CTGCAGGTCCGATGTA-1,0,gemcitabine
Data10_GSM5664357_CTGCAGGTCCTTATGT-1,0,gemcitabine
Data10_GSM5664357_CTGCAGGTCTCCTACG-1,0,gemcitabine
Data10_GSM5664357_CTGCAGGTCTGGGTCG-1,0,gemcitabine
Data10_GSM5664357_CTGCATCAGACCCTTA-1,0,gemcitabine
Data10_GSM5664357_CTGCATCAGACGCCAA-1,0,gemcitabine
Data10_GSM5664357_CTGCATCCAACTTGGT-1,0,gemcitabine
Data10_GSM5664357_CTGCATCCAGAAGTGC-1,0,gemcitabine
Data10_GSM5664357_CTGCATCTCAGCATTG-1,0,gemcitabine
Data10_GSM5664357_CTGCATCTCGTTACCC-1,0,gemcitabine
Data10_GSM5664357_CTGCATCTCTGTCGTC-1,0,gemcitabine
Data10_GSM5664357_CTGCCATAGAGCTGAC-1,0,gemcitabine
Data10_GSM5664357_CTGCCATAGGCTTCCG-1,0,gemcitabine
Data10_GSM5664357_CTGCCATAGTGCAACG-1,0,gemcitabine
Data10_GSM5664357_CTGCCATAGTGGTCAG-1,0,gemcitabine
Data10_GSM5664357_CTGCCATCACCTTCGT-1,0,gemcitabine
Data10_GSM5664357_CTGCCATCACTACCCT-1,0,gemcitabine
Data10_GSM5664357_CTGCCATCATCGTCCT-1,0,gemcitabine
Data10_GSM5664357_CTGCCATGTGGGATTG-1,0,gemcitabine
Data10_GSM5664357_CTGCCATGTTAGTTCG-1,0,gemcitabine
Data10_GSM5664357_CTGCCATGTTCAGTAC-1,0,gemcitabine
Data10_GSM5664357_CTGCCATTCCACTGGG-1,0,gemcitabine
Data10_GSM5664357_CTGCCATTCCGTGTCT-1,0,gemcitabine
Data10_GSM5664357_CTGCCTAAGTGGATAT-1,0,gemcitabine
Data10_GSM5664357_CTGCCTACACGGATCC-1,0,gemcitabine
Data10_GSM5664357_CTGCCTAGTGCCCACA-1,0,gemcitabine
Data10_GSM5664357_CTGCGAGAGCCGCACT-1,0,gemcitabine
Data10_GSM5664357_CTGCGAGCAAACTGCT-1,0,gemcitabine
Data10_GSM5664357_CTGCGAGCACCGGAAA-1,0,gemcitabine
Data10_GSM5664357_CTGCGAGCAGCGTTGC-1,0,gemcitabine
Data10_GSM5664357_CTGCGAGGTAGGACTG-1,0,gemcitabine
Data10_GSM5664357_CTGCGAGGTGCCTGAC-1,0,gemcitabine
Data10_GSM5664357_CTGCGAGTCCGTATAG-1,0,gemcitabine
Data10_GSM5664357_CTGCTCAAGCCATGCC-1,0,gemcitabine
Data10_GSM5664357_CTGCTCAAGTCACGAG-1,0,gemcitabine
Data10_GSM5664357_CTGCTCAAGTTCCAGT-1,0,gemcitabine
Data10_GSM5664357_CTGCTCAGTAGGACTG-1,0,gemcitabine
Data10_GSM5664357_CTGCTCAGTCATGACT-1,0,gemcitabine
Data10_GSM5664357_CTGGACGAGTAGGAAG-1,0,gemcitabine
Data10_GSM5664357_CTGGACGCACGTGTGC-1,0,gemcitabine
Data10_GSM5664357_CTGGACGCATCGGAGA-1,0,gemcitabine
Data10_GSM5664357_CTGGACGCATGACGGA-1,0,gemcitabine
Data10_GSM5664357_CTGGACGTCCCATTTA-1,0,gemcitabine
Data10_GSM5664357_CTGGACGTCTAGAGCT-1,0,gemcitabine
Data10_GSM5664357_CTGGCAGAGTCGGCAA-1,0,gemcitabine
Data10_GSM5664357_CTGGCAGCACATTCTT-1,0,gemcitabine
Data10_GSM5664357_CTGGCAGCAGAGTGTG-1,0,gemcitabine
Data10_GSM5664357_CTGGCAGGTGACCGAA-1,0,gemcitabine
Data10_GSM5664357_CTGGCAGGTTCTCCAC-1,0,gemcitabine
Data10_GSM5664357_CTGGCAGTCAGCCTTC-1,0,gemcitabine
Data10_GSM5664357_CTGGCAGTCCAACACA-1,0,gemcitabine
Data10_GSM5664357_CTGGTCTAGCTCCGAC-1,0,gemcitabine
Data10_GSM5664357_CTGGTCTCAACGTTAC-1,0,gemcitabine
Data10_GSM5664357_CTGGTCTCATGAAGCG-1,0,gemcitabine
Data10_GSM5664357_CTGGTCTGTAGCTAAA-1,0,gemcitabine
Data10_GSM5664357_CTGGTCTTCCTGGCTT-1,0,gemcitabine
Data10_GSM5664357_CTGTACCAGACGAGCT-1,0,gemcitabine
Data10_GSM5664357_CTGTACCAGCCTCAAT-1,0,gemcitabine
Data10_GSM5664357_CTGTACCAGGCATGCA-1,0,gemcitabine
Data10_GSM5664357_CTGTACCAGGTCACTT-1,0,gemcitabine
Data10_GSM5664357_CTGTACCAGTAGCATA-1,0,gemcitabine
Data10_GSM5664357_CTGTACCAGTGATAAC-1,0,gemcitabine
Data10_GSM5664357_CTGTACCCACCATAAC-1,0,gemcitabine
Data10_GSM5664357_CTGTACCCATACTGTG-1,0,gemcitabine
Data10_GSM5664357_CTGTACCCATTCTCTA-1,0,gemcitabine
Data10_GSM5664357_CTGTACCGTAGTTCCA-1,0,gemcitabine
Data10_GSM5664357_CTGTACCGTCCGACGT-1,0,gemcitabine
Data10_GSM5664357_CTGTACCTCCCTCTCC-1,0,gemcitabine
Data10_GSM5664357_CTGTAGACACACGGAA-1,0,gemcitabine
Data10_GSM5664357_CTGTAGACAGCCGTCA-1,0,gemcitabine
Data10_GSM5664357_CTGTAGACATGTGACT-1,0,gemcitabine
Data10_GSM5664357_CTGTAGAGTCGCTCGA-1,0,gemcitabine
Data10_GSM5664357_CTGTAGATCCTTCGAC-1,0,gemcitabine
Data10_GSM5664357_CTGTAGATCTGCCTCA-1,0,gemcitabine
Data10_GSM5664357_CTGTATTAGCCTCACG-1,0,gemcitabine
Data10_GSM5664357_CTGTATTCACAATGTC-1,0,gemcitabine
Data10_GSM5664357_CTGTATTCACGACTAT-1,0,gemcitabine
Data10_GSM5664357_CTGTATTCACTGAGTT-1,0,gemcitabine
Data10_GSM5664357_CTGTATTCAGCATGCC-1,0,gemcitabine
Data10_GSM5664357_CTGTATTCAGTGGTGA-1,0,gemcitabine
Data10_GSM5664357_CTGTATTCATGTCTAG-1,0,gemcitabine
Data10_GSM5664357_CTGTATTGTGTAAACA-1,0,gemcitabine
Data10_GSM5664357_CTGTATTGTTATGTCG-1,0,gemcitabine
Data10_GSM5664357_CTGTCGTGTATAGGAT-1,0,gemcitabine
Data10_GSM5664357_CTGTCGTTCGACTCCT-1,0,gemcitabine
Data10_GSM5664357_CTGTCGTTCGTGGGAA-1,0,gemcitabine
Data10_GSM5664357_CTGTGAAAGGAGACCT-1,0,gemcitabine
Data10_GSM5664357_CTGTGAACACTTACAG-1,0,gemcitabine
Data10_GSM5664357_CTGTGAAGTATTTCGG-1,0,gemcitabine
Data10_GSM5664357_CTGTGAAGTCGCCACA-1,0,gemcitabine
Data10_GSM5664357_CTGTGAAGTCTCACAA-1,0,gemcitabine
Data10_GSM5664357_CTGTGGGAGAGCATAT-1,0,gemcitabine
Data10_GSM5664357_CTGTGGGAGGACACTG-1,0,gemcitabine
Data10_GSM5664357_CTGTGGGAGGGATGTC-1,0,gemcitabine
Data10_GSM5664357_CTGTGGGCAAGATCCT-1,0,gemcitabine
Data10_GSM5664357_CTGTGGGCAGCCATTA-1,0,gemcitabine
Data10_GSM5664357_CTGTGGGGTTGGACCC-1,0,gemcitabine
Data10_GSM5664357_CTGTGGGTCCACACAA-1,0,gemcitabine
Data10_GSM5664357_CTGTGGGTCCGGACGT-1,0,gemcitabine
Data10_GSM5664357_CTGTGGGTCGACACCG-1,0,gemcitabine
Data10_GSM5664357_CTGTGGGTCTCATGGA-1,0,gemcitabine
Data10_GSM5664357_CTGTGGGTCTTACCGC-1,0,gemcitabine
Data10_GSM5664357_CTTACCGAGATCCCAT-1,0,gemcitabine
Data10_GSM5664357_CTTACCGCAAATGGAT-1,0,gemcitabine
Data10_GSM5664357_CTTACCGCAGCGTGCT-1,0,gemcitabine
Data10_GSM5664357_CTTACCGGTACACGCC-1,0,gemcitabine
Data10_GSM5664357_CTTACCGTCAGACAAA-1,0,gemcitabine
Data10_GSM5664357_CTTAGGACATTGTAGC-1,0,gemcitabine
Data10_GSM5664357_CTTAGGAGTCCCAAAT-1,0,gemcitabine
Data10_GSM5664357_CTTCAATCACGCAGTC-1,0,gemcitabine
Data10_GSM5664357_CTTCAATCAGTCTTCC-1,0,gemcitabine
Data10_GSM5664357_CTTCAATTCGCTGACG-1,0,gemcitabine
Data10_GSM5664357_CTTCAATTCTCGAACA-1,0,gemcitabine
Data10_GSM5664357_CTTCCGAAGATGTTGA-1,0,gemcitabine
Data10_GSM5664357_CTTCCGAAGCTCTGTA-1,0,gemcitabine
Data10_GSM5664357_CTTCCGACAAGGTTGG-1,0,gemcitabine
Data10_GSM5664357_CTTCCGACATTGACAC-1,0,gemcitabine
Data10_GSM5664357_CTTCCGAGTCAACACT-1,0,gemcitabine
Data10_GSM5664357_CTTCCGAGTCACTTAG-1,0,gemcitabine
Data10_GSM5664357_CTTCCGAGTGGACTGA-1,0,gemcitabine
Data10_GSM5664357_CTTCCGATCCACGGAC-1,0,gemcitabine
Data10_GSM5664357_CTTCCGATCCTATTGT-1,0,gemcitabine
Data10_GSM5664357_CTTCCGATCGTTCTCG-1,0,gemcitabine
Data10_GSM5664357_CTTCCTTAGGCACTCC-1,0,gemcitabine
Data10_GSM5664357_CTTCCTTAGTATGACA-1,0,gemcitabine
Data10_GSM5664357_CTTCCTTCACCTCAGG-1,0,gemcitabine
Data10_GSM5664357_CTTCCTTGTAACGGTG-1,0,gemcitabine
Data10_GSM5664357_CTTCCTTGTATGTCCA-1,0,gemcitabine
Data10_GSM5664357_CTTCCTTGTTAGCGGA-1,0,gemcitabine
Data10_GSM5664357_CTTCCTTTCCACGGAC-1,0,gemcitabine
Data10_GSM5664357_CTTCCTTTCCTACCGT-1,0,gemcitabine
Data10_GSM5664357_CTTCCTTTCGACCCAG-1,0,gemcitabine
Data10_GSM5664357_CTTCGGTAGCGCTGCT-1,0,gemcitabine
Data10_GSM5664357_CTTCGGTAGGCCTAAG-1,0,gemcitabine
Data10_GSM5664357_CTTCGGTGTCACCCTT-1,0,gemcitabine
Data10_GSM5664357_CTTCTAAAGACTCATC-1,0,gemcitabine
Data10_GSM5664357_CTTCTAAAGGGTTAGC-1,0,gemcitabine
Data10_GSM5664357_CTTCTAACATCTAACG-1,0,gemcitabine
Data10_GSM5664357_CTTCTAACATCTCCCA-1,0,gemcitabine
Data10_GSM5664357_CTTCTAAGTTCGAGCC-1,0,gemcitabine
Data10_GSM5664357_CTTCTCTAGAATTTGG-1,0,gemcitabine
Data10_GSM5664357_CTTCTCTAGAGTCTTC-1,0,gemcitabine
Data10_GSM5664357_CTTCTCTAGTGCTACT-1,0,gemcitabine
Data10_GSM5664357_CTTCTCTCAACTGATC-1,0,gemcitabine
Data10_GSM5664357_CTTCTCTCAAGCTGCC-1,0,gemcitabine
Data10_GSM5664357_CTTCTCTCAGGGATAC-1,0,gemcitabine
Data10_GSM5664357_CTTCTCTCATGGACAG-1,0,gemcitabine
Data10_GSM5664357_CTTCTCTCATGGCTGC-1,0,gemcitabine
Data10_GSM5664357_CTTCTCTGTCCGTACG-1,0,gemcitabine
Data10_GSM5664357_CTTCTCTGTGATAGAT-1,0,gemcitabine
Data10_GSM5664357_CTTCTCTGTGCCGGTT-1,0,gemcitabine
Data10_GSM5664357_CTTCTCTGTTATCCAG-1,0,gemcitabine
Data10_GSM5664357_CTTGAGAAGCAATTAG-1,0,gemcitabine
Data10_GSM5664357_CTTGAGAAGCCAGACA-1,0,gemcitabine
Data10_GSM5664357_CTTGAGAAGGAAAGAC-1,0,gemcitabine
Data10_GSM5664357_CTTGAGAAGGTGCTAG-1,0,gemcitabine
Data10_GSM5664357_CTTGAGACAATACCTG-1,0,gemcitabine
Data10_GSM5664357_CTTGAGAGTACGTGAG-1,0,gemcitabine
Data10_GSM5664357_CTTGAGAGTACTCGCG-1,0,gemcitabine
Data10_GSM5664357_CTTGAGAGTGGTCTCG-1,0,gemcitabine
Data10_GSM5664357_CTTGAGATCACAATGC-1,0,gemcitabine
Data10_GSM5664357_CTTGAGATCCAAATGC-1,0,gemcitabine
Data10_GSM5664357_CTTGATTAGAAGGTAG-1,0,gemcitabine
Data10_GSM5664357_CTTGATTAGAGGTGCT-1,0,gemcitabine
Data10_GSM5664357_CTTGATTCATAAGCAA-1,0,gemcitabine
Data10_GSM5664357_CTTGATTCATTGCAAC-1,0,gemcitabine
Data10_GSM5664357_CTTGATTTCAATCTCT-1,0,gemcitabine
Data10_GSM5664357_CTTGATTTCCATCGTC-1,0,gemcitabine
Data10_GSM5664357_CTTGATTTCTATCGTT-1,0,gemcitabine
Data10_GSM5664357_CTTGATTTCTCTCAAT-1,0,gemcitabine
Data10_GSM5664357_CTTTCAAAGGGTACGT-1,0,gemcitabine
Data10_GSM5664357_CTTTCAAAGTACAACA-1,0,gemcitabine
Data10_GSM5664357_CTTTCAACAACTGCCG-1,0,gemcitabine
Data10_GSM5664357_CTTTCAAGTTCTAACG-1,0,gemcitabine
Data10_GSM5664357_CTTTCAATCAGGCGAA-1,0,gemcitabine
Data10_GSM5664357_CTTTCGGCACCAACAT-1,0,gemcitabine
Data10_GSM5664357_CTTTCGGCACGATTCA-1,0,gemcitabine
Data10_GSM5664357_CTTTCGGTCCGCAACG-1,0,gemcitabine
Data10_GSM5664357_GAAACCTAGGCTAAAT-1,0,gemcitabine
Data10_GSM5664357_GAAACCTAGTAGGTTA-1,0,gemcitabine
Data10_GSM5664357_GAAACCTCAATTGAAG-1,0,gemcitabine
Data10_GSM5664357_GAAACCTCAGTGACCC-1,0,gemcitabine
Data10_GSM5664357_GAAACCTCATCAGTGT-1,0,gemcitabine
Data10_GSM5664357_GAAACCTGTCGTGCCA-1,0,gemcitabine
Data10_GSM5664357_GAAACCTGTGTGAATA-1,0,gemcitabine
Data10_GSM5664357_GAAACCTTCGCTGTTC-1,0,gemcitabine
Data10_GSM5664357_GAAATGAAGGAGGGTG-1,0,gemcitabine
Data10_GSM5664357_GAAATGAGTGCTGATT-1,0,gemcitabine
Data10_GSM5664357_GAACACTCAAGGTCAG-1,0,gemcitabine
Data10_GSM5664357_GAACACTCACGGTGCT-1,0,gemcitabine
Data10_GSM5664357_GAACACTCATACAGGG-1,0,gemcitabine
Data10_GSM5664357_GAACACTTCAGGTAAA-1,0,gemcitabine
Data10_GSM5664357_GAACACTTCCTAACAG-1,0,gemcitabine
Data10_GSM5664357_GAACACTTCTGTGCGG-1,0,gemcitabine
Data10_GSM5664357_GAACGTTAGGCTCTAT-1,0,gemcitabine
Data10_GSM5664357_GAACGTTCAGTTAGAA-1,0,gemcitabine
Data10_GSM5664357_GAACGTTGTACAGGTG-1,0,gemcitabine
Data10_GSM5664357_GAACGTTTCAGACATC-1,0,gemcitabine
Data10_GSM5664357_GAACGTTTCGCTGCGA-1,0,gemcitabine
Data10_GSM5664357_GAACTGTCAAGCAGGT-1,0,gemcitabine
Data10_GSM5664357_GAACTGTCAATTGTGC-1,0,gemcitabine
Data10_GSM5664357_GAACTGTTCTAGGCCG-1,0,gemcitabine
Data10_GSM5664357_GAAGAATAGCAAGTGC-1,0,gemcitabine
Data10_GSM5664357_GAAGAATAGGTACTGG-1,0,gemcitabine
Data10_GSM5664357_GAAGAATCAAACGTGG-1,0,gemcitabine
Data10_GSM5664357_GAAGAATCAATCTAGC-1,0,gemcitabine
Data10_GSM5664357_GAAGAATCAGAAGTTA-1,0,gemcitabine
Data10_GSM5664357_GAAGAATGTCCCGGTA-1,0,gemcitabine
Data10_GSM5664357_GAAGAATTCATCGCCT-1,0,gemcitabine
Data10_GSM5664357_GAAGCCCAGTAAACAC-1,0,gemcitabine
Data10_GSM5664357_GAAGCCCAGTTGCGCC-1,0,gemcitabine
Data10_GSM5664357_GAAGCCCTCTACGGTA-1,0,gemcitabine
Data10_GSM5664357_GAAGCGACAGAAACCG-1,0,gemcitabine
Data10_GSM5664357_GAAGCGACAGCGTTTA-1,0,gemcitabine
Data10_GSM5664357_GAAGCGACATGACTTG-1,0,gemcitabine
Data10_GSM5664357_GAAGCGAGTCACAGAG-1,0,gemcitabine
Data10_GSM5664357_GAAGGACCAACAGCTT-1,0,gemcitabine
Data10_GSM5664357_GAAGGACCATGATCTG-1,0,gemcitabine
Data10_GSM5664357_GAAGGACGTACGGATG-1,0,gemcitabine
Data10_GSM5664357_GAAGGACGTATAGCTC-1,0,gemcitabine
Data10_GSM5664357_GAAGGACTCACGGGAA-1,0,gemcitabine
Data10_GSM5664357_GAAGGACTCCAAGCCG-1,0,gemcitabine
Data10_GSM5664357_GAAGTAAAGCCTCAGC-1,0,gemcitabine
Data10_GSM5664357_GAAGTAAAGTGCTAGG-1,0,gemcitabine
Data10_GSM5664357_GAAGTAACACACACTA-1,0,gemcitabine
Data10_GSM5664357_GAAGTAACACGCTGAC-1,0,gemcitabine
Data10_GSM5664357_GAAGTAACATCGTTCC-1,0,gemcitabine
Data10_GSM5664357_GAAGTAACATTCAGGT-1,0,gemcitabine
Data10_GSM5664357_GAAGTAAGTTATCTGG-1,0,gemcitabine
Data10_GSM5664357_GAAGTAATCTTACCAT-1,0,gemcitabine
Data10_GSM5664357_GAATAGAAGCAACAGC-1,0,gemcitabine
Data10_GSM5664357_GAATAGAAGCTGTCCG-1,0,gemcitabine
Data10_GSM5664357_GAATAGAAGTCACTGT-1,0,gemcitabine
Data10_GSM5664357_GAATAGACACCCTTGT-1,0,gemcitabine
Data10_GSM5664357_GAATAGACACCGGCTA-1,0,gemcitabine
Data10_GSM5664357_GAATAGACAGCAGACA-1,0,gemcitabine
Data10_GSM5664357_GAATAGACAGTAACGG-1,0,gemcitabine
Data10_GSM5664357_GAATCACAGCTGGTGA-1,0,gemcitabine
Data10_GSM5664357_GAATCACAGGCGCTTC-1,0,gemcitabine
Data10_GSM5664357_GAATCACCAAAGGAGA-1,0,gemcitabine
Data10_GSM5664357_GAATCACCAAGCGATG-1,0,gemcitabine
Data10_GSM5664357_GAATCACCACCAGCTG-1,0,gemcitabine
Data10_GSM5664357_GAATCACGTAATACCC-1,0,gemcitabine
Data10_GSM5664357_GAATCACGTGAGCTCC-1,0,gemcitabine
Data10_GSM5664357_GAATCACTCAGGGATG-1,0,gemcitabine
Data10_GSM5664357_GAATCACTCCACGTAA-1,0,gemcitabine
Data10_GSM5664357_GAATCACTCTAGGAAA-1,0,gemcitabine
Data10_GSM5664357_GAATCGTAGCGTGCCT-1,0,gemcitabine
Data10_GSM5664357_GAATCGTCACTGAGTT-1,0,gemcitabine
Data10_GSM5664357_GAATCGTCATGGCTAT-1,0,gemcitabine
Data10_GSM5664357_GAATCGTGTACGATTC-1,0,gemcitabine
Data10_GSM5664357_GAATCGTTCGCAATGT-1,0,gemcitabine
Data10_GSM5664357_GACACGCAGAAACACT-1,0,gemcitabine
Data10_GSM5664357_GACACGCAGGTAATCA-1,0,gemcitabine
Data10_GSM5664357_GACACGCAGTCACGAG-1,0,gemcitabine
Data10_GSM5664357_GACACGCCAAGTATAG-1,0,gemcitabine
Data10_GSM5664357_GACACGCCACGCTGCA-1,0,gemcitabine
Data10_GSM5664357_GACACGCGTTATAGAG-1,0,gemcitabine
Data10_GSM5664357_GACACGCTCACAACCA-1,0,gemcitabine
Data10_GSM5664357_GACACGCTCATCTGTT-1,0,gemcitabine
Data10_GSM5664357_GACACGCTCTTAGCTT-1,0,gemcitabine
Data10_GSM5664357_GACAGCCAGTATTCCG-1,0,gemcitabine
Data10_GSM5664357_GACATCAAGAATGTTG-1,0,gemcitabine
Data10_GSM5664357_GACCAATAGAAATTCG-1,0,gemcitabine
Data10_GSM5664357_GACCAATAGATGTTGA-1,0,gemcitabine
Data10_GSM5664357_GACCAATAGCAGGGAG-1,0,gemcitabine
Data10_GSM5664357_GACCAATCAATCTAGC-1,0,gemcitabine
Data10_GSM5664357_GACCAATGTAGTCTGT-1,0,gemcitabine
Data10_GSM5664357_GACCAATTCAAGATAG-1,0,gemcitabine
Data10_GSM5664357_GACCAATTCATTCCTA-1,0,gemcitabine
Data10_GSM5664357_GACCAATTCCTATGGA-1,0,gemcitabine
Data10_GSM5664357_GACCCAGAGCGCTGCT-1,0,gemcitabine
Data10_GSM5664357_GACCCAGAGGCGCTCT-1,0,gemcitabine
Data10_GSM5664357_GACCCAGCAACGGCTC-1,0,gemcitabine
Data10_GSM5664357_GACCCAGCAACTCGAT-1,0,gemcitabine
Data10_GSM5664357_GACCCAGCACCTGCGA-1,0,gemcitabine
Data10_GSM5664357_GACCCAGGTACCGTCG-1,0,gemcitabine
Data10_GSM5664357_GACCCAGGTGTAGCAG-1,0,gemcitabine
Data10_GSM5664357_GACCCAGTCGCATTAG-1,0,gemcitabine
Data10_GSM5664357_GACCCTTAGATTCGAA-1,0,gemcitabine
Data10_GSM5664357_GACCCTTAGATTGGGC-1,0,gemcitabine
Data10_GSM5664357_GACCCTTAGCTGGCCT-1,0,gemcitabine
Data10_GSM5664357_GACCCTTCAAACGAGC-1,0,gemcitabine
Data10_GSM5664357_GACCCTTCAACAGAGC-1,0,gemcitabine
Data10_GSM5664357_GACCCTTCACATACGT-1,0,gemcitabine
Data10_GSM5664357_GACCCTTGTGACCTGC-1,0,gemcitabine
Data10_GSM5664357_GACCCTTGTTGCTTGA-1,0,gemcitabine
Data10_GSM5664357_GACCGTGAGTGAGTGC-1,0,gemcitabine
Data10_GSM5664357_GACCGTGCACTGTCCT-1,0,gemcitabine
Data10_GSM5664357_GACCGTGCATAGAAAC-1,0,gemcitabine
Data10_GSM5664357_GACCGTGCATATTCGG-1,0,gemcitabine
Data10_GSM5664357_GACCGTGCATTCACAG-1,0,gemcitabine
Data10_GSM5664357_GACCGTGGTATTTCCT-1,0,gemcitabine
Data10_GSM5664357_GACCGTGTCTATCGGA-1,0,gemcitabine
Data10_GSM5664357_GACCGTGTCTTTCGAT-1,0,gemcitabine
Data10_GSM5664357_GACCTTCAGCATCAGG-1,0,gemcitabine
Data10_GSM5664357_GACCTTCCAAATGGTA-1,0,gemcitabine
Data10_GSM5664357_GACCTTCCACTACAGT-1,0,gemcitabine
Data10_GSM5664357_GACCTTCGTGAATATG-1,0,gemcitabine
Data10_GSM5664357_GACCTTCGTGTCCACG-1,0,gemcitabine
Data10_GSM5664357_GACCTTCTCCGACAGC-1,0,gemcitabine
Data10_GSM5664357_GACCTTCTCTTCTGTA-1,0,gemcitabine
Data10_GSM5664357_GACGCTGCAAGCCCAC-1,0,gemcitabine
Data10_GSM5664357_GACGCTGCACTAGGCC-1,0,gemcitabine
Data10_GSM5664357_GACGCTGGTTGCTCCT-1,0,gemcitabine
Data10_GSM5664357_GACGCTGTCGAGATGG-1,0,gemcitabine
Data10_GSM5664357_GACGTTAAGACTACCT-1,0,gemcitabine
Data10_GSM5664357_GACGTTAAGTACAGAT-1,0,gemcitabine
Data10_GSM5664357_GACGTTAAGTCATACC-1,0,gemcitabine
Data10_GSM5664357_GACGTTAAGTTGTACC-1,0,gemcitabine
Data10_GSM5664357_GACGTTACAGCTCCTT-1,0,gemcitabine
Data10_GSM5664357_GACGTTAGTGACCTGC-1,0,gemcitabine
Data10_GSM5664357_GACGTTATCACCCTCA-1,0,gemcitabine
Data10_GSM5664357_GACGTTATCTCGCGTT-1,0,gemcitabine
Data10_GSM5664357_GACTATGAGAGCTGAC-1,0,gemcitabine
Data10_GSM5664357_GACTATGCAGCGACCT-1,0,gemcitabine
Data10_GSM5664357_GACTATGGTCCTTGTC-1,0,gemcitabine
Data10_GSM5664357_GACTATGGTTCCCAAA-1,0,gemcitabine
Data10_GSM5664357_GACTCAAAGTCAATCC-1,0,gemcitabine
Data10_GSM5664357_GACTCAACAACTCGAT-1,0,gemcitabine
Data10_GSM5664357_GACTCAACACTCCGGA-1,0,gemcitabine
Data10_GSM5664357_GACTCAACATAGCTGT-1,0,gemcitabine
Data10_GSM5664357_GACTCAACATCATTGG-1,0,gemcitabine
Data10_GSM5664357_GACTCAACATCTCGTC-1,0,gemcitabine
Data10_GSM5664357_GACTCAAGTATCCTCC-1,0,gemcitabine
Data10_GSM5664357_GACTCAAGTTTCGTAG-1,0,gemcitabine
Data10_GSM5664357_GACTCAATCCTGGGTG-1,0,gemcitabine
Data10_GSM5664357_GACTCAATCTGCTCTG-1,0,gemcitabine
Data10_GSM5664357_GACTCTCAGCGGGTAT-1,0,gemcitabine
Data10_GSM5664357_GACTCTCAGCTTAAGA-1,0,gemcitabine
Data10_GSM5664357_GACTCTCTCATATGGC-1,0,gemcitabine
Data10_GSM5664357_GACTGATAGACTCAAA-1,0,gemcitabine
Data10_GSM5664357_GACTGATCATCCAACA-1,0,gemcitabine
Data10_GSM5664357_GACTGATGTATTCCGA-1,0,gemcitabine
Data10_GSM5664357_GACTGATTCAATCTCT-1,0,gemcitabine
Data10_GSM5664357_GACTTCCAGAAGAACG-1,0,gemcitabine
Data10_GSM5664357_GACTTCCAGCCTCTCT-1,0,gemcitabine
Data10_GSM5664357_GACTTCCAGGAATTAC-1,0,gemcitabine
Data10_GSM5664357_GACTTCCAGGGTATAT-1,0,gemcitabine
Data10_GSM5664357_GACTTCCGTACGATGG-1,0,gemcitabine
Data10_GSM5664357_GACTTCCTCATTCCTA-1,0,gemcitabine
Data10_GSM5664357_GAGAAATAGCTAATCC-1,0,gemcitabine
Data10_GSM5664357_GAGAAATAGCTTTGTG-1,0,gemcitabine
Data10_GSM5664357_GAGAAATCAAGGGCAT-1,0,gemcitabine
Data10_GSM5664357_GAGAAATGTTAGGCTT-1,0,gemcitabine
Data10_GSM5664357_GAGAAATTCGCGGACT-1,0,gemcitabine
Data10_GSM5664357_GAGACCCAGACTCCGC-1,0,gemcitabine
Data10_GSM5664357_GAGACCCAGTAAAGCT-1,0,gemcitabine
Data10_GSM5664357_GAGACCCAGTTAACGA-1,0,gemcitabine
Data10_GSM5664357_GAGACCCCAACCAACT-1,0,gemcitabine
Data10_GSM5664357_GAGACCCCAAGAATAC-1,0,gemcitabine
Data10_GSM5664357_GAGACCCGTTGGATCT-1,0,gemcitabine
Data10_GSM5664357_GAGACCCGTTTCTATC-1,0,gemcitabine
Data10_GSM5664357_GAGACCCTCAAGCCAT-1,0,gemcitabine
Data10_GSM5664357_GAGACCCTCCACTGAA-1,0,gemcitabine
Data10_GSM5664357_GAGACCCTCCGTAATG-1,0,gemcitabine
Data10_GSM5664357_GAGACCCTCTACCTTA-1,0,gemcitabine
Data10_GSM5664357_GAGACCCTCTCCCAAC-1,0,gemcitabine
Data10_GSM5664357_GAGACTTAGCTGTTAC-1,0,gemcitabine
Data10_GSM5664357_GAGACTTAGTATTCCG-1,0,gemcitabine
Data10_GSM5664357_GAGACTTCATGATAGA-1,0,gemcitabine
Data10_GSM5664357_GAGACTTGTGGCAGAT-1,0,gemcitabine
Data10_GSM5664357_GAGACTTTCAAAGGAT-1,0,gemcitabine
Data10_GSM5664357_GAGACTTTCACCTACC-1,0,gemcitabine
Data10_GSM5664357_GAGACTTTCGTAGGAG-1,0,gemcitabine
Data10_GSM5664357_GAGAGGTAGAATCGCG-1,0,gemcitabine
Data10_GSM5664357_GAGAGGTAGTCGAAGC-1,0,gemcitabine
Data10_GSM5664357_GAGAGGTCAACGGCCT-1,0,gemcitabine
Data10_GSM5664357_GAGAGGTCAGCTTTCC-1,0,gemcitabine
Data10_GSM5664357_GAGAGGTCATAAGATG-1,0,gemcitabine
Data10_GSM5664357_GAGATGGAGTTACGTC-1,0,gemcitabine
Data10_GSM5664357_GAGATGGCAATTTCTC-1,0,gemcitabine
Data10_GSM5664357_GAGATGGGTGAGATCG-1,0,gemcitabine
Data10_GSM5664357_GAGATGGGTTTGGCTA-1,0,gemcitabine
Data10_GSM5664357_GAGATGGTCATTTGGG-1,0,gemcitabine
Data10_GSM5664357_GAGATGGTCCGTGTAA-1,0,gemcitabine
Data10_GSM5664357_GAGATGGTCTCACGAA-1,0,gemcitabine
Data10_GSM5664357_GAGCCTGAGACGATAT-1,0,gemcitabine
Data10_GSM5664357_GAGCCTGCAAGGGCAT-1,0,gemcitabine
Data10_GSM5664357_GAGCCTGCACCTAAAC-1,0,gemcitabine
Data10_GSM5664357_GAGCCTGCAGCGCGTT-1,0,gemcitabine
Data10_GSM5664357_GAGCCTGGTCGCATTA-1,0,gemcitabine
Data10_GSM5664357_GAGCCTGGTCTTCCGT-1,0,gemcitabine
Data10_GSM5664357_GAGCCTGTCTACGCAA-1,0,gemcitabine
Data10_GSM5664357_GAGCTGCAGATAGGGA-1,0,gemcitabine
Data10_GSM5664357_GAGCTGCAGCAATAGT-1,0,gemcitabine
Data10_GSM5664357_GAGCTGCAGCCGGAAT-1,0,gemcitabine
Data10_GSM5664357_GAGCTGCAGGAAAGGT-1,0,gemcitabine
Data10_GSM5664357_GAGCTGCAGTACCCTA-1,0,gemcitabine
Data10_GSM5664357_GAGCTGCCAATCTAGC-1,0,gemcitabine
Data10_GSM5664357_GAGCTGCCACATCCCT-1,0,gemcitabine
Data10_GSM5664357_GAGCTGCCACCCTGTT-1,0,gemcitabine
Data10_GSM5664357_GAGCTGCTCCGTGTAA-1,0,gemcitabine
Data10_GSM5664357_GAGCTGCTCGTTAGTG-1,0,gemcitabine
Data10_GSM5664357_GAGCTGCTCTACGGGC-1,0,gemcitabine
Data10_GSM5664357_GAGGCAAAGCCACCGT-1,0,gemcitabine
Data10_GSM5664357_GAGGCAAAGCGCTGCT-1,0,gemcitabine
Data10_GSM5664357_GAGGCAACAACCACAT-1,0,gemcitabine
Data10_GSM5664357_GAGGCAACACGCGTGT-1,0,gemcitabine
Data10_GSM5664357_GAGGCAACAGGTTCAT-1,0,gemcitabine
Data10_GSM5664357_GAGGCAACATAACAGA-1,0,gemcitabine
Data10_GSM5664357_GAGGCAACATATCTGG-1,0,gemcitabine
Data10_GSM5664357_GAGGCAATCAGCTCTC-1,0,gemcitabine
Data10_GSM5664357_GAGGCAATCGAGCCAC-1,0,gemcitabine
Data10_GSM5664357_GAGGCAATCGCTCCTA-1,0,gemcitabine
Data10_GSM5664357_GAGGCCTAGGTGGTTG-1,0,gemcitabine
Data10_GSM5664357_GAGGCCTCACCAGTAT-1,0,gemcitabine
Data10_GSM5664357_GAGGCCTGTTAGGCTT-1,0,gemcitabine
Data10_GSM5664357_GAGGCCTTCGTAACAC-1,0,gemcitabine
Data10_GSM5664357_GAGGCCTTCTTGCAGA-1,0,gemcitabine
Data10_GSM5664357_GAGGGATCACAATGCT-1,0,gemcitabine
Data10_GSM5664357_GAGGGATCAGGCTCTG-1,0,gemcitabine
Data10_GSM5664357_GAGGGATCATACTGTG-1,0,gemcitabine
Data10_GSM5664357_GAGGGATGTCCCTCAT-1,0,gemcitabine
Data10_GSM5664357_GAGGGATGTTGTCATG-1,0,gemcitabine
Data10_GSM5664357_GAGGGATTCGCGCTGA-1,0,gemcitabine
Data10_GSM5664357_GAGGGATTCTCCACTG-1,0,gemcitabine
Data10_GSM5664357_GAGGGATTCTTGGTCC-1,0,gemcitabine
Data10_GSM5664357_GAGGGTACAAGCACCC-1,0,gemcitabine
Data10_GSM5664357_GAGGGTACAATACCTG-1,0,gemcitabine
Data10_GSM5664357_GAGGGTAGTCGTATTG-1,0,gemcitabine
Data10_GSM5664357_GAGGGTATCCCGTGAG-1,0,gemcitabine
Data10_GSM5664357_GAGGGTATCGTAATGC-1,0,gemcitabine
Data10_GSM5664357_GAGGGTATCTCTGACC-1,0,gemcitabine
Data10_GSM5664357_GAGGGTATCTGGGAGA-1,0,gemcitabine
Data10_GSM5664357_GAGGGTATCTTAGCTT-1,0,gemcitabine
Data10_GSM5664357_GAGTCATAGCAACTTC-1,0,gemcitabine
Data10_GSM5664357_GAGTCATAGGCACCAA-1,0,gemcitabine
Data10_GSM5664357_GAGTCATCAACAGATA-1,0,gemcitabine
Data10_GSM5664357_GAGTCATCAGAGATTA-1,0,gemcitabine
Data10_GSM5664357_GAGTCATGTCAAAGCG-1,0,gemcitabine
Data10_GSM5664357_GAGTCATTCACGATAC-1,0,gemcitabine
Data10_GSM5664357_GAGTCATTCCCATTCG-1,0,gemcitabine
Data10_GSM5664357_GAGTCATTCGGAGCAA-1,0,gemcitabine
Data10_GSM5664357_GAGTCATTCTGCTTAT-1,0,gemcitabine
Data10_GSM5664357_GAGTCTAAGGTGAGCT-1,0,gemcitabine
Data10_GSM5664357_GAGTCTACACGGTCTG-1,0,gemcitabine
Data10_GSM5664357_GAGTCTAGTCACGCTG-1,0,gemcitabine
Data10_GSM5664357_GAGTCTATCGTAGCCG-1,0,gemcitabine
Data10_GSM5664357_GAGTGAGGTATCAGGG-1,0,gemcitabine
Data10_GSM5664357_GAGTGAGTCCCTGTTG-1,0,gemcitabine
Data10_GSM5664357_GAGTGAGTCGAACTCA-1,0,gemcitabine
Data10_GSM5664357_GAGTGAGTCGCACGAC-1,0,gemcitabine
Data10_GSM5664357_GAGTGTTCAACAACAA-1,0,gemcitabine
Data10_GSM5664357_GAGTGTTCACTACTTT-1,0,gemcitabine
Data10_GSM5664357_GAGTTACAGCCGATAG-1,0,gemcitabine
Data10_GSM5664357_GAGTTACAGTCCCTAA-1,0,gemcitabine
Data10_GSM5664357_GAGTTACCACCGCTAG-1,0,gemcitabine
Data10_GSM5664357_GAGTTACCAGGATTCT-1,0,gemcitabine
Data10_GSM5664357_GAGTTACCATATCGGT-1,0,gemcitabine
Data10_GSM5664357_GAGTTACGTACGATTC-1,0,gemcitabine
Data10_GSM5664357_GAGTTACGTATAGCTC-1,0,gemcitabine
Data10_GSM5664357_GAGTTACTCAAGCCGC-1,0,gemcitabine
Data10_GSM5664357_GAGTTACTCCACACCT-1,0,gemcitabine
Data10_GSM5664357_GAGTTACTCCCATAAG-1,0,gemcitabine
Data10_GSM5664357_GAGTTGTCATGTTTGG-1,0,gemcitabine
Data10_GSM5664357_GAGTTGTGTACTGTTG-1,0,gemcitabine
Data10_GSM5664357_GAGTTGTGTCCACTCT-1,0,gemcitabine
Data10_GSM5664357_GAGTTGTGTTGTGCAT-1,0,gemcitabine
Data10_GSM5664357_GAGTTGTTCATCGTAG-1,0,gemcitabine
Data10_GSM5664357_GAGTTGTTCATTCCTA-1,0,gemcitabine
Data10_GSM5664357_GAGTTTGAGAGCCTGA-1,0,gemcitabine
Data10_GSM5664357_GAGTTTGCACTTTATC-1,0,gemcitabine
Data10_GSM5664357_GAGTTTGTCATCTACT-1,0,gemcitabine
Data10_GSM5664357_GATAGAATCCAGTGTA-1,0,gemcitabine
Data10_GSM5664357_GATAGAATCGCCTAGG-1,0,gemcitabine
Data10_GSM5664357_GATAGAATCTGGCCGA-1,0,gemcitabine
Data10_GSM5664357_GATAGCTAGAGCCTGA-1,0,gemcitabine
Data10_GSM5664357_GATAGCTAGCTCCCTT-1,0,gemcitabine
Data10_GSM5664357_GATAGCTAGGCCACCT-1,0,gemcitabine
Data10_GSM5664357_GATAGCTTCAAGGACG-1,0,gemcitabine
Data10_GSM5664357_GATCACAAGCACGTCC-1,0,gemcitabine
Data10_GSM5664357_GATCACAAGGCCGCTT-1,0,gemcitabine
Data10_GSM5664357_GATCACAGTTTGACAC-1,0,gemcitabine
Data10_GSM5664357_GATCACATCTCCAATT-1,0,gemcitabine
Data10_GSM5664357_GATCAGTAGAAGTGTT-1,0,gemcitabine
Data10_GSM5664357_GATCAGTCAGTGGTGA-1,0,gemcitabine
Data10_GSM5664357_GATCAGTGTCCCTAAA-1,0,gemcitabine
Data10_GSM5664357_GATCAGTGTCGGAACA-1,0,gemcitabine
Data10_GSM5664357_GATCAGTTCATCTACT-1,0,gemcitabine
Data10_GSM5664357_GATCAGTTCGACTCCT-1,0,gemcitabine
Data10_GSM5664357_GATCATGAGAAGCTCG-1,0,gemcitabine
Data10_GSM5664357_GATCATGCACATTCTT-1,0,gemcitabine
Data10_GSM5664357_GATCATGCACCGCTAG-1,0,gemcitabine
Data10_GSM5664357_GATCATGGTAGAGATT-1,0,gemcitabine
Data10_GSM5664357_GATCATGGTGAGTAAT-1,0,gemcitabine
Data10_GSM5664357_GATCATGGTTGTCCCT-1,0,gemcitabine
Data10_GSM5664357_GATCATGTCGCAATTG-1,0,gemcitabine
Data10_GSM5664357_GATCCCTAGCCAGAGT-1,0,gemcitabine
Data10_GSM5664357_GATCCCTAGGCACGAT-1,0,gemcitabine
Data10_GSM5664357_GATCCCTGTCAAAGTA-1,0,gemcitabine
Data10_GSM5664357_GATCCCTTCAGTGTCA-1,0,gemcitabine
Data10_GSM5664357_GATCCCTTCCCTCTTT-1,0,gemcitabine
Data10_GSM5664357_GATCGTAGTAGGCTCC-1,0,gemcitabine
Data10_GSM5664357_GATCGTATCCTACGAA-1,0,gemcitabine
Data10_GSM5664357_GATCGTATCTCGCGTT-1,0,gemcitabine
Data10_GSM5664357_GATGACTAGAGCAAGA-1,0,gemcitabine
Data10_GSM5664357_GATGACTAGCCTGTGC-1,0,gemcitabine
Data10_GSM5664357_GATGACTCACGATTCA-1,0,gemcitabine
Data10_GSM5664357_GATGACTGTATCGCTA-1,0,gemcitabine
Data10_GSM5664357_GATGACTGTCGCGGTT-1,0,gemcitabine
Data10_GSM5664357_GATGACTGTGGACCTC-1,0,gemcitabine
Data10_GSM5664357_GATGACTTCATGGTAC-1,0,gemcitabine
Data10_GSM5664357_GATGACTTCGTCGACG-1,0,gemcitabine
Data10_GSM5664357_GATGAGGAGACATAAC-1,0,gemcitabine
Data10_GSM5664357_GATGAGGCATAACGGG-1,0,gemcitabine
Data10_GSM5664357_GATGAGGCATCCGCGA-1,0,gemcitabine
Data10_GSM5664357_GATGATCAGACCCTTA-1,0,gemcitabine
Data10_GSM5664357_GATGATCAGGTCGTCC-1,0,gemcitabine
Data10_GSM5664357_GATGATCAGTATTCCG-1,0,gemcitabine
Data10_GSM5664357_GATGATCAGTGATGGC-1,0,gemcitabine
Data10_GSM5664357_GATGATCCAAATCCCA-1,0,gemcitabine
Data10_GSM5664357_GATGATCGTAGTTACC-1,0,gemcitabine
Data10_GSM5664357_GATGATCTCGCTCTAC-1,0,gemcitabine
Data10_GSM5664357_GATGCTACATGTCTAG-1,0,gemcitabine
Data10_GSM5664357_GATGCTATCGTTCAGA-1,0,gemcitabine
Data10_GSM5664357_GATGGAGGTCAAGCCC-1,0,gemcitabine
Data10_GSM5664357_GATGGAGTCGGTCTAA-1,0,gemcitabine
Data10_GSM5664357_GATGTTGAGGGCATGT-1,0,gemcitabine
Data10_GSM5664357_GATGTTGCACAACGAG-1,0,gemcitabine
Data10_GSM5664357_GATGTTGCACTAACCA-1,0,gemcitabine
Data10_GSM5664357_GATGTTGGTGGCGCTT-1,0,gemcitabine
Data10_GSM5664357_GATGTTGTCAGGACGA-1,0,gemcitabine
Data10_GSM5664357_GATGTTGTCAGGTAAA-1,0,gemcitabine
Data10_GSM5664357_GATGTTGTCGAACTCA-1,0,gemcitabine
Data10_GSM5664357_GATTCGAAGCGTTCCG-1,0,gemcitabine
Data10_GSM5664357_GATTCGAAGTATTCCG-1,0,gemcitabine
Data10_GSM5664357_GATTCGAGTAGCTGTT-1,0,gemcitabine
Data10_GSM5664357_GATTCGATCCTATTGT-1,0,gemcitabine
Data10_GSM5664357_GATTCGATCCTCATAT-1,0,gemcitabine
Data10_GSM5664357_GATTCGATCCTGTTGC-1,0,gemcitabine
Data10_GSM5664357_GATTCTTAGCGAATGC-1,0,gemcitabine
Data10_GSM5664357_GATTCTTCAAGTCATC-1,0,gemcitabine
Data10_GSM5664357_GATTCTTGTCAAATCC-1,0,gemcitabine
Data10_GSM5664357_GATTCTTGTCTTGCTC-1,0,gemcitabine
Data10_GSM5664357_GATTCTTTCCGTGTCT-1,0,gemcitabine
Data10_GSM5664357_GATTGGTAGTTCAACC-1,0,gemcitabine
Data10_GSM5664357_GATTGGTAGTTCCAGT-1,0,gemcitabine
Data10_GSM5664357_GATTGGTCAAATGCGG-1,0,gemcitabine
Data10_GSM5664357_GATTGGTGTCGCAACC-1,0,gemcitabine
Data10_GSM5664357_GATTGGTGTGACCTGC-1,0,gemcitabine
Data10_GSM5664357_GATTGGTTCACACGAT-1,0,gemcitabine
Data10_GSM5664357_GATTTCTCAATGTTGC-1,0,gemcitabine
Data10_GSM5664357_GATTTCTCATCCGAGC-1,0,gemcitabine
Data10_GSM5664357_GCAACATCAGAGGTAC-1,0,gemcitabine
Data10_GSM5664357_GCAACATCAGTCAGCC-1,0,gemcitabine
Data10_GSM5664357_GCAACATTCCAGGACC-1,0,gemcitabine
Data10_GSM5664357_GCAACATTCGGAGTGA-1,0,gemcitabine
Data10_GSM5664357_GCAACATTCTAGTGAC-1,0,gemcitabine
Data10_GSM5664357_GCAACATTCTATACTC-1,0,gemcitabine
Data10_GSM5664357_GCAACCGAGCAAGTCG-1,0,gemcitabine
Data10_GSM5664357_GCAACCGAGCATCCCG-1,0,gemcitabine
Data10_GSM5664357_GCAACCGAGCATGAAT-1,0,gemcitabine
Data10_GSM5664357_GCAACCGAGGTAGTCG-1,0,gemcitabine
Data10_GSM5664357_GCAACCGCACTTTATC-1,0,gemcitabine
Data10_GSM5664357_GCAACCGGTCTGTCAA-1,0,gemcitabine
Data10_GSM5664357_GCACATACAATCGCGC-1,0,gemcitabine
Data10_GSM5664357_GCACATACAATTGTGC-1,0,gemcitabine
Data10_GSM5664357_GCACATAGTATACGGG-1,0,gemcitabine
Data10_GSM5664357_GCACATAGTCGCTTAA-1,0,gemcitabine
Data10_GSM5664357_GCACATAGTTCCCAAA-1,0,gemcitabine
Data10_GSM5664357_GCACATATCGAAATCC-1,0,gemcitabine
Data10_GSM5664357_GCACATATCGCAGTCG-1,0,gemcitabine
Data10_GSM5664357_GCACGGTAGCATGAAT-1,0,gemcitabine
Data10_GSM5664357_GCACGGTCATGGAACG-1,0,gemcitabine
Data10_GSM5664357_GCACGGTGTATCGTAC-1,0,gemcitabine
Data10_GSM5664357_GCACGGTGTGCAACAG-1,0,gemcitabine
Data10_GSM5664357_GCACGGTGTTCTCCTG-1,0,gemcitabine
Data10_GSM5664357_GCACGGTTCCGTGGGT-1,0,gemcitabine
Data10_GSM5664357_GCACGGTTCCTGGGAC-1,0,gemcitabine
Data10_GSM5664357_GCACGGTTCGACGCGT-1,0,gemcitabine
Data10_GSM5664357_GCACGGTTCTAGTGAC-1,0,gemcitabine
Data10_GSM5664357_GCACGTGGTCGCTTAA-1,0,gemcitabine
Data10_GSM5664357_GCACGTGGTCTGTCCT-1,0,gemcitabine
Data10_GSM5664357_GCACTAAAGCTGTTCA-1,0,gemcitabine
Data10_GSM5664357_GCACTAACACCTGAAT-1,0,gemcitabine
Data10_GSM5664357_GCACTAAGTAGATCCT-1,0,gemcitabine
Data10_GSM5664357_GCACTAAGTCGTTGCG-1,0,gemcitabine
Data10_GSM5664357_GCACTAAGTTTCGATG-1,0,gemcitabine
Data10_GSM5664357_GCACTAAGTTTGAAAG-1,0,gemcitabine
Data10_GSM5664357_GCACTAATCCTACTGC-1,0,gemcitabine
Data10_GSM5664357_GCACTAATCGAGCCTG-1,0,gemcitabine
Data10_GSM5664357_GCAGCCAAGTTGAAAC-1,0,gemcitabine
Data10_GSM5664357_GCAGCCACACAGCGCT-1,0,gemcitabine
Data10_GSM5664357_GCAGCCATCCTGGCTT-1,0,gemcitabine
Data10_GSM5664357_GCAGCCATCTTGAGCA-1,0,gemcitabine
Data10_GSM5664357_GCAGCTGAGGCCTAAG-1,0,gemcitabine
Data10_GSM5664357_GCAGCTGAGGGTACAC-1,0,gemcitabine
Data10_GSM5664357_GCAGCTGTCACTTGGA-1,0,gemcitabine
Data10_GSM5664357_GCAGCTGTCCCTGTTG-1,0,gemcitabine
Data10_GSM5664357_GCAGCTGTCCTCTGCA-1,0,gemcitabine
Data10_GSM5664357_GCAGGCTAGATCCAAA-1,0,gemcitabine
Data10_GSM5664357_GCAGGCTAGTGCCAGA-1,0,gemcitabine
Data10_GSM5664357_GCAGTTACAATTCACG-1,0,gemcitabine
Data10_GSM5664357_GCAGTTACAGCGTGCT-1,0,gemcitabine
Data10_GSM5664357_GCAGTTAGTCGCACGT-1,0,gemcitabine
Data10_GSM5664357_GCAGTTATCATAAGGA-1,0,gemcitabine
Data10_GSM5664357_GCAGTTATCGTGCGAC-1,0,gemcitabine
Data10_GSM5664357_GCAGTTATCTCTCTAA-1,0,gemcitabine
Data10_GSM5664357_GCATCGGAGAAACACT-1,0,gemcitabine
Data10_GSM5664357_GCATCGGAGTGCAGCA-1,0,gemcitabine
Data10_GSM5664357_GCATCGGCAATCTAGC-1,0,gemcitabine
Data10_GSM5664357_GCATCGGGTCGATTCA-1,0,gemcitabine
Data10_GSM5664357_GCATCTCAGAACCGCA-1,0,gemcitabine
Data10_GSM5664357_GCATCTCGTCGCGTCA-1,0,gemcitabine
Data10_GSM5664357_GCATCTCGTGAGTCAG-1,0,gemcitabine
Data10_GSM5664357_GCATCTCTCACTACTT-1,0,gemcitabine
Data10_GSM5664357_GCATCTCTCATGGTAC-1,0,gemcitabine
Data10_GSM5664357_GCATCTCTCGATTGGT-1,0,gemcitabine
Data10_GSM5664357_GCATGATGTGCAGTGA-1,0,gemcitabine
Data10_GSM5664357_GCATGATGTGTCTTGA-1,0,gemcitabine
Data10_GSM5664357_GCATGATGTTCAGCTA-1,0,gemcitabine
Data10_GSM5664357_GCATGATTCCAGTGTA-1,0,gemcitabine
Data10_GSM5664357_GCATGATTCTCAGTCC-1,0,gemcitabine
Data10_GSM5664357_GCATTAGCATGATAGA-1,0,gemcitabine
Data10_GSM5664357_GCATTAGGTGGTCCCA-1,0,gemcitabine
Data10_GSM5664357_GCATTAGTCTGGTGCG-1,0,gemcitabine
Data10_GSM5664357_GCATTAGTCTTACTGT-1,0,gemcitabine
Data10_GSM5664357_GCCAACGAGGGAGGAC-1,0,gemcitabine
Data10_GSM5664357_GCCAACGCACAGTATC-1,0,gemcitabine
Data10_GSM5664357_GCCAACGCATACGCAT-1,0,gemcitabine
Data10_GSM5664357_GCCAGCAAGGTATCTC-1,0,gemcitabine
Data10_GSM5664357_GCCAGCACAGCGCTTG-1,0,gemcitabine
Data10_GSM5664357_GCCAGCAGTAGTTAGA-1,0,gemcitabine
Data10_GSM5664357_GCCAGCAGTGTTATCG-1,0,gemcitabine
Data10_GSM5664357_GCCAGGTAGCCGAATG-1,0,gemcitabine
Data10_GSM5664357_GCCAGGTCACAGTCAT-1,0,gemcitabine
Data10_GSM5664357_GCCAGGTCACCCAAGC-1,0,gemcitabine
Data10_GSM5664357_GCCAGGTCATACAGGG-1,0,gemcitabine
Data10_GSM5664357_GCCAGGTGTCCAGGTC-1,0,gemcitabine
Data10_GSM5664357_GCCAGGTTCAGGGTAG-1,0,gemcitabine
Data10_GSM5664357_GCCAGGTTCGCTAGCG-1,0,gemcitabine
Data10_GSM5664357_GCCAGTGAGGGCAGTT-1,0,gemcitabine
Data10_GSM5664357_GCCAGTGGTATTTCCT-1,0,gemcitabine
Data10_GSM5664357_GCCAGTGTCATTACGG-1,0,gemcitabine
Data10_GSM5664357_GCCAGTGTCCGATTAG-1,0,gemcitabine
Data10_GSM5664357_GCCATGGAGCCGAATG-1,0,gemcitabine
Data10_GSM5664357_GCCATGGAGGAAGTCC-1,0,gemcitabine
Data10_GSM5664357_GCCATGGAGTGGAAAG-1,0,gemcitabine
Data10_GSM5664357_GCCATGGCAAATGGTA-1,0,gemcitabine
Data10_GSM5664357_GCCATGGGTTATTCTC-1,0,gemcitabine
Data10_GSM5664357_GCCATGGTCAACGCTA-1,0,gemcitabine
Data10_GSM5664357_GCCATGGTCTTGCAAG-1,0,gemcitabine
Data10_GSM5664357_GCCATGGTCTTGGTGA-1,0,gemcitabine
Data10_GSM5664357_GCCATTCAGTTGCGCC-1,0,gemcitabine
Data10_GSM5664357_GCCATTCCAATACGAA-1,0,gemcitabine
Data10_GSM5664357_GCCATTCCAGAATTCC-1,0,gemcitabine
Data10_GSM5664357_GCCATTCGTATCTCTT-1,0,gemcitabine
Data10_GSM5664357_GCCATTCGTTAATGAG-1,0,gemcitabine
Data10_GSM5664357_GCCCAGAAGACTCATC-1,0,gemcitabine
Data10_GSM5664357_GCCCAGAAGTAGTCCT-1,0,gemcitabine
Data10_GSM5664357_GCCCAGACATCAGTCA-1,0,gemcitabine
Data10_GSM5664357_GCCCAGACATCTCATT-1,0,gemcitabine
Data10_GSM5664357_GCCCAGAGTACTCCCT-1,0,gemcitabine
Data10_GSM5664357_GCCCAGATCGGAATGG-1,0,gemcitabine
Data10_GSM5664357_GCCCGAACACATTCTT-1,0,gemcitabine
Data10_GSM5664357_GCCCGAACAGGTAGTG-1,0,gemcitabine
Data10_GSM5664357_GCCGATGAGAGTATAC-1,0,gemcitabine
Data10_GSM5664357_GCCGATGAGCTCGACC-1,0,gemcitabine
Data10_GSM5664357_GCCGATGCAACCGCCA-1,0,gemcitabine
Data10_GSM5664357_GCCGATGCATGGCACC-1,0,gemcitabine
Data10_GSM5664357_GCCGATGCATGGGTTT-1,0,gemcitabine
Data10_GSM5664357_GCCGATGTCATTGCCC-1,0,gemcitabine
Data10_GSM5664357_GCCGTGAAGCGTTCAT-1,0,gemcitabine
Data10_GSM5664357_GCCGTGAGTATTCCGA-1,0,gemcitabine
Data10_GSM5664357_GCCGTGAGTTGCTCCT-1,0,gemcitabine
Data10_GSM5664357_GCCTGTTAGATCCAAA-1,0,gemcitabine
Data10_GSM5664357_GCCTGTTAGCAGCCCT-1,0,gemcitabine
Data10_GSM5664357_GCCTGTTAGCTCTATG-1,0,gemcitabine
Data10_GSM5664357_GCCTGTTAGTAATCCC-1,0,gemcitabine
Data10_GSM5664357_GCCTGTTAGTGAGGTC-1,0,gemcitabine
Data10_GSM5664357_GCCTGTTGTCGAGTTT-1,0,gemcitabine
Data10_GSM5664357_GCCTGTTGTGACTAAA-1,0,gemcitabine
Data10_GSM5664357_GCCTGTTTCAAGAGTA-1,0,gemcitabine
Data10_GSM5664357_GCCTGTTTCCATTGCC-1,0,gemcitabine
Data10_GSM5664357_GCCTGTTTCGTAGCCG-1,0,gemcitabine
Data10_GSM5664357_GCGAGAAAGACGCCAA-1,0,gemcitabine
Data10_GSM5664357_GCGAGAACAACCAGAG-1,0,gemcitabine
Data10_GSM5664357_GCGAGAACACGCTGCA-1,0,gemcitabine
Data10_GSM5664357_GCGAGAACAGCCTATA-1,0,gemcitabine
Data10_GSM5664357_GCGAGAACATACTGTG-1,0,gemcitabine
Data10_GSM5664357_GCGAGAAGTAGCACAG-1,0,gemcitabine
Data10_GSM5664357_GCGAGAAGTGCCTACG-1,0,gemcitabine
Data10_GSM5664357_GCGAGAAGTTATGACC-1,0,gemcitabine
Data10_GSM5664357_GCGAGAATCTCTTCAA-1,0,gemcitabine
Data10_GSM5664357_GCGAGAATCTGCACCT-1,0,gemcitabine
Data10_GSM5664357_GCGATCGAGTGACACG-1,0,gemcitabine
Data10_GSM5664357_GCGATCGCAAGTGCAG-1,0,gemcitabine
Data10_GSM5664357_GCGATCGTCAAAGAAC-1,0,gemcitabine
Data10_GSM5664357_GCGGAAAAGAGCCCAA-1,0,gemcitabine
Data10_GSM5664357_GCGGAAACACTAGGTT-1,0,gemcitabine
Data10_GSM5664357_GCGGAAACATGTCTAG-1,0,gemcitabine
Data10_GSM5664357_GCGGAAATCAAAGGAT-1,0,gemcitabine
Data10_GSM5664357_GCGGAAATCGGAGTAG-1,0,gemcitabine
Data10_GSM5664357_GCGGAAATCGGCCTTT-1,0,gemcitabine
Data10_GSM5664357_GCGGAAATCTCCCTAG-1,0,gemcitabine
Data10_GSM5664357_GCGGATCAGTTACGTC-1,0,gemcitabine
Data10_GSM5664357_GCGGATCTCCACATAG-1,0,gemcitabine
Data10_GSM5664357_GCGTGCAAGCGACATG-1,0,gemcitabine
Data10_GSM5664357_GCGTGCAAGCTAAACA-1,0,gemcitabine
Data10_GSM5664357_GCGTGCAAGGAAACGA-1,0,gemcitabine
Data10_GSM5664357_GCGTGCAAGTGATGGC-1,0,gemcitabine
Data10_GSM5664357_GCGTGCACATCGTTCC-1,0,gemcitabine
Data10_GSM5664357_GCGTGCAGTGTTAAAG-1,0,gemcitabine
Data10_GSM5664357_GCGTGCATCGCTTAAG-1,0,gemcitabine
Data10_GSM5664357_GCGTTTCAGTTCTCTT-1,0,gemcitabine
Data10_GSM5664357_GCGTTTCCAAGAATAC-1,0,gemcitabine
Data10_GSM5664357_GCGTTTCCAGGTTCCG-1,0,gemcitabine
Data10_GSM5664357_GCGTTTCCATCCTTCG-1,0,gemcitabine
Data10_GSM5664357_GCGTTTCGTTGCTCCT-1,0,gemcitabine
Data10_GSM5664357_GCGTTTCTCAAGCCAT-1,0,gemcitabine
Data10_GSM5664357_GCGTTTCTCACTACTT-1,0,gemcitabine
Data10_GSM5664357_GCGTTTCTCTTCCTAA-1,0,gemcitabine
Data10_GSM5664357_GCTACAACAATTTCTC-1,0,gemcitabine
Data10_GSM5664357_GCTACAAGTACGGCAA-1,0,gemcitabine
Data10_GSM5664357_GCTACAATCAAATGAG-1,0,gemcitabine
Data10_GSM5664357_GCTACCTAGATGGTAT-1,0,gemcitabine
Data10_GSM5664357_GCTACCTAGCCGTTGC-1,0,gemcitabine
Data10_GSM5664357_GCTACCTAGGCCTAAG-1,0,gemcitabine
Data10_GSM5664357_GCTACCTCAATGCTCA-1,0,gemcitabine
Data10_GSM5664357_GCTACCTCACTGCATA-1,0,gemcitabine
Data10_GSM5664357_GCTACCTCATCTGTTT-1,0,gemcitabine
Data10_GSM5664357_GCTACCTGTAGGAGTC-1,0,gemcitabine
Data10_GSM5664357_GCTACCTGTTCTATCT-1,0,gemcitabine
Data10_GSM5664357_GCTACCTTCATGAAAG-1,0,gemcitabine
Data10_GSM5664357_GCTCAAAAGAACAGGA-1,0,gemcitabine
Data10_GSM5664357_GCTCAAAAGTCATCGT-1,0,gemcitabine
Data10_GSM5664357_GCTCAAAAGTTTCAGC-1,0,gemcitabine
Data10_GSM5664357_GCTCAAACATAAGATG-1,0,gemcitabine
Data10_GSM5664357_GCTCAAAGTCACAGTT-1,0,gemcitabine
Data10_GSM5664357_GCTCAAATCGAGAGAC-1,0,gemcitabine
Data10_GSM5664357_GCTCAAATCTCAACGA-1,0,gemcitabine
Data10_GSM5664357_GCTGAATGTAGAAACT-1,0,gemcitabine
Data10_GSM5664357_GCTGAATGTCAAAGAT-1,0,gemcitabine
Data10_GSM5664357_GCTGAATGTGGCACTC-1,0,gemcitabine
Data10_GSM5664357_GCTGAATTCAAAGGAT-1,0,gemcitabine
Data10_GSM5664357_GCTGAATTCCGGCTTT-1,0,gemcitabine
Data10_GSM5664357_GCTGCAGAGAAACACT-1,0,gemcitabine
Data10_GSM5664357_GCTGCAGAGAGAACCC-1,0,gemcitabine
Data10_GSM5664357_GCTGCAGCAACCGTAT-1,0,gemcitabine
Data10_GSM5664357_GCTGCAGCATGAGAAT-1,0,gemcitabine
Data10_GSM5664357_GCTGCAGGTAGCTGTT-1,0,gemcitabine
Data10_GSM5664357_GCTGCAGTCCGTCAAA-1,0,gemcitabine
Data10_GSM5664357_GCTGCAGTCGAGCACC-1,0,gemcitabine
Data10_GSM5664357_GCTGCAGTCGTGGAAG-1,0,gemcitabine
Data10_GSM5664357_GCTGCAGTCTGATTCT-1,0,gemcitabine
Data10_GSM5664357_GCTGGGTAGACGCATG-1,0,gemcitabine
Data10_GSM5664357_GCTGGGTAGCATCTTG-1,0,gemcitabine
Data10_GSM5664357_GCTGGGTCAAGCGAGT-1,0,gemcitabine
Data10_GSM5664357_GCTGGGTCAGACTCTA-1,0,gemcitabine
Data10_GSM5664357_GCTGGGTGTTATGTGC-1,0,gemcitabine
Data10_GSM5664357_GCTGGGTTCAAGCTTG-1,0,gemcitabine
Data10_GSM5664357_GCTGGGTTCCTGCTAC-1,0,gemcitabine
Data10_GSM5664357_GCTGGGTTCGTTCGCT-1,0,gemcitabine
Data10_GSM5664357_GCTGGGTTCGTTCTGC-1,0,gemcitabine
Data10_GSM5664357_GCTGGGTTCTCGTTTA-1,0,gemcitabine
Data10_GSM5664357_GCTTCACAGCTAATCC-1,0,gemcitabine
Data10_GSM5664357_GCTTCACAGGGATGTC-1,0,gemcitabine
Data10_GSM5664357_GCTTCACCAAGCAATA-1,0,gemcitabine
Data10_GSM5664357_GCTTCACCACATAACC-1,0,gemcitabine
Data10_GSM5664357_GCTTCACTCATTACGG-1,0,gemcitabine
Data10_GSM5664357_GCTTCACTCGTTCCTG-1,0,gemcitabine
Data10_GSM5664357_GCTTGGGAGAGTCAGC-1,0,gemcitabine
Data10_GSM5664357_GCTTGGGCAACAGATA-1,0,gemcitabine
Data10_GSM5664357_GCTTGGGCACGGTGTC-1,0,gemcitabine
Data10_GSM5664357_GCTTGGGCAGCTCATA-1,0,gemcitabine
Data10_GSM5664357_GCTTGGGGTCTCAGGC-1,0,gemcitabine
Data10_GSM5664357_GCTTGGGGTTGGTACT-1,0,gemcitabine
Data10_GSM5664357_GCTTGGGTCATTGCTT-1,0,gemcitabine
Data10_GSM5664357_GCTTGGGTCCGTTGGG-1,0,gemcitabine
Data10_GSM5664357_GCTTGGGTCTTCTTCC-1,0,gemcitabine
Data10_GSM5664357_GCTTTCGAGGCTTAGG-1,0,gemcitabine
Data10_GSM5664357_GCTTTCGCAATTCTTC-1,0,gemcitabine
Data10_GSM5664357_GCTTTCGGTCTATGAC-1,0,gemcitabine
Data10_GSM5664357_GCTTTCGTCAGTCATG-1,0,gemcitabine
Data10_GSM5664357_GCTTTCGTCCACCCTA-1,0,gemcitabine
Data10_GSM5664357_GCTTTCGTCTACGGGC-1,0,gemcitabine
Data10_GSM5664357_GGAACCCAGGATACCG-1,0,gemcitabine
Data10_GSM5664357_GGAACCCCAACTCGTA-1,0,gemcitabine
Data10_GSM5664357_GGAACCCCAGGTTCCG-1,0,gemcitabine
Data10_GSM5664357_GGAACCCGTGACGCCT-1,0,gemcitabine
Data10_GSM5664357_GGAACCCGTGGTCAAG-1,0,gemcitabine
Data10_GSM5664357_GGAACCCGTTACGCCG-1,0,gemcitabine
Data10_GSM5664357_GGAACCCTCCACATAG-1,0,gemcitabine
Data10_GSM5664357_GGAAGTGAGGTAGCAC-1,0,gemcitabine
Data10_GSM5664357_GGAAGTGAGTGAGGCT-1,0,gemcitabine
Data10_GSM5664357_GGAAGTGTCGACTCCT-1,0,gemcitabine
Data10_GSM5664357_GGAATCTAGGGTTTCT-1,0,gemcitabine
Data10_GSM5664357_GGAATCTGTAATTGGA-1,0,gemcitabine
Data10_GSM5664357_GGAATCTGTAGTTCCA-1,0,gemcitabine
Data10_GSM5664357_GGAATCTGTGCCTATA-1,0,gemcitabine
Data10_GSM5664357_GGAATCTTCCGACATA-1,0,gemcitabine
Data10_GSM5664357_GGAATCTTCGAGGCAA-1,0,gemcitabine
Data10_GSM5664357_GGAATGGAGATGACAT-1,0,gemcitabine
Data10_GSM5664357_GGAATGGAGGCTTAGG-1,0,gemcitabine
Data10_GSM5664357_GGAATGGCATCAGTGT-1,0,gemcitabine
Data10_GSM5664357_GGAATGGCATTCACCC-1,0,gemcitabine
Data10_GSM5664357_GGAATGGGTGGTTTGT-1,0,gemcitabine
Data10_GSM5664357_GGAATGGTCTGGCCAG-1,0,gemcitabine
Data10_GSM5664357_GGACGTCCATCCTCAC-1,0,gemcitabine
Data10_GSM5664357_GGACGTCGTCCTCCAT-1,0,gemcitabine
Data10_GSM5664357_GGACGTCGTCGCACAC-1,0,gemcitabine
Data10_GSM5664357_GGACGTCTCTGCATAG-1,0,gemcitabine
Data10_GSM5664357_GGAGAACCAACGTATC-1,0,gemcitabine
Data10_GSM5664357_GGAGAACCACTGGATT-1,0,gemcitabine
Data10_GSM5664357_GGAGAACCATAACTCG-1,0,gemcitabine
Data10_GSM5664357_GGAGAACGTACGATTC-1,0,gemcitabine
Data10_GSM5664357_GGAGAACGTAGGTACG-1,0,gemcitabine
Data10_GSM5664357_GGAGAACTCAGTCACA-1,0,gemcitabine
Data10_GSM5664357_GGAGAACTCCAATGCA-1,0,gemcitabine
Data10_GSM5664357_GGAGAACTCCCGAGAC-1,0,gemcitabine
Data10_GSM5664357_GGAGATGCAATCCAGT-1,0,gemcitabine
Data10_GSM5664357_GGAGATGCACAGCCAC-1,0,gemcitabine
Data10_GSM5664357_GGAGATGCATTAGGCT-1,0,gemcitabine
Data10_GSM5664357_GGAGATGTCGTAGAGG-1,0,gemcitabine
Data10_GSM5664357_GGAGCAAAGCAAATGT-1,0,gemcitabine
Data10_GSM5664357_GGAGCAAAGGAGAGTA-1,0,gemcitabine
Data10_GSM5664357_GGAGCAACAGCTGGTC-1,0,gemcitabine
Data10_GSM5664357_GGAGCAACAGGAATAT-1,0,gemcitabine
Data10_GSM5664357_GGAGGATAGGCATGGT-1,0,gemcitabine
Data10_GSM5664357_GGAGGATCATCGAGCC-1,0,gemcitabine
Data10_GSM5664357_GGAGGATGTCCTGGTG-1,0,gemcitabine
Data10_GSM5664357_GGAGGATTCGCAAGAG-1,0,gemcitabine
Data10_GSM5664357_GGAGGTAAGACTACGG-1,0,gemcitabine
Data10_GSM5664357_GGAGGTAAGATCGCTT-1,0,gemcitabine
Data10_GSM5664357_GGAGGTACAACAGCTT-1,0,gemcitabine
Data10_GSM5664357_GGAGGTACACACACTA-1,0,gemcitabine
Data10_GSM5664357_GGAGGTACAGCATACT-1,0,gemcitabine
Data10_GSM5664357_GGAGGTACAGGATTCT-1,0,gemcitabine
Data10_GSM5664357_GGAGGTAGTCCAGCAC-1,0,gemcitabine
Data10_GSM5664357_GGAGGTAGTTGGGATG-1,0,gemcitabine
Data10_GSM5664357_GGAGGTATCAGCTAGT-1,0,gemcitabine
Data10_GSM5664357_GGATCTAAGCTGCCAC-1,0,gemcitabine
Data10_GSM5664357_GGATCTAAGGTCGCCT-1,0,gemcitabine
Data10_GSM5664357_GGATCTATCTAAGAAG-1,0,gemcitabine
Data10_GSM5664357_GGATGTTAGCGATTCT-1,0,gemcitabine
Data10_GSM5664357_GGATGTTAGCTAGAGC-1,0,gemcitabine
Data10_GSM5664357_GGATGTTGTAAGACCG-1,0,gemcitabine
Data10_GSM5664357_GGATGTTGTCCCTAAA-1,0,gemcitabine
Data10_GSM5664357_GGATGTTTCAACCCGG-1,0,gemcitabine
Data10_GSM5664357_GGATGTTTCGTCTAAG-1,0,gemcitabine
Data10_GSM5664357_GGATGTTTCTGAGATC-1,0,gemcitabine
Data10_GSM5664357_GGCACGTAGAAACTCA-1,0,gemcitabine
Data10_GSM5664357_GGCACGTAGCCAAGGT-1,0,gemcitabine
Data10_GSM5664357_GGCACGTCACACAGCC-1,0,gemcitabine
Data10_GSM5664357_GGCACGTCATGGTACT-1,0,gemcitabine
Data10_GSM5664357_GGCACGTGTCAACACT-1,0,gemcitabine
Data10_GSM5664357_GGCACGTGTGTTGACT-1,0,gemcitabine
Data10_GSM5664357_GGCACGTTCCGATAGT-1,0,gemcitabine
Data10_GSM5664357_GGCAGTCAGACCCTTA-1,0,gemcitabine
Data10_GSM5664357_GGCAGTCCAAGAAATC-1,0,gemcitabine
Data10_GSM5664357_GGCAGTCCACCGGTCA-1,0,gemcitabine
Data10_GSM5664357_GGCAGTCGTGTCACAT-1,0,gemcitabine
Data10_GSM5664357_GGCGTCAAGCTGTGCC-1,0,gemcitabine
Data10_GSM5664357_GGCGTCACAATCTCTT-1,0,gemcitabine
Data10_GSM5664357_GGCGTCACACGGTCTG-1,0,gemcitabine
Data10_GSM5664357_GGCGTCACACTGCTTC-1,0,gemcitabine
Data10_GSM5664357_GGCGTCAGTTTACCTT-1,0,gemcitabine
Data10_GSM5664357_GGCTGTGAGAGTAACT-1,0,gemcitabine
Data10_GSM5664357_GGCTGTGGTAACCCGC-1,0,gemcitabine
Data10_GSM5664357_GGCTGTGGTGCTCTCT-1,0,gemcitabine
Data10_GSM5664357_GGCTGTGTCGACCAAT-1,0,gemcitabine
Data10_GSM5664357_GGCTTGGCATCTTCGC-1,0,gemcitabine
Data10_GSM5664357_GGCTTTCAGATGTTCC-1,0,gemcitabine
Data10_GSM5664357_GGCTTTCCAGGCACAA-1,0,gemcitabine
Data10_GSM5664357_GGCTTTCCATCGGAGA-1,0,gemcitabine
Data10_GSM5664357_GGCTTTCCATGCCGGT-1,0,gemcitabine
Data10_GSM5664357_GGCTTTCGTTAAACAG-1,0,gemcitabine
Data10_GSM5664357_GGCTTTCTCCATAGAC-1,0,gemcitabine
Data10_GSM5664357_GGCTTTCTCGAGTACT-1,0,gemcitabine
Data10_GSM5664357_GGGAAGTAGTAAACGT-1,0,gemcitabine
Data10_GSM5664357_GGGAAGTAGTGCACCC-1,0,gemcitabine
Data10_GSM5664357_GGGAAGTCAAGTATCC-1,0,gemcitabine
Data10_GSM5664357_GGGAAGTCACGTAACT-1,0,gemcitabine
Data10_GSM5664357_GGGAAGTTCAGGTAAA-1,0,gemcitabine
Data10_GSM5664357_GGGAAGTTCCATCAGA-1,0,gemcitabine
Data10_GSM5664357_GGGACAACACGATTCA-1,0,gemcitabine
Data10_GSM5664357_GGGACAACACTTCAAG-1,0,gemcitabine
Data10_GSM5664357_GGGACAACAGGCATTT-1,0,gemcitabine
Data10_GSM5664357_GGGACAAGTCGCCACA-1,0,gemcitabine
Data10_GSM5664357_GGGACAAGTCTTGGTA-1,0,gemcitabine
Data10_GSM5664357_GGGACAAGTTCGAACT-1,0,gemcitabine
Data10_GSM5664357_GGGACAATCCGAACGC-1,0,gemcitabine
Data10_GSM5664357_GGGACAATCTGGTGCG-1,0,gemcitabine
Data10_GSM5664357_GGGACCTAGAATCCCT-1,0,gemcitabine
Data10_GSM5664357_GGGACCTAGTTCACTG-1,0,gemcitabine
Data10_GSM5664357_GGGACCTCAGCTGTTA-1,0,gemcitabine
Data10_GSM5664357_GGGACCTTCCACTGGG-1,0,gemcitabine
Data10_GSM5664357_GGGACTCAGACCAACG-1,0,gemcitabine
Data10_GSM5664357_GGGACTCAGGTTCACT-1,0,gemcitabine
Data10_GSM5664357_GGGACTCCAGTTCTAG-1,0,gemcitabine
Data10_GSM5664357_GGGACTCGTCTAACGT-1,0,gemcitabine
Data10_GSM5664357_GGGACTCTCCTAGAGT-1,0,gemcitabine
Data10_GSM5664357_GGGAGATAGGAACATT-1,0,gemcitabine
Data10_GSM5664357_GGGAGATCAAATGATG-1,0,gemcitabine
Data10_GSM5664357_GGGAGATTCCCTCTAG-1,0,gemcitabine
Data10_GSM5664357_GGGAGTAAGGATCATA-1,0,gemcitabine
Data10_GSM5664357_GGGAGTAGTATGAGGC-1,0,gemcitabine
Data10_GSM5664357_GGGAGTAGTTTAGTCG-1,0,gemcitabine
Data10_GSM5664357_GGGATCCAGGTCGTGA-1,0,gemcitabine
Data10_GSM5664357_GGGATCCCAGAACTTC-1,0,gemcitabine
Data10_GSM5664357_GGGATCCGTAGTTCCA-1,0,gemcitabine
Data10_GSM5664357_GGGATCCGTGCAATGG-1,0,gemcitabine
Data10_GSM5664357_GGGATCCTCTCCACTG-1,0,gemcitabine
Data10_GSM5664357_GGGATGACACGGTCTG-1,0,gemcitabine
Data10_GSM5664357_GGGATGAGTCCCGCAA-1,0,gemcitabine
Data10_GSM5664357_GGGATGAGTTGCCATA-1,0,gemcitabine
Data10_GSM5664357_GGGATGATCATACGGT-1,0,gemcitabine
Data10_GSM5664357_GGGCCATCATCCCACT-1,0,gemcitabine
Data10_GSM5664357_GGGCCATTCCATTGTT-1,0,gemcitabine
Data10_GSM5664357_GGGCCATTCGTTGTAG-1,0,gemcitabine
Data10_GSM5664357_GGGCGTTAGATACCAA-1,0,gemcitabine
Data10_GSM5664357_GGGCGTTAGCTGAGCA-1,0,gemcitabine
Data10_GSM5664357_GGGCGTTCAGAGCCCT-1,0,gemcitabine
Data10_GSM5664357_GGGCGTTCATAACTCG-1,0,gemcitabine
Data10_GSM5664357_GGGCGTTTCACCATCC-1,0,gemcitabine
Data10_GSM5664357_GGGCTACAGAAGTCTA-1,0,gemcitabine
Data10_GSM5664357_GGGCTACCAGGCACAA-1,0,gemcitabine
Data10_GSM5664357_GGGCTACGTAGCTGTT-1,0,gemcitabine
Data10_GSM5664357_GGGCTACGTTACCCTC-1,0,gemcitabine
Data10_GSM5664357_GGGCTACTCAATCTCT-1,0,gemcitabine
Data10_GSM5664357_GGGCTACTCCACGTCT-1,0,gemcitabine
Data10_GSM5664357_GGGCTACTCTGTGCGG-1,0,gemcitabine
Data10_GSM5664357_GGGCTCAAGACTTCCA-1,0,gemcitabine
Data10_GSM5664357_GGGCTCAAGTCTGCAT-1,0,gemcitabine
Data10_GSM5664357_GGGCTCACAGCTGTGC-1,0,gemcitabine
Data10_GSM5664357_GGGCTCACATACCGTA-1,0,gemcitabine
Data10_GSM5664357_GGGCTCACATTGGATC-1,0,gemcitabine
Data10_GSM5664357_GGGCTCAGTATATGGA-1,0,gemcitabine
Data10_GSM5664357_GGGCTCAGTTGTACGT-1,0,gemcitabine
Data10_GSM5664357_GGGCTCATCACCCTGT-1,0,gemcitabine
Data10_GSM5664357_GGGTAGAAGCGCGTTC-1,0,gemcitabine
Data10_GSM5664357_GGGTAGAAGTAGATCA-1,0,gemcitabine
Data10_GSM5664357_GGGTAGATCACTGGTA-1,0,gemcitabine
Data10_GSM5664357_GGGTAGATCGTAACTG-1,0,gemcitabine
Data10_GSM5664357_GGGTATTAGCACTAGG-1,0,gemcitabine
Data10_GSM5664357_GGGTATTCAACTTGGT-1,0,gemcitabine
Data10_GSM5664357_GGGTATTCAGAGCTAG-1,0,gemcitabine
Data10_GSM5664357_GGGTATTCAGGACGAT-1,0,gemcitabine
Data10_GSM5664357_GGGTATTGTATGGAAT-1,0,gemcitabine
Data10_GSM5664357_GGGTATTGTTGCATTG-1,0,gemcitabine
Data10_GSM5664357_GGGTCACCAACCGTGC-1,0,gemcitabine
Data10_GSM5664357_GGGTCACCAAGACGGT-1,0,gemcitabine
Data10_GSM5664357_GGGTCACGTGCATGAG-1,0,gemcitabine
Data10_GSM5664357_GGGTCACTCATCAGTG-1,0,gemcitabine
Data10_GSM5664357_GGGTCACTCTCTCGAC-1,0,gemcitabine
Data10_GSM5664357_GGGTCTGAGTCAGCCC-1,0,gemcitabine
Data10_GSM5664357_GGGTCTGGTATACCCA-1,0,gemcitabine
Data10_GSM5664357_GGGTCTGGTGATTCTG-1,0,gemcitabine
Data10_GSM5664357_GGGTCTGTCCGATAAC-1,0,gemcitabine
Data10_GSM5664357_GGGTGAAAGCGTATAA-1,0,gemcitabine
Data10_GSM5664357_GGGTGAACAACCACGC-1,0,gemcitabine
Data10_GSM5664357_GGGTGAACACGTCTCT-1,0,gemcitabine
Data10_GSM5664357_GGGTGAATCGATCCCT-1,0,gemcitabine
Data10_GSM5664357_GGGTGAATCTAGCCTC-1,0,gemcitabine
Data10_GSM5664357_GGGTGAATCTGCGATA-1,0,gemcitabine
Data10_GSM5664357_GGGTGTCAGCACACAG-1,0,gemcitabine
Data10_GSM5664357_GGGTGTCAGGGTCAAC-1,0,gemcitabine
Data10_GSM5664357_GGGTGTCAGTCGCCCA-1,0,gemcitabine
Data10_GSM5664357_GGGTGTCAGTGGAAGA-1,0,gemcitabine
Data10_GSM5664357_GGGTGTCGTAACATAG-1,0,gemcitabine
Data10_GSM5664357_GGGTGTCGTATCCTTT-1,0,gemcitabine
Data10_GSM5664357_GGGTGTCGTTTGAAAG-1,0,gemcitabine
Data10_GSM5664357_GGGTGTCTCGACTCCT-1,0,gemcitabine
Data10_GSM5664357_GGGTTTAGTACAGGTG-1,0,gemcitabine
Data10_GSM5664357_GGGTTTAGTAGACAGC-1,0,gemcitabine
Data10_GSM5664357_GGGTTTAGTCGGTACC-1,0,gemcitabine
Data10_GSM5664357_GGGTTTAGTCTGCATA-1,0,gemcitabine
Data10_GSM5664357_GGGTTTAGTTCGAACT-1,0,gemcitabine
Data10_GSM5664357_GGGTTTATCCAGCACG-1,0,gemcitabine
Data10_GSM5664357_GGGTTTATCGCAGTGC-1,0,gemcitabine
Data10_GSM5664357_GGGTTTATCTCTTCAA-1,0,gemcitabine
Data10_GSM5664357_GGTAACTCAATACCCA-1,0,gemcitabine
Data10_GSM5664357_GGTAACTCACTCATAG-1,0,gemcitabine
Data10_GSM5664357_GGTAACTCAGTTGCGC-1,0,gemcitabine
Data10_GSM5664357_GGTAACTGTACGATGG-1,0,gemcitabine
Data10_GSM5664357_GGTAACTGTATCATGC-1,0,gemcitabine
Data10_GSM5664357_GGTAACTGTATTCTCT-1,0,gemcitabine
Data10_GSM5664357_GGTAACTGTTCAATCG-1,0,gemcitabine
Data10_GSM5664357_GGTAACTTCTAAACGC-1,0,gemcitabine
Data10_GSM5664357_GGTAACTTCTCGCCTA-1,0,gemcitabine
Data10_GSM5664357_GGTAATCAGTAGCATA-1,0,gemcitabine
Data10_GSM5664357_GGTAGAGCACAGCCTG-1,0,gemcitabine
Data10_GSM5664357_GGTAGAGCATGACTGT-1,0,gemcitabine
Data10_GSM5664357_GGTAGAGGTATCATGC-1,0,gemcitabine
Data10_GSM5664357_GGTCACGAGGCTTCCG-1,0,gemcitabine
Data10_GSM5664357_GGTCACGCACTCACTC-1,0,gemcitabine
Data10_GSM5664357_GGTCACGCACTTTATC-1,0,gemcitabine
Data10_GSM5664357_GGTCACGCAGACATCT-1,0,gemcitabine
Data10_GSM5664357_GGTCACGGTTACAGCT-1,0,gemcitabine
Data10_GSM5664357_GGTCACGTCTCTAGGA-1,0,gemcitabine
Data10_GSM5664357_GGTCACGTCTCTTAAC-1,0,gemcitabine
Data10_GSM5664357_GGTCTGGAGCATGCGA-1,0,gemcitabine
Data10_GSM5664357_GGTCTGGAGTATGGCG-1,0,gemcitabine
Data10_GSM5664357_GGTCTGGAGTCACTAC-1,0,gemcitabine
Data10_GSM5664357_GGTCTGGCACAGCCAC-1,0,gemcitabine
Data10_GSM5664357_GGTCTGGTCCATAGAC-1,0,gemcitabine
Data10_GSM5664357_GGTCTGGTCTACTATC-1,0,gemcitabine
Data10_GSM5664357_GGTGAAGAGATGGGCT-1,0,gemcitabine
Data10_GSM5664357_GGTGAAGCACTGCGTG-1,0,gemcitabine
Data10_GSM5664357_GGTGAAGCATTAAGCC-1,0,gemcitabine
Data10_GSM5664357_GGTGATTAGATCGACG-1,0,gemcitabine
Data10_GSM5664357_GGTGATTAGGATCATA-1,0,gemcitabine
Data10_GSM5664357_GGTGATTCACTTGTGA-1,0,gemcitabine
Data10_GSM5664357_GGTGATTGTACTCGAT-1,0,gemcitabine
Data10_GSM5664357_GGTGATTGTGAATATG-1,0,gemcitabine
Data10_GSM5664357_GGTGATTTCCCGAAAT-1,0,gemcitabine
Data10_GSM5664357_GGTGATTTCCTTATAC-1,0,gemcitabine
Data10_GSM5664357_GGTGGCTAGACGGTTG-1,0,gemcitabine
Data10_GSM5664357_GGTGGCTAGAGTCAGC-1,0,gemcitabine
Data10_GSM5664357_GGTGGCTAGTCAGCCC-1,0,gemcitabine
Data10_GSM5664357_GGTGGCTCACATAACC-1,0,gemcitabine
Data10_GSM5664357_GGTGGCTCATGAATAG-1,0,gemcitabine
Data10_GSM5664357_GGTGGCTTCCTGTAAG-1,0,gemcitabine
Data10_GSM5664357_GGTGTCGAGACCGTTT-1,0,gemcitabine
Data10_GSM5664357_GGTGTCGAGTCATGCT-1,0,gemcitabine
Data10_GSM5664357_GGTGTCGCAACGCATT-1,0,gemcitabine
Data10_GSM5664357_GGTGTCGCACATTCGA-1,0,gemcitabine
Data10_GSM5664357_GGTGTCGGTCCTACAA-1,0,gemcitabine
Data10_GSM5664357_GGTGTCGGTCCTACGG-1,0,gemcitabine
Data10_GSM5664357_GGTGTCGGTTCTCACC-1,0,gemcitabine
Data10_GSM5664357_GGTGTCGTCTCGCGTT-1,0,gemcitabine
Data10_GSM5664357_GGTGTTACAGGCCCTA-1,0,gemcitabine
Data10_GSM5664357_GGTGTTACATGAAGGC-1,0,gemcitabine
Data10_GSM5664357_GGTGTTACATGCTGCG-1,0,gemcitabine
Data10_GSM5664357_GGTGTTATCATCACCC-1,0,gemcitabine
Data10_GSM5664357_GGTGTTATCGGACTTA-1,0,gemcitabine
Data10_GSM5664357_GGTGTTATCTCTAGGA-1,0,gemcitabine
Data10_GSM5664357_GGTTAACAGATTGATG-1,0,gemcitabine
Data10_GSM5664357_GGTTAACAGTCGCTAT-1,0,gemcitabine
Data10_GSM5664357_GGTTAACCAACTCGTA-1,0,gemcitabine
Data10_GSM5664357_GGTTAACCACCGGCTA-1,0,gemcitabine
Data10_GSM5664357_GGTTAACCATGACTAC-1,0,gemcitabine
Data10_GSM5664357_GGTTAACTCTCTCTAA-1,0,gemcitabine
Data10_GSM5664357_GGTTCTCGTCCGAAAG-1,0,gemcitabine
Data10_GSM5664357_GGTTCTCGTGTCTTGA-1,0,gemcitabine
Data10_GSM5664357_GGTTCTCTCACCCTGT-1,0,gemcitabine
Data10_GSM5664357_GGTTCTCTCTATCCAT-1,0,gemcitabine
Data10_GSM5664357_GGTTCTCTCTCTGCCA-1,0,gemcitabine
Data10_GSM5664357_GGTTGTAAGTATGATG-1,0,gemcitabine
Data10_GSM5664357_GGTTGTAAGTGATGGC-1,0,gemcitabine
Data10_GSM5664357_GGTTGTAAGTGCTCAT-1,0,gemcitabine
Data10_GSM5664357_GGTTGTACACTACGGC-1,0,gemcitabine
Data10_GSM5664357_GGTTGTACAGGCAATG-1,0,gemcitabine
Data10_GSM5664357_GGTTGTAGTCGTCATA-1,0,gemcitabine
Data10_GSM5664357_GGTTGTAGTGGTCTCG-1,0,gemcitabine
Data10_GSM5664357_GGTTGTATCCTTCACG-1,0,gemcitabine
Data10_GSM5664357_GTAACACCACTTGTCC-1,0,gemcitabine
Data10_GSM5664357_GTAACACTCCGTCCTA-1,0,gemcitabine
Data10_GSM5664357_GTAACACTCGCAACAT-1,0,gemcitabine
Data10_GSM5664357_GTAACACTCGGCTTCT-1,0,gemcitabine
Data10_GSM5664357_GTAACCAAGAGCAACC-1,0,gemcitabine
Data10_GSM5664357_GTAACCAAGATCGCTT-1,0,gemcitabine
Data10_GSM5664357_GTAACCAAGGACTGGT-1,0,gemcitabine
Data10_GSM5664357_GTAACCAAGGGCAACT-1,0,gemcitabine
Data10_GSM5664357_GTAACCACAACCAGAG-1,0,gemcitabine
Data10_GSM5664357_GTAACCACACTGGATT-1,0,gemcitabine
Data10_GSM5664357_GTAACCAGTCCGTTTC-1,0,gemcitabine
Data10_GSM5664357_GTAAGTCCACAACGAG-1,0,gemcitabine
Data10_GSM5664357_GTAAGTCGTACAGGTG-1,0,gemcitabine
Data10_GSM5664357_GTAAGTCGTTGGACCC-1,0,gemcitabine
Data10_GSM5664357_GTAAGTCTCTTCCCAG-1,0,gemcitabine
Data10_GSM5664357_GTAATCGAGGTTAAAC-1,0,gemcitabine
Data10_GSM5664357_GTAATCGCAGCTATAC-1,0,gemcitabine
Data10_GSM5664357_GTAATCGCATGCCATA-1,0,gemcitabine
Data10_GSM5664357_GTAATCGGTATAATGG-1,0,gemcitabine
Data10_GSM5664357_GTAATGCAGATGGGCT-1,0,gemcitabine
Data10_GSM5664357_GTAATGCAGGTAAGAG-1,0,gemcitabine
Data10_GSM5664357_GTAATGCAGTCCCGAC-1,0,gemcitabine
Data10_GSM5664357_GTAATGCCACTATCCC-1,0,gemcitabine
Data10_GSM5664357_GTAATGCCACTTCCTG-1,0,gemcitabine
Data10_GSM5664357_GTAATGCCAGTCGCAC-1,0,gemcitabine
Data10_GSM5664357_GTAATGCGTACAGAGC-1,0,gemcitabine
Data10_GSM5664357_GTAATGCGTAGCGTAG-1,0,gemcitabine
Data10_GSM5664357_GTAATGCGTTCAAGTC-1,0,gemcitabine
Data10_GSM5664357_GTAATGCTCAAGTCGT-1,0,gemcitabine
Data10_GSM5664357_GTAATGCTCTCCTGTG-1,0,gemcitabine
Data10_GSM5664357_GTACAACAGAATTGTG-1,0,gemcitabine
Data10_GSM5664357_GTACAACAGATAGCTA-1,0,gemcitabine
Data10_GSM5664357_GTACAACAGGACATCG-1,0,gemcitabine
Data10_GSM5664357_GTACAACAGTTCGGTT-1,0,gemcitabine
Data10_GSM5664357_GTACAACCAAATGGAT-1,0,gemcitabine
Data10_GSM5664357_GTACAACGTCGACGCT-1,0,gemcitabine
Data10_GSM5664357_GTACAACTCCAACTAG-1,0,gemcitabine
Data10_GSM5664357_GTACAGTAGCAGCAGT-1,0,gemcitabine
Data10_GSM5664357_GTACAGTCATGTTCAG-1,0,gemcitabine
Data10_GSM5664357_GTACAGTTCGCTAGCG-1,0,gemcitabine
Data10_GSM5664357_GTACAGTTCTTCGACC-1,0,gemcitabine
Data10_GSM5664357_GTAGAAACAACAGATA-1,0,gemcitabine
Data10_GSM5664357_GTAGAAACAATGTCAC-1,0,gemcitabine
Data10_GSM5664357_GTAGAAAGTAGCGCTC-1,0,gemcitabine
Data10_GSM5664357_GTAGAAAGTTGACTGT-1,0,gemcitabine
Data10_GSM5664357_GTAGAAATCAGTGATC-1,0,gemcitabine
Data10_GSM5664357_GTAGAAATCCATCTGC-1,0,gemcitabine
Data10_GSM5664357_GTAGAAATCGCCATAA-1,0,gemcitabine
Data10_GSM5664357_GTAGAGGAGGACCCAA-1,0,gemcitabine
Data10_GSM5664357_GTAGAGGAGGCTCTCG-1,0,gemcitabine
Data10_GSM5664357_GTAGAGGCACGCTATA-1,0,gemcitabine
Data10_GSM5664357_GTAGAGGGTGAGCAGT-1,0,gemcitabine
Data10_GSM5664357_GTAGAGGTCGGTCTGG-1,0,gemcitabine
Data10_GSM5664357_GTAGAGGTCTGACGCG-1,0,gemcitabine
Data10_GSM5664357_GTAGATCAGTTGCGCC-1,0,gemcitabine
Data10_GSM5664357_GTAGATCCAGTAGTGG-1,0,gemcitabine
Data10_GSM5664357_GTAGATCGTCTCTCCA-1,0,gemcitabine
Data10_GSM5664357_GTAGATCGTTGGCCTG-1,0,gemcitabine
Data10_GSM5664357_GTAGATCTCGACATCA-1,0,gemcitabine
Data10_GSM5664357_GTAGCTAAGAAGTCCG-1,0,gemcitabine
Data10_GSM5664357_GTAGCTAAGTAGCCAG-1,0,gemcitabine
Data10_GSM5664357_GTAGCTACACGACGTC-1,0,gemcitabine
Data10_GSM5664357_GTAGCTACAGCAGTTT-1,0,gemcitabine
Data10_GSM5664357_GTAGCTAGTTTACCTT-1,0,gemcitabine
Data10_GSM5664357_GTAGCTAGTTTGATCG-1,0,gemcitabine
Data10_GSM5664357_GTAGCTATCACTACTT-1,0,gemcitabine
Data10_GSM5664357_GTAGCTATCCGCGGAT-1,0,gemcitabine
Data10_GSM5664357_GTAGCTATCTCCCAAC-1,0,gemcitabine
Data10_GSM5664357_GTAGGAGCAACACAGG-1,0,gemcitabine
Data10_GSM5664357_GTAGGAGCATTGGATC-1,0,gemcitabine
Data10_GSM5664357_GTAGGAGTCGTCCATC-1,0,gemcitabine
Data10_GSM5664357_GTAGTACAGATGGTCG-1,0,gemcitabine
Data10_GSM5664357_GTAGTACAGTTTCGGT-1,0,gemcitabine
Data10_GSM5664357_GTAGTACCACTACCCT-1,0,gemcitabine
Data10_GSM5664357_GTAGTACCATCCGGTG-1,0,gemcitabine
Data10_GSM5664357_GTAGTACCATCTGGGC-1,0,gemcitabine
Data10_GSM5664357_GTAGTACGTAAGTAGT-1,0,gemcitabine
Data10_GSM5664357_GTAGTACTCCGTGACG-1,0,gemcitabine
Data10_GSM5664357_GTAGTACTCGGTAGAG-1,0,gemcitabine
Data10_GSM5664357_GTAGTACTCTAGGCCG-1,0,gemcitabine
Data10_GSM5664357_GTATTGGCAGCTCCTT-1,0,gemcitabine
Data10_GSM5664357_GTATTGGCATGTGCTA-1,0,gemcitabine
Data10_GSM5664357_GTATTGGTCAATCTTC-1,0,gemcitabine
Data10_GSM5664357_GTATTGGTCATGGATC-1,0,gemcitabine
Data10_GSM5664357_GTATTGGTCATTGTTC-1,0,gemcitabine
Data10_GSM5664357_GTATTTCCATCAGCAT-1,0,gemcitabine
Data10_GSM5664357_GTATTTCGTGCGTTTA-1,0,gemcitabine
Data10_GSM5664357_GTATTTCGTTGACTAC-1,0,gemcitabine
Data10_GSM5664357_GTCAAACAGATTCGAA-1,0,gemcitabine
Data10_GSM5664357_GTCAAACAGGTAGTAT-1,0,gemcitabine
Data10_GSM5664357_GTCAAACCAGTTAGAA-1,0,gemcitabine
Data10_GSM5664357_GTCAAACGTACGGTTT-1,0,gemcitabine
Data10_GSM5664357_GTCAAACGTATGTCCA-1,0,gemcitabine
Data10_GSM5664357_GTCAAACTCAGCTGTA-1,0,gemcitabine
Data10_GSM5664357_GTCAAGTAGTACAGAT-1,0,gemcitabine
Data10_GSM5664357_GTCAAGTCACCCTAGG-1,0,gemcitabine
Data10_GSM5664357_GTCAAGTCATACATCG-1,0,gemcitabine
Data10_GSM5664357_GTCAAGTGTCTGTGTA-1,0,gemcitabine
Data10_GSM5664357_GTCACGGAGAATTCAG-1,0,gemcitabine
Data10_GSM5664357_GTCACGGCACACTTAG-1,0,gemcitabine
Data10_GSM5664357_GTCACGGCACCCTCTA-1,0,gemcitabine
Data10_GSM5664357_GTCACGGCATCCTTCG-1,0,gemcitabine
Data10_GSM5664357_GTCACGGCATGATCTG-1,0,gemcitabine
Data10_GSM5664357_GTCACGGGTACTGACT-1,0,gemcitabine
Data10_GSM5664357_GTCACGGTCCAACCGG-1,0,gemcitabine
Data10_GSM5664357_GTCACGGTCCTAGCCT-1,0,gemcitabine
Data10_GSM5664357_GTCACTCAGGCCTGCT-1,0,gemcitabine
Data10_GSM5664357_GTCACTCCAACCGCCA-1,0,gemcitabine
Data10_GSM5664357_GTCACTCGTCCAGCAC-1,0,gemcitabine
Data10_GSM5664357_GTCACTCGTCGAACAG-1,0,gemcitabine
Data10_GSM5664357_GTCAGCGAGAGGATCC-1,0,gemcitabine
Data10_GSM5664357_GTCAGCGCATCTAACG-1,0,gemcitabine
Data10_GSM5664357_GTCAGCGTCAAGGTGG-1,0,gemcitabine
Data10_GSM5664357_GTCAGCGTCGGAACTT-1,0,gemcitabine
Data10_GSM5664357_GTCAGCGTCTCGCTTG-1,0,gemcitabine
Data10_GSM5664357_GTCATCCAGAGTCTTC-1,0,gemcitabine
Data10_GSM5664357_GTCATCCAGCGACTAG-1,0,gemcitabine
Data10_GSM5664357_GTCATCCAGCTGTTCA-1,0,gemcitabine
Data10_GSM5664357_GTCATCCCAATGAAAC-1,0,gemcitabine
Data10_GSM5664357_GTCATCCCAATTGAGA-1,0,gemcitabine
Data10_GSM5664357_GTCATCCCACCGTACG-1,0,gemcitabine
Data10_GSM5664357_GTCATCCGTCCACTCT-1,0,gemcitabine
Data10_GSM5664357_GTCATCCGTGTAAATG-1,0,gemcitabine
Data10_GSM5664357_GTCATCCTCAGATTGC-1,0,gemcitabine
Data10_GSM5664357_GTCATCCTCGCACTCT-1,0,gemcitabine
Data10_GSM5664357_GTCATGAAGACGCAGT-1,0,gemcitabine
Data10_GSM5664357_GTCATGAAGCGGATCA-1,0,gemcitabine
Data10_GSM5664357_GTCATGAAGGGTACAC-1,0,gemcitabine
Data10_GSM5664357_GTCATGACACTTCTCG-1,0,gemcitabine
Data10_GSM5664357_GTCATGATCCAACCGG-1,0,gemcitabine
Data10_GSM5664357_GTCATGATCGCTACGG-1,0,gemcitabine
Data10_GSM5664357_GTCATTTCAAGACGAC-1,0,gemcitabine
Data10_GSM5664357_GTCATTTCAAGATGTA-1,0,gemcitabine
Data10_GSM5664357_GTCATTTCACATAACC-1,0,gemcitabine
Data10_GSM5664357_GTCATTTCACGCAAAG-1,0,gemcitabine
Data10_GSM5664357_GTCATTTGTATGCGTT-1,0,gemcitabine
Data10_GSM5664357_GTCATTTGTCCGGCAT-1,0,gemcitabine
Data10_GSM5664357_GTCATTTGTGACTAAA-1,0,gemcitabine
Data10_GSM5664357_GTCATTTGTGTCATTG-1,0,gemcitabine
Data10_GSM5664357_GTCCACTAGCTCAGAG-1,0,gemcitabine
Data10_GSM5664357_GTCCACTAGGTCACTT-1,0,gemcitabine
Data10_GSM5664357_GTCCACTCATCCGAAT-1,0,gemcitabine
Data10_GSM5664357_GTCCACTGTATGAAGT-1,0,gemcitabine
Data10_GSM5664357_GTCCACTTCACTTGTT-1,0,gemcitabine
Data10_GSM5664357_GTCCACTTCGTAGCTA-1,0,gemcitabine
Data10_GSM5664357_GTCCACTTCTGCTGAA-1,0,gemcitabine
Data10_GSM5664357_GTCCCATCACACCTGG-1,0,gemcitabine
Data10_GSM5664357_GTCCCATCACGACCTG-1,0,gemcitabine
Data10_GSM5664357_GTCCCATGTACTTCCC-1,0,gemcitabine
Data10_GSM5664357_GTCCTCAAGACTCAAA-1,0,gemcitabine
Data10_GSM5664357_GTCCTCACACACTGGC-1,0,gemcitabine
Data10_GSM5664357_GTCCTCACACCAGGTC-1,0,gemcitabine
Data10_GSM5664357_GTCCTCACAGGCTCTG-1,0,gemcitabine
Data10_GSM5664357_GTCCTCAGTAGATCCT-1,0,gemcitabine
Data10_GSM5664357_GTCCTCAGTCTACAAC-1,0,gemcitabine
Data10_GSM5664357_GTCCTCAGTTATCCAG-1,0,gemcitabine
Data10_GSM5664357_GTCCTCATCGACGATT-1,0,gemcitabine
Data10_GSM5664357_GTCCTCATCTAGCCTC-1,0,gemcitabine
Data10_GSM5664357_GTCGAATAGACCCTTA-1,0,gemcitabine
Data10_GSM5664357_GTCGAATTCGAATCCA-1,0,gemcitabine
Data10_GSM5664357_GTCGCGACAAAGGGTC-1,0,gemcitabine
Data10_GSM5664357_GTCGCGACACCAGCTG-1,0,gemcitabine
Data10_GSM5664357_GTCGCGACACCGTCTT-1,0,gemcitabine
Data10_GSM5664357_GTCGCGACACTATGTG-1,0,gemcitabine
Data10_GSM5664357_GTCGCGACAGCTGTCG-1,0,gemcitabine
Data10_GSM5664357_GTCGCGATCGACATAC-1,0,gemcitabine
Data10_GSM5664357_GTCGCGATCGGTCAGC-1,0,gemcitabine
Data10_GSM5664357_GTCGCGATCTTGGTGA-1,0,gemcitabine
Data10_GSM5664357_GTCGTAAAGGTCCTGC-1,0,gemcitabine
Data10_GSM5664357_GTCGTAACAATGACCT-1,0,gemcitabine
Data10_GSM5664357_GTCGTAAGTTCTTCAT-1,0,gemcitabine
Data10_GSM5664357_GTCGTAATCTTCCAGC-1,0,gemcitabine
Data10_GSM5664357_GTCGTTCAGCAAATGT-1,0,gemcitabine
Data10_GSM5664357_GTCGTTCCATAGCTGT-1,0,gemcitabine
Data10_GSM5664357_GTCTACCAGCGCACAA-1,0,gemcitabine
Data10_GSM5664357_GTCTACCGTGGACAGT-1,0,gemcitabine
Data10_GSM5664357_GTCTACCGTTTGCCGG-1,0,gemcitabine
Data10_GSM5664357_GTCTACCTCAACACCA-1,0,gemcitabine
Data10_GSM5664357_GTCTACCTCACCGACG-1,0,gemcitabine
Data10_GSM5664357_GTCTACCTCAGTGTGT-1,0,gemcitabine
Data10_GSM5664357_GTCTACCTCGGCACTG-1,0,gemcitabine
Data10_GSM5664357_GTCTAGAAGACCTTTG-1,0,gemcitabine
Data10_GSM5664357_GTCTAGAAGGGTCTTT-1,0,gemcitabine
Data10_GSM5664357_GTCTAGACAATTGCAC-1,0,gemcitabine
Data10_GSM5664357_GTCTAGAGTTAAGACA-1,0,gemcitabine
Data10_GSM5664357_GTCTCACAGCTGAAGC-1,0,gemcitabine
Data10_GSM5664357_GTCTCACCAAGTGGTG-1,0,gemcitabine
Data10_GSM5664357_GTCTCACCATTCACCC-1,0,gemcitabine
Data10_GSM5664357_GTCTCACGTATTCCTT-1,0,gemcitabine
Data10_GSM5664357_GTCTCACGTTGACGGA-1,0,gemcitabine
Data10_GSM5664357_GTCTCACTCAGAGTGG-1,0,gemcitabine
Data10_GSM5664357_GTCTCACTCTGCGGCA-1,0,gemcitabine
Data10_GSM5664357_GTCTGTCAGCGAAACC-1,0,gemcitabine
Data10_GSM5664357_GTCTGTCAGCTACTGT-1,0,gemcitabine
Data10_GSM5664357_GTCTGTCTCCCATAGA-1,0,gemcitabine
Data10_GSM5664357_GTCTTTAAGTCCCGAC-1,0,gemcitabine
Data10_GSM5664357_GTCTTTACACAAATCC-1,0,gemcitabine
Data10_GSM5664357_GTCTTTACAGTTGTTG-1,0,gemcitabine
Data10_GSM5664357_GTCTTTAGTAGGCAAC-1,0,gemcitabine
Data10_GSM5664357_GTCTTTAGTCTCTCCA-1,0,gemcitabine
Data10_GSM5664357_GTCTTTAGTGTCATGT-1,0,gemcitabine
Data10_GSM5664357_GTCTTTATCATTACTC-1,0,gemcitabine
Data10_GSM5664357_GTCTTTATCCTCGATC-1,0,gemcitabine
Data10_GSM5664357_GTCTTTATCTGTTCAT-1,0,gemcitabine
Data10_GSM5664357_GTGACGCAGGAAACGA-1,0,gemcitabine
Data10_GSM5664357_GTGACGCAGGACTAAT-1,0,gemcitabine
Data10_GSM5664357_GTGACGCAGGGCCCTT-1,0,gemcitabine
Data10_GSM5664357_GTGACGCAGGTCCTGC-1,0,gemcitabine
Data10_GSM5664357_GTGACGCCAACTTCTT-1,0,gemcitabine
Data10_GSM5664357_GTGACGCCACCAATTG-1,0,gemcitabine
Data10_GSM5664357_GTGACGCGTTTCTTAC-1,0,gemcitabine
Data10_GSM5664357_GTGAGCCAGCACCAGA-1,0,gemcitabine
Data10_GSM5664357_GTGAGCCAGCCACTCG-1,0,gemcitabine
Data10_GSM5664357_GTGAGCCCAACACTAC-1,0,gemcitabine
Data10_GSM5664357_GTGAGCCGTACTGACT-1,0,gemcitabine
Data10_GSM5664357_GTGAGCCGTAGGCAAC-1,0,gemcitabine
Data10_GSM5664357_GTGAGCCTCGCGGACT-1,0,gemcitabine
Data10_GSM5664357_GTGAGGAAGCACCGAA-1,0,gemcitabine
Data10_GSM5664357_GTGAGGAAGGGTCAAC-1,0,gemcitabine
Data10_GSM5664357_GTGAGGAAGTTAACGA-1,0,gemcitabine
Data10_GSM5664357_GTGAGGAGTAACCAGG-1,0,gemcitabine
Data10_GSM5664357_GTGAGGAGTCACCTTC-1,0,gemcitabine
Data10_GSM5664357_GTGAGGATCGCCTTGT-1,0,gemcitabine
Data10_GSM5664357_GTGAGGATCTAGATCG-1,0,gemcitabine
Data10_GSM5664357_GTGAGTTAGCATAGGC-1,0,gemcitabine
Data10_GSM5664357_GTGAGTTCAATCCTTT-1,0,gemcitabine
Data10_GSM5664357_GTGAGTTCACTTGAAC-1,0,gemcitabine
Data10_GSM5664357_GTGAGTTGTACTCAAC-1,0,gemcitabine
Data10_GSM5664357_GTGAGTTGTATAATGG-1,0,gemcitabine
Data10_GSM5664357_GTGATGTAGCGTGAGT-1,0,gemcitabine
Data10_GSM5664357_GTGATGTCATCGGCCA-1,0,gemcitabine
Data10_GSM5664357_GTGATGTTCCTTCAGC-1,0,gemcitabine
Data10_GSM5664357_GTGATGTTCTATTCGT-1,0,gemcitabine
Data10_GSM5664357_GTGCACGAGAGTTGAT-1,0,gemcitabine
Data10_GSM5664357_GTGCACGAGCAAGCCA-1,0,gemcitabine
Data10_GSM5664357_GTGCACGGTTCCAGGC-1,0,gemcitabine
Data10_GSM5664357_GTGCACGGTTCGAACT-1,0,gemcitabine
Data10_GSM5664357_GTGCACGTCGACATCA-1,0,gemcitabine
Data10_GSM5664357_GTGCAGCAGCAATTCC-1,0,gemcitabine
Data10_GSM5664357_GTGCAGCAGCGGGTAT-1,0,gemcitabine
Data10_GSM5664357_GTGCAGCTCACTGCTC-1,0,gemcitabine
Data10_GSM5664357_GTGCAGCTCCTCACCA-1,0,gemcitabine
Data10_GSM5664357_GTGCGTGAGTCACGCC-1,0,gemcitabine
Data10_GSM5664357_GTGCGTGCAATCTCGA-1,0,gemcitabine
Data10_GSM5664357_GTGCGTGGTCCGGTGT-1,0,gemcitabine
Data10_GSM5664357_GTGCTGGAGTATGGCG-1,0,gemcitabine
Data10_GSM5664357_GTGCTGGCAATTTCCT-1,0,gemcitabine
Data10_GSM5664357_GTGCTGGGTACTGCGC-1,0,gemcitabine
Data10_GSM5664357_GTGCTGGGTCTGTCCT-1,0,gemcitabine
Data10_GSM5664357_GTGCTGGTCCGTCACT-1,0,gemcitabine
Data10_GSM5664357_GTGCTGGTCTATTGTC-1,0,gemcitabine
Data10_GSM5664357_GTGCTGGTCTGTGCAA-1,0,gemcitabine
Data10_GSM5664357_GTGCTTCAGCTCATAC-1,0,gemcitabine
Data10_GSM5664357_GTGCTTCCACCGTGAC-1,0,gemcitabine
Data10_GSM5664357_GTGCTTCCATGAATCC-1,0,gemcitabine
Data10_GSM5664357_GTGCTTCTCGTTCATT-1,0,gemcitabine
Data10_GSM5664357_GTGCTTCTCTTACGTT-1,0,gemcitabine
Data10_GSM5664357_GTGGAAGAGCGATGGT-1,0,gemcitabine
Data10_GSM5664357_GTGGAAGCAACTGCTA-1,0,gemcitabine
Data10_GSM5664357_GTGGAAGCACCTGTCT-1,0,gemcitabine
Data10_GSM5664357_GTGGAAGGTGTTACAC-1,0,gemcitabine
Data10_GSM5664357_GTGGAGAAGGGTTGCA-1,0,gemcitabine
Data10_GSM5664357_GTGGAGACACGCTGAC-1,0,gemcitabine
Data10_GSM5664357_GTGGAGACAGGCAATG-1,0,gemcitabine
Data10_GSM5664357_GTGGAGAGTCAACGCC-1,0,gemcitabine
Data10_GSM5664357_GTGGAGATCTCCGTGT-1,0,gemcitabine
Data10_GSM5664357_GTGGCGTAGGCCCACT-1,0,gemcitabine
Data10_GSM5664357_GTGGCGTGTCCTATAG-1,0,gemcitabine
Data10_GSM5664357_GTGGCGTGTGAGTAAT-1,0,gemcitabine
Data10_GSM5664357_GTGGGAAAGTCTCTGA-1,0,gemcitabine
Data10_GSM5664357_GTGGGAAAGTTAACAG-1,0,gemcitabine
Data10_GSM5664357_GTGGGAAGTAGATTAG-1,0,gemcitabine
Data10_GSM5664357_GTGGTTAAGAGATTCA-1,0,gemcitabine
Data10_GSM5664357_GTGGTTAAGATACGAT-1,0,gemcitabine
Data10_GSM5664357_GTGGTTAAGTTACGTC-1,0,gemcitabine
Data10_GSM5664357_GTGGTTAGTAGACAAT-1,0,gemcitabine
Data10_GSM5664357_GTGGTTAGTCCAACGC-1,0,gemcitabine
Data10_GSM5664357_GTGGTTAGTCCAGTTA-1,0,gemcitabine
Data10_GSM5664357_GTGGTTATCCGAAATC-1,0,gemcitabine
Data10_GSM5664357_GTGTAACAGGATACAT-1,0,gemcitabine
Data10_GSM5664357_GTGTAACCACGTAGTT-1,0,gemcitabine
Data10_GSM5664357_GTGTAACCAGAGCCCT-1,0,gemcitabine
Data10_GSM5664357_GTGTAACGTTGTGCAT-1,0,gemcitabine
Data10_GSM5664357_GTGTAACTCGCGCTGA-1,0,gemcitabine
Data10_GSM5664357_GTGTCCTAGCTCATAC-1,0,gemcitabine
Data10_GSM5664357_GTGTCCTCAATCCTAG-1,0,gemcitabine
Data10_GSM5664357_GTGTCCTGTAGGAGGG-1,0,gemcitabine
Data10_GSM5664357_GTGTCCTGTTTCTTAC-1,0,gemcitabine
Data10_GSM5664357_GTGTCCTTCGACCAAT-1,0,gemcitabine
Data10_GSM5664357_GTGTGATCACGAGGAT-1,0,gemcitabine
Data10_GSM5664357_GTGTGATCAGACCTAT-1,0,gemcitabine
Data10_GSM5664357_GTGTGATTCAGAGCGA-1,0,gemcitabine
Data10_GSM5664357_GTGTGATTCGTTCCCA-1,0,gemcitabine
Data10_GSM5664357_GTGTGATTCTCTGGTC-1,0,gemcitabine
Data10_GSM5664357_GTGTGGCAGAAGTATC-1,0,gemcitabine
Data10_GSM5664357_GTGTTAGAGACTCTTG-1,0,gemcitabine
Data10_GSM5664357_GTGTTAGCACAAATAG-1,0,gemcitabine
Data10_GSM5664357_GTGTTAGCAGAAATTG-1,0,gemcitabine
Data10_GSM5664357_GTGTTAGTCAACACCA-1,0,gemcitabine
Data10_GSM5664357_GTGTTAGTCGTCCATC-1,0,gemcitabine
Data10_GSM5664357_GTGTTCCAGACTACCT-1,0,gemcitabine
Data10_GSM5664357_GTGTTCCCAAATGATG-1,0,gemcitabine
Data10_GSM5664357_GTGTTCCCATCCGTTC-1,0,gemcitabine
Data10_GSM5664357_GTGTTCCCATGGAGAC-1,0,gemcitabine
Data10_GSM5664357_GTGTTCCGTCATAACC-1,0,gemcitabine
Data10_GSM5664357_GTTACAGAGCGCTGCT-1,0,gemcitabine
Data10_GSM5664357_GTTACAGCAAGAGCTG-1,0,gemcitabine
Data10_GSM5664357_GTTACAGGTCGTAATC-1,0,gemcitabine
Data10_GSM5664357_GTTACAGGTGTGGTCC-1,0,gemcitabine
Data10_GSM5664357_GTTACAGTCCTTTGAT-1,0,gemcitabine
Data10_GSM5664357_GTTACCCAGAAACCCG-1,0,gemcitabine
Data10_GSM5664357_GTTACCCAGGTACCTT-1,0,gemcitabine
Data10_GSM5664357_GTTACCCCAATCACGT-1,0,gemcitabine
Data10_GSM5664357_GTTACCCGTCGCTTAA-1,0,gemcitabine
Data10_GSM5664357_GTTACCCGTGCTTATG-1,0,gemcitabine
Data10_GSM5664357_GTTACCCTCGACACTA-1,0,gemcitabine
Data10_GSM5664357_GTTACCCTCGACGCTG-1,0,gemcitabine
Data10_GSM5664357_GTTACCCTCTCCTGTG-1,0,gemcitabine
Data10_GSM5664357_GTTACGAAGAGCCATG-1,0,gemcitabine
Data10_GSM5664357_GTTACGACACGATAGG-1,0,gemcitabine
Data10_GSM5664357_GTTACGAGTGACATCT-1,0,gemcitabine
Data10_GSM5664357_GTTACGATCACGGGAA-1,0,gemcitabine
Data10_GSM5664357_GTTACGATCTCCCATG-1,0,gemcitabine
Data10_GSM5664357_GTTAGACCAGCCCACA-1,0,gemcitabine
Data10_GSM5664357_GTTAGACGTGTAACGG-1,0,gemcitabine
Data10_GSM5664357_GTTAGACTCACAAGAA-1,0,gemcitabine
Data10_GSM5664357_GTTAGACTCAGCTTGA-1,0,gemcitabine
Data10_GSM5664357_GTTAGACTCTGCGATA-1,0,gemcitabine
Data10_GSM5664357_GTTAGTGAGACGCATG-1,0,gemcitabine
Data10_GSM5664357_GTTAGTGCACGTCGGT-1,0,gemcitabine
Data10_GSM5664357_GTTAGTGCATAGACTC-1,0,gemcitabine
Data10_GSM5664357_GTTAGTGCATCGGAAG-1,0,gemcitabine
Data10_GSM5664357_GTTAGTGGTATTCCGA-1,0,gemcitabine
Data10_GSM5664357_GTTAGTGGTCGTATGT-1,0,gemcitabine
Data10_GSM5664357_GTTAGTGTCACTTTGT-1,0,gemcitabine
Data10_GSM5664357_GTTAGTGTCGTGAGAG-1,0,gemcitabine
Data10_GSM5664357_GTTATGGAGCTGACAG-1,0,gemcitabine
Data10_GSM5664357_GTTATGGAGTGAACAT-1,0,gemcitabine
Data10_GSM5664357_GTTATGGCACAACGTT-1,0,gemcitabine
Data10_GSM5664357_GTTATGGCACCATAAC-1,0,gemcitabine
Data10_GSM5664357_GTTATGGCAGACCAGA-1,0,gemcitabine
Data10_GSM5664357_GTTATGGCAGGTTCCG-1,0,gemcitabine
Data10_GSM5664357_GTTCATTAGTAACCGG-1,0,gemcitabine
Data10_GSM5664357_GTTCATTGTTGGGCCT-1,0,gemcitabine
Data10_GSM5664357_GTTCCGTAGCACCAGA-1,0,gemcitabine
Data10_GSM5664357_GTTCCGTCACACGGTC-1,0,gemcitabine
Data10_GSM5664357_GTTCCGTGTGAAGCGT-1,0,gemcitabine
Data10_GSM5664357_GTTCGCTAGAACCGCA-1,0,gemcitabine
Data10_GSM5664357_GTTCGCTCAGAGGAAA-1,0,gemcitabine
Data10_GSM5664357_GTTCGCTCAGCTCGGT-1,0,gemcitabine
Data10_GSM5664357_GTTCGCTCATAGGTTC-1,0,gemcitabine
Data10_GSM5664357_GTTCGCTGTCACTACA-1,0,gemcitabine
Data10_GSM5664357_GTTCGCTGTGAATATG-1,0,gemcitabine
Data10_GSM5664357_GTTCTATAGAGTACCG-1,0,gemcitabine
Data10_GSM5664357_GTTCTATAGATGGCGT-1,0,gemcitabine
Data10_GSM5664357_GTTCTATAGCTCGACC-1,0,gemcitabine
Data10_GSM5664357_GTTCTATGTTAAGACA-1,0,gemcitabine
Data10_GSM5664357_GTTCTATTCACATACG-1,0,gemcitabine
Data10_GSM5664357_GTTGAACAGAAGCCAC-1,0,gemcitabine
Data10_GSM5664357_GTTGAACAGATTCGCT-1,0,gemcitabine
Data10_GSM5664357_GTTGAACCAACTGCCG-1,0,gemcitabine
Data10_GSM5664357_GTTGAACGTAGACAAT-1,0,gemcitabine
Data10_GSM5664357_GTTGAACTCAGCAATC-1,0,gemcitabine
Data10_GSM5664357_GTTGCGGAGAACAGGA-1,0,gemcitabine
Data10_GSM5664357_GTTGCGGAGCGTCGAA-1,0,gemcitabine
Data10_GSM5664357_GTTGCGGCACTACCCT-1,0,gemcitabine
Data10_GSM5664357_GTTGCGGGTACATACC-1,0,gemcitabine
Data10_GSM5664357_GTTGCGGTCATCTACT-1,0,gemcitabine
Data10_GSM5664357_GTTGCGGTCGTCTACC-1,0,gemcitabine
Data10_GSM5664357_GTTGCTCAGAATTGCA-1,0,gemcitabine
Data10_GSM5664357_GTTGCTCCAGCACGAA-1,0,gemcitabine
Data10_GSM5664357_GTTGCTCGTGATACTC-1,0,gemcitabine
Data10_GSM5664357_GTTGCTCTCGGATTAC-1,0,gemcitabine
Data10_GSM5664357_GTTGCTCTCGTTGCCT-1,0,gemcitabine
Data10_GSM5664357_GTTGTAGAGATCCAAA-1,0,gemcitabine
Data10_GSM5664357_GTTGTAGGTAGTATAG-1,0,gemcitabine
Data10_GSM5664357_GTTGTAGGTATCACCA-1,0,gemcitabine
Data10_GSM5664357_GTTGTAGGTCATCCCT-1,0,gemcitabine
Data10_GSM5664357_GTTGTAGGTTACACAC-1,0,gemcitabine
Data10_GSM5664357_GTTGTCCCACATTCTT-1,0,gemcitabine
Data10_GSM5664357_GTTGTCCTCCGATGTA-1,0,gemcitabine
Data10_GSM5664357_GTTGTCCTCGCCATAA-1,0,gemcitabine
Data10_GSM5664357_GTTGTCCTCTCCTGTG-1,0,gemcitabine
Data10_GSM5664357_GTTGTGAAGTTAGAAC-1,0,gemcitabine
Data10_GSM5664357_GTTGTGACAACCAATC-1,0,gemcitabine
Data10_GSM5664357_GTTGTGAGTTGGTACT-1,0,gemcitabine
Data10_GSM5664357_GTTGTGATCTTCGACC-1,0,gemcitabine
Data10_GSM5664357_GTTTACTGTGTTCGAT-1,0,gemcitabine
Data10_GSM5664357_GTTTACTTCAAGGTGG-1,0,gemcitabine
Data10_GSM5664357_GTTTACTTCAGGAAAT-1,0,gemcitabine
Data10_GSM5664357_GTTTACTTCCCTTGTG-1,0,gemcitabine
Data10_GSM5664357_GTTTACTTCTTCCGTG-1,0,gemcitabine
Data10_GSM5664357_GTTTGGAAGTAGGGTC-1,0,gemcitabine
Data10_GSM5664357_GTTTGGAGTATGGAGC-1,0,gemcitabine
Data10_GSM5664357_GTTTGGATCACGGTCG-1,0,gemcitabine
Data10_GSM5664357_TAACACGAGAGGTCAC-1,0,gemcitabine
Data10_GSM5664357_TAACACGAGGGAGTTC-1,0,gemcitabine
Data10_GSM5664357_TAACACGAGTCATGCT-1,0,gemcitabine
Data10_GSM5664357_TAACACGCAAGGTACG-1,0,gemcitabine
Data10_GSM5664357_TAACACGGTATGGGAC-1,0,gemcitabine
Data10_GSM5664357_TAACACGTCAACTGAC-1,0,gemcitabine
Data10_GSM5664357_TAACACGTCATGCTAG-1,0,gemcitabine
Data10_GSM5664357_TAACACGTCTAACGCA-1,0,gemcitabine
Data10_GSM5664357_TAACCAGAGCTCGACC-1,0,gemcitabine
Data10_GSM5664357_TAACCAGAGTCGCCAC-1,0,gemcitabine
Data10_GSM5664357_TAACCAGAGTGGCGAT-1,0,gemcitabine
Data10_GSM5664357_TAACCAGCATGTGACT-1,0,gemcitabine
Data10_GSM5664357_TAACCAGGTAGATTAG-1,0,gemcitabine
Data10_GSM5664357_TAACCAGGTCGATTTG-1,0,gemcitabine
Data10_GSM5664357_TAACGACAGGAACGCT-1,0,gemcitabine
Data10_GSM5664357_TAACGACAGTAAACTG-1,0,gemcitabine
Data10_GSM5664357_TAACGACCAATGCAAA-1,0,gemcitabine
Data10_GSM5664357_TAACGACCACAGAGCA-1,0,gemcitabine
Data10_GSM5664357_TAACGACCACGGAAGT-1,0,gemcitabine
Data10_GSM5664357_TAACGACTCTATGCCC-1,0,gemcitabine
Data10_GSM5664357_TAACTTCAGCAGGTCA-1,0,gemcitabine
Data10_GSM5664357_TAACTTCAGTCATGAA-1,0,gemcitabine
Data10_GSM5664357_TAACTTCCAAATCAAG-1,0,gemcitabine
Data10_GSM5664357_TAACTTCCAAGTACCT-1,0,gemcitabine
Data10_GSM5664357_TAACTTCGTCCAGGTC-1,0,gemcitabine
Data10_GSM5664357_TAACTTCGTCTTAGTG-1,0,gemcitabine
Data10_GSM5664357_TAACTTCGTTCTCCCA-1,0,gemcitabine
Data10_GSM5664357_TAAGCACAGGCACAAC-1,0,gemcitabine
Data10_GSM5664357_TAAGCACCACTGCGAC-1,0,gemcitabine
Data10_GSM5664357_TAAGCACCAGAGGCTA-1,0,gemcitabine
Data10_GSM5664357_TAAGCACGTACGTGTT-1,0,gemcitabine
Data10_GSM5664357_TAAGCCAAGACCATTC-1,0,gemcitabine
Data10_GSM5664357_TAAGCCATCAAGGCTT-1,0,gemcitabine
Data10_GSM5664357_TAAGCCATCTACTCAT-1,0,gemcitabine
Data10_GSM5664357_TAAGCGTCACCAACAT-1,0,gemcitabine
Data10_GSM5664357_TAAGTCGCAAGAGCTG-1,0,gemcitabine
Data10_GSM5664357_TAAGTCGCAAGTCCAT-1,0,gemcitabine
Data10_GSM5664357_TAAGTCGGTCGCGGTT-1,0,gemcitabine
Data10_GSM5664357_TAAGTCGTCACAACCA-1,0,gemcitabine
Data10_GSM5664357_TAAGTCGTCCATTGTT-1,0,gemcitabine
Data10_GSM5664357_TAATCTCAGGTGATAT-1,0,gemcitabine
Data10_GSM5664357_TAATTCCAGAGGGCGA-1,0,gemcitabine
Data10_GSM5664357_TAATTCCAGCATCCCG-1,0,gemcitabine
Data10_GSM5664357_TAATTCCAGGGCAACT-1,0,gemcitabine
Data10_GSM5664357_TAATTCCCAGACCAGA-1,0,gemcitabine
Data10_GSM5664357_TAATTCCCAGCATCTA-1,0,gemcitabine
Data10_GSM5664357_TAATTCCGTGACTCGC-1,0,gemcitabine
Data10_GSM5664357_TACAACGCAAAGACGC-1,0,gemcitabine
Data10_GSM5664357_TACAACGCAGCTAACT-1,0,gemcitabine
Data10_GSM5664357_TACAACGCAGGATTCT-1,0,gemcitabine
Data10_GSM5664357_TACAACGCATAGTCGT-1,0,gemcitabine
Data10_GSM5664357_TACAACGGTCGAGTTT-1,0,gemcitabine
Data10_GSM5664357_TACAACGTCCACATAG-1,0,gemcitabine
Data10_GSM5664357_TACAACGTCCTAGAGT-1,0,gemcitabine
Data10_GSM5664357_TACACCCAGCGACTGA-1,0,gemcitabine
Data10_GSM5664357_TACACCCAGCGTGCCT-1,0,gemcitabine
Data10_GSM5664357_TACACCCAGGCGCTCT-1,0,gemcitabine
Data10_GSM5664357_TACACCCAGGGATGTC-1,0,gemcitabine
Data10_GSM5664357_TACACCCAGGTCACTT-1,0,gemcitabine
Data10_GSM5664357_TACACCCCAACCCTCT-1,0,gemcitabine
Data10_GSM5664357_TACACCCCACAACCGC-1,0,gemcitabine
Data10_GSM5664357_TACACCCCACCAGTTA-1,0,gemcitabine
Data10_GSM5664357_TACACCCGTACCAATC-1,0,gemcitabine
Data10_GSM5664357_TACACCCTCATGTCTT-1,0,gemcitabine
Data10_GSM5664357_TACAGGTCACATCCCT-1,0,gemcitabine
Data10_GSM5664357_TACAGGTTCTAGAGCT-1,0,gemcitabine
Data10_GSM5664357_TACATTCAGGAAGAAC-1,0,gemcitabine
Data10_GSM5664357_TACATTCAGGGATGTC-1,0,gemcitabine
Data10_GSM5664357_TACATTCAGTTGTAAG-1,0,gemcitabine
Data10_GSM5664357_TACATTCCACGGTGTC-1,0,gemcitabine
Data10_GSM5664357_TACATTCCATAGACTC-1,0,gemcitabine
Data10_GSM5664357_TACATTCGTCTCTCTG-1,0,gemcitabine
Data10_GSM5664357_TACATTCGTGTGTGGA-1,0,gemcitabine
Data10_GSM5664357_TACATTCGTTCCTACC-1,0,gemcitabine
Data10_GSM5664357_TACATTCTCGAGAAAT-1,0,gemcitabine
Data10_GSM5664357_TACCCACCAAGCCATT-1,0,gemcitabine
Data10_GSM5664357_TACCCACCACCATAAC-1,0,gemcitabine
Data10_GSM5664357_TACCCACCACCGGCTA-1,0,gemcitabine
Data10_GSM5664357_TACCCACTCACACCGG-1,0,gemcitabine
Data10_GSM5664357_TACCCACTCGCAGTCG-1,0,gemcitabine
Data10_GSM5664357_TACCCGTAGTGATAAC-1,0,gemcitabine
Data10_GSM5664357_TACCCGTCACAAATGA-1,0,gemcitabine
Data10_GSM5664357_TACCCGTTCAGACCGC-1,0,gemcitabine
Data10_GSM5664357_TACCCGTTCGCGTAGC-1,0,gemcitabine
Data10_GSM5664357_TACCGAAAGACAACTA-1,0,gemcitabine
Data10_GSM5664357_TACCGAAAGACCTGGA-1,0,gemcitabine
Data10_GSM5664357_TACCGAAAGCACCTGC-1,0,gemcitabine
Data10_GSM5664357_TACCGAAAGCATGAAT-1,0,gemcitabine
Data10_GSM5664357_TACCGAACAGACAAAT-1,0,gemcitabine
Data10_GSM5664357_TACCGAAGTCAATCTG-1,0,gemcitabine
Data10_GSM5664357_TACCGAAGTTGCAACT-1,0,gemcitabine
Data10_GSM5664357_TACCGAATCGCACGAC-1,0,gemcitabine
Data10_GSM5664357_TACCGGGAGACTTAAG-1,0,gemcitabine
Data10_GSM5664357_TACCGGGTCTTCGATT-1,0,gemcitabine
Data10_GSM5664357_TACCTCGAGCTGTTCA-1,0,gemcitabine
Data10_GSM5664357_TACCTCGCACTTGTCC-1,0,gemcitabine
Data10_GSM5664357_TACCTCGTCCATAGAC-1,0,gemcitabine
Data10_GSM5664357_TACCTCGTCTCGCTCA-1,0,gemcitabine
Data10_GSM5664357_TACCTGCAGCTTGTTG-1,0,gemcitabine
Data10_GSM5664357_TACGCTCAGAGAACCC-1,0,gemcitabine
Data10_GSM5664357_TACGCTCAGCCTCATA-1,0,gemcitabine
Data10_GSM5664357_TACGCTCAGCCTCTTC-1,0,gemcitabine
Data10_GSM5664357_TACGCTCAGCGTGTCC-1,0,gemcitabine
Data10_GSM5664357_TACGCTCCAGGATGAC-1,0,gemcitabine
Data10_GSM5664357_TACGGGCAGAGGGTAA-1,0,gemcitabine
Data10_GSM5664357_TACGGGCAGCGCTTCG-1,0,gemcitabine
Data10_GSM5664357_TACGGGCAGGATATAC-1,0,gemcitabine
Data10_GSM5664357_TACGGGCAGGCCCAAA-1,0,gemcitabine
Data10_GSM5664357_TACGGGCAGTCGGGAT-1,0,gemcitabine
Data10_GSM5664357_TACGGGCCACTGATTG-1,0,gemcitabine
Data10_GSM5664357_TACGGGCGTCCGGTGT-1,0,gemcitabine
Data10_GSM5664357_TACGGGCTCGTGTGGC-1,0,gemcitabine
Data10_GSM5664357_TACGGTACAAGCGAGT-1,0,gemcitabine
Data10_GSM5664357_TACGGTACACATTGTG-1,0,gemcitabine
Data10_GSM5664357_TACGGTACATCCTATT-1,0,gemcitabine
Data10_GSM5664357_TACGGTATCCAATGCA-1,0,gemcitabine
Data10_GSM5664357_TACGGTATCTTACTGT-1,0,gemcitabine
Data10_GSM5664357_TACGTCCAGCGAGTCA-1,0,gemcitabine
Data10_GSM5664357_TACGTCCAGCTCCATA-1,0,gemcitabine
Data10_GSM5664357_TACGTCCCACACCTAA-1,0,gemcitabine
Data10_GSM5664357_TACGTCCCATGCGGTC-1,0,gemcitabine
Data10_GSM5664357_TACGTCCTCAAGCTGT-1,0,gemcitabine
Data10_GSM5664357_TACGTCCTCAGGCGAA-1,0,gemcitabine
Data10_GSM5664357_TACTGCCAGCCTGCCA-1,0,gemcitabine
Data10_GSM5664357_TACTGCCAGGTAGGCT-1,0,gemcitabine
Data10_GSM5664357_TACTGCCAGTCATGGG-1,0,gemcitabine
Data10_GSM5664357_TACTGCCAGTGATGGC-1,0,gemcitabine
Data10_GSM5664357_TACTGCCTCAGGAGAC-1,0,gemcitabine
Data10_GSM5664357_TACTTACCACAAATGA-1,0,gemcitabine
Data10_GSM5664357_TACTTACCAGCAGATG-1,0,gemcitabine
Data10_GSM5664357_TACTTACCATCTTTCA-1,0,gemcitabine
Data10_GSM5664357_TACTTACCATGCGGTC-1,0,gemcitabine
Data10_GSM5664357_TACTTACGTACATTGC-1,0,gemcitabine
Data10_GSM5664357_TACTTACTCTGAGCAT-1,0,gemcitabine
Data10_GSM5664357_TACTTCACAGCGTGCT-1,0,gemcitabine
Data10_GSM5664357_TACTTCACAGGCATTT-1,0,gemcitabine
Data10_GSM5664357_TACTTCAGTAACAGGC-1,0,gemcitabine
Data10_GSM5664357_TACTTCAGTCGCCTAG-1,0,gemcitabine
Data10_GSM5664357_TACTTCAGTTCTCAGA-1,0,gemcitabine
Data10_GSM5664357_TACTTCATCATGTCTT-1,0,gemcitabine
Data10_GSM5664357_TACTTCATCATTCGGA-1,0,gemcitabine
Data10_GSM5664357_TACTTGTAGCCAACCC-1,0,gemcitabine
Data10_GSM5664357_TACTTGTAGTCTTCGA-1,0,gemcitabine
Data10_GSM5664357_TACTTGTGTCTTGTCC-1,0,gemcitabine
Data10_GSM5664357_TACTTGTGTTAAAGTG-1,0,gemcitabine
Data10_GSM5664357_TACTTGTGTTGGTAGG-1,0,gemcitabine
Data10_GSM5664357_TACTTGTTCCATCACC-1,0,gemcitabine
Data10_GSM5664357_TAGACCAAGACATAGT-1,0,gemcitabine
Data10_GSM5664357_TAGACCAAGAGGCGTT-1,0,gemcitabine
Data10_GSM5664357_TAGACCAAGCTCCATA-1,0,gemcitabine
Data10_GSM5664357_TAGACCAAGGAAGTGA-1,0,gemcitabine
Data10_GSM5664357_TAGACCAGTTCTCGTC-1,0,gemcitabine
Data10_GSM5664357_TAGACTGAGCAGCAGT-1,0,gemcitabine
Data10_GSM5664357_TAGACTGGTAGTAAGT-1,0,gemcitabine
Data10_GSM5664357_TAGACTGTCAACTACG-1,0,gemcitabine
Data10_GSM5664357_TAGACTGTCTCCTACG-1,0,gemcitabine
Data10_GSM5664357_TAGACTGTCTTGATTC-1,0,gemcitabine
Data10_GSM5664357_TAGAGTCAGTCATGCT-1,0,gemcitabine
Data10_GSM5664357_TAGAGTCCACAAATAG-1,0,gemcitabine
Data10_GSM5664357_TAGAGTCCAGGCCCTA-1,0,gemcitabine
Data10_GSM5664357_TAGATCGAGACTCCGC-1,0,gemcitabine
Data10_GSM5664357_TAGATCGAGAGTAACT-1,0,gemcitabine
Data10_GSM5664357_TAGATCGAGCTCATAC-1,0,gemcitabine
Data10_GSM5664357_TAGATCGCACCAGCTG-1,0,gemcitabine
Data10_GSM5664357_TAGATCGGTTCACGAT-1,0,gemcitabine
Data10_GSM5664357_TAGATCGTCCGTCAAA-1,0,gemcitabine
Data10_GSM5664357_TAGATCGTCTTAGCTT-1,0,gemcitabine
Data10_GSM5664357_TAGCACACAAAGGGCT-1,0,gemcitabine
Data10_GSM5664357_TAGCACACACAGAGCA-1,0,gemcitabine
Data10_GSM5664357_TAGCACACACATTACG-1,0,gemcitabine
Data10_GSM5664357_TAGCACAGTAGCACGA-1,0,gemcitabine
Data10_GSM5664357_TAGCACATCACTGTCC-1,0,gemcitabine
Data10_GSM5664357_TAGCACATCCTAGCCT-1,0,gemcitabine
Data10_GSM5664357_TAGCACATCGTGTTCC-1,0,gemcitabine
Data10_GSM5664357_TAGGAGGCAAGCACAG-1,0,gemcitabine
Data10_GSM5664357_TAGGGTTAGACTCAAA-1,0,gemcitabine
Data10_GSM5664357_TAGGGTTAGTATGGAT-1,0,gemcitabine
Data10_GSM5664357_TAGGGTTCAAGTCGTT-1,0,gemcitabine
Data10_GSM5664357_TAGGGTTCACCGTCGA-1,0,gemcitabine
Data10_GSM5664357_TAGGGTTTCACTGAAC-1,0,gemcitabine
Data10_GSM5664357_TAGGGTTTCCATCACC-1,0,gemcitabine
Data10_GSM5664357_TAGGGTTTCGCCTCTA-1,0,gemcitabine
Data10_GSM5664357_TAGGTACCATTGACAC-1,0,gemcitabine
Data10_GSM5664357_TAGGTACTCGAGCCAC-1,0,gemcitabine
Data10_GSM5664357_TAGGTTGGTTGCCGCA-1,0,gemcitabine
Data10_GSM5664357_TAGGTTGGTTGGGTTT-1,0,gemcitabine
Data10_GSM5664357_TAGGTTGTCACCCTGT-1,0,gemcitabine
Data10_GSM5664357_TAGGTTGTCATACGGT-1,0,gemcitabine
Data10_GSM5664357_TAGTGCAAGGCTAAAT-1,0,gemcitabine
Data10_GSM5664357_TAGTGCACAACTGATC-1,0,gemcitabine
Data10_GSM5664357_TAGTGCAGTCCAAGAG-1,0,gemcitabine
Data10_GSM5664357_TAGTGCAGTGTTTCTT-1,0,gemcitabine
Data10_GSM5664357_TAGTGCATCCAGCCTT-1,0,gemcitabine
Data10_GSM5664357_TATACCTCAAACGAGC-1,0,gemcitabine
Data10_GSM5664357_TATACCTCAGGAATAT-1,0,gemcitabine
Data10_GSM5664357_TATACCTCATCCTATT-1,0,gemcitabine
Data10_GSM5664357_TATACCTGTCATTGCA-1,0,gemcitabine
Data10_GSM5664357_TATACCTGTTCCAGGC-1,0,gemcitabine
Data10_GSM5664357_TATACCTTCAAGGTGG-1,0,gemcitabine
Data10_GSM5664357_TATACCTTCATTTGTC-1,0,gemcitabine
Data10_GSM5664357_TATACCTTCCGATGCG-1,0,gemcitabine
Data10_GSM5664357_TATATCCCACTCATAG-1,0,gemcitabine
Data10_GSM5664357_TATATCCCAGCGTACC-1,0,gemcitabine
Data10_GSM5664357_TATATCCGTTCGTAAC-1,0,gemcitabine
Data10_GSM5664357_TATCAGGAGAGGCCAT-1,0,gemcitabine
Data10_GSM5664357_TATCAGGAGGATTCAA-1,0,gemcitabine
Data10_GSM5664357_TATCAGGTCCAGCTCT-1,0,gemcitabine
Data10_GSM5664357_TATCCTACACCACATA-1,0,gemcitabine
Data10_GSM5664357_TATCCTAGTAACCAGG-1,0,gemcitabine
Data10_GSM5664357_TATCCTAGTCACCGAC-1,0,gemcitabine
Data10_GSM5664357_TATCCTATCAACTTTC-1,0,gemcitabine
Data10_GSM5664357_TATCCTATCCTTCGAC-1,0,gemcitabine
Data10_GSM5664357_TATCCTATCTACCTTA-1,0,gemcitabine
Data10_GSM5664357_TATCCTATCTCGTGAA-1,0,gemcitabine
Data10_GSM5664357_TATCGCCAGAGTCTTC-1,0,gemcitabine
Data10_GSM5664357_TATCGCCCACAATGCT-1,0,gemcitabine
Data10_GSM5664357_TATCGCCCACGTAGTT-1,0,gemcitabine
Data10_GSM5664357_TATCGCCCAGTCGGTC-1,0,gemcitabine
Data10_GSM5664357_TATCGCCCATCAGCTA-1,0,gemcitabine
Data10_GSM5664357_TATCGCCTCGGTAAGG-1,0,gemcitabine
Data10_GSM5664357_TATCGCCTCGTCAAAC-1,0,gemcitabine
Data10_GSM5664357_TATCTGTAGATGTAGT-1,0,gemcitabine
Data10_GSM5664357_TATCTGTCAGTTGCGC-1,0,gemcitabine
Data10_GSM5664357_TATCTGTGTGTGATGG-1,0,gemcitabine
Data10_GSM5664357_TATCTTGAGTAGCATA-1,0,gemcitabine
Data10_GSM5664357_TATCTTGCAACTCATG-1,0,gemcitabine
Data10_GSM5664357_TATCTTGGTAAGATAC-1,0,gemcitabine
Data10_GSM5664357_TATCTTGGTCCGGTGT-1,0,gemcitabine
Data10_GSM5664357_TATCTTGTCAAGCCTA-1,0,gemcitabine
Data10_GSM5664357_TATGTTCAGGTTCACT-1,0,gemcitabine
Data10_GSM5664357_TATGTTCAGTGCCTCG-1,0,gemcitabine
Data10_GSM5664357_TATGTTCCAAGCACCC-1,0,gemcitabine
Data10_GSM5664357_TATGTTCCAATTGAAG-1,0,gemcitabine
Data10_GSM5664357_TATGTTCGTTTGAACC-1,0,gemcitabine
Data10_GSM5664357_TATGTTCTCAGACCCG-1,0,gemcitabine
Data10_GSM5664357_TATGTTCTCTACACAG-1,0,gemcitabine
Data10_GSM5664357_TATTCCAAGCTAATCC-1,0,gemcitabine
Data10_GSM5664357_TATTCCAAGTAAGCAT-1,0,gemcitabine
Data10_GSM5664357_TATTCCACATCGATAC-1,0,gemcitabine
Data10_GSM5664357_TATTCCACATGGCCCA-1,0,gemcitabine
Data10_GSM5664357_TATTCCAGTGGCAACA-1,0,gemcitabine
Data10_GSM5664357_TATTCCATCCCTCGAT-1,0,gemcitabine
Data10_GSM5664357_TATTCCATCTTTGATC-1,0,gemcitabine
Data10_GSM5664357_TATTGCTAGTTATGGA-1,0,gemcitabine
Data10_GSM5664357_TATTGCTCAATAGTGA-1,0,gemcitabine
Data10_GSM5664357_TATTGCTCAGAGGCAT-1,0,gemcitabine
Data10_GSM5664357_TATTGCTCAGCGAACA-1,0,gemcitabine
Data10_GSM5664357_TATTGCTGTTGACGGA-1,0,gemcitabine
Data10_GSM5664357_TATTGCTTCTTACGGA-1,0,gemcitabine
Data10_GSM5664357_TATTGGGCAATCTCGA-1,0,gemcitabine
Data10_GSM5664357_TATTGGGCATTCTTCA-1,0,gemcitabine
Data10_GSM5664357_TATTTCGCAGAGCCCT-1,0,gemcitabine
Data10_GSM5664357_TATTTCGCAGTGTATC-1,0,gemcitabine
Data10_GSM5664357_TATTTCGTCCCTCAAC-1,0,gemcitabine
Data10_GSM5664357_TATTTCGTCGCAGAGA-1,0,gemcitabine
Data10_GSM5664357_TCAAGACAGAGAGCAA-1,0,gemcitabine
Data10_GSM5664357_TCAAGACAGCATTTGC-1,0,gemcitabine
Data10_GSM5664357_TCAAGACAGGGCAACT-1,0,gemcitabine
Data10_GSM5664357_TCAAGACAGGGTGAGG-1,0,gemcitabine
Data10_GSM5664357_TCAAGACAGTCCTGTA-1,0,gemcitabine
Data10_GSM5664357_TCAAGACCACTAGGCC-1,0,gemcitabine
Data10_GSM5664357_TCAAGACCATGCGGTC-1,0,gemcitabine
Data10_GSM5664357_TCAAGACTCCATTGTT-1,0,gemcitabine
Data10_GSM5664357_TCAAGCAAGCAGATAT-1,0,gemcitabine
Data10_GSM5664357_TCAAGCAAGGACTAAT-1,0,gemcitabine
Data10_GSM5664357_TCAAGCACAAGGCCTC-1,0,gemcitabine
Data10_GSM5664357_TCAAGCACACTACCGG-1,0,gemcitabine
Data10_GSM5664357_TCAAGCACAGTGGGTA-1,0,gemcitabine
Data10_GSM5664357_TCAAGCACATGGCGCT-1,0,gemcitabine
Data10_GSM5664357_TCAAGCAGTATTGACC-1,0,gemcitabine
Data10_GSM5664357_TCAAGCAGTTAAAGTG-1,0,gemcitabine
Data10_GSM5664357_TCAAGTGAGCGTTACT-1,0,gemcitabine
Data10_GSM5664357_TCAAGTGCAGAGAATT-1,0,gemcitabine
Data10_GSM5664357_TCAAGTGCATGGGCAA-1,0,gemcitabine
Data10_GSM5664357_TCAAGTGTCACCGCTT-1,0,gemcitabine
Data10_GSM5664357_TCAAGTGTCCATCTAT-1,0,gemcitabine
Data10_GSM5664357_TCAATCTAGAGCATCG-1,0,gemcitabine
Data10_GSM5664357_TCAATCTTCATCGACA-1,0,gemcitabine
Data10_GSM5664357_TCAATCTTCTGGGCCA-1,0,gemcitabine
Data10_GSM5664357_TCAATTCAGGGTAATT-1,0,gemcitabine
Data10_GSM5664357_TCAATTCGTAGTGGCA-1,0,gemcitabine
Data10_GSM5664357_TCAATTCGTTTAGAGA-1,0,gemcitabine
Data10_GSM5664357_TCAATTCGTTTCAGAC-1,0,gemcitabine
Data10_GSM5664357_TCAATTCTCCATCGTC-1,0,gemcitabine
Data10_GSM5664357_TCAATTCTCCATTCGC-1,0,gemcitabine
Data10_GSM5664357_TCAATTCTCTCTTAAC-1,0,gemcitabine
Data10_GSM5664357_TCACAAGCAAAGACTA-1,0,gemcitabine
Data10_GSM5664357_TCACAAGGTGACCTGC-1,0,gemcitabine
Data10_GSM5664357_TCACAAGTCAGTCATG-1,0,gemcitabine
Data10_GSM5664357_TCACAAGTCCAAATGC-1,0,gemcitabine
Data10_GSM5664357_TCACAAGTCCAAGAGG-1,0,gemcitabine
Data10_GSM5664357_TCACAAGTCTAACGGT-1,0,gemcitabine
Data10_GSM5664357_TCACACCAGGTTCTTG-1,0,gemcitabine
Data10_GSM5664357_TCACACCGTACTTCCC-1,0,gemcitabine
Data10_GSM5664357_TCACACCGTCGTTGGC-1,0,gemcitabine
Data10_GSM5664357_TCACACCGTCTCGGAC-1,0,gemcitabine
Data10_GSM5664357_TCACACCTCCCTCGAT-1,0,gemcitabine
Data10_GSM5664357_TCACACCTCGCTGCGA-1,0,gemcitabine
Data10_GSM5664357_TCACATTAGACTCTTG-1,0,gemcitabine
Data10_GSM5664357_TCACATTAGGTGGGTT-1,0,gemcitabine
Data10_GSM5664357_TCACATTCAGCTTCGG-1,0,gemcitabine
Data10_GSM5664357_TCACATTGTAGACTGG-1,0,gemcitabine
Data10_GSM5664357_TCACATTGTCCCTCAT-1,0,gemcitabine
Data10_GSM5664357_TCACATTGTCCTTTGC-1,0,gemcitabine
Data10_GSM5664357_TCACATTTCCCTATTA-1,0,gemcitabine
Data10_GSM5664357_TCACATTTCCGAGGCT-1,0,gemcitabine
Data10_GSM5664357_TCACATTTCTCCCTAG-1,0,gemcitabine
Data10_GSM5664357_TCACGCTAGGGCCTCT-1,0,gemcitabine
Data10_GSM5664357_TCACGCTAGTATGATG-1,0,gemcitabine
Data10_GSM5664357_TCACGCTAGTCGAAGC-1,0,gemcitabine
Data10_GSM5664357_TCACGCTTCCAACACA-1,0,gemcitabine
Data10_GSM5664357_TCACGCTTCCATAAGC-1,0,gemcitabine
Data10_GSM5664357_TCACGCTTCGCCTTGT-1,0,gemcitabine
Data10_GSM5664357_TCACGGGAGATGTTGA-1,0,gemcitabine
Data10_GSM5664357_TCACGGGGTCACATTG-1,0,gemcitabine
Data10_GSM5664357_TCACGGGTCCGTGGTG-1,0,gemcitabine
Data10_GSM5664357_TCACGGGTCGAGCACC-1,0,gemcitabine
Data10_GSM5664357_TCACTATCACCAGCTG-1,0,gemcitabine
Data10_GSM5664357_TCACTATCATGTGCCG-1,0,gemcitabine
Data10_GSM5664357_TCACTATGTGATATAG-1,0,gemcitabine
Data10_GSM5664357_TCACTATTCACCGCTT-1,0,gemcitabine
Data10_GSM5664357_TCACTATTCCTCACGT-1,0,gemcitabine
Data10_GSM5664357_TCACTATTCGACATAC-1,0,gemcitabine
Data10_GSM5664357_TCACTCGAGTTCTCTT-1,0,gemcitabine
Data10_GSM5664357_TCACTCGGTATGTGTC-1,0,gemcitabine
Data10_GSM5664357_TCACTCGGTGACTGAG-1,0,gemcitabine
Data10_GSM5664357_TCACTCGTCGCCGTGA-1,0,gemcitabine
Data10_GSM5664357_TCAGCAACATGTAACC-1,0,gemcitabine
Data10_GSM5664357_TCAGCAAGTATCCCTC-1,0,gemcitabine
Data10_GSM5664357_TCAGCAAGTCTTGAAC-1,0,gemcitabine
Data10_GSM5664357_TCAGCAATCCACACCT-1,0,gemcitabine
Data10_GSM5664357_TCAGCCTAGTATAGGT-1,0,gemcitabine
Data10_GSM5664357_TCAGCCTCACGGTGCT-1,0,gemcitabine
Data10_GSM5664357_TCAGCCTGTATACAGA-1,0,gemcitabine
Data10_GSM5664357_TCAGCCTGTTCATCGA-1,0,gemcitabine
Data10_GSM5664357_TCAGCCTTCTCCGCAT-1,0,gemcitabine
Data10_GSM5664357_TCAGCCTTCTCGTCAC-1,0,gemcitabine
Data10_GSM5664357_TCAGCCTTCTTAGGAC-1,0,gemcitabine
Data10_GSM5664357_TCAGGGCGTCACCTTC-1,0,gemcitabine
Data10_GSM5664357_TCAGGGCTCATCACTT-1,0,gemcitabine
Data10_GSM5664357_TCAGGGCTCCGCTTAC-1,0,gemcitabine
Data10_GSM5664357_TCAGGGCTCGTGTCAA-1,0,gemcitabine
Data10_GSM5664357_TCAGGTAAGAGTCTTC-1,0,gemcitabine
Data10_GSM5664357_TCAGGTAAGCAAATCA-1,0,gemcitabine
Data10_GSM5664357_TCAGGTAAGGTGCCAA-1,0,gemcitabine
Data10_GSM5664357_TCAGGTAAGTGATGGC-1,0,gemcitabine
Data10_GSM5664357_TCAGGTACAACAACAA-1,0,gemcitabine
Data10_GSM5664357_TCAGGTACACCAGCGT-1,0,gemcitabine
Data10_GSM5664357_TCAGGTATCCGCTGTT-1,0,gemcitabine
Data10_GSM5664357_TCAGGTATCGACGAGA-1,0,gemcitabine
Data10_GSM5664357_TCAGTCCAGAGGTATT-1,0,gemcitabine
Data10_GSM5664357_TCAGTCCAGCAGGCAT-1,0,gemcitabine
Data10_GSM5664357_TCAGTCCAGGCCACTC-1,0,gemcitabine
Data10_GSM5664357_TCAGTCCAGGCCCAAA-1,0,gemcitabine
Data10_GSM5664357_TCAGTCCCAAACCATC-1,0,gemcitabine
Data10_GSM5664357_TCAGTCCCACTCATAG-1,0,gemcitabine
Data10_GSM5664357_TCAGTCCCATATAGCC-1,0,gemcitabine
Data10_GSM5664357_TCAGTCCCATATGCGT-1,0,gemcitabine
Data10_GSM5664357_TCAGTCCGTCATATGC-1,0,gemcitabine
Data10_GSM5664357_TCAGTCCGTTCAGGTT-1,0,gemcitabine
Data10_GSM5664357_TCAGTCCTCCGTTGGG-1,0,gemcitabine
Data10_GSM5664357_TCAGTCCTCGGTAGAG-1,0,gemcitabine
Data10_GSM5664357_TCAGTCCTCTTGATTC-1,0,gemcitabine
Data10_GSM5664357_TCAGTGAGTAAGTAGT-1,0,gemcitabine
Data10_GSM5664357_TCAGTGAGTAATGCTC-1,0,gemcitabine
Data10_GSM5664357_TCAGTGATCCGATGCG-1,0,gemcitabine
Data10_GSM5664357_TCAGTTTAGAAGTCTA-1,0,gemcitabine
Data10_GSM5664357_TCAGTTTGTCTTACAG-1,0,gemcitabine
Data10_GSM5664357_TCAGTTTGTGCTAGCC-1,0,gemcitabine
Data10_GSM5664357_TCATACTAGACGTCCC-1,0,gemcitabine
Data10_GSM5664357_TCATACTAGATCACTC-1,0,gemcitabine
Data10_GSM5664357_TCATACTTCAAGCCCG-1,0,gemcitabine
Data10_GSM5664357_TCATACTTCCAAGGGA-1,0,gemcitabine
Data10_GSM5664357_TCATACTTCCCTTCCC-1,0,gemcitabine
Data10_GSM5664357_TCATACTTCCTACCAC-1,0,gemcitabine
Data10_GSM5664357_TCATATCAGATAGTGT-1,0,gemcitabine
Data10_GSM5664357_TCATATCAGTACAGAT-1,0,gemcitabine
Data10_GSM5664357_TCATATCAGTCGTCTA-1,0,gemcitabine
Data10_GSM5664357_TCATATCGTATACCTG-1,0,gemcitabine
Data10_GSM5664357_TCATATCGTTAACCTG-1,0,gemcitabine
Data10_GSM5664357_TCATATCTCAAGTTGC-1,0,gemcitabine
Data10_GSM5664357_TCATATCTCGTAGGGA-1,0,gemcitabine
Data10_GSM5664357_TCATCATAGGCAGTCA-1,0,gemcitabine
Data10_GSM5664357_TCATCATAGTAAACGT-1,0,gemcitabine
Data10_GSM5664357_TCATCATAGTAAGAGG-1,0,gemcitabine
Data10_GSM5664357_TCATCATCACACCTAA-1,0,gemcitabine
Data10_GSM5664357_TCATCATCACGTAGAG-1,0,gemcitabine
Data10_GSM5664357_TCATCATCATGACTGT-1,0,gemcitabine
Data10_GSM5664357_TCATCATGTCAACACT-1,0,gemcitabine
Data10_GSM5664357_TCATCATTCATCGCTC-1,0,gemcitabine
Data10_GSM5664357_TCATCATTCGACACTA-1,0,gemcitabine
Data10_GSM5664357_TCATCCGCAATTCTTC-1,0,gemcitabine
Data10_GSM5664357_TCATCCGTCCATTGGA-1,0,gemcitabine
Data10_GSM5664357_TCATGAGCAACCAGAG-1,0,gemcitabine
Data10_GSM5664357_TCATGAGCATCGTCCT-1,0,gemcitabine
Data10_GSM5664357_TCATGAGGTGACTCTA-1,0,gemcitabine
Data10_GSM5664357_TCATGAGTCAATCCGA-1,0,gemcitabine
Data10_GSM5664357_TCATGCCAGACAACTA-1,0,gemcitabine
Data10_GSM5664357_TCATGCCAGACGCCAA-1,0,gemcitabine
Data10_GSM5664357_TCATGCCAGCCGCACT-1,0,gemcitabine
Data10_GSM5664357_TCATGCCCACATCCCT-1,0,gemcitabine
Data10_GSM5664357_TCATGCCCATCTCCCA-1,0,gemcitabine
Data10_GSM5664357_TCATGCCGTCAAAGTA-1,0,gemcitabine
Data10_GSM5664357_TCATGCCTCATTCATC-1,0,gemcitabine
Data10_GSM5664357_TCATGCCTCTTCCCGA-1,0,gemcitabine
Data10_GSM5664357_TCATGCCTCTTCGATT-1,0,gemcitabine
Data10_GSM5664357_TCATGGAAGCATGATA-1,0,gemcitabine
Data10_GSM5664357_TCATGGACAAGACTGG-1,0,gemcitabine
Data10_GSM5664357_TCATGGACAGTCGCTG-1,0,gemcitabine
Data10_GSM5664357_TCATGGAGTTACACTG-1,0,gemcitabine
Data10_GSM5664357_TCATGGATCACAATGC-1,0,gemcitabine
Data10_GSM5664357_TCATGGATCCACGTGG-1,0,gemcitabine
Data10_GSM5664357_TCATGGATCTTCACAT-1,0,gemcitabine
Data10_GSM5664357_TCATGTTAGCAAATCA-1,0,gemcitabine
Data10_GSM5664357_TCATGTTCATCGGAAG-1,0,gemcitabine
Data10_GSM5664357_TCATGTTCATGCCATA-1,0,gemcitabine
Data10_GSM5664357_TCATGTTGTGATTCTG-1,0,gemcitabine
Data10_GSM5664357_TCATGTTGTTAAGTCC-1,0,gemcitabine
Data10_GSM5664357_TCATGTTGTTATTCCT-1,0,gemcitabine
Data10_GSM5664357_TCATGTTTCACCTTAT-1,0,gemcitabine
Data10_GSM5664357_TCATGTTTCGCCTATC-1,0,gemcitabine
Data10_GSM5664357_TCATGTTTCTCATTAC-1,0,gemcitabine
Data10_GSM5664357_TCATTACAGAAATTGC-1,0,gemcitabine
Data10_GSM5664357_TCATTACAGCACTCCG-1,0,gemcitabine
Data10_GSM5664357_TCATTACAGGAATTAC-1,0,gemcitabine
Data10_GSM5664357_TCATTACCAACCGCTG-1,0,gemcitabine
Data10_GSM5664357_TCATTACGTTAAGCAA-1,0,gemcitabine
Data10_GSM5664357_TCATTACGTTCATCGA-1,0,gemcitabine
Data10_GSM5664357_TCATTACTCACATACG-1,0,gemcitabine
Data10_GSM5664357_TCATTACTCCTGGTCT-1,0,gemcitabine
Data10_GSM5664357_TCATTACTCTAGCCAA-1,0,gemcitabine
Data10_GSM5664357_TCATTCACAGGTGTGA-1,0,gemcitabine
Data10_GSM5664357_TCATTCAGTATCACGT-1,0,gemcitabine
Data10_GSM5664357_TCATTCAGTCGACTGC-1,0,gemcitabine
Data10_GSM5664357_TCATTCATCGCTGTTC-1,0,gemcitabine
Data10_GSM5664357_TCATTCATCGGTATGT-1,0,gemcitabine
Data10_GSM5664357_TCATTGTCAGATCCAT-1,0,gemcitabine
Data10_GSM5664357_TCATTGTCAGGCCCTA-1,0,gemcitabine
Data10_GSM5664357_TCATTGTGTAACACCT-1,0,gemcitabine
Data10_GSM5664357_TCATTGTGTTTGTTCT-1,0,gemcitabine
Data10_GSM5664357_TCATTGTTCATCGGGC-1,0,gemcitabine
Data10_GSM5664357_TCATTGTTCTTGTGCC-1,0,gemcitabine
Data10_GSM5664357_TCATTTGAGTATTGCC-1,0,gemcitabine
Data10_GSM5664357_TCATTTGAGTGCAACG-1,0,gemcitabine
Data10_GSM5664357_TCATTTGCACAGCCAC-1,0,gemcitabine
Data10_GSM5664357_TCATTTGCATTGCTGA-1,0,gemcitabine
Data10_GSM5664357_TCATTTGGTCCGCAGT-1,0,gemcitabine
Data10_GSM5664357_TCCACCAAGAAGGTAG-1,0,gemcitabine
Data10_GSM5664357_TCCACCACAATGTCTG-1,0,gemcitabine
Data10_GSM5664357_TCCACCACACATGTTG-1,0,gemcitabine
Data10_GSM5664357_TCCACGTCAGCAGACA-1,0,gemcitabine
Data10_GSM5664357_TCCACGTCAGCCCAGT-1,0,gemcitabine
Data10_GSM5664357_TCCACGTGTAACATAG-1,0,gemcitabine
Data10_GSM5664357_TCCACGTGTCGAAGCA-1,0,gemcitabine
Data10_GSM5664357_TCCACGTGTCGAATGG-1,0,gemcitabine
Data10_GSM5664357_TCCAGAAAGAGAAGGT-1,0,gemcitabine
Data10_GSM5664357_TCCAGAAAGGTCATCT-1,0,gemcitabine
Data10_GSM5664357_TCCAGAAAGTTGCCCG-1,0,gemcitabine
Data10_GSM5664357_TCCAGAAGTATGCTAC-1,0,gemcitabine
Data10_GSM5664357_TCCAGAAGTATTCCTT-1,0,gemcitabine
Data10_GSM5664357_TCCAGAAGTCTCAAGT-1,0,gemcitabine
Data10_GSM5664357_TCCAGAATCGAACGGA-1,0,gemcitabine
Data10_GSM5664357_TCCAGAATCGACATAC-1,0,gemcitabine
Data10_GSM5664357_TCCAGAATCTGCCTGT-1,0,gemcitabine
Data10_GSM5664357_TCCATCGAGACACACG-1,0,gemcitabine
Data10_GSM5664357_TCCATCGAGACTCATC-1,0,gemcitabine
Data10_GSM5664357_TCCATCGCAACAGCCC-1,0,gemcitabine
Data10_GSM5664357_TCCATCGCAATCAAGA-1,0,gemcitabine
Data10_GSM5664357_TCCATCGCACGCCAGT-1,0,gemcitabine
Data10_GSM5664357_TCCATGCCAAATAAGC-1,0,gemcitabine
Data10_GSM5664357_TCCATGCCAAGTGCTT-1,0,gemcitabine
Data10_GSM5664357_TCCATGCCAGAGATGC-1,0,gemcitabine
Data10_GSM5664357_TCCATGCCAGGAAGTC-1,0,gemcitabine
Data10_GSM5664357_TCCATGCGTTGTTGAC-1,0,gemcitabine
Data10_GSM5664357_TCCATGCTCAAGCCCG-1,0,gemcitabine
Data10_GSM5664357_TCCATGCTCACACGAT-1,0,gemcitabine
Data10_GSM5664357_TCCATGCTCGCAGTTA-1,0,gemcitabine
Data10_GSM5664357_TCCATGCTCTTCCCAG-1,0,gemcitabine
Data10_GSM5664357_TCCCACACACAGGATG-1,0,gemcitabine
Data10_GSM5664357_TCCCACACAGAGTCTT-1,0,gemcitabine
Data10_GSM5664357_TCCCACATCAATGCAC-1,0,gemcitabine
Data10_GSM5664357_TCCCACATCGCATTAG-1,0,gemcitabine
Data10_GSM5664357_TCCCACATCGCGAAGA-1,0,gemcitabine
Data10_GSM5664357_TCCCACATCGCGTCGA-1,0,gemcitabine
Data10_GSM5664357_TCCCAGTCATATTCGG-1,0,gemcitabine
Data10_GSM5664357_TCCCAGTTCACCGGTG-1,0,gemcitabine
Data10_GSM5664357_TCCCATGGTCTCACAA-1,0,gemcitabine
Data10_GSM5664357_TCCCATGGTTCGGTAT-1,0,gemcitabine
Data10_GSM5664357_TCCCATGTCTGCACCT-1,0,gemcitabine
Data10_GSM5664357_TCCGAAAAGGTCCTGC-1,0,gemcitabine
Data10_GSM5664357_TCCGAAACACTACAGT-1,0,gemcitabine
Data10_GSM5664357_TCCGAAACAGTCAGCC-1,0,gemcitabine
Data10_GSM5664357_TCCGAAAGTAGACAGC-1,0,gemcitabine
Data10_GSM5664357_TCCGAAAGTCGAACAG-1,0,gemcitabine
Data10_GSM5664357_TCCGAAATCAACTACG-1,0,gemcitabine
Data10_GSM5664357_TCCGAAATCGTTGTTT-1,0,gemcitabine
Data10_GSM5664357_TCCGATCAGATTGGGC-1,0,gemcitabine
Data10_GSM5664357_TCCGATCAGTAAATGC-1,0,gemcitabine
Data10_GSM5664357_TCCGATCCAATGCAGG-1,0,gemcitabine
Data10_GSM5664357_TCCGATCCACTGGACC-1,0,gemcitabine
Data10_GSM5664357_TCCGATCCAGTTCTAG-1,0,gemcitabine
Data10_GSM5664357_TCCGATCGTTGTCAGT-1,0,gemcitabine
Data10_GSM5664357_TCCGATCTCACTGCTC-1,0,gemcitabine
Data10_GSM5664357_TCCGGGAAGCCTGTGC-1,0,gemcitabine
Data10_GSM5664357_TCCGGGACACGCAGTC-1,0,gemcitabine
Data10_GSM5664357_TCCGGGACACTAACCA-1,0,gemcitabine
Data10_GSM5664357_TCCGGGACATAACCCA-1,0,gemcitabine
Data10_GSM5664357_TCCGTGTCAAGAGATT-1,0,gemcitabine
Data10_GSM5664357_TCCGTGTCACACCGCA-1,0,gemcitabine
Data10_GSM5664357_TCCGTGTTCAGATTGC-1,0,gemcitabine
Data10_GSM5664357_TCCTAATAGCAATTCC-1,0,gemcitabine
Data10_GSM5664357_TCCTAATAGCAGAAAG-1,0,gemcitabine
Data10_GSM5664357_TCCTAATAGGTAGGCT-1,0,gemcitabine
Data10_GSM5664357_TCCTAATCAAATTGGA-1,0,gemcitabine
Data10_GSM5664357_TCCTAATCACATTCTT-1,0,gemcitabine
Data10_GSM5664357_TCCTAATGTCCACAGC-1,0,gemcitabine
Data10_GSM5664357_TCCTAATGTGAACCGA-1,0,gemcitabine
Data10_GSM5664357_TCCTAATGTGCGGATA-1,0,gemcitabine
Data10_GSM5664357_TCCTAATGTGCGTTTA-1,0,gemcitabine
Data10_GSM5664357_TCCTAATGTTACACTG-1,0,gemcitabine
Data10_GSM5664357_TCCTAATGTTGCACGC-1,0,gemcitabine
Data10_GSM5664357_TCCTAATTCTGCATAG-1,0,gemcitabine
Data10_GSM5664357_TCCTCCCAGCCAACCC-1,0,gemcitabine
Data10_GSM5664357_TCCTCCCAGTCGCCCA-1,0,gemcitabine
Data10_GSM5664357_TCCTCCCAGTTGGCGA-1,0,gemcitabine
Data10_GSM5664357_TCCTCCCTCACTGTTT-1,0,gemcitabine
Data10_GSM5664357_TCCTCCCTCAGTCCGG-1,0,gemcitabine
Data10_GSM5664357_TCCTCCCTCTACTCAT-1,0,gemcitabine
Data10_GSM5664357_TCCTCGAAGAAACTAC-1,0,gemcitabine
Data10_GSM5664357_TCCTCGACACAAGGTG-1,0,gemcitabine
Data10_GSM5664357_TCCTCGAGTAGCACGA-1,0,gemcitabine
Data10_GSM5664357_TCCTCGAGTGCATCTA-1,0,gemcitabine
Data10_GSM5664357_TCCTCGAGTGTAACGG-1,0,gemcitabine
Data10_GSM5664357_TCCTCGATCGGCATTA-1,0,gemcitabine
Data10_GSM5664357_TCCTCTTAGTATGCAA-1,0,gemcitabine
Data10_GSM5664357_TCCTCTTCAACAGATA-1,0,gemcitabine
Data10_GSM5664357_TCCTCTTCAACTCATG-1,0,gemcitabine
Data10_GSM5664357_TCCTCTTGTCGCCACA-1,0,gemcitabine
Data10_GSM5664357_TCCTCTTTCATTACGG-1,0,gemcitabine
Data10_GSM5664357_TCCTCTTTCCACGTCT-1,0,gemcitabine
Data10_GSM5664357_TCCTGCACAATGAAAC-1,0,gemcitabine
Data10_GSM5664357_TCCTGCAGTAGACAGC-1,0,gemcitabine
Data10_GSM5664357_TCCTGCAGTAGACTGG-1,0,gemcitabine
Data10_GSM5664357_TCCTGCAGTTACACAC-1,0,gemcitabine
Data10_GSM5664357_TCCTGCAGTTGCTTGA-1,0,gemcitabine
Data10_GSM5664357_TCCTGCATCATCACTT-1,0,gemcitabine
Data10_GSM5664357_TCCTGCATCTTAAGGC-1,0,gemcitabine
Data10_GSM5664357_TCCTTCTCATGCAGGA-1,0,gemcitabine
Data10_GSM5664357_TCCTTCTTCGCCACTT-1,0,gemcitabine
Data10_GSM5664357_TCCTTTCAGTCGCCAC-1,0,gemcitabine
Data10_GSM5664357_TCCTTTCCAACGGCTC-1,0,gemcitabine
Data10_GSM5664357_TCCTTTCCAGCACAAG-1,0,gemcitabine
Data10_GSM5664357_TCCTTTCGTTGCATCA-1,0,gemcitabine
Data10_GSM5664357_TCGAACAAGCACTCGC-1,0,gemcitabine
Data10_GSM5664357_TCGAACAAGCCTCAGC-1,0,gemcitabine
Data10_GSM5664357_TCGAACAAGGCATCGA-1,0,gemcitabine
Data10_GSM5664357_TCGAACAAGTAGCTCT-1,0,gemcitabine
Data10_GSM5664357_TCGAACACATGTAACC-1,0,gemcitabine
Data10_GSM5664357_TCGAACAGTAGCACGA-1,0,gemcitabine
Data10_GSM5664357_TCGAACAGTCTCCCTA-1,0,gemcitabine
Data10_GSM5664357_TCGAACAGTTCGAGCC-1,0,gemcitabine
Data10_GSM5664357_TCGAAGTAGGCCTAAG-1,0,gemcitabine
Data10_GSM5664357_TCGAAGTCACTACCGG-1,0,gemcitabine
Data10_GSM5664357_TCGAAGTCATAATGCC-1,0,gemcitabine
Data10_GSM5664357_TCGAAGTGTAACGTTC-1,0,gemcitabine
Data10_GSM5664357_TCGACCTAGGATGCGT-1,0,gemcitabine
Data10_GSM5664357_TCGACCTAGTATGTAG-1,0,gemcitabine
Data10_GSM5664357_TCGACCTCAAACCGGA-1,0,gemcitabine
Data10_GSM5664357_TCGACCTCAACAAGTA-1,0,gemcitabine
Data10_GSM5664357_TCGACCTCAGCTCCTT-1,0,gemcitabine
Data10_GSM5664357_TCGACCTGTATGGTAA-1,0,gemcitabine
Data10_GSM5664357_TCGACCTGTTATTCTC-1,0,gemcitabine
Data10_GSM5664357_TCGACCTGTTGGATCT-1,0,gemcitabine
Data10_GSM5664357_TCGACCTTCTTAGTTC-1,0,gemcitabine
Data10_GSM5664357_TCGACCTTCTTGCGCT-1,0,gemcitabine
Data10_GSM5664357_TCGACGGAGCCTCAGC-1,0,gemcitabine
Data10_GSM5664357_TCGACGGAGGTTACCT-1,0,gemcitabine
Data10_GSM5664357_TCGACGGCACCCAAGC-1,0,gemcitabine
Data10_GSM5664357_TCGACGGGTTCCGCTT-1,0,gemcitabine
Data10_GSM5664357_TCGATTTAGAGAGCCT-1,0,gemcitabine
Data10_GSM5664357_TCGATTTCAACACACT-1,0,gemcitabine
Data10_GSM5664357_TCGATTTCAACTTGCA-1,0,gemcitabine
Data10_GSM5664357_TCGATTTGTACGACAG-1,0,gemcitabine
Data10_GSM5664357_TCGATTTGTCGTGATT-1,0,gemcitabine
Data10_GSM5664357_TCGCACTCACTGCTTC-1,0,gemcitabine
Data10_GSM5664357_TCGCACTCAGTCGCTG-1,0,gemcitabine
Data10_GSM5664357_TCGCACTTCGCCAGTG-1,0,gemcitabine
Data10_GSM5664357_TCGCACTTCTTACCGC-1,0,gemcitabine
Data10_GSM5664357_TCGCAGGAGTCAACAA-1,0,gemcitabine
Data10_GSM5664357_TCGCAGGCACAGTCCG-1,0,gemcitabine
Data10_GSM5664357_TCGCAGGCACGACGAA-1,0,gemcitabine
Data10_GSM5664357_TCGCAGGCATGAGAAT-1,0,gemcitabine
Data10_GSM5664357_TCGCTCAAGACTGGGT-1,0,gemcitabine
Data10_GSM5664357_TCGCTCATCCGTAATG-1,0,gemcitabine
Data10_GSM5664357_TCGCTTGAGATTAGAC-1,0,gemcitabine
Data10_GSM5664357_TCGCTTGAGCACTCCG-1,0,gemcitabine
Data10_GSM5664357_TCGCTTGAGGATACGC-1,0,gemcitabine
Data10_GSM5664357_TCGCTTGCAAACACGG-1,0,gemcitabine
Data10_GSM5664357_TCGCTTGCAAGCGAGT-1,0,gemcitabine
Data10_GSM5664357_TCGCTTGGTATCCTCC-1,0,gemcitabine
Data10_GSM5664357_TCGCTTGGTTTGACAC-1,0,gemcitabine
Data10_GSM5664357_TCGCTTGTCCCATTCG-1,0,gemcitabine
Data10_GSM5664357_TCGGATAAGCTCAGAG-1,0,gemcitabine
Data10_GSM5664357_TCGGATAAGTGATTCC-1,0,gemcitabine
Data10_GSM5664357_TCGGATAGTCTCGGAC-1,0,gemcitabine
Data10_GSM5664357_TCGGATATCACTACTT-1,0,gemcitabine
Data10_GSM5664357_TCGGGACGTACCTGTA-1,0,gemcitabine
Data10_GSM5664357_TCGGGACGTTATAGCC-1,0,gemcitabine
Data10_GSM5664357_TCGGGACTCAGATGCT-1,0,gemcitabine
Data10_GSM5664357_TCGGGACTCCACGTCT-1,0,gemcitabine
Data10_GSM5664357_TCGGGCAAGACTACCT-1,0,gemcitabine
Data10_GSM5664357_TCGGGCAAGATCACTC-1,0,gemcitabine
Data10_GSM5664357_TCGGGCAAGATTAGCA-1,0,gemcitabine
Data10_GSM5664357_TCGGGCACAGTGTGCC-1,0,gemcitabine
Data10_GSM5664357_TCGGGCATCTATTTCG-1,0,gemcitabine
Data10_GSM5664357_TCGGGTGCACCAGCGT-1,0,gemcitabine
Data10_GSM5664357_TCGGGTGCAGGCGTTC-1,0,gemcitabine
Data10_GSM5664357_TCGGGTGCATAGGTAA-1,0,gemcitabine
Data10_GSM5664357_TCGGGTGGTCATCACA-1,0,gemcitabine
Data10_GSM5664357_TCGGGTGTCATCACAG-1,0,gemcitabine
Data10_GSM5664357_TCGGTCTAGATACCAA-1,0,gemcitabine
Data10_GSM5664357_TCGGTCTAGCAAGTGC-1,0,gemcitabine
Data10_GSM5664357_TCGGTCTCATCAGTGT-1,0,gemcitabine
Data10_GSM5664357_TCGGTCTCATCGGAAG-1,0,gemcitabine
Data10_GSM5664357_TCGGTCTCATGGGTTT-1,0,gemcitabine
Data10_GSM5664357_TCGGTCTGTGTATTCG-1,0,gemcitabine
Data10_GSM5664357_TCGTAGAAGGTAGGCT-1,0,gemcitabine
Data10_GSM5664357_TCGTAGACACAGTCCG-1,0,gemcitabine
Data10_GSM5664357_TCGTAGAGTAAGTTGA-1,0,gemcitabine
Data10_GSM5664357_TCGTAGAGTCCTTGTC-1,0,gemcitabine
Data10_GSM5664357_TCGTAGAGTTACGGAG-1,0,gemcitabine
Data10_GSM5664357_TCGTAGAGTTGCTCAA-1,0,gemcitabine
Data10_GSM5664357_TCGTAGATCAAAGACA-1,0,gemcitabine
Data10_GSM5664357_TCGTAGATCGGTGTAT-1,0,gemcitabine
Data10_GSM5664357_TCGTCCAAGGTTCTAC-1,0,gemcitabine
Data10_GSM5664357_TCGTCCACAACTGAAA-1,0,gemcitabine
Data10_GSM5664357_TCGTCCACAAGCACAG-1,0,gemcitabine
Data10_GSM5664357_TCGTCCACAAGTGTCT-1,0,gemcitabine
Data10_GSM5664357_TCGTCCAGTGTTTACG-1,0,gemcitabine
Data10_GSM5664357_TCGTCCATCCGTCAAA-1,0,gemcitabine
Data10_GSM5664357_TCGTCCATCGACGTCG-1,0,gemcitabine
Data10_GSM5664357_TCGTGCTAGAATTGCA-1,0,gemcitabine
Data10_GSM5664357_TCGTGCTAGATACCAA-1,0,gemcitabine
Data10_GSM5664357_TCGTGCTAGTAGCAAT-1,0,gemcitabine
Data10_GSM5664357_TCGTGCTCAATGAAAC-1,0,gemcitabine
Data10_GSM5664357_TCGTGCTCATGACTAC-1,0,gemcitabine
Data10_GSM5664357_TCGTGCTGTATCGAAA-1,0,gemcitabine
Data10_GSM5664357_TCGTGGGGTGATTCAC-1,0,gemcitabine
Data10_GSM5664357_TCGTGGGTCGACCACG-1,0,gemcitabine
Data10_GSM5664357_TCGTGGGTCTATTGTC-1,0,gemcitabine
Data10_GSM5664357_TCGTGGGTCTCTCAAT-1,0,gemcitabine
Data10_GSM5664357_TCTAACTAGGATTACA-1,0,gemcitabine
Data10_GSM5664357_TCTAACTCACCCTCTA-1,0,gemcitabine
Data10_GSM5664357_TCTAACTCACTGCGTG-1,0,gemcitabine
Data10_GSM5664357_TCTAACTCAGACCTGC-1,0,gemcitabine
Data10_GSM5664357_TCTAACTCATGAATCC-1,0,gemcitabine
Data10_GSM5664357_TCTAACTGTTCTCCTG-1,0,gemcitabine
Data10_GSM5664357_TCTAACTGTTTACTGG-1,0,gemcitabine
Data10_GSM5664357_TCTAACTTCACTTCTA-1,0,gemcitabine
Data10_GSM5664357_TCTAACTTCCACGTGG-1,0,gemcitabine
Data10_GSM5664357_TCTACATAGGTGCCTC-1,0,gemcitabine
Data10_GSM5664357_TCTACATCAAATCAAG-1,0,gemcitabine
Data10_GSM5664357_TCTACATCATTGAGCT-1,0,gemcitabine
Data10_GSM5664357_TCTACATGTAGCGATG-1,0,gemcitabine
Data10_GSM5664357_TCTACATTCCACTGAA-1,0,gemcitabine
Data10_GSM5664357_TCTACATTCTAACGGT-1,0,gemcitabine
Data10_GSM5664357_TCTACATTCTGTCTCG-1,0,gemcitabine
Data10_GSM5664357_TCTACCGAGAAGCTGC-1,0,gemcitabine
Data10_GSM5664357_TCTACCGAGAGAGTTT-1,0,gemcitabine
Data10_GSM5664357_TCTACCGCAAGATCCT-1,0,gemcitabine
Data10_GSM5664357_TCTACCGGTCTACACA-1,0,gemcitabine
Data10_GSM5664357_TCTACCGTCATGGTAC-1,0,gemcitabine
Data10_GSM5664357_TCTACCGTCGACACCG-1,0,gemcitabine
Data10_GSM5664357_TCTATACCAAGAAATC-1,0,gemcitabine
Data10_GSM5664357_TCTATACGTAGATCCT-1,0,gemcitabine
Data10_GSM5664357_TCTATACGTGATACTC-1,0,gemcitabine
Data10_GSM5664357_TCTATACTCCGTGGTG-1,0,gemcitabine
Data10_GSM5664357_TCTATACTCGCCGATG-1,0,gemcitabine
Data10_GSM5664357_TCTATCAAGCCAGTAG-1,0,gemcitabine
Data10_GSM5664357_TCTATCACAGCGCGTT-1,0,gemcitabine
Data10_GSM5664357_TCTATCAGTTACACTG-1,0,gemcitabine
Data10_GSM5664357_TCTATCAGTTATAGCC-1,0,gemcitabine
Data10_GSM5664357_TCTATCATCCCTCTAG-1,0,gemcitabine
Data10_GSM5664357_TCTCACGCACCCTGAG-1,0,gemcitabine
Data10_GSM5664357_TCTCACGCAGAAATTG-1,0,gemcitabine
Data10_GSM5664357_TCTCACGCATAAGATG-1,0,gemcitabine
Data10_GSM5664357_TCTCACGCATAGAATG-1,0,gemcitabine
Data10_GSM5664357_TCTCACGGTGATATAG-1,0,gemcitabine
Data10_GSM5664357_TCTCACGTCAACCTCC-1,0,gemcitabine
Data10_GSM5664357_TCTCAGCAGACCTTTG-1,0,gemcitabine
Data10_GSM5664357_TCTCAGCAGACTTGTC-1,0,gemcitabine
Data10_GSM5664357_TCTCAGCAGCCATATC-1,0,gemcitabine
Data10_GSM5664357_TCTCAGCGTCTAGATC-1,0,gemcitabine
Data10_GSM5664357_TCTCAGCGTGATAGAT-1,0,gemcitabine
Data10_GSM5664357_TCTCAGCTCATCGCTC-1,0,gemcitabine
Data10_GSM5664357_TCTCAGCTCCTTCTGG-1,0,gemcitabine
Data10_GSM5664357_TCTCAGCTCCTTGAAG-1,0,gemcitabine
Data10_GSM5664357_TCTCCGAAGTGCAGCA-1,0,gemcitabine
Data10_GSM5664357_TCTCCGACACTTGTCC-1,0,gemcitabine
Data10_GSM5664357_TCTCCGACATATAGCC-1,0,gemcitabine
Data10_GSM5664357_TCTCCGAGTGCTGTCG-1,0,gemcitabine
Data10_GSM5664357_TCTCCGATCACGGGAA-1,0,gemcitabine
Data10_GSM5664357_TCTCCGATCCTAAACG-1,0,gemcitabine
Data10_GSM5664357_TCTCCGATCTGTGCTC-1,0,gemcitabine
Data10_GSM5664357_TCTCCGATCTTACGGA-1,0,gemcitabine
Data10_GSM5664357_TCTCTGGAGCTCCACG-1,0,gemcitabine
Data10_GSM5664357_TCTCTGGAGGCATTTC-1,0,gemcitabine
Data10_GSM5664357_TCTCTGGAGTTTGTCG-1,0,gemcitabine
Data10_GSM5664357_TCTCTGGCAATGAACA-1,0,gemcitabine
Data10_GSM5664357_TCTCTGGCAGGTCCCA-1,0,gemcitabine
Data10_GSM5664357_TCTCTGGCATGGGCAA-1,0,gemcitabine
Data10_GSM5664357_TCTCTGGGTAACCAGG-1,0,gemcitabine
Data10_GSM5664357_TCTCTGGGTCAGTTTG-1,0,gemcitabine
Data10_GSM5664357_TCTCTGGTCCCAGGAC-1,0,gemcitabine
Data10_GSM5664357_TCTGCCAAGCAGCGAT-1,0,gemcitabine
Data10_GSM5664357_TCTGCCACAGTACTAC-1,0,gemcitabine
Data10_GSM5664357_TCTGCCACATTGTCGA-1,0,gemcitabine
Data10_GSM5664357_TCTGCCAGTAAGACCG-1,0,gemcitabine
Data10_GSM5664357_TCTGCCAGTCTGATCA-1,0,gemcitabine
Data10_GSM5664357_TCTGCCAGTGTTCAGT-1,0,gemcitabine
Data10_GSM5664357_TCTGCCAGTTGTCTAG-1,0,gemcitabine
Data10_GSM5664357_TCTGCCATCGCTTTAT-1,0,gemcitabine
Data10_GSM5664357_TCTGCCATCTTACGTT-1,0,gemcitabine
Data10_GSM5664357_TCTGCCATCTTACTGT-1,0,gemcitabine
Data10_GSM5664357_TCTGGCTGTATTTCTC-1,0,gemcitabine
Data10_GSM5664357_TCTGTCGAGACATAAC-1,0,gemcitabine
Data10_GSM5664357_TCTGTCGAGGTGCTAG-1,0,gemcitabine
Data10_GSM5664357_TCTGTCGAGTGCACCC-1,0,gemcitabine
Data10_GSM5664357_TCTGTCGCAAGTGGCA-1,0,gemcitabine
Data10_GSM5664357_TCTGTCGCAGTTGGTT-1,0,gemcitabine
Data10_GSM5664357_TCTGTCGGTACTAACC-1,0,gemcitabine
Data10_GSM5664357_TCTGTCGGTCCGGTCA-1,0,gemcitabine
Data10_GSM5664357_TCTGTCGTCGGTGCAC-1,0,gemcitabine
Data10_GSM5664357_TCTTAGTAGTTGGAGC-1,0,gemcitabine
Data10_GSM5664357_TCTTAGTCAGTTCTAG-1,0,gemcitabine
Data10_GSM5664357_TCTTAGTGTCGCCACA-1,0,gemcitabine
Data10_GSM5664357_TCTTAGTTCAAGAATG-1,0,gemcitabine
Data10_GSM5664357_TCTTCCTAGCCATGCC-1,0,gemcitabine
Data10_GSM5664357_TCTTCCTCACGGAAGT-1,0,gemcitabine
Data10_GSM5664357_TCTTCCTGTGAGCAGT-1,0,gemcitabine
Data10_GSM5664357_TCTTCCTGTGGTTCTA-1,0,gemcitabine
Data10_GSM5664357_TCTTCCTTCAGCTCTC-1,0,gemcitabine
Data10_GSM5664357_TCTTCCTTCAGTGTCA-1,0,gemcitabine
Data10_GSM5664357_TCTTCCTTCTTTGCGC-1,0,gemcitabine
Data10_GSM5664357_TCTTGCGCAAGTACCT-1,0,gemcitabine
Data10_GSM5664357_TCTTGCGCAATTGCAC-1,0,gemcitabine
Data10_GSM5664357_TCTTGCGCAATTGCGT-1,0,gemcitabine
Data10_GSM5664357_TCTTGCGCAGCACAAG-1,0,gemcitabine
Data10_GSM5664357_TCTTGCGCAGGCTCTG-1,0,gemcitabine
Data10_GSM5664357_TCTTGCGGTAAGTTGA-1,0,gemcitabine
Data10_GSM5664357_TCTTGCGTCTACAGGT-1,0,gemcitabine
Data10_GSM5664357_TCTTTGAAGTCGGCAA-1,0,gemcitabine
Data10_GSM5664357_TCTTTGAAGTGGATTA-1,0,gemcitabine
Data10_GSM5664357_TCTTTGATCGGTTCAA-1,0,gemcitabine
Data10_GSM5664357_TCTTTGATCGTTATCT-1,0,gemcitabine
Data10_GSM5664357_TGAACGTAGCACCCAC-1,0,gemcitabine
Data10_GSM5664357_TGAACGTAGGATTTGA-1,0,gemcitabine
Data10_GSM5664357_TGAACGTAGTGATTCC-1,0,gemcitabine
Data10_GSM5664357_TGAACGTCAAGAATAC-1,0,gemcitabine
Data10_GSM5664357_TGAACGTCAGAGACTG-1,0,gemcitabine
Data10_GSM5664357_TGAACGTCAGGTCAAG-1,0,gemcitabine
Data10_GSM5664357_TGAACGTGTGAGATCG-1,0,gemcitabine
Data10_GSM5664357_TGAACGTTCGAGGCAA-1,0,gemcitabine
Data10_GSM5664357_TGAACGTTCTAGTGTG-1,0,gemcitabine
Data10_GSM5664357_TGAACGTTCTCCCAAC-1,0,gemcitabine
Data10_GSM5664357_TGAATCGAGAATCGAT-1,0,gemcitabine
Data10_GSM5664357_TGAATCGAGCCGATAG-1,0,gemcitabine
Data10_GSM5664357_TGAATCGGTCGTTATG-1,0,gemcitabine
Data10_GSM5664357_TGAATCGGTCTGCGCA-1,0,gemcitabine
Data10_GSM5664357_TGAATCGGTGATCATC-1,0,gemcitabine
Data10_GSM5664357_TGAATCGTCATCTCTA-1,0,gemcitabine
Data10_GSM5664357_TGAATGCAGTCGGCAA-1,0,gemcitabine
Data10_GSM5664357_TGAATGCGTCTCGCGA-1,0,gemcitabine
Data10_GSM5664357_TGAATGCGTTCCACGG-1,0,gemcitabine
Data10_GSM5664357_TGAATGCTCAGACCTA-1,0,gemcitabine
Data10_GSM5664357_TGAATGCTCCTAGCTC-1,0,gemcitabine
Data10_GSM5664357_TGAATGCTCTATGCCC-1,0,gemcitabine
Data10_GSM5664357_TGACAGTAGCGATGCA-1,0,gemcitabine
Data10_GSM5664357_TGACAGTCAAAGCGTG-1,0,gemcitabine
Data10_GSM5664357_TGACAGTCATAGCTGT-1,0,gemcitabine
Data10_GSM5664357_TGACAGTTCCATTTCA-1,0,gemcitabine
Data10_GSM5664357_TGACAGTTCTCAGGCG-1,0,gemcitabine
Data10_GSM5664357_TGACCCTAGTGGGAAA-1,0,gemcitabine
Data10_GSM5664357_TGACCCTTCAAACTGC-1,0,gemcitabine
Data10_GSM5664357_TGACCCTTCACCTACC-1,0,gemcitabine
Data10_GSM5664357_TGACGCGAGATACTGA-1,0,gemcitabine
Data10_GSM5664357_TGACGCGAGCCACAAG-1,0,gemcitabine
Data10_GSM5664357_TGACGCGAGTCCCAGC-1,0,gemcitabine
Data10_GSM5664357_TGACGCGCACCAAAGG-1,0,gemcitabine
Data10_GSM5664357_TGACGCGCATACTGAC-1,0,gemcitabine
Data10_GSM5664357_TGACGCGGTTCCTAGA-1,0,gemcitabine
Data10_GSM5664357_TGACGCGTCCTCCACA-1,0,gemcitabine
Data10_GSM5664357_TGACTCCAGCAGCCTC-1,0,gemcitabine
Data10_GSM5664357_TGACTCCAGCGTCTCG-1,0,gemcitabine
Data10_GSM5664357_TGACTCCAGGCCCGTT-1,0,gemcitabine
Data10_GSM5664357_TGACTCCAGTCCGCCA-1,0,gemcitabine
Data10_GSM5664357_TGACTCCCACTCAAGT-1,0,gemcitabine
Data10_GSM5664357_TGACTCCTCTTCACAT-1,0,gemcitabine
Data10_GSM5664357_TGAGACTCAAGAAATC-1,0,gemcitabine
Data10_GSM5664357_TGAGACTCAGATACTC-1,0,gemcitabine
Data10_GSM5664357_TGAGACTTCAATCGGT-1,0,gemcitabine
Data10_GSM5664357_TGAGACTTCTGGGATT-1,0,gemcitabine
Data10_GSM5664357_TGAGCATAGCGACCCT-1,0,gemcitabine
Data10_GSM5664357_TGAGCATAGGATTCCT-1,0,gemcitabine
Data10_GSM5664357_TGAGCATAGTTCACTG-1,0,gemcitabine
Data10_GSM5664357_TGAGCATCATTGAAGA-1,0,gemcitabine
Data10_GSM5664357_TGAGCGCCAACGATCT-1,0,gemcitabine
Data10_GSM5664357_TGAGCGCCACCGCTAG-1,0,gemcitabine
Data10_GSM5664357_TGAGCGCCATCCTTCG-1,0,gemcitabine
Data10_GSM5664357_TGAGGAGCACAAGTTC-1,0,gemcitabine
Data10_GSM5664357_TGAGGAGCAGTCAGAG-1,0,gemcitabine
Data10_GSM5664357_TGAGGAGGTAGCTCGC-1,0,gemcitabine
Data10_GSM5664357_TGAGGAGGTCCTCCTA-1,0,gemcitabine
Data10_GSM5664357_TGAGGGACATCTTAGG-1,0,gemcitabine
Data10_GSM5664357_TGAGGGAGTCGTTGCG-1,0,gemcitabine
Data10_GSM5664357_TGAGGGATCAGGAACG-1,0,gemcitabine
Data10_GSM5664357_TGAGGTTAGAGTATAC-1,0,gemcitabine
Data10_GSM5664357_TGAGGTTCAAATAAGC-1,0,gemcitabine
Data10_GSM5664357_TGAGTCAGTAATTGGA-1,0,gemcitabine
Data10_GSM5664357_TGAGTCAGTTCAAAGA-1,0,gemcitabine
Data10_GSM5664357_TGATCAGAGTATTGCC-1,0,gemcitabine
Data10_GSM5664357_TGATCAGCACCTGAAT-1,0,gemcitabine
Data10_GSM5664357_TGATCAGGTCTCTCCA-1,0,gemcitabine
Data10_GSM5664357_TGATCAGTCAGGTAAA-1,0,gemcitabine
Data10_GSM5664357_TGATCAGTCATTACTC-1,0,gemcitabine
Data10_GSM5664357_TGATCAGTCCTCGATC-1,0,gemcitabine
Data10_GSM5664357_TGATCAGTCTGATGGT-1,0,gemcitabine
Data10_GSM5664357_TGATCAGTCTGTACAG-1,0,gemcitabine
Data10_GSM5664357_TGATCTTCACTGTGAT-1,0,gemcitabine
Data10_GSM5664357_TGATCTTCATGTCAGT-1,0,gemcitabine
Data10_GSM5664357_TGATCTTGTGGAAGTC-1,0,gemcitabine
Data10_GSM5664357_TGATCTTTCGTTGTTT-1,0,gemcitabine
Data10_GSM5664357_TGATGCACACGAAAGC-1,0,gemcitabine
Data10_GSM5664357_TGATGGTAGGCGAAGG-1,0,gemcitabine
Data10_GSM5664357_TGATGGTGTGTCATGT-1,0,gemcitabine
Data10_GSM5664357_TGATGGTTCTCGACGG-1,0,gemcitabine
Data10_GSM5664357_TGATTCTGTCTACAGT-1,0,gemcitabine
Data10_GSM5664357_TGATTCTGTGATACCT-1,0,gemcitabine
Data10_GSM5664357_TGATTCTGTGTAAACA-1,0,gemcitabine
Data10_GSM5664357_TGATTTCAGGACGCAT-1,0,gemcitabine
Data10_GSM5664357_TGATTTCAGTTTAGGA-1,0,gemcitabine
Data10_GSM5664357_TGATTTCCAATGAACA-1,0,gemcitabine
Data10_GSM5664357_TGATTTCCATAGATCC-1,0,gemcitabine
Data10_GSM5664357_TGATTTCGTAGGACCA-1,0,gemcitabine
Data10_GSM5664357_TGATTTCTCGCACTCT-1,0,gemcitabine
Data10_GSM5664357_TGCACGGAGCCTGTCG-1,0,gemcitabine
Data10_GSM5664357_TGCACGGGTACAGTAA-1,0,gemcitabine
Data10_GSM5664357_TGCACGGTCACTCCGT-1,0,gemcitabine
Data10_GSM5664357_TGCAGATAGCATGAAT-1,0,gemcitabine
Data10_GSM5664357_TGCAGATAGTGACCTT-1,0,gemcitabine
Data10_GSM5664357_TGCAGATCAAGACAAT-1,0,gemcitabine
Data10_GSM5664357_TGCAGATGTCATGGCC-1,0,gemcitabine
Data10_GSM5664357_TGCAGATGTGATACTC-1,0,gemcitabine
Data10_GSM5664357_TGCAGATGTTATTCTC-1,0,gemcitabine
Data10_GSM5664357_TGCAGATTCCCTCGAT-1,0,gemcitabine
Data10_GSM5664357_TGCAGATTCTCAGAAC-1,0,gemcitabine
Data10_GSM5664357_TGCAGGCAGAAACTCA-1,0,gemcitabine
Data10_GSM5664357_TGCAGGCCACAATCTG-1,0,gemcitabine
Data10_GSM5664357_TGCAGGCCACAGCCTG-1,0,gemcitabine
Data10_GSM5664357_TGCAGGCCAGGTTTAC-1,0,gemcitabine
Data10_GSM5664357_TGCAGGCGTTTGGGTT-1,0,gemcitabine
Data10_GSM5664357_TGCAGGCTCGAAGCAG-1,0,gemcitabine
Data10_GSM5664357_TGCAGGCTCGACATCA-1,0,gemcitabine
Data10_GSM5664357_TGCAGGCTCTGACCCT-1,0,gemcitabine
Data10_GSM5664357_TGCAGTAAGACGCCAA-1,0,gemcitabine
Data10_GSM5664357_TGCAGTAGTAGGTGCA-1,0,gemcitabine
Data10_GSM5664357_TGCAGTAGTCTGCATA-1,0,gemcitabine
Data10_GSM5664357_TGCAGTAGTTTCGACA-1,0,gemcitabine
Data10_GSM5664357_TGCATCCAGTATTGCC-1,0,gemcitabine
Data10_GSM5664357_TGCATCCGTCATAGTC-1,0,gemcitabine
Data10_GSM5664357_TGCATCCGTGATTAGA-1,0,gemcitabine
Data10_GSM5664357_TGCATGAAGCCAGAGT-1,0,gemcitabine
Data10_GSM5664357_TGCATGACAGTTAAAG-1,0,gemcitabine
Data10_GSM5664357_TGCATGAGTCTCTCTG-1,0,gemcitabine
Data10_GSM5664357_TGCATGAGTTCTCTAT-1,0,gemcitabine
Data10_GSM5664357_TGCATGATCTAGTTCT-1,0,gemcitabine
Data10_GSM5664357_TGCATGATCTGCCTCA-1,0,gemcitabine
Data10_GSM5664357_TGCCGAGCACCGGCTA-1,0,gemcitabine
Data10_GSM5664357_TGCCGAGGTTCCGTTC-1,0,gemcitabine
Data10_GSM5664357_TGCCGAGTCAAGCCCG-1,0,gemcitabine
Data10_GSM5664357_TGCCGAGTCCTAGCTC-1,0,gemcitabine
Data10_GSM5664357_TGCCGAGTCTACTATC-1,0,gemcitabine
Data10_GSM5664357_TGCCGAGTCTGGACCG-1,0,gemcitabine
Data10_GSM5664357_TGCGACGAGGGCCAAT-1,0,gemcitabine
Data10_GSM5664357_TGCGACGAGTTAGTAG-1,0,gemcitabine
Data10_GSM5664357_TGCGACGGTCGATTCA-1,0,gemcitabine
Data10_GSM5664357_TGCGACGGTGGCTGAA-1,0,gemcitabine
Data10_GSM5664357_TGCGACGTCGAACACT-1,0,gemcitabine
Data10_GSM5664357_TGCGACGTCTCACGAA-1,0,gemcitabine
Data10_GSM5664357_TGCGACGTCTGCGATA-1,0,gemcitabine
Data10_GSM5664357_TGCGACGTCTGGGCGT-1,0,gemcitabine
Data10_GSM5664357_TGCGATAAGAAGGCTC-1,0,gemcitabine
Data10_GSM5664357_TGCGATAAGCTGCCTG-1,0,gemcitabine
Data10_GSM5664357_TGCGATACATACAGGG-1,0,gemcitabine
Data10_GSM5664357_TGCGATATCAATGCAC-1,0,gemcitabine
Data10_GSM5664357_TGCGGCAAGGTCTACT-1,0,gemcitabine
Data10_GSM5664357_TGCGGCACAAGGCCTC-1,0,gemcitabine
Data10_GSM5664357_TGCGGCACAATTTCCT-1,0,gemcitabine
Data10_GSM5664357_TGCGGCAGTTGTCAGT-1,0,gemcitabine
Data10_GSM5664357_TGCGGCATCGATTGGT-1,0,gemcitabine
Data10_GSM5664357_TGCTCCACATCCGAGC-1,0,gemcitabine
Data10_GSM5664357_TGCTCCACATCTCGTC-1,0,gemcitabine
Data10_GSM5664357_TGCTCCACATTCTCCG-1,0,gemcitabine
Data10_GSM5664357_TGCTCGTAGAAACTCA-1,0,gemcitabine
Data10_GSM5664357_TGCTCGTAGACATGCG-1,0,gemcitabine
Data10_GSM5664357_TGCTCGTAGTATGACA-1,0,gemcitabine
Data10_GSM5664357_TGCTCGTGTGCATGTT-1,0,gemcitabine
Data10_GSM5664357_TGCTCGTGTGGTACAG-1,0,gemcitabine
Data10_GSM5664357_TGCTCGTTCCAACTGA-1,0,gemcitabine
Data10_GSM5664357_TGCTGAAAGTTGCTGT-1,0,gemcitabine
Data10_GSM5664357_TGCTGAACATGACAAA-1,0,gemcitabine
Data10_GSM5664357_TGCTGAATCGGACTTA-1,0,gemcitabine
Data10_GSM5664357_TGCTTCGAGAGCCGTA-1,0,gemcitabine
Data10_GSM5664357_TGCTTCGAGGCATGGT-1,0,gemcitabine
Data10_GSM5664357_TGCTTCGAGTTGAAAC-1,0,gemcitabine
Data10_GSM5664357_TGCTTCGCATTGCCTC-1,0,gemcitabine
Data10_GSM5664357_TGCTTGCCAAGACGAC-1,0,gemcitabine
Data10_GSM5664357_TGCTTGCCACCAACAT-1,0,gemcitabine
Data10_GSM5664357_TGCTTGCGTACTAACC-1,0,gemcitabine
Data10_GSM5664357_TGCTTGCTCGATTTCT-1,0,gemcitabine
Data10_GSM5664357_TGGAACTGTCTGTTAG-1,0,gemcitabine
Data10_GSM5664357_TGGAGAGCAAAGCACG-1,0,gemcitabine
Data10_GSM5664357_TGGAGAGCATGTCAGT-1,0,gemcitabine
Data10_GSM5664357_TGGAGAGTCCAAGAGG-1,0,gemcitabine
Data10_GSM5664357_TGGAGGAAGAGTCAAT-1,0,gemcitabine
Data10_GSM5664357_TGGAGGACACCATATG-1,0,gemcitabine
Data10_GSM5664357_TGGAGGAGTCAACCTA-1,0,gemcitabine
Data10_GSM5664357_TGGAGGATCCCTCAAC-1,0,gemcitabine
Data10_GSM5664357_TGGAGGATCTTTCTAG-1,0,gemcitabine
Data10_GSM5664357_TGGATCACAGTAGGAC-1,0,gemcitabine
Data10_GSM5664357_TGGATCAGTACTTGTG-1,0,gemcitabine
Data10_GSM5664357_TGGATCAGTGTTTCTT-1,0,gemcitabine
Data10_GSM5664357_TGGATCAGTTAAGGAT-1,0,gemcitabine
Data10_GSM5664357_TGGATCATCGAACGCC-1,0,gemcitabine
Data10_GSM5664357_TGGATGTCACCCAACG-1,0,gemcitabine
Data10_GSM5664357_TGGATGTCAGTTAGGG-1,0,gemcitabine
Data10_GSM5664357_TGGATGTTCTTCCCGA-1,0,gemcitabine
Data10_GSM5664357_TGGCGTGAGTCATGAA-1,0,gemcitabine
Data10_GSM5664357_TGGCGTGCAGTAGAGC-1,0,gemcitabine
Data10_GSM5664357_TGGCGTGCATGGAACG-1,0,gemcitabine
Data10_GSM5664357_TGGCGTGGTAGATTAG-1,0,gemcitabine
Data10_GSM5664357_TGGCGTGGTTGCCATA-1,0,gemcitabine
Data10_GSM5664357_TGGCGTGGTTTGAACC-1,0,gemcitabine
Data10_GSM5664357_TGGGAAGAGTTCCGTA-1,0,gemcitabine
Data10_GSM5664357_TGGGAAGGTTCGATTG-1,0,gemcitabine
Data10_GSM5664357_TGGGAAGTCTCGCCTA-1,0,gemcitabine
Data10_GSM5664357_TGGGAGACAGCCGTCA-1,0,gemcitabine
Data10_GSM5664357_TGGGAGATCACTCTTA-1,0,gemcitabine
Data10_GSM5664357_TGGGAGATCGATGCAT-1,0,gemcitabine
Data10_GSM5664357_TGGGAGATCGGTCTAA-1,0,gemcitabine
Data10_GSM5664357_TGGGATTAGAATCTAG-1,0,gemcitabine
Data10_GSM5664357_TGGGATTAGCGTGCCT-1,0,gemcitabine
Data10_GSM5664357_TGGGATTGTATCACGT-1,0,gemcitabine
Data10_GSM5664357_TGGGATTGTTGTGTAC-1,0,gemcitabine
Data10_GSM5664357_TGGGATTTCACTGGGC-1,0,gemcitabine
Data10_GSM5664357_TGGGATTTCCGATTAG-1,0,gemcitabine
Data10_GSM5664357_TGGGATTTCTGGGCAC-1,0,gemcitabine
Data10_GSM5664357_TGGGCGTAGGCCTGCT-1,0,gemcitabine
Data10_GSM5664357_TGGGCGTAGTAATCCC-1,0,gemcitabine
Data10_GSM5664357_TGGGCGTCACCGCTAG-1,0,gemcitabine
Data10_GSM5664357_TGGGCGTCATCTCGTC-1,0,gemcitabine
Data10_GSM5664357_TGGGCTGAGAACAGGA-1,0,gemcitabine
Data10_GSM5664357_TGGGCTGCAAGAGTGC-1,0,gemcitabine
Data10_GSM5664357_TGGGCTGCAGAGGTTG-1,0,gemcitabine
Data10_GSM5664357_TGGGCTGTCGAGCTGC-1,0,gemcitabine
Data10_GSM5664357_TGGGCTGTCTCGCAGG-1,0,gemcitabine
Data10_GSM5664357_TGGGCTGTCTCTGACC-1,0,gemcitabine
Data10_GSM5664357_TGGGTTACAATTGTGC-1,0,gemcitabine
Data10_GSM5664357_TGGGTTACACAAGTGG-1,0,gemcitabine
Data10_GSM5664357_TGGGTTACACTCAAGT-1,0,gemcitabine
Data10_GSM5664357_TGGGTTACAGTCTGGC-1,0,gemcitabine
Data10_GSM5664357_TGGTACACAACCAACT-1,0,gemcitabine
Data10_GSM5664357_TGGTACAGTACAGAGC-1,0,gemcitabine
Data10_GSM5664357_TGGTACAGTAGGTACG-1,0,gemcitabine
Data10_GSM5664357_TGGTACATCCTAACAG-1,0,gemcitabine
Data10_GSM5664357_TGGTAGTCACGATTCA-1,0,gemcitabine
Data10_GSM5664357_TGGTAGTCAGCTTTCC-1,0,gemcitabine
Data10_GSM5664357_TGGTAGTCATGACTAC-1,0,gemcitabine
Data10_GSM5664357_TGGTAGTGTATGGGAC-1,0,gemcitabine
Data10_GSM5664357_TGGTGATAGCCGCACT-1,0,gemcitabine
Data10_GSM5664357_TGGTGATCAAGCTCTA-1,0,gemcitabine
Data10_GSM5664357_TGGTGATGTCGCTCGA-1,0,gemcitabine
Data10_GSM5664357_TGGTGATTCAGCACCG-1,0,gemcitabine
Data10_GSM5664357_TGGTGATTCGGCCCAA-1,0,gemcitabine
Data10_GSM5664357_TGGTTAGAGAATCTAG-1,0,gemcitabine
Data10_GSM5664357_TGGTTAGTCACTACTT-1,0,gemcitabine
Data10_GSM5664357_TGGTTAGTCCTATTTG-1,0,gemcitabine
Data10_GSM5664357_TGGTTAGTCCTTCGAC-1,0,gemcitabine
Data10_GSM5664357_TGTAACGAGAGTCCGA-1,0,gemcitabine
Data10_GSM5664357_TGTAACGAGATCACCT-1,0,gemcitabine
Data10_GSM5664357_TGTAACGAGTTCATCG-1,0,gemcitabine
Data10_GSM5664357_TGTAACGCATCCGAAT-1,0,gemcitabine
Data10_GSM5664357_TGTAACGGTCCTTAAG-1,0,gemcitabine
Data10_GSM5664357_TGTAACGGTGAGCAGT-1,0,gemcitabine
Data10_GSM5664357_TGTAACGGTGCGGATA-1,0,gemcitabine
Data10_GSM5664357_TGTAACGTCTTGTTAC-1,0,gemcitabine
Data10_GSM5664357_TGTAAGCAGAAACTCA-1,0,gemcitabine
Data10_GSM5664357_TGTAAGCAGCTCTGTA-1,0,gemcitabine
Data10_GSM5664357_TGTAAGCCAACTACGT-1,0,gemcitabine
Data10_GSM5664357_TGTAAGCCATTGGATC-1,0,gemcitabine
Data10_GSM5664357_TGTAAGCGTATCAGGG-1,0,gemcitabine
Data10_GSM5664357_TGTAAGCGTATGGTTC-1,0,gemcitabine
Data10_GSM5664357_TGTAAGCGTATGTCCA-1,0,gemcitabine
Data10_GSM5664357_TGTAAGCTCTCTATAC-1,0,gemcitabine
Data10_GSM5664357_TGTAAGCTCTCTCTAA-1,0,gemcitabine
Data10_GSM5664357_TGTACAGCAACAGCTT-1,0,gemcitabine
Data10_GSM5664357_TGTACAGCAACTAGAA-1,0,gemcitabine
Data10_GSM5664357_TGTACAGGTTGTTGAC-1,0,gemcitabine
Data10_GSM5664357_TGTACAGTCCTGCCAT-1,0,gemcitabine
Data10_GSM5664357_TGTACAGTCTGTACAG-1,0,gemcitabine
Data10_GSM5664357_TGTAGACAGATCCCAT-1,0,gemcitabine
Data10_GSM5664357_TGTAGACCAGGTCCGT-1,0,gemcitabine
Data10_GSM5664357_TGTAGACGTGCATTAC-1,0,gemcitabine
Data10_GSM5664357_TGTCAGAAGGTTGCCC-1,0,gemcitabine
Data10_GSM5664357_TGTCAGAAGTCGCGAA-1,0,gemcitabine
Data10_GSM5664357_TGTCAGACAATTGCCA-1,0,gemcitabine
Data10_GSM5664357_TGTCAGACACATTCGA-1,0,gemcitabine
Data10_GSM5664357_TGTCAGAGTTAGTCGT-1,0,gemcitabine
Data10_GSM5664357_TGTCAGAGTTCTCAGA-1,0,gemcitabine
Data10_GSM5664357_TGTCAGATCGAGTCTA-1,0,gemcitabine
Data10_GSM5664357_TGTCAGATCGCAGTCG-1,0,gemcitabine
Data10_GSM5664357_TGTCCACAGTCTTCGA-1,0,gemcitabine
Data10_GSM5664357_TGTCCACCACTAGAGG-1,0,gemcitabine
Data10_GSM5664357_TGTCCACCAGCCGGTT-1,0,gemcitabine
Data10_GSM5664357_TGTCCACGTTTAGACC-1,0,gemcitabine
Data10_GSM5664357_TGTCCCAAGACTCGAG-1,0,gemcitabine
Data10_GSM5664357_TGTCCCAAGGATTTGA-1,0,gemcitabine
Data10_GSM5664357_TGTCCCACAGAAGCGT-1,0,gemcitabine
Data10_GSM5664357_TGTCCCACATCTGCGG-1,0,gemcitabine
Data10_GSM5664357_TGTCCCATCCATGATG-1,0,gemcitabine
Data10_GSM5664357_TGTCCCATCTACGCAA-1,0,gemcitabine
Data10_GSM5664357_TGTCCTGAGCGGTAAC-1,0,gemcitabine
Data10_GSM5664357_TGTCCTGAGCTTCATG-1,0,gemcitabine
Data10_GSM5664357_TGTCCTGGTATAGCTC-1,0,gemcitabine
Data10_GSM5664357_TGTCCTGGTCCGGTCA-1,0,gemcitabine
Data10_GSM5664357_TGTCCTGGTCGTCGGT-1,0,gemcitabine
Data10_GSM5664357_TGTGAGTAGAATAACC-1,0,gemcitabine
Data10_GSM5664357_TGTGAGTCAACTGCCG-1,0,gemcitabine
Data10_GSM5664357_TGTGAGTCAGATACCT-1,0,gemcitabine
Data10_GSM5664357_TGTGAGTGTCATCCCT-1,0,gemcitabine
Data10_GSM5664357_TGTGAGTTCAGCTGAT-1,0,gemcitabine
Data10_GSM5664357_TGTGATGAGAAGGATG-1,0,gemcitabine
Data10_GSM5664357_TGTGATGCACACCTTC-1,0,gemcitabine
Data10_GSM5664357_TGTGATGTCACACCGG-1,0,gemcitabine
Data10_GSM5664357_TGTGATGTCTAGACAC-1,0,gemcitabine
Data10_GSM5664357_TGTGATGTCTTCCGTG-1,0,gemcitabine
Data10_GSM5664357_TGTGCGGAGATGCCGA-1,0,gemcitabine
Data10_GSM5664357_TGTGCGGCATGGCGCT-1,0,gemcitabine
Data10_GSM5664357_TGTGCGGGTATCCTTT-1,0,gemcitabine
Data10_GSM5664357_TGTGCGGGTCATTGCA-1,0,gemcitabine
Data10_GSM5664357_TGTGGCGAGAAACTCA-1,0,gemcitabine
Data10_GSM5664357_TGTGGCGAGAGCAGAA-1,0,gemcitabine
Data10_GSM5664357_TGTGGCGGTCCTCAGG-1,0,gemcitabine
Data10_GSM5664357_TGTGGCGGTGTCTAAC-1,0,gemcitabine
Data10_GSM5664357_TGTGGCGTCGGTAGGA-1,0,gemcitabine
Data10_GSM5664357_TGTGGCGTCTTTCAGT-1,0,gemcitabine
Data10_GSM5664357_TGTGTGAAGCAAGTGC-1,0,gemcitabine
Data10_GSM5664357_TGTGTGAAGGACAGTC-1,0,gemcitabine
Data10_GSM5664357_TGTGTGAGTACCACGC-1,0,gemcitabine
Data10_GSM5664357_TGTGTGAGTTGTCCCT-1,0,gemcitabine
Data10_GSM5664357_TGTGTGATCAAAGACA-1,0,gemcitabine
Data10_GSM5664357_TGTGTGATCCATGCAA-1,0,gemcitabine
Data10_GSM5664357_TGTGTGATCCGCCTAT-1,0,gemcitabine
Data10_GSM5664357_TGTGTGATCGAGCCAC-1,0,gemcitabine
Data10_GSM5664357_TGTTACTAGACTCTAC-1,0,gemcitabine
Data10_GSM5664357_TGTTACTAGCAGCACA-1,0,gemcitabine
Data10_GSM5664357_TGTTACTCACAGTCCG-1,0,gemcitabine
Data10_GSM5664357_TGTTACTGTTGTGGAG-1,0,gemcitabine
Data10_GSM5664357_TGTTCATAGACGCATG-1,0,gemcitabine
Data10_GSM5664357_TGTTCATGTTGTCCCT-1,0,gemcitabine
Data10_GSM5664357_TGTTCCGCAATCTAGC-1,0,gemcitabine
Data10_GSM5664357_TGTTCCGGTAACATGA-1,0,gemcitabine
Data10_GSM5664357_TGTTCCGGTAGGACCA-1,0,gemcitabine
Data10_GSM5664357_TGTTCCGGTCAGCTTA-1,0,gemcitabine
Data10_GSM5664357_TGTTCCGGTGTTCCTC-1,0,gemcitabine
Data10_GSM5664357_TGTTCCGGTTGCGGCT-1,0,gemcitabine
Data10_GSM5664357_TGTTCCGGTTTAGAGA-1,0,gemcitabine
Data10_GSM5664357_TGTTCCGTCTAACACG-1,0,gemcitabine
Data10_GSM5664357_TGTTCCGTCTCGAACA-1,0,gemcitabine
Data10_GSM5664357_TGTTCTAAGCAGATAT-1,0,gemcitabine
Data10_GSM5664357_TGTTCTATCGATCCAA-1,0,gemcitabine
Data10_GSM5664357_TGTTGAGAGTCAGGGT-1,0,gemcitabine
Data10_GSM5664357_TGTTGAGCATATGGCT-1,0,gemcitabine
Data10_GSM5664357_TGTTGAGGTGTCCGGT-1,0,gemcitabine
Data10_GSM5664357_TGTTGAGTCACTAGCA-1,0,gemcitabine
Data10_GSM5664357_TGTTGAGTCTCATTTG-1,0,gemcitabine
Data10_GSM5664357_TGTTGAGTCTGCCTGT-1,0,gemcitabine
Data10_GSM5664357_TGTTGGAAGGGTGAAA-1,0,gemcitabine
Data10_GSM5664357_TGTTGGAAGTTGTCAC-1,0,gemcitabine
Data10_GSM5664357_TGTTGGACACAGCTGC-1,0,gemcitabine
Data10_GSM5664357_TGTTGGATCCTACGAA-1,0,gemcitabine
Data10_GSM5664357_TGTTGGATCGCAGATT-1,0,gemcitabine
Data10_GSM5664357_TGTTTGTAGAGCTGAC-1,0,gemcitabine
Data10_GSM5664357_TGTTTGTAGCTCTATG-1,0,gemcitabine
Data10_GSM5664357_TGTTTGTCATGTTACG-1,0,gemcitabine
Data10_GSM5664357_TTAATCCAGCAGAAAG-1,0,gemcitabine
Data10_GSM5664357_TTAATCCAGTAGGCCA-1,0,gemcitabine
Data10_GSM5664357_TTAATCCCAACGGCCT-1,0,gemcitabine
Data10_GSM5664357_TTAATCCCAAGTTTGC-1,0,gemcitabine
Data10_GSM5664357_TTAATCCCATGACAGG-1,0,gemcitabine
Data10_GSM5664357_TTAATCCGTGTTACTG-1,0,gemcitabine
Data10_GSM5664357_TTAATCCTCAAAGGAT-1,0,gemcitabine
Data10_GSM5664357_TTAATCCTCAGCCTTC-1,0,gemcitabine
Data10_GSM5664357_TTAATCCTCTCGGGAC-1,0,gemcitabine
Data10_GSM5664357_TTACAGGAGTTCATGC-1,0,gemcitabine
Data10_GSM5664357_TTACAGGCAGGCCTGT-1,0,gemcitabine
Data10_GSM5664357_TTACAGGGTCATACCA-1,0,gemcitabine
Data10_GSM5664357_TTACAGGGTTCTCTCG-1,0,gemcitabine
Data10_GSM5664357_TTACAGGGTTGGCCTG-1,0,gemcitabine
Data10_GSM5664357_TTACAGGGTTGGGCCT-1,0,gemcitabine
Data10_GSM5664357_TTACAGGTCATTGCCC-1,0,gemcitabine
Data10_GSM5664357_TTACAGGTCGGACCAC-1,0,gemcitabine
Data10_GSM5664357_TTACAGGTCTGGCCTT-1,0,gemcitabine
Data10_GSM5664357_TTACCATAGTGCCGAA-1,0,gemcitabine
Data10_GSM5664357_TTACCATGTCCTATAG-1,0,gemcitabine
Data10_GSM5664357_TTACCATGTGGTCCCA-1,0,gemcitabine
Data10_GSM5664357_TTACCATTCTTGTTAC-1,0,gemcitabine
Data10_GSM5664357_TTACCGCAGAGTCTTC-1,0,gemcitabine
Data10_GSM5664357_TTACCGCGTTCCGCTT-1,0,gemcitabine
Data10_GSM5664357_TTACCGCTCCATCTCG-1,0,gemcitabine
Data10_GSM5664357_TTACCGCTCCGCTAGG-1,0,gemcitabine
Data10_GSM5664357_TTACCGCTCTGAATCG-1,0,gemcitabine
Data10_GSM5664357_TTACGCCAGGTAACTA-1,0,gemcitabine
Data10_GSM5664357_TTACGCCCATCATGAC-1,0,gemcitabine
Data10_GSM5664357_TTACGCCCATTAAGCC-1,0,gemcitabine
Data10_GSM5664357_TTACGCCGTACGACAG-1,0,gemcitabine
Data10_GSM5664357_TTACGCCGTATCACGT-1,0,gemcitabine
Data10_GSM5664357_TTACGCCGTGACTGTT-1,0,gemcitabine
Data10_GSM5664357_TTACGCCTCATCGCCT-1,0,gemcitabine
Data10_GSM5664357_TTACGCCTCGCTGTTC-1,0,gemcitabine
Data10_GSM5664357_TTACGCCTCGGTAACT-1,0,gemcitabine
Data10_GSM5664357_TTACGTTAGCACTAGG-1,0,gemcitabine
Data10_GSM5664357_TTACGTTGTCAATGGG-1,0,gemcitabine
Data10_GSM5664357_TTACGTTTCAAATAGG-1,0,gemcitabine
Data10_GSM5664357_TTACGTTTCAATCTTC-1,0,gemcitabine
Data10_GSM5664357_TTACTGTAGAGTATAC-1,0,gemcitabine
Data10_GSM5664357_TTACTGTAGGAACATT-1,0,gemcitabine
Data10_GSM5664357_TTACTGTAGGGAGTTC-1,0,gemcitabine
Data10_GSM5664357_TTACTGTAGTTCCGTA-1,0,gemcitabine
Data10_GSM5664357_TTACTGTCAGCATCTA-1,0,gemcitabine
Data10_GSM5664357_TTACTGTGTCCAGTTA-1,0,gemcitabine
Data10_GSM5664357_TTACTGTGTCGCTGCA-1,0,gemcitabine
Data10_GSM5664357_TTACTGTTCCGTGACG-1,0,gemcitabine
Data10_GSM5664357_TTACTGTTCGCGCTGA-1,0,gemcitabine
Data10_GSM5664357_TTACTGTTCTCAGTCC-1,0,gemcitabine
Data10_GSM5664357_TTAGGCACAAACCATC-1,0,gemcitabine
Data10_GSM5664357_TTAGGCACACTACAGT-1,0,gemcitabine
Data10_GSM5664357_TTAGGCAGTGACTCTA-1,0,gemcitabine
Data10_GSM5664357_TTAGGCAGTTCTATCT-1,0,gemcitabine
Data10_GSM5664357_TTAGGCAGTTGACTAC-1,0,gemcitabine
Data10_GSM5664357_TTAGGCATCACATCAG-1,0,gemcitabine
Data10_GSM5664357_TTAGGCATCGCCTATC-1,0,gemcitabine
Data10_GSM5664357_TTAGGGTGTGGAACCA-1,0,gemcitabine
Data10_GSM5664357_TTAGGGTGTTTCACAG-1,0,gemcitabine
Data10_GSM5664357_TTAGTCTAGCATGATA-1,0,gemcitabine
Data10_GSM5664357_TTAGTCTAGCGGTAAC-1,0,gemcitabine
Data10_GSM5664357_TTAGTCTAGGTTCTAC-1,0,gemcitabine
Data10_GSM5664357_TTAGTCTCATCGAACT-1,0,gemcitabine
Data10_GSM5664357_TTAGTCTTCCACGTAA-1,0,gemcitabine
Data10_GSM5664357_TTAGTCTTCCGACATA-1,0,gemcitabine
Data10_GSM5664357_TTAGTCTTCGGACAAG-1,0,gemcitabine
Data10_GSM5664357_TTAGTCTTCTTGGGCG-1,0,gemcitabine
Data10_GSM5664357_TTATTGCAGCCACCGT-1,0,gemcitabine
Data10_GSM5664357_TTATTGCCACACGGTC-1,0,gemcitabine
Data10_GSM5664357_TTATTGCCAGCGCGTT-1,0,gemcitabine
Data10_GSM5664357_TTATTGCGTATCGCTA-1,0,gemcitabine
Data10_GSM5664357_TTATTGCGTCCTACGG-1,0,gemcitabine
Data10_GSM5664357_TTATTGCTCTCTAAGG-1,0,gemcitabine
Data10_GSM5664357_TTCAATCCAACCACAT-1,0,gemcitabine
Data10_GSM5664357_TTCAATCCACACCTTC-1,0,gemcitabine
Data10_GSM5664357_TTCAATCCACATACGT-1,0,gemcitabine
Data10_GSM5664357_TTCAATCCATGACGGA-1,0,gemcitabine
Data10_GSM5664357_TTCAATCGTAACTGCT-1,0,gemcitabine
Data10_GSM5664357_TTCAATCGTCGAATGG-1,0,gemcitabine
Data10_GSM5664357_TTCAATCGTTACAGCT-1,0,gemcitabine
Data10_GSM5664357_TTCACCGAGGCTCACC-1,0,gemcitabine
Data10_GSM5664357_TTCACCGCACAAATGA-1,0,gemcitabine
Data10_GSM5664357_TTCACCGCACAGCCTG-1,0,gemcitabine
Data10_GSM5664357_TTCACCGCAGCACACC-1,0,gemcitabine
Data10_GSM5664357_TTCACCGCATTGACCA-1,0,gemcitabine
Data10_GSM5664357_TTCACCGGTCTTTATC-1,0,gemcitabine
Data10_GSM5664357_TTCACCGGTGAATAAC-1,0,gemcitabine
Data10_GSM5664357_TTCACGCAGACCGCCT-1,0,gemcitabine
Data10_GSM5664357_TTCACGCAGTCTAACC-1,0,gemcitabine
Data10_GSM5664357_TTCACGCCAACCACGC-1,0,gemcitabine
Data10_GSM5664357_TTCACGCCACACAGAG-1,0,gemcitabine
Data10_GSM5664357_TTCACGCCATCGGAGA-1,0,gemcitabine
Data10_GSM5664357_TTCACGCCATTCTCTA-1,0,gemcitabine
Data10_GSM5664357_TTCACGCGTGCATTAC-1,0,gemcitabine
Data10_GSM5664357_TTCAGGACAAGAATGT-1,0,gemcitabine
Data10_GSM5664357_TTCATGTAGCCGGAAT-1,0,gemcitabine
Data10_GSM5664357_TTCATGTCAAATCCCA-1,0,gemcitabine
Data10_GSM5664357_TTCATGTCATATCTCT-1,0,gemcitabine
Data10_GSM5664357_TTCATGTGTATCGATC-1,0,gemcitabine
Data10_GSM5664357_TTCATGTGTCCATAGT-1,0,gemcitabine
Data10_GSM5664357_TTCATGTGTGCCCACA-1,0,gemcitabine
Data10_GSM5664357_TTCATGTTCCCATTCG-1,0,gemcitabine
Data10_GSM5664357_TTCATTGGTCAAACGG-1,0,gemcitabine
Data10_GSM5664357_TTCATTGGTTGTCATG-1,0,gemcitabine
Data10_GSM5664357_TTCATTGTCCAAGGGA-1,0,gemcitabine
Data10_GSM5664357_TTCCAATAGCCTCTCT-1,0,gemcitabine
Data10_GSM5664357_TTCCAATAGGCCCACT-1,0,gemcitabine
Data10_GSM5664357_TTCCAATAGGTAGACC-1,0,gemcitabine
Data10_GSM5664357_TTCCAATAGTTGAATG-1,0,gemcitabine
Data10_GSM5664357_TTCCAATCATGTCAGT-1,0,gemcitabine
Data10_GSM5664357_TTCCAATGTACCAGAG-1,0,gemcitabine
Data10_GSM5664357_TTCCAATGTCAACCAT-1,0,gemcitabine
Data10_GSM5664357_TTCCACGGTCATTGCA-1,0,gemcitabine
Data10_GSM5664357_TTCCACGTCACGAACT-1,0,gemcitabine
Data10_GSM5664357_TTCCACGTCACTGAAC-1,0,gemcitabine
Data10_GSM5664357_TTCCGGTAGACTTCAC-1,0,gemcitabine
Data10_GSM5664357_TTCCGGTAGCTGTCCG-1,0,gemcitabine
Data10_GSM5664357_TTCCGGTGTCTTGAAC-1,0,gemcitabine
Data10_GSM5664357_TTCCGGTGTGCCGTAC-1,0,gemcitabine
Data10_GSM5664357_TTCCGGTGTTTCTTAC-1,0,gemcitabine
Data10_GSM5664357_TTCCGTGAGCAGCACA-1,0,gemcitabine
Data10_GSM5664357_TTCCGTGAGGAGACCT-1,0,gemcitabine
Data10_GSM5664357_TTCCGTGCATAGAAAC-1,0,gemcitabine
Data10_GSM5664357_TTCCGTGGTAGTCTTG-1,0,gemcitabine
Data10_GSM5664357_TTCCGTGTCCAACCAA-1,0,gemcitabine
Data10_GSM5664357_TTCCGTGTCCGTGTGG-1,0,gemcitabine
Data10_GSM5664357_TTCCGTGTCTGCGGGT-1,0,gemcitabine
Data10_GSM5664357_TTCCTAAAGGGAGATA-1,0,gemcitabine
Data10_GSM5664357_TTCCTAAGTGAGTCAG-1,0,gemcitabine
Data10_GSM5664357_TTCCTAAGTGTTTGCA-1,0,gemcitabine
Data10_GSM5664357_TTCCTCTAGAGTGTTA-1,0,gemcitabine
Data10_GSM5664357_TTCCTCTAGCTCAGAG-1,0,gemcitabine
Data10_GSM5664357_TTCCTCTAGTTAACGA-1,0,gemcitabine
Data10_GSM5664357_TTCCTCTCAAACTAGA-1,0,gemcitabine
Data10_GSM5664357_TTCCTCTCACTTCAGA-1,0,gemcitabine
Data10_GSM5664357_TTCCTCTGTTCGGTCG-1,0,gemcitabine
Data10_GSM5664357_TTCCTCTTCAACTCTT-1,0,gemcitabine
Data10_GSM5664357_TTCCTCTTCCGTCACT-1,0,gemcitabine
Data10_GSM5664357_TTCCTTCAGTGTGTTC-1,0,gemcitabine
Data10_GSM5664357_TTCCTTCCAAAGGATT-1,0,gemcitabine
Data10_GSM5664357_TTCCTTCCAAGACCGA-1,0,gemcitabine
Data10_GSM5664357_TTCCTTCCACGCTATA-1,0,gemcitabine
Data10_GSM5664357_TTCCTTCTCCTTTGAT-1,0,gemcitabine
Data10_GSM5664357_TTCCTTCTCTCGGGAC-1,0,gemcitabine
Data10_GSM5664357_TTCGATTAGATAGCTA-1,0,gemcitabine
Data10_GSM5664357_TTCGATTAGTGCTACT-1,0,gemcitabine
Data10_GSM5664357_TTCGATTCACGCTGCA-1,0,gemcitabine
Data10_GSM5664357_TTCGATTCATTCACAG-1,0,gemcitabine
Data10_GSM5664357_TTCGATTGTCTTGCGG-1,0,gemcitabine
Data10_GSM5664357_TTCGATTGTGTCTCCT-1,0,gemcitabine
Data10_GSM5664357_TTCGATTTCGAGTGAG-1,0,gemcitabine
Data10_GSM5664357_TTCGATTTCTGAATGC-1,0,gemcitabine
Data10_GSM5664357_TTCGCTGAGTCAAGCG-1,0,gemcitabine
Data10_GSM5664357_TTCGCTGAGTTGCATC-1,0,gemcitabine
Data10_GSM5664357_TTCGCTGCAACGATTC-1,0,gemcitabine
Data10_GSM5664357_TTCGCTGCATGTCTAG-1,0,gemcitabine
Data10_GSM5664357_TTCGCTGGTCGGCACT-1,0,gemcitabine
Data10_GSM5664357_TTCGCTGGTGAATGAT-1,0,gemcitabine
Data10_GSM5664357_TTCGCTGTCTCGGTAA-1,0,gemcitabine
Data10_GSM5664357_TTCGGTCAGACATACA-1,0,gemcitabine
Data10_GSM5664357_TTCGGTCAGACTTGTC-1,0,gemcitabine
Data10_GSM5664357_TTCGGTCAGCAGCAGT-1,0,gemcitabine
Data10_GSM5664357_TTCGGTCAGGATGTTA-1,0,gemcitabine
Data10_GSM5664357_TTCGGTCCATATCTGG-1,0,gemcitabine
Data10_GSM5664357_TTCGGTCGTCTGCAAT-1,0,gemcitabine
Data10_GSM5664357_TTCGGTCTCCATTTGT-1,0,gemcitabine
Data10_GSM5664357_TTCGGTCTCTAAGCGT-1,0,gemcitabine
Data10_GSM5664357_TTCTAACCACGACTAT-1,0,gemcitabine
Data10_GSM5664357_TTCTAACGTGTTACAC-1,0,gemcitabine
Data10_GSM5664357_TTCTAACGTTCTCCAC-1,0,gemcitabine
Data10_GSM5664357_TTCTAACTCAGCTGAT-1,0,gemcitabine
Data10_GSM5664357_TTCTAACTCCGACGGT-1,0,gemcitabine
Data10_GSM5664357_TTCTAGTAGGCCTGCT-1,0,gemcitabine
Data10_GSM5664357_TTCTAGTCACAGTCAT-1,0,gemcitabine
Data10_GSM5664357_TTCTAGTCACTCTGCT-1,0,gemcitabine
Data10_GSM5664357_TTCTAGTCATTACTCT-1,0,gemcitabine
Data10_GSM5664357_TTCTAGTGTCAACGCC-1,0,gemcitabine
Data10_GSM5664357_TTCTAGTGTCCATAGT-1,0,gemcitabine
Data10_GSM5664357_TTCTAGTTCCGAAATC-1,0,gemcitabine
Data10_GSM5664357_TTCTAGTTCGACGCTG-1,0,gemcitabine
Data10_GSM5664357_TTCTAGTTCGCTTTAT-1,0,gemcitabine
Data10_GSM5664357_TTCTCTCAGGAGTATT-1,0,gemcitabine
Data10_GSM5664357_TTCTCTCAGTCACACT-1,0,gemcitabine
Data10_GSM5664357_TTCTCTCGTCGAGCTC-1,0,gemcitabine
Data10_GSM5664357_TTCTCTCGTCTAGATC-1,0,gemcitabine
Data10_GSM5664357_TTCTGTACAACGGTAG-1,0,gemcitabine
Data10_GSM5664357_TTCTGTATCTCATGCC-1,0,gemcitabine
Data10_GSM5664357_TTCTTCCAGACATACA-1,0,gemcitabine
Data10_GSM5664357_TTCTTCCAGCGAGTAC-1,0,gemcitabine
Data10_GSM5664357_TTCTTCCAGGCATCTT-1,0,gemcitabine
Data10_GSM5664357_TTCTTCCAGTGAGTGC-1,0,gemcitabine
Data10_GSM5664357_TTCTTCCCAATCCTAG-1,0,gemcitabine
Data10_GSM5664357_TTCTTCCCACCGTCTT-1,0,gemcitabine
Data10_GSM5664357_TTCTTCCGTCCTATAG-1,0,gemcitabine
Data10_GSM5664357_TTCTTCCGTTGGGACA-1,0,gemcitabine
Data10_GSM5664357_TTCTTCCTCAACCTTT-1,0,gemcitabine
Data10_GSM5664357_TTCTTCCTCACGAACT-1,0,gemcitabine
Data10_GSM5664357_TTCTTGAAGATCGCTT-1,0,gemcitabine
Data10_GSM5664357_TTCTTGAAGCCATATC-1,0,gemcitabine
Data10_GSM5664357_TTCTTGAAGGCCACTC-1,0,gemcitabine
Data10_GSM5664357_TTCTTGAAGGCGATAC-1,0,gemcitabine
Data10_GSM5664357_TTCTTGAAGTGGACGT-1,0,gemcitabine
Data10_GSM5664357_TTCTTGAGTCGCAACC-1,0,gemcitabine
Data10_GSM5664357_TTCTTGATCGTAGGAG-1,0,gemcitabine
Data10_GSM5664357_TTCTTGATCTTCCGTG-1,0,gemcitabine
Data10_GSM5664357_TTGAACGAGCTCGTGC-1,0,gemcitabine
Data10_GSM5664357_TTGAACGCAACAAGTA-1,0,gemcitabine
Data10_GSM5664357_TTGAACGCAGAAATCA-1,0,gemcitabine
Data10_GSM5664357_TTGAACGTCCAGTTCC-1,0,gemcitabine
Data10_GSM5664357_TTGACCCAGGTCCGAA-1,0,gemcitabine
Data10_GSM5664357_TTGACCCCACTTCATT-1,0,gemcitabine
Data10_GSM5664357_TTGACCCTCAGCGCGT-1,0,gemcitabine
Data10_GSM5664357_TTGACCCTCGAGGCAA-1,0,gemcitabine
Data10_GSM5664357_TTGAGTGCAGTCGAGA-1,0,gemcitabine
Data10_GSM5664357_TTGAGTGTCCAAACCA-1,0,gemcitabine
Data10_GSM5664357_TTGAGTGTCCATCTGC-1,0,gemcitabine
Data10_GSM5664357_TTGAGTGTCCCTTTGG-1,0,gemcitabine
Data10_GSM5664357_TTGATGGAGGAGGTTC-1,0,gemcitabine
Data10_GSM5664357_TTGATGGAGGCACAAC-1,0,gemcitabine
Data10_GSM5664357_TTGATGGAGGTAATCA-1,0,gemcitabine
Data10_GSM5664357_TTGATGGCAGGACTAG-1,0,gemcitabine
Data10_GSM5664357_TTGATGGCAGTCTTCC-1,0,gemcitabine
Data10_GSM5664357_TTGATGGTCTTCTAAC-1,0,gemcitabine
Data10_GSM5664357_TTGCATTCAACAGTGG-1,0,gemcitabine
Data10_GSM5664357_TTGCATTCAGTGAGCA-1,0,gemcitabine
Data10_GSM5664357_TTGCATTCATGAAGGC-1,0,gemcitabine
Data10_GSM5664357_TTGCCTGGTGGGCTTC-1,0,gemcitabine
Data10_GSM5664357_TTGCCTGTCTTTGCGC-1,0,gemcitabine
Data10_GSM5664357_TTGCGTCAGCGTACAG-1,0,gemcitabine
Data10_GSM5664357_TTGCGTCCACTTCCTG-1,0,gemcitabine
Data10_GSM5664357_TTGCGTCCAGACCATT-1,0,gemcitabine
Data10_GSM5664357_TTGCGTCGTCTCCCTA-1,0,gemcitabine
Data10_GSM5664357_TTGCGTCGTTTCCAAG-1,0,gemcitabine
Data10_GSM5664357_TTGCGTCTCCCAGCGA-1,0,gemcitabine
Data10_GSM5664357_TTGCGTCTCTATTCGT-1,0,gemcitabine
Data10_GSM5664357_TTGCTGCCAATGGCAG-1,0,gemcitabine
Data10_GSM5664357_TTGCTGCCAGTCGGAA-1,0,gemcitabine
Data10_GSM5664357_TTGCTGCCATGTGCCG-1,0,gemcitabine
Data10_GSM5664357_TTGCTGCGTCAAGCCC-1,0,gemcitabine
Data10_GSM5664357_TTGCTGCTCATTCTTG-1,0,gemcitabine
Data10_GSM5664357_TTGCTGCTCCGGACGT-1,0,gemcitabine
Data10_GSM5664357_TTGCTGCTCGTCTAAG-1,0,gemcitabine
Data10_GSM5664357_TTGGATGAGCGCATCC-1,0,gemcitabine
Data10_GSM5664357_TTGGATGAGTCATGGG-1,0,gemcitabine
Data10_GSM5664357_TTGGATGTCGGCGATC-1,0,gemcitabine
Data10_GSM5664357_TTGGGATCAACACTAC-1,0,gemcitabine
Data10_GSM5664357_TTGGGATCAATGGCAG-1,0,gemcitabine
Data10_GSM5664357_TTGGGATCACAAGGTG-1,0,gemcitabine
Data10_GSM5664357_TTGGGATGTTATCTGG-1,0,gemcitabine
Data10_GSM5664357_TTGGGATTCACGGTCG-1,0,gemcitabine
Data10_GSM5664357_TTGGGATTCTTCTTCC-1,0,gemcitabine
Data10_GSM5664357_TTGGGCGAGTAGACCG-1,0,gemcitabine
Data10_GSM5664357_TTGGGCGCACGGTAGA-1,0,gemcitabine
Data10_GSM5664357_TTGGGCGCATAACAGA-1,0,gemcitabine
Data10_GSM5664357_TTGGGCGGTATCGCTA-1,0,gemcitabine
Data10_GSM5664357_TTGGGCGGTCGCAGTC-1,0,gemcitabine
Data10_GSM5664357_TTGGGTACAGTTTCGA-1,0,gemcitabine
Data10_GSM5664357_TTGGGTATCCCATACC-1,0,gemcitabine
Data10_GSM5664357_TTGGTTTCACGCGCTA-1,0,gemcitabine
Data10_GSM5664357_TTGGTTTCAGACCATT-1,0,gemcitabine
Data10_GSM5664357_TTGGTTTGTCGAAGCA-1,0,gemcitabine
Data10_GSM5664357_TTGTGGAAGGGTTGCA-1,0,gemcitabine
Data10_GSM5664357_TTGTGGAAGTGATAAC-1,0,gemcitabine
Data10_GSM5664357_TTGTGGACACCTTCGT-1,0,gemcitabine
Data10_GSM5664357_TTGTGGACATCGCTGG-1,0,gemcitabine
Data10_GSM5664357_TTGTGGAGTGCCTTCT-1,0,gemcitabine
Data10_GSM5664357_TTGTGGATCACTGATG-1,0,gemcitabine
Data10_GSM5664357_TTGTGGATCCAGTGTA-1,0,gemcitabine
Data10_GSM5664357_TTGTGGATCGACGAGA-1,0,gemcitabine
Data10_GSM5664357_TTGTGTTAGGCCTAGA-1,0,gemcitabine
Data10_GSM5664357_TTGTGTTCAAACTAAG-1,0,gemcitabine
Data10_GSM5664357_TTGTGTTCATCTATCT-1,0,gemcitabine
Data10_GSM5664357_TTGTGTTTCAGCGTCG-1,0,gemcitabine
Data10_GSM5664357_TTGTGTTTCTTAGCTT-1,0,gemcitabine
Data10_GSM5664357_TTGTTCAAGCGAACTG-1,0,gemcitabine
Data10_GSM5664357_TTGTTCACACACCTGG-1,0,gemcitabine
Data10_GSM5664357_TTGTTCACACCAGCCA-1,0,gemcitabine
Data10_GSM5664357_TTGTTCAGTTCTTAGG-1,0,gemcitabine
Data10_GSM5664357_TTGTTCATCCCGTTGT-1,0,gemcitabine
Data10_GSM5664357_TTGTTGTTCATGCTAG-1,0,gemcitabine
Data10_GSM5664357_TTGTTGTTCGAACCTA-1,0,gemcitabine
Data10_GSM5664357_TTGTTGTTCGCCAGTG-1,0,gemcitabine
Data10_GSM5664357_TTGTTGTTCTAGACCA-1,0,gemcitabine
Data10_GSM5664357_TTGTTTGAGACAACTA-1,0,gemcitabine
Data10_GSM5664357_TTGTTTGAGTCAATCC-1,0,gemcitabine
Data10_GSM5664357_TTGTTTGCATCTGGGC-1,0,gemcitabine
Data10_GSM5664357_TTGTTTGGTGACAGCA-1,0,gemcitabine
Data10_GSM5664357_TTGTTTGTCCTTATAC-1,0,gemcitabine
Data10_GSM5664357_TTTACCAGTAAGGCTG-1,0,gemcitabine
Data10_GSM5664357_TTTACCAGTAGTATAG-1,0,gemcitabine
Data10_GSM5664357_TTTACCAGTCCGGACT-1,0,gemcitabine
Data10_GSM5664357_TTTACCAGTGACACAG-1,0,gemcitabine
Data10_GSM5664357_TTTACCAGTTAGGGAC-1,0,gemcitabine
Data10_GSM5664357_TTTACGTAGTTTGCTG-1,0,gemcitabine
Data10_GSM5664357_TTTACGTCAGCTCTGG-1,0,gemcitabine
Data10_GSM5664357_TTTACGTCATAACTCG-1,0,gemcitabine
Data10_GSM5664357_TTTACGTGTAGCTTAC-1,0,gemcitabine
Data10_GSM5664357_TTTACGTGTCGAATGG-1,0,gemcitabine
Data10_GSM5664357_TTTACGTTCCGTGTAA-1,0,gemcitabine
Data10_GSM5664357_TTTACGTTCTACTCAT-1,0,gemcitabine
Data10_GSM5664357_TTTACTGAGGATTTAG-1,0,gemcitabine
Data10_GSM5664357_TTTACTGCAGTTAGGG-1,0,gemcitabine
Data10_GSM5664357_TTTACTGCATTGAGGG-1,0,gemcitabine
Data10_GSM5664357_TTTACTGGTCAACGCC-1,0,gemcitabine
Data10_GSM5664357_TTTACTGGTGAAGCTG-1,0,gemcitabine
Data10_GSM5664357_TTTACTGGTGAATGTA-1,0,gemcitabine
Data10_GSM5664357_TTTACTGGTGTACGCC-1,0,gemcitabine
Data10_GSM5664357_TTTACTGGTTAAGTCC-1,0,gemcitabine
Data10_GSM5664357_TTTACTGTCATAAGGA-1,0,gemcitabine
Data10_GSM5664357_TTTACTGTCCCTATTA-1,0,gemcitabine
Data10_GSM5664357_TTTACTGTCTGCTTTA-1,0,gemcitabine
Data10_GSM5664357_TTTAGTCAGATCCTAC-1,0,gemcitabine
Data10_GSM5664357_TTTAGTCAGCCAACCC-1,0,gemcitabine
Data10_GSM5664357_TTTAGTCAGGCATGGT-1,0,gemcitabine
Data10_GSM5664357_TTTAGTCCAAGTTGGG-1,0,gemcitabine
Data10_GSM5664357_TTTAGTCCACAAGCTT-1,0,gemcitabine
Data10_GSM5664357_TTTAGTCCAGCTGAGA-1,0,gemcitabine
Data10_GSM5664357_TTTAGTCGTACTCGAT-1,0,gemcitabine
Data10_GSM5664357_TTTATGCAGATTGAGT-1,0,gemcitabine
Data10_GSM5664357_TTTATGCCAAAGAACT-1,0,gemcitabine
Data10_GSM5664357_TTTATGCCATGGAAGC-1,0,gemcitabine
Data10_GSM5664357_TTTATGCGTACAGTAA-1,0,gemcitabine
Data10_GSM5664357_TTTATGCTCCACAAGT-1,0,gemcitabine
Data10_GSM5664357_TTTATGCTCTAGATCG-1,0,gemcitabine
Data10_GSM5664357_TTTCACAAGTCGAAGC-1,0,gemcitabine
Data10_GSM5664357_TTTCACACACATTGTG-1,0,gemcitabine
Data10_GSM5664357_TTTCACACACTTGAAC-1,0,gemcitabine
Data10_GSM5664357_TTTCACACAGTATTCG-1,0,gemcitabine
Data10_GSM5664357_TTTCACATCCGTGTGG-1,0,gemcitabine
Data10_GSM5664357_TTTCACATCTCTTCAA-1,0,gemcitabine
Data10_GSM5664357_TTTCAGTAGCACACCC-1,0,gemcitabine
Data10_GSM5664357_TTTCAGTAGCATGTTC-1,0,gemcitabine
Data10_GSM5664357_TTTCAGTCAAATACGA-1,0,gemcitabine
Data10_GSM5664357_TTTCAGTGTGGCTCTG-1,0,gemcitabine
Data10_GSM5664357_TTTCAGTTCACCATAG-1,0,gemcitabine
Data10_GSM5664357_TTTCATGTCTGTCCGT-1,0,gemcitabine
Data10_GSM5664357_TTTCCTCGTCGAGTTT-1,0,gemcitabine
Data10_GSM5664357_TTTCCTCTCATCGCTC-1,0,gemcitabine
Data10_GSM5664357_TTTCCTCTCATTCCTA-1,0,gemcitabine
Data10_GSM5664357_TTTCCTCTCCACTTCG-1,0,gemcitabine
Data10_GSM5664357_TTTCCTCTCCGGACTG-1,0,gemcitabine
Data10_GSM5664357_TTTCCTCTCCTGTTAT-1,0,gemcitabine
Data10_GSM5664357_TTTCCTCTCTGGTGCG-1,0,gemcitabine
Data10_GSM5664357_TTTCGATGTTGGAGGT-1,0,gemcitabine
Data10_GSM5664357_TTTCGATTCAGACCGC-1,0,gemcitabine
Data10_GSM5664357_TTTCGATTCATTGTTC-1,0,gemcitabine
Data10_GSM5664357_TTTGACTAGAGTCAGC-1,0,gemcitabine
Data10_GSM5664357_TTTGACTAGTTGCATC-1,0,gemcitabine
Data10_GSM5664357_TTTGACTTCAAGTGGG-1,0,gemcitabine
Data10_GSM5664357_TTTGACTTCCAACTGA-1,0,gemcitabine
Data10_GSM5664357_TTTGACTTCGACATCA-1,0,gemcitabine
Data10_GSM5664357_TTTGATCAGAGATCGC-1,0,gemcitabine
Data10_GSM5664357_TTTGATCAGCACTCTA-1,0,gemcitabine
Data10_GSM5664357_TTTGATCCAACGATCT-1,0,gemcitabine
Data10_GSM5664357_TTTGATCCATAGAAAC-1,0,gemcitabine
Data10_GSM5664357_TTTGATCTCCGAAATC-1,0,gemcitabine
Data10_GSM5664357_TTTGATCTCGAATCCA-1,0,gemcitabine
Data10_GSM5664357_TTTGGAGAGACGCAGT-1,0,gemcitabine
Data10_GSM5664357_TTTGGAGAGAGCAACC-1,0,gemcitabine
Data10_GSM5664357_TTTGGAGAGTCGCCCA-1,0,gemcitabine
Data10_GSM5664357_TTTGGAGCACGGTCTG-1,0,gemcitabine
Data10_GSM5664357_TTTGGAGTCAAGTCTG-1,0,gemcitabine
Data10_GSM5664357_TTTGGTTCAGCTCGGT-1,0,gemcitabine
Data10_GSM5664357_TTTGGTTGTAGCTGCC-1,0,gemcitabine
Data10_GSM5664357_TTTGGTTTCAAGCTGT-1,0,gemcitabine
Data10_GSM5664357_TTTGGTTTCACCGACG-1,0,gemcitabine
Data10_GSM5664357_TTTGGTTTCGAGTGGA-1,0,gemcitabine
Data10_GSM5664357_TTTGGTTTCTGCATAG-1,0,gemcitabine
Data10_GSM5664357_TTTGTTGAGAACTCCT-1,0,gemcitabine
Data10_GSM5664357_TTTGTTGAGAAGCGCT-1,0,gemcitabine
Data10_GSM5664357_TTTGTTGAGGCCCACT-1,0,gemcitabine
Data10_GSM5664357_TTTGTTGAGGTGCCTC-1,0,gemcitabine
Data10_GSM5664357_TTTGTTGCAAATACAG-1,0,gemcitabine
Data10_GSM5664357_TTTGTTGGTCGCATCG-1,0,gemcitabine
Data12_GSM4161452,1,docetaxel
Data12_GSM4161453,1,docetaxel
Data12_GSM4161454,1,docetaxel
Data12_GSM4161455,1,docetaxel
Data12_GSM4161456,1,docetaxel
Data12_GSM4161457,1,docetaxel
Data12_GSM4161458,1,docetaxel
Data12_GSM4161459,1,docetaxel
Data12_GSM4161460,1,docetaxel
Data12_GSM4161461,1,docetaxel
Data12_GSM4161462,1,docetaxel
Data12_GSM4161463,1,docetaxel
Data12_GSM4161464,1,docetaxel
Data12_GSM4161465,1,docetaxel
Data12_GSM4161467,1,docetaxel
Data12_GSM4161469,1,docetaxel
Data12_GSM4161473,1,docetaxel
Data12_GSM4161474,1,docetaxel
Data12_GSM4161475,1,docetaxel
Data12_GSM4161476,1,docetaxel
Data12_GSM4161477,1,docetaxel
Data12_GSM4161478,1,docetaxel
Data12_GSM4161479,1,docetaxel
Data12_GSM4161480,1,docetaxel
Data12_GSM4161481,1,docetaxel
Data12_GSM4161482,1,docetaxel
Data12_GSM4161483,1,docetaxel
Data12_GSM4161484,1,docetaxel
Data12_GSM4161485,1,docetaxel
Data12_GSM4161486,1,docetaxel
Data12_GSM4161487,1,docetaxel
Data12_GSM4161488,1,docetaxel
Data12_GSM4161489,1,docetaxel
Data12_GSM4161490,1,docetaxel
Data12_GSM4161491,1,docetaxel
Data12_GSM4161492,1,docetaxel
Data12_GSM4161493,1,docetaxel
Data12_GSM4161494,1,docetaxel
Data12_GSM4161495,1,docetaxel
Data12_GSM4161496,1,docetaxel
Data12_GSM4161497,1,docetaxel
Data12_GSM4161498,1,docetaxel
Data12_GSM4161500,1,docetaxel
Data12_GSM4161501,1,docetaxel
Data12_GSM4161502,1,docetaxel
Data12_GSM4161503,1,docetaxel
Data12_GSM4161504,1,docetaxel
Data12_GSM4161505,1,docetaxel
Data12_GSM4161506,1,docetaxel
Data12_GSM4161507,1,docetaxel
Data12_GSM4161508,1,docetaxel
Data12_GSM4161509,1,docetaxel
Data12_GSM4161512,1,docetaxel
Data12_GSM4161513,1,docetaxel
Data12_GSM4161514,1,docetaxel
Data12_GSM4161515,1,docetaxel
Data12_GSM4161516,1,docetaxel
Data12_GSM4161519,1,docetaxel
Data12_GSM4161520,1,docetaxel
Data12_GSM4161521,1,docetaxel
Data12_GSM4161524,0,docetaxel
Data12_GSM4161525,0,docetaxel
Data12_GSM4161526,0,docetaxel
Data12_GSM4161527,0,docetaxel
Data12_GSM4161528,0,docetaxel
Data12_GSM4161529,0,docetaxel
Data12_GSM4161530,0,docetaxel
Data12_GSM4161531,0,docetaxel
Data12_GSM4161532,0,docetaxel
Data12_GSM4161533,0,docetaxel
Data12_GSM4161534,0,docetaxel
Data12_GSM4161535,0,docetaxel
Data12_GSM4161536,0,docetaxel
Data12_GSM4161537,0,docetaxel
Data12_GSM4161538,0,docetaxel
Data12_GSM4161539,0,docetaxel
Data12_GSM4161540,0,docetaxel
Data12_GSM4161541,0,docetaxel
Data12_GSM4161542,0,docetaxel
Data12_GSM4161543,0,docetaxel
Data12_GSM4161544,0,docetaxel
Data12_GSM4161545,0,docetaxel
Data12_GSM4161546,0,docetaxel
Data12_GSM4161547,0,docetaxel
Data12_GSM4161548,0,docetaxel
Data12_GSM4161549,0,docetaxel
Data12_GSM4161550,0,docetaxel
Data12_GSM4161551,0,docetaxel
Data12_GSM4161552,0,docetaxel
Data12_GSM4161553,0,docetaxel
Data12_GSM4161555,0,docetaxel
Data12_GSM4161556,0,docetaxel
Data12_GSM4161557,0,docetaxel
Data12_GSM4161558,0,docetaxel
Data12_GSM4161559,0,docetaxel
Data12_GSM4161560,0,docetaxel
Data12_GSM4161561,0,docetaxel
Data12_GSM4161562,0,docetaxel
Data12_GSM4161563,0,docetaxel
Data12_GSM4161564,0,docetaxel
Data12_GSM4161565,0,docetaxel
Data12_GSM4161566,0,docetaxel
Data12_GSM4161567,0,docetaxel
Data12_GSM4161568,0,docetaxel
Data12_GSM4161569,0,docetaxel
Data12_GSM4161570,0,docetaxel
Data12_GSM4161571,0,docetaxel
Data12_GSM4161572,0,docetaxel
Data12_GSM4161573,0,docetaxel
Data12_GSM4161574,0,docetaxel
Data12_GSM4161575,0,docetaxel
Data12_GSM4161576,0,docetaxel
Data12_GSM4161577,0,docetaxel
Data12_GSM4161578,0,docetaxel
Data12_GSM4161580,0,docetaxel
Data12_GSM4161581,0,docetaxel
Data12_GSM4161582,0,docetaxel
Data12_GSM4161583,0,docetaxel
Data12_GSM4161584,0,docetaxel
Data12_GSM4161585,0,docetaxel
Data12_GSM4161586,0,docetaxel
Data12_GSM4161587,0,docetaxel
Data12_GSM4161588,0,docetaxel
Data12_GSM4161589,0,docetaxel
Data12_GSM4161590,0,docetaxel
Data12_GSM4161591,0,docetaxel
Data12_GSM4161592,0,docetaxel
Data12_GSM4161593,0,docetaxel
Data12_GSM4161594,0,docetaxel
Data12_GSM4161596,1,docetaxel
Data12_GSM4161597,1,docetaxel
Data12_GSM4161598,1,docetaxel
Data12_GSM4161599,1,docetaxel
Data12_GSM4161600,1,docetaxel
Data12_GSM4161601,1,docetaxel
Data12_GSM4161602,1,docetaxel
Data12_GSM4161603,1,docetaxel
Data12_GSM4161605,1,docetaxel
Data12_GSM4161606,1,docetaxel
Data12_GSM4161608,1,docetaxel
Data12_GSM4161610,1,docetaxel
Data12_GSM4161611,1,docetaxel
Data12_GSM4161613,1,docetaxel
Data12_GSM4161614,1,docetaxel
Data12_GSM4161617,1,docetaxel
Data12_GSM4161621,1,docetaxel
Data12_GSM4161622,1,docetaxel
Data12_GSM4161623,1,docetaxel
Data12_GSM4161624,1,docetaxel
Data12_GSM4161625,1,docetaxel
Data12_GSM4161626,1,docetaxel
Data12_GSM4161627,1,docetaxel
Data12_GSM4161628,1,docetaxel
Data12_GSM4161629,1,docetaxel
Data12_GSM4161630,1,docetaxel
Data12_GSM4161631,1,docetaxel
Data12_GSM4161633,1,docetaxel
Data12_GSM4161634,1,docetaxel
Data12_GSM4161635,1,docetaxel
Data12_GSM4161636,1,docetaxel
Data12_GSM4161637,1,docetaxel
Data12_GSM4161638,1,docetaxel
Data12_GSM4161639,1,docetaxel
Data12_GSM4161640,1,docetaxel
Data12_GSM4161641,1,docetaxel
Data12_GSM4161642,1,docetaxel
Data12_GSM4161643,1,docetaxel
Data12_GSM4161644,1,docetaxel
Data12_GSM4161645,1,docetaxel
Data12_GSM4161646,1,docetaxel
Data12_GSM4161647,1,docetaxel
Data12_GSM4161648,1,docetaxel
Data12_GSM4161649,1,docetaxel
Data12_GSM4161652,1,docetaxel
Data12_GSM4161653,1,docetaxel
Data12_GSM4161654,1,docetaxel
Data12_GSM4161655,1,docetaxel
Data12_GSM4161656,1,docetaxel
Data12_GSM4161657,1,docetaxel
Data12_GSM4161658,1,docetaxel
Data12_GSM4161660,1,docetaxel
Data12_GSM4161661,1,docetaxel
Data12_GSM4161662,1,docetaxel
Data12_GSM4161663,1,docetaxel
Data12_GSM4161664,1,docetaxel
Data12_GSM4161665,1,docetaxel
Data12_GSM4161667,1,docetaxel
Data12_GSM4161668,1,docetaxel
Data12_GSM4161669,1,docetaxel
Data12_GSM4161670,1,docetaxel
Data12_GSM4161671,1,docetaxel
Data12_GSM4161672,1,docetaxel
Data12_GSM4161673,1,docetaxel
Data12_GSM4161674,1,docetaxel
Data12_GSM4161675,1,docetaxel
Data12_GSM4161676,1,docetaxel
Data12_GSM4161677,1,docetaxel
Data12_GSM4161678,1,docetaxel
Data12_GSM4161679,1,docetaxel
Data12_GSM4161680,1,docetaxel
Data12_GSM4161682,1,docetaxel
Data12_GSM4161683,1,docetaxel
Data12_GSM4161684,1,docetaxel
Data12_GSM4161686,0,docetaxel
Data12_GSM4161687,0,docetaxel
Data12_GSM4161688,0,docetaxel
Data12_GSM4161690,0,docetaxel
Data12_GSM4161691,0,docetaxel
Data12_GSM4161692,0,docetaxel
Data12_GSM4161693,0,docetaxel
Data12_GSM4161694,0,docetaxel
Data12_GSM4161695,0,docetaxel
Data12_GSM4161696,0,docetaxel
Data12_GSM4161697,0,docetaxel
Data12_GSM4161698,0,docetaxel
Data12_GSM4161699,0,docetaxel
Data12_GSM4161700,0,docetaxel
Data12_GSM4161702,0,docetaxel
Data12_GSM4161703,0,docetaxel
Data12_GSM4161704,0,docetaxel
Data12_GSM4161705,0,docetaxel
Data12_GSM4161706,0,docetaxel
Data12_GSM4161707,0,docetaxel
Data12_GSM4161708,0,docetaxel
Data12_GSM4161709,0,docetaxel
Data12_GSM4161710,0,docetaxel
Data12_GSM4161711,0,docetaxel
Data12_GSM4161712,0,docetaxel
Data12_GSM4161713,0,docetaxel
Data12_GSM4161714,0,docetaxel
Data12_GSM4161715,0,docetaxel
Data12_GSM4161716,0,docetaxel
Data12_GSM4161717,0,docetaxel
Data12_GSM4161718,0,docetaxel
Data12_GSM4161719,0,docetaxel
Data12_GSM4161720,0,docetaxel
Data12_GSM4161721,0,docetaxel
Data12_GSM4161722,0,docetaxel
Data12_GSM4161723,0,docetaxel
Data12_GSM4161724,0,docetaxel
Data12_GSM4161725,0,docetaxel
Data12_GSM4161727,0,docetaxel
Data12_GSM4161728,0,docetaxel
Data12_GSM4161729,0,docetaxel
Data12_GSM4161731,0,docetaxel
Data12_GSM4161732,0,docetaxel
Data12_GSM4161733,0,docetaxel
Data12_GSM4161734,0,docetaxel
Data12_GSM4161735,0,docetaxel
Data12_GSM4161736,0,docetaxel
Data12_GSM4161737,0,docetaxel
Data12_GSM4161738,0,docetaxel
Data12_GSM4161739,0,docetaxel
Data12_GSM4161740,0,docetaxel
Data12_GSM4161741,0,docetaxel
Data12_GSM4161742,0,docetaxel
Data12_GSM4161743,0,docetaxel
Data12_GSM4161744,0,docetaxel
Data12_GSM4161745,0,docetaxel
Data12_GSM4161746,0,docetaxel
Data12_GSM4161747,0,docetaxel
Data12_GSM4161748,0,docetaxel
Data12_GSM4161750,0,docetaxel
Data12_GSM4161751,0,docetaxel
Data12_GSM4161752,0,docetaxel
Data12_GSM4161753,0,docetaxel
Data12_GSM4161755,0,docetaxel
Data12_GSM4161756,0,docetaxel
Data12_GSM4161758,0,docetaxel
Data12_GSM4161759,0,docetaxel
Data12_GSM4161761,0,docetaxel
Data12_GSM4161762,0,docetaxel
Data12_GSM4161763,0,docetaxel
Data12_GSM4161764,0,docetaxel
Data12_GSM4161765,0,docetaxel
Data12_GSM4161766,0,docetaxel
Data12_GSM4161767,0,docetaxel
Data12_GSM4161768,0,docetaxel
Data12_GSM4161770,0,docetaxel
Data12_GSM4161771,0,docetaxel
Data12_GSM4161772,0,docetaxel
Data12_GSM4161773,0,docetaxel
Data12_GSM4161774,0,docetaxel
Data12_GSM4161775,0,docetaxel
Data27_AAACCTGTCTGGCGTG.1,1,paclitaxel
Data27_AAACCTGTCTTTCCTC.1,1,paclitaxel
Data27_AAAGCAAAGGCTAGGT.1,1,paclitaxel
Data27_AAAGCAACAGTGACAG.1,1,paclitaxel
Data27_AAAGTAGCAGGGCATA.1,1,paclitaxel
Data27_AAAGTAGTCCACGACG.1,1,paclitaxel
Data27_AAATGCCGTGCTTCTC.1,1,paclitaxel
Data27_AACACGTGTCCAAGTT.1,1,paclitaxel
Data27_AACCATGCACAAGACG.1,1,paclitaxel
Data27_AACTCAGCAGCGTCCA.1,1,paclitaxel
Data27_AACTCAGCATGGGACA.1,1,paclitaxel
Data27_AACTCCCGTACGACCC.1,1,paclitaxel
Data27_AACTCTTAGATACACA.1,1,paclitaxel
Data27_AACTCTTCACAGACTT.1,1,paclitaxel
Data27_AACTGGTGTGTAATGA.1,1,paclitaxel
Data27_AACTTTCAGATGTTAG.1,1,paclitaxel
Data27_AACTTTCCACATCTTT.1,1,paclitaxel
Data27_AACTTTCGTCAAGCGA.1,1,paclitaxel
Data27_AACTTTCGTCGGCACT.1,1,paclitaxel
Data27_AAGGAGCAGTAGCGGT.1,1,paclitaxel
Data27_AAGGCAGCAATGGTCT.1,1,paclitaxel
Data27_AAGGTTCCAGACGCCT.1,1,paclitaxel
Data27_AAGTCTGTCAGCTCTC.1,1,paclitaxel
Data27_AATCCAGCACTGCCAG.1,1,paclitaxel
Data27_AATCCAGTCGAATGCT.1,1,paclitaxel
Data27_AATCGGTAGCCGTCGT.1,1,paclitaxel
Data27_AATCGGTGTATCAGTC.1,1,paclitaxel
Data27_ACACCCTAGCTGAACG.1,1,paclitaxel
Data27_ACACCCTAGTGCCATT.1,1,paclitaxel
Data27_ACACCCTAGTTGTAGA.1,1,paclitaxel
Data27_ACACCGGAGACTAAGT.1,1,paclitaxel
Data27_ACACTGAGTAGGCTGA.1,1,paclitaxel
Data27_ACAGCCGTCTCTGTCG.1,1,paclitaxel
Data27_ACAGCTAAGAGATGAG.1,1,paclitaxel
Data27_ACATCAGAGCCATCGC.1,1,paclitaxel
Data27_ACATCAGTCGACAGCC.1,1,paclitaxel
Data27_ACATGGTAGCTTATCG.1,1,paclitaxel
Data27_ACATGGTCACCAGGTC.1,1,paclitaxel
Data27_ACCAGTACACACATGT.1,1,paclitaxel
Data27_ACCAGTAGTTGAGTTC.1,1,paclitaxel
Data27_ACCAGTATCACATAGC.1,1,paclitaxel
Data27_ACCGTAACAAACCCAT.1,1,paclitaxel
Data27_ACCTTTAAGATGTGGC.1,1,paclitaxel
Data27_ACCTTTACAATTCCTT.1,1,paclitaxel
Data27_ACGAGCCTCATTGCCC.1,1,paclitaxel
Data27_ACGAGCCTCATTGCGA.1,1,paclitaxel
Data27_ACGAGGATCCCTAACC.1,1,paclitaxel
Data27_ACGATACAGGCCGAAT.1,1,paclitaxel
Data27_ACGATGTCAATCAGAA.1,1,paclitaxel
Data27_ACGATGTGTGGTCCGT.1,1,paclitaxel
Data27_ACGATGTTCAACCAAC.1,1,paclitaxel
Data27_ACGCAGCAGTTAGCGG.1,1,paclitaxel
Data27_ACGCAGCCATCTGGTA.1,1,paclitaxel
Data27_ACGCAGCGTAGGAGTC.1,1,paclitaxel
Data27_ACGCAGCGTTCGCTAA.1,1,paclitaxel
Data27_ACGCCAGCACAGACAG.1,1,paclitaxel
Data27_ACGCCAGCATGGGACA.1,1,paclitaxel
Data27_ACGCCGAGTGTAAGTA.1,1,paclitaxel
Data27_ACGCCGATCCTTTACA.1,1,paclitaxel
Data27_ACGGAGAGTTATCCGA.1,1,paclitaxel
Data27_ACGGGCTTCGTGACAT.1,1,paclitaxel
Data27_ACGGGTCTCGACGGAA.1,1,paclitaxel
Data27_ACTATCTAGCGCCTCA.1,1,paclitaxel
Data27_ACTATCTTCACCTCGT.1,1,paclitaxel
Data27_ACTATCTTCAGCTTAG.1,1,paclitaxel
Data27_ACTGAGTAGCACCGCT.1,1,paclitaxel
Data27_ACTGATGCAATGGACG.1,1,paclitaxel
Data27_ACTGCTCTCCAAGTAC.1,1,paclitaxel
Data27_ACTGTCCGTCGGATCC.1,1,paclitaxel
Data27_ACTTTCATCACAATGC.1,1,paclitaxel
Data27_ACTTTCATCATTATCC.1,1,paclitaxel
Data27_ACTTTCATCGGTGTTA.1,1,paclitaxel
Data27_AGAATAGAGTGCGTGA.1,1,paclitaxel
Data27_AGAATAGCAAGCGTAG.1,1,paclitaxel
Data27_AGAATAGCAGACAAGC.1,1,paclitaxel
Data27_AGACGTTGTAGAGCTG.1,1,paclitaxel
Data27_AGAGCGAGTAGATTAG.1,1,paclitaxel
Data27_AGAGCGATCCAATGGT.1,1,paclitaxel
Data27_AGAGCTTCATGCAACT.1,1,paclitaxel
Data27_AGAGCTTTCAACGGCC.1,1,paclitaxel
Data27_AGAGCTTTCCTATGTT.1,1,paclitaxel
Data27_AGATCTGAGGGAAACA.1,1,paclitaxel
Data27_AGATCTGAGTGGTAGC.1,1,paclitaxel
Data27_AGATCTGCAGATCGGA.1,1,paclitaxel
Data27_AGATCTGGTCCAGTTA.1,1,paclitaxel
Data27_AGATCTGGTCTCATCC.1,1,paclitaxel
Data27_AGATCTGTCGAATGCT.1,1,paclitaxel
Data27_AGCATACTCGTCTGCT.1,1,paclitaxel
Data27_AGCCTAATCAGTTTGG.1,1,paclitaxel
Data27_AGCGTATAGATGAGAG.1,1,paclitaxel
Data27_AGCGTATAGCTTATCG.1,1,paclitaxel
Data27_AGCGTCGAGCCGCCTA.1,1,paclitaxel
Data27_AGCGTCGAGTCATGCT.1,1,paclitaxel
Data27_AGCTCTCAGTTTGCGT.1,1,paclitaxel
Data27_AGGCCACAGGTGCTAG.1,1,paclitaxel
Data27_AGGCCACTCATCTGTT.1,1,paclitaxel
Data27_AGGCCACTCCATGCTC.1,1,paclitaxel
Data27_AGGCCGTCACGGCGTT.1,1,paclitaxel
Data27_AGGCCGTTCGCACTCT.1,1,paclitaxel
Data27_AGGGAGTGTTCAGGCC.1,1,paclitaxel
Data27_AGGGATGAGTACGTTC.1,1,paclitaxel
Data27_AGGGTGAAGAGGACGG.1,1,paclitaxel
Data27_AGGGTGACACAAGACG.1,1,paclitaxel
Data27_AGGTCATAGATCCTGT.1,1,paclitaxel
Data27_AGTCTTTGTGACAAAT.1,1,paclitaxel
Data27_AGTGGGAGTAGCGTAG.1,1,paclitaxel
Data27_AGTGTCAGTAATAGCA.1,1,paclitaxel
Data27_AGTTGGTCAATGAAAC.1,1,paclitaxel
Data27_AGTTGGTTCGCCATAA.1,1,paclitaxel
Data27_ATAACGCAGGGCTTGA.1,1,paclitaxel
Data27_ATAAGAGGTCTTGATG.1,1,paclitaxel
Data27_ATAGACCAGCAAATCA.1,1,paclitaxel
Data27_ATAGACCGTGAGGGAG.1,1,paclitaxel
Data27_ATCACGAAGCATCATC.1,1,paclitaxel
Data27_ATCACGACAAGGTTTC.1,1,paclitaxel
Data27_ATCACGAGTACTCTCC.1,1,paclitaxel
Data27_ATCACGATCCCTTGCA.1,1,paclitaxel
Data27_ATCACGATCTGTACGA.1,1,paclitaxel
Data27_ATCATCTGTGATGTCT.1,1,paclitaxel
Data27_ATCCACCAGGCTAGAC.1,1,paclitaxel
Data27_ATCCACCCAGCTGGCT.1,1,paclitaxel
Data27_ATCTACTCAAGCTGAG.1,1,paclitaxel
Data27_ATCTACTTCCCGGATG.1,1,paclitaxel
Data27_ATCTGCCGTGCCTTGG.1,1,paclitaxel
Data27_ATCTGCCTCCGTAGGC.1,1,paclitaxel
Data27_ATGAGGGAGCCAGAAC.1,1,paclitaxel
Data27_ATGAGGGCACTGCCAG.1,1,paclitaxel
Data27_ATGGGAGAGTGCAAGC.1,1,paclitaxel
Data27_ATGGGAGGTACCGCTG.1,1,paclitaxel
Data27_ATGTGTGAGTGTTTGC.1,1,paclitaxel
Data27_ATGTGTGGTCAATACC.1,1,paclitaxel
Data27_ATGTGTGTCGGATGGA.1,1,paclitaxel
Data27_ATTACTCCACCGGAAA.1,1,paclitaxel
Data27_ATTCTACCAACTGCGC.1,1,paclitaxel
Data27_ATTGGACGTAAGTAGT.1,1,paclitaxel
Data27_ATTGGACGTAATTGGA.1,1,paclitaxel
Data27_ATTGGACTCTAGCACA.1,1,paclitaxel
Data27_ATTGGTGAGAAGAAGC.1,1,paclitaxel
Data27_ATTGGTGCACCGCTAG.1,1,paclitaxel
Data27_ATTTCTGAGACGCAAC.1,1,paclitaxel
Data27_ATTTCTGTCTTTCCTC.1,1,paclitaxel
Data27_CAACCTCAGTAAGTAC.1,1,paclitaxel
Data27_CAACCTCCACCAGCAC.1,1,paclitaxel
Data27_CAACTAGTCAATCACG.1,1,paclitaxel
Data27_CAACTAGTCTGGTGTA.1,1,paclitaxel
Data27_CAAGAAACAGACTCGC.1,1,paclitaxel
Data27_CAAGGCCCAGACAGGT.1,1,paclitaxel
Data27_CAAGGCCGTGTAACGG.1,1,paclitaxel
Data27_CACACCTAGACTGTAA.1,1,paclitaxel
Data27_CACACTCCAATGACCT.1,1,paclitaxel
Data27_CACAGGCGTAAAGTCA.1,1,paclitaxel
Data27_CACAGGCTCCAATGGT.1,1,paclitaxel
Data27_CACAGTAAGACTCGGA.1,1,paclitaxel
Data27_CACAGTATCAAACAAG.1,1,paclitaxel
Data27_CACATTTTCAACGAAA.1,1,paclitaxel
Data27_CACCACTCACTCAGGC.1,1,paclitaxel
Data27_CACCACTTCACAGTAC.1,1,paclitaxel
Data27_CACCACTTCAGCGACC.1,1,paclitaxel
Data27_CACCTTGAGCGTAATA.1,1,paclitaxel
Data27_CACCTTGTCCTAAGTG.1,1,paclitaxel
Data27_CACTCCATCAGAGGTG.1,1,paclitaxel
Data27_CACTCCATCCTTGACC.1,1,paclitaxel
Data27_CAGAATCTCCAAACAC.1,1,paclitaxel
Data27_CAGAGAGTCCTACAGA.1,1,paclitaxel
Data27_CAGATCAAGGAGCGAG.1,1,paclitaxel
Data27_CAGCATAAGATCCGAG.1,1,paclitaxel
Data27_CAGCATAGTCAGAATA.1,1,paclitaxel
Data27_CAGCATAGTTCCAACA.1,1,paclitaxel
Data27_CAGCCGACAGGTCGTC.1,1,paclitaxel
Data27_CAGCTAAAGGCGTACA.1,1,paclitaxel
Data27_CAGCTGGTCTCTAAGG.1,1,paclitaxel
Data27_CAGTAACGTTCGAATC.1,1,paclitaxel
Data27_CAGTCCTTCTGGTTCC.1,1,paclitaxel
Data27_CATATTCTCCGCGGTA.1,1,paclitaxel
Data27_CATCAAGGTTATCACG.1,1,paclitaxel
Data27_CATCAGAAGCCGTCGT.1,1,paclitaxel
Data27_CATCAGAGTCATTAGC.1,1,paclitaxel
Data27_CATCCACGTAACGACG.1,1,paclitaxel
Data27_CATCCACTCCAGTAGT.1,1,paclitaxel
Data27_CATCCACTCCTATTCA.1,1,paclitaxel
Data27_CATCGAATCTGCTGTC.1,1,paclitaxel
Data27_CATCGGGAGTGCCAGA.1,1,paclitaxel
Data27_CATCGGGTCCTCCTAG.1,1,paclitaxel
Data27_CATCGGGTCTGTTTGT.1,1,paclitaxel
Data27_CATGACAAGCTTCGCG.1,1,paclitaxel
Data27_CATGACATCTTAGCCC.1,1,paclitaxel
Data27_CATGGCGGTATTCTCT.1,1,paclitaxel
Data27_CCAATCCAGGTTACCT.1,1,paclitaxel
Data27_CCACCTAAGAGGTTGC.1,1,paclitaxel
Data27_CCACCTACAAATCCGT.1,1,paclitaxel
Data27_CCACTACCATAGGATA.1,1,paclitaxel
Data27_CCACTACCATGCTGGC.1,1,paclitaxel
Data27_CCATGTCTCCTACAGA.1,1,paclitaxel
Data27_CCATTCGAGTCGTTTG.1,1,paclitaxel
Data27_CCCAATCTCACTTCAT.1,1,paclitaxel
Data27_CCCAGTTCACCACCAG.1,1,paclitaxel
Data27_CCCAGTTCATCCGGGT.1,1,paclitaxel
Data27_CCCATACGTCTGCAAT.1,1,paclitaxel
Data27_CCGGGATGTAAGTTCC.1,1,paclitaxel
Data27_CCGTACTTCCGCATCT.1,1,paclitaxel
Data27_CCGTTCACAAGCGAGT.1,1,paclitaxel
Data27_CCTAAAGAGAGTACCG.1,1,paclitaxel
Data27_CCTAAAGTCAGAAATG.1,1,paclitaxel
Data27_CCTAAAGTCCGCATCT.1,1,paclitaxel
Data27_CCTACACGTCTTGCGG.1,1,paclitaxel
Data27_CCTACACGTTAAGTAG.1,1,paclitaxel
Data27_CCTAGCTCAGGACGTA.1,1,paclitaxel
Data27_CCTATTAAGCGTTGCC.1,1,paclitaxel
Data27_CCTTACGAGAAACCTA.1,1,paclitaxel
Data27_CCTTACGAGACCGGAT.1,1,paclitaxel
Data27_CCTTACGTCGGAGCAA.1,1,paclitaxel
Data27_CCTTACGTCTCAAGTG.1,1,paclitaxel
Data27_CCTTCCCAGCGTTCCG.1,1,paclitaxel
Data27_CCTTCCCCATTCCTGC.1,1,paclitaxel
Data27_CCTTCCCGTGGGTATG.1,1,paclitaxel
Data27_CCTTCGAAGATGTGGC.1,1,paclitaxel
Data27_CGAACATAGTGGTAGC.1,1,paclitaxel
Data27_CGAACATCACCTATCC.1,1,paclitaxel
Data27_CGAATGTAGATACACA.1,1,paclitaxel
Data27_CGAATGTGTTCAGCGC.1,1,paclitaxel
Data27_CGACCTTCAGCAGTTT.1,1,paclitaxel
Data27_CGACCTTTCTACTATC.1,1,paclitaxel
Data27_CGACTTCCAAGCCGTC.1,1,paclitaxel
Data27_CGAGAAGTCTATCCTA.1,1,paclitaxel
Data27_CGAGCACAGGGAGTAA.1,1,paclitaxel
Data27_CGATCGGAGAACAATC.1,1,paclitaxel
Data27_CGATGGCCAGCCAGAA.1,1,paclitaxel
Data27_CGATGGCGTGTGAAAT.1,1,paclitaxel
Data27_CGATGGCGTTATCGGT.1,1,paclitaxel
Data27_CGATGTAGTCGAGTTT.1,1,paclitaxel
Data27_CGCTATCCAACACGCC.1,1,paclitaxel
Data27_CGCTATCGTATGGTTC.1,1,paclitaxel
Data27_CGCTTCACATAACCTG.1,1,paclitaxel
Data27_CGGACACAGTTTCCTT.1,1,paclitaxel
Data27_CGGACACGTTGAGTTC.1,1,paclitaxel
Data27_CGGACTGCACTTAACG.1,1,paclitaxel
Data27_CGGACTGTCCACGTGG.1,1,paclitaxel
Data27_CGGAGTCCACTGAAGG.1,1,paclitaxel
Data27_CGGCTAGAGCTAACTC.1,1,paclitaxel
Data27_CGTCACTCAGATCGGA.1,1,paclitaxel
Data27_CGTCACTGTCTAGTCA.1,1,paclitaxel
Data27_CGTCACTGTGCAGTAG.1,1,paclitaxel
Data27_CGTCACTTCTAGAGTC.1,1,paclitaxel
Data27_CGTCAGGCAAGCGTAG.1,1,paclitaxel
Data27_CGTCCATAGTCTCCTC.1,1,paclitaxel
Data27_CGTGAGCCAATGGACG.1,1,paclitaxel
Data27_CGTGAGCGTGCAACTT.1,1,paclitaxel
Data27_CGTGTAAGTAGCGCTC.1,1,paclitaxel
Data27_CGTGTCTTCCGCAAGC.1,1,paclitaxel
Data27_CGTTAGACAGGGTACA.1,1,paclitaxel
Data27_CGTTAGAGTAAGTTCC.1,1,paclitaxel
Data27_CGTTAGATCGGCGCTA.1,1,paclitaxel
Data27_CGTTCTGCAGCTTCGG.1,1,paclitaxel
Data27_CGTTGGGAGTGTTAGA.1,1,paclitaxel
Data27_CGTTGGGGTCCAGTTA.1,1,paclitaxel
Data27_CTAACTTAGATGTTAG.1,1,paclitaxel
Data27_CTAACTTCAAGCCATT.1,1,paclitaxel
Data27_CTAACTTGTACCGTAT.1,1,paclitaxel
Data27_CTAATGGCACCAACCG.1,1,paclitaxel
Data27_CTAATGGGTAAGGATT.1,1,paclitaxel
Data27_CTACACCTCCCAACGG.1,1,paclitaxel
Data27_CTACATTGTGGAAAGA.1,1,paclitaxel
Data27_CTACATTTCTTGTATC.1,1,paclitaxel
Data27_CTACCCAGTGCCTGGT.1,1,paclitaxel
Data27_CTAGCCTAGCTGCAAG.1,1,paclitaxel
Data27_CTAGCCTCATGACATC.1,1,paclitaxel
Data27_CTAGCCTGTCCCGACA.1,1,paclitaxel
Data27_CTAGTGAGTGATAAGT.1,1,paclitaxel
Data27_CTCAGAAAGTGGGATC.1,1,paclitaxel
Data27_CTCATTATCACCTCGT.1,1,paclitaxel
Data27_CTCCTAGAGAAACCGC.1,1,paclitaxel
Data27_CTCGTCAGTAAGAGAG.1,1,paclitaxel
Data27_CTCGTCATCTCTAGGA.1,1,paclitaxel
Data27_CTCTAATGTTAGTGGG.1,1,paclitaxel
Data27_CTCTACGAGCGATGAC.1,1,paclitaxel
Data27_CTCTACGTCGTAGGAG.1,1,paclitaxel
Data27_CTCTGGTGTCCGACGT.1,1,paclitaxel
Data27_CTGATAGCACTGAAGG.1,1,paclitaxel
Data27_CTGATCCCAAGACACG.1,1,paclitaxel
Data27_CTGATCCCAATTGCTG.1,1,paclitaxel
Data27_CTGATCCCACCTCGTT.1,1,paclitaxel
Data27_CTGATCCGTAATCGTC.1,1,paclitaxel
Data27_CTGATCCTCCGCAGTG.1,1,paclitaxel
Data27_CTGCCTAAGTGTCCAT.1,1,paclitaxel
Data27_CTGCCTATCGTTTAGG.1,1,paclitaxel
Data27_CTGCGGAGTACCTACA.1,1,paclitaxel
Data27_CTGCGGATCACAAACC.1,1,paclitaxel
Data27_CTGCTGTCAGTCTTCC.1,1,paclitaxel
Data27_CTGGTCTCACCTATCC.1,1,paclitaxel
Data27_CTGTGCTAGAAGGGTA.1,1,paclitaxel
Data27_CTGTGCTCAGCCTTGG.1,1,paclitaxel
Data27_CTGTGCTGTTGCGCAC.1,1,paclitaxel
Data27_CTGTTTAAGCTGTCTA.1,1,paclitaxel
Data27_CTGTTTAGTTTGTGTG.1,1,paclitaxel
Data27_CTGTTTATCGACGGAA.1,1,paclitaxel
Data27_CTGTTTATCGAGGTAG.1,1,paclitaxel
Data27_CTTAACTCAGTAAGCG.1,1,paclitaxel
Data27_CTTACCGCACATCTTT.1,1,paclitaxel
Data27_CTTAGGATCCCTTGTG.1,1,paclitaxel
Data27_CTTGGCTAGAAGCCCA.1,1,paclitaxel
Data27_CTTGGCTGTGACCAAG.1,1,paclitaxel
Data27_CTTGGCTTCACGACTA.1,1,paclitaxel
Data27_CTTGGCTTCTCGTTTA.1,1,paclitaxel
Data27_CTTTGCGCACTGAAGG.1,1,paclitaxel
Data27_CTTTGCGGTAGCGTAG.1,1,paclitaxel
Data27_CTTTGCGTCATTCACT.1,1,paclitaxel
Data27_GAAACTCAGCGTGAGT.1,1,paclitaxel
Data27_GAAACTCCAAGTTCTG.1,1,paclitaxel
Data27_GAAACTCGTAAAGGAG.1,1,paclitaxel
Data27_GAAACTCTCCTAAGTG.1,1,paclitaxel
Data27_GAAATGAGTCATATCG.1,1,paclitaxel
Data27_GAAATGAGTGCGGTAA.1,1,paclitaxel
Data27_GAACATCAGTGGTAAT.1,1,paclitaxel
Data27_GAACATCGTCAAACTC.1,1,paclitaxel
Data27_GAACCTACATTAACCG.1,1,paclitaxel
Data27_GAACCTAGTTTCCACC.1,1,paclitaxel
Data27_GAACCTATCGGCGCAT.1,1,paclitaxel
Data27_GAACGGACAGATGAGC.1,1,paclitaxel
Data27_GAATGAAAGGCTAGCA.1,1,paclitaxel
Data27_GAATGAACACGGCGTT.1,1,paclitaxel
Data27_GACACGCCACATTTCT.1,1,paclitaxel
Data27_GACACGCTCTCGTTTA.1,1,paclitaxel
Data27_GACCAATTCTTACCTA.1,1,paclitaxel
Data27_GACCTGGCACGGTAAG.1,1,paclitaxel
Data27_GACCTGGCACTAGTAC.1,1,paclitaxel
Data27_GACGCGTTCCTCCTAG.1,1,paclitaxel
Data27_GACGGCTCAACTTGAC.1,1,paclitaxel
Data27_GACGTGCGTATAGGTA.1,1,paclitaxel
Data27_GACTAACGTGTGACCC.1,1,paclitaxel
Data27_GACTAACGTTATCACG.1,1,paclitaxel
Data27_GACTACATCGGATGGA.1,1,paclitaxel
Data27_GACTACATCTGCGTAA.1,1,paclitaxel
Data27_GACTGCGGTTTGTGTG.1,1,paclitaxel
Data27_GACTGCGTCCGAATGT.1,1,paclitaxel
Data27_GAGCAGAAGCCGGTAA.1,1,paclitaxel
Data27_GAGCAGAAGCGGCTTC.1,1,paclitaxel
Data27_GAGCAGATCAACGGGA.1,1,paclitaxel
Data27_GAGGTGACACGTGAGA.1,1,paclitaxel
Data27_GAGGTGAGTCTGGTCG.1,1,paclitaxel
Data27_GAGTCCGCATGGGAAC.1,1,paclitaxel
Data27_GATCAGTGTAGAAGGA.1,1,paclitaxel
Data27_GATCAGTTCAACACTG.1,1,paclitaxel
Data27_GATCGCGCAACACGCC.1,1,paclitaxel
Data27_GATCGCGGTGCTGTAT.1,1,paclitaxel
Data27_GATCGTAGTACAGTGG.1,1,paclitaxel
Data27_GATCTAGGTACGAAAT.1,1,paclitaxel
Data27_GATGCTACATTCACTT.1,1,paclitaxel
Data27_GATTCAGGTGTTTGGT.1,1,paclitaxel
Data27_GCAAACTGTAACGACG.1,1,paclitaxel
Data27_GCAAACTGTCGCATAT.1,1,paclitaxel
Data27_GCAATCACAGGGAGAG.1,1,paclitaxel
Data27_GCACATACAAGCCTAT.1,1,paclitaxel
Data27_GCACATACATGAGCGA.1,1,paclitaxel
Data27_GCACTCTGTGTTTGTG.1,1,paclitaxel
Data27_GCACTCTTCTAACTTC.1,1,paclitaxel
Data27_GCAGTTACAATGGAAT.1,1,paclitaxel
Data27_GCATACACAAGAGGCT.1,1,paclitaxel
Data27_GCATACACACATGTGT.1,1,paclitaxel
Data27_GCATGCGAGGCTCTTA.1,1,paclitaxel
Data27_GCATGCGCATCCGCGA.1,1,paclitaxel
Data27_GCATGCGTCACATAGC.1,1,paclitaxel
Data27_GCATGTAAGAAACGCC.1,1,paclitaxel
Data27_GCCAAATAGGTTCCTA.1,1,paclitaxel
Data27_GCGACCACAGTCGATT.1,1,paclitaxel
Data27_GCGACCAGTGACTACT.1,1,paclitaxel
Data27_GCGACCATCAAAGACA.1,1,paclitaxel
Data27_GCGAGAATCTCAACTT.1,1,paclitaxel
Data27_GCGCAACGTCCCGACA.1,1,paclitaxel
Data27_GCGCAACGTCTGATCA.1,1,paclitaxel
Data27_GCGCAACGTGAAATCA.1,1,paclitaxel
Data27_GCGCAACTCATATCGG.1,1,paclitaxel
Data27_GCGCGATAGGCCCTTG.1,1,paclitaxel
Data27_GCGCGATAGTGGGCTA.1,1,paclitaxel
Data27_GCGCGATAGTGTTTGC.1,1,paclitaxel
Data27_GCGCGATTCTACTATC.1,1,paclitaxel
Data27_GCTCTGTAGCTGTTCA.1,1,paclitaxel
Data27_GCTGCAGCAATAGCAA.1,1,paclitaxel
Data27_GCTGCTTTCTTGTACT.1,1,paclitaxel
Data27_GCTTGAACAGCATGAG.1,1,paclitaxel
Data27_GCTTGAACAGTTCCCT.1,1,paclitaxel
Data27_GCTTGAACATGTAAGA.1,1,paclitaxel
Data27_GGAAAGCCAAAGGTGC.1,1,paclitaxel
Data27_GGAAAGCGTTAGATGA.1,1,paclitaxel
Data27_GGAACTTTCGAGAACG.1,1,paclitaxel
Data27_GGAATAAAGATGTTAG.1,1,paclitaxel
Data27_GGACAAGTCTTTAGGG.1,1,paclitaxel
Data27_GGACATTAGCACGCCT.1,1,paclitaxel
Data27_GGACATTTCTCGCTTG.1,1,paclitaxel
Data27_GGAGCAACAGCTGTGC.1,1,paclitaxel
Data27_GGATGTTAGAGGTTAT.1,1,paclitaxel
Data27_GGATGTTGTACAGTGG.1,1,paclitaxel
Data27_GGATGTTGTGGGTCAA.1,1,paclitaxel
Data27_GGATGTTGTTGAGTTC.1,1,paclitaxel
Data27_GGATTACCAATGTTGC.1,1,paclitaxel
Data27_GGCAATTAGGCACATG.1,1,paclitaxel
Data27_GGCAATTGTGCAACTT.1,1,paclitaxel
Data27_GGCAATTTCCACGTGG.1,1,paclitaxel
Data27_GGCCGATGTAGGCTGA.1,1,paclitaxel
Data27_GGCGACTAGAAGAAGC.1,1,paclitaxel
Data27_GGCGACTAGGTCGGAT.1,1,paclitaxel
Data27_GGCGTGTTCAGTACGT.1,1,paclitaxel
Data27_GGCTCGAAGTACGTAA.1,1,paclitaxel
Data27_GGCTCGAGTAGTACCT.1,1,paclitaxel
Data27_GGCTCGAGTCTAGAGG.1,1,paclitaxel
Data27_GGCTGGTAGAACTCGG.1,1,paclitaxel
Data27_GGGAATGAGCGAAGGG.1,1,paclitaxel
Data27_GGGACCTTCATCGGAT.1,1,paclitaxel
Data27_GGGACCTTCGGAAATA.1,1,paclitaxel
Data27_GGGAGATCAAGCGATG.1,1,paclitaxel
Data27_GGGATGATCCTTAATC.1,1,paclitaxel
Data27_GGGTCTGAGACATAAC.1,1,paclitaxel
Data27_GGGTTGCAGTAGCCGA.1,1,paclitaxel
Data27_GGGTTGCTCCTTGACC.1,1,paclitaxel
Data27_GGTGAAGAGACATAAC.1,1,paclitaxel
Data27_GGTGAAGAGTTCGATC.1,1,paclitaxel
Data27_GGTGAAGCATCACGTA.1,1,paclitaxel
Data27_GGTGAAGTCCCTAACC.1,1,paclitaxel
Data27_GGTGCGTTCACTTACT.1,1,paclitaxel
Data27_GGTGTTATCGGCCGAT.1,1,paclitaxel
Data27_GTAACGTTCAGGTTCA.1,1,paclitaxel
Data27_GTAACTGCATGAACCT.1,1,paclitaxel
Data27_GTAACTGCATTTCACT.1,1,paclitaxel
Data27_GTACGTATCCACTCCA.1,1,paclitaxel
Data27_GTACTTTAGAGGGATA.1,1,paclitaxel
Data27_GTAGGCCGTAGCCTCG.1,1,paclitaxel
Data27_GTAGTCAGTGTCTGAT.1,1,paclitaxel
Data27_GTATCTTTCTTGAGGT.1,1,paclitaxel
Data27_GTCAAGTTCGCCTGAG.1,1,paclitaxel
Data27_GTCACAACACGCTTTC.1,1,paclitaxel
Data27_GTCACAATCTATCGCC.1,1,paclitaxel
Data27_GTCATTTTCGCGTAGC.1,1,paclitaxel
Data27_GTCCTCAAGTTAAGTG.1,1,paclitaxel
Data27_GTCCTCATCCATGAGT.1,1,paclitaxel
Data27_GTCGGGTAGTAATCCC.1,1,paclitaxel
Data27_GTCGGGTGTTACTGAC.1,1,paclitaxel
Data27_GTCGGGTTCAGTGTTG.1,1,paclitaxel
Data27_GTCGTAACAAGCTGGA.1,1,paclitaxel
Data27_GTCGTAAGTGGAAAGA.1,1,paclitaxel
Data27_GTCGTAATCACCGTAA.1,1,paclitaxel
Data27_GTCTCGTGTGCTTCTC.1,1,paclitaxel
Data27_GTCTCGTTCCAGAGGA.1,1,paclitaxel
Data27_GTGAAGGAGAGGGCTT.1,1,paclitaxel
Data27_GTGAAGGGTGCTAGCC.1,1,paclitaxel
Data27_GTGAAGGTCGAATGGG.1,1,paclitaxel
Data27_GTGCAGCGTCTGGTCG.1,1,paclitaxel
Data27_GTGCATATCTCTTGAT.1,1,paclitaxel
Data27_GTGCGGTTCGTGGTCG.1,1,paclitaxel
Data27_GTGGGTCAGAAACCGC.1,1,paclitaxel
Data27_GTGGGTCAGTGTACTC.1,1,paclitaxel
Data27_GTGGGTCCACGGTTTA.1,1,paclitaxel
Data27_GTGTTAGAGAAGGACA.1,1,paclitaxel
Data27_GTGTTAGCATCACGAT.1,1,paclitaxel
Data27_GTTAAGCCACCAGATT.1,1,paclitaxel
Data27_GTTAAGCCATTGCGGC.1,1,paclitaxel
Data27_GTTAAGCGTTTGTGTG.1,1,paclitaxel
Data27_GTTCATTAGACCTTTG.1,1,paclitaxel
Data27_GTTCATTGTCTTCTCG.1,1,paclitaxel
Data27_GTTCATTTCTACTCAT.1,1,paclitaxel
Data27_GTTCTCGCAGGCAGTA.1,1,paclitaxel
Data27_GTTCTCGGTATAAACG.1,1,paclitaxel
Data27_GTTCTCGGTTCCATGA.1,1,paclitaxel
Data27_TAAACCGCACATTTCT.1,1,paclitaxel
Data27_TAAACCGGTTCGTCTC.1,1,paclitaxel
Data27_TAAGAGATCAACGAAA.1,1,paclitaxel
Data27_TAAGCGTCATACTACG.1,1,paclitaxel
Data27_TACACGATCGAACGGA.1,1,paclitaxel
Data27_TACACGATCTCAACTT.1,1,paclitaxel
Data27_TACAGTGGTACTCGCG.1,1,paclitaxel
Data27_TACAGTGGTGAACCTT.1,1,paclitaxel
Data27_TACAGTGTCTTTAGGG.1,1,paclitaxel
Data27_TACCTATAGTTGTCGT.1,1,paclitaxel
Data27_TACCTATGTTAAGGGC.1,1,paclitaxel
Data27_TACCTTAAGTGTTGAA.1,1,paclitaxel
Data27_TACGGATGTTCCACGG.1,1,paclitaxel
Data27_TACGGGCCACAGGAGT.1,1,paclitaxel
Data27_TACGGGCTCACCTCGT.1,1,paclitaxel
Data27_TACGGGCTCGCAAGCC.1,1,paclitaxel
Data27_TACGGTAAGAGGTTAT.1,1,paclitaxel
Data27_TACGGTAAGCCTATGT.1,1,paclitaxel
Data27_TACTCATCACATGGGA.1,1,paclitaxel
Data27_TACTCATCAGGACGTA.1,1,paclitaxel
Data27_TACTCGCAGTGTTTGC.1,1,paclitaxel
Data27_TAGAGCTAGAAACCGC.1,1,paclitaxel
Data27_TAGGCATTCTGCCAGG.1,1,paclitaxel
Data27_TAGTGGTCATCAGTAC.1,1,paclitaxel
Data27_TAGTGGTTCCTGCCAT.1,1,paclitaxel
Data27_TATCAGGCACCAGGCT.1,1,paclitaxel
Data27_TATCTCACAAACGCGA.1,1,paclitaxel
Data27_TATCTCATCTAGCACA.1,1,paclitaxel
Data27_TATTACCCAGGAATGC.1,1,paclitaxel
Data27_TCAACGAGTGGTCCGT.1,1,paclitaxel
Data27_TCAACGATCAGTTCGA.1,1,paclitaxel
Data27_TCAATCTAGCGAGAAA.1,1,paclitaxel
Data27_TCACGAACAAGGGTCA.1,1,paclitaxel
Data27_TCACGAACAGTGGAGT.1,1,paclitaxel
Data27_TCACGAAGTCTGCCAG.1,1,paclitaxel
Data27_TCAGCAAAGAAGAAGC.1,1,paclitaxel
Data27_TCAGCAAGTACTCGCG.1,1,paclitaxel
Data27_TCAGCTCCAAATACAG.1,1,paclitaxel
Data27_TCAGCTCTCACTCTTA.1,1,paclitaxel
Data27_TCAGGTAAGGACACCA.1,1,paclitaxel
Data27_TCAGGTAAGTAGCGGT.1,1,paclitaxel
Data27_TCATTTGCATTAACCG.1,1,paclitaxel
Data27_TCATTTGTCGTTACGA.1,1,paclitaxel
Data27_TCCACACCACCGAATT.1,1,paclitaxel
Data27_TCCCGATCAATAAGCA.1,1,paclitaxel
Data27_TCGAGGCTCAGTGTTG.1,1,paclitaxel
Data27_TCGAGGCTCATTGCCC.1,1,paclitaxel
Data27_TCGCGAGAGTTAACGA.1,1,paclitaxel
Data27_TCGGTAATCATTGCGA.1,1,paclitaxel
Data27_TCGTACCCATTCCTGC.1,1,paclitaxel
Data27_TCGTACCTCTAACTGG.1,1,paclitaxel
Data27_TCGTAGAGTTCACCTC.1,1,paclitaxel
Data27_TCTATTGGTGACCAAG.1,1,paclitaxel
Data27_TCTCATAGTTCACCTC.1,1,paclitaxel
Data27_TCTCATATCATGTCTT.1,1,paclitaxel
Data27_TCTCATATCCTCTAGC.1,1,paclitaxel
Data27_TCTCTAACACTACAGT.1,1,paclitaxel
Data27_TCTCTAAGTATCTGCA.1,1,paclitaxel
Data27_TCTCTAATCTCAAACG.1,1,paclitaxel
Data27_TCTTCGGGTAATTGGA.1,1,paclitaxel
Data27_TCTTTCCCATGCCTTC.1,1,paclitaxel
Data27_TGAAAGAAGTCCGTAT.1,1,paclitaxel
Data27_TGAAAGATCGTATCAG.1,1,paclitaxel
Data27_TGACAACAGTAGCGGT.1,1,paclitaxel
Data27_TGACAACAGTGACTCT.1,1,paclitaxel
Data27_TGACGGCTCAAACCAC.1,1,paclitaxel
Data27_TGAGAGGAGAGGACGG.1,1,paclitaxel
Data27_TGAGAGGAGTGGAGTC.1,1,paclitaxel
Data27_TGAGAGGCAGGAACGT.1,1,paclitaxel
Data27_TGAGAGGTCATTATCC.1,1,paclitaxel
Data27_TGAGCATCATACTACG.1,1,paclitaxel
Data27_TGAGCATTCCGTCAAA.1,1,paclitaxel
Data27_TGAGGGATCTGTACGA.1,1,paclitaxel
Data27_TGATTTCAGGAGTTGC.1,1,paclitaxel
Data27_TGATTTCAGGGTATCG.1,1,paclitaxel
Data27_TGATTTCCAACTGGCC.1,1,paclitaxel
Data27_TGATTTCCACCCATTC.1,1,paclitaxel
Data27_TGCCAAAAGATGTTAG.1,1,paclitaxel
Data27_TGCCCATGTTCGCGAC.1,1,paclitaxel
Data27_TGCGCAGCATTCCTGC.1,1,paclitaxel
Data27_TGCGGGTCATCCTTGC.1,1,paclitaxel
Data27_TGCGTGGTCACTTACT.1,1,paclitaxel
Data27_TGCTACCAGAGTAAGG.1,1,paclitaxel
Data27_TGCTGCTGTCCGCTGA.1,1,paclitaxel
Data27_TGCTGCTGTTGCGCAC.1,1,paclitaxel
Data27_TGGACGCAGCAGACTG.1,1,paclitaxel
Data27_TGGACGCAGCCGATTT.1,1,paclitaxel
Data27_TGGACGCTCACTTCAT.1,1,paclitaxel
Data27_TGGCCAGGTATCGCAT.1,1,paclitaxel
Data27_TGGCCAGGTCTAGGTT.1,1,paclitaxel
Data27_TGGCGCACACCAGGTC.1,1,paclitaxel
Data27_TGGCGCACACGCCAGT.1,1,paclitaxel
Data27_TGGCTGGCATGCTAGT.1,1,paclitaxel
Data27_TGGTTAGCACGAAACG.1,1,paclitaxel
Data27_TGGTTAGGTGAAGGCT.1,1,paclitaxel
Data27_TGGTTAGTCCACGTTC.1,1,paclitaxel
Data27_TGGTTCCCAAAGCGGT.1,1,paclitaxel
Data27_TGGTTCCCAAGGTTTC.1,1,paclitaxel
Data27_TGGTTCCTCTTTACGT.1,1,paclitaxel
Data27_TGTATTCCATTGGGCC.1,1,paclitaxel
Data27_TGTATTCTCAAGGTAA.1,1,paclitaxel
Data27_TGTCCCACAACAACCT.1,1,paclitaxel
Data27_TGTCCCATCGGTTAAC.1,1,paclitaxel
Data27_TGTGGTAAGACACTAA.1,1,paclitaxel
Data27_TGTGGTAAGTTATCGC.1,1,paclitaxel
Data27_TGTGGTAGTACTCTCC.1,1,paclitaxel
Data27_TGTGTTTAGCCAACAG.1,1,paclitaxel
Data27_TTAGGCAGTCAGGACA.1,1,paclitaxel
Data27_TTAGTTCAGCCTCGTG.1,1,paclitaxel
Data27_TTAGTTCAGGCCCTTG.1,1,paclitaxel
Data27_TTAGTTCCAAATTGCC.1,1,paclitaxel
Data27_TTAGTTCGTGCCTTGG.1,1,paclitaxel
Data27_TTATGCTAGCTGCAAG.1,1,paclitaxel
Data27_TTCGGTCCATCTACGA.1,1,paclitaxel
Data27_TTCTACAAGATGCGAC.1,1,paclitaxel
Data27_TTCTACACAGAGCCAA.1,1,paclitaxel
Data27_TTCTACATCAGCACAT.1,1,paclitaxel
Data27_TTCTCAAAGCGTAGTG.1,1,paclitaxel
Data27_TTCTCAAAGTATCTCG.1,1,paclitaxel
Data27_TTCTCAACACAAGCCC.1,1,paclitaxel
Data27_TTCTCAATCGGCGGTT.1,1,paclitaxel
Data27_TTCTCCTGTACCTACA.1,1,paclitaxel
Data27_TTCTCCTTCGTACCGG.1,1,paclitaxel
Data27_TTCTCCTTCTAACCGA.1,1,paclitaxel
Data27_TTCTTAGAGCCACCTG.1,1,paclitaxel
Data27_TTGACTTCAATGGACG.1,1,paclitaxel
Data27_TTGCCGTAGATCCCGC.1,1,paclitaxel
Data27_TTGCCGTAGGACACCA.1,1,paclitaxel
Data27_TTGCCGTGTCGACTGC.1,1,paclitaxel
Data27_TTGCCGTGTGTGTGCC.1,1,paclitaxel
Data27_TTGCGTCCAGCCTTGG.1,1,paclitaxel
Data27_TTGCGTCGTGGTTTCA.1,1,paclitaxel
Data27_TTGGCAACAATGTTGC.1,1,paclitaxel
Data27_TTGTAGGAGCTAACTC.1,1,paclitaxel
Data27_TTGTAGGGTGTGACGA.1,1,paclitaxel
Data27_TTTACTGAGACCGGAT.1,1,paclitaxel
Data27_TTTGCGCCAGCCTGTG.1,1,paclitaxel
Data27_TTTGCGCTCACAACGT.1,1,paclitaxel
Data27_TTTGGTTAGTGTTAGA.1,1,paclitaxel
Data27_TTTGGTTCACGCCAGT.1,1,paclitaxel
Data27_TTTGGTTTCCAAATGC.1,1,paclitaxel
Data27_AAACGGGTCTCGTATT.2,1,paclitaxel
Data27_AAAGATGGTTGTACAC.2,1,paclitaxel
Data27_AAAGCAAAGAATGTTG.2,1,paclitaxel
Data27_AAATGCCAGCTCCTCT.2,1,paclitaxel
Data27_AACCATGCAATGAATG.2,1,paclitaxel
Data27_AACCATGCAGCGTAAG.2,1,paclitaxel
Data27_AACGTTGCATTCTTAC.2,1,paclitaxel
Data27_AACTCAGGTAGCTAAA.2,1,paclitaxel
Data27_AACTCCCAGATGTAAC.2,1,paclitaxel
Data27_AACTCCCGTAACGACG.2,1,paclitaxel
Data27_AACTCCCGTACCAGTT.2,1,paclitaxel
Data27_AACTCTTAGTGTCCAT.2,1,paclitaxel
Data27_AACTGGTGTCTCCATC.2,1,paclitaxel
Data27_AACTTTCCATCCAACA.2,1,paclitaxel
Data27_AAGCCGCAGGGATACC.2,1,paclitaxel
Data27_AAGGCAGAGAAACGAG.2,1,paclitaxel
Data27_AAGGCAGGTTCATGGT.2,1,paclitaxel
Data27_AAGTCTGCAGTTAACC.2,1,paclitaxel
Data27_AATCCAGGTATAGGTA.2,1,paclitaxel
Data27_AATCGGTCACTCTGTC.2,1,paclitaxel
Data27_ACACCAATCTACCTGC.2,1,paclitaxel
Data27_ACACCGGTCAGGTTCA.2,1,paclitaxel
Data27_ACACTGATCATGCAAC.2,1,paclitaxel
Data27_ACAGCCGGTACACCGC.2,1,paclitaxel
Data27_ACAGCTAAGTACGTTC.2,1,paclitaxel
Data27_ACATCAGGTACCGTTA.2,1,paclitaxel
Data27_ACATGGTCACCTGGTG.2,1,paclitaxel
Data27_ACCAGTAAGGTTCCTA.2,1,paclitaxel
Data27_ACCAGTATCCTGTAGA.2,1,paclitaxel
Data27_ACCCACTAGGGTTTCT.2,1,paclitaxel
Data27_ACCCACTCAAATCCGT.2,1,paclitaxel
Data27_ACGAGCCAGCATCATC.2,1,paclitaxel
Data27_ACGAGGACATGTTCCC.2,1,paclitaxel
Data27_ACGATACGTACACCGC.2,1,paclitaxel
Data27_ACGATACTCCTAGTGA.2,1,paclitaxel
Data27_ACGATGTCATTCCTGC.2,1,paclitaxel
Data27_ACGATGTTCTGCGTAA.2,1,paclitaxel
Data27_ACGGAGACAAACGCGA.2,1,paclitaxel
Data27_ACGGAGATCCGCGTTT.2,1,paclitaxel
Data27_ACGGCCAGTAGCTGCC.2,1,paclitaxel
Data27_ACGGGCTGTAGAAGGA.2,1,paclitaxel
Data27_ACGGGTCAGTCCCACG.2,1,paclitaxel
Data27_ACGGGTCCAGACGCAA.2,1,paclitaxel
Data27_ACTATCTCATATGCTG.2,1,paclitaxel
Data27_ACTGAACTCATCGCTC.2,1,paclitaxel
Data27_ACTGAGTTCCTTAATC.2,1,paclitaxel
Data27_ACTGATGTCCGAGCCA.2,1,paclitaxel
Data27_ACTGTCCAGTGCAAGC.2,1,paclitaxel
Data27_ACTTGTTTCATTATCC.2,1,paclitaxel
Data27_ACTTTCACAGTATAAG.2,1,paclitaxel
Data27_ACTTTCACATGTTGAC.2,1,paclitaxel
Data27_ACTTTCATCTTGCAAG.2,1,paclitaxel
Data27_AGAGCGAAGGATCGCA.2,1,paclitaxel
Data27_AGAGCTTAGACTAAGT.2,1,paclitaxel
Data27_AGAGCTTCAAGCGCTC.2,1,paclitaxel
Data27_AGATTGCCACTCTGTC.2,1,paclitaxel
Data27_AGCAGCCTCCGCAGTG.2,1,paclitaxel
Data27_AGCATACTCCAAGCCG.2,1,paclitaxel
Data27_AGCCTAAAGAACTCGG.2,1,paclitaxel
Data27_AGCCTAACACTTCGAA.2,1,paclitaxel
Data27_AGCGGTCGTAGCGTAG.2,1,paclitaxel
Data27_AGCGGTCGTCAATACC.2,1,paclitaxel
Data27_AGCGTCGAGATACACA.2,1,paclitaxel
Data27_AGCGTCGAGGCACATG.2,1,paclitaxel
Data27_AGCGTCGAGTCCAGGA.2,1,paclitaxel
Data27_AGCGTCGCAGTCGTGC.2,1,paclitaxel
Data27_AGCTCCTCAGTAGAGC.2,1,paclitaxel
Data27_AGCTTGAGTTTAGCTG.2,1,paclitaxel
Data27_AGGCCACAGACGCTTT.2,1,paclitaxel
Data27_AGGCCACGTAAGAGGA.2,1,paclitaxel
Data27_AGGGAGTTCACGCATA.2,1,paclitaxel
Data27_AGGGATGGTCCGAATT.2,1,paclitaxel
Data27_AGGTCATCAATCTGCA.2,1,paclitaxel
Data27_AGGTCATCACGTAAGG.2,1,paclitaxel
Data27_AGGTCATCAGTTCATG.2,1,paclitaxel
Data27_AGGTCATTCGTTTATC.2,1,paclitaxel
Data27_AGTAGTCAGTGAAGAG.2,1,paclitaxel
Data27_AGTCTTTCAGACGTAG.2,1,paclitaxel
Data27_AGTGAGGGTATGAAAC.2,1,paclitaxel
Data27_AGTGGGAGTAATCGTC.2,1,paclitaxel
Data27_AGTTGGTAGTTGCAGG.2,1,paclitaxel
Data27_ATAACGCAGCCCTAAT.2,1,paclitaxel
Data27_ATAAGAGGTGGTCTCG.2,1,paclitaxel
Data27_ATAAGAGTCTCTTATG.2,1,paclitaxel
Data27_ATAGACCAGGAGTTGC.2,1,paclitaxel
Data27_ATAGACCGTCTGCCAG.2,1,paclitaxel
Data27_ATCATCTAGGGTGTGT.2,1,paclitaxel
Data27_ATCATGGAGTCGATAA.2,1,paclitaxel
Data27_ATCATGGAGTGTCTCA.2,1,paclitaxel
Data27_ATCATGGGTTCGGCAC.2,1,paclitaxel
Data27_ATCCACCTCGACAGCC.2,1,paclitaxel
Data27_ATCCGAAAGCAGCCTC.2,1,paclitaxel
Data27_ATGAGGGTCCGCAAGC.2,1,paclitaxel
Data27_ATGCGATTCGGAATCT.2,1,paclitaxel
Data27_ATGGGAGGTTCCACTC.2,1,paclitaxel
Data27_ATTACTCAGTGATCGG.2,1,paclitaxel
Data27_ATTACTCCATCGGACC.2,1,paclitaxel
Data27_ATTCTACCAAGAGTCG.2,1,paclitaxel
Data27_ATTCTACCAAGTTAAG.2,1,paclitaxel
Data27_ATTCTACCATCCGGGT.2,1,paclitaxel
Data27_ATTGGACGTCAGATAA.2,1,paclitaxel
Data27_ATTGGACTCGTAGATC.2,1,paclitaxel
Data27_ATTGGTGGTCCGAACC.2,1,paclitaxel
Data27_ATTTCTGGTTCACCTC.2,1,paclitaxel
Data27_CAACCAACATCACCCT.2,1,paclitaxel
Data27_CAACCAAGTCCATGAT.2,1,paclitaxel
Data27_CAACTAGAGAATGTGT.2,1,paclitaxel
Data27_CACAAACAGTGATCGG.2,1,paclitaxel
Data27_CACACAAGTGCCTGGT.2,1,paclitaxel
Data27_CACACCTCAGGAATCG.2,1,paclitaxel
Data27_CACACCTTCGCGTAGC.2,1,paclitaxel
Data27_CACACCTTCTAACTGG.2,1,paclitaxel
Data27_CACACTCGTGTAAGTA.2,1,paclitaxel
Data27_CACAGGCAGAATGTTG.2,1,paclitaxel
Data27_CACAGGCAGGACATTA.2,1,paclitaxel
Data27_CACAGTATCTGGTTCC.2,1,paclitaxel
Data27_CACATAGGTAAGTTCC.2,1,paclitaxel
Data27_CACATAGGTCTAACGT.2,1,paclitaxel
Data27_CACATTTTCACCGTAA.2,1,paclitaxel
Data27_CACCACTGTACCGTTA.2,1,paclitaxel
Data27_CACCTTGAGTCGATAA.2,1,paclitaxel
Data27_CACCTTGTCATTATCC.2,1,paclitaxel
Data27_CACTCCAAGGATCGCA.2,1,paclitaxel
Data27_CAGCAGCAGAGGACGG.2,1,paclitaxel
Data27_CAGCATAGTAGGGTAC.2,1,paclitaxel
Data27_CAGCATAGTCATGCAT.2,1,paclitaxel
Data27_CAGCTAAAGGGTATCG.2,1,paclitaxel
Data27_CAGCTAACAGCCTGTG.2,1,paclitaxel
Data27_CAGCTAATCACTTATC.2,1,paclitaxel
Data27_CAGCTGGTCAGATAAG.2,1,paclitaxel
Data27_CAGCTGGTCGTAGGTT.2,1,paclitaxel
Data27_CAGGTGCAGCCACTAT.2,1,paclitaxel
Data27_CAGTAACCAAAGTCAA.2,1,paclitaxel
Data27_CATATGGAGTGCGATG.2,1,paclitaxel
Data27_CATATGGCAGCTCGAC.2,1,paclitaxel
Data27_CATCAGAGTCGGGTCT.2,1,paclitaxel
Data27_CATCAGAGTGATAAAC.2,1,paclitaxel
Data27_CATCCACGTCAATACC.2,1,paclitaxel
Data27_CATGACACAGATCGGA.2,1,paclitaxel
Data27_CATGCCTAGAGGTAGA.2,1,paclitaxel
Data27_CATGCCTAGCTCTCGG.2,1,paclitaxel
Data27_CATGCCTCAAAGGAAG.2,1,paclitaxel
Data27_CATTATCAGACTTGAA.2,1,paclitaxel
Data27_CCAATCCTCTCTGAGA.2,1,paclitaxel
Data27_CCACCTAGTCAAACTC.2,1,paclitaxel
Data27_CCACGGACATGCTAGT.2,1,paclitaxel
Data27_CCAGCGACAGGATCGA.2,1,paclitaxel
Data27_CCATTCGTCGCCTGTT.2,1,paclitaxel
Data27_CCCTCCTCATATGAGA.2,1,paclitaxel
Data27_CCCTCCTCATCGGAAG.2,1,paclitaxel
Data27_CCCTCCTTCTAACTTC.2,1,paclitaxel
Data27_CCGGTAGGTTTACTCT.2,1,paclitaxel
Data27_CCGTACTCATCCTAGA.2,1,paclitaxel
Data27_CCGTGGAAGCCAGTTT.2,1,paclitaxel
Data27_CCGTGGACAAAGCGGT.2,1,paclitaxel
Data27_CCGTTCATCTTGAGAC.2,1,paclitaxel
Data27_CCTACACCAATGTAAG.2,1,paclitaxel
Data27_CCTACCAGTGCAACTT.2,1,paclitaxel
Data27_CCTATTACAAGAAAGG.2,1,paclitaxel
Data27_CCTATTAGTCACTTCC.2,1,paclitaxel
Data27_CCTATTAGTGTGAATA.2,1,paclitaxel
Data27_CCTCAGTAGGTCGGAT.2,1,paclitaxel
Data27_CCTCAGTCAAGCTGAG.2,1,paclitaxel
Data27_CCTCAGTCATCGACGC.2,1,paclitaxel
Data27_CCTTCCCCATGACATC.2,1,paclitaxel
Data27_CGAATGTTCAGCGACC.2,1,paclitaxel
Data27_CGACCTTTCGAATGGG.2,1,paclitaxel
Data27_CGACTTCAGCGTTGCC.2,1,paclitaxel
Data27_CGAGAAGAGCTATGCT.2,1,paclitaxel
Data27_CGAGAAGAGCTTTGGT.2,1,paclitaxel
Data27_CGAGAAGAGGAGCGTT.2,1,paclitaxel
Data27_CGAGCCACATAACCTG.2,1,paclitaxel
Data27_CGAGCCACATCACAAC.2,1,paclitaxel
Data27_CGATGGCGTACAGTTC.2,1,paclitaxel
Data27_CGATTGAAGGCAAAGA.2,1,paclitaxel
Data27_CGATTGATCCACGTGG.2,1,paclitaxel
Data27_CGCCAAGAGCTAACAA.2,1,paclitaxel
Data27_CGCCAAGCATCGGGTC.2,1,paclitaxel
Data27_CGCGGTAAGAGTGAGA.2,1,paclitaxel
Data27_CGCGGTACAGTAAGCG.2,1,paclitaxel
Data27_CGCTATCGTGTGGCTC.2,1,paclitaxel
Data27_CGCTGGACACGGCTAC.2,1,paclitaxel
Data27_CGCTTCATCGCCAAAT.2,1,paclitaxel
Data27_CGGACACAGCTAGGCA.2,1,paclitaxel
Data27_CGGACACGTACCGTAT.2,1,paclitaxel
Data27_CGGACACTCCTCGCAT.2,1,paclitaxel
Data27_CGGACGTCAGGAATGC.2,1,paclitaxel
Data27_CGGAGTCAGAAGAAGC.2,1,paclitaxel
Data27_CGGGTCAGTGGTACAG.2,1,paclitaxel
Data27_CGGTTAAAGCGAAGGG.2,1,paclitaxel
Data27_CGGTTAACATCAGTCA.2,1,paclitaxel
Data27_CGGTTAAGTAATTGGA.2,1,paclitaxel
Data27_CGGTTAATCAAGGCTT.2,1,paclitaxel
Data27_CGTAGGCAGCCAGTTT.2,1,paclitaxel
Data27_CGTAGGCAGCCTTGAT.2,1,paclitaxel
Data27_CGTAGGCTCATACGGT.2,1,paclitaxel
Data27_CGTCACTTCTTTACGT.2,1,paclitaxel
Data27_CGTCCATCACTATCTT.2,1,paclitaxel
Data27_CGTCTACAGCTAAGAT.2,1,paclitaxel
Data27_CGTCTACAGGAGTACC.2,1,paclitaxel
Data27_CGTGAGCGTACTTAGC.2,1,paclitaxel
Data27_CGTGTCTCACGAGAGT.2,1,paclitaxel
Data27_CGTGTCTGTGTCCTCT.2,1,paclitaxel
Data27_CGTTCTGAGTATGACA.2,1,paclitaxel
Data27_CGTTCTGGTAATAGCA.2,1,paclitaxel
Data27_CGTTCTGGTCTAGAGG.2,1,paclitaxel
Data27_CGTTCTGGTCTCCCTA.2,1,paclitaxel
Data27_CGTTGGGGTCATATCG.2,1,paclitaxel
Data27_CTAACTTCAGAGTGTG.2,1,paclitaxel
Data27_CTAACTTGTAAGCACG.2,1,paclitaxel
Data27_CTAAGACCATGTCCTC.2,1,paclitaxel
Data27_CTAAGACTCCAGTATG.2,1,paclitaxel
Data27_CTAAGACTCTGAGGGA.2,1,paclitaxel
Data27_CTACACCCATTTGCTT.2,1,paclitaxel
Data27_CTACATTAGGTGCTAG.2,1,paclitaxel
Data27_CTACATTTCATGTGGT.2,1,paclitaxel
Data27_CTAGAGTTCTTTACGT.2,1,paclitaxel
Data27_CTAGTGAAGTCCGGTC.2,1,paclitaxel
Data27_CTCACACGTTTAGCTG.2,1,paclitaxel
Data27_CTCAGAAGTCCGAAGA.2,1,paclitaxel
Data27_CTCAGAATCATCATTC.2,1,paclitaxel
Data27_CTCGGGAGTGTGACCC.2,1,paclitaxel
Data27_CTCGGGATCACAGGCC.2,1,paclitaxel
Data27_CTCGTACCAATGACCT.2,1,paclitaxel
Data27_CTCGTCAAGCAGATCG.2,1,paclitaxel
Data27_CTCTAATCATAAGACA.2,1,paclitaxel
Data27_CTGAAGTTCAGCGATT.2,1,paclitaxel
Data27_CTGAAGTTCCGTACAA.2,1,paclitaxel
Data27_CTGAAGTTCTGAAAGA.2,1,paclitaxel
Data27_CTGATCCCAACACCTA.2,1,paclitaxel
Data27_CTGATCCTCTACTATC.2,1,paclitaxel
Data27_CTGCGGAAGAGGGATA.2,1,paclitaxel
Data27_CTGCTGTCATCACGAT.2,1,paclitaxel
Data27_CTGGTCTCACTGTGTA.2,1,paclitaxel
Data27_CTGTGCTAGTACGTTC.2,1,paclitaxel
Data27_CTGTGCTTCCAGTAGT.2,1,paclitaxel
Data27_CTTAACTCATGTCCTC.2,1,paclitaxel
Data27_CTTAACTGTAGATTAG.2,1,paclitaxel
Data27_CTTAGGATCTTGTCAT.2,1,paclitaxel
Data27_CTTGGCTGTTTGTTGG.2,1,paclitaxel
Data27_CTTTGCGCAGTTCCCT.2,1,paclitaxel
Data27_GAAACTCTCGACAGCC.2,1,paclitaxel
Data27_GAAACTCTCGTCGTTC.2,1,paclitaxel
Data27_GAAATGACAGTGGGAT.2,1,paclitaxel
Data27_GAAATGAGTCCTAGCG.2,1,paclitaxel
Data27_GAAATGAGTCTCTCGT.2,1,paclitaxel
Data27_GAACGGAAGCGCTTAT.2,1,paclitaxel
Data27_GAACGGACAGCTGCAC.2,1,paclitaxel
Data27_GAATAAGCAAGAGGCT.2,1,paclitaxel
Data27_GAATAAGCACGAAATA.2,1,paclitaxel
Data27_GAATAAGTCCGTCATC.2,1,paclitaxel
Data27_GAATGAAAGCTAGCCC.2,1,paclitaxel
Data27_GACACGCAGGTGCACA.2,1,paclitaxel
Data27_GACACGCGTACAGTTC.2,1,paclitaxel
Data27_GACCTGGCACGAGAGT.2,1,paclitaxel
Data27_GACCTGGCATTATCTC.2,1,paclitaxel
Data27_GACCTGGGTGGCGAAT.2,1,paclitaxel
Data27_GACGCGTCACGGTTTA.2,1,paclitaxel
Data27_GACGGCTGTAGAAAGG.2,1,paclitaxel
Data27_GACGTGCAGGAATGGA.2,1,paclitaxel
Data27_GACGTGCGTGTTCTTT.2,1,paclitaxel
Data27_GACGTTACAGGGTACA.2,1,paclitaxel
Data27_GACGTTATCATAAAGG.2,1,paclitaxel
Data27_GACTAACGTTAAGGGC.2,1,paclitaxel
Data27_GACTAACTCTGTTGAG.2,1,paclitaxel
Data27_GACTACACATTCCTCG.2,1,paclitaxel
Data27_GACTACAGTTAAGGGC.2,1,paclitaxel
Data27_GACTACATCACAAACC.2,1,paclitaxel
Data27_GACTGCGTCGTTTAGG.2,1,paclitaxel
Data27_GAGCAGAAGCGGATCA.2,1,paclitaxel
Data27_GAGGTGAAGTTTAGGA.2,1,paclitaxel
Data27_GAGGTGATCAGCTCGG.2,1,paclitaxel
Data27_GATCGATGTCTGCCAG.2,1,paclitaxel
Data27_GATCGATTCGTACCGG.2,1,paclitaxel
Data27_GATCGTACAGGGAGAG.2,1,paclitaxel
Data27_GATCTAGGTCGCGAAA.2,1,paclitaxel
Data27_GATCTAGTCACCACCT.2,1,paclitaxel
Data27_GATGAGGGTTTGCATG.2,1,paclitaxel
Data27_GATGCTAAGACCGGAT.2,1,paclitaxel
Data27_GCAAACTGTAGCTGCC.2,1,paclitaxel
Data27_GCAATCAAGAGAACAG.2,1,paclitaxel
Data27_GCAATCAGTATATGGA.2,1,paclitaxel
Data27_GCACATACATTACGAC.2,1,paclitaxel
Data27_GCACATATCTTAGCCC.2,1,paclitaxel
Data27_GCAGCCAGTAAACGCG.2,1,paclitaxel
Data27_GCAGCCATCGGTCCGA.2,1,paclitaxel
Data27_GCATGCGCACAACTGT.2,1,paclitaxel
Data27_GCATGTAGTGTGGCTC.2,1,paclitaxel
Data27_GCCTCTATCTCCTATA.2,1,paclitaxel
Data27_GCGACCAAGCGTAATA.2,1,paclitaxel
Data27_GCGACCACAAGCTGGA.2,1,paclitaxel
Data27_GCGACCAGTAAACACA.2,1,paclitaxel
Data27_GCGACCAGTGTGAATA.2,1,paclitaxel
Data27_GCGAGAAAGAAACCGC.2,1,paclitaxel
Data27_GCGCAGTCACGGCTAC.2,1,paclitaxel
Data27_GCGCAGTTCTCGTATT.2,1,paclitaxel
Data27_GCGCCAACACGGACAA.2,1,paclitaxel
Data27_GCGCGATAGGCTAGAC.2,1,paclitaxel
Data27_GCGCGATCAGGCTCAC.2,1,paclitaxel
Data27_GCGCGATTCGCACTCT.2,1,paclitaxel
Data27_GCGGGTTCATTACCTT.2,1,paclitaxel
Data27_GCGGGTTGTAAATGTG.2,1,paclitaxel
Data27_GCTCTGTAGAAACCAT.2,1,paclitaxel
Data27_GCTGCAGAGATCGGGT.2,1,paclitaxel
Data27_GCTGCAGCAAGAAAGG.2,1,paclitaxel
Data27_GCTGCGAAGGATGCGT.2,1,paclitaxel
Data27_GCTGCGACATCAGTCA.2,1,paclitaxel
Data27_GCTGCGAGTATCAGTC.2,1,paclitaxel
Data27_GCTTCCAAGTCATCCA.2,1,paclitaxel
Data27_GCTTCCACATACTACG.2,1,paclitaxel
Data27_GGAAAGCGTTGGTGGA.2,1,paclitaxel
Data27_GGAAAGCTCCTTCAAT.2,1,paclitaxel
Data27_GGAACTTAGCGTGAAC.2,1,paclitaxel
Data27_GGACAAGTCGTAGGTT.2,1,paclitaxel
Data27_GGACAGAGTCAGTGGA.2,1,paclitaxel
Data27_GGACATTAGCAGCGTA.2,1,paclitaxel
Data27_GGACATTCATGAAGTA.2,1,paclitaxel
Data27_GGAGCAACAGCGTCCA.2,1,paclitaxel
Data27_GGATGTTCATACGCTA.2,1,paclitaxel
Data27_GGATGTTTCTCTGTCG.2,1,paclitaxel
Data27_GGCAATTGTCTCAACA.2,1,paclitaxel
Data27_GGCAATTGTTCGGGCT.2,1,paclitaxel
Data27_GGCAATTTCTGTCTCG.2,1,paclitaxel
Data27_GGCCGATCATACAGCT.2,1,paclitaxel
Data27_GGCCGATTCCGCAAGC.2,1,paclitaxel
Data27_GGCGACTTCAGTCAGT.2,1,paclitaxel
Data27_GGCGACTTCCTCGCAT.2,1,paclitaxel
Data27_GGGAATGAGACAGAGA.2,1,paclitaxel
Data27_GGGAATGAGTCCTCCT.2,1,paclitaxel
Data27_GGGAATGGTACTCTCC.2,1,paclitaxel
Data27_GGGAATGTCTATGTGG.2,1,paclitaxel
Data27_GGGAGATAGGAGTTTA.2,1,paclitaxel
Data27_GGGAGATGTCTAAAGA.2,1,paclitaxel
Data27_GGGCACTCAAGGCTCC.2,1,paclitaxel
Data27_GGGCACTCAATCGAAA.2,1,paclitaxel
Data27_GGGCATCCAGGGATTG.2,1,paclitaxel
Data27_GGGTCTGCACAGGTTT.2,1,paclitaxel
Data27_GGGTTGCTCCATGAGT.2,1,paclitaxel
Data27_GGTATTGGTGCCTGGT.2,1,paclitaxel
Data27_GGTATTGGTTGGGACA.2,1,paclitaxel
Data27_GGTGAAGGTCAATGTC.2,1,paclitaxel
Data27_GTAACGTCACAGTCGC.2,1,paclitaxel
Data27_GTAACGTTCGTGGGAA.2,1,paclitaxel
Data27_GTAACTGAGGCAAAGA.2,1,paclitaxel
Data27_GTAACTGAGTTTGCGT.2,1,paclitaxel
Data27_GTACGTAAGTGAACGC.2,1,paclitaxel
Data27_GTATCTTAGGTGTGGT.2,1,paclitaxel
Data27_GTATTCTAGCCAGAAC.2,1,paclitaxel
Data27_GTATTCTCATGGAATA.2,1,paclitaxel
Data27_GTCAAGTAGTACGCGA.2,1,paclitaxel
Data27_GTCAAGTTCCTGCTTG.2,1,paclitaxel
Data27_GTCACGGGTTATCACG.2,1,paclitaxel
Data27_GTCCTCAAGCAGCCTC.2,1,paclitaxel
Data27_GTCGGGTAGTCGTTTG.2,1,paclitaxel
Data27_GTCGGGTTCCGGGTGT.2,1,paclitaxel
Data27_GTCGGGTTCTGGTTCC.2,1,paclitaxel
Data27_GTCGTAAAGGCGATAC.2,1,paclitaxel
Data27_GTCGTAATCAGGATCT.2,1,paclitaxel
Data27_GTCTCGTTCCGTTGTC.2,1,paclitaxel
Data27_GTGAAGGCAATGCCAT.2,1,paclitaxel
Data27_GTGAAGGCACCCATTC.2,1,paclitaxel
Data27_GTGCATAAGATGTAAC.2,1,paclitaxel
Data27_GTGTTAGTCTATGTGG.2,1,paclitaxel
Data27_GTTACAGCAGTGACAG.2,1,paclitaxel
Data27_GTTCATTGTCTGATTG.2,1,paclitaxel
Data27_TAAACCGAGACCCACC.2,1,paclitaxel
Data27_TAAACCGGTAGCCTAT.2,1,paclitaxel
Data27_TAAGAGAAGGAGTTGC.2,1,paclitaxel
Data27_TAAGCGTGTATTAGCC.2,1,paclitaxel
Data27_TACACGAAGGTGATTA.2,1,paclitaxel
Data27_TACACGAAGTACGCCC.2,1,paclitaxel
Data27_TACGGGCGTTCCACGG.2,1,paclitaxel
Data27_TACGGGCTCATCATTC.2,1,paclitaxel
Data27_TACGGTAGTGGTGTAG.2,1,paclitaxel
Data27_TACTCGCTCTAACTCT.2,1,paclitaxel
Data27_TAGACCACAATAGCAA.2,1,paclitaxel
Data27_TAGACCACATGTCCTC.2,1,paclitaxel
Data27_TAGCCGGCAGACGCAA.2,1,paclitaxel
Data27_TAGTTGGAGTCCTCCT.2,1,paclitaxel
Data27_TATCTCATCCTGCCAT.2,1,paclitaxel
Data27_TATTACCGTTATCCGA.2,1,paclitaxel
Data27_TCACAAGAGCTCCCAG.2,1,paclitaxel
Data27_TCACAAGAGTGTACTC.2,1,paclitaxel
Data27_TCACAAGCAACAACCT.2,1,paclitaxel
Data27_TCACGAAGTTATCCGA.2,1,paclitaxel
Data27_TCAGGTATCCCATTAT.2,1,paclitaxel
Data27_TCATTACGTAAAGTCA.2,1,paclitaxel
Data27_TCCCGATAGTGCCAGA.2,1,paclitaxel
Data27_TCGCGTTAGCAAATCA.2,1,paclitaxel
Data27_TCGCGTTCAAGCTGTT.2,1,paclitaxel
Data27_TCGGGACAGTGGCACA.2,1,paclitaxel
Data27_TCGGGACTCCAAGTAC.2,1,paclitaxel
Data27_TCGGGACTCGTAGGAG.2,1,paclitaxel
Data27_TCGGTAATCATTATCC.2,1,paclitaxel
Data27_TCTATTGCAAGTCTGT.2,1,paclitaxel
Data27_TCTATTGGTCGTCTTC.2,1,paclitaxel
Data27_TCTCTAAAGCTAGCCC.2,1,paclitaxel
Data27_TCTCTAACACAGCGTC.2,1,paclitaxel
Data27_TCTGAGACATGCAACT.2,1,paclitaxel
Data27_TCTGAGATCTCCAACC.2,1,paclitaxel
Data27_TCTGGAATCAACGAAA.2,1,paclitaxel
Data27_TCTGGAATCCCTCAGT.2,1,paclitaxel
Data27_TCTTTCCAGCAATCTC.2,1,paclitaxel
Data27_TGAAAGACAGCCTTGG.2,1,paclitaxel
Data27_TGACAACGTCATATCG.2,1,paclitaxel
Data27_TGACGGCGTCGAATCT.2,1,paclitaxel
Data27_TGACTAGCAGGACCCT.2,1,paclitaxel
Data27_TGACTTTGTACTTCTT.2,1,paclitaxel
Data27_TGAGCATGTGTAACGG.2,1,paclitaxel
Data27_TGCACCTAGTAGTGCG.2,1,paclitaxel
Data27_TGCACCTTCACTCCTG.2,1,paclitaxel
Data27_TGCCAAACAAGCCTAT.2,1,paclitaxel
Data27_TGCCCTAAGGGTGTTG.2,1,paclitaxel
Data27_TGCGCAGAGGTACTCT.2,1,paclitaxel
Data27_TGCGCAGTCTAACTGG.2,1,paclitaxel
Data27_TGCGCAGTCTGGTGTA.2,1,paclitaxel
Data27_TGCTGCTCATGCGCAC.2,1,paclitaxel
Data27_TGGACGCAGGCTCTTA.2,1,paclitaxel
Data27_TGGACGCCAAAGGAAG.2,1,paclitaxel
Data27_TGGCGCAGTGCGAAAC.2,1,paclitaxel
Data27_TGGGCGTCAATACGCT.2,1,paclitaxel
Data27_TGTCCCACAGCCTTTC.2,1,paclitaxel
Data27_TGTCCCATCAGAGCTT.2,1,paclitaxel
Data27_TGTCCCATCCGCAGTG.2,1,paclitaxel
Data27_TGTGGTATCTCGAGTA.2,1,paclitaxel
Data27_TGTGTTTAGTCGAGTG.2,1,paclitaxel
Data27_TTAACTCAGTGAAGAG.2,1,paclitaxel
Data27_TTAACTCTCATCGATG.2,1,paclitaxel
Data27_TTAACTCTCCGCATAA.2,1,paclitaxel
Data27_TTAGGACAGGATGCGT.2,1,paclitaxel
Data27_TTAGGCATCAACCATG.2,1,paclitaxel
Data27_TTATGCTTCAACACCA.2,1,paclitaxel
Data27_TTATGCTTCGGAGGTA.2,1,paclitaxel
Data27_TTCGGTCCATTACCTT.2,1,paclitaxel
Data27_TTCTACAAGCGTCTAT.2,1,paclitaxel
Data27_TTCTACATCACGACTA.2,1,paclitaxel
Data27_TTCTCAATCGTCACGG.2,1,paclitaxel
Data27_TTCTCCTGTAATCGTC.2,1,paclitaxel
Data27_TTGAACGCATAAGACA.2,1,paclitaxel
Data27_TTGACTTAGCCAGTAG.2,1,paclitaxel
Data27_TTGACTTCACGAGGTA.2,1,paclitaxel
Data27_TTGCGTCAGCGTCTAT.2,1,paclitaxel
Data27_TTGGAACAGGTGCTTT.2,1,paclitaxel
Data27_TTGGAACGTCACAAGG.2,1,paclitaxel
Data27_TTGGCAACACAGGAGT.2,1,paclitaxel
Data27_TTGGCAAGTATGGTTC.2,1,paclitaxel
Data27_TTGTAGGGTAGATTAG.2,1,paclitaxel
Data27_TTGTAGGGTCGCTTCT.2,1,paclitaxel
Data27_TTGTAGGTCAATACCG.2,1,paclitaxel
Data27_TTTACTGAGTGTACGG.2,1,paclitaxel
Data27_TTTACTGCAAAGGAAG.2,1,paclitaxel
Data27_TTTGCGCGTAGAAGGA.2,1,paclitaxel
Data27_TTTGCGCTCTGTGCAA.2,1,paclitaxel
Data27_TTTGGTTCAATAGCGG.2,1,paclitaxel
Data27_TTTGGTTTCAGCAACT.2,1,paclitaxel
Data27_TTTGGTTTCTTGAGGT.2,1,paclitaxel
Data27_TTTGTCAAGAGCTGGT.2,1,paclitaxel
Data27_TTTGTCAGTAAGGGAA.2,1,paclitaxel
Data27_TTTGTCATCTCTTATG.2,1,paclitaxel
Data27_AAACCTGAGCAGGCTA.3,0,paclitaxel
Data27_AAACCTGTCTTGTCAT.3,0,paclitaxel
Data27_AAAGATGCAAGCTGGA.3,0,paclitaxel
Data27_AAAGCAAAGGACGAAA.3,0,paclitaxel
Data27_AAAGCAAGTCACAAGG.3,0,paclitaxel
Data27_AAAGTAGGTGTAACGG.3,0,paclitaxel
Data27_AAAGTAGTCACATAGC.3,0,paclitaxel
Data27_AAAGTAGTCCTATTCA.3,0,paclitaxel
Data27_AAATGCCAGAAGGTTT.3,0,paclitaxel
Data27_AAATGCCAGACTAAGT.3,0,paclitaxel
Data27_AACACGTCATCACAAC.3,0,paclitaxel
Data27_AACCATGTCAGGCAAG.3,0,paclitaxel
Data27_AACCATGTCCTGCCAT.3,0,paclitaxel
Data27_AACCATGTCTTACCGC.3,0,paclitaxel
Data27_AACCGCGGTCTAAACC.3,0,paclitaxel
Data27_AACTCCCCATCACAAC.3,0,paclitaxel
Data27_AACTGGTAGTATTGGA.3,0,paclitaxel
Data27_AACTTTCGTCGACTAT.3,0,paclitaxel
Data27_AACTTTCGTTACGGAG.3,0,paclitaxel
Data27_AAGCCGCAGTGAACAT.3,0,paclitaxel
Data27_AAGGAGCCACACAGAG.3,0,paclitaxel
Data27_AAGGAGCCACCATCCT.3,0,paclitaxel
Data27_AAGGCAGCAAGTCTGT.3,0,paclitaxel
Data27_AAGGCAGCAATACGCT.3,0,paclitaxel
Data27_AAGGCAGCACATGGGA.3,0,paclitaxel
Data27_AAGGCAGCATTATCTC.3,0,paclitaxel
Data27_AATCCAGCAGCCAATT.3,0,paclitaxel
Data27_AATCCAGTCATGTCCC.3,0,paclitaxel
Data27_AATCGGTCACCAGCAC.3,0,paclitaxel
Data27_AATCGGTCATACGCTA.3,0,paclitaxel
Data27_AATCGGTGTCCCTTGT.3,0,paclitaxel
Data27_AATCGGTTCATCTGTT.3,0,paclitaxel
Data27_ACACCGGAGGCTCAGA.3,0,paclitaxel
Data27_ACACTGAAGCGTCTAT.3,0,paclitaxel
Data27_ACACTGAGTTGTGGAG.3,0,paclitaxel
Data27_ACAGCCGAGCCACGCT.3,0,paclitaxel
Data27_ACAGCCGGTAGGCTGA.3,0,paclitaxel
Data27_ACAGCCGGTCACAAGG.3,0,paclitaxel
Data27_ACAGCTAAGAGGTTGC.3,0,paclitaxel
Data27_ACAGCTAAGGAGTTGC.3,0,paclitaxel
Data27_ACATCAGCAATAAGCA.3,0,paclitaxel
Data27_ACATGGTAGATGTGGC.3,0,paclitaxel
Data27_ACATGGTGTCAAAGCG.3,0,paclitaxel
Data27_ACCAGTAGTAGCTAAA.3,0,paclitaxel
Data27_ACCCACTAGCCCAGCT.3,0,paclitaxel
Data27_ACCCACTCAAGTACCT.3,0,paclitaxel
Data27_ACCCACTTCCGGCACA.3,0,paclitaxel
Data27_ACCGTAACAAGAGTCG.3,0,paclitaxel
Data27_ACCGTAAGTTCGTTGA.3,0,paclitaxel
Data27_ACCTTTACATGTCTCC.3,0,paclitaxel
Data27_ACCTTTAGTCTTCAAG.3,0,paclitaxel
Data27_ACCTTTATCGGTGTCG.3,0,paclitaxel
Data27_ACGAGCCTCGATGAGG.3,0,paclitaxel
Data27_ACGATACCACCTCGGA.3,0,paclitaxel
Data27_ACGATACGTGTTGGGA.3,0,paclitaxel
Data27_ACGATACTCTTATCTG.3,0,paclitaxel
Data27_ACGATGTAGGATATAC.3,0,paclitaxel
Data27_ACGATGTGTCTCTTAT.3,0,paclitaxel
Data27_ACGCAGCGTCTAGCCG.3,0,paclitaxel
Data27_ACGCAGCGTTGAACTC.3,0,paclitaxel
Data27_ACGCAGCTCGTTTGCC.3,0,paclitaxel
Data27_ACGCCAGCACCCAGTG.3,0,paclitaxel
Data27_ACGCCAGCATTCACTT.3,0,paclitaxel
Data27_ACGCCGAAGCGTCAAG.3,0,paclitaxel
Data27_ACGCCGAAGTTAACGA.3,0,paclitaxel
Data27_ACGCCGAGTCTAGTGT.3,0,paclitaxel
Data27_ACGGAGATCGTCCGTT.3,0,paclitaxel
Data27_ACGGCCATCCAAACAC.3,0,paclitaxel
Data27_ACGGCCATCTTTACAC.3,0,paclitaxel
Data27_ACGGGTCGTTCAGACT.3,0,paclitaxel
Data27_ACGTCAAGTATCGCAT.3,0,paclitaxel
Data27_ACTATCTAGATGCCTT.3,0,paclitaxel
Data27_ACTATCTCATTGAGCT.3,0,paclitaxel
Data27_ACTATCTGTATTACCG.3,0,paclitaxel
Data27_ACTATCTGTTAAGTAG.3,0,paclitaxel
Data27_ACTATCTTCGGTGTTA.3,0,paclitaxel
Data27_ACTATCTTCGTCACGG.3,0,paclitaxel
Data27_ACTGAACTCACATACG.3,0,paclitaxel
Data27_ACTGAGTCAACTGGCC.3,0,paclitaxel
Data27_ACTGATGAGTTAGCGG.3,0,paclitaxel
Data27_ACTGATGCATGCCTTC.3,0,paclitaxel
Data27_ACTGATGGTGAGCGAT.3,0,paclitaxel
Data27_ACTGATGTCCTTCAAT.3,0,paclitaxel
Data27_ACTGCTCTCGCATGAT.3,0,paclitaxel
Data27_ACTGTCCGTCTCTCTG.3,0,paclitaxel
Data27_ACTGTCCGTTGCTCCT.3,0,paclitaxel
Data27_ACTGTCCTCAGAGCTT.3,0,paclitaxel
Data27_ACTGTCCTCTCTGCTG.3,0,paclitaxel
Data27_ACTTACTGTCAGAATA.3,0,paclitaxel
Data27_ACTTTCAAGTCGTTTG.3,0,paclitaxel
Data27_ACTTTCACAATCTGCA.3,0,paclitaxel
Data27_ACTTTCATCGGTGTCG.3,0,paclitaxel
Data27_ACTTTCATCTCTGCTG.3,0,paclitaxel
Data27_AGACGTTAGTGTACGG.3,0,paclitaxel
Data27_AGAGCGAGTAATAGCA.3,0,paclitaxel
Data27_AGAGCGATCTCTGTCG.3,0,paclitaxel
Data27_AGAGCTTAGGCACATG.3,0,paclitaxel
Data27_AGAGCTTGTAACGTTC.3,0,paclitaxel
Data27_AGAGTGGTCCAAGTAC.3,0,paclitaxel
Data27_AGATCTGCATTCGACA.3,0,paclitaxel
Data27_AGATTGCAGCTCCCAG.3,0,paclitaxel
Data27_AGATTGCTCGGATGTT.3,0,paclitaxel
Data27_AGCAGCCAGTCAATAG.3,0,paclitaxel
Data27_AGCAGCCTCAGTTAGC.3,0,paclitaxel
Data27_AGCATACAGGAGCGTT.3,0,paclitaxel
Data27_AGCATACAGTACCGGA.3,0,paclitaxel
Data27_AGCATACCAACTGGCC.3,0,paclitaxel
Data27_AGCGGTCAGGCATGGT.3,0,paclitaxel
Data27_AGCGTATGTCTCAACA.3,0,paclitaxel
Data27_AGCTCCTAGACTAGGC.3,0,paclitaxel
Data27_AGCTCTCAGTGATCGG.3,0,paclitaxel
Data27_AGCTCTCCAACGATGG.3,0,paclitaxel
Data27_AGCTCTCGTCCCTTGT.3,0,paclitaxel
Data27_AGCTCTCTCATTCACT.3,0,paclitaxel
Data27_AGCTTGAAGTCGCCGT.3,0,paclitaxel
Data27_AGCTTGAAGTGCAAGC.3,0,paclitaxel
Data27_AGCTTGACAGACGCAA.3,0,paclitaxel
Data27_AGGCCACCACAACGTT.3,0,paclitaxel
Data27_AGGCCGTGTCTTGTCC.3,0,paclitaxel
Data27_AGGGAGTCACAGTCGC.3,0,paclitaxel
Data27_AGGGAGTCATGCAACT.3,0,paclitaxel
Data27_AGGGAGTTCCACGCAG.3,0,paclitaxel
Data27_AGGGATGCACAGAGGT.3,0,paclitaxel
Data27_AGGTCATAGCCAGGAT.3,0,paclitaxel
Data27_AGGTCATCATCTACGA.3,0,paclitaxel
Data27_AGTAGTCAGCAGCGTA.3,0,paclitaxel
Data27_AGTCTTTGTTGAGGTG.3,0,paclitaxel
Data27_AGTCTTTTCTTAACCT.3,0,paclitaxel
Data27_AGTGAGGAGCGTTTAC.3,0,paclitaxel
Data27_AGTGAGGCATTAACCG.3,0,paclitaxel
Data27_AGTGAGGGTATTACCG.3,0,paclitaxel
Data27_AGTGAGGGTCGAGTTT.3,0,paclitaxel
Data27_AGTGAGGTCAGCACAT.3,0,paclitaxel
Data27_AGTGGGAGTTTAGGAA.3,0,paclitaxel
Data27_AGTGGGATCAATACCG.3,0,paclitaxel
Data27_AGTGTCAGTCACCTAA.3,0,paclitaxel
Data27_ATAACGCGTCGGGTCT.3,0,paclitaxel
Data27_ATAGACCAGGGAAACA.3,0,paclitaxel
Data27_ATAGACCAGGGCATGT.3,0,paclitaxel
Data27_ATAGACCAGTTGCAGG.3,0,paclitaxel
Data27_ATAGACCCAATCGAAA.3,0,paclitaxel
Data27_ATCACGACACATCCGG.3,0,paclitaxel
Data27_ATCATCTAGATATGCA.3,0,paclitaxel
Data27_ATCATCTAGATGTGTA.3,0,paclitaxel
Data27_ATCATCTCACATCCGG.3,0,paclitaxel
Data27_ATCATGGGTGCGCTTG.3,0,paclitaxel
Data27_ATCCACCCAATAAGCA.3,0,paclitaxel
Data27_ATCCGAACAGGCAGTA.3,0,paclitaxel
Data27_ATCTACTAGATGTCGG.3,0,paclitaxel
Data27_ATCTACTGTACTCAAC.3,0,paclitaxel
Data27_ATCTGCCAGAATGTGT.3,0,paclitaxel
Data27_ATCTGCCCATTGGCGC.3,0,paclitaxel
Data27_ATGAGGGAGCTAGCCC.3,0,paclitaxel
Data27_ATGAGGGCAAGCGCTC.3,0,paclitaxel
Data27_ATGAGGGCAGTTTACG.3,0,paclitaxel
Data27_ATGCGATTCCCTGACT.3,0,paclitaxel
Data27_ATGGGAGAGCACGCCT.3,0,paclitaxel
Data27_ATGTGTGTCCCTCTTT.3,0,paclitaxel
Data27_ATGTGTGTCTCGTTTA.3,0,paclitaxel
Data27_ATTACTCCAAGCGTAG.3,0,paclitaxel
Data27_ATTACTCCACTCAGGC.3,0,paclitaxel
Data27_ATTACTCGTTGGGACA.3,0,paclitaxel
Data27_ATTCTACAGTATCGAA.3,0,paclitaxel
Data27_ATTGGACGTTCCCGAG.3,0,paclitaxel
Data27_ATTGGTGGTCGGGTCT.3,0,paclitaxel
Data27_ATTTCTGTCCAAAGTC.3,0,paclitaxel
Data27_ATTTCTGTCCGTTGCT.3,0,paclitaxel
Data27_ATTTCTGTCTTAACCT.3,0,paclitaxel
Data27_CAACCTCAGTGAAGAG.3,0,paclitaxel
Data27_CAACCTCCATGACGGA.3,0,paclitaxel
Data27_CAACCTCGTATGAAAC.3,0,paclitaxel
Data27_CAACCTCGTGTAAGTA.3,0,paclitaxel
Data27_CAAGAAAGTAAGTGTA.3,0,paclitaxel
Data27_CAAGATCAGATGAGAG.3,0,paclitaxel
Data27_CAAGGCCAGAGAACAG.3,0,paclitaxel
Data27_CAAGGCCGTATCGCAT.3,0,paclitaxel
Data27_CAAGGCCGTGACAAAT.3,0,paclitaxel
Data27_CAAGGCCTCCGTAGTA.3,0,paclitaxel
Data27_CAAGTTGGTTCCAACA.3,0,paclitaxel
Data27_CAAGTTGTCTCACATT.3,0,paclitaxel
Data27_CACAAACGTGAGGCTA.3,0,paclitaxel
Data27_CACACAATCTTCATGT.3,0,paclitaxel
Data27_CACACCTAGCGTTTAC.3,0,paclitaxel
Data27_CACACCTAGGAGTAGA.3,0,paclitaxel
Data27_CACACCTAGTGTTGAA.3,0,paclitaxel
Data27_CACACTCAGACAGGCT.3,0,paclitaxel
Data27_CACAGGCCAAGCTGGA.3,0,paclitaxel
Data27_CACAGGCGTAACGCGA.3,0,paclitaxel
Data27_CACAGGCTCGTTGACA.3,0,paclitaxel
Data27_CACAGTAAGTAGATGT.3,0,paclitaxel
Data27_CACAGTAAGTCAAGCG.3,0,paclitaxel
Data27_CACATAGAGTTGAGTA.3,0,paclitaxel
Data27_CACATAGCAGACGCTC.3,0,paclitaxel
Data27_CACATTTAGATCCTGT.3,0,paclitaxel
Data27_CACATTTTCTAGCACA.3,0,paclitaxel
Data27_CACATTTTCTGGAGCC.3,0,paclitaxel
Data27_CACCAGGCACCGCTAG.3,0,paclitaxel
Data27_CACCAGGCAGGATTGG.3,0,paclitaxel
Data27_CACCAGGGTTGGTAAA.3,0,paclitaxel
Data27_CACCAGGTCTTCGGTC.3,0,paclitaxel
Data27_CACCTTGCACCATCCT.3,0,paclitaxel
Data27_CACTCCAGTCTAGCGC.3,0,paclitaxel
Data27_CAGAATCCAGCCAGAA.3,0,paclitaxel
Data27_CAGAATCCATATGCTG.3,0,paclitaxel
Data27_CAGAATCGTTACGTCA.3,0,paclitaxel
Data27_CAGATCACACAGACTT.3,0,paclitaxel
Data27_CAGATCACACGCTTTC.3,0,paclitaxel
Data27_CAGATCATCATCGGAT.3,0,paclitaxel
Data27_CAGCAGCAGTAGCCGA.3,0,paclitaxel
Data27_CAGCAGCCAAGGTTCT.3,0,paclitaxel
Data27_CAGCATAAGTTCGCGC.3,0,paclitaxel
Data27_CAGCCGAAGATAGTCA.3,0,paclitaxel
Data27_CAGCCGACACGGTTTA.3,0,paclitaxel
Data27_CAGCGACAGGTGTGGT.3,0,paclitaxel
Data27_CAGCGACCAGACGCTC.3,0,paclitaxel
Data27_CAGCGACTCTAGCACA.3,0,paclitaxel
Data27_CAGCTAAAGGAGTAGA.3,0,paclitaxel
Data27_CAGCTAATCCATTCTA.3,0,paclitaxel
Data27_CAGCTAATCTGGTATG.3,0,paclitaxel
Data27_CAGCTGGAGTAGCCGA.3,0,paclitaxel
Data27_CAGCTGGCATGTCCTC.3,0,paclitaxel
Data27_CAGCTGGGTAATAGCA.3,0,paclitaxel
Data27_CAGCTGGGTAGCAAAT.3,0,paclitaxel
Data27_CAGGTGCCAGTCAGAG.3,0,paclitaxel
Data27_CAGGTGCTCTTAACCT.3,0,paclitaxel
Data27_CAGTCCTGTCGAACAG.3,0,paclitaxel
Data27_CATATGGGTGAAAGAG.3,0,paclitaxel
Data27_CATATTCCATTTCAGG.3,0,paclitaxel
Data27_CATCAAGTCTGGAGCC.3,0,paclitaxel
Data27_CATCAGAGTCAGATAA.3,0,paclitaxel
Data27_CATCAGAGTCATACTG.3,0,paclitaxel
Data27_CATCAGAGTCGCGAAA.3,0,paclitaxel
Data27_CATCAGAGTTGCGTTA.3,0,paclitaxel
Data27_CATCCACTCCTATTCA.3,0,paclitaxel
Data27_CATCCACTCTCTGTCG.3,0,paclitaxel
Data27_CATCGAACAATCGGTT.3,0,paclitaxel
Data27_CATCGAACATGCCTTC.3,0,paclitaxel
Data27_CATCGGGGTTCCGTCT.3,0,paclitaxel
Data27_CATGACACATAGTAAG.3,0,paclitaxel
Data27_CATGACAGTCGCGTGT.3,0,paclitaxel
Data27_CATGCCTAGCGATTCT.3,0,paclitaxel
Data27_CATGCCTTCATAACCG.3,0,paclitaxel
Data27_CATGCCTTCCCTAACC.3,0,paclitaxel
Data27_CATGCCTTCTTACCTA.3,0,paclitaxel
Data27_CATGGCGAGCATGGCA.3,0,paclitaxel
Data27_CATGGCGCAATGGTCT.3,0,paclitaxel
Data27_CATGGCGGTTCCAACA.3,0,paclitaxel
Data27_CATTATCAGGAATGGA.3,0,paclitaxel
Data27_CATTATCAGTTCCACA.3,0,paclitaxel
Data27_CATTATCCAAGCGATG.3,0,paclitaxel
Data27_CATTATCTCAAGATCC.3,0,paclitaxel
Data27_CATTCGCAGTGTTGAA.3,0,paclitaxel
Data27_CATTCGCTCGCCTGAG.3,0,paclitaxel
Data27_CCACCTAGTACATCCA.3,0,paclitaxel
Data27_CCACGGACAAGCTGTT.3,0,paclitaxel
Data27_CCACGGATCCTCTAGC.3,0,paclitaxel
Data27_CCACTACAGTTCGCAT.3,0,paclitaxel
Data27_CCACTACTCGAATCCA.3,0,paclitaxel
Data27_CCAGCGAAGAGTCTGG.3,0,paclitaxel
Data27_CCAGCGAGTTGTACAC.3,0,paclitaxel
Data27_CCAGCGATCACAGGCC.3,0,paclitaxel
Data27_CCAGCGATCCTTCAAT.3,0,paclitaxel
Data27_CCATGTCCAGTCCTTC.3,0,paclitaxel
Data27_CCATGTCGTCTGCGGT.3,0,paclitaxel
Data27_CCATGTCTCGTCCGTT.3,0,paclitaxel
Data27_CCATGTCTCTACCAGA.3,0,paclitaxel
Data27_CCATGTCTCTTACCTA.3,0,paclitaxel
Data27_CCATTCGCAGTAACGG.3,0,paclitaxel
Data27_CCATTCGTCAGAAATG.3,0,paclitaxel
Data27_CCCAATCCAGTTCCCT.3,0,paclitaxel
Data27_CCCAATCGTGCTGTAT.3,0,paclitaxel
Data27_CCCATACAGGCTATCT.3,0,paclitaxel
Data27_CCCATACCAAGAAGAG.3,0,paclitaxel
Data27_CCCTCCTCACGGCCAT.3,0,paclitaxel
Data27_CCGGGATCATCAGTAC.3,0,paclitaxel
Data27_CCGGGATGTGCGCTTG.3,0,paclitaxel
Data27_CCGGGATGTGCTTCTC.3,0,paclitaxel
Data27_CCGGTAGAGCCAGTTT.3,0,paclitaxel
Data27_CCGGTAGGTCCAGTAT.3,0,paclitaxel
Data27_CCGTACTAGGCTCTTA.3,0,paclitaxel
Data27_CCGTACTCAGCTATTG.3,0,paclitaxel
Data27_CCGTACTTCTAAGCCA.3,0,paclitaxel
Data27_CCGTACTTCTGCGGCA.3,0,paclitaxel
Data27_CCGTGGACATTACGAC.3,0,paclitaxel
Data27_CCGTTCAAGGTTACCT.3,0,paclitaxel
Data27_CCGTTCAGTAATAGCA.3,0,paclitaxel
Data27_CCGTTCAGTGCTAGCC.3,0,paclitaxel
Data27_CCTAAAGAGCGTTTAC.3,0,paclitaxel
Data27_CCTAGCTCACGGTAAG.3,0,paclitaxel
Data27_CCTATTAAGTCAAGCG.3,0,paclitaxel
Data27_CCTCAGTTCACGGTTA.3,0,paclitaxel
Data27_CCTCAGTTCTGACCTC.3,0,paclitaxel
Data27_CCTCTGACATGGTCAT.3,0,paclitaxel
Data27_CCTTACGCATCACAAC.3,0,paclitaxel
Data27_CCTTCCCAGGGCTCTC.3,0,paclitaxel
Data27_CCTTCGACAAGGGTCA.3,0,paclitaxel
Data27_CCTTCGACAGCCTTGG.3,0,paclitaxel
Data27_CCTTCGACAGCGAACA.3,0,paclitaxel
Data27_CCTTCGATCTGATACG.3,0,paclitaxel
Data27_CGAACATCAGGTCGTC.3,0,paclitaxel
Data27_CGAACATGTACATGTC.3,0,paclitaxel
Data27_CGAGAAGAGTCTCAAC.3,0,paclitaxel
Data27_CGAGAAGCAGTAAGCG.3,0,paclitaxel
Data27_CGAGAAGTCCAACCAA.3,0,paclitaxel
Data27_CGAGAAGTCGTACGGC.3,0,paclitaxel
Data27_CGAGCACTCTAGCACA.3,0,paclitaxel
Data27_CGAGCCAAGAGCTGGT.3,0,paclitaxel
Data27_CGATCGGTCCATGCTC.3,0,paclitaxel
Data27_CGATGGCGTTTGACTG.3,0,paclitaxel
Data27_CGATGTACACGAGGTA.3,0,paclitaxel
Data27_CGATTGAAGTCCCACG.3,0,paclitaxel
Data27_CGCCAAGGTCTTCAAG.3,0,paclitaxel
Data27_CGCCAAGGTGTGCGTC.3,0,paclitaxel
Data27_CGCCAAGTCCTCTAGC.3,0,paclitaxel
Data27_CGCTGGACAAGAGGCT.3,0,paclitaxel
Data27_CGCTGGAGTGCTAGCC.3,0,paclitaxel
Data27_CGGACACCACAGAGGT.3,0,paclitaxel
Data27_CGGACGTGTGCACGAA.3,0,paclitaxel
Data27_CGGACGTTCCTTAATC.3,0,paclitaxel
Data27_CGGACTGTCACCCGAG.3,0,paclitaxel
Data27_CGGAGCTAGCAGCCTC.3,0,paclitaxel
Data27_CGGAGCTGTCGATTGT.3,0,paclitaxel
Data27_CGGAGTCAGGCTAGGT.3,0,paclitaxel
Data27_CGGAGTCTCCTTGCCA.3,0,paclitaxel
Data27_CGGGTCAAGATGTTAG.3,0,paclitaxel
Data27_CGGGTCATCAACCATG.3,0,paclitaxel
Data27_CGGTTAATCATCGGAT.3,0,paclitaxel
Data27_CGGTTAATCATTTGGG.3,0,paclitaxel
Data27_CGTCACTGTACTCTCC.3,0,paclitaxel
Data27_CGTCACTGTTAAGAAC.3,0,paclitaxel
Data27_CGTCACTTCGTGGTCG.3,0,paclitaxel
Data27_CGTCAGGAGGCTACGA.3,0,paclitaxel
Data27_CGTCCATTCACTTATC.3,0,paclitaxel
Data27_CGTCCATTCGTTACAG.3,0,paclitaxel
Data27_CGTGAGCCACAGAGGT.3,0,paclitaxel
Data27_CGTGAGCGTCGCCATG.3,0,paclitaxel
Data27_CGTGAGCGTCTCTCGT.3,0,paclitaxel
Data27_CGTTAGATCAACACAC.3,0,paclitaxel
Data27_CGTTCTGAGGTGGGTT.3,0,paclitaxel
Data27_CGTTCTGCAAAGGTGC.3,0,paclitaxel
Data27_CTAACTTCAATAGCGG.3,0,paclitaxel
Data27_CTAAGACGTTGGGACA.3,0,paclitaxel
Data27_CTAATGGCATATGCTG.3,0,paclitaxel
Data27_CTACACCCAAGCGAGT.3,0,paclitaxel
Data27_CTACACCGTGGTCTCG.3,0,paclitaxel
Data27_CTACCCAAGGAGTAGA.3,0,paclitaxel
Data27_CTACCCAAGGCAATTA.3,0,paclitaxel
Data27_CTACCCAGTAGCTCCG.3,0,paclitaxel
Data27_CTACGTCCACCTATCC.3,0,paclitaxel
Data27_CTAGAGTAGTGTCCCG.3,0,paclitaxel
Data27_CTAGAGTTCATGCAAC.3,0,paclitaxel
Data27_CTAGCCTAGGTCGGAT.3,0,paclitaxel
Data27_CTAGCCTCACGAAACG.3,0,paclitaxel
Data27_CTAGTGAGTGGGTATG.3,0,paclitaxel
Data27_CTAGTGATCCGGCACA.3,0,paclitaxel
Data27_CTAGTGATCGTACGGC.3,0,paclitaxel
Data27_CTCACACGTCCAGTTA.3,0,paclitaxel
Data27_CTCAGAACAGCTCGCA.3,0,paclitaxel
Data27_CTCAGAAGTATAGGGC.3,0,paclitaxel
Data27_CTCAGAAGTCTCCCTA.3,0,paclitaxel
Data27_CTCATTAGTAGAAAGG.3,0,paclitaxel
Data27_CTCCTAGGTGACAAAT.3,0,paclitaxel
Data27_CTCGAAACAACGATCT.3,0,paclitaxel
Data27_CTCGAAAGTGCAGTAG.3,0,paclitaxel
Data27_CTCGAAAGTTCAGACT.3,0,paclitaxel
Data27_CTCGAGGCAAACAACA.3,0,paclitaxel
Data27_CTCGAGGGTCGTTGTA.3,0,paclitaxel
Data27_CTCGAGGGTTCAGCGC.3,0,paclitaxel
Data27_CTCGAGGTCAGCGACC.3,0,paclitaxel
Data27_CTCGGAGAGCCACGCT.3,0,paclitaxel
Data27_CTCGGGAGTTATCGGT.3,0,paclitaxel
Data27_CTCGTACAGGACTGGT.3,0,paclitaxel
Data27_CTCTACGGTCACTTCC.3,0,paclitaxel
Data27_CTCTACGTCCAGAAGG.3,0,paclitaxel
Data27_CTGAAGTCAATGGACG.3,0,paclitaxel
Data27_CTGATAGGTACGCTGC.3,0,paclitaxel
Data27_CTGATAGTCAACGAAA.3,0,paclitaxel
Data27_CTGATCCAGTTAACGA.3,0,paclitaxel
Data27_CTGATCCTCGTTACAG.3,0,paclitaxel
Data27_CTGCCTAAGCGACGTA.3,0,paclitaxel
Data27_CTGCCTAAGGAGTAGA.3,0,paclitaxel
Data27_CTGCTGTAGATCGGGT.3,0,paclitaxel
Data27_CTGCTGTTCCTAGAAC.3,0,paclitaxel
Data27_CTGTGCTAGGTGGGTT.3,0,paclitaxel
Data27_CTGTTTAAGCCCTAAT.3,0,paclitaxel
Data27_CTGTTTACAGGATCGA.3,0,paclitaxel
Data27_CTGTTTATCCGAGCCA.3,0,paclitaxel
Data27_CTTAACTAGAAGATTC.3,0,paclitaxel
Data27_CTTACCGGTAAGTTCC.3,0,paclitaxel
Data27_CTTAGGACACGTCAGC.3,0,paclitaxel
Data27_CTTAGGAGTTATGCGT.3,0,paclitaxel
Data27_CTTCTCTTCTCTTGAT.3,0,paclitaxel
Data27_CTTCTCTTCTGGTTCC.3,0,paclitaxel
Data27_CTTGGCTCAAAGTGCG.3,0,paclitaxel
Data27_CTTGGCTCATCTGGTA.3,0,paclitaxel
Data27_CTTTGCGAGTGGAGTC.3,0,paclitaxel
Data27_CTTTGCGGTGTGAAAT.3,0,paclitaxel
Data27_GAAACTCTCTACCAGA.3,0,paclitaxel
Data27_GAAATGAAGGAGTACC.3,0,paclitaxel
Data27_GAAATGATCTTCAACT.3,0,paclitaxel
Data27_GAACATCAGCAGCGTA.3,0,paclitaxel
Data27_GAACATCCACGTAAGG.3,0,paclitaxel
Data27_GAACATCCATTATCTC.3,0,paclitaxel
Data27_GAACCTACATGCAATC.3,0,paclitaxel
Data27_GAACCTATCTGTACGA.3,0,paclitaxel
Data27_GAACGGACACGGACAA.3,0,paclitaxel
Data27_GAACGGATCATCATTC.3,0,paclitaxel
Data27_GAAGCAGAGGCGTACA.3,0,paclitaxel
Data27_GAAGCAGCATCCGGGT.3,0,paclitaxel
Data27_GAATAAGAGAGTGACC.3,0,paclitaxel
Data27_GAATGAAGTCCTCCAT.3,0,paclitaxel
Data27_GACACGCTCCTCATTA.3,0,paclitaxel
Data27_GACCAATCAATGGATA.3,0,paclitaxel
Data27_GACCAATCAATTCCTT.3,0,paclitaxel
Data27_GACCAATCATTGCGGC.3,0,paclitaxel
Data27_GACGGCTCACAGGAGT.3,0,paclitaxel
Data27_GACGGCTTCCCAAGTA.3,0,paclitaxel
Data27_GACGTTATCACCTTAT.3,0,paclitaxel
Data27_GACGTTATCGATCCCT.3,0,paclitaxel
Data27_GACTAACAGAATTGTG.3,0,paclitaxel
Data27_GACTAACAGCCACCTG.3,0,paclitaxel
Data27_GACTAACGTGATAAAC.3,0,paclitaxel
Data27_GACTACAAGATGGCGT.3,0,paclitaxel
Data27_GACTACAGTTTGCATG.3,0,paclitaxel
Data27_GACTGCGAGAGGGCTT.3,0,paclitaxel
Data27_GACTGCGGTTCCACGG.3,0,paclitaxel
Data27_GACTGCGTCCTCCTAG.3,0,paclitaxel
Data27_GAGGTGAAGCAGCCTC.3,0,paclitaxel
Data27_GAGTCCGAGAATAGGG.3,0,paclitaxel
Data27_GAGTCCGAGATATGGT.3,0,paclitaxel
Data27_GAGTCCGTCCACGTGG.3,0,paclitaxel
Data27_GATCAGTGTAAACCTC.3,0,paclitaxel
Data27_GATCGATCAATGGTCT.3,0,paclitaxel
Data27_GATCGCGAGAACAACT.3,0,paclitaxel
Data27_GATCGCGCACGAGGTA.3,0,paclitaxel
Data27_GATCGCGTCACTCCTG.3,0,paclitaxel
Data27_GATCGTAAGACAAAGG.3,0,paclitaxel
Data27_GATCGTATCGTCACGG.3,0,paclitaxel
Data27_GATCTAGGTCTCATCC.3,0,paclitaxel
Data27_GATGAAATCATAAAGG.3,0,paclitaxel
Data27_GATGCTATCCTGCAGG.3,0,paclitaxel
Data27_GATTCAGAGAGGTTAT.3,0,paclitaxel
Data27_GCAAACTAGGATGGAA.3,0,paclitaxel
Data27_GCAAACTGTGCAACTT.3,0,paclitaxel
Data27_GCAAACTGTTGAGTTC.3,0,paclitaxel
Data27_GCAATCACAAGACACG.3,0,paclitaxel
Data27_GCAATCAGTCTTTCAT.3,0,paclitaxel
Data27_GCAATCATCATCACCC.3,0,paclitaxel
Data27_GCACATAAGGCGACAT.3,0,paclitaxel
Data27_GCACATAGTACTCGCG.3,0,paclitaxel
Data27_GCACTCTTCATTGCGA.3,0,paclitaxel
Data27_GCACTCTTCCCAAGTA.3,0,paclitaxel
Data27_GCAGTTAAGTGTCCAT.3,0,paclitaxel
Data27_GCAGTTACAGGGTATG.3,0,paclitaxel
Data27_GCAGTTAGTAGCTAAA.3,0,paclitaxel
Data27_GCAGTTAGTCATGCCG.3,0,paclitaxel
Data27_GCAGTTAGTGTTCGAT.3,0,paclitaxel
Data27_GCAGTTATCGCTTGTC.3,0,paclitaxel
Data27_GCATACACATGAGCGA.3,0,paclitaxel
Data27_GCATACACATGCAACT.3,0,paclitaxel
Data27_GCATACATCCAGTATG.3,0,paclitaxel
Data27_GCATACATCTTGAGGT.3,0,paclitaxel
Data27_GCATGTACATCGTCGG.3,0,paclitaxel
Data27_GCCAAATAGATAGCAT.3,0,paclitaxel
Data27_GCCAAATAGGGTTTCT.3,0,paclitaxel
Data27_GCCAAATCATTCCTGC.3,0,paclitaxel
Data27_GCCTCTAAGCTAACAA.3,0,paclitaxel
Data27_GCCTCTAGTGAGTGAC.3,0,paclitaxel
Data27_GCCTCTATCGGATGTT.3,0,paclitaxel
Data27_GCGAGAAGTTCCACTC.3,0,paclitaxel
Data27_GCGCAACGTTACGACT.3,0,paclitaxel
Data27_GCGCAACTCCGAACGC.3,0,paclitaxel
Data27_GCGCAACTCTCGTATT.3,0,paclitaxel
Data27_GCGCAGTAGGGTATCG.3,0,paclitaxel
Data27_GCGCAGTTCGCGATCG.3,0,paclitaxel
Data27_GCGCCAACAGACGCAA.3,0,paclitaxel
Data27_GCGCGATAGCTGGAAC.3,0,paclitaxel
Data27_GCGCGATGTCGGCATC.3,0,paclitaxel
Data27_GCGCGATTCCGATATG.3,0,paclitaxel
Data27_GCTCCTAGTACCGAGA.3,0,paclitaxel
Data27_GCTCTGTCATGCTAGT.3,0,paclitaxel
Data27_GCTCTGTTCGGAGCAA.3,0,paclitaxel
Data27_GCTGCGATCACCTCGT.3,0,paclitaxel
Data27_GCTGCTTAGAATCTCC.3,0,paclitaxel
Data27_GCTGCTTCAAACGCGA.3,0,paclitaxel
Data27_GCTGCTTCAGTAAGAT.3,0,paclitaxel
Data27_GCTGGGTGTACTTAGC.3,0,paclitaxel
Data27_GCTGGGTTCGTTTATC.3,0,paclitaxel
Data27_GCTGGGTTCTGCTGCT.3,0,paclitaxel
Data27_GCTTCCACATTCACTT.3,0,paclitaxel
Data27_GCTTCCATCTTTACGT.3,0,paclitaxel
Data27_GCTTGAAGTAGAAGGA.3,0,paclitaxel
Data27_GGAACTTGTTTCCACC.3,0,paclitaxel
Data27_GGAATAACACCATCCT.3,0,paclitaxel
Data27_GGAATAAGTGTAATGA.3,0,paclitaxel
Data27_GGACAAGAGATACACA.3,0,paclitaxel
Data27_GGACAAGGTTGCTCCT.3,0,paclitaxel
Data27_GGACAGATCATACGGT.3,0,paclitaxel
Data27_GGACATTAGAGCTGCA.3,0,paclitaxel
Data27_GGACATTAGTGTGGCA.3,0,paclitaxel
Data27_GGACATTTCCACTCCA.3,0,paclitaxel
Data27_GGACGTCGTATATCCG.3,0,paclitaxel
Data27_GGACGTCTCCAATGGT.3,0,paclitaxel
Data27_GGACGTCTCCTTGACC.3,0,paclitaxel
Data27_GGACGTCTCGTACCGG.3,0,paclitaxel
Data27_GGAGCAAGTCATGCAT.3,0,paclitaxel
Data27_GGATGTTAGCACCGTC.3,0,paclitaxel
Data27_GGATGTTGTATTCGTG.3,0,paclitaxel
Data27_GGATGTTGTGATAAAC.3,0,paclitaxel
Data27_GGATTACCAGGTCGTC.3,0,paclitaxel
Data27_GGCAATTAGCCGATTT.3,0,paclitaxel
Data27_GGCAATTAGCGATCCC.3,0,paclitaxel
Data27_GGCAATTAGTAACCCT.3,0,paclitaxel
Data27_GGCAATTGTGGAAAGA.3,0,paclitaxel
Data27_GGCAATTTCAACACTG.3,0,paclitaxel
Data27_GGCAATTTCCACGACG.3,0,paclitaxel
Data27_GGCGACTAGTGAATTG.3,0,paclitaxel
Data27_GGCTCGATCTCCAACC.3,0,paclitaxel
Data27_GGGAATGAGATCTGCT.3,0,paclitaxel
Data27_GGGAATGAGTGCCATT.3,0,paclitaxel
Data27_GGGAATGTCCTCAATT.3,0,paclitaxel
Data27_GGGAATGTCTTAGCCC.3,0,paclitaxel
Data27_GGGAGATAGGTGACCA.3,0,paclitaxel
Data27_GGGAGATCAATCCAAC.3,0,paclitaxel
Data27_GGGATGACACCCATTC.3,0,paclitaxel
Data27_GGGCACTTCTACCTGC.3,0,paclitaxel
Data27_GGGCACTTCTATGTGG.3,0,paclitaxel
Data27_GGGTCTGGTACTTGAC.3,0,paclitaxel
Data27_GGGTTGCAGAGCAATT.3,0,paclitaxel
Data27_GGGTTGCTCCTTGACC.3,0,paclitaxel
Data27_GGTATTGCATCCCACT.3,0,paclitaxel
Data27_GGTATTGTCATGTCTT.3,0,paclitaxel
Data27_GGTATTGTCTAACTGG.3,0,paclitaxel
Data27_GGTGAAGCATTTGCTT.3,0,paclitaxel
Data27_GGTGCGTAGGCTACGA.3,0,paclitaxel
Data27_GGTGCGTTCGATAGAA.3,0,paclitaxel
Data27_GGTGTTACACCTTGTC.3,0,paclitaxel
Data27_GTAACGTGTGCCTGCA.3,0,paclitaxel
Data27_GTAACGTGTTTGTGTG.3,0,paclitaxel
Data27_GTAACTGCACACAGAG.3,0,paclitaxel
Data27_GTACGTATCCTTGCCA.3,0,paclitaxel
Data27_GTACTCCTCCCATTTA.3,0,paclitaxel
Data27_GTACTTTCAGGGTTAG.3,0,paclitaxel
Data27_GTATCTTAGGCAAAGA.3,0,paclitaxel
Data27_GTATCTTTCGCCGTGA.3,0,paclitaxel
Data27_GTATTCTCAGGGCATA.3,0,paclitaxel
Data27_GTATTCTGTTACGCGC.3,0,paclitaxel
Data27_GTCAAGTCAGATCGGA.3,0,paclitaxel
Data27_GTCAAGTGTCAGGACA.3,0,paclitaxel
Data27_GTCAAGTTCTCGTATT.3,0,paclitaxel
Data27_GTCACAAAGATTACCC.3,0,paclitaxel
Data27_GTCACAACATGTTGAC.3,0,paclitaxel
Data27_GTCACGGGTCTCTCTG.3,0,paclitaxel
Data27_GTCACGGTCATGCTCC.3,0,paclitaxel
Data27_GTCACGGTCATGTCCC.3,0,paclitaxel
Data27_GTCACGGTCTAACCGA.3,0,paclitaxel
Data27_GTCATTTTCCAAACAC.3,0,paclitaxel
Data27_GTCCTCAAGCTACCGC.3,0,paclitaxel
Data27_GTCCTCAAGGACAGCT.3,0,paclitaxel
Data27_GTCCTCAAGGCTCATT.3,0,paclitaxel
Data27_GTCCTCACAACCGCCA.3,0,paclitaxel
Data27_GTCGGGTAGCTCAACT.3,0,paclitaxel
Data27_GTCGGGTCAACCGCCA.3,0,paclitaxel
Data27_GTCGGGTTCGCCTGAG.3,0,paclitaxel
Data27_GTCGTAACAGTTCATG.3,0,paclitaxel
Data27_GTCTCGTAGTACTTGC.3,0,paclitaxel
Data27_GTCTCGTCAAGTAATG.3,0,paclitaxel
Data27_GTCTCGTCAGTATGCT.3,0,paclitaxel
Data27_GTCTCGTTCAGCGATT.3,0,paclitaxel
Data27_GTCTCGTTCGAATGGG.3,0,paclitaxel
Data27_GTCTTCGAGCGCCTCA.3,0,paclitaxel
Data27_GTCTTCGAGCTAAACA.3,0,paclitaxel
Data27_GTGAAGGAGTGGCACA.3,0,paclitaxel
Data27_GTGCAGCGTAGATTAG.3,0,paclitaxel
Data27_GTGCAGCGTCTGCGGT.3,0,paclitaxel
Data27_GTGCAGCTCGTCGTTC.3,0,paclitaxel
Data27_GTGCATACACGGACAA.3,0,paclitaxel
Data27_GTGCGGTCAGAGCCAA.3,0,paclitaxel
Data27_GTGCTTCGTCAGATAA.3,0,paclitaxel
Data27_GTGTGCGAGGACACCA.3,0,paclitaxel
Data27_GTGTTAGGTGCACTTA.3,0,paclitaxel
Data27_GTTAAGCAGGTGATAT.3,0,paclitaxel
Data27_GTTACAGTCCACGTGG.3,0,paclitaxel
Data27_GTTCATTAGCTAGTCT.3,0,paclitaxel
Data27_GTTCATTAGTACCGGA.3,0,paclitaxel
Data27_GTTCATTCAGTAACGG.3,0,paclitaxel
Data27_GTTCATTGTAGTACCT.3,0,paclitaxel
Data27_GTTCATTGTGCCTGGT.3,0,paclitaxel
Data27_GTTCATTGTGTTCTTT.3,0,paclitaxel
Data27_GTTCATTTCGCGCCAA.3,0,paclitaxel
Data27_GTTCATTTCTATCGCC.3,0,paclitaxel
Data27_GTTCGGGCAAGCCGTC.3,0,paclitaxel
Data27_GTTCTCGGTCTTGTCC.3,0,paclitaxel
Data27_GTTCTCGTCAGTGCAT.3,0,paclitaxel
Data27_GTTTCTAAGACTAGAT.3,0,paclitaxel
Data27_GTTTCTACACGGCTAC.3,0,paclitaxel
Data27_GTTTCTACATGGTTGT.3,0,paclitaxel
Data27_GTTTCTAGTTAAGAAC.3,0,paclitaxel
Data27_GTTTCTATCACGACTA.3,0,paclitaxel
Data27_TAAACCGCAAGGACAC.3,0,paclitaxel
Data27_TAAGCGTGTGCAACGA.3,0,paclitaxel
Data27_TAAGCGTTCGGTTAAC.3,0,paclitaxel
Data27_TAAGTGCCAGTATAAG.3,0,paclitaxel
Data27_TAAGTGCCATGTTGAC.3,0,paclitaxel
Data27_TAAGTGCGTCTTCAAG.3,0,paclitaxel
Data27_TACACGACAGCCAATT.3,0,paclitaxel
Data27_TACACGATCGACCAGC.3,0,paclitaxel
Data27_TACAGTGTCTCTGAGA.3,0,paclitaxel
Data27_TACCTTACATCATCCC.3,0,paclitaxel
Data27_TACCTTATCCTTGACC.3,0,paclitaxel
Data27_TACGGATAGATGCCAG.3,0,paclitaxel
Data27_TACGGATAGGGCATGT.3,0,paclitaxel
Data27_TACGGGCCAGGGCATA.3,0,paclitaxel
Data27_TACGGTACAATCCGAT.3,0,paclitaxel
Data27_TACGGTAGTAAACACA.3,0,paclitaxel
Data27_TACTCATCATTCCTGC.3,0,paclitaxel
Data27_TACTCGCTCCAACCAA.3,0,paclitaxel
Data27_TACTCGCTCGAGGTAG.3,0,paclitaxel
Data27_TAGACCACAAACGTGG.3,0,paclitaxel
Data27_TAGCCGGGTGGCGAAT.3,0,paclitaxel
Data27_TAGGCATAGAAGAAGC.3,0,paclitaxel
Data27_TAGGCATAGTAACCCT.3,0,paclitaxel
Data27_TAGGCATAGTTGAGTA.3,0,paclitaxel
Data27_TAGGCATCAAGCGTAG.3,0,paclitaxel
Data27_TAGGCATTCTAACTTC.3,0,paclitaxel
Data27_TAGTGGTAGGTGGGTT.3,0,paclitaxel
Data27_TAGTGGTCACAAGTAA.3,0,paclitaxel
Data27_TAGTGGTGTACTTAGC.3,0,paclitaxel
Data27_TATCAGGGTGGTGTAG.3,0,paclitaxel
Data27_TATGCCCCACCAGGTC.3,0,paclitaxel
Data27_TATGCCCTCACTATTC.3,0,paclitaxel
Data27_TCAACGAAGCCACCTG.3,0,paclitaxel
Data27_TCAATCTCAAGGTGTG.3,0,paclitaxel
Data27_TCACAAGGTAGCGTGA.3,0,paclitaxel
Data27_TCACAAGGTCAAGCGA.3,0,paclitaxel
Data27_TCACAAGTCACTTACT.3,0,paclitaxel
Data27_TCACAAGTCTGCGTAA.3,0,paclitaxel
Data27_TCACGAAAGGCATGTG.3,0,paclitaxel
Data27_TCAGATGCAAAGGTGC.3,0,paclitaxel
Data27_TCAGATGGTGTGGTTT.3,0,paclitaxel
Data27_TCAGCTCTCGTCCAGG.3,0,paclitaxel
Data27_TCAGGATCAAGTTCTG.3,0,paclitaxel
Data27_TCAGGATCAGGTGGAT.3,0,paclitaxel
Data27_TCAGGATGTAACGCGA.3,0,paclitaxel
Data27_TCAGGTAAGGGTCGAT.3,0,paclitaxel
Data27_TCATTTGAGACAGACC.3,0,paclitaxel
Data27_TCATTTGAGATCGATA.3,0,paclitaxel
Data27_TCATTTGAGTTGTCGT.3,0,paclitaxel
Data27_TCATTTGTCTACTTAC.3,0,paclitaxel
Data27_TCCACACCACGTCTCT.3,0,paclitaxel
Data27_TCCACACCAGACAAGC.3,0,paclitaxel
Data27_TCCACACTCGGAATCT.3,0,paclitaxel
Data27_TCCCGATCATTGAGCT.3,0,paclitaxel
Data27_TCGAGGCCATAAAGGT.3,0,paclitaxel
Data27_TCGAGGCTCCTCAACC.3,0,paclitaxel
Data27_TCGCGAGAGAACTGTA.3,0,paclitaxel
Data27_TCGCGAGGTTTGGCGC.3,0,paclitaxel
Data27_TCGGGACAGCTTTGGT.3,0,paclitaxel
Data27_TCGGGACCATCGTCGG.3,0,paclitaxel
Data27_TCGGTAATCCTTTACA.3,0,paclitaxel
Data27_TCGTACCAGATACACA.3,0,paclitaxel
Data27_TCGTACCCACTTGGAT.3,0,paclitaxel
Data27_TCGTACCCATCACGAT.3,0,paclitaxel
Data27_TCGTACCGTACAGTTC.3,0,paclitaxel
Data27_TCGTACCGTACCATCA.3,0,paclitaxel
Data27_TCTATTGGTCAAAGAT.3,0,paclitaxel
Data27_TCTCATATCGCAAACT.3,0,paclitaxel
Data27_TCTCTAAAGTGAACAT.3,0,paclitaxel
Data27_TCTCTAACAGCCTATA.3,0,paclitaxel
Data27_TCTCTAAGTGTGGTTT.3,0,paclitaxel
Data27_TCTGAGAGTCCGTTAA.3,0,paclitaxel
Data27_TCTGAGAGTTCGCTAA.3,0,paclitaxel
Data27_TCTGGAAAGCCTTGAT.3,0,paclitaxel
Data27_TCTGGAAGTTTCGCTC.3,0,paclitaxel
Data27_TGACGGCTCAACGCTA.3,0,paclitaxel
Data27_TGACTAGTCCTCCTAG.3,0,paclitaxel
Data27_TGACTTTCACCAGCAC.3,0,paclitaxel
Data27_TGACTTTGTGTCGCTG.3,0,paclitaxel
Data27_TGACTTTTCGAACTGT.3,0,paclitaxel
Data27_TGAGAGGTCAAAGACA.3,0,paclitaxel
Data27_TGAGCATGTCCGTCAG.3,0,paclitaxel
Data27_TGAGCATGTGCCTGTG.3,0,paclitaxel
Data27_TGAGCCGTCCTATGTT.3,0,paclitaxel
Data27_TGAGGGATCGGTTAAC.3,0,paclitaxel
Data27_TGATTTCAGAAGGTTT.3,0,paclitaxel
Data27_TGCACCTTCATGCTCC.3,0,paclitaxel
Data27_TGCCAAAAGATGTCGG.3,0,paclitaxel
Data27_TGCCAAAAGGGTATCG.3,0,paclitaxel
Data27_TGCCCTACAGGTCTCG.3,0,paclitaxel
Data27_TGCCCTAGTAGCGTAG.3,0,paclitaxel
Data27_TGCGCAGAGAAGCCCA.3,0,paclitaxel
Data27_TGCGCAGGTCATGCAT.3,0,paclitaxel
Data27_TGCGCAGTCCAAACTG.3,0,paclitaxel
Data27_TGCGGGTAGGTACTCT.3,0,paclitaxel
Data27_TGCGTGGAGCTCCCAG.3,0,paclitaxel
Data27_TGCTGCTCACTTCGAA.3,0,paclitaxel
Data27_TGGACGCCATTCTCAT.3,0,paclitaxel
Data27_TGGACGCTCACCAGGC.3,0,paclitaxel
Data27_TGGCGCAAGGCTCAGA.3,0,paclitaxel
Data27_TGGCGCACATGGAATA.3,0,paclitaxel
Data27_TGGCTGGAGTATGACA.3,0,paclitaxel
Data27_TGGGAAGAGGTAGCTG.3,0,paclitaxel
Data27_TGGGAAGGTTCGCTAA.3,0,paclitaxel
Data27_TGGTTAGAGGGCTCTC.3,0,paclitaxel
Data27_TGGTTAGGTTAGATGA.3,0,paclitaxel
Data27_TGGTTAGGTTATGCGT.3,0,paclitaxel
Data27_TGGTTCCAGAATTGTG.3,0,paclitaxel
Data27_TGGTTCCCACGCATCG.3,0,paclitaxel
Data27_TGTATTCAGAGTCTGG.3,0,paclitaxel
Data27_TGTATTCAGCTGTCTA.3,0,paclitaxel
Data27_TGTATTCTCAATCACG.3,0,paclitaxel
Data27_TGTCCCACAGTAGAGC.3,0,paclitaxel
Data27_TGTCCCATCATGCTCC.3,0,paclitaxel
Data27_TGTGGTATCGCTTGTC.3,0,paclitaxel
Data27_TGTGTTTCACTTACGA.3,0,paclitaxel
Data27_TGTTCCGAGGCAATTA.3,0,paclitaxel
Data27_TTAGGACAGTTAGGTA.3,0,paclitaxel
Data27_TTAGGACCAAATCCGT.3,0,paclitaxel
Data27_TTAGGACTCGGCCGAT.3,0,paclitaxel
Data27_TTAGGCAGTGACAAAT.3,0,paclitaxel
Data27_TTATGCTAGTGTCCAT.3,0,paclitaxel
Data27_TTATGCTCATTTCACT.3,0,paclitaxel
Data27_TTCGAAGAGTGCCATT.3,0,paclitaxel
Data27_TTCGAAGCAAACTGTC.3,0,paclitaxel
Data27_TTCGGTCGTAAGTGGC.3,0,paclitaxel
Data27_TTCTACAAGGAATCGC.3,0,paclitaxel
Data27_TTCTACATCTAGCACA.3,0,paclitaxel
Data27_TTCTCAACACACTGCG.3,0,paclitaxel
Data27_TTCTCAATCTGTCTCG.3,0,paclitaxel
Data27_TTCTTAGAGCTTCGCG.3,0,paclitaxel
Data27_TTGAACGAGCTCAACT.3,0,paclitaxel
Data27_TTGAACGGTACCGTAT.3,0,paclitaxel
Data27_TTGCCGTTCGTTTAGG.3,0,paclitaxel
Data27_TTGCCGTTCTGGTTCC.3,0,paclitaxel
Data27_TTGCGTCCAGCTGGCT.3,0,paclitaxel
Data27_TTGCGTCCATATACGC.3,0,paclitaxel
Data27_TTGCGTCTCCTCGCAT.3,0,paclitaxel
Data27_TTGGCAAGTCAGATAA.3,0,paclitaxel
Data27_TTGGCAATCCCTCAGT.3,0,paclitaxel
Data27_TTGGCAATCTATCGCC.3,0,paclitaxel
Data27_TTGGCAATCTGCAAGT.3,0,paclitaxel
Data27_TTGGCAATCTTAGCCC.3,0,paclitaxel
Data27_TTTATGCAGACAAAGG.3,0,paclitaxel
Data27_TTTATGCTCTGCAGTA.3,0,paclitaxel
Data27_TTTATGCTCTTTAGGG.3,0,paclitaxel
Data27_TTTCCTCAGCTGCAAG.3,0,paclitaxel
Data27_TTTCCTCCACAACGTT.3,0,paclitaxel
Data27_TTTCCTCCATGCTGGC.3,0,paclitaxel
Data27_TTTGCGCTCCATGAGT.3,0,paclitaxel
Data27_TTTGCGCTCCTTAATC.3,0,paclitaxel
Data27_TTTGGTTTCACCACCT.3,0,paclitaxel
Data27_TTTGTCATCAGTCCCT.3,0,paclitaxel
Data8_sample_10_AAACCTGAGCCAACAG-1,1,paclitaxel
Data8_sample_10_AAACCTGAGTGCGATG-1,1,paclitaxel
Data8_sample_10_AAACCTGCATTACCTT-1,1,paclitaxel
Data8_sample_10_AAACCTGTCAAGATCC-1,1,paclitaxel
Data8_sample_10_AAACGGGCACAAGTAA-1,1,paclitaxel
Data8_sample_10_AAACGGGCATGGGAAC-1,1,paclitaxel
Data8_sample_10_AAAGATGAGAGGTACC-1,1,paclitaxel
Data8_sample_10_AAAGATGAGGGAACGG-1,1,paclitaxel
Data8_sample_10_AAAGATGCAAACTGTC-1,1,paclitaxel
Data8_sample_10_AAAGATGCAATGGAGC-1,1,paclitaxel
Data8_sample_10_AAAGATGCAGATCCAT-1,1,paclitaxel
Data8_sample_10_AAAGATGCAGTAACGG-1,1,paclitaxel
Data8_sample_10_AAAGATGCATCTGGTA-1,1,paclitaxel
Data8_sample_10_AAAGATGGTGTTTGTG-1,1,paclitaxel
Data8_sample_10_AAAGATGTCGTATCAG-1,1,paclitaxel
Data8_sample_10_AAAGATGTCTCACATT-1,1,paclitaxel
Data8_sample_10_AAAGCAAGTCGGCTCA-1,1,paclitaxel
Data8_sample_10_AAAGCAATCCCACTTG-1,1,paclitaxel
Data8_sample_10_AAAGCAATCTTACCTA-1,1,paclitaxel
Data8_sample_10_AAAGTAGAGAATTGTG-1,1,paclitaxel
Data8_sample_10_AAAGTAGAGGCAAAGA-1,1,paclitaxel
Data8_sample_10_AAATGCCAGTGGGTTG-1,1,paclitaxel
Data8_sample_10_AAATGCCCAGTGGGAT-1,1,paclitaxel
Data8_sample_10_AACACGTAGCCCAATT-1,1,paclitaxel
Data8_sample_10_AACACGTGTGTGGCTC-1,1,paclitaxel
Data8_sample_10_AACCATGAGATCTGAA-1,1,paclitaxel
Data8_sample_10_AACCATGAGCAGGTCA-1,1,paclitaxel
Data8_sample_10_AACCATGCATTTCACT-1,1,paclitaxel
Data8_sample_10_AACCATGTCACATACG-1,1,paclitaxel
Data8_sample_10_AACCGCGCAAGCCCAC-1,1,paclitaxel
Data8_sample_10_AACCGCGGTTACGCGC-1,1,paclitaxel
Data8_sample_10_AACCGCGTCACGGTTA-1,1,paclitaxel
Data8_sample_10_AACGTTGAGGTGCTAG-1,1,paclitaxel
Data8_sample_10_AACGTTGTCTATCCCG-1,1,paclitaxel
Data8_sample_10_AACGTTGTCTCCTATA-1,1,paclitaxel
Data8_sample_10_AACTCAGAGGGATGGG-1,1,paclitaxel
Data8_sample_10_AACTCAGAGTCCAGGA-1,1,paclitaxel
Data8_sample_10_AACTCAGCACCAGGCT-1,1,paclitaxel
Data8_sample_10_AACTCAGCATTGGGCC-1,1,paclitaxel
Data8_sample_10_AACTCAGGTGTTGAGG-1,1,paclitaxel
Data8_sample_10_AACTCAGGTTATCGGT-1,1,paclitaxel
Data8_sample_10_AACTCAGGTTGCGTTA-1,1,paclitaxel
Data8_sample_10_AACTCCCAGATGGGTC-1,1,paclitaxel
Data8_sample_10_AACTCCCCACTTAAGC-1,1,paclitaxel
Data8_sample_10_AACTCCCGTGTCGCTG-1,1,paclitaxel
Data8_sample_10_AACTCCCTCCTTCAAT-1,1,paclitaxel
Data8_sample_10_AACTCTTGTTATCACG-1,1,paclitaxel
Data8_sample_10_AACTCTTTCCAGTAGT-1,1,paclitaxel
Data8_sample_10_AACTCTTTCCTCGCAT-1,1,paclitaxel
Data8_sample_10_AACTGGTCAGCTGTAT-1,1,paclitaxel
Data8_sample_10_AACTGGTCATATGAGA-1,1,paclitaxel
Data8_sample_10_AACTGGTCATTGAGCT-1,1,paclitaxel
Data8_sample_10_AACTGGTGTATTCTCT-1,1,paclitaxel
Data8_sample_10_AACTGGTTCAGTTCGA-1,1,paclitaxel
Data8_sample_10_AACTTTCAGACCTAGG-1,1,paclitaxel
Data8_sample_10_AACTTTCGTGTTGAGG-1,1,paclitaxel
Data8_sample_10_AACTTTCTCCCAAGAT-1,1,paclitaxel
Data8_sample_10_AACTTTCTCGCCAAAT-1,1,paclitaxel
Data8_sample_10_AACTTTCTCGGCCGAT-1,1,paclitaxel
Data8_sample_10_AACTTTCTCTGGCGTG-1,1,paclitaxel
Data8_sample_10_AACTTTCTCTTACCGC-1,1,paclitaxel
Data8_sample_10_AAGACCTGTACCGGCT-1,1,paclitaxel
Data8_sample_10_AAGACCTTCAACGGGA-1,1,paclitaxel
Data8_sample_10_AAGGAGCAGAGTTGGC-1,1,paclitaxel
Data8_sample_10_AAGGAGCAGCTCAACT-1,1,paclitaxel
Data8_sample_10_AAGGAGCAGGACGAAA-1,1,paclitaxel
Data8_sample_10_AAGGAGCCAAAGCAAT-1,1,paclitaxel
Data8_sample_10_AAGGAGCGTATCACCA-1,1,paclitaxel
Data8_sample_10_AAGGCAGCACCAGGCT-1,1,paclitaxel
Data8_sample_10_AAGGCAGGTATGAATG-1,1,paclitaxel
Data8_sample_10_AAGGCAGGTTGTCGCG-1,1,paclitaxel
Data8_sample_10_AAGGCAGTCCCAGGTG-1,1,paclitaxel
Data8_sample_10_AAGGCAGTCTGAGGGA-1,1,paclitaxel
Data8_sample_10_AAGGTTCAGAGACTAT-1,1,paclitaxel
Data8_sample_10_AAGGTTCTCCGTTGTC-1,1,paclitaxel
Data8_sample_10_AAGTCTGAGGGAACGG-1,1,paclitaxel
Data8_sample_10_AAGTCTGCAGCTGTGC-1,1,paclitaxel
Data8_sample_10_AAGTCTGTCGAGAGCA-1,1,paclitaxel
Data8_sample_10_AATCCAGAGCGTAGTG-1,1,paclitaxel
Data8_sample_10_AATCCAGAGGCTAGCA-1,1,paclitaxel
Data8_sample_10_AATCCAGAGGTCATCT-1,1,paclitaxel
Data8_sample_10_AATCCAGGTAAGTTCC-1,1,paclitaxel
Data8_sample_10_AATCCAGGTCGCGAAA-1,1,paclitaxel
Data8_sample_10_AATCCAGTCCACGAAT-1,1,paclitaxel
Data8_sample_10_AATCCAGTCTTATCTG-1,1,paclitaxel
Data8_sample_10_AATCGGTCATCGATGT-1,1,paclitaxel
Data8_sample_10_AATCGGTGTTAAGTAG-1,1,paclitaxel
Data8_sample_10_AATCGGTTCGAATGGG-1,1,paclitaxel
Data8_sample_10_AATCGGTTCGCGTTTC-1,1,paclitaxel
Data8_sample_10_AATCGGTTCTCGATGA-1,1,paclitaxel
Data8_sample_10_AATCGGTTCTGATACG-1,1,paclitaxel
Data8_sample_10_ACACCAAAGACTACAA-1,1,paclitaxel
Data8_sample_10_ACACCAAAGCCATCGC-1,1,paclitaxel
Data8_sample_10_ACACCAAAGTCCGGTC-1,1,paclitaxel
Data8_sample_10_ACACCAACACCTCGTT-1,1,paclitaxel
Data8_sample_10_ACACCAAGTATGGTTC-1,1,paclitaxel
Data8_sample_10_ACACCAAGTTCATGGT-1,1,paclitaxel
Data8_sample_10_ACACCAATCCCATTTA-1,1,paclitaxel
Data8_sample_10_ACACCAATCGGGAGTA-1,1,paclitaxel
Data8_sample_10_ACACCCTCAAGCCCAC-1,1,paclitaxel
Data8_sample_10_ACACCCTCAGGACCCT-1,1,paclitaxel
Data8_sample_10_ACACCCTGTTCACCTC-1,1,paclitaxel
Data8_sample_10_ACACCCTTCTTGAGAC-1,1,paclitaxel
Data8_sample_10_ACACCGGAGCCGATTT-1,1,paclitaxel
Data8_sample_10_ACACCGGGTAGCGTGA-1,1,paclitaxel
Data8_sample_10_ACACTGAAGCTAACTC-1,1,paclitaxel
Data8_sample_10_ACACTGACACTAAGTC-1,1,paclitaxel
Data8_sample_10_ACACTGAGTCATGCAT-1,1,paclitaxel
Data8_sample_10_ACACTGAGTGTGCGTC-1,1,paclitaxel
Data8_sample_10_ACACTGATCAAGGTAA-1,1,paclitaxel
Data8_sample_10_ACACTGATCAGTTGAC-1,1,paclitaxel
Data8_sample_10_ACACTGATCTACCTGC-1,1,paclitaxel
Data8_sample_10_ACAGCCGCAGACAAGC-1,1,paclitaxel
Data8_sample_10_ACAGCCGGTTTCGCTC-1,1,paclitaxel
Data8_sample_10_ACAGCCGTCTGCCAGG-1,1,paclitaxel
Data8_sample_10_ACAGCCGTCTTGACGA-1,1,paclitaxel
Data8_sample_10_ACAGCTAAGCTCTCGG-1,1,paclitaxel
Data8_sample_10_ACAGCTACAATGACCT-1,1,paclitaxel
Data8_sample_10_ACAGCTACACGGCTAC-1,1,paclitaxel
Data8_sample_10_ACAGCTATCAGCTGGC-1,1,paclitaxel
Data8_sample_10_ACATACGAGCCGCCTA-1,1,paclitaxel
Data8_sample_10_ACATACGAGGTAAACT-1,1,paclitaxel
Data8_sample_10_ACATCAGAGAAGATTC-1,1,paclitaxel
Data8_sample_10_ACATCAGCAGCCTGTG-1,1,paclitaxel
Data8_sample_10_ACATCAGCAGTCGATT-1,1,paclitaxel
Data8_sample_10_ACATGGTAGAGGGCTT-1,1,paclitaxel
Data8_sample_10_ACATGGTAGATCTGCT-1,1,paclitaxel
Data8_sample_10_ACATGGTAGGGTGTTG-1,1,paclitaxel
Data8_sample_10_ACATGGTCAAAGTCAA-1,1,paclitaxel
Data8_sample_10_ACATGGTGTCGCGGTT-1,1,paclitaxel
Data8_sample_10_ACATGGTGTTAGTGGG-1,1,paclitaxel
Data8_sample_10_ACATGGTGTTATCGGT-1,1,paclitaxel
Data8_sample_10_ACCAGTAGTACCGTAT-1,1,paclitaxel
Data8_sample_10_ACCAGTAGTCATACTG-1,1,paclitaxel
Data8_sample_10_ACCCACTAGCGAAGGG-1,1,paclitaxel
Data8_sample_10_ACCGTAAAGATGTGGC-1,1,paclitaxel
Data8_sample_10_ACCGTAATCAATAAGG-1,1,paclitaxel
Data8_sample_10_ACCGTAATCTGACCTC-1,1,paclitaxel
Data8_sample_10_ACCTTTACACAAGTAA-1,1,paclitaxel
Data8_sample_10_ACCTTTACACTGAAGG-1,1,paclitaxel
Data8_sample_10_ACCTTTATCGCAGGCT-1,1,paclitaxel
Data8_sample_10_ACCTTTATCTGTCTAT-1,1,paclitaxel
Data8_sample_10_ACGAGCCAGGGTGTGT-1,1,paclitaxel
Data8_sample_10_ACGAGCCCAGGTGGAT-1,1,paclitaxel
Data8_sample_10_ACGAGCCTCGAATGCT-1,1,paclitaxel
Data8_sample_10_ACGAGGAGTAAATGTG-1,1,paclitaxel
Data8_sample_10_ACGAGGAGTGTTAAGA-1,1,paclitaxel
Data8_sample_10_ACGAGGATCCACGAAT-1,1,paclitaxel
Data8_sample_10_ACGAGGATCCGTCAAA-1,1,paclitaxel
Data8_sample_10_ACGATACCAGACGTAG-1,1,paclitaxel
Data8_sample_10_ACGATACGTCAAACTC-1,1,paclitaxel
Data8_sample_10_ACGATACTCCGGGTGT-1,1,paclitaxel
Data8_sample_10_ACGATGTAGCACCGCT-1,1,paclitaxel
Data8_sample_10_ACGATGTGTCCAGTGC-1,1,paclitaxel
Data8_sample_10_ACGATGTGTGGTCTCG-1,1,paclitaxel
Data8_sample_10_ACGCAGCGTCTTGATG-1,1,paclitaxel
Data8_sample_10_ACGCAGCGTTCATGGT-1,1,paclitaxel
Data8_sample_10_ACGCAGCTCAACACCA-1,1,paclitaxel
Data8_sample_10_ACGCAGCTCCATTCTA-1,1,paclitaxel
Data8_sample_10_ACGCCAGCACACAGAG-1,1,paclitaxel
Data8_sample_10_ACGCCAGCATTCCTCG-1,1,paclitaxel
Data8_sample_10_ACGCCAGGTACCAGTT-1,1,paclitaxel
Data8_sample_10_ACGCCAGGTTCCCGAG-1,1,paclitaxel
Data8_sample_10_ACGCCGACATGTTGAC-1,1,paclitaxel
Data8_sample_10_ACGCCGATCTAACCGA-1,1,paclitaxel
Data8_sample_10_ACGGAGAAGAGTTGGC-1,1,paclitaxel
Data8_sample_10_ACGGAGAAGCGGATCA-1,1,paclitaxel
Data8_sample_10_ACGGAGAAGGAGTTTA-1,1,paclitaxel
Data8_sample_10_ACGGAGACAGCTCGCA-1,1,paclitaxel
Data8_sample_10_ACGGAGAGTACACCGC-1,1,paclitaxel
Data8_sample_10_ACGGAGAGTATCACCA-1,1,paclitaxel
Data8_sample_10_ACGGCCACAAGCGTAG-1,1,paclitaxel
Data8_sample_10_ACGGCCACAAGTACCT-1,1,paclitaxel
Data8_sample_10_ACGGCCAGTAAATACG-1,1,paclitaxel
Data8_sample_10_ACGGCCAGTCCTCCAT-1,1,paclitaxel
Data8_sample_10_ACGGCCAGTCGAAAGC-1,1,paclitaxel
Data8_sample_10_ACGGCCATCCTGTAGA-1,1,paclitaxel
Data8_sample_10_ACGGGCTCAAGGACTG-1,1,paclitaxel
Data8_sample_10_ACGGGTCTCCACTCCA-1,1,paclitaxel
Data8_sample_10_ACGGGTCTCGGAGCAA-1,1,paclitaxel
Data8_sample_10_ACGGGTCTCTGATACG-1,1,paclitaxel
Data8_sample_10_ACGTCAATCAACACAC-1,1,paclitaxel
Data8_sample_10_ACTATCTCAATAGCGG-1,1,paclitaxel
Data8_sample_10_ACTATCTGTTGTGGCC-1,1,paclitaxel
Data8_sample_10_ACTGAACAGAAGCCCA-1,1,paclitaxel
Data8_sample_10_ACTGAACCACATCCAA-1,1,paclitaxel
Data8_sample_10_ACTGAACGTATCGCAT-1,1,paclitaxel
Data8_sample_10_ACTGAACTCTTGACGA-1,1,paclitaxel
Data8_sample_10_ACTGAGTAGCAGGCTA-1,1,paclitaxel
Data8_sample_10_ACTGAGTAGCCCGAAA-1,1,paclitaxel
Data8_sample_10_ACTGAGTAGCGTTTAC-1,1,paclitaxel
Data8_sample_10_ACTGAGTCAAGGGTCA-1,1,paclitaxel
Data8_sample_10_ACTGATGAGCAGACTG-1,1,paclitaxel
Data8_sample_10_ACTGATGAGGATGTAT-1,1,paclitaxel
Data8_sample_10_ACTGATGGTATAAACG-1,1,paclitaxel
Data8_sample_10_ACTGATGGTATAATGG-1,1,paclitaxel
Data8_sample_10_ACTGATGTCCCTTGCA-1,1,paclitaxel
Data8_sample_10_ACTGATGTCGGCATCG-1,1,paclitaxel
Data8_sample_10_ACTGCTCCAGTCAGCC-1,1,paclitaxel
Data8_sample_10_ACTGCTCCATATGAGA-1,1,paclitaxel
Data8_sample_10_ACTGCTCGTAAAGGAG-1,1,paclitaxel
Data8_sample_10_ACTGTCCCAGGGTATG-1,1,paclitaxel
Data8_sample_10_ACTGTCCCATATACGC-1,1,paclitaxel
Data8_sample_10_ACTGTCCTCGTTACGA-1,1,paclitaxel
Data8_sample_10_ACTTACTAGCTGATAA-1,1,paclitaxel
Data8_sample_10_ACTTACTCAAAGAATC-1,1,paclitaxel
Data8_sample_10_ACTTACTGTTGCGCAC-1,1,paclitaxel
Data8_sample_10_ACTTACTTCAGTGCAT-1,1,paclitaxel
Data8_sample_10_ACTTACTTCGATGAGG-1,1,paclitaxel
Data8_sample_10_ACTTACTTCTTTACGT-1,1,paclitaxel
Data8_sample_10_ACTTGTTAGTCGTACT-1,1,paclitaxel
Data8_sample_10_ACTTGTTCATCCGGGT-1,1,paclitaxel
Data8_sample_10_ACTTGTTTCTTGCATT-1,1,paclitaxel
Data8_sample_10_ACTTTCAGTGTCGCTG-1,1,paclitaxel
Data8_sample_10_ACTTTCATCGACAGCC-1,1,paclitaxel
Data8_sample_10_ACTTTCATCTACTTAC-1,1,paclitaxel
Data8_sample_10_AGAATAGAGAGTACCG-1,1,paclitaxel
Data8_sample_10_AGAATAGAGCATGGCA-1,1,paclitaxel
Data8_sample_10_AGAATAGAGGGTATCG-1,1,paclitaxel
Data8_sample_10_AGAATAGCAATTGCTG-1,1,paclitaxel
Data8_sample_10_AGAATAGCACATTAGC-1,1,paclitaxel
Data8_sample_10_AGAATAGTCGATCCCT-1,1,paclitaxel
Data8_sample_10_AGACGTTAGTGGAGTC-1,1,paclitaxel
Data8_sample_10_AGACGTTAGTTGTCGT-1,1,paclitaxel
Data8_sample_10_AGACGTTTCACTATTC-1,1,paclitaxel
Data8_sample_10_AGACGTTTCAGCCTAA-1,1,paclitaxel
Data8_sample_10_AGACGTTTCATCGGAT-1,1,paclitaxel
Data8_sample_10_AGAGCGAAGGCAGTCA-1,1,paclitaxel
Data8_sample_10_AGAGCGAAGGCTCATT-1,1,paclitaxel
Data8_sample_10_AGAGCGAAGTCCAGGA-1,1,paclitaxel
Data8_sample_10_AGAGCGAAGTGAAGTT-1,1,paclitaxel
Data8_sample_10_AGAGCGAAGTGAATTG-1,1,paclitaxel
Data8_sample_10_AGAGCGACATCTATGG-1,1,paclitaxel
Data8_sample_10_AGAGCGAGTTACGGAG-1,1,paclitaxel
Data8_sample_10_AGAGCGATCAACGGGA-1,1,paclitaxel
Data8_sample_10_AGAGCGATCGCATGAT-1,1,paclitaxel
Data8_sample_10_AGAGCTTAGCGGCTTC-1,1,paclitaxel
Data8_sample_10_AGAGCTTAGTCCGGTC-1,1,paclitaxel
Data8_sample_10_AGAGTGGCACACGCTG-1,1,paclitaxel
Data8_sample_10_AGAGTGGCATTCCTCG-1,1,paclitaxel
Data8_sample_10_AGAGTGGGTAAGGATT-1,1,paclitaxel
Data8_sample_10_AGATCTGAGCCAGAAC-1,1,paclitaxel
Data8_sample_10_AGATCTGCAATCCGAT-1,1,paclitaxel
Data8_sample_10_AGCAGCCAGCAGGCTA-1,1,paclitaxel
Data8_sample_10_AGCAGCCCATTGTGCA-1,1,paclitaxel
Data8_sample_10_AGCAGCCTCAGTCAGT-1,1,paclitaxel
Data8_sample_10_AGCATACAGAGCAATT-1,1,paclitaxel
Data8_sample_10_AGCATACGTCGGCACT-1,1,paclitaxel
Data8_sample_10_AGCCTAACATTCTCAT-1,1,paclitaxel
Data8_sample_10_AGCCTAAGTATATGGA-1,1,paclitaxel
Data8_sample_10_AGCCTAATCCAACCAA-1,1,paclitaxel
Data8_sample_10_AGCGGTCAGGCCGAAT-1,1,paclitaxel
Data8_sample_10_AGCGGTCCAGATAATG-1,1,paclitaxel
Data8_sample_10_AGCGGTCTCTGGTGTA-1,1,paclitaxel
Data8_sample_10_AGCGTATCACCAGGCT-1,1,paclitaxel
Data8_sample_10_AGCGTATCATCTCCCA-1,1,paclitaxel
Data8_sample_10_AGCGTATGTAGGAGTC-1,1,paclitaxel
Data8_sample_10_AGCGTATGTCCAGTTA-1,1,paclitaxel
Data8_sample_10_AGCGTCGTCATAAAGG-1,1,paclitaxel
Data8_sample_10_AGCTCCTAGATATACG-1,1,paclitaxel
Data8_sample_10_AGCTCCTAGTGTCTCA-1,1,paclitaxel
Data8_sample_10_AGCTCCTGTAGCTTGT-1,1,paclitaxel
Data8_sample_10_AGCTCCTGTTGTTTGG-1,1,paclitaxel
Data8_sample_10_AGCTCCTTCATCGGAT-1,1,paclitaxel
Data8_sample_10_AGCTCTCAGTACACCT-1,1,paclitaxel
Data8_sample_10_AGCTCTCAGTCCCACG-1,1,paclitaxel
Data8_sample_10_AGCTCTCCACTTCTGC-1,1,paclitaxel
Data8_sample_10_AGCTCTCCAGTAACGG-1,1,paclitaxel
Data8_sample_10_AGCTCTCCAGTGACAG-1,1,paclitaxel
Data8_sample_10_AGCTCTCTCATGTAGC-1,1,paclitaxel
Data8_sample_10_AGCTTGAGTCGACTAT-1,1,paclitaxel
Data8_sample_10_AGCTTGAGTTTCCACC-1,1,paclitaxel
Data8_sample_10_AGCTTGATCACTTATC-1,1,paclitaxel
Data8_sample_10_AGGCCACCAGCATACT-1,1,paclitaxel
Data8_sample_10_AGGCCACTCAACACGT-1,1,paclitaxel
Data8_sample_10_AGGCCACTCGTTTGCC-1,1,paclitaxel
Data8_sample_10_AGGCCGTAGAAACGCC-1,1,paclitaxel
Data8_sample_10_AGGCCGTAGGGAACGG-1,1,paclitaxel
Data8_sample_10_AGGCCGTCATCTGGTA-1,1,paclitaxel
Data8_sample_10_AGGCCGTGTTCAGCGC-1,1,paclitaxel
Data8_sample_10_AGGGAGTAGATCTGCT-1,1,paclitaxel
Data8_sample_10_AGGGAGTCATGTCGAT-1,1,paclitaxel
Data8_sample_10_AGGGAGTTCACTTACT-1,1,paclitaxel
Data8_sample_10_AGGGAGTTCGGCTACG-1,1,paclitaxel
Data8_sample_10_AGGGAGTTCTCGGACG-1,1,paclitaxel
Data8_sample_10_AGGGATGAGCCGGTAA-1,1,paclitaxel
Data8_sample_10_AGGGTGAAGGGTGTGT-1,1,paclitaxel
Data8_sample_10_AGGGTGAGTGTCAATC-1,1,paclitaxel
Data8_sample_10_AGGGTGATCCAACCAA-1,1,paclitaxel
Data8_sample_10_AGGGTGATCTGCAAGT-1,1,paclitaxel
Data8_sample_10_AGGTCATCATCTCGCT-1,1,paclitaxel
Data8_sample_10_AGGTCATTCTCCTATA-1,1,paclitaxel
Data8_sample_10_AGGTCCGAGCTATGCT-1,1,paclitaxel
Data8_sample_10_AGGTCCGCAAGCCTAT-1,1,paclitaxel
Data8_sample_10_AGGTCCGGTACCGTTA-1,1,paclitaxel
Data8_sample_10_AGGTCCGGTATATCCG-1,1,paclitaxel
Data8_sample_10_AGGTCCGGTTCCAACA-1,1,paclitaxel
Data8_sample_10_AGGTCCGTCTGGAGCC-1,1,paclitaxel
Data8_sample_10_AGTAGTCCAACACGCC-1,1,paclitaxel
Data8_sample_10_AGTAGTCCACCATCCT-1,1,paclitaxel
Data8_sample_10_AGTAGTCCAGATCTGT-1,1,paclitaxel
Data8_sample_10_AGTAGTCCATGGGAAC-1,1,paclitaxel
Data8_sample_10_AGTAGTCTCGCTAGCG-1,1,paclitaxel
Data8_sample_10_AGTAGTCTCTCTGCTG-1,1,paclitaxel
Data8_sample_10_AGTCTTTAGAACAACT-1,1,paclitaxel
Data8_sample_10_AGTCTTTAGCGTCTAT-1,1,paclitaxel
Data8_sample_10_AGTCTTTAGCTAGTTC-1,1,paclitaxel
Data8_sample_10_AGTCTTTAGGCATTGG-1,1,paclitaxel
Data8_sample_10_AGTCTTTGTTAGTGGG-1,1,paclitaxel
Data8_sample_10_AGTCTTTTCAGGCGAA-1,1,paclitaxel
Data8_sample_10_AGTCTTTTCGTCACGG-1,1,paclitaxel
Data8_sample_10_AGTCTTTTCTACCAGA-1,1,paclitaxel
Data8_sample_10_AGTGAGGAGCGAAGGG-1,1,paclitaxel
Data8_sample_10_AGTGAGGAGTACATGA-1,1,paclitaxel
Data8_sample_10_AGTGAGGGTACGCACC-1,1,paclitaxel
Data8_sample_10_AGTGAGGGTCAAAGCG-1,1,paclitaxel
Data8_sample_10_AGTGAGGGTCTAGTCA-1,1,paclitaxel
Data8_sample_10_AGTGAGGGTCTCATCC-1,1,paclitaxel
Data8_sample_10_AGTGGGAAGAATTCCC-1,1,paclitaxel
Data8_sample_10_AGTGGGATCTCCAGGG-1,1,paclitaxel
Data8_sample_10_AGTGTCAAGCACAGGT-1,1,paclitaxel
Data8_sample_10_AGTGTCACATCACAAC-1,1,paclitaxel
Data8_sample_10_AGTGTCAGTCCATGAT-1,1,paclitaxel
Data8_sample_10_AGTGTCAGTTAAAGAC-1,1,paclitaxel
Data8_sample_10_AGTGTCATCACTGGGC-1,1,paclitaxel
Data8_sample_10_AGTTGGTAGAGTGAGA-1,1,paclitaxel
Data8_sample_10_AGTTGGTGTAAGAGAG-1,1,paclitaxel
Data8_sample_10_AGTTGGTGTTACCAGT-1,1,paclitaxel
Data8_sample_10_AGTTGGTTCTGCTTGC-1,1,paclitaxel
Data8_sample_10_ATAACGCCACAGATTC-1,1,paclitaxel
Data8_sample_10_ATAACGCGTACACCGC-1,1,paclitaxel
Data8_sample_10_ATAACGCGTGAGGCTA-1,1,paclitaxel
Data8_sample_10_ATAAGAGAGACTCGGA-1,1,paclitaxel
Data8_sample_10_ATAAGAGAGATGGGTC-1,1,paclitaxel
Data8_sample_10_ATAAGAGAGGCACATG-1,1,paclitaxel
Data8_sample_10_ATAAGAGAGTAGCGGT-1,1,paclitaxel
Data8_sample_10_ATAAGAGAGTCCGGTC-1,1,paclitaxel
Data8_sample_10_ATAAGAGCAATTCCTT-1,1,paclitaxel
Data8_sample_10_ATAAGAGCAGCCTGTG-1,1,paclitaxel
Data8_sample_10_ATAAGAGGTTGCGTTA-1,1,paclitaxel
Data8_sample_10_ATAGACCCAAACCTAC-1,1,paclitaxel
Data8_sample_10_ATAGACCGTGTATGGG-1,1,paclitaxel
Data8_sample_10_ATCACGAAGGAGTTTA-1,1,paclitaxel
Data8_sample_10_ATCACGACAATCCGAT-1,1,paclitaxel
Data8_sample_10_ATCATCTAGAGTACCG-1,1,paclitaxel
Data8_sample_10_ATCATCTAGCGAAGGG-1,1,paclitaxel
Data8_sample_10_ATCATCTAGGATCGCA-1,1,paclitaxel
Data8_sample_10_ATCATCTCAGATGGGT-1,1,paclitaxel
Data8_sample_10_ATCATCTCATGCCCGA-1,1,paclitaxel
Data8_sample_10_ATCATCTGTCCTCCAT-1,1,paclitaxel
Data8_sample_10_ATCATGGCATGTCTCC-1,1,paclitaxel
Data8_sample_10_ATCATGGTCATCTGTT-1,1,paclitaxel
Data8_sample_10_ATCCACCAGGGTTTCT-1,1,paclitaxel
Data8_sample_10_ATCCACCTCATTGCGA-1,1,paclitaxel
Data8_sample_10_ATCCACCTCCTAGGGC-1,1,paclitaxel
Data8_sample_10_ATCCGAAAGATAGCAT-1,1,paclitaxel
Data8_sample_10_ATCCGAACATAAAGGT-1,1,paclitaxel
Data8_sample_10_ATCCGAAGTCTCGTTC-1,1,paclitaxel
Data8_sample_10_ATCCGAAGTGTTTGTG-1,1,paclitaxel
Data8_sample_10_ATCGAGTAGCACCGCT-1,1,paclitaxel
Data8_sample_10_ATCGAGTAGCTAACAA-1,1,paclitaxel
Data8_sample_10_ATCGAGTAGGACAGCT-1,1,paclitaxel
Data8_sample_10_ATCGAGTCACGAGGTA-1,1,paclitaxel
Data8_sample_10_ATCGAGTCAGCGATCC-1,1,paclitaxel
Data8_sample_10_ATCGAGTGTGACGCCT-1,1,paclitaxel
Data8_sample_10_ATCGAGTTCAACGCTA-1,1,paclitaxel
Data8_sample_10_ATCGAGTTCTGCTTGC-1,1,paclitaxel
Data8_sample_10_ATCGAGTTCTTCTGGC-1,1,paclitaxel
Data8_sample_10_ATCTACTAGACTGGGT-1,1,paclitaxel
Data8_sample_10_ATCTACTAGTGCCATT-1,1,paclitaxel
Data8_sample_10_ATCTACTGTGGCAAAC-1,1,paclitaxel
Data8_sample_10_ATCTACTTCGCTTGTC-1,1,paclitaxel
Data8_sample_10_ATCTACTTCGGCTTGG-1,1,paclitaxel
Data8_sample_10_ATCTGCCTCAGTGTTG-1,1,paclitaxel
Data8_sample_10_ATCTGCCTCGACGGAA-1,1,paclitaxel
Data8_sample_10_ATCTGCCTCTCCTATA-1,1,paclitaxel
Data8_sample_10_ATGAGGGGTACTCAAC-1,1,paclitaxel
Data8_sample_10_ATGAGGGGTTTAGGAA-1,1,paclitaxel
Data8_sample_10_ATGAGGGTCCAAGTAC-1,1,paclitaxel
Data8_sample_10_ATGAGGGTCCATGAGT-1,1,paclitaxel
Data8_sample_10_ATGCGATAGTCCGGTC-1,1,paclitaxel
Data8_sample_10_ATGCGATCAATGGACG-1,1,paclitaxel
Data8_sample_10_ATGCGATGTACGAAAT-1,1,paclitaxel
Data8_sample_10_ATGCGATGTGCTTCTC-1,1,paclitaxel
Data8_sample_10_ATGCGATTCTGCTGCT-1,1,paclitaxel
Data8_sample_10_ATGGGAGAGCAGACTG-1,1,paclitaxel
Data8_sample_10_ATGGGAGAGTGTGGCA-1,1,paclitaxel
Data8_sample_10_ATGGGAGCATGGTAGG-1,1,paclitaxel
Data8_sample_10_ATGGGAGTCATCATTC-1,1,paclitaxel
Data8_sample_10_ATGTGTGAGGACAGAA-1,1,paclitaxel
Data8_sample_10_ATGTGTGAGGGCACTA-1,1,paclitaxel
Data8_sample_10_ATGTGTGAGTCATCCA-1,1,paclitaxel
Data8_sample_10_ATGTGTGAGTGGCACA-1,1,paclitaxel
Data8_sample_10_ATGTGTGCACCTATCC-1,1,paclitaxel
Data8_sample_10_ATGTGTGTCGAACGGA-1,1,paclitaxel
Data8_sample_10_ATTACTCAGGCTAGAC-1,1,paclitaxel
Data8_sample_10_ATTACTCCAATCTGCA-1,1,paclitaxel
Data8_sample_10_ATTACTCGTACCGTAT-1,1,paclitaxel
Data8_sample_10_ATTATCCAGGACAGAA-1,1,paclitaxel
Data8_sample_10_ATTATCCAGTTAGCGG-1,1,paclitaxel
Data8_sample_10_ATTCTACAGATGCCAG-1,1,paclitaxel
Data8_sample_10_ATTCTACAGCACAGGT-1,1,paclitaxel
Data8_sample_10_ATTCTACGTGCTCTTC-1,1,paclitaxel
Data8_sample_10_ATTCTACTCTGTCCGT-1,1,paclitaxel
Data8_sample_10_ATTGGACCACTAGTAC-1,1,paclitaxel
Data8_sample_10_ATTGGACGTCTAGTCA-1,1,paclitaxel
Data8_sample_10_ATTGGACTCCGTCAAA-1,1,paclitaxel
Data8_sample_10_ATTGGACTCTTACCGC-1,1,paclitaxel
Data8_sample_10_ATTGGTGTCTCGTATT-1,1,paclitaxel
Data8_sample_10_ATTGGTGTCTTGTACT-1,1,paclitaxel
Data8_sample_10_ATTTCTGCAAGTCTAC-1,1,paclitaxel
Data8_sample_10_ATTTCTGCACACATGT-1,1,paclitaxel
Data8_sample_10_ATTTCTGGTTCTCATT-1,1,paclitaxel
Data8_sample_10_ATTTCTGTCGCCAGCA-1,1,paclitaxel
Data8_sample_10_CAACCAAAGTACGTTC-1,1,paclitaxel
Data8_sample_10_CAACCAACATCTGGTA-1,1,paclitaxel
Data8_sample_10_CAACCAAGTTAGATGA-1,1,paclitaxel
Data8_sample_10_CAACCAATCGTTGCCT-1,1,paclitaxel
Data8_sample_10_CAACCTCAGCTAACTC-1,1,paclitaxel
Data8_sample_10_CAACCTCCACCAGCAC-1,1,paclitaxel
Data8_sample_10_CAACTAGAGGAGTAGA-1,1,paclitaxel
Data8_sample_10_CAACTAGAGGTGGGTT-1,1,paclitaxel
Data8_sample_10_CAACTAGCAGATCGGA-1,1,paclitaxel
Data8_sample_10_CAAGAAACATACCATG-1,1,paclitaxel
Data8_sample_10_CAAGAAATCAGTACGT-1,1,paclitaxel
Data8_sample_10_CAAGAAATCGTTTATC-1,1,paclitaxel
Data8_sample_10_CAAGAAATCTCTTGAT-1,1,paclitaxel
Data8_sample_10_CAAGATCCAACTGGCC-1,1,paclitaxel
Data8_sample_10_CAAGATCCAGGATTGG-1,1,paclitaxel
Data8_sample_10_CAAGATCGTTGGGACA-1,1,paclitaxel
Data8_sample_10_CAAGATCTCCCACTTG-1,1,paclitaxel
Data8_sample_10_CAAGATCTCCGTCATC-1,1,paclitaxel
Data8_sample_10_CAAGATCTCGCAAACT-1,1,paclitaxel
Data8_sample_10_CAAGGCCCAGGAACGT-1,1,paclitaxel
Data8_sample_10_CAAGGCCCATCTCCCA-1,1,paclitaxel
Data8_sample_10_CAAGGCCTCGGCGGTT-1,1,paclitaxel
Data8_sample_10_CAAGTTGAGATGCGAC-1,1,paclitaxel
Data8_sample_10_CAAGTTGGTCATACTG-1,1,paclitaxel
Data8_sample_10_CAAGTTGTCCCAACGG-1,1,paclitaxel
Data8_sample_10_CACAAACGTTAAAGTG-1,1,paclitaxel
Data8_sample_10_CACACAAAGTAGTGCG-1,1,paclitaxel
Data8_sample_10_CACACAAGTCCCTACT-1,1,paclitaxel
Data8_sample_10_CACACAAGTCGGATCC-1,1,paclitaxel
Data8_sample_10_CACACAATCTTAGAGC-1,1,paclitaxel
Data8_sample_10_CACACCTAGTGTACCT-1,1,paclitaxel
Data8_sample_10_CACACCTCATATGGTC-1,1,paclitaxel
Data8_sample_10_CACACCTCATCAGTAC-1,1,paclitaxel
Data8_sample_10_CACACCTGTCTGCAAT-1,1,paclitaxel
Data8_sample_10_CACACCTTCGGCGCAT-1,1,paclitaxel
Data8_sample_10_CACACTCGTCAACATC-1,1,paclitaxel
Data8_sample_10_CACAGGCGTCCAGTAT-1,1,paclitaxel
Data8_sample_10_CACAGGCTCACCTCGT-1,1,paclitaxel
Data8_sample_10_CACAGGCTCGCATGAT-1,1,paclitaxel
Data8_sample_10_CACAGTAGTAGCGTCC-1,1,paclitaxel
Data8_sample_10_CACAGTATCCTACAGA-1,1,paclitaxel
Data8_sample_10_CACATAGAGAAACCAT-1,1,paclitaxel
Data8_sample_10_CACATAGGTGCGGTAA-1,1,paclitaxel
Data8_sample_10_CACATAGTCCGAAGAG-1,1,paclitaxel
Data8_sample_10_CACATTTCACTTAAGC-1,1,paclitaxel
Data8_sample_10_CACATTTGTAAACGCG-1,1,paclitaxel
Data8_sample_10_CACATTTGTCGACTAT-1,1,paclitaxel
Data8_sample_10_CACCACTGTGACTCAT-1,1,paclitaxel
Data8_sample_10_CACCACTTCGTCCAGG-1,1,paclitaxel
Data8_sample_10_CACCAGGAGTAATCCC-1,1,paclitaxel
Data8_sample_10_CACCAGGCAGTCGTGC-1,1,paclitaxel
Data8_sample_10_CACCAGGGTTGTTTGG-1,1,paclitaxel
Data8_sample_10_CACCAGGTCCACGTGG-1,1,paclitaxel
Data8_sample_10_CACCAGGTCCCTCTTT-1,1,paclitaxel
Data8_sample_10_CACCTTGAGACAGGCT-1,1,paclitaxel
Data8_sample_10_CACCTTGCAGCTGTGC-1,1,paclitaxel
Data8_sample_10_CACCTTGGTAAGGGCT-1,1,paclitaxel
Data8_sample_10_CACCTTGGTTCAACCA-1,1,paclitaxel
Data8_sample_10_CACTCCACAAGAAAGG-1,1,paclitaxel
Data8_sample_10_CACTCCACATATGCTG-1,1,paclitaxel
Data8_sample_10_CACTCCAGTTGGGACA-1,1,paclitaxel
Data8_sample_10_CACTCCATCGCAAACT-1,1,paclitaxel
Data8_sample_10_CACTCCATCTTCTGGC-1,1,paclitaxel
Data8_sample_10_CAGAATCCAAGTCTAC-1,1,paclitaxel
Data8_sample_10_CAGAATCCATCACGTA-1,1,paclitaxel
Data8_sample_10_CAGAATCGTCTTGATG-1,1,paclitaxel
Data8_sample_10_CAGAATCTCTCGTATT-1,1,paclitaxel
Data8_sample_10_CAGAATCTCTTAGAGC-1,1,paclitaxel
Data8_sample_10_CAGAGAGCAATGCCAT-1,1,paclitaxel
Data8_sample_10_CAGAGAGGTAGCGTAG-1,1,paclitaxel
Data8_sample_10_CAGAGAGGTCTCCCTA-1,1,paclitaxel
Data8_sample_10_CAGAGAGTCACTTATC-1,1,paclitaxel
Data8_sample_10_CAGATCACACCTTGTC-1,1,paclitaxel
Data8_sample_10_CAGATCATCGTGGACC-1,1,paclitaxel
Data8_sample_10_CAGCAGCAGCATGGCA-1,1,paclitaxel
Data8_sample_10_CAGCAGCAGGCAAAGA-1,1,paclitaxel
Data8_sample_10_CAGCAGCAGTGTACTC-1,1,paclitaxel
Data8_sample_10_CAGCAGCCAAAGCAAT-1,1,paclitaxel
Data8_sample_10_CAGCAGCCAATAGCGG-1,1,paclitaxel
Data8_sample_10_CAGCAGCCACAGACTT-1,1,paclitaxel
Data8_sample_10_CAGCAGCCACTGAAGG-1,1,paclitaxel
Data8_sample_10_CAGCAGCGTCTGGAGA-1,1,paclitaxel
Data8_sample_10_CAGCAGCGTGACCAAG-1,1,paclitaxel
Data8_sample_10_CAGCAGCGTGTGGTTT-1,1,paclitaxel
Data8_sample_10_CAGCAGCGTTGCTCCT-1,1,paclitaxel
Data8_sample_10_CAGCATAAGCGTGAAC-1,1,paclitaxel
Data8_sample_10_CAGCATAAGCTGAAAT-1,1,paclitaxel
Data8_sample_10_CAGCATACATGCCCGA-1,1,paclitaxel
Data8_sample_10_CAGCATACATTAACCG-1,1,paclitaxel
Data8_sample_10_CAGCATAGTGCAGACA-1,1,paclitaxel
Data8_sample_10_CAGCCGAAGACGCACA-1,1,paclitaxel
Data8_sample_10_CAGCCGAAGGCGATAC-1,1,paclitaxel
Data8_sample_10_CAGCCGAGTAAGGGAA-1,1,paclitaxel
Data8_sample_10_CAGCCGAGTGCCTGCA-1,1,paclitaxel
Data8_sample_10_CAGCCGATCAACACTG-1,1,paclitaxel
Data8_sample_10_CAGCGACGTTCAGGCC-1,1,paclitaxel
Data8_sample_10_CAGCTAAAGATCCTGT-1,1,paclitaxel
Data8_sample_10_CAGCTAACAGCTTCGG-1,1,paclitaxel
Data8_sample_10_CAGCTAAGTGTATGGG-1,1,paclitaxel
Data8_sample_10_CAGCTGGAGACTGTAA-1,1,paclitaxel
Data8_sample_10_CAGCTGGAGTGTACTC-1,1,paclitaxel
Data8_sample_10_CAGCTGGGTTGAGTTC-1,1,paclitaxel
Data8_sample_10_CAGGTGCCAAGTCATC-1,1,paclitaxel
Data8_sample_10_CAGGTGCGTGCGGTAA-1,1,paclitaxel
Data8_sample_10_CAGGTGCTCTGATTCT-1,1,paclitaxel
Data8_sample_10_CAGTAACAGGATGTAT-1,1,paclitaxel
Data8_sample_10_CAGTAACAGTTCGCAT-1,1,paclitaxel
Data8_sample_10_CAGTAACGTCCCTTGT-1,1,paclitaxel
Data8_sample_10_CAGTAACGTGCTAGCC-1,1,paclitaxel
Data8_sample_10_CAGTAACGTTGACGTT-1,1,paclitaxel
Data8_sample_10_CAGTAACTCCCGACTT-1,1,paclitaxel
Data8_sample_10_CAGTAACTCTTACCTA-1,1,paclitaxel
Data8_sample_10_CAGTCCTCAAAGTGCG-1,1,paclitaxel
Data8_sample_10_CAGTCCTCACTGAAGG-1,1,paclitaxel
Data8_sample_10_CAGTCCTGTCATGCCG-1,1,paclitaxel
Data8_sample_10_CATATGGAGATGTCGG-1,1,paclitaxel
Data8_sample_10_CATATGGCATTCTTAC-1,1,paclitaxel
Data8_sample_10_CATATGGCATTGGGCC-1,1,paclitaxel
Data8_sample_10_CATATGGGTCCAGTGC-1,1,paclitaxel
Data8_sample_10_CATATGGGTCTTGCGG-1,1,paclitaxel
Data8_sample_10_CATATGGTCACCCGAG-1,1,paclitaxel
Data8_sample_10_CATATGGTCATCTGTT-1,1,paclitaxel
Data8_sample_10_CATATTCAGGGATACC-1,1,paclitaxel
Data8_sample_10_CATATTCGTCTCTTAT-1,1,paclitaxel
Data8_sample_10_CATATTCGTGCGATAG-1,1,paclitaxel
Data8_sample_10_CATATTCTCACCTCGT-1,1,paclitaxel
Data8_sample_10_CATATTCTCAGGATCT-1,1,paclitaxel
Data8_sample_10_CATATTCTCATATCGG-1,1,paclitaxel
Data8_sample_10_CATCAAGCAAGGTTTC-1,1,paclitaxel
Data8_sample_10_CATCAGAAGTTCGCGC-1,1,paclitaxel
Data8_sample_10_CATCAGACAATGTAAG-1,1,paclitaxel
Data8_sample_10_CATCAGAGTGTTTGTG-1,1,paclitaxel
Data8_sample_10_CATCCACCAGTATCTG-1,1,paclitaxel
Data8_sample_10_CATCCACGTTTACTCT-1,1,paclitaxel
Data8_sample_10_CATCCACTCAGTTCGA-1,1,paclitaxel
Data8_sample_10_CATCGAACACAGATTC-1,1,paclitaxel
Data8_sample_10_CATCGAACATTACGAC-1,1,paclitaxel
Data8_sample_10_CATCGGGAGACGCACA-1,1,paclitaxel
Data8_sample_10_CATCGGGAGTACGCCC-1,1,paclitaxel
Data8_sample_10_CATCGGGCACATTCGA-1,1,paclitaxel
Data8_sample_10_CATCGGGGTACATCCA-1,1,paclitaxel
Data8_sample_10_CATCGGGGTTATGTGC-1,1,paclitaxel
Data8_sample_10_CATCGGGTCACGATGT-1,1,paclitaxel
Data8_sample_10_CATGACATCGCGCCAA-1,1,paclitaxel
Data8_sample_10_CATGACATCGTGGTCG-1,1,paclitaxel
Data8_sample_10_CATGCCTAGTGGAGAA-1,1,paclitaxel
Data8_sample_10_CATGCCTCAATAGCGG-1,1,paclitaxel
Data8_sample_10_CATGCCTTCAGCATGT-1,1,paclitaxel
Data8_sample_10_CATGCCTTCCAAAGTC-1,1,paclitaxel
Data8_sample_10_CATGCCTTCTTGAGGT-1,1,paclitaxel
Data8_sample_10_CATGGCGCAGGGAGAG-1,1,paclitaxel
Data8_sample_10_CATGGCGGTCGATTGT-1,1,paclitaxel
Data8_sample_10_CATGGCGTCCACGACG-1,1,paclitaxel
Data8_sample_10_CATGGCGTCCTGCCAT-1,1,paclitaxel
Data8_sample_10_CATTATCAGTCAAGGC-1,1,paclitaxel
Data8_sample_10_CATTATCCAACTGGCC-1,1,paclitaxel
Data8_sample_10_CATTATCGTTCAGCGC-1,1,paclitaxel
Data8_sample_10_CATTATCTCTGTTGAG-1,1,paclitaxel
Data8_sample_10_CATTCGCAGCGATGAC-1,1,paclitaxel
Data8_sample_10_CATTCGCAGCGTAATA-1,1,paclitaxel
Data8_sample_10_CCAATCCAGAACTCGG-1,1,paclitaxel
Data8_sample_10_CCAATCCAGTCGTTTG-1,1,paclitaxel
Data8_sample_10_CCAATCCCACCCTATC-1,1,paclitaxel
Data8_sample_10_CCAATCCCAGTATCTG-1,1,paclitaxel
Data8_sample_10_CCAATCCCATGCGCAC-1,1,paclitaxel
Data8_sample_10_CCAATCCGTAAGTTCC-1,1,paclitaxel
Data8_sample_10_CCAATCCTCAAGATCC-1,1,paclitaxel
Data8_sample_10_CCAATCCTCGTTTGCC-1,1,paclitaxel
Data8_sample_10_CCACCTAAGACTACAA-1,1,paclitaxel
Data8_sample_10_CCACCTAAGATATGCA-1,1,paclitaxel
Data8_sample_10_CCACCTACAATAACGA-1,1,paclitaxel
Data8_sample_10_CCACCTACAGATCCAT-1,1,paclitaxel
Data8_sample_10_CCACGGAAGATGTCGG-1,1,paclitaxel
Data8_sample_10_CCACGGAGTAGCGTAG-1,1,paclitaxel
Data8_sample_10_CCACTACAGTAACCCT-1,1,paclitaxel
Data8_sample_10_CCACTACAGTCTCAAC-1,1,paclitaxel
Data8_sample_10_CCACTACCACTTAACG-1,1,paclitaxel
Data8_sample_10_CCACTACCAGACGCAA-1,1,paclitaxel
Data8_sample_10_CCACTACGTCGTGGCT-1,1,paclitaxel
Data8_sample_10_CCACTACTCGGTCCGA-1,1,paclitaxel
Data8_sample_10_CCAGCGAAGGAGCGTT-1,1,paclitaxel
Data8_sample_10_CCAGCGACAATCTGCA-1,1,paclitaxel
Data8_sample_10_CCAGCGACACGAAAGC-1,1,paclitaxel
Data8_sample_10_CCAGCGAGTCATATCG-1,1,paclitaxel
Data8_sample_10_CCATGTCAGAATGTTG-1,1,paclitaxel
Data8_sample_10_CCATGTCAGCCACTAT-1,1,paclitaxel
Data8_sample_10_CCATGTCCACGGACAA-1,1,paclitaxel
Data8_sample_10_CCATGTCCATATACGC-1,1,paclitaxel
Data8_sample_10_CCATGTCGTAGCGTAG-1,1,paclitaxel
Data8_sample_10_CCATTCGAGCGATGAC-1,1,paclitaxel
Data8_sample_10_CCATTCGAGGGTGTTG-1,1,paclitaxel
Data8_sample_10_CCATTCGAGGTGTGGT-1,1,paclitaxel
Data8_sample_10_CCATTCGCACCTTGTC-1,1,paclitaxel
Data8_sample_10_CCATTCGCAGCTCGAC-1,1,paclitaxel
Data8_sample_10_CCATTCGCATGTAAGA-1,1,paclitaxel
Data8_sample_10_CCCAATCAGCAACGGT-1,1,paclitaxel
Data8_sample_10_CCCAATCAGGCAGTCA-1,1,paclitaxel
Data8_sample_10_CCCAATCAGTGTTTGC-1,1,paclitaxel
Data8_sample_10_CCCAATCAGTTCCACA-1,1,paclitaxel
Data8_sample_10_CCCAATCGTCCGAGTC-1,1,paclitaxel
Data8_sample_10_CCCAATCTCGCTTGTC-1,1,paclitaxel
Data8_sample_10_CCCAGTTAGGTGTGGT-1,1,paclitaxel
Data8_sample_10_CCCAGTTAGTGGCACA-1,1,paclitaxel
Data8_sample_10_CCCAGTTGTTTGGGCC-1,1,paclitaxel
Data8_sample_10_CCCAGTTTCATAGCAC-1,1,paclitaxel
Data8_sample_10_CCCAGTTTCGCTTAGA-1,1,paclitaxel
Data8_sample_10_CCCATACAGAGTACAT-1,1,paclitaxel
Data8_sample_10_CCCATACAGGATCGCA-1,1,paclitaxel
Data8_sample_10_CCCATACTCAAGAAGT-1,1,paclitaxel
Data8_sample_10_CCCTCCTAGGATGGTC-1,1,paclitaxel
Data8_sample_10_CCCTCCTAGTGTTAGA-1,1,paclitaxel
Data8_sample_10_CCCTCCTCAAAGAATC-1,1,paclitaxel
Data8_sample_10_CCCTCCTGTGGTAACG-1,1,paclitaxel
Data8_sample_10_CCCTCCTTCCGCATAA-1,1,paclitaxel
Data8_sample_10_CCCTCCTTCTTAGCCC-1,1,paclitaxel
Data8_sample_10_CCGGGATAGGGATGGG-1,1,paclitaxel
Data8_sample_10_CCGGGATAGGTTACCT-1,1,paclitaxel
Data8_sample_10_CCGGGATAGTGGTCCC-1,1,paclitaxel
Data8_sample_10_CCGGGATCAAACTGTC-1,1,paclitaxel
Data8_sample_10_CCGGGATCAAGCGATG-1,1,paclitaxel
Data8_sample_10_CCGGGATGTACAGTGG-1,1,paclitaxel
Data8_sample_10_CCGGGATGTCTCTCTG-1,1,paclitaxel
Data8_sample_10_CCGGTAGAGAGGTTGC-1,1,paclitaxel
Data8_sample_10_CCGGTAGAGCAGCGTA-1,1,paclitaxel
Data8_sample_10_CCGGTAGCATGCCACG-1,1,paclitaxel
Data8_sample_10_CCGGTAGGTCTCATCC-1,1,paclitaxel
Data8_sample_10_CCGGTAGGTTGGGACA-1,1,paclitaxel
Data8_sample_10_CCGGTAGTCTCGGACG-1,1,paclitaxel
Data8_sample_10_CCGTACTAGCTAAGAT-1,1,paclitaxel
Data8_sample_10_CCGTACTAGGGTGTTG-1,1,paclitaxel
Data8_sample_10_CCGTACTAGTGCGATG-1,1,paclitaxel
Data8_sample_10_CCGTACTGTAAGCACG-1,1,paclitaxel
Data8_sample_10_CCGTACTGTCTCATCC-1,1,paclitaxel
Data8_sample_10_CCGTACTTCTTTAGGG-1,1,paclitaxel
Data8_sample_10_CCGTGGAAGACAGAGA-1,1,paclitaxel
Data8_sample_10_CCGTGGACAAACGCGA-1,1,paclitaxel
Data8_sample_10_CCGTTCAAGCACCGCT-1,1,paclitaxel
Data8_sample_10_CCTAAAGAGTTGTAGA-1,1,paclitaxel
Data8_sample_10_CCTAAAGCACCAGCAC-1,1,paclitaxel
Data8_sample_10_CCTAAAGCAGTTAACC-1,1,paclitaxel
Data8_sample_10_CCTAAAGTCCACTCCA-1,1,paclitaxel
Data8_sample_10_CCTACACTCTGTCTAT-1,1,paclitaxel
Data8_sample_10_CCTACCAAGCTGAACG-1,1,paclitaxel
Data8_sample_10_CCTACCAAGTGGACGT-1,1,paclitaxel
Data8_sample_10_CCTACCACAGCCAGAA-1,1,paclitaxel
Data8_sample_10_CCTAGCTAGGTGCAAC-1,1,paclitaxel
Data8_sample_10_CCTAGCTGTAAGGGAA-1,1,paclitaxel
Data8_sample_10_CCTAGCTGTGATGCCC-1,1,paclitaxel
Data8_sample_10_CCTATTAAGTCTTGCA-1,1,paclitaxel
Data8_sample_10_CCTATTAGTCATACTG-1,1,paclitaxel
Data8_sample_10_CCTATTAGTGGCGAAT-1,1,paclitaxel
Data8_sample_10_CCTATTATCAGTCCCT-1,1,paclitaxel
Data8_sample_10_CCTATTATCCGAAGAG-1,1,paclitaxel
Data8_sample_10_CCTATTATCGAACGGA-1,1,paclitaxel
Data8_sample_10_CCTCAGTCACACGCTG-1,1,paclitaxel
Data8_sample_10_CCTCAGTCATACTCTT-1,1,paclitaxel
Data8_sample_10_CCTCAGTGTCTAGAGG-1,1,paclitaxel
Data8_sample_10_CCTCAGTGTTCGGCAC-1,1,paclitaxel
Data8_sample_10_CCTCAGTTCGGATGTT-1,1,paclitaxel
Data8_sample_10_CCTCTGAAGGGTATCG-1,1,paclitaxel
Data8_sample_10_CCTCTGACACTCTGTC-1,1,paclitaxel
Data8_sample_10_CCTTACGTCAACGGGA-1,1,paclitaxel
Data8_sample_10_CCTTCCCAGCACCGTC-1,1,paclitaxel
Data8_sample_10_CCTTCCCAGGTGATAT-1,1,paclitaxel
Data8_sample_10_CCTTCCCAGTACGCGA-1,1,paclitaxel
Data8_sample_10_CCTTCCCGTAGAGCTG-1,1,paclitaxel
Data8_sample_10_CCTTCCCTCAGAAATG-1,1,paclitaxel
Data8_sample_10_CCTTCGAGTCGATTGT-1,1,paclitaxel
Data8_sample_10_CCTTCGATCTATGTGG-1,1,paclitaxel
Data8_sample_10_CCTTCGATCTTGAGGT-1,1,paclitaxel
Data8_sample_10_CCTTTCTAGAACTGTA-1,1,paclitaxel
Data8_sample_10_CCTTTCTAGGACTGGT-1,1,paclitaxel
Data8_sample_10_CGAACATCACAGAGGT-1,1,paclitaxel
Data8_sample_10_CGAACATCACGACTCG-1,1,paclitaxel
Data8_sample_10_CGAACATTCCGAACGC-1,1,paclitaxel
Data8_sample_10_CGAATGTAGGTGACCA-1,1,paclitaxel
Data8_sample_10_CGAATGTAGTTGTCGT-1,1,paclitaxel
Data8_sample_10_CGAATGTCAAGCGTAG-1,1,paclitaxel
Data8_sample_10_CGAATGTCAGGGTATG-1,1,paclitaxel
Data8_sample_10_CGAATGTTCACCGGGT-1,1,paclitaxel
Data8_sample_10_CGACCTTCATACAGCT-1,1,paclitaxel
Data8_sample_10_CGACCTTCATGAGCGA-1,1,paclitaxel
Data8_sample_10_CGACCTTGTTCGTTGA-1,1,paclitaxel
Data8_sample_10_CGACTTCAGACGACGT-1,1,paclitaxel
Data8_sample_10_CGACTTCCATATACGC-1,1,paclitaxel
Data8_sample_10_CGACTTCGTAAGAGGA-1,1,paclitaxel
Data8_sample_10_CGACTTCGTGCATCTA-1,1,paclitaxel
Data8_sample_10_CGACTTCGTTAGATGA-1,1,paclitaxel
Data8_sample_10_CGAGAAGAGCAAATCA-1,1,paclitaxel
Data8_sample_10_CGAGAAGCAGCTCGAC-1,1,paclitaxel
Data8_sample_10_CGAGAAGCATCCAACA-1,1,paclitaxel
Data8_sample_10_CGAGAAGGTGAGCGAT-1,1,paclitaxel
Data8_sample_10_CGAGCACGTAAGTAGT-1,1,paclitaxel
Data8_sample_10_CGAGCCAAGGAATCGC-1,1,paclitaxel
Data8_sample_10_CGAGCCAAGGATCGCA-1,1,paclitaxel
Data8_sample_10_CGAGCCACACGTTGGC-1,1,paclitaxel
Data8_sample_10_CGAGCCAGTTCACCTC-1,1,paclitaxel
Data8_sample_10_CGAGCCAGTTCCGGCA-1,1,paclitaxel
Data8_sample_10_CGAGCCATCATGTAGC-1,1,paclitaxel
Data8_sample_10_CGAGCCATCTTGCATT-1,1,paclitaxel
Data8_sample_10_CGATCGGGTCGCATAT-1,1,paclitaxel
Data8_sample_10_CGATCGGTCATCGCTC-1,1,paclitaxel
Data8_sample_10_CGATGGCCAGTTTACG-1,1,paclitaxel
Data8_sample_10_CGATGGCGTAAATACG-1,1,paclitaxel
Data8_sample_10_CGATGGCTCGAATGCT-1,1,paclitaxel
Data8_sample_10_CGATGTAAGAGACGAA-1,1,paclitaxel
Data8_sample_10_CGATGTATCCTTGCCA-1,1,paclitaxel
Data8_sample_10_CGATTGAAGGGCTTCC-1,1,paclitaxel
Data8_sample_10_CGATTGAAGTAGCGGT-1,1,paclitaxel
Data8_sample_10_CGATTGATCCCTCTTT-1,1,paclitaxel
Data8_sample_10_CGCCAAGAGTATCGAA-1,1,paclitaxel
Data8_sample_10_CGCCAAGAGTGTACGG-1,1,paclitaxel
Data8_sample_10_CGCCAAGTCTAAGCCA-1,1,paclitaxel
Data8_sample_10_CGCGGTACATTCGACA-1,1,paclitaxel
Data8_sample_10_CGCGGTAGTGATGTCT-1,1,paclitaxel
Data8_sample_10_CGCGTTTCACGTGAGA-1,1,paclitaxel
Data8_sample_10_CGCTATCAGACAAAGG-1,1,paclitaxel
Data8_sample_10_CGCTATCAGAGCCTAG-1,1,paclitaxel
Data8_sample_10_CGCTATCAGTAGATGT-1,1,paclitaxel
Data8_sample_10_CGCTATCCATACCATG-1,1,paclitaxel
Data8_sample_10_CGCTATCGTACTCGCG-1,1,paclitaxel
Data8_sample_10_CGCTGGAAGATGTGTA-1,1,paclitaxel
Data8_sample_10_CGCTGGAAGGTTCCTA-1,1,paclitaxel
Data8_sample_10_CGCTGGATCACAATGC-1,1,paclitaxel
Data8_sample_10_CGCTTCAAGCGTAATA-1,1,paclitaxel
Data8_sample_10_CGCTTCAGTCCAGTGC-1,1,paclitaxel
Data8_sample_10_CGCTTCAGTCGTGGCT-1,1,paclitaxel
Data8_sample_10_CGCTTCAGTTGTGGAG-1,1,paclitaxel
Data8_sample_10_CGCTTCATCGTTTATC-1,1,paclitaxel
Data8_sample_10_CGGACACAGCCAACAG-1,1,paclitaxel
Data8_sample_10_CGGACACCAATGGAGC-1,1,paclitaxel
Data8_sample_10_CGGACACTCCAAACTG-1,1,paclitaxel
Data8_sample_10_CGGACACTCGCAAACT-1,1,paclitaxel
Data8_sample_10_CGGACACTCGTAGGTT-1,1,paclitaxel
Data8_sample_10_CGGACGTAGACCTTTG-1,1,paclitaxel
Data8_sample_10_CGGACGTCACCACGTG-1,1,paclitaxel
Data8_sample_10_CGGACGTGTCCATCCT-1,1,paclitaxel
Data8_sample_10_CGGACGTTCAGAGACG-1,1,paclitaxel
Data8_sample_10_CGGACTGGTAAACCTC-1,1,paclitaxel
Data8_sample_10_CGGACTGGTGTTCTTT-1,1,paclitaxel
Data8_sample_10_CGGACTGTCCACTGGG-1,1,paclitaxel
Data8_sample_10_CGGAGCTAGGTACTCT-1,1,paclitaxel
Data8_sample_10_CGGAGCTAGTTTAGGA-1,1,paclitaxel
Data8_sample_10_CGGAGCTGTACCAGTT-1,1,paclitaxel
Data8_sample_10_CGGAGCTGTCTAGCGC-1,1,paclitaxel
Data8_sample_10_CGGAGCTTCAACACAC-1,1,paclitaxel
Data8_sample_10_CGGAGTCAGGCGACAT-1,1,paclitaxel
Data8_sample_10_CGGAGTCCACGAAACG-1,1,paclitaxel
Data8_sample_10_CGGAGTCTCGGGAGTA-1,1,paclitaxel
Data8_sample_10_CGGCTAGAGGATGGTC-1,1,paclitaxel
Data8_sample_10_CGGCTAGCAGTCAGAG-1,1,paclitaxel
Data8_sample_10_CGGCTAGTCTACTATC-1,1,paclitaxel
Data8_sample_10_CGGGTCAAGATGCCAG-1,1,paclitaxel
Data8_sample_10_CGGGTCAAGTGAAGAG-1,1,paclitaxel
Data8_sample_10_CGGGTCAAGTTCGCAT-1,1,paclitaxel
Data8_sample_10_CGGGTCAGTCCGAATT-1,1,paclitaxel
Data8_sample_10_CGGGTCATCCAAGCCG-1,1,paclitaxel
Data8_sample_10_CGGTTAACAAGTCTGT-1,1,paclitaxel
Data8_sample_10_CGGTTAAGTTCCGTCT-1,1,paclitaxel
Data8_sample_10_CGGTTAATCAGTGCAT-1,1,paclitaxel
Data8_sample_10_CGTAGCGCACAGACTT-1,1,paclitaxel
Data8_sample_10_CGTAGCGCACTAGTAC-1,1,paclitaxel
Data8_sample_10_CGTAGCGGTTCACCTC-1,1,paclitaxel
Data8_sample_10_CGTAGCGTCTACCTGC-1,1,paclitaxel
Data8_sample_10_CGTAGGCAGGATCGCA-1,1,paclitaxel
Data8_sample_10_CGTAGGCCATCCCATC-1,1,paclitaxel
Data8_sample_10_CGTAGGCGTACACCGC-1,1,paclitaxel
Data8_sample_10_CGTAGGCGTACGACCC-1,1,paclitaxel
Data8_sample_10_CGTAGGCGTTAGAACA-1,1,paclitaxel
Data8_sample_10_CGTAGGCGTTATGCGT-1,1,paclitaxel
Data8_sample_10_CGTAGGCTCGCTGATA-1,1,paclitaxel
Data8_sample_10_CGTCACTAGGCATGTG-1,1,paclitaxel
Data8_sample_10_CGTCACTGTCAGCTAT-1,1,paclitaxel
Data8_sample_10_CGTCACTTCAACCATG-1,1,paclitaxel
Data8_sample_10_CGTCACTTCATCTGTT-1,1,paclitaxel
Data8_sample_10_CGTCACTTCTGCAAGT-1,1,paclitaxel
Data8_sample_10_CGTCAGGAGACTAGGC-1,1,paclitaxel
Data8_sample_10_CGTCAGGAGAGCTATA-1,1,paclitaxel
Data8_sample_10_CGTCAGGGTAAACACA-1,1,paclitaxel
Data8_sample_10_CGTCAGGTCGCGTTTC-1,1,paclitaxel
Data8_sample_10_CGTCCATAGTAGCCGA-1,1,paclitaxel
Data8_sample_10_CGTCCATAGTGGACGT-1,1,paclitaxel
Data8_sample_10_CGTCCATCAGTCGATT-1,1,paclitaxel
Data8_sample_10_CGTCCATCATTAGCCA-1,1,paclitaxel
Data8_sample_10_CGTCCATGTGGAAAGA-1,1,paclitaxel
Data8_sample_10_CGTCCATTCATGCTCC-1,1,paclitaxel
Data8_sample_10_CGTCTACAGAAGGACA-1,1,paclitaxel
Data8_sample_10_CGTCTACAGTCCCACG-1,1,paclitaxel
Data8_sample_10_CGTCTACTCAGTCCCT-1,1,paclitaxel
Data8_sample_10_CGTCTACTCTCTGCTG-1,1,paclitaxel
Data8_sample_10_CGTGAGCAGCGTGAGT-1,1,paclitaxel
Data8_sample_10_CGTGAGCCATAGGATA-1,1,paclitaxel
Data8_sample_10_CGTGAGCGTACCAGTT-1,1,paclitaxel
Data8_sample_10_CGTGAGCGTCATGCAT-1,1,paclitaxel
Data8_sample_10_CGTGAGCGTCTCCACT-1,1,paclitaxel
Data8_sample_10_CGTGAGCGTCTGATCA-1,1,paclitaxel
Data8_sample_10_CGTGAGCGTGAGGGTT-1,1,paclitaxel
Data8_sample_10_CGTGAGCTCAGAGCTT-1,1,paclitaxel
Data8_sample_10_CGTGTAAAGAGCTGCA-1,1,paclitaxel
Data8_sample_10_CGTGTAACAAGGGTCA-1,1,paclitaxel
Data8_sample_10_CGTGTAACAGTTTACG-1,1,paclitaxel
Data8_sample_10_CGTGTAATCTGATTCT-1,1,paclitaxel
Data8_sample_10_CGTGTCTAGGACACCA-1,1,paclitaxel
Data8_sample_10_CGTGTCTAGGTGATTA-1,1,paclitaxel
Data8_sample_10_CGTGTCTAGTTGTAGA-1,1,paclitaxel
Data8_sample_10_CGTGTCTGTTCGGCAC-1,1,paclitaxel
Data8_sample_10_CGTGTCTTCACCCTCA-1,1,paclitaxel
Data8_sample_10_CGTTAGAAGGCTCATT-1,1,paclitaxel
Data8_sample_10_CGTTAGATCTCACATT-1,1,paclitaxel
Data8_sample_10_CGTTCTGAGCTACCGC-1,1,paclitaxel
Data8_sample_10_CGTTCTGAGCTAGTCT-1,1,paclitaxel
Data8_sample_10_CGTTCTGAGTTACCCA-1,1,paclitaxel
Data8_sample_10_CGTTCTGTCCATTCTA-1,1,paclitaxel
Data8_sample_10_CGTTCTGTCCGTACAA-1,1,paclitaxel
Data8_sample_10_CGTTGGGAGCAATATG-1,1,paclitaxel
Data8_sample_10_CGTTGGGCAAGAGTCG-1,1,paclitaxel
Data8_sample_10_CGTTGGGCAGAAGCAC-1,1,paclitaxel
Data8_sample_10_CTAACTTAGACTCGGA-1,1,paclitaxel
Data8_sample_10_CTAACTTAGTCCGTAT-1,1,paclitaxel
Data8_sample_10_CTAACTTCAGCATACT-1,1,paclitaxel
Data8_sample_10_CTAACTTGTCATGCCG-1,1,paclitaxel
Data8_sample_10_CTAACTTTCAAGGCTT-1,1,paclitaxel
Data8_sample_10_CTAAGACAGATGCCAG-1,1,paclitaxel
Data8_sample_10_CTAAGACAGCCCAATT-1,1,paclitaxel
Data8_sample_10_CTAAGACCAAGCCCAC-1,1,paclitaxel
Data8_sample_10_CTAAGACGTAGAGCTG-1,1,paclitaxel
Data8_sample_10_CTAAGACTCTTCTGGC-1,1,paclitaxel
Data8_sample_10_CTAATGGAGTGTACGG-1,1,paclitaxel
Data8_sample_10_CTAATGGGTCTCTCGT-1,1,paclitaxel
Data8_sample_10_CTAATGGGTGCACTTA-1,1,paclitaxel
Data8_sample_10_CTAATGGTCAGTGCAT-1,1,paclitaxel
Data8_sample_10_CTAATGGTCTCGTATT-1,1,paclitaxel
Data8_sample_10_CTACACCAGGCTCTTA-1,1,paclitaxel
Data8_sample_10_CTACACCAGTGCAAGC-1,1,paclitaxel
Data8_sample_10_CTACACCAGTTTCCTT-1,1,paclitaxel
Data8_sample_10_CTACACCTCGTCGTTC-1,1,paclitaxel
Data8_sample_10_CTACACCTCTGCAGTA-1,1,paclitaxel
Data8_sample_10_CTACACCTCTGTGCAA-1,1,paclitaxel
Data8_sample_10_CTACATTAGTGAAGTT-1,1,paclitaxel
Data8_sample_10_CTACATTCAAAGCGGT-1,1,paclitaxel
Data8_sample_10_CTACATTCATAGAAAC-1,1,paclitaxel
Data8_sample_10_CTACATTCATGCCACG-1,1,paclitaxel
Data8_sample_10_CTACATTGTCTCCATC-1,1,paclitaxel
Data8_sample_10_CTACATTGTGTTGGGA-1,1,paclitaxel
Data8_sample_10_CTACATTTCCGGCACA-1,1,paclitaxel
Data8_sample_10_CTACCCAAGCTGGAAC-1,1,paclitaxel
Data8_sample_10_CTACCCACAATGGATA-1,1,paclitaxel
Data8_sample_10_CTACCCAGTTCGTCTC-1,1,paclitaxel
Data8_sample_10_CTACCCATCTGTACGA-1,1,paclitaxel
Data8_sample_10_CTACGTCAGGGTCGAT-1,1,paclitaxel
Data8_sample_10_CTACGTCGTGGTTTCA-1,1,paclitaxel
Data8_sample_10_CTACGTCTCAAGCCTA-1,1,paclitaxel
Data8_sample_10_CTACGTCTCCGCATCT-1,1,paclitaxel
Data8_sample_10_CTACGTCTCTTGCAAG-1,1,paclitaxel
Data8_sample_10_CTAGAGTAGACGACGT-1,1,paclitaxel
Data8_sample_10_CTAGAGTCAAACAACA-1,1,paclitaxel
Data8_sample_10_CTAGAGTGTAAACGCG-1,1,paclitaxel
Data8_sample_10_CTAGAGTGTACATGTC-1,1,paclitaxel
Data8_sample_10_CTAGAGTGTATTCGTG-1,1,paclitaxel
Data8_sample_10_CTAGAGTGTGCGCTTG-1,1,paclitaxel
Data8_sample_10_CTAGCCTAGAAGGTTT-1,1,paclitaxel
Data8_sample_10_CTAGCCTAGGCCCGTT-1,1,paclitaxel
Data8_sample_10_CTAGCCTGTAAGGATT-1,1,paclitaxel
Data8_sample_10_CTAGCCTGTAGAAGGA-1,1,paclitaxel
Data8_sample_10_CTAGCCTGTCAAGCGA-1,1,paclitaxel
Data8_sample_10_CTAGCCTTCGAGAGCA-1,1,paclitaxel
Data8_sample_10_CTAGTGAAGCCCAGCT-1,1,paclitaxel
Data8_sample_10_CTAGTGAGTAGCACGA-1,1,paclitaxel
Data8_sample_10_CTCACACAGGAATGGA-1,1,paclitaxel
Data8_sample_10_CTCACACAGTGTCTCA-1,1,paclitaxel
Data8_sample_10_CTCACACTCCAATGGT-1,1,paclitaxel
Data8_sample_10_CTCACACTCGAGGTAG-1,1,paclitaxel
Data8_sample_10_CTCAGAAAGAGGGATA-1,1,paclitaxel
Data8_sample_10_CTCAGAAGTGGTAACG-1,1,paclitaxel
Data8_sample_10_CTCATTAAGAGTCGGT-1,1,paclitaxel
Data8_sample_10_CTCATTAAGATGCCTT-1,1,paclitaxel
Data8_sample_10_CTCATTAAGCGGATCA-1,1,paclitaxel
Data8_sample_10_CTCCTAGAGTTAGGTA-1,1,paclitaxel
Data8_sample_10_CTCCTAGCAAGCGATG-1,1,paclitaxel
Data8_sample_10_CTCCTAGCATGAACCT-1,1,paclitaxel
Data8_sample_10_CTCCTAGGTGGGTCAA-1,1,paclitaxel
Data8_sample_10_CTCCTAGTCCGATATG-1,1,paclitaxel
Data8_sample_10_CTCGAGGAGAAGATTC-1,1,paclitaxel
Data8_sample_10_CTCGAGGAGATGCGAC-1,1,paclitaxel
Data8_sample_10_CTCGAGGAGCGCCTTG-1,1,paclitaxel
Data8_sample_10_CTCGAGGGTACCGTTA-1,1,paclitaxel
Data8_sample_10_CTCGAGGGTGGTACAG-1,1,paclitaxel
Data8_sample_10_CTCGAGGTCACGAAGG-1,1,paclitaxel
Data8_sample_10_CTCGAGGTCCTTGACC-1,1,paclitaxel
Data8_sample_10_CTCGAGGTCGAATCCA-1,1,paclitaxel
Data8_sample_10_CTCGGAGCAGCGAACA-1,1,paclitaxel
Data8_sample_10_CTCGGAGGTTCCGGCA-1,1,paclitaxel
Data8_sample_10_CTCGGGAAGTACGACG-1,1,paclitaxel
Data8_sample_10_CTCGGGAAGTTCCACA-1,1,paclitaxel
Data8_sample_10_CTCGGGACAACACGCC-1,1,paclitaxel
Data8_sample_10_CTCGGGAGTACGAAAT-1,1,paclitaxel
Data8_sample_10_CTCGTACAGTGTACCT-1,1,paclitaxel
Data8_sample_10_CTCGTACGTTACGTCA-1,1,paclitaxel
Data8_sample_10_CTCGTCAAGGATGTAT-1,1,paclitaxel
Data8_sample_10_CTCGTCACACTATCTT-1,1,paclitaxel
Data8_sample_10_CTCGTCACATAGACTC-1,1,paclitaxel
Data8_sample_10_CTCGTCAGTAGCCTCG-1,1,paclitaxel
Data8_sample_10_CTCGTCATCAGTTTGG-1,1,paclitaxel
Data8_sample_10_CTCGTCATCCCTTGCA-1,1,paclitaxel
Data8_sample_10_CTCGTCATCCTGCCAT-1,1,paclitaxel
Data8_sample_10_CTCTAATAGTAACCCT-1,1,paclitaxel
Data8_sample_10_CTCTAATCACCGATAT-1,1,paclitaxel
Data8_sample_10_CTCTAATGTAACGTTC-1,1,paclitaxel
Data8_sample_10_CTCTAATGTCTCTTTA-1,1,paclitaxel
Data8_sample_10_CTCTACGAGTACCGGA-1,1,paclitaxel
Data8_sample_10_CTCTACGCACTGCCAG-1,1,paclitaxel
Data8_sample_10_CTCTACGGTCGAACAG-1,1,paclitaxel
Data8_sample_10_CTCTACGGTCGAGTTT-1,1,paclitaxel
Data8_sample_10_CTCTACGTCTCGCATC-1,1,paclitaxel
Data8_sample_10_CTCTGGTAGCAGGCTA-1,1,paclitaxel
Data8_sample_10_CTCTGGTAGTGCTGCC-1,1,paclitaxel
Data8_sample_10_CTCTGGTCACGACGAA-1,1,paclitaxel
Data8_sample_10_CTCTGGTCACTACAGT-1,1,paclitaxel
Data8_sample_10_CTCTGGTCAGGGATTG-1,1,paclitaxel
Data8_sample_10_CTCTGGTCATACGCTA-1,1,paclitaxel
Data8_sample_10_CTCTGGTCATGGTCAT-1,1,paclitaxel
Data8_sample_10_CTGAAACAGACTAAGT-1,1,paclitaxel
Data8_sample_10_CTGAAACAGGACGAAA-1,1,paclitaxel
Data8_sample_10_CTGAAACCACCGAATT-1,1,paclitaxel
Data8_sample_10_CTGAAACGTCCGAATT-1,1,paclitaxel
Data8_sample_10_CTGAAACGTCGACTGC-1,1,paclitaxel
Data8_sample_10_CTGAAACTCGGTGTCG-1,1,paclitaxel
Data8_sample_10_CTGAAGTTCACCATAG-1,1,paclitaxel
Data8_sample_10_CTGAAGTTCCGCAGTG-1,1,paclitaxel
Data8_sample_10_CTGAAGTTCGTGACAT-1,1,paclitaxel
Data8_sample_10_CTGATAGAGGTACTCT-1,1,paclitaxel
Data8_sample_10_CTGATAGCACCGAATT-1,1,paclitaxel
Data8_sample_10_CTGATAGGTAGAGGAA-1,1,paclitaxel
Data8_sample_10_CTGATAGGTTGCTCCT-1,1,paclitaxel
Data8_sample_10_CTGATAGTCCGTAGTA-1,1,paclitaxel
Data8_sample_10_CTGATCCCACTACAGT-1,1,paclitaxel
Data8_sample_10_CTGATCCGTAATTGGA-1,1,paclitaxel
Data8_sample_10_CTGATCCGTCTTGATG-1,1,paclitaxel
Data8_sample_10_CTGATCCGTTCGTGAT-1,1,paclitaxel
Data8_sample_10_CTGATCCGTTGAGGTG-1,1,paclitaxel
Data8_sample_10_CTGATCCTCAGCCTAA-1,1,paclitaxel
Data8_sample_10_CTGATCCTCCGCTGTT-1,1,paclitaxel
Data8_sample_10_CTGCCTAAGGACATTA-1,1,paclitaxel
Data8_sample_10_CTGCCTAAGTTTGCGT-1,1,paclitaxel
Data8_sample_10_CTGCCTATCTCGCTTG-1,1,paclitaxel
Data8_sample_10_CTGCGGAAGAGTAATC-1,1,paclitaxel
Data8_sample_10_CTGCGGAAGGTGCAAC-1,1,paclitaxel
Data8_sample_10_CTGCGGACATCGATGT-1,1,paclitaxel
Data8_sample_10_CTGCGGAGTACAGACG-1,1,paclitaxel
Data8_sample_10_CTGCGGAGTTACGCGC-1,1,paclitaxel
Data8_sample_10_CTGCTGTAGGAATTAC-1,1,paclitaxel
Data8_sample_10_CTGCTGTAGGATGCGT-1,1,paclitaxel
Data8_sample_10_CTGCTGTCAGGGATTG-1,1,paclitaxel
Data8_sample_10_CTGCTGTGTCTCCACT-1,1,paclitaxel
Data8_sample_10_CTGCTGTTCCAAGCCG-1,1,paclitaxel
Data8_sample_10_CTGGTCTCAAGAAAGG-1,1,paclitaxel
Data8_sample_10_CTGGTCTCAAGGTTTC-1,1,paclitaxel
Data8_sample_10_CTGTGCTAGCTGCCCA-1,1,paclitaxel
Data8_sample_10_CTGTGCTCACGGTAGA-1,1,paclitaxel
Data8_sample_10_CTGTGCTCATCCGGGT-1,1,paclitaxel
Data8_sample_10_CTGTGCTCATTTCAGG-1,1,paclitaxel
Data8_sample_10_CTGTGCTGTATGAATG-1,1,paclitaxel
Data8_sample_10_CTGTGCTGTCACTGGC-1,1,paclitaxel
Data8_sample_10_CTGTTTAAGACCGGAT-1,1,paclitaxel
Data8_sample_10_CTGTTTAGTCTCAACA-1,1,paclitaxel
Data8_sample_10_CTGTTTAGTGCAGGTA-1,1,paclitaxel
Data8_sample_10_CTTAACTAGGATGGTC-1,1,paclitaxel
Data8_sample_10_CTTAACTAGTGGACGT-1,1,paclitaxel
Data8_sample_10_CTTAACTTCAATACCG-1,1,paclitaxel
Data8_sample_10_CTTAACTTCGGTCCGA-1,1,paclitaxel
Data8_sample_10_CTTAACTTCTTGCCGT-1,1,paclitaxel
Data8_sample_10_CTTACCGAGACAGACC-1,1,paclitaxel
Data8_sample_10_CTTAGGAAGCGTCTAT-1,1,paclitaxel
Data8_sample_10_CTTAGGAAGTAACCCT-1,1,paclitaxel
Data8_sample_10_CTTAGGAAGTACACCT-1,1,paclitaxel
Data8_sample_10_CTTCTCTAGAGCTGGT-1,1,paclitaxel
Data8_sample_10_CTTCTCTCAAGCTGAG-1,1,paclitaxel
Data8_sample_10_CTTCTCTGTCTGCCAG-1,1,paclitaxel
Data8_sample_10_CTTGGCTAGCACCGCT-1,1,paclitaxel
Data8_sample_10_CTTGGCTCAGGAATGC-1,1,paclitaxel
Data8_sample_10_CTTGGCTCATGCTGGC-1,1,paclitaxel
Data8_sample_10_CTTGGCTTCAAGGCTT-1,1,paclitaxel
Data8_sample_10_CTTGGCTTCAGCTCGG-1,1,paclitaxel
Data8_sample_10_CTTTGCGAGCGCCTTG-1,1,paclitaxel
Data8_sample_10_CTTTGCGAGGCATTGG-1,1,paclitaxel
Data8_sample_10_CTTTGCGCAGCTCGCA-1,1,paclitaxel
Data8_sample_10_CTTTGCGTCGGTGTTA-1,1,paclitaxel
Data8_sample_10_GAAACTCCACATAACC-1,1,paclitaxel
Data8_sample_10_GAAACTCCACCGAAAG-1,1,paclitaxel
Data8_sample_10_GAAATGAAGCTCTCGG-1,1,paclitaxel
Data8_sample_10_GAAATGAAGGTGACCA-1,1,paclitaxel
Data8_sample_10_GAAATGACAGATTGCT-1,1,paclitaxel
Data8_sample_10_GAAATGACAGGAACGT-1,1,paclitaxel
Data8_sample_10_GAAATGAGTAATCACC-1,1,paclitaxel
Data8_sample_10_GAAATGAGTGACAAAT-1,1,paclitaxel
Data8_sample_10_GAAATGAGTGGCCCTA-1,1,paclitaxel
Data8_sample_10_GAAATGAGTTATCCGA-1,1,paclitaxel
Data8_sample_10_GAAATGATCGTTGCCT-1,1,paclitaxel
Data8_sample_10_GAACATCAGGTGACCA-1,1,paclitaxel
Data8_sample_10_GAACATCAGTTGAGAT-1,1,paclitaxel
Data8_sample_10_GAACATCTCTCGATGA-1,1,paclitaxel
Data8_sample_10_GAACCTAAGACTCGGA-1,1,paclitaxel
Data8_sample_10_GAACCTAAGGAGTAGA-1,1,paclitaxel
Data8_sample_10_GAACCTACAAGACACG-1,1,paclitaxel
Data8_sample_10_GAACCTACACCGGAAA-1,1,paclitaxel
Data8_sample_10_GAACCTAGTCCCTTGT-1,1,paclitaxel
Data8_sample_10_GAACCTAGTGCAGTAG-1,1,paclitaxel
Data8_sample_10_GAACCTATCCCTAATT-1,1,paclitaxel
Data8_sample_10_GAACCTATCGAACTGT-1,1,paclitaxel
Data8_sample_10_GAACCTATCTAACGGT-1,1,paclitaxel
Data8_sample_10_GAACGGATCTTCGAGA-1,1,paclitaxel
Data8_sample_10_GAAGCAGTCAGTCAGT-1,1,paclitaxel
Data8_sample_10_GAAGCAGTCCGCGCAA-1,1,paclitaxel
Data8_sample_10_GAATAAGCACCGAAAG-1,1,paclitaxel
Data8_sample_10_GAATAAGCAGCTGTAT-1,1,paclitaxel
Data8_sample_10_GAATAAGTCCAGTATG-1,1,paclitaxel
Data8_sample_10_GAATGAAAGCAGGCTA-1,1,paclitaxel
Data8_sample_10_GAATGAAAGCCAGGAT-1,1,paclitaxel
Data8_sample_10_GAATGAAAGCTCCCAG-1,1,paclitaxel
Data8_sample_10_GAATGAACAAATACAG-1,1,paclitaxel
Data8_sample_10_GAATGAAGTCTAGTGT-1,1,paclitaxel
Data8_sample_10_GAATGAAGTCTTGCGG-1,1,paclitaxel
Data8_sample_10_GAATGAATCCCTAACC-1,1,paclitaxel
Data8_sample_10_GAATGAATCTTGAGGT-1,1,paclitaxel
Data8_sample_10_GACACGCAGCAGACTG-1,1,paclitaxel
Data8_sample_10_GACACGCCATCAGTAC-1,1,paclitaxel
Data8_sample_10_GACACGCCATCCCATC-1,1,paclitaxel
Data8_sample_10_GACACGCGTCGAACAG-1,1,paclitaxel
Data8_sample_10_GACACGCTCACGCGGT-1,1,paclitaxel
Data8_sample_10_GACACGCTCGCTTAGA-1,1,paclitaxel
Data8_sample_10_GACACGCTCGGCTTGG-1,1,paclitaxel
Data8_sample_10_GACAGAGCACGTCAGC-1,1,paclitaxel
Data8_sample_10_GACAGAGGTTCCATGA-1,1,paclitaxel
Data8_sample_10_GACCAATAGCTGAAAT-1,1,paclitaxel
Data8_sample_10_GACCAATAGGGAAACA-1,1,paclitaxel
Data8_sample_10_GACCAATGTCCAGTAT-1,1,paclitaxel
Data8_sample_10_GACCAATGTTAAGATG-1,1,paclitaxel
Data8_sample_10_GACCAATTCCAGTATG-1,1,paclitaxel
Data8_sample_10_GACCAATTCTCAACTT-1,1,paclitaxel
Data8_sample_10_GACCTGGAGAGACTTA-1,1,paclitaxel
Data8_sample_10_GACCTGGAGATCCCGC-1,1,paclitaxel
Data8_sample_10_GACCTGGCACGGCCAT-1,1,paclitaxel
Data8_sample_10_GACCTGGCATTCACTT-1,1,paclitaxel
Data8_sample_10_GACGCGTCAAACAACA-1,1,paclitaxel
Data8_sample_10_GACGCGTCAAGTTAAG-1,1,paclitaxel
Data8_sample_10_GACGCGTCACATCTTT-1,1,paclitaxel
Data8_sample_10_GACGCGTCAGTAGAGC-1,1,paclitaxel
Data8_sample_10_GACGCGTCATCACAAC-1,1,paclitaxel
Data8_sample_10_GACGCGTTCAGGCGAA-1,1,paclitaxel
Data8_sample_10_GACGGCTAGTTCGCGC-1,1,paclitaxel
Data8_sample_10_GACGGCTGTACAGTTC-1,1,paclitaxel
Data8_sample_10_GACGGCTTCCTAGAAC-1,1,paclitaxel
Data8_sample_10_GACGGCTTCTGGTTCC-1,1,paclitaxel
Data8_sample_10_GACGTGCCATTAGGCT-1,1,paclitaxel
Data8_sample_10_GACGTGCGTACTTGAC-1,1,paclitaxel
Data8_sample_10_GACGTGCGTCCGAAGA-1,1,paclitaxel
Data8_sample_10_GACGTGCGTTAAGATG-1,1,paclitaxel
Data8_sample_10_GACTAACAGACACTAA-1,1,paclitaxel
Data8_sample_10_GACTAACCATTGAGCT-1,1,paclitaxel
Data8_sample_10_GACTAACTCTGCTGCT-1,1,paclitaxel
Data8_sample_10_GACTACACAAGTTAAG-1,1,paclitaxel
Data8_sample_10_GACTACAGTGATGCCC-1,1,paclitaxel
Data8_sample_10_GACTGCGGTGAGTGAC-1,1,paclitaxel
Data8_sample_10_GACTGCGTCTGATACG-1,1,paclitaxel
Data8_sample_10_GAGCAGACAGTATCTG-1,1,paclitaxel
Data8_sample_10_GAGCAGACATGCAACT-1,1,paclitaxel
Data8_sample_10_GAGCAGAGTCGGCTCA-1,1,paclitaxel
Data8_sample_10_GAGCAGAGTGCACCAC-1,1,paclitaxel
Data8_sample_10_GAGCAGATCGAGGTAG-1,1,paclitaxel
Data8_sample_10_GAGCAGATCTGCCAGG-1,1,paclitaxel
Data8_sample_10_GAGGTGAAGCGTGAGT-1,1,paclitaxel
Data8_sample_10_GAGGTGAAGTAGATGT-1,1,paclitaxel
Data8_sample_10_GAGGTGACACTTAACG-1,1,paclitaxel
Data8_sample_10_GAGGTGACAGCGTCCA-1,1,paclitaxel
Data8_sample_10_GAGGTGAGTATCGCAT-1,1,paclitaxel
Data8_sample_10_GAGGTGATCTACCAGA-1,1,paclitaxel
Data8_sample_10_GAGTCCGAGTACGTAA-1,1,paclitaxel
Data8_sample_10_GAGTCCGCAAGTACCT-1,1,paclitaxel
Data8_sample_10_GAGTCCGGTAGAAGGA-1,1,paclitaxel
Data8_sample_10_GAGTCCGGTCGCATCG-1,1,paclitaxel
Data8_sample_10_GAGTCCGTCACCCTCA-1,1,paclitaxel
Data8_sample_10_GAGTCCGTCATTATCC-1,1,paclitaxel
Data8_sample_10_GAGTCCGTCGCACTCT-1,1,paclitaxel
Data8_sample_10_GATCAGTAGACACGAC-1,1,paclitaxel
Data8_sample_10_GATCAGTAGATCCCAT-1,1,paclitaxel
Data8_sample_10_GATCAGTCATCCCATC-1,1,paclitaxel
Data8_sample_10_GATCAGTGTCAACTGT-1,1,paclitaxel
Data8_sample_10_GATCAGTGTGTTGGGA-1,1,paclitaxel
Data8_sample_10_GATCAGTTCCTAGTGA-1,1,paclitaxel
Data8_sample_10_GATCAGTTCGATCCCT-1,1,paclitaxel
Data8_sample_10_GATCGATAGGATGCGT-1,1,paclitaxel
Data8_sample_10_GATCGATCAAGGCTCC-1,1,paclitaxel
Data8_sample_10_GATCGATGTACCGTAT-1,1,paclitaxel
Data8_sample_10_GATCGATTCGTCCAGG-1,1,paclitaxel
Data8_sample_10_GATCGCGAGCCGATTT-1,1,paclitaxel
Data8_sample_10_GATCGCGAGGAATCGC-1,1,paclitaxel
Data8_sample_10_GATCGCGAGTAATCCC-1,1,paclitaxel
Data8_sample_10_GATCGCGCACCCATGG-1,1,paclitaxel
Data8_sample_10_GATCGCGGTCCGTCAG-1,1,paclitaxel
Data8_sample_10_GATCGCGGTCGAACAG-1,1,paclitaxel
Data8_sample_10_GATCGCGGTGCAGTAG-1,1,paclitaxel
Data8_sample_10_GATCGCGGTTAAGTAG-1,1,paclitaxel
Data8_sample_10_GATCGCGTCGGTCTAA-1,1,paclitaxel
Data8_sample_10_GATCGTAAGGCTATCT-1,1,paclitaxel
Data8_sample_10_GATCGTACAGTTTACG-1,1,paclitaxel
Data8_sample_10_GATCGTAGTCTCATCC-1,1,paclitaxel
Data8_sample_10_GATCGTATCCCTAACC-1,1,paclitaxel
Data8_sample_10_GATCTAGAGAGAGCTC-1,1,paclitaxel
Data8_sample_10_GATCTAGAGTAGATGT-1,1,paclitaxel
Data8_sample_10_GATCTAGTCCAAACTG-1,1,paclitaxel
Data8_sample_10_GATCTAGTCCGCGCAA-1,1,paclitaxel
Data8_sample_10_GATGAAAAGCGCCTCA-1,1,paclitaxel
Data8_sample_10_GATGAAATCGTTACAG-1,1,paclitaxel
Data8_sample_10_GATGAAATCTGGTGTA-1,1,paclitaxel
Data8_sample_10_GATGAGGAGTGACATA-1,1,paclitaxel
Data8_sample_10_GATGAGGCAGTGACAG-1,1,paclitaxel
Data8_sample_10_GATGAGGGTAGGCATG-1,1,paclitaxel
Data8_sample_10_GATGAGGGTGTAACGG-1,1,paclitaxel
Data8_sample_10_GATGCTAGTTTGGGCC-1,1,paclitaxel
Data8_sample_10_GATTCAGAGCTGGAAC-1,1,paclitaxel
Data8_sample_10_GATTCAGCACGGTTTA-1,1,paclitaxel
Data8_sample_10_GATTCAGCACTCAGGC-1,1,paclitaxel
Data8_sample_10_GATTCAGGTTACGCGC-1,1,paclitaxel
Data8_sample_10_GCAAACTGTTAGATGA-1,1,paclitaxel
Data8_sample_10_GCAAACTTCAATACCG-1,1,paclitaxel
Data8_sample_10_GCAATCAAGCAATATG-1,1,paclitaxel
Data8_sample_10_GCAATCACACAGCGTC-1,1,paclitaxel
Data8_sample_10_GCAATCACACAGGAGT-1,1,paclitaxel
Data8_sample_10_GCAATCAGTATTACCG-1,1,paclitaxel
Data8_sample_10_GCACATACAATAACGA-1,1,paclitaxel
Data8_sample_10_GCACATACACCCATGG-1,1,paclitaxel
Data8_sample_10_GCACATAGTGATGATA-1,1,paclitaxel
Data8_sample_10_GCACATAGTGGTGTAG-1,1,paclitaxel
Data8_sample_10_GCACATATCGCCCTTA-1,1,paclitaxel
Data8_sample_10_GCACTCTGTGCACTTA-1,1,paclitaxel
Data8_sample_10_GCAGCCACAGCTCGAC-1,1,paclitaxel
Data8_sample_10_GCAGCCAGTACCGAGA-1,1,paclitaxel
Data8_sample_10_GCAGCCAGTCATCCCT-1,1,paclitaxel
Data8_sample_10_GCAGCCAGTGCTAGCC-1,1,paclitaxel
Data8_sample_10_GCAGCCAGTTCACGGC-1,1,paclitaxel
Data8_sample_10_GCAGCCATCCAGGGCT-1,1,paclitaxel
Data8_sample_10_GCAGCCATCGGCTTGG-1,1,paclitaxel
Data8_sample_10_GCAGTTAAGGCGATAC-1,1,paclitaxel
Data8_sample_10_GCAGTTAAGTCGATAA-1,1,paclitaxel
Data8_sample_10_GCAGTTAAGTTGTAGA-1,1,paclitaxel
Data8_sample_10_GCAGTTAGTGACTCAT-1,1,paclitaxel
Data8_sample_10_GCAGTTATCGCCATAA-1,1,paclitaxel
Data8_sample_10_GCATACAAGCTAGGCA-1,1,paclitaxel
Data8_sample_10_GCATACACATAGTAAG-1,1,paclitaxel
Data8_sample_10_GCATACAGTTCAGTAC-1,1,paclitaxel
Data8_sample_10_GCATACATCACCGGGT-1,1,paclitaxel
Data8_sample_10_GCATACATCGAACTGT-1,1,paclitaxel
Data8_sample_10_GCATGATAGTCGTACT-1,1,paclitaxel
Data8_sample_10_GCATGATCATCTACGA-1,1,paclitaxel
Data8_sample_10_GCATGATGTATATCCG-1,1,paclitaxel
Data8_sample_10_GCATGATGTGCACTTA-1,1,paclitaxel
Data8_sample_10_GCATGCGCATGCAATC-1,1,paclitaxel
Data8_sample_10_GCATGCGGTAAACCTC-1,1,paclitaxel
Data8_sample_10_GCATGCGTCTACTCAT-1,1,paclitaxel
Data8_sample_10_GCATGTAGTATATCCG-1,1,paclitaxel
Data8_sample_10_GCATGTATCAACGAAA-1,1,paclitaxel
Data8_sample_10_GCCAAATCATATGGTC-1,1,paclitaxel
Data8_sample_10_GCCAAATGTGTTCGAT-1,1,paclitaxel
Data8_sample_10_GCCAAATGTTGGTAAA-1,1,paclitaxel
Data8_sample_10_GCCAAATTCTTAGAGC-1,1,paclitaxel
Data8_sample_10_GCCTCTAAGAGGTAGA-1,1,paclitaxel
Data8_sample_10_GCGACCAAGAATGTGT-1,1,paclitaxel
Data8_sample_10_GCGACCACACCGTTGG-1,1,paclitaxel
Data8_sample_10_GCGACCACATCTCCCA-1,1,paclitaxel
Data8_sample_10_GCGACCAGTATATGGA-1,1,paclitaxel
Data8_sample_10_GCGACCATCCACGTTC-1,1,paclitaxel
Data8_sample_10_GCGAGAAAGAAAGTGG-1,1,paclitaxel
Data8_sample_10_GCGAGAACAAGGTTCT-1,1,paclitaxel
Data8_sample_10_GCGAGAAGTCTGCCAG-1,1,paclitaxel
Data8_sample_10_GCGAGAAGTTACGTCA-1,1,paclitaxel
Data8_sample_10_GCGAGAATCACCCTCA-1,1,paclitaxel
Data8_sample_10_GCGAGAATCCCTCTTT-1,1,paclitaxel
Data8_sample_10_GCGCAACAGATCGGGT-1,1,paclitaxel
Data8_sample_10_GCGCAACCATCCCACT-1,1,paclitaxel
Data8_sample_10_GCGCAACGTTGGAGGT-1,1,paclitaxel
Data8_sample_10_GCGCAACTCTTGTACT-1,1,paclitaxel
Data8_sample_10_GCGCAGTAGAGAGCTC-1,1,paclitaxel
Data8_sample_10_GCGCAGTAGCACCGCT-1,1,paclitaxel
Data8_sample_10_GCGCAGTAGCTGTCTA-1,1,paclitaxel
Data8_sample_10_GCGCAGTGTATGCTTG-1,1,paclitaxel
Data8_sample_10_GCGCCAACACATTAGC-1,1,paclitaxel
Data8_sample_10_GCGCCAAGTGACAAAT-1,1,paclitaxel
Data8_sample_10_GCGCCAAGTGGACGAT-1,1,paclitaxel
Data8_sample_10_GCGCCAATCGCTTGTC-1,1,paclitaxel
Data8_sample_10_GCGCGATCACATCTTT-1,1,paclitaxel
Data8_sample_10_GCGCGATGTGACGCCT-1,1,paclitaxel
Data8_sample_10_GCGCGATTCATAGCAC-1,1,paclitaxel
Data8_sample_10_GCGCGATTCTGGTATG-1,1,paclitaxel
Data8_sample_10_GCGGGTTAGGACAGAA-1,1,paclitaxel
Data8_sample_10_GCGGGTTCACTGTGTA-1,1,paclitaxel
Data8_sample_10_GCGGGTTGTTAAGACA-1,1,paclitaxel
Data8_sample_10_GCGGGTTTCGAATGCT-1,1,paclitaxel
Data8_sample_10_GCTCCTAAGGCACATG-1,1,paclitaxel
Data8_sample_10_GCTCCTAAGGCATGGT-1,1,paclitaxel
Data8_sample_10_GCTCCTAAGTATGACA-1,1,paclitaxel
Data8_sample_10_GCTCCTACAGTCGTGC-1,1,paclitaxel
Data8_sample_10_GCTCCTACATGTAAGA-1,1,paclitaxel
Data8_sample_10_GCTCCTATCTTCAACT-1,1,paclitaxel
Data8_sample_10_GCTCTGTAGACAGACC-1,1,paclitaxel
Data8_sample_10_GCTCTGTAGTTTAGGA-1,1,paclitaxel
Data8_sample_10_GCTCTGTCAGGATTGG-1,1,paclitaxel
Data8_sample_10_GCTCTGTGTTCCACTC-1,1,paclitaxel
Data8_sample_10_GCTCTGTTCAACACCA-1,1,paclitaxel
Data8_sample_10_GCTCTGTTCTGGTATG-1,1,paclitaxel
Data8_sample_10_GCTGCAGAGGTAAACT-1,1,paclitaxel
Data8_sample_10_GCTGCAGGTATCACCA-1,1,paclitaxel
Data8_sample_10_GCTGCGAAGAGTCGGT-1,1,paclitaxel
Data8_sample_10_GCTGCGAGTCATGCCG-1,1,paclitaxel
Data8_sample_10_GCTGCGATCTGCTTGC-1,1,paclitaxel
Data8_sample_10_GCTGCTTTCCAGAGGA-1,1,paclitaxel
Data8_sample_10_GCTGCTTTCCGAATGT-1,1,paclitaxel
Data8_sample_10_GCTGCTTTCGGCGCAT-1,1,paclitaxel
Data8_sample_10_GCTGGGTAGAACTCGG-1,1,paclitaxel
Data8_sample_10_GCTGGGTAGTGTTGAA-1,1,paclitaxel
Data8_sample_10_GCTGGGTGTACGCACC-1,1,paclitaxel
Data8_sample_10_GCTGGGTTCAGCTCTC-1,1,paclitaxel
Data8_sample_10_GCTGGGTTCTAACTTC-1,1,paclitaxel
Data8_sample_10_GCTTCCAAGATGTGGC-1,1,paclitaxel
Data8_sample_10_GCTTCCAAGGTAGCTG-1,1,paclitaxel
Data8_sample_10_GCTTCCAGTGCACGAA-1,1,paclitaxel
Data8_sample_10_GCTTCCAGTTCATGGT-1,1,paclitaxel
Data8_sample_10_GCTTCCATCTAACCGA-1,1,paclitaxel
Data8_sample_10_GCTTGAAAGGATTCGG-1,1,paclitaxel
Data8_sample_10_GCTTGAAGTCACACGC-1,1,paclitaxel
Data8_sample_10_GCTTGAATCTGACCTC-1,1,paclitaxel
Data8_sample_10_GGAAAGCAGAGGTTGC-1,1,paclitaxel
Data8_sample_10_GGAAAGCGTCAGATAA-1,1,paclitaxel
Data8_sample_10_GGAAAGCGTCTCTTTA-1,1,paclitaxel
Data8_sample_10_GGAAAGCTCAAACAAG-1,1,paclitaxel
Data8_sample_10_GGAAAGCTCGGCATCG-1,1,paclitaxel
Data8_sample_10_GGAAAGCTCTCGCTTG-1,1,paclitaxel
Data8_sample_10_GGAAAGCTCTTGCCGT-1,1,paclitaxel
Data8_sample_10_GGAACTTAGCCGGTAA-1,1,paclitaxel
Data8_sample_10_GGAACTTGTAGCTAAA-1,1,paclitaxel
Data8_sample_10_GGAACTTGTGACAAAT-1,1,paclitaxel
Data8_sample_10_GGAACTTTCACGATGT-1,1,paclitaxel
Data8_sample_10_GGAATAAAGACTAGGC-1,1,paclitaxel
Data8_sample_10_GGAATAAAGCGACGTA-1,1,paclitaxel
Data8_sample_10_GGAATAACATCCCACT-1,1,paclitaxel
Data8_sample_10_GGAATAACATTAGGCT-1,1,paclitaxel
Data8_sample_10_GGAATAATCATCACCC-1,1,paclitaxel
Data8_sample_10_GGAATAATCCCATTAT-1,1,paclitaxel
Data8_sample_10_GGACAAGAGAGGTTAT-1,1,paclitaxel
Data8_sample_10_GGACAAGCAGACAAGC-1,1,paclitaxel
Data8_sample_10_GGACAAGCAGACGTAG-1,1,paclitaxel
Data8_sample_10_GGACAAGTCAGGCAAG-1,1,paclitaxel
Data8_sample_10_GGACAAGTCGGTTAAC-1,1,paclitaxel
Data8_sample_10_GGACAAGTCTATCCCG-1,1,paclitaxel
Data8_sample_10_GGACAGAAGTACGCGA-1,1,paclitaxel
Data8_sample_10_GGACAGAAGTAGCCGA-1,1,paclitaxel
Data8_sample_10_GGACAGACATTTGCTT-1,1,paclitaxel
Data8_sample_10_GGACAGAGTACTTAGC-1,1,paclitaxel
Data8_sample_10_GGACAGATCAGAAATG-1,1,paclitaxel
Data8_sample_10_GGACAGATCCATGAAC-1,1,paclitaxel
Data8_sample_10_GGACAGATCCGTCAAA-1,1,paclitaxel
Data8_sample_10_GGACAGATCCTAGAAC-1,1,paclitaxel
Data8_sample_10_GGACATTAGGAATTAC-1,1,paclitaxel
Data8_sample_10_GGACATTAGGATTCGG-1,1,paclitaxel
Data8_sample_10_GGACATTAGTAAGTAC-1,1,paclitaxel
Data8_sample_10_GGACATTGTGTGTGCC-1,1,paclitaxel
Data8_sample_10_GGACATTTCAAAGACA-1,1,paclitaxel
Data8_sample_10_GGACATTTCCTTTCGG-1,1,paclitaxel
Data8_sample_10_GGACGTCAGATATGGT-1,1,paclitaxel
Data8_sample_10_GGACGTCAGCATGGCA-1,1,paclitaxel
Data8_sample_10_GGACGTCCAGGCGATA-1,1,paclitaxel
Data8_sample_10_GGACGTCGTACTCAAC-1,1,paclitaxel
Data8_sample_10_GGACGTCGTAGCGCTC-1,1,paclitaxel
Data8_sample_10_GGACGTCGTTCGCGAC-1,1,paclitaxel
Data8_sample_10_GGAGCAAAGGTAGCCA-1,1,paclitaxel
Data8_sample_10_GGAGCAAAGTCCATAC-1,1,paclitaxel
Data8_sample_10_GGAGCAATCGAATGGG-1,1,paclitaxel
Data8_sample_10_GGAGCAATCTCTTATG-1,1,paclitaxel
Data8_sample_10_GGATGTTAGTACGTAA-1,1,paclitaxel
Data8_sample_10_GGATGTTCAACACCTA-1,1,paclitaxel
Data8_sample_10_GGATTACAGAGACTTA-1,1,paclitaxel
Data8_sample_10_GGATTACAGCTTTGGT-1,1,paclitaxel
Data8_sample_10_GGATTACAGTCGAGTG-1,1,paclitaxel
Data8_sample_10_GGATTACCAGTATGCT-1,1,paclitaxel
Data8_sample_10_GGATTACTCCAATGGT-1,1,paclitaxel
Data8_sample_10_GGATTACTCGCAGGCT-1,1,paclitaxel
Data8_sample_10_GGCAATTCAGTTAACC-1,1,paclitaxel
Data8_sample_10_GGCAATTTCAGGCCCA-1,1,paclitaxel
Data8_sample_10_GGCCGATAGCCAACAG-1,1,paclitaxel
Data8_sample_10_GGCCGATCACACGCTG-1,1,paclitaxel
Data8_sample_10_GGCCGATCAGACAAGC-1,1,paclitaxel
Data8_sample_10_GGCCGATGTTCAGGCC-1,1,paclitaxel
Data8_sample_10_GGCCGATTCAGCCTAA-1,1,paclitaxel
Data8_sample_10_GGCCGATTCCTCTAGC-1,1,paclitaxel
Data8_sample_10_GGCCGATTCCTTTACA-1,1,paclitaxel
Data8_sample_10_GGCGACTCAGCGAACA-1,1,paclitaxel
Data8_sample_10_GGCGACTCAGTCTTCC-1,1,paclitaxel
Data8_sample_10_GGCGACTGTCCCGACA-1,1,paclitaxel
Data8_sample_10_GGCGACTTCCGCTGTT-1,1,paclitaxel
Data8_sample_10_GGCGACTTCTGATTCT-1,1,paclitaxel
Data8_sample_10_GGCGTGTCAGCCTGTG-1,1,paclitaxel
Data8_sample_10_GGCGTGTCATGCCCGA-1,1,paclitaxel
Data8_sample_10_GGCGTGTCATTGGGCC-1,1,paclitaxel
Data8_sample_10_GGCGTGTTCGTCCGTT-1,1,paclitaxel
Data8_sample_10_GGCTCGAAGTATTGGA-1,1,paclitaxel
Data8_sample_10_GGCTCGACACCAGTTA-1,1,paclitaxel
Data8_sample_10_GGCTGGTGTATAGGGC-1,1,paclitaxel
Data8_sample_10_GGCTGGTGTCTGCAAT-1,1,paclitaxel
Data8_sample_10_GGGAATGAGTGTACCT-1,1,paclitaxel
Data8_sample_10_GGGAATGCAGATCCAT-1,1,paclitaxel
Data8_sample_10_GGGAATGGTGCAACGA-1,1,paclitaxel
Data8_sample_10_GGGACCTAGAAACCAT-1,1,paclitaxel
Data8_sample_10_GGGACCTAGGACACCA-1,1,paclitaxel
Data8_sample_10_GGGACCTCATACCATG-1,1,paclitaxel
Data8_sample_10_GGGACCTCATCTCGCT-1,1,paclitaxel
Data8_sample_10_GGGACCTGTCAGTGGA-1,1,paclitaxel
Data8_sample_10_GGGACCTGTTAAGATG-1,1,paclitaxel
Data8_sample_10_GGGACCTGTTAAGGGC-1,1,paclitaxel
Data8_sample_10_GGGAGATGTTCCACTC-1,1,paclitaxel
Data8_sample_10_GGGAGATTCCTACAGA-1,1,paclitaxel
Data8_sample_10_GGGAGATTCGTTTATC-1,1,paclitaxel
Data8_sample_10_GGGATGAAGACTGGGT-1,1,paclitaxel
Data8_sample_10_GGGATGAGTCTCTCTG-1,1,paclitaxel
Data8_sample_10_GGGATGAGTTTGCATG-1,1,paclitaxel
Data8_sample_10_GGGATGATCCCAACGG-1,1,paclitaxel
Data8_sample_10_GGGATGATCGCCTGTT-1,1,paclitaxel
Data8_sample_10_GGGCACTAGCTCCTTC-1,1,paclitaxel
Data8_sample_10_GGGCACTAGCTCTCGG-1,1,paclitaxel
Data8_sample_10_GGGCACTAGTGCGATG-1,1,paclitaxel
Data8_sample_10_GGGCACTCACCGATAT-1,1,paclitaxel
Data8_sample_10_GGGCACTGTAGGGTAC-1,1,paclitaxel
Data8_sample_10_GGGCATCGTGGGTCAA-1,1,paclitaxel
Data8_sample_10_GGGCATCGTGTCTGAT-1,1,paclitaxel
Data8_sample_10_GGGTCTGTCTGGTTCC-1,1,paclitaxel
Data8_sample_10_GGGTTGCGTGCACTTA-1,1,paclitaxel
Data8_sample_10_GGGTTGCGTGGTAACG-1,1,paclitaxel
Data8_sample_10_GGGTTGCTCCAAGCCG-1,1,paclitaxel
Data8_sample_10_GGTATTGCACTGTGTA-1,1,paclitaxel
Data8_sample_10_GGTATTGTCCTTTCTC-1,1,paclitaxel
Data8_sample_10_GGTATTGTCGTGGTCG-1,1,paclitaxel
Data8_sample_10_GGTGAAGAGACAGGCT-1,1,paclitaxel
Data8_sample_10_GGTGAAGAGCAGCCTC-1,1,paclitaxel
Data8_sample_10_GGTGAAGAGTATCTCG-1,1,paclitaxel
Data8_sample_10_GGTGAAGCAACAACCT-1,1,paclitaxel
Data8_sample_10_GGTGAAGGTGCTAGCC-1,1,paclitaxel
Data8_sample_10_GGTGCGTAGAGCTATA-1,1,paclitaxel
Data8_sample_10_GGTGCGTCAATCTGCA-1,1,paclitaxel
Data8_sample_10_GGTGCGTCAGCTCCGA-1,1,paclitaxel
Data8_sample_10_GGTGCGTGTGACTACT-1,1,paclitaxel
Data8_sample_10_GGTGCGTTCACTCTTA-1,1,paclitaxel
Data8_sample_10_GGTGTTAAGACGACGT-1,1,paclitaxel
Data8_sample_10_GGTGTTACAGCGAACA-1,1,paclitaxel
Data8_sample_10_GGTGTTATCCAGATCA-1,1,paclitaxel
Data8_sample_10_GGTGTTATCGAATGGG-1,1,paclitaxel
Data8_sample_10_GGTGTTATCTGTCCGT-1,1,paclitaxel
Data8_sample_10_GTAACGTGTTATGCGT-1,1,paclitaxel
Data8_sample_10_GTAACGTTCTTCATGT-1,1,paclitaxel
Data8_sample_10_GTAACTGAGGCTACGA-1,1,paclitaxel
Data8_sample_10_GTAACTGCATTGGTAC-1,1,paclitaxel
Data8_sample_10_GTAACTGGTAAATACG-1,1,paclitaxel
Data8_sample_10_GTAACTGGTAAGGATT-1,1,paclitaxel
Data8_sample_10_GTAACTGTCAGGTAAA-1,1,paclitaxel
Data8_sample_10_GTACGTATCCAGTAGT-1,1,paclitaxel
Data8_sample_10_GTACTCCAGTACGCCC-1,1,paclitaxel
Data8_sample_10_GTACTCCAGTGGAGAA-1,1,paclitaxel
Data8_sample_10_GTACTTTAGCCCAATT-1,1,paclitaxel
Data8_sample_10_GTACTTTGTCTTGTCC-1,1,paclitaxel
Data8_sample_10_GTACTTTTCCAAGTAC-1,1,paclitaxel
Data8_sample_10_GTACTTTTCCGTCAAA-1,1,paclitaxel
Data8_sample_10_GTACTTTTCTTCGGTC-1,1,paclitaxel
Data8_sample_10_GTAGGCCCACCAACCG-1,1,paclitaxel
Data8_sample_10_GTAGGCCTCCGCGCAA-1,1,paclitaxel
Data8_sample_10_GTAGGCCTCTTCGGTC-1,1,paclitaxel
Data8_sample_10_GTAGTCACACCAGATT-1,1,paclitaxel
Data8_sample_10_GTAGTCATCACTTATC-1,1,paclitaxel
Data8_sample_10_GTAGTCATCAGCACAT-1,1,paclitaxel
Data8_sample_10_GTAGTCATCCATGAAC-1,1,paclitaxel
Data8_sample_10_GTATCTTAGAGGTTGC-1,1,paclitaxel
Data8_sample_10_GTATCTTAGTTTGCGT-1,1,paclitaxel
Data8_sample_10_GTATCTTCACAGTCGC-1,1,paclitaxel
Data8_sample_10_GTATCTTCACTGTCGG-1,1,paclitaxel
Data8_sample_10_GTATCTTGTAGCTTGT-1,1,paclitaxel
Data8_sample_10_GTATCTTGTGTTTGTG-1,1,paclitaxel
Data8_sample_10_GTATCTTTCCAGTAGT-1,1,paclitaxel
Data8_sample_10_GTATCTTTCTCGAGTA-1,1,paclitaxel
Data8_sample_10_GTATTCTAGATGGCGT-1,1,paclitaxel
Data8_sample_10_GTATTCTAGTTCGCAT-1,1,paclitaxel
Data8_sample_10_GTATTCTGTAGAGTGC-1,1,paclitaxel
Data8_sample_10_GTCAAGTAGATCCTGT-1,1,paclitaxel
Data8_sample_10_GTCAAGTAGCCCAACC-1,1,paclitaxel
Data8_sample_10_GTCAAGTAGTATCGAA-1,1,paclitaxel
Data8_sample_10_GTCAAGTCAAAGGAAG-1,1,paclitaxel
Data8_sample_10_GTCAAGTGTACATCCA-1,1,paclitaxel
Data8_sample_10_GTCAAGTGTCGCCATG-1,1,paclitaxel
Data8_sample_10_GTCAAGTTCACGAAGG-1,1,paclitaxel
Data8_sample_10_GTCAAGTTCAGCGATT-1,1,paclitaxel
Data8_sample_10_GTCACAACAAACTGTC-1,1,paclitaxel
Data8_sample_10_GTCACAACACGACTCG-1,1,paclitaxel
Data8_sample_10_GTCACAACACTTCTGC-1,1,paclitaxel
Data8_sample_10_GTCACAACATTTGCCC-1,1,paclitaxel
Data8_sample_10_GTCACAAGTATCGCAT-1,1,paclitaxel
Data8_sample_10_GTCACAAGTTCTCATT-1,1,paclitaxel
Data8_sample_10_GTCACGGAGGCATTGG-1,1,paclitaxel
Data8_sample_10_GTCACGGCACCGATAT-1,1,paclitaxel
Data8_sample_10_GTCACGGCAGAAGCAC-1,1,paclitaxel
Data8_sample_10_GTCACGGCAGATGGGT-1,1,paclitaxel
Data8_sample_10_GTCACGGGTCATGCAT-1,1,paclitaxel
Data8_sample_10_GTCATTTAGAGGACGG-1,1,paclitaxel
Data8_sample_10_GTCATTTCAAGCGATG-1,1,paclitaxel
Data8_sample_10_GTCATTTCACGAGGTA-1,1,paclitaxel
Data8_sample_10_GTCATTTGTGCTAGCC-1,1,paclitaxel
Data8_sample_10_GTCATTTTCAGCACAT-1,1,paclitaxel
Data8_sample_10_GTCATTTTCCAAACAC-1,1,paclitaxel
Data8_sample_10_GTCATTTTCGACAGCC-1,1,paclitaxel
Data8_sample_10_GTCCTCAGTAAGCACG-1,1,paclitaxel
Data8_sample_10_GTCCTCATCGGCATCG-1,1,paclitaxel
Data8_sample_10_GTCCTCATCTTCGGTC-1,1,paclitaxel
Data8_sample_10_GTCGGGTAGTACGACG-1,1,paclitaxel
Data8_sample_10_GTCGGGTCATGCTGGC-1,1,paclitaxel
Data8_sample_10_GTCGGGTCATGGTAGG-1,1,paclitaxel
Data8_sample_10_GTCGGGTCATTGTGCA-1,1,paclitaxel
Data8_sample_10_GTCGGGTGTTCAGTAC-1,1,paclitaxel
Data8_sample_10_GTCGGGTTCATTGCCC-1,1,paclitaxel
Data8_sample_10_GTCGGGTTCGCCATAA-1,1,paclitaxel
Data8_sample_10_GTCGTAAAGAGACGAA-1,1,paclitaxel
Data8_sample_10_GTCGTAAAGGCTAGCA-1,1,paclitaxel
Data8_sample_10_GTCGTAAAGTCTCGGC-1,1,paclitaxel
Data8_sample_10_GTCGTAATCAATAAGG-1,1,paclitaxel
Data8_sample_10_GTCTTCGAGTCGATAA-1,1,paclitaxel
Data8_sample_10_GTCTTCGCACGCATCG-1,1,paclitaxel
Data8_sample_10_GTCTTCGCAGAGCCAA-1,1,paclitaxel
Data8_sample_10_GTCTTCGTCGTGACAT-1,1,paclitaxel
Data8_sample_10_GTCTTCGTCTTGACGA-1,1,paclitaxel
Data8_sample_10_GTGAAGGCACGTCTCT-1,1,paclitaxel
Data8_sample_10_GTGAAGGGTCTCCACT-1,1,paclitaxel
Data8_sample_10_GTGAAGGTCTACTTAC-1,1,paclitaxel
Data8_sample_10_GTGCAGCAGTCCGTAT-1,1,paclitaxel
Data8_sample_10_GTGCAGCCAATGGAGC-1,1,paclitaxel
Data8_sample_10_GTGCAGCCAGCTGTGC-1,1,paclitaxel
Data8_sample_10_GTGCAGCCAGGGAGAG-1,1,paclitaxel
Data8_sample_10_GTGCAGCCATGTCCTC-1,1,paclitaxel
Data8_sample_10_GTGCAGCGTCGAATCT-1,1,paclitaxel
Data8_sample_10_GTGCAGCTCAGTTTGG-1,1,paclitaxel
Data8_sample_10_GTGCATAAGCTGTCTA-1,1,paclitaxel
Data8_sample_10_GTGCATATCCAGTAGT-1,1,paclitaxel
Data8_sample_10_GTGCGGTAGAGGTTAT-1,1,paclitaxel
Data8_sample_10_GTGCGGTAGGCTCTTA-1,1,paclitaxel
Data8_sample_10_GTGCGGTCACATCTTT-1,1,paclitaxel
Data8_sample_10_GTGCGGTCAGGTGGAT-1,1,paclitaxel
Data8_sample_10_GTGCGGTGTCTACCTC-1,1,paclitaxel
Data8_sample_10_GTGCGGTGTTAGAACA-1,1,paclitaxel
Data8_sample_10_GTGCTTCAGGGTCTCC-1,1,paclitaxel
Data8_sample_10_GTGCTTCAGTTCGCAT-1,1,paclitaxel
Data8_sample_10_GTGCTTCGTATAAACG-1,1,paclitaxel
Data8_sample_10_GTGCTTCGTCTCGTTC-1,1,paclitaxel
Data8_sample_10_GTGCTTCGTTGGAGGT-1,1,paclitaxel
Data8_sample_10_GTGGGTCAGTGGGATC-1,1,paclitaxel
Data8_sample_10_GTGGGTCCAATGCCAT-1,1,paclitaxel
Data8_sample_10_GTGTGCGAGACGACGT-1,1,paclitaxel
Data8_sample_10_GTGTGCGAGCTAGGCA-1,1,paclitaxel
Data8_sample_10_GTGTGCGCAACTGCTA-1,1,paclitaxel
Data8_sample_10_GTGTGCGGTTACGGAG-1,1,paclitaxel
Data8_sample_10_GTGTTAGAGAACTCGG-1,1,paclitaxel
Data8_sample_10_GTGTTAGAGGTCGGAT-1,1,paclitaxel
Data8_sample_10_GTGTTAGCAAGCGATG-1,1,paclitaxel
Data8_sample_10_GTGTTAGCATCTATGG-1,1,paclitaxel
Data8_sample_10_GTTAAGCAGAGCAATT-1,1,paclitaxel
Data8_sample_10_GTTAAGCCACAAGTAA-1,1,paclitaxel
Data8_sample_10_GTTAAGCCATGGTCAT-1,1,paclitaxel
Data8_sample_10_GTTAAGCGTATAGGGC-1,1,paclitaxel
Data8_sample_10_GTTAAGCTCAAAGACA-1,1,paclitaxel
Data8_sample_10_GTTACAGCAAACCCAT-1,1,paclitaxel
Data8_sample_10_GTTACAGGTAGGACAC-1,1,paclitaxel
Data8_sample_10_GTTCATTAGCGTTTAC-1,1,paclitaxel
Data8_sample_10_GTTCATTCAACCGCCA-1,1,paclitaxel
Data8_sample_10_GTTCATTCACATCCAA-1,1,paclitaxel
Data8_sample_10_GTTCATTGTAAGAGAG-1,1,paclitaxel
Data8_sample_10_GTTCATTTCGCATGGC-1,1,paclitaxel
Data8_sample_10_GTTCATTTCGTAGGTT-1,1,paclitaxel
Data8_sample_10_GTTCGGGAGGCCCTTG-1,1,paclitaxel
Data8_sample_10_GTTCGGGGTCCCGACA-1,1,paclitaxel
Data8_sample_10_GTTCGGGGTTCAGGCC-1,1,paclitaxel
Data8_sample_10_GTTCTCGAGTTGAGTA-1,1,paclitaxel
Data8_sample_10_GTTCTCGGTATATGAG-1,1,paclitaxel
Data8_sample_10_GTTCTCGGTCGCTTTC-1,1,paclitaxel
Data8_sample_10_GTTCTCGGTGCTCTTC-1,1,paclitaxel
Data8_sample_10_GTTCTCGGTGGACGAT-1,1,paclitaxel
Data8_sample_10_GTTCTCGTCCAAACTG-1,1,paclitaxel
Data8_sample_10_GTTCTCGTCTGATTCT-1,1,paclitaxel
Data8_sample_10_GTTTCTAAGCTAACAA-1,1,paclitaxel
Data8_sample_10_GTTTCTAGTACCAGTT-1,1,paclitaxel
Data8_sample_10_GTTTCTATCCGCTGTT-1,1,paclitaxel
Data8_sample_10_TAAACCGAGGCCCTTG-1,1,paclitaxel
Data8_sample_10_TAAACCGAGTAGTGCG-1,1,paclitaxel
Data8_sample_10_TAAACCGCATGCTGGC-1,1,paclitaxel
Data8_sample_10_TAAACCGGTTACGACT-1,1,paclitaxel
Data8_sample_10_TAAACCGTCGTCCAGG-1,1,paclitaxel
Data8_sample_10_TAAGAGAAGCCACCTG-1,1,paclitaxel
Data8_sample_10_TAAGAGAAGTCCGTAT-1,1,paclitaxel
Data8_sample_10_TAAGAGACAGCAGTTT-1,1,paclitaxel
Data8_sample_10_TAAGAGAGTAGGGACT-1,1,paclitaxel
Data8_sample_10_TAAGAGAGTCTTGTCC-1,1,paclitaxel
Data8_sample_10_TAAGCGTGTTTGTGTG-1,1,paclitaxel
Data8_sample_10_TAAGCGTTCCCACTTG-1,1,paclitaxel
Data8_sample_10_TAAGTGCCAATGCCAT-1,1,paclitaxel
Data8_sample_10_TAAGTGCCAGACGTAG-1,1,paclitaxel
Data8_sample_10_TAAGTGCGTCCGACGT-1,1,paclitaxel
Data8_sample_10_TAAGTGCTCACCAGGC-1,1,paclitaxel
Data8_sample_10_TAAGTGCTCAGTGTTG-1,1,paclitaxel
Data8_sample_10_TAAGTGCTCCTTGGTC-1,1,paclitaxel
Data8_sample_10_TACACGAGTACTTAGC-1,1,paclitaxel
Data8_sample_10_TACACGATCAATACCG-1,1,paclitaxel
Data8_sample_10_TACACGATCGAGCCCA-1,1,paclitaxel
Data8_sample_10_TACAGTGCATCGATGT-1,1,paclitaxel
Data8_sample_10_TACAGTGGTACTTAGC-1,1,paclitaxel
Data8_sample_10_TACCTATAGAATGTTG-1,1,paclitaxel
Data8_sample_10_TACCTATAGAGACGAA-1,1,paclitaxel
Data8_sample_10_TACCTATCAAAGCAAT-1,1,paclitaxel
Data8_sample_10_TACCTATCAGACAAAT-1,1,paclitaxel
Data8_sample_10_TACCTATCAGGGTATG-1,1,paclitaxel
Data8_sample_10_TACCTATCATCGTCGG-1,1,paclitaxel
Data8_sample_10_TACCTATGTCAAGCGA-1,1,paclitaxel
Data8_sample_10_TACCTATGTCGAACAG-1,1,paclitaxel
Data8_sample_10_TACCTTAAGTGTGAAT-1,1,paclitaxel
Data8_sample_10_TACCTTACAATTCCTT-1,1,paclitaxel
Data8_sample_10_TACCTTATCAGCTGGC-1,1,paclitaxel
Data8_sample_10_TACCTTATCATCGATG-1,1,paclitaxel
Data8_sample_10_TACGGATAGAAACCAT-1,1,paclitaxel
Data8_sample_10_TACGGATCATCGGGTC-1,1,paclitaxel
Data8_sample_10_TACGGGCAGAGACGAA-1,1,paclitaxel
Data8_sample_10_TACGGGCCACCGAAAG-1,1,paclitaxel
Data8_sample_10_TACGGGCCAGGTTTCA-1,1,paclitaxel
Data8_sample_10_TACGGTAAGCCTCGTG-1,1,paclitaxel
Data8_sample_10_TACGGTATCTGCGACG-1,1,paclitaxel
Data8_sample_10_TACTCATAGCCGATTT-1,1,paclitaxel
Data8_sample_10_TACTCATAGCGATTCT-1,1,paclitaxel
Data8_sample_10_TACTCATCAAGCCGCT-1,1,paclitaxel
Data8_sample_10_TACTCATCACTCTGTC-1,1,paclitaxel
Data8_sample_10_TACTCATCATGGTAGG-1,1,paclitaxel
Data8_sample_10_TACTCATGTGCGGTAA-1,1,paclitaxel
Data8_sample_10_TACTCATTCAAACCAC-1,1,paclitaxel
Data8_sample_10_TACTCATTCTGCGTAA-1,1,paclitaxel
Data8_sample_10_TACTCGCCAAGTCTGT-1,1,paclitaxel
Data8_sample_10_TACTCGCGTACATCCA-1,1,paclitaxel
Data8_sample_10_TACTTACGTAGGCTGA-1,1,paclitaxel
Data8_sample_10_TACTTACGTCAGGACA-1,1,paclitaxel
Data8_sample_10_TACTTACGTGTGGCTC-1,1,paclitaxel
Data8_sample_10_TACTTACGTGTTCTTT-1,1,paclitaxel
Data8_sample_10_TACTTACTCCTCAATT-1,1,paclitaxel
Data8_sample_10_TACTTGTAGAGCTGCA-1,1,paclitaxel
Data8_sample_10_TACTTGTAGCTAAACA-1,1,paclitaxel
Data8_sample_10_TACTTGTAGGATGCGT-1,1,paclitaxel
Data8_sample_10_TACTTGTAGGCACATG-1,1,paclitaxel
Data8_sample_10_TACTTGTAGTCAATAG-1,1,paclitaxel
Data8_sample_10_TACTTGTCAGTATCTG-1,1,paclitaxel
Data8_sample_10_TACTTGTGTAGGCTGA-1,1,paclitaxel
Data8_sample_10_TACTTGTGTCAACTGT-1,1,paclitaxel
Data8_sample_10_TAGACCAAGACAATAC-1,1,paclitaxel
Data8_sample_10_TAGACCAAGCAATATG-1,1,paclitaxel
Data8_sample_10_TAGACCAAGGAGTCTG-1,1,paclitaxel
Data8_sample_10_TAGACCACATTCCTCG-1,1,paclitaxel
Data8_sample_10_TAGACCAGTACCGTAT-1,1,paclitaxel
Data8_sample_10_TAGACCAGTAGGCATG-1,1,paclitaxel
Data8_sample_10_TAGACCAGTTGCTCCT-1,1,paclitaxel
Data8_sample_10_TAGACCATCAACACAC-1,1,paclitaxel
Data8_sample_10_TAGACCATCAGAAATG-1,1,paclitaxel
Data8_sample_10_TAGACCATCGTACGGC-1,1,paclitaxel
Data8_sample_10_TAGACCATCTCGCATC-1,1,paclitaxel
Data8_sample_10_TAGAGCTAGATATGGT-1,1,paclitaxel
Data8_sample_10_TAGAGCTAGTTGTCGT-1,1,paclitaxel
Data8_sample_10_TAGAGCTGTCTTCAAG-1,1,paclitaxel
Data8_sample_10_TAGAGCTTCCCAAGAT-1,1,paclitaxel
Data8_sample_10_TAGAGCTTCTCACATT-1,1,paclitaxel
Data8_sample_10_TAGAGCTTCTTGAGAC-1,1,paclitaxel
Data8_sample_10_TAGCCGGGTATTCTCT-1,1,paclitaxel
Data8_sample_10_TAGCCGGTCGTTTATC-1,1,paclitaxel
Data8_sample_10_TAGGCATAGATGGCGT-1,1,paclitaxel
Data8_sample_10_TAGTGGTAGAGGTACC-1,1,paclitaxel
Data8_sample_10_TAGTGGTCAACACCCG-1,1,paclitaxel
Data8_sample_10_TAGTGGTGTAGGCTGA-1,1,paclitaxel
Data8_sample_10_TAGTGGTGTCGAGTTT-1,1,paclitaxel
Data8_sample_10_TAGTGGTGTCTGCAAT-1,1,paclitaxel
Data8_sample_10_TAGTGGTTCCGGCACA-1,1,paclitaxel
Data8_sample_10_TAGTGGTTCGTCTGCT-1,1,paclitaxel
Data8_sample_10_TAGTTGGCAAAGGTGC-1,1,paclitaxel
Data8_sample_10_TAGTTGGCAAGCGAGT-1,1,paclitaxel
Data8_sample_10_TAGTTGGCAATGTAAG-1,1,paclitaxel
Data8_sample_10_TAGTTGGCACCGATAT-1,1,paclitaxel
Data8_sample_10_TAGTTGGCACTCAGGC-1,1,paclitaxel
Data8_sample_10_TAGTTGGCACTGCCAG-1,1,paclitaxel
Data8_sample_10_TAGTTGGCATGTCTCC-1,1,paclitaxel
Data8_sample_10_TAGTTGGGTACTCGCG-1,1,paclitaxel
Data8_sample_10_TAGTTGGGTGTCAATC-1,1,paclitaxel
Data8_sample_10_TAGTTGGGTTCTGGTA-1,1,paclitaxel
Data8_sample_10_TATCAGGAGTCCAGGA-1,1,paclitaxel
Data8_sample_10_TATCAGGCATGCTGGC-1,1,paclitaxel
Data8_sample_10_TATCAGGGTTGCGTTA-1,1,paclitaxel
Data8_sample_10_TATCAGGTCAGTTGAC-1,1,paclitaxel
Data8_sample_10_TATCAGGTCCTGCTTG-1,1,paclitaxel
Data8_sample_10_TATCAGGTCTACCTGC-1,1,paclitaxel
Data8_sample_10_TATCTCAAGAGTGACC-1,1,paclitaxel
Data8_sample_10_TATCTCACATCCCATC-1,1,paclitaxel
Data8_sample_10_TATCTCAGTGGTCCGT-1,1,paclitaxel
Data8_sample_10_TATCTCATCACAGTAC-1,1,paclitaxel
Data8_sample_10_TATCTCATCGGATGGA-1,1,paclitaxel
Data8_sample_10_TATGCCCAGGATGTAT-1,1,paclitaxel
Data8_sample_10_TATGCCCGTAGGGTAC-1,1,paclitaxel
Data8_sample_10_TATGCCCTCACCCTCA-1,1,paclitaxel
Data8_sample_10_TATGCCCTCATCGCTC-1,1,paclitaxel
Data8_sample_10_TATGCCCTCCCAACGG-1,1,paclitaxel
Data8_sample_10_TATGCCCTCTGGGCCA-1,1,paclitaxel
Data8_sample_10_TATTACCAGAGACGAA-1,1,paclitaxel
Data8_sample_10_TATTACCAGGAATCGC-1,1,paclitaxel
Data8_sample_10_TATTACCAGGACAGCT-1,1,paclitaxel
Data8_sample_10_TATTACCAGTCCCACG-1,1,paclitaxel
Data8_sample_10_TATTACCCAAGAAAGG-1,1,paclitaxel
Data8_sample_10_TATTACCCAGCATACT-1,1,paclitaxel
Data8_sample_10_TATTACCCAGTCACTA-1,1,paclitaxel
Data8_sample_10_TATTACCTCCCAACGG-1,1,paclitaxel
Data8_sample_10_TCAATCTAGAATTGTG-1,1,paclitaxel
Data8_sample_10_TCAATCTAGATCCCGC-1,1,paclitaxel
Data8_sample_10_TCAATCTCAAGGACTG-1,1,paclitaxel
Data8_sample_10_TCAATCTGTACGACCC-1,1,paclitaxel
Data8_sample_10_TCAATCTGTATAATGG-1,1,paclitaxel
Data8_sample_10_TCAATCTTCCCTGACT-1,1,paclitaxel
Data8_sample_10_TCAATCTTCTTACCTA-1,1,paclitaxel
Data8_sample_10_TCACAAGCATCCGGGT-1,1,paclitaxel
Data8_sample_10_TCACAAGGTTCACCTC-1,1,paclitaxel
Data8_sample_10_TCACGAACAAAGGTGC-1,1,paclitaxel
Data8_sample_10_TCACGAACAAGAAGAG-1,1,paclitaxel
Data8_sample_10_TCAGATGAGATATGCA-1,1,paclitaxel
Data8_sample_10_TCAGATGAGATGTAAC-1,1,paclitaxel
Data8_sample_10_TCAGATGAGCTGTTCA-1,1,paclitaxel
Data8_sample_10_TCAGATGAGTGGGCTA-1,1,paclitaxel
Data8_sample_10_TCAGATGTCAAGATCC-1,1,paclitaxel
Data8_sample_10_TCAGCAAAGAAACGAG-1,1,paclitaxel
Data8_sample_10_TCAGCAACAAGGACAC-1,1,paclitaxel
Data8_sample_10_TCAGCAACACTAGTAC-1,1,paclitaxel
Data8_sample_10_TCAGCAACATTCTTAC-1,1,paclitaxel
Data8_sample_10_TCAGCTCAGCAGATCG-1,1,paclitaxel
Data8_sample_10_TCAGCTCAGTAGTGCG-1,1,paclitaxel
Data8_sample_10_TCAGCTCCACGGCCAT-1,1,paclitaxel
Data8_sample_10_TCAGCTCGTCAGCTAT-1,1,paclitaxel
Data8_sample_10_TCAGCTCTCTCCAACC-1,1,paclitaxel
Data8_sample_10_TCAGCTCTCTCGAGTA-1,1,paclitaxel
Data8_sample_10_TCAGCTCTCTTCGAGA-1,1,paclitaxel
Data8_sample_10_TCAGGATAGCACCGTC-1,1,paclitaxel
Data8_sample_10_TCAGGATCACAAGTAA-1,1,paclitaxel
Data8_sample_10_TCAGGATGTCTGGTCG-1,1,paclitaxel
Data8_sample_10_TCAGGATGTGTGCCTG-1,1,paclitaxel
Data8_sample_10_TCAGGATGTTGATTCG-1,1,paclitaxel
Data8_sample_10_TCAGGATTCTTACCTA-1,1,paclitaxel
Data8_sample_10_TCAGGTAAGAGGTAGA-1,1,paclitaxel
Data8_sample_10_TCAGGTAAGGCTCATT-1,1,paclitaxel
Data8_sample_10_TCAGGTACAAAGGCGT-1,1,paclitaxel
Data8_sample_10_TCAGGTACACCGAATT-1,1,paclitaxel
Data8_sample_10_TCAGGTACAGGAATCG-1,1,paclitaxel
Data8_sample_10_TCAGGTAGTCTCTTTA-1,1,paclitaxel
Data8_sample_10_TCAGGTAGTCTGGTCG-1,1,paclitaxel
Data8_sample_10_TCAGGTAGTGAACCTT-1,1,paclitaxel
Data8_sample_10_TCAGGTATCGATCCCT-1,1,paclitaxel
Data8_sample_10_TCAGGTATCTCAACTT-1,1,paclitaxel
Data8_sample_10_TCATTACAGGAGTTTA-1,1,paclitaxel
Data8_sample_10_TCATTACAGGTCATCT-1,1,paclitaxel
Data8_sample_10_TCATTACAGTGACATA-1,1,paclitaxel
Data8_sample_10_TCATTTGAGCTACCGC-1,1,paclitaxel
Data8_sample_10_TCATTTGCAGATGAGC-1,1,paclitaxel
Data8_sample_10_TCATTTGCAGTATCTG-1,1,paclitaxel
Data8_sample_10_TCATTTGGTCTAGTGT-1,1,paclitaxel
Data8_sample_10_TCATTTGTCACTTCAT-1,1,paclitaxel
Data8_sample_10_TCATTTGTCTATCCTA-1,1,paclitaxel
Data8_sample_10_TCCACACGTCCGAACC-1,1,paclitaxel
Data8_sample_10_TCCACACGTCGTTGTA-1,1,paclitaxel
Data8_sample_10_TCCCGATCAGCTATTG-1,1,paclitaxel
Data8_sample_10_TCGAGGCAGGTAGCTG-1,1,paclitaxel
Data8_sample_10_TCGAGGCAGTACGACG-1,1,paclitaxel
Data8_sample_10_TCGAGGCAGTGCTGCC-1,1,paclitaxel
Data8_sample_10_TCGAGGCAGTGTCTCA-1,1,paclitaxel
Data8_sample_10_TCGAGGCCAAACCTAC-1,1,paclitaxel
Data8_sample_10_TCGAGGCGTACAGACG-1,1,paclitaxel
Data8_sample_10_TCGCGAGAGAGTCTGG-1,1,paclitaxel
Data8_sample_10_TCGCGAGAGATGTGGC-1,1,paclitaxel
Data8_sample_10_TCGCGAGAGGACCACA-1,1,paclitaxel
Data8_sample_10_TCGCGAGCAGATTGCT-1,1,paclitaxel
Data8_sample_10_TCGCGAGGTGAGGCTA-1,1,paclitaxel
Data8_sample_10_TCGCGAGTCGTCTGCT-1,1,paclitaxel
Data8_sample_10_TCGCGAGTCTGGAGCC-1,1,paclitaxel
Data8_sample_10_TCGCGTTCATCTGGTA-1,1,paclitaxel
Data8_sample_10_TCGCGTTGTACCGAGA-1,1,paclitaxel
Data8_sample_10_TCGCGTTGTCAGAAGC-1,1,paclitaxel
Data8_sample_10_TCGCGTTTCCGCGCAA-1,1,paclitaxel
Data8_sample_10_TCGCGTTTCTGCTGCT-1,1,paclitaxel
Data8_sample_10_TCGGGACAGCTGAACG-1,1,paclitaxel
Data8_sample_10_TCGGGACTCCTGTAGA-1,1,paclitaxel
Data8_sample_10_TCGGGACTCTGCAAGT-1,1,paclitaxel
Data8_sample_10_TCGGTAAAGATCTGAA-1,1,paclitaxel
Data8_sample_10_TCGGTAAAGCAGCCTC-1,1,paclitaxel
Data8_sample_10_TCGGTAAAGTCATGCT-1,1,paclitaxel
Data8_sample_10_TCGGTAACAACTGCTA-1,1,paclitaxel
Data8_sample_10_TCGGTAACAATTCCTT-1,1,paclitaxel
Data8_sample_10_TCGGTAACACAAGCCC-1,1,paclitaxel
Data8_sample_10_TCGGTAATCTATCGCC-1,1,paclitaxel
Data8_sample_10_TCGTACCAGCGTCAAG-1,1,paclitaxel
Data8_sample_10_TCGTACCAGTACGATA-1,1,paclitaxel
Data8_sample_10_TCGTACCCACAGAGGT-1,1,paclitaxel
Data8_sample_10_TCGTACCCATTGGTAC-1,1,paclitaxel
Data8_sample_10_TCGTACCGTGGTAACG-1,1,paclitaxel
Data8_sample_10_TCGTAGAAGGCTACGA-1,1,paclitaxel
Data8_sample_10_TCGTAGATCACGCGGT-1,1,paclitaxel
Data8_sample_10_TCTATTGGTCTCCCTA-1,1,paclitaxel
Data8_sample_10_TCTCATACATATGGTC-1,1,paclitaxel
Data8_sample_10_TCTCATAGTAGCTTGT-1,1,paclitaxel
Data8_sample_10_TCTCATAGTATCTGCA-1,1,paclitaxel
Data8_sample_10_TCTCTAAAGAGAGCTC-1,1,paclitaxel
Data8_sample_10_TCTCTAAAGCCACCTG-1,1,paclitaxel
Data8_sample_10_TCTCTAACACTCAGGC-1,1,paclitaxel
Data8_sample_10_TCTCTAACATAAGACA-1,1,paclitaxel
Data8_sample_10_TCTCTAAGTGCGATAG-1,1,paclitaxel
Data8_sample_10_TCTCTAATCGCCCTTA-1,1,paclitaxel
Data8_sample_10_TCTGAGAAGAAACCGC-1,1,paclitaxel
Data8_sample_10_TCTGAGACAATCTACG-1,1,paclitaxel
Data8_sample_10_TCTGAGACACGACGAA-1,1,paclitaxel
Data8_sample_10_TCTGAGAGTGCCTGTG-1,1,paclitaxel
Data8_sample_10_TCTGGAAAGCTGGAAC-1,1,paclitaxel
Data8_sample_10_TCTGGAAAGTCAATAG-1,1,paclitaxel
Data8_sample_10_TCTGGAAAGTCCATAC-1,1,paclitaxel
Data8_sample_10_TCTGGAACACGCCAGT-1,1,paclitaxel
Data8_sample_10_TCTGGAATCAAACAAG-1,1,paclitaxel
Data8_sample_10_TCTGGAATCGCAAACT-1,1,paclitaxel
Data8_sample_10_TCTTCGGAGAATGTTG-1,1,paclitaxel
Data8_sample_10_TCTTCGGAGGAGTCTG-1,1,paclitaxel
Data8_sample_10_TCTTCGGAGTAACCCT-1,1,paclitaxel
Data8_sample_10_TCTTCGGCAGATAATG-1,1,paclitaxel
Data8_sample_10_TCTTCGGTCTATCCTA-1,1,paclitaxel
Data8_sample_10_TCTTTCCCACAGGAGT-1,1,paclitaxel
Data8_sample_10_TCTTTCCCATGGGAAC-1,1,paclitaxel
Data8_sample_10_TCTTTCCGTACCCAAT-1,1,paclitaxel
Data8_sample_10_TGAAAGAAGCGATGAC-1,1,paclitaxel
Data8_sample_10_TGAAAGAAGTTGCAGG-1,1,paclitaxel
Data8_sample_10_TGAAAGAGTCTCATCC-1,1,paclitaxel
Data8_sample_10_TGAAAGATCGGCGCTA-1,1,paclitaxel
Data8_sample_10_TGAAAGATCTGCGTAA-1,1,paclitaxel
Data8_sample_10_TGACAACGTGCTAGCC-1,1,paclitaxel
Data8_sample_10_TGACAACTCGTGGTCG-1,1,paclitaxel
Data8_sample_10_TGACGGCCACACCGAC-1,1,paclitaxel
Data8_sample_10_TGACGGCGTATATGGA-1,1,paclitaxel
Data8_sample_10_TGACTAGAGGTGCTAG-1,1,paclitaxel
Data8_sample_10_TGACTAGCAGGATTGG-1,1,paclitaxel
Data8_sample_10_TGACTAGCAGGTCGTC-1,1,paclitaxel
Data8_sample_10_TGACTAGGTGGTGTAG-1,1,paclitaxel
Data8_sample_10_TGACTAGGTTTACTCT-1,1,paclitaxel
Data8_sample_10_TGACTAGTCACTGGGC-1,1,paclitaxel
Data8_sample_10_TGACTTTAGTGTCTCA-1,1,paclitaxel
Data8_sample_10_TGACTTTCAACCGCCA-1,1,paclitaxel
Data8_sample_10_TGACTTTGTCGACTAT-1,1,paclitaxel
Data8_sample_10_TGACTTTGTGGCAAAC-1,1,paclitaxel
Data8_sample_10_TGAGAGGAGAGTCTGG-1,1,paclitaxel
Data8_sample_10_TGAGAGGAGATATACG-1,1,paclitaxel
Data8_sample_10_TGAGCATAGTACGCCC-1,1,paclitaxel
Data8_sample_10_TGAGCATCAGACGCAA-1,1,paclitaxel
Data8_sample_10_TGAGCATCATCCGGGT-1,1,paclitaxel
Data8_sample_10_TGAGCATTCTACCTGC-1,1,paclitaxel
Data8_sample_10_TGAGCCGAGCCTATGT-1,1,paclitaxel
Data8_sample_10_TGAGCCGCAGTCGATT-1,1,paclitaxel
Data8_sample_10_TGAGCCGTCAGTGCAT-1,1,paclitaxel
Data8_sample_10_TGAGCCGTCCCGGATG-1,1,paclitaxel
Data8_sample_10_TGAGCCGTCCTGCAGG-1,1,paclitaxel
Data8_sample_10_TGAGGGAAGAGTGAGA-1,1,paclitaxel
Data8_sample_10_TGAGGGACAAACGTGG-1,1,paclitaxel
Data8_sample_10_TGAGGGATCCCACTTG-1,1,paclitaxel
Data8_sample_10_TGATTTCAGGACATTA-1,1,paclitaxel
Data8_sample_10_TGATTTCAGTGTGGCA-1,1,paclitaxel
Data8_sample_10_TGATTTCCAATGGTCT-1,1,paclitaxel
Data8_sample_10_TGATTTCCAGCCTTGG-1,1,paclitaxel
Data8_sample_10_TGATTTCGTCCTCTTG-1,1,paclitaxel
Data8_sample_10_TGATTTCGTTCCTCCA-1,1,paclitaxel
Data8_sample_10_TGATTTCTCGGTTCGG-1,1,paclitaxel
Data8_sample_10_TGCACCTAGAATTCCC-1,1,paclitaxel
Data8_sample_10_TGCACCTGTGGGTCAA-1,1,paclitaxel
Data8_sample_10_TGCACCTTCAACACGT-1,1,paclitaxel
Data8_sample_10_TGCACCTTCGCGTAGC-1,1,paclitaxel
Data8_sample_10_TGCCAAAAGCTTCGCG-1,1,paclitaxel
Data8_sample_10_TGCCAAAAGTGGAGAA-1,1,paclitaxel
Data8_sample_10_TGCCAAAGTATCGCAT-1,1,paclitaxel
Data8_sample_10_TGCCAAAGTGACAAAT-1,1,paclitaxel
Data8_sample_10_TGCCAAATCCGCAAGC-1,1,paclitaxel
Data8_sample_10_TGCCAAATCGTCTGCT-1,1,paclitaxel
Data8_sample_10_TGCCAAATCTCTTATG-1,1,paclitaxel
Data8_sample_10_TGCCAAATCTTCATGT-1,1,paclitaxel
Data8_sample_10_TGCCCATAGAGTCGGT-1,1,paclitaxel
Data8_sample_10_TGCCCATAGTGGTAGC-1,1,paclitaxel
Data8_sample_10_TGCCCATCAATAGCGG-1,1,paclitaxel
Data8_sample_10_TGCCCATCATGACATC-1,1,paclitaxel
Data8_sample_10_TGCCCATGTCGTCTTC-1,1,paclitaxel
Data8_sample_10_TGCCCATTCAACGGGA-1,1,paclitaxel
Data8_sample_10_TGCCCATTCACCCTCA-1,1,paclitaxel
Data8_sample_10_TGCCCTAAGCCTATGT-1,1,paclitaxel
Data8_sample_10_TGCCCTAAGCGAGAAA-1,1,paclitaxel
Data8_sample_10_TGCCCTAAGGTGATTA-1,1,paclitaxel
Data8_sample_10_TGCCCTACAGACGCAA-1,1,paclitaxel
Data8_sample_10_TGCCCTACATGCCTTC-1,1,paclitaxel
Data8_sample_10_TGCCCTACATTATCTC-1,1,paclitaxel
Data8_sample_10_TGCCCTATCTATCCTA-1,1,paclitaxel
Data8_sample_10_TGCCCTATCTGCCCTA-1,1,paclitaxel
Data8_sample_10_TGCGCAGTCGAGAGCA-1,1,paclitaxel
Data8_sample_10_TGCGGGTCAGAAGCAC-1,1,paclitaxel
Data8_sample_10_TGCGGGTGTATATCCG-1,1,paclitaxel
Data8_sample_10_TGCGTGGAGCTATGCT-1,1,paclitaxel
Data8_sample_10_TGCGTGGAGGAATCGC-1,1,paclitaxel
Data8_sample_10_TGCGTGGAGGCAGGTT-1,1,paclitaxel
Data8_sample_10_TGCGTGGGTGTTGAGG-1,1,paclitaxel
Data8_sample_10_TGCTACCCAGACAGGT-1,1,paclitaxel
Data8_sample_10_TGCTGCTCAAGTCTGT-1,1,paclitaxel
Data8_sample_10_TGCTGCTCATTGGGCC-1,1,paclitaxel
Data8_sample_10_TGCTGCTTCTCAAACG-1,1,paclitaxel
Data8_sample_10_TGGACGCCAATAAGCA-1,1,paclitaxel
Data8_sample_10_TGGACGCCAATGGATA-1,1,paclitaxel
Data8_sample_10_TGGACGCGTCGAGATG-1,1,paclitaxel
Data8_sample_10_TGGACGCTCTAAGCCA-1,1,paclitaxel
Data8_sample_10_TGGCCAGAGGAGTTGC-1,1,paclitaxel
Data8_sample_10_TGGCCAGCACCACCAG-1,1,paclitaxel
Data8_sample_10_TGGCCAGCACTTAAGC-1,1,paclitaxel
Data8_sample_10_TGGCGCACAGGTTTCA-1,1,paclitaxel
Data8_sample_10_TGGCGCAGTAGGCATG-1,1,paclitaxel
Data8_sample_10_TGGCTGGAGCTACCGC-1,1,paclitaxel
Data8_sample_10_TGGCTGGCAATCGAAA-1,1,paclitaxel
Data8_sample_10_TGGCTGGCAGATTGCT-1,1,paclitaxel
Data8_sample_10_TGGCTGGTCTGGTATG-1,1,paclitaxel
Data8_sample_10_TGGGAAGCATAAGACA-1,1,paclitaxel
Data8_sample_10_TGGGAAGTCACTTATC-1,1,paclitaxel
Data8_sample_10_TGGGAAGTCAGCATGT-1,1,paclitaxel
Data8_sample_10_TGGGCGTCATTTCAGG-1,1,paclitaxel
Data8_sample_10_TGGGCGTGTAACGCGA-1,1,paclitaxel
Data8_sample_10_TGGTTAGAGCTGTCTA-1,1,paclitaxel
Data8_sample_10_TGGTTAGAGGGAACGG-1,1,paclitaxel
Data8_sample_10_TGGTTAGGTGTTTGTG-1,1,paclitaxel
Data8_sample_10_TGGTTCCAGCGGCTTC-1,1,paclitaxel
Data8_sample_10_TGGTTCCAGCTACCGC-1,1,paclitaxel
Data8_sample_10_TGGTTCCAGGCGTACA-1,1,paclitaxel
Data8_sample_10_TGGTTCCGTACTCTCC-1,1,paclitaxel
Data8_sample_10_TGGTTCCGTGAGGCTA-1,1,paclitaxel
Data8_sample_10_TGGTTCCGTGCTTCTC-1,1,paclitaxel
Data8_sample_10_TGTATTCAGATCCCAT-1,1,paclitaxel
Data8_sample_10_TGTATTCAGTGGAGAA-1,1,paclitaxel
Data8_sample_10_TGTATTCCAGATAATG-1,1,paclitaxel
Data8_sample_10_TGTATTCGTAGGGTAC-1,1,paclitaxel
Data8_sample_10_TGTATTCGTCAGAATA-1,1,paclitaxel
Data8_sample_10_TGTATTCTCTGATTCT-1,1,paclitaxel
Data8_sample_10_TGTCCCAAGACTACAA-1,1,paclitaxel
Data8_sample_10_TGTCCCAAGATAGGAG-1,1,paclitaxel
Data8_sample_10_TGTCCCAAGCTCCTTC-1,1,paclitaxel
Data8_sample_10_TGTCCCAAGTTGAGAT-1,1,paclitaxel
Data8_sample_10_TGTCCCACAGCATACT-1,1,paclitaxel
Data8_sample_10_TGTCCCACAGGAATCG-1,1,paclitaxel
Data8_sample_10_TGTCCCATCGTGACAT-1,1,paclitaxel
Data8_sample_10_TGTGGTAAGCGAAGGG-1,1,paclitaxel
Data8_sample_10_TGTGGTAAGTTAGGTA-1,1,paclitaxel
Data8_sample_10_TGTGGTACACTCGACG-1,1,paclitaxel
Data8_sample_10_TGTGGTATCAAACGGG-1,1,paclitaxel
Data8_sample_10_TGTGGTATCCCAACGG-1,1,paclitaxel
Data8_sample_10_TGTGTTTAGAAACGAG-1,1,paclitaxel
Data8_sample_10_TGTGTTTCACAGGCCT-1,1,paclitaxel
Data8_sample_10_TGTGTTTCACCAGGCT-1,1,paclitaxel
Data8_sample_10_TGTTCCGGTAGCGTCC-1,1,paclitaxel
Data8_sample_10_TGTTCCGGTGCAGTAG-1,1,paclitaxel
Data8_sample_10_TGTTCCGGTGTAAGTA-1,1,paclitaxel
Data8_sample_10_TGTTCCGTCACCTTAT-1,1,paclitaxel
Data8_sample_10_TGTTCCGTCTGGTGTA-1,1,paclitaxel
Data8_sample_10_TTAACTCAGAAACGCC-1,1,paclitaxel
Data8_sample_10_TTAACTCAGTTGTAGA-1,1,paclitaxel
Data8_sample_10_TTAACTCCAATGGATA-1,1,paclitaxel
Data8_sample_10_TTAACTCCACACTGCG-1,1,paclitaxel
Data8_sample_10_TTAACTCGTCTCGTTC-1,1,paclitaxel
Data8_sample_10_TTAACTCGTTTAGCTG-1,1,paclitaxel
Data8_sample_10_TTAGGACCAAGCGAGT-1,1,paclitaxel
Data8_sample_10_TTAGGACGTCTGCAAT-1,1,paclitaxel
Data8_sample_10_TTAGGACTCAGTGTTG-1,1,paclitaxel
Data8_sample_10_TTAGGCAAGCGCTTAT-1,1,paclitaxel
Data8_sample_10_TTAGGCATCGTGGTCG-1,1,paclitaxel
Data8_sample_10_TTAGGCATCTTGCCGT-1,1,paclitaxel
Data8_sample_10_TTAGGCATCTTTAGGG-1,1,paclitaxel
Data8_sample_10_TTAGTTCAGTTAAGTG-1,1,paclitaxel
Data8_sample_10_TTAGTTCCATTAGCCA-1,1,paclitaxel
Data8_sample_10_TTAGTTCGTTACGACT-1,1,paclitaxel
Data8_sample_10_TTATGCTAGATGAGAG-1,1,paclitaxel
Data8_sample_10_TTATGCTAGGGATCTG-1,1,paclitaxel
Data8_sample_10_TTATGCTCATATACGC-1,1,paclitaxel
Data8_sample_10_TTATGCTGTAGCCTCG-1,1,paclitaxel
Data8_sample_10_TTATGCTGTCAAACTC-1,1,paclitaxel
Data8_sample_10_TTATGCTGTCAACTGT-1,1,paclitaxel
Data8_sample_10_TTATGCTGTGAGGCTA-1,1,paclitaxel
Data8_sample_10_TTATGCTTCTACTCAT-1,1,paclitaxel
Data8_sample_10_TTCCCAGGTAGCTAAA-1,1,paclitaxel
Data8_sample_10_TTCCCAGGTTATGCGT-1,1,paclitaxel
Data8_sample_10_TTCCCAGTCGTTGCCT-1,1,paclitaxel
Data8_sample_10_TTCCCAGTCTCGGACG-1,1,paclitaxel
Data8_sample_10_TTCCCAGTCTTGCATT-1,1,paclitaxel
Data8_sample_10_TTCGAAGAGAAACCTA-1,1,paclitaxel
Data8_sample_10_TTCGAAGAGCCGATTT-1,1,paclitaxel
Data8_sample_10_TTCGAAGCAAAGCAAT-1,1,paclitaxel
Data8_sample_10_TTCGAAGGTACATGTC-1,1,paclitaxel
Data8_sample_10_TTCGGTCGTACTCAAC-1,1,paclitaxel
Data8_sample_10_TTCGGTCGTAGCACGA-1,1,paclitaxel
Data8_sample_10_TTCGGTCTCTACTATC-1,1,paclitaxel
Data8_sample_10_TTCTACATCCAAACAC-1,1,paclitaxel
Data8_sample_10_TTCTACATCGCCTGAG-1,1,paclitaxel
Data8_sample_10_TTCTCAAAGTGTACCT-1,1,paclitaxel
Data8_sample_10_TTCTCAACAGGTTTCA-1,1,paclitaxel
Data8_sample_10_TTCTCAAGTAAGAGAG-1,1,paclitaxel
Data8_sample_10_TTCTCAAGTTATGTGC-1,1,paclitaxel
Data8_sample_10_TTCTCAATCAGAGACG-1,1,paclitaxel
Data8_sample_10_TTCTCAATCGAATGCT-1,1,paclitaxel
Data8_sample_10_TTCTCAATCTACTCAT-1,1,paclitaxel
Data8_sample_10_TTCTCCTAGAGACTTA-1,1,paclitaxel
Data8_sample_10_TTCTCCTAGCTTCGCG-1,1,paclitaxel
Data8_sample_10_TTCTCCTAGGAATGGA-1,1,paclitaxel
Data8_sample_10_TTCTCCTCAGCTCCGA-1,1,paclitaxel
Data8_sample_10_TTCTCCTGTAAGGGCT-1,1,paclitaxel
Data8_sample_10_TTCTCCTTCGCGATCG-1,1,paclitaxel
Data8_sample_10_TTCTCCTTCTCGCATC-1,1,paclitaxel
Data8_sample_10_TTCTTAGCAACGATCT-1,1,paclitaxel
Data8_sample_10_TTCTTAGTCCGTCATC-1,1,paclitaxel
Data8_sample_10_TTGAACGAGAAACCTA-1,1,paclitaxel
Data8_sample_10_TTGAACGAGGCAATTA-1,1,paclitaxel
Data8_sample_10_TTGAACGCAGCTGCTG-1,1,paclitaxel
Data8_sample_10_TTGAACGTCCGGGTGT-1,1,paclitaxel
Data8_sample_10_TTGCCGTAGCTTATCG-1,1,paclitaxel
Data8_sample_10_TTGCCGTCACGGACAA-1,1,paclitaxel
Data8_sample_10_TTGCGTCAGCGTAATA-1,1,paclitaxel
Data8_sample_10_TTGCGTCCACGAAGCA-1,1,paclitaxel
Data8_sample_10_TTGCGTCCACGGCCAT-1,1,paclitaxel
Data8_sample_10_TTGCGTCCAGGCTGAA-1,1,paclitaxel
Data8_sample_10_TTGCGTCGTATTCTCT-1,1,paclitaxel
Data8_sample_10_TTGCGTCTCTTGTATC-1,1,paclitaxel
Data8_sample_10_TTGGAACCACGGTGTC-1,1,paclitaxel
Data8_sample_10_TTGGAACTCCATGCTC-1,1,paclitaxel
Data8_sample_10_TTGGAACTCTGAGGGA-1,1,paclitaxel
Data8_sample_10_TTGGCAAAGTCTTGCA-1,1,paclitaxel
Data8_sample_10_TTGGCAAGTGTTCTTT-1,1,paclitaxel
Data8_sample_10_TTGTAGGAGAGCTGCA-1,1,paclitaxel
Data8_sample_10_TTGTAGGAGAGTCGGT-1,1,paclitaxel
Data8_sample_10_TTGTAGGAGTTGTAGA-1,1,paclitaxel
Data8_sample_10_TTGTAGGGTACAGACG-1,1,paclitaxel
Data8_sample_10_TTGTAGGTCGCATGGC-1,1,paclitaxel
Data8_sample_10_TTTACTGCAAGGTTCT-1,1,paclitaxel
Data8_sample_10_TTTACTGGTACCAGTT-1,1,paclitaxel
Data8_sample_10_TTTACTGGTCTTGCGG-1,1,paclitaxel
Data8_sample_10_TTTACTGTCACAACGT-1,1,paclitaxel
Data8_sample_10_TTTACTGTCACGAAGG-1,1,paclitaxel
Data8_sample_10_TTTATGCAGCTAGTGG-1,1,paclitaxel
Data8_sample_10_TTTATGCCAATCACAC-1,1,paclitaxel
Data8_sample_10_TTTATGCGTTGGTTTG-1,1,paclitaxel
Data8_sample_10_TTTCCTCAGTGCTGCC-1,1,paclitaxel
Data8_sample_10_TTTCCTCGTCCTCCAT-1,1,paclitaxel
Data8_sample_10_TTTCCTCGTCTGCCAG-1,1,paclitaxel
Data8_sample_10_TTTCCTCGTTGAGTTC-1,1,paclitaxel
Data8_sample_10_TTTGCGCAGAAGAAGC-1,1,paclitaxel
Data8_sample_10_TTTGCGCCATGGAATA-1,1,paclitaxel
Data8_sample_10_TTTGCGCTCCAAGCCG-1,1,paclitaxel
Data8_sample_10_TTTGCGCTCTCGATGA-1,1,paclitaxel
Data8_sample_10_TTTGGTTAGACTTTCG-1,1,paclitaxel
Data8_sample_10_TTTGGTTAGCGATATA-1,1,paclitaxel
Data8_sample_10_TTTGGTTTCCTCGCAT-1,1,paclitaxel
Data8_sample_10_TTTGTCACAAGGACAC-1,1,paclitaxel
Data8_sample_10_TTTGTCACACCTCGTT-1,1,paclitaxel
Data8_sample_30_AAACCCAAGTTACGGG-1,0,paclitaxel
Data8_sample_30_AAACCCACAACAAAGT-1,0,paclitaxel
Data8_sample_30_AAACCCACAATGACCT-1,0,paclitaxel
Data8_sample_30_AAACCCACAGAGGAAA-1,0,paclitaxel
Data8_sample_30_AAACCCACATAGTCAC-1,0,paclitaxel
Data8_sample_30_AAACCCAGTCACCGCA-1,0,paclitaxel
Data8_sample_30_AAACCCAGTGTCGATT-1,0,paclitaxel
Data8_sample_30_AAACCCAGTTGGTACT-1,0,paclitaxel
Data8_sample_30_AAACCCAGTTTGGGTT-1,0,paclitaxel
Data8_sample_30_AAACCCATCCTCGCAT-1,0,paclitaxel
Data8_sample_30_AAACGAAAGAACAAGG-1,0,paclitaxel
Data8_sample_30_AAACGAAAGGAATCGC-1,0,paclitaxel
Data8_sample_30_AAACGAACAAATGCGG-1,0,paclitaxel
Data8_sample_30_AAACGAAGTACTGGGA-1,0,paclitaxel
Data8_sample_30_AAACGAATCCCATAAG-1,0,paclitaxel
Data8_sample_30_AAACGCTAGAAGCGCT-1,0,paclitaxel
Data8_sample_30_AAACGCTCAGAATGTA-1,0,paclitaxel
Data8_sample_30_AAACGCTGTACGTACT-1,0,paclitaxel
Data8_sample_30_AAACGCTGTCAAATCC-1,0,paclitaxel
Data8_sample_30_AAACGCTTCGCAGTCG-1,0,paclitaxel
Data8_sample_30_AAAGAACAGGCTCCCA-1,0,paclitaxel
Data8_sample_30_AAAGAACAGTGGTTGG-1,0,paclitaxel
Data8_sample_30_AAAGAACCAACGATTC-1,0,paclitaxel
Data8_sample_30_AAAGAACCAGGATTCT-1,0,paclitaxel
Data8_sample_30_AAAGAACCATGGCACC-1,0,paclitaxel
Data8_sample_30_AAAGAACGTACTCCCT-1,0,paclitaxel
Data8_sample_30_AAAGAACGTCTTCATT-1,0,paclitaxel
Data8_sample_30_AAAGAACGTTTCGTTT-1,0,paclitaxel
Data8_sample_30_AAAGAACTCCATCACC-1,0,paclitaxel
Data8_sample_30_AAAGAACTCCCGATCT-1,0,paclitaxel
Data8_sample_30_AAAGAACTCTCCAAGA-1,0,paclitaxel
Data8_sample_30_AAAGGATAGCTGTACT-1,0,paclitaxel
Data8_sample_30_AAAGGATAGGACTATA-1,0,paclitaxel
Data8_sample_30_AAAGGATCAAGTGGTG-1,0,paclitaxel
Data8_sample_30_AAAGGATCATGACACT-1,0,paclitaxel
Data8_sample_30_AAAGGATTCAACGTGT-1,0,paclitaxel
Data8_sample_30_AAAGGGCAGCAGCCCT-1,0,paclitaxel
Data8_sample_30_AAAGGGCCACGCTGAC-1,0,paclitaxel
Data8_sample_30_AAAGGGCCACTACACA-1,0,paclitaxel
Data8_sample_30_AAAGGGCCATTCTTCA-1,0,paclitaxel
Data8_sample_30_AAAGGGCGTACGGCAA-1,0,paclitaxel
Data8_sample_30_AAAGGTAAGCTAAATG-1,0,paclitaxel
Data8_sample_30_AAAGGTAAGTTGGAGC-1,0,paclitaxel
Data8_sample_30_AAAGGTACACTTGACA-1,0,paclitaxel
Data8_sample_30_AAAGGTACAGCAGTTT-1,0,paclitaxel
Data8_sample_30_AAAGGTACAGGCACTC-1,0,paclitaxel
Data8_sample_30_AAAGGTACATTCTTCA-1,0,paclitaxel
Data8_sample_30_AAAGGTATCTGCATAG-1,0,paclitaxel
Data8_sample_30_AAAGTCCGTGCTTCAA-1,0,paclitaxel
Data8_sample_30_AAAGTGAGTCAGTCGC-1,0,paclitaxel
Data8_sample_30_AAAGTGAGTCTGTCCT-1,0,paclitaxel
Data8_sample_30_AAAGTGAGTGGTCAAG-1,0,paclitaxel
Data8_sample_30_AAATGGAAGTATGGAT-1,0,paclitaxel
Data8_sample_30_AAATGGACATGTGACT-1,0,paclitaxel
Data8_sample_30_AAATGGAGTGGTCTTA-1,0,paclitaxel
Data8_sample_30_AAATGGATCGATTCCC-1,0,paclitaxel
Data8_sample_30_AACAAAGAGACCTCCG-1,0,paclitaxel
Data8_sample_30_AACAAAGCAATGTTGC-1,0,paclitaxel
Data8_sample_30_AACAAAGCATGACTAC-1,0,paclitaxel
Data8_sample_30_AACAAAGGTGGTCTCG-1,0,paclitaxel
Data8_sample_30_AACAACCAGTACAACA-1,0,paclitaxel
Data8_sample_30_AACAACCAGTTGCTCA-1,0,paclitaxel
Data8_sample_30_AACAACCGTGTCTTGA-1,0,paclitaxel
Data8_sample_30_AACAACCGTTGCTCGG-1,0,paclitaxel
Data8_sample_30_AACAACCTCCCGGTAG-1,0,paclitaxel
Data8_sample_30_AACAAGAAGCGTTACT-1,0,paclitaxel
Data8_sample_30_AACAAGACATCCAATG-1,0,paclitaxel
Data8_sample_30_AACAAGATCGCTAGCG-1,0,paclitaxel
Data8_sample_30_AACAAGATCTGCAGCG-1,0,paclitaxel
Data8_sample_30_AACACACAGCGTGCTC-1,0,paclitaxel
Data8_sample_30_AACACACCAAATACAG-1,0,paclitaxel
Data8_sample_30_AACACACCATTCACAG-1,0,paclitaxel
Data8_sample_30_AACACACTCAGGTGTT-1,0,paclitaxel
Data8_sample_30_AACACACTCTGAGTCA-1,0,paclitaxel
Data8_sample_30_AACAGGGCACACCGAC-1,0,paclitaxel
Data8_sample_30_AACAGGGCAGGGTTGA-1,0,paclitaxel
Data8_sample_30_AACAGGGTCACCTACC-1,0,paclitaxel
Data8_sample_30_AACAGGGTCTCACGAA-1,0,paclitaxel
Data8_sample_30_AACCAACAGAGCGACT-1,0,paclitaxel
Data8_sample_30_AACCAACAGTCATGAA-1,0,paclitaxel
Data8_sample_30_AACCAACCACAATGTC-1,0,paclitaxel
Data8_sample_30_AACCAACCAGAATGTA-1,0,paclitaxel
Data8_sample_30_AACCAACCAGGCATTT-1,0,paclitaxel
Data8_sample_30_AACCAACTCACTCTTA-1,0,paclitaxel
Data8_sample_30_AACCACAAGCATGTTC-1,0,paclitaxel
Data8_sample_30_AACCACAAGTGATTCC-1,0,paclitaxel
Data8_sample_30_AACCACACACTAGAGG-1,0,paclitaxel
Data8_sample_30_AACCACACATAACGGG-1,0,paclitaxel
Data8_sample_30_AACCACAGTCGTTGCG-1,0,paclitaxel
Data8_sample_30_AACCACAGTGTCCACG-1,0,paclitaxel
Data8_sample_30_AACCACATCAGCAATC-1,0,paclitaxel
Data8_sample_30_AACCACATCGGTGTTA-1,0,paclitaxel
Data8_sample_30_AACCACATCGTAGAGG-1,0,paclitaxel
Data8_sample_30_AACCACATCTCGCGTT-1,0,paclitaxel
Data8_sample_30_AACCATGGTTTCAGAC-1,0,paclitaxel
Data8_sample_30_AACCCAACACACGTGC-1,0,paclitaxel
Data8_sample_30_AACCCAACAGGGCTTC-1,0,paclitaxel
Data8_sample_30_AACCCAAGTCCACAGC-1,0,paclitaxel
Data8_sample_30_AACCCAATCACCTCAC-1,0,paclitaxel
Data8_sample_30_AACCCAATCCAAGAGG-1,0,paclitaxel
Data8_sample_30_AACCCAATCTGCTCTG-1,0,paclitaxel
Data8_sample_30_AACCTGACAACCTATG-1,0,paclitaxel
Data8_sample_30_AACCTGACAGCACAAG-1,0,paclitaxel
Data8_sample_30_AACCTGACATGGGTTT-1,0,paclitaxel
Data8_sample_30_AACCTGAGTCGTCATA-1,0,paclitaxel
Data8_sample_30_AACCTGATCAATCAGC-1,0,paclitaxel
Data8_sample_30_AACCTTTAGACAAGCC-1,0,paclitaxel
Data8_sample_30_AACCTTTAGCACTCTA-1,0,paclitaxel
Data8_sample_30_AACCTTTAGTTTGCTG-1,0,paclitaxel
Data8_sample_30_AACCTTTCAATGAAAC-1,0,paclitaxel
Data8_sample_30_AACCTTTGTATCACGT-1,0,paclitaxel
Data8_sample_30_AACCTTTGTATGCTTG-1,0,paclitaxel
Data8_sample_30_AACCTTTGTGTTAACC-1,0,paclitaxel
Data8_sample_30_AACCTTTGTTGGGTAG-1,0,paclitaxel
Data8_sample_30_AACCTTTTCTATGCCC-1,0,paclitaxel
Data8_sample_30_AACGAAAAGAATAACC-1,0,paclitaxel
Data8_sample_30_AACGAAACAATCCTAG-1,0,paclitaxel
Data8_sample_30_AACGAAACACGATAGG-1,0,paclitaxel
Data8_sample_30_AACGAAACATAGCACT-1,0,paclitaxel
Data8_sample_30_AACGAAACATTCTCCG-1,0,paclitaxel
Data8_sample_30_AACGAAAGTGAGCTCC-1,0,paclitaxel
Data8_sample_30_AACGAAATCCACTGAA-1,0,paclitaxel
Data8_sample_30_AACGGGACACCAATTG-1,0,paclitaxel
Data8_sample_30_AACGGGACAGGGAATC-1,0,paclitaxel
Data8_sample_30_AACGGGACAGTTAGGG-1,0,paclitaxel
Data8_sample_30_AACGGGAGTATAGGGC-1,0,paclitaxel
Data8_sample_30_AACGGGATCCAATCCC-1,0,paclitaxel
Data8_sample_30_AACGGGATCCGTGGCA-1,0,paclitaxel
Data8_sample_30_AACGTCAAGAGATCGC-1,0,paclitaxel
Data8_sample_30_AACGTCACAAACAGGC-1,0,paclitaxel
Data8_sample_30_AACGTCAGTACCGGAA-1,0,paclitaxel
Data8_sample_30_AACGTCAGTATGGAAT-1,0,paclitaxel
Data8_sample_30_AACTTCTCACCAGTTA-1,0,paclitaxel
Data8_sample_30_AACTTCTGTTAGGGTG-1,0,paclitaxel
Data8_sample_30_AACTTCTTCGTACACA-1,0,paclitaxel
Data8_sample_30_AACTTCTTCTTACCAT-1,0,paclitaxel
Data8_sample_30_AAGAACACAGCAATTC-1,0,paclitaxel
Data8_sample_30_AAGAACAGTAGCACAG-1,0,paclitaxel
Data8_sample_30_AAGAACAGTCCGATCG-1,0,paclitaxel
Data8_sample_30_AAGAACAGTCTTCTAT-1,0,paclitaxel
Data8_sample_30_AAGAACAGTGAGCCAA-1,0,paclitaxel
Data8_sample_30_AAGACAAGTGCAGATG-1,0,paclitaxel
Data8_sample_30_AAGACAATCCGTGACG-1,0,paclitaxel
Data8_sample_30_AAGACTCCATACAGGG-1,0,paclitaxel
Data8_sample_30_AAGACTCGTACTCCCT-1,0,paclitaxel
Data8_sample_30_AAGATAGAGCCAAGTG-1,0,paclitaxel
Data8_sample_30_AAGATAGAGGGCTGAT-1,0,paclitaxel
Data8_sample_30_AAGATAGAGGTTTACC-1,0,paclitaxel
Data8_sample_30_AAGATAGCACCCTTAC-1,0,paclitaxel
Data8_sample_30_AAGATAGTCAAACGTC-1,0,paclitaxel
Data8_sample_30_AAGATAGTCCTGATAG-1,0,paclitaxel
Data8_sample_30_AAGCATCCAAACTCGT-1,0,paclitaxel
Data8_sample_30_AAGCATCCAATTGGTC-1,0,paclitaxel
Data8_sample_30_AAGCATCGTCGTACAT-1,0,paclitaxel
Data8_sample_30_AAGCATCGTGGGTATG-1,0,paclitaxel
Data8_sample_30_AAGCATCTCCTATGGA-1,0,paclitaxel
Data8_sample_30_AAGCATCTCCTTACCG-1,0,paclitaxel
Data8_sample_30_AAGCCATAGGTGCCAA-1,0,paclitaxel
Data8_sample_30_AAGCCATAGTAAGGGA-1,0,paclitaxel
Data8_sample_30_AAGCCATCAGAATCGG-1,0,paclitaxel
Data8_sample_30_AAGCCATCAGTTGGTT-1,0,paclitaxel
Data8_sample_30_AAGCCATCAGTTTGGT-1,0,paclitaxel
Data8_sample_30_AAGCCATGTAGATCGG-1,0,paclitaxel
Data8_sample_30_AAGCCATGTCTTGTCC-1,0,paclitaxel
Data8_sample_30_AAGCCATTCAGATTGC-1,0,paclitaxel
Data8_sample_30_AAGCCATTCTCAGGCG-1,0,paclitaxel
Data8_sample_30_AAGCGAGAGTAAACTG-1,0,paclitaxel
Data8_sample_30_AAGCGAGCAATACCTG-1,0,paclitaxel
Data8_sample_30_AAGCGAGCAATAGTAG-1,0,paclitaxel
Data8_sample_30_AAGCGAGGTTACCTTT-1,0,paclitaxel
Data8_sample_30_AAGCGAGGTTGTGCAT-1,0,paclitaxel
Data8_sample_30_AAGCGAGTCGCCAGTG-1,0,paclitaxel
Data8_sample_30_AAGCGAGTCGGTGAAG-1,0,paclitaxel
Data8_sample_30_AAGCGTTAGACGCAGT-1,0,paclitaxel
Data8_sample_30_AAGCGTTAGACTGGGT-1,0,paclitaxel
Data8_sample_30_AAGCGTTAGCGTTGTT-1,0,paclitaxel
Data8_sample_30_AAGCGTTCAATGACCT-1,0,paclitaxel
Data8_sample_30_AAGCGTTCACTGCACG-1,0,paclitaxel
Data8_sample_30_AAGCGTTCATGGCCAC-1,0,paclitaxel
Data8_sample_30_AAGCGTTGTGAAGCGT-1,0,paclitaxel
Data8_sample_30_AAGCGTTTCTCGTTTA-1,0,paclitaxel
Data8_sample_30_AAGGAATCACCTATCC-1,0,paclitaxel
Data8_sample_30_AAGGAATCAGCCTATA-1,0,paclitaxel
Data8_sample_30_AAGGAATGTAACGGTG-1,0,paclitaxel
Data8_sample_30_AAGGAATGTCGCACAC-1,0,paclitaxel
Data8_sample_30_AAGGAATGTCGTCAGC-1,0,paclitaxel
Data8_sample_30_AAGGAATGTGATGTAA-1,0,paclitaxel
Data8_sample_30_AAGGAATGTGGGTATG-1,0,paclitaxel
Data8_sample_30_AAGGAATGTTACGTAC-1,0,paclitaxel
Data8_sample_30_AAGGAATGTTCTGAGT-1,0,paclitaxel
Data8_sample_30_AAGGAATTCGATTTCT-1,0,paclitaxel
Data8_sample_30_AAGGTAACAAGCTACT-1,0,paclitaxel
Data8_sample_30_AAGGTAACACCAGGTC-1,0,paclitaxel
Data8_sample_30_AAGGTAATCAGTCCGG-1,0,paclitaxel
Data8_sample_30_AAGTACCAGAAGGTAG-1,0,paclitaxel
Data8_sample_30_AAGTACCCAAACGAGC-1,0,paclitaxel
Data8_sample_30_AAGTACCGTCATTCCC-1,0,paclitaxel
Data8_sample_30_AAGTACCGTTATCTGG-1,0,paclitaxel
Data8_sample_30_AAGTACCTCAGCTGTA-1,0,paclitaxel
Data8_sample_30_AAGTACCTCCATCACC-1,0,paclitaxel
Data8_sample_30_AAGTACCTCTGGTTGA-1,0,paclitaxel
Data8_sample_30_AAGTCGTGTGGCTGAA-1,0,paclitaxel
Data8_sample_30_AAGTCGTTCATCTGTT-1,0,paclitaxel
Data8_sample_30_AAGTCGTTCGCTACAA-1,0,paclitaxel
Data8_sample_30_AAGTCGTTCTGTGCTC-1,0,paclitaxel
Data8_sample_30_AAGTGAACAGGCCCTA-1,0,paclitaxel
Data8_sample_30_AAGTGAAGTTCACCGG-1,0,paclitaxel
Data8_sample_30_AAGTTCGAGGACACTG-1,0,paclitaxel
Data8_sample_30_AAGTTCGAGGCCTGAA-1,0,paclitaxel
Data8_sample_30_AAGTTCGCAGCAGGAT-1,0,paclitaxel
Data8_sample_30_AAGTTCGGTATCAAGA-1,0,paclitaxel
Data8_sample_30_AAGTTCGGTCAGACTT-1,0,paclitaxel
Data8_sample_30_AAGTTCGGTGTCTAAC-1,0,paclitaxel
Data8_sample_30_AATAGAGCAGGGAATC-1,0,paclitaxel
Data8_sample_30_AATAGAGTCCCGTTGT-1,0,paclitaxel
Data8_sample_30_AATAGAGTCGCAAGAG-1,0,paclitaxel
Data8_sample_30_AATAGAGTCGCCAGTG-1,0,paclitaxel
Data8_sample_30_AATCACGAGCCAGTAG-1,0,paclitaxel
Data8_sample_30_AATCACGGTGTCATGT-1,0,paclitaxel
Data8_sample_30_AATCACGTCACACCGG-1,0,paclitaxel
Data8_sample_30_AATCACGTCACCTTAT-1,0,paclitaxel
Data8_sample_30_AATCACGTCAGCCTTC-1,0,paclitaxel
Data8_sample_30_AATCACGTCGTGGCGT-1,0,paclitaxel
Data8_sample_30_AATCGACAGCACTAGG-1,0,paclitaxel
Data8_sample_30_AATCGACAGGTAGCCA-1,0,paclitaxel
Data8_sample_30_AATCGACAGTAAAGCT-1,0,paclitaxel
Data8_sample_30_AATCGACAGTTTGTCG-1,0,paclitaxel
Data8_sample_30_AATCGACCACGGCACT-1,0,paclitaxel
Data8_sample_30_AATCGACCAGAAGTTA-1,0,paclitaxel
Data8_sample_30_AATCGACCAGGCCCTA-1,0,paclitaxel
Data8_sample_30_AATCGACTCTAGACCA-1,0,paclitaxel
Data8_sample_30_AATCGTGCACCCTTGT-1,0,paclitaxel
Data8_sample_30_AATCGTGCAGATTCGT-1,0,paclitaxel
Data8_sample_30_AATCGTGGTGGACCTC-1,0,paclitaxel
Data8_sample_30_AATCGTGTCAGTGCGC-1,0,paclitaxel
Data8_sample_30_AATCGTGTCCGGTAGC-1,0,paclitaxel
Data8_sample_30_AATGAAGAGAGGTATT-1,0,paclitaxel
Data8_sample_30_AATGAAGAGGCTAAAT-1,0,paclitaxel
Data8_sample_30_AATGAAGCAAGTTTGC-1,0,paclitaxel
Data8_sample_30_AATGAAGGTCCGGCAT-1,0,paclitaxel
Data8_sample_30_AATGAAGTCGTTCATT-1,0,paclitaxel
Data8_sample_30_AATGAAGTCTCTCCGA-1,0,paclitaxel
Data8_sample_30_AATGACCAGAGGTATT-1,0,paclitaxel
Data8_sample_30_AATGACCAGGTGGGTT-1,0,paclitaxel
Data8_sample_30_AATGACCAGTTCAACC-1,0,paclitaxel
Data8_sample_30_AATGACCCAAGTCCCG-1,0,paclitaxel
Data8_sample_30_AATGACCCACCCAAGC-1,0,paclitaxel
Data8_sample_30_AATGACCCACCCTGTT-1,0,paclitaxel
Data8_sample_30_AATGACCGTCACTGAT-1,0,paclitaxel
Data8_sample_30_AATGACCTCCGATAGT-1,0,paclitaxel
Data8_sample_30_AATGCCAAGAATCGTA-1,0,paclitaxel
Data8_sample_30_AATGCCAAGGTCCAGA-1,0,paclitaxel
Data8_sample_30_AATGCCAAGTTCGGTT-1,0,paclitaxel
Data8_sample_30_AATGCCACACTCATAG-1,0,paclitaxel
Data8_sample_30_AATGCCATCAGCACCG-1,0,paclitaxel
Data8_sample_30_AATGCCATCCCATGGG-1,0,paclitaxel
Data8_sample_30_AATGCCATCGCACTCT-1,0,paclitaxel
Data8_sample_30_AATGCCATCGCCTTTG-1,0,paclitaxel
Data8_sample_30_AATGCCATCTGCTTAT-1,0,paclitaxel
Data8_sample_30_AATGGAAAGGATAATC-1,0,paclitaxel
Data8_sample_30_AATGGAACAACACAAA-1,0,paclitaxel
Data8_sample_30_AATGGAACAACCAGAG-1,0,paclitaxel
Data8_sample_30_AATGGAACAAGAGGTC-1,0,paclitaxel
Data8_sample_30_AATGGAAGTAGAGATT-1,0,paclitaxel
Data8_sample_30_AATGGAATCACCCTGT-1,0,paclitaxel
Data8_sample_30_AATGGCTAGAGCCGTA-1,0,paclitaxel
Data8_sample_30_AATGGCTAGCACCTGC-1,0,paclitaxel
Data8_sample_30_AATGGCTAGTAGTCTC-1,0,paclitaxel
Data8_sample_30_AATGGCTCAGCACAAG-1,0,paclitaxel
Data8_sample_30_AATGGCTCATGCAGGA-1,0,paclitaxel
Data8_sample_30_AATGGCTGTCGGCCTA-1,0,paclitaxel
Data8_sample_30_AATGGCTTCAAGCCAT-1,0,paclitaxel
Data8_sample_30_AATTCCTCAAATGAAC-1,0,paclitaxel
Data8_sample_30_AATTCCTCACACCTAA-1,0,paclitaxel
Data8_sample_30_AATTCCTCACGTAACT-1,0,paclitaxel
Data8_sample_30_AATTCCTCACTCCCTA-1,0,paclitaxel
Data8_sample_30_AATTCCTCATCTCAAG-1,0,paclitaxel
Data8_sample_30_AATTCCTGTACGACAG-1,0,paclitaxel
Data8_sample_30_AATTCCTGTCTACATG-1,0,paclitaxel
Data8_sample_30_AATTCCTGTGACTCGC-1,0,paclitaxel
Data8_sample_30_AATTCCTTCACCTTGC-1,0,paclitaxel
Data8_sample_30_AATTTCCCAAAGGAGA-1,0,paclitaxel
Data8_sample_30_AATTTCCGTTACCCAA-1,0,paclitaxel
Data8_sample_30_AATTTCCTCATTGCCC-1,0,paclitaxel
Data8_sample_30_AATTTCCTCGAGCCTG-1,0,paclitaxel
Data8_sample_30_ACAAAGAAGCACGATG-1,0,paclitaxel
Data8_sample_30_ACAAAGAGTATAGGGC-1,0,paclitaxel
Data8_sample_30_ACAAAGAGTCCACGCA-1,0,paclitaxel
Data8_sample_30_ACAAAGAGTGGAGAAA-1,0,paclitaxel
Data8_sample_30_ACAACCAAGCATAGGC-1,0,paclitaxel
Data8_sample_30_ACAACCAAGCGCTGCT-1,0,paclitaxel
Data8_sample_30_ACAACCAAGTACAGCG-1,0,paclitaxel
Data8_sample_30_ACAACCAAGTTCCTGA-1,0,paclitaxel
Data8_sample_30_ACAACCACATACTGAC-1,0,paclitaxel
Data8_sample_30_ACAACCAGTGATGTAA-1,0,paclitaxel
Data8_sample_30_ACAACCAGTGTATTGC-1,0,paclitaxel
Data8_sample_30_ACAACCATCCGTGGGT-1,0,paclitaxel
Data8_sample_30_ACAAGCTCACGTACTA-1,0,paclitaxel
Data8_sample_30_ACACAGTAGGACATCG-1,0,paclitaxel
Data8_sample_30_ACACAGTAGGCATGGT-1,0,paclitaxel
Data8_sample_30_ACACAGTAGTGATCGG-1,0,paclitaxel
Data8_sample_30_ACACAGTCAAACCATC-1,0,paclitaxel
Data8_sample_30_ACACAGTCAGCAGACA-1,0,paclitaxel
Data8_sample_30_ACACAGTCATGGGAAC-1,0,paclitaxel
Data8_sample_30_ACACAGTGTACCCAGC-1,0,paclitaxel
Data8_sample_30_ACACAGTTCTTTCAGT-1,0,paclitaxel
Data8_sample_30_ACACCAAAGCACTTTG-1,0,paclitaxel
Data8_sample_30_ACACCAAAGCGTCTCG-1,0,paclitaxel
Data8_sample_30_ACACCAAAGTGGTCAG-1,0,paclitaxel
Data8_sample_30_ACACCAACAAGATTGA-1,0,paclitaxel
Data8_sample_30_ACACCAACACGCTGAC-1,0,paclitaxel
Data8_sample_30_ACACCAACAGAGTGTG-1,0,paclitaxel
Data8_sample_30_ACACCAAGTAATGCTC-1,0,paclitaxel
Data8_sample_30_ACACCAAGTGATAGAT-1,0,paclitaxel
Data8_sample_30_ACACGCGAGCGAGAAA-1,0,paclitaxel
Data8_sample_30_ACACGCGCAGAGTTCT-1,0,paclitaxel
Data8_sample_30_ACACGCGCAGGACAGT-1,0,paclitaxel
Data8_sample_30_ACACGCGGTCGGAACA-1,0,paclitaxel
Data8_sample_30_ACACGCGTCAGCACCG-1,0,paclitaxel
Data8_sample_30_ACACGCGTCCGTGTGG-1,0,paclitaxel
Data8_sample_30_ACACTGAAGGACTGGT-1,0,paclitaxel
Data8_sample_30_ACACTGACAAAGGTTA-1,0,paclitaxel
Data8_sample_30_ACACTGACAATGCTCA-1,0,paclitaxel
Data8_sample_30_ACACTGACACTTACAG-1,0,paclitaxel
Data8_sample_30_ACACTGACAGTCTGGC-1,0,paclitaxel
Data8_sample_30_ACACTGAGTCGATGCC-1,0,paclitaxel
Data8_sample_30_ACACTGATCACTTGGA-1,0,paclitaxel
Data8_sample_30_ACACTGATCATGTCAG-1,0,paclitaxel
Data8_sample_30_ACAGAAAAGAGAGCGG-1,0,paclitaxel
Data8_sample_30_ACAGAAAAGATAACGT-1,0,paclitaxel
Data8_sample_30_ACAGAAAAGCCTCTGG-1,0,paclitaxel
Data8_sample_30_ACAGAAAAGCTGTCCG-1,0,paclitaxel
Data8_sample_30_ACAGAAAAGTAGACCG-1,0,paclitaxel
Data8_sample_30_ACAGAAAGTCGCTTGG-1,0,paclitaxel
Data8_sample_30_ACAGAAAGTTCTCCCA-1,0,paclitaxel
Data8_sample_30_ACAGAAATCGCATGAT-1,0,paclitaxel
Data8_sample_30_ACAGCCGAGGCCGCTT-1,0,paclitaxel
Data8_sample_30_ACAGCCGTCACGACTA-1,0,paclitaxel
Data8_sample_30_ACAGCCGTCACGGGAA-1,0,paclitaxel
Data8_sample_30_ACAGCCGTCACGGGCT-1,0,paclitaxel
Data8_sample_30_ACAGCCGTCGCCTATC-1,0,paclitaxel
Data8_sample_30_ACAGGGAAGCCGCTTG-1,0,paclitaxel
Data8_sample_30_ACAGGGAAGTCAACAA-1,0,paclitaxel
Data8_sample_30_ACAGGGACATTCTTCA-1,0,paclitaxel
Data8_sample_30_ACAGGGAGTCGTACAT-1,0,paclitaxel
Data8_sample_30_ACAGGGATCACGGGCT-1,0,paclitaxel
Data8_sample_30_ACAGGGATCTTTGGAG-1,0,paclitaxel
Data8_sample_30_ACATCCCAGGATCATA-1,0,paclitaxel
Data8_sample_30_ACATCCCCAATACAGA-1,0,paclitaxel
Data8_sample_30_ACATCCCTCCGTAATG-1,0,paclitaxel
Data8_sample_30_ACATCGAGTATCGTAC-1,0,paclitaxel
Data8_sample_30_ACATCGAGTGCTATTG-1,0,paclitaxel
Data8_sample_30_ACATCGAGTTGGGATG-1,0,paclitaxel
Data8_sample_30_ACATCGATCGGAAACG-1,0,paclitaxel
Data8_sample_30_ACATCGATCTTAATCC-1,0,paclitaxel
Data8_sample_30_ACATGCAAGCCACCGT-1,0,paclitaxel
Data8_sample_30_ACATGCAGTGTGTTTG-1,0,paclitaxel
Data8_sample_30_ACATGCATCAACTGAC-1,0,paclitaxel
Data8_sample_30_ACATGCATCCGATGCG-1,0,paclitaxel
Data8_sample_30_ACATGCATCCGGTAGC-1,0,paclitaxel
Data8_sample_30_ACATTTCAGTGACCTT-1,0,paclitaxel
Data8_sample_30_ACATTTCTCAAGGCTT-1,0,paclitaxel
Data8_sample_30_ACATTTCTCCAGTGTA-1,0,paclitaxel
Data8_sample_30_ACCAAACAGATGTTGA-1,0,paclitaxel
Data8_sample_30_ACCAAACAGGTGAGAA-1,0,paclitaxel
Data8_sample_30_ACCAAACCACGAGGAT-1,0,paclitaxel
Data8_sample_30_ACCAAACCAGCGTTTA-1,0,paclitaxel
Data8_sample_30_ACCAAACCATACAGAA-1,0,paclitaxel
Data8_sample_30_ACCAAACCATGGGAAC-1,0,paclitaxel
Data8_sample_30_ACCAAACGTTCTCGCT-1,0,paclitaxel
Data8_sample_30_ACCAAACTCAAGTAAG-1,0,paclitaxel
Data8_sample_30_ACCAAACTCAGTGCGC-1,0,paclitaxel
Data8_sample_30_ACCAAACTCCAGCAAT-1,0,paclitaxel
Data8_sample_30_ACCAAACTCTGAACGT-1,0,paclitaxel
Data8_sample_30_ACCAACAAGAACCCGA-1,0,paclitaxel
Data8_sample_30_ACCAACAAGACTTCGT-1,0,paclitaxel
Data8_sample_30_ACCAACACAACAAAGT-1,0,paclitaxel
Data8_sample_30_ACCAACACACCGTCTT-1,0,paclitaxel
Data8_sample_30_ACCAACACACTGTTCC-1,0,paclitaxel
Data8_sample_30_ACCAACAGTGAACGGT-1,0,paclitaxel
Data8_sample_30_ACCAACATCACACCGG-1,0,paclitaxel
Data8_sample_30_ACCAACATCAGGCGAA-1,0,paclitaxel
Data8_sample_30_ACCAACATCTTTCTAG-1,0,paclitaxel
Data8_sample_30_ACCACAAAGCACTAAA-1,0,paclitaxel
Data8_sample_30_ACCACAACACCACTGG-1,0,paclitaxel
Data8_sample_30_ACCATTTAGCCATTCA-1,0,paclitaxel
Data8_sample_30_ACCATTTGTAGAGCTG-1,0,paclitaxel
Data8_sample_30_ACCATTTTCCCAATAG-1,0,paclitaxel
Data8_sample_30_ACCATTTTCTACCAGA-1,0,paclitaxel
Data8_sample_30_ACCCAAAAGGTATTGA-1,0,paclitaxel
Data8_sample_30_ACCCAAACAAAGTATG-1,0,paclitaxel
Data8_sample_30_ACCCAAACAATGCTCA-1,0,paclitaxel
Data8_sample_30_ACCCAAATCGGTTGTA-1,0,paclitaxel
Data8_sample_30_ACCCTCAAGCACCGAA-1,0,paclitaxel
Data8_sample_30_ACCCTCACAGTGCCTG-1,0,paclitaxel
Data8_sample_30_ACCCTCACATGGCGCT-1,0,paclitaxel
Data8_sample_30_ACCCTCAGTATGCGGA-1,0,paclitaxel
Data8_sample_30_ACCCTCAGTCGGAAAC-1,0,paclitaxel
Data8_sample_30_ACCCTCATCTCTATGT-1,0,paclitaxel
Data8_sample_30_ACCCTTGAGTAGCAAT-1,0,paclitaxel
Data8_sample_30_ACCCTTGCACTAACGT-1,0,paclitaxel
Data8_sample_30_ACCCTTGCAGCCCAGT-1,0,paclitaxel
Data8_sample_30_ACCCTTGGTAACAGTA-1,0,paclitaxel
Data8_sample_30_ACCCTTGTCGACATTG-1,0,paclitaxel
Data8_sample_30_ACCCTTGTCGCTTTAT-1,0,paclitaxel
Data8_sample_30_ACCGTTCAGCATCAGG-1,0,paclitaxel
Data8_sample_30_ACCGTTCAGCTAGCCC-1,0,paclitaxel
Data8_sample_30_ACCGTTCAGGCTTTCA-1,0,paclitaxel
Data8_sample_30_ACCGTTCGTCCAGCAC-1,0,paclitaxel
Data8_sample_30_ACCGTTCGTCGGTGAA-1,0,paclitaxel
Data8_sample_30_ACCGTTCTCTTTGCTA-1,0,paclitaxel
Data8_sample_30_ACCTACCAGATAGCAT-1,0,paclitaxel
Data8_sample_30_ACCTACCAGCGTGCTC-1,0,paclitaxel
Data8_sample_30_ACCTACCAGGATAATC-1,0,paclitaxel
Data8_sample_30_ACCTACCAGTAACGAT-1,0,paclitaxel
Data8_sample_30_ACCTACCCACAGTGAG-1,0,paclitaxel
Data8_sample_30_ACCTACCCACTAGAGG-1,0,paclitaxel
Data8_sample_30_ACCTACCGTGAAGCTG-1,0,paclitaxel
Data8_sample_30_ACCTACCTCAGGAACG-1,0,paclitaxel
Data8_sample_30_ACCTGAAGTACACGTT-1,0,paclitaxel
Data8_sample_30_ACCTGTCAGACTACCT-1,0,paclitaxel
Data8_sample_30_ACCTGTCAGCCTCGTG-1,0,paclitaxel
Data8_sample_30_ACCTGTCCAGGTCCCA-1,0,paclitaxel
Data8_sample_30_ACCTGTCTCCGAAATC-1,0,paclitaxel
Data8_sample_30_ACGATCAAGCTGGCCT-1,0,paclitaxel
Data8_sample_30_ACGATCATCCACACCT-1,0,paclitaxel
Data8_sample_30_ACGATGTAGGTAGACC-1,0,paclitaxel
Data8_sample_30_ACGATGTCAAATGGAT-1,0,paclitaxel
Data8_sample_30_ACGATGTCAGGCCCTA-1,0,paclitaxel
Data8_sample_30_ACGATGTGTCGCATGC-1,0,paclitaxel
Data8_sample_30_ACGCACGCAAATACAG-1,0,paclitaxel
Data8_sample_30_ACGCACGCAAGTGGTG-1,0,paclitaxel
Data8_sample_30_ACGCACGCAGAATTCC-1,0,paclitaxel
Data8_sample_30_ACGCACGGTCCGAAAG-1,0,paclitaxel
Data8_sample_30_ACGCACGTCAAGTGTC-1,0,paclitaxel
Data8_sample_30_ACGCACGTCACAAGAA-1,0,paclitaxel
Data8_sample_30_ACGCACGTCATTGCGA-1,0,paclitaxel
Data8_sample_30_ACGCACGTCCGATCTC-1,0,paclitaxel
Data8_sample_30_ACGCACGTCTTAAGGC-1,0,paclitaxel
Data8_sample_30_ACGGAAGCACACGCCA-1,0,paclitaxel
Data8_sample_30_ACGGAAGCATGACTTG-1,0,paclitaxel
Data8_sample_30_ACGGAAGCATTGTGCA-1,0,paclitaxel
Data8_sample_30_ACGGAAGTCAGAGTGG-1,0,paclitaxel
Data8_sample_30_ACGGAAGTCGCAGATT-1,0,paclitaxel
Data8_sample_30_ACGGAAGTCTAACGGT-1,0,paclitaxel
Data8_sample_30_ACGGGTCGTATCGCTA-1,0,paclitaxel
Data8_sample_30_ACGGGTCGTGAGTCAG-1,0,paclitaxel
Data8_sample_30_ACGGGTCGTTGCATCA-1,0,paclitaxel
Data8_sample_30_ACGGGTCGTTGGCTAT-1,0,paclitaxel
Data8_sample_30_ACGGGTCTCCGTGCGA-1,0,paclitaxel
Data8_sample_30_ACGGTCGAGGTCACCC-1,0,paclitaxel
Data8_sample_30_ACGGTCGCAAGTATCC-1,0,paclitaxel
Data8_sample_30_ACGGTCGCAATTGCCA-1,0,paclitaxel
Data8_sample_30_ACGGTCGGTCCATCTC-1,0,paclitaxel
Data8_sample_30_ACGGTCGGTCTTGTCC-1,0,paclitaxel
Data8_sample_30_ACGGTCGGTTCCGGTG-1,0,paclitaxel
Data8_sample_30_ACGGTCGTCCGTGCGA-1,0,paclitaxel
Data8_sample_30_ACGGTTACACAATGAA-1,0,paclitaxel
Data8_sample_30_ACGGTTAGTCACTCGG-1,0,paclitaxel
Data8_sample_30_ACGGTTAGTGATACCT-1,0,paclitaxel
Data8_sample_30_ACGGTTATCCCAAGTA-1,0,paclitaxel
Data8_sample_30_ACGTAACAGGGCCTCT-1,0,paclitaxel
Data8_sample_30_ACGTAACCAACGCCCA-1,0,paclitaxel
Data8_sample_30_ACGTAACCAGCATTGT-1,0,paclitaxel
Data8_sample_30_ACGTACACACAGCGCT-1,0,paclitaxel
Data8_sample_30_ACGTACACATGCAGGA-1,0,paclitaxel
Data8_sample_30_ACGTACAGTGTTCGTA-1,0,paclitaxel
Data8_sample_30_ACGTACATCGTTGTTT-1,0,paclitaxel
Data8_sample_30_ACGTAGTAGCGGATCA-1,0,paclitaxel
Data8_sample_30_ACGTAGTAGCTATCCA-1,0,paclitaxel
Data8_sample_30_ACGTAGTAGTATGCAA-1,0,paclitaxel
Data8_sample_30_ACGTAGTCATAGTCAC-1,0,paclitaxel
Data8_sample_30_ACGTAGTCATGGCCAC-1,0,paclitaxel
Data8_sample_30_ACGTAGTGTATACGGG-1,0,paclitaxel
Data8_sample_30_ACGTAGTGTTACTCAG-1,0,paclitaxel
Data8_sample_30_ACGTCCTAGCTACTAC-1,0,paclitaxel
Data8_sample_30_ACGTCCTCAACCACGC-1,0,paclitaxel
Data8_sample_30_ACGTCCTCACTTCATT-1,0,paclitaxel
Data8_sample_30_ACGTCCTTCGAATCCA-1,0,paclitaxel
Data8_sample_30_ACGTTCCAGATACAGT-1,0,paclitaxel
Data8_sample_30_ACGTTCCAGGCAGTCA-1,0,paclitaxel
Data8_sample_30_ACGTTCCCAGAACATA-1,0,paclitaxel
Data8_sample_30_ACGTTCCGTGTCATCA-1,0,paclitaxel
Data8_sample_30_ACGTTCCTCAGTGTGT-1,0,paclitaxel
Data8_sample_30_ACGTTCCTCATCGTAG-1,0,paclitaxel
Data8_sample_30_ACTACGAAGCCAACCC-1,0,paclitaxel
Data8_sample_30_ACTACGACAACTGTGT-1,0,paclitaxel
Data8_sample_30_ACTACGACACGTTCGG-1,0,paclitaxel
Data8_sample_30_ACTACGAGTGCATTTG-1,0,paclitaxel
Data8_sample_30_ACTACGATCATTACGG-1,0,paclitaxel
Data8_sample_30_ACTACGATCGATAACC-1,0,paclitaxel
Data8_sample_30_ACTATCTAGACAGCTG-1,0,paclitaxel
Data8_sample_30_ACTATCTAGAGCCGAT-1,0,paclitaxel
Data8_sample_30_ACTATCTAGGTACTGG-1,0,paclitaxel
Data8_sample_30_ACTATCTCAAGGGTCA-1,0,paclitaxel
Data8_sample_30_ACTATCTGTAATGCTC-1,0,paclitaxel
Data8_sample_30_ACTATCTGTACGACAG-1,0,paclitaxel
Data8_sample_30_ACTATCTGTACGAGCA-1,0,paclitaxel
Data8_sample_30_ACTATCTGTTAAGGGC-1,0,paclitaxel
Data8_sample_30_ACTATCTTCCTTGACC-1,0,paclitaxel
Data8_sample_30_ACTATCTTCGTGCATA-1,0,paclitaxel
Data8_sample_30_ACTATGGAGACGCAGT-1,0,paclitaxel
Data8_sample_30_ACTATGGCATAGGTTC-1,0,paclitaxel
Data8_sample_30_ACTATGGGTTGCCGAC-1,0,paclitaxel
Data8_sample_30_ACTATGGTCGCGGTAC-1,0,paclitaxel
Data8_sample_30_ACTATTCAGAGCACTG-1,0,paclitaxel
Data8_sample_30_ACTATTCGTACAAGTA-1,0,paclitaxel
Data8_sample_30_ACTATTCGTCAGTTTG-1,0,paclitaxel
Data8_sample_30_ACTATTCGTTATGTCG-1,0,paclitaxel
Data8_sample_30_ACTATTCTCGGCTGTG-1,0,paclitaxel
Data8_sample_30_ACTCCCAAGGCACTCC-1,0,paclitaxel
Data8_sample_30_ACTCTCGAGATACCAA-1,0,paclitaxel
Data8_sample_30_ACTCTCGCAGTTAGGG-1,0,paclitaxel
Data8_sample_30_ACTCTCGGTAATCAAG-1,0,paclitaxel
Data8_sample_30_ACTCTCGGTCCATAGT-1,0,paclitaxel
Data8_sample_30_ACTCTCGGTTCGGCGT-1,0,paclitaxel
Data8_sample_30_ACTGATGCAAGGAGTC-1,0,paclitaxel
Data8_sample_30_ACTGATGCAGTCGGTC-1,0,paclitaxel
Data8_sample_30_ACTGATGTCATGTCAG-1,0,paclitaxel
Data8_sample_30_ACTGATGTCCAGCCTT-1,0,paclitaxel
Data8_sample_30_ACTGATGTCTGGCCTT-1,0,paclitaxel
Data8_sample_30_ACTGCAACACTCCACT-1,0,paclitaxel
Data8_sample_30_ACTGCAACATTGAGCT-1,0,paclitaxel
Data8_sample_30_ACTGCAAGTCAAGGCA-1,0,paclitaxel
Data8_sample_30_ACTGCAAGTGAGGATC-1,0,paclitaxel
Data8_sample_30_ACTGCAATCATAGACC-1,0,paclitaxel
Data8_sample_30_ACTGTCCAGCGTTAGG-1,0,paclitaxel
Data8_sample_30_ACTGTCCAGGTGCCAA-1,0,paclitaxel
Data8_sample_30_ACTGTCCCACGTCGGT-1,0,paclitaxel
Data8_sample_30_ACTGTCCCAGAGATGC-1,0,paclitaxel
Data8_sample_30_ACTGTGAAGAGGTGCT-1,0,paclitaxel
Data8_sample_30_ACTGTGAAGCATTTGC-1,0,paclitaxel
Data8_sample_30_ACTGTGAAGTCAATCC-1,0,paclitaxel
Data8_sample_30_ACTGTGACAAAGGCGT-1,0,paclitaxel
Data8_sample_30_ACTGTGACAGAGGGTT-1,0,paclitaxel
Data8_sample_30_ACTGTGAGTAACGCGA-1,0,paclitaxel
Data8_sample_30_ACTGTGAGTACAGAAT-1,0,paclitaxel
Data8_sample_30_ACTGTGAGTCTACTGA-1,0,paclitaxel
Data8_sample_30_ACTGTGATCCCTAGGG-1,0,paclitaxel
Data8_sample_30_ACTTAGGCAAACTCGT-1,0,paclitaxel
Data8_sample_30_ACTTAGGCACTGTCCT-1,0,paclitaxel
Data8_sample_30_ACTTAGGTCGGAATGG-1,0,paclitaxel
Data8_sample_30_ACTTAGGTCTAACGCA-1,0,paclitaxel
Data8_sample_30_ACTTATCAGACGTCGA-1,0,paclitaxel
Data8_sample_30_ACTTATCAGCCGTTGC-1,0,paclitaxel
Data8_sample_30_ACTTATCCACCTCTAC-1,0,paclitaxel
Data8_sample_30_ACTTATCCATGTGACT-1,0,paclitaxel
Data8_sample_30_ACTTATCGTAGGACCA-1,0,paclitaxel
Data8_sample_30_ACTTATCGTCCGGATC-1,0,paclitaxel
Data8_sample_30_ACTTATCGTCCTACAA-1,0,paclitaxel
Data8_sample_30_ACTTATCGTCTTACAG-1,0,paclitaxel
Data8_sample_30_ACTTATCTCAGCTTCC-1,0,paclitaxel
Data8_sample_30_ACTTATCTCTGACGCG-1,0,paclitaxel
Data8_sample_30_ACTTCCGAGAAGAACG-1,0,paclitaxel
Data8_sample_30_ACTTCCGAGGCCTGCT-1,0,paclitaxel
Data8_sample_30_ACTTCCGGTATGAGGC-1,0,paclitaxel
Data8_sample_30_ACTTCCGGTCCTCCTA-1,0,paclitaxel
Data8_sample_30_ACTTCCGGTCGCATTA-1,0,paclitaxel
Data8_sample_30_ACTTCCGGTTCGGCCA-1,0,paclitaxel
Data8_sample_30_ACTTCCGTCATTCGGA-1,0,paclitaxel
Data8_sample_30_ACTTCCGTCCCTCTAG-1,0,paclitaxel
Data8_sample_30_ACTTCCGTCGACGCGT-1,0,paclitaxel
Data8_sample_30_ACTTCCGTCGGTCGAC-1,0,paclitaxel
Data8_sample_30_ACTTCCGTCGTTCTAT-1,0,paclitaxel
Data8_sample_30_ACTTCCGTCTAGTCAG-1,0,paclitaxel
Data8_sample_30_ACTTCGCGTGGTAATA-1,0,paclitaxel
Data8_sample_30_ACTTTCAAGCAGAAAG-1,0,paclitaxel
Data8_sample_30_ACTTTCAAGCCGATTT-1,0,paclitaxel
Data8_sample_30_ACTTTCAAGTTGGGAC-1,0,paclitaxel
Data8_sample_30_ACTTTCAAGTTTCTTC-1,0,paclitaxel
Data8_sample_30_ACTTTCACAATTGCAC-1,0,paclitaxel
Data8_sample_30_ACTTTCAGTGTGTGTT-1,0,paclitaxel
Data8_sample_30_ACTTTCAGTTGTGTAC-1,0,paclitaxel
Data8_sample_30_ACTTTCATCCCAACTC-1,0,paclitaxel
Data8_sample_30_ACTTTGTAGCCTCTTC-1,0,paclitaxel
Data8_sample_30_ACTTTGTAGCTGTCCG-1,0,paclitaxel
Data8_sample_30_ACTTTGTCACGTCATA-1,0,paclitaxel
Data8_sample_30_ACTTTGTGTATCATGC-1,0,paclitaxel
Data8_sample_30_ACTTTGTGTCAAGCGA-1,0,paclitaxel
Data8_sample_30_ACTTTGTGTGACGTCC-1,0,paclitaxel
Data8_sample_30_ACTTTGTTCCGTACGG-1,0,paclitaxel
Data8_sample_30_AGAAATGAGCGTGCCT-1,0,paclitaxel
Data8_sample_30_AGAAATGCACAGCCAC-1,0,paclitaxel
Data8_sample_30_AGAAATGCAGAGGCTA-1,0,paclitaxel
Data8_sample_30_AGAAATGGTTTGGAAA-1,0,paclitaxel
Data8_sample_30_AGAACAACACATACGT-1,0,paclitaxel
Data8_sample_30_AGAACAACATACCACA-1,0,paclitaxel
Data8_sample_30_AGAACAACATGTACGT-1,0,paclitaxel
Data8_sample_30_AGAACAAGTCGATTCA-1,0,paclitaxel
Data8_sample_30_AGAACAAGTGTTATCG-1,0,paclitaxel
Data8_sample_30_AGAACAAGTGTTCAGT-1,0,paclitaxel
Data8_sample_30_AGAACAAGTGTTCCAA-1,0,paclitaxel
Data8_sample_30_AGAACAAGTTACCTTT-1,0,paclitaxel
Data8_sample_30_AGAACCTCACAACGAG-1,0,paclitaxel
Data8_sample_30_AGAACCTGTCACTAGT-1,0,paclitaxel
Data8_sample_30_AGAACCTTCCTACCGT-1,0,paclitaxel
Data8_sample_30_AGAACCTTCGAGTGGA-1,0,paclitaxel
Data8_sample_30_AGAAGCGGTGGTCCCA-1,0,paclitaxel
Data8_sample_30_AGAAGCGGTTTCGCTC-1,0,paclitaxel
Data8_sample_30_AGAAGTAAGTATTAGG-1,0,paclitaxel
Data8_sample_30_AGAAGTAAGTGATAGT-1,0,paclitaxel
Data8_sample_30_AGAAGTACACATATCG-1,0,paclitaxel
Data8_sample_30_AGAAGTAGTCAGGTAG-1,0,paclitaxel
Data8_sample_30_AGAAGTAGTTGCATTG-1,0,paclitaxel
Data8_sample_30_AGAAGTATCATGGGAG-1,0,paclitaxel
Data8_sample_30_AGACAAAAGCCTAGGA-1,0,paclitaxel
Data8_sample_30_AGACAAACACTTGACA-1,0,paclitaxel
Data8_sample_30_AGACAAACAGTTCCAA-1,0,paclitaxel
Data8_sample_30_AGACACTGTTGCCTAA-1,0,paclitaxel
Data8_sample_30_AGACAGGCATGGGCAA-1,0,paclitaxel
Data8_sample_30_AGACCATAGCGTCTGC-1,0,paclitaxel
Data8_sample_30_AGACCATAGGGTACGT-1,0,paclitaxel
Data8_sample_30_AGACCATAGTTGGAAT-1,0,paclitaxel
Data8_sample_30_AGACCATGTTGCGAAG-1,0,paclitaxel
Data8_sample_30_AGACCCGAGAATCGCG-1,0,paclitaxel
Data8_sample_30_AGACCCGAGTGCCCGT-1,0,paclitaxel
Data8_sample_30_AGACCCGCACATGACT-1,0,paclitaxel
Data8_sample_30_AGACCCGCACCTCTAC-1,0,paclitaxel
Data8_sample_30_AGACCCGCACTTGAAC-1,0,paclitaxel
Data8_sample_30_AGACCCGGTAAGCGGT-1,0,paclitaxel
Data8_sample_30_AGACCCGGTCGAACGA-1,0,paclitaxel
Data8_sample_30_AGACCCGGTCTTTCAT-1,0,paclitaxel
Data8_sample_30_AGACTCAGTAAGTAGT-1,0,paclitaxel
Data8_sample_30_AGACTCATCGTTCATT-1,0,paclitaxel
Data8_sample_30_AGACTCATCTCCGTGT-1,0,paclitaxel
Data8_sample_30_AGAGAATCAAAGGAGA-1,0,paclitaxel
Data8_sample_30_AGAGAATCAACGACTT-1,0,paclitaxel
Data8_sample_30_AGAGAATCAGGTATGG-1,0,paclitaxel
Data8_sample_30_AGAGAATGTCCTGTTC-1,0,paclitaxel
Data8_sample_30_AGAGAATGTGGCTCTG-1,0,paclitaxel
Data8_sample_30_AGAGAATTCCACGTGG-1,0,paclitaxel
Data8_sample_30_AGAGAGCAGGCTAGCA-1,0,paclitaxel
Data8_sample_30_AGAGAGCAGGGAGGTG-1,0,paclitaxel
Data8_sample_30_AGAGAGCAGGTAGATT-1,0,paclitaxel
Data8_sample_30_AGAGAGCCAATTCTTC-1,0,paclitaxel
Data8_sample_30_AGAGAGCCACAAGGTG-1,0,paclitaxel
Data8_sample_30_AGAGAGCCACCGTGGT-1,0,paclitaxel
Data8_sample_30_AGAGAGCCATGTACGT-1,0,paclitaxel
Data8_sample_30_AGAGAGCTCTAGTTCT-1,0,paclitaxel
Data8_sample_30_AGAGCAGGTTGGAGGT-1,0,paclitaxel
Data8_sample_30_AGAGCCCAGATCGGTG-1,0,paclitaxel
Data8_sample_30_AGAGCCCAGCGATGGT-1,0,paclitaxel
Data8_sample_30_AGAGCCCCATAATCCG-1,0,paclitaxel
Data8_sample_30_AGATAGAAGTTTGAGA-1,0,paclitaxel
Data8_sample_30_AGATAGACAAAGGGCT-1,0,paclitaxel
Data8_sample_30_AGATAGATCCCTATTA-1,0,paclitaxel
Data8_sample_30_AGATCCAAGGAACTAT-1,0,paclitaxel
Data8_sample_30_AGATCCAAGTCTAGCT-1,0,paclitaxel
Data8_sample_30_AGATCCACAAGTCATC-1,0,paclitaxel
Data8_sample_30_AGATCCAGTACCGGCT-1,0,paclitaxel
Data8_sample_30_AGATCCAGTGTAGTGG-1,0,paclitaxel
Data8_sample_30_AGATCCATCTCCGCAT-1,0,paclitaxel
Data8_sample_30_AGATCGTAGACCTCAT-1,0,paclitaxel
Data8_sample_30_AGATCGTAGTACTGGG-1,0,paclitaxel
Data8_sample_30_AGATCGTCAAACTCGT-1,0,paclitaxel
Data8_sample_30_AGATCGTCAGCGAACA-1,0,paclitaxel
Data8_sample_30_AGATCGTTCTTCTAAC-1,0,paclitaxel
Data8_sample_30_AGATGAAAGCCTCTTC-1,0,paclitaxel
Data8_sample_30_AGATGAAGTACACGTT-1,0,paclitaxel
Data8_sample_30_AGATGAAGTATCATGC-1,0,paclitaxel
Data8_sample_30_AGATGAAGTCGTTATG-1,0,paclitaxel
Data8_sample_30_AGATGAAGTTCTCAGA-1,0,paclitaxel
Data8_sample_30_AGATGAATCAAACGAA-1,0,paclitaxel
Data8_sample_30_AGATGAATCTTGTTAC-1,0,paclitaxel
Data8_sample_30_AGATGCTAGGTGTGAC-1,0,paclitaxel
Data8_sample_30_AGATGCTCAGGAGACT-1,0,paclitaxel
Data8_sample_30_AGATGCTGTGGATTTC-1,0,paclitaxel
Data8_sample_30_AGATGCTTCTATCCAT-1,0,paclitaxel
Data8_sample_30_AGATGCTTCTCCGTGT-1,0,paclitaxel
Data8_sample_30_AGCATCAAGTATTGCC-1,0,paclitaxel
Data8_sample_30_AGCATCACAGCGGTTC-1,0,paclitaxel
Data8_sample_30_AGCATCAGTCCCGCAA-1,0,paclitaxel
Data8_sample_30_AGCATCAGTTCTCACC-1,0,paclitaxel
Data8_sample_30_AGCATCATCCTAGCGG-1,0,paclitaxel
Data8_sample_30_AGCATCATCTGCTCTG-1,0,paclitaxel
Data8_sample_30_AGCATCATCTTGCGCT-1,0,paclitaxel
Data8_sample_30_AGCCAATAGATACGAT-1,0,paclitaxel
Data8_sample_30_AGCCAATAGTCGTCTA-1,0,paclitaxel
Data8_sample_30_AGCCAATCAAACTAAG-1,0,paclitaxel
Data8_sample_30_AGCCAATCAACCGCTG-1,0,paclitaxel
Data8_sample_30_AGCCAATCATCATTTC-1,0,paclitaxel
Data8_sample_30_AGCCAATGTGTACAGG-1,0,paclitaxel
Data8_sample_30_AGCCAATTCCCATAGA-1,0,paclitaxel
Data8_sample_30_AGCCACGAGAGGTATT-1,0,paclitaxel
Data8_sample_30_AGCCACGAGATGAACT-1,0,paclitaxel
Data8_sample_30_AGCCACGCATAGCTGT-1,0,paclitaxel
Data8_sample_30_AGCCACGGTAGACAGC-1,0,paclitaxel
Data8_sample_30_AGCCACGTCGAGTGAG-1,0,paclitaxel
Data8_sample_30_AGCCACGTCGTAACTG-1,0,paclitaxel
Data8_sample_30_AGCCAGCAGCGGTAGT-1,0,paclitaxel
Data8_sample_30_AGCCAGCCACAATGAA-1,0,paclitaxel
Data8_sample_30_AGCCAGCCACATAGCT-1,0,paclitaxel
Data8_sample_30_AGCCAGCCACGTCGGT-1,0,paclitaxel
Data8_sample_30_AGCCAGCTCGAATCCA-1,0,paclitaxel
Data8_sample_30_AGCGATTAGAGCTGAC-1,0,paclitaxel
Data8_sample_30_AGCGATTAGCAGTAAT-1,0,paclitaxel
Data8_sample_30_AGCGATTAGGATGTTA-1,0,paclitaxel
Data8_sample_30_AGCGATTAGGTCTACT-1,0,paclitaxel
Data8_sample_30_AGCGATTCAATCAAGA-1,0,paclitaxel
Data8_sample_30_AGCGATTCAGTCCGTG-1,0,paclitaxel
Data8_sample_30_AGCGATTCATTGCTTT-1,0,paclitaxel
Data8_sample_30_AGCGATTGTGATTCTG-1,0,paclitaxel
Data8_sample_30_AGCGATTTCGCTACGG-1,0,paclitaxel
Data8_sample_30_AGCGATTTCTTACCGC-1,0,paclitaxel
Data8_sample_30_AGCGCCAAGTCTAGAA-1,0,paclitaxel
Data8_sample_30_AGCGCCACAAACTAGA-1,0,paclitaxel
Data8_sample_30_AGCGCCACAAATCAGA-1,0,paclitaxel
Data8_sample_30_AGCGCCACAAGTATCC-1,0,paclitaxel
Data8_sample_30_AGCGCCACAAGTGGCA-1,0,paclitaxel
Data8_sample_30_AGCGCCAGTTAGTCGT-1,0,paclitaxel
Data8_sample_30_AGCGCCATCGACGTCG-1,0,paclitaxel
Data8_sample_30_AGCGCTGTCACAGAGG-1,0,paclitaxel
Data8_sample_30_AGCGCTGTCCTTGGAA-1,0,paclitaxel
Data8_sample_30_AGCGCTGTCGCTCTAC-1,0,paclitaxel
Data8_sample_30_AGCGCTGTCGGTAGGA-1,0,paclitaxel
Data8_sample_30_AGCGCTGTCGTCGGGT-1,0,paclitaxel
Data8_sample_30_AGCGTATAGAAGCTGC-1,0,paclitaxel
Data8_sample_30_AGCGTATAGCCAACCC-1,0,paclitaxel
Data8_sample_30_AGCGTATCAGTTGCGC-1,0,paclitaxel
Data8_sample_30_AGCGTATGTCCCACGA-1,0,paclitaxel
Data8_sample_30_AGCGTATGTTATGACC-1,0,paclitaxel
Data8_sample_30_AGCGTATTCATCTGTT-1,0,paclitaxel
Data8_sample_30_AGCGTATTCGCATAGT-1,0,paclitaxel
Data8_sample_30_AGCGTCGAGATTGACA-1,0,paclitaxel
Data8_sample_30_AGCGTCGAGCACGGAT-1,0,paclitaxel
Data8_sample_30_AGCGTCGCACGTTCGG-1,0,paclitaxel
Data8_sample_30_AGCTACAAGTGGACTG-1,0,paclitaxel
Data8_sample_30_AGCTACACACTTTATC-1,0,paclitaxel
Data8_sample_30_AGCTACACAGAAATTG-1,0,paclitaxel
Data8_sample_30_AGCTACACATAATCGC-1,0,paclitaxel
Data8_sample_30_AGCTACAGTACTGCGC-1,0,paclitaxel
Data8_sample_30_AGCTACATCTTCCGTG-1,0,paclitaxel
Data8_sample_30_AGCTCAAAGAGCTTTC-1,0,paclitaxel
Data8_sample_30_AGCTCAAAGCTGTTAC-1,0,paclitaxel
Data8_sample_30_AGCTCAACATGTCTAG-1,0,paclitaxel
Data8_sample_30_AGCTCAAGTCCAGAAG-1,0,paclitaxel
Data8_sample_30_AGCTCAAGTTTCTATC-1,0,paclitaxel
Data8_sample_30_AGCTCAATCATGAGTC-1,0,paclitaxel
Data8_sample_30_AGCTCAATCTCAGTCC-1,0,paclitaxel
Data8_sample_30_AGCTCAATCTGAGAGG-1,0,paclitaxel
Data8_sample_30_AGCTTCCAGAAGGCTC-1,0,paclitaxel
Data8_sample_30_AGCTTCCAGGTTCCAT-1,0,paclitaxel
Data8_sample_30_AGCTTCCAGTTGTCGT-1,0,paclitaxel
Data8_sample_30_AGCTTCCCAACACTAC-1,0,paclitaxel
Data8_sample_30_AGCTTCCCAACTCGAT-1,0,paclitaxel
Data8_sample_30_AGCTTCCCACCAAAGG-1,0,paclitaxel
Data8_sample_30_AGCTTCCCAGTAACGG-1,0,paclitaxel
Data8_sample_30_AGCTTCCCATTCTCCG-1,0,paclitaxel
Data8_sample_30_AGCTTCCGTAGGTACG-1,0,paclitaxel
Data8_sample_30_AGCTTCCGTGATGAAT-1,0,paclitaxel
Data8_sample_30_AGCTTCCTCCGGACGT-1,0,paclitaxel
Data8_sample_30_AGGAAATAGCCTCGTG-1,0,paclitaxel
Data8_sample_30_AGGAAATGTCGTTTCC-1,0,paclitaxel
Data8_sample_30_AGGAAATGTTAGAGTA-1,0,paclitaxel
Data8_sample_30_AGGAAATTCCATTCGC-1,0,paclitaxel
Data8_sample_30_AGGAAATTCGTACCTC-1,0,paclitaxel
Data8_sample_30_AGGAATAAGGCTAAAT-1,0,paclitaxel
Data8_sample_30_AGGAATAAGTCACACT-1,0,paclitaxel
Data8_sample_30_AGGAATAAGTCGGCAA-1,0,paclitaxel
Data8_sample_30_AGGAATATCACCTTAT-1,0,paclitaxel
Data8_sample_30_AGGAATATCCTCAGAA-1,0,paclitaxel
Data8_sample_30_AGGACGAAGAAGTGTT-1,0,paclitaxel
Data8_sample_30_AGGACGAAGATGTTGA-1,0,paclitaxel
Data8_sample_30_AGGACGAAGCAATTCC-1,0,paclitaxel
Data8_sample_30_AGGACGACAAGGTCTT-1,0,paclitaxel
Data8_sample_30_AGGACGACATACGCAT-1,0,paclitaxel
Data8_sample_30_AGGACGAGTTTCGTAG-1,0,paclitaxel
Data8_sample_30_AGGACTTAGCGTCTCG-1,0,paclitaxel
Data8_sample_30_AGGACTTAGGATGTTA-1,0,paclitaxel
Data8_sample_30_AGGACTTCAGGCGATA-1,0,paclitaxel
Data8_sample_30_AGGACTTCATATGCGT-1,0,paclitaxel
Data8_sample_30_AGGACTTCATCTTCGC-1,0,paclitaxel
Data8_sample_30_AGGACTTGTATGAAAC-1,0,paclitaxel
Data8_sample_30_AGGACTTTCACCTGTC-1,0,paclitaxel
Data8_sample_30_AGGACTTTCACTGGTA-1,0,paclitaxel
Data8_sample_30_AGGAGGTAGCCTTCTC-1,0,paclitaxel
Data8_sample_30_AGGAGGTCAGCGGTCT-1,0,paclitaxel
Data8_sample_30_AGGAGGTGTCATCACA-1,0,paclitaxel
Data8_sample_30_AGGAGGTGTGGGTTGA-1,0,paclitaxel
Data8_sample_30_AGGAGGTTCCTACAAG-1,0,paclitaxel
Data8_sample_30_AGGATAAAGATGAATC-1,0,paclitaxel
Data8_sample_30_AGGATAAAGGTTCCAT-1,0,paclitaxel
Data8_sample_30_AGGATAACAATACCTG-1,0,paclitaxel
Data8_sample_30_AGGATAACAGATACCT-1,0,paclitaxel
Data8_sample_30_AGGATAACAGGCCTGT-1,0,paclitaxel
Data8_sample_30_AGGATAACAGGTGAGT-1,0,paclitaxel
Data8_sample_30_AGGATAAGTAGGGTAC-1,0,paclitaxel
Data8_sample_30_AGGATAATCAGCGCGT-1,0,paclitaxel
Data8_sample_30_AGGATCTAGGCCTAGA-1,0,paclitaxel
Data8_sample_30_AGGATCTAGTAGGCCA-1,0,paclitaxel
Data8_sample_30_AGGATCTCAATTGCTG-1,0,paclitaxel
Data8_sample_30_AGGATCTCACCTGTCT-1,0,paclitaxel
Data8_sample_30_AGGATCTCACGGTGTC-1,0,paclitaxel
Data8_sample_30_AGGATCTTCTCTAAGG-1,0,paclitaxel
Data8_sample_30_AGGATCTTCTTCGGAA-1,0,paclitaxel
Data8_sample_30_AGGCATTCAACTCGAT-1,0,paclitaxel
Data8_sample_30_AGGCATTGTATCATGC-1,0,paclitaxel
Data8_sample_30_AGGCATTGTCATTCCC-1,0,paclitaxel
Data8_sample_30_AGGCCACAGCTGTACT-1,0,paclitaxel
Data8_sample_30_AGGCCACAGGTGCCTC-1,0,paclitaxel
Data8_sample_30_AGGCCACCACTTGACA-1,0,paclitaxel
Data8_sample_30_AGGCCACGTGAACCGA-1,0,paclitaxel
Data8_sample_30_AGGCCACTCTGTCGTC-1,0,paclitaxel
Data8_sample_30_AGGCTGCCAGGATGAC-1,0,paclitaxel
Data8_sample_30_AGGCTGCGTCTCGACG-1,0,paclitaxel
Data8_sample_30_AGGCTGCGTTCCGCGA-1,0,paclitaxel
Data8_sample_30_AGGCTGCTCGGTCAGC-1,0,paclitaxel
Data8_sample_30_AGGCTGCTCGTTCGCT-1,0,paclitaxel
Data8_sample_30_AGGGAGTAGACTAGAT-1,0,paclitaxel
Data8_sample_30_AGGGAGTAGAGGCGTT-1,0,paclitaxel
Data8_sample_30_AGGGAGTAGTGCTCGC-1,0,paclitaxel
Data8_sample_30_AGGGAGTGTACAAAGT-1,0,paclitaxel
Data8_sample_30_AGGGAGTGTCCGATCG-1,0,paclitaxel
Data8_sample_30_AGGGAGTGTCTCGCGA-1,0,paclitaxel
Data8_sample_30_AGGGAGTGTGTCATGT-1,0,paclitaxel
Data8_sample_30_AGGGAGTTCTATACTC-1,0,paclitaxel
Data8_sample_30_AGGGCCTAGCGCCTAC-1,0,paclitaxel
Data8_sample_30_AGGGCCTGTCGTTTCC-1,0,paclitaxel
Data8_sample_30_AGGGCCTGTGTCTCCT-1,0,paclitaxel
Data8_sample_30_AGGGCCTGTTGTCAGT-1,0,paclitaxel
Data8_sample_30_AGGGCTCAGCATAGGC-1,0,paclitaxel
Data8_sample_30_AGGGCTCCAAAGGAGA-1,0,paclitaxel
Data8_sample_30_AGGGCTCCAATCCTTT-1,0,paclitaxel
Data8_sample_30_AGGGCTCCAGAACTTC-1,0,paclitaxel
Data8_sample_30_AGGGCTCGTCAGCGTC-1,0,paclitaxel
Data8_sample_30_AGGGCTCGTGGCCCAT-1,0,paclitaxel
Data8_sample_30_AGGGTCCCATAGATCC-1,0,paclitaxel
Data8_sample_30_AGGGTCCGTTTGTTGG-1,0,paclitaxel
Data8_sample_30_AGGGTCCTCCCAAGCG-1,0,paclitaxel
Data8_sample_30_AGGGTGAAGGGACTGT-1,0,paclitaxel
Data8_sample_30_AGGGTGACACATAACC-1,0,paclitaxel
Data8_sample_30_AGGGTGAGTCGCTTGG-1,0,paclitaxel
Data8_sample_30_AGGGTGAGTGTGTACT-1,0,paclitaxel
Data8_sample_30_AGGGTTTAGCGTCAGA-1,0,paclitaxel
Data8_sample_30_AGGTAGGAGCTCAGAG-1,0,paclitaxel
Data8_sample_30_AGGTAGGAGGTTGCCC-1,0,paclitaxel
Data8_sample_30_AGGTAGGAGTGATAGT-1,0,paclitaxel
Data8_sample_30_AGGTCATAGAACCCGA-1,0,paclitaxel
Data8_sample_30_AGGTCATAGGGTTGCA-1,0,paclitaxel
Data8_sample_30_AGGTCATAGTGACCTT-1,0,paclitaxel
Data8_sample_30_AGGTCATCAAAGGGCT-1,0,paclitaxel
Data8_sample_30_AGGTCATCATACATCG-1,0,paclitaxel
Data8_sample_30_AGGTCATCATACGCAT-1,0,paclitaxel
Data8_sample_30_AGGTCTAAGTCCCAAT-1,0,paclitaxel
Data8_sample_30_AGGTCTAGTCGTGGTC-1,0,paclitaxel
Data8_sample_30_AGGTCTAGTTGAATCC-1,0,paclitaxel
Data8_sample_30_AGGTCTATCCATCTGC-1,0,paclitaxel
Data8_sample_30_AGGTCTATCGCATAGT-1,0,paclitaxel
Data8_sample_30_AGGTGTTCAACCAACT-1,0,paclitaxel
Data8_sample_30_AGGTGTTCAATGTGGG-1,0,paclitaxel
Data8_sample_30_AGGTGTTGTATCATGC-1,0,paclitaxel
Data8_sample_30_AGGTGTTGTGAGCAGT-1,0,paclitaxel
Data8_sample_30_AGGTGTTTCAACTTTC-1,0,paclitaxel
Data8_sample_30_AGGTGTTTCTACGGTA-1,0,paclitaxel
Data8_sample_30_AGGTGTTTCTGAGATC-1,0,paclitaxel
Data8_sample_30_AGGTTACAGATGTTGA-1,0,paclitaxel
Data8_sample_30_AGGTTACAGCTCATAC-1,0,paclitaxel
Data8_sample_30_AGGTTACCATGGGTTT-1,0,paclitaxel
Data8_sample_30_AGGTTACTCTGATGGT-1,0,paclitaxel
Data8_sample_30_AGGTTGTAGTAGCATA-1,0,paclitaxel
Data8_sample_30_AGGTTGTCACACGTGC-1,0,paclitaxel
Data8_sample_30_AGGTTGTCAGTGCCTG-1,0,paclitaxel
Data8_sample_30_AGTAACCCAGATGCGA-1,0,paclitaxel
Data8_sample_30_AGTAACCGTCGGTGAA-1,0,paclitaxel
Data8_sample_30_AGTAACCGTGGAATGC-1,0,paclitaxel
Data8_sample_30_AGTAACCGTTCCGGTG-1,0,paclitaxel
Data8_sample_30_AGTACCAAGAGTAACT-1,0,paclitaxel
Data8_sample_30_AGTACCAAGATTGATG-1,0,paclitaxel
Data8_sample_30_AGTACCAAGCATGTTC-1,0,paclitaxel
Data8_sample_30_AGTACCACAACTCATG-1,0,paclitaxel
Data8_sample_30_AGTACCACAGCGGATA-1,0,paclitaxel
Data8_sample_30_AGTACCACAGCTTCCT-1,0,paclitaxel
Data8_sample_30_AGTACCATCACCGCTT-1,0,paclitaxel
Data8_sample_30_AGTACCATCACTACTT-1,0,paclitaxel
Data8_sample_30_AGTACCATCCAGCCTT-1,0,paclitaxel
Data8_sample_30_AGTACCATCCGTGGGT-1,0,paclitaxel
Data8_sample_30_AGTACTGAGAGGATCC-1,0,paclitaxel
Data8_sample_30_AGTACTGGTCAGTCGC-1,0,paclitaxel
Data8_sample_30_AGTACTGGTCATGACT-1,0,paclitaxel
Data8_sample_30_AGTACTGGTCCATACA-1,0,paclitaxel
Data8_sample_30_AGTACTGGTCGAGCAA-1,0,paclitaxel
Data8_sample_30_AGTAGCTCACTCTAGA-1,0,paclitaxel
Data8_sample_30_AGTAGCTGTTGGCCGT-1,0,paclitaxel
Data8_sample_30_AGTAGCTTCAAGTGGG-1,0,paclitaxel
Data8_sample_30_AGTAGCTTCTGAGGCC-1,0,paclitaxel
Data8_sample_30_AGTAGTCAGAGAGAAC-1,0,paclitaxel
Data8_sample_30_AGTAGTCAGCACTAAA-1,0,paclitaxel
Data8_sample_30_AGTAGTCAGCTACAAA-1,0,paclitaxel
Data8_sample_30_AGTAGTCAGCTGCGAA-1,0,paclitaxel
Data8_sample_30_AGTAGTCAGTAACAGT-1,0,paclitaxel
Data8_sample_30_AGTAGTCCACCCAATA-1,0,paclitaxel
Data8_sample_30_AGTAGTCGTGAATTGA-1,0,paclitaxel
Data8_sample_30_AGTAGTCTCGCTCTCA-1,0,paclitaxel
Data8_sample_30_AGTCAACAGAAGCCAC-1,0,paclitaxel
Data8_sample_30_AGTCAACGTCGAAACG-1,0,paclitaxel
Data8_sample_30_AGTCACAAGCGTCAAG-1,0,paclitaxel
Data8_sample_30_AGTCACAAGTTGGCGA-1,0,paclitaxel
Data8_sample_30_AGTCACACACAGCATT-1,0,paclitaxel
Data8_sample_30_AGTCACACAGTGTACT-1,0,paclitaxel
Data8_sample_30_AGTCACAGTTAGGGTG-1,0,paclitaxel
Data8_sample_30_AGTCACATCAGACCCG-1,0,paclitaxel
Data8_sample_30_AGTCACATCTTCCTAA-1,0,paclitaxel
Data8_sample_30_AGTCATGAGCTGTTCA-1,0,paclitaxel
Data8_sample_30_AGTCATGAGTGCACAG-1,0,paclitaxel
Data8_sample_30_AGTCATGTCTGCATGA-1,0,paclitaxel
Data8_sample_30_AGTCTCCAGCCTCTCT-1,0,paclitaxel
Data8_sample_30_AGTCTCCAGGATATAC-1,0,paclitaxel
Data8_sample_30_AGTCTCCAGGGTAATT-1,0,paclitaxel
Data8_sample_30_AGTCTCCAGTGCGCTC-1,0,paclitaxel
Data8_sample_30_AGTCTCCGTCATAACC-1,0,paclitaxel
Data8_sample_30_AGTCTCCGTCTGTAGT-1,0,paclitaxel
Data8_sample_30_AGTCTCCTCCGTGGCA-1,0,paclitaxel
Data8_sample_30_AGTCTCCTCGACATTG-1,0,paclitaxel
Data8_sample_30_AGTGACTGTCATTGCA-1,0,paclitaxel
Data8_sample_30_AGTGACTGTGAATAAC-1,0,paclitaxel
Data8_sample_30_AGTGACTGTTACGATC-1,0,paclitaxel
Data8_sample_30_AGTGATCAGGATTTAG-1,0,paclitaxel
Data8_sample_30_AGTGATCGTCCTTTGC-1,0,paclitaxel
Data8_sample_30_AGTGATCTCGTTGTGA-1,0,paclitaxel
Data8_sample_30_AGTGATCTCTTGCGCT-1,0,paclitaxel
Data8_sample_30_AGTGCCGAGAGCCGAT-1,0,paclitaxel
Data8_sample_30_AGTGCCGAGTGCCAGA-1,0,paclitaxel
Data8_sample_30_AGTGCCGCACAGTGTT-1,0,paclitaxel
Data8_sample_30_AGTGCCGTCGCCAACG-1,0,paclitaxel
Data8_sample_30_AGTGCCGTCGTCTAAG-1,0,paclitaxel
Data8_sample_30_AGTGTTGAGTATGCAA-1,0,paclitaxel
Data8_sample_30_AGTGTTGCAAGAAACT-1,0,paclitaxel
Data8_sample_30_AGTGTTGCAGCGTTTA-1,0,paclitaxel
Data8_sample_30_AGTGTTGCATCGCTAA-1,0,paclitaxel
Data8_sample_30_AGTGTTGGTAAGACCG-1,0,paclitaxel
Data8_sample_30_AGTGTTGGTAGTGATA-1,0,paclitaxel
Data8_sample_30_AGTGTTGGTGGACTGA-1,0,paclitaxel
Data8_sample_30_AGTTAGCAGTAGCTCT-1,0,paclitaxel
Data8_sample_30_AGTTAGCCACAGAGCA-1,0,paclitaxel
Data8_sample_30_AGTTAGCCAGGAATCG-1,0,paclitaxel
Data8_sample_30_AGTTAGCGTATGCTAC-1,0,paclitaxel
Data8_sample_30_AGTTAGCGTTAGCTAC-1,0,paclitaxel
Data8_sample_30_AGTTAGCTCATCCTAT-1,0,paclitaxel
Data8_sample_30_AGTTAGCTCGCCCAGA-1,0,paclitaxel
Data8_sample_30_AGTTCCCAGCACCGAA-1,0,paclitaxel
Data8_sample_30_AGTTCCCAGGTGAGAA-1,0,paclitaxel
Data8_sample_30_AGTTCCCCAACTCGAT-1,0,paclitaxel
Data8_sample_30_AGTTCCCGTGGCGCTT-1,0,paclitaxel
Data8_sample_30_AGTTCCCTCACTCTTA-1,0,paclitaxel
Data8_sample_30_AGTTCCCTCAGACCGC-1,0,paclitaxel
Data8_sample_30_AGTTCCCTCCACCTGT-1,0,paclitaxel
Data8_sample_30_AGTTCGAAGAAGCCAC-1,0,paclitaxel
Data8_sample_30_AGTTCGACAACGTAAA-1,0,paclitaxel
Data8_sample_30_AGTTCGAGTTGCCGCA-1,0,paclitaxel
Data8_sample_30_AGTTCGATCAACTCTT-1,0,paclitaxel
Data8_sample_30_AGTTCGATCAATCGGT-1,0,paclitaxel
Data8_sample_30_ATACCGAAGGGTCACA-1,0,paclitaxel
Data8_sample_30_ATACCGAGTAGCGTTT-1,0,paclitaxel
Data8_sample_30_ATACCGATCAGCTGTA-1,0,paclitaxel
Data8_sample_30_ATACCGATCTATCACT-1,0,paclitaxel
Data8_sample_30_ATACCTTAGAATTGCA-1,0,paclitaxel
Data8_sample_30_ATACCTTAGATCGACG-1,0,paclitaxel
Data8_sample_30_ATACCTTCACCGGAAA-1,0,paclitaxel
Data8_sample_30_ATACCTTCACTCCCTA-1,0,paclitaxel
Data8_sample_30_ATACCTTTCTTACCAT-1,0,paclitaxel
Data8_sample_30_ATACTTCAGCAACTTC-1,0,paclitaxel
Data8_sample_30_ATACTTCCACGGTCTG-1,0,paclitaxel
Data8_sample_30_ATACTTCCATCTCAAG-1,0,paclitaxel
Data8_sample_30_ATACTTCTCATGCCAA-1,0,paclitaxel
Data8_sample_30_ATACTTCTCCTGGCTT-1,0,paclitaxel
Data8_sample_30_ATACTTCTCGTAGAGG-1,0,paclitaxel
Data8_sample_30_ATACTTCTCGTCACCT-1,0,paclitaxel
Data8_sample_30_ATACTTCTCGTTATCT-1,0,paclitaxel
Data8_sample_30_ATAGACCAGGAAAGGT-1,0,paclitaxel
Data8_sample_30_ATAGACCAGTCCTACA-1,0,paclitaxel
Data8_sample_30_ATAGACCCAAGACCGA-1,0,paclitaxel
Data8_sample_30_ATAGACCCACCGTACG-1,0,paclitaxel
Data8_sample_30_ATAGACCCATAATGCC-1,0,paclitaxel
Data8_sample_30_ATAGACCGTACAGTAA-1,0,paclitaxel
Data8_sample_30_ATAGACCGTTCAGCGC-1,0,paclitaxel
Data8_sample_30_ATAGAGAAGACTAGAT-1,0,paclitaxel
Data8_sample_30_ATAGAGACAACGATTC-1,0,paclitaxel
Data8_sample_30_ATAGAGACAGAAGCTG-1,0,paclitaxel
Data8_sample_30_ATAGAGACATGTGACT-1,0,paclitaxel
Data8_sample_30_ATAGAGATCGTAGTCA-1,0,paclitaxel
Data8_sample_30_ATAGGCTAGACCACGA-1,0,paclitaxel
Data8_sample_30_ATAGGCTAGTGGACGT-1,0,paclitaxel
Data8_sample_30_ATAGGCTCAACTCGTA-1,0,paclitaxel
Data8_sample_30_ATAGGCTGTAACACCT-1,0,paclitaxel
Data8_sample_30_ATAGGCTGTGCGAGTA-1,0,paclitaxel
Data8_sample_30_ATAGGCTGTGGATACG-1,0,paclitaxel
Data8_sample_30_ATAGGCTGTTGCCAAT-1,0,paclitaxel
Data8_sample_30_ATAGGCTTCGAATCCA-1,0,paclitaxel
Data8_sample_30_ATAGGCTTCGATAACC-1,0,paclitaxel
Data8_sample_30_ATATCCTAGCTCTGTA-1,0,paclitaxel
Data8_sample_30_ATATCCTAGTTGGAGC-1,0,paclitaxel
Data8_sample_30_ATATCCTCACATGAAA-1,0,paclitaxel
Data8_sample_30_ATATCCTGTACCCGCA-1,0,paclitaxel
Data8_sample_30_ATATCCTGTACGTTCA-1,0,paclitaxel
Data8_sample_30_ATATCCTGTCACTACA-1,0,paclitaxel
Data8_sample_30_ATATCCTGTGGAGGTT-1,0,paclitaxel
Data8_sample_30_ATATCCTGTTATTCCT-1,0,paclitaxel
Data8_sample_30_ATATCCTGTTGCCGAC-1,0,paclitaxel
Data8_sample_30_ATATCCTTCGACCCAG-1,0,paclitaxel
Data8_sample_30_ATATCCTTCTCTAAGG-1,0,paclitaxel
Data8_sample_30_ATCACAGAGGTGAGAA-1,0,paclitaxel
Data8_sample_30_ATCACAGAGTAGAGTT-1,0,paclitaxel
Data8_sample_30_ATCACAGGTTTCACTT-1,0,paclitaxel
Data8_sample_30_ATCACAGTCAAACCTG-1,0,paclitaxel
Data8_sample_30_ATCACAGTCAAAGACA-1,0,paclitaxel
Data8_sample_30_ATCACAGTCACCCTTG-1,0,paclitaxel
Data8_sample_30_ATCACAGTCCGATCTC-1,0,paclitaxel
Data8_sample_30_ATCACAGTCGGTAAGG-1,0,paclitaxel
Data8_sample_30_ATCACAGTCTAGACAC-1,0,paclitaxel
Data8_sample_30_ATCACGAAGTACCGGA-1,0,paclitaxel
Data8_sample_30_ATCACTTAGATGGTCG-1,0,paclitaxel
Data8_sample_30_ATCACTTAGTCGCGAA-1,0,paclitaxel
Data8_sample_30_ATCACTTCATTGAGCT-1,0,paclitaxel
Data8_sample_30_ATCACTTTCGGTCTGG-1,0,paclitaxel
Data8_sample_30_ATCACTTTCTCAGGCG-1,0,paclitaxel
Data8_sample_30_ATCAGGTAGCATGCAG-1,0,paclitaxel
Data8_sample_30_ATCAGGTCAATACGAA-1,0,paclitaxel
Data8_sample_30_ATCAGGTGTGAAGCTG-1,0,paclitaxel
Data8_sample_30_ATCAGGTGTGGCTTAT-1,0,paclitaxel
Data8_sample_30_ATCATTCAGCGCCATC-1,0,paclitaxel
Data8_sample_30_ATCCACCGTGGTCTGC-1,0,paclitaxel
Data8_sample_30_ATCCACCGTTGCGGAA-1,0,paclitaxel
Data8_sample_30_ATCCACCTCCAGCAAT-1,0,paclitaxel
Data8_sample_30_ATCCACCTCGGCAGTC-1,0,paclitaxel
Data8_sample_30_ATCCACCTCTGCCCTA-1,0,paclitaxel
Data8_sample_30_ATCCATTAGGGTTGCA-1,0,paclitaxel
Data8_sample_30_ATCCATTAGGTGGCTA-1,0,paclitaxel
Data8_sample_30_ATCCATTAGTGGACTG-1,0,paclitaxel
Data8_sample_30_ATCCATTCAAAGACTA-1,0,paclitaxel
Data8_sample_30_ATCCATTCAACGGCTC-1,0,paclitaxel
Data8_sample_30_ATCCATTCACGAGGTA-1,0,paclitaxel
Data8_sample_30_ATCCATTCAGCTGCCA-1,0,paclitaxel
Data8_sample_30_ATCCATTGTCTGCGCA-1,0,paclitaxel
Data8_sample_30_ATCCATTGTTTGAAAG-1,0,paclitaxel
Data8_sample_30_ATCCCTGCAACACGAG-1,0,paclitaxel
Data8_sample_30_ATCCCTGCAATGAGCG-1,0,paclitaxel
Data8_sample_30_ATCCCTGCATGTTACG-1,0,paclitaxel
Data8_sample_30_ATCCCTGGTATGAGAT-1,0,paclitaxel
Data8_sample_30_ATCCCTGGTGCTATTG-1,0,paclitaxel
Data8_sample_30_ATCCCTGGTTCTCGCT-1,0,paclitaxel
Data8_sample_30_ATCCCTGTCACCGGGT-1,0,paclitaxel
Data8_sample_30_ATCCCTGTCGACATCA-1,0,paclitaxel
Data8_sample_30_ATCCCTGTCGCGAAGA-1,0,paclitaxel
Data8_sample_30_ATCCGTCCACGGTGTC-1,0,paclitaxel
Data8_sample_30_ATCCGTCGTGCCTTTC-1,0,paclitaxel
Data8_sample_30_ATCCGTCTCAACTCTT-1,0,paclitaxel
Data8_sample_30_ATCCGTCTCACTGATG-1,0,paclitaxel
Data8_sample_30_ATCCGTCTCGTCGCTT-1,0,paclitaxel
Data8_sample_30_ATCCTATAGAGGATCC-1,0,paclitaxel
Data8_sample_30_ATCCTATCAATGTCAC-1,0,paclitaxel
Data8_sample_30_ATCCTATCAATTCGTG-1,0,paclitaxel
Data8_sample_30_ATCCTATCATAATCGC-1,0,paclitaxel
Data8_sample_30_ATCCTATGTGGCTACC-1,0,paclitaxel
Data8_sample_30_ATCCTATGTGTCTTAG-1,0,paclitaxel
Data8_sample_30_ATCCTATTCTGCCTGT-1,0,paclitaxel
Data8_sample_30_ATCGATGCAATCGCGC-1,0,paclitaxel
Data8_sample_30_ATCGATGGTCTTCTAT-1,0,paclitaxel
Data8_sample_30_ATCGATGTCGGAGCAA-1,0,paclitaxel
Data8_sample_30_ATCGCCTAGCGAATGC-1,0,paclitaxel
Data8_sample_30_ATCGCCTAGGAACGAA-1,0,paclitaxel
Data8_sample_30_ATCGCCTAGGTTAGTA-1,0,paclitaxel
Data8_sample_30_ATCGCCTCACAGAAGC-1,0,paclitaxel
Data8_sample_30_ATCGCCTGTAATTGGA-1,0,paclitaxel
Data8_sample_30_ATCGCCTGTACAGGTG-1,0,paclitaxel
Data8_sample_30_ATCGCCTGTTTCTATC-1,0,paclitaxel
Data8_sample_30_ATCGCCTTCACCTCTG-1,0,paclitaxel
Data8_sample_30_ATCGGATAGACGGATC-1,0,paclitaxel
Data8_sample_30_ATCGGATAGTCTCTGA-1,0,paclitaxel
Data8_sample_30_ATCGGATAGTGCACTT-1,0,paclitaxel
Data8_sample_30_ATCGGATCAACACTAC-1,0,paclitaxel
Data8_sample_30_ATCGGATCAACTCGTA-1,0,paclitaxel
Data8_sample_30_ATCGGATCACTGAGGA-1,0,paclitaxel
Data8_sample_30_ATCGGATCATCTATCT-1,0,paclitaxel
Data8_sample_30_ATCGGATGTCTTCATT-1,0,paclitaxel
Data8_sample_30_ATCGGATTCGTAGCCG-1,0,paclitaxel
Data8_sample_30_ATCGGATTCTTAAGGC-1,0,paclitaxel
Data8_sample_30_ATCGGCGAGCTCCACG-1,0,paclitaxel
Data8_sample_30_ATCGGCGCAACTCGTA-1,0,paclitaxel
Data8_sample_30_ATCGGCGCACAACGTT-1,0,paclitaxel
Data8_sample_30_ATCGGCGGTGTAGCAG-1,0,paclitaxel
Data8_sample_30_ATCGTAGAGACAAGCC-1,0,paclitaxel
Data8_sample_30_ATCGTAGAGTAACGAT-1,0,paclitaxel
Data8_sample_30_ATCGTAGCACGGTGTC-1,0,paclitaxel
Data8_sample_30_ATCGTAGGTGTGTTTG-1,0,paclitaxel
Data8_sample_30_ATCGTCCGTAGCCAGA-1,0,paclitaxel
Data8_sample_30_ATCGTCCTCACTCACC-1,0,paclitaxel
Data8_sample_30_ATCGTGACAAAGCTAA-1,0,paclitaxel
Data8_sample_30_ATCGTGACACCGCTGA-1,0,paclitaxel
Data8_sample_30_ATCGTGATCTTGGCTC-1,0,paclitaxel
Data8_sample_30_ATCTCTAAGAGGTTAT-1,0,paclitaxel
Data8_sample_30_ATCTCTAAGGTTCTTG-1,0,paclitaxel
Data8_sample_30_ATCTCTACAGAGACTG-1,0,paclitaxel
Data8_sample_30_ATCTCTACATGAAAGT-1,0,paclitaxel
Data8_sample_30_ATCTCTACATTGCTTT-1,0,paclitaxel
Data8_sample_30_ATCTCTAGTATTGAGA-1,0,paclitaxel
Data8_sample_30_ATCTCTAGTGATTGGG-1,0,paclitaxel
Data8_sample_30_ATCTCTATCCACTAGA-1,0,paclitaxel
Data8_sample_30_ATCTCTATCCGTGCGA-1,0,paclitaxel
Data8_sample_30_ATCTCTATCGCTAATG-1,0,paclitaxel
Data8_sample_30_ATCTTCACACTGAGTT-1,0,paclitaxel
Data8_sample_30_ATCTTCACAGCAGGAT-1,0,paclitaxel
Data8_sample_30_ATCTTCACAGTTGGTT-1,0,paclitaxel
Data8_sample_30_ATCTTCAGTTCGGCGT-1,0,paclitaxel
Data8_sample_30_ATCTTCATCCACGGAC-1,0,paclitaxel
Data8_sample_30_ATCTTCATCGCAGTTA-1,0,paclitaxel
Data8_sample_30_ATCTTCATCTTCCCGA-1,0,paclitaxel
Data8_sample_30_ATGAAAGAGCGTTCAT-1,0,paclitaxel
Data8_sample_30_ATGAAAGAGCTGGCTC-1,0,paclitaxel
Data8_sample_30_ATGAAAGAGGTAAGGA-1,0,paclitaxel
Data8_sample_30_ATGAAAGCAAGCTCTA-1,0,paclitaxel
Data8_sample_30_ATGAAAGCACGACAGA-1,0,paclitaxel
Data8_sample_30_ATGAAAGCATCGATGT-1,0,paclitaxel
Data8_sample_30_ATGAAAGGTCAAACGG-1,0,paclitaxel
Data8_sample_30_ATGAAAGTCACTGATG-1,0,paclitaxel
Data8_sample_30_ATGACCACACTGCACG-1,0,paclitaxel
Data8_sample_30_ATGACCAGTACGTTCA-1,0,paclitaxel
Data8_sample_30_ATGACCAGTGTTCGAT-1,0,paclitaxel
Data8_sample_30_ATGACCATCAAAGGAT-1,0,paclitaxel
Data8_sample_30_ATGACCATCACAATGC-1,0,paclitaxel
Data8_sample_30_ATGACCATCACGAACT-1,0,paclitaxel
Data8_sample_30_ATGACCATCGCTGATA-1,0,paclitaxel
Data8_sample_30_ATGACCATCGCTTTAT-1,0,paclitaxel
Data8_sample_30_ATGACCATCGTCGATA-1,0,paclitaxel
Data8_sample_30_ATGAGGGCACGCGTGT-1,0,paclitaxel
Data8_sample_30_ATGAGGGCATCAGTGT-1,0,paclitaxel
Data8_sample_30_ATGAGGGGTATGCGGA-1,0,paclitaxel
Data8_sample_30_ATGAGGGTCATCCTGC-1,0,paclitaxel
Data8_sample_30_ATGAGGGTCGCAGTTA-1,0,paclitaxel
Data8_sample_30_ATGAGGGTCGCGTGAC-1,0,paclitaxel
Data8_sample_30_ATGAGTCAGGAGTATT-1,0,paclitaxel
Data8_sample_30_ATGAGTCCACGCACCA-1,0,paclitaxel
Data8_sample_30_ATGAGTCGTGGCCTCA-1,0,paclitaxel
Data8_sample_30_ATGAGTCGTGGTTTGT-1,0,paclitaxel
Data8_sample_30_ATGATCGCACCAGCTG-1,0,paclitaxel
Data8_sample_30_ATGCATGAGGACATCG-1,0,paclitaxel
Data8_sample_30_ATGCATGGTATCTCGA-1,0,paclitaxel
Data8_sample_30_ATGCATGTCAATCTTC-1,0,paclitaxel
Data8_sample_30_ATGCATGTCCTGGGAC-1,0,paclitaxel
Data8_sample_30_ATGCCTCAGTGCGTCC-1,0,paclitaxel
Data8_sample_30_ATGCCTCGTATCGGTT-1,0,paclitaxel
Data8_sample_30_ATGCCTCGTATTGACC-1,0,paclitaxel
Data8_sample_30_ATGCGATAGCCGGAAT-1,0,paclitaxel
Data8_sample_30_ATGCGATAGTGCACTT-1,0,paclitaxel
Data8_sample_30_ATGCGATTCGCCTTGT-1,0,paclitaxel
Data8_sample_30_ATGGAGGAGATAGCAT-1,0,paclitaxel
Data8_sample_30_ATGGAGGAGTTTCGGT-1,0,paclitaxel
Data8_sample_30_ATGGAGGCAACGTAAA-1,0,paclitaxel
Data8_sample_30_ATGGAGGTCTACTGAG-1,0,paclitaxel
Data8_sample_30_ATGGATCCACCCTATC-1,0,paclitaxel
Data8_sample_30_ATGGATCCAGAGACTG-1,0,paclitaxel
Data8_sample_30_ATGGATCGTAGATGTA-1,0,paclitaxel
Data8_sample_30_ATGGGAGCAAATGGAT-1,0,paclitaxel
Data8_sample_30_ATGGGAGGTCGAGCTC-1,0,paclitaxel
Data8_sample_30_ATGGGAGTCGGACTGC-1,0,paclitaxel
Data8_sample_30_ATGGGTTCAACACACT-1,0,paclitaxel
Data8_sample_30_ATGGGTTGTACGCTTA-1,0,paclitaxel
Data8_sample_30_ATGGGTTTCACATACG-1,0,paclitaxel
Data8_sample_30_ATGGGTTTCTTCCACG-1,0,paclitaxel
Data8_sample_30_ATGGTTGAGCTTACGT-1,0,paclitaxel
Data8_sample_30_ATGGTTGCACCGAATT-1,0,paclitaxel
Data8_sample_30_ATGGTTGGTACCTAAC-1,0,paclitaxel
Data8_sample_30_ATGGTTGGTGTTGAGG-1,0,paclitaxel
Data8_sample_30_ATGGTTGTCGAACCTA-1,0,paclitaxel
Data8_sample_30_ATGTCCCAGGCACTCC-1,0,paclitaxel
Data8_sample_30_ATGTCCCCAAACTAGA-1,0,paclitaxel
Data8_sample_30_ATGTCCCCAACAGTGG-1,0,paclitaxel
Data8_sample_30_ATGTCCCCAGTATACC-1,0,paclitaxel
Data8_sample_30_ATGTCCCGTCCAGCCA-1,0,paclitaxel
Data8_sample_30_ATGTCCCGTGACCGTC-1,0,paclitaxel
Data8_sample_30_ATGTCCCGTTAAACAG-1,0,paclitaxel
Data8_sample_30_ATGTCCCTCACGGGCT-1,0,paclitaxel
Data8_sample_30_ATGTCCCTCTGGGATT-1,0,paclitaxel
Data8_sample_30_ATGTCTTCATCTTCGC-1,0,paclitaxel
Data8_sample_30_ATTACCTAGCAGGTCA-1,0,paclitaxel
Data8_sample_30_ATTACCTCAGCACCCA-1,0,paclitaxel
Data8_sample_30_ATTACCTCAGGCATTT-1,0,paclitaxel
Data8_sample_30_ATTACCTTCCCGTTGT-1,0,paclitaxel
Data8_sample_30_ATTACCTTCCGTAGGC-1,0,paclitaxel
Data8_sample_30_ATTACCTTCGTGGGAA-1,0,paclitaxel
Data8_sample_30_ATTACTCCAGGTTCCG-1,0,paclitaxel
Data8_sample_30_ATTACTCGTGTCATTG-1,0,paclitaxel
Data8_sample_30_ATTACTCTCCATAGGT-1,0,paclitaxel
Data8_sample_30_ATTATCCAGAGCTGCA-1,0,paclitaxel
Data8_sample_30_ATTATCCAGTCTAGAA-1,0,paclitaxel
Data8_sample_30_ATTATCCCAAAGCGTG-1,0,paclitaxel
Data8_sample_30_ATTATCCGTAGTAAGT-1,0,paclitaxel
Data8_sample_30_ATTATCCGTAGTGCGA-1,0,paclitaxel
Data8_sample_30_ATTCACTAGACTTGTC-1,0,paclitaxel
Data8_sample_30_ATTCACTCATAATGAG-1,0,paclitaxel
Data8_sample_30_ATTCACTCATCCGGTG-1,0,paclitaxel
Data8_sample_30_ATTCACTCATGAATCC-1,0,paclitaxel
Data8_sample_30_ATTCACTCATTGGATC-1,0,paclitaxel
Data8_sample_30_ATTCACTGTATCGAGG-1,0,paclitaxel
Data8_sample_30_ATTCACTTCACCGGGT-1,0,paclitaxel
Data8_sample_30_ATTCACTTCAGGAAGC-1,0,paclitaxel
Data8_sample_30_ATTCACTTCGCCTTGT-1,0,paclitaxel
Data8_sample_30_ATTCAGGAGAGCGACT-1,0,paclitaxel
Data8_sample_30_ATTCAGGAGGTATAGT-1,0,paclitaxel
Data8_sample_30_ATTCAGGCACCCATAA-1,0,paclitaxel
Data8_sample_30_ATTCAGGTCACTCGAA-1,0,paclitaxel
Data8_sample_30_ATTCAGGTCATGTCTT-1,0,paclitaxel
Data8_sample_30_ATTCAGGTCCAACACA-1,0,paclitaxel
Data8_sample_30_ATTCAGGTCTAGACAC-1,0,paclitaxel
Data8_sample_30_ATTCATCAGCTAAACA-1,0,paclitaxel
Data8_sample_30_ATTCATCAGGAACGCT-1,0,paclitaxel
Data8_sample_30_ATTCATCAGGGCGAAG-1,0,paclitaxel
Data8_sample_30_ATTCATCAGGTCATTC-1,0,paclitaxel
Data8_sample_30_ATTCATCCAAGAGGCT-1,0,paclitaxel
Data8_sample_30_ATTCATCTCTAGTGTG-1,0,paclitaxel
Data8_sample_30_ATTCCATAGCTCCGAC-1,0,paclitaxel
Data8_sample_30_ATTCCATAGGAGATAG-1,0,paclitaxel
Data8_sample_30_ATTCCATAGGCTTAAA-1,0,paclitaxel
Data8_sample_30_ATTCCATCAAATTAGG-1,0,paclitaxel
Data8_sample_30_ATTCCATCAGACCATT-1,0,paclitaxel
Data8_sample_30_ATTCCATGTTGGGTAG-1,0,paclitaxel
Data8_sample_30_ATTCCATTCGGCGATC-1,0,paclitaxel
Data8_sample_30_ATTCCATTCTATCACT-1,0,paclitaxel
Data8_sample_30_ATTCCCGCAATAGAGT-1,0,paclitaxel
Data8_sample_30_ATTCCCGCAGTCGCTG-1,0,paclitaxel
Data8_sample_30_ATTCCCGGTCAAGTTC-1,0,paclitaxel
Data8_sample_30_ATTCCCGGTCTGTAGT-1,0,paclitaxel
Data8_sample_30_ATTCCCGTCATTTGGG-1,0,paclitaxel
Data8_sample_30_ATTCCCGTCGGTCTAA-1,0,paclitaxel
Data8_sample_30_ATTCCTACAGGCTTGC-1,0,paclitaxel
Data8_sample_30_ATTCCTAGTATACAGA-1,0,paclitaxel
Data8_sample_30_ATTCCTAGTGTACATC-1,0,paclitaxel
Data8_sample_30_ATTCGTTCATTGTCGA-1,0,paclitaxel
Data8_sample_30_ATTCGTTGTTCGGTTA-1,0,paclitaxel
Data8_sample_30_ATTCGTTTCCACTGGG-1,0,paclitaxel
Data8_sample_30_ATTCGTTTCTTCTAAC-1,0,paclitaxel
Data8_sample_30_ATTCTACAGAGGTGCT-1,0,paclitaxel
Data8_sample_30_ATTCTACCATCTGGGC-1,0,paclitaxel
Data8_sample_30_ATTCTTGAGTCGCCCA-1,0,paclitaxel
Data8_sample_30_ATTCTTGCAGGCGAAT-1,0,paclitaxel
Data8_sample_30_ATTCTTGCATTGTACG-1,0,paclitaxel
Data8_sample_30_ATTCTTGGTCACCTTC-1,0,paclitaxel
Data8_sample_30_ATTCTTGGTGACTCTA-1,0,paclitaxel
Data8_sample_30_ATTCTTGTCACCGACG-1,0,paclitaxel
Data8_sample_30_ATTCTTGTCTCATGGA-1,0,paclitaxel
Data8_sample_30_ATTGGGTGTCGGAAAC-1,0,paclitaxel
Data8_sample_30_ATTGGGTGTTCCACAA-1,0,paclitaxel
Data8_sample_30_ATTGGGTTCCCATAAG-1,0,paclitaxel
Data8_sample_30_ATTGGGTTCTGTCGCT-1,0,paclitaxel
Data8_sample_30_ATTGTTCAGTGTGTTC-1,0,paclitaxel
Data8_sample_30_ATTGTTCCAATCTCTT-1,0,paclitaxel
Data8_sample_30_ATTGTTCGTCAGACTT-1,0,paclitaxel
Data8_sample_30_ATTGTTCGTCGGTAAG-1,0,paclitaxel
Data8_sample_30_ATTTACCAGATGTTGA-1,0,paclitaxel
Data8_sample_30_ATTTACCAGCATACTC-1,0,paclitaxel
Data8_sample_30_ATTTACCAGTTCCGGC-1,0,paclitaxel
Data8_sample_30_ATTTACCCAACCGCTG-1,0,paclitaxel
Data8_sample_30_ATTTACCCAATCTGCA-1,0,paclitaxel
Data8_sample_30_ATTTACCGTATGGTTC-1,0,paclitaxel
Data8_sample_30_ATTTACCTCACTGATG-1,0,paclitaxel
Data8_sample_30_ATTTACCTCGTCGATA-1,0,paclitaxel
Data8_sample_30_ATTTACCTCTGTCGTC-1,0,paclitaxel
Data8_sample_30_ATTTCACAGGAGTCTG-1,0,paclitaxel
Data8_sample_30_ATTTCACGTACGTGTT-1,0,paclitaxel
Data8_sample_30_ATTTCACGTATCATGC-1,0,paclitaxel
Data8_sample_30_ATTTCACGTGGTCTTA-1,0,paclitaxel
Data8_sample_30_ATTTCACGTTGTGTTG-1,0,paclitaxel
Data8_sample_30_ATTTCACTCCAGTACA-1,0,paclitaxel
Data8_sample_30_ATTTCACTCGGCTTCT-1,0,paclitaxel
Data8_sample_30_ATTTCACTCGTTCATT-1,0,paclitaxel
Data8_sample_30_ATTTCTGAGGCTCAAG-1,0,paclitaxel
Data8_sample_30_ATTTCTGAGGTGGTTG-1,0,paclitaxel
Data8_sample_30_ATTTCTGCAATATCCG-1,0,paclitaxel
Data8_sample_30_ATTTCTGCATTAGGAA-1,0,paclitaxel
Data8_sample_30_ATTTCTGTCAGTCACA-1,0,paclitaxel
Data8_sample_30_ATTTCTGTCCAACTGA-1,0,paclitaxel
Data8_sample_30_CAAAGAAAGCCGGATA-1,0,paclitaxel
Data8_sample_30_CAAAGAAAGCCTAACT-1,0,paclitaxel
Data8_sample_30_CAAAGAAAGTACCGGA-1,0,paclitaxel
Data8_sample_30_CAAAGAAGTCACTTCC-1,0,paclitaxel
Data8_sample_30_CAAAGAATCGACCAAT-1,0,paclitaxel
Data8_sample_30_CAACAACAGCAAATGT-1,0,paclitaxel
Data8_sample_30_CAACAACGTCGAGCAA-1,0,paclitaxel
Data8_sample_30_CAACAACGTGACGCCT-1,0,paclitaxel
Data8_sample_30_CAACAGTAGCAATTCC-1,0,paclitaxel
Data8_sample_30_CAACAGTAGTCTCCTC-1,0,paclitaxel
Data8_sample_30_CAACAGTCATGACAAA-1,0,paclitaxel
Data8_sample_30_CAACAGTCATTGCCGG-1,0,paclitaxel
Data8_sample_30_CAACAGTTCCATAGGT-1,0,paclitaxel
Data8_sample_30_CAACAGTTCGGTCGAC-1,0,paclitaxel
Data8_sample_30_CAACAGTTCTATCGCC-1,0,paclitaxel
Data8_sample_30_CAACCAACAACCGATT-1,0,paclitaxel
Data8_sample_30_CAACCAACAGAAATCA-1,0,paclitaxel
Data8_sample_30_CAACCAACAGCATTGT-1,0,paclitaxel
Data8_sample_30_CAACCAATCAAGGAGC-1,0,paclitaxel
Data8_sample_30_CAACCAATCTCGAGTA-1,0,paclitaxel
Data8_sample_30_CAACCTCAGCAGCCTC-1,0,paclitaxel
Data8_sample_30_CAACCTCGTGTATTGC-1,0,paclitaxel
Data8_sample_30_CAACCTCGTTGAAGTA-1,0,paclitaxel
Data8_sample_30_CAACCTCTCATCACTT-1,0,paclitaxel
Data8_sample_30_CAACCTCTCGAGCCAC-1,0,paclitaxel
Data8_sample_30_CAACCTCTCTTCACAT-1,0,paclitaxel
Data8_sample_30_CAACGATAGCTACAAA-1,0,paclitaxel
Data8_sample_30_CAACGATGTATGCTAC-1,0,paclitaxel
Data8_sample_30_CAACGATTCGCCGTGA-1,0,paclitaxel
Data8_sample_30_CAACGGCCAAGAGGTC-1,0,paclitaxel
Data8_sample_30_CAACGGCCAGCCTATA-1,0,paclitaxel
Data8_sample_30_CAACGGCGTGTCCACG-1,0,paclitaxel
Data8_sample_30_CAACGGCGTTATGACC-1,0,paclitaxel
Data8_sample_30_CAACGGCGTTGGATCT-1,0,paclitaxel
Data8_sample_30_CAAGACTAGACTTCAC-1,0,paclitaxel
Data8_sample_30_CAAGACTAGCCATTTG-1,0,paclitaxel
Data8_sample_30_CAAGACTAGTTACGAA-1,0,paclitaxel
Data8_sample_30_CAAGACTCAGCACCCA-1,0,paclitaxel
Data8_sample_30_CAAGACTCAGCGTGAA-1,0,paclitaxel
Data8_sample_30_CAAGACTCAGGTCAGA-1,0,paclitaxel
Data8_sample_30_CAAGACTGTCCGAAGA-1,0,paclitaxel
Data8_sample_30_CAAGACTGTGGTCTTA-1,0,paclitaxel
Data8_sample_30_CAAGACTTCTACTGAG-1,0,paclitaxel
Data8_sample_30_CAAGAGGAGTTGCATC-1,0,paclitaxel
Data8_sample_30_CAAGAGGCACTGATTG-1,0,paclitaxel
Data8_sample_30_CAAGAGGGTGACTATC-1,0,paclitaxel
Data8_sample_30_CAAGAGGTCGAGATAA-1,0,paclitaxel
Data8_sample_30_CAAGAGGTCGGTTGTA-1,0,paclitaxel
Data8_sample_30_CAAGCTAAGCGCGTTC-1,0,paclitaxel
Data8_sample_30_CAAGCTAAGTGTAGTA-1,0,paclitaxel
Data8_sample_30_CAAGCTACAAGAAATC-1,0,paclitaxel
Data8_sample_30_CAAGCTACAGGCGTTC-1,0,paclitaxel
Data8_sample_30_CAAGCTAGTAACTGCT-1,0,paclitaxel
Data8_sample_30_CAAGCTAGTCACATTG-1,0,paclitaxel
Data8_sample_30_CAAGCTATCGTTCTAT-1,0,paclitaxel
Data8_sample_30_CAAGCTATCTCAATCT-1,0,paclitaxel
Data8_sample_30_CAAGGGAAGCACCAGA-1,0,paclitaxel
Data8_sample_30_CAAGGGAAGCGTTAGG-1,0,paclitaxel
Data8_sample_30_CAAGGGACAGCGTGCT-1,0,paclitaxel
Data8_sample_30_CAAGGGAGTCTGCATA-1,0,paclitaxel
Data8_sample_30_CAAGGGAGTGAGTCAG-1,0,paclitaxel
Data8_sample_30_CAAGGGAGTGTTCCAA-1,0,paclitaxel
Data8_sample_30_CAAGGGATCCATCTCG-1,0,paclitaxel
Data8_sample_30_CAATACGAGCTGTTAC-1,0,paclitaxel
Data8_sample_30_CAATACGCATTGCTGA-1,0,paclitaxel
Data8_sample_30_CAATCGAAGATTGAGT-1,0,paclitaxel
Data8_sample_30_CAATCGAAGTAATTGG-1,0,paclitaxel
Data8_sample_30_CAATCGAAGTCACACT-1,0,paclitaxel
Data8_sample_30_CAATCGACAAGTATAG-1,0,paclitaxel
Data8_sample_30_CAATCGAGTGTGACCC-1,0,paclitaxel
Data8_sample_30_CAATCGATCGCTCCTA-1,0,paclitaxel
Data8_sample_30_CAATGACAGATTCGCT-1,0,paclitaxel
Data8_sample_30_CAATTTCAGTGCTAGG-1,0,paclitaxel
Data8_sample_30_CAATTTCCAATTAGGA-1,0,paclitaxel
Data8_sample_30_CAATTTCGTAGATTAG-1,0,paclitaxel
Data8_sample_30_CAATTTCTCCGCTTAC-1,0,paclitaxel
Data8_sample_30_CAATTTCTCTCAGAAC-1,0,paclitaxel
Data8_sample_30_CACAACAAGCTAGCCC-1,0,paclitaxel
Data8_sample_30_CACAACAAGGAACGCT-1,0,paclitaxel
Data8_sample_30_CACAACACAAGACAAT-1,0,paclitaxel
Data8_sample_30_CACAACACAGACCCGT-1,0,paclitaxel
Data8_sample_30_CACAACATCATTGTGG-1,0,paclitaxel
Data8_sample_30_CACAACATCGACACCG-1,0,paclitaxel
Data8_sample_30_CACACAAGTAACACGG-1,0,paclitaxel
Data8_sample_30_CACACAAGTGTTAGCT-1,0,paclitaxel
Data8_sample_30_CACACAATCCAATGCA-1,0,paclitaxel
Data8_sample_30_CACAGATAGAATCGCG-1,0,paclitaxel
Data8_sample_30_CACAGGCAGCAGCAGT-1,0,paclitaxel
Data8_sample_30_CACAGGCAGGAACTCG-1,0,paclitaxel
Data8_sample_30_CACAGGCCACCACATA-1,0,paclitaxel
Data8_sample_30_CACAGGCGTCATAAAG-1,0,paclitaxel
Data8_sample_30_CACAGGCGTGTCCACG-1,0,paclitaxel
Data8_sample_30_CACAGGCGTTACAGCT-1,0,paclitaxel
Data8_sample_30_CACAGGCTCCACGTGG-1,0,paclitaxel
Data8_sample_30_CACATGACACAAAGCG-1,0,paclitaxel
Data8_sample_30_CACATGAGTGCCAAGA-1,0,paclitaxel
Data8_sample_30_CACATGAGTGTGTGTT-1,0,paclitaxel
Data8_sample_30_CACCAAAAGAGAAGGT-1,0,paclitaxel
Data8_sample_30_CACCAAAAGCCGCTTG-1,0,paclitaxel
Data8_sample_30_CACCAAAAGCCTCGTG-1,0,paclitaxel
Data8_sample_30_CACCAAAAGCGCCGTT-1,0,paclitaxel
Data8_sample_30_CACCAAACAACCGTGC-1,0,paclitaxel
Data8_sample_30_CACCAAAGTAGGAGTC-1,0,paclitaxel
Data8_sample_30_CACCAAAGTGCGACAA-1,0,paclitaxel
Data8_sample_30_CACCAAATCGGCTGGT-1,0,paclitaxel
Data8_sample_30_CACCGTTAGCACCGAA-1,0,paclitaxel
Data8_sample_30_CACCGTTCAACATCGT-1,0,paclitaxel
Data8_sample_30_CACCGTTTCACATCAG-1,0,paclitaxel
Data8_sample_30_CACCGTTTCTCGCGTT-1,0,paclitaxel
Data8_sample_30_CACGAATCACCCTTGT-1,0,paclitaxel
Data8_sample_30_CACGAATCAGTGACCC-1,0,paclitaxel
Data8_sample_30_CACGAATCATGACACT-1,0,paclitaxel
Data8_sample_30_CACGAATCATGTGACT-1,0,paclitaxel
Data8_sample_30_CACGAATGTCATGCAT-1,0,paclitaxel
Data8_sample_30_CACGAATGTGACTGTT-1,0,paclitaxel
Data8_sample_30_CACGAATTCTCTCTTC-1,0,paclitaxel
Data8_sample_30_CACGGGTAGGTCCGAA-1,0,paclitaxel
Data8_sample_30_CACGGGTCAAATCAAG-1,0,paclitaxel
Data8_sample_30_CACGGGTTCCATGATG-1,0,paclitaxel
Data8_sample_30_CACGTGGAGCAGGCTA-1,0,paclitaxel
Data8_sample_30_CACGTGGAGCCTTTCC-1,0,paclitaxel
Data8_sample_30_CACGTGGAGGAAAGTG-1,0,paclitaxel
Data8_sample_30_CACGTGGCATCCGCGA-1,0,paclitaxel
Data8_sample_30_CACGTGGGTAATACCC-1,0,paclitaxel
Data8_sample_30_CACGTGGGTAGTAAGT-1,0,paclitaxel
Data8_sample_30_CACGTTCAGGACTTCT-1,0,paclitaxel
Data8_sample_30_CACGTTCAGTCCCTAA-1,0,paclitaxel
Data8_sample_30_CACGTTCCATACCATG-1,0,paclitaxel
Data8_sample_30_CACGTTCGTGATAGAT-1,0,paclitaxel
Data8_sample_30_CACGTTCGTTACACTG-1,0,paclitaxel
Data8_sample_30_CACGTTCTCAAGGTGG-1,0,paclitaxel
Data8_sample_30_CACGTTCTCACACCGG-1,0,paclitaxel
Data8_sample_30_CACGTTCTCAGCTTCC-1,0,paclitaxel
Data8_sample_30_CACGTTCTCCGGCAGT-1,0,paclitaxel
Data8_sample_30_CACTAAGAGGTCACTT-1,0,paclitaxel
Data8_sample_30_CACTAAGAGGTCCAGA-1,0,paclitaxel
Data8_sample_30_CACTAAGAGTAACAGT-1,0,paclitaxel
Data8_sample_30_CACTAAGCACTTGTCC-1,0,paclitaxel
Data8_sample_30_CACTAAGCAGAGCCCT-1,0,paclitaxel
Data8_sample_30_CACTAAGTCAATCCGA-1,0,paclitaxel
Data8_sample_30_CACTAAGTCCGTGGGT-1,0,paclitaxel
Data8_sample_30_CACTAAGTCTCTCTTC-1,0,paclitaxel
Data8_sample_30_CACTGAACACAACGCC-1,0,paclitaxel
Data8_sample_30_CACTGAACACGTACTA-1,0,paclitaxel
Data8_sample_30_CACTGAAGTACGTAGG-1,0,paclitaxel
Data8_sample_30_CACTGAATCAACACGT-1,0,paclitaxel
Data8_sample_30_CACTGAATCCGCGGAT-1,0,paclitaxel
Data8_sample_30_CACTGGGAGAACCGCA-1,0,paclitaxel
Data8_sample_30_CACTGGGAGACCATTC-1,0,paclitaxel
Data8_sample_30_CACTGGGAGCACACAG-1,0,paclitaxel
Data8_sample_30_CACTGGGCACACGCCA-1,0,paclitaxel
Data8_sample_30_CACTGGGCAGAGATGC-1,0,paclitaxel
Data8_sample_30_CACTGGGGTAGCGTCC-1,0,paclitaxel
Data8_sample_30_CACTGGGGTCTTCGAA-1,0,paclitaxel
Data8_sample_30_CACTGGGGTTCGGCTG-1,0,paclitaxel
Data8_sample_30_CACTGGGTCATGGATC-1,0,paclitaxel
Data8_sample_30_CACTGTCAGCACTCTA-1,0,paclitaxel
Data8_sample_30_CACTGTCAGGGTACAC-1,0,paclitaxel
Data8_sample_30_CACTGTCCAGCTGCCA-1,0,paclitaxel
Data8_sample_30_CACTGTCGTTATAGCC-1,0,paclitaxel
Data8_sample_30_CACTTCGAGAATTGCA-1,0,paclitaxel
Data8_sample_30_CACTTCGAGCTGAAAT-1,0,paclitaxel
Data8_sample_30_CACTTCGAGGCGAAGG-1,0,paclitaxel
Data8_sample_30_CACTTCGAGGGACACT-1,0,paclitaxel
Data8_sample_30_CACTTCGGTTGCCGCA-1,0,paclitaxel
Data8_sample_30_CACTTCGTCGGAGTAG-1,0,paclitaxel
Data8_sample_30_CAGAGCCAGCGTGCCT-1,0,paclitaxel
Data8_sample_30_CAGAGCCAGTCGTTAC-1,0,paclitaxel
Data8_sample_30_CAGAGCCCAATGAGCG-1,0,paclitaxel
Data8_sample_30_CAGAGCCCAGTGCCTG-1,0,paclitaxel
Data8_sample_30_CAGATACAGAAGCGCT-1,0,paclitaxel
Data8_sample_30_CAGATACAGGCTAACG-1,0,paclitaxel
Data8_sample_30_CAGATACCAGGTGTTT-1,0,paclitaxel
Data8_sample_30_CAGATACGTTCACCGG-1,0,paclitaxel
Data8_sample_30_CAGATACGTTTCGCTC-1,0,paclitaxel
Data8_sample_30_CAGATACTCACCACAA-1,0,paclitaxel
Data8_sample_30_CAGATACTCCGACATA-1,0,paclitaxel
Data8_sample_30_CAGATACTCTACACAG-1,0,paclitaxel
Data8_sample_30_CAGATCAAGAGTCAAT-1,0,paclitaxel
Data8_sample_30_CAGATCAAGTTGCTCA-1,0,paclitaxel
Data8_sample_30_CAGATCACAGCTCCTT-1,0,paclitaxel
Data8_sample_30_CAGATCACAGGCAATG-1,0,paclitaxel
Data8_sample_30_CAGATCAGTGTAGCAG-1,0,paclitaxel
Data8_sample_30_CAGATCATCATCGGGC-1,0,paclitaxel
Data8_sample_30_CAGATCATCTACGGTA-1,0,paclitaxel
Data8_sample_30_CAGATTGCAAATGGCG-1,0,paclitaxel
Data8_sample_30_CAGATTGCAACAAAGT-1,0,paclitaxel
Data8_sample_30_CAGATTGCACGTCTCT-1,0,paclitaxel
Data8_sample_30_CAGATTGCAGGCATTT-1,0,paclitaxel
Data8_sample_30_CAGATTGCATTGCTGA-1,0,paclitaxel
Data8_sample_30_CAGATTGGTTGGACTT-1,0,paclitaxel
Data8_sample_30_CAGCAATAGTAGATCA-1,0,paclitaxel
Data8_sample_30_CAGCAATAGTCACTAC-1,0,paclitaxel
Data8_sample_30_CAGCAATCAAGGTCTT-1,0,paclitaxel
Data8_sample_30_CAGCAATGTGCCGGTT-1,0,paclitaxel
Data8_sample_30_CAGCAATGTGCCGTTG-1,0,paclitaxel
Data8_sample_30_CAGCAATTCACGTCCT-1,0,paclitaxel
Data8_sample_30_CAGCACGCAGCATACT-1,0,paclitaxel
Data8_sample_30_CAGCACGCAGCATGCC-1,0,paclitaxel
Data8_sample_30_CAGCACGCATTGCCGG-1,0,paclitaxel
Data8_sample_30_CAGCACGGTATTCCTT-1,0,paclitaxel
Data8_sample_30_CAGCACGGTGTCCGGT-1,0,paclitaxel
Data8_sample_30_CAGCACGTCACCCTGT-1,0,paclitaxel
Data8_sample_30_CAGCACGTCCCTCATG-1,0,paclitaxel
Data8_sample_30_CAGCAGCCAAGCTGTT-1,0,paclitaxel
Data8_sample_30_CAGCAGCGTAGCTCGC-1,0,paclitaxel
Data8_sample_30_CAGCAGCTCAAATGAG-1,0,paclitaxel
Data8_sample_30_CAGCAGCTCGGTGCAC-1,0,paclitaxel
Data8_sample_30_CAGCCAGAGCAACAGC-1,0,paclitaxel
Data8_sample_30_CAGCCAGAGGTGGCTA-1,0,paclitaxel
Data8_sample_30_CAGCCAGCATGTTCAG-1,0,paclitaxel
Data8_sample_30_CAGCCAGTCGCGTGAC-1,0,paclitaxel
Data8_sample_30_CAGCCAGTCTCATTGT-1,0,paclitaxel
Data8_sample_30_CAGCGTGAGACTAAGT-1,0,paclitaxel
Data8_sample_30_CAGCGTGAGGACGCAT-1,0,paclitaxel
Data8_sample_30_CAGCGTGAGGCCCGTT-1,0,paclitaxel
Data8_sample_30_CAGCGTGAGTAGGCCA-1,0,paclitaxel
Data8_sample_30_CAGCGTGCACTTCAGA-1,0,paclitaxel
Data8_sample_30_CAGCGTGGTGACTCTA-1,0,paclitaxel
Data8_sample_30_CAGCGTGGTTTGGAGG-1,0,paclitaxel
Data8_sample_30_CAGCGTGTCCGCACTT-1,0,paclitaxel
Data8_sample_30_CAGGCCAAGACCAGCA-1,0,paclitaxel
Data8_sample_30_CAGGCCACAAGCAATA-1,0,paclitaxel
Data8_sample_30_CAGGCCACACTATCCC-1,0,paclitaxel
Data8_sample_30_CAGGCCACAGCAGTAG-1,0,paclitaxel
Data8_sample_30_CAGGCCAGTCGAATGG-1,0,paclitaxel
Data8_sample_30_CAGGCCATCCATTGGA-1,0,paclitaxel
Data8_sample_30_CAGGCCATCGCAATTG-1,0,paclitaxel
Data8_sample_30_CAGGCCATCTGGAGAG-1,0,paclitaxel
Data8_sample_30_CAGGGCTAGTAATACG-1,0,paclitaxel
Data8_sample_30_CAGGGCTCAGCTAACT-1,0,paclitaxel
Data8_sample_30_CAGGGCTCAGTAACAA-1,0,paclitaxel
Data8_sample_30_CAGGTATCAACTGATC-1,0,paclitaxel
Data8_sample_30_CAGGTATCAGAGTGAC-1,0,paclitaxel
Data8_sample_30_CAGTGCGCAGTAGTGG-1,0,paclitaxel
Data8_sample_30_CAGTGCGCATGCCGGT-1,0,paclitaxel
Data8_sample_30_CAGTGCGGTCATTGCA-1,0,paclitaxel
Data8_sample_30_CAGTTAGCAAATACAG-1,0,paclitaxel
Data8_sample_30_CAGTTAGGTCGATGCC-1,0,paclitaxel
Data8_sample_30_CAGTTCCAGATGTAGT-1,0,paclitaxel
Data8_sample_30_CAGTTCCAGGCAGGTT-1,0,paclitaxel
Data8_sample_30_CAGTTCCCAACATCGT-1,0,paclitaxel
Data8_sample_30_CAGTTCCCAGTGAGCA-1,0,paclitaxel
Data8_sample_30_CAGTTCCGTGAATATG-1,0,paclitaxel
Data8_sample_30_CAGTTCCGTTAGGACG-1,0,paclitaxel
Data8_sample_30_CAGTTCCTCCCGAGTG-1,0,paclitaxel
Data8_sample_30_CATAAGCTCCTCACGT-1,0,paclitaxel
Data8_sample_30_CATACAGAGCAATAGT-1,0,paclitaxel
Data8_sample_30_CATACAGAGTGATAGT-1,0,paclitaxel
Data8_sample_30_CATACAGGTGAACCGA-1,0,paclitaxel
Data8_sample_30_CATACAGTCCGTACGG-1,0,paclitaxel
Data8_sample_30_CATACCCAGTAGAATC-1,0,paclitaxel
Data8_sample_30_CATACCCAGTCCGTCG-1,0,paclitaxel
Data8_sample_30_CATACCCCACCTGCTT-1,0,paclitaxel
Data8_sample_30_CATACCCGTGGACCTC-1,0,paclitaxel
Data8_sample_30_CATACCCGTTAAGAAC-1,0,paclitaxel
Data8_sample_30_CATACCCGTTAGAGTA-1,0,paclitaxel
Data8_sample_30_CATACCCGTTCGTGCG-1,0,paclitaxel
Data8_sample_30_CATACTTAGAGGATGA-1,0,paclitaxel
Data8_sample_30_CATACTTAGCTCTTCC-1,0,paclitaxel
Data8_sample_30_CATACTTAGCTTCTAG-1,0,paclitaxel
Data8_sample_30_CATACTTAGTGCACCC-1,0,paclitaxel
Data8_sample_30_CATACTTCACCCGTAG-1,0,paclitaxel
Data8_sample_30_CATACTTCAGGCTACC-1,0,paclitaxel
Data8_sample_30_CATACTTGTAGTCACT-1,0,paclitaxel
Data8_sample_30_CATACTTGTCACATTG-1,0,paclitaxel
Data8_sample_30_CATACTTTCTGCCTGT-1,0,paclitaxel
Data8_sample_30_CATAGACCAAGCACCC-1,0,paclitaxel
Data8_sample_30_CATAGACTCTATCGGA-1,0,paclitaxel
Data8_sample_30_CATCAAGAGCCGATAG-1,0,paclitaxel
Data8_sample_30_CATCAAGCATGACAGG-1,0,paclitaxel
Data8_sample_30_CATCAAGGTTAGTTCG-1,0,paclitaxel
Data8_sample_30_CATCAAGTCCAGCCTT-1,0,paclitaxel
Data8_sample_30_CATCAAGTCGTGTGGC-1,0,paclitaxel
Data8_sample_30_CATCCACAGAGAGTTT-1,0,paclitaxel
Data8_sample_30_CATCCACAGCCTCAAT-1,0,paclitaxel
Data8_sample_30_CATCCACAGTTTCGGT-1,0,paclitaxel
Data8_sample_30_CATCCACGTTAACAGA-1,0,paclitaxel
Data8_sample_30_CATCCACGTTCCAAAC-1,0,paclitaxel
Data8_sample_30_CATCCCACACCATATG-1,0,paclitaxel
Data8_sample_30_CATCCCACACGCGCTA-1,0,paclitaxel
Data8_sample_30_CATCCCACACTGTGTA-1,0,paclitaxel
Data8_sample_30_CATCCCAGTAAGTAGT-1,0,paclitaxel
Data8_sample_30_CATCCCAGTACTAAGA-1,0,paclitaxel
Data8_sample_30_CATCCCAGTGGAGAAA-1,0,paclitaxel
Data8_sample_30_CATCCCAGTTCTCAGA-1,0,paclitaxel
Data8_sample_30_CATCCCATCCAAAGGG-1,0,paclitaxel
Data8_sample_30_CATCCCATCGACCAAT-1,0,paclitaxel
Data8_sample_30_CATCCCATCTCAACGA-1,0,paclitaxel
Data8_sample_30_CATCCCATCTGACGCG-1,0,paclitaxel
Data8_sample_30_CATCCGTAGTTTGGCT-1,0,paclitaxel
Data8_sample_30_CATCCGTCACACCTGG-1,0,paclitaxel
Data8_sample_30_CATCCGTCACTACCGG-1,0,paclitaxel
Data8_sample_30_CATCCGTCATATAGCC-1,0,paclitaxel
Data8_sample_30_CATCCGTCATGAGTAA-1,0,paclitaxel
Data8_sample_30_CATCCGTGTGTGATGG-1,0,paclitaxel
Data8_sample_30_CATCCGTTCCGGCTTT-1,0,paclitaxel
Data8_sample_30_CATCCGTTCCTATGGA-1,0,paclitaxel
Data8_sample_30_CATCGCTAGCGTGTCC-1,0,paclitaxel
Data8_sample_30_CATCGCTAGTATGAAC-1,0,paclitaxel
Data8_sample_30_CATCGCTCACTACACA-1,0,paclitaxel
Data8_sample_30_CATCGCTGTCCCGTGA-1,0,paclitaxel
Data8_sample_30_CATCGCTGTTCCAAAC-1,0,paclitaxel
Data8_sample_30_CATCGCTTCTTGCGCT-1,0,paclitaxel
Data8_sample_30_CATCGGGAGGGAGGAC-1,0,paclitaxel
Data8_sample_30_CATCGGGAGGTCTACT-1,0,paclitaxel
Data8_sample_30_CATCGGGAGGTGCTAG-1,0,paclitaxel
Data8_sample_30_CATCGGGAGTAACAGT-1,0,paclitaxel
Data8_sample_30_CATCGGGAGTCCCGGT-1,0,paclitaxel
Data8_sample_30_CATCGGGCAACGTAAA-1,0,paclitaxel
Data8_sample_30_CATCGGGCAATGTCTG-1,0,paclitaxel
Data8_sample_30_CATCGGGGTGATACTC-1,0,paclitaxel
Data8_sample_30_CATCGGGTCAAATGAG-1,0,paclitaxel
Data8_sample_30_CATCGGGTCTGGCCAG-1,0,paclitaxel
Data8_sample_30_CATCGGGTCTTGGGCG-1,0,paclitaxel
Data8_sample_30_CATCGTCCAATCGTCA-1,0,paclitaxel
Data8_sample_30_CATCGTCCAGCGCTTG-1,0,paclitaxel
Data8_sample_30_CATCGTCCAGTTGTTG-1,0,paclitaxel
Data8_sample_30_CATCGTCCATCAGTGT-1,0,paclitaxel
Data8_sample_30_CATCGTCGTATACCCA-1,0,paclitaxel
Data8_sample_30_CATCGTCGTGACCGTC-1,0,paclitaxel
Data8_sample_30_CATCGTCGTTATGTCG-1,0,paclitaxel
Data8_sample_30_CATGAGTAGTAAACGT-1,0,paclitaxel
Data8_sample_30_CATGAGTCACATTGTG-1,0,paclitaxel
Data8_sample_30_CATGAGTCAGTAACAA-1,0,paclitaxel
Data8_sample_30_CATGAGTCATAAGCAA-1,0,paclitaxel
Data8_sample_30_CATGAGTTCCCGGTAG-1,0,paclitaxel
Data8_sample_30_CATGCAAAGACATAAC-1,0,paclitaxel
Data8_sample_30_CATGCAAAGTCCTGCG-1,0,paclitaxel
Data8_sample_30_CATGCAACAACCGACC-1,0,paclitaxel
Data8_sample_30_CATGCAACAGCACACC-1,0,paclitaxel
Data8_sample_30_CATGCAACAGCAGAAC-1,0,paclitaxel
Data8_sample_30_CATGCAACAGGGTTGA-1,0,paclitaxel
Data8_sample_30_CATGCAAGTCACTGAT-1,0,paclitaxel
Data8_sample_30_CATGCAAGTCGATGCC-1,0,paclitaxel
Data8_sample_30_CATGCAAGTGCCGGTT-1,0,paclitaxel
Data8_sample_30_CATGCAATCACTCGAA-1,0,paclitaxel
Data8_sample_30_CATGCCTAGCGAGTCA-1,0,paclitaxel
Data8_sample_30_CATGCCTCAGCGTACC-1,0,paclitaxel
Data8_sample_30_CATGCCTGTGCCTAAT-1,0,paclitaxel
Data8_sample_30_CATGCGGAGAATTGTG-1,0,paclitaxel
Data8_sample_30_CATGCGGCATGAATCC-1,0,paclitaxel
Data8_sample_30_CATGCGGGTGTATCCA-1,0,paclitaxel
Data8_sample_30_CATGCTCAGTGCAAAT-1,0,paclitaxel
Data8_sample_30_CATGCTCCACGTCTCT-1,0,paclitaxel
Data8_sample_30_CATGCTCCATGAGTAA-1,0,paclitaxel
Data8_sample_30_CATGCTCGTTTGTGGT-1,0,paclitaxel
Data8_sample_30_CATGCTCTCAACTTTC-1,0,paclitaxel
Data8_sample_30_CATGCTCTCTTAGGAC-1,0,paclitaxel
Data8_sample_30_CATGGATAGAGTCGAC-1,0,paclitaxel
Data8_sample_30_CATGGATAGATTGTGA-1,0,paclitaxel
Data8_sample_30_CATGGATAGCACGGAT-1,0,paclitaxel
Data8_sample_30_CATGGATCAGGCGAAT-1,0,paclitaxel
Data8_sample_30_CATGGATCAGGTGTGA-1,0,paclitaxel
Data8_sample_30_CATGGATGTAAGCAAT-1,0,paclitaxel
Data8_sample_30_CATGGATTCTCTTCAA-1,0,paclitaxel
Data8_sample_30_CATGGTAAGAAGGCTC-1,0,paclitaxel
Data8_sample_30_CATGGTAAGGATGGCT-1,0,paclitaxel
Data8_sample_30_CATTCATAGACTTCCA-1,0,paclitaxel
Data8_sample_30_CATTCATAGGCTAACG-1,0,paclitaxel
Data8_sample_30_CATTCATGTACAATAG-1,0,paclitaxel
Data8_sample_30_CATTCATTCGGATAAA-1,0,paclitaxel
Data8_sample_30_CATTCCGCACCTAAAC-1,0,paclitaxel
Data8_sample_30_CATTCCGGTCTTCCGT-1,0,paclitaxel
Data8_sample_30_CATTCCGGTCTTGCTC-1,0,paclitaxel
Data8_sample_30_CATTCCGTCCAGGACC-1,0,paclitaxel
Data8_sample_30_CATTCTACAACCGTGC-1,0,paclitaxel
Data8_sample_30_CATTCTAGTACCGGCT-1,0,paclitaxel
Data8_sample_30_CATTCTAGTACGAAAT-1,0,paclitaxel
Data8_sample_30_CATTCTAGTGGGTATG-1,0,paclitaxel
Data8_sample_30_CATTGAGAGGTGTGAC-1,0,paclitaxel
Data8_sample_30_CATTGAGCAAGACGGT-1,0,paclitaxel
Data8_sample_30_CATTGAGCAGATGCGA-1,0,paclitaxel
Data8_sample_30_CATTGAGGTCGATTCA-1,0,paclitaxel
Data8_sample_30_CATTGAGTCATTGCTT-1,0,paclitaxel
Data8_sample_30_CATTGCCCAGCTCCTT-1,0,paclitaxel
Data8_sample_30_CATTGCCCATGCCGGT-1,0,paclitaxel
Data8_sample_30_CATTGTTAGCTCTTCC-1,0,paclitaxel
Data8_sample_30_CATTGTTAGTGACACG-1,0,paclitaxel
Data8_sample_30_CATTGTTTCATTTCCA-1,0,paclitaxel
Data8_sample_30_CATTGTTTCTGAGATC-1,0,paclitaxel
Data8_sample_30_CATTTCAAGCCTAACT-1,0,paclitaxel
Data8_sample_30_CATTTCAAGTCGCTAT-1,0,paclitaxel
Data8_sample_30_CATTTCAAGTGGTCAG-1,0,paclitaxel
Data8_sample_30_CATTTCACAATCTCTT-1,0,paclitaxel
Data8_sample_30_CATTTCAGTTTCACAG-1,0,paclitaxel
Data8_sample_30_CATTTCATCACCTACC-1,0,paclitaxel
Data8_sample_30_CCAAGCGCAAAGGGCT-1,0,paclitaxel
Data8_sample_30_CCAAGCGCATCCGAAT-1,0,paclitaxel
Data8_sample_30_CCAAGCGCATGACTAC-1,0,paclitaxel
Data8_sample_30_CCAAGCGGTCTTGCTC-1,0,paclitaxel
Data8_sample_30_CCAAGCGGTTACGCCG-1,0,paclitaxel
Data8_sample_30_CCAAGCGGTTACGGAG-1,0,paclitaxel
Data8_sample_30_CCAAGCGGTTCTTGTT-1,0,paclitaxel
Data8_sample_30_CCAAGCGTCAGCTTGA-1,0,paclitaxel
Data8_sample_30_CCAAGCGTCTCTGCCA-1,0,paclitaxel
Data8_sample_30_CCAATGAAGCTGACCC-1,0,paclitaxel
Data8_sample_30_CCAATGACAGCATCTA-1,0,paclitaxel
Data8_sample_30_CCAATGACAGGTCCGT-1,0,paclitaxel
Data8_sample_30_CCAATGAGTGGGCTTC-1,0,paclitaxel
Data8_sample_30_CCAATGAGTTAGGGTG-1,0,paclitaxel
Data8_sample_30_CCAATGATCGCTGATA-1,0,paclitaxel
Data8_sample_30_CCAATTTAGTAGGAAG-1,0,paclitaxel
Data8_sample_30_CCAATTTCACTTGGCG-1,0,paclitaxel
Data8_sample_30_CCAATTTGTAGTCCTA-1,0,paclitaxel
Data8_sample_30_CCAATTTGTGCCGGTT-1,0,paclitaxel
Data8_sample_30_CCAATTTGTTCAAACC-1,0,paclitaxel
Data8_sample_30_CCAATTTTCATGCGGC-1,0,paclitaxel
Data8_sample_30_CCAATTTTCCTTCTTC-1,0,paclitaxel
Data8_sample_30_CCAATTTTCGCTTACC-1,0,paclitaxel
Data8_sample_30_CCACAAAAGAGCAAGA-1,0,paclitaxel
Data8_sample_30_CCACAAAAGAGGGTAA-1,0,paclitaxel
Data8_sample_30_CCACAAACAGCAGATG-1,0,paclitaxel
Data8_sample_30_CCACAAAGTCAAACGG-1,0,paclitaxel
Data8_sample_30_CCACAAAGTGGTTTAC-1,0,paclitaxel
Data8_sample_30_CCACAAAGTGTTGAGG-1,0,paclitaxel
Data8_sample_30_CCACAAATCATGAGGG-1,0,paclitaxel
Data8_sample_30_CCACACTAGTACAGCG-1,0,paclitaxel
Data8_sample_30_CCACACTCAACCACAT-1,0,paclitaxel
Data8_sample_30_CCACACTCACATGTTG-1,0,paclitaxel
Data8_sample_30_CCACACTCAGAAATCA-1,0,paclitaxel
Data8_sample_30_CCACACTTCGTGAGAG-1,0,paclitaxel
Data8_sample_30_CCACCATAGCTTACGT-1,0,paclitaxel
Data8_sample_30_CCACCATAGTCTCCTC-1,0,paclitaxel
Data8_sample_30_CCACCATAGTCTCTGA-1,0,paclitaxel
Data8_sample_30_CCACCATAGTGTACAA-1,0,paclitaxel
Data8_sample_30_CCACCATGTACCGGCT-1,0,paclitaxel
Data8_sample_30_CCACCATGTGAGAACC-1,0,paclitaxel
Data8_sample_30_CCACCATGTTCTCGCT-1,0,paclitaxel
Data8_sample_30_CCACCATTCGAGTTGT-1,0,paclitaxel
Data8_sample_30_CCACCATTCTGTCGCT-1,0,paclitaxel
Data8_sample_30_CCACGAGAGCATCAAA-1,0,paclitaxel
Data8_sample_30_CCACGAGAGGACAGTC-1,0,paclitaxel
Data8_sample_30_CCACGAGAGGACATCG-1,0,paclitaxel
Data8_sample_30_CCACGAGCACGCTGCA-1,0,paclitaxel
Data8_sample_30_CCACGTTAGACAGCTG-1,0,paclitaxel
Data8_sample_30_CCACGTTAGCCGTAAG-1,0,paclitaxel
Data8_sample_30_CCACGTTAGTTCATCG-1,0,paclitaxel
Data8_sample_30_CCACGTTCACGGCGTT-1,0,paclitaxel
Data8_sample_30_CCACGTTCAGAAGTTA-1,0,paclitaxel
Data8_sample_30_CCACGTTCATGAGAAT-1,0,paclitaxel
Data8_sample_30_CCACGTTTCCCTCAAC-1,0,paclitaxel
Data8_sample_30_CCACGTTTCGTCCTCA-1,0,paclitaxel
Data8_sample_30_CCACTTGAGACTGGGT-1,0,paclitaxel
Data8_sample_30_CCACTTGAGATAACAC-1,0,paclitaxel
Data8_sample_30_CCACTTGAGCGCACAA-1,0,paclitaxel
Data8_sample_30_CCACTTGGTAGGACTG-1,0,paclitaxel
Data8_sample_30_CCATAAGCAAGCAATA-1,0,paclitaxel
Data8_sample_30_CCATAAGCACCACATA-1,0,paclitaxel
Data8_sample_30_CCATAAGCATGTAACC-1,0,paclitaxel
Data8_sample_30_CCATAAGGTCAGTTTG-1,0,paclitaxel
Data8_sample_30_CCATAAGGTTCCTAGA-1,0,paclitaxel
Data8_sample_30_CCATAAGTCAATCTTC-1,0,paclitaxel
Data8_sample_30_CCATAAGTCACAGTGT-1,0,paclitaxel
Data8_sample_30_CCATAAGTCTTCGGTC-1,0,paclitaxel
Data8_sample_30_CCATCACAGAGGTCAC-1,0,paclitaxel
Data8_sample_30_CCATCACCACACCTAA-1,0,paclitaxel
Data8_sample_30_CCATCACGTCTCGGAC-1,0,paclitaxel
Data8_sample_30_CCATCACTCCATACTT-1,0,paclitaxel
Data8_sample_30_CCATCACTCGAGTGGA-1,0,paclitaxel
Data8_sample_30_CCATCACTCTAGTACG-1,0,paclitaxel
Data8_sample_30_CCATCACTCTATCCAT-1,0,paclitaxel
Data8_sample_30_CCCAACTAGAAGTGTT-1,0,paclitaxel
Data8_sample_30_CCCAACTCATCGTGCG-1,0,paclitaxel
Data8_sample_30_CCCAACTCATGATAGA-1,0,paclitaxel
Data8_sample_30_CCCAACTCATGCTGCG-1,0,paclitaxel
Data8_sample_30_CCCAACTGTACTAAGA-1,0,paclitaxel
Data8_sample_30_CCCAACTGTGGCTGCT-1,0,paclitaxel
Data8_sample_30_CCCATTGCAAGGCCTC-1,0,paclitaxel
Data8_sample_30_CCCATTGCAGACACCC-1,0,paclitaxel
Data8_sample_30_CCCATTGGTTACGTAC-1,0,paclitaxel
Data8_sample_30_CCCATTGTCGTAACAC-1,0,paclitaxel
Data8_sample_30_CCCGAAGAGTGAGCCA-1,0,paclitaxel
Data8_sample_30_CCCGAAGCAATGTCAC-1,0,paclitaxel
Data8_sample_30_CCCGAAGCACAGTCAT-1,0,paclitaxel
Data8_sample_30_CCCGAAGCACCCTTGT-1,0,paclitaxel
Data8_sample_30_CCCGAAGCACGGTGCT-1,0,paclitaxel
Data8_sample_30_CCCGAAGGTGGCCCAT-1,0,paclitaxel
Data8_sample_30_CCCGAAGGTGGTCTCG-1,0,paclitaxel
Data8_sample_30_CCCGGAAAGTATCTGC-1,0,paclitaxel
Data8_sample_30_CCCGGAACATGTAACC-1,0,paclitaxel
Data8_sample_30_CCCGGAAGTCCAAATC-1,0,paclitaxel
Data8_sample_30_CCCGGAAGTCGCAGTC-1,0,paclitaxel
Data8_sample_30_CCCGGAATCACACCGG-1,0,paclitaxel
Data8_sample_30_CCCGGAATCAGACTGT-1,0,paclitaxel
Data8_sample_30_CCCGGAATCCGATTAG-1,0,paclitaxel
Data8_sample_30_CCCGGAATCGAGCACC-1,0,paclitaxel
Data8_sample_30_CCCGGAATCGGCTGGT-1,0,paclitaxel
Data8_sample_30_CCCTAACAGGACAGCT-1,0,paclitaxel
Data8_sample_30_CCCTAACCAAGCTGTT-1,0,paclitaxel
Data8_sample_30_CCCTAACCATGCCATA-1,0,paclitaxel
Data8_sample_30_CCCTAACCATTGAAGA-1,0,paclitaxel
Data8_sample_30_CCCTAACGTGGTGATG-1,0,paclitaxel
Data8_sample_30_CCCTAACTCCTCAGGG-1,0,paclitaxel
Data8_sample_30_CCCTAACTCGTGCATA-1,0,paclitaxel
Data8_sample_30_CCCTCAACAAGCCTGC-1,0,paclitaxel
Data8_sample_30_CCCTCAACAGGACAGT-1,0,paclitaxel
Data8_sample_30_CCCTCAAGTGCCTTTC-1,0,paclitaxel
Data8_sample_30_CCCTCAATCAAAGCCT-1,0,paclitaxel
Data8_sample_30_CCCTCAATCACCGGGT-1,0,paclitaxel
Data8_sample_30_CCCTCTCAGCCTTTCC-1,0,paclitaxel
Data8_sample_30_CCCTCTCAGGTGCAGT-1,0,paclitaxel
Data8_sample_30_CCCTCTCCAATCCTAG-1,0,paclitaxel
Data8_sample_30_CCCTCTCCACGAAGAC-1,0,paclitaxel
Data8_sample_30_CCCTCTCCACTCCTGT-1,0,paclitaxel
Data8_sample_30_CCCTCTCGTTCTATCT-1,0,paclitaxel
Data8_sample_30_CCCTGATAGAACAGGA-1,0,paclitaxel
Data8_sample_30_CCCTGATAGGTCATCT-1,0,paclitaxel
Data8_sample_30_CCCTGATAGTGCACTT-1,0,paclitaxel
Data8_sample_30_CCCTGATCAATCCTAG-1,0,paclitaxel
Data8_sample_30_CCCTGATCACATACGT-1,0,paclitaxel
Data8_sample_30_CCCTGATGTACCGTGC-1,0,paclitaxel
Data8_sample_30_CCCTGATGTTGCGAAG-1,0,paclitaxel
Data8_sample_30_CCCTTAGAGCGCCTTG-1,0,paclitaxel
Data8_sample_30_CCCTTAGGTGCGGCTT-1,0,paclitaxel
Data8_sample_30_CCGAACGAGGAGACCT-1,0,paclitaxel
Data8_sample_30_CCGAACGCAACAACAA-1,0,paclitaxel
Data8_sample_30_CCGAACGCAAGCGATG-1,0,paclitaxel
Data8_sample_30_CCGAACGCATAGAGGC-1,0,paclitaxel
Data8_sample_30_CCGAACGCATTGACCA-1,0,paclitaxel
Data8_sample_30_CCGAACGGTTCGCGTG-1,0,paclitaxel
Data8_sample_30_CCGAACGTCAGCGGAA-1,0,paclitaxel
Data8_sample_30_CCGAACGTCTTCGTGC-1,0,paclitaxel
Data8_sample_30_CCGATCTAGGTTATAG-1,0,paclitaxel
Data8_sample_30_CCGATCTAGTATGTAG-1,0,paclitaxel
Data8_sample_30_CCGATCTCAAATAGCA-1,0,paclitaxel
Data8_sample_30_CCGATCTCACGACAGA-1,0,paclitaxel
Data8_sample_30_CCGATGGAGCCAGACA-1,0,paclitaxel
Data8_sample_30_CCGATGGAGTCTACCA-1,0,paclitaxel
Data8_sample_30_CCGATGGCATCCGGCA-1,0,paclitaxel
Data8_sample_30_CCGATGGTCGACGAGA-1,0,paclitaxel
Data8_sample_30_CCGATGGTCTGGTTGA-1,0,paclitaxel
Data8_sample_30_CCGCAAGAGAATTCAG-1,0,paclitaxel
Data8_sample_30_CCGCAAGAGCTCCGAC-1,0,paclitaxel
Data8_sample_30_CCGCAAGCAACAGATA-1,0,paclitaxel
Data8_sample_30_CCGCAAGCAGCGTACC-1,0,paclitaxel
Data8_sample_30_CCGCAAGCAGTCGAGA-1,0,paclitaxel
Data8_sample_30_CCGCAAGGTCACGACC-1,0,paclitaxel
Data8_sample_30_CCGCAAGGTGGTAACG-1,0,paclitaxel
Data8_sample_30_CCGCAAGTCTTCGATT-1,0,paclitaxel
Data8_sample_30_CCGCAAGTCTTCTGTA-1,0,paclitaxel
Data8_sample_30_CCGGACAAGAGCTTTC-1,0,paclitaxel
Data8_sample_30_CCGGACAAGGAGCAAA-1,0,paclitaxel
Data8_sample_30_CCGGACAAGTTCGCAT-1,0,paclitaxel
Data8_sample_30_CCGGACACACGCTGAC-1,0,paclitaxel
Data8_sample_30_CCGGACATCAACGCTA-1,0,paclitaxel
Data8_sample_30_CCGGACATCGTGGGTC-1,0,paclitaxel
Data8_sample_30_CCGGGTAAGGAACTCG-1,0,paclitaxel
Data8_sample_30_CCGGGTAAGTGCCTCG-1,0,paclitaxel
Data8_sample_30_CCGGGTACACGCTGTG-1,0,paclitaxel
Data8_sample_30_CCGGGTACATGTCAGT-1,0,paclitaxel
Data8_sample_30_CCGGGTAGTAATGCGG-1,0,paclitaxel
Data8_sample_30_CCGGGTAGTTGTATGC-1,0,paclitaxel
Data8_sample_30_CCGGTAGAGACTTCGT-1,0,paclitaxel
Data8_sample_30_CCGGTAGAGGAACTCG-1,0,paclitaxel
Data8_sample_30_CCGGTAGAGGTAACTA-1,0,paclitaxel
Data8_sample_30_CCGGTAGAGGTTACCT-1,0,paclitaxel
Data8_sample_30_CCGGTAGCAGGATCTT-1,0,paclitaxel
Data8_sample_30_CCGGTAGCAGGCGAAT-1,0,paclitaxel
Data8_sample_30_CCGGTGAAGATTGTGA-1,0,paclitaxel
Data8_sample_30_CCGGTGACAGCCGTCA-1,0,paclitaxel
Data8_sample_30_CCGGTGAGTTCACGAT-1,0,paclitaxel
Data8_sample_30_CCGTAGGAGCAAGGAA-1,0,paclitaxel
Data8_sample_30_CCGTAGGAGTCCCAAT-1,0,paclitaxel
Data8_sample_30_CCGTAGGCAAATCCCA-1,0,paclitaxel
Data8_sample_30_CCGTAGGCACAAATAG-1,0,paclitaxel
Data8_sample_30_CCGTAGGGTCCAAATC-1,0,paclitaxel
Data8_sample_30_CCGTAGGGTGATTCAC-1,0,paclitaxel
Data8_sample_30_CCGTAGGGTTAAGACA-1,0,paclitaxel
Data8_sample_30_CCGTAGGTCGTTATCT-1,0,paclitaxel
Data8_sample_30_CCGTGAGAGATCCAAA-1,0,paclitaxel
Data8_sample_30_CCGTGAGAGGGCAGTT-1,0,paclitaxel
Data8_sample_30_CCGTGAGCAATCAAGA-1,0,paclitaxel
Data8_sample_30_CCGTGAGCAGAGTGAC-1,0,paclitaxel
Data8_sample_30_CCGTGAGCATTGTAGC-1,0,paclitaxel
Data8_sample_30_CCGTGAGTCCTAGAGT-1,0,paclitaxel
Data8_sample_30_CCGTGAGTCTATTGTC-1,0,paclitaxel
Data8_sample_30_CCGTGAGTCTGCATGA-1,0,paclitaxel
Data8_sample_30_CCGTTCAAGACCAGCA-1,0,paclitaxel
Data8_sample_30_CCGTTCAAGGCCTGCT-1,0,paclitaxel
Data8_sample_30_CCGTTCAAGGTTCACT-1,0,paclitaxel
Data8_sample_30_CCGTTCACATTGTCGA-1,0,paclitaxel
Data8_sample_30_CCGTTCAGTCAAACGG-1,0,paclitaxel
Data8_sample_30_CCGTTCAGTCCACTTC-1,0,paclitaxel
Data8_sample_30_CCGTTCAGTGTCCAAT-1,0,paclitaxel
Data8_sample_30_CCTAACCAGCCAGAGT-1,0,paclitaxel
Data8_sample_30_CCTAACCAGGGAGGAC-1,0,paclitaxel
Data8_sample_30_CCTAACCGTATAGGGC-1,0,paclitaxel
Data8_sample_30_CCTAACCGTTGTTGAC-1,0,paclitaxel
Data8_sample_30_CCTAACCTCGTGCTCT-1,0,paclitaxel
Data8_sample_30_CCTAACCTCTAGACAC-1,0,paclitaxel
Data8_sample_30_CCTAACCTCTGTTCAT-1,0,paclitaxel
Data8_sample_30_CCTAAGAAGTCTAGAA-1,0,paclitaxel
Data8_sample_30_CCTAAGACAAAGACGC-1,0,paclitaxel
Data8_sample_30_CCTAAGAGTACGTTCA-1,0,paclitaxel
Data8_sample_30_CCTAAGAGTGTTATCG-1,0,paclitaxel
Data8_sample_30_CCTAAGATCTCCAAGA-1,0,paclitaxel
Data8_sample_30_CCTACGTCAGAGTTCT-1,0,paclitaxel
Data8_sample_30_CCTATCGAGAACGCGT-1,0,paclitaxel
Data8_sample_30_CCTATCGAGAGCATAT-1,0,paclitaxel
Data8_sample_30_CCTATCGCACAAGGTG-1,0,paclitaxel
Data8_sample_30_CCTATCGGTCGACTGC-1,0,paclitaxel
Data8_sample_30_CCTATCGGTGGTACAG-1,0,paclitaxel
Data8_sample_30_CCTATCGTCAGCACCG-1,0,paclitaxel
Data8_sample_30_CCTATCGTCATAAGGA-1,0,paclitaxel
Data8_sample_30_CCTCAACCAAACAGGC-1,0,paclitaxel
Data8_sample_30_CCTCAACCAATTGTGC-1,0,paclitaxel
Data8_sample_30_CCTCAACCACCAACAT-1,0,paclitaxel
Data8_sample_30_CCTCAACCACGTCTCT-1,0,paclitaxel
Data8_sample_30_CCTCAACCATCTTAGG-1,0,paclitaxel
Data8_sample_30_CCTCAACGTACGCGTC-1,0,paclitaxel
Data8_sample_30_CCTCAACTCTCTCTTC-1,0,paclitaxel
Data8_sample_30_CCTCACACAGAATTCC-1,0,paclitaxel
Data8_sample_30_CCTCACACAGGGACTA-1,0,paclitaxel
Data8_sample_30_CCTCACATCGTGGGAA-1,0,paclitaxel
Data8_sample_30_CCTCAGTAGCGGATCA-1,0,paclitaxel
Data8_sample_30_CCTCAGTAGGTATCTC-1,0,paclitaxel
Data8_sample_30_CCTCAGTTCGCTGTTC-1,0,paclitaxel
Data8_sample_30_CCTCATGCAGGCTACC-1,0,paclitaxel
Data8_sample_30_CCTCATGGTTGGCCTG-1,0,paclitaxel
Data8_sample_30_CCTCCAAAGCGATGGT-1,0,paclitaxel
Data8_sample_30_CCTCCAAAGCGTGCTC-1,0,paclitaxel
Data8_sample_30_CCTCCAACACTTCCTG-1,0,paclitaxel
Data8_sample_30_CCTCCAACACTTCTCG-1,0,paclitaxel
Data8_sample_30_CCTCCAACAGTCAGAG-1,0,paclitaxel
Data8_sample_30_CCTCCAACATTGCCGG-1,0,paclitaxel
Data8_sample_30_CCTCCAAGTGATGAAT-1,0,paclitaxel
Data8_sample_30_CCTCCTCAGAGAGGTA-1,0,paclitaxel
Data8_sample_30_CCTCCTCAGCCAGTAG-1,0,paclitaxel
Data8_sample_30_CCTCCTCCAAACTCGT-1,0,paclitaxel
Data8_sample_30_CCTCCTCCAATAACGA-1,0,paclitaxel
Data8_sample_30_CCTCCTCCACCATAAC-1,0,paclitaxel
Data8_sample_30_CCTCCTCCACGCGTCA-1,0,paclitaxel
Data8_sample_30_CCTCCTCGTATTGCCA-1,0,paclitaxel
Data8_sample_30_CCTCCTCTCAGCGCAC-1,0,paclitaxel
Data8_sample_30_CCTCCTCTCCCTGGTT-1,0,paclitaxel
Data8_sample_30_CCTCTAGAGAGGTTAT-1,0,paclitaxel
Data8_sample_30_CCTCTAGGTAGACTGG-1,0,paclitaxel
Data8_sample_30_CCTCTAGGTGGATCAG-1,0,paclitaxel
Data8_sample_30_CCTCTCCAGTCTGTAC-1,0,paclitaxel
Data8_sample_30_CCTCTCCCACCTGCAG-1,0,paclitaxel
Data8_sample_30_CCTCTCCGTGGAACAC-1,0,paclitaxel
Data8_sample_30_CCTCTCCTCCCGTAAA-1,0,paclitaxel
Data8_sample_30_CCTCTCCTCCTCTCTT-1,0,paclitaxel
Data8_sample_30_CCTGCATAGAGCTGAC-1,0,paclitaxel
Data8_sample_30_CCTGCATAGGAAAGGT-1,0,paclitaxel
Data8_sample_30_CCTGCATCAAATAGCA-1,0,paclitaxel
Data8_sample_30_CCTGCATCAAATCGGG-1,0,paclitaxel
Data8_sample_30_CCTGCATGTCAGTTTG-1,0,paclitaxel
Data8_sample_30_CCTGCATTCAAGTAAG-1,0,paclitaxel
Data8_sample_30_CCTGCATTCCACTTCG-1,0,paclitaxel
Data8_sample_30_CCTGCATTCCTAGCGG-1,0,paclitaxel
Data8_sample_30_CCTGCATTCCTTATCA-1,0,paclitaxel
Data8_sample_30_CCTGCATTCTGAACGT-1,0,paclitaxel
Data8_sample_30_CCTGTTGAGGGTAGCT-1,0,paclitaxel
Data8_sample_30_CCTGTTGCAAGTGATA-1,0,paclitaxel
Data8_sample_30_CCTGTTGCATTCTTCA-1,0,paclitaxel
Data8_sample_30_CCTGTTGGTATCGGTT-1,0,paclitaxel
Data8_sample_30_CCTGTTGGTCCAAATC-1,0,paclitaxel
Data8_sample_30_CCTGTTGTCGCATGAT-1,0,paclitaxel
Data8_sample_30_CCTGTTGTCTAACGGT-1,0,paclitaxel
Data8_sample_30_CCTTCAGAGGACACTG-1,0,paclitaxel
Data8_sample_30_CCTTCAGGTCTCCTGT-1,0,paclitaxel
Data8_sample_30_CCTTCAGTCATCGCTC-1,0,paclitaxel
Data8_sample_30_CCTTCAGTCTCCGAGG-1,0,paclitaxel
Data8_sample_30_CCTTGTGAGGGTACGT-1,0,paclitaxel
Data8_sample_30_CCTTGTGAGTACTGGG-1,0,paclitaxel
Data8_sample_30_CCTTGTGGTGGCTAGA-1,0,paclitaxel
Data8_sample_30_CCTTTGGTCAAGTTGC-1,0,paclitaxel
Data8_sample_30_CCTTTGGTCCACTAGA-1,0,paclitaxel
Data8_sample_30_CGAAGGACAGCTACAT-1,0,paclitaxel
Data8_sample_30_CGAAGGACATGCGGTC-1,0,paclitaxel
Data8_sample_30_CGAAGGAGTCGCTTAA-1,0,paclitaxel
Data8_sample_30_CGAAGGAGTGTTGCCG-1,0,paclitaxel
Data8_sample_30_CGAAGGATCCTCTAGC-1,0,paclitaxel
Data8_sample_30_CGAAGTTAGCCATTCA-1,0,paclitaxel
Data8_sample_30_CGAAGTTAGGAATGTT-1,0,paclitaxel
Data8_sample_30_CGAAGTTCAGCTCCTT-1,0,paclitaxel
Data8_sample_30_CGAAGTTGTCTCAGAT-1,0,paclitaxel
Data8_sample_30_CGAATTGAGATTGGGC-1,0,paclitaxel
Data8_sample_30_CGAATTGGTACGTTCA-1,0,paclitaxel
Data8_sample_30_CGAATTGTCAGCTTCC-1,0,paclitaxel
Data8_sample_30_CGAATTGTCTTCGATT-1,0,paclitaxel
Data8_sample_30_CGACAGCAGGAGAATG-1,0,paclitaxel
Data8_sample_30_CGACAGCAGGTACCTT-1,0,paclitaxel
Data8_sample_30_CGACAGCGTACCTGTA-1,0,paclitaxel
Data8_sample_30_CGACAGCGTATCTCGA-1,0,paclitaxel
Data8_sample_30_CGACAGCTCACTTTGT-1,0,paclitaxel
Data8_sample_30_CGACAGCTCTTTGCGC-1,0,paclitaxel
Data8_sample_30_CGAGAAGAGAAGGATG-1,0,paclitaxel
Data8_sample_30_CGAGAAGGTAGACGGT-1,0,paclitaxel
Data8_sample_30_CGAGAAGTCATTCATC-1,0,paclitaxel
Data8_sample_30_CGAGAAGTCTCAACCC-1,0,paclitaxel
Data8_sample_30_CGAGAAGTCTCCAAGA-1,0,paclitaxel
Data8_sample_30_CGAGGAAAGACTCGAG-1,0,paclitaxel
Data8_sample_30_CGAGGAAAGGTCCGAA-1,0,paclitaxel
Data8_sample_30_CGAGGAACAAAGGCAC-1,0,paclitaxel
Data8_sample_30_CGAGGAACAAAGTGTA-1,0,paclitaxel
Data8_sample_30_CGAGGAACACCGGTCA-1,0,paclitaxel
Data8_sample_30_CGAGGAAGTCCTCCAT-1,0,paclitaxel
Data8_sample_30_CGAGGAAGTTCGATTG-1,0,paclitaxel
Data8_sample_30_CGAGGCTAGTTTCTTC-1,0,paclitaxel
Data8_sample_30_CGAGGCTCACGACGCT-1,0,paclitaxel
Data8_sample_30_CGAGGCTGTATCTCGA-1,0,paclitaxel
Data8_sample_30_CGAGTGCAGATACGAT-1,0,paclitaxel
Data8_sample_30_CGAGTGCCAAAGGATT-1,0,paclitaxel
Data8_sample_30_CGAGTGCCAAAGGCAC-1,0,paclitaxel
Data8_sample_30_CGAGTGCCACGACAGA-1,0,paclitaxel
Data8_sample_30_CGAGTGCCACTACCGG-1,0,paclitaxel
Data8_sample_30_CGAGTGCCATGGGTCC-1,0,paclitaxel
Data8_sample_30_CGAGTGCGTATGGGAC-1,0,paclitaxel
Data8_sample_30_CGAGTGCTCGACACTA-1,0,paclitaxel
Data8_sample_30_CGAGTGCTCGCGTGAC-1,0,paclitaxel
Data8_sample_30_CGAGTGCTCTATTGTC-1,0,paclitaxel
Data8_sample_30_CGAGTTAAGAGAACCC-1,0,paclitaxel
Data8_sample_30_CGAGTTAAGCACTCCG-1,0,paclitaxel
Data8_sample_30_CGAGTTAAGCGCTGCT-1,0,paclitaxel
Data8_sample_30_CGAGTTACAAGCACCC-1,0,paclitaxel
Data8_sample_30_CGAGTTACACACCGAC-1,0,paclitaxel
Data8_sample_30_CGAGTTATCCTATGGA-1,0,paclitaxel
Data8_sample_30_CGAGTTATCTAGAGCT-1,0,paclitaxel
Data8_sample_30_CGAGTTATCTCATTTG-1,0,paclitaxel
Data8_sample_30_CGATCGGCAAGAATAC-1,0,paclitaxel
Data8_sample_30_CGATCGGCAAGATCCT-1,0,paclitaxel
Data8_sample_30_CGATCGGCAGAAGTGC-1,0,paclitaxel
Data8_sample_30_CGATCGGCATTCAGGT-1,0,paclitaxel
Data8_sample_30_CGATCGGGTAACAGGC-1,0,paclitaxel
Data8_sample_30_CGATCGGGTAATTGGA-1,0,paclitaxel
Data8_sample_30_CGATCGGGTATGGAAT-1,0,paclitaxel
Data8_sample_30_CGATGCGAGTAGAGTT-1,0,paclitaxel
Data8_sample_30_CGATGCGCAGTTAAAG-1,0,paclitaxel
Data8_sample_30_CGATGCGGTAACGATA-1,0,paclitaxel
Data8_sample_30_CGATGCGGTATCTTCT-1,0,paclitaxel
Data8_sample_30_CGATGGCAGCTCGGCT-1,0,paclitaxel
Data8_sample_30_CGATGGCAGTAGTCAA-1,0,paclitaxel
Data8_sample_30_CGATGGCCACCTGCTT-1,0,paclitaxel
Data8_sample_30_CGATGGCCACGATTCA-1,0,paclitaxel
Data8_sample_30_CGATGGCCACTACCCT-1,0,paclitaxel
Data8_sample_30_CGATGGCCACTGGATT-1,0,paclitaxel
Data8_sample_30_CGATGGCCAGTTGGTT-1,0,paclitaxel
Data8_sample_30_CGATGGCCATTAAGCC-1,0,paclitaxel
Data8_sample_30_CGATGGCGTCCGGTGT-1,0,paclitaxel
Data8_sample_30_CGATGGCGTGCTATTG-1,0,paclitaxel
Data8_sample_30_CGATGGCGTTGTCCCT-1,0,paclitaxel
Data8_sample_30_CGATGGCTCACTTTGT-1,0,paclitaxel
Data8_sample_30_CGATGGCTCGAGGCAA-1,0,paclitaxel
Data8_sample_30_CGCAGGTCACGCGTCA-1,0,paclitaxel
Data8_sample_30_CGCAGGTGTCGATTCA-1,0,paclitaxel
Data8_sample_30_CGCAGGTGTGAATGAT-1,0,paclitaxel
Data8_sample_30_CGCAGGTGTGATGTAA-1,0,paclitaxel
Data8_sample_30_CGCATAAAGGGCTTCC-1,0,paclitaxel
Data8_sample_30_CGCATAACAAACAGGC-1,0,paclitaxel
Data8_sample_30_CGCATAACAGGTGAGT-1,0,paclitaxel
Data8_sample_30_CGCATAATCCTAAGTG-1,0,paclitaxel
Data8_sample_30_CGCATAATCTGAGCAT-1,0,paclitaxel
Data8_sample_30_CGCATGGAGCTGACTT-1,0,paclitaxel
Data8_sample_30_CGCATGGAGGACGGAG-1,0,paclitaxel
Data8_sample_30_CGCATGGCACCTCTGT-1,0,paclitaxel
Data8_sample_30_CGCATGGGTTCCGCAG-1,0,paclitaxel
Data8_sample_30_CGCATGGTCACCTTAT-1,0,paclitaxel
Data8_sample_30_CGCATGGTCGTACACA-1,0,paclitaxel
Data8_sample_30_CGCCAGAAGCTTAGTC-1,0,paclitaxel
Data8_sample_30_CGCCAGAGTCCAGAAG-1,0,paclitaxel
Data8_sample_30_CGCCATTAGACGACTG-1,0,paclitaxel
Data8_sample_30_CGCCATTAGAGTCGAC-1,0,paclitaxel
Data8_sample_30_CGCCATTAGCTAATGA-1,0,paclitaxel
Data8_sample_30_CGCCATTAGCTTTCTT-1,0,paclitaxel
Data8_sample_30_CGCCATTCAAGGGTCA-1,0,paclitaxel
Data8_sample_30_CGCCATTCACGGTGAA-1,0,paclitaxel
Data8_sample_30_CGCCATTCAGGTGACA-1,0,paclitaxel
Data8_sample_30_CGCCATTGTGAGAACC-1,0,paclitaxel
Data8_sample_30_CGCCATTTCAAACGAA-1,0,paclitaxel
Data8_sample_30_CGCCATTTCCTCGCAT-1,0,paclitaxel
Data8_sample_30_CGCGTGAAGGCTAAAT-1,0,paclitaxel
Data8_sample_30_CGCGTGACACATTACG-1,0,paclitaxel
Data8_sample_30_CGCGTGACATCATGAC-1,0,paclitaxel
Data8_sample_30_CGCGTGAGTCATAAAG-1,0,paclitaxel
Data8_sample_30_CGCGTGAGTCTCGGGT-1,0,paclitaxel
Data8_sample_30_CGCGTGAGTTCGAAGG-1,0,paclitaxel
Data8_sample_30_CGCGTGATCGTAGCTA-1,0,paclitaxel
Data8_sample_30_CGCGTGATCTTACCGC-1,0,paclitaxel
Data8_sample_30_CGGAACCAGAGCGACT-1,0,paclitaxel
Data8_sample_30_CGGAACCGTCATAAAG-1,0,paclitaxel
Data8_sample_30_CGGAACCTCAGGAAGC-1,0,paclitaxel
Data8_sample_30_CGGAATTAGGTAAGTT-1,0,paclitaxel
Data8_sample_30_CGGAATTCAGGCTTGC-1,0,paclitaxel
Data8_sample_30_CGGAATTCATGAAAGT-1,0,paclitaxel
Data8_sample_30_CGGAATTGTACTCGTA-1,0,paclitaxel
Data8_sample_30_CGGACACAGACGGATC-1,0,paclitaxel
Data8_sample_30_CGGACACAGCTCGCAC-1,0,paclitaxel
Data8_sample_30_CGGACACCAAGAGAGA-1,0,paclitaxel
Data8_sample_30_CGGACACCAATCGTCA-1,0,paclitaxel
Data8_sample_30_CGGACACCACCGCTAG-1,0,paclitaxel
Data8_sample_30_CGGACACGTCCAACGC-1,0,paclitaxel
Data8_sample_30_CGGACACGTCGCGTCA-1,0,paclitaxel
Data8_sample_30_CGGACACGTGCACGCT-1,0,paclitaxel
Data8_sample_30_CGGACACGTTTCGACA-1,0,paclitaxel
Data8_sample_30_CGGACACTCCTACGGG-1,0,paclitaxel
Data8_sample_30_CGGAGAAAGGAAAGTG-1,0,paclitaxel
Data8_sample_30_CGGAGAACAGTTGTTG-1,0,paclitaxel
Data8_sample_30_CGGAGAAGTAGTACGG-1,0,paclitaxel
Data8_sample_30_CGGAGAATCCGTGGCA-1,0,paclitaxel
Data8_sample_30_CGGCAGTAGTCTGGTT-1,0,paclitaxel
Data8_sample_30_CGGCAGTCAAATTGCC-1,0,paclitaxel
Data8_sample_30_CGGCAGTCAGCAGTCC-1,0,paclitaxel
Data8_sample_30_CGGCAGTCAGGCCTGT-1,0,paclitaxel
Data8_sample_30_CGGCAGTCATTGGGAG-1,0,paclitaxel
Data8_sample_30_CGGCAGTGTCCATACA-1,0,paclitaxel
Data8_sample_30_CGGCAGTGTTAGGCCC-1,0,paclitaxel
Data8_sample_30_CGGGACTAGCGTTACT-1,0,paclitaxel
Data8_sample_30_CGGGACTCAATGCAGG-1,0,paclitaxel
Data8_sample_30_CGGGACTCACGGATCC-1,0,paclitaxel
Data8_sample_30_CGGGACTCATCGGCCA-1,0,paclitaxel
Data8_sample_30_CGGGACTGTAGCGTAG-1,0,paclitaxel
Data8_sample_30_CGGGACTGTTACGCCG-1,0,paclitaxel
Data8_sample_30_CGGGACTGTTAGGCCC-1,0,paclitaxel
Data8_sample_30_CGGGACTTCCAACTAG-1,0,paclitaxel
Data8_sample_30_CGGGCATAGCTAATGA-1,0,paclitaxel
Data8_sample_30_CGGGCATAGTGGATTA-1,0,paclitaxel
Data8_sample_30_CGGGCATCAAGTCCAT-1,0,paclitaxel
Data8_sample_30_CGGGCATGTCTTTCTA-1,0,paclitaxel
Data8_sample_30_CGGGCATGTTAGGAGC-1,0,paclitaxel
Data8_sample_30_CGGGCATTCCATACTT-1,0,paclitaxel
Data8_sample_30_CGGGCATTCGTCAAAC-1,0,paclitaxel
Data8_sample_30_CGGGTCACACTAGTAC-1,0,paclitaxel
Data8_sample_30_CGGGTCAGTCGTGGAA-1,0,paclitaxel
Data8_sample_30_CGGGTCATCCTTATGT-1,0,paclitaxel
Data8_sample_30_CGGGTCATCTCTTCAA-1,0,paclitaxel
Data8_sample_30_CGGGTGTCAGACCTAT-1,0,paclitaxel
Data8_sample_30_CGGGTGTCAGTAGTTC-1,0,paclitaxel
Data8_sample_30_CGGGTGTCATGCCGAC-1,0,paclitaxel
Data8_sample_30_CGGGTGTGTAGAGCTG-1,0,paclitaxel
Data8_sample_30_CGGGTGTGTCAAGTTC-1,0,paclitaxel
Data8_sample_30_CGGGTGTTCAAGTCTG-1,0,paclitaxel
Data8_sample_30_CGGTCAGAGCATGGGT-1,0,paclitaxel
Data8_sample_30_CGGTCAGAGCTGACTT-1,0,paclitaxel
Data8_sample_30_CGGTCAGAGTCCCGAC-1,0,paclitaxel
Data8_sample_30_CGGTCAGAGTTCCATG-1,0,paclitaxel
Data8_sample_30_CGGTCAGGTTAGGACG-1,0,paclitaxel
Data8_sample_30_CGTAAGTCACAAGTTC-1,0,paclitaxel
Data8_sample_30_CGTAAGTGTACAGCGA-1,0,paclitaxel
Data8_sample_30_CGTAAGTGTGCTTCAA-1,0,paclitaxel
Data8_sample_30_CGTAAGTGTTATAGCC-1,0,paclitaxel
Data8_sample_30_CGTAAGTTCGCTATTT-1,0,paclitaxel
Data8_sample_30_CGTAATGAGGTCACAG-1,0,paclitaxel
Data8_sample_30_CGTAATGAGGTCGTCC-1,0,paclitaxel
Data8_sample_30_CGTAATGCACAAGTGG-1,0,paclitaxel
Data8_sample_30_CGTAATGCACGACTAT-1,0,paclitaxel
Data8_sample_30_CGTAATGCACTTGTCC-1,0,paclitaxel
Data8_sample_30_CGTAATGCAGCTGTGC-1,0,paclitaxel
Data8_sample_30_CGTAATGCATCAGCAT-1,0,paclitaxel
Data8_sample_30_CGTAATGGTACGGTTT-1,0,paclitaxel
Data8_sample_30_CGTAATGTCCTACTGC-1,0,paclitaxel
Data8_sample_30_CGTAATGTCGAGTGAG-1,0,paclitaxel
Data8_sample_30_CGTAATGTCTACGGTA-1,0,paclitaxel
Data8_sample_30_CGTAGTAAGACAAGCC-1,0,paclitaxel
Data8_sample_30_CGTAGTACAAGGGTCA-1,0,paclitaxel
Data8_sample_30_CGTAGTACAATTCTCT-1,0,paclitaxel
Data8_sample_30_CGTAGTACACTCCACT-1,0,paclitaxel
Data8_sample_30_CGTAGTACAGGACGAT-1,0,paclitaxel
Data8_sample_30_CGTAGTACATGACAAA-1,0,paclitaxel
Data8_sample_30_CGTAGTATCGCGTGAC-1,0,paclitaxel
Data8_sample_30_CGTAGTATCTCTGAGA-1,0,paclitaxel
Data8_sample_30_CGTAGTATCTGAGAAA-1,0,paclitaxel
Data8_sample_30_CGTCAAAAGATAGCTA-1,0,paclitaxel
Data8_sample_30_CGTCAAAGTCCGTTTC-1,0,paclitaxel
Data8_sample_30_CGTCAAAGTTTAAGGA-1,0,paclitaxel
Data8_sample_30_CGTCAAATCTAGCATG-1,0,paclitaxel
Data8_sample_30_CGTCAAATCTATCACT-1,0,paclitaxel
Data8_sample_30_CGTCCATCACCTAAAC-1,0,paclitaxel
Data8_sample_30_CGTCCATCAGCTACCG-1,0,paclitaxel
Data8_sample_30_CGTCCATCAGTAGAAT-1,0,paclitaxel
Data8_sample_30_CGTCCATGTGAGCGAT-1,0,paclitaxel
Data8_sample_30_CGTCCATGTGTAGTGG-1,0,paclitaxel
Data8_sample_30_CGTCCATTCCCACAGG-1,0,paclitaxel
Data8_sample_30_CGTCCATTCCGGACGT-1,0,paclitaxel
Data8_sample_30_CGTGAATGTATGTCAC-1,0,paclitaxel
Data8_sample_30_CGTGAATGTGGCTACC-1,0,paclitaxel
Data8_sample_30_CGTGAATTCTACTCAT-1,0,paclitaxel
Data8_sample_30_CGTGATACAAGACCTT-1,0,paclitaxel
Data8_sample_30_CGTGATACAGGTCAGA-1,0,paclitaxel
Data8_sample_30_CGTGATACAGTCGCAC-1,0,paclitaxel
Data8_sample_30_CGTGATACATTGCCGG-1,0,paclitaxel
Data8_sample_30_CGTGATATCTAACACG-1,0,paclitaxel
Data8_sample_30_CGTGCTTAGATGAAGG-1,0,paclitaxel
Data8_sample_30_CGTGCTTGTCAAGTTC-1,0,paclitaxel
Data8_sample_30_CGTGCTTGTCCAAATC-1,0,paclitaxel
Data8_sample_30_CGTGCTTTCATCGGGC-1,0,paclitaxel
Data8_sample_30_CGTGCTTTCATTTACC-1,0,paclitaxel
Data8_sample_30_CGTGCTTTCTTGTGCC-1,0,paclitaxel
Data8_sample_30_CGTGTCTAGTTGGAAT-1,0,paclitaxel
Data8_sample_30_CGTGTCTCAAGTACCT-1,0,paclitaxel
Data8_sample_30_CGTGTCTCACAGACGA-1,0,paclitaxel
Data8_sample_30_CGTTAGAAGCTAGATA-1,0,paclitaxel
Data8_sample_30_CGTTAGAAGGTTCTAC-1,0,paclitaxel
Data8_sample_30_CGTTAGACATGCCGCA-1,0,paclitaxel
Data8_sample_30_CGTTAGAGTGGTCCCA-1,0,paclitaxel
Data8_sample_30_CGTTAGAGTTACCTTT-1,0,paclitaxel
Data8_sample_30_CGTTAGAGTTCAACGT-1,0,paclitaxel
Data8_sample_30_CGTTCTGAGCGACTGA-1,0,paclitaxel
Data8_sample_30_CGTTCTGAGGCATTTC-1,0,paclitaxel
Data8_sample_30_CGTTCTGCAACAAGAT-1,0,paclitaxel
Data8_sample_30_CGTTCTGCACGTGAGA-1,0,paclitaxel
Data8_sample_30_CGTTCTGCATAGGAGC-1,0,paclitaxel
Data8_sample_30_CGTTCTGTCATTGCGA-1,0,paclitaxel
Data8_sample_30_CGTTCTGTCGGCTTGG-1,0,paclitaxel
Data8_sample_30_CGTTGGGAGAAGTCAT-1,0,paclitaxel
Data8_sample_30_CGTTGGGGTATCTTCT-1,0,paclitaxel
Data8_sample_30_CGTTGGGGTCCAATCA-1,0,paclitaxel
Data8_sample_30_CGTTGGGTCAGATTGC-1,0,paclitaxel
Data8_sample_30_CTAACCCAGATTGCGG-1,0,paclitaxel
Data8_sample_30_CTAACCCCACAAGTGG-1,0,paclitaxel
Data8_sample_30_CTAACCCGTCATCTAG-1,0,paclitaxel
Data8_sample_30_CTAACCCGTTGGTACT-1,0,paclitaxel
Data8_sample_30_CTAACCCTCGCTGTCT-1,0,paclitaxel
Data8_sample_30_CTAACTTAGGGAGGCA-1,0,paclitaxel
Data8_sample_30_CTAACTTAGTATGTAG-1,0,paclitaxel
Data8_sample_30_CTAACTTCAAATTAGG-1,0,paclitaxel
Data8_sample_30_CTAACTTCACGCCAGT-1,0,paclitaxel
Data8_sample_30_CTAACTTCACGGGTAA-1,0,paclitaxel
Data8_sample_30_CTAACTTCAGAAATCA-1,0,paclitaxel
Data8_sample_30_CTAACTTCAGCATTGT-1,0,paclitaxel
Data8_sample_30_CTAACTTCAGCGGTTC-1,0,paclitaxel
Data8_sample_30_CTAACTTCATGCCGGT-1,0,paclitaxel
Data8_sample_30_CTAACTTTCCTGGCTT-1,0,paclitaxel
Data8_sample_30_CTAAGTGAGATGAAGG-1,0,paclitaxel
Data8_sample_30_CTAAGTGAGGCCCGTT-1,0,paclitaxel
Data8_sample_30_CTAAGTGCACCATTCC-1,0,paclitaxel
Data8_sample_30_CTAAGTGCAGTAACAA-1,0,paclitaxel
Data8_sample_30_CTAAGTGGTTTGTTGG-1,0,paclitaxel
Data8_sample_30_CTAAGTGTCTCTCGAC-1,0,paclitaxel
Data8_sample_30_CTACAGAAGCGCAATG-1,0,paclitaxel
Data8_sample_30_CTACAGAAGTCTCCTC-1,0,paclitaxel
Data8_sample_30_CTACAGAAGTGATCGG-1,0,paclitaxel
Data8_sample_30_CTACAGACAATAGTAG-1,0,paclitaxel
Data8_sample_30_CTACAGAGTGTAAATG-1,0,paclitaxel
Data8_sample_30_CTACAGATCCTGCCAT-1,0,paclitaxel
Data8_sample_30_CTACATTCATTCAGGT-1,0,paclitaxel
Data8_sample_30_CTACATTGTTACGTAC-1,0,paclitaxel
Data8_sample_30_CTACATTGTTCTTGCC-1,0,paclitaxel
Data8_sample_30_CTACCCAAGACCTTTG-1,0,paclitaxel
Data8_sample_30_CTACCCAAGACTACGG-1,0,paclitaxel
Data8_sample_30_CTACCCAAGCGCCATC-1,0,paclitaxel
Data8_sample_30_CTACCCATCATGCCCT-1,0,paclitaxel
Data8_sample_30_CTACCCATCATTACCT-1,0,paclitaxel
Data8_sample_30_CTACCCATCTAGATCG-1,0,paclitaxel
Data8_sample_30_CTACCCATCTCACCCA-1,0,paclitaxel
Data8_sample_30_CTACCTGAGACATGCG-1,0,paclitaxel
Data8_sample_30_CTACCTGAGCATATGA-1,0,paclitaxel
Data8_sample_30_CTACCTGAGCTCGTGC-1,0,paclitaxel
Data8_sample_30_CTACCTGAGTCCTACA-1,0,paclitaxel
Data8_sample_30_CTACCTGCACATATCG-1,0,paclitaxel
Data8_sample_30_CTACCTGCAGAGGTTG-1,0,paclitaxel
Data8_sample_30_CTACCTGGTCAGTCGC-1,0,paclitaxel
Data8_sample_30_CTACCTGGTCATAACC-1,0,paclitaxel
Data8_sample_30_CTACGGGAGAATCGTA-1,0,paclitaxel
Data8_sample_30_CTACGGGAGTGAATAC-1,0,paclitaxel
Data8_sample_30_CTACGGGGTATCCCAA-1,0,paclitaxel
Data8_sample_30_CTACGGGGTCGACTGC-1,0,paclitaxel
Data8_sample_30_CTACGGGTCGCCGTGA-1,0,paclitaxel
Data8_sample_30_CTACTATAGGAACTCG-1,0,paclitaxel
Data8_sample_30_CTACTATCATCTATCT-1,0,paclitaxel
Data8_sample_30_CTACTATGTCATAACC-1,0,paclitaxel
Data8_sample_30_CTACTATGTCCATCTC-1,0,paclitaxel
Data8_sample_30_CTACTATGTCGATTCA-1,0,paclitaxel
Data8_sample_30_CTACTATGTGCGCTCA-1,0,paclitaxel
Data8_sample_30_CTACTATTCAACCGAT-1,0,paclitaxel
Data8_sample_30_CTACTATTCAGCTGTA-1,0,paclitaxel
Data8_sample_30_CTAGACAGTTAAGTCC-1,0,paclitaxel
Data8_sample_30_CTAGGTAAGCACTCCG-1,0,paclitaxel
Data8_sample_30_CTAGGTAAGCATATGA-1,0,paclitaxel
Data8_sample_30_CTAGGTAAGGCACAAC-1,0,paclitaxel
Data8_sample_30_CTAGGTACATAGAATG-1,0,paclitaxel
Data8_sample_30_CTAGGTACATTGCTTT-1,0,paclitaxel
Data8_sample_30_CTAGGTATCTAGACCA-1,0,paclitaxel
Data8_sample_30_CTAGGTATCTGGTGCG-1,0,paclitaxel
Data8_sample_30_CTATAGGAGAGCCCAA-1,0,paclitaxel
Data8_sample_30_CTATAGGGTCACCCTT-1,0,paclitaxel
Data8_sample_30_CTATAGGTCTAACGCA-1,0,paclitaxel
Data8_sample_30_CTATCCGGTACAGTAA-1,0,paclitaxel
Data8_sample_30_CTATCCGGTGAACCGA-1,0,paclitaxel
Data8_sample_30_CTATCCGTCGTTAGTG-1,0,paclitaxel
Data8_sample_30_CTATCCGTCTTTGCAT-1,0,paclitaxel
Data8_sample_30_CTATCTAAGAAGCTCG-1,0,paclitaxel
Data8_sample_30_CTATCTAAGATGGCGT-1,0,paclitaxel
Data8_sample_30_CTATCTAAGTGAACAT-1,0,paclitaxel
Data8_sample_30_CTCAACCAGGCGACAT-1,0,paclitaxel
Data8_sample_30_CTCAACCCACATTCGA-1,0,paclitaxel
Data8_sample_30_CTCAACCTCAAATAGG-1,0,paclitaxel
Data8_sample_30_CTCAACCTCACACCGG-1,0,paclitaxel
Data8_sample_30_CTCAACCTCAGCGCGT-1,0,paclitaxel
Data8_sample_30_CTCAAGAAGACAGCTG-1,0,paclitaxel
Data8_sample_30_CTCAAGAAGCTGCCAC-1,0,paclitaxel
Data8_sample_30_CTCAAGACAAAGTATG-1,0,paclitaxel
Data8_sample_30_CTCAAGACAATAGTCC-1,0,paclitaxel
Data8_sample_30_CTCAAGACAGAACTAA-1,0,paclitaxel
Data8_sample_30_CTCAAGAGTAATGTGA-1,0,paclitaxel
Data8_sample_30_CTCAAGATCCTCTGCA-1,0,paclitaxel
Data8_sample_30_CTCAAGATCTAAGAAG-1,0,paclitaxel
Data8_sample_30_CTCAATTAGAGACAAG-1,0,paclitaxel
Data8_sample_30_CTCAATTAGATAGCAT-1,0,paclitaxel
Data8_sample_30_CTCAATTAGATTCGCT-1,0,paclitaxel
Data8_sample_30_CTCAATTAGCCGGATA-1,0,paclitaxel
Data8_sample_30_CTCAATTAGGTCTTTG-1,0,paclitaxel
Data8_sample_30_CTCAATTCACTGGACC-1,0,paclitaxel
Data8_sample_30_CTCAATTGTGACTCTA-1,0,paclitaxel
Data8_sample_30_CTCAATTGTTGTACGT-1,0,paclitaxel
Data8_sample_30_CTCACTGAGATGAAGG-1,0,paclitaxel
Data8_sample_30_CTCACTGAGTCCTGCG-1,0,paclitaxel
Data8_sample_30_CTCACTGAGTGGCGAT-1,0,paclitaxel
Data8_sample_30_CTCACTGCACACGGAA-1,0,paclitaxel
Data8_sample_30_CTCACTGCACCCAATA-1,0,paclitaxel
Data8_sample_30_CTCACTGGTACAATAG-1,0,paclitaxel
Data8_sample_30_CTCAGAAAGAATCGTA-1,0,paclitaxel
Data8_sample_30_CTCAGAACAGCGGTTC-1,0,paclitaxel
Data8_sample_30_CTCAGAAGTGTCGATT-1,0,paclitaxel
Data8_sample_30_CTCAGAAGTTGTTGTG-1,0,paclitaxel
Data8_sample_30_CTCAGGGAGCTCGGCT-1,0,paclitaxel
Data8_sample_30_CTCAGGGAGTGGAAGA-1,0,paclitaxel
Data8_sample_30_CTCAGGGCAGCCGGTT-1,0,paclitaxel
Data8_sample_30_CTCAGGGGTAGTCACT-1,0,paclitaxel
Data8_sample_30_CTCAGGGGTCATCACA-1,0,paclitaxel
Data8_sample_30_CTCAGGGTCACTGGGC-1,0,paclitaxel
Data8_sample_30_CTCAGTCCACCTGAAT-1,0,paclitaxel
Data8_sample_30_CTCAGTCCAGGCTACC-1,0,paclitaxel
Data8_sample_30_CTCAGTCGTGACCTGC-1,0,paclitaxel
Data8_sample_30_CTCAGTCTCCTCTAGC-1,0,paclitaxel
Data8_sample_30_CTCAGTCTCTCGACCT-1,0,paclitaxel
Data8_sample_30_CTCAGTCTCTGCCTGT-1,0,paclitaxel
Data8_sample_30_CTCATCGAGACATGCG-1,0,paclitaxel
Data8_sample_30_CTCATCGCATGCTGCG-1,0,paclitaxel
Data8_sample_30_CTCATCGGTCGAATTC-1,0,paclitaxel
Data8_sample_30_CTCATCGGTCTAGGTT-1,0,paclitaxel
Data8_sample_30_CTCATCGGTGTGACCC-1,0,paclitaxel
Data8_sample_30_CTCATCGGTTTCTTAC-1,0,paclitaxel
Data8_sample_30_CTCATCGTCCGAGTGC-1,0,paclitaxel
Data8_sample_30_CTCATCGTCGCAGAGA-1,0,paclitaxel
Data8_sample_30_CTCATCGTCGTAATGC-1,0,paclitaxel
Data8_sample_30_CTCATGCAGGTAAGTT-1,0,paclitaxel
Data8_sample_30_CTCATGCCAAACTAAG-1,0,paclitaxel
Data8_sample_30_CTCATGCCACTTGAAC-1,0,paclitaxel
Data8_sample_30_CTCATGCCATGACGTT-1,0,paclitaxel
Data8_sample_30_CTCATGCGTATACCCA-1,0,paclitaxel
Data8_sample_30_CTCATGCGTATCGAAA-1,0,paclitaxel
Data8_sample_30_CTCATGCGTGCATTTG-1,0,paclitaxel
Data8_sample_30_CTCATGCTCTATCCAT-1,0,paclitaxel
Data8_sample_30_CTCATTAAGAAGCTGC-1,0,paclitaxel
Data8_sample_30_CTCATTAAGACGCCAA-1,0,paclitaxel
Data8_sample_30_CTCATTAAGATGGTCG-1,0,paclitaxel
Data8_sample_30_CTCATTAAGTGAGGTC-1,0,paclitaxel
Data8_sample_30_CTCATTAAGTTTCTTC-1,0,paclitaxel
Data8_sample_30_CTCATTACACGGCGTT-1,0,paclitaxel
Data8_sample_30_CTCATTAGTCGCGTCA-1,0,paclitaxel
Data8_sample_30_CTCATTAGTGCATGTT-1,0,paclitaxel
Data8_sample_30_CTCATTAGTGGTTTAC-1,0,paclitaxel
Data8_sample_30_CTCATTATCAACTTTC-1,0,paclitaxel
Data8_sample_30_CTCCAACAGGGCAGAG-1,0,paclitaxel
Data8_sample_30_CTCCAACCAGCATCTA-1,0,paclitaxel
Data8_sample_30_CTCCAACGTAACCCGC-1,0,paclitaxel
Data8_sample_30_CTCCAACGTGTAAATG-1,0,paclitaxel
Data8_sample_30_CTCCAACTCAGCAGAG-1,0,paclitaxel
Data8_sample_30_CTCCAACTCCGAGAAG-1,0,paclitaxel
Data8_sample_30_CTCCACAAGGGTGAAA-1,0,paclitaxel
Data8_sample_30_CTCCACAAGTTCCGTA-1,0,paclitaxel
Data8_sample_30_CTCCACACAAGGACAC-1,0,paclitaxel
Data8_sample_30_CTCCACAGTAGATTAG-1,0,paclitaxel
Data8_sample_30_CTCCACATCAACGTGT-1,0,paclitaxel
Data8_sample_30_CTCCACATCACATCAG-1,0,paclitaxel
Data8_sample_30_CTCCACATCCTTGGAA-1,0,paclitaxel
Data8_sample_30_CTCCATGCATGGGTTT-1,0,paclitaxel
Data8_sample_30_CTCCATGGTATGGAAT-1,0,paclitaxel
Data8_sample_30_CTCCATGGTCAAAGCG-1,0,paclitaxel
Data8_sample_30_CTCCATGGTTTGTTGG-1,0,paclitaxel
Data8_sample_30_CTCCATGTCCGTACGG-1,0,paclitaxel
Data8_sample_30_CTCCATGTCTCCGCAT-1,0,paclitaxel
Data8_sample_30_CTCCCAAAGGTGCCAA-1,0,paclitaxel
Data8_sample_30_CTCCCAAAGGTTCACT-1,0,paclitaxel
Data8_sample_30_CTCCCAAAGTGTTCCA-1,0,paclitaxel
Data8_sample_30_CTCCCAACAACGTAAA-1,0,paclitaxel
Data8_sample_30_CTCCCAAGTACAGGTG-1,0,paclitaxel
Data8_sample_30_CTCCCAATCCGTATGA-1,0,paclitaxel
Data8_sample_30_CTCCCTCAGAAGCCAC-1,0,paclitaxel
Data8_sample_30_CTCCCTCAGGTAGTAT-1,0,paclitaxel
Data8_sample_30_CTCCCTCAGTCGCTAT-1,0,paclitaxel
Data8_sample_30_CTCCCTCAGTTTAGGA-1,0,paclitaxel
Data8_sample_30_CTCCCTCCAACCGCCA-1,0,paclitaxel
Data8_sample_30_CTCCCTCCACAAATGA-1,0,paclitaxel
Data8_sample_30_CTCCCTCGTCGCTTAA-1,0,paclitaxel
Data8_sample_30_CTCCGATAGAAGTCTA-1,0,paclitaxel
Data8_sample_30_CTCCGATAGAGAGCCT-1,0,paclitaxel
Data8_sample_30_CTCCGATAGCGACTTT-1,0,paclitaxel
Data8_sample_30_CTCCGATAGGCATGCA-1,0,paclitaxel
Data8_sample_30_CTCCGATCAGCGTACC-1,0,paclitaxel
Data8_sample_30_CTCCGATCAGGGAATC-1,0,paclitaxel
Data8_sample_30_CTCCGATGTAGCCCTG-1,0,paclitaxel
Data8_sample_30_CTCCGATGTCTGTGAT-1,0,paclitaxel
Data8_sample_30_CTCCGATTCGTCGACG-1,0,paclitaxel
Data8_sample_30_CTCCGATTCTTCCCGA-1,0,paclitaxel
Data8_sample_30_CTCCTCCAGCCATCCG-1,0,paclitaxel
Data8_sample_30_CTCCTCCAGTATTGCC-1,0,paclitaxel
Data8_sample_30_CTCCTCCGTACGATCT-1,0,paclitaxel
Data8_sample_30_CTCCTCCGTGACTGAG-1,0,paclitaxel
Data8_sample_30_CTCCTCCGTTCCGGTG-1,0,paclitaxel
Data8_sample_30_CTCCTCCGTTTCACAG-1,0,paclitaxel
Data8_sample_30_CTCCTCCTCTGTTCAT-1,0,paclitaxel
Data8_sample_30_CTCCTTTAGATGAATC-1,0,paclitaxel
Data8_sample_30_CTCCTTTAGCACGATG-1,0,paclitaxel
Data8_sample_30_CTCCTTTAGTGGAAGA-1,0,paclitaxel
Data8_sample_30_CTCCTTTAGTGGTTGG-1,0,paclitaxel
Data8_sample_30_CTCCTTTCAATTTCTC-1,0,paclitaxel
Data8_sample_30_CTCCTTTGTCTACACA-1,0,paclitaxel
Data8_sample_30_CTCCTTTGTGCTCTTC-1,0,paclitaxel
Data8_sample_30_CTCCTTTTCCATCTAT-1,0,paclitaxel
Data8_sample_30_CTCCTTTTCCATTTAC-1,0,paclitaxel
Data8_sample_30_CTCCTTTTCCGTGTCT-1,0,paclitaxel
Data8_sample_30_CTCCTTTTCGTGGGAA-1,0,paclitaxel
Data8_sample_30_CTCGAGGGTCTGCAAT-1,0,paclitaxel
Data8_sample_30_CTCTCAGCAGTCACGC-1,0,paclitaxel
Data8_sample_30_CTCTCAGGTCCCAAAT-1,0,paclitaxel
Data8_sample_30_CTCTCGAAGCGCACAA-1,0,paclitaxel
Data8_sample_30_CTCTCGACAAATGCGG-1,0,paclitaxel
Data8_sample_30_CTCTCGACATGACCCG-1,0,paclitaxel
Data8_sample_30_CTCTCGAGTGCCCACA-1,0,paclitaxel
Data8_sample_30_CTCTCGAGTTGTTGTG-1,0,paclitaxel
Data8_sample_30_CTCTCGATCCTTTGAT-1,0,paclitaxel
Data8_sample_30_CTCTGGTAGAACAGGA-1,0,paclitaxel
Data8_sample_30_CTCTGGTGTACCATAC-1,0,paclitaxel
Data8_sample_30_CTCTGGTGTCACTTAG-1,0,paclitaxel
Data8_sample_30_CTCTGGTGTGTTGATC-1,0,paclitaxel
Data8_sample_30_CTCTGGTTCCAGTTCC-1,0,paclitaxel
Data8_sample_30_CTCTGGTTCGAGCCTG-1,0,paclitaxel
Data8_sample_30_CTCTGGTTCTAGCCAA-1,0,paclitaxel
Data8_sample_30_CTCTGGTTCTGTCAGA-1,0,paclitaxel
Data8_sample_30_CTGAATGAGTAATACG-1,0,paclitaxel
Data8_sample_30_CTGAATGAGTCTAACC-1,0,paclitaxel
Data8_sample_30_CTGAATGCAAATGAAC-1,0,paclitaxel
Data8_sample_30_CTGAATGCAGGTACGA-1,0,paclitaxel
Data8_sample_30_CTGAATGCATACCAGT-1,0,paclitaxel
Data8_sample_30_CTGAATGTCTGATTCT-1,0,paclitaxel
Data8_sample_30_CTGAGCGAGAGGTATT-1,0,paclitaxel
Data8_sample_30_CTGAGCGAGAGTGGCT-1,0,paclitaxel
Data8_sample_30_CTGAGCGAGCTGGCCT-1,0,paclitaxel
Data8_sample_30_CTGAGCGCACTGGCCA-1,0,paclitaxel
Data8_sample_30_CTGAGCGGTCTCAAGT-1,0,paclitaxel
Data8_sample_30_CTGAGCGGTGTCTAAC-1,0,paclitaxel
Data8_sample_30_CTGAGCGGTTAGAAAC-1,0,paclitaxel
Data8_sample_30_CTGAGGCAGCACGATG-1,0,paclitaxel
Data8_sample_30_CTGAGGCCAAAGCACG-1,0,paclitaxel
Data8_sample_30_CTGAGGCCAGCTGTAT-1,0,paclitaxel
Data8_sample_30_CTGAGGCGTTTGAACC-1,0,paclitaxel
Data8_sample_30_CTGAGGCTCAACTCTT-1,0,paclitaxel
Data8_sample_30_CTGAGGCTCTGTACAG-1,0,paclitaxel
Data8_sample_30_CTGATCCAGCATGTTC-1,0,paclitaxel
Data8_sample_30_CTGATCCAGTGCGACA-1,0,paclitaxel
Data8_sample_30_CTGATCCCAAGGACAC-1,0,paclitaxel
Data8_sample_30_CTGATCCGTCGCATTA-1,0,paclitaxel
Data8_sample_30_CTGATCCGTGGCGCTT-1,0,paclitaxel
Data8_sample_30_CTGATCCTCCCGTTGT-1,0,paclitaxel
Data8_sample_30_CTGCAGGAGAAACTAC-1,0,paclitaxel
Data8_sample_30_CTGCAGGGTACCATAC-1,0,paclitaxel
Data8_sample_30_CTGCAGGTCACATTGG-1,0,paclitaxel
Data8_sample_30_CTGCAGGTCCCGAATA-1,0,paclitaxel
Data8_sample_30_CTGCAGGTCTACGGTA-1,0,paclitaxel
Data8_sample_30_CTGCATCCAGGTTTAC-1,0,paclitaxel
Data8_sample_30_CTGCATCGTCAAAGAT-1,0,paclitaxel
Data8_sample_30_CTGCATCGTGTTCGTA-1,0,paclitaxel
Data8_sample_30_CTGCATCGTTAGAGAT-1,0,paclitaxel
Data8_sample_30_CTGCATCTCTAGTACG-1,0,paclitaxel
Data8_sample_30_CTGCCATAGCGGGTAT-1,0,paclitaxel
Data8_sample_30_CTGCCATGTCATCCCT-1,0,paclitaxel
Data8_sample_30_CTGCCATGTGCCCTTT-1,0,paclitaxel
Data8_sample_30_CTGCCATTCTACACTT-1,0,paclitaxel
Data8_sample_30_CTGCCTAAGCGTGAAC-1,0,paclitaxel
Data8_sample_30_CTGCCTAAGCTCATAC-1,0,paclitaxel
Data8_sample_30_CTGCCTACAATATCCG-1,0,paclitaxel
Data8_sample_30_CTGCCTACAGCAGACA-1,0,paclitaxel
Data8_sample_30_CTGCCTAGTGGAAATT-1,0,paclitaxel
Data8_sample_30_CTGCCTATCGTGGAAG-1,0,paclitaxel
Data8_sample_30_CTGCCTATCTAGATCG-1,0,paclitaxel
Data8_sample_30_CTGCGAGCAGGCACAA-1,0,paclitaxel
Data8_sample_30_CTGCGAGTCCGATTAG-1,0,paclitaxel
Data8_sample_30_CTGCGAGTCGCCTTGT-1,0,paclitaxel
Data8_sample_30_CTGCTCAGTCTCACGG-1,0,paclitaxel
Data8_sample_30_CTGCTCAGTTGGCTAT-1,0,paclitaxel
Data8_sample_30_CTGGACGAGGTCGTGA-1,0,paclitaxel
Data8_sample_30_CTGGACGGTCATCACA-1,0,paclitaxel
Data8_sample_30_CTGGACGTCGTACACA-1,0,paclitaxel
Data8_sample_30_CTGGCAGAGAATAGTC-1,0,paclitaxel
Data8_sample_30_CTGGCAGCACAGCGCT-1,0,paclitaxel
Data8_sample_30_CTGGCAGGTGATGTAA-1,0,paclitaxel
Data8_sample_30_CTGGCAGTCCTGTTAT-1,0,paclitaxel
Data8_sample_30_CTGGTCTAGCGCTGAA-1,0,paclitaxel
Data8_sample_30_CTGGTCTAGCTTTCTT-1,0,paclitaxel
Data8_sample_30_CTGGTCTAGGTACATA-1,0,paclitaxel
Data8_sample_30_CTGGTCTAGGTGCAGT-1,0,paclitaxel
Data8_sample_30_CTGGTCTCACCACATA-1,0,paclitaxel
Data8_sample_30_CTGGTCTTCCTAGCTC-1,0,paclitaxel
Data8_sample_30_CTGTACCAGAGTCACG-1,0,paclitaxel
Data8_sample_30_CTGTACCAGTCCTGCG-1,0,paclitaxel
Data8_sample_30_CTGTACCCACTGCACG-1,0,paclitaxel
Data8_sample_30_CTGTACCCAGGACTAG-1,0,paclitaxel
Data8_sample_30_CTGTACCGTATTCTCT-1,0,paclitaxel
Data8_sample_30_CTGTACCTCTTGTGCC-1,0,paclitaxel
Data8_sample_30_CTGTAGAAGCCATGCC-1,0,paclitaxel
Data8_sample_30_CTGTAGAAGTTGCTCA-1,0,paclitaxel
Data8_sample_30_CTGTAGACAGACACAG-1,0,paclitaxel
Data8_sample_30_CTGTAGACAGAGCGTA-1,0,paclitaxel
Data8_sample_30_CTGTAGAGTACGATCT-1,0,paclitaxel
Data8_sample_30_CTGTAGAGTCTTCATT-1,0,paclitaxel
Data8_sample_30_CTGTAGATCCTAAACG-1,0,paclitaxel
Data8_sample_30_CTGTAGATCTACAGGT-1,0,paclitaxel
Data8_sample_30_CTGTATTAGCTGAAAT-1,0,paclitaxel
Data8_sample_30_CTGTATTCACTGCATA-1,0,paclitaxel
Data8_sample_30_CTGTATTCATCGATAC-1,0,paclitaxel
Data8_sample_30_CTGTATTGTCATCAGT-1,0,paclitaxel
Data8_sample_30_CTGTATTTCCATTCAT-1,0,paclitaxel
Data8_sample_30_CTGTATTTCCTTACCG-1,0,paclitaxel
Data8_sample_30_CTGTCGTAGCGGTATG-1,0,paclitaxel
Data8_sample_30_CTGTCGTAGGAGGGTG-1,0,paclitaxel
Data8_sample_30_CTGTCGTCAACACAGG-1,0,paclitaxel
Data8_sample_30_CTGTCGTCAGCTGCCA-1,0,paclitaxel
Data8_sample_30_CTGTCGTTCCGAACGC-1,0,paclitaxel
Data8_sample_30_CTGTCGTTCCTCACTG-1,0,paclitaxel
Data8_sample_30_CTGTGAACAGAATTCC-1,0,paclitaxel
Data8_sample_30_CTGTGAACAGTTTCAG-1,0,paclitaxel
Data8_sample_30_CTGTGAAGTCCTATAG-1,0,paclitaxel
Data8_sample_30_CTGTGGGAGAAGCGGG-1,0,paclitaxel
Data8_sample_30_CTGTGGGAGCCTGTCG-1,0,paclitaxel
Data8_sample_30_CTGTGGGCAACTCCCT-1,0,paclitaxel
Data8_sample_30_CTGTGGGCAATAGTAG-1,0,paclitaxel
Data8_sample_30_CTGTGGGGTACACGCC-1,0,paclitaxel
Data8_sample_30_CTGTGGGGTAGACGTG-1,0,paclitaxel
Data8_sample_30_CTGTGGGGTCTGTGGC-1,0,paclitaxel
Data8_sample_30_CTTACCGAGTAAGACT-1,0,paclitaxel
Data8_sample_30_CTTACCGAGTAGATCA-1,0,paclitaxel
Data8_sample_30_CTTACCGCAGACCAGA-1,0,paclitaxel
Data8_sample_30_CTTACCGCATGTCTAG-1,0,paclitaxel
Data8_sample_30_CTTACCGTCATATGGC-1,0,paclitaxel
Data8_sample_30_CTTACCGTCCAAATGC-1,0,paclitaxel
Data8_sample_30_CTTACCGTCCAAGGGA-1,0,paclitaxel
Data8_sample_30_CTTACCGTCGCGCTGA-1,0,paclitaxel
Data8_sample_30_CTTACCGTCTAGCCTC-1,0,paclitaxel
Data8_sample_30_CTTAGGAAGAGAAGGT-1,0,paclitaxel
Data8_sample_30_CTTAGGACACTCCTGT-1,0,paclitaxel
Data8_sample_30_CTTAGGACAGTTACCA-1,0,paclitaxel
Data8_sample_30_CTTAGGATCACTTGTT-1,0,paclitaxel
Data8_sample_30_CTTCAATAGCAGATAT-1,0,paclitaxel
Data8_sample_30_CTTCAATAGCTGTACT-1,0,paclitaxel
Data8_sample_30_CTTCAATAGTAACCTC-1,0,paclitaxel
Data8_sample_30_CTTCAATAGTGAGGCT-1,0,paclitaxel
Data8_sample_30_CTTCAATAGTTCATGC-1,0,paclitaxel
Data8_sample_30_CTTCAATAGTTGCTGT-1,0,paclitaxel
Data8_sample_30_CTTCAATGTCAAGCGA-1,0,paclitaxel
Data8_sample_30_CTTCAATGTTCCAGGC-1,0,paclitaxel
Data8_sample_30_CTTCAATTCCTTGAAG-1,0,paclitaxel
Data8_sample_30_CTTCCGAAGAACGCGT-1,0,paclitaxel
Data8_sample_30_CTTCCGAAGGCTCCCA-1,0,paclitaxel
Data8_sample_30_CTTCCGAAGGTTATAG-1,0,paclitaxel
Data8_sample_30_CTTCCGACAGCGGATA-1,0,paclitaxel
Data8_sample_30_CTTCCGACAGGTGTGA-1,0,paclitaxel
Data8_sample_30_CTTCCGATCCACCTGT-1,0,paclitaxel
Data8_sample_30_CTTCCGATCGCAACAT-1,0,paclitaxel
Data8_sample_30_CTTCCGATCGGACTTA-1,0,paclitaxel
Data8_sample_30_CTTCCTTCACTGCTTC-1,0,paclitaxel
Data8_sample_30_CTTCCTTGTCGTGGAA-1,0,paclitaxel
Data8_sample_30_CTTCCTTTCCTCGCAT-1,0,paclitaxel
Data8_sample_30_CTTCGGTAGCACCCAC-1,0,paclitaxel
Data8_sample_30_CTTCGGTCAACGTTAC-1,0,paclitaxel
Data8_sample_30_CTTCGGTCACGGTCTG-1,0,paclitaxel
Data8_sample_30_CTTCGGTGTGGTGATG-1,0,paclitaxel
Data8_sample_30_CTTCGGTGTTGGAGAC-1,0,paclitaxel
Data8_sample_30_CTTCGGTTCGTCGATA-1,0,paclitaxel
Data8_sample_30_CTTCGGTTCGTCGGGT-1,0,paclitaxel
Data8_sample_30_CTTCTAACAGCAAGAC-1,0,paclitaxel
Data8_sample_30_CTTCTAACATTGCCTC-1,0,paclitaxel
Data8_sample_30_CTTCTAAGTGTGTACT-1,0,paclitaxel
Data8_sample_30_CTTCTCTAGCGCCTAC-1,0,paclitaxel
Data8_sample_30_CTTCTCTAGTAAATGC-1,0,paclitaxel
Data8_sample_30_CTTCTCTAGTTCTACG-1,0,paclitaxel
Data8_sample_30_CTTCTCTCAAGTATCC-1,0,paclitaxel
Data8_sample_30_CTTCTCTCACAGAGCA-1,0,paclitaxel
Data8_sample_30_CTTCTCTCAGACGGAT-1,0,paclitaxel
Data8_sample_30_CTTCTCTCATACTTTC-1,0,paclitaxel
Data8_sample_30_CTTCTCTGTAGGCTCC-1,0,paclitaxel
Data8_sample_30_CTTCTCTGTCCTCCAT-1,0,paclitaxel
Data8_sample_30_CTTCTCTGTTCAAAGA-1,0,paclitaxel
Data8_sample_30_CTTCTCTTCATGTCTT-1,0,paclitaxel
Data8_sample_30_CTTCTCTTCGAGTGAG-1,0,paclitaxel
Data8_sample_30_CTTGAGAAGATACATG-1,0,paclitaxel
Data8_sample_30_CTTGAGAAGATAGTCA-1,0,paclitaxel
Data8_sample_30_CTTGAGAAGATGAATC-1,0,paclitaxel
Data8_sample_30_CTTGAGACAAGAATGT-1,0,paclitaxel
Data8_sample_30_CTTGAGATCAACCTCC-1,0,paclitaxel
Data8_sample_30_CTTGAGATCCGTTGAA-1,0,paclitaxel
Data8_sample_30_CTTGATTAGTGGTTGG-1,0,paclitaxel
Data8_sample_30_CTTGATTCACGCTGTG-1,0,paclitaxel
Data8_sample_30_CTTGATTTCGAACCAT-1,0,paclitaxel
Data8_sample_30_CTTGATTTCGTTCGCT-1,0,paclitaxel
Data8_sample_30_CTTTCAATCAGACCTA-1,0,paclitaxel
Data8_sample_30_CTTTCAATCTCCGAGG-1,0,paclitaxel
Data8_sample_30_CTTTCAATCTGGACTA-1,0,paclitaxel
Data8_sample_30_CTTTCAATCTGTGCGG-1,0,paclitaxel
Data8_sample_30_CTTTCGGAGAAATGGG-1,0,paclitaxel
Data8_sample_30_CTTTCGGAGGCCGCTT-1,0,paclitaxel
Data8_sample_30_CTTTCGGCAACAGTGG-1,0,paclitaxel
Data8_sample_30_CTTTCGGTCTCATTAC-1,0,paclitaxel
Data8_sample_30_CTTTCGGTCTTGTGCC-1,0,paclitaxel
Data8_sample_30_GAAACCTTCGCAGTCG-1,0,paclitaxel
Data8_sample_30_GAAACCTTCTGTAAGC-1,0,paclitaxel
Data8_sample_30_GAAACCTTCTTTGCAT-1,0,paclitaxel
Data8_sample_30_GAAATGAAGGTCGTAG-1,0,paclitaxel
Data8_sample_30_GAAATGAAGTTGGAAT-1,0,paclitaxel
Data8_sample_30_GAAATGACATTCTCCG-1,0,paclitaxel
Data8_sample_30_GAACACTCAGAAGCTG-1,0,paclitaxel
Data8_sample_30_GAACACTCAGAATGTA-1,0,paclitaxel
Data8_sample_30_GAACACTCATACCACA-1,0,paclitaxel
Data8_sample_30_GAACACTGTGCCCTTT-1,0,paclitaxel
Data8_sample_30_GAACACTTCTCGACGG-1,0,paclitaxel
Data8_sample_30_GAACGTTAGCGCCGTT-1,0,paclitaxel
Data8_sample_30_GAACGTTCACAGCTGC-1,0,paclitaxel
Data8_sample_30_GAACGTTCAGGCTATT-1,0,paclitaxel
Data8_sample_30_GAACGTTGTTCTGACA-1,0,paclitaxel
Data8_sample_30_GAACGTTTCAGCCTTC-1,0,paclitaxel
Data8_sample_30_GAACTGTAGGCACTCC-1,0,paclitaxel
Data8_sample_30_GAACTGTAGGCTAACG-1,0,paclitaxel
Data8_sample_30_GAACTGTAGTGCCCGT-1,0,paclitaxel
Data8_sample_30_GAACTGTAGTTCGCAT-1,0,paclitaxel
Data8_sample_30_GAACTGTCAGTTTGGT-1,0,paclitaxel
Data8_sample_30_GAACTGTGTGTAACGG-1,0,paclitaxel
Data8_sample_30_GAACTGTGTGTCGATT-1,0,paclitaxel
Data8_sample_30_GAACTGTTCCGCAACG-1,0,paclitaxel
Data8_sample_30_GAAGAATAGGAAAGAC-1,0,paclitaxel
Data8_sample_30_GAAGAATAGGCGCTTC-1,0,paclitaxel
Data8_sample_30_GAAGAATCACGCAGTC-1,0,paclitaxel
Data8_sample_30_GAAGAATCACGGTGAA-1,0,paclitaxel
Data8_sample_30_GAAGAATGTACCAATC-1,0,paclitaxel
Data8_sample_30_GAAGAATGTGCAAGAC-1,0,paclitaxel
Data8_sample_30_GAAGAATGTGCTAGCC-1,0,paclitaxel
Data8_sample_30_GAAGAATTCATTATCC-1,0,paclitaxel
Data8_sample_30_GAAGAATTCGTACACA-1,0,paclitaxel
Data8_sample_30_GAAGCCCAGACAGTCG-1,0,paclitaxel
Data8_sample_30_GAAGCCCCAGAGCGTA-1,0,paclitaxel
Data8_sample_30_GAAGCCCTCGCCCAGA-1,0,paclitaxel
Data8_sample_30_GAAGCGAAGGACTTCT-1,0,paclitaxel
Data8_sample_30_GAAGCGAAGGTAGGCT-1,0,paclitaxel
Data8_sample_30_GAAGCGACAAATCAAG-1,0,paclitaxel
Data8_sample_30_GAAGCGACAGCATACT-1,0,paclitaxel
Data8_sample_30_GAAGCGACAGGTGAGT-1,0,paclitaxel
Data8_sample_30_GAAGCGAGTGTCCATA-1,0,paclitaxel
Data8_sample_30_GAAGCGATCGAGCACC-1,0,paclitaxel
Data8_sample_30_GAAGCGATCGTGGACC-1,0,paclitaxel
Data8_sample_30_GAAGCGATCTCCCATG-1,0,paclitaxel
Data8_sample_30_GAAGGACAGCTATCCA-1,0,paclitaxel
Data8_sample_30_GAAGGACCAGCGTACC-1,0,paclitaxel
Data8_sample_30_GAAGGACGTAAGCGGT-1,0,paclitaxel
Data8_sample_30_GAAGGACGTCCGGACT-1,0,paclitaxel
Data8_sample_30_GAAGGGTAGCCTTTCC-1,0,paclitaxel
Data8_sample_30_GAAGGGTAGGAACTAT-1,0,paclitaxel
Data8_sample_30_GAAGGGTAGGTTCTAC-1,0,paclitaxel
Data8_sample_30_GAAGGGTCACGACTAT-1,0,paclitaxel
Data8_sample_30_GAAGGGTGTATGTGTC-1,0,paclitaxel
Data8_sample_30_GAAGGGTGTTCGCGTG-1,0,paclitaxel
Data8_sample_30_GAAGGGTGTTTGACAC-1,0,paclitaxel
Data8_sample_30_GAAGTAATCTACTGAG-1,0,paclitaxel
Data8_sample_30_GAAGTAATCTCGGCTT-1,0,paclitaxel
Data8_sample_30_GAATAGAAGATTGTGA-1,0,paclitaxel
Data8_sample_30_GAATAGACAGCTATAC-1,0,paclitaxel
Data8_sample_30_GAATAGACATCGATCA-1,0,paclitaxel
Data8_sample_30_GAATAGATCACGAGGA-1,0,paclitaxel
Data8_sample_30_GAATAGATCTGCCTGT-1,0,paclitaxel
Data8_sample_30_GAATCACCACTCAGAT-1,0,paclitaxel
Data8_sample_30_GAATCACTCAAGGCTT-1,0,paclitaxel
Data8_sample_30_GAATCGTAGGTCTTTG-1,0,paclitaxel
Data8_sample_30_GAATCGTAGTTCCAGT-1,0,paclitaxel
Data8_sample_30_GAATCGTTCTGAACGT-1,0,paclitaxel
Data8_sample_30_GACACGCGTGGCACTC-1,0,paclitaxel
Data8_sample_30_GACAGCCAGCTAATCC-1,0,paclitaxel
Data8_sample_30_GACAGCCCACTCCTGT-1,0,paclitaxel
Data8_sample_30_GACAGCCGTGAGAACC-1,0,paclitaxel
Data8_sample_30_GACATCAAGAGGTTAT-1,0,paclitaxel
Data8_sample_30_GACATCAAGCGAACTG-1,0,paclitaxel
Data8_sample_30_GACATCAGTACCTATG-1,0,paclitaxel
Data8_sample_30_GACATCAGTGCGAGTA-1,0,paclitaxel
Data8_sample_30_GACATCAGTGGACCAA-1,0,paclitaxel
Data8_sample_30_GACATCAGTTAGCGGA-1,0,paclitaxel
Data8_sample_30_GACATCAGTTAGGCCC-1,0,paclitaxel
Data8_sample_30_GACATCATCCGTCACT-1,0,paclitaxel
Data8_sample_30_GACCAATCAACTAGAA-1,0,paclitaxel
Data8_sample_30_GACCAATCACGGTGAA-1,0,paclitaxel
Data8_sample_30_GACCAATTCGTCGCTT-1,0,paclitaxel
Data8_sample_30_GACCCAGAGCGCCTCA-1,0,paclitaxel
Data8_sample_30_GACCCAGAGCTACGTT-1,0,paclitaxel
Data8_sample_30_GACCCAGAGGCTATCT-1,0,paclitaxel
Data8_sample_30_GACCCAGCAAACCATC-1,0,paclitaxel
Data8_sample_30_GACCCAGGTGGATGAC-1,0,paclitaxel
Data8_sample_30_GACCCAGGTTGTCAGT-1,0,paclitaxel
Data8_sample_30_GACCCAGTCCAATCTT-1,0,paclitaxel
Data8_sample_30_GACCCAGTCTGGAAGG-1,0,paclitaxel
Data8_sample_30_GACCCTTAGGACAGCT-1,0,paclitaxel
Data8_sample_30_GACCCTTCACGTATAC-1,0,paclitaxel
Data8_sample_30_GACCCTTGTGACGCCT-1,0,paclitaxel
Data8_sample_30_GACCCTTTCGAGAAAT-1,0,paclitaxel
Data8_sample_30_GACCGTGAGAAACCAT-1,0,paclitaxel
Data8_sample_30_GACCGTGCAACTCCAA-1,0,paclitaxel
Data8_sample_30_GACCGTGCAGCATACT-1,0,paclitaxel
Data8_sample_30_GACCGTGCAGTCGCTG-1,0,paclitaxel
Data8_sample_30_GACCGTGGTAAGATTG-1,0,paclitaxel
Data8_sample_30_GACCGTGGTGTGCTTA-1,0,paclitaxel
Data8_sample_30_GACCGTGTCCGTGGGT-1,0,paclitaxel
Data8_sample_30_GACCTTCCACGTTCGG-1,0,paclitaxel
Data8_sample_30_GACCTTCGTATTCTCT-1,0,paclitaxel
Data8_sample_30_GACCTTCGTCGCGGTT-1,0,paclitaxel
Data8_sample_30_GACCTTCGTGCACATT-1,0,paclitaxel
Data8_sample_30_GACCTTCTCGCTGATA-1,0,paclitaxel
Data8_sample_30_GACCTTCTCTGCGAGC-1,0,paclitaxel
Data8_sample_30_GACCTTCTCTTGAGCA-1,0,paclitaxel
Data8_sample_30_GACGCTGCAGCACAAG-1,0,paclitaxel
Data8_sample_30_GACGCTGGTACCACGC-1,0,paclitaxel
Data8_sample_30_GACGCTGGTACGGCAA-1,0,paclitaxel
Data8_sample_30_GACGCTGGTTGTAAAG-1,0,paclitaxel
Data8_sample_30_GACGCTGTCTGCTTTA-1,0,paclitaxel
Data8_sample_30_GACGCTGTCTGGGATT-1,0,paclitaxel
Data8_sample_30_GACGTTAAGATTCGAA-1,0,paclitaxel
Data8_sample_30_GACGTTACACGAAGAC-1,0,paclitaxel
Data8_sample_30_GACGTTACATCACCAA-1,0,paclitaxel
Data8_sample_30_GACGTTAGTAGACGTG-1,0,paclitaxel
Data8_sample_30_GACTATGAGGATGAGA-1,0,paclitaxel
Data8_sample_30_GACTATGCAAAGGTTA-1,0,paclitaxel
Data8_sample_30_GACTATGCAACCGTAT-1,0,paclitaxel
Data8_sample_30_GACTATGCATGAGTAA-1,0,paclitaxel
Data8_sample_30_GACTCAAAGACCAAAT-1,0,paclitaxel
Data8_sample_30_GACTCAAAGCGGTATG-1,0,paclitaxel
Data8_sample_30_GACTCAACAGACCTAT-1,0,paclitaxel
Data8_sample_30_GACTCAAGTCTTGCGG-1,0,paclitaxel
Data8_sample_30_GACTCAAGTGCCTACG-1,0,paclitaxel
Data8_sample_30_GACTCAAGTTTAGTCG-1,0,paclitaxel
Data8_sample_30_GACTCAATCCAGTGTA-1,0,paclitaxel
Data8_sample_30_GACTCTCAGAAACACT-1,0,paclitaxel
Data8_sample_30_GACTCTCAGTTCAACC-1,0,paclitaxel
Data8_sample_30_GACTCTCTCTGGCCAG-1,0,paclitaxel
Data8_sample_30_GACTCTCTCTTGCGCT-1,0,paclitaxel
Data8_sample_30_GACTGATCACAGCGCT-1,0,paclitaxel
Data8_sample_30_GACTGATTCATCGCAA-1,0,paclitaxel
Data8_sample_30_GACTGATTCGGACAAG-1,0,paclitaxel
Data8_sample_30_GACTGATTCTTAGTTC-1,0,paclitaxel
Data8_sample_30_GACTTCCAGGCCATAG-1,0,paclitaxel
Data8_sample_30_GACTTCCAGGGATGTC-1,0,paclitaxel
Data8_sample_30_GACTTCCGTCAAGCGA-1,0,paclitaxel
Data8_sample_30_GACTTCCTCTTGGTCC-1,0,paclitaxel
Data8_sample_30_GAGAAATAGACCAGCA-1,0,paclitaxel
Data8_sample_30_GAGAAATAGACGCCAA-1,0,paclitaxel
Data8_sample_30_GAGAAATAGGCCTGCT-1,0,paclitaxel
Data8_sample_30_GAGAAATGTTGCTCAA-1,0,paclitaxel
Data8_sample_30_GAGAAATTCACTTGTT-1,0,paclitaxel
Data8_sample_30_GAGAAATTCCAATCTT-1,0,paclitaxel
Data8_sample_30_GAGAAATTCTCACTCG-1,0,paclitaxel
Data8_sample_30_GAGACCCCAATAACGA-1,0,paclitaxel
Data8_sample_30_GAGACCCCAGTAGAGC-1,0,paclitaxel
Data8_sample_30_GAGACCCTCCATACTT-1,0,paclitaxel
Data8_sample_30_GAGACCCTCTGAGGTT-1,0,paclitaxel
Data8_sample_30_GAGACTTCAATAAGGT-1,0,paclitaxel
Data8_sample_30_GAGACTTCACAACATC-1,0,paclitaxel
Data8_sample_30_GAGACTTCAGTAACAA-1,0,paclitaxel
Data8_sample_30_GAGACTTTCATGCAGT-1,0,paclitaxel
Data8_sample_30_GAGAGGTAGTTGAATG-1,0,paclitaxel
Data8_sample_30_GAGAGGTCATATAGCC-1,0,paclitaxel
Data8_sample_30_GAGAGGTCATGTCAGT-1,0,paclitaxel
Data8_sample_30_GAGAGGTGTTGACGGA-1,0,paclitaxel
Data8_sample_30_GAGATGGAGTACGAGC-1,0,paclitaxel
Data8_sample_30_GAGATGGGTACACTCA-1,0,paclitaxel
Data8_sample_30_GAGATGGTCGAATGCT-1,0,paclitaxel
Data8_sample_30_GAGATGGTCTGCATAG-1,0,paclitaxel
Data8_sample_30_GAGCCTGAGCAGCCTC-1,0,paclitaxel
Data8_sample_30_GAGCCTGAGCCGATAG-1,0,paclitaxel
Data8_sample_30_GAGCCTGAGCGAACTG-1,0,paclitaxel
Data8_sample_30_GAGCCTGCAATTGCAC-1,0,paclitaxel
Data8_sample_30_GAGCCTGCACCTCTGT-1,0,paclitaxel
Data8_sample_30_GAGCCTGGTATCATGC-1,0,paclitaxel
Data8_sample_30_GAGCTGCAGAGTCTTC-1,0,paclitaxel
Data8_sample_30_GAGCTGCAGCTTAAGA-1,0,paclitaxel
Data8_sample_30_GAGCTGCAGGGCCAAT-1,0,paclitaxel
Data8_sample_30_GAGCTGCAGTTACGGG-1,0,paclitaxel
Data8_sample_30_GAGCTGCCATAGTCGT-1,0,paclitaxel
Data8_sample_30_GAGCTGCTCTGGCCAG-1,0,paclitaxel
Data8_sample_30_GAGGCAAAGATAACGT-1,0,paclitaxel
Data8_sample_30_GAGGCAAAGCGCTGAA-1,0,paclitaxel
Data8_sample_30_GAGGCAAAGGACACTG-1,0,paclitaxel
Data8_sample_30_GAGGCAACAAGCTGCC-1,0,paclitaxel
Data8_sample_30_GAGGCAACAGGCACTC-1,0,paclitaxel
Data8_sample_30_GAGGCAACATTGGATC-1,0,paclitaxel
Data8_sample_30_GAGGCAAGTCACAGAG-1,0,paclitaxel
Data8_sample_30_GAGGCAAGTCTATGAC-1,0,paclitaxel
Data8_sample_30_GAGGCAAGTGCATACT-1,0,paclitaxel
Data8_sample_30_GAGGCAAGTTGCCGCA-1,0,paclitaxel
Data8_sample_30_GAGGCAATCTAAGGAA-1,0,paclitaxel
Data8_sample_30_GAGGCCTCAAACCACT-1,0,paclitaxel
Data8_sample_30_GAGGCCTCAACGTAAA-1,0,paclitaxel
Data8_sample_30_GAGGCCTGTGATGGCA-1,0,paclitaxel
Data8_sample_30_GAGGGATAGATTGGGC-1,0,paclitaxel
Data8_sample_30_GAGGGATAGTCACTGT-1,0,paclitaxel
Data8_sample_30_GAGGGATCACAAACGG-1,0,paclitaxel
Data8_sample_30_GAGGGATGTACAAACA-1,0,paclitaxel
Data8_sample_30_GAGGGATTCCACAAGT-1,0,paclitaxel
Data8_sample_30_GAGGGTAAGGTTATAG-1,0,paclitaxel
Data8_sample_30_GAGGGTACACCAGCCA-1,0,paclitaxel
Data8_sample_30_GAGTCATAGTTGAAGT-1,0,paclitaxel
Data8_sample_30_GAGTCATCACGTACAT-1,0,paclitaxel
Data8_sample_30_GAGTCATGTTAGAGTA-1,0,paclitaxel
Data8_sample_30_GAGTCATTCTTCCGTG-1,0,paclitaxel
Data8_sample_30_GAGTCTAAGCTCTGTA-1,0,paclitaxel
Data8_sample_30_GAGTCTAAGGCTCACC-1,0,paclitaxel
Data8_sample_30_GAGTCTACACCTTCCA-1,0,paclitaxel
Data8_sample_30_GAGTCTAGTCGTGGTC-1,0,paclitaxel
Data8_sample_30_GAGTCTAGTCTAACTG-1,0,paclitaxel
Data8_sample_30_GAGTCTATCTCTAAGG-1,0,paclitaxel
Data8_sample_30_GAGTCTATCTGTGCGG-1,0,paclitaxel
Data8_sample_30_GAGTGAGAGGCGCTTC-1,0,paclitaxel
Data8_sample_30_GAGTGAGAGTGGACGT-1,0,paclitaxel
Data8_sample_30_GAGTGAGGTAGATTAG-1,0,paclitaxel
Data8_sample_30_GAGTGAGGTGCATTAC-1,0,paclitaxel
Data8_sample_30_GAGTGAGGTTCGAGCC-1,0,paclitaxel
Data8_sample_30_GAGTGAGTCACTGTCC-1,0,paclitaxel
Data8_sample_30_GAGTGTTAGATCGGTG-1,0,paclitaxel
Data8_sample_30_GAGTGTTAGGAGCTGT-1,0,paclitaxel
Data8_sample_30_GAGTGTTGTCTCCTGT-1,0,paclitaxel
Data8_sample_30_GAGTGTTTCATCGACA-1,0,paclitaxel
Data8_sample_30_GAGTGTTTCCATTTGT-1,0,paclitaxel
Data8_sample_30_GAGTGTTTCTGGCCAG-1,0,paclitaxel
Data8_sample_30_GAGTTACAGAGATTCA-1,0,paclitaxel
Data8_sample_30_GAGTTACAGATTAGCA-1,0,paclitaxel
Data8_sample_30_GAGTTGTAGAGCAGAA-1,0,paclitaxel
Data8_sample_30_GAGTTGTAGAGGTCAC-1,0,paclitaxel
Data8_sample_30_GAGTTGTGTTCAAGGG-1,0,paclitaxel
Data8_sample_30_GAGTTTGCACCTTCCA-1,0,paclitaxel
Data8_sample_30_GAGTTTGCAGCAGTTT-1,0,paclitaxel
Data8_sample_30_GAGTTTGCATCCGTTC-1,0,paclitaxel
Data8_sample_30_GAGTTTGGTCACTACA-1,0,paclitaxel
Data8_sample_30_GAGTTTGGTTAATGAG-1,0,paclitaxel
Data8_sample_30_GAGTTTGTCGATTCCC-1,0,paclitaxel
Data8_sample_30_GAGTTTGTCGGTTGTA-1,0,paclitaxel
Data8_sample_30_GATAGAAGTACTGTTG-1,0,paclitaxel
Data8_sample_30_GATAGAAGTCCACTTC-1,0,paclitaxel
Data8_sample_30_GATAGAAGTCCGACGT-1,0,paclitaxel
Data8_sample_30_GATAGAATCATTTCGT-1,0,paclitaxel
Data8_sample_30_GATAGAATCGTAGAGG-1,0,paclitaxel
Data8_sample_30_GATAGCTCAGCTATAC-1,0,paclitaxel
Data8_sample_30_GATAGCTGTTTATGCG-1,0,paclitaxel
Data8_sample_30_GATCACAAGAGGATCC-1,0,paclitaxel
Data8_sample_30_GATCACAAGTGAGCCA-1,0,paclitaxel
Data8_sample_30_GATCACAAGTGCTAGG-1,0,paclitaxel
Data8_sample_30_GATCACACAAACTAGA-1,0,paclitaxel
Data8_sample_30_GATCACACAAGGTCTT-1,0,paclitaxel
Data8_sample_30_GATCACAGTCGTGCCA-1,0,paclitaxel
Data8_sample_30_GATCACATCGTAGTGT-1,0,paclitaxel
Data8_sample_30_GATCACATCTCCGCAT-1,0,paclitaxel
Data8_sample_30_GATCAGTAGGGATCTG-1,0,paclitaxel
Data8_sample_30_GATCAGTCAACAAGAT-1,0,paclitaxel
Data8_sample_30_GATCAGTCAACAGAGC-1,0,paclitaxel
Data8_sample_30_GATCAGTCACACGCCA-1,0,paclitaxel
Data8_sample_30_GATCAGTCACGTCGGT-1,0,paclitaxel
Data8_sample_30_GATCAGTGTACAGCGA-1,0,paclitaxel
Data8_sample_30_GATCAGTTCGGTCTGG-1,0,paclitaxel
Data8_sample_30_GATCATGTCATTGCCC-1,0,paclitaxel
Data8_sample_30_GATCATGTCCCGGTAG-1,0,paclitaxel
Data8_sample_30_GATCGTAAGCCTATCA-1,0,paclitaxel
Data8_sample_30_GATCGTAAGTCAACAA-1,0,paclitaxel
Data8_sample_30_GATCGTAAGTTACTCG-1,0,paclitaxel
Data8_sample_30_GATCGTACAAACACGG-1,0,paclitaxel
Data8_sample_30_GATCGTAGTCAGACGA-1,0,paclitaxel
Data8_sample_30_GATCGTAGTGACTATC-1,0,paclitaxel
Data8_sample_30_GATCGTAGTTGCGAAG-1,0,paclitaxel
Data8_sample_30_GATCGTATCTGATGGT-1,0,paclitaxel
Data8_sample_30_GATGACTAGCCTTCTC-1,0,paclitaxel
Data8_sample_30_GATGACTAGTCGAAAT-1,0,paclitaxel
Data8_sample_30_GATGACTCAAGCGATG-1,0,paclitaxel
Data8_sample_30_GATGACTCAATCACGT-1,0,paclitaxel
Data8_sample_30_GATGACTCACCAGCCA-1,0,paclitaxel
Data8_sample_30_GATGACTCAGAGGCAT-1,0,paclitaxel
Data8_sample_30_GATGACTGTTCGGCCA-1,0,paclitaxel
Data8_sample_30_GATGAGGCAGGACGAT-1,0,paclitaxel
Data8_sample_30_GATGAGGCATATACCG-1,0,paclitaxel
Data8_sample_30_GATGATCAGCAGGCTA-1,0,paclitaxel
Data8_sample_30_GATGATCAGTCGAAGC-1,0,paclitaxel
Data8_sample_30_GATGCTAAGAGTAACT-1,0,paclitaxel
Data8_sample_30_GATGCTAAGGTGCGAT-1,0,paclitaxel
Data8_sample_30_GATGCTACATAAGCGG-1,0,paclitaxel
Data8_sample_30_GATGCTAGTACAGGTG-1,0,paclitaxel
Data8_sample_30_GATGCTAGTTTGGGTT-1,0,paclitaxel
Data8_sample_30_GATGCTATCACGATCA-1,0,paclitaxel
Data8_sample_30_GATGCTATCCATCTCG-1,0,paclitaxel
Data8_sample_30_GATGGAGAGCTGGCTC-1,0,paclitaxel
Data8_sample_30_GATGGAGAGGTCCTGC-1,0,paclitaxel
Data8_sample_30_GATGGAGCACCCAATA-1,0,paclitaxel
Data8_sample_30_GATGGAGCATGGACAG-1,0,paclitaxel
Data8_sample_30_GATGGAGGTCAGTTTG-1,0,paclitaxel
Data8_sample_30_GATGGAGGTCTTCAAG-1,0,paclitaxel
Data8_sample_30_GATGGAGGTTCTTCAT-1,0,paclitaxel
Data8_sample_30_GATGGAGGTTGTGGCC-1,0,paclitaxel
Data8_sample_30_GATGGAGTCAACGCTA-1,0,paclitaxel
Data8_sample_30_GATGGAGTCGCAGTTA-1,0,paclitaxel
Data8_sample_30_GATGTTGAGAGAGCAA-1,0,paclitaxel
Data8_sample_30_GATGTTGAGGAGCTGT-1,0,paclitaxel
Data8_sample_30_GATGTTGCATTGGCAT-1,0,paclitaxel
Data8_sample_30_GATGTTGGTCTCGGGT-1,0,paclitaxel
Data8_sample_30_GATGTTGGTGACCGAA-1,0,paclitaxel
Data8_sample_30_GATGTTGGTTCGGTAT-1,0,paclitaxel
Data8_sample_30_GATGTTGTCACCATAG-1,0,paclitaxel
Data8_sample_30_GATTCGAAGGTTACAA-1,0,paclitaxel
Data8_sample_30_GATTCGACAGCAATTC-1,0,paclitaxel
Data8_sample_30_GATTCGACATATGGCT-1,0,paclitaxel
Data8_sample_30_GATTCGATCACAATGC-1,0,paclitaxel
Data8_sample_30_GATTCGATCAGCAATC-1,0,paclitaxel
Data8_sample_30_GATTCGATCATTACCT-1,0,paclitaxel
Data8_sample_30_GATTCGATCCACCTCA-1,0,paclitaxel
Data8_sample_30_GATTCGATCCACGAAT-1,0,paclitaxel
Data8_sample_30_GATTCGATCCTTCAGC-1,0,paclitaxel
Data8_sample_30_GATTCTTAGCACCAGA-1,0,paclitaxel
Data8_sample_30_GATTCTTAGTCGAAAT-1,0,paclitaxel
Data8_sample_30_GATTCTTCAATTTCCT-1,0,paclitaxel
Data8_sample_30_GATTCTTCAGCGCGTT-1,0,paclitaxel
Data8_sample_30_GATTCTTCATAGTCAC-1,0,paclitaxel
Data8_sample_30_GATTCTTCATTGTCGA-1,0,paclitaxel
Data8_sample_30_GATTCTTTCACAATGC-1,0,paclitaxel
Data8_sample_30_GATTCTTTCAGAGTGG-1,0,paclitaxel
Data8_sample_30_GATTCTTTCCTAGCGG-1,0,paclitaxel
Data8_sample_30_GATTCTTTCTCGTTTA-1,0,paclitaxel
Data8_sample_30_GATTGGTCACACCGAC-1,0,paclitaxel
Data8_sample_30_GATTGGTCACGGCGTT-1,0,paclitaxel
Data8_sample_30_GATTGGTGTTTAGTCG-1,0,paclitaxel
Data8_sample_30_GATTGGTTCTCCGATC-1,0,paclitaxel
Data8_sample_30_GATTGGTTCTGCTTAT-1,0,paclitaxel
Data8_sample_30_GATTTCTCAACTGGTT-1,0,paclitaxel
Data8_sample_30_GATTTCTGTCCGACGT-1,0,paclitaxel
Data8_sample_30_GATTTCTGTTGGTACT-1,0,paclitaxel
Data8_sample_30_GCAACATAGACTCATC-1,0,paclitaxel
Data8_sample_30_GCAACATAGATGACAT-1,0,paclitaxel
Data8_sample_30_GCAACATAGCCATATC-1,0,paclitaxel
Data8_sample_30_GCAACATCAAGGATGC-1,0,paclitaxel
Data8_sample_30_GCAACATCATCCGAAT-1,0,paclitaxel
Data8_sample_30_GCAACATGTACAATAG-1,0,paclitaxel
Data8_sample_30_GCAACATGTCAATGGG-1,0,paclitaxel
Data8_sample_30_GCAACATGTTTCGTTT-1,0,paclitaxel
Data8_sample_30_GCAACATTCAAGCCCG-1,0,paclitaxel
Data8_sample_30_GCAACATTCATGCGGC-1,0,paclitaxel
Data8_sample_30_GCAACCGAGCCTGCCA-1,0,paclitaxel
Data8_sample_30_GCAACCGAGGTAAGAG-1,0,paclitaxel
Data8_sample_30_GCAACCGCAGTAGAGC-1,0,paclitaxel
Data8_sample_30_GCAACCGGTAGCTTTG-1,0,paclitaxel
Data8_sample_30_GCAACCGGTGTAGCAG-1,0,paclitaxel
Data8_sample_30_GCAACCGGTGTATTCG-1,0,paclitaxel
Data8_sample_30_GCAACCGTCCAATCCC-1,0,paclitaxel
Data8_sample_30_GCACATAAGAACCCGA-1,0,paclitaxel
Data8_sample_30_GCACATAAGCGCGTTC-1,0,paclitaxel
Data8_sample_30_GCACATAGTGAGAACC-1,0,paclitaxel
Data8_sample_30_GCACATATCGCTACGG-1,0,paclitaxel
Data8_sample_30_GCACGGTAGTTGAAGT-1,0,paclitaxel
Data8_sample_30_GCACGGTCATCCGAAT-1,0,paclitaxel
Data8_sample_30_GCACGGTTCCCGTGTT-1,0,paclitaxel
Data8_sample_30_GCACGGTTCGAACCAT-1,0,paclitaxel
Data8_sample_30_GCACGTGCACTCCTTG-1,0,paclitaxel
Data8_sample_30_GCACGTGCACTGGATT-1,0,paclitaxel
Data8_sample_30_GCACGTGGTCCACACG-1,0,paclitaxel
Data8_sample_30_GCACGTGGTGGAAGTC-1,0,paclitaxel
Data8_sample_30_GCACGTGTCCGATAAC-1,0,paclitaxel
Data8_sample_30_GCACGTGTCCTTCACG-1,0,paclitaxel
Data8_sample_30_GCACGTGTCCTTTGAT-1,0,paclitaxel
Data8_sample_30_GCACTAAGTACGGCAA-1,0,paclitaxel
Data8_sample_30_GCAGCCAAGGAGAATG-1,0,paclitaxel
Data8_sample_30_GCAGCCAAGGTGTGAC-1,0,paclitaxel
Data8_sample_30_GCAGCCACACAAGGTG-1,0,paclitaxel
Data8_sample_30_GCAGCTGAGATGGTAT-1,0,paclitaxel
Data8_sample_30_GCAGCTGCACGAGGTA-1,0,paclitaxel
Data8_sample_30_GCAGCTGGTGCGTGCT-1,0,paclitaxel
Data8_sample_30_GCAGCTGGTTCCACGG-1,0,paclitaxel
Data8_sample_30_GCAGGCTAGAATCGTA-1,0,paclitaxel
Data8_sample_30_GCAGGCTCAGAATCGG-1,0,paclitaxel
Data8_sample_30_GCAGGCTCATCCTCAC-1,0,paclitaxel
Data8_sample_30_GCAGGCTCATCGTCCT-1,0,paclitaxel
Data8_sample_30_GCAGGCTGTTAAGACA-1,0,paclitaxel
Data8_sample_30_GCAGTTAAGACATCCT-1,0,paclitaxel
Data8_sample_30_GCAGTTAAGCCTCAAT-1,0,paclitaxel
Data8_sample_30_GCAGTTAAGGCTAAAT-1,0,paclitaxel
Data8_sample_30_GCAGTTAAGTTCCTGA-1,0,paclitaxel
Data8_sample_30_GCAGTTACAAGGCTTT-1,0,paclitaxel
Data8_sample_30_GCAGTTAGTGGTAATA-1,0,paclitaxel
Data8_sample_30_GCAGTTAGTGTACGCC-1,0,paclitaxel
Data8_sample_30_GCAGTTATCACGAGGA-1,0,paclitaxel
Data8_sample_30_GCAGTTATCCATCTGC-1,0,paclitaxel
Data8_sample_30_GCATCGGAGATTAGAC-1,0,paclitaxel
Data8_sample_30_GCATCGGGTACAGTTC-1,0,paclitaxel
Data8_sample_30_GCATCGGGTAGAGATT-1,0,paclitaxel
Data8_sample_30_GCATCGGTCCGAAGGA-1,0,paclitaxel
Data8_sample_30_GCATCTCAGCGCCTTG-1,0,paclitaxel
Data8_sample_30_GCATCTCAGTCAGCGA-1,0,paclitaxel
Data8_sample_30_GCATCTCGTCTTAGTG-1,0,paclitaxel
Data8_sample_30_GCATCTCTCCAGCCTT-1,0,paclitaxel
Data8_sample_30_GCATGATCAATAGTCC-1,0,paclitaxel
Data8_sample_30_GCATGATCACCGTCTT-1,0,paclitaxel
Data8_sample_30_GCATGATCAGCACCCA-1,0,paclitaxel
Data8_sample_30_GCATGATCATAGGTTC-1,0,paclitaxel
Data8_sample_30_GCATGATGTTAAGGAT-1,0,paclitaxel
Data8_sample_30_GCATGATTCGTGCACG-1,0,paclitaxel
Data8_sample_30_GCATGATTCTACCCAC-1,0,paclitaxel
Data8_sample_30_GCATTAGAGACGCCAA-1,0,paclitaxel
Data8_sample_30_GCATTAGAGCAGCCCT-1,0,paclitaxel
Data8_sample_30_GCATTAGGTCACTCTC-1,0,paclitaxel
Data8_sample_30_GCATTAGGTCACTGAT-1,0,paclitaxel
Data8_sample_30_GCATTAGGTCACTTCC-1,0,paclitaxel
Data8_sample_30_GCATTAGTCATGCCAA-1,0,paclitaxel
Data8_sample_30_GCATTAGTCCATAGGT-1,0,paclitaxel
Data8_sample_30_GCATTAGTCTGCTTAT-1,0,paclitaxel
Data8_sample_30_GCCAACGGTATCCCAA-1,0,paclitaxel
Data8_sample_30_GCCAACGGTCCACTCT-1,0,paclitaxel
Data8_sample_30_GCCAACGGTGAGATTA-1,0,paclitaxel
Data8_sample_30_GCCAGCAAGTACTGGG-1,0,paclitaxel
Data8_sample_30_GCCAGCATCGAACGCC-1,0,paclitaxel
Data8_sample_30_GCCAGGTAGCCTCTTC-1,0,paclitaxel
Data8_sample_30_GCCAGGTAGGAATGTT-1,0,paclitaxel
Data8_sample_30_GCCAGGTCAAGAGTTA-1,0,paclitaxel
Data8_sample_30_GCCAGGTCATACAGAA-1,0,paclitaxel
Data8_sample_30_GCCAGGTCATTCCTAT-1,0,paclitaxel
Data8_sample_30_GCCAGTGCAAGCGCTC-1,0,paclitaxel
Data8_sample_30_GCCAGTGCACGCGGTT-1,0,paclitaxel
Data8_sample_30_GCCAGTGCATGTTTGG-1,0,paclitaxel
Data8_sample_30_GCCAGTGTCCACTTTA-1,0,paclitaxel
Data8_sample_30_GCCAGTGTCTCGGCTT-1,0,paclitaxel
Data8_sample_30_GCCAGTGTCTCTTGCG-1,0,paclitaxel
Data8_sample_30_GCCATGGAGTGCAGCA-1,0,paclitaxel
Data8_sample_30_GCCATGGCAATTGAGA-1,0,paclitaxel
Data8_sample_30_GCCATGGGTGTCTTGA-1,0,paclitaxel
Data8_sample_30_GCCATGGTCTAGCCTC-1,0,paclitaxel
Data8_sample_30_GCCATGGTCTGTAACG-1,0,paclitaxel
Data8_sample_30_GCCATTCAGACGACGT-1,0,paclitaxel
Data8_sample_30_GCCATTCAGGATTTAG-1,0,paclitaxel
Data8_sample_30_GCCATTCTCCATTGCC-1,0,paclitaxel
Data8_sample_30_GCCCAGACAGAGAATT-1,0,paclitaxel
Data8_sample_30_GCCCAGAGTATTTCGG-1,0,paclitaxel
Data8_sample_30_GCCCGAAAGCAAACAT-1,0,paclitaxel
Data8_sample_30_GCCCGAAAGCCTCATA-1,0,paclitaxel
Data8_sample_30_GCCCGAAAGGATACAT-1,0,paclitaxel
Data8_sample_30_GCCCGAACAAGAGAGA-1,0,paclitaxel
Data8_sample_30_GCCCGAAGTCTACAGT-1,0,paclitaxel
Data8_sample_30_GCCGATGAGCTTAAGA-1,0,paclitaxel
Data8_sample_30_GCCGATGCACGCAGTC-1,0,paclitaxel
Data8_sample_30_GCCGATGCAGGAACCA-1,0,paclitaxel
Data8_sample_30_GCCGATGCATCATCTT-1,0,paclitaxel
Data8_sample_30_GCCGATGTCAAACGTC-1,0,paclitaxel
Data8_sample_30_GCCGATGTCCATCTAT-1,0,paclitaxel
Data8_sample_30_GCCGTGAAGATAACGT-1,0,paclitaxel
Data8_sample_30_GCCGTGAAGTCGTCTA-1,0,paclitaxel
Data8_sample_30_GCCGTGACAACTCGAT-1,0,paclitaxel
Data8_sample_30_GCCGTGAGTATTAAGG-1,0,paclitaxel
Data8_sample_30_GCCGTGAGTTGGAGAC-1,0,paclitaxel
Data8_sample_30_GCCGTGATCGCCCAGA-1,0,paclitaxel
Data8_sample_30_GCCTGTTAGCACTCGC-1,0,paclitaxel
Data8_sample_30_GCCTGTTAGCGCCTTG-1,0,paclitaxel
Data8_sample_30_GCCTGTTAGTATGAAC-1,0,paclitaxel
Data8_sample_30_GCCTGTTCAAGCAGGT-1,0,paclitaxel
Data8_sample_30_GCCTGTTCACAGTCGC-1,0,paclitaxel
Data8_sample_30_GCGAGAAAGTCTAGCT-1,0,paclitaxel
Data8_sample_30_GCGAGAACACTACACA-1,0,paclitaxel
Data8_sample_30_GCGAGAATCACAAGAA-1,0,paclitaxel
Data8_sample_30_GCGAGAATCGAACGGA-1,0,paclitaxel
Data8_sample_30_GCGATCGAGAGTCAGC-1,0,paclitaxel
Data8_sample_30_GCGATCGAGGTATCTC-1,0,paclitaxel
Data8_sample_30_GCGATCGAGGTCGTGA-1,0,paclitaxel
Data8_sample_30_GCGATCGAGTTGAATG-1,0,paclitaxel
Data8_sample_30_GCGATCGCAACATCGT-1,0,paclitaxel
Data8_sample_30_GCGATCGCACGAAGAC-1,0,paclitaxel
Data8_sample_30_GCGATCGCATAGAGGC-1,0,paclitaxel
Data8_sample_30_GCGATCGGTATGCGGA-1,0,paclitaxel
Data8_sample_30_GCGATCGGTCAATGGG-1,0,paclitaxel
Data8_sample_30_GCGATCGGTCTAATCG-1,0,paclitaxel
Data8_sample_30_GCGGAAAAGGTCCAGA-1,0,paclitaxel
Data8_sample_30_GCGGAAAGTACGCGTC-1,0,paclitaxel
Data8_sample_30_GCGGATCAGCATCTTG-1,0,paclitaxel
Data8_sample_30_GCGGATCCACTCTAGA-1,0,paclitaxel
Data8_sample_30_GCGGATCGTGAAGCTG-1,0,paclitaxel
Data8_sample_30_GCGGATCGTGTGTTTG-1,0,paclitaxel
Data8_sample_30_GCGGATCGTGTTCCAA-1,0,paclitaxel
Data8_sample_30_GCGGATCTCCCTAGGG-1,0,paclitaxel
Data8_sample_30_GCGTGCACAAATACGA-1,0,paclitaxel
Data8_sample_30_GCGTGCACAGAAACCG-1,0,paclitaxel
Data8_sample_30_GCGTGCACAGCGACCT-1,0,paclitaxel
Data8_sample_30_GCGTGCATCCGTGTAA-1,0,paclitaxel
Data8_sample_30_GCGTGCATCTCCACTG-1,0,paclitaxel
Data8_sample_30_GCGTTTCCATCCAATG-1,0,paclitaxel
Data8_sample_30_GCGTTTCGTATCCTCC-1,0,paclitaxel
Data8_sample_30_GCGTTTCTCAACCCGG-1,0,paclitaxel
Data8_sample_30_GCTACAAAGATCGACG-1,0,paclitaxel
Data8_sample_30_GCTACAAAGCTCTTCC-1,0,paclitaxel
Data8_sample_30_GCTACAACAAATGAGT-1,0,paclitaxel
Data8_sample_30_GCTACAATCAATCTCT-1,0,paclitaxel
Data8_sample_30_GCTACAATCATTGCCC-1,0,paclitaxel
Data8_sample_30_GCTACAATCCCGAGTG-1,0,paclitaxel
Data8_sample_30_GCTACCTAGCAACTCT-1,0,paclitaxel
Data8_sample_30_GCTACCTGTCAGGAGT-1,0,paclitaxel
Data8_sample_30_GCTACCTGTGAGCAGT-1,0,paclitaxel
Data8_sample_30_GCTACCTTCCTAGCTC-1,0,paclitaxel
Data8_sample_30_GCTACCTTCGGATAAA-1,0,paclitaxel
Data8_sample_30_GCTACCTTCTCGCCTA-1,0,paclitaxel
Data8_sample_30_GCTCAAAGTGTTTCTT-1,0,paclitaxel
Data8_sample_30_GCTCAAATCCCAAGTA-1,0,paclitaxel
Data8_sample_30_GCTCAAATCGCTTAAG-1,0,paclitaxel
Data8_sample_30_GCTGAATCACAGCGCT-1,0,paclitaxel
Data8_sample_30_GCTGAATCACTTACAG-1,0,paclitaxel
Data8_sample_30_GCTGAATCAGACCGCT-1,0,paclitaxel
Data8_sample_30_GCTGAATGTAGTAAGT-1,0,paclitaxel
Data8_sample_30_GCTGAATTCGCGATCG-1,0,paclitaxel
Data8_sample_30_GCTGCAGAGGCTAACG-1,0,paclitaxel
Data8_sample_30_GCTGCAGAGGTCCCGT-1,0,paclitaxel
Data8_sample_30_GCTGCAGAGGTTATAG-1,0,paclitaxel
Data8_sample_30_GCTGCAGCAACTGTGT-1,0,paclitaxel
Data8_sample_30_GCTGCAGCAAGGTCTT-1,0,paclitaxel
Data8_sample_30_GCTGCAGCATGTTCGA-1,0,paclitaxel
Data8_sample_30_GCTGCAGCATTGTACG-1,0,paclitaxel
Data8_sample_30_GCTGCAGGTACAAGCG-1,0,paclitaxel
Data8_sample_30_GCTGCAGGTTCGGCGT-1,0,paclitaxel
Data8_sample_30_GCTGGGTAGGGCAAGG-1,0,paclitaxel
Data8_sample_30_GCTGGGTCAGGTAGTG-1,0,paclitaxel
Data8_sample_30_GCTGGGTGTTGTGGCC-1,0,paclitaxel
Data8_sample_30_GCTGGGTTCATCAGTG-1,0,paclitaxel
Data8_sample_30_GCTGGGTTCATGCGGC-1,0,paclitaxel
Data8_sample_30_GCTTCACAGCCGTAAG-1,0,paclitaxel
Data8_sample_30_GCTTCACAGTGCAGCA-1,0,paclitaxel
Data8_sample_30_GCTTCACCACAATTCG-1,0,paclitaxel
Data8_sample_30_GCTTCACGTCAGCTTA-1,0,paclitaxel
Data8_sample_30_GCTTCACTCCTAGCCT-1,0,paclitaxel
Data8_sample_30_GCTTCACTCGTAGTGT-1,0,paclitaxel
Data8_sample_30_GCTTGGGCACTCCTGT-1,0,paclitaxel
Data8_sample_30_GCTTGGGCATTCATCT-1,0,paclitaxel
Data8_sample_30_GCTTGGGGTGGGATTG-1,0,paclitaxel
Data8_sample_30_GCTTTCGAGAGTTGAT-1,0,paclitaxel
Data8_sample_30_GCTTTCGCAATCCAGT-1,0,paclitaxel
Data8_sample_30_GCTTTCGCACTTGAGT-1,0,paclitaxel
Data8_sample_30_GCTTTCGCAGATCCTA-1,0,paclitaxel
Data8_sample_30_GCTTTCGGTCCCTGTT-1,0,paclitaxel
Data8_sample_30_GCTTTCGTCTTGCAGA-1,0,paclitaxel
Data8_sample_30_GGAACCCAGTACTGGG-1,0,paclitaxel
Data8_sample_30_GGAACCCAGTGATCGG-1,0,paclitaxel
Data8_sample_30_GGAACCCGTCCACATA-1,0,paclitaxel
Data8_sample_30_GGAACCCTCCATTTGT-1,0,paclitaxel
Data8_sample_30_GGAAGTGGTCCTCCTA-1,0,paclitaxel
Data8_sample_30_GGAAGTGGTTACGTAC-1,0,paclitaxel
Data8_sample_30_GGAAGTGGTTCAAAGA-1,0,paclitaxel
Data8_sample_30_GGAAGTGTCAAACCCA-1,0,paclitaxel
Data8_sample_30_GGAAGTGTCTAACACG-1,0,paclitaxel
Data8_sample_30_GGAAGTGTCTACGGGC-1,0,paclitaxel
Data8_sample_30_GGAATCTAGACCTTTG-1,0,paclitaxel
Data8_sample_30_GGAATCTAGCGACATG-1,0,paclitaxel
Data8_sample_30_GGAATCTAGGCTTAAA-1,0,paclitaxel
Data8_sample_30_GGAATCTAGGTCATAA-1,0,paclitaxel
Data8_sample_30_GGAATCTTCCATGAGT-1,0,paclitaxel
Data8_sample_30_GGAATCTTCCGCTTAC-1,0,paclitaxel
Data8_sample_30_GGAATGGAGACACACG-1,0,paclitaxel
Data8_sample_30_GGAATGGAGGTCGCCT-1,0,paclitaxel
Data8_sample_30_GGAATGGCACCTGCGA-1,0,paclitaxel
Data8_sample_30_GGAATGGCATCGGTTA-1,0,paclitaxel
Data8_sample_30_GGAATGGGTCACTACA-1,0,paclitaxel
Data8_sample_30_GGAATGGTCATGCCAA-1,0,paclitaxel
Data8_sample_30_GGAATGGTCGACATTG-1,0,paclitaxel
Data8_sample_30_GGACGTCAGACCTCCG-1,0,paclitaxel
Data8_sample_30_GGACGTCAGATTGGGC-1,0,paclitaxel
Data8_sample_30_GGACGTCAGGCAATGC-1,0,paclitaxel
Data8_sample_30_GGACGTCCAGGCCCTA-1,0,paclitaxel
Data8_sample_30_GGACGTCTCCGGTTCT-1,0,paclitaxel
Data8_sample_30_GGAGAACAGAAGTCAT-1,0,paclitaxel
Data8_sample_30_GGAGAACCAGCTTTGA-1,0,paclitaxel
Data8_sample_30_GGAGAACGTCACGCTG-1,0,paclitaxel
Data8_sample_30_GGAGAACGTTGTAGCT-1,0,paclitaxel
Data8_sample_30_GGAGAACTCCTTACCG-1,0,paclitaxel
Data8_sample_30_GGAGATGAGCTAAGTA-1,0,paclitaxel
Data8_sample_30_GGAGATGAGTATCCTG-1,0,paclitaxel
Data8_sample_30_GGAGATGCACACGGTC-1,0,paclitaxel
Data8_sample_30_GGAGATGGTGAGCGAT-1,0,paclitaxel
Data8_sample_30_GGAGATGGTGCTTATG-1,0,paclitaxel
Data8_sample_30_GGAGCAAAGCAGCCCT-1,0,paclitaxel
Data8_sample_30_GGAGCAAAGGTTTACC-1,0,paclitaxel
Data8_sample_30_GGAGCAACACTCCTGT-1,0,paclitaxel
Data8_sample_30_GGAGCAATCACAGTGT-1,0,paclitaxel
Data8_sample_30_GGAGGATCAGAACTTC-1,0,paclitaxel
Data8_sample_30_GGAGGATGTCACTAGT-1,0,paclitaxel
Data8_sample_30_GGAGGATGTGTCCGTG-1,0,paclitaxel
Data8_sample_30_GGAGGATTCCCAATAG-1,0,paclitaxel
Data8_sample_30_GGAGGATTCGTCCATC-1,0,paclitaxel
Data8_sample_30_GGAGGTAAGAAACTAC-1,0,paclitaxel
Data8_sample_30_GGAGGTACAACCACAT-1,0,paclitaxel
Data8_sample_30_GGAGGTAGTCTGATAC-1,0,paclitaxel
Data8_sample_30_GGAGGTATCGTCCTCA-1,0,paclitaxel
Data8_sample_30_GGATCTAAGTAACCGG-1,0,paclitaxel
Data8_sample_30_GGATCTAAGTGATCGG-1,0,paclitaxel
Data8_sample_30_GGATCTACAACAGTGG-1,0,paclitaxel
Data8_sample_30_GGATCTAGTCCGGTGT-1,0,paclitaxel
Data8_sample_30_GGATCTAGTCGCTTAA-1,0,paclitaxel
Data8_sample_30_GGATCTATCCGAACGC-1,0,paclitaxel
Data8_sample_30_GGATCTATCCGTTGGG-1,0,paclitaxel
Data8_sample_30_GGATCTATCGACCACG-1,0,paclitaxel
Data8_sample_30_GGATCTATCTTTGATC-1,0,paclitaxel
Data8_sample_30_GGATGTTAGGTACATA-1,0,paclitaxel
Data8_sample_30_GGATGTTGTGTCGCTG-1,0,paclitaxel
Data8_sample_30_GGATGTTGTTTGTTCT-1,0,paclitaxel
Data8_sample_30_GGATGTTTCGCATTAG-1,0,paclitaxel
Data8_sample_30_GGCACGTGTGTGACCC-1,0,paclitaxel
Data8_sample_30_GGCAGTCCAACTGCCG-1,0,paclitaxel
Data8_sample_30_GGCAGTCCAAGAGGCT-1,0,paclitaxel
Data8_sample_30_GGCAGTCCACCAGTTA-1,0,paclitaxel
Data8_sample_30_GGCAGTCCAGGTTTAC-1,0,paclitaxel
Data8_sample_30_GGCAGTCGTGCCGAAA-1,0,paclitaxel
Data8_sample_30_GGCAGTCTCATGTCTT-1,0,paclitaxel
Data8_sample_30_GGCGTCAAGGAACTAT-1,0,paclitaxel
Data8_sample_30_GGCGTCAAGGCCACCT-1,0,paclitaxel
Data8_sample_30_GGCGTCATCCTCACGT-1,0,paclitaxel
Data8_sample_30_GGCTGTGCAAGTGCTT-1,0,paclitaxel
Data8_sample_30_GGCTGTGCACAAATGA-1,0,paclitaxel
Data8_sample_30_GGCTGTGCAGTTCTAG-1,0,paclitaxel
Data8_sample_30_GGCTGTGGTCCACACG-1,0,paclitaxel
Data8_sample_30_GGCTGTGGTCTGTGCG-1,0,paclitaxel
Data8_sample_30_GGCTGTGTCCTTCACG-1,0,paclitaxel
Data8_sample_30_GGCTGTGTCGAATCCA-1,0,paclitaxel
Data8_sample_30_GGCTTGGAGTCTAGCT-1,0,paclitaxel
Data8_sample_30_GGCTTGGCACAATGAA-1,0,paclitaxel
Data8_sample_30_GGCTTGGGTAGAATGT-1,0,paclitaxel
Data8_sample_30_GGCTTTCAGCCGATTT-1,0,paclitaxel
Data8_sample_30_GGCTTTCAGCGCCATC-1,0,paclitaxel
Data8_sample_30_GGCTTTCAGTACCGGA-1,0,paclitaxel
Data8_sample_30_GGCTTTCCACGGGCTT-1,0,paclitaxel
Data8_sample_30_GGCTTTCCAGAGCCCT-1,0,paclitaxel
Data8_sample_30_GGCTTTCCATTCTCTA-1,0,paclitaxel
Data8_sample_30_GGCTTTCGTAACAAGT-1,0,paclitaxel
Data8_sample_30_GGGAAGTAGAAAGCGA-1,0,paclitaxel
Data8_sample_30_GGGAAGTAGGATTCCT-1,0,paclitaxel
Data8_sample_30_GGGAAGTCACCCTATC-1,0,paclitaxel
Data8_sample_30_GGGAAGTGTAAGACCG-1,0,paclitaxel
Data8_sample_30_GGGAAGTGTGCGTTTA-1,0,paclitaxel
Data8_sample_30_GGGAAGTGTTCCGTTC-1,0,paclitaxel
Data8_sample_30_GGGACAAAGAGGCTGT-1,0,paclitaxel
Data8_sample_30_GGGACAAAGGCTCCCA-1,0,paclitaxel
Data8_sample_30_GGGACAACACACAGCC-1,0,paclitaxel
Data8_sample_30_GGGACAAGTAGTTACC-1,0,paclitaxel
Data8_sample_30_GGGACAATCATGCTAG-1,0,paclitaxel
Data8_sample_30_GGGACCTGTGTTGATC-1,0,paclitaxel
Data8_sample_30_GGGACCTGTTAAACCC-1,0,paclitaxel
Data8_sample_30_GGGACCTTCAAGGTGG-1,0,paclitaxel
Data8_sample_30_GGGACCTTCGATACGT-1,0,paclitaxel
Data8_sample_30_GGGACCTTCGCTTGCT-1,0,paclitaxel
Data8_sample_30_GGGACCTTCGTGCAGC-1,0,paclitaxel
Data8_sample_30_GGGACTCAGACCGCCT-1,0,paclitaxel
Data8_sample_30_GGGACTCAGGTAGACC-1,0,paclitaxel
Data8_sample_30_GGGACTCCAGTAGTGG-1,0,paclitaxel
Data8_sample_30_GGGACTCGTAGAGCTG-1,0,paclitaxel
Data8_sample_30_GGGACTCTCATCAGTG-1,0,paclitaxel
Data8_sample_30_GGGACTCTCCCAAGCG-1,0,paclitaxel
Data8_sample_30_GGGACTCTCTCAATCT-1,0,paclitaxel
Data8_sample_30_GGGAGATAGTATTAGG-1,0,paclitaxel
Data8_sample_30_GGGAGATCACGGTGTC-1,0,paclitaxel
Data8_sample_30_GGGAGATCATACGCAT-1,0,paclitaxel
Data8_sample_30_GGGAGATCATGTCGTA-1,0,paclitaxel
Data8_sample_30_GGGAGATGTATCGATC-1,0,paclitaxel
Data8_sample_30_GGGAGATTCATGACAC-1,0,paclitaxel
Data8_sample_30_GGGAGATTCGGTCATA-1,0,paclitaxel
Data8_sample_30_GGGAGTAAGACGACGT-1,0,paclitaxel
Data8_sample_30_GGGAGTAAGATGATTG-1,0,paclitaxel
Data8_sample_30_GGGAGTAAGTAGTGCG-1,0,paclitaxel
Data8_sample_30_GGGAGTACACTCCTGT-1,0,paclitaxel
Data8_sample_30_GGGAGTACAGATCCAT-1,0,paclitaxel
Data8_sample_30_GGGAGTAGTAACATGA-1,0,paclitaxel
Data8_sample_30_GGGAGTAGTAAGGCTG-1,0,paclitaxel
Data8_sample_30_GGGAGTATCCACACCT-1,0,paclitaxel
Data8_sample_30_GGGAGTATCGCTGACG-1,0,paclitaxel
Data8_sample_30_GGGAGTATCTGCTTAT-1,0,paclitaxel
Data8_sample_30_GGGATCCAGCGACATG-1,0,paclitaxel
Data8_sample_30_GGGATCCAGGTCTTTG-1,0,paclitaxel
Data8_sample_30_GGGATCCAGTCTACCA-1,0,paclitaxel
Data8_sample_30_GGGATCCCAAGAGGCT-1,0,paclitaxel
Data8_sample_30_GGGATCCTCTACTTCA-1,0,paclitaxel
Data8_sample_30_GGGATGAAGCAAGGAA-1,0,paclitaxel
Data8_sample_30_GGGATGAAGGAACGCT-1,0,paclitaxel
Data8_sample_30_GGGATGACAGGACTAG-1,0,paclitaxel
Data8_sample_30_GGGATGATCCGCACGA-1,0,paclitaxel
Data8_sample_30_GGGATGATCGATCCAA-1,0,paclitaxel
Data8_sample_30_GGGATGATCTACGGGC-1,0,paclitaxel
Data8_sample_30_GGGCCATCAAACTCTG-1,0,paclitaxel
Data8_sample_30_GGGCCATCAAGTTCCA-1,0,paclitaxel
Data8_sample_30_GGGCCATGTGTTCAGT-1,0,paclitaxel
Data8_sample_30_GGGCGTTAGATGCTAA-1,0,paclitaxel
Data8_sample_30_GGGCGTTCACACCTTC-1,0,paclitaxel
Data8_sample_30_GGGCGTTGTTCCGTTC-1,0,paclitaxel
Data8_sample_30_GGGCGTTTCGCCAACG-1,0,paclitaxel
Data8_sample_30_GGGCGTTTCTATACTC-1,0,paclitaxel
Data8_sample_30_GGGCTACAGAGTGTTA-1,0,paclitaxel
Data8_sample_30_GGGCTACCACCGGCTA-1,0,paclitaxel
Data8_sample_30_GGGCTACGTATTGAGA-1,0,paclitaxel
Data8_sample_30_GGGCTCAGTGCCTAAT-1,0,paclitaxel
Data8_sample_30_GGGCTCATCACTTGGA-1,0,paclitaxel
Data8_sample_30_GGGCTCATCTCTCGAC-1,0,paclitaxel
Data8_sample_30_GGGCTCATCTGAATGC-1,0,paclitaxel
Data8_sample_30_GGGTAGAAGCTTTCCC-1,0,paclitaxel
Data8_sample_30_GGGTAGAAGTGCTACT-1,0,paclitaxel
Data8_sample_30_GGGTAGATCCAACTAG-1,0,paclitaxel
Data8_sample_30_GGGTATTAGCCGATAG-1,0,paclitaxel
Data8_sample_30_GGGTATTGTGACAACG-1,0,paclitaxel
Data8_sample_30_GGGTATTTCAGTCCGG-1,0,paclitaxel
Data8_sample_30_GGGTATTTCGGTCGGT-1,0,paclitaxel
Data8_sample_30_GGGTATTTCTTAGCCC-1,0,paclitaxel
Data8_sample_30_GGGTCACAGACAGCTG-1,0,paclitaxel
Data8_sample_30_GGGTCACAGCCTTTCC-1,0,paclitaxel
Data8_sample_30_GGGTCACAGCGCATCC-1,0,paclitaxel
Data8_sample_30_GGGTCACAGCTAGATA-1,0,paclitaxel
Data8_sample_30_GGGTCACAGGATTCCT-1,0,paclitaxel
Data8_sample_30_GGGTCACAGTCAGCCC-1,0,paclitaxel
Data8_sample_30_GGGTCACCAGACCAAG-1,0,paclitaxel
Data8_sample_30_GGGTCACCAGCAATTC-1,0,paclitaxel
Data8_sample_30_GGGTCTGAGACATATG-1,0,paclitaxel
Data8_sample_30_GGGTCTGAGAGTCAGC-1,0,paclitaxel
Data8_sample_30_GGGTCTGAGGTCGAGT-1,0,paclitaxel
Data8_sample_30_GGGTCTGAGTCGGCCT-1,0,paclitaxel
Data8_sample_30_GGGTCTGAGTTACGAA-1,0,paclitaxel
Data8_sample_30_GGGTCTGCAACACGAG-1,0,paclitaxel
Data8_sample_30_GGGTCTGCAAGAAATC-1,0,paclitaxel
Data8_sample_30_GGGTCTGGTATATGGA-1,0,paclitaxel
Data8_sample_30_GGGTCTGGTTGGGACA-1,0,paclitaxel
Data8_sample_30_GGGTCTGTCGGATACT-1,0,paclitaxel
Data8_sample_30_GGGTCTGTCTTCTAAC-1,0,paclitaxel
Data8_sample_30_GGGTGAACAGGCTACC-1,0,paclitaxel
Data8_sample_30_GGGTGAACAGTCAGCC-1,0,paclitaxel
Data8_sample_30_GGGTGAAGTCGTCGGT-1,0,paclitaxel
Data8_sample_30_GGGTGAATCAAGCTTG-1,0,paclitaxel
Data8_sample_30_GGGTGAATCACTTCTA-1,0,paclitaxel
Data8_sample_30_GGGTGAATCATACAGC-1,0,paclitaxel
Data8_sample_30_GGGTGAATCCAAGCCG-1,0,paclitaxel
Data8_sample_30_GGGTGAATCTACTCAT-1,0,paclitaxel
Data8_sample_30_GGGTGTCAGTGAGGTC-1,0,paclitaxel
Data8_sample_30_GGGTGTCCAATGAGCG-1,0,paclitaxel
Data8_sample_30_GGGTGTCCAGCGTATT-1,0,paclitaxel
Data8_sample_30_GGGTGTCGTCGGCTAC-1,0,paclitaxel
Data8_sample_30_GGGTGTCGTTCGGTCG-1,0,paclitaxel
Data8_sample_30_GGGTGTCTCCGGCTTT-1,0,paclitaxel
Data8_sample_30_GGGTGTCTCGGTGAAG-1,0,paclitaxel
Data8_sample_30_GGGTGTCTCTTCTGTA-1,0,paclitaxel
Data8_sample_30_GGGTTATGTGGAAGTC-1,0,paclitaxel
Data8_sample_30_GGGTTATGTGTAGTGG-1,0,paclitaxel
Data8_sample_30_GGGTTATGTTCCATTT-1,0,paclitaxel
Data8_sample_30_GGGTTATGTTGGTGTT-1,0,paclitaxel
Data8_sample_30_GGGTTTACACCGGTCA-1,0,paclitaxel
Data8_sample_30_GGGTTTAGTGGATCAG-1,0,paclitaxel
Data8_sample_30_GGGTTTATCCAAAGGG-1,0,paclitaxel
Data8_sample_30_GGGTTTATCCAGTTCC-1,0,paclitaxel
Data8_sample_30_GGGTTTATCCGTGTGG-1,0,paclitaxel
Data8_sample_30_GGTAACTAGGGCTTCC-1,0,paclitaxel
Data8_sample_30_GGTAACTCAACCGTGC-1,0,paclitaxel
Data8_sample_30_GGTAACTCAACTGCTA-1,0,paclitaxel
Data8_sample_30_GGTAACTCAAGGGCAT-1,0,paclitaxel
Data8_sample_30_GGTAACTCACGTCTCT-1,0,paclitaxel
Data8_sample_30_GGTAACTTCATTTCGT-1,0,paclitaxel
Data8_sample_30_GGTAACTTCCTACGGG-1,0,paclitaxel
Data8_sample_30_GGTAATCCAACGATTC-1,0,paclitaxel
Data8_sample_30_GGTAATCCAGCTTTCC-1,0,paclitaxel
Data8_sample_30_GGTAATCGTCCACGCA-1,0,paclitaxel
Data8_sample_30_GGTAATCTCGATCCCT-1,0,paclitaxel
Data8_sample_30_GGTAATCTCTCGAGTA-1,0,paclitaxel
Data8_sample_30_GGTAATCTCTGCTTAT-1,0,paclitaxel
Data8_sample_30_GGTAGAGAGATTGCGG-1,0,paclitaxel
Data8_sample_30_GGTAGAGGTGGTCCGT-1,0,paclitaxel
Data8_sample_30_GGTAGAGTCGCTCCTA-1,0,paclitaxel
Data8_sample_30_GGTAGAGTCTCTTCAA-1,0,paclitaxel
Data8_sample_30_GGTCACGAGCCTCACG-1,0,paclitaxel
Data8_sample_30_GGTCACGAGTATCCTG-1,0,paclitaxel
Data8_sample_30_GGTCACGAGTTACGTC-1,0,paclitaxel
Data8_sample_30_GGTCACGCAAGCCCAC-1,0,paclitaxel
Data8_sample_30_GGTCACGTCCTCATAT-1,0,paclitaxel
Data8_sample_30_GGTCTGGAGATACAGT-1,0,paclitaxel
Data8_sample_30_GGTCTGGAGGGCATGT-1,0,paclitaxel
Data8_sample_30_GGTCTGGCAAAGTATG-1,0,paclitaxel
Data8_sample_30_GGTCTGGGTCATGCAT-1,0,paclitaxel
Data8_sample_30_GGTCTGGTCCCGTAAA-1,0,paclitaxel
Data8_sample_30_GGTCTGGTCCTGGTCT-1,0,paclitaxel
Data8_sample_30_GGTCTGGTCTGCTCTG-1,0,paclitaxel
Data8_sample_30_GGTCTGGTCTGGGCCA-1,0,paclitaxel
Data8_sample_30_GGTGAAGAGACGCTCC-1,0,paclitaxel
Data8_sample_30_GGTGAAGTCAAGTCTG-1,0,paclitaxel
Data8_sample_30_GGTGAAGTCGAATCCA-1,0,paclitaxel
Data8_sample_30_GGTGATTAGTACCATC-1,0,paclitaxel
Data8_sample_30_GGTGATTCACCAGCGT-1,0,paclitaxel
Data8_sample_30_GGTGATTCATGCCGAC-1,0,paclitaxel
Data8_sample_30_GGTGATTGTTATAGCC-1,0,paclitaxel
Data8_sample_30_GGTGGCTAGAGGATCC-1,0,paclitaxel
Data8_sample_30_GGTGGCTAGGGTGAGG-1,0,paclitaxel
Data8_sample_30_GGTGGCTTCAGGCGAA-1,0,paclitaxel
Data8_sample_30_GGTGGCTTCATTGTGG-1,0,paclitaxel
Data8_sample_30_GGTGTCGCAATTCTCT-1,0,paclitaxel
Data8_sample_30_GGTGTCGCATTCGATG-1,0,paclitaxel
Data8_sample_30_GGTGTCGGTCCAGCCA-1,0,paclitaxel
Data8_sample_30_GGTGTCGGTTCGGTCG-1,0,paclitaxel
Data8_sample_30_GGTGTTACACTCCTTG-1,0,paclitaxel
Data8_sample_30_GGTGTTACATCTTTCA-1,0,paclitaxel
Data8_sample_30_GGTGTTAGTTGGTACT-1,0,paclitaxel
Data8_sample_30_GGTGTTAGTTTACGTG-1,0,paclitaxel
Data8_sample_30_GGTGTTATCACAGTGT-1,0,paclitaxel
Data8_sample_30_GGTGTTATCACGTAGT-1,0,paclitaxel
Data8_sample_30_GGTTAACAGCGACTTT-1,0,paclitaxel
Data8_sample_30_GGTTAACCAGAACTAA-1,0,paclitaxel
Data8_sample_30_GGTTAACCAGCGGATA-1,0,paclitaxel
Data8_sample_30_GGTTAACGTCATCGCG-1,0,paclitaxel
Data8_sample_30_GGTTAACGTGATGTAA-1,0,paclitaxel
Data8_sample_30_GGTTAACTCACGGTCG-1,0,paclitaxel
Data8_sample_30_GGTTAACTCCACATAG-1,0,paclitaxel
Data8_sample_30_GGTTAACTCCGTGCGA-1,0,paclitaxel
Data8_sample_30_GGTTAACTCGTGGCGT-1,0,paclitaxel
Data8_sample_30_GGTTCTCCACCTGAAT-1,0,paclitaxel
Data8_sample_30_GGTTCTCGTAGACGGT-1,0,paclitaxel
Data8_sample_30_GGTTCTCGTATGGGAC-1,0,paclitaxel
Data8_sample_30_GGTTCTCGTCCTGAAT-1,0,paclitaxel
Data8_sample_30_GGTTCTCGTCGCATCG-1,0,paclitaxel
Data8_sample_30_GGTTCTCGTCGTACTA-1,0,paclitaxel
Data8_sample_30_GGTTCTCGTGTGTCGC-1,0,paclitaxel
Data8_sample_30_GGTTCTCTCCACGGGT-1,0,paclitaxel
Data8_sample_30_GGTTCTCTCCTATTTG-1,0,paclitaxel
Data8_sample_30_GGTTGTAAGACATAGT-1,0,paclitaxel
Data8_sample_30_GGTTGTAAGTCAATCC-1,0,paclitaxel
Data8_sample_30_GGTTGTAAGTCGCCAC-1,0,paclitaxel
Data8_sample_30_GGTTGTACATGGCCAC-1,0,paclitaxel
Data8_sample_30_GGTTGTAGTGTTGCCG-1,0,paclitaxel
Data8_sample_30_GGTTGTATCACCGCTT-1,0,paclitaxel
Data8_sample_30_GTAACACAGGCTTCCG-1,0,paclitaxel
Data8_sample_30_GTAACACAGGGTAGCT-1,0,paclitaxel
Data8_sample_30_GTAACACCAACGACTT-1,0,paclitaxel
Data8_sample_30_GTAACACCACCGAATT-1,0,paclitaxel
Data8_sample_30_GTAACACGTGACCTGC-1,0,paclitaxel
Data8_sample_30_GTAACACTCCCGAAAT-1,0,paclitaxel
Data8_sample_30_GTAACACTCCCGTTCA-1,0,paclitaxel
Data8_sample_30_GTAACACTCTATGTGG-1,0,paclitaxel
Data8_sample_30_GTAACCAAGGTTGGTG-1,0,paclitaxel
Data8_sample_30_GTAACCAAGTAGGAAG-1,0,paclitaxel
Data8_sample_30_GTAACCAAGTGTTCCA-1,0,paclitaxel
Data8_sample_30_GTAACCAAGTGTTGAA-1,0,paclitaxel
Data8_sample_30_GTAACCACAACCGTAT-1,0,paclitaxel
Data8_sample_30_GTAACCAGTCATATGC-1,0,paclitaxel
Data8_sample_30_GTAACCATCGCCAACG-1,0,paclitaxel
Data8_sample_30_GTAACCATCTTGCAGA-1,0,paclitaxel
Data8_sample_30_GTAACCATCTTTACAC-1,0,paclitaxel
Data8_sample_30_GTAAGTCAGGTTGCCC-1,0,paclitaxel
Data8_sample_30_GTAAGTCCAAATACGA-1,0,paclitaxel
Data8_sample_30_GTAAGTCCAGTGAGCA-1,0,paclitaxel
Data8_sample_30_GTAAGTCGTCACAATC-1,0,paclitaxel
Data8_sample_30_GTAAGTCGTCATCCCT-1,0,paclitaxel
Data8_sample_30_GTAAGTCGTGAGTTGG-1,0,paclitaxel
Data8_sample_30_GTAATCGAGACGCATG-1,0,paclitaxel
Data8_sample_30_GTAATCGAGATCGCCC-1,0,paclitaxel
Data8_sample_30_GTAATCGAGTACGTCT-1,0,paclitaxel
Data8_sample_30_GTAATCGAGTCGAGGT-1,0,paclitaxel
Data8_sample_30_GTAATCGCAACTGCCG-1,0,paclitaxel
Data8_sample_30_GTAATCGCAGTGGGTA-1,0,paclitaxel
Data8_sample_30_GTAATCGGTGGCTTAT-1,0,paclitaxel
Data8_sample_30_GTAATCGTCATGCTAG-1,0,paclitaxel
Data8_sample_30_GTAATCGTCCAACCGG-1,0,paclitaxel
Data8_sample_30_GTAATCGTCGGTGTAT-1,0,paclitaxel
Data8_sample_30_GTAATGCAGGTAGCAC-1,0,paclitaxel
Data8_sample_30_GTAATGCAGTTGCTCA-1,0,paclitaxel
Data8_sample_30_GTAATGCCAATTCGTG-1,0,paclitaxel
Data8_sample_30_GTAATGCCAGTATTCG-1,0,paclitaxel
Data8_sample_30_GTAATGCGTGCGTGCT-1,0,paclitaxel
Data8_sample_30_GTAATGCGTTATAGCC-1,0,paclitaxel
Data8_sample_30_GTAATGCTCACTCGAA-1,0,paclitaxel
Data8_sample_30_GTACAACAGCTCGAAG-1,0,paclitaxel
Data8_sample_30_GTACAACCACAGAGAC-1,0,paclitaxel
Data8_sample_30_GTACAACGTAGGGTAC-1,0,paclitaxel
Data8_sample_30_GTACAACGTCACAATC-1,0,paclitaxel
Data8_sample_30_GTACAACGTTATCTGG-1,0,paclitaxel
Data8_sample_30_GTACAACTCAAGTAAG-1,0,paclitaxel
Data8_sample_30_GTACAACTCATGAGGG-1,0,paclitaxel
Data8_sample_30_GTACAACTCGGTCGAC-1,0,paclitaxel
Data8_sample_30_GTACAGTGTGTAGTGG-1,0,paclitaxel
Data8_sample_30_GTACAGTGTTACCGTA-1,0,paclitaxel
Data8_sample_30_GTAGAAAAGACATATG-1,0,paclitaxel
Data8_sample_30_GTAGAAAAGATCCCGC-1,0,paclitaxel
Data8_sample_30_GTAGAAAAGGGATGTC-1,0,paclitaxel
Data8_sample_30_GTAGAAAAGTAAAGCT-1,0,paclitaxel
Data8_sample_30_GTAGAAACATTAGGAA-1,0,paclitaxel
Data8_sample_30_GTAGAAAGTCGAAACG-1,0,paclitaxel
Data8_sample_30_GTAGAAAGTCTGGTTA-1,0,paclitaxel
Data8_sample_30_GTAGAAATCTGCGTCT-1,0,paclitaxel
Data8_sample_30_GTAGAGGAGGGAGTTC-1,0,paclitaxel
Data8_sample_30_GTAGAGGCACCATAAC-1,0,paclitaxel
Data8_sample_30_GTAGAGGGTATTGGCT-1,0,paclitaxel
Data8_sample_30_GTAGAGGTCATCGACA-1,0,paclitaxel
Data8_sample_30_GTAGAGGTCGAGTTGT-1,0,paclitaxel
Data8_sample_30_GTAGATCAGCTAATCC-1,0,paclitaxel
Data8_sample_30_GTAGATCGTTATGACC-1,0,paclitaxel
Data8_sample_30_GTAGATCTCAACTCTT-1,0,paclitaxel
Data8_sample_30_GTAGATCTCAGAGTGG-1,0,paclitaxel
Data8_sample_30_GTAGCTAAGAAACCAT-1,0,paclitaxel
Data8_sample_30_GTAGCTAAGCCGATCC-1,0,paclitaxel
Data8_sample_30_GTAGCTACACATGGTT-1,0,paclitaxel
Data8_sample_30_GTAGCTACAGACGCTC-1,0,paclitaxel
Data8_sample_30_GTAGCTAGTACCCGCA-1,0,paclitaxel
Data8_sample_30_GTAGCTATCCGCGGAT-1,0,paclitaxel
Data8_sample_30_GTAGCTATCCGTGTGG-1,0,paclitaxel
Data8_sample_30_GTAGGAGAGCTGGTGA-1,0,paclitaxel
Data8_sample_30_GTAGGAGAGGGACACT-1,0,paclitaxel
Data8_sample_30_GTAGGAGCAGTGCGCT-1,0,paclitaxel
Data8_sample_30_GTAGGAGCATTGACAC-1,0,paclitaxel
Data8_sample_30_GTAGGAGGTCCGGTCA-1,0,paclitaxel
Data8_sample_30_GTAGGTTAGAAGGGAT-1,0,paclitaxel
Data8_sample_30_GTAGGTTAGCTCATAC-1,0,paclitaxel
Data8_sample_30_GTAGGTTAGGACAAGA-1,0,paclitaxel
Data8_sample_30_GTAGGTTAGGCTAGCA-1,0,paclitaxel
Data8_sample_30_GTAGGTTAGTAGCTCT-1,0,paclitaxel
Data8_sample_30_GTAGGTTGTCATCCGG-1,0,paclitaxel
Data8_sample_30_GTAGGTTGTTAAGGAT-1,0,paclitaxel
Data8_sample_30_GTAGTACAGCTCCATA-1,0,paclitaxel
Data8_sample_30_GTAGTACAGCTTCATG-1,0,paclitaxel
Data8_sample_30_GTAGTACAGGATTCAA-1,0,paclitaxel
Data8_sample_30_GTAGTACCACCGTCTT-1,0,paclitaxel
Data8_sample_30_GTAGTACCACGCGCAT-1,0,paclitaxel
Data8_sample_30_GTAGTACCATCGGTTA-1,0,paclitaxel
Data8_sample_30_GTAGTACTCGTAGCCG-1,0,paclitaxel
Data8_sample_30_GTATTGGTCAGATTGC-1,0,paclitaxel
Data8_sample_30_GTATTTCAGACTCATC-1,0,paclitaxel
Data8_sample_30_GTATTTCAGGCAGGTT-1,0,paclitaxel
Data8_sample_30_GTATTTCCACCTCAGG-1,0,paclitaxel
Data8_sample_30_GTATTTCGTCACCCTT-1,0,paclitaxel
Data8_sample_30_GTATTTCGTGCCAAGA-1,0,paclitaxel
Data8_sample_30_GTATTTCGTTTGACAC-1,0,paclitaxel
Data8_sample_30_GTATTTCTCCGTTGAA-1,0,paclitaxel
Data8_sample_30_GTATTTCTCTCACCCA-1,0,paclitaxel
Data8_sample_30_GTCAAACAGTTCACTG-1,0,paclitaxel
Data8_sample_30_GTCAAACCACGTAGTT-1,0,paclitaxel
Data8_sample_30_GTCAAACCACTGATTG-1,0,paclitaxel
Data8_sample_30_GTCAAACCAGAGGCTA-1,0,paclitaxel
Data8_sample_30_GTCAAACTCAACCTCC-1,0,paclitaxel
Data8_sample_30_GTCAAACTCGATACAC-1,0,paclitaxel
Data8_sample_30_GTCAAGTAGTCGCCAC-1,0,paclitaxel
Data8_sample_30_GTCAAGTGTTACACTG-1,0,paclitaxel
Data8_sample_30_GTCAAGTTCGATTGAC-1,0,paclitaxel
Data8_sample_30_GTCAAGTTCTGCTAGA-1,0,paclitaxel
Data8_sample_30_GTCACGGAGGCAGTCA-1,0,paclitaxel
Data8_sample_30_GTCACGGCAGCATGCC-1,0,paclitaxel
Data8_sample_30_GTCACGGGTACAGTTC-1,0,paclitaxel
Data8_sample_30_GTCACGGGTCATCACA-1,0,paclitaxel
Data8_sample_30_GTCACGGGTCCAGCCA-1,0,paclitaxel
Data8_sample_30_GTCACGGGTGGGTCAA-1,0,paclitaxel
Data8_sample_30_GTCACGGGTTCCGTTC-1,0,paclitaxel
Data8_sample_30_GTCACGGGTTCGTACA-1,0,paclitaxel
Data8_sample_30_GTCACGGTCACACCCT-1,0,paclitaxel
Data8_sample_30_GTCACGGTCGCGCTGA-1,0,paclitaxel
Data8_sample_30_GTCACGGTCTAACACG-1,0,paclitaxel
Data8_sample_30_GTCACTCAGAATGTTG-1,0,paclitaxel
Data8_sample_30_GTCACTCAGCACCTGC-1,0,paclitaxel
Data8_sample_30_GTCACTCGTGGCGCTT-1,0,paclitaxel
Data8_sample_30_GTCAGCGAGGTTAAAC-1,0,paclitaxel
Data8_sample_30_GTCAGCGAGTGCACAG-1,0,paclitaxel
Data8_sample_30_GTCAGCGCAAGGAGTC-1,0,paclitaxel
Data8_sample_30_GTCAGCGCATGAAAGT-1,0,paclitaxel
Data8_sample_30_GTCAGCGGTCGCAACC-1,0,paclitaxel
Data8_sample_30_GTCAGCGTCAAACTGC-1,0,paclitaxel
Data8_sample_30_GTCAGCGTCCTTATCA-1,0,paclitaxel
Data8_sample_30_GTCAGCGTCTCTAAGG-1,0,paclitaxel
Data8_sample_30_GTCAGCGTCTGGCCAG-1,0,paclitaxel
Data8_sample_30_GTCATCCAGACTCTAC-1,0,paclitaxel
Data8_sample_30_GTCATCCAGATGGGCT-1,0,paclitaxel
Data8_sample_30_GTCATCCAGGTTATAG-1,0,paclitaxel
Data8_sample_30_GTCATCCCAGAGATTA-1,0,paclitaxel
Data8_sample_30_GTCATCCCAGCTACCG-1,0,paclitaxel
Data8_sample_30_GTCATCCGTCTAGGCC-1,0,paclitaxel
Data8_sample_30_GTCATCCGTGAATAAC-1,0,paclitaxel
Data8_sample_30_GTCATCCTCCACATAG-1,0,paclitaxel
Data8_sample_30_GTCATCCTCGCATAGT-1,0,paclitaxel
Data8_sample_30_GTCATCCTCGGTCTAA-1,0,paclitaxel
Data8_sample_30_GTCATGAAGCGATGAC-1,0,paclitaxel
Data8_sample_30_GTCATGAAGGCATGCA-1,0,paclitaxel
Data8_sample_30_GTCATGAAGTACCCTA-1,0,paclitaxel
Data8_sample_30_GTCATGAAGTGTACAA-1,0,paclitaxel
Data8_sample_30_GTCATGAGTCGTGATT-1,0,paclitaxel
Data8_sample_30_GTCATGAGTTGTACGT-1,0,paclitaxel
Data8_sample_30_GTCATGATCTGGGCGT-1,0,paclitaxel
Data8_sample_30_GTCATTTCACTGTTCC-1,0,paclitaxel
Data8_sample_30_GTCATTTCATGTGACT-1,0,paclitaxel
Data8_sample_30_GTCATTTGTACAAACA-1,0,paclitaxel
Data8_sample_30_GTCATTTTCTCCTACG-1,0,paclitaxel
Data8_sample_30_GTCCACTCACCAGTAT-1,0,paclitaxel
Data8_sample_30_GTCCACTCAGGAGGAG-1,0,paclitaxel
Data8_sample_30_GTCCACTCAGTTTGGT-1,0,paclitaxel
Data8_sample_30_GTCCCATCAAGTATCC-1,0,paclitaxel
Data8_sample_30_GTCCCATCATCAACCA-1,0,paclitaxel
Data8_sample_30_GTCCCATTCCAGTGCG-1,0,paclitaxel
Data8_sample_30_GTCCCATTCTCGCAGG-1,0,paclitaxel
Data8_sample_30_GTCCTCAAGACGCATG-1,0,paclitaxel
Data8_sample_30_GTCCTCAAGGACAAGA-1,0,paclitaxel
Data8_sample_30_GTCCTCAAGTTGGGAC-1,0,paclitaxel
Data8_sample_30_GTCCTCAGTATGACAA-1,0,paclitaxel
Data8_sample_30_GTCCTCAGTGCCCAGT-1,0,paclitaxel
Data8_sample_30_GTCCTCATCTTGGTGA-1,0,paclitaxel
Data8_sample_30_GTCGAATAGGACATCG-1,0,paclitaxel
Data8_sample_30_GTCGAATAGGATGGCT-1,0,paclitaxel
Data8_sample_30_GTCGAATAGGCTCCCA-1,0,paclitaxel
Data8_sample_30_GTCGAATCACTTACAG-1,0,paclitaxel
Data8_sample_30_GTCGAATCAGGAAGTC-1,0,paclitaxel
Data8_sample_30_GTCGAATGTCGAACGA-1,0,paclitaxel
Data8_sample_30_GTCGAATGTCTTTATC-1,0,paclitaxel
Data8_sample_30_GTCGAATGTGGATACG-1,0,paclitaxel
Data8_sample_30_GTCGAATGTGGCCCAT-1,0,paclitaxel
Data8_sample_30_GTCGCGAAGTAACCTC-1,0,paclitaxel
Data8_sample_30_GTCGCGACACTCAGAT-1,0,paclitaxel
Data8_sample_30_GTCGCGACATAGGTAA-1,0,paclitaxel
Data8_sample_30_GTCGCGATCAAACCTG-1,0,paclitaxel
Data8_sample_30_GTCGTAAAGGCCTGAA-1,0,paclitaxel
Data8_sample_30_GTCGTAAGTCTTGCTC-1,0,paclitaxel
Data8_sample_30_GTCGTAATCACTCGAA-1,0,paclitaxel
Data8_sample_30_GTCGTAATCCATCCGT-1,0,paclitaxel
Data8_sample_30_GTCGTAATCCTTGAAG-1,0,paclitaxel
Data8_sample_30_GTCGTTCAGAGAATCT-1,0,paclitaxel
Data8_sample_30_GTCGTTCAGGTTATAG-1,0,paclitaxel
Data8_sample_30_GTCGTTCCATGGAATA-1,0,paclitaxel
Data8_sample_30_GTCGTTCGTATCACCA-1,0,paclitaxel
Data8_sample_30_GTCTACCAGGATTCCT-1,0,paclitaxel
Data8_sample_30_GTCTACCCACGACAAG-1,0,paclitaxel
Data8_sample_30_GTCTACCCAGGAAGTC-1,0,paclitaxel
Data8_sample_30_GTCTACCGTAGTCTGT-1,0,paclitaxel
Data8_sample_30_GTCTAGAAGTGATGGC-1,0,paclitaxel
Data8_sample_30_GTCTAGAGTATGAGGC-1,0,paclitaxel
Data8_sample_30_GTCTAGAGTCCGGTCA-1,0,paclitaxel
Data8_sample_30_GTCTAGAGTTTCGGCG-1,0,paclitaxel
Data8_sample_30_GTCTCACAGCGGACAT-1,0,paclitaxel
Data8_sample_30_GTCTCACGTGATTCTG-1,0,paclitaxel
Data8_sample_30_GTCTCACGTGGTTTGT-1,0,paclitaxel
Data8_sample_30_GTCTCACGTTGTGCAT-1,0,paclitaxel
Data8_sample_30_GTCTCACTCTGTGCAA-1,0,paclitaxel
Data8_sample_30_GTCTGTCAGAGCTTTC-1,0,paclitaxel
Data8_sample_30_GTCTGTCCAACAAGAT-1,0,paclitaxel
Data8_sample_30_GTCTGTCCAATCTCTT-1,0,paclitaxel
Data8_sample_30_GTCTGTCCACGCGGTT-1,0,paclitaxel
Data8_sample_30_GTCTGTCTCACTCACC-1,0,paclitaxel
Data8_sample_30_GTCTGTCTCCTGTAGA-1,0,paclitaxel
Data8_sample_30_GTCTTTAGTAGCGCCT-1,0,paclitaxel
Data8_sample_30_GTCTTTAGTATCTCTT-1,0,paclitaxel
Data8_sample_30_GTCTTTAGTCATCACA-1,0,paclitaxel
Data8_sample_30_GTCTTTAGTGGAACAC-1,0,paclitaxel
Data8_sample_30_GTCTTTATCAAGAGTA-1,0,paclitaxel
Data8_sample_30_GTCTTTATCAAGCTTG-1,0,paclitaxel
Data8_sample_30_GTGACGCCACTACGGC-1,0,paclitaxel
Data8_sample_30_GTGACGCCACTCAGAT-1,0,paclitaxel
Data8_sample_30_GTGACGCGTCGTTTCC-1,0,paclitaxel
Data8_sample_30_GTGACGCTCAAGTTGC-1,0,paclitaxel
Data8_sample_30_GTGACGCTCACGACTA-1,0,paclitaxel
Data8_sample_30_GTGAGCCAGGGTAATT-1,0,paclitaxel
Data8_sample_30_GTGAGCCGTAGGTCAG-1,0,paclitaxel
Data8_sample_30_GTGAGCCGTGGAAATT-1,0,paclitaxel
Data8_sample_30_GTGAGCCGTTTATGCG-1,0,paclitaxel
Data8_sample_30_GTGAGCCTCCCTTGTG-1,0,paclitaxel
Data8_sample_30_GTGAGCCTCGATTTCT-1,0,paclitaxel
Data8_sample_30_GTGAGCCTCGTGGCGT-1,0,paclitaxel
Data8_sample_30_GTGAGGAAGCACCTGC-1,0,paclitaxel
Data8_sample_30_GTGAGGAAGGTACAAT-1,0,paclitaxel
Data8_sample_30_GTGAGGACATAGGAGC-1,0,paclitaxel
Data8_sample_30_GTGAGGAGTAGTTAGA-1,0,paclitaxel
Data8_sample_30_GTGAGGATCAAGCGTT-1,0,paclitaxel
Data8_sample_30_GTGAGTTAGATGGCGT-1,0,paclitaxel
Data8_sample_30_GTGAGTTCAACCGTGC-1,0,paclitaxel
Data8_sample_30_GTGAGTTGTGCATTTG-1,0,paclitaxel
Data8_sample_30_GTGAGTTGTTCCAGGC-1,0,paclitaxel
Data8_sample_30_GTGAGTTGTTGACGGA-1,0,paclitaxel
Data8_sample_30_GTGAGTTTCTAGACAC-1,0,paclitaxel
Data8_sample_30_GTGAGTTTCTATGCCC-1,0,paclitaxel
Data8_sample_30_GTGATGTAGAGGACTC-1,0,paclitaxel
Data8_sample_30_GTGATGTAGGTGGCTA-1,0,paclitaxel
Data8_sample_30_GTGATGTAGTACGAGC-1,0,paclitaxel
Data8_sample_30_GTGATGTCACACCTGG-1,0,paclitaxel
Data8_sample_30_GTGATGTGTAGGTGCA-1,0,paclitaxel
Data8_sample_30_GTGATGTGTCTAACTG-1,0,paclitaxel
Data8_sample_30_GTGATGTGTTTCAGAC-1,0,paclitaxel
Data8_sample_30_GTGCACGAGGTGATAT-1,0,paclitaxel
Data8_sample_30_GTGCACGAGTTTGCTG-1,0,paclitaxel
Data8_sample_30_GTGCACGCATCTTTCA-1,0,paclitaxel
Data8_sample_30_GTGCACGTCCGAAGGA-1,0,paclitaxel
Data8_sample_30_GTGCACGTCTCGCTCA-1,0,paclitaxel
Data8_sample_30_GTGCAGCAGACGTCCC-1,0,paclitaxel
Data8_sample_30_GTGCAGCAGGCTTTCA-1,0,paclitaxel
Data8_sample_30_GTGCAGCGTTTCTTAC-1,0,paclitaxel
Data8_sample_30_GTGCAGCTCAAATGAG-1,0,paclitaxel
Data8_sample_30_GTGCGTGAGAGTGAAG-1,0,paclitaxel
Data8_sample_30_GTGCGTGCACTACCGG-1,0,paclitaxel
Data8_sample_30_GTGCGTGCAGCGATTT-1,0,paclitaxel
Data8_sample_30_GTGCGTGTCTAACGCA-1,0,paclitaxel
Data8_sample_30_GTGCGTGTCTCTAAGG-1,0,paclitaxel
Data8_sample_30_GTGCTGGAGTCGGCAA-1,0,paclitaxel
Data8_sample_30_GTGCTGGCAGGTCCCA-1,0,paclitaxel
Data8_sample_30_GTGCTGGCAGGTTCAT-1,0,paclitaxel
Data8_sample_30_GTGCTGGTCACTGGGC-1,0,paclitaxel
Data8_sample_30_GTGCTGGTCAGAGCGA-1,0,paclitaxel
Data8_sample_30_GTGCTGGTCAGGTGTT-1,0,paclitaxel
Data8_sample_30_GTGCTTCCACCTGCTT-1,0,paclitaxel
Data8_sample_30_GTGCTTCGTCCCTGAG-1,0,paclitaxel
Data8_sample_30_GTGCTTCTCCCATACC-1,0,paclitaxel
Data8_sample_30_GTGCTTCTCTGTCGCT-1,0,paclitaxel
Data8_sample_30_GTGGAAGAGCAAGGAA-1,0,paclitaxel
Data8_sample_30_GTGGAAGCAACGATTC-1,0,paclitaxel
Data8_sample_30_GTGGAGAAGAGTTGTA-1,0,paclitaxel
Data8_sample_30_GTGGAGAAGCACTGGA-1,0,paclitaxel
Data8_sample_30_GTGGAGAAGCGATGCA-1,0,paclitaxel
Data8_sample_30_GTGGAGAAGCGATTCT-1,0,paclitaxel
Data8_sample_30_GTGGAGACACGTCATA-1,0,paclitaxel
Data8_sample_30_GTGGAGACATAGTCAC-1,0,paclitaxel
Data8_sample_30_GTGGAGACATATACCG-1,0,paclitaxel
Data8_sample_30_GTGGAGAGTCTAGGTT-1,0,paclitaxel
Data8_sample_30_GTGGAGAGTTATCTTC-1,0,paclitaxel
Data8_sample_30_GTGGAGAGTTGGAGAC-1,0,paclitaxel
Data8_sample_30_GTGGAGATCATTGAGC-1,0,paclitaxel
Data8_sample_30_GTGGCGTAGCTGGCCT-1,0,paclitaxel
Data8_sample_30_GTGGCGTCACGGTCTG-1,0,paclitaxel
Data8_sample_30_GTGGCGTCAGCTCGGT-1,0,paclitaxel
Data8_sample_30_GTGGCGTGTAAGGTCG-1,0,paclitaxel
Data8_sample_30_GTGGCGTGTGCCTGCA-1,0,paclitaxel
Data8_sample_30_GTGGCGTGTGTTCATG-1,0,paclitaxel
Data8_sample_30_GTGGCGTGTTGAATCC-1,0,paclitaxel
Data8_sample_30_GTGGCGTTCCTTGAAG-1,0,paclitaxel
Data8_sample_30_GTGGGAAAGCCTCATA-1,0,paclitaxel
Data8_sample_30_GTGGGAAAGCGCCTCA-1,0,paclitaxel
Data8_sample_30_GTGGGAAAGCTGGCTC-1,0,paclitaxel
Data8_sample_30_GTGGGAAAGGGTCACA-1,0,paclitaxel
Data8_sample_30_GTGGGAACAAGACCTT-1,0,paclitaxel
Data8_sample_30_GTGGGAAGTCCGACGT-1,0,paclitaxel
Data8_sample_30_GTGGGAAGTGCGTTTA-1,0,paclitaxel
Data8_sample_30_GTGGGAATCAAGCCAT-1,0,paclitaxel
Data8_sample_30_GTGGTTAAGCGACAGT-1,0,paclitaxel
Data8_sample_30_GTGGTTACACCTGATA-1,0,paclitaxel
Data8_sample_30_GTGGTTACAGCCCAGT-1,0,paclitaxel
Data8_sample_30_GTGGTTACATGTTACG-1,0,paclitaxel
Data8_sample_30_GTGGTTACATTGACTG-1,0,paclitaxel
Data8_sample_30_GTGGTTAGTCGGTAAG-1,0,paclitaxel
Data8_sample_30_GTGGTTAGTTCGGGTC-1,0,paclitaxel
Data8_sample_30_GTGGTTATCTGAGGTT-1,0,paclitaxel
Data8_sample_30_GTGTAACAGACTTGTC-1,0,paclitaxel
Data8_sample_30_GTGTAACAGCATGCAG-1,0,paclitaxel
Data8_sample_30_GTGTAACAGTGTTGAA-1,0,paclitaxel
Data8_sample_30_GTGTAACCAAATCGTC-1,0,paclitaxel
Data8_sample_30_GTGTAACCAGAGGAAA-1,0,paclitaxel
Data8_sample_30_GTGTAACGTAGAGATT-1,0,paclitaxel
Data8_sample_30_GTGTAACGTGAACTAA-1,0,paclitaxel
Data8_sample_30_GTGTAACGTGCAACGA-1,0,paclitaxel
Data8_sample_30_GTGTAACTCTCCAAGA-1,0,paclitaxel
Data8_sample_30_GTGTCCTCAAGTTTGC-1,0,paclitaxel
Data8_sample_30_GTGTCCTCATGACACT-1,0,paclitaxel
Data8_sample_30_GTGTCCTGTAACAAGT-1,0,paclitaxel
Data8_sample_30_GTGTCCTGTACGCGTC-1,0,paclitaxel
Data8_sample_30_GTGTCCTGTATTCTCT-1,0,paclitaxel
Data8_sample_30_GTGTCCTGTCTGTGAT-1,0,paclitaxel
Data8_sample_30_GTGTCCTGTTGGAGGT-1,0,paclitaxel
Data8_sample_30_GTGTCCTTCCGCATAA-1,0,paclitaxel
Data8_sample_30_GTGTGATAGTACAACA-1,0,paclitaxel
Data8_sample_30_GTGTGATCACTGCTTC-1,0,paclitaxel
Data8_sample_30_GTGTGATGTAGTCACT-1,0,paclitaxel
Data8_sample_30_GTGTGATGTCGTATGT-1,0,paclitaxel
Data8_sample_30_GTGTGATTCCTGCCAT-1,0,paclitaxel
Data8_sample_30_GTGTGATTCGCGGACT-1,0,paclitaxel
Data8_sample_30_GTGTGGCCACGCACCA-1,0,paclitaxel
Data8_sample_30_GTGTGGCGTCGCATGC-1,0,paclitaxel
Data8_sample_30_GTGTGGCTCCGCAGTG-1,0,paclitaxel
Data8_sample_30_GTGTTAGCAGGGAGAG-1,0,paclitaxel
Data8_sample_30_GTGTTAGCAGTGAGCA-1,0,paclitaxel
Data8_sample_30_GTGTTAGGTCAAGCCC-1,0,paclitaxel
Data8_sample_30_GTGTTAGTCAAATAGG-1,0,paclitaxel
Data8_sample_30_GTGTTAGTCGGAGATG-1,0,paclitaxel
Data8_sample_30_GTGTTCCAGGGAGTGG-1,0,paclitaxel
Data8_sample_30_GTGTTCCCAACATACC-1,0,paclitaxel
Data8_sample_30_GTGTTCCCAGAACTTC-1,0,paclitaxel
Data8_sample_30_GTGTTCCTCCCATTTA-1,0,paclitaxel
Data8_sample_30_GTGTTCCTCCGCACTT-1,0,paclitaxel
Data8_sample_30_GTGTTCCTCGGTCTGG-1,0,paclitaxel
Data8_sample_30_GTGTTCCTCTACCTTA-1,0,paclitaxel
Data8_sample_30_GTTACAGAGTGGTTGG-1,0,paclitaxel
Data8_sample_30_GTTACAGAGTTGTCGT-1,0,paclitaxel
Data8_sample_30_GTTACAGCAGTAGAGC-1,0,paclitaxel
Data8_sample_30_GTTACAGGTGACAGCA-1,0,paclitaxel
Data8_sample_30_GTTACAGTCCCTGTTG-1,0,paclitaxel
Data8_sample_30_GTTACAGTCCTCGCAT-1,0,paclitaxel
Data8_sample_30_GTTACCCAGCGTGTTT-1,0,paclitaxel
Data8_sample_30_GTTACCCAGGTTGGTG-1,0,paclitaxel
Data8_sample_30_GTTACGAAGATCCCAT-1,0,paclitaxel
Data8_sample_30_GTTACGACAAGAGATT-1,0,paclitaxel
Data8_sample_30_GTTACGACAATGTCAC-1,0,paclitaxel
Data8_sample_30_GTTACGACATAGTCAC-1,0,paclitaxel
Data8_sample_30_GTTACGAGTAGAGATT-1,0,paclitaxel
Data8_sample_30_GTTACGATCAACCCGG-1,0,paclitaxel
Data8_sample_30_GTTACGATCCGTACGG-1,0,paclitaxel
Data8_sample_30_GTTACGATCTCTGCTG-1,0,paclitaxel
Data8_sample_30_GTTACGATCTCTTGCG-1,0,paclitaxel
Data8_sample_30_GTTAGACAGCTGAGTG-1,0,paclitaxel
Data8_sample_30_GTTAGACAGTAACAGT-1,0,paclitaxel
Data8_sample_30_GTTAGACCAGAGTCAG-1,0,paclitaxel
Data8_sample_30_GTTAGACGTCCTGTCT-1,0,paclitaxel
Data8_sample_30_GTTAGACTCATGGCCG-1,0,paclitaxel
Data8_sample_30_GTTAGTGAGTTGAATG-1,0,paclitaxel
Data8_sample_30_GTTAGTGCATCTCCCA-1,0,paclitaxel
Data8_sample_30_GTTAGTGTCCGCAAAT-1,0,paclitaxel
Data8_sample_30_GTTAGTGTCTGAGAGG-1,0,paclitaxel
Data8_sample_30_GTTATGGAGTCTGTAC-1,0,paclitaxel
Data8_sample_30_GTTATGGAGTGAGGCT-1,0,paclitaxel
Data8_sample_30_GTTATGGCAACTGGTT-1,0,paclitaxel
Data8_sample_30_GTTATGGCACTAGGCC-1,0,paclitaxel
Data8_sample_30_GTTATGGCATTGCCGG-1,0,paclitaxel
Data8_sample_30_GTTATGGGTCCTGAAT-1,0,paclitaxel
Data8_sample_30_GTTATGGTCCCTCGTA-1,0,paclitaxel
Data8_sample_30_GTTATGGTCCGTGTGG-1,0,paclitaxel
Data8_sample_30_GTTCATTAGTCACACT-1,0,paclitaxel
Data8_sample_30_GTTCATTAGTCCTACA-1,0,paclitaxel
Data8_sample_30_GTTCATTGTGCATGAG-1,0,paclitaxel
Data8_sample_30_GTTCATTTCCGTGTCT-1,0,paclitaxel
Data8_sample_30_GTTCATTTCTACCTTA-1,0,paclitaxel
Data8_sample_30_GTTCATTTCTTACCGC-1,0,paclitaxel
Data8_sample_30_GTTCCGTAGCGTTAGG-1,0,paclitaxel
Data8_sample_30_GTTCCGTAGGATAATC-1,0,paclitaxel
Data8_sample_30_GTTCCGTCAGCGACCT-1,0,paclitaxel
Data8_sample_30_GTTCCGTGTTTGCAGT-1,0,paclitaxel
Data8_sample_30_GTTCGCTAGCAGGCAT-1,0,paclitaxel
Data8_sample_30_GTTCGCTAGGAGCAAA-1,0,paclitaxel
Data8_sample_30_GTTCGCTAGGATGAGA-1,0,paclitaxel
Data8_sample_30_GTTCGCTAGGTACAGC-1,0,paclitaxel
Data8_sample_30_GTTCGCTAGGTCTACT-1,0,paclitaxel
Data8_sample_30_GTTCGCTGTGATACTC-1,0,paclitaxel
Data8_sample_30_GTTCGCTTCCACAGCG-1,0,paclitaxel
Data8_sample_30_GTTCGCTTCTGGGATT-1,0,paclitaxel
Data8_sample_30_GTTCTATAGAGTCTTC-1,0,paclitaxel
Data8_sample_30_GTTCTATAGCTCCACG-1,0,paclitaxel
Data8_sample_30_GTTCTATCATCATCTT-1,0,paclitaxel
Data8_sample_30_GTTCTATGTTGGAGGT-1,0,paclitaxel
Data8_sample_30_GTTCTATGTTGTGGAG-1,0,paclitaxel
Data8_sample_30_GTTCTATTCCGAGAAG-1,0,paclitaxel
Data8_sample_30_GTTCTATTCGGCGATC-1,0,paclitaxel
Data8_sample_30_GTTGAACCATCACAGT-1,0,paclitaxel
Data8_sample_30_GTTGAACCATCTCAAG-1,0,paclitaxel
Data8_sample_30_GTTGAACGTACATTGC-1,0,paclitaxel
Data8_sample_30_GTTGAACGTGCAAGAC-1,0,paclitaxel
Data8_sample_30_GTTGAACTCGAAACAA-1,0,paclitaxel
Data8_sample_30_GTTGAACTCGTCAAAC-1,0,paclitaxel
Data8_sample_30_GTTGCGGAGAGGTATT-1,0,paclitaxel
Data8_sample_30_GTTGCGGAGAGTCACG-1,0,paclitaxel
Data8_sample_30_GTTGCGGCACCCTCTA-1,0,paclitaxel
Data8_sample_30_GTTGCGGCACGTCGTG-1,0,paclitaxel
Data8_sample_30_GTTGCGGGTATCGCAT-1,0,paclitaxel
Data8_sample_30_GTTGCGGGTCTCAAGT-1,0,paclitaxel
Data8_sample_30_GTTGCGGGTTAGGCCC-1,0,paclitaxel
Data8_sample_30_GTTGCGGTCCATGCAA-1,0,paclitaxel
Data8_sample_30_GTTGCTCAGACATAGT-1,0,paclitaxel
Data8_sample_30_GTTGCTCAGAGTCGAC-1,0,paclitaxel
Data8_sample_30_GTTGCTCAGGTAGCAC-1,0,paclitaxel
Data8_sample_30_GTTGCTCCAAGTTGGG-1,0,paclitaxel
Data8_sample_30_GTTGCTCCATAGACTC-1,0,paclitaxel
Data8_sample_30_GTTGTAGAGTCCCAAT-1,0,paclitaxel
Data8_sample_30_GTTGTAGTCAACCCGG-1,0,paclitaxel
Data8_sample_30_GTTGTAGTCCGTACGG-1,0,paclitaxel
Data8_sample_30_GTTGTAGTCCGTGGCA-1,0,paclitaxel
Data8_sample_30_GTTGTCCAGAGAATCT-1,0,paclitaxel
Data8_sample_30_GTTGTCCAGTATGAGT-1,0,paclitaxel
Data8_sample_30_GTTGTCCCACACCAGC-1,0,paclitaxel
Data8_sample_30_GTTGTGAAGCGCCGTT-1,0,paclitaxel
Data8_sample_30_GTTGTGAGTACAATAG-1,0,paclitaxel
Data8_sample_30_GTTGTGAGTTGACTAC-1,0,paclitaxel
Data8_sample_30_GTTGTGATCTTTACAC-1,0,paclitaxel
Data8_sample_30_GTTTACTAGGTTCAGG-1,0,paclitaxel
Data8_sample_30_GTTTACTCAATAGTAG-1,0,paclitaxel
Data8_sample_30_GTTTACTGTTGTAAAG-1,0,paclitaxel
Data8_sample_30_GTTTACTTCGAACCTA-1,0,paclitaxel
Data8_sample_30_GTTTGGAAGATCCGAG-1,0,paclitaxel
Data8_sample_30_GTTTGGAGTCGTTTCC-1,0,paclitaxel
Data8_sample_30_GTTTGGATCCTCTAAT-1,0,paclitaxel
Data8_sample_30_GTTTGGATCGCGAAGA-1,0,paclitaxel
Data8_sample_30_TAACACGCATGTGGCC-1,0,paclitaxel
Data8_sample_30_TAACACGGTCAAAGAT-1,0,paclitaxel
Data8_sample_30_TAACACGGTTTCGTTT-1,0,paclitaxel
Data8_sample_30_TAACCAGTCTGGGCAC-1,0,paclitaxel
Data8_sample_30_TAACGACAGGACTTCT-1,0,paclitaxel
Data8_sample_30_TAACGACTCAATCTTC-1,0,paclitaxel
Data8_sample_30_TAACGACTCACACCGG-1,0,paclitaxel
Data8_sample_30_TAACGACTCGAACACT-1,0,paclitaxel
Data8_sample_30_TAACGACTCGAACCTA-1,0,paclitaxel
Data8_sample_30_TAACTTCCACTGTTCC-1,0,paclitaxel
Data8_sample_30_TAACTTCGTGTATCCA-1,0,paclitaxel
Data8_sample_30_TAACTTCTCAGACCCG-1,0,paclitaxel
Data8_sample_30_TAACTTCTCCTGCTAC-1,0,paclitaxel
Data8_sample_30_TAAGCACAGTATAGGT-1,0,paclitaxel
Data8_sample_30_TAAGCACCAGTGACCC-1,0,paclitaxel
Data8_sample_30_TAAGCACCATAGCTGT-1,0,paclitaxel
Data8_sample_30_TAAGCACCATGAAGGC-1,0,paclitaxel
Data8_sample_30_TAAGCACTCGACACCG-1,0,paclitaxel
Data8_sample_30_TAAGCACTCTTCCCAG-1,0,paclitaxel
Data8_sample_30_TAAGCCACACAATGCT-1,0,paclitaxel
Data8_sample_30_TAAGCCACATAATGCC-1,0,paclitaxel
Data8_sample_30_TAAGCCAGTCACGACC-1,0,paclitaxel
Data8_sample_30_TAAGCCATCATTTCCA-1,0,paclitaxel
Data8_sample_30_TAAGCCATCCACTAGA-1,0,paclitaxel
Data8_sample_30_TAAGCCATCTGGGCGT-1,0,paclitaxel
Data8_sample_30_TAAGCGTAGGGTGAGG-1,0,paclitaxel
Data8_sample_30_TAAGCGTCAAATGCGG-1,0,paclitaxel
Data8_sample_30_TAAGCGTCATCGATGT-1,0,paclitaxel
Data8_sample_30_TAAGCGTGTCCCAAAT-1,0,paclitaxel
Data8_sample_30_TAAGCGTGTGTTCGAT-1,0,paclitaxel
Data8_sample_30_TAAGCGTTCAAGAGTA-1,0,paclitaxel
Data8_sample_30_TAAGCGTTCGTGTTCC-1,0,paclitaxel
Data8_sample_30_TAAGTCGCAACGGTAG-1,0,paclitaxel
Data8_sample_30_TAAGTCGGTAGTGATA-1,0,paclitaxel
Data8_sample_30_TAAGTCGTCATGGATC-1,0,paclitaxel
Data8_sample_30_TAATCTCAGCCTGGAA-1,0,paclitaxel
Data8_sample_30_TAATCTCAGGAGCAAA-1,0,paclitaxel
Data8_sample_30_TAATCTCAGGCCTAGA-1,0,paclitaxel
Data8_sample_30_TAATCTCAGTCCGCGT-1,0,paclitaxel
Data8_sample_30_TAATCTCAGTTGTAGA-1,0,paclitaxel
Data8_sample_30_TAATCTCAGTTTGGCT-1,0,paclitaxel
Data8_sample_30_TAATCTCCAACGATCT-1,0,paclitaxel
Data8_sample_30_TAATCTCCACGGCTAC-1,0,paclitaxel
Data8_sample_30_TAATCTCCAGACGGAT-1,0,paclitaxel
Data8_sample_30_TAATCTCTCTTCTGTA-1,0,paclitaxel
Data8_sample_30_TAATTCCTCTACACTT-1,0,paclitaxel
Data8_sample_30_TAATTCCTCTGTGTGA-1,0,paclitaxel
Data8_sample_30_TAATTCCTCTTCTAAC-1,0,paclitaxel
Data8_sample_30_TACAACGCAGAGAATT-1,0,paclitaxel
Data8_sample_30_TACAACGCAGCAGATG-1,0,paclitaxel
Data8_sample_30_TACAACGCATGTTTGG-1,0,paclitaxel
Data8_sample_30_TACAACGGTCGACTTA-1,0,paclitaxel
Data8_sample_30_TACAACGTCGCAGTCG-1,0,paclitaxel
Data8_sample_30_TACACCCAGACCCTTA-1,0,paclitaxel
Data8_sample_30_TACACCCAGACGACTG-1,0,paclitaxel
Data8_sample_30_TACACCCAGGGCAACT-1,0,paclitaxel
Data8_sample_30_TACACCCAGTCTTGGT-1,0,paclitaxel
Data8_sample_30_TACACCCCAAGTGTCT-1,0,paclitaxel
Data8_sample_30_TACACCCGTACCCGAC-1,0,paclitaxel
Data8_sample_30_TACACCCGTATTGAGA-1,0,paclitaxel
Data8_sample_30_TACAGGTAGGCAGGGA-1,0,paclitaxel
Data8_sample_30_TACAGGTCAGCACAGA-1,0,paclitaxel
Data8_sample_30_TACAGGTCATCCAACA-1,0,paclitaxel
Data8_sample_30_TACAGGTGTTCGAGCC-1,0,paclitaxel
Data8_sample_30_TACAGGTTCTATTGTC-1,0,paclitaxel
Data8_sample_30_TACATTCAGATAGTGT-1,0,paclitaxel
Data8_sample_30_TACATTCCACTTGACA-1,0,paclitaxel
Data8_sample_30_TACATTCCAGACCGCT-1,0,paclitaxel
Data8_sample_30_TACATTCCATGCAGGA-1,0,paclitaxel
Data8_sample_30_TACATTCGTATTAAGG-1,0,paclitaxel
Data8_sample_30_TACCCACAGAAGATCT-1,0,paclitaxel
Data8_sample_30_TACCCACAGATCGCCC-1,0,paclitaxel
Data8_sample_30_TACCCACAGGGTTAGC-1,0,paclitaxel
Data8_sample_30_TACCCACCATGACGTT-1,0,paclitaxel
Data8_sample_30_TACCCACGTGAGTTTC-1,0,paclitaxel
Data8_sample_30_TACCCACGTTGGATCT-1,0,paclitaxel
Data8_sample_30_TACCCACTCGAGAAGC-1,0,paclitaxel
Data8_sample_30_TACCCACTCTGCTGAA-1,0,paclitaxel
Data8_sample_30_TACCCGTAGCGTATAA-1,0,paclitaxel
Data8_sample_30_TACCCGTCACAATGTC-1,0,paclitaxel
Data8_sample_30_TACCCGTCAGTGGGTA-1,0,paclitaxel
Data8_sample_30_TACCCGTCATGGGTCC-1,0,paclitaxel
Data8_sample_30_TACCCGTGTATCGCTA-1,0,paclitaxel
Data8_sample_30_TACCCGTTCCATCAGA-1,0,paclitaxel
Data8_sample_30_TACCGAAAGAGCCATG-1,0,paclitaxel
Data8_sample_30_TACCGAAAGGTCATAA-1,0,paclitaxel
Data8_sample_30_TACCGAAAGTAGCTCT-1,0,paclitaxel
Data8_sample_30_TACCGAAGTCTCGCGA-1,0,paclitaxel
Data8_sample_30_TACCGAAGTCTTGGTA-1,0,paclitaxel
Data8_sample_30_TACCGAAGTCTTTATC-1,0,paclitaxel
Data8_sample_30_TACCGAAGTGAACCGA-1,0,paclitaxel
Data8_sample_30_TACCGGGAGCAGATAT-1,0,paclitaxel
Data8_sample_30_TACCGGGAGGCACAAC-1,0,paclitaxel
Data8_sample_30_TACCGGGTCTGGACTA-1,0,paclitaxel
Data8_sample_30_TACCTCGAGGTTACCT-1,0,paclitaxel
Data8_sample_30_TACCTCGGTAATGCTC-1,0,paclitaxel
Data8_sample_30_TACCTCGGTCAAACGG-1,0,paclitaxel
Data8_sample_30_TACCTCGTCCTACACC-1,0,paclitaxel
Data8_sample_30_TACCTGCAGACGTCCC-1,0,paclitaxel
Data8_sample_30_TACCTGCAGCATTTCG-1,0,paclitaxel
Data8_sample_30_TACCTGCTCCTGGTCT-1,0,paclitaxel
Data8_sample_30_TACCTGCTCTTCGTAT-1,0,paclitaxel
Data8_sample_30_TACGCTCCATGGAATA-1,0,paclitaxel
Data8_sample_30_TACGCTCGTCCTACGG-1,0,paclitaxel
Data8_sample_30_TACGCTCGTGAGATCG-1,0,paclitaxel
Data8_sample_30_TACGCTCTCTACCAGA-1,0,paclitaxel
Data8_sample_30_TACGGGCCAAATACAG-1,0,paclitaxel
Data8_sample_30_TACGGGCGTTGCCGAC-1,0,paclitaxel
Data8_sample_30_TACGGGCTCAACCCGG-1,0,paclitaxel
Data8_sample_30_TACGGGCTCTGCTTTA-1,0,paclitaxel
Data8_sample_30_TACGGTAAGTGCGTCC-1,0,paclitaxel
Data8_sample_30_TACGGTACAAACAGGC-1,0,paclitaxel
Data8_sample_30_TACGGTAGTGGAGGTT-1,0,paclitaxel
Data8_sample_30_TACGGTAGTTCTCCAC-1,0,paclitaxel
Data8_sample_30_TACGGTATCGCTGATA-1,0,paclitaxel
Data8_sample_30_TACGGTATCGGCTTCT-1,0,paclitaxel
Data8_sample_30_TACGTCCCATACTTTC-1,0,paclitaxel
Data8_sample_30_TACGTCCCATGAAGCG-1,0,paclitaxel
Data8_sample_30_TACGTCCGTTACTCAG-1,0,paclitaxel
Data8_sample_30_TACGTCCTCTTTGGAG-1,0,paclitaxel
Data8_sample_30_TACTGCCAGACGAAGA-1,0,paclitaxel
Data8_sample_30_TACTGCCAGCATCTTG-1,0,paclitaxel
Data8_sample_30_TACTGCCCAGTCGAGA-1,0,paclitaxel
Data8_sample_30_TACTGCCGTACGATCT-1,0,paclitaxel
Data8_sample_30_TACTGCCGTCACGCTG-1,0,paclitaxel
Data8_sample_30_TACTGCCGTGTCCTAA-1,0,paclitaxel
Data8_sample_30_TACTGCCTCACCCATC-1,0,paclitaxel
Data8_sample_30_TACTGCCTCGCAAGAG-1,0,paclitaxel
Data8_sample_30_TACTGCCTCGGCTTCT-1,0,paclitaxel
Data8_sample_30_TACTTACAGGAGTCTG-1,0,paclitaxel
Data8_sample_30_TACTTACCATAGCTGT-1,0,paclitaxel
Data8_sample_30_TACTTACTCCACATAG-1,0,paclitaxel
Data8_sample_30_TACTTACTCCGTCCTA-1,0,paclitaxel
Data8_sample_30_TACTTCACACATCATG-1,0,paclitaxel
Data8_sample_30_TACTTCAGTGGAAGTC-1,0,paclitaxel
Data8_sample_30_TACTTCATCCCGTGAG-1,0,paclitaxel
Data8_sample_30_TACTTCATCGCCAGTG-1,0,paclitaxel
Data8_sample_30_TACTTCATCTGCATAG-1,0,paclitaxel
Data8_sample_30_TACTTGTAGGCAGCTA-1,0,paclitaxel
Data8_sample_30_TACTTGTCAAGGCGTA-1,0,paclitaxel
Data8_sample_30_TACTTGTCATGTGGTT-1,0,paclitaxel
Data8_sample_30_TACTTGTGTACCCAGC-1,0,paclitaxel
Data8_sample_30_TACTTGTGTTCACCGG-1,0,paclitaxel
Data8_sample_30_TACTTGTTCCGGTTCT-1,0,paclitaxel
Data8_sample_30_TAGACCAAGACGCCCT-1,0,paclitaxel
Data8_sample_30_TAGACCACAACGGCCT-1,0,paclitaxel
Data8_sample_30_TAGACCACACTTTATC-1,0,paclitaxel
Data8_sample_30_TAGACCACAGTTTGGT-1,0,paclitaxel
Data8_sample_30_TAGACTGAGTCAGCGA-1,0,paclitaxel
Data8_sample_30_TAGACTGCATCCTCAC-1,0,paclitaxel
Data8_sample_30_TAGACTGTCTCAAAGC-1,0,paclitaxel
Data8_sample_30_TAGACTGTCTCATTAC-1,0,paclitaxel
Data8_sample_30_TAGAGTCCAATCCTAG-1,0,paclitaxel
Data8_sample_30_TAGAGTCGTACCTATG-1,0,paclitaxel
Data8_sample_30_TAGAGTCGTTAGAAGT-1,0,paclitaxel
Data8_sample_30_TAGAGTCTCAAACGAA-1,0,paclitaxel
Data8_sample_30_TAGATCGAGCGCCATC-1,0,paclitaxel
Data8_sample_30_TAGATCGAGCGGGTTA-1,0,paclitaxel
Data8_sample_30_TAGATCGAGGAACGAA-1,0,paclitaxel
Data8_sample_30_TAGATCGAGTCAGAGC-1,0,paclitaxel
Data8_sample_30_TAGATCGAGTTGCCCG-1,0,paclitaxel
Data8_sample_30_TAGATCGCACCTAAAC-1,0,paclitaxel
Data8_sample_30_TAGATCGCAGCTCATA-1,0,paclitaxel
Data8_sample_30_TAGATCGGTCTAGGCC-1,0,paclitaxel
Data8_sample_30_TAGATCGGTGGTCTGC-1,0,paclitaxel
Data8_sample_30_TAGCACACACCACATA-1,0,paclitaxel
Data8_sample_30_TAGCACACATTGCCTC-1,0,paclitaxel
Data8_sample_30_TAGCACATCCGGCAAC-1,0,paclitaxel
Data8_sample_30_TAGGAGGAGATTACCC-1,0,paclitaxel
Data8_sample_30_TAGGAGGAGCACTAGG-1,0,paclitaxel
Data8_sample_30_TAGGAGGAGGTCGTAG-1,0,paclitaxel
Data8_sample_30_TAGGAGGCATGTGGTT-1,0,paclitaxel
Data8_sample_30_TAGGAGGGTATTGCCA-1,0,paclitaxel
Data8_sample_30_TAGGAGGTCAGGGATG-1,0,paclitaxel
Data8_sample_30_TAGGAGGTCGAGCTGC-1,0,paclitaxel
Data8_sample_30_TAGGGTTAGCGACTAG-1,0,paclitaxel
Data8_sample_30_TAGGGTTCAATAGGAT-1,0,paclitaxel
Data8_sample_30_TAGGGTTGTCGGAACA-1,0,paclitaxel
Data8_sample_30_TAGGGTTGTGTCATGT-1,0,paclitaxel
Data8_sample_30_TAGGGTTTCCGTTGAA-1,0,paclitaxel
Data8_sample_30_TAGGTACAGCACTCCG-1,0,paclitaxel
Data8_sample_30_TAGGTACAGTAGTCCT-1,0,paclitaxel
Data8_sample_30_TAGGTACGTACCTAGT-1,0,paclitaxel
Data8_sample_30_TAGGTACGTTCGAGCC-1,0,paclitaxel
Data8_sample_30_TAGGTACGTTGGGAAC-1,0,paclitaxel
Data8_sample_30_TAGGTACTCATAGCAC-1,0,paclitaxel
Data8_sample_30_TAGGTTGAGAGCCTGA-1,0,paclitaxel
Data8_sample_30_TAGGTTGCATGTTCGA-1,0,paclitaxel
Data8_sample_30_TAGGTTGGTATCGATC-1,0,paclitaxel
Data8_sample_30_TAGGTTGGTCAATGGG-1,0,paclitaxel
Data8_sample_30_TAGGTTGGTCTGCCTT-1,0,paclitaxel
Data8_sample_30_TAGGTTGGTGCCTACG-1,0,paclitaxel
Data8_sample_30_TAGGTTGTCGCCTTGT-1,0,paclitaxel
Data8_sample_30_TAGGTTGTCGGACAAG-1,0,paclitaxel
Data8_sample_30_TAGTGCAAGCTGGCCT-1,0,paclitaxel
Data8_sample_30_TAGTGCAAGGGTACAC-1,0,paclitaxel
Data8_sample_30_TAGTGCACAAGCTGTT-1,0,paclitaxel
Data8_sample_30_TAGTGCACAGACCTAT-1,0,paclitaxel
Data8_sample_30_TAGTGCATCCAGCCTT-1,0,paclitaxel
Data8_sample_30_TAGTGCATCGCATGAT-1,0,paclitaxel
Data8_sample_30_TAGTGCATCGTGTCAA-1,0,paclitaxel
Data8_sample_30_TATACCTAGCGGGTAT-1,0,paclitaxel
Data8_sample_30_TATACCTAGTCATCGT-1,0,paclitaxel
Data8_sample_30_TATACCTCAACGTAAA-1,0,paclitaxel
Data8_sample_30_TATACCTGTATGACAA-1,0,paclitaxel
Data8_sample_30_TATACCTGTCAAGGCA-1,0,paclitaxel
Data8_sample_30_TATACCTTCAGTGATC-1,0,paclitaxel
Data8_sample_30_TATACCTTCGTTACCC-1,0,paclitaxel
Data8_sample_30_TATACCTTCTATCGTT-1,0,paclitaxel
Data8_sample_30_TATATCCCAAAGACTA-1,0,paclitaxel
Data8_sample_30_TATATCCCATCGATGT-1,0,paclitaxel
Data8_sample_30_TATATCCGTCCAAGAG-1,0,paclitaxel
Data8_sample_30_TATATCCGTGTGCTTA-1,0,paclitaxel
Data8_sample_30_TATATCCTCACCTACC-1,0,paclitaxel
Data8_sample_30_TATATCCTCCCGATCT-1,0,paclitaxel
Data8_sample_30_TATATCCTCGCAGAGA-1,0,paclitaxel
Data8_sample_30_TATATCCTCTACGGGC-1,0,paclitaxel
Data8_sample_30_TATCAGGAGGACACTG-1,0,paclitaxel
Data8_sample_30_TATCAGGGTCTTACAG-1,0,paclitaxel
Data8_sample_30_TATCAGGTCGCCATAA-1,0,paclitaxel
Data8_sample_30_TATCAGGTCGCGGACT-1,0,paclitaxel
Data8_sample_30_TATCAGGTCGTAGAGG-1,0,paclitaxel
Data8_sample_30_TATCCTAAGGCTTAAA-1,0,paclitaxel
Data8_sample_30_TATCCTACACATTACG-1,0,paclitaxel
Data8_sample_30_TATCCTATCACCCTGT-1,0,paclitaxel
Data8_sample_30_TATCCTATCTCGAGTA-1,0,paclitaxel
Data8_sample_30_TATCGCCAGAGGCCAT-1,0,paclitaxel
Data8_sample_30_TATCGCCAGCACTGGA-1,0,paclitaxel
Data8_sample_30_TATCGCCAGCGTCTCG-1,0,paclitaxel
Data8_sample_30_TATCGCCAGCTACTGT-1,0,paclitaxel
Data8_sample_30_TATCGCCCACCGTGAC-1,0,paclitaxel
Data8_sample_30_TATCGCCCATTATGCG-1,0,paclitaxel
Data8_sample_30_TATCGCCGTCGGTAAG-1,0,paclitaxel
Data8_sample_30_TATCGCCGTGCCCAGT-1,0,paclitaxel
Data8_sample_30_TATCGCCGTGCCTTCT-1,0,paclitaxel
Data8_sample_30_TATCGCCTCACCCTTG-1,0,paclitaxel
Data8_sample_30_TATCGCCTCGTCTACC-1,0,paclitaxel
Data8_sample_30_TATCTGTCAGAGTTGG-1,0,paclitaxel
Data8_sample_30_TATCTGTGTACCCAGC-1,0,paclitaxel
Data8_sample_30_TATCTGTTCATTGCCC-1,0,paclitaxel
Data8_sample_30_TATCTTGCATCGCTCT-1,0,paclitaxel
Data8_sample_30_TATCTTGTCCTTGGAA-1,0,paclitaxel
Data8_sample_30_TATCTTGTCGACATAC-1,0,paclitaxel
Data8_sample_30_TATCTTGTCGCGATCG-1,0,paclitaxel
Data8_sample_30_TATGTTCAGAGCAAGA-1,0,paclitaxel
Data8_sample_30_TATGTTCAGATGATTG-1,0,paclitaxel
Data8_sample_30_TATGTTCAGCACACCC-1,0,paclitaxel
Data8_sample_30_TATGTTCCAATGAGCG-1,0,paclitaxel
Data8_sample_30_TATGTTCGTCTACACA-1,0,paclitaxel
Data8_sample_30_TATGTTCGTGATTCTG-1,0,paclitaxel
Data8_sample_30_TATGTTCTCACTGCTC-1,0,paclitaxel
Data8_sample_30_TATGTTCTCAGAGCGA-1,0,paclitaxel
Data8_sample_30_TATGTTCTCATTGTTC-1,0,paclitaxel
Data8_sample_30_TATTCCAAGCAGGGAG-1,0,paclitaxel
Data8_sample_30_TATTCCAAGCTCGTGC-1,0,paclitaxel
Data8_sample_30_TATTCCACATATACCG-1,0,paclitaxel
Data8_sample_30_TATTGCTAGCTGTGCC-1,0,paclitaxel
Data8_sample_30_TATTGCTTCAAGGAGC-1,0,paclitaxel
Data8_sample_30_TATTGGGCAAGAGAGA-1,0,paclitaxel
Data8_sample_30_TATTGGGCAAGCCTGC-1,0,paclitaxel
Data8_sample_30_TATTGGGCATACAGAA-1,0,paclitaxel
Data8_sample_30_TATTGGGGTACAAAGT-1,0,paclitaxel
Data8_sample_30_TATTTCGAGGTAGTCG-1,0,paclitaxel
Data8_sample_30_TATTTCGAGGTCGCCT-1,0,paclitaxel
Data8_sample_30_TATTTCGCAAATCGTC-1,0,paclitaxel
Data8_sample_30_TATTTCGCAAGACCTT-1,0,paclitaxel
Data8_sample_30_TATTTCGCAATTCTCT-1,0,paclitaxel
Data8_sample_30_TATTTCGCAGTAGTGG-1,0,paclitaxel
Data8_sample_30_TATTTCGCATTCTGTT-1,0,paclitaxel
Data8_sample_30_TATTTCGGTCCATCTC-1,0,paclitaxel
Data8_sample_30_TATTTCGTCAGACCCG-1,0,paclitaxel
Data8_sample_30_TATTTCGTCGAAGGAC-1,0,paclitaxel
Data8_sample_30_TATTTCGTCTCTGCCA-1,0,paclitaxel
Data8_sample_30_TCAAGACTCCCTTGGT-1,0,paclitaxel
Data8_sample_30_TCAAGACTCCTACCGT-1,0,paclitaxel
Data8_sample_30_TCAAGCAAGCATGCAG-1,0,paclitaxel
Data8_sample_30_TCAAGCACACTGCTTC-1,0,paclitaxel
Data8_sample_30_TCAAGCATCGCCACTT-1,0,paclitaxel
Data8_sample_30_TCAAGCATCTCCTACG-1,0,paclitaxel
Data8_sample_30_TCAAGTGAGCCTGCCA-1,0,paclitaxel
Data8_sample_30_TCAAGTGAGCTCCCTT-1,0,paclitaxel
Data8_sample_30_TCAAGTGAGGGTGAAA-1,0,paclitaxel
Data8_sample_30_TCAAGTGAGGTTAGTA-1,0,paclitaxel
Data8_sample_30_TCAAGTGAGTTACGGG-1,0,paclitaxel
Data8_sample_30_TCAAGTGGTCATCCCT-1,0,paclitaxel
Data8_sample_30_TCAAGTGGTGTGCCTG-1,0,paclitaxel
Data8_sample_30_TCAAGTGTCATTTACC-1,0,paclitaxel
Data8_sample_30_TCAATCTAGATCCCGC-1,0,paclitaxel
Data8_sample_30_TCAATCTAGTAAGGGA-1,0,paclitaxel
Data8_sample_30_TCAATCTCATCCTGTC-1,0,paclitaxel
Data8_sample_30_TCAATCTGTGCATCTA-1,0,paclitaxel
Data8_sample_30_TCAATCTGTGTACGCC-1,0,paclitaxel
Data8_sample_30_TCAATCTGTGTTTACG-1,0,paclitaxel
Data8_sample_30_TCAATCTGTTTACGTG-1,0,paclitaxel
Data8_sample_30_TCAATTCAGCGCCTAC-1,0,paclitaxel
Data8_sample_30_TCAATTCCAGGGTTGA-1,0,paclitaxel
Data8_sample_30_TCAATTCCATTGACTG-1,0,paclitaxel
Data8_sample_30_TCAATTCGTAGATCGG-1,0,paclitaxel
Data8_sample_30_TCAATTCGTCGTGTTA-1,0,paclitaxel
Data8_sample_30_TCAATTCTCCGACAGC-1,0,paclitaxel
Data8_sample_30_TCACAAGAGGAACATT-1,0,paclitaxel
Data8_sample_30_TCACAAGAGTAACCGG-1,0,paclitaxel
Data8_sample_30_TCACAAGAGTATTAGG-1,0,paclitaxel
Data8_sample_30_TCACAAGAGTCGTTAC-1,0,paclitaxel
Data8_sample_30_TCACAAGCACTGTCCT-1,0,paclitaxel
Data8_sample_30_TCACAAGCAGAACTCT-1,0,paclitaxel
Data8_sample_30_TCACAAGCAGGCTTGC-1,0,paclitaxel
Data8_sample_30_TCACAAGGTAGTACGG-1,0,paclitaxel
Data8_sample_30_TCACAAGGTTAGTCGT-1,0,paclitaxel
Data8_sample_30_TCACAAGTCACCACAA-1,0,paclitaxel
Data8_sample_30_TCACAAGTCCGGCAAC-1,0,paclitaxel
Data8_sample_30_TCACAAGTCGCCAGTG-1,0,paclitaxel
Data8_sample_30_TCACAAGTCTAGATCG-1,0,paclitaxel
Data8_sample_30_TCACAAGTCTAGCCAA-1,0,paclitaxel
Data8_sample_30_TCACACCAGGAGCTGT-1,0,paclitaxel
Data8_sample_30_TCACACCAGTCTGGTT-1,0,paclitaxel
Data8_sample_30_TCACACCGTCATACCA-1,0,paclitaxel
Data8_sample_30_TCACACCTCCCATTTA-1,0,paclitaxel
Data8_sample_30_TCACACCTCCTACGAA-1,0,paclitaxel
Data8_sample_30_TCACATTAGGTACAGC-1,0,paclitaxel
Data8_sample_30_TCACATTCAACGCATT-1,0,paclitaxel
Data8_sample_30_TCACATTGTAAGCAAT-1,0,paclitaxel
Data8_sample_30_TCACATTGTCGCCTAG-1,0,paclitaxel
Data8_sample_30_TCACATTGTTGCGAAG-1,0,paclitaxel
Data8_sample_30_TCACATTTCTTGATTC-1,0,paclitaxel
Data8_sample_30_TCACGCTAGCTGGCTC-1,0,paclitaxel
Data8_sample_30_TCACGCTCACTAGTAC-1,0,paclitaxel
Data8_sample_30_TCACGCTCACTCCGAG-1,0,paclitaxel
Data8_sample_30_TCACGCTGTCGTATTG-1,0,paclitaxel
Data8_sample_30_TCACGCTGTTGTGCAT-1,0,paclitaxel
Data8_sample_30_TCACGGGAGCAGCAGT-1,0,paclitaxel
Data8_sample_30_TCACGGGAGTGAGTGC-1,0,paclitaxel
Data8_sample_30_TCACGGGAGTGCCTCG-1,0,paclitaxel
Data8_sample_30_TCACGGGCAAGTAGTA-1,0,paclitaxel
Data8_sample_30_TCACGGGCATTCACCC-1,0,paclitaxel
Data8_sample_30_TCACGGGGTCCTTTGC-1,0,paclitaxel
Data8_sample_30_TCACGGGTCTGCGTCT-1,0,paclitaxel
Data8_sample_30_TCACTATAGATGGTAT-1,0,paclitaxel
Data8_sample_30_TCACTATAGGCCTAGA-1,0,paclitaxel
Data8_sample_30_TCACTATCATAACTCG-1,0,paclitaxel
Data8_sample_30_TCACTATGTCGCATGC-1,0,paclitaxel
Data8_sample_30_TCACTATTCTACCAGA-1,0,paclitaxel
Data8_sample_30_TCACTATTCTGTACAG-1,0,paclitaxel
Data8_sample_30_TCACTCGAGCAAACAT-1,0,paclitaxel
Data8_sample_30_TCACTCGTCAGGAGAC-1,0,paclitaxel
Data8_sample_30_TCACTCGTCCTCTCTT-1,0,paclitaxel
Data8_sample_30_TCACTCGTCGATCCAA-1,0,paclitaxel
Data8_sample_30_TCAGCAACAACTTCTT-1,0,paclitaxel
Data8_sample_30_TCAGCAACACATGAAA-1,0,paclitaxel
Data8_sample_30_TCAGCAACAGTGGCTC-1,0,paclitaxel
Data8_sample_30_TCAGCAAGTCTTCAAG-1,0,paclitaxel
Data8_sample_30_TCAGCAATCACCCATC-1,0,paclitaxel
Data8_sample_30_TCAGCAATCTGGCCGA-1,0,paclitaxel
Data8_sample_30_TCAGCCTAGCCGGATA-1,0,paclitaxel
Data8_sample_30_TCAGCCTAGCGCCGTT-1,0,paclitaxel
Data8_sample_30_TCAGCCTAGCTGTACT-1,0,paclitaxel
Data8_sample_30_TCAGCCTAGTCAGCCC-1,0,paclitaxel
Data8_sample_30_TCAGCCTAGTGTTCCA-1,0,paclitaxel
Data8_sample_30_TCAGCCTCAGGGTTGA-1,0,paclitaxel
Data8_sample_30_TCAGCCTCAGTCGAGA-1,0,paclitaxel
Data8_sample_30_TCAGCCTCATCCCGTT-1,0,paclitaxel
Data8_sample_30_TCAGGGCAGAAGCCAC-1,0,paclitaxel
Data8_sample_30_TCAGGGCAGCTACAAA-1,0,paclitaxel
Data8_sample_30_TCAGGGCGTAGCTGTT-1,0,paclitaxel
Data8_sample_30_TCAGGGCGTAGTCACT-1,0,paclitaxel
Data8_sample_30_TCAGGGCTCGATAACC-1,0,paclitaxel
Data8_sample_30_TCAGGGCTCTGTCCGT-1,0,paclitaxel
Data8_sample_30_TCAGGTAAGTTCTCTT-1,0,paclitaxel
Data8_sample_30_TCAGGTACACCGGAAA-1,0,paclitaxel
Data8_sample_30_TCAGGTACATCATGAC-1,0,paclitaxel
Data8_sample_30_TCAGGTAGTATGTCTG-1,0,paclitaxel
Data8_sample_30_TCAGTCCAGCAACAAT-1,0,paclitaxel
Data8_sample_30_TCAGTCCAGCAGCCCT-1,0,paclitaxel
Data8_sample_30_TCAGTCCAGCTGTCCG-1,0,paclitaxel
Data8_sample_30_TCAGTCCCAAAGCGTG-1,0,paclitaxel
Data8_sample_30_TCAGTCCCACCGTGCA-1,0,paclitaxel
Data8_sample_30_TCAGTCCCATTGCTGA-1,0,paclitaxel
Data8_sample_30_TCAGTCCGTCACCCTT-1,0,paclitaxel
Data8_sample_30_TCAGTCCGTCCCAAAT-1,0,paclitaxel
Data8_sample_30_TCAGTCCTCATGAGGG-1,0,paclitaxel
Data8_sample_30_TCAGTCCTCGAAGAAT-1,0,paclitaxel
Data8_sample_30_TCAGTGAAGGACAGCT-1,0,paclitaxel
Data8_sample_30_TCAGTGACAGTCAGTT-1,0,paclitaxel
Data8_sample_30_TCAGTGAGTCCTCCAT-1,0,paclitaxel
Data8_sample_30_TCAGTGAGTTCCGCAG-1,0,paclitaxel
Data8_sample_30_TCAGTGATCATATGGC-1,0,paclitaxel
Data8_sample_30_TCAGTGATCTGAGGCC-1,0,paclitaxel
Data8_sample_30_TCAGTTTGTATCGTAC-1,0,paclitaxel
Data8_sample_30_TCAGTTTGTCCAAGAG-1,0,paclitaxel
Data8_sample_30_TCAGTTTGTCGAACGA-1,0,paclitaxel
Data8_sample_30_TCAGTTTGTTGAGTCT-1,0,paclitaxel
Data8_sample_30_TCAGTTTTCCACATAG-1,0,paclitaxel
Data8_sample_30_TCAGTTTTCCGAGCTG-1,0,paclitaxel
Data8_sample_30_TCAGTTTTCGCAATGT-1,0,paclitaxel
Data8_sample_30_TCATACTAGAATCGTA-1,0,paclitaxel
Data8_sample_30_TCATACTCATCCTAAG-1,0,paclitaxel
Data8_sample_30_TCATACTGTCCGGTGT-1,0,paclitaxel
Data8_sample_30_TCATACTTCCTTCGAC-1,0,paclitaxel
Data8_sample_30_TCATACTTCGCATTGA-1,0,paclitaxel
Data8_sample_30_TCATACTTCTCATTGT-1,0,paclitaxel
Data8_sample_30_TCATATCAGAGCATTA-1,0,paclitaxel
Data8_sample_30_TCATATCCAAAGACTA-1,0,paclitaxel
Data8_sample_30_TCATATCCAACACGTT-1,0,paclitaxel
Data8_sample_30_TCATATCCAAGATCCT-1,0,paclitaxel
Data8_sample_30_TCATATCCAATCTCGA-1,0,paclitaxel
Data8_sample_30_TCATATCCACGACAAG-1,0,paclitaxel
Data8_sample_30_TCATATCGTCAAGCCC-1,0,paclitaxel
Data8_sample_30_TCATATCTCAACCGAT-1,0,paclitaxel
Data8_sample_30_TCATATCTCCGTTTCG-1,0,paclitaxel
Data8_sample_30_TCATATCTCTTCGGTC-1,0,paclitaxel
Data8_sample_30_TCATCATAGCATTGAA-1,0,paclitaxel
Data8_sample_30_TCATCATAGGCCCAAA-1,0,paclitaxel
Data8_sample_30_TCATCATAGGGCATGT-1,0,paclitaxel
Data8_sample_30_TCATCATCATCCTATT-1,0,paclitaxel
Data8_sample_30_TCATCATGTGGCACTC-1,0,paclitaxel
Data8_sample_30_TCATCATGTGTATCCA-1,0,paclitaxel
Data8_sample_30_TCATCATGTTGCTCAA-1,0,paclitaxel
Data8_sample_30_TCATCATGTTTAGTCG-1,0,paclitaxel
Data8_sample_30_TCATCCGAGTTGGGAC-1,0,paclitaxel
Data8_sample_30_TCATCCGGTCTCAGAT-1,0,paclitaxel
Data8_sample_30_TCATCCGTCTAGAACC-1,0,paclitaxel
Data8_sample_30_TCATGAGAGGAAAGTG-1,0,paclitaxel
Data8_sample_30_TCATGAGAGGCATTTC-1,0,paclitaxel
Data8_sample_30_TCATGAGCATGTTCAG-1,0,paclitaxel
Data8_sample_30_TCATGCCGTCTGGTTA-1,0,paclitaxel
Data8_sample_30_TCATGCCTCCTACACC-1,0,paclitaxel
Data8_sample_30_TCATGCCTCGAGTGAG-1,0,paclitaxel
Data8_sample_30_TCATGGAAGGGCTAAC-1,0,paclitaxel
Data8_sample_30_TCATGGAGTCTGTAAC-1,0,paclitaxel
Data8_sample_30_TCATGGATCCAACACA-1,0,paclitaxel
Data8_sample_30_TCATGTTAGTCGTTAC-1,0,paclitaxel
Data8_sample_30_TCATTACAGCGTCGAA-1,0,paclitaxel
Data8_sample_30_TCATTACCACAGTGTT-1,0,paclitaxel
Data8_sample_30_TCATTACCAGGAGACT-1,0,paclitaxel
Data8_sample_30_TCATTACCATTGAAAG-1,0,paclitaxel
Data8_sample_30_TCATTACGTAGACAAT-1,0,paclitaxel
Data8_sample_30_TCATTACTCTTGTGCC-1,0,paclitaxel
Data8_sample_30_TCATTCAAGCCGATAG-1,0,paclitaxel
Data8_sample_30_TCATTCAAGTATGACA-1,0,paclitaxel
Data8_sample_30_TCATTCACAAACTAAG-1,0,paclitaxel
Data8_sample_30_TCATTCACACTCACTC-1,0,paclitaxel
Data8_sample_30_TCATTCACAGTGTATC-1,0,paclitaxel
Data8_sample_30_TCATTCACATACACCA-1,0,paclitaxel
Data8_sample_30_TCATTCATCACATCAG-1,0,paclitaxel
Data8_sample_30_TCATTGTAGACAAGCC-1,0,paclitaxel
Data8_sample_30_TCATTGTCAATTTCCT-1,0,paclitaxel
Data8_sample_30_TCATTGTCAGCTTCCT-1,0,paclitaxel
Data8_sample_30_TCATTGTCAGGACAGT-1,0,paclitaxel
Data8_sample_30_TCATTGTGTACGCGTC-1,0,paclitaxel
Data8_sample_30_TCATTGTGTACTCCCT-1,0,paclitaxel
Data8_sample_30_TCATTGTGTATTCCTT-1,0,paclitaxel
Data8_sample_30_TCATTGTTCCCGGTAG-1,0,paclitaxel
Data8_sample_30_TCATTGTTCCGAACGC-1,0,paclitaxel
Data8_sample_30_TCATTGTTCCGTAGTA-1,0,paclitaxel
Data8_sample_30_TCATTTGCATTGACTG-1,0,paclitaxel
Data8_sample_30_TCATTTGGTCCCTCAT-1,0,paclitaxel
Data8_sample_30_TCATTTGTCCGAGTGC-1,0,paclitaxel
Data8_sample_30_TCATTTGTCCTACACC-1,0,paclitaxel
Data8_sample_30_TCCACCAAGCCTTTGA-1,0,paclitaxel
Data8_sample_30_TCCACCACATCGATGT-1,0,paclitaxel
Data8_sample_30_TCCACCAGTAGAGATT-1,0,paclitaxel
Data8_sample_30_TCCACCAGTGCTCTCT-1,0,paclitaxel
Data8_sample_30_TCCACCATCGCTACAA-1,0,paclitaxel
Data8_sample_30_TCCACGTTCGGTCACG-1,0,paclitaxel
Data8_sample_30_TCCACGTTCGTAGTGT-1,0,paclitaxel
Data8_sample_30_TCCACGTTCGTGGACC-1,0,paclitaxel
Data8_sample_30_TCCAGAAAGGGACTGT-1,0,paclitaxel
Data8_sample_30_TCCAGAAAGTAGCAAT-1,0,paclitaxel
Data8_sample_30_TCCAGAAGTGCCTTTC-1,0,paclitaxel
Data8_sample_30_TCCAGAATCTGCTCTG-1,0,paclitaxel
Data8_sample_30_TCCAGAATCTTACGTT-1,0,paclitaxel
Data8_sample_30_TCCATCGAGAGTCAGC-1,0,paclitaxel
Data8_sample_30_TCCATCGAGTAGTGCG-1,0,paclitaxel
Data8_sample_30_TCCATCGCACGACAGA-1,0,paclitaxel
Data8_sample_30_TCCATCGCACTATGTG-1,0,paclitaxel
Data8_sample_30_TCCATCGCATTGGATC-1,0,paclitaxel
Data8_sample_30_TCCATGCAGCCTCTCT-1,0,paclitaxel
Data8_sample_30_TCCATGCCATACTGAC-1,0,paclitaxel
Data8_sample_30_TCCATGCGTCACTCGG-1,0,paclitaxel
Data8_sample_30_TCCATGCGTGCCTAAT-1,0,paclitaxel
Data8_sample_30_TCCATGCGTGTGTGGA-1,0,paclitaxel
Data8_sample_30_TCCATGCGTGTTAACC-1,0,paclitaxel
Data8_sample_30_TCCATGCTCAGGAACG-1,0,paclitaxel
Data8_sample_30_TCCATGCTCCGGCTTT-1,0,paclitaxel
Data8_sample_30_TCCCACAAGCCTCACG-1,0,paclitaxel
Data8_sample_30_TCCCACAAGTCCCGGT-1,0,paclitaxel
Data8_sample_30_TCCCACACAGGCATTT-1,0,paclitaxel
Data8_sample_30_TCCCACACATTGAAAG-1,0,paclitaxel
Data8_sample_30_TCCCACAGTATGCAAA-1,0,paclitaxel
Data8_sample_30_TCCCAGTAGAAAGCGA-1,0,paclitaxel
Data8_sample_30_TCCCAGTAGCCTGAAG-1,0,paclitaxel
Data8_sample_30_TCCCAGTAGTTTAGGA-1,0,paclitaxel
Data8_sample_30_TCCCAGTCAAGGACAC-1,0,paclitaxel
Data8_sample_30_TCCCAGTCACGACGAA-1,0,paclitaxel
Data8_sample_30_TCCCAGTCATTACTCT-1,0,paclitaxel
Data8_sample_30_TCCCAGTGTAACCCGC-1,0,paclitaxel
Data8_sample_30_TCCCAGTGTATCGTGT-1,0,paclitaxel
Data8_sample_30_TCCCAGTGTCTACAAC-1,0,paclitaxel
Data8_sample_30_TCCCAGTTCGAGTGGA-1,0,paclitaxel
Data8_sample_30_TCCCAGTTCGCTAAAC-1,0,paclitaxel
Data8_sample_30_TCCCATGAGTGGTGGT-1,0,paclitaxel
Data8_sample_30_TCCCATGCAAGTGACG-1,0,paclitaxel
Data8_sample_30_TCCCATGCACAACCGC-1,0,paclitaxel
Data8_sample_30_TCCCATGGTATACCTG-1,0,paclitaxel
Data8_sample_30_TCCCATGGTGGTGATG-1,0,paclitaxel
Data8_sample_30_TCCCATGGTTGCATCA-1,0,paclitaxel
Data8_sample_30_TCCCATGTCCGAGAAG-1,0,paclitaxel
Data8_sample_30_TCCCATGTCTGATGGT-1,0,paclitaxel
Data8_sample_30_TCCGAAAAGTCGTCTA-1,0,paclitaxel
Data8_sample_30_TCCGAAAAGTCTAGCT-1,0,paclitaxel
Data8_sample_30_TCCGAAACAATGTCTG-1,0,paclitaxel
Data8_sample_30_TCCGAAACACGACCTG-1,0,paclitaxel
Data8_sample_30_TCCGAAACATGACAGG-1,0,paclitaxel
Data8_sample_30_TCCGAAATCCGACATA-1,0,paclitaxel
Data8_sample_30_TCCGATCAGGTATTGA-1,0,paclitaxel
Data8_sample_30_TCCGATCAGTCACTAC-1,0,paclitaxel
Data8_sample_30_TCCGATCCACGCGGTT-1,0,paclitaxel
Data8_sample_30_TCCGATCCAGACCCGT-1,0,paclitaxel
Data8_sample_30_TCCGATCGTCCCTCAT-1,0,paclitaxel
Data8_sample_30_TCCGATCTCGCGTGAC-1,0,paclitaxel
Data8_sample_30_TCCGGGAAGCACTCTA-1,0,paclitaxel
Data8_sample_30_TCCGGGAAGCACTTTG-1,0,paclitaxel
Data8_sample_30_TCCGGGAAGCGGTATG-1,0,paclitaxel
Data8_sample_30_TCCGGGAAGGATAATC-1,0,paclitaxel
Data8_sample_30_TCCGGGAAGTCTACCA-1,0,paclitaxel
Data8_sample_30_TCCGGGAGTAATCAGA-1,0,paclitaxel
Data8_sample_30_TCCGGGAGTCGAAACG-1,0,paclitaxel
Data8_sample_30_TCCGGGATCGGCTGTG-1,0,paclitaxel
Data8_sample_30_TCCGTGTTCCTCTCGA-1,0,paclitaxel
Data8_sample_30_TCCGTGTTCCTGGGTG-1,0,paclitaxel
Data8_sample_30_TCCTAATAGCTCAGAG-1,0,paclitaxel
Data8_sample_30_TCCTCCCCAAACTAGA-1,0,paclitaxel
Data8_sample_30_TCCTCCCCAAGAATGT-1,0,paclitaxel
Data8_sample_30_TCCTCCCCAGCGTAGA-1,0,paclitaxel
Data8_sample_30_TCCTCCCTCGTAGGAG-1,0,paclitaxel
Data8_sample_30_TCCTCCCTCTTTGATC-1,0,paclitaxel
Data8_sample_30_TCCTCGAAGGATATAC-1,0,paclitaxel
Data8_sample_30_TCCTCGAAGTCTAACC-1,0,paclitaxel
Data8_sample_30_TCCTCGACAAATGGTA-1,0,paclitaxel
Data8_sample_30_TCCTCGAGTTACTCAG-1,0,paclitaxel
Data8_sample_30_TCCTCTTCACGGTAGA-1,0,paclitaxel
Data8_sample_30_TCCTCTTCAGTATGAA-1,0,paclitaxel
Data8_sample_30_TCCTCTTGTATGTGTC-1,0,paclitaxel
Data8_sample_30_TCCTCTTGTCATCAGT-1,0,paclitaxel
Data8_sample_30_TCCTCTTGTCGTCAGC-1,0,paclitaxel
Data8_sample_30_TCCTCTTGTGTAGTGG-1,0,paclitaxel
Data8_sample_30_TCCTCTTGTGTATTGC-1,0,paclitaxel
Data8_sample_30_TCCTCTTGTTATAGCC-1,0,paclitaxel
Data8_sample_30_TCCTGCAAGAAGTGTT-1,0,paclitaxel
Data8_sample_30_TCCTGCAAGGGCCAAT-1,0,paclitaxel
Data8_sample_30_TCCTGCACAAAGGCTG-1,0,paclitaxel
Data8_sample_30_TCCTGCACAAGCTGTT-1,0,paclitaxel
Data8_sample_30_TCCTGCAGTACGCTAT-1,0,paclitaxel
Data8_sample_30_TCCTGCAGTTAAGCAA-1,0,paclitaxel
Data8_sample_30_TCCTGCATCGCAGTGC-1,0,paclitaxel
Data8_sample_30_TCCTTCTAGAGACAAG-1,0,paclitaxel
Data8_sample_30_TCCTTCTCAAACTAGA-1,0,paclitaxel
Data8_sample_30_TCCTTCTGTATGCTTG-1,0,paclitaxel
Data8_sample_30_TCCTTCTTCAATCCGA-1,0,paclitaxel
Data8_sample_30_TCCTTCTTCCTCAGAA-1,0,paclitaxel
Data8_sample_30_TCCTTTCAGACGTCCC-1,0,paclitaxel
Data8_sample_30_TCCTTTCAGAGGATCC-1,0,paclitaxel
Data8_sample_30_TCCTTTCAGTATGACA-1,0,paclitaxel
Data8_sample_30_TCCTTTCCAATTCTTC-1,0,paclitaxel
Data8_sample_30_TCCTTTCGTACCAATC-1,0,paclitaxel
Data8_sample_30_TCCTTTCGTACCCAGC-1,0,paclitaxel
Data8_sample_30_TCCTTTCGTGGCTCTG-1,0,paclitaxel
Data8_sample_30_TCCTTTCGTGTATTCG-1,0,paclitaxel
Data8_sample_30_TCCTTTCTCATGAGTC-1,0,paclitaxel
Data8_sample_30_TCGAACAAGCTGTACT-1,0,paclitaxel
Data8_sample_30_TCGAACAGTACTCGAT-1,0,paclitaxel
Data8_sample_30_TCGAACAGTATCATGC-1,0,paclitaxel
Data8_sample_30_TCGAAGTAGGGCAAGG-1,0,paclitaxel
Data8_sample_30_TCGAAGTCAATACCTG-1,0,paclitaxel
Data8_sample_30_TCGAAGTCATCACAGT-1,0,paclitaxel
Data8_sample_30_TCGAAGTTCTCCCAAC-1,0,paclitaxel
Data8_sample_30_TCGAAGTTCTTAGCTT-1,0,paclitaxel
Data8_sample_30_TCGAAGTTCTTCACGC-1,0,paclitaxel
Data8_sample_30_TCGACCTAGGACTGGT-1,0,paclitaxel
Data8_sample_30_TCGACCTCAGTGTGCC-1,0,paclitaxel
Data8_sample_30_TCGACCTGTCATACCA-1,0,paclitaxel
Data8_sample_30_TCGACCTGTGACCTGC-1,0,paclitaxel
Data8_sample_30_TCGACCTTCGCGTCGA-1,0,paclitaxel
Data8_sample_30_TCGACGGAGATTGACA-1,0,paclitaxel
Data8_sample_30_TCGACGGCAGCTGTGC-1,0,paclitaxel
Data8_sample_30_TCGACGGCATCCTTGC-1,0,paclitaxel
Data8_sample_30_TCGACGGCATCTTAGG-1,0,paclitaxel
Data8_sample_30_TCGACGGTCAACTCTT-1,0,paclitaxel
Data8_sample_30_TCGACGGTCAGGGTAG-1,0,paclitaxel
Data8_sample_30_TCGACGGTCTCACTCG-1,0,paclitaxel
Data8_sample_30_TCGATTTAGACCATTC-1,0,paclitaxel
Data8_sample_30_TCGATTTAGGTCTTTG-1,0,paclitaxel
Data8_sample_30_TCGATTTGTACTGCGC-1,0,paclitaxel
Data8_sample_30_TCGATTTGTGCGTGCT-1,0,paclitaxel
Data8_sample_30_TCGATTTTCAAAGCCT-1,0,paclitaxel
Data8_sample_30_TCGCACTAGGATACGC-1,0,paclitaxel
Data8_sample_30_TCGCACTAGGATATGT-1,0,paclitaxel
Data8_sample_30_TCGCACTAGTCTCCTC-1,0,paclitaxel
Data8_sample_30_TCGCACTCAAGTACCT-1,0,paclitaxel
Data8_sample_30_TCGCACTGTACAGTCT-1,0,paclitaxel
Data8_sample_30_TCGCACTTCAAGTAAG-1,0,paclitaxel
Data8_sample_30_TCGCACTTCAGAGCGA-1,0,paclitaxel
Data8_sample_30_TCGCAGGAGAATTGCA-1,0,paclitaxel
Data8_sample_30_TCGCAGGGTGAGTAGC-1,0,paclitaxel
Data8_sample_30_TCGCTCAAGAGGCTGT-1,0,paclitaxel
Data8_sample_30_TCGCTCAAGGATAATC-1,0,paclitaxel
Data8_sample_30_TCGCTCACAATCCTTT-1,0,paclitaxel
Data8_sample_30_TCGCTCACATCCGATA-1,0,paclitaxel
Data8_sample_30_TCGCTCATCAGGACGA-1,0,paclitaxel
Data8_sample_30_TCGCTCATCGGATACT-1,0,paclitaxel
Data8_sample_30_TCGCTTGAGCCTATCA-1,0,paclitaxel
Data8_sample_30_TCGCTTGAGGTTACCT-1,0,paclitaxel
Data8_sample_30_TCGCTTGCACGTAGAG-1,0,paclitaxel
Data8_sample_30_TCGCTTGCAGAGGGTT-1,0,paclitaxel
Data8_sample_30_TCGCTTGGTCTGTCCT-1,0,paclitaxel
Data8_sample_30_TCGCTTGTCCTTCAGC-1,0,paclitaxel
Data8_sample_30_TCGGATAAGGATGGCT-1,0,paclitaxel
Data8_sample_30_TCGGATACATGTACGT-1,0,paclitaxel
Data8_sample_30_TCGGATAGTTCTCGTC-1,0,paclitaxel
Data8_sample_30_TCGGATATCTCGAACA-1,0,paclitaxel
Data8_sample_30_TCGGGACAGGATTTAG-1,0,paclitaxel
Data8_sample_30_TCGGGACAGGCTGAAC-1,0,paclitaxel
Data8_sample_30_TCGGGACAGTCTCGTA-1,0,paclitaxel
Data8_sample_30_TCGGGACTCTCTCAAT-1,0,paclitaxel
Data8_sample_30_TCGGGCACACCAGGTC-1,0,paclitaxel
Data8_sample_30_TCGGGCACACTATCCC-1,0,paclitaxel
Data8_sample_30_TCGGGCAGTGACTGTT-1,0,paclitaxel
Data8_sample_30_TCGGGCATCATGTCAG-1,0,paclitaxel
Data8_sample_30_TCGGGTGAGATACCAA-1,0,paclitaxel
Data8_sample_30_TCGGGTGAGCCTATCA-1,0,paclitaxel
Data8_sample_30_TCGGGTGAGCGAGAAA-1,0,paclitaxel
Data8_sample_30_TCGGGTGAGGCGTTGA-1,0,paclitaxel
Data8_sample_30_TCGGGTGCACACGGTC-1,0,paclitaxel
Data8_sample_30_TCGGGTGCATGAAAGT-1,0,paclitaxel
Data8_sample_30_TCGGGTGTCAACCCGG-1,0,paclitaxel
Data8_sample_30_TCGGGTGTCTTCCAGC-1,0,paclitaxel
Data8_sample_30_TCGGTCTAGAATAGTC-1,0,paclitaxel
Data8_sample_30_TCGGTCTCACACGTGC-1,0,paclitaxel
Data8_sample_30_TCGGTCTCACGAGGTA-1,0,paclitaxel
Data8_sample_30_TCGGTCTGTACAGAAT-1,0,paclitaxel
Data8_sample_30_TCGTAGAAGCCTCACG-1,0,paclitaxel
Data8_sample_30_TCGTAGAAGTCTGCAT-1,0,paclitaxel
Data8_sample_30_TCGTAGACAACTACGT-1,0,paclitaxel
Data8_sample_30_TCGTAGACACAACGTT-1,0,paclitaxel
Data8_sample_30_TCGTAGAGTCGTATGT-1,0,paclitaxel
Data8_sample_30_TCGTAGATCCCGAAAT-1,0,paclitaxel
Data8_sample_30_TCGTCCAAGAATCGAT-1,0,paclitaxel
Data8_sample_30_TCGTCCAGTCAGTTTG-1,0,paclitaxel
Data8_sample_30_TCGTCCAGTTCACGAT-1,0,paclitaxel
Data8_sample_30_TCGTCCATCGGCACTG-1,0,paclitaxel
Data8_sample_30_TCGTGCTCAATTGCGT-1,0,paclitaxel
Data8_sample_30_TCGTGCTGTGTGTGGA-1,0,paclitaxel
Data8_sample_30_TCGTGCTTCACGGGAA-1,0,paclitaxel
Data8_sample_30_TCGTGCTTCGTGGCGT-1,0,paclitaxel
Data8_sample_30_TCGTGGGTCCGCACTT-1,0,paclitaxel
Data8_sample_30_TCGTGGGTCTGAGGCC-1,0,paclitaxel
Data8_sample_30_TCTAACTAGCCGATCC-1,0,paclitaxel
Data8_sample_30_TCTAACTAGGTATTGA-1,0,paclitaxel
Data8_sample_30_TCTAACTCAGCAAGAC-1,0,paclitaxel
Data8_sample_30_TCTAACTGTACCCGAC-1,0,paclitaxel
Data8_sample_30_TCTAACTGTCATCCCT-1,0,paclitaxel
Data8_sample_30_TCTAACTGTGATGGCA-1,0,paclitaxel
Data8_sample_30_TCTAACTGTGTTCGAT-1,0,paclitaxel
Data8_sample_30_TCTAACTTCAGCACCG-1,0,paclitaxel
Data8_sample_30_TCTAACTTCTGGGCCA-1,0,paclitaxel
Data8_sample_30_TCTAACTTCTTTGATC-1,0,paclitaxel
Data8_sample_30_TCTACATAGCATCAGG-1,0,paclitaxel
Data8_sample_30_TCTACATTCGATTTCT-1,0,paclitaxel
Data8_sample_30_TCTACATTCGTAGTGT-1,0,paclitaxel
Data8_sample_30_TCTACCGAGCCTCAGC-1,0,paclitaxel
Data8_sample_30_TCTACCGCAATTCTTC-1,0,paclitaxel
Data8_sample_30_TCTACCGCATGACGGA-1,0,paclitaxel
Data8_sample_30_TCTACCGGTGAAAGTT-1,0,paclitaxel
Data8_sample_30_TCTACCGTCACTTATC-1,0,paclitaxel
Data8_sample_30_TCTACCGTCATGCATG-1,0,paclitaxel
Data8_sample_30_TCTACCGTCATTTGTC-1,0,paclitaxel
Data8_sample_30_TCTATACAGAGGATGA-1,0,paclitaxel
Data8_sample_30_TCTATACAGTAGGATT-1,0,paclitaxel
Data8_sample_30_TCTATACCAAGGACAC-1,0,paclitaxel
Data8_sample_30_TCTATACGTCACATTG-1,0,paclitaxel
Data8_sample_30_TCTATACGTCGCTTAA-1,0,paclitaxel
Data8_sample_30_TCTATACGTGTTCCAA-1,0,paclitaxel
Data8_sample_30_TCTATACTCCGGCAGT-1,0,paclitaxel
Data8_sample_30_TCTATCAAGCTAGTTC-1,0,paclitaxel
Data8_sample_30_TCTATCAAGTCTGCGC-1,0,paclitaxel
Data8_sample_30_TCTATCACAACGAGGT-1,0,paclitaxel
Data8_sample_30_TCTATCACAACGATCT-1,0,paclitaxel
Data8_sample_30_TCTATCACACCTGCTT-1,0,paclitaxel
Data8_sample_30_TCTATCACAGTCAGAG-1,0,paclitaxel
Data8_sample_30_TCTATCAGTCAGCGTC-1,0,paclitaxel
Data8_sample_30_TCTATCAGTCTTGCTC-1,0,paclitaxel
Data8_sample_30_TCTATCATCGCAATGT-1,0,paclitaxel
Data8_sample_30_TCTCACGAGGGTGAAA-1,0,paclitaxel
Data8_sample_30_TCTCACGCAACAAAGT-1,0,paclitaxel
Data8_sample_30_TCTCACGCAGCGTACC-1,0,paclitaxel
Data8_sample_30_TCTCACGGTATGGAAT-1,0,paclitaxel
Data8_sample_30_TCTCACGGTATGTCCA-1,0,paclitaxel
Data8_sample_30_TCTCACGGTATTGGCT-1,0,paclitaxel
Data8_sample_30_TCTCAGCAGTATGACA-1,0,paclitaxel
Data8_sample_30_TCTCAGCTCAGAACCT-1,0,paclitaxel
Data8_sample_30_TCTCAGCTCGAAGTGG-1,0,paclitaxel
Data8_sample_30_TCTCAGCTCGTCCATC-1,0,paclitaxel
Data8_sample_30_TCTCAGCTCTTAGCAG-1,0,paclitaxel
Data8_sample_30_TCTCCGAAGCCATATC-1,0,paclitaxel
Data8_sample_30_TCTCCGACATAGGTAA-1,0,paclitaxel
Data8_sample_30_TCTCCGAGTCAGGAGT-1,0,paclitaxel
Data8_sample_30_TCTCCGATCACTACGA-1,0,paclitaxel
Data8_sample_30_TCTCCGATCCTAAACG-1,0,paclitaxel
Data8_sample_30_TCTCCGATCTCCCTAG-1,0,paclitaxel
Data8_sample_30_TCTCTGGAGTAATCCC-1,0,paclitaxel
Data8_sample_30_TCTCTGGAGTTTCTTC-1,0,paclitaxel
Data8_sample_30_TCTCTGGCAACGAGGT-1,0,paclitaxel
Data8_sample_30_TCTCTGGTCGACATCA-1,0,paclitaxel
Data8_sample_30_TCTCTGGTCGGCTCTT-1,0,paclitaxel
Data8_sample_30_TCTCTGGTCTTGGAAC-1,0,paclitaxel
Data8_sample_30_TCTGCCAAGCTAAACA-1,0,paclitaxel
Data8_sample_30_TCTGCCAAGGAGTATT-1,0,paclitaxel
Data8_sample_30_TCTGCCAAGGATTCCT-1,0,paclitaxel
Data8_sample_30_TCTGCCAAGTGCCAGA-1,0,paclitaxel
Data8_sample_30_TCTGCCACAGCGACAA-1,0,paclitaxel
Data8_sample_30_TCTGCCACATGCAGCC-1,0,paclitaxel
Data8_sample_30_TCTGCCAGTCTGTGTA-1,0,paclitaxel
Data8_sample_30_TCTGCCATCATTTGCT-1,0,paclitaxel
Data8_sample_30_TCTGCCATCTCAGGCG-1,0,paclitaxel
Data8_sample_30_TCTGGCTAGAGCATCG-1,0,paclitaxel
Data8_sample_30_TCTGGCTAGCTGAAGC-1,0,paclitaxel
Data8_sample_30_TCTGGCTAGGCACTAG-1,0,paclitaxel
Data8_sample_30_TCTGGCTAGGTCGAGT-1,0,paclitaxel
Data8_sample_30_TCTGGCTAGTAGGGTC-1,0,paclitaxel
Data8_sample_30_TCTGGCTCAAGCGAGT-1,0,paclitaxel
Data8_sample_30_TCTGGCTCAGCTCCTT-1,0,paclitaxel
Data8_sample_30_TCTGGCTGTGATTGGG-1,0,paclitaxel
Data8_sample_30_TCTGGCTGTTCTCACC-1,0,paclitaxel
Data8_sample_30_TCTGGCTGTTTAAGGA-1,0,paclitaxel
Data8_sample_30_TCTGGCTTCGTTAGAC-1,0,paclitaxel
Data8_sample_30_TCTGTCGGTTCAATCG-1,0,paclitaxel
Data8_sample_30_TCTGTCGTCCGTGTAA-1,0,paclitaxel
Data8_sample_30_TCTGTCGTCGACATTG-1,0,paclitaxel
Data8_sample_30_TCTGTCGTCTAAGCGT-1,0,paclitaxel
Data8_sample_30_TCTGTCGTCTACACAG-1,0,paclitaxel
Data8_sample_30_TCTTAGTAGCTTTCTT-1,0,paclitaxel
Data8_sample_30_TCTTAGTAGGCACTAG-1,0,paclitaxel
Data8_sample_30_TCTTAGTAGTCACGCC-1,0,paclitaxel
Data8_sample_30_TCTTAGTGTCAGTCTA-1,0,paclitaxel
Data8_sample_30_TCTTAGTGTCCGGTCA-1,0,paclitaxel
Data8_sample_30_TCTTAGTTCAAGTGTC-1,0,paclitaxel
Data8_sample_30_TCTTCCTAGCGATTCT-1,0,paclitaxel
Data8_sample_30_TCTTCCTCACTTCATT-1,0,paclitaxel
Data8_sample_30_TCTTCCTCAGCTATTG-1,0,paclitaxel
Data8_sample_30_TCTTCCTGTCGCCTAG-1,0,paclitaxel
Data8_sample_30_TCTTCCTGTGGTTCTA-1,0,paclitaxel
Data8_sample_30_TCTTCCTGTTCTTCAT-1,0,paclitaxel
Data8_sample_30_TCTTCCTTCGCCAGAC-1,0,paclitaxel
Data8_sample_30_TCTTCCTTCGGACGTC-1,0,paclitaxel
Data8_sample_30_TCTTGCGCAAGCGATG-1,0,paclitaxel
Data8_sample_30_TCTTGCGCAGTAGAAT-1,0,paclitaxel
Data8_sample_30_TCTTGCGTCTTCTGGC-1,0,paclitaxel
Data8_sample_30_TCTTTGAAGCAGGTCA-1,0,paclitaxel
Data8_sample_30_TCTTTGAAGCCGAACA-1,0,paclitaxel
Data8_sample_30_TCTTTGACACCATAAC-1,0,paclitaxel
Data8_sample_30_TCTTTGACACGAGGAT-1,0,paclitaxel
Data8_sample_30_TCTTTGAGTGGCTCTG-1,0,paclitaxel
Data8_sample_30_TCTTTGAGTTACGTAC-1,0,paclitaxel
Data8_sample_30_TGAACGTAGAGCATTA-1,0,paclitaxel
Data8_sample_30_TGAACGTAGTATCCTG-1,0,paclitaxel
Data8_sample_30_TGAACGTCATACCACA-1,0,paclitaxel
Data8_sample_30_TGAACGTCATATCGGT-1,0,paclitaxel
Data8_sample_30_TGAACGTGTTGGGACA-1,0,paclitaxel
Data8_sample_30_TGAACGTTCCGATAGT-1,0,paclitaxel
Data8_sample_30_TGAACGTTCTTCGGTC-1,0,paclitaxel
Data8_sample_30_TGAATCGAGCATGTTC-1,0,paclitaxel
Data8_sample_30_TGAATCGGTACTGCCG-1,0,paclitaxel
Data8_sample_30_TGAATCGTCGCAGTTA-1,0,paclitaxel
Data8_sample_30_TGAATGCAGACCATTC-1,0,paclitaxel
Data8_sample_30_TGAATGCAGTCGTCTA-1,0,paclitaxel
Data8_sample_30_TGAATGCAGTGTTGTC-1,0,paclitaxel
Data8_sample_30_TGAATGCCAACATCGT-1,0,paclitaxel
Data8_sample_30_TGAATGCTCGACCACG-1,0,paclitaxel
Data8_sample_30_TGAATGCTCGCTAGCG-1,0,paclitaxel
Data8_sample_30_TGACAGTAGAGAGGGC-1,0,paclitaxel
Data8_sample_30_TGACAGTCAGACCATT-1,0,paclitaxel
Data8_sample_30_TGACAGTCATAGCTGT-1,0,paclitaxel
Data8_sample_30_TGACAGTGTAGGAGTC-1,0,paclitaxel
Data8_sample_30_TGACAGTGTCTGTTAG-1,0,paclitaxel
Data8_sample_30_TGACAGTGTTACCTTT-1,0,paclitaxel
Data8_sample_30_TGACCCTCATAGATGA-1,0,paclitaxel
Data8_sample_30_TGACCCTGTATCGTTG-1,0,paclitaxel
Data8_sample_30_TGACCCTTCCAACTGA-1,0,paclitaxel
Data8_sample_30_TGACCCTTCGACTCCT-1,0,paclitaxel
Data8_sample_30_TGACGCGCAGGCGAAT-1,0,paclitaxel
Data8_sample_30_TGACGCGGTTAGCGGA-1,0,paclitaxel
Data8_sample_30_TGACGCGGTTCTCCTG-1,0,paclitaxel
Data8_sample_30_TGACGCGTCTGTAAGC-1,0,paclitaxel
Data8_sample_30_TGACTCCAGTAGCTCT-1,0,paclitaxel
Data8_sample_30_TGACTCCCACCCAACG-1,0,paclitaxel
Data8_sample_30_TGACTCCGTCATCGGC-1,0,paclitaxel
Data8_sample_30_TGACTCCGTGAGACGT-1,0,paclitaxel
Data8_sample_30_TGACTCCGTGGCCCAT-1,0,paclitaxel
Data8_sample_30_TGACTCCGTTGACTAC-1,0,paclitaxel
Data8_sample_30_TGACTCCTCAGCTTGA-1,0,paclitaxel
Data8_sample_30_TGACTCCTCGACCATA-1,0,paclitaxel
Data8_sample_30_TGACTCCTCTATTCGT-1,0,paclitaxel
Data8_sample_30_TGAGACTAGCCACAAG-1,0,paclitaxel
Data8_sample_30_TGAGACTAGCCTGGAA-1,0,paclitaxel
Data8_sample_30_TGAGACTAGGCGATAC-1,0,paclitaxel
Data8_sample_30_TGAGACTAGTACCGGA-1,0,paclitaxel
Data8_sample_30_TGAGACTCAGACAATA-1,0,paclitaxel
Data8_sample_30_TGAGACTGTGAAGCGT-1,0,paclitaxel
Data8_sample_30_TGAGACTGTTGGGACA-1,0,paclitaxel
Data8_sample_30_TGAGACTTCAAGAGTA-1,0,paclitaxel
Data8_sample_30_TGAGACTTCACTCTTA-1,0,paclitaxel
Data8_sample_30_TGAGACTTCCTAGAGT-1,0,paclitaxel
Data8_sample_30_TGAGACTTCTCTCGCA-1,0,paclitaxel
Data8_sample_30_TGAGCATAGCCTTTCC-1,0,paclitaxel
Data8_sample_30_TGAGCATAGGACGCAT-1,0,paclitaxel
Data8_sample_30_TGAGCATCAAATCGGG-1,0,paclitaxel
Data8_sample_30_TGAGCATGTATAGGGC-1,0,paclitaxel
Data8_sample_30_TGAGCATGTGGCCACT-1,0,paclitaxel
Data8_sample_30_TGAGCATTCAACTTTC-1,0,paclitaxel
Data8_sample_30_TGAGCATTCTGCCCTA-1,0,paclitaxel
Data8_sample_30_TGAGCGCAGTGAATAC-1,0,paclitaxel
Data8_sample_30_TGAGCGCCAAAGGGTC-1,0,paclitaxel
Data8_sample_30_TGAGCGCCAATGAAAC-1,0,paclitaxel
Data8_sample_30_TGAGCGCCAGGGATAC-1,0,paclitaxel
Data8_sample_30_TGAGGAGAGGTCGCCT-1,0,paclitaxel
Data8_sample_30_TGAGGAGAGTTTGCTG-1,0,paclitaxel
Data8_sample_30_TGAGGAGGTACTAGCT-1,0,paclitaxel
Data8_sample_30_TGAGGAGTCACCTTAT-1,0,paclitaxel
Data8_sample_30_TGAGGAGTCCGCGGAT-1,0,paclitaxel
Data8_sample_30_TGAGGGAAGTAGGTTA-1,0,paclitaxel
Data8_sample_30_TGAGGGACACAACGAG-1,0,paclitaxel
Data8_sample_30_TGAGGGACACTGAATC-1,0,paclitaxel
Data8_sample_30_TGAGGGAGTACAGAGC-1,0,paclitaxel
Data8_sample_30_TGAGGGAGTGTCCACG-1,0,paclitaxel
Data8_sample_30_TGAGGGATCGACGACC-1,0,paclitaxel
Data8_sample_30_TGAGGTTAGGAGCAAA-1,0,paclitaxel
Data8_sample_30_TGAGGTTGTGCTAGCC-1,0,paclitaxel
Data8_sample_30_TGAGGTTGTTATAGCC-1,0,paclitaxel
Data8_sample_30_TGAGTCAAGGGCAACT-1,0,paclitaxel
Data8_sample_30_TGAGTCACATATCTCT-1,0,paclitaxel
Data8_sample_30_TGAGTCAGTCGCATTA-1,0,paclitaxel
Data8_sample_30_TGAGTCAGTCTGCATA-1,0,paclitaxel
Data8_sample_30_TGAGTCAGTGGTTTGT-1,0,paclitaxel
Data8_sample_30_TGAGTCAGTTAAGCAA-1,0,paclitaxel
Data8_sample_30_TGAGTCATCGGCTGTG-1,0,paclitaxel
Data8_sample_30_TGAGTCATCGTAGCTA-1,0,paclitaxel
Data8_sample_30_TGATCAGAGAGGCTGT-1,0,paclitaxel
Data8_sample_30_TGATCAGCAAATCCCA-1,0,paclitaxel
Data8_sample_30_TGATCAGCAGCTAACT-1,0,paclitaxel
Data8_sample_30_TGATCTTAGCAGCCCT-1,0,paclitaxel
Data8_sample_30_TGATCTTCAATCCAGT-1,0,paclitaxel
Data8_sample_30_TGATCTTCACTCAGAT-1,0,paclitaxel
Data8_sample_30_TGATCTTCAGCTGTCG-1,0,paclitaxel
Data8_sample_30_TGATCTTGTAGGAGGG-1,0,paclitaxel
Data8_sample_30_TGATCTTTCAAGGCTT-1,0,paclitaxel
Data8_sample_30_TGATCTTTCAAGTCGT-1,0,paclitaxel
Data8_sample_30_TGATCTTTCCAAACCA-1,0,paclitaxel
Data8_sample_30_TGATGCAAGAGGGTGG-1,0,paclitaxel
Data8_sample_30_TGATGCAAGAGTCTTC-1,0,paclitaxel
Data8_sample_30_TGATGCAAGTGAGTGC-1,0,paclitaxel
Data8_sample_30_TGATGCACAAGTCCCG-1,0,paclitaxel
Data8_sample_30_TGATGCAGTCGCGTTG-1,0,paclitaxel
Data8_sample_30_TGATGCATCACACGAT-1,0,paclitaxel
Data8_sample_30_TGATGCATCATGTCAG-1,0,paclitaxel
Data8_sample_30_TGATGCATCTCATTAC-1,0,paclitaxel
Data8_sample_30_TGATGGTCAAAGGATT-1,0,paclitaxel
Data8_sample_30_TGATGGTCACAATGAA-1,0,paclitaxel
Data8_sample_30_TGATGGTTCACTACTT-1,0,paclitaxel
Data8_sample_30_TGATTCTAGCACCGTC-1,0,paclitaxel
Data8_sample_30_TGATTCTAGCCGTTGC-1,0,paclitaxel
Data8_sample_30_TGATTCTAGTTGCGCC-1,0,paclitaxel
Data8_sample_30_TGATTCTGTAAGAACT-1,0,paclitaxel
Data8_sample_30_TGATTCTGTACAGTTC-1,0,paclitaxel
Data8_sample_30_TGATTTCCACTTCAAG-1,0,paclitaxel
Data8_sample_30_TGATTTCCAGAAATTG-1,0,paclitaxel
Data8_sample_30_TGATTTCGTAGTCGGA-1,0,paclitaxel
Data8_sample_30_TGATTTCTCCGTGTGG-1,0,paclitaxel
Data8_sample_30_TGCACGGAGGCAGTCA-1,0,paclitaxel
Data8_sample_30_TGCACGGAGTCATGGG-1,0,paclitaxel
Data8_sample_30_TGCACGGCAATAACCC-1,0,paclitaxel
Data8_sample_30_TGCACGGCATGGCTAT-1,0,paclitaxel
Data8_sample_30_TGCAGATAGCAAATCA-1,0,paclitaxel
Data8_sample_30_TGCAGATAGCGGTAAC-1,0,paclitaxel
Data8_sample_30_TGCAGATGTGTCCAAT-1,0,paclitaxel
Data8_sample_30_TGCAGATTCCCTATTA-1,0,paclitaxel
Data8_sample_30_TGCAGGCCACAAGCAG-1,0,paclitaxel
Data8_sample_30_TGCAGGCGTGGTCCGT-1,0,paclitaxel
Data8_sample_30_TGCAGGCTCACACGAT-1,0,paclitaxel
Data8_sample_30_TGCAGTAAGATGTTCC-1,0,paclitaxel
Data8_sample_30_TGCAGTAAGCTACTGT-1,0,paclitaxel
Data8_sample_30_TGCAGTACAAACTCGT-1,0,paclitaxel
Data8_sample_30_TGCAGTACAAATCAGA-1,0,paclitaxel
Data8_sample_30_TGCAGTACAGGATGAC-1,0,paclitaxel
Data8_sample_30_TGCAGTACAGTTCTAG-1,0,paclitaxel
Data8_sample_30_TGCAGTATCTAAACGC-1,0,paclitaxel
Data8_sample_30_TGCATCCCATGGCACC-1,0,paclitaxel
Data8_sample_30_TGCATCCCATGTTCAG-1,0,paclitaxel
Data8_sample_30_TGCATCCTCGTCTAAG-1,0,paclitaxel
Data8_sample_30_TGCATCCTCGTGACTA-1,0,paclitaxel
Data8_sample_30_TGCATGAAGAAGGTAG-1,0,paclitaxel
Data8_sample_30_TGCATGAAGAGCAAGA-1,0,paclitaxel
Data8_sample_30_TGCATGAAGCCGATTT-1,0,paclitaxel
Data8_sample_30_TGCATGAAGGTAAGGA-1,0,paclitaxel
Data8_sample_30_TGCATGAGTACCTATG-1,0,paclitaxel
Data8_sample_30_TGCATGAGTCGCATCG-1,0,paclitaxel
Data8_sample_30_TGCATGAGTGTTCATG-1,0,paclitaxel
Data8_sample_30_TGCATGAGTTCGATTG-1,0,paclitaxel
Data8_sample_30_TGCCGAGAGCTCGGCT-1,0,paclitaxel
Data8_sample_30_TGCCGAGCACTCAGAT-1,0,paclitaxel
Data8_sample_30_TGCCGAGGTAAGCAAT-1,0,paclitaxel
Data8_sample_30_TGCCGAGTCCTTTGAT-1,0,paclitaxel
Data8_sample_30_TGCCGAGTCGTGACTA-1,0,paclitaxel
Data8_sample_30_TGCCGAGTCTGCTGAA-1,0,paclitaxel
Data8_sample_30_TGCGACGTCACCGGGT-1,0,paclitaxel
Data8_sample_30_TGCGATAAGAGCCGTA-1,0,paclitaxel
Data8_sample_30_TGCGATAAGCCTCGTG-1,0,paclitaxel
Data8_sample_30_TGCGATAAGCTCCCTT-1,0,paclitaxel
Data8_sample_30_TGCGATAAGTGACACG-1,0,paclitaxel
Data8_sample_30_TGCGATACACGCTGCA-1,0,paclitaxel
Data8_sample_30_TGCGATACAGTCTACA-1,0,paclitaxel
Data8_sample_30_TGCGATAGTGGGCTCT-1,0,paclitaxel
Data8_sample_30_TGCGGCAAGCCTAGGA-1,0,paclitaxel
Data8_sample_30_TGCGGCAAGCGCACAA-1,0,paclitaxel
Data8_sample_30_TGCGGCAAGCGTTACT-1,0,paclitaxel
Data8_sample_30_TGCGGCAGTGGACAGT-1,0,paclitaxel
Data8_sample_30_TGCGGCATCAGACCTA-1,0,paclitaxel
Data8_sample_30_TGCGGGTGTGATGGCA-1,0,paclitaxel
Data8_sample_30_TGCGGGTTCGCGTTTC-1,0,paclitaxel
Data8_sample_30_TGCTCCAAGCATGCAG-1,0,paclitaxel
Data8_sample_30_TGCTCCACAGGTTTAC-1,0,paclitaxel
Data8_sample_30_TGCTCCAGTCGCTTGG-1,0,paclitaxel
Data8_sample_30_TGCTCCAGTTGAGTCT-1,0,paclitaxel
Data8_sample_30_TGCTCGTAGAGCATTA-1,0,paclitaxel
Data8_sample_30_TGCTCGTCAGACGGAT-1,0,paclitaxel
Data8_sample_30_TGCTCGTGTTCACGAT-1,0,paclitaxel
Data8_sample_30_TGCTCGTTCCGATAGT-1,0,paclitaxel
Data8_sample_30_TGCTGAAAGCGCCATC-1,0,paclitaxel
Data8_sample_30_TGCTGAAAGGGCAGGA-1,0,paclitaxel
Data8_sample_30_TGCTGAACATCAGTGT-1,0,paclitaxel
Data8_sample_30_TGCTGAACATTGACAC-1,0,paclitaxel
Data8_sample_30_TGCTGAAGTCGAGCAA-1,0,paclitaxel
Data8_sample_30_TGCTGAAGTTGCTAGT-1,0,paclitaxel
Data8_sample_30_TGCTGAAGTTTCGATG-1,0,paclitaxel
Data8_sample_30_TGCTTCGAGGCCACCT-1,0,paclitaxel
Data8_sample_30_TGCTTCGCATGGATCT-1,0,paclitaxel
Data8_sample_30_TGCTTCGGTACTGCGC-1,0,paclitaxel
Data8_sample_30_TGCTTCGGTATGCGGA-1,0,paclitaxel
Data8_sample_30_TGCTTCGTCATGCTAG-1,0,paclitaxel
Data8_sample_30_TGCTTCGTCGAGTCTA-1,0,paclitaxel
Data8_sample_30_TGCTTGCAGGAACGAA-1,0,paclitaxel
Data8_sample_30_TGCTTGCCAACACACT-1,0,paclitaxel
Data8_sample_30_TGCTTGCCACACAGAG-1,0,paclitaxel
Data8_sample_30_TGCTTGCGTAACAGGC-1,0,paclitaxel
Data8_sample_30_TGCTTGCGTGAGTAAT-1,0,paclitaxel
Data8_sample_30_TGCTTGCTCATTCTTG-1,0,paclitaxel
Data8_sample_30_TGGAACTCAGAGAATT-1,0,paclitaxel
Data8_sample_30_TGGAACTGTGCGTGCT-1,0,paclitaxel
Data8_sample_30_TGGAACTGTGCTATTG-1,0,paclitaxel
Data8_sample_30_TGGAACTGTTAGTTCG-1,0,paclitaxel
Data8_sample_30_TGGAACTTCCCGAACG-1,0,paclitaxel
Data8_sample_30_TGGAACTTCCGATGTA-1,0,paclitaxel
Data8_sample_30_TGGAGAGCAGAACTTC-1,0,paclitaxel
Data8_sample_30_TGGAGAGCATGATGCT-1,0,paclitaxel
Data8_sample_30_TGGAGAGGTCAGTCCG-1,0,paclitaxel
Data8_sample_30_TGGAGAGTCAGGACGA-1,0,paclitaxel
Data8_sample_30_TGGAGAGTCGATAACC-1,0,paclitaxel
Data8_sample_30_TGGAGGACAAAGCAAT-1,0,paclitaxel
Data8_sample_30_TGGAGGACAGCTGAGA-1,0,paclitaxel
Data8_sample_30_TGGAGGACATCCGTTC-1,0,paclitaxel
Data8_sample_30_TGGAGGACATGTGTCA-1,0,paclitaxel
Data8_sample_30_TGGAGGAGTACCCAGC-1,0,paclitaxel
Data8_sample_30_TGGAGGAGTGAGATCG-1,0,paclitaxel
Data8_sample_30_TGGAGGATCATGCCCT-1,0,paclitaxel
Data8_sample_30_TGGATCAAGAGGCGGA-1,0,paclitaxel
Data8_sample_30_TGGATCAAGCTCAGAG-1,0,paclitaxel
Data8_sample_30_TGGATCAAGGCTAAAT-1,0,paclitaxel
Data8_sample_30_TGGATCAAGTCTCCTC-1,0,paclitaxel
Data8_sample_30_TGGATCAAGTTTGGCT-1,0,paclitaxel
Data8_sample_30_TGGATCACAACGTTAC-1,0,paclitaxel
Data8_sample_30_TGGATCACAATTTCGG-1,0,paclitaxel
Data8_sample_30_TGGATCAGTGTCATGT-1,0,paclitaxel
Data8_sample_30_TGGATCAGTTGCTAGT-1,0,paclitaxel
Data8_sample_30_TGGATCATCACATCAG-1,0,paclitaxel
Data8_sample_30_TGGATCATCAGCAATC-1,0,paclitaxel
Data8_sample_30_TGGATCATCGACCCAG-1,0,paclitaxel
Data8_sample_30_TGGATGTCAATGACCT-1,0,paclitaxel
Data8_sample_30_TGGATGTCAATTCTTC-1,0,paclitaxel
Data8_sample_30_TGGATGTTCGCTTAAG-1,0,paclitaxel
Data8_sample_30_TGGCGTGCACACCGCA-1,0,paclitaxel
Data8_sample_30_TGGCGTGGTACAGAGC-1,0,paclitaxel
Data8_sample_30_TGGCGTGGTAGTCTGT-1,0,paclitaxel
Data8_sample_30_TGGCGTGTCCTTCTTC-1,0,paclitaxel
Data8_sample_30_TGGGAAGAGATACGAT-1,0,paclitaxel
Data8_sample_30_TGGGAAGAGTAGGTTA-1,0,paclitaxel
Data8_sample_30_TGGGAAGGTGGCGTAA-1,0,paclitaxel
Data8_sample_30_TGGGAAGGTGGCTTGC-1,0,paclitaxel
Data8_sample_30_TGGGAAGTCCGAACGC-1,0,paclitaxel
Data8_sample_30_TGGGAGACAGGTGTGA-1,0,paclitaxel
Data8_sample_30_TGGGAGAGTAGTGGCA-1,0,paclitaxel
Data8_sample_30_TGGGAGATCCAAGGGA-1,0,paclitaxel
Data8_sample_30_TGGGAGATCCTTCGAC-1,0,paclitaxel
Data8_sample_30_TGGGAGATCTTCCAGC-1,0,paclitaxel
Data8_sample_30_TGGGATTAGATGAACT-1,0,paclitaxel
Data8_sample_30_TGGGATTAGTTTCGAC-1,0,paclitaxel
Data8_sample_30_TGGGATTTCACACCCT-1,0,paclitaxel
Data8_sample_30_TGGGATTTCCATTGGA-1,0,paclitaxel
Data8_sample_30_TGGGCGTAGATGGGCT-1,0,paclitaxel
Data8_sample_30_TGGGCGTAGCTTAGTC-1,0,paclitaxel
Data8_sample_30_TGGGCGTAGTTGTACC-1,0,paclitaxel
Data8_sample_30_TGGGCGTCAGCTACCG-1,0,paclitaxel
Data8_sample_30_TGGGCGTCATTAGGCT-1,0,paclitaxel
Data8_sample_30_TGGGCGTTCAGTCATG-1,0,paclitaxel
Data8_sample_30_TGGGCTGAGCACCGTC-1,0,paclitaxel
Data8_sample_30_TGGGCTGCAAGAATAC-1,0,paclitaxel
Data8_sample_30_TGGGCTGCAATTCTTC-1,0,paclitaxel
Data8_sample_30_TGGGCTGCACGCAGTC-1,0,paclitaxel
Data8_sample_30_TGGGCTGGTACTGGGA-1,0,paclitaxel
Data8_sample_30_TGGGCTGGTTTACACG-1,0,paclitaxel
Data8_sample_30_TGGGTTACAAGAATGT-1,0,paclitaxel
Data8_sample_30_TGGGTTACAGTTAGGG-1,0,paclitaxel
Data8_sample_30_TGGGTTAGTGTCACAT-1,0,paclitaxel
Data8_sample_30_TGGGTTAGTTCCTAAG-1,0,paclitaxel
Data8_sample_30_TGGGTTATCAAACGAA-1,0,paclitaxel
Data8_sample_30_TGGTACAAGACAGTCG-1,0,paclitaxel
Data8_sample_30_TGGTACAAGCACTCAT-1,0,paclitaxel
Data8_sample_30_TGGTACACACCATTCC-1,0,paclitaxel
Data8_sample_30_TGGTACACAGCGTTTA-1,0,paclitaxel
Data8_sample_30_TGGTACACATCGATCA-1,0,paclitaxel
Data8_sample_30_TGGTACATCAAAGAAC-1,0,paclitaxel
Data8_sample_30_TGGTACATCACTGAAC-1,0,paclitaxel
Data8_sample_30_TGGTAGTAGACCAGCA-1,0,paclitaxel
Data8_sample_30_TGGTAGTAGTAGGAAG-1,0,paclitaxel
Data8_sample_30_TGGTAGTAGTCTGCAT-1,0,paclitaxel
Data8_sample_30_TGGTAGTCAGCTACTA-1,0,paclitaxel
Data8_sample_30_TGGTGATAGCTGTTCA-1,0,paclitaxel
Data8_sample_30_TGGTGATAGGTAAGTT-1,0,paclitaxel
Data8_sample_30_TGGTGATAGTGCTACT-1,0,paclitaxel
Data8_sample_30_TGGTGATCAGTCGGAA-1,0,paclitaxel
Data8_sample_30_TGGTGATCATCTCAAG-1,0,paclitaxel
Data8_sample_30_TGGTGATGTAGACAGC-1,0,paclitaxel
Data8_sample_30_TGGTGATGTCGTATTG-1,0,paclitaxel
Data8_sample_30_TGGTGATGTGTCTTAG-1,0,paclitaxel
Data8_sample_30_TGGTGATGTTAAGGAT-1,0,paclitaxel
Data8_sample_30_TGGTGATTCATGAGGG-1,0,paclitaxel
Data8_sample_30_TGGTGATTCCTTCTGG-1,0,paclitaxel
Data8_sample_30_TGGTTAGAGTACCGGA-1,0,paclitaxel
Data8_sample_30_TGGTTAGCAACCCTCT-1,0,paclitaxel
Data8_sample_30_TGGTTAGGTACATACC-1,0,paclitaxel
Data8_sample_30_TGGTTAGGTGCAATAA-1,0,paclitaxel
Data8_sample_30_TGTAACGAGGTCACAG-1,0,paclitaxel
Data8_sample_30_TGTAACGAGGTCTGGA-1,0,paclitaxel
Data8_sample_30_TGTAACGCATGGATCT-1,0,paclitaxel
Data8_sample_30_TGTAACGGTCTAACGT-1,0,paclitaxel
Data8_sample_30_TGTAACGGTGTGTACT-1,0,paclitaxel
Data8_sample_30_TGTAACGTCAAGGCTT-1,0,paclitaxel
Data8_sample_30_TGTAACGTCATTGCGA-1,0,paclitaxel
Data8_sample_30_TGTAAGCAGAGAGCCT-1,0,paclitaxel
Data8_sample_30_TGTAAGCGTCTCTCAC-1,0,paclitaxel
Data8_sample_30_TGTACAGAGGTAGTAT-1,0,paclitaxel
Data8_sample_30_TGTACAGCACGTAGAG-1,0,paclitaxel
Data8_sample_30_TGTACAGCAGTATTCG-1,0,paclitaxel
Data8_sample_30_TGTACAGGTAACAGGC-1,0,paclitaxel
Data8_sample_30_TGTACAGGTCCTACAA-1,0,paclitaxel
Data8_sample_30_TGTACAGGTGATACCT-1,0,paclitaxel
Data8_sample_30_TGTACAGTCTTAGGAC-1,0,paclitaxel
Data8_sample_30_TGTAGACAGCTGCCAC-1,0,paclitaxel
Data8_sample_30_TGTAGACGTTGGCTAT-1,0,paclitaxel
Data8_sample_30_TGTAGACTCCTAGCCT-1,0,paclitaxel
Data8_sample_30_TGTCAGAAGTATCTGC-1,0,paclitaxel
Data8_sample_30_TGTCAGACACTTGGCG-1,0,paclitaxel
Data8_sample_30_TGTCAGACAGCTGTGC-1,0,paclitaxel
Data8_sample_30_TGTCAGACAGGCGTTC-1,0,paclitaxel
Data8_sample_30_TGTCAGAGTCATCTAG-1,0,paclitaxel
Data8_sample_30_TGTCAGAGTTGGGAAC-1,0,paclitaxel
Data8_sample_30_TGTCAGATCAAGCTGT-1,0,paclitaxel
Data8_sample_30_TGTCCACAGAAGGATG-1,0,paclitaxel
Data8_sample_30_TGTCCACAGTAGGCCA-1,0,paclitaxel
Data8_sample_30_TGTCCACCAAAGGCTG-1,0,paclitaxel
Data8_sample_30_TGTCCACCAAGGAGTC-1,0,paclitaxel
Data8_sample_30_TGTCCACCAGCTCATA-1,0,paclitaxel
Data8_sample_30_TGTCCACGTACCGTCG-1,0,paclitaxel
Data8_sample_30_TGTCCACGTAGCTTGT-1,0,paclitaxel
Data8_sample_30_TGTCCACTCAGGGTAG-1,0,paclitaxel
Data8_sample_30_TGTCCACTCTGTGCGG-1,0,paclitaxel
Data8_sample_30_TGTCCCAAGGTGGGTT-1,0,paclitaxel
Data8_sample_30_TGTCCCACACATAACC-1,0,paclitaxel
Data8_sample_30_TGTCCCACAGAGGTTG-1,0,paclitaxel
Data8_sample_30_TGTCCCACAGGTGACA-1,0,paclitaxel
Data8_sample_30_TGTCCCACATAACAGA-1,0,paclitaxel
Data8_sample_30_TGTCCCACATCACGGC-1,0,paclitaxel
Data8_sample_30_TGTCCCATCGTTCTCG-1,0,paclitaxel
Data8_sample_30_TGTCCCATCTCGTGGG-1,0,paclitaxel
Data8_sample_30_TGTCCTGAGCGACTTT-1,0,paclitaxel
Data8_sample_30_TGTCCTGAGCTCAGAG-1,0,paclitaxel
Data8_sample_30_TGTCCTGAGGCTTCCG-1,0,paclitaxel
Data8_sample_30_TGTCCTGAGGGATCTG-1,0,paclitaxel
Data8_sample_30_TGTCCTGAGGTTCTAC-1,0,paclitaxel
Data8_sample_30_TGTCCTGCACAAGCTT-1,0,paclitaxel
Data8_sample_30_TGTCCTGGTATGGTTC-1,0,paclitaxel
Data8_sample_30_TGTCCTGGTCCACGCA-1,0,paclitaxel
Data8_sample_30_TGTCCTGGTGAGACCA-1,0,paclitaxel
Data8_sample_30_TGTCCTGTCAAGGAGC-1,0,paclitaxel
Data8_sample_30_TGTCCTGTCAGCATTG-1,0,paclitaxel
Data8_sample_30_TGTGAGTCAAAGGATT-1,0,paclitaxel
Data8_sample_30_TGTGAGTGTGATTCTG-1,0,paclitaxel
Data8_sample_30_TGTGATGAGTTACGTC-1,0,paclitaxel
Data8_sample_30_TGTGATGCAGCTGAGA-1,0,paclitaxel
Data8_sample_30_TGTGATGGTCCGGACT-1,0,paclitaxel
Data8_sample_30_TGTGATGGTCTTGAGT-1,0,paclitaxel
Data8_sample_30_TGTGATGGTGCATGAG-1,0,paclitaxel
Data8_sample_30_TGTGATGTCACTCGAA-1,0,paclitaxel
Data8_sample_30_TGTGATGTCCTACGAA-1,0,paclitaxel
Data8_sample_30_TGTGCGGAGAATTGCA-1,0,paclitaxel
Data8_sample_30_TGTGCGGAGGTTACAA-1,0,paclitaxel
Data8_sample_30_TGTGCGGCATTCGGGC-1,0,paclitaxel
Data8_sample_30_TGTGCGGTCAACCTCC-1,0,paclitaxel
Data8_sample_30_TGTGCGGTCACCTCGT-1,0,paclitaxel
Data8_sample_30_TGTGCGGTCCGCGATG-1,0,paclitaxel
Data8_sample_30_TGTGGCGAGACACACG-1,0,paclitaxel
Data8_sample_30_TGTGGCGAGCGCATCC-1,0,paclitaxel
Data8_sample_30_TGTGGCGAGCTGTGCC-1,0,paclitaxel
Data8_sample_30_TGTGGCGCAGGGATAC-1,0,paclitaxel
Data8_sample_30_TGTGGCGCATTCTTCA-1,0,paclitaxel
Data8_sample_30_TGTGGCGTCCAATGCA-1,0,paclitaxel
Data8_sample_30_TGTGTGAAGAAGATCT-1,0,paclitaxel
Data8_sample_30_TGTGTGAAGGCAATGC-1,0,paclitaxel
Data8_sample_30_TGTGTGACATGGAATA-1,0,paclitaxel
Data8_sample_30_TGTGTGAGTAACCCTA-1,0,paclitaxel
Data8_sample_30_TGTGTGAGTACCATAC-1,0,paclitaxel
Data8_sample_30_TGTGTGAGTATGGTAA-1,0,paclitaxel
Data8_sample_30_TGTGTGAGTCTGATCA-1,0,paclitaxel
Data8_sample_30_TGTGTGAGTCTTCATT-1,0,paclitaxel
Data8_sample_30_TGTGTGATCGCTTGCT-1,0,paclitaxel
Data8_sample_30_TGTGTGATCTCGTGGG-1,0,paclitaxel
Data8_sample_30_TGTTACTCACACACGC-1,0,paclitaxel
Data8_sample_30_TGTTACTGTCAAATCC-1,0,paclitaxel
Data8_sample_30_TGTTACTTCAGAGTGG-1,0,paclitaxel
Data8_sample_30_TGTTACTTCTTGCAAG-1,0,paclitaxel
Data8_sample_30_TGTTACTTCTTGGTCC-1,0,paclitaxel
Data8_sample_30_TGTTCATAGGAAGTAG-1,0,paclitaxel
Data8_sample_30_TGTTCATCACACAGCC-1,0,paclitaxel
Data8_sample_30_TGTTCATCAGGTGTGA-1,0,paclitaxel
Data8_sample_30_TGTTCATGTACTGAGG-1,0,paclitaxel
Data8_sample_30_TGTTCCGAGAAATTGC-1,0,paclitaxel
Data8_sample_30_TGTTCCGAGGACAACC-1,0,paclitaxel
Data8_sample_30_TGTTCCGAGTAGCATA-1,0,paclitaxel
Data8_sample_30_TGTTCCGCATTCCTCG-1,0,paclitaxel
Data8_sample_30_TGTTCCGGTCCCTCAT-1,0,paclitaxel
Data8_sample_30_TGTTCCGGTTAAGAAC-1,0,paclitaxel
Data8_sample_30_TGTTCCGTCCGAAATC-1,0,paclitaxel
Data8_sample_30_TGTTCTAAGCAGTCTT-1,0,paclitaxel
Data8_sample_30_TGTTCTAAGCCGTTAT-1,0,paclitaxel
Data8_sample_30_TGTTCTAAGTAGGGTC-1,0,paclitaxel
Data8_sample_30_TGTTCTACAGTTCTAG-1,0,paclitaxel
Data8_sample_30_TGTTCTACATCCGCGA-1,0,paclitaxel
Data8_sample_30_TGTTCTAGTACGACTT-1,0,paclitaxel
Data8_sample_30_TGTTCTAGTCTAACGT-1,0,paclitaxel
Data8_sample_30_TGTTCTAGTCTCACGG-1,0,paclitaxel
Data8_sample_30_TGTTCTATCAGCACCG-1,0,paclitaxel
Data8_sample_30_TGTTCTATCGTCTAAG-1,0,paclitaxel
Data8_sample_30_TGTTGAGAGCAGCACA-1,0,paclitaxel
Data8_sample_30_TGTTGAGCAACCGCCA-1,0,paclitaxel
Data8_sample_30_TGTTGAGCACGCGGTT-1,0,paclitaxel
Data8_sample_30_TGTTGAGCAGTAGAAT-1,0,paclitaxel
Data8_sample_30_TGTTGAGGTATACCCA-1,0,paclitaxel
Data8_sample_30_TGTTGAGGTATCGTAC-1,0,paclitaxel
Data8_sample_30_TGTTGGAAGGAGTCTG-1,0,paclitaxel
Data8_sample_30_TGTTGGATCCGTGTAA-1,0,paclitaxel
Data8_sample_30_TGTTGGATCTCCCAAC-1,0,paclitaxel
Data8_sample_30_TGTTTGTAGCGCTGCT-1,0,paclitaxel
Data8_sample_30_TGTTTGTGTCTTACTT-1,0,paclitaxel
Data8_sample_30_TGTTTGTTCTCTTCAA-1,0,paclitaxel
Data8_sample_30_TGTTTGTTCTTGTTAC-1,0,paclitaxel
Data8_sample_30_TTAATCCAGAAACTAC-1,0,paclitaxel
Data8_sample_30_TTAATCCCAATCGAAA-1,0,paclitaxel
Data8_sample_30_TTAATCCTCAACCTTT-1,0,paclitaxel
Data8_sample_30_TTACAGGCACGGCCAT-1,0,paclitaxel
Data8_sample_30_TTACAGGCATCTTTCA-1,0,paclitaxel
Data8_sample_30_TTACAGGTCACCGCTT-1,0,paclitaxel
Data8_sample_30_TTACAGGTCAGATTGC-1,0,paclitaxel
Data8_sample_30_TTACCATAGCACAAAT-1,0,paclitaxel
Data8_sample_30_TTACCATAGGCGACAT-1,0,paclitaxel
Data8_sample_30_TTACCATCAATCGTCA-1,0,paclitaxel
Data8_sample_30_TTACCATGTCCAACGC-1,0,paclitaxel
Data8_sample_30_TTACCATGTCTTGAAC-1,0,paclitaxel
Data8_sample_30_TTACCATTCAGCGTCG-1,0,paclitaxel
Data8_sample_30_TTACCATTCCACATAG-1,0,paclitaxel
Data8_sample_30_TTACCATTCCCACAGG-1,0,paclitaxel
Data8_sample_30_TTACCATTCTATTCGT-1,0,paclitaxel
Data8_sample_30_TTACCGCAGGTAAAGG-1,0,paclitaxel
Data8_sample_30_TTACCGCCAAACCGGA-1,0,paclitaxel
Data8_sample_30_TTACCGCCACGACGTC-1,0,paclitaxel
Data8_sample_30_TTACCGCCACGGTCTG-1,0,paclitaxel
Data8_sample_30_TTACCGCCAGAAACCG-1,0,paclitaxel
Data8_sample_30_TTACCGCGTAGTATAG-1,0,paclitaxel
Data8_sample_30_TTACCGCGTTGGGTAG-1,0,paclitaxel
Data8_sample_30_TTACCGCTCATGTCTT-1,0,paclitaxel
Data8_sample_30_TTACCGCTCCGTGACG-1,0,paclitaxel
Data8_sample_30_TTACGCCAGACATACA-1,0,paclitaxel
Data8_sample_30_TTACGCCAGTATGAAC-1,0,paclitaxel
Data8_sample_30_TTACGCCGTACACGTT-1,0,paclitaxel
Data8_sample_30_TTACGCCTCCTTGACC-1,0,paclitaxel
Data8_sample_30_TTACGTTAGAAGCGAA-1,0,paclitaxel
Data8_sample_30_TTACGTTAGCGACTGA-1,0,paclitaxel
Data8_sample_30_TTACGTTCATCACAGT-1,0,paclitaxel
Data8_sample_30_TTACGTTGTAGGGTAC-1,0,paclitaxel
Data8_sample_30_TTACGTTGTGCTCTTC-1,0,paclitaxel
Data8_sample_30_TTACGTTTCACAATGC-1,0,paclitaxel
Data8_sample_30_TTACGTTTCACCATGA-1,0,paclitaxel
Data8_sample_30_TTACTGTAGACGAAGA-1,0,paclitaxel
Data8_sample_30_TTACTGTAGATCACCT-1,0,paclitaxel
Data8_sample_30_TTACTGTAGTGCTACT-1,0,paclitaxel
Data8_sample_30_TTACTGTCAACCGTGC-1,0,paclitaxel
Data8_sample_30_TTACTGTCAGGCTACC-1,0,paclitaxel
Data8_sample_30_TTACTGTGTGTTTCTT-1,0,paclitaxel
Data8_sample_30_TTACTGTTCAATGCAC-1,0,paclitaxel
Data8_sample_30_TTACTGTTCATGCCGG-1,0,paclitaxel
Data8_sample_30_TTACTGTTCCCGAATA-1,0,paclitaxel
Data8_sample_30_TTAGGCAAGACCCGCT-1,0,paclitaxel
Data8_sample_30_TTAGGCAGTACCTATG-1,0,paclitaxel
Data8_sample_30_TTAGGCATCCTGTAAG-1,0,paclitaxel
Data8_sample_30_TTAGGCATCGTTGTAG-1,0,paclitaxel
Data8_sample_30_TTAGGGTCAGACGCTC-1,0,paclitaxel
Data8_sample_30_TTAGGGTCAGAGTAAT-1,0,paclitaxel
Data8_sample_30_TTAGGGTCAGGACAGT-1,0,paclitaxel
Data8_sample_30_TTAGGGTCATAGCACT-1,0,paclitaxel
Data8_sample_30_TTAGGGTTCGCTACGG-1,0,paclitaxel
Data8_sample_30_TTAGGGTTCTGTCCGT-1,0,paclitaxel
Data8_sample_30_TTAGGGTTCTGTGTGA-1,0,paclitaxel
Data8_sample_30_TTAGTCTAGGTTCCAT-1,0,paclitaxel
Data8_sample_30_TTAGTCTCACCGTGAC-1,0,paclitaxel
Data8_sample_30_TTAGTCTGTCCATCTC-1,0,paclitaxel
Data8_sample_30_TTAGTCTGTCTTCATT-1,0,paclitaxel
Data8_sample_30_TTAGTCTGTTGCGAAG-1,0,paclitaxel
Data8_sample_30_TTAGTCTTCACAAGAA-1,0,paclitaxel
Data8_sample_30_TTATTGCAGTCCTGTA-1,0,paclitaxel
Data8_sample_30_TTATTGCCAACTAGAA-1,0,paclitaxel
Data8_sample_30_TTATTGCCAAGTGGAC-1,0,paclitaxel
Data8_sample_30_TTATTGCGTACGTAGG-1,0,paclitaxel
Data8_sample_30_TTATTGCTCCACTGAA-1,0,paclitaxel
Data8_sample_30_TTATTGCTCTGGGCAC-1,0,paclitaxel
Data8_sample_30_TTCAATCAGACCTCAT-1,0,paclitaxel
Data8_sample_30_TTCAATCAGGTCGACA-1,0,paclitaxel
Data8_sample_30_TTCAATCCAACACTAC-1,0,paclitaxel
Data8_sample_30_TTCAATCCATGAAGCG-1,0,paclitaxel
Data8_sample_30_TTCAATCGTTCCGCAG-1,0,paclitaxel
Data8_sample_30_TTCAATCTCATTTGTC-1,0,paclitaxel
Data8_sample_30_TTCAATCTCTCACCCA-1,0,paclitaxel
Data8_sample_30_TTCACCGCAATTTCGG-1,0,paclitaxel
Data8_sample_30_TTCACCGCACGTCGGT-1,0,paclitaxel
Data8_sample_30_TTCACCGCATACATCG-1,0,paclitaxel
Data8_sample_30_TTCACCGGTTGTGGAG-1,0,paclitaxel
Data8_sample_30_TTCACCGTCAAACCCA-1,0,paclitaxel
Data8_sample_30_TTCACGCAGGGAGGAC-1,0,paclitaxel
Data8_sample_30_TTCACGCAGGTGTGAC-1,0,paclitaxel
Data8_sample_30_TTCACGCCAAACTCGT-1,0,paclitaxel
Data8_sample_30_TTCACGCCATGTGGCC-1,0,paclitaxel
Data8_sample_30_TTCACGCGTTTCGTAG-1,0,paclitaxel
Data8_sample_30_TTCAGGAAGAAGTCAT-1,0,paclitaxel
Data8_sample_30_TTCAGGAAGCCAGAGT-1,0,paclitaxel
Data8_sample_30_TTCAGGAAGCCTCTTC-1,0,paclitaxel
Data8_sample_30_TTCAGGAAGCGCAATG-1,0,paclitaxel
Data8_sample_30_TTCAGGAAGTGAGCCA-1,0,paclitaxel
Data8_sample_30_TTCAGGACAGGCATTT-1,0,paclitaxel
Data8_sample_30_TTCAGGAGTTGCGGCT-1,0,paclitaxel
Data8_sample_30_TTCAGGAGTTTCGTAG-1,0,paclitaxel
Data8_sample_30_TTCAGGATCAATCGGT-1,0,paclitaxel
Data8_sample_30_TTCATGTAGGGTATAT-1,0,paclitaxel
Data8_sample_30_TTCATGTCACACCAGC-1,0,paclitaxel
Data8_sample_30_TTCATGTGTGTTTCTT-1,0,paclitaxel
Data8_sample_30_TTCATGTTCGGACTTA-1,0,paclitaxel
Data8_sample_30_TTCATTGAGGGCAACT-1,0,paclitaxel
Data8_sample_30_TTCATTGCACAAATAG-1,0,paclitaxel
Data8_sample_30_TTCATTGTCAAGTCTG-1,0,paclitaxel
Data8_sample_30_TTCATTGTCACACCCT-1,0,paclitaxel
Data8_sample_30_TTCATTGTCGCTTACC-1,0,paclitaxel
Data8_sample_30_TTCCAATAGCTAGCCC-1,0,paclitaxel
Data8_sample_30_TTCCAATCACTTGGGC-1,0,paclitaxel
Data8_sample_30_TTCCAATGTGATGAAT-1,0,paclitaxel
Data8_sample_30_TTCCAATGTTTACTGG-1,0,paclitaxel
Data8_sample_30_TTCCACGAGTGTACAA-1,0,paclitaxel
Data8_sample_30_TTCCACGCAAACTAGA-1,0,paclitaxel
Data8_sample_30_TTCCACGCACGCTGAC-1,0,paclitaxel
Data8_sample_30_TTCCACGCAGTGACCC-1,0,paclitaxel
Data8_sample_30_TTCCACGTCCACGGAC-1,0,paclitaxel
Data8_sample_30_TTCCGGTCAAGCCTGC-1,0,paclitaxel
Data8_sample_30_TTCCGGTCATGACAGG-1,0,paclitaxel
Data8_sample_30_TTCCGGTGTAGTATAG-1,0,paclitaxel
Data8_sample_30_TTCCGTGAGGTTCAGG-1,0,paclitaxel
Data8_sample_30_TTCCGTGCAGGTCTCG-1,0,paclitaxel
Data8_sample_30_TTCCGTGGTAGGAGGG-1,0,paclitaxel
Data8_sample_30_TTCCGTGGTCAGTCCG-1,0,paclitaxel
Data8_sample_30_TTCCGTGGTGTTACAC-1,0,paclitaxel
Data8_sample_30_TTCCGTGGTTACGGAG-1,0,paclitaxel
Data8_sample_30_TTCCGTGTCTTTCAGT-1,0,paclitaxel
Data8_sample_30_TTCCTAAAGTCGAAAT-1,0,paclitaxel
Data8_sample_30_TTCCTAACAACCTAAC-1,0,paclitaxel
Data8_sample_30_TTCCTAAGTAACTTCG-1,0,paclitaxel
Data8_sample_30_TTCCTAAGTTCCTAGA-1,0,paclitaxel
Data8_sample_30_TTCCTCTCAGACCTGC-1,0,paclitaxel
Data8_sample_30_TTCCTCTCAGTTCTAG-1,0,paclitaxel
Data8_sample_30_TTCCTCTGTGTAGGAC-1,0,paclitaxel
Data8_sample_30_TTCCTCTTCCAACCAA-1,0,paclitaxel
Data8_sample_30_TTCCTCTTCCATCAGA-1,0,paclitaxel
Data8_sample_30_TTCCTCTTCCGGCAAC-1,0,paclitaxel
Data8_sample_30_TTCCTTCAGAAACTAC-1,0,paclitaxel
Data8_sample_30_TTCCTTCAGAGCGACT-1,0,paclitaxel
Data8_sample_30_TTCCTTCAGGTCTTTG-1,0,paclitaxel
Data8_sample_30_TTCCTTCCACTGGACC-1,0,paclitaxel
Data8_sample_30_TTCGATTAGAATCGAT-1,0,paclitaxel
Data8_sample_30_TTCGATTCAACATACC-1,0,paclitaxel
Data8_sample_30_TTCGATTTCCTGGGAC-1,0,paclitaxel
Data8_sample_30_TTCGCTGAGCCTATCA-1,0,paclitaxel
Data8_sample_30_TTCGCTGCAAACTCGT-1,0,paclitaxel
Data8_sample_30_TTCGCTGCACAACGCC-1,0,paclitaxel
Data8_sample_30_TTCGCTGCAGGTGTGA-1,0,paclitaxel
Data8_sample_30_TTCGCTGGTCGAAACG-1,0,paclitaxel
Data8_sample_30_TTCGCTGGTGCGAACA-1,0,paclitaxel
Data8_sample_30_TTCGCTGTCCATAGGT-1,0,paclitaxel
Data8_sample_30_TTCGCTGTCGTCTCAC-1,0,paclitaxel
Data8_sample_30_TTCGCTGTCTGAGGCC-1,0,paclitaxel
Data8_sample_30_TTCGGTCAGGATGGCT-1,0,paclitaxel
Data8_sample_30_TTCGGTCCAAATACAG-1,0,paclitaxel
Data8_sample_30_TTCGGTCCACAGCCTG-1,0,paclitaxel
Data8_sample_30_TTCGGTCCAGTTACCA-1,0,paclitaxel
Data8_sample_30_TTCGGTCGTCGTACAT-1,0,paclitaxel
Data8_sample_30_TTCGGTCGTGTCGCTG-1,0,paclitaxel
Data8_sample_30_TTCGGTCTCAAGAATG-1,0,paclitaxel
Data8_sample_30_TTCGGTCTCATTATCC-1,0,paclitaxel
Data8_sample_30_TTCGGTCTCGCAATGT-1,0,paclitaxel
Data8_sample_30_TTCTAACGTCTGCGCA-1,0,paclitaxel
Data8_sample_30_TTCTAACTCCTATGGA-1,0,paclitaxel
Data8_sample_30_TTCTAACTCCTCAGAA-1,0,paclitaxel
Data8_sample_30_TTCTAGTAGATCCCGC-1,0,paclitaxel
Data8_sample_30_TTCTAGTCACACACTA-1,0,paclitaxel
Data8_sample_30_TTCTAGTCACGATAGG-1,0,paclitaxel
Data8_sample_30_TTCTAGTCACTGTGAT-1,0,paclitaxel
Data8_sample_30_TTCTAGTTCCCTCAAC-1,0,paclitaxel
Data8_sample_30_TTCTCTCAGACTGTTC-1,0,paclitaxel
Data8_sample_30_TTCTCTCAGAGTGACC-1,0,paclitaxel
Data8_sample_30_TTCTCTCCAAAGGGTC-1,0,paclitaxel
Data8_sample_30_TTCTCTCGTTGCGGCT-1,0,paclitaxel
Data8_sample_30_TTCTCTCTCATAGACC-1,0,paclitaxel
Data8_sample_30_TTCTCTCTCGACCCAG-1,0,paclitaxel
Data8_sample_30_TTCTCTCTCGAGCCAC-1,0,paclitaxel
Data8_sample_30_TTCTGTAAGAGTTCGG-1,0,paclitaxel
Data8_sample_30_TTCTGTACAAATCGGG-1,0,paclitaxel
Data8_sample_30_TTCTGTACATCCGGCA-1,0,paclitaxel
Data8_sample_30_TTCTGTACATTGGATC-1,0,paclitaxel
Data8_sample_30_TTCTGTAGTCTACTGA-1,0,paclitaxel
Data8_sample_30_TTCTGTATCGCAGAGA-1,0,paclitaxel
Data8_sample_30_TTCTTCCAGTGAGGCT-1,0,paclitaxel
Data8_sample_30_TTCTTCCCAAGACAAT-1,0,paclitaxel
Data8_sample_30_TTCTTCCCAGCTCCTT-1,0,paclitaxel
Data8_sample_30_TTCTTCCGTGCATTAC-1,0,paclitaxel
Data8_sample_30_TTCTTCCTCTAAGGAA-1,0,paclitaxel
Data8_sample_30_TTCTTCCTCTGACGCG-1,0,paclitaxel
Data8_sample_30_TTCTTGAAGAATAGTC-1,0,paclitaxel
Data8_sample_30_TTCTTGAGTCCTTGTC-1,0,paclitaxel
Data8_sample_30_TTCTTGAGTCGCTTGG-1,0,paclitaxel
Data8_sample_30_TTCTTGAGTCTTGAGT-1,0,paclitaxel
Data8_sample_30_TTCTTGATCAACCGAT-1,0,paclitaxel
Data8_sample_30_TTCTTGATCCACACCT-1,0,paclitaxel
Data8_sample_30_TTGAACGAGAGTCACG-1,0,paclitaxel
Data8_sample_30_TTGAACGAGTCGCCCA-1,0,paclitaxel
Data8_sample_30_TTGAACGGTACAAGTA-1,0,paclitaxel
Data8_sample_30_TTGACCCCACACCGCA-1,0,paclitaxel
Data8_sample_30_TTGACCCGTGCCTACG-1,0,paclitaxel
Data8_sample_30_TTGACCCGTTGTACGT-1,0,paclitaxel
Data8_sample_30_TTGAGTGAGAGTCAGC-1,0,paclitaxel
Data8_sample_30_TTGAGTGCATCAGCGC-1,0,paclitaxel
Data8_sample_30_TTGAGTGTCATGCTAG-1,0,paclitaxel
Data8_sample_30_TTGATGGAGGTACAGC-1,0,paclitaxel
Data8_sample_30_TTGATGGAGGTGAGAA-1,0,paclitaxel
Data8_sample_30_TTGATGGAGTCACACT-1,0,paclitaxel
Data8_sample_30_TTGATGGGTTCCAAAC-1,0,paclitaxel
Data8_sample_30_TTGATGGTCGGTCTGG-1,0,paclitaxel
Data8_sample_30_TTGATGGTCGTTCCCA-1,0,paclitaxel
Data8_sample_30_TTGCATTCACAACGTT-1,0,paclitaxel
Data8_sample_30_TTGCATTCAGTCAGCC-1,0,paclitaxel
Data8_sample_30_TTGCCTGAGAGTTCGG-1,0,paclitaxel
Data8_sample_30_TTGCCTGAGCATCCCG-1,0,paclitaxel
Data8_sample_30_TTGCCTGAGTGTAGAT-1,0,paclitaxel
Data8_sample_30_TTGCCTGCAGGCACTC-1,0,paclitaxel
Data8_sample_30_TTGCCTGTCTGTGCGG-1,0,paclitaxel
Data8_sample_30_TTGCGTCAGGAGTATT-1,0,paclitaxel
Data8_sample_30_TTGCGTCTCAAGAGGC-1,0,paclitaxel
Data8_sample_30_TTGGATGAGGTAGCCA-1,0,paclitaxel
Data8_sample_30_TTGGATGAGTAAACAC-1,0,paclitaxel
Data8_sample_30_TTGGATGCAATACCCA-1,0,paclitaxel
Data8_sample_30_TTGGATGCAATACGAA-1,0,paclitaxel
Data8_sample_30_TTGGATGCAGGAAGTC-1,0,paclitaxel
Data8_sample_30_TTGGATGCATTGAAAG-1,0,paclitaxel
Data8_sample_30_TTGGATGGTATCCCAA-1,0,paclitaxel
Data8_sample_30_TTGGATGTCCACACCT-1,0,paclitaxel
Data8_sample_30_TTGGATGTCCTACCGT-1,0,paclitaxel
Data8_sample_30_TTGGGATAGATGACAT-1,0,paclitaxel
Data8_sample_30_TTGGGATAGTAGTCCT-1,0,paclitaxel
Data8_sample_30_TTGGGATAGTATCTGC-1,0,paclitaxel
Data8_sample_30_TTGGGATGTTCTATCT-1,0,paclitaxel
Data8_sample_30_TTGGGATTCATTACTC-1,0,paclitaxel
Data8_sample_30_TTGGGCGAGACTTCAC-1,0,paclitaxel
Data8_sample_30_TTGGGCGAGAGGGTGG-1,0,paclitaxel
Data8_sample_30_TTGGGCGAGCAGCGAT-1,0,paclitaxel
Data8_sample_30_TTGGGCGCACAAGGTG-1,0,paclitaxel
Data8_sample_30_TTGGGCGCACGAGAAC-1,0,paclitaxel
Data8_sample_30_TTGGGCGCAGCCATTA-1,0,paclitaxel
Data8_sample_30_TTGGGCGTCACCTCGT-1,0,paclitaxel
Data8_sample_30_TTGGGCGTCAGCCTCT-1,0,paclitaxel
Data8_sample_30_TTGGGCGTCCTTGGAA-1,0,paclitaxel
Data8_sample_30_TTGGGTAAGATCCAAA-1,0,paclitaxel
Data8_sample_30_TTGGGTAAGGTGCTTT-1,0,paclitaxel
Data8_sample_30_TTGGGTAAGTGTACAA-1,0,paclitaxel
Data8_sample_30_TTGGGTACAGCAGATG-1,0,paclitaxel
Data8_sample_30_TTGGGTACATTGGGAG-1,0,paclitaxel
Data8_sample_30_TTGGGTATCTCAACGA-1,0,paclitaxel
Data8_sample_30_TTGGGTATCTGAGAAA-1,0,paclitaxel
Data8_sample_30_TTGGTTTAGATGACCG-1,0,paclitaxel
Data8_sample_30_TTGGTTTAGCCGAATG-1,0,paclitaxel
Data8_sample_30_TTGGTTTAGGATATGT-1,0,paclitaxel
Data8_sample_30_TTGGTTTAGTCAGAGC-1,0,paclitaxel
Data8_sample_30_TTGGTTTCAAAGGATT-1,0,paclitaxel
Data8_sample_30_TTGGTTTCAGCTATAC-1,0,paclitaxel
Data8_sample_30_TTGGTTTGTACTAAGA-1,0,paclitaxel
Data8_sample_30_TTGGTTTGTTGGTGTT-1,0,paclitaxel
Data8_sample_30_TTGGTTTGTTTGTTGG-1,0,paclitaxel
Data8_sample_30_TTGTGGAAGGCTCAAG-1,0,paclitaxel
Data8_sample_30_TTGTGGAAGTAGATCA-1,0,paclitaxel
Data8_sample_30_TTGTGGACAGGTCTCG-1,0,paclitaxel
Data8_sample_30_TTGTGGAGTACCTGTA-1,0,paclitaxel
Data8_sample_30_TTGTGGAGTCACTCTC-1,0,paclitaxel
Data8_sample_30_TTGTGGATCGGCTGAC-1,0,paclitaxel
Data8_sample_30_TTGTGGATCTTAGGAC-1,0,paclitaxel
Data8_sample_30_TTGTGTTAGAGGCTGT-1,0,paclitaxel
Data8_sample_30_TTGTGTTAGGTAGTAT-1,0,paclitaxel
Data8_sample_30_TTGTGTTCACAAATGA-1,0,paclitaxel
Data8_sample_30_TTGTGTTCACTCCGGA-1,0,paclitaxel
Data8_sample_30_TTGTGTTGTCGTTATG-1,0,paclitaxel
Data8_sample_30_TTGTGTTGTGCAACGA-1,0,paclitaxel
Data8_sample_30_TTGTGTTGTGGATCGA-1,0,paclitaxel
Data8_sample_30_TTGTGTTTCGGTAGGA-1,0,paclitaxel
Data8_sample_30_TTGTGTTTCTGGTTGA-1,0,paclitaxel
Data8_sample_30_TTGTTCACAGTCAGCC-1,0,paclitaxel
Data8_sample_30_TTGTTCAGTCGACTTA-1,0,paclitaxel
Data8_sample_30_TTGTTCATCCCAGCGA-1,0,paclitaxel
Data8_sample_30_TTGTTCATCCTCTCGA-1,0,paclitaxel
Data8_sample_30_TTGTTCATCGGCGATC-1,0,paclitaxel
Data8_sample_30_TTGTTGTAGCGGGTAT-1,0,paclitaxel
Data8_sample_30_TTGTTGTCACGTGTGC-1,0,paclitaxel
Data8_sample_30_TTGTTGTCAGGTTCGC-1,0,paclitaxel
Data8_sample_30_TTGTTGTCATGACGGA-1,0,paclitaxel
Data8_sample_30_TTGTTGTGTATGATCC-1,0,paclitaxel
Data8_sample_30_TTGTTGTGTATTTCTC-1,0,paclitaxel
Data8_sample_30_TTGTTGTGTGTTCAGT-1,0,paclitaxel
Data8_sample_30_TTGTTTGAGATTGGGC-1,0,paclitaxel
Data8_sample_30_TTGTTTGAGCCGCTTG-1,0,paclitaxel
Data8_sample_30_TTGTTTGAGTCATGCT-1,0,paclitaxel
Data8_sample_30_TTGTTTGCAAAGCACG-1,0,paclitaxel
Data8_sample_30_TTGTTTGCATCGAACT-1,0,paclitaxel
Data8_sample_30_TTGTTTGTCTTCGGAA-1,0,paclitaxel
Data8_sample_30_TTTACCACAAACGTGG-1,0,paclitaxel
Data8_sample_30_TTTACCACACAAATAG-1,0,paclitaxel
Data8_sample_30_TTTACCACACACCGAC-1,0,paclitaxel
Data8_sample_30_TTTACCACATTCAGGT-1,0,paclitaxel
Data8_sample_30_TTTACCAGTCCCGGTA-1,0,paclitaxel
Data8_sample_30_TTTACCAGTCTGTAAC-1,0,paclitaxel
Data8_sample_30_TTTACCAGTTATTCCT-1,0,paclitaxel
Data8_sample_30_TTTACGTAGCAATAGT-1,0,paclitaxel
Data8_sample_30_TTTACGTAGGCAGGTT-1,0,paclitaxel
Data8_sample_30_TTTACGTCAGATCCTA-1,0,paclitaxel
Data8_sample_30_TTTACGTGTGGTTCTA-1,0,paclitaxel
Data8_sample_30_TTTACGTTCCATCGTC-1,0,paclitaxel
Data8_sample_30_TTTACGTTCCTCAGGG-1,0,paclitaxel
Data8_sample_30_TTTACTGAGACGGATC-1,0,paclitaxel
Data8_sample_30_TTTACTGCAAATCAAG-1,0,paclitaxel
Data8_sample_30_TTTACTGCACCAACAT-1,0,paclitaxel
Data8_sample_30_TTTACTGCACCGTCTT-1,0,paclitaxel
Data8_sample_30_TTTACTGGTGGCGTAA-1,0,paclitaxel
Data8_sample_30_TTTAGTCAGAATTTGG-1,0,paclitaxel
Data8_sample_30_TTTAGTCAGCGGGTTA-1,0,paclitaxel
Data8_sample_30_TTTAGTCAGTAACGAT-1,0,paclitaxel
Data8_sample_30_TTTAGTCGTGTACAGG-1,0,paclitaxel
Data8_sample_30_TTTATGCAGAGCTGCA-1,0,paclitaxel
Data8_sample_30_TTTATGCAGCAACAAT-1,0,paclitaxel
Data8_sample_30_TTTATGCGTTGCAAGG-1,0,paclitaxel
Data8_sample_30_TTTATGCTCCCGTGAG-1,0,paclitaxel
Data8_sample_30_TTTATGCTCTCCCAAC-1,0,paclitaxel
Data8_sample_30_TTTCACAAGAAACCCG-1,0,paclitaxel
Data8_sample_30_TTTCACATCTTCTAAC-1,0,paclitaxel
Data8_sample_30_TTTCAGTAGCATGCGA-1,0,paclitaxel
Data8_sample_30_TTTCAGTCACGATTCA-1,0,paclitaxel
Data8_sample_30_TTTCAGTGTAACAGTA-1,0,paclitaxel
Data8_sample_30_TTTCAGTGTGGCTTGC-1,0,paclitaxel
Data8_sample_30_TTTCAGTGTTCCGCAG-1,0,paclitaxel
Data8_sample_30_TTTCATGAGGCTTTCA-1,0,paclitaxel
Data8_sample_30_TTTCATGCAAACTCGT-1,0,paclitaxel
Data8_sample_30_TTTCATGCAAGGATGC-1,0,paclitaxel
Data8_sample_30_TTTCATGGTCAATCTG-1,0,paclitaxel
Data8_sample_30_TTTCATGGTGTGAATA-1,0,paclitaxel
Data8_sample_30_TTTCATGTCAAGATAG-1,0,paclitaxel
Data8_sample_30_TTTCATGTCCAATCCC-1,0,paclitaxel
Data8_sample_30_TTTCCTCAGAAACTAC-1,0,paclitaxel
Data8_sample_30_TTTCCTCAGGCTGTAG-1,0,paclitaxel
Data8_sample_30_TTTCCTCAGGTGCCTC-1,0,paclitaxel
Data8_sample_30_TTTCCTCAGGTTAGTA-1,0,paclitaxel
Data8_sample_30_TTTCCTCGTGCAATGG-1,0,paclitaxel
Data8_sample_30_TTTCCTCGTGGATCAG-1,0,paclitaxel
Data8_sample_30_TTTCCTCTCCTTTGAT-1,0,paclitaxel
Data8_sample_30_TTTCGATCACGGGTAA-1,0,paclitaxel
Data8_sample_30_TTTCGATCAGGAGGTT-1,0,paclitaxel
Data8_sample_30_TTTCGATCATCGGCCA-1,0,paclitaxel
Data8_sample_30_TTTCGATCATCTTAGG-1,0,paclitaxel
Data8_sample_30_TTTCGATGTCACGTGC-1,0,paclitaxel
Data8_sample_30_TTTCGATGTTGATCGT-1,0,paclitaxel
Data8_sample_30_TTTCGATTCCACACCT-1,0,paclitaxel
Data8_sample_30_TTTCGATTCGCTGTTC-1,0,paclitaxel
Data8_sample_30_TTTGACTAGAAGCGAA-1,0,paclitaxel
Data8_sample_30_TTTGACTAGTGAGGTC-1,0,paclitaxel
Data8_sample_30_TTTGACTCACTAGGTT-1,0,paclitaxel
Data8_sample_30_TTTGACTCAGCGCGTT-1,0,paclitaxel
Data8_sample_30_TTTGACTCAGTGGCTC-1,0,paclitaxel
Data8_sample_30_TTTGACTGTACGGATG-1,0,paclitaxel
Data8_sample_30_TTTGACTGTCATAACC-1,0,paclitaxel
Data8_sample_30_TTTGACTGTCGTCAGC-1,0,paclitaxel
Data8_sample_30_TTTGACTTCCGAACGC-1,0,paclitaxel
Data8_sample_30_TTTGATCAGTCGAAGC-1,0,paclitaxel
Data8_sample_30_TTTGATCTCACCACAA-1,0,paclitaxel
Data8_sample_30_TTTGGAGAGCACTCTA-1,0,paclitaxel
Data8_sample_30_TTTGGAGCAGGTCCCA-1,0,paclitaxel
Data8_sample_30_TTTGGAGCATGGAGAC-1,0,paclitaxel
Data8_sample_30_TTTGGAGTCTAGCCTC-1,0,paclitaxel
Data8_sample_30_TTTGGTTTCATAGGCT-1,0,paclitaxel
Data8_sample_30_TTTGGTTTCCTTACCG-1,0,paclitaxel
Data8_sample_30_TTTGGTTTCGCTAGCG-1,0,paclitaxel
Data8_sample_30_TTTGGTTTCGTTCAGA-1,0,paclitaxel
Data8_sample_30_TTTGGTTTCTCTTCAA-1,0,paclitaxel
Data8_sample_30_TTTGTTGAGCTTCGTA-1,0,paclitaxel
Data8_sample_30_TTTGTTGCAAATGAGT-1,0,paclitaxel
Data8_sample_30_TTTGTTGCACATAGCT-1,0,paclitaxel
Data8_sample_30_TTTGTTGCACTGTGAT-1,0,paclitaxel
Data8_sample_30_TTTGTTGCAGACCGCT-1,0,paclitaxel
Data8_sample_30_TTTGTTGGTCCATCTC-1,0,paclitaxel
Data8_sample_30_TTTGTTGGTGGCAGAT-1,0,paclitaxel
Data8_sample_30_TTTGTTGGTTCTAAGC-1,0,paclitaxel
