cell,label,drug
Data14_C70R_C70R.bcDWVD,0,KDM5-C70
Data14_C70R_C70R.bcFKNC,0,KDM5-C70
Data14_C70R_C70R.bcATGT,0,KDM5-C70
Data14_C70R_C70R.bcCPAD,0,KDM5-C70
Data14_C70R_C70R.bcBIIV,0,KDM5-C70
Data14_C70R_C70R.bcBTJW,0,KDM5-C70
Data14_C70R_C70R.bcAIOC,0,KDM5-C70
Data14_C70R_C70R.bcCLVG,0,KDM5-C70
Data14_C70R_C70R.bcGNGI,0,KDM5-C70
Data14_C70R_C70R.bcHFSJ,0,KDM5-C70
Data14_C70R_C70R.bcCNHG,0,KDM5-C70
Data14_C70R_C70R.bcIFPN,0,KDM5-C70
Data14_C70R_C70R.bcCYNY,0,KDM5-C70
Data14_C70R_C70R.bcGPWQ,0,KDM5-C70
Data14_C70R_C70R.bcIHJN,0,KDM5-C70
Data14_C70R_C70R.bcDNBV,0,KDM5-C70
Data14_C70R_C70R.bcGBQP,0,KDM5-C70
Data14_C70R_C70R.bcFQSU,0,KDM5-C70
Data14_C70R_C70R.bcAETD,0,KDM5-C70
Data14_C70R_C70R.bcHCYB,0,KDM5-C70
Data14_C70R_C70R.bcFXDC,0,KDM5-C70
Data14_C70R_C70R.bcAKUX,0,KDM5-C70
Data14_C70R_C70R.bcBRIX,0,KDM5-C70
Data14_C70R_C70R.bcAUEG,0,KDM5-C70
Data14_C70R_C70R.bcCWOQ,0,KDM5-C70
Data14_C70R_C70R.bcCKJY,0,KDM5-C70
Data14_C70R_C70R.bcBQLD,0,KDM5-C70
Data14_C70R_C70R.bcAYRP,0,KDM5-C70
Data14_C70R_C70R.bcGPXU,0,KDM5-C70
Data14_C70R_C70R.bcAZTW,0,KDM5-C70
Data14_C70R_C70R.bcAKSM,0,KDM5-C70
Data14_C70R_C70R.bcHHKE,0,KDM5-C70
Data14_C70R_C70R.bcDAHV,0,KDM5-C70
Data14_C70R_C70R.bcDUUN,0,KDM5-C70
Data14_C70R_C70R.bcHIHF,0,KDM5-C70
Data14_C70R_C70R.bcAMTC,0,KDM5-C70
Data14_C70R_C70R.bcARBY,0,KDM5-C70
Data14_C70R_C70R.bcBWNH,0,KDM5-C70
Data14_C70R_C70R.bcFIVC,0,KDM5-C70
Data14_C70R_C70R.bcCKMX,0,KDM5-C70
Data14_C70R_C70R.bcEZWD,0,KDM5-C70
Data14_C70R_C70R.bcCDGP,0,KDM5-C70
Data14_C70R_C70R.bcCJRC,0,KDM5-C70
Data14_C70R_C70R.bcAQLC,0,KDM5-C70
Data14_C70R_C70R.bcHEBT,0,KDM5-C70
Data14_C70R_C70R.bcDCUE,0,KDM5-C70
Data14_C70R_C70R.bcCNLD,0,KDM5-C70
Data14_C70R_C70R.bcEPQX,0,KDM5-C70
Data14_C70R_C70R.bcEXIC,0,KDM5-C70
Data14_C70R_C70R.bcFOBV,0,KDM5-C70
Data14_C70R_C70R.bcGBEK,0,KDM5-C70
Data14_C70R_C70R.bcHUKU,0,KDM5-C70
Data14_C70R_C70R.bcHRSS,0,KDM5-C70
Data14_C70R_C70R.bcGACY,0,KDM5-C70
Data14_C70R_C70R.bcAJYK,0,KDM5-C70
Data14_C70R_C70R.bcIEPC,0,KDM5-C70
Data14_C70R_C70R.bcAHKD,0,KDM5-C70
Data14_C70R_C70R.bcCVJJ,0,KDM5-C70
Data14_C70R_C70R.bcFXJY,0,KDM5-C70
Data14_C70R_C70R.bcGBFL,0,KDM5-C70
Data14_C70R_C70R.bcEMEY,0,KDM5-C70
Data14_C70R_C70R.bcEJBQ,0,KDM5-C70
Data14_C70R_C70R.bcDAIB,0,KDM5-C70
Data14_C70R_C70R.bcDGEY,0,KDM5-C70
Data14_C70R_C70R.bcCBNA,0,KDM5-C70
Data14_C70R_C70R.bcCIUA,0,KDM5-C70
Data14_C70R_C70R.bcBWLK,0,KDM5-C70
Data14_C70R_C70R.bcAGDG,0,KDM5-C70
Data14_C70R_C70R.bcHCEE,0,KDM5-C70
Data14_C70R_C70R.bcCSAW,0,KDM5-C70
Data14_C70R_C70R.bcBVDZ,0,KDM5-C70
Data14_C70R_C70R.bcCPYY,0,KDM5-C70
Data14_C70R_C70R.bcEIOA,0,KDM5-C70
Data14_C70R_C70R.bcDLOP,0,KDM5-C70
Data14_C70R_C70R.bcALUX,0,KDM5-C70
Data14_C70R_C70R.bcFXPW,0,KDM5-C70
Data14_C70R_C70R.bcHEVM,0,KDM5-C70
Data14_C70R_C70R.bcHARC,0,KDM5-C70
Data14_C70R_C70R.bcAIVE,0,KDM5-C70
Data14_C70R_C70R.bcDVOF,0,KDM5-C70
Data14_C70R_C70R.bcENGD,0,KDM5-C70
Data14_C70R_C70R.bcAJKD,0,KDM5-C70
Data14_C70R_C70R.bcECJW,0,KDM5-C70
Data14_C70R_C70R.bcGOWY,0,KDM5-C70
Data14_C70R_C70R.bcADUS,0,KDM5-C70
Data14_C70R_C70R.bcGFEW,0,KDM5-C70
Data14_C70R_C70R.bcDYXB,0,KDM5-C70
Data14_C70R_C70R.bcFKUW,0,KDM5-C70
Data14_C70R_C70R.bcAGUI,0,KDM5-C70
Data14_C70R_C70R.bcGUBU,0,KDM5-C70
Data14_C70R_C70R.bcBNKH,0,KDM5-C70
Data14_C70R_C70R.bcBVSH,0,KDM5-C70
Data14_C70R_C70R.bcGLON,0,KDM5-C70
Data14_C70R_C70R.bcBEKD,0,KDM5-C70
Data14_C70R_C70R.bcEWPA,0,KDM5-C70
Data14_C70R_C70R.bcGMEP,0,KDM5-C70
Data14_C70R_C70R.bcGNMP,0,KDM5-C70
Data14_C70R_C70R.bcGVMP,0,KDM5-C70
Data14_C70R_C70R.bcDPPH,0,KDM5-C70
Data14_C70R_C70R.bcHAWC,0,KDM5-C70
Data14_C70R_C70R.bcGCXK,0,KDM5-C70
Data14_C70R_C70R.bcFBEL,0,KDM5-C70
Data14_C70R_C70R.bcDADT,0,KDM5-C70
Data14_C70R_C70R.bcBQZI,0,KDM5-C70
Data14_C70R_C70R.bcBKNH,0,KDM5-C70
Data14_C70R_C70R.bcCUIM,0,KDM5-C70
Data14_C70R_C70R.bcHMNP,0,KDM5-C70
Data14_C70R_C70R.bcIEML,0,KDM5-C70
Data14_C70R_C70R.bcBHQA,0,KDM5-C70
Data14_C70R_C70R.bcCDUY,0,KDM5-C70
Data14_C70R_C70R.bcHUON,0,KDM5-C70
Data14_C70R_C70R.bcDDJP,0,KDM5-C70
Data14_C70R_C70R.bcHDXT,0,KDM5-C70
Data14_C70R_C70R.bcCKJM,0,KDM5-C70
Data14_C70R_C70R.bcFHJY,0,KDM5-C70
Data14_C70R_C70R.bcHSLE,0,KDM5-C70
Data14_C70R_C70R.bcFICN,0,KDM5-C70
Data14_C70R_C70R.bcGBLL,0,KDM5-C70
Data14_C70R_C70R.bcFBWA,0,KDM5-C70
Data14_C70R_C70R.bcDAET,0,KDM5-C70
Data14_C70R_C70R.bcDLTO,0,KDM5-C70
Data14_C70R_C70R.bcAPIY,0,KDM5-C70
Data14_C70R_C70R.bcCHTA,0,KDM5-C70
Data14_C70R_C70R.bcDGLB,0,KDM5-C70
Data14_C70R_C70R.bcGPNW,0,KDM5-C70
Data14_C70R_C70R.bcDBME,0,KDM5-C70
Data14_C70R_C70R.bcDEHB,0,KDM5-C70
Data14_C70R_C70R.bcEXAU,0,KDM5-C70
Data14_C70R_C70R.bcDQPD,0,KDM5-C70
Data14_C70R_C70R.bcGFON,0,KDM5-C70
Data14_C70R_C70R.bcADCN,0,KDM5-C70
Data14_C70R_C70R.bcHXXK,0,KDM5-C70
Data14_C70R_C70R.bcHENO,0,KDM5-C70
Data14_C70R_C70R.bcGIAP,0,KDM5-C70
Data14_C70R_C70R.bcAVYF,0,KDM5-C70
Data14_C70R_C70R.bcGDKA,0,KDM5-C70
Data14_C70R_C70R.bcDSAS,0,KDM5-C70
Data14_C70R_C70R.bcCFJX,0,KDM5-C70
Data14_C70R_C70R.bcDVVP,0,KDM5-C70
Data14_C70R_C70R.bcFFJN,0,KDM5-C70
Data14_C70R_C70R.bcHOLM,0,KDM5-C70
Data14_C70R_C70R.bcAEIE,0,KDM5-C70
Data14_C70R_C70R.bcAUFW,0,KDM5-C70
Data14_C70R_C70R.bcDEBW,0,KDM5-C70
Data14_C70R_C70R.bcCNVJ,0,KDM5-C70
Data14_C70R_C70R.bcCQGY,0,KDM5-C70
Data14_C70R_C70R.bcDSYB,0,KDM5-C70
Data14_C70R_C70R.bcAARA,0,KDM5-C70
Data14_C70R_C70R.bcCAON,0,KDM5-C70
Data14_C70R_C70R.bcEDVH,0,KDM5-C70
Data14_C70R_C70R.bcCVPA,0,KDM5-C70
Data14_C70R_C70R.bcDELN,0,KDM5-C70
Data14_C70R_C70R.bcGILP,0,KDM5-C70
Data14_C70R_C70R.bcEOIB,0,KDM5-C70
Data14_C70R_C70R.bcHEJW,0,KDM5-C70
Data14_C70R_C70R.bcHUOK,0,KDM5-C70
Data14_C70R_C70R.bcIDQI,0,KDM5-C70
Data14_C70R_C70R.bcCUQD,0,KDM5-C70
Data14_C70R_C70R.bcAFIM,0,KDM5-C70
Data14_C70R_C70R.bcHQHR,0,KDM5-C70
Data14_C70R_C70R.bcIBYQ,0,KDM5-C70
Data14_C70R_C70R.bcFAHD,0,KDM5-C70
Data14_C70R_C70R.bcDEIW,0,KDM5-C70
Data14_C70R_C70R.bcEURW,0,KDM5-C70
Data14_C70R_C70R.bcCZIS,0,KDM5-C70
Data14_C70R_C70R.bcIBHS,0,KDM5-C70
Data14_C70R_C70R.bcADGN,0,KDM5-C70
Data14_C70R_C70R.bcGLKT,0,KDM5-C70
Data14_C70R_C70R.bcBCDB,0,KDM5-C70
Data14_C70R_C70R.bcBUSL,0,KDM5-C70
Data14_C70R_C70R.bcGSZS,0,KDM5-C70
Data14_C70R_C70R.bcDNME,0,KDM5-C70
Data14_C70R_C70R.bcBMZY,0,KDM5-C70
Data14_C70R_C70R.bcHJNC,0,KDM5-C70
Data14_C70R_C70R.bcFVPZ,0,KDM5-C70
Data14_C70R_C70R.bcFFWX,0,KDM5-C70
Data14_C70R_C70R.bcAMZF,0,KDM5-C70
Data14_C70R_C70R.bcAHEW,0,KDM5-C70
Data14_C70R_C70R.bcCREG,0,KDM5-C70
Data14_C70R_C70R.bcFTDR,0,KDM5-C70
Data14_C70R_C70R.bcALCJ,0,KDM5-C70
Data14_C70R_C70R.bcDSWL,0,KDM5-C70
Data14_C70R_C70R.bcGQOI,0,KDM5-C70
Data14_C70R_C70R.bcFDLZ,0,KDM5-C70
Data14_C70R_C70R.bcDCWO,0,KDM5-C70
Data14_C70R_C70R.bcIALS,0,KDM5-C70
Data14_C70R_C70R.bcHOPJ,0,KDM5-C70
Data14_C70R_C70R.bcAUDO,0,KDM5-C70
Data14_C70R_C70R.bcBWHU,0,KDM5-C70
Data14_C70R_C70R.bcDJGH,0,KDM5-C70
Data14_C70R_C70R.bcCFJB,0,KDM5-C70
Data14_C70R_C70R.bcFAIO,0,KDM5-C70
Data14_C70R_C70R.bcHYEE,0,KDM5-C70
Data14_C70R_C70R.bcICVC,0,KDM5-C70
Data14_C70R_C70R.bcBIUY,0,KDM5-C70
Data14_C70R_C70R.bcHOJA,0,KDM5-C70
Data14_C70R_C70R.bcEQOC,0,KDM5-C70
Data14_C70R_C70R.bcAGRY,0,KDM5-C70
Data14_C70R_C70R.bcHPAM,0,KDM5-C70
Data14_C70R_C70R.bcFXUV,0,KDM5-C70
Data14_C70R_C70R.bcEDEO,0,KDM5-C70
Data14_C70R_C70R.bcGAZZ,0,KDM5-C70
Data14_C70R_C70R.bcANFG,0,KDM5-C70
Data14_C70R_C70R.bcCTTD,0,KDM5-C70
Data14_C70R_C70R.bcCIOL,0,KDM5-C70
Data14_C70R_C70R.bcAFXW,0,KDM5-C70
Data14_C70R_C70R.bcGFQF,0,KDM5-C70
Data14_C70R_C70R.bcDGCL,0,KDM5-C70
Data14_C70R_C70R.bcEYXX,0,KDM5-C70
Data14_C70R_C70R.bcAQXZ,0,KDM5-C70
Data14_C70R_C70R.bcETES,0,KDM5-C70
Data14_C70R_C70R.bcBFCS,0,KDM5-C70
Data14_C70R_C70R.bcAUAZ,0,KDM5-C70
Data14_C70R_C70R.bcDXTO,0,KDM5-C70
Data14_C70R_C70R.bcFTVE,0,KDM5-C70
Data14_C70R_C70R.bcALDY,0,KDM5-C70
Data14_C70R_C70R.bcHTLR,0,KDM5-C70
Data14_C70R_C70R.bcEMVD,0,KDM5-C70
Data14_C70R_C70R.bcAIQO,0,KDM5-C70
Data14_C70R_C70R.bcGNAB,0,KDM5-C70
Data14_C70R_C70R.bcHNZE,0,KDM5-C70
Data14_C70R_C70R.bcCJWN,0,KDM5-C70
Data14_C70R_C70R.bcCECX,0,KDM5-C70
Data14_C70R_C70R.bcDZQE,0,KDM5-C70
Data14_C70R_C70R.bcBQCD,0,KDM5-C70
Data14_C70R_C70R.bcDBDF,0,KDM5-C70
Data14_C70R_C70R.bcDQYD,0,KDM5-C70
Data14_C70R_C70R.bcAHTK,0,KDM5-C70
Data14_C70R_C70R.bcDUHY,0,KDM5-C70
Data14_C70R_C70R.bcGTXE,0,KDM5-C70
Data14_C70R_C70R.bcHIDG,0,KDM5-C70
Data14_C70R_C70R.bcIBTL,0,KDM5-C70
Data14_C70R_C70R.bcDVFT,0,KDM5-C70
Data14_C70R_C70R.bcAQCC,0,KDM5-C70
Data14_C70R_C70R.bcFXLD,0,KDM5-C70
Data14_C70R_C70R.bcFHXL,0,KDM5-C70
Data14_C70R_C70R.bcFSXF,0,KDM5-C70
Data14_C70R_C70R.bcAXQC,0,KDM5-C70
Data14_C70R_C70R.bcDWAD,0,KDM5-C70
Data14_C70R_C70R.bcEHPA,0,KDM5-C70
Data14_C70R_C70R.bcCNMN,0,KDM5-C70
Data14_C70R_C70R.bcEQWT,0,KDM5-C70
Data14_C70R_C70R.bcEAIW,0,KDM5-C70
Data14_C70R_C70R.bcCUQS,0,KDM5-C70
Data14_C70R_C70R.bcIGOI,0,KDM5-C70
Data14_C70R_C70R.bcAOAW,0,KDM5-C70
Data14_C70R_C70R.bcACOK,0,KDM5-C70
Data14_C70R_C70R.bcBMIC,0,KDM5-C70
Data14_C70R_C70R.bcGVNA,0,KDM5-C70
Data14_C70R_C70R.bcGQDG,0,KDM5-C70
Data14_C70R_C70R.bcCZOK,0,KDM5-C70
Data14_C70R_C70R.bcIBRL,0,KDM5-C70
Data14_C70R_C70R.bcHJDW,0,KDM5-C70
Data14_C70R_C70R.bcEKFT,0,KDM5-C70
Data14_C70R_C70R.bcEWHH,0,KDM5-C70
Data14_C70R_C70R.bcGPCE,0,KDM5-C70
Data14_C70R_C70R.bcAHBW,0,KDM5-C70
Data14_C70R_C70R.bcEQGL,0,KDM5-C70
Data14_C70R_C70R.bcFVKM,0,KDM5-C70
Data14_C70R_C70R.bcDDCJ,0,KDM5-C70
Data14_C70R_C70R.bcAELB,0,KDM5-C70
Data14_C70R_C70R.bcDQSB,0,KDM5-C70
Data14_C70R_C70R.bcGRGC,0,KDM5-C70
Data14_C70R_C70R.bcBRMU,0,KDM5-C70
Data14_C70R_C70R.bcFVDG,0,KDM5-C70
Data14_C70R_C70R.bcBWOX,0,KDM5-C70
Data14_C70R_C70R.bcCWKB,0,KDM5-C70
Data14_C70R_C70R.bcCNSU,0,KDM5-C70
Data14_C70R_C70R.bcBTAF,0,KDM5-C70
Data14_C70R_C70R.bcHEFS,0,KDM5-C70
Data14_C70R_C70R.bcGVHG,0,KDM5-C70
Data14_C70R_C70R.bcFZBL,0,KDM5-C70
Data14_C70R_C70R.bcAPVA,0,KDM5-C70
Data14_C70R_C70R.bcATQF,0,KDM5-C70
Data14_C70R_C70R.bcDXCD,0,KDM5-C70
Data14_C70R_C70R.bcEXZI,0,KDM5-C70
Data14_C70R_C70R.bcCTSS,0,KDM5-C70
Data14_C70R_C70R.bcABNT,0,KDM5-C70
Data14_C70R_C70R.bcEAOA,0,KDM5-C70
Data14_C70R_C70R.bcIKBY,0,KDM5-C70
Data14_C70R_C70R.bcFGRW,0,KDM5-C70
Data14_C70R_C70R.bcCUHM,0,KDM5-C70
Data14_C70R_C70R.bcGHWD,0,KDM5-C70
Data14_C70R_C70R.bcBJUQ,0,KDM5-C70
Data14_C70R_C70R.bcBNWB,0,KDM5-C70
Data14_C70R_C70R.bcELLM,0,KDM5-C70
Data14_C70R_C70R.bcELUW,0,KDM5-C70
Data14_C70R_C70R.bcHJZF,0,KDM5-C70
Data14_C70R_C70R.bcBECB,0,KDM5-C70
Data14_C70R_C70R.bcHRLN,0,KDM5-C70
Data14_C70R_C70R.bcDPQE,0,KDM5-C70
Data14_C70R_C70R.bcBGXV,0,KDM5-C70
Data14_C70R_C70R.bcGVDC,0,KDM5-C70
Data14_C70R_C70R.bcETNX,0,KDM5-C70
Data14_C70R_C70R.bcCACO,0,KDM5-C70
Data14_C70R_C70R.bcHINA,0,KDM5-C70
Data14_C70R_C70R.bcCOGC,0,KDM5-C70
Data14_C70R_C70R.bcADMP,0,KDM5-C70
Data14_C70R_C70R.bcFVMV,0,KDM5-C70
Data14_C70R_C70R.bcGKEG,0,KDM5-C70
Data14_C70R_C70R.bcCRBL,0,KDM5-C70
Data14_C70R_C70R.bcDETM,0,KDM5-C70
Data14_C70R_C70R.bcDTHD,0,KDM5-C70
Data14_C70R_C70R.bcHKRM,0,KDM5-C70
Data14_C70R_C70R.bcCNAY,0,KDM5-C70
Data14_C70R_C70R.bcBGLJ,0,KDM5-C70
Data14_C70R_C70R.bcBWPK,0,KDM5-C70
Data14_C70R_C70R.bcCUPA,0,KDM5-C70
Data14_C70R_C70R.bcEHRW,0,KDM5-C70
Data14_C70R_C70R.bcGWQY,0,KDM5-C70
Data14_C70R_C70R.bcFCMY,0,KDM5-C70
Data14_C70R_C70R.bcEVTT,0,KDM5-C70
Data14_C70R_C70R.bcHLLC,0,KDM5-C70
Data14_C70R_C70R.bcIGCX,0,KDM5-C70
Data14_C70R_C70R.bcBHQN,0,KDM5-C70
Data14_C70R_C70R.bcAAKS,0,KDM5-C70
Data14_C70R_C70R.bcAGPP,0,KDM5-C70
Data14_C70R_C70R.bcIFJR,0,KDM5-C70
Data14_C70R_C70R.bcIDKB,0,KDM5-C70
Data14_C70R_C70R.bcDYIU,0,KDM5-C70
Data14_C70R_C70R.bcGGTH,0,KDM5-C70
Data14_C70R_C70R.bcDQEB,0,KDM5-C70
Data14_C70R_C70R.bcGPSO,0,KDM5-C70
Data14_C70R_C70R.bcFPHG,0,KDM5-C70
Data14_C70R_C70R.bcIIAX,0,KDM5-C70
Data14_C70R_C70R.bcFEKK,0,KDM5-C70
Data14_C70R_C70R.bcGUFP,0,KDM5-C70
Data14_C70R_C70R.bcHKWU,0,KDM5-C70
Data14_C70R_C70R.bcGEHB,0,KDM5-C70
Data14_C70R_C70R.bcGZAX,0,KDM5-C70
Data14_C70R_C70R.bcAZBC,0,KDM5-C70
Data14_C70R_C70R.bcHDJS,0,KDM5-C70
Data14_C70R_C70R.bcEJLG,0,KDM5-C70
Data14_C70R_C70R.bcCOUR,0,KDM5-C70
Data14_C70R_C70R.bcBGKQ,0,KDM5-C70
Data14_C70R_C70R.bcAAFX,0,KDM5-C70
Data14_C70R_C70R.bcANPA,0,KDM5-C70
Data14_C70R_C70R.bcGXWZ,0,KDM5-C70
Data14_C70R_C70R.bcAJIT,0,KDM5-C70
Data14_C70R_C70R.bcEIMX,0,KDM5-C70
Data14_C70R_C70R.bcCZDX,0,KDM5-C70
Data14_C70R_C70R.bcDZOG,0,KDM5-C70
Data14_C70R_C70R.bcASEZ,0,KDM5-C70
Data14_C70R_C70R.bcFZUS,0,KDM5-C70
Data14_C70R_C70R.bcDRUL,0,KDM5-C70
Data14_C70R_C70R.bcCCFG,0,KDM5-C70
Data14_C70R_C70R.bcGGQP,0,KDM5-C70
Data14_C70R_C70R.bcGDLX,0,KDM5-C70
Data14_C70R_C70R.bcCRWC,0,KDM5-C70
Data14_C70R_C70R.bcHKRR,0,KDM5-C70
Data14_C70R_C70R.bcFKDN,0,KDM5-C70
Data14_C70R_C70R.bcCZGD,0,KDM5-C70
Data14_C70R_C70R.bcBNLY,0,KDM5-C70
Data14_C70R_C70R.bcBVDL,0,KDM5-C70
Data14_C70R_C70R.bcDFQD,0,KDM5-C70
Data14_C70R_C70R.bcCKGC,0,KDM5-C70
Data14_C70R_C70R.bcFRPC,0,KDM5-C70
Data14_C70R_C70R.bcCGUE,0,KDM5-C70
Data14_C70R_C70R.bcGIIL,0,KDM5-C70
Data14_C70R_C70R.bcANAM,0,KDM5-C70
Data14_C70R_C70R.bcBPED,0,KDM5-C70
Data14_C70R_C70R.bcBWJY,0,KDM5-C70
Data14_C70R_C70R.bcBRFV,0,KDM5-C70
Data14_C70R_C70R.bcBDET,0,KDM5-C70
Data14_C70R_C70R.bcHLDR,0,KDM5-C70
Data14_C70R_C70R.bcAZDV,0,KDM5-C70
Data14_C70R_C70R.bcEVVI,0,KDM5-C70
Data14_C70R_C70R.bcGAYT,0,KDM5-C70
Data14_C70R_C70R.bcBGCW,0,KDM5-C70
Data14_C70R_C70R.bcAREB,0,KDM5-C70
Data14_C70R_C70R.bcFNMD,0,KDM5-C70
Data14_C70R_C70R.bcANPR,0,KDM5-C70
Data14_C70R_C70R.bcCGHR,0,KDM5-C70
Data14_C70R_C70R.bcHQHZ,0,KDM5-C70
Data14_C70R_C70R.bcDAMP,0,KDM5-C70
Data14_C70R_C70R.bcEDOY,0,KDM5-C70
Data14_C70R_C70R.bcCXIC,0,KDM5-C70
Data14_C70R_C70R.bcBFAY,0,KDM5-C70
Data14_C70R_C70R.bcFXDB,0,KDM5-C70
Data14_C70R_C70R.bcEMBX,0,KDM5-C70
Data14_C70R_C70R.bcBSJY,0,KDM5-C70
Data14_C70R_C70R.bcEJAQ,0,KDM5-C70
Data14_C70R_C70R.bcBOZM,0,KDM5-C70
Data14_C70R_C70R.bcEOPL,0,KDM5-C70
Data14_C70R_C70R.bcDTKZ,0,KDM5-C70
Data14_C70R_C70R.bcCDNP,0,KDM5-C70
Data14_C70R_C70R.bcGSVV,0,KDM5-C70
Data14_C70R_C70R.bcDNRQ,0,KDM5-C70
Data14_C70R_C70R.bcGFQV,0,KDM5-C70
Data14_C70R_C70R.bcEUGR,0,KDM5-C70
Data14_C70R_C70R.bcAUEC,0,KDM5-C70
Data14_C70R_C70R.bcEFEW,0,KDM5-C70
Data14_C70R_C70R.bcACML,0,KDM5-C70
Data14_C70R_C70R.bcGJKU,0,KDM5-C70
Data14_C70R_C70R.bcGFIO,0,KDM5-C70
Data14_C70R_C70R.bcBKSB,0,KDM5-C70
Data14_C70R_C70R.bcHBFN,0,KDM5-C70
Data14_C70R_C70R.bcCWKO,0,KDM5-C70
Data14_C70R_C70R.bcFULY,0,KDM5-C70
Data14_C70R_C70R.bcCLGG,0,KDM5-C70
Data14_C70R_C70R.bcHSBU,0,KDM5-C70
Data14_C70R_C70R.bcAXIK,0,KDM5-C70
Data14_C70R_C70R.bcCIYQ,0,KDM5-C70
Data14_C70R_C70R.bcAYZA,0,KDM5-C70
Data14_C70R_C70R.bcAQHM,0,KDM5-C70
Data14_C70R_C70R.bcAICG,0,KDM5-C70
Data14_C70R_C70R.bcIFQS,0,KDM5-C70
Data14_C70R_C70R.bcFTNQ,0,KDM5-C70
Data14_C70R_C70R.bcGXRV,0,KDM5-C70
Data14_C70R_C70R.bcCBZU,0,KDM5-C70
Data14_C70R_C70R.bcHVVW,0,KDM5-C70
Data14_C70R_C70R.bcFSAX,0,KDM5-C70
Data14_C70R_C70R.bcGLCG,0,KDM5-C70
Data14_C70R_C70R.bcFUTT,0,KDM5-C70
Data14_C70R_C70R.bcABAT,0,KDM5-C70
Data14_C70R_C70R.bcHCEZ,0,KDM5-C70
Data14_C70R_C70R.bcCVJH,0,KDM5-C70
Data14_C70R_C70R.bcHDGY,0,KDM5-C70
Data14_C70R_C70R.bcICLS,0,KDM5-C70
Data14_C70R_C70R.bcBDLT,0,KDM5-C70
Data14_C70R_C70R.bcBNEA,0,KDM5-C70
Data14_C70R_C70R.bcCXNR,0,KDM5-C70
Data14_C70R_C70R.bcAIBZ,0,KDM5-C70
Data14_C70R_C70R.bcGLDT,0,KDM5-C70
Data14_C70R_C70R.bcBMFV,0,KDM5-C70
Data14_C70R_C70R.bcDCHC,0,KDM5-C70
Data14_C70R_C70R.bcAHLC,0,KDM5-C70
Data14_C70R_C70R.bcDSQE,0,KDM5-C70
Data14_C70R_C70R.bcEGGU,0,KDM5-C70
Data14_C70R_C70R.bcACAU,0,KDM5-C70
Data14_C70R_C70R.bcBEMB,0,KDM5-C70
Data14_C70R_C70R.bcGHRY,0,KDM5-C70
Data14_C70R_C70R.bcCTAK,0,KDM5-C70
Data14_C70R_C70R.bcFFEP,0,KDM5-C70
Data14_C70R_C70R.bcHULV,0,KDM5-C70
Data14_C70R_C70R.bcAWOM,0,KDM5-C70
Data14_C70R_C70R.bcDXOE,0,KDM5-C70
Data14_C70R_C70R.bcDFGY,0,KDM5-C70
Data14_C70R_C70R.bcAYEA,0,KDM5-C70
Data14_C70R_C70R.bcGUUK,0,KDM5-C70
Data14_C70R_C70R.bcDJFE,0,KDM5-C70
Data14_C70R_C70R.bcIGWS,0,KDM5-C70
Data14_C70R_C70R.bcDJZD,0,KDM5-C70
Data14_C70R_C70R.bcCIDO,0,KDM5-C70
Data14_C70R_C70R.bcFHMV,0,KDM5-C70
Data14_C70R_C70R.bcCPMR,0,KDM5-C70
Data14_C70R_C70R.bcBEOO,0,KDM5-C70
Data14_C70R_C70R.bcFZXD,0,KDM5-C70
Data14_C70R_C70R.bcAXAV,0,KDM5-C70
Data14_C70R_C70R.bcGOST,0,KDM5-C70
Data14_C70R_C70R.bcFCYJ,0,KDM5-C70
Data14_C70R_C70R.bcGSZP,0,KDM5-C70
Data14_C70R_C70R.bcGOMI,0,KDM5-C70
Data14_C70R_C70R.bcAWQJ,0,KDM5-C70
Data14_C70R_C70R.bcAMHX,0,KDM5-C70
Data14_C70R_C70R.bcBEXK,0,KDM5-C70
Data14_C70R_C70R.bcHZOK,0,KDM5-C70
Data14_C70R_C70R.bcBZTP,0,KDM5-C70
Data14_C70R_C70R.bcFEBY,0,KDM5-C70
Data14_C70R_C70R.bcFPQI,0,KDM5-C70
Data14_C70R_C70R.bcIALY,0,KDM5-C70
Data14_C70R_C70R.bcHDNZ,0,KDM5-C70
Data14_C70R_C70R.bcCNFS,0,KDM5-C70
Data14_C70R_C70R.bcFXVA,0,KDM5-C70
Data14_C70R_C70R.bcGMEF,0,KDM5-C70
Data14_C70R_C70R.bcGPBU,0,KDM5-C70
Data14_C70R_C70R.bcCGSQ,0,KDM5-C70
Data14_C70R_C70R.bcDQTX,0,KDM5-C70
Data14_C70R_C70R.bcDHWP,0,KDM5-C70
Data14_C70R_C70R.bcCBKF,0,KDM5-C70
Data14_C70R_C70R.bcECOM,0,KDM5-C70
Data14_C70R_C70R.bcGRKR,0,KDM5-C70
Data14_C70R_C70R.bcHUME,0,KDM5-C70
Data14_C70R_C70R.bcFXBF,0,KDM5-C70
Data14_C70R_C70R.bcDNQP,0,KDM5-C70
Data14_C70R_C70R.bcAJJX,0,KDM5-C70
Data14_C70R_C70R.bcHWUS,0,KDM5-C70
Data14_C70R_C70R.bcHIFN,0,KDM5-C70
Data14_C70R_C70R.bcCOKZ,0,KDM5-C70
Data14_C70R_C70R.bcATDG,0,KDM5-C70
Data14_C70R_C70R.bcBVJU,0,KDM5-C70
Data14_C70R_C70R.bcETNH,0,KDM5-C70
Data14_C70R_C70R.bcEEGQ,0,KDM5-C70
Data14_C70R_C70R.bcADVX,0,KDM5-C70
Data14_C70R_C70R.bcERLS,0,KDM5-C70
Data14_C70R_C70R.bcAHZN,0,KDM5-C70
Data14_C70R_C70R.bcCTES,0,KDM5-C70
Data14_C70R_C70R.bcAVIX,0,KDM5-C70
Data14_C70R_C70R.bcCTYL,0,KDM5-C70
Data14_C70R_C70R.bcEXOC,0,KDM5-C70
Data14_C70R_C70R.bcDNDD,0,KDM5-C70
Data14_C70R_C70R.bcAYQB,0,KDM5-C70
Data14_C70R_C70R.bcHATQ,0,KDM5-C70
Data14_C70R_C70R.bcEHDD,0,KDM5-C70
Data14_C70R_C70R.bcFPAC,0,KDM5-C70
Data14_C70R_C70R.bcHTGX,0,KDM5-C70
Data14_C70R_C70R.bcGBKO,0,KDM5-C70
Data14_C70R_C70R.bcEXJC,0,KDM5-C70
Data14_C70R_C70R.bcGFQY,0,KDM5-C70
Data14_C70R_C70R.bcENAL,0,KDM5-C70
Data14_C70R_C70R.bcBDBE,0,KDM5-C70
Data14_C70R_C70R.bcGVPG,0,KDM5-C70
Data14_C70R_C70R.bcBOCO,0,KDM5-C70
Data14_C70R_C70R.bcIFUU,0,KDM5-C70
Data14_C70R_C70R.bcFWSD,0,KDM5-C70
Data14_C70R_C70R.bcHZLH,0,KDM5-C70
Data14_C70R_C70R.bcEGHN,0,KDM5-C70
Data14_C70R_C70R.bcEQPG,0,KDM5-C70
Data14_C70R_C70R.bcHGIP,0,KDM5-C70
Data14_C70R_C70R.bcIDJY,0,KDM5-C70
Data14_C70R_C70R.bcEAXV,0,KDM5-C70
Data14_C70R_C70R.bcAWJY,0,KDM5-C70
Data14_C70R_C70R.bcEXEL,0,KDM5-C70
Data14_C70R_C70R.bcABAC,0,KDM5-C70
Data14_C70R_C70R.bcESSX,0,KDM5-C70
Data14_C70R_C70R.bcHPHU,0,KDM5-C70
Data14_C70R_C70R.bcIEFK,0,KDM5-C70
Data14_C70R_C70R.bcDPNW,0,KDM5-C70
Data14_C70R_C70R.bcGNPF,0,KDM5-C70
Data14_C70R_C70R.bcGLAE,0,KDM5-C70
Data14_C70R_C70R.bcFCXB,0,KDM5-C70
Data14_C70R_C70R.bcCHLO,0,KDM5-C70
Data14_C70R_C70R.bcBOWB,0,KDM5-C70
Data14_C70R_C70R.bcCYEC,0,KDM5-C70
Data14_C70R_C70R.bcBAOA,0,KDM5-C70
Data14_C70R_C70R.bcHEHQ,0,KDM5-C70
Data14_C70R_C70R.bcAEUL,0,KDM5-C70
Data14_C70R_C70R.bcHCFM,0,KDM5-C70
Data14_C70R_C70R.bcBOXY,0,KDM5-C70
Data14_C70R_C70R.bcBFDX,0,KDM5-C70
Data14_C70R_C70R.bcFNAE,0,KDM5-C70
Data14_C70R_C70R.bcAZZQ,0,KDM5-C70
Data14_C70R_C70R.bcDFBC,0,KDM5-C70
Data14_C70R_C70R.bcHFXD,0,KDM5-C70
Data14_C70R_C70R.bcBQPR,0,KDM5-C70
Data14_C70R_C70R.bcIJKD,0,KDM5-C70
Data14_C70R_C70R.bcAKQJ,0,KDM5-C70
Data14_C70R_C70R.bcGPZN,0,KDM5-C70
Data14_C70R_C70R.bcFMWL,0,KDM5-C70
Data14_C70R_C70R.bcDRMV,0,KDM5-C70
Data14_C70R_C70R.bcHMXA,0,KDM5-C70
Data14_C70R_C70R.bcCSRC,0,KDM5-C70
Data14_C70R_C70R.bcEHOY,0,KDM5-C70
Data14_C70R_C70R.bcFODL,0,KDM5-C70
Data14_C70R_C70R.bcCHDN,0,KDM5-C70
Data14_C70R_C70R.bcAURA,0,KDM5-C70
Data14_C70R_C70R.bcAGVT,0,KDM5-C70
Data14_C70R_C70R.bcDCQO,0,KDM5-C70
Data14_C70R_C70R.bcEALW,0,KDM5-C70
Data14_C70R_C70R.bcBLZP,0,KDM5-C70
Data14_C70R_C70R.bcFWAD,0,KDM5-C70
Data14_C70R_C70R.bcDSHA,0,KDM5-C70
Data14_C70R_C70R.bcDPEZ,0,KDM5-C70
Data14_C70R_C70R.bcEHQQ,0,KDM5-C70
Data14_C70R_C70R.bcCOYJ,0,KDM5-C70
Data14_C70R_C70R.bcHOKE,0,KDM5-C70
Data14_C70R_C70R.bcGCHK,0,KDM5-C70
Data14_C70R_C70R.bcASCJ,0,KDM5-C70
Data14_C70R_C70R.bcCGFD,0,KDM5-C70
Data14_C70R_C70R.bcBMRQ,0,KDM5-C70
Data14_C70R_C70R.bcFPKF,0,KDM5-C70
Data14_C70R_C70R.bcHJNV,0,KDM5-C70
Data14_C70R_C70R.bcGYQQ,0,KDM5-C70
Data14_C70R_C70R.bcEGJB,0,KDM5-C70
Data14_C70R_C70R.bcHRKD,0,KDM5-C70
Data14_C70R_C70R.bcHMNI,0,KDM5-C70
Data14_C70R_C70R.bcCBQM,0,KDM5-C70
Data14_C70R_C70R.bcDREM,0,KDM5-C70
Data14_C70R_C70R.bcAQBI,0,KDM5-C70
Data14_C70R_C70R.bcCKNP,0,KDM5-C70
Data14_C70R_C70R.bcAJCE,0,KDM5-C70
Data14_C70R_C70R.bcBRKV,0,KDM5-C70
Data14_C70R_C70R.bcCHPW,0,KDM5-C70
Data14_C70R_C70R.bcBIUQ,0,KDM5-C70
Data14_C70R_C70R.bcEBWL,0,KDM5-C70
Data14_C70R_C70R.bcCTLD,0,KDM5-C70
Data14_C70R_C70R.bcAGVZ,0,KDM5-C70
Data14_C70R_C70R.bcDORE,0,KDM5-C70
Data14_C70R_C70R.bcFTYN,0,KDM5-C70
Data14_C70R_C70R.bcFSET,0,KDM5-C70
Data14_C70R_C70R.bcFOTN,0,KDM5-C70
Data14_C70R_C70R.bcFACX,0,KDM5-C70
Data14_C70R_C70R.bcGNRG,0,KDM5-C70
Data14_C70R_C70R.bcEEYV,0,KDM5-C70
Data14_C70R_C70R.bcEBQT,0,KDM5-C70
Data14_C70R_C70R.bcCCXZ,0,KDM5-C70
Data14_C70R_C70R.bcAOJO,0,KDM5-C70
Data14_C70R_C70R.bcGDIW,0,KDM5-C70
Data14_C70R_C70R.bcHIDY,0,KDM5-C70
Data14_C70R_C70R.bcCNDT,0,KDM5-C70
Data14_C70R_C70R.bcCBGN,0,KDM5-C70
Data14_C70R_C70R.bcCFZK,0,KDM5-C70
Data14_C70R_C70R.bcGORI,0,KDM5-C70
Data14_C70R_C70R.bcALEJ,0,KDM5-C70
Data14_C70R_C70R.bcDWXR,0,KDM5-C70
Data14_C70R_C70R.bcCEKE,0,KDM5-C70
Data14_C70R_C70R.bcGFCF,0,KDM5-C70
Data14_C70R_C70R.bcENJN,0,KDM5-C70
Data14_C70R_C70R.bcDYIE,0,KDM5-C70
Data14_C70R_C70R.bcDSDJ,0,KDM5-C70
Data14_C70R_C70R.bcAYKT,0,KDM5-C70
Data14_C70R_C70R.bcFXNN,0,KDM5-C70
Data14_C70R_C70R.bcCPUX,0,KDM5-C70
Data14_C70R_C70R.bcGHXF,0,KDM5-C70
Data14_C70R_C70R.bcGYMB,0,KDM5-C70
Data14_C70R_C70R.bcDXRW,0,KDM5-C70
Data14_C70R_C70R.bcCLRR,0,KDM5-C70
Data14_C70R_C70R.bcEUXS,0,KDM5-C70
Data14_C70R_C70R.bcCIKN,0,KDM5-C70
Data14_C70R_C70R.bcAIIG,0,KDM5-C70
Data14_C70R_C70R.bcARAH,0,KDM5-C70
Data14_C70R_C70R.bcBGPF,0,KDM5-C70
Data14_C70R_C70R.bcFNRB,0,KDM5-C70
Data14_C70R_C70R.bcBONF,0,KDM5-C70
Data14_C70R_C70R.bcIFAK,0,KDM5-C70
Data14_C70R_C70R.bcBBCE,0,KDM5-C70
Data14_C70R_C70R.bcBDQC,0,KDM5-C70
Data14_C70R_C70R.bcDNFE,0,KDM5-C70
Data14_C70R_C70R.bcCXGT,0,KDM5-C70
Data14_C70R_C70R.bcEMTN,0,KDM5-C70
Data14_C70R_C70R.bcCENR,0,KDM5-C70
Data14_C70R_C70R.bcCSMV,0,KDM5-C70
Data14_C70R_C70R.bcAEXC,0,KDM5-C70
Data14_C70R_C70R.bcCOXC,0,KDM5-C70
Data14_C70R_C70R.bcHECM,0,KDM5-C70
Data14_C70R_C70R.bcCUBD,0,KDM5-C70
Data14_C70R_C70R.bcAVHR,0,KDM5-C70
Data14_C70R_C70R.bcAYSM,0,KDM5-C70
Data14_C70R_C70R.bcGOUN,0,KDM5-C70
Data14_C70R_C70R.bcBQVE,0,KDM5-C70
Data14_C70R_C70R.bcCKKN,0,KDM5-C70
Data14_C70R_C70R.bcCFVJ,0,KDM5-C70
Data14_C70R_C70R.bcDEMQ,0,KDM5-C70
Data14_C70R_C70R.bcDAXB,0,KDM5-C70
Data14_C70R_C70R.bcGYPR,0,KDM5-C70
Data14_C70R_C70R.bcBRAV,0,KDM5-C70
Data14_C70R_C70R.bcFTGG,0,KDM5-C70
Data14_C70R_C70R.bcDOZY,0,KDM5-C70
Data14_C70R_C70R.bcDXZR,0,KDM5-C70
Data14_C70R_C70R.bcHRYH,0,KDM5-C70
Data14_C70R_C70R.bcHLPI,0,KDM5-C70
Data14_C70R_C70R.bcACFX,0,KDM5-C70
Data14_C70R_C70R.bcCSKP,0,KDM5-C70
Data14_C70R_C70R.bcBMAC,0,KDM5-C70
Data14_C70R_C70R.bcEVER,0,KDM5-C70
Data14_C70R_C70R.bcIBGN,0,KDM5-C70
Data14_C70R_C70R.bcFNVR,0,KDM5-C70
Data14_C70R_C70R.bcBIJP,0,KDM5-C70
Data14_C70R_C70R.bcCQXS,0,KDM5-C70
Data14_C70R_C70R.bcERZQ,0,KDM5-C70
Data14_C70R_C70R.bcDQOO,0,KDM5-C70
Data14_C70R_C70R.bcDETI,0,KDM5-C70
Data14_C70R_C70R.bcDXAB,0,KDM5-C70
Data14_C70R_C70R.bcGNQX,0,KDM5-C70
Data14_C70R_C70R.bcBPYB,0,KDM5-C70
Data14_C70R_C70R.bcAYMO,0,KDM5-C70
Data14_C70R_C70R.bcBJPM,0,KDM5-C70
Data14_C70R_C70R.bcCFRK,0,KDM5-C70
Data14_C70R_C70R.bcHGRO,0,KDM5-C70
Data14_C70R_C70R.bcDRWM,0,KDM5-C70
Data14_C70R_C70R.bcCAYM,0,KDM5-C70
Data14_C70R_C70R.bcBDLM,0,KDM5-C70
Data14_C70R_C70R.bcHHQA,0,KDM5-C70
Data14_C70R_C70R.bcHQJQ,0,KDM5-C70
Data14_C70R_C70R.bcHVMW,0,KDM5-C70
Data14_C70R_C70R.bcFJHV,0,KDM5-C70
Data14_C70R_C70R.bcGVPN,0,KDM5-C70
Data14_C70R_C70R.bcGDDW,0,KDM5-C70
Data14_C70R_C70R.bcAKMN,0,KDM5-C70
Data14_C70R_C70R.bcFASP,0,KDM5-C70
Data14_C70R_C70R.bcBOHG,0,KDM5-C70
Data14_C70R_C70R.bcDVUU,0,KDM5-C70
Data14_C70R_C70R.bcBITP,0,KDM5-C70
Data14_C70R_C70R.bcAPZT,0,KDM5-C70
Data14_C70R_C70R.bcBVSR,0,KDM5-C70
Data14_C70R_C70R.bcDENU,0,KDM5-C70
Data14_C70R_C70R.bcHGJS,0,KDM5-C70
Data14_C70R_C70R.bcBTBI,0,KDM5-C70
Data14_C70R_C70R.bcFGDY,0,KDM5-C70
Data14_C70R_C70R.bcDLNQ,0,KDM5-C70
Data14_C70R_C70R.bcCSWU,0,KDM5-C70
Data14_C70R_C70R.bcAHAH,0,KDM5-C70
Data14_C70R_C70R.bcBLGT,0,KDM5-C70
Data14_C70R_C70R.bcGFNS,0,KDM5-C70
Data14_C70R_C70R.bcBGCT,0,KDM5-C70
Data14_C70R_C70R.bcBCUG,0,KDM5-C70
Data14_C70R_C70R.bcAUVT,0,KDM5-C70
Data14_C70R_C70R.bcHYXI,0,KDM5-C70
Data14_C70R_C70R.bcFCMA,0,KDM5-C70
Data14_C70R_C70R.bcGZDJ,0,KDM5-C70
Data14_C70R_C70R.bcGSXU,0,KDM5-C70
Data14_C70R_C70R.bcAAMX,0,KDM5-C70
Data14_C70R_C70R.bcHKCS,0,KDM5-C70
Data14_C70R_C70R.bcENRY,0,KDM5-C70
Data14_C70R_C70R.bcFAZW,0,KDM5-C70
Data14_C70R_C70R.bcHRME,0,KDM5-C70
Data14_C70R_C70R.bcBKVL,0,KDM5-C70
Data14_C70R_C70R.bcHIBA,0,KDM5-C70
Data14_C70R_C70R.bcBDSS,0,KDM5-C70
Data14_C70R_C70R.bcCNUO,0,KDM5-C70
Data14_C70R_C70R.bcDLGL,0,KDM5-C70
Data14_C70R_C70R.bcDWZI,0,KDM5-C70
Data14_C70R_C70R.bcIJBI,0,KDM5-C70
Data14_C70R_C70R.bcCNYP,0,KDM5-C70
Data14_C70R_C70R.bcFYNI,0,KDM5-C70
Data14_C70R_C70R.bcCTLE,0,KDM5-C70
Data14_C70R_C70R.bcCENA,0,KDM5-C70
Data14_C70R_C70R.bcAKLI,0,KDM5-C70
Data14_C70R_C70R.bcBZZW,0,KDM5-C70
Data14_C70R_C70R.bcECNO,0,KDM5-C70
Data14_C70R_C70R.bcCVWO,0,KDM5-C70
Data14_C70R_C70R.bcCUTH,0,KDM5-C70
Data14_C70R_C70R.bcBPYE,0,KDM5-C70
Data14_C70R_C70R.bcBFQK,0,KDM5-C70
Data14_C70R_C70R.bcBVQO,0,KDM5-C70
Data14_C70R_C70R.bcCSNG,0,KDM5-C70
Data14_C70R_C70R.bcASNB,0,KDM5-C70
Data14_C70R_C70R.bcAXHG,0,KDM5-C70
Data14_C70R_C70R.bcGTZR,0,KDM5-C70
Data14_C70R_C70R.bcBPEU,0,KDM5-C70
Data14_C70R_C70R.bcCPSU,0,KDM5-C70
Data14_C70R_C70R.bcBOUQ,0,KDM5-C70
Data14_C70R_C70R.bcGMST,0,KDM5-C70
Data14_C70R_C70R.bcAEHM,0,KDM5-C70
Data14_C70R_C70R.bcHKRX,0,KDM5-C70
Data14_C70R_C70R.bcBATS,0,KDM5-C70
Data14_C70R_C70R.bcESEM,0,KDM5-C70
Data14_C70R_C70R.bcGRBS,0,KDM5-C70
Data14_C70R_C70R.bcDNTO,0,KDM5-C70
Data14_C70R_C70R.bcAMSX,0,KDM5-C70
Data14_C70R_C70R.bcAPUV,0,KDM5-C70
Data14_C70R_C70R.bcDDHS,0,KDM5-C70
Data14_C70R_C70R.bcEBPK,0,KDM5-C70
Data14_C70R_C70R.bcAIRT,0,KDM5-C70
Data14_C70R_C70R.bcEDUQ,0,KDM5-C70
Data14_C70R_C70R.bcECJG,0,KDM5-C70
Data14_C70R_C70R.bcDCZH,0,KDM5-C70
Data14_C70R_C70R.bcASRE,0,KDM5-C70
Data14_C70R_C70R.bcBGQF,0,KDM5-C70
Data14_C70R_C70R.bcAEAS,0,KDM5-C70
Data14_C70R_C70R.bcHBLY,0,KDM5-C70
Data14_C70R_C70R.bcDPXG,0,KDM5-C70
Data14_C70R_C70R.bcABIE,0,KDM5-C70
Data14_C70R_C70R.bcFWHX,0,KDM5-C70
Data14_C70R_C70R.bcEBHG,0,KDM5-C70
Data14_C70R_C70R.bcEBNN,0,KDM5-C70
Data14_C70R_C70R.bcDSGZ,0,KDM5-C70
Data14_C70R_C70R.bcIEYH,0,KDM5-C70
Data14_C70R_C70R.bcCRRC,0,KDM5-C70
Data14_C70R_C70R.bcGBHS,0,KDM5-C70
Data14_C70R_C70R.bcDJOQ,0,KDM5-C70
Data14_C70R_C70R.bcCAFF,0,KDM5-C70
Data14_C70R_C70R.bcBMNI,0,KDM5-C70
Data14_C70R_C70R.bcDXHM,0,KDM5-C70
Data14_C70R_C70R.bcDGPI,0,KDM5-C70
Data14_C70R_C70R.bcBPKN,0,KDM5-C70
Data14_C70R_C70R.bcIJNA,0,KDM5-C70
Data14_C70R_C70R.bcBFQT,0,KDM5-C70
Data14_C70R_C70R.bcEVYG,0,KDM5-C70
Data14_C70R_C70R.bcGVPY,0,KDM5-C70
Data14_C70R_C70R.bcEQBN,0,KDM5-C70
Data14_C70R_C70R.bcCNNN,0,KDM5-C70
Data14_C70R_C70R.bcCSSU,0,KDM5-C70
Data14_C70R_C70R.bcBCPS,0,KDM5-C70
Data14_C70R_C70R.bcIFGX,0,KDM5-C70
Data14_C70R_C70R.bcFUAA,0,KDM5-C70
Data14_C70R_C70R.bcGDFF,0,KDM5-C70
Data14_C70R_C70R.bcAUPH,0,KDM5-C70
Data14_C70R_C70R.bcIBWU,0,KDM5-C70
Data14_C70R_C70R.bcBNTS,0,KDM5-C70
Data14_C70R_C70R.bcERMR,0,KDM5-C70
Data14_C70R_C70R.bcELVK,0,KDM5-C70
Data14_C70R_C70R.bcCLYE,0,KDM5-C70
Data14_C70R_C70R.bcDSRP,0,KDM5-C70
Data14_C70R_C70R.bcAUBL,0,KDM5-C70
Data14_C70R_C70R.bcGAGZ,0,KDM5-C70
Data14_C70R_C70R.bcGPYI,0,KDM5-C70
Data14_C70R_C70R.bcGEDU,0,KDM5-C70
Data14_C70R_C70R.bcGLEL,0,KDM5-C70
Data14_C70R_C70R.bcHVYJ,0,KDM5-C70
Data14_C70R_C70R.bcFTNS,0,KDM5-C70
Data14_C70R_C70R.bcFJUJ,0,KDM5-C70
Data14_C70R_C70R.bcDSYX,0,KDM5-C70
Data14_C70R_C70R.bcDNEX,0,KDM5-C70
Data14_C70R_C70R.bcBJAY,0,KDM5-C70
Data14_C70R_C70R.bcBFHK,0,KDM5-C70
Data14_C70R_C70R.bcBQUD,0,KDM5-C70
Data14_C70R_C70R.bcEFFD,0,KDM5-C70
Data14_C70R_C70R.bcGQGB,0,KDM5-C70
Data14_C70R_C70R.bcDMGP,0,KDM5-C70
Data14_C70R_C70R.bcCJTM,0,KDM5-C70
Data14_C70R_C70R.bcALEH,0,KDM5-C70
Data14_C70R_C70R.bcDLDS,0,KDM5-C70
Data14_C70R_C70R.bcBUKX,0,KDM5-C70
Data14_C70R_C70R.bcALLC,0,KDM5-C70
Data14_C70R_C70R.bcFFON,0,KDM5-C70
Data14_C70R_C70R.bcFTWW,0,KDM5-C70
Data14_C70R_C70R.bcELNP,0,KDM5-C70
Data14_C70R_C70R.bcCHZO,0,KDM5-C70
Data14_C70R_C70R.bcBBQP,0,KDM5-C70
Data14_C70R_C70R.bcDRNX,0,KDM5-C70
Data14_C70R_C70R.bcCKFF,0,KDM5-C70
Data14_C70R_C70R.bcGFBC,0,KDM5-C70
Data14_C70R_C70R.bcCNVX,0,KDM5-C70
Data14_C70R_C70R.bcAJBC,0,KDM5-C70
Data14_C70R_C70R.bcGAZX,0,KDM5-C70
Data14_C70R_C70R.bcIIBC,0,KDM5-C70
Data14_C70R_C70R.bcFOQB,0,KDM5-C70
Data14_C70R_C70R.bcHGRD,0,KDM5-C70
Data14_C70R_C70R.bcEYDA,0,KDM5-C70
Data14_C70R_C70R.bcFKHD,0,KDM5-C70
Data14_C70R_C70R.bcBFMW,0,KDM5-C70
Data14_C70R_C70R.bcDUMK,0,KDM5-C70
Data14_C70R_C70R.bcHPSM,0,KDM5-C70
Data14_C70R_C70R.bcIEUJ,0,KDM5-C70
Data14_C70R_C70R.bcCDML,0,KDM5-C70
Data14_C70R_C70R.bcEUZA,0,KDM5-C70
Data14_C70R_C70R.bcFNDW,0,KDM5-C70
Data14_C70R_C70R.bcDXOB,0,KDM5-C70
Data14_C70R_C70R.bcFOYK,0,KDM5-C70
Data14_C70R_C70R.bcHGWP,0,KDM5-C70
Data14_C70R_C70R.bcFLMB,0,KDM5-C70
Data14_C70R_C70R.bcEHIK,0,KDM5-C70
Data14_C70R_C70R.bcEPJQ,0,KDM5-C70
Data14_C70R_C70R.bcEENW,0,KDM5-C70
Data14_C70R_C70R.bcBVCG,0,KDM5-C70
Data14_C70R_C70R.bcFFPF,0,KDM5-C70
Data14_C70R_C70R.bcGBBF,0,KDM5-C70
Data14_C70R_C70R.bcCUTA,0,KDM5-C70
Data14_C70R_C70R.bcCZPD,0,KDM5-C70
Data14_C70R_C70R.bcFGKI,0,KDM5-C70
Data14_C70R_C70R.bcBGJW,0,KDM5-C70
Data14_C70R_C70R.bcFJJL,0,KDM5-C70
Data14_C70R_C70R.bcBKIK,0,KDM5-C70
Data14_C70R_C70R.bcEDIQ,0,KDM5-C70
Data14_C70R_C70R.bcBNCD,0,KDM5-C70
Data14_C70R_C70R.bcHAGV,0,KDM5-C70
Data14_C70R_C70R.bcAAYT,0,KDM5-C70
Data14_C70R_C70R.bcFROR,0,KDM5-C70
Data14_C70R_C70R.bcBFNM,0,KDM5-C70
Data14_C70R_C70R.bcIIDF,0,KDM5-C70
Data14_C70R_C70R.bcAETM,0,KDM5-C70
Data14_C70R_C70R.bcDZRS,0,KDM5-C70
Data14_C70R_C70R.bcHSJG,0,KDM5-C70
Data14_C70R_C70R.bcHIDL,0,KDM5-C70
Data14_C70R_C70R.bcDZJE,0,KDM5-C70
Data14_C70R_C70R.bcCKIP,0,KDM5-C70
Data14_C70R_C70R.bcHMDG,0,KDM5-C70
Data14_C70R_C70R.bcGONN,0,KDM5-C70
Data14_C70R_C70R.bcHTPY,0,KDM5-C70
Data14_C70R_C70R.bcAODJ,0,KDM5-C70
Data14_C70R_C70R.bcDRUX,0,KDM5-C70
Data14_C70R_C70R.bcCRJJ,0,KDM5-C70
Data14_C70R_C70R.bcIADP,0,KDM5-C70
Data14_C70R_C70R.bcHJQP,0,KDM5-C70
Data14_C70R_C70R.bcDBZU,0,KDM5-C70
Data14_C70R_C70R.bcBYKW,0,KDM5-C70
Data14_C70R_C70R.bcGYZL,0,KDM5-C70
Data14_C70R_C70R.bcHBIC,0,KDM5-C70
Data14_C70R_C70R.bcBKMZ,0,KDM5-C70
Data14_C70R_C70R.bcCZAT,0,KDM5-C70
Data14_C70R_C70R.bcBWMK,0,KDM5-C70
Data14_C70R_C70R.bcCUFQ,0,KDM5-C70
Data14_C70R_C70R.bcGLFS,0,KDM5-C70
Data14_C70R_C70R.bcGRCA,0,KDM5-C70
Data14_C70R_C70R.bcGVJS,0,KDM5-C70
Data14_C70R_C70R.bcICTV,0,KDM5-C70
Data14_C70R_C70R.bcDULW,0,KDM5-C70
Data14_C70R_C70R.bcGHTB,0,KDM5-C70
Data14_C70R_C70R.bcCJSL,0,KDM5-C70
Data14_C70R_C70R.bcBMLK,0,KDM5-C70
Data14_C70R_C70R.bcCJAD,0,KDM5-C70
Data14_C70R_C70R.bcIHFY,0,KDM5-C70
Data14_C70R_C70R.bcHANV,0,KDM5-C70
Data14_C70R_C70R.bcBQLZ,0,KDM5-C70
Data14_C70R_C70R.bcAIOJ,0,KDM5-C70
Data14_C70R_C70R.bcIDRK,0,KDM5-C70
Data14_C70R_C70R.bcFYRJ,0,KDM5-C70
Data14_C70R_C70R.bcHDUQ,0,KDM5-C70
Data14_C70R_C70R.bcERKW,0,KDM5-C70
Data14_C70R_C70R.bcFZWF,0,KDM5-C70
Data14_C70R_C70R.bcAMJB,0,KDM5-C70
Data14_C70R_C70R.bcHWLY,0,KDM5-C70
Data14_C70R_C70R.bcAGSF,0,KDM5-C70
Data14_C70R_C70R.bcFNEI,0,KDM5-C70
Data14_C70R_C70R.bcBDHG,0,KDM5-C70
Data14_C70R_C70R.bcIJYL,0,KDM5-C70
Data14_C70R_C70R.bcHPAF,0,KDM5-C70
Data14_C70R_C70R.bcCXYY,0,KDM5-C70
Data14_C70R_C70R.bcBJEO,0,KDM5-C70
Data14_C70R_C70R.bcFVUA,0,KDM5-C70
Data14_C70R_C70R.bcGCAI,0,KDM5-C70
Data14_C70R_C70R.bcGKBN,0,KDM5-C70
Data14_C70R_C70R.bcCKOB,0,KDM5-C70
Data14_C70R_C70R.bcDXUQ,0,KDM5-C70
Data14_C70R_C70R.bcFLTI,0,KDM5-C70
Data14_C70R_C70R.bcEYOX,0,KDM5-C70
Data14_C70R_C70R.bcHTHR,0,KDM5-C70
Data14_C70R_C70R.bcFFOQ,0,KDM5-C70
Data14_C70R_C70R.bcGOZP,0,KDM5-C70
Data14_C70R_C70R.bcCFHQ,0,KDM5-C70
Data14_C70R_C70R.bcATXG,0,KDM5-C70
Data14_C70R_C70R.bcDGKY,0,KDM5-C70
Data14_C70R_C70R.bcDBHJ,0,KDM5-C70
Data14_C70R_C70R.bcEJUX,0,KDM5-C70
Data14_C70R_C70R.bcCWSW,0,KDM5-C70
Data14_C70R_C70R.bcDHUR,0,KDM5-C70
Data14_C70R_C70R.bcCORE,0,KDM5-C70
Data14_C70R_C70R.bcGGKK,0,KDM5-C70
Data14_C70R_C70R.bcFDLG,0,KDM5-C70
Data14_C70R_C70R.bcHCAR,0,KDM5-C70
Data14_C70R_C70R.bcIGZH,0,KDM5-C70
Data14_C70R_C70R.bcAERS,0,KDM5-C70
Data14_C70R_C70R.bcFVKQ,0,KDM5-C70
Data14_C70R_C70R.bcGHGK,0,KDM5-C70
Data14_C70R_C70R.bcAMAQ,0,KDM5-C70
Data14_C70R_C70R.bcEWPX,0,KDM5-C70
Data14_C70R_C70R.bcCILJ,0,KDM5-C70
Data14_C70R_C70R.bcFWUB,0,KDM5-C70
Data14_C70R_C70R.bcFIUS,0,KDM5-C70
Data14_C70R_C70R.bcBJYJ,0,KDM5-C70
Data14_C70R_C70R.bcACWX,0,KDM5-C70
Data14_C70R_C70R.bcGYLF,0,KDM5-C70
Data14_C70R_C70R.bcAKZF,0,KDM5-C70
Data14_C70R_C70R.bcDZSK,0,KDM5-C70
Data14_C70R_C70R.bcHPTM,0,KDM5-C70
Data14_C70R_C70R.bcEDQW,0,KDM5-C70
Data14_C70R_C70R.bcICXW,0,KDM5-C70
Data14_C70R_C70R.bcDIVR,0,KDM5-C70
Data14_C70R_C70R.bcACCF,0,KDM5-C70
Data14_C70R_C70R.bcAWME,0,KDM5-C70
Data14_C70R_C70R.bcFKPU,0,KDM5-C70
Data14_C70R_C70R.bcEYKI,0,KDM5-C70
Data14_C70R_C70R.bcIDGD,0,KDM5-C70
Data14_C70R_C70R.bcBMFW,0,KDM5-C70
Data14_C70R_C70R.bcIBOI,0,KDM5-C70
Data14_C70R_C70R.bcCYCX,0,KDM5-C70
Data14_C70R_C70R.bcAMUU,0,KDM5-C70
Data14_C70R_C70R.bcCPNL,0,KDM5-C70
Data14_C70R_C70R.bcAZWN,0,KDM5-C70
Data14_C70R_C70R.bcFMKH,0,KDM5-C70
Data14_C70R_C70R.bcICMI,0,KDM5-C70
Data14_C70R_C70R.bcAWOP,0,KDM5-C70
Data14_C70R_C70R.bcDJWI,0,KDM5-C70
Data14_C70R_C70R.bcHVOM,0,KDM5-C70
Data14_C70R_C70R.bcFXOJ,0,KDM5-C70
Data14_C70R_C70R.bcHNSJ,0,KDM5-C70
Data14_C70R_C70R.bcGUEB,0,KDM5-C70
Data14_C70R_C70R.bcAMZE,0,KDM5-C70
Data14_C70R_C70R.bcFTMA,0,KDM5-C70
Data14_C70R_C70R.bcBVCO,0,KDM5-C70
Data14_C70R_C70R.bcCSBO,0,KDM5-C70
Data14_C70R_C70R.bcFGYC,0,KDM5-C70
Data14_C70R_C70R.bcELOA,0,KDM5-C70
Data14_C70R_C70R.bcDFEB,0,KDM5-C70
Data14_C70R_C70R.bcGBVU,0,KDM5-C70
Data14_C70R_C70R.bcGPLX,0,KDM5-C70
Data14_C70R_C70R.bcAHIQ,0,KDM5-C70
Data14_C70R_C70R.bcFEGP,0,KDM5-C70
Data14_C70R_C70R.bcCHRN,0,KDM5-C70
Data14_C70R_C70R.bcGYZX,0,KDM5-C70
Data14_C70R_C70R.bcFDWI,0,KDM5-C70
Data14_C70R_C70R.bcFGHH,0,KDM5-C70
Data14_C70R_C70R.bcBMNQ,0,KDM5-C70
Data14_C70R_C70R.bcETLT,0,KDM5-C70
Data14_C70R_C70R.bcDLRO,0,KDM5-C70
Data14_C70R_C70R.bcGZXM,0,KDM5-C70
Data14_C70R_C70R.bcGVMO,0,KDM5-C70
Data14_C70R_C70R.bcAJFH,0,KDM5-C70
Data14_C70R_C70R.bcCZKL,0,KDM5-C70
Data14_C70R_C70R.bcCCJN,0,KDM5-C70
Data14_C70R_C70R.bcAILW,0,KDM5-C70
Data14_C70R_C70R.bcEFBC,0,KDM5-C70
Data14_C70R_C70R.bcCGTP,0,KDM5-C70
Data14_C70R_C70R.bcAKWS,0,KDM5-C70
Data14_C70R_C70R.bcHKPM,0,KDM5-C70
Data14_C70R_C70R.bcBSSM,0,KDM5-C70
Data14_C70R_C70R.bcGKEZ,0,KDM5-C70
Data14_C70R_C70R.bcDNRG,0,KDM5-C70
Data14_C70R_C70R.bcHRWI,0,KDM5-C70
Data14_C70R_C70R.bcCAKG,0,KDM5-C70
Data14_C70R_C70R.bcCLRC,0,KDM5-C70
Data14_C70R_C70R.bcCTJM,0,KDM5-C70
Data14_C70R_C70R.bcAFOY,0,KDM5-C70
Data14_C70R_C70R.bcCQKT,0,KDM5-C70
Data14_C70R_C70R.bcGAYI,0,KDM5-C70
Data14_C70R_C70R.bcCATK,0,KDM5-C70
Data14_C70R_C70R.bcFQDR,0,KDM5-C70
Data14_C70R_C70R.bcFPVT,0,KDM5-C70
Data14_C70R_C70R.bcFOSI,0,KDM5-C70
Data14_C70R_C70R.bcHLVQ,0,KDM5-C70
Data14_C70R_C70R.bcIJKU,0,KDM5-C70
Data14_C70R_C70R.bcCGQS,0,KDM5-C70
Data14_C70R_C70R.bcIBGV,0,KDM5-C70
Data14_C70R_C70R.bcEDFV,0,KDM5-C70
Data14_C70R_C70R.bcGODH,0,KDM5-C70
Data14_C70R_C70R.bcANCM,0,KDM5-C70
Data14_C70R_C70R.bcAPJG,0,KDM5-C70
Data14_C70R_C70R.bcEQXL,0,KDM5-C70
Data14_C70R_C70R.bcEPKM,0,KDM5-C70
Data14_C70R_C70R.bcFKQG,0,KDM5-C70
Data14_C70R_C70R.bcGJPB,0,KDM5-C70
Data14_C70R_C70R.bcFAYP,0,KDM5-C70
Data14_C70R_C70R.bcEAZY,0,KDM5-C70
Data14_C70R_C70R.bcAYTW,0,KDM5-C70
Data14_C70R_C70R.bcBGJZ,0,KDM5-C70
Data14_C70R_C70R.bcGUKB,0,KDM5-C70
Data14_C70R_C70R.bcDHJP,0,KDM5-C70
Data14_C70R_C70R.bcHIYN,0,KDM5-C70
Data14_C70R_C70R.bcFKMD,0,KDM5-C70
Data14_C70R_C70R.bcEKBP,0,KDM5-C70
Data14_C70R_C70R.bcADHK,0,KDM5-C70
Data14_C70R_C70R.bcFIHA,0,KDM5-C70
Data14_C70R_C70R.bcCMTW,0,KDM5-C70
Data14_C70R_C70R.bcIAFW,0,KDM5-C70
Data14_C70R_C70R.bcBIQU,0,KDM5-C70
Data14_C70R_C70R.bcAXBV,0,KDM5-C70
Data14_C70R_C70R.bcAJVV,0,KDM5-C70
Data14_C70R_C70R.bcBNDD,0,KDM5-C70
Data14_C70R_C70R.bcEGJR,0,KDM5-C70
Data14_C70R_C70R.bcFIYF,0,KDM5-C70
Data14_C70R_C70R.bcGLGW,0,KDM5-C70
Data14_C70R_C70R.bcAYSL,0,KDM5-C70
Data14_C70R_C70R.bcCMJO,0,KDM5-C70
Data14_C70R_C70R.bcEKCX,0,KDM5-C70
Data14_C70R_C70R.bcELGA,0,KDM5-C70
Data14_C70R_C70R.bcFFCD,0,KDM5-C70
Data14_C70R_C70R.bcDPEV,0,KDM5-C70
Data14_C70R_C70R.bcAAGM,0,KDM5-C70
Data14_C70R_C70R.bcBDPK,0,KDM5-C70
Data14_C70R_C70R.bcGNOO,0,KDM5-C70
Data14_C70R_C70R.bcEILO,0,KDM5-C70
Data14_C70R_C70R.bcIBBS,0,KDM5-C70
Data14_C70R_C70R.bcHHAF,0,KDM5-C70
Data14_C70R_C70R.bcHWIK,0,KDM5-C70
Data14_C70R_C70R.bcDCVH,0,KDM5-C70
Data14_C70R_C70R.bcGTYS,0,KDM5-C70
Data14_C70R_C70R.bcFRKI,0,KDM5-C70
Data14_C70R_C70R.bcALWJ,0,KDM5-C70
Data14_C70R_C70R.bcFTBI,0,KDM5-C70
Data14_C70R_C70R.bcBEHB,0,KDM5-C70
Data14_C70R_C70R.bcDPTG,0,KDM5-C70
Data14_C70R_C70R.bcDQGN,0,KDM5-C70
Data14_C70R_C70R.bcEHNR,0,KDM5-C70
Data14_C70R_C70R.bcFFXD,0,KDM5-C70
Data14_C70R_C70R.bcBRQC,0,KDM5-C70
Data14_C70R_C70R.bcBCVW,0,KDM5-C70
Data14_C70R_C70R.bcEQBD,0,KDM5-C70
Data14_C70R_C70R.bcCERP,0,KDM5-C70
Data14_C70R_C70R.bcBCAS,0,KDM5-C70
Data14_C70R_C70R.bcBFEO,0,KDM5-C70
Data14_C70R_C70R.bcFBCX,0,KDM5-C70
Data14_C70R_C70R.bcAJJN,0,KDM5-C70
Data14_C70R_C70R.bcCZRD,0,KDM5-C70
Data14_C70R_C70R.bcDBIG,0,KDM5-C70
Data14_C70R_C70R.bcHCTL,0,KDM5-C70
Data14_C70R_C70R.bcIHEG,0,KDM5-C70
Data14_C70R_C70R.bcCYYS,0,KDM5-C70
Data14_C70R_C70R.bcDIET,0,KDM5-C70
Data14_C70R_C70R.bcEVLH,0,KDM5-C70
Data14_C70R_C70R.bcGSVS,0,KDM5-C70
Data14_C70R_C70R.bcFNKP,0,KDM5-C70
Data14_C70R_C70R.bcEQLP,0,KDM5-C70
Data14_C70R_C70R.bcGNJC,0,KDM5-C70
Data14_C70R_C70R.bcCJQH,0,KDM5-C70
Data14_C70R_C70R.bcIFUT,0,KDM5-C70
Data14_C70R_C70R.bcARWI,0,KDM5-C70
Data14_C70R_C70R.bcHNKR,0,KDM5-C70
Data14_C70R_C70R.bcFHPB,0,KDM5-C70
Data14_C70R_C70R.bcEIZA,0,KDM5-C70
Data14_C70R_C70R.bcAYYM,0,KDM5-C70
Data14_C70R_C70R.bcHWHF,0,KDM5-C70
Data14_C70R_C70R.bcCZSQ,0,KDM5-C70
Data14_C70R_C70R.bcBNYN,0,KDM5-C70
Data14_C70R_C70R.bcAIYS,0,KDM5-C70
Data14_C70R_C70R.bcFZQB,0,KDM5-C70
Data14_C70R_C70R.bcDTUE,0,KDM5-C70
Data14_C70R_C70R.bcAGQW,0,KDM5-C70
Data14_C70R_C70R.bcFKQO,0,KDM5-C70
Data14_C70R_C70R.bcEDHA,0,KDM5-C70
Data14_C70R_C70R.bcFUPQ,0,KDM5-C70
Data14_C70R_C70R.bcGWWK,0,KDM5-C70
Data14_C70R_C70R.bcDBAI,0,KDM5-C70
Data14_C70R_C70R.bcAUCE,0,KDM5-C70
Data14_C70R_C70R.bcBNWJ,0,KDM5-C70
Data14_C70R_C70R.bcFVKZ,0,KDM5-C70
Data14_C70R_C70R.bcARLG,0,KDM5-C70
Data14_C70R_C70R.bcHKEZ,0,KDM5-C70
Data14_C70R_C70R.bcEVZY,0,KDM5-C70
Data14_C70R_C70R.bcBBUG,0,KDM5-C70
Data14_C70R_C70R.bcBKHD,0,KDM5-C70
Data14_C70R_C70R.bcGJGB,0,KDM5-C70
Data14_C70R_C70R.bcEHBH,0,KDM5-C70
Data14_C70R_C70R.bcBIEM,0,KDM5-C70
Data14_C70R_C70R.bcCIPD,0,KDM5-C70
Data14_C70R_C70R.bcCLKP,0,KDM5-C70
Data14_C70R_C70R.bcEBFM,0,KDM5-C70
Data14_C70R_C70R.bcFWOZ,0,KDM5-C70
Data14_C70R_C70R.bcHFCF,0,KDM5-C70
Data14_C70R_C70R.bcABMQ,0,KDM5-C70
Data14_C70R_C70R.bcDEVB,0,KDM5-C70
Data14_C70R_C70R.bcFTFF,0,KDM5-C70
Data14_C70R_C70R.bcESZF,0,KDM5-C70
Data14_C70R_C70R.bcGNYK,0,KDM5-C70
Data14_C70R_C70R.bcASQH,0,KDM5-C70
Data14_C70R_C70R.bcEBOZ,0,KDM5-C70
Data14_C70R_C70R.bcDWNW,0,KDM5-C70
Data14_C70R_C70R.bcGNLJ,0,KDM5-C70
Data14_C70R_C70R.bcAGKR,0,KDM5-C70
Data14_C70R_C70R.bcCDEX,0,KDM5-C70
Data14_C70R_C70R.bcBFPL,0,KDM5-C70
Data14_C70R_C70R.bcDIUV,0,KDM5-C70
Data14_C70R_C70R.bcIIJW,0,KDM5-C70
Data14_C70R_C70R.bcFWZA,0,KDM5-C70
Data14_C70R_C70R.bcBHWR,0,KDM5-C70
Data14_C70R_C70R.bcGSMN,0,KDM5-C70
Data14_C70R_C70R.bcACBH,0,KDM5-C70
Data14_C70R_C70R.bcFWLW,0,KDM5-C70
Data14_C70R_C70R.bcHCZC,0,KDM5-C70
Data14_C70R_C70R.bcEGMU,0,KDM5-C70
Data14_C70R_C70R.bcGMLU,0,KDM5-C70
Data14_C70R_C70R.bcIFYQ,0,KDM5-C70
Data14_C70R_C70R.bcAVKF,0,KDM5-C70
Data14_C70R_C70R.bcCMMO,0,KDM5-C70
Data14_C70R_C70R.bcCORR,0,KDM5-C70
Data14_C70R_C70R.bcCTNP,0,KDM5-C70
Data14_C70R_C70R.bcEMTX,0,KDM5-C70
Data14_C70R_C70R.bcCWLF,0,KDM5-C70
Data14_C70R_C70R.bcHOPQ,0,KDM5-C70
Data14_C70R_C70R.bcCYTD,0,KDM5-C70
Data14_C70R_C70R.bcAJBI,0,KDM5-C70
Data14_C70R_C70R.bcBVYG,0,KDM5-C70
Data14_C70R_C70R.bcDENC,0,KDM5-C70
Data14_C70R_C70R.bcAZDW,0,KDM5-C70
Data14_C70R_C70R.bcHBLB,0,KDM5-C70
Data14_C70R_C70R.bcEEFE,0,KDM5-C70
Data14_C70R_C70R.bcEXZY,0,KDM5-C70
Data14_C70R_C70R.bcHVMF,0,KDM5-C70
Data14_C70R_C70R.bcAEMI,0,KDM5-C70
Data14_C70R_C70R.bcHMMK,0,KDM5-C70
Data14_C70R_C70R.bcARGM,0,KDM5-C70
Data14_C70R_C70R.bcAIOY,0,KDM5-C70
Data14_C70R_C70R.bcEZIN,0,KDM5-C70
Data14_C70R_C70R.bcARTY,0,KDM5-C70
Data14_C70R_C70R.bcELNS,0,KDM5-C70
Data14_C70R_C70R.bcECGS,0,KDM5-C70
Data14_C70R_C70R.bcAOCY,0,KDM5-C70
Data14_C70R_C70R.bcEFPM,0,KDM5-C70
Data14_C70R_C70R.bcEGCU,0,KDM5-C70
Data14_C70R_C70R.bcCAVO,0,KDM5-C70
Data14_C70R_C70R.bcCCGL,0,KDM5-C70
Data14_C70R_C70R.bcEDIA,0,KDM5-C70
Data14_C70R_C70R.bcHWYI,0,KDM5-C70
Data14_C70R_C70R.bcGHXW,0,KDM5-C70
Data14_C70R_C70R.bcBRAG,0,KDM5-C70
Data14_C70R_C70R.bcDZYF,0,KDM5-C70
Data14_C70R_C70R.bcGMRQ,0,KDM5-C70
Data14_C70R_C70R.bcGEZH,0,KDM5-C70
Data14_C70R_C70R.bcDDSP,0,KDM5-C70
Data14_C70R_C70R.bcFLPQ,0,KDM5-C70
Data14_C70R_C70R.bcHZFO,0,KDM5-C70
Data14_C70R_C70R.bcGBRO,0,KDM5-C70
Data14_C70R_C70R.bcBUUB,0,KDM5-C70
Data14_C70R_C70R.bcCOOA,0,KDM5-C70
Data14_C70R_C70R.bcAJFK,0,KDM5-C70
Data14_C70R_C70R.bcEDGD,0,KDM5-C70
Data14_C70R_C70R.bcDQGS,0,KDM5-C70
Data14_C70R_C70R.bcHBYN,0,KDM5-C70
Data14_C70R_C70R.bcAWNV,0,KDM5-C70
Data14_C70R_C70R.bcCPBQ,0,KDM5-C70
Data14_C70R_C70R.bcARSY,0,KDM5-C70
Data14_C70R_C70R.bcDTRV,0,KDM5-C70
Data14_C70R_C70R.bcCTXA,0,KDM5-C70
Data14_C70R_C70R.bcAFWO,0,KDM5-C70
Data14_C70R_C70R.bcDJVP,0,KDM5-C70
Data14_C70R_C70R.bcAEBS,0,KDM5-C70
Data14_C70R_C70R.bcHJVU,0,KDM5-C70
Data14_C70R_C70R.bcBTBL,0,KDM5-C70
Data14_C70R_C70R.bcCWVL,0,KDM5-C70
Data14_C70R_C70R.bcHSBQ,0,KDM5-C70
Data14_C70R_C70R.bcAYQC,0,KDM5-C70
Data14_C70R_C70R.bcFEKJ,0,KDM5-C70
Data14_C70R_C70R.bcALBA,0,KDM5-C70
Data14_C70R_C70R.bcDFAR,0,KDM5-C70
Data14_C70R_C70R.bcDEUK,0,KDM5-C70
Data14_C70R_C70R.bcBJRI,0,KDM5-C70
Data14_C70R_C70R.bcBKUP,0,KDM5-C70
Data14_C70R_C70R.bcGIQB,0,KDM5-C70
Data14_C70R_C70R.bcCCKJ,0,KDM5-C70
Data14_C70R_C70R.bcCLDX,0,KDM5-C70
Data14_C70R_C70R.bcFVFO,0,KDM5-C70
Data14_C70R_C70R.bcDMCF,0,KDM5-C70
Data14_C70R_C70R.bcAFQN,0,KDM5-C70
Data14_C70R_C70R.bcEAKZ,0,KDM5-C70
Data14_C70R_C70R.bcICZK,0,KDM5-C70
Data14_C70R_C70R.bcIIDI,0,KDM5-C70
Data14_C70R_C70R.bcFOFE,0,KDM5-C70
Data14_C70R_C70R.bcAHPD,0,KDM5-C70
Data14_C70R_C70R.bcDQEE,0,KDM5-C70
Data14_C70R_C70R.bcAUQC,0,KDM5-C70
Data14_C70R_C70R.bcELHH,0,KDM5-C70
Data14_C70R_C70R.bcCMYW,0,KDM5-C70
Data14_C70R_C70R.bcEYDB,0,KDM5-C70
Data14_C70R_C70R.bcDVJV,0,KDM5-C70
Data14_C70R_C70R.bcBNUH,0,KDM5-C70
Data14_C70R_C70R.bcHACW,0,KDM5-C70
Data14_C70R_C70R.bcDGTF,0,KDM5-C70
Data14_C70R_C70R.bcETWW,0,KDM5-C70
Data14_C70R_C70R.bcDDMR,0,KDM5-C70
Data14_C70R_C70R.bcATBZ,0,KDM5-C70
Data14_C70R_C70R.bcCFIV,0,KDM5-C70
Data14_C70R_C70R.bcFQEO,0,KDM5-C70
Data14_C70R_C70R.bcANUB,0,KDM5-C70
Data14_C70R_C70R.bcICRR,0,KDM5-C70
Data14_C70R_C70R.bcCAYX,0,KDM5-C70
Data14_C70R_C70R.bcFTSP,0,KDM5-C70
Data14_C70R_C70R.bcEPCB,0,KDM5-C70
Data14_C70R_C70R.bcBBVR,0,KDM5-C70
Data14_C70R_C70R.bcFSXX,0,KDM5-C70
Data14_C70R_C70R.bcCLZT,0,KDM5-C70
Data14_C70R_C70R.bcCTOG,0,KDM5-C70
Data14_C70R_C70R.bcAMGE,0,KDM5-C70
Data14_C70R_C70R.bcDBIO,0,KDM5-C70
Data14_C70R_C70R.bcIDUP,0,KDM5-C70
Data14_C70R_C70R.bcAJBY,0,KDM5-C70
Data14_C70R_C70R.bcCOGM,0,KDM5-C70
Data14_C70R_C70R.bcHEDW,0,KDM5-C70
Data14_C70R_C70R.bcFDCU,0,KDM5-C70
Data14_C70R_C70R.bcEJRY,0,KDM5-C70
Data14_C70R_C70R.bcDUEA,0,KDM5-C70
Data14_C70R_C70R.bcIBWP,0,KDM5-C70
Data14_C70R_C70R.bcFGEF,0,KDM5-C70
Data14_C70R_C70R.bcFXLB,0,KDM5-C70
Data14_C70R_C70R.bcBHSH,0,KDM5-C70
Data14_C70R_C70R.bcFGIQ,0,KDM5-C70
Data14_C70R_C70R.bcCXQV,0,KDM5-C70
Data14_C70R_C70R.bcBLFW,0,KDM5-C70
Data14_C70R_C70R.bcATCW,0,KDM5-C70
Data14_C70R_C70R.bcENKF,0,KDM5-C70
Data14_C70R_C70R.bcIDNN,0,KDM5-C70
Data14_C70R_C70R.bcHFDA,0,KDM5-C70
Data14_C70R_C70R.bcBEAV,0,KDM5-C70
Data14_C70R_C70R.bcCEYO,0,KDM5-C70
Data14_C70R_C70R.bcEDRZ,0,KDM5-C70
Data14_C70R_C70R.bcGIBY,0,KDM5-C70
Data14_C70R_C70R.bcBVQP,0,KDM5-C70
Data14_C70R_C70R.bcAZPO,0,KDM5-C70
Data14_C70R_C70R.bcIIJE,0,KDM5-C70
Data14_C70R_C70R.bcICPX,0,KDM5-C70
Data14_C70R_C70R.bcGMWW,0,KDM5-C70
Data14_C70R_C70R.bcIEBZ,0,KDM5-C70
Data14_C70R_C70R.bcBAPU,0,KDM5-C70
Data14_C70R_C70R.bcDYKK,0,KDM5-C70
Data14_C70R_C70R.bcDWET,0,KDM5-C70
Data14_C70R_C70R.bcAJPZ,0,KDM5-C70
Data14_C70R_C70R.bcBKSA,0,KDM5-C70
Data14_C70R_C70R.bcGDOW,0,KDM5-C70
Data14_C70R_C70R.bcDWOW,0,KDM5-C70
Data14_C70R_C70R.bcGYKU,0,KDM5-C70
Data14_C70R_C70R.bcDAGC,0,KDM5-C70
Data14_C70R_C70R.bcDCNC,0,KDM5-C70
Data14_C70R_C70R.bcHUJS,0,KDM5-C70
Data14_C70R_C70R.bcADJX,0,KDM5-C70
Data14_C70R_C70R.bcAOSN,0,KDM5-C70
Data14_C70R_C70R.bcBYLG,0,KDM5-C70
Data14_C70R_C70R.bcDMNZ,0,KDM5-C70
Data14_C70R_C70R.bcHIAU,0,KDM5-C70
Data14_C70R_C70R.bcFAHU,0,KDM5-C70
Data14_C70R_C70R.bcEWMH,0,KDM5-C70
Data14_C70R_C70R.bcFIEI,0,KDM5-C70
Data14_C70R_C70R.bcHFRU,0,KDM5-C70
Data14_C70R_C70R.bcFXUT,0,KDM5-C70
Data14_C70R_C70R.bcFAJD,0,KDM5-C70
Data14_C70R_C70R.bcFDQB,0,KDM5-C70
Data14_C70R_C70R.bcCVKQ,0,KDM5-C70
Data14_C70R_C70R.bcBXXO,0,KDM5-C70
Data14_C70R_C70R.bcELSZ,0,KDM5-C70
Data14_C70R_C70R.bcCZYW,0,KDM5-C70
Data14_C70R_C70R.bcDJEQ,0,KDM5-C70
Data14_C70R_C70R.bcAJBO,0,KDM5-C70
Data14_C70R_C70R.bcDMRL,0,KDM5-C70
Data14_C70R_C70R.bcGGRO,0,KDM5-C70
Data14_C70R_C70R.bcFEMB,0,KDM5-C70
Data14_C70R_C70R.bcANSE,0,KDM5-C70
Data14_C70R_C70R.bcHUJN,0,KDM5-C70
Data14_C70R_C70R.bcGCIZ,0,KDM5-C70
Data14_C70R_C70R.bcFXXG,0,KDM5-C70
Data14_C70R_C70R.bcEHIA,0,KDM5-C70
Data14_C70R_C70R.bcAKOT,0,KDM5-C70
Data14_C70R_C70R.bcGBXW,0,KDM5-C70
Data14_C70R_C70R.bcDSPJ,0,KDM5-C70
Data14_C70R_C70R.bcEFKC,0,KDM5-C70
Data14_C70R_C70R.bcDCNQ,0,KDM5-C70
Data14_C70R_C70R.bcFLSN,0,KDM5-C70
Data14_C70R_C70R.bcAFSZ,0,KDM5-C70
Data14_C70R_C70R.bcBDSL,0,KDM5-C70
Data14_C70R_C70R.bcDBRR,0,KDM5-C70
Data14_C70R_C70R.bcDZIQ,0,KDM5-C70
Data14_C70R_C70R.bcEJMI,0,KDM5-C70
Data14_C70R_C70R.bcAUQZ,0,KDM5-C70
Data14_C70R_C70R.bcCZEO,0,KDM5-C70
Data14_C70R_C70R.bcACIC,0,KDM5-C70
Data14_C70R_C70R.bcADTI,0,KDM5-C70
Data14_C70R_C70R.bcDAOB,0,KDM5-C70
Data14_C70R_C70R.bcFIXJ,0,KDM5-C70
Data14_C70R_C70R.bcFWPP,0,KDM5-C70
Data14_C70R_C70R.bcFVOQ,0,KDM5-C70
Data14_C70R_C70R.bcENGM,0,KDM5-C70
Data14_C70R_C70R.bcDYUU,0,KDM5-C70
Data14_C70R_C70R.bcGAEF,0,KDM5-C70
Data14_C70R_C70R.bcAYAX,0,KDM5-C70
Data14_C70R_C70R.bcFBEI,0,KDM5-C70
Data14_C70R_C70R.bcEBOS,0,KDM5-C70
Data14_C70R_C70R.bcAIWS,0,KDM5-C70
Data14_C70R_C70R.bcGQIQ,0,KDM5-C70
Data14_C70R_C70R.bcBXFL,0,KDM5-C70
Data14_C70R_C70R.bcFUCX,0,KDM5-C70
Data14_C70R_C70R.bcCWXE,0,KDM5-C70
Data14_C70R_C70R.bcAYRT,0,KDM5-C70
Data14_C70R_C70R.bcFCID,0,KDM5-C70
Data14_C70R_C70R.bcDVNQ,0,KDM5-C70
Data14_C70R_C70R.bcBFUI,0,KDM5-C70
Data14_C70R_C70R.bcBUZZ,0,KDM5-C70
Data14_C70R_C70R.bcAHIY,0,KDM5-C70
Data14_C70R_C70R.bcDRIY,0,KDM5-C70
Data14_C70R_C70R.bcDLMO,0,KDM5-C70
Data14_C70R_C70R.bcFBRC,0,KDM5-C70
Data14_C70R_C70R.bcHFEY,0,KDM5-C70
Data14_C70R_C70R.bcGVFJ,0,KDM5-C70
Data14_C70R_C70R.bcDMXP,0,KDM5-C70
Data14_C70R_C70R.bcFSMG,0,KDM5-C70
Data14_C70R_C70R.bcBHTF,0,KDM5-C70
Data14_C70R_C70R.bcHQBV,0,KDM5-C70
Data14_C70R_C70R.bcECGK,0,KDM5-C70
Data14_C70R_C70R.bcFPCQ,0,KDM5-C70
Data14_C70R_C70R.bcDOXS,0,KDM5-C70
Data14_C70R_C70R.bcEWOV,0,KDM5-C70
Data14_C70R_C70R.bcFNHW,0,KDM5-C70
Data14_C70R_C70R.bcBKMN,0,KDM5-C70
Data14_C70R_C70R.bcBLZW,0,KDM5-C70
Data14_C70R_C70R.bcHRDV,0,KDM5-C70
Data14_C70R_C70R.bcCXZJ,0,KDM5-C70
Data14_C70R_C70R.bcCYSU,0,KDM5-C70
Data14_C70R_C70R.bcESSJ,0,KDM5-C70
Data14_C70R_C70R.bcBMJQ,0,KDM5-C70
Data14_C70R_C70R.bcENWK,0,KDM5-C70
Data14_C70R_C70R.bcBAAD,0,KDM5-C70
Data14_C70R_C70R.bcCBJZ,0,KDM5-C70
Data14_C70R_C70R.bcADNE,0,KDM5-C70
Data14_C70R_C70R.bcAABG,0,KDM5-C70
Data14_C70R_C70R.bcANKT,0,KDM5-C70
Data14_C70R_C70R.bcGPPE,0,KDM5-C70
Data14_C70R_C70R.bcFZMO,0,KDM5-C70
Data14_C70R_C70R.bcEEHE,0,KDM5-C70
Data14_C70R_C70R.bcDAHX,0,KDM5-C70
Data14_C70R_C70R.bcADQE,0,KDM5-C70
Data14_C70R_C70R.bcBUDL,0,KDM5-C70
Data14_C70R_C70R.bcEQAM,0,KDM5-C70
Data14_C70R_C70R.bcAEWX,0,KDM5-C70
Data14_C70R_C70R.bcAIUT,0,KDM5-C70
Data14_C70R_C70R.bcEPTJ,0,KDM5-C70
Data14_C70R_C70R.bcBZRM,0,KDM5-C70
Data14_C70R_C70R.bcBGFU,0,KDM5-C70
Data14_C70R_C70R.bcCBAQ,0,KDM5-C70
Data14_C70R_C70R.bcFQPE,0,KDM5-C70
Data14_C70R_C70R.bcFMUO,0,KDM5-C70
Data14_C70R_C70R.bcFOXN,0,KDM5-C70
Data14_C70R_C70R.bcGKKO,0,KDM5-C70
Data14_C70R_C70R.bcDTHU,0,KDM5-C70
Data14_C70R_C70R.bcCGOD,0,KDM5-C70
Data14_C70R_C70R.bcHIWF,0,KDM5-C70
Data14_C70R_C70R.bcACUG,0,KDM5-C70
Data14_C70R_C70R.bcERCL,0,KDM5-C70
Data14_C70R_C70R.bcEEZR,0,KDM5-C70
Data14_C70R_C70R.bcARTK,0,KDM5-C70
Data14_C70R_C70R.bcAGER,0,KDM5-C70
Data14_C70R_C70R.bcEZKE,0,KDM5-C70
Data14_C70R_C70R.bcDMSA,0,KDM5-C70
Data14_C70R_C70R.bcEMSE,0,KDM5-C70
Data14_C70R_C70R.bcCZXF,0,KDM5-C70
Data14_C70R_C70R.bcEXLG,0,KDM5-C70
Data14_C70R_C70R.bcBIOI,0,KDM5-C70
Data14_C70R_C70R.bcAOCE,0,KDM5-C70
Data14_C70R_C70R.bcCBXN,0,KDM5-C70
Data14_C70R_C70R.bcBTAD,0,KDM5-C70
Data14_C70R_C70R.bcELZU,0,KDM5-C70
Data14_C70R_C70R.bcIGRJ,0,KDM5-C70
Data14_C70R_C70R.bcDSIU,0,KDM5-C70
Data14_C70R_C70R.bcAPOW,0,KDM5-C70
Data14_C70R_C70R.bcAZDC,0,KDM5-C70
Data14_C70R_C70R.bcECDH,0,KDM5-C70
Data14_C70R_C70R.bcDPUN,0,KDM5-C70
Data14_C70R_C70R.bcEVFB,0,KDM5-C70
Data14_C70R_C70R.bcIEYF,0,KDM5-C70
Data14_C70R_C70R.bcHQAH,0,KDM5-C70
Data14_C70R_C70R.bcHXBE,0,KDM5-C70
Data14_C70R_C70R.bcFFPQ,0,KDM5-C70
Data14_C70R_C70R.bcHIZS,0,KDM5-C70
Data14_C70R_C70R.bcAJJH,0,KDM5-C70
Data14_C70R_C70R.bcDRUS,0,KDM5-C70
Data14_C70R_C70R.bcHJFS,0,KDM5-C70
Data14_C70R_C70R.bcDDCD,0,KDM5-C70
Data14_C70R_C70R.bcERSY,0,KDM5-C70
Data14_C70R_C70R.bcCALV,0,KDM5-C70
Data14_C70R_C70R.bcCCSL,0,KDM5-C70
Data14_C70R_C70R.bcEYVI,0,KDM5-C70
Data14_C70R_C70R.bcESGW,0,KDM5-C70
Data14_C70R_C70R.bcBFPB,0,KDM5-C70
Data14_C70R_C70R.bcAMQF,0,KDM5-C70
Data14_C70R_C70R.bcGICY,0,KDM5-C70
Data14_C70R_C70R.bcBMFB,0,KDM5-C70
Data14_C70R_C70R.bcBTUI,0,KDM5-C70
Data14_C70R_C70R.bcHFVN,0,KDM5-C70
Data14_C70R_C70R.bcBJYX,0,KDM5-C70
Data14_C70R_C70R.bcHFFP,0,KDM5-C70
Data14_C70R_C70R.bcFPPS,0,KDM5-C70
Data14_C70R_C70R.bcGGNO,0,KDM5-C70
Data14_C70R_C70R.bcEMZP,0,KDM5-C70
Data14_C70R_C70R.bcBFUT,0,KDM5-C70
Data14_C70R_C70R.bcFTEL,0,KDM5-C70
Data14_C70R_C70R.bcHLNO,0,KDM5-C70
Data14_C70R_C70R.bcHUFX,0,KDM5-C70
Data14_C70R_C70R.bcFVKY,0,KDM5-C70
Data14_C70R_C70R.bcGAVR,0,KDM5-C70
Data14_C70R_C70R.bcFSPH,0,KDM5-C70
Data14_C70R_C70R.bcFKWG,0,KDM5-C70
Data14_C70R_C70R.bcBYXE,0,KDM5-C70
Data14_C70R_C70R.bcIINE,0,KDM5-C70
Data14_C70R_C70R.bcAMZB,0,KDM5-C70
Data14_C70R_C70R.bcGRAU,0,KDM5-C70
Data14_C70R_C70R.bcAUCI,0,KDM5-C70
Data14_C70R_C70R.bcFVOH,0,KDM5-C70
Data14_C70R_C70R.bcDQXQ,0,KDM5-C70
Data14_C70R_C70R.bcGTHC,0,KDM5-C70
Data14_C70R_C70R.bcCKVI,0,KDM5-C70
Data14_C70R_C70R.bcBIFK,0,KDM5-C70
Data14_C70R_C70R.bcGTJA,0,KDM5-C70
Data14_C70R_C70R.bcGCIV,0,KDM5-C70
Data14_C70R_C70R.bcDPSD,0,KDM5-C70
Data14_C70R_C70R.bcCNZY,0,KDM5-C70
Data14_C70R_C70R.bcHPOR,0,KDM5-C70
Data14_C70R_C70R.bcEAAY,0,KDM5-C70
Data14_C70R_C70R.bcDIVF,0,KDM5-C70
Data14_C70R_C70R.bcHTCK,0,KDM5-C70
Data14_C70R_C70R.bcDYFD,0,KDM5-C70
Data14_C70R_C70R.bcGTFU,0,KDM5-C70
Data14_C70R_C70R.bcDNDF,0,KDM5-C70
Data14_C70R_C70R.bcHKLV,0,KDM5-C70
Data14_C70R_C70R.bcHCLP,0,KDM5-C70
Data14_C70R_C70R.bcEGIZ,0,KDM5-C70
Data14_C70R_C70R.bcBVWV,0,KDM5-C70
Data14_C70R_C70R.bcDZNF,0,KDM5-C70
Data14_C70R_C70R.bcHAOZ,0,KDM5-C70
Data14_C70R_C70R.bcDLYQ,0,KDM5-C70
Data14_C70R_C70R.bcEPUJ,0,KDM5-C70
Data14_C70R_C70R.bcFHTQ,0,KDM5-C70
Data14_C70R_C70R.bcGMAY,0,KDM5-C70
Data14_C70R_C70R.bcDIIL,0,KDM5-C70
Data14_C70R_C70R.bcHICY,0,KDM5-C70
Data14_C70R_C70R.bcCIVM,0,KDM5-C70
Data14_C70R_C70R.bcDGMA,0,KDM5-C70
Data14_C70R_C70R.bcCUPZ,0,KDM5-C70
Data14_C70R_C70R.bcHVKF,0,KDM5-C70
Data14_C70R_C70R.bcGIAN,0,KDM5-C70
Data14_C70R_C70R.bcBUPS,0,KDM5-C70
Data14_C70R_C70R.bcIGSD,0,KDM5-C70
Data14_C70R_C70R.bcEYBN,0,KDM5-C70
Data14_C70R_C70R.bcBGYE,0,KDM5-C70
Data14_C70R_C70R.bcAYIH,0,KDM5-C70
Data14_C70R_C70R.bcDXXI,0,KDM5-C70
Data14_C70R_C70R.bcHYXT,0,KDM5-C70
Data14_C70R_C70R.bcGLHD,0,KDM5-C70
Data14_C70R_C70R.bcDZJZ,0,KDM5-C70
Data14_C70R_C70R.bcCDKO,0,KDM5-C70
Data14_C70R_C70R.bcDSUA,0,KDM5-C70
Data14_C70R_C70R.bcEKCG,0,KDM5-C70
Data14_C70R_C70R.bcAEGA,0,KDM5-C70
Data14_C70R_C70R.bcBIRO,0,KDM5-C70
Data14_C70R_C70R.bcCLYX,0,KDM5-C70
Data14_C70R_C70R.bcAWEH,0,KDM5-C70
Data14_C70R_C70R.bcDSBP,0,KDM5-C70
Data14_C70R_C70R.bcFDRX,0,KDM5-C70
Data14_C70R_C70R.bcDPZP,0,KDM5-C70
Data14_C70R_C70R.bcICNX,0,KDM5-C70
Data14_C70R_C70R.bcDLCY,0,KDM5-C70
Data14_C70R_C70R.bcBAIT,0,KDM5-C70
Data14_C70R_C70R.bcFIXW,0,KDM5-C70
Data14_C70R_C70R.bcBFQP,0,KDM5-C70
Data14_C70R_C70R.bcCYHC,0,KDM5-C70
Data14_C70R_C70R.bcBQWU,0,KDM5-C70
Data14_C70R_C70R.bcFNGB,0,KDM5-C70
Data14_C70R_C70R.bcCUWC,0,KDM5-C70
Data14_C70R_C70R.bcBENO,0,KDM5-C70
Data14_C70R_C70R.bcFAOV,0,KDM5-C70
Data14_C70R_C70R.bcGITU,0,KDM5-C70
Data14_C70R_C70R.bcFQIW,0,KDM5-C70
Data14_C70R_C70R.bcIFSD,0,KDM5-C70
Data14_C70R_C70R.bcEARB,0,KDM5-C70
Data14_C70R_C70R.bcGLFP,0,KDM5-C70
Data14_C70R_C70R.bcBRRL,0,KDM5-C70
Data14_C70R_C70R.bcCNNR,0,KDM5-C70
Data14_C70R_C70R.bcGRQM,0,KDM5-C70
Data14_C70R_C70R.bcESCO,0,KDM5-C70
Data14_C70R_C70R.bcCYAY,0,KDM5-C70
Data14_C70R_C70R.bcGUUU,0,KDM5-C70
Data14_C70R_C70R.bcEJMF,0,KDM5-C70
Data14_C70R_C70R.bcDBHB,0,KDM5-C70
Data14_C70R_C70R.bcBBAM,0,KDM5-C70
Data14_C70R_C70R.bcDGGA,0,KDM5-C70
Data14_C70R_C70R.bcFSCY,0,KDM5-C70
Data14_C70R_C70R.bcGXXR,0,KDM5-C70
Data14_C70R_C70R.bcCXKS,0,KDM5-C70
Data14_C70R_C70R.bcAJMW,0,KDM5-C70
Data14_C70R_C70R.bcESZX,0,KDM5-C70
Data14_C70R_C70R.bcEKPG,0,KDM5-C70
Data14_C70R_C70R.bcFDAY,0,KDM5-C70
Data14_C70R_C70R.bcGDOK,0,KDM5-C70
Data14_C70R_C70R.bcDJZR,0,KDM5-C70
Data14_C70R_C70R.bcEFSB,0,KDM5-C70
Data14_C70R_C70R.bcBREZ,0,KDM5-C70
Data14_C70R_C70R.bcCFTO,0,KDM5-C70
Data14_C70R_C70R.bcHGOI,0,KDM5-C70
Data14_C70R_C70R.bcDASD,0,KDM5-C70
Data14_C70R_C70R.bcEFGZ,0,KDM5-C70
Data14_C70R_C70R.bcAZMY,0,KDM5-C70
Data14_C70R_C70R.bcGLBS,0,KDM5-C70
Data14_C70R_C70R.bcBUPM,0,KDM5-C70
Data14_C70R_C70R.bcFZGN,0,KDM5-C70
Data14_C70R_C70R.bcEPXP,0,KDM5-C70
Data14_C70R_C70R.bcEPQZ,0,KDM5-C70
Data14_C70R_C70R.bcGGBA,0,KDM5-C70
Data14_C70R_C70R.bcATQE,0,KDM5-C70
Data14_C70R_C70R.bcFZFH,0,KDM5-C70
Data14_C70R_C70R.bcDHJM,0,KDM5-C70
Data14_C70R_C70R.bcFPDP,0,KDM5-C70
Data14_C70R_C70R.bcFZEN,0,KDM5-C70
Data14_C70R_C70R.bcGCOK,0,KDM5-C70
Data14_C70R_C70R.bcCCIU,0,KDM5-C70
Data14_C70R_C70R.bcBTLF,0,KDM5-C70
Data14_C70R_C70R.bcBVII,0,KDM5-C70
Data14_C70R_C70R.bcDCRN,0,KDM5-C70
Data14_C70R_C70R.bcCQPM,0,KDM5-C70
Data14_C70R_C70R.bcDGUY,0,KDM5-C70
Data14_C70R_C70R.bcFZBD,0,KDM5-C70
Data14_C70R_C70R.bcEWGR,0,KDM5-C70
Data14_C70R_C70R.bcGLOG,0,KDM5-C70
Data14_C70R_C70R.bcGCKD,0,KDM5-C70
Data14_C70R_C70R.bcAFRA,0,KDM5-C70
Data14_C70R_C70R.bcHZAC,0,KDM5-C70
Data14_C70R_C70R.bcHWOP,0,KDM5-C70
Data14_C70R_C70R.bcFTGT,0,KDM5-C70
Data14_C70R_C70R.bcGDBO,0,KDM5-C70
Data14_C70R_C70R.bcDYAW,0,KDM5-C70
Data14_C70R_C70R.bcGYVK,0,KDM5-C70
Data14_C70R_C70R.bcDERR,0,KDM5-C70
Data14_C70R_C70R.bcDADV,0,KDM5-C70
Data14_C70R_C70R.bcCPSR,0,KDM5-C70
Data14_C70R_C70R.bcCYTZ,0,KDM5-C70
Data14_C70R_C70R.bcEDWE,0,KDM5-C70
Data14_C70R_C70R.bcEOHQ,0,KDM5-C70
Data14_C70R_C70R.bcFQPQ,0,KDM5-C70
Data14_C70R_C70R.bcDVNS,0,KDM5-C70
Data14_C70R_C70R.bcBQIS,0,KDM5-C70
Data14_C70R_C70R.bcAHDC,0,KDM5-C70
Data14_C70R_C70R.bcHHXH,0,KDM5-C70
Data14_C70R_C70R.bcDXGN,0,KDM5-C70
Data14_C70R_C70R.bcCFRC,0,KDM5-C70
Data14_C70R_C70R.bcGOCQ,0,KDM5-C70
Data14_C70R_C70R.bcDRFB,0,KDM5-C70
Data14_C70R_C70R.bcFFTB,0,KDM5-C70
Data14_C70R_C70R.bcHNUF,0,KDM5-C70
Data14_C70R_C70R.bcECJX,0,KDM5-C70
Data14_C70R_C70R.bcCGMB,0,KDM5-C70
Data14_C70R_C70R.bcDMHS,0,KDM5-C70
Data14_C70R_C70R.bcFPHS,0,KDM5-C70
Data14_C70R_C70R.bcCSBB,0,KDM5-C70
Data14_C70R_C70R.bcDNTS,0,KDM5-C70
Data14_C70R_C70R.bcDZLQ,0,KDM5-C70
Data14_C70R_C70R.bcIDIX,0,KDM5-C70
Data14_C70R_C70R.bcGTVO,0,KDM5-C70
Data14_C70R_C70R.bcARTN,0,KDM5-C70
Data14_C70R_C70R.bcBDHR,0,KDM5-C70
Data14_C70R_C70R.bcBYQK,0,KDM5-C70
Data14_C70R_C70R.bcABGL,0,KDM5-C70
Data14_C70R_C70R.bcDYDK,0,KDM5-C70
Data14_C70R_C70R.bcFLEC,0,KDM5-C70
Data14_C70R_C70R.bcHNCF,0,KDM5-C70
Data14_C70R_C70R.bcFOIM,0,KDM5-C70
Data14_C70R_C70R.bcCNLA,0,KDM5-C70
Data14_C70R_C70R.bcFPTB,0,KDM5-C70
Data14_C70R_C70R.bcFUBG,0,KDM5-C70
Data14_C70R_C70R.bcDOVG,0,KDM5-C70
Data14_C70R_C70R.bcEKGR,0,KDM5-C70
Data14_C70R_C70R.bcBXQA,0,KDM5-C70
Data14_C70R_C70R.bcDVPR,0,KDM5-C70
Data14_C70R_C70R.bcEZPI,0,KDM5-C70
Data14_C70R_C70R.bcDLTU,0,KDM5-C70
Data14_MCF7_MCF7.bcAONH,1,KDM5-C70
Data14_MCF7_MCF7.bcDILR,1,KDM5-C70
Data14_MCF7_MCF7.bcAFKP,1,KDM5-C70
Data14_MCF7_MCF7.bcFUVU,1,KDM5-C70
Data14_MCF7_MCF7.bcFXIV,1,KDM5-C70
Data14_MCF7_MCF7.bcGNHW,1,KDM5-C70
Data14_MCF7_MCF7.bcBVSR,1,KDM5-C70
Data14_MCF7_MCF7.bcARAT,1,KDM5-C70
Data14_MCF7_MCF7.bcGHHN,1,KDM5-C70
Data14_MCF7_MCF7.bcBDDG,1,KDM5-C70
Data14_MCF7_MCF7.bcFOLL,1,KDM5-C70
Data14_MCF7_MCF7.bcBDPJ,1,KDM5-C70
Data14_MCF7_MCF7.bcHQGC,1,KDM5-C70
Data14_MCF7_MCF7.bcFXFV,1,KDM5-C70
Data14_MCF7_MCF7.bcEITH,1,KDM5-C70
Data14_MCF7_MCF7.bcDGIA,1,KDM5-C70
Data14_MCF7_MCF7.bcCVZE,1,KDM5-C70
Data14_MCF7_MCF7.bcCOLE,1,KDM5-C70
Data14_MCF7_MCF7.bcCUPR,1,KDM5-C70
Data14_MCF7_MCF7.bcAVXN,1,KDM5-C70
Data14_MCF7_MCF7.bcGCRN,1,KDM5-C70
Data14_MCF7_MCF7.bcBZKK,1,KDM5-C70
Data14_MCF7_MCF7.bcICMC,1,KDM5-C70
Data14_MCF7_MCF7.bcDNCL,1,KDM5-C70
Data14_MCF7_MCF7.bcFLPI,1,KDM5-C70
Data14_MCF7_MCF7.bcAXQK,1,KDM5-C70
Data14_MCF7_MCF7.bcICSF,1,KDM5-C70
Data14_MCF7_MCF7.bcCFFE,1,KDM5-C70
Data14_MCF7_MCF7.bcDOVR,1,KDM5-C70
Data14_MCF7_MCF7.bcHAGV,1,KDM5-C70
Data14_MCF7_MCF7.bcHMEY,1,KDM5-C70
Data14_MCF7_MCF7.bcATLO,1,KDM5-C70
Data14_MCF7_MCF7.bcEWQU,1,KDM5-C70
Data14_MCF7_MCF7.bcHVCM,1,KDM5-C70
Data14_MCF7_MCF7.bcCXVK,1,KDM5-C70
Data14_MCF7_MCF7.bcCITK,1,KDM5-C70
Data14_MCF7_MCF7.bcDPKL,1,KDM5-C70
Data14_MCF7_MCF7.bcGYQJ,1,KDM5-C70
Data14_MCF7_MCF7.bcHHAS,1,KDM5-C70
Data14_MCF7_MCF7.bcCURL,1,KDM5-C70
Data14_MCF7_MCF7.bcHJKN,1,KDM5-C70
Data14_MCF7_MCF7.bcBFQT,1,KDM5-C70
Data14_MCF7_MCF7.bcCNAC,1,KDM5-C70
Data14_MCF7_MCF7.bcEKNK,1,KDM5-C70
Data14_MCF7_MCF7.bcGDOD,1,KDM5-C70
Data14_MCF7_MCF7.bcDNMA,1,KDM5-C70
Data14_MCF7_MCF7.bcEQWO,1,KDM5-C70
Data14_MCF7_MCF7.bcAIRT,1,KDM5-C70
Data14_MCF7_MCF7.bcDVCA,1,KDM5-C70
Data14_MCF7_MCF7.bcFPCL,1,KDM5-C70
Data14_MCF7_MCF7.bcHIOA,1,KDM5-C70
Data14_MCF7_MCF7.bcBXUK,1,KDM5-C70
Data14_MCF7_MCF7.bcCJFY,1,KDM5-C70
Data14_MCF7_MCF7.bcAZOP,1,KDM5-C70
Data14_MCF7_MCF7.bcFCXL,1,KDM5-C70
Data14_MCF7_MCF7.bcDJBI,1,KDM5-C70
Data14_MCF7_MCF7.bcEBPS,1,KDM5-C70
Data14_MCF7_MCF7.bcCHNX,1,KDM5-C70
Data14_MCF7_MCF7.bcAEIR,1,KDM5-C70
Data14_MCF7_MCF7.bcGCAC,1,KDM5-C70
Data14_MCF7_MCF7.bcFYOU,1,KDM5-C70
Data14_MCF7_MCF7.bcGTGT,1,KDM5-C70
Data14_MCF7_MCF7.bcAGOK,1,KDM5-C70
Data14_MCF7_MCF7.bcFUCB,1,KDM5-C70
Data14_MCF7_MCF7.bcGEQK,1,KDM5-C70
Data14_MCF7_MCF7.bcAACB,1,KDM5-C70
Data14_MCF7_MCF7.bcBUMF,1,KDM5-C70
Data14_MCF7_MCF7.bcENGA,1,KDM5-C70
Data14_MCF7_MCF7.bcAOHZ,1,KDM5-C70
Data14_MCF7_MCF7.bcIEVS,1,KDM5-C70
Data14_MCF7_MCF7.bcHPZJ,1,KDM5-C70
Data14_MCF7_MCF7.bcDAQS,1,KDM5-C70
Data14_MCF7_MCF7.bcGPWG,1,KDM5-C70
Data14_MCF7_MCF7.bcAOFP,1,KDM5-C70
Data14_MCF7_MCF7.bcGYUK,1,KDM5-C70
Data14_MCF7_MCF7.bcCVWZ,1,KDM5-C70
Data14_MCF7_MCF7.bcDTDK,1,KDM5-C70
Data14_MCF7_MCF7.bcEKQF,1,KDM5-C70
Data14_MCF7_MCF7.bcFXGY,1,KDM5-C70
Data14_MCF7_MCF7.bcHVUP,1,KDM5-C70
Data14_MCF7_MCF7.bcGWNX,1,KDM5-C70
Data14_MCF7_MCF7.bcBLYP,1,KDM5-C70
Data14_MCF7_MCF7.bcGOBD,1,KDM5-C70
Data14_MCF7_MCF7.bcGCGG,1,KDM5-C70
Data14_MCF7_MCF7.bcBWIG,1,KDM5-C70
Data14_MCF7_MCF7.bcBCIP,1,KDM5-C70
Data14_MCF7_MCF7.bcAFUD,1,KDM5-C70
Data14_MCF7_MCF7.bcBYWP,1,KDM5-C70
Data14_MCF7_MCF7.bcCBCD,1,KDM5-C70
Data14_MCF7_MCF7.bcDYYR,1,KDM5-C70
Data14_MCF7_MCF7.bcCUEH,1,KDM5-C70
Data14_MCF7_MCF7.bcBTFE,1,KDM5-C70
Data14_MCF7_MCF7.bcIDXB,1,KDM5-C70
Data14_MCF7_MCF7.bcFQTO,1,KDM5-C70
Data14_MCF7_MCF7.bcHZKV,1,KDM5-C70
Data14_MCF7_MCF7.bcDXBY,1,KDM5-C70
Data14_MCF7_MCF7.bcBWKG,1,KDM5-C70
Data14_MCF7_MCF7.bcHDQD,1,KDM5-C70
Data14_MCF7_MCF7.bcGOLF,1,KDM5-C70
Data14_MCF7_MCF7.bcAFUO,1,KDM5-C70
Data14_MCF7_MCF7.bcDTRY,1,KDM5-C70
Data14_MCF7_MCF7.bcAQMT,1,KDM5-C70
Data14_MCF7_MCF7.bcCXMB,1,KDM5-C70
Data14_MCF7_MCF7.bcCMNR,1,KDM5-C70
Data14_MCF7_MCF7.bcBVKG,1,KDM5-C70
Data14_MCF7_MCF7.bcBFYT,1,KDM5-C70
Data14_MCF7_MCF7.bcCKSA,1,KDM5-C70
Data14_MCF7_MCF7.bcGEKB,1,KDM5-C70
Data14_MCF7_MCF7.bcAWTB,1,KDM5-C70
Data14_MCF7_MCF7.bcBVEU,1,KDM5-C70
Data14_MCF7_MCF7.bcBLEY,1,KDM5-C70
Data14_MCF7_MCF7.bcHPAD,1,KDM5-C70
Data14_MCF7_MCF7.bcFSFD,1,KDM5-C70
Data14_MCF7_MCF7.bcIBAB,1,KDM5-C70
Data14_MCF7_MCF7.bcGPUX,1,KDM5-C70
Data14_MCF7_MCF7.bcFBRS,1,KDM5-C70
Data14_MCF7_MCF7.bcDWQW,1,KDM5-C70
Data14_MCF7_MCF7.bcHUJR,1,KDM5-C70
Data14_MCF7_MCF7.bcAXAO,1,KDM5-C70
Data14_MCF7_MCF7.bcHTHN,1,KDM5-C70
Data14_MCF7_MCF7.bcAQKX,1,KDM5-C70
Data14_MCF7_MCF7.bcGCAA,1,KDM5-C70
Data14_MCF7_MCF7.bcHDNW,1,KDM5-C70
Data14_MCF7_MCF7.bcALQP,1,KDM5-C70
Data14_MCF7_MCF7.bcAFCH,1,KDM5-C70
Data14_MCF7_MCF7.bcBADI,1,KDM5-C70
Data14_MCF7_MCF7.bcEDMD,1,KDM5-C70
Data14_MCF7_MCF7.bcEFCD,1,KDM5-C70
Data14_MCF7_MCF7.bcFRSC,1,KDM5-C70
Data14_MCF7_MCF7.bcGPPI,1,KDM5-C70
Data14_MCF7_MCF7.bcGGLJ,1,KDM5-C70
Data14_MCF7_MCF7.bcHMSQ,1,KDM5-C70
Data14_MCF7_MCF7.bcHEUF,1,KDM5-C70
Data14_MCF7_MCF7.bcDODY,1,KDM5-C70
Data14_MCF7_MCF7.bcCTOO,1,KDM5-C70
Data14_MCF7_MCF7.bcGTNK,1,KDM5-C70
Data14_MCF7_MCF7.bcFDED,1,KDM5-C70
Data14_MCF7_MCF7.bcAACO,1,KDM5-C70
Data14_MCF7_MCF7.bcEAQY,1,KDM5-C70
Data14_MCF7_MCF7.bcIHLJ,1,KDM5-C70
Data14_MCF7_MCF7.bcIGXB,1,KDM5-C70
Data14_MCF7_MCF7.bcFBPJ,1,KDM5-C70
Data14_MCF7_MCF7.bcHXXL,1,KDM5-C70
Data14_MCF7_MCF7.bcAXDW,1,KDM5-C70
Data14_MCF7_MCF7.bcCTDE,1,KDM5-C70
Data14_MCF7_MCF7.bcCMHX,1,KDM5-C70
Data14_MCF7_MCF7.bcEMTK,1,KDM5-C70
Data14_MCF7_MCF7.bcDRDM,1,KDM5-C70
Data14_MCF7_MCF7.bcARMD,1,KDM5-C70
Data14_MCF7_MCF7.bcEKGA,1,KDM5-C70
Data14_MCF7_MCF7.bcGIID,1,KDM5-C70
Data14_MCF7_MCF7.bcIHON,1,KDM5-C70
Data14_MCF7_MCF7.bcDCHU,1,KDM5-C70
Data14_MCF7_MCF7.bcEQCQ,1,KDM5-C70
Data14_MCF7_MCF7.bcFRSS,1,KDM5-C70
Data14_MCF7_MCF7.bcCWSP,1,KDM5-C70
Data14_MCF7_MCF7.bcDFKD,1,KDM5-C70
Data14_MCF7_MCF7.bcAZBX,1,KDM5-C70
Data14_MCF7_MCF7.bcICSZ,1,KDM5-C70
Data14_MCF7_MCF7.bcFNTL,1,KDM5-C70
Data14_MCF7_MCF7.bcBQWI,1,KDM5-C70
Data14_MCF7_MCF7.bcGQLI,1,KDM5-C70
Data14_MCF7_MCF7.bcGPZQ,1,KDM5-C70
Data14_MCF7_MCF7.bcDOBZ,1,KDM5-C70
Data14_MCF7_MCF7.bcGYMW,1,KDM5-C70
Data14_MCF7_MCF7.bcHIEA,1,KDM5-C70
Data14_MCF7_MCF7.bcAGNW,1,KDM5-C70
Data14_MCF7_MCF7.bcFZUP,1,KDM5-C70
Data14_MCF7_MCF7.bcHFDP,1,KDM5-C70
Data14_MCF7_MCF7.bcDAIJ,1,KDM5-C70
Data14_MCF7_MCF7.bcIAWC,1,KDM5-C70
Data14_MCF7_MCF7.bcFQRH,1,KDM5-C70
Data14_MCF7_MCF7.bcGPYF,1,KDM5-C70
Data14_MCF7_MCF7.bcEFUQ,1,KDM5-C70
Data14_MCF7_MCF7.bcFDNM,1,KDM5-C70
Data14_MCF7_MCF7.bcFTGZ,1,KDM5-C70
Data14_MCF7_MCF7.bcCPOJ,1,KDM5-C70
Data14_MCF7_MCF7.bcHLMY,1,KDM5-C70
Data14_MCF7_MCF7.bcESAZ,1,KDM5-C70
Data14_MCF7_MCF7.bcCBHC,1,KDM5-C70
Data14_MCF7_MCF7.bcCQKW,1,KDM5-C70
Data14_MCF7_MCF7.bcHWOW,1,KDM5-C70
Data14_MCF7_MCF7.bcIDKI,1,KDM5-C70
Data14_MCF7_MCF7.bcHBXI,1,KDM5-C70
Data14_MCF7_MCF7.bcEQIW,1,KDM5-C70
Data14_MCF7_MCF7.bcFFYF,1,KDM5-C70
Data14_MCF7_MCF7.bcDQDR,1,KDM5-C70
Data14_MCF7_MCF7.bcFQIR,1,KDM5-C70
Data14_MCF7_MCF7.bcGWJW,1,KDM5-C70
Data14_MCF7_MCF7.bcFEDG,1,KDM5-C70
Data14_MCF7_MCF7.bcGZET,1,KDM5-C70
Data14_MCF7_MCF7.bcECEF,1,KDM5-C70
Data14_MCF7_MCF7.bcCWAR,1,KDM5-C70
Data14_MCF7_MCF7.bcETDR,1,KDM5-C70
Data14_MCF7_MCF7.bcAYKA,1,KDM5-C70
Data14_MCF7_MCF7.bcGULN,1,KDM5-C70
Data14_MCF7_MCF7.bcCJLP,1,KDM5-C70
Data14_MCF7_MCF7.bcFDLQ,1,KDM5-C70
Data14_MCF7_MCF7.bcBWYC,1,KDM5-C70
Data14_MCF7_MCF7.bcHWHJ,1,KDM5-C70
Data14_MCF7_MCF7.bcBRBJ,1,KDM5-C70
Data14_MCF7_MCF7.bcEAIW,1,KDM5-C70
Data14_MCF7_MCF7.bcGNSD,1,KDM5-C70
Data14_MCF7_MCF7.bcGUEN,1,KDM5-C70
Data14_MCF7_MCF7.bcAPZT,1,KDM5-C70
Data14_MCF7_MCF7.bcAAIC,1,KDM5-C70
Data14_MCF7_MCF7.bcBHQC,1,KDM5-C70
Data14_MCF7_MCF7.bcHDHZ,1,KDM5-C70
Data14_MCF7_MCF7.bcFWPR,1,KDM5-C70
Data14_MCF7_MCF7.bcEXFF,1,KDM5-C70
Data14_MCF7_MCF7.bcCVQE,1,KDM5-C70
Data14_MCF7_MCF7.bcGFDP,1,KDM5-C70
Data14_MCF7_MCF7.bcAJFU,1,KDM5-C70
Data14_MCF7_MCF7.bcFPCH,1,KDM5-C70
Data14_MCF7_MCF7.bcGIVL,1,KDM5-C70
Data14_MCF7_MCF7.bcFHUS,1,KDM5-C70
Data14_MCF7_MCF7.bcCYJY,1,KDM5-C70
Data14_MCF7_MCF7.bcDLHT,1,KDM5-C70
Data14_MCF7_MCF7.bcEBGN,1,KDM5-C70
Data14_MCF7_MCF7.bcDCGO,1,KDM5-C70
Data14_MCF7_MCF7.bcBJTJ,1,KDM5-C70
Data14_MCF7_MCF7.bcEGPG,1,KDM5-C70
Data14_MCF7_MCF7.bcBXFF,1,KDM5-C70
Data14_MCF7_MCF7.bcETET,1,KDM5-C70
Data14_MCF7_MCF7.bcGNWG,1,KDM5-C70
Data14_MCF7_MCF7.bcDBMW,1,KDM5-C70
Data14_MCF7_MCF7.bcEEQJ,1,KDM5-C70
Data14_MCF7_MCF7.bcAQHN,1,KDM5-C70
Data14_MCF7_MCF7.bcBDGV,1,KDM5-C70
Data14_MCF7_MCF7.bcADXE,1,KDM5-C70
Data14_MCF7_MCF7.bcBBOQ,1,KDM5-C70
Data14_MCF7_MCF7.bcAMJE,1,KDM5-C70
Data14_MCF7_MCF7.bcFPYW,1,KDM5-C70
Data14_MCF7_MCF7.bcDLGA,1,KDM5-C70
Data14_MCF7_MCF7.bcCLKJ,1,KDM5-C70
Data14_MCF7_MCF7.bcDOKL,1,KDM5-C70
Data14_MCF7_MCF7.bcIBVR,1,KDM5-C70
Data14_MCF7_MCF7.bcHJCG,1,KDM5-C70
Data14_MCF7_MCF7.bcFWSL,1,KDM5-C70
Data14_MCF7_MCF7.bcGPQQ,1,KDM5-C70
Data14_MCF7_MCF7.bcFTYF,1,KDM5-C70
Data14_MCF7_MCF7.bcBOWC,1,KDM5-C70
Data14_MCF7_MCF7.bcCJXN,1,KDM5-C70
Data14_MCF7_MCF7.bcAWFC,1,KDM5-C70
Data14_MCF7_MCF7.bcHPYZ,1,KDM5-C70
Data14_MCF7_MCF7.bcHVPG,1,KDM5-C70
Data14_MCF7_MCF7.bcGYRL,1,KDM5-C70
Data14_MCF7_MCF7.bcHXWQ,1,KDM5-C70
Data14_MCF7_MCF7.bcCDDZ,1,KDM5-C70
Data14_MCF7_MCF7.bcBZMS,1,KDM5-C70
Data14_MCF7_MCF7.bcFVUV,1,KDM5-C70
Data14_MCF7_MCF7.bcDBCB,1,KDM5-C70
Data14_MCF7_MCF7.bcHFXK,1,KDM5-C70
Data14_MCF7_MCF7.bcBBSD,1,KDM5-C70
Data14_MCF7_MCF7.bcFMRS,1,KDM5-C70
Data14_MCF7_MCF7.bcIIYX,1,KDM5-C70
Data14_MCF7_MCF7.bcFQZA,1,KDM5-C70
Data14_MCF7_MCF7.bcHDQH,1,KDM5-C70
Data14_MCF7_MCF7.bcECVT,1,KDM5-C70
Data14_MCF7_MCF7.bcFHTM,1,KDM5-C70
Data14_MCF7_MCF7.bcGDKZ,1,KDM5-C70
Data14_MCF7_MCF7.bcGMXF,1,KDM5-C70
Data14_MCF7_MCF7.bcEFHI,1,KDM5-C70
Data14_MCF7_MCF7.bcBLHU,1,KDM5-C70
Data14_MCF7_MCF7.bcFBTN,1,KDM5-C70
Data14_MCF7_MCF7.bcEDXD,1,KDM5-C70
Data14_MCF7_MCF7.bcBWCC,1,KDM5-C70
Data14_MCF7_MCF7.bcCRTG,1,KDM5-C70
Data14_MCF7_MCF7.bcCMOD,1,KDM5-C70
Data14_MCF7_MCF7.bcGMMT,1,KDM5-C70
Data14_MCF7_MCF7.bcHKNO,1,KDM5-C70
Data14_MCF7_MCF7.bcFESX,1,KDM5-C70
Data14_MCF7_MCF7.bcBXJB,1,KDM5-C70
Data14_MCF7_MCF7.bcDMWP,1,KDM5-C70
Data14_MCF7_MCF7.bcBELR,1,KDM5-C70
Data14_MCF7_MCF7.bcCDNT,1,KDM5-C70
Data14_MCF7_MCF7.bcAGCW,1,KDM5-C70
Data14_MCF7_MCF7.bcHHCQ,1,KDM5-C70
Data14_MCF7_MCF7.bcIDVK,1,KDM5-C70
Data14_MCF7_MCF7.bcBYOA,1,KDM5-C70
Data14_MCF7_MCF7.bcHWCS,1,KDM5-C70
Data14_MCF7_MCF7.bcFQHG,1,KDM5-C70
Data14_MCF7_MCF7.bcEVWF,1,KDM5-C70
Data14_MCF7_MCF7.bcEJZI,1,KDM5-C70
Data14_MCF7_MCF7.bcDBOY,1,KDM5-C70
Data14_MCF7_MCF7.bcAIOX,1,KDM5-C70
Data14_MCF7_MCF7.bcDYBP,1,KDM5-C70
Data14_MCF7_MCF7.bcAEMG,1,KDM5-C70
Data14_MCF7_MCF7.bcAJAL,1,KDM5-C70
Data14_MCF7_MCF7.bcBJNY,1,KDM5-C70
Data14_MCF7_MCF7.bcFLDD,1,KDM5-C70
Data14_MCF7_MCF7.bcCCPG,1,KDM5-C70
Data14_MCF7_MCF7.bcFQMW,1,KDM5-C70
Data14_MCF7_MCF7.bcCCKU,1,KDM5-C70
Data14_MCF7_MCF7.bcDZUN,1,KDM5-C70
Data14_MCF7_MCF7.bcAJWN,1,KDM5-C70
Data14_MCF7_MCF7.bcADEU,1,KDM5-C70
Data14_MCF7_MCF7.bcGXZL,1,KDM5-C70
Data14_MCF7_MCF7.bcEJND,1,KDM5-C70
Data14_MCF7_MCF7.bcBEFZ,1,KDM5-C70
Data14_MCF7_MCF7.bcFPIE,1,KDM5-C70
Data14_MCF7_MCF7.bcIIDG,1,KDM5-C70
Data14_MCF7_MCF7.bcERUX,1,KDM5-C70
Data14_MCF7_MCF7.bcHUKU,1,KDM5-C70
Data14_MCF7_MCF7.bcBUOJ,1,KDM5-C70
Data14_MCF7_MCF7.bcAFPW,1,KDM5-C70
Data14_MCF7_MCF7.bcBSRU,1,KDM5-C70
Data14_MCF7_MCF7.bcEIGE,1,KDM5-C70
Data14_MCF7_MCF7.bcECBM,1,KDM5-C70
Data14_MCF7_MCF7.bcCAET,1,KDM5-C70
Data14_MCF7_MCF7.bcCJCV,1,KDM5-C70
Data14_MCF7_MCF7.bcAINS,1,KDM5-C70
Data14_MCF7_MCF7.bcBPSE,1,KDM5-C70
Data14_MCF7_MCF7.bcEJOH,1,KDM5-C70
Data14_MCF7_MCF7.bcHQVD,1,KDM5-C70
Data14_MCF7_MCF7.bcAFLY,1,KDM5-C70
Data14_MCF7_MCF7.bcBNNC,1,KDM5-C70
Data14_MCF7_MCF7.bcFELU,1,KDM5-C70
Data14_MCF7_MCF7.bcDCKJ,1,KDM5-C70
Data14_MCF7_MCF7.bcFFQB,1,KDM5-C70
Data14_MCF7_MCF7.bcDIWZ,1,KDM5-C70
Data14_MCF7_MCF7.bcEZWZ,1,KDM5-C70
Data14_MCF7_MCF7.bcGIZC,1,KDM5-C70
Data14_MCF7_MCF7.bcHDPX,1,KDM5-C70
Data14_MCF7_MCF7.bcCXNP,1,KDM5-C70
Data14_MCF7_MCF7.bcEDMR,1,KDM5-C70
Data14_MCF7_MCF7.bcBUCA,1,KDM5-C70
Data14_MCF7_MCF7.bcAAQW,1,KDM5-C70
Data14_MCF7_MCF7.bcHWTH,1,KDM5-C70
Data14_MCF7_MCF7.bcAGED,1,KDM5-C70
Data14_MCF7_MCF7.bcIBKF,1,KDM5-C70
Data14_MCF7_MCF7.bcERJS,1,KDM5-C70
Data14_MCF7_MCF7.bcDLUM,1,KDM5-C70
Data14_MCF7_MCF7.bcBRPG,1,KDM5-C70
Data14_MCF7_MCF7.bcIIQT,1,KDM5-C70
Data14_MCF7_MCF7.bcGZUR,1,KDM5-C70
Data14_MCF7_MCF7.bcAUMZ,1,KDM5-C70
Data14_MCF7_MCF7.bcGDKD,1,KDM5-C70
Data14_MCF7_MCF7.bcANFR,1,KDM5-C70
Data14_MCF7_MCF7.bcFGPK,1,KDM5-C70
Data14_MCF7_MCF7.bcEOAG,1,KDM5-C70
Data14_MCF7_MCF7.bcBQYI,1,KDM5-C70
Data14_MCF7_MCF7.bcBFAZ,1,KDM5-C70
Data14_MCF7_MCF7.bcCHGP,1,KDM5-C70
Data14_MCF7_MCF7.bcAGWU,1,KDM5-C70
Data14_MCF7_MCF7.bcGEFW,1,KDM5-C70
Data14_MCF7_MCF7.bcDCMT,1,KDM5-C70
Data14_MCF7_MCF7.bcHOWS,1,KDM5-C70
Data14_MCF7_MCF7.bcCXTZ,1,KDM5-C70
Data14_MCF7_MCF7.bcCGZY,1,KDM5-C70
Data14_MCF7_MCF7.bcBBZY,1,KDM5-C70
Data14_MCF7_MCF7.bcARTH,1,KDM5-C70
Data14_MCF7_MCF7.bcAFSP,1,KDM5-C70
Data14_MCF7_MCF7.bcDGHC,1,KDM5-C70
Data14_MCF7_MCF7.bcDCHK,1,KDM5-C70
Data14_MCF7_MCF7.bcDGZK,1,KDM5-C70
Data14_MCF7_MCF7.bcHMCX,1,KDM5-C70
Data14_MCF7_MCF7.bcABVT,1,KDM5-C70
Data14_MCF7_MCF7.bcBMNR,1,KDM5-C70
Data14_MCF7_MCF7.bcBMON,1,KDM5-C70
Data14_MCF7_MCF7.bcCBDE,1,KDM5-C70
Data14_MCF7_MCF7.bcIDGA,1,KDM5-C70
Data14_MCF7_MCF7.bcHNVD,1,KDM5-C70
Data14_MCF7_MCF7.bcAQGW,1,KDM5-C70
Data14_MCF7_MCF7.bcBMWU,1,KDM5-C70
Data14_MCF7_MCF7.bcHCAM,1,KDM5-C70
Data14_MCF7_MCF7.bcBWHX,1,KDM5-C70
Data14_MCF7_MCF7.bcCISM,1,KDM5-C70
Data14_MCF7_MCF7.bcAZWD,1,KDM5-C70
Data14_MCF7_MCF7.bcFIYH,1,KDM5-C70
Data14_MCF7_MCF7.bcEDKC,1,KDM5-C70
Data14_MCF7_MCF7.bcBCFS,1,KDM5-C70
Data14_MCF7_MCF7.bcEDVI,1,KDM5-C70
Data14_MCF7_MCF7.bcFDLI,1,KDM5-C70
Data14_MCF7_MCF7.bcCOFZ,1,KDM5-C70
Data14_MCF7_MCF7.bcHFAR,1,KDM5-C70
Data14_MCF7_MCF7.bcALUW,1,KDM5-C70
Data14_MCF7_MCF7.bcFSGN,1,KDM5-C70
Data14_MCF7_MCF7.bcFGJJ,1,KDM5-C70
Data14_MCF7_MCF7.bcDZNN,1,KDM5-C70
Data14_MCF7_MCF7.bcCRSE,1,KDM5-C70
Data14_MCF7_MCF7.bcEZCY,1,KDM5-C70
Data14_MCF7_MCF7.bcEHGG,1,KDM5-C70
Data14_MCF7_MCF7.bcAFIP,1,KDM5-C70
Data14_MCF7_MCF7.bcEDCG,1,KDM5-C70
Data14_MCF7_MCF7.bcHHED,1,KDM5-C70
Data14_MCF7_MCF7.bcHBLU,1,KDM5-C70
Data14_MCF7_MCF7.bcAPHI,1,KDM5-C70
Data14_MCF7_MCF7.bcFYOG,1,KDM5-C70
Data14_MCF7_MCF7.bcFOZJ,1,KDM5-C70
Data14_MCF7_MCF7.bcEPGK,1,KDM5-C70
Data14_MCF7_MCF7.bcFYOA,1,KDM5-C70
Data14_MCF7_MCF7.bcAPYV,1,KDM5-C70
Data14_MCF7_MCF7.bcGHII,1,KDM5-C70
Data14_MCF7_MCF7.bcDVFZ,1,KDM5-C70
Data14_MCF7_MCF7.bcDATW,1,KDM5-C70
Data14_MCF7_MCF7.bcADAI,1,KDM5-C70
Data14_MCF7_MCF7.bcAXBP,1,KDM5-C70
Data14_MCF7_MCF7.bcBNJD,1,KDM5-C70
Data14_MCF7_MCF7.bcHKQY,1,KDM5-C70
Data14_MCF7_MCF7.bcHCHU,1,KDM5-C70
Data14_MCF7_MCF7.bcGHWW,1,KDM5-C70
Data14_MCF7_MCF7.bcGAPY,1,KDM5-C70
Data14_MCF7_MCF7.bcETCK,1,KDM5-C70
Data14_MCF7_MCF7.bcAPGO,1,KDM5-C70
Data14_MCF7_MCF7.bcCJDM,1,KDM5-C70
Data14_MCF7_MCF7.bcCQPK,1,KDM5-C70
Data14_MCF7_MCF7.bcGVPP,1,KDM5-C70
Data14_MCF7_MCF7.bcARHO,1,KDM5-C70
Data14_MCF7_MCF7.bcIFRJ,1,KDM5-C70
Data14_MCF7_MCF7.bcHVFD,1,KDM5-C70
Data14_MCF7_MCF7.bcGIYU,1,KDM5-C70
Data14_MCF7_MCF7.bcAMOS,1,KDM5-C70
Data14_MCF7_MCF7.bcBQZR,1,KDM5-C70
Data14_MCF7_MCF7.bcAPDK,1,KDM5-C70
Data14_MCF7_MCF7.bcCPEI,1,KDM5-C70
Data14_MCF7_MCF7.bcDOMZ,1,KDM5-C70
Data14_MCF7_MCF7.bcBEOS,1,KDM5-C70
Data14_MCF7_MCF7.bcEASP,1,KDM5-C70
Data14_MCF7_MCF7.bcADBP,1,KDM5-C70
Data14_MCF7_MCF7.bcHFVN,1,KDM5-C70
Data14_MCF7_MCF7.bcBNDE,1,KDM5-C70
Data14_MCF7_MCF7.bcEFPF,1,KDM5-C70
Data14_MCF7_MCF7.bcCSBO,1,KDM5-C70
Data14_MCF7_MCF7.bcBMNO,1,KDM5-C70
Data14_MCF7_MCF7.bcHIOU,1,KDM5-C70
Data14_MCF7_MCF7.bcHXVV,1,KDM5-C70
Data14_MCF7_MCF7.bcAYMA,1,KDM5-C70
Data14_MCF7_MCF7.bcAZAF,1,KDM5-C70
Data14_MCF7_MCF7.bcEAXH,1,KDM5-C70
Data14_MCF7_MCF7.bcCALI,1,KDM5-C70
Data14_MCF7_MCF7.bcCEBL,1,KDM5-C70
Data14_MCF7_MCF7.bcIFIT,1,KDM5-C70
Data14_MCF7_MCF7.bcHBML,1,KDM5-C70
Data14_MCF7_MCF7.bcBCUU,1,KDM5-C70
Data14_MCF7_MCF7.bcGOGP,1,KDM5-C70
Data14_MCF7_MCF7.bcDGTG,1,KDM5-C70
Data14_MCF7_MCF7.bcBHYP,1,KDM5-C70
Data14_MCF7_MCF7.bcCQDF,1,KDM5-C70
Data14_MCF7_MCF7.bcHOZD,1,KDM5-C70
Data14_MCF7_MCF7.bcCGNU,1,KDM5-C70
Data14_MCF7_MCF7.bcCJWW,1,KDM5-C70
Data14_MCF7_MCF7.bcBTYS,1,KDM5-C70
Data14_MCF7_MCF7.bcFZBK,1,KDM5-C70
Data14_MCF7_MCF7.bcBLDE,1,KDM5-C70
Data14_MCF7_MCF7.bcDQGL,1,KDM5-C70
Data14_MCF7_MCF7.bcEIDA,1,KDM5-C70
Data14_MCF7_MCF7.bcAAFK,1,KDM5-C70
Data14_MCF7_MCF7.bcDHHY,1,KDM5-C70
Data14_MCF7_MCF7.bcELLQ,1,KDM5-C70
Data14_MCF7_MCF7.bcANYX,1,KDM5-C70
Data14_MCF7_MCF7.bcEUHO,1,KDM5-C70
Data14_MCF7_MCF7.bcFGLT,1,KDM5-C70
Data14_MCF7_MCF7.bcGTGL,1,KDM5-C70
Data14_MCF7_MCF7.bcFORS,1,KDM5-C70
Data14_MCF7_MCF7.bcDVEO,1,KDM5-C70
Data14_MCF7_MCF7.bcFJJP,1,KDM5-C70
Data14_MCF7_MCF7.bcGEJV,1,KDM5-C70
Data14_MCF7_MCF7.bcHLFH,1,KDM5-C70
Data14_MCF7_MCF7.bcCTQZ,1,KDM5-C70
Data14_MCF7_MCF7.bcBKTE,1,KDM5-C70
Data14_MCF7_MCF7.bcIGWW,1,KDM5-C70
Data14_MCF7_MCF7.bcFJKH,1,KDM5-C70
Data14_MCF7_MCF7.bcGAAC,1,KDM5-C70
Data14_MCF7_MCF7.bcHDAL,1,KDM5-C70
Data14_MCF7_MCF7.bcANSY,1,KDM5-C70
Data14_MCF7_MCF7.bcAVFW,1,KDM5-C70
Data14_MCF7_MCF7.bcAQWQ,1,KDM5-C70
Data14_MCF7_MCF7.bcCAEE,1,KDM5-C70
Data14_MCF7_MCF7.bcCWTU,1,KDM5-C70
Data14_MCF7_MCF7.bcEZWA,1,KDM5-C70
Data14_MCF7_MCF7.bcEKWX,1,KDM5-C70
Data14_MCF7_MCF7.bcDHBS,1,KDM5-C70
Data14_MCF7_MCF7.bcBMXN,1,KDM5-C70
Data14_MCF7_MCF7.bcCSGH,1,KDM5-C70
Data14_MCF7_MCF7.bcCEBH,1,KDM5-C70
Data14_MCF7_MCF7.bcGUWP,1,KDM5-C70
Data14_MCF7_MCF7.bcCBHM,1,KDM5-C70
Data14_MCF7_MCF7.bcBPWQ,1,KDM5-C70
Data14_MCF7_MCF7.bcCSJR,1,KDM5-C70
Data14_MCF7_MCF7.bcGJRK,1,KDM5-C70
Data14_MCF7_MCF7.bcGCQO,1,KDM5-C70
Data14_MCF7_MCF7.bcCLYQ,1,KDM5-C70
Data14_MCF7_MCF7.bcDBQB,1,KDM5-C70
Data14_MCF7_MCF7.bcCQZE,1,KDM5-C70
Data14_MCF7_MCF7.bcENFU,1,KDM5-C70
Data14_MCF7_MCF7.bcABDG,1,KDM5-C70
Data14_MCF7_MCF7.bcAOJJ,1,KDM5-C70
Data14_MCF7_MCF7.bcDVGD,1,KDM5-C70
Data14_MCF7_MCF7.bcEOXE,1,KDM5-C70
Data14_MCF7_MCF7.bcFQMJ,1,KDM5-C70
Data14_MCF7_MCF7.bcIHDY,1,KDM5-C70
Data14_MCF7_MCF7.bcBZIG,1,KDM5-C70
Data14_MCF7_MCF7.bcDVKN,1,KDM5-C70
Data14_MCF7_MCF7.bcAHFP,1,KDM5-C70
Data14_MCF7_MCF7.bcIENK,1,KDM5-C70
Data14_MCF7_MCF7.bcCMFM,1,KDM5-C70
Data14_MCF7_MCF7.bcDPSE,1,KDM5-C70
Data14_MCF7_MCF7.bcBZCN,1,KDM5-C70
Data14_MCF7_MCF7.bcCOPU,1,KDM5-C70
Data14_MCF7_MCF7.bcFGMD,1,KDM5-C70
Data14_MCF7_MCF7.bcBUBN,1,KDM5-C70
Data14_MCF7_MCF7.bcEDDJ,1,KDM5-C70
Data14_MCF7_MCF7.bcAMHC,1,KDM5-C70
Data14_MCF7_MCF7.bcDXBZ,1,KDM5-C70
Data14_MCF7_MCF7.bcGRJL,1,KDM5-C70
Data14_MCF7_MCF7.bcAOZB,1,KDM5-C70
Data14_MCF7_MCF7.bcAKDD,1,KDM5-C70
Data14_MCF7_MCF7.bcGSEA,1,KDM5-C70
Data14_MCF7_MCF7.bcBMOL,1,KDM5-C70
Data14_MCF7_MCF7.bcASQV,1,KDM5-C70
Data14_MCF7_MCF7.bcGQGE,1,KDM5-C70
Data14_MCF7_MCF7.bcIKBT,1,KDM5-C70
Data14_MCF7_MCF7.bcDYWS,1,KDM5-C70
Data14_MCF7_MCF7.bcESZA,1,KDM5-C70
Data14_MCF7_MCF7.bcBFGD,1,KDM5-C70
Data14_MCF7_MCF7.bcEYLD,1,KDM5-C70
Data14_MCF7_MCF7.bcBKVV,1,KDM5-C70
Data14_MCF7_MCF7.bcAACW,1,KDM5-C70
Data14_MCF7_MCF7.bcHFJW,1,KDM5-C70
Data14_MCF7_MCF7.bcDKVN,1,KDM5-C70
Data14_MCF7_MCF7.bcBNNT,1,KDM5-C70
Data14_MCF7_MCF7.bcGFDT,1,KDM5-C70
Data14_MCF7_MCF7.bcEZVB,1,KDM5-C70
Data14_MCF7_MCF7.bcHYEV,1,KDM5-C70
Data14_MCF7_MCF7.bcDBDT,1,KDM5-C70
Data14_MCF7_MCF7.bcHJDG,1,KDM5-C70
Data14_MCF7_MCF7.bcDCEX,1,KDM5-C70
Data14_MCF7_MCF7.bcATAY,1,KDM5-C70
Data14_MCF7_MCF7.bcFJBU,1,KDM5-C70
Data14_MCF7_MCF7.bcHGBH,1,KDM5-C70
Data14_MCF7_MCF7.bcEFNP,1,KDM5-C70
Data14_MCF7_MCF7.bcIENY,1,KDM5-C70
Data14_MCF7_MCF7.bcDYVG,1,KDM5-C70
Data14_MCF7_MCF7.bcAOBF,1,KDM5-C70
Data14_MCF7_MCF7.bcEGEU,1,KDM5-C70
Data14_MCF7_MCF7.bcGQMU,1,KDM5-C70
Data14_MCF7_MCF7.bcFWLY,1,KDM5-C70
Data14_MCF7_MCF7.bcIANV,1,KDM5-C70
Data14_MCF7_MCF7.bcGIHO,1,KDM5-C70
Data14_MCF7_MCF7.bcBRCP,1,KDM5-C70
Data14_MCF7_MCF7.bcBWOR,1,KDM5-C70
Data14_MCF7_MCF7.bcBZDD,1,KDM5-C70
Data14_MCF7_MCF7.bcDRKX,1,KDM5-C70
Data14_MCF7_MCF7.bcEYKU,1,KDM5-C70
Data14_MCF7_MCF7.bcCOJD,1,KDM5-C70
Data14_MCF7_MCF7.bcFNZU,1,KDM5-C70
Data14_MCF7_MCF7.bcFTMR,1,KDM5-C70
Data14_MCF7_MCF7.bcCXGZ,1,KDM5-C70
Data14_MCF7_MCF7.bcEFGG,1,KDM5-C70
Data14_MCF7_MCF7.bcDYTI,1,KDM5-C70
Data14_MCF7_MCF7.bcHNLT,1,KDM5-C70
Data14_MCF7_MCF7.bcGCHZ,1,KDM5-C70
Data14_MCF7_MCF7.bcFOSC,1,KDM5-C70
Data14_MCF7_MCF7.bcATIY,1,KDM5-C70
Data14_MCF7_MCF7.bcERVL,1,KDM5-C70
Data14_MCF7_MCF7.bcCVEM,1,KDM5-C70
Data14_MCF7_MCF7.bcGPUE,1,KDM5-C70
Data14_MCF7_MCF7.bcDAFK,1,KDM5-C70
Data14_MCF7_MCF7.bcDIRD,1,KDM5-C70
Data14_MCF7_MCF7.bcAZAQ,1,KDM5-C70
Data14_MCF7_MCF7.bcBPWM,1,KDM5-C70
Data14_MCF7_MCF7.bcICBC,1,KDM5-C70
Data14_MCF7_MCF7.bcDZDQ,1,KDM5-C70
Data14_MCF7_MCF7.bcDFMV,1,KDM5-C70
Data14_MCF7_MCF7.bcCVSR,1,KDM5-C70
Data14_MCF7_MCF7.bcBVKW,1,KDM5-C70
Data14_MCF7_MCF7.bcGJAN,1,KDM5-C70
Data14_MCF7_MCF7.bcHLVG,1,KDM5-C70
Data14_MCF7_MCF7.bcEHDS,1,KDM5-C70
Data14_MCF7_MCF7.bcBWTL,1,KDM5-C70
Data14_MCF7_MCF7.bcHGJO,1,KDM5-C70
Data14_MCF7_MCF7.bcCEXD,1,KDM5-C70
Data14_MCF7_MCF7.bcIIAD,1,KDM5-C70
Data14_MCF7_MCF7.bcIAYZ,1,KDM5-C70
Data14_MCF7_MCF7.bcCXFD,1,KDM5-C70
Data14_MCF7_MCF7.bcBXID,1,KDM5-C70
Data14_MCF7_MCF7.bcAXKH,1,KDM5-C70
Data14_MCF7_MCF7.bcAAXM,1,KDM5-C70
Data14_MCF7_MCF7.bcFWIA,1,KDM5-C70
Data14_MCF7_MCF7.bcHBYD,1,KDM5-C70
Data14_MCF7_MCF7.bcBXZZ,1,KDM5-C70
Data14_MCF7_MCF7.bcCHRW,1,KDM5-C70
Data14_MCF7_MCF7.bcDBYL,1,KDM5-C70
Data14_MCF7_MCF7.bcHUHK,1,KDM5-C70
Data14_MCF7_MCF7.bcDHHS,1,KDM5-C70
Data14_MCF7_MCF7.bcCRAD,1,KDM5-C70
Data14_MCF7_MCF7.bcEBQR,1,KDM5-C70
Data14_MCF7_MCF7.bcDZVL,1,KDM5-C70
Data14_MCF7_MCF7.bcCVBO,1,KDM5-C70
Data14_MCF7_MCF7.bcGRGS,1,KDM5-C70
Data14_MCF7_MCF7.bcFCLC,1,KDM5-C70
Data14_MCF7_MCF7.bcAXGX,1,KDM5-C70
Data14_MCF7_MCF7.bcEBVK,1,KDM5-C70
Data14_MCF7_MCF7.bcDNOG,1,KDM5-C70
Data14_MCF7_MCF7.bcBQJS,1,KDM5-C70
Data14_MCF7_MCF7.bcADKI,1,KDM5-C70
Data14_MCF7_MCF7.bcCLFU,1,KDM5-C70
Data14_MCF7_MCF7.bcBIZL,1,KDM5-C70
Data14_MCF7_MCF7.bcCNMC,1,KDM5-C70
Data14_MCF7_MCF7.bcEXHI,1,KDM5-C70
Data14_MCF7_MCF7.bcFMIX,1,KDM5-C70
Data14_MCF7_MCF7.bcEOEG,1,KDM5-C70
Data14_MCF7_MCF7.bcFLHA,1,KDM5-C70
Data14_MCF7_MCF7.bcBTHH,1,KDM5-C70
Data14_MCF7_MCF7.bcHBKZ,1,KDM5-C70
Data14_MCF7_MCF7.bcHAZM,1,KDM5-C70
Data14_MCF7_MCF7.bcEUDX,1,KDM5-C70
Data14_MCF7_MCF7.bcEHIH,1,KDM5-C70
Data14_MCF7_MCF7.bcAKBQ,1,KDM5-C70
Data14_MCF7_MCF7.bcCFLO,1,KDM5-C70
Data14_MCF7_MCF7.bcGAEJ,1,KDM5-C70
Data14_MCF7_MCF7.bcAAYK,1,KDM5-C70
Data14_MCF7_MCF7.bcBCUC,1,KDM5-C70
Data14_MCF7_MCF7.bcAJKQ,1,KDM5-C70
Data14_MCF7_MCF7.bcHYDS,1,KDM5-C70
Data14_MCF7_MCF7.bcBBRJ,1,KDM5-C70
Data14_MCF7_MCF7.bcGAYH,1,KDM5-C70
Data14_MCF7_MCF7.bcHFXY,1,KDM5-C70
Data14_MCF7_MCF7.bcFYXP,1,KDM5-C70
Data14_MCF7_MCF7.bcCHPM,1,KDM5-C70
Data14_MCF7_MCF7.bcBYTH,1,KDM5-C70
Data14_MCF7_MCF7.bcGHXF,1,KDM5-C70
Data14_MCF7_MCF7.bcBQDR,1,KDM5-C70
Data14_MCF7_MCF7.bcHBGW,1,KDM5-C70
Data14_MCF7_MCF7.bcHXBB,1,KDM5-C70
Data14_MCF7_MCF7.bcACMI,1,KDM5-C70
Data14_MCF7_MCF7.bcHVRZ,1,KDM5-C70
Data14_MCF7_MCF7.bcCRQO,1,KDM5-C70
Data14_MCF7_MCF7.bcDLDG,1,KDM5-C70
Data14_MCF7_MCF7.bcDUJV,1,KDM5-C70
Data14_MCF7_MCF7.bcGMDS,1,KDM5-C70
Data14_MCF7_MCF7.bcCIUB,1,KDM5-C70
Data14_MCF7_MCF7.bcHLPF,1,KDM5-C70
Data14_MCF7_MCF7.bcACYD,1,KDM5-C70
Data14_MCF7_MCF7.bcCRTY,1,KDM5-C70
Data14_MCF7_MCF7.bcIAKN,1,KDM5-C70
Data14_MCF7_MCF7.bcFGNU,1,KDM5-C70
Data14_MCF7_MCF7.bcCLRE,1,KDM5-C70
Data14_MCF7_MCF7.bcHYDB,1,KDM5-C70
Data14_MCF7_MCF7.bcAJDO,1,KDM5-C70
Data14_MCF7_MCF7.bcCCJM,1,KDM5-C70
Data14_MCF7_MCF7.bcAYYG,1,KDM5-C70
Data14_MCF7_MCF7.bcEFBD,1,KDM5-C70
Data14_MCF7_MCF7.bcEXPT,1,KDM5-C70
Data14_MCF7_MCF7.bcFDZH,1,KDM5-C70
Data14_MCF7_MCF7.bcCETC,1,KDM5-C70
Data14_MCF7_MCF7.bcHEBT,1,KDM5-C70
Data14_MCF7_MCF7.bcBYDK,1,KDM5-C70
Data14_MCF7_MCF7.bcBJKC,1,KDM5-C70
Data14_MCF7_MCF7.bcGAWV,1,KDM5-C70
Data14_MCF7_MCF7.bcBYYS,1,KDM5-C70
Data14_MCF7_MCF7.bcICNO,1,KDM5-C70
Data14_MCF7_MCF7.bcCUUD,1,KDM5-C70
Data14_MCF7_MCF7.bcCMEG,1,KDM5-C70
Data14_MCF7_MCF7.bcBYPY,1,KDM5-C70
Data14_MCF7_MCF7.bcAFNJ,1,KDM5-C70
Data14_MCF7_MCF7.bcIBIQ,1,KDM5-C70
Data14_MCF7_MCF7.bcHNIN,1,KDM5-C70
Data14_MCF7_MCF7.bcFCQY,1,KDM5-C70
Data14_MCF7_MCF7.bcDDAH,1,KDM5-C70
Data14_MCF7_MCF7.bcDDOP,1,KDM5-C70
Data14_MCF7_MCF7.bcFCFQ,1,KDM5-C70
Data14_MCF7_MCF7.bcFLVC,1,KDM5-C70
Data14_MCF7_MCF7.bcCWXE,1,KDM5-C70
Data14_MCF7_MCF7.bcCBSB,1,KDM5-C70
Data14_MCF7_MCF7.bcBHPO,1,KDM5-C70
Data14_MCF7_MCF7.bcABRR,1,KDM5-C70
Data14_MCF7_MCF7.bcAQQL,1,KDM5-C70
Data14_MCF7_MCF7.bcDTCN,1,KDM5-C70
Data14_MCF7_MCF7.bcBMHJ,1,KDM5-C70
Data14_MCF7_MCF7.bcIHVF,1,KDM5-C70
Data14_MCF7_MCF7.bcCDIV,1,KDM5-C70
Data14_MCF7_MCF7.bcGPFJ,1,KDM5-C70
Data14_MCF7_MCF7.bcHDPT,1,KDM5-C70
Data14_MCF7_MCF7.bcHJFC,1,KDM5-C70
Data14_MCF7_MCF7.bcDAFU,1,KDM5-C70
Data14_MCF7_MCF7.bcEIBN,1,KDM5-C70
Data14_MCF7_MCF7.bcCLOJ,1,KDM5-C70
Data14_MCF7_MCF7.bcAHZW,1,KDM5-C70
Data14_MCF7_MCF7.bcBXTY,1,KDM5-C70
Data14_MCF7_MCF7.bcGLFN,1,KDM5-C70
Data14_MCF7_MCF7.bcDJNJ,1,KDM5-C70
Data14_MCF7_MCF7.bcDKXN,1,KDM5-C70
Data14_MCF7_MCF7.bcEQJV,1,KDM5-C70
Data14_MCF7_MCF7.bcDLYT,1,KDM5-C70
Data14_MCF7_MCF7.bcCUJH,1,KDM5-C70
Data14_MCF7_MCF7.bcBXKY,1,KDM5-C70
Data14_MCF7_MCF7.bcCYCA,1,KDM5-C70
Data14_MCF7_MCF7.bcBPCD,1,KDM5-C70
Data14_MCF7_MCF7.bcFUUV,1,KDM5-C70
Data14_MCF7_MCF7.bcAQKG,1,KDM5-C70
Data14_MCF7_MCF7.bcBKBP,1,KDM5-C70
Data14_MCF7_MCF7.bcGHXI,1,KDM5-C70
Data14_MCF7_MCF7.bcAMAW,1,KDM5-C70
Data14_MCF7_MCF7.bcCUGU,1,KDM5-C70
Data14_MCF7_MCF7.bcCTTB,1,KDM5-C70
Data14_MCF7_MCF7.bcCOYT,1,KDM5-C70
Data14_MCF7_MCF7.bcDNFB,1,KDM5-C70
Data14_MCF7_MCF7.bcHGUS,1,KDM5-C70
Data14_MCF7_MCF7.bcAYOK,1,KDM5-C70
Data14_MCF7_MCF7.bcFBXG,1,KDM5-C70
Data14_MCF7_MCF7.bcFVTS,1,KDM5-C70
Data14_MCF7_MCF7.bcDBLZ,1,KDM5-C70
Data14_MCF7_MCF7.bcFNJE,1,KDM5-C70
Data14_MCF7_MCF7.bcEVJA,1,KDM5-C70
Data14_MCF7_MCF7.bcFUNB,1,KDM5-C70
Data14_MCF7_MCF7.bcHGMD,1,KDM5-C70
Data14_MCF7_MCF7.bcBNPQ,1,KDM5-C70
Data14_MCF7_MCF7.bcALZQ,1,KDM5-C70
Data14_MCF7_MCF7.bcATPP,1,KDM5-C70
Data14_MCF7_MCF7.bcGHRT,1,KDM5-C70
Data14_MCF7_MCF7.bcGEMG,1,KDM5-C70
Data14_MCF7_MCF7.bcAZJM,1,KDM5-C70
Data14_MCF7_MCF7.bcFKFP,1,KDM5-C70
Data14_MCF7_MCF7.bcAVDZ,1,KDM5-C70
Data14_MCF7_MCF7.bcFLPV,1,KDM5-C70
Data14_MCF7_MCF7.bcDZMW,1,KDM5-C70
Data14_MCF7_MCF7.bcDAVY,1,KDM5-C70
Data14_MCF7_MCF7.bcDKDL,1,KDM5-C70
Data14_MCF7_MCF7.bcFZPZ,1,KDM5-C70
Data14_MCF7_MCF7.bcAFUR,1,KDM5-C70
Data14_MCF7_MCF7.bcDACA,1,KDM5-C70
Data14_MCF7_MCF7.bcBGKM,1,KDM5-C70
Data14_MCF7_MCF7.bcEBYS,1,KDM5-C70
Data14_MCF7_MCF7.bcFFSJ,1,KDM5-C70
Data14_MCF7_MCF7.bcCUXR,1,KDM5-C70
Data14_MCF7_MCF7.bcEMHG,1,KDM5-C70
Data14_MCF7_MCF7.bcFBLI,1,KDM5-C70
Data14_MCF7_MCF7.bcGNZN,1,KDM5-C70
Data14_MCF7_MCF7.bcAXYU,1,KDM5-C70
Data14_MCF7_MCF7.bcIJFC,1,KDM5-C70
Data14_MCF7_MCF7.bcAAOV,1,KDM5-C70
Data14_MCF7_MCF7.bcBXTG,1,KDM5-C70
Data14_MCF7_MCF7.bcHVIT,1,KDM5-C70
Data14_MCF7_MCF7.bcABNM,1,KDM5-C70
Data14_MCF7_MCF7.bcEIMU,1,KDM5-C70
Data14_MCF7_MCF7.bcHCIM,1,KDM5-C70
Data14_MCF7_MCF7.bcFSCP,1,KDM5-C70
Data14_MCF7_MCF7.bcEOOC,1,KDM5-C70
Data14_MCF7_MCF7.bcFAHE,1,KDM5-C70
Data14_MCF7_MCF7.bcDBFP,1,KDM5-C70
Data14_MCF7_MCF7.bcICNW,1,KDM5-C70
Data14_MCF7_MCF7.bcEQIJ,1,KDM5-C70
Data14_MCF7_MCF7.bcATEA,1,KDM5-C70
Data14_MCF7_MCF7.bcAMZM,1,KDM5-C70
Data14_MCF7_MCF7.bcBXIE,1,KDM5-C70
Data14_MCF7_MCF7.bcCDTE,1,KDM5-C70
Data14_MCF7_MCF7.bcGNQA,1,KDM5-C70
Data14_MCF7_MCF7.bcCRQH,1,KDM5-C70
Data14_MCF7_MCF7.bcFPSS,1,KDM5-C70
Data14_MCF7_MCF7.bcAPUG,1,KDM5-C70
Data14_MCF7_MCF7.bcCZSY,1,KDM5-C70
Data14_MCF7_MCF7.bcHZCZ,1,KDM5-C70
Data14_MCF7_MCF7.bcCJCD,1,KDM5-C70
Data14_MCF7_MCF7.bcBVQX,1,KDM5-C70
Data14_MCF7_MCF7.bcHCFC,1,KDM5-C70
Data14_MCF7_MCF7.bcFLLC,1,KDM5-C70
Data14_MCF7_MCF7.bcGBSM,1,KDM5-C70
Data14_MCF7_MCF7.bcDFJA,1,KDM5-C70
Data14_MCF7_MCF7.bcGEMQ,1,KDM5-C70
Data14_MCF7_MCF7.bcDNGL,1,KDM5-C70
Data14_MCF7_MCF7.bcHHWE,1,KDM5-C70
Data14_MCF7_MCF7.bcDZLN,1,KDM5-C70
Data14_MCF7_MCF7.bcCCCR,1,KDM5-C70
Data14_MCF7_MCF7.bcBNQS,1,KDM5-C70
Data14_MCF7_MCF7.bcAILA,1,KDM5-C70
Data14_MCF7_MCF7.bcDKNI,1,KDM5-C70
Data14_MCF7_MCF7.bcBYQB,1,KDM5-C70
Data14_MCF7_MCF7.bcDOZJ,1,KDM5-C70
Data14_MCF7_MCF7.bcALIJ,1,KDM5-C70
Data14_MCF7_MCF7.bcCHJS,1,KDM5-C70
Data14_MCF7_MCF7.bcECTE,1,KDM5-C70
Data14_MCF7_MCF7.bcAWQQ,1,KDM5-C70
Data14_MCF7_MCF7.bcGUGD,1,KDM5-C70
Data14_MCF7_MCF7.bcAEVZ,1,KDM5-C70
Data14_MCF7_MCF7.bcAAHE,1,KDM5-C70
Data14_MCF7_MCF7.bcASGT,1,KDM5-C70
Data14_MCF7_MCF7.bcEEQO,1,KDM5-C70
Data14_MCF7_MCF7.bcHDYF,1,KDM5-C70
Data14_MCF7_MCF7.bcHDXI,1,KDM5-C70
Data14_MCF7_MCF7.bcEQJW,1,KDM5-C70
Data14_MCF7_MCF7.bcFFIT,1,KDM5-C70
Data14_MCF7_MCF7.bcFDKQ,1,KDM5-C70
Data14_MCF7_MCF7.bcHXWX,1,KDM5-C70
Data14_MCF7_MCF7.bcHMQT,1,KDM5-C70
Data14_MCF7_MCF7.bcAZHI,1,KDM5-C70
Data14_MCF7_MCF7.bcHBDA,1,KDM5-C70
Data14_MCF7_MCF7.bcBLVM,1,KDM5-C70
Data14_MCF7_MCF7.bcHJJD,1,KDM5-C70
Data14_MCF7_MCF7.bcCCKY,1,KDM5-C70
Data14_MCF7_MCF7.bcBXZH,1,KDM5-C70
Data14_MCF7_MCF7.bcFXBP,1,KDM5-C70
Data14_MCF7_MCF7.bcGTNA,1,KDM5-C70
Data14_MCF7_MCF7.bcIEVT,1,KDM5-C70
Data14_MCF7_MCF7.bcGYTB,1,KDM5-C70
Data14_MCF7_MCF7.bcDBJU,1,KDM5-C70
Data14_MCF7_MCF7.bcEYRK,1,KDM5-C70
Data14_MCF7_MCF7.bcFPTJ,1,KDM5-C70
Data14_MCF7_MCF7.bcIIBB,1,KDM5-C70
Data14_MCF7_MCF7.bcCCMJ,1,KDM5-C70
Data14_MCF7_MCF7.bcHIDP,1,KDM5-C70
Data14_MCF7_MCF7.bcGTUV,1,KDM5-C70
Data14_MCF7_MCF7.bcDJKR,1,KDM5-C70
Data14_MCF7_MCF7.bcBUGJ,1,KDM5-C70
Data14_MCF7_MCF7.bcFQUZ,1,KDM5-C70
Data14_MCF7_MCF7.bcCOYH,1,KDM5-C70
Data14_MCF7_MCF7.bcCZUS,1,KDM5-C70
Data14_MCF7_MCF7.bcHFBC,1,KDM5-C70
Data14_MCF7_MCF7.bcFBSS,1,KDM5-C70
Data14_MCF7_MCF7.bcFITB,1,KDM5-C70
Data14_MCF7_MCF7.bcEELD,1,KDM5-C70
Data14_MCF7_MCF7.bcGNGS,1,KDM5-C70
Data14_MCF7_MCF7.bcBPKV,1,KDM5-C70
Data14_MCF7_MCF7.bcHWYQ,1,KDM5-C70
Data14_MCF7_MCF7.bcGLWN,1,KDM5-C70
Data14_MCF7_MCF7.bcCFXA,1,KDM5-C70
Data14_MCF7_MCF7.bcEODP,1,KDM5-C70
Data14_MCF7_MCF7.bcFSQR,1,KDM5-C70
Data14_MCF7_MCF7.bcGWON,1,KDM5-C70
Data14_MCF7_MCF7.bcFUMQ,1,KDM5-C70
Data14_MCF7_MCF7.bcBMUJ,1,KDM5-C70
Data14_MCF7_MCF7.bcFJVP,1,KDM5-C70
Data14_MCF7_MCF7.bcATIK,1,KDM5-C70
Data14_MCF7_MCF7.bcFRAJ,1,KDM5-C70
Data14_MCF7_MCF7.bcECAN,1,KDM5-C70
Data14_MCF7_MCF7.bcEZPO,1,KDM5-C70
Data14_MCF7_MCF7.bcBWQZ,1,KDM5-C70
Data14_MCF7_MCF7.bcEDSR,1,KDM5-C70
Data14_MCF7_MCF7.bcDIED,1,KDM5-C70
Data14_MCF7_MCF7.bcDZTD,1,KDM5-C70
Data14_MCF7_MCF7.bcDHKL,1,KDM5-C70
Data14_MCF7_MCF7.bcHCDB,1,KDM5-C70
Data14_MCF7_MCF7.bcBDJC,1,KDM5-C70
Data14_MCF7_MCF7.bcEGQK,1,KDM5-C70
Data14_MCF7_MCF7.bcIJBG,1,KDM5-C70
Data14_MCF7_MCF7.bcBKXQ,1,KDM5-C70
Data14_MCF7_MCF7.bcGEOB,1,KDM5-C70
Data14_MCF7_MCF7.bcAFDG,1,KDM5-C70
Data14_MCF7_MCF7.bcGGPW,1,KDM5-C70
Data14_MCF7_MCF7.bcDSWR,1,KDM5-C70
Data14_MCF7_MCF7.bcFKKP,1,KDM5-C70
Data14_MCF7_MCF7.bcCVNY,1,KDM5-C70
Data14_MCF7_MCF7.bcHJQT,1,KDM5-C70
Data14_MCF7_MCF7.bcBRPY,1,KDM5-C70
Data14_MCF7_MCF7.bcFAHC,1,KDM5-C70
Data14_MCF7_MCF7.bcGIZQ,1,KDM5-C70
Data14_MCF7_MCF7.bcBMGU,1,KDM5-C70
Data14_MCF7_MCF7.bcARLQ,1,KDM5-C70
Data14_MCF7_MCF7.bcDCAG,1,KDM5-C70
Data14_MCF7_MCF7.bcCQKA,1,KDM5-C70
Data14_MCF7_MCF7.bcEWYN,1,KDM5-C70
Data14_MCF7_MCF7.bcATMC,1,KDM5-C70
Data14_MCF7_MCF7.bcEZLE,1,KDM5-C70
Data14_MCF7_MCF7.bcHPCF,1,KDM5-C70
Data14_MCF7_MCF7.bcHKNK,1,KDM5-C70
Data14_MCF7_MCF7.bcEJWI,1,KDM5-C70
Data14_MCF7_MCF7.bcFECE,1,KDM5-C70
Data14_MCF7_MCF7.bcAKBK,1,KDM5-C70
Data14_MCF7_MCF7.bcDJLK,1,KDM5-C70
Data14_MCF7_MCF7.bcHIVG,1,KDM5-C70
Data14_MCF7_MCF7.bcDJPV,1,KDM5-C70
Data14_MCF7_MCF7.bcCJPG,1,KDM5-C70
Data14_MCF7_MCF7.bcGAHJ,1,KDM5-C70
Data14_MCF7_MCF7.bcGJRV,1,KDM5-C70
Data14_MCF7_MCF7.bcABHF,1,KDM5-C70
Data14_MCF7_MCF7.bcATPO,1,KDM5-C70
Data14_MCF7_MCF7.bcHBGI,1,KDM5-C70
Data14_MCF7_MCF7.bcIGIO,1,KDM5-C70
Data14_MCF7_MCF7.bcEOMR,1,KDM5-C70
Data14_MCF7_MCF7.bcHZSL,1,KDM5-C70
Data14_MCF7_MCF7.bcEVPX,1,KDM5-C70
Data14_MCF7_MCF7.bcCMUB,1,KDM5-C70
Data14_MCF7_MCF7.bcGVHQ,1,KDM5-C70
Data14_MCF7_MCF7.bcBJSZ,1,KDM5-C70
Data14_MCF7_MCF7.bcFMGT,1,KDM5-C70
Data14_MCF7_MCF7.bcEPEN,1,KDM5-C70
Data14_MCF7_MCF7.bcHQEB,1,KDM5-C70
Data14_MCF7_MCF7.bcHFOW,1,KDM5-C70
Data14_MCF7_MCF7.bcIJAX,1,KDM5-C70
Data14_MCF7_MCF7.bcGHQV,1,KDM5-C70
Data14_MCF7_MCF7.bcFDHW,1,KDM5-C70
Data14_MCF7_MCF7.bcBXFS,1,KDM5-C70
Data14_MCF7_MCF7.bcEQUB,1,KDM5-C70
Data14_MCF7_MCF7.bcCPZR,1,KDM5-C70
Data14_MCF7_MCF7.bcIAEY,1,KDM5-C70
Data14_MCF7_MCF7.bcCCXO,1,KDM5-C70
Data14_MCF7_MCF7.bcCPBH,1,KDM5-C70
Data14_MCF7_MCF7.bcEAKU,1,KDM5-C70
Data14_MCF7_MCF7.bcCJTU,1,KDM5-C70
Data14_MCF7_MCF7.bcABVJ,1,KDM5-C70
Data14_MCF7_MCF7.bcDHRI,1,KDM5-C70
Data14_MCF7_MCF7.bcCVAK,1,KDM5-C70
Data14_MCF7_MCF7.bcCYAK,1,KDM5-C70
Data14_MCF7_MCF7.bcDQCM,1,KDM5-C70
Data14_MCF7_MCF7.bcFCSF,1,KDM5-C70
Data14_MCF7_MCF7.bcGVRF,1,KDM5-C70
Data14_MCF7_MCF7.bcFTFG,1,KDM5-C70
Data14_MCF7_MCF7.bcHZUX,1,KDM5-C70
Data14_MCF7_MCF7.bcBVWI,1,KDM5-C70
Data14_MCF7_MCF7.bcFXLJ,1,KDM5-C70
Data14_MCF7_MCF7.bcBXWK,1,KDM5-C70
Data14_MCF7_MCF7.bcESXW,1,KDM5-C70
Data14_MCF7_MCF7.bcAHKZ,1,KDM5-C70
Data14_MCF7_MCF7.bcBGNS,1,KDM5-C70
Data14_MCF7_MCF7.bcBUMM,1,KDM5-C70
Data14_MCF7_MCF7.bcFEMH,1,KDM5-C70
Data14_MCF7_MCF7.bcASBT,1,KDM5-C70
Data14_MCF7_MCF7.bcGJGF,1,KDM5-C70
Data14_MCF7_MCF7.bcAPQH,1,KDM5-C70
Data14_MCF7_MCF7.bcEPIJ,1,KDM5-C70
Data14_MCF7_MCF7.bcFPCM,1,KDM5-C70
Data14_MCF7_MCF7.bcEFXQ,1,KDM5-C70
Data14_MCF7_MCF7.bcBIIQ,1,KDM5-C70
Data14_MCF7_MCF7.bcHBFF,1,KDM5-C70
Data14_MCF7_MCF7.bcHNMC,1,KDM5-C70
Data14_MCF7_MCF7.bcFHGR,1,KDM5-C70
Data14_MCF7_MCF7.bcEPQP,1,KDM5-C70
Data14_MCF7_MCF7.bcIERT,1,KDM5-C70
Data14_MCF7_MCF7.bcGNXR,1,KDM5-C70
Data14_MCF7_MCF7.bcEJAV,1,KDM5-C70
Data14_MCF7_MCF7.bcHIBZ,1,KDM5-C70
Data14_MCF7_MCF7.bcCMPH,1,KDM5-C70
Data14_MCF7_MCF7.bcASNT,1,KDM5-C70
Data14_MCF7_MCF7.bcFLGO,1,KDM5-C70
Data14_MCF7_MCF7.bcGUPZ,1,KDM5-C70
Data14_MCF7_MCF7.bcCFLX,1,KDM5-C70
Data14_MCF7_MCF7.bcIIHA,1,KDM5-C70
Data14_MCF7_MCF7.bcCVIP,1,KDM5-C70
Data14_MCF7_MCF7.bcGBKL,1,KDM5-C70
Data14_MCF7_MCF7.bcFBRB,1,KDM5-C70
Data14_MCF7_MCF7.bcDKPQ,1,KDM5-C70
Data14_MCF7_MCF7.bcHCEQ,1,KDM5-C70
Data14_MCF7_MCF7.bcCNPQ,1,KDM5-C70
Data14_MCF7_MCF7.bcCHFK,1,KDM5-C70
Data14_MCF7_MCF7.bcGWOB,1,KDM5-C70
Data14_MCF7_MCF7.bcDCAS,1,KDM5-C70
Data14_MCF7_MCF7.bcIIHV,1,KDM5-C70
Data14_MCF7_MCF7.bcCSGL,1,KDM5-C70
Data14_MCF7_MCF7.bcEHZW,1,KDM5-C70
Data14_MCF7_MCF7.bcIEYM,1,KDM5-C70
Data14_MCF7_MCF7.bcEVAP,1,KDM5-C70
Data14_MCF7_MCF7.bcGVJU,1,KDM5-C70
Data14_MCF7_MCF7.bcGXWY,1,KDM5-C70
Data14_MCF7_MCF7.bcGGBK,1,KDM5-C70
Data14_MCF7_MCF7.bcFUYY,1,KDM5-C70
Data14_MCF7_MCF7.bcHJGH,1,KDM5-C70
Data14_MCF7_MCF7.bcHHAO,1,KDM5-C70
Data14_MCF7_MCF7.bcAIVN,1,KDM5-C70
Data14_MCF7_MCF7.bcBXII,1,KDM5-C70
Data14_MCF7_MCF7.bcDNNN,1,KDM5-C70
Data14_MCF7_MCF7.bcFMHP,1,KDM5-C70
Data14_MCF7_MCF7.bcBNSR,1,KDM5-C70
Data14_MCF7_MCF7.bcDWYQ,1,KDM5-C70
Data14_MCF7_MCF7.bcGUQX,1,KDM5-C70
Data14_MCF7_MCF7.bcCQWG,1,KDM5-C70
Data14_MCF7_MCF7.bcCHEF,1,KDM5-C70
Data14_MCF7_MCF7.bcDGDL,1,KDM5-C70
Data14_MCF7_MCF7.bcFNLD,1,KDM5-C70
Data14_MCF7_MCF7.bcASCQ,1,KDM5-C70
Data14_MCF7_MCF7.bcHIFZ,1,KDM5-C70
Data14_MCF7_MCF7.bcHLNW,1,KDM5-C70
Data14_MCF7_MCF7.bcCSXF,1,KDM5-C70
Data14_MCF7_MCF7.bcBDXV,1,KDM5-C70
Data14_MCF7_MCF7.bcHYYA,1,KDM5-C70
Data14_MCF7_MCF7.bcCLFA,1,KDM5-C70
Data14_MCF7_MCF7.bcENMT,1,KDM5-C70
Data14_MCF7_MCF7.bcDJZW,1,KDM5-C70
Data14_MCF7_MCF7.bcBPPO,1,KDM5-C70
Data14_MCF7_MCF7.bcAXCK,1,KDM5-C70
Data14_MCF7_MCF7.bcDUJL,1,KDM5-C70
Data14_MCF7_MCF7.bcHVMC,1,KDM5-C70
Data14_MCF7_MCF7.bcCWUB,1,KDM5-C70
Data14_MCF7_MCF7.bcDXZW,1,KDM5-C70
Data14_MCF7_MCF7.bcEWUK,1,KDM5-C70
Data14_MCF7_MCF7.bcFPZZ,1,KDM5-C70
Data14_MCF7_MCF7.bcALDA,1,KDM5-C70
Data14_MCF7_MCF7.bcBWCB,1,KDM5-C70
Data14_MCF7_MCF7.bcGCHS,1,KDM5-C70
Data14_MCF7_MCF7.bcAXCQ,1,KDM5-C70
Data14_MCF7_MCF7.bcDIID,1,KDM5-C70
Data14_MCF7_MCF7.bcCGVO,1,KDM5-C70
Data14_MCF7_MCF7.bcFFKL,1,KDM5-C70
Data14_MCF7_MCF7.bcADFD,1,KDM5-C70
Data14_MCF7_MCF7.bcDVEE,1,KDM5-C70
Data14_MCF7_MCF7.bcAYZZ,1,KDM5-C70
Data14_MCF7_MCF7.bcENDI,1,KDM5-C70
Data14_MCF7_MCF7.bcHXYR,1,KDM5-C70
Data14_MCF7_MCF7.bcAEWF,1,KDM5-C70
Data14_MCF7_MCF7.bcBYOS,1,KDM5-C70
Data14_MCF7_MCF7.bcCNNU,1,KDM5-C70
Data14_MCF7_MCF7.bcCIHS,1,KDM5-C70
Data14_MCF7_MCF7.bcICZN,1,KDM5-C70
Data14_MCF7_MCF7.bcDACX,1,KDM5-C70
Data14_MCF7_MCF7.bcIAOA,1,KDM5-C70
Data14_MCF7_MCF7.bcDQEU,1,KDM5-C70
Data14_MCF7_MCF7.bcCMOL,1,KDM5-C70
Data14_MCF7_MCF7.bcFLOP,1,KDM5-C70
Data14_MCF7_MCF7.bcBNDY,1,KDM5-C70
Data14_MCF7_MCF7.bcBJQK,1,KDM5-C70
Data14_MCF7_MCF7.bcCAPH,1,KDM5-C70
Data14_MCF7_MCF7.bcECNB,1,KDM5-C70
Data14_MCF7_MCF7.bcDTEP,1,KDM5-C70
Data14_MCF7_MCF7.bcCDXP,1,KDM5-C70
Data14_MCF7_MCF7.bcBNQU,1,KDM5-C70
Data14_MCF7_MCF7.bcGQUD,1,KDM5-C70
Data14_MCF7_MCF7.bcETWG,1,KDM5-C70
Data14_MCF7_MCF7.bcBMAE,1,KDM5-C70
Data14_MCF7_MCF7.bcGPIQ,1,KDM5-C70
Data14_MCF7_MCF7.bcDBDQ,1,KDM5-C70
Data14_MCF7_MCF7.bcCIBD,1,KDM5-C70
Data14_MCF7_MCF7.bcEGSX,1,KDM5-C70
Data14_MCF7_MCF7.bcABRB,1,KDM5-C70
Data14_MCF7_MCF7.bcHQQG,1,KDM5-C70
Data14_MCF7_MCF7.bcFVQS,1,KDM5-C70
Data14_MCF7_MCF7.bcIIMO,1,KDM5-C70
Data14_MCF7_MCF7.bcGGYO,1,KDM5-C70
Data14_MCF7_MCF7.bcDNBW,1,KDM5-C70
Data14_MCF7_MCF7.bcEYVP,1,KDM5-C70
Data14_MCF7_MCF7.bcGEBG,1,KDM5-C70
Data14_MCF7_MCF7.bcGLAH,1,KDM5-C70
Data14_MCF7_MCF7.bcACLF,1,KDM5-C70
Data14_MCF7_MCF7.bcHVUJ,1,KDM5-C70
Data14_MCF7_MCF7.bcAZEQ,1,KDM5-C70
Data14_MCF7_MCF7.bcAAGB,1,KDM5-C70
Data14_MCF7_MCF7.bcATPY,1,KDM5-C70
Data14_MCF7_MCF7.bcBDIH,1,KDM5-C70
Data14_MCF7_MCF7.bcFJDZ,1,KDM5-C70
Data14_MCF7_MCF7.bcFNAB,1,KDM5-C70
Data14_MCF7_MCF7.bcAGWV,1,KDM5-C70
Data14_MCF7_MCF7.bcDQAK,1,KDM5-C70
Data14_MCF7_MCF7.bcBBQB,1,KDM5-C70
Data14_MCF7_MCF7.bcHVOB,1,KDM5-C70
Data14_MCF7_MCF7.bcDSES,1,KDM5-C70
Data14_MCF7_MCF7.bcEZFQ,1,KDM5-C70
Data14_MCF7_MCF7.bcGEYA,1,KDM5-C70
Data14_MCF7_MCF7.bcEEJT,1,KDM5-C70
Data14_MCF7_MCF7.bcBGRU,1,KDM5-C70
Data14_MCF7_MCF7.bcCYGW,1,KDM5-C70
Data14_MCF7_MCF7.bcEQFK,1,KDM5-C70
Data14_MCF7_MCF7.bcEYNV,1,KDM5-C70
Data14_MCF7_MCF7.bcECEH,1,KDM5-C70
Data14_MCF7_MCF7.bcFWFQ,1,KDM5-C70
Data14_MCF7_MCF7.bcCIFA,1,KDM5-C70
Data14_MCF7_MCF7.bcEZZO,1,KDM5-C70
Data14_MCF7_MCF7.bcESMO,1,KDM5-C70
Data14_MCF7_MCF7.bcDFVP,1,KDM5-C70
Data14_MCF7_MCF7.bcCVAB,1,KDM5-C70
Data14_MCF7_MCF7.bcGTWN,1,KDM5-C70
Data14_MCF7_MCF7.bcGNHL,1,KDM5-C70
Data14_MCF7_MCF7.bcHRJU,1,KDM5-C70
Data14_MCF7_MCF7.bcDSDI,1,KDM5-C70
Data14_MCF7_MCF7.bcGBGH,1,KDM5-C70
Data14_MCF7_MCF7.bcIDJW,1,KDM5-C70
Data14_MCF7_MCF7.bcCHYI,1,KDM5-C70
Data14_MCF7_MCF7.bcDDJD,1,KDM5-C70
Data14_MCF7_MCF7.bcEFZX,1,KDM5-C70
Data14_MCF7_MCF7.bcCLNM,1,KDM5-C70
Data14_MCF7_MCF7.bcFTNV,1,KDM5-C70
Data14_MCF7_MCF7.bcICKI,1,KDM5-C70
Data14_MCF7_MCF7.bcEISS,1,KDM5-C70
Data14_MCF7_MCF7.bcDLDT,1,KDM5-C70
Data14_MCF7_MCF7.bcAXMQ,1,KDM5-C70
Data14_MCF7_MCF7.bcHCOA,1,KDM5-C70
Data14_MCF7_MCF7.bcAQVJ,1,KDM5-C70
Data14_MCF7_MCF7.bcHBSK,1,KDM5-C70
Data14_MCF7_MCF7.bcEWOA,1,KDM5-C70
Data14_MCF7_MCF7.bcCZFC,1,KDM5-C70
Data14_MCF7_MCF7.bcFMVY,1,KDM5-C70
Data14_MCF7_MCF7.bcCFOT,1,KDM5-C70
Data14_MCF7_MCF7.bcABES,1,KDM5-C70
Data14_MCF7_MCF7.bcEEDY,1,KDM5-C70
Data27_AAACCTGTCTGGCGTG.1,1,paclitaxel
Data27_AAACCTGTCTTTCCTC.1,1,paclitaxel
Data27_AAAGCAAAGGCTAGGT.1,1,paclitaxel
Data27_AAAGCAACAGTGACAG.1,1,paclitaxel
Data27_AAAGTAGCAGGGCATA.1,1,paclitaxel
Data27_AAAGTAGTCCACGACG.1,1,paclitaxel
Data27_AAATGCCGTGCTTCTC.1,1,paclitaxel
Data27_AACACGTGTCCAAGTT.1,1,paclitaxel
Data27_AACCATGCACAAGACG.1,1,paclitaxel
Data27_AACTCAGCAGCGTCCA.1,1,paclitaxel
Data27_AACTCAGCATGGGACA.1,1,paclitaxel
Data27_AACTCCCGTACGACCC.1,1,paclitaxel
Data27_AACTCTTAGATACACA.1,1,paclitaxel
Data27_AACTCTTCACAGACTT.1,1,paclitaxel
Data27_AACTGGTGTGTAATGA.1,1,paclitaxel
Data27_AACTTTCAGATGTTAG.1,1,paclitaxel
Data27_AACTTTCCACATCTTT.1,1,paclitaxel
Data27_AACTTTCGTCAAGCGA.1,1,paclitaxel
Data27_AACTTTCGTCGGCACT.1,1,paclitaxel
Data27_AAGGAGCAGTAGCGGT.1,1,paclitaxel
Data27_AAGGCAGCAATGGTCT.1,1,paclitaxel
Data27_AAGGTTCCAGACGCCT.1,1,paclitaxel
Data27_AAGTCTGTCAGCTCTC.1,1,paclitaxel
Data27_AATCCAGCACTGCCAG.1,1,paclitaxel
Data27_AATCCAGTCGAATGCT.1,1,paclitaxel
Data27_AATCGGTAGCCGTCGT.1,1,paclitaxel
Data27_AATCGGTGTATCAGTC.1,1,paclitaxel
Data27_ACACCCTAGCTGAACG.1,1,paclitaxel
Data27_ACACCCTAGTGCCATT.1,1,paclitaxel
Data27_ACACCCTAGTTGTAGA.1,1,paclitaxel
Data27_ACACCGGAGACTAAGT.1,1,paclitaxel
Data27_ACACTGAGTAGGCTGA.1,1,paclitaxel
Data27_ACAGCCGTCTCTGTCG.1,1,paclitaxel
Data27_ACAGCTAAGAGATGAG.1,1,paclitaxel
Data27_ACATCAGAGCCATCGC.1,1,paclitaxel
Data27_ACATCAGTCGACAGCC.1,1,paclitaxel
Data27_ACATGGTAGCTTATCG.1,1,paclitaxel
Data27_ACATGGTCACCAGGTC.1,1,paclitaxel
Data27_ACCAGTACACACATGT.1,1,paclitaxel
Data27_ACCAGTAGTTGAGTTC.1,1,paclitaxel
Data27_ACCAGTATCACATAGC.1,1,paclitaxel
Data27_ACCGTAACAAACCCAT.1,1,paclitaxel
Data27_ACCTTTAAGATGTGGC.1,1,paclitaxel
Data27_ACCTTTACAATTCCTT.1,1,paclitaxel
Data27_ACGAGCCTCATTGCCC.1,1,paclitaxel
Data27_ACGAGCCTCATTGCGA.1,1,paclitaxel
Data27_ACGAGGATCCCTAACC.1,1,paclitaxel
Data27_ACGATACAGGCCGAAT.1,1,paclitaxel
Data27_ACGATGTCAATCAGAA.1,1,paclitaxel
Data27_ACGATGTGTGGTCCGT.1,1,paclitaxel
Data27_ACGATGTTCAACCAAC.1,1,paclitaxel
Data27_ACGCAGCAGTTAGCGG.1,1,paclitaxel
Data27_ACGCAGCCATCTGGTA.1,1,paclitaxel
Data27_ACGCAGCGTAGGAGTC.1,1,paclitaxel
Data27_ACGCAGCGTTCGCTAA.1,1,paclitaxel
Data27_ACGCCAGCACAGACAG.1,1,paclitaxel
Data27_ACGCCAGCATGGGACA.1,1,paclitaxel
Data27_ACGCCGAGTGTAAGTA.1,1,paclitaxel
Data27_ACGCCGATCCTTTACA.1,1,paclitaxel
Data27_ACGGAGAGTTATCCGA.1,1,paclitaxel
Data27_ACGGGCTTCGTGACAT.1,1,paclitaxel
Data27_ACGGGTCTCGACGGAA.1,1,paclitaxel
Data27_ACTATCTAGCGCCTCA.1,1,paclitaxel
Data27_ACTATCTTCACCTCGT.1,1,paclitaxel
Data27_ACTATCTTCAGCTTAG.1,1,paclitaxel
Data27_ACTGAGTAGCACCGCT.1,1,paclitaxel
Data27_ACTGATGCAATGGACG.1,1,paclitaxel
Data27_ACTGCTCTCCAAGTAC.1,1,paclitaxel
Data27_ACTGTCCGTCGGATCC.1,1,paclitaxel
Data27_ACTTTCATCACAATGC.1,1,paclitaxel
Data27_ACTTTCATCATTATCC.1,1,paclitaxel
Data27_ACTTTCATCGGTGTTA.1,1,paclitaxel
Data27_AGAATAGAGTGCGTGA.1,1,paclitaxel
Data27_AGAATAGCAAGCGTAG.1,1,paclitaxel
Data27_AGAATAGCAGACAAGC.1,1,paclitaxel
Data27_AGACGTTGTAGAGCTG.1,1,paclitaxel
Data27_AGAGCGAGTAGATTAG.1,1,paclitaxel
Data27_AGAGCGATCCAATGGT.1,1,paclitaxel
Data27_AGAGCTTCATGCAACT.1,1,paclitaxel
Data27_AGAGCTTTCAACGGCC.1,1,paclitaxel
Data27_AGAGCTTTCCTATGTT.1,1,paclitaxel
Data27_AGATCTGAGGGAAACA.1,1,paclitaxel
Data27_AGATCTGAGTGGTAGC.1,1,paclitaxel
Data27_AGATCTGCAGATCGGA.1,1,paclitaxel
Data27_AGATCTGGTCCAGTTA.1,1,paclitaxel
Data27_AGATCTGGTCTCATCC.1,1,paclitaxel
Data27_AGATCTGTCGAATGCT.1,1,paclitaxel
Data27_AGCATACTCGTCTGCT.1,1,paclitaxel
Data27_AGCCTAATCAGTTTGG.1,1,paclitaxel
Data27_AGCGTATAGATGAGAG.1,1,paclitaxel
Data27_AGCGTATAGCTTATCG.1,1,paclitaxel
Data27_AGCGTCGAGCCGCCTA.1,1,paclitaxel
Data27_AGCGTCGAGTCATGCT.1,1,paclitaxel
Data27_AGCTCTCAGTTTGCGT.1,1,paclitaxel
Data27_AGGCCACAGGTGCTAG.1,1,paclitaxel
Data27_AGGCCACTCATCTGTT.1,1,paclitaxel
Data27_AGGCCACTCCATGCTC.1,1,paclitaxel
Data27_AGGCCGTCACGGCGTT.1,1,paclitaxel
Data27_AGGCCGTTCGCACTCT.1,1,paclitaxel
Data27_AGGGAGTGTTCAGGCC.1,1,paclitaxel
Data27_AGGGATGAGTACGTTC.1,1,paclitaxel
Data27_AGGGTGAAGAGGACGG.1,1,paclitaxel
Data27_AGGGTGACACAAGACG.1,1,paclitaxel
Data27_AGGTCATAGATCCTGT.1,1,paclitaxel
Data27_AGTCTTTGTGACAAAT.1,1,paclitaxel
Data27_AGTGGGAGTAGCGTAG.1,1,paclitaxel
Data27_AGTGTCAGTAATAGCA.1,1,paclitaxel
Data27_AGTTGGTCAATGAAAC.1,1,paclitaxel
Data27_AGTTGGTTCGCCATAA.1,1,paclitaxel
Data27_ATAACGCAGGGCTTGA.1,1,paclitaxel
Data27_ATAAGAGGTCTTGATG.1,1,paclitaxel
Data27_ATAGACCAGCAAATCA.1,1,paclitaxel
Data27_ATAGACCGTGAGGGAG.1,1,paclitaxel
Data27_ATCACGAAGCATCATC.1,1,paclitaxel
Data27_ATCACGACAAGGTTTC.1,1,paclitaxel
Data27_ATCACGAGTACTCTCC.1,1,paclitaxel
Data27_ATCACGATCCCTTGCA.1,1,paclitaxel
Data27_ATCACGATCTGTACGA.1,1,paclitaxel
Data27_ATCATCTGTGATGTCT.1,1,paclitaxel
Data27_ATCCACCAGGCTAGAC.1,1,paclitaxel
Data27_ATCCACCCAGCTGGCT.1,1,paclitaxel
Data27_ATCTACTCAAGCTGAG.1,1,paclitaxel
Data27_ATCTACTTCCCGGATG.1,1,paclitaxel
Data27_ATCTGCCGTGCCTTGG.1,1,paclitaxel
Data27_ATCTGCCTCCGTAGGC.1,1,paclitaxel
Data27_ATGAGGGAGCCAGAAC.1,1,paclitaxel
Data27_ATGAGGGCACTGCCAG.1,1,paclitaxel
Data27_ATGGGAGAGTGCAAGC.1,1,paclitaxel
Data27_ATGGGAGGTACCGCTG.1,1,paclitaxel
Data27_ATGTGTGAGTGTTTGC.1,1,paclitaxel
Data27_ATGTGTGGTCAATACC.1,1,paclitaxel
Data27_ATGTGTGTCGGATGGA.1,1,paclitaxel
Data27_ATTACTCCACCGGAAA.1,1,paclitaxel
Data27_ATTCTACCAACTGCGC.1,1,paclitaxel
Data27_ATTGGACGTAAGTAGT.1,1,paclitaxel
Data27_ATTGGACGTAATTGGA.1,1,paclitaxel
Data27_ATTGGACTCTAGCACA.1,1,paclitaxel
Data27_ATTGGTGAGAAGAAGC.1,1,paclitaxel
Data27_ATTGGTGCACCGCTAG.1,1,paclitaxel
Data27_ATTTCTGAGACGCAAC.1,1,paclitaxel
Data27_ATTTCTGTCTTTCCTC.1,1,paclitaxel
Data27_CAACCTCAGTAAGTAC.1,1,paclitaxel
Data27_CAACCTCCACCAGCAC.1,1,paclitaxel
Data27_CAACTAGTCAATCACG.1,1,paclitaxel
Data27_CAACTAGTCTGGTGTA.1,1,paclitaxel
Data27_CAAGAAACAGACTCGC.1,1,paclitaxel
Data27_CAAGGCCCAGACAGGT.1,1,paclitaxel
Data27_CAAGGCCGTGTAACGG.1,1,paclitaxel
Data27_CACACCTAGACTGTAA.1,1,paclitaxel
Data27_CACACTCCAATGACCT.1,1,paclitaxel
Data27_CACAGGCGTAAAGTCA.1,1,paclitaxel
Data27_CACAGGCTCCAATGGT.1,1,paclitaxel
Data27_CACAGTAAGACTCGGA.1,1,paclitaxel
Data27_CACAGTATCAAACAAG.1,1,paclitaxel
Data27_CACATTTTCAACGAAA.1,1,paclitaxel
Data27_CACCACTCACTCAGGC.1,1,paclitaxel
Data27_CACCACTTCACAGTAC.1,1,paclitaxel
Data27_CACCACTTCAGCGACC.1,1,paclitaxel
Data27_CACCTTGAGCGTAATA.1,1,paclitaxel
Data27_CACCTTGTCCTAAGTG.1,1,paclitaxel
Data27_CACTCCATCAGAGGTG.1,1,paclitaxel
Data27_CACTCCATCCTTGACC.1,1,paclitaxel
Data27_CAGAATCTCCAAACAC.1,1,paclitaxel
Data27_CAGAGAGTCCTACAGA.1,1,paclitaxel
Data27_CAGATCAAGGAGCGAG.1,1,paclitaxel
Data27_CAGCATAAGATCCGAG.1,1,paclitaxel
Data27_CAGCATAGTCAGAATA.1,1,paclitaxel
Data27_CAGCATAGTTCCAACA.1,1,paclitaxel
Data27_CAGCCGACAGGTCGTC.1,1,paclitaxel
Data27_CAGCTAAAGGCGTACA.1,1,paclitaxel
Data27_CAGCTGGTCTCTAAGG.1,1,paclitaxel
Data27_CAGTAACGTTCGAATC.1,1,paclitaxel
Data27_CAGTCCTTCTGGTTCC.1,1,paclitaxel
Data27_CATATTCTCCGCGGTA.1,1,paclitaxel
Data27_CATCAAGGTTATCACG.1,1,paclitaxel
Data27_CATCAGAAGCCGTCGT.1,1,paclitaxel
Data27_CATCAGAGTCATTAGC.1,1,paclitaxel
Data27_CATCCACGTAACGACG.1,1,paclitaxel
Data27_CATCCACTCCAGTAGT.1,1,paclitaxel
Data27_CATCCACTCCTATTCA.1,1,paclitaxel
Data27_CATCGAATCTGCTGTC.1,1,paclitaxel
Data27_CATCGGGAGTGCCAGA.1,1,paclitaxel
Data27_CATCGGGTCCTCCTAG.1,1,paclitaxel
Data27_CATCGGGTCTGTTTGT.1,1,paclitaxel
Data27_CATGACAAGCTTCGCG.1,1,paclitaxel
Data27_CATGACATCTTAGCCC.1,1,paclitaxel
Data27_CATGGCGGTATTCTCT.1,1,paclitaxel
Data27_CCAATCCAGGTTACCT.1,1,paclitaxel
Data27_CCACCTAAGAGGTTGC.1,1,paclitaxel
Data27_CCACCTACAAATCCGT.1,1,paclitaxel
Data27_CCACTACCATAGGATA.1,1,paclitaxel
Data27_CCACTACCATGCTGGC.1,1,paclitaxel
Data27_CCATGTCTCCTACAGA.1,1,paclitaxel
Data27_CCATTCGAGTCGTTTG.1,1,paclitaxel
Data27_CCCAATCTCACTTCAT.1,1,paclitaxel
Data27_CCCAGTTCACCACCAG.1,1,paclitaxel
Data27_CCCAGTTCATCCGGGT.1,1,paclitaxel
Data27_CCCATACGTCTGCAAT.1,1,paclitaxel
Data27_CCGGGATGTAAGTTCC.1,1,paclitaxel
Data27_CCGTACTTCCGCATCT.1,1,paclitaxel
Data27_CCGTTCACAAGCGAGT.1,1,paclitaxel
Data27_CCTAAAGAGAGTACCG.1,1,paclitaxel
Data27_CCTAAAGTCAGAAATG.1,1,paclitaxel
Data27_CCTAAAGTCCGCATCT.1,1,paclitaxel
Data27_CCTACACGTCTTGCGG.1,1,paclitaxel
Data27_CCTACACGTTAAGTAG.1,1,paclitaxel
Data27_CCTAGCTCAGGACGTA.1,1,paclitaxel
Data27_CCTATTAAGCGTTGCC.1,1,paclitaxel
Data27_CCTTACGAGAAACCTA.1,1,paclitaxel
Data27_CCTTACGAGACCGGAT.1,1,paclitaxel
Data27_CCTTACGTCGGAGCAA.1,1,paclitaxel
Data27_CCTTACGTCTCAAGTG.1,1,paclitaxel
Data27_CCTTCCCAGCGTTCCG.1,1,paclitaxel
Data27_CCTTCCCCATTCCTGC.1,1,paclitaxel
Data27_CCTTCCCGTGGGTATG.1,1,paclitaxel
Data27_CCTTCGAAGATGTGGC.1,1,paclitaxel
Data27_CGAACATAGTGGTAGC.1,1,paclitaxel
Data27_CGAACATCACCTATCC.1,1,paclitaxel
Data27_CGAATGTAGATACACA.1,1,paclitaxel
Data27_CGAATGTGTTCAGCGC.1,1,paclitaxel
Data27_CGACCTTCAGCAGTTT.1,1,paclitaxel
Data27_CGACCTTTCTACTATC.1,1,paclitaxel
Data27_CGACTTCCAAGCCGTC.1,1,paclitaxel
Data27_CGAGAAGTCTATCCTA.1,1,paclitaxel
Data27_CGAGCACAGGGAGTAA.1,1,paclitaxel
Data27_CGATCGGAGAACAATC.1,1,paclitaxel
Data27_CGATGGCCAGCCAGAA.1,1,paclitaxel
Data27_CGATGGCGTGTGAAAT.1,1,paclitaxel
Data27_CGATGGCGTTATCGGT.1,1,paclitaxel
Data27_CGATGTAGTCGAGTTT.1,1,paclitaxel
Data27_CGCTATCCAACACGCC.1,1,paclitaxel
Data27_CGCTATCGTATGGTTC.1,1,paclitaxel
Data27_CGCTTCACATAACCTG.1,1,paclitaxel
Data27_CGGACACAGTTTCCTT.1,1,paclitaxel
Data27_CGGACACGTTGAGTTC.1,1,paclitaxel
Data27_CGGACTGCACTTAACG.1,1,paclitaxel
Data27_CGGACTGTCCACGTGG.1,1,paclitaxel
Data27_CGGAGTCCACTGAAGG.1,1,paclitaxel
Data27_CGGCTAGAGCTAACTC.1,1,paclitaxel
Data27_CGTCACTCAGATCGGA.1,1,paclitaxel
Data27_CGTCACTGTCTAGTCA.1,1,paclitaxel
Data27_CGTCACTGTGCAGTAG.1,1,paclitaxel
Data27_CGTCACTTCTAGAGTC.1,1,paclitaxel
Data27_CGTCAGGCAAGCGTAG.1,1,paclitaxel
Data27_CGTCCATAGTCTCCTC.1,1,paclitaxel
Data27_CGTGAGCCAATGGACG.1,1,paclitaxel
Data27_CGTGAGCGTGCAACTT.1,1,paclitaxel
Data27_CGTGTAAGTAGCGCTC.1,1,paclitaxel
Data27_CGTGTCTTCCGCAAGC.1,1,paclitaxel
Data27_CGTTAGACAGGGTACA.1,1,paclitaxel
Data27_CGTTAGAGTAAGTTCC.1,1,paclitaxel
Data27_CGTTAGATCGGCGCTA.1,1,paclitaxel
Data27_CGTTCTGCAGCTTCGG.1,1,paclitaxel
Data27_CGTTGGGAGTGTTAGA.1,1,paclitaxel
Data27_CGTTGGGGTCCAGTTA.1,1,paclitaxel
Data27_CTAACTTAGATGTTAG.1,1,paclitaxel
Data27_CTAACTTCAAGCCATT.1,1,paclitaxel
Data27_CTAACTTGTACCGTAT.1,1,paclitaxel
Data27_CTAATGGCACCAACCG.1,1,paclitaxel
Data27_CTAATGGGTAAGGATT.1,1,paclitaxel
Data27_CTACACCTCCCAACGG.1,1,paclitaxel
Data27_CTACATTGTGGAAAGA.1,1,paclitaxel
Data27_CTACATTTCTTGTATC.1,1,paclitaxel
Data27_CTACCCAGTGCCTGGT.1,1,paclitaxel
Data27_CTAGCCTAGCTGCAAG.1,1,paclitaxel
Data27_CTAGCCTCATGACATC.1,1,paclitaxel
Data27_CTAGCCTGTCCCGACA.1,1,paclitaxel
Data27_CTAGTGAGTGATAAGT.1,1,paclitaxel
Data27_CTCAGAAAGTGGGATC.1,1,paclitaxel
Data27_CTCATTATCACCTCGT.1,1,paclitaxel
Data27_CTCCTAGAGAAACCGC.1,1,paclitaxel
Data27_CTCGTCAGTAAGAGAG.1,1,paclitaxel
Data27_CTCGTCATCTCTAGGA.1,1,paclitaxel
Data27_CTCTAATGTTAGTGGG.1,1,paclitaxel
Data27_CTCTACGAGCGATGAC.1,1,paclitaxel
Data27_CTCTACGTCGTAGGAG.1,1,paclitaxel
Data27_CTCTGGTGTCCGACGT.1,1,paclitaxel
Data27_CTGATAGCACTGAAGG.1,1,paclitaxel
Data27_CTGATCCCAAGACACG.1,1,paclitaxel
Data27_CTGATCCCAATTGCTG.1,1,paclitaxel
Data27_CTGATCCCACCTCGTT.1,1,paclitaxel
Data27_CTGATCCGTAATCGTC.1,1,paclitaxel
Data27_CTGATCCTCCGCAGTG.1,1,paclitaxel
Data27_CTGCCTAAGTGTCCAT.1,1,paclitaxel
Data27_CTGCCTATCGTTTAGG.1,1,paclitaxel
Data27_CTGCGGAGTACCTACA.1,1,paclitaxel
Data27_CTGCGGATCACAAACC.1,1,paclitaxel
Data27_CTGCTGTCAGTCTTCC.1,1,paclitaxel
Data27_CTGGTCTCACCTATCC.1,1,paclitaxel
Data27_CTGTGCTAGAAGGGTA.1,1,paclitaxel
Data27_CTGTGCTCAGCCTTGG.1,1,paclitaxel
Data27_CTGTGCTGTTGCGCAC.1,1,paclitaxel
Data27_CTGTTTAAGCTGTCTA.1,1,paclitaxel
Data27_CTGTTTAGTTTGTGTG.1,1,paclitaxel
Data27_CTGTTTATCGACGGAA.1,1,paclitaxel
Data27_CTGTTTATCGAGGTAG.1,1,paclitaxel
Data27_CTTAACTCAGTAAGCG.1,1,paclitaxel
Data27_CTTACCGCACATCTTT.1,1,paclitaxel
Data27_CTTAGGATCCCTTGTG.1,1,paclitaxel
Data27_CTTGGCTAGAAGCCCA.1,1,paclitaxel
Data27_CTTGGCTGTGACCAAG.1,1,paclitaxel
Data27_CTTGGCTTCACGACTA.1,1,paclitaxel
Data27_CTTGGCTTCTCGTTTA.1,1,paclitaxel
Data27_CTTTGCGCACTGAAGG.1,1,paclitaxel
Data27_CTTTGCGGTAGCGTAG.1,1,paclitaxel
Data27_CTTTGCGTCATTCACT.1,1,paclitaxel
Data27_GAAACTCAGCGTGAGT.1,1,paclitaxel
Data27_GAAACTCCAAGTTCTG.1,1,paclitaxel
Data27_GAAACTCGTAAAGGAG.1,1,paclitaxel
Data27_GAAACTCTCCTAAGTG.1,1,paclitaxel
Data27_GAAATGAGTCATATCG.1,1,paclitaxel
Data27_GAAATGAGTGCGGTAA.1,1,paclitaxel
Data27_GAACATCAGTGGTAAT.1,1,paclitaxel
Data27_GAACATCGTCAAACTC.1,1,paclitaxel
Data27_GAACCTACATTAACCG.1,1,paclitaxel
Data27_GAACCTAGTTTCCACC.1,1,paclitaxel
Data27_GAACCTATCGGCGCAT.1,1,paclitaxel
Data27_GAACGGACAGATGAGC.1,1,paclitaxel
Data27_GAATGAAAGGCTAGCA.1,1,paclitaxel
Data27_GAATGAACACGGCGTT.1,1,paclitaxel
Data27_GACACGCCACATTTCT.1,1,paclitaxel
Data27_GACACGCTCTCGTTTA.1,1,paclitaxel
Data27_GACCAATTCTTACCTA.1,1,paclitaxel
Data27_GACCTGGCACGGTAAG.1,1,paclitaxel
Data27_GACCTGGCACTAGTAC.1,1,paclitaxel
Data27_GACGCGTTCCTCCTAG.1,1,paclitaxel
Data27_GACGGCTCAACTTGAC.1,1,paclitaxel
Data27_GACGTGCGTATAGGTA.1,1,paclitaxel
Data27_GACTAACGTGTGACCC.1,1,paclitaxel
Data27_GACTAACGTTATCACG.1,1,paclitaxel
Data27_GACTACATCGGATGGA.1,1,paclitaxel
Data27_GACTACATCTGCGTAA.1,1,paclitaxel
Data27_GACTGCGGTTTGTGTG.1,1,paclitaxel
Data27_GACTGCGTCCGAATGT.1,1,paclitaxel
Data27_GAGCAGAAGCCGGTAA.1,1,paclitaxel
Data27_GAGCAGAAGCGGCTTC.1,1,paclitaxel
Data27_GAGCAGATCAACGGGA.1,1,paclitaxel
Data27_GAGGTGACACGTGAGA.1,1,paclitaxel
Data27_GAGGTGAGTCTGGTCG.1,1,paclitaxel
Data27_GAGTCCGCATGGGAAC.1,1,paclitaxel
Data27_GATCAGTGTAGAAGGA.1,1,paclitaxel
Data27_GATCAGTTCAACACTG.1,1,paclitaxel
Data27_GATCGCGCAACACGCC.1,1,paclitaxel
Data27_GATCGCGGTGCTGTAT.1,1,paclitaxel
Data27_GATCGTAGTACAGTGG.1,1,paclitaxel
Data27_GATCTAGGTACGAAAT.1,1,paclitaxel
Data27_GATGCTACATTCACTT.1,1,paclitaxel
Data27_GATTCAGGTGTTTGGT.1,1,paclitaxel
Data27_GCAAACTGTAACGACG.1,1,paclitaxel
Data27_GCAAACTGTCGCATAT.1,1,paclitaxel
Data27_GCAATCACAGGGAGAG.1,1,paclitaxel
Data27_GCACATACAAGCCTAT.1,1,paclitaxel
Data27_GCACATACATGAGCGA.1,1,paclitaxel
Data27_GCACTCTGTGTTTGTG.1,1,paclitaxel
Data27_GCACTCTTCTAACTTC.1,1,paclitaxel
Data27_GCAGTTACAATGGAAT.1,1,paclitaxel
Data27_GCATACACAAGAGGCT.1,1,paclitaxel
Data27_GCATACACACATGTGT.1,1,paclitaxel
Data27_GCATGCGAGGCTCTTA.1,1,paclitaxel
Data27_GCATGCGCATCCGCGA.1,1,paclitaxel
Data27_GCATGCGTCACATAGC.1,1,paclitaxel
Data27_GCATGTAAGAAACGCC.1,1,paclitaxel
Data27_GCCAAATAGGTTCCTA.1,1,paclitaxel
Data27_GCGACCACAGTCGATT.1,1,paclitaxel
Data27_GCGACCAGTGACTACT.1,1,paclitaxel
Data27_GCGACCATCAAAGACA.1,1,paclitaxel
Data27_GCGAGAATCTCAACTT.1,1,paclitaxel
Data27_GCGCAACGTCCCGACA.1,1,paclitaxel
Data27_GCGCAACGTCTGATCA.1,1,paclitaxel
Data27_GCGCAACGTGAAATCA.1,1,paclitaxel
Data27_GCGCAACTCATATCGG.1,1,paclitaxel
Data27_GCGCGATAGGCCCTTG.1,1,paclitaxel
Data27_GCGCGATAGTGGGCTA.1,1,paclitaxel
Data27_GCGCGATAGTGTTTGC.1,1,paclitaxel
Data27_GCGCGATTCTACTATC.1,1,paclitaxel
Data27_GCTCTGTAGCTGTTCA.1,1,paclitaxel
Data27_GCTGCAGCAATAGCAA.1,1,paclitaxel
Data27_GCTGCTTTCTTGTACT.1,1,paclitaxel
Data27_GCTTGAACAGCATGAG.1,1,paclitaxel
Data27_GCTTGAACAGTTCCCT.1,1,paclitaxel
Data27_GCTTGAACATGTAAGA.1,1,paclitaxel
Data27_GGAAAGCCAAAGGTGC.1,1,paclitaxel
Data27_GGAAAGCGTTAGATGA.1,1,paclitaxel
Data27_GGAACTTTCGAGAACG.1,1,paclitaxel
Data27_GGAATAAAGATGTTAG.1,1,paclitaxel
Data27_GGACAAGTCTTTAGGG.1,1,paclitaxel
Data27_GGACATTAGCACGCCT.1,1,paclitaxel
Data27_GGACATTTCTCGCTTG.1,1,paclitaxel
Data27_GGAGCAACAGCTGTGC.1,1,paclitaxel
Data27_GGATGTTAGAGGTTAT.1,1,paclitaxel
Data27_GGATGTTGTACAGTGG.1,1,paclitaxel
Data27_GGATGTTGTGGGTCAA.1,1,paclitaxel
Data27_GGATGTTGTTGAGTTC.1,1,paclitaxel
Data27_GGATTACCAATGTTGC.1,1,paclitaxel
Data27_GGCAATTAGGCACATG.1,1,paclitaxel
Data27_GGCAATTGTGCAACTT.1,1,paclitaxel
Data27_GGCAATTTCCACGTGG.1,1,paclitaxel
Data27_GGCCGATGTAGGCTGA.1,1,paclitaxel
Data27_GGCGACTAGAAGAAGC.1,1,paclitaxel
Data27_GGCGACTAGGTCGGAT.1,1,paclitaxel
Data27_GGCGTGTTCAGTACGT.1,1,paclitaxel
Data27_GGCTCGAAGTACGTAA.1,1,paclitaxel
Data27_GGCTCGAGTAGTACCT.1,1,paclitaxel
Data27_GGCTCGAGTCTAGAGG.1,1,paclitaxel
Data27_GGCTGGTAGAACTCGG.1,1,paclitaxel
Data27_GGGAATGAGCGAAGGG.1,1,paclitaxel
Data27_GGGACCTTCATCGGAT.1,1,paclitaxel
Data27_GGGACCTTCGGAAATA.1,1,paclitaxel
Data27_GGGAGATCAAGCGATG.1,1,paclitaxel
Data27_GGGATGATCCTTAATC.1,1,paclitaxel
Data27_GGGTCTGAGACATAAC.1,1,paclitaxel
Data27_GGGTTGCAGTAGCCGA.1,1,paclitaxel
Data27_GGGTTGCTCCTTGACC.1,1,paclitaxel
Data27_GGTGAAGAGACATAAC.1,1,paclitaxel
Data27_GGTGAAGAGTTCGATC.1,1,paclitaxel
Data27_GGTGAAGCATCACGTA.1,1,paclitaxel
Data27_GGTGAAGTCCCTAACC.1,1,paclitaxel
Data27_GGTGCGTTCACTTACT.1,1,paclitaxel
Data27_GGTGTTATCGGCCGAT.1,1,paclitaxel
Data27_GTAACGTTCAGGTTCA.1,1,paclitaxel
Data27_GTAACTGCATGAACCT.1,1,paclitaxel
Data27_GTAACTGCATTTCACT.1,1,paclitaxel
Data27_GTACGTATCCACTCCA.1,1,paclitaxel
Data27_GTACTTTAGAGGGATA.1,1,paclitaxel
Data27_GTAGGCCGTAGCCTCG.1,1,paclitaxel
Data27_GTAGTCAGTGTCTGAT.1,1,paclitaxel
Data27_GTATCTTTCTTGAGGT.1,1,paclitaxel
Data27_GTCAAGTTCGCCTGAG.1,1,paclitaxel
Data27_GTCACAACACGCTTTC.1,1,paclitaxel
Data27_GTCACAATCTATCGCC.1,1,paclitaxel
Data27_GTCATTTTCGCGTAGC.1,1,paclitaxel
Data27_GTCCTCAAGTTAAGTG.1,1,paclitaxel
Data27_GTCCTCATCCATGAGT.1,1,paclitaxel
Data27_GTCGGGTAGTAATCCC.1,1,paclitaxel
Data27_GTCGGGTGTTACTGAC.1,1,paclitaxel
Data27_GTCGGGTTCAGTGTTG.1,1,paclitaxel
Data27_GTCGTAACAAGCTGGA.1,1,paclitaxel
Data27_GTCGTAAGTGGAAAGA.1,1,paclitaxel
Data27_GTCGTAATCACCGTAA.1,1,paclitaxel
Data27_GTCTCGTGTGCTTCTC.1,1,paclitaxel
Data27_GTCTCGTTCCAGAGGA.1,1,paclitaxel
Data27_GTGAAGGAGAGGGCTT.1,1,paclitaxel
Data27_GTGAAGGGTGCTAGCC.1,1,paclitaxel
Data27_GTGAAGGTCGAATGGG.1,1,paclitaxel
Data27_GTGCAGCGTCTGGTCG.1,1,paclitaxel
Data27_GTGCATATCTCTTGAT.1,1,paclitaxel
Data27_GTGCGGTTCGTGGTCG.1,1,paclitaxel
Data27_GTGGGTCAGAAACCGC.1,1,paclitaxel
Data27_GTGGGTCAGTGTACTC.1,1,paclitaxel
Data27_GTGGGTCCACGGTTTA.1,1,paclitaxel
Data27_GTGTTAGAGAAGGACA.1,1,paclitaxel
Data27_GTGTTAGCATCACGAT.1,1,paclitaxel
Data27_GTTAAGCCACCAGATT.1,1,paclitaxel
Data27_GTTAAGCCATTGCGGC.1,1,paclitaxel
Data27_GTTAAGCGTTTGTGTG.1,1,paclitaxel
Data27_GTTCATTAGACCTTTG.1,1,paclitaxel
Data27_GTTCATTGTCTTCTCG.1,1,paclitaxel
Data27_GTTCATTTCTACTCAT.1,1,paclitaxel
Data27_GTTCTCGCAGGCAGTA.1,1,paclitaxel
Data27_GTTCTCGGTATAAACG.1,1,paclitaxel
Data27_GTTCTCGGTTCCATGA.1,1,paclitaxel
Data27_TAAACCGCACATTTCT.1,1,paclitaxel
Data27_TAAACCGGTTCGTCTC.1,1,paclitaxel
Data27_TAAGAGATCAACGAAA.1,1,paclitaxel
Data27_TAAGCGTCATACTACG.1,1,paclitaxel
Data27_TACACGATCGAACGGA.1,1,paclitaxel
Data27_TACACGATCTCAACTT.1,1,paclitaxel
Data27_TACAGTGGTACTCGCG.1,1,paclitaxel
Data27_TACAGTGGTGAACCTT.1,1,paclitaxel
Data27_TACAGTGTCTTTAGGG.1,1,paclitaxel
Data27_TACCTATAGTTGTCGT.1,1,paclitaxel
Data27_TACCTATGTTAAGGGC.1,1,paclitaxel
Data27_TACCTTAAGTGTTGAA.1,1,paclitaxel
Data27_TACGGATGTTCCACGG.1,1,paclitaxel
Data27_TACGGGCCACAGGAGT.1,1,paclitaxel
Data27_TACGGGCTCACCTCGT.1,1,paclitaxel
Data27_TACGGGCTCGCAAGCC.1,1,paclitaxel
Data27_TACGGTAAGAGGTTAT.1,1,paclitaxel
Data27_TACGGTAAGCCTATGT.1,1,paclitaxel
Data27_TACTCATCACATGGGA.1,1,paclitaxel
Data27_TACTCATCAGGACGTA.1,1,paclitaxel
Data27_TACTCGCAGTGTTTGC.1,1,paclitaxel
Data27_TAGAGCTAGAAACCGC.1,1,paclitaxel
Data27_TAGGCATTCTGCCAGG.1,1,paclitaxel
Data27_TAGTGGTCATCAGTAC.1,1,paclitaxel
Data27_TAGTGGTTCCTGCCAT.1,1,paclitaxel
Data27_TATCAGGCACCAGGCT.1,1,paclitaxel
Data27_TATCTCACAAACGCGA.1,1,paclitaxel
Data27_TATCTCATCTAGCACA.1,1,paclitaxel
Data27_TATTACCCAGGAATGC.1,1,paclitaxel
Data27_TCAACGAGTGGTCCGT.1,1,paclitaxel
Data27_TCAACGATCAGTTCGA.1,1,paclitaxel
Data27_TCAATCTAGCGAGAAA.1,1,paclitaxel
Data27_TCACGAACAAGGGTCA.1,1,paclitaxel
Data27_TCACGAACAGTGGAGT.1,1,paclitaxel
Data27_TCACGAAGTCTGCCAG.1,1,paclitaxel
Data27_TCAGCAAAGAAGAAGC.1,1,paclitaxel
Data27_TCAGCAAGTACTCGCG.1,1,paclitaxel
Data27_TCAGCTCCAAATACAG.1,1,paclitaxel
Data27_TCAGCTCTCACTCTTA.1,1,paclitaxel
Data27_TCAGGTAAGGACACCA.1,1,paclitaxel
Data27_TCAGGTAAGTAGCGGT.1,1,paclitaxel
Data27_TCATTTGCATTAACCG.1,1,paclitaxel
Data27_TCATTTGTCGTTACGA.1,1,paclitaxel
Data27_TCCACACCACCGAATT.1,1,paclitaxel
Data27_TCCCGATCAATAAGCA.1,1,paclitaxel
Data27_TCGAGGCTCAGTGTTG.1,1,paclitaxel
Data27_TCGAGGCTCATTGCCC.1,1,paclitaxel
Data27_TCGCGAGAGTTAACGA.1,1,paclitaxel
Data27_TCGGTAATCATTGCGA.1,1,paclitaxel
Data27_TCGTACCCATTCCTGC.1,1,paclitaxel
Data27_TCGTACCTCTAACTGG.1,1,paclitaxel
Data27_TCGTAGAGTTCACCTC.1,1,paclitaxel
Data27_TCTATTGGTGACCAAG.1,1,paclitaxel
Data27_TCTCATAGTTCACCTC.1,1,paclitaxel
Data27_TCTCATATCATGTCTT.1,1,paclitaxel
Data27_TCTCATATCCTCTAGC.1,1,paclitaxel
Data27_TCTCTAACACTACAGT.1,1,paclitaxel
Data27_TCTCTAAGTATCTGCA.1,1,paclitaxel
Data27_TCTCTAATCTCAAACG.1,1,paclitaxel
Data27_TCTTCGGGTAATTGGA.1,1,paclitaxel
Data27_TCTTTCCCATGCCTTC.1,1,paclitaxel
Data27_TGAAAGAAGTCCGTAT.1,1,paclitaxel
Data27_TGAAAGATCGTATCAG.1,1,paclitaxel
Data27_TGACAACAGTAGCGGT.1,1,paclitaxel
Data27_TGACAACAGTGACTCT.1,1,paclitaxel
Data27_TGACGGCTCAAACCAC.1,1,paclitaxel
Data27_TGAGAGGAGAGGACGG.1,1,paclitaxel
Data27_TGAGAGGAGTGGAGTC.1,1,paclitaxel
Data27_TGAGAGGCAGGAACGT.1,1,paclitaxel
Data27_TGAGAGGTCATTATCC.1,1,paclitaxel
Data27_TGAGCATCATACTACG.1,1,paclitaxel
Data27_TGAGCATTCCGTCAAA.1,1,paclitaxel
Data27_TGAGGGATCTGTACGA.1,1,paclitaxel
Data27_TGATTTCAGGAGTTGC.1,1,paclitaxel
Data27_TGATTTCAGGGTATCG.1,1,paclitaxel
Data27_TGATTTCCAACTGGCC.1,1,paclitaxel
Data27_TGATTTCCACCCATTC.1,1,paclitaxel
Data27_TGCCAAAAGATGTTAG.1,1,paclitaxel
Data27_TGCCCATGTTCGCGAC.1,1,paclitaxel
Data27_TGCGCAGCATTCCTGC.1,1,paclitaxel
Data27_TGCGGGTCATCCTTGC.1,1,paclitaxel
Data27_TGCGTGGTCACTTACT.1,1,paclitaxel
Data27_TGCTACCAGAGTAAGG.1,1,paclitaxel
Data27_TGCTGCTGTCCGCTGA.1,1,paclitaxel
Data27_TGCTGCTGTTGCGCAC.1,1,paclitaxel
Data27_TGGACGCAGCAGACTG.1,1,paclitaxel
Data27_TGGACGCAGCCGATTT.1,1,paclitaxel
Data27_TGGACGCTCACTTCAT.1,1,paclitaxel
Data27_TGGCCAGGTATCGCAT.1,1,paclitaxel
Data27_TGGCCAGGTCTAGGTT.1,1,paclitaxel
Data27_TGGCGCACACCAGGTC.1,1,paclitaxel
Data27_TGGCGCACACGCCAGT.1,1,paclitaxel
Data27_TGGCTGGCATGCTAGT.1,1,paclitaxel
Data27_TGGTTAGCACGAAACG.1,1,paclitaxel
Data27_TGGTTAGGTGAAGGCT.1,1,paclitaxel
Data27_TGGTTAGTCCACGTTC.1,1,paclitaxel
Data27_TGGTTCCCAAAGCGGT.1,1,paclitaxel
Data27_TGGTTCCCAAGGTTTC.1,1,paclitaxel
Data27_TGGTTCCTCTTTACGT.1,1,paclitaxel
Data27_TGTATTCCATTGGGCC.1,1,paclitaxel
Data27_TGTATTCTCAAGGTAA.1,1,paclitaxel
Data27_TGTCCCACAACAACCT.1,1,paclitaxel
Data27_TGTCCCATCGGTTAAC.1,1,paclitaxel
Data27_TGTGGTAAGACACTAA.1,1,paclitaxel
Data27_TGTGGTAAGTTATCGC.1,1,paclitaxel
Data27_TGTGGTAGTACTCTCC.1,1,paclitaxel
Data27_TGTGTTTAGCCAACAG.1,1,paclitaxel
Data27_TTAGGCAGTCAGGACA.1,1,paclitaxel
Data27_TTAGTTCAGCCTCGTG.1,1,paclitaxel
Data27_TTAGTTCAGGCCCTTG.1,1,paclitaxel
Data27_TTAGTTCCAAATTGCC.1,1,paclitaxel
Data27_TTAGTTCGTGCCTTGG.1,1,paclitaxel
Data27_TTATGCTAGCTGCAAG.1,1,paclitaxel
Data27_TTCGGTCCATCTACGA.1,1,paclitaxel
Data27_TTCTACAAGATGCGAC.1,1,paclitaxel
Data27_TTCTACACAGAGCCAA.1,1,paclitaxel
Data27_TTCTACATCAGCACAT.1,1,paclitaxel
Data27_TTCTCAAAGCGTAGTG.1,1,paclitaxel
Data27_TTCTCAAAGTATCTCG.1,1,paclitaxel
Data27_TTCTCAACACAAGCCC.1,1,paclitaxel
Data27_TTCTCAATCGGCGGTT.1,1,paclitaxel
Data27_TTCTCCTGTACCTACA.1,1,paclitaxel
Data27_TTCTCCTTCGTACCGG.1,1,paclitaxel
Data27_TTCTCCTTCTAACCGA.1,1,paclitaxel
Data27_TTCTTAGAGCCACCTG.1,1,paclitaxel
Data27_TTGACTTCAATGGACG.1,1,paclitaxel
Data27_TTGCCGTAGATCCCGC.1,1,paclitaxel
Data27_TTGCCGTAGGACACCA.1,1,paclitaxel
Data27_TTGCCGTGTCGACTGC.1,1,paclitaxel
Data27_TTGCCGTGTGTGTGCC.1,1,paclitaxel
Data27_TTGCGTCCAGCCTTGG.1,1,paclitaxel
Data27_TTGCGTCGTGGTTTCA.1,1,paclitaxel
Data27_TTGGCAACAATGTTGC.1,1,paclitaxel
Data27_TTGTAGGAGCTAACTC.1,1,paclitaxel
Data27_TTGTAGGGTGTGACGA.1,1,paclitaxel
Data27_TTTACTGAGACCGGAT.1,1,paclitaxel
Data27_TTTGCGCCAGCCTGTG.1,1,paclitaxel
Data27_TTTGCGCTCACAACGT.1,1,paclitaxel
Data27_TTTGGTTAGTGTTAGA.1,1,paclitaxel
Data27_TTTGGTTCACGCCAGT.1,1,paclitaxel
Data27_TTTGGTTTCCAAATGC.1,1,paclitaxel
Data27_AAACGGGTCTCGTATT.2,1,paclitaxel
Data27_AAAGATGGTTGTACAC.2,1,paclitaxel
Data27_AAAGCAAAGAATGTTG.2,1,paclitaxel
Data27_AAATGCCAGCTCCTCT.2,1,paclitaxel
Data27_AACCATGCAATGAATG.2,1,paclitaxel
Data27_AACCATGCAGCGTAAG.2,1,paclitaxel
Data27_AACGTTGCATTCTTAC.2,1,paclitaxel
Data27_AACTCAGGTAGCTAAA.2,1,paclitaxel
Data27_AACTCCCAGATGTAAC.2,1,paclitaxel
Data27_AACTCCCGTAACGACG.2,1,paclitaxel
Data27_AACTCCCGTACCAGTT.2,1,paclitaxel
Data27_AACTCTTAGTGTCCAT.2,1,paclitaxel
Data27_AACTGGTGTCTCCATC.2,1,paclitaxel
Data27_AACTTTCCATCCAACA.2,1,paclitaxel
Data27_AAGCCGCAGGGATACC.2,1,paclitaxel
Data27_AAGGCAGAGAAACGAG.2,1,paclitaxel
Data27_AAGGCAGGTTCATGGT.2,1,paclitaxel
Data27_AAGTCTGCAGTTAACC.2,1,paclitaxel
Data27_AATCCAGGTATAGGTA.2,1,paclitaxel
Data27_AATCGGTCACTCTGTC.2,1,paclitaxel
Data27_ACACCAATCTACCTGC.2,1,paclitaxel
Data27_ACACCGGTCAGGTTCA.2,1,paclitaxel
Data27_ACACTGATCATGCAAC.2,1,paclitaxel
Data27_ACAGCCGGTACACCGC.2,1,paclitaxel
Data27_ACAGCTAAGTACGTTC.2,1,paclitaxel
Data27_ACATCAGGTACCGTTA.2,1,paclitaxel
Data27_ACATGGTCACCTGGTG.2,1,paclitaxel
Data27_ACCAGTAAGGTTCCTA.2,1,paclitaxel
Data27_ACCAGTATCCTGTAGA.2,1,paclitaxel
Data27_ACCCACTAGGGTTTCT.2,1,paclitaxel
Data27_ACCCACTCAAATCCGT.2,1,paclitaxel
Data27_ACGAGCCAGCATCATC.2,1,paclitaxel
Data27_ACGAGGACATGTTCCC.2,1,paclitaxel
Data27_ACGATACGTACACCGC.2,1,paclitaxel
Data27_ACGATACTCCTAGTGA.2,1,paclitaxel
Data27_ACGATGTCATTCCTGC.2,1,paclitaxel
Data27_ACGATGTTCTGCGTAA.2,1,paclitaxel
Data27_ACGGAGACAAACGCGA.2,1,paclitaxel
Data27_ACGGAGATCCGCGTTT.2,1,paclitaxel
Data27_ACGGCCAGTAGCTGCC.2,1,paclitaxel
Data27_ACGGGCTGTAGAAGGA.2,1,paclitaxel
Data27_ACGGGTCAGTCCCACG.2,1,paclitaxel
Data27_ACGGGTCCAGACGCAA.2,1,paclitaxel
Data27_ACTATCTCATATGCTG.2,1,paclitaxel
Data27_ACTGAACTCATCGCTC.2,1,paclitaxel
Data27_ACTGAGTTCCTTAATC.2,1,paclitaxel
Data27_ACTGATGTCCGAGCCA.2,1,paclitaxel
Data27_ACTGTCCAGTGCAAGC.2,1,paclitaxel
Data27_ACTTGTTTCATTATCC.2,1,paclitaxel
Data27_ACTTTCACAGTATAAG.2,1,paclitaxel
Data27_ACTTTCACATGTTGAC.2,1,paclitaxel
Data27_ACTTTCATCTTGCAAG.2,1,paclitaxel
Data27_AGAGCGAAGGATCGCA.2,1,paclitaxel
Data27_AGAGCTTAGACTAAGT.2,1,paclitaxel
Data27_AGAGCTTCAAGCGCTC.2,1,paclitaxel
Data27_AGATTGCCACTCTGTC.2,1,paclitaxel
Data27_AGCAGCCTCCGCAGTG.2,1,paclitaxel
Data27_AGCATACTCCAAGCCG.2,1,paclitaxel
Data27_AGCCTAAAGAACTCGG.2,1,paclitaxel
Data27_AGCCTAACACTTCGAA.2,1,paclitaxel
Data27_AGCGGTCGTAGCGTAG.2,1,paclitaxel
Data27_AGCGGTCGTCAATACC.2,1,paclitaxel
Data27_AGCGTCGAGATACACA.2,1,paclitaxel
Data27_AGCGTCGAGGCACATG.2,1,paclitaxel
Data27_AGCGTCGAGTCCAGGA.2,1,paclitaxel
Data27_AGCGTCGCAGTCGTGC.2,1,paclitaxel
Data27_AGCTCCTCAGTAGAGC.2,1,paclitaxel
Data27_AGCTTGAGTTTAGCTG.2,1,paclitaxel
Data27_AGGCCACAGACGCTTT.2,1,paclitaxel
Data27_AGGCCACGTAAGAGGA.2,1,paclitaxel
Data27_AGGGAGTTCACGCATA.2,1,paclitaxel
Data27_AGGGATGGTCCGAATT.2,1,paclitaxel
Data27_AGGTCATCAATCTGCA.2,1,paclitaxel
Data27_AGGTCATCACGTAAGG.2,1,paclitaxel
Data27_AGGTCATCAGTTCATG.2,1,paclitaxel
Data27_AGGTCATTCGTTTATC.2,1,paclitaxel
Data27_AGTAGTCAGTGAAGAG.2,1,paclitaxel
Data27_AGTCTTTCAGACGTAG.2,1,paclitaxel
Data27_AGTGAGGGTATGAAAC.2,1,paclitaxel
Data27_AGTGGGAGTAATCGTC.2,1,paclitaxel
Data27_AGTTGGTAGTTGCAGG.2,1,paclitaxel
Data27_ATAACGCAGCCCTAAT.2,1,paclitaxel
Data27_ATAAGAGGTGGTCTCG.2,1,paclitaxel
Data27_ATAAGAGTCTCTTATG.2,1,paclitaxel
Data27_ATAGACCAGGAGTTGC.2,1,paclitaxel
Data27_ATAGACCGTCTGCCAG.2,1,paclitaxel
Data27_ATCATCTAGGGTGTGT.2,1,paclitaxel
Data27_ATCATGGAGTCGATAA.2,1,paclitaxel
Data27_ATCATGGAGTGTCTCA.2,1,paclitaxel
Data27_ATCATGGGTTCGGCAC.2,1,paclitaxel
Data27_ATCCACCTCGACAGCC.2,1,paclitaxel
Data27_ATCCGAAAGCAGCCTC.2,1,paclitaxel
Data27_ATGAGGGTCCGCAAGC.2,1,paclitaxel
Data27_ATGCGATTCGGAATCT.2,1,paclitaxel
Data27_ATGGGAGGTTCCACTC.2,1,paclitaxel
Data27_ATTACTCAGTGATCGG.2,1,paclitaxel
Data27_ATTACTCCATCGGACC.2,1,paclitaxel
Data27_ATTCTACCAAGAGTCG.2,1,paclitaxel
Data27_ATTCTACCAAGTTAAG.2,1,paclitaxel
Data27_ATTCTACCATCCGGGT.2,1,paclitaxel
Data27_ATTGGACGTCAGATAA.2,1,paclitaxel
Data27_ATTGGACTCGTAGATC.2,1,paclitaxel
Data27_ATTGGTGGTCCGAACC.2,1,paclitaxel
Data27_ATTTCTGGTTCACCTC.2,1,paclitaxel
Data27_CAACCAACATCACCCT.2,1,paclitaxel
Data27_CAACCAAGTCCATGAT.2,1,paclitaxel
Data27_CAACTAGAGAATGTGT.2,1,paclitaxel
Data27_CACAAACAGTGATCGG.2,1,paclitaxel
Data27_CACACAAGTGCCTGGT.2,1,paclitaxel
Data27_CACACCTCAGGAATCG.2,1,paclitaxel
Data27_CACACCTTCGCGTAGC.2,1,paclitaxel
Data27_CACACCTTCTAACTGG.2,1,paclitaxel
Data27_CACACTCGTGTAAGTA.2,1,paclitaxel
Data27_CACAGGCAGAATGTTG.2,1,paclitaxel
Data27_CACAGGCAGGACATTA.2,1,paclitaxel
Data27_CACAGTATCTGGTTCC.2,1,paclitaxel
Data27_CACATAGGTAAGTTCC.2,1,paclitaxel
Data27_CACATAGGTCTAACGT.2,1,paclitaxel
Data27_CACATTTTCACCGTAA.2,1,paclitaxel
Data27_CACCACTGTACCGTTA.2,1,paclitaxel
Data27_CACCTTGAGTCGATAA.2,1,paclitaxel
Data27_CACCTTGTCATTATCC.2,1,paclitaxel
Data27_CACTCCAAGGATCGCA.2,1,paclitaxel
Data27_CAGCAGCAGAGGACGG.2,1,paclitaxel
Data27_CAGCATAGTAGGGTAC.2,1,paclitaxel
Data27_CAGCATAGTCATGCAT.2,1,paclitaxel
Data27_CAGCTAAAGGGTATCG.2,1,paclitaxel
Data27_CAGCTAACAGCCTGTG.2,1,paclitaxel
Data27_CAGCTAATCACTTATC.2,1,paclitaxel
Data27_CAGCTGGTCAGATAAG.2,1,paclitaxel
Data27_CAGCTGGTCGTAGGTT.2,1,paclitaxel
Data27_CAGGTGCAGCCACTAT.2,1,paclitaxel
Data27_CAGTAACCAAAGTCAA.2,1,paclitaxel
Data27_CATATGGAGTGCGATG.2,1,paclitaxel
Data27_CATATGGCAGCTCGAC.2,1,paclitaxel
Data27_CATCAGAGTCGGGTCT.2,1,paclitaxel
Data27_CATCAGAGTGATAAAC.2,1,paclitaxel
Data27_CATCCACGTCAATACC.2,1,paclitaxel
Data27_CATGACACAGATCGGA.2,1,paclitaxel
Data27_CATGCCTAGAGGTAGA.2,1,paclitaxel
Data27_CATGCCTAGCTCTCGG.2,1,paclitaxel
Data27_CATGCCTCAAAGGAAG.2,1,paclitaxel
Data27_CATTATCAGACTTGAA.2,1,paclitaxel
Data27_CCAATCCTCTCTGAGA.2,1,paclitaxel
Data27_CCACCTAGTCAAACTC.2,1,paclitaxel
Data27_CCACGGACATGCTAGT.2,1,paclitaxel
Data27_CCAGCGACAGGATCGA.2,1,paclitaxel
Data27_CCATTCGTCGCCTGTT.2,1,paclitaxel
Data27_CCCTCCTCATATGAGA.2,1,paclitaxel
Data27_CCCTCCTCATCGGAAG.2,1,paclitaxel
Data27_CCCTCCTTCTAACTTC.2,1,paclitaxel
Data27_CCGGTAGGTTTACTCT.2,1,paclitaxel
Data27_CCGTACTCATCCTAGA.2,1,paclitaxel
Data27_CCGTGGAAGCCAGTTT.2,1,paclitaxel
Data27_CCGTGGACAAAGCGGT.2,1,paclitaxel
Data27_CCGTTCATCTTGAGAC.2,1,paclitaxel
Data27_CCTACACCAATGTAAG.2,1,paclitaxel
Data27_CCTACCAGTGCAACTT.2,1,paclitaxel
Data27_CCTATTACAAGAAAGG.2,1,paclitaxel
Data27_CCTATTAGTCACTTCC.2,1,paclitaxel
Data27_CCTATTAGTGTGAATA.2,1,paclitaxel
Data27_CCTCAGTAGGTCGGAT.2,1,paclitaxel
Data27_CCTCAGTCAAGCTGAG.2,1,paclitaxel
Data27_CCTCAGTCATCGACGC.2,1,paclitaxel
Data27_CCTTCCCCATGACATC.2,1,paclitaxel
Data27_CGAATGTTCAGCGACC.2,1,paclitaxel
Data27_CGACCTTTCGAATGGG.2,1,paclitaxel
Data27_CGACTTCAGCGTTGCC.2,1,paclitaxel
Data27_CGAGAAGAGCTATGCT.2,1,paclitaxel
Data27_CGAGAAGAGCTTTGGT.2,1,paclitaxel
Data27_CGAGAAGAGGAGCGTT.2,1,paclitaxel
Data27_CGAGCCACATAACCTG.2,1,paclitaxel
Data27_CGAGCCACATCACAAC.2,1,paclitaxel
Data27_CGATGGCGTACAGTTC.2,1,paclitaxel
Data27_CGATTGAAGGCAAAGA.2,1,paclitaxel
Data27_CGATTGATCCACGTGG.2,1,paclitaxel
Data27_CGCCAAGAGCTAACAA.2,1,paclitaxel
Data27_CGCCAAGCATCGGGTC.2,1,paclitaxel
Data27_CGCGGTAAGAGTGAGA.2,1,paclitaxel
Data27_CGCGGTACAGTAAGCG.2,1,paclitaxel
Data27_CGCTATCGTGTGGCTC.2,1,paclitaxel
Data27_CGCTGGACACGGCTAC.2,1,paclitaxel
Data27_CGCTTCATCGCCAAAT.2,1,paclitaxel
Data27_CGGACACAGCTAGGCA.2,1,paclitaxel
Data27_CGGACACGTACCGTAT.2,1,paclitaxel
Data27_CGGACACTCCTCGCAT.2,1,paclitaxel
Data27_CGGACGTCAGGAATGC.2,1,paclitaxel
Data27_CGGAGTCAGAAGAAGC.2,1,paclitaxel
Data27_CGGGTCAGTGGTACAG.2,1,paclitaxel
Data27_CGGTTAAAGCGAAGGG.2,1,paclitaxel
Data27_CGGTTAACATCAGTCA.2,1,paclitaxel
Data27_CGGTTAAGTAATTGGA.2,1,paclitaxel
Data27_CGGTTAATCAAGGCTT.2,1,paclitaxel
Data27_CGTAGGCAGCCAGTTT.2,1,paclitaxel
Data27_CGTAGGCAGCCTTGAT.2,1,paclitaxel
Data27_CGTAGGCTCATACGGT.2,1,paclitaxel
Data27_CGTCACTTCTTTACGT.2,1,paclitaxel
Data27_CGTCCATCACTATCTT.2,1,paclitaxel
Data27_CGTCTACAGCTAAGAT.2,1,paclitaxel
Data27_CGTCTACAGGAGTACC.2,1,paclitaxel
Data27_CGTGAGCGTACTTAGC.2,1,paclitaxel
Data27_CGTGTCTCACGAGAGT.2,1,paclitaxel
Data27_CGTGTCTGTGTCCTCT.2,1,paclitaxel
Data27_CGTTCTGAGTATGACA.2,1,paclitaxel
Data27_CGTTCTGGTAATAGCA.2,1,paclitaxel
Data27_CGTTCTGGTCTAGAGG.2,1,paclitaxel
Data27_CGTTCTGGTCTCCCTA.2,1,paclitaxel
Data27_CGTTGGGGTCATATCG.2,1,paclitaxel
Data27_CTAACTTCAGAGTGTG.2,1,paclitaxel
Data27_CTAACTTGTAAGCACG.2,1,paclitaxel
Data27_CTAAGACCATGTCCTC.2,1,paclitaxel
Data27_CTAAGACTCCAGTATG.2,1,paclitaxel
Data27_CTAAGACTCTGAGGGA.2,1,paclitaxel
Data27_CTACACCCATTTGCTT.2,1,paclitaxel
Data27_CTACATTAGGTGCTAG.2,1,paclitaxel
Data27_CTACATTTCATGTGGT.2,1,paclitaxel
Data27_CTAGAGTTCTTTACGT.2,1,paclitaxel
Data27_CTAGTGAAGTCCGGTC.2,1,paclitaxel
Data27_CTCACACGTTTAGCTG.2,1,paclitaxel
Data27_CTCAGAAGTCCGAAGA.2,1,paclitaxel
Data27_CTCAGAATCATCATTC.2,1,paclitaxel
Data27_CTCGGGAGTGTGACCC.2,1,paclitaxel
Data27_CTCGGGATCACAGGCC.2,1,paclitaxel
Data27_CTCGTACCAATGACCT.2,1,paclitaxel
Data27_CTCGTCAAGCAGATCG.2,1,paclitaxel
Data27_CTCTAATCATAAGACA.2,1,paclitaxel
Data27_CTGAAGTTCAGCGATT.2,1,paclitaxel
Data27_CTGAAGTTCCGTACAA.2,1,paclitaxel
Data27_CTGAAGTTCTGAAAGA.2,1,paclitaxel
Data27_CTGATCCCAACACCTA.2,1,paclitaxel
Data27_CTGATCCTCTACTATC.2,1,paclitaxel
Data27_CTGCGGAAGAGGGATA.2,1,paclitaxel
Data27_CTGCTGTCATCACGAT.2,1,paclitaxel
Data27_CTGGTCTCACTGTGTA.2,1,paclitaxel
Data27_CTGTGCTAGTACGTTC.2,1,paclitaxel
Data27_CTGTGCTTCCAGTAGT.2,1,paclitaxel
Data27_CTTAACTCATGTCCTC.2,1,paclitaxel
Data27_CTTAACTGTAGATTAG.2,1,paclitaxel
Data27_CTTAGGATCTTGTCAT.2,1,paclitaxel
Data27_CTTGGCTGTTTGTTGG.2,1,paclitaxel
Data27_CTTTGCGCAGTTCCCT.2,1,paclitaxel
Data27_GAAACTCTCGACAGCC.2,1,paclitaxel
Data27_GAAACTCTCGTCGTTC.2,1,paclitaxel
Data27_GAAATGACAGTGGGAT.2,1,paclitaxel
Data27_GAAATGAGTCCTAGCG.2,1,paclitaxel
Data27_GAAATGAGTCTCTCGT.2,1,paclitaxel
Data27_GAACGGAAGCGCTTAT.2,1,paclitaxel
Data27_GAACGGACAGCTGCAC.2,1,paclitaxel
Data27_GAATAAGCAAGAGGCT.2,1,paclitaxel
Data27_GAATAAGCACGAAATA.2,1,paclitaxel
Data27_GAATAAGTCCGTCATC.2,1,paclitaxel
Data27_GAATGAAAGCTAGCCC.2,1,paclitaxel
Data27_GACACGCAGGTGCACA.2,1,paclitaxel
Data27_GACACGCGTACAGTTC.2,1,paclitaxel
Data27_GACCTGGCACGAGAGT.2,1,paclitaxel
Data27_GACCTGGCATTATCTC.2,1,paclitaxel
Data27_GACCTGGGTGGCGAAT.2,1,paclitaxel
Data27_GACGCGTCACGGTTTA.2,1,paclitaxel
Data27_GACGGCTGTAGAAAGG.2,1,paclitaxel
Data27_GACGTGCAGGAATGGA.2,1,paclitaxel
Data27_GACGTGCGTGTTCTTT.2,1,paclitaxel
Data27_GACGTTACAGGGTACA.2,1,paclitaxel
Data27_GACGTTATCATAAAGG.2,1,paclitaxel
Data27_GACTAACGTTAAGGGC.2,1,paclitaxel
Data27_GACTAACTCTGTTGAG.2,1,paclitaxel
Data27_GACTACACATTCCTCG.2,1,paclitaxel
Data27_GACTACAGTTAAGGGC.2,1,paclitaxel
Data27_GACTACATCACAAACC.2,1,paclitaxel
Data27_GACTGCGTCGTTTAGG.2,1,paclitaxel
Data27_GAGCAGAAGCGGATCA.2,1,paclitaxel
Data27_GAGGTGAAGTTTAGGA.2,1,paclitaxel
Data27_GAGGTGATCAGCTCGG.2,1,paclitaxel
Data27_GATCGATGTCTGCCAG.2,1,paclitaxel
Data27_GATCGATTCGTACCGG.2,1,paclitaxel
Data27_GATCGTACAGGGAGAG.2,1,paclitaxel
Data27_GATCTAGGTCGCGAAA.2,1,paclitaxel
Data27_GATCTAGTCACCACCT.2,1,paclitaxel
Data27_GATGAGGGTTTGCATG.2,1,paclitaxel
Data27_GATGCTAAGACCGGAT.2,1,paclitaxel
Data27_GCAAACTGTAGCTGCC.2,1,paclitaxel
Data27_GCAATCAAGAGAACAG.2,1,paclitaxel
Data27_GCAATCAGTATATGGA.2,1,paclitaxel
Data27_GCACATACATTACGAC.2,1,paclitaxel
Data27_GCACATATCTTAGCCC.2,1,paclitaxel
Data27_GCAGCCAGTAAACGCG.2,1,paclitaxel
Data27_GCAGCCATCGGTCCGA.2,1,paclitaxel
Data27_GCATGCGCACAACTGT.2,1,paclitaxel
Data27_GCATGTAGTGTGGCTC.2,1,paclitaxel
Data27_GCCTCTATCTCCTATA.2,1,paclitaxel
Data27_GCGACCAAGCGTAATA.2,1,paclitaxel
Data27_GCGACCACAAGCTGGA.2,1,paclitaxel
Data27_GCGACCAGTAAACACA.2,1,paclitaxel
Data27_GCGACCAGTGTGAATA.2,1,paclitaxel
Data27_GCGAGAAAGAAACCGC.2,1,paclitaxel
Data27_GCGCAGTCACGGCTAC.2,1,paclitaxel
Data27_GCGCAGTTCTCGTATT.2,1,paclitaxel
Data27_GCGCCAACACGGACAA.2,1,paclitaxel
Data27_GCGCGATAGGCTAGAC.2,1,paclitaxel
Data27_GCGCGATCAGGCTCAC.2,1,paclitaxel
Data27_GCGCGATTCGCACTCT.2,1,paclitaxel
Data27_GCGGGTTCATTACCTT.2,1,paclitaxel
Data27_GCGGGTTGTAAATGTG.2,1,paclitaxel
Data27_GCTCTGTAGAAACCAT.2,1,paclitaxel
Data27_GCTGCAGAGATCGGGT.2,1,paclitaxel
Data27_GCTGCAGCAAGAAAGG.2,1,paclitaxel
Data27_GCTGCGAAGGATGCGT.2,1,paclitaxel
Data27_GCTGCGACATCAGTCA.2,1,paclitaxel
Data27_GCTGCGAGTATCAGTC.2,1,paclitaxel
Data27_GCTTCCAAGTCATCCA.2,1,paclitaxel
Data27_GCTTCCACATACTACG.2,1,paclitaxel
Data27_GGAAAGCGTTGGTGGA.2,1,paclitaxel
Data27_GGAAAGCTCCTTCAAT.2,1,paclitaxel
Data27_GGAACTTAGCGTGAAC.2,1,paclitaxel
Data27_GGACAAGTCGTAGGTT.2,1,paclitaxel
Data27_GGACAGAGTCAGTGGA.2,1,paclitaxel
Data27_GGACATTAGCAGCGTA.2,1,paclitaxel
Data27_GGACATTCATGAAGTA.2,1,paclitaxel
Data27_GGAGCAACAGCGTCCA.2,1,paclitaxel
Data27_GGATGTTCATACGCTA.2,1,paclitaxel
Data27_GGATGTTTCTCTGTCG.2,1,paclitaxel
Data27_GGCAATTGTCTCAACA.2,1,paclitaxel
Data27_GGCAATTGTTCGGGCT.2,1,paclitaxel
Data27_GGCAATTTCTGTCTCG.2,1,paclitaxel
Data27_GGCCGATCATACAGCT.2,1,paclitaxel
Data27_GGCCGATTCCGCAAGC.2,1,paclitaxel
Data27_GGCGACTTCAGTCAGT.2,1,paclitaxel
Data27_GGCGACTTCCTCGCAT.2,1,paclitaxel
Data27_GGGAATGAGACAGAGA.2,1,paclitaxel
Data27_GGGAATGAGTCCTCCT.2,1,paclitaxel
Data27_GGGAATGGTACTCTCC.2,1,paclitaxel
Data27_GGGAATGTCTATGTGG.2,1,paclitaxel
Data27_GGGAGATAGGAGTTTA.2,1,paclitaxel
Data27_GGGAGATGTCTAAAGA.2,1,paclitaxel
Data27_GGGCACTCAAGGCTCC.2,1,paclitaxel
Data27_GGGCACTCAATCGAAA.2,1,paclitaxel
Data27_GGGCATCCAGGGATTG.2,1,paclitaxel
Data27_GGGTCTGCACAGGTTT.2,1,paclitaxel
Data27_GGGTTGCTCCATGAGT.2,1,paclitaxel
Data27_GGTATTGGTGCCTGGT.2,1,paclitaxel
Data27_GGTATTGGTTGGGACA.2,1,paclitaxel
Data27_GGTGAAGGTCAATGTC.2,1,paclitaxel
Data27_GTAACGTCACAGTCGC.2,1,paclitaxel
Data27_GTAACGTTCGTGGGAA.2,1,paclitaxel
Data27_GTAACTGAGGCAAAGA.2,1,paclitaxel
Data27_GTAACTGAGTTTGCGT.2,1,paclitaxel
Data27_GTACGTAAGTGAACGC.2,1,paclitaxel
Data27_GTATCTTAGGTGTGGT.2,1,paclitaxel
Data27_GTATTCTAGCCAGAAC.2,1,paclitaxel
Data27_GTATTCTCATGGAATA.2,1,paclitaxel
Data27_GTCAAGTAGTACGCGA.2,1,paclitaxel
Data27_GTCAAGTTCCTGCTTG.2,1,paclitaxel
Data27_GTCACGGGTTATCACG.2,1,paclitaxel
Data27_GTCCTCAAGCAGCCTC.2,1,paclitaxel
Data27_GTCGGGTAGTCGTTTG.2,1,paclitaxel
Data27_GTCGGGTTCCGGGTGT.2,1,paclitaxel
Data27_GTCGGGTTCTGGTTCC.2,1,paclitaxel
Data27_GTCGTAAAGGCGATAC.2,1,paclitaxel
Data27_GTCGTAATCAGGATCT.2,1,paclitaxel
Data27_GTCTCGTTCCGTTGTC.2,1,paclitaxel
Data27_GTGAAGGCAATGCCAT.2,1,paclitaxel
Data27_GTGAAGGCACCCATTC.2,1,paclitaxel
Data27_GTGCATAAGATGTAAC.2,1,paclitaxel
Data27_GTGTTAGTCTATGTGG.2,1,paclitaxel
Data27_GTTACAGCAGTGACAG.2,1,paclitaxel
Data27_GTTCATTGTCTGATTG.2,1,paclitaxel
Data27_TAAACCGAGACCCACC.2,1,paclitaxel
Data27_TAAACCGGTAGCCTAT.2,1,paclitaxel
Data27_TAAGAGAAGGAGTTGC.2,1,paclitaxel
Data27_TAAGCGTGTATTAGCC.2,1,paclitaxel
Data27_TACACGAAGGTGATTA.2,1,paclitaxel
Data27_TACACGAAGTACGCCC.2,1,paclitaxel
Data27_TACGGGCGTTCCACGG.2,1,paclitaxel
Data27_TACGGGCTCATCATTC.2,1,paclitaxel
Data27_TACGGTAGTGGTGTAG.2,1,paclitaxel
Data27_TACTCGCTCTAACTCT.2,1,paclitaxel
Data27_TAGACCACAATAGCAA.2,1,paclitaxel
Data27_TAGACCACATGTCCTC.2,1,paclitaxel
Data27_TAGCCGGCAGACGCAA.2,1,paclitaxel
Data27_TAGTTGGAGTCCTCCT.2,1,paclitaxel
Data27_TATCTCATCCTGCCAT.2,1,paclitaxel
Data27_TATTACCGTTATCCGA.2,1,paclitaxel
Data27_TCACAAGAGCTCCCAG.2,1,paclitaxel
Data27_TCACAAGAGTGTACTC.2,1,paclitaxel
Data27_TCACAAGCAACAACCT.2,1,paclitaxel
Data27_TCACGAAGTTATCCGA.2,1,paclitaxel
Data27_TCAGGTATCCCATTAT.2,1,paclitaxel
Data27_TCATTACGTAAAGTCA.2,1,paclitaxel
Data27_TCCCGATAGTGCCAGA.2,1,paclitaxel
Data27_TCGCGTTAGCAAATCA.2,1,paclitaxel
Data27_TCGCGTTCAAGCTGTT.2,1,paclitaxel
Data27_TCGGGACAGTGGCACA.2,1,paclitaxel
Data27_TCGGGACTCCAAGTAC.2,1,paclitaxel
Data27_TCGGGACTCGTAGGAG.2,1,paclitaxel
Data27_TCGGTAATCATTATCC.2,1,paclitaxel
Data27_TCTATTGCAAGTCTGT.2,1,paclitaxel
Data27_TCTATTGGTCGTCTTC.2,1,paclitaxel
Data27_TCTCTAAAGCTAGCCC.2,1,paclitaxel
Data27_TCTCTAACACAGCGTC.2,1,paclitaxel
Data27_TCTGAGACATGCAACT.2,1,paclitaxel
Data27_TCTGAGATCTCCAACC.2,1,paclitaxel
Data27_TCTGGAATCAACGAAA.2,1,paclitaxel
Data27_TCTGGAATCCCTCAGT.2,1,paclitaxel
Data27_TCTTTCCAGCAATCTC.2,1,paclitaxel
Data27_TGAAAGACAGCCTTGG.2,1,paclitaxel
Data27_TGACAACGTCATATCG.2,1,paclitaxel
Data27_TGACGGCGTCGAATCT.2,1,paclitaxel
Data27_TGACTAGCAGGACCCT.2,1,paclitaxel
Data27_TGACTTTGTACTTCTT.2,1,paclitaxel
Data27_TGAGCATGTGTAACGG.2,1,paclitaxel
Data27_TGCACCTAGTAGTGCG.2,1,paclitaxel
Data27_TGCACCTTCACTCCTG.2,1,paclitaxel
Data27_TGCCAAACAAGCCTAT.2,1,paclitaxel
Data27_TGCCCTAAGGGTGTTG.2,1,paclitaxel
Data27_TGCGCAGAGGTACTCT.2,1,paclitaxel
Data27_TGCGCAGTCTAACTGG.2,1,paclitaxel
Data27_TGCGCAGTCTGGTGTA.2,1,paclitaxel
Data27_TGCTGCTCATGCGCAC.2,1,paclitaxel
Data27_TGGACGCAGGCTCTTA.2,1,paclitaxel
Data27_TGGACGCCAAAGGAAG.2,1,paclitaxel
Data27_TGGCGCAGTGCGAAAC.2,1,paclitaxel
Data27_TGGGCGTCAATACGCT.2,1,paclitaxel
Data27_TGTCCCACAGCCTTTC.2,1,paclitaxel
Data27_TGTCCCATCAGAGCTT.2,1,paclitaxel
Data27_TGTCCCATCCGCAGTG.2,1,paclitaxel
Data27_TGTGGTATCTCGAGTA.2,1,paclitaxel
Data27_TGTGTTTAGTCGAGTG.2,1,paclitaxel
Data27_TTAACTCAGTGAAGAG.2,1,paclitaxel
Data27_TTAACTCTCATCGATG.2,1,paclitaxel
Data27_TTAACTCTCCGCATAA.2,1,paclitaxel
Data27_TTAGGACAGGATGCGT.2,1,paclitaxel
Data27_TTAGGCATCAACCATG.2,1,paclitaxel
Data27_TTATGCTTCAACACCA.2,1,paclitaxel
Data27_TTATGCTTCGGAGGTA.2,1,paclitaxel
Data27_TTCGGTCCATTACCTT.2,1,paclitaxel
Data27_TTCTACAAGCGTCTAT.2,1,paclitaxel
Data27_TTCTACATCACGACTA.2,1,paclitaxel
Data27_TTCTCAATCGTCACGG.2,1,paclitaxel
Data27_TTCTCCTGTAATCGTC.2,1,paclitaxel
Data27_TTGAACGCATAAGACA.2,1,paclitaxel
Data27_TTGACTTAGCCAGTAG.2,1,paclitaxel
Data27_TTGACTTCACGAGGTA.2,1,paclitaxel
Data27_TTGCGTCAGCGTCTAT.2,1,paclitaxel
Data27_TTGGAACAGGTGCTTT.2,1,paclitaxel
Data27_TTGGAACGTCACAAGG.2,1,paclitaxel
Data27_TTGGCAACACAGGAGT.2,1,paclitaxel
Data27_TTGGCAAGTATGGTTC.2,1,paclitaxel
Data27_TTGTAGGGTAGATTAG.2,1,paclitaxel
Data27_TTGTAGGGTCGCTTCT.2,1,paclitaxel
Data27_TTGTAGGTCAATACCG.2,1,paclitaxel
Data27_TTTACTGAGTGTACGG.2,1,paclitaxel
Data27_TTTACTGCAAAGGAAG.2,1,paclitaxel
Data27_TTTGCGCGTAGAAGGA.2,1,paclitaxel
Data27_TTTGCGCTCTGTGCAA.2,1,paclitaxel
Data27_TTTGGTTCAATAGCGG.2,1,paclitaxel
Data27_TTTGGTTTCAGCAACT.2,1,paclitaxel
Data27_TTTGGTTTCTTGAGGT.2,1,paclitaxel
Data27_TTTGTCAAGAGCTGGT.2,1,paclitaxel
Data27_TTTGTCAGTAAGGGAA.2,1,paclitaxel
Data27_TTTGTCATCTCTTATG.2,1,paclitaxel
Data27_AAACCTGAGCAGGCTA.3,0,paclitaxel
Data27_AAACCTGTCTTGTCAT.3,0,paclitaxel
Data27_AAAGATGCAAGCTGGA.3,0,paclitaxel
Data27_AAAGCAAAGGACGAAA.3,0,paclitaxel
Data27_AAAGCAAGTCACAAGG.3,0,paclitaxel
Data27_AAAGTAGGTGTAACGG.3,0,paclitaxel
Data27_AAAGTAGTCACATAGC.3,0,paclitaxel
Data27_AAAGTAGTCCTATTCA.3,0,paclitaxel
Data27_AAATGCCAGAAGGTTT.3,0,paclitaxel
Data27_AAATGCCAGACTAAGT.3,0,paclitaxel
Data27_AACACGTCATCACAAC.3,0,paclitaxel
Data27_AACCATGTCAGGCAAG.3,0,paclitaxel
Data27_AACCATGTCCTGCCAT.3,0,paclitaxel
Data27_AACCATGTCTTACCGC.3,0,paclitaxel
Data27_AACCGCGGTCTAAACC.3,0,paclitaxel
Data27_AACTCCCCATCACAAC.3,0,paclitaxel
Data27_AACTGGTAGTATTGGA.3,0,paclitaxel
Data27_AACTTTCGTCGACTAT.3,0,paclitaxel
Data27_AACTTTCGTTACGGAG.3,0,paclitaxel
Data27_AAGCCGCAGTGAACAT.3,0,paclitaxel
Data27_AAGGAGCCACACAGAG.3,0,paclitaxel
Data27_AAGGAGCCACCATCCT.3,0,paclitaxel
Data27_AAGGCAGCAAGTCTGT.3,0,paclitaxel
Data27_AAGGCAGCAATACGCT.3,0,paclitaxel
Data27_AAGGCAGCACATGGGA.3,0,paclitaxel
Data27_AAGGCAGCATTATCTC.3,0,paclitaxel
Data27_AATCCAGCAGCCAATT.3,0,paclitaxel
Data27_AATCCAGTCATGTCCC.3,0,paclitaxel
Data27_AATCGGTCACCAGCAC.3,0,paclitaxel
Data27_AATCGGTCATACGCTA.3,0,paclitaxel
Data27_AATCGGTGTCCCTTGT.3,0,paclitaxel
Data27_AATCGGTTCATCTGTT.3,0,paclitaxel
Data27_ACACCGGAGGCTCAGA.3,0,paclitaxel
Data27_ACACTGAAGCGTCTAT.3,0,paclitaxel
Data27_ACACTGAGTTGTGGAG.3,0,paclitaxel
Data27_ACAGCCGAGCCACGCT.3,0,paclitaxel
Data27_ACAGCCGGTAGGCTGA.3,0,paclitaxel
Data27_ACAGCCGGTCACAAGG.3,0,paclitaxel
Data27_ACAGCTAAGAGGTTGC.3,0,paclitaxel
Data27_ACAGCTAAGGAGTTGC.3,0,paclitaxel
Data27_ACATCAGCAATAAGCA.3,0,paclitaxel
Data27_ACATGGTAGATGTGGC.3,0,paclitaxel
Data27_ACATGGTGTCAAAGCG.3,0,paclitaxel
Data27_ACCAGTAGTAGCTAAA.3,0,paclitaxel
Data27_ACCCACTAGCCCAGCT.3,0,paclitaxel
Data27_ACCCACTCAAGTACCT.3,0,paclitaxel
Data27_ACCCACTTCCGGCACA.3,0,paclitaxel
Data27_ACCGTAACAAGAGTCG.3,0,paclitaxel
Data27_ACCGTAAGTTCGTTGA.3,0,paclitaxel
Data27_ACCTTTACATGTCTCC.3,0,paclitaxel
Data27_ACCTTTAGTCTTCAAG.3,0,paclitaxel
Data27_ACCTTTATCGGTGTCG.3,0,paclitaxel
Data27_ACGAGCCTCGATGAGG.3,0,paclitaxel
Data27_ACGATACCACCTCGGA.3,0,paclitaxel
Data27_ACGATACGTGTTGGGA.3,0,paclitaxel
Data27_ACGATACTCTTATCTG.3,0,paclitaxel
Data27_ACGATGTAGGATATAC.3,0,paclitaxel
Data27_ACGATGTGTCTCTTAT.3,0,paclitaxel
Data27_ACGCAGCGTCTAGCCG.3,0,paclitaxel
Data27_ACGCAGCGTTGAACTC.3,0,paclitaxel
Data27_ACGCAGCTCGTTTGCC.3,0,paclitaxel
Data27_ACGCCAGCACCCAGTG.3,0,paclitaxel
Data27_ACGCCAGCATTCACTT.3,0,paclitaxel
Data27_ACGCCGAAGCGTCAAG.3,0,paclitaxel
Data27_ACGCCGAAGTTAACGA.3,0,paclitaxel
Data27_ACGCCGAGTCTAGTGT.3,0,paclitaxel
Data27_ACGGAGATCGTCCGTT.3,0,paclitaxel
Data27_ACGGCCATCCAAACAC.3,0,paclitaxel
Data27_ACGGCCATCTTTACAC.3,0,paclitaxel
Data27_ACGGGTCGTTCAGACT.3,0,paclitaxel
Data27_ACGTCAAGTATCGCAT.3,0,paclitaxel
Data27_ACTATCTAGATGCCTT.3,0,paclitaxel
Data27_ACTATCTCATTGAGCT.3,0,paclitaxel
Data27_ACTATCTGTATTACCG.3,0,paclitaxel
Data27_ACTATCTGTTAAGTAG.3,0,paclitaxel
Data27_ACTATCTTCGGTGTTA.3,0,paclitaxel
Data27_ACTATCTTCGTCACGG.3,0,paclitaxel
Data27_ACTGAACTCACATACG.3,0,paclitaxel
Data27_ACTGAGTCAACTGGCC.3,0,paclitaxel
Data27_ACTGATGAGTTAGCGG.3,0,paclitaxel
Data27_ACTGATGCATGCCTTC.3,0,paclitaxel
Data27_ACTGATGGTGAGCGAT.3,0,paclitaxel
Data27_ACTGATGTCCTTCAAT.3,0,paclitaxel
Data27_ACTGCTCTCGCATGAT.3,0,paclitaxel
Data27_ACTGTCCGTCTCTCTG.3,0,paclitaxel
Data27_ACTGTCCGTTGCTCCT.3,0,paclitaxel
Data27_ACTGTCCTCAGAGCTT.3,0,paclitaxel
Data27_ACTGTCCTCTCTGCTG.3,0,paclitaxel
Data27_ACTTACTGTCAGAATA.3,0,paclitaxel
Data27_ACTTTCAAGTCGTTTG.3,0,paclitaxel
Data27_ACTTTCACAATCTGCA.3,0,paclitaxel
Data27_ACTTTCATCGGTGTCG.3,0,paclitaxel
Data27_ACTTTCATCTCTGCTG.3,0,paclitaxel
Data27_AGACGTTAGTGTACGG.3,0,paclitaxel
Data27_AGAGCGAGTAATAGCA.3,0,paclitaxel
Data27_AGAGCGATCTCTGTCG.3,0,paclitaxel
Data27_AGAGCTTAGGCACATG.3,0,paclitaxel
Data27_AGAGCTTGTAACGTTC.3,0,paclitaxel
Data27_AGAGTGGTCCAAGTAC.3,0,paclitaxel
Data27_AGATCTGCATTCGACA.3,0,paclitaxel
Data27_AGATTGCAGCTCCCAG.3,0,paclitaxel
Data27_AGATTGCTCGGATGTT.3,0,paclitaxel
Data27_AGCAGCCAGTCAATAG.3,0,paclitaxel
Data27_AGCAGCCTCAGTTAGC.3,0,paclitaxel
Data27_AGCATACAGGAGCGTT.3,0,paclitaxel
Data27_AGCATACAGTACCGGA.3,0,paclitaxel
Data27_AGCATACCAACTGGCC.3,0,paclitaxel
Data27_AGCGGTCAGGCATGGT.3,0,paclitaxel
Data27_AGCGTATGTCTCAACA.3,0,paclitaxel
Data27_AGCTCCTAGACTAGGC.3,0,paclitaxel
Data27_AGCTCTCAGTGATCGG.3,0,paclitaxel
Data27_AGCTCTCCAACGATGG.3,0,paclitaxel
Data27_AGCTCTCGTCCCTTGT.3,0,paclitaxel
Data27_AGCTCTCTCATTCACT.3,0,paclitaxel
Data27_AGCTTGAAGTCGCCGT.3,0,paclitaxel
Data27_AGCTTGAAGTGCAAGC.3,0,paclitaxel
Data27_AGCTTGACAGACGCAA.3,0,paclitaxel
Data27_AGGCCACCACAACGTT.3,0,paclitaxel
Data27_AGGCCGTGTCTTGTCC.3,0,paclitaxel
Data27_AGGGAGTCACAGTCGC.3,0,paclitaxel
Data27_AGGGAGTCATGCAACT.3,0,paclitaxel
Data27_AGGGAGTTCCACGCAG.3,0,paclitaxel
Data27_AGGGATGCACAGAGGT.3,0,paclitaxel
Data27_AGGTCATAGCCAGGAT.3,0,paclitaxel
Data27_AGGTCATCATCTACGA.3,0,paclitaxel
Data27_AGTAGTCAGCAGCGTA.3,0,paclitaxel
Data27_AGTCTTTGTTGAGGTG.3,0,paclitaxel
Data27_AGTCTTTTCTTAACCT.3,0,paclitaxel
Data27_AGTGAGGAGCGTTTAC.3,0,paclitaxel
Data27_AGTGAGGCATTAACCG.3,0,paclitaxel
Data27_AGTGAGGGTATTACCG.3,0,paclitaxel
Data27_AGTGAGGGTCGAGTTT.3,0,paclitaxel
Data27_AGTGAGGTCAGCACAT.3,0,paclitaxel
Data27_AGTGGGAGTTTAGGAA.3,0,paclitaxel
Data27_AGTGGGATCAATACCG.3,0,paclitaxel
Data27_AGTGTCAGTCACCTAA.3,0,paclitaxel
Data27_ATAACGCGTCGGGTCT.3,0,paclitaxel
Data27_ATAGACCAGGGAAACA.3,0,paclitaxel
Data27_ATAGACCAGGGCATGT.3,0,paclitaxel
Data27_ATAGACCAGTTGCAGG.3,0,paclitaxel
Data27_ATAGACCCAATCGAAA.3,0,paclitaxel
Data27_ATCACGACACATCCGG.3,0,paclitaxel
Data27_ATCATCTAGATATGCA.3,0,paclitaxel
Data27_ATCATCTAGATGTGTA.3,0,paclitaxel
Data27_ATCATCTCACATCCGG.3,0,paclitaxel
Data27_ATCATGGGTGCGCTTG.3,0,paclitaxel
Data27_ATCCACCCAATAAGCA.3,0,paclitaxel
Data27_ATCCGAACAGGCAGTA.3,0,paclitaxel
Data27_ATCTACTAGATGTCGG.3,0,paclitaxel
Data27_ATCTACTGTACTCAAC.3,0,paclitaxel
Data27_ATCTGCCAGAATGTGT.3,0,paclitaxel
Data27_ATCTGCCCATTGGCGC.3,0,paclitaxel
Data27_ATGAGGGAGCTAGCCC.3,0,paclitaxel
Data27_ATGAGGGCAAGCGCTC.3,0,paclitaxel
Data27_ATGAGGGCAGTTTACG.3,0,paclitaxel
Data27_ATGCGATTCCCTGACT.3,0,paclitaxel
Data27_ATGGGAGAGCACGCCT.3,0,paclitaxel
Data27_ATGTGTGTCCCTCTTT.3,0,paclitaxel
Data27_ATGTGTGTCTCGTTTA.3,0,paclitaxel
Data27_ATTACTCCAAGCGTAG.3,0,paclitaxel
Data27_ATTACTCCACTCAGGC.3,0,paclitaxel
Data27_ATTACTCGTTGGGACA.3,0,paclitaxel
Data27_ATTCTACAGTATCGAA.3,0,paclitaxel
Data27_ATTGGACGTTCCCGAG.3,0,paclitaxel
Data27_ATTGGTGGTCGGGTCT.3,0,paclitaxel
Data27_ATTTCTGTCCAAAGTC.3,0,paclitaxel
Data27_ATTTCTGTCCGTTGCT.3,0,paclitaxel
Data27_ATTTCTGTCTTAACCT.3,0,paclitaxel
Data27_CAACCTCAGTGAAGAG.3,0,paclitaxel
Data27_CAACCTCCATGACGGA.3,0,paclitaxel
Data27_CAACCTCGTATGAAAC.3,0,paclitaxel
Data27_CAACCTCGTGTAAGTA.3,0,paclitaxel
Data27_CAAGAAAGTAAGTGTA.3,0,paclitaxel
Data27_CAAGATCAGATGAGAG.3,0,paclitaxel
Data27_CAAGGCCAGAGAACAG.3,0,paclitaxel
Data27_CAAGGCCGTATCGCAT.3,0,paclitaxel
Data27_CAAGGCCGTGACAAAT.3,0,paclitaxel
Data27_CAAGGCCTCCGTAGTA.3,0,paclitaxel
Data27_CAAGTTGGTTCCAACA.3,0,paclitaxel
Data27_CAAGTTGTCTCACATT.3,0,paclitaxel
Data27_CACAAACGTGAGGCTA.3,0,paclitaxel
Data27_CACACAATCTTCATGT.3,0,paclitaxel
Data27_CACACCTAGCGTTTAC.3,0,paclitaxel
Data27_CACACCTAGGAGTAGA.3,0,paclitaxel
Data27_CACACCTAGTGTTGAA.3,0,paclitaxel
Data27_CACACTCAGACAGGCT.3,0,paclitaxel
Data27_CACAGGCCAAGCTGGA.3,0,paclitaxel
Data27_CACAGGCGTAACGCGA.3,0,paclitaxel
Data27_CACAGGCTCGTTGACA.3,0,paclitaxel
Data27_CACAGTAAGTAGATGT.3,0,paclitaxel
Data27_CACAGTAAGTCAAGCG.3,0,paclitaxel
Data27_CACATAGAGTTGAGTA.3,0,paclitaxel
Data27_CACATAGCAGACGCTC.3,0,paclitaxel
Data27_CACATTTAGATCCTGT.3,0,paclitaxel
Data27_CACATTTTCTAGCACA.3,0,paclitaxel
Data27_CACATTTTCTGGAGCC.3,0,paclitaxel
Data27_CACCAGGCACCGCTAG.3,0,paclitaxel
Data27_CACCAGGCAGGATTGG.3,0,paclitaxel
Data27_CACCAGGGTTGGTAAA.3,0,paclitaxel
Data27_CACCAGGTCTTCGGTC.3,0,paclitaxel
Data27_CACCTTGCACCATCCT.3,0,paclitaxel
Data27_CACTCCAGTCTAGCGC.3,0,paclitaxel
Data27_CAGAATCCAGCCAGAA.3,0,paclitaxel
Data27_CAGAATCCATATGCTG.3,0,paclitaxel
Data27_CAGAATCGTTACGTCA.3,0,paclitaxel
Data27_CAGATCACACAGACTT.3,0,paclitaxel
Data27_CAGATCACACGCTTTC.3,0,paclitaxel
Data27_CAGATCATCATCGGAT.3,0,paclitaxel
Data27_CAGCAGCAGTAGCCGA.3,0,paclitaxel
Data27_CAGCAGCCAAGGTTCT.3,0,paclitaxel
Data27_CAGCATAAGTTCGCGC.3,0,paclitaxel
Data27_CAGCCGAAGATAGTCA.3,0,paclitaxel
Data27_CAGCCGACACGGTTTA.3,0,paclitaxel
Data27_CAGCGACAGGTGTGGT.3,0,paclitaxel
Data27_CAGCGACCAGACGCTC.3,0,paclitaxel
Data27_CAGCGACTCTAGCACA.3,0,paclitaxel
Data27_CAGCTAAAGGAGTAGA.3,0,paclitaxel
Data27_CAGCTAATCCATTCTA.3,0,paclitaxel
Data27_CAGCTAATCTGGTATG.3,0,paclitaxel
Data27_CAGCTGGAGTAGCCGA.3,0,paclitaxel
Data27_CAGCTGGCATGTCCTC.3,0,paclitaxel
Data27_CAGCTGGGTAATAGCA.3,0,paclitaxel
Data27_CAGCTGGGTAGCAAAT.3,0,paclitaxel
Data27_CAGGTGCCAGTCAGAG.3,0,paclitaxel
Data27_CAGGTGCTCTTAACCT.3,0,paclitaxel
Data27_CAGTCCTGTCGAACAG.3,0,paclitaxel
Data27_CATATGGGTGAAAGAG.3,0,paclitaxel
Data27_CATATTCCATTTCAGG.3,0,paclitaxel
Data27_CATCAAGTCTGGAGCC.3,0,paclitaxel
Data27_CATCAGAGTCAGATAA.3,0,paclitaxel
Data27_CATCAGAGTCATACTG.3,0,paclitaxel
Data27_CATCAGAGTCGCGAAA.3,0,paclitaxel
Data27_CATCAGAGTTGCGTTA.3,0,paclitaxel
Data27_CATCCACTCCTATTCA.3,0,paclitaxel
Data27_CATCCACTCTCTGTCG.3,0,paclitaxel
Data27_CATCGAACAATCGGTT.3,0,paclitaxel
Data27_CATCGAACATGCCTTC.3,0,paclitaxel
Data27_CATCGGGGTTCCGTCT.3,0,paclitaxel
Data27_CATGACACATAGTAAG.3,0,paclitaxel
Data27_CATGACAGTCGCGTGT.3,0,paclitaxel
Data27_CATGCCTAGCGATTCT.3,0,paclitaxel
Data27_CATGCCTTCATAACCG.3,0,paclitaxel
Data27_CATGCCTTCCCTAACC.3,0,paclitaxel
Data27_CATGCCTTCTTACCTA.3,0,paclitaxel
Data27_CATGGCGAGCATGGCA.3,0,paclitaxel
Data27_CATGGCGCAATGGTCT.3,0,paclitaxel
Data27_CATGGCGGTTCCAACA.3,0,paclitaxel
Data27_CATTATCAGGAATGGA.3,0,paclitaxel
Data27_CATTATCAGTTCCACA.3,0,paclitaxel
Data27_CATTATCCAAGCGATG.3,0,paclitaxel
Data27_CATTATCTCAAGATCC.3,0,paclitaxel
Data27_CATTCGCAGTGTTGAA.3,0,paclitaxel
Data27_CATTCGCTCGCCTGAG.3,0,paclitaxel
Data27_CCACCTAGTACATCCA.3,0,paclitaxel
Data27_CCACGGACAAGCTGTT.3,0,paclitaxel
Data27_CCACGGATCCTCTAGC.3,0,paclitaxel
Data27_CCACTACAGTTCGCAT.3,0,paclitaxel
Data27_CCACTACTCGAATCCA.3,0,paclitaxel
Data27_CCAGCGAAGAGTCTGG.3,0,paclitaxel
Data27_CCAGCGAGTTGTACAC.3,0,paclitaxel
Data27_CCAGCGATCACAGGCC.3,0,paclitaxel
Data27_CCAGCGATCCTTCAAT.3,0,paclitaxel
Data27_CCATGTCCAGTCCTTC.3,0,paclitaxel
Data27_CCATGTCGTCTGCGGT.3,0,paclitaxel
Data27_CCATGTCTCGTCCGTT.3,0,paclitaxel
Data27_CCATGTCTCTACCAGA.3,0,paclitaxel
Data27_CCATGTCTCTTACCTA.3,0,paclitaxel
Data27_CCATTCGCAGTAACGG.3,0,paclitaxel
Data27_CCATTCGTCAGAAATG.3,0,paclitaxel
Data27_CCCAATCCAGTTCCCT.3,0,paclitaxel
Data27_CCCAATCGTGCTGTAT.3,0,paclitaxel
Data27_CCCATACAGGCTATCT.3,0,paclitaxel
Data27_CCCATACCAAGAAGAG.3,0,paclitaxel
Data27_CCCTCCTCACGGCCAT.3,0,paclitaxel
Data27_CCGGGATCATCAGTAC.3,0,paclitaxel
Data27_CCGGGATGTGCGCTTG.3,0,paclitaxel
Data27_CCGGGATGTGCTTCTC.3,0,paclitaxel
Data27_CCGGTAGAGCCAGTTT.3,0,paclitaxel
Data27_CCGGTAGGTCCAGTAT.3,0,paclitaxel
Data27_CCGTACTAGGCTCTTA.3,0,paclitaxel
Data27_CCGTACTCAGCTATTG.3,0,paclitaxel
Data27_CCGTACTTCTAAGCCA.3,0,paclitaxel
Data27_CCGTACTTCTGCGGCA.3,0,paclitaxel
Data27_CCGTGGACATTACGAC.3,0,paclitaxel
Data27_CCGTTCAAGGTTACCT.3,0,paclitaxel
Data27_CCGTTCAGTAATAGCA.3,0,paclitaxel
Data27_CCGTTCAGTGCTAGCC.3,0,paclitaxel
Data27_CCTAAAGAGCGTTTAC.3,0,paclitaxel
Data27_CCTAGCTCACGGTAAG.3,0,paclitaxel
Data27_CCTATTAAGTCAAGCG.3,0,paclitaxel
Data27_CCTCAGTTCACGGTTA.3,0,paclitaxel
Data27_CCTCAGTTCTGACCTC.3,0,paclitaxel
Data27_CCTCTGACATGGTCAT.3,0,paclitaxel
Data27_CCTTACGCATCACAAC.3,0,paclitaxel
Data27_CCTTCCCAGGGCTCTC.3,0,paclitaxel
Data27_CCTTCGACAAGGGTCA.3,0,paclitaxel
Data27_CCTTCGACAGCCTTGG.3,0,paclitaxel
Data27_CCTTCGACAGCGAACA.3,0,paclitaxel
Data27_CCTTCGATCTGATACG.3,0,paclitaxel
Data27_CGAACATCAGGTCGTC.3,0,paclitaxel
Data27_CGAACATGTACATGTC.3,0,paclitaxel
Data27_CGAGAAGAGTCTCAAC.3,0,paclitaxel
Data27_CGAGAAGCAGTAAGCG.3,0,paclitaxel
Data27_CGAGAAGTCCAACCAA.3,0,paclitaxel
Data27_CGAGAAGTCGTACGGC.3,0,paclitaxel
Data27_CGAGCACTCTAGCACA.3,0,paclitaxel
Data27_CGAGCCAAGAGCTGGT.3,0,paclitaxel
Data27_CGATCGGTCCATGCTC.3,0,paclitaxel
Data27_CGATGGCGTTTGACTG.3,0,paclitaxel
Data27_CGATGTACACGAGGTA.3,0,paclitaxel
Data27_CGATTGAAGTCCCACG.3,0,paclitaxel
Data27_CGCCAAGGTCTTCAAG.3,0,paclitaxel
Data27_CGCCAAGGTGTGCGTC.3,0,paclitaxel
Data27_CGCCAAGTCCTCTAGC.3,0,paclitaxel
Data27_CGCTGGACAAGAGGCT.3,0,paclitaxel
Data27_CGCTGGAGTGCTAGCC.3,0,paclitaxel
Data27_CGGACACCACAGAGGT.3,0,paclitaxel
Data27_CGGACGTGTGCACGAA.3,0,paclitaxel
Data27_CGGACGTTCCTTAATC.3,0,paclitaxel
Data27_CGGACTGTCACCCGAG.3,0,paclitaxel
Data27_CGGAGCTAGCAGCCTC.3,0,paclitaxel
Data27_CGGAGCTGTCGATTGT.3,0,paclitaxel
Data27_CGGAGTCAGGCTAGGT.3,0,paclitaxel
Data27_CGGAGTCTCCTTGCCA.3,0,paclitaxel
Data27_CGGGTCAAGATGTTAG.3,0,paclitaxel
Data27_CGGGTCATCAACCATG.3,0,paclitaxel
Data27_CGGTTAATCATCGGAT.3,0,paclitaxel
Data27_CGGTTAATCATTTGGG.3,0,paclitaxel
Data27_CGTCACTGTACTCTCC.3,0,paclitaxel
Data27_CGTCACTGTTAAGAAC.3,0,paclitaxel
Data27_CGTCACTTCGTGGTCG.3,0,paclitaxel
Data27_CGTCAGGAGGCTACGA.3,0,paclitaxel
Data27_CGTCCATTCACTTATC.3,0,paclitaxel
Data27_CGTCCATTCGTTACAG.3,0,paclitaxel
Data27_CGTGAGCCACAGAGGT.3,0,paclitaxel
Data27_CGTGAGCGTCGCCATG.3,0,paclitaxel
Data27_CGTGAGCGTCTCTCGT.3,0,paclitaxel
Data27_CGTTAGATCAACACAC.3,0,paclitaxel
Data27_CGTTCTGAGGTGGGTT.3,0,paclitaxel
Data27_CGTTCTGCAAAGGTGC.3,0,paclitaxel
Data27_CTAACTTCAATAGCGG.3,0,paclitaxel
Data27_CTAAGACGTTGGGACA.3,0,paclitaxel
Data27_CTAATGGCATATGCTG.3,0,paclitaxel
Data27_CTACACCCAAGCGAGT.3,0,paclitaxel
Data27_CTACACCGTGGTCTCG.3,0,paclitaxel
Data27_CTACCCAAGGAGTAGA.3,0,paclitaxel
Data27_CTACCCAAGGCAATTA.3,0,paclitaxel
Data27_CTACCCAGTAGCTCCG.3,0,paclitaxel
Data27_CTACGTCCACCTATCC.3,0,paclitaxel
Data27_CTAGAGTAGTGTCCCG.3,0,paclitaxel
Data27_CTAGAGTTCATGCAAC.3,0,paclitaxel
Data27_CTAGCCTAGGTCGGAT.3,0,paclitaxel
Data27_CTAGCCTCACGAAACG.3,0,paclitaxel
Data27_CTAGTGAGTGGGTATG.3,0,paclitaxel
Data27_CTAGTGATCCGGCACA.3,0,paclitaxel
Data27_CTAGTGATCGTACGGC.3,0,paclitaxel
Data27_CTCACACGTCCAGTTA.3,0,paclitaxel
Data27_CTCAGAACAGCTCGCA.3,0,paclitaxel
Data27_CTCAGAAGTATAGGGC.3,0,paclitaxel
Data27_CTCAGAAGTCTCCCTA.3,0,paclitaxel
Data27_CTCATTAGTAGAAAGG.3,0,paclitaxel
Data27_CTCCTAGGTGACAAAT.3,0,paclitaxel
Data27_CTCGAAACAACGATCT.3,0,paclitaxel
Data27_CTCGAAAGTGCAGTAG.3,0,paclitaxel
Data27_CTCGAAAGTTCAGACT.3,0,paclitaxel
Data27_CTCGAGGCAAACAACA.3,0,paclitaxel
Data27_CTCGAGGGTCGTTGTA.3,0,paclitaxel
Data27_CTCGAGGGTTCAGCGC.3,0,paclitaxel
Data27_CTCGAGGTCAGCGACC.3,0,paclitaxel
Data27_CTCGGAGAGCCACGCT.3,0,paclitaxel
Data27_CTCGGGAGTTATCGGT.3,0,paclitaxel
Data27_CTCGTACAGGACTGGT.3,0,paclitaxel
Data27_CTCTACGGTCACTTCC.3,0,paclitaxel
Data27_CTCTACGTCCAGAAGG.3,0,paclitaxel
Data27_CTGAAGTCAATGGACG.3,0,paclitaxel
Data27_CTGATAGGTACGCTGC.3,0,paclitaxel
Data27_CTGATAGTCAACGAAA.3,0,paclitaxel
Data27_CTGATCCAGTTAACGA.3,0,paclitaxel
Data27_CTGATCCTCGTTACAG.3,0,paclitaxel
Data27_CTGCCTAAGCGACGTA.3,0,paclitaxel
Data27_CTGCCTAAGGAGTAGA.3,0,paclitaxel
Data27_CTGCTGTAGATCGGGT.3,0,paclitaxel
Data27_CTGCTGTTCCTAGAAC.3,0,paclitaxel
Data27_CTGTGCTAGGTGGGTT.3,0,paclitaxel
Data27_CTGTTTAAGCCCTAAT.3,0,paclitaxel
Data27_CTGTTTACAGGATCGA.3,0,paclitaxel
Data27_CTGTTTATCCGAGCCA.3,0,paclitaxel
Data27_CTTAACTAGAAGATTC.3,0,paclitaxel
Data27_CTTACCGGTAAGTTCC.3,0,paclitaxel
Data27_CTTAGGACACGTCAGC.3,0,paclitaxel
Data27_CTTAGGAGTTATGCGT.3,0,paclitaxel
Data27_CTTCTCTTCTCTTGAT.3,0,paclitaxel
Data27_CTTCTCTTCTGGTTCC.3,0,paclitaxel
Data27_CTTGGCTCAAAGTGCG.3,0,paclitaxel
Data27_CTTGGCTCATCTGGTA.3,0,paclitaxel
Data27_CTTTGCGAGTGGAGTC.3,0,paclitaxel
Data27_CTTTGCGGTGTGAAAT.3,0,paclitaxel
Data27_GAAACTCTCTACCAGA.3,0,paclitaxel
Data27_GAAATGAAGGAGTACC.3,0,paclitaxel
Data27_GAAATGATCTTCAACT.3,0,paclitaxel
Data27_GAACATCAGCAGCGTA.3,0,paclitaxel
Data27_GAACATCCACGTAAGG.3,0,paclitaxel
Data27_GAACATCCATTATCTC.3,0,paclitaxel
Data27_GAACCTACATGCAATC.3,0,paclitaxel
Data27_GAACCTATCTGTACGA.3,0,paclitaxel
Data27_GAACGGACACGGACAA.3,0,paclitaxel
Data27_GAACGGATCATCATTC.3,0,paclitaxel
Data27_GAAGCAGAGGCGTACA.3,0,paclitaxel
Data27_GAAGCAGCATCCGGGT.3,0,paclitaxel
Data27_GAATAAGAGAGTGACC.3,0,paclitaxel
Data27_GAATGAAGTCCTCCAT.3,0,paclitaxel
Data27_GACACGCTCCTCATTA.3,0,paclitaxel
Data27_GACCAATCAATGGATA.3,0,paclitaxel
Data27_GACCAATCAATTCCTT.3,0,paclitaxel
Data27_GACCAATCATTGCGGC.3,0,paclitaxel
Data27_GACGGCTCACAGGAGT.3,0,paclitaxel
Data27_GACGGCTTCCCAAGTA.3,0,paclitaxel
Data27_GACGTTATCACCTTAT.3,0,paclitaxel
Data27_GACGTTATCGATCCCT.3,0,paclitaxel
Data27_GACTAACAGAATTGTG.3,0,paclitaxel
Data27_GACTAACAGCCACCTG.3,0,paclitaxel
Data27_GACTAACGTGATAAAC.3,0,paclitaxel
Data27_GACTACAAGATGGCGT.3,0,paclitaxel
Data27_GACTACAGTTTGCATG.3,0,paclitaxel
Data27_GACTGCGAGAGGGCTT.3,0,paclitaxel
Data27_GACTGCGGTTCCACGG.3,0,paclitaxel
Data27_GACTGCGTCCTCCTAG.3,0,paclitaxel
Data27_GAGGTGAAGCAGCCTC.3,0,paclitaxel
Data27_GAGTCCGAGAATAGGG.3,0,paclitaxel
Data27_GAGTCCGAGATATGGT.3,0,paclitaxel
Data27_GAGTCCGTCCACGTGG.3,0,paclitaxel
Data27_GATCAGTGTAAACCTC.3,0,paclitaxel
Data27_GATCGATCAATGGTCT.3,0,paclitaxel
Data27_GATCGCGAGAACAACT.3,0,paclitaxel
Data27_GATCGCGCACGAGGTA.3,0,paclitaxel
Data27_GATCGCGTCACTCCTG.3,0,paclitaxel
Data27_GATCGTAAGACAAAGG.3,0,paclitaxel
Data27_GATCGTATCGTCACGG.3,0,paclitaxel
Data27_GATCTAGGTCTCATCC.3,0,paclitaxel
Data27_GATGAAATCATAAAGG.3,0,paclitaxel
Data27_GATGCTATCCTGCAGG.3,0,paclitaxel
Data27_GATTCAGAGAGGTTAT.3,0,paclitaxel
Data27_GCAAACTAGGATGGAA.3,0,paclitaxel
Data27_GCAAACTGTGCAACTT.3,0,paclitaxel
Data27_GCAAACTGTTGAGTTC.3,0,paclitaxel
Data27_GCAATCACAAGACACG.3,0,paclitaxel
Data27_GCAATCAGTCTTTCAT.3,0,paclitaxel
Data27_GCAATCATCATCACCC.3,0,paclitaxel
Data27_GCACATAAGGCGACAT.3,0,paclitaxel
Data27_GCACATAGTACTCGCG.3,0,paclitaxel
Data27_GCACTCTTCATTGCGA.3,0,paclitaxel
Data27_GCACTCTTCCCAAGTA.3,0,paclitaxel
Data27_GCAGTTAAGTGTCCAT.3,0,paclitaxel
Data27_GCAGTTACAGGGTATG.3,0,paclitaxel
Data27_GCAGTTAGTAGCTAAA.3,0,paclitaxel
Data27_GCAGTTAGTCATGCCG.3,0,paclitaxel
Data27_GCAGTTAGTGTTCGAT.3,0,paclitaxel
Data27_GCAGTTATCGCTTGTC.3,0,paclitaxel
Data27_GCATACACATGAGCGA.3,0,paclitaxel
Data27_GCATACACATGCAACT.3,0,paclitaxel
Data27_GCATACATCCAGTATG.3,0,paclitaxel
Data27_GCATACATCTTGAGGT.3,0,paclitaxel
Data27_GCATGTACATCGTCGG.3,0,paclitaxel
Data27_GCCAAATAGATAGCAT.3,0,paclitaxel
Data27_GCCAAATAGGGTTTCT.3,0,paclitaxel
Data27_GCCAAATCATTCCTGC.3,0,paclitaxel
Data27_GCCTCTAAGCTAACAA.3,0,paclitaxel
Data27_GCCTCTAGTGAGTGAC.3,0,paclitaxel
Data27_GCCTCTATCGGATGTT.3,0,paclitaxel
Data27_GCGAGAAGTTCCACTC.3,0,paclitaxel
Data27_GCGCAACGTTACGACT.3,0,paclitaxel
Data27_GCGCAACTCCGAACGC.3,0,paclitaxel
Data27_GCGCAACTCTCGTATT.3,0,paclitaxel
Data27_GCGCAGTAGGGTATCG.3,0,paclitaxel
Data27_GCGCAGTTCGCGATCG.3,0,paclitaxel
Data27_GCGCCAACAGACGCAA.3,0,paclitaxel
Data27_GCGCGATAGCTGGAAC.3,0,paclitaxel
Data27_GCGCGATGTCGGCATC.3,0,paclitaxel
Data27_GCGCGATTCCGATATG.3,0,paclitaxel
Data27_GCTCCTAGTACCGAGA.3,0,paclitaxel
Data27_GCTCTGTCATGCTAGT.3,0,paclitaxel
Data27_GCTCTGTTCGGAGCAA.3,0,paclitaxel
Data27_GCTGCGATCACCTCGT.3,0,paclitaxel
Data27_GCTGCTTAGAATCTCC.3,0,paclitaxel
Data27_GCTGCTTCAAACGCGA.3,0,paclitaxel
Data27_GCTGCTTCAGTAAGAT.3,0,paclitaxel
Data27_GCTGGGTGTACTTAGC.3,0,paclitaxel
Data27_GCTGGGTTCGTTTATC.3,0,paclitaxel
Data27_GCTGGGTTCTGCTGCT.3,0,paclitaxel
Data27_GCTTCCACATTCACTT.3,0,paclitaxel
Data27_GCTTCCATCTTTACGT.3,0,paclitaxel
Data27_GCTTGAAGTAGAAGGA.3,0,paclitaxel
Data27_GGAACTTGTTTCCACC.3,0,paclitaxel
Data27_GGAATAACACCATCCT.3,0,paclitaxel
Data27_GGAATAAGTGTAATGA.3,0,paclitaxel
Data27_GGACAAGAGATACACA.3,0,paclitaxel
Data27_GGACAAGGTTGCTCCT.3,0,paclitaxel
Data27_GGACAGATCATACGGT.3,0,paclitaxel
Data27_GGACATTAGAGCTGCA.3,0,paclitaxel
Data27_GGACATTAGTGTGGCA.3,0,paclitaxel
Data27_GGACATTTCCACTCCA.3,0,paclitaxel
Data27_GGACGTCGTATATCCG.3,0,paclitaxel
Data27_GGACGTCTCCAATGGT.3,0,paclitaxel
Data27_GGACGTCTCCTTGACC.3,0,paclitaxel
Data27_GGACGTCTCGTACCGG.3,0,paclitaxel
Data27_GGAGCAAGTCATGCAT.3,0,paclitaxel
Data27_GGATGTTAGCACCGTC.3,0,paclitaxel
Data27_GGATGTTGTATTCGTG.3,0,paclitaxel
Data27_GGATGTTGTGATAAAC.3,0,paclitaxel
Data27_GGATTACCAGGTCGTC.3,0,paclitaxel
Data27_GGCAATTAGCCGATTT.3,0,paclitaxel
Data27_GGCAATTAGCGATCCC.3,0,paclitaxel
Data27_GGCAATTAGTAACCCT.3,0,paclitaxel
Data27_GGCAATTGTGGAAAGA.3,0,paclitaxel
Data27_GGCAATTTCAACACTG.3,0,paclitaxel
Data27_GGCAATTTCCACGACG.3,0,paclitaxel
Data27_GGCGACTAGTGAATTG.3,0,paclitaxel
Data27_GGCTCGATCTCCAACC.3,0,paclitaxel
Data27_GGGAATGAGATCTGCT.3,0,paclitaxel
Data27_GGGAATGAGTGCCATT.3,0,paclitaxel
Data27_GGGAATGTCCTCAATT.3,0,paclitaxel
Data27_GGGAATGTCTTAGCCC.3,0,paclitaxel
Data27_GGGAGATAGGTGACCA.3,0,paclitaxel
Data27_GGGAGATCAATCCAAC.3,0,paclitaxel
Data27_GGGATGACACCCATTC.3,0,paclitaxel
Data27_GGGCACTTCTACCTGC.3,0,paclitaxel
Data27_GGGCACTTCTATGTGG.3,0,paclitaxel
Data27_GGGTCTGGTACTTGAC.3,0,paclitaxel
Data27_GGGTTGCAGAGCAATT.3,0,paclitaxel
Data27_GGGTTGCTCCTTGACC.3,0,paclitaxel
Data27_GGTATTGCATCCCACT.3,0,paclitaxel
Data27_GGTATTGTCATGTCTT.3,0,paclitaxel
Data27_GGTATTGTCTAACTGG.3,0,paclitaxel
Data27_GGTGAAGCATTTGCTT.3,0,paclitaxel
Data27_GGTGCGTAGGCTACGA.3,0,paclitaxel
Data27_GGTGCGTTCGATAGAA.3,0,paclitaxel
Data27_GGTGTTACACCTTGTC.3,0,paclitaxel
Data27_GTAACGTGTGCCTGCA.3,0,paclitaxel
Data27_GTAACGTGTTTGTGTG.3,0,paclitaxel
Data27_GTAACTGCACACAGAG.3,0,paclitaxel
Data27_GTACGTATCCTTGCCA.3,0,paclitaxel
Data27_GTACTCCTCCCATTTA.3,0,paclitaxel
Data27_GTACTTTCAGGGTTAG.3,0,paclitaxel
Data27_GTATCTTAGGCAAAGA.3,0,paclitaxel
Data27_GTATCTTTCGCCGTGA.3,0,paclitaxel
Data27_GTATTCTCAGGGCATA.3,0,paclitaxel
Data27_GTATTCTGTTACGCGC.3,0,paclitaxel
Data27_GTCAAGTCAGATCGGA.3,0,paclitaxel
Data27_GTCAAGTGTCAGGACA.3,0,paclitaxel
Data27_GTCAAGTTCTCGTATT.3,0,paclitaxel
Data27_GTCACAAAGATTACCC.3,0,paclitaxel
Data27_GTCACAACATGTTGAC.3,0,paclitaxel
Data27_GTCACGGGTCTCTCTG.3,0,paclitaxel
Data27_GTCACGGTCATGCTCC.3,0,paclitaxel
Data27_GTCACGGTCATGTCCC.3,0,paclitaxel
Data27_GTCACGGTCTAACCGA.3,0,paclitaxel
Data27_GTCATTTTCCAAACAC.3,0,paclitaxel
Data27_GTCCTCAAGCTACCGC.3,0,paclitaxel
Data27_GTCCTCAAGGACAGCT.3,0,paclitaxel
Data27_GTCCTCAAGGCTCATT.3,0,paclitaxel
Data27_GTCCTCACAACCGCCA.3,0,paclitaxel
Data27_GTCGGGTAGCTCAACT.3,0,paclitaxel
Data27_GTCGGGTCAACCGCCA.3,0,paclitaxel
Data27_GTCGGGTTCGCCTGAG.3,0,paclitaxel
Data27_GTCGTAACAGTTCATG.3,0,paclitaxel
Data27_GTCTCGTAGTACTTGC.3,0,paclitaxel
Data27_GTCTCGTCAAGTAATG.3,0,paclitaxel
Data27_GTCTCGTCAGTATGCT.3,0,paclitaxel
Data27_GTCTCGTTCAGCGATT.3,0,paclitaxel
Data27_GTCTCGTTCGAATGGG.3,0,paclitaxel
Data27_GTCTTCGAGCGCCTCA.3,0,paclitaxel
Data27_GTCTTCGAGCTAAACA.3,0,paclitaxel
Data27_GTGAAGGAGTGGCACA.3,0,paclitaxel
Data27_GTGCAGCGTAGATTAG.3,0,paclitaxel
Data27_GTGCAGCGTCTGCGGT.3,0,paclitaxel
Data27_GTGCAGCTCGTCGTTC.3,0,paclitaxel
Data27_GTGCATACACGGACAA.3,0,paclitaxel
Data27_GTGCGGTCAGAGCCAA.3,0,paclitaxel
Data27_GTGCTTCGTCAGATAA.3,0,paclitaxel
Data27_GTGTGCGAGGACACCA.3,0,paclitaxel
Data27_GTGTTAGGTGCACTTA.3,0,paclitaxel
Data27_GTTAAGCAGGTGATAT.3,0,paclitaxel
Data27_GTTACAGTCCACGTGG.3,0,paclitaxel
Data27_GTTCATTAGCTAGTCT.3,0,paclitaxel
Data27_GTTCATTAGTACCGGA.3,0,paclitaxel
Data27_GTTCATTCAGTAACGG.3,0,paclitaxel
Data27_GTTCATTGTAGTACCT.3,0,paclitaxel
Data27_GTTCATTGTGCCTGGT.3,0,paclitaxel
Data27_GTTCATTGTGTTCTTT.3,0,paclitaxel
Data27_GTTCATTTCGCGCCAA.3,0,paclitaxel
Data27_GTTCATTTCTATCGCC.3,0,paclitaxel
Data27_GTTCGGGCAAGCCGTC.3,0,paclitaxel
Data27_GTTCTCGGTCTTGTCC.3,0,paclitaxel
Data27_GTTCTCGTCAGTGCAT.3,0,paclitaxel
Data27_GTTTCTAAGACTAGAT.3,0,paclitaxel
Data27_GTTTCTACACGGCTAC.3,0,paclitaxel
Data27_GTTTCTACATGGTTGT.3,0,paclitaxel
Data27_GTTTCTAGTTAAGAAC.3,0,paclitaxel
Data27_GTTTCTATCACGACTA.3,0,paclitaxel
Data27_TAAACCGCAAGGACAC.3,0,paclitaxel
Data27_TAAGCGTGTGCAACGA.3,0,paclitaxel
Data27_TAAGCGTTCGGTTAAC.3,0,paclitaxel
Data27_TAAGTGCCAGTATAAG.3,0,paclitaxel
Data27_TAAGTGCCATGTTGAC.3,0,paclitaxel
Data27_TAAGTGCGTCTTCAAG.3,0,paclitaxel
Data27_TACACGACAGCCAATT.3,0,paclitaxel
Data27_TACACGATCGACCAGC.3,0,paclitaxel
Data27_TACAGTGTCTCTGAGA.3,0,paclitaxel
Data27_TACCTTACATCATCCC.3,0,paclitaxel
Data27_TACCTTATCCTTGACC.3,0,paclitaxel
Data27_TACGGATAGATGCCAG.3,0,paclitaxel
Data27_TACGGATAGGGCATGT.3,0,paclitaxel
Data27_TACGGGCCAGGGCATA.3,0,paclitaxel
Data27_TACGGTACAATCCGAT.3,0,paclitaxel
Data27_TACGGTAGTAAACACA.3,0,paclitaxel
Data27_TACTCATCATTCCTGC.3,0,paclitaxel
Data27_TACTCGCTCCAACCAA.3,0,paclitaxel
Data27_TACTCGCTCGAGGTAG.3,0,paclitaxel
Data27_TAGACCACAAACGTGG.3,0,paclitaxel
Data27_TAGCCGGGTGGCGAAT.3,0,paclitaxel
Data27_TAGGCATAGAAGAAGC.3,0,paclitaxel
Data27_TAGGCATAGTAACCCT.3,0,paclitaxel
Data27_TAGGCATAGTTGAGTA.3,0,paclitaxel
Data27_TAGGCATCAAGCGTAG.3,0,paclitaxel
Data27_TAGGCATTCTAACTTC.3,0,paclitaxel
Data27_TAGTGGTAGGTGGGTT.3,0,paclitaxel
Data27_TAGTGGTCACAAGTAA.3,0,paclitaxel
Data27_TAGTGGTGTACTTAGC.3,0,paclitaxel
Data27_TATCAGGGTGGTGTAG.3,0,paclitaxel
Data27_TATGCCCCACCAGGTC.3,0,paclitaxel
Data27_TATGCCCTCACTATTC.3,0,paclitaxel
Data27_TCAACGAAGCCACCTG.3,0,paclitaxel
Data27_TCAATCTCAAGGTGTG.3,0,paclitaxel
Data27_TCACAAGGTAGCGTGA.3,0,paclitaxel
Data27_TCACAAGGTCAAGCGA.3,0,paclitaxel
Data27_TCACAAGTCACTTACT.3,0,paclitaxel
Data27_TCACAAGTCTGCGTAA.3,0,paclitaxel
Data27_TCACGAAAGGCATGTG.3,0,paclitaxel
Data27_TCAGATGCAAAGGTGC.3,0,paclitaxel
Data27_TCAGATGGTGTGGTTT.3,0,paclitaxel
Data27_TCAGCTCTCGTCCAGG.3,0,paclitaxel
Data27_TCAGGATCAAGTTCTG.3,0,paclitaxel
Data27_TCAGGATCAGGTGGAT.3,0,paclitaxel
Data27_TCAGGATGTAACGCGA.3,0,paclitaxel
Data27_TCAGGTAAGGGTCGAT.3,0,paclitaxel
Data27_TCATTTGAGACAGACC.3,0,paclitaxel
Data27_TCATTTGAGATCGATA.3,0,paclitaxel
Data27_TCATTTGAGTTGTCGT.3,0,paclitaxel
Data27_TCATTTGTCTACTTAC.3,0,paclitaxel
Data27_TCCACACCACGTCTCT.3,0,paclitaxel
Data27_TCCACACCAGACAAGC.3,0,paclitaxel
Data27_TCCACACTCGGAATCT.3,0,paclitaxel
Data27_TCCCGATCATTGAGCT.3,0,paclitaxel
Data27_TCGAGGCCATAAAGGT.3,0,paclitaxel
Data27_TCGAGGCTCCTCAACC.3,0,paclitaxel
Data27_TCGCGAGAGAACTGTA.3,0,paclitaxel
Data27_TCGCGAGGTTTGGCGC.3,0,paclitaxel
Data27_TCGGGACAGCTTTGGT.3,0,paclitaxel
Data27_TCGGGACCATCGTCGG.3,0,paclitaxel
Data27_TCGGTAATCCTTTACA.3,0,paclitaxel
Data27_TCGTACCAGATACACA.3,0,paclitaxel
Data27_TCGTACCCACTTGGAT.3,0,paclitaxel
Data27_TCGTACCCATCACGAT.3,0,paclitaxel
Data27_TCGTACCGTACAGTTC.3,0,paclitaxel
Data27_TCGTACCGTACCATCA.3,0,paclitaxel
Data27_TCTATTGGTCAAAGAT.3,0,paclitaxel
Data27_TCTCATATCGCAAACT.3,0,paclitaxel
Data27_TCTCTAAAGTGAACAT.3,0,paclitaxel
Data27_TCTCTAACAGCCTATA.3,0,paclitaxel
Data27_TCTCTAAGTGTGGTTT.3,0,paclitaxel
Data27_TCTGAGAGTCCGTTAA.3,0,paclitaxel
Data27_TCTGAGAGTTCGCTAA.3,0,paclitaxel
Data27_TCTGGAAAGCCTTGAT.3,0,paclitaxel
Data27_TCTGGAAGTTTCGCTC.3,0,paclitaxel
Data27_TGACGGCTCAACGCTA.3,0,paclitaxel
Data27_TGACTAGTCCTCCTAG.3,0,paclitaxel
Data27_TGACTTTCACCAGCAC.3,0,paclitaxel
Data27_TGACTTTGTGTCGCTG.3,0,paclitaxel
Data27_TGACTTTTCGAACTGT.3,0,paclitaxel
Data27_TGAGAGGTCAAAGACA.3,0,paclitaxel
Data27_TGAGCATGTCCGTCAG.3,0,paclitaxel
Data27_TGAGCATGTGCCTGTG.3,0,paclitaxel
Data27_TGAGCCGTCCTATGTT.3,0,paclitaxel
Data27_TGAGGGATCGGTTAAC.3,0,paclitaxel
Data27_TGATTTCAGAAGGTTT.3,0,paclitaxel
Data27_TGCACCTTCATGCTCC.3,0,paclitaxel
Data27_TGCCAAAAGATGTCGG.3,0,paclitaxel
Data27_TGCCAAAAGGGTATCG.3,0,paclitaxel
Data27_TGCCCTACAGGTCTCG.3,0,paclitaxel
Data27_TGCCCTAGTAGCGTAG.3,0,paclitaxel
Data27_TGCGCAGAGAAGCCCA.3,0,paclitaxel
Data27_TGCGCAGGTCATGCAT.3,0,paclitaxel
Data27_TGCGCAGTCCAAACTG.3,0,paclitaxel
Data27_TGCGGGTAGGTACTCT.3,0,paclitaxel
Data27_TGCGTGGAGCTCCCAG.3,0,paclitaxel
Data27_TGCTGCTCACTTCGAA.3,0,paclitaxel
Data27_TGGACGCCATTCTCAT.3,0,paclitaxel
Data27_TGGACGCTCACCAGGC.3,0,paclitaxel
Data27_TGGCGCAAGGCTCAGA.3,0,paclitaxel
Data27_TGGCGCACATGGAATA.3,0,paclitaxel
Data27_TGGCTGGAGTATGACA.3,0,paclitaxel
Data27_TGGGAAGAGGTAGCTG.3,0,paclitaxel
Data27_TGGGAAGGTTCGCTAA.3,0,paclitaxel
Data27_TGGTTAGAGGGCTCTC.3,0,paclitaxel
Data27_TGGTTAGGTTAGATGA.3,0,paclitaxel
Data27_TGGTTAGGTTATGCGT.3,0,paclitaxel
Data27_TGGTTCCAGAATTGTG.3,0,paclitaxel
Data27_TGGTTCCCACGCATCG.3,0,paclitaxel
Data27_TGTATTCAGAGTCTGG.3,0,paclitaxel
Data27_TGTATTCAGCTGTCTA.3,0,paclitaxel
Data27_TGTATTCTCAATCACG.3,0,paclitaxel
Data27_TGTCCCACAGTAGAGC.3,0,paclitaxel
Data27_TGTCCCATCATGCTCC.3,0,paclitaxel
Data27_TGTGGTATCGCTTGTC.3,0,paclitaxel
Data27_TGTGTTTCACTTACGA.3,0,paclitaxel
Data27_TGTTCCGAGGCAATTA.3,0,paclitaxel
Data27_TTAGGACAGTTAGGTA.3,0,paclitaxel
Data27_TTAGGACCAAATCCGT.3,0,paclitaxel
Data27_TTAGGACTCGGCCGAT.3,0,paclitaxel
Data27_TTAGGCAGTGACAAAT.3,0,paclitaxel
Data27_TTATGCTAGTGTCCAT.3,0,paclitaxel
Data27_TTATGCTCATTTCACT.3,0,paclitaxel
Data27_TTCGAAGAGTGCCATT.3,0,paclitaxel
Data27_TTCGAAGCAAACTGTC.3,0,paclitaxel
Data27_TTCGGTCGTAAGTGGC.3,0,paclitaxel
Data27_TTCTACAAGGAATCGC.3,0,paclitaxel
Data27_TTCTACATCTAGCACA.3,0,paclitaxel
Data27_TTCTCAACACACTGCG.3,0,paclitaxel
Data27_TTCTCAATCTGTCTCG.3,0,paclitaxel
Data27_TTCTTAGAGCTTCGCG.3,0,paclitaxel
Data27_TTGAACGAGCTCAACT.3,0,paclitaxel
Data27_TTGAACGGTACCGTAT.3,0,paclitaxel
Data27_TTGCCGTTCGTTTAGG.3,0,paclitaxel
Data27_TTGCCGTTCTGGTTCC.3,0,paclitaxel
Data27_TTGCGTCCAGCTGGCT.3,0,paclitaxel
Data27_TTGCGTCCATATACGC.3,0,paclitaxel
Data27_TTGCGTCTCCTCGCAT.3,0,paclitaxel
Data27_TTGGCAAGTCAGATAA.3,0,paclitaxel
Data27_TTGGCAATCCCTCAGT.3,0,paclitaxel
Data27_TTGGCAATCTATCGCC.3,0,paclitaxel
Data27_TTGGCAATCTGCAAGT.3,0,paclitaxel
Data27_TTGGCAATCTTAGCCC.3,0,paclitaxel
Data27_TTTATGCAGACAAAGG.3,0,paclitaxel
Data27_TTTATGCTCTGCAGTA.3,0,paclitaxel
Data27_TTTATGCTCTTTAGGG.3,0,paclitaxel
Data27_TTTCCTCAGCTGCAAG.3,0,paclitaxel
Data27_TTTCCTCCACAACGTT.3,0,paclitaxel
Data27_TTTCCTCCATGCTGGC.3,0,paclitaxel
Data27_TTTGCGCTCCATGAGT.3,0,paclitaxel
Data27_TTTGCGCTCCTTAATC.3,0,paclitaxel
Data27_TTTGGTTTCACCACCT.3,0,paclitaxel
Data27_TTTGTCATCAGTCCCT.3,0,paclitaxel
Data28_AAACCTGTCTGGCGTG.1,1,JQ1
Data28_AAACCTGTCTTTCCTC.1,1,JQ1
Data28_AAAGCAAAGGCTAGGT.1,1,JQ1
Data28_AAAGCAACAGTGACAG.1,1,JQ1
Data28_AAAGTAGCAGGGCATA.1,1,JQ1
Data28_AAAGTAGTCCACGACG.1,1,JQ1
Data28_AAATGCCGTGCTTCTC.1,1,JQ1
Data28_AACACGTGTCCAAGTT.1,1,JQ1
Data28_AACCATGCACAAGACG.1,1,JQ1
Data28_AACTCAGCAGCGTCCA.1,1,JQ1
Data28_AACTCAGCATGGGACA.1,1,JQ1
Data28_AACTCCCGTACGACCC.1,1,JQ1
Data28_AACTCTTAGATACACA.1,1,JQ1
Data28_AACTCTTCACAGACTT.1,1,JQ1
Data28_AACTGGTGTGTAATGA.1,1,JQ1
Data28_AACTTTCAGATGTTAG.1,1,JQ1
Data28_AACTTTCCACATCTTT.1,1,JQ1
Data28_AACTTTCGTCAAGCGA.1,1,JQ1
Data28_AACTTTCGTCGGCACT.1,1,JQ1
Data28_AAGGAGCAGTAGCGGT.1,1,JQ1
Data28_AAGGCAGCAATGGTCT.1,1,JQ1
Data28_AAGGTTCCAGACGCCT.1,1,JQ1
Data28_AAGTCTGTCAGCTCTC.1,1,JQ1
Data28_AATCCAGCACTGCCAG.1,1,JQ1
Data28_AATCCAGTCGAATGCT.1,1,JQ1
Data28_AATCGGTAGCCGTCGT.1,1,JQ1
Data28_AATCGGTGTATCAGTC.1,1,JQ1
Data28_ACACCCTAGCTGAACG.1,1,JQ1
Data28_ACACCCTAGTGCCATT.1,1,JQ1
Data28_ACACCCTAGTTGTAGA.1,1,JQ1
Data28_ACACCGGAGACTAAGT.1,1,JQ1
Data28_ACACTGAGTAGGCTGA.1,1,JQ1
Data28_ACAGCCGTCTCTGTCG.1,1,JQ1
Data28_ACAGCTAAGAGATGAG.1,1,JQ1
Data28_ACATCAGAGCCATCGC.1,1,JQ1
Data28_ACATCAGTCGACAGCC.1,1,JQ1
Data28_ACATGGTAGCTTATCG.1,1,JQ1
Data28_ACATGGTCACCAGGTC.1,1,JQ1
Data28_ACCAGTACACACATGT.1,1,JQ1
Data28_ACCAGTAGTTGAGTTC.1,1,JQ1
Data28_ACCAGTATCACATAGC.1,1,JQ1
Data28_ACCGTAACAAACCCAT.1,1,JQ1
Data28_ACCTTTAAGATGTGGC.1,1,JQ1
Data28_ACCTTTACAATTCCTT.1,1,JQ1
Data28_ACGAGCCTCATTGCCC.1,1,JQ1
Data28_ACGAGCCTCATTGCGA.1,1,JQ1
Data28_ACGAGGATCCCTAACC.1,1,JQ1
Data28_ACGATACAGGCCGAAT.1,1,JQ1
Data28_ACGATGTCAATCAGAA.1,1,JQ1
Data28_ACGATGTGTGGTCCGT.1,1,JQ1
Data28_ACGATGTTCAACCAAC.1,1,JQ1
Data28_ACGCAGCAGTTAGCGG.1,1,JQ1
Data28_ACGCAGCCATCTGGTA.1,1,JQ1
Data28_ACGCAGCGTAGGAGTC.1,1,JQ1
Data28_ACGCAGCGTTCGCTAA.1,1,JQ1
Data28_ACGCCAGCACAGACAG.1,1,JQ1
Data28_ACGCCAGCATGGGACA.1,1,JQ1
Data28_ACGCCGAGTGTAAGTA.1,1,JQ1
Data28_ACGCCGATCCTTTACA.1,1,JQ1
Data28_ACGGAGAGTTATCCGA.1,1,JQ1
Data28_ACGGGCTTCGTGACAT.1,1,JQ1
Data28_ACGGGTCTCGACGGAA.1,1,JQ1
Data28_ACTATCTAGCGCCTCA.1,1,JQ1
Data28_ACTATCTTCACCTCGT.1,1,JQ1
Data28_ACTATCTTCAGCTTAG.1,1,JQ1
Data28_ACTGAGTAGCACCGCT.1,1,JQ1
Data28_ACTGATGCAATGGACG.1,1,JQ1
Data28_ACTGCTCTCCAAGTAC.1,1,JQ1
Data28_ACTGTCCGTCGGATCC.1,1,JQ1
Data28_ACTTTCATCACAATGC.1,1,JQ1
Data28_ACTTTCATCATTATCC.1,1,JQ1
Data28_ACTTTCATCGGTGTTA.1,1,JQ1
Data28_AGAATAGAGTGCGTGA.1,1,JQ1
Data28_AGAATAGCAAGCGTAG.1,1,JQ1
Data28_AGAATAGCAGACAAGC.1,1,JQ1
Data28_AGACGTTGTAGAGCTG.1,1,JQ1
Data28_AGAGCGAGTAGATTAG.1,1,JQ1
Data28_AGAGCGATCCAATGGT.1,1,JQ1
Data28_AGAGCTTCATGCAACT.1,1,JQ1
Data28_AGAGCTTTCAACGGCC.1,1,JQ1
Data28_AGAGCTTTCCTATGTT.1,1,JQ1
Data28_AGATCTGAGGGAAACA.1,1,JQ1
Data28_AGATCTGAGTGGTAGC.1,1,JQ1
Data28_AGATCTGCAGATCGGA.1,1,JQ1
Data28_AGATCTGGTCCAGTTA.1,1,JQ1
Data28_AGATCTGGTCTCATCC.1,1,JQ1
Data28_AGATCTGTCGAATGCT.1,1,JQ1
Data28_AGCATACTCGTCTGCT.1,1,JQ1
Data28_AGCCTAATCAGTTTGG.1,1,JQ1
Data28_AGCGTATAGATGAGAG.1,1,JQ1
Data28_AGCGTATAGCTTATCG.1,1,JQ1
Data28_AGCGTCGAGCCGCCTA.1,1,JQ1
Data28_AGCGTCGAGTCATGCT.1,1,JQ1
Data28_AGCTCTCAGTTTGCGT.1,1,JQ1
Data28_AGGCCACAGGTGCTAG.1,1,JQ1
Data28_AGGCCACTCATCTGTT.1,1,JQ1
Data28_AGGCCACTCCATGCTC.1,1,JQ1
Data28_AGGCCGTCACGGCGTT.1,1,JQ1
Data28_AGGCCGTTCGCACTCT.1,1,JQ1
Data28_AGGGAGTGTTCAGGCC.1,1,JQ1
Data28_AGGGATGAGTACGTTC.1,1,JQ1
Data28_AGGGTGAAGAGGACGG.1,1,JQ1
Data28_AGGGTGACACAAGACG.1,1,JQ1
Data28_AGGTCATAGATCCTGT.1,1,JQ1
Data28_AGTCTTTGTGACAAAT.1,1,JQ1
Data28_AGTGGGAGTAGCGTAG.1,1,JQ1
Data28_AGTGTCAGTAATAGCA.1,1,JQ1
Data28_AGTTGGTCAATGAAAC.1,1,JQ1
Data28_AGTTGGTTCGCCATAA.1,1,JQ1
Data28_ATAACGCAGGGCTTGA.1,1,JQ1
Data28_ATAAGAGGTCTTGATG.1,1,JQ1
Data28_ATAGACCAGCAAATCA.1,1,JQ1
Data28_ATAGACCGTGAGGGAG.1,1,JQ1
Data28_ATCACGAAGCATCATC.1,1,JQ1
Data28_ATCACGACAAGGTTTC.1,1,JQ1
Data28_ATCACGAGTACTCTCC.1,1,JQ1
Data28_ATCACGATCCCTTGCA.1,1,JQ1
Data28_ATCACGATCTGTACGA.1,1,JQ1
Data28_ATCATCTGTGATGTCT.1,1,JQ1
Data28_ATCCACCAGGCTAGAC.1,1,JQ1
Data28_ATCCACCCAGCTGGCT.1,1,JQ1
Data28_ATCTACTCAAGCTGAG.1,1,JQ1
Data28_ATCTACTTCCCGGATG.1,1,JQ1
Data28_ATCTGCCGTGCCTTGG.1,1,JQ1
Data28_ATCTGCCTCCGTAGGC.1,1,JQ1
Data28_ATGAGGGAGCCAGAAC.1,1,JQ1
Data28_ATGAGGGCACTGCCAG.1,1,JQ1
Data28_ATGGGAGAGTGCAAGC.1,1,JQ1
Data28_ATGGGAGGTACCGCTG.1,1,JQ1
Data28_ATGTGTGAGTGTTTGC.1,1,JQ1
Data28_ATGTGTGGTCAATACC.1,1,JQ1
Data28_ATGTGTGTCGGATGGA.1,1,JQ1
Data28_ATTACTCCACCGGAAA.1,1,JQ1
Data28_ATTCTACCAACTGCGC.1,1,JQ1
Data28_ATTGGACGTAAGTAGT.1,1,JQ1
Data28_ATTGGACGTAATTGGA.1,1,JQ1
Data28_ATTGGACTCTAGCACA.1,1,JQ1
Data28_ATTGGTGAGAAGAAGC.1,1,JQ1
Data28_ATTGGTGCACCGCTAG.1,1,JQ1
Data28_ATTTCTGAGACGCAAC.1,1,JQ1
Data28_ATTTCTGTCTTTCCTC.1,1,JQ1
Data28_CAACCTCAGTAAGTAC.1,1,JQ1
Data28_CAACCTCCACCAGCAC.1,1,JQ1
Data28_CAACTAGTCAATCACG.1,1,JQ1
Data28_CAACTAGTCTGGTGTA.1,1,JQ1
Data28_CAAGAAACAGACTCGC.1,1,JQ1
Data28_CAAGGCCCAGACAGGT.1,1,JQ1
Data28_CAAGGCCGTGTAACGG.1,1,JQ1
Data28_CACACCTAGACTGTAA.1,1,JQ1
Data28_CACACTCCAATGACCT.1,1,JQ1
Data28_CACAGGCGTAAAGTCA.1,1,JQ1
Data28_CACAGGCTCCAATGGT.1,1,JQ1
Data28_CACAGTAAGACTCGGA.1,1,JQ1
Data28_CACAGTATCAAACAAG.1,1,JQ1
Data28_CACATTTTCAACGAAA.1,1,JQ1
Data28_CACCACTCACTCAGGC.1,1,JQ1
Data28_CACCACTTCACAGTAC.1,1,JQ1
Data28_CACCACTTCAGCGACC.1,1,JQ1
Data28_CACCTTGAGCGTAATA.1,1,JQ1
Data28_CACCTTGTCCTAAGTG.1,1,JQ1
Data28_CACTCCATCAGAGGTG.1,1,JQ1
Data28_CACTCCATCCTTGACC.1,1,JQ1
Data28_CAGAATCTCCAAACAC.1,1,JQ1
Data28_CAGAGAGTCCTACAGA.1,1,JQ1
Data28_CAGATCAAGGAGCGAG.1,1,JQ1
Data28_CAGCATAAGATCCGAG.1,1,JQ1
Data28_CAGCATAGTCAGAATA.1,1,JQ1
Data28_CAGCATAGTTCCAACA.1,1,JQ1
Data28_CAGCCGACAGGTCGTC.1,1,JQ1
Data28_CAGCTAAAGGCGTACA.1,1,JQ1
Data28_CAGCTGGTCTCTAAGG.1,1,JQ1
Data28_CAGTAACGTTCGAATC.1,1,JQ1
Data28_CAGTCCTTCTGGTTCC.1,1,JQ1
Data28_CATATTCTCCGCGGTA.1,1,JQ1
Data28_CATCAAGGTTATCACG.1,1,JQ1
Data28_CATCAGAAGCCGTCGT.1,1,JQ1
Data28_CATCAGAGTCATTAGC.1,1,JQ1
Data28_CATCCACGTAACGACG.1,1,JQ1
Data28_CATCCACTCCAGTAGT.1,1,JQ1
Data28_CATCCACTCCTATTCA.1,1,JQ1
Data28_CATCGAATCTGCTGTC.1,1,JQ1
Data28_CATCGGGAGTGCCAGA.1,1,JQ1
Data28_CATCGGGTCCTCCTAG.1,1,JQ1
Data28_CATCGGGTCTGTTTGT.1,1,JQ1
Data28_CATGACAAGCTTCGCG.1,1,JQ1
Data28_CATGACATCTTAGCCC.1,1,JQ1
Data28_CATGGCGGTATTCTCT.1,1,JQ1
Data28_CCAATCCAGGTTACCT.1,1,JQ1
Data28_CCACCTAAGAGGTTGC.1,1,JQ1
Data28_CCACCTACAAATCCGT.1,1,JQ1
Data28_CCACTACCATAGGATA.1,1,JQ1
Data28_CCACTACCATGCTGGC.1,1,JQ1
Data28_CCATGTCTCCTACAGA.1,1,JQ1
Data28_CCATTCGAGTCGTTTG.1,1,JQ1
Data28_CCCAATCTCACTTCAT.1,1,JQ1
Data28_CCCAGTTCACCACCAG.1,1,JQ1
Data28_CCCAGTTCATCCGGGT.1,1,JQ1
Data28_CCCATACGTCTGCAAT.1,1,JQ1
Data28_CCGGGATGTAAGTTCC.1,1,JQ1
Data28_CCGTACTTCCGCATCT.1,1,JQ1
Data28_CCGTTCACAAGCGAGT.1,1,JQ1
Data28_CCTAAAGAGAGTACCG.1,1,JQ1
Data28_CCTAAAGTCAGAAATG.1,1,JQ1
Data28_CCTAAAGTCCGCATCT.1,1,JQ1
Data28_CCTACACGTCTTGCGG.1,1,JQ1
Data28_CCTACACGTTAAGTAG.1,1,JQ1
Data28_CCTAGCTCAGGACGTA.1,1,JQ1
Data28_CCTATTAAGCGTTGCC.1,1,JQ1
Data28_CCTTACGAGAAACCTA.1,1,JQ1
Data28_CCTTACGAGACCGGAT.1,1,JQ1
Data28_CCTTACGTCGGAGCAA.1,1,JQ1
Data28_CCTTACGTCTCAAGTG.1,1,JQ1
Data28_CCTTCCCAGCGTTCCG.1,1,JQ1
Data28_CCTTCCCCATTCCTGC.1,1,JQ1
Data28_CCTTCCCGTGGGTATG.1,1,JQ1
Data28_CCTTCGAAGATGTGGC.1,1,JQ1
Data28_CGAACATAGTGGTAGC.1,1,JQ1
Data28_CGAACATCACCTATCC.1,1,JQ1
Data28_CGAATGTAGATACACA.1,1,JQ1
Data28_CGAATGTGTTCAGCGC.1,1,JQ1
Data28_CGACCTTCAGCAGTTT.1,1,JQ1
Data28_CGACCTTTCTACTATC.1,1,JQ1
Data28_CGACTTCCAAGCCGTC.1,1,JQ1
Data28_CGAGAAGTCTATCCTA.1,1,JQ1
Data28_CGAGCACAGGGAGTAA.1,1,JQ1
Data28_CGATCGGAGAACAATC.1,1,JQ1
Data28_CGATGGCCAGCCAGAA.1,1,JQ1
Data28_CGATGGCGTGTGAAAT.1,1,JQ1
Data28_CGATGGCGTTATCGGT.1,1,JQ1
Data28_CGATGTAGTCGAGTTT.1,1,JQ1
Data28_CGCTATCCAACACGCC.1,1,JQ1
Data28_CGCTATCGTATGGTTC.1,1,JQ1
Data28_CGCTTCACATAACCTG.1,1,JQ1
Data28_CGGACACAGTTTCCTT.1,1,JQ1
Data28_CGGACACGTTGAGTTC.1,1,JQ1
Data28_CGGACTGCACTTAACG.1,1,JQ1
Data28_CGGACTGTCCACGTGG.1,1,JQ1
Data28_CGGAGTCCACTGAAGG.1,1,JQ1
Data28_CGGCTAGAGCTAACTC.1,1,JQ1
Data28_CGTCACTCAGATCGGA.1,1,JQ1
Data28_CGTCACTGTCTAGTCA.1,1,JQ1
Data28_CGTCACTGTGCAGTAG.1,1,JQ1
Data28_CGTCACTTCTAGAGTC.1,1,JQ1
Data28_CGTCAGGCAAGCGTAG.1,1,JQ1
Data28_CGTCCATAGTCTCCTC.1,1,JQ1
Data28_CGTGAGCCAATGGACG.1,1,JQ1
Data28_CGTGAGCGTGCAACTT.1,1,JQ1
Data28_CGTGTAAGTAGCGCTC.1,1,JQ1
Data28_CGTGTCTTCCGCAAGC.1,1,JQ1
Data28_CGTTAGACAGGGTACA.1,1,JQ1
Data28_CGTTAGAGTAAGTTCC.1,1,JQ1
Data28_CGTTAGATCGGCGCTA.1,1,JQ1
Data28_CGTTCTGCAGCTTCGG.1,1,JQ1
Data28_CGTTGGGAGTGTTAGA.1,1,JQ1
Data28_CGTTGGGGTCCAGTTA.1,1,JQ1
Data28_CTAACTTAGATGTTAG.1,1,JQ1
Data28_CTAACTTCAAGCCATT.1,1,JQ1
Data28_CTAACTTGTACCGTAT.1,1,JQ1
Data28_CTAATGGCACCAACCG.1,1,JQ1
Data28_CTAATGGGTAAGGATT.1,1,JQ1
Data28_CTACACCTCCCAACGG.1,1,JQ1
Data28_CTACATTGTGGAAAGA.1,1,JQ1
Data28_CTACATTTCTTGTATC.1,1,JQ1
Data28_CTACCCAGTGCCTGGT.1,1,JQ1
Data28_CTAGCCTAGCTGCAAG.1,1,JQ1
Data28_CTAGCCTCATGACATC.1,1,JQ1
Data28_CTAGCCTGTCCCGACA.1,1,JQ1
Data28_CTAGTGAGTGATAAGT.1,1,JQ1
Data28_CTCAGAAAGTGGGATC.1,1,JQ1
Data28_CTCATTATCACCTCGT.1,1,JQ1
Data28_CTCCTAGAGAAACCGC.1,1,JQ1
Data28_CTCGTCAGTAAGAGAG.1,1,JQ1
Data28_CTCGTCATCTCTAGGA.1,1,JQ1
Data28_CTCTAATGTTAGTGGG.1,1,JQ1
Data28_CTCTACGAGCGATGAC.1,1,JQ1
Data28_CTCTACGTCGTAGGAG.1,1,JQ1
Data28_CTCTGGTGTCCGACGT.1,1,JQ1
Data28_CTGATAGCACTGAAGG.1,1,JQ1
Data28_CTGATCCCAAGACACG.1,1,JQ1
Data28_CTGATCCCAATTGCTG.1,1,JQ1
Data28_CTGATCCCACCTCGTT.1,1,JQ1
Data28_CTGATCCGTAATCGTC.1,1,JQ1
Data28_CTGATCCTCCGCAGTG.1,1,JQ1
Data28_CTGCCTAAGTGTCCAT.1,1,JQ1
Data28_CTGCCTATCGTTTAGG.1,1,JQ1
Data28_CTGCGGAGTACCTACA.1,1,JQ1
Data28_CTGCGGATCACAAACC.1,1,JQ1
Data28_CTGCTGTCAGTCTTCC.1,1,JQ1
Data28_CTGGTCTCACCTATCC.1,1,JQ1
Data28_CTGTGCTAGAAGGGTA.1,1,JQ1
Data28_CTGTGCTCAGCCTTGG.1,1,JQ1
Data28_CTGTGCTGTTGCGCAC.1,1,JQ1
Data28_CTGTTTAAGCTGTCTA.1,1,JQ1
Data28_CTGTTTAGTTTGTGTG.1,1,JQ1
Data28_CTGTTTATCGACGGAA.1,1,JQ1
Data28_CTGTTTATCGAGGTAG.1,1,JQ1
Data28_CTTAACTCAGTAAGCG.1,1,JQ1
Data28_CTTACCGCACATCTTT.1,1,JQ1
Data28_CTTAGGATCCCTTGTG.1,1,JQ1
Data28_CTTGGCTAGAAGCCCA.1,1,JQ1
Data28_CTTGGCTGTGACCAAG.1,1,JQ1
Data28_CTTGGCTTCACGACTA.1,1,JQ1
Data28_CTTGGCTTCTCGTTTA.1,1,JQ1
Data28_CTTTGCGCACTGAAGG.1,1,JQ1
Data28_CTTTGCGGTAGCGTAG.1,1,JQ1
Data28_CTTTGCGTCATTCACT.1,1,JQ1
Data28_GAAACTCAGCGTGAGT.1,1,JQ1
Data28_GAAACTCCAAGTTCTG.1,1,JQ1
Data28_GAAACTCGTAAAGGAG.1,1,JQ1
Data28_GAAACTCTCCTAAGTG.1,1,JQ1
Data28_GAAATGAGTCATATCG.1,1,JQ1
Data28_GAAATGAGTGCGGTAA.1,1,JQ1
Data28_GAACATCAGTGGTAAT.1,1,JQ1
Data28_GAACATCGTCAAACTC.1,1,JQ1
Data28_GAACCTACATTAACCG.1,1,JQ1
Data28_GAACCTAGTTTCCACC.1,1,JQ1
Data28_GAACCTATCGGCGCAT.1,1,JQ1
Data28_GAACGGACAGATGAGC.1,1,JQ1
Data28_GAATGAAAGGCTAGCA.1,1,JQ1
Data28_GAATGAACACGGCGTT.1,1,JQ1
Data28_GACACGCCACATTTCT.1,1,JQ1
Data28_GACACGCTCTCGTTTA.1,1,JQ1
Data28_GACCAATTCTTACCTA.1,1,JQ1
Data28_GACCTGGCACGGTAAG.1,1,JQ1
Data28_GACCTGGCACTAGTAC.1,1,JQ1
Data28_GACGCGTTCCTCCTAG.1,1,JQ1
Data28_GACGGCTCAACTTGAC.1,1,JQ1
Data28_GACGTGCGTATAGGTA.1,1,JQ1
Data28_GACTAACGTGTGACCC.1,1,JQ1
Data28_GACTAACGTTATCACG.1,1,JQ1
Data28_GACTACATCGGATGGA.1,1,JQ1
Data28_GACTACATCTGCGTAA.1,1,JQ1
Data28_GACTGCGGTTTGTGTG.1,1,JQ1
Data28_GACTGCGTCCGAATGT.1,1,JQ1
Data28_GAGCAGAAGCCGGTAA.1,1,JQ1
Data28_GAGCAGAAGCGGCTTC.1,1,JQ1
Data28_GAGCAGATCAACGGGA.1,1,JQ1
Data28_GAGGTGACACGTGAGA.1,1,JQ1
Data28_GAGGTGAGTCTGGTCG.1,1,JQ1
Data28_GAGTCCGCATGGGAAC.1,1,JQ1
Data28_GATCAGTGTAGAAGGA.1,1,JQ1
Data28_GATCAGTTCAACACTG.1,1,JQ1
Data28_GATCGCGCAACACGCC.1,1,JQ1
Data28_GATCGCGGTGCTGTAT.1,1,JQ1
Data28_GATCGTAGTACAGTGG.1,1,JQ1
Data28_GATCTAGGTACGAAAT.1,1,JQ1
Data28_GATGCTACATTCACTT.1,1,JQ1
Data28_GATTCAGGTGTTTGGT.1,1,JQ1
Data28_GCAAACTGTAACGACG.1,1,JQ1
Data28_GCAAACTGTCGCATAT.1,1,JQ1
Data28_GCAATCACAGGGAGAG.1,1,JQ1
Data28_GCACATACAAGCCTAT.1,1,JQ1
Data28_GCACATACATGAGCGA.1,1,JQ1
Data28_GCACTCTGTGTTTGTG.1,1,JQ1
Data28_GCACTCTTCTAACTTC.1,1,JQ1
Data28_GCAGTTACAATGGAAT.1,1,JQ1
Data28_GCATACACAAGAGGCT.1,1,JQ1
Data28_GCATACACACATGTGT.1,1,JQ1
Data28_GCATGCGAGGCTCTTA.1,1,JQ1
Data28_GCATGCGCATCCGCGA.1,1,JQ1
Data28_GCATGCGTCACATAGC.1,1,JQ1
Data28_GCATGTAAGAAACGCC.1,1,JQ1
Data28_GCCAAATAGGTTCCTA.1,1,JQ1
Data28_GCGACCACAGTCGATT.1,1,JQ1
Data28_GCGACCAGTGACTACT.1,1,JQ1
Data28_GCGACCATCAAAGACA.1,1,JQ1
Data28_GCGAGAATCTCAACTT.1,1,JQ1
Data28_GCGCAACGTCCCGACA.1,1,JQ1
Data28_GCGCAACGTCTGATCA.1,1,JQ1
Data28_GCGCAACGTGAAATCA.1,1,JQ1
Data28_GCGCAACTCATATCGG.1,1,JQ1
Data28_GCGCGATAGGCCCTTG.1,1,JQ1
Data28_GCGCGATAGTGGGCTA.1,1,JQ1
Data28_GCGCGATAGTGTTTGC.1,1,JQ1
Data28_GCGCGATTCTACTATC.1,1,JQ1
Data28_GCTCTGTAGCTGTTCA.1,1,JQ1
Data28_GCTGCAGCAATAGCAA.1,1,JQ1
Data28_GCTGCTTTCTTGTACT.1,1,JQ1
Data28_GCTTGAACAGCATGAG.1,1,JQ1
Data28_GCTTGAACAGTTCCCT.1,1,JQ1
Data28_GCTTGAACATGTAAGA.1,1,JQ1
Data28_GGAAAGCCAAAGGTGC.1,1,JQ1
Data28_GGAAAGCGTTAGATGA.1,1,JQ1
Data28_GGAACTTTCGAGAACG.1,1,JQ1
Data28_GGAATAAAGATGTTAG.1,1,JQ1
Data28_GGACAAGTCTTTAGGG.1,1,JQ1
Data28_GGACATTAGCACGCCT.1,1,JQ1
Data28_GGACATTTCTCGCTTG.1,1,JQ1
Data28_GGAGCAACAGCTGTGC.1,1,JQ1
Data28_GGATGTTAGAGGTTAT.1,1,JQ1
Data28_GGATGTTGTACAGTGG.1,1,JQ1
Data28_GGATGTTGTGGGTCAA.1,1,JQ1
Data28_GGATGTTGTTGAGTTC.1,1,JQ1
Data28_GGATTACCAATGTTGC.1,1,JQ1
Data28_GGCAATTAGGCACATG.1,1,JQ1
Data28_GGCAATTGTGCAACTT.1,1,JQ1
Data28_GGCAATTTCCACGTGG.1,1,JQ1
Data28_GGCCGATGTAGGCTGA.1,1,JQ1
Data28_GGCGACTAGAAGAAGC.1,1,JQ1
Data28_GGCGACTAGGTCGGAT.1,1,JQ1
Data28_GGCGTGTTCAGTACGT.1,1,JQ1
Data28_GGCTCGAAGTACGTAA.1,1,JQ1
Data28_GGCTCGAGTAGTACCT.1,1,JQ1
Data28_GGCTCGAGTCTAGAGG.1,1,JQ1
Data28_GGCTGGTAGAACTCGG.1,1,JQ1
Data28_GGGAATGAGCGAAGGG.1,1,JQ1
Data28_GGGACCTTCATCGGAT.1,1,JQ1
Data28_GGGACCTTCGGAAATA.1,1,JQ1
Data28_GGGAGATCAAGCGATG.1,1,JQ1
Data28_GGGATGATCCTTAATC.1,1,JQ1
Data28_GGGTCTGAGACATAAC.1,1,JQ1
Data28_GGGTTGCAGTAGCCGA.1,1,JQ1
Data28_GGGTTGCTCCTTGACC.1,1,JQ1
Data28_GGTGAAGAGACATAAC.1,1,JQ1
Data28_GGTGAAGAGTTCGATC.1,1,JQ1
Data28_GGTGAAGCATCACGTA.1,1,JQ1
Data28_GGTGAAGTCCCTAACC.1,1,JQ1
Data28_GGTGCGTTCACTTACT.1,1,JQ1
Data28_GGTGTTATCGGCCGAT.1,1,JQ1
Data28_GTAACGTTCAGGTTCA.1,1,JQ1
Data28_GTAACTGCATGAACCT.1,1,JQ1
Data28_GTAACTGCATTTCACT.1,1,JQ1
Data28_GTACGTATCCACTCCA.1,1,JQ1
Data28_GTACTTTAGAGGGATA.1,1,JQ1
Data28_GTAGGCCGTAGCCTCG.1,1,JQ1
Data28_GTAGTCAGTGTCTGAT.1,1,JQ1
Data28_GTATCTTTCTTGAGGT.1,1,JQ1
Data28_GTCAAGTTCGCCTGAG.1,1,JQ1
Data28_GTCACAACACGCTTTC.1,1,JQ1
Data28_GTCACAATCTATCGCC.1,1,JQ1
Data28_GTCATTTTCGCGTAGC.1,1,JQ1
Data28_GTCCTCAAGTTAAGTG.1,1,JQ1
Data28_GTCCTCATCCATGAGT.1,1,JQ1
Data28_GTCGGGTAGTAATCCC.1,1,JQ1
Data28_GTCGGGTGTTACTGAC.1,1,JQ1
Data28_GTCGGGTTCAGTGTTG.1,1,JQ1
Data28_GTCGTAACAAGCTGGA.1,1,JQ1
Data28_GTCGTAAGTGGAAAGA.1,1,JQ1
Data28_GTCGTAATCACCGTAA.1,1,JQ1
Data28_GTCTCGTGTGCTTCTC.1,1,JQ1
Data28_GTCTCGTTCCAGAGGA.1,1,JQ1
Data28_GTGAAGGAGAGGGCTT.1,1,JQ1
Data28_GTGAAGGGTGCTAGCC.1,1,JQ1
Data28_GTGAAGGTCGAATGGG.1,1,JQ1
Data28_GTGCAGCGTCTGGTCG.1,1,JQ1
Data28_GTGCATATCTCTTGAT.1,1,JQ1
Data28_GTGCGGTTCGTGGTCG.1,1,JQ1
Data28_GTGGGTCAGAAACCGC.1,1,JQ1
Data28_GTGGGTCAGTGTACTC.1,1,JQ1
Data28_GTGGGTCCACGGTTTA.1,1,JQ1
Data28_GTGTTAGAGAAGGACA.1,1,JQ1
Data28_GTGTTAGCATCACGAT.1,1,JQ1
Data28_GTTAAGCCACCAGATT.1,1,JQ1
Data28_GTTAAGCCATTGCGGC.1,1,JQ1
Data28_GTTAAGCGTTTGTGTG.1,1,JQ1
Data28_GTTCATTAGACCTTTG.1,1,JQ1
Data28_GTTCATTGTCTTCTCG.1,1,JQ1
Data28_GTTCATTTCTACTCAT.1,1,JQ1
Data28_GTTCTCGCAGGCAGTA.1,1,JQ1
Data28_GTTCTCGGTATAAACG.1,1,JQ1
Data28_GTTCTCGGTTCCATGA.1,1,JQ1
Data28_TAAACCGCACATTTCT.1,1,JQ1
Data28_TAAACCGGTTCGTCTC.1,1,JQ1
Data28_TAAGAGATCAACGAAA.1,1,JQ1
Data28_TAAGCGTCATACTACG.1,1,JQ1
Data28_TACACGATCGAACGGA.1,1,JQ1
Data28_TACACGATCTCAACTT.1,1,JQ1
Data28_TACAGTGGTACTCGCG.1,1,JQ1
Data28_TACAGTGGTGAACCTT.1,1,JQ1
Data28_TACAGTGTCTTTAGGG.1,1,JQ1
Data28_TACCTATAGTTGTCGT.1,1,JQ1
Data28_TACCTATGTTAAGGGC.1,1,JQ1
Data28_TACCTTAAGTGTTGAA.1,1,JQ1
Data28_TACGGATGTTCCACGG.1,1,JQ1
Data28_TACGGGCCACAGGAGT.1,1,JQ1
Data28_TACGGGCTCACCTCGT.1,1,JQ1
Data28_TACGGGCTCGCAAGCC.1,1,JQ1
Data28_TACGGTAAGAGGTTAT.1,1,JQ1
Data28_TACGGTAAGCCTATGT.1,1,JQ1
Data28_TACTCATCACATGGGA.1,1,JQ1
Data28_TACTCATCAGGACGTA.1,1,JQ1
Data28_TACTCGCAGTGTTTGC.1,1,JQ1
Data28_TAGAGCTAGAAACCGC.1,1,JQ1
Data28_TAGGCATTCTGCCAGG.1,1,JQ1
Data28_TAGTGGTCATCAGTAC.1,1,JQ1
Data28_TAGTGGTTCCTGCCAT.1,1,JQ1
Data28_TATCAGGCACCAGGCT.1,1,JQ1
Data28_TATCTCACAAACGCGA.1,1,JQ1
Data28_TATCTCATCTAGCACA.1,1,JQ1
Data28_TATTACCCAGGAATGC.1,1,JQ1
Data28_TCAACGAGTGGTCCGT.1,1,JQ1
Data28_TCAACGATCAGTTCGA.1,1,JQ1
Data28_TCAATCTAGCGAGAAA.1,1,JQ1
Data28_TCACGAACAAGGGTCA.1,1,JQ1
Data28_TCACGAACAGTGGAGT.1,1,JQ1
Data28_TCACGAAGTCTGCCAG.1,1,JQ1
Data28_TCAGCAAAGAAGAAGC.1,1,JQ1
Data28_TCAGCAAGTACTCGCG.1,1,JQ1
Data28_TCAGCTCCAAATACAG.1,1,JQ1
Data28_TCAGCTCTCACTCTTA.1,1,JQ1
Data28_TCAGGTAAGGACACCA.1,1,JQ1
Data28_TCAGGTAAGTAGCGGT.1,1,JQ1
Data28_TCATTTGCATTAACCG.1,1,JQ1
Data28_TCATTTGTCGTTACGA.1,1,JQ1
Data28_TCCACACCACCGAATT.1,1,JQ1
Data28_TCCCGATCAATAAGCA.1,1,JQ1
Data28_TCGAGGCTCAGTGTTG.1,1,JQ1
Data28_TCGAGGCTCATTGCCC.1,1,JQ1
Data28_TCGCGAGAGTTAACGA.1,1,JQ1
Data28_TCGGTAATCATTGCGA.1,1,JQ1
Data28_TCGTACCCATTCCTGC.1,1,JQ1
Data28_TCGTACCTCTAACTGG.1,1,JQ1
Data28_TCGTAGAGTTCACCTC.1,1,JQ1
Data28_TCTATTGGTGACCAAG.1,1,JQ1
Data28_TCTCATAGTTCACCTC.1,1,JQ1
Data28_TCTCATATCATGTCTT.1,1,JQ1
Data28_TCTCATATCCTCTAGC.1,1,JQ1
Data28_TCTCTAACACTACAGT.1,1,JQ1
Data28_TCTCTAAGTATCTGCA.1,1,JQ1
Data28_TCTCTAATCTCAAACG.1,1,JQ1
Data28_TCTTCGGGTAATTGGA.1,1,JQ1
Data28_TCTTTCCCATGCCTTC.1,1,JQ1
Data28_TGAAAGAAGTCCGTAT.1,1,JQ1
Data28_TGAAAGATCGTATCAG.1,1,JQ1
Data28_TGACAACAGTAGCGGT.1,1,JQ1
Data28_TGACAACAGTGACTCT.1,1,JQ1
Data28_TGACGGCTCAAACCAC.1,1,JQ1
Data28_TGAGAGGAGAGGACGG.1,1,JQ1
Data28_TGAGAGGAGTGGAGTC.1,1,JQ1
Data28_TGAGAGGCAGGAACGT.1,1,JQ1
Data28_TGAGAGGTCATTATCC.1,1,JQ1
Data28_TGAGCATCATACTACG.1,1,JQ1
Data28_TGAGCATTCCGTCAAA.1,1,JQ1
Data28_TGAGGGATCTGTACGA.1,1,JQ1
Data28_TGATTTCAGGAGTTGC.1,1,JQ1
Data28_TGATTTCAGGGTATCG.1,1,JQ1
Data28_TGATTTCCAACTGGCC.1,1,JQ1
Data28_TGATTTCCACCCATTC.1,1,JQ1
Data28_TGCCAAAAGATGTTAG.1,1,JQ1
Data28_TGCCCATGTTCGCGAC.1,1,JQ1
Data28_TGCGCAGCATTCCTGC.1,1,JQ1
Data28_TGCGGGTCATCCTTGC.1,1,JQ1
Data28_TGCGTGGTCACTTACT.1,1,JQ1
Data28_TGCTACCAGAGTAAGG.1,1,JQ1
Data28_TGCTGCTGTCCGCTGA.1,1,JQ1
Data28_TGCTGCTGTTGCGCAC.1,1,JQ1
Data28_TGGACGCAGCAGACTG.1,1,JQ1
Data28_TGGACGCAGCCGATTT.1,1,JQ1
Data28_TGGACGCTCACTTCAT.1,1,JQ1
Data28_TGGCCAGGTATCGCAT.1,1,JQ1
Data28_TGGCCAGGTCTAGGTT.1,1,JQ1
Data28_TGGCGCACACCAGGTC.1,1,JQ1
Data28_TGGCGCACACGCCAGT.1,1,JQ1
Data28_TGGCTGGCATGCTAGT.1,1,JQ1
Data28_TGGTTAGCACGAAACG.1,1,JQ1
Data28_TGGTTAGGTGAAGGCT.1,1,JQ1
Data28_TGGTTAGTCCACGTTC.1,1,JQ1
Data28_TGGTTCCCAAAGCGGT.1,1,JQ1
Data28_TGGTTCCCAAGGTTTC.1,1,JQ1
Data28_TGGTTCCTCTTTACGT.1,1,JQ1
Data28_TGTATTCCATTGGGCC.1,1,JQ1
Data28_TGTATTCTCAAGGTAA.1,1,JQ1
Data28_TGTCCCACAACAACCT.1,1,JQ1
Data28_TGTCCCATCGGTTAAC.1,1,JQ1
Data28_TGTGGTAAGACACTAA.1,1,JQ1
Data28_TGTGGTAAGTTATCGC.1,1,JQ1
Data28_TGTGGTAGTACTCTCC.1,1,JQ1
Data28_TGTGTTTAGCCAACAG.1,1,JQ1
Data28_TTAGGCAGTCAGGACA.1,1,JQ1
Data28_TTAGTTCAGCCTCGTG.1,1,JQ1
Data28_TTAGTTCAGGCCCTTG.1,1,JQ1
Data28_TTAGTTCCAAATTGCC.1,1,JQ1
Data28_TTAGTTCGTGCCTTGG.1,1,JQ1
Data28_TTATGCTAGCTGCAAG.1,1,JQ1
Data28_TTCGGTCCATCTACGA.1,1,JQ1
Data28_TTCTACAAGATGCGAC.1,1,JQ1
Data28_TTCTACACAGAGCCAA.1,1,JQ1
Data28_TTCTACATCAGCACAT.1,1,JQ1
Data28_TTCTCAAAGCGTAGTG.1,1,JQ1
Data28_TTCTCAAAGTATCTCG.1,1,JQ1
Data28_TTCTCAACACAAGCCC.1,1,JQ1
Data28_TTCTCAATCGGCGGTT.1,1,JQ1
Data28_TTCTCCTGTACCTACA.1,1,JQ1
Data28_TTCTCCTTCGTACCGG.1,1,JQ1
Data28_TTCTCCTTCTAACCGA.1,1,JQ1
Data28_TTCTTAGAGCCACCTG.1,1,JQ1
Data28_TTGACTTCAATGGACG.1,1,JQ1
Data28_TTGCCGTAGATCCCGC.1,1,JQ1
Data28_TTGCCGTAGGACACCA.1,1,JQ1
Data28_TTGCCGTGTCGACTGC.1,1,JQ1
Data28_TTGCCGTGTGTGTGCC.1,1,JQ1
Data28_TTGCGTCCAGCCTTGG.1,1,JQ1
Data28_TTGCGTCGTGGTTTCA.1,1,JQ1
Data28_TTGGCAACAATGTTGC.1,1,JQ1
Data28_TTGTAGGAGCTAACTC.1,1,JQ1
Data28_TTGTAGGGTGTGACGA.1,1,JQ1
Data28_TTTACTGAGACCGGAT.1,1,JQ1
Data28_TTTGCGCCAGCCTGTG.1,1,JQ1
Data28_TTTGCGCTCACAACGT.1,1,JQ1
Data28_TTTGGTTAGTGTTAGA.1,1,JQ1
Data28_TTTGGTTCACGCCAGT.1,1,JQ1
Data28_TTTGGTTTCCAAATGC.1,1,JQ1
Data28_AAACGGGTCTCGTATT.2,1,JQ1
Data28_AAAGATGGTTGTACAC.2,1,JQ1
Data28_AAAGCAAAGAATGTTG.2,1,JQ1
Data28_AAATGCCAGCTCCTCT.2,1,JQ1
Data28_AACCATGCAATGAATG.2,1,JQ1
Data28_AACCATGCAGCGTAAG.2,1,JQ1
Data28_AACGTTGCATTCTTAC.2,1,JQ1
Data28_AACTCAGGTAGCTAAA.2,1,JQ1
Data28_AACTCCCAGATGTAAC.2,1,JQ1
Data28_AACTCCCGTAACGACG.2,1,JQ1
Data28_AACTCCCGTACCAGTT.2,1,JQ1
Data28_AACTCTTAGTGTCCAT.2,1,JQ1
Data28_AACTGGTGTCTCCATC.2,1,JQ1
Data28_AACTTTCCATCCAACA.2,1,JQ1
Data28_AAGCCGCAGGGATACC.2,1,JQ1
Data28_AAGGCAGAGAAACGAG.2,1,JQ1
Data28_AAGGCAGGTTCATGGT.2,1,JQ1
Data28_AAGTCTGCAGTTAACC.2,1,JQ1
Data28_AATCCAGGTATAGGTA.2,1,JQ1
Data28_AATCGGTCACTCTGTC.2,1,JQ1
Data28_ACACCAATCTACCTGC.2,1,JQ1
Data28_ACACCGGTCAGGTTCA.2,1,JQ1
Data28_ACACTGATCATGCAAC.2,1,JQ1
Data28_ACAGCCGGTACACCGC.2,1,JQ1
Data28_ACAGCTAAGTACGTTC.2,1,JQ1
Data28_ACATCAGGTACCGTTA.2,1,JQ1
Data28_ACATGGTCACCTGGTG.2,1,JQ1
Data28_ACCAGTAAGGTTCCTA.2,1,JQ1
Data28_ACCAGTATCCTGTAGA.2,1,JQ1
Data28_ACCCACTAGGGTTTCT.2,1,JQ1
Data28_ACCCACTCAAATCCGT.2,1,JQ1
Data28_ACGAGCCAGCATCATC.2,1,JQ1
Data28_ACGAGGACATGTTCCC.2,1,JQ1
Data28_ACGATACGTACACCGC.2,1,JQ1
Data28_ACGATACTCCTAGTGA.2,1,JQ1
Data28_ACGATGTCATTCCTGC.2,1,JQ1
Data28_ACGATGTTCTGCGTAA.2,1,JQ1
Data28_ACGGAGACAAACGCGA.2,1,JQ1
Data28_ACGGAGATCCGCGTTT.2,1,JQ1
Data28_ACGGCCAGTAGCTGCC.2,1,JQ1
Data28_ACGGGCTGTAGAAGGA.2,1,JQ1
Data28_ACGGGTCAGTCCCACG.2,1,JQ1
Data28_ACGGGTCCAGACGCAA.2,1,JQ1
Data28_ACTATCTCATATGCTG.2,1,JQ1
Data28_ACTGAACTCATCGCTC.2,1,JQ1
Data28_ACTGAGTTCCTTAATC.2,1,JQ1
Data28_ACTGATGTCCGAGCCA.2,1,JQ1
Data28_ACTGTCCAGTGCAAGC.2,1,JQ1
Data28_ACTTGTTTCATTATCC.2,1,JQ1
Data28_ACTTTCACAGTATAAG.2,1,JQ1
Data28_ACTTTCACATGTTGAC.2,1,JQ1
Data28_ACTTTCATCTTGCAAG.2,1,JQ1
Data28_AGAGCGAAGGATCGCA.2,1,JQ1
Data28_AGAGCTTAGACTAAGT.2,1,JQ1
Data28_AGAGCTTCAAGCGCTC.2,1,JQ1
Data28_AGATTGCCACTCTGTC.2,1,JQ1
Data28_AGCAGCCTCCGCAGTG.2,1,JQ1
Data28_AGCATACTCCAAGCCG.2,1,JQ1
Data28_AGCCTAAAGAACTCGG.2,1,JQ1
Data28_AGCCTAACACTTCGAA.2,1,JQ1
Data28_AGCGGTCGTAGCGTAG.2,1,JQ1
Data28_AGCGGTCGTCAATACC.2,1,JQ1
Data28_AGCGTCGAGATACACA.2,1,JQ1
Data28_AGCGTCGAGGCACATG.2,1,JQ1
Data28_AGCGTCGAGTCCAGGA.2,1,JQ1
Data28_AGCGTCGCAGTCGTGC.2,1,JQ1
Data28_AGCTCCTCAGTAGAGC.2,1,JQ1
Data28_AGCTTGAGTTTAGCTG.2,1,JQ1
Data28_AGGCCACAGACGCTTT.2,1,JQ1
Data28_AGGCCACGTAAGAGGA.2,1,JQ1
Data28_AGGGAGTTCACGCATA.2,1,JQ1
Data28_AGGGATGGTCCGAATT.2,1,JQ1
Data28_AGGTCATCAATCTGCA.2,1,JQ1
Data28_AGGTCATCACGTAAGG.2,1,JQ1
Data28_AGGTCATCAGTTCATG.2,1,JQ1
Data28_AGGTCATTCGTTTATC.2,1,JQ1
Data28_AGTAGTCAGTGAAGAG.2,1,JQ1
Data28_AGTCTTTCAGACGTAG.2,1,JQ1
Data28_AGTGAGGGTATGAAAC.2,1,JQ1
Data28_AGTGGGAGTAATCGTC.2,1,JQ1
Data28_AGTTGGTAGTTGCAGG.2,1,JQ1
Data28_ATAACGCAGCCCTAAT.2,1,JQ1
Data28_ATAAGAGGTGGTCTCG.2,1,JQ1
Data28_ATAAGAGTCTCTTATG.2,1,JQ1
Data28_ATAGACCAGGAGTTGC.2,1,JQ1
Data28_ATAGACCGTCTGCCAG.2,1,JQ1
Data28_ATCATCTAGGGTGTGT.2,1,JQ1
Data28_ATCATGGAGTCGATAA.2,1,JQ1
Data28_ATCATGGAGTGTCTCA.2,1,JQ1
Data28_ATCATGGGTTCGGCAC.2,1,JQ1
Data28_ATCCACCTCGACAGCC.2,1,JQ1
Data28_ATCCGAAAGCAGCCTC.2,1,JQ1
Data28_ATGAGGGTCCGCAAGC.2,1,JQ1
Data28_ATGCGATTCGGAATCT.2,1,JQ1
Data28_ATGGGAGGTTCCACTC.2,1,JQ1
Data28_ATTACTCAGTGATCGG.2,1,JQ1
Data28_ATTACTCCATCGGACC.2,1,JQ1
Data28_ATTCTACCAAGAGTCG.2,1,JQ1
Data28_ATTCTACCAAGTTAAG.2,1,JQ1
Data28_ATTCTACCATCCGGGT.2,1,JQ1
Data28_ATTGGACGTCAGATAA.2,1,JQ1
Data28_ATTGGACTCGTAGATC.2,1,JQ1
Data28_ATTGGTGGTCCGAACC.2,1,JQ1
Data28_ATTTCTGGTTCACCTC.2,1,JQ1
Data28_CAACCAACATCACCCT.2,1,JQ1
Data28_CAACCAAGTCCATGAT.2,1,JQ1
Data28_CAACTAGAGAATGTGT.2,1,JQ1
Data28_CACAAACAGTGATCGG.2,1,JQ1
Data28_CACACAAGTGCCTGGT.2,1,JQ1
Data28_CACACCTCAGGAATCG.2,1,JQ1
Data28_CACACCTTCGCGTAGC.2,1,JQ1
Data28_CACACCTTCTAACTGG.2,1,JQ1
Data28_CACACTCGTGTAAGTA.2,1,JQ1
Data28_CACAGGCAGAATGTTG.2,1,JQ1
Data28_CACAGGCAGGACATTA.2,1,JQ1
Data28_CACAGTATCTGGTTCC.2,1,JQ1
Data28_CACATAGGTAAGTTCC.2,1,JQ1
Data28_CACATAGGTCTAACGT.2,1,JQ1
Data28_CACATTTTCACCGTAA.2,1,JQ1
Data28_CACCACTGTACCGTTA.2,1,JQ1
Data28_CACCTTGAGTCGATAA.2,1,JQ1
Data28_CACCTTGTCATTATCC.2,1,JQ1
Data28_CACTCCAAGGATCGCA.2,1,JQ1
Data28_CAGCAGCAGAGGACGG.2,1,JQ1
Data28_CAGCATAGTAGGGTAC.2,1,JQ1
Data28_CAGCATAGTCATGCAT.2,1,JQ1
Data28_CAGCTAAAGGGTATCG.2,1,JQ1
Data28_CAGCTAACAGCCTGTG.2,1,JQ1
Data28_CAGCTAATCACTTATC.2,1,JQ1
Data28_CAGCTGGTCAGATAAG.2,1,JQ1
Data28_CAGCTGGTCGTAGGTT.2,1,JQ1
Data28_CAGGTGCAGCCACTAT.2,1,JQ1
Data28_CAGTAACCAAAGTCAA.2,1,JQ1
Data28_CATATGGAGTGCGATG.2,1,JQ1
Data28_CATATGGCAGCTCGAC.2,1,JQ1
Data28_CATCAGAGTCGGGTCT.2,1,JQ1
Data28_CATCAGAGTGATAAAC.2,1,JQ1
Data28_CATCCACGTCAATACC.2,1,JQ1
Data28_CATGACACAGATCGGA.2,1,JQ1
Data28_CATGCCTAGAGGTAGA.2,1,JQ1
Data28_CATGCCTAGCTCTCGG.2,1,JQ1
Data28_CATGCCTCAAAGGAAG.2,1,JQ1
Data28_CATTATCAGACTTGAA.2,1,JQ1
Data28_CCAATCCTCTCTGAGA.2,1,JQ1
Data28_CCACCTAGTCAAACTC.2,1,JQ1
Data28_CCACGGACATGCTAGT.2,1,JQ1
Data28_CCAGCGACAGGATCGA.2,1,JQ1
Data28_CCATTCGTCGCCTGTT.2,1,JQ1
Data28_CCCTCCTCATATGAGA.2,1,JQ1
Data28_CCCTCCTCATCGGAAG.2,1,JQ1
Data28_CCCTCCTTCTAACTTC.2,1,JQ1
Data28_CCGGTAGGTTTACTCT.2,1,JQ1
Data28_CCGTACTCATCCTAGA.2,1,JQ1
Data28_CCGTGGAAGCCAGTTT.2,1,JQ1
Data28_CCGTGGACAAAGCGGT.2,1,JQ1
Data28_CCGTTCATCTTGAGAC.2,1,JQ1
Data28_CCTACACCAATGTAAG.2,1,JQ1
Data28_CCTACCAGTGCAACTT.2,1,JQ1
Data28_CCTATTACAAGAAAGG.2,1,JQ1
Data28_CCTATTAGTCACTTCC.2,1,JQ1
Data28_CCTATTAGTGTGAATA.2,1,JQ1
Data28_CCTCAGTAGGTCGGAT.2,1,JQ1
Data28_CCTCAGTCAAGCTGAG.2,1,JQ1
Data28_CCTCAGTCATCGACGC.2,1,JQ1
Data28_CCTTCCCCATGACATC.2,1,JQ1
Data28_CGAATGTTCAGCGACC.2,1,JQ1
Data28_CGACCTTTCGAATGGG.2,1,JQ1
Data28_CGACTTCAGCGTTGCC.2,1,JQ1
Data28_CGAGAAGAGCTATGCT.2,1,JQ1
Data28_CGAGAAGAGCTTTGGT.2,1,JQ1
Data28_CGAGAAGAGGAGCGTT.2,1,JQ1
Data28_CGAGCCACATAACCTG.2,1,JQ1
Data28_CGAGCCACATCACAAC.2,1,JQ1
Data28_CGATGGCGTACAGTTC.2,1,JQ1
Data28_CGATTGAAGGCAAAGA.2,1,JQ1
Data28_CGATTGATCCACGTGG.2,1,JQ1
Data28_CGCCAAGAGCTAACAA.2,1,JQ1
Data28_CGCCAAGCATCGGGTC.2,1,JQ1
Data28_CGCGGTAAGAGTGAGA.2,1,JQ1
Data28_CGCGGTACAGTAAGCG.2,1,JQ1
Data28_CGCTATCGTGTGGCTC.2,1,JQ1
Data28_CGCTGGACACGGCTAC.2,1,JQ1
Data28_CGCTTCATCGCCAAAT.2,1,JQ1
Data28_CGGACACAGCTAGGCA.2,1,JQ1
Data28_CGGACACGTACCGTAT.2,1,JQ1
Data28_CGGACACTCCTCGCAT.2,1,JQ1
Data28_CGGACGTCAGGAATGC.2,1,JQ1
Data28_CGGAGTCAGAAGAAGC.2,1,JQ1
Data28_CGGGTCAGTGGTACAG.2,1,JQ1
Data28_CGGTTAAAGCGAAGGG.2,1,JQ1
Data28_CGGTTAACATCAGTCA.2,1,JQ1
Data28_CGGTTAAGTAATTGGA.2,1,JQ1
Data28_CGGTTAATCAAGGCTT.2,1,JQ1
Data28_CGTAGGCAGCCAGTTT.2,1,JQ1
Data28_CGTAGGCAGCCTTGAT.2,1,JQ1
Data28_CGTAGGCTCATACGGT.2,1,JQ1
Data28_CGTCACTTCTTTACGT.2,1,JQ1
Data28_CGTCCATCACTATCTT.2,1,JQ1
Data28_CGTCTACAGCTAAGAT.2,1,JQ1
Data28_CGTCTACAGGAGTACC.2,1,JQ1
Data28_CGTGAGCGTACTTAGC.2,1,JQ1
Data28_CGTGTCTCACGAGAGT.2,1,JQ1
Data28_CGTGTCTGTGTCCTCT.2,1,JQ1
Data28_CGTTCTGAGTATGACA.2,1,JQ1
Data28_CGTTCTGGTAATAGCA.2,1,JQ1
Data28_CGTTCTGGTCTAGAGG.2,1,JQ1
Data28_CGTTCTGGTCTCCCTA.2,1,JQ1
Data28_CGTTGGGGTCATATCG.2,1,JQ1
Data28_CTAACTTCAGAGTGTG.2,1,JQ1
Data28_CTAACTTGTAAGCACG.2,1,JQ1
Data28_CTAAGACCATGTCCTC.2,1,JQ1
Data28_CTAAGACTCCAGTATG.2,1,JQ1
Data28_CTAAGACTCTGAGGGA.2,1,JQ1
Data28_CTACACCCATTTGCTT.2,1,JQ1
Data28_CTACATTAGGTGCTAG.2,1,JQ1
Data28_CTACATTTCATGTGGT.2,1,JQ1
Data28_CTAGAGTTCTTTACGT.2,1,JQ1
Data28_CTAGTGAAGTCCGGTC.2,1,JQ1
Data28_CTCACACGTTTAGCTG.2,1,JQ1
Data28_CTCAGAAGTCCGAAGA.2,1,JQ1
Data28_CTCAGAATCATCATTC.2,1,JQ1
Data28_CTCGGGAGTGTGACCC.2,1,JQ1
Data28_CTCGGGATCACAGGCC.2,1,JQ1
Data28_CTCGTACCAATGACCT.2,1,JQ1
Data28_CTCGTCAAGCAGATCG.2,1,JQ1
Data28_CTCTAATCATAAGACA.2,1,JQ1
Data28_CTGAAGTTCAGCGATT.2,1,JQ1
Data28_CTGAAGTTCCGTACAA.2,1,JQ1
Data28_CTGAAGTTCTGAAAGA.2,1,JQ1
Data28_CTGATCCCAACACCTA.2,1,JQ1
Data28_CTGATCCTCTACTATC.2,1,JQ1
Data28_CTGCGGAAGAGGGATA.2,1,JQ1
Data28_CTGCTGTCATCACGAT.2,1,JQ1
Data28_CTGGTCTCACTGTGTA.2,1,JQ1
Data28_CTGTGCTAGTACGTTC.2,1,JQ1
Data28_CTGTGCTTCCAGTAGT.2,1,JQ1
Data28_CTTAACTCATGTCCTC.2,1,JQ1
Data28_CTTAACTGTAGATTAG.2,1,JQ1
Data28_CTTAGGATCTTGTCAT.2,1,JQ1
Data28_CTTGGCTGTTTGTTGG.2,1,JQ1
Data28_CTTTGCGCAGTTCCCT.2,1,JQ1
Data28_GAAACTCTCGACAGCC.2,1,JQ1
Data28_GAAACTCTCGTCGTTC.2,1,JQ1
Data28_GAAATGACAGTGGGAT.2,1,JQ1
Data28_GAAATGAGTCCTAGCG.2,1,JQ1
Data28_GAAATGAGTCTCTCGT.2,1,JQ1
Data28_GAACGGAAGCGCTTAT.2,1,JQ1
Data28_GAACGGACAGCTGCAC.2,1,JQ1
Data28_GAATAAGCAAGAGGCT.2,1,JQ1
Data28_GAATAAGCACGAAATA.2,1,JQ1
Data28_GAATAAGTCCGTCATC.2,1,JQ1
Data28_GAATGAAAGCTAGCCC.2,1,JQ1
Data28_GACACGCAGGTGCACA.2,1,JQ1
Data28_GACACGCGTACAGTTC.2,1,JQ1
Data28_GACCTGGCACGAGAGT.2,1,JQ1
Data28_GACCTGGCATTATCTC.2,1,JQ1
Data28_GACCTGGGTGGCGAAT.2,1,JQ1
Data28_GACGCGTCACGGTTTA.2,1,JQ1
Data28_GACGGCTGTAGAAAGG.2,1,JQ1
Data28_GACGTGCAGGAATGGA.2,1,JQ1
Data28_GACGTGCGTGTTCTTT.2,1,JQ1
Data28_GACGTTACAGGGTACA.2,1,JQ1
Data28_GACGTTATCATAAAGG.2,1,JQ1
Data28_GACTAACGTTAAGGGC.2,1,JQ1
Data28_GACTAACTCTGTTGAG.2,1,JQ1
Data28_GACTACACATTCCTCG.2,1,JQ1
Data28_GACTACAGTTAAGGGC.2,1,JQ1
Data28_GACTACATCACAAACC.2,1,JQ1
Data28_GACTGCGTCGTTTAGG.2,1,JQ1
Data28_GAGCAGAAGCGGATCA.2,1,JQ1
Data28_GAGGTGAAGTTTAGGA.2,1,JQ1
Data28_GAGGTGATCAGCTCGG.2,1,JQ1
Data28_GATCGATGTCTGCCAG.2,1,JQ1
Data28_GATCGATTCGTACCGG.2,1,JQ1
Data28_GATCGTACAGGGAGAG.2,1,JQ1
Data28_GATCTAGGTCGCGAAA.2,1,JQ1
Data28_GATCTAGTCACCACCT.2,1,JQ1
Data28_GATGAGGGTTTGCATG.2,1,JQ1
Data28_GATGCTAAGACCGGAT.2,1,JQ1
Data28_GCAAACTGTAGCTGCC.2,1,JQ1
Data28_GCAATCAAGAGAACAG.2,1,JQ1
Data28_GCAATCAGTATATGGA.2,1,JQ1
Data28_GCACATACATTACGAC.2,1,JQ1
Data28_GCACATATCTTAGCCC.2,1,JQ1
Data28_GCAGCCAGTAAACGCG.2,1,JQ1
Data28_GCAGCCATCGGTCCGA.2,1,JQ1
Data28_GCATGCGCACAACTGT.2,1,JQ1
Data28_GCATGTAGTGTGGCTC.2,1,JQ1
Data28_GCCTCTATCTCCTATA.2,1,JQ1
Data28_GCGACCAAGCGTAATA.2,1,JQ1
Data28_GCGACCACAAGCTGGA.2,1,JQ1
Data28_GCGACCAGTAAACACA.2,1,JQ1
Data28_GCGACCAGTGTGAATA.2,1,JQ1
Data28_GCGAGAAAGAAACCGC.2,1,JQ1
Data28_GCGCAGTCACGGCTAC.2,1,JQ1
Data28_GCGCAGTTCTCGTATT.2,1,JQ1
Data28_GCGCCAACACGGACAA.2,1,JQ1
Data28_GCGCGATAGGCTAGAC.2,1,JQ1
Data28_GCGCGATCAGGCTCAC.2,1,JQ1
Data28_GCGCGATTCGCACTCT.2,1,JQ1
Data28_GCGGGTTCATTACCTT.2,1,JQ1
Data28_GCGGGTTGTAAATGTG.2,1,JQ1
Data28_GCTCTGTAGAAACCAT.2,1,JQ1
Data28_GCTGCAGAGATCGGGT.2,1,JQ1
Data28_GCTGCAGCAAGAAAGG.2,1,JQ1
Data28_GCTGCGAAGGATGCGT.2,1,JQ1
Data28_GCTGCGACATCAGTCA.2,1,JQ1
Data28_GCTGCGAGTATCAGTC.2,1,JQ1
Data28_GCTTCCAAGTCATCCA.2,1,JQ1
Data28_GCTTCCACATACTACG.2,1,JQ1
Data28_GGAAAGCGTTGGTGGA.2,1,JQ1
Data28_GGAAAGCTCCTTCAAT.2,1,JQ1
Data28_GGAACTTAGCGTGAAC.2,1,JQ1
Data28_GGACAAGTCGTAGGTT.2,1,JQ1
Data28_GGACAGAGTCAGTGGA.2,1,JQ1
Data28_GGACATTAGCAGCGTA.2,1,JQ1
Data28_GGACATTCATGAAGTA.2,1,JQ1
Data28_GGAGCAACAGCGTCCA.2,1,JQ1
Data28_GGATGTTCATACGCTA.2,1,JQ1
Data28_GGATGTTTCTCTGTCG.2,1,JQ1
Data28_GGCAATTGTCTCAACA.2,1,JQ1
Data28_GGCAATTGTTCGGGCT.2,1,JQ1
Data28_GGCAATTTCTGTCTCG.2,1,JQ1
Data28_GGCCGATCATACAGCT.2,1,JQ1
Data28_GGCCGATTCCGCAAGC.2,1,JQ1
Data28_GGCGACTTCAGTCAGT.2,1,JQ1
Data28_GGCGACTTCCTCGCAT.2,1,JQ1
Data28_GGGAATGAGACAGAGA.2,1,JQ1
Data28_GGGAATGAGTCCTCCT.2,1,JQ1
Data28_GGGAATGGTACTCTCC.2,1,JQ1
Data28_GGGAATGTCTATGTGG.2,1,JQ1
Data28_GGGAGATAGGAGTTTA.2,1,JQ1
Data28_GGGAGATGTCTAAAGA.2,1,JQ1
Data28_GGGCACTCAAGGCTCC.2,1,JQ1
Data28_GGGCACTCAATCGAAA.2,1,JQ1
Data28_GGGCATCCAGGGATTG.2,1,JQ1
Data28_GGGTCTGCACAGGTTT.2,1,JQ1
Data28_GGGTTGCTCCATGAGT.2,1,JQ1
Data28_GGTATTGGTGCCTGGT.2,1,JQ1
Data28_GGTATTGGTTGGGACA.2,1,JQ1
Data28_GGTGAAGGTCAATGTC.2,1,JQ1
Data28_GTAACGTCACAGTCGC.2,1,JQ1
Data28_GTAACGTTCGTGGGAA.2,1,JQ1
Data28_GTAACTGAGGCAAAGA.2,1,JQ1
Data28_GTAACTGAGTTTGCGT.2,1,JQ1
Data28_GTACGTAAGTGAACGC.2,1,JQ1
Data28_GTATCTTAGGTGTGGT.2,1,JQ1
Data28_GTATTCTAGCCAGAAC.2,1,JQ1
Data28_GTATTCTCATGGAATA.2,1,JQ1
Data28_GTCAAGTAGTACGCGA.2,1,JQ1
Data28_GTCAAGTTCCTGCTTG.2,1,JQ1
Data28_GTCACGGGTTATCACG.2,1,JQ1
Data28_GTCCTCAAGCAGCCTC.2,1,JQ1
Data28_GTCGGGTAGTCGTTTG.2,1,JQ1
Data28_GTCGGGTTCCGGGTGT.2,1,JQ1
Data28_GTCGGGTTCTGGTTCC.2,1,JQ1
Data28_GTCGTAAAGGCGATAC.2,1,JQ1
Data28_GTCGTAATCAGGATCT.2,1,JQ1
Data28_GTCTCGTTCCGTTGTC.2,1,JQ1
Data28_GTGAAGGCAATGCCAT.2,1,JQ1
Data28_GTGAAGGCACCCATTC.2,1,JQ1
Data28_GTGCATAAGATGTAAC.2,1,JQ1
Data28_GTGTTAGTCTATGTGG.2,1,JQ1
Data28_GTTACAGCAGTGACAG.2,1,JQ1
Data28_GTTCATTGTCTGATTG.2,1,JQ1
Data28_TAAACCGAGACCCACC.2,1,JQ1
Data28_TAAACCGGTAGCCTAT.2,1,JQ1
Data28_TAAGAGAAGGAGTTGC.2,1,JQ1
Data28_TAAGCGTGTATTAGCC.2,1,JQ1
Data28_TACACGAAGGTGATTA.2,1,JQ1
Data28_TACACGAAGTACGCCC.2,1,JQ1
Data28_TACGGGCGTTCCACGG.2,1,JQ1
Data28_TACGGGCTCATCATTC.2,1,JQ1
Data28_TACGGTAGTGGTGTAG.2,1,JQ1
Data28_TACTCGCTCTAACTCT.2,1,JQ1
Data28_TAGACCACAATAGCAA.2,1,JQ1
Data28_TAGACCACATGTCCTC.2,1,JQ1
Data28_TAGCCGGCAGACGCAA.2,1,JQ1
Data28_TAGTTGGAGTCCTCCT.2,1,JQ1
Data28_TATCTCATCCTGCCAT.2,1,JQ1
Data28_TATTACCGTTATCCGA.2,1,JQ1
Data28_TCACAAGAGCTCCCAG.2,1,JQ1
Data28_TCACAAGAGTGTACTC.2,1,JQ1
Data28_TCACAAGCAACAACCT.2,1,JQ1
Data28_TCACGAAGTTATCCGA.2,1,JQ1
Data28_TCAGGTATCCCATTAT.2,1,JQ1
Data28_TCATTACGTAAAGTCA.2,1,JQ1
Data28_TCCCGATAGTGCCAGA.2,1,JQ1
Data28_TCGCGTTAGCAAATCA.2,1,JQ1
Data28_TCGCGTTCAAGCTGTT.2,1,JQ1
Data28_TCGGGACAGTGGCACA.2,1,JQ1
Data28_TCGGGACTCCAAGTAC.2,1,JQ1
Data28_TCGGGACTCGTAGGAG.2,1,JQ1
Data28_TCGGTAATCATTATCC.2,1,JQ1
Data28_TCTATTGCAAGTCTGT.2,1,JQ1
Data28_TCTATTGGTCGTCTTC.2,1,JQ1
Data28_TCTCTAAAGCTAGCCC.2,1,JQ1
Data28_TCTCTAACACAGCGTC.2,1,JQ1
Data28_TCTGAGACATGCAACT.2,1,JQ1
Data28_TCTGAGATCTCCAACC.2,1,JQ1
Data28_TCTGGAATCAACGAAA.2,1,JQ1
Data28_TCTGGAATCCCTCAGT.2,1,JQ1
Data28_TCTTTCCAGCAATCTC.2,1,JQ1
Data28_TGAAAGACAGCCTTGG.2,1,JQ1
Data28_TGACAACGTCATATCG.2,1,JQ1
Data28_TGACGGCGTCGAATCT.2,1,JQ1
Data28_TGACTAGCAGGACCCT.2,1,JQ1
Data28_TGACTTTGTACTTCTT.2,1,JQ1
Data28_TGAGCATGTGTAACGG.2,1,JQ1
Data28_TGCACCTAGTAGTGCG.2,1,JQ1
Data28_TGCACCTTCACTCCTG.2,1,JQ1
Data28_TGCCAAACAAGCCTAT.2,1,JQ1
Data28_TGCCCTAAGGGTGTTG.2,1,JQ1
Data28_TGCGCAGAGGTACTCT.2,1,JQ1
Data28_TGCGCAGTCTAACTGG.2,1,JQ1
Data28_TGCGCAGTCTGGTGTA.2,1,JQ1
Data28_TGCTGCTCATGCGCAC.2,1,JQ1
Data28_TGGACGCAGGCTCTTA.2,1,JQ1
Data28_TGGACGCCAAAGGAAG.2,1,JQ1
Data28_TGGCGCAGTGCGAAAC.2,1,JQ1
Data28_TGGGCGTCAATACGCT.2,1,JQ1
Data28_TGTCCCACAGCCTTTC.2,1,JQ1
Data28_TGTCCCATCAGAGCTT.2,1,JQ1
Data28_TGTCCCATCCGCAGTG.2,1,JQ1
Data28_TGTGGTATCTCGAGTA.2,1,JQ1
Data28_TGTGTTTAGTCGAGTG.2,1,JQ1
Data28_TTAACTCAGTGAAGAG.2,1,JQ1
Data28_TTAACTCTCATCGATG.2,1,JQ1
Data28_TTAACTCTCCGCATAA.2,1,JQ1
Data28_TTAGGACAGGATGCGT.2,1,JQ1
Data28_TTAGGCATCAACCATG.2,1,JQ1
Data28_TTATGCTTCAACACCA.2,1,JQ1
Data28_TTATGCTTCGGAGGTA.2,1,JQ1
Data28_TTCGGTCCATTACCTT.2,1,JQ1
Data28_TTCTACAAGCGTCTAT.2,1,JQ1
Data28_TTCTACATCACGACTA.2,1,JQ1
Data28_TTCTCAATCGTCACGG.2,1,JQ1
Data28_TTCTCCTGTAATCGTC.2,1,JQ1
Data28_TTGAACGCATAAGACA.2,1,JQ1
Data28_TTGACTTAGCCAGTAG.2,1,JQ1
Data28_TTGACTTCACGAGGTA.2,1,JQ1
Data28_TTGCGTCAGCGTCTAT.2,1,JQ1
Data28_TTGGAACAGGTGCTTT.2,1,JQ1
Data28_TTGGAACGTCACAAGG.2,1,JQ1
Data28_TTGGCAACACAGGAGT.2,1,JQ1
Data28_TTGGCAAGTATGGTTC.2,1,JQ1
Data28_TTGTAGGGTAGATTAG.2,1,JQ1
Data28_TTGTAGGGTCGCTTCT.2,1,JQ1
Data28_TTGTAGGTCAATACCG.2,1,JQ1
Data28_TTTACTGAGTGTACGG.2,1,JQ1
Data28_TTTACTGCAAAGGAAG.2,1,JQ1
Data28_TTTGCGCGTAGAAGGA.2,1,JQ1
Data28_TTTGCGCTCTGTGCAA.2,1,JQ1
Data28_TTTGGTTCAATAGCGG.2,1,JQ1
Data28_TTTGGTTTCAGCAACT.2,1,JQ1
Data28_TTTGGTTTCTTGAGGT.2,1,JQ1
Data28_TTTGTCAAGAGCTGGT.2,1,JQ1
Data28_TTTGTCAGTAAGGGAA.2,1,JQ1
Data28_TTTGTCATCTCTTATG.2,1,JQ1
Data28_AAACCTGAGTGGGTTG.4,0,JQ1
Data28_AAACCTGCATCCGCGA.4,0,JQ1
Data28_AAACCTGTCCGTACAA.4,0,JQ1
Data28_AAACGGGGTAGAAAGG.4,0,JQ1
Data28_AAACGGGTCTGGCGAC.4,0,JQ1
Data28_AAAGATGGTATCTGCA.4,0,JQ1
Data28_AAAGATGTCCGCATCT.4,0,JQ1
Data28_AAAGCAAAGCTAGTCT.4,0,JQ1
Data28_AAAGCAACACCCAGTG.4,0,JQ1
Data28_AAAGCAAGTATAGTAG.4,0,JQ1
Data28_AAAGCAAGTCTGCCAG.4,0,JQ1
Data28_AAAGTAGAGCGACGTA.4,0,JQ1
Data28_AAAGTAGCACCAGTTA.4,0,JQ1
Data28_AAAGTAGCATATGAGA.4,0,JQ1
Data28_AAAGTAGGTCGAATCT.4,0,JQ1
Data28_AAAGTAGTCCGCAAGC.4,0,JQ1
Data28_AAATGCCCACTAAGTC.4,0,JQ1
Data28_AAATGCCCAGCCACCA.4,0,JQ1
Data28_AACACGTAGATCACGG.4,0,JQ1
Data28_AACCATGGTCGCGAAA.4,0,JQ1
Data28_AACCGCGTCCTGCAGG.4,0,JQ1
Data28_AACGTTGTCAGGTTCA.4,0,JQ1
Data28_AACTCAGAGAGCCCAA.4,0,JQ1
Data28_AACTCCCCACAAGACG.4,0,JQ1
Data28_AACTCCCGTGGTACAG.4,0,JQ1
Data28_AACTCCCTCGCGCCAA.4,0,JQ1
Data28_AACTCTTGTTAGGGTG.4,0,JQ1
Data28_AACTGGTGTCGGCATC.4,0,JQ1
Data28_AACTGGTTCAGCTTAG.4,0,JQ1
Data28_AACTTTCTCAATACCG.4,0,JQ1
Data28_AACTTTCTCCTGTAGA.4,0,JQ1
Data28_AACTTTCTCTAACTTC.4,0,JQ1
Data28_AAGCCGCCAATGAATG.4,0,JQ1
Data28_AAGGCAGCAGCCTTTC.4,0,JQ1
Data28_AAGGCAGGTGATGTCT.4,0,JQ1
Data28_AAGTCTGGTTACCAGT.4,0,JQ1
Data28_AATCGGTAGCCATCGC.4,0,JQ1
Data28_AATCGGTAGCCTCGTG.4,0,JQ1
Data28_AATCGGTCAAGGTGTG.4,0,JQ1
Data28_ACACCAACAATGTTGC.4,0,JQ1
Data28_ACACCAAGTAGGGTAC.4,0,JQ1
Data28_ACACCAATCTGCTGCT.4,0,JQ1
Data28_ACACCCTAGGTGATTA.4,0,JQ1
Data28_ACACCCTGTAGGCATG.4,0,JQ1
Data28_ACACCGGCACTTACGA.4,0,JQ1
Data28_ACACTGAAGATGTGTA.4,0,JQ1
Data28_ACACTGATCTGCCAGG.4,0,JQ1
Data28_ACAGCCGGTAAAGGAG.4,0,JQ1
Data28_ACAGCCGGTGCGGTAA.4,0,JQ1
Data28_ACAGCTAAGAAGCCCA.4,0,JQ1
Data28_ACAGCTATCACTTACT.4,0,JQ1
Data28_ACATACGAGAACAATC.4,0,JQ1
Data28_ACATCAGGTCACACGC.4,0,JQ1
Data28_ACATCAGTCACTTATC.4,0,JQ1
Data28_ACATGGTCAAGTCTAC.4,0,JQ1
Data28_ACATGGTTCTTCGAGA.4,0,JQ1
Data28_ACATGGTTCTTCGGTC.4,0,JQ1
Data28_ACCGTAAGTGGCCCTA.4,0,JQ1
Data28_ACCTTTAAGGAGCGAG.4,0,JQ1
Data28_ACCTTTAAGTTAGCGG.4,0,JQ1
Data28_ACCTTTATCCTGTACC.4,0,JQ1
Data28_ACGAGCCCACATCCAA.4,0,JQ1
Data28_ACGATACGTCCGCTGA.4,0,JQ1
Data28_ACGATGTAGTGGGTTG.4,0,JQ1
Data28_ACGATGTGTTAAGACA.4,0,JQ1
Data28_ACGCCAGCAAGCCTAT.4,0,JQ1
Data28_ACGCCAGCAATGGACG.4,0,JQ1
Data28_ACGCCGAAGCTGAACG.4,0,JQ1
Data28_ACGCCGAGTACTCAAC.4,0,JQ1
Data28_ACGGAGAAGGGATACC.4,0,JQ1
Data28_ACGGAGACAAGCCCAC.4,0,JQ1
Data28_ACGGAGAGTTTGACTG.4,0,JQ1
Data28_ACGGCCAAGTAGGCCA.4,0,JQ1
Data28_ACGGGCTCACTCAGGC.4,0,JQ1
Data28_ACGGGTCTCACATACG.4,0,JQ1
Data28_ACGGGTCTCCGTACAA.4,0,JQ1
Data28_ACTATCTAGAGGTTGC.4,0,JQ1
Data28_ACTATCTGTAAACGCG.4,0,JQ1
Data28_ACTATCTGTTTGGGCC.4,0,JQ1
Data28_ACTATCTTCCTTTACA.4,0,JQ1
Data28_ACTGAACCATGCCCGA.4,0,JQ1
Data28_ACTGAGTGTCAGTGGA.4,0,JQ1
Data28_ACTGAGTTCCTCCTAG.4,0,JQ1
Data28_ACTGATGTCGCCCTTA.4,0,JQ1
Data28_ACTGATGTCGTGGGAA.4,0,JQ1
Data28_ACTGCTCCAAGGTGTG.4,0,JQ1
Data28_ACTGCTCGTAGTACCT.4,0,JQ1
Data28_ACTTTCAAGTACACCT.4,0,JQ1
Data28_ACTTTCACATTGCGGC.4,0,JQ1
Data28_AGACGTTGTAACGCGA.4,0,JQ1
Data28_AGACGTTTCATGCATG.4,0,JQ1
Data28_AGAGCGAGTTCAGACT.4,0,JQ1
Data28_AGAGCGATCCTAGGGC.4,0,JQ1
Data28_AGAGCTTAGTCTCAAC.4,0,JQ1
Data28_AGAGTGGTCATACGGT.4,0,JQ1
Data28_AGATTGCAGGCAGGTT.4,0,JQ1
Data28_AGATTGCTCTGCTTGC.4,0,JQ1
Data28_AGCAGCCCAGTACACT.4,0,JQ1
Data28_AGCAGCCGTACAGCAG.4,0,JQ1
Data28_AGCAGCCGTCAGTGGA.4,0,JQ1
Data28_AGCATACTCAGTTCGA.4,0,JQ1
Data28_AGCCTAATCCCATTTA.4,0,JQ1
Data28_AGCGGTCTCAACGCTA.4,0,JQ1
Data28_AGCGTCGGTATTAGCC.4,0,JQ1
Data28_AGCTCCTAGCTGTTCA.4,0,JQ1
Data28_AGCTCCTAGGGCTTCC.4,0,JQ1
Data28_AGCTCCTCATGTTGAC.4,0,JQ1
Data28_AGCTCCTGTGGCTCCA.4,0,JQ1
Data28_AGCTCTCAGACTACAA.4,0,JQ1
Data28_AGCTCTCTCCTCTAGC.4,0,JQ1
Data28_AGCTTGAAGCGAGAAA.4,0,JQ1
Data28_AGCTTGATCTGATTCT.4,0,JQ1
Data28_AGGCCACGTAAGCACG.4,0,JQ1
Data28_AGGCCGTTCCACGACG.4,0,JQ1
Data28_AGGGAGTAGTTACGGG.4,0,JQ1
Data28_AGGGATGAGCTAGGCA.4,0,JQ1
Data28_AGGGATGTCCTTGCCA.4,0,JQ1
Data28_AGGGTGAAGCCTCGTG.4,0,JQ1
Data28_AGGTCCGTCAGTTAGC.4,0,JQ1
Data28_AGGTCCGTCGCCCTTA.4,0,JQ1
Data28_AGTAGTCAGAAACCGC.4,0,JQ1
Data28_AGTAGTCAGACGCAAC.4,0,JQ1
Data28_AGTAGTCGTTCGCTAA.4,0,JQ1
Data28_AGTAGTCTCACAGGCC.4,0,JQ1
Data28_AGTCTTTCAACGATCT.4,0,JQ1
Data28_AGTCTTTCACAGAGGT.4,0,JQ1
Data28_AGTGAGGAGAATTCCC.4,0,JQ1
Data28_AGTGAGGAGTAGATGT.4,0,JQ1
Data28_AGTGAGGCAGATGGCA.4,0,JQ1
Data28_AGTGAGGTCCTTTCTC.4,0,JQ1
Data28_AGTGGGAAGAAGGCCT.4,0,JQ1
Data28_AGTGGGAAGGTGATTA.4,0,JQ1
Data28_AGTGGGAGTTCGGCAC.4,0,JQ1
Data28_AGTTGGTAGGCGACAT.4,0,JQ1
Data28_AGTTGGTCAGACTCGC.4,0,JQ1
Data28_AGTTGGTCAGTAGAGC.4,0,JQ1
Data28_AGTTGGTGTTCTCATT.4,0,JQ1
Data28_ATAACGCAGTGTGGCA.4,0,JQ1
Data28_ATAACGCCAAGAGGCT.4,0,JQ1
Data28_ATAACGCCAGACGTAG.4,0,JQ1
Data28_ATCACGAAGCTCCCAG.4,0,JQ1
Data28_ATCACGAGTCATATCG.4,0,JQ1
Data28_ATCACGATCCTTGGTC.4,0,JQ1
Data28_ATCACGATCTAGAGTC.4,0,JQ1
Data28_ATCATCTCAAAGTCAA.4,0,JQ1
Data28_ATCATGGCACGGCGTT.4,0,JQ1
Data28_ATCCACCCATCAGTAC.4,0,JQ1
Data28_ATCCACCGTCATCCCT.4,0,JQ1
Data28_ATCCGAAGTCAAACTC.4,0,JQ1
Data28_ATCCGAATCACCTTAT.4,0,JQ1
Data28_ATCGAGTCAGTAACGG.4,0,JQ1
Data28_ATCTACTAGAAGCCCA.4,0,JQ1
Data28_ATCTACTAGTAACCCT.4,0,JQ1
Data28_ATCTACTTCGAGCCCA.4,0,JQ1
Data28_ATGAGGGGTAGCTTGT.4,0,JQ1
Data28_ATGCGATCACATGACT.4,0,JQ1
Data28_ATGCGATTCTCGTTTA.4,0,JQ1
Data28_ATTACTCGTCCCTTGT.4,0,JQ1
Data28_ATTACTCGTCTCTCGT.4,0,JQ1
Data28_ATTACTCTCCCTCTTT.4,0,JQ1
Data28_ATTACTCTCTTGTATC.4,0,JQ1
Data28_ATTCTACCAAACGCGA.4,0,JQ1
Data28_ATTCTACCAACAACCT.4,0,JQ1
Data28_ATTCTACGTACAGCAG.4,0,JQ1
Data28_ATTGGACAGAGGTACC.4,0,JQ1
Data28_ATTGGACAGCCCGAAA.4,0,JQ1
Data28_ATTGGTGAGACTAAGT.4,0,JQ1
Data28_ATTGGTGAGCGTAGTG.4,0,JQ1
Data28_ATTGGTGGTCGCGTGT.4,0,JQ1
Data28_ATTTCTGGTCGAAAGC.4,0,JQ1
Data28_ATTTCTGGTTTCGCTC.4,0,JQ1
Data28_CAACCAAAGGAGCGTT.4,0,JQ1
Data28_CAACCAAGTTATGTGC.4,0,JQ1
Data28_CAACCAATCCAGTATG.4,0,JQ1
Data28_CAACTAGGTACGACCC.4,0,JQ1
Data28_CAACTAGTCCAAGCCG.4,0,JQ1
Data28_CAAGAAACACCCATTC.4,0,JQ1
Data28_CAAGAAAGTGAGTGAC.4,0,JQ1
Data28_CAAGATCAGGTGGGTT.4,0,JQ1
Data28_CAAGATCGTGAGGGAG.4,0,JQ1
Data28_CAAGATCGTTGTCTTT.4,0,JQ1
Data28_CAAGGCCGTTCCGTCT.4,0,JQ1
Data28_CAAGTTGGTCGACTGC.4,0,JQ1
Data28_CACAAACAGATCGATA.4,0,JQ1
Data28_CACAAACGTGCGGTAA.4,0,JQ1
Data28_CACAAACTCCCAGGTG.4,0,JQ1
Data28_CACACAACACCATGTA.4,0,JQ1
Data28_CACACCTCAAGCGAGT.4,0,JQ1
Data28_CACACCTCATTCTCAT.4,0,JQ1
Data28_CACACTCAGCAAATCA.4,0,JQ1
Data28_CACAGGCCAGATCCAT.4,0,JQ1
Data28_CACAGGCTCCGTTGTC.4,0,JQ1
Data28_CACAGTACATTCCTGC.4,0,JQ1
Data28_CACAGTAGTCGCCATG.4,0,JQ1
Data28_CACAGTATCTTCGGTC.4,0,JQ1
Data28_CACATAGCACTTCTGC.4,0,JQ1
Data28_CACATTTAGTCAAGCG.4,0,JQ1
Data28_CACCACTAGGCGACAT.4,0,JQ1
Data28_CACCACTAGTGCTGCC.4,0,JQ1
Data28_CACCACTCAGTTAACC.4,0,JQ1
Data28_CACCACTTCGCACTCT.4,0,JQ1
Data28_CACCAGGAGAAACCAT.4,0,JQ1
Data28_CACCAGGCATGGTCAT.4,0,JQ1
Data28_CACCAGGGTAATCGTC.4,0,JQ1
Data28_CAGAGAGCAAACTGTC.4,0,JQ1
Data28_CAGCAGCAGAAACGCC.4,0,JQ1
Data28_CAGCAGCAGTACATGA.4,0,JQ1
Data28_CAGCAGCCAGTCGTGC.4,0,JQ1
Data28_CAGCGACAGGTGTTAA.4,0,JQ1
Data28_CAGCGACGTGGCCCTA.4,0,JQ1
Data28_CAGCGACTCTGATTCT.4,0,JQ1
Data28_CAGCTAAGTCTCTTTA.4,0,JQ1
Data28_CAGTAACCACAACGTT.4,0,JQ1
Data28_CAGTCCTAGTCCGGTC.4,0,JQ1
Data28_CATATGGAGAGCTTCT.4,0,JQ1
Data28_CATATTCAGAAACCAT.4,0,JQ1
Data28_CATATTCCACGTCTCT.4,0,JQ1
Data28_CATATTCGTATCTGCA.4,0,JQ1
Data28_CATCAGATCCAGAGGA.4,0,JQ1
Data28_CATCAGATCCATGAAC.4,0,JQ1
Data28_CATCAGATCCTCATTA.4,0,JQ1
Data28_CATCCACAGACAGACC.4,0,JQ1
Data28_CATCCACCAAACCCAT.4,0,JQ1
Data28_CATCGAATCGATGAGG.4,0,JQ1
Data28_CATCGGGCAGTATGCT.4,0,JQ1
Data28_CATCGGGGTTGTCGCG.4,0,JQ1
Data28_CATCGGGTCCGATATG.4,0,JQ1
Data28_CATGACACAGACGCCT.4,0,JQ1
Data28_CATGCCTAGCTGGAAC.4,0,JQ1
Data28_CATGCCTCAGCTGTTA.4,0,JQ1
Data28_CATGCCTGTTGGTTTG.4,0,JQ1
Data28_CATGGCGTCGAACTGT.4,0,JQ1
Data28_CATTATCAGCCAACAG.4,0,JQ1
Data28_CATTATCTCGTCGTTC.4,0,JQ1
Data28_CATTCGCAGTATCGAA.4,0,JQ1
Data28_CATTCGCCAACAACCT.4,0,JQ1
Data28_CATTCGCCAGGACGTA.4,0,JQ1
Data28_CCAATCCAGTCAATAG.4,0,JQ1
Data28_CCAATCCCAACAACCT.4,0,JQ1
Data28_CCAATCCTCGCCAAAT.4,0,JQ1
Data28_CCACCTACAGTGAGTG.4,0,JQ1
Data28_CCACGGAAGTGTTGAA.4,0,JQ1
Data28_CCACGGATCCTTGACC.4,0,JQ1
Data28_CCACTACGTACAGACG.4,0,JQ1
Data28_CCACTACTCTATCGCC.4,0,JQ1
Data28_CCATTCGTCAGGCAAG.4,0,JQ1
Data28_CCCAATCCACAAGACG.4,0,JQ1
Data28_CCCAGTTGTTGAGGTG.4,0,JQ1
Data28_CCCATACCAATCCGAT.4,0,JQ1
Data28_CCCTCCTGTCAAAGCG.4,0,JQ1
Data28_CCCTCCTGTTCCGTCT.4,0,JQ1
Data28_CCGGGATTCTGGCGTG.4,0,JQ1
Data28_CCGTGGACATGGTAGG.4,0,JQ1
Data28_CCTAAAGGTCAATGTC.4,0,JQ1
Data28_CCTACACAGGCATTGG.4,0,JQ1
Data28_CCTACACCAGTATAAG.4,0,JQ1
Data28_CCTACACGTCCTCTTG.4,0,JQ1
Data28_CCTACCATCTTGTACT.4,0,JQ1
Data28_CCTAGCTGTCAAGCGA.4,0,JQ1
Data28_CCTATTACATGGTCAT.4,0,JQ1
Data28_CCTATTATCCACTCCA.4,0,JQ1
Data28_CCTCAGTCAATAGCAA.4,0,JQ1
Data28_CCTCTGATCGGTTCGG.4,0,JQ1
Data28_CCTTACGTCGCCAAAT.4,0,JQ1
Data28_CCTTCGAAGTTACGGG.4,0,JQ1
Data28_CCTTCGAGTTCAGTAC.4,0,JQ1
Data28_CGAATGTAGGCAGTCA.4,0,JQ1
Data28_CGAATGTGTCTCACCT.4,0,JQ1
Data28_CGACCTTTCCTCATTA.4,0,JQ1
Data28_CGACTTCCATCCTAGA.4,0,JQ1
Data28_CGACTTCGTCGAAAGC.4,0,JQ1
Data28_CGACTTCTCCCACTTG.4,0,JQ1
Data28_CGAGAAGAGCGATCCC.4,0,JQ1
Data28_CGAGAAGGTGGTTTCA.4,0,JQ1
Data28_CGAGCACAGCCCGAAA.4,0,JQ1
Data28_CGAGCACCAAGCTGAG.4,0,JQ1
Data28_CGAGCACCATTCTCAT.4,0,JQ1
Data28_CGAGCACGTGCAGACA.4,0,JQ1
Data28_CGATCGGCATCCGTGG.4,0,JQ1
Data28_CGATGGCAGAACTGTA.4,0,JQ1
Data28_CGATGGCCAGATGGGT.4,0,JQ1
Data28_CGATGTAGTTCAGCGC.4,0,JQ1
Data28_CGATTGAAGAGGTTGC.4,0,JQ1
Data28_CGCCAAGCATGGTCTA.4,0,JQ1
Data28_CGCGGTAAGGAGTACC.4,0,JQ1
Data28_CGCGGTAAGTTCGCGC.4,0,JQ1
Data28_CGCGGTAGTAATTGGA.4,0,JQ1
Data28_CGCGTTTAGGTGCTAG.4,0,JQ1
Data28_CGCGTTTCACGTAAGG.4,0,JQ1
Data28_CGCGTTTGTGTCCTCT.4,0,JQ1
Data28_CGCTATCGTATCAGTC.4,0,JQ1
Data28_CGCTATCGTCGCTTTC.4,0,JQ1
Data28_CGCTATCGTGGGTATG.4,0,JQ1
Data28_CGCTATCTCTCTTATG.4,0,JQ1
Data28_CGCTGGAAGCTAACTC.4,0,JQ1
Data28_CGCTGGACAGCTGCAC.4,0,JQ1
Data28_CGCTTCAGTAGCACGA.4,0,JQ1
Data28_CGGACACGTTATTCTC.4,0,JQ1
Data28_CGGACACTCGTACCGG.4,0,JQ1
Data28_CGGACTGCAAGAGGCT.4,0,JQ1
Data28_CGGACTGTCGGCTTGG.4,0,JQ1
Data28_CGGGTCAAGAAACGAG.4,0,JQ1
Data28_CGGGTCAAGTAACCCT.4,0,JQ1
Data28_CGGGTCACATCACAAC.4,0,JQ1
Data28_CGGTTAAAGCGTAGTG.4,0,JQ1
Data28_CGGTTAAAGTAGATGT.4,0,JQ1
Data28_CGGTTAACACGAAAGC.4,0,JQ1
Data28_CGGTTAATCCAGATCA.4,0,JQ1
Data28_CGTCACTAGCCTTGAT.4,0,JQ1
Data28_CGTCACTAGTATTGGA.4,0,JQ1
Data28_CGTCACTCACTTGGAT.4,0,JQ1
Data28_CGTCACTCAGTAAGCG.4,0,JQ1
Data28_CGTCAGGGTCTTTCAT.4,0,JQ1
Data28_CGTCCATCATACGCCG.4,0,JQ1
Data28_CGTCCATTCTCGATGA.4,0,JQ1
Data28_CGTCTACCAGGAACGT.4,0,JQ1
Data28_CGTGAGCCACGTGAGA.4,0,JQ1
Data28_CGTGAGCCATGGTCAT.4,0,JQ1
Data28_CGTGTAACAGGACGTA.4,0,JQ1
Data28_CGTGTAAGTGCAACTT.4,0,JQ1
Data28_CGTGTCTGTATTCTCT.4,0,JQ1
Data28_CGTTAGAAGTTGCAGG.4,0,JQ1
Data28_CGTTCTGAGAACAACT.4,0,JQ1
Data28_CGTTCTGGTAAAGGAG.4,0,JQ1
Data28_CGTTCTGTCACTTACT.4,0,JQ1
Data28_CGTTGGGGTTGGAGGT.4,0,JQ1
Data28_CTAACTTCAGAAGCAC.4,0,JQ1
Data28_CTAATGGCAAGCCGCT.4,0,JQ1
Data28_CTACACCAGCTAACAA.4,0,JQ1
Data28_CTACATTTCTGCCCTA.4,0,JQ1
Data28_CTACGTCTCGAGAACG.4,0,JQ1
Data28_CTAGAGTGTTCTCATT.4,0,JQ1
Data28_CTAGCCTAGGATTCGG.4,0,JQ1
Data28_CTAGCCTCACATCTTT.4,0,JQ1
Data28_CTAGTGAGTGTTGGGA.4,0,JQ1
Data28_CTCACACCAGCCACCA.4,0,JQ1
Data28_CTCAGAAAGCCGTCGT.4,0,JQ1
Data28_CTCAGAAGTTCGCTAA.4,0,JQ1
Data28_CTCATTACACATTTCT.4,0,JQ1
Data28_CTCATTATCGCGTAGC.4,0,JQ1
Data28_CTCATTATCGCTAGCG.4,0,JQ1
Data28_CTCCTAGAGATCACGG.4,0,JQ1
Data28_CTCCTAGGTTGGGACA.4,0,JQ1
Data28_CTCGAGGTCGAGGTAG.4,0,JQ1
Data28_CTCGGAGGTTGAACTC.4,0,JQ1
Data28_CTCGGGATCGAGGTAG.4,0,JQ1
Data28_CTCGTACAGGTGCTAG.4,0,JQ1
Data28_CTCGTACCATCGGGTC.4,0,JQ1
Data28_CTCGTCAAGTGAACAT.4,0,JQ1
Data28_CTCGTCACACCGGAAA.4,0,JQ1
Data28_CTCGTCATCGCCAGCA.4,0,JQ1
Data28_CTCTGGTAGGCTAGCA.4,0,JQ1
Data28_CTCTGGTAGTCCAGGA.4,0,JQ1
Data28_CTCTGGTGTATGCTTG.4,0,JQ1
Data28_CTGAAGTCAGAAGCAC.4,0,JQ1
Data28_CTGATAGGTCACCCAG.4,0,JQ1
Data28_CTGATCCAGTTACCCA.4,0,JQ1
Data28_CTGCCTACATGCCTTC.4,0,JQ1
Data28_CTGCCTAGTCCGTTAA.4,0,JQ1
Data28_CTGCCTAGTGAGGGAG.4,0,JQ1
Data28_CTGCCTATCAGTACGT.4,0,JQ1
Data28_CTGCCTATCAGTTCGA.4,0,JQ1
Data28_CTGCCTATCATGCATG.4,0,JQ1
Data28_CTGCGGAGTTACCGAT.4,0,JQ1
Data28_CTGGTCTGTAGGAGTC.4,0,JQ1
Data28_CTGGTCTTCAGCTTAG.4,0,JQ1
Data28_CTGGTCTTCCAAATGC.4,0,JQ1
Data28_CTGTGCTCAAGCCGTC.4,0,JQ1
Data28_CTGTTTAAGACTTGAA.4,0,JQ1
Data28_CTGTTTACACTTACGA.4,0,JQ1
Data28_CTGTTTACATAGACTC.4,0,JQ1
Data28_CTGTTTAGTAAGAGAG.4,0,JQ1
Data28_CTGTTTAGTCATTAGC.4,0,JQ1
Data28_CTTAACTGTGTGGTTT.4,0,JQ1
Data28_CTTACCGCACCGTTGG.4,0,JQ1
Data28_CTTAGGACATCGTCGG.4,0,JQ1
Data28_CTTAGGATCTGCTGCT.4,0,JQ1
Data28_CTTCTCTCATTGAGCT.4,0,JQ1
Data28_CTTCTCTGTTAAGGGC.4,0,JQ1
Data28_CTTGGCTGTCATACTG.4,0,JQ1
Data28_GAAACTCCATGACATC.4,0,JQ1
Data28_GAACATCCAAGGACAC.4,0,JQ1
Data28_GAACATCGTTCCGGCA.4,0,JQ1
Data28_GAACATCTCCCACTTG.4,0,JQ1
Data28_GAACCTATCCCAAGAT.4,0,JQ1
Data28_GAACGGAAGTACGCGA.4,0,JQ1
Data28_GAACGGAGTGAGGCTA.4,0,JQ1
Data28_GAACGGATCGAACGGA.4,0,JQ1
Data28_GACACGCAGCGATCCC.4,0,JQ1
Data28_GACACGCGTAAGTGGC.4,0,JQ1
Data28_GACAGAGAGGATTCGG.4,0,JQ1
Data28_GACAGAGTCACGGTTA.4,0,JQ1
Data28_GACCAATCAGGGAGAG.4,0,JQ1
Data28_GACCAATCATCGATTG.4,0,JQ1
Data28_GACCAATTCAACTCTT.4,0,JQ1
Data28_GACCTGGAGATGTTAG.4,0,JQ1
Data28_GACCTGGCAAAGGAAG.4,0,JQ1
Data28_GACCTGGCACTCTGTC.4,0,JQ1
Data28_GACCTGGGTACTCTCC.4,0,JQ1
Data28_GACGCGTCACCCTATC.4,0,JQ1
Data28_GACGCGTTCGAACGGA.4,0,JQ1
Data28_GACGGCTGTCGACTAT.4,0,JQ1
Data28_GACGTTACATCGGTTA.4,0,JQ1
Data28_GACTAACCAAGTCATC.4,0,JQ1
Data28_GACTAACGTTAAAGAC.4,0,JQ1
Data28_GACTGCGAGCACAGGT.4,0,JQ1
Data28_GACTGCGGTCAGAGGT.4,0,JQ1
Data28_GACTGCGTCACGCGGT.4,0,JQ1
Data28_GAGCAGACAAGCGATG.4,0,JQ1
Data28_GAGCAGACAATAAGCA.4,0,JQ1
Data28_GAGGTGACATATGAGA.4,0,JQ1
Data28_GAGGTGACATGCAACT.4,0,JQ1
Data28_GAGGTGACATGCCTTC.4,0,JQ1
Data28_GAGTCCGAGATTACCC.4,0,JQ1
Data28_GAGTCCGCAATGTAAG.4,0,JQ1
Data28_GAGTCCGCACAGACTT.4,0,JQ1
Data28_GAGTCCGGTAAGTTCC.4,0,JQ1
Data28_GATCGATCATAGGATA.4,0,JQ1
Data28_GATCGATGTACATCCA.4,0,JQ1
Data28_GATCGATTCCTAGGGC.4,0,JQ1
Data28_GATCGATTCTAACCGA.4,0,JQ1
Data28_GATCGTAGTCTACCTC.4,0,JQ1
Data28_GATCGTAGTCTCTTTA.4,0,JQ1
Data28_GATCGTAGTTAAAGAC.4,0,JQ1
Data28_GATCTAGCATGAAGTA.4,0,JQ1
Data28_GATGAAACAGCTGTAT.4,0,JQ1
Data28_GATGAAAGTGGCGAAT.4,0,JQ1
Data28_GATGCTAAGAAACGAG.4,0,JQ1
Data28_GATGCTACAAGCTGAG.4,0,JQ1
Data28_GATGCTATCCACGTGG.4,0,JQ1
Data28_GATTCAGAGAGCAATT.4,0,JQ1
Data28_GATTCAGCAGACACTT.4,0,JQ1
Data28_GCAAACTAGCTAGGCA.4,0,JQ1
Data28_GCAATCAAGTAAGTAC.4,0,JQ1
Data28_GCAATCACAAACTGCT.4,0,JQ1
Data28_GCACATACAAGTAATG.4,0,JQ1
Data28_GCACTCTAGCTAACAA.4,0,JQ1
Data28_GCAGCCAGTTCCGGCA.4,0,JQ1
Data28_GCATACAGTCTGCAAT.4,0,JQ1
Data28_GCATGATAGAAGCCCA.4,0,JQ1
Data28_GCATGATAGGCCCTTG.4,0,JQ1
Data28_GCATGATGTTAGTGGG.4,0,JQ1
Data28_GCATGATTCGCATGAT.4,0,JQ1
Data28_GCATGATTCTGCGTAA.4,0,JQ1
Data28_GCATGCGCACGGCCAT.4,0,JQ1
Data28_GCCAAATCAATCGGTT.4,0,JQ1
Data28_GCGCAACCACAGAGGT.4,0,JQ1
Data28_GCGCAACCACGCCAGT.4,0,JQ1
Data28_GCGCAACGTCATGCAT.4,0,JQ1
Data28_GCGCCAAAGGCTCTTA.4,0,JQ1
Data28_GCGCGATGTCTTCAAG.4,0,JQ1
Data28_GCGGGTTTCCATGCTC.4,0,JQ1
Data28_GCTCCTAGTCTAGTGT.4,0,JQ1
Data28_GCTCTGTAGTGTCCAT.4,0,JQ1
Data28_GCTGCAGCAGTATGCT.4,0,JQ1
Data28_GCTGCGAAGAGATGAG.4,0,JQ1
Data28_GCTGCGAGTGTTTGTG.4,0,JQ1
Data28_GCTGCTTGTACAGTTC.4,0,JQ1
Data28_GCTTCCAAGCTGTCTA.4,0,JQ1
Data28_GCTTGAACAACTGCTA.4,0,JQ1
Data28_GCTTGAACAATCTGCA.4,0,JQ1
Data28_GGAAAGCAGAGGTTAT.4,0,JQ1
Data28_GGAAAGCTCGCGTAGC.4,0,JQ1
Data28_GGAACTTGTCATCCCT.4,0,JQ1
Data28_GGAACTTTCTTGTATC.4,0,JQ1
Data28_GGAATAAAGCTACCGC.4,0,JQ1
Data28_GGAATAAAGGTCGGAT.4,0,JQ1
Data28_GGACAAGAGAAGGTTT.4,0,JQ1
Data28_GGACAAGCAGGATCGA.4,0,JQ1
Data28_GGACAGAGTGGCTCCA.4,0,JQ1
Data28_GGACAGATCAGTTCGA.4,0,JQ1
Data28_GGACATTCAAGTTGTC.4,0,JQ1
Data28_GGACATTCAGGTCCAC.4,0,JQ1
Data28_GGACGTCAGCTGCAAG.4,0,JQ1
Data28_GGACGTCGTTCAGACT.4,0,JQ1
Data28_GGAGCAAAGCCAGAAC.4,0,JQ1
Data28_GGATTACAGAGTAATC.4,0,JQ1
Data28_GGATTACGTGGGTCAA.4,0,JQ1
Data28_GGCAATTCAGTCCTTC.4,0,JQ1
Data28_GGCAATTCATTACCTT.4,0,JQ1
Data28_GGCAATTGTCTCTTAT.4,0,JQ1
Data28_GGCAATTTCAGCCTAA.4,0,JQ1
Data28_GGCCGATAGCAGACTG.4,0,JQ1
Data28_GGCCGATCAACAACCT.4,0,JQ1
Data28_GGCCGATGTCTCTCGT.4,0,JQ1
Data28_GGCCGATGTTCCAACA.4,0,JQ1
Data28_GGCCGATTCATCATTC.4,0,JQ1
Data28_GGCGTGTCACAACGTT.4,0,JQ1
Data28_GGCGTGTCACCTCGTT.4,0,JQ1
Data28_GGCGTGTCAGTAAGAT.4,0,JQ1
Data28_GGCTCGAAGGGCTTCC.4,0,JQ1
Data28_GGCTCGAAGTGCCATT.4,0,JQ1
Data28_GGCTCGACAACTGCGC.4,0,JQ1
Data28_GGCTGGTGTGGTGTAG.4,0,JQ1
Data28_GGGAATGGTGGAAAGA.4,0,JQ1
Data28_GGGACCTTCCGTCAAA.4,0,JQ1
Data28_GGGAGATAGACAATAC.4,0,JQ1
Data28_GGGAGATCATTCCTCG.4,0,JQ1
Data28_GGGAGATGTAGAAGGA.4,0,JQ1
Data28_GGGATGACACCATCCT.4,0,JQ1
Data28_GGGATGACATGGTTGT.4,0,JQ1
Data28_GGGATGAGTCCTCTTG.4,0,JQ1
Data28_GGGCACTAGTTTCCTT.4,0,JQ1
Data28_GGGCACTGTCTGCCAG.4,0,JQ1
Data28_GGGCACTTCCGTTGTC.4,0,JQ1
Data28_GGGTTGCGTTCTGTTT.4,0,JQ1
Data28_GGTATTGGTTCACCTC.4,0,JQ1
Data28_GGTGAAGCAGATGAGC.4,0,JQ1
Data28_GGTGAAGGTCCAGTTA.4,0,JQ1
Data28_GGTGCGTAGAATCTCC.4,0,JQ1
Data28_GGTGTTAGTCGAGTTT.4,0,JQ1
Data28_GGTGTTATCTGTTTGT.4,0,JQ1
Data28_GTAACTGAGACAGGCT.4,0,JQ1
Data28_GTAACTGAGCTAACTC.4,0,JQ1
Data28_GTACGTAGTGGACGAT.4,0,JQ1
Data28_GTACTCCTCACATACG.4,0,JQ1
Data28_GTACTTTAGGCCCGTT.4,0,JQ1
Data28_GTACTTTGTGGACGAT.4,0,JQ1
Data28_GTACTTTTCAGATAAG.4,0,JQ1
Data28_GTAGGCCCAAGAAGAG.4,0,JQ1
Data28_GTAGTCATCGCAGGCT.4,0,JQ1
Data28_GTATCTTGTTTAGCTG.4,0,JQ1
Data28_GTATTCTAGTGAAGAG.4,0,JQ1
Data28_GTATTCTTCGACGGAA.4,0,JQ1
Data28_GTCAAGTGTTAGAACA.4,0,JQ1
Data28_GTCACGGAGTATCTCG.4,0,JQ1
Data28_GTCATTTGTCGAGATG.4,0,JQ1
Data28_GTCATTTTCACATAGC.4,0,JQ1
Data28_GTCCTCAGTCCGAACC.4,0,JQ1
Data28_GTCGGGTAGATGCCTT.4,0,JQ1
Data28_GTCGGGTTCACTTACT.4,0,JQ1
Data28_GTCGGGTTCATGTAGC.4,0,JQ1
Data28_GTCGTAAAGTACGACG.4,0,JQ1
Data28_GTGAAGGAGACAGGCT.4,0,JQ1
Data28_GTGAAGGCACAACGCC.4,0,JQ1
Data28_GTGCAGCCAGCTGTGC.4,0,JQ1
Data28_GTGCAGCTCGAGCCCA.4,0,JQ1
Data28_GTGCGGTAGTGGAGTC.4,0,JQ1
Data28_GTGCGGTTCGGATGTT.4,0,JQ1
Data28_GTGCGGTTCGTAGGAG.4,0,JQ1
Data28_GTGCTTCGTGTCTGAT.4,0,JQ1
Data28_GTGGGTCGTGCTGTAT.4,0,JQ1
Data28_GTGGGTCTCCTATGTT.4,0,JQ1
Data28_GTGTGCGGTCCAGTGC.4,0,JQ1
Data28_GTTAAGCAGAGGTTAT.4,0,JQ1
Data28_GTTAAGCCATTTCACT.4,0,JQ1
Data28_GTTACAGTCCAAACTG.4,0,JQ1
Data28_GTTACAGTCTATCCTA.4,0,JQ1
Data28_GTTCATTAGTGGACGT.4,0,JQ1
Data28_GTTCATTTCACCACCT.4,0,JQ1
Data28_GTTCATTTCGCACTCT.4,0,JQ1
Data28_GTTCTCGGTAGCTGCC.4,0,JQ1
Data28_GTTCTCGGTCTCCCTA.4,0,JQ1
Data28_GTTTCTAGTAAGCACG.4,0,JQ1
Data28_TAAACCGAGATGCCAG.4,0,JQ1
Data28_TAAACCGTCGTTTATC.4,0,JQ1
Data28_TAAGAGAAGGTGATAT.4,0,JQ1
Data28_TAAGAGACACATCCGG.4,0,JQ1
Data28_TAAGAGAGTTGACGTT.4,0,JQ1
Data28_TAAGAGAGTTGTGGAG.4,0,JQ1
Data28_TAAGCGTCAAGTCTAC.4,0,JQ1
Data28_TAAGTGCTCGTGGTCG.4,0,JQ1
Data28_TACACGAAGCATCATC.4,0,JQ1
Data28_TACACGAAGCCACTAT.4,0,JQ1
Data28_TACAGTGCAGTTCCCT.4,0,JQ1
Data28_TACAGTGTCAGCGACC.4,0,JQ1
Data28_TACCTATTCAGGTTCA.4,0,JQ1
Data28_TACGGATAGAATCTCC.4,0,JQ1
Data28_TACGGATAGCTGGAAC.4,0,JQ1
Data28_TACGGATGTCGCGTGT.4,0,JQ1
Data28_TACGGTAAGCACCGTC.4,0,JQ1
Data28_TACGGTACAGGGAGAG.4,0,JQ1
Data28_TACTCGCCATTTCAGG.4,0,JQ1
Data28_TACTTACAGTGTACTC.4,0,JQ1
Data28_TACTTACCACGCCAGT.4,0,JQ1
Data28_TACTTGTCAGCTGTGC.4,0,JQ1
Data28_TAGACCAAGAGTTGGC.4,0,JQ1
Data28_TAGACCACATGTTCCC.4,0,JQ1
Data28_TAGAGCTAGGCCATAG.4,0,JQ1
Data28_TAGGCATAGTTACCCA.4,0,JQ1
Data28_TAGGCATCAGCGTTCG.4,0,JQ1
Data28_TAGGCATTCAGGTTCA.4,0,JQ1
Data28_TAGTTGGCATGCCACG.4,0,JQ1
Data28_TAGTTGGGTTCACCTC.4,0,JQ1
Data28_TATTACCTCTCGCATC.4,0,JQ1
Data28_TATTACCTCTTTAGTC.4,0,JQ1
Data28_TCAACGAAGGCAATTA.4,0,JQ1
Data28_TCAACGAGTCAGAATA.4,0,JQ1
Data28_TCAACGAGTGAGGGAG.4,0,JQ1
Data28_TCAATCTCAGTTCCCT.4,0,JQ1
Data28_TCACAAGTCGGCTTGG.4,0,JQ1
Data28_TCACGAACATGCGCAC.4,0,JQ1
Data28_TCACGAATCGTTACAG.4,0,JQ1
Data28_TCAGATGAGTGTCTCA.4,0,JQ1
Data28_TCAGCAATCCTGCTTG.4,0,JQ1
Data28_TCAGCAATCGGTTAAC.4,0,JQ1
Data28_TCAGCTCCACTCGACG.4,0,JQ1
Data28_TCAGCTCTCACAGTAC.4,0,JQ1
Data28_TCAGGATAGCGGATCA.4,0,JQ1
Data28_TCAGGTAAGGCGACAT.4,0,JQ1
Data28_TCAGGTACAGTGGGAT.4,0,JQ1
Data28_TCATTACGTAAGCACG.4,0,JQ1
Data28_TCATTACTCTAGCACA.4,0,JQ1
Data28_TCATTTGGTAGTAGTA.4,0,JQ1
Data28_TCCACACAGTTAACGA.4,0,JQ1
Data28_TCCACACCACAGGTTT.4,0,JQ1
Data28_TCCCGATGTCTCCATC.4,0,JQ1
Data28_TCCCGATTCCTGCAGG.4,0,JQ1
Data28_TCGCGAGAGACCCACC.4,0,JQ1
Data28_TCGCGAGTCACAGGCC.4,0,JQ1
Data28_TCGCGAGTCTCGCTTG.4,0,JQ1
Data28_TCGCGTTAGTCCCACG.4,0,JQ1
Data28_TCGGGACAGGAGTCTG.4,0,JQ1
Data28_TCGGGACCACATGGGA.4,0,JQ1
Data28_TCGGTAAGTTATGCGT.4,0,JQ1
Data28_TCGTAGAGTCTTGATG.4,0,JQ1
Data28_TCTCTAAAGGTGCAAC.4,0,JQ1
Data28_TCTCTAAGTCTCTCTG.4,0,JQ1
Data28_TCTCTAAGTTGATTCG.4,0,JQ1
Data28_TCTGAGATCATCGGAT.4,0,JQ1
Data28_TCTGGAAGTTTGGGCC.4,0,JQ1
Data28_TGAAAGAAGCGTCAAG.4,0,JQ1
Data28_TGAAAGAAGCTGTCTA.4,0,JQ1
Data28_TGAAAGACACAACGCC.4,0,JQ1
Data28_TGAAAGATCTGTTTGT.4,0,JQ1
Data28_TGACGGCAGGAGTAGA.4,0,JQ1
Data28_TGACGGCAGGGCTTCC.4,0,JQ1
Data28_TGACTTTCAATGGTCT.4,0,JQ1
Data28_TGAGCATTCCTGTAGA.4,0,JQ1
Data28_TGATTTCTCGGATGGA.4,0,JQ1
Data28_TGCACCTCAAGTTCTG.4,0,JQ1
Data28_TGCCCATTCGCGGATC.4,0,JQ1
Data28_TGCGCAGCACAACGTT.4,0,JQ1
Data28_TGCGGGTGTATGCTTG.4,0,JQ1
Data28_TGCGGGTGTTAAGGGC.4,0,JQ1
Data28_TGCGGGTTCTCTGAGA.4,0,JQ1
Data28_TGCGTGGCAAGTCTGT.4,0,JQ1
Data28_TGCTACCTCCACTCCA.4,0,JQ1
Data28_TGCTGCTTCACATAGC.4,0,JQ1
Data28_TGGCCAGAGACCTAGG.4,0,JQ1
Data28_TGGCCAGCAAGCTGGA.4,0,JQ1
Data28_TGGCCAGCACAGTCGC.4,0,JQ1
Data28_TGGCCAGGTACGCACC.4,0,JQ1
Data28_TGGCCAGGTCTCAACA.4,0,JQ1
Data28_TGGCCAGTCCCGGATG.4,0,JQ1
Data28_TGGCGCAAGTTAAGTG.4,0,JQ1
Data28_TGGCGCACAGATGGCA.4,0,JQ1
Data28_TGGCTGGAGTACTTGC.4,0,JQ1
Data28_TGGCTGGTCATAGCAC.4,0,JQ1
Data28_TGGCTGGTCATTGCGA.4,0,JQ1
Data28_TGGCTGGTCGCGTTTC.4,0,JQ1
Data28_TGGGAAGTCACCACCT.4,0,JQ1
Data28_TGGGCGTCAGCTGGCT.4,0,JQ1
Data28_TGGGCGTTCGTAGGAG.4,0,JQ1
Data28_TGGTTAGCAGGACGTA.4,0,JQ1
Data28_TGGTTAGTCTGGTTCC.4,0,JQ1
Data28_TGTATTCTCAAGATCC.4,0,JQ1
Data28_TGTCCCAAGCCATCGC.4,0,JQ1
Data28_TGTCCCAAGTGAATTG.4,0,JQ1
Data28_TGTGGTACAAGCGAGT.4,0,JQ1
Data28_TGTGGTAGTCCCTACT.4,0,JQ1
Data28_TGTGTTTGTCCTGCTT.4,0,JQ1
Data28_TGTGTTTTCACCATAG.4,0,JQ1
Data28_TGTGTTTTCTTTACAC.4,0,JQ1
Data28_TTAACTCTCCAACCAA.4,0,JQ1
Data28_TTAACTCTCGCAGGCT.4,0,JQ1
Data28_TTAGGACCAAGGCTCC.4,0,JQ1
Data28_TTAGTTCCAGGTGGAT.4,0,JQ1
Data28_TTCCCAGAGACCTAGG.4,0,JQ1
Data28_TTCCCAGGTAAGAGAG.4,0,JQ1
Data28_TTCCCAGGTGTCTGAT.4,0,JQ1
Data28_TTCCCAGGTTTAGGAA.4,0,JQ1
Data28_TTCGGTCTCTGTCAAG.4,0,JQ1
Data28_TTCTACACACGAAAGC.4,0,JQ1
Data28_TTCTCCTAGCCACTAT.4,0,JQ1
Data28_TTCTCCTCATGAAGTA.4,0,JQ1
Data28_TTCTCCTCATGATCCA.4,0,JQ1
Data28_TTCTCCTGTAGAGTGC.4,0,JQ1
Data28_TTCTCCTTCAAGATCC.4,0,JQ1
Data28_TTCTTAGAGTAATCCC.4,0,JQ1
Data28_TTCTTAGGTCCTCTTG.4,0,JQ1
Data28_TTCTTAGGTGGCTCCA.4,0,JQ1
Data28_TTGAACGTCTCAAACG.4,0,JQ1
Data28_TTGACTTCAGTTCCCT.4,0,JQ1
Data28_TTGCGTCAGAAGGTGA.4,0,JQ1
Data28_TTGCGTCGTCACACGC.4,0,JQ1
Data28_TTGCGTCGTCATGCCG.4,0,JQ1
Data28_TTGCGTCGTTTGACAC.4,0,JQ1
Data28_TTGGCAAAGCGCTCCA.4,0,JQ1
Data28_TTGTAGGGTACCCAAT.4,0,JQ1
Data28_TTTACTGCATCAGTCA.4,0,JQ1
Data28_TTTCCTCCAAATCCGT.4,0,JQ1
Data28_TTTCCTCGTACTCTCC.4,0,JQ1
Data28_TTTGCGCGTCTCTCGT.4,0,JQ1
Data28_TTTGCGCTCAAACAAG.4,0,JQ1
Data28_TTTGGTTGTCCTAGCG.4,0,JQ1
Data28_TTTGTCATCGGTGTTA.4,0,JQ1
Data28_AAACCTGAGCGCTCCA.7,0,JQ1
Data28_AAACCTGTCACTGGGC.7,0,JQ1
Data28_AAACGGGGTTGTCTTT.7,0,JQ1
Data28_AAAGATGAGCAACGGT.7,0,JQ1
Data28_AAAGATGCAATACGCT.7,0,JQ1
Data28_AAAGCAACAAACGCGA.7,0,JQ1
Data28_AAAGCAACAAGGTTCT.7,0,JQ1
Data28_AAAGTAGAGGTGCAAC.7,0,JQ1
Data28_AAAGTAGAGTTAGCGG.7,0,JQ1
Data28_AAAGTAGCAATCCGAT.7,0,JQ1
Data28_AAAGTAGCATCGATGT.7,0,JQ1
Data28_AAATGCCAGCGTGTCC.7,0,JQ1
Data28_AAATGCCCAAGAGTCG.7,0,JQ1
Data28_AACACGTAGTTGTCGT.7,0,JQ1
Data28_AACACGTCATCACCCT.7,0,JQ1
Data28_AACACGTGTAAACCTC.7,0,JQ1
Data28_AACACGTTCACGAAGG.7,0,JQ1
Data28_AACCATGCAAGCGCTC.7,0,JQ1
Data28_AACCATGTCCTCTAGC.7,0,JQ1
Data28_AACCGCGCACATAACC.7,0,JQ1
Data28_AACGTTGCAGCCTGTG.7,0,JQ1
Data28_AACGTTGTCCAAGTAC.7,0,JQ1
Data28_AACTCAGAGCGATGAC.7,0,JQ1
Data28_AACTCCCTCGCCATAA.7,0,JQ1
Data28_AACTCTTCAACTGGCC.7,0,JQ1
Data28_AACTCTTCATTATCTC.7,0,JQ1
Data28_AACTGGTCAGTTCCCT.7,0,JQ1
Data28_AACTTTCCAATGAAAC.7,0,JQ1
Data28_AACTTTCTCACTGGGC.7,0,JQ1
Data28_AAGACCTAGTACATGA.7,0,JQ1
Data28_AAGGAGCAGAAGCCCA.7,0,JQ1
Data28_AAGGAGCAGGCAGGTT.7,0,JQ1
Data28_AAGGAGCCAAATCCGT.7,0,JQ1
Data28_AAGGAGCTCATTGCCC.7,0,JQ1
Data28_AAGGCAGAGACCTAGG.7,0,JQ1
Data28_AAGGTTCAGCTTCGCG.7,0,JQ1
Data28_AAGGTTCAGGTACTCT.7,0,JQ1
Data28_AATCCAGCACAAGTAA.7,0,JQ1
Data28_AATCCAGGTGACCAAG.7,0,JQ1
Data28_AATCGGTCACGGCGTT.7,0,JQ1
Data28_AATCGGTCATCGGAAG.7,0,JQ1
Data28_AATCGGTGTGTTTGGT.7,0,JQ1
Data28_AATCGGTTCGTTGACA.7,0,JQ1
Data28_AATCGGTTCTGGCGTG.7,0,JQ1
Data28_ACACCCTCAAGAGTCG.7,0,JQ1
Data28_ACACCGGGTTAAGAAC.7,0,JQ1
Data28_ACAGCTAAGGATGCGT.7,0,JQ1
Data28_ACAGCTAGTAGGACAC.7,0,JQ1
Data28_ACATCAGAGTGTGAAT.7,0,JQ1
Data28_ACATCAGCAGTAACGG.7,0,JQ1
Data28_ACATCAGGTAGATTAG.7,0,JQ1
Data28_ACCCACTAGGCGCTCT.7,0,JQ1
Data28_ACCCACTCATGGTCAT.7,0,JQ1
Data28_ACCCACTGTAATAGCA.7,0,JQ1
Data28_ACCCACTTCGGAAATA.7,0,JQ1
Data28_ACCTTTACAATCACAC.7,0,JQ1
Data28_ACCTTTACAGTGAGTG.7,0,JQ1
Data28_ACGAGCCGTTTGTTGG.7,0,JQ1
Data28_ACGAGCCTCGTCTGCT.7,0,JQ1
Data28_ACGAGGAAGCCAGGAT.7,0,JQ1
Data28_ACGAGGACAGTTTACG.7,0,JQ1
Data28_ACGAGGACATCCGTGG.7,0,JQ1
Data28_ACGATACAGCTAACAA.7,0,JQ1
Data28_ACGATGTGTAAGTGTA.7,0,JQ1
Data28_ACGATGTGTAGGCATG.7,0,JQ1
Data28_ACGATGTTCATTCACT.7,0,JQ1
Data28_ACGCAGCCAGGATTGG.7,0,JQ1
Data28_ACGCCAGAGCGCCTTG.7,0,JQ1
Data28_ACGCCAGTCCCTTGCA.7,0,JQ1
Data28_ACGCCGATCGACCAGC.7,0,JQ1
Data28_ACGGAGACAAGAAAGG.7,0,JQ1
Data28_ACGGAGATCTTTAGGG.7,0,JQ1
Data28_ACGGCCAAGCAGGTCA.7,0,JQ1
Data28_ACGGGCTAGAGATGAG.7,0,JQ1
Data28_ACGGGCTCATCGGACC.7,0,JQ1
Data28_ACGGGCTGTTACGTCA.7,0,JQ1
Data28_ACGGGCTTCAGCCTAA.7,0,JQ1
Data28_ACGGGCTTCTAGCACA.7,0,JQ1
Data28_ACGGGTCGTCATCCCT.7,0,JQ1
Data28_ACGTCAACAGCTGGCT.7,0,JQ1
Data28_ACGTCAAGTGCTAGCC.7,0,JQ1
Data28_ACTATCTCATAACCTG.7,0,JQ1
Data28_ACTGAACCACCAGGCT.7,0,JQ1
Data28_ACTGAACCACCTCGTT.7,0,JQ1
Data28_ACTGATGAGATGAGAG.7,0,JQ1
Data28_ACTGCTCGTGTGGCTC.7,0,JQ1
Data28_ACTGCTCTCTTGTTTG.7,0,JQ1
Data28_ACTGTCCGTCGTCTTC.7,0,JQ1
Data28_ACTTACTGTATCACCA.7,0,JQ1
Data28_ACTTACTTCTCGCATC.7,0,JQ1
Data28_ACTTGTTCAGCGATCC.7,0,JQ1
Data28_ACTTGTTGTTAAAGTG.7,0,JQ1
Data28_ACTTGTTTCCCTAATT.7,0,JQ1
Data28_ACTTTCAAGTCCTCCT.7,0,JQ1
Data28_AGAATAGGTGTCCTCT.7,0,JQ1
Data28_AGAATAGTCCTAAGTG.7,0,JQ1
Data28_AGACGTTCACGTAAGG.7,0,JQ1
Data28_AGAGCGATCGGCGCTA.7,0,JQ1
Data28_AGAGCTTAGCCATCGC.7,0,JQ1
Data28_AGAGCTTTCACTATTC.7,0,JQ1
Data28_AGAGTGGGTATTACCG.7,0,JQ1
Data28_AGATCTGAGAAGAAGC.7,0,JQ1
Data28_AGATCTGAGACCGGAT.7,0,JQ1
Data28_AGATCTGCAGACGTAG.7,0,JQ1
Data28_AGATCTGTCAAGATCC.7,0,JQ1
Data28_AGATTGCAGGCTATCT.7,0,JQ1
Data28_AGATTGCCATCGGTTA.7,0,JQ1
Data28_AGATTGCGTTCTGGTA.7,0,JQ1
Data28_AGATTGCTCAAGATCC.7,0,JQ1
Data28_AGCAGCCAGGGTTTCT.7,0,JQ1
Data28_AGCAGCCGTTCGGGCT.7,0,JQ1
Data28_AGCATACAGAACTGTA.7,0,JQ1
Data28_AGCATACAGTGGGCTA.7,0,JQ1
Data28_AGCATACCAAGAGTCG.7,0,JQ1
Data28_AGCATACGTAAACGCG.7,0,JQ1
Data28_AGCCTAAAGCGATCCC.7,0,JQ1
Data28_AGCGGTCAGAGGGCTT.7,0,JQ1
Data28_AGCGGTCCATCCTAGA.7,0,JQ1
Data28_AGCGTATGTAGAGGAA.7,0,JQ1
Data28_AGCGTCGAGAACAACT.7,0,JQ1
Data28_AGCTCCTCAGGCAGTA.7,0,JQ1
Data28_AGCTCCTTCGTAGATC.7,0,JQ1
Data28_AGCTCTCAGCTCCCAG.7,0,JQ1
Data28_AGCTCTCAGGTGCTTT.7,0,JQ1
Data28_AGCTCTCGTGAAAGAG.7,0,JQ1
Data28_AGCTCTCGTTGAGGTG.7,0,JQ1
Data28_AGCTTGAGTGCCTTGG.7,0,JQ1
Data28_AGCTTGATCTAACTCT.7,0,JQ1
Data28_AGGCCACGTTTAAGCC.7,0,JQ1
Data28_AGGCCACTCGGCTTGG.7,0,JQ1
Data28_AGGCCGTAGGATGTAT.7,0,JQ1
Data28_AGGCCGTCATCGACGC.7,0,JQ1
Data28_AGGCCGTGTCGCATAT.7,0,JQ1
Data28_AGGCCGTGTGTCGCTG.7,0,JQ1
Data28_AGGCCGTTCAATCTCT.7,0,JQ1
Data28_AGGGAGTCATCTCGCT.7,0,JQ1
Data28_AGGGATGAGTGTGAAT.7,0,JQ1
Data28_AGGGTGACACAGATTC.7,0,JQ1
Data28_AGGGTGAGTAGGGACT.7,0,JQ1
Data28_AGGGTGAGTATGGTTC.7,0,JQ1
Data28_AGGTCATCAAGCTGAG.7,0,JQ1
Data28_AGGTCCGAGGGATACC.7,0,JQ1
Data28_AGGTCCGGTTGTGGCC.7,0,JQ1
Data28_AGTAGTCCATCATCCC.7,0,JQ1
Data28_AGTCTTTAGATCCTGT.7,0,JQ1
Data28_AGTCTTTCACGGCCAT.7,0,JQ1
Data28_AGTCTTTTCATCACCC.7,0,JQ1
Data28_AGTGAGGAGGATGGTC.7,0,JQ1
Data28_AGTGTCACACCCTATC.7,0,JQ1
Data28_AGTTGGTTCTCTGCTG.7,0,JQ1
Data28_ATAACGCCATTTCACT.7,0,JQ1
Data28_ATAAGAGAGGATGCGT.7,0,JQ1
Data28_ATAAGAGCAGGCGATA.7,0,JQ1
Data28_ATAAGAGTCTCTAGGA.7,0,JQ1
Data28_ATAGACCGTGACTACT.7,0,JQ1
Data28_ATCATCTTCTCGATGA.7,0,JQ1
Data28_ATCATGGAGAAGGACA.7,0,JQ1
Data28_ATCATGGAGGCTAGCA.7,0,JQ1
Data28_ATCATGGCATAGTAAG.7,0,JQ1
Data28_ATCATGGGTATAGGGC.7,0,JQ1
Data28_ATCATGGGTGTGCCTG.7,0,JQ1
Data28_ATCCACCCAATTCCTT.7,0,JQ1
Data28_ATCCACCCACGAAACG.7,0,JQ1
Data28_ATCCGAAAGATCACGG.7,0,JQ1
Data28_ATCCGAACATGCCACG.7,0,JQ1
Data28_ATCCGAACATTATCTC.7,0,JQ1
Data28_ATCCGAAGTCGAGATG.7,0,JQ1
Data28_ATCCGAATCGTTTAGG.7,0,JQ1
Data28_ATCGAGTCAGGTCTCG.7,0,JQ1
Data28_ATCGAGTGTGCACCAC.7,0,JQ1
Data28_ATCTACTAGATATGGT.7,0,JQ1
Data28_ATCTGCCCAATCTGCA.7,0,JQ1
Data28_ATGAGGGAGACAAGCC.7,0,JQ1
Data28_ATGAGGGGTCGACTGC.7,0,JQ1
Data28_ATGCGATCAGATCGGA.7,0,JQ1
Data28_ATGCGATTCATGGTCA.7,0,JQ1
Data28_ATGGGAGGTCCCGACA.7,0,JQ1
Data28_ATGTGTGCAGCTGCTG.7,0,JQ1
Data28_ATTACTCCACCCAGTG.7,0,JQ1
Data28_ATTACTCGTGTATGGG.7,0,JQ1
Data28_ATTACTCTCCAAACAC.7,0,JQ1
Data28_ATTATCCAGTCTCCTC.7,0,JQ1
Data28_ATTATCCGTTGCCTCT.7,0,JQ1
Data28_ATTGGTGAGCTGTTCA.7,0,JQ1
Data28_ATTTCTGCAGCTTAAC.7,0,JQ1
Data28_ATTTCTGCAGTAAGCG.7,0,JQ1
Data28_CAACCAAGTATAGGGC.7,0,JQ1
Data28_CAACCTCTCAACACGT.7,0,JQ1
Data28_CAACCTCTCACTCCTG.7,0,JQ1
Data28_CAACTAGAGAGAGCTC.7,0,JQ1
Data28_CAACTAGCATCGATGT.7,0,JQ1
Data28_CAACTAGTCGTCTGCT.7,0,JQ1
Data28_CAACTAGTCTGCGACG.7,0,JQ1
Data28_CAAGAAAAGCAGATCG.7,0,JQ1
Data28_CAAGATCCATGCTAGT.7,0,JQ1
Data28_CAAGGCCAGCTGAACG.7,0,JQ1
Data28_CAAGGCCGTAATTGGA.7,0,JQ1
Data28_CAAGGCCGTGGTTTCA.7,0,JQ1
Data28_CAAGGCCTCCACTCCA.7,0,JQ1
Data28_CAAGTTGAGTCGAGTG.7,0,JQ1
Data28_CAAGTTGCAAGTAATG.7,0,JQ1
Data28_CAAGTTGTCATACGGT.7,0,JQ1
Data28_CACAAACAGGGTCTCC.7,0,JQ1
Data28_CACAAACCAAAGTGCG.7,0,JQ1
Data28_CACAAACTCATGCATG.7,0,JQ1
Data28_CACAAACTCCGTTGTC.7,0,JQ1
Data28_CACACAAAGTTAGCGG.7,0,JQ1
Data28_CACACAAGTGACTCAT.7,0,JQ1
Data28_CACACCTCACCTCGGA.7,0,JQ1
Data28_CACACCTGTTGTACAC.7,0,JQ1
Data28_CACACTCGTCGCCATG.7,0,JQ1
Data28_CACAGGCGTTGAACTC.7,0,JQ1
Data28_CACAGTACATCGATTG.7,0,JQ1
Data28_CACATAGCAGCTTCGG.7,0,JQ1
Data28_CACATTTTCTACGAGT.7,0,JQ1
Data28_CACATTTTCTTGAGGT.7,0,JQ1
Data28_CACCACTGTATTCTCT.7,0,JQ1
Data28_CACCACTTCGGAAATA.7,0,JQ1
Data28_CACCAGGCATCACGAT.7,0,JQ1
Data28_CACCAGGGTGCACCAC.7,0,JQ1
Data28_CACCAGGTCAAGCCTA.7,0,JQ1
Data28_CACTCCAAGATGCCAG.7,0,JQ1
Data28_CAGAATCAGATCCTGT.7,0,JQ1
Data28_CAGAATCAGTGTCCCG.7,0,JQ1
Data28_CAGAATCCAAACGCGA.7,0,JQ1
Data28_CAGAATCGTAAACCTC.7,0,JQ1
Data28_CAGAGAGAGAGTAATC.7,0,JQ1
Data28_CAGAGAGCACTGTTAG.7,0,JQ1
Data28_CAGAGAGGTATGAAAC.7,0,JQ1
Data28_CAGAGAGTCTCTAAGG.7,0,JQ1
Data28_CAGATCATCCAAATGC.7,0,JQ1
Data28_CAGCAGCAGTTAGCGG.7,0,JQ1
Data28_CAGCAGCCATCCGTGG.7,0,JQ1
Data28_CAGCAGCGTTATGTGC.7,0,JQ1
Data28_CAGCATACACCCATTC.7,0,JQ1
Data28_CAGCATAGTAAGTGGC.7,0,JQ1
Data28_CAGCCGACACCGCTAG.7,0,JQ1
Data28_CAGCCGAGTAGTGAAT.7,0,JQ1
Data28_CAGCGACAGACGCACA.7,0,JQ1
Data28_CAGCGACAGGGCATGT.7,0,JQ1
Data28_CAGCGACTCAGGTAAA.7,0,JQ1
Data28_CAGCTAACATGAAGTA.7,0,JQ1
Data28_CAGCTAATCAGGCAAG.7,0,JQ1
Data28_CAGGTGCCAATGGATA.7,0,JQ1
Data28_CAGGTGCCAGGTTTCA.7,0,JQ1
Data28_CAGGTGCGTAGTACCT.7,0,JQ1
Data28_CATATGGAGAATGTGT.7,0,JQ1
Data28_CATATGGCAGGGATTG.7,0,JQ1
Data28_CATATGGGTGAAAGAG.7,0,JQ1
Data28_CATCAAGCACACAGAG.7,0,JQ1
Data28_CATCAAGGTTTGGGCC.7,0,JQ1
Data28_CATCAGAAGTGAAGAG.7,0,JQ1
Data28_CATCAGAGTAGTGAAT.7,0,JQ1
Data28_CATCCACAGAGCCTAG.7,0,JQ1
Data28_CATCCACCATGCCCGA.7,0,JQ1
Data28_CATCCACTCTGAGTGT.7,0,JQ1
Data28_CATCGAAGTTTCCACC.7,0,JQ1
Data28_CATCGGGAGCTGAAAT.7,0,JQ1
Data28_CATCGGGTCATGCATG.7,0,JQ1
Data28_CATGACAAGCAATATG.7,0,JQ1
Data28_CATGACACAATGTAAG.7,0,JQ1
Data28_CATGACAGTCCGTTAA.7,0,JQ1
Data28_CATGACAGTGTTCGAT.7,0,JQ1
Data28_CATGCCTAGGAGTAGA.7,0,JQ1
Data28_CATGCCTAGGCCCTCA.7,0,JQ1
Data28_CATGCCTCATTCTCAT.7,0,JQ1
Data28_CATGGCGGTCAGTGGA.7,0,JQ1
Data28_CATGGCGGTTGTACAC.7,0,JQ1
Data28_CATGGCGTCTTTCCTC.7,0,JQ1
Data28_CATTATCAGGAGTCTG.7,0,JQ1
Data28_CATTATCGTATAGTAG.7,0,JQ1
Data28_CATTATCTCAGCTTAG.7,0,JQ1
Data28_CATTCGCAGAACTCGG.7,0,JQ1
Data28_CATTCGCGTGTTCTTT.7,0,JQ1
Data28_CATTCGCTCCAAAGTC.7,0,JQ1
Data28_CCAATCCAGCTGGAAC.7,0,JQ1
Data28_CCAATCCTCCTCATTA.7,0,JQ1
Data28_CCAATCCTCGCGATCG.7,0,JQ1
Data28_CCACCTATCACTATTC.7,0,JQ1
Data28_CCACCTATCTTTCCTC.7,0,JQ1
Data28_CCACGGATCAACACAC.7,0,JQ1
Data28_CCACTACCAGGAATGC.7,0,JQ1
Data28_CCAGCGAAGGGTCGAT.7,0,JQ1
Data28_CCAGCGACAGAAGCAC.7,0,JQ1
Data28_CCAGCGAGTTGGACCC.7,0,JQ1
Data28_CCATGTCAGAACTGTA.7,0,JQ1
Data28_CCATGTCGTGTCCTCT.7,0,JQ1
Data28_CCCAATCAGAATTCCC.7,0,JQ1
Data28_CCCAATCAGGCCGAAT.7,0,JQ1
Data28_CCCAATCGTCTGGTCG.7,0,JQ1
Data28_CCCAGTTAGACGACGT.7,0,JQ1
Data28_CCCAGTTTCTTGTCAT.7,0,JQ1
Data28_CCCATACCAAAGTCAA.7,0,JQ1
Data28_CCCTCCTGTAAGTTCC.7,0,JQ1
Data28_CCCTCCTGTGTCAATC.7,0,JQ1
Data28_CCGGGATGTAAGAGGA.7,0,JQ1
Data28_CCGGTAGAGGACAGCT.7,0,JQ1
Data28_CCGGTAGAGGTGCTTT.7,0,JQ1
Data28_CCGGTAGGTGCCTGTG.7,0,JQ1
Data28_CCGTACTAGTGTTGAA.7,0,JQ1
Data28_CCGTGGAAGACTGTAA.7,0,JQ1
Data28_CCGTTCAGTACCGTTA.7,0,JQ1
Data28_CCGTTCAGTATAGGGC.7,0,JQ1
Data28_CCGTTCAGTCAAAGCG.7,0,JQ1
Data28_CCGTTCATCCGCAGTG.7,0,JQ1
Data28_CCGTTCATCTAACTCT.7,0,JQ1
Data28_CCTAAAGCATGCTGGC.7,0,JQ1
Data28_CCTAAAGCATGGATGG.7,0,JQ1
Data28_CCTAAAGTCTGACCTC.7,0,JQ1
Data28_CCTACACAGACAAGCC.7,0,JQ1
Data28_CCTACCAAGCGTGAAC.7,0,JQ1
Data28_CCTACCACAACACCCG.7,0,JQ1
Data28_CCTACCAGTAGCGTAG.7,0,JQ1
Data28_CCTAGCTAGTTACGGG.7,0,JQ1
Data28_CCTATTAGTAATCGTC.7,0,JQ1
Data28_CCTCAGTTCGGCATCG.7,0,JQ1
Data28_CCTCTGAAGTTTGCGT.7,0,JQ1
Data28_CCTTCCCAGCCTATGT.7,0,JQ1
Data28_CCTTCCCGTCCTGCTT.7,0,JQ1
Data28_CCTTCCCTCTGTCAAG.7,0,JQ1
Data28_CCTTCGAAGCCCAGCT.7,0,JQ1
Data28_CCTTCGAAGCTGCGAA.7,0,JQ1
Data28_CCTTCGACAGTCAGCC.7,0,JQ1
Data28_CCTTCGAGTCCGAGTC.7,0,JQ1
Data28_CCTTTCTAGGGCTTGA.7,0,JQ1
Data28_CCTTTCTGTTGTGGAG.7,0,JQ1
Data28_CCTTTCTTCCGCATAA.7,0,JQ1
Data28_CGAACATTCGTGGACC.7,0,JQ1
Data28_CGAATGTAGACTGTAA.7,0,JQ1
Data28_CGACCTTTCATCTGTT.7,0,JQ1
Data28_CGACTTCCATACTACG.7,0,JQ1
Data28_CGACTTCCATAGACTC.7,0,JQ1
Data28_CGACTTCTCTAACGGT.7,0,JQ1
Data28_CGAGAAGAGACGCAAC.7,0,JQ1
Data28_CGAGAAGGTCGCTTTC.7,0,JQ1
Data28_CGAGAAGTCGATGAGG.7,0,JQ1
Data28_CGAGCACGTCGAAAGC.7,0,JQ1
Data28_CGAGCCACAGGCGATA.7,0,JQ1
Data28_CGAGCCATCCACGAAT.7,0,JQ1
Data28_CGATCGGGTACCATCA.7,0,JQ1
Data28_CGATCGGGTTTCCACC.7,0,JQ1
Data28_CGATCGGTCGTTACGA.7,0,JQ1
Data28_CGATGGCCACTCGACG.7,0,JQ1
Data28_CGATGTAAGTAAGTAC.7,0,JQ1
Data28_CGATGTACAGGGTACA.7,0,JQ1
Data28_CGATTGACAAGAAAGG.7,0,JQ1
Data28_CGCCAAGAGTTGAGAT.7,0,JQ1
Data28_CGCCAAGGTAATTGGA.7,0,JQ1
Data28_CGCCAAGGTGTTGGGA.7,0,JQ1
Data28_CGCGTTTCAGGATTGG.7,0,JQ1
Data28_CGCGTTTGTGCAACTT.7,0,JQ1
Data28_CGCGTTTTCAGGATCT.7,0,JQ1
Data28_CGCTATCTCGATAGAA.7,0,JQ1
Data28_CGCTTCACAGACTCGC.7,0,JQ1
Data28_CGGACACAGACAGACC.7,0,JQ1
Data28_CGGACACAGTACCGGA.7,0,JQ1
Data28_CGGACACCATGGTCTA.7,0,JQ1
Data28_CGGACACGTCGACTAT.7,0,JQ1
Data28_CGGACGTAGTCCCACG.7,0,JQ1
Data28_CGGACGTGTCATACTG.7,0,JQ1
Data28_CGGACGTGTTCAACCA.7,0,JQ1
Data28_CGGACTGCAAACGCGA.7,0,JQ1
Data28_CGGACTGGTTAGGGTG.7,0,JQ1
Data28_CGGAGCTCATTACCTT.7,0,JQ1
Data28_CGGAGCTGTACCGTAT.7,0,JQ1
Data28_CGGAGCTTCGCTTAGA.7,0,JQ1
Data28_CGGAGTCGTCTAGCCG.7,0,JQ1
Data28_CGGCTAGCAAGCGTAG.7,0,JQ1
Data28_CGGCTAGGTCGCGTGT.7,0,JQ1
Data28_CGGGTCAGTAAACGCG.7,0,JQ1
Data28_CGTAGCGAGTGTCTCA.7,0,JQ1
Data28_CGTCACTTCCACGTTC.7,0,JQ1
Data28_CGTCAGGAGGTGACCA.7,0,JQ1
Data28_CGTCCATCATGCAACT.7,0,JQ1
Data28_CGTCTACCATGGTCTA.7,0,JQ1
Data28_CGTGAGCAGTACGCCC.7,0,JQ1
Data28_CGTGAGCCATTGTGCA.7,0,JQ1
Data28_CGTGTAACACATGACT.7,0,JQ1
Data28_CGTGTAATCTCAAACG.7,0,JQ1
Data28_CGTGTCTCATCACGAT.7,0,JQ1
Data28_CGTGTCTGTAGAGGAA.7,0,JQ1
Data28_CGTTAGAAGTTACCCA.7,0,JQ1
Data28_CGTTAGAGTTGTACAC.7,0,JQ1
Data28_CGTTCTGAGTATGACA.7,0,JQ1
Data28_CGTTCTGGTAACGACG.7,0,JQ1
Data28_CGTTCTGTCTCTGCTG.7,0,JQ1
Data28_CGTTGGGTCCGATATG.7,0,JQ1
Data28_CTAACTTCAGCTGGCT.7,0,JQ1
Data28_CTAAGACGTATGAATG.7,0,JQ1
Data28_CTAAGACTCACATACG.7,0,JQ1
Data28_CTAATGGAGCAATATG.7,0,JQ1
Data28_CTAATGGCACGGCCAT.7,0,JQ1
Data28_CTAATGGGTCATATCG.7,0,JQ1
Data28_CTAATGGGTCGAAAGC.7,0,JQ1
Data28_CTACACCAGAGGGCTT.7,0,JQ1
Data28_CTACATTAGCTACCTA.7,0,JQ1
Data28_CTACATTGTCTAAACC.7,0,JQ1
Data28_CTACATTTCAGAAATG.7,0,JQ1
Data28_CTACCCACATCACGAT.7,0,JQ1
Data28_CTACCCAGTTACCGAT.7,0,JQ1
Data28_CTACGTCCAAACGCGA.7,0,JQ1
Data28_CTACGTCTCGCCATAA.7,0,JQ1
Data28_CTACGTCTCTCAAGTG.7,0,JQ1
Data28_CTAGCCTCAGGGTACA.7,0,JQ1
Data28_CTAGTGACATGCCTAA.7,0,JQ1
Data28_CTAGTGAGTACCCAAT.7,0,JQ1
Data28_CTCACACAGTACGACG.7,0,JQ1
Data28_CTCACACTCTTCCTTC.7,0,JQ1
Data28_CTCAGAACACCAGGCT.7,0,JQ1
Data28_CTCAGAATCCAATGGT.7,0,JQ1
Data28_CTCATTAAGGGTGTTG.7,0,JQ1
Data28_CTCATTACACTCTGTC.7,0,JQ1
Data28_CTCATTATCTGCAAGT.7,0,JQ1
Data28_CTCCTAGGTTGTGGCC.7,0,JQ1
Data28_CTCGGAGTCAGCTCTC.7,0,JQ1
Data28_CTCGTACAGCCCAGCT.7,0,JQ1
Data28_CTCGTACAGGCAGTCA.7,0,JQ1
Data28_CTCGTACGTCCATCCT.7,0,JQ1
Data28_CTCGTCAGTAAGCACG.7,0,JQ1
Data28_CTCTACGTCTTCATGT.7,0,JQ1
Data28_CTCTGGTAGGCTATCT.7,0,JQ1
Data28_CTGAAACGTGACCAAG.7,0,JQ1
Data28_CTGAAACGTGATAAAC.7,0,JQ1
Data28_CTGAAACGTGTGAAAT.7,0,JQ1
Data28_CTGAAACTCGGACAAG.7,0,JQ1
Data28_CTGAAGTGTTCATGGT.7,0,JQ1
Data28_CTGATAGCAGAGTGTG.7,0,JQ1
Data28_CTGATAGTCACGATGT.7,0,JQ1
Data28_CTGCCTAAGACATAAC.7,0,JQ1
Data28_CTGCCTAGTGACTACT.7,0,JQ1
Data28_CTGGTCTAGCTAACAA.7,0,JQ1
Data28_CTGGTCTAGGCTACGA.7,0,JQ1
Data28_CTGGTCTGTGATGATA.7,0,JQ1
Data28_CTGGTCTTCAACGGGA.7,0,JQ1
Data28_CTGGTCTTCGTACGGC.7,0,JQ1
Data28_CTGTGCTGTTACGTCA.7,0,JQ1
Data28_CTGTGCTTCCTGTAGA.7,0,JQ1
Data28_CTGTTTAAGAGAGCTC.7,0,JQ1
Data28_CTTACCGAGGAACTGC.7,0,JQ1
Data28_CTTACCGCAATGTAAG.7,0,JQ1
Data28_CTTACCGTCAAGCCTA.7,0,JQ1
Data28_CTTAGGACAATCGAAA.7,0,JQ1
Data28_CTTCTCTAGGACCACA.7,0,JQ1
Data28_CTTCTCTAGTGGGTTG.7,0,JQ1
Data28_CTTCTCTTCCGCATCT.7,0,JQ1
Data28_CTTGGCTGTCCTGCTT.7,0,JQ1
Data28_GAAACTCGTTCGTCTC.7,0,JQ1
Data28_GAAATGAAGCACGCCT.7,0,JQ1
Data28_GAAATGAGTCTGCGGT.7,0,JQ1
Data28_GAAATGAGTTGAACTC.7,0,JQ1
Data28_GAAATGATCAATAAGG.7,0,JQ1
Data28_GAAATGATCAGGTTCA.7,0,JQ1
Data28_GAAATGATCTGATACG.7,0,JQ1
Data28_GAACATCCAACGATCT.7,0,JQ1
Data28_GAACATCGTTGTGGAG.7,0,JQ1
Data28_GAACATCTCAAGAAGT.7,0,JQ1
Data28_GAACCTACACACAGAG.7,0,JQ1
Data28_GAACCTACAGATCGGA.7,0,JQ1
Data28_GAACGGAGTGCTGTAT.7,0,JQ1
Data28_GAAGCAGTCTCGTTTA.7,0,JQ1
Data28_GAATAAGCAACACGCC.7,0,JQ1
Data28_GAATAAGCAGCCTATA.7,0,JQ1
Data28_GAATAAGTCGTAGGTT.7,0,JQ1
Data28_GAATGAAAGGTGACCA.7,0,JQ1
Data28_GAATGAACATTGGTAC.7,0,JQ1
Data28_GAATGAAGTTGAACTC.7,0,JQ1
Data28_GACACGCCATCCCATC.7,0,JQ1
Data28_GACACGCGTACTTGAC.7,0,JQ1
Data28_GACAGAGCAAGAGTCG.7,0,JQ1
Data28_GACCAATGTAGCTGCC.7,0,JQ1
Data28_GACCAATTCAAGATCC.7,0,JQ1
Data28_GACCTGGCAAGGACAC.7,0,JQ1
Data28_GACGCGTTCATAAAGG.7,0,JQ1
Data28_GACGTGCGTCATGCCG.7,0,JQ1
Data28_GACGTGCGTGCGCTTG.7,0,JQ1
Data28_GACGTGCGTTCCATGA.7,0,JQ1
Data28_GACGTTATCATCGGAT.7,0,JQ1
Data28_GACTACAAGCATCATC.7,0,JQ1
Data28_GACTACAAGCCGTCGT.7,0,JQ1
Data28_GACTACATCTTCAACT.7,0,JQ1
Data28_GACTGCGTCACTCCTG.7,0,JQ1
Data28_GAGGTGAAGTAACCCT.7,0,JQ1
Data28_GAGGTGAGTTCGTGAT.7,0,JQ1
Data28_GAGTCCGAGGTGCAAC.7,0,JQ1
Data28_GATCGATAGCAAATCA.7,0,JQ1
Data28_GATCGATAGTTCGCGC.7,0,JQ1
Data28_GATCGATTCAAGGTAA.7,0,JQ1
Data28_GATCGCGCAATACGCT.7,0,JQ1
Data28_GATCGCGTCTTAACCT.7,0,JQ1
Data28_GATCTAGCATGGTTGT.7,0,JQ1
Data28_GATGAAACACAGGCCT.7,0,JQ1
Data28_GATGAAACACGGTGTC.7,0,JQ1
Data28_GATGAAATCAGGATCT.7,0,JQ1
Data28_GATGAAATCTTGCAAG.7,0,JQ1
Data28_GATGAGGAGAGATGAG.7,0,JQ1
Data28_GATGAGGAGGTGCTTT.7,0,JQ1
Data28_GATGAGGGTAAGGATT.7,0,JQ1
Data28_GATGAGGGTAGAAAGG.7,0,JQ1
Data28_GATGCTATCCTTGACC.7,0,JQ1
Data28_GCAAACTGTCACCTAA.7,0,JQ1
Data28_GCAAACTTCTGGCGTG.7,0,JQ1
Data28_GCAATCAAGGTGACCA.7,0,JQ1
Data28_GCAATCAAGTGTGAAT.7,0,JQ1
Data28_GCAATCAGTACTTCTT.7,0,JQ1
Data28_GCACATAAGTGAACGC.7,0,JQ1
Data28_GCACATATCTACTATC.7,0,JQ1
Data28_GCACTCTAGACTGTAA.7,0,JQ1
Data28_GCACTCTAGTCGATAA.7,0,JQ1
Data28_GCACTCTCACGACTCG.7,0,JQ1
Data28_GCAGCCACAATGACCT.7,0,JQ1
Data28_GCAGCCACACCTCGTT.7,0,JQ1
Data28_GCAGCCAGTACAGCAG.7,0,JQ1
Data28_GCAGTTAAGAGACGAA.7,0,JQ1
Data28_GCAGTTAAGATCCCGC.7,0,JQ1
Data28_GCATACAGTAGTGAAT.7,0,JQ1
Data28_GCATGATAGGTGACCA.7,0,JQ1
Data28_GCATGATCATTCTCAT.7,0,JQ1
Data28_GCATGATGTAAGAGAG.7,0,JQ1
Data28_GCATGCGGTTGACGTT.7,0,JQ1
Data28_GCATGTAAGCGGATCA.7,0,JQ1
Data28_GCCAAATAGCCTCGTG.7,0,JQ1
Data28_GCCAAATGTCTCATCC.7,0,JQ1
Data28_GCCTCTAAGCAATCTC.7,0,JQ1
Data28_GCCTCTACAGCGTAAG.7,0,JQ1
Data28_GCGACCAGTAGCGCTC.7,0,JQ1
Data28_GCGACCAGTGCACTTA.7,0,JQ1
Data28_GCGAGAAGTTATCCGA.7,0,JQ1
Data28_GCGCAACCAACGATCT.7,0,JQ1
Data28_GCGCAGTAGCGATATA.7,0,JQ1
Data28_GCGCAGTAGGATGCGT.7,0,JQ1
Data28_GCGCAGTTCATTGCGA.7,0,JQ1
Data28_GCGCCAAAGATACACA.7,0,JQ1
Data28_GCGCGATCACGAGAGT.7,0,JQ1
Data28_GCGCGATTCTCGAGTA.7,0,JQ1
Data28_GCGGGTTAGCGGATCA.7,0,JQ1
Data28_GCGGGTTAGCTGATAA.7,0,JQ1
Data28_GCGGGTTTCGGCTTGG.7,0,JQ1
Data28_GCTCCTAAGAGCTTCT.7,0,JQ1
Data28_GCTCCTAAGTGGACGT.7,0,JQ1
Data28_GCTCTGTGTGACAAAT.7,0,JQ1
Data28_GCTCTGTTCTTTACGT.7,0,JQ1
Data28_GCTGCAGAGCTCAACT.7,0,JQ1
Data28_GCTGCGAAGGGCTCTC.7,0,JQ1
Data28_GCTGCGACATGCTAGT.7,0,JQ1
Data28_GCTGCTTGTCTTGCGG.7,0,JQ1
Data28_GCTGCTTTCGTGGGAA.7,0,JQ1
Data28_GCTTCCAAGCCAGAAC.7,0,JQ1
Data28_GCTTCCACACGAAATA.7,0,JQ1
Data28_GCTTCCATCCGAAGAG.7,0,JQ1
Data28_GCTTCCATCTTGACGA.7,0,JQ1
Data28_GGAAAGCAGCGTGAAC.7,0,JQ1
Data28_GGAAAGCAGGATGGAA.7,0,JQ1
Data28_GGAACTTAGAGCCTAG.7,0,JQ1
Data28_GGAACTTAGCCTATGT.7,0,JQ1
Data28_GGAATAAGTAGCGCAA.7,0,JQ1
Data28_GGACAAGCACGTGAGA.7,0,JQ1
Data28_GGACAGACAAAGGCGT.7,0,JQ1
Data28_GGACAGACAGACGCTC.7,0,JQ1
Data28_GGACAGATCATGTGGT.7,0,JQ1
Data28_GGACATTGTCCTAGCG.7,0,JQ1
Data28_GGACATTTCGCAAGCC.7,0,JQ1
Data28_GGACGTCTCGTTTATC.7,0,JQ1
Data28_GGAGCAACACTTGGAT.7,0,JQ1
Data28_GGATGTTCACGGATAG.7,0,JQ1
Data28_GGATTACAGATGCCTT.7,0,JQ1
Data28_GGATTACTCACATAGC.7,0,JQ1
Data28_GGCAATTGTCTTCAAG.7,0,JQ1
Data28_GGCAATTTCACTTCAT.7,0,JQ1
Data28_GGCGTGTTCGGTGTTA.7,0,JQ1
Data28_GGCTCGATCACCAGGC.7,0,JQ1
Data28_GGGAATGAGTATCGAA.7,0,JQ1
Data28_GGGAATGTCAACACTG.7,0,JQ1
Data28_GGGAGATAGCACCGTC.7,0,JQ1
Data28_GGGAGATTCGACGGAA.7,0,JQ1
Data28_GGGATGACATCGGTTA.7,0,JQ1
Data28_GGGCACTTCTGCCAGG.7,0,JQ1
Data28_GGGTCTGGTGTGGCTC.7,0,JQ1
Data28_GGGTCTGTCACAACGT.7,0,JQ1
Data28_GGGTTGCGTAATCGTC.7,0,JQ1
Data28_GGTATTGAGTACGCGA.7,0,JQ1
Data28_GGTATTGAGTTAGCGG.7,0,JQ1
Data28_GGTGCGTGTTATCGGT.7,0,JQ1
Data28_GGTGTTAGTAAGGATT.7,0,JQ1
Data28_GGTGTTAGTAGCAAAT.7,0,JQ1
Data28_GGTGTTATCGTAGGAG.7,0,JQ1
Data28_GTAACGTAGAGTGACC.7,0,JQ1
Data28_GTAACGTGTCCGTGAC.7,0,JQ1
Data28_GTAACGTTCCGTAGGC.7,0,JQ1
Data28_GTAACTGAGGATGGTC.7,0,JQ1
Data28_GTAACTGCAGACGTAG.7,0,JQ1
Data28_GTACGTAAGGAATGGA.7,0,JQ1
Data28_GTACTCCCATCGGTTA.7,0,JQ1
Data28_GTACTCCTCAGCTGGC.7,0,JQ1
Data28_GTACTCCTCCTTGCCA.7,0,JQ1
Data28_GTACTTTAGCGTGTCC.7,0,JQ1
Data28_GTACTTTCAAGCGATG.7,0,JQ1
Data28_GTACTTTGTCCAAGTT.7,0,JQ1
Data28_GTACTTTGTCGGCATC.7,0,JQ1
Data28_GTAGGCCAGACCCACC.7,0,JQ1
Data28_GTAGGCCCAGCTCCGA.7,0,JQ1
Data28_GTAGTCACAGTGGGAT.7,0,JQ1
Data28_GTATCTTGTGCGATAG.7,0,JQ1
Data28_GTCAAGTCATGAAGTA.7,0,JQ1
Data28_GTCAAGTTCTGTCAAG.7,0,JQ1
Data28_GTCACAAAGCTGTTCA.7,0,JQ1
Data28_GTCACAAAGGCTCTTA.7,0,JQ1
Data28_GTCACAACACAAGCCC.7,0,JQ1
Data28_GTCACGGAGAGAGCTC.7,0,JQ1
Data28_GTCACGGCAAACCTAC.7,0,JQ1
Data28_GTCACGGTCGAATGCT.7,0,JQ1
Data28_GTCATTTCAGTAACGG.7,0,JQ1
Data28_GTCATTTGTCGGATCC.7,0,JQ1
Data28_GTCATTTTCTTTACGT.7,0,JQ1
Data28_GTCGGGTCACAAGTAA.7,0,JQ1
Data28_GTCGGGTGTAGATTAG.7,0,JQ1
Data28_GTCGTAAAGAGCTATA.7,0,JQ1
Data28_GTCGTAAGTGGTCCGT.7,0,JQ1
Data28_GTCGTAATCAGTCAGT.7,0,JQ1
Data28_GTCGTAATCAGTTTGG.7,0,JQ1
Data28_GTCGTAATCCGCATAA.7,0,JQ1
Data28_GTCGTAATCCTAGGGC.7,0,JQ1
Data28_GTCTCGTCACCACCAG.7,0,JQ1
Data28_GTCTCGTTCGCATGGC.7,0,JQ1
Data28_GTCTTCGAGGCCCTCA.7,0,JQ1
Data28_GTCTTCGCAAGTTCTG.7,0,JQ1
Data28_GTCTTCGGTGCCTGTG.7,0,JQ1
Data28_GTGAAGGCACAGATTC.7,0,JQ1
Data28_GTGCAGCAGCACAGGT.7,0,JQ1
Data28_GTGCAGCCACATTCGA.7,0,JQ1
Data28_GTGCAGCGTAAACACA.7,0,JQ1
Data28_GTGCATAAGCTTTGGT.7,0,JQ1
Data28_GTGCATAAGTCCCACG.7,0,JQ1
Data28_GTGCGGTGTGCGCTTG.7,0,JQ1
Data28_GTGCGGTTCAGGTTCA.7,0,JQ1
Data28_GTGCTTCGTCTGATTG.7,0,JQ1
Data28_GTGGGTCCACCATGTA.7,0,JQ1
Data28_GTGGGTCTCTGCGTAA.7,0,JQ1
Data28_GTTAAGCCAGCTGGCT.7,0,JQ1
Data28_GTTACAGCATCTATGG.7,0,JQ1
Data28_GTTCATTAGATGTCGG.7,0,JQ1
Data28_GTTCATTAGGAGCGTT.7,0,JQ1
Data28_GTTCATTCAGTTAACC.7,0,JQ1
Data28_GTTCGGGAGAGCCTAG.7,0,JQ1
Data28_GTTCGGGAGGCAAAGA.7,0,JQ1
Data28_GTTCGGGGTAAGGGCT.7,0,JQ1
Data28_GTTCTCGAGGATTCGG.7,0,JQ1
Data28_GTTCTCGCAAGTTAAG.7,0,JQ1
Data28_GTTCTCGCACATCCGG.7,0,JQ1
Data28_GTTCTCGCACTATCTT.7,0,JQ1
Data28_GTTCTCGTCACCGTAA.7,0,JQ1
Data28_GTTTCTACAAGTCTGT.7,0,JQ1
Data28_GTTTCTATCATACGGT.7,0,JQ1
Data28_TAAACCGCACCAACCG.7,0,JQ1
Data28_TAAGAGACACCTCGGA.7,0,JQ1
Data28_TAAGAGACACGGTAGA.7,0,JQ1
Data28_TAAGCGTAGTACGCCC.7,0,JQ1
Data28_TAAGTGCAGAAGGTTT.7,0,JQ1
Data28_TACACGATCAATACCG.7,0,JQ1
Data28_TACACGATCTACTATC.7,0,JQ1
Data28_TACAGTGCAATACGCT.7,0,JQ1
Data28_TACAGTGGTTACGACT.7,0,JQ1
Data28_TACCTATGTAGATTAG.7,0,JQ1
Data28_TACCTTAAGATCGGGT.7,0,JQ1
Data28_TACCTTACATCCGGGT.7,0,JQ1
Data28_TACGGATAGTGCGATG.7,0,JQ1
Data28_TACGGGCCAACGATCT.7,0,JQ1
Data28_TACGGGCCATGAACCT.7,0,JQ1
Data28_TACGGTAGTCGCGAAA.7,0,JQ1
Data28_TACGGTAGTGGCTCCA.7,0,JQ1
Data28_TACGGTAGTGTCTGAT.7,0,JQ1
Data28_TACTCATCAGGTCGTC.7,0,JQ1
Data28_TACTCATCAGTGGAGT.7,0,JQ1
Data28_TACTCGCAGAGTTGGC.7,0,JQ1
Data28_TACTCGCCAAGTTCTG.7,0,JQ1
Data28_TACTCGCGTTTGGCGC.7,0,JQ1
Data28_TACTTACAGACAAAGG.7,0,JQ1
Data28_TACTTACCATACAGCT.7,0,JQ1
Data28_TACTTACGTAGGAGTC.7,0,JQ1
Data28_TACTTACGTATAGGTA.7,0,JQ1
Data28_TACTTACTCTCGGACG.7,0,JQ1
Data28_TACTTGTAGGAGCGAG.7,0,JQ1
Data28_TACTTGTCAAGCCGCT.7,0,JQ1
Data28_TACTTGTGTGATGATA.7,0,JQ1
Data28_TAGAGCTCACGGCTAC.7,0,JQ1
Data28_TAGCCGGGTATCTGCA.7,0,JQ1
Data28_TAGGCATCATGGGAAC.7,0,JQ1
Data28_TAGTGGTTCCACGTTC.7,0,JQ1
Data28_TAGTGGTTCGTAGGTT.7,0,JQ1
Data28_TAGTTGGAGCCCGAAA.7,0,JQ1
Data28_TATCAGGAGTGTGGCA.7,0,JQ1
Data28_TATCAGGCAGCATACT.7,0,JQ1
Data28_TATCAGGGTTCTCATT.7,0,JQ1
Data28_TATCAGGTCAGCGACC.7,0,JQ1
Data28_TATCAGGTCAGGATCT.7,0,JQ1
Data28_TATTACCCAGTTAACC.7,0,JQ1
Data28_TATTACCTCGGCGCTA.7,0,JQ1
Data28_TCAACGACAGATCTGT.7,0,JQ1
Data28_TCAACGAGTTAAAGAC.7,0,JQ1
Data28_TCACAAGCACATAACC.7,0,JQ1
Data28_TCACGAATCTTGTACT.7,0,JQ1
Data28_TCAGCAAAGTACGACG.7,0,JQ1
Data28_TCAGCTCGTGAGGCTA.7,0,JQ1
Data28_TCAGCTCGTGGCTCCA.7,0,JQ1
Data28_TCAGGATAGGAATTAC.7,0,JQ1
Data28_TCAGGTACACCAGGCT.7,0,JQ1
Data28_TCAGGTAGTATAGGGC.7,0,JQ1
Data28_TCAGGTAGTCCATCCT.7,0,JQ1
Data28_TCATTACAGTTTAGGA.7,0,JQ1
Data28_TCATTACGTCCCTTGT.7,0,JQ1
Data28_TCATTACGTTATGTGC.7,0,JQ1
Data28_TCATTTGTCGCGTTTC.7,0,JQ1
Data28_TCATTTGTCGGAATCT.7,0,JQ1
Data28_TCCACACCAATGGAAT.7,0,JQ1
Data28_TCCACACGTTTCGCTC.7,0,JQ1
Data28_TCCCGATTCTTGTACT.7,0,JQ1
Data28_TCGAGGCCAATGTAAG.7,0,JQ1
Data28_TCGAGGCCATCCTTGC.7,0,JQ1
Data28_TCGCGAGGTGGACGAT.7,0,JQ1
Data28_TCGCGTTAGGCAAAGA.7,0,JQ1
Data28_TCGGGACTCAGCGACC.7,0,JQ1
Data28_TCGGGACTCTCATTCA.7,0,JQ1
Data28_TCGGTAAAGATATGGT.7,0,JQ1
Data28_TCGGTAAAGTCAAGGC.7,0,JQ1
Data28_TCGGTAATCATCGGAT.7,0,JQ1
Data28_TCGTACCGTACCGAGA.7,0,JQ1
Data28_TCGTAGACAATAACGA.7,0,JQ1
Data28_TCGTAGACATTAGCCA.7,0,JQ1
Data28_TCGTAGAGTGTCGCTG.7,0,JQ1
Data28_TCGTAGAGTTCAGGCC.7,0,JQ1
Data28_TCGTAGATCCATTCTA.7,0,JQ1
Data28_TCGTAGATCTATCCCG.7,0,JQ1
Data28_TCTATTGTCCATGCTC.7,0,JQ1
Data28_TCTCATAAGATCGATA.7,0,JQ1
Data28_TCTCATACAGGATTGG.7,0,JQ1
Data28_TCTCATATCACCGTAA.7,0,JQ1
Data28_TCTCTAAAGTACGTAA.7,0,JQ1
Data28_TCTCTAAGTTCCACTC.7,0,JQ1
Data28_TCTGAGAAGATGTCGG.7,0,JQ1
Data28_TCTGAGACATGCAATC.7,0,JQ1
Data28_TCTGAGAGTTTAGGAA.7,0,JQ1
Data28_TCTGGAACAGGTCTCG.7,0,JQ1
Data28_TCTTCGGTCGAACTGT.7,0,JQ1
Data28_TCTTCGGTCGCGCCAA.7,0,JQ1
Data28_TCTTTCCTCTCTGCTG.7,0,JQ1
Data28_TGAAAGACACCGAAAG.7,0,JQ1
Data28_TGAAAGACATCCGTGG.7,0,JQ1
Data28_TGACAACAGACCTTTG.7,0,JQ1
Data28_TGACAACAGGACGAAA.7,0,JQ1
Data28_TGACAACCATATACGC.7,0,JQ1
Data28_TGACGGCCAGGAACGT.7,0,JQ1
Data28_TGACGGCTCGTCCAGG.7,0,JQ1
Data28_TGACTAGAGTCATCCA.7,0,JQ1
Data28_TGACTAGTCCTCTAGC.7,0,JQ1
Data28_TGACTTTCAGATCTGT.7,0,JQ1
Data28_TGACTTTCAGTTCATG.7,0,JQ1
Data28_TGACTTTGTCAGTGGA.7,0,JQ1
Data28_TGAGAGGAGTAGGTGC.7,0,JQ1
Data28_TGAGAGGTCTTCGGTC.7,0,JQ1
Data28_TGAGCATAGCTGGAAC.7,0,JQ1
Data28_TGAGCATAGTGTCTCA.7,0,JQ1
Data28_TGAGCATCATGGGAAC.7,0,JQ1
Data28_TGAGCCGAGACAAGCC.7,0,JQ1
Data28_TGAGGGATCGGTTAAC.7,0,JQ1
Data28_TGCACCTAGATGTAAC.7,0,JQ1
Data28_TGCACCTAGCACACAG.7,0,JQ1
Data28_TGCCAAAAGACTCGGA.7,0,JQ1
Data28_TGCCAAATCTGTACGA.7,0,JQ1
Data28_TGCCCATGTCACAAGG.7,0,JQ1
Data28_TGCCCATGTGCCTGTG.7,0,JQ1
Data28_TGCCCATGTGTTCTTT.7,0,JQ1
Data28_TGCCCTAAGAAGGACA.7,0,JQ1
Data28_TGCCCTATCGCCCTTA.7,0,JQ1
Data28_TGCGCAGAGAGTACCG.7,0,JQ1
Data28_TGCGGGTCAAGACACG.7,0,JQ1
Data28_TGCGGGTGTAAACGCG.7,0,JQ1
Data28_TGCGGGTTCGTTACAG.7,0,JQ1
Data28_TGCGGGTTCTTCGAGA.7,0,JQ1
Data28_TGCGTGGAGTTTAGGA.7,0,JQ1
Data28_TGCGTGGCAATACGCT.7,0,JQ1
Data28_TGCGTGGTCAGCTCTC.7,0,JQ1
Data28_TGCTACCCACGTGAGA.7,0,JQ1
Data28_TGCTACCTCCAAATGC.7,0,JQ1
Data28_TGCTGCTAGGGTGTGT.7,0,JQ1
Data28_TGCTGCTTCATCGCTC.7,0,JQ1
Data28_TGGACGCAGAATTCCC.7,0,JQ1
Data28_TGGACGCAGTCGTTTG.7,0,JQ1
Data28_TGGACGCCACTTCTGC.7,0,JQ1
Data28_TGGCCAGTCCACGCAG.7,0,JQ1
Data28_TGGCGCAGTTCGTGAT.7,0,JQ1
Data28_TGGCTGGAGTAGCGGT.7,0,JQ1
Data28_TGGCTGGGTCACCTAA.7,0,JQ1
Data28_TGGCTGGGTCTTGCGG.7,0,JQ1
Data28_TGGCTGGTCGGTCCGA.7,0,JQ1
Data28_TGGGAAGAGTGACTCT.7,0,JQ1
Data28_TGGGAAGGTTTGACAC.7,0,JQ1
Data28_TGGGCGTCAAGTCTGT.7,0,JQ1
Data28_TGGGCGTCAGCGTCCA.7,0,JQ1
Data28_TGGGCGTCATTCACTT.7,0,JQ1
Data28_TGGGCGTGTAAACGCG.7,0,JQ1
Data28_TGGTTAGCACGACGAA.7,0,JQ1
Data28_TGGTTAGGTACCAGTT.7,0,JQ1
Data28_TGGTTAGGTCCGTTAA.7,0,JQ1
Data28_TGGTTCCAGGCAAAGA.7,0,JQ1
Data28_TGTATTCAGCTAGGCA.7,0,JQ1
Data28_TGTATTCAGGGATGGG.7,0,JQ1
Data28_TGTCCCAAGTACGCGA.7,0,JQ1
Data28_TGTCCCACAGATCGGA.7,0,JQ1
Data28_TGTCCCAGTCAAGCGA.7,0,JQ1
Data28_TGTGGTAAGGCGCTCT.7,0,JQ1
Data28_TGTGGTAAGTACATGA.7,0,JQ1
Data28_TGTGGTACAAACTGCT.7,0,JQ1
Data28_TGTGTTTGTGCACGAA.7,0,JQ1
Data28_TGTTCCGAGCCAGAAC.7,0,JQ1
Data28_TTAACTCGTCACTGGC.7,0,JQ1
Data28_TTAGGACGTTAAGGGC.7,0,JQ1
Data28_TTAGGCACAGCTCGCA.7,0,JQ1
Data28_TTAGGCAGTGACTCAT.7,0,JQ1
Data28_TTAGTTCCAAGGCTCC.7,0,JQ1
Data28_TTAGTTCGTCGCATAT.7,0,JQ1
Data28_TTATGCTAGTCGTTTG.7,0,JQ1
Data28_TTCCCAGAGCTAACAA.7,0,JQ1
Data28_TTCCCAGGTGACAAAT.7,0,JQ1
Data28_TTCGAAGAGCCAGTTT.7,0,JQ1
Data28_TTCGAAGCAATGTTGC.7,0,JQ1
Data28_TTCGGTCAGCAGGCTA.7,0,JQ1
Data28_TTCGGTCAGCTCCCAG.7,0,JQ1
Data28_TTCGGTCCAACTGCTA.7,0,JQ1
Data28_TTCGGTCGTCGGCTCA.7,0,JQ1
Data28_TTCTACAAGCAATCTC.7,0,JQ1
Data28_TTCTACACACATGACT.7,0,JQ1
Data28_TTCTACACATTAGGCT.7,0,JQ1
Data28_TTCTCAACACAGACAG.7,0,JQ1
Data28_TTCTCCTAGGCACATG.7,0,JQ1
Data28_TTCTCCTCATCACAAC.7,0,JQ1
Data28_TTCTCCTGTACGACCC.7,0,JQ1
Data28_TTCTTAGAGCTAACTC.7,0,JQ1
Data28_TTCTTAGCACCTTGTC.7,0,JQ1
Data28_TTCTTAGGTACAGTGG.7,0,JQ1
Data28_TTGAACGGTCCAGTAT.7,0,JQ1
Data28_TTGACTTGTCTCTTTA.7,0,JQ1
Data28_TTGACTTTCGCCTGAG.7,0,JQ1
Data28_TTGCCGTAGCGATGAC.7,0,JQ1
Data28_TTGCCGTAGTGGACGT.7,0,JQ1
Data28_TTGCCGTCAGCCTATA.7,0,JQ1
Data28_TTGCGTCAGGATGTAT.7,0,JQ1
Data28_TTGCGTCTCTGGGCCA.7,0,JQ1
Data28_TTGGAACAGAGATGAG.7,0,JQ1
Data28_TTGGAACAGTACGACG.7,0,JQ1
Data28_TTGGAACCACAACTGT.7,0,JQ1
Data28_TTGGAACTCTGTTTGT.7,0,JQ1
Data28_TTGGCAACAGCTCGCA.7,0,JQ1
Data28_TTGGCAACATGGGACA.7,0,JQ1
Data28_TTGGCAACATGTCCTC.7,0,JQ1
Data28_TTGTAGGAGAAACGCC.7,0,JQ1
Data28_TTGTAGGCAACGCACC.7,0,JQ1
Data28_TTTACTGTCTGGCGAC.7,0,JQ1
Data28_TTTATGCAGCGATTCT.7,0,JQ1
Data28_TTTATGCGTCACCCAG.7,0,JQ1
Data28_TTTATGCGTCCCTTGT.7,0,JQ1
Data28_TTTATGCTCCAGAGGA.7,0,JQ1
Data28_TTTCCTCAGACACGAC.7,0,JQ1
Data28_TTTCCTCCAAACTGTC.7,0,JQ1
Data28_TTTCCTCCATGACGGA.7,0,JQ1
Data28_TTTCCTCGTCATACTG.7,0,JQ1
Data28_TTTCCTCTCATTTGGG.7,0,JQ1
Data28_TTTGCGCCATCATCCC.7,0,JQ1
Data28_TTTGGTTCATTCACTT.7,0,JQ1
Data28_TTTGTCAAGAAGAAGC.7,0,JQ1
Data29_AAACCTGTCTGGCGTG.1,1,palbociclib
Data29_AAACCTGTCTTTCCTC.1,1,palbociclib
Data29_AAAGCAAAGGCTAGGT.1,1,palbociclib
Data29_AAAGCAACAGTGACAG.1,1,palbociclib
Data29_AAAGTAGCAGGGCATA.1,1,palbociclib
Data29_AAAGTAGTCCACGACG.1,1,palbociclib
Data29_AAATGCCGTGCTTCTC.1,1,palbociclib
Data29_AACACGTGTCCAAGTT.1,1,palbociclib
Data29_AACCATGCACAAGACG.1,1,palbociclib
Data29_AACTCAGCAGCGTCCA.1,1,palbociclib
Data29_AACTCAGCATGGGACA.1,1,palbociclib
Data29_AACTCCCGTACGACCC.1,1,palbociclib
Data29_AACTCTTAGATACACA.1,1,palbociclib
Data29_AACTCTTCACAGACTT.1,1,palbociclib
Data29_AACTGGTGTGTAATGA.1,1,palbociclib
Data29_AACTTTCAGATGTTAG.1,1,palbociclib
Data29_AACTTTCCACATCTTT.1,1,palbociclib
Data29_AACTTTCGTCAAGCGA.1,1,palbociclib
Data29_AACTTTCGTCGGCACT.1,1,palbociclib
Data29_AAGGAGCAGTAGCGGT.1,1,palbociclib
Data29_AAGGCAGCAATGGTCT.1,1,palbociclib
Data29_AAGGTTCCAGACGCCT.1,1,palbociclib
Data29_AAGTCTGTCAGCTCTC.1,1,palbociclib
Data29_AATCCAGCACTGCCAG.1,1,palbociclib
Data29_AATCCAGTCGAATGCT.1,1,palbociclib
Data29_AATCGGTAGCCGTCGT.1,1,palbociclib
Data29_AATCGGTGTATCAGTC.1,1,palbociclib
Data29_ACACCCTAGCTGAACG.1,1,palbociclib
Data29_ACACCCTAGTGCCATT.1,1,palbociclib
Data29_ACACCCTAGTTGTAGA.1,1,palbociclib
Data29_ACACCGGAGACTAAGT.1,1,palbociclib
Data29_ACACTGAGTAGGCTGA.1,1,palbociclib
Data29_ACAGCCGTCTCTGTCG.1,1,palbociclib
Data29_ACAGCTAAGAGATGAG.1,1,palbociclib
Data29_ACATCAGAGCCATCGC.1,1,palbociclib
Data29_ACATCAGTCGACAGCC.1,1,palbociclib
Data29_ACATGGTAGCTTATCG.1,1,palbociclib
Data29_ACATGGTCACCAGGTC.1,1,palbociclib
Data29_ACCAGTACACACATGT.1,1,palbociclib
Data29_ACCAGTAGTTGAGTTC.1,1,palbociclib
Data29_ACCAGTATCACATAGC.1,1,palbociclib
Data29_ACCGTAACAAACCCAT.1,1,palbociclib
Data29_ACCTTTAAGATGTGGC.1,1,palbociclib
Data29_ACCTTTACAATTCCTT.1,1,palbociclib
Data29_ACGAGCCTCATTGCCC.1,1,palbociclib
Data29_ACGAGCCTCATTGCGA.1,1,palbociclib
Data29_ACGAGGATCCCTAACC.1,1,palbociclib
Data29_ACGATACAGGCCGAAT.1,1,palbociclib
Data29_ACGATGTCAATCAGAA.1,1,palbociclib
Data29_ACGATGTGTGGTCCGT.1,1,palbociclib
Data29_ACGATGTTCAACCAAC.1,1,palbociclib
Data29_ACGCAGCAGTTAGCGG.1,1,palbociclib
Data29_ACGCAGCCATCTGGTA.1,1,palbociclib
Data29_ACGCAGCGTAGGAGTC.1,1,palbociclib
Data29_ACGCAGCGTTCGCTAA.1,1,palbociclib
Data29_ACGCCAGCACAGACAG.1,1,palbociclib
Data29_ACGCCAGCATGGGACA.1,1,palbociclib
Data29_ACGCCGAGTGTAAGTA.1,1,palbociclib
Data29_ACGCCGATCCTTTACA.1,1,palbociclib
Data29_ACGGAGAGTTATCCGA.1,1,palbociclib
Data29_ACGGGCTTCGTGACAT.1,1,palbociclib
Data29_ACGGGTCTCGACGGAA.1,1,palbociclib
Data29_ACTATCTAGCGCCTCA.1,1,palbociclib
Data29_ACTATCTTCACCTCGT.1,1,palbociclib
Data29_ACTATCTTCAGCTTAG.1,1,palbociclib
Data29_ACTGAGTAGCACCGCT.1,1,palbociclib
Data29_ACTGATGCAATGGACG.1,1,palbociclib
Data29_ACTGCTCTCCAAGTAC.1,1,palbociclib
Data29_ACTGTCCGTCGGATCC.1,1,palbociclib
Data29_ACTTTCATCACAATGC.1,1,palbociclib
Data29_ACTTTCATCATTATCC.1,1,palbociclib
Data29_ACTTTCATCGGTGTTA.1,1,palbociclib
Data29_AGAATAGAGTGCGTGA.1,1,palbociclib
Data29_AGAATAGCAAGCGTAG.1,1,palbociclib
Data29_AGAATAGCAGACAAGC.1,1,palbociclib
Data29_AGACGTTGTAGAGCTG.1,1,palbociclib
Data29_AGAGCGAGTAGATTAG.1,1,palbociclib
Data29_AGAGCGATCCAATGGT.1,1,palbociclib
Data29_AGAGCTTCATGCAACT.1,1,palbociclib
Data29_AGAGCTTTCAACGGCC.1,1,palbociclib
Data29_AGAGCTTTCCTATGTT.1,1,palbociclib
Data29_AGATCTGAGGGAAACA.1,1,palbociclib
Data29_AGATCTGAGTGGTAGC.1,1,palbociclib
Data29_AGATCTGCAGATCGGA.1,1,palbociclib
Data29_AGATCTGGTCCAGTTA.1,1,palbociclib
Data29_AGATCTGGTCTCATCC.1,1,palbociclib
Data29_AGATCTGTCGAATGCT.1,1,palbociclib
Data29_AGCATACTCGTCTGCT.1,1,palbociclib
Data29_AGCCTAATCAGTTTGG.1,1,palbociclib
Data29_AGCGTATAGATGAGAG.1,1,palbociclib
Data29_AGCGTATAGCTTATCG.1,1,palbociclib
Data29_AGCGTCGAGCCGCCTA.1,1,palbociclib
Data29_AGCGTCGAGTCATGCT.1,1,palbociclib
Data29_AGCTCTCAGTTTGCGT.1,1,palbociclib
Data29_AGGCCACAGGTGCTAG.1,1,palbociclib
Data29_AGGCCACTCATCTGTT.1,1,palbociclib
Data29_AGGCCACTCCATGCTC.1,1,palbociclib
Data29_AGGCCGTCACGGCGTT.1,1,palbociclib
Data29_AGGCCGTTCGCACTCT.1,1,palbociclib
Data29_AGGGAGTGTTCAGGCC.1,1,palbociclib
Data29_AGGGATGAGTACGTTC.1,1,palbociclib
Data29_AGGGTGAAGAGGACGG.1,1,palbociclib
Data29_AGGGTGACACAAGACG.1,1,palbociclib
Data29_AGGTCATAGATCCTGT.1,1,palbociclib
Data29_AGTCTTTGTGACAAAT.1,1,palbociclib
Data29_AGTGGGAGTAGCGTAG.1,1,palbociclib
Data29_AGTGTCAGTAATAGCA.1,1,palbociclib
Data29_AGTTGGTCAATGAAAC.1,1,palbociclib
Data29_AGTTGGTTCGCCATAA.1,1,palbociclib
Data29_ATAACGCAGGGCTTGA.1,1,palbociclib
Data29_ATAAGAGGTCTTGATG.1,1,palbociclib
Data29_ATAGACCAGCAAATCA.1,1,palbociclib
Data29_ATAGACCGTGAGGGAG.1,1,palbociclib
Data29_ATCACGAAGCATCATC.1,1,palbociclib
Data29_ATCACGACAAGGTTTC.1,1,palbociclib
Data29_ATCACGAGTACTCTCC.1,1,palbociclib
Data29_ATCACGATCCCTTGCA.1,1,palbociclib
Data29_ATCACGATCTGTACGA.1,1,palbociclib
Data29_ATCATCTGTGATGTCT.1,1,palbociclib
Data29_ATCCACCAGGCTAGAC.1,1,palbociclib
Data29_ATCCACCCAGCTGGCT.1,1,palbociclib
Data29_ATCTACTCAAGCTGAG.1,1,palbociclib
Data29_ATCTACTTCCCGGATG.1,1,palbociclib
Data29_ATCTGCCGTGCCTTGG.1,1,palbociclib
Data29_ATCTGCCTCCGTAGGC.1,1,palbociclib
Data29_ATGAGGGAGCCAGAAC.1,1,palbociclib
Data29_ATGAGGGCACTGCCAG.1,1,palbociclib
Data29_ATGGGAGAGTGCAAGC.1,1,palbociclib
Data29_ATGGGAGGTACCGCTG.1,1,palbociclib
Data29_ATGTGTGAGTGTTTGC.1,1,palbociclib
Data29_ATGTGTGGTCAATACC.1,1,palbociclib
Data29_ATGTGTGTCGGATGGA.1,1,palbociclib
Data29_ATTACTCCACCGGAAA.1,1,palbociclib
Data29_ATTCTACCAACTGCGC.1,1,palbociclib
Data29_ATTGGACGTAAGTAGT.1,1,palbociclib
Data29_ATTGGACGTAATTGGA.1,1,palbociclib
Data29_ATTGGACTCTAGCACA.1,1,palbociclib
Data29_ATTGGTGAGAAGAAGC.1,1,palbociclib
Data29_ATTGGTGCACCGCTAG.1,1,palbociclib
Data29_ATTTCTGAGACGCAAC.1,1,palbociclib
Data29_ATTTCTGTCTTTCCTC.1,1,palbociclib
Data29_CAACCTCAGTAAGTAC.1,1,palbociclib
Data29_CAACCTCCACCAGCAC.1,1,palbociclib
Data29_CAACTAGTCAATCACG.1,1,palbociclib
Data29_CAACTAGTCTGGTGTA.1,1,palbociclib
Data29_CAAGAAACAGACTCGC.1,1,palbociclib
Data29_CAAGGCCCAGACAGGT.1,1,palbociclib
Data29_CAAGGCCGTGTAACGG.1,1,palbociclib
Data29_CACACCTAGACTGTAA.1,1,palbociclib
Data29_CACACTCCAATGACCT.1,1,palbociclib
Data29_CACAGGCGTAAAGTCA.1,1,palbociclib
Data29_CACAGGCTCCAATGGT.1,1,palbociclib
Data29_CACAGTAAGACTCGGA.1,1,palbociclib
Data29_CACAGTATCAAACAAG.1,1,palbociclib
Data29_CACATTTTCAACGAAA.1,1,palbociclib
Data29_CACCACTCACTCAGGC.1,1,palbociclib
Data29_CACCACTTCACAGTAC.1,1,palbociclib
Data29_CACCACTTCAGCGACC.1,1,palbociclib
Data29_CACCTTGAGCGTAATA.1,1,palbociclib
Data29_CACCTTGTCCTAAGTG.1,1,palbociclib
Data29_CACTCCATCAGAGGTG.1,1,palbociclib
Data29_CACTCCATCCTTGACC.1,1,palbociclib
Data29_CAGAATCTCCAAACAC.1,1,palbociclib
Data29_CAGAGAGTCCTACAGA.1,1,palbociclib
Data29_CAGATCAAGGAGCGAG.1,1,palbociclib
Data29_CAGCATAAGATCCGAG.1,1,palbociclib
Data29_CAGCATAGTCAGAATA.1,1,palbociclib
Data29_CAGCATAGTTCCAACA.1,1,palbociclib
Data29_CAGCCGACAGGTCGTC.1,1,palbociclib
Data29_CAGCTAAAGGCGTACA.1,1,palbociclib
Data29_CAGCTGGTCTCTAAGG.1,1,palbociclib
Data29_CAGTAACGTTCGAATC.1,1,palbociclib
Data29_CAGTCCTTCTGGTTCC.1,1,palbociclib
Data29_CATATTCTCCGCGGTA.1,1,palbociclib
Data29_CATCAAGGTTATCACG.1,1,palbociclib
Data29_CATCAGAAGCCGTCGT.1,1,palbociclib
Data29_CATCAGAGTCATTAGC.1,1,palbociclib
Data29_CATCCACGTAACGACG.1,1,palbociclib
Data29_CATCCACTCCAGTAGT.1,1,palbociclib
Data29_CATCCACTCCTATTCA.1,1,palbociclib
Data29_CATCGAATCTGCTGTC.1,1,palbociclib
Data29_CATCGGGAGTGCCAGA.1,1,palbociclib
Data29_CATCGGGTCCTCCTAG.1,1,palbociclib
Data29_CATCGGGTCTGTTTGT.1,1,palbociclib
Data29_CATGACAAGCTTCGCG.1,1,palbociclib
Data29_CATGACATCTTAGCCC.1,1,palbociclib
Data29_CATGGCGGTATTCTCT.1,1,palbociclib
Data29_CCAATCCAGGTTACCT.1,1,palbociclib
Data29_CCACCTAAGAGGTTGC.1,1,palbociclib
Data29_CCACCTACAAATCCGT.1,1,palbociclib
Data29_CCACTACCATAGGATA.1,1,palbociclib
Data29_CCACTACCATGCTGGC.1,1,palbociclib
Data29_CCATGTCTCCTACAGA.1,1,palbociclib
Data29_CCATTCGAGTCGTTTG.1,1,palbociclib
Data29_CCCAATCTCACTTCAT.1,1,palbociclib
Data29_CCCAGTTCACCACCAG.1,1,palbociclib
Data29_CCCAGTTCATCCGGGT.1,1,palbociclib
Data29_CCCATACGTCTGCAAT.1,1,palbociclib
Data29_CCGGGATGTAAGTTCC.1,1,palbociclib
Data29_CCGTACTTCCGCATCT.1,1,palbociclib
Data29_CCGTTCACAAGCGAGT.1,1,palbociclib
Data29_CCTAAAGAGAGTACCG.1,1,palbociclib
Data29_CCTAAAGTCAGAAATG.1,1,palbociclib
Data29_CCTAAAGTCCGCATCT.1,1,palbociclib
Data29_CCTACACGTCTTGCGG.1,1,palbociclib
Data29_CCTACACGTTAAGTAG.1,1,palbociclib
Data29_CCTAGCTCAGGACGTA.1,1,palbociclib
Data29_CCTATTAAGCGTTGCC.1,1,palbociclib
Data29_CCTTACGAGAAACCTA.1,1,palbociclib
Data29_CCTTACGAGACCGGAT.1,1,palbociclib
Data29_CCTTACGTCGGAGCAA.1,1,palbociclib
Data29_CCTTACGTCTCAAGTG.1,1,palbociclib
Data29_CCTTCCCAGCGTTCCG.1,1,palbociclib
Data29_CCTTCCCCATTCCTGC.1,1,palbociclib
Data29_CCTTCCCGTGGGTATG.1,1,palbociclib
Data29_CCTTCGAAGATGTGGC.1,1,palbociclib
Data29_CGAACATAGTGGTAGC.1,1,palbociclib
Data29_CGAACATCACCTATCC.1,1,palbociclib
Data29_CGAATGTAGATACACA.1,1,palbociclib
Data29_CGAATGTGTTCAGCGC.1,1,palbociclib
Data29_CGACCTTCAGCAGTTT.1,1,palbociclib
Data29_CGACCTTTCTACTATC.1,1,palbociclib
Data29_CGACTTCCAAGCCGTC.1,1,palbociclib
Data29_CGAGAAGTCTATCCTA.1,1,palbociclib
Data29_CGAGCACAGGGAGTAA.1,1,palbociclib
Data29_CGATCGGAGAACAATC.1,1,palbociclib
Data29_CGATGGCCAGCCAGAA.1,1,palbociclib
Data29_CGATGGCGTGTGAAAT.1,1,palbociclib
Data29_CGATGGCGTTATCGGT.1,1,palbociclib
Data29_CGATGTAGTCGAGTTT.1,1,palbociclib
Data29_CGCTATCCAACACGCC.1,1,palbociclib
Data29_CGCTATCGTATGGTTC.1,1,palbociclib
Data29_CGCTTCACATAACCTG.1,1,palbociclib
Data29_CGGACACAGTTTCCTT.1,1,palbociclib
Data29_CGGACACGTTGAGTTC.1,1,palbociclib
Data29_CGGACTGCACTTAACG.1,1,palbociclib
Data29_CGGACTGTCCACGTGG.1,1,palbociclib
Data29_CGGAGTCCACTGAAGG.1,1,palbociclib
Data29_CGGCTAGAGCTAACTC.1,1,palbociclib
Data29_CGTCACTCAGATCGGA.1,1,palbociclib
Data29_CGTCACTGTCTAGTCA.1,1,palbociclib
Data29_CGTCACTGTGCAGTAG.1,1,palbociclib
Data29_CGTCACTTCTAGAGTC.1,1,palbociclib
Data29_CGTCAGGCAAGCGTAG.1,1,palbociclib
Data29_CGTCCATAGTCTCCTC.1,1,palbociclib
Data29_CGTGAGCCAATGGACG.1,1,palbociclib
Data29_CGTGAGCGTGCAACTT.1,1,palbociclib
Data29_CGTGTAAGTAGCGCTC.1,1,palbociclib
Data29_CGTGTCTTCCGCAAGC.1,1,palbociclib
Data29_CGTTAGACAGGGTACA.1,1,palbociclib
Data29_CGTTAGAGTAAGTTCC.1,1,palbociclib
Data29_CGTTAGATCGGCGCTA.1,1,palbociclib
Data29_CGTTCTGCAGCTTCGG.1,1,palbociclib
Data29_CGTTGGGAGTGTTAGA.1,1,palbociclib
Data29_CGTTGGGGTCCAGTTA.1,1,palbociclib
Data29_CTAACTTAGATGTTAG.1,1,palbociclib
Data29_CTAACTTCAAGCCATT.1,1,palbociclib
Data29_CTAACTTGTACCGTAT.1,1,palbociclib
Data29_CTAATGGCACCAACCG.1,1,palbociclib
Data29_CTAATGGGTAAGGATT.1,1,palbociclib
Data29_CTACACCTCCCAACGG.1,1,palbociclib
Data29_CTACATTGTGGAAAGA.1,1,palbociclib
Data29_CTACATTTCTTGTATC.1,1,palbociclib
Data29_CTACCCAGTGCCTGGT.1,1,palbociclib
Data29_CTAGCCTAGCTGCAAG.1,1,palbociclib
Data29_CTAGCCTCATGACATC.1,1,palbociclib
Data29_CTAGCCTGTCCCGACA.1,1,palbociclib
Data29_CTAGTGAGTGATAAGT.1,1,palbociclib
Data29_CTCAGAAAGTGGGATC.1,1,palbociclib
Data29_CTCATTATCACCTCGT.1,1,palbociclib
Data29_CTCCTAGAGAAACCGC.1,1,palbociclib
Data29_CTCGTCAGTAAGAGAG.1,1,palbociclib
Data29_CTCGTCATCTCTAGGA.1,1,palbociclib
Data29_CTCTAATGTTAGTGGG.1,1,palbociclib
Data29_CTCTACGAGCGATGAC.1,1,palbociclib
Data29_CTCTACGTCGTAGGAG.1,1,palbociclib
Data29_CTCTGGTGTCCGACGT.1,1,palbociclib
Data29_CTGATAGCACTGAAGG.1,1,palbociclib
Data29_CTGATCCCAAGACACG.1,1,palbociclib
Data29_CTGATCCCAATTGCTG.1,1,palbociclib
Data29_CTGATCCCACCTCGTT.1,1,palbociclib
Data29_CTGATCCGTAATCGTC.1,1,palbociclib
Data29_CTGATCCTCCGCAGTG.1,1,palbociclib
Data29_CTGCCTAAGTGTCCAT.1,1,palbociclib
Data29_CTGCCTATCGTTTAGG.1,1,palbociclib
Data29_CTGCGGAGTACCTACA.1,1,palbociclib
Data29_CTGCGGATCACAAACC.1,1,palbociclib
Data29_CTGCTGTCAGTCTTCC.1,1,palbociclib
Data29_CTGGTCTCACCTATCC.1,1,palbociclib
Data29_CTGTGCTAGAAGGGTA.1,1,palbociclib
Data29_CTGTGCTCAGCCTTGG.1,1,palbociclib
Data29_CTGTGCTGTTGCGCAC.1,1,palbociclib
Data29_CTGTTTAAGCTGTCTA.1,1,palbociclib
Data29_CTGTTTAGTTTGTGTG.1,1,palbociclib
Data29_CTGTTTATCGACGGAA.1,1,palbociclib
Data29_CTGTTTATCGAGGTAG.1,1,palbociclib
Data29_CTTAACTCAGTAAGCG.1,1,palbociclib
Data29_CTTACCGCACATCTTT.1,1,palbociclib
Data29_CTTAGGATCCCTTGTG.1,1,palbociclib
Data29_CTTGGCTAGAAGCCCA.1,1,palbociclib
Data29_CTTGGCTGTGACCAAG.1,1,palbociclib
Data29_CTTGGCTTCACGACTA.1,1,palbociclib
Data29_CTTGGCTTCTCGTTTA.1,1,palbociclib
Data29_CTTTGCGCACTGAAGG.1,1,palbociclib
Data29_CTTTGCGGTAGCGTAG.1,1,palbociclib
Data29_CTTTGCGTCATTCACT.1,1,palbociclib
Data29_GAAACTCAGCGTGAGT.1,1,palbociclib
Data29_GAAACTCCAAGTTCTG.1,1,palbociclib
Data29_GAAACTCGTAAAGGAG.1,1,palbociclib
Data29_GAAACTCTCCTAAGTG.1,1,palbociclib
Data29_GAAATGAGTCATATCG.1,1,palbociclib
Data29_GAAATGAGTGCGGTAA.1,1,palbociclib
Data29_GAACATCAGTGGTAAT.1,1,palbociclib
Data29_GAACATCGTCAAACTC.1,1,palbociclib
Data29_GAACCTACATTAACCG.1,1,palbociclib
Data29_GAACCTAGTTTCCACC.1,1,palbociclib
Data29_GAACCTATCGGCGCAT.1,1,palbociclib
Data29_GAACGGACAGATGAGC.1,1,palbociclib
Data29_GAATGAAAGGCTAGCA.1,1,palbociclib
Data29_GAATGAACACGGCGTT.1,1,palbociclib
Data29_GACACGCCACATTTCT.1,1,palbociclib
Data29_GACACGCTCTCGTTTA.1,1,palbociclib
Data29_GACCAATTCTTACCTA.1,1,palbociclib
Data29_GACCTGGCACGGTAAG.1,1,palbociclib
Data29_GACCTGGCACTAGTAC.1,1,palbociclib
Data29_GACGCGTTCCTCCTAG.1,1,palbociclib
Data29_GACGGCTCAACTTGAC.1,1,palbociclib
Data29_GACGTGCGTATAGGTA.1,1,palbociclib
Data29_GACTAACGTGTGACCC.1,1,palbociclib
Data29_GACTAACGTTATCACG.1,1,palbociclib
Data29_GACTACATCGGATGGA.1,1,palbociclib
Data29_GACTACATCTGCGTAA.1,1,palbociclib
Data29_GACTGCGGTTTGTGTG.1,1,palbociclib
Data29_GACTGCGTCCGAATGT.1,1,palbociclib
Data29_GAGCAGAAGCCGGTAA.1,1,palbociclib
Data29_GAGCAGAAGCGGCTTC.1,1,palbociclib
Data29_GAGCAGATCAACGGGA.1,1,palbociclib
Data29_GAGGTGACACGTGAGA.1,1,palbociclib
Data29_GAGGTGAGTCTGGTCG.1,1,palbociclib
Data29_GAGTCCGCATGGGAAC.1,1,palbociclib
Data29_GATCAGTGTAGAAGGA.1,1,palbociclib
Data29_GATCAGTTCAACACTG.1,1,palbociclib
Data29_GATCGCGCAACACGCC.1,1,palbociclib
Data29_GATCGCGGTGCTGTAT.1,1,palbociclib
Data29_GATCGTAGTACAGTGG.1,1,palbociclib
Data29_GATCTAGGTACGAAAT.1,1,palbociclib
Data29_GATGCTACATTCACTT.1,1,palbociclib
Data29_GATTCAGGTGTTTGGT.1,1,palbociclib
Data29_GCAAACTGTAACGACG.1,1,palbociclib
Data29_GCAAACTGTCGCATAT.1,1,palbociclib
Data29_GCAATCACAGGGAGAG.1,1,palbociclib
Data29_GCACATACAAGCCTAT.1,1,palbociclib
Data29_GCACATACATGAGCGA.1,1,palbociclib
Data29_GCACTCTGTGTTTGTG.1,1,palbociclib
Data29_GCACTCTTCTAACTTC.1,1,palbociclib
Data29_GCAGTTACAATGGAAT.1,1,palbociclib
Data29_GCATACACAAGAGGCT.1,1,palbociclib
Data29_GCATACACACATGTGT.1,1,palbociclib
Data29_GCATGCGAGGCTCTTA.1,1,palbociclib
Data29_GCATGCGCATCCGCGA.1,1,palbociclib
Data29_GCATGCGTCACATAGC.1,1,palbociclib
Data29_GCATGTAAGAAACGCC.1,1,palbociclib
Data29_GCCAAATAGGTTCCTA.1,1,palbociclib
Data29_GCGACCACAGTCGATT.1,1,palbociclib
Data29_GCGACCAGTGACTACT.1,1,palbociclib
Data29_GCGACCATCAAAGACA.1,1,palbociclib
Data29_GCGAGAATCTCAACTT.1,1,palbociclib
Data29_GCGCAACGTCCCGACA.1,1,palbociclib
Data29_GCGCAACGTCTGATCA.1,1,palbociclib
Data29_GCGCAACGTGAAATCA.1,1,palbociclib
Data29_GCGCAACTCATATCGG.1,1,palbociclib
Data29_GCGCGATAGGCCCTTG.1,1,palbociclib
Data29_GCGCGATAGTGGGCTA.1,1,palbociclib
Data29_GCGCGATAGTGTTTGC.1,1,palbociclib
Data29_GCGCGATTCTACTATC.1,1,palbociclib
Data29_GCTCTGTAGCTGTTCA.1,1,palbociclib
Data29_GCTGCAGCAATAGCAA.1,1,palbociclib
Data29_GCTGCTTTCTTGTACT.1,1,palbociclib
Data29_GCTTGAACAGCATGAG.1,1,palbociclib
Data29_GCTTGAACAGTTCCCT.1,1,palbociclib
Data29_GCTTGAACATGTAAGA.1,1,palbociclib
Data29_GGAAAGCCAAAGGTGC.1,1,palbociclib
Data29_GGAAAGCGTTAGATGA.1,1,palbociclib
Data29_GGAACTTTCGAGAACG.1,1,palbociclib
Data29_GGAATAAAGATGTTAG.1,1,palbociclib
Data29_GGACAAGTCTTTAGGG.1,1,palbociclib
Data29_GGACATTAGCACGCCT.1,1,palbociclib
Data29_GGACATTTCTCGCTTG.1,1,palbociclib
Data29_GGAGCAACAGCTGTGC.1,1,palbociclib
Data29_GGATGTTAGAGGTTAT.1,1,palbociclib
Data29_GGATGTTGTACAGTGG.1,1,palbociclib
Data29_GGATGTTGTGGGTCAA.1,1,palbociclib
Data29_GGATGTTGTTGAGTTC.1,1,palbociclib
Data29_GGATTACCAATGTTGC.1,1,palbociclib
Data29_GGCAATTAGGCACATG.1,1,palbociclib
Data29_GGCAATTGTGCAACTT.1,1,palbociclib
Data29_GGCAATTTCCACGTGG.1,1,palbociclib
Data29_GGCCGATGTAGGCTGA.1,1,palbociclib
Data29_GGCGACTAGAAGAAGC.1,1,palbociclib
Data29_GGCGACTAGGTCGGAT.1,1,palbociclib
Data29_GGCGTGTTCAGTACGT.1,1,palbociclib
Data29_GGCTCGAAGTACGTAA.1,1,palbociclib
Data29_GGCTCGAGTAGTACCT.1,1,palbociclib
Data29_GGCTCGAGTCTAGAGG.1,1,palbociclib
Data29_GGCTGGTAGAACTCGG.1,1,palbociclib
Data29_GGGAATGAGCGAAGGG.1,1,palbociclib
Data29_GGGACCTTCATCGGAT.1,1,palbociclib
Data29_GGGACCTTCGGAAATA.1,1,palbociclib
Data29_GGGAGATCAAGCGATG.1,1,palbociclib
Data29_GGGATGATCCTTAATC.1,1,palbociclib
Data29_GGGTCTGAGACATAAC.1,1,palbociclib
Data29_GGGTTGCAGTAGCCGA.1,1,palbociclib
Data29_GGGTTGCTCCTTGACC.1,1,palbociclib
Data29_GGTGAAGAGACATAAC.1,1,palbociclib
Data29_GGTGAAGAGTTCGATC.1,1,palbociclib
Data29_GGTGAAGCATCACGTA.1,1,palbociclib
Data29_GGTGAAGTCCCTAACC.1,1,palbociclib
Data29_GGTGCGTTCACTTACT.1,1,palbociclib
Data29_GGTGTTATCGGCCGAT.1,1,palbociclib
Data29_GTAACGTTCAGGTTCA.1,1,palbociclib
Data29_GTAACTGCATGAACCT.1,1,palbociclib
Data29_GTAACTGCATTTCACT.1,1,palbociclib
Data29_GTACGTATCCACTCCA.1,1,palbociclib
Data29_GTACTTTAGAGGGATA.1,1,palbociclib
Data29_GTAGGCCGTAGCCTCG.1,1,palbociclib
Data29_GTAGTCAGTGTCTGAT.1,1,palbociclib
Data29_GTATCTTTCTTGAGGT.1,1,palbociclib
Data29_GTCAAGTTCGCCTGAG.1,1,palbociclib
Data29_GTCACAACACGCTTTC.1,1,palbociclib
Data29_GTCACAATCTATCGCC.1,1,palbociclib
Data29_GTCATTTTCGCGTAGC.1,1,palbociclib
Data29_GTCCTCAAGTTAAGTG.1,1,palbociclib
Data29_GTCCTCATCCATGAGT.1,1,palbociclib
Data29_GTCGGGTAGTAATCCC.1,1,palbociclib
Data29_GTCGGGTGTTACTGAC.1,1,palbociclib
Data29_GTCGGGTTCAGTGTTG.1,1,palbociclib
Data29_GTCGTAACAAGCTGGA.1,1,palbociclib
Data29_GTCGTAAGTGGAAAGA.1,1,palbociclib
Data29_GTCGTAATCACCGTAA.1,1,palbociclib
Data29_GTCTCGTGTGCTTCTC.1,1,palbociclib
Data29_GTCTCGTTCCAGAGGA.1,1,palbociclib
Data29_GTGAAGGAGAGGGCTT.1,1,palbociclib
Data29_GTGAAGGGTGCTAGCC.1,1,palbociclib
Data29_GTGAAGGTCGAATGGG.1,1,palbociclib
Data29_GTGCAGCGTCTGGTCG.1,1,palbociclib
Data29_GTGCATATCTCTTGAT.1,1,palbociclib
Data29_GTGCGGTTCGTGGTCG.1,1,palbociclib
Data29_GTGGGTCAGAAACCGC.1,1,palbociclib
Data29_GTGGGTCAGTGTACTC.1,1,palbociclib
Data29_GTGGGTCCACGGTTTA.1,1,palbociclib
Data29_GTGTTAGAGAAGGACA.1,1,palbociclib
Data29_GTGTTAGCATCACGAT.1,1,palbociclib
Data29_GTTAAGCCACCAGATT.1,1,palbociclib
Data29_GTTAAGCCATTGCGGC.1,1,palbociclib
Data29_GTTAAGCGTTTGTGTG.1,1,palbociclib
Data29_GTTCATTAGACCTTTG.1,1,palbociclib
Data29_GTTCATTGTCTTCTCG.1,1,palbociclib
Data29_GTTCATTTCTACTCAT.1,1,palbociclib
Data29_GTTCTCGCAGGCAGTA.1,1,palbociclib
Data29_GTTCTCGGTATAAACG.1,1,palbociclib
Data29_GTTCTCGGTTCCATGA.1,1,palbociclib
Data29_TAAACCGCACATTTCT.1,1,palbociclib
Data29_TAAACCGGTTCGTCTC.1,1,palbociclib
Data29_TAAGAGATCAACGAAA.1,1,palbociclib
Data29_TAAGCGTCATACTACG.1,1,palbociclib
Data29_TACACGATCGAACGGA.1,1,palbociclib
Data29_TACACGATCTCAACTT.1,1,palbociclib
Data29_TACAGTGGTACTCGCG.1,1,palbociclib
Data29_TACAGTGGTGAACCTT.1,1,palbociclib
Data29_TACAGTGTCTTTAGGG.1,1,palbociclib
Data29_TACCTATAGTTGTCGT.1,1,palbociclib
Data29_TACCTATGTTAAGGGC.1,1,palbociclib
Data29_TACCTTAAGTGTTGAA.1,1,palbociclib
Data29_TACGGATGTTCCACGG.1,1,palbociclib
Data29_TACGGGCCACAGGAGT.1,1,palbociclib
Data29_TACGGGCTCACCTCGT.1,1,palbociclib
Data29_TACGGGCTCGCAAGCC.1,1,palbociclib
Data29_TACGGTAAGAGGTTAT.1,1,palbociclib
Data29_TACGGTAAGCCTATGT.1,1,palbociclib
Data29_TACTCATCACATGGGA.1,1,palbociclib
Data29_TACTCATCAGGACGTA.1,1,palbociclib
Data29_TACTCGCAGTGTTTGC.1,1,palbociclib
Data29_TAGAGCTAGAAACCGC.1,1,palbociclib
Data29_TAGGCATTCTGCCAGG.1,1,palbociclib
Data29_TAGTGGTCATCAGTAC.1,1,palbociclib
Data29_TAGTGGTTCCTGCCAT.1,1,palbociclib
Data29_TATCAGGCACCAGGCT.1,1,palbociclib
Data29_TATCTCACAAACGCGA.1,1,palbociclib
Data29_TATCTCATCTAGCACA.1,1,palbociclib
Data29_TATTACCCAGGAATGC.1,1,palbociclib
Data29_TCAACGAGTGGTCCGT.1,1,palbociclib
Data29_TCAACGATCAGTTCGA.1,1,palbociclib
Data29_TCAATCTAGCGAGAAA.1,1,palbociclib
Data29_TCACGAACAAGGGTCA.1,1,palbociclib
Data29_TCACGAACAGTGGAGT.1,1,palbociclib
Data29_TCACGAAGTCTGCCAG.1,1,palbociclib
Data29_TCAGCAAAGAAGAAGC.1,1,palbociclib
Data29_TCAGCAAGTACTCGCG.1,1,palbociclib
Data29_TCAGCTCCAAATACAG.1,1,palbociclib
Data29_TCAGCTCTCACTCTTA.1,1,palbociclib
Data29_TCAGGTAAGGACACCA.1,1,palbociclib
Data29_TCAGGTAAGTAGCGGT.1,1,palbociclib
Data29_TCATTTGCATTAACCG.1,1,palbociclib
Data29_TCATTTGTCGTTACGA.1,1,palbociclib
Data29_TCCACACCACCGAATT.1,1,palbociclib
Data29_TCCCGATCAATAAGCA.1,1,palbociclib
Data29_TCGAGGCTCAGTGTTG.1,1,palbociclib
Data29_TCGAGGCTCATTGCCC.1,1,palbociclib
Data29_TCGCGAGAGTTAACGA.1,1,palbociclib
Data29_TCGGTAATCATTGCGA.1,1,palbociclib
Data29_TCGTACCCATTCCTGC.1,1,palbociclib
Data29_TCGTACCTCTAACTGG.1,1,palbociclib
Data29_TCGTAGAGTTCACCTC.1,1,palbociclib
Data29_TCTATTGGTGACCAAG.1,1,palbociclib
Data29_TCTCATAGTTCACCTC.1,1,palbociclib
Data29_TCTCATATCATGTCTT.1,1,palbociclib
Data29_TCTCATATCCTCTAGC.1,1,palbociclib
Data29_TCTCTAACACTACAGT.1,1,palbociclib
Data29_TCTCTAAGTATCTGCA.1,1,palbociclib
Data29_TCTCTAATCTCAAACG.1,1,palbociclib
Data29_TCTTCGGGTAATTGGA.1,1,palbociclib
Data29_TCTTTCCCATGCCTTC.1,1,palbociclib
Data29_TGAAAGAAGTCCGTAT.1,1,palbociclib
Data29_TGAAAGATCGTATCAG.1,1,palbociclib
Data29_TGACAACAGTAGCGGT.1,1,palbociclib
Data29_TGACAACAGTGACTCT.1,1,palbociclib
Data29_TGACGGCTCAAACCAC.1,1,palbociclib
Data29_TGAGAGGAGAGGACGG.1,1,palbociclib
Data29_TGAGAGGAGTGGAGTC.1,1,palbociclib
Data29_TGAGAGGCAGGAACGT.1,1,palbociclib
Data29_TGAGAGGTCATTATCC.1,1,palbociclib
Data29_TGAGCATCATACTACG.1,1,palbociclib
Data29_TGAGCATTCCGTCAAA.1,1,palbociclib
Data29_TGAGGGATCTGTACGA.1,1,palbociclib
Data29_TGATTTCAGGAGTTGC.1,1,palbociclib
Data29_TGATTTCAGGGTATCG.1,1,palbociclib
Data29_TGATTTCCAACTGGCC.1,1,palbociclib
Data29_TGATTTCCACCCATTC.1,1,palbociclib
Data29_TGCCAAAAGATGTTAG.1,1,palbociclib
Data29_TGCCCATGTTCGCGAC.1,1,palbociclib
Data29_TGCGCAGCATTCCTGC.1,1,palbociclib
Data29_TGCGGGTCATCCTTGC.1,1,palbociclib
Data29_TGCGTGGTCACTTACT.1,1,palbociclib
Data29_TGCTACCAGAGTAAGG.1,1,palbociclib
Data29_TGCTGCTGTCCGCTGA.1,1,palbociclib
Data29_TGCTGCTGTTGCGCAC.1,1,palbociclib
Data29_TGGACGCAGCAGACTG.1,1,palbociclib
Data29_TGGACGCAGCCGATTT.1,1,palbociclib
Data29_TGGACGCTCACTTCAT.1,1,palbociclib
Data29_TGGCCAGGTATCGCAT.1,1,palbociclib
Data29_TGGCCAGGTCTAGGTT.1,1,palbociclib
Data29_TGGCGCACACCAGGTC.1,1,palbociclib
Data29_TGGCGCACACGCCAGT.1,1,palbociclib
Data29_TGGCTGGCATGCTAGT.1,1,palbociclib
Data29_TGGTTAGCACGAAACG.1,1,palbociclib
Data29_TGGTTAGGTGAAGGCT.1,1,palbociclib
Data29_TGGTTAGTCCACGTTC.1,1,palbociclib
Data29_TGGTTCCCAAAGCGGT.1,1,palbociclib
Data29_TGGTTCCCAAGGTTTC.1,1,palbociclib
Data29_TGGTTCCTCTTTACGT.1,1,palbociclib
Data29_TGTATTCCATTGGGCC.1,1,palbociclib
Data29_TGTATTCTCAAGGTAA.1,1,palbociclib
Data29_TGTCCCACAACAACCT.1,1,palbociclib
Data29_TGTCCCATCGGTTAAC.1,1,palbociclib
Data29_TGTGGTAAGACACTAA.1,1,palbociclib
Data29_TGTGGTAAGTTATCGC.1,1,palbociclib
Data29_TGTGGTAGTACTCTCC.1,1,palbociclib
Data29_TGTGTTTAGCCAACAG.1,1,palbociclib
Data29_TTAGGCAGTCAGGACA.1,1,palbociclib
Data29_TTAGTTCAGCCTCGTG.1,1,palbociclib
Data29_TTAGTTCAGGCCCTTG.1,1,palbociclib
Data29_TTAGTTCCAAATTGCC.1,1,palbociclib
Data29_TTAGTTCGTGCCTTGG.1,1,palbociclib
Data29_TTATGCTAGCTGCAAG.1,1,palbociclib
Data29_TTCGGTCCATCTACGA.1,1,palbociclib
Data29_TTCTACAAGATGCGAC.1,1,palbociclib
Data29_TTCTACACAGAGCCAA.1,1,palbociclib
Data29_TTCTACATCAGCACAT.1,1,palbociclib
Data29_TTCTCAAAGCGTAGTG.1,1,palbociclib
Data29_TTCTCAAAGTATCTCG.1,1,palbociclib
Data29_TTCTCAACACAAGCCC.1,1,palbociclib
Data29_TTCTCAATCGGCGGTT.1,1,palbociclib
Data29_TTCTCCTGTACCTACA.1,1,palbociclib
Data29_TTCTCCTTCGTACCGG.1,1,palbociclib
Data29_TTCTCCTTCTAACCGA.1,1,palbociclib
Data29_TTCTTAGAGCCACCTG.1,1,palbociclib
Data29_TTGACTTCAATGGACG.1,1,palbociclib
Data29_TTGCCGTAGATCCCGC.1,1,palbociclib
Data29_TTGCCGTAGGACACCA.1,1,palbociclib
Data29_TTGCCGTGTCGACTGC.1,1,palbociclib
Data29_TTGCCGTGTGTGTGCC.1,1,palbociclib
Data29_TTGCGTCCAGCCTTGG.1,1,palbociclib
Data29_TTGCGTCGTGGTTTCA.1,1,palbociclib
Data29_TTGGCAACAATGTTGC.1,1,palbociclib
Data29_TTGTAGGAGCTAACTC.1,1,palbociclib
Data29_TTGTAGGGTGTGACGA.1,1,palbociclib
Data29_TTTACTGAGACCGGAT.1,1,palbociclib
Data29_TTTGCGCCAGCCTGTG.1,1,palbociclib
Data29_TTTGCGCTCACAACGT.1,1,palbociclib
Data29_TTTGGTTAGTGTTAGA.1,1,palbociclib
Data29_TTTGGTTCACGCCAGT.1,1,palbociclib
Data29_TTTGGTTTCCAAATGC.1,1,palbociclib
Data29_AAACGGGTCTCGTATT.2,1,palbociclib
Data29_AAAGATGGTTGTACAC.2,1,palbociclib
Data29_AAAGCAAAGAATGTTG.2,1,palbociclib
Data29_AAATGCCAGCTCCTCT.2,1,palbociclib
Data29_AACCATGCAATGAATG.2,1,palbociclib
Data29_AACCATGCAGCGTAAG.2,1,palbociclib
Data29_AACGTTGCATTCTTAC.2,1,palbociclib
Data29_AACTCAGGTAGCTAAA.2,1,palbociclib
Data29_AACTCCCAGATGTAAC.2,1,palbociclib
Data29_AACTCCCGTAACGACG.2,1,palbociclib
Data29_AACTCCCGTACCAGTT.2,1,palbociclib
Data29_AACTCTTAGTGTCCAT.2,1,palbociclib
Data29_AACTGGTGTCTCCATC.2,1,palbociclib
Data29_AACTTTCCATCCAACA.2,1,palbociclib
Data29_AAGCCGCAGGGATACC.2,1,palbociclib
Data29_AAGGCAGAGAAACGAG.2,1,palbociclib
Data29_AAGGCAGGTTCATGGT.2,1,palbociclib
Data29_AAGTCTGCAGTTAACC.2,1,palbociclib
Data29_AATCCAGGTATAGGTA.2,1,palbociclib
Data29_AATCGGTCACTCTGTC.2,1,palbociclib
Data29_ACACCAATCTACCTGC.2,1,palbociclib
Data29_ACACCGGTCAGGTTCA.2,1,palbociclib
Data29_ACACTGATCATGCAAC.2,1,palbociclib
Data29_ACAGCCGGTACACCGC.2,1,palbociclib
Data29_ACAGCTAAGTACGTTC.2,1,palbociclib
Data29_ACATCAGGTACCGTTA.2,1,palbociclib
Data29_ACATGGTCACCTGGTG.2,1,palbociclib
Data29_ACCAGTAAGGTTCCTA.2,1,palbociclib
Data29_ACCAGTATCCTGTAGA.2,1,palbociclib
Data29_ACCCACTAGGGTTTCT.2,1,palbociclib
Data29_ACCCACTCAAATCCGT.2,1,palbociclib
Data29_ACGAGCCAGCATCATC.2,1,palbociclib
Data29_ACGAGGACATGTTCCC.2,1,palbociclib
Data29_ACGATACGTACACCGC.2,1,palbociclib
Data29_ACGATACTCCTAGTGA.2,1,palbociclib
Data29_ACGATGTCATTCCTGC.2,1,palbociclib
Data29_ACGATGTTCTGCGTAA.2,1,palbociclib
Data29_ACGGAGACAAACGCGA.2,1,palbociclib
Data29_ACGGAGATCCGCGTTT.2,1,palbociclib
Data29_ACGGCCAGTAGCTGCC.2,1,palbociclib
Data29_ACGGGCTGTAGAAGGA.2,1,palbociclib
Data29_ACGGGTCAGTCCCACG.2,1,palbociclib
Data29_ACGGGTCCAGACGCAA.2,1,palbociclib
Data29_ACTATCTCATATGCTG.2,1,palbociclib
Data29_ACTGAACTCATCGCTC.2,1,palbociclib
Data29_ACTGAGTTCCTTAATC.2,1,palbociclib
Data29_ACTGATGTCCGAGCCA.2,1,palbociclib
Data29_ACTGTCCAGTGCAAGC.2,1,palbociclib
Data29_ACTTGTTTCATTATCC.2,1,palbociclib
Data29_ACTTTCACAGTATAAG.2,1,palbociclib
Data29_ACTTTCACATGTTGAC.2,1,palbociclib
Data29_ACTTTCATCTTGCAAG.2,1,palbociclib
Data29_AGAGCGAAGGATCGCA.2,1,palbociclib
Data29_AGAGCTTAGACTAAGT.2,1,palbociclib
Data29_AGAGCTTCAAGCGCTC.2,1,palbociclib
Data29_AGATTGCCACTCTGTC.2,1,palbociclib
Data29_AGCAGCCTCCGCAGTG.2,1,palbociclib
Data29_AGCATACTCCAAGCCG.2,1,palbociclib
Data29_AGCCTAAAGAACTCGG.2,1,palbociclib
Data29_AGCCTAACACTTCGAA.2,1,palbociclib
Data29_AGCGGTCGTAGCGTAG.2,1,palbociclib
Data29_AGCGGTCGTCAATACC.2,1,palbociclib
Data29_AGCGTCGAGATACACA.2,1,palbociclib
Data29_AGCGTCGAGGCACATG.2,1,palbociclib
Data29_AGCGTCGAGTCCAGGA.2,1,palbociclib
Data29_AGCGTCGCAGTCGTGC.2,1,palbociclib
Data29_AGCTCCTCAGTAGAGC.2,1,palbociclib
Data29_AGCTTGAGTTTAGCTG.2,1,palbociclib
Data29_AGGCCACAGACGCTTT.2,1,palbociclib
Data29_AGGCCACGTAAGAGGA.2,1,palbociclib
Data29_AGGGAGTTCACGCATA.2,1,palbociclib
Data29_AGGGATGGTCCGAATT.2,1,palbociclib
Data29_AGGTCATCAATCTGCA.2,1,palbociclib
Data29_AGGTCATCACGTAAGG.2,1,palbociclib
Data29_AGGTCATCAGTTCATG.2,1,palbociclib
Data29_AGGTCATTCGTTTATC.2,1,palbociclib
Data29_AGTAGTCAGTGAAGAG.2,1,palbociclib
Data29_AGTCTTTCAGACGTAG.2,1,palbociclib
Data29_AGTGAGGGTATGAAAC.2,1,palbociclib
Data29_AGTGGGAGTAATCGTC.2,1,palbociclib
Data29_AGTTGGTAGTTGCAGG.2,1,palbociclib
Data29_ATAACGCAGCCCTAAT.2,1,palbociclib
Data29_ATAAGAGGTGGTCTCG.2,1,palbociclib
Data29_ATAAGAGTCTCTTATG.2,1,palbociclib
Data29_ATAGACCAGGAGTTGC.2,1,palbociclib
Data29_ATAGACCGTCTGCCAG.2,1,palbociclib
Data29_ATCATCTAGGGTGTGT.2,1,palbociclib
Data29_ATCATGGAGTCGATAA.2,1,palbociclib
Data29_ATCATGGAGTGTCTCA.2,1,palbociclib
Data29_ATCATGGGTTCGGCAC.2,1,palbociclib
Data29_ATCCACCTCGACAGCC.2,1,palbociclib
Data29_ATCCGAAAGCAGCCTC.2,1,palbociclib
Data29_ATGAGGGTCCGCAAGC.2,1,palbociclib
Data29_ATGCGATTCGGAATCT.2,1,palbociclib
Data29_ATGGGAGGTTCCACTC.2,1,palbociclib
Data29_ATTACTCAGTGATCGG.2,1,palbociclib
Data29_ATTACTCCATCGGACC.2,1,palbociclib
Data29_ATTCTACCAAGAGTCG.2,1,palbociclib
Data29_ATTCTACCAAGTTAAG.2,1,palbociclib
Data29_ATTCTACCATCCGGGT.2,1,palbociclib
Data29_ATTGGACGTCAGATAA.2,1,palbociclib
Data29_ATTGGACTCGTAGATC.2,1,palbociclib
Data29_ATTGGTGGTCCGAACC.2,1,palbociclib
Data29_ATTTCTGGTTCACCTC.2,1,palbociclib
Data29_CAACCAACATCACCCT.2,1,palbociclib
Data29_CAACCAAGTCCATGAT.2,1,palbociclib
Data29_CAACTAGAGAATGTGT.2,1,palbociclib
Data29_CACAAACAGTGATCGG.2,1,palbociclib
Data29_CACACAAGTGCCTGGT.2,1,palbociclib
Data29_CACACCTCAGGAATCG.2,1,palbociclib
Data29_CACACCTTCGCGTAGC.2,1,palbociclib
Data29_CACACCTTCTAACTGG.2,1,palbociclib
Data29_CACACTCGTGTAAGTA.2,1,palbociclib
Data29_CACAGGCAGAATGTTG.2,1,palbociclib
Data29_CACAGGCAGGACATTA.2,1,palbociclib
Data29_CACAGTATCTGGTTCC.2,1,palbociclib
Data29_CACATAGGTAAGTTCC.2,1,palbociclib
Data29_CACATAGGTCTAACGT.2,1,palbociclib
Data29_CACATTTTCACCGTAA.2,1,palbociclib
Data29_CACCACTGTACCGTTA.2,1,palbociclib
Data29_CACCTTGAGTCGATAA.2,1,palbociclib
Data29_CACCTTGTCATTATCC.2,1,palbociclib
Data29_CACTCCAAGGATCGCA.2,1,palbociclib
Data29_CAGCAGCAGAGGACGG.2,1,palbociclib
Data29_CAGCATAGTAGGGTAC.2,1,palbociclib
Data29_CAGCATAGTCATGCAT.2,1,palbociclib
Data29_CAGCTAAAGGGTATCG.2,1,palbociclib
Data29_CAGCTAACAGCCTGTG.2,1,palbociclib
Data29_CAGCTAATCACTTATC.2,1,palbociclib
Data29_CAGCTGGTCAGATAAG.2,1,palbociclib
Data29_CAGCTGGTCGTAGGTT.2,1,palbociclib
Data29_CAGGTGCAGCCACTAT.2,1,palbociclib
Data29_CAGTAACCAAAGTCAA.2,1,palbociclib
Data29_CATATGGAGTGCGATG.2,1,palbociclib
Data29_CATATGGCAGCTCGAC.2,1,palbociclib
Data29_CATCAGAGTCGGGTCT.2,1,palbociclib
Data29_CATCAGAGTGATAAAC.2,1,palbociclib
Data29_CATCCACGTCAATACC.2,1,palbociclib
Data29_CATGACACAGATCGGA.2,1,palbociclib
Data29_CATGCCTAGAGGTAGA.2,1,palbociclib
Data29_CATGCCTAGCTCTCGG.2,1,palbociclib
Data29_CATGCCTCAAAGGAAG.2,1,palbociclib
Data29_CATTATCAGACTTGAA.2,1,palbociclib
Data29_CCAATCCTCTCTGAGA.2,1,palbociclib
Data29_CCACCTAGTCAAACTC.2,1,palbociclib
Data29_CCACGGACATGCTAGT.2,1,palbociclib
Data29_CCAGCGACAGGATCGA.2,1,palbociclib
Data29_CCATTCGTCGCCTGTT.2,1,palbociclib
Data29_CCCTCCTCATATGAGA.2,1,palbociclib
Data29_CCCTCCTCATCGGAAG.2,1,palbociclib
Data29_CCCTCCTTCTAACTTC.2,1,palbociclib
Data29_CCGGTAGGTTTACTCT.2,1,palbociclib
Data29_CCGTACTCATCCTAGA.2,1,palbociclib
Data29_CCGTGGAAGCCAGTTT.2,1,palbociclib
Data29_CCGTGGACAAAGCGGT.2,1,palbociclib
Data29_CCGTTCATCTTGAGAC.2,1,palbociclib
Data29_CCTACACCAATGTAAG.2,1,palbociclib
Data29_CCTACCAGTGCAACTT.2,1,palbociclib
Data29_CCTATTACAAGAAAGG.2,1,palbociclib
Data29_CCTATTAGTCACTTCC.2,1,palbociclib
Data29_CCTATTAGTGTGAATA.2,1,palbociclib
Data29_CCTCAGTAGGTCGGAT.2,1,palbociclib
Data29_CCTCAGTCAAGCTGAG.2,1,palbociclib
Data29_CCTCAGTCATCGACGC.2,1,palbociclib
Data29_CCTTCCCCATGACATC.2,1,palbociclib
Data29_CGAATGTTCAGCGACC.2,1,palbociclib
Data29_CGACCTTTCGAATGGG.2,1,palbociclib
Data29_CGACTTCAGCGTTGCC.2,1,palbociclib
Data29_CGAGAAGAGCTATGCT.2,1,palbociclib
Data29_CGAGAAGAGCTTTGGT.2,1,palbociclib
Data29_CGAGAAGAGGAGCGTT.2,1,palbociclib
Data29_CGAGCCACATAACCTG.2,1,palbociclib
Data29_CGAGCCACATCACAAC.2,1,palbociclib
Data29_CGATGGCGTACAGTTC.2,1,palbociclib
Data29_CGATTGAAGGCAAAGA.2,1,palbociclib
Data29_CGATTGATCCACGTGG.2,1,palbociclib
Data29_CGCCAAGAGCTAACAA.2,1,palbociclib
Data29_CGCCAAGCATCGGGTC.2,1,palbociclib
Data29_CGCGGTAAGAGTGAGA.2,1,palbociclib
Data29_CGCGGTACAGTAAGCG.2,1,palbociclib
Data29_CGCTATCGTGTGGCTC.2,1,palbociclib
Data29_CGCTGGACACGGCTAC.2,1,palbociclib
Data29_CGCTTCATCGCCAAAT.2,1,palbociclib
Data29_CGGACACAGCTAGGCA.2,1,palbociclib
Data29_CGGACACGTACCGTAT.2,1,palbociclib
Data29_CGGACACTCCTCGCAT.2,1,palbociclib
Data29_CGGACGTCAGGAATGC.2,1,palbociclib
Data29_CGGAGTCAGAAGAAGC.2,1,palbociclib
Data29_CGGGTCAGTGGTACAG.2,1,palbociclib
Data29_CGGTTAAAGCGAAGGG.2,1,palbociclib
Data29_CGGTTAACATCAGTCA.2,1,palbociclib
Data29_CGGTTAAGTAATTGGA.2,1,palbociclib
Data29_CGGTTAATCAAGGCTT.2,1,palbociclib
Data29_CGTAGGCAGCCAGTTT.2,1,palbociclib
Data29_CGTAGGCAGCCTTGAT.2,1,palbociclib
Data29_CGTAGGCTCATACGGT.2,1,palbociclib
Data29_CGTCACTTCTTTACGT.2,1,palbociclib
Data29_CGTCCATCACTATCTT.2,1,palbociclib
Data29_CGTCTACAGCTAAGAT.2,1,palbociclib
Data29_CGTCTACAGGAGTACC.2,1,palbociclib
Data29_CGTGAGCGTACTTAGC.2,1,palbociclib
Data29_CGTGTCTCACGAGAGT.2,1,palbociclib
Data29_CGTGTCTGTGTCCTCT.2,1,palbociclib
Data29_CGTTCTGAGTATGACA.2,1,palbociclib
Data29_CGTTCTGGTAATAGCA.2,1,palbociclib
Data29_CGTTCTGGTCTAGAGG.2,1,palbociclib
Data29_CGTTCTGGTCTCCCTA.2,1,palbociclib
Data29_CGTTGGGGTCATATCG.2,1,palbociclib
Data29_CTAACTTCAGAGTGTG.2,1,palbociclib
Data29_CTAACTTGTAAGCACG.2,1,palbociclib
Data29_CTAAGACCATGTCCTC.2,1,palbociclib
Data29_CTAAGACTCCAGTATG.2,1,palbociclib
Data29_CTAAGACTCTGAGGGA.2,1,palbociclib
Data29_CTACACCCATTTGCTT.2,1,palbociclib
Data29_CTACATTAGGTGCTAG.2,1,palbociclib
Data29_CTACATTTCATGTGGT.2,1,palbociclib
Data29_CTAGAGTTCTTTACGT.2,1,palbociclib
Data29_CTAGTGAAGTCCGGTC.2,1,palbociclib
Data29_CTCACACGTTTAGCTG.2,1,palbociclib
Data29_CTCAGAAGTCCGAAGA.2,1,palbociclib
Data29_CTCAGAATCATCATTC.2,1,palbociclib
Data29_CTCGGGAGTGTGACCC.2,1,palbociclib
Data29_CTCGGGATCACAGGCC.2,1,palbociclib
Data29_CTCGTACCAATGACCT.2,1,palbociclib
Data29_CTCGTCAAGCAGATCG.2,1,palbociclib
Data29_CTCTAATCATAAGACA.2,1,palbociclib
Data29_CTGAAGTTCAGCGATT.2,1,palbociclib
Data29_CTGAAGTTCCGTACAA.2,1,palbociclib
Data29_CTGAAGTTCTGAAAGA.2,1,palbociclib
Data29_CTGATCCCAACACCTA.2,1,palbociclib
Data29_CTGATCCTCTACTATC.2,1,palbociclib
Data29_CTGCGGAAGAGGGATA.2,1,palbociclib
Data29_CTGCTGTCATCACGAT.2,1,palbociclib
Data29_CTGGTCTCACTGTGTA.2,1,palbociclib
Data29_CTGTGCTAGTACGTTC.2,1,palbociclib
Data29_CTGTGCTTCCAGTAGT.2,1,palbociclib
Data29_CTTAACTCATGTCCTC.2,1,palbociclib
Data29_CTTAACTGTAGATTAG.2,1,palbociclib
Data29_CTTAGGATCTTGTCAT.2,1,palbociclib
Data29_CTTGGCTGTTTGTTGG.2,1,palbociclib
Data29_CTTTGCGCAGTTCCCT.2,1,palbociclib
Data29_GAAACTCTCGACAGCC.2,1,palbociclib
Data29_GAAACTCTCGTCGTTC.2,1,palbociclib
Data29_GAAATGACAGTGGGAT.2,1,palbociclib
Data29_GAAATGAGTCCTAGCG.2,1,palbociclib
Data29_GAAATGAGTCTCTCGT.2,1,palbociclib
Data29_GAACGGAAGCGCTTAT.2,1,palbociclib
Data29_GAACGGACAGCTGCAC.2,1,palbociclib
Data29_GAATAAGCAAGAGGCT.2,1,palbociclib
Data29_GAATAAGCACGAAATA.2,1,palbociclib
Data29_GAATAAGTCCGTCATC.2,1,palbociclib
Data29_GAATGAAAGCTAGCCC.2,1,palbociclib
Data29_GACACGCAGGTGCACA.2,1,palbociclib
Data29_GACACGCGTACAGTTC.2,1,palbociclib
Data29_GACCTGGCACGAGAGT.2,1,palbociclib
Data29_GACCTGGCATTATCTC.2,1,palbociclib
Data29_GACCTGGGTGGCGAAT.2,1,palbociclib
Data29_GACGCGTCACGGTTTA.2,1,palbociclib
Data29_GACGGCTGTAGAAAGG.2,1,palbociclib
Data29_GACGTGCAGGAATGGA.2,1,palbociclib
Data29_GACGTGCGTGTTCTTT.2,1,palbociclib
Data29_GACGTTACAGGGTACA.2,1,palbociclib
Data29_GACGTTATCATAAAGG.2,1,palbociclib
Data29_GACTAACGTTAAGGGC.2,1,palbociclib
Data29_GACTAACTCTGTTGAG.2,1,palbociclib
Data29_GACTACACATTCCTCG.2,1,palbociclib
Data29_GACTACAGTTAAGGGC.2,1,palbociclib
Data29_GACTACATCACAAACC.2,1,palbociclib
Data29_GACTGCGTCGTTTAGG.2,1,palbociclib
Data29_GAGCAGAAGCGGATCA.2,1,palbociclib
Data29_GAGGTGAAGTTTAGGA.2,1,palbociclib
Data29_GAGGTGATCAGCTCGG.2,1,palbociclib
Data29_GATCGATGTCTGCCAG.2,1,palbociclib
Data29_GATCGATTCGTACCGG.2,1,palbociclib
Data29_GATCGTACAGGGAGAG.2,1,palbociclib
Data29_GATCTAGGTCGCGAAA.2,1,palbociclib
Data29_GATCTAGTCACCACCT.2,1,palbociclib
Data29_GATGAGGGTTTGCATG.2,1,palbociclib
Data29_GATGCTAAGACCGGAT.2,1,palbociclib
Data29_GCAAACTGTAGCTGCC.2,1,palbociclib
Data29_GCAATCAAGAGAACAG.2,1,palbociclib
Data29_GCAATCAGTATATGGA.2,1,palbociclib
Data29_GCACATACATTACGAC.2,1,palbociclib
Data29_GCACATATCTTAGCCC.2,1,palbociclib
Data29_GCAGCCAGTAAACGCG.2,1,palbociclib
Data29_GCAGCCATCGGTCCGA.2,1,palbociclib
Data29_GCATGCGCACAACTGT.2,1,palbociclib
Data29_GCATGTAGTGTGGCTC.2,1,palbociclib
Data29_GCCTCTATCTCCTATA.2,1,palbociclib
Data29_GCGACCAAGCGTAATA.2,1,palbociclib
Data29_GCGACCACAAGCTGGA.2,1,palbociclib
Data29_GCGACCAGTAAACACA.2,1,palbociclib
Data29_GCGACCAGTGTGAATA.2,1,palbociclib
Data29_GCGAGAAAGAAACCGC.2,1,palbociclib
Data29_GCGCAGTCACGGCTAC.2,1,palbociclib
Data29_GCGCAGTTCTCGTATT.2,1,palbociclib
Data29_GCGCCAACACGGACAA.2,1,palbociclib
Data29_GCGCGATAGGCTAGAC.2,1,palbociclib
Data29_GCGCGATCAGGCTCAC.2,1,palbociclib
Data29_GCGCGATTCGCACTCT.2,1,palbociclib
Data29_GCGGGTTCATTACCTT.2,1,palbociclib
Data29_GCGGGTTGTAAATGTG.2,1,palbociclib
Data29_GCTCTGTAGAAACCAT.2,1,palbociclib
Data29_GCTGCAGAGATCGGGT.2,1,palbociclib
Data29_GCTGCAGCAAGAAAGG.2,1,palbociclib
Data29_GCTGCGAAGGATGCGT.2,1,palbociclib
Data29_GCTGCGACATCAGTCA.2,1,palbociclib
Data29_GCTGCGAGTATCAGTC.2,1,palbociclib
Data29_GCTTCCAAGTCATCCA.2,1,palbociclib
Data29_GCTTCCACATACTACG.2,1,palbociclib
Data29_GGAAAGCGTTGGTGGA.2,1,palbociclib
Data29_GGAAAGCTCCTTCAAT.2,1,palbociclib
Data29_GGAACTTAGCGTGAAC.2,1,palbociclib
Data29_GGACAAGTCGTAGGTT.2,1,palbociclib
Data29_GGACAGAGTCAGTGGA.2,1,palbociclib
Data29_GGACATTAGCAGCGTA.2,1,palbociclib
Data29_GGACATTCATGAAGTA.2,1,palbociclib
Data29_GGAGCAACAGCGTCCA.2,1,palbociclib
Data29_GGATGTTCATACGCTA.2,1,palbociclib
Data29_GGATGTTTCTCTGTCG.2,1,palbociclib
Data29_GGCAATTGTCTCAACA.2,1,palbociclib
Data29_GGCAATTGTTCGGGCT.2,1,palbociclib
Data29_GGCAATTTCTGTCTCG.2,1,palbociclib
Data29_GGCCGATCATACAGCT.2,1,palbociclib
Data29_GGCCGATTCCGCAAGC.2,1,palbociclib
Data29_GGCGACTTCAGTCAGT.2,1,palbociclib
Data29_GGCGACTTCCTCGCAT.2,1,palbociclib
Data29_GGGAATGAGACAGAGA.2,1,palbociclib
Data29_GGGAATGAGTCCTCCT.2,1,palbociclib
Data29_GGGAATGGTACTCTCC.2,1,palbociclib
Data29_GGGAATGTCTATGTGG.2,1,palbociclib
Data29_GGGAGATAGGAGTTTA.2,1,palbociclib
Data29_GGGAGATGTCTAAAGA.2,1,palbociclib
Data29_GGGCACTCAAGGCTCC.2,1,palbociclib
Data29_GGGCACTCAATCGAAA.2,1,palbociclib
Data29_GGGCATCCAGGGATTG.2,1,palbociclib
Data29_GGGTCTGCACAGGTTT.2,1,palbociclib
Data29_GGGTTGCTCCATGAGT.2,1,palbociclib
Data29_GGTATTGGTGCCTGGT.2,1,palbociclib
Data29_GGTATTGGTTGGGACA.2,1,palbociclib
Data29_GGTGAAGGTCAATGTC.2,1,palbociclib
Data29_GTAACGTCACAGTCGC.2,1,palbociclib
Data29_GTAACGTTCGTGGGAA.2,1,palbociclib
Data29_GTAACTGAGGCAAAGA.2,1,palbociclib
Data29_GTAACTGAGTTTGCGT.2,1,palbociclib
Data29_GTACGTAAGTGAACGC.2,1,palbociclib
Data29_GTATCTTAGGTGTGGT.2,1,palbociclib
Data29_GTATTCTAGCCAGAAC.2,1,palbociclib
Data29_GTATTCTCATGGAATA.2,1,palbociclib
Data29_GTCAAGTAGTACGCGA.2,1,palbociclib
Data29_GTCAAGTTCCTGCTTG.2,1,palbociclib
Data29_GTCACGGGTTATCACG.2,1,palbociclib
Data29_GTCCTCAAGCAGCCTC.2,1,palbociclib
Data29_GTCGGGTAGTCGTTTG.2,1,palbociclib
Data29_GTCGGGTTCCGGGTGT.2,1,palbociclib
Data29_GTCGGGTTCTGGTTCC.2,1,palbociclib
Data29_GTCGTAAAGGCGATAC.2,1,palbociclib
Data29_GTCGTAATCAGGATCT.2,1,palbociclib
Data29_GTCTCGTTCCGTTGTC.2,1,palbociclib
Data29_GTGAAGGCAATGCCAT.2,1,palbociclib
Data29_GTGAAGGCACCCATTC.2,1,palbociclib
Data29_GTGCATAAGATGTAAC.2,1,palbociclib
Data29_GTGTTAGTCTATGTGG.2,1,palbociclib
Data29_GTTACAGCAGTGACAG.2,1,palbociclib
Data29_GTTCATTGTCTGATTG.2,1,palbociclib
Data29_TAAACCGAGACCCACC.2,1,palbociclib
Data29_TAAACCGGTAGCCTAT.2,1,palbociclib
Data29_TAAGAGAAGGAGTTGC.2,1,palbociclib
Data29_TAAGCGTGTATTAGCC.2,1,palbociclib
Data29_TACACGAAGGTGATTA.2,1,palbociclib
Data29_TACACGAAGTACGCCC.2,1,palbociclib
Data29_TACGGGCGTTCCACGG.2,1,palbociclib
Data29_TACGGGCTCATCATTC.2,1,palbociclib
Data29_TACGGTAGTGGTGTAG.2,1,palbociclib
Data29_TACTCGCTCTAACTCT.2,1,palbociclib
Data29_TAGACCACAATAGCAA.2,1,palbociclib
Data29_TAGACCACATGTCCTC.2,1,palbociclib
Data29_TAGCCGGCAGACGCAA.2,1,palbociclib
Data29_TAGTTGGAGTCCTCCT.2,1,palbociclib
Data29_TATCTCATCCTGCCAT.2,1,palbociclib
Data29_TATTACCGTTATCCGA.2,1,palbociclib
Data29_TCACAAGAGCTCCCAG.2,1,palbociclib
Data29_TCACAAGAGTGTACTC.2,1,palbociclib
Data29_TCACAAGCAACAACCT.2,1,palbociclib
Data29_TCACGAAGTTATCCGA.2,1,palbociclib
Data29_TCAGGTATCCCATTAT.2,1,palbociclib
Data29_TCATTACGTAAAGTCA.2,1,palbociclib
Data29_TCCCGATAGTGCCAGA.2,1,palbociclib
Data29_TCGCGTTAGCAAATCA.2,1,palbociclib
Data29_TCGCGTTCAAGCTGTT.2,1,palbociclib
Data29_TCGGGACAGTGGCACA.2,1,palbociclib
Data29_TCGGGACTCCAAGTAC.2,1,palbociclib
Data29_TCGGGACTCGTAGGAG.2,1,palbociclib
Data29_TCGGTAATCATTATCC.2,1,palbociclib
Data29_TCTATTGCAAGTCTGT.2,1,palbociclib
Data29_TCTATTGGTCGTCTTC.2,1,palbociclib
Data29_TCTCTAAAGCTAGCCC.2,1,palbociclib
Data29_TCTCTAACACAGCGTC.2,1,palbociclib
Data29_TCTGAGACATGCAACT.2,1,palbociclib
Data29_TCTGAGATCTCCAACC.2,1,palbociclib
Data29_TCTGGAATCAACGAAA.2,1,palbociclib
Data29_TCTGGAATCCCTCAGT.2,1,palbociclib
Data29_TCTTTCCAGCAATCTC.2,1,palbociclib
Data29_TGAAAGACAGCCTTGG.2,1,palbociclib
Data29_TGACAACGTCATATCG.2,1,palbociclib
Data29_TGACGGCGTCGAATCT.2,1,palbociclib
Data29_TGACTAGCAGGACCCT.2,1,palbociclib
Data29_TGACTTTGTACTTCTT.2,1,palbociclib
Data29_TGAGCATGTGTAACGG.2,1,palbociclib
Data29_TGCACCTAGTAGTGCG.2,1,palbociclib
Data29_TGCACCTTCACTCCTG.2,1,palbociclib
Data29_TGCCAAACAAGCCTAT.2,1,palbociclib
Data29_TGCCCTAAGGGTGTTG.2,1,palbociclib
Data29_TGCGCAGAGGTACTCT.2,1,palbociclib
Data29_TGCGCAGTCTAACTGG.2,1,palbociclib
Data29_TGCGCAGTCTGGTGTA.2,1,palbociclib
Data29_TGCTGCTCATGCGCAC.2,1,palbociclib
Data29_TGGACGCAGGCTCTTA.2,1,palbociclib
Data29_TGGACGCCAAAGGAAG.2,1,palbociclib
Data29_TGGCGCAGTGCGAAAC.2,1,palbociclib
Data29_TGGGCGTCAATACGCT.2,1,palbociclib
Data29_TGTCCCACAGCCTTTC.2,1,palbociclib
Data29_TGTCCCATCAGAGCTT.2,1,palbociclib
Data29_TGTCCCATCCGCAGTG.2,1,palbociclib
Data29_TGTGGTATCTCGAGTA.2,1,palbociclib
Data29_TGTGTTTAGTCGAGTG.2,1,palbociclib
Data29_TTAACTCAGTGAAGAG.2,1,palbociclib
Data29_TTAACTCTCATCGATG.2,1,palbociclib
Data29_TTAACTCTCCGCATAA.2,1,palbociclib
Data29_TTAGGACAGGATGCGT.2,1,palbociclib
Data29_TTAGGCATCAACCATG.2,1,palbociclib
Data29_TTATGCTTCAACACCA.2,1,palbociclib
Data29_TTATGCTTCGGAGGTA.2,1,palbociclib
Data29_TTCGGTCCATTACCTT.2,1,palbociclib
Data29_TTCTACAAGCGTCTAT.2,1,palbociclib
Data29_TTCTACATCACGACTA.2,1,palbociclib
Data29_TTCTCAATCGTCACGG.2,1,palbociclib
Data29_TTCTCCTGTAATCGTC.2,1,palbociclib
Data29_TTGAACGCATAAGACA.2,1,palbociclib
Data29_TTGACTTAGCCAGTAG.2,1,palbociclib
Data29_TTGACTTCACGAGGTA.2,1,palbociclib
Data29_TTGCGTCAGCGTCTAT.2,1,palbociclib
Data29_TTGGAACAGGTGCTTT.2,1,palbociclib
Data29_TTGGAACGTCACAAGG.2,1,palbociclib
Data29_TTGGCAACACAGGAGT.2,1,palbociclib
Data29_TTGGCAAGTATGGTTC.2,1,palbociclib
Data29_TTGTAGGGTAGATTAG.2,1,palbociclib
Data29_TTGTAGGGTCGCTTCT.2,1,palbociclib
Data29_TTGTAGGTCAATACCG.2,1,palbociclib
Data29_TTTACTGAGTGTACGG.2,1,palbociclib
Data29_TTTACTGCAAAGGAAG.2,1,palbociclib
Data29_TTTGCGCGTAGAAGGA.2,1,palbociclib
Data29_TTTGCGCTCTGTGCAA.2,1,palbociclib
Data29_TTTGGTTCAATAGCGG.2,1,palbociclib
Data29_TTTGGTTTCAGCAACT.2,1,palbociclib
Data29_TTTGGTTTCTTGAGGT.2,1,palbociclib
Data29_TTTGTCAAGAGCTGGT.2,1,palbociclib
Data29_TTTGTCAGTAAGGGAA.2,1,palbociclib
Data29_TTTGTCATCTCTTATG.2,1,palbociclib
Data29_AAACCTGGTGGTGTAG.6,0,palbociclib
Data29_AAACGGGAGTGTACTC.6,0,palbociclib
Data29_AAACGGGGTACCCAAT.6,0,palbociclib
Data29_AAACGGGGTCTCCCTA.6,0,palbociclib
Data29_AAACGGGTCCGGCACA.6,0,palbociclib
Data29_AAAGATGCATTCGACA.6,0,palbociclib
Data29_AAAGTAGGTGATAAGT.6,0,palbociclib
Data29_AAAGTAGTCTGGGCCA.6,0,palbociclib
Data29_AAATGCCAGTCGATAA.6,0,palbociclib
Data29_AAATGCCCATGTCCTC.6,0,palbociclib
Data29_AAATGCCGTACGACCC.6,0,palbociclib
Data29_AAATGCCGTCGGCATC.6,0,palbociclib
Data29_AAATGCCGTCGTTGTA.6,0,palbociclib
Data29_AACCGCGAGCAGGCTA.6,0,palbociclib
Data29_AACCGCGGTAAGGATT.6,0,palbociclib
Data29_AACGTTGAGAAGCCCA.6,0,palbociclib
Data29_AACGTTGCAGGGTACA.6,0,palbociclib
Data29_AACTCAGTCAAACGGG.6,0,palbociclib
Data29_AACTCCCTCCTCTAGC.6,0,palbociclib
Data29_AACTCTTGTTACAGAA.6,0,palbociclib
Data29_AACTTTCAGAGGTTGC.6,0,palbociclib
Data29_AAGACCTGTCTCGTTC.6,0,palbociclib
Data29_AAGCCGCAGAGGTTAT.6,0,palbociclib
Data29_AAGGAGCCACTGTGTA.6,0,palbociclib
Data29_AAGGCAGAGAAGGACA.6,0,palbociclib
Data29_AAGGCAGCAATCTGCA.6,0,palbociclib
Data29_AAGGTTCCACCATCCT.6,0,palbociclib
Data29_AAGGTTCCATCACGAT.6,0,palbociclib
Data29_AAGGTTCGTAAGAGAG.6,0,palbociclib
Data29_AAGGTTCGTAAGTAGT.6,0,palbociclib
Data29_AAGTCTGAGTCCTCCT.6,0,palbociclib
Data29_ACACCAAAGCAGACTG.6,0,palbociclib
Data29_ACACCCTAGGAGTTGC.6,0,palbociclib
Data29_ACACCCTCATTATCTC.6,0,palbociclib
Data29_ACACCCTGTTCATGGT.6,0,palbociclib
Data29_ACACCCTTCAGTTCGA.6,0,palbociclib
Data29_ACACCGGTCCACGAAT.6,0,palbociclib
Data29_ACACTGAAGCCAGTTT.6,0,palbociclib
Data29_ACACTGAGTGCAACGA.6,0,palbociclib
Data29_ACAGCTAGTCATCCCT.6,0,palbociclib
Data29_ACAGCTAGTCGAACAG.6,0,palbociclib
Data29_ACATACGAGAATTCCC.6,0,palbociclib
Data29_ACATCAGCATCGGTTA.6,0,palbociclib
Data29_ACCAGTAGTAGCTAAA.6,0,palbociclib
Data29_ACCCACTAGGTAGCTG.6,0,palbociclib
Data29_ACCTTTAGTAATCACC.6,0,palbociclib
Data29_ACGAGGACACCCATGG.6,0,palbociclib
Data29_ACGAGGACACGGCTAC.6,0,palbociclib
Data29_ACGAGGATCGCGCCAA.6,0,palbociclib
Data29_ACGATACAGATGGGTC.6,0,palbociclib
Data29_ACGATGTGTACAGCAG.6,0,palbociclib
Data29_ACGCAGCTCCTGTACC.6,0,palbociclib
Data29_ACGCCAGAGTGTCTCA.6,0,palbociclib
Data29_ACGCCAGTCTTGACGA.6,0,palbociclib
Data29_ACGGGCTGTTGATTGC.6,0,palbociclib
Data29_ACGGGCTTCTGCGGCA.6,0,palbociclib
Data29_ACGTCAACAGACGTAG.6,0,palbociclib
Data29_ACGTCAACAGTGGGAT.6,0,palbociclib
Data29_ACTGAACTCGAATCCA.6,0,palbociclib
Data29_ACTGAACTCTCAAGTG.6,0,palbociclib
Data29_ACTGCTCCAATCACAC.6,0,palbociclib
Data29_ACTGCTCTCTGCTGCT.6,0,palbociclib
Data29_ACTGTCCAGAAGGCCT.6,0,palbociclib
Data29_ACTGTCCTCGCCAGCA.6,0,palbociclib
Data29_ACTTACTAGAGCTATA.6,0,palbociclib
Data29_ACTTGTTCATCGATTG.6,0,palbociclib
Data29_ACTTTCATCTTTCCTC.6,0,palbociclib
Data29_AGAATAGCACAGGAGT.6,0,palbociclib
Data29_AGAATAGTCCCTGACT.6,0,palbociclib
Data29_AGACGTTCAGACAAAT.6,0,palbociclib
Data29_AGAGCGAAGCGTGAGT.6,0,palbociclib
Data29_AGAGCGACACATTCGA.6,0,palbociclib
Data29_AGAGCGACAGAGCCAA.6,0,palbociclib
Data29_AGAGCGATCCTAGTGA.6,0,palbociclib
Data29_AGAGTGGAGAGCTTCT.6,0,palbociclib
Data29_AGATCTGTCTAAGCCA.6,0,palbociclib
Data29_AGCAGCCAGAGTGACC.6,0,palbociclib
Data29_AGCCTAAAGCCGCCTA.6,0,palbociclib
Data29_AGCCTAATCAGAGCTT.6,0,palbociclib
Data29_AGCCTAATCTTTCCTC.6,0,palbociclib
Data29_AGCGGTCAGGCGACAT.6,0,palbociclib
Data29_AGCGTATAGGAGCGTT.6,0,palbociclib
Data29_AGCGTATAGGGTCGAT.6,0,palbociclib
Data29_AGCGTATAGTCCGGTC.6,0,palbociclib
Data29_AGCGTCGAGTGCCATT.6,0,palbociclib
Data29_AGCGTCGCAATAGCGG.6,0,palbociclib
Data29_AGCTCTCAGTAGCCGA.6,0,palbociclib
Data29_AGCTCTCCAGTAACGG.6,0,palbociclib
Data29_AGCTTGAGTTCGCTAA.6,0,palbociclib
Data29_AGGCCACGTAGCCTAT.6,0,palbociclib
Data29_AGGCCACGTGACGGTA.6,0,palbociclib
Data29_AGGCCACGTGAGGCTA.6,0,palbociclib
Data29_AGGCCGTGTCGAAAGC.6,0,palbociclib
Data29_AGGGAGTAGATGTGTA.6,0,palbociclib
Data29_AGGGAGTAGTCCAGGA.6,0,palbociclib
Data29_AGGGAGTCACTGTGTA.6,0,palbociclib
Data29_AGGGAGTGTCTAAACC.6,0,palbociclib
Data29_AGGGAGTGTCTTCTCG.6,0,palbociclib
Data29_AGGGATGGTTACGCGC.6,0,palbociclib
Data29_AGGGATGTCGAATGGG.6,0,palbociclib
Data29_AGGGTGACAACCGCCA.6,0,palbociclib
Data29_AGGGTGACAAGTTGTC.6,0,palbociclib
Data29_AGGTCATCACCAGTTA.6,0,palbociclib
Data29_AGGTCATCAGTGACAG.6,0,palbociclib
Data29_AGGTCCGGTAAACCTC.6,0,palbociclib
Data29_AGTAGTCAGCGAAGGG.6,0,palbociclib
Data29_AGTCTTTGTCAGAAGC.6,0,palbociclib
Data29_AGTGAGGCACAGATTC.6,0,palbociclib
Data29_AGTGGGACAACACCCG.6,0,palbociclib
Data29_AGTGTCACATTTGCCC.6,0,palbociclib
Data29_AGTGTCAGTAAGTTCC.6,0,palbociclib
Data29_AGTTGGTAGTGCCATT.6,0,palbociclib
Data29_AGTTGGTCACTAGTAC.6,0,palbociclib
Data29_AGTTGGTGTAAGTGGC.6,0,palbociclib
Data29_ATAAGAGCATTGGTAC.6,0,palbociclib
Data29_ATCACGAAGCCGATTT.6,0,palbociclib
Data29_ATCACGAAGTACCGGA.6,0,palbociclib
Data29_ATCATGGAGATGGGTC.6,0,palbociclib
Data29_ATCATGGAGGATATAC.6,0,palbociclib
Data29_ATCCACCTCAACTCTT.6,0,palbociclib
Data29_ATCCGAAAGTTTAGGA.6,0,palbociclib
Data29_ATCCGAATCGCGATCG.6,0,palbociclib
Data29_ATCGAGTGTGTGACGA.6,0,palbociclib
Data29_ATCGAGTGTTGGAGGT.6,0,palbociclib
Data29_ATGAGGGAGTTCGCGC.6,0,palbociclib
Data29_ATGCGATTCGGAGGTA.6,0,palbociclib
Data29_ATGCGATTCTAACTCT.6,0,palbociclib
Data29_ATGCGATTCTCGGACG.6,0,palbociclib
Data29_ATGGGAGTCAACGCTA.6,0,palbociclib
Data29_ATGTGTGTCATTGCGA.6,0,palbociclib
Data29_ATTACTCTCTACTCAT.6,0,palbociclib
Data29_ATTATCCGTCACTTCC.6,0,palbociclib
Data29_ATTATCCGTCCTCCAT.6,0,palbociclib
Data29_ATTGGACTCTGCCAGG.6,0,palbociclib
Data29_ATTGGTGCAGTTAACC.6,0,palbociclib
Data29_ATTGGTGGTGACCAAG.6,0,palbociclib
Data29_CAACCAACAGCCAGAA.6,0,palbociclib
Data29_CAACCAATCCTACAGA.6,0,palbociclib
Data29_CAACTAGGTGATGATA.6,0,palbociclib
Data29_CAAGAAACATGTAAGA.6,0,palbociclib
Data29_CAAGATCCACTTCGAA.6,0,palbociclib
Data29_CAAGGCCCACAACGCC.6,0,palbociclib
Data29_CAAGTTGCAATCGAAA.6,0,palbociclib
Data29_CACAAACGTCCGTCAG.6,0,palbociclib
Data29_CACACAAAGGGCTCTC.6,0,palbociclib
Data29_CACACAACACGGTAAG.6,0,palbociclib
Data29_CACACCTCATCACCCT.6,0,palbociclib
Data29_CACACTCCATGGGACA.6,0,palbociclib
Data29_CACACTCGTCCGTGAC.6,0,palbociclib
Data29_CACAGGCGTTACTGAC.6,0,palbociclib
Data29_CACAGTACAACAACCT.6,0,palbociclib
Data29_CACATAGAGAAGGACA.6,0,palbociclib
Data29_CACATAGGTCCGTTAA.6,0,palbociclib
Data29_CACCACTAGAAGGACA.6,0,palbociclib
Data29_CACCACTCATGGTAGG.6,0,palbociclib
Data29_CACCTTGAGAACAATC.6,0,palbociclib
Data29_CACCTTGCACTATCTT.6,0,palbociclib
Data29_CACCTTGGTTCACCTC.6,0,palbociclib
Data29_CACTCCACAGTATGCT.6,0,palbociclib
Data29_CACTCCATCACAGTAC.6,0,palbociclib
Data29_CAGAATCAGGCCCTTG.6,0,palbociclib
Data29_CAGAATCAGGCGCTCT.6,0,palbociclib
Data29_CAGATCATCGGACAAG.6,0,palbociclib
Data29_CAGCATAGTGTGACCC.6,0,palbociclib
Data29_CAGCCGAAGTCCCACG.6,0,palbociclib
Data29_CAGCCGATCCAGGGCT.6,0,palbociclib
Data29_CAGCGACAGTCATCCA.6,0,palbociclib
Data29_CAGCTAAAGGGTGTTG.6,0,palbociclib
Data29_CAGCTAATCTGCAAGT.6,0,palbociclib
Data29_CAGCTGGAGTCCAGGA.6,0,palbociclib
Data29_CAGCTGGGTACATCCA.6,0,palbociclib
Data29_CAGGTGCCAGCTCCGA.6,0,palbociclib
Data29_CAGGTGCGTACCGCTG.6,0,palbociclib
Data29_CAGGTGCTCGGCTACG.6,0,palbociclib
Data29_CAGTAACGTGCCTGCA.6,0,palbociclib
Data29_CAGTCCTTCTTGAGGT.6,0,palbociclib
Data29_CATATGGCAACTTGAC.6,0,palbociclib
Data29_CATATTCAGGTGCTAG.6,0,palbociclib
Data29_CATATTCCATTGTGCA.6,0,palbociclib
Data29_CATATTCTCGTTTAGG.6,0,palbociclib
Data29_CATCAAGCATGAGCGA.6,0,palbociclib
Data29_CATCAGACAAATCCGT.6,0,palbociclib
Data29_CATCCACAGGCAATTA.6,0,palbociclib
Data29_CATCCACCACCAGGTC.6,0,palbociclib
Data29_CATCCACTCAAAGACA.6,0,palbociclib
Data29_CATCCACTCACAATGC.6,0,palbociclib
Data29_CATCGGGTCAGTGTTG.6,0,palbociclib
Data29_CATGACAAGTGTTGAA.6,0,palbociclib
Data29_CATGACATCATGCATG.6,0,palbociclib
Data29_CATGCCTGTCCGAGTC.6,0,palbociclib
Data29_CATTATCTCGTCACGG.6,0,palbociclib
Data29_CATTCGCGTGATGCCC.6,0,palbociclib
Data29_CCAATCCCAGGATCGA.6,0,palbociclib
Data29_CCAATCCGTGTGGTTT.6,0,palbociclib
Data29_CCACCTATCAGGTTCA.6,0,palbociclib
Data29_CCACGGAAGTCGTACT.6,0,palbociclib
Data29_CCACTACCAACTTGAC.6,0,palbociclib
Data29_CCAGCGAGTTCCAACA.6,0,palbociclib
Data29_CCATGTCAGAGTTGGC.6,0,palbociclib
Data29_CCATGTCTCAGTGTTG.6,0,palbociclib
Data29_CCATGTCTCCAAGCCG.6,0,palbociclib
Data29_CCATTCGCAACTTGAC.6,0,palbociclib
Data29_CCATTCGGTTCAGGCC.6,0,palbociclib
Data29_CCATTCGGTTCCATGA.6,0,palbociclib
Data29_CCCAATCCAGACTCGC.6,0,palbociclib
Data29_CCCAGTTTCAGTCCCT.6,0,palbociclib
Data29_CCCATACCACTGTGTA.6,0,palbociclib
Data29_CCCTCCTAGGAGCGTT.6,0,palbociclib
Data29_CCGGGATAGGCATTGG.6,0,palbociclib
Data29_CCGGTAGCACCAGATT.6,0,palbociclib
Data29_CCGTTCAGTGGTTTCA.6,0,palbociclib
Data29_CCTACACAGGATTCGG.6,0,palbociclib
Data29_CCTACACCAGGTCGTC.6,0,palbociclib
Data29_CCTACACTCAATAAGG.6,0,palbociclib
Data29_CCTCTGAGTTGATTCG.6,0,palbociclib
Data29_CCTTACGAGTGGTAAT.6,0,palbociclib
Data29_CCTTACGGTGTGGCTC.6,0,palbociclib
Data29_CCTTACGTCATGTAGC.6,0,palbociclib
Data29_CCTTACGTCCTAGGGC.6,0,palbociclib
Data29_CCTTCCCAGTGTCCAT.6,0,palbociclib
Data29_CCTTCCCGTTCCCGAG.6,0,palbociclib
Data29_CCTTCGACAAAGAATC.6,0,palbociclib
Data29_CCTTCGAGTGACTACT.6,0,palbociclib
Data29_CGAACATCACAGGCCT.6,0,palbociclib
Data29_CGACCTTCAAGCCATT.6,0,palbociclib
Data29_CGACCTTCAGCTGCAC.6,0,palbociclib
Data29_CGACCTTCAGGGCATA.6,0,palbociclib
Data29_CGACCTTGTCCTGCTT.6,0,palbociclib
Data29_CGAGAAGGTTTGACAC.6,0,palbociclib
Data29_CGAGAAGTCAGCTGGC.6,0,palbociclib
Data29_CGAGCACAGAAACGAG.6,0,palbociclib
Data29_CGAGCCAAGCGTGAGT.6,0,palbociclib
Data29_CGATCGGCAGGACGTA.6,0,palbociclib
Data29_CGATCGGGTAAATACG.6,0,palbociclib
Data29_CGATCGGGTCTCCATC.6,0,palbociclib
Data29_CGATGGCGTCAGAGGT.6,0,palbociclib
Data29_CGATGGCTCACGCATA.6,0,palbociclib
Data29_CGATGTACAACTGCTA.6,0,palbociclib
Data29_CGATGTATCAAACCAC.6,0,palbociclib
Data29_CGATTGAAGCTGATAA.6,0,palbociclib
Data29_CGATTGAAGGATGGTC.6,0,palbociclib
Data29_CGATTGAAGTGACTCT.6,0,palbociclib
Data29_CGATTGAGTCAGCTAT.6,0,palbociclib
Data29_CGATTGAGTGAGGGAG.6,0,palbociclib
Data29_CGATTGATCCGGGTGT.6,0,palbociclib
Data29_CGCCAAGGTGACTCAT.6,0,palbociclib
Data29_CGCGTTTCACCTCGGA.6,0,palbociclib
Data29_CGCGTTTGTCTAAACC.6,0,palbociclib
Data29_CGCGTTTTCTATCCTA.6,0,palbociclib
Data29_CGCTATCAGTGTGGCA.6,0,palbociclib
Data29_CGCTGGAAGGCTAGCA.6,0,palbociclib
Data29_CGCTTCAAGGCCGAAT.6,0,palbociclib
Data29_CGCTTCACATCTCGCT.6,0,palbociclib
Data29_CGGACACCAGGGAGAG.6,0,palbociclib
Data29_CGGACACGTCACCTAA.6,0,palbociclib
Data29_CGGACACTCACCTTAT.6,0,palbociclib
Data29_CGGACACTCCAATGGT.6,0,palbociclib
Data29_CGGACGTTCGGCCGAT.6,0,palbociclib
Data29_CGGACTGCAAAGGAAG.6,0,palbociclib
Data29_CGGAGCTAGAGACGAA.6,0,palbociclib
Data29_CGGAGCTCAACACCCG.6,0,palbociclib
Data29_CGGAGCTTCCTTTACA.6,0,palbociclib
Data29_CGGAGTCAGAAGGGTA.6,0,palbociclib
Data29_CGGAGTCCATGGAATA.6,0,palbociclib
Data29_CGGGTCACACTTAAGC.6,0,palbociclib
Data29_CGTAGCGCAACGATCT.6,0,palbociclib
Data29_CGTAGCGCAATGTTGC.6,0,palbociclib
Data29_CGTAGCGGTAATAGCA.6,0,palbociclib
Data29_CGTAGGCTCCGGGTGT.6,0,palbociclib
Data29_CGTCACTAGGCTAGAC.6,0,palbociclib
Data29_CGTCACTGTATGAAAC.6,0,palbociclib
Data29_CGTCACTGTGTTGGGA.6,0,palbociclib
Data29_CGTCACTTCCAAATGC.6,0,palbociclib
Data29_CGTCAGGCACAGACTT.6,0,palbociclib
Data29_CGTCCATAGAGCTGGT.6,0,palbociclib
Data29_CGTCCATGTGGAAAGA.6,0,palbociclib
Data29_CGTCCATGTGTTGGGA.6,0,palbociclib
Data29_CGTGTAAGTCACTTCC.6,0,palbociclib
Data29_CGTGTAAGTTAGATGA.6,0,palbociclib
Data29_CGTGTCTAGAAACGAG.6,0,palbociclib
Data29_CGTGTCTAGAGACTTA.6,0,palbociclib
Data29_CGTTCTGGTGCACCAC.6,0,palbociclib
Data29_CGTTGGGAGAATTGTG.6,0,palbociclib
Data29_CGTTGGGAGTGGTCCC.6,0,palbociclib
Data29_CGTTGGGCACCGAATT.6,0,palbociclib
Data29_CTAACTTTCAACACCA.6,0,palbociclib
Data29_CTAAGACAGCGGCTTC.6,0,palbociclib
Data29_CTAAGACTCCAGGGCT.6,0,palbociclib
Data29_CTACACCAGGCTATCT.6,0,palbociclib
Data29_CTACCCAGTTGATTGC.6,0,palbociclib
Data29_CTACCCATCATGCTCC.6,0,palbociclib
Data29_CTACCCATCCACGACG.6,0,palbociclib
Data29_CTACCCATCGAACGGA.6,0,palbociclib
Data29_CTACGTCTCTGGCGAC.6,0,palbociclib
Data29_CTAGAGTAGTGTCTCA.6,0,palbociclib
Data29_CTAGAGTTCACCACCT.6,0,palbociclib
Data29_CTAGCCTAGTCGTTTG.6,0,palbociclib
Data29_CTAGTGAGTGCATCTA.6,0,palbociclib
Data29_CTCACACCAATGACCT.6,0,palbociclib
Data29_CTCACACCACTCTGTC.6,0,palbociclib
Data29_CTCACACTCCCTGACT.6,0,palbociclib
Data29_CTCATTAAGCCAGGAT.6,0,palbociclib
Data29_CTCCTAGTCCGAAGAG.6,0,palbociclib
Data29_CTCCTAGTCTTTCCTC.6,0,palbociclib
Data29_CTCGAAAGTCGACTGC.6,0,palbociclib
Data29_CTCGAAAGTCTGCCAG.6,0,palbociclib
Data29_CTCGAAAGTGATGTGG.6,0,palbociclib
Data29_CTCGAAATCCAGAAGG.6,0,palbociclib
Data29_CTCGAGGAGGAGCGTT.6,0,palbociclib
Data29_CTCGAGGAGTTCGCGC.6,0,palbociclib
Data29_CTCGGAGTCCTTGGTC.6,0,palbociclib
Data29_CTCGGGAGTCTTTCAT.6,0,palbociclib
Data29_CTCGTACCACCGTTGG.6,0,palbociclib
Data29_CTCGTACCAGTTCCCT.6,0,palbociclib
Data29_CTCGTCAAGTGCGATG.6,0,palbociclib
Data29_CTCGTCAGTATGGTTC.6,0,palbociclib
Data29_CTCTAATAGGTGCTAG.6,0,palbociclib
Data29_CTCTAATGTTGATTCG.6,0,palbociclib
Data29_CTCTAATTCGGAGCAA.6,0,palbociclib
Data29_CTCTACGCATGGTAGG.6,0,palbociclib
Data29_CTCTGGTAGTCGTTTG.6,0,palbociclib
Data29_CTGAAGTCAGCTGGCT.6,0,palbociclib
Data29_CTGAAGTCATTCCTCG.6,0,palbociclib
Data29_CTGAAGTGTCGACTGC.6,0,palbociclib
Data29_CTGAAGTTCGGTTAAC.6,0,palbociclib
Data29_CTGAAGTTCGTGACAT.6,0,palbociclib
Data29_CTGATAGAGAGCCCAA.6,0,palbociclib
Data29_CTGATCCGTAATCGTC.6,0,palbociclib
Data29_CTGATCCTCGATGAGG.6,0,palbociclib
Data29_CTGCCTACAATGAATG.6,0,palbociclib
Data29_CTGCCTACATATACGC.6,0,palbociclib
Data29_CTGCCTAGTCTTCAAG.6,0,palbociclib
Data29_CTGCGGACATAGGATA.6,0,palbociclib
Data29_CTGCGGAGTAGAGTGC.6,0,palbociclib
Data29_CTGCGGAGTTTCGCTC.6,0,palbociclib
Data29_CTGCTGTGTTCCACAA.6,0,palbociclib
Data29_CTGGTCTCAAGCTGGA.6,0,palbociclib
Data29_CTGTGCTTCGGATGGA.6,0,palbociclib
Data29_CTTACCGCAAAGGAAG.6,0,palbociclib
Data29_CTTACCGGTGGTTTCA.6,0,palbociclib
Data29_CTTAGGACATCGATGT.6,0,palbociclib
Data29_CTTGGCTCAGGTGCCT.6,0,palbociclib
Data29_CTTGGCTGTCTCCATC.6,0,palbociclib
Data29_GAAACTCTCCAGATCA.6,0,palbociclib
Data29_GAAACTCTCGTACGGC.6,0,palbociclib
Data29_GAACATCCAGTCAGCC.6,0,palbociclib
Data29_GAACATCGTACTTGAC.6,0,palbociclib
Data29_GAACATCGTTATCACG.6,0,palbociclib
Data29_GAACCTAGTATATGAG.6,0,palbociclib
Data29_GAACCTAGTCAACATC.6,0,palbociclib
Data29_GAACCTATCTTGAGGT.6,0,palbociclib
Data29_GAAGCAGTCCTAGGGC.6,0,palbociclib
Data29_GAATAAGTCTGCTGCT.6,0,palbociclib
Data29_GAATGAAAGGCTAGAC.6,0,palbociclib
Data29_GACACGCAGATCTGAA.6,0,palbociclib
Data29_GACACGCGTCACTGGC.6,0,palbociclib
Data29_GACAGAGAGAGTCGGT.6,0,palbociclib
Data29_GACAGAGTCAACCAAC.6,0,palbociclib
Data29_GACCAATCACTACAGT.6,0,palbociclib
Data29_GACGCGTAGCTAAGAT.6,0,palbociclib
Data29_GACGCGTGTAATAGCA.6,0,palbociclib
Data29_GACGGCTAGCCGGTAA.6,0,palbociclib
Data29_GACGGCTTCACTTACT.6,0,palbociclib
Data29_GACGGCTTCCACTGGG.6,0,palbociclib
Data29_GACGTGCCAGGTCTCG.6,0,palbociclib
Data29_GACGTGCGTTGATTGC.6,0,palbociclib
Data29_GACGTTAAGCCCAATT.6,0,palbociclib
Data29_GACGTTAGTTCGCTAA.6,0,palbociclib
Data29_GACTGCGGTAAAGGAG.6,0,palbociclib
Data29_GACTGCGGTCTTCAAG.6,0,palbociclib
Data29_GAGCAGAAGTGTGGCA.6,0,palbociclib
Data29_GAGGTGATCACCAGGC.6,0,palbociclib
Data29_GAGGTGATCTTTACGT.6,0,palbociclib
Data29_GAGTCCGGTCTCTCTG.6,0,palbociclib
Data29_GATCGTAGTGATAAAC.6,0,palbociclib
Data29_GATCTAGAGCAATATG.6,0,palbociclib
Data29_GATCTAGTCGGTTCGG.6,0,palbociclib
Data29_GATCTAGTCTAACTGG.6,0,palbociclib
Data29_GATGAAACAGTCGTGC.6,0,palbociclib
Data29_GATGAAACAGTGACAG.6,0,palbociclib
Data29_GATGAAAGTTTGACAC.6,0,palbociclib
Data29_GATGAAATCCCAACGG.6,0,palbociclib
Data29_GATGAGGAGCGATAGC.6,0,palbociclib
Data29_GCAAACTAGGAACTGC.6,0,palbociclib
Data29_GCAAACTAGGACAGCT.6,0,palbociclib
Data29_GCAAACTCATCCTAGA.6,0,palbociclib
Data29_GCAAACTGTTCAGACT.6,0,palbociclib
Data29_GCAATCAAGAGTCGGT.6,0,palbociclib
Data29_GCACTCTAGCATCATC.6,0,palbociclib
Data29_GCAGCCACACATGTGT.6,0,palbociclib
Data29_GCAGCCACACCGGAAA.6,0,palbociclib
Data29_GCATACAAGAAACCAT.6,0,palbociclib
Data29_GCATGTAAGATCGGGT.6,0,palbociclib
Data29_GCATGTATCATCTGCC.6,0,palbociclib
Data29_GCGACCATCAAGGCTT.6,0,palbociclib
Data29_GCGCAACAGCTTCGCG.6,0,palbociclib
Data29_GCGCAACTCACTCTTA.6,0,palbociclib
Data29_GCGCAGTAGACGCAAC.6,0,palbociclib
Data29_GCGCAGTAGGCATTGG.6,0,palbociclib
Data29_GCGCAGTGTTGACGTT.6,0,palbociclib
Data29_GCGCGATCAAAGGCGT.6,0,palbociclib
Data29_GCGCGATGTAGCAAAT.6,0,palbociclib
Data29_GCGGGTTAGAGTTGGC.6,0,palbociclib
Data29_GCGGGTTAGCACGCCT.6,0,palbociclib
Data29_GCGGGTTCAGTCAGCC.6,0,palbociclib
Data29_GCTCCTAAGTTCGATC.6,0,palbociclib
Data29_GCTCTGTTCCGTAGTA.6,0,palbociclib
Data29_GCTGCAGCATCCTTGC.6,0,palbociclib
Data29_GCTTCCACACCGTTGG.6,0,palbociclib
Data29_GCTTGAAAGGTAAACT.6,0,palbociclib
Data29_GCTTGAACACCTTGTC.6,0,palbociclib
Data29_GCTTGAACACGGCTAC.6,0,palbociclib
Data29_GCTTGAACAGCCTTTC.6,0,palbociclib
Data29_GGAAAGCGTGGCGAAT.6,0,palbociclib
Data29_GGAATAAAGATTACCC.6,0,palbociclib
Data29_GGAATAATCTCCTATA.6,0,palbociclib
Data29_GGACAAGTCAATCTCT.6,0,palbociclib
Data29_GGACAAGTCATAAAGG.6,0,palbociclib
Data29_GGACATTGTACCATCA.6,0,palbociclib
Data29_GGACGTCGTCATATGC.6,0,palbociclib
Data29_GGAGCAAAGCACCGCT.6,0,palbociclib
Data29_GGAGCAAGTCCGCTGA.6,0,palbociclib
Data29_GGATTACTCTGTGCAA.6,0,palbociclib
Data29_GGCAATTAGCTAGTCT.6,0,palbociclib
Data29_GGCGACTTCAGCTGGC.6,0,palbociclib
Data29_GGCGTGTCATGGAATA.6,0,palbociclib
Data29_GGCTCGAAGCCGATTT.6,0,palbociclib
Data29_GGCTCGAGTTCGCGAC.6,0,palbociclib
Data29_GGCTCGATCATGTGGT.6,0,palbociclib
Data29_GGCTCGATCTAACTTC.6,0,palbociclib
Data29_GGCTGGTCACCAGATT.6,0,palbociclib
Data29_GGCTGGTTCTTCGAGA.6,0,palbociclib
Data29_GGGAATGAGTGTTTGC.6,0,palbociclib
Data29_GGGAATGGTCCGTGAC.6,0,palbociclib
Data29_GGGAGATGTAGCCTCG.6,0,palbociclib
Data29_GGGAGATTCGCTTAGA.6,0,palbociclib
Data29_GGGATGAAGCCTCGTG.6,0,palbociclib
Data29_GGGATGAAGTTGTAGA.6,0,palbociclib
Data29_GGGATGATCGGAAACG.6,0,palbociclib
Data29_GGGCATCAGATACACA.6,0,palbociclib
Data29_GGGTCTGCAACTGGCC.6,0,palbociclib
Data29_GGGTTGCAGGGCATGT.6,0,palbociclib
Data29_GGGTTGCGTCTCAACA.6,0,palbociclib
Data29_GGGTTGCTCCACTCCA.6,0,palbociclib
Data29_GGTATTGAGTACGTAA.6,0,palbociclib
Data29_GGTATTGGTGAACCTT.6,0,palbociclib
Data29_GGTGAAGCAGCATGAG.6,0,palbociclib
Data29_GGTGAAGGTCTAGAGG.6,0,palbociclib
Data29_GGTGCGTCAAGGGTCA.6,0,palbociclib
Data29_GGTGCGTTCGCGCCAA.6,0,palbociclib
Data29_GGTGTTAAGTCTCAAC.6,0,palbociclib
Data29_GGTGTTATCAAGAAGT.6,0,palbociclib
Data29_GTAACGTGTTTGTTTC.6,0,palbociclib
Data29_GTACTCCTCCTCGCAT.6,0,palbociclib
Data29_GTAGGCCAGGGTTTCT.6,0,palbociclib
Data29_GTAGGCCTCACCAGGC.6,0,palbociclib
Data29_GTAGTCATCCAGTATG.6,0,palbociclib
Data29_GTATCTTAGCCAGTTT.6,0,palbociclib
Data29_GTATCTTAGGAATGGA.6,0,palbociclib
Data29_GTATTCTCAGACAAGC.6,0,palbociclib
Data29_GTATTCTGTGGAAAGA.6,0,palbociclib
Data29_GTCAAGTAGTTACCCA.6,0,palbociclib
Data29_GTCAAGTTCGCGTAGC.6,0,palbociclib
Data29_GTCAAGTTCTTGTTTG.6,0,palbociclib
Data29_GTCACAAAGGACTGGT.6,0,palbociclib
Data29_GTCACAAGTTGATTCG.6,0,palbociclib
Data29_GTCACAATCTGTACGA.6,0,palbociclib
Data29_GTCACGGAGCCATCGC.6,0,palbociclib
Data29_GTCATTTGTCTTCGTC.6,0,palbociclib
Data29_GTCATTTGTGCACGAA.6,0,palbociclib
Data29_GTCGGGTGTTTGTTTC.6,0,palbociclib
Data29_GTCGGGTTCGGGAGTA.6,0,palbociclib
Data29_GTCGTAACACCGCTAG.6,0,palbociclib
Data29_GTCGTAATCGTAGGTT.6,0,palbociclib
Data29_GTCTCGTAGGTAAACT.6,0,palbociclib
Data29_GTCTCGTTCATCATTC.6,0,palbociclib
Data29_GTCTTCGTCCTCAATT.6,0,palbociclib
Data29_GTGAAGGCACATTTCT.6,0,palbociclib
Data29_GTGAAGGCAGCTCCGA.6,0,palbociclib
Data29_GTGAAGGGTAGAAAGG.6,0,palbociclib
Data29_GTGAAGGTCAGTGCAT.6,0,palbociclib
Data29_GTGCATAGTTCAGTAC.6,0,palbociclib
Data29_GTGCATATCAGCACAT.6,0,palbociclib
Data29_GTGCATATCAGCTCGG.6,0,palbociclib
Data29_GTGCGGTAGGACTGGT.6,0,palbociclib
Data29_GTGCGGTTCGATAGAA.6,0,palbociclib
Data29_GTGTGCGAGAGCTGCA.6,0,palbociclib
Data29_GTGTGCGAGAGGTAGA.6,0,palbociclib
Data29_GTGTTAGGTCTCCACT.6,0,palbociclib
Data29_GTTAAGCCAGTGGGAT.6,0,palbociclib
Data29_GTTACAGGTGTTCGAT.6,0,palbociclib
Data29_GTTCATTGTGTGCGTC.6,0,palbociclib
Data29_GTTCGGGAGCCTTGAT.6,0,palbociclib
Data29_GTTCGGGCATCACCCT.6,0,palbociclib
Data29_GTTCTCGCAAGCCATT.6,0,palbociclib
Data29_GTTCTCGGTAAGTGGC.6,0,palbociclib
Data29_GTTTCTACAGCTGCAC.6,0,palbociclib
Data29_GTTTCTAGTTTGACAC.6,0,palbociclib
Data29_GTTTCTATCAGGCAAG.6,0,palbociclib
Data29_GTTTCTATCGAATCCA.6,0,palbociclib
Data29_TAAACCGGTTTAGCTG.6,0,palbociclib
Data29_TAAGAGAAGTGTGGCA.6,0,palbociclib
Data29_TAAGAGACACCGGAAA.6,0,palbociclib
Data29_TAAGAGAGTCCAGTGC.6,0,palbociclib
Data29_TAAGAGATCGACGGAA.6,0,palbociclib
Data29_TAAGCGTTCACATACG.6,0,palbociclib
Data29_TACACGACATCTCGCT.6,0,palbociclib
Data29_TACACGATCCTGTAGA.6,0,palbociclib
Data29_TACAGTGTCCAGTAGT.6,0,palbociclib
Data29_TACCTATGTCCGAACC.6,0,palbociclib
Data29_TACCTATGTGGCGAAT.6,0,palbociclib
Data29_TACCTTAGTGTTCTTT.6,0,palbociclib
Data29_TACCTTAGTGTTGGGA.6,0,palbociclib
Data29_TACGGATAGCTCCTCT.6,0,palbociclib
Data29_TACGGATCAACTGGCC.6,0,palbociclib
Data29_TACGGGCCAAGAAAGG.6,0,palbociclib
Data29_TACGGGCTCACTTATC.6,0,palbociclib
Data29_TACGGTATCGCGGATC.6,0,palbociclib
Data29_TACGGTATCTGTCAAG.6,0,palbociclib
Data29_TACTCATCAAGACGTG.6,0,palbociclib
Data29_TACTCATCAATCGGTT.6,0,palbociclib
Data29_TACTCGCCAATCACAC.6,0,palbociclib
Data29_TACTTACAGTGTGAAT.6,0,palbociclib
Data29_TACTTACGTCATACTG.6,0,palbociclib
Data29_TACTTGTAGAAAGTGG.6,0,palbociclib
Data29_TACTTGTGTCTCGTTC.6,0,palbociclib
Data29_TAGACCACAATGAATG.6,0,palbociclib
Data29_TAGACCACAGTATCTG.6,0,palbociclib
Data29_TAGCCGGTCCACGCAG.6,0,palbociclib
Data29_TAGGCATCAATGCCAT.6,0,palbociclib
Data29_TAGTGGTTCAACACTG.6,0,palbociclib
Data29_TAGTGGTTCCAATGGT.6,0,palbociclib
Data29_TAGTTGGTCTCATTCA.6,0,palbociclib
Data29_TATCAGGGTTGTTTGG.6,0,palbociclib
Data29_TATCTCATCGTGACAT.6,0,palbociclib
Data29_TATGCCCCACGAAGCA.6,0,palbociclib
Data29_TATTACCAGGTCGGAT.6,0,palbociclib
Data29_TATTACCGTCTCTTTA.6,0,palbociclib
Data29_TCAACGAGTAAGTAGT.6,0,palbociclib
Data29_TCAACGAGTTCCAACA.6,0,palbociclib
Data29_TCAATCTAGAAACCGC.6,0,palbociclib
Data29_TCAATCTTCACGACTA.6,0,palbociclib
Data29_TCACAAGCACAGGAGT.6,0,palbociclib
Data29_TCACAAGGTGATGCCC.6,0,palbociclib
Data29_TCACGAAGTTAGGGTG.6,0,palbociclib
Data29_TCACGAATCTGTGCAA.6,0,palbociclib
Data29_TCAGATGCAGCTTAAC.6,0,palbociclib
Data29_TCAGCAAGTACGACCC.6,0,palbociclib
Data29_TCAGCTCAGCTTCGCG.6,0,palbociclib
Data29_TCAGCTCCAAGCTGGA.6,0,palbociclib
Data29_TCAGCTCCAGCCTATA.6,0,palbociclib
Data29_TCAGGATAGTGGAGAA.6,0,palbociclib
Data29_TCAGGATTCCGAGCCA.6,0,palbociclib
Data29_TCATTACAGCTCAACT.6,0,palbociclib
Data29_TCATTACCAAGAAAGG.6,0,palbociclib
Data29_TCATTACGTTCCGTCT.6,0,palbociclib
Data29_TCATTACTCCCGGATG.6,0,palbociclib
Data29_TCATTACTCGGAAACG.6,0,palbociclib
Data29_TCATTTGAGACCACGA.6,0,palbociclib
Data29_TCATTTGCACCAGGCT.6,0,palbociclib
Data29_TCATTTGGTTCCCGAG.6,0,palbociclib
Data29_TCCACACCAGACGCTC.6,0,palbociclib
Data29_TCCACACTCGTAGGTT.6,0,palbociclib
Data29_TCCCGATGTGAGGGAG.6,0,palbociclib
Data29_TCGAGGCTCCATGAAC.6,0,palbociclib
Data29_TCGAGGCTCTCGTATT.6,0,palbociclib
Data29_TCGCGAGTCTAACGGT.6,0,palbociclib
Data29_TCGCGAGTCTACGAGT.6,0,palbociclib
Data29_TCGCGTTCAGCGATCC.6,0,palbociclib
Data29_TCGCGTTCATGACATC.6,0,palbociclib
Data29_TCGGGACAGGAACTGC.6,0,palbociclib
Data29_TCGGGACGTGGTCTCG.6,0,palbociclib
Data29_TCGGTAACAGTGGAGT.6,0,palbociclib
Data29_TCGTACCAGACGCTTT.6,0,palbociclib
Data29_TCGTACCCAACACCCG.6,0,palbociclib
Data29_TCGTACCCAATGGAAT.6,0,palbociclib
Data29_TCGTACCTCTGAGGGA.6,0,palbociclib
Data29_TCGTAGAGTCCAGTGC.6,0,palbociclib
Data29_TCGTAGAGTCCGTGAC.6,0,palbociclib
Data29_TCTATTGGTAAGTTCC.6,0,palbociclib
Data29_TCTCATAAGACGCTTT.6,0,palbociclib
Data29_TCTCATAAGGCGACAT.6,0,palbociclib
Data29_TCTCATAGTAGCTGCC.6,0,palbociclib
Data29_TCTCATATCAAAGTAG.6,0,palbociclib
Data29_TCTCTAAGTTCCAACA.6,0,palbociclib
Data29_TCTCTAATCGAATGGG.6,0,palbociclib
Data29_TCTCTAATCGAGCCCA.6,0,palbociclib
Data29_TCTGAGACACAAGACG.6,0,palbociclib
Data29_TCTGAGACATCACCCT.6,0,palbociclib
Data29_TCTGGAACACGGTGTC.6,0,palbociclib
Data29_TCTGGAAGTGCGGTAA.6,0,palbociclib
Data29_TCTGGAATCTTGAGGT.6,0,palbociclib
Data29_TCTTCGGGTCTCTTTA.6,0,palbociclib
Data29_TCTTCGGTCATAACCG.6,0,palbociclib
Data29_TCTTTCCAGAAACCTA.6,0,palbociclib
Data29_TCTTTCCAGCGGCTTC.6,0,palbociclib
Data29_TCTTTCCGTTGGGACA.6,0,palbociclib
Data29_TCTTTCCGTTGTGGCC.6,0,palbociclib
Data29_TCTTTCCTCCGTTGCT.6,0,palbociclib
Data29_TGAAAGATCAAAGACA.6,0,palbociclib
Data29_TGACGGCCAGTGGAGT.6,0,palbociclib
Data29_TGACGGCGTCTAAAGA.6,0,palbociclib
Data29_TGACTAGAGACAGAGA.6,0,palbociclib
Data29_TGACTAGTCGCGTTTC.6,0,palbociclib
Data29_TGACTTTAGCCAGGAT.6,0,palbociclib
Data29_TGACTTTTCAGGATCT.6,0,palbociclib
Data29_TGAGAGGCATGTCGAT.6,0,palbociclib
Data29_TGAGAGGGTACTCTCC.6,0,palbociclib
Data29_TGAGCATCAACTTGAC.6,0,palbociclib
Data29_TGAGCATCAGCTATTG.6,0,palbociclib
Data29_TGAGCCGGTCTGGAGA.6,0,palbociclib
Data29_TGAGGGATCATGTAGC.6,0,palbociclib
Data29_TGATTTCAGAGGTTAT.6,0,palbociclib
Data29_TGATTTCAGTCGATAA.6,0,palbociclib
Data29_TGATTTCTCAAGCCTA.6,0,palbociclib
Data29_TGATTTCTCGGTCCGA.6,0,palbociclib
Data29_TGCCAAACAGTCAGAG.6,0,palbociclib
Data29_TGCCAAATCCTAGGGC.6,0,palbociclib
Data29_TGCCCATCATTCGACA.6,0,palbociclib
Data29_TGCCCATTCGGAGCAA.6,0,palbociclib
Data29_TGCCCTAAGACACTAA.6,0,palbociclib
Data29_TGCCCTAAGAGACGAA.6,0,palbociclib
Data29_TGCGCAGAGTTAGCGG.6,0,palbociclib
Data29_TGCGCAGGTGCGATAG.6,0,palbociclib
Data29_TGCGGGTCATCCCACT.6,0,palbociclib
Data29_TGCGGGTTCTACCTGC.6,0,palbociclib
Data29_TGCGTGGCACCGGAAA.6,0,palbociclib
Data29_TGCGTGGCAGTTAACC.6,0,palbociclib
Data29_TGCTACCAGAGTCGGT.6,0,palbociclib
Data29_TGCTACCCAAATCCGT.6,0,palbociclib
Data29_TGCTACCCAGTATGCT.6,0,palbociclib
Data29_TGCTACCGTAGGCATG.6,0,palbociclib
Data29_TGCTACCGTCTAGCCG.6,0,palbociclib
Data29_TGCTACCTCCTACAGA.6,0,palbociclib
Data29_TGGACGCGTAATCACC.6,0,palbociclib
Data29_TGGACGCTCCGTAGGC.6,0,palbociclib
Data29_TGGCCAGAGATCTGCT.6,0,palbociclib
Data29_TGGCCAGAGTGCGATG.6,0,palbociclib
Data29_TGGCCAGTCCAGATCA.6,0,palbociclib
Data29_TGGCGCAAGCTAACTC.6,0,palbociclib
Data29_TGGCGCAAGGACACCA.6,0,palbociclib
Data29_TGGCGCAGTCATGCCG.6,0,palbociclib
Data29_TGGCTGGTCGCATGGC.6,0,palbociclib
Data29_TGGTTCCGTTTAGGAA.6,0,palbociclib
Data29_TGTATTCGTGCAACTT.6,0,palbociclib
Data29_TGTATTCGTTACAGAA.6,0,palbociclib
Data29_TGTCCCAAGGCTCAGA.6,0,palbociclib
Data29_TGTCCCAGTGGTGTAG.6,0,palbociclib
Data29_TGTGGTACAAGTTGTC.6,0,palbociclib
Data29_TGTGGTAGTGGCAAAC.6,0,palbociclib
Data29_TGTGTTTAGCCAGTTT.6,0,palbociclib
Data29_TGTGTTTTCTGTTTGT.6,0,palbociclib
Data29_TGTTCCGAGAATGTTG.6,0,palbociclib
Data29_TTAACTCTCGGACAAG.6,0,palbociclib
Data29_TTAACTCTCTGAGGGA.6,0,palbociclib
Data29_TTAGGACAGAAGGGTA.6,0,palbociclib
Data29_TTAGGACCAATCTGCA.6,0,palbociclib
Data29_TTAGGACTCCTCAACC.6,0,palbociclib
Data29_TTAGGCAAGACCACGA.6,0,palbociclib
Data29_TTAGGCAAGTAGCGGT.6,0,palbociclib
Data29_TTAGGCATCAGTTAGC.6,0,palbociclib
Data29_TTAGTTCTCACGACTA.6,0,palbociclib
Data29_TTATGCTAGATGTCGG.6,0,palbociclib
Data29_TTATGCTGTCTTGCGG.6,0,palbociclib
Data29_TTATGCTTCTGCTTGC.6,0,palbociclib
Data29_TTCCCAGGTAGAAAGG.6,0,palbociclib
Data29_TTCGAAGCATGTTCCC.6,0,palbociclib
Data29_TTCGAAGGTTTGGCGC.6,0,palbociclib
Data29_TTCTACAAGACCTTTG.6,0,palbociclib
Data29_TTCTCAAGTAAGCACG.6,0,palbociclib
Data29_TTGAACGAGCTCAACT.6,0,palbociclib
Data29_TTGAACGTCGGTGTCG.6,0,palbociclib
Data29_TTGAACGTCTTAACCT.6,0,palbociclib
Data29_TTGACTTGTATGAAAC.6,0,palbociclib
Data29_TTGCCGTAGCATGGCA.6,0,palbociclib
Data29_TTGCCGTCACCGTTGG.6,0,palbociclib
Data29_TTGCCGTCATTCCTCG.6,0,palbociclib
Data29_TTGCCGTGTATAGTAG.6,0,palbociclib
Data29_TTGCCGTTCTGCTGTC.6,0,palbociclib
Data29_TTGCGTCAGCTACCGC.6,0,palbociclib
Data29_TTGCGTCAGTGGTAGC.6,0,palbociclib
Data29_TTGGAACAGCTGAACG.6,0,palbociclib
Data29_TTGGAACCATACCATG.6,0,palbociclib
Data29_TTGTAGGAGAGGTTGC.6,0,palbociclib
Data29_TTGTAGGCATGGTCAT.6,0,palbociclib
Data29_TTGTAGGTCTGCGTAA.6,0,palbociclib
Data29_TTTACTGCACAACGCC.6,0,palbociclib
Data29_TTTACTGTCCAAATGC.6,0,palbociclib
Data29_TTTATGCAGAGCTATA.6,0,palbociclib
Data29_TTTATGCGTTCTGTTT.6,0,palbociclib
Data29_TTTGGTTCAGGGATTG.6,0,palbociclib
Data29_TTTGGTTTCCGCTGTT.6,0,palbociclib
Data29_TTTGTCAAGACAGAGA.6,0,palbociclib
Data8_sample_10_AAACCTGAGCCAACAG-1,1,paclitaxel
Data8_sample_10_AAACCTGAGTGCGATG-1,1,paclitaxel
Data8_sample_10_AAACCTGCATTACCTT-1,1,paclitaxel
Data8_sample_10_AAACCTGTCAAGATCC-1,1,paclitaxel
Data8_sample_10_AAACGGGCACAAGTAA-1,1,paclitaxel
Data8_sample_10_AAACGGGCATGGGAAC-1,1,paclitaxel
Data8_sample_10_AAAGATGAGAGGTACC-1,1,paclitaxel
Data8_sample_10_AAAGATGAGGGAACGG-1,1,paclitaxel
Data8_sample_10_AAAGATGCAAACTGTC-1,1,paclitaxel
Data8_sample_10_AAAGATGCAATGGAGC-1,1,paclitaxel
Data8_sample_10_AAAGATGCAGATCCAT-1,1,paclitaxel
Data8_sample_10_AAAGATGCAGTAACGG-1,1,paclitaxel
Data8_sample_10_AAAGATGCATCTGGTA-1,1,paclitaxel
Data8_sample_10_AAAGATGGTGTTTGTG-1,1,paclitaxel
Data8_sample_10_AAAGATGTCGTATCAG-1,1,paclitaxel
Data8_sample_10_AAAGATGTCTCACATT-1,1,paclitaxel
Data8_sample_10_AAAGCAAGTCGGCTCA-1,1,paclitaxel
Data8_sample_10_AAAGCAATCCCACTTG-1,1,paclitaxel
Data8_sample_10_AAAGCAATCTTACCTA-1,1,paclitaxel
Data8_sample_10_AAAGTAGAGAATTGTG-1,1,paclitaxel
Data8_sample_10_AAAGTAGAGGCAAAGA-1,1,paclitaxel
Data8_sample_10_AAATGCCAGTGGGTTG-1,1,paclitaxel
Data8_sample_10_AAATGCCCAGTGGGAT-1,1,paclitaxel
Data8_sample_10_AACACGTAGCCCAATT-1,1,paclitaxel
Data8_sample_10_AACACGTGTGTGGCTC-1,1,paclitaxel
Data8_sample_10_AACCATGAGATCTGAA-1,1,paclitaxel
Data8_sample_10_AACCATGAGCAGGTCA-1,1,paclitaxel
Data8_sample_10_AACCATGCATTTCACT-1,1,paclitaxel
Data8_sample_10_AACCATGTCACATACG-1,1,paclitaxel
Data8_sample_10_AACCGCGCAAGCCCAC-1,1,paclitaxel
Data8_sample_10_AACCGCGGTTACGCGC-1,1,paclitaxel
Data8_sample_10_AACCGCGTCACGGTTA-1,1,paclitaxel
Data8_sample_10_AACGTTGAGGTGCTAG-1,1,paclitaxel
Data8_sample_10_AACGTTGTCTATCCCG-1,1,paclitaxel
Data8_sample_10_AACGTTGTCTCCTATA-1,1,paclitaxel
Data8_sample_10_AACTCAGAGGGATGGG-1,1,paclitaxel
Data8_sample_10_AACTCAGAGTCCAGGA-1,1,paclitaxel
Data8_sample_10_AACTCAGCACCAGGCT-1,1,paclitaxel
Data8_sample_10_AACTCAGCATTGGGCC-1,1,paclitaxel
Data8_sample_10_AACTCAGGTGTTGAGG-1,1,paclitaxel
Data8_sample_10_AACTCAGGTTATCGGT-1,1,paclitaxel
Data8_sample_10_AACTCAGGTTGCGTTA-1,1,paclitaxel
Data8_sample_10_AACTCCCAGATGGGTC-1,1,paclitaxel
Data8_sample_10_AACTCCCCACTTAAGC-1,1,paclitaxel
Data8_sample_10_AACTCCCGTGTCGCTG-1,1,paclitaxel
Data8_sample_10_AACTCCCTCCTTCAAT-1,1,paclitaxel
Data8_sample_10_AACTCTTGTTATCACG-1,1,paclitaxel
Data8_sample_10_AACTCTTTCCAGTAGT-1,1,paclitaxel
Data8_sample_10_AACTCTTTCCTCGCAT-1,1,paclitaxel
Data8_sample_10_AACTGGTCAGCTGTAT-1,1,paclitaxel
Data8_sample_10_AACTGGTCATATGAGA-1,1,paclitaxel
Data8_sample_10_AACTGGTCATTGAGCT-1,1,paclitaxel
Data8_sample_10_AACTGGTGTATTCTCT-1,1,paclitaxel
Data8_sample_10_AACTGGTTCAGTTCGA-1,1,paclitaxel
Data8_sample_10_AACTTTCAGACCTAGG-1,1,paclitaxel
Data8_sample_10_AACTTTCGTGTTGAGG-1,1,paclitaxel
Data8_sample_10_AACTTTCTCCCAAGAT-1,1,paclitaxel
Data8_sample_10_AACTTTCTCGCCAAAT-1,1,paclitaxel
Data8_sample_10_AACTTTCTCGGCCGAT-1,1,paclitaxel
Data8_sample_10_AACTTTCTCTGGCGTG-1,1,paclitaxel
Data8_sample_10_AACTTTCTCTTACCGC-1,1,paclitaxel
Data8_sample_10_AAGACCTGTACCGGCT-1,1,paclitaxel
Data8_sample_10_AAGACCTTCAACGGGA-1,1,paclitaxel
Data8_sample_10_AAGGAGCAGAGTTGGC-1,1,paclitaxel
Data8_sample_10_AAGGAGCAGCTCAACT-1,1,paclitaxel
Data8_sample_10_AAGGAGCAGGACGAAA-1,1,paclitaxel
Data8_sample_10_AAGGAGCCAAAGCAAT-1,1,paclitaxel
Data8_sample_10_AAGGAGCGTATCACCA-1,1,paclitaxel
Data8_sample_10_AAGGCAGCACCAGGCT-1,1,paclitaxel
Data8_sample_10_AAGGCAGGTATGAATG-1,1,paclitaxel
Data8_sample_10_AAGGCAGGTTGTCGCG-1,1,paclitaxel
Data8_sample_10_AAGGCAGTCCCAGGTG-1,1,paclitaxel
Data8_sample_10_AAGGCAGTCTGAGGGA-1,1,paclitaxel
Data8_sample_10_AAGGTTCAGAGACTAT-1,1,paclitaxel
Data8_sample_10_AAGGTTCTCCGTTGTC-1,1,paclitaxel
Data8_sample_10_AAGTCTGAGGGAACGG-1,1,paclitaxel
Data8_sample_10_AAGTCTGCAGCTGTGC-1,1,paclitaxel
Data8_sample_10_AAGTCTGTCGAGAGCA-1,1,paclitaxel
Data8_sample_10_AATCCAGAGCGTAGTG-1,1,paclitaxel
Data8_sample_10_AATCCAGAGGCTAGCA-1,1,paclitaxel
Data8_sample_10_AATCCAGAGGTCATCT-1,1,paclitaxel
Data8_sample_10_AATCCAGGTAAGTTCC-1,1,paclitaxel
Data8_sample_10_AATCCAGGTCGCGAAA-1,1,paclitaxel
Data8_sample_10_AATCCAGTCCACGAAT-1,1,paclitaxel
Data8_sample_10_AATCCAGTCTTATCTG-1,1,paclitaxel
Data8_sample_10_AATCGGTCATCGATGT-1,1,paclitaxel
Data8_sample_10_AATCGGTGTTAAGTAG-1,1,paclitaxel
Data8_sample_10_AATCGGTTCGAATGGG-1,1,paclitaxel
Data8_sample_10_AATCGGTTCGCGTTTC-1,1,paclitaxel
Data8_sample_10_AATCGGTTCTCGATGA-1,1,paclitaxel
Data8_sample_10_AATCGGTTCTGATACG-1,1,paclitaxel
Data8_sample_10_ACACCAAAGACTACAA-1,1,paclitaxel
Data8_sample_10_ACACCAAAGCCATCGC-1,1,paclitaxel
Data8_sample_10_ACACCAAAGTCCGGTC-1,1,paclitaxel
Data8_sample_10_ACACCAACACCTCGTT-1,1,paclitaxel
Data8_sample_10_ACACCAAGTATGGTTC-1,1,paclitaxel
Data8_sample_10_ACACCAAGTTCATGGT-1,1,paclitaxel
Data8_sample_10_ACACCAATCCCATTTA-1,1,paclitaxel
Data8_sample_10_ACACCAATCGGGAGTA-1,1,paclitaxel
Data8_sample_10_ACACCCTCAAGCCCAC-1,1,paclitaxel
Data8_sample_10_ACACCCTCAGGACCCT-1,1,paclitaxel
Data8_sample_10_ACACCCTGTTCACCTC-1,1,paclitaxel
Data8_sample_10_ACACCCTTCTTGAGAC-1,1,paclitaxel
Data8_sample_10_ACACCGGAGCCGATTT-1,1,paclitaxel
Data8_sample_10_ACACCGGGTAGCGTGA-1,1,paclitaxel
Data8_sample_10_ACACTGAAGCTAACTC-1,1,paclitaxel
Data8_sample_10_ACACTGACACTAAGTC-1,1,paclitaxel
Data8_sample_10_ACACTGAGTCATGCAT-1,1,paclitaxel
Data8_sample_10_ACACTGAGTGTGCGTC-1,1,paclitaxel
Data8_sample_10_ACACTGATCAAGGTAA-1,1,paclitaxel
Data8_sample_10_ACACTGATCAGTTGAC-1,1,paclitaxel
Data8_sample_10_ACACTGATCTACCTGC-1,1,paclitaxel
Data8_sample_10_ACAGCCGCAGACAAGC-1,1,paclitaxel
Data8_sample_10_ACAGCCGGTTTCGCTC-1,1,paclitaxel
Data8_sample_10_ACAGCCGTCTGCCAGG-1,1,paclitaxel
Data8_sample_10_ACAGCCGTCTTGACGA-1,1,paclitaxel
Data8_sample_10_ACAGCTAAGCTCTCGG-1,1,paclitaxel
Data8_sample_10_ACAGCTACAATGACCT-1,1,paclitaxel
Data8_sample_10_ACAGCTACACGGCTAC-1,1,paclitaxel
Data8_sample_10_ACAGCTATCAGCTGGC-1,1,paclitaxel
Data8_sample_10_ACATACGAGCCGCCTA-1,1,paclitaxel
Data8_sample_10_ACATACGAGGTAAACT-1,1,paclitaxel
Data8_sample_10_ACATCAGAGAAGATTC-1,1,paclitaxel
Data8_sample_10_ACATCAGCAGCCTGTG-1,1,paclitaxel
Data8_sample_10_ACATCAGCAGTCGATT-1,1,paclitaxel
Data8_sample_10_ACATGGTAGAGGGCTT-1,1,paclitaxel
Data8_sample_10_ACATGGTAGATCTGCT-1,1,paclitaxel
Data8_sample_10_ACATGGTAGGGTGTTG-1,1,paclitaxel
Data8_sample_10_ACATGGTCAAAGTCAA-1,1,paclitaxel
Data8_sample_10_ACATGGTGTCGCGGTT-1,1,paclitaxel
Data8_sample_10_ACATGGTGTTAGTGGG-1,1,paclitaxel
Data8_sample_10_ACATGGTGTTATCGGT-1,1,paclitaxel
Data8_sample_10_ACCAGTAGTACCGTAT-1,1,paclitaxel
Data8_sample_10_ACCAGTAGTCATACTG-1,1,paclitaxel
Data8_sample_10_ACCCACTAGCGAAGGG-1,1,paclitaxel
Data8_sample_10_ACCGTAAAGATGTGGC-1,1,paclitaxel
Data8_sample_10_ACCGTAATCAATAAGG-1,1,paclitaxel
Data8_sample_10_ACCGTAATCTGACCTC-1,1,paclitaxel
Data8_sample_10_ACCTTTACACAAGTAA-1,1,paclitaxel
Data8_sample_10_ACCTTTACACTGAAGG-1,1,paclitaxel
Data8_sample_10_ACCTTTATCGCAGGCT-1,1,paclitaxel
Data8_sample_10_ACCTTTATCTGTCTAT-1,1,paclitaxel
Data8_sample_10_ACGAGCCAGGGTGTGT-1,1,paclitaxel
Data8_sample_10_ACGAGCCCAGGTGGAT-1,1,paclitaxel
Data8_sample_10_ACGAGCCTCGAATGCT-1,1,paclitaxel
Data8_sample_10_ACGAGGAGTAAATGTG-1,1,paclitaxel
Data8_sample_10_ACGAGGAGTGTTAAGA-1,1,paclitaxel
Data8_sample_10_ACGAGGATCCACGAAT-1,1,paclitaxel
Data8_sample_10_ACGAGGATCCGTCAAA-1,1,paclitaxel
Data8_sample_10_ACGATACCAGACGTAG-1,1,paclitaxel
Data8_sample_10_ACGATACGTCAAACTC-1,1,paclitaxel
Data8_sample_10_ACGATACTCCGGGTGT-1,1,paclitaxel
Data8_sample_10_ACGATGTAGCACCGCT-1,1,paclitaxel
Data8_sample_10_ACGATGTGTCCAGTGC-1,1,paclitaxel
Data8_sample_10_ACGATGTGTGGTCTCG-1,1,paclitaxel
Data8_sample_10_ACGCAGCGTCTTGATG-1,1,paclitaxel
Data8_sample_10_ACGCAGCGTTCATGGT-1,1,paclitaxel
Data8_sample_10_ACGCAGCTCAACACCA-1,1,paclitaxel
Data8_sample_10_ACGCAGCTCCATTCTA-1,1,paclitaxel
Data8_sample_10_ACGCCAGCACACAGAG-1,1,paclitaxel
Data8_sample_10_ACGCCAGCATTCCTCG-1,1,paclitaxel
Data8_sample_10_ACGCCAGGTACCAGTT-1,1,paclitaxel
Data8_sample_10_ACGCCAGGTTCCCGAG-1,1,paclitaxel
Data8_sample_10_ACGCCGACATGTTGAC-1,1,paclitaxel
Data8_sample_10_ACGCCGATCTAACCGA-1,1,paclitaxel
Data8_sample_10_ACGGAGAAGAGTTGGC-1,1,paclitaxel
Data8_sample_10_ACGGAGAAGCGGATCA-1,1,paclitaxel
Data8_sample_10_ACGGAGAAGGAGTTTA-1,1,paclitaxel
Data8_sample_10_ACGGAGACAGCTCGCA-1,1,paclitaxel
Data8_sample_10_ACGGAGAGTACACCGC-1,1,paclitaxel
Data8_sample_10_ACGGAGAGTATCACCA-1,1,paclitaxel
Data8_sample_10_ACGGCCACAAGCGTAG-1,1,paclitaxel
Data8_sample_10_ACGGCCACAAGTACCT-1,1,paclitaxel
Data8_sample_10_ACGGCCAGTAAATACG-1,1,paclitaxel
Data8_sample_10_ACGGCCAGTCCTCCAT-1,1,paclitaxel
Data8_sample_10_ACGGCCAGTCGAAAGC-1,1,paclitaxel
Data8_sample_10_ACGGCCATCCTGTAGA-1,1,paclitaxel
Data8_sample_10_ACGGGCTCAAGGACTG-1,1,paclitaxel
Data8_sample_10_ACGGGTCTCCACTCCA-1,1,paclitaxel
Data8_sample_10_ACGGGTCTCGGAGCAA-1,1,paclitaxel
Data8_sample_10_ACGGGTCTCTGATACG-1,1,paclitaxel
Data8_sample_10_ACGTCAATCAACACAC-1,1,paclitaxel
Data8_sample_10_ACTATCTCAATAGCGG-1,1,paclitaxel
Data8_sample_10_ACTATCTGTTGTGGCC-1,1,paclitaxel
Data8_sample_10_ACTGAACAGAAGCCCA-1,1,paclitaxel
Data8_sample_10_ACTGAACCACATCCAA-1,1,paclitaxel
Data8_sample_10_ACTGAACGTATCGCAT-1,1,paclitaxel
Data8_sample_10_ACTGAACTCTTGACGA-1,1,paclitaxel
Data8_sample_10_ACTGAGTAGCAGGCTA-1,1,paclitaxel
Data8_sample_10_ACTGAGTAGCCCGAAA-1,1,paclitaxel
Data8_sample_10_ACTGAGTAGCGTTTAC-1,1,paclitaxel
Data8_sample_10_ACTGAGTCAAGGGTCA-1,1,paclitaxel
Data8_sample_10_ACTGATGAGCAGACTG-1,1,paclitaxel
Data8_sample_10_ACTGATGAGGATGTAT-1,1,paclitaxel
Data8_sample_10_ACTGATGGTATAAACG-1,1,paclitaxel
Data8_sample_10_ACTGATGGTATAATGG-1,1,paclitaxel
Data8_sample_10_ACTGATGTCCCTTGCA-1,1,paclitaxel
Data8_sample_10_ACTGATGTCGGCATCG-1,1,paclitaxel
Data8_sample_10_ACTGCTCCAGTCAGCC-1,1,paclitaxel
Data8_sample_10_ACTGCTCCATATGAGA-1,1,paclitaxel
Data8_sample_10_ACTGCTCGTAAAGGAG-1,1,paclitaxel
Data8_sample_10_ACTGTCCCAGGGTATG-1,1,paclitaxel
Data8_sample_10_ACTGTCCCATATACGC-1,1,paclitaxel
Data8_sample_10_ACTGTCCTCGTTACGA-1,1,paclitaxel
Data8_sample_10_ACTTACTAGCTGATAA-1,1,paclitaxel
Data8_sample_10_ACTTACTCAAAGAATC-1,1,paclitaxel
Data8_sample_10_ACTTACTGTTGCGCAC-1,1,paclitaxel
Data8_sample_10_ACTTACTTCAGTGCAT-1,1,paclitaxel
Data8_sample_10_ACTTACTTCGATGAGG-1,1,paclitaxel
Data8_sample_10_ACTTACTTCTTTACGT-1,1,paclitaxel
Data8_sample_10_ACTTGTTAGTCGTACT-1,1,paclitaxel
Data8_sample_10_ACTTGTTCATCCGGGT-1,1,paclitaxel
Data8_sample_10_ACTTGTTTCTTGCATT-1,1,paclitaxel
Data8_sample_10_ACTTTCAGTGTCGCTG-1,1,paclitaxel
Data8_sample_10_ACTTTCATCGACAGCC-1,1,paclitaxel
Data8_sample_10_ACTTTCATCTACTTAC-1,1,paclitaxel
Data8_sample_10_AGAATAGAGAGTACCG-1,1,paclitaxel
Data8_sample_10_AGAATAGAGCATGGCA-1,1,paclitaxel
Data8_sample_10_AGAATAGAGGGTATCG-1,1,paclitaxel
Data8_sample_10_AGAATAGCAATTGCTG-1,1,paclitaxel
Data8_sample_10_AGAATAGCACATTAGC-1,1,paclitaxel
Data8_sample_10_AGAATAGTCGATCCCT-1,1,paclitaxel
Data8_sample_10_AGACGTTAGTGGAGTC-1,1,paclitaxel
Data8_sample_10_AGACGTTAGTTGTCGT-1,1,paclitaxel
Data8_sample_10_AGACGTTTCACTATTC-1,1,paclitaxel
Data8_sample_10_AGACGTTTCAGCCTAA-1,1,paclitaxel
Data8_sample_10_AGACGTTTCATCGGAT-1,1,paclitaxel
Data8_sample_10_AGAGCGAAGGCAGTCA-1,1,paclitaxel
Data8_sample_10_AGAGCGAAGGCTCATT-1,1,paclitaxel
Data8_sample_10_AGAGCGAAGTCCAGGA-1,1,paclitaxel
Data8_sample_10_AGAGCGAAGTGAAGTT-1,1,paclitaxel
Data8_sample_10_AGAGCGAAGTGAATTG-1,1,paclitaxel
Data8_sample_10_AGAGCGACATCTATGG-1,1,paclitaxel
Data8_sample_10_AGAGCGAGTTACGGAG-1,1,paclitaxel
Data8_sample_10_AGAGCGATCAACGGGA-1,1,paclitaxel
Data8_sample_10_AGAGCGATCGCATGAT-1,1,paclitaxel
Data8_sample_10_AGAGCTTAGCGGCTTC-1,1,paclitaxel
Data8_sample_10_AGAGCTTAGTCCGGTC-1,1,paclitaxel
Data8_sample_10_AGAGTGGCACACGCTG-1,1,paclitaxel
Data8_sample_10_AGAGTGGCATTCCTCG-1,1,paclitaxel
Data8_sample_10_AGAGTGGGTAAGGATT-1,1,paclitaxel
Data8_sample_10_AGATCTGAGCCAGAAC-1,1,paclitaxel
Data8_sample_10_AGATCTGCAATCCGAT-1,1,paclitaxel
Data8_sample_10_AGCAGCCAGCAGGCTA-1,1,paclitaxel
Data8_sample_10_AGCAGCCCATTGTGCA-1,1,paclitaxel
Data8_sample_10_AGCAGCCTCAGTCAGT-1,1,paclitaxel
Data8_sample_10_AGCATACAGAGCAATT-1,1,paclitaxel
Data8_sample_10_AGCATACGTCGGCACT-1,1,paclitaxel
Data8_sample_10_AGCCTAACATTCTCAT-1,1,paclitaxel
Data8_sample_10_AGCCTAAGTATATGGA-1,1,paclitaxel
Data8_sample_10_AGCCTAATCCAACCAA-1,1,paclitaxel
Data8_sample_10_AGCGGTCAGGCCGAAT-1,1,paclitaxel
Data8_sample_10_AGCGGTCCAGATAATG-1,1,paclitaxel
Data8_sample_10_AGCGGTCTCTGGTGTA-1,1,paclitaxel
Data8_sample_10_AGCGTATCACCAGGCT-1,1,paclitaxel
Data8_sample_10_AGCGTATCATCTCCCA-1,1,paclitaxel
Data8_sample_10_AGCGTATGTAGGAGTC-1,1,paclitaxel
Data8_sample_10_AGCGTATGTCCAGTTA-1,1,paclitaxel
Data8_sample_10_AGCGTCGTCATAAAGG-1,1,paclitaxel
Data8_sample_10_AGCTCCTAGATATACG-1,1,paclitaxel
Data8_sample_10_AGCTCCTAGTGTCTCA-1,1,paclitaxel
Data8_sample_10_AGCTCCTGTAGCTTGT-1,1,paclitaxel
Data8_sample_10_AGCTCCTGTTGTTTGG-1,1,paclitaxel
Data8_sample_10_AGCTCCTTCATCGGAT-1,1,paclitaxel
Data8_sample_10_AGCTCTCAGTACACCT-1,1,paclitaxel
Data8_sample_10_AGCTCTCAGTCCCACG-1,1,paclitaxel
Data8_sample_10_AGCTCTCCACTTCTGC-1,1,paclitaxel
Data8_sample_10_AGCTCTCCAGTAACGG-1,1,paclitaxel
Data8_sample_10_AGCTCTCCAGTGACAG-1,1,paclitaxel
Data8_sample_10_AGCTCTCTCATGTAGC-1,1,paclitaxel
Data8_sample_10_AGCTTGAGTCGACTAT-1,1,paclitaxel
Data8_sample_10_AGCTTGAGTTTCCACC-1,1,paclitaxel
Data8_sample_10_AGCTTGATCACTTATC-1,1,paclitaxel
Data8_sample_10_AGGCCACCAGCATACT-1,1,paclitaxel
Data8_sample_10_AGGCCACTCAACACGT-1,1,paclitaxel
Data8_sample_10_AGGCCACTCGTTTGCC-1,1,paclitaxel
Data8_sample_10_AGGCCGTAGAAACGCC-1,1,paclitaxel
Data8_sample_10_AGGCCGTAGGGAACGG-1,1,paclitaxel
Data8_sample_10_AGGCCGTCATCTGGTA-1,1,paclitaxel
Data8_sample_10_AGGCCGTGTTCAGCGC-1,1,paclitaxel
Data8_sample_10_AGGGAGTAGATCTGCT-1,1,paclitaxel
Data8_sample_10_AGGGAGTCATGTCGAT-1,1,paclitaxel
Data8_sample_10_AGGGAGTTCACTTACT-1,1,paclitaxel
Data8_sample_10_AGGGAGTTCGGCTACG-1,1,paclitaxel
Data8_sample_10_AGGGAGTTCTCGGACG-1,1,paclitaxel
Data8_sample_10_AGGGATGAGCCGGTAA-1,1,paclitaxel
Data8_sample_10_AGGGTGAAGGGTGTGT-1,1,paclitaxel
Data8_sample_10_AGGGTGAGTGTCAATC-1,1,paclitaxel
Data8_sample_10_AGGGTGATCCAACCAA-1,1,paclitaxel
Data8_sample_10_AGGGTGATCTGCAAGT-1,1,paclitaxel
Data8_sample_10_AGGTCATCATCTCGCT-1,1,paclitaxel
Data8_sample_10_AGGTCATTCTCCTATA-1,1,paclitaxel
Data8_sample_10_AGGTCCGAGCTATGCT-1,1,paclitaxel
Data8_sample_10_AGGTCCGCAAGCCTAT-1,1,paclitaxel
Data8_sample_10_AGGTCCGGTACCGTTA-1,1,paclitaxel
Data8_sample_10_AGGTCCGGTATATCCG-1,1,paclitaxel
Data8_sample_10_AGGTCCGGTTCCAACA-1,1,paclitaxel
Data8_sample_10_AGGTCCGTCTGGAGCC-1,1,paclitaxel
Data8_sample_10_AGTAGTCCAACACGCC-1,1,paclitaxel
Data8_sample_10_AGTAGTCCACCATCCT-1,1,paclitaxel
Data8_sample_10_AGTAGTCCAGATCTGT-1,1,paclitaxel
Data8_sample_10_AGTAGTCCATGGGAAC-1,1,paclitaxel
Data8_sample_10_AGTAGTCTCGCTAGCG-1,1,paclitaxel
Data8_sample_10_AGTAGTCTCTCTGCTG-1,1,paclitaxel
Data8_sample_10_AGTCTTTAGAACAACT-1,1,paclitaxel
Data8_sample_10_AGTCTTTAGCGTCTAT-1,1,paclitaxel
Data8_sample_10_AGTCTTTAGCTAGTTC-1,1,paclitaxel
Data8_sample_10_AGTCTTTAGGCATTGG-1,1,paclitaxel
Data8_sample_10_AGTCTTTGTTAGTGGG-1,1,paclitaxel
Data8_sample_10_AGTCTTTTCAGGCGAA-1,1,paclitaxel
Data8_sample_10_AGTCTTTTCGTCACGG-1,1,paclitaxel
Data8_sample_10_AGTCTTTTCTACCAGA-1,1,paclitaxel
Data8_sample_10_AGTGAGGAGCGAAGGG-1,1,paclitaxel
Data8_sample_10_AGTGAGGAGTACATGA-1,1,paclitaxel
Data8_sample_10_AGTGAGGGTACGCACC-1,1,paclitaxel
Data8_sample_10_AGTGAGGGTCAAAGCG-1,1,paclitaxel
Data8_sample_10_AGTGAGGGTCTAGTCA-1,1,paclitaxel
Data8_sample_10_AGTGAGGGTCTCATCC-1,1,paclitaxel
Data8_sample_10_AGTGGGAAGAATTCCC-1,1,paclitaxel
Data8_sample_10_AGTGGGATCTCCAGGG-1,1,paclitaxel
Data8_sample_10_AGTGTCAAGCACAGGT-1,1,paclitaxel
Data8_sample_10_AGTGTCACATCACAAC-1,1,paclitaxel
Data8_sample_10_AGTGTCAGTCCATGAT-1,1,paclitaxel
Data8_sample_10_AGTGTCAGTTAAAGAC-1,1,paclitaxel
Data8_sample_10_AGTGTCATCACTGGGC-1,1,paclitaxel
Data8_sample_10_AGTTGGTAGAGTGAGA-1,1,paclitaxel
Data8_sample_10_AGTTGGTGTAAGAGAG-1,1,paclitaxel
Data8_sample_10_AGTTGGTGTTACCAGT-1,1,paclitaxel
Data8_sample_10_AGTTGGTTCTGCTTGC-1,1,paclitaxel
Data8_sample_10_ATAACGCCACAGATTC-1,1,paclitaxel
Data8_sample_10_ATAACGCGTACACCGC-1,1,paclitaxel
Data8_sample_10_ATAACGCGTGAGGCTA-1,1,paclitaxel
Data8_sample_10_ATAAGAGAGACTCGGA-1,1,paclitaxel
Data8_sample_10_ATAAGAGAGATGGGTC-1,1,paclitaxel
Data8_sample_10_ATAAGAGAGGCACATG-1,1,paclitaxel
Data8_sample_10_ATAAGAGAGTAGCGGT-1,1,paclitaxel
Data8_sample_10_ATAAGAGAGTCCGGTC-1,1,paclitaxel
Data8_sample_10_ATAAGAGCAATTCCTT-1,1,paclitaxel
Data8_sample_10_ATAAGAGCAGCCTGTG-1,1,paclitaxel
Data8_sample_10_ATAAGAGGTTGCGTTA-1,1,paclitaxel
Data8_sample_10_ATAGACCCAAACCTAC-1,1,paclitaxel
Data8_sample_10_ATAGACCGTGTATGGG-1,1,paclitaxel
Data8_sample_10_ATCACGAAGGAGTTTA-1,1,paclitaxel
Data8_sample_10_ATCACGACAATCCGAT-1,1,paclitaxel
Data8_sample_10_ATCATCTAGAGTACCG-1,1,paclitaxel
Data8_sample_10_ATCATCTAGCGAAGGG-1,1,paclitaxel
Data8_sample_10_ATCATCTAGGATCGCA-1,1,paclitaxel
Data8_sample_10_ATCATCTCAGATGGGT-1,1,paclitaxel
Data8_sample_10_ATCATCTCATGCCCGA-1,1,paclitaxel
Data8_sample_10_ATCATCTGTCCTCCAT-1,1,paclitaxel
Data8_sample_10_ATCATGGCATGTCTCC-1,1,paclitaxel
Data8_sample_10_ATCATGGTCATCTGTT-1,1,paclitaxel
Data8_sample_10_ATCCACCAGGGTTTCT-1,1,paclitaxel
Data8_sample_10_ATCCACCTCATTGCGA-1,1,paclitaxel
Data8_sample_10_ATCCACCTCCTAGGGC-1,1,paclitaxel
Data8_sample_10_ATCCGAAAGATAGCAT-1,1,paclitaxel
Data8_sample_10_ATCCGAACATAAAGGT-1,1,paclitaxel
Data8_sample_10_ATCCGAAGTCTCGTTC-1,1,paclitaxel
Data8_sample_10_ATCCGAAGTGTTTGTG-1,1,paclitaxel
Data8_sample_10_ATCGAGTAGCACCGCT-1,1,paclitaxel
Data8_sample_10_ATCGAGTAGCTAACAA-1,1,paclitaxel
Data8_sample_10_ATCGAGTAGGACAGCT-1,1,paclitaxel
Data8_sample_10_ATCGAGTCACGAGGTA-1,1,paclitaxel
Data8_sample_10_ATCGAGTCAGCGATCC-1,1,paclitaxel
Data8_sample_10_ATCGAGTGTGACGCCT-1,1,paclitaxel
Data8_sample_10_ATCGAGTTCAACGCTA-1,1,paclitaxel
Data8_sample_10_ATCGAGTTCTGCTTGC-1,1,paclitaxel
Data8_sample_10_ATCGAGTTCTTCTGGC-1,1,paclitaxel
Data8_sample_10_ATCTACTAGACTGGGT-1,1,paclitaxel
Data8_sample_10_ATCTACTAGTGCCATT-1,1,paclitaxel
Data8_sample_10_ATCTACTGTGGCAAAC-1,1,paclitaxel
Data8_sample_10_ATCTACTTCGCTTGTC-1,1,paclitaxel
Data8_sample_10_ATCTACTTCGGCTTGG-1,1,paclitaxel
Data8_sample_10_ATCTGCCTCAGTGTTG-1,1,paclitaxel
Data8_sample_10_ATCTGCCTCGACGGAA-1,1,paclitaxel
Data8_sample_10_ATCTGCCTCTCCTATA-1,1,paclitaxel
Data8_sample_10_ATGAGGGGTACTCAAC-1,1,paclitaxel
Data8_sample_10_ATGAGGGGTTTAGGAA-1,1,paclitaxel
Data8_sample_10_ATGAGGGTCCAAGTAC-1,1,paclitaxel
Data8_sample_10_ATGAGGGTCCATGAGT-1,1,paclitaxel
Data8_sample_10_ATGCGATAGTCCGGTC-1,1,paclitaxel
Data8_sample_10_ATGCGATCAATGGACG-1,1,paclitaxel
Data8_sample_10_ATGCGATGTACGAAAT-1,1,paclitaxel
Data8_sample_10_ATGCGATGTGCTTCTC-1,1,paclitaxel
Data8_sample_10_ATGCGATTCTGCTGCT-1,1,paclitaxel
Data8_sample_10_ATGGGAGAGCAGACTG-1,1,paclitaxel
Data8_sample_10_ATGGGAGAGTGTGGCA-1,1,paclitaxel
Data8_sample_10_ATGGGAGCATGGTAGG-1,1,paclitaxel
Data8_sample_10_ATGGGAGTCATCATTC-1,1,paclitaxel
Data8_sample_10_ATGTGTGAGGACAGAA-1,1,paclitaxel
Data8_sample_10_ATGTGTGAGGGCACTA-1,1,paclitaxel
Data8_sample_10_ATGTGTGAGTCATCCA-1,1,paclitaxel
Data8_sample_10_ATGTGTGAGTGGCACA-1,1,paclitaxel
Data8_sample_10_ATGTGTGCACCTATCC-1,1,paclitaxel
Data8_sample_10_ATGTGTGTCGAACGGA-1,1,paclitaxel
Data8_sample_10_ATTACTCAGGCTAGAC-1,1,paclitaxel
Data8_sample_10_ATTACTCCAATCTGCA-1,1,paclitaxel
Data8_sample_10_ATTACTCGTACCGTAT-1,1,paclitaxel
Data8_sample_10_ATTATCCAGGACAGAA-1,1,paclitaxel
Data8_sample_10_ATTATCCAGTTAGCGG-1,1,paclitaxel
Data8_sample_10_ATTCTACAGATGCCAG-1,1,paclitaxel
Data8_sample_10_ATTCTACAGCACAGGT-1,1,paclitaxel
Data8_sample_10_ATTCTACGTGCTCTTC-1,1,paclitaxel
Data8_sample_10_ATTCTACTCTGTCCGT-1,1,paclitaxel
Data8_sample_10_ATTGGACCACTAGTAC-1,1,paclitaxel
Data8_sample_10_ATTGGACGTCTAGTCA-1,1,paclitaxel
Data8_sample_10_ATTGGACTCCGTCAAA-1,1,paclitaxel
Data8_sample_10_ATTGGACTCTTACCGC-1,1,paclitaxel
Data8_sample_10_ATTGGTGTCTCGTATT-1,1,paclitaxel
Data8_sample_10_ATTGGTGTCTTGTACT-1,1,paclitaxel
Data8_sample_10_ATTTCTGCAAGTCTAC-1,1,paclitaxel
Data8_sample_10_ATTTCTGCACACATGT-1,1,paclitaxel
Data8_sample_10_ATTTCTGGTTCTCATT-1,1,paclitaxel
Data8_sample_10_ATTTCTGTCGCCAGCA-1,1,paclitaxel
Data8_sample_10_CAACCAAAGTACGTTC-1,1,paclitaxel
Data8_sample_10_CAACCAACATCTGGTA-1,1,paclitaxel
Data8_sample_10_CAACCAAGTTAGATGA-1,1,paclitaxel
Data8_sample_10_CAACCAATCGTTGCCT-1,1,paclitaxel
Data8_sample_10_CAACCTCAGCTAACTC-1,1,paclitaxel
Data8_sample_10_CAACCTCCACCAGCAC-1,1,paclitaxel
Data8_sample_10_CAACTAGAGGAGTAGA-1,1,paclitaxel
Data8_sample_10_CAACTAGAGGTGGGTT-1,1,paclitaxel
Data8_sample_10_CAACTAGCAGATCGGA-1,1,paclitaxel
Data8_sample_10_CAAGAAACATACCATG-1,1,paclitaxel
Data8_sample_10_CAAGAAATCAGTACGT-1,1,paclitaxel
Data8_sample_10_CAAGAAATCGTTTATC-1,1,paclitaxel
Data8_sample_10_CAAGAAATCTCTTGAT-1,1,paclitaxel
Data8_sample_10_CAAGATCCAACTGGCC-1,1,paclitaxel
Data8_sample_10_CAAGATCCAGGATTGG-1,1,paclitaxel
Data8_sample_10_CAAGATCGTTGGGACA-1,1,paclitaxel
Data8_sample_10_CAAGATCTCCCACTTG-1,1,paclitaxel
Data8_sample_10_CAAGATCTCCGTCATC-1,1,paclitaxel
Data8_sample_10_CAAGATCTCGCAAACT-1,1,paclitaxel
Data8_sample_10_CAAGGCCCAGGAACGT-1,1,paclitaxel
Data8_sample_10_CAAGGCCCATCTCCCA-1,1,paclitaxel
Data8_sample_10_CAAGGCCTCGGCGGTT-1,1,paclitaxel
Data8_sample_10_CAAGTTGAGATGCGAC-1,1,paclitaxel
Data8_sample_10_CAAGTTGGTCATACTG-1,1,paclitaxel
Data8_sample_10_CAAGTTGTCCCAACGG-1,1,paclitaxel
Data8_sample_10_CACAAACGTTAAAGTG-1,1,paclitaxel
Data8_sample_10_CACACAAAGTAGTGCG-1,1,paclitaxel
Data8_sample_10_CACACAAGTCCCTACT-1,1,paclitaxel
Data8_sample_10_CACACAAGTCGGATCC-1,1,paclitaxel
Data8_sample_10_CACACAATCTTAGAGC-1,1,paclitaxel
Data8_sample_10_CACACCTAGTGTACCT-1,1,paclitaxel
Data8_sample_10_CACACCTCATATGGTC-1,1,paclitaxel
Data8_sample_10_CACACCTCATCAGTAC-1,1,paclitaxel
Data8_sample_10_CACACCTGTCTGCAAT-1,1,paclitaxel
Data8_sample_10_CACACCTTCGGCGCAT-1,1,paclitaxel
Data8_sample_10_CACACTCGTCAACATC-1,1,paclitaxel
Data8_sample_10_CACAGGCGTCCAGTAT-1,1,paclitaxel
Data8_sample_10_CACAGGCTCACCTCGT-1,1,paclitaxel
Data8_sample_10_CACAGGCTCGCATGAT-1,1,paclitaxel
Data8_sample_10_CACAGTAGTAGCGTCC-1,1,paclitaxel
Data8_sample_10_CACAGTATCCTACAGA-1,1,paclitaxel
Data8_sample_10_CACATAGAGAAACCAT-1,1,paclitaxel
Data8_sample_10_CACATAGGTGCGGTAA-1,1,paclitaxel
Data8_sample_10_CACATAGTCCGAAGAG-1,1,paclitaxel
Data8_sample_10_CACATTTCACTTAAGC-1,1,paclitaxel
Data8_sample_10_CACATTTGTAAACGCG-1,1,paclitaxel
Data8_sample_10_CACATTTGTCGACTAT-1,1,paclitaxel
Data8_sample_10_CACCACTGTGACTCAT-1,1,paclitaxel
Data8_sample_10_CACCACTTCGTCCAGG-1,1,paclitaxel
Data8_sample_10_CACCAGGAGTAATCCC-1,1,paclitaxel
Data8_sample_10_CACCAGGCAGTCGTGC-1,1,paclitaxel
Data8_sample_10_CACCAGGGTTGTTTGG-1,1,paclitaxel
Data8_sample_10_CACCAGGTCCACGTGG-1,1,paclitaxel
Data8_sample_10_CACCAGGTCCCTCTTT-1,1,paclitaxel
Data8_sample_10_CACCTTGAGACAGGCT-1,1,paclitaxel
Data8_sample_10_CACCTTGCAGCTGTGC-1,1,paclitaxel
Data8_sample_10_CACCTTGGTAAGGGCT-1,1,paclitaxel
Data8_sample_10_CACCTTGGTTCAACCA-1,1,paclitaxel
Data8_sample_10_CACTCCACAAGAAAGG-1,1,paclitaxel
Data8_sample_10_CACTCCACATATGCTG-1,1,paclitaxel
Data8_sample_10_CACTCCAGTTGGGACA-1,1,paclitaxel
Data8_sample_10_CACTCCATCGCAAACT-1,1,paclitaxel
Data8_sample_10_CACTCCATCTTCTGGC-1,1,paclitaxel
Data8_sample_10_CAGAATCCAAGTCTAC-1,1,paclitaxel
Data8_sample_10_CAGAATCCATCACGTA-1,1,paclitaxel
Data8_sample_10_CAGAATCGTCTTGATG-1,1,paclitaxel
Data8_sample_10_CAGAATCTCTCGTATT-1,1,paclitaxel
Data8_sample_10_CAGAATCTCTTAGAGC-1,1,paclitaxel
Data8_sample_10_CAGAGAGCAATGCCAT-1,1,paclitaxel
Data8_sample_10_CAGAGAGGTAGCGTAG-1,1,paclitaxel
Data8_sample_10_CAGAGAGGTCTCCCTA-1,1,paclitaxel
Data8_sample_10_CAGAGAGTCACTTATC-1,1,paclitaxel
Data8_sample_10_CAGATCACACCTTGTC-1,1,paclitaxel
Data8_sample_10_CAGATCATCGTGGACC-1,1,paclitaxel
Data8_sample_10_CAGCAGCAGCATGGCA-1,1,paclitaxel
Data8_sample_10_CAGCAGCAGGCAAAGA-1,1,paclitaxel
Data8_sample_10_CAGCAGCAGTGTACTC-1,1,paclitaxel
Data8_sample_10_CAGCAGCCAAAGCAAT-1,1,paclitaxel
Data8_sample_10_CAGCAGCCAATAGCGG-1,1,paclitaxel
Data8_sample_10_CAGCAGCCACAGACTT-1,1,paclitaxel
Data8_sample_10_CAGCAGCCACTGAAGG-1,1,paclitaxel
Data8_sample_10_CAGCAGCGTCTGGAGA-1,1,paclitaxel
Data8_sample_10_CAGCAGCGTGACCAAG-1,1,paclitaxel
Data8_sample_10_CAGCAGCGTGTGGTTT-1,1,paclitaxel
Data8_sample_10_CAGCAGCGTTGCTCCT-1,1,paclitaxel
Data8_sample_10_CAGCATAAGCGTGAAC-1,1,paclitaxel
Data8_sample_10_CAGCATAAGCTGAAAT-1,1,paclitaxel
Data8_sample_10_CAGCATACATGCCCGA-1,1,paclitaxel
Data8_sample_10_CAGCATACATTAACCG-1,1,paclitaxel
Data8_sample_10_CAGCATAGTGCAGACA-1,1,paclitaxel
Data8_sample_10_CAGCCGAAGACGCACA-1,1,paclitaxel
Data8_sample_10_CAGCCGAAGGCGATAC-1,1,paclitaxel
Data8_sample_10_CAGCCGAGTAAGGGAA-1,1,paclitaxel
Data8_sample_10_CAGCCGAGTGCCTGCA-1,1,paclitaxel
Data8_sample_10_CAGCCGATCAACACTG-1,1,paclitaxel
Data8_sample_10_CAGCGACGTTCAGGCC-1,1,paclitaxel
Data8_sample_10_CAGCTAAAGATCCTGT-1,1,paclitaxel
Data8_sample_10_CAGCTAACAGCTTCGG-1,1,paclitaxel
Data8_sample_10_CAGCTAAGTGTATGGG-1,1,paclitaxel
Data8_sample_10_CAGCTGGAGACTGTAA-1,1,paclitaxel
Data8_sample_10_CAGCTGGAGTGTACTC-1,1,paclitaxel
Data8_sample_10_CAGCTGGGTTGAGTTC-1,1,paclitaxel
Data8_sample_10_CAGGTGCCAAGTCATC-1,1,paclitaxel
Data8_sample_10_CAGGTGCGTGCGGTAA-1,1,paclitaxel
Data8_sample_10_CAGGTGCTCTGATTCT-1,1,paclitaxel
Data8_sample_10_CAGTAACAGGATGTAT-1,1,paclitaxel
Data8_sample_10_CAGTAACAGTTCGCAT-1,1,paclitaxel
Data8_sample_10_CAGTAACGTCCCTTGT-1,1,paclitaxel
Data8_sample_10_CAGTAACGTGCTAGCC-1,1,paclitaxel
Data8_sample_10_CAGTAACGTTGACGTT-1,1,paclitaxel
Data8_sample_10_CAGTAACTCCCGACTT-1,1,paclitaxel
Data8_sample_10_CAGTAACTCTTACCTA-1,1,paclitaxel
Data8_sample_10_CAGTCCTCAAAGTGCG-1,1,paclitaxel
Data8_sample_10_CAGTCCTCACTGAAGG-1,1,paclitaxel
Data8_sample_10_CAGTCCTGTCATGCCG-1,1,paclitaxel
Data8_sample_10_CATATGGAGATGTCGG-1,1,paclitaxel
Data8_sample_10_CATATGGCATTCTTAC-1,1,paclitaxel
Data8_sample_10_CATATGGCATTGGGCC-1,1,paclitaxel
Data8_sample_10_CATATGGGTCCAGTGC-1,1,paclitaxel
Data8_sample_10_CATATGGGTCTTGCGG-1,1,paclitaxel
Data8_sample_10_CATATGGTCACCCGAG-1,1,paclitaxel
Data8_sample_10_CATATGGTCATCTGTT-1,1,paclitaxel
Data8_sample_10_CATATTCAGGGATACC-1,1,paclitaxel
Data8_sample_10_CATATTCGTCTCTTAT-1,1,paclitaxel
Data8_sample_10_CATATTCGTGCGATAG-1,1,paclitaxel
Data8_sample_10_CATATTCTCACCTCGT-1,1,paclitaxel
Data8_sample_10_CATATTCTCAGGATCT-1,1,paclitaxel
Data8_sample_10_CATATTCTCATATCGG-1,1,paclitaxel
Data8_sample_10_CATCAAGCAAGGTTTC-1,1,paclitaxel
Data8_sample_10_CATCAGAAGTTCGCGC-1,1,paclitaxel
Data8_sample_10_CATCAGACAATGTAAG-1,1,paclitaxel
Data8_sample_10_CATCAGAGTGTTTGTG-1,1,paclitaxel
Data8_sample_10_CATCCACCAGTATCTG-1,1,paclitaxel
Data8_sample_10_CATCCACGTTTACTCT-1,1,paclitaxel
Data8_sample_10_CATCCACTCAGTTCGA-1,1,paclitaxel
Data8_sample_10_CATCGAACACAGATTC-1,1,paclitaxel
Data8_sample_10_CATCGAACATTACGAC-1,1,paclitaxel
Data8_sample_10_CATCGGGAGACGCACA-1,1,paclitaxel
Data8_sample_10_CATCGGGAGTACGCCC-1,1,paclitaxel
Data8_sample_10_CATCGGGCACATTCGA-1,1,paclitaxel
Data8_sample_10_CATCGGGGTACATCCA-1,1,paclitaxel
Data8_sample_10_CATCGGGGTTATGTGC-1,1,paclitaxel
Data8_sample_10_CATCGGGTCACGATGT-1,1,paclitaxel
Data8_sample_10_CATGACATCGCGCCAA-1,1,paclitaxel
Data8_sample_10_CATGACATCGTGGTCG-1,1,paclitaxel
Data8_sample_10_CATGCCTAGTGGAGAA-1,1,paclitaxel
Data8_sample_10_CATGCCTCAATAGCGG-1,1,paclitaxel
Data8_sample_10_CATGCCTTCAGCATGT-1,1,paclitaxel
Data8_sample_10_CATGCCTTCCAAAGTC-1,1,paclitaxel
Data8_sample_10_CATGCCTTCTTGAGGT-1,1,paclitaxel
Data8_sample_10_CATGGCGCAGGGAGAG-1,1,paclitaxel
Data8_sample_10_CATGGCGGTCGATTGT-1,1,paclitaxel
Data8_sample_10_CATGGCGTCCACGACG-1,1,paclitaxel
Data8_sample_10_CATGGCGTCCTGCCAT-1,1,paclitaxel
Data8_sample_10_CATTATCAGTCAAGGC-1,1,paclitaxel
Data8_sample_10_CATTATCCAACTGGCC-1,1,paclitaxel
Data8_sample_10_CATTATCGTTCAGCGC-1,1,paclitaxel
Data8_sample_10_CATTATCTCTGTTGAG-1,1,paclitaxel
Data8_sample_10_CATTCGCAGCGATGAC-1,1,paclitaxel
Data8_sample_10_CATTCGCAGCGTAATA-1,1,paclitaxel
Data8_sample_10_CCAATCCAGAACTCGG-1,1,paclitaxel
Data8_sample_10_CCAATCCAGTCGTTTG-1,1,paclitaxel
Data8_sample_10_CCAATCCCACCCTATC-1,1,paclitaxel
Data8_sample_10_CCAATCCCAGTATCTG-1,1,paclitaxel
Data8_sample_10_CCAATCCCATGCGCAC-1,1,paclitaxel
Data8_sample_10_CCAATCCGTAAGTTCC-1,1,paclitaxel
Data8_sample_10_CCAATCCTCAAGATCC-1,1,paclitaxel
Data8_sample_10_CCAATCCTCGTTTGCC-1,1,paclitaxel
Data8_sample_10_CCACCTAAGACTACAA-1,1,paclitaxel
Data8_sample_10_CCACCTAAGATATGCA-1,1,paclitaxel
Data8_sample_10_CCACCTACAATAACGA-1,1,paclitaxel
Data8_sample_10_CCACCTACAGATCCAT-1,1,paclitaxel
Data8_sample_10_CCACGGAAGATGTCGG-1,1,paclitaxel
Data8_sample_10_CCACGGAGTAGCGTAG-1,1,paclitaxel
Data8_sample_10_CCACTACAGTAACCCT-1,1,paclitaxel
Data8_sample_10_CCACTACAGTCTCAAC-1,1,paclitaxel
Data8_sample_10_CCACTACCACTTAACG-1,1,paclitaxel
Data8_sample_10_CCACTACCAGACGCAA-1,1,paclitaxel
Data8_sample_10_CCACTACGTCGTGGCT-1,1,paclitaxel
Data8_sample_10_CCACTACTCGGTCCGA-1,1,paclitaxel
Data8_sample_10_CCAGCGAAGGAGCGTT-1,1,paclitaxel
Data8_sample_10_CCAGCGACAATCTGCA-1,1,paclitaxel
Data8_sample_10_CCAGCGACACGAAAGC-1,1,paclitaxel
Data8_sample_10_CCAGCGAGTCATATCG-1,1,paclitaxel
Data8_sample_10_CCATGTCAGAATGTTG-1,1,paclitaxel
Data8_sample_10_CCATGTCAGCCACTAT-1,1,paclitaxel
Data8_sample_10_CCATGTCCACGGACAA-1,1,paclitaxel
Data8_sample_10_CCATGTCCATATACGC-1,1,paclitaxel
Data8_sample_10_CCATGTCGTAGCGTAG-1,1,paclitaxel
Data8_sample_10_CCATTCGAGCGATGAC-1,1,paclitaxel
Data8_sample_10_CCATTCGAGGGTGTTG-1,1,paclitaxel
Data8_sample_10_CCATTCGAGGTGTGGT-1,1,paclitaxel
Data8_sample_10_CCATTCGCACCTTGTC-1,1,paclitaxel
Data8_sample_10_CCATTCGCAGCTCGAC-1,1,paclitaxel
Data8_sample_10_CCATTCGCATGTAAGA-1,1,paclitaxel
Data8_sample_10_CCCAATCAGCAACGGT-1,1,paclitaxel
Data8_sample_10_CCCAATCAGGCAGTCA-1,1,paclitaxel
Data8_sample_10_CCCAATCAGTGTTTGC-1,1,paclitaxel
Data8_sample_10_CCCAATCAGTTCCACA-1,1,paclitaxel
Data8_sample_10_CCCAATCGTCCGAGTC-1,1,paclitaxel
Data8_sample_10_CCCAATCTCGCTTGTC-1,1,paclitaxel
Data8_sample_10_CCCAGTTAGGTGTGGT-1,1,paclitaxel
Data8_sample_10_CCCAGTTAGTGGCACA-1,1,paclitaxel
Data8_sample_10_CCCAGTTGTTTGGGCC-1,1,paclitaxel
Data8_sample_10_CCCAGTTTCATAGCAC-1,1,paclitaxel
Data8_sample_10_CCCAGTTTCGCTTAGA-1,1,paclitaxel
Data8_sample_10_CCCATACAGAGTACAT-1,1,paclitaxel
Data8_sample_10_CCCATACAGGATCGCA-1,1,paclitaxel
Data8_sample_10_CCCATACTCAAGAAGT-1,1,paclitaxel
Data8_sample_10_CCCTCCTAGGATGGTC-1,1,paclitaxel
Data8_sample_10_CCCTCCTAGTGTTAGA-1,1,paclitaxel
Data8_sample_10_CCCTCCTCAAAGAATC-1,1,paclitaxel
Data8_sample_10_CCCTCCTGTGGTAACG-1,1,paclitaxel
Data8_sample_10_CCCTCCTTCCGCATAA-1,1,paclitaxel
Data8_sample_10_CCCTCCTTCTTAGCCC-1,1,paclitaxel
Data8_sample_10_CCGGGATAGGGATGGG-1,1,paclitaxel
Data8_sample_10_CCGGGATAGGTTACCT-1,1,paclitaxel
Data8_sample_10_CCGGGATAGTGGTCCC-1,1,paclitaxel
Data8_sample_10_CCGGGATCAAACTGTC-1,1,paclitaxel
Data8_sample_10_CCGGGATCAAGCGATG-1,1,paclitaxel
Data8_sample_10_CCGGGATGTACAGTGG-1,1,paclitaxel
Data8_sample_10_CCGGGATGTCTCTCTG-1,1,paclitaxel
Data8_sample_10_CCGGTAGAGAGGTTGC-1,1,paclitaxel
Data8_sample_10_CCGGTAGAGCAGCGTA-1,1,paclitaxel
Data8_sample_10_CCGGTAGCATGCCACG-1,1,paclitaxel
Data8_sample_10_CCGGTAGGTCTCATCC-1,1,paclitaxel
Data8_sample_10_CCGGTAGGTTGGGACA-1,1,paclitaxel
Data8_sample_10_CCGGTAGTCTCGGACG-1,1,paclitaxel
Data8_sample_10_CCGTACTAGCTAAGAT-1,1,paclitaxel
Data8_sample_10_CCGTACTAGGGTGTTG-1,1,paclitaxel
Data8_sample_10_CCGTACTAGTGCGATG-1,1,paclitaxel
Data8_sample_10_CCGTACTGTAAGCACG-1,1,paclitaxel
Data8_sample_10_CCGTACTGTCTCATCC-1,1,paclitaxel
Data8_sample_10_CCGTACTTCTTTAGGG-1,1,paclitaxel
Data8_sample_10_CCGTGGAAGACAGAGA-1,1,paclitaxel
Data8_sample_10_CCGTGGACAAACGCGA-1,1,paclitaxel
Data8_sample_10_CCGTTCAAGCACCGCT-1,1,paclitaxel
Data8_sample_10_CCTAAAGAGTTGTAGA-1,1,paclitaxel
Data8_sample_10_CCTAAAGCACCAGCAC-1,1,paclitaxel
Data8_sample_10_CCTAAAGCAGTTAACC-1,1,paclitaxel
Data8_sample_10_CCTAAAGTCCACTCCA-1,1,paclitaxel
Data8_sample_10_CCTACACTCTGTCTAT-1,1,paclitaxel
Data8_sample_10_CCTACCAAGCTGAACG-1,1,paclitaxel
Data8_sample_10_CCTACCAAGTGGACGT-1,1,paclitaxel
Data8_sample_10_CCTACCACAGCCAGAA-1,1,paclitaxel
Data8_sample_10_CCTAGCTAGGTGCAAC-1,1,paclitaxel
Data8_sample_10_CCTAGCTGTAAGGGAA-1,1,paclitaxel
Data8_sample_10_CCTAGCTGTGATGCCC-1,1,paclitaxel
Data8_sample_10_CCTATTAAGTCTTGCA-1,1,paclitaxel
Data8_sample_10_CCTATTAGTCATACTG-1,1,paclitaxel
Data8_sample_10_CCTATTAGTGGCGAAT-1,1,paclitaxel
Data8_sample_10_CCTATTATCAGTCCCT-1,1,paclitaxel
Data8_sample_10_CCTATTATCCGAAGAG-1,1,paclitaxel
Data8_sample_10_CCTATTATCGAACGGA-1,1,paclitaxel
Data8_sample_10_CCTCAGTCACACGCTG-1,1,paclitaxel
Data8_sample_10_CCTCAGTCATACTCTT-1,1,paclitaxel
Data8_sample_10_CCTCAGTGTCTAGAGG-1,1,paclitaxel
Data8_sample_10_CCTCAGTGTTCGGCAC-1,1,paclitaxel
Data8_sample_10_CCTCAGTTCGGATGTT-1,1,paclitaxel
Data8_sample_10_CCTCTGAAGGGTATCG-1,1,paclitaxel
Data8_sample_10_CCTCTGACACTCTGTC-1,1,paclitaxel
Data8_sample_10_CCTTACGTCAACGGGA-1,1,paclitaxel
Data8_sample_10_CCTTCCCAGCACCGTC-1,1,paclitaxel
Data8_sample_10_CCTTCCCAGGTGATAT-1,1,paclitaxel
Data8_sample_10_CCTTCCCAGTACGCGA-1,1,paclitaxel
Data8_sample_10_CCTTCCCGTAGAGCTG-1,1,paclitaxel
Data8_sample_10_CCTTCCCTCAGAAATG-1,1,paclitaxel
Data8_sample_10_CCTTCGAGTCGATTGT-1,1,paclitaxel
Data8_sample_10_CCTTCGATCTATGTGG-1,1,paclitaxel
Data8_sample_10_CCTTCGATCTTGAGGT-1,1,paclitaxel
Data8_sample_10_CCTTTCTAGAACTGTA-1,1,paclitaxel
Data8_sample_10_CCTTTCTAGGACTGGT-1,1,paclitaxel
Data8_sample_10_CGAACATCACAGAGGT-1,1,paclitaxel
Data8_sample_10_CGAACATCACGACTCG-1,1,paclitaxel
Data8_sample_10_CGAACATTCCGAACGC-1,1,paclitaxel
Data8_sample_10_CGAATGTAGGTGACCA-1,1,paclitaxel
Data8_sample_10_CGAATGTAGTTGTCGT-1,1,paclitaxel
Data8_sample_10_CGAATGTCAAGCGTAG-1,1,paclitaxel
Data8_sample_10_CGAATGTCAGGGTATG-1,1,paclitaxel
Data8_sample_10_CGAATGTTCACCGGGT-1,1,paclitaxel
Data8_sample_10_CGACCTTCATACAGCT-1,1,paclitaxel
Data8_sample_10_CGACCTTCATGAGCGA-1,1,paclitaxel
Data8_sample_10_CGACCTTGTTCGTTGA-1,1,paclitaxel
Data8_sample_10_CGACTTCAGACGACGT-1,1,paclitaxel
Data8_sample_10_CGACTTCCATATACGC-1,1,paclitaxel
Data8_sample_10_CGACTTCGTAAGAGGA-1,1,paclitaxel
Data8_sample_10_CGACTTCGTGCATCTA-1,1,paclitaxel
Data8_sample_10_CGACTTCGTTAGATGA-1,1,paclitaxel
Data8_sample_10_CGAGAAGAGCAAATCA-1,1,paclitaxel
Data8_sample_10_CGAGAAGCAGCTCGAC-1,1,paclitaxel
Data8_sample_10_CGAGAAGCATCCAACA-1,1,paclitaxel
Data8_sample_10_CGAGAAGGTGAGCGAT-1,1,paclitaxel
Data8_sample_10_CGAGCACGTAAGTAGT-1,1,paclitaxel
Data8_sample_10_CGAGCCAAGGAATCGC-1,1,paclitaxel
Data8_sample_10_CGAGCCAAGGATCGCA-1,1,paclitaxel
Data8_sample_10_CGAGCCACACGTTGGC-1,1,paclitaxel
Data8_sample_10_CGAGCCAGTTCACCTC-1,1,paclitaxel
Data8_sample_10_CGAGCCAGTTCCGGCA-1,1,paclitaxel
Data8_sample_10_CGAGCCATCATGTAGC-1,1,paclitaxel
Data8_sample_10_CGAGCCATCTTGCATT-1,1,paclitaxel
Data8_sample_10_CGATCGGGTCGCATAT-1,1,paclitaxel
Data8_sample_10_CGATCGGTCATCGCTC-1,1,paclitaxel
Data8_sample_10_CGATGGCCAGTTTACG-1,1,paclitaxel
Data8_sample_10_CGATGGCGTAAATACG-1,1,paclitaxel
Data8_sample_10_CGATGGCTCGAATGCT-1,1,paclitaxel
Data8_sample_10_CGATGTAAGAGACGAA-1,1,paclitaxel
Data8_sample_10_CGATGTATCCTTGCCA-1,1,paclitaxel
Data8_sample_10_CGATTGAAGGGCTTCC-1,1,paclitaxel
Data8_sample_10_CGATTGAAGTAGCGGT-1,1,paclitaxel
Data8_sample_10_CGATTGATCCCTCTTT-1,1,paclitaxel
Data8_sample_10_CGCCAAGAGTATCGAA-1,1,paclitaxel
Data8_sample_10_CGCCAAGAGTGTACGG-1,1,paclitaxel
Data8_sample_10_CGCCAAGTCTAAGCCA-1,1,paclitaxel
Data8_sample_10_CGCGGTACATTCGACA-1,1,paclitaxel
Data8_sample_10_CGCGGTAGTGATGTCT-1,1,paclitaxel
Data8_sample_10_CGCGTTTCACGTGAGA-1,1,paclitaxel
Data8_sample_10_CGCTATCAGACAAAGG-1,1,paclitaxel
Data8_sample_10_CGCTATCAGAGCCTAG-1,1,paclitaxel
Data8_sample_10_CGCTATCAGTAGATGT-1,1,paclitaxel
Data8_sample_10_CGCTATCCATACCATG-1,1,paclitaxel
Data8_sample_10_CGCTATCGTACTCGCG-1,1,paclitaxel
Data8_sample_10_CGCTGGAAGATGTGTA-1,1,paclitaxel
Data8_sample_10_CGCTGGAAGGTTCCTA-1,1,paclitaxel
Data8_sample_10_CGCTGGATCACAATGC-1,1,paclitaxel
Data8_sample_10_CGCTTCAAGCGTAATA-1,1,paclitaxel
Data8_sample_10_CGCTTCAGTCCAGTGC-1,1,paclitaxel
Data8_sample_10_CGCTTCAGTCGTGGCT-1,1,paclitaxel
Data8_sample_10_CGCTTCAGTTGTGGAG-1,1,paclitaxel
Data8_sample_10_CGCTTCATCGTTTATC-1,1,paclitaxel
Data8_sample_10_CGGACACAGCCAACAG-1,1,paclitaxel
Data8_sample_10_CGGACACCAATGGAGC-1,1,paclitaxel
Data8_sample_10_CGGACACTCCAAACTG-1,1,paclitaxel
Data8_sample_10_CGGACACTCGCAAACT-1,1,paclitaxel
Data8_sample_10_CGGACACTCGTAGGTT-1,1,paclitaxel
Data8_sample_10_CGGACGTAGACCTTTG-1,1,paclitaxel
Data8_sample_10_CGGACGTCACCACGTG-1,1,paclitaxel
Data8_sample_10_CGGACGTGTCCATCCT-1,1,paclitaxel
Data8_sample_10_CGGACGTTCAGAGACG-1,1,paclitaxel
Data8_sample_10_CGGACTGGTAAACCTC-1,1,paclitaxel
Data8_sample_10_CGGACTGGTGTTCTTT-1,1,paclitaxel
Data8_sample_10_CGGACTGTCCACTGGG-1,1,paclitaxel
Data8_sample_10_CGGAGCTAGGTACTCT-1,1,paclitaxel
Data8_sample_10_CGGAGCTAGTTTAGGA-1,1,paclitaxel
Data8_sample_10_CGGAGCTGTACCAGTT-1,1,paclitaxel
Data8_sample_10_CGGAGCTGTCTAGCGC-1,1,paclitaxel
Data8_sample_10_CGGAGCTTCAACACAC-1,1,paclitaxel
Data8_sample_10_CGGAGTCAGGCGACAT-1,1,paclitaxel
Data8_sample_10_CGGAGTCCACGAAACG-1,1,paclitaxel
Data8_sample_10_CGGAGTCTCGGGAGTA-1,1,paclitaxel
Data8_sample_10_CGGCTAGAGGATGGTC-1,1,paclitaxel
Data8_sample_10_CGGCTAGCAGTCAGAG-1,1,paclitaxel
Data8_sample_10_CGGCTAGTCTACTATC-1,1,paclitaxel
Data8_sample_10_CGGGTCAAGATGCCAG-1,1,paclitaxel
Data8_sample_10_CGGGTCAAGTGAAGAG-1,1,paclitaxel
Data8_sample_10_CGGGTCAAGTTCGCAT-1,1,paclitaxel
Data8_sample_10_CGGGTCAGTCCGAATT-1,1,paclitaxel
Data8_sample_10_CGGGTCATCCAAGCCG-1,1,paclitaxel
Data8_sample_10_CGGTTAACAAGTCTGT-1,1,paclitaxel
Data8_sample_10_CGGTTAAGTTCCGTCT-1,1,paclitaxel
Data8_sample_10_CGGTTAATCAGTGCAT-1,1,paclitaxel
Data8_sample_10_CGTAGCGCACAGACTT-1,1,paclitaxel
Data8_sample_10_CGTAGCGCACTAGTAC-1,1,paclitaxel
Data8_sample_10_CGTAGCGGTTCACCTC-1,1,paclitaxel
Data8_sample_10_CGTAGCGTCTACCTGC-1,1,paclitaxel
Data8_sample_10_CGTAGGCAGGATCGCA-1,1,paclitaxel
Data8_sample_10_CGTAGGCCATCCCATC-1,1,paclitaxel
Data8_sample_10_CGTAGGCGTACACCGC-1,1,paclitaxel
Data8_sample_10_CGTAGGCGTACGACCC-1,1,paclitaxel
Data8_sample_10_CGTAGGCGTTAGAACA-1,1,paclitaxel
Data8_sample_10_CGTAGGCGTTATGCGT-1,1,paclitaxel
Data8_sample_10_CGTAGGCTCGCTGATA-1,1,paclitaxel
Data8_sample_10_CGTCACTAGGCATGTG-1,1,paclitaxel
Data8_sample_10_CGTCACTGTCAGCTAT-1,1,paclitaxel
Data8_sample_10_CGTCACTTCAACCATG-1,1,paclitaxel
Data8_sample_10_CGTCACTTCATCTGTT-1,1,paclitaxel
Data8_sample_10_CGTCACTTCTGCAAGT-1,1,paclitaxel
Data8_sample_10_CGTCAGGAGACTAGGC-1,1,paclitaxel
Data8_sample_10_CGTCAGGAGAGCTATA-1,1,paclitaxel
Data8_sample_10_CGTCAGGGTAAACACA-1,1,paclitaxel
Data8_sample_10_CGTCAGGTCGCGTTTC-1,1,paclitaxel
Data8_sample_10_CGTCCATAGTAGCCGA-1,1,paclitaxel
Data8_sample_10_CGTCCATAGTGGACGT-1,1,paclitaxel
Data8_sample_10_CGTCCATCAGTCGATT-1,1,paclitaxel
Data8_sample_10_CGTCCATCATTAGCCA-1,1,paclitaxel
Data8_sample_10_CGTCCATGTGGAAAGA-1,1,paclitaxel
Data8_sample_10_CGTCCATTCATGCTCC-1,1,paclitaxel
Data8_sample_10_CGTCTACAGAAGGACA-1,1,paclitaxel
Data8_sample_10_CGTCTACAGTCCCACG-1,1,paclitaxel
Data8_sample_10_CGTCTACTCAGTCCCT-1,1,paclitaxel
Data8_sample_10_CGTCTACTCTCTGCTG-1,1,paclitaxel
Data8_sample_10_CGTGAGCAGCGTGAGT-1,1,paclitaxel
Data8_sample_10_CGTGAGCCATAGGATA-1,1,paclitaxel
Data8_sample_10_CGTGAGCGTACCAGTT-1,1,paclitaxel
Data8_sample_10_CGTGAGCGTCATGCAT-1,1,paclitaxel
Data8_sample_10_CGTGAGCGTCTCCACT-1,1,paclitaxel
Data8_sample_10_CGTGAGCGTCTGATCA-1,1,paclitaxel
Data8_sample_10_CGTGAGCGTGAGGGTT-1,1,paclitaxel
Data8_sample_10_CGTGAGCTCAGAGCTT-1,1,paclitaxel
Data8_sample_10_CGTGTAAAGAGCTGCA-1,1,paclitaxel
Data8_sample_10_CGTGTAACAAGGGTCA-1,1,paclitaxel
Data8_sample_10_CGTGTAACAGTTTACG-1,1,paclitaxel
Data8_sample_10_CGTGTAATCTGATTCT-1,1,paclitaxel
Data8_sample_10_CGTGTCTAGGACACCA-1,1,paclitaxel
Data8_sample_10_CGTGTCTAGGTGATTA-1,1,paclitaxel
Data8_sample_10_CGTGTCTAGTTGTAGA-1,1,paclitaxel
Data8_sample_10_CGTGTCTGTTCGGCAC-1,1,paclitaxel
Data8_sample_10_CGTGTCTTCACCCTCA-1,1,paclitaxel
Data8_sample_10_CGTTAGAAGGCTCATT-1,1,paclitaxel
Data8_sample_10_CGTTAGATCTCACATT-1,1,paclitaxel
Data8_sample_10_CGTTCTGAGCTACCGC-1,1,paclitaxel
Data8_sample_10_CGTTCTGAGCTAGTCT-1,1,paclitaxel
Data8_sample_10_CGTTCTGAGTTACCCA-1,1,paclitaxel
Data8_sample_10_CGTTCTGTCCATTCTA-1,1,paclitaxel
Data8_sample_10_CGTTCTGTCCGTACAA-1,1,paclitaxel
Data8_sample_10_CGTTGGGAGCAATATG-1,1,paclitaxel
Data8_sample_10_CGTTGGGCAAGAGTCG-1,1,paclitaxel
Data8_sample_10_CGTTGGGCAGAAGCAC-1,1,paclitaxel
Data8_sample_10_CTAACTTAGACTCGGA-1,1,paclitaxel
Data8_sample_10_CTAACTTAGTCCGTAT-1,1,paclitaxel
Data8_sample_10_CTAACTTCAGCATACT-1,1,paclitaxel
Data8_sample_10_CTAACTTGTCATGCCG-1,1,paclitaxel
Data8_sample_10_CTAACTTTCAAGGCTT-1,1,paclitaxel
Data8_sample_10_CTAAGACAGATGCCAG-1,1,paclitaxel
Data8_sample_10_CTAAGACAGCCCAATT-1,1,paclitaxel
Data8_sample_10_CTAAGACCAAGCCCAC-1,1,paclitaxel
Data8_sample_10_CTAAGACGTAGAGCTG-1,1,paclitaxel
Data8_sample_10_CTAAGACTCTTCTGGC-1,1,paclitaxel
Data8_sample_10_CTAATGGAGTGTACGG-1,1,paclitaxel
Data8_sample_10_CTAATGGGTCTCTCGT-1,1,paclitaxel
Data8_sample_10_CTAATGGGTGCACTTA-1,1,paclitaxel
Data8_sample_10_CTAATGGTCAGTGCAT-1,1,paclitaxel
Data8_sample_10_CTAATGGTCTCGTATT-1,1,paclitaxel
Data8_sample_10_CTACACCAGGCTCTTA-1,1,paclitaxel
Data8_sample_10_CTACACCAGTGCAAGC-1,1,paclitaxel
Data8_sample_10_CTACACCAGTTTCCTT-1,1,paclitaxel
Data8_sample_10_CTACACCTCGTCGTTC-1,1,paclitaxel
Data8_sample_10_CTACACCTCTGCAGTA-1,1,paclitaxel
Data8_sample_10_CTACACCTCTGTGCAA-1,1,paclitaxel
Data8_sample_10_CTACATTAGTGAAGTT-1,1,paclitaxel
Data8_sample_10_CTACATTCAAAGCGGT-1,1,paclitaxel
Data8_sample_10_CTACATTCATAGAAAC-1,1,paclitaxel
Data8_sample_10_CTACATTCATGCCACG-1,1,paclitaxel
Data8_sample_10_CTACATTGTCTCCATC-1,1,paclitaxel
Data8_sample_10_CTACATTGTGTTGGGA-1,1,paclitaxel
Data8_sample_10_CTACATTTCCGGCACA-1,1,paclitaxel
Data8_sample_10_CTACCCAAGCTGGAAC-1,1,paclitaxel
Data8_sample_10_CTACCCACAATGGATA-1,1,paclitaxel
Data8_sample_10_CTACCCAGTTCGTCTC-1,1,paclitaxel
Data8_sample_10_CTACCCATCTGTACGA-1,1,paclitaxel
Data8_sample_10_CTACGTCAGGGTCGAT-1,1,paclitaxel
Data8_sample_10_CTACGTCGTGGTTTCA-1,1,paclitaxel
Data8_sample_10_CTACGTCTCAAGCCTA-1,1,paclitaxel
Data8_sample_10_CTACGTCTCCGCATCT-1,1,paclitaxel
Data8_sample_10_CTACGTCTCTTGCAAG-1,1,paclitaxel
Data8_sample_10_CTAGAGTAGACGACGT-1,1,paclitaxel
Data8_sample_10_CTAGAGTCAAACAACA-1,1,paclitaxel
Data8_sample_10_CTAGAGTGTAAACGCG-1,1,paclitaxel
Data8_sample_10_CTAGAGTGTACATGTC-1,1,paclitaxel
Data8_sample_10_CTAGAGTGTATTCGTG-1,1,paclitaxel
Data8_sample_10_CTAGAGTGTGCGCTTG-1,1,paclitaxel
Data8_sample_10_CTAGCCTAGAAGGTTT-1,1,paclitaxel
Data8_sample_10_CTAGCCTAGGCCCGTT-1,1,paclitaxel
Data8_sample_10_CTAGCCTGTAAGGATT-1,1,paclitaxel
Data8_sample_10_CTAGCCTGTAGAAGGA-1,1,paclitaxel
Data8_sample_10_CTAGCCTGTCAAGCGA-1,1,paclitaxel
Data8_sample_10_CTAGCCTTCGAGAGCA-1,1,paclitaxel
Data8_sample_10_CTAGTGAAGCCCAGCT-1,1,paclitaxel
Data8_sample_10_CTAGTGAGTAGCACGA-1,1,paclitaxel
Data8_sample_10_CTCACACAGGAATGGA-1,1,paclitaxel
Data8_sample_10_CTCACACAGTGTCTCA-1,1,paclitaxel
Data8_sample_10_CTCACACTCCAATGGT-1,1,paclitaxel
Data8_sample_10_CTCACACTCGAGGTAG-1,1,paclitaxel
Data8_sample_10_CTCAGAAAGAGGGATA-1,1,paclitaxel
Data8_sample_10_CTCAGAAGTGGTAACG-1,1,paclitaxel
Data8_sample_10_CTCATTAAGAGTCGGT-1,1,paclitaxel
Data8_sample_10_CTCATTAAGATGCCTT-1,1,paclitaxel
Data8_sample_10_CTCATTAAGCGGATCA-1,1,paclitaxel
Data8_sample_10_CTCCTAGAGTTAGGTA-1,1,paclitaxel
Data8_sample_10_CTCCTAGCAAGCGATG-1,1,paclitaxel
Data8_sample_10_CTCCTAGCATGAACCT-1,1,paclitaxel
Data8_sample_10_CTCCTAGGTGGGTCAA-1,1,paclitaxel
Data8_sample_10_CTCCTAGTCCGATATG-1,1,paclitaxel
Data8_sample_10_CTCGAGGAGAAGATTC-1,1,paclitaxel
Data8_sample_10_CTCGAGGAGATGCGAC-1,1,paclitaxel
Data8_sample_10_CTCGAGGAGCGCCTTG-1,1,paclitaxel
Data8_sample_10_CTCGAGGGTACCGTTA-1,1,paclitaxel
Data8_sample_10_CTCGAGGGTGGTACAG-1,1,paclitaxel
Data8_sample_10_CTCGAGGTCACGAAGG-1,1,paclitaxel
Data8_sample_10_CTCGAGGTCCTTGACC-1,1,paclitaxel
Data8_sample_10_CTCGAGGTCGAATCCA-1,1,paclitaxel
Data8_sample_10_CTCGGAGCAGCGAACA-1,1,paclitaxel
Data8_sample_10_CTCGGAGGTTCCGGCA-1,1,paclitaxel
Data8_sample_10_CTCGGGAAGTACGACG-1,1,paclitaxel
Data8_sample_10_CTCGGGAAGTTCCACA-1,1,paclitaxel
Data8_sample_10_CTCGGGACAACACGCC-1,1,paclitaxel
Data8_sample_10_CTCGGGAGTACGAAAT-1,1,paclitaxel
Data8_sample_10_CTCGTACAGTGTACCT-1,1,paclitaxel
Data8_sample_10_CTCGTACGTTACGTCA-1,1,paclitaxel
Data8_sample_10_CTCGTCAAGGATGTAT-1,1,paclitaxel
Data8_sample_10_CTCGTCACACTATCTT-1,1,paclitaxel
Data8_sample_10_CTCGTCACATAGACTC-1,1,paclitaxel
Data8_sample_10_CTCGTCAGTAGCCTCG-1,1,paclitaxel
Data8_sample_10_CTCGTCATCAGTTTGG-1,1,paclitaxel
Data8_sample_10_CTCGTCATCCCTTGCA-1,1,paclitaxel
Data8_sample_10_CTCGTCATCCTGCCAT-1,1,paclitaxel
Data8_sample_10_CTCTAATAGTAACCCT-1,1,paclitaxel
Data8_sample_10_CTCTAATCACCGATAT-1,1,paclitaxel
Data8_sample_10_CTCTAATGTAACGTTC-1,1,paclitaxel
Data8_sample_10_CTCTAATGTCTCTTTA-1,1,paclitaxel
Data8_sample_10_CTCTACGAGTACCGGA-1,1,paclitaxel
Data8_sample_10_CTCTACGCACTGCCAG-1,1,paclitaxel
Data8_sample_10_CTCTACGGTCGAACAG-1,1,paclitaxel
Data8_sample_10_CTCTACGGTCGAGTTT-1,1,paclitaxel
Data8_sample_10_CTCTACGTCTCGCATC-1,1,paclitaxel
Data8_sample_10_CTCTGGTAGCAGGCTA-1,1,paclitaxel
Data8_sample_10_CTCTGGTAGTGCTGCC-1,1,paclitaxel
Data8_sample_10_CTCTGGTCACGACGAA-1,1,paclitaxel
Data8_sample_10_CTCTGGTCACTACAGT-1,1,paclitaxel
Data8_sample_10_CTCTGGTCAGGGATTG-1,1,paclitaxel
Data8_sample_10_CTCTGGTCATACGCTA-1,1,paclitaxel
Data8_sample_10_CTCTGGTCATGGTCAT-1,1,paclitaxel
Data8_sample_10_CTGAAACAGACTAAGT-1,1,paclitaxel
Data8_sample_10_CTGAAACAGGACGAAA-1,1,paclitaxel
Data8_sample_10_CTGAAACCACCGAATT-1,1,paclitaxel
Data8_sample_10_CTGAAACGTCCGAATT-1,1,paclitaxel
Data8_sample_10_CTGAAACGTCGACTGC-1,1,paclitaxel
Data8_sample_10_CTGAAACTCGGTGTCG-1,1,paclitaxel
Data8_sample_10_CTGAAGTTCACCATAG-1,1,paclitaxel
Data8_sample_10_CTGAAGTTCCGCAGTG-1,1,paclitaxel
Data8_sample_10_CTGAAGTTCGTGACAT-1,1,paclitaxel
Data8_sample_10_CTGATAGAGGTACTCT-1,1,paclitaxel
Data8_sample_10_CTGATAGCACCGAATT-1,1,paclitaxel
Data8_sample_10_CTGATAGGTAGAGGAA-1,1,paclitaxel
Data8_sample_10_CTGATAGGTTGCTCCT-1,1,paclitaxel
Data8_sample_10_CTGATAGTCCGTAGTA-1,1,paclitaxel
Data8_sample_10_CTGATCCCACTACAGT-1,1,paclitaxel
Data8_sample_10_CTGATCCGTAATTGGA-1,1,paclitaxel
Data8_sample_10_CTGATCCGTCTTGATG-1,1,paclitaxel
Data8_sample_10_CTGATCCGTTCGTGAT-1,1,paclitaxel
Data8_sample_10_CTGATCCGTTGAGGTG-1,1,paclitaxel
Data8_sample_10_CTGATCCTCAGCCTAA-1,1,paclitaxel
Data8_sample_10_CTGATCCTCCGCTGTT-1,1,paclitaxel
Data8_sample_10_CTGCCTAAGGACATTA-1,1,paclitaxel
Data8_sample_10_CTGCCTAAGTTTGCGT-1,1,paclitaxel
Data8_sample_10_CTGCCTATCTCGCTTG-1,1,paclitaxel
Data8_sample_10_CTGCGGAAGAGTAATC-1,1,paclitaxel
Data8_sample_10_CTGCGGAAGGTGCAAC-1,1,paclitaxel
Data8_sample_10_CTGCGGACATCGATGT-1,1,paclitaxel
Data8_sample_10_CTGCGGAGTACAGACG-1,1,paclitaxel
Data8_sample_10_CTGCGGAGTTACGCGC-1,1,paclitaxel
Data8_sample_10_CTGCTGTAGGAATTAC-1,1,paclitaxel
Data8_sample_10_CTGCTGTAGGATGCGT-1,1,paclitaxel
Data8_sample_10_CTGCTGTCAGGGATTG-1,1,paclitaxel
Data8_sample_10_CTGCTGTGTCTCCACT-1,1,paclitaxel
Data8_sample_10_CTGCTGTTCCAAGCCG-1,1,paclitaxel
Data8_sample_10_CTGGTCTCAAGAAAGG-1,1,paclitaxel
Data8_sample_10_CTGGTCTCAAGGTTTC-1,1,paclitaxel
Data8_sample_10_CTGTGCTAGCTGCCCA-1,1,paclitaxel
Data8_sample_10_CTGTGCTCACGGTAGA-1,1,paclitaxel
Data8_sample_10_CTGTGCTCATCCGGGT-1,1,paclitaxel
Data8_sample_10_CTGTGCTCATTTCAGG-1,1,paclitaxel
Data8_sample_10_CTGTGCTGTATGAATG-1,1,paclitaxel
Data8_sample_10_CTGTGCTGTCACTGGC-1,1,paclitaxel
Data8_sample_10_CTGTTTAAGACCGGAT-1,1,paclitaxel
Data8_sample_10_CTGTTTAGTCTCAACA-1,1,paclitaxel
Data8_sample_10_CTGTTTAGTGCAGGTA-1,1,paclitaxel
Data8_sample_10_CTTAACTAGGATGGTC-1,1,paclitaxel
Data8_sample_10_CTTAACTAGTGGACGT-1,1,paclitaxel
Data8_sample_10_CTTAACTTCAATACCG-1,1,paclitaxel
Data8_sample_10_CTTAACTTCGGTCCGA-1,1,paclitaxel
Data8_sample_10_CTTAACTTCTTGCCGT-1,1,paclitaxel
Data8_sample_10_CTTACCGAGACAGACC-1,1,paclitaxel
Data8_sample_10_CTTAGGAAGCGTCTAT-1,1,paclitaxel
Data8_sample_10_CTTAGGAAGTAACCCT-1,1,paclitaxel
Data8_sample_10_CTTAGGAAGTACACCT-1,1,paclitaxel
Data8_sample_10_CTTCTCTAGAGCTGGT-1,1,paclitaxel
Data8_sample_10_CTTCTCTCAAGCTGAG-1,1,paclitaxel
Data8_sample_10_CTTCTCTGTCTGCCAG-1,1,paclitaxel
Data8_sample_10_CTTGGCTAGCACCGCT-1,1,paclitaxel
Data8_sample_10_CTTGGCTCAGGAATGC-1,1,paclitaxel
Data8_sample_10_CTTGGCTCATGCTGGC-1,1,paclitaxel
Data8_sample_10_CTTGGCTTCAAGGCTT-1,1,paclitaxel
Data8_sample_10_CTTGGCTTCAGCTCGG-1,1,paclitaxel
Data8_sample_10_CTTTGCGAGCGCCTTG-1,1,paclitaxel
Data8_sample_10_CTTTGCGAGGCATTGG-1,1,paclitaxel
Data8_sample_10_CTTTGCGCAGCTCGCA-1,1,paclitaxel
Data8_sample_10_CTTTGCGTCGGTGTTA-1,1,paclitaxel
Data8_sample_10_GAAACTCCACATAACC-1,1,paclitaxel
Data8_sample_10_GAAACTCCACCGAAAG-1,1,paclitaxel
Data8_sample_10_GAAATGAAGCTCTCGG-1,1,paclitaxel
Data8_sample_10_GAAATGAAGGTGACCA-1,1,paclitaxel
Data8_sample_10_GAAATGACAGATTGCT-1,1,paclitaxel
Data8_sample_10_GAAATGACAGGAACGT-1,1,paclitaxel
Data8_sample_10_GAAATGAGTAATCACC-1,1,paclitaxel
Data8_sample_10_GAAATGAGTGACAAAT-1,1,paclitaxel
Data8_sample_10_GAAATGAGTGGCCCTA-1,1,paclitaxel
Data8_sample_10_GAAATGAGTTATCCGA-1,1,paclitaxel
Data8_sample_10_GAAATGATCGTTGCCT-1,1,paclitaxel
Data8_sample_10_GAACATCAGGTGACCA-1,1,paclitaxel
Data8_sample_10_GAACATCAGTTGAGAT-1,1,paclitaxel
Data8_sample_10_GAACATCTCTCGATGA-1,1,paclitaxel
Data8_sample_10_GAACCTAAGACTCGGA-1,1,paclitaxel
Data8_sample_10_GAACCTAAGGAGTAGA-1,1,paclitaxel
Data8_sample_10_GAACCTACAAGACACG-1,1,paclitaxel
Data8_sample_10_GAACCTACACCGGAAA-1,1,paclitaxel
Data8_sample_10_GAACCTAGTCCCTTGT-1,1,paclitaxel
Data8_sample_10_GAACCTAGTGCAGTAG-1,1,paclitaxel
Data8_sample_10_GAACCTATCCCTAATT-1,1,paclitaxel
Data8_sample_10_GAACCTATCGAACTGT-1,1,paclitaxel
Data8_sample_10_GAACCTATCTAACGGT-1,1,paclitaxel
Data8_sample_10_GAACGGATCTTCGAGA-1,1,paclitaxel
Data8_sample_10_GAAGCAGTCAGTCAGT-1,1,paclitaxel
Data8_sample_10_GAAGCAGTCCGCGCAA-1,1,paclitaxel
Data8_sample_10_GAATAAGCACCGAAAG-1,1,paclitaxel
Data8_sample_10_GAATAAGCAGCTGTAT-1,1,paclitaxel
Data8_sample_10_GAATAAGTCCAGTATG-1,1,paclitaxel
Data8_sample_10_GAATGAAAGCAGGCTA-1,1,paclitaxel
Data8_sample_10_GAATGAAAGCCAGGAT-1,1,paclitaxel
Data8_sample_10_GAATGAAAGCTCCCAG-1,1,paclitaxel
Data8_sample_10_GAATGAACAAATACAG-1,1,paclitaxel
Data8_sample_10_GAATGAAGTCTAGTGT-1,1,paclitaxel
Data8_sample_10_GAATGAAGTCTTGCGG-1,1,paclitaxel
Data8_sample_10_GAATGAATCCCTAACC-1,1,paclitaxel
Data8_sample_10_GAATGAATCTTGAGGT-1,1,paclitaxel
Data8_sample_10_GACACGCAGCAGACTG-1,1,paclitaxel
Data8_sample_10_GACACGCCATCAGTAC-1,1,paclitaxel
Data8_sample_10_GACACGCCATCCCATC-1,1,paclitaxel
Data8_sample_10_GACACGCGTCGAACAG-1,1,paclitaxel
Data8_sample_10_GACACGCTCACGCGGT-1,1,paclitaxel
Data8_sample_10_GACACGCTCGCTTAGA-1,1,paclitaxel
Data8_sample_10_GACACGCTCGGCTTGG-1,1,paclitaxel
Data8_sample_10_GACAGAGCACGTCAGC-1,1,paclitaxel
Data8_sample_10_GACAGAGGTTCCATGA-1,1,paclitaxel
Data8_sample_10_GACCAATAGCTGAAAT-1,1,paclitaxel
Data8_sample_10_GACCAATAGGGAAACA-1,1,paclitaxel
Data8_sample_10_GACCAATGTCCAGTAT-1,1,paclitaxel
Data8_sample_10_GACCAATGTTAAGATG-1,1,paclitaxel
Data8_sample_10_GACCAATTCCAGTATG-1,1,paclitaxel
Data8_sample_10_GACCAATTCTCAACTT-1,1,paclitaxel
Data8_sample_10_GACCTGGAGAGACTTA-1,1,paclitaxel
Data8_sample_10_GACCTGGAGATCCCGC-1,1,paclitaxel
Data8_sample_10_GACCTGGCACGGCCAT-1,1,paclitaxel
Data8_sample_10_GACCTGGCATTCACTT-1,1,paclitaxel
Data8_sample_10_GACGCGTCAAACAACA-1,1,paclitaxel
Data8_sample_10_GACGCGTCAAGTTAAG-1,1,paclitaxel
Data8_sample_10_GACGCGTCACATCTTT-1,1,paclitaxel
Data8_sample_10_GACGCGTCAGTAGAGC-1,1,paclitaxel
Data8_sample_10_GACGCGTCATCACAAC-1,1,paclitaxel
Data8_sample_10_GACGCGTTCAGGCGAA-1,1,paclitaxel
Data8_sample_10_GACGGCTAGTTCGCGC-1,1,paclitaxel
Data8_sample_10_GACGGCTGTACAGTTC-1,1,paclitaxel
Data8_sample_10_GACGGCTTCCTAGAAC-1,1,paclitaxel
Data8_sample_10_GACGGCTTCTGGTTCC-1,1,paclitaxel
Data8_sample_10_GACGTGCCATTAGGCT-1,1,paclitaxel
Data8_sample_10_GACGTGCGTACTTGAC-1,1,paclitaxel
Data8_sample_10_GACGTGCGTCCGAAGA-1,1,paclitaxel
Data8_sample_10_GACGTGCGTTAAGATG-1,1,paclitaxel
Data8_sample_10_GACTAACAGACACTAA-1,1,paclitaxel
Data8_sample_10_GACTAACCATTGAGCT-1,1,paclitaxel
Data8_sample_10_GACTAACTCTGCTGCT-1,1,paclitaxel
Data8_sample_10_GACTACACAAGTTAAG-1,1,paclitaxel
Data8_sample_10_GACTACAGTGATGCCC-1,1,paclitaxel
Data8_sample_10_GACTGCGGTGAGTGAC-1,1,paclitaxel
Data8_sample_10_GACTGCGTCTGATACG-1,1,paclitaxel
Data8_sample_10_GAGCAGACAGTATCTG-1,1,paclitaxel
Data8_sample_10_GAGCAGACATGCAACT-1,1,paclitaxel
Data8_sample_10_GAGCAGAGTCGGCTCA-1,1,paclitaxel
Data8_sample_10_GAGCAGAGTGCACCAC-1,1,paclitaxel
Data8_sample_10_GAGCAGATCGAGGTAG-1,1,paclitaxel
Data8_sample_10_GAGCAGATCTGCCAGG-1,1,paclitaxel
Data8_sample_10_GAGGTGAAGCGTGAGT-1,1,paclitaxel
Data8_sample_10_GAGGTGAAGTAGATGT-1,1,paclitaxel
Data8_sample_10_GAGGTGACACTTAACG-1,1,paclitaxel
Data8_sample_10_GAGGTGACAGCGTCCA-1,1,paclitaxel
Data8_sample_10_GAGGTGAGTATCGCAT-1,1,paclitaxel
Data8_sample_10_GAGGTGATCTACCAGA-1,1,paclitaxel
Data8_sample_10_GAGTCCGAGTACGTAA-1,1,paclitaxel
Data8_sample_10_GAGTCCGCAAGTACCT-1,1,paclitaxel
Data8_sample_10_GAGTCCGGTAGAAGGA-1,1,paclitaxel
Data8_sample_10_GAGTCCGGTCGCATCG-1,1,paclitaxel
Data8_sample_10_GAGTCCGTCACCCTCA-1,1,paclitaxel
Data8_sample_10_GAGTCCGTCATTATCC-1,1,paclitaxel
Data8_sample_10_GAGTCCGTCGCACTCT-1,1,paclitaxel
Data8_sample_10_GATCAGTAGACACGAC-1,1,paclitaxel
Data8_sample_10_GATCAGTAGATCCCAT-1,1,paclitaxel
Data8_sample_10_GATCAGTCATCCCATC-1,1,paclitaxel
Data8_sample_10_GATCAGTGTCAACTGT-1,1,paclitaxel
Data8_sample_10_GATCAGTGTGTTGGGA-1,1,paclitaxel
Data8_sample_10_GATCAGTTCCTAGTGA-1,1,paclitaxel
Data8_sample_10_GATCAGTTCGATCCCT-1,1,paclitaxel
Data8_sample_10_GATCGATAGGATGCGT-1,1,paclitaxel
Data8_sample_10_GATCGATCAAGGCTCC-1,1,paclitaxel
Data8_sample_10_GATCGATGTACCGTAT-1,1,paclitaxel
Data8_sample_10_GATCGATTCGTCCAGG-1,1,paclitaxel
Data8_sample_10_GATCGCGAGCCGATTT-1,1,paclitaxel
Data8_sample_10_GATCGCGAGGAATCGC-1,1,paclitaxel
Data8_sample_10_GATCGCGAGTAATCCC-1,1,paclitaxel
Data8_sample_10_GATCGCGCACCCATGG-1,1,paclitaxel
Data8_sample_10_GATCGCGGTCCGTCAG-1,1,paclitaxel
Data8_sample_10_GATCGCGGTCGAACAG-1,1,paclitaxel
Data8_sample_10_GATCGCGGTGCAGTAG-1,1,paclitaxel
Data8_sample_10_GATCGCGGTTAAGTAG-1,1,paclitaxel
Data8_sample_10_GATCGCGTCGGTCTAA-1,1,paclitaxel
Data8_sample_10_GATCGTAAGGCTATCT-1,1,paclitaxel
Data8_sample_10_GATCGTACAGTTTACG-1,1,paclitaxel
Data8_sample_10_GATCGTAGTCTCATCC-1,1,paclitaxel
Data8_sample_10_GATCGTATCCCTAACC-1,1,paclitaxel
Data8_sample_10_GATCTAGAGAGAGCTC-1,1,paclitaxel
Data8_sample_10_GATCTAGAGTAGATGT-1,1,paclitaxel
Data8_sample_10_GATCTAGTCCAAACTG-1,1,paclitaxel
Data8_sample_10_GATCTAGTCCGCGCAA-1,1,paclitaxel
Data8_sample_10_GATGAAAAGCGCCTCA-1,1,paclitaxel
Data8_sample_10_GATGAAATCGTTACAG-1,1,paclitaxel
Data8_sample_10_GATGAAATCTGGTGTA-1,1,paclitaxel
Data8_sample_10_GATGAGGAGTGACATA-1,1,paclitaxel
Data8_sample_10_GATGAGGCAGTGACAG-1,1,paclitaxel
Data8_sample_10_GATGAGGGTAGGCATG-1,1,paclitaxel
Data8_sample_10_GATGAGGGTGTAACGG-1,1,paclitaxel
Data8_sample_10_GATGCTAGTTTGGGCC-1,1,paclitaxel
Data8_sample_10_GATTCAGAGCTGGAAC-1,1,paclitaxel
Data8_sample_10_GATTCAGCACGGTTTA-1,1,paclitaxel
Data8_sample_10_GATTCAGCACTCAGGC-1,1,paclitaxel
Data8_sample_10_GATTCAGGTTACGCGC-1,1,paclitaxel
Data8_sample_10_GCAAACTGTTAGATGA-1,1,paclitaxel
Data8_sample_10_GCAAACTTCAATACCG-1,1,paclitaxel
Data8_sample_10_GCAATCAAGCAATATG-1,1,paclitaxel
Data8_sample_10_GCAATCACACAGCGTC-1,1,paclitaxel
Data8_sample_10_GCAATCACACAGGAGT-1,1,paclitaxel
Data8_sample_10_GCAATCAGTATTACCG-1,1,paclitaxel
Data8_sample_10_GCACATACAATAACGA-1,1,paclitaxel
Data8_sample_10_GCACATACACCCATGG-1,1,paclitaxel
Data8_sample_10_GCACATAGTGATGATA-1,1,paclitaxel
Data8_sample_10_GCACATAGTGGTGTAG-1,1,paclitaxel
Data8_sample_10_GCACATATCGCCCTTA-1,1,paclitaxel
Data8_sample_10_GCACTCTGTGCACTTA-1,1,paclitaxel
Data8_sample_10_GCAGCCACAGCTCGAC-1,1,paclitaxel
Data8_sample_10_GCAGCCAGTACCGAGA-1,1,paclitaxel
Data8_sample_10_GCAGCCAGTCATCCCT-1,1,paclitaxel
Data8_sample_10_GCAGCCAGTGCTAGCC-1,1,paclitaxel
Data8_sample_10_GCAGCCAGTTCACGGC-1,1,paclitaxel
Data8_sample_10_GCAGCCATCCAGGGCT-1,1,paclitaxel
Data8_sample_10_GCAGCCATCGGCTTGG-1,1,paclitaxel
Data8_sample_10_GCAGTTAAGGCGATAC-1,1,paclitaxel
Data8_sample_10_GCAGTTAAGTCGATAA-1,1,paclitaxel
Data8_sample_10_GCAGTTAAGTTGTAGA-1,1,paclitaxel
Data8_sample_10_GCAGTTAGTGACTCAT-1,1,paclitaxel
Data8_sample_10_GCAGTTATCGCCATAA-1,1,paclitaxel
Data8_sample_10_GCATACAAGCTAGGCA-1,1,paclitaxel
Data8_sample_10_GCATACACATAGTAAG-1,1,paclitaxel
Data8_sample_10_GCATACAGTTCAGTAC-1,1,paclitaxel
Data8_sample_10_GCATACATCACCGGGT-1,1,paclitaxel
Data8_sample_10_GCATACATCGAACTGT-1,1,paclitaxel
Data8_sample_10_GCATGATAGTCGTACT-1,1,paclitaxel
Data8_sample_10_GCATGATCATCTACGA-1,1,paclitaxel
Data8_sample_10_GCATGATGTATATCCG-1,1,paclitaxel
Data8_sample_10_GCATGATGTGCACTTA-1,1,paclitaxel
Data8_sample_10_GCATGCGCATGCAATC-1,1,paclitaxel
Data8_sample_10_GCATGCGGTAAACCTC-1,1,paclitaxel
Data8_sample_10_GCATGCGTCTACTCAT-1,1,paclitaxel
Data8_sample_10_GCATGTAGTATATCCG-1,1,paclitaxel
Data8_sample_10_GCATGTATCAACGAAA-1,1,paclitaxel
Data8_sample_10_GCCAAATCATATGGTC-1,1,paclitaxel
Data8_sample_10_GCCAAATGTGTTCGAT-1,1,paclitaxel
Data8_sample_10_GCCAAATGTTGGTAAA-1,1,paclitaxel
Data8_sample_10_GCCAAATTCTTAGAGC-1,1,paclitaxel
Data8_sample_10_GCCTCTAAGAGGTAGA-1,1,paclitaxel
Data8_sample_10_GCGACCAAGAATGTGT-1,1,paclitaxel
Data8_sample_10_GCGACCACACCGTTGG-1,1,paclitaxel
Data8_sample_10_GCGACCACATCTCCCA-1,1,paclitaxel
Data8_sample_10_GCGACCAGTATATGGA-1,1,paclitaxel
Data8_sample_10_GCGACCATCCACGTTC-1,1,paclitaxel
Data8_sample_10_GCGAGAAAGAAAGTGG-1,1,paclitaxel
Data8_sample_10_GCGAGAACAAGGTTCT-1,1,paclitaxel
Data8_sample_10_GCGAGAAGTCTGCCAG-1,1,paclitaxel
Data8_sample_10_GCGAGAAGTTACGTCA-1,1,paclitaxel
Data8_sample_10_GCGAGAATCACCCTCA-1,1,paclitaxel
Data8_sample_10_GCGAGAATCCCTCTTT-1,1,paclitaxel
Data8_sample_10_GCGCAACAGATCGGGT-1,1,paclitaxel
Data8_sample_10_GCGCAACCATCCCACT-1,1,paclitaxel
Data8_sample_10_GCGCAACGTTGGAGGT-1,1,paclitaxel
Data8_sample_10_GCGCAACTCTTGTACT-1,1,paclitaxel
Data8_sample_10_GCGCAGTAGAGAGCTC-1,1,paclitaxel
Data8_sample_10_GCGCAGTAGCACCGCT-1,1,paclitaxel
Data8_sample_10_GCGCAGTAGCTGTCTA-1,1,paclitaxel
Data8_sample_10_GCGCAGTGTATGCTTG-1,1,paclitaxel
Data8_sample_10_GCGCCAACACATTAGC-1,1,paclitaxel
Data8_sample_10_GCGCCAAGTGACAAAT-1,1,paclitaxel
Data8_sample_10_GCGCCAAGTGGACGAT-1,1,paclitaxel
Data8_sample_10_GCGCCAATCGCTTGTC-1,1,paclitaxel
Data8_sample_10_GCGCGATCACATCTTT-1,1,paclitaxel
Data8_sample_10_GCGCGATGTGACGCCT-1,1,paclitaxel
Data8_sample_10_GCGCGATTCATAGCAC-1,1,paclitaxel
Data8_sample_10_GCGCGATTCTGGTATG-1,1,paclitaxel
Data8_sample_10_GCGGGTTAGGACAGAA-1,1,paclitaxel
Data8_sample_10_GCGGGTTCACTGTGTA-1,1,paclitaxel
Data8_sample_10_GCGGGTTGTTAAGACA-1,1,paclitaxel
Data8_sample_10_GCGGGTTTCGAATGCT-1,1,paclitaxel
Data8_sample_10_GCTCCTAAGGCACATG-1,1,paclitaxel
Data8_sample_10_GCTCCTAAGGCATGGT-1,1,paclitaxel
Data8_sample_10_GCTCCTAAGTATGACA-1,1,paclitaxel
Data8_sample_10_GCTCCTACAGTCGTGC-1,1,paclitaxel
Data8_sample_10_GCTCCTACATGTAAGA-1,1,paclitaxel
Data8_sample_10_GCTCCTATCTTCAACT-1,1,paclitaxel
Data8_sample_10_GCTCTGTAGACAGACC-1,1,paclitaxel
Data8_sample_10_GCTCTGTAGTTTAGGA-1,1,paclitaxel
Data8_sample_10_GCTCTGTCAGGATTGG-1,1,paclitaxel
Data8_sample_10_GCTCTGTGTTCCACTC-1,1,paclitaxel
Data8_sample_10_GCTCTGTTCAACACCA-1,1,paclitaxel
Data8_sample_10_GCTCTGTTCTGGTATG-1,1,paclitaxel
Data8_sample_10_GCTGCAGAGGTAAACT-1,1,paclitaxel
Data8_sample_10_GCTGCAGGTATCACCA-1,1,paclitaxel
Data8_sample_10_GCTGCGAAGAGTCGGT-1,1,paclitaxel
Data8_sample_10_GCTGCGAGTCATGCCG-1,1,paclitaxel
Data8_sample_10_GCTGCGATCTGCTTGC-1,1,paclitaxel
Data8_sample_10_GCTGCTTTCCAGAGGA-1,1,paclitaxel
Data8_sample_10_GCTGCTTTCCGAATGT-1,1,paclitaxel
Data8_sample_10_GCTGCTTTCGGCGCAT-1,1,paclitaxel
Data8_sample_10_GCTGGGTAGAACTCGG-1,1,paclitaxel
Data8_sample_10_GCTGGGTAGTGTTGAA-1,1,paclitaxel
Data8_sample_10_GCTGGGTGTACGCACC-1,1,paclitaxel
Data8_sample_10_GCTGGGTTCAGCTCTC-1,1,paclitaxel
Data8_sample_10_GCTGGGTTCTAACTTC-1,1,paclitaxel
Data8_sample_10_GCTTCCAAGATGTGGC-1,1,paclitaxel
Data8_sample_10_GCTTCCAAGGTAGCTG-1,1,paclitaxel
Data8_sample_10_GCTTCCAGTGCACGAA-1,1,paclitaxel
Data8_sample_10_GCTTCCAGTTCATGGT-1,1,paclitaxel
Data8_sample_10_GCTTCCATCTAACCGA-1,1,paclitaxel
Data8_sample_10_GCTTGAAAGGATTCGG-1,1,paclitaxel
Data8_sample_10_GCTTGAAGTCACACGC-1,1,paclitaxel
Data8_sample_10_GCTTGAATCTGACCTC-1,1,paclitaxel
Data8_sample_10_GGAAAGCAGAGGTTGC-1,1,paclitaxel
Data8_sample_10_GGAAAGCGTCAGATAA-1,1,paclitaxel
Data8_sample_10_GGAAAGCGTCTCTTTA-1,1,paclitaxel
Data8_sample_10_GGAAAGCTCAAACAAG-1,1,paclitaxel
Data8_sample_10_GGAAAGCTCGGCATCG-1,1,paclitaxel
Data8_sample_10_GGAAAGCTCTCGCTTG-1,1,paclitaxel
Data8_sample_10_GGAAAGCTCTTGCCGT-1,1,paclitaxel
Data8_sample_10_GGAACTTAGCCGGTAA-1,1,paclitaxel
Data8_sample_10_GGAACTTGTAGCTAAA-1,1,paclitaxel
Data8_sample_10_GGAACTTGTGACAAAT-1,1,paclitaxel
Data8_sample_10_GGAACTTTCACGATGT-1,1,paclitaxel
Data8_sample_10_GGAATAAAGACTAGGC-1,1,paclitaxel
Data8_sample_10_GGAATAAAGCGACGTA-1,1,paclitaxel
Data8_sample_10_GGAATAACATCCCACT-1,1,paclitaxel
Data8_sample_10_GGAATAACATTAGGCT-1,1,paclitaxel
Data8_sample_10_GGAATAATCATCACCC-1,1,paclitaxel
Data8_sample_10_GGAATAATCCCATTAT-1,1,paclitaxel
Data8_sample_10_GGACAAGAGAGGTTAT-1,1,paclitaxel
Data8_sample_10_GGACAAGCAGACAAGC-1,1,paclitaxel
Data8_sample_10_GGACAAGCAGACGTAG-1,1,paclitaxel
Data8_sample_10_GGACAAGTCAGGCAAG-1,1,paclitaxel
Data8_sample_10_GGACAAGTCGGTTAAC-1,1,paclitaxel
Data8_sample_10_GGACAAGTCTATCCCG-1,1,paclitaxel
Data8_sample_10_GGACAGAAGTACGCGA-1,1,paclitaxel
Data8_sample_10_GGACAGAAGTAGCCGA-1,1,paclitaxel
Data8_sample_10_GGACAGACATTTGCTT-1,1,paclitaxel
Data8_sample_10_GGACAGAGTACTTAGC-1,1,paclitaxel
Data8_sample_10_GGACAGATCAGAAATG-1,1,paclitaxel
Data8_sample_10_GGACAGATCCATGAAC-1,1,paclitaxel
Data8_sample_10_GGACAGATCCGTCAAA-1,1,paclitaxel
Data8_sample_10_GGACAGATCCTAGAAC-1,1,paclitaxel
Data8_sample_10_GGACATTAGGAATTAC-1,1,paclitaxel
Data8_sample_10_GGACATTAGGATTCGG-1,1,paclitaxel
Data8_sample_10_GGACATTAGTAAGTAC-1,1,paclitaxel
Data8_sample_10_GGACATTGTGTGTGCC-1,1,paclitaxel
Data8_sample_10_GGACATTTCAAAGACA-1,1,paclitaxel
Data8_sample_10_GGACATTTCCTTTCGG-1,1,paclitaxel
Data8_sample_10_GGACGTCAGATATGGT-1,1,paclitaxel
Data8_sample_10_GGACGTCAGCATGGCA-1,1,paclitaxel
Data8_sample_10_GGACGTCCAGGCGATA-1,1,paclitaxel
Data8_sample_10_GGACGTCGTACTCAAC-1,1,paclitaxel
Data8_sample_10_GGACGTCGTAGCGCTC-1,1,paclitaxel
Data8_sample_10_GGACGTCGTTCGCGAC-1,1,paclitaxel
Data8_sample_10_GGAGCAAAGGTAGCCA-1,1,paclitaxel
Data8_sample_10_GGAGCAAAGTCCATAC-1,1,paclitaxel
Data8_sample_10_GGAGCAATCGAATGGG-1,1,paclitaxel
Data8_sample_10_GGAGCAATCTCTTATG-1,1,paclitaxel
Data8_sample_10_GGATGTTAGTACGTAA-1,1,paclitaxel
Data8_sample_10_GGATGTTCAACACCTA-1,1,paclitaxel
Data8_sample_10_GGATTACAGAGACTTA-1,1,paclitaxel
Data8_sample_10_GGATTACAGCTTTGGT-1,1,paclitaxel
Data8_sample_10_GGATTACAGTCGAGTG-1,1,paclitaxel
Data8_sample_10_GGATTACCAGTATGCT-1,1,paclitaxel
Data8_sample_10_GGATTACTCCAATGGT-1,1,paclitaxel
Data8_sample_10_GGATTACTCGCAGGCT-1,1,paclitaxel
Data8_sample_10_GGCAATTCAGTTAACC-1,1,paclitaxel
Data8_sample_10_GGCAATTTCAGGCCCA-1,1,paclitaxel
Data8_sample_10_GGCCGATAGCCAACAG-1,1,paclitaxel
Data8_sample_10_GGCCGATCACACGCTG-1,1,paclitaxel
Data8_sample_10_GGCCGATCAGACAAGC-1,1,paclitaxel
Data8_sample_10_GGCCGATGTTCAGGCC-1,1,paclitaxel
Data8_sample_10_GGCCGATTCAGCCTAA-1,1,paclitaxel
Data8_sample_10_GGCCGATTCCTCTAGC-1,1,paclitaxel
Data8_sample_10_GGCCGATTCCTTTACA-1,1,paclitaxel
Data8_sample_10_GGCGACTCAGCGAACA-1,1,paclitaxel
Data8_sample_10_GGCGACTCAGTCTTCC-1,1,paclitaxel
Data8_sample_10_GGCGACTGTCCCGACA-1,1,paclitaxel
Data8_sample_10_GGCGACTTCCGCTGTT-1,1,paclitaxel
Data8_sample_10_GGCGACTTCTGATTCT-1,1,paclitaxel
Data8_sample_10_GGCGTGTCAGCCTGTG-1,1,paclitaxel
Data8_sample_10_GGCGTGTCATGCCCGA-1,1,paclitaxel
Data8_sample_10_GGCGTGTCATTGGGCC-1,1,paclitaxel
Data8_sample_10_GGCGTGTTCGTCCGTT-1,1,paclitaxel
Data8_sample_10_GGCTCGAAGTATTGGA-1,1,paclitaxel
Data8_sample_10_GGCTCGACACCAGTTA-1,1,paclitaxel
Data8_sample_10_GGCTGGTGTATAGGGC-1,1,paclitaxel
Data8_sample_10_GGCTGGTGTCTGCAAT-1,1,paclitaxel
Data8_sample_10_GGGAATGAGTGTACCT-1,1,paclitaxel
Data8_sample_10_GGGAATGCAGATCCAT-1,1,paclitaxel
Data8_sample_10_GGGAATGGTGCAACGA-1,1,paclitaxel
Data8_sample_10_GGGACCTAGAAACCAT-1,1,paclitaxel
Data8_sample_10_GGGACCTAGGACACCA-1,1,paclitaxel
Data8_sample_10_GGGACCTCATACCATG-1,1,paclitaxel
Data8_sample_10_GGGACCTCATCTCGCT-1,1,paclitaxel
Data8_sample_10_GGGACCTGTCAGTGGA-1,1,paclitaxel
Data8_sample_10_GGGACCTGTTAAGATG-1,1,paclitaxel
Data8_sample_10_GGGACCTGTTAAGGGC-1,1,paclitaxel
Data8_sample_10_GGGAGATGTTCCACTC-1,1,paclitaxel
Data8_sample_10_GGGAGATTCCTACAGA-1,1,paclitaxel
Data8_sample_10_GGGAGATTCGTTTATC-1,1,paclitaxel
Data8_sample_10_GGGATGAAGACTGGGT-1,1,paclitaxel
Data8_sample_10_GGGATGAGTCTCTCTG-1,1,paclitaxel
Data8_sample_10_GGGATGAGTTTGCATG-1,1,paclitaxel
Data8_sample_10_GGGATGATCCCAACGG-1,1,paclitaxel
Data8_sample_10_GGGATGATCGCCTGTT-1,1,paclitaxel
Data8_sample_10_GGGCACTAGCTCCTTC-1,1,paclitaxel
Data8_sample_10_GGGCACTAGCTCTCGG-1,1,paclitaxel
Data8_sample_10_GGGCACTAGTGCGATG-1,1,paclitaxel
Data8_sample_10_GGGCACTCACCGATAT-1,1,paclitaxel
Data8_sample_10_GGGCACTGTAGGGTAC-1,1,paclitaxel
Data8_sample_10_GGGCATCGTGGGTCAA-1,1,paclitaxel
Data8_sample_10_GGGCATCGTGTCTGAT-1,1,paclitaxel
Data8_sample_10_GGGTCTGTCTGGTTCC-1,1,paclitaxel
Data8_sample_10_GGGTTGCGTGCACTTA-1,1,paclitaxel
Data8_sample_10_GGGTTGCGTGGTAACG-1,1,paclitaxel
Data8_sample_10_GGGTTGCTCCAAGCCG-1,1,paclitaxel
Data8_sample_10_GGTATTGCACTGTGTA-1,1,paclitaxel
Data8_sample_10_GGTATTGTCCTTTCTC-1,1,paclitaxel
Data8_sample_10_GGTATTGTCGTGGTCG-1,1,paclitaxel
Data8_sample_10_GGTGAAGAGACAGGCT-1,1,paclitaxel
Data8_sample_10_GGTGAAGAGCAGCCTC-1,1,paclitaxel
Data8_sample_10_GGTGAAGAGTATCTCG-1,1,paclitaxel
Data8_sample_10_GGTGAAGCAACAACCT-1,1,paclitaxel
Data8_sample_10_GGTGAAGGTGCTAGCC-1,1,paclitaxel
Data8_sample_10_GGTGCGTAGAGCTATA-1,1,paclitaxel
Data8_sample_10_GGTGCGTCAATCTGCA-1,1,paclitaxel
Data8_sample_10_GGTGCGTCAGCTCCGA-1,1,paclitaxel
Data8_sample_10_GGTGCGTGTGACTACT-1,1,paclitaxel
Data8_sample_10_GGTGCGTTCACTCTTA-1,1,paclitaxel
Data8_sample_10_GGTGTTAAGACGACGT-1,1,paclitaxel
Data8_sample_10_GGTGTTACAGCGAACA-1,1,paclitaxel
Data8_sample_10_GGTGTTATCCAGATCA-1,1,paclitaxel
Data8_sample_10_GGTGTTATCGAATGGG-1,1,paclitaxel
Data8_sample_10_GGTGTTATCTGTCCGT-1,1,paclitaxel
Data8_sample_10_GTAACGTGTTATGCGT-1,1,paclitaxel
Data8_sample_10_GTAACGTTCTTCATGT-1,1,paclitaxel
Data8_sample_10_GTAACTGAGGCTACGA-1,1,paclitaxel
Data8_sample_10_GTAACTGCATTGGTAC-1,1,paclitaxel
Data8_sample_10_GTAACTGGTAAATACG-1,1,paclitaxel
Data8_sample_10_GTAACTGGTAAGGATT-1,1,paclitaxel
Data8_sample_10_GTAACTGTCAGGTAAA-1,1,paclitaxel
Data8_sample_10_GTACGTATCCAGTAGT-1,1,paclitaxel
Data8_sample_10_GTACTCCAGTACGCCC-1,1,paclitaxel
Data8_sample_10_GTACTCCAGTGGAGAA-1,1,paclitaxel
Data8_sample_10_GTACTTTAGCCCAATT-1,1,paclitaxel
Data8_sample_10_GTACTTTGTCTTGTCC-1,1,paclitaxel
Data8_sample_10_GTACTTTTCCAAGTAC-1,1,paclitaxel
Data8_sample_10_GTACTTTTCCGTCAAA-1,1,paclitaxel
Data8_sample_10_GTACTTTTCTTCGGTC-1,1,paclitaxel
Data8_sample_10_GTAGGCCCACCAACCG-1,1,paclitaxel
Data8_sample_10_GTAGGCCTCCGCGCAA-1,1,paclitaxel
Data8_sample_10_GTAGGCCTCTTCGGTC-1,1,paclitaxel
Data8_sample_10_GTAGTCACACCAGATT-1,1,paclitaxel
Data8_sample_10_GTAGTCATCACTTATC-1,1,paclitaxel
Data8_sample_10_GTAGTCATCAGCACAT-1,1,paclitaxel
Data8_sample_10_GTAGTCATCCATGAAC-1,1,paclitaxel
Data8_sample_10_GTATCTTAGAGGTTGC-1,1,paclitaxel
Data8_sample_10_GTATCTTAGTTTGCGT-1,1,paclitaxel
Data8_sample_10_GTATCTTCACAGTCGC-1,1,paclitaxel
Data8_sample_10_GTATCTTCACTGTCGG-1,1,paclitaxel
Data8_sample_10_GTATCTTGTAGCTTGT-1,1,paclitaxel
Data8_sample_10_GTATCTTGTGTTTGTG-1,1,paclitaxel
Data8_sample_10_GTATCTTTCCAGTAGT-1,1,paclitaxel
Data8_sample_10_GTATCTTTCTCGAGTA-1,1,paclitaxel
Data8_sample_10_GTATTCTAGATGGCGT-1,1,paclitaxel
Data8_sample_10_GTATTCTAGTTCGCAT-1,1,paclitaxel
Data8_sample_10_GTATTCTGTAGAGTGC-1,1,paclitaxel
Data8_sample_10_GTCAAGTAGATCCTGT-1,1,paclitaxel
Data8_sample_10_GTCAAGTAGCCCAACC-1,1,paclitaxel
Data8_sample_10_GTCAAGTAGTATCGAA-1,1,paclitaxel
Data8_sample_10_GTCAAGTCAAAGGAAG-1,1,paclitaxel
Data8_sample_10_GTCAAGTGTACATCCA-1,1,paclitaxel
Data8_sample_10_GTCAAGTGTCGCCATG-1,1,paclitaxel
Data8_sample_10_GTCAAGTTCACGAAGG-1,1,paclitaxel
Data8_sample_10_GTCAAGTTCAGCGATT-1,1,paclitaxel
Data8_sample_10_GTCACAACAAACTGTC-1,1,paclitaxel
Data8_sample_10_GTCACAACACGACTCG-1,1,paclitaxel
Data8_sample_10_GTCACAACACTTCTGC-1,1,paclitaxel
Data8_sample_10_GTCACAACATTTGCCC-1,1,paclitaxel
Data8_sample_10_GTCACAAGTATCGCAT-1,1,paclitaxel
Data8_sample_10_GTCACAAGTTCTCATT-1,1,paclitaxel
Data8_sample_10_GTCACGGAGGCATTGG-1,1,paclitaxel
Data8_sample_10_GTCACGGCACCGATAT-1,1,paclitaxel
Data8_sample_10_GTCACGGCAGAAGCAC-1,1,paclitaxel
Data8_sample_10_GTCACGGCAGATGGGT-1,1,paclitaxel
Data8_sample_10_GTCACGGGTCATGCAT-1,1,paclitaxel
Data8_sample_10_GTCATTTAGAGGACGG-1,1,paclitaxel
Data8_sample_10_GTCATTTCAAGCGATG-1,1,paclitaxel
Data8_sample_10_GTCATTTCACGAGGTA-1,1,paclitaxel
Data8_sample_10_GTCATTTGTGCTAGCC-1,1,paclitaxel
Data8_sample_10_GTCATTTTCAGCACAT-1,1,paclitaxel
Data8_sample_10_GTCATTTTCCAAACAC-1,1,paclitaxel
Data8_sample_10_GTCATTTTCGACAGCC-1,1,paclitaxel
Data8_sample_10_GTCCTCAGTAAGCACG-1,1,paclitaxel
Data8_sample_10_GTCCTCATCGGCATCG-1,1,paclitaxel
Data8_sample_10_GTCCTCATCTTCGGTC-1,1,paclitaxel
Data8_sample_10_GTCGGGTAGTACGACG-1,1,paclitaxel
Data8_sample_10_GTCGGGTCATGCTGGC-1,1,paclitaxel
Data8_sample_10_GTCGGGTCATGGTAGG-1,1,paclitaxel
Data8_sample_10_GTCGGGTCATTGTGCA-1,1,paclitaxel
Data8_sample_10_GTCGGGTGTTCAGTAC-1,1,paclitaxel
Data8_sample_10_GTCGGGTTCATTGCCC-1,1,paclitaxel
Data8_sample_10_GTCGGGTTCGCCATAA-1,1,paclitaxel
Data8_sample_10_GTCGTAAAGAGACGAA-1,1,paclitaxel
Data8_sample_10_GTCGTAAAGGCTAGCA-1,1,paclitaxel
Data8_sample_10_GTCGTAAAGTCTCGGC-1,1,paclitaxel
Data8_sample_10_GTCGTAATCAATAAGG-1,1,paclitaxel
Data8_sample_10_GTCTTCGAGTCGATAA-1,1,paclitaxel
Data8_sample_10_GTCTTCGCACGCATCG-1,1,paclitaxel
Data8_sample_10_GTCTTCGCAGAGCCAA-1,1,paclitaxel
Data8_sample_10_GTCTTCGTCGTGACAT-1,1,paclitaxel
Data8_sample_10_GTCTTCGTCTTGACGA-1,1,paclitaxel
Data8_sample_10_GTGAAGGCACGTCTCT-1,1,paclitaxel
Data8_sample_10_GTGAAGGGTCTCCACT-1,1,paclitaxel
Data8_sample_10_GTGAAGGTCTACTTAC-1,1,paclitaxel
Data8_sample_10_GTGCAGCAGTCCGTAT-1,1,paclitaxel
Data8_sample_10_GTGCAGCCAATGGAGC-1,1,paclitaxel
Data8_sample_10_GTGCAGCCAGCTGTGC-1,1,paclitaxel
Data8_sample_10_GTGCAGCCAGGGAGAG-1,1,paclitaxel
Data8_sample_10_GTGCAGCCATGTCCTC-1,1,paclitaxel
Data8_sample_10_GTGCAGCGTCGAATCT-1,1,paclitaxel
Data8_sample_10_GTGCAGCTCAGTTTGG-1,1,paclitaxel
Data8_sample_10_GTGCATAAGCTGTCTA-1,1,paclitaxel
Data8_sample_10_GTGCATATCCAGTAGT-1,1,paclitaxel
Data8_sample_10_GTGCGGTAGAGGTTAT-1,1,paclitaxel
Data8_sample_10_GTGCGGTAGGCTCTTA-1,1,paclitaxel
Data8_sample_10_GTGCGGTCACATCTTT-1,1,paclitaxel
Data8_sample_10_GTGCGGTCAGGTGGAT-1,1,paclitaxel
Data8_sample_10_GTGCGGTGTCTACCTC-1,1,paclitaxel
Data8_sample_10_GTGCGGTGTTAGAACA-1,1,paclitaxel
Data8_sample_10_GTGCTTCAGGGTCTCC-1,1,paclitaxel
Data8_sample_10_GTGCTTCAGTTCGCAT-1,1,paclitaxel
Data8_sample_10_GTGCTTCGTATAAACG-1,1,paclitaxel
Data8_sample_10_GTGCTTCGTCTCGTTC-1,1,paclitaxel
Data8_sample_10_GTGCTTCGTTGGAGGT-1,1,paclitaxel
Data8_sample_10_GTGGGTCAGTGGGATC-1,1,paclitaxel
Data8_sample_10_GTGGGTCCAATGCCAT-1,1,paclitaxel
Data8_sample_10_GTGTGCGAGACGACGT-1,1,paclitaxel
Data8_sample_10_GTGTGCGAGCTAGGCA-1,1,paclitaxel
Data8_sample_10_GTGTGCGCAACTGCTA-1,1,paclitaxel
Data8_sample_10_GTGTGCGGTTACGGAG-1,1,paclitaxel
Data8_sample_10_GTGTTAGAGAACTCGG-1,1,paclitaxel
Data8_sample_10_GTGTTAGAGGTCGGAT-1,1,paclitaxel
Data8_sample_10_GTGTTAGCAAGCGATG-1,1,paclitaxel
Data8_sample_10_GTGTTAGCATCTATGG-1,1,paclitaxel
Data8_sample_10_GTTAAGCAGAGCAATT-1,1,paclitaxel
Data8_sample_10_GTTAAGCCACAAGTAA-1,1,paclitaxel
Data8_sample_10_GTTAAGCCATGGTCAT-1,1,paclitaxel
Data8_sample_10_GTTAAGCGTATAGGGC-1,1,paclitaxel
Data8_sample_10_GTTAAGCTCAAAGACA-1,1,paclitaxel
Data8_sample_10_GTTACAGCAAACCCAT-1,1,paclitaxel
Data8_sample_10_GTTACAGGTAGGACAC-1,1,paclitaxel
Data8_sample_10_GTTCATTAGCGTTTAC-1,1,paclitaxel
Data8_sample_10_GTTCATTCAACCGCCA-1,1,paclitaxel
Data8_sample_10_GTTCATTCACATCCAA-1,1,paclitaxel
Data8_sample_10_GTTCATTGTAAGAGAG-1,1,paclitaxel
Data8_sample_10_GTTCATTTCGCATGGC-1,1,paclitaxel
Data8_sample_10_GTTCATTTCGTAGGTT-1,1,paclitaxel
Data8_sample_10_GTTCGGGAGGCCCTTG-1,1,paclitaxel
Data8_sample_10_GTTCGGGGTCCCGACA-1,1,paclitaxel
Data8_sample_10_GTTCGGGGTTCAGGCC-1,1,paclitaxel
Data8_sample_10_GTTCTCGAGTTGAGTA-1,1,paclitaxel
Data8_sample_10_GTTCTCGGTATATGAG-1,1,paclitaxel
Data8_sample_10_GTTCTCGGTCGCTTTC-1,1,paclitaxel
Data8_sample_10_GTTCTCGGTGCTCTTC-1,1,paclitaxel
Data8_sample_10_GTTCTCGGTGGACGAT-1,1,paclitaxel
Data8_sample_10_GTTCTCGTCCAAACTG-1,1,paclitaxel
Data8_sample_10_GTTCTCGTCTGATTCT-1,1,paclitaxel
Data8_sample_10_GTTTCTAAGCTAACAA-1,1,paclitaxel
Data8_sample_10_GTTTCTAGTACCAGTT-1,1,paclitaxel
Data8_sample_10_GTTTCTATCCGCTGTT-1,1,paclitaxel
Data8_sample_10_TAAACCGAGGCCCTTG-1,1,paclitaxel
Data8_sample_10_TAAACCGAGTAGTGCG-1,1,paclitaxel
Data8_sample_10_TAAACCGCATGCTGGC-1,1,paclitaxel
Data8_sample_10_TAAACCGGTTACGACT-1,1,paclitaxel
Data8_sample_10_TAAACCGTCGTCCAGG-1,1,paclitaxel
Data8_sample_10_TAAGAGAAGCCACCTG-1,1,paclitaxel
Data8_sample_10_TAAGAGAAGTCCGTAT-1,1,paclitaxel
Data8_sample_10_TAAGAGACAGCAGTTT-1,1,paclitaxel
Data8_sample_10_TAAGAGAGTAGGGACT-1,1,paclitaxel
Data8_sample_10_TAAGAGAGTCTTGTCC-1,1,paclitaxel
Data8_sample_10_TAAGCGTGTTTGTGTG-1,1,paclitaxel
Data8_sample_10_TAAGCGTTCCCACTTG-1,1,paclitaxel
Data8_sample_10_TAAGTGCCAATGCCAT-1,1,paclitaxel
Data8_sample_10_TAAGTGCCAGACGTAG-1,1,paclitaxel
Data8_sample_10_TAAGTGCGTCCGACGT-1,1,paclitaxel
Data8_sample_10_TAAGTGCTCACCAGGC-1,1,paclitaxel
Data8_sample_10_TAAGTGCTCAGTGTTG-1,1,paclitaxel
Data8_sample_10_TAAGTGCTCCTTGGTC-1,1,paclitaxel
Data8_sample_10_TACACGAGTACTTAGC-1,1,paclitaxel
Data8_sample_10_TACACGATCAATACCG-1,1,paclitaxel
Data8_sample_10_TACACGATCGAGCCCA-1,1,paclitaxel
Data8_sample_10_TACAGTGCATCGATGT-1,1,paclitaxel
Data8_sample_10_TACAGTGGTACTTAGC-1,1,paclitaxel
Data8_sample_10_TACCTATAGAATGTTG-1,1,paclitaxel
Data8_sample_10_TACCTATAGAGACGAA-1,1,paclitaxel
Data8_sample_10_TACCTATCAAAGCAAT-1,1,paclitaxel
Data8_sample_10_TACCTATCAGACAAAT-1,1,paclitaxel
Data8_sample_10_TACCTATCAGGGTATG-1,1,paclitaxel
Data8_sample_10_TACCTATCATCGTCGG-1,1,paclitaxel
Data8_sample_10_TACCTATGTCAAGCGA-1,1,paclitaxel
Data8_sample_10_TACCTATGTCGAACAG-1,1,paclitaxel
Data8_sample_10_TACCTTAAGTGTGAAT-1,1,paclitaxel
Data8_sample_10_TACCTTACAATTCCTT-1,1,paclitaxel
Data8_sample_10_TACCTTATCAGCTGGC-1,1,paclitaxel
Data8_sample_10_TACCTTATCATCGATG-1,1,paclitaxel
Data8_sample_10_TACGGATAGAAACCAT-1,1,paclitaxel
Data8_sample_10_TACGGATCATCGGGTC-1,1,paclitaxel
Data8_sample_10_TACGGGCAGAGACGAA-1,1,paclitaxel
Data8_sample_10_TACGGGCCACCGAAAG-1,1,paclitaxel
Data8_sample_10_TACGGGCCAGGTTTCA-1,1,paclitaxel
Data8_sample_10_TACGGTAAGCCTCGTG-1,1,paclitaxel
Data8_sample_10_TACGGTATCTGCGACG-1,1,paclitaxel
Data8_sample_10_TACTCATAGCCGATTT-1,1,paclitaxel
Data8_sample_10_TACTCATAGCGATTCT-1,1,paclitaxel
Data8_sample_10_TACTCATCAAGCCGCT-1,1,paclitaxel
Data8_sample_10_TACTCATCACTCTGTC-1,1,paclitaxel
Data8_sample_10_TACTCATCATGGTAGG-1,1,paclitaxel
Data8_sample_10_TACTCATGTGCGGTAA-1,1,paclitaxel
Data8_sample_10_TACTCATTCAAACCAC-1,1,paclitaxel
Data8_sample_10_TACTCATTCTGCGTAA-1,1,paclitaxel
Data8_sample_10_TACTCGCCAAGTCTGT-1,1,paclitaxel
Data8_sample_10_TACTCGCGTACATCCA-1,1,paclitaxel
Data8_sample_10_TACTTACGTAGGCTGA-1,1,paclitaxel
Data8_sample_10_TACTTACGTCAGGACA-1,1,paclitaxel
Data8_sample_10_TACTTACGTGTGGCTC-1,1,paclitaxel
Data8_sample_10_TACTTACGTGTTCTTT-1,1,paclitaxel
Data8_sample_10_TACTTACTCCTCAATT-1,1,paclitaxel
Data8_sample_10_TACTTGTAGAGCTGCA-1,1,paclitaxel
Data8_sample_10_TACTTGTAGCTAAACA-1,1,paclitaxel
Data8_sample_10_TACTTGTAGGATGCGT-1,1,paclitaxel
Data8_sample_10_TACTTGTAGGCACATG-1,1,paclitaxel
Data8_sample_10_TACTTGTAGTCAATAG-1,1,paclitaxel
Data8_sample_10_TACTTGTCAGTATCTG-1,1,paclitaxel
Data8_sample_10_TACTTGTGTAGGCTGA-1,1,paclitaxel
Data8_sample_10_TACTTGTGTCAACTGT-1,1,paclitaxel
Data8_sample_10_TAGACCAAGACAATAC-1,1,paclitaxel
Data8_sample_10_TAGACCAAGCAATATG-1,1,paclitaxel
Data8_sample_10_TAGACCAAGGAGTCTG-1,1,paclitaxel
Data8_sample_10_TAGACCACATTCCTCG-1,1,paclitaxel
Data8_sample_10_TAGACCAGTACCGTAT-1,1,paclitaxel
Data8_sample_10_TAGACCAGTAGGCATG-1,1,paclitaxel
Data8_sample_10_TAGACCAGTTGCTCCT-1,1,paclitaxel
Data8_sample_10_TAGACCATCAACACAC-1,1,paclitaxel
Data8_sample_10_TAGACCATCAGAAATG-1,1,paclitaxel
Data8_sample_10_TAGACCATCGTACGGC-1,1,paclitaxel
Data8_sample_10_TAGACCATCTCGCATC-1,1,paclitaxel
Data8_sample_10_TAGAGCTAGATATGGT-1,1,paclitaxel
Data8_sample_10_TAGAGCTAGTTGTCGT-1,1,paclitaxel
Data8_sample_10_TAGAGCTGTCTTCAAG-1,1,paclitaxel
Data8_sample_10_TAGAGCTTCCCAAGAT-1,1,paclitaxel
Data8_sample_10_TAGAGCTTCTCACATT-1,1,paclitaxel
Data8_sample_10_TAGAGCTTCTTGAGAC-1,1,paclitaxel
Data8_sample_10_TAGCCGGGTATTCTCT-1,1,paclitaxel
Data8_sample_10_TAGCCGGTCGTTTATC-1,1,paclitaxel
Data8_sample_10_TAGGCATAGATGGCGT-1,1,paclitaxel
Data8_sample_10_TAGTGGTAGAGGTACC-1,1,paclitaxel
Data8_sample_10_TAGTGGTCAACACCCG-1,1,paclitaxel
Data8_sample_10_TAGTGGTGTAGGCTGA-1,1,paclitaxel
Data8_sample_10_TAGTGGTGTCGAGTTT-1,1,paclitaxel
Data8_sample_10_TAGTGGTGTCTGCAAT-1,1,paclitaxel
Data8_sample_10_TAGTGGTTCCGGCACA-1,1,paclitaxel
Data8_sample_10_TAGTGGTTCGTCTGCT-1,1,paclitaxel
Data8_sample_10_TAGTTGGCAAAGGTGC-1,1,paclitaxel
Data8_sample_10_TAGTTGGCAAGCGAGT-1,1,paclitaxel
Data8_sample_10_TAGTTGGCAATGTAAG-1,1,paclitaxel
Data8_sample_10_TAGTTGGCACCGATAT-1,1,paclitaxel
Data8_sample_10_TAGTTGGCACTCAGGC-1,1,paclitaxel
Data8_sample_10_TAGTTGGCACTGCCAG-1,1,paclitaxel
Data8_sample_10_TAGTTGGCATGTCTCC-1,1,paclitaxel
Data8_sample_10_TAGTTGGGTACTCGCG-1,1,paclitaxel
Data8_sample_10_TAGTTGGGTGTCAATC-1,1,paclitaxel
Data8_sample_10_TAGTTGGGTTCTGGTA-1,1,paclitaxel
Data8_sample_10_TATCAGGAGTCCAGGA-1,1,paclitaxel
Data8_sample_10_TATCAGGCATGCTGGC-1,1,paclitaxel
Data8_sample_10_TATCAGGGTTGCGTTA-1,1,paclitaxel
Data8_sample_10_TATCAGGTCAGTTGAC-1,1,paclitaxel
Data8_sample_10_TATCAGGTCCTGCTTG-1,1,paclitaxel
Data8_sample_10_TATCAGGTCTACCTGC-1,1,paclitaxel
Data8_sample_10_TATCTCAAGAGTGACC-1,1,paclitaxel
Data8_sample_10_TATCTCACATCCCATC-1,1,paclitaxel
Data8_sample_10_TATCTCAGTGGTCCGT-1,1,paclitaxel
Data8_sample_10_TATCTCATCACAGTAC-1,1,paclitaxel
Data8_sample_10_TATCTCATCGGATGGA-1,1,paclitaxel
Data8_sample_10_TATGCCCAGGATGTAT-1,1,paclitaxel
Data8_sample_10_TATGCCCGTAGGGTAC-1,1,paclitaxel
Data8_sample_10_TATGCCCTCACCCTCA-1,1,paclitaxel
Data8_sample_10_TATGCCCTCATCGCTC-1,1,paclitaxel
Data8_sample_10_TATGCCCTCCCAACGG-1,1,paclitaxel
Data8_sample_10_TATGCCCTCTGGGCCA-1,1,paclitaxel
Data8_sample_10_TATTACCAGAGACGAA-1,1,paclitaxel
Data8_sample_10_TATTACCAGGAATCGC-1,1,paclitaxel
Data8_sample_10_TATTACCAGGACAGCT-1,1,paclitaxel
Data8_sample_10_TATTACCAGTCCCACG-1,1,paclitaxel
Data8_sample_10_TATTACCCAAGAAAGG-1,1,paclitaxel
Data8_sample_10_TATTACCCAGCATACT-1,1,paclitaxel
Data8_sample_10_TATTACCCAGTCACTA-1,1,paclitaxel
Data8_sample_10_TATTACCTCCCAACGG-1,1,paclitaxel
Data8_sample_10_TCAATCTAGAATTGTG-1,1,paclitaxel
Data8_sample_10_TCAATCTAGATCCCGC-1,1,paclitaxel
Data8_sample_10_TCAATCTCAAGGACTG-1,1,paclitaxel
Data8_sample_10_TCAATCTGTACGACCC-1,1,paclitaxel
Data8_sample_10_TCAATCTGTATAATGG-1,1,paclitaxel
Data8_sample_10_TCAATCTTCCCTGACT-1,1,paclitaxel
Data8_sample_10_TCAATCTTCTTACCTA-1,1,paclitaxel
Data8_sample_10_TCACAAGCATCCGGGT-1,1,paclitaxel
Data8_sample_10_TCACAAGGTTCACCTC-1,1,paclitaxel
Data8_sample_10_TCACGAACAAAGGTGC-1,1,paclitaxel
Data8_sample_10_TCACGAACAAGAAGAG-1,1,paclitaxel
Data8_sample_10_TCAGATGAGATATGCA-1,1,paclitaxel
Data8_sample_10_TCAGATGAGATGTAAC-1,1,paclitaxel
Data8_sample_10_TCAGATGAGCTGTTCA-1,1,paclitaxel
Data8_sample_10_TCAGATGAGTGGGCTA-1,1,paclitaxel
Data8_sample_10_TCAGATGTCAAGATCC-1,1,paclitaxel
Data8_sample_10_TCAGCAAAGAAACGAG-1,1,paclitaxel
Data8_sample_10_TCAGCAACAAGGACAC-1,1,paclitaxel
Data8_sample_10_TCAGCAACACTAGTAC-1,1,paclitaxel
Data8_sample_10_TCAGCAACATTCTTAC-1,1,paclitaxel
Data8_sample_10_TCAGCTCAGCAGATCG-1,1,paclitaxel
Data8_sample_10_TCAGCTCAGTAGTGCG-1,1,paclitaxel
Data8_sample_10_TCAGCTCCACGGCCAT-1,1,paclitaxel
Data8_sample_10_TCAGCTCGTCAGCTAT-1,1,paclitaxel
Data8_sample_10_TCAGCTCTCTCCAACC-1,1,paclitaxel
Data8_sample_10_TCAGCTCTCTCGAGTA-1,1,paclitaxel
Data8_sample_10_TCAGCTCTCTTCGAGA-1,1,paclitaxel
Data8_sample_10_TCAGGATAGCACCGTC-1,1,paclitaxel
Data8_sample_10_TCAGGATCACAAGTAA-1,1,paclitaxel
Data8_sample_10_TCAGGATGTCTGGTCG-1,1,paclitaxel
Data8_sample_10_TCAGGATGTGTGCCTG-1,1,paclitaxel
Data8_sample_10_TCAGGATGTTGATTCG-1,1,paclitaxel
Data8_sample_10_TCAGGATTCTTACCTA-1,1,paclitaxel
Data8_sample_10_TCAGGTAAGAGGTAGA-1,1,paclitaxel
Data8_sample_10_TCAGGTAAGGCTCATT-1,1,paclitaxel
Data8_sample_10_TCAGGTACAAAGGCGT-1,1,paclitaxel
Data8_sample_10_TCAGGTACACCGAATT-1,1,paclitaxel
Data8_sample_10_TCAGGTACAGGAATCG-1,1,paclitaxel
Data8_sample_10_TCAGGTAGTCTCTTTA-1,1,paclitaxel
Data8_sample_10_TCAGGTAGTCTGGTCG-1,1,paclitaxel
Data8_sample_10_TCAGGTAGTGAACCTT-1,1,paclitaxel
Data8_sample_10_TCAGGTATCGATCCCT-1,1,paclitaxel
Data8_sample_10_TCAGGTATCTCAACTT-1,1,paclitaxel
Data8_sample_10_TCATTACAGGAGTTTA-1,1,paclitaxel
Data8_sample_10_TCATTACAGGTCATCT-1,1,paclitaxel
Data8_sample_10_TCATTACAGTGACATA-1,1,paclitaxel
Data8_sample_10_TCATTTGAGCTACCGC-1,1,paclitaxel
Data8_sample_10_TCATTTGCAGATGAGC-1,1,paclitaxel
Data8_sample_10_TCATTTGCAGTATCTG-1,1,paclitaxel
Data8_sample_10_TCATTTGGTCTAGTGT-1,1,paclitaxel
Data8_sample_10_TCATTTGTCACTTCAT-1,1,paclitaxel
Data8_sample_10_TCATTTGTCTATCCTA-1,1,paclitaxel
Data8_sample_10_TCCACACGTCCGAACC-1,1,paclitaxel
Data8_sample_10_TCCACACGTCGTTGTA-1,1,paclitaxel
Data8_sample_10_TCCCGATCAGCTATTG-1,1,paclitaxel
Data8_sample_10_TCGAGGCAGGTAGCTG-1,1,paclitaxel
Data8_sample_10_TCGAGGCAGTACGACG-1,1,paclitaxel
Data8_sample_10_TCGAGGCAGTGCTGCC-1,1,paclitaxel
Data8_sample_10_TCGAGGCAGTGTCTCA-1,1,paclitaxel
Data8_sample_10_TCGAGGCCAAACCTAC-1,1,paclitaxel
Data8_sample_10_TCGAGGCGTACAGACG-1,1,paclitaxel
Data8_sample_10_TCGCGAGAGAGTCTGG-1,1,paclitaxel
Data8_sample_10_TCGCGAGAGATGTGGC-1,1,paclitaxel
Data8_sample_10_TCGCGAGAGGACCACA-1,1,paclitaxel
Data8_sample_10_TCGCGAGCAGATTGCT-1,1,paclitaxel
Data8_sample_10_TCGCGAGGTGAGGCTA-1,1,paclitaxel
Data8_sample_10_TCGCGAGTCGTCTGCT-1,1,paclitaxel
Data8_sample_10_TCGCGAGTCTGGAGCC-1,1,paclitaxel
Data8_sample_10_TCGCGTTCATCTGGTA-1,1,paclitaxel
Data8_sample_10_TCGCGTTGTACCGAGA-1,1,paclitaxel
Data8_sample_10_TCGCGTTGTCAGAAGC-1,1,paclitaxel
Data8_sample_10_TCGCGTTTCCGCGCAA-1,1,paclitaxel
Data8_sample_10_TCGCGTTTCTGCTGCT-1,1,paclitaxel
Data8_sample_10_TCGGGACAGCTGAACG-1,1,paclitaxel
Data8_sample_10_TCGGGACTCCTGTAGA-1,1,paclitaxel
Data8_sample_10_TCGGGACTCTGCAAGT-1,1,paclitaxel
Data8_sample_10_TCGGTAAAGATCTGAA-1,1,paclitaxel
Data8_sample_10_TCGGTAAAGCAGCCTC-1,1,paclitaxel
Data8_sample_10_TCGGTAAAGTCATGCT-1,1,paclitaxel
Data8_sample_10_TCGGTAACAACTGCTA-1,1,paclitaxel
Data8_sample_10_TCGGTAACAATTCCTT-1,1,paclitaxel
Data8_sample_10_TCGGTAACACAAGCCC-1,1,paclitaxel
Data8_sample_10_TCGGTAATCTATCGCC-1,1,paclitaxel
Data8_sample_10_TCGTACCAGCGTCAAG-1,1,paclitaxel
Data8_sample_10_TCGTACCAGTACGATA-1,1,paclitaxel
Data8_sample_10_TCGTACCCACAGAGGT-1,1,paclitaxel
Data8_sample_10_TCGTACCCATTGGTAC-1,1,paclitaxel
Data8_sample_10_TCGTACCGTGGTAACG-1,1,paclitaxel
Data8_sample_10_TCGTAGAAGGCTACGA-1,1,paclitaxel
Data8_sample_10_TCGTAGATCACGCGGT-1,1,paclitaxel
Data8_sample_10_TCTATTGGTCTCCCTA-1,1,paclitaxel
Data8_sample_10_TCTCATACATATGGTC-1,1,paclitaxel
Data8_sample_10_TCTCATAGTAGCTTGT-1,1,paclitaxel
Data8_sample_10_TCTCATAGTATCTGCA-1,1,paclitaxel
Data8_sample_10_TCTCTAAAGAGAGCTC-1,1,paclitaxel
Data8_sample_10_TCTCTAAAGCCACCTG-1,1,paclitaxel
Data8_sample_10_TCTCTAACACTCAGGC-1,1,paclitaxel
Data8_sample_10_TCTCTAACATAAGACA-1,1,paclitaxel
Data8_sample_10_TCTCTAAGTGCGATAG-1,1,paclitaxel
Data8_sample_10_TCTCTAATCGCCCTTA-1,1,paclitaxel
Data8_sample_10_TCTGAGAAGAAACCGC-1,1,paclitaxel
Data8_sample_10_TCTGAGACAATCTACG-1,1,paclitaxel
Data8_sample_10_TCTGAGACACGACGAA-1,1,paclitaxel
Data8_sample_10_TCTGAGAGTGCCTGTG-1,1,paclitaxel
Data8_sample_10_TCTGGAAAGCTGGAAC-1,1,paclitaxel
Data8_sample_10_TCTGGAAAGTCAATAG-1,1,paclitaxel
Data8_sample_10_TCTGGAAAGTCCATAC-1,1,paclitaxel
Data8_sample_10_TCTGGAACACGCCAGT-1,1,paclitaxel
Data8_sample_10_TCTGGAATCAAACAAG-1,1,paclitaxel
Data8_sample_10_TCTGGAATCGCAAACT-1,1,paclitaxel
Data8_sample_10_TCTTCGGAGAATGTTG-1,1,paclitaxel
Data8_sample_10_TCTTCGGAGGAGTCTG-1,1,paclitaxel
Data8_sample_10_TCTTCGGAGTAACCCT-1,1,paclitaxel
Data8_sample_10_TCTTCGGCAGATAATG-1,1,paclitaxel
Data8_sample_10_TCTTCGGTCTATCCTA-1,1,paclitaxel
Data8_sample_10_TCTTTCCCACAGGAGT-1,1,paclitaxel
Data8_sample_10_TCTTTCCCATGGGAAC-1,1,paclitaxel
Data8_sample_10_TCTTTCCGTACCCAAT-1,1,paclitaxel
Data8_sample_10_TGAAAGAAGCGATGAC-1,1,paclitaxel
Data8_sample_10_TGAAAGAAGTTGCAGG-1,1,paclitaxel
Data8_sample_10_TGAAAGAGTCTCATCC-1,1,paclitaxel
Data8_sample_10_TGAAAGATCGGCGCTA-1,1,paclitaxel
Data8_sample_10_TGAAAGATCTGCGTAA-1,1,paclitaxel
Data8_sample_10_TGACAACGTGCTAGCC-1,1,paclitaxel
Data8_sample_10_TGACAACTCGTGGTCG-1,1,paclitaxel
Data8_sample_10_TGACGGCCACACCGAC-1,1,paclitaxel
Data8_sample_10_TGACGGCGTATATGGA-1,1,paclitaxel
Data8_sample_10_TGACTAGAGGTGCTAG-1,1,paclitaxel
Data8_sample_10_TGACTAGCAGGATTGG-1,1,paclitaxel
Data8_sample_10_TGACTAGCAGGTCGTC-1,1,paclitaxel
Data8_sample_10_TGACTAGGTGGTGTAG-1,1,paclitaxel
Data8_sample_10_TGACTAGGTTTACTCT-1,1,paclitaxel
Data8_sample_10_TGACTAGTCACTGGGC-1,1,paclitaxel
Data8_sample_10_TGACTTTAGTGTCTCA-1,1,paclitaxel
Data8_sample_10_TGACTTTCAACCGCCA-1,1,paclitaxel
Data8_sample_10_TGACTTTGTCGACTAT-1,1,paclitaxel
Data8_sample_10_TGACTTTGTGGCAAAC-1,1,paclitaxel
Data8_sample_10_TGAGAGGAGAGTCTGG-1,1,paclitaxel
Data8_sample_10_TGAGAGGAGATATACG-1,1,paclitaxel
Data8_sample_10_TGAGCATAGTACGCCC-1,1,paclitaxel
Data8_sample_10_TGAGCATCAGACGCAA-1,1,paclitaxel
Data8_sample_10_TGAGCATCATCCGGGT-1,1,paclitaxel
Data8_sample_10_TGAGCATTCTACCTGC-1,1,paclitaxel
Data8_sample_10_TGAGCCGAGCCTATGT-1,1,paclitaxel
Data8_sample_10_TGAGCCGCAGTCGATT-1,1,paclitaxel
Data8_sample_10_TGAGCCGTCAGTGCAT-1,1,paclitaxel
Data8_sample_10_TGAGCCGTCCCGGATG-1,1,paclitaxel
Data8_sample_10_TGAGCCGTCCTGCAGG-1,1,paclitaxel
Data8_sample_10_TGAGGGAAGAGTGAGA-1,1,paclitaxel
Data8_sample_10_TGAGGGACAAACGTGG-1,1,paclitaxel
Data8_sample_10_TGAGGGATCCCACTTG-1,1,paclitaxel
Data8_sample_10_TGATTTCAGGACATTA-1,1,paclitaxel
Data8_sample_10_TGATTTCAGTGTGGCA-1,1,paclitaxel
Data8_sample_10_TGATTTCCAATGGTCT-1,1,paclitaxel
Data8_sample_10_TGATTTCCAGCCTTGG-1,1,paclitaxel
Data8_sample_10_TGATTTCGTCCTCTTG-1,1,paclitaxel
Data8_sample_10_TGATTTCGTTCCTCCA-1,1,paclitaxel
Data8_sample_10_TGATTTCTCGGTTCGG-1,1,paclitaxel
Data8_sample_10_TGCACCTAGAATTCCC-1,1,paclitaxel
Data8_sample_10_TGCACCTGTGGGTCAA-1,1,paclitaxel
Data8_sample_10_TGCACCTTCAACACGT-1,1,paclitaxel
Data8_sample_10_TGCACCTTCGCGTAGC-1,1,paclitaxel
Data8_sample_10_TGCCAAAAGCTTCGCG-1,1,paclitaxel
Data8_sample_10_TGCCAAAAGTGGAGAA-1,1,paclitaxel
Data8_sample_10_TGCCAAAGTATCGCAT-1,1,paclitaxel
Data8_sample_10_TGCCAAAGTGACAAAT-1,1,paclitaxel
Data8_sample_10_TGCCAAATCCGCAAGC-1,1,paclitaxel
Data8_sample_10_TGCCAAATCGTCTGCT-1,1,paclitaxel
Data8_sample_10_TGCCAAATCTCTTATG-1,1,paclitaxel
Data8_sample_10_TGCCAAATCTTCATGT-1,1,paclitaxel
Data8_sample_10_TGCCCATAGAGTCGGT-1,1,paclitaxel
Data8_sample_10_TGCCCATAGTGGTAGC-1,1,paclitaxel
Data8_sample_10_TGCCCATCAATAGCGG-1,1,paclitaxel
Data8_sample_10_TGCCCATCATGACATC-1,1,paclitaxel
Data8_sample_10_TGCCCATGTCGTCTTC-1,1,paclitaxel
Data8_sample_10_TGCCCATTCAACGGGA-1,1,paclitaxel
Data8_sample_10_TGCCCATTCACCCTCA-1,1,paclitaxel
Data8_sample_10_TGCCCTAAGCCTATGT-1,1,paclitaxel
Data8_sample_10_TGCCCTAAGCGAGAAA-1,1,paclitaxel
Data8_sample_10_TGCCCTAAGGTGATTA-1,1,paclitaxel
Data8_sample_10_TGCCCTACAGACGCAA-1,1,paclitaxel
Data8_sample_10_TGCCCTACATGCCTTC-1,1,paclitaxel
Data8_sample_10_TGCCCTACATTATCTC-1,1,paclitaxel
Data8_sample_10_TGCCCTATCTATCCTA-1,1,paclitaxel
Data8_sample_10_TGCCCTATCTGCCCTA-1,1,paclitaxel
Data8_sample_10_TGCGCAGTCGAGAGCA-1,1,paclitaxel
Data8_sample_10_TGCGGGTCAGAAGCAC-1,1,paclitaxel
Data8_sample_10_TGCGGGTGTATATCCG-1,1,paclitaxel
Data8_sample_10_TGCGTGGAGCTATGCT-1,1,paclitaxel
Data8_sample_10_TGCGTGGAGGAATCGC-1,1,paclitaxel
Data8_sample_10_TGCGTGGAGGCAGGTT-1,1,paclitaxel
Data8_sample_10_TGCGTGGGTGTTGAGG-1,1,paclitaxel
Data8_sample_10_TGCTACCCAGACAGGT-1,1,paclitaxel
Data8_sample_10_TGCTGCTCAAGTCTGT-1,1,paclitaxel
Data8_sample_10_TGCTGCTCATTGGGCC-1,1,paclitaxel
Data8_sample_10_TGCTGCTTCTCAAACG-1,1,paclitaxel
Data8_sample_10_TGGACGCCAATAAGCA-1,1,paclitaxel
Data8_sample_10_TGGACGCCAATGGATA-1,1,paclitaxel
Data8_sample_10_TGGACGCGTCGAGATG-1,1,paclitaxel
Data8_sample_10_TGGACGCTCTAAGCCA-1,1,paclitaxel
Data8_sample_10_TGGCCAGAGGAGTTGC-1,1,paclitaxel
Data8_sample_10_TGGCCAGCACCACCAG-1,1,paclitaxel
Data8_sample_10_TGGCCAGCACTTAAGC-1,1,paclitaxel
Data8_sample_10_TGGCGCACAGGTTTCA-1,1,paclitaxel
Data8_sample_10_TGGCGCAGTAGGCATG-1,1,paclitaxel
Data8_sample_10_TGGCTGGAGCTACCGC-1,1,paclitaxel
Data8_sample_10_TGGCTGGCAATCGAAA-1,1,paclitaxel
Data8_sample_10_TGGCTGGCAGATTGCT-1,1,paclitaxel
Data8_sample_10_TGGCTGGTCTGGTATG-1,1,paclitaxel
Data8_sample_10_TGGGAAGCATAAGACA-1,1,paclitaxel
Data8_sample_10_TGGGAAGTCACTTATC-1,1,paclitaxel
Data8_sample_10_TGGGAAGTCAGCATGT-1,1,paclitaxel
Data8_sample_10_TGGGCGTCATTTCAGG-1,1,paclitaxel
Data8_sample_10_TGGGCGTGTAACGCGA-1,1,paclitaxel
Data8_sample_10_TGGTTAGAGCTGTCTA-1,1,paclitaxel
Data8_sample_10_TGGTTAGAGGGAACGG-1,1,paclitaxel
Data8_sample_10_TGGTTAGGTGTTTGTG-1,1,paclitaxel
Data8_sample_10_TGGTTCCAGCGGCTTC-1,1,paclitaxel
Data8_sample_10_TGGTTCCAGCTACCGC-1,1,paclitaxel
Data8_sample_10_TGGTTCCAGGCGTACA-1,1,paclitaxel
Data8_sample_10_TGGTTCCGTACTCTCC-1,1,paclitaxel
Data8_sample_10_TGGTTCCGTGAGGCTA-1,1,paclitaxel
Data8_sample_10_TGGTTCCGTGCTTCTC-1,1,paclitaxel
Data8_sample_10_TGTATTCAGATCCCAT-1,1,paclitaxel
Data8_sample_10_TGTATTCAGTGGAGAA-1,1,paclitaxel
Data8_sample_10_TGTATTCCAGATAATG-1,1,paclitaxel
Data8_sample_10_TGTATTCGTAGGGTAC-1,1,paclitaxel
Data8_sample_10_TGTATTCGTCAGAATA-1,1,paclitaxel
Data8_sample_10_TGTATTCTCTGATTCT-1,1,paclitaxel
Data8_sample_10_TGTCCCAAGACTACAA-1,1,paclitaxel
Data8_sample_10_TGTCCCAAGATAGGAG-1,1,paclitaxel
Data8_sample_10_TGTCCCAAGCTCCTTC-1,1,paclitaxel
Data8_sample_10_TGTCCCAAGTTGAGAT-1,1,paclitaxel
Data8_sample_10_TGTCCCACAGCATACT-1,1,paclitaxel
Data8_sample_10_TGTCCCACAGGAATCG-1,1,paclitaxel
Data8_sample_10_TGTCCCATCGTGACAT-1,1,paclitaxel
Data8_sample_10_TGTGGTAAGCGAAGGG-1,1,paclitaxel
Data8_sample_10_TGTGGTAAGTTAGGTA-1,1,paclitaxel
Data8_sample_10_TGTGGTACACTCGACG-1,1,paclitaxel
Data8_sample_10_TGTGGTATCAAACGGG-1,1,paclitaxel
Data8_sample_10_TGTGGTATCCCAACGG-1,1,paclitaxel
Data8_sample_10_TGTGTTTAGAAACGAG-1,1,paclitaxel
Data8_sample_10_TGTGTTTCACAGGCCT-1,1,paclitaxel
Data8_sample_10_TGTGTTTCACCAGGCT-1,1,paclitaxel
Data8_sample_10_TGTTCCGGTAGCGTCC-1,1,paclitaxel
Data8_sample_10_TGTTCCGGTGCAGTAG-1,1,paclitaxel
Data8_sample_10_TGTTCCGGTGTAAGTA-1,1,paclitaxel
Data8_sample_10_TGTTCCGTCACCTTAT-1,1,paclitaxel
Data8_sample_10_TGTTCCGTCTGGTGTA-1,1,paclitaxel
Data8_sample_10_TTAACTCAGAAACGCC-1,1,paclitaxel
Data8_sample_10_TTAACTCAGTTGTAGA-1,1,paclitaxel
Data8_sample_10_TTAACTCCAATGGATA-1,1,paclitaxel
Data8_sample_10_TTAACTCCACACTGCG-1,1,paclitaxel
Data8_sample_10_TTAACTCGTCTCGTTC-1,1,paclitaxel
Data8_sample_10_TTAACTCGTTTAGCTG-1,1,paclitaxel
Data8_sample_10_TTAGGACCAAGCGAGT-1,1,paclitaxel
Data8_sample_10_TTAGGACGTCTGCAAT-1,1,paclitaxel
Data8_sample_10_TTAGGACTCAGTGTTG-1,1,paclitaxel
Data8_sample_10_TTAGGCAAGCGCTTAT-1,1,paclitaxel
Data8_sample_10_TTAGGCATCGTGGTCG-1,1,paclitaxel
Data8_sample_10_TTAGGCATCTTGCCGT-1,1,paclitaxel
Data8_sample_10_TTAGGCATCTTTAGGG-1,1,paclitaxel
Data8_sample_10_TTAGTTCAGTTAAGTG-1,1,paclitaxel
Data8_sample_10_TTAGTTCCATTAGCCA-1,1,paclitaxel
Data8_sample_10_TTAGTTCGTTACGACT-1,1,paclitaxel
Data8_sample_10_TTATGCTAGATGAGAG-1,1,paclitaxel
Data8_sample_10_TTATGCTAGGGATCTG-1,1,paclitaxel
Data8_sample_10_TTATGCTCATATACGC-1,1,paclitaxel
Data8_sample_10_TTATGCTGTAGCCTCG-1,1,paclitaxel
Data8_sample_10_TTATGCTGTCAAACTC-1,1,paclitaxel
Data8_sample_10_TTATGCTGTCAACTGT-1,1,paclitaxel
Data8_sample_10_TTATGCTGTGAGGCTA-1,1,paclitaxel
Data8_sample_10_TTATGCTTCTACTCAT-1,1,paclitaxel
Data8_sample_10_TTCCCAGGTAGCTAAA-1,1,paclitaxel
Data8_sample_10_TTCCCAGGTTATGCGT-1,1,paclitaxel
Data8_sample_10_TTCCCAGTCGTTGCCT-1,1,paclitaxel
Data8_sample_10_TTCCCAGTCTCGGACG-1,1,paclitaxel
Data8_sample_10_TTCCCAGTCTTGCATT-1,1,paclitaxel
Data8_sample_10_TTCGAAGAGAAACCTA-1,1,paclitaxel
Data8_sample_10_TTCGAAGAGCCGATTT-1,1,paclitaxel
Data8_sample_10_TTCGAAGCAAAGCAAT-1,1,paclitaxel
Data8_sample_10_TTCGAAGGTACATGTC-1,1,paclitaxel
Data8_sample_10_TTCGGTCGTACTCAAC-1,1,paclitaxel
Data8_sample_10_TTCGGTCGTAGCACGA-1,1,paclitaxel
Data8_sample_10_TTCGGTCTCTACTATC-1,1,paclitaxel
Data8_sample_10_TTCTACATCCAAACAC-1,1,paclitaxel
Data8_sample_10_TTCTACATCGCCTGAG-1,1,paclitaxel
Data8_sample_10_TTCTCAAAGTGTACCT-1,1,paclitaxel
Data8_sample_10_TTCTCAACAGGTTTCA-1,1,paclitaxel
Data8_sample_10_TTCTCAAGTAAGAGAG-1,1,paclitaxel
Data8_sample_10_TTCTCAAGTTATGTGC-1,1,paclitaxel
Data8_sample_10_TTCTCAATCAGAGACG-1,1,paclitaxel
Data8_sample_10_TTCTCAATCGAATGCT-1,1,paclitaxel
Data8_sample_10_TTCTCAATCTACTCAT-1,1,paclitaxel
Data8_sample_10_TTCTCCTAGAGACTTA-1,1,paclitaxel
Data8_sample_10_TTCTCCTAGCTTCGCG-1,1,paclitaxel
Data8_sample_10_TTCTCCTAGGAATGGA-1,1,paclitaxel
Data8_sample_10_TTCTCCTCAGCTCCGA-1,1,paclitaxel
Data8_sample_10_TTCTCCTGTAAGGGCT-1,1,paclitaxel
Data8_sample_10_TTCTCCTTCGCGATCG-1,1,paclitaxel
Data8_sample_10_TTCTCCTTCTCGCATC-1,1,paclitaxel
Data8_sample_10_TTCTTAGCAACGATCT-1,1,paclitaxel
Data8_sample_10_TTCTTAGTCCGTCATC-1,1,paclitaxel
Data8_sample_10_TTGAACGAGAAACCTA-1,1,paclitaxel
Data8_sample_10_TTGAACGAGGCAATTA-1,1,paclitaxel
Data8_sample_10_TTGAACGCAGCTGCTG-1,1,paclitaxel
Data8_sample_10_TTGAACGTCCGGGTGT-1,1,paclitaxel
Data8_sample_10_TTGCCGTAGCTTATCG-1,1,paclitaxel
Data8_sample_10_TTGCCGTCACGGACAA-1,1,paclitaxel
Data8_sample_10_TTGCGTCAGCGTAATA-1,1,paclitaxel
Data8_sample_10_TTGCGTCCACGAAGCA-1,1,paclitaxel
Data8_sample_10_TTGCGTCCACGGCCAT-1,1,paclitaxel
Data8_sample_10_TTGCGTCCAGGCTGAA-1,1,paclitaxel
Data8_sample_10_TTGCGTCGTATTCTCT-1,1,paclitaxel
Data8_sample_10_TTGCGTCTCTTGTATC-1,1,paclitaxel
Data8_sample_10_TTGGAACCACGGTGTC-1,1,paclitaxel
Data8_sample_10_TTGGAACTCCATGCTC-1,1,paclitaxel
Data8_sample_10_TTGGAACTCTGAGGGA-1,1,paclitaxel
Data8_sample_10_TTGGCAAAGTCTTGCA-1,1,paclitaxel
Data8_sample_10_TTGGCAAGTGTTCTTT-1,1,paclitaxel
Data8_sample_10_TTGTAGGAGAGCTGCA-1,1,paclitaxel
Data8_sample_10_TTGTAGGAGAGTCGGT-1,1,paclitaxel
Data8_sample_10_TTGTAGGAGTTGTAGA-1,1,paclitaxel
Data8_sample_10_TTGTAGGGTACAGACG-1,1,paclitaxel
Data8_sample_10_TTGTAGGTCGCATGGC-1,1,paclitaxel
Data8_sample_10_TTTACTGCAAGGTTCT-1,1,paclitaxel
Data8_sample_10_TTTACTGGTACCAGTT-1,1,paclitaxel
Data8_sample_10_TTTACTGGTCTTGCGG-1,1,paclitaxel
Data8_sample_10_TTTACTGTCACAACGT-1,1,paclitaxel
Data8_sample_10_TTTACTGTCACGAAGG-1,1,paclitaxel
Data8_sample_10_TTTATGCAGCTAGTGG-1,1,paclitaxel
Data8_sample_10_TTTATGCCAATCACAC-1,1,paclitaxel
Data8_sample_10_TTTATGCGTTGGTTTG-1,1,paclitaxel
Data8_sample_10_TTTCCTCAGTGCTGCC-1,1,paclitaxel
Data8_sample_10_TTTCCTCGTCCTCCAT-1,1,paclitaxel
Data8_sample_10_TTTCCTCGTCTGCCAG-1,1,paclitaxel
Data8_sample_10_TTTCCTCGTTGAGTTC-1,1,paclitaxel
Data8_sample_10_TTTGCGCAGAAGAAGC-1,1,paclitaxel
Data8_sample_10_TTTGCGCCATGGAATA-1,1,paclitaxel
Data8_sample_10_TTTGCGCTCCAAGCCG-1,1,paclitaxel
Data8_sample_10_TTTGCGCTCTCGATGA-1,1,paclitaxel
Data8_sample_10_TTTGGTTAGACTTTCG-1,1,paclitaxel
Data8_sample_10_TTTGGTTAGCGATATA-1,1,paclitaxel
Data8_sample_10_TTTGGTTTCCTCGCAT-1,1,paclitaxel
Data8_sample_10_TTTGTCACAAGGACAC-1,1,paclitaxel
Data8_sample_10_TTTGTCACACCTCGTT-1,1,paclitaxel
Data8_sample_30_AAACCCAAGTTACGGG-1,0,paclitaxel
Data8_sample_30_AAACCCACAACAAAGT-1,0,paclitaxel
Data8_sample_30_AAACCCACAATGACCT-1,0,paclitaxel
Data8_sample_30_AAACCCACAGAGGAAA-1,0,paclitaxel
Data8_sample_30_AAACCCACATAGTCAC-1,0,paclitaxel
Data8_sample_30_AAACCCAGTCACCGCA-1,0,paclitaxel
Data8_sample_30_AAACCCAGTGTCGATT-1,0,paclitaxel
Data8_sample_30_AAACCCAGTTGGTACT-1,0,paclitaxel
Data8_sample_30_AAACCCAGTTTGGGTT-1,0,paclitaxel
Data8_sample_30_AAACCCATCCTCGCAT-1,0,paclitaxel
Data8_sample_30_AAACGAAAGAACAAGG-1,0,paclitaxel
Data8_sample_30_AAACGAAAGGAATCGC-1,0,paclitaxel
Data8_sample_30_AAACGAACAAATGCGG-1,0,paclitaxel
Data8_sample_30_AAACGAAGTACTGGGA-1,0,paclitaxel
Data8_sample_30_AAACGAATCCCATAAG-1,0,paclitaxel
Data8_sample_30_AAACGCTAGAAGCGCT-1,0,paclitaxel
Data8_sample_30_AAACGCTCAGAATGTA-1,0,paclitaxel
Data8_sample_30_AAACGCTGTACGTACT-1,0,paclitaxel
Data8_sample_30_AAACGCTGTCAAATCC-1,0,paclitaxel
Data8_sample_30_AAACGCTTCGCAGTCG-1,0,paclitaxel
Data8_sample_30_AAAGAACAGGCTCCCA-1,0,paclitaxel
Data8_sample_30_AAAGAACAGTGGTTGG-1,0,paclitaxel
Data8_sample_30_AAAGAACCAACGATTC-1,0,paclitaxel
Data8_sample_30_AAAGAACCAGGATTCT-1,0,paclitaxel
Data8_sample_30_AAAGAACCATGGCACC-1,0,paclitaxel
Data8_sample_30_AAAGAACGTACTCCCT-1,0,paclitaxel
Data8_sample_30_AAAGAACGTCTTCATT-1,0,paclitaxel
Data8_sample_30_AAAGAACGTTTCGTTT-1,0,paclitaxel
Data8_sample_30_AAAGAACTCCATCACC-1,0,paclitaxel
Data8_sample_30_AAAGAACTCCCGATCT-1,0,paclitaxel
Data8_sample_30_AAAGAACTCTCCAAGA-1,0,paclitaxel
Data8_sample_30_AAAGGATAGCTGTACT-1,0,paclitaxel
Data8_sample_30_AAAGGATAGGACTATA-1,0,paclitaxel
Data8_sample_30_AAAGGATCAAGTGGTG-1,0,paclitaxel
Data8_sample_30_AAAGGATCATGACACT-1,0,paclitaxel
Data8_sample_30_AAAGGATTCAACGTGT-1,0,paclitaxel
Data8_sample_30_AAAGGGCAGCAGCCCT-1,0,paclitaxel
Data8_sample_30_AAAGGGCCACGCTGAC-1,0,paclitaxel
Data8_sample_30_AAAGGGCCACTACACA-1,0,paclitaxel
Data8_sample_30_AAAGGGCCATTCTTCA-1,0,paclitaxel
Data8_sample_30_AAAGGGCGTACGGCAA-1,0,paclitaxel
Data8_sample_30_AAAGGTAAGCTAAATG-1,0,paclitaxel
Data8_sample_30_AAAGGTAAGTTGGAGC-1,0,paclitaxel
Data8_sample_30_AAAGGTACACTTGACA-1,0,paclitaxel
Data8_sample_30_AAAGGTACAGCAGTTT-1,0,paclitaxel
Data8_sample_30_AAAGGTACAGGCACTC-1,0,paclitaxel
Data8_sample_30_AAAGGTACATTCTTCA-1,0,paclitaxel
Data8_sample_30_AAAGGTATCTGCATAG-1,0,paclitaxel
Data8_sample_30_AAAGTCCGTGCTTCAA-1,0,paclitaxel
Data8_sample_30_AAAGTGAGTCAGTCGC-1,0,paclitaxel
Data8_sample_30_AAAGTGAGTCTGTCCT-1,0,paclitaxel
Data8_sample_30_AAAGTGAGTGGTCAAG-1,0,paclitaxel
Data8_sample_30_AAATGGAAGTATGGAT-1,0,paclitaxel
Data8_sample_30_AAATGGACATGTGACT-1,0,paclitaxel
Data8_sample_30_AAATGGAGTGGTCTTA-1,0,paclitaxel
Data8_sample_30_AAATGGATCGATTCCC-1,0,paclitaxel
Data8_sample_30_AACAAAGAGACCTCCG-1,0,paclitaxel
Data8_sample_30_AACAAAGCAATGTTGC-1,0,paclitaxel
Data8_sample_30_AACAAAGCATGACTAC-1,0,paclitaxel
Data8_sample_30_AACAAAGGTGGTCTCG-1,0,paclitaxel
Data8_sample_30_AACAACCAGTACAACA-1,0,paclitaxel
Data8_sample_30_AACAACCAGTTGCTCA-1,0,paclitaxel
Data8_sample_30_AACAACCGTGTCTTGA-1,0,paclitaxel
Data8_sample_30_AACAACCGTTGCTCGG-1,0,paclitaxel
Data8_sample_30_AACAACCTCCCGGTAG-1,0,paclitaxel
Data8_sample_30_AACAAGAAGCGTTACT-1,0,paclitaxel
Data8_sample_30_AACAAGACATCCAATG-1,0,paclitaxel
Data8_sample_30_AACAAGATCGCTAGCG-1,0,paclitaxel
Data8_sample_30_AACAAGATCTGCAGCG-1,0,paclitaxel
Data8_sample_30_AACACACAGCGTGCTC-1,0,paclitaxel
Data8_sample_30_AACACACCAAATACAG-1,0,paclitaxel
Data8_sample_30_AACACACCATTCACAG-1,0,paclitaxel
Data8_sample_30_AACACACTCAGGTGTT-1,0,paclitaxel
Data8_sample_30_AACACACTCTGAGTCA-1,0,paclitaxel
Data8_sample_30_AACAGGGCACACCGAC-1,0,paclitaxel
Data8_sample_30_AACAGGGCAGGGTTGA-1,0,paclitaxel
Data8_sample_30_AACAGGGTCACCTACC-1,0,paclitaxel
Data8_sample_30_AACAGGGTCTCACGAA-1,0,paclitaxel
Data8_sample_30_AACCAACAGAGCGACT-1,0,paclitaxel
Data8_sample_30_AACCAACAGTCATGAA-1,0,paclitaxel
Data8_sample_30_AACCAACCACAATGTC-1,0,paclitaxel
Data8_sample_30_AACCAACCAGAATGTA-1,0,paclitaxel
Data8_sample_30_AACCAACCAGGCATTT-1,0,paclitaxel
Data8_sample_30_AACCAACTCACTCTTA-1,0,paclitaxel
Data8_sample_30_AACCACAAGCATGTTC-1,0,paclitaxel
Data8_sample_30_AACCACAAGTGATTCC-1,0,paclitaxel
Data8_sample_30_AACCACACACTAGAGG-1,0,paclitaxel
Data8_sample_30_AACCACACATAACGGG-1,0,paclitaxel
Data8_sample_30_AACCACAGTCGTTGCG-1,0,paclitaxel
Data8_sample_30_AACCACAGTGTCCACG-1,0,paclitaxel
Data8_sample_30_AACCACATCAGCAATC-1,0,paclitaxel
Data8_sample_30_AACCACATCGGTGTTA-1,0,paclitaxel
Data8_sample_30_AACCACATCGTAGAGG-1,0,paclitaxel
Data8_sample_30_AACCACATCTCGCGTT-1,0,paclitaxel
Data8_sample_30_AACCATGGTTTCAGAC-1,0,paclitaxel
Data8_sample_30_AACCCAACACACGTGC-1,0,paclitaxel
Data8_sample_30_AACCCAACAGGGCTTC-1,0,paclitaxel
Data8_sample_30_AACCCAAGTCCACAGC-1,0,paclitaxel
Data8_sample_30_AACCCAATCACCTCAC-1,0,paclitaxel
Data8_sample_30_AACCCAATCCAAGAGG-1,0,paclitaxel
Data8_sample_30_AACCCAATCTGCTCTG-1,0,paclitaxel
Data8_sample_30_AACCTGACAACCTATG-1,0,paclitaxel
Data8_sample_30_AACCTGACAGCACAAG-1,0,paclitaxel
Data8_sample_30_AACCTGACATGGGTTT-1,0,paclitaxel
Data8_sample_30_AACCTGAGTCGTCATA-1,0,paclitaxel
Data8_sample_30_AACCTGATCAATCAGC-1,0,paclitaxel
Data8_sample_30_AACCTTTAGACAAGCC-1,0,paclitaxel
Data8_sample_30_AACCTTTAGCACTCTA-1,0,paclitaxel
Data8_sample_30_AACCTTTAGTTTGCTG-1,0,paclitaxel
Data8_sample_30_AACCTTTCAATGAAAC-1,0,paclitaxel
Data8_sample_30_AACCTTTGTATCACGT-1,0,paclitaxel
Data8_sample_30_AACCTTTGTATGCTTG-1,0,paclitaxel
Data8_sample_30_AACCTTTGTGTTAACC-1,0,paclitaxel
Data8_sample_30_AACCTTTGTTGGGTAG-1,0,paclitaxel
Data8_sample_30_AACCTTTTCTATGCCC-1,0,paclitaxel
Data8_sample_30_AACGAAAAGAATAACC-1,0,paclitaxel
Data8_sample_30_AACGAAACAATCCTAG-1,0,paclitaxel
Data8_sample_30_AACGAAACACGATAGG-1,0,paclitaxel
Data8_sample_30_AACGAAACATAGCACT-1,0,paclitaxel
Data8_sample_30_AACGAAACATTCTCCG-1,0,paclitaxel
Data8_sample_30_AACGAAAGTGAGCTCC-1,0,paclitaxel
Data8_sample_30_AACGAAATCCACTGAA-1,0,paclitaxel
Data8_sample_30_AACGGGACACCAATTG-1,0,paclitaxel
Data8_sample_30_AACGGGACAGGGAATC-1,0,paclitaxel
Data8_sample_30_AACGGGACAGTTAGGG-1,0,paclitaxel
Data8_sample_30_AACGGGAGTATAGGGC-1,0,paclitaxel
Data8_sample_30_AACGGGATCCAATCCC-1,0,paclitaxel
Data8_sample_30_AACGGGATCCGTGGCA-1,0,paclitaxel
Data8_sample_30_AACGTCAAGAGATCGC-1,0,paclitaxel
Data8_sample_30_AACGTCACAAACAGGC-1,0,paclitaxel
Data8_sample_30_AACGTCAGTACCGGAA-1,0,paclitaxel
Data8_sample_30_AACGTCAGTATGGAAT-1,0,paclitaxel
Data8_sample_30_AACTTCTCACCAGTTA-1,0,paclitaxel
Data8_sample_30_AACTTCTGTTAGGGTG-1,0,paclitaxel
Data8_sample_30_AACTTCTTCGTACACA-1,0,paclitaxel
Data8_sample_30_AACTTCTTCTTACCAT-1,0,paclitaxel
Data8_sample_30_AAGAACACAGCAATTC-1,0,paclitaxel
Data8_sample_30_AAGAACAGTAGCACAG-1,0,paclitaxel
Data8_sample_30_AAGAACAGTCCGATCG-1,0,paclitaxel
Data8_sample_30_AAGAACAGTCTTCTAT-1,0,paclitaxel
Data8_sample_30_AAGAACAGTGAGCCAA-1,0,paclitaxel
Data8_sample_30_AAGACAAGTGCAGATG-1,0,paclitaxel
Data8_sample_30_AAGACAATCCGTGACG-1,0,paclitaxel
Data8_sample_30_AAGACTCCATACAGGG-1,0,paclitaxel
Data8_sample_30_AAGACTCGTACTCCCT-1,0,paclitaxel
Data8_sample_30_AAGATAGAGCCAAGTG-1,0,paclitaxel
Data8_sample_30_AAGATAGAGGGCTGAT-1,0,paclitaxel
Data8_sample_30_AAGATAGAGGTTTACC-1,0,paclitaxel
Data8_sample_30_AAGATAGCACCCTTAC-1,0,paclitaxel
Data8_sample_30_AAGATAGTCAAACGTC-1,0,paclitaxel
Data8_sample_30_AAGATAGTCCTGATAG-1,0,paclitaxel
Data8_sample_30_AAGCATCCAAACTCGT-1,0,paclitaxel
Data8_sample_30_AAGCATCCAATTGGTC-1,0,paclitaxel
Data8_sample_30_AAGCATCGTCGTACAT-1,0,paclitaxel
Data8_sample_30_AAGCATCGTGGGTATG-1,0,paclitaxel
Data8_sample_30_AAGCATCTCCTATGGA-1,0,paclitaxel
Data8_sample_30_AAGCATCTCCTTACCG-1,0,paclitaxel
Data8_sample_30_AAGCCATAGGTGCCAA-1,0,paclitaxel
Data8_sample_30_AAGCCATAGTAAGGGA-1,0,paclitaxel
Data8_sample_30_AAGCCATCAGAATCGG-1,0,paclitaxel
Data8_sample_30_AAGCCATCAGTTGGTT-1,0,paclitaxel
Data8_sample_30_AAGCCATCAGTTTGGT-1,0,paclitaxel
Data8_sample_30_AAGCCATGTAGATCGG-1,0,paclitaxel
Data8_sample_30_AAGCCATGTCTTGTCC-1,0,paclitaxel
Data8_sample_30_AAGCCATTCAGATTGC-1,0,paclitaxel
Data8_sample_30_AAGCCATTCTCAGGCG-1,0,paclitaxel
Data8_sample_30_AAGCGAGAGTAAACTG-1,0,paclitaxel
Data8_sample_30_AAGCGAGCAATACCTG-1,0,paclitaxel
Data8_sample_30_AAGCGAGCAATAGTAG-1,0,paclitaxel
Data8_sample_30_AAGCGAGGTTACCTTT-1,0,paclitaxel
Data8_sample_30_AAGCGAGGTTGTGCAT-1,0,paclitaxel
Data8_sample_30_AAGCGAGTCGCCAGTG-1,0,paclitaxel
Data8_sample_30_AAGCGAGTCGGTGAAG-1,0,paclitaxel
Data8_sample_30_AAGCGTTAGACGCAGT-1,0,paclitaxel
Data8_sample_30_AAGCGTTAGACTGGGT-1,0,paclitaxel
Data8_sample_30_AAGCGTTAGCGTTGTT-1,0,paclitaxel
Data8_sample_30_AAGCGTTCAATGACCT-1,0,paclitaxel
Data8_sample_30_AAGCGTTCACTGCACG-1,0,paclitaxel
Data8_sample_30_AAGCGTTCATGGCCAC-1,0,paclitaxel
Data8_sample_30_AAGCGTTGTGAAGCGT-1,0,paclitaxel
Data8_sample_30_AAGCGTTTCTCGTTTA-1,0,paclitaxel
Data8_sample_30_AAGGAATCACCTATCC-1,0,paclitaxel
Data8_sample_30_AAGGAATCAGCCTATA-1,0,paclitaxel
Data8_sample_30_AAGGAATGTAACGGTG-1,0,paclitaxel
Data8_sample_30_AAGGAATGTCGCACAC-1,0,paclitaxel
Data8_sample_30_AAGGAATGTCGTCAGC-1,0,paclitaxel
Data8_sample_30_AAGGAATGTGATGTAA-1,0,paclitaxel
Data8_sample_30_AAGGAATGTGGGTATG-1,0,paclitaxel
Data8_sample_30_AAGGAATGTTACGTAC-1,0,paclitaxel
Data8_sample_30_AAGGAATGTTCTGAGT-1,0,paclitaxel
Data8_sample_30_AAGGAATTCGATTTCT-1,0,paclitaxel
Data8_sample_30_AAGGTAACAAGCTACT-1,0,paclitaxel
Data8_sample_30_AAGGTAACACCAGGTC-1,0,paclitaxel
Data8_sample_30_AAGGTAATCAGTCCGG-1,0,paclitaxel
Data8_sample_30_AAGTACCAGAAGGTAG-1,0,paclitaxel
Data8_sample_30_AAGTACCCAAACGAGC-1,0,paclitaxel
Data8_sample_30_AAGTACCGTCATTCCC-1,0,paclitaxel
Data8_sample_30_AAGTACCGTTATCTGG-1,0,paclitaxel
Data8_sample_30_AAGTACCTCAGCTGTA-1,0,paclitaxel
Data8_sample_30_AAGTACCTCCATCACC-1,0,paclitaxel
Data8_sample_30_AAGTACCTCTGGTTGA-1,0,paclitaxel
Data8_sample_30_AAGTCGTGTGGCTGAA-1,0,paclitaxel
Data8_sample_30_AAGTCGTTCATCTGTT-1,0,paclitaxel
Data8_sample_30_AAGTCGTTCGCTACAA-1,0,paclitaxel
Data8_sample_30_AAGTCGTTCTGTGCTC-1,0,paclitaxel
Data8_sample_30_AAGTGAACAGGCCCTA-1,0,paclitaxel
Data8_sample_30_AAGTGAAGTTCACCGG-1,0,paclitaxel
Data8_sample_30_AAGTTCGAGGACACTG-1,0,paclitaxel
Data8_sample_30_AAGTTCGAGGCCTGAA-1,0,paclitaxel
Data8_sample_30_AAGTTCGCAGCAGGAT-1,0,paclitaxel
Data8_sample_30_AAGTTCGGTATCAAGA-1,0,paclitaxel
Data8_sample_30_AAGTTCGGTCAGACTT-1,0,paclitaxel
Data8_sample_30_AAGTTCGGTGTCTAAC-1,0,paclitaxel
Data8_sample_30_AATAGAGCAGGGAATC-1,0,paclitaxel
Data8_sample_30_AATAGAGTCCCGTTGT-1,0,paclitaxel
Data8_sample_30_AATAGAGTCGCAAGAG-1,0,paclitaxel
Data8_sample_30_AATAGAGTCGCCAGTG-1,0,paclitaxel
Data8_sample_30_AATCACGAGCCAGTAG-1,0,paclitaxel
Data8_sample_30_AATCACGGTGTCATGT-1,0,paclitaxel
Data8_sample_30_AATCACGTCACACCGG-1,0,paclitaxel
Data8_sample_30_AATCACGTCACCTTAT-1,0,paclitaxel
Data8_sample_30_AATCACGTCAGCCTTC-1,0,paclitaxel
Data8_sample_30_AATCACGTCGTGGCGT-1,0,paclitaxel
Data8_sample_30_AATCGACAGCACTAGG-1,0,paclitaxel
Data8_sample_30_AATCGACAGGTAGCCA-1,0,paclitaxel
Data8_sample_30_AATCGACAGTAAAGCT-1,0,paclitaxel
Data8_sample_30_AATCGACAGTTTGTCG-1,0,paclitaxel
Data8_sample_30_AATCGACCACGGCACT-1,0,paclitaxel
Data8_sample_30_AATCGACCAGAAGTTA-1,0,paclitaxel
Data8_sample_30_AATCGACCAGGCCCTA-1,0,paclitaxel
Data8_sample_30_AATCGACTCTAGACCA-1,0,paclitaxel
Data8_sample_30_AATCGTGCACCCTTGT-1,0,paclitaxel
Data8_sample_30_AATCGTGCAGATTCGT-1,0,paclitaxel
Data8_sample_30_AATCGTGGTGGACCTC-1,0,paclitaxel
Data8_sample_30_AATCGTGTCAGTGCGC-1,0,paclitaxel
Data8_sample_30_AATCGTGTCCGGTAGC-1,0,paclitaxel
Data8_sample_30_AATGAAGAGAGGTATT-1,0,paclitaxel
Data8_sample_30_AATGAAGAGGCTAAAT-1,0,paclitaxel
Data8_sample_30_AATGAAGCAAGTTTGC-1,0,paclitaxel
Data8_sample_30_AATGAAGGTCCGGCAT-1,0,paclitaxel
Data8_sample_30_AATGAAGTCGTTCATT-1,0,paclitaxel
Data8_sample_30_AATGAAGTCTCTCCGA-1,0,paclitaxel
Data8_sample_30_AATGACCAGAGGTATT-1,0,paclitaxel
Data8_sample_30_AATGACCAGGTGGGTT-1,0,paclitaxel
Data8_sample_30_AATGACCAGTTCAACC-1,0,paclitaxel
Data8_sample_30_AATGACCCAAGTCCCG-1,0,paclitaxel
Data8_sample_30_AATGACCCACCCAAGC-1,0,paclitaxel
Data8_sample_30_AATGACCCACCCTGTT-1,0,paclitaxel
Data8_sample_30_AATGACCGTCACTGAT-1,0,paclitaxel
Data8_sample_30_AATGACCTCCGATAGT-1,0,paclitaxel
Data8_sample_30_AATGCCAAGAATCGTA-1,0,paclitaxel
Data8_sample_30_AATGCCAAGGTCCAGA-1,0,paclitaxel
Data8_sample_30_AATGCCAAGTTCGGTT-1,0,paclitaxel
Data8_sample_30_AATGCCACACTCATAG-1,0,paclitaxel
Data8_sample_30_AATGCCATCAGCACCG-1,0,paclitaxel
Data8_sample_30_AATGCCATCCCATGGG-1,0,paclitaxel
Data8_sample_30_AATGCCATCGCACTCT-1,0,paclitaxel
Data8_sample_30_AATGCCATCGCCTTTG-1,0,paclitaxel
Data8_sample_30_AATGCCATCTGCTTAT-1,0,paclitaxel
Data8_sample_30_AATGGAAAGGATAATC-1,0,paclitaxel
Data8_sample_30_AATGGAACAACACAAA-1,0,paclitaxel
Data8_sample_30_AATGGAACAACCAGAG-1,0,paclitaxel
Data8_sample_30_AATGGAACAAGAGGTC-1,0,paclitaxel
Data8_sample_30_AATGGAAGTAGAGATT-1,0,paclitaxel
Data8_sample_30_AATGGAATCACCCTGT-1,0,paclitaxel
Data8_sample_30_AATGGCTAGAGCCGTA-1,0,paclitaxel
Data8_sample_30_AATGGCTAGCACCTGC-1,0,paclitaxel
Data8_sample_30_AATGGCTAGTAGTCTC-1,0,paclitaxel
Data8_sample_30_AATGGCTCAGCACAAG-1,0,paclitaxel
Data8_sample_30_AATGGCTCATGCAGGA-1,0,paclitaxel
Data8_sample_30_AATGGCTGTCGGCCTA-1,0,paclitaxel
Data8_sample_30_AATGGCTTCAAGCCAT-1,0,paclitaxel
Data8_sample_30_AATTCCTCAAATGAAC-1,0,paclitaxel
Data8_sample_30_AATTCCTCACACCTAA-1,0,paclitaxel
Data8_sample_30_AATTCCTCACGTAACT-1,0,paclitaxel
Data8_sample_30_AATTCCTCACTCCCTA-1,0,paclitaxel
Data8_sample_30_AATTCCTCATCTCAAG-1,0,paclitaxel
Data8_sample_30_AATTCCTGTACGACAG-1,0,paclitaxel
Data8_sample_30_AATTCCTGTCTACATG-1,0,paclitaxel
Data8_sample_30_AATTCCTGTGACTCGC-1,0,paclitaxel
Data8_sample_30_AATTCCTTCACCTTGC-1,0,paclitaxel
Data8_sample_30_AATTTCCCAAAGGAGA-1,0,paclitaxel
Data8_sample_30_AATTTCCGTTACCCAA-1,0,paclitaxel
Data8_sample_30_AATTTCCTCATTGCCC-1,0,paclitaxel
Data8_sample_30_AATTTCCTCGAGCCTG-1,0,paclitaxel
Data8_sample_30_ACAAAGAAGCACGATG-1,0,paclitaxel
Data8_sample_30_ACAAAGAGTATAGGGC-1,0,paclitaxel
Data8_sample_30_ACAAAGAGTCCACGCA-1,0,paclitaxel
Data8_sample_30_ACAAAGAGTGGAGAAA-1,0,paclitaxel
Data8_sample_30_ACAACCAAGCATAGGC-1,0,paclitaxel
Data8_sample_30_ACAACCAAGCGCTGCT-1,0,paclitaxel
Data8_sample_30_ACAACCAAGTACAGCG-1,0,paclitaxel
Data8_sample_30_ACAACCAAGTTCCTGA-1,0,paclitaxel
Data8_sample_30_ACAACCACATACTGAC-1,0,paclitaxel
Data8_sample_30_ACAACCAGTGATGTAA-1,0,paclitaxel
Data8_sample_30_ACAACCAGTGTATTGC-1,0,paclitaxel
Data8_sample_30_ACAACCATCCGTGGGT-1,0,paclitaxel
Data8_sample_30_ACAAGCTCACGTACTA-1,0,paclitaxel
Data8_sample_30_ACACAGTAGGACATCG-1,0,paclitaxel
Data8_sample_30_ACACAGTAGGCATGGT-1,0,paclitaxel
Data8_sample_30_ACACAGTAGTGATCGG-1,0,paclitaxel
Data8_sample_30_ACACAGTCAAACCATC-1,0,paclitaxel
Data8_sample_30_ACACAGTCAGCAGACA-1,0,paclitaxel
Data8_sample_30_ACACAGTCATGGGAAC-1,0,paclitaxel
Data8_sample_30_ACACAGTGTACCCAGC-1,0,paclitaxel
Data8_sample_30_ACACAGTTCTTTCAGT-1,0,paclitaxel
Data8_sample_30_ACACCAAAGCACTTTG-1,0,paclitaxel
Data8_sample_30_ACACCAAAGCGTCTCG-1,0,paclitaxel
Data8_sample_30_ACACCAAAGTGGTCAG-1,0,paclitaxel
Data8_sample_30_ACACCAACAAGATTGA-1,0,paclitaxel
Data8_sample_30_ACACCAACACGCTGAC-1,0,paclitaxel
Data8_sample_30_ACACCAACAGAGTGTG-1,0,paclitaxel
Data8_sample_30_ACACCAAGTAATGCTC-1,0,paclitaxel
Data8_sample_30_ACACCAAGTGATAGAT-1,0,paclitaxel
Data8_sample_30_ACACGCGAGCGAGAAA-1,0,paclitaxel
Data8_sample_30_ACACGCGCAGAGTTCT-1,0,paclitaxel
Data8_sample_30_ACACGCGCAGGACAGT-1,0,paclitaxel
Data8_sample_30_ACACGCGGTCGGAACA-1,0,paclitaxel
Data8_sample_30_ACACGCGTCAGCACCG-1,0,paclitaxel
Data8_sample_30_ACACGCGTCCGTGTGG-1,0,paclitaxel
Data8_sample_30_ACACTGAAGGACTGGT-1,0,paclitaxel
Data8_sample_30_ACACTGACAAAGGTTA-1,0,paclitaxel
Data8_sample_30_ACACTGACAATGCTCA-1,0,paclitaxel
Data8_sample_30_ACACTGACACTTACAG-1,0,paclitaxel
Data8_sample_30_ACACTGACAGTCTGGC-1,0,paclitaxel
Data8_sample_30_ACACTGAGTCGATGCC-1,0,paclitaxel
Data8_sample_30_ACACTGATCACTTGGA-1,0,paclitaxel
Data8_sample_30_ACACTGATCATGTCAG-1,0,paclitaxel
Data8_sample_30_ACAGAAAAGAGAGCGG-1,0,paclitaxel
Data8_sample_30_ACAGAAAAGATAACGT-1,0,paclitaxel
Data8_sample_30_ACAGAAAAGCCTCTGG-1,0,paclitaxel
Data8_sample_30_ACAGAAAAGCTGTCCG-1,0,paclitaxel
Data8_sample_30_ACAGAAAAGTAGACCG-1,0,paclitaxel
Data8_sample_30_ACAGAAAGTCGCTTGG-1,0,paclitaxel
Data8_sample_30_ACAGAAAGTTCTCCCA-1,0,paclitaxel
Data8_sample_30_ACAGAAATCGCATGAT-1,0,paclitaxel
Data8_sample_30_ACAGCCGAGGCCGCTT-1,0,paclitaxel
Data8_sample_30_ACAGCCGTCACGACTA-1,0,paclitaxel
Data8_sample_30_ACAGCCGTCACGGGAA-1,0,paclitaxel
Data8_sample_30_ACAGCCGTCACGGGCT-1,0,paclitaxel
Data8_sample_30_ACAGCCGTCGCCTATC-1,0,paclitaxel
Data8_sample_30_ACAGGGAAGCCGCTTG-1,0,paclitaxel
Data8_sample_30_ACAGGGAAGTCAACAA-1,0,paclitaxel
Data8_sample_30_ACAGGGACATTCTTCA-1,0,paclitaxel
Data8_sample_30_ACAGGGAGTCGTACAT-1,0,paclitaxel
Data8_sample_30_ACAGGGATCACGGGCT-1,0,paclitaxel
Data8_sample_30_ACAGGGATCTTTGGAG-1,0,paclitaxel
Data8_sample_30_ACATCCCAGGATCATA-1,0,paclitaxel
Data8_sample_30_ACATCCCCAATACAGA-1,0,paclitaxel
Data8_sample_30_ACATCCCTCCGTAATG-1,0,paclitaxel
Data8_sample_30_ACATCGAGTATCGTAC-1,0,paclitaxel
Data8_sample_30_ACATCGAGTGCTATTG-1,0,paclitaxel
Data8_sample_30_ACATCGAGTTGGGATG-1,0,paclitaxel
Data8_sample_30_ACATCGATCGGAAACG-1,0,paclitaxel
Data8_sample_30_ACATCGATCTTAATCC-1,0,paclitaxel
Data8_sample_30_ACATGCAAGCCACCGT-1,0,paclitaxel
Data8_sample_30_ACATGCAGTGTGTTTG-1,0,paclitaxel
Data8_sample_30_ACATGCATCAACTGAC-1,0,paclitaxel
Data8_sample_30_ACATGCATCCGATGCG-1,0,paclitaxel
Data8_sample_30_ACATGCATCCGGTAGC-1,0,paclitaxel
Data8_sample_30_ACATTTCAGTGACCTT-1,0,paclitaxel
Data8_sample_30_ACATTTCTCAAGGCTT-1,0,paclitaxel
Data8_sample_30_ACATTTCTCCAGTGTA-1,0,paclitaxel
Data8_sample_30_ACCAAACAGATGTTGA-1,0,paclitaxel
Data8_sample_30_ACCAAACAGGTGAGAA-1,0,paclitaxel
Data8_sample_30_ACCAAACCACGAGGAT-1,0,paclitaxel
Data8_sample_30_ACCAAACCAGCGTTTA-1,0,paclitaxel
Data8_sample_30_ACCAAACCATACAGAA-1,0,paclitaxel
Data8_sample_30_ACCAAACCATGGGAAC-1,0,paclitaxel
Data8_sample_30_ACCAAACGTTCTCGCT-1,0,paclitaxel
Data8_sample_30_ACCAAACTCAAGTAAG-1,0,paclitaxel
Data8_sample_30_ACCAAACTCAGTGCGC-1,0,paclitaxel
Data8_sample_30_ACCAAACTCCAGCAAT-1,0,paclitaxel
Data8_sample_30_ACCAAACTCTGAACGT-1,0,paclitaxel
Data8_sample_30_ACCAACAAGAACCCGA-1,0,paclitaxel
Data8_sample_30_ACCAACAAGACTTCGT-1,0,paclitaxel
Data8_sample_30_ACCAACACAACAAAGT-1,0,paclitaxel
Data8_sample_30_ACCAACACACCGTCTT-1,0,paclitaxel
Data8_sample_30_ACCAACACACTGTTCC-1,0,paclitaxel
Data8_sample_30_ACCAACAGTGAACGGT-1,0,paclitaxel
Data8_sample_30_ACCAACATCACACCGG-1,0,paclitaxel
Data8_sample_30_ACCAACATCAGGCGAA-1,0,paclitaxel
Data8_sample_30_ACCAACATCTTTCTAG-1,0,paclitaxel
Data8_sample_30_ACCACAAAGCACTAAA-1,0,paclitaxel
Data8_sample_30_ACCACAACACCACTGG-1,0,paclitaxel
Data8_sample_30_ACCATTTAGCCATTCA-1,0,paclitaxel
Data8_sample_30_ACCATTTGTAGAGCTG-1,0,paclitaxel
Data8_sample_30_ACCATTTTCCCAATAG-1,0,paclitaxel
Data8_sample_30_ACCATTTTCTACCAGA-1,0,paclitaxel
Data8_sample_30_ACCCAAAAGGTATTGA-1,0,paclitaxel
Data8_sample_30_ACCCAAACAAAGTATG-1,0,paclitaxel
Data8_sample_30_ACCCAAACAATGCTCA-1,0,paclitaxel
Data8_sample_30_ACCCAAATCGGTTGTA-1,0,paclitaxel
Data8_sample_30_ACCCTCAAGCACCGAA-1,0,paclitaxel
Data8_sample_30_ACCCTCACAGTGCCTG-1,0,paclitaxel
Data8_sample_30_ACCCTCACATGGCGCT-1,0,paclitaxel
Data8_sample_30_ACCCTCAGTATGCGGA-1,0,paclitaxel
Data8_sample_30_ACCCTCAGTCGGAAAC-1,0,paclitaxel
Data8_sample_30_ACCCTCATCTCTATGT-1,0,paclitaxel
Data8_sample_30_ACCCTTGAGTAGCAAT-1,0,paclitaxel
Data8_sample_30_ACCCTTGCACTAACGT-1,0,paclitaxel
Data8_sample_30_ACCCTTGCAGCCCAGT-1,0,paclitaxel
Data8_sample_30_ACCCTTGGTAACAGTA-1,0,paclitaxel
Data8_sample_30_ACCCTTGTCGACATTG-1,0,paclitaxel
Data8_sample_30_ACCCTTGTCGCTTTAT-1,0,paclitaxel
Data8_sample_30_ACCGTTCAGCATCAGG-1,0,paclitaxel
Data8_sample_30_ACCGTTCAGCTAGCCC-1,0,paclitaxel
Data8_sample_30_ACCGTTCAGGCTTTCA-1,0,paclitaxel
Data8_sample_30_ACCGTTCGTCCAGCAC-1,0,paclitaxel
Data8_sample_30_ACCGTTCGTCGGTGAA-1,0,paclitaxel
Data8_sample_30_ACCGTTCTCTTTGCTA-1,0,paclitaxel
Data8_sample_30_ACCTACCAGATAGCAT-1,0,paclitaxel
Data8_sample_30_ACCTACCAGCGTGCTC-1,0,paclitaxel
Data8_sample_30_ACCTACCAGGATAATC-1,0,paclitaxel
Data8_sample_30_ACCTACCAGTAACGAT-1,0,paclitaxel
Data8_sample_30_ACCTACCCACAGTGAG-1,0,paclitaxel
Data8_sample_30_ACCTACCCACTAGAGG-1,0,paclitaxel
Data8_sample_30_ACCTACCGTGAAGCTG-1,0,paclitaxel
Data8_sample_30_ACCTACCTCAGGAACG-1,0,paclitaxel
Data8_sample_30_ACCTGAAGTACACGTT-1,0,paclitaxel
Data8_sample_30_ACCTGTCAGACTACCT-1,0,paclitaxel
Data8_sample_30_ACCTGTCAGCCTCGTG-1,0,paclitaxel
Data8_sample_30_ACCTGTCCAGGTCCCA-1,0,paclitaxel
Data8_sample_30_ACCTGTCTCCGAAATC-1,0,paclitaxel
Data8_sample_30_ACGATCAAGCTGGCCT-1,0,paclitaxel
Data8_sample_30_ACGATCATCCACACCT-1,0,paclitaxel
Data8_sample_30_ACGATGTAGGTAGACC-1,0,paclitaxel
Data8_sample_30_ACGATGTCAAATGGAT-1,0,paclitaxel
Data8_sample_30_ACGATGTCAGGCCCTA-1,0,paclitaxel
Data8_sample_30_ACGATGTGTCGCATGC-1,0,paclitaxel
Data8_sample_30_ACGCACGCAAATACAG-1,0,paclitaxel
Data8_sample_30_ACGCACGCAAGTGGTG-1,0,paclitaxel
Data8_sample_30_ACGCACGCAGAATTCC-1,0,paclitaxel
Data8_sample_30_ACGCACGGTCCGAAAG-1,0,paclitaxel
Data8_sample_30_ACGCACGTCAAGTGTC-1,0,paclitaxel
Data8_sample_30_ACGCACGTCACAAGAA-1,0,paclitaxel
Data8_sample_30_ACGCACGTCATTGCGA-1,0,paclitaxel
Data8_sample_30_ACGCACGTCCGATCTC-1,0,paclitaxel
Data8_sample_30_ACGCACGTCTTAAGGC-1,0,paclitaxel
Data8_sample_30_ACGGAAGCACACGCCA-1,0,paclitaxel
Data8_sample_30_ACGGAAGCATGACTTG-1,0,paclitaxel
Data8_sample_30_ACGGAAGCATTGTGCA-1,0,paclitaxel
Data8_sample_30_ACGGAAGTCAGAGTGG-1,0,paclitaxel
Data8_sample_30_ACGGAAGTCGCAGATT-1,0,paclitaxel
Data8_sample_30_ACGGAAGTCTAACGGT-1,0,paclitaxel
Data8_sample_30_ACGGGTCGTATCGCTA-1,0,paclitaxel
Data8_sample_30_ACGGGTCGTGAGTCAG-1,0,paclitaxel
Data8_sample_30_ACGGGTCGTTGCATCA-1,0,paclitaxel
Data8_sample_30_ACGGGTCGTTGGCTAT-1,0,paclitaxel
Data8_sample_30_ACGGGTCTCCGTGCGA-1,0,paclitaxel
Data8_sample_30_ACGGTCGAGGTCACCC-1,0,paclitaxel
Data8_sample_30_ACGGTCGCAAGTATCC-1,0,paclitaxel
Data8_sample_30_ACGGTCGCAATTGCCA-1,0,paclitaxel
Data8_sample_30_ACGGTCGGTCCATCTC-1,0,paclitaxel
Data8_sample_30_ACGGTCGGTCTTGTCC-1,0,paclitaxel
Data8_sample_30_ACGGTCGGTTCCGGTG-1,0,paclitaxel
Data8_sample_30_ACGGTCGTCCGTGCGA-1,0,paclitaxel
Data8_sample_30_ACGGTTACACAATGAA-1,0,paclitaxel
Data8_sample_30_ACGGTTAGTCACTCGG-1,0,paclitaxel
Data8_sample_30_ACGGTTAGTGATACCT-1,0,paclitaxel
Data8_sample_30_ACGGTTATCCCAAGTA-1,0,paclitaxel
Data8_sample_30_ACGTAACAGGGCCTCT-1,0,paclitaxel
Data8_sample_30_ACGTAACCAACGCCCA-1,0,paclitaxel
Data8_sample_30_ACGTAACCAGCATTGT-1,0,paclitaxel
Data8_sample_30_ACGTACACACAGCGCT-1,0,paclitaxel
Data8_sample_30_ACGTACACATGCAGGA-1,0,paclitaxel
Data8_sample_30_ACGTACAGTGTTCGTA-1,0,paclitaxel
Data8_sample_30_ACGTACATCGTTGTTT-1,0,paclitaxel
Data8_sample_30_ACGTAGTAGCGGATCA-1,0,paclitaxel
Data8_sample_30_ACGTAGTAGCTATCCA-1,0,paclitaxel
Data8_sample_30_ACGTAGTAGTATGCAA-1,0,paclitaxel
Data8_sample_30_ACGTAGTCATAGTCAC-1,0,paclitaxel
Data8_sample_30_ACGTAGTCATGGCCAC-1,0,paclitaxel
Data8_sample_30_ACGTAGTGTATACGGG-1,0,paclitaxel
Data8_sample_30_ACGTAGTGTTACTCAG-1,0,paclitaxel
Data8_sample_30_ACGTCCTAGCTACTAC-1,0,paclitaxel
Data8_sample_30_ACGTCCTCAACCACGC-1,0,paclitaxel
Data8_sample_30_ACGTCCTCACTTCATT-1,0,paclitaxel
Data8_sample_30_ACGTCCTTCGAATCCA-1,0,paclitaxel
Data8_sample_30_ACGTTCCAGATACAGT-1,0,paclitaxel
Data8_sample_30_ACGTTCCAGGCAGTCA-1,0,paclitaxel
Data8_sample_30_ACGTTCCCAGAACATA-1,0,paclitaxel
Data8_sample_30_ACGTTCCGTGTCATCA-1,0,paclitaxel
Data8_sample_30_ACGTTCCTCAGTGTGT-1,0,paclitaxel
Data8_sample_30_ACGTTCCTCATCGTAG-1,0,paclitaxel
Data8_sample_30_ACTACGAAGCCAACCC-1,0,paclitaxel
Data8_sample_30_ACTACGACAACTGTGT-1,0,paclitaxel
Data8_sample_30_ACTACGACACGTTCGG-1,0,paclitaxel
Data8_sample_30_ACTACGAGTGCATTTG-1,0,paclitaxel
Data8_sample_30_ACTACGATCATTACGG-1,0,paclitaxel
Data8_sample_30_ACTACGATCGATAACC-1,0,paclitaxel
Data8_sample_30_ACTATCTAGACAGCTG-1,0,paclitaxel
Data8_sample_30_ACTATCTAGAGCCGAT-1,0,paclitaxel
Data8_sample_30_ACTATCTAGGTACTGG-1,0,paclitaxel
Data8_sample_30_ACTATCTCAAGGGTCA-1,0,paclitaxel
Data8_sample_30_ACTATCTGTAATGCTC-1,0,paclitaxel
Data8_sample_30_ACTATCTGTACGACAG-1,0,paclitaxel
Data8_sample_30_ACTATCTGTACGAGCA-1,0,paclitaxel
Data8_sample_30_ACTATCTGTTAAGGGC-1,0,paclitaxel
Data8_sample_30_ACTATCTTCCTTGACC-1,0,paclitaxel
Data8_sample_30_ACTATCTTCGTGCATA-1,0,paclitaxel
Data8_sample_30_ACTATGGAGACGCAGT-1,0,paclitaxel
Data8_sample_30_ACTATGGCATAGGTTC-1,0,paclitaxel
Data8_sample_30_ACTATGGGTTGCCGAC-1,0,paclitaxel
Data8_sample_30_ACTATGGTCGCGGTAC-1,0,paclitaxel
Data8_sample_30_ACTATTCAGAGCACTG-1,0,paclitaxel
Data8_sample_30_ACTATTCGTACAAGTA-1,0,paclitaxel
Data8_sample_30_ACTATTCGTCAGTTTG-1,0,paclitaxel
Data8_sample_30_ACTATTCGTTATGTCG-1,0,paclitaxel
Data8_sample_30_ACTATTCTCGGCTGTG-1,0,paclitaxel
Data8_sample_30_ACTCCCAAGGCACTCC-1,0,paclitaxel
Data8_sample_30_ACTCTCGAGATACCAA-1,0,paclitaxel
Data8_sample_30_ACTCTCGCAGTTAGGG-1,0,paclitaxel
Data8_sample_30_ACTCTCGGTAATCAAG-1,0,paclitaxel
Data8_sample_30_ACTCTCGGTCCATAGT-1,0,paclitaxel
Data8_sample_30_ACTCTCGGTTCGGCGT-1,0,paclitaxel
Data8_sample_30_ACTGATGCAAGGAGTC-1,0,paclitaxel
Data8_sample_30_ACTGATGCAGTCGGTC-1,0,paclitaxel
Data8_sample_30_ACTGATGTCATGTCAG-1,0,paclitaxel
Data8_sample_30_ACTGATGTCCAGCCTT-1,0,paclitaxel
Data8_sample_30_ACTGATGTCTGGCCTT-1,0,paclitaxel
Data8_sample_30_ACTGCAACACTCCACT-1,0,paclitaxel
Data8_sample_30_ACTGCAACATTGAGCT-1,0,paclitaxel
Data8_sample_30_ACTGCAAGTCAAGGCA-1,0,paclitaxel
Data8_sample_30_ACTGCAAGTGAGGATC-1,0,paclitaxel
Data8_sample_30_ACTGCAATCATAGACC-1,0,paclitaxel
Data8_sample_30_ACTGTCCAGCGTTAGG-1,0,paclitaxel
Data8_sample_30_ACTGTCCAGGTGCCAA-1,0,paclitaxel
Data8_sample_30_ACTGTCCCACGTCGGT-1,0,paclitaxel
Data8_sample_30_ACTGTCCCAGAGATGC-1,0,paclitaxel
Data8_sample_30_ACTGTGAAGAGGTGCT-1,0,paclitaxel
Data8_sample_30_ACTGTGAAGCATTTGC-1,0,paclitaxel
Data8_sample_30_ACTGTGAAGTCAATCC-1,0,paclitaxel
Data8_sample_30_ACTGTGACAAAGGCGT-1,0,paclitaxel
Data8_sample_30_ACTGTGACAGAGGGTT-1,0,paclitaxel
Data8_sample_30_ACTGTGAGTAACGCGA-1,0,paclitaxel
Data8_sample_30_ACTGTGAGTACAGAAT-1,0,paclitaxel
Data8_sample_30_ACTGTGAGTCTACTGA-1,0,paclitaxel
Data8_sample_30_ACTGTGATCCCTAGGG-1,0,paclitaxel
Data8_sample_30_ACTTAGGCAAACTCGT-1,0,paclitaxel
Data8_sample_30_ACTTAGGCACTGTCCT-1,0,paclitaxel
Data8_sample_30_ACTTAGGTCGGAATGG-1,0,paclitaxel
Data8_sample_30_ACTTAGGTCTAACGCA-1,0,paclitaxel
Data8_sample_30_ACTTATCAGACGTCGA-1,0,paclitaxel
Data8_sample_30_ACTTATCAGCCGTTGC-1,0,paclitaxel
Data8_sample_30_ACTTATCCACCTCTAC-1,0,paclitaxel
Data8_sample_30_ACTTATCCATGTGACT-1,0,paclitaxel
Data8_sample_30_ACTTATCGTAGGACCA-1,0,paclitaxel
Data8_sample_30_ACTTATCGTCCGGATC-1,0,paclitaxel
Data8_sample_30_ACTTATCGTCCTACAA-1,0,paclitaxel
Data8_sample_30_ACTTATCGTCTTACAG-1,0,paclitaxel
Data8_sample_30_ACTTATCTCAGCTTCC-1,0,paclitaxel
Data8_sample_30_ACTTATCTCTGACGCG-1,0,paclitaxel
Data8_sample_30_ACTTCCGAGAAGAACG-1,0,paclitaxel
Data8_sample_30_ACTTCCGAGGCCTGCT-1,0,paclitaxel
Data8_sample_30_ACTTCCGGTATGAGGC-1,0,paclitaxel
Data8_sample_30_ACTTCCGGTCCTCCTA-1,0,paclitaxel
Data8_sample_30_ACTTCCGGTCGCATTA-1,0,paclitaxel
Data8_sample_30_ACTTCCGGTTCGGCCA-1,0,paclitaxel
Data8_sample_30_ACTTCCGTCATTCGGA-1,0,paclitaxel
Data8_sample_30_ACTTCCGTCCCTCTAG-1,0,paclitaxel
Data8_sample_30_ACTTCCGTCGACGCGT-1,0,paclitaxel
Data8_sample_30_ACTTCCGTCGGTCGAC-1,0,paclitaxel
Data8_sample_30_ACTTCCGTCGTTCTAT-1,0,paclitaxel
Data8_sample_30_ACTTCCGTCTAGTCAG-1,0,paclitaxel
Data8_sample_30_ACTTCGCGTGGTAATA-1,0,paclitaxel
Data8_sample_30_ACTTTCAAGCAGAAAG-1,0,paclitaxel
Data8_sample_30_ACTTTCAAGCCGATTT-1,0,paclitaxel
Data8_sample_30_ACTTTCAAGTTGGGAC-1,0,paclitaxel
Data8_sample_30_ACTTTCAAGTTTCTTC-1,0,paclitaxel
Data8_sample_30_ACTTTCACAATTGCAC-1,0,paclitaxel
Data8_sample_30_ACTTTCAGTGTGTGTT-1,0,paclitaxel
Data8_sample_30_ACTTTCAGTTGTGTAC-1,0,paclitaxel
Data8_sample_30_ACTTTCATCCCAACTC-1,0,paclitaxel
Data8_sample_30_ACTTTGTAGCCTCTTC-1,0,paclitaxel
Data8_sample_30_ACTTTGTAGCTGTCCG-1,0,paclitaxel
Data8_sample_30_ACTTTGTCACGTCATA-1,0,paclitaxel
Data8_sample_30_ACTTTGTGTATCATGC-1,0,paclitaxel
Data8_sample_30_ACTTTGTGTCAAGCGA-1,0,paclitaxel
Data8_sample_30_ACTTTGTGTGACGTCC-1,0,paclitaxel
Data8_sample_30_ACTTTGTTCCGTACGG-1,0,paclitaxel
Data8_sample_30_AGAAATGAGCGTGCCT-1,0,paclitaxel
Data8_sample_30_AGAAATGCACAGCCAC-1,0,paclitaxel
Data8_sample_30_AGAAATGCAGAGGCTA-1,0,paclitaxel
Data8_sample_30_AGAAATGGTTTGGAAA-1,0,paclitaxel
Data8_sample_30_AGAACAACACATACGT-1,0,paclitaxel
Data8_sample_30_AGAACAACATACCACA-1,0,paclitaxel
Data8_sample_30_AGAACAACATGTACGT-1,0,paclitaxel
Data8_sample_30_AGAACAAGTCGATTCA-1,0,paclitaxel
Data8_sample_30_AGAACAAGTGTTATCG-1,0,paclitaxel
Data8_sample_30_AGAACAAGTGTTCAGT-1,0,paclitaxel
Data8_sample_30_AGAACAAGTGTTCCAA-1,0,paclitaxel
Data8_sample_30_AGAACAAGTTACCTTT-1,0,paclitaxel
Data8_sample_30_AGAACCTCACAACGAG-1,0,paclitaxel
Data8_sample_30_AGAACCTGTCACTAGT-1,0,paclitaxel
Data8_sample_30_AGAACCTTCCTACCGT-1,0,paclitaxel
Data8_sample_30_AGAACCTTCGAGTGGA-1,0,paclitaxel
Data8_sample_30_AGAAGCGGTGGTCCCA-1,0,paclitaxel
Data8_sample_30_AGAAGCGGTTTCGCTC-1,0,paclitaxel
Data8_sample_30_AGAAGTAAGTATTAGG-1,0,paclitaxel
Data8_sample_30_AGAAGTAAGTGATAGT-1,0,paclitaxel
Data8_sample_30_AGAAGTACACATATCG-1,0,paclitaxel
Data8_sample_30_AGAAGTAGTCAGGTAG-1,0,paclitaxel
Data8_sample_30_AGAAGTAGTTGCATTG-1,0,paclitaxel
Data8_sample_30_AGAAGTATCATGGGAG-1,0,paclitaxel
Data8_sample_30_AGACAAAAGCCTAGGA-1,0,paclitaxel
Data8_sample_30_AGACAAACACTTGACA-1,0,paclitaxel
Data8_sample_30_AGACAAACAGTTCCAA-1,0,paclitaxel
Data8_sample_30_AGACACTGTTGCCTAA-1,0,paclitaxel
Data8_sample_30_AGACAGGCATGGGCAA-1,0,paclitaxel
Data8_sample_30_AGACCATAGCGTCTGC-1,0,paclitaxel
Data8_sample_30_AGACCATAGGGTACGT-1,0,paclitaxel
Data8_sample_30_AGACCATAGTTGGAAT-1,0,paclitaxel
Data8_sample_30_AGACCATGTTGCGAAG-1,0,paclitaxel
Data8_sample_30_AGACCCGAGAATCGCG-1,0,paclitaxel
Data8_sample_30_AGACCCGAGTGCCCGT-1,0,paclitaxel
Data8_sample_30_AGACCCGCACATGACT-1,0,paclitaxel
Data8_sample_30_AGACCCGCACCTCTAC-1,0,paclitaxel
Data8_sample_30_AGACCCGCACTTGAAC-1,0,paclitaxel
Data8_sample_30_AGACCCGGTAAGCGGT-1,0,paclitaxel
Data8_sample_30_AGACCCGGTCGAACGA-1,0,paclitaxel
Data8_sample_30_AGACCCGGTCTTTCAT-1,0,paclitaxel
Data8_sample_30_AGACTCAGTAAGTAGT-1,0,paclitaxel
Data8_sample_30_AGACTCATCGTTCATT-1,0,paclitaxel
Data8_sample_30_AGACTCATCTCCGTGT-1,0,paclitaxel
Data8_sample_30_AGAGAATCAAAGGAGA-1,0,paclitaxel
Data8_sample_30_AGAGAATCAACGACTT-1,0,paclitaxel
Data8_sample_30_AGAGAATCAGGTATGG-1,0,paclitaxel
Data8_sample_30_AGAGAATGTCCTGTTC-1,0,paclitaxel
Data8_sample_30_AGAGAATGTGGCTCTG-1,0,paclitaxel
Data8_sample_30_AGAGAATTCCACGTGG-1,0,paclitaxel
Data8_sample_30_AGAGAGCAGGCTAGCA-1,0,paclitaxel
Data8_sample_30_AGAGAGCAGGGAGGTG-1,0,paclitaxel
Data8_sample_30_AGAGAGCAGGTAGATT-1,0,paclitaxel
Data8_sample_30_AGAGAGCCAATTCTTC-1,0,paclitaxel
Data8_sample_30_AGAGAGCCACAAGGTG-1,0,paclitaxel
Data8_sample_30_AGAGAGCCACCGTGGT-1,0,paclitaxel
Data8_sample_30_AGAGAGCCATGTACGT-1,0,paclitaxel
Data8_sample_30_AGAGAGCTCTAGTTCT-1,0,paclitaxel
Data8_sample_30_AGAGCAGGTTGGAGGT-1,0,paclitaxel
Data8_sample_30_AGAGCCCAGATCGGTG-1,0,paclitaxel
Data8_sample_30_AGAGCCCAGCGATGGT-1,0,paclitaxel
Data8_sample_30_AGAGCCCCATAATCCG-1,0,paclitaxel
Data8_sample_30_AGATAGAAGTTTGAGA-1,0,paclitaxel
Data8_sample_30_AGATAGACAAAGGGCT-1,0,paclitaxel
Data8_sample_30_AGATAGATCCCTATTA-1,0,paclitaxel
Data8_sample_30_AGATCCAAGGAACTAT-1,0,paclitaxel
Data8_sample_30_AGATCCAAGTCTAGCT-1,0,paclitaxel
Data8_sample_30_AGATCCACAAGTCATC-1,0,paclitaxel
Data8_sample_30_AGATCCAGTACCGGCT-1,0,paclitaxel
Data8_sample_30_AGATCCAGTGTAGTGG-1,0,paclitaxel
Data8_sample_30_AGATCCATCTCCGCAT-1,0,paclitaxel
Data8_sample_30_AGATCGTAGACCTCAT-1,0,paclitaxel
Data8_sample_30_AGATCGTAGTACTGGG-1,0,paclitaxel
Data8_sample_30_AGATCGTCAAACTCGT-1,0,paclitaxel
Data8_sample_30_AGATCGTCAGCGAACA-1,0,paclitaxel
Data8_sample_30_AGATCGTTCTTCTAAC-1,0,paclitaxel
Data8_sample_30_AGATGAAAGCCTCTTC-1,0,paclitaxel
Data8_sample_30_AGATGAAGTACACGTT-1,0,paclitaxel
Data8_sample_30_AGATGAAGTATCATGC-1,0,paclitaxel
Data8_sample_30_AGATGAAGTCGTTATG-1,0,paclitaxel
Data8_sample_30_AGATGAAGTTCTCAGA-1,0,paclitaxel
Data8_sample_30_AGATGAATCAAACGAA-1,0,paclitaxel
Data8_sample_30_AGATGAATCTTGTTAC-1,0,paclitaxel
Data8_sample_30_AGATGCTAGGTGTGAC-1,0,paclitaxel
Data8_sample_30_AGATGCTCAGGAGACT-1,0,paclitaxel
Data8_sample_30_AGATGCTGTGGATTTC-1,0,paclitaxel
Data8_sample_30_AGATGCTTCTATCCAT-1,0,paclitaxel
Data8_sample_30_AGATGCTTCTCCGTGT-1,0,paclitaxel
Data8_sample_30_AGCATCAAGTATTGCC-1,0,paclitaxel
Data8_sample_30_AGCATCACAGCGGTTC-1,0,paclitaxel
Data8_sample_30_AGCATCAGTCCCGCAA-1,0,paclitaxel
Data8_sample_30_AGCATCAGTTCTCACC-1,0,paclitaxel
Data8_sample_30_AGCATCATCCTAGCGG-1,0,paclitaxel
Data8_sample_30_AGCATCATCTGCTCTG-1,0,paclitaxel
Data8_sample_30_AGCATCATCTTGCGCT-1,0,paclitaxel
Data8_sample_30_AGCCAATAGATACGAT-1,0,paclitaxel
Data8_sample_30_AGCCAATAGTCGTCTA-1,0,paclitaxel
Data8_sample_30_AGCCAATCAAACTAAG-1,0,paclitaxel
Data8_sample_30_AGCCAATCAACCGCTG-1,0,paclitaxel
Data8_sample_30_AGCCAATCATCATTTC-1,0,paclitaxel
Data8_sample_30_AGCCAATGTGTACAGG-1,0,paclitaxel
Data8_sample_30_AGCCAATTCCCATAGA-1,0,paclitaxel
Data8_sample_30_AGCCACGAGAGGTATT-1,0,paclitaxel
Data8_sample_30_AGCCACGAGATGAACT-1,0,paclitaxel
Data8_sample_30_AGCCACGCATAGCTGT-1,0,paclitaxel
Data8_sample_30_AGCCACGGTAGACAGC-1,0,paclitaxel
Data8_sample_30_AGCCACGTCGAGTGAG-1,0,paclitaxel
Data8_sample_30_AGCCACGTCGTAACTG-1,0,paclitaxel
Data8_sample_30_AGCCAGCAGCGGTAGT-1,0,paclitaxel
Data8_sample_30_AGCCAGCCACAATGAA-1,0,paclitaxel
Data8_sample_30_AGCCAGCCACATAGCT-1,0,paclitaxel
Data8_sample_30_AGCCAGCCACGTCGGT-1,0,paclitaxel
Data8_sample_30_AGCCAGCTCGAATCCA-1,0,paclitaxel
Data8_sample_30_AGCGATTAGAGCTGAC-1,0,paclitaxel
Data8_sample_30_AGCGATTAGCAGTAAT-1,0,paclitaxel
Data8_sample_30_AGCGATTAGGATGTTA-1,0,paclitaxel
Data8_sample_30_AGCGATTAGGTCTACT-1,0,paclitaxel
Data8_sample_30_AGCGATTCAATCAAGA-1,0,paclitaxel
Data8_sample_30_AGCGATTCAGTCCGTG-1,0,paclitaxel
Data8_sample_30_AGCGATTCATTGCTTT-1,0,paclitaxel
Data8_sample_30_AGCGATTGTGATTCTG-1,0,paclitaxel
Data8_sample_30_AGCGATTTCGCTACGG-1,0,paclitaxel
Data8_sample_30_AGCGATTTCTTACCGC-1,0,paclitaxel
Data8_sample_30_AGCGCCAAGTCTAGAA-1,0,paclitaxel
Data8_sample_30_AGCGCCACAAACTAGA-1,0,paclitaxel
Data8_sample_30_AGCGCCACAAATCAGA-1,0,paclitaxel
Data8_sample_30_AGCGCCACAAGTATCC-1,0,paclitaxel
Data8_sample_30_AGCGCCACAAGTGGCA-1,0,paclitaxel
Data8_sample_30_AGCGCCAGTTAGTCGT-1,0,paclitaxel
Data8_sample_30_AGCGCCATCGACGTCG-1,0,paclitaxel
Data8_sample_30_AGCGCTGTCACAGAGG-1,0,paclitaxel
Data8_sample_30_AGCGCTGTCCTTGGAA-1,0,paclitaxel
Data8_sample_30_AGCGCTGTCGCTCTAC-1,0,paclitaxel
Data8_sample_30_AGCGCTGTCGGTAGGA-1,0,paclitaxel
Data8_sample_30_AGCGCTGTCGTCGGGT-1,0,paclitaxel
Data8_sample_30_AGCGTATAGAAGCTGC-1,0,paclitaxel
Data8_sample_30_AGCGTATAGCCAACCC-1,0,paclitaxel
Data8_sample_30_AGCGTATCAGTTGCGC-1,0,paclitaxel
Data8_sample_30_AGCGTATGTCCCACGA-1,0,paclitaxel
Data8_sample_30_AGCGTATGTTATGACC-1,0,paclitaxel
Data8_sample_30_AGCGTATTCATCTGTT-1,0,paclitaxel
Data8_sample_30_AGCGTATTCGCATAGT-1,0,paclitaxel
Data8_sample_30_AGCGTCGAGATTGACA-1,0,paclitaxel
Data8_sample_30_AGCGTCGAGCACGGAT-1,0,paclitaxel
Data8_sample_30_AGCGTCGCACGTTCGG-1,0,paclitaxel
Data8_sample_30_AGCTACAAGTGGACTG-1,0,paclitaxel
Data8_sample_30_AGCTACACACTTTATC-1,0,paclitaxel
Data8_sample_30_AGCTACACAGAAATTG-1,0,paclitaxel
Data8_sample_30_AGCTACACATAATCGC-1,0,paclitaxel
Data8_sample_30_AGCTACAGTACTGCGC-1,0,paclitaxel
Data8_sample_30_AGCTACATCTTCCGTG-1,0,paclitaxel
Data8_sample_30_AGCTCAAAGAGCTTTC-1,0,paclitaxel
Data8_sample_30_AGCTCAAAGCTGTTAC-1,0,paclitaxel
Data8_sample_30_AGCTCAACATGTCTAG-1,0,paclitaxel
Data8_sample_30_AGCTCAAGTCCAGAAG-1,0,paclitaxel
Data8_sample_30_AGCTCAAGTTTCTATC-1,0,paclitaxel
Data8_sample_30_AGCTCAATCATGAGTC-1,0,paclitaxel
Data8_sample_30_AGCTCAATCTCAGTCC-1,0,paclitaxel
Data8_sample_30_AGCTCAATCTGAGAGG-1,0,paclitaxel
Data8_sample_30_AGCTTCCAGAAGGCTC-1,0,paclitaxel
Data8_sample_30_AGCTTCCAGGTTCCAT-1,0,paclitaxel
Data8_sample_30_AGCTTCCAGTTGTCGT-1,0,paclitaxel
Data8_sample_30_AGCTTCCCAACACTAC-1,0,paclitaxel
Data8_sample_30_AGCTTCCCAACTCGAT-1,0,paclitaxel
Data8_sample_30_AGCTTCCCACCAAAGG-1,0,paclitaxel
Data8_sample_30_AGCTTCCCAGTAACGG-1,0,paclitaxel
Data8_sample_30_AGCTTCCCATTCTCCG-1,0,paclitaxel
Data8_sample_30_AGCTTCCGTAGGTACG-1,0,paclitaxel
Data8_sample_30_AGCTTCCGTGATGAAT-1,0,paclitaxel
Data8_sample_30_AGCTTCCTCCGGACGT-1,0,paclitaxel
Data8_sample_30_AGGAAATAGCCTCGTG-1,0,paclitaxel
Data8_sample_30_AGGAAATGTCGTTTCC-1,0,paclitaxel
Data8_sample_30_AGGAAATGTTAGAGTA-1,0,paclitaxel
Data8_sample_30_AGGAAATTCCATTCGC-1,0,paclitaxel
Data8_sample_30_AGGAAATTCGTACCTC-1,0,paclitaxel
Data8_sample_30_AGGAATAAGGCTAAAT-1,0,paclitaxel
Data8_sample_30_AGGAATAAGTCACACT-1,0,paclitaxel
Data8_sample_30_AGGAATAAGTCGGCAA-1,0,paclitaxel
Data8_sample_30_AGGAATATCACCTTAT-1,0,paclitaxel
Data8_sample_30_AGGAATATCCTCAGAA-1,0,paclitaxel
Data8_sample_30_AGGACGAAGAAGTGTT-1,0,paclitaxel
Data8_sample_30_AGGACGAAGATGTTGA-1,0,paclitaxel
Data8_sample_30_AGGACGAAGCAATTCC-1,0,paclitaxel
Data8_sample_30_AGGACGACAAGGTCTT-1,0,paclitaxel
Data8_sample_30_AGGACGACATACGCAT-1,0,paclitaxel
Data8_sample_30_AGGACGAGTTTCGTAG-1,0,paclitaxel
Data8_sample_30_AGGACTTAGCGTCTCG-1,0,paclitaxel
Data8_sample_30_AGGACTTAGGATGTTA-1,0,paclitaxel
Data8_sample_30_AGGACTTCAGGCGATA-1,0,paclitaxel
Data8_sample_30_AGGACTTCATATGCGT-1,0,paclitaxel
Data8_sample_30_AGGACTTCATCTTCGC-1,0,paclitaxel
Data8_sample_30_AGGACTTGTATGAAAC-1,0,paclitaxel
Data8_sample_30_AGGACTTTCACCTGTC-1,0,paclitaxel
Data8_sample_30_AGGACTTTCACTGGTA-1,0,paclitaxel
Data8_sample_30_AGGAGGTAGCCTTCTC-1,0,paclitaxel
Data8_sample_30_AGGAGGTCAGCGGTCT-1,0,paclitaxel
Data8_sample_30_AGGAGGTGTCATCACA-1,0,paclitaxel
Data8_sample_30_AGGAGGTGTGGGTTGA-1,0,paclitaxel
Data8_sample_30_AGGAGGTTCCTACAAG-1,0,paclitaxel
Data8_sample_30_AGGATAAAGATGAATC-1,0,paclitaxel
Data8_sample_30_AGGATAAAGGTTCCAT-1,0,paclitaxel
Data8_sample_30_AGGATAACAATACCTG-1,0,paclitaxel
Data8_sample_30_AGGATAACAGATACCT-1,0,paclitaxel
Data8_sample_30_AGGATAACAGGCCTGT-1,0,paclitaxel
Data8_sample_30_AGGATAACAGGTGAGT-1,0,paclitaxel
Data8_sample_30_AGGATAAGTAGGGTAC-1,0,paclitaxel
Data8_sample_30_AGGATAATCAGCGCGT-1,0,paclitaxel
Data8_sample_30_AGGATCTAGGCCTAGA-1,0,paclitaxel
Data8_sample_30_AGGATCTAGTAGGCCA-1,0,paclitaxel
Data8_sample_30_AGGATCTCAATTGCTG-1,0,paclitaxel
Data8_sample_30_AGGATCTCACCTGTCT-1,0,paclitaxel
Data8_sample_30_AGGATCTCACGGTGTC-1,0,paclitaxel
Data8_sample_30_AGGATCTTCTCTAAGG-1,0,paclitaxel
Data8_sample_30_AGGATCTTCTTCGGAA-1,0,paclitaxel
Data8_sample_30_AGGCATTCAACTCGAT-1,0,paclitaxel
Data8_sample_30_AGGCATTGTATCATGC-1,0,paclitaxel
Data8_sample_30_AGGCATTGTCATTCCC-1,0,paclitaxel
Data8_sample_30_AGGCCACAGCTGTACT-1,0,paclitaxel
Data8_sample_30_AGGCCACAGGTGCCTC-1,0,paclitaxel
Data8_sample_30_AGGCCACCACTTGACA-1,0,paclitaxel
Data8_sample_30_AGGCCACGTGAACCGA-1,0,paclitaxel
Data8_sample_30_AGGCCACTCTGTCGTC-1,0,paclitaxel
Data8_sample_30_AGGCTGCCAGGATGAC-1,0,paclitaxel
Data8_sample_30_AGGCTGCGTCTCGACG-1,0,paclitaxel
Data8_sample_30_AGGCTGCGTTCCGCGA-1,0,paclitaxel
Data8_sample_30_AGGCTGCTCGGTCAGC-1,0,paclitaxel
Data8_sample_30_AGGCTGCTCGTTCGCT-1,0,paclitaxel
Data8_sample_30_AGGGAGTAGACTAGAT-1,0,paclitaxel
Data8_sample_30_AGGGAGTAGAGGCGTT-1,0,paclitaxel
Data8_sample_30_AGGGAGTAGTGCTCGC-1,0,paclitaxel
Data8_sample_30_AGGGAGTGTACAAAGT-1,0,paclitaxel
Data8_sample_30_AGGGAGTGTCCGATCG-1,0,paclitaxel
Data8_sample_30_AGGGAGTGTCTCGCGA-1,0,paclitaxel
Data8_sample_30_AGGGAGTGTGTCATGT-1,0,paclitaxel
Data8_sample_30_AGGGAGTTCTATACTC-1,0,paclitaxel
Data8_sample_30_AGGGCCTAGCGCCTAC-1,0,paclitaxel
Data8_sample_30_AGGGCCTGTCGTTTCC-1,0,paclitaxel
Data8_sample_30_AGGGCCTGTGTCTCCT-1,0,paclitaxel
Data8_sample_30_AGGGCCTGTTGTCAGT-1,0,paclitaxel
Data8_sample_30_AGGGCTCAGCATAGGC-1,0,paclitaxel
Data8_sample_30_AGGGCTCCAAAGGAGA-1,0,paclitaxel
Data8_sample_30_AGGGCTCCAATCCTTT-1,0,paclitaxel
Data8_sample_30_AGGGCTCCAGAACTTC-1,0,paclitaxel
Data8_sample_30_AGGGCTCGTCAGCGTC-1,0,paclitaxel
Data8_sample_30_AGGGCTCGTGGCCCAT-1,0,paclitaxel
Data8_sample_30_AGGGTCCCATAGATCC-1,0,paclitaxel
Data8_sample_30_AGGGTCCGTTTGTTGG-1,0,paclitaxel
Data8_sample_30_AGGGTCCTCCCAAGCG-1,0,paclitaxel
Data8_sample_30_AGGGTGAAGGGACTGT-1,0,paclitaxel
Data8_sample_30_AGGGTGACACATAACC-1,0,paclitaxel
Data8_sample_30_AGGGTGAGTCGCTTGG-1,0,paclitaxel
Data8_sample_30_AGGGTGAGTGTGTACT-1,0,paclitaxel
Data8_sample_30_AGGGTTTAGCGTCAGA-1,0,paclitaxel
Data8_sample_30_AGGTAGGAGCTCAGAG-1,0,paclitaxel
Data8_sample_30_AGGTAGGAGGTTGCCC-1,0,paclitaxel
Data8_sample_30_AGGTAGGAGTGATAGT-1,0,paclitaxel
Data8_sample_30_AGGTCATAGAACCCGA-1,0,paclitaxel
Data8_sample_30_AGGTCATAGGGTTGCA-1,0,paclitaxel
Data8_sample_30_AGGTCATAGTGACCTT-1,0,paclitaxel
Data8_sample_30_AGGTCATCAAAGGGCT-1,0,paclitaxel
Data8_sample_30_AGGTCATCATACATCG-1,0,paclitaxel
Data8_sample_30_AGGTCATCATACGCAT-1,0,paclitaxel
Data8_sample_30_AGGTCTAAGTCCCAAT-1,0,paclitaxel
Data8_sample_30_AGGTCTAGTCGTGGTC-1,0,paclitaxel
Data8_sample_30_AGGTCTAGTTGAATCC-1,0,paclitaxel
Data8_sample_30_AGGTCTATCCATCTGC-1,0,paclitaxel
Data8_sample_30_AGGTCTATCGCATAGT-1,0,paclitaxel
Data8_sample_30_AGGTGTTCAACCAACT-1,0,paclitaxel
Data8_sample_30_AGGTGTTCAATGTGGG-1,0,paclitaxel
Data8_sample_30_AGGTGTTGTATCATGC-1,0,paclitaxel
Data8_sample_30_AGGTGTTGTGAGCAGT-1,0,paclitaxel
Data8_sample_30_AGGTGTTTCAACTTTC-1,0,paclitaxel
Data8_sample_30_AGGTGTTTCTACGGTA-1,0,paclitaxel
Data8_sample_30_AGGTGTTTCTGAGATC-1,0,paclitaxel
Data8_sample_30_AGGTTACAGATGTTGA-1,0,paclitaxel
Data8_sample_30_AGGTTACAGCTCATAC-1,0,paclitaxel
Data8_sample_30_AGGTTACCATGGGTTT-1,0,paclitaxel
Data8_sample_30_AGGTTACTCTGATGGT-1,0,paclitaxel
Data8_sample_30_AGGTTGTAGTAGCATA-1,0,paclitaxel
Data8_sample_30_AGGTTGTCACACGTGC-1,0,paclitaxel
Data8_sample_30_AGGTTGTCAGTGCCTG-1,0,paclitaxel
Data8_sample_30_AGTAACCCAGATGCGA-1,0,paclitaxel
Data8_sample_30_AGTAACCGTCGGTGAA-1,0,paclitaxel
Data8_sample_30_AGTAACCGTGGAATGC-1,0,paclitaxel
Data8_sample_30_AGTAACCGTTCCGGTG-1,0,paclitaxel
Data8_sample_30_AGTACCAAGAGTAACT-1,0,paclitaxel
Data8_sample_30_AGTACCAAGATTGATG-1,0,paclitaxel
Data8_sample_30_AGTACCAAGCATGTTC-1,0,paclitaxel
Data8_sample_30_AGTACCACAACTCATG-1,0,paclitaxel
Data8_sample_30_AGTACCACAGCGGATA-1,0,paclitaxel
Data8_sample_30_AGTACCACAGCTTCCT-1,0,paclitaxel
Data8_sample_30_AGTACCATCACCGCTT-1,0,paclitaxel
Data8_sample_30_AGTACCATCACTACTT-1,0,paclitaxel
Data8_sample_30_AGTACCATCCAGCCTT-1,0,paclitaxel
Data8_sample_30_AGTACCATCCGTGGGT-1,0,paclitaxel
Data8_sample_30_AGTACTGAGAGGATCC-1,0,paclitaxel
Data8_sample_30_AGTACTGGTCAGTCGC-1,0,paclitaxel
Data8_sample_30_AGTACTGGTCATGACT-1,0,paclitaxel
Data8_sample_30_AGTACTGGTCCATACA-1,0,paclitaxel
Data8_sample_30_AGTACTGGTCGAGCAA-1,0,paclitaxel
Data8_sample_30_AGTAGCTCACTCTAGA-1,0,paclitaxel
Data8_sample_30_AGTAGCTGTTGGCCGT-1,0,paclitaxel
Data8_sample_30_AGTAGCTTCAAGTGGG-1,0,paclitaxel
Data8_sample_30_AGTAGCTTCTGAGGCC-1,0,paclitaxel
Data8_sample_30_AGTAGTCAGAGAGAAC-1,0,paclitaxel
Data8_sample_30_AGTAGTCAGCACTAAA-1,0,paclitaxel
Data8_sample_30_AGTAGTCAGCTACAAA-1,0,paclitaxel
Data8_sample_30_AGTAGTCAGCTGCGAA-1,0,paclitaxel
Data8_sample_30_AGTAGTCAGTAACAGT-1,0,paclitaxel
Data8_sample_30_AGTAGTCCACCCAATA-1,0,paclitaxel
Data8_sample_30_AGTAGTCGTGAATTGA-1,0,paclitaxel
Data8_sample_30_AGTAGTCTCGCTCTCA-1,0,paclitaxel
Data8_sample_30_AGTCAACAGAAGCCAC-1,0,paclitaxel
Data8_sample_30_AGTCAACGTCGAAACG-1,0,paclitaxel
Data8_sample_30_AGTCACAAGCGTCAAG-1,0,paclitaxel
Data8_sample_30_AGTCACAAGTTGGCGA-1,0,paclitaxel
Data8_sample_30_AGTCACACACAGCATT-1,0,paclitaxel
Data8_sample_30_AGTCACACAGTGTACT-1,0,paclitaxel
Data8_sample_30_AGTCACAGTTAGGGTG-1,0,paclitaxel
Data8_sample_30_AGTCACATCAGACCCG-1,0,paclitaxel
Data8_sample_30_AGTCACATCTTCCTAA-1,0,paclitaxel
Data8_sample_30_AGTCATGAGCTGTTCA-1,0,paclitaxel
Data8_sample_30_AGTCATGAGTGCACAG-1,0,paclitaxel
Data8_sample_30_AGTCATGTCTGCATGA-1,0,paclitaxel
Data8_sample_30_AGTCTCCAGCCTCTCT-1,0,paclitaxel
Data8_sample_30_AGTCTCCAGGATATAC-1,0,paclitaxel
Data8_sample_30_AGTCTCCAGGGTAATT-1,0,paclitaxel
Data8_sample_30_AGTCTCCAGTGCGCTC-1,0,paclitaxel
Data8_sample_30_AGTCTCCGTCATAACC-1,0,paclitaxel
Data8_sample_30_AGTCTCCGTCTGTAGT-1,0,paclitaxel
Data8_sample_30_AGTCTCCTCCGTGGCA-1,0,paclitaxel
Data8_sample_30_AGTCTCCTCGACATTG-1,0,paclitaxel
Data8_sample_30_AGTGACTGTCATTGCA-1,0,paclitaxel
Data8_sample_30_AGTGACTGTGAATAAC-1,0,paclitaxel
Data8_sample_30_AGTGACTGTTACGATC-1,0,paclitaxel
Data8_sample_30_AGTGATCAGGATTTAG-1,0,paclitaxel
Data8_sample_30_AGTGATCGTCCTTTGC-1,0,paclitaxel
Data8_sample_30_AGTGATCTCGTTGTGA-1,0,paclitaxel
Data8_sample_30_AGTGATCTCTTGCGCT-1,0,paclitaxel
Data8_sample_30_AGTGCCGAGAGCCGAT-1,0,paclitaxel
Data8_sample_30_AGTGCCGAGTGCCAGA-1,0,paclitaxel
Data8_sample_30_AGTGCCGCACAGTGTT-1,0,paclitaxel
Data8_sample_30_AGTGCCGTCGCCAACG-1,0,paclitaxel
Data8_sample_30_AGTGCCGTCGTCTAAG-1,0,paclitaxel
Data8_sample_30_AGTGTTGAGTATGCAA-1,0,paclitaxel
Data8_sample_30_AGTGTTGCAAGAAACT-1,0,paclitaxel
Data8_sample_30_AGTGTTGCAGCGTTTA-1,0,paclitaxel
Data8_sample_30_AGTGTTGCATCGCTAA-1,0,paclitaxel
Data8_sample_30_AGTGTTGGTAAGACCG-1,0,paclitaxel
Data8_sample_30_AGTGTTGGTAGTGATA-1,0,paclitaxel
Data8_sample_30_AGTGTTGGTGGACTGA-1,0,paclitaxel
Data8_sample_30_AGTTAGCAGTAGCTCT-1,0,paclitaxel
Data8_sample_30_AGTTAGCCACAGAGCA-1,0,paclitaxel
Data8_sample_30_AGTTAGCCAGGAATCG-1,0,paclitaxel
Data8_sample_30_AGTTAGCGTATGCTAC-1,0,paclitaxel
Data8_sample_30_AGTTAGCGTTAGCTAC-1,0,paclitaxel
Data8_sample_30_AGTTAGCTCATCCTAT-1,0,paclitaxel
Data8_sample_30_AGTTAGCTCGCCCAGA-1,0,paclitaxel
Data8_sample_30_AGTTCCCAGCACCGAA-1,0,paclitaxel
Data8_sample_30_AGTTCCCAGGTGAGAA-1,0,paclitaxel
Data8_sample_30_AGTTCCCCAACTCGAT-1,0,paclitaxel
Data8_sample_30_AGTTCCCGTGGCGCTT-1,0,paclitaxel
Data8_sample_30_AGTTCCCTCACTCTTA-1,0,paclitaxel
Data8_sample_30_AGTTCCCTCAGACCGC-1,0,paclitaxel
Data8_sample_30_AGTTCCCTCCACCTGT-1,0,paclitaxel
Data8_sample_30_AGTTCGAAGAAGCCAC-1,0,paclitaxel
Data8_sample_30_AGTTCGACAACGTAAA-1,0,paclitaxel
Data8_sample_30_AGTTCGAGTTGCCGCA-1,0,paclitaxel
Data8_sample_30_AGTTCGATCAACTCTT-1,0,paclitaxel
Data8_sample_30_AGTTCGATCAATCGGT-1,0,paclitaxel
Data8_sample_30_ATACCGAAGGGTCACA-1,0,paclitaxel
Data8_sample_30_ATACCGAGTAGCGTTT-1,0,paclitaxel
Data8_sample_30_ATACCGATCAGCTGTA-1,0,paclitaxel
Data8_sample_30_ATACCGATCTATCACT-1,0,paclitaxel
Data8_sample_30_ATACCTTAGAATTGCA-1,0,paclitaxel
Data8_sample_30_ATACCTTAGATCGACG-1,0,paclitaxel
Data8_sample_30_ATACCTTCACCGGAAA-1,0,paclitaxel
Data8_sample_30_ATACCTTCACTCCCTA-1,0,paclitaxel
Data8_sample_30_ATACCTTTCTTACCAT-1,0,paclitaxel
Data8_sample_30_ATACTTCAGCAACTTC-1,0,paclitaxel
Data8_sample_30_ATACTTCCACGGTCTG-1,0,paclitaxel
Data8_sample_30_ATACTTCCATCTCAAG-1,0,paclitaxel
Data8_sample_30_ATACTTCTCATGCCAA-1,0,paclitaxel
Data8_sample_30_ATACTTCTCCTGGCTT-1,0,paclitaxel
Data8_sample_30_ATACTTCTCGTAGAGG-1,0,paclitaxel
Data8_sample_30_ATACTTCTCGTCACCT-1,0,paclitaxel
Data8_sample_30_ATACTTCTCGTTATCT-1,0,paclitaxel
Data8_sample_30_ATAGACCAGGAAAGGT-1,0,paclitaxel
Data8_sample_30_ATAGACCAGTCCTACA-1,0,paclitaxel
Data8_sample_30_ATAGACCCAAGACCGA-1,0,paclitaxel
Data8_sample_30_ATAGACCCACCGTACG-1,0,paclitaxel
Data8_sample_30_ATAGACCCATAATGCC-1,0,paclitaxel
Data8_sample_30_ATAGACCGTACAGTAA-1,0,paclitaxel
Data8_sample_30_ATAGACCGTTCAGCGC-1,0,paclitaxel
Data8_sample_30_ATAGAGAAGACTAGAT-1,0,paclitaxel
Data8_sample_30_ATAGAGACAACGATTC-1,0,paclitaxel
Data8_sample_30_ATAGAGACAGAAGCTG-1,0,paclitaxel
Data8_sample_30_ATAGAGACATGTGACT-1,0,paclitaxel
Data8_sample_30_ATAGAGATCGTAGTCA-1,0,paclitaxel
Data8_sample_30_ATAGGCTAGACCACGA-1,0,paclitaxel
Data8_sample_30_ATAGGCTAGTGGACGT-1,0,paclitaxel
Data8_sample_30_ATAGGCTCAACTCGTA-1,0,paclitaxel
Data8_sample_30_ATAGGCTGTAACACCT-1,0,paclitaxel
Data8_sample_30_ATAGGCTGTGCGAGTA-1,0,paclitaxel
Data8_sample_30_ATAGGCTGTGGATACG-1,0,paclitaxel
Data8_sample_30_ATAGGCTGTTGCCAAT-1,0,paclitaxel
Data8_sample_30_ATAGGCTTCGAATCCA-1,0,paclitaxel
Data8_sample_30_ATAGGCTTCGATAACC-1,0,paclitaxel
Data8_sample_30_ATATCCTAGCTCTGTA-1,0,paclitaxel
Data8_sample_30_ATATCCTAGTTGGAGC-1,0,paclitaxel
Data8_sample_30_ATATCCTCACATGAAA-1,0,paclitaxel
Data8_sample_30_ATATCCTGTACCCGCA-1,0,paclitaxel
Data8_sample_30_ATATCCTGTACGTTCA-1,0,paclitaxel
Data8_sample_30_ATATCCTGTCACTACA-1,0,paclitaxel
Data8_sample_30_ATATCCTGTGGAGGTT-1,0,paclitaxel
Data8_sample_30_ATATCCTGTTATTCCT-1,0,paclitaxel
Data8_sample_30_ATATCCTGTTGCCGAC-1,0,paclitaxel
Data8_sample_30_ATATCCTTCGACCCAG-1,0,paclitaxel
Data8_sample_30_ATATCCTTCTCTAAGG-1,0,paclitaxel
Data8_sample_30_ATCACAGAGGTGAGAA-1,0,paclitaxel
Data8_sample_30_ATCACAGAGTAGAGTT-1,0,paclitaxel
Data8_sample_30_ATCACAGGTTTCACTT-1,0,paclitaxel
Data8_sample_30_ATCACAGTCAAACCTG-1,0,paclitaxel
Data8_sample_30_ATCACAGTCAAAGACA-1,0,paclitaxel
Data8_sample_30_ATCACAGTCACCCTTG-1,0,paclitaxel
Data8_sample_30_ATCACAGTCCGATCTC-1,0,paclitaxel
Data8_sample_30_ATCACAGTCGGTAAGG-1,0,paclitaxel
Data8_sample_30_ATCACAGTCTAGACAC-1,0,paclitaxel
Data8_sample_30_ATCACGAAGTACCGGA-1,0,paclitaxel
Data8_sample_30_ATCACTTAGATGGTCG-1,0,paclitaxel
Data8_sample_30_ATCACTTAGTCGCGAA-1,0,paclitaxel
Data8_sample_30_ATCACTTCATTGAGCT-1,0,paclitaxel
Data8_sample_30_ATCACTTTCGGTCTGG-1,0,paclitaxel
Data8_sample_30_ATCACTTTCTCAGGCG-1,0,paclitaxel
Data8_sample_30_ATCAGGTAGCATGCAG-1,0,paclitaxel
Data8_sample_30_ATCAGGTCAATACGAA-1,0,paclitaxel
Data8_sample_30_ATCAGGTGTGAAGCTG-1,0,paclitaxel
Data8_sample_30_ATCAGGTGTGGCTTAT-1,0,paclitaxel
Data8_sample_30_ATCATTCAGCGCCATC-1,0,paclitaxel
Data8_sample_30_ATCCACCGTGGTCTGC-1,0,paclitaxel
Data8_sample_30_ATCCACCGTTGCGGAA-1,0,paclitaxel
Data8_sample_30_ATCCACCTCCAGCAAT-1,0,paclitaxel
Data8_sample_30_ATCCACCTCGGCAGTC-1,0,paclitaxel
Data8_sample_30_ATCCACCTCTGCCCTA-1,0,paclitaxel
Data8_sample_30_ATCCATTAGGGTTGCA-1,0,paclitaxel
Data8_sample_30_ATCCATTAGGTGGCTA-1,0,paclitaxel
Data8_sample_30_ATCCATTAGTGGACTG-1,0,paclitaxel
Data8_sample_30_ATCCATTCAAAGACTA-1,0,paclitaxel
Data8_sample_30_ATCCATTCAACGGCTC-1,0,paclitaxel
Data8_sample_30_ATCCATTCACGAGGTA-1,0,paclitaxel
Data8_sample_30_ATCCATTCAGCTGCCA-1,0,paclitaxel
Data8_sample_30_ATCCATTGTCTGCGCA-1,0,paclitaxel
Data8_sample_30_ATCCATTGTTTGAAAG-1,0,paclitaxel
Data8_sample_30_ATCCCTGCAACACGAG-1,0,paclitaxel
Data8_sample_30_ATCCCTGCAATGAGCG-1,0,paclitaxel
Data8_sample_30_ATCCCTGCATGTTACG-1,0,paclitaxel
Data8_sample_30_ATCCCTGGTATGAGAT-1,0,paclitaxel
Data8_sample_30_ATCCCTGGTGCTATTG-1,0,paclitaxel
Data8_sample_30_ATCCCTGGTTCTCGCT-1,0,paclitaxel
Data8_sample_30_ATCCCTGTCACCGGGT-1,0,paclitaxel
Data8_sample_30_ATCCCTGTCGACATCA-1,0,paclitaxel
Data8_sample_30_ATCCCTGTCGCGAAGA-1,0,paclitaxel
Data8_sample_30_ATCCGTCCACGGTGTC-1,0,paclitaxel
Data8_sample_30_ATCCGTCGTGCCTTTC-1,0,paclitaxel
Data8_sample_30_ATCCGTCTCAACTCTT-1,0,paclitaxel
Data8_sample_30_ATCCGTCTCACTGATG-1,0,paclitaxel
Data8_sample_30_ATCCGTCTCGTCGCTT-1,0,paclitaxel
Data8_sample_30_ATCCTATAGAGGATCC-1,0,paclitaxel
Data8_sample_30_ATCCTATCAATGTCAC-1,0,paclitaxel
Data8_sample_30_ATCCTATCAATTCGTG-1,0,paclitaxel
Data8_sample_30_ATCCTATCATAATCGC-1,0,paclitaxel
Data8_sample_30_ATCCTATGTGGCTACC-1,0,paclitaxel
Data8_sample_30_ATCCTATGTGTCTTAG-1,0,paclitaxel
Data8_sample_30_ATCCTATTCTGCCTGT-1,0,paclitaxel
Data8_sample_30_ATCGATGCAATCGCGC-1,0,paclitaxel
Data8_sample_30_ATCGATGGTCTTCTAT-1,0,paclitaxel
Data8_sample_30_ATCGATGTCGGAGCAA-1,0,paclitaxel
Data8_sample_30_ATCGCCTAGCGAATGC-1,0,paclitaxel
Data8_sample_30_ATCGCCTAGGAACGAA-1,0,paclitaxel
Data8_sample_30_ATCGCCTAGGTTAGTA-1,0,paclitaxel
Data8_sample_30_ATCGCCTCACAGAAGC-1,0,paclitaxel
Data8_sample_30_ATCGCCTGTAATTGGA-1,0,paclitaxel
Data8_sample_30_ATCGCCTGTACAGGTG-1,0,paclitaxel
Data8_sample_30_ATCGCCTGTTTCTATC-1,0,paclitaxel
Data8_sample_30_ATCGCCTTCACCTCTG-1,0,paclitaxel
Data8_sample_30_ATCGGATAGACGGATC-1,0,paclitaxel
Data8_sample_30_ATCGGATAGTCTCTGA-1,0,paclitaxel
Data8_sample_30_ATCGGATAGTGCACTT-1,0,paclitaxel
Data8_sample_30_ATCGGATCAACACTAC-1,0,paclitaxel
Data8_sample_30_ATCGGATCAACTCGTA-1,0,paclitaxel
Data8_sample_30_ATCGGATCACTGAGGA-1,0,paclitaxel
Data8_sample_30_ATCGGATCATCTATCT-1,0,paclitaxel
Data8_sample_30_ATCGGATGTCTTCATT-1,0,paclitaxel
Data8_sample_30_ATCGGATTCGTAGCCG-1,0,paclitaxel
Data8_sample_30_ATCGGATTCTTAAGGC-1,0,paclitaxel
Data8_sample_30_ATCGGCGAGCTCCACG-1,0,paclitaxel
Data8_sample_30_ATCGGCGCAACTCGTA-1,0,paclitaxel
Data8_sample_30_ATCGGCGCACAACGTT-1,0,paclitaxel
Data8_sample_30_ATCGGCGGTGTAGCAG-1,0,paclitaxel
Data8_sample_30_ATCGTAGAGACAAGCC-1,0,paclitaxel
Data8_sample_30_ATCGTAGAGTAACGAT-1,0,paclitaxel
Data8_sample_30_ATCGTAGCACGGTGTC-1,0,paclitaxel
Data8_sample_30_ATCGTAGGTGTGTTTG-1,0,paclitaxel
Data8_sample_30_ATCGTCCGTAGCCAGA-1,0,paclitaxel
Data8_sample_30_ATCGTCCTCACTCACC-1,0,paclitaxel
Data8_sample_30_ATCGTGACAAAGCTAA-1,0,paclitaxel
Data8_sample_30_ATCGTGACACCGCTGA-1,0,paclitaxel
Data8_sample_30_ATCGTGATCTTGGCTC-1,0,paclitaxel
Data8_sample_30_ATCTCTAAGAGGTTAT-1,0,paclitaxel
Data8_sample_30_ATCTCTAAGGTTCTTG-1,0,paclitaxel
Data8_sample_30_ATCTCTACAGAGACTG-1,0,paclitaxel
Data8_sample_30_ATCTCTACATGAAAGT-1,0,paclitaxel
Data8_sample_30_ATCTCTACATTGCTTT-1,0,paclitaxel
Data8_sample_30_ATCTCTAGTATTGAGA-1,0,paclitaxel
Data8_sample_30_ATCTCTAGTGATTGGG-1,0,paclitaxel
Data8_sample_30_ATCTCTATCCACTAGA-1,0,paclitaxel
Data8_sample_30_ATCTCTATCCGTGCGA-1,0,paclitaxel
Data8_sample_30_ATCTCTATCGCTAATG-1,0,paclitaxel
Data8_sample_30_ATCTTCACACTGAGTT-1,0,paclitaxel
Data8_sample_30_ATCTTCACAGCAGGAT-1,0,paclitaxel
Data8_sample_30_ATCTTCACAGTTGGTT-1,0,paclitaxel
Data8_sample_30_ATCTTCAGTTCGGCGT-1,0,paclitaxel
Data8_sample_30_ATCTTCATCCACGGAC-1,0,paclitaxel
Data8_sample_30_ATCTTCATCGCAGTTA-1,0,paclitaxel
Data8_sample_30_ATCTTCATCTTCCCGA-1,0,paclitaxel
Data8_sample_30_ATGAAAGAGCGTTCAT-1,0,paclitaxel
Data8_sample_30_ATGAAAGAGCTGGCTC-1,0,paclitaxel
Data8_sample_30_ATGAAAGAGGTAAGGA-1,0,paclitaxel
Data8_sample_30_ATGAAAGCAAGCTCTA-1,0,paclitaxel
Data8_sample_30_ATGAAAGCACGACAGA-1,0,paclitaxel
Data8_sample_30_ATGAAAGCATCGATGT-1,0,paclitaxel
Data8_sample_30_ATGAAAGGTCAAACGG-1,0,paclitaxel
Data8_sample_30_ATGAAAGTCACTGATG-1,0,paclitaxel
Data8_sample_30_ATGACCACACTGCACG-1,0,paclitaxel
Data8_sample_30_ATGACCAGTACGTTCA-1,0,paclitaxel
Data8_sample_30_ATGACCAGTGTTCGAT-1,0,paclitaxel
Data8_sample_30_ATGACCATCAAAGGAT-1,0,paclitaxel
Data8_sample_30_ATGACCATCACAATGC-1,0,paclitaxel
Data8_sample_30_ATGACCATCACGAACT-1,0,paclitaxel
Data8_sample_30_ATGACCATCGCTGATA-1,0,paclitaxel
Data8_sample_30_ATGACCATCGCTTTAT-1,0,paclitaxel
Data8_sample_30_ATGACCATCGTCGATA-1,0,paclitaxel
Data8_sample_30_ATGAGGGCACGCGTGT-1,0,paclitaxel
Data8_sample_30_ATGAGGGCATCAGTGT-1,0,paclitaxel
Data8_sample_30_ATGAGGGGTATGCGGA-1,0,paclitaxel
Data8_sample_30_ATGAGGGTCATCCTGC-1,0,paclitaxel
Data8_sample_30_ATGAGGGTCGCAGTTA-1,0,paclitaxel
Data8_sample_30_ATGAGGGTCGCGTGAC-1,0,paclitaxel
Data8_sample_30_ATGAGTCAGGAGTATT-1,0,paclitaxel
Data8_sample_30_ATGAGTCCACGCACCA-1,0,paclitaxel
Data8_sample_30_ATGAGTCGTGGCCTCA-1,0,paclitaxel
Data8_sample_30_ATGAGTCGTGGTTTGT-1,0,paclitaxel
Data8_sample_30_ATGATCGCACCAGCTG-1,0,paclitaxel
Data8_sample_30_ATGCATGAGGACATCG-1,0,paclitaxel
Data8_sample_30_ATGCATGGTATCTCGA-1,0,paclitaxel
Data8_sample_30_ATGCATGTCAATCTTC-1,0,paclitaxel
Data8_sample_30_ATGCATGTCCTGGGAC-1,0,paclitaxel
Data8_sample_30_ATGCCTCAGTGCGTCC-1,0,paclitaxel
Data8_sample_30_ATGCCTCGTATCGGTT-1,0,paclitaxel
Data8_sample_30_ATGCCTCGTATTGACC-1,0,paclitaxel
Data8_sample_30_ATGCGATAGCCGGAAT-1,0,paclitaxel
Data8_sample_30_ATGCGATAGTGCACTT-1,0,paclitaxel
Data8_sample_30_ATGCGATTCGCCTTGT-1,0,paclitaxel
Data8_sample_30_ATGGAGGAGATAGCAT-1,0,paclitaxel
Data8_sample_30_ATGGAGGAGTTTCGGT-1,0,paclitaxel
Data8_sample_30_ATGGAGGCAACGTAAA-1,0,paclitaxel
Data8_sample_30_ATGGAGGTCTACTGAG-1,0,paclitaxel
Data8_sample_30_ATGGATCCACCCTATC-1,0,paclitaxel
Data8_sample_30_ATGGATCCAGAGACTG-1,0,paclitaxel
Data8_sample_30_ATGGATCGTAGATGTA-1,0,paclitaxel
Data8_sample_30_ATGGGAGCAAATGGAT-1,0,paclitaxel
Data8_sample_30_ATGGGAGGTCGAGCTC-1,0,paclitaxel
Data8_sample_30_ATGGGAGTCGGACTGC-1,0,paclitaxel
Data8_sample_30_ATGGGTTCAACACACT-1,0,paclitaxel
Data8_sample_30_ATGGGTTGTACGCTTA-1,0,paclitaxel
Data8_sample_30_ATGGGTTTCACATACG-1,0,paclitaxel
Data8_sample_30_ATGGGTTTCTTCCACG-1,0,paclitaxel
Data8_sample_30_ATGGTTGAGCTTACGT-1,0,paclitaxel
Data8_sample_30_ATGGTTGCACCGAATT-1,0,paclitaxel
Data8_sample_30_ATGGTTGGTACCTAAC-1,0,paclitaxel
Data8_sample_30_ATGGTTGGTGTTGAGG-1,0,paclitaxel
Data8_sample_30_ATGGTTGTCGAACCTA-1,0,paclitaxel
Data8_sample_30_ATGTCCCAGGCACTCC-1,0,paclitaxel
Data8_sample_30_ATGTCCCCAAACTAGA-1,0,paclitaxel
Data8_sample_30_ATGTCCCCAACAGTGG-1,0,paclitaxel
Data8_sample_30_ATGTCCCCAGTATACC-1,0,paclitaxel
Data8_sample_30_ATGTCCCGTCCAGCCA-1,0,paclitaxel
Data8_sample_30_ATGTCCCGTGACCGTC-1,0,paclitaxel
Data8_sample_30_ATGTCCCGTTAAACAG-1,0,paclitaxel
Data8_sample_30_ATGTCCCTCACGGGCT-1,0,paclitaxel
Data8_sample_30_ATGTCCCTCTGGGATT-1,0,paclitaxel
Data8_sample_30_ATGTCTTCATCTTCGC-1,0,paclitaxel
Data8_sample_30_ATTACCTAGCAGGTCA-1,0,paclitaxel
Data8_sample_30_ATTACCTCAGCACCCA-1,0,paclitaxel
Data8_sample_30_ATTACCTCAGGCATTT-1,0,paclitaxel
Data8_sample_30_ATTACCTTCCCGTTGT-1,0,paclitaxel
Data8_sample_30_ATTACCTTCCGTAGGC-1,0,paclitaxel
Data8_sample_30_ATTACCTTCGTGGGAA-1,0,paclitaxel
Data8_sample_30_ATTACTCCAGGTTCCG-1,0,paclitaxel
Data8_sample_30_ATTACTCGTGTCATTG-1,0,paclitaxel
Data8_sample_30_ATTACTCTCCATAGGT-1,0,paclitaxel
Data8_sample_30_ATTATCCAGAGCTGCA-1,0,paclitaxel
Data8_sample_30_ATTATCCAGTCTAGAA-1,0,paclitaxel
Data8_sample_30_ATTATCCCAAAGCGTG-1,0,paclitaxel
Data8_sample_30_ATTATCCGTAGTAAGT-1,0,paclitaxel
Data8_sample_30_ATTATCCGTAGTGCGA-1,0,paclitaxel
Data8_sample_30_ATTCACTAGACTTGTC-1,0,paclitaxel
Data8_sample_30_ATTCACTCATAATGAG-1,0,paclitaxel
Data8_sample_30_ATTCACTCATCCGGTG-1,0,paclitaxel
Data8_sample_30_ATTCACTCATGAATCC-1,0,paclitaxel
Data8_sample_30_ATTCACTCATTGGATC-1,0,paclitaxel
Data8_sample_30_ATTCACTGTATCGAGG-1,0,paclitaxel
Data8_sample_30_ATTCACTTCACCGGGT-1,0,paclitaxel
Data8_sample_30_ATTCACTTCAGGAAGC-1,0,paclitaxel
Data8_sample_30_ATTCACTTCGCCTTGT-1,0,paclitaxel
Data8_sample_30_ATTCAGGAGAGCGACT-1,0,paclitaxel
Data8_sample_30_ATTCAGGAGGTATAGT-1,0,paclitaxel
Data8_sample_30_ATTCAGGCACCCATAA-1,0,paclitaxel
Data8_sample_30_ATTCAGGTCACTCGAA-1,0,paclitaxel
Data8_sample_30_ATTCAGGTCATGTCTT-1,0,paclitaxel
Data8_sample_30_ATTCAGGTCCAACACA-1,0,paclitaxel
Data8_sample_30_ATTCAGGTCTAGACAC-1,0,paclitaxel
Data8_sample_30_ATTCATCAGCTAAACA-1,0,paclitaxel
Data8_sample_30_ATTCATCAGGAACGCT-1,0,paclitaxel
Data8_sample_30_ATTCATCAGGGCGAAG-1,0,paclitaxel
Data8_sample_30_ATTCATCAGGTCATTC-1,0,paclitaxel
Data8_sample_30_ATTCATCCAAGAGGCT-1,0,paclitaxel
Data8_sample_30_ATTCATCTCTAGTGTG-1,0,paclitaxel
Data8_sample_30_ATTCCATAGCTCCGAC-1,0,paclitaxel
Data8_sample_30_ATTCCATAGGAGATAG-1,0,paclitaxel
Data8_sample_30_ATTCCATAGGCTTAAA-1,0,paclitaxel
Data8_sample_30_ATTCCATCAAATTAGG-1,0,paclitaxel
Data8_sample_30_ATTCCATCAGACCATT-1,0,paclitaxel
Data8_sample_30_ATTCCATGTTGGGTAG-1,0,paclitaxel
Data8_sample_30_ATTCCATTCGGCGATC-1,0,paclitaxel
Data8_sample_30_ATTCCATTCTATCACT-1,0,paclitaxel
Data8_sample_30_ATTCCCGCAATAGAGT-1,0,paclitaxel
Data8_sample_30_ATTCCCGCAGTCGCTG-1,0,paclitaxel
Data8_sample_30_ATTCCCGGTCAAGTTC-1,0,paclitaxel
Data8_sample_30_ATTCCCGGTCTGTAGT-1,0,paclitaxel
Data8_sample_30_ATTCCCGTCATTTGGG-1,0,paclitaxel
Data8_sample_30_ATTCCCGTCGGTCTAA-1,0,paclitaxel
Data8_sample_30_ATTCCTACAGGCTTGC-1,0,paclitaxel
Data8_sample_30_ATTCCTAGTATACAGA-1,0,paclitaxel
Data8_sample_30_ATTCCTAGTGTACATC-1,0,paclitaxel
Data8_sample_30_ATTCGTTCATTGTCGA-1,0,paclitaxel
Data8_sample_30_ATTCGTTGTTCGGTTA-1,0,paclitaxel
Data8_sample_30_ATTCGTTTCCACTGGG-1,0,paclitaxel
Data8_sample_30_ATTCGTTTCTTCTAAC-1,0,paclitaxel
Data8_sample_30_ATTCTACAGAGGTGCT-1,0,paclitaxel
Data8_sample_30_ATTCTACCATCTGGGC-1,0,paclitaxel
Data8_sample_30_ATTCTTGAGTCGCCCA-1,0,paclitaxel
Data8_sample_30_ATTCTTGCAGGCGAAT-1,0,paclitaxel
Data8_sample_30_ATTCTTGCATTGTACG-1,0,paclitaxel
Data8_sample_30_ATTCTTGGTCACCTTC-1,0,paclitaxel
Data8_sample_30_ATTCTTGGTGACTCTA-1,0,paclitaxel
Data8_sample_30_ATTCTTGTCACCGACG-1,0,paclitaxel
Data8_sample_30_ATTCTTGTCTCATGGA-1,0,paclitaxel
Data8_sample_30_ATTGGGTGTCGGAAAC-1,0,paclitaxel
Data8_sample_30_ATTGGGTGTTCCACAA-1,0,paclitaxel
Data8_sample_30_ATTGGGTTCCCATAAG-1,0,paclitaxel
Data8_sample_30_ATTGGGTTCTGTCGCT-1,0,paclitaxel
Data8_sample_30_ATTGTTCAGTGTGTTC-1,0,paclitaxel
Data8_sample_30_ATTGTTCCAATCTCTT-1,0,paclitaxel
Data8_sample_30_ATTGTTCGTCAGACTT-1,0,paclitaxel
Data8_sample_30_ATTGTTCGTCGGTAAG-1,0,paclitaxel
Data8_sample_30_ATTTACCAGATGTTGA-1,0,paclitaxel
Data8_sample_30_ATTTACCAGCATACTC-1,0,paclitaxel
Data8_sample_30_ATTTACCAGTTCCGGC-1,0,paclitaxel
Data8_sample_30_ATTTACCCAACCGCTG-1,0,paclitaxel
Data8_sample_30_ATTTACCCAATCTGCA-1,0,paclitaxel
Data8_sample_30_ATTTACCGTATGGTTC-1,0,paclitaxel
Data8_sample_30_ATTTACCTCACTGATG-1,0,paclitaxel
Data8_sample_30_ATTTACCTCGTCGATA-1,0,paclitaxel
Data8_sample_30_ATTTACCTCTGTCGTC-1,0,paclitaxel
Data8_sample_30_ATTTCACAGGAGTCTG-1,0,paclitaxel
Data8_sample_30_ATTTCACGTACGTGTT-1,0,paclitaxel
Data8_sample_30_ATTTCACGTATCATGC-1,0,paclitaxel
Data8_sample_30_ATTTCACGTGGTCTTA-1,0,paclitaxel
Data8_sample_30_ATTTCACGTTGTGTTG-1,0,paclitaxel
Data8_sample_30_ATTTCACTCCAGTACA-1,0,paclitaxel
Data8_sample_30_ATTTCACTCGGCTTCT-1,0,paclitaxel
Data8_sample_30_ATTTCACTCGTTCATT-1,0,paclitaxel
Data8_sample_30_ATTTCTGAGGCTCAAG-1,0,paclitaxel
Data8_sample_30_ATTTCTGAGGTGGTTG-1,0,paclitaxel
Data8_sample_30_ATTTCTGCAATATCCG-1,0,paclitaxel
Data8_sample_30_ATTTCTGCATTAGGAA-1,0,paclitaxel
Data8_sample_30_ATTTCTGTCAGTCACA-1,0,paclitaxel
Data8_sample_30_ATTTCTGTCCAACTGA-1,0,paclitaxel
Data8_sample_30_CAAAGAAAGCCGGATA-1,0,paclitaxel
Data8_sample_30_CAAAGAAAGCCTAACT-1,0,paclitaxel
Data8_sample_30_CAAAGAAAGTACCGGA-1,0,paclitaxel
Data8_sample_30_CAAAGAAGTCACTTCC-1,0,paclitaxel
Data8_sample_30_CAAAGAATCGACCAAT-1,0,paclitaxel
Data8_sample_30_CAACAACAGCAAATGT-1,0,paclitaxel
Data8_sample_30_CAACAACGTCGAGCAA-1,0,paclitaxel
Data8_sample_30_CAACAACGTGACGCCT-1,0,paclitaxel
Data8_sample_30_CAACAGTAGCAATTCC-1,0,paclitaxel
Data8_sample_30_CAACAGTAGTCTCCTC-1,0,paclitaxel
Data8_sample_30_CAACAGTCATGACAAA-1,0,paclitaxel
Data8_sample_30_CAACAGTCATTGCCGG-1,0,paclitaxel
Data8_sample_30_CAACAGTTCCATAGGT-1,0,paclitaxel
Data8_sample_30_CAACAGTTCGGTCGAC-1,0,paclitaxel
Data8_sample_30_CAACAGTTCTATCGCC-1,0,paclitaxel
Data8_sample_30_CAACCAACAACCGATT-1,0,paclitaxel
Data8_sample_30_CAACCAACAGAAATCA-1,0,paclitaxel
Data8_sample_30_CAACCAACAGCATTGT-1,0,paclitaxel
Data8_sample_30_CAACCAATCAAGGAGC-1,0,paclitaxel
Data8_sample_30_CAACCAATCTCGAGTA-1,0,paclitaxel
Data8_sample_30_CAACCTCAGCAGCCTC-1,0,paclitaxel
Data8_sample_30_CAACCTCGTGTATTGC-1,0,paclitaxel
Data8_sample_30_CAACCTCGTTGAAGTA-1,0,paclitaxel
Data8_sample_30_CAACCTCTCATCACTT-1,0,paclitaxel
Data8_sample_30_CAACCTCTCGAGCCAC-1,0,paclitaxel
Data8_sample_30_CAACCTCTCTTCACAT-1,0,paclitaxel
Data8_sample_30_CAACGATAGCTACAAA-1,0,paclitaxel
Data8_sample_30_CAACGATGTATGCTAC-1,0,paclitaxel
Data8_sample_30_CAACGATTCGCCGTGA-1,0,paclitaxel
Data8_sample_30_CAACGGCCAAGAGGTC-1,0,paclitaxel
Data8_sample_30_CAACGGCCAGCCTATA-1,0,paclitaxel
Data8_sample_30_CAACGGCGTGTCCACG-1,0,paclitaxel
Data8_sample_30_CAACGGCGTTATGACC-1,0,paclitaxel
Data8_sample_30_CAACGGCGTTGGATCT-1,0,paclitaxel
Data8_sample_30_CAAGACTAGACTTCAC-1,0,paclitaxel
Data8_sample_30_CAAGACTAGCCATTTG-1,0,paclitaxel
Data8_sample_30_CAAGACTAGTTACGAA-1,0,paclitaxel
Data8_sample_30_CAAGACTCAGCACCCA-1,0,paclitaxel
Data8_sample_30_CAAGACTCAGCGTGAA-1,0,paclitaxel
Data8_sample_30_CAAGACTCAGGTCAGA-1,0,paclitaxel
Data8_sample_30_CAAGACTGTCCGAAGA-1,0,paclitaxel
Data8_sample_30_CAAGACTGTGGTCTTA-1,0,paclitaxel
Data8_sample_30_CAAGACTTCTACTGAG-1,0,paclitaxel
Data8_sample_30_CAAGAGGAGTTGCATC-1,0,paclitaxel
Data8_sample_30_CAAGAGGCACTGATTG-1,0,paclitaxel
Data8_sample_30_CAAGAGGGTGACTATC-1,0,paclitaxel
Data8_sample_30_CAAGAGGTCGAGATAA-1,0,paclitaxel
Data8_sample_30_CAAGAGGTCGGTTGTA-1,0,paclitaxel
Data8_sample_30_CAAGCTAAGCGCGTTC-1,0,paclitaxel
Data8_sample_30_CAAGCTAAGTGTAGTA-1,0,paclitaxel
Data8_sample_30_CAAGCTACAAGAAATC-1,0,paclitaxel
Data8_sample_30_CAAGCTACAGGCGTTC-1,0,paclitaxel
Data8_sample_30_CAAGCTAGTAACTGCT-1,0,paclitaxel
Data8_sample_30_CAAGCTAGTCACATTG-1,0,paclitaxel
Data8_sample_30_CAAGCTATCGTTCTAT-1,0,paclitaxel
Data8_sample_30_CAAGCTATCTCAATCT-1,0,paclitaxel
Data8_sample_30_CAAGGGAAGCACCAGA-1,0,paclitaxel
Data8_sample_30_CAAGGGAAGCGTTAGG-1,0,paclitaxel
Data8_sample_30_CAAGGGACAGCGTGCT-1,0,paclitaxel
Data8_sample_30_CAAGGGAGTCTGCATA-1,0,paclitaxel
Data8_sample_30_CAAGGGAGTGAGTCAG-1,0,paclitaxel
Data8_sample_30_CAAGGGAGTGTTCCAA-1,0,paclitaxel
Data8_sample_30_CAAGGGATCCATCTCG-1,0,paclitaxel
Data8_sample_30_CAATACGAGCTGTTAC-1,0,paclitaxel
Data8_sample_30_CAATACGCATTGCTGA-1,0,paclitaxel
Data8_sample_30_CAATCGAAGATTGAGT-1,0,paclitaxel
Data8_sample_30_CAATCGAAGTAATTGG-1,0,paclitaxel
Data8_sample_30_CAATCGAAGTCACACT-1,0,paclitaxel
Data8_sample_30_CAATCGACAAGTATAG-1,0,paclitaxel
Data8_sample_30_CAATCGAGTGTGACCC-1,0,paclitaxel
Data8_sample_30_CAATCGATCGCTCCTA-1,0,paclitaxel
Data8_sample_30_CAATGACAGATTCGCT-1,0,paclitaxel
Data8_sample_30_CAATTTCAGTGCTAGG-1,0,paclitaxel
Data8_sample_30_CAATTTCCAATTAGGA-1,0,paclitaxel
Data8_sample_30_CAATTTCGTAGATTAG-1,0,paclitaxel
Data8_sample_30_CAATTTCTCCGCTTAC-1,0,paclitaxel
Data8_sample_30_CAATTTCTCTCAGAAC-1,0,paclitaxel
Data8_sample_30_CACAACAAGCTAGCCC-1,0,paclitaxel
Data8_sample_30_CACAACAAGGAACGCT-1,0,paclitaxel
Data8_sample_30_CACAACACAAGACAAT-1,0,paclitaxel
Data8_sample_30_CACAACACAGACCCGT-1,0,paclitaxel
Data8_sample_30_CACAACATCATTGTGG-1,0,paclitaxel
Data8_sample_30_CACAACATCGACACCG-1,0,paclitaxel
Data8_sample_30_CACACAAGTAACACGG-1,0,paclitaxel
Data8_sample_30_CACACAAGTGTTAGCT-1,0,paclitaxel
Data8_sample_30_CACACAATCCAATGCA-1,0,paclitaxel
Data8_sample_30_CACAGATAGAATCGCG-1,0,paclitaxel
Data8_sample_30_CACAGGCAGCAGCAGT-1,0,paclitaxel
Data8_sample_30_CACAGGCAGGAACTCG-1,0,paclitaxel
Data8_sample_30_CACAGGCCACCACATA-1,0,paclitaxel
Data8_sample_30_CACAGGCGTCATAAAG-1,0,paclitaxel
Data8_sample_30_CACAGGCGTGTCCACG-1,0,paclitaxel
Data8_sample_30_CACAGGCGTTACAGCT-1,0,paclitaxel
Data8_sample_30_CACAGGCTCCACGTGG-1,0,paclitaxel
Data8_sample_30_CACATGACACAAAGCG-1,0,paclitaxel
Data8_sample_30_CACATGAGTGCCAAGA-1,0,paclitaxel
Data8_sample_30_CACATGAGTGTGTGTT-1,0,paclitaxel
Data8_sample_30_CACCAAAAGAGAAGGT-1,0,paclitaxel
Data8_sample_30_CACCAAAAGCCGCTTG-1,0,paclitaxel
Data8_sample_30_CACCAAAAGCCTCGTG-1,0,paclitaxel
Data8_sample_30_CACCAAAAGCGCCGTT-1,0,paclitaxel
Data8_sample_30_CACCAAACAACCGTGC-1,0,paclitaxel
Data8_sample_30_CACCAAAGTAGGAGTC-1,0,paclitaxel
Data8_sample_30_CACCAAAGTGCGACAA-1,0,paclitaxel
Data8_sample_30_CACCAAATCGGCTGGT-1,0,paclitaxel
Data8_sample_30_CACCGTTAGCACCGAA-1,0,paclitaxel
Data8_sample_30_CACCGTTCAACATCGT-1,0,paclitaxel
Data8_sample_30_CACCGTTTCACATCAG-1,0,paclitaxel
Data8_sample_30_CACCGTTTCTCGCGTT-1,0,paclitaxel
Data8_sample_30_CACGAATCACCCTTGT-1,0,paclitaxel
Data8_sample_30_CACGAATCAGTGACCC-1,0,paclitaxel
Data8_sample_30_CACGAATCATGACACT-1,0,paclitaxel
Data8_sample_30_CACGAATCATGTGACT-1,0,paclitaxel
Data8_sample_30_CACGAATGTCATGCAT-1,0,paclitaxel
Data8_sample_30_CACGAATGTGACTGTT-1,0,paclitaxel
Data8_sample_30_CACGAATTCTCTCTTC-1,0,paclitaxel
Data8_sample_30_CACGGGTAGGTCCGAA-1,0,paclitaxel
Data8_sample_30_CACGGGTCAAATCAAG-1,0,paclitaxel
Data8_sample_30_CACGGGTTCCATGATG-1,0,paclitaxel
Data8_sample_30_CACGTGGAGCAGGCTA-1,0,paclitaxel
Data8_sample_30_CACGTGGAGCCTTTCC-1,0,paclitaxel
Data8_sample_30_CACGTGGAGGAAAGTG-1,0,paclitaxel
Data8_sample_30_CACGTGGCATCCGCGA-1,0,paclitaxel
Data8_sample_30_CACGTGGGTAATACCC-1,0,paclitaxel
Data8_sample_30_CACGTGGGTAGTAAGT-1,0,paclitaxel
Data8_sample_30_CACGTTCAGGACTTCT-1,0,paclitaxel
Data8_sample_30_CACGTTCAGTCCCTAA-1,0,paclitaxel
Data8_sample_30_CACGTTCCATACCATG-1,0,paclitaxel
Data8_sample_30_CACGTTCGTGATAGAT-1,0,paclitaxel
Data8_sample_30_CACGTTCGTTACACTG-1,0,paclitaxel
Data8_sample_30_CACGTTCTCAAGGTGG-1,0,paclitaxel
Data8_sample_30_CACGTTCTCACACCGG-1,0,paclitaxel
Data8_sample_30_CACGTTCTCAGCTTCC-1,0,paclitaxel
Data8_sample_30_CACGTTCTCCGGCAGT-1,0,paclitaxel
Data8_sample_30_CACTAAGAGGTCACTT-1,0,paclitaxel
Data8_sample_30_CACTAAGAGGTCCAGA-1,0,paclitaxel
Data8_sample_30_CACTAAGAGTAACAGT-1,0,paclitaxel
Data8_sample_30_CACTAAGCACTTGTCC-1,0,paclitaxel
Data8_sample_30_CACTAAGCAGAGCCCT-1,0,paclitaxel
Data8_sample_30_CACTAAGTCAATCCGA-1,0,paclitaxel
Data8_sample_30_CACTAAGTCCGTGGGT-1,0,paclitaxel
Data8_sample_30_CACTAAGTCTCTCTTC-1,0,paclitaxel
Data8_sample_30_CACTGAACACAACGCC-1,0,paclitaxel
Data8_sample_30_CACTGAACACGTACTA-1,0,paclitaxel
Data8_sample_30_CACTGAAGTACGTAGG-1,0,paclitaxel
Data8_sample_30_CACTGAATCAACACGT-1,0,paclitaxel
Data8_sample_30_CACTGAATCCGCGGAT-1,0,paclitaxel
Data8_sample_30_CACTGGGAGAACCGCA-1,0,paclitaxel
Data8_sample_30_CACTGGGAGACCATTC-1,0,paclitaxel
Data8_sample_30_CACTGGGAGCACACAG-1,0,paclitaxel
Data8_sample_30_CACTGGGCACACGCCA-1,0,paclitaxel
Data8_sample_30_CACTGGGCAGAGATGC-1,0,paclitaxel
Data8_sample_30_CACTGGGGTAGCGTCC-1,0,paclitaxel
Data8_sample_30_CACTGGGGTCTTCGAA-1,0,paclitaxel
Data8_sample_30_CACTGGGGTTCGGCTG-1,0,paclitaxel
Data8_sample_30_CACTGGGTCATGGATC-1,0,paclitaxel
Data8_sample_30_CACTGTCAGCACTCTA-1,0,paclitaxel
Data8_sample_30_CACTGTCAGGGTACAC-1,0,paclitaxel
Data8_sample_30_CACTGTCCAGCTGCCA-1,0,paclitaxel
Data8_sample_30_CACTGTCGTTATAGCC-1,0,paclitaxel
Data8_sample_30_CACTTCGAGAATTGCA-1,0,paclitaxel
Data8_sample_30_CACTTCGAGCTGAAAT-1,0,paclitaxel
Data8_sample_30_CACTTCGAGGCGAAGG-1,0,paclitaxel
Data8_sample_30_CACTTCGAGGGACACT-1,0,paclitaxel
Data8_sample_30_CACTTCGGTTGCCGCA-1,0,paclitaxel
Data8_sample_30_CACTTCGTCGGAGTAG-1,0,paclitaxel
Data8_sample_30_CAGAGCCAGCGTGCCT-1,0,paclitaxel
Data8_sample_30_CAGAGCCAGTCGTTAC-1,0,paclitaxel
Data8_sample_30_CAGAGCCCAATGAGCG-1,0,paclitaxel
Data8_sample_30_CAGAGCCCAGTGCCTG-1,0,paclitaxel
Data8_sample_30_CAGATACAGAAGCGCT-1,0,paclitaxel
Data8_sample_30_CAGATACAGGCTAACG-1,0,paclitaxel
Data8_sample_30_CAGATACCAGGTGTTT-1,0,paclitaxel
Data8_sample_30_CAGATACGTTCACCGG-1,0,paclitaxel
Data8_sample_30_CAGATACGTTTCGCTC-1,0,paclitaxel
Data8_sample_30_CAGATACTCACCACAA-1,0,paclitaxel
Data8_sample_30_CAGATACTCCGACATA-1,0,paclitaxel
Data8_sample_30_CAGATACTCTACACAG-1,0,paclitaxel
Data8_sample_30_CAGATCAAGAGTCAAT-1,0,paclitaxel
Data8_sample_30_CAGATCAAGTTGCTCA-1,0,paclitaxel
Data8_sample_30_CAGATCACAGCTCCTT-1,0,paclitaxel
Data8_sample_30_CAGATCACAGGCAATG-1,0,paclitaxel
Data8_sample_30_CAGATCAGTGTAGCAG-1,0,paclitaxel
Data8_sample_30_CAGATCATCATCGGGC-1,0,paclitaxel
Data8_sample_30_CAGATCATCTACGGTA-1,0,paclitaxel
Data8_sample_30_CAGATTGCAAATGGCG-1,0,paclitaxel
Data8_sample_30_CAGATTGCAACAAAGT-1,0,paclitaxel
Data8_sample_30_CAGATTGCACGTCTCT-1,0,paclitaxel
Data8_sample_30_CAGATTGCAGGCATTT-1,0,paclitaxel
Data8_sample_30_CAGATTGCATTGCTGA-1,0,paclitaxel
Data8_sample_30_CAGATTGGTTGGACTT-1,0,paclitaxel
Data8_sample_30_CAGCAATAGTAGATCA-1,0,paclitaxel
Data8_sample_30_CAGCAATAGTCACTAC-1,0,paclitaxel
Data8_sample_30_CAGCAATCAAGGTCTT-1,0,paclitaxel
Data8_sample_30_CAGCAATGTGCCGGTT-1,0,paclitaxel
Data8_sample_30_CAGCAATGTGCCGTTG-1,0,paclitaxel
Data8_sample_30_CAGCAATTCACGTCCT-1,0,paclitaxel
Data8_sample_30_CAGCACGCAGCATACT-1,0,paclitaxel
Data8_sample_30_CAGCACGCAGCATGCC-1,0,paclitaxel
Data8_sample_30_CAGCACGCATTGCCGG-1,0,paclitaxel
Data8_sample_30_CAGCACGGTATTCCTT-1,0,paclitaxel
Data8_sample_30_CAGCACGGTGTCCGGT-1,0,paclitaxel
Data8_sample_30_CAGCACGTCACCCTGT-1,0,paclitaxel
Data8_sample_30_CAGCACGTCCCTCATG-1,0,paclitaxel
Data8_sample_30_CAGCAGCCAAGCTGTT-1,0,paclitaxel
Data8_sample_30_CAGCAGCGTAGCTCGC-1,0,paclitaxel
Data8_sample_30_CAGCAGCTCAAATGAG-1,0,paclitaxel
Data8_sample_30_CAGCAGCTCGGTGCAC-1,0,paclitaxel
Data8_sample_30_CAGCCAGAGCAACAGC-1,0,paclitaxel
Data8_sample_30_CAGCCAGAGGTGGCTA-1,0,paclitaxel
Data8_sample_30_CAGCCAGCATGTTCAG-1,0,paclitaxel
Data8_sample_30_CAGCCAGTCGCGTGAC-1,0,paclitaxel
Data8_sample_30_CAGCCAGTCTCATTGT-1,0,paclitaxel
Data8_sample_30_CAGCGTGAGACTAAGT-1,0,paclitaxel
Data8_sample_30_CAGCGTGAGGACGCAT-1,0,paclitaxel
Data8_sample_30_CAGCGTGAGGCCCGTT-1,0,paclitaxel
Data8_sample_30_CAGCGTGAGTAGGCCA-1,0,paclitaxel
Data8_sample_30_CAGCGTGCACTTCAGA-1,0,paclitaxel
Data8_sample_30_CAGCGTGGTGACTCTA-1,0,paclitaxel
Data8_sample_30_CAGCGTGGTTTGGAGG-1,0,paclitaxel
Data8_sample_30_CAGCGTGTCCGCACTT-1,0,paclitaxel
Data8_sample_30_CAGGCCAAGACCAGCA-1,0,paclitaxel
Data8_sample_30_CAGGCCACAAGCAATA-1,0,paclitaxel
Data8_sample_30_CAGGCCACACTATCCC-1,0,paclitaxel
Data8_sample_30_CAGGCCACAGCAGTAG-1,0,paclitaxel
Data8_sample_30_CAGGCCAGTCGAATGG-1,0,paclitaxel
Data8_sample_30_CAGGCCATCCATTGGA-1,0,paclitaxel
Data8_sample_30_CAGGCCATCGCAATTG-1,0,paclitaxel
Data8_sample_30_CAGGCCATCTGGAGAG-1,0,paclitaxel
Data8_sample_30_CAGGGCTAGTAATACG-1,0,paclitaxel
Data8_sample_30_CAGGGCTCAGCTAACT-1,0,paclitaxel
Data8_sample_30_CAGGGCTCAGTAACAA-1,0,paclitaxel
Data8_sample_30_CAGGTATCAACTGATC-1,0,paclitaxel
Data8_sample_30_CAGGTATCAGAGTGAC-1,0,paclitaxel
Data8_sample_30_CAGTGCGCAGTAGTGG-1,0,paclitaxel
Data8_sample_30_CAGTGCGCATGCCGGT-1,0,paclitaxel
Data8_sample_30_CAGTGCGGTCATTGCA-1,0,paclitaxel
Data8_sample_30_CAGTTAGCAAATACAG-1,0,paclitaxel
Data8_sample_30_CAGTTAGGTCGATGCC-1,0,paclitaxel
Data8_sample_30_CAGTTCCAGATGTAGT-1,0,paclitaxel
Data8_sample_30_CAGTTCCAGGCAGGTT-1,0,paclitaxel
Data8_sample_30_CAGTTCCCAACATCGT-1,0,paclitaxel
Data8_sample_30_CAGTTCCCAGTGAGCA-1,0,paclitaxel
Data8_sample_30_CAGTTCCGTGAATATG-1,0,paclitaxel
Data8_sample_30_CAGTTCCGTTAGGACG-1,0,paclitaxel
Data8_sample_30_CAGTTCCTCCCGAGTG-1,0,paclitaxel
Data8_sample_30_CATAAGCTCCTCACGT-1,0,paclitaxel
Data8_sample_30_CATACAGAGCAATAGT-1,0,paclitaxel
Data8_sample_30_CATACAGAGTGATAGT-1,0,paclitaxel
Data8_sample_30_CATACAGGTGAACCGA-1,0,paclitaxel
Data8_sample_30_CATACAGTCCGTACGG-1,0,paclitaxel
Data8_sample_30_CATACCCAGTAGAATC-1,0,paclitaxel
Data8_sample_30_CATACCCAGTCCGTCG-1,0,paclitaxel
Data8_sample_30_CATACCCCACCTGCTT-1,0,paclitaxel
Data8_sample_30_CATACCCGTGGACCTC-1,0,paclitaxel
Data8_sample_30_CATACCCGTTAAGAAC-1,0,paclitaxel
Data8_sample_30_CATACCCGTTAGAGTA-1,0,paclitaxel
Data8_sample_30_CATACCCGTTCGTGCG-1,0,paclitaxel
Data8_sample_30_CATACTTAGAGGATGA-1,0,paclitaxel
Data8_sample_30_CATACTTAGCTCTTCC-1,0,paclitaxel
Data8_sample_30_CATACTTAGCTTCTAG-1,0,paclitaxel
Data8_sample_30_CATACTTAGTGCACCC-1,0,paclitaxel
Data8_sample_30_CATACTTCACCCGTAG-1,0,paclitaxel
Data8_sample_30_CATACTTCAGGCTACC-1,0,paclitaxel
Data8_sample_30_CATACTTGTAGTCACT-1,0,paclitaxel
Data8_sample_30_CATACTTGTCACATTG-1,0,paclitaxel
Data8_sample_30_CATACTTTCTGCCTGT-1,0,paclitaxel
Data8_sample_30_CATAGACCAAGCACCC-1,0,paclitaxel
Data8_sample_30_CATAGACTCTATCGGA-1,0,paclitaxel
Data8_sample_30_CATCAAGAGCCGATAG-1,0,paclitaxel
Data8_sample_30_CATCAAGCATGACAGG-1,0,paclitaxel
Data8_sample_30_CATCAAGGTTAGTTCG-1,0,paclitaxel
Data8_sample_30_CATCAAGTCCAGCCTT-1,0,paclitaxel
Data8_sample_30_CATCAAGTCGTGTGGC-1,0,paclitaxel
Data8_sample_30_CATCCACAGAGAGTTT-1,0,paclitaxel
Data8_sample_30_CATCCACAGCCTCAAT-1,0,paclitaxel
Data8_sample_30_CATCCACAGTTTCGGT-1,0,paclitaxel
Data8_sample_30_CATCCACGTTAACAGA-1,0,paclitaxel
Data8_sample_30_CATCCACGTTCCAAAC-1,0,paclitaxel
Data8_sample_30_CATCCCACACCATATG-1,0,paclitaxel
Data8_sample_30_CATCCCACACGCGCTA-1,0,paclitaxel
Data8_sample_30_CATCCCACACTGTGTA-1,0,paclitaxel
Data8_sample_30_CATCCCAGTAAGTAGT-1,0,paclitaxel
Data8_sample_30_CATCCCAGTACTAAGA-1,0,paclitaxel
Data8_sample_30_CATCCCAGTGGAGAAA-1,0,paclitaxel
Data8_sample_30_CATCCCAGTTCTCAGA-1,0,paclitaxel
Data8_sample_30_CATCCCATCCAAAGGG-1,0,paclitaxel
Data8_sample_30_CATCCCATCGACCAAT-1,0,paclitaxel
Data8_sample_30_CATCCCATCTCAACGA-1,0,paclitaxel
Data8_sample_30_CATCCCATCTGACGCG-1,0,paclitaxel
Data8_sample_30_CATCCGTAGTTTGGCT-1,0,paclitaxel
Data8_sample_30_CATCCGTCACACCTGG-1,0,paclitaxel
Data8_sample_30_CATCCGTCACTACCGG-1,0,paclitaxel
Data8_sample_30_CATCCGTCATATAGCC-1,0,paclitaxel
Data8_sample_30_CATCCGTCATGAGTAA-1,0,paclitaxel
Data8_sample_30_CATCCGTGTGTGATGG-1,0,paclitaxel
Data8_sample_30_CATCCGTTCCGGCTTT-1,0,paclitaxel
Data8_sample_30_CATCCGTTCCTATGGA-1,0,paclitaxel
Data8_sample_30_CATCGCTAGCGTGTCC-1,0,paclitaxel
Data8_sample_30_CATCGCTAGTATGAAC-1,0,paclitaxel
Data8_sample_30_CATCGCTCACTACACA-1,0,paclitaxel
Data8_sample_30_CATCGCTGTCCCGTGA-1,0,paclitaxel
Data8_sample_30_CATCGCTGTTCCAAAC-1,0,paclitaxel
Data8_sample_30_CATCGCTTCTTGCGCT-1,0,paclitaxel
Data8_sample_30_CATCGGGAGGGAGGAC-1,0,paclitaxel
Data8_sample_30_CATCGGGAGGTCTACT-1,0,paclitaxel
Data8_sample_30_CATCGGGAGGTGCTAG-1,0,paclitaxel
Data8_sample_30_CATCGGGAGTAACAGT-1,0,paclitaxel
Data8_sample_30_CATCGGGAGTCCCGGT-1,0,paclitaxel
Data8_sample_30_CATCGGGCAACGTAAA-1,0,paclitaxel
Data8_sample_30_CATCGGGCAATGTCTG-1,0,paclitaxel
Data8_sample_30_CATCGGGGTGATACTC-1,0,paclitaxel
Data8_sample_30_CATCGGGTCAAATGAG-1,0,paclitaxel
Data8_sample_30_CATCGGGTCTGGCCAG-1,0,paclitaxel
Data8_sample_30_CATCGGGTCTTGGGCG-1,0,paclitaxel
Data8_sample_30_CATCGTCCAATCGTCA-1,0,paclitaxel
Data8_sample_30_CATCGTCCAGCGCTTG-1,0,paclitaxel
Data8_sample_30_CATCGTCCAGTTGTTG-1,0,paclitaxel
Data8_sample_30_CATCGTCCATCAGTGT-1,0,paclitaxel
Data8_sample_30_CATCGTCGTATACCCA-1,0,paclitaxel
Data8_sample_30_CATCGTCGTGACCGTC-1,0,paclitaxel
Data8_sample_30_CATCGTCGTTATGTCG-1,0,paclitaxel
Data8_sample_30_CATGAGTAGTAAACGT-1,0,paclitaxel
Data8_sample_30_CATGAGTCACATTGTG-1,0,paclitaxel
Data8_sample_30_CATGAGTCAGTAACAA-1,0,paclitaxel
Data8_sample_30_CATGAGTCATAAGCAA-1,0,paclitaxel
Data8_sample_30_CATGAGTTCCCGGTAG-1,0,paclitaxel
Data8_sample_30_CATGCAAAGACATAAC-1,0,paclitaxel
Data8_sample_30_CATGCAAAGTCCTGCG-1,0,paclitaxel
Data8_sample_30_CATGCAACAACCGACC-1,0,paclitaxel
Data8_sample_30_CATGCAACAGCACACC-1,0,paclitaxel
Data8_sample_30_CATGCAACAGCAGAAC-1,0,paclitaxel
Data8_sample_30_CATGCAACAGGGTTGA-1,0,paclitaxel
Data8_sample_30_CATGCAAGTCACTGAT-1,0,paclitaxel
Data8_sample_30_CATGCAAGTCGATGCC-1,0,paclitaxel
Data8_sample_30_CATGCAAGTGCCGGTT-1,0,paclitaxel
Data8_sample_30_CATGCAATCACTCGAA-1,0,paclitaxel
Data8_sample_30_CATGCCTAGCGAGTCA-1,0,paclitaxel
Data8_sample_30_CATGCCTCAGCGTACC-1,0,paclitaxel
Data8_sample_30_CATGCCTGTGCCTAAT-1,0,paclitaxel
Data8_sample_30_CATGCGGAGAATTGTG-1,0,paclitaxel
Data8_sample_30_CATGCGGCATGAATCC-1,0,paclitaxel
Data8_sample_30_CATGCGGGTGTATCCA-1,0,paclitaxel
Data8_sample_30_CATGCTCAGTGCAAAT-1,0,paclitaxel
Data8_sample_30_CATGCTCCACGTCTCT-1,0,paclitaxel
Data8_sample_30_CATGCTCCATGAGTAA-1,0,paclitaxel
Data8_sample_30_CATGCTCGTTTGTGGT-1,0,paclitaxel
Data8_sample_30_CATGCTCTCAACTTTC-1,0,paclitaxel
Data8_sample_30_CATGCTCTCTTAGGAC-1,0,paclitaxel
Data8_sample_30_CATGGATAGAGTCGAC-1,0,paclitaxel
Data8_sample_30_CATGGATAGATTGTGA-1,0,paclitaxel
Data8_sample_30_CATGGATAGCACGGAT-1,0,paclitaxel
Data8_sample_30_CATGGATCAGGCGAAT-1,0,paclitaxel
Data8_sample_30_CATGGATCAGGTGTGA-1,0,paclitaxel
Data8_sample_30_CATGGATGTAAGCAAT-1,0,paclitaxel
Data8_sample_30_CATGGATTCTCTTCAA-1,0,paclitaxel
Data8_sample_30_CATGGTAAGAAGGCTC-1,0,paclitaxel
Data8_sample_30_CATGGTAAGGATGGCT-1,0,paclitaxel
Data8_sample_30_CATTCATAGACTTCCA-1,0,paclitaxel
Data8_sample_30_CATTCATAGGCTAACG-1,0,paclitaxel
Data8_sample_30_CATTCATGTACAATAG-1,0,paclitaxel
Data8_sample_30_CATTCATTCGGATAAA-1,0,paclitaxel
Data8_sample_30_CATTCCGCACCTAAAC-1,0,paclitaxel
Data8_sample_30_CATTCCGGTCTTCCGT-1,0,paclitaxel
Data8_sample_30_CATTCCGGTCTTGCTC-1,0,paclitaxel
Data8_sample_30_CATTCCGTCCAGGACC-1,0,paclitaxel
Data8_sample_30_CATTCTACAACCGTGC-1,0,paclitaxel
Data8_sample_30_CATTCTAGTACCGGCT-1,0,paclitaxel
Data8_sample_30_CATTCTAGTACGAAAT-1,0,paclitaxel
Data8_sample_30_CATTCTAGTGGGTATG-1,0,paclitaxel
Data8_sample_30_CATTGAGAGGTGTGAC-1,0,paclitaxel
Data8_sample_30_CATTGAGCAAGACGGT-1,0,paclitaxel
Data8_sample_30_CATTGAGCAGATGCGA-1,0,paclitaxel
Data8_sample_30_CATTGAGGTCGATTCA-1,0,paclitaxel
Data8_sample_30_CATTGAGTCATTGCTT-1,0,paclitaxel
Data8_sample_30_CATTGCCCAGCTCCTT-1,0,paclitaxel
Data8_sample_30_CATTGCCCATGCCGGT-1,0,paclitaxel
Data8_sample_30_CATTGTTAGCTCTTCC-1,0,paclitaxel
Data8_sample_30_CATTGTTAGTGACACG-1,0,paclitaxel
Data8_sample_30_CATTGTTTCATTTCCA-1,0,paclitaxel
Data8_sample_30_CATTGTTTCTGAGATC-1,0,paclitaxel
Data8_sample_30_CATTTCAAGCCTAACT-1,0,paclitaxel
Data8_sample_30_CATTTCAAGTCGCTAT-1,0,paclitaxel
Data8_sample_30_CATTTCAAGTGGTCAG-1,0,paclitaxel
Data8_sample_30_CATTTCACAATCTCTT-1,0,paclitaxel
Data8_sample_30_CATTTCAGTTTCACAG-1,0,paclitaxel
Data8_sample_30_CATTTCATCACCTACC-1,0,paclitaxel
Data8_sample_30_CCAAGCGCAAAGGGCT-1,0,paclitaxel
Data8_sample_30_CCAAGCGCATCCGAAT-1,0,paclitaxel
Data8_sample_30_CCAAGCGCATGACTAC-1,0,paclitaxel
Data8_sample_30_CCAAGCGGTCTTGCTC-1,0,paclitaxel
Data8_sample_30_CCAAGCGGTTACGCCG-1,0,paclitaxel
Data8_sample_30_CCAAGCGGTTACGGAG-1,0,paclitaxel
Data8_sample_30_CCAAGCGGTTCTTGTT-1,0,paclitaxel
Data8_sample_30_CCAAGCGTCAGCTTGA-1,0,paclitaxel
Data8_sample_30_CCAAGCGTCTCTGCCA-1,0,paclitaxel
Data8_sample_30_CCAATGAAGCTGACCC-1,0,paclitaxel
Data8_sample_30_CCAATGACAGCATCTA-1,0,paclitaxel
Data8_sample_30_CCAATGACAGGTCCGT-1,0,paclitaxel
Data8_sample_30_CCAATGAGTGGGCTTC-1,0,paclitaxel
Data8_sample_30_CCAATGAGTTAGGGTG-1,0,paclitaxel
Data8_sample_30_CCAATGATCGCTGATA-1,0,paclitaxel
Data8_sample_30_CCAATTTAGTAGGAAG-1,0,paclitaxel
Data8_sample_30_CCAATTTCACTTGGCG-1,0,paclitaxel
Data8_sample_30_CCAATTTGTAGTCCTA-1,0,paclitaxel
Data8_sample_30_CCAATTTGTGCCGGTT-1,0,paclitaxel
Data8_sample_30_CCAATTTGTTCAAACC-1,0,paclitaxel
Data8_sample_30_CCAATTTTCATGCGGC-1,0,paclitaxel
Data8_sample_30_CCAATTTTCCTTCTTC-1,0,paclitaxel
Data8_sample_30_CCAATTTTCGCTTACC-1,0,paclitaxel
Data8_sample_30_CCACAAAAGAGCAAGA-1,0,paclitaxel
Data8_sample_30_CCACAAAAGAGGGTAA-1,0,paclitaxel
Data8_sample_30_CCACAAACAGCAGATG-1,0,paclitaxel
Data8_sample_30_CCACAAAGTCAAACGG-1,0,paclitaxel
Data8_sample_30_CCACAAAGTGGTTTAC-1,0,paclitaxel
Data8_sample_30_CCACAAAGTGTTGAGG-1,0,paclitaxel
Data8_sample_30_CCACAAATCATGAGGG-1,0,paclitaxel
Data8_sample_30_CCACACTAGTACAGCG-1,0,paclitaxel
Data8_sample_30_CCACACTCAACCACAT-1,0,paclitaxel
Data8_sample_30_CCACACTCACATGTTG-1,0,paclitaxel
Data8_sample_30_CCACACTCAGAAATCA-1,0,paclitaxel
Data8_sample_30_CCACACTTCGTGAGAG-1,0,paclitaxel
Data8_sample_30_CCACCATAGCTTACGT-1,0,paclitaxel
Data8_sample_30_CCACCATAGTCTCCTC-1,0,paclitaxel
Data8_sample_30_CCACCATAGTCTCTGA-1,0,paclitaxel
Data8_sample_30_CCACCATAGTGTACAA-1,0,paclitaxel
Data8_sample_30_CCACCATGTACCGGCT-1,0,paclitaxel
Data8_sample_30_CCACCATGTGAGAACC-1,0,paclitaxel
Data8_sample_30_CCACCATGTTCTCGCT-1,0,paclitaxel
Data8_sample_30_CCACCATTCGAGTTGT-1,0,paclitaxel
Data8_sample_30_CCACCATTCTGTCGCT-1,0,paclitaxel
Data8_sample_30_CCACGAGAGCATCAAA-1,0,paclitaxel
Data8_sample_30_CCACGAGAGGACAGTC-1,0,paclitaxel
Data8_sample_30_CCACGAGAGGACATCG-1,0,paclitaxel
Data8_sample_30_CCACGAGCACGCTGCA-1,0,paclitaxel
Data8_sample_30_CCACGTTAGACAGCTG-1,0,paclitaxel
Data8_sample_30_CCACGTTAGCCGTAAG-1,0,paclitaxel
Data8_sample_30_CCACGTTAGTTCATCG-1,0,paclitaxel
Data8_sample_30_CCACGTTCACGGCGTT-1,0,paclitaxel
Data8_sample_30_CCACGTTCAGAAGTTA-1,0,paclitaxel
Data8_sample_30_CCACGTTCATGAGAAT-1,0,paclitaxel
Data8_sample_30_CCACGTTTCCCTCAAC-1,0,paclitaxel
Data8_sample_30_CCACGTTTCGTCCTCA-1,0,paclitaxel
Data8_sample_30_CCACTTGAGACTGGGT-1,0,paclitaxel
Data8_sample_30_CCACTTGAGATAACAC-1,0,paclitaxel
Data8_sample_30_CCACTTGAGCGCACAA-1,0,paclitaxel
Data8_sample_30_CCACTTGGTAGGACTG-1,0,paclitaxel
Data8_sample_30_CCATAAGCAAGCAATA-1,0,paclitaxel
Data8_sample_30_CCATAAGCACCACATA-1,0,paclitaxel
Data8_sample_30_CCATAAGCATGTAACC-1,0,paclitaxel
Data8_sample_30_CCATAAGGTCAGTTTG-1,0,paclitaxel
Data8_sample_30_CCATAAGGTTCCTAGA-1,0,paclitaxel
Data8_sample_30_CCATAAGTCAATCTTC-1,0,paclitaxel
Data8_sample_30_CCATAAGTCACAGTGT-1,0,paclitaxel
Data8_sample_30_CCATAAGTCTTCGGTC-1,0,paclitaxel
Data8_sample_30_CCATCACAGAGGTCAC-1,0,paclitaxel
Data8_sample_30_CCATCACCACACCTAA-1,0,paclitaxel
Data8_sample_30_CCATCACGTCTCGGAC-1,0,paclitaxel
Data8_sample_30_CCATCACTCCATACTT-1,0,paclitaxel
Data8_sample_30_CCATCACTCGAGTGGA-1,0,paclitaxel
Data8_sample_30_CCATCACTCTAGTACG-1,0,paclitaxel
Data8_sample_30_CCATCACTCTATCCAT-1,0,paclitaxel
Data8_sample_30_CCCAACTAGAAGTGTT-1,0,paclitaxel
Data8_sample_30_CCCAACTCATCGTGCG-1,0,paclitaxel
Data8_sample_30_CCCAACTCATGATAGA-1,0,paclitaxel
Data8_sample_30_CCCAACTCATGCTGCG-1,0,paclitaxel
Data8_sample_30_CCCAACTGTACTAAGA-1,0,paclitaxel
Data8_sample_30_CCCAACTGTGGCTGCT-1,0,paclitaxel
Data8_sample_30_CCCATTGCAAGGCCTC-1,0,paclitaxel
Data8_sample_30_CCCATTGCAGACACCC-1,0,paclitaxel
Data8_sample_30_CCCATTGGTTACGTAC-1,0,paclitaxel
Data8_sample_30_CCCATTGTCGTAACAC-1,0,paclitaxel
Data8_sample_30_CCCGAAGAGTGAGCCA-1,0,paclitaxel
Data8_sample_30_CCCGAAGCAATGTCAC-1,0,paclitaxel
Data8_sample_30_CCCGAAGCACAGTCAT-1,0,paclitaxel
Data8_sample_30_CCCGAAGCACCCTTGT-1,0,paclitaxel
Data8_sample_30_CCCGAAGCACGGTGCT-1,0,paclitaxel
Data8_sample_30_CCCGAAGGTGGCCCAT-1,0,paclitaxel
Data8_sample_30_CCCGAAGGTGGTCTCG-1,0,paclitaxel
Data8_sample_30_CCCGGAAAGTATCTGC-1,0,paclitaxel
Data8_sample_30_CCCGGAACATGTAACC-1,0,paclitaxel
Data8_sample_30_CCCGGAAGTCCAAATC-1,0,paclitaxel
Data8_sample_30_CCCGGAAGTCGCAGTC-1,0,paclitaxel
Data8_sample_30_CCCGGAATCACACCGG-1,0,paclitaxel
Data8_sample_30_CCCGGAATCAGACTGT-1,0,paclitaxel
Data8_sample_30_CCCGGAATCCGATTAG-1,0,paclitaxel
Data8_sample_30_CCCGGAATCGAGCACC-1,0,paclitaxel
Data8_sample_30_CCCGGAATCGGCTGGT-1,0,paclitaxel
Data8_sample_30_CCCTAACAGGACAGCT-1,0,paclitaxel
Data8_sample_30_CCCTAACCAAGCTGTT-1,0,paclitaxel
Data8_sample_30_CCCTAACCATGCCATA-1,0,paclitaxel
Data8_sample_30_CCCTAACCATTGAAGA-1,0,paclitaxel
Data8_sample_30_CCCTAACGTGGTGATG-1,0,paclitaxel
Data8_sample_30_CCCTAACTCCTCAGGG-1,0,paclitaxel
Data8_sample_30_CCCTAACTCGTGCATA-1,0,paclitaxel
Data8_sample_30_CCCTCAACAAGCCTGC-1,0,paclitaxel
Data8_sample_30_CCCTCAACAGGACAGT-1,0,paclitaxel
Data8_sample_30_CCCTCAAGTGCCTTTC-1,0,paclitaxel
Data8_sample_30_CCCTCAATCAAAGCCT-1,0,paclitaxel
Data8_sample_30_CCCTCAATCACCGGGT-1,0,paclitaxel
Data8_sample_30_CCCTCTCAGCCTTTCC-1,0,paclitaxel
Data8_sample_30_CCCTCTCAGGTGCAGT-1,0,paclitaxel
Data8_sample_30_CCCTCTCCAATCCTAG-1,0,paclitaxel
Data8_sample_30_CCCTCTCCACGAAGAC-1,0,paclitaxel
Data8_sample_30_CCCTCTCCACTCCTGT-1,0,paclitaxel
Data8_sample_30_CCCTCTCGTTCTATCT-1,0,paclitaxel
Data8_sample_30_CCCTGATAGAACAGGA-1,0,paclitaxel
Data8_sample_30_CCCTGATAGGTCATCT-1,0,paclitaxel
Data8_sample_30_CCCTGATAGTGCACTT-1,0,paclitaxel
Data8_sample_30_CCCTGATCAATCCTAG-1,0,paclitaxel
Data8_sample_30_CCCTGATCACATACGT-1,0,paclitaxel
Data8_sample_30_CCCTGATGTACCGTGC-1,0,paclitaxel
Data8_sample_30_CCCTGATGTTGCGAAG-1,0,paclitaxel
Data8_sample_30_CCCTTAGAGCGCCTTG-1,0,paclitaxel
Data8_sample_30_CCCTTAGGTGCGGCTT-1,0,paclitaxel
Data8_sample_30_CCGAACGAGGAGACCT-1,0,paclitaxel
Data8_sample_30_CCGAACGCAACAACAA-1,0,paclitaxel
Data8_sample_30_CCGAACGCAAGCGATG-1,0,paclitaxel
Data8_sample_30_CCGAACGCATAGAGGC-1,0,paclitaxel
Data8_sample_30_CCGAACGCATTGACCA-1,0,paclitaxel
Data8_sample_30_CCGAACGGTTCGCGTG-1,0,paclitaxel
Data8_sample_30_CCGAACGTCAGCGGAA-1,0,paclitaxel
Data8_sample_30_CCGAACGTCTTCGTGC-1,0,paclitaxel
Data8_sample_30_CCGATCTAGGTTATAG-1,0,paclitaxel
Data8_sample_30_CCGATCTAGTATGTAG-1,0,paclitaxel
Data8_sample_30_CCGATCTCAAATAGCA-1,0,paclitaxel
Data8_sample_30_CCGATCTCACGACAGA-1,0,paclitaxel
Data8_sample_30_CCGATGGAGCCAGACA-1,0,paclitaxel
Data8_sample_30_CCGATGGAGTCTACCA-1,0,paclitaxel
Data8_sample_30_CCGATGGCATCCGGCA-1,0,paclitaxel
Data8_sample_30_CCGATGGTCGACGAGA-1,0,paclitaxel
Data8_sample_30_CCGATGGTCTGGTTGA-1,0,paclitaxel
Data8_sample_30_CCGCAAGAGAATTCAG-1,0,paclitaxel
Data8_sample_30_CCGCAAGAGCTCCGAC-1,0,paclitaxel
Data8_sample_30_CCGCAAGCAACAGATA-1,0,paclitaxel
Data8_sample_30_CCGCAAGCAGCGTACC-1,0,paclitaxel
Data8_sample_30_CCGCAAGCAGTCGAGA-1,0,paclitaxel
Data8_sample_30_CCGCAAGGTCACGACC-1,0,paclitaxel
Data8_sample_30_CCGCAAGGTGGTAACG-1,0,paclitaxel
Data8_sample_30_CCGCAAGTCTTCGATT-1,0,paclitaxel
Data8_sample_30_CCGCAAGTCTTCTGTA-1,0,paclitaxel
Data8_sample_30_CCGGACAAGAGCTTTC-1,0,paclitaxel
Data8_sample_30_CCGGACAAGGAGCAAA-1,0,paclitaxel
Data8_sample_30_CCGGACAAGTTCGCAT-1,0,paclitaxel
Data8_sample_30_CCGGACACACGCTGAC-1,0,paclitaxel
Data8_sample_30_CCGGACATCAACGCTA-1,0,paclitaxel
Data8_sample_30_CCGGACATCGTGGGTC-1,0,paclitaxel
Data8_sample_30_CCGGGTAAGGAACTCG-1,0,paclitaxel
Data8_sample_30_CCGGGTAAGTGCCTCG-1,0,paclitaxel
Data8_sample_30_CCGGGTACACGCTGTG-1,0,paclitaxel
Data8_sample_30_CCGGGTACATGTCAGT-1,0,paclitaxel
Data8_sample_30_CCGGGTAGTAATGCGG-1,0,paclitaxel
Data8_sample_30_CCGGGTAGTTGTATGC-1,0,paclitaxel
Data8_sample_30_CCGGTAGAGACTTCGT-1,0,paclitaxel
Data8_sample_30_CCGGTAGAGGAACTCG-1,0,paclitaxel
Data8_sample_30_CCGGTAGAGGTAACTA-1,0,paclitaxel
Data8_sample_30_CCGGTAGAGGTTACCT-1,0,paclitaxel
Data8_sample_30_CCGGTAGCAGGATCTT-1,0,paclitaxel
Data8_sample_30_CCGGTAGCAGGCGAAT-1,0,paclitaxel
Data8_sample_30_CCGGTGAAGATTGTGA-1,0,paclitaxel
Data8_sample_30_CCGGTGACAGCCGTCA-1,0,paclitaxel
Data8_sample_30_CCGGTGAGTTCACGAT-1,0,paclitaxel
Data8_sample_30_CCGTAGGAGCAAGGAA-1,0,paclitaxel
Data8_sample_30_CCGTAGGAGTCCCAAT-1,0,paclitaxel
Data8_sample_30_CCGTAGGCAAATCCCA-1,0,paclitaxel
Data8_sample_30_CCGTAGGCACAAATAG-1,0,paclitaxel
Data8_sample_30_CCGTAGGGTCCAAATC-1,0,paclitaxel
Data8_sample_30_CCGTAGGGTGATTCAC-1,0,paclitaxel
Data8_sample_30_CCGTAGGGTTAAGACA-1,0,paclitaxel
Data8_sample_30_CCGTAGGTCGTTATCT-1,0,paclitaxel
Data8_sample_30_CCGTGAGAGATCCAAA-1,0,paclitaxel
Data8_sample_30_CCGTGAGAGGGCAGTT-1,0,paclitaxel
Data8_sample_30_CCGTGAGCAATCAAGA-1,0,paclitaxel
Data8_sample_30_CCGTGAGCAGAGTGAC-1,0,paclitaxel
Data8_sample_30_CCGTGAGCATTGTAGC-1,0,paclitaxel
Data8_sample_30_CCGTGAGTCCTAGAGT-1,0,paclitaxel
Data8_sample_30_CCGTGAGTCTATTGTC-1,0,paclitaxel
Data8_sample_30_CCGTGAGTCTGCATGA-1,0,paclitaxel
Data8_sample_30_CCGTTCAAGACCAGCA-1,0,paclitaxel
Data8_sample_30_CCGTTCAAGGCCTGCT-1,0,paclitaxel
Data8_sample_30_CCGTTCAAGGTTCACT-1,0,paclitaxel
Data8_sample_30_CCGTTCACATTGTCGA-1,0,paclitaxel
Data8_sample_30_CCGTTCAGTCAAACGG-1,0,paclitaxel
Data8_sample_30_CCGTTCAGTCCACTTC-1,0,paclitaxel
Data8_sample_30_CCGTTCAGTGTCCAAT-1,0,paclitaxel
Data8_sample_30_CCTAACCAGCCAGAGT-1,0,paclitaxel
Data8_sample_30_CCTAACCAGGGAGGAC-1,0,paclitaxel
Data8_sample_30_CCTAACCGTATAGGGC-1,0,paclitaxel
Data8_sample_30_CCTAACCGTTGTTGAC-1,0,paclitaxel
Data8_sample_30_CCTAACCTCGTGCTCT-1,0,paclitaxel
Data8_sample_30_CCTAACCTCTAGACAC-1,0,paclitaxel
Data8_sample_30_CCTAACCTCTGTTCAT-1,0,paclitaxel
Data8_sample_30_CCTAAGAAGTCTAGAA-1,0,paclitaxel
Data8_sample_30_CCTAAGACAAAGACGC-1,0,paclitaxel
Data8_sample_30_CCTAAGAGTACGTTCA-1,0,paclitaxel
Data8_sample_30_CCTAAGAGTGTTATCG-1,0,paclitaxel
Data8_sample_30_CCTAAGATCTCCAAGA-1,0,paclitaxel
Data8_sample_30_CCTACGTCAGAGTTCT-1,0,paclitaxel
Data8_sample_30_CCTATCGAGAACGCGT-1,0,paclitaxel
Data8_sample_30_CCTATCGAGAGCATAT-1,0,paclitaxel
Data8_sample_30_CCTATCGCACAAGGTG-1,0,paclitaxel
Data8_sample_30_CCTATCGGTCGACTGC-1,0,paclitaxel
Data8_sample_30_CCTATCGGTGGTACAG-1,0,paclitaxel
Data8_sample_30_CCTATCGTCAGCACCG-1,0,paclitaxel
Data8_sample_30_CCTATCGTCATAAGGA-1,0,paclitaxel
Data8_sample_30_CCTCAACCAAACAGGC-1,0,paclitaxel
Data8_sample_30_CCTCAACCAATTGTGC-1,0,paclitaxel
Data8_sample_30_CCTCAACCACCAACAT-1,0,paclitaxel
Data8_sample_30_CCTCAACCACGTCTCT-1,0,paclitaxel
Data8_sample_30_CCTCAACCATCTTAGG-1,0,paclitaxel
Data8_sample_30_CCTCAACGTACGCGTC-1,0,paclitaxel
Data8_sample_30_CCTCAACTCTCTCTTC-1,0,paclitaxel
Data8_sample_30_CCTCACACAGAATTCC-1,0,paclitaxel
Data8_sample_30_CCTCACACAGGGACTA-1,0,paclitaxel
Data8_sample_30_CCTCACATCGTGGGAA-1,0,paclitaxel
Data8_sample_30_CCTCAGTAGCGGATCA-1,0,paclitaxel
Data8_sample_30_CCTCAGTAGGTATCTC-1,0,paclitaxel
Data8_sample_30_CCTCAGTTCGCTGTTC-1,0,paclitaxel
Data8_sample_30_CCTCATGCAGGCTACC-1,0,paclitaxel
Data8_sample_30_CCTCATGGTTGGCCTG-1,0,paclitaxel
Data8_sample_30_CCTCCAAAGCGATGGT-1,0,paclitaxel
Data8_sample_30_CCTCCAAAGCGTGCTC-1,0,paclitaxel
Data8_sample_30_CCTCCAACACTTCCTG-1,0,paclitaxel
Data8_sample_30_CCTCCAACACTTCTCG-1,0,paclitaxel
Data8_sample_30_CCTCCAACAGTCAGAG-1,0,paclitaxel
Data8_sample_30_CCTCCAACATTGCCGG-1,0,paclitaxel
Data8_sample_30_CCTCCAAGTGATGAAT-1,0,paclitaxel
Data8_sample_30_CCTCCTCAGAGAGGTA-1,0,paclitaxel
Data8_sample_30_CCTCCTCAGCCAGTAG-1,0,paclitaxel
Data8_sample_30_CCTCCTCCAAACTCGT-1,0,paclitaxel
Data8_sample_30_CCTCCTCCAATAACGA-1,0,paclitaxel
Data8_sample_30_CCTCCTCCACCATAAC-1,0,paclitaxel
Data8_sample_30_CCTCCTCCACGCGTCA-1,0,paclitaxel
Data8_sample_30_CCTCCTCGTATTGCCA-1,0,paclitaxel
Data8_sample_30_CCTCCTCTCAGCGCAC-1,0,paclitaxel
Data8_sample_30_CCTCCTCTCCCTGGTT-1,0,paclitaxel
Data8_sample_30_CCTCTAGAGAGGTTAT-1,0,paclitaxel
Data8_sample_30_CCTCTAGGTAGACTGG-1,0,paclitaxel
Data8_sample_30_CCTCTAGGTGGATCAG-1,0,paclitaxel
Data8_sample_30_CCTCTCCAGTCTGTAC-1,0,paclitaxel
Data8_sample_30_CCTCTCCCACCTGCAG-1,0,paclitaxel
Data8_sample_30_CCTCTCCGTGGAACAC-1,0,paclitaxel
Data8_sample_30_CCTCTCCTCCCGTAAA-1,0,paclitaxel
Data8_sample_30_CCTCTCCTCCTCTCTT-1,0,paclitaxel
Data8_sample_30_CCTGCATAGAGCTGAC-1,0,paclitaxel
Data8_sample_30_CCTGCATAGGAAAGGT-1,0,paclitaxel
Data8_sample_30_CCTGCATCAAATAGCA-1,0,paclitaxel
Data8_sample_30_CCTGCATCAAATCGGG-1,0,paclitaxel
Data8_sample_30_CCTGCATGTCAGTTTG-1,0,paclitaxel
Data8_sample_30_CCTGCATTCAAGTAAG-1,0,paclitaxel
Data8_sample_30_CCTGCATTCCACTTCG-1,0,paclitaxel
Data8_sample_30_CCTGCATTCCTAGCGG-1,0,paclitaxel
Data8_sample_30_CCTGCATTCCTTATCA-1,0,paclitaxel
Data8_sample_30_CCTGCATTCTGAACGT-1,0,paclitaxel
Data8_sample_30_CCTGTTGAGGGTAGCT-1,0,paclitaxel
Data8_sample_30_CCTGTTGCAAGTGATA-1,0,paclitaxel
Data8_sample_30_CCTGTTGCATTCTTCA-1,0,paclitaxel
Data8_sample_30_CCTGTTGGTATCGGTT-1,0,paclitaxel
Data8_sample_30_CCTGTTGGTCCAAATC-1,0,paclitaxel
Data8_sample_30_CCTGTTGTCGCATGAT-1,0,paclitaxel
Data8_sample_30_CCTGTTGTCTAACGGT-1,0,paclitaxel
Data8_sample_30_CCTTCAGAGGACACTG-1,0,paclitaxel
Data8_sample_30_CCTTCAGGTCTCCTGT-1,0,paclitaxel
Data8_sample_30_CCTTCAGTCATCGCTC-1,0,paclitaxel
Data8_sample_30_CCTTCAGTCTCCGAGG-1,0,paclitaxel
Data8_sample_30_CCTTGTGAGGGTACGT-1,0,paclitaxel
Data8_sample_30_CCTTGTGAGTACTGGG-1,0,paclitaxel
Data8_sample_30_CCTTGTGGTGGCTAGA-1,0,paclitaxel
Data8_sample_30_CCTTTGGTCAAGTTGC-1,0,paclitaxel
Data8_sample_30_CCTTTGGTCCACTAGA-1,0,paclitaxel
Data8_sample_30_CGAAGGACAGCTACAT-1,0,paclitaxel
Data8_sample_30_CGAAGGACATGCGGTC-1,0,paclitaxel
Data8_sample_30_CGAAGGAGTCGCTTAA-1,0,paclitaxel
Data8_sample_30_CGAAGGAGTGTTGCCG-1,0,paclitaxel
Data8_sample_30_CGAAGGATCCTCTAGC-1,0,paclitaxel
Data8_sample_30_CGAAGTTAGCCATTCA-1,0,paclitaxel
Data8_sample_30_CGAAGTTAGGAATGTT-1,0,paclitaxel
Data8_sample_30_CGAAGTTCAGCTCCTT-1,0,paclitaxel
Data8_sample_30_CGAAGTTGTCTCAGAT-1,0,paclitaxel
Data8_sample_30_CGAATTGAGATTGGGC-1,0,paclitaxel
Data8_sample_30_CGAATTGGTACGTTCA-1,0,paclitaxel
Data8_sample_30_CGAATTGTCAGCTTCC-1,0,paclitaxel
Data8_sample_30_CGAATTGTCTTCGATT-1,0,paclitaxel
Data8_sample_30_CGACAGCAGGAGAATG-1,0,paclitaxel
Data8_sample_30_CGACAGCAGGTACCTT-1,0,paclitaxel
Data8_sample_30_CGACAGCGTACCTGTA-1,0,paclitaxel
Data8_sample_30_CGACAGCGTATCTCGA-1,0,paclitaxel
Data8_sample_30_CGACAGCTCACTTTGT-1,0,paclitaxel
Data8_sample_30_CGACAGCTCTTTGCGC-1,0,paclitaxel
Data8_sample_30_CGAGAAGAGAAGGATG-1,0,paclitaxel
Data8_sample_30_CGAGAAGGTAGACGGT-1,0,paclitaxel
Data8_sample_30_CGAGAAGTCATTCATC-1,0,paclitaxel
Data8_sample_30_CGAGAAGTCTCAACCC-1,0,paclitaxel
Data8_sample_30_CGAGAAGTCTCCAAGA-1,0,paclitaxel
Data8_sample_30_CGAGGAAAGACTCGAG-1,0,paclitaxel
Data8_sample_30_CGAGGAAAGGTCCGAA-1,0,paclitaxel
Data8_sample_30_CGAGGAACAAAGGCAC-1,0,paclitaxel
Data8_sample_30_CGAGGAACAAAGTGTA-1,0,paclitaxel
Data8_sample_30_CGAGGAACACCGGTCA-1,0,paclitaxel
Data8_sample_30_CGAGGAAGTCCTCCAT-1,0,paclitaxel
Data8_sample_30_CGAGGAAGTTCGATTG-1,0,paclitaxel
Data8_sample_30_CGAGGCTAGTTTCTTC-1,0,paclitaxel
Data8_sample_30_CGAGGCTCACGACGCT-1,0,paclitaxel
Data8_sample_30_CGAGGCTGTATCTCGA-1,0,paclitaxel
Data8_sample_30_CGAGTGCAGATACGAT-1,0,paclitaxel
Data8_sample_30_CGAGTGCCAAAGGATT-1,0,paclitaxel
Data8_sample_30_CGAGTGCCAAAGGCAC-1,0,paclitaxel
Data8_sample_30_CGAGTGCCACGACAGA-1,0,paclitaxel
Data8_sample_30_CGAGTGCCACTACCGG-1,0,paclitaxel
Data8_sample_30_CGAGTGCCATGGGTCC-1,0,paclitaxel
Data8_sample_30_CGAGTGCGTATGGGAC-1,0,paclitaxel
Data8_sample_30_CGAGTGCTCGACACTA-1,0,paclitaxel
Data8_sample_30_CGAGTGCTCGCGTGAC-1,0,paclitaxel
Data8_sample_30_CGAGTGCTCTATTGTC-1,0,paclitaxel
Data8_sample_30_CGAGTTAAGAGAACCC-1,0,paclitaxel
Data8_sample_30_CGAGTTAAGCACTCCG-1,0,paclitaxel
Data8_sample_30_CGAGTTAAGCGCTGCT-1,0,paclitaxel
Data8_sample_30_CGAGTTACAAGCACCC-1,0,paclitaxel
Data8_sample_30_CGAGTTACACACCGAC-1,0,paclitaxel
Data8_sample_30_CGAGTTATCCTATGGA-1,0,paclitaxel
Data8_sample_30_CGAGTTATCTAGAGCT-1,0,paclitaxel
Data8_sample_30_CGAGTTATCTCATTTG-1,0,paclitaxel
Data8_sample_30_CGATCGGCAAGAATAC-1,0,paclitaxel
Data8_sample_30_CGATCGGCAAGATCCT-1,0,paclitaxel
Data8_sample_30_CGATCGGCAGAAGTGC-1,0,paclitaxel
Data8_sample_30_CGATCGGCATTCAGGT-1,0,paclitaxel
Data8_sample_30_CGATCGGGTAACAGGC-1,0,paclitaxel
Data8_sample_30_CGATCGGGTAATTGGA-1,0,paclitaxel
Data8_sample_30_CGATCGGGTATGGAAT-1,0,paclitaxel
Data8_sample_30_CGATGCGAGTAGAGTT-1,0,paclitaxel
Data8_sample_30_CGATGCGCAGTTAAAG-1,0,paclitaxel
Data8_sample_30_CGATGCGGTAACGATA-1,0,paclitaxel
Data8_sample_30_CGATGCGGTATCTTCT-1,0,paclitaxel
Data8_sample_30_CGATGGCAGCTCGGCT-1,0,paclitaxel
Data8_sample_30_CGATGGCAGTAGTCAA-1,0,paclitaxel
Data8_sample_30_CGATGGCCACCTGCTT-1,0,paclitaxel
Data8_sample_30_CGATGGCCACGATTCA-1,0,paclitaxel
Data8_sample_30_CGATGGCCACTACCCT-1,0,paclitaxel
Data8_sample_30_CGATGGCCACTGGATT-1,0,paclitaxel
Data8_sample_30_CGATGGCCAGTTGGTT-1,0,paclitaxel
Data8_sample_30_CGATGGCCATTAAGCC-1,0,paclitaxel
Data8_sample_30_CGATGGCGTCCGGTGT-1,0,paclitaxel
Data8_sample_30_CGATGGCGTGCTATTG-1,0,paclitaxel
Data8_sample_30_CGATGGCGTTGTCCCT-1,0,paclitaxel
Data8_sample_30_CGATGGCTCACTTTGT-1,0,paclitaxel
Data8_sample_30_CGATGGCTCGAGGCAA-1,0,paclitaxel
Data8_sample_30_CGCAGGTCACGCGTCA-1,0,paclitaxel
Data8_sample_30_CGCAGGTGTCGATTCA-1,0,paclitaxel
Data8_sample_30_CGCAGGTGTGAATGAT-1,0,paclitaxel
Data8_sample_30_CGCAGGTGTGATGTAA-1,0,paclitaxel
Data8_sample_30_CGCATAAAGGGCTTCC-1,0,paclitaxel
Data8_sample_30_CGCATAACAAACAGGC-1,0,paclitaxel
Data8_sample_30_CGCATAACAGGTGAGT-1,0,paclitaxel
Data8_sample_30_CGCATAATCCTAAGTG-1,0,paclitaxel
Data8_sample_30_CGCATAATCTGAGCAT-1,0,paclitaxel
Data8_sample_30_CGCATGGAGCTGACTT-1,0,paclitaxel
Data8_sample_30_CGCATGGAGGACGGAG-1,0,paclitaxel
Data8_sample_30_CGCATGGCACCTCTGT-1,0,paclitaxel
Data8_sample_30_CGCATGGGTTCCGCAG-1,0,paclitaxel
Data8_sample_30_CGCATGGTCACCTTAT-1,0,paclitaxel
Data8_sample_30_CGCATGGTCGTACACA-1,0,paclitaxel
Data8_sample_30_CGCCAGAAGCTTAGTC-1,0,paclitaxel
Data8_sample_30_CGCCAGAGTCCAGAAG-1,0,paclitaxel
Data8_sample_30_CGCCATTAGACGACTG-1,0,paclitaxel
Data8_sample_30_CGCCATTAGAGTCGAC-1,0,paclitaxel
Data8_sample_30_CGCCATTAGCTAATGA-1,0,paclitaxel
Data8_sample_30_CGCCATTAGCTTTCTT-1,0,paclitaxel
Data8_sample_30_CGCCATTCAAGGGTCA-1,0,paclitaxel
Data8_sample_30_CGCCATTCACGGTGAA-1,0,paclitaxel
Data8_sample_30_CGCCATTCAGGTGACA-1,0,paclitaxel
Data8_sample_30_CGCCATTGTGAGAACC-1,0,paclitaxel
Data8_sample_30_CGCCATTTCAAACGAA-1,0,paclitaxel
Data8_sample_30_CGCCATTTCCTCGCAT-1,0,paclitaxel
Data8_sample_30_CGCGTGAAGGCTAAAT-1,0,paclitaxel
Data8_sample_30_CGCGTGACACATTACG-1,0,paclitaxel
Data8_sample_30_CGCGTGACATCATGAC-1,0,paclitaxel
Data8_sample_30_CGCGTGAGTCATAAAG-1,0,paclitaxel
Data8_sample_30_CGCGTGAGTCTCGGGT-1,0,paclitaxel
Data8_sample_30_CGCGTGAGTTCGAAGG-1,0,paclitaxel
Data8_sample_30_CGCGTGATCGTAGCTA-1,0,paclitaxel
Data8_sample_30_CGCGTGATCTTACCGC-1,0,paclitaxel
Data8_sample_30_CGGAACCAGAGCGACT-1,0,paclitaxel
Data8_sample_30_CGGAACCGTCATAAAG-1,0,paclitaxel
Data8_sample_30_CGGAACCTCAGGAAGC-1,0,paclitaxel
Data8_sample_30_CGGAATTAGGTAAGTT-1,0,paclitaxel
Data8_sample_30_CGGAATTCAGGCTTGC-1,0,paclitaxel
Data8_sample_30_CGGAATTCATGAAAGT-1,0,paclitaxel
Data8_sample_30_CGGAATTGTACTCGTA-1,0,paclitaxel
Data8_sample_30_CGGACACAGACGGATC-1,0,paclitaxel
Data8_sample_30_CGGACACAGCTCGCAC-1,0,paclitaxel
Data8_sample_30_CGGACACCAAGAGAGA-1,0,paclitaxel
Data8_sample_30_CGGACACCAATCGTCA-1,0,paclitaxel
Data8_sample_30_CGGACACCACCGCTAG-1,0,paclitaxel
Data8_sample_30_CGGACACGTCCAACGC-1,0,paclitaxel
Data8_sample_30_CGGACACGTCGCGTCA-1,0,paclitaxel
Data8_sample_30_CGGACACGTGCACGCT-1,0,paclitaxel
Data8_sample_30_CGGACACGTTTCGACA-1,0,paclitaxel
Data8_sample_30_CGGACACTCCTACGGG-1,0,paclitaxel
Data8_sample_30_CGGAGAAAGGAAAGTG-1,0,paclitaxel
Data8_sample_30_CGGAGAACAGTTGTTG-1,0,paclitaxel
Data8_sample_30_CGGAGAAGTAGTACGG-1,0,paclitaxel
Data8_sample_30_CGGAGAATCCGTGGCA-1,0,paclitaxel
Data8_sample_30_CGGCAGTAGTCTGGTT-1,0,paclitaxel
Data8_sample_30_CGGCAGTCAAATTGCC-1,0,paclitaxel
Data8_sample_30_CGGCAGTCAGCAGTCC-1,0,paclitaxel
Data8_sample_30_CGGCAGTCAGGCCTGT-1,0,paclitaxel
Data8_sample_30_CGGCAGTCATTGGGAG-1,0,paclitaxel
Data8_sample_30_CGGCAGTGTCCATACA-1,0,paclitaxel
Data8_sample_30_CGGCAGTGTTAGGCCC-1,0,paclitaxel
Data8_sample_30_CGGGACTAGCGTTACT-1,0,paclitaxel
Data8_sample_30_CGGGACTCAATGCAGG-1,0,paclitaxel
Data8_sample_30_CGGGACTCACGGATCC-1,0,paclitaxel
Data8_sample_30_CGGGACTCATCGGCCA-1,0,paclitaxel
Data8_sample_30_CGGGACTGTAGCGTAG-1,0,paclitaxel
Data8_sample_30_CGGGACTGTTACGCCG-1,0,paclitaxel
Data8_sample_30_CGGGACTGTTAGGCCC-1,0,paclitaxel
Data8_sample_30_CGGGACTTCCAACTAG-1,0,paclitaxel
Data8_sample_30_CGGGCATAGCTAATGA-1,0,paclitaxel
Data8_sample_30_CGGGCATAGTGGATTA-1,0,paclitaxel
Data8_sample_30_CGGGCATCAAGTCCAT-1,0,paclitaxel
Data8_sample_30_CGGGCATGTCTTTCTA-1,0,paclitaxel
Data8_sample_30_CGGGCATGTTAGGAGC-1,0,paclitaxel
Data8_sample_30_CGGGCATTCCATACTT-1,0,paclitaxel
Data8_sample_30_CGGGCATTCGTCAAAC-1,0,paclitaxel
Data8_sample_30_CGGGTCACACTAGTAC-1,0,paclitaxel
Data8_sample_30_CGGGTCAGTCGTGGAA-1,0,paclitaxel
Data8_sample_30_CGGGTCATCCTTATGT-1,0,paclitaxel
Data8_sample_30_CGGGTCATCTCTTCAA-1,0,paclitaxel
Data8_sample_30_CGGGTGTCAGACCTAT-1,0,paclitaxel
Data8_sample_30_CGGGTGTCAGTAGTTC-1,0,paclitaxel
Data8_sample_30_CGGGTGTCATGCCGAC-1,0,paclitaxel
Data8_sample_30_CGGGTGTGTAGAGCTG-1,0,paclitaxel
Data8_sample_30_CGGGTGTGTCAAGTTC-1,0,paclitaxel
Data8_sample_30_CGGGTGTTCAAGTCTG-1,0,paclitaxel
Data8_sample_30_CGGTCAGAGCATGGGT-1,0,paclitaxel
Data8_sample_30_CGGTCAGAGCTGACTT-1,0,paclitaxel
Data8_sample_30_CGGTCAGAGTCCCGAC-1,0,paclitaxel
Data8_sample_30_CGGTCAGAGTTCCATG-1,0,paclitaxel
Data8_sample_30_CGGTCAGGTTAGGACG-1,0,paclitaxel
Data8_sample_30_CGTAAGTCACAAGTTC-1,0,paclitaxel
Data8_sample_30_CGTAAGTGTACAGCGA-1,0,paclitaxel
Data8_sample_30_CGTAAGTGTGCTTCAA-1,0,paclitaxel
Data8_sample_30_CGTAAGTGTTATAGCC-1,0,paclitaxel
Data8_sample_30_CGTAAGTTCGCTATTT-1,0,paclitaxel
Data8_sample_30_CGTAATGAGGTCACAG-1,0,paclitaxel
Data8_sample_30_CGTAATGAGGTCGTCC-1,0,paclitaxel
Data8_sample_30_CGTAATGCACAAGTGG-1,0,paclitaxel
Data8_sample_30_CGTAATGCACGACTAT-1,0,paclitaxel
Data8_sample_30_CGTAATGCACTTGTCC-1,0,paclitaxel
Data8_sample_30_CGTAATGCAGCTGTGC-1,0,paclitaxel
Data8_sample_30_CGTAATGCATCAGCAT-1,0,paclitaxel
Data8_sample_30_CGTAATGGTACGGTTT-1,0,paclitaxel
Data8_sample_30_CGTAATGTCCTACTGC-1,0,paclitaxel
Data8_sample_30_CGTAATGTCGAGTGAG-1,0,paclitaxel
Data8_sample_30_CGTAATGTCTACGGTA-1,0,paclitaxel
Data8_sample_30_CGTAGTAAGACAAGCC-1,0,paclitaxel
Data8_sample_30_CGTAGTACAAGGGTCA-1,0,paclitaxel
Data8_sample_30_CGTAGTACAATTCTCT-1,0,paclitaxel
Data8_sample_30_CGTAGTACACTCCACT-1,0,paclitaxel
Data8_sample_30_CGTAGTACAGGACGAT-1,0,paclitaxel
Data8_sample_30_CGTAGTACATGACAAA-1,0,paclitaxel
Data8_sample_30_CGTAGTATCGCGTGAC-1,0,paclitaxel
Data8_sample_30_CGTAGTATCTCTGAGA-1,0,paclitaxel
Data8_sample_30_CGTAGTATCTGAGAAA-1,0,paclitaxel
Data8_sample_30_CGTCAAAAGATAGCTA-1,0,paclitaxel
Data8_sample_30_CGTCAAAGTCCGTTTC-1,0,paclitaxel
Data8_sample_30_CGTCAAAGTTTAAGGA-1,0,paclitaxel
Data8_sample_30_CGTCAAATCTAGCATG-1,0,paclitaxel
Data8_sample_30_CGTCAAATCTATCACT-1,0,paclitaxel
Data8_sample_30_CGTCCATCACCTAAAC-1,0,paclitaxel
Data8_sample_30_CGTCCATCAGCTACCG-1,0,paclitaxel
Data8_sample_30_CGTCCATCAGTAGAAT-1,0,paclitaxel
Data8_sample_30_CGTCCATGTGAGCGAT-1,0,paclitaxel
Data8_sample_30_CGTCCATGTGTAGTGG-1,0,paclitaxel
Data8_sample_30_CGTCCATTCCCACAGG-1,0,paclitaxel
Data8_sample_30_CGTCCATTCCGGACGT-1,0,paclitaxel
Data8_sample_30_CGTGAATGTATGTCAC-1,0,paclitaxel
Data8_sample_30_CGTGAATGTGGCTACC-1,0,paclitaxel
Data8_sample_30_CGTGAATTCTACTCAT-1,0,paclitaxel
Data8_sample_30_CGTGATACAAGACCTT-1,0,paclitaxel
Data8_sample_30_CGTGATACAGGTCAGA-1,0,paclitaxel
Data8_sample_30_CGTGATACAGTCGCAC-1,0,paclitaxel
Data8_sample_30_CGTGATACATTGCCGG-1,0,paclitaxel
Data8_sample_30_CGTGATATCTAACACG-1,0,paclitaxel
Data8_sample_30_CGTGCTTAGATGAAGG-1,0,paclitaxel
Data8_sample_30_CGTGCTTGTCAAGTTC-1,0,paclitaxel
Data8_sample_30_CGTGCTTGTCCAAATC-1,0,paclitaxel
Data8_sample_30_CGTGCTTTCATCGGGC-1,0,paclitaxel
Data8_sample_30_CGTGCTTTCATTTACC-1,0,paclitaxel
Data8_sample_30_CGTGCTTTCTTGTGCC-1,0,paclitaxel
Data8_sample_30_CGTGTCTAGTTGGAAT-1,0,paclitaxel
Data8_sample_30_CGTGTCTCAAGTACCT-1,0,paclitaxel
Data8_sample_30_CGTGTCTCACAGACGA-1,0,paclitaxel
Data8_sample_30_CGTTAGAAGCTAGATA-1,0,paclitaxel
Data8_sample_30_CGTTAGAAGGTTCTAC-1,0,paclitaxel
Data8_sample_30_CGTTAGACATGCCGCA-1,0,paclitaxel
Data8_sample_30_CGTTAGAGTGGTCCCA-1,0,paclitaxel
Data8_sample_30_CGTTAGAGTTACCTTT-1,0,paclitaxel
Data8_sample_30_CGTTAGAGTTCAACGT-1,0,paclitaxel
Data8_sample_30_CGTTCTGAGCGACTGA-1,0,paclitaxel
Data8_sample_30_CGTTCTGAGGCATTTC-1,0,paclitaxel
Data8_sample_30_CGTTCTGCAACAAGAT-1,0,paclitaxel
Data8_sample_30_CGTTCTGCACGTGAGA-1,0,paclitaxel
Data8_sample_30_CGTTCTGCATAGGAGC-1,0,paclitaxel
Data8_sample_30_CGTTCTGTCATTGCGA-1,0,paclitaxel
Data8_sample_30_CGTTCTGTCGGCTTGG-1,0,paclitaxel
Data8_sample_30_CGTTGGGAGAAGTCAT-1,0,paclitaxel
Data8_sample_30_CGTTGGGGTATCTTCT-1,0,paclitaxel
Data8_sample_30_CGTTGGGGTCCAATCA-1,0,paclitaxel
Data8_sample_30_CGTTGGGTCAGATTGC-1,0,paclitaxel
Data8_sample_30_CTAACCCAGATTGCGG-1,0,paclitaxel
Data8_sample_30_CTAACCCCACAAGTGG-1,0,paclitaxel
Data8_sample_30_CTAACCCGTCATCTAG-1,0,paclitaxel
Data8_sample_30_CTAACCCGTTGGTACT-1,0,paclitaxel
Data8_sample_30_CTAACCCTCGCTGTCT-1,0,paclitaxel
Data8_sample_30_CTAACTTAGGGAGGCA-1,0,paclitaxel
Data8_sample_30_CTAACTTAGTATGTAG-1,0,paclitaxel
Data8_sample_30_CTAACTTCAAATTAGG-1,0,paclitaxel
Data8_sample_30_CTAACTTCACGCCAGT-1,0,paclitaxel
Data8_sample_30_CTAACTTCACGGGTAA-1,0,paclitaxel
Data8_sample_30_CTAACTTCAGAAATCA-1,0,paclitaxel
Data8_sample_30_CTAACTTCAGCATTGT-1,0,paclitaxel
Data8_sample_30_CTAACTTCAGCGGTTC-1,0,paclitaxel
Data8_sample_30_CTAACTTCATGCCGGT-1,0,paclitaxel
Data8_sample_30_CTAACTTTCCTGGCTT-1,0,paclitaxel
Data8_sample_30_CTAAGTGAGATGAAGG-1,0,paclitaxel
Data8_sample_30_CTAAGTGAGGCCCGTT-1,0,paclitaxel
Data8_sample_30_CTAAGTGCACCATTCC-1,0,paclitaxel
Data8_sample_30_CTAAGTGCAGTAACAA-1,0,paclitaxel
Data8_sample_30_CTAAGTGGTTTGTTGG-1,0,paclitaxel
Data8_sample_30_CTAAGTGTCTCTCGAC-1,0,paclitaxel
Data8_sample_30_CTACAGAAGCGCAATG-1,0,paclitaxel
Data8_sample_30_CTACAGAAGTCTCCTC-1,0,paclitaxel
Data8_sample_30_CTACAGAAGTGATCGG-1,0,paclitaxel
Data8_sample_30_CTACAGACAATAGTAG-1,0,paclitaxel
Data8_sample_30_CTACAGAGTGTAAATG-1,0,paclitaxel
Data8_sample_30_CTACAGATCCTGCCAT-1,0,paclitaxel
Data8_sample_30_CTACATTCATTCAGGT-1,0,paclitaxel
Data8_sample_30_CTACATTGTTACGTAC-1,0,paclitaxel
Data8_sample_30_CTACATTGTTCTTGCC-1,0,paclitaxel
Data8_sample_30_CTACCCAAGACCTTTG-1,0,paclitaxel
Data8_sample_30_CTACCCAAGACTACGG-1,0,paclitaxel
Data8_sample_30_CTACCCAAGCGCCATC-1,0,paclitaxel
Data8_sample_30_CTACCCATCATGCCCT-1,0,paclitaxel
Data8_sample_30_CTACCCATCATTACCT-1,0,paclitaxel
Data8_sample_30_CTACCCATCTAGATCG-1,0,paclitaxel
Data8_sample_30_CTACCCATCTCACCCA-1,0,paclitaxel
Data8_sample_30_CTACCTGAGACATGCG-1,0,paclitaxel
Data8_sample_30_CTACCTGAGCATATGA-1,0,paclitaxel
Data8_sample_30_CTACCTGAGCTCGTGC-1,0,paclitaxel
Data8_sample_30_CTACCTGAGTCCTACA-1,0,paclitaxel
Data8_sample_30_CTACCTGCACATATCG-1,0,paclitaxel
Data8_sample_30_CTACCTGCAGAGGTTG-1,0,paclitaxel
Data8_sample_30_CTACCTGGTCAGTCGC-1,0,paclitaxel
Data8_sample_30_CTACCTGGTCATAACC-1,0,paclitaxel
Data8_sample_30_CTACGGGAGAATCGTA-1,0,paclitaxel
Data8_sample_30_CTACGGGAGTGAATAC-1,0,paclitaxel
Data8_sample_30_CTACGGGGTATCCCAA-1,0,paclitaxel
Data8_sample_30_CTACGGGGTCGACTGC-1,0,paclitaxel
Data8_sample_30_CTACGGGTCGCCGTGA-1,0,paclitaxel
Data8_sample_30_CTACTATAGGAACTCG-1,0,paclitaxel
Data8_sample_30_CTACTATCATCTATCT-1,0,paclitaxel
Data8_sample_30_CTACTATGTCATAACC-1,0,paclitaxel
Data8_sample_30_CTACTATGTCCATCTC-1,0,paclitaxel
Data8_sample_30_CTACTATGTCGATTCA-1,0,paclitaxel
Data8_sample_30_CTACTATGTGCGCTCA-1,0,paclitaxel
Data8_sample_30_CTACTATTCAACCGAT-1,0,paclitaxel
Data8_sample_30_CTACTATTCAGCTGTA-1,0,paclitaxel
Data8_sample_30_CTAGACAGTTAAGTCC-1,0,paclitaxel
Data8_sample_30_CTAGGTAAGCACTCCG-1,0,paclitaxel
Data8_sample_30_CTAGGTAAGCATATGA-1,0,paclitaxel
Data8_sample_30_CTAGGTAAGGCACAAC-1,0,paclitaxel
Data8_sample_30_CTAGGTACATAGAATG-1,0,paclitaxel
Data8_sample_30_CTAGGTACATTGCTTT-1,0,paclitaxel
Data8_sample_30_CTAGGTATCTAGACCA-1,0,paclitaxel
Data8_sample_30_CTAGGTATCTGGTGCG-1,0,paclitaxel
Data8_sample_30_CTATAGGAGAGCCCAA-1,0,paclitaxel
Data8_sample_30_CTATAGGGTCACCCTT-1,0,paclitaxel
Data8_sample_30_CTATAGGTCTAACGCA-1,0,paclitaxel
Data8_sample_30_CTATCCGGTACAGTAA-1,0,paclitaxel
Data8_sample_30_CTATCCGGTGAACCGA-1,0,paclitaxel
Data8_sample_30_CTATCCGTCGTTAGTG-1,0,paclitaxel
Data8_sample_30_CTATCCGTCTTTGCAT-1,0,paclitaxel
Data8_sample_30_CTATCTAAGAAGCTCG-1,0,paclitaxel
Data8_sample_30_CTATCTAAGATGGCGT-1,0,paclitaxel
Data8_sample_30_CTATCTAAGTGAACAT-1,0,paclitaxel
Data8_sample_30_CTCAACCAGGCGACAT-1,0,paclitaxel
Data8_sample_30_CTCAACCCACATTCGA-1,0,paclitaxel
Data8_sample_30_CTCAACCTCAAATAGG-1,0,paclitaxel
Data8_sample_30_CTCAACCTCACACCGG-1,0,paclitaxel
Data8_sample_30_CTCAACCTCAGCGCGT-1,0,paclitaxel
Data8_sample_30_CTCAAGAAGACAGCTG-1,0,paclitaxel
Data8_sample_30_CTCAAGAAGCTGCCAC-1,0,paclitaxel
Data8_sample_30_CTCAAGACAAAGTATG-1,0,paclitaxel
Data8_sample_30_CTCAAGACAATAGTCC-1,0,paclitaxel
Data8_sample_30_CTCAAGACAGAACTAA-1,0,paclitaxel
Data8_sample_30_CTCAAGAGTAATGTGA-1,0,paclitaxel
Data8_sample_30_CTCAAGATCCTCTGCA-1,0,paclitaxel
Data8_sample_30_CTCAAGATCTAAGAAG-1,0,paclitaxel
Data8_sample_30_CTCAATTAGAGACAAG-1,0,paclitaxel
Data8_sample_30_CTCAATTAGATAGCAT-1,0,paclitaxel
Data8_sample_30_CTCAATTAGATTCGCT-1,0,paclitaxel
Data8_sample_30_CTCAATTAGCCGGATA-1,0,paclitaxel
Data8_sample_30_CTCAATTAGGTCTTTG-1,0,paclitaxel
Data8_sample_30_CTCAATTCACTGGACC-1,0,paclitaxel
Data8_sample_30_CTCAATTGTGACTCTA-1,0,paclitaxel
Data8_sample_30_CTCAATTGTTGTACGT-1,0,paclitaxel
Data8_sample_30_CTCACTGAGATGAAGG-1,0,paclitaxel
Data8_sample_30_CTCACTGAGTCCTGCG-1,0,paclitaxel
Data8_sample_30_CTCACTGAGTGGCGAT-1,0,paclitaxel
Data8_sample_30_CTCACTGCACACGGAA-1,0,paclitaxel
Data8_sample_30_CTCACTGCACCCAATA-1,0,paclitaxel
Data8_sample_30_CTCACTGGTACAATAG-1,0,paclitaxel
Data8_sample_30_CTCAGAAAGAATCGTA-1,0,paclitaxel
Data8_sample_30_CTCAGAACAGCGGTTC-1,0,paclitaxel
Data8_sample_30_CTCAGAAGTGTCGATT-1,0,paclitaxel
Data8_sample_30_CTCAGAAGTTGTTGTG-1,0,paclitaxel
Data8_sample_30_CTCAGGGAGCTCGGCT-1,0,paclitaxel
Data8_sample_30_CTCAGGGAGTGGAAGA-1,0,paclitaxel
Data8_sample_30_CTCAGGGCAGCCGGTT-1,0,paclitaxel
Data8_sample_30_CTCAGGGGTAGTCACT-1,0,paclitaxel
Data8_sample_30_CTCAGGGGTCATCACA-1,0,paclitaxel
Data8_sample_30_CTCAGGGTCACTGGGC-1,0,paclitaxel
Data8_sample_30_CTCAGTCCACCTGAAT-1,0,paclitaxel
Data8_sample_30_CTCAGTCCAGGCTACC-1,0,paclitaxel
Data8_sample_30_CTCAGTCGTGACCTGC-1,0,paclitaxel
Data8_sample_30_CTCAGTCTCCTCTAGC-1,0,paclitaxel
Data8_sample_30_CTCAGTCTCTCGACCT-1,0,paclitaxel
Data8_sample_30_CTCAGTCTCTGCCTGT-1,0,paclitaxel
Data8_sample_30_CTCATCGAGACATGCG-1,0,paclitaxel
Data8_sample_30_CTCATCGCATGCTGCG-1,0,paclitaxel
Data8_sample_30_CTCATCGGTCGAATTC-1,0,paclitaxel
Data8_sample_30_CTCATCGGTCTAGGTT-1,0,paclitaxel
Data8_sample_30_CTCATCGGTGTGACCC-1,0,paclitaxel
Data8_sample_30_CTCATCGGTTTCTTAC-1,0,paclitaxel
Data8_sample_30_CTCATCGTCCGAGTGC-1,0,paclitaxel
Data8_sample_30_CTCATCGTCGCAGAGA-1,0,paclitaxel
Data8_sample_30_CTCATCGTCGTAATGC-1,0,paclitaxel
Data8_sample_30_CTCATGCAGGTAAGTT-1,0,paclitaxel
Data8_sample_30_CTCATGCCAAACTAAG-1,0,paclitaxel
Data8_sample_30_CTCATGCCACTTGAAC-1,0,paclitaxel
Data8_sample_30_CTCATGCCATGACGTT-1,0,paclitaxel
Data8_sample_30_CTCATGCGTATACCCA-1,0,paclitaxel
Data8_sample_30_CTCATGCGTATCGAAA-1,0,paclitaxel
Data8_sample_30_CTCATGCGTGCATTTG-1,0,paclitaxel
Data8_sample_30_CTCATGCTCTATCCAT-1,0,paclitaxel
Data8_sample_30_CTCATTAAGAAGCTGC-1,0,paclitaxel
Data8_sample_30_CTCATTAAGACGCCAA-1,0,paclitaxel
Data8_sample_30_CTCATTAAGATGGTCG-1,0,paclitaxel
Data8_sample_30_CTCATTAAGTGAGGTC-1,0,paclitaxel
Data8_sample_30_CTCATTAAGTTTCTTC-1,0,paclitaxel
Data8_sample_30_CTCATTACACGGCGTT-1,0,paclitaxel
Data8_sample_30_CTCATTAGTCGCGTCA-1,0,paclitaxel
Data8_sample_30_CTCATTAGTGCATGTT-1,0,paclitaxel
Data8_sample_30_CTCATTAGTGGTTTAC-1,0,paclitaxel
Data8_sample_30_CTCATTATCAACTTTC-1,0,paclitaxel
Data8_sample_30_CTCCAACAGGGCAGAG-1,0,paclitaxel
Data8_sample_30_CTCCAACCAGCATCTA-1,0,paclitaxel
Data8_sample_30_CTCCAACGTAACCCGC-1,0,paclitaxel
Data8_sample_30_CTCCAACGTGTAAATG-1,0,paclitaxel
Data8_sample_30_CTCCAACTCAGCAGAG-1,0,paclitaxel
Data8_sample_30_CTCCAACTCCGAGAAG-1,0,paclitaxel
Data8_sample_30_CTCCACAAGGGTGAAA-1,0,paclitaxel
Data8_sample_30_CTCCACAAGTTCCGTA-1,0,paclitaxel
Data8_sample_30_CTCCACACAAGGACAC-1,0,paclitaxel
Data8_sample_30_CTCCACAGTAGATTAG-1,0,paclitaxel
Data8_sample_30_CTCCACATCAACGTGT-1,0,paclitaxel
Data8_sample_30_CTCCACATCACATCAG-1,0,paclitaxel
Data8_sample_30_CTCCACATCCTTGGAA-1,0,paclitaxel
Data8_sample_30_CTCCATGCATGGGTTT-1,0,paclitaxel
Data8_sample_30_CTCCATGGTATGGAAT-1,0,paclitaxel
Data8_sample_30_CTCCATGGTCAAAGCG-1,0,paclitaxel
Data8_sample_30_CTCCATGGTTTGTTGG-1,0,paclitaxel
Data8_sample_30_CTCCATGTCCGTACGG-1,0,paclitaxel
Data8_sample_30_CTCCATGTCTCCGCAT-1,0,paclitaxel
Data8_sample_30_CTCCCAAAGGTGCCAA-1,0,paclitaxel
Data8_sample_30_CTCCCAAAGGTTCACT-1,0,paclitaxel
Data8_sample_30_CTCCCAAAGTGTTCCA-1,0,paclitaxel
Data8_sample_30_CTCCCAACAACGTAAA-1,0,paclitaxel
Data8_sample_30_CTCCCAAGTACAGGTG-1,0,paclitaxel
Data8_sample_30_CTCCCAATCCGTATGA-1,0,paclitaxel
Data8_sample_30_CTCCCTCAGAAGCCAC-1,0,paclitaxel
Data8_sample_30_CTCCCTCAGGTAGTAT-1,0,paclitaxel
Data8_sample_30_CTCCCTCAGTCGCTAT-1,0,paclitaxel
Data8_sample_30_CTCCCTCAGTTTAGGA-1,0,paclitaxel
Data8_sample_30_CTCCCTCCAACCGCCA-1,0,paclitaxel
Data8_sample_30_CTCCCTCCACAAATGA-1,0,paclitaxel
Data8_sample_30_CTCCCTCGTCGCTTAA-1,0,paclitaxel
Data8_sample_30_CTCCGATAGAAGTCTA-1,0,paclitaxel
Data8_sample_30_CTCCGATAGAGAGCCT-1,0,paclitaxel
Data8_sample_30_CTCCGATAGCGACTTT-1,0,paclitaxel
Data8_sample_30_CTCCGATAGGCATGCA-1,0,paclitaxel
Data8_sample_30_CTCCGATCAGCGTACC-1,0,paclitaxel
Data8_sample_30_CTCCGATCAGGGAATC-1,0,paclitaxel
Data8_sample_30_CTCCGATGTAGCCCTG-1,0,paclitaxel
Data8_sample_30_CTCCGATGTCTGTGAT-1,0,paclitaxel
Data8_sample_30_CTCCGATTCGTCGACG-1,0,paclitaxel
Data8_sample_30_CTCCGATTCTTCCCGA-1,0,paclitaxel
Data8_sample_30_CTCCTCCAGCCATCCG-1,0,paclitaxel
Data8_sample_30_CTCCTCCAGTATTGCC-1,0,paclitaxel
Data8_sample_30_CTCCTCCGTACGATCT-1,0,paclitaxel
Data8_sample_30_CTCCTCCGTGACTGAG-1,0,paclitaxel
Data8_sample_30_CTCCTCCGTTCCGGTG-1,0,paclitaxel
Data8_sample_30_CTCCTCCGTTTCACAG-1,0,paclitaxel
Data8_sample_30_CTCCTCCTCTGTTCAT-1,0,paclitaxel
Data8_sample_30_CTCCTTTAGATGAATC-1,0,paclitaxel
Data8_sample_30_CTCCTTTAGCACGATG-1,0,paclitaxel
Data8_sample_30_CTCCTTTAGTGGAAGA-1,0,paclitaxel
Data8_sample_30_CTCCTTTAGTGGTTGG-1,0,paclitaxel
Data8_sample_30_CTCCTTTCAATTTCTC-1,0,paclitaxel
Data8_sample_30_CTCCTTTGTCTACACA-1,0,paclitaxel
Data8_sample_30_CTCCTTTGTGCTCTTC-1,0,paclitaxel
Data8_sample_30_CTCCTTTTCCATCTAT-1,0,paclitaxel
Data8_sample_30_CTCCTTTTCCATTTAC-1,0,paclitaxel
Data8_sample_30_CTCCTTTTCCGTGTCT-1,0,paclitaxel
Data8_sample_30_CTCCTTTTCGTGGGAA-1,0,paclitaxel
Data8_sample_30_CTCGAGGGTCTGCAAT-1,0,paclitaxel
Data8_sample_30_CTCTCAGCAGTCACGC-1,0,paclitaxel
Data8_sample_30_CTCTCAGGTCCCAAAT-1,0,paclitaxel
Data8_sample_30_CTCTCGAAGCGCACAA-1,0,paclitaxel
Data8_sample_30_CTCTCGACAAATGCGG-1,0,paclitaxel
Data8_sample_30_CTCTCGACATGACCCG-1,0,paclitaxel
Data8_sample_30_CTCTCGAGTGCCCACA-1,0,paclitaxel
Data8_sample_30_CTCTCGAGTTGTTGTG-1,0,paclitaxel
Data8_sample_30_CTCTCGATCCTTTGAT-1,0,paclitaxel
Data8_sample_30_CTCTGGTAGAACAGGA-1,0,paclitaxel
Data8_sample_30_CTCTGGTGTACCATAC-1,0,paclitaxel
Data8_sample_30_CTCTGGTGTCACTTAG-1,0,paclitaxel
Data8_sample_30_CTCTGGTGTGTTGATC-1,0,paclitaxel
Data8_sample_30_CTCTGGTTCCAGTTCC-1,0,paclitaxel
Data8_sample_30_CTCTGGTTCGAGCCTG-1,0,paclitaxel
Data8_sample_30_CTCTGGTTCTAGCCAA-1,0,paclitaxel
Data8_sample_30_CTCTGGTTCTGTCAGA-1,0,paclitaxel
Data8_sample_30_CTGAATGAGTAATACG-1,0,paclitaxel
Data8_sample_30_CTGAATGAGTCTAACC-1,0,paclitaxel
Data8_sample_30_CTGAATGCAAATGAAC-1,0,paclitaxel
Data8_sample_30_CTGAATGCAGGTACGA-1,0,paclitaxel
Data8_sample_30_CTGAATGCATACCAGT-1,0,paclitaxel
Data8_sample_30_CTGAATGTCTGATTCT-1,0,paclitaxel
Data8_sample_30_CTGAGCGAGAGGTATT-1,0,paclitaxel
Data8_sample_30_CTGAGCGAGAGTGGCT-1,0,paclitaxel
Data8_sample_30_CTGAGCGAGCTGGCCT-1,0,paclitaxel
Data8_sample_30_CTGAGCGCACTGGCCA-1,0,paclitaxel
Data8_sample_30_CTGAGCGGTCTCAAGT-1,0,paclitaxel
Data8_sample_30_CTGAGCGGTGTCTAAC-1,0,paclitaxel
Data8_sample_30_CTGAGCGGTTAGAAAC-1,0,paclitaxel
Data8_sample_30_CTGAGGCAGCACGATG-1,0,paclitaxel
Data8_sample_30_CTGAGGCCAAAGCACG-1,0,paclitaxel
Data8_sample_30_CTGAGGCCAGCTGTAT-1,0,paclitaxel
Data8_sample_30_CTGAGGCGTTTGAACC-1,0,paclitaxel
Data8_sample_30_CTGAGGCTCAACTCTT-1,0,paclitaxel
Data8_sample_30_CTGAGGCTCTGTACAG-1,0,paclitaxel
Data8_sample_30_CTGATCCAGCATGTTC-1,0,paclitaxel
Data8_sample_30_CTGATCCAGTGCGACA-1,0,paclitaxel
Data8_sample_30_CTGATCCCAAGGACAC-1,0,paclitaxel
Data8_sample_30_CTGATCCGTCGCATTA-1,0,paclitaxel
Data8_sample_30_CTGATCCGTGGCGCTT-1,0,paclitaxel
Data8_sample_30_CTGATCCTCCCGTTGT-1,0,paclitaxel
Data8_sample_30_CTGCAGGAGAAACTAC-1,0,paclitaxel
Data8_sample_30_CTGCAGGGTACCATAC-1,0,paclitaxel
Data8_sample_30_CTGCAGGTCACATTGG-1,0,paclitaxel
Data8_sample_30_CTGCAGGTCCCGAATA-1,0,paclitaxel
Data8_sample_30_CTGCAGGTCTACGGTA-1,0,paclitaxel
Data8_sample_30_CTGCATCCAGGTTTAC-1,0,paclitaxel
Data8_sample_30_CTGCATCGTCAAAGAT-1,0,paclitaxel
Data8_sample_30_CTGCATCGTGTTCGTA-1,0,paclitaxel
Data8_sample_30_CTGCATCGTTAGAGAT-1,0,paclitaxel
Data8_sample_30_CTGCATCTCTAGTACG-1,0,paclitaxel
Data8_sample_30_CTGCCATAGCGGGTAT-1,0,paclitaxel
Data8_sample_30_CTGCCATGTCATCCCT-1,0,paclitaxel
Data8_sample_30_CTGCCATGTGCCCTTT-1,0,paclitaxel
Data8_sample_30_CTGCCATTCTACACTT-1,0,paclitaxel
Data8_sample_30_CTGCCTAAGCGTGAAC-1,0,paclitaxel
Data8_sample_30_CTGCCTAAGCTCATAC-1,0,paclitaxel
Data8_sample_30_CTGCCTACAATATCCG-1,0,paclitaxel
Data8_sample_30_CTGCCTACAGCAGACA-1,0,paclitaxel
Data8_sample_30_CTGCCTAGTGGAAATT-1,0,paclitaxel
Data8_sample_30_CTGCCTATCGTGGAAG-1,0,paclitaxel
Data8_sample_30_CTGCCTATCTAGATCG-1,0,paclitaxel
Data8_sample_30_CTGCGAGCAGGCACAA-1,0,paclitaxel
Data8_sample_30_CTGCGAGTCCGATTAG-1,0,paclitaxel
Data8_sample_30_CTGCGAGTCGCCTTGT-1,0,paclitaxel
Data8_sample_30_CTGCTCAGTCTCACGG-1,0,paclitaxel
Data8_sample_30_CTGCTCAGTTGGCTAT-1,0,paclitaxel
Data8_sample_30_CTGGACGAGGTCGTGA-1,0,paclitaxel
Data8_sample_30_CTGGACGGTCATCACA-1,0,paclitaxel
Data8_sample_30_CTGGACGTCGTACACA-1,0,paclitaxel
Data8_sample_30_CTGGCAGAGAATAGTC-1,0,paclitaxel
Data8_sample_30_CTGGCAGCACAGCGCT-1,0,paclitaxel
Data8_sample_30_CTGGCAGGTGATGTAA-1,0,paclitaxel
Data8_sample_30_CTGGCAGTCCTGTTAT-1,0,paclitaxel
Data8_sample_30_CTGGTCTAGCGCTGAA-1,0,paclitaxel
Data8_sample_30_CTGGTCTAGCTTTCTT-1,0,paclitaxel
Data8_sample_30_CTGGTCTAGGTACATA-1,0,paclitaxel
Data8_sample_30_CTGGTCTAGGTGCAGT-1,0,paclitaxel
Data8_sample_30_CTGGTCTCACCACATA-1,0,paclitaxel
Data8_sample_30_CTGGTCTTCCTAGCTC-1,0,paclitaxel
Data8_sample_30_CTGTACCAGAGTCACG-1,0,paclitaxel
Data8_sample_30_CTGTACCAGTCCTGCG-1,0,paclitaxel
Data8_sample_30_CTGTACCCACTGCACG-1,0,paclitaxel
Data8_sample_30_CTGTACCCAGGACTAG-1,0,paclitaxel
Data8_sample_30_CTGTACCGTATTCTCT-1,0,paclitaxel
Data8_sample_30_CTGTACCTCTTGTGCC-1,0,paclitaxel
Data8_sample_30_CTGTAGAAGCCATGCC-1,0,paclitaxel
Data8_sample_30_CTGTAGAAGTTGCTCA-1,0,paclitaxel
Data8_sample_30_CTGTAGACAGACACAG-1,0,paclitaxel
Data8_sample_30_CTGTAGACAGAGCGTA-1,0,paclitaxel
Data8_sample_30_CTGTAGAGTACGATCT-1,0,paclitaxel
Data8_sample_30_CTGTAGAGTCTTCATT-1,0,paclitaxel
Data8_sample_30_CTGTAGATCCTAAACG-1,0,paclitaxel
Data8_sample_30_CTGTAGATCTACAGGT-1,0,paclitaxel
Data8_sample_30_CTGTATTAGCTGAAAT-1,0,paclitaxel
Data8_sample_30_CTGTATTCACTGCATA-1,0,paclitaxel
Data8_sample_30_CTGTATTCATCGATAC-1,0,paclitaxel
Data8_sample_30_CTGTATTGTCATCAGT-1,0,paclitaxel
Data8_sample_30_CTGTATTTCCATTCAT-1,0,paclitaxel
Data8_sample_30_CTGTATTTCCTTACCG-1,0,paclitaxel
Data8_sample_30_CTGTCGTAGCGGTATG-1,0,paclitaxel
Data8_sample_30_CTGTCGTAGGAGGGTG-1,0,paclitaxel
Data8_sample_30_CTGTCGTCAACACAGG-1,0,paclitaxel
Data8_sample_30_CTGTCGTCAGCTGCCA-1,0,paclitaxel
Data8_sample_30_CTGTCGTTCCGAACGC-1,0,paclitaxel
Data8_sample_30_CTGTCGTTCCTCACTG-1,0,paclitaxel
Data8_sample_30_CTGTGAACAGAATTCC-1,0,paclitaxel
Data8_sample_30_CTGTGAACAGTTTCAG-1,0,paclitaxel
Data8_sample_30_CTGTGAAGTCCTATAG-1,0,paclitaxel
Data8_sample_30_CTGTGGGAGAAGCGGG-1,0,paclitaxel
Data8_sample_30_CTGTGGGAGCCTGTCG-1,0,paclitaxel
Data8_sample_30_CTGTGGGCAACTCCCT-1,0,paclitaxel
Data8_sample_30_CTGTGGGCAATAGTAG-1,0,paclitaxel
Data8_sample_30_CTGTGGGGTACACGCC-1,0,paclitaxel
Data8_sample_30_CTGTGGGGTAGACGTG-1,0,paclitaxel
Data8_sample_30_CTGTGGGGTCTGTGGC-1,0,paclitaxel
Data8_sample_30_CTTACCGAGTAAGACT-1,0,paclitaxel
Data8_sample_30_CTTACCGAGTAGATCA-1,0,paclitaxel
Data8_sample_30_CTTACCGCAGACCAGA-1,0,paclitaxel
Data8_sample_30_CTTACCGCATGTCTAG-1,0,paclitaxel
Data8_sample_30_CTTACCGTCATATGGC-1,0,paclitaxel
Data8_sample_30_CTTACCGTCCAAATGC-1,0,paclitaxel
Data8_sample_30_CTTACCGTCCAAGGGA-1,0,paclitaxel
Data8_sample_30_CTTACCGTCGCGCTGA-1,0,paclitaxel
Data8_sample_30_CTTACCGTCTAGCCTC-1,0,paclitaxel
Data8_sample_30_CTTAGGAAGAGAAGGT-1,0,paclitaxel
Data8_sample_30_CTTAGGACACTCCTGT-1,0,paclitaxel
Data8_sample_30_CTTAGGACAGTTACCA-1,0,paclitaxel
Data8_sample_30_CTTAGGATCACTTGTT-1,0,paclitaxel
Data8_sample_30_CTTCAATAGCAGATAT-1,0,paclitaxel
Data8_sample_30_CTTCAATAGCTGTACT-1,0,paclitaxel
Data8_sample_30_CTTCAATAGTAACCTC-1,0,paclitaxel
Data8_sample_30_CTTCAATAGTGAGGCT-1,0,paclitaxel
Data8_sample_30_CTTCAATAGTTCATGC-1,0,paclitaxel
Data8_sample_30_CTTCAATAGTTGCTGT-1,0,paclitaxel
Data8_sample_30_CTTCAATGTCAAGCGA-1,0,paclitaxel
Data8_sample_30_CTTCAATGTTCCAGGC-1,0,paclitaxel
Data8_sample_30_CTTCAATTCCTTGAAG-1,0,paclitaxel
Data8_sample_30_CTTCCGAAGAACGCGT-1,0,paclitaxel
Data8_sample_30_CTTCCGAAGGCTCCCA-1,0,paclitaxel
Data8_sample_30_CTTCCGAAGGTTATAG-1,0,paclitaxel
Data8_sample_30_CTTCCGACAGCGGATA-1,0,paclitaxel
Data8_sample_30_CTTCCGACAGGTGTGA-1,0,paclitaxel
Data8_sample_30_CTTCCGATCCACCTGT-1,0,paclitaxel
Data8_sample_30_CTTCCGATCGCAACAT-1,0,paclitaxel
Data8_sample_30_CTTCCGATCGGACTTA-1,0,paclitaxel
Data8_sample_30_CTTCCTTCACTGCTTC-1,0,paclitaxel
Data8_sample_30_CTTCCTTGTCGTGGAA-1,0,paclitaxel
Data8_sample_30_CTTCCTTTCCTCGCAT-1,0,paclitaxel
Data8_sample_30_CTTCGGTAGCACCCAC-1,0,paclitaxel
Data8_sample_30_CTTCGGTCAACGTTAC-1,0,paclitaxel
Data8_sample_30_CTTCGGTCACGGTCTG-1,0,paclitaxel
Data8_sample_30_CTTCGGTGTGGTGATG-1,0,paclitaxel
Data8_sample_30_CTTCGGTGTTGGAGAC-1,0,paclitaxel
Data8_sample_30_CTTCGGTTCGTCGATA-1,0,paclitaxel
Data8_sample_30_CTTCGGTTCGTCGGGT-1,0,paclitaxel
Data8_sample_30_CTTCTAACAGCAAGAC-1,0,paclitaxel
Data8_sample_30_CTTCTAACATTGCCTC-1,0,paclitaxel
Data8_sample_30_CTTCTAAGTGTGTACT-1,0,paclitaxel
Data8_sample_30_CTTCTCTAGCGCCTAC-1,0,paclitaxel
Data8_sample_30_CTTCTCTAGTAAATGC-1,0,paclitaxel
Data8_sample_30_CTTCTCTAGTTCTACG-1,0,paclitaxel
Data8_sample_30_CTTCTCTCAAGTATCC-1,0,paclitaxel
Data8_sample_30_CTTCTCTCACAGAGCA-1,0,paclitaxel
Data8_sample_30_CTTCTCTCAGACGGAT-1,0,paclitaxel
Data8_sample_30_CTTCTCTCATACTTTC-1,0,paclitaxel
Data8_sample_30_CTTCTCTGTAGGCTCC-1,0,paclitaxel
Data8_sample_30_CTTCTCTGTCCTCCAT-1,0,paclitaxel
Data8_sample_30_CTTCTCTGTTCAAAGA-1,0,paclitaxel
Data8_sample_30_CTTCTCTTCATGTCTT-1,0,paclitaxel
Data8_sample_30_CTTCTCTTCGAGTGAG-1,0,paclitaxel
Data8_sample_30_CTTGAGAAGATACATG-1,0,paclitaxel
Data8_sample_30_CTTGAGAAGATAGTCA-1,0,paclitaxel
Data8_sample_30_CTTGAGAAGATGAATC-1,0,paclitaxel
Data8_sample_30_CTTGAGACAAGAATGT-1,0,paclitaxel
Data8_sample_30_CTTGAGATCAACCTCC-1,0,paclitaxel
Data8_sample_30_CTTGAGATCCGTTGAA-1,0,paclitaxel
Data8_sample_30_CTTGATTAGTGGTTGG-1,0,paclitaxel
Data8_sample_30_CTTGATTCACGCTGTG-1,0,paclitaxel
Data8_sample_30_CTTGATTTCGAACCAT-1,0,paclitaxel
Data8_sample_30_CTTGATTTCGTTCGCT-1,0,paclitaxel
Data8_sample_30_CTTTCAATCAGACCTA-1,0,paclitaxel
Data8_sample_30_CTTTCAATCTCCGAGG-1,0,paclitaxel
Data8_sample_30_CTTTCAATCTGGACTA-1,0,paclitaxel
Data8_sample_30_CTTTCAATCTGTGCGG-1,0,paclitaxel
Data8_sample_30_CTTTCGGAGAAATGGG-1,0,paclitaxel
Data8_sample_30_CTTTCGGAGGCCGCTT-1,0,paclitaxel
Data8_sample_30_CTTTCGGCAACAGTGG-1,0,paclitaxel
Data8_sample_30_CTTTCGGTCTCATTAC-1,0,paclitaxel
Data8_sample_30_CTTTCGGTCTTGTGCC-1,0,paclitaxel
Data8_sample_30_GAAACCTTCGCAGTCG-1,0,paclitaxel
Data8_sample_30_GAAACCTTCTGTAAGC-1,0,paclitaxel
Data8_sample_30_GAAACCTTCTTTGCAT-1,0,paclitaxel
Data8_sample_30_GAAATGAAGGTCGTAG-1,0,paclitaxel
Data8_sample_30_GAAATGAAGTTGGAAT-1,0,paclitaxel
Data8_sample_30_GAAATGACATTCTCCG-1,0,paclitaxel
Data8_sample_30_GAACACTCAGAAGCTG-1,0,paclitaxel
Data8_sample_30_GAACACTCAGAATGTA-1,0,paclitaxel
Data8_sample_30_GAACACTCATACCACA-1,0,paclitaxel
Data8_sample_30_GAACACTGTGCCCTTT-1,0,paclitaxel
Data8_sample_30_GAACACTTCTCGACGG-1,0,paclitaxel
Data8_sample_30_GAACGTTAGCGCCGTT-1,0,paclitaxel
Data8_sample_30_GAACGTTCACAGCTGC-1,0,paclitaxel
Data8_sample_30_GAACGTTCAGGCTATT-1,0,paclitaxel
Data8_sample_30_GAACGTTGTTCTGACA-1,0,paclitaxel
Data8_sample_30_GAACGTTTCAGCCTTC-1,0,paclitaxel
Data8_sample_30_GAACTGTAGGCACTCC-1,0,paclitaxel
Data8_sample_30_GAACTGTAGGCTAACG-1,0,paclitaxel
Data8_sample_30_GAACTGTAGTGCCCGT-1,0,paclitaxel
Data8_sample_30_GAACTGTAGTTCGCAT-1,0,paclitaxel
Data8_sample_30_GAACTGTCAGTTTGGT-1,0,paclitaxel
Data8_sample_30_GAACTGTGTGTAACGG-1,0,paclitaxel
Data8_sample_30_GAACTGTGTGTCGATT-1,0,paclitaxel
Data8_sample_30_GAACTGTTCCGCAACG-1,0,paclitaxel
Data8_sample_30_GAAGAATAGGAAAGAC-1,0,paclitaxel
Data8_sample_30_GAAGAATAGGCGCTTC-1,0,paclitaxel
Data8_sample_30_GAAGAATCACGCAGTC-1,0,paclitaxel
Data8_sample_30_GAAGAATCACGGTGAA-1,0,paclitaxel
Data8_sample_30_GAAGAATGTACCAATC-1,0,paclitaxel
Data8_sample_30_GAAGAATGTGCAAGAC-1,0,paclitaxel
Data8_sample_30_GAAGAATGTGCTAGCC-1,0,paclitaxel
Data8_sample_30_GAAGAATTCATTATCC-1,0,paclitaxel
Data8_sample_30_GAAGAATTCGTACACA-1,0,paclitaxel
Data8_sample_30_GAAGCCCAGACAGTCG-1,0,paclitaxel
Data8_sample_30_GAAGCCCCAGAGCGTA-1,0,paclitaxel
Data8_sample_30_GAAGCCCTCGCCCAGA-1,0,paclitaxel
Data8_sample_30_GAAGCGAAGGACTTCT-1,0,paclitaxel
Data8_sample_30_GAAGCGAAGGTAGGCT-1,0,paclitaxel
Data8_sample_30_GAAGCGACAAATCAAG-1,0,paclitaxel
Data8_sample_30_GAAGCGACAGCATACT-1,0,paclitaxel
Data8_sample_30_GAAGCGACAGGTGAGT-1,0,paclitaxel
Data8_sample_30_GAAGCGAGTGTCCATA-1,0,paclitaxel
Data8_sample_30_GAAGCGATCGAGCACC-1,0,paclitaxel
Data8_sample_30_GAAGCGATCGTGGACC-1,0,paclitaxel
Data8_sample_30_GAAGCGATCTCCCATG-1,0,paclitaxel
Data8_sample_30_GAAGGACAGCTATCCA-1,0,paclitaxel
Data8_sample_30_GAAGGACCAGCGTACC-1,0,paclitaxel
Data8_sample_30_GAAGGACGTAAGCGGT-1,0,paclitaxel
Data8_sample_30_GAAGGACGTCCGGACT-1,0,paclitaxel
Data8_sample_30_GAAGGGTAGCCTTTCC-1,0,paclitaxel
Data8_sample_30_GAAGGGTAGGAACTAT-1,0,paclitaxel
Data8_sample_30_GAAGGGTAGGTTCTAC-1,0,paclitaxel
Data8_sample_30_GAAGGGTCACGACTAT-1,0,paclitaxel
Data8_sample_30_GAAGGGTGTATGTGTC-1,0,paclitaxel
Data8_sample_30_GAAGGGTGTTCGCGTG-1,0,paclitaxel
Data8_sample_30_GAAGGGTGTTTGACAC-1,0,paclitaxel
Data8_sample_30_GAAGTAATCTACTGAG-1,0,paclitaxel
Data8_sample_30_GAAGTAATCTCGGCTT-1,0,paclitaxel
Data8_sample_30_GAATAGAAGATTGTGA-1,0,paclitaxel
Data8_sample_30_GAATAGACAGCTATAC-1,0,paclitaxel
Data8_sample_30_GAATAGACATCGATCA-1,0,paclitaxel
Data8_sample_30_GAATAGATCACGAGGA-1,0,paclitaxel
Data8_sample_30_GAATAGATCTGCCTGT-1,0,paclitaxel
Data8_sample_30_GAATCACCACTCAGAT-1,0,paclitaxel
Data8_sample_30_GAATCACTCAAGGCTT-1,0,paclitaxel
Data8_sample_30_GAATCGTAGGTCTTTG-1,0,paclitaxel
Data8_sample_30_GAATCGTAGTTCCAGT-1,0,paclitaxel
Data8_sample_30_GAATCGTTCTGAACGT-1,0,paclitaxel
Data8_sample_30_GACACGCGTGGCACTC-1,0,paclitaxel
Data8_sample_30_GACAGCCAGCTAATCC-1,0,paclitaxel
Data8_sample_30_GACAGCCCACTCCTGT-1,0,paclitaxel
Data8_sample_30_GACAGCCGTGAGAACC-1,0,paclitaxel
Data8_sample_30_GACATCAAGAGGTTAT-1,0,paclitaxel
Data8_sample_30_GACATCAAGCGAACTG-1,0,paclitaxel
Data8_sample_30_GACATCAGTACCTATG-1,0,paclitaxel
Data8_sample_30_GACATCAGTGCGAGTA-1,0,paclitaxel
Data8_sample_30_GACATCAGTGGACCAA-1,0,paclitaxel
Data8_sample_30_GACATCAGTTAGCGGA-1,0,paclitaxel
Data8_sample_30_GACATCAGTTAGGCCC-1,0,paclitaxel
Data8_sample_30_GACATCATCCGTCACT-1,0,paclitaxel
Data8_sample_30_GACCAATCAACTAGAA-1,0,paclitaxel
Data8_sample_30_GACCAATCACGGTGAA-1,0,paclitaxel
Data8_sample_30_GACCAATTCGTCGCTT-1,0,paclitaxel
Data8_sample_30_GACCCAGAGCGCCTCA-1,0,paclitaxel
Data8_sample_30_GACCCAGAGCTACGTT-1,0,paclitaxel
Data8_sample_30_GACCCAGAGGCTATCT-1,0,paclitaxel
Data8_sample_30_GACCCAGCAAACCATC-1,0,paclitaxel
Data8_sample_30_GACCCAGGTGGATGAC-1,0,paclitaxel
Data8_sample_30_GACCCAGGTTGTCAGT-1,0,paclitaxel
Data8_sample_30_GACCCAGTCCAATCTT-1,0,paclitaxel
Data8_sample_30_GACCCAGTCTGGAAGG-1,0,paclitaxel
Data8_sample_30_GACCCTTAGGACAGCT-1,0,paclitaxel
Data8_sample_30_GACCCTTCACGTATAC-1,0,paclitaxel
Data8_sample_30_GACCCTTGTGACGCCT-1,0,paclitaxel
Data8_sample_30_GACCCTTTCGAGAAAT-1,0,paclitaxel
Data8_sample_30_GACCGTGAGAAACCAT-1,0,paclitaxel
Data8_sample_30_GACCGTGCAACTCCAA-1,0,paclitaxel
Data8_sample_30_GACCGTGCAGCATACT-1,0,paclitaxel
Data8_sample_30_GACCGTGCAGTCGCTG-1,0,paclitaxel
Data8_sample_30_GACCGTGGTAAGATTG-1,0,paclitaxel
Data8_sample_30_GACCGTGGTGTGCTTA-1,0,paclitaxel
Data8_sample_30_GACCGTGTCCGTGGGT-1,0,paclitaxel
Data8_sample_30_GACCTTCCACGTTCGG-1,0,paclitaxel
Data8_sample_30_GACCTTCGTATTCTCT-1,0,paclitaxel
Data8_sample_30_GACCTTCGTCGCGGTT-1,0,paclitaxel
Data8_sample_30_GACCTTCGTGCACATT-1,0,paclitaxel
Data8_sample_30_GACCTTCTCGCTGATA-1,0,paclitaxel
Data8_sample_30_GACCTTCTCTGCGAGC-1,0,paclitaxel
Data8_sample_30_GACCTTCTCTTGAGCA-1,0,paclitaxel
Data8_sample_30_GACGCTGCAGCACAAG-1,0,paclitaxel
Data8_sample_30_GACGCTGGTACCACGC-1,0,paclitaxel
Data8_sample_30_GACGCTGGTACGGCAA-1,0,paclitaxel
Data8_sample_30_GACGCTGGTTGTAAAG-1,0,paclitaxel
Data8_sample_30_GACGCTGTCTGCTTTA-1,0,paclitaxel
Data8_sample_30_GACGCTGTCTGGGATT-1,0,paclitaxel
Data8_sample_30_GACGTTAAGATTCGAA-1,0,paclitaxel
Data8_sample_30_GACGTTACACGAAGAC-1,0,paclitaxel
Data8_sample_30_GACGTTACATCACCAA-1,0,paclitaxel
Data8_sample_30_GACGTTAGTAGACGTG-1,0,paclitaxel
Data8_sample_30_GACTATGAGGATGAGA-1,0,paclitaxel
Data8_sample_30_GACTATGCAAAGGTTA-1,0,paclitaxel
Data8_sample_30_GACTATGCAACCGTAT-1,0,paclitaxel
Data8_sample_30_GACTATGCATGAGTAA-1,0,paclitaxel
Data8_sample_30_GACTCAAAGACCAAAT-1,0,paclitaxel
Data8_sample_30_GACTCAAAGCGGTATG-1,0,paclitaxel
Data8_sample_30_GACTCAACAGACCTAT-1,0,paclitaxel
Data8_sample_30_GACTCAAGTCTTGCGG-1,0,paclitaxel
Data8_sample_30_GACTCAAGTGCCTACG-1,0,paclitaxel
Data8_sample_30_GACTCAAGTTTAGTCG-1,0,paclitaxel
Data8_sample_30_GACTCAATCCAGTGTA-1,0,paclitaxel
Data8_sample_30_GACTCTCAGAAACACT-1,0,paclitaxel
Data8_sample_30_GACTCTCAGTTCAACC-1,0,paclitaxel
Data8_sample_30_GACTCTCTCTGGCCAG-1,0,paclitaxel
Data8_sample_30_GACTCTCTCTTGCGCT-1,0,paclitaxel
Data8_sample_30_GACTGATCACAGCGCT-1,0,paclitaxel
Data8_sample_30_GACTGATTCATCGCAA-1,0,paclitaxel
Data8_sample_30_GACTGATTCGGACAAG-1,0,paclitaxel
Data8_sample_30_GACTGATTCTTAGTTC-1,0,paclitaxel
Data8_sample_30_GACTTCCAGGCCATAG-1,0,paclitaxel
Data8_sample_30_GACTTCCAGGGATGTC-1,0,paclitaxel
Data8_sample_30_GACTTCCGTCAAGCGA-1,0,paclitaxel
Data8_sample_30_GACTTCCTCTTGGTCC-1,0,paclitaxel
Data8_sample_30_GAGAAATAGACCAGCA-1,0,paclitaxel
Data8_sample_30_GAGAAATAGACGCCAA-1,0,paclitaxel
Data8_sample_30_GAGAAATAGGCCTGCT-1,0,paclitaxel
Data8_sample_30_GAGAAATGTTGCTCAA-1,0,paclitaxel
Data8_sample_30_GAGAAATTCACTTGTT-1,0,paclitaxel
Data8_sample_30_GAGAAATTCCAATCTT-1,0,paclitaxel
Data8_sample_30_GAGAAATTCTCACTCG-1,0,paclitaxel
Data8_sample_30_GAGACCCCAATAACGA-1,0,paclitaxel
Data8_sample_30_GAGACCCCAGTAGAGC-1,0,paclitaxel
Data8_sample_30_GAGACCCTCCATACTT-1,0,paclitaxel
Data8_sample_30_GAGACCCTCTGAGGTT-1,0,paclitaxel
Data8_sample_30_GAGACTTCAATAAGGT-1,0,paclitaxel
Data8_sample_30_GAGACTTCACAACATC-1,0,paclitaxel
Data8_sample_30_GAGACTTCAGTAACAA-1,0,paclitaxel
Data8_sample_30_GAGACTTTCATGCAGT-1,0,paclitaxel
Data8_sample_30_GAGAGGTAGTTGAATG-1,0,paclitaxel
Data8_sample_30_GAGAGGTCATATAGCC-1,0,paclitaxel
Data8_sample_30_GAGAGGTCATGTCAGT-1,0,paclitaxel
Data8_sample_30_GAGAGGTGTTGACGGA-1,0,paclitaxel
Data8_sample_30_GAGATGGAGTACGAGC-1,0,paclitaxel
Data8_sample_30_GAGATGGGTACACTCA-1,0,paclitaxel
Data8_sample_30_GAGATGGTCGAATGCT-1,0,paclitaxel
Data8_sample_30_GAGATGGTCTGCATAG-1,0,paclitaxel
Data8_sample_30_GAGCCTGAGCAGCCTC-1,0,paclitaxel
Data8_sample_30_GAGCCTGAGCCGATAG-1,0,paclitaxel
Data8_sample_30_GAGCCTGAGCGAACTG-1,0,paclitaxel
Data8_sample_30_GAGCCTGCAATTGCAC-1,0,paclitaxel
Data8_sample_30_GAGCCTGCACCTCTGT-1,0,paclitaxel
Data8_sample_30_GAGCCTGGTATCATGC-1,0,paclitaxel
Data8_sample_30_GAGCTGCAGAGTCTTC-1,0,paclitaxel
Data8_sample_30_GAGCTGCAGCTTAAGA-1,0,paclitaxel
Data8_sample_30_GAGCTGCAGGGCCAAT-1,0,paclitaxel
Data8_sample_30_GAGCTGCAGTTACGGG-1,0,paclitaxel
Data8_sample_30_GAGCTGCCATAGTCGT-1,0,paclitaxel
Data8_sample_30_GAGCTGCTCTGGCCAG-1,0,paclitaxel
Data8_sample_30_GAGGCAAAGATAACGT-1,0,paclitaxel
Data8_sample_30_GAGGCAAAGCGCTGAA-1,0,paclitaxel
Data8_sample_30_GAGGCAAAGGACACTG-1,0,paclitaxel
Data8_sample_30_GAGGCAACAAGCTGCC-1,0,paclitaxel
Data8_sample_30_GAGGCAACAGGCACTC-1,0,paclitaxel
Data8_sample_30_GAGGCAACATTGGATC-1,0,paclitaxel
Data8_sample_30_GAGGCAAGTCACAGAG-1,0,paclitaxel
Data8_sample_30_GAGGCAAGTCTATGAC-1,0,paclitaxel
Data8_sample_30_GAGGCAAGTGCATACT-1,0,paclitaxel
Data8_sample_30_GAGGCAAGTTGCCGCA-1,0,paclitaxel
Data8_sample_30_GAGGCAATCTAAGGAA-1,0,paclitaxel
Data8_sample_30_GAGGCCTCAAACCACT-1,0,paclitaxel
Data8_sample_30_GAGGCCTCAACGTAAA-1,0,paclitaxel
Data8_sample_30_GAGGCCTGTGATGGCA-1,0,paclitaxel
Data8_sample_30_GAGGGATAGATTGGGC-1,0,paclitaxel
Data8_sample_30_GAGGGATAGTCACTGT-1,0,paclitaxel
Data8_sample_30_GAGGGATCACAAACGG-1,0,paclitaxel
Data8_sample_30_GAGGGATGTACAAACA-1,0,paclitaxel
Data8_sample_30_GAGGGATTCCACAAGT-1,0,paclitaxel
Data8_sample_30_GAGGGTAAGGTTATAG-1,0,paclitaxel
Data8_sample_30_GAGGGTACACCAGCCA-1,0,paclitaxel
Data8_sample_30_GAGTCATAGTTGAAGT-1,0,paclitaxel
Data8_sample_30_GAGTCATCACGTACAT-1,0,paclitaxel
Data8_sample_30_GAGTCATGTTAGAGTA-1,0,paclitaxel
Data8_sample_30_GAGTCATTCTTCCGTG-1,0,paclitaxel
Data8_sample_30_GAGTCTAAGCTCTGTA-1,0,paclitaxel
Data8_sample_30_GAGTCTAAGGCTCACC-1,0,paclitaxel
Data8_sample_30_GAGTCTACACCTTCCA-1,0,paclitaxel
Data8_sample_30_GAGTCTAGTCGTGGTC-1,0,paclitaxel
Data8_sample_30_GAGTCTAGTCTAACTG-1,0,paclitaxel
Data8_sample_30_GAGTCTATCTCTAAGG-1,0,paclitaxel
Data8_sample_30_GAGTCTATCTGTGCGG-1,0,paclitaxel
Data8_sample_30_GAGTGAGAGGCGCTTC-1,0,paclitaxel
Data8_sample_30_GAGTGAGAGTGGACGT-1,0,paclitaxel
Data8_sample_30_GAGTGAGGTAGATTAG-1,0,paclitaxel
Data8_sample_30_GAGTGAGGTGCATTAC-1,0,paclitaxel
Data8_sample_30_GAGTGAGGTTCGAGCC-1,0,paclitaxel
Data8_sample_30_GAGTGAGTCACTGTCC-1,0,paclitaxel
Data8_sample_30_GAGTGTTAGATCGGTG-1,0,paclitaxel
Data8_sample_30_GAGTGTTAGGAGCTGT-1,0,paclitaxel
Data8_sample_30_GAGTGTTGTCTCCTGT-1,0,paclitaxel
Data8_sample_30_GAGTGTTTCATCGACA-1,0,paclitaxel
Data8_sample_30_GAGTGTTTCCATTTGT-1,0,paclitaxel
Data8_sample_30_GAGTGTTTCTGGCCAG-1,0,paclitaxel
Data8_sample_30_GAGTTACAGAGATTCA-1,0,paclitaxel
Data8_sample_30_GAGTTACAGATTAGCA-1,0,paclitaxel
Data8_sample_30_GAGTTGTAGAGCAGAA-1,0,paclitaxel
Data8_sample_30_GAGTTGTAGAGGTCAC-1,0,paclitaxel
Data8_sample_30_GAGTTGTGTTCAAGGG-1,0,paclitaxel
Data8_sample_30_GAGTTTGCACCTTCCA-1,0,paclitaxel
Data8_sample_30_GAGTTTGCAGCAGTTT-1,0,paclitaxel
Data8_sample_30_GAGTTTGCATCCGTTC-1,0,paclitaxel
Data8_sample_30_GAGTTTGGTCACTACA-1,0,paclitaxel
Data8_sample_30_GAGTTTGGTTAATGAG-1,0,paclitaxel
Data8_sample_30_GAGTTTGTCGATTCCC-1,0,paclitaxel
Data8_sample_30_GAGTTTGTCGGTTGTA-1,0,paclitaxel
Data8_sample_30_GATAGAAGTACTGTTG-1,0,paclitaxel
Data8_sample_30_GATAGAAGTCCACTTC-1,0,paclitaxel
Data8_sample_30_GATAGAAGTCCGACGT-1,0,paclitaxel
Data8_sample_30_GATAGAATCATTTCGT-1,0,paclitaxel
Data8_sample_30_GATAGAATCGTAGAGG-1,0,paclitaxel
Data8_sample_30_GATAGCTCAGCTATAC-1,0,paclitaxel
Data8_sample_30_GATAGCTGTTTATGCG-1,0,paclitaxel
Data8_sample_30_GATCACAAGAGGATCC-1,0,paclitaxel
Data8_sample_30_GATCACAAGTGAGCCA-1,0,paclitaxel
Data8_sample_30_GATCACAAGTGCTAGG-1,0,paclitaxel
Data8_sample_30_GATCACACAAACTAGA-1,0,paclitaxel
Data8_sample_30_GATCACACAAGGTCTT-1,0,paclitaxel
Data8_sample_30_GATCACAGTCGTGCCA-1,0,paclitaxel
Data8_sample_30_GATCACATCGTAGTGT-1,0,paclitaxel
Data8_sample_30_GATCACATCTCCGCAT-1,0,paclitaxel
Data8_sample_30_GATCAGTAGGGATCTG-1,0,paclitaxel
Data8_sample_30_GATCAGTCAACAAGAT-1,0,paclitaxel
Data8_sample_30_GATCAGTCAACAGAGC-1,0,paclitaxel
Data8_sample_30_GATCAGTCACACGCCA-1,0,paclitaxel
Data8_sample_30_GATCAGTCACGTCGGT-1,0,paclitaxel
Data8_sample_30_GATCAGTGTACAGCGA-1,0,paclitaxel
Data8_sample_30_GATCAGTTCGGTCTGG-1,0,paclitaxel
Data8_sample_30_GATCATGTCATTGCCC-1,0,paclitaxel
Data8_sample_30_GATCATGTCCCGGTAG-1,0,paclitaxel
Data8_sample_30_GATCGTAAGCCTATCA-1,0,paclitaxel
Data8_sample_30_GATCGTAAGTCAACAA-1,0,paclitaxel
Data8_sample_30_GATCGTAAGTTACTCG-1,0,paclitaxel
Data8_sample_30_GATCGTACAAACACGG-1,0,paclitaxel
Data8_sample_30_GATCGTAGTCAGACGA-1,0,paclitaxel
Data8_sample_30_GATCGTAGTGACTATC-1,0,paclitaxel
Data8_sample_30_GATCGTAGTTGCGAAG-1,0,paclitaxel
Data8_sample_30_GATCGTATCTGATGGT-1,0,paclitaxel
Data8_sample_30_GATGACTAGCCTTCTC-1,0,paclitaxel
Data8_sample_30_GATGACTAGTCGAAAT-1,0,paclitaxel
Data8_sample_30_GATGACTCAAGCGATG-1,0,paclitaxel
Data8_sample_30_GATGACTCAATCACGT-1,0,paclitaxel
Data8_sample_30_GATGACTCACCAGCCA-1,0,paclitaxel
Data8_sample_30_GATGACTCAGAGGCAT-1,0,paclitaxel
Data8_sample_30_GATGACTGTTCGGCCA-1,0,paclitaxel
Data8_sample_30_GATGAGGCAGGACGAT-1,0,paclitaxel
Data8_sample_30_GATGAGGCATATACCG-1,0,paclitaxel
Data8_sample_30_GATGATCAGCAGGCTA-1,0,paclitaxel
Data8_sample_30_GATGATCAGTCGAAGC-1,0,paclitaxel
Data8_sample_30_GATGCTAAGAGTAACT-1,0,paclitaxel
Data8_sample_30_GATGCTAAGGTGCGAT-1,0,paclitaxel
Data8_sample_30_GATGCTACATAAGCGG-1,0,paclitaxel
Data8_sample_30_GATGCTAGTACAGGTG-1,0,paclitaxel
Data8_sample_30_GATGCTAGTTTGGGTT-1,0,paclitaxel
Data8_sample_30_GATGCTATCACGATCA-1,0,paclitaxel
Data8_sample_30_GATGCTATCCATCTCG-1,0,paclitaxel
Data8_sample_30_GATGGAGAGCTGGCTC-1,0,paclitaxel
Data8_sample_30_GATGGAGAGGTCCTGC-1,0,paclitaxel
Data8_sample_30_GATGGAGCACCCAATA-1,0,paclitaxel
Data8_sample_30_GATGGAGCATGGACAG-1,0,paclitaxel
Data8_sample_30_GATGGAGGTCAGTTTG-1,0,paclitaxel
Data8_sample_30_GATGGAGGTCTTCAAG-1,0,paclitaxel
Data8_sample_30_GATGGAGGTTCTTCAT-1,0,paclitaxel
Data8_sample_30_GATGGAGGTTGTGGCC-1,0,paclitaxel
Data8_sample_30_GATGGAGTCAACGCTA-1,0,paclitaxel
Data8_sample_30_GATGGAGTCGCAGTTA-1,0,paclitaxel
Data8_sample_30_GATGTTGAGAGAGCAA-1,0,paclitaxel
Data8_sample_30_GATGTTGAGGAGCTGT-1,0,paclitaxel
Data8_sample_30_GATGTTGCATTGGCAT-1,0,paclitaxel
Data8_sample_30_GATGTTGGTCTCGGGT-1,0,paclitaxel
Data8_sample_30_GATGTTGGTGACCGAA-1,0,paclitaxel
Data8_sample_30_GATGTTGGTTCGGTAT-1,0,paclitaxel
Data8_sample_30_GATGTTGTCACCATAG-1,0,paclitaxel
Data8_sample_30_GATTCGAAGGTTACAA-1,0,paclitaxel
Data8_sample_30_GATTCGACAGCAATTC-1,0,paclitaxel
Data8_sample_30_GATTCGACATATGGCT-1,0,paclitaxel
Data8_sample_30_GATTCGATCACAATGC-1,0,paclitaxel
Data8_sample_30_GATTCGATCAGCAATC-1,0,paclitaxel
Data8_sample_30_GATTCGATCATTACCT-1,0,paclitaxel
Data8_sample_30_GATTCGATCCACCTCA-1,0,paclitaxel
Data8_sample_30_GATTCGATCCACGAAT-1,0,paclitaxel
Data8_sample_30_GATTCGATCCTTCAGC-1,0,paclitaxel
Data8_sample_30_GATTCTTAGCACCAGA-1,0,paclitaxel
Data8_sample_30_GATTCTTAGTCGAAAT-1,0,paclitaxel
Data8_sample_30_GATTCTTCAATTTCCT-1,0,paclitaxel
Data8_sample_30_GATTCTTCAGCGCGTT-1,0,paclitaxel
Data8_sample_30_GATTCTTCATAGTCAC-1,0,paclitaxel
Data8_sample_30_GATTCTTCATTGTCGA-1,0,paclitaxel
Data8_sample_30_GATTCTTTCACAATGC-1,0,paclitaxel
Data8_sample_30_GATTCTTTCAGAGTGG-1,0,paclitaxel
Data8_sample_30_GATTCTTTCCTAGCGG-1,0,paclitaxel
Data8_sample_30_GATTCTTTCTCGTTTA-1,0,paclitaxel
Data8_sample_30_GATTGGTCACACCGAC-1,0,paclitaxel
Data8_sample_30_GATTGGTCACGGCGTT-1,0,paclitaxel
Data8_sample_30_GATTGGTGTTTAGTCG-1,0,paclitaxel
Data8_sample_30_GATTGGTTCTCCGATC-1,0,paclitaxel
Data8_sample_30_GATTGGTTCTGCTTAT-1,0,paclitaxel
Data8_sample_30_GATTTCTCAACTGGTT-1,0,paclitaxel
Data8_sample_30_GATTTCTGTCCGACGT-1,0,paclitaxel
Data8_sample_30_GATTTCTGTTGGTACT-1,0,paclitaxel
Data8_sample_30_GCAACATAGACTCATC-1,0,paclitaxel
Data8_sample_30_GCAACATAGATGACAT-1,0,paclitaxel
Data8_sample_30_GCAACATAGCCATATC-1,0,paclitaxel
Data8_sample_30_GCAACATCAAGGATGC-1,0,paclitaxel
Data8_sample_30_GCAACATCATCCGAAT-1,0,paclitaxel
Data8_sample_30_GCAACATGTACAATAG-1,0,paclitaxel
Data8_sample_30_GCAACATGTCAATGGG-1,0,paclitaxel
Data8_sample_30_GCAACATGTTTCGTTT-1,0,paclitaxel
Data8_sample_30_GCAACATTCAAGCCCG-1,0,paclitaxel
Data8_sample_30_GCAACATTCATGCGGC-1,0,paclitaxel
Data8_sample_30_GCAACCGAGCCTGCCA-1,0,paclitaxel
Data8_sample_30_GCAACCGAGGTAAGAG-1,0,paclitaxel
Data8_sample_30_GCAACCGCAGTAGAGC-1,0,paclitaxel
Data8_sample_30_GCAACCGGTAGCTTTG-1,0,paclitaxel
Data8_sample_30_GCAACCGGTGTAGCAG-1,0,paclitaxel
Data8_sample_30_GCAACCGGTGTATTCG-1,0,paclitaxel
Data8_sample_30_GCAACCGTCCAATCCC-1,0,paclitaxel
Data8_sample_30_GCACATAAGAACCCGA-1,0,paclitaxel
Data8_sample_30_GCACATAAGCGCGTTC-1,0,paclitaxel
Data8_sample_30_GCACATAGTGAGAACC-1,0,paclitaxel
Data8_sample_30_GCACATATCGCTACGG-1,0,paclitaxel
Data8_sample_30_GCACGGTAGTTGAAGT-1,0,paclitaxel
Data8_sample_30_GCACGGTCATCCGAAT-1,0,paclitaxel
Data8_sample_30_GCACGGTTCCCGTGTT-1,0,paclitaxel
Data8_sample_30_GCACGGTTCGAACCAT-1,0,paclitaxel
Data8_sample_30_GCACGTGCACTCCTTG-1,0,paclitaxel
Data8_sample_30_GCACGTGCACTGGATT-1,0,paclitaxel
Data8_sample_30_GCACGTGGTCCACACG-1,0,paclitaxel
Data8_sample_30_GCACGTGGTGGAAGTC-1,0,paclitaxel
Data8_sample_30_GCACGTGTCCGATAAC-1,0,paclitaxel
Data8_sample_30_GCACGTGTCCTTCACG-1,0,paclitaxel
Data8_sample_30_GCACGTGTCCTTTGAT-1,0,paclitaxel
Data8_sample_30_GCACTAAGTACGGCAA-1,0,paclitaxel
Data8_sample_30_GCAGCCAAGGAGAATG-1,0,paclitaxel
Data8_sample_30_GCAGCCAAGGTGTGAC-1,0,paclitaxel
Data8_sample_30_GCAGCCACACAAGGTG-1,0,paclitaxel
Data8_sample_30_GCAGCTGAGATGGTAT-1,0,paclitaxel
Data8_sample_30_GCAGCTGCACGAGGTA-1,0,paclitaxel
Data8_sample_30_GCAGCTGGTGCGTGCT-1,0,paclitaxel
Data8_sample_30_GCAGCTGGTTCCACGG-1,0,paclitaxel
Data8_sample_30_GCAGGCTAGAATCGTA-1,0,paclitaxel
Data8_sample_30_GCAGGCTCAGAATCGG-1,0,paclitaxel
Data8_sample_30_GCAGGCTCATCCTCAC-1,0,paclitaxel
Data8_sample_30_GCAGGCTCATCGTCCT-1,0,paclitaxel
Data8_sample_30_GCAGGCTGTTAAGACA-1,0,paclitaxel
Data8_sample_30_GCAGTTAAGACATCCT-1,0,paclitaxel
Data8_sample_30_GCAGTTAAGCCTCAAT-1,0,paclitaxel
Data8_sample_30_GCAGTTAAGGCTAAAT-1,0,paclitaxel
Data8_sample_30_GCAGTTAAGTTCCTGA-1,0,paclitaxel
Data8_sample_30_GCAGTTACAAGGCTTT-1,0,paclitaxel
Data8_sample_30_GCAGTTAGTGGTAATA-1,0,paclitaxel
Data8_sample_30_GCAGTTAGTGTACGCC-1,0,paclitaxel
Data8_sample_30_GCAGTTATCACGAGGA-1,0,paclitaxel
Data8_sample_30_GCAGTTATCCATCTGC-1,0,paclitaxel
Data8_sample_30_GCATCGGAGATTAGAC-1,0,paclitaxel
Data8_sample_30_GCATCGGGTACAGTTC-1,0,paclitaxel
Data8_sample_30_GCATCGGGTAGAGATT-1,0,paclitaxel
Data8_sample_30_GCATCGGTCCGAAGGA-1,0,paclitaxel
Data8_sample_30_GCATCTCAGCGCCTTG-1,0,paclitaxel
Data8_sample_30_GCATCTCAGTCAGCGA-1,0,paclitaxel
Data8_sample_30_GCATCTCGTCTTAGTG-1,0,paclitaxel
Data8_sample_30_GCATCTCTCCAGCCTT-1,0,paclitaxel
Data8_sample_30_GCATGATCAATAGTCC-1,0,paclitaxel
Data8_sample_30_GCATGATCACCGTCTT-1,0,paclitaxel
Data8_sample_30_GCATGATCAGCACCCA-1,0,paclitaxel
Data8_sample_30_GCATGATCATAGGTTC-1,0,paclitaxel
Data8_sample_30_GCATGATGTTAAGGAT-1,0,paclitaxel
Data8_sample_30_GCATGATTCGTGCACG-1,0,paclitaxel
Data8_sample_30_GCATGATTCTACCCAC-1,0,paclitaxel
Data8_sample_30_GCATTAGAGACGCCAA-1,0,paclitaxel
Data8_sample_30_GCATTAGAGCAGCCCT-1,0,paclitaxel
Data8_sample_30_GCATTAGGTCACTCTC-1,0,paclitaxel
Data8_sample_30_GCATTAGGTCACTGAT-1,0,paclitaxel
Data8_sample_30_GCATTAGGTCACTTCC-1,0,paclitaxel
Data8_sample_30_GCATTAGTCATGCCAA-1,0,paclitaxel
Data8_sample_30_GCATTAGTCCATAGGT-1,0,paclitaxel
Data8_sample_30_GCATTAGTCTGCTTAT-1,0,paclitaxel
Data8_sample_30_GCCAACGGTATCCCAA-1,0,paclitaxel
Data8_sample_30_GCCAACGGTCCACTCT-1,0,paclitaxel
Data8_sample_30_GCCAACGGTGAGATTA-1,0,paclitaxel
Data8_sample_30_GCCAGCAAGTACTGGG-1,0,paclitaxel
Data8_sample_30_GCCAGCATCGAACGCC-1,0,paclitaxel
Data8_sample_30_GCCAGGTAGCCTCTTC-1,0,paclitaxel
Data8_sample_30_GCCAGGTAGGAATGTT-1,0,paclitaxel
Data8_sample_30_GCCAGGTCAAGAGTTA-1,0,paclitaxel
Data8_sample_30_GCCAGGTCATACAGAA-1,0,paclitaxel
Data8_sample_30_GCCAGGTCATTCCTAT-1,0,paclitaxel
Data8_sample_30_GCCAGTGCAAGCGCTC-1,0,paclitaxel
Data8_sample_30_GCCAGTGCACGCGGTT-1,0,paclitaxel
Data8_sample_30_GCCAGTGCATGTTTGG-1,0,paclitaxel
Data8_sample_30_GCCAGTGTCCACTTTA-1,0,paclitaxel
Data8_sample_30_GCCAGTGTCTCGGCTT-1,0,paclitaxel
Data8_sample_30_GCCAGTGTCTCTTGCG-1,0,paclitaxel
Data8_sample_30_GCCATGGAGTGCAGCA-1,0,paclitaxel
Data8_sample_30_GCCATGGCAATTGAGA-1,0,paclitaxel
Data8_sample_30_GCCATGGGTGTCTTGA-1,0,paclitaxel
Data8_sample_30_GCCATGGTCTAGCCTC-1,0,paclitaxel
Data8_sample_30_GCCATGGTCTGTAACG-1,0,paclitaxel
Data8_sample_30_GCCATTCAGACGACGT-1,0,paclitaxel
Data8_sample_30_GCCATTCAGGATTTAG-1,0,paclitaxel
Data8_sample_30_GCCATTCTCCATTGCC-1,0,paclitaxel
Data8_sample_30_GCCCAGACAGAGAATT-1,0,paclitaxel
Data8_sample_30_GCCCAGAGTATTTCGG-1,0,paclitaxel
Data8_sample_30_GCCCGAAAGCAAACAT-1,0,paclitaxel
Data8_sample_30_GCCCGAAAGCCTCATA-1,0,paclitaxel
Data8_sample_30_GCCCGAAAGGATACAT-1,0,paclitaxel
Data8_sample_30_GCCCGAACAAGAGAGA-1,0,paclitaxel
Data8_sample_30_GCCCGAAGTCTACAGT-1,0,paclitaxel
Data8_sample_30_GCCGATGAGCTTAAGA-1,0,paclitaxel
Data8_sample_30_GCCGATGCACGCAGTC-1,0,paclitaxel
Data8_sample_30_GCCGATGCAGGAACCA-1,0,paclitaxel
Data8_sample_30_GCCGATGCATCATCTT-1,0,paclitaxel
Data8_sample_30_GCCGATGTCAAACGTC-1,0,paclitaxel
Data8_sample_30_GCCGATGTCCATCTAT-1,0,paclitaxel
Data8_sample_30_GCCGTGAAGATAACGT-1,0,paclitaxel
Data8_sample_30_GCCGTGAAGTCGTCTA-1,0,paclitaxel
Data8_sample_30_GCCGTGACAACTCGAT-1,0,paclitaxel
Data8_sample_30_GCCGTGAGTATTAAGG-1,0,paclitaxel
Data8_sample_30_GCCGTGAGTTGGAGAC-1,0,paclitaxel
Data8_sample_30_GCCGTGATCGCCCAGA-1,0,paclitaxel
Data8_sample_30_GCCTGTTAGCACTCGC-1,0,paclitaxel
Data8_sample_30_GCCTGTTAGCGCCTTG-1,0,paclitaxel
Data8_sample_30_GCCTGTTAGTATGAAC-1,0,paclitaxel
Data8_sample_30_GCCTGTTCAAGCAGGT-1,0,paclitaxel
Data8_sample_30_GCCTGTTCACAGTCGC-1,0,paclitaxel
Data8_sample_30_GCGAGAAAGTCTAGCT-1,0,paclitaxel
Data8_sample_30_GCGAGAACACTACACA-1,0,paclitaxel
Data8_sample_30_GCGAGAATCACAAGAA-1,0,paclitaxel
Data8_sample_30_GCGAGAATCGAACGGA-1,0,paclitaxel
Data8_sample_30_GCGATCGAGAGTCAGC-1,0,paclitaxel
Data8_sample_30_GCGATCGAGGTATCTC-1,0,paclitaxel
Data8_sample_30_GCGATCGAGGTCGTGA-1,0,paclitaxel
Data8_sample_30_GCGATCGAGTTGAATG-1,0,paclitaxel
Data8_sample_30_GCGATCGCAACATCGT-1,0,paclitaxel
Data8_sample_30_GCGATCGCACGAAGAC-1,0,paclitaxel
Data8_sample_30_GCGATCGCATAGAGGC-1,0,paclitaxel
Data8_sample_30_GCGATCGGTATGCGGA-1,0,paclitaxel
Data8_sample_30_GCGATCGGTCAATGGG-1,0,paclitaxel
Data8_sample_30_GCGATCGGTCTAATCG-1,0,paclitaxel
Data8_sample_30_GCGGAAAAGGTCCAGA-1,0,paclitaxel
Data8_sample_30_GCGGAAAGTACGCGTC-1,0,paclitaxel
Data8_sample_30_GCGGATCAGCATCTTG-1,0,paclitaxel
Data8_sample_30_GCGGATCCACTCTAGA-1,0,paclitaxel
Data8_sample_30_GCGGATCGTGAAGCTG-1,0,paclitaxel
Data8_sample_30_GCGGATCGTGTGTTTG-1,0,paclitaxel
Data8_sample_30_GCGGATCGTGTTCCAA-1,0,paclitaxel
Data8_sample_30_GCGGATCTCCCTAGGG-1,0,paclitaxel
Data8_sample_30_GCGTGCACAAATACGA-1,0,paclitaxel
Data8_sample_30_GCGTGCACAGAAACCG-1,0,paclitaxel
Data8_sample_30_GCGTGCACAGCGACCT-1,0,paclitaxel
Data8_sample_30_GCGTGCATCCGTGTAA-1,0,paclitaxel
Data8_sample_30_GCGTGCATCTCCACTG-1,0,paclitaxel
Data8_sample_30_GCGTTTCCATCCAATG-1,0,paclitaxel
Data8_sample_30_GCGTTTCGTATCCTCC-1,0,paclitaxel
Data8_sample_30_GCGTTTCTCAACCCGG-1,0,paclitaxel
Data8_sample_30_GCTACAAAGATCGACG-1,0,paclitaxel
Data8_sample_30_GCTACAAAGCTCTTCC-1,0,paclitaxel
Data8_sample_30_GCTACAACAAATGAGT-1,0,paclitaxel
Data8_sample_30_GCTACAATCAATCTCT-1,0,paclitaxel
Data8_sample_30_GCTACAATCATTGCCC-1,0,paclitaxel
Data8_sample_30_GCTACAATCCCGAGTG-1,0,paclitaxel
Data8_sample_30_GCTACCTAGCAACTCT-1,0,paclitaxel
Data8_sample_30_GCTACCTGTCAGGAGT-1,0,paclitaxel
Data8_sample_30_GCTACCTGTGAGCAGT-1,0,paclitaxel
Data8_sample_30_GCTACCTTCCTAGCTC-1,0,paclitaxel
Data8_sample_30_GCTACCTTCGGATAAA-1,0,paclitaxel
Data8_sample_30_GCTACCTTCTCGCCTA-1,0,paclitaxel
Data8_sample_30_GCTCAAAGTGTTTCTT-1,0,paclitaxel
Data8_sample_30_GCTCAAATCCCAAGTA-1,0,paclitaxel
Data8_sample_30_GCTCAAATCGCTTAAG-1,0,paclitaxel
Data8_sample_30_GCTGAATCACAGCGCT-1,0,paclitaxel
Data8_sample_30_GCTGAATCACTTACAG-1,0,paclitaxel
Data8_sample_30_GCTGAATCAGACCGCT-1,0,paclitaxel
Data8_sample_30_GCTGAATGTAGTAAGT-1,0,paclitaxel
Data8_sample_30_GCTGAATTCGCGATCG-1,0,paclitaxel
Data8_sample_30_GCTGCAGAGGCTAACG-1,0,paclitaxel
Data8_sample_30_GCTGCAGAGGTCCCGT-1,0,paclitaxel
Data8_sample_30_GCTGCAGAGGTTATAG-1,0,paclitaxel
Data8_sample_30_GCTGCAGCAACTGTGT-1,0,paclitaxel
Data8_sample_30_GCTGCAGCAAGGTCTT-1,0,paclitaxel
Data8_sample_30_GCTGCAGCATGTTCGA-1,0,paclitaxel
Data8_sample_30_GCTGCAGCATTGTACG-1,0,paclitaxel
Data8_sample_30_GCTGCAGGTACAAGCG-1,0,paclitaxel
Data8_sample_30_GCTGCAGGTTCGGCGT-1,0,paclitaxel
Data8_sample_30_GCTGGGTAGGGCAAGG-1,0,paclitaxel
Data8_sample_30_GCTGGGTCAGGTAGTG-1,0,paclitaxel
Data8_sample_30_GCTGGGTGTTGTGGCC-1,0,paclitaxel
Data8_sample_30_GCTGGGTTCATCAGTG-1,0,paclitaxel
Data8_sample_30_GCTGGGTTCATGCGGC-1,0,paclitaxel
Data8_sample_30_GCTTCACAGCCGTAAG-1,0,paclitaxel
Data8_sample_30_GCTTCACAGTGCAGCA-1,0,paclitaxel
Data8_sample_30_GCTTCACCACAATTCG-1,0,paclitaxel
Data8_sample_30_GCTTCACGTCAGCTTA-1,0,paclitaxel
Data8_sample_30_GCTTCACTCCTAGCCT-1,0,paclitaxel
Data8_sample_30_GCTTCACTCGTAGTGT-1,0,paclitaxel
Data8_sample_30_GCTTGGGCACTCCTGT-1,0,paclitaxel
Data8_sample_30_GCTTGGGCATTCATCT-1,0,paclitaxel
Data8_sample_30_GCTTGGGGTGGGATTG-1,0,paclitaxel
Data8_sample_30_GCTTTCGAGAGTTGAT-1,0,paclitaxel
Data8_sample_30_GCTTTCGCAATCCAGT-1,0,paclitaxel
Data8_sample_30_GCTTTCGCACTTGAGT-1,0,paclitaxel
Data8_sample_30_GCTTTCGCAGATCCTA-1,0,paclitaxel
Data8_sample_30_GCTTTCGGTCCCTGTT-1,0,paclitaxel
Data8_sample_30_GCTTTCGTCTTGCAGA-1,0,paclitaxel
Data8_sample_30_GGAACCCAGTACTGGG-1,0,paclitaxel
Data8_sample_30_GGAACCCAGTGATCGG-1,0,paclitaxel
Data8_sample_30_GGAACCCGTCCACATA-1,0,paclitaxel
Data8_sample_30_GGAACCCTCCATTTGT-1,0,paclitaxel
Data8_sample_30_GGAAGTGGTCCTCCTA-1,0,paclitaxel
Data8_sample_30_GGAAGTGGTTACGTAC-1,0,paclitaxel
Data8_sample_30_GGAAGTGGTTCAAAGA-1,0,paclitaxel
Data8_sample_30_GGAAGTGTCAAACCCA-1,0,paclitaxel
Data8_sample_30_GGAAGTGTCTAACACG-1,0,paclitaxel
Data8_sample_30_GGAAGTGTCTACGGGC-1,0,paclitaxel
Data8_sample_30_GGAATCTAGACCTTTG-1,0,paclitaxel
Data8_sample_30_GGAATCTAGCGACATG-1,0,paclitaxel
Data8_sample_30_GGAATCTAGGCTTAAA-1,0,paclitaxel
Data8_sample_30_GGAATCTAGGTCATAA-1,0,paclitaxel
Data8_sample_30_GGAATCTTCCATGAGT-1,0,paclitaxel
Data8_sample_30_GGAATCTTCCGCTTAC-1,0,paclitaxel
Data8_sample_30_GGAATGGAGACACACG-1,0,paclitaxel
Data8_sample_30_GGAATGGAGGTCGCCT-1,0,paclitaxel
Data8_sample_30_GGAATGGCACCTGCGA-1,0,paclitaxel
Data8_sample_30_GGAATGGCATCGGTTA-1,0,paclitaxel
Data8_sample_30_GGAATGGGTCACTACA-1,0,paclitaxel
Data8_sample_30_GGAATGGTCATGCCAA-1,0,paclitaxel
Data8_sample_30_GGAATGGTCGACATTG-1,0,paclitaxel
Data8_sample_30_GGACGTCAGACCTCCG-1,0,paclitaxel
Data8_sample_30_GGACGTCAGATTGGGC-1,0,paclitaxel
Data8_sample_30_GGACGTCAGGCAATGC-1,0,paclitaxel
Data8_sample_30_GGACGTCCAGGCCCTA-1,0,paclitaxel
Data8_sample_30_GGACGTCTCCGGTTCT-1,0,paclitaxel
Data8_sample_30_GGAGAACAGAAGTCAT-1,0,paclitaxel
Data8_sample_30_GGAGAACCAGCTTTGA-1,0,paclitaxel
Data8_sample_30_GGAGAACGTCACGCTG-1,0,paclitaxel
Data8_sample_30_GGAGAACGTTGTAGCT-1,0,paclitaxel
Data8_sample_30_GGAGAACTCCTTACCG-1,0,paclitaxel
Data8_sample_30_GGAGATGAGCTAAGTA-1,0,paclitaxel
Data8_sample_30_GGAGATGAGTATCCTG-1,0,paclitaxel
Data8_sample_30_GGAGATGCACACGGTC-1,0,paclitaxel
Data8_sample_30_GGAGATGGTGAGCGAT-1,0,paclitaxel
Data8_sample_30_GGAGATGGTGCTTATG-1,0,paclitaxel
Data8_sample_30_GGAGCAAAGCAGCCCT-1,0,paclitaxel
Data8_sample_30_GGAGCAAAGGTTTACC-1,0,paclitaxel
Data8_sample_30_GGAGCAACACTCCTGT-1,0,paclitaxel
Data8_sample_30_GGAGCAATCACAGTGT-1,0,paclitaxel
Data8_sample_30_GGAGGATCAGAACTTC-1,0,paclitaxel
Data8_sample_30_GGAGGATGTCACTAGT-1,0,paclitaxel
Data8_sample_30_GGAGGATGTGTCCGTG-1,0,paclitaxel
Data8_sample_30_GGAGGATTCCCAATAG-1,0,paclitaxel
Data8_sample_30_GGAGGATTCGTCCATC-1,0,paclitaxel
Data8_sample_30_GGAGGTAAGAAACTAC-1,0,paclitaxel
Data8_sample_30_GGAGGTACAACCACAT-1,0,paclitaxel
Data8_sample_30_GGAGGTAGTCTGATAC-1,0,paclitaxel
Data8_sample_30_GGAGGTATCGTCCTCA-1,0,paclitaxel
Data8_sample_30_GGATCTAAGTAACCGG-1,0,paclitaxel
Data8_sample_30_GGATCTAAGTGATCGG-1,0,paclitaxel
Data8_sample_30_GGATCTACAACAGTGG-1,0,paclitaxel
Data8_sample_30_GGATCTAGTCCGGTGT-1,0,paclitaxel
Data8_sample_30_GGATCTAGTCGCTTAA-1,0,paclitaxel
Data8_sample_30_GGATCTATCCGAACGC-1,0,paclitaxel
Data8_sample_30_GGATCTATCCGTTGGG-1,0,paclitaxel
Data8_sample_30_GGATCTATCGACCACG-1,0,paclitaxel
Data8_sample_30_GGATCTATCTTTGATC-1,0,paclitaxel
Data8_sample_30_GGATGTTAGGTACATA-1,0,paclitaxel
Data8_sample_30_GGATGTTGTGTCGCTG-1,0,paclitaxel
Data8_sample_30_GGATGTTGTTTGTTCT-1,0,paclitaxel
Data8_sample_30_GGATGTTTCGCATTAG-1,0,paclitaxel
Data8_sample_30_GGCACGTGTGTGACCC-1,0,paclitaxel
Data8_sample_30_GGCAGTCCAACTGCCG-1,0,paclitaxel
Data8_sample_30_GGCAGTCCAAGAGGCT-1,0,paclitaxel
Data8_sample_30_GGCAGTCCACCAGTTA-1,0,paclitaxel
Data8_sample_30_GGCAGTCCAGGTTTAC-1,0,paclitaxel
Data8_sample_30_GGCAGTCGTGCCGAAA-1,0,paclitaxel
Data8_sample_30_GGCAGTCTCATGTCTT-1,0,paclitaxel
Data8_sample_30_GGCGTCAAGGAACTAT-1,0,paclitaxel
Data8_sample_30_GGCGTCAAGGCCACCT-1,0,paclitaxel
Data8_sample_30_GGCGTCATCCTCACGT-1,0,paclitaxel
Data8_sample_30_GGCTGTGCAAGTGCTT-1,0,paclitaxel
Data8_sample_30_GGCTGTGCACAAATGA-1,0,paclitaxel
Data8_sample_30_GGCTGTGCAGTTCTAG-1,0,paclitaxel
Data8_sample_30_GGCTGTGGTCCACACG-1,0,paclitaxel
Data8_sample_30_GGCTGTGGTCTGTGCG-1,0,paclitaxel
Data8_sample_30_GGCTGTGTCCTTCACG-1,0,paclitaxel
Data8_sample_30_GGCTGTGTCGAATCCA-1,0,paclitaxel
Data8_sample_30_GGCTTGGAGTCTAGCT-1,0,paclitaxel
Data8_sample_30_GGCTTGGCACAATGAA-1,0,paclitaxel
Data8_sample_30_GGCTTGGGTAGAATGT-1,0,paclitaxel
Data8_sample_30_GGCTTTCAGCCGATTT-1,0,paclitaxel
Data8_sample_30_GGCTTTCAGCGCCATC-1,0,paclitaxel
Data8_sample_30_GGCTTTCAGTACCGGA-1,0,paclitaxel
Data8_sample_30_GGCTTTCCACGGGCTT-1,0,paclitaxel
Data8_sample_30_GGCTTTCCAGAGCCCT-1,0,paclitaxel
Data8_sample_30_GGCTTTCCATTCTCTA-1,0,paclitaxel
Data8_sample_30_GGCTTTCGTAACAAGT-1,0,paclitaxel
Data8_sample_30_GGGAAGTAGAAAGCGA-1,0,paclitaxel
Data8_sample_30_GGGAAGTAGGATTCCT-1,0,paclitaxel
Data8_sample_30_GGGAAGTCACCCTATC-1,0,paclitaxel
Data8_sample_30_GGGAAGTGTAAGACCG-1,0,paclitaxel
Data8_sample_30_GGGAAGTGTGCGTTTA-1,0,paclitaxel
Data8_sample_30_GGGAAGTGTTCCGTTC-1,0,paclitaxel
Data8_sample_30_GGGACAAAGAGGCTGT-1,0,paclitaxel
Data8_sample_30_GGGACAAAGGCTCCCA-1,0,paclitaxel
Data8_sample_30_GGGACAACACACAGCC-1,0,paclitaxel
Data8_sample_30_GGGACAAGTAGTTACC-1,0,paclitaxel
Data8_sample_30_GGGACAATCATGCTAG-1,0,paclitaxel
Data8_sample_30_GGGACCTGTGTTGATC-1,0,paclitaxel
Data8_sample_30_GGGACCTGTTAAACCC-1,0,paclitaxel
Data8_sample_30_GGGACCTTCAAGGTGG-1,0,paclitaxel
Data8_sample_30_GGGACCTTCGATACGT-1,0,paclitaxel
Data8_sample_30_GGGACCTTCGCTTGCT-1,0,paclitaxel
Data8_sample_30_GGGACCTTCGTGCAGC-1,0,paclitaxel
Data8_sample_30_GGGACTCAGACCGCCT-1,0,paclitaxel
Data8_sample_30_GGGACTCAGGTAGACC-1,0,paclitaxel
Data8_sample_30_GGGACTCCAGTAGTGG-1,0,paclitaxel
Data8_sample_30_GGGACTCGTAGAGCTG-1,0,paclitaxel
Data8_sample_30_GGGACTCTCATCAGTG-1,0,paclitaxel
Data8_sample_30_GGGACTCTCCCAAGCG-1,0,paclitaxel
Data8_sample_30_GGGACTCTCTCAATCT-1,0,paclitaxel
Data8_sample_30_GGGAGATAGTATTAGG-1,0,paclitaxel
Data8_sample_30_GGGAGATCACGGTGTC-1,0,paclitaxel
Data8_sample_30_GGGAGATCATACGCAT-1,0,paclitaxel
Data8_sample_30_GGGAGATCATGTCGTA-1,0,paclitaxel
Data8_sample_30_GGGAGATGTATCGATC-1,0,paclitaxel
Data8_sample_30_GGGAGATTCATGACAC-1,0,paclitaxel
Data8_sample_30_GGGAGATTCGGTCATA-1,0,paclitaxel
Data8_sample_30_GGGAGTAAGACGACGT-1,0,paclitaxel
Data8_sample_30_GGGAGTAAGATGATTG-1,0,paclitaxel
Data8_sample_30_GGGAGTAAGTAGTGCG-1,0,paclitaxel
Data8_sample_30_GGGAGTACACTCCTGT-1,0,paclitaxel
Data8_sample_30_GGGAGTACAGATCCAT-1,0,paclitaxel
Data8_sample_30_GGGAGTAGTAACATGA-1,0,paclitaxel
Data8_sample_30_GGGAGTAGTAAGGCTG-1,0,paclitaxel
Data8_sample_30_GGGAGTATCCACACCT-1,0,paclitaxel
Data8_sample_30_GGGAGTATCGCTGACG-1,0,paclitaxel
Data8_sample_30_GGGAGTATCTGCTTAT-1,0,paclitaxel
Data8_sample_30_GGGATCCAGCGACATG-1,0,paclitaxel
Data8_sample_30_GGGATCCAGGTCTTTG-1,0,paclitaxel
Data8_sample_30_GGGATCCAGTCTACCA-1,0,paclitaxel
Data8_sample_30_GGGATCCCAAGAGGCT-1,0,paclitaxel
Data8_sample_30_GGGATCCTCTACTTCA-1,0,paclitaxel
Data8_sample_30_GGGATGAAGCAAGGAA-1,0,paclitaxel
Data8_sample_30_GGGATGAAGGAACGCT-1,0,paclitaxel
Data8_sample_30_GGGATGACAGGACTAG-1,0,paclitaxel
Data8_sample_30_GGGATGATCCGCACGA-1,0,paclitaxel
Data8_sample_30_GGGATGATCGATCCAA-1,0,paclitaxel
Data8_sample_30_GGGATGATCTACGGGC-1,0,paclitaxel
Data8_sample_30_GGGCCATCAAACTCTG-1,0,paclitaxel
Data8_sample_30_GGGCCATCAAGTTCCA-1,0,paclitaxel
Data8_sample_30_GGGCCATGTGTTCAGT-1,0,paclitaxel
Data8_sample_30_GGGCGTTAGATGCTAA-1,0,paclitaxel
Data8_sample_30_GGGCGTTCACACCTTC-1,0,paclitaxel
Data8_sample_30_GGGCGTTGTTCCGTTC-1,0,paclitaxel
Data8_sample_30_GGGCGTTTCGCCAACG-1,0,paclitaxel
Data8_sample_30_GGGCGTTTCTATACTC-1,0,paclitaxel
Data8_sample_30_GGGCTACAGAGTGTTA-1,0,paclitaxel
Data8_sample_30_GGGCTACCACCGGCTA-1,0,paclitaxel
Data8_sample_30_GGGCTACGTATTGAGA-1,0,paclitaxel
Data8_sample_30_GGGCTCAGTGCCTAAT-1,0,paclitaxel
Data8_sample_30_GGGCTCATCACTTGGA-1,0,paclitaxel
Data8_sample_30_GGGCTCATCTCTCGAC-1,0,paclitaxel
Data8_sample_30_GGGCTCATCTGAATGC-1,0,paclitaxel
Data8_sample_30_GGGTAGAAGCTTTCCC-1,0,paclitaxel
Data8_sample_30_GGGTAGAAGTGCTACT-1,0,paclitaxel
Data8_sample_30_GGGTAGATCCAACTAG-1,0,paclitaxel
Data8_sample_30_GGGTATTAGCCGATAG-1,0,paclitaxel
Data8_sample_30_GGGTATTGTGACAACG-1,0,paclitaxel
Data8_sample_30_GGGTATTTCAGTCCGG-1,0,paclitaxel
Data8_sample_30_GGGTATTTCGGTCGGT-1,0,paclitaxel
Data8_sample_30_GGGTATTTCTTAGCCC-1,0,paclitaxel
Data8_sample_30_GGGTCACAGACAGCTG-1,0,paclitaxel
Data8_sample_30_GGGTCACAGCCTTTCC-1,0,paclitaxel
Data8_sample_30_GGGTCACAGCGCATCC-1,0,paclitaxel
Data8_sample_30_GGGTCACAGCTAGATA-1,0,paclitaxel
Data8_sample_30_GGGTCACAGGATTCCT-1,0,paclitaxel
Data8_sample_30_GGGTCACAGTCAGCCC-1,0,paclitaxel
Data8_sample_30_GGGTCACCAGACCAAG-1,0,paclitaxel
Data8_sample_30_GGGTCACCAGCAATTC-1,0,paclitaxel
Data8_sample_30_GGGTCTGAGACATATG-1,0,paclitaxel
Data8_sample_30_GGGTCTGAGAGTCAGC-1,0,paclitaxel
Data8_sample_30_GGGTCTGAGGTCGAGT-1,0,paclitaxel
Data8_sample_30_GGGTCTGAGTCGGCCT-1,0,paclitaxel
Data8_sample_30_GGGTCTGAGTTACGAA-1,0,paclitaxel
Data8_sample_30_GGGTCTGCAACACGAG-1,0,paclitaxel
Data8_sample_30_GGGTCTGCAAGAAATC-1,0,paclitaxel
Data8_sample_30_GGGTCTGGTATATGGA-1,0,paclitaxel
Data8_sample_30_GGGTCTGGTTGGGACA-1,0,paclitaxel
Data8_sample_30_GGGTCTGTCGGATACT-1,0,paclitaxel
Data8_sample_30_GGGTCTGTCTTCTAAC-1,0,paclitaxel
Data8_sample_30_GGGTGAACAGGCTACC-1,0,paclitaxel
Data8_sample_30_GGGTGAACAGTCAGCC-1,0,paclitaxel
Data8_sample_30_GGGTGAAGTCGTCGGT-1,0,paclitaxel
Data8_sample_30_GGGTGAATCAAGCTTG-1,0,paclitaxel
Data8_sample_30_GGGTGAATCACTTCTA-1,0,paclitaxel
Data8_sample_30_GGGTGAATCATACAGC-1,0,paclitaxel
Data8_sample_30_GGGTGAATCCAAGCCG-1,0,paclitaxel
Data8_sample_30_GGGTGAATCTACTCAT-1,0,paclitaxel
Data8_sample_30_GGGTGTCAGTGAGGTC-1,0,paclitaxel
Data8_sample_30_GGGTGTCCAATGAGCG-1,0,paclitaxel
Data8_sample_30_GGGTGTCCAGCGTATT-1,0,paclitaxel
Data8_sample_30_GGGTGTCGTCGGCTAC-1,0,paclitaxel
Data8_sample_30_GGGTGTCGTTCGGTCG-1,0,paclitaxel
Data8_sample_30_GGGTGTCTCCGGCTTT-1,0,paclitaxel
Data8_sample_30_GGGTGTCTCGGTGAAG-1,0,paclitaxel
Data8_sample_30_GGGTGTCTCTTCTGTA-1,0,paclitaxel
Data8_sample_30_GGGTTATGTGGAAGTC-1,0,paclitaxel
Data8_sample_30_GGGTTATGTGTAGTGG-1,0,paclitaxel
Data8_sample_30_GGGTTATGTTCCATTT-1,0,paclitaxel
Data8_sample_30_GGGTTATGTTGGTGTT-1,0,paclitaxel
Data8_sample_30_GGGTTTACACCGGTCA-1,0,paclitaxel
Data8_sample_30_GGGTTTAGTGGATCAG-1,0,paclitaxel
Data8_sample_30_GGGTTTATCCAAAGGG-1,0,paclitaxel
Data8_sample_30_GGGTTTATCCAGTTCC-1,0,paclitaxel
Data8_sample_30_GGGTTTATCCGTGTGG-1,0,paclitaxel
Data8_sample_30_GGTAACTAGGGCTTCC-1,0,paclitaxel
Data8_sample_30_GGTAACTCAACCGTGC-1,0,paclitaxel
Data8_sample_30_GGTAACTCAACTGCTA-1,0,paclitaxel
Data8_sample_30_GGTAACTCAAGGGCAT-1,0,paclitaxel
Data8_sample_30_GGTAACTCACGTCTCT-1,0,paclitaxel
Data8_sample_30_GGTAACTTCATTTCGT-1,0,paclitaxel
Data8_sample_30_GGTAACTTCCTACGGG-1,0,paclitaxel
Data8_sample_30_GGTAATCCAACGATTC-1,0,paclitaxel
Data8_sample_30_GGTAATCCAGCTTTCC-1,0,paclitaxel
Data8_sample_30_GGTAATCGTCCACGCA-1,0,paclitaxel
Data8_sample_30_GGTAATCTCGATCCCT-1,0,paclitaxel
Data8_sample_30_GGTAATCTCTCGAGTA-1,0,paclitaxel
Data8_sample_30_GGTAATCTCTGCTTAT-1,0,paclitaxel
Data8_sample_30_GGTAGAGAGATTGCGG-1,0,paclitaxel
Data8_sample_30_GGTAGAGGTGGTCCGT-1,0,paclitaxel
Data8_sample_30_GGTAGAGTCGCTCCTA-1,0,paclitaxel
Data8_sample_30_GGTAGAGTCTCTTCAA-1,0,paclitaxel
Data8_sample_30_GGTCACGAGCCTCACG-1,0,paclitaxel
Data8_sample_30_GGTCACGAGTATCCTG-1,0,paclitaxel
Data8_sample_30_GGTCACGAGTTACGTC-1,0,paclitaxel
Data8_sample_30_GGTCACGCAAGCCCAC-1,0,paclitaxel
Data8_sample_30_GGTCACGTCCTCATAT-1,0,paclitaxel
Data8_sample_30_GGTCTGGAGATACAGT-1,0,paclitaxel
Data8_sample_30_GGTCTGGAGGGCATGT-1,0,paclitaxel
Data8_sample_30_GGTCTGGCAAAGTATG-1,0,paclitaxel
Data8_sample_30_GGTCTGGGTCATGCAT-1,0,paclitaxel
Data8_sample_30_GGTCTGGTCCCGTAAA-1,0,paclitaxel
Data8_sample_30_GGTCTGGTCCTGGTCT-1,0,paclitaxel
Data8_sample_30_GGTCTGGTCTGCTCTG-1,0,paclitaxel
Data8_sample_30_GGTCTGGTCTGGGCCA-1,0,paclitaxel
Data8_sample_30_GGTGAAGAGACGCTCC-1,0,paclitaxel
Data8_sample_30_GGTGAAGTCAAGTCTG-1,0,paclitaxel
Data8_sample_30_GGTGAAGTCGAATCCA-1,0,paclitaxel
Data8_sample_30_GGTGATTAGTACCATC-1,0,paclitaxel
Data8_sample_30_GGTGATTCACCAGCGT-1,0,paclitaxel
Data8_sample_30_GGTGATTCATGCCGAC-1,0,paclitaxel
Data8_sample_30_GGTGATTGTTATAGCC-1,0,paclitaxel
Data8_sample_30_GGTGGCTAGAGGATCC-1,0,paclitaxel
Data8_sample_30_GGTGGCTAGGGTGAGG-1,0,paclitaxel
Data8_sample_30_GGTGGCTTCAGGCGAA-1,0,paclitaxel
Data8_sample_30_GGTGGCTTCATTGTGG-1,0,paclitaxel
Data8_sample_30_GGTGTCGCAATTCTCT-1,0,paclitaxel
Data8_sample_30_GGTGTCGCATTCGATG-1,0,paclitaxel
Data8_sample_30_GGTGTCGGTCCAGCCA-1,0,paclitaxel
Data8_sample_30_GGTGTCGGTTCGGTCG-1,0,paclitaxel
Data8_sample_30_GGTGTTACACTCCTTG-1,0,paclitaxel
Data8_sample_30_GGTGTTACATCTTTCA-1,0,paclitaxel
Data8_sample_30_GGTGTTAGTTGGTACT-1,0,paclitaxel
Data8_sample_30_GGTGTTAGTTTACGTG-1,0,paclitaxel
Data8_sample_30_GGTGTTATCACAGTGT-1,0,paclitaxel
Data8_sample_30_GGTGTTATCACGTAGT-1,0,paclitaxel
Data8_sample_30_GGTTAACAGCGACTTT-1,0,paclitaxel
Data8_sample_30_GGTTAACCAGAACTAA-1,0,paclitaxel
Data8_sample_30_GGTTAACCAGCGGATA-1,0,paclitaxel
Data8_sample_30_GGTTAACGTCATCGCG-1,0,paclitaxel
Data8_sample_30_GGTTAACGTGATGTAA-1,0,paclitaxel
Data8_sample_30_GGTTAACTCACGGTCG-1,0,paclitaxel
Data8_sample_30_GGTTAACTCCACATAG-1,0,paclitaxel
Data8_sample_30_GGTTAACTCCGTGCGA-1,0,paclitaxel
Data8_sample_30_GGTTAACTCGTGGCGT-1,0,paclitaxel
Data8_sample_30_GGTTCTCCACCTGAAT-1,0,paclitaxel
Data8_sample_30_GGTTCTCGTAGACGGT-1,0,paclitaxel
Data8_sample_30_GGTTCTCGTATGGGAC-1,0,paclitaxel
Data8_sample_30_GGTTCTCGTCCTGAAT-1,0,paclitaxel
Data8_sample_30_GGTTCTCGTCGCATCG-1,0,paclitaxel
Data8_sample_30_GGTTCTCGTCGTACTA-1,0,paclitaxel
Data8_sample_30_GGTTCTCGTGTGTCGC-1,0,paclitaxel
Data8_sample_30_GGTTCTCTCCACGGGT-1,0,paclitaxel
Data8_sample_30_GGTTCTCTCCTATTTG-1,0,paclitaxel
Data8_sample_30_GGTTGTAAGACATAGT-1,0,paclitaxel
Data8_sample_30_GGTTGTAAGTCAATCC-1,0,paclitaxel
Data8_sample_30_GGTTGTAAGTCGCCAC-1,0,paclitaxel
Data8_sample_30_GGTTGTACATGGCCAC-1,0,paclitaxel
Data8_sample_30_GGTTGTAGTGTTGCCG-1,0,paclitaxel
Data8_sample_30_GGTTGTATCACCGCTT-1,0,paclitaxel
Data8_sample_30_GTAACACAGGCTTCCG-1,0,paclitaxel
Data8_sample_30_GTAACACAGGGTAGCT-1,0,paclitaxel
Data8_sample_30_GTAACACCAACGACTT-1,0,paclitaxel
Data8_sample_30_GTAACACCACCGAATT-1,0,paclitaxel
Data8_sample_30_GTAACACGTGACCTGC-1,0,paclitaxel
Data8_sample_30_GTAACACTCCCGAAAT-1,0,paclitaxel
Data8_sample_30_GTAACACTCCCGTTCA-1,0,paclitaxel
Data8_sample_30_GTAACACTCTATGTGG-1,0,paclitaxel
Data8_sample_30_GTAACCAAGGTTGGTG-1,0,paclitaxel
Data8_sample_30_GTAACCAAGTAGGAAG-1,0,paclitaxel
Data8_sample_30_GTAACCAAGTGTTCCA-1,0,paclitaxel
Data8_sample_30_GTAACCAAGTGTTGAA-1,0,paclitaxel
Data8_sample_30_GTAACCACAACCGTAT-1,0,paclitaxel
Data8_sample_30_GTAACCAGTCATATGC-1,0,paclitaxel
Data8_sample_30_GTAACCATCGCCAACG-1,0,paclitaxel
Data8_sample_30_GTAACCATCTTGCAGA-1,0,paclitaxel
Data8_sample_30_GTAACCATCTTTACAC-1,0,paclitaxel
Data8_sample_30_GTAAGTCAGGTTGCCC-1,0,paclitaxel
Data8_sample_30_GTAAGTCCAAATACGA-1,0,paclitaxel
Data8_sample_30_GTAAGTCCAGTGAGCA-1,0,paclitaxel
Data8_sample_30_GTAAGTCGTCACAATC-1,0,paclitaxel
Data8_sample_30_GTAAGTCGTCATCCCT-1,0,paclitaxel
Data8_sample_30_GTAAGTCGTGAGTTGG-1,0,paclitaxel
Data8_sample_30_GTAATCGAGACGCATG-1,0,paclitaxel
Data8_sample_30_GTAATCGAGATCGCCC-1,0,paclitaxel
Data8_sample_30_GTAATCGAGTACGTCT-1,0,paclitaxel
Data8_sample_30_GTAATCGAGTCGAGGT-1,0,paclitaxel
Data8_sample_30_GTAATCGCAACTGCCG-1,0,paclitaxel
Data8_sample_30_GTAATCGCAGTGGGTA-1,0,paclitaxel
Data8_sample_30_GTAATCGGTGGCTTAT-1,0,paclitaxel
Data8_sample_30_GTAATCGTCATGCTAG-1,0,paclitaxel
Data8_sample_30_GTAATCGTCCAACCGG-1,0,paclitaxel
Data8_sample_30_GTAATCGTCGGTGTAT-1,0,paclitaxel
Data8_sample_30_GTAATGCAGGTAGCAC-1,0,paclitaxel
Data8_sample_30_GTAATGCAGTTGCTCA-1,0,paclitaxel
Data8_sample_30_GTAATGCCAATTCGTG-1,0,paclitaxel
Data8_sample_30_GTAATGCCAGTATTCG-1,0,paclitaxel
Data8_sample_30_GTAATGCGTGCGTGCT-1,0,paclitaxel
Data8_sample_30_GTAATGCGTTATAGCC-1,0,paclitaxel
Data8_sample_30_GTAATGCTCACTCGAA-1,0,paclitaxel
Data8_sample_30_GTACAACAGCTCGAAG-1,0,paclitaxel
Data8_sample_30_GTACAACCACAGAGAC-1,0,paclitaxel
Data8_sample_30_GTACAACGTAGGGTAC-1,0,paclitaxel
Data8_sample_30_GTACAACGTCACAATC-1,0,paclitaxel
Data8_sample_30_GTACAACGTTATCTGG-1,0,paclitaxel
Data8_sample_30_GTACAACTCAAGTAAG-1,0,paclitaxel
Data8_sample_30_GTACAACTCATGAGGG-1,0,paclitaxel
Data8_sample_30_GTACAACTCGGTCGAC-1,0,paclitaxel
Data8_sample_30_GTACAGTGTGTAGTGG-1,0,paclitaxel
Data8_sample_30_GTACAGTGTTACCGTA-1,0,paclitaxel
Data8_sample_30_GTAGAAAAGACATATG-1,0,paclitaxel
Data8_sample_30_GTAGAAAAGATCCCGC-1,0,paclitaxel
Data8_sample_30_GTAGAAAAGGGATGTC-1,0,paclitaxel
Data8_sample_30_GTAGAAAAGTAAAGCT-1,0,paclitaxel
Data8_sample_30_GTAGAAACATTAGGAA-1,0,paclitaxel
Data8_sample_30_GTAGAAAGTCGAAACG-1,0,paclitaxel
Data8_sample_30_GTAGAAAGTCTGGTTA-1,0,paclitaxel
Data8_sample_30_GTAGAAATCTGCGTCT-1,0,paclitaxel
Data8_sample_30_GTAGAGGAGGGAGTTC-1,0,paclitaxel
Data8_sample_30_GTAGAGGCACCATAAC-1,0,paclitaxel
Data8_sample_30_GTAGAGGGTATTGGCT-1,0,paclitaxel
Data8_sample_30_GTAGAGGTCATCGACA-1,0,paclitaxel
Data8_sample_30_GTAGAGGTCGAGTTGT-1,0,paclitaxel
Data8_sample_30_GTAGATCAGCTAATCC-1,0,paclitaxel
Data8_sample_30_GTAGATCGTTATGACC-1,0,paclitaxel
Data8_sample_30_GTAGATCTCAACTCTT-1,0,paclitaxel
Data8_sample_30_GTAGATCTCAGAGTGG-1,0,paclitaxel
Data8_sample_30_GTAGCTAAGAAACCAT-1,0,paclitaxel
Data8_sample_30_GTAGCTAAGCCGATCC-1,0,paclitaxel
Data8_sample_30_GTAGCTACACATGGTT-1,0,paclitaxel
Data8_sample_30_GTAGCTACAGACGCTC-1,0,paclitaxel
Data8_sample_30_GTAGCTAGTACCCGCA-1,0,paclitaxel
Data8_sample_30_GTAGCTATCCGCGGAT-1,0,paclitaxel
Data8_sample_30_GTAGCTATCCGTGTGG-1,0,paclitaxel
Data8_sample_30_GTAGGAGAGCTGGTGA-1,0,paclitaxel
Data8_sample_30_GTAGGAGAGGGACACT-1,0,paclitaxel
Data8_sample_30_GTAGGAGCAGTGCGCT-1,0,paclitaxel
Data8_sample_30_GTAGGAGCATTGACAC-1,0,paclitaxel
Data8_sample_30_GTAGGAGGTCCGGTCA-1,0,paclitaxel
Data8_sample_30_GTAGGTTAGAAGGGAT-1,0,paclitaxel
Data8_sample_30_GTAGGTTAGCTCATAC-1,0,paclitaxel
Data8_sample_30_GTAGGTTAGGACAAGA-1,0,paclitaxel
Data8_sample_30_GTAGGTTAGGCTAGCA-1,0,paclitaxel
Data8_sample_30_GTAGGTTAGTAGCTCT-1,0,paclitaxel
Data8_sample_30_GTAGGTTGTCATCCGG-1,0,paclitaxel
Data8_sample_30_GTAGGTTGTTAAGGAT-1,0,paclitaxel
Data8_sample_30_GTAGTACAGCTCCATA-1,0,paclitaxel
Data8_sample_30_GTAGTACAGCTTCATG-1,0,paclitaxel
Data8_sample_30_GTAGTACAGGATTCAA-1,0,paclitaxel
Data8_sample_30_GTAGTACCACCGTCTT-1,0,paclitaxel
Data8_sample_30_GTAGTACCACGCGCAT-1,0,paclitaxel
Data8_sample_30_GTAGTACCATCGGTTA-1,0,paclitaxel
Data8_sample_30_GTAGTACTCGTAGCCG-1,0,paclitaxel
Data8_sample_30_GTATTGGTCAGATTGC-1,0,paclitaxel
Data8_sample_30_GTATTTCAGACTCATC-1,0,paclitaxel
Data8_sample_30_GTATTTCAGGCAGGTT-1,0,paclitaxel
Data8_sample_30_GTATTTCCACCTCAGG-1,0,paclitaxel
Data8_sample_30_GTATTTCGTCACCCTT-1,0,paclitaxel
Data8_sample_30_GTATTTCGTGCCAAGA-1,0,paclitaxel
Data8_sample_30_GTATTTCGTTTGACAC-1,0,paclitaxel
Data8_sample_30_GTATTTCTCCGTTGAA-1,0,paclitaxel
Data8_sample_30_GTATTTCTCTCACCCA-1,0,paclitaxel
Data8_sample_30_GTCAAACAGTTCACTG-1,0,paclitaxel
Data8_sample_30_GTCAAACCACGTAGTT-1,0,paclitaxel
Data8_sample_30_GTCAAACCACTGATTG-1,0,paclitaxel
Data8_sample_30_GTCAAACCAGAGGCTA-1,0,paclitaxel
Data8_sample_30_GTCAAACTCAACCTCC-1,0,paclitaxel
Data8_sample_30_GTCAAACTCGATACAC-1,0,paclitaxel
Data8_sample_30_GTCAAGTAGTCGCCAC-1,0,paclitaxel
Data8_sample_30_GTCAAGTGTTACACTG-1,0,paclitaxel
Data8_sample_30_GTCAAGTTCGATTGAC-1,0,paclitaxel
Data8_sample_30_GTCAAGTTCTGCTAGA-1,0,paclitaxel
Data8_sample_30_GTCACGGAGGCAGTCA-1,0,paclitaxel
Data8_sample_30_GTCACGGCAGCATGCC-1,0,paclitaxel
Data8_sample_30_GTCACGGGTACAGTTC-1,0,paclitaxel
Data8_sample_30_GTCACGGGTCATCACA-1,0,paclitaxel
Data8_sample_30_GTCACGGGTCCAGCCA-1,0,paclitaxel
Data8_sample_30_GTCACGGGTGGGTCAA-1,0,paclitaxel
Data8_sample_30_GTCACGGGTTCCGTTC-1,0,paclitaxel
Data8_sample_30_GTCACGGGTTCGTACA-1,0,paclitaxel
Data8_sample_30_GTCACGGTCACACCCT-1,0,paclitaxel
Data8_sample_30_GTCACGGTCGCGCTGA-1,0,paclitaxel
Data8_sample_30_GTCACGGTCTAACACG-1,0,paclitaxel
Data8_sample_30_GTCACTCAGAATGTTG-1,0,paclitaxel
Data8_sample_30_GTCACTCAGCACCTGC-1,0,paclitaxel
Data8_sample_30_GTCACTCGTGGCGCTT-1,0,paclitaxel
Data8_sample_30_GTCAGCGAGGTTAAAC-1,0,paclitaxel
Data8_sample_30_GTCAGCGAGTGCACAG-1,0,paclitaxel
Data8_sample_30_GTCAGCGCAAGGAGTC-1,0,paclitaxel
Data8_sample_30_GTCAGCGCATGAAAGT-1,0,paclitaxel
Data8_sample_30_GTCAGCGGTCGCAACC-1,0,paclitaxel
Data8_sample_30_GTCAGCGTCAAACTGC-1,0,paclitaxel
Data8_sample_30_GTCAGCGTCCTTATCA-1,0,paclitaxel
Data8_sample_30_GTCAGCGTCTCTAAGG-1,0,paclitaxel
Data8_sample_30_GTCAGCGTCTGGCCAG-1,0,paclitaxel
Data8_sample_30_GTCATCCAGACTCTAC-1,0,paclitaxel
Data8_sample_30_GTCATCCAGATGGGCT-1,0,paclitaxel
Data8_sample_30_GTCATCCAGGTTATAG-1,0,paclitaxel
Data8_sample_30_GTCATCCCAGAGATTA-1,0,paclitaxel
Data8_sample_30_GTCATCCCAGCTACCG-1,0,paclitaxel
Data8_sample_30_GTCATCCGTCTAGGCC-1,0,paclitaxel
Data8_sample_30_GTCATCCGTGAATAAC-1,0,paclitaxel
Data8_sample_30_GTCATCCTCCACATAG-1,0,paclitaxel
Data8_sample_30_GTCATCCTCGCATAGT-1,0,paclitaxel
Data8_sample_30_GTCATCCTCGGTCTAA-1,0,paclitaxel
Data8_sample_30_GTCATGAAGCGATGAC-1,0,paclitaxel
Data8_sample_30_GTCATGAAGGCATGCA-1,0,paclitaxel
Data8_sample_30_GTCATGAAGTACCCTA-1,0,paclitaxel
Data8_sample_30_GTCATGAAGTGTACAA-1,0,paclitaxel
Data8_sample_30_GTCATGAGTCGTGATT-1,0,paclitaxel
Data8_sample_30_GTCATGAGTTGTACGT-1,0,paclitaxel
Data8_sample_30_GTCATGATCTGGGCGT-1,0,paclitaxel
Data8_sample_30_GTCATTTCACTGTTCC-1,0,paclitaxel
Data8_sample_30_GTCATTTCATGTGACT-1,0,paclitaxel
Data8_sample_30_GTCATTTGTACAAACA-1,0,paclitaxel
Data8_sample_30_GTCATTTTCTCCTACG-1,0,paclitaxel
Data8_sample_30_GTCCACTCACCAGTAT-1,0,paclitaxel
Data8_sample_30_GTCCACTCAGGAGGAG-1,0,paclitaxel
Data8_sample_30_GTCCACTCAGTTTGGT-1,0,paclitaxel
Data8_sample_30_GTCCCATCAAGTATCC-1,0,paclitaxel
Data8_sample_30_GTCCCATCATCAACCA-1,0,paclitaxel
Data8_sample_30_GTCCCATTCCAGTGCG-1,0,paclitaxel
Data8_sample_30_GTCCCATTCTCGCAGG-1,0,paclitaxel
Data8_sample_30_GTCCTCAAGACGCATG-1,0,paclitaxel
Data8_sample_30_GTCCTCAAGGACAAGA-1,0,paclitaxel
Data8_sample_30_GTCCTCAAGTTGGGAC-1,0,paclitaxel
Data8_sample_30_GTCCTCAGTATGACAA-1,0,paclitaxel
Data8_sample_30_GTCCTCAGTGCCCAGT-1,0,paclitaxel
Data8_sample_30_GTCCTCATCTTGGTGA-1,0,paclitaxel
Data8_sample_30_GTCGAATAGGACATCG-1,0,paclitaxel
Data8_sample_30_GTCGAATAGGATGGCT-1,0,paclitaxel
Data8_sample_30_GTCGAATAGGCTCCCA-1,0,paclitaxel
Data8_sample_30_GTCGAATCACTTACAG-1,0,paclitaxel
Data8_sample_30_GTCGAATCAGGAAGTC-1,0,paclitaxel
Data8_sample_30_GTCGAATGTCGAACGA-1,0,paclitaxel
Data8_sample_30_GTCGAATGTCTTTATC-1,0,paclitaxel
Data8_sample_30_GTCGAATGTGGATACG-1,0,paclitaxel
Data8_sample_30_GTCGAATGTGGCCCAT-1,0,paclitaxel
Data8_sample_30_GTCGCGAAGTAACCTC-1,0,paclitaxel
Data8_sample_30_GTCGCGACACTCAGAT-1,0,paclitaxel
Data8_sample_30_GTCGCGACATAGGTAA-1,0,paclitaxel
Data8_sample_30_GTCGCGATCAAACCTG-1,0,paclitaxel
Data8_sample_30_GTCGTAAAGGCCTGAA-1,0,paclitaxel
Data8_sample_30_GTCGTAAGTCTTGCTC-1,0,paclitaxel
Data8_sample_30_GTCGTAATCACTCGAA-1,0,paclitaxel
Data8_sample_30_GTCGTAATCCATCCGT-1,0,paclitaxel
Data8_sample_30_GTCGTAATCCTTGAAG-1,0,paclitaxel
Data8_sample_30_GTCGTTCAGAGAATCT-1,0,paclitaxel
Data8_sample_30_GTCGTTCAGGTTATAG-1,0,paclitaxel
Data8_sample_30_GTCGTTCCATGGAATA-1,0,paclitaxel
Data8_sample_30_GTCGTTCGTATCACCA-1,0,paclitaxel
Data8_sample_30_GTCTACCAGGATTCCT-1,0,paclitaxel
Data8_sample_30_GTCTACCCACGACAAG-1,0,paclitaxel
Data8_sample_30_GTCTACCCAGGAAGTC-1,0,paclitaxel
Data8_sample_30_GTCTACCGTAGTCTGT-1,0,paclitaxel
Data8_sample_30_GTCTAGAAGTGATGGC-1,0,paclitaxel
Data8_sample_30_GTCTAGAGTATGAGGC-1,0,paclitaxel
Data8_sample_30_GTCTAGAGTCCGGTCA-1,0,paclitaxel
Data8_sample_30_GTCTAGAGTTTCGGCG-1,0,paclitaxel
Data8_sample_30_GTCTCACAGCGGACAT-1,0,paclitaxel
Data8_sample_30_GTCTCACGTGATTCTG-1,0,paclitaxel
Data8_sample_30_GTCTCACGTGGTTTGT-1,0,paclitaxel
Data8_sample_30_GTCTCACGTTGTGCAT-1,0,paclitaxel
Data8_sample_30_GTCTCACTCTGTGCAA-1,0,paclitaxel
Data8_sample_30_GTCTGTCAGAGCTTTC-1,0,paclitaxel
Data8_sample_30_GTCTGTCCAACAAGAT-1,0,paclitaxel
Data8_sample_30_GTCTGTCCAATCTCTT-1,0,paclitaxel
Data8_sample_30_GTCTGTCCACGCGGTT-1,0,paclitaxel
Data8_sample_30_GTCTGTCTCACTCACC-1,0,paclitaxel
Data8_sample_30_GTCTGTCTCCTGTAGA-1,0,paclitaxel
Data8_sample_30_GTCTTTAGTAGCGCCT-1,0,paclitaxel
Data8_sample_30_GTCTTTAGTATCTCTT-1,0,paclitaxel
Data8_sample_30_GTCTTTAGTCATCACA-1,0,paclitaxel
Data8_sample_30_GTCTTTAGTGGAACAC-1,0,paclitaxel
Data8_sample_30_GTCTTTATCAAGAGTA-1,0,paclitaxel
Data8_sample_30_GTCTTTATCAAGCTTG-1,0,paclitaxel
Data8_sample_30_GTGACGCCACTACGGC-1,0,paclitaxel
Data8_sample_30_GTGACGCCACTCAGAT-1,0,paclitaxel
Data8_sample_30_GTGACGCGTCGTTTCC-1,0,paclitaxel
Data8_sample_30_GTGACGCTCAAGTTGC-1,0,paclitaxel
Data8_sample_30_GTGACGCTCACGACTA-1,0,paclitaxel
Data8_sample_30_GTGAGCCAGGGTAATT-1,0,paclitaxel
Data8_sample_30_GTGAGCCGTAGGTCAG-1,0,paclitaxel
Data8_sample_30_GTGAGCCGTGGAAATT-1,0,paclitaxel
Data8_sample_30_GTGAGCCGTTTATGCG-1,0,paclitaxel
Data8_sample_30_GTGAGCCTCCCTTGTG-1,0,paclitaxel
Data8_sample_30_GTGAGCCTCGATTTCT-1,0,paclitaxel
Data8_sample_30_GTGAGCCTCGTGGCGT-1,0,paclitaxel
Data8_sample_30_GTGAGGAAGCACCTGC-1,0,paclitaxel
Data8_sample_30_GTGAGGAAGGTACAAT-1,0,paclitaxel
Data8_sample_30_GTGAGGACATAGGAGC-1,0,paclitaxel
Data8_sample_30_GTGAGGAGTAGTTAGA-1,0,paclitaxel
Data8_sample_30_GTGAGGATCAAGCGTT-1,0,paclitaxel
Data8_sample_30_GTGAGTTAGATGGCGT-1,0,paclitaxel
Data8_sample_30_GTGAGTTCAACCGTGC-1,0,paclitaxel
Data8_sample_30_GTGAGTTGTGCATTTG-1,0,paclitaxel
Data8_sample_30_GTGAGTTGTTCCAGGC-1,0,paclitaxel
Data8_sample_30_GTGAGTTGTTGACGGA-1,0,paclitaxel
Data8_sample_30_GTGAGTTTCTAGACAC-1,0,paclitaxel
Data8_sample_30_GTGAGTTTCTATGCCC-1,0,paclitaxel
Data8_sample_30_GTGATGTAGAGGACTC-1,0,paclitaxel
Data8_sample_30_GTGATGTAGGTGGCTA-1,0,paclitaxel
Data8_sample_30_GTGATGTAGTACGAGC-1,0,paclitaxel
Data8_sample_30_GTGATGTCACACCTGG-1,0,paclitaxel
Data8_sample_30_GTGATGTGTAGGTGCA-1,0,paclitaxel
Data8_sample_30_GTGATGTGTCTAACTG-1,0,paclitaxel
Data8_sample_30_GTGATGTGTTTCAGAC-1,0,paclitaxel
Data8_sample_30_GTGCACGAGGTGATAT-1,0,paclitaxel
Data8_sample_30_GTGCACGAGTTTGCTG-1,0,paclitaxel
Data8_sample_30_GTGCACGCATCTTTCA-1,0,paclitaxel
Data8_sample_30_GTGCACGTCCGAAGGA-1,0,paclitaxel
Data8_sample_30_GTGCACGTCTCGCTCA-1,0,paclitaxel
Data8_sample_30_GTGCAGCAGACGTCCC-1,0,paclitaxel
Data8_sample_30_GTGCAGCAGGCTTTCA-1,0,paclitaxel
Data8_sample_30_GTGCAGCGTTTCTTAC-1,0,paclitaxel
Data8_sample_30_GTGCAGCTCAAATGAG-1,0,paclitaxel
Data8_sample_30_GTGCGTGAGAGTGAAG-1,0,paclitaxel
Data8_sample_30_GTGCGTGCACTACCGG-1,0,paclitaxel
Data8_sample_30_GTGCGTGCAGCGATTT-1,0,paclitaxel
Data8_sample_30_GTGCGTGTCTAACGCA-1,0,paclitaxel
Data8_sample_30_GTGCGTGTCTCTAAGG-1,0,paclitaxel
Data8_sample_30_GTGCTGGAGTCGGCAA-1,0,paclitaxel
Data8_sample_30_GTGCTGGCAGGTCCCA-1,0,paclitaxel
Data8_sample_30_GTGCTGGCAGGTTCAT-1,0,paclitaxel
Data8_sample_30_GTGCTGGTCACTGGGC-1,0,paclitaxel
Data8_sample_30_GTGCTGGTCAGAGCGA-1,0,paclitaxel
Data8_sample_30_GTGCTGGTCAGGTGTT-1,0,paclitaxel
Data8_sample_30_GTGCTTCCACCTGCTT-1,0,paclitaxel
Data8_sample_30_GTGCTTCGTCCCTGAG-1,0,paclitaxel
Data8_sample_30_GTGCTTCTCCCATACC-1,0,paclitaxel
Data8_sample_30_GTGCTTCTCTGTCGCT-1,0,paclitaxel
Data8_sample_30_GTGGAAGAGCAAGGAA-1,0,paclitaxel
Data8_sample_30_GTGGAAGCAACGATTC-1,0,paclitaxel
Data8_sample_30_GTGGAGAAGAGTTGTA-1,0,paclitaxel
Data8_sample_30_GTGGAGAAGCACTGGA-1,0,paclitaxel
Data8_sample_30_GTGGAGAAGCGATGCA-1,0,paclitaxel
Data8_sample_30_GTGGAGAAGCGATTCT-1,0,paclitaxel
Data8_sample_30_GTGGAGACACGTCATA-1,0,paclitaxel
Data8_sample_30_GTGGAGACATAGTCAC-1,0,paclitaxel
Data8_sample_30_GTGGAGACATATACCG-1,0,paclitaxel
Data8_sample_30_GTGGAGAGTCTAGGTT-1,0,paclitaxel
Data8_sample_30_GTGGAGAGTTATCTTC-1,0,paclitaxel
Data8_sample_30_GTGGAGAGTTGGAGAC-1,0,paclitaxel
Data8_sample_30_GTGGAGATCATTGAGC-1,0,paclitaxel
Data8_sample_30_GTGGCGTAGCTGGCCT-1,0,paclitaxel
Data8_sample_30_GTGGCGTCACGGTCTG-1,0,paclitaxel
Data8_sample_30_GTGGCGTCAGCTCGGT-1,0,paclitaxel
Data8_sample_30_GTGGCGTGTAAGGTCG-1,0,paclitaxel
Data8_sample_30_GTGGCGTGTGCCTGCA-1,0,paclitaxel
Data8_sample_30_GTGGCGTGTGTTCATG-1,0,paclitaxel
Data8_sample_30_GTGGCGTGTTGAATCC-1,0,paclitaxel
Data8_sample_30_GTGGCGTTCCTTGAAG-1,0,paclitaxel
Data8_sample_30_GTGGGAAAGCCTCATA-1,0,paclitaxel
Data8_sample_30_GTGGGAAAGCGCCTCA-1,0,paclitaxel
Data8_sample_30_GTGGGAAAGCTGGCTC-1,0,paclitaxel
Data8_sample_30_GTGGGAAAGGGTCACA-1,0,paclitaxel
Data8_sample_30_GTGGGAACAAGACCTT-1,0,paclitaxel
Data8_sample_30_GTGGGAAGTCCGACGT-1,0,paclitaxel
Data8_sample_30_GTGGGAAGTGCGTTTA-1,0,paclitaxel
Data8_sample_30_GTGGGAATCAAGCCAT-1,0,paclitaxel
Data8_sample_30_GTGGTTAAGCGACAGT-1,0,paclitaxel
Data8_sample_30_GTGGTTACACCTGATA-1,0,paclitaxel
Data8_sample_30_GTGGTTACAGCCCAGT-1,0,paclitaxel
Data8_sample_30_GTGGTTACATGTTACG-1,0,paclitaxel
Data8_sample_30_GTGGTTACATTGACTG-1,0,paclitaxel
Data8_sample_30_GTGGTTAGTCGGTAAG-1,0,paclitaxel
Data8_sample_30_GTGGTTAGTTCGGGTC-1,0,paclitaxel
Data8_sample_30_GTGGTTATCTGAGGTT-1,0,paclitaxel
Data8_sample_30_GTGTAACAGACTTGTC-1,0,paclitaxel
Data8_sample_30_GTGTAACAGCATGCAG-1,0,paclitaxel
Data8_sample_30_GTGTAACAGTGTTGAA-1,0,paclitaxel
Data8_sample_30_GTGTAACCAAATCGTC-1,0,paclitaxel
Data8_sample_30_GTGTAACCAGAGGAAA-1,0,paclitaxel
Data8_sample_30_GTGTAACGTAGAGATT-1,0,paclitaxel
Data8_sample_30_GTGTAACGTGAACTAA-1,0,paclitaxel
Data8_sample_30_GTGTAACGTGCAACGA-1,0,paclitaxel
Data8_sample_30_GTGTAACTCTCCAAGA-1,0,paclitaxel
Data8_sample_30_GTGTCCTCAAGTTTGC-1,0,paclitaxel
Data8_sample_30_GTGTCCTCATGACACT-1,0,paclitaxel
Data8_sample_30_GTGTCCTGTAACAAGT-1,0,paclitaxel
Data8_sample_30_GTGTCCTGTACGCGTC-1,0,paclitaxel
Data8_sample_30_GTGTCCTGTATTCTCT-1,0,paclitaxel
Data8_sample_30_GTGTCCTGTCTGTGAT-1,0,paclitaxel
Data8_sample_30_GTGTCCTGTTGGAGGT-1,0,paclitaxel
Data8_sample_30_GTGTCCTTCCGCATAA-1,0,paclitaxel
Data8_sample_30_GTGTGATAGTACAACA-1,0,paclitaxel
Data8_sample_30_GTGTGATCACTGCTTC-1,0,paclitaxel
Data8_sample_30_GTGTGATGTAGTCACT-1,0,paclitaxel
Data8_sample_30_GTGTGATGTCGTATGT-1,0,paclitaxel
Data8_sample_30_GTGTGATTCCTGCCAT-1,0,paclitaxel
Data8_sample_30_GTGTGATTCGCGGACT-1,0,paclitaxel
Data8_sample_30_GTGTGGCCACGCACCA-1,0,paclitaxel
Data8_sample_30_GTGTGGCGTCGCATGC-1,0,paclitaxel
Data8_sample_30_GTGTGGCTCCGCAGTG-1,0,paclitaxel
Data8_sample_30_GTGTTAGCAGGGAGAG-1,0,paclitaxel
Data8_sample_30_GTGTTAGCAGTGAGCA-1,0,paclitaxel
Data8_sample_30_GTGTTAGGTCAAGCCC-1,0,paclitaxel
Data8_sample_30_GTGTTAGTCAAATAGG-1,0,paclitaxel
Data8_sample_30_GTGTTAGTCGGAGATG-1,0,paclitaxel
Data8_sample_30_GTGTTCCAGGGAGTGG-1,0,paclitaxel
Data8_sample_30_GTGTTCCCAACATACC-1,0,paclitaxel
Data8_sample_30_GTGTTCCCAGAACTTC-1,0,paclitaxel
Data8_sample_30_GTGTTCCTCCCATTTA-1,0,paclitaxel
Data8_sample_30_GTGTTCCTCCGCACTT-1,0,paclitaxel
Data8_sample_30_GTGTTCCTCGGTCTGG-1,0,paclitaxel
Data8_sample_30_GTGTTCCTCTACCTTA-1,0,paclitaxel
Data8_sample_30_GTTACAGAGTGGTTGG-1,0,paclitaxel
Data8_sample_30_GTTACAGAGTTGTCGT-1,0,paclitaxel
Data8_sample_30_GTTACAGCAGTAGAGC-1,0,paclitaxel
Data8_sample_30_GTTACAGGTGACAGCA-1,0,paclitaxel
Data8_sample_30_GTTACAGTCCCTGTTG-1,0,paclitaxel
Data8_sample_30_GTTACAGTCCTCGCAT-1,0,paclitaxel
Data8_sample_30_GTTACCCAGCGTGTTT-1,0,paclitaxel
Data8_sample_30_GTTACCCAGGTTGGTG-1,0,paclitaxel
Data8_sample_30_GTTACGAAGATCCCAT-1,0,paclitaxel
Data8_sample_30_GTTACGACAAGAGATT-1,0,paclitaxel
Data8_sample_30_GTTACGACAATGTCAC-1,0,paclitaxel
Data8_sample_30_GTTACGACATAGTCAC-1,0,paclitaxel
Data8_sample_30_GTTACGAGTAGAGATT-1,0,paclitaxel
Data8_sample_30_GTTACGATCAACCCGG-1,0,paclitaxel
Data8_sample_30_GTTACGATCCGTACGG-1,0,paclitaxel
Data8_sample_30_GTTACGATCTCTGCTG-1,0,paclitaxel
Data8_sample_30_GTTACGATCTCTTGCG-1,0,paclitaxel
Data8_sample_30_GTTAGACAGCTGAGTG-1,0,paclitaxel
Data8_sample_30_GTTAGACAGTAACAGT-1,0,paclitaxel
Data8_sample_30_GTTAGACCAGAGTCAG-1,0,paclitaxel
Data8_sample_30_GTTAGACGTCCTGTCT-1,0,paclitaxel
Data8_sample_30_GTTAGACTCATGGCCG-1,0,paclitaxel
Data8_sample_30_GTTAGTGAGTTGAATG-1,0,paclitaxel
Data8_sample_30_GTTAGTGCATCTCCCA-1,0,paclitaxel
Data8_sample_30_GTTAGTGTCCGCAAAT-1,0,paclitaxel
Data8_sample_30_GTTAGTGTCTGAGAGG-1,0,paclitaxel
Data8_sample_30_GTTATGGAGTCTGTAC-1,0,paclitaxel
Data8_sample_30_GTTATGGAGTGAGGCT-1,0,paclitaxel
Data8_sample_30_GTTATGGCAACTGGTT-1,0,paclitaxel
Data8_sample_30_GTTATGGCACTAGGCC-1,0,paclitaxel
Data8_sample_30_GTTATGGCATTGCCGG-1,0,paclitaxel
Data8_sample_30_GTTATGGGTCCTGAAT-1,0,paclitaxel
Data8_sample_30_GTTATGGTCCCTCGTA-1,0,paclitaxel
Data8_sample_30_GTTATGGTCCGTGTGG-1,0,paclitaxel
Data8_sample_30_GTTCATTAGTCACACT-1,0,paclitaxel
Data8_sample_30_GTTCATTAGTCCTACA-1,0,paclitaxel
Data8_sample_30_GTTCATTGTGCATGAG-1,0,paclitaxel
Data8_sample_30_GTTCATTTCCGTGTCT-1,0,paclitaxel
Data8_sample_30_GTTCATTTCTACCTTA-1,0,paclitaxel
Data8_sample_30_GTTCATTTCTTACCGC-1,0,paclitaxel
Data8_sample_30_GTTCCGTAGCGTTAGG-1,0,paclitaxel
Data8_sample_30_GTTCCGTAGGATAATC-1,0,paclitaxel
Data8_sample_30_GTTCCGTCAGCGACCT-1,0,paclitaxel
Data8_sample_30_GTTCCGTGTTTGCAGT-1,0,paclitaxel
Data8_sample_30_GTTCGCTAGCAGGCAT-1,0,paclitaxel
Data8_sample_30_GTTCGCTAGGAGCAAA-1,0,paclitaxel
Data8_sample_30_GTTCGCTAGGATGAGA-1,0,paclitaxel
Data8_sample_30_GTTCGCTAGGTACAGC-1,0,paclitaxel
Data8_sample_30_GTTCGCTAGGTCTACT-1,0,paclitaxel
Data8_sample_30_GTTCGCTGTGATACTC-1,0,paclitaxel
Data8_sample_30_GTTCGCTTCCACAGCG-1,0,paclitaxel
Data8_sample_30_GTTCGCTTCTGGGATT-1,0,paclitaxel
Data8_sample_30_GTTCTATAGAGTCTTC-1,0,paclitaxel
Data8_sample_30_GTTCTATAGCTCCACG-1,0,paclitaxel
Data8_sample_30_GTTCTATCATCATCTT-1,0,paclitaxel
Data8_sample_30_GTTCTATGTTGGAGGT-1,0,paclitaxel
Data8_sample_30_GTTCTATGTTGTGGAG-1,0,paclitaxel
Data8_sample_30_GTTCTATTCCGAGAAG-1,0,paclitaxel
Data8_sample_30_GTTCTATTCGGCGATC-1,0,paclitaxel
Data8_sample_30_GTTGAACCATCACAGT-1,0,paclitaxel
Data8_sample_30_GTTGAACCATCTCAAG-1,0,paclitaxel
Data8_sample_30_GTTGAACGTACATTGC-1,0,paclitaxel
Data8_sample_30_GTTGAACGTGCAAGAC-1,0,paclitaxel
Data8_sample_30_GTTGAACTCGAAACAA-1,0,paclitaxel
Data8_sample_30_GTTGAACTCGTCAAAC-1,0,paclitaxel
Data8_sample_30_GTTGCGGAGAGGTATT-1,0,paclitaxel
Data8_sample_30_GTTGCGGAGAGTCACG-1,0,paclitaxel
Data8_sample_30_GTTGCGGCACCCTCTA-1,0,paclitaxel
Data8_sample_30_GTTGCGGCACGTCGTG-1,0,paclitaxel
Data8_sample_30_GTTGCGGGTATCGCAT-1,0,paclitaxel
Data8_sample_30_GTTGCGGGTCTCAAGT-1,0,paclitaxel
Data8_sample_30_GTTGCGGGTTAGGCCC-1,0,paclitaxel
Data8_sample_30_GTTGCGGTCCATGCAA-1,0,paclitaxel
Data8_sample_30_GTTGCTCAGACATAGT-1,0,paclitaxel
Data8_sample_30_GTTGCTCAGAGTCGAC-1,0,paclitaxel
Data8_sample_30_GTTGCTCAGGTAGCAC-1,0,paclitaxel
Data8_sample_30_GTTGCTCCAAGTTGGG-1,0,paclitaxel
Data8_sample_30_GTTGCTCCATAGACTC-1,0,paclitaxel
Data8_sample_30_GTTGTAGAGTCCCAAT-1,0,paclitaxel
Data8_sample_30_GTTGTAGTCAACCCGG-1,0,paclitaxel
Data8_sample_30_GTTGTAGTCCGTACGG-1,0,paclitaxel
Data8_sample_30_GTTGTAGTCCGTGGCA-1,0,paclitaxel
Data8_sample_30_GTTGTCCAGAGAATCT-1,0,paclitaxel
Data8_sample_30_GTTGTCCAGTATGAGT-1,0,paclitaxel
Data8_sample_30_GTTGTCCCACACCAGC-1,0,paclitaxel
Data8_sample_30_GTTGTGAAGCGCCGTT-1,0,paclitaxel
Data8_sample_30_GTTGTGAGTACAATAG-1,0,paclitaxel
Data8_sample_30_GTTGTGAGTTGACTAC-1,0,paclitaxel
Data8_sample_30_GTTGTGATCTTTACAC-1,0,paclitaxel
Data8_sample_30_GTTTACTAGGTTCAGG-1,0,paclitaxel
Data8_sample_30_GTTTACTCAATAGTAG-1,0,paclitaxel
Data8_sample_30_GTTTACTGTTGTAAAG-1,0,paclitaxel
Data8_sample_30_GTTTACTTCGAACCTA-1,0,paclitaxel
Data8_sample_30_GTTTGGAAGATCCGAG-1,0,paclitaxel
Data8_sample_30_GTTTGGAGTCGTTTCC-1,0,paclitaxel
Data8_sample_30_GTTTGGATCCTCTAAT-1,0,paclitaxel
Data8_sample_30_GTTTGGATCGCGAAGA-1,0,paclitaxel
Data8_sample_30_TAACACGCATGTGGCC-1,0,paclitaxel
Data8_sample_30_TAACACGGTCAAAGAT-1,0,paclitaxel
Data8_sample_30_TAACACGGTTTCGTTT-1,0,paclitaxel
Data8_sample_30_TAACCAGTCTGGGCAC-1,0,paclitaxel
Data8_sample_30_TAACGACAGGACTTCT-1,0,paclitaxel
Data8_sample_30_TAACGACTCAATCTTC-1,0,paclitaxel
Data8_sample_30_TAACGACTCACACCGG-1,0,paclitaxel
Data8_sample_30_TAACGACTCGAACACT-1,0,paclitaxel
Data8_sample_30_TAACGACTCGAACCTA-1,0,paclitaxel
Data8_sample_30_TAACTTCCACTGTTCC-1,0,paclitaxel
Data8_sample_30_TAACTTCGTGTATCCA-1,0,paclitaxel
Data8_sample_30_TAACTTCTCAGACCCG-1,0,paclitaxel
Data8_sample_30_TAACTTCTCCTGCTAC-1,0,paclitaxel
Data8_sample_30_TAAGCACAGTATAGGT-1,0,paclitaxel
Data8_sample_30_TAAGCACCAGTGACCC-1,0,paclitaxel
Data8_sample_30_TAAGCACCATAGCTGT-1,0,paclitaxel
Data8_sample_30_TAAGCACCATGAAGGC-1,0,paclitaxel
Data8_sample_30_TAAGCACTCGACACCG-1,0,paclitaxel
Data8_sample_30_TAAGCACTCTTCCCAG-1,0,paclitaxel
Data8_sample_30_TAAGCCACACAATGCT-1,0,paclitaxel
Data8_sample_30_TAAGCCACATAATGCC-1,0,paclitaxel
Data8_sample_30_TAAGCCAGTCACGACC-1,0,paclitaxel
Data8_sample_30_TAAGCCATCATTTCCA-1,0,paclitaxel
Data8_sample_30_TAAGCCATCCACTAGA-1,0,paclitaxel
Data8_sample_30_TAAGCCATCTGGGCGT-1,0,paclitaxel
Data8_sample_30_TAAGCGTAGGGTGAGG-1,0,paclitaxel
Data8_sample_30_TAAGCGTCAAATGCGG-1,0,paclitaxel
Data8_sample_30_TAAGCGTCATCGATGT-1,0,paclitaxel
Data8_sample_30_TAAGCGTGTCCCAAAT-1,0,paclitaxel
Data8_sample_30_TAAGCGTGTGTTCGAT-1,0,paclitaxel
Data8_sample_30_TAAGCGTTCAAGAGTA-1,0,paclitaxel
Data8_sample_30_TAAGCGTTCGTGTTCC-1,0,paclitaxel
Data8_sample_30_TAAGTCGCAACGGTAG-1,0,paclitaxel
Data8_sample_30_TAAGTCGGTAGTGATA-1,0,paclitaxel
Data8_sample_30_TAAGTCGTCATGGATC-1,0,paclitaxel
Data8_sample_30_TAATCTCAGCCTGGAA-1,0,paclitaxel
Data8_sample_30_TAATCTCAGGAGCAAA-1,0,paclitaxel
Data8_sample_30_TAATCTCAGGCCTAGA-1,0,paclitaxel
Data8_sample_30_TAATCTCAGTCCGCGT-1,0,paclitaxel
Data8_sample_30_TAATCTCAGTTGTAGA-1,0,paclitaxel
Data8_sample_30_TAATCTCAGTTTGGCT-1,0,paclitaxel
Data8_sample_30_TAATCTCCAACGATCT-1,0,paclitaxel
Data8_sample_30_TAATCTCCACGGCTAC-1,0,paclitaxel
Data8_sample_30_TAATCTCCAGACGGAT-1,0,paclitaxel
Data8_sample_30_TAATCTCTCTTCTGTA-1,0,paclitaxel
Data8_sample_30_TAATTCCTCTACACTT-1,0,paclitaxel
Data8_sample_30_TAATTCCTCTGTGTGA-1,0,paclitaxel
Data8_sample_30_TAATTCCTCTTCTAAC-1,0,paclitaxel
Data8_sample_30_TACAACGCAGAGAATT-1,0,paclitaxel
Data8_sample_30_TACAACGCAGCAGATG-1,0,paclitaxel
Data8_sample_30_TACAACGCATGTTTGG-1,0,paclitaxel
Data8_sample_30_TACAACGGTCGACTTA-1,0,paclitaxel
Data8_sample_30_TACAACGTCGCAGTCG-1,0,paclitaxel
Data8_sample_30_TACACCCAGACCCTTA-1,0,paclitaxel
Data8_sample_30_TACACCCAGACGACTG-1,0,paclitaxel
Data8_sample_30_TACACCCAGGGCAACT-1,0,paclitaxel
Data8_sample_30_TACACCCAGTCTTGGT-1,0,paclitaxel
Data8_sample_30_TACACCCCAAGTGTCT-1,0,paclitaxel
Data8_sample_30_TACACCCGTACCCGAC-1,0,paclitaxel
Data8_sample_30_TACACCCGTATTGAGA-1,0,paclitaxel
Data8_sample_30_TACAGGTAGGCAGGGA-1,0,paclitaxel
Data8_sample_30_TACAGGTCAGCACAGA-1,0,paclitaxel
Data8_sample_30_TACAGGTCATCCAACA-1,0,paclitaxel
Data8_sample_30_TACAGGTGTTCGAGCC-1,0,paclitaxel
Data8_sample_30_TACAGGTTCTATTGTC-1,0,paclitaxel
Data8_sample_30_TACATTCAGATAGTGT-1,0,paclitaxel
Data8_sample_30_TACATTCCACTTGACA-1,0,paclitaxel
Data8_sample_30_TACATTCCAGACCGCT-1,0,paclitaxel
Data8_sample_30_TACATTCCATGCAGGA-1,0,paclitaxel
Data8_sample_30_TACATTCGTATTAAGG-1,0,paclitaxel
Data8_sample_30_TACCCACAGAAGATCT-1,0,paclitaxel
Data8_sample_30_TACCCACAGATCGCCC-1,0,paclitaxel
Data8_sample_30_TACCCACAGGGTTAGC-1,0,paclitaxel
Data8_sample_30_TACCCACCATGACGTT-1,0,paclitaxel
Data8_sample_30_TACCCACGTGAGTTTC-1,0,paclitaxel
Data8_sample_30_TACCCACGTTGGATCT-1,0,paclitaxel
Data8_sample_30_TACCCACTCGAGAAGC-1,0,paclitaxel
Data8_sample_30_TACCCACTCTGCTGAA-1,0,paclitaxel
Data8_sample_30_TACCCGTAGCGTATAA-1,0,paclitaxel
Data8_sample_30_TACCCGTCACAATGTC-1,0,paclitaxel
Data8_sample_30_TACCCGTCAGTGGGTA-1,0,paclitaxel
Data8_sample_30_TACCCGTCATGGGTCC-1,0,paclitaxel
Data8_sample_30_TACCCGTGTATCGCTA-1,0,paclitaxel
Data8_sample_30_TACCCGTTCCATCAGA-1,0,paclitaxel
Data8_sample_30_TACCGAAAGAGCCATG-1,0,paclitaxel
Data8_sample_30_TACCGAAAGGTCATAA-1,0,paclitaxel
Data8_sample_30_TACCGAAAGTAGCTCT-1,0,paclitaxel
Data8_sample_30_TACCGAAGTCTCGCGA-1,0,paclitaxel
Data8_sample_30_TACCGAAGTCTTGGTA-1,0,paclitaxel
Data8_sample_30_TACCGAAGTCTTTATC-1,0,paclitaxel
Data8_sample_30_TACCGAAGTGAACCGA-1,0,paclitaxel
Data8_sample_30_TACCGGGAGCAGATAT-1,0,paclitaxel
Data8_sample_30_TACCGGGAGGCACAAC-1,0,paclitaxel
Data8_sample_30_TACCGGGTCTGGACTA-1,0,paclitaxel
Data8_sample_30_TACCTCGAGGTTACCT-1,0,paclitaxel
Data8_sample_30_TACCTCGGTAATGCTC-1,0,paclitaxel
Data8_sample_30_TACCTCGGTCAAACGG-1,0,paclitaxel
Data8_sample_30_TACCTCGTCCTACACC-1,0,paclitaxel
Data8_sample_30_TACCTGCAGACGTCCC-1,0,paclitaxel
Data8_sample_30_TACCTGCAGCATTTCG-1,0,paclitaxel
Data8_sample_30_TACCTGCTCCTGGTCT-1,0,paclitaxel
Data8_sample_30_TACCTGCTCTTCGTAT-1,0,paclitaxel
Data8_sample_30_TACGCTCCATGGAATA-1,0,paclitaxel
Data8_sample_30_TACGCTCGTCCTACGG-1,0,paclitaxel
Data8_sample_30_TACGCTCGTGAGATCG-1,0,paclitaxel
Data8_sample_30_TACGCTCTCTACCAGA-1,0,paclitaxel
Data8_sample_30_TACGGGCCAAATACAG-1,0,paclitaxel
Data8_sample_30_TACGGGCGTTGCCGAC-1,0,paclitaxel
Data8_sample_30_TACGGGCTCAACCCGG-1,0,paclitaxel
Data8_sample_30_TACGGGCTCTGCTTTA-1,0,paclitaxel
Data8_sample_30_TACGGTAAGTGCGTCC-1,0,paclitaxel
Data8_sample_30_TACGGTACAAACAGGC-1,0,paclitaxel
Data8_sample_30_TACGGTAGTGGAGGTT-1,0,paclitaxel
Data8_sample_30_TACGGTAGTTCTCCAC-1,0,paclitaxel
Data8_sample_30_TACGGTATCGCTGATA-1,0,paclitaxel
Data8_sample_30_TACGGTATCGGCTTCT-1,0,paclitaxel
Data8_sample_30_TACGTCCCATACTTTC-1,0,paclitaxel
Data8_sample_30_TACGTCCCATGAAGCG-1,0,paclitaxel
Data8_sample_30_TACGTCCGTTACTCAG-1,0,paclitaxel
Data8_sample_30_TACGTCCTCTTTGGAG-1,0,paclitaxel
Data8_sample_30_TACTGCCAGACGAAGA-1,0,paclitaxel
Data8_sample_30_TACTGCCAGCATCTTG-1,0,paclitaxel
Data8_sample_30_TACTGCCCAGTCGAGA-1,0,paclitaxel
Data8_sample_30_TACTGCCGTACGATCT-1,0,paclitaxel
Data8_sample_30_TACTGCCGTCACGCTG-1,0,paclitaxel
Data8_sample_30_TACTGCCGTGTCCTAA-1,0,paclitaxel
Data8_sample_30_TACTGCCTCACCCATC-1,0,paclitaxel
Data8_sample_30_TACTGCCTCGCAAGAG-1,0,paclitaxel
Data8_sample_30_TACTGCCTCGGCTTCT-1,0,paclitaxel
Data8_sample_30_TACTTACAGGAGTCTG-1,0,paclitaxel
Data8_sample_30_TACTTACCATAGCTGT-1,0,paclitaxel
Data8_sample_30_TACTTACTCCACATAG-1,0,paclitaxel
Data8_sample_30_TACTTACTCCGTCCTA-1,0,paclitaxel
Data8_sample_30_TACTTCACACATCATG-1,0,paclitaxel
Data8_sample_30_TACTTCAGTGGAAGTC-1,0,paclitaxel
Data8_sample_30_TACTTCATCCCGTGAG-1,0,paclitaxel
Data8_sample_30_TACTTCATCGCCAGTG-1,0,paclitaxel
Data8_sample_30_TACTTCATCTGCATAG-1,0,paclitaxel
Data8_sample_30_TACTTGTAGGCAGCTA-1,0,paclitaxel
Data8_sample_30_TACTTGTCAAGGCGTA-1,0,paclitaxel
Data8_sample_30_TACTTGTCATGTGGTT-1,0,paclitaxel
Data8_sample_30_TACTTGTGTACCCAGC-1,0,paclitaxel
Data8_sample_30_TACTTGTGTTCACCGG-1,0,paclitaxel
Data8_sample_30_TACTTGTTCCGGTTCT-1,0,paclitaxel
Data8_sample_30_TAGACCAAGACGCCCT-1,0,paclitaxel
Data8_sample_30_TAGACCACAACGGCCT-1,0,paclitaxel
Data8_sample_30_TAGACCACACTTTATC-1,0,paclitaxel
Data8_sample_30_TAGACCACAGTTTGGT-1,0,paclitaxel
Data8_sample_30_TAGACTGAGTCAGCGA-1,0,paclitaxel
Data8_sample_30_TAGACTGCATCCTCAC-1,0,paclitaxel
Data8_sample_30_TAGACTGTCTCAAAGC-1,0,paclitaxel
Data8_sample_30_TAGACTGTCTCATTAC-1,0,paclitaxel
Data8_sample_30_TAGAGTCCAATCCTAG-1,0,paclitaxel
Data8_sample_30_TAGAGTCGTACCTATG-1,0,paclitaxel
Data8_sample_30_TAGAGTCGTTAGAAGT-1,0,paclitaxel
Data8_sample_30_TAGAGTCTCAAACGAA-1,0,paclitaxel
Data8_sample_30_TAGATCGAGCGCCATC-1,0,paclitaxel
Data8_sample_30_TAGATCGAGCGGGTTA-1,0,paclitaxel
Data8_sample_30_TAGATCGAGGAACGAA-1,0,paclitaxel
Data8_sample_30_TAGATCGAGTCAGAGC-1,0,paclitaxel
Data8_sample_30_TAGATCGAGTTGCCCG-1,0,paclitaxel
Data8_sample_30_TAGATCGCACCTAAAC-1,0,paclitaxel
Data8_sample_30_TAGATCGCAGCTCATA-1,0,paclitaxel
Data8_sample_30_TAGATCGGTCTAGGCC-1,0,paclitaxel
Data8_sample_30_TAGATCGGTGGTCTGC-1,0,paclitaxel
Data8_sample_30_TAGCACACACCACATA-1,0,paclitaxel
Data8_sample_30_TAGCACACATTGCCTC-1,0,paclitaxel
Data8_sample_30_TAGCACATCCGGCAAC-1,0,paclitaxel
Data8_sample_30_TAGGAGGAGATTACCC-1,0,paclitaxel
Data8_sample_30_TAGGAGGAGCACTAGG-1,0,paclitaxel
Data8_sample_30_TAGGAGGAGGTCGTAG-1,0,paclitaxel
Data8_sample_30_TAGGAGGCATGTGGTT-1,0,paclitaxel
Data8_sample_30_TAGGAGGGTATTGCCA-1,0,paclitaxel
Data8_sample_30_TAGGAGGTCAGGGATG-1,0,paclitaxel
Data8_sample_30_TAGGAGGTCGAGCTGC-1,0,paclitaxel
Data8_sample_30_TAGGGTTAGCGACTAG-1,0,paclitaxel
Data8_sample_30_TAGGGTTCAATAGGAT-1,0,paclitaxel
Data8_sample_30_TAGGGTTGTCGGAACA-1,0,paclitaxel
Data8_sample_30_TAGGGTTGTGTCATGT-1,0,paclitaxel
Data8_sample_30_TAGGGTTTCCGTTGAA-1,0,paclitaxel
Data8_sample_30_TAGGTACAGCACTCCG-1,0,paclitaxel
Data8_sample_30_TAGGTACAGTAGTCCT-1,0,paclitaxel
Data8_sample_30_TAGGTACGTACCTAGT-1,0,paclitaxel
Data8_sample_30_TAGGTACGTTCGAGCC-1,0,paclitaxel
Data8_sample_30_TAGGTACGTTGGGAAC-1,0,paclitaxel
Data8_sample_30_TAGGTACTCATAGCAC-1,0,paclitaxel
Data8_sample_30_TAGGTTGAGAGCCTGA-1,0,paclitaxel
Data8_sample_30_TAGGTTGCATGTTCGA-1,0,paclitaxel
Data8_sample_30_TAGGTTGGTATCGATC-1,0,paclitaxel
Data8_sample_30_TAGGTTGGTCAATGGG-1,0,paclitaxel
Data8_sample_30_TAGGTTGGTCTGCCTT-1,0,paclitaxel
Data8_sample_30_TAGGTTGGTGCCTACG-1,0,paclitaxel
Data8_sample_30_TAGGTTGTCGCCTTGT-1,0,paclitaxel
Data8_sample_30_TAGGTTGTCGGACAAG-1,0,paclitaxel
Data8_sample_30_TAGTGCAAGCTGGCCT-1,0,paclitaxel
Data8_sample_30_TAGTGCAAGGGTACAC-1,0,paclitaxel
Data8_sample_30_TAGTGCACAAGCTGTT-1,0,paclitaxel
Data8_sample_30_TAGTGCACAGACCTAT-1,0,paclitaxel
Data8_sample_30_TAGTGCATCCAGCCTT-1,0,paclitaxel
Data8_sample_30_TAGTGCATCGCATGAT-1,0,paclitaxel
Data8_sample_30_TAGTGCATCGTGTCAA-1,0,paclitaxel
Data8_sample_30_TATACCTAGCGGGTAT-1,0,paclitaxel
Data8_sample_30_TATACCTAGTCATCGT-1,0,paclitaxel
Data8_sample_30_TATACCTCAACGTAAA-1,0,paclitaxel
Data8_sample_30_TATACCTGTATGACAA-1,0,paclitaxel
Data8_sample_30_TATACCTGTCAAGGCA-1,0,paclitaxel
Data8_sample_30_TATACCTTCAGTGATC-1,0,paclitaxel
Data8_sample_30_TATACCTTCGTTACCC-1,0,paclitaxel
Data8_sample_30_TATACCTTCTATCGTT-1,0,paclitaxel
Data8_sample_30_TATATCCCAAAGACTA-1,0,paclitaxel
Data8_sample_30_TATATCCCATCGATGT-1,0,paclitaxel
Data8_sample_30_TATATCCGTCCAAGAG-1,0,paclitaxel
Data8_sample_30_TATATCCGTGTGCTTA-1,0,paclitaxel
Data8_sample_30_TATATCCTCACCTACC-1,0,paclitaxel
Data8_sample_30_TATATCCTCCCGATCT-1,0,paclitaxel
Data8_sample_30_TATATCCTCGCAGAGA-1,0,paclitaxel
Data8_sample_30_TATATCCTCTACGGGC-1,0,paclitaxel
Data8_sample_30_TATCAGGAGGACACTG-1,0,paclitaxel
Data8_sample_30_TATCAGGGTCTTACAG-1,0,paclitaxel
Data8_sample_30_TATCAGGTCGCCATAA-1,0,paclitaxel
Data8_sample_30_TATCAGGTCGCGGACT-1,0,paclitaxel
Data8_sample_30_TATCAGGTCGTAGAGG-1,0,paclitaxel
Data8_sample_30_TATCCTAAGGCTTAAA-1,0,paclitaxel
Data8_sample_30_TATCCTACACATTACG-1,0,paclitaxel
Data8_sample_30_TATCCTATCACCCTGT-1,0,paclitaxel
Data8_sample_30_TATCCTATCTCGAGTA-1,0,paclitaxel
Data8_sample_30_TATCGCCAGAGGCCAT-1,0,paclitaxel
Data8_sample_30_TATCGCCAGCACTGGA-1,0,paclitaxel
Data8_sample_30_TATCGCCAGCGTCTCG-1,0,paclitaxel
Data8_sample_30_TATCGCCAGCTACTGT-1,0,paclitaxel
Data8_sample_30_TATCGCCCACCGTGAC-1,0,paclitaxel
Data8_sample_30_TATCGCCCATTATGCG-1,0,paclitaxel
Data8_sample_30_TATCGCCGTCGGTAAG-1,0,paclitaxel
Data8_sample_30_TATCGCCGTGCCCAGT-1,0,paclitaxel
Data8_sample_30_TATCGCCGTGCCTTCT-1,0,paclitaxel
Data8_sample_30_TATCGCCTCACCCTTG-1,0,paclitaxel
Data8_sample_30_TATCGCCTCGTCTACC-1,0,paclitaxel
Data8_sample_30_TATCTGTCAGAGTTGG-1,0,paclitaxel
Data8_sample_30_TATCTGTGTACCCAGC-1,0,paclitaxel
Data8_sample_30_TATCTGTTCATTGCCC-1,0,paclitaxel
Data8_sample_30_TATCTTGCATCGCTCT-1,0,paclitaxel
Data8_sample_30_TATCTTGTCCTTGGAA-1,0,paclitaxel
Data8_sample_30_TATCTTGTCGACATAC-1,0,paclitaxel
Data8_sample_30_TATCTTGTCGCGATCG-1,0,paclitaxel
Data8_sample_30_TATGTTCAGAGCAAGA-1,0,paclitaxel
Data8_sample_30_TATGTTCAGATGATTG-1,0,paclitaxel
Data8_sample_30_TATGTTCAGCACACCC-1,0,paclitaxel
Data8_sample_30_TATGTTCCAATGAGCG-1,0,paclitaxel
Data8_sample_30_TATGTTCGTCTACACA-1,0,paclitaxel
Data8_sample_30_TATGTTCGTGATTCTG-1,0,paclitaxel
Data8_sample_30_TATGTTCTCACTGCTC-1,0,paclitaxel
Data8_sample_30_TATGTTCTCAGAGCGA-1,0,paclitaxel
Data8_sample_30_TATGTTCTCATTGTTC-1,0,paclitaxel
Data8_sample_30_TATTCCAAGCAGGGAG-1,0,paclitaxel
Data8_sample_30_TATTCCAAGCTCGTGC-1,0,paclitaxel
Data8_sample_30_TATTCCACATATACCG-1,0,paclitaxel
Data8_sample_30_TATTGCTAGCTGTGCC-1,0,paclitaxel
Data8_sample_30_TATTGCTTCAAGGAGC-1,0,paclitaxel
Data8_sample_30_TATTGGGCAAGAGAGA-1,0,paclitaxel
Data8_sample_30_TATTGGGCAAGCCTGC-1,0,paclitaxel
Data8_sample_30_TATTGGGCATACAGAA-1,0,paclitaxel
Data8_sample_30_TATTGGGGTACAAAGT-1,0,paclitaxel
Data8_sample_30_TATTTCGAGGTAGTCG-1,0,paclitaxel
Data8_sample_30_TATTTCGAGGTCGCCT-1,0,paclitaxel
Data8_sample_30_TATTTCGCAAATCGTC-1,0,paclitaxel
Data8_sample_30_TATTTCGCAAGACCTT-1,0,paclitaxel
Data8_sample_30_TATTTCGCAATTCTCT-1,0,paclitaxel
Data8_sample_30_TATTTCGCAGTAGTGG-1,0,paclitaxel
Data8_sample_30_TATTTCGCATTCTGTT-1,0,paclitaxel
Data8_sample_30_TATTTCGGTCCATCTC-1,0,paclitaxel
Data8_sample_30_TATTTCGTCAGACCCG-1,0,paclitaxel
Data8_sample_30_TATTTCGTCGAAGGAC-1,0,paclitaxel
Data8_sample_30_TATTTCGTCTCTGCCA-1,0,paclitaxel
Data8_sample_30_TCAAGACTCCCTTGGT-1,0,paclitaxel
Data8_sample_30_TCAAGACTCCTACCGT-1,0,paclitaxel
Data8_sample_30_TCAAGCAAGCATGCAG-1,0,paclitaxel
Data8_sample_30_TCAAGCACACTGCTTC-1,0,paclitaxel
Data8_sample_30_TCAAGCATCGCCACTT-1,0,paclitaxel
Data8_sample_30_TCAAGCATCTCCTACG-1,0,paclitaxel
Data8_sample_30_TCAAGTGAGCCTGCCA-1,0,paclitaxel
Data8_sample_30_TCAAGTGAGCTCCCTT-1,0,paclitaxel
Data8_sample_30_TCAAGTGAGGGTGAAA-1,0,paclitaxel
Data8_sample_30_TCAAGTGAGGTTAGTA-1,0,paclitaxel
Data8_sample_30_TCAAGTGAGTTACGGG-1,0,paclitaxel
Data8_sample_30_TCAAGTGGTCATCCCT-1,0,paclitaxel
Data8_sample_30_TCAAGTGGTGTGCCTG-1,0,paclitaxel
Data8_sample_30_TCAAGTGTCATTTACC-1,0,paclitaxel
Data8_sample_30_TCAATCTAGATCCCGC-1,0,paclitaxel
Data8_sample_30_TCAATCTAGTAAGGGA-1,0,paclitaxel
Data8_sample_30_TCAATCTCATCCTGTC-1,0,paclitaxel
Data8_sample_30_TCAATCTGTGCATCTA-1,0,paclitaxel
Data8_sample_30_TCAATCTGTGTACGCC-1,0,paclitaxel
Data8_sample_30_TCAATCTGTGTTTACG-1,0,paclitaxel
Data8_sample_30_TCAATCTGTTTACGTG-1,0,paclitaxel
Data8_sample_30_TCAATTCAGCGCCTAC-1,0,paclitaxel
Data8_sample_30_TCAATTCCAGGGTTGA-1,0,paclitaxel
Data8_sample_30_TCAATTCCATTGACTG-1,0,paclitaxel
Data8_sample_30_TCAATTCGTAGATCGG-1,0,paclitaxel
Data8_sample_30_TCAATTCGTCGTGTTA-1,0,paclitaxel
Data8_sample_30_TCAATTCTCCGACAGC-1,0,paclitaxel
Data8_sample_30_TCACAAGAGGAACATT-1,0,paclitaxel
Data8_sample_30_TCACAAGAGTAACCGG-1,0,paclitaxel
Data8_sample_30_TCACAAGAGTATTAGG-1,0,paclitaxel
Data8_sample_30_TCACAAGAGTCGTTAC-1,0,paclitaxel
Data8_sample_30_TCACAAGCACTGTCCT-1,0,paclitaxel
Data8_sample_30_TCACAAGCAGAACTCT-1,0,paclitaxel
Data8_sample_30_TCACAAGCAGGCTTGC-1,0,paclitaxel
Data8_sample_30_TCACAAGGTAGTACGG-1,0,paclitaxel
Data8_sample_30_TCACAAGGTTAGTCGT-1,0,paclitaxel
Data8_sample_30_TCACAAGTCACCACAA-1,0,paclitaxel
Data8_sample_30_TCACAAGTCCGGCAAC-1,0,paclitaxel
Data8_sample_30_TCACAAGTCGCCAGTG-1,0,paclitaxel
Data8_sample_30_TCACAAGTCTAGATCG-1,0,paclitaxel
Data8_sample_30_TCACAAGTCTAGCCAA-1,0,paclitaxel
Data8_sample_30_TCACACCAGGAGCTGT-1,0,paclitaxel
Data8_sample_30_TCACACCAGTCTGGTT-1,0,paclitaxel
Data8_sample_30_TCACACCGTCATACCA-1,0,paclitaxel
Data8_sample_30_TCACACCTCCCATTTA-1,0,paclitaxel
Data8_sample_30_TCACACCTCCTACGAA-1,0,paclitaxel
Data8_sample_30_TCACATTAGGTACAGC-1,0,paclitaxel
Data8_sample_30_TCACATTCAACGCATT-1,0,paclitaxel
Data8_sample_30_TCACATTGTAAGCAAT-1,0,paclitaxel
Data8_sample_30_TCACATTGTCGCCTAG-1,0,paclitaxel
Data8_sample_30_TCACATTGTTGCGAAG-1,0,paclitaxel
Data8_sample_30_TCACATTTCTTGATTC-1,0,paclitaxel
Data8_sample_30_TCACGCTAGCTGGCTC-1,0,paclitaxel
Data8_sample_30_TCACGCTCACTAGTAC-1,0,paclitaxel
Data8_sample_30_TCACGCTCACTCCGAG-1,0,paclitaxel
Data8_sample_30_TCACGCTGTCGTATTG-1,0,paclitaxel
Data8_sample_30_TCACGCTGTTGTGCAT-1,0,paclitaxel
Data8_sample_30_TCACGGGAGCAGCAGT-1,0,paclitaxel
Data8_sample_30_TCACGGGAGTGAGTGC-1,0,paclitaxel
Data8_sample_30_TCACGGGAGTGCCTCG-1,0,paclitaxel
Data8_sample_30_TCACGGGCAAGTAGTA-1,0,paclitaxel
Data8_sample_30_TCACGGGCATTCACCC-1,0,paclitaxel
Data8_sample_30_TCACGGGGTCCTTTGC-1,0,paclitaxel
Data8_sample_30_TCACGGGTCTGCGTCT-1,0,paclitaxel
Data8_sample_30_TCACTATAGATGGTAT-1,0,paclitaxel
Data8_sample_30_TCACTATAGGCCTAGA-1,0,paclitaxel
Data8_sample_30_TCACTATCATAACTCG-1,0,paclitaxel
Data8_sample_30_TCACTATGTCGCATGC-1,0,paclitaxel
Data8_sample_30_TCACTATTCTACCAGA-1,0,paclitaxel
Data8_sample_30_TCACTATTCTGTACAG-1,0,paclitaxel
Data8_sample_30_TCACTCGAGCAAACAT-1,0,paclitaxel
Data8_sample_30_TCACTCGTCAGGAGAC-1,0,paclitaxel
Data8_sample_30_TCACTCGTCCTCTCTT-1,0,paclitaxel
Data8_sample_30_TCACTCGTCGATCCAA-1,0,paclitaxel
Data8_sample_30_TCAGCAACAACTTCTT-1,0,paclitaxel
Data8_sample_30_TCAGCAACACATGAAA-1,0,paclitaxel
Data8_sample_30_TCAGCAACAGTGGCTC-1,0,paclitaxel
Data8_sample_30_TCAGCAAGTCTTCAAG-1,0,paclitaxel
Data8_sample_30_TCAGCAATCACCCATC-1,0,paclitaxel
Data8_sample_30_TCAGCAATCTGGCCGA-1,0,paclitaxel
Data8_sample_30_TCAGCCTAGCCGGATA-1,0,paclitaxel
Data8_sample_30_TCAGCCTAGCGCCGTT-1,0,paclitaxel
Data8_sample_30_TCAGCCTAGCTGTACT-1,0,paclitaxel
Data8_sample_30_TCAGCCTAGTCAGCCC-1,0,paclitaxel
Data8_sample_30_TCAGCCTAGTGTTCCA-1,0,paclitaxel
Data8_sample_30_TCAGCCTCAGGGTTGA-1,0,paclitaxel
Data8_sample_30_TCAGCCTCAGTCGAGA-1,0,paclitaxel
Data8_sample_30_TCAGCCTCATCCCGTT-1,0,paclitaxel
Data8_sample_30_TCAGGGCAGAAGCCAC-1,0,paclitaxel
Data8_sample_30_TCAGGGCAGCTACAAA-1,0,paclitaxel
Data8_sample_30_TCAGGGCGTAGCTGTT-1,0,paclitaxel
Data8_sample_30_TCAGGGCGTAGTCACT-1,0,paclitaxel
Data8_sample_30_TCAGGGCTCGATAACC-1,0,paclitaxel
Data8_sample_30_TCAGGGCTCTGTCCGT-1,0,paclitaxel
Data8_sample_30_TCAGGTAAGTTCTCTT-1,0,paclitaxel
Data8_sample_30_TCAGGTACACCGGAAA-1,0,paclitaxel
Data8_sample_30_TCAGGTACATCATGAC-1,0,paclitaxel
Data8_sample_30_TCAGGTAGTATGTCTG-1,0,paclitaxel
Data8_sample_30_TCAGTCCAGCAACAAT-1,0,paclitaxel
Data8_sample_30_TCAGTCCAGCAGCCCT-1,0,paclitaxel
Data8_sample_30_TCAGTCCAGCTGTCCG-1,0,paclitaxel
Data8_sample_30_TCAGTCCCAAAGCGTG-1,0,paclitaxel
Data8_sample_30_TCAGTCCCACCGTGCA-1,0,paclitaxel
Data8_sample_30_TCAGTCCCATTGCTGA-1,0,paclitaxel
Data8_sample_30_TCAGTCCGTCACCCTT-1,0,paclitaxel
Data8_sample_30_TCAGTCCGTCCCAAAT-1,0,paclitaxel
Data8_sample_30_TCAGTCCTCATGAGGG-1,0,paclitaxel
Data8_sample_30_TCAGTCCTCGAAGAAT-1,0,paclitaxel
Data8_sample_30_TCAGTGAAGGACAGCT-1,0,paclitaxel
Data8_sample_30_TCAGTGACAGTCAGTT-1,0,paclitaxel
Data8_sample_30_TCAGTGAGTCCTCCAT-1,0,paclitaxel
Data8_sample_30_TCAGTGAGTTCCGCAG-1,0,paclitaxel
Data8_sample_30_TCAGTGATCATATGGC-1,0,paclitaxel
Data8_sample_30_TCAGTGATCTGAGGCC-1,0,paclitaxel
Data8_sample_30_TCAGTTTGTATCGTAC-1,0,paclitaxel
Data8_sample_30_TCAGTTTGTCCAAGAG-1,0,paclitaxel
Data8_sample_30_TCAGTTTGTCGAACGA-1,0,paclitaxel
Data8_sample_30_TCAGTTTGTTGAGTCT-1,0,paclitaxel
Data8_sample_30_TCAGTTTTCCACATAG-1,0,paclitaxel
Data8_sample_30_TCAGTTTTCCGAGCTG-1,0,paclitaxel
Data8_sample_30_TCAGTTTTCGCAATGT-1,0,paclitaxel
Data8_sample_30_TCATACTAGAATCGTA-1,0,paclitaxel
Data8_sample_30_TCATACTCATCCTAAG-1,0,paclitaxel
Data8_sample_30_TCATACTGTCCGGTGT-1,0,paclitaxel
Data8_sample_30_TCATACTTCCTTCGAC-1,0,paclitaxel
Data8_sample_30_TCATACTTCGCATTGA-1,0,paclitaxel
Data8_sample_30_TCATACTTCTCATTGT-1,0,paclitaxel
Data8_sample_30_TCATATCAGAGCATTA-1,0,paclitaxel
Data8_sample_30_TCATATCCAAAGACTA-1,0,paclitaxel
Data8_sample_30_TCATATCCAACACGTT-1,0,paclitaxel
Data8_sample_30_TCATATCCAAGATCCT-1,0,paclitaxel
Data8_sample_30_TCATATCCAATCTCGA-1,0,paclitaxel
Data8_sample_30_TCATATCCACGACAAG-1,0,paclitaxel
Data8_sample_30_TCATATCGTCAAGCCC-1,0,paclitaxel
Data8_sample_30_TCATATCTCAACCGAT-1,0,paclitaxel
Data8_sample_30_TCATATCTCCGTTTCG-1,0,paclitaxel
Data8_sample_30_TCATATCTCTTCGGTC-1,0,paclitaxel
Data8_sample_30_TCATCATAGCATTGAA-1,0,paclitaxel
Data8_sample_30_TCATCATAGGCCCAAA-1,0,paclitaxel
Data8_sample_30_TCATCATAGGGCATGT-1,0,paclitaxel
Data8_sample_30_TCATCATCATCCTATT-1,0,paclitaxel
Data8_sample_30_TCATCATGTGGCACTC-1,0,paclitaxel
Data8_sample_30_TCATCATGTGTATCCA-1,0,paclitaxel
Data8_sample_30_TCATCATGTTGCTCAA-1,0,paclitaxel
Data8_sample_30_TCATCATGTTTAGTCG-1,0,paclitaxel
Data8_sample_30_TCATCCGAGTTGGGAC-1,0,paclitaxel
Data8_sample_30_TCATCCGGTCTCAGAT-1,0,paclitaxel
Data8_sample_30_TCATCCGTCTAGAACC-1,0,paclitaxel
Data8_sample_30_TCATGAGAGGAAAGTG-1,0,paclitaxel
Data8_sample_30_TCATGAGAGGCATTTC-1,0,paclitaxel
Data8_sample_30_TCATGAGCATGTTCAG-1,0,paclitaxel
Data8_sample_30_TCATGCCGTCTGGTTA-1,0,paclitaxel
Data8_sample_30_TCATGCCTCCTACACC-1,0,paclitaxel
Data8_sample_30_TCATGCCTCGAGTGAG-1,0,paclitaxel
Data8_sample_30_TCATGGAAGGGCTAAC-1,0,paclitaxel
Data8_sample_30_TCATGGAGTCTGTAAC-1,0,paclitaxel
Data8_sample_30_TCATGGATCCAACACA-1,0,paclitaxel
Data8_sample_30_TCATGTTAGTCGTTAC-1,0,paclitaxel
Data8_sample_30_TCATTACAGCGTCGAA-1,0,paclitaxel
Data8_sample_30_TCATTACCACAGTGTT-1,0,paclitaxel
Data8_sample_30_TCATTACCAGGAGACT-1,0,paclitaxel
Data8_sample_30_TCATTACCATTGAAAG-1,0,paclitaxel
Data8_sample_30_TCATTACGTAGACAAT-1,0,paclitaxel
Data8_sample_30_TCATTACTCTTGTGCC-1,0,paclitaxel
Data8_sample_30_TCATTCAAGCCGATAG-1,0,paclitaxel
Data8_sample_30_TCATTCAAGTATGACA-1,0,paclitaxel
Data8_sample_30_TCATTCACAAACTAAG-1,0,paclitaxel
Data8_sample_30_TCATTCACACTCACTC-1,0,paclitaxel
Data8_sample_30_TCATTCACAGTGTATC-1,0,paclitaxel
Data8_sample_30_TCATTCACATACACCA-1,0,paclitaxel
Data8_sample_30_TCATTCATCACATCAG-1,0,paclitaxel
Data8_sample_30_TCATTGTAGACAAGCC-1,0,paclitaxel
Data8_sample_30_TCATTGTCAATTTCCT-1,0,paclitaxel
Data8_sample_30_TCATTGTCAGCTTCCT-1,0,paclitaxel
Data8_sample_30_TCATTGTCAGGACAGT-1,0,paclitaxel
Data8_sample_30_TCATTGTGTACGCGTC-1,0,paclitaxel
Data8_sample_30_TCATTGTGTACTCCCT-1,0,paclitaxel
Data8_sample_30_TCATTGTGTATTCCTT-1,0,paclitaxel
Data8_sample_30_TCATTGTTCCCGGTAG-1,0,paclitaxel
Data8_sample_30_TCATTGTTCCGAACGC-1,0,paclitaxel
Data8_sample_30_TCATTGTTCCGTAGTA-1,0,paclitaxel
Data8_sample_30_TCATTTGCATTGACTG-1,0,paclitaxel
Data8_sample_30_TCATTTGGTCCCTCAT-1,0,paclitaxel
Data8_sample_30_TCATTTGTCCGAGTGC-1,0,paclitaxel
Data8_sample_30_TCATTTGTCCTACACC-1,0,paclitaxel
Data8_sample_30_TCCACCAAGCCTTTGA-1,0,paclitaxel
Data8_sample_30_TCCACCACATCGATGT-1,0,paclitaxel
Data8_sample_30_TCCACCAGTAGAGATT-1,0,paclitaxel
Data8_sample_30_TCCACCAGTGCTCTCT-1,0,paclitaxel
Data8_sample_30_TCCACCATCGCTACAA-1,0,paclitaxel
Data8_sample_30_TCCACGTTCGGTCACG-1,0,paclitaxel
Data8_sample_30_TCCACGTTCGTAGTGT-1,0,paclitaxel
Data8_sample_30_TCCACGTTCGTGGACC-1,0,paclitaxel
Data8_sample_30_TCCAGAAAGGGACTGT-1,0,paclitaxel
Data8_sample_30_TCCAGAAAGTAGCAAT-1,0,paclitaxel
Data8_sample_30_TCCAGAAGTGCCTTTC-1,0,paclitaxel
Data8_sample_30_TCCAGAATCTGCTCTG-1,0,paclitaxel
Data8_sample_30_TCCAGAATCTTACGTT-1,0,paclitaxel
Data8_sample_30_TCCATCGAGAGTCAGC-1,0,paclitaxel
Data8_sample_30_TCCATCGAGTAGTGCG-1,0,paclitaxel
Data8_sample_30_TCCATCGCACGACAGA-1,0,paclitaxel
Data8_sample_30_TCCATCGCACTATGTG-1,0,paclitaxel
Data8_sample_30_TCCATCGCATTGGATC-1,0,paclitaxel
Data8_sample_30_TCCATGCAGCCTCTCT-1,0,paclitaxel
Data8_sample_30_TCCATGCCATACTGAC-1,0,paclitaxel
Data8_sample_30_TCCATGCGTCACTCGG-1,0,paclitaxel
Data8_sample_30_TCCATGCGTGCCTAAT-1,0,paclitaxel
Data8_sample_30_TCCATGCGTGTGTGGA-1,0,paclitaxel
Data8_sample_30_TCCATGCGTGTTAACC-1,0,paclitaxel
Data8_sample_30_TCCATGCTCAGGAACG-1,0,paclitaxel
Data8_sample_30_TCCATGCTCCGGCTTT-1,0,paclitaxel
Data8_sample_30_TCCCACAAGCCTCACG-1,0,paclitaxel
Data8_sample_30_TCCCACAAGTCCCGGT-1,0,paclitaxel
Data8_sample_30_TCCCACACAGGCATTT-1,0,paclitaxel
Data8_sample_30_TCCCACACATTGAAAG-1,0,paclitaxel
Data8_sample_30_TCCCACAGTATGCAAA-1,0,paclitaxel
Data8_sample_30_TCCCAGTAGAAAGCGA-1,0,paclitaxel
Data8_sample_30_TCCCAGTAGCCTGAAG-1,0,paclitaxel
Data8_sample_30_TCCCAGTAGTTTAGGA-1,0,paclitaxel
Data8_sample_30_TCCCAGTCAAGGACAC-1,0,paclitaxel
Data8_sample_30_TCCCAGTCACGACGAA-1,0,paclitaxel
Data8_sample_30_TCCCAGTCATTACTCT-1,0,paclitaxel
Data8_sample_30_TCCCAGTGTAACCCGC-1,0,paclitaxel
Data8_sample_30_TCCCAGTGTATCGTGT-1,0,paclitaxel
Data8_sample_30_TCCCAGTGTCTACAAC-1,0,paclitaxel
Data8_sample_30_TCCCAGTTCGAGTGGA-1,0,paclitaxel
Data8_sample_30_TCCCAGTTCGCTAAAC-1,0,paclitaxel
Data8_sample_30_TCCCATGAGTGGTGGT-1,0,paclitaxel
Data8_sample_30_TCCCATGCAAGTGACG-1,0,paclitaxel
Data8_sample_30_TCCCATGCACAACCGC-1,0,paclitaxel
Data8_sample_30_TCCCATGGTATACCTG-1,0,paclitaxel
Data8_sample_30_TCCCATGGTGGTGATG-1,0,paclitaxel
Data8_sample_30_TCCCATGGTTGCATCA-1,0,paclitaxel
Data8_sample_30_TCCCATGTCCGAGAAG-1,0,paclitaxel
Data8_sample_30_TCCCATGTCTGATGGT-1,0,paclitaxel
Data8_sample_30_TCCGAAAAGTCGTCTA-1,0,paclitaxel
Data8_sample_30_TCCGAAAAGTCTAGCT-1,0,paclitaxel
Data8_sample_30_TCCGAAACAATGTCTG-1,0,paclitaxel
Data8_sample_30_TCCGAAACACGACCTG-1,0,paclitaxel
Data8_sample_30_TCCGAAACATGACAGG-1,0,paclitaxel
Data8_sample_30_TCCGAAATCCGACATA-1,0,paclitaxel
Data8_sample_30_TCCGATCAGGTATTGA-1,0,paclitaxel
Data8_sample_30_TCCGATCAGTCACTAC-1,0,paclitaxel
Data8_sample_30_TCCGATCCACGCGGTT-1,0,paclitaxel
Data8_sample_30_TCCGATCCAGACCCGT-1,0,paclitaxel
Data8_sample_30_TCCGATCGTCCCTCAT-1,0,paclitaxel
Data8_sample_30_TCCGATCTCGCGTGAC-1,0,paclitaxel
Data8_sample_30_TCCGGGAAGCACTCTA-1,0,paclitaxel
Data8_sample_30_TCCGGGAAGCACTTTG-1,0,paclitaxel
Data8_sample_30_TCCGGGAAGCGGTATG-1,0,paclitaxel
Data8_sample_30_TCCGGGAAGGATAATC-1,0,paclitaxel
Data8_sample_30_TCCGGGAAGTCTACCA-1,0,paclitaxel
Data8_sample_30_TCCGGGAGTAATCAGA-1,0,paclitaxel
Data8_sample_30_TCCGGGAGTCGAAACG-1,0,paclitaxel
Data8_sample_30_TCCGGGATCGGCTGTG-1,0,paclitaxel
Data8_sample_30_TCCGTGTTCCTCTCGA-1,0,paclitaxel
Data8_sample_30_TCCGTGTTCCTGGGTG-1,0,paclitaxel
Data8_sample_30_TCCTAATAGCTCAGAG-1,0,paclitaxel
Data8_sample_30_TCCTCCCCAAACTAGA-1,0,paclitaxel
Data8_sample_30_TCCTCCCCAAGAATGT-1,0,paclitaxel
Data8_sample_30_TCCTCCCCAGCGTAGA-1,0,paclitaxel
Data8_sample_30_TCCTCCCTCGTAGGAG-1,0,paclitaxel
Data8_sample_30_TCCTCCCTCTTTGATC-1,0,paclitaxel
Data8_sample_30_TCCTCGAAGGATATAC-1,0,paclitaxel
Data8_sample_30_TCCTCGAAGTCTAACC-1,0,paclitaxel
Data8_sample_30_TCCTCGACAAATGGTA-1,0,paclitaxel
Data8_sample_30_TCCTCGAGTTACTCAG-1,0,paclitaxel
Data8_sample_30_TCCTCTTCACGGTAGA-1,0,paclitaxel
Data8_sample_30_TCCTCTTCAGTATGAA-1,0,paclitaxel
Data8_sample_30_TCCTCTTGTATGTGTC-1,0,paclitaxel
Data8_sample_30_TCCTCTTGTCATCAGT-1,0,paclitaxel
Data8_sample_30_TCCTCTTGTCGTCAGC-1,0,paclitaxel
Data8_sample_30_TCCTCTTGTGTAGTGG-1,0,paclitaxel
Data8_sample_30_TCCTCTTGTGTATTGC-1,0,paclitaxel
Data8_sample_30_TCCTCTTGTTATAGCC-1,0,paclitaxel
Data8_sample_30_TCCTGCAAGAAGTGTT-1,0,paclitaxel
Data8_sample_30_TCCTGCAAGGGCCAAT-1,0,paclitaxel
Data8_sample_30_TCCTGCACAAAGGCTG-1,0,paclitaxel
Data8_sample_30_TCCTGCACAAGCTGTT-1,0,paclitaxel
Data8_sample_30_TCCTGCAGTACGCTAT-1,0,paclitaxel
Data8_sample_30_TCCTGCAGTTAAGCAA-1,0,paclitaxel
Data8_sample_30_TCCTGCATCGCAGTGC-1,0,paclitaxel
Data8_sample_30_TCCTTCTAGAGACAAG-1,0,paclitaxel
Data8_sample_30_TCCTTCTCAAACTAGA-1,0,paclitaxel
Data8_sample_30_TCCTTCTGTATGCTTG-1,0,paclitaxel
Data8_sample_30_TCCTTCTTCAATCCGA-1,0,paclitaxel
Data8_sample_30_TCCTTCTTCCTCAGAA-1,0,paclitaxel
Data8_sample_30_TCCTTTCAGACGTCCC-1,0,paclitaxel
Data8_sample_30_TCCTTTCAGAGGATCC-1,0,paclitaxel
Data8_sample_30_TCCTTTCAGTATGACA-1,0,paclitaxel
Data8_sample_30_TCCTTTCCAATTCTTC-1,0,paclitaxel
Data8_sample_30_TCCTTTCGTACCAATC-1,0,paclitaxel
Data8_sample_30_TCCTTTCGTACCCAGC-1,0,paclitaxel
Data8_sample_30_TCCTTTCGTGGCTCTG-1,0,paclitaxel
Data8_sample_30_TCCTTTCGTGTATTCG-1,0,paclitaxel
Data8_sample_30_TCCTTTCTCATGAGTC-1,0,paclitaxel
Data8_sample_30_TCGAACAAGCTGTACT-1,0,paclitaxel
Data8_sample_30_TCGAACAGTACTCGAT-1,0,paclitaxel
Data8_sample_30_TCGAACAGTATCATGC-1,0,paclitaxel
Data8_sample_30_TCGAAGTAGGGCAAGG-1,0,paclitaxel
Data8_sample_30_TCGAAGTCAATACCTG-1,0,paclitaxel
Data8_sample_30_TCGAAGTCATCACAGT-1,0,paclitaxel
Data8_sample_30_TCGAAGTTCTCCCAAC-1,0,paclitaxel
Data8_sample_30_TCGAAGTTCTTAGCTT-1,0,paclitaxel
Data8_sample_30_TCGAAGTTCTTCACGC-1,0,paclitaxel
Data8_sample_30_TCGACCTAGGACTGGT-1,0,paclitaxel
Data8_sample_30_TCGACCTCAGTGTGCC-1,0,paclitaxel
Data8_sample_30_TCGACCTGTCATACCA-1,0,paclitaxel
Data8_sample_30_TCGACCTGTGACCTGC-1,0,paclitaxel
Data8_sample_30_TCGACCTTCGCGTCGA-1,0,paclitaxel
Data8_sample_30_TCGACGGAGATTGACA-1,0,paclitaxel
Data8_sample_30_TCGACGGCAGCTGTGC-1,0,paclitaxel
Data8_sample_30_TCGACGGCATCCTTGC-1,0,paclitaxel
Data8_sample_30_TCGACGGCATCTTAGG-1,0,paclitaxel
Data8_sample_30_TCGACGGTCAACTCTT-1,0,paclitaxel
Data8_sample_30_TCGACGGTCAGGGTAG-1,0,paclitaxel
Data8_sample_30_TCGACGGTCTCACTCG-1,0,paclitaxel
Data8_sample_30_TCGATTTAGACCATTC-1,0,paclitaxel
Data8_sample_30_TCGATTTAGGTCTTTG-1,0,paclitaxel
Data8_sample_30_TCGATTTGTACTGCGC-1,0,paclitaxel
Data8_sample_30_TCGATTTGTGCGTGCT-1,0,paclitaxel
Data8_sample_30_TCGATTTTCAAAGCCT-1,0,paclitaxel
Data8_sample_30_TCGCACTAGGATACGC-1,0,paclitaxel
Data8_sample_30_TCGCACTAGGATATGT-1,0,paclitaxel
Data8_sample_30_TCGCACTAGTCTCCTC-1,0,paclitaxel
Data8_sample_30_TCGCACTCAAGTACCT-1,0,paclitaxel
Data8_sample_30_TCGCACTGTACAGTCT-1,0,paclitaxel
Data8_sample_30_TCGCACTTCAAGTAAG-1,0,paclitaxel
Data8_sample_30_TCGCACTTCAGAGCGA-1,0,paclitaxel
Data8_sample_30_TCGCAGGAGAATTGCA-1,0,paclitaxel
Data8_sample_30_TCGCAGGGTGAGTAGC-1,0,paclitaxel
Data8_sample_30_TCGCTCAAGAGGCTGT-1,0,paclitaxel
Data8_sample_30_TCGCTCAAGGATAATC-1,0,paclitaxel
Data8_sample_30_TCGCTCACAATCCTTT-1,0,paclitaxel
Data8_sample_30_TCGCTCACATCCGATA-1,0,paclitaxel
Data8_sample_30_TCGCTCATCAGGACGA-1,0,paclitaxel
Data8_sample_30_TCGCTCATCGGATACT-1,0,paclitaxel
Data8_sample_30_TCGCTTGAGCCTATCA-1,0,paclitaxel
Data8_sample_30_TCGCTTGAGGTTACCT-1,0,paclitaxel
Data8_sample_30_TCGCTTGCACGTAGAG-1,0,paclitaxel
Data8_sample_30_TCGCTTGCAGAGGGTT-1,0,paclitaxel
Data8_sample_30_TCGCTTGGTCTGTCCT-1,0,paclitaxel
Data8_sample_30_TCGCTTGTCCTTCAGC-1,0,paclitaxel
Data8_sample_30_TCGGATAAGGATGGCT-1,0,paclitaxel
Data8_sample_30_TCGGATACATGTACGT-1,0,paclitaxel
Data8_sample_30_TCGGATAGTTCTCGTC-1,0,paclitaxel
Data8_sample_30_TCGGATATCTCGAACA-1,0,paclitaxel
Data8_sample_30_TCGGGACAGGATTTAG-1,0,paclitaxel
Data8_sample_30_TCGGGACAGGCTGAAC-1,0,paclitaxel
Data8_sample_30_TCGGGACAGTCTCGTA-1,0,paclitaxel
Data8_sample_30_TCGGGACTCTCTCAAT-1,0,paclitaxel
Data8_sample_30_TCGGGCACACCAGGTC-1,0,paclitaxel
Data8_sample_30_TCGGGCACACTATCCC-1,0,paclitaxel
Data8_sample_30_TCGGGCAGTGACTGTT-1,0,paclitaxel
Data8_sample_30_TCGGGCATCATGTCAG-1,0,paclitaxel
Data8_sample_30_TCGGGTGAGATACCAA-1,0,paclitaxel
Data8_sample_30_TCGGGTGAGCCTATCA-1,0,paclitaxel
Data8_sample_30_TCGGGTGAGCGAGAAA-1,0,paclitaxel
Data8_sample_30_TCGGGTGAGGCGTTGA-1,0,paclitaxel
Data8_sample_30_TCGGGTGCACACGGTC-1,0,paclitaxel
Data8_sample_30_TCGGGTGCATGAAAGT-1,0,paclitaxel
Data8_sample_30_TCGGGTGTCAACCCGG-1,0,paclitaxel
Data8_sample_30_TCGGGTGTCTTCCAGC-1,0,paclitaxel
Data8_sample_30_TCGGTCTAGAATAGTC-1,0,paclitaxel
Data8_sample_30_TCGGTCTCACACGTGC-1,0,paclitaxel
Data8_sample_30_TCGGTCTCACGAGGTA-1,0,paclitaxel
Data8_sample_30_TCGGTCTGTACAGAAT-1,0,paclitaxel
Data8_sample_30_TCGTAGAAGCCTCACG-1,0,paclitaxel
Data8_sample_30_TCGTAGAAGTCTGCAT-1,0,paclitaxel
Data8_sample_30_TCGTAGACAACTACGT-1,0,paclitaxel
Data8_sample_30_TCGTAGACACAACGTT-1,0,paclitaxel
Data8_sample_30_TCGTAGAGTCGTATGT-1,0,paclitaxel
Data8_sample_30_TCGTAGATCCCGAAAT-1,0,paclitaxel
Data8_sample_30_TCGTCCAAGAATCGAT-1,0,paclitaxel
Data8_sample_30_TCGTCCAGTCAGTTTG-1,0,paclitaxel
Data8_sample_30_TCGTCCAGTTCACGAT-1,0,paclitaxel
Data8_sample_30_TCGTCCATCGGCACTG-1,0,paclitaxel
Data8_sample_30_TCGTGCTCAATTGCGT-1,0,paclitaxel
Data8_sample_30_TCGTGCTGTGTGTGGA-1,0,paclitaxel
Data8_sample_30_TCGTGCTTCACGGGAA-1,0,paclitaxel
Data8_sample_30_TCGTGCTTCGTGGCGT-1,0,paclitaxel
Data8_sample_30_TCGTGGGTCCGCACTT-1,0,paclitaxel
Data8_sample_30_TCGTGGGTCTGAGGCC-1,0,paclitaxel
Data8_sample_30_TCTAACTAGCCGATCC-1,0,paclitaxel
Data8_sample_30_TCTAACTAGGTATTGA-1,0,paclitaxel
Data8_sample_30_TCTAACTCAGCAAGAC-1,0,paclitaxel
Data8_sample_30_TCTAACTGTACCCGAC-1,0,paclitaxel
Data8_sample_30_TCTAACTGTCATCCCT-1,0,paclitaxel
Data8_sample_30_TCTAACTGTGATGGCA-1,0,paclitaxel
Data8_sample_30_TCTAACTGTGTTCGAT-1,0,paclitaxel
Data8_sample_30_TCTAACTTCAGCACCG-1,0,paclitaxel
Data8_sample_30_TCTAACTTCTGGGCCA-1,0,paclitaxel
Data8_sample_30_TCTAACTTCTTTGATC-1,0,paclitaxel
Data8_sample_30_TCTACATAGCATCAGG-1,0,paclitaxel
Data8_sample_30_TCTACATTCGATTTCT-1,0,paclitaxel
Data8_sample_30_TCTACATTCGTAGTGT-1,0,paclitaxel
Data8_sample_30_TCTACCGAGCCTCAGC-1,0,paclitaxel
Data8_sample_30_TCTACCGCAATTCTTC-1,0,paclitaxel
Data8_sample_30_TCTACCGCATGACGGA-1,0,paclitaxel
Data8_sample_30_TCTACCGGTGAAAGTT-1,0,paclitaxel
Data8_sample_30_TCTACCGTCACTTATC-1,0,paclitaxel
Data8_sample_30_TCTACCGTCATGCATG-1,0,paclitaxel
Data8_sample_30_TCTACCGTCATTTGTC-1,0,paclitaxel
Data8_sample_30_TCTATACAGAGGATGA-1,0,paclitaxel
Data8_sample_30_TCTATACAGTAGGATT-1,0,paclitaxel
Data8_sample_30_TCTATACCAAGGACAC-1,0,paclitaxel
Data8_sample_30_TCTATACGTCACATTG-1,0,paclitaxel
Data8_sample_30_TCTATACGTCGCTTAA-1,0,paclitaxel
Data8_sample_30_TCTATACGTGTTCCAA-1,0,paclitaxel
Data8_sample_30_TCTATACTCCGGCAGT-1,0,paclitaxel
Data8_sample_30_TCTATCAAGCTAGTTC-1,0,paclitaxel
Data8_sample_30_TCTATCAAGTCTGCGC-1,0,paclitaxel
Data8_sample_30_TCTATCACAACGAGGT-1,0,paclitaxel
Data8_sample_30_TCTATCACAACGATCT-1,0,paclitaxel
Data8_sample_30_TCTATCACACCTGCTT-1,0,paclitaxel
Data8_sample_30_TCTATCACAGTCAGAG-1,0,paclitaxel
Data8_sample_30_TCTATCAGTCAGCGTC-1,0,paclitaxel
Data8_sample_30_TCTATCAGTCTTGCTC-1,0,paclitaxel
Data8_sample_30_TCTATCATCGCAATGT-1,0,paclitaxel
Data8_sample_30_TCTCACGAGGGTGAAA-1,0,paclitaxel
Data8_sample_30_TCTCACGCAACAAAGT-1,0,paclitaxel
Data8_sample_30_TCTCACGCAGCGTACC-1,0,paclitaxel
Data8_sample_30_TCTCACGGTATGGAAT-1,0,paclitaxel
Data8_sample_30_TCTCACGGTATGTCCA-1,0,paclitaxel
Data8_sample_30_TCTCACGGTATTGGCT-1,0,paclitaxel
Data8_sample_30_TCTCAGCAGTATGACA-1,0,paclitaxel
Data8_sample_30_TCTCAGCTCAGAACCT-1,0,paclitaxel
Data8_sample_30_TCTCAGCTCGAAGTGG-1,0,paclitaxel
Data8_sample_30_TCTCAGCTCGTCCATC-1,0,paclitaxel
Data8_sample_30_TCTCAGCTCTTAGCAG-1,0,paclitaxel
Data8_sample_30_TCTCCGAAGCCATATC-1,0,paclitaxel
Data8_sample_30_TCTCCGACATAGGTAA-1,0,paclitaxel
Data8_sample_30_TCTCCGAGTCAGGAGT-1,0,paclitaxel
Data8_sample_30_TCTCCGATCACTACGA-1,0,paclitaxel
Data8_sample_30_TCTCCGATCCTAAACG-1,0,paclitaxel
Data8_sample_30_TCTCCGATCTCCCTAG-1,0,paclitaxel
Data8_sample_30_TCTCTGGAGTAATCCC-1,0,paclitaxel
Data8_sample_30_TCTCTGGAGTTTCTTC-1,0,paclitaxel
Data8_sample_30_TCTCTGGCAACGAGGT-1,0,paclitaxel
Data8_sample_30_TCTCTGGTCGACATCA-1,0,paclitaxel
Data8_sample_30_TCTCTGGTCGGCTCTT-1,0,paclitaxel
Data8_sample_30_TCTCTGGTCTTGGAAC-1,0,paclitaxel
Data8_sample_30_TCTGCCAAGCTAAACA-1,0,paclitaxel
Data8_sample_30_TCTGCCAAGGAGTATT-1,0,paclitaxel
Data8_sample_30_TCTGCCAAGGATTCCT-1,0,paclitaxel
Data8_sample_30_TCTGCCAAGTGCCAGA-1,0,paclitaxel
Data8_sample_30_TCTGCCACAGCGACAA-1,0,paclitaxel
Data8_sample_30_TCTGCCACATGCAGCC-1,0,paclitaxel
Data8_sample_30_TCTGCCAGTCTGTGTA-1,0,paclitaxel
Data8_sample_30_TCTGCCATCATTTGCT-1,0,paclitaxel
Data8_sample_30_TCTGCCATCTCAGGCG-1,0,paclitaxel
Data8_sample_30_TCTGGCTAGAGCATCG-1,0,paclitaxel
Data8_sample_30_TCTGGCTAGCTGAAGC-1,0,paclitaxel
Data8_sample_30_TCTGGCTAGGCACTAG-1,0,paclitaxel
Data8_sample_30_TCTGGCTAGGTCGAGT-1,0,paclitaxel
Data8_sample_30_TCTGGCTAGTAGGGTC-1,0,paclitaxel
Data8_sample_30_TCTGGCTCAAGCGAGT-1,0,paclitaxel
Data8_sample_30_TCTGGCTCAGCTCCTT-1,0,paclitaxel
Data8_sample_30_TCTGGCTGTGATTGGG-1,0,paclitaxel
Data8_sample_30_TCTGGCTGTTCTCACC-1,0,paclitaxel
Data8_sample_30_TCTGGCTGTTTAAGGA-1,0,paclitaxel
Data8_sample_30_TCTGGCTTCGTTAGAC-1,0,paclitaxel
Data8_sample_30_TCTGTCGGTTCAATCG-1,0,paclitaxel
Data8_sample_30_TCTGTCGTCCGTGTAA-1,0,paclitaxel
Data8_sample_30_TCTGTCGTCGACATTG-1,0,paclitaxel
Data8_sample_30_TCTGTCGTCTAAGCGT-1,0,paclitaxel
Data8_sample_30_TCTGTCGTCTACACAG-1,0,paclitaxel
Data8_sample_30_TCTTAGTAGCTTTCTT-1,0,paclitaxel
Data8_sample_30_TCTTAGTAGGCACTAG-1,0,paclitaxel
Data8_sample_30_TCTTAGTAGTCACGCC-1,0,paclitaxel
Data8_sample_30_TCTTAGTGTCAGTCTA-1,0,paclitaxel
Data8_sample_30_TCTTAGTGTCCGGTCA-1,0,paclitaxel
Data8_sample_30_TCTTAGTTCAAGTGTC-1,0,paclitaxel
Data8_sample_30_TCTTCCTAGCGATTCT-1,0,paclitaxel
Data8_sample_30_TCTTCCTCACTTCATT-1,0,paclitaxel
Data8_sample_30_TCTTCCTCAGCTATTG-1,0,paclitaxel
Data8_sample_30_TCTTCCTGTCGCCTAG-1,0,paclitaxel
Data8_sample_30_TCTTCCTGTGGTTCTA-1,0,paclitaxel
Data8_sample_30_TCTTCCTGTTCTTCAT-1,0,paclitaxel
Data8_sample_30_TCTTCCTTCGCCAGAC-1,0,paclitaxel
Data8_sample_30_TCTTCCTTCGGACGTC-1,0,paclitaxel
Data8_sample_30_TCTTGCGCAAGCGATG-1,0,paclitaxel
Data8_sample_30_TCTTGCGCAGTAGAAT-1,0,paclitaxel
Data8_sample_30_TCTTGCGTCTTCTGGC-1,0,paclitaxel
Data8_sample_30_TCTTTGAAGCAGGTCA-1,0,paclitaxel
Data8_sample_30_TCTTTGAAGCCGAACA-1,0,paclitaxel
Data8_sample_30_TCTTTGACACCATAAC-1,0,paclitaxel
Data8_sample_30_TCTTTGACACGAGGAT-1,0,paclitaxel
Data8_sample_30_TCTTTGAGTGGCTCTG-1,0,paclitaxel
Data8_sample_30_TCTTTGAGTTACGTAC-1,0,paclitaxel
Data8_sample_30_TGAACGTAGAGCATTA-1,0,paclitaxel
Data8_sample_30_TGAACGTAGTATCCTG-1,0,paclitaxel
Data8_sample_30_TGAACGTCATACCACA-1,0,paclitaxel
Data8_sample_30_TGAACGTCATATCGGT-1,0,paclitaxel
Data8_sample_30_TGAACGTGTTGGGACA-1,0,paclitaxel
Data8_sample_30_TGAACGTTCCGATAGT-1,0,paclitaxel
Data8_sample_30_TGAACGTTCTTCGGTC-1,0,paclitaxel
Data8_sample_30_TGAATCGAGCATGTTC-1,0,paclitaxel
Data8_sample_30_TGAATCGGTACTGCCG-1,0,paclitaxel
Data8_sample_30_TGAATCGTCGCAGTTA-1,0,paclitaxel
Data8_sample_30_TGAATGCAGACCATTC-1,0,paclitaxel
Data8_sample_30_TGAATGCAGTCGTCTA-1,0,paclitaxel
Data8_sample_30_TGAATGCAGTGTTGTC-1,0,paclitaxel
Data8_sample_30_TGAATGCCAACATCGT-1,0,paclitaxel
Data8_sample_30_TGAATGCTCGACCACG-1,0,paclitaxel
Data8_sample_30_TGAATGCTCGCTAGCG-1,0,paclitaxel
Data8_sample_30_TGACAGTAGAGAGGGC-1,0,paclitaxel
Data8_sample_30_TGACAGTCAGACCATT-1,0,paclitaxel
Data8_sample_30_TGACAGTCATAGCTGT-1,0,paclitaxel
Data8_sample_30_TGACAGTGTAGGAGTC-1,0,paclitaxel
Data8_sample_30_TGACAGTGTCTGTTAG-1,0,paclitaxel
Data8_sample_30_TGACAGTGTTACCTTT-1,0,paclitaxel
Data8_sample_30_TGACCCTCATAGATGA-1,0,paclitaxel
Data8_sample_30_TGACCCTGTATCGTTG-1,0,paclitaxel
Data8_sample_30_TGACCCTTCCAACTGA-1,0,paclitaxel
Data8_sample_30_TGACCCTTCGACTCCT-1,0,paclitaxel
Data8_sample_30_TGACGCGCAGGCGAAT-1,0,paclitaxel
Data8_sample_30_TGACGCGGTTAGCGGA-1,0,paclitaxel
Data8_sample_30_TGACGCGGTTCTCCTG-1,0,paclitaxel
Data8_sample_30_TGACGCGTCTGTAAGC-1,0,paclitaxel
Data8_sample_30_TGACTCCAGTAGCTCT-1,0,paclitaxel
Data8_sample_30_TGACTCCCACCCAACG-1,0,paclitaxel
Data8_sample_30_TGACTCCGTCATCGGC-1,0,paclitaxel
Data8_sample_30_TGACTCCGTGAGACGT-1,0,paclitaxel
Data8_sample_30_TGACTCCGTGGCCCAT-1,0,paclitaxel
Data8_sample_30_TGACTCCGTTGACTAC-1,0,paclitaxel
Data8_sample_30_TGACTCCTCAGCTTGA-1,0,paclitaxel
Data8_sample_30_TGACTCCTCGACCATA-1,0,paclitaxel
Data8_sample_30_TGACTCCTCTATTCGT-1,0,paclitaxel
Data8_sample_30_TGAGACTAGCCACAAG-1,0,paclitaxel
Data8_sample_30_TGAGACTAGCCTGGAA-1,0,paclitaxel
Data8_sample_30_TGAGACTAGGCGATAC-1,0,paclitaxel
Data8_sample_30_TGAGACTAGTACCGGA-1,0,paclitaxel
Data8_sample_30_TGAGACTCAGACAATA-1,0,paclitaxel
Data8_sample_30_TGAGACTGTGAAGCGT-1,0,paclitaxel
Data8_sample_30_TGAGACTGTTGGGACA-1,0,paclitaxel
Data8_sample_30_TGAGACTTCAAGAGTA-1,0,paclitaxel
Data8_sample_30_TGAGACTTCACTCTTA-1,0,paclitaxel
Data8_sample_30_TGAGACTTCCTAGAGT-1,0,paclitaxel
Data8_sample_30_TGAGACTTCTCTCGCA-1,0,paclitaxel
Data8_sample_30_TGAGCATAGCCTTTCC-1,0,paclitaxel
Data8_sample_30_TGAGCATAGGACGCAT-1,0,paclitaxel
Data8_sample_30_TGAGCATCAAATCGGG-1,0,paclitaxel
Data8_sample_30_TGAGCATGTATAGGGC-1,0,paclitaxel
Data8_sample_30_TGAGCATGTGGCCACT-1,0,paclitaxel
Data8_sample_30_TGAGCATTCAACTTTC-1,0,paclitaxel
Data8_sample_30_TGAGCATTCTGCCCTA-1,0,paclitaxel
Data8_sample_30_TGAGCGCAGTGAATAC-1,0,paclitaxel
Data8_sample_30_TGAGCGCCAAAGGGTC-1,0,paclitaxel
Data8_sample_30_TGAGCGCCAATGAAAC-1,0,paclitaxel
Data8_sample_30_TGAGCGCCAGGGATAC-1,0,paclitaxel
Data8_sample_30_TGAGGAGAGGTCGCCT-1,0,paclitaxel
Data8_sample_30_TGAGGAGAGTTTGCTG-1,0,paclitaxel
Data8_sample_30_TGAGGAGGTACTAGCT-1,0,paclitaxel
Data8_sample_30_TGAGGAGTCACCTTAT-1,0,paclitaxel
Data8_sample_30_TGAGGAGTCCGCGGAT-1,0,paclitaxel
Data8_sample_30_TGAGGGAAGTAGGTTA-1,0,paclitaxel
Data8_sample_30_TGAGGGACACAACGAG-1,0,paclitaxel
Data8_sample_30_TGAGGGACACTGAATC-1,0,paclitaxel
Data8_sample_30_TGAGGGAGTACAGAGC-1,0,paclitaxel
Data8_sample_30_TGAGGGAGTGTCCACG-1,0,paclitaxel
Data8_sample_30_TGAGGGATCGACGACC-1,0,paclitaxel
Data8_sample_30_TGAGGTTAGGAGCAAA-1,0,paclitaxel
Data8_sample_30_TGAGGTTGTGCTAGCC-1,0,paclitaxel
Data8_sample_30_TGAGGTTGTTATAGCC-1,0,paclitaxel
Data8_sample_30_TGAGTCAAGGGCAACT-1,0,paclitaxel
Data8_sample_30_TGAGTCACATATCTCT-1,0,paclitaxel
Data8_sample_30_TGAGTCAGTCGCATTA-1,0,paclitaxel
Data8_sample_30_TGAGTCAGTCTGCATA-1,0,paclitaxel
Data8_sample_30_TGAGTCAGTGGTTTGT-1,0,paclitaxel
Data8_sample_30_TGAGTCAGTTAAGCAA-1,0,paclitaxel
Data8_sample_30_TGAGTCATCGGCTGTG-1,0,paclitaxel
Data8_sample_30_TGAGTCATCGTAGCTA-1,0,paclitaxel
Data8_sample_30_TGATCAGAGAGGCTGT-1,0,paclitaxel
Data8_sample_30_TGATCAGCAAATCCCA-1,0,paclitaxel
Data8_sample_30_TGATCAGCAGCTAACT-1,0,paclitaxel
Data8_sample_30_TGATCTTAGCAGCCCT-1,0,paclitaxel
Data8_sample_30_TGATCTTCAATCCAGT-1,0,paclitaxel
Data8_sample_30_TGATCTTCACTCAGAT-1,0,paclitaxel
Data8_sample_30_TGATCTTCAGCTGTCG-1,0,paclitaxel
Data8_sample_30_TGATCTTGTAGGAGGG-1,0,paclitaxel
Data8_sample_30_TGATCTTTCAAGGCTT-1,0,paclitaxel
Data8_sample_30_TGATCTTTCAAGTCGT-1,0,paclitaxel
Data8_sample_30_TGATCTTTCCAAACCA-1,0,paclitaxel
Data8_sample_30_TGATGCAAGAGGGTGG-1,0,paclitaxel
Data8_sample_30_TGATGCAAGAGTCTTC-1,0,paclitaxel
Data8_sample_30_TGATGCAAGTGAGTGC-1,0,paclitaxel
Data8_sample_30_TGATGCACAAGTCCCG-1,0,paclitaxel
Data8_sample_30_TGATGCAGTCGCGTTG-1,0,paclitaxel
Data8_sample_30_TGATGCATCACACGAT-1,0,paclitaxel
Data8_sample_30_TGATGCATCATGTCAG-1,0,paclitaxel
Data8_sample_30_TGATGCATCTCATTAC-1,0,paclitaxel
Data8_sample_30_TGATGGTCAAAGGATT-1,0,paclitaxel
Data8_sample_30_TGATGGTCACAATGAA-1,0,paclitaxel
Data8_sample_30_TGATGGTTCACTACTT-1,0,paclitaxel
Data8_sample_30_TGATTCTAGCACCGTC-1,0,paclitaxel
Data8_sample_30_TGATTCTAGCCGTTGC-1,0,paclitaxel
Data8_sample_30_TGATTCTAGTTGCGCC-1,0,paclitaxel
Data8_sample_30_TGATTCTGTAAGAACT-1,0,paclitaxel
Data8_sample_30_TGATTCTGTACAGTTC-1,0,paclitaxel
Data8_sample_30_TGATTTCCACTTCAAG-1,0,paclitaxel
Data8_sample_30_TGATTTCCAGAAATTG-1,0,paclitaxel
Data8_sample_30_TGATTTCGTAGTCGGA-1,0,paclitaxel
Data8_sample_30_TGATTTCTCCGTGTGG-1,0,paclitaxel
Data8_sample_30_TGCACGGAGGCAGTCA-1,0,paclitaxel
Data8_sample_30_TGCACGGAGTCATGGG-1,0,paclitaxel
Data8_sample_30_TGCACGGCAATAACCC-1,0,paclitaxel
Data8_sample_30_TGCACGGCATGGCTAT-1,0,paclitaxel
Data8_sample_30_TGCAGATAGCAAATCA-1,0,paclitaxel
Data8_sample_30_TGCAGATAGCGGTAAC-1,0,paclitaxel
Data8_sample_30_TGCAGATGTGTCCAAT-1,0,paclitaxel
Data8_sample_30_TGCAGATTCCCTATTA-1,0,paclitaxel
Data8_sample_30_TGCAGGCCACAAGCAG-1,0,paclitaxel
Data8_sample_30_TGCAGGCGTGGTCCGT-1,0,paclitaxel
Data8_sample_30_TGCAGGCTCACACGAT-1,0,paclitaxel
Data8_sample_30_TGCAGTAAGATGTTCC-1,0,paclitaxel
Data8_sample_30_TGCAGTAAGCTACTGT-1,0,paclitaxel
Data8_sample_30_TGCAGTACAAACTCGT-1,0,paclitaxel
Data8_sample_30_TGCAGTACAAATCAGA-1,0,paclitaxel
Data8_sample_30_TGCAGTACAGGATGAC-1,0,paclitaxel
Data8_sample_30_TGCAGTACAGTTCTAG-1,0,paclitaxel
Data8_sample_30_TGCAGTATCTAAACGC-1,0,paclitaxel
Data8_sample_30_TGCATCCCATGGCACC-1,0,paclitaxel
Data8_sample_30_TGCATCCCATGTTCAG-1,0,paclitaxel
Data8_sample_30_TGCATCCTCGTCTAAG-1,0,paclitaxel
Data8_sample_30_TGCATCCTCGTGACTA-1,0,paclitaxel
Data8_sample_30_TGCATGAAGAAGGTAG-1,0,paclitaxel
Data8_sample_30_TGCATGAAGAGCAAGA-1,0,paclitaxel
Data8_sample_30_TGCATGAAGCCGATTT-1,0,paclitaxel
Data8_sample_30_TGCATGAAGGTAAGGA-1,0,paclitaxel
Data8_sample_30_TGCATGAGTACCTATG-1,0,paclitaxel
Data8_sample_30_TGCATGAGTCGCATCG-1,0,paclitaxel
Data8_sample_30_TGCATGAGTGTTCATG-1,0,paclitaxel
Data8_sample_30_TGCATGAGTTCGATTG-1,0,paclitaxel
Data8_sample_30_TGCCGAGAGCTCGGCT-1,0,paclitaxel
Data8_sample_30_TGCCGAGCACTCAGAT-1,0,paclitaxel
Data8_sample_30_TGCCGAGGTAAGCAAT-1,0,paclitaxel
Data8_sample_30_TGCCGAGTCCTTTGAT-1,0,paclitaxel
Data8_sample_30_TGCCGAGTCGTGACTA-1,0,paclitaxel
Data8_sample_30_TGCCGAGTCTGCTGAA-1,0,paclitaxel
Data8_sample_30_TGCGACGTCACCGGGT-1,0,paclitaxel
Data8_sample_30_TGCGATAAGAGCCGTA-1,0,paclitaxel
Data8_sample_30_TGCGATAAGCCTCGTG-1,0,paclitaxel
Data8_sample_30_TGCGATAAGCTCCCTT-1,0,paclitaxel
Data8_sample_30_TGCGATAAGTGACACG-1,0,paclitaxel
Data8_sample_30_TGCGATACACGCTGCA-1,0,paclitaxel
Data8_sample_30_TGCGATACAGTCTACA-1,0,paclitaxel
Data8_sample_30_TGCGATAGTGGGCTCT-1,0,paclitaxel
Data8_sample_30_TGCGGCAAGCCTAGGA-1,0,paclitaxel
Data8_sample_30_TGCGGCAAGCGCACAA-1,0,paclitaxel
Data8_sample_30_TGCGGCAAGCGTTACT-1,0,paclitaxel
Data8_sample_30_TGCGGCAGTGGACAGT-1,0,paclitaxel
Data8_sample_30_TGCGGCATCAGACCTA-1,0,paclitaxel
Data8_sample_30_TGCGGGTGTGATGGCA-1,0,paclitaxel
Data8_sample_30_TGCGGGTTCGCGTTTC-1,0,paclitaxel
Data8_sample_30_TGCTCCAAGCATGCAG-1,0,paclitaxel
Data8_sample_30_TGCTCCACAGGTTTAC-1,0,paclitaxel
Data8_sample_30_TGCTCCAGTCGCTTGG-1,0,paclitaxel
Data8_sample_30_TGCTCCAGTTGAGTCT-1,0,paclitaxel
Data8_sample_30_TGCTCGTAGAGCATTA-1,0,paclitaxel
Data8_sample_30_TGCTCGTCAGACGGAT-1,0,paclitaxel
Data8_sample_30_TGCTCGTGTTCACGAT-1,0,paclitaxel
Data8_sample_30_TGCTCGTTCCGATAGT-1,0,paclitaxel
Data8_sample_30_TGCTGAAAGCGCCATC-1,0,paclitaxel
Data8_sample_30_TGCTGAAAGGGCAGGA-1,0,paclitaxel
Data8_sample_30_TGCTGAACATCAGTGT-1,0,paclitaxel
Data8_sample_30_TGCTGAACATTGACAC-1,0,paclitaxel
Data8_sample_30_TGCTGAAGTCGAGCAA-1,0,paclitaxel
Data8_sample_30_TGCTGAAGTTGCTAGT-1,0,paclitaxel
Data8_sample_30_TGCTGAAGTTTCGATG-1,0,paclitaxel
Data8_sample_30_TGCTTCGAGGCCACCT-1,0,paclitaxel
Data8_sample_30_TGCTTCGCATGGATCT-1,0,paclitaxel
Data8_sample_30_TGCTTCGGTACTGCGC-1,0,paclitaxel
Data8_sample_30_TGCTTCGGTATGCGGA-1,0,paclitaxel
Data8_sample_30_TGCTTCGTCATGCTAG-1,0,paclitaxel
Data8_sample_30_TGCTTCGTCGAGTCTA-1,0,paclitaxel
Data8_sample_30_TGCTTGCAGGAACGAA-1,0,paclitaxel
Data8_sample_30_TGCTTGCCAACACACT-1,0,paclitaxel
Data8_sample_30_TGCTTGCCACACAGAG-1,0,paclitaxel
Data8_sample_30_TGCTTGCGTAACAGGC-1,0,paclitaxel
Data8_sample_30_TGCTTGCGTGAGTAAT-1,0,paclitaxel
Data8_sample_30_TGCTTGCTCATTCTTG-1,0,paclitaxel
Data8_sample_30_TGGAACTCAGAGAATT-1,0,paclitaxel
Data8_sample_30_TGGAACTGTGCGTGCT-1,0,paclitaxel
Data8_sample_30_TGGAACTGTGCTATTG-1,0,paclitaxel
Data8_sample_30_TGGAACTGTTAGTTCG-1,0,paclitaxel
Data8_sample_30_TGGAACTTCCCGAACG-1,0,paclitaxel
Data8_sample_30_TGGAACTTCCGATGTA-1,0,paclitaxel
Data8_sample_30_TGGAGAGCAGAACTTC-1,0,paclitaxel
Data8_sample_30_TGGAGAGCATGATGCT-1,0,paclitaxel
Data8_sample_30_TGGAGAGGTCAGTCCG-1,0,paclitaxel
Data8_sample_30_TGGAGAGTCAGGACGA-1,0,paclitaxel
Data8_sample_30_TGGAGAGTCGATAACC-1,0,paclitaxel
Data8_sample_30_TGGAGGACAAAGCAAT-1,0,paclitaxel
Data8_sample_30_TGGAGGACAGCTGAGA-1,0,paclitaxel
Data8_sample_30_TGGAGGACATCCGTTC-1,0,paclitaxel
Data8_sample_30_TGGAGGACATGTGTCA-1,0,paclitaxel
Data8_sample_30_TGGAGGAGTACCCAGC-1,0,paclitaxel
Data8_sample_30_TGGAGGAGTGAGATCG-1,0,paclitaxel
Data8_sample_30_TGGAGGATCATGCCCT-1,0,paclitaxel
Data8_sample_30_TGGATCAAGAGGCGGA-1,0,paclitaxel
Data8_sample_30_TGGATCAAGCTCAGAG-1,0,paclitaxel
Data8_sample_30_TGGATCAAGGCTAAAT-1,0,paclitaxel
Data8_sample_30_TGGATCAAGTCTCCTC-1,0,paclitaxel
Data8_sample_30_TGGATCAAGTTTGGCT-1,0,paclitaxel
Data8_sample_30_TGGATCACAACGTTAC-1,0,paclitaxel
Data8_sample_30_TGGATCACAATTTCGG-1,0,paclitaxel
Data8_sample_30_TGGATCAGTGTCATGT-1,0,paclitaxel
Data8_sample_30_TGGATCAGTTGCTAGT-1,0,paclitaxel
Data8_sample_30_TGGATCATCACATCAG-1,0,paclitaxel
Data8_sample_30_TGGATCATCAGCAATC-1,0,paclitaxel
Data8_sample_30_TGGATCATCGACCCAG-1,0,paclitaxel
Data8_sample_30_TGGATGTCAATGACCT-1,0,paclitaxel
Data8_sample_30_TGGATGTCAATTCTTC-1,0,paclitaxel
Data8_sample_30_TGGATGTTCGCTTAAG-1,0,paclitaxel
Data8_sample_30_TGGCGTGCACACCGCA-1,0,paclitaxel
Data8_sample_30_TGGCGTGGTACAGAGC-1,0,paclitaxel
Data8_sample_30_TGGCGTGGTAGTCTGT-1,0,paclitaxel
Data8_sample_30_TGGCGTGTCCTTCTTC-1,0,paclitaxel
Data8_sample_30_TGGGAAGAGATACGAT-1,0,paclitaxel
Data8_sample_30_TGGGAAGAGTAGGTTA-1,0,paclitaxel
Data8_sample_30_TGGGAAGGTGGCGTAA-1,0,paclitaxel
Data8_sample_30_TGGGAAGGTGGCTTGC-1,0,paclitaxel
Data8_sample_30_TGGGAAGTCCGAACGC-1,0,paclitaxel
Data8_sample_30_TGGGAGACAGGTGTGA-1,0,paclitaxel
Data8_sample_30_TGGGAGAGTAGTGGCA-1,0,paclitaxel
Data8_sample_30_TGGGAGATCCAAGGGA-1,0,paclitaxel
Data8_sample_30_TGGGAGATCCTTCGAC-1,0,paclitaxel
Data8_sample_30_TGGGAGATCTTCCAGC-1,0,paclitaxel
Data8_sample_30_TGGGATTAGATGAACT-1,0,paclitaxel
Data8_sample_30_TGGGATTAGTTTCGAC-1,0,paclitaxel
Data8_sample_30_TGGGATTTCACACCCT-1,0,paclitaxel
Data8_sample_30_TGGGATTTCCATTGGA-1,0,paclitaxel
Data8_sample_30_TGGGCGTAGATGGGCT-1,0,paclitaxel
Data8_sample_30_TGGGCGTAGCTTAGTC-1,0,paclitaxel
Data8_sample_30_TGGGCGTAGTTGTACC-1,0,paclitaxel
Data8_sample_30_TGGGCGTCAGCTACCG-1,0,paclitaxel
Data8_sample_30_TGGGCGTCATTAGGCT-1,0,paclitaxel
Data8_sample_30_TGGGCGTTCAGTCATG-1,0,paclitaxel
Data8_sample_30_TGGGCTGAGCACCGTC-1,0,paclitaxel
Data8_sample_30_TGGGCTGCAAGAATAC-1,0,paclitaxel
Data8_sample_30_TGGGCTGCAATTCTTC-1,0,paclitaxel
Data8_sample_30_TGGGCTGCACGCAGTC-1,0,paclitaxel
Data8_sample_30_TGGGCTGGTACTGGGA-1,0,paclitaxel
Data8_sample_30_TGGGCTGGTTTACACG-1,0,paclitaxel
Data8_sample_30_TGGGTTACAAGAATGT-1,0,paclitaxel
Data8_sample_30_TGGGTTACAGTTAGGG-1,0,paclitaxel
Data8_sample_30_TGGGTTAGTGTCACAT-1,0,paclitaxel
Data8_sample_30_TGGGTTAGTTCCTAAG-1,0,paclitaxel
Data8_sample_30_TGGGTTATCAAACGAA-1,0,paclitaxel
Data8_sample_30_TGGTACAAGACAGTCG-1,0,paclitaxel
Data8_sample_30_TGGTACAAGCACTCAT-1,0,paclitaxel
Data8_sample_30_TGGTACACACCATTCC-1,0,paclitaxel
Data8_sample_30_TGGTACACAGCGTTTA-1,0,paclitaxel
Data8_sample_30_TGGTACACATCGATCA-1,0,paclitaxel
Data8_sample_30_TGGTACATCAAAGAAC-1,0,paclitaxel
Data8_sample_30_TGGTACATCACTGAAC-1,0,paclitaxel
Data8_sample_30_TGGTAGTAGACCAGCA-1,0,paclitaxel
Data8_sample_30_TGGTAGTAGTAGGAAG-1,0,paclitaxel
Data8_sample_30_TGGTAGTAGTCTGCAT-1,0,paclitaxel
Data8_sample_30_TGGTAGTCAGCTACTA-1,0,paclitaxel
Data8_sample_30_TGGTGATAGCTGTTCA-1,0,paclitaxel
Data8_sample_30_TGGTGATAGGTAAGTT-1,0,paclitaxel
Data8_sample_30_TGGTGATAGTGCTACT-1,0,paclitaxel
Data8_sample_30_TGGTGATCAGTCGGAA-1,0,paclitaxel
Data8_sample_30_TGGTGATCATCTCAAG-1,0,paclitaxel
Data8_sample_30_TGGTGATGTAGACAGC-1,0,paclitaxel
Data8_sample_30_TGGTGATGTCGTATTG-1,0,paclitaxel
Data8_sample_30_TGGTGATGTGTCTTAG-1,0,paclitaxel
Data8_sample_30_TGGTGATGTTAAGGAT-1,0,paclitaxel
Data8_sample_30_TGGTGATTCATGAGGG-1,0,paclitaxel
Data8_sample_30_TGGTGATTCCTTCTGG-1,0,paclitaxel
Data8_sample_30_TGGTTAGAGTACCGGA-1,0,paclitaxel
Data8_sample_30_TGGTTAGCAACCCTCT-1,0,paclitaxel
Data8_sample_30_TGGTTAGGTACATACC-1,0,paclitaxel
Data8_sample_30_TGGTTAGGTGCAATAA-1,0,paclitaxel
Data8_sample_30_TGTAACGAGGTCACAG-1,0,paclitaxel
Data8_sample_30_TGTAACGAGGTCTGGA-1,0,paclitaxel
Data8_sample_30_TGTAACGCATGGATCT-1,0,paclitaxel
Data8_sample_30_TGTAACGGTCTAACGT-1,0,paclitaxel
Data8_sample_30_TGTAACGGTGTGTACT-1,0,paclitaxel
Data8_sample_30_TGTAACGTCAAGGCTT-1,0,paclitaxel
Data8_sample_30_TGTAACGTCATTGCGA-1,0,paclitaxel
Data8_sample_30_TGTAAGCAGAGAGCCT-1,0,paclitaxel
Data8_sample_30_TGTAAGCGTCTCTCAC-1,0,paclitaxel
Data8_sample_30_TGTACAGAGGTAGTAT-1,0,paclitaxel
Data8_sample_30_TGTACAGCACGTAGAG-1,0,paclitaxel
Data8_sample_30_TGTACAGCAGTATTCG-1,0,paclitaxel
Data8_sample_30_TGTACAGGTAACAGGC-1,0,paclitaxel
Data8_sample_30_TGTACAGGTCCTACAA-1,0,paclitaxel
Data8_sample_30_TGTACAGGTGATACCT-1,0,paclitaxel
Data8_sample_30_TGTACAGTCTTAGGAC-1,0,paclitaxel
Data8_sample_30_TGTAGACAGCTGCCAC-1,0,paclitaxel
Data8_sample_30_TGTAGACGTTGGCTAT-1,0,paclitaxel
Data8_sample_30_TGTAGACTCCTAGCCT-1,0,paclitaxel
Data8_sample_30_TGTCAGAAGTATCTGC-1,0,paclitaxel
Data8_sample_30_TGTCAGACACTTGGCG-1,0,paclitaxel
Data8_sample_30_TGTCAGACAGCTGTGC-1,0,paclitaxel
Data8_sample_30_TGTCAGACAGGCGTTC-1,0,paclitaxel
Data8_sample_30_TGTCAGAGTCATCTAG-1,0,paclitaxel
Data8_sample_30_TGTCAGAGTTGGGAAC-1,0,paclitaxel
Data8_sample_30_TGTCAGATCAAGCTGT-1,0,paclitaxel
Data8_sample_30_TGTCCACAGAAGGATG-1,0,paclitaxel
Data8_sample_30_TGTCCACAGTAGGCCA-1,0,paclitaxel
Data8_sample_30_TGTCCACCAAAGGCTG-1,0,paclitaxel
Data8_sample_30_TGTCCACCAAGGAGTC-1,0,paclitaxel
Data8_sample_30_TGTCCACCAGCTCATA-1,0,paclitaxel
Data8_sample_30_TGTCCACGTACCGTCG-1,0,paclitaxel
Data8_sample_30_TGTCCACGTAGCTTGT-1,0,paclitaxel
Data8_sample_30_TGTCCACTCAGGGTAG-1,0,paclitaxel
Data8_sample_30_TGTCCACTCTGTGCGG-1,0,paclitaxel
Data8_sample_30_TGTCCCAAGGTGGGTT-1,0,paclitaxel
Data8_sample_30_TGTCCCACACATAACC-1,0,paclitaxel
Data8_sample_30_TGTCCCACAGAGGTTG-1,0,paclitaxel
Data8_sample_30_TGTCCCACAGGTGACA-1,0,paclitaxel
Data8_sample_30_TGTCCCACATAACAGA-1,0,paclitaxel
Data8_sample_30_TGTCCCACATCACGGC-1,0,paclitaxel
Data8_sample_30_TGTCCCATCGTTCTCG-1,0,paclitaxel
Data8_sample_30_TGTCCCATCTCGTGGG-1,0,paclitaxel
Data8_sample_30_TGTCCTGAGCGACTTT-1,0,paclitaxel
Data8_sample_30_TGTCCTGAGCTCAGAG-1,0,paclitaxel
Data8_sample_30_TGTCCTGAGGCTTCCG-1,0,paclitaxel
Data8_sample_30_TGTCCTGAGGGATCTG-1,0,paclitaxel
Data8_sample_30_TGTCCTGAGGTTCTAC-1,0,paclitaxel
Data8_sample_30_TGTCCTGCACAAGCTT-1,0,paclitaxel
Data8_sample_30_TGTCCTGGTATGGTTC-1,0,paclitaxel
Data8_sample_30_TGTCCTGGTCCACGCA-1,0,paclitaxel
Data8_sample_30_TGTCCTGGTGAGACCA-1,0,paclitaxel
Data8_sample_30_TGTCCTGTCAAGGAGC-1,0,paclitaxel
Data8_sample_30_TGTCCTGTCAGCATTG-1,0,paclitaxel
Data8_sample_30_TGTGAGTCAAAGGATT-1,0,paclitaxel
Data8_sample_30_TGTGAGTGTGATTCTG-1,0,paclitaxel
Data8_sample_30_TGTGATGAGTTACGTC-1,0,paclitaxel
Data8_sample_30_TGTGATGCAGCTGAGA-1,0,paclitaxel
Data8_sample_30_TGTGATGGTCCGGACT-1,0,paclitaxel
Data8_sample_30_TGTGATGGTCTTGAGT-1,0,paclitaxel
Data8_sample_30_TGTGATGGTGCATGAG-1,0,paclitaxel
Data8_sample_30_TGTGATGTCACTCGAA-1,0,paclitaxel
Data8_sample_30_TGTGATGTCCTACGAA-1,0,paclitaxel
Data8_sample_30_TGTGCGGAGAATTGCA-1,0,paclitaxel
Data8_sample_30_TGTGCGGAGGTTACAA-1,0,paclitaxel
Data8_sample_30_TGTGCGGCATTCGGGC-1,0,paclitaxel
Data8_sample_30_TGTGCGGTCAACCTCC-1,0,paclitaxel
Data8_sample_30_TGTGCGGTCACCTCGT-1,0,paclitaxel
Data8_sample_30_TGTGCGGTCCGCGATG-1,0,paclitaxel
Data8_sample_30_TGTGGCGAGACACACG-1,0,paclitaxel
Data8_sample_30_TGTGGCGAGCGCATCC-1,0,paclitaxel
Data8_sample_30_TGTGGCGAGCTGTGCC-1,0,paclitaxel
Data8_sample_30_TGTGGCGCAGGGATAC-1,0,paclitaxel
Data8_sample_30_TGTGGCGCATTCTTCA-1,0,paclitaxel
Data8_sample_30_TGTGGCGTCCAATGCA-1,0,paclitaxel
Data8_sample_30_TGTGTGAAGAAGATCT-1,0,paclitaxel
Data8_sample_30_TGTGTGAAGGCAATGC-1,0,paclitaxel
Data8_sample_30_TGTGTGACATGGAATA-1,0,paclitaxel
Data8_sample_30_TGTGTGAGTAACCCTA-1,0,paclitaxel
Data8_sample_30_TGTGTGAGTACCATAC-1,0,paclitaxel
Data8_sample_30_TGTGTGAGTATGGTAA-1,0,paclitaxel
Data8_sample_30_TGTGTGAGTCTGATCA-1,0,paclitaxel
Data8_sample_30_TGTGTGAGTCTTCATT-1,0,paclitaxel
Data8_sample_30_TGTGTGATCGCTTGCT-1,0,paclitaxel
Data8_sample_30_TGTGTGATCTCGTGGG-1,0,paclitaxel
Data8_sample_30_TGTTACTCACACACGC-1,0,paclitaxel
Data8_sample_30_TGTTACTGTCAAATCC-1,0,paclitaxel
Data8_sample_30_TGTTACTTCAGAGTGG-1,0,paclitaxel
Data8_sample_30_TGTTACTTCTTGCAAG-1,0,paclitaxel
Data8_sample_30_TGTTACTTCTTGGTCC-1,0,paclitaxel
Data8_sample_30_TGTTCATAGGAAGTAG-1,0,paclitaxel
Data8_sample_30_TGTTCATCACACAGCC-1,0,paclitaxel
Data8_sample_30_TGTTCATCAGGTGTGA-1,0,paclitaxel
Data8_sample_30_TGTTCATGTACTGAGG-1,0,paclitaxel
Data8_sample_30_TGTTCCGAGAAATTGC-1,0,paclitaxel
Data8_sample_30_TGTTCCGAGGACAACC-1,0,paclitaxel
Data8_sample_30_TGTTCCGAGTAGCATA-1,0,paclitaxel
Data8_sample_30_TGTTCCGCATTCCTCG-1,0,paclitaxel
Data8_sample_30_TGTTCCGGTCCCTCAT-1,0,paclitaxel
Data8_sample_30_TGTTCCGGTTAAGAAC-1,0,paclitaxel
Data8_sample_30_TGTTCCGTCCGAAATC-1,0,paclitaxel
Data8_sample_30_TGTTCTAAGCAGTCTT-1,0,paclitaxel
Data8_sample_30_TGTTCTAAGCCGTTAT-1,0,paclitaxel
Data8_sample_30_TGTTCTAAGTAGGGTC-1,0,paclitaxel
Data8_sample_30_TGTTCTACAGTTCTAG-1,0,paclitaxel
Data8_sample_30_TGTTCTACATCCGCGA-1,0,paclitaxel
Data8_sample_30_TGTTCTAGTACGACTT-1,0,paclitaxel
Data8_sample_30_TGTTCTAGTCTAACGT-1,0,paclitaxel
Data8_sample_30_TGTTCTAGTCTCACGG-1,0,paclitaxel
Data8_sample_30_TGTTCTATCAGCACCG-1,0,paclitaxel
Data8_sample_30_TGTTCTATCGTCTAAG-1,0,paclitaxel
Data8_sample_30_TGTTGAGAGCAGCACA-1,0,paclitaxel
Data8_sample_30_TGTTGAGCAACCGCCA-1,0,paclitaxel
Data8_sample_30_TGTTGAGCACGCGGTT-1,0,paclitaxel
Data8_sample_30_TGTTGAGCAGTAGAAT-1,0,paclitaxel
Data8_sample_30_TGTTGAGGTATACCCA-1,0,paclitaxel
Data8_sample_30_TGTTGAGGTATCGTAC-1,0,paclitaxel
Data8_sample_30_TGTTGGAAGGAGTCTG-1,0,paclitaxel
Data8_sample_30_TGTTGGATCCGTGTAA-1,0,paclitaxel
Data8_sample_30_TGTTGGATCTCCCAAC-1,0,paclitaxel
Data8_sample_30_TGTTTGTAGCGCTGCT-1,0,paclitaxel
Data8_sample_30_TGTTTGTGTCTTACTT-1,0,paclitaxel
Data8_sample_30_TGTTTGTTCTCTTCAA-1,0,paclitaxel
Data8_sample_30_TGTTTGTTCTTGTTAC-1,0,paclitaxel
Data8_sample_30_TTAATCCAGAAACTAC-1,0,paclitaxel
Data8_sample_30_TTAATCCCAATCGAAA-1,0,paclitaxel
Data8_sample_30_TTAATCCTCAACCTTT-1,0,paclitaxel
Data8_sample_30_TTACAGGCACGGCCAT-1,0,paclitaxel
Data8_sample_30_TTACAGGCATCTTTCA-1,0,paclitaxel
Data8_sample_30_TTACAGGTCACCGCTT-1,0,paclitaxel
Data8_sample_30_TTACAGGTCAGATTGC-1,0,paclitaxel
Data8_sample_30_TTACCATAGCACAAAT-1,0,paclitaxel
Data8_sample_30_TTACCATAGGCGACAT-1,0,paclitaxel
Data8_sample_30_TTACCATCAATCGTCA-1,0,paclitaxel
Data8_sample_30_TTACCATGTCCAACGC-1,0,paclitaxel
Data8_sample_30_TTACCATGTCTTGAAC-1,0,paclitaxel
Data8_sample_30_TTACCATTCAGCGTCG-1,0,paclitaxel
Data8_sample_30_TTACCATTCCACATAG-1,0,paclitaxel
Data8_sample_30_TTACCATTCCCACAGG-1,0,paclitaxel
Data8_sample_30_TTACCATTCTATTCGT-1,0,paclitaxel
Data8_sample_30_TTACCGCAGGTAAAGG-1,0,paclitaxel
Data8_sample_30_TTACCGCCAAACCGGA-1,0,paclitaxel
Data8_sample_30_TTACCGCCACGACGTC-1,0,paclitaxel
Data8_sample_30_TTACCGCCACGGTCTG-1,0,paclitaxel
Data8_sample_30_TTACCGCCAGAAACCG-1,0,paclitaxel
Data8_sample_30_TTACCGCGTAGTATAG-1,0,paclitaxel
Data8_sample_30_TTACCGCGTTGGGTAG-1,0,paclitaxel
Data8_sample_30_TTACCGCTCATGTCTT-1,0,paclitaxel
Data8_sample_30_TTACCGCTCCGTGACG-1,0,paclitaxel
Data8_sample_30_TTACGCCAGACATACA-1,0,paclitaxel
Data8_sample_30_TTACGCCAGTATGAAC-1,0,paclitaxel
Data8_sample_30_TTACGCCGTACACGTT-1,0,paclitaxel
Data8_sample_30_TTACGCCTCCTTGACC-1,0,paclitaxel
Data8_sample_30_TTACGTTAGAAGCGAA-1,0,paclitaxel
Data8_sample_30_TTACGTTAGCGACTGA-1,0,paclitaxel
Data8_sample_30_TTACGTTCATCACAGT-1,0,paclitaxel
Data8_sample_30_TTACGTTGTAGGGTAC-1,0,paclitaxel
Data8_sample_30_TTACGTTGTGCTCTTC-1,0,paclitaxel
Data8_sample_30_TTACGTTTCACAATGC-1,0,paclitaxel
Data8_sample_30_TTACGTTTCACCATGA-1,0,paclitaxel
Data8_sample_30_TTACTGTAGACGAAGA-1,0,paclitaxel
Data8_sample_30_TTACTGTAGATCACCT-1,0,paclitaxel
Data8_sample_30_TTACTGTAGTGCTACT-1,0,paclitaxel
Data8_sample_30_TTACTGTCAACCGTGC-1,0,paclitaxel
Data8_sample_30_TTACTGTCAGGCTACC-1,0,paclitaxel
Data8_sample_30_TTACTGTGTGTTTCTT-1,0,paclitaxel
Data8_sample_30_TTACTGTTCAATGCAC-1,0,paclitaxel
Data8_sample_30_TTACTGTTCATGCCGG-1,0,paclitaxel
Data8_sample_30_TTACTGTTCCCGAATA-1,0,paclitaxel
Data8_sample_30_TTAGGCAAGACCCGCT-1,0,paclitaxel
Data8_sample_30_TTAGGCAGTACCTATG-1,0,paclitaxel
Data8_sample_30_TTAGGCATCCTGTAAG-1,0,paclitaxel
Data8_sample_30_TTAGGCATCGTTGTAG-1,0,paclitaxel
Data8_sample_30_TTAGGGTCAGACGCTC-1,0,paclitaxel
Data8_sample_30_TTAGGGTCAGAGTAAT-1,0,paclitaxel
Data8_sample_30_TTAGGGTCAGGACAGT-1,0,paclitaxel
Data8_sample_30_TTAGGGTCATAGCACT-1,0,paclitaxel
Data8_sample_30_TTAGGGTTCGCTACGG-1,0,paclitaxel
Data8_sample_30_TTAGGGTTCTGTCCGT-1,0,paclitaxel
Data8_sample_30_TTAGGGTTCTGTGTGA-1,0,paclitaxel
Data8_sample_30_TTAGTCTAGGTTCCAT-1,0,paclitaxel
Data8_sample_30_TTAGTCTCACCGTGAC-1,0,paclitaxel
Data8_sample_30_TTAGTCTGTCCATCTC-1,0,paclitaxel
Data8_sample_30_TTAGTCTGTCTTCATT-1,0,paclitaxel
Data8_sample_30_TTAGTCTGTTGCGAAG-1,0,paclitaxel
Data8_sample_30_TTAGTCTTCACAAGAA-1,0,paclitaxel
Data8_sample_30_TTATTGCAGTCCTGTA-1,0,paclitaxel
Data8_sample_30_TTATTGCCAACTAGAA-1,0,paclitaxel
Data8_sample_30_TTATTGCCAAGTGGAC-1,0,paclitaxel
Data8_sample_30_TTATTGCGTACGTAGG-1,0,paclitaxel
Data8_sample_30_TTATTGCTCCACTGAA-1,0,paclitaxel
Data8_sample_30_TTATTGCTCTGGGCAC-1,0,paclitaxel
Data8_sample_30_TTCAATCAGACCTCAT-1,0,paclitaxel
Data8_sample_30_TTCAATCAGGTCGACA-1,0,paclitaxel
Data8_sample_30_TTCAATCCAACACTAC-1,0,paclitaxel
Data8_sample_30_TTCAATCCATGAAGCG-1,0,paclitaxel
Data8_sample_30_TTCAATCGTTCCGCAG-1,0,paclitaxel
Data8_sample_30_TTCAATCTCATTTGTC-1,0,paclitaxel
Data8_sample_30_TTCAATCTCTCACCCA-1,0,paclitaxel
Data8_sample_30_TTCACCGCAATTTCGG-1,0,paclitaxel
Data8_sample_30_TTCACCGCACGTCGGT-1,0,paclitaxel
Data8_sample_30_TTCACCGCATACATCG-1,0,paclitaxel
Data8_sample_30_TTCACCGGTTGTGGAG-1,0,paclitaxel
Data8_sample_30_TTCACCGTCAAACCCA-1,0,paclitaxel
Data8_sample_30_TTCACGCAGGGAGGAC-1,0,paclitaxel
Data8_sample_30_TTCACGCAGGTGTGAC-1,0,paclitaxel
Data8_sample_30_TTCACGCCAAACTCGT-1,0,paclitaxel
Data8_sample_30_TTCACGCCATGTGGCC-1,0,paclitaxel
Data8_sample_30_TTCACGCGTTTCGTAG-1,0,paclitaxel
Data8_sample_30_TTCAGGAAGAAGTCAT-1,0,paclitaxel
Data8_sample_30_TTCAGGAAGCCAGAGT-1,0,paclitaxel
Data8_sample_30_TTCAGGAAGCCTCTTC-1,0,paclitaxel
Data8_sample_30_TTCAGGAAGCGCAATG-1,0,paclitaxel
Data8_sample_30_TTCAGGAAGTGAGCCA-1,0,paclitaxel
Data8_sample_30_TTCAGGACAGGCATTT-1,0,paclitaxel
Data8_sample_30_TTCAGGAGTTGCGGCT-1,0,paclitaxel
Data8_sample_30_TTCAGGAGTTTCGTAG-1,0,paclitaxel
Data8_sample_30_TTCAGGATCAATCGGT-1,0,paclitaxel
Data8_sample_30_TTCATGTAGGGTATAT-1,0,paclitaxel
Data8_sample_30_TTCATGTCACACCAGC-1,0,paclitaxel
Data8_sample_30_TTCATGTGTGTTTCTT-1,0,paclitaxel
Data8_sample_30_TTCATGTTCGGACTTA-1,0,paclitaxel
Data8_sample_30_TTCATTGAGGGCAACT-1,0,paclitaxel
Data8_sample_30_TTCATTGCACAAATAG-1,0,paclitaxel
Data8_sample_30_TTCATTGTCAAGTCTG-1,0,paclitaxel
Data8_sample_30_TTCATTGTCACACCCT-1,0,paclitaxel
Data8_sample_30_TTCATTGTCGCTTACC-1,0,paclitaxel
Data8_sample_30_TTCCAATAGCTAGCCC-1,0,paclitaxel
Data8_sample_30_TTCCAATCACTTGGGC-1,0,paclitaxel
Data8_sample_30_TTCCAATGTGATGAAT-1,0,paclitaxel
Data8_sample_30_TTCCAATGTTTACTGG-1,0,paclitaxel
Data8_sample_30_TTCCACGAGTGTACAA-1,0,paclitaxel
Data8_sample_30_TTCCACGCAAACTAGA-1,0,paclitaxel
Data8_sample_30_TTCCACGCACGCTGAC-1,0,paclitaxel
Data8_sample_30_TTCCACGCAGTGACCC-1,0,paclitaxel
Data8_sample_30_TTCCACGTCCACGGAC-1,0,paclitaxel
Data8_sample_30_TTCCGGTCAAGCCTGC-1,0,paclitaxel
Data8_sample_30_TTCCGGTCATGACAGG-1,0,paclitaxel
Data8_sample_30_TTCCGGTGTAGTATAG-1,0,paclitaxel
Data8_sample_30_TTCCGTGAGGTTCAGG-1,0,paclitaxel
Data8_sample_30_TTCCGTGCAGGTCTCG-1,0,paclitaxel
Data8_sample_30_TTCCGTGGTAGGAGGG-1,0,paclitaxel
Data8_sample_30_TTCCGTGGTCAGTCCG-1,0,paclitaxel
Data8_sample_30_TTCCGTGGTGTTACAC-1,0,paclitaxel
Data8_sample_30_TTCCGTGGTTACGGAG-1,0,paclitaxel
Data8_sample_30_TTCCGTGTCTTTCAGT-1,0,paclitaxel
Data8_sample_30_TTCCTAAAGTCGAAAT-1,0,paclitaxel
Data8_sample_30_TTCCTAACAACCTAAC-1,0,paclitaxel
Data8_sample_30_TTCCTAAGTAACTTCG-1,0,paclitaxel
Data8_sample_30_TTCCTAAGTTCCTAGA-1,0,paclitaxel
Data8_sample_30_TTCCTCTCAGACCTGC-1,0,paclitaxel
Data8_sample_30_TTCCTCTCAGTTCTAG-1,0,paclitaxel
Data8_sample_30_TTCCTCTGTGTAGGAC-1,0,paclitaxel
Data8_sample_30_TTCCTCTTCCAACCAA-1,0,paclitaxel
Data8_sample_30_TTCCTCTTCCATCAGA-1,0,paclitaxel
Data8_sample_30_TTCCTCTTCCGGCAAC-1,0,paclitaxel
Data8_sample_30_TTCCTTCAGAAACTAC-1,0,paclitaxel
Data8_sample_30_TTCCTTCAGAGCGACT-1,0,paclitaxel
Data8_sample_30_TTCCTTCAGGTCTTTG-1,0,paclitaxel
Data8_sample_30_TTCCTTCCACTGGACC-1,0,paclitaxel
Data8_sample_30_TTCGATTAGAATCGAT-1,0,paclitaxel
Data8_sample_30_TTCGATTCAACATACC-1,0,paclitaxel
Data8_sample_30_TTCGATTTCCTGGGAC-1,0,paclitaxel
Data8_sample_30_TTCGCTGAGCCTATCA-1,0,paclitaxel
Data8_sample_30_TTCGCTGCAAACTCGT-1,0,paclitaxel
Data8_sample_30_TTCGCTGCACAACGCC-1,0,paclitaxel
Data8_sample_30_TTCGCTGCAGGTGTGA-1,0,paclitaxel
Data8_sample_30_TTCGCTGGTCGAAACG-1,0,paclitaxel
Data8_sample_30_TTCGCTGGTGCGAACA-1,0,paclitaxel
Data8_sample_30_TTCGCTGTCCATAGGT-1,0,paclitaxel
Data8_sample_30_TTCGCTGTCGTCTCAC-1,0,paclitaxel
Data8_sample_30_TTCGCTGTCTGAGGCC-1,0,paclitaxel
Data8_sample_30_TTCGGTCAGGATGGCT-1,0,paclitaxel
Data8_sample_30_TTCGGTCCAAATACAG-1,0,paclitaxel
Data8_sample_30_TTCGGTCCACAGCCTG-1,0,paclitaxel
Data8_sample_30_TTCGGTCCAGTTACCA-1,0,paclitaxel
Data8_sample_30_TTCGGTCGTCGTACAT-1,0,paclitaxel
Data8_sample_30_TTCGGTCGTGTCGCTG-1,0,paclitaxel
Data8_sample_30_TTCGGTCTCAAGAATG-1,0,paclitaxel
Data8_sample_30_TTCGGTCTCATTATCC-1,0,paclitaxel
Data8_sample_30_TTCGGTCTCGCAATGT-1,0,paclitaxel
Data8_sample_30_TTCTAACGTCTGCGCA-1,0,paclitaxel
Data8_sample_30_TTCTAACTCCTATGGA-1,0,paclitaxel
Data8_sample_30_TTCTAACTCCTCAGAA-1,0,paclitaxel
Data8_sample_30_TTCTAGTAGATCCCGC-1,0,paclitaxel
Data8_sample_30_TTCTAGTCACACACTA-1,0,paclitaxel
Data8_sample_30_TTCTAGTCACGATAGG-1,0,paclitaxel
Data8_sample_30_TTCTAGTCACTGTGAT-1,0,paclitaxel
Data8_sample_30_TTCTAGTTCCCTCAAC-1,0,paclitaxel
Data8_sample_30_TTCTCTCAGACTGTTC-1,0,paclitaxel
Data8_sample_30_TTCTCTCAGAGTGACC-1,0,paclitaxel
Data8_sample_30_TTCTCTCCAAAGGGTC-1,0,paclitaxel
Data8_sample_30_TTCTCTCGTTGCGGCT-1,0,paclitaxel
Data8_sample_30_TTCTCTCTCATAGACC-1,0,paclitaxel
Data8_sample_30_TTCTCTCTCGACCCAG-1,0,paclitaxel
Data8_sample_30_TTCTCTCTCGAGCCAC-1,0,paclitaxel
Data8_sample_30_TTCTGTAAGAGTTCGG-1,0,paclitaxel
Data8_sample_30_TTCTGTACAAATCGGG-1,0,paclitaxel
Data8_sample_30_TTCTGTACATCCGGCA-1,0,paclitaxel
Data8_sample_30_TTCTGTACATTGGATC-1,0,paclitaxel
Data8_sample_30_TTCTGTAGTCTACTGA-1,0,paclitaxel
Data8_sample_30_TTCTGTATCGCAGAGA-1,0,paclitaxel
Data8_sample_30_TTCTTCCAGTGAGGCT-1,0,paclitaxel
Data8_sample_30_TTCTTCCCAAGACAAT-1,0,paclitaxel
Data8_sample_30_TTCTTCCCAGCTCCTT-1,0,paclitaxel
Data8_sample_30_TTCTTCCGTGCATTAC-1,0,paclitaxel
Data8_sample_30_TTCTTCCTCTAAGGAA-1,0,paclitaxel
Data8_sample_30_TTCTTCCTCTGACGCG-1,0,paclitaxel
Data8_sample_30_TTCTTGAAGAATAGTC-1,0,paclitaxel
Data8_sample_30_TTCTTGAGTCCTTGTC-1,0,paclitaxel
Data8_sample_30_TTCTTGAGTCGCTTGG-1,0,paclitaxel
Data8_sample_30_TTCTTGAGTCTTGAGT-1,0,paclitaxel
Data8_sample_30_TTCTTGATCAACCGAT-1,0,paclitaxel
Data8_sample_30_TTCTTGATCCACACCT-1,0,paclitaxel
Data8_sample_30_TTGAACGAGAGTCACG-1,0,paclitaxel
Data8_sample_30_TTGAACGAGTCGCCCA-1,0,paclitaxel
Data8_sample_30_TTGAACGGTACAAGTA-1,0,paclitaxel
Data8_sample_30_TTGACCCCACACCGCA-1,0,paclitaxel
Data8_sample_30_TTGACCCGTGCCTACG-1,0,paclitaxel
Data8_sample_30_TTGACCCGTTGTACGT-1,0,paclitaxel
Data8_sample_30_TTGAGTGAGAGTCAGC-1,0,paclitaxel
Data8_sample_30_TTGAGTGCATCAGCGC-1,0,paclitaxel
Data8_sample_30_TTGAGTGTCATGCTAG-1,0,paclitaxel
Data8_sample_30_TTGATGGAGGTACAGC-1,0,paclitaxel
Data8_sample_30_TTGATGGAGGTGAGAA-1,0,paclitaxel
Data8_sample_30_TTGATGGAGTCACACT-1,0,paclitaxel
Data8_sample_30_TTGATGGGTTCCAAAC-1,0,paclitaxel
Data8_sample_30_TTGATGGTCGGTCTGG-1,0,paclitaxel
Data8_sample_30_TTGATGGTCGTTCCCA-1,0,paclitaxel
Data8_sample_30_TTGCATTCACAACGTT-1,0,paclitaxel
Data8_sample_30_TTGCATTCAGTCAGCC-1,0,paclitaxel
Data8_sample_30_TTGCCTGAGAGTTCGG-1,0,paclitaxel
Data8_sample_30_TTGCCTGAGCATCCCG-1,0,paclitaxel
Data8_sample_30_TTGCCTGAGTGTAGAT-1,0,paclitaxel
Data8_sample_30_TTGCCTGCAGGCACTC-1,0,paclitaxel
Data8_sample_30_TTGCCTGTCTGTGCGG-1,0,paclitaxel
Data8_sample_30_TTGCGTCAGGAGTATT-1,0,paclitaxel
Data8_sample_30_TTGCGTCTCAAGAGGC-1,0,paclitaxel
Data8_sample_30_TTGGATGAGGTAGCCA-1,0,paclitaxel
Data8_sample_30_TTGGATGAGTAAACAC-1,0,paclitaxel
Data8_sample_30_TTGGATGCAATACCCA-1,0,paclitaxel
Data8_sample_30_TTGGATGCAATACGAA-1,0,paclitaxel
Data8_sample_30_TTGGATGCAGGAAGTC-1,0,paclitaxel
Data8_sample_30_TTGGATGCATTGAAAG-1,0,paclitaxel
Data8_sample_30_TTGGATGGTATCCCAA-1,0,paclitaxel
Data8_sample_30_TTGGATGTCCACACCT-1,0,paclitaxel
Data8_sample_30_TTGGATGTCCTACCGT-1,0,paclitaxel
Data8_sample_30_TTGGGATAGATGACAT-1,0,paclitaxel
Data8_sample_30_TTGGGATAGTAGTCCT-1,0,paclitaxel
Data8_sample_30_TTGGGATAGTATCTGC-1,0,paclitaxel
Data8_sample_30_TTGGGATGTTCTATCT-1,0,paclitaxel
Data8_sample_30_TTGGGATTCATTACTC-1,0,paclitaxel
Data8_sample_30_TTGGGCGAGACTTCAC-1,0,paclitaxel
Data8_sample_30_TTGGGCGAGAGGGTGG-1,0,paclitaxel
Data8_sample_30_TTGGGCGAGCAGCGAT-1,0,paclitaxel
Data8_sample_30_TTGGGCGCACAAGGTG-1,0,paclitaxel
Data8_sample_30_TTGGGCGCACGAGAAC-1,0,paclitaxel
Data8_sample_30_TTGGGCGCAGCCATTA-1,0,paclitaxel
Data8_sample_30_TTGGGCGTCACCTCGT-1,0,paclitaxel
Data8_sample_30_TTGGGCGTCAGCCTCT-1,0,paclitaxel
Data8_sample_30_TTGGGCGTCCTTGGAA-1,0,paclitaxel
Data8_sample_30_TTGGGTAAGATCCAAA-1,0,paclitaxel
Data8_sample_30_TTGGGTAAGGTGCTTT-1,0,paclitaxel
Data8_sample_30_TTGGGTAAGTGTACAA-1,0,paclitaxel
Data8_sample_30_TTGGGTACAGCAGATG-1,0,paclitaxel
Data8_sample_30_TTGGGTACATTGGGAG-1,0,paclitaxel
Data8_sample_30_TTGGGTATCTCAACGA-1,0,paclitaxel
Data8_sample_30_TTGGGTATCTGAGAAA-1,0,paclitaxel
Data8_sample_30_TTGGTTTAGATGACCG-1,0,paclitaxel
Data8_sample_30_TTGGTTTAGCCGAATG-1,0,paclitaxel
Data8_sample_30_TTGGTTTAGGATATGT-1,0,paclitaxel
Data8_sample_30_TTGGTTTAGTCAGAGC-1,0,paclitaxel
Data8_sample_30_TTGGTTTCAAAGGATT-1,0,paclitaxel
Data8_sample_30_TTGGTTTCAGCTATAC-1,0,paclitaxel
Data8_sample_30_TTGGTTTGTACTAAGA-1,0,paclitaxel
Data8_sample_30_TTGGTTTGTTGGTGTT-1,0,paclitaxel
Data8_sample_30_TTGGTTTGTTTGTTGG-1,0,paclitaxel
Data8_sample_30_TTGTGGAAGGCTCAAG-1,0,paclitaxel
Data8_sample_30_TTGTGGAAGTAGATCA-1,0,paclitaxel
Data8_sample_30_TTGTGGACAGGTCTCG-1,0,paclitaxel
Data8_sample_30_TTGTGGAGTACCTGTA-1,0,paclitaxel
Data8_sample_30_TTGTGGAGTCACTCTC-1,0,paclitaxel
Data8_sample_30_TTGTGGATCGGCTGAC-1,0,paclitaxel
Data8_sample_30_TTGTGGATCTTAGGAC-1,0,paclitaxel
Data8_sample_30_TTGTGTTAGAGGCTGT-1,0,paclitaxel
Data8_sample_30_TTGTGTTAGGTAGTAT-1,0,paclitaxel
Data8_sample_30_TTGTGTTCACAAATGA-1,0,paclitaxel
Data8_sample_30_TTGTGTTCACTCCGGA-1,0,paclitaxel
Data8_sample_30_TTGTGTTGTCGTTATG-1,0,paclitaxel
Data8_sample_30_TTGTGTTGTGCAACGA-1,0,paclitaxel
Data8_sample_30_TTGTGTTGTGGATCGA-1,0,paclitaxel
Data8_sample_30_TTGTGTTTCGGTAGGA-1,0,paclitaxel
Data8_sample_30_TTGTGTTTCTGGTTGA-1,0,paclitaxel
Data8_sample_30_TTGTTCACAGTCAGCC-1,0,paclitaxel
Data8_sample_30_TTGTTCAGTCGACTTA-1,0,paclitaxel
Data8_sample_30_TTGTTCATCCCAGCGA-1,0,paclitaxel
Data8_sample_30_TTGTTCATCCTCTCGA-1,0,paclitaxel
Data8_sample_30_TTGTTCATCGGCGATC-1,0,paclitaxel
Data8_sample_30_TTGTTGTAGCGGGTAT-1,0,paclitaxel
Data8_sample_30_TTGTTGTCACGTGTGC-1,0,paclitaxel
Data8_sample_30_TTGTTGTCAGGTTCGC-1,0,paclitaxel
Data8_sample_30_TTGTTGTCATGACGGA-1,0,paclitaxel
Data8_sample_30_TTGTTGTGTATGATCC-1,0,paclitaxel
Data8_sample_30_TTGTTGTGTATTTCTC-1,0,paclitaxel
Data8_sample_30_TTGTTGTGTGTTCAGT-1,0,paclitaxel
Data8_sample_30_TTGTTTGAGATTGGGC-1,0,paclitaxel
Data8_sample_30_TTGTTTGAGCCGCTTG-1,0,paclitaxel
Data8_sample_30_TTGTTTGAGTCATGCT-1,0,paclitaxel
Data8_sample_30_TTGTTTGCAAAGCACG-1,0,paclitaxel
Data8_sample_30_TTGTTTGCATCGAACT-1,0,paclitaxel
Data8_sample_30_TTGTTTGTCTTCGGAA-1,0,paclitaxel
Data8_sample_30_TTTACCACAAACGTGG-1,0,paclitaxel
Data8_sample_30_TTTACCACACAAATAG-1,0,paclitaxel
Data8_sample_30_TTTACCACACACCGAC-1,0,paclitaxel
Data8_sample_30_TTTACCACATTCAGGT-1,0,paclitaxel
Data8_sample_30_TTTACCAGTCCCGGTA-1,0,paclitaxel
Data8_sample_30_TTTACCAGTCTGTAAC-1,0,paclitaxel
Data8_sample_30_TTTACCAGTTATTCCT-1,0,paclitaxel
Data8_sample_30_TTTACGTAGCAATAGT-1,0,paclitaxel
Data8_sample_30_TTTACGTAGGCAGGTT-1,0,paclitaxel
Data8_sample_30_TTTACGTCAGATCCTA-1,0,paclitaxel
Data8_sample_30_TTTACGTGTGGTTCTA-1,0,paclitaxel
Data8_sample_30_TTTACGTTCCATCGTC-1,0,paclitaxel
Data8_sample_30_TTTACGTTCCTCAGGG-1,0,paclitaxel
Data8_sample_30_TTTACTGAGACGGATC-1,0,paclitaxel
Data8_sample_30_TTTACTGCAAATCAAG-1,0,paclitaxel
Data8_sample_30_TTTACTGCACCAACAT-1,0,paclitaxel
Data8_sample_30_TTTACTGCACCGTCTT-1,0,paclitaxel
Data8_sample_30_TTTACTGGTGGCGTAA-1,0,paclitaxel
Data8_sample_30_TTTAGTCAGAATTTGG-1,0,paclitaxel
Data8_sample_30_TTTAGTCAGCGGGTTA-1,0,paclitaxel
Data8_sample_30_TTTAGTCAGTAACGAT-1,0,paclitaxel
Data8_sample_30_TTTAGTCGTGTACAGG-1,0,paclitaxel
Data8_sample_30_TTTATGCAGAGCTGCA-1,0,paclitaxel
Data8_sample_30_TTTATGCAGCAACAAT-1,0,paclitaxel
Data8_sample_30_TTTATGCGTTGCAAGG-1,0,paclitaxel
Data8_sample_30_TTTATGCTCCCGTGAG-1,0,paclitaxel
Data8_sample_30_TTTATGCTCTCCCAAC-1,0,paclitaxel
Data8_sample_30_TTTCACAAGAAACCCG-1,0,paclitaxel
Data8_sample_30_TTTCACATCTTCTAAC-1,0,paclitaxel
Data8_sample_30_TTTCAGTAGCATGCGA-1,0,paclitaxel
Data8_sample_30_TTTCAGTCACGATTCA-1,0,paclitaxel
Data8_sample_30_TTTCAGTGTAACAGTA-1,0,paclitaxel
Data8_sample_30_TTTCAGTGTGGCTTGC-1,0,paclitaxel
Data8_sample_30_TTTCAGTGTTCCGCAG-1,0,paclitaxel
Data8_sample_30_TTTCATGAGGCTTTCA-1,0,paclitaxel
Data8_sample_30_TTTCATGCAAACTCGT-1,0,paclitaxel
Data8_sample_30_TTTCATGCAAGGATGC-1,0,paclitaxel
Data8_sample_30_TTTCATGGTCAATCTG-1,0,paclitaxel
Data8_sample_30_TTTCATGGTGTGAATA-1,0,paclitaxel
Data8_sample_30_TTTCATGTCAAGATAG-1,0,paclitaxel
Data8_sample_30_TTTCATGTCCAATCCC-1,0,paclitaxel
Data8_sample_30_TTTCCTCAGAAACTAC-1,0,paclitaxel
Data8_sample_30_TTTCCTCAGGCTGTAG-1,0,paclitaxel
Data8_sample_30_TTTCCTCAGGTGCCTC-1,0,paclitaxel
Data8_sample_30_TTTCCTCAGGTTAGTA-1,0,paclitaxel
Data8_sample_30_TTTCCTCGTGCAATGG-1,0,paclitaxel
Data8_sample_30_TTTCCTCGTGGATCAG-1,0,paclitaxel
Data8_sample_30_TTTCCTCTCCTTTGAT-1,0,paclitaxel
Data8_sample_30_TTTCGATCACGGGTAA-1,0,paclitaxel
Data8_sample_30_TTTCGATCAGGAGGTT-1,0,paclitaxel
Data8_sample_30_TTTCGATCATCGGCCA-1,0,paclitaxel
Data8_sample_30_TTTCGATCATCTTAGG-1,0,paclitaxel
Data8_sample_30_TTTCGATGTCACGTGC-1,0,paclitaxel
Data8_sample_30_TTTCGATGTTGATCGT-1,0,paclitaxel
Data8_sample_30_TTTCGATTCCACACCT-1,0,paclitaxel
Data8_sample_30_TTTCGATTCGCTGTTC-1,0,paclitaxel
Data8_sample_30_TTTGACTAGAAGCGAA-1,0,paclitaxel
Data8_sample_30_TTTGACTAGTGAGGTC-1,0,paclitaxel
Data8_sample_30_TTTGACTCACTAGGTT-1,0,paclitaxel
Data8_sample_30_TTTGACTCAGCGCGTT-1,0,paclitaxel
Data8_sample_30_TTTGACTCAGTGGCTC-1,0,paclitaxel
Data8_sample_30_TTTGACTGTACGGATG-1,0,paclitaxel
Data8_sample_30_TTTGACTGTCATAACC-1,0,paclitaxel
Data8_sample_30_TTTGACTGTCGTCAGC-1,0,paclitaxel
Data8_sample_30_TTTGACTTCCGAACGC-1,0,paclitaxel
Data8_sample_30_TTTGATCAGTCGAAGC-1,0,paclitaxel
Data8_sample_30_TTTGATCTCACCACAA-1,0,paclitaxel
Data8_sample_30_TTTGGAGAGCACTCTA-1,0,paclitaxel
Data8_sample_30_TTTGGAGCAGGTCCCA-1,0,paclitaxel
Data8_sample_30_TTTGGAGCATGGAGAC-1,0,paclitaxel
Data8_sample_30_TTTGGAGTCTAGCCTC-1,0,paclitaxel
Data8_sample_30_TTTGGTTTCATAGGCT-1,0,paclitaxel
Data8_sample_30_TTTGGTTTCCTTACCG-1,0,paclitaxel
Data8_sample_30_TTTGGTTTCGCTAGCG-1,0,paclitaxel
Data8_sample_30_TTTGGTTTCGTTCAGA-1,0,paclitaxel
Data8_sample_30_TTTGGTTTCTCTTCAA-1,0,paclitaxel
Data8_sample_30_TTTGTTGAGCTTCGTA-1,0,paclitaxel
Data8_sample_30_TTTGTTGCAAATGAGT-1,0,paclitaxel
Data8_sample_30_TTTGTTGCACATAGCT-1,0,paclitaxel
Data8_sample_30_TTTGTTGCACTGTGAT-1,0,paclitaxel
Data8_sample_30_TTTGTTGCAGACCGCT-1,0,paclitaxel
Data8_sample_30_TTTGTTGGTCCATCTC-1,0,paclitaxel
Data8_sample_30_TTTGTTGGTGGCAGAT-1,0,paclitaxel
Data8_sample_30_TTTGTTGGTTCTAAGC-1,0,paclitaxel
