cell,label,drug
Data11_GSM4494347_GTTTGCTGTTTC,1,erlotinib
Data11_GSM4494347_AGCAAATCACCG,1,erlotinib
Data11_GSM4494347_CATGCCTGGTGT,1,erlotinib
Data11_GSM4494347_CTTTAACCGCCT,1,erlotinib
Data11_GSM4494347_CACCCCCAAGCA,1,erlotinib
Data11_GSM4494347_CCCGCCACCCAG,1,erlotinib
Data11_GSM4494347_ACAGGAGACTAT,1,erlotinib
Data11_GSM4494347_AACGTCTATAAT,1,erlotinib
Data11_GSM4494347_TATCGAGTTCAA,1,erlotinib
Data11_GSM4494347_GACGCCGGCACT,1,erlotinib
Data11_GSM4494347_TTTCGCGGACCN,1,erlotinib
Data11_GSM4494347_CCATACAAGTTG,1,erlotinib
Data11_GSM4494347_GATCGCCAACTA,1,erlotinib
Data11_GSM4494347_GCTCCTTTTTTC,1,erlotinib
Data11_GSM4494347_CGCCCCCCTTGT,1,erlotinib
Data11_GSM4494347_AATGTGACCAGC,1,erlotinib
Data11_GSM4494347_CGGTAGAATTTA,1,erlotinib
Data11_GSM4494347_TGGCCAACTTTT,1,erlotinib
Data11_GSM4494347_GCATTACTGCCN,1,erlotinib
Data11_GSM4494347_CGTCCCCAACGC,1,erlotinib
Data11_GSM4494347_AAAATTGGGCTG,1,erlotinib
Data11_GSM4494347_TCAATTTCACGG,1,erlotinib
Data11_GSM4494347_CTACAGACGCCT,1,erlotinib
Data11_GSM4494347_TTGAAGCGACCA,1,erlotinib
Data11_GSM4494347_TTGCGAGCCTAT,1,erlotinib
Data11_GSM4494347_ATTGGTTCACAA,1,erlotinib
Data11_GSM4494347_ACAGAACATGTA,1,erlotinib
Data11_GSM4494347_CCGGCCAATCGA,1,erlotinib
Data11_GSM4494347_GGTTTTGCCCAC,1,erlotinib
Data11_GSM4494347_TTACACAATAAN,1,erlotinib
Data11_GSM4494347_GTCACGAACTCA,1,erlotinib
Data11_GSM4494347_CGAGCCCCCTTT,1,erlotinib
Data11_GSM4494347_GTTTAAGGTATA,1,erlotinib
Data11_GSM4494347_ACCTCGCGAAGG,1,erlotinib
Data11_GSM4494347_GAGCCATGTTTT,1,erlotinib
Data11_GSM4494347_GACACCCGAAAA,1,erlotinib
Data11_GSM4494347_GCACGAAAGCAG,1,erlotinib
Data11_GSM4494347_GGACCCCACAGC,1,erlotinib
Data11_GSM4494347_CAAAACTTGTGA,1,erlotinib
Data11_GSM4494347_TACTAAACTGGC,1,erlotinib
Data11_GSM4494347_ACCTTTCCACCA,1,erlotinib
Data11_GSM4494347_CACTTTAACCTT,1,erlotinib
Data11_GSM4494347_ACTTAACAAATC,1,erlotinib
Data11_GSM4494347_GTGCGTAACATC,1,erlotinib
Data11_GSM4494347_AAGGATCTATTA,1,erlotinib
Data11_GSM4494347_AACGACGCTTTN,1,erlotinib
Data11_GSM4494347_CTGATTGCTTGT,1,erlotinib
Data11_GSM4494347_TCGTCTGATCTC,1,erlotinib
Data11_GSM4494347_CAACCGTTATAA,1,erlotinib
Data11_GSM4494347_TACTACAGCTTA,1,erlotinib
Data11_GSM4494347_GGTAACACTATG,1,erlotinib
Data11_GSM4494347_CGGCATCTTCTT,1,erlotinib
Data11_GSM4494347_CTCATAAGTTTT,1,erlotinib
Data11_GSM4494347_CTCGCCCATTAN,1,erlotinib
Data11_GSM4494347_CTGCTTCAGTGC,1,erlotinib
Data11_GSM4494347_CCGAAAGCCATT,1,erlotinib
Data11_GSM4494347_GTTGGATTTGTN,1,erlotinib
Data11_GSM4494347_AGCTTGGACTCA,1,erlotinib
Data11_GSM4494347_ATGTTAGTGTCT,1,erlotinib
Data11_GSM4494347_AATCAATTGCCG,1,erlotinib
Data11_GSM4494347_TTACTAAGTAAC,1,erlotinib
Data11_GSM4494347_CGACGCCCCCGG,1,erlotinib
Data11_GSM4494347_GCGGAGCAGCGC,1,erlotinib
Data11_GSM4494347_CGAAAGACCGCA,1,erlotinib
Data11_GSM4494347_TACCGAACTTCT,1,erlotinib
Data11_GSM4494347_TAGACTTTCGTN,1,erlotinib
Data11_GSM4494347_GGCTAACACGAG,1,erlotinib
Data11_GSM4494347_GGAGCCCAACTG,1,erlotinib
Data11_GSM4494347_TAAAGCTCCAAT,1,erlotinib
Data11_GSM4494347_TTATAACCCGTG,1,erlotinib
Data11_GSM4494347_AGGCTTGGCTCG,1,erlotinib
Data11_GSM4494347_TCAATTCCTCCC,1,erlotinib
Data11_GSM4494347_ACCCGGGGAAGT,1,erlotinib
Data11_GSM4494347_GTACAACTCACG,1,erlotinib
Data11_GSM4494347_TCGATGATCTGC,1,erlotinib
Data11_GSM4494347_TTACGACCAGTT,1,erlotinib
Data11_GSM4494347_GTTTCTGCAATA,1,erlotinib
Data11_GSM4494347_GGTTATCATCCT,1,erlotinib
Data11_GSM4494347_GGAGAGCGACTG,1,erlotinib
Data11_GSM4494347_GCATGATCTCAT,1,erlotinib
Data11_GSM4494347_GTTCAGCCAAAA,1,erlotinib
Data11_GSM4494347_AGGCGCCTTTAT,1,erlotinib
Data11_GSM4494347_TATAGAACACGG,1,erlotinib
Data11_GSM4494347_AGATTATCCTAT,1,erlotinib
Data11_GSM4494347_AATCATAAATTA,1,erlotinib
Data11_GSM4494347_ATCATCGTAAAC,1,erlotinib
Data11_GSM4494347_GTATTTTCTCAA,1,erlotinib
Data11_GSM4494347_TCTATCTCAGAA,1,erlotinib
Data11_GSM4494347_ACACTAATACCC,1,erlotinib
Data11_GSM4494347_ATACTTGTATCT,1,erlotinib
Data11_GSM4494347_CGTGCTCGCTCT,1,erlotinib
Data11_GSM4494347_CTAAGAGAAAGN,1,erlotinib
Data11_GSM4494347_TATACCACCAGT,1,erlotinib
Data11_GSM4494347_GGCTGCAGGCAA,1,erlotinib
Data11_GSM4494347_GTCGGGGCGTGT,1,erlotinib
Data11_GSM4494347_CAGATAAGTCTG,1,erlotinib
Data11_GSM4494347_TGGCCTGTTTCC,1,erlotinib
Data11_GSM4494347_TGATATGCCAGG,1,erlotinib
Data11_GSM4494347_ATAGGTATTCTC,1,erlotinib
Data11_GSM4494347_GATTTTGAGTTA,1,erlotinib
Data11_GSM4494347_TTTCATATTTGT,1,erlotinib
Data11_GSM4494347_CACCCCCAAACA,1,erlotinib
Data11_GSM4494347_GCGAATAAGTTG,1,erlotinib
Data11_GSM4494347_CGAAGGATCTGA,1,erlotinib
Data11_GSM4494347_CTATTACGCCGT,1,erlotinib
Data11_GSM4494347_GGTTATGGCCTT,1,erlotinib
Data11_GSM4494347_GTGCAGTTACGA,1,erlotinib
Data11_GSM4494347_TACCGTAGATGG,1,erlotinib
Data11_GSM4494347_TGGAGAATGCTC,1,erlotinib
Data11_GSM4494347_TAAATGAAAAGT,1,erlotinib
Data11_GSM4494347_TAAGTCGAGTAA,1,erlotinib
Data11_GSM4494347_ATGATATACTTN,1,erlotinib
Data11_GSM4494347_GGCTCATCGTCA,1,erlotinib
Data11_GSM4494347_AATTAACCGGTG,1,erlotinib
Data11_GSM4494347_TCACGACATTGA,1,erlotinib
Data11_GSM4494347_CCCCCCAGAGGG,1,erlotinib
Data11_GSM4494347_GTAATAGATTAG,1,erlotinib
Data11_GSM4494347_CGCCTCGACGCG,1,erlotinib
Data11_GSM4494347_CGCACCGGACTT,1,erlotinib
Data11_GSM4494347_TTCGTCACGTTT,1,erlotinib
Data11_GSM4494347_AAGGTGGCGTAC,1,erlotinib
Data11_GSM4494347_CGGGTTGCTCGG,1,erlotinib
Data11_GSM4494347_CAGCTTCGCCGG,1,erlotinib
Data11_GSM4494347_CCTCTTCAGCAA,1,erlotinib
Data11_GSM4494347_GCTCCCCACGGC,1,erlotinib
Data11_GSM4494347_AAGCTAACACGC,1,erlotinib
Data11_GSM4494347_GACTCAATCGGG,1,erlotinib
Data11_GSM4494347_TCTTTCTTCCGC,1,erlotinib
Data11_GSM4494347_AATGTTCCGAGN,1,erlotinib
Data11_GSM4494347_ACCTGACTACCG,1,erlotinib
Data11_GSM4494347_AGTCCCTCAATT,1,erlotinib
Data11_GSM4494347_CAGGGGTAAAGT,1,erlotinib
Data11_GSM4494347_TCTAGTGTCGCA,1,erlotinib
Data11_GSM4494347_GCGCTTTTCGCC,1,erlotinib
Data11_GSM4494347_CGCTCATGGGAT,1,erlotinib
Data11_GSM4494347_GACCCTTTTTAN,1,erlotinib
Data11_GSM4494347_CAACATCGTCGA,1,erlotinib
Data11_GSM4494347_GTGTGCGCGCAA,1,erlotinib
Data11_GSM4494347_CATTAACGCCAA,1,erlotinib
Data11_GSM4494347_CAAGACCTTCCC,1,erlotinib
Data11_GSM4494347_CCATTAGAGAGC,1,erlotinib
Data11_GSM4494347_CGGACCCCCAAC,1,erlotinib
Data11_GSM4494347_AGCAAGCCTTAC,1,erlotinib
Data11_GSM4494347_ATAGACGCGACC,1,erlotinib
Data11_GSM4494347_ACAGGAACGTGG,1,erlotinib
Data11_GSM4494347_CACGTGTTGGCG,1,erlotinib
Data11_GSM4494347_GTGTATCACTAA,1,erlotinib
Data11_GSM4494347_CTGAGTAGGTCG,1,erlotinib
Data11_GSM4494347_ACAGAACATATA,1,erlotinib
Data11_GSM4494347_CGAGTAGCGGTT,1,erlotinib
Data11_GSM4494347_TAGGTGGACCCG,1,erlotinib
Data11_GSM4494347_GTGTTGGCCATG,1,erlotinib
Data11_GSM4494347_TCGGAACCCCCC,1,erlotinib
Data11_GSM4494347_TATTATGGTCTA,1,erlotinib
Data11_GSM4494347_TATAGCTTCTAC,1,erlotinib
Data11_GSM4494347_TACGCTTAATAN,1,erlotinib
Data11_GSM4494347_GGCTACGTCAGC,1,erlotinib
Data11_GSM4494347_TGCTTCCATAGG,1,erlotinib
Data11_GSM4494347_ACCCAGACCAGT,1,erlotinib
Data11_GSM4494347_CGGTAGATCATC,1,erlotinib
Data11_GSM4494347_TTTCTCCCAGTG,1,erlotinib
Data11_GSM4494347_CTGAATCGAATC,1,erlotinib
Data11_GSM4494347_AATTGGAAAGAG,1,erlotinib
Data11_GSM4494347_CAGGGAGTGCGA,1,erlotinib
Data11_GSM4494347_GAGGCATACACC,1,erlotinib
Data11_GSM4494347_CAGTCTGTTCAC,1,erlotinib
Data11_GSM4494347_AGGTGAGGCCTC,1,erlotinib
Data11_GSM4494347_CACACGACTCCT,1,erlotinib
Data11_GSM4494347_TAGTACCTGCGG,1,erlotinib
Data11_GSM4494347_TAGGGCACCCCG,1,erlotinib
Data11_GSM4494347_CTCCCAGTCTGG,1,erlotinib
Data11_GSM4494347_CGTGTATGGCGA,1,erlotinib
Data11_GSM4494347_AGCCGGTCGCGG,1,erlotinib
Data11_GSM4494347_CGATTCGTAGTT,1,erlotinib
Data11_GSM4494347_GCCATTCCTCTC,1,erlotinib
Data11_GSM4494347_TACATGAACTCG,1,erlotinib
Data11_GSM4494347_ACCTTGAATTAG,1,erlotinib
Data11_GSM4494347_GCGCCCCACACN,1,erlotinib
Data11_GSM4494347_GGTCCTAGGCAG,1,erlotinib
Data11_GSM4494347_GAGATGACTGTA,1,erlotinib
Data11_GSM4494347_AAGCTAGACAAA,1,erlotinib
Data11_GSM4494347_CTTGACCCCGAA,1,erlotinib
Data11_GSM4494347_ATGGAGCCCCCT,1,erlotinib
Data11_GSM4494347_CAGAAAGACTAA,1,erlotinib
Data11_GSM4494347_CTTAGCCCACTA,1,erlotinib
Data11_GSM4494347_AATTTTCTCCGC,1,erlotinib
Data11_GSM4494347_TTCTCTCCGATA,1,erlotinib
Data11_GSM4494347_ATACCGATCATC,1,erlotinib
Data11_GSM4494347_AGCACGTGCGTT,1,erlotinib
Data11_GSM4494347_TATACACTGCGG,1,erlotinib
Data11_GSM4494347_CTTCGTCTAAAG,1,erlotinib
Data11_GSM4494347_AGAACAATCAGG,1,erlotinib
Data11_GSM4494347_GCCTTTAGGCAT,1,erlotinib
Data11_GSM4494347_GAGGACACGTCG,1,erlotinib
Data11_GSM4494347_AACGATGGACAG,1,erlotinib
Data11_GSM4494347_CTTTTCTTCAAC,1,erlotinib
Data11_GSM4494347_TCACTTAATGCG,1,erlotinib
Data11_GSM4494347_CTAGGTCCTTCG,1,erlotinib
Data11_GSM4494347_GAGGACCCTCTA,1,erlotinib
Data11_GSM4494347_AACGGAGTAGAA,1,erlotinib
Data11_GSM4494347_TACTGAAACCTT,1,erlotinib
Data11_GSM4494347_TTCTGGTCAAAA,1,erlotinib
Data11_GSM4494347_TGGGCCATACTA,1,erlotinib
Data11_GSM4494347_GATCCTTCGTGT,1,erlotinib
Data11_GSM4494347_CAGAAACGGGAC,1,erlotinib
Data11_GSM4494347_AGACATCACGCN,1,erlotinib
Data11_GSM4494347_CAGGCAATCGTG,1,erlotinib
Data11_GSM4494347_ACCTTATAGAAC,1,erlotinib
Data11_GSM4494347_TTTTTGCGTGTT,1,erlotinib
Data11_GSM4494347_TCAACTCTTCAA,1,erlotinib
Data11_GSM4494347_CACCACTATCTA,1,erlotinib
Data11_GSM4494347_GCATTACTACCN,1,erlotinib
Data11_GSM4494347_GACTAAACGTAC,1,erlotinib
Data11_GSM4494347_CTTCGAGAGCCT,1,erlotinib
Data11_GSM4494347_TTGCCGAAACTT,1,erlotinib
Data11_GSM4494347_ATATCTCGATCT,1,erlotinib
Data11_GSM4494347_AACCGAGACGCC,1,erlotinib
Data11_GSM4494347_CGGTGTTTAGTC,1,erlotinib
Data11_GSM4494347_TCGAGTCCTAGC,1,erlotinib
Data11_GSM4494347_GTGCTGGTATTG,1,erlotinib
Data11_GSM4494347_TCGGATCAGTGG,1,erlotinib
Data11_GSM4494347_AGTGATGACCGG,1,erlotinib
Data11_GSM4494347_TTGCGACATAGA,1,erlotinib
Data11_GSM4494347_CTGGATGGGCAT,1,erlotinib
Data11_GSM4494347_ATGATGTTGATA,1,erlotinib
Data11_GSM4494347_AATCCCCCTGTA,1,erlotinib
Data11_GSM4494347_CAGCAACCCAGT,1,erlotinib
Data11_GSM4494347_TTTTACCCTGAG,1,erlotinib
Data11_GSM4494347_CGATTCGTAATT,1,erlotinib
Data11_GSM4494347_CTTAGGTACTCG,1,erlotinib
Data11_GSM4494347_AGGTTGCTCTGT,1,erlotinib
Data11_GSM4494347_ACAAAGGAAGCC,1,erlotinib
Data11_GSM4494347_ATCGTGTAATAC,1,erlotinib
Data11_GSM4494347_TAGGGCCCCCAA,1,erlotinib
Data11_GSM4494347_TCACTTAATACG,1,erlotinib
Data11_GSM4494347_CGAAGGGGGAGA,1,erlotinib
Data11_GSM4494347_AACACTTTCCCA,1,erlotinib
Data11_GSM4494347_AAACCGAAAAGG,1,erlotinib
Data11_GSM4494347_AAGCACATACAA,1,erlotinib
Data11_GSM4494347_ACCTGGGGCCAG,1,erlotinib
Data11_GSM4494347_TAGACTTTCATN,1,erlotinib
Data11_GSM4494347_CAGAAACGGAAC,1,erlotinib
Data11_GSM4494347_AAGATTCCGTCT,1,erlotinib
Data11_GSM4494347_CCCCCCAGAAGG,1,erlotinib
Data11_GSM4494347_TCGACAGGAATG,1,erlotinib
Data11_GSM4494347_GAGAGGATAAGG,1,erlotinib
Data11_GSM4494347_TTCCACCCCGTG,1,erlotinib
Data11_GSM4494347_TATATTGACTCT,1,erlotinib
Data11_GSM4494347_AGAGGACGGCTA,1,erlotinib
Data11_GSM4494347_GAAGCAGCCGCC,1,erlotinib
Data11_GSM4494347_AGCTCCTAGAAA,1,erlotinib
Data11_GSM4494347_AGGCCTGTATAC,1,erlotinib
Data11_GSM4494347_GGGACGAGACCT,1,erlotinib
Data11_GSM4494347_TAGGGATTAAAC,1,erlotinib
Data11_GSM4494347_AGACTAGCAGAG,1,erlotinib
Data11_GSM4494347_TACTAAACTAGC,1,erlotinib
Data11_GSM4494347_TCCCAACAGCGG,1,erlotinib
Data11_GSM4494347_AAACGGCGGATT,1,erlotinib
Data11_GSM4494347_ACTAGGGGTTGC,1,erlotinib
Data11_GSM4494347_CGAAAGACCACA,1,erlotinib
Data11_GSM4494347_TCTACGCGGATC,1,erlotinib
Data11_GSM4494347_AAGAGTGCATAC,1,erlotinib
Data11_GSM4494347_ATGTCGGTTCCC,1,erlotinib
Data11_GSM4494347_CCGGACTAAGTG,1,erlotinib
Data11_GSM4494347_GGACCCTAGACC,1,erlotinib
Data11_GSM4494347_GGGAGCGATTCN,1,erlotinib
Data11_GSM4494347_AGATCACCCGGT,1,erlotinib
Data11_GSM4494347_ACCGCGCAATGG,1,erlotinib
Data11_GSM4494347_TACGCGACATAG,1,erlotinib
Data11_GSM4494347_GTGTGCGGACCA,1,erlotinib
Data11_GSM4494347_GATGTGGTACCC,1,erlotinib
Data11_GSM4494347_CACCAATCTCGC,1,erlotinib
Data11_GSM4494347_GAGTCTTGATCN,1,erlotinib
Data11_GSM4494347_CATGAAACGCGC,1,erlotinib
Data11_GSM4494347_GGTAGCGAGATG,1,erlotinib
Data11_GSM4494347_AGCACCTTGGGC,1,erlotinib
Data11_GSM4494347_ACCGCGTAGATA,1,erlotinib
Data11_GSM4494347_TACGCTTAGTAN,1,erlotinib
Data11_GSM4494347_TGATCTAGACCG,1,erlotinib
Data11_GSM4494347_GCAGTCGCCTCA,1,erlotinib
Data11_GSM4494347_CTGATCCCGTTG,1,erlotinib
Data11_GSM4494347_CGCTCATGGAAT,1,erlotinib
Data11_GSM4494347_GCCTGTTCCTAA,1,erlotinib
Data11_GSM4494347_AATTAGCGGCCA,1,erlotinib
Data11_GSM4494347_TGGTGGAACTAC,1,erlotinib
Data11_GSM4494347_GCATGTAGTGTT,1,erlotinib
Data11_GSM4494347_GTAAGCGCGTGG,1,erlotinib
Data11_GSM4494347_CTCTAAACGGGG,1,erlotinib
Data11_GSM4494347_GGAGTATACTTG,1,erlotinib
Data11_GSM4494347_CAGGCCACGTCG,1,erlotinib
Data11_GSM4494347_ACCGGACCAAAC,1,erlotinib
Data11_GSM4494347_TAATCATAACAT,1,erlotinib
Data11_GSM4494347_AACTGATGCCAG,1,erlotinib
Data11_GSM4494347_ACATTAACTCAA,1,erlotinib
Data11_GSM4494347_TTATTGCCACTT,1,erlotinib
Data11_GSM4494347_TGACATCACTAG,1,erlotinib
Data11_GSM4494347_CGCGTGCCGCAC,1,erlotinib
Data11_GSM4494347_GGTAGACTCGTA,1,erlotinib
Data11_GSM4494347_CGTATCCTCGAC,1,erlotinib
Data11_GSM4494347_GTCATACAACAC,1,erlotinib
Data11_GSM4494347_TCGGTGCAACAG,1,erlotinib
Data11_GSM4494347_CTATGGGTCTAA,1,erlotinib
Data11_GSM4494347_CACTGAGACCCC,1,erlotinib
Data11_GSM4494347_ACGCAGGTTGAC,1,erlotinib
Data11_GSM4494347_GCCTGCACACCT,1,erlotinib
Data11_GSM4494347_GCAGGCGGCGGC,1,erlotinib
Data11_GSM4494347_TCTGCGCAACGG,1,erlotinib
Data11_GSM4494347_CGATTCTTACTT,1,erlotinib
Data11_GSM4494347_TACACCCAGTCA,1,erlotinib
Data11_GSM4494347_TTAATCCCAGGC,1,erlotinib
Data11_GSM4494347_TAATCGGCGATG,1,erlotinib
Data11_GSM4494347_GAATTGAATTCA,1,erlotinib
Data11_GSM4494347_TATTTCACACTG,1,erlotinib
Data11_GSM4494347_CCCGTGATATGN,1,erlotinib
Data11_GSM4494347_GTGGCTCAGCAT,1,erlotinib
Data11_GSM4494347_AACACGTGGTCT,1,erlotinib
Data11_GSM4494347_CTTTGTTCATGA,1,erlotinib
Data11_GSM4494347_AAGGGCAGTTGC,1,erlotinib
Data11_GSM4494347_ATAAACCTGGTA,1,erlotinib
Data11_GSM4494347_GGCTAACACAAG,1,erlotinib
Data11_GSM4494347_TTGTACAGACCC,1,erlotinib
Data11_GSM4494347_TCGACAGGAGTG,1,erlotinib
Data11_GSM4494347_GTTTTTCCCGTT,1,erlotinib
Data11_GSM4494347_GCTCCCCACAGC,1,erlotinib
Data11_GSM4494347_CAGTATCAAAAG,1,erlotinib
Data11_GSM4494347_GGTATTTATTCT,1,erlotinib
Data11_GSM4494347_GATTGGAACCGA,1,erlotinib
Data11_GSM4494347_GGAGGCGACCGA,1,erlotinib
Data11_GSM4494347_GATTTGGAGCTG,1,erlotinib
Data11_GSM4494347_AAGGTCGACTCC,1,erlotinib
Data11_GSM4494347_TAAAGCGACGGT,1,erlotinib
Data11_GSM4494347_GTCGAACAACCT,1,erlotinib
Data11_GSM4494347_TTACGAAGGCGC,1,erlotinib
Data11_GSM4494347_AGTGTACGCAAC,1,erlotinib
Data11_GSM4494347_GCCTTGGGGGGC,1,erlotinib
Data11_GSM4494347_CGAGCCTTCGCC,1,erlotinib
Data11_GSM4494347_AAGGCTCGCCTT,1,erlotinib
Data11_GSM4494347_CATATGGGACAA,1,erlotinib
Data11_GSM4494347_GAAGGTCGGGTT,1,erlotinib
Data11_GSM4494347_ACATCACTCAAC,1,erlotinib
Data11_GSM4494347_ATGGCACACCGT,1,erlotinib
Data11_GSM4494347_CTTCGGCGCCTN,1,erlotinib
Data11_GSM4494347_CGGGGCGTAAGC,1,erlotinib
Data11_GSM4494347_GCACCGCTTCTA,1,erlotinib
Data11_GSM4494347_GCGACTATGTCC,1,erlotinib
Data11_GSM4494347_GCATGTAGTATT,1,erlotinib
Data11_GSM4494347_CAGAGTAAGCAA,1,erlotinib
Data11_GSM4494347_ATCGCGCTGATC,1,erlotinib
Data11_GSM4494347_GAACACTTAATC,1,erlotinib
Data11_GSM4494347_TGGAGACTCGTA,1,erlotinib
Data11_GSM4494347_ACTATTTCCCGT,1,erlotinib
Data11_GSM4494347_GGATTCATTATG,1,erlotinib
Data11_GSM4494347_AAACCACCCCTG,1,erlotinib
Data11_GSM4494347_ACAAAGGAAACC,1,erlotinib
Data11_GSM4494347_GCTTCGACCGGG,1,erlotinib
Data11_GSM4494347_AAAATTTGCGGA,1,erlotinib
Data11_GSM4494347_AACGGAGTAAAA,1,erlotinib
Data11_GSM4494347_GGATGTAGCATG,1,erlotinib
Data11_GSM4494347_TCTATCTCAAAA,1,erlotinib
Data11_GSM4494347_TTACGACCAATT,1,erlotinib
Data11_GSM4494347_TTCTGATACAAG,1,erlotinib
Data11_GSM4494347_TAGGCAAGCCAT,1,erlotinib
Data11_GSM4494347_CACCGAGCAAAC,1,erlotinib
Data11_GSM4494347_GACGAATATACC,1,erlotinib
Data11_GSM4494347_TGGAGCTAAGAC,1,erlotinib
Data11_GSM4494347_GAAATCCACAAA,1,erlotinib
Data11_GSM4494347_TTATAACCCATG,1,erlotinib
Data11_GSM4494347_GACTCAATCAGG,1,erlotinib
Data11_GSM4494347_TGTGCCGGCTTT,1,erlotinib
Data11_GSM4494347_TGAGGCACGAGT,1,erlotinib
Data11_GSM4494347_TTCATTTGTTCA,1,erlotinib
Data11_GSM4494347_TCTAGTGTCACA,1,erlotinib
Data11_GSM4494347_ACATCGCCGGTG,1,erlotinib
Data11_GSM4494347_TCCGCATTGGCT,1,erlotinib
Data11_GSM4494347_AACGGACGGAAG,1,erlotinib
Data11_GSM4494347_AAAATTTGCAGA,1,erlotinib
Data11_GSM4494347_GCCGAATGTCGC,1,erlotinib
Data11_GSM4494347_CACGTGTTGACG,1,erlotinib
Data11_GSM4494347_GAGTCCGTCTAN,1,erlotinib
Data11_GSM4494347_GGCGGTCATTCT,1,erlotinib
Data11_GSM4494347_GGAAGTCCTGCG,1,erlotinib
Data11_GSM4494347_GTGACGTCCCAG,1,erlotinib
Data11_GSM4494347_CCTCCCTGGACA,1,erlotinib
Data11_GSM4494347_AATCTTGAAGGG,1,erlotinib
Data11_GSM4494347_TCTGCAGCCACG,1,erlotinib
Data11_GSM4494347_AAAAAAGAGCTA,1,erlotinib
Data11_GSM4494347_CCGTAAGCTGCT,1,erlotinib
Data11_GSM4494347_GCCTGTACTGAT,1,erlotinib
Data11_GSM4494347_CGCCTCGACACG,1,erlotinib
Data11_GSM4494347_TAAGTTCGGAAC,1,erlotinib
Data11_GSM4494347_CCGGACTAAATG,1,erlotinib
Data11_GSM4494347_GCAGGCGGCAGC,1,erlotinib
Data11_GSM4494347_CCCCTACTCGAA,1,erlotinib
Data11_GSM4494347_CTCACACGCGCT,1,erlotinib
Data11_GSM4494347_CTCGGTCAGGGN,1,erlotinib
Data11_GSM4494347_AATTAACCGATG,1,erlotinib
Data11_GSM4494347_TAAACACCTAAA,1,erlotinib
Data11_GSM4494347_CCTCCCTGGGCA,1,erlotinib
Data11_GSM4494347_CGACAAACGGAT,1,erlotinib
Data11_GSM4494347_AGCCGAGCAGGC,1,erlotinib
Data11_GSM4494347_GCGCTTTTCACC,1,erlotinib
Data11_GSM4494347_CGATGAGCTGAT,1,erlotinib
Data11_GSM4494347_GACCTGTCGGCA,1,erlotinib
Data11_GSM4494347_CAGTCATTTCAN,1,erlotinib
Data11_GSM4494347_TTTTTGCGTATT,1,erlotinib
Data11_GSM4494347_AGCGTGACCGTG,1,erlotinib
Data11_GSM4494347_CAATTGCACCTC,1,erlotinib
Data11_GSM4494347_CGAGTAGCGATT,1,erlotinib
Data11_GSM4494347_GTTCCCTGACGA,1,erlotinib
Data11_GSM4494347_GAAGGTCGGATT,1,erlotinib
Data11_GSM4494347_TGAGTCGCGCCG,1,erlotinib
Data11_GSM4494347_CGGTGTTTAATC,1,erlotinib
Data11_GSM4494347_TTATCCGGATAG,1,erlotinib
Data11_GSM4494347_TAGCCAAACTAC,1,erlotinib
Data11_GSM4494347_ATGTTCACGCCC,1,erlotinib
Data11_GSM4494347_GGACGACCCATC,1,erlotinib
Data11_GSM4494347_GATGGAGTCTCG,1,erlotinib
Data11_GSM4494347_AGCACGTGCATT,1,erlotinib
Data11_GSM4494347_TACTCTGATATT,1,erlotinib
Data11_GSM4494347_AACCGAGACACC,1,erlotinib
Data11_GSM4494347_TATGTGGTATAG,1,erlotinib
Data11_GSM4494347_ACTTAGGCCGCA,1,erlotinib
Data11_GSM4494347_CCCATCGGCGTT,1,erlotinib
Data11_GSM4494347_AGGCGAGCGCAT,1,erlotinib
Data11_GSM4494347_ATACAACTGGGG,1,erlotinib
Data11_GSM4494347_GTTCACAACCCG,1,erlotinib
Data11_GSM4494347_CAGACACGATTT,1,erlotinib
Data11_GSM4494347_AGACATCACACN,1,erlotinib
Data11_GSM4494347_CAGGCAATCATG,1,erlotinib
Data11_GSM4494347_TTAATCCCAAGC,1,erlotinib
Data11_GSM4494347_ACGGCAATGGAC,1,erlotinib
Data11_GSM4494347_TATCGAAATGCT,1,erlotinib
Data11_GSM4494347_AGTAGGTATAAG,1,erlotinib
Data11_GSM4494347_CTGCTTCTTAGC,1,erlotinib
Data11_GSM4494347_TCAAAGAAGGAC,1,erlotinib
Data11_GSM4494347_AGTGAAATTAGA,1,erlotinib
Data11_GSM4494347_GTACGCCAGAGT,1,erlotinib
Data11_GSM4494347_AATTAAGGTAGG,1,erlotinib
Data11_GSM4494347_ATTCCAAGAGCA,1,erlotinib
Data11_GSM4494347_GCCGGCTCCGCA,1,erlotinib
Data11_GSM4494347_GTAGCAGACGAT,1,erlotinib
Data11_GSM4494347_TAGCGTCTCTAA,1,erlotinib
Data11_GSM4494347_AACTAAGAACTC,1,erlotinib
Data11_GSM4494347_CAGATGCGCCCC,1,erlotinib
Data11_GSM4494347_AAGTTAAGTTAA,1,erlotinib
Data11_GSM4494347_GCCTTGGGGAGC,1,erlotinib
Data11_GSM4494347_AGACTAGCAAAG,1,erlotinib
Data11_GSM4494347_TGCCATCCAACC,1,erlotinib
Data11_GSM4494347_TGACATTATATG,1,erlotinib
Data11_GSM4494347_TGAGTTTATTGT,1,erlotinib
Data11_GSM4494347_TACCACCGGGCT,1,erlotinib
Data11_GSM4494347_AGGTAGGTAGCC,1,erlotinib
Data11_GSM4494347_TTGGGACACCGA,1,erlotinib
Data11_GSM4494347_ATCACAGATATA,1,erlotinib
Data11_GSM4494347_CGCTAAGCCGTT,1,erlotinib
Data11_GSM4494347_CCCATCGGCATT,1,erlotinib
Data11_GSM4494347_TCTCAGTTAACT,1,erlotinib
Data11_GSM4494347_CCACGTATACTT,1,erlotinib
Data11_GSM4494347_ATATCGATCTCA,1,erlotinib
Data11_GSM4494347_TGCGGGGGGACT,1,erlotinib
Data11_GSM4494347_ATATAATTGGAA,1,erlotinib
Data11_GSM4494347_GCTCGGGGCTTC,1,erlotinib
Data11_GSM4494347_AGGCTAACATAC,1,erlotinib
Data11_GSM4494347_CAGTAGACGTCT,1,erlotinib
Data11_GSM4494347_TATAGCCTGTTA,1,erlotinib
Data11_GSM4494347_AATTGGAAAAAG,1,erlotinib
Data11_GSM4494347_TGAAAAATATTG,1,erlotinib
Data11_GSM4494347_TAAAGCGACAGT,1,erlotinib
Data11_GSM4494347_GTATTGAGTCAA,1,erlotinib
Data11_GSM4494347_CTCCGTTGAACN,1,erlotinib
Data11_GSM4494347_GTAAGCCCATTG,1,erlotinib
Data11_GSM4494347_CACACGAGCTCA,1,erlotinib
Data11_GSM4494347_ATAAACCTGATA,1,erlotinib
Data11_GSM4494347_TACCACCGGACT,1,erlotinib
Data11_GSM4494347_AACGAGCGTAGG,1,erlotinib
Data11_GSM4494347_GATCAAATTGGA,1,erlotinib
Data11_GSM4494347_TCAAATTTTACT,1,erlotinib
Data11_GSM4494347_GGTAGACTCATA,1,erlotinib
Data11_GSM4494347_TCCTCTAACCTG,1,erlotinib
Data11_GSM4494347_CTTGACCCCAAA,1,erlotinib
Data11_GSM4494347_CCACAACCGGGA,1,erlotinib
Data11_GSM4494347_CCTGTTGTATAC,1,erlotinib
Data11_GSM4494347_GATAAGCCCGTG,1,erlotinib
Data11_GSM4494347_AAAGCTGCACAN,1,erlotinib
Data11_GSM4494347_TTTCTCCCAATG,1,erlotinib
Data11_GSM4494347_GCATACGCGGCT,1,erlotinib
Data11_GSM4494347_GAGATGACTATA,1,erlotinib
Data11_GSM4494347_TCAAAGAAGAAC,1,erlotinib
Data11_GSM4494347_TTAATATGTTAN,1,erlotinib
Data11_GSM4494347_AGTGGAATTGAA,1,erlotinib
Data11_GSM4494347_TGTCTCCCTTGG,1,erlotinib
Data11_GSM4494347_GCTGGCCACCTA,1,erlotinib
Data11_GSM4494347_CGCCTACTCCTG,1,erlotinib
Data11_GSM4494347_AACCTCACCTCA,1,erlotinib
Data11_GSM4494347_ATATTACACAGC,1,erlotinib
Data11_GSM4494347_CCGTAAGCTACT,1,erlotinib
Data11_GSM4494347_ACGCAGGTTAAC,1,erlotinib
Data11_GSM4494347_TTAAGGTAACGC,1,erlotinib
Data11_GSM4494347_AGTTCTACACGA,1,erlotinib
Data11_GSM4494347_AGTACGAACCTC,1,erlotinib
Data11_GSM4494347_GCTTTATGAGAC,1,erlotinib
Data11_GSM4494347_AGTTATTTTTTA,1,erlotinib
Data11_GSM4494347_CGCATTGCGGTC,1,erlotinib
Data11_GSM4494347_GACAGGTCTAGT,1,erlotinib
Data11_GSM4494347_AGCATTGGAATT,1,erlotinib
Data11_GSM4494347_CTTGAAGAGAAA,1,erlotinib
Data11_GSM4494347_GATCGGAACGGC,1,erlotinib
Data11_GSM4494347_TTCCACCCCATG,1,erlotinib
Data11_GSM4494347_GAACACTTAGTC,1,erlotinib
Data11_GSM4494347_TTGGTGCAAGTG,1,erlotinib
Data11_GSM4494347_AGACATCATGTN,1,erlotinib
Data11_GSM4494347_GGTGCCCTAACC,1,erlotinib
Data11_GSM4494347_AAGAAGGAAGTG,1,erlotinib
Data11_GSM4494347_CCATACCACATN,1,erlotinib
Data11_GSM4494347_TTTTACCCTAAG,1,erlotinib
Data11_GSM4494347_AGACACTTCGTG,1,erlotinib
Data11_GSM4494347_GGATGCTAGTCT,1,erlotinib
Data11_GSM4494347_CGTATCCTCAAC,1,erlotinib
Data11_GSM4494347_CTCGCGGTGATT,1,erlotinib
Data11_GSM4494347_ACGAGAAATGAG,1,erlotinib
Data11_GSM4494347_GACAGGTCTGGT,1,erlotinib
Data11_GSM4494347_AAAGGGCACTTA,1,erlotinib
Data11_GSM4494347_CATACGTTTCTG,1,erlotinib
Data11_GSM4494347_ATTCCAAGAACA,1,erlotinib
Data11_GSM4494347_AAGTTTTAGCGG,1,erlotinib
Data11_GSM4494347_ACTTAGGCCACA,1,erlotinib
Data11_GSM4494347_TGGAGCTAAAAC,1,erlotinib
Data11_GSM4494347_ACGGCAATGAAC,1,erlotinib
Data11_GSM4494347_TACTTTAAGGGC,1,erlotinib
Data11_GSM4494347_AGATCACCCAGT,1,erlotinib
Data11_GSM4494347_ATACTAGGCGCT,1,erlotinib
Data11_GSM4494347_GAAGCAGCCACC,1,erlotinib
Data11_GSM4494347_TACTAGCTGACG,1,erlotinib
Data11_GSM4494347_CGATGAGCTAAT,1,erlotinib
Data11_GSM4494347_AATCCCCCTATA,1,erlotinib
Data11_GSM4494347_TGGAGACTCATA,1,erlotinib
Data11_GSM4494347_ATTCCCCGCGAC,1,erlotinib
Data11_GSM4494347_CTGATTGGTTGA,1,erlotinib
Data11_GSM4494347_GTAGCGGTTTTT,1,erlotinib
Data11_GSM4494347_CATGAAGCGTAA,1,erlotinib
Data11_GSM4494347_CCGGGAAGGTCG,1,erlotinib
Data11_GSM4494347_GGTGTGATCGAA,1,erlotinib
Data11_GSM4494347_AGTGGAATTAAA,1,erlotinib
Data11_GSM4494347_ACCATCGATTGG,1,erlotinib
Data11_GSM4494347_AGCACCTTGAGC,1,erlotinib
Data11_GSM4494347_GTGGATCCGACG,1,erlotinib
Data11_GSM4494347_AGGAAGTAGTTG,1,erlotinib
Data11_GSM4494347_TATTGAAGAAAG,1,erlotinib
Data11_GSM4494347_AATGGCGGGCGG,1,erlotinib
Data11_GSM4494347_GGGTTACCCTCT,1,erlotinib
Data11_GSM4494347_GGCGACTCAATA,1,erlotinib
Data11_GSM4494347_ATGCGTACAGGT,1,erlotinib
Data11_GSM4494347_AAGTTAACAAAT,1,erlotinib
Data11_GSM4494347_GCTACGACCGGN,1,erlotinib
Data11_GSM4494347_CTCAATCTCCAG,1,erlotinib
Data11_GSM4494347_CAGATTTGCGGC,1,erlotinib
Data11_GSM4494347_CGGAGAAGCTCG,1,erlotinib
Data11_GSM4494347_TACGGAGCCCGG,1,erlotinib
Data11_GSM4494347_ATCTCGAATGTG,1,erlotinib
Data11_GSM4494347_TACGAGCAGAGT,1,erlotinib
Data11_GSM4494347_GGCCGCACTGAA,1,erlotinib
Data11_GSM4494347_AATCTTGAAAGG,1,erlotinib
Data11_GSM4494347_ATGGAGTGAAGC,1,erlotinib
Data11_GSM4494347_ATACTAGGCACT,1,erlotinib
Data11_GSM4494347_ATAGGGGGACTG,1,erlotinib
Data11_GSM4494347_CTCTAAACGAGG,1,erlotinib
Data11_GSM4494347_AGTATGTCAACC,1,erlotinib
Data11_GSM4494347_TTAGTGAAGTGA,1,erlotinib
Data11_GSM4494347_GCCTGTACTAAT,1,erlotinib
Data11_GSM4494347_TTGTGTATCGTT,1,erlotinib
Data11_GSM4494347_GTTTTTCCCATT,1,erlotinib
Data11_GSM4494347_AGCCAATCACCG,1,erlotinib
Data11_GSM4494347_CCCCTACTCAAA,1,erlotinib
Data11_GSM4494347_AGCCGAGCAAGC,1,erlotinib
Data11_GSM4494347_AATTACGTCTAG,1,erlotinib
Data11_GSM4494347_TCCACAGTATCN,1,erlotinib
Data11_GSM4494347_GTAGCAGACAAT,1,erlotinib
Data11_GSM4494347_TCCGCCACGACN,1,erlotinib
Data11_GSM4494347_GGTACTAAAGTA,1,erlotinib
Data11_GSM4494347_GGAAGTCCTACG,1,erlotinib
Data11_GSM4494347_GTAGAGTCGAGG,1,erlotinib
Data11_GSM4494347_TTCCTGCTAGAA,1,erlotinib
Data11_GSM4494347_CTCGGTCAGAGN,1,erlotinib
Data11_GSM4494347_TATAGTAGCCAG,1,erlotinib
Data11_GSM4494347_AGGGCCCTCTAT,1,erlotinib
Data11_GSM4494347_ACATCGCCGATG,1,erlotinib
Data11_GSM4494347_GTAATAAGTGCC,1,erlotinib
Data11_GSM4494347_GGCTTCCGACCT,1,erlotinib
Data11_GSM4494347_GTAGAGTCGGGG,1,erlotinib
Data11_GSM4494347_AATTCAACCTTA,1,erlotinib
Data11_GSM4494347_TATCGAAATACT,1,erlotinib
Data11_GSM4494347_AAGAAGGAAATG,1,erlotinib
Data11_GSM4494347_CCACAACCGAGA,1,erlotinib
Data11_GSM4494347_GCTTCGACCAGG,1,erlotinib
Data11_GSM4494347_CGAGCCTTCACC,1,erlotinib
Data11_GSM4494347_CTCACACGCACT,1,erlotinib
Data11_GSM4494347_CCACATCCTCGT,1,erlotinib
Data11_GSM4494347_CGAAGCGTTCCG,1,erlotinib
Data11_GSM4494347_TACGAGCAGGGT,1,erlotinib
Data11_GSM4494347_AGAAGGACGTAA,1,erlotinib
Data11_GSM4494347_AGCGTGACCATG,1,erlotinib
Data11_GSM4494347_ACGAGAAATAAG,1,erlotinib
Data11_GSM4494347_AGGTAGGTAACC,1,erlotinib
Data11_GSM4494347_CACCCCCAACCA,1,erlotinib
Data11_GSM4494347_CGACAAACGAAT,1,erlotinib
Data11_GSM4494347_CGCTAAGCCATT,1,erlotinib
Data11_GSM4494347_ACAGAACATCTA,1,erlotinib
Data11_GSM4494347_AGGGCCTACAAC,1,erlotinib
Data11_GSM4494347_AATCCGAGGCGT,1,erlotinib
Data11_GSM4494347_GTACGGTTCGTG,1,erlotinib
Data11_GSM4494347_CCCGGCGTAAAT,1,erlotinib
Data11_GSM4494347_TACACAAGTTGA,1,erlotinib
Data11_GSM4494347_ATATAATTGAAA,1,erlotinib
Data11_GSM4494347_GGCGAAACAAAG,1,erlotinib
Data11_GSM4494347_GACCTGTCGACA,1,erlotinib
Data11_GSM4494347_TTGGTGCAAATG,1,erlotinib
Data11_GSM4494347_GGGCGTTCTTAN,1,erlotinib
Data11_GSM4494347_GCAACCCCAAGN,1,erlotinib
Data11_GSM4494347_ATATCGCCCCTG,1,erlotinib
Data11_GSM4494347_TTCATGAATATT,1,erlotinib
Data11_GSM4494347_CGGGCGAACGTT,1,erlotinib
Data11_GSM4494347_GGCCGTCGATTG,1,erlotinib
Data11_GSM4494347_GTTGTCGTCATG,1,erlotinib
Data11_GSM4494347_GCGCTACAATAA,1,erlotinib
Data11_GSM4494347_AATAAGGAACTG,1,erlotinib
Data11_GSM4494347_CAGGCCCATAGC,1,erlotinib
Data11_GSM4494347_GACCCCCGAAAA,1,erlotinib
Data11_GSM4494347_ATACAACTGAGG,1,erlotinib
Data11_GSM4494347_AATTGAGTCCGA,1,erlotinib
Data11_GSM4494347_CCCTTTCCACCA,1,erlotinib
Data11_GSM4494347_GTACGGTTCATG,1,erlotinib
Data11_GSM4494347_CACAGAGCTGGG,1,erlotinib
Data11_GSM4494347_CCAGGAGACTAT,1,erlotinib
Data11_GSM4494347_CGCTATCTTGCG,1,erlotinib
Data11_GSM4494347_GCATACGCGACT,1,erlotinib
Data11_GSM4494347_GATCAAATTAGA,1,erlotinib
Data11_GSM4494347_TACGCTTACTAN,1,erlotinib
Data11_GSM4494347_GCATATCATAAN,1,erlotinib
Data11_GSM4494347_CGCATTGCGATC,1,erlotinib
Data11_GSM4494347_CGCAAATCACCG,1,erlotinib
Data11_GSM4494347_TTCATGAATGTT,1,erlotinib
Data11_GSM4494347_TAGCATGAATTT,1,erlotinib
Data11_GSM4494347_GGTGTGATCAAA,1,erlotinib
Data11_GSM4494347_GTAATAAGTACC,1,erlotinib
Data11_GSM4494347_CCCGGCGTAGAT,1,erlotinib
Data11_GSM4494347_GCGCATAAGTTG,1,erlotinib
Data11_GSM4494347_AGACATCATATN,1,erlotinib
Data11_GSM4494347_ACGGTACTCTAC,1,erlotinib
Data11_GSM4494347_TCCGCATTGACT,1,erlotinib
Data11_GSM4494347_GGACCCTATTTC,1,erlotinib
Data11_GSM4494347_GCTACGACCAGN,1,erlotinib
Data11_GSM4494347_GCCATTTCACGA,1,erlotinib
Data11_GSM4494347_GCCGGCTCCACA,1,erlotinib
Data11_GSM4494347_TTGTGTATCATT,1,erlotinib
Data11_GSM4494347_GCTTTATGAAAC,1,erlotinib
Data11_GSM4494347_ATCTCGAATATG,1,erlotinib
Data11_GSM4494347_ACTGTTCATGAA,1,erlotinib
Data11_GSM4494347_TTGATTACAGTG,1,erlotinib
Data11_GSM4494347_GATCGGAACAGC,1,erlotinib
Data11_GSM4494347_GAGCATGGGAGG,1,erlotinib
Data11_GSM4494347_GACTGCGTGGAA,1,erlotinib
Data11_GSM4494347_CAATTCCTTGGT,1,erlotinib
Data11_GSM4494347_CACAGAGCTAGG,1,erlotinib
Data11_GSM4494347_TTAAGACAACTC,1,erlotinib
Data11_GSM4494347_ACAGGTAGGTGT,1,erlotinib
Data11_GSM4494347_CATAGTGGTTAA,1,erlotinib
Data11_GSM4494347_ACTGAGAGTACN,1,erlotinib
Data11_GSM4494347_GCAGGAGACTAT,1,erlotinib
Data11_GSM4494347_TCACTTTCACGG,1,erlotinib
Data11_GSM4494347_TACTTTAAGAGC,1,erlotinib
Data11_GSM4494347_CGACACTCACTA,1,erlotinib
Data11_GSM4494347_TAACGCTCCAAT,1,erlotinib
Data11_GSM4494347_ACCTTTTCAGCC,1,erlotinib
Data11_GSM4494347_TAACAAAAGGGN,1,erlotinib
Data11_GSM4494347_GGGCGCCTTTAT,1,erlotinib
Data11_GSM4494347_GTTGATAAACCG,1,erlotinib
Data11_GSM4494347_TTGCAGCGACCA,1,erlotinib
Data11_GSM4494347_TGGGACCATGCN,1,erlotinib
Data11_GSM4494347_ACTTGTCTCAAA,1,erlotinib
Data11_GSM4494347_AGACACTTCATG,1,erlotinib
Data11_GSM4494347_GCATTACTCCCN,1,erlotinib
Data11_GSM4494347_TCCAGTAGCCGT,1,erlotinib
Data11_GSM4494347_CAGGATCTATTA,1,erlotinib
Data11_GSM4494347_GATAAGCCCATG,1,erlotinib
Data11_GSM4494347_ACTTGTCTCGAA,1,erlotinib
Data11_GSM4494347_ACCTCCTCGCGC,1,erlotinib
Data11_GSM4494347_CCGGATATTGAN,1,erlotinib
Data11_GSM4494347_GCACCATACTGT,1,erlotinib
Data11_GSM4494347_TAGACTTTCCTN,1,erlotinib
Data11_GSM4494347_TACTAAACTCGC,1,erlotinib
Data11_GSM4494347_ACCCACCCATGG,1,erlotinib
Data11_GSM4494347_CAAATTGGGCTG,1,erlotinib
Data11_GSM4494347_GCCCGGGGAAGT,1,erlotinib
Data11_GSM4494347_AAACTTGGGCTG,1,erlotinib
Data11_GSM4494347_CGTCAAATCTCC,1,erlotinib
Data11_GSM4494347_TAATAACGGTCG,1,erlotinib
Data11_GSM4494347_TCACTTAATCCG,1,erlotinib
Data11_GSM4494347_CAGATTTGCAGC,1,erlotinib
Data11_GSM4494347_TAGCCTTTCGTN,1,erlotinib
Data11_GSM4494347_GTTCCCGCTTGT,1,erlotinib
Data11_GSM4494347_GCATTTCAAGCT,1,erlotinib
Data11_GSM4494347_CAACACTTGTGA,1,erlotinib
Data11_GSM4494347_GGTCACACTATG,1,erlotinib
Data11_GSM4494347_GTCTTTATCTGT,1,erlotinib
Data11_GSM4494347_GTCCCGAACTCA,1,erlotinib
Data11_GSM4494347_TATTACGCCGTN,1,erlotinib
Data11_GSM4494347_AACATTCGATAA,1,erlotinib
Data11_GSM4494347_AAAGCACATGGC,1,erlotinib
Data11_GSM4494347_GCCGATCGTATC,1,erlotinib
Data11_GSM4494347_ATGCGTACAAGT,1,erlotinib
Data11_GSM4494347_CACGTCTATAAT,1,erlotinib
Data11_GSM4494347_GGCAAATCACCG,1,erlotinib
Data11_GSM4494347_TATCCACTGCGG,1,erlotinib
Data11_GSM4494347_CATCTGACAACT,1,erlotinib
Data11_GSM4494347_CCTTAACAAATC,1,erlotinib
Data11_GSM4494347_GGGGATACCTAG,1,erlotinib
Data11_GSM4494347_CGAAAGACCCCA,1,erlotinib
Data11_GSM4494347_ATTCCCCGCAAC,1,erlotinib
Data11_GSM4494347_CAGTGTCTAGGC,1,erlotinib
Data11_GSM4494347_CGAGTAGCGCTT,1,erlotinib
Data11_GSM4494347_TGACCTCCTTGN,1,erlotinib
Data11_GSM4494347_ATATGGATTTCG,1,erlotinib
Data11_GSM4494347_CGATTCGTACTT,1,erlotinib
Data11_GSM4494347_TAACAAAAGAGN,1,erlotinib
Data11_GSM4494347_GTACTAGATTAG,1,erlotinib
Data11_GSM4494347_GGCTAACACCAG,1,erlotinib
Data11_GSM4494347_CAGAAACGGCAC,1,erlotinib
Data11_GSM4494347_GCCGCCGGCACT,1,erlotinib
Data11_GSM4494347_GTATATTTCGGG,1,erlotinib
Data11_GSM4494347_TTGATTACAATG,1,erlotinib
Data11_GSM4494347_CATGTGACCAGC,1,erlotinib
Data11_GSM4494347_TTCCTGCTAAAA,1,erlotinib
Data11_GSM4494347_ATTGCGCCAATG,1,erlotinib
Data11_GSM4494347_CGGCCCCCCAAC,1,erlotinib
Data11_GSM4494347_CGCTATCTTACG,1,erlotinib
Data11_GSM4494347_TACTCCAGCCAC,1,erlotinib
Data11_GSM4494347_TATCGAACACGG,1,erlotinib
Data11_GSM4494347_GGGTGAGGCCTC,1,erlotinib
Data11_GSM4494347_TAAGTACAATGA,1,erlotinib
Data11_GSM4494347_CTAATCCTGCTN,1,erlotinib
Data11_GSM4494347_CGCTTGGACTCA,1,erlotinib
Data11_GSM4494347_CCAGAACATGTA,1,erlotinib
Data11_GSM4494347_CGGATTCACCTT,1,erlotinib
Data11_GSM4494347_TAGGGACCACGG,1,erlotinib
Data11_GSM4494347_TATCCCACCAGT,1,erlotinib
Data11_GSM4494347_CTCCTAAGTTTT,1,erlotinib
Data11_GSM4494347_TCGCTGATCTGC,1,erlotinib
Data11_GSM4494347_CAGGCAGGAACT,1,erlotinib
Data11_GSM4494347_CTGTTAGTGTCT,1,erlotinib
Data11_GSM4494347_CACACCCCACTA,1,erlotinib
Data11_GSM4494347_TGAGGTACTAAC,1,erlotinib
Data11_GSM4494347_TTATAACCCCTG,1,erlotinib
Data11_GSM4494347_AACCCTTTCCCA,1,erlotinib
Data11_GSM4494347_GGCCCCCACAGC,1,erlotinib
Data11_GSM4494347_TAACTGAAAAGT,1,erlotinib
Data11_GSM4494347_TCTATCTCACAA,1,erlotinib
Data11_GSM4494347_GGTACTAAAATA,1,erlotinib
Data11_GSM4494347_TCGACAGGACTG,1,erlotinib
Data11_GSM4494347_ACCGCACGTACG,1,erlotinib
Data11_GSM4494347_GCATGTAGTCTT,1,erlotinib
Data11_GSM4494347_CAACCTTATAGN,1,erlotinib
Data11_GSM4494347_CAGCTAACACGC,1,erlotinib
Data11_GSM4494347_TCACTTCCTCCC,1,erlotinib
Data11_GSM4494347_CCGCCAACCTTT,1,erlotinib
Data11_GSM4494347_CAGCTAAGTCTG,1,erlotinib
Data11_GSM4494347_ATGCTATACTTN,1,erlotinib
Data11_GSM4494347_TAGATTACAGCN,1,erlotinib
Data11_GSM4494347_GGCCGGTCGCGG,1,erlotinib
Data11_GSM4494347_GTCTGACGCGGT,1,erlotinib
Data11_GSM4494347_TGTTAAGCTGAG,1,erlotinib
Data11_GSM4494347_CTGCTTGCTTGT,1,erlotinib
Data11_GSM4494347_GCTCCCCACCGC,1,erlotinib
Data11_GSM4494347_CCCCCCAGACGG,1,erlotinib
Data11_GSM4494347_GGCCGCACTAAA,1,erlotinib
Data11_GSM4494347_AACGGAGTACAA,1,erlotinib
Data11_GSM4494347_CGACGGATCTGA,1,erlotinib
Data11_GSM4494347_CGGCGCCTTTAT,1,erlotinib
Data11_GSM4494347_CCCGCCCCCCAG,1,erlotinib
Data11_GSM4494347_CGCGTTCGTGAT,1,erlotinib
Data11_GSM4494347_ACAAAGGAACCC,1,erlotinib
Data11_GSM4494347_AATTAATGAAGC,1,erlotinib
Data11_GSM4494347_TTACGACCACTT,1,erlotinib
Data11_GSM4494347_CGCCGCCCCCGG,1,erlotinib
Data11_GSM4494347_CCCCGGGGAAGT,1,erlotinib
Data11_GSM4494347_CCCGACTGACCG,1,erlotinib
Data11_GSM4494347_ATCCTCGTAAAC,1,erlotinib
Data11_GSM4494347_GCCTGACTACCG,1,erlotinib
Data11_GSM4494347_AAGCGTGCATAC,1,erlotinib
Data11_GSM4494347_GGGCCGAGACCT,1,erlotinib
Data11_GSM4494347_CACGACGCTTTN,1,erlotinib
Data11_GSM4494347_GCGCTTTTCCCC,1,erlotinib
Data11_GSM4494347_CATCCCCCATGA,1,erlotinib
Data11_GSM4494347_CGCTCATGGCAT,1,erlotinib
Data11_GSM4494347_CGACAGACCGCA,1,erlotinib
Data11_GSM4494347_CGCCCCGGACTT,1,erlotinib
Data11_GSM4494347_GGCGGTCACCGA,1,erlotinib
Data11_GSM4494347_CGAGGATGCGTG,1,erlotinib
Data11_GSM4494347_CCGCAAGCCATT,1,erlotinib
Data11_GSM4494347_GCCGCAAGTTCA,1,erlotinib
Data11_GSM4494347_ACTGTTCATAAA,1,erlotinib
Data11_GSM4494347_CGTCCGGCGATC,1,erlotinib
Data11_GSM4494347_GCCTCCTCGCCT,1,erlotinib
Data11_GSM4494347_CCCCCCCTGAGA,1,erlotinib
Data11_GSM4494347_GCCTTTCCACCA,1,erlotinib
Data11_GSM4494347_GTTGGCTCCCAG,1,erlotinib
Data11_GSM4494347_CAATTCCTTAGT,1,erlotinib
Data11_GSM4494347_GGTCTGATACAA,1,erlotinib
Data11_GSM4494347_ACCGAACCCTGC,1,erlotinib
Data11_GSM4494347_AATGAAGCGGCC,1,erlotinib
Data11_GSM4494347_CATAACCGTATC,1,erlotinib
Data11_GSM4494347_CCACCCAGCAGT,1,erlotinib
Data11_GSM4494347_ATGTTCCGTCGT,1,erlotinib
Data11_GSM4494347_TCCCCCCTAAAG,1,erlotinib
Data11_GSM4494347_CCCTCGCGAAGG,1,erlotinib
Data11_GSM4494347_CGCAACATACCT,1,erlotinib
Data11_GSM4494347_GTTGGTTCACAA,1,erlotinib
Data11_GSM4494347_GCCGACGCAATN,1,erlotinib
Data11_GSM4494347_CCCTGACTACCG,1,erlotinib
Data11_GSM4494347_GATAACCATTGC,1,erlotinib
Data11_GSM4494347_CGACGGGGGAGA,1,erlotinib
Data11_GSM4494347_CTTGATTTACTC,1,erlotinib
Data11_GSM4494347_GTTCCGTGCTTT,1,erlotinib
Data11_GSM4494347_CCGCCCCAACGA,1,erlotinib
Data11_GSM4494347_CATGACCAACTT,1,erlotinib
Data11_GSM4494347_CCCCCAAGCTCT,1,erlotinib
Data11_GSM4494347_GCCCCCCGCTTA,1,erlotinib
Data11_GSM4494347_CGAACGGCATTN,1,erlotinib
Data11_GSM4494347_TTTTGCTGTTTC,1,erlotinib
Data11_GSM4494347_CGTAAGGCTCGA,1,erlotinib
Data11_GSM4494347_CCAGGAACGTGG,1,erlotinib
Data11_GSM4494347_CCAGCCTGGAAN,1,erlotinib
Data11_GSM4494347_CGCCTCGACCCG,1,erlotinib
Data11_GSM4494347_GAGCGCGCATCG,1,erlotinib
Data11_GSM4494347_AGCCCGTGCGTT,1,erlotinib
Data11_GSM4494347_CGATCCCCATAA,1,erlotinib
Data11_GSM4494347_CTATTTGGCACC,1,erlotinib
Data11_GSM4494347_CGCCCGAACTAC,1,erlotinib
Data11_GSM4494347_CGCCATTCCAGC,1,erlotinib
Data11_GSM4494347_GCACTACACCTN,1,erlotinib
Data11_GSM4494347_GGGGCTGCCCTC,1,erlotinib
Data11_GSM4494347_GGCCAGCCCCTT,1,erlotinib
Data11_GSM4494347_TTTCAGCCTCTC,1,erlotinib
Data11_GSM4494347_GGTTGCTGTTTC,1,erlotinib
Data11_GSM4494347_CGCAAACCAAGC,1,erlotinib
Data11_GSM4494347_TCTAGTGTCCCA,1,erlotinib
Data11_GSM4494347_CGCGCCCCCTTT,1,erlotinib
Data11_GSM4494347_CCACTAATACCC,1,erlotinib
Data11_GSM4494347_TCGGAAGGCCCT,1,erlotinib
Data11_GSM4494347_AATGAGCCTAAA,1,erlotinib
Data11_GSM4494347_CGGGCGAACATT,1,erlotinib
Data11_GSM4494347_GACGCCCCCGGN,1,erlotinib
Data11_GSM4494347_TGTGGAGGTTCT,1,erlotinib
Data11_GSM4494347_GTCCCCAACCTG,1,erlotinib
Data11_GSM4494347_GGCGCCGGCACT,1,erlotinib
Data11_GSM4494347_GCAGAACATGTA,1,erlotinib
Data11_GSM4494347_GTGCTGGCGCGG,1,erlotinib
Data11_GSM4494347_ACAACTCCGCAG,1,erlotinib
Data11_GSM4494347_GCATTTTCGCCT,1,erlotinib
Data11_GSM4494347_GCCCTTAATTAN,1,erlotinib
Data11_GSM4494347_CGCTTGACATCC,1,erlotinib
Data11_GSM4494347_GCATTTCCTTTG,1,erlotinib
Data11_GSM4494347_GTCTCACTGCAA,1,erlotinib
Data11_GSM4494347_GCCTCCCGGTAN,1,erlotinib
Data11_GSM4494347_GCCTCGCGAAGG,1,erlotinib
Data11_GSM4494347_ACCCCAGATATC,1,erlotinib
Data11_GSM4494347_CGACCTGCCAGT,1,erlotinib
Data11_GSM4494347_GCGTGGCCCCAG,1,erlotinib
Data11_GSM4494347_AGTCATCCCCCC,1,erlotinib
Data11_GSM4494347_TCCTGGAAACCA,1,erlotinib
Data11_GSM4494347_GCCATCCGCCCG,1,erlotinib
Data11_GSM4494347_CCAGGGTTCGGG,1,erlotinib
Data11_GSM4494347_GCGCTTCGTCGT,1,erlotinib
Data11_GSM4494347_CACGTGTTGCCG,1,erlotinib
Data11_GSM4494347_GCGCCTATGTCC,1,erlotinib
Data11_GSM4494347_CCATGCTGCCTG,1,erlotinib
Data11_GSM4494347_GTTTATCGGCGC,1,erlotinib
Data11_GSM4494347_CAGGCAACGCTC,1,erlotinib
Data11_GSM4494347_CGGTGTCCGTTG,1,erlotinib
Data11_GSM4494347_CCAGCTAACCCN,1,erlotinib
Data11_GSM4494347_CCCCAGACCAGT,1,erlotinib
Data11_GSM4494347_GTCGGCTCGCGC,1,erlotinib
Data11_GSM4494347_CGTTTCAGCCTC,1,erlotinib
Data11_GSM4494347_CAGGCGTCCCGA,1,erlotinib
Data11_GSM4494347_CTGACCCGCCCT,1,erlotinib
Data11_GSM4494347_GATCTGTCCCAT,1,erlotinib
Data11_GSM4494347_GACGTCGCACGC,1,erlotinib
Data11_GSM4494347_GTCCTAGCGCGC,1,erlotinib
Data11_GSM4494347_GGCTTTTGCTTA,1,erlotinib
Data11_GSM4494347_GCCAACCTCAAT,1,erlotinib
Data11_GSM4494347_AGGCCCCGGTGA,1,erlotinib
Data11_GSM4494347_ATTTGCTGTTTC,1,erlotinib
Data11_GSM4494347_ATCCGCGCCATN,1,erlotinib
Data11_GSM4494347_TACCGGCCTTCG,1,erlotinib
Data11_GSM4494347_ACGCGGACTCAA,1,erlotinib
Data11_GSM4494347_GACTCGCCATGC,1,erlotinib
Data11_GSM4494347_GCCGCGCAATGG,1,erlotinib
Data11_GSM4494347_GCGACTCGCATC,1,erlotinib
Data11_GSM4494347_GCGATTTAAGTC,1,erlotinib
Data11_GSM4494347_CCTGGCTGTCGC,1,erlotinib
Data11_GSM4494347_TCTTGTTGCTCC,1,erlotinib
Data11_GSM4494347_CACCACATTTTG,1,erlotinib
Data11_GSM4494347_CGCGATCCGTTA,1,erlotinib
Data11_GSM4494347_CCCGCCGAGTAT,1,erlotinib
Data11_GSM4494347_GCCTCATCCCTT,1,erlotinib
Data11_GSM4494347_CCGTGACGTCTA,1,erlotinib
Data11_GSM4494347_GGGCGCGATTCN,1,erlotinib
Data11_GSM4494347_CGCTTCACACTT,1,erlotinib
Data11_GSM4494347_GCTTCTTCTTGN,1,erlotinib
Data11_GSM4494347_GCACTCCCGCTG,1,erlotinib
Data11_GSM4494347_GGCCAGTGACCA,1,erlotinib
Data11_GSM4494347_GGCCGCTCCCAC,1,erlotinib
Data11_GSM4494347_TTTAAGGCACGG,1,erlotinib
Data11_GSM4494347_CGGCCTCCCTAC,1,erlotinib
Data11_GSM4494347_CCATCCCCGCAC,1,erlotinib
Data11_GSM4494347_ACCGTATTCCTG,1,erlotinib
Data11_GSM4494347_TTCCCTGTTCGC,1,erlotinib
Data11_GSM4494347_CGGCGACACTGT,1,erlotinib
Data11_GSM4494347_GGGCTTGGCTCG,1,erlotinib
Data11_GSM4494347_TCCGCGCCGCAA,1,erlotinib
Data11_GSM4494347_TGGGACCATACN,1,erlotinib
Data11_GSM4494347_TTGTGCCTGATT,1,erlotinib
Data11_GSM4494347_CCGTCGCCGACN,1,erlotinib
Data11_GSM4494347_CGGCCCGCCTCC,1,erlotinib
Data11_GSM4494347_GCAGGAACGTGG,1,erlotinib
Data11_GSM4494347_AGCTATCGACCC,1,erlotinib
Data11_GSM4494347_CCCCTCCGCGTC,1,erlotinib
Data11_GSM4494347_CCGCCATAACTN,1,erlotinib
Data11_GSM4494347_GATACGGTCCCT,1,erlotinib
Data11_GSM4494347_GTTCCGGTTTGC,1,erlotinib
Data11_GSM4494347_CGGTCCCACCCT,1,erlotinib
Data11_GSM4494347_GTGTCCACGCCC,1,erlotinib
Data11_GSM4494347_CTTGAATGGTCC,1,erlotinib
Data11_GSM4494347_GCCGGACCAAAC,1,erlotinib
Data11_GSM4494347_TCTTGACGCCAG,1,erlotinib
Data11_GSM4494347_GTCCGCCCTTCG,1,erlotinib
Data11_GSM4494347_CGATTGCAATCC,1,erlotinib
Data11_GSM4494347_GCCGCTATGATN,1,erlotinib
Data11_GSM4494347_GCGCGAACAAGN,1,erlotinib
Data11_GSM4494347_CTGGGAAGTTCA,1,erlotinib
Data11_GSM4494347_GCCCCTAAGTGC,1,erlotinib
Data11_GSM4494347_GGTCTGCCCTGC,1,erlotinib
Data11_GSM4494347_CGCGCCCGGTCC,1,erlotinib
Data11_GSM4494347_CGCTCCCGCACG,1,erlotinib
Data11_GSM4494347_CGATCAGAGCTT,1,erlotinib
Data11_GSM4494347_GCACTCCTCTCG,1,erlotinib
Data11_GSM4494347_CGATCACTCCGA,1,erlotinib
Data11_GSM4494347_TGTCCACTGCCN,1,erlotinib
Data11_GSM4494347_GCGACTAAAAGC,1,erlotinib
Data11_GSM4494347_GCGCGCTGGCTG,1,erlotinib
Data11_GSM4494347_GGGTTCCGACAT,1,erlotinib
Data11_GSM4494347_CATTATGCGTCC,1,erlotinib
Data11_GSM4494347_CCGCACATCACG,1,erlotinib
Data11_GSM4494347_CGAGTTGCCCAG,1,erlotinib
Data11_GSM4494347_TTCCCGCTCAAC,1,erlotinib
Data11_GSM4494347_GCCTCATATTCG,1,erlotinib
Data11_GSM4494347_TGGTAATCCATT,1,erlotinib
Data11_GSM4494347_CCAGTGTCCCAT,1,erlotinib
Data11_GSM4494347_TCGGCGTTCAAC,1,erlotinib
Data11_GSM4494347_CGCCGTGCGAGC,1,erlotinib
Data11_GSM4494347_TCATCTCCCACG,1,erlotinib
Data11_GSM4494347_TAGCTCTAACTN,1,erlotinib
Data11_GSM4494347_AGCCTTCCTCCC,1,erlotinib
Data11_GSM4494347_CCACCCCACATG,1,erlotinib
Data11_GSM4494347_GGCGCGGCCCGG,1,erlotinib
Data11_GSM4494347_GAAGCGACGCTN,1,erlotinib
Data11_GSM4494347_GCGTGCGGCTGA,1,erlotinib
Data11_GSM4494347_AAAACGCCCACG,1,erlotinib
Data11_GSM4494347_GCCGCTTGCACC,1,erlotinib
Data11_GSM4494347_AGGGAACCGCGN,1,erlotinib
Data11_GSM4494347_CCGTTATCACAT,1,erlotinib
Data11_GSM4494347_GGCTTTCTGCAG,1,erlotinib
Data11_GSM4494347_GCATCTAGTTAA,1,erlotinib
Data11_GSM4494347_TTTCGCGGCCCN,1,erlotinib
Data11_GSM4494347_AGGCCAACTTTT,1,erlotinib
Data11_GSM4494347_CTGCACTTACCA,1,erlotinib
Data11_GSM4494347_GAGTCCGAGTGA,1,erlotinib
Data11_GSM4494347_GCAGCGACCTCC,1,erlotinib
Data11_GSM4494347_GCCGCGTAGATA,1,erlotinib
Data11_GSM4494347_CCGATCGCACGC,1,erlotinib
Data11_GSM4494347_ATTTGAGTGAGC,1,erlotinib
Data11_GSM4494347_CGTGCATCTTGC,1,erlotinib
Data11_GSM4494347_CACCGACCTCCN,1,erlotinib
Data11_GSM4494347_CCAATTAACCCN,1,erlotinib
Data11_GSM4494347_CTAGCCCTGCCG,1,erlotinib
Data11_GSM4494347_GATGTGACCAGC,1,erlotinib
Data11_GSM4494347_GGGCCAACTTTT,1,erlotinib
Data11_GSM4494347_CCCTTGTCACTG,1,erlotinib
Data11_GSM4494347_CCGCACCGAGAC,1,erlotinib
Data11_GSM4494347_CCGCTTCTGCTC,1,erlotinib
Data11_GSM4494347_AGGGACGCCAAC,1,erlotinib
Data11_GSM4494347_GCATTCCCGATA,1,erlotinib
Data11_GSM4494347_GGCCCGCCACAC,1,erlotinib
Data11_GSM4494347_GCCCAGACCAGT,1,erlotinib
Data11_GSM4494347_CCGGCCTGACTA,1,erlotinib
Data11_GSM4494347_TCGTTACGCACA,1,erlotinib
Data11_GSM4494347_CCATGCACGTGA,1,erlotinib
Data11_GSM4494347_GCCGTAAAATTA,1,erlotinib
Data11_GSM4494347_TGGCCGCGGAGT,1,erlotinib
Data11_GSM4494347_CCTGCTGCTAGA,1,erlotinib
Data11_GSM4494347_GCTCATATACCG,1,erlotinib
Data11_GSM4494347_GGTAATGCACAT,1,erlotinib
Data11_GSM4494347_CGACGGCCCTCT,1,erlotinib
Data11_GSM4494347_TTCACACACCTT,1,erlotinib
Data11_GSM4494347_TCTCATCCCCGC,1,erlotinib
Data11_GSM4494347_GCACCGCCGACA,1,erlotinib
Data11_GSM4494347_ACGCGTCTTCTT,1,erlotinib
Data11_GSM4494347_GGGCCCCACAGC,1,erlotinib
Data11_GSM4494347_CGCCGGCAGTTG,1,erlotinib
Data11_GSM4494347_CCCAGAGTCCAT,1,erlotinib
Data11_GSM4494347_ATGCTGCACCGT,1,erlotinib
Data11_GSM4494347_CCCCCCCAAGCA,1,erlotinib
Data11_GSM4494347_CCGTAGCAATAA,1,erlotinib
Data11_GSM4494347_TCCTTGGTTGCA,1,erlotinib
Data11_GSM4494347_GTGAGCGAAACC,1,erlotinib
Data11_GSM4494347_GCATCAACCGTG,1,erlotinib
Data11_GSM4494347_AACGCCGCTTTN,1,erlotinib
Data11_GSM4494347_GACGTCTATAAT,1,erlotinib
Data11_GSM4494347_CCCGCGCAATGG,1,erlotinib
Data11_GSM4494347_GGACGCTCGCTC,1,erlotinib
Data11_GSM4494347_GGGTTTGCCCAC,1,erlotinib
Data11_GSM4494347_GTATTCCATTAA,1,erlotinib
Data11_GSM4494347_GTTTCGTAGTGC,1,erlotinib
Data11_GSM4494347_GCAGTTTTCTGT,1,erlotinib
Data11_GSM4494347_ACGTGTCCGCAC,1,erlotinib
Data11_GSM4494347_CCAGCGAAGTCC,1,erlotinib
Data11_GSM4494347_GACGCGACACGT,1,erlotinib
Data11_GSM4494347_GGGCGGTGTTTT,1,erlotinib
Data11_GSM4494347_CAGACGTAACAC,1,erlotinib
Data11_GSM4494347_ACGGTCGTTACC,1,erlotinib
Data11_GSM4494347_GGCGTTGTGACT,1,erlotinib
Data11_GSM4494347_AGGCTAGTCACA,1,erlotinib
Data11_GSM4494347_CCAATGACATTC,1,erlotinib
Data11_GSM4494347_TGCCCCCCTTGT,1,erlotinib
Data11_GSM4494347_GGCGGGGCGTGT,1,erlotinib
Data11_GSM4494347_TCTCCTATCTCT,1,erlotinib
Data11_GSM4494347_CACATAAGTCCC,1,erlotinib
Data11_GSM4494347_GGTCGATCATGC,1,erlotinib
Data11_GSM4494347_GCAATTAAGTTG,1,erlotinib
Data11_GSM4494347_ACAGGTGTCCGC,1,erlotinib
Data11_GSM4494347_GCGAGCCCGACG,1,erlotinib
Data11_GSM4494347_AAGTCGATTCGC,1,erlotinib
Data11_GSM4494347_GGCTTGGACTCA,1,erlotinib
Data11_GSM4494347_CAGTATGAAACC,1,erlotinib
Data11_GSM4494347_CGCCGGTCGCGG,1,erlotinib
Data11_GSM4494347_GGGGTAGGTTTA,1,erlotinib
Data11_GSM4494347_GTGTAGCTGACC,1,erlotinib
Data11_GSM4494347_TACGGGAGGATG,1,erlotinib
Data11_GSM4494347_CCGAATCTATCT,1,erlotinib
Data11_GSM4494347_CCTGGCCCGCGG,1,erlotinib
Data11_GSM4494347_CGCCTCGCCGCG,1,erlotinib
Data11_GSM4494347_GTGCGAGCCTAT,1,erlotinib
Data11_GSM4494347_ATCGACACAAAG,1,erlotinib
Data11_GSM4494347_CGGTGAGGCCTC,1,erlotinib
Data11_GSM4494347_TCCACTACAAGT,1,erlotinib
Data11_GSM4494347_GCGCCCCCCACC,1,erlotinib
Data11_GSM4494347_CTACAGCCGCCT,1,erlotinib
Data11_GSM4494347_CCCATAGCACAC,1,erlotinib
Data11_GSM4494347_TGGTGAGGCCTC,1,erlotinib
Data11_GSM4494347_GCCTGGGGCCAG,1,erlotinib
Data11_GSM4494347_CAAGCCCTTCCC,1,erlotinib
Data11_GSM4494347_GCAGTCCCGCCT,1,erlotinib
Data11_GSM4494347_TACATATTTTCC,1,erlotinib
Data11_GSM4494347_TGATCGGCGCGG,1,erlotinib
Data11_GSM4494347_GTGGAGCCCCCT,1,erlotinib
Data11_GSM4494347_CTTTGCTGTTTC,1,erlotinib
Data11_GSM4494347_GCTTAACAAATC,1,erlotinib
Data11_GSM4494347_ACCTGCACGCGC,1,erlotinib
Data11_GSM4494347_CTTGCCCCCGAA,1,erlotinib
Data11_GSM4494347_GAGGTGGCGTAC,1,erlotinib
Data11_GSM4494347_CGAAAGCCCGCA,1,erlotinib
Data11_GSM4494347_GGCGGCTCATCG,1,erlotinib
Data11_GSM4494347_TATGTGACCAGC,1,erlotinib
Data11_GSM4494347_TTAGTTCACCAG,1,erlotinib
Data11_GSM4494347_GGGGCCCAACTG,1,erlotinib
Data11_GSM4494347_GGGCCTGTATAC,1,erlotinib
Data11_GSM4494347_CCGGGGTGTTAC,1,erlotinib
Data11_GSM4494347_GATCACATGCCA,1,erlotinib
Data11_GSM4494347_TGACGCCCCCGG,1,erlotinib
Data11_GSM4494347_GTTCGCGGACCT,1,erlotinib
Data11_GSM4494347_GCCCCTTTTTAG,1,erlotinib
Data11_GSM4494347_AATGTGCCCAGC,1,erlotinib
Data11_GSM4494347_TTGAAGCGCCCA,1,erlotinib
Data11_GSM4494347_GGGTTGCTCTGT,1,erlotinib
Data11_GSM4494347_GCTGGGGTTTCG,1,erlotinib
Data11_GSM4494347_GCACTAATACCC,1,erlotinib
Data11_GSM4494347_GCAGAACATATA,1,erlotinib
Data11_GSM4494347_GGTGATGACCGG,1,erlotinib
Data11_GSM4494347_GTACTTGTATCT,1,erlotinib
Data11_GSM4494347_GATGAACATCTT,1,erlotinib
Data11_GSM4494347_GGGCGTAACATC,1,erlotinib
Data11_GSM4494347_ATACACAATAAG,1,erlotinib
Data11_GSM4494347_GGTCGCCAACTA,1,erlotinib
Data11_GSM4494347_CGGGGGTAAAGT,1,erlotinib
Data11_GSM4494347_GGCGTGACCGTG,1,erlotinib
Data11_GSM4494347_GGGGTCGCACCC,1,erlotinib
Data11_GSM4494347_GGTGGTTCACAA,1,erlotinib
Data11_GSM4494347_GGCTCCTAGAAA,1,erlotinib
Data11_GSM4494347_GGCAAGCCTTAC,1,erlotinib
Data11_GSM4494347_GAGGCCCCTCTA,1,erlotinib
Data11_GSM4494347_GGTGTCGCCCCC,1,erlotinib
Data11_GSM4494347_GGGGCCATACTA,1,erlotinib
Data11_GSM4494347_ATGCGAGCCTAT,1,erlotinib
Data11_GSM4494347_GAGGATCTATTA,1,erlotinib
Data11_GSM4494347_GGCACGTGCGTT,1,erlotinib
Data11_GSM4494347_GCCTTGAATTAG,1,erlotinib
Data11_GSM4494347_GCGGCAATGGAC,1,erlotinib
Data11_GSM4494347_GCGGCCAATCGA,1,erlotinib
Data11_GSM4494347_ACAATTTCACGG,1,erlotinib
Data11_GSM4494347_GGGTGCTGTTTC,1,erlotinib
Data11_GSM4494347_GTGTTAGTGTCT,1,erlotinib
Data11_GSM4494347_GCCTTATAGAAC,1,erlotinib
Data11_GSM4494349_CGTTAGCACGTT,0,erlotinib
Data11_GSM4494349_TATCCGGCTATC,0,erlotinib
Data11_GSM4494349_GCCCGCAGAATG,0,erlotinib
Data11_GSM4494349_AATTGGATGTCG,0,erlotinib
Data11_GSM4494349_CAGGCGCCTGTC,0,erlotinib
Data11_GSM4494349_TATTCAAACAGT,0,erlotinib
Data11_GSM4494349_GGAATACTTTTG,0,erlotinib
Data11_GSM4494349_CCTTTTGTTACA,0,erlotinib
Data11_GSM4494349_CGACACCAACCG,0,erlotinib
Data11_GSM4494349_ACATCATGATTT,0,erlotinib
Data11_GSM4494349_ACGCAAAACATT,0,erlotinib
Data11_GSM4494349_CTAGCGTCAACA,0,erlotinib
Data11_GSM4494349_TTTATGATCGAA,0,erlotinib
Data11_GSM4494349_CAAGCATACATG,0,erlotinib
Data11_GSM4494349_CCGGCGCTACTT,0,erlotinib
Data11_GSM4494349_CGACGTCAATCA,0,erlotinib
Data11_GSM4494349_TCTGAAGCAGTC,0,erlotinib
Data11_GSM4494349_AGCAGGTGCGGG,0,erlotinib
Data11_GSM4494349_CGACCCGTTGGG,0,erlotinib
Data11_GSM4494349_ATTTCACTGACT,0,erlotinib
Data11_GSM4494349_GCAAAAGCGCGT,0,erlotinib
Data11_GSM4494349_TAAGTTCCAATC,0,erlotinib
Data11_GSM4494349_TCTATGCATATT,0,erlotinib
Data11_GSM4494349_GGTCCGGTCCTC,0,erlotinib
Data11_GSM4494349_CGTTGACGTGTT,0,erlotinib
Data11_GSM4494349_AGTTCATAACTT,0,erlotinib
Data11_GSM4494349_AGGCTGTTCTGT,0,erlotinib
Data11_GSM4494349_GGATTACAACGA,0,erlotinib
Data11_GSM4494349_GTTGAAGGGACG,0,erlotinib
Data11_GSM4494349_ACGCCTCCTACA,0,erlotinib
Data11_GSM4494349_GGCCCATGTTTT,0,erlotinib
Data11_GSM4494349_CGTTTACCTGTC,0,erlotinib
Data11_GSM4494349_GTTATGACCTCC,0,erlotinib
Data11_GSM4494349_CCGGAGGCATGT,0,erlotinib
Data11_GSM4494349_TAACCCTTACCC,0,erlotinib
Data11_GSM4494349_AACACATTTCCT,0,erlotinib
Data11_GSM4494349_CGCTAGGGGACG,0,erlotinib
Data11_GSM4494349_ACTTTCCAAACG,0,erlotinib
Data11_GSM4494349_TGATCCTCACCG,0,erlotinib
Data11_GSM4494349_GATCCGTCAAGC,0,erlotinib
Data11_GSM4494349_GGGAATCAATCG,0,erlotinib
Data11_GSM4494349_GGGCACTACGGA,0,erlotinib
Data11_GSM4494349_CGGTATTGTCCG,0,erlotinib
Data11_GSM4494349_GATTAGTGCGGA,0,erlotinib
Data11_GSM4494349_GCCTCGCATTCC,0,erlotinib
Data11_GSM4494349_TCCGTTTCCGTG,0,erlotinib
Data11_GSM4494349_TGCCGCGTCTTT,0,erlotinib
Data11_GSM4494349_AATAGCCGCGAA,0,erlotinib
Data11_GSM4494349_GGTAGCGCCGCC,0,erlotinib
Data11_GSM4494349_CGTGCCTCACTG,0,erlotinib
Data11_GSM4494349_GTAGATATGCTT,0,erlotinib
Data11_GSM4494349_CTCGTTTTCTTT,0,erlotinib
Data11_GSM4494349_ATAGATCAATCG,0,erlotinib
Data11_GSM4494349_GCTCAGCCAGAC,0,erlotinib
Data11_GSM4494349_TCCCCGGCTTAT,0,erlotinib
Data11_GSM4494349_TGCACTCAACCA,0,erlotinib
Data11_GSM4494349_ACTAATCGAGAG,0,erlotinib
Data11_GSM4494349_GTATAGTTAATA,0,erlotinib
Data11_GSM4494349_GCTCATAAGAGT,0,erlotinib
Data11_GSM4494349_CAACGGTCGACA,0,erlotinib
Data11_GSM4494349_CTGCAGTTCCTG,0,erlotinib
Data11_GSM4494349_TGCATCGGATTC,0,erlotinib
Data11_GSM4494349_GGATAACAGAAA,0,erlotinib
Data11_GSM4494349_TATTTTCGAACG,0,erlotinib
Data11_GSM4494349_GAATCACGCTGG,0,erlotinib
Data11_GSM4494349_GCGGTTCCGTGG,0,erlotinib
Data11_GSM4494349_CGGTTGACACCG,0,erlotinib
Data11_GSM4494349_GCCGCAAGTCGA,0,erlotinib
Data11_GSM4494349_AATGTAAAACTC,0,erlotinib
Data11_GSM4494349_TTGTATGACTCA,0,erlotinib
Data11_GSM4494349_CGACACCCACGA,0,erlotinib
Data11_GSM4494349_TTTCGTGAGCCA,0,erlotinib
Data11_GSM4494349_GTCGCTTAGATG,0,erlotinib
Data11_GSM4494349_TTGAAGCTCTCA,0,erlotinib
Data11_GSM4494349_CTTTAGGAATGG,0,erlotinib
Data11_GSM4494349_GCTTCATAGTAG,0,erlotinib
Data11_GSM4494349_CGGAAAGAGCTC,0,erlotinib
Data11_GSM4494349_CCTTCCAGTTAC,0,erlotinib
Data11_GSM4494349_GACGTAGGGTAT,0,erlotinib
Data11_GSM4494349_GCGCTAGTGATT,0,erlotinib
Data11_GSM4494349_TTGTTTTTTGCT,0,erlotinib
Data11_GSM4494349_GGGCAAAGGTAG,0,erlotinib
Data11_GSM4494349_ATCGAGAGCCGT,0,erlotinib
Data11_GSM4494349_GCGAGGCAAGTT,0,erlotinib
Data11_GSM4494349_CTTCTTAAGACC,0,erlotinib
Data11_GSM4494349_CTGCCGCGCACT,0,erlotinib
Data11_GSM4494349_GGCCCCGGCAAC,0,erlotinib
Data11_GSM4494349_TAGGCGTCTTTC,0,erlotinib
Data11_GSM4494349_AACTTTCTCCAA,0,erlotinib
Data11_GSM4494349_TGCAGTCATTTT,0,erlotinib
Data11_GSM4494349_GAGCACGGGGTG,0,erlotinib
Data11_GSM4494349_CACTAGCGTAAT,0,erlotinib
Data11_GSM4494349_TTCCACACAATC,0,erlotinib
Data11_GSM4494349_GTCGAGGGACCC,0,erlotinib
Data11_GSM4494349_TTCACAGGGTAA,0,erlotinib
Data11_GSM4494349_CCCCGATGCTCC,0,erlotinib
Data11_GSM4494349_CTACACGCCGCG,0,erlotinib
Data11_GSM4494349_GGGCGATGGGTT,0,erlotinib
Data11_GSM4494349_AGTACCGTACTG,0,erlotinib
Data11_GSM4494349_TCAGTTGGCCAT,0,erlotinib
Data11_GSM4494349_ATTCCTGTAGGA,0,erlotinib
Data11_GSM4494349_GGGACGTAGTGA,0,erlotinib
Data11_GSM4494349_TAACGTCAGGCG,0,erlotinib
Data11_GSM4494349_CCCCGGGGCGAC,0,erlotinib
Data11_GSM4494349_CACGAACGCGCT,0,erlotinib
Data11_GSM4494349_ACGAAAAGTAGA,0,erlotinib
Data11_GSM4494349_CTTGGGCCAGAT,0,erlotinib
Data11_GSM4494349_ACATGGAGTTTA,0,erlotinib
Data11_GSM4494349_TGACCACGCGGC,0,erlotinib
Data11_GSM4494349_TCAGTCCCGGAT,0,erlotinib
Data11_GSM4494349_GATTGCGCCTCC,0,erlotinib
Data11_GSM4494349_GTGTGTTTACCT,0,erlotinib
Data11_GSM4494349_AACGTGGACATG,0,erlotinib
Data11_GSM4494349_CGGCCACACAGC,0,erlotinib
Data11_GSM4494349_TATTAACGTATA,0,erlotinib
Data11_GSM4494349_CGCGTATACCGT,0,erlotinib
Data11_GSM4494349_ATGTAACTCCGG,0,erlotinib
Data11_GSM4494349_CATATAGTTATC,0,erlotinib
Data11_GSM4494349_GCTAAGCCGTCG,0,erlotinib
Data11_GSM4494349_TTGGTCCGCACG,0,erlotinib
Data11_GSM4494349_TAATAAGCCTCA,0,erlotinib
Data11_GSM4494349_ACCTATCGGTTT,0,erlotinib
Data11_GSM4494349_ACCTACCCTAGA,0,erlotinib
Data11_GSM4494349_CTATAAAGATAC,0,erlotinib
Data11_GSM4494349_TACCCCCCACGC,0,erlotinib
Data11_GSM4494349_TGAATCTAGATC,0,erlotinib
Data11_GSM4494349_ACCTGTTACGCA,0,erlotinib
Data11_GSM4494349_GCACGACTGCAT,0,erlotinib
Data11_GSM4494349_TACAACTCACTC,0,erlotinib
Data11_GSM4494349_GAAATTCTCGGA,0,erlotinib
Data11_GSM4494349_CGACGACTTAGT,0,erlotinib
Data11_GSM4494349_AGAACGTCTGAC,0,erlotinib
Data11_GSM4494349_ATTTCCGAGGTC,0,erlotinib
Data11_GSM4494349_CCGGCTAAGGTT,0,erlotinib
Data11_GSM4494349_ACGCAGTTGGTG,0,erlotinib
Data11_GSM4494349_CTGAAATTCCTG,0,erlotinib
Data11_GSM4494349_AGCTCACCGAAT,0,erlotinib
Data11_GSM4494349_AGACTGGTTACC,0,erlotinib
Data11_GSM4494349_ATCCCGACTGCA,0,erlotinib
Data11_GSM4494349_CCCGTGCAAATG,0,erlotinib
Data11_GSM4494349_TTGAAGCAGTTT,0,erlotinib
Data11_GSM4494349_TGACCTGTTGAG,0,erlotinib
Data11_GSM4494349_CAACCTTTATGC,0,erlotinib
Data11_GSM4494349_GTTGTAGGATGT,0,erlotinib
Data11_GSM4494349_CTCACAGGTCGC,0,erlotinib
Data11_GSM4494349_CGTTTGACCATA,0,erlotinib
Data11_GSM4494349_TTACCCAAGGTA,0,erlotinib
Data11_GSM4494349_ACGAACATTCCT,0,erlotinib
Data11_GSM4494349_ATCAATCATTGC,0,erlotinib
Data11_GSM4494349_ACCACGGACGAG,0,erlotinib
Data11_GSM4494349_CCAATACATTCT,0,erlotinib
Data11_GSM4494349_TTCTGTCATGTG,0,erlotinib
Data11_GSM4494349_GTTCTAGCTCCT,0,erlotinib
Data11_GSM4494349_TATGCGTGCGTC,0,erlotinib
Data11_GSM4494349_AGCTAACTGTCC,0,erlotinib
Data11_GSM4494349_TGTAGCCTTAAC,0,erlotinib
Data11_GSM4494349_TTAATGTCTGGA,0,erlotinib
Data11_GSM4494349_TCCCAGTCCATG,0,erlotinib
Data11_GSM4494349_CGGCCCCGCGTG,0,erlotinib
Data11_GSM4494349_TTGGAGCACATG,0,erlotinib
Data11_GSM4494349_TGATCGGCGTTC,0,erlotinib
Data11_GSM4494349_GAATTTGTGGAA,0,erlotinib
Data11_GSM4494349_ATAGCCCAGGGT,0,erlotinib
Data11_GSM4494349_GTCCAAGTCCAG,0,erlotinib
Data11_GSM4494349_CCCGCATCATCA,0,erlotinib
Data11_GSM4494349_GTGAGAGCGCAG,0,erlotinib
Data11_GSM4494349_AATTTCCTGGAA,0,erlotinib
Data11_GSM4494349_CCCCTTGTAATG,0,erlotinib
Data11_GSM4494349_GAGTTTGTCTTA,0,erlotinib
Data11_GSM4494349_CTGTGTGTCTCC,0,erlotinib
Data11_GSM4494349_GCACATCAAAGG,0,erlotinib
Data11_GSM4494349_CGCGCAACTCAA,0,erlotinib
Data11_GSM4494349_CCCGAAAGGGCC,0,erlotinib
Data11_GSM4494349_GGCTTATGAAGC,0,erlotinib
Data11_GSM4494349_GCGGTAAAACGA,0,erlotinib
Data11_GSM4494349_CCACTTCGTACG,0,erlotinib
Data11_GSM4494349_CTGACAATCCTT,0,erlotinib
Data11_GSM4494349_GCAGGACAAGAT,0,erlotinib
Data11_GSM4494349_CAACTAAAAGAT,0,erlotinib
Data11_GSM4494349_TGACCTGACGTG,0,erlotinib
Data11_GSM4494349_GGCTCATCCATG,0,erlotinib
Data11_GSM4494349_CGAGTTTTCGCT,0,erlotinib
Data11_GSM4494349_TCTAATGTAGAG,0,erlotinib
Data11_GSM4494349_GCGCGGAAAGTG,0,erlotinib
Data11_GSM4494349_CAGGGCCGGCTC,0,erlotinib
Data11_GSM4494349_CCCGATACAACG,0,erlotinib
Data11_GSM4494349_CGTTACCCACCG,0,erlotinib
Data11_GSM4494349_AGACAGTTGCCC,0,erlotinib
Data11_GSM4494349_CGGTTGCTTACA,0,erlotinib
Data11_GSM4494349_TCGCACAAAAAT,0,erlotinib
Data11_GSM4494349_CGCGACCCGGTG,0,erlotinib
Data11_GSM4494349_GACAAATACTTA,0,erlotinib
Data11_GSM4494349_TGCTGTACTTGG,0,erlotinib
Data11_GSM4494349_GCCCTCCCGGCT,0,erlotinib
Data11_GSM4494349_TTCCTTGACGTC,0,erlotinib
Data11_GSM4494349_TGATGATTGGAC,0,erlotinib
Data11_GSM4494349_GTATCGGGCACC,0,erlotinib
Data11_GSM4494349_TTTACACTGAGC,0,erlotinib
Data11_GSM4494349_GAATCGTATGAT,0,erlotinib
Data11_GSM4494349_AGTCACAACGAG,0,erlotinib
Data11_GSM4494349_TATTAGCCCACC,0,erlotinib
Data11_GSM4494349_CCGCCCTAGTCC,0,erlotinib
Data11_GSM4494349_GCGGTACATTGT,0,erlotinib
Data11_GSM4494349_CTAGGCGGACGG,0,erlotinib
Data11_GSM4494349_CCACCGTGAGTT,0,erlotinib
Data11_GSM4494349_TCTCTTATGTTC,0,erlotinib
Data11_GSM4494349_CCCTCGACAAAG,0,erlotinib
Data11_GSM4494349_TATTGGTCGGTA,0,erlotinib
Data11_GSM4494349_AAAATGATAAGT,0,erlotinib
Data11_GSM4494349_GGTCAAACCCTT,0,erlotinib
Data11_GSM4494349_GTCGCTAGTCTC,0,erlotinib
Data11_GSM4494349_TAACCAGACTTT,0,erlotinib
Data11_GSM4494349_GATCTGAGTGCC,0,erlotinib
Data11_GSM4494349_GGTCCGCATTTT,0,erlotinib
Data11_GSM4494349_CTCGACTGGCTA,0,erlotinib
Data11_GSM4494349_CTTCAATCTAGC,0,erlotinib
Data11_GSM4494349_TGAGGCTCCCGG,0,erlotinib
Data11_GSM4494349_GCCTGACAGCAA,0,erlotinib
Data11_GSM4494349_GTGGCCATACGT,0,erlotinib
Data11_GSM4494349_CTGCGCGATAAA,0,erlotinib
Data11_GSM4494349_ATCTGCTAGGCT,0,erlotinib
Data11_GSM4494349_GATGTCGCGCGA,0,erlotinib
Data11_GSM4494349_CGGTCAGCTGCT,0,erlotinib
Data11_GSM4494349_GGCCCTGCCGAT,0,erlotinib
Data11_GSM4494349_GCCAACTTTACA,0,erlotinib
Data11_GSM4494349_ATCTAGCTGCTG,0,erlotinib
Data11_GSM4494349_TCGTGCCGGGTC,0,erlotinib
Data11_GSM4494349_GCCCAAGTACGG,0,erlotinib
Data11_GSM4494349_GAACCGGAGCGG,0,erlotinib
Data11_GSM4494349_TTCTATCTGAAT,0,erlotinib
Data11_GSM4494349_AGGCCTCGCGCT,0,erlotinib
Data11_GSM4494349_GGTTGTCCTACA,0,erlotinib
Data11_GSM4494349_GAAGTTTCTATA,0,erlotinib
Data11_GSM4494349_TGCGTATAAGAT,0,erlotinib
Data11_GSM4494349_GCATGAATTGGT,0,erlotinib
Data11_GSM4494349_GCGTATCGGAAT,0,erlotinib
Data11_GSM4494349_ATCTCCAACCGG,0,erlotinib
Data11_GSM4494349_TCCCTCGGCTTC,0,erlotinib
Data11_GSM4494349_GGCTCATAGACT,0,erlotinib
Data11_GSM4494349_CTAACGAGAGAT,0,erlotinib
Data11_GSM4494349_CAAACCCTCGAT,0,erlotinib
Data11_GSM4494349_CCACACGGTCGA,0,erlotinib
Data11_GSM4494349_TTAACGGAAACA,0,erlotinib
Data11_GSM4494349_GTCTTCCGCTTT,0,erlotinib
Data11_GSM4494349_TTGACATAGTGA,0,erlotinib
Data11_GSM4494349_CGCAAAATCTGC,0,erlotinib
Data11_GSM4494349_TAAGGCTCTTTT,0,erlotinib
Data11_GSM4494349_ATATACATGAAG,0,erlotinib
Data11_GSM4494349_TGGAAACCGGTC,0,erlotinib
Data11_GSM4494349_GCTAGCCGACCG,0,erlotinib
Data11_GSM4494349_TACACAGTAGAC,0,erlotinib
Data11_GSM4494349_CACCGAGTATCC,0,erlotinib
Data11_GSM4494349_GCCGATGACCGC,0,erlotinib
Data11_GSM4494349_CTGGCAAGTTGC,0,erlotinib
Data11_GSM4494349_GTAACGCTGATT,0,erlotinib
Data11_GSM4494349_ACGAGCCGAGGC,0,erlotinib
Data11_GSM4494349_TTCGTTATGTTT,0,erlotinib
Data11_GSM4494349_CGGCTAGGTCAG,0,erlotinib
Data11_GSM4494349_TTGGCAAGACAG,0,erlotinib
Data11_GSM4494349_GATATGTTACAT,0,erlotinib
Data11_GSM4494349_CCATCGGTTTGT,0,erlotinib
Data11_GSM4494349_CGCCTAATGCCA,0,erlotinib
Data11_GSM4494349_CGGCGCGAGTTT,0,erlotinib
Data11_GSM4494349_CGCTCGTGTACG,0,erlotinib
Data11_GSM4494349_CAGGTAAATTGA,0,erlotinib
Data11_GSM4494349_CATACCCTCGTT,0,erlotinib
Data11_GSM4494349_AGTACAAATACG,0,erlotinib
Data11_GSM4494349_CAACACCAAGAA,0,erlotinib
Data11_GSM4494349_CCGCGGACTTGG,0,erlotinib
Data11_GSM4494349_GGCATTTTATAG,0,erlotinib
Data11_GSM4494349_GCGCTTAATGTC,0,erlotinib
Data11_GSM4494349_GCCCCGGTATTT,0,erlotinib
Data11_GSM4494349_GCCAGTGAGGCT,0,erlotinib
Data11_GSM4494349_TCTAGACTTATG,0,erlotinib
Data11_GSM4494349_TCGCATTGAGTA,0,erlotinib
Data11_GSM4494349_CAAAGGCCTAAT,0,erlotinib
Data11_GSM4494349_AATACCACCCCA,0,erlotinib
Data11_GSM4494349_ACTTCCCGAGCA,0,erlotinib
Data11_GSM4494349_TACGGCAGTGCT,0,erlotinib
Data11_GSM4494349_ATGTGAGGCCTT,0,erlotinib
Data11_GSM4494349_GAGGTGTCACTC,0,erlotinib
Data11_GSM4494349_GTACGGGACGTT,0,erlotinib
Data11_GSM4494349_GGGTAAGGTCCC,0,erlotinib
Data11_GSM4494349_GTTCCTTGGCTG,0,erlotinib
Data11_GSM4494349_TGAATCAAGAGT,0,erlotinib
Data11_GSM4494349_TAGCCCCAGCGG,0,erlotinib
Data11_GSM4494349_ACCCTTCGACCG,0,erlotinib
Data11_GSM4494349_GCTACTTGCCAA,0,erlotinib
Data11_GSM4494349_ACATTATACTCG,0,erlotinib
Data11_GSM4494349_CAAGGGTACTCC,0,erlotinib
Data11_GSM4494349_GCCAACTCTCGT,0,erlotinib
Data11_GSM4494349_CCCCCATACGTT,0,erlotinib
Data11_GSM4494349_CGTGTTATTCAC,0,erlotinib
Data11_GSM4494349_TGTAAATGGAAT,0,erlotinib
Data11_GSM4494349_GGAACACCGACG,0,erlotinib
Data11_GSM4494349_CCCTGGGTGAGA,0,erlotinib
Data11_GSM4494349_AAGCGATAACGA,0,erlotinib
Data11_GSM4494349_CACCACCATCGC,0,erlotinib
Data11_GSM4494349_ATGTCTATCATC,0,erlotinib
Data11_GSM4494349_CATCAAAGTCCA,0,erlotinib
Data11_GSM4494349_TAGCCTTCGTGG,0,erlotinib
Data11_GSM4494349_TTCACACCGAAT,0,erlotinib
Data11_GSM4494349_GACCCTCTTAAT,0,erlotinib
Data11_GSM4494349_CTCCGCGGTTCT,0,erlotinib
Data11_GSM4494349_TACTGCGCAGCG,0,erlotinib
Data11_GSM4494349_AACCAGATCGTA,0,erlotinib
Data11_GSM4494349_GGGGACCTTATG,0,erlotinib
Data11_GSM4494349_TAAACGTACCCT,0,erlotinib
Data11_GSM4494349_CCTACGTAGATA,0,erlotinib
Data11_GSM4494349_CACGGCCGGCTA,0,erlotinib
Data11_GSM4494349_GCTACACGACAC,0,erlotinib
Data11_GSM4494349_TCAGATAGGAAC,0,erlotinib
Data11_GSM4494349_TCAAAAGGTTAA,0,erlotinib
Data11_GSM4494349_AGCATGTGATTG,0,erlotinib
Data11_GSM4494349_GGCCGTCTCACC,0,erlotinib
Data11_GSM4494349_CTCGAGTCACTC,0,erlotinib
Data11_GSM4494349_ATTGCTGCTATA,0,erlotinib
Data11_GSM4494349_GCGCCGGTTGCC,0,erlotinib
Data11_GSM4494349_TAACTCACAGTC,0,erlotinib
Data11_GSM4494349_GTGGAAGCGGAG,0,erlotinib
Data11_GSM4494349_TCGTTTTGATTA,0,erlotinib
Data11_GSM4494349_CAAGCAAAATAC,0,erlotinib
Data11_GSM4494349_ATAGACACGCCA,0,erlotinib
Data11_GSM4494349_TTGACCTCGTGG,0,erlotinib
Data11_GSM4494349_GCACACTATTTT,0,erlotinib
Data11_GSM4494349_TACCGAGAACTA,0,erlotinib
Data11_GSM4494349_TTCATGATTCTA,0,erlotinib
Data11_GSM4494349_CCCGTTTGGTCT,0,erlotinib
Data11_GSM4494349_TTTGTAGGCGTT,0,erlotinib
Data11_GSM4494349_ACCATAGGAATG,0,erlotinib
Data11_GSM4494349_TGCAAGCGAGGA,0,erlotinib
Data11_GSM4494349_AAGGTATGCTTA,0,erlotinib
Data11_GSM4494349_ATGGGCAGAACG,0,erlotinib
Data11_GSM4494349_GATAATTCACGG,0,erlotinib
Data11_GSM4494349_GTGTAGTGAGAC,0,erlotinib
Data11_GSM4494349_AAACTCCATTTT,0,erlotinib
Data11_GSM4494349_GGAAGGGTATGA,0,erlotinib
Data11_GSM4494349_CGTAAGTGCAAA,0,erlotinib
Data11_GSM4494349_TGCCCGTGATCG,0,erlotinib
Data11_GSM4494349_ACAAAGTCCCCC,0,erlotinib
Data11_GSM4494349_TGGCGTGGGCCG,0,erlotinib
Data11_GSM4494349_TAATACGAAGTC,0,erlotinib
Data11_GSM4494349_AGTGCAGAATTG,0,erlotinib
Data11_GSM4494349_GAAAGATATGCG,0,erlotinib
Data11_GSM4494349_GGTCTGTTATAC,0,erlotinib
Data11_GSM4494349_ATAGCCCCGAGC,0,erlotinib
Data11_GSM4494349_CCGAAGAAGTCG,0,erlotinib
Data11_GSM4494349_TTTTCCGGCAGA,0,erlotinib
Data11_GSM4494349_AACTGGTTGCAA,0,erlotinib
Data11_GSM4494349_AATAATCCGCTA,0,erlotinib
Data11_GSM4494349_ACTTGGCCGCTA,0,erlotinib
Data11_GSM4494349_CTACGTAGCGGT,0,erlotinib
Data11_GSM4494349_TACCTGTAAGGC,0,erlotinib
Data11_GSM4494349_CTGTTATTTGCT,0,erlotinib
Data11_GSM4494349_CATGTGAACTAC,0,erlotinib
Data11_GSM4494349_GGCACGCCTAGA,0,erlotinib
Data11_GSM4494349_TCGACTTACCAA,0,erlotinib
Data11_GSM4494349_TCAGCGGTTCCG,0,erlotinib
Data11_GSM4494349_AGTTTCGCGACT,0,erlotinib
Data11_GSM4494349_TACGTAAGATAC,0,erlotinib
Data11_GSM4494349_CCACAGCATAAG,0,erlotinib
Data11_GSM4494349_AAACCACTACCT,0,erlotinib
Data11_GSM4494349_ATCCGTGAGCTT,0,erlotinib
Data11_GSM4494349_AAAACCTTAACG,0,erlotinib
Data11_GSM4494349_TATGACGCTACT,0,erlotinib
Data11_GSM4494349_TGACAAGGGGAA,0,erlotinib
Data11_GSM4494349_CGGTCCCGAAGC,0,erlotinib
Data11_GSM4494349_TTCAATTACATG,0,erlotinib
Data11_GSM4494349_CAACAAACGACT,0,erlotinib
Data11_GSM4494349_AAGTGCGGGTCC,0,erlotinib
Data11_GSM4494349_AGCTGCGTCGAC,0,erlotinib
Data11_GSM4494349_GTGTGCCCACAC,0,erlotinib
Data11_GSM4494349_ATACAACTGGAA,0,erlotinib
Data11_GSM4494349_CGTCTGCAGTTA,0,erlotinib
Data11_GSM4494349_TTGCCATGCGGT,0,erlotinib
Data11_GSM4494349_TGACACTTCGTC,0,erlotinib
Data11_GSM4494349_ACGTCATCACGC,0,erlotinib
Data11_GSM4494349_CACTTGTAGCGT,0,erlotinib
Data11_GSM4494349_GAACGGTGGGCT,0,erlotinib
Data11_GSM4494349_GCCACTTTGGAT,0,erlotinib
Data11_GSM4494349_GCGTCAGAAGCT,0,erlotinib
Data11_GSM4494349_GGCGGTCGACTT,0,erlotinib
Data11_GSM4494349_AGTCCAGGCGCC,0,erlotinib
Data11_GSM4494349_TCGCTGTGAGTC,0,erlotinib
Data11_GSM4494349_TTTCACCCTAAT,0,erlotinib
Data11_GSM4494349_TTTTATGTGGCA,0,erlotinib
Data11_GSM4494349_AAGAGAATAGCA,0,erlotinib
Data11_GSM4494349_TATGTACCTGGG,0,erlotinib
Data11_GSM4494349_TTGTAACCGATA,0,erlotinib
Data11_GSM4494349_CTGATCCCAATG,0,erlotinib
Data11_GSM4494349_CATAGTCGTAGT,0,erlotinib
Data11_GSM4494349_TAGACGAAGATC,0,erlotinib
Data11_GSM4494349_TCACACGAAGGC,0,erlotinib
Data11_GSM4494349_TTCAGGATAGAT,0,erlotinib
Data11_GSM4494349_GGCGAAGCATGA,0,erlotinib
Data11_GSM4494349_GATCTACTACGC,0,erlotinib
Data11_GSM4494349_ACACCGGCGCCT,0,erlotinib
Data11_GSM4494349_CAGATCCGTTGT,0,erlotinib
Data11_GSM4494349_TCCCCGTTCTTA,0,erlotinib
Data11_GSM4494349_TTCTTCAATCTG,0,erlotinib
Data11_GSM4494349_CCCATTTCCCCT,0,erlotinib
Data11_GSM4494349_GGTATGCTGCCG,0,erlotinib
Data11_GSM4494349_TACTGCAGAGCT,0,erlotinib
Data11_GSM4494349_GTAGTCTGCCGA,0,erlotinib
Data11_GSM4494349_TATATCTTGCTA,0,erlotinib
Data11_GSM4494349_CTAATTATTCTG,0,erlotinib
Data11_GSM4494349_TGCATTTGTATT,0,erlotinib
Data11_GSM4494349_GAGTAACGGCAC,0,erlotinib
Data11_GSM4494349_ACCGCGAGAATT,0,erlotinib
Data11_GSM4494349_CCCTGGCTGATA,0,erlotinib
Data11_GSM4494349_AAGGTGGAAAGA,0,erlotinib
Data11_GSM4494349_GGACTTCGCATT,0,erlotinib
Data11_GSM4494349_CAGCGGACTAGG,0,erlotinib
Data11_GSM4494349_CGCTAGCTTTCC,0,erlotinib
Data11_GSM4494349_CGTGTGAGGTCA,0,erlotinib
Data11_GSM4494349_GCTGCTTATAAA,0,erlotinib
Data11_GSM4494349_TTGGCTTCCTTT,0,erlotinib
Data11_GSM4494349_TTGAGAGATGAC,0,erlotinib
Data11_GSM4494349_GAACCCCCAATC,0,erlotinib
Data11_GSM4494349_GACTTGTAGTAC,0,erlotinib
Data11_GSM4494349_AACCCGGGTTCC,0,erlotinib
Data11_GSM4494349_AGCTCGGGTTTG,0,erlotinib
Data11_GSM4494349_CCCTTGCTCTAC,0,erlotinib
Data11_GSM4494349_ATCAATCTATCG,0,erlotinib
Data11_GSM4494349_AGAGAGCGTGTT,0,erlotinib
Data11_GSM4494349_ATGAACATACTC,0,erlotinib
Data11_GSM4494349_GCGAATTGTTCT,0,erlotinib
Data11_GSM4494349_CCTTGATCGCCC,0,erlotinib
Data11_GSM4494349_TGACCCCGACTG,0,erlotinib
Data11_GSM4494349_AGGTGACCGGCT,0,erlotinib
Data11_GSM4494349_GATTCGGTTTTC,0,erlotinib
Data11_GSM4494349_GTCGACCCGCTC,0,erlotinib
Data11_GSM4494349_GCCCCGAGAACT,0,erlotinib
Data11_GSM4494349_GTAGAGTCAGGC,0,erlotinib
Data11_GSM4494349_ACATTAATCACG,0,erlotinib
Data11_GSM4494349_CTCCGGTAATTA,0,erlotinib
Data11_GSM4494349_GCCAATGATCGC,0,erlotinib
Data11_GSM4494349_CGACACGTCGAG,0,erlotinib
Data11_GSM4494349_AAACAGCCGATC,0,erlotinib
Data11_GSM4494349_AGATGTCAGCCC,0,erlotinib
Data11_GSM4494349_CATGAGAGAGAA,0,erlotinib
Data11_GSM4494349_TGTATGATTTAG,0,erlotinib
Data11_GSM4494349_AGTAAGTGATGC,0,erlotinib
Data11_GSM4494349_ACTATAAGCCAA,0,erlotinib
Data11_GSM4494349_GCTAGTGCTAAA,0,erlotinib
Data11_GSM4494349_CGTCCGTTAGAT,0,erlotinib
Data11_GSM4494349_TCACTTTCACCC,0,erlotinib
Data11_GSM4494349_CATATGTCTCTA,0,erlotinib
Data11_GSM4494349_CTAGTACCGAAG,0,erlotinib
Data11_GSM4494349_TGTTGTAAGCGG,0,erlotinib
Data11_GSM4494349_ATGAGGCGTAAT,0,erlotinib
Data11_GSM4494349_ACTAACCAGCCT,0,erlotinib
Data11_GSM4494349_CCTGCCGGTACG,0,erlotinib
Data11_GSM4494349_GCGATTCATATC,0,erlotinib
Data11_GSM4494349_ACCATCTGAAGT,0,erlotinib
Data11_GSM4494349_ACCTGTGGCCGG,0,erlotinib
Data11_GSM4494349_TTGGATAGACGC,0,erlotinib
Data11_GSM4494349_GTCCAGTGTAAA,0,erlotinib
Data11_GSM4494349_ACCCGAGGGGTA,0,erlotinib
Data11_GSM4494349_CGACCACACAAG,0,erlotinib
Data11_GSM4494349_CGACGTGAAGCT,0,erlotinib
Data11_GSM4494349_CGACCGCGCGAA,0,erlotinib
Data11_GSM4494349_ACGCCCACATTC,0,erlotinib
Data11_GSM4494349_CTTTGGGTTGCC,0,erlotinib
Data11_GSM4494349_AGCGCCAAGGTT,0,erlotinib
Data11_GSM4494349_GGTGTGCAGCAC,0,erlotinib
Data11_GSM4494349_GTATCTAACAGT,0,erlotinib
Data11_GSM4494349_ATACTCAACCTA,0,erlotinib
Data11_GSM4494349_TATTTAGGCTCG,0,erlotinib
Data11_GSM4494349_GGCTGGGTGTTC,0,erlotinib
Data11_GSM4494349_GACGGGTAGGTA,0,erlotinib
Data11_GSM4494349_GATTCGACTCCG,0,erlotinib
Data11_GSM4494349_ATAAGTCGATGT,0,erlotinib
Data11_GSM4494349_TTTAAAGATTCA,0,erlotinib
Data11_GSM4494349_GGCAGCCAGTTA,0,erlotinib
Data11_GSM4494349_GGTGACTAAGCG,0,erlotinib
Data11_GSM4494349_GCATGAACTGCA,0,erlotinib
Data11_GSM4494349_AAGGCCATAGAC,0,erlotinib
Data11_GSM4494349_GAATCCCTGGCG,0,erlotinib
Data11_GSM4494349_TGTTGGCACCGG,0,erlotinib
Data11_GSM4494349_TCATCGTCCACA,0,erlotinib
Data11_GSM4494349_GCCTGGTCACGC,0,erlotinib
Data11_GSM4494349_TGCCAAGCCCCA,0,erlotinib
Data11_GSM4494349_CCTTCGGAGGAG,0,erlotinib
Data11_GSM4494349_TATGCCTGCGGG,0,erlotinib
Data11_GSM4494349_AGGAGCTATTAC,0,erlotinib
Data11_GSM4494349_CTCTGCTACGTA,0,erlotinib
Data11_GSM4494349_GCTTCAAACGAG,0,erlotinib
Data11_GSM4494349_CTGGTCTGTTTC,0,erlotinib
Data11_GSM4494349_TGTCCGATCAGT,0,erlotinib
Data11_GSM4494349_TCTGTGCACAAG,0,erlotinib
Data11_GSM4494349_CGGTACGTGAAC,0,erlotinib
Data11_GSM4494349_CCACACCATCAT,0,erlotinib
Data11_GSM4494349_ACGGAACACCCA,0,erlotinib
Data11_GSM4494349_GAGCACTCGCCT,0,erlotinib
Data11_GSM4494349_GCCATTTACTCC,0,erlotinib
Data11_GSM4494349_AAACTAGTGCAT,0,erlotinib
Data11_GSM4494349_TGCGGGCCCCCA,0,erlotinib
Data11_GSM4494349_ATCCATCCGCAT,0,erlotinib
Data11_GSM4494349_GCTAAGCGAGAC,0,erlotinib
Data11_GSM4494349_GAGATAATGGTT,0,erlotinib
Data11_GSM4494349_TGGCGCAGACTG,0,erlotinib
Data11_GSM4494349_CCTAGGAGATTA,0,erlotinib
Data11_GSM4494349_GAATAGGATACT,0,erlotinib
Data11_GSM4494349_GTGGCCTCTCCG,0,erlotinib
Data11_GSM4494349_AGCTTCCTTTCC,0,erlotinib
Data11_GSM4494349_GGATTACCCTCC,0,erlotinib
Data11_GSM4494349_GCCTAACTTTGA,0,erlotinib
Data11_GSM4494349_CGGGCTCGTAGT,0,erlotinib
Data11_GSM4494349_GTTATAATCATC,0,erlotinib
Data11_GSM4494349_GAGAGCGGTTTT,0,erlotinib
Data11_GSM4494349_ACTTGGCATAGT,0,erlotinib
Data11_GSM4494349_ACGTTGCCAATT,0,erlotinib
Data11_GSM4494349_GGTGAATGCACG,0,erlotinib
Data11_GSM4494349_TAAAAACCGATG,0,erlotinib
Data11_GSM4494349_GCGCAGGCGATG,0,erlotinib
Data11_GSM4494349_ACTCGGACATGA,0,erlotinib
Data11_GSM4494349_ACGAATTAGCGT,0,erlotinib
Data11_GSM4494349_GTTCCGTGTTGC,0,erlotinib
Data11_GSM4494349_AAAGGAGCCTTT,0,erlotinib
Data11_GSM4494349_ATCTTCCCCGCC,0,erlotinib
Data11_GSM4494349_ATCGGAGAGGGC,0,erlotinib
Data11_GSM4494349_CCCTTCATAGGC,0,erlotinib
Data11_GSM4494349_TAGATAGAACGA,0,erlotinib
Data11_GSM4494349_TAGCGCGCATAA,0,erlotinib
Data11_GSM4494349_GCAGGCCTGGTT,0,erlotinib
Data11_GSM4494349_AGCAACTTGTTA,0,erlotinib
Data11_GSM4494349_TTACATTCGGAC,0,erlotinib
Data11_GSM4494349_AGCACTTACGTT,0,erlotinib
Data11_GSM4494349_CTCATTAACTAT,0,erlotinib
Data11_GSM4494349_ACGCTAGGTCTG,0,erlotinib
Data11_GSM4494349_ACACGTACTTCG,0,erlotinib
Data11_GSM4494349_GCTACCGTACAC,0,erlotinib
Data11_GSM4494349_TTACATTGCCAA,0,erlotinib
Data11_GSM4494349_CATCAGACTTTA,0,erlotinib
Data11_GSM4494349_CGACTCGTAAGG,0,erlotinib
Data11_GSM4494349_CGAAGTAATCCA,0,erlotinib
Data11_GSM4494349_CACGTGCTGGCG,0,erlotinib
Data11_GSM4494349_CGGTATCCTCAA,0,erlotinib
Data11_GSM4494349_TCCGAGGATATC,0,erlotinib
Data11_GSM4494349_AGAAATTTGTCA,0,erlotinib
Data11_GSM4494349_AGGACCGCTGGA,0,erlotinib
Data11_GSM4494349_ATTGAAAGCGGG,0,erlotinib
Data11_GSM4494349_AGACTTCTGCTA,0,erlotinib
Data11_GSM4494349_ACCGCGACCGTA,0,erlotinib
Data11_GSM4494349_ATGTTGATCGAT,0,erlotinib
Data11_GSM4494349_GCGACTGATGCG,0,erlotinib
Data11_GSM4494349_AGAAGAGAGCAA,0,erlotinib
Data11_GSM4494349_TACAGATATGTG,0,erlotinib
Data11_GSM4494349_CGTCGAATTCTT,0,erlotinib
Data11_GSM4494349_CTTAAGTCAACT,0,erlotinib
Data11_GSM4494349_CTGCGCCAGCAG,0,erlotinib
Data11_GSM4494349_ACTGACCCGAAC,0,erlotinib
Data11_GSM4494349_TCCATATGGACG,0,erlotinib
Data11_GSM4494349_ACCACGCTTGTT,0,erlotinib
Data11_GSM4494349_TCATAGAGCTTC,0,erlotinib
Data11_GSM4494349_CCTGTCCTCGGG,0,erlotinib
Data11_GSM4494349_CTCTAGTCCCCC,0,erlotinib
Data11_GSM4494349_GCTATAGGCATC,0,erlotinib
Data11_GSM4494349_TTCCAGGCTTAA,0,erlotinib
Data11_GSM4494349_GTGGATCTTTCA,0,erlotinib
Data11_GSM4494349_ATCTAACCTCTG,0,erlotinib
Data11_GSM4494349_ACCCCATCCCGG,0,erlotinib
Data11_GSM4494349_TAATGTTCGTAC,0,erlotinib
Data11_GSM4494349_AGCATGGCGGCC,0,erlotinib
Data11_GSM4494349_ATGTAGAGAAAG,0,erlotinib
Data11_GSM4494349_GCGGATTTCCTC,0,erlotinib
Data11_GSM4494349_AGTGTTTCACGG,0,erlotinib
Data11_GSM4494349_GAGCCAAATAAC,0,erlotinib
Data11_GSM4494349_ATTGGGGACGCC,0,erlotinib
Data11_GSM4494349_TTGATACGCGAC,0,erlotinib
Data11_GSM4494349_CTAATCAGCAAC,0,erlotinib
Data11_GSM4494349_CCACCACAGTCT,0,erlotinib
Data11_GSM4494349_GACAAGAAGGTT,0,erlotinib
Data11_GSM4494349_GCAGAGAAACGC,0,erlotinib
Data11_GSM4494349_GGTGCTCGTTGT,0,erlotinib
Data11_GSM4494349_TTACATAGCCGT,0,erlotinib
Data11_GSM4494349_GGTTGAGCCACG,0,erlotinib
Data11_GSM4494349_TTCCATACACTC,0,erlotinib
Data11_GSM4494349_TCTCAATCATAG,0,erlotinib
Data11_GSM4494349_CGGGTTAAGGAA,0,erlotinib
Data11_GSM4494349_GGCCGCTCCGCC,0,erlotinib
Data11_GSM4494349_GTAGGGGAGCAT,0,erlotinib
Data11_GSM4494349_ATGAGTCCGTAA,0,erlotinib
Data11_GSM4494349_CGGGTTTATCTA,0,erlotinib
Data11_GSM4494349_CAGGCACGGGTG,0,erlotinib
Data11_GSM4494349_CTACGCTTTCAT,0,erlotinib
Data11_GSM4494349_GACCACCACGAC,0,erlotinib
Data11_GSM4494349_CCGAGTCGTTGC,0,erlotinib
Data11_GSM4494349_GTTAAGTACCAA,0,erlotinib
Data11_GSM4494349_TTTTTAACGCAT,0,erlotinib
Data11_GSM4494349_CGAAGAAGGACT,0,erlotinib
Data11_GSM4494349_AGTCACGAATGG,0,erlotinib
Data11_GSM4494349_CCAATTCATATC,0,erlotinib
Data11_GSM4494349_CGCACCAACCAT,0,erlotinib
Data11_GSM4494349_TTTGCCGCGTTC,0,erlotinib
Data11_GSM4494349_ATCCCGTGTCTA,0,erlotinib
Data11_GSM4494349_CTTCGTCCAGTC,0,erlotinib
Data11_GSM4494349_TCCCAAACGGAT,0,erlotinib
Data11_GSM4494349_GCTCTGGGCTTC,0,erlotinib
Data11_GSM4494349_TTTACCTTAGGG,0,erlotinib
Data11_GSM4494349_TTCTTAAACCGA,0,erlotinib
Data11_GSM4494349_TTTTCGCACGCC,0,erlotinib
Data11_GSM4494349_CACGGACTACGG,0,erlotinib
Data11_GSM4494349_ACTAGCCATAAC,0,erlotinib
Data11_GSM4494349_TAGGAGGGGCCC,0,erlotinib
Data11_GSM4494349_AATATAAGCGGC,0,erlotinib
Data11_GSM4494349_TGATATCGTATC,0,erlotinib
Data11_GSM4494349_TTCAGCAATTCT,0,erlotinib
Data11_GSM4494349_CTTGTAGGTGTA,0,erlotinib
Data11_GSM4494349_AAACGGCCACCT,0,erlotinib
Data11_GSM4494349_GAGAATATACCA,0,erlotinib
Data11_GSM4494349_CTGCATAGATAC,0,erlotinib
Data11_GSM4494349_AGCCCCGTGAAA,0,erlotinib
Data11_GSM4494349_CCGTGGTCGTTG,0,erlotinib
Data11_GSM4494349_ACGCAATCTCGG,0,erlotinib
Data11_GSM4494349_TATCCGTGGCCG,0,erlotinib
Data11_GSM4494349_ACAAGGCCGGTC,0,erlotinib
Data11_GSM4494349_GCCCTAGGGCAG,0,erlotinib
Data11_GSM4494349_AACAATAGAGCA,0,erlotinib
Data11_GSM4494349_ATTTATTAATAC,0,erlotinib
Data11_GSM4494349_CAAGGAGCTTGA,0,erlotinib
Data11_GSM4494349_CCGTAGTTTCTG,0,erlotinib
Data11_GSM4494349_TTCCGCGTACAA,0,erlotinib
Data11_GSM4494349_CCAATGTTTATT,0,erlotinib
Data11_GSM4494349_CTGCTGTCCGAT,0,erlotinib
Data11_GSM4494349_AGTCTCCCATCC,0,erlotinib
Data11_GSM4494349_CCCCCGCACCAC,0,erlotinib
Data11_GSM4494349_CCTCCATAGAAT,0,erlotinib
Data11_GSM4494349_AGTCGCTGTGCG,0,erlotinib
Data11_GSM4494349_AAATTAGATATA,0,erlotinib
Data11_GSM4494349_TTAAGGTGTATT,0,erlotinib
Data11_GSM4494349_GGGACGCCAAGA,0,erlotinib
Data11_GSM4494349_AGACGTCTGGGC,0,erlotinib
Data11_GSM4494349_TTGCCGTGAGGA,0,erlotinib
Data11_GSM4494349_AGGTATTGTTGA,0,erlotinib
Data11_GSM4494349_GACTCCCACGAC,0,erlotinib
Data11_GSM4494349_TGGATTCACTTA,0,erlotinib
Data11_GSM4494349_ACCATCTCCGCG,0,erlotinib
Data11_GSM4494349_CCTGCATTCCAA,0,erlotinib
Data11_GSM4494349_TCGCAAGAGACC,0,erlotinib
Data11_GSM4494349_TCCATCTGAGAA,0,erlotinib
Data11_GSM4494349_GTAATTGCGCCC,0,erlotinib
Data11_GSM4494349_GCGAAGTGCTTT,0,erlotinib
Data11_GSM4494349_ATCAGCTAATGA,0,erlotinib
Data11_GSM4494349_GGGTCATAACCG,0,erlotinib
Data11_GSM4494349_GGGCATAAAGCC,0,erlotinib
Data11_GSM4494349_GATCGATTGATC,0,erlotinib
Data11_GSM4494349_AATTTGCCTGTA,0,erlotinib
Data11_GSM4494349_CAGCAGTGGACA,0,erlotinib
Data11_GSM4494349_AGGAGGAGAAAG,0,erlotinib
Data11_GSM4494349_ACTAAAGATTTA,0,erlotinib
Data11_GSM4494349_CCGCTTATGGGA,0,erlotinib
Data11_GSM4494349_GCACCCACTCCT,0,erlotinib
Data11_GSM4494349_AAGAAGAGGGCA,0,erlotinib
Data11_GSM4494349_TGGACACTTTGG,0,erlotinib
Data11_GSM4494349_GTCCCTGTCCTT,0,erlotinib
Data11_GSM4494349_GTCTCGTCGTTA,0,erlotinib
Data11_GSM4494349_TATCCAGTGGGG,0,erlotinib
Data11_GSM4494349_CTTGAAAGTACT,0,erlotinib
Data11_GSM4494349_TCTAGAAAATCA,0,erlotinib
Data11_GSM4494349_GAGCTCTCGGAG,0,erlotinib
Data11_GSM4494349_GATATCCGGTGG,0,erlotinib
Data11_GSM4494349_ACGGCTCTCGCG,0,erlotinib
Data11_GSM4494349_TCCACATCAAGC,0,erlotinib
Data11_GSM4494349_AGTAGGCCTGAC,0,erlotinib
Data11_GSM4494349_GTGCCGAGCAGC,0,erlotinib
Data11_GSM4494349_GGCACGTTCGGC,0,erlotinib
Data11_GSM4494349_CCTACTTAGATC,0,erlotinib
Data11_GSM4494349_CATAAACTGGAC,0,erlotinib
Data11_GSM4494349_TGCCCCCATACA,0,erlotinib
Data11_GSM4494349_ACCAGATCGCGG,0,erlotinib
Data11_GSM4494349_CACCGTACTGAC,0,erlotinib
Data11_GSM4494349_GGACCTACGCGC,0,erlotinib
Data11_GSM4494349_GATCTCTAAAAA,0,erlotinib
Data11_GSM4494349_CTTAGATACGAT,0,erlotinib
Data11_GSM4494349_GAACGGAAGTAA,0,erlotinib
Data11_GSM4494349_ACACCTGTGCTG,0,erlotinib
Data11_GSM4494349_ACTCGGAGAGCC,0,erlotinib
Data11_GSM4494349_AGCATGAAGCCG,0,erlotinib
Data11_GSM4494349_TGATATTTGACA,0,erlotinib
Data11_GSM4494349_TGAGTGAACATA,0,erlotinib
Data11_GSM4494349_TAAACTCGGTAC,0,erlotinib
Data11_GSM4494349_AGCAGCCGCGGC,0,erlotinib
Data11_GSM4494349_GGCCACGTCAAA,0,erlotinib
Data11_GSM4494349_CTAAGATAGTGT,0,erlotinib
Data11_GSM4494349_GACTTAGGATGG,0,erlotinib
Data11_GSM4494349_CTGATGATATGC,0,erlotinib
Data11_GSM4494349_CGACCTACTAGA,0,erlotinib
Data11_GSM4494349_GACAGTATTGGT,0,erlotinib
Data11_GSM4494349_TCCATCGTTGCC,0,erlotinib
Data11_GSM4494349_GTTTAGTAATCC,0,erlotinib
Data11_GSM4494349_GTAGGACTCAGA,0,erlotinib
Data11_GSM4494349_AAAATAGTACAG,0,erlotinib
Data11_GSM4494349_GACGCGGAGACA,0,erlotinib
Data11_GSM4494349_GGTTGCCAGCAC,0,erlotinib
Data11_GSM4494349_TATCTTCCAGCA,0,erlotinib
Data11_GSM4494349_ACTTGCCAGATC,0,erlotinib
Data11_GSM4494349_AAAACCCGTTTT,0,erlotinib
Data11_GSM4494349_TGCTGTCACATT,0,erlotinib
Data11_GSM4494349_AGAACAATCAGT,0,erlotinib
Data11_GSM4494349_CTATTCCGAATC,0,erlotinib
Data11_GSM4494349_ACTAAATGCCTC,0,erlotinib
Data11_GSM4494349_GATAAAGCATTT,0,erlotinib
Data11_GSM4494349_TGGTAGAGACTG,0,erlotinib
Data11_GSM4494349_GGCTACCCAACG,0,erlotinib
Data11_GSM4494349_CAAGCACAGCCC,0,erlotinib
Data11_GSM4494349_TAATCGCCATAA,0,erlotinib
Data11_GSM4494349_GTAAGATCAAAA,0,erlotinib
Data11_GSM4494349_GAGGCGCTCGTA,0,erlotinib
Data11_GSM4494349_AATCCCATCGCC,0,erlotinib
Data11_GSM4494349_TCCAGGACGTTA,0,erlotinib
Data11_GSM4494349_ATCAGTGCTGCT,0,erlotinib
Data11_GSM4494349_TTGCAAGTGGAC,0,erlotinib
Data11_GSM4494349_TTGTAGCGCGGT,0,erlotinib
Data11_GSM4494349_TGCCTTCGCCTT,0,erlotinib
Data11_GSM4494349_AAGCCCCCAACG,0,erlotinib
Data11_GSM4494349_ACAAGAGATGCG,0,erlotinib
Data11_GSM4494349_TGAGTAATGTTT,0,erlotinib
Data11_GSM4494349_TCCTAAATCGCA,0,erlotinib
Data11_GSM4494349_TTACCACTCAAT,0,erlotinib
Data11_GSM4494349_CTTGCTAGTCAG,0,erlotinib
Data11_GSM4494349_AGCGTAGAAGCC,0,erlotinib
Data11_GSM4494349_ACATAGTTGCCT,0,erlotinib
Data11_GSM4494349_TGGTCGGTCGGA,0,erlotinib
Data11_GSM4494349_TCATGCCTTACC,0,erlotinib
Data11_GSM4494349_GGTAAGCGTAAA,0,erlotinib
Data11_GSM4494349_GGATAAAATACT,0,erlotinib
Data11_GSM4494349_GCGGTGGAAAAC,0,erlotinib
Data11_GSM4494349_GGGTACTCCTGA,0,erlotinib
Data11_GSM4494349_GTTTGTCTAGTG,0,erlotinib
Data11_GSM4494349_GAGTCGCTTCCG,0,erlotinib
Data11_GSM4494349_TACTTGGTTACA,0,erlotinib
Data11_GSM4494349_TTCCACGCTTCG,0,erlotinib
Data11_GSM4494349_CTACTCGGAGCT,0,erlotinib
Data11_GSM4494349_ACCAATGTGGAG,0,erlotinib
Data11_GSM4494349_TCTGGATTGCGT,0,erlotinib
Data11_GSM4494349_CCGTAACAACCG,0,erlotinib
Data11_GSM4494349_TCTGCCATCCCA,0,erlotinib
Data11_GSM4494349_TCGGCATAGGCA,0,erlotinib
Data11_GSM4494349_CAGCAAGCGCGA,0,erlotinib
Data11_GSM4494349_CCGGGAGCTATC,0,erlotinib
Data11_GSM4494349_GGCCCCTTACGT,0,erlotinib
Data11_GSM4494349_CCCGATTCGCAC,0,erlotinib
Data11_GSM4494349_TTTGTCATAACG,0,erlotinib
Data11_GSM4494349_GAGTCGCTTTGC,0,erlotinib
Data11_GSM4494349_TTACGAAATTAA,0,erlotinib
Data11_GSM4494349_ATATGCCTAGAA,0,erlotinib
Data11_GSM4494349_GACTGCGTTGTG,0,erlotinib
Data11_GSM4494349_CAGAGCTATACC,0,erlotinib
Data11_GSM4494349_TCACTATGGATT,0,erlotinib
Data11_GSM4494349_GAGATACGTATT,0,erlotinib
Data11_GSM4494349_CCTCGACGTGGT,0,erlotinib
Data11_GSM4494349_GATATAACATAC,0,erlotinib
Data11_GSM4494349_CGTGTCGGAGCT,0,erlotinib
Data11_GSM4494349_TCCAACATTCTC,0,erlotinib
Data11_GSM4494349_TAGGTAAGGCAT,0,erlotinib
Data11_GSM4494349_GGTTAGGCACTT,0,erlotinib
Data11_GSM4494349_TTGTATACGTTA,0,erlotinib
Data11_GSM4494349_CCCCCGTTATGT,0,erlotinib
Data11_GSM4494349_AGTCTGGGGACG,0,erlotinib
Data11_GSM4494349_TGGCGCCCTTTC,0,erlotinib
Data11_GSM4494349_AGGGTTCTTCAA,0,erlotinib
Data11_GSM4494349_AAGTATCCTTCC,0,erlotinib
Data11_GSM4494349_TTAATGTCTGGC,0,erlotinib
Data11_GSM4494349_CCTCGTGAGGAT,0,erlotinib
Data11_GSM4494349_CGCTAAAATGCC,0,erlotinib
Data11_GSM4494349_AAGAGGGACCCA,0,erlotinib
Data11_GSM4494349_ATTACCCCAATC,0,erlotinib
Data11_GSM4494349_TAGGATGCCCTT,0,erlotinib
Data11_GSM4494349_GGAGCTCCGTTA,0,erlotinib
Data11_GSM4494349_TCTGCCCACCTA,0,erlotinib
Data11_GSM4494349_GAAACCTCTCCC,0,erlotinib
Data11_GSM4494349_ATTCGAGCGCCG,0,erlotinib
Data11_GSM4494349_TGAGCTGTACGC,0,erlotinib
Data11_GSM4494349_CCCGTCGTGGCG,0,erlotinib
Data11_GSM4494349_CTGATTAGAAAG,0,erlotinib
Data11_GSM4494349_GTAGGGCGTGTA,0,erlotinib
Data11_GSM4494349_ACCGGTCAGCGG,0,erlotinib
Data11_GSM4494349_GTAATTGGCCAT,0,erlotinib
Data11_GSM4494349_AGACAGGGACTG,0,erlotinib
Data11_GSM4494349_GTCCGCTTTCAC,0,erlotinib
Data11_GSM4494349_TAAGCACGTCCA,0,erlotinib
Data11_GSM4494349_ATCGACCTTTTT,0,erlotinib
Data11_GSM4494349_GTTAACAGGAAG,0,erlotinib
Data11_GSM4494349_ATGGAACAACAC,0,erlotinib
Data11_GSM4494349_ACTTACGAAGAT,0,erlotinib
Data11_GSM4494349_TAAACCCAAAAA,0,erlotinib
Data11_GSM4494349_CGGAATAAAGTA,0,erlotinib
Data11_GSM4494349_ATGTCAATGTGG,0,erlotinib
Data11_GSM4494349_AACCAGCCAACA,0,erlotinib
Data11_GSM4494349_TTGTAGAGGCAT,0,erlotinib
Data11_GSM4494349_CAATTACTCCAG,0,erlotinib
Data11_GSM4494349_ACCCGTGGAGTT,0,erlotinib
Data11_GSM4494349_CTTTCTAGGTCA,0,erlotinib
Data11_GSM4494349_GTGTATGAAAAA,0,erlotinib
Data11_GSM4494349_AAGCCGTGAAGT,0,erlotinib
Data11_GSM4494349_TGCTCTTGGATG,0,erlotinib
Data11_GSM4494349_CCGAGGTACTCT,0,erlotinib
Data11_GSM4494349_CCAGTTCTAGCG,0,erlotinib
Data11_GSM4494349_TGCGATATGGCC,0,erlotinib
Data11_GSM4494349_GTGGTCTTAAGC,0,erlotinib
Data11_GSM4494349_GATTCTCCGTTC,0,erlotinib
Data11_GSM4494349_TTGTGAGGCCCT,0,erlotinib
Data11_GSM4494349_CGGAGCGCATTG,0,erlotinib
Data11_GSM4494349_AGTGAAGGTCTT,0,erlotinib
Data11_GSM4494349_TGATCCGAGAGA,0,erlotinib
Data11_GSM4494349_GCCACGATCGCT,0,erlotinib
Data11_GSM4494349_TTGATAGTTCCT,0,erlotinib
Data11_GSM4494349_GGCGCGGAAAAA,0,erlotinib
Data11_GSM4494349_GTCAATCCGTTC,0,erlotinib
Data11_GSM4494349_GAACATGCTTTG,0,erlotinib
Data11_GSM4494349_CTTCGCGGAGAT,0,erlotinib
Data11_GSM4494349_GATATAGCCTTT,0,erlotinib
Data11_GSM4494349_GTGGCATTGTAC,0,erlotinib
Data11_GSM4494349_CCAGCTAGCAAA,0,erlotinib
Data11_GSM4494349_AGCGGTAGCAGA,0,erlotinib
Data11_GSM4494349_TAGAGAACCACG,0,erlotinib
Data11_GSM4494349_AGTCCCAGATAA,0,erlotinib
Data11_GSM4494349_TTACGATCGCCG,0,erlotinib
Data11_GSM4494349_AGCTTTAAGCAG,0,erlotinib
Data11_GSM4494349_ACGTGTGCCCTA,0,erlotinib
Data11_GSM4494349_ATCACTGTTGCG,0,erlotinib
Data11_GSM4494349_TGTGCTGTGCAC,0,erlotinib
Data11_GSM4494349_TCTTTGCAGATT,0,erlotinib
Data11_GSM4494349_TCGAGGATAGTA,0,erlotinib
Data11_GSM4494349_TCGTATATGAAC,0,erlotinib
Data11_GSM4494349_AAGGTCTGACTG,0,erlotinib
Data11_GSM4494349_TGCGTAAGGTGA,0,erlotinib
Data11_GSM4494349_GGCGAACATCAT,0,erlotinib
Data11_GSM4494349_AGCCGGACCAAA,0,erlotinib
Data11_GSM4494349_TGAGATTTTTGT,0,erlotinib
Data11_GSM4494349_GGATACCATATC,0,erlotinib
Data11_GSM4494349_TTTTCCCCAGCG,0,erlotinib
Data11_GSM4494349_CTGGCTCAAGAG,0,erlotinib
Data11_GSM4494349_AGCGCGGCTCCA,0,erlotinib
Data11_GSM4494349_AGGCCCGGACGC,0,erlotinib
Data11_GSM4494349_AATTTGCCCTTC,0,erlotinib
Data11_GSM4494349_CGAATCGGGGTT,0,erlotinib
Data11_GSM4494349_TAACCGTAGCTA,0,erlotinib
Data11_GSM4494349_AAAACGACAACC,0,erlotinib
Data11_GSM4494349_TGACTGAGACCA,0,erlotinib
Data11_GSM4494349_CCAGTCCAACGG,0,erlotinib
Data11_GSM4494349_CTACAGACAAGG,0,erlotinib
Data11_GSM4494349_TCCGGCTTTGGA,0,erlotinib
Data11_GSM4494349_TGGAAGAGATGC,0,erlotinib
Data11_GSM4494349_AAGGCGTTAAAA,0,erlotinib
Data11_GSM4494349_GCATGGCTCGGA,0,erlotinib
Data11_GSM4494349_TATGGGTGCACA,0,erlotinib
Data11_GSM4494349_CATGATTACCGT,0,erlotinib
Data11_GSM4494349_CTCTCGTTATCC,0,erlotinib
Data11_GSM4494349_GGCCCCCGGTAG,0,erlotinib
Data11_GSM4494349_CTACTAAGATAT,0,erlotinib
Data11_GSM4494349_TCCTTAGCACAG,0,erlotinib
Data11_GSM4494349_CCTCAGTGTCCC,0,erlotinib
Data11_GSM4494349_GGTCGAATTGGA,0,erlotinib
Data11_GSM4494349_TCTGGCCTCAGA,0,erlotinib
Data11_GSM4494349_ACCCATTCGGGC,0,erlotinib
Data11_GSM4494349_CAGCCCTTTTGG,0,erlotinib
Data11_GSM4494349_TATTACCCACGC,0,erlotinib
Data11_GSM4494349_GATATGCACAAA,0,erlotinib
Data11_GSM4494349_GACCCGAGTACG,0,erlotinib
Data11_GSM4494349_TGAGAGGGCAGA,0,erlotinib
Data11_GSM4494349_CCAGAAAGGCCA,0,erlotinib
Data11_GSM4494349_CTTCGGCCGATT,0,erlotinib
Data11_GSM4494349_ATCACATTCCCT,0,erlotinib
Data11_GSM4494349_CCCGGCAGACTG,0,erlotinib
Data11_GSM4494349_AACGGAGGTTTT,0,erlotinib
Data11_GSM4494349_ACACTTAAATAA,0,erlotinib
Data11_GSM4494349_GGAGGAGGAATG,0,erlotinib
Data11_GSM4494349_ACAACCTTAGGG,0,erlotinib
Data11_GSM4494349_GCACCAGTTTGC,0,erlotinib
Data11_GSM4494349_AAGTTGTCTAAT,0,erlotinib
Data11_GSM4494349_GCGCTGGACCTT,0,erlotinib
Data11_GSM4494349_TCTAGCACAGAA,0,erlotinib
Data11_GSM4494349_CGATAGCGGTCC,0,erlotinib
Data11_GSM4494349_TGCGCAGGTCCG,0,erlotinib
Data11_GSM4494349_GTCCCCCGATGC,0,erlotinib
Data11_GSM4494349_GCCCCAGGGAAT,0,erlotinib
Data11_GSM4494349_TTGAGCAATGAC,0,erlotinib
Data11_GSM4494349_TTATGGTTCCGC,0,erlotinib
Data11_GSM4494349_GCCTATGAGTTA,0,erlotinib
Data11_GSM4494349_GGGGAGGTTAAA,0,erlotinib
Data11_GSM4494349_GTAGCGTGATTC,0,erlotinib
Data11_GSM4494349_CCCACCGAGCTA,0,erlotinib
Data11_GSM4494349_AGTAATCTTGCA,0,erlotinib
Data11_GSM4494349_CGAAGAATTGGC,0,erlotinib
Data11_GSM4494349_CTGGTTTACGGG,0,erlotinib
Data11_GSM4494349_ACCCTCGCCATA,0,erlotinib
Data11_GSM4494349_AGCTAGAACAAG,0,erlotinib
Data11_GSM4494349_CCCTTTCCACAC,0,erlotinib
Data11_GSM4494349_GGTAAACAACTT,0,erlotinib
Data11_GSM4494349_GAGTACGATGTT,0,erlotinib
Data11_GSM4494349_TGGTGTCTAGAC,0,erlotinib
Data11_GSM4494349_TTTCCTTCTTGC,0,erlotinib
Data11_GSM4494349_ATCCTCTCCAAT,0,erlotinib
Data11_GSM4494349_GAAGCTCGCGAT,0,erlotinib
Data11_GSM4494349_GGCGAAATGCCG,0,erlotinib
Data11_GSM4494349_TCATCCGTAAAG,0,erlotinib
Data11_GSM4494349_GCCAACAGTACG,0,erlotinib
Data11_GSM4494349_CGATCAGACCGC,0,erlotinib
Data11_GSM4494349_TAGACATGAGCC,0,erlotinib
Data11_GSM4494349_GCGGGCTTTTGT,0,erlotinib
Data11_GSM4494349_AAGACGGATTTA,0,erlotinib
Data11_GSM4494349_CCGTCAGGTTTT,0,erlotinib
Data11_GSM4494349_AAAGCCGAAGTC,0,erlotinib
Data11_GSM4494349_GGTAACCAAGGA,0,erlotinib
Data11_GSM4494349_CCCTAAGGGCCG,0,erlotinib
Data11_GSM4494349_ATTGATCGGGCT,0,erlotinib
Data11_GSM4494349_AAGCTTAAGTCT,0,erlotinib
Data11_GSM4494349_GCGGGGAGATGC,0,erlotinib
Data11_GSM4494349_TTATTCAAAGGT,0,erlotinib
Data11_GSM4494349_ATCTCGTCCATG,0,erlotinib
Data11_GSM4494349_GCCTCGACAATT,0,erlotinib
Data11_GSM4494349_GTGGCCACCCTT,0,erlotinib
Data11_GSM4494349_CCACTTTGTCAG,0,erlotinib
Data11_GSM4494349_TCCGACCCCAAA,0,erlotinib
Data11_GSM4494349_ACCAAGCCCGCT,0,erlotinib
Data11_GSM4494349_TAGGTATTCGCA,0,erlotinib
Data11_GSM4494349_CCGGCAGGACTA,0,erlotinib
Data11_GSM4494349_CTTACGCCATTA,0,erlotinib
Data11_GSM4494349_ATCTGAGGCGGG,0,erlotinib
Data11_GSM4494349_GTGCTGCAGTCT,0,erlotinib
Data11_GSM4494349_TGTCACGCCGCC,0,erlotinib
Data11_GSM4494349_GGATAGTGACGT,0,erlotinib
Data11_GSM4494349_ATAAATGATTAT,0,erlotinib
Data11_GSM4494349_GGAACCGTTGTA,0,erlotinib
Data11_GSM4494349_GTTTCCCACTTC,0,erlotinib
Data11_GSM4494349_TTAGATGCCGCC,0,erlotinib
Data11_GSM4494349_CTGTTACTATCA,0,erlotinib
Data11_GSM4494349_CCATTATGAAAT,0,erlotinib
Data11_GSM4494349_TCAAGGTAGTTT,0,erlotinib
Data11_GSM4494349_CTTAAACGGAGC,0,erlotinib
Data11_GSM4494349_TCTTAGGTGAGT,0,erlotinib
Data11_GSM4494349_GTTCAAAGTTTG,0,erlotinib
Data11_GSM4494349_TGGCACTAGCGA,0,erlotinib
Data11_GSM4494349_GGCCGTCCCAGA,0,erlotinib
Data11_GSM4494349_CCGAGCCCTAAC,0,erlotinib
Data11_GSM4494349_AGCGGCGGCCGG,0,erlotinib
Data11_GSM4494349_GCAGGAACCGCG,0,erlotinib
Data11_GSM4494349_GTACAGCCGTAT,0,erlotinib
Data11_GSM4494349_GGCCTATTCGTT,0,erlotinib
Data11_GSM4494349_CACCTGGACCGT,0,erlotinib
Data11_GSM4494349_TGGAGGTGATTG,0,erlotinib
Data11_GSM4494349_CCGTTTTGCCTA,0,erlotinib
Data11_GSM4494349_GCGGAAGCGGCG,0,erlotinib
Data11_GSM4494349_TATCGTTACAAA,0,erlotinib
Data11_GSM4494349_AGCAAGAACCGC,0,erlotinib
Data11_GSM4494349_TCGGCCTTTGGT,0,erlotinib
Data11_GSM4494349_AGTGACCACCCT,0,erlotinib
Data11_GSM4494349_CATCGTCGAAGA,0,erlotinib
Data11_GSM4494349_GCAAATTTAAGA,0,erlotinib
Data11_GSM4494349_GCCCTGCGCACA,0,erlotinib
Data11_GSM4494349_GTTAATGGATCG,0,erlotinib
Data11_GSM4494349_CTTCGTACCCCC,0,erlotinib
Data11_GSM4494349_ACTTGCCCAAAG,0,erlotinib
Data11_GSM4494349_GCGCTGAGTCTT,0,erlotinib
Data11_GSM4494349_GCGAATTAAGGC,0,erlotinib
Data11_GSM4494349_GAATAATCCAGC,0,erlotinib
Data11_GSM4494349_GCGCATTTGGGG,0,erlotinib
Data11_GSM4494349_AATCGAGCGGAG,0,erlotinib
Data11_GSM4494349_GGGAGACCGAGT,0,erlotinib
Data11_GSM4494349_AGCCAGGCTTCG,0,erlotinib
Data11_GSM4494349_CGAATGCACGTA,0,erlotinib
Data11_GSM4494349_TTTGGTAGTGCC,0,erlotinib
Data11_GSM4494349_GCTCGTCGAACT,0,erlotinib
Data11_GSM4494349_AATCACAAAGTG,0,erlotinib
Data11_GSM4494349_CGAGGAAGAACT,0,erlotinib
Data11_GSM4494349_ACCGTAGTTGTA,0,erlotinib
Data11_GSM4494349_CCGTTGCCAGAG,0,erlotinib
Data11_GSM4494349_TAATCAGGTGAC,0,erlotinib
Data11_GSM4494349_AAAAGCGGGACC,0,erlotinib
Data11_GSM4494349_CACCTTCTAATG,0,erlotinib
Data11_GSM4494349_TACTCACCCAAT,0,erlotinib
Data11_GSM4494349_AGGCGCGGAGGT,0,erlotinib
Data11_GSM4494349_CGAGAGCCTTTC,0,erlotinib
Data11_GSM4494349_CCCGCAAAGTGA,0,erlotinib
Data11_GSM4494349_TCGTGAGCTGAC,0,erlotinib
Data11_GSM4494349_GCTAGAGGACAT,0,erlotinib
Data11_GSM4494349_CGCTCTGGTTAC,0,erlotinib
Data11_GSM4494349_ATGTGTAACTAT,0,erlotinib
Data11_GSM4494349_TCACCTCGGGCA,0,erlotinib
Data11_GSM4494349_ACTTATTTCCTC,0,erlotinib
Data11_GSM4494349_CTGGTATCAGCA,0,erlotinib
Data11_GSM4494349_GTCGGTCACTCC,0,erlotinib
Data11_GSM4494349_GGCATATTCACA,0,erlotinib
Data11_GSM4494349_AGCATGGCTGTC,0,erlotinib
Data11_GSM4494349_AGACTGCATGCG,0,erlotinib
Data11_GSM4494349_ATACCAGGACAT,0,erlotinib
Data11_GSM4494349_AACAGTAGGGCC,0,erlotinib
Data11_GSM4494349_ATAGGACGGTGA,0,erlotinib
Data11_GSM4494349_TATTTTCGGAGC,0,erlotinib
Data11_GSM4494349_TGATCCATCGCA,0,erlotinib
Data11_GSM4494349_CCGATCTGAGCG,0,erlotinib
Data11_GSM4494349_GATGCGATTCCG,0,erlotinib
Data11_GSM4494349_GAAGTTGCTGAC,0,erlotinib
Data11_GSM4494349_TCTCTAACTCTA,0,erlotinib
Data11_GSM4494349_TCGCCGCGATTA,0,erlotinib
Data11_GSM4494349_GACCACACGCGC,0,erlotinib
Data11_GSM4494349_CGGCGCTGAGCT,0,erlotinib
Data11_GSM4494349_GAGATGTGCCCA,0,erlotinib
Data11_GSM4494349_ATTTCACATAAT,0,erlotinib
Data11_GSM4494349_AAAGATGTCACT,0,erlotinib
Data11_GSM4494349_CAATGAAAGTGA,0,erlotinib
Data11_GSM4494349_CGTCACATAATT,0,erlotinib
Data11_GSM4494349_GCGCAAAACATT,0,erlotinib
Data11_GSM4494349_GATACACCGAGT,0,erlotinib
Data11_GSM4494349_TTCATGGTGACA,0,erlotinib
Data11_GSM4494349_GGTAAGTCTGAT,0,erlotinib
Data11_GSM4494349_TGTCAATGAATA,0,erlotinib
Data11_GSM4494349_TGTTTGGCAGAC,0,erlotinib
Data11_GSM4494349_AATCTCAAAAGT,0,erlotinib
Data11_GSM4494349_GATTTTTCATGC,0,erlotinib
Data11_GSM4494349_TAACCTTACTTC,0,erlotinib
Data11_GSM4494349_CCCATAACACAC,0,erlotinib
Data11_GSM4494349_TCTAGGAGGGAA,0,erlotinib
Data11_GSM4494349_TTTTGAGGCTGA,0,erlotinib
Data11_GSM4494349_TGGACGAACATA,0,erlotinib
Data11_GSM4494349_GGCAGTTACACT,0,erlotinib
Data11_GSM4494349_ACCCTTGCTATA,0,erlotinib
Data11_GSM4494349_TGTTCACCTAGG,0,erlotinib
Data11_GSM4494349_CAAGAACCTCAA,0,erlotinib
Data11_GSM4494349_CTAAAGAAAACT,0,erlotinib
Data11_GSM4494349_AACAATTCTCCG,0,erlotinib
Data11_GSM4494349_AATCTACTGCGT,0,erlotinib
Data11_GSM4494349_ACAAAACCGTGA,0,erlotinib
Data11_GSM4494349_ACGGAAACCTAA,0,erlotinib
Data11_GSM4494349_AGGGGTGACGAC,0,erlotinib
Data11_GSM4494349_CCGCAGCACCTC,0,erlotinib
Data11_GSM4494349_GTTCTCATCATA,0,erlotinib
Data11_GSM4494349_CACGGGAAGAGA,0,erlotinib
Data11_GSM4494349_CGTCTACACGAA,0,erlotinib
Data11_GSM4494349_TTGGCAACTGCA,0,erlotinib
Data11_GSM4494349_TTATGTACTGCT,0,erlotinib
Data11_GSM4494349_TACGGTATAACG,0,erlotinib
Data11_GSM4494349_CATCATATTATA,0,erlotinib
Data11_GSM4494349_GCGAGTACTCCT,0,erlotinib
Data11_GSM4494349_TAGATGACGAAA,0,erlotinib
Data11_GSM4494349_GTCCCTTTTAGT,0,erlotinib
Data11_GSM4494349_AGCCTCAGCTAG,0,erlotinib
Data11_GSM4494349_AGACCAACAAGT,0,erlotinib
Data11_GSM4494349_GGTGTGCACGCA,0,erlotinib
Data11_GSM4494349_AGCCCGTGGTAT,0,erlotinib
Data11_GSM4494349_CCTCACCCCCAG,0,erlotinib
Data11_GSM4494349_CCATGCAGTCTG,0,erlotinib
Data11_GSM4494349_CCCCGATATACG,0,erlotinib
Data11_GSM4494349_GCCTCTACCTCA,0,erlotinib
Data11_GSM4494349_GCACAGCAGAGC,0,erlotinib
Data11_GSM4494349_TACCAGCCAGCT,0,erlotinib
Data11_GSM4494349_GAAAGTGTTTTA,0,erlotinib
Data11_GSM4494349_CAGGCCCATTAA,0,erlotinib
Data11_GSM4494349_CTCGTGCTTGGG,0,erlotinib
Data11_GSM4494349_TCGTAACACAAC,0,erlotinib
Data11_GSM4494349_GTTATTTCCAGC,0,erlotinib
Data11_GSM4494349_GTACACTGCCCA,0,erlotinib
Data11_GSM4494349_TCAACCCTCGTG,0,erlotinib
Data11_GSM4494349_TGGTCTCAATAC,0,erlotinib
Data11_GSM4494349_CGAACTAGCCTT,0,erlotinib
Data11_GSM4494349_GCCTAATATAAC,0,erlotinib
Data11_GSM4494349_GGCCAAGTATAC,0,erlotinib
Data11_GSM4494349_CCTAATATTTGC,0,erlotinib
Data11_GSM4494349_TCGGCGCCCCGC,0,erlotinib
Data11_GSM4494349_TGCCTAAAGGCG,0,erlotinib
Data11_GSM4494349_ATACTTGCTCGC,0,erlotinib
Data11_GSM4494349_AGCCGCGTTGGA,0,erlotinib
Data11_GSM4494349_GCTCTCATAGGA,0,erlotinib
Data11_GSM4494349_TACATTAATTGC,0,erlotinib
Data11_GSM4494349_ACTACACAGCGC,0,erlotinib
Data11_GSM4494349_CATCATGCGGAT,0,erlotinib
Data11_GSM4494349_CAAAAACTTATG,0,erlotinib
Data11_GSM4494349_ATCACTCATGAA,0,erlotinib
Data11_GSM4494349_GCGCCTCCTACA,0,erlotinib
Data11_GSM4494349_CGCCGACAGATA,0,erlotinib
Data11_GSM4494349_AGGGTCTAGGAC,0,erlotinib
Data11_GSM4494349_CGAAACAAGATA,0,erlotinib
Data11_GSM4494349_GGGCAGGATCTT,0,erlotinib
Data11_GSM4494349_GTCGCACCCCGA,0,erlotinib
Data11_GSM4494349_CCAGCTGTAATA,0,erlotinib
Data11_GSM4494349_CACTTATGGATG,0,erlotinib
Data11_GSM4494349_GCATGCGGCCTA,0,erlotinib
Data11_GSM4494349_ATAAATCTAAAA,0,erlotinib
Data11_GSM4494349_CACGATTCTGTG,0,erlotinib
Data11_GSM4494349_GTACCACTTAAG,0,erlotinib
Data11_GSM4494349_GAACCGTTACGG,0,erlotinib
Data11_GSM4494349_GGGCTCGCCCCG,0,erlotinib
Data11_GSM4494349_TTATCAGGTAAT,0,erlotinib
Data11_GSM4494349_AATCGAAACATT,0,erlotinib
Data11_GSM4494349_GTGCTACTGCAA,0,erlotinib
Data11_GSM4494349_GAGAGGTACCTG,0,erlotinib
Data11_GSM4494349_ACCAAGTCCATA,0,erlotinib
Data11_GSM4494349_CGGAGATGTAAA,0,erlotinib
Data11_GSM4494349_CAGCTCTCGATC,0,erlotinib
Data11_GSM4494349_GAAAAAGGGGCG,0,erlotinib
Data11_GSM4494349_CGACCCGGTAGC,0,erlotinib
Data11_GSM4494349_TTTAAACCGGTC,0,erlotinib
Data11_GSM4494349_GGCGTTCAGACG,0,erlotinib
Data11_GSM4494349_TAACCTCCAGCT,0,erlotinib
Data11_GSM4494349_TTCTGCTAAAGC,0,erlotinib
Data11_GSM4494349_GTCGCCGCCCCC,0,erlotinib
Data11_GSM4494349_CCGGTTTTGTTT,0,erlotinib
Data11_GSM4494349_GGCGTGTACTCT,0,erlotinib
Data11_GSM4494349_CGCGAGAGAGAT,0,erlotinib
Data11_GSM4494349_CCCACACAAAGT,0,erlotinib
Data11_GSM4494349_AGTGGTTTAGGT,0,erlotinib
Data11_GSM4494349_GATTAGGGGAAC,0,erlotinib
Data11_GSM4494349_GTCTTCGAAGCT,0,erlotinib
Data11_GSM4494349_CAGCGAGTAGGC,0,erlotinib
Data11_GSM4494349_GGATTAAAATCC,0,erlotinib
Data11_GSM4494349_ACCACAACAGTC,0,erlotinib
Data11_GSM4494349_GGCATCTCAACT,0,erlotinib
Data11_GSM4494349_CCGATCCACAAG,0,erlotinib
Data11_GSM4494349_TTGCGGAGGCTC,0,erlotinib
Data11_GSM4494349_AGCGGCTTTCCG,0,erlotinib
Data11_GSM4494349_CTCGACCATACA,0,erlotinib
Data11_GSM4494349_GGCGGTGTAGTA,0,erlotinib
Data11_GSM4494349_GACACGCGAGAG,0,erlotinib
Data11_GSM4494349_CAACCACTCCAG,0,erlotinib
Data11_GSM4494349_GGAGTACTGATA,0,erlotinib
Data11_GSM4494349_CGGACCCCGAGC,0,erlotinib
Data11_GSM4494349_GGCAGGTGCGGG,0,erlotinib
Data11_GSM4494349_CACGAGGATCGC,0,erlotinib
Data11_GSM4494349_TGTGTGTCTGCA,0,erlotinib
Data11_GSM4494349_GGTCGCGATTAT,0,erlotinib
Data11_GSM4494349_AGTCACATGAAC,0,erlotinib
Data11_GSM4494349_AGCACGGATATC,0,erlotinib
Data11_GSM4494349_TTCAACTAAGCG,0,erlotinib
Data11_GSM4494349_GTACGACGGAGC,0,erlotinib
Data11_GSM4494349_TGCAGAGTTGAC,0,erlotinib
Data11_GSM4494349_TCATTCACCGCC,0,erlotinib
Data11_GSM4494349_CCGCAGCTGTCA,0,erlotinib
Data11_GSM4494349_GAAAACAGCTAT,0,erlotinib
Data11_GSM4494349_CAAGATCGGAGG,0,erlotinib
Data11_GSM4494349_GGATTGCCAGCC,0,erlotinib
Data11_GSM4494349_ACGACCTATCGG,0,erlotinib
Data11_GSM4494349_AACCCCCTGATC,0,erlotinib
Data11_GSM4494349_ATGCTTTTTCTT,0,erlotinib
Data11_GSM4494349_ACCAAGTAAGTG,0,erlotinib
Data11_GSM4494349_TGGGTAGGCAGC,0,erlotinib
Data11_GSM4494349_TTACGGTTGCCG,0,erlotinib
Data11_GSM4494349_GACTTACGCTGA,0,erlotinib
Data11_GSM4494349_AATCTGACTTCC,0,erlotinib
Data11_GSM4494349_GCCTCCTGTCTT,0,erlotinib
Data11_GSM4494349_AGCCCGAAGATG,0,erlotinib
Data11_GSM4494349_CTGCAATTGATA,0,erlotinib
Data11_GSM4494349_CAGAACGGGAAC,0,erlotinib
Data11_GSM4494349_CTTACAGCTAGC,0,erlotinib
Data11_GSM4494349_GAAAGGGGTGCT,0,erlotinib
Data11_GSM4494349_ACTGGGATATGG,0,erlotinib
Data11_GSM4494349_TGAAGCAGTTTC,0,erlotinib
Data11_GSM4494349_CGACAAAGAGAG,0,erlotinib
Data11_GSM4494349_GGTACCATTACC,0,erlotinib
Data11_GSM4494349_GTCAACTGCACG,0,erlotinib
Data11_GSM4494349_CGGTCTCCTGAC,0,erlotinib
Data11_GSM4494349_GATGACCATGAC,0,erlotinib
Data11_GSM4494349_GTCCCCTGATTA,0,erlotinib
Data11_GSM4494349_CAAGTGCAGCAC,0,erlotinib
Data11_GSM4494349_GAAGATCGCGTA,0,erlotinib
Data11_GSM4494349_GTTCCATTGATC,0,erlotinib
Data11_GSM4494349_TGTCATTAAGCG,0,erlotinib
Data11_GSM4494349_TCACGGATTAAA,0,erlotinib
Data11_GSM4494349_CGGTGCTCGATT,0,erlotinib
Data11_GSM4494349_TAAATGGGGGAG,0,erlotinib
Data11_GSM4494349_GCAGGCCGTAGT,0,erlotinib
Data11_GSM4494349_GAATCGGTTGGC,0,erlotinib
Data11_GSM4494349_AATCTTGGACAT,0,erlotinib
Data11_GSM4494349_CTTGAAGGTGAC,0,erlotinib
Data11_GSM4494349_GCGCGCGGCACC,0,erlotinib
Data11_GSM4494349_CCTACCTATCCC,0,erlotinib
Data11_GSM4494349_GTTCCTAGCAAC,0,erlotinib
Data11_GSM4494349_GTCGTGCGATCA,0,erlotinib
Data11_GSM4494349_GGAATAATCTAC,0,erlotinib
Data11_GSM4494349_TAAGTGGAAAGA,0,erlotinib
Data11_GSM4494349_TTCGGTCTTAGG,0,erlotinib
Data11_GSM4494349_TACACGTCCGAT,0,erlotinib
Data11_GSM4494349_TCGCCGAGAGGA,0,erlotinib
Data11_GSM4494349_AGACCGAATCTC,0,erlotinib
Data11_GSM4494349_GGACAGCCATAC,0,erlotinib
Data11_GSM4494349_GCCCGCCCCGCC,0,erlotinib
Data11_GSM4494349_ATCCATATAAGC,0,erlotinib
Data11_GSM4494349_AACTAATAGGAC,0,erlotinib
Data11_GSM4494349_ACAACAGGTATG,0,erlotinib
Data11_GSM4494349_TTTAACTGAGTG,0,erlotinib
Data11_GSM4494349_AACTCTCCTCGC,0,erlotinib
Data11_GSM4494349_CCCGTCTAGCTT,0,erlotinib
Data11_GSM4494349_ACGTACTTCCCA,0,erlotinib
Data11_GSM4494349_CCGGAGGCCATG,0,erlotinib
Data11_GSM4494349_ATGCTGTGCCAT,0,erlotinib
Data11_GSM4494349_TGAAGCTCGATA,0,erlotinib
Data11_GSM4494349_TTTAGCACCCGA,0,erlotinib
Data11_GSM4494349_GTGCGATTGATC,0,erlotinib
Data11_GSM4494349_ACACGACGGCGT,0,erlotinib
Data11_GSM4494349_ACCAAAGCGCCG,0,erlotinib
Data11_GSM4494349_ACCACACCCGAG,0,erlotinib
Data11_GSM4494349_CCGATCCACAAC,0,erlotinib
Data11_GSM4494349_ATACTAGCTACA,0,erlotinib
Data11_GSM4494349_GCCTTGAGTGCG,0,erlotinib
Data11_GSM4494349_GCTTAGGATTCC,0,erlotinib
Data11_GSM4494349_GTAGGGGGCGAT,0,erlotinib
Data11_GSM4494349_GTTGCTTTGCAT,0,erlotinib
Data11_GSM4494349_GGAAATGAAATT,0,erlotinib
Data11_GSM4494349_GTCAATGGACGC,0,erlotinib
Data11_GSM4494349_AACACACAATCA,0,erlotinib
Data11_GSM4494349_TAAAGGCCCCTT,0,erlotinib
Data11_GSM4494349_ATCGGGCGGAAC,0,erlotinib
Data11_GSM4494349_AGAAAACATGGC,0,erlotinib
Data11_GSM4494349_AGCTAAGATTCT,0,erlotinib
Data11_GSM4494349_CCTGGTTGACCT,0,erlotinib
Data11_GSM4494349_CGTAGCCCATCT,0,erlotinib
Data11_GSM4494349_TGCCGGGGGGGC,0,erlotinib
Data11_GSM4494349_GCGATCCCTGAT,0,erlotinib
Data11_GSM4494349_ACCAAGGAAGGG,0,erlotinib
Data11_GSM4494349_GATTCGTAACCT,0,erlotinib
Data11_GSM4494349_GCTGTCCTGACT,0,erlotinib
Data11_GSM4494349_CAGGCGAATCGT,0,erlotinib
Data11_GSM4494349_GTGTGAGAACTG,0,erlotinib
Data11_GSM4494349_ACCTGTAAACGC,0,erlotinib
Data11_GSM4494349_GGGTAACTTGAC,0,erlotinib
Data11_GSM4494349_CAAACTAGGTCA,0,erlotinib
Data11_GSM4494349_CCGTAGCCAGGG,0,erlotinib
Data11_GSM4494349_ACCGAAGACGCG,0,erlotinib
Data11_GSM4494349_CTGAAAGAGCAA,0,erlotinib
Data11_GSM4494349_TCACCAGAACGT,0,erlotinib
Data11_GSM4494349_TCGCCCCGGGGT,0,erlotinib
Data11_GSM4494349_TAGGCACCAAGT,0,erlotinib
Data11_GSM4494349_GTTCGCGAGGTG,0,erlotinib
Data11_GSM4494349_TGCCTATGCCGA,0,erlotinib
Data11_GSM4494349_ACGTAGGTCGCG,0,erlotinib
Data11_GSM4494349_ACTCCTAGATCC,0,erlotinib
Data11_GSM4494349_TATAGGTCGCCA,0,erlotinib
Data11_GSM4494349_AGCAGACGGCGG,0,erlotinib
Data11_GSM4494349_ATCTGAGCCGTT,0,erlotinib
Data11_GSM4494349_TAGTTCACTATG,0,erlotinib
Data11_GSM4494349_CCCGCGAGCGTT,0,erlotinib
Data11_GSM4494349_ACCCCACTGTCT,0,erlotinib
Data11_GSM4494349_CCGATTTGGCCT,0,erlotinib
Data11_GSM4494349_GACTACAAATGC,0,erlotinib
Data11_GSM4494349_GTTTCAACGCCG,0,erlotinib
Data11_GSM4494349_CTCCTAAGAGGT,0,erlotinib
Data11_GSM4494349_CGAGTCCCCGCA,0,erlotinib
Data11_GSM4494349_AACGTCCATAAC,0,erlotinib
Data11_GSM4494349_CACCTGCGGGCG,0,erlotinib
Data11_GSM4494349_AGTGATAACCTA,0,erlotinib
Data11_GSM4494349_TCCATACGATTG,0,erlotinib
Data11_GSM4494349_CTCATGAATACT,0,erlotinib
Data11_GSM4494349_AGGCGCCGTATA,0,erlotinib
Data11_GSM4494349_GGCATCCGCCAG,0,erlotinib
Data11_GSM4494349_ACCGATACACTT,0,erlotinib
Data11_GSM4494349_ACCGAGCGTGTA,0,erlotinib
Data11_GSM4494349_GGGCTGTTCTGT,0,erlotinib
Data11_GSM4494349_GCATCATGATTT,0,erlotinib
Data11_GSM4494349_GCGCGATAAACC,0,erlotinib
Data11_GSM4494349_TGCTCCCCGGGT,0,erlotinib
Data11_GSM4494349_TGGGCGATTATG,0,erlotinib
Data11_GSM4494349_TAACAGCCTTAC,0,erlotinib
Data11_GSM4494349_ACGCACCCAGAT,0,erlotinib
Data11_GSM4494349_ACTATGACCCCC,0,erlotinib
Data11_GSM4494349_TAATTTGGAAGC,0,erlotinib
Data11_GSM4494349_GTTTCACTGACT,0,erlotinib
Data11_GSM4494349_TGCCTCGACTTT,0,erlotinib
Data11_GSM4494349_AGCACCTCTTCA,0,erlotinib
Data11_GSM4494349_CTGAACTGCTAC,0,erlotinib
Data11_GSM4494349_CCACGCATTGTG,0,erlotinib
Data11_GSM4494349_AGGAGGTCCTAG,0,erlotinib
Data11_GSM4494349_GGTCGGTCTGCC,0,erlotinib
Data11_GSM4494349_TCGCAAGGGGTG,0,erlotinib
Data11_GSM4494349_CTAGTCCCGGAC,0,erlotinib
Data11_GSM4494349_GTGACACCCCCG,0,erlotinib
Data11_GSM4494349_GTAGAAGCACTG,0,erlotinib
Data11_GSM4494349_GTTTGGACCCTT,0,erlotinib
Data11_GSM4494349_CCGATCCACAAT,0,erlotinib
Data11_GSM4494349_GATTGGATGTCG,0,erlotinib
Data11_GSM4494349_CCTTCCACCTGG,0,erlotinib
Data11_GSM4494349_GCTTTCCAAACG,0,erlotinib
Data11_GSM4494349_GCGAAAAGTAGA,0,erlotinib
Data11_GSM4494349_GGGCCTCGCGCT,0,erlotinib
Data11_GSM4494349_GCCTGTTACGCA,0,erlotinib
Data11_GSM4494349_GTTTCCGAGGTC,0,erlotinib
Data11_GSM4494349_GGTTCATAACTT,0,erlotinib
Data11_GSM4494349_GTCCCGACTGCA,0,erlotinib
Data11_GSM4494349_GCCACGGACGAG,0,erlotinib
Data11_GSM4494349_GGCTCACCGAAT,0,erlotinib
Data11_GSM4494349_GCGAGCCGAGGC,0,erlotinib
Data9_GSM4140331_AAACCTGCAAGCGTAG-1,1,ceritinib
Data9_GSM4140331_AAACCTGCAATCCGAT-1,1,ceritinib
Data9_GSM4140331_AAACCTGGTATTAGCC-1,1,ceritinib
Data9_GSM4140331_AAACCTGGTTTAGCTG-1,1,ceritinib
Data9_GSM4140331_AAACCTGTCAGGATCT-1,1,ceritinib
Data9_GSM4140331_AAACCTGTCGCAAGCC-1,1,ceritinib
Data9_GSM4140331_AAACGGGAGAAGGACA-1,1,ceritinib
Data9_GSM4140331_AAACGGGCACGCGAAA-1,1,ceritinib
Data9_GSM4140331_AAACGGGGTACCTACA-1,1,ceritinib
Data9_GSM4140331_AAACGGGGTCTAGTGT-1,1,ceritinib
Data9_GSM4140331_AAACGGGTCCGGGTGT-1,1,ceritinib
Data9_GSM4140331_AAAGATGAGAGTTGGC-1,1,ceritinib
Data9_GSM4140331_AAAGATGAGGCTCATT-1,1,ceritinib
Data9_GSM4140331_AAAGATGAGTAAGTAC-1,1,ceritinib
Data9_GSM4140331_AAAGATGGTACAGCAG-1,1,ceritinib
Data9_GSM4140331_AAAGATGGTCTCTTTA-1,1,ceritinib
Data9_GSM4140331_AAAGATGGTGGACGAT-1,1,ceritinib
Data9_GSM4140331_AAAGCAAAGTTAAGTG-1,1,ceritinib
Data9_GSM4140331_AAAGCAAAGTTGTAGA-1,1,ceritinib
Data9_GSM4140331_AAAGCAACAACTGCGC-1,1,ceritinib
Data9_GSM4140331_AAAGCAACAGCGAACA-1,1,ceritinib
Data9_GSM4140331_AAAGCAAGTACATCCA-1,1,ceritinib
Data9_GSM4140331_AAAGCAAGTTGTACAC-1,1,ceritinib
Data9_GSM4140331_AAAGCAATCATGCAAC-1,1,ceritinib
Data9_GSM4140331_AAAGCAATCCGTAGTA-1,1,ceritinib
Data9_GSM4140331_AAAGCAATCTCGATGA-1,1,ceritinib
Data9_GSM4140331_AAAGTAGAGCAGCCTC-1,1,ceritinib
Data9_GSM4140331_AAAGTAGAGCGCTTAT-1,1,ceritinib
Data9_GSM4140331_AAAGTAGAGGCTAGGT-1,1,ceritinib
Data9_GSM4140331_AAAGTAGCAGCTTCGG-1,1,ceritinib
Data9_GSM4140331_AAAGTAGGTCCGAACC-1,1,ceritinib
Data9_GSM4140331_AAAGTAGTCATCTGTT-1,1,ceritinib
Data9_GSM4140331_AAATGCCAGATATGCA-1,1,ceritinib
Data9_GSM4140331_AAATGCCAGTCAAGCG-1,1,ceritinib
Data9_GSM4140331_AAATGCCAGTGGTAGC-1,1,ceritinib
Data9_GSM4140331_AAATGCCCACAACGCC-1,1,ceritinib
Data9_GSM4140331_AAATGCCCAGATAATG-1,1,ceritinib
Data9_GSM4140331_AAATGCCCAGCAGTTT-1,1,ceritinib
Data9_GSM4140331_AAATGCCTCATCATTC-1,1,ceritinib
Data9_GSM4140331_AACACGTAGATGTGTA-1,1,ceritinib
Data9_GSM4140331_AACACGTAGGTAGCTG-1,1,ceritinib
Data9_GSM4140331_AACACGTCACAAGTAA-1,1,ceritinib
Data9_GSM4140331_AACACGTGTCACTTCC-1,1,ceritinib
Data9_GSM4140331_AACACGTTCAAACAAG-1,1,ceritinib
Data9_GSM4140331_AACACGTTCACCATAG-1,1,ceritinib
Data9_GSM4140331_AACACGTTCATGTGGT-1,1,ceritinib
Data9_GSM4140331_AACCATGAGTTAAGTG-1,1,ceritinib
Data9_GSM4140331_AACCATGCAACACCCG-1,1,ceritinib
Data9_GSM4140331_AACCATGCAGCGTTCG-1,1,ceritinib
Data9_GSM4140331_AACCATGGTGAGTGAC-1,1,ceritinib
Data9_GSM4140331_AACCATGTCGAATCCA-1,1,ceritinib
Data9_GSM4140331_AACCATGTCTCCTATA-1,1,ceritinib
Data9_GSM4140331_AACCGCGAGGACACCA-1,1,ceritinib
Data9_GSM4140331_AACCGCGCAATGTAAG-1,1,ceritinib
Data9_GSM4140331_AACCGCGCACACATGT-1,1,ceritinib
Data9_GSM4140331_AACCGCGGTCGACTGC-1,1,ceritinib
Data9_GSM4140331_AACCGCGGTCGGCTCA-1,1,ceritinib
Data9_GSM4140331_AACCGCGGTCTAAAGA-1,1,ceritinib
Data9_GSM4140331_AACCGCGTCCCAACGG-1,1,ceritinib
Data9_GSM4140331_AACGTTGAGCGAGAAA-1,1,ceritinib
Data9_GSM4140331_AACGTTGCATGCTAGT-1,1,ceritinib
Data9_GSM4140331_AACGTTGGTGTTCTTT-1,1,ceritinib
Data9_GSM4140331_AACGTTGGTTGATTGC-1,1,ceritinib
Data9_GSM4140331_AACGTTGGTTTGCATG-1,1,ceritinib
Data9_GSM4140331_AACTCAGAGATGTAAC-1,1,ceritinib
Data9_GSM4140331_AACTCAGAGTGCGATG-1,1,ceritinib
Data9_GSM4140331_AACTCAGTCCTGCAGG-1,1,ceritinib
Data9_GSM4140331_AACTCCCAGGGCTCTC-1,1,ceritinib
Data9_GSM4140331_AACTCCCCAAATACAG-1,1,ceritinib
Data9_GSM4140331_AACTCCCGTGATAAAC-1,1,ceritinib
Data9_GSM4140331_AACTCCCTCACTCTTA-1,1,ceritinib
Data9_GSM4140331_AACTCCCTCCCTCAGT-1,1,ceritinib
Data9_GSM4140331_AACTCTTAGCGTTGCC-1,1,ceritinib
Data9_GSM4140331_AACTCTTCATACTACG-1,1,ceritinib
Data9_GSM4140331_AACTCTTGTTGGTTTG-1,1,ceritinib
Data9_GSM4140331_AACTGGTCATGGGAAC-1,1,ceritinib
Data9_GSM4140331_AACTGGTTCTTGAGAC-1,1,ceritinib
Data9_GSM4140331_AACTTTCAGCGGCTTC-1,1,ceritinib
Data9_GSM4140331_AACTTTCAGTGGTAAT-1,1,ceritinib
Data9_GSM4140331_AACTTTCCATAGAAAC-1,1,ceritinib
Data9_GSM4140331_AACTTTCCATGACATC-1,1,ceritinib
Data9_GSM4140331_AACTTTCGTACACCGC-1,1,ceritinib
Data9_GSM4140331_AACTTTCGTCGCTTTC-1,1,ceritinib
Data9_GSM4140331_AACTTTCGTGACCAAG-1,1,ceritinib
Data9_GSM4140331_AACTTTCTCAGTCAGT-1,1,ceritinib
Data9_GSM4140331_AACTTTCTCATCATTC-1,1,ceritinib
Data9_GSM4140331_AAGACCTAGTTATCGC-1,1,ceritinib
Data9_GSM4140331_AAGACCTCATCCTTGC-1,1,ceritinib
Data9_GSM4140331_AAGACCTCATTCCTGC-1,1,ceritinib
Data9_GSM4140331_AAGACCTTCACCTTAT-1,1,ceritinib
Data9_GSM4140331_AAGCCGCAGACTAGGC-1,1,ceritinib
Data9_GSM4140331_AAGCCGCCAAGTTCTG-1,1,ceritinib
Data9_GSM4140331_AAGCCGCTCAATCTCT-1,1,ceritinib
Data9_GSM4140331_AAGGAGCAGGATGCGT-1,1,ceritinib
Data9_GSM4140331_AAGGAGCGTCACTGGC-1,1,ceritinib
Data9_GSM4140331_AAGGAGCGTGTATGGG-1,1,ceritinib
Data9_GSM4140331_AAGGCAGCACTGCCAG-1,1,ceritinib
Data9_GSM4140331_AAGGCAGGTAAGGATT-1,1,ceritinib
Data9_GSM4140331_AAGGCAGTCAACGAAA-1,1,ceritinib
Data9_GSM4140331_AAGGCAGTCAATACCG-1,1,ceritinib
Data9_GSM4140331_AAGGCAGTCTCGGACG-1,1,ceritinib
Data9_GSM4140331_AAGGTTCCACCTCGGA-1,1,ceritinib
Data9_GSM4140331_AAGGTTCGTCTCAACA-1,1,ceritinib
Data9_GSM4140331_AAGGTTCGTGTAATGA-1,1,ceritinib
Data9_GSM4140331_AAGGTTCGTTGACGTT-1,1,ceritinib
Data9_GSM4140331_AAGGTTCTCATTTGGG-1,1,ceritinib
Data9_GSM4140331_AAGGTTCTCGTGGGAA-1,1,ceritinib
Data9_GSM4140331_AAGTCTGAGTACGTAA-1,1,ceritinib
Data9_GSM4140331_AAGTCTGAGTGCGTGA-1,1,ceritinib
Data9_GSM4140331_AAGTCTGCAATGTTGC-1,1,ceritinib
Data9_GSM4140331_AATCCAGCATGGGAAC-1,1,ceritinib
Data9_GSM4140331_AATCCAGGTGGTCTCG-1,1,ceritinib
Data9_GSM4140331_AATCCAGTCTGCTGCT-1,1,ceritinib
Data9_GSM4140331_AATCGGTAGCGTTGCC-1,1,ceritinib
Data9_GSM4140331_AATCGGTCATGTTCCC-1,1,ceritinib
Data9_GSM4140331_AATCGGTCATTAGCCA-1,1,ceritinib
Data9_GSM4140331_AATCGGTGTCGCGGTT-1,1,ceritinib
Data9_GSM4140331_AATCGGTTCAAACCGT-1,1,ceritinib
Data9_GSM4140331_ACACCAACACGAAAGC-1,1,ceritinib
Data9_GSM4140331_ACACCAACAGCTGCTG-1,1,ceritinib
Data9_GSM4140331_ACACCAATCTTAGCCC-1,1,ceritinib
Data9_GSM4140331_ACACCCTAGATGTGGC-1,1,ceritinib
Data9_GSM4140331_ACACCCTAGCTTCGCG-1,1,ceritinib
Data9_GSM4140331_ACACCCTAGGCTAGGT-1,1,ceritinib
Data9_GSM4140331_ACACCCTAGTGCGTGA-1,1,ceritinib
Data9_GSM4140331_ACACCCTCATGCCTTC-1,1,ceritinib
Data9_GSM4140331_ACACCCTGTCTACCTC-1,1,ceritinib
Data9_GSM4140331_ACACCCTTCCAGTATG-1,1,ceritinib
Data9_GSM4140331_ACACCGGAGATCCCAT-1,1,ceritinib
Data9_GSM4140331_ACACCGGCAGGACCCT-1,1,ceritinib
Data9_GSM4140331_ACACCGGCATGCGCAC-1,1,ceritinib
Data9_GSM4140331_ACACCGGGTATCTGCA-1,1,ceritinib
Data9_GSM4140331_ACACCGGGTCGCTTTC-1,1,ceritinib
Data9_GSM4140331_ACACCGGGTTTGACAC-1,1,ceritinib
Data9_GSM4140331_ACACCGGTCAACGGGA-1,1,ceritinib
Data9_GSM4140331_ACACTGAAGGGCTTCC-1,1,ceritinib
Data9_GSM4140331_ACACTGACAAAGGCGT-1,1,ceritinib
Data9_GSM4140331_ACACTGAGTACCGTAT-1,1,ceritinib
Data9_GSM4140331_ACACTGATCACATAGC-1,1,ceritinib
Data9_GSM4140331_ACACTGATCTACTCAT-1,1,ceritinib
Data9_GSM4140331_ACAGCCGGTGCGAAAC-1,1,ceritinib
Data9_GSM4140331_ACAGCCGTCTTATCTG-1,1,ceritinib
Data9_GSM4140331_ACATACGAGACATAAC-1,1,ceritinib
Data9_GSM4140331_ACATACGAGCACCGTC-1,1,ceritinib
Data9_GSM4140331_ACATACGCAATTGCTG-1,1,ceritinib
Data9_GSM4140331_ACATACGCATGGTCAT-1,1,ceritinib
Data9_GSM4140331_ACATACGGTCGTGGCT-1,1,ceritinib
Data9_GSM4140331_ACATCAGCATGAACCT-1,1,ceritinib
Data9_GSM4140331_ACATCAGTCCAGTAGT-1,1,ceritinib
Data9_GSM4140331_ACATCAGTCGCCAAAT-1,1,ceritinib
Data9_GSM4140331_ACATCAGTCTAGCACA-1,1,ceritinib
Data9_GSM4140331_ACATCAGTCTTAGCCC-1,1,ceritinib
Data9_GSM4140331_ACATGGTAGATGTGGC-1,1,ceritinib
Data9_GSM4140331_ACATGGTAGTAATCCC-1,1,ceritinib
Data9_GSM4140331_ACATGGTAGTCAAGCG-1,1,ceritinib
Data9_GSM4140331_ACATGGTCAGTCAGCC-1,1,ceritinib
Data9_GSM4140331_ACATGGTGTAAATGTG-1,1,ceritinib
Data9_GSM4140331_ACATGGTGTACCGTTA-1,1,ceritinib
Data9_GSM4140331_ACATGGTTCCAAGTAC-1,1,ceritinib
Data9_GSM4140331_ACCAGTAGTATCAGTC-1,1,ceritinib
Data9_GSM4140331_ACCAGTATCAGGTTCA-1,1,ceritinib
Data9_GSM4140331_ACCAGTATCGCCAAAT-1,1,ceritinib
Data9_GSM4140331_ACCAGTATCTACCTGC-1,1,ceritinib
Data9_GSM4140331_ACCCACTAGCGACGTA-1,1,ceritinib
Data9_GSM4140331_ACCCACTCAAACTGTC-1,1,ceritinib
Data9_GSM4140331_ACCCACTGTACAGCAG-1,1,ceritinib
Data9_GSM4140331_ACCCACTGTGCAGACA-1,1,ceritinib
Data9_GSM4140331_ACCCACTTCGGCGGTT-1,1,ceritinib
Data9_GSM4140331_ACCGTAACAATAAGCA-1,1,ceritinib
Data9_GSM4140331_ACCGTAACATGCCTAA-1,1,ceritinib
Data9_GSM4140331_ACCGTAACATGTAGTC-1,1,ceritinib
Data9_GSM4140331_ACCGTAATCCTAGAAC-1,1,ceritinib
Data9_GSM4140331_ACCTTTACACCGCTAG-1,1,ceritinib
Data9_GSM4140331_ACCTTTAGTGGCGAAT-1,1,ceritinib
Data9_GSM4140331_ACCTTTAGTTGCTCCT-1,1,ceritinib
Data9_GSM4140331_ACGAGCCAGCACGCCT-1,1,ceritinib
Data9_GSM4140331_ACGAGCCAGCCCAACC-1,1,ceritinib
Data9_GSM4140331_ACGAGCCCACTTAAGC-1,1,ceritinib
Data9_GSM4140331_ACGAGCCTCCAGTATG-1,1,ceritinib
Data9_GSM4140331_ACGAGCCTCTTAGAGC-1,1,ceritinib
Data9_GSM4140331_ACGAGGAAGAAACGAG-1,1,ceritinib
Data9_GSM4140331_ACGAGGAAGACCTTTG-1,1,ceritinib
Data9_GSM4140331_ACGAGGACATGACATC-1,1,ceritinib
Data9_GSM4140331_ACGAGGACATTGGCGC-1,1,ceritinib
Data9_GSM4140331_ACGAGGATCAACTCTT-1,1,ceritinib
Data9_GSM4140331_ACGAGGATCGAATGCT-1,1,ceritinib
Data9_GSM4140331_ACGAGGATCGCCCTTA-1,1,ceritinib
Data9_GSM4140331_ACGAGGATCTCAAGTG-1,1,ceritinib
Data9_GSM4140331_ACGATACAGGACAGCT-1,1,ceritinib
Data9_GSM4140331_ACGATACAGTCACGCC-1,1,ceritinib
Data9_GSM4140331_ACGATACCAGTATCTG-1,1,ceritinib
Data9_GSM4140331_ACGATACCATGCCCGA-1,1,ceritinib
Data9_GSM4140331_ACGATACGTCCGAATT-1,1,ceritinib
Data9_GSM4140331_ACGATACTCACATAGC-1,1,ceritinib
Data9_GSM4140331_ACGATGTAGACGCACA-1,1,ceritinib
Data9_GSM4140331_ACGATGTAGATAGTCA-1,1,ceritinib
Data9_GSM4140331_ACGATGTAGCCAGTTT-1,1,ceritinib
Data9_GSM4140331_ACGATGTAGGAGTCTG-1,1,ceritinib
Data9_GSM4140331_ACGATGTAGTCCCACG-1,1,ceritinib
Data9_GSM4140331_ACGATGTTCGTGTAGT-1,1,ceritinib
Data9_GSM4140331_ACGCAGCAGATCCCGC-1,1,ceritinib
Data9_GSM4140331_ACGCAGCAGTGTTGAA-1,1,ceritinib
Data9_GSM4140331_ACGCAGCCAGTCAGCC-1,1,ceritinib
Data9_GSM4140331_ACGCAGCCATATGAGA-1,1,ceritinib
Data9_GSM4140331_ACGCAGCGTGACGCCT-1,1,ceritinib
Data9_GSM4140331_ACGCCAGCAGTTCCCT-1,1,ceritinib
Data9_GSM4140331_ACGCCAGTCGAGAGCA-1,1,ceritinib
Data9_GSM4140331_ACGCCAGTCGGACAAG-1,1,ceritinib
Data9_GSM4140331_ACGCCAGTCTCCCTGA-1,1,ceritinib
Data9_GSM4140331_ACGCCGACAAGCCCAC-1,1,ceritinib
Data9_GSM4140331_ACGCCGACAAGTTAAG-1,1,ceritinib
Data9_GSM4140331_ACGCCGACATAAGACA-1,1,ceritinib
Data9_GSM4140331_ACGCCGAGTAAGGATT-1,1,ceritinib
Data9_GSM4140331_ACGCCGAGTAGTAGTA-1,1,ceritinib
Data9_GSM4140331_ACGCCGAGTCCGTCAG-1,1,ceritinib
Data9_GSM4140331_ACGGAGAAGTCAAGGC-1,1,ceritinib
Data9_GSM4140331_ACGGAGACAAAGGCGT-1,1,ceritinib
Data9_GSM4140331_ACGGAGACAAGGGTCA-1,1,ceritinib
Data9_GSM4140331_ACGGAGACATCAGTCA-1,1,ceritinib
Data9_GSM4140331_ACGGAGACATTGTGCA-1,1,ceritinib
Data9_GSM4140331_ACGGAGATCCGCGGTA-1,1,ceritinib
Data9_GSM4140331_ACGGCCAAGTTTAGGA-1,1,ceritinib
Data9_GSM4140331_ACGGCCACATAGACTC-1,1,ceritinib
Data9_GSM4140331_ACGGCCACATTACGAC-1,1,ceritinib
Data9_GSM4140331_ACGGCCACATTTGCTT-1,1,ceritinib
Data9_GSM4140331_ACGGCCAGTCTGCAAT-1,1,ceritinib
Data9_GSM4140331_ACGGCCAGTTCGTCTC-1,1,ceritinib
Data9_GSM4140331_ACGGCCAGTTGTACAC-1,1,ceritinib
Data9_GSM4140331_ACGGCCATCCAGAGGA-1,1,ceritinib
Data9_GSM4140331_ACGGGCTAGCTAGCCC-1,1,ceritinib
Data9_GSM4140331_ACGGGCTCAAGAAGAG-1,1,ceritinib
Data9_GSM4140331_ACGGGCTCAATGGTCT-1,1,ceritinib
Data9_GSM4140331_ACGGGCTCACTACAGT-1,1,ceritinib
Data9_GSM4140331_ACGGGCTCAGGTCGTC-1,1,ceritinib
Data9_GSM4140331_ACGGGCTTCAAGCCTA-1,1,ceritinib
Data9_GSM4140331_ACGGGCTTCATTGCCC-1,1,ceritinib
Data9_GSM4140331_ACGGGTCAGACGCTTT-1,1,ceritinib
Data9_GSM4140331_ACGGGTCCAGCAGTTT-1,1,ceritinib
Data9_GSM4140331_ACGGGTCGTTTCCACC-1,1,ceritinib
Data9_GSM4140331_ACGTCAAAGGCGTACA-1,1,ceritinib
Data9_GSM4140331_ACGTCAACACGTTGGC-1,1,ceritinib
Data9_GSM4140331_ACGTCAATCATTGCGA-1,1,ceritinib
Data9_GSM4140331_ACTATCTCAGTCGTGC-1,1,ceritinib
Data9_GSM4140331_ACTATCTCATTGCGGC-1,1,ceritinib
Data9_GSM4140331_ACTATCTGTACGACCC-1,1,ceritinib
Data9_GSM4140331_ACTATCTGTCATCCCT-1,1,ceritinib
Data9_GSM4140331_ACTATCTGTCCGAAGA-1,1,ceritinib
Data9_GSM4140331_ACTATCTTCATCTGCC-1,1,ceritinib
Data9_GSM4140331_ACTATCTTCCCTAATT-1,1,ceritinib
Data9_GSM4140331_ACTGAACAGCTCCTCT-1,1,ceritinib
Data9_GSM4140331_ACTGAACCACTAAGTC-1,1,ceritinib
Data9_GSM4140331_ACTGAACGTACAGCAG-1,1,ceritinib
Data9_GSM4140331_ACTGAACGTGAAAGAG-1,1,ceritinib
Data9_GSM4140331_ACTGAACGTGATAAGT-1,1,ceritinib
Data9_GSM4140331_ACTGAACTCAAGGCTT-1,1,ceritinib
Data9_GSM4140331_ACTGAACTCATTGCCC-1,1,ceritinib
Data9_GSM4140331_ACTGAACTCGGATGGA-1,1,ceritinib
Data9_GSM4140331_ACTGAACTCTGGAGCC-1,1,ceritinib
Data9_GSM4140331_ACTGAGTAGATGGGTC-1,1,ceritinib
Data9_GSM4140331_ACTGAGTAGGGCTCTC-1,1,ceritinib
Data9_GSM4140331_ACTGAGTAGTGCAAGC-1,1,ceritinib
Data9_GSM4140331_ACTGAGTTCATGCAAC-1,1,ceritinib
Data9_GSM4140331_ACTGAGTTCATTGCGA-1,1,ceritinib
Data9_GSM4140331_ACTGAGTTCGGGAGTA-1,1,ceritinib
Data9_GSM4140331_ACTGATGAGCTGATAA-1,1,ceritinib
Data9_GSM4140331_ACTGATGAGGACAGCT-1,1,ceritinib
Data9_GSM4140331_ACTGATGAGGTAGCTG-1,1,ceritinib
Data9_GSM4140331_ACTGATGTCAACGAAA-1,1,ceritinib
Data9_GSM4140331_ACTGATGTCACGCATA-1,1,ceritinib
Data9_GSM4140331_ACTGCTCAGGGCTTCC-1,1,ceritinib
Data9_GSM4140331_ACTGCTCAGTGGCACA-1,1,ceritinib
Data9_GSM4140331_ACTGCTCCACAACGCC-1,1,ceritinib
Data9_GSM4140331_ACTGCTCCACAAGACG-1,1,ceritinib
Data9_GSM4140331_ACTGCTCGTTAAGATG-1,1,ceritinib
Data9_GSM4140331_ACTGCTCGTTCAGGCC-1,1,ceritinib
Data9_GSM4140331_ACTGCTCTCAGCTCTC-1,1,ceritinib
Data9_GSM4140331_ACTGCTCTCCGAACGC-1,1,ceritinib
Data9_GSM4140331_ACTGCTCTCTCGAGTA-1,1,ceritinib
Data9_GSM4140331_ACTGTCCAGACTCGGA-1,1,ceritinib
Data9_GSM4140331_ACTGTCCAGTGCCATT-1,1,ceritinib
Data9_GSM4140331_ACTGTCCGTAAGGGCT-1,1,ceritinib
Data9_GSM4140331_ACTGTCCGTCCGAATT-1,1,ceritinib
Data9_GSM4140331_ACTGTCCGTTCGGGCT-1,1,ceritinib
Data9_GSM4140331_ACTGTCCTCACTCTTA-1,1,ceritinib
Data9_GSM4140331_ACTGTCCTCGCTAGCG-1,1,ceritinib
Data9_GSM4140331_ACTTACTAGCAGGTCA-1,1,ceritinib
Data9_GSM4140331_ACTTACTAGGTCATCT-1,1,ceritinib
Data9_GSM4140331_ACTTACTGTCAGAGGT-1,1,ceritinib
Data9_GSM4140331_ACTTACTGTGACCAAG-1,1,ceritinib
Data9_GSM4140331_ACTTACTGTGCAACTT-1,1,ceritinib
Data9_GSM4140331_ACTTACTTCACTTACT-1,1,ceritinib
Data9_GSM4140331_ACTTACTTCATAACCG-1,1,ceritinib
Data9_GSM4140331_ACTTACTTCCGTCAAA-1,1,ceritinib
Data9_GSM4140331_ACTTGTTGTATATGAG-1,1,ceritinib
Data9_GSM4140331_ACTTGTTGTATATGGA-1,1,ceritinib
Data9_GSM4140331_ACTTGTTGTCGCGAAA-1,1,ceritinib
Data9_GSM4140331_ACTTGTTTCTTGGGTA-1,1,ceritinib
Data9_GSM4140331_ACTTTCACACAACTGT-1,1,ceritinib
Data9_GSM4140331_ACTTTCACATACTCTT-1,1,ceritinib
Data9_GSM4140331_ACTTTCAGTAAATGAC-1,1,ceritinib
Data9_GSM4140331_AGAATAGCAATCGGTT-1,1,ceritinib
Data9_GSM4140331_AGAATAGCATGAAGTA-1,1,ceritinib
Data9_GSM4140331_AGAATAGTCCACTGGG-1,1,ceritinib
Data9_GSM4140331_AGACGTTAGCCAGGAT-1,1,ceritinib
Data9_GSM4140331_AGACGTTAGTGGACGT-1,1,ceritinib
Data9_GSM4140331_AGACGTTCACAGACTT-1,1,ceritinib
Data9_GSM4140331_AGACGTTGTACGACCC-1,1,ceritinib
Data9_GSM4140331_AGACGTTGTATTCTCT-1,1,ceritinib
Data9_GSM4140331_AGACGTTTCGAGAGCA-1,1,ceritinib
Data9_GSM4140331_AGAGCGAAGGGATGGG-1,1,ceritinib
Data9_GSM4140331_AGAGCGAGTCAAAGAT-1,1,ceritinib
Data9_GSM4140331_AGAGCGATCAATCACG-1,1,ceritinib
Data9_GSM4140331_AGAGCGATCCATTCTA-1,1,ceritinib
Data9_GSM4140331_AGAGCTTAGGAATCGC-1,1,ceritinib
Data9_GSM4140331_AGAGCTTAGGTGTTAA-1,1,ceritinib
Data9_GSM4140331_AGAGCTTAGTGTTGAA-1,1,ceritinib
Data9_GSM4140331_AGAGCTTCACAACGTT-1,1,ceritinib
Data9_GSM4140331_AGAGCTTGTAGCCTCG-1,1,ceritinib
Data9_GSM4140331_AGAGCTTGTGTGTGCC-1,1,ceritinib
Data9_GSM4140331_AGAGCTTTCGGCATCG-1,1,ceritinib
Data9_GSM4140331_AGAGTGGAGTGTCCAT-1,1,ceritinib
Data9_GSM4140331_AGAGTGGCACTTAAGC-1,1,ceritinib
Data9_GSM4140331_AGAGTGGGTCCGAATT-1,1,ceritinib
Data9_GSM4140331_AGAGTGGGTCTAGAGG-1,1,ceritinib
Data9_GSM4140331_AGATCTGAGCAGATCG-1,1,ceritinib
Data9_GSM4140331_AGATCTGTCATTGCCC-1,1,ceritinib
Data9_GSM4140331_AGATCTGTCTGCAGTA-1,1,ceritinib
Data9_GSM4140331_AGATTGCCAAAGGTGC-1,1,ceritinib
Data9_GSM4140331_AGATTGCCACGAGAGT-1,1,ceritinib
Data9_GSM4140331_AGATTGCCATCCCATC-1,1,ceritinib
Data9_GSM4140331_AGATTGCCATCGTCGG-1,1,ceritinib
Data9_GSM4140331_AGATTGCGTCAAGCGA-1,1,ceritinib
Data9_GSM4140331_AGATTGCTCGCCCTTA-1,1,ceritinib
Data9_GSM4140331_AGATTGCTCTGCGTAA-1,1,ceritinib
Data9_GSM4140331_AGCAGCCGTCGCGGTT-1,1,ceritinib
Data9_GSM4140331_AGCAGCCTCACAGTAC-1,1,ceritinib
Data9_GSM4140331_AGCAGCCTCACCCGAG-1,1,ceritinib
Data9_GSM4140331_AGCATACAGTGCGATG-1,1,ceritinib
Data9_GSM4140331_AGCATACCACCAGGCT-1,1,ceritinib
Data9_GSM4140331_AGCATACCAGGACCCT-1,1,ceritinib
Data9_GSM4140331_AGCATACCATAACCTG-1,1,ceritinib
Data9_GSM4140331_AGCATACGTCCATCCT-1,1,ceritinib
Data9_GSM4140331_AGCATACGTGATAAAC-1,1,ceritinib
Data9_GSM4140331_AGCATACGTGGTACAG-1,1,ceritinib
Data9_GSM4140331_AGCATACTCAGTCAGT-1,1,ceritinib
Data9_GSM4140331_AGCATACTCCAACCAA-1,1,ceritinib
Data9_GSM4140331_AGCATACTCTAACTTC-1,1,ceritinib
Data9_GSM4140331_AGCCTAACACTTCTGC-1,1,ceritinib
Data9_GSM4140331_AGCCTAAGTGACAAAT-1,1,ceritinib
Data9_GSM4140331_AGCCTAAGTGATAAAC-1,1,ceritinib
Data9_GSM4140331_AGCCTAATCTGTACGA-1,1,ceritinib
Data9_GSM4140331_AGCGGTCAGATCCGAG-1,1,ceritinib
Data9_GSM4140331_AGCGGTCAGCACCGCT-1,1,ceritinib
Data9_GSM4140331_AGCGGTCCATACAGCT-1,1,ceritinib
Data9_GSM4140331_AGCGGTCGTGGTCCGT-1,1,ceritinib
Data9_GSM4140331_AGCGGTCGTGTAAGTA-1,1,ceritinib
Data9_GSM4140331_AGCGGTCGTTCCAACA-1,1,ceritinib
Data9_GSM4140331_AGCGTATCAATGGACG-1,1,ceritinib
Data9_GSM4140331_AGCGTATCAGGAACGT-1,1,ceritinib
Data9_GSM4140331_AGCGTATTCAGCACAT-1,1,ceritinib
Data9_GSM4140331_AGCGTATTCCCGACTT-1,1,ceritinib
Data9_GSM4140331_AGCGTATTCCTCAACC-1,1,ceritinib
Data9_GSM4140331_AGCGTATTCTAGCACA-1,1,ceritinib
Data9_GSM4140331_AGCGTCGAGAAGAAGC-1,1,ceritinib
Data9_GSM4140331_AGCGTCGGTAACGCGA-1,1,ceritinib
Data9_GSM4140331_AGCGTCGGTGTTTGTG-1,1,ceritinib
Data9_GSM4140331_AGCGTCGTCATGTCCC-1,1,ceritinib
Data9_GSM4140331_AGCGTCGTCCAGGGCT-1,1,ceritinib
Data9_GSM4140331_AGCGTCGTCTCCTATA-1,1,ceritinib
Data9_GSM4140331_AGCGTCGTCTCTGCTG-1,1,ceritinib
Data9_GSM4140331_AGCTCCTAGGCGATAC-1,1,ceritinib
Data9_GSM4140331_AGCTCCTCAAGCGCTC-1,1,ceritinib
Data9_GSM4140331_AGCTCCTCAGACGTAG-1,1,ceritinib
Data9_GSM4140331_AGCTCCTCATGCCACG-1,1,ceritinib
Data9_GSM4140331_AGCTCCTGTACATCCA-1,1,ceritinib
Data9_GSM4140331_AGCTCCTGTCCAGTTA-1,1,ceritinib
Data9_GSM4140331_AGCTCCTGTGAGGGTT-1,1,ceritinib
Data9_GSM4140331_AGCTCCTTCTCTGTCG-1,1,ceritinib
Data9_GSM4140331_AGCTCTCAGATGTGTA-1,1,ceritinib
Data9_GSM4140331_AGCTCTCTCACGCATA-1,1,ceritinib
Data9_GSM4140331_AGCTCTCTCCCACTTG-1,1,ceritinib
Data9_GSM4140331_AGCTCTCTCGTTACGA-1,1,ceritinib
Data9_GSM4140331_AGCTCTCTCTGGGCCA-1,1,ceritinib
Data9_GSM4140331_AGCTTGAAGCCGATTT-1,1,ceritinib
Data9_GSM4140331_AGCTTGAAGGACACCA-1,1,ceritinib
Data9_GSM4140331_AGCTTGAAGGCTAGGT-1,1,ceritinib
Data9_GSM4140331_AGCTTGAAGTTAGGTA-1,1,ceritinib
Data9_GSM4140331_AGCTTGACAGTATCTG-1,1,ceritinib
Data9_GSM4140331_AGGCCACAGGACAGCT-1,1,ceritinib
Data9_GSM4140331_AGGCCACAGGGCTTCC-1,1,ceritinib
Data9_GSM4140331_AGGCCACTCACCAGGC-1,1,ceritinib
Data9_GSM4140331_AGGCCGTCATGCAACT-1,1,ceritinib
Data9_GSM4140331_AGGCCGTGTCTCCCTA-1,1,ceritinib
Data9_GSM4140331_AGGCCGTGTTAAAGTG-1,1,ceritinib
Data9_GSM4140331_AGGCCGTTCAGTTGAC-1,1,ceritinib
Data9_GSM4140331_AGGCCGTTCCTTGACC-1,1,ceritinib
Data9_GSM4140331_AGGCCGTTCGCCTGAG-1,1,ceritinib
Data9_GSM4140331_AGGGAGTCAATCTACG-1,1,ceritinib
Data9_GSM4140331_AGGGAGTGTCAATGTC-1,1,ceritinib
Data9_GSM4140331_AGGGAGTTCGCACTCT-1,1,ceritinib
Data9_GSM4140331_AGGGATGAGAGATGAG-1,1,ceritinib
Data9_GSM4140331_AGGGATGAGTTTGCGT-1,1,ceritinib
Data9_GSM4140331_AGGGATGGTCCAACTA-1,1,ceritinib
Data9_GSM4140331_AGGGATGGTTTGCATG-1,1,ceritinib
Data9_GSM4140331_AGGGATGTCATATCGG-1,1,ceritinib
Data9_GSM4140331_AGGGATGTCGCGTAGC-1,1,ceritinib
Data9_GSM4140331_AGGGATGTCTACTATC-1,1,ceritinib
Data9_GSM4140331_AGGGTGAAGGACAGCT-1,1,ceritinib
Data9_GSM4140331_AGGGTGAAGTGAACAT-1,1,ceritinib
Data9_GSM4140331_AGGGTGAAGTGTTGAA-1,1,ceritinib
Data9_GSM4140331_AGGGTGACACGACGAA-1,1,ceritinib
Data9_GSM4140331_AGGGTGAGTTGCTCCT-1,1,ceritinib
Data9_GSM4140331_AGGGTGATCAACGCTA-1,1,ceritinib
Data9_GSM4140331_AGGGTGATCACATACG-1,1,ceritinib
Data9_GSM4140331_AGGGTGATCCGTTGCT-1,1,ceritinib
Data9_GSM4140331_AGGTCATAGTCTCGGC-1,1,ceritinib
Data9_GSM4140331_AGGTCATAGTGGTAGC-1,1,ceritinib
Data9_GSM4140331_AGGTCATTCTGGCGTG-1,1,ceritinib
Data9_GSM4140331_AGGTCATTCTTTACGT-1,1,ceritinib
Data9_GSM4140331_AGGTCCGCACTTCGAA-1,1,ceritinib
Data9_GSM4140331_AGGTCCGCATGCAACT-1,1,ceritinib
Data9_GSM4140331_AGGTCCGGTGTTTGGT-1,1,ceritinib
Data9_GSM4140331_AGGTCCGGTTCGCTAA-1,1,ceritinib
Data9_GSM4140331_AGGTCCGTCAACTCTT-1,1,ceritinib
Data9_GSM4140331_AGGTCCGTCGCAAGCC-1,1,ceritinib
Data9_GSM4140331_AGTAGTCAGTTCGATC-1,1,ceritinib
Data9_GSM4140331_AGTAGTCAGTTTAGGA-1,1,ceritinib
Data9_GSM4140331_AGTAGTCCACCACCAG-1,1,ceritinib
Data9_GSM4140331_AGTAGTCGTCCTAGCG-1,1,ceritinib
Data9_GSM4140331_AGTAGTCTCGGTTAAC-1,1,ceritinib
Data9_GSM4140331_AGTCTTTAGCTTCGCG-1,1,ceritinib
Data9_GSM4140331_AGTCTTTAGGTGCACA-1,1,ceritinib
Data9_GSM4140331_AGTCTTTCATTTCAGG-1,1,ceritinib
Data9_GSM4140331_AGTCTTTGTCCGAACC-1,1,ceritinib
Data9_GSM4140331_AGTCTTTTCACCACCT-1,1,ceritinib
Data9_GSM4140331_AGTCTTTTCAGGTAAA-1,1,ceritinib
Data9_GSM4140331_AGTCTTTTCGTTGCCT-1,1,ceritinib
Data9_GSM4140331_AGTGAGGAGGCAATTA-1,1,ceritinib
Data9_GSM4140331_AGTGAGGGTATCGCAT-1,1,ceritinib
Data9_GSM4140331_AGTGAGGTCTTGGGTA-1,1,ceritinib
Data9_GSM4140331_AGTGAGGTCTTTAGGG-1,1,ceritinib
Data9_GSM4140331_AGTGGGAAGACAATAC-1,1,ceritinib
Data9_GSM4140331_AGTGGGAAGTTCCACA-1,1,ceritinib
Data9_GSM4140331_AGTGGGAGTCGCATCG-1,1,ceritinib
Data9_GSM4140331_AGTGGGAGTTAAGACA-1,1,ceritinib
Data9_GSM4140331_AGTGTCAGTTCCACGG-1,1,ceritinib
Data9_GSM4140331_AGTGTCATCTGCTGTC-1,1,ceritinib
Data9_GSM4140331_AGTTGGTAGACGCAAC-1,1,ceritinib
Data9_GSM4140331_AGTTGGTAGCTTTGGT-1,1,ceritinib
Data9_GSM4140331_AGTTGGTCACGAGAGT-1,1,ceritinib
Data9_GSM4140331_AGTTGGTGTCTGGTCG-1,1,ceritinib
Data9_GSM4140331_AGTTGGTGTTAAGATG-1,1,ceritinib
Data9_GSM4140331_AGTTGGTTCCACGAAT-1,1,ceritinib
Data9_GSM4140331_ATAACGCAGCAGACTG-1,1,ceritinib
Data9_GSM4140331_ATAACGCAGTTCGCAT-1,1,ceritinib
Data9_GSM4140331_ATAACGCCAATCCGAT-1,1,ceritinib
Data9_GSM4140331_ATAACGCCAATCGGTT-1,1,ceritinib
Data9_GSM4140331_ATAACGCCACCCTATC-1,1,ceritinib
Data9_GSM4140331_ATAACGCCATATACGC-1,1,ceritinib
Data9_GSM4140331_ATAACGCGTTCCACGG-1,1,ceritinib
Data9_GSM4140331_ATAAGAGCACTAGTAC-1,1,ceritinib
Data9_GSM4140331_ATAAGAGCATATACGC-1,1,ceritinib
Data9_GSM4140331_ATAAGAGGTGCGCTTG-1,1,ceritinib
Data9_GSM4140331_ATAGACCAGGCTATCT-1,1,ceritinib
Data9_GSM4140331_ATAGACCGTCGAAAGC-1,1,ceritinib
Data9_GSM4140331_ATAGACCGTGAAAGAG-1,1,ceritinib
Data9_GSM4140331_ATAGACCTCAGAGCTT-1,1,ceritinib
Data9_GSM4140331_ATAGACCTCGACAGCC-1,1,ceritinib
Data9_GSM4140331_ATAGACCTCGCAGGCT-1,1,ceritinib
Data9_GSM4140331_ATCACGAAGGCCATAG-1,1,ceritinib
Data9_GSM4140331_ATCACGAAGGGCTCTC-1,1,ceritinib
Data9_GSM4140331_ATCACGATCTGTCTAT-1,1,ceritinib
Data9_GSM4140331_ATCATCTAGCACCGTC-1,1,ceritinib
Data9_GSM4140331_ATCATCTAGTCAAGGC-1,1,ceritinib
Data9_GSM4140331_ATCATCTAGTGTGAAT-1,1,ceritinib
Data9_GSM4140331_ATCATCTCAATAAGCA-1,1,ceritinib
Data9_GSM4140331_ATCATCTGTCTCTTTA-1,1,ceritinib
Data9_GSM4140331_ATCATGGAGGGTCTCC-1,1,ceritinib
Data9_GSM4140331_ATCATGGAGTGAACAT-1,1,ceritinib
Data9_GSM4140331_ATCATGGCATACCATG-1,1,ceritinib
Data9_GSM4140331_ATCATGGGTGAGGGTT-1,1,ceritinib
Data9_GSM4140331_ATCATGGGTTCATGGT-1,1,ceritinib
Data9_GSM4140331_ATCCACCAGTGTTGAA-1,1,ceritinib
Data9_GSM4140331_ATCCACCCAACCGCCA-1,1,ceritinib
Data9_GSM4140331_ATCCACCGTAAGAGAG-1,1,ceritinib
Data9_GSM4140331_ATCCACCGTAATAGCA-1,1,ceritinib
Data9_GSM4140331_ATCCACCGTCAACTGT-1,1,ceritinib
Data9_GSM4140331_ATCCACCTCCTTTACA-1,1,ceritinib
Data9_GSM4140331_ATCCACCTCTGCGGCA-1,1,ceritinib
Data9_GSM4140331_ATCCGAAGTGCGATAG-1,1,ceritinib
Data9_GSM4140331_ATCGAGTCATTCTCAT-1,1,ceritinib
Data9_GSM4140331_ATCGAGTCATTTGCTT-1,1,ceritinib
Data9_GSM4140331_ATCGAGTGTCTTGCGG-1,1,ceritinib
Data9_GSM4140331_ATCTACTAGACTAGGC-1,1,ceritinib
Data9_GSM4140331_ATCTACTCAAGCGAGT-1,1,ceritinib
Data9_GSM4140331_ATCTACTGTCAAAGCG-1,1,ceritinib
Data9_GSM4140331_ATCTACTGTCTAACGT-1,1,ceritinib
Data9_GSM4140331_ATCTACTTCAGCACAT-1,1,ceritinib
Data9_GSM4140331_ATCTACTTCTGTGCAA-1,1,ceritinib
Data9_GSM4140331_ATCTGCCAGCACAGGT-1,1,ceritinib
Data9_GSM4140331_ATCTGCCAGGATGGAA-1,1,ceritinib
Data9_GSM4140331_ATCTGCCGTATGAATG-1,1,ceritinib
Data9_GSM4140331_ATCTGCCTCAGAGCTT-1,1,ceritinib
Data9_GSM4140331_ATGAGGGAGGGCTCTC-1,1,ceritinib
Data9_GSM4140331_ATGAGGGTCCCTCAGT-1,1,ceritinib
Data9_GSM4140331_ATGCGATGTTACAGAA-1,1,ceritinib
Data9_GSM4140331_ATGGGAGCACGCTTTC-1,1,ceritinib
Data9_GSM4140331_ATGGGAGGTTCAGACT-1,1,ceritinib
Data9_GSM4140331_ATGGGAGTCAACCAAC-1,1,ceritinib
Data9_GSM4140331_ATGGGAGTCTGACCTC-1,1,ceritinib
Data9_GSM4140331_ATGTGTGCACAGGTTT-1,1,ceritinib
Data9_GSM4140331_ATGTGTGCATTGGGCC-1,1,ceritinib
Data9_GSM4140331_ATGTGTGGTGAAATCA-1,1,ceritinib
Data9_GSM4140331_ATGTGTGTCCTCTAGC-1,1,ceritinib
Data9_GSM4140331_ATGTGTGTCGTCCAGG-1,1,ceritinib
Data9_GSM4140331_ATTACTCCAGTATCTG-1,1,ceritinib
Data9_GSM4140331_ATTACTCCAGTATGCT-1,1,ceritinib
Data9_GSM4140331_ATTACTCGTGCAACGA-1,1,ceritinib
Data9_GSM4140331_ATTACTCGTTCTGTTT-1,1,ceritinib
Data9_GSM4140331_ATTACTCTCCTATGTT-1,1,ceritinib
Data9_GSM4140331_ATTACTCTCGCCAAAT-1,1,ceritinib
Data9_GSM4140331_ATTACTCTCTCCGGTT-1,1,ceritinib
Data9_GSM4140331_ATTATCCAGCTGAAAT-1,1,ceritinib
Data9_GSM4140331_ATTATCCAGGGAGTAA-1,1,ceritinib
Data9_GSM4140331_ATTATCCCAGGTCGTC-1,1,ceritinib
Data9_GSM4140331_ATTATCCCAGTAAGCG-1,1,ceritinib
Data9_GSM4140331_ATTATCCTCGAGAGCA-1,1,ceritinib
Data9_GSM4140331_ATTATCCTCTGGTTCC-1,1,ceritinib
Data9_GSM4140331_ATTATCCTCTTCGAGA-1,1,ceritinib
Data9_GSM4140331_ATTCTACAGTGGGTTG-1,1,ceritinib
Data9_GSM4140331_ATTCTACCAAGAAGAG-1,1,ceritinib
Data9_GSM4140331_ATTCTACTCACAGTAC-1,1,ceritinib
Data9_GSM4140331_ATTGGACAGCTACCTA-1,1,ceritinib
Data9_GSM4140331_ATTGGACAGGGCTTCC-1,1,ceritinib
Data9_GSM4140331_ATTGGACCATTAACCG-1,1,ceritinib
Data9_GSM4140331_ATTGGACGTGCCTTGG-1,1,ceritinib
Data9_GSM4140331_ATTGGACGTTACGACT-1,1,ceritinib
Data9_GSM4140331_ATTGGACTCACGAAGG-1,1,ceritinib
Data9_GSM4140331_ATTGGACTCATCACCC-1,1,ceritinib
Data9_GSM4140331_ATTGGACTCTGCAGTA-1,1,ceritinib
Data9_GSM4140331_ATTGGACTCTGCTTGC-1,1,ceritinib
Data9_GSM4140331_ATTGGTGAGATCCTGT-1,1,ceritinib
Data9_GSM4140331_ATTGGTGAGCTGAAAT-1,1,ceritinib
Data9_GSM4140331_ATTGGTGCAGTGACAG-1,1,ceritinib
Data9_GSM4140331_ATTGGTGGTACGACCC-1,1,ceritinib
Data9_GSM4140331_ATTGGTGTCAGGTAAA-1,1,ceritinib
Data9_GSM4140331_ATTGGTGTCTTGTACT-1,1,ceritinib
Data9_GSM4140331_ATTTCTGAGCCCGAAA-1,1,ceritinib
Data9_GSM4140331_ATTTCTGAGCTAGCCC-1,1,ceritinib
Data9_GSM4140331_ATTTCTGAGGCGCTCT-1,1,ceritinib
Data9_GSM4140331_ATTTCTGAGTCCAGGA-1,1,ceritinib
Data9_GSM4140331_ATTTCTGCAAGTCTGT-1,1,ceritinib
Data9_GSM4140331_CAACCAAAGAGACGAA-1,1,ceritinib
Data9_GSM4140331_CAACCAAAGGCTAGGT-1,1,ceritinib
Data9_GSM4140331_CAACCAACAGACGCCT-1,1,ceritinib
Data9_GSM4140331_CAACCAAGTCGGCACT-1,1,ceritinib
Data9_GSM4140331_CAACCAAGTCGGGTCT-1,1,ceritinib
Data9_GSM4140331_CAACCAAGTGTAAGTA-1,1,ceritinib
Data9_GSM4140331_CAACCTCAGAAGCCCA-1,1,ceritinib
Data9_GSM4140331_CAACCTCGTCGGATCC-1,1,ceritinib
Data9_GSM4140331_CAACCTCGTGTGCCTG-1,1,ceritinib
Data9_GSM4140331_CAACCTCGTTACCGAT-1,1,ceritinib
Data9_GSM4140331_CAACCTCTCGGAGGTA-1,1,ceritinib
Data9_GSM4140331_CAACTAGAGCCATCGC-1,1,ceritinib
Data9_GSM4140331_CAACTAGAGTAATCCC-1,1,ceritinib
Data9_GSM4140331_CAAGAAAAGGAGCGAG-1,1,ceritinib
Data9_GSM4140331_CAAGAAAAGTTGTAGA-1,1,ceritinib
Data9_GSM4140331_CAAGAAAGTAGAGGAA-1,1,ceritinib
Data9_GSM4140331_CAAGAAATCAGCGACC-1,1,ceritinib
Data9_GSM4140331_CAAGAAATCAGGATCT-1,1,ceritinib
Data9_GSM4140331_CAAGATCAGTCCAGGA-1,1,ceritinib
Data9_GSM4140331_CAAGATCCAGTCGTGC-1,1,ceritinib
Data9_GSM4140331_CAAGATCTCATTGCCC-1,1,ceritinib
Data9_GSM4140331_CAAGGCCAGTGTTGAA-1,1,ceritinib
Data9_GSM4140331_CAAGGCCGTCAACTGT-1,1,ceritinib
Data9_GSM4140331_CAAGGCCGTCCTCTTG-1,1,ceritinib
Data9_GSM4140331_CAAGGCCGTCTTCTCG-1,1,ceritinib
Data9_GSM4140331_CAAGGCCGTGGCGAAT-1,1,ceritinib
Data9_GSM4140331_CAAGGCCGTGTGTGCC-1,1,ceritinib
Data9_GSM4140331_CAAGGCCGTTTGGCGC-1,1,ceritinib
Data9_GSM4140331_CAAGGCCTCACTCTTA-1,1,ceritinib
Data9_GSM4140331_CAAGGCCTCAGTCAGT-1,1,ceritinib
Data9_GSM4140331_CAAGTTGAGTGTTTGC-1,1,ceritinib
Data9_GSM4140331_CAAGTTGCAGCCACCA-1,1,ceritinib
Data9_GSM4140331_CAAGTTGGTTCCCTTG-1,1,ceritinib
Data9_GSM4140331_CAAGTTGTCAAACCGT-1,1,ceritinib
Data9_GSM4140331_CAAGTTGTCTGACCTC-1,1,ceritinib
Data9_GSM4140331_CACAAACAGTCATGCT-1,1,ceritinib
Data9_GSM4140331_CACAAACCACCCATGG-1,1,ceritinib
Data9_GSM4140331_CACAAACTCGAGAGCA-1,1,ceritinib
Data9_GSM4140331_CACACAAAGAACTGTA-1,1,ceritinib
Data9_GSM4140331_CACACAAAGAGGTAGA-1,1,ceritinib
Data9_GSM4140331_CACACAAAGGGCACTA-1,1,ceritinib
Data9_GSM4140331_CACACAACATGAGCGA-1,1,ceritinib
Data9_GSM4140331_CACACAAGTCTTTCAT-1,1,ceritinib
Data9_GSM4140331_CACACAATCCCAGGTG-1,1,ceritinib
Data9_GSM4140331_CACACCTAGAATGTGT-1,1,ceritinib
Data9_GSM4140331_CACACCTAGACCGGAT-1,1,ceritinib
Data9_GSM4140331_CACACCTAGCTAGTGG-1,1,ceritinib
Data9_GSM4140331_CACACCTAGGAATTAC-1,1,ceritinib
Data9_GSM4140331_CACACCTGTCCTAGCG-1,1,ceritinib
Data9_GSM4140331_CACACCTTCCGTAGTA-1,1,ceritinib
Data9_GSM4140331_CACACTCGTGCACTTA-1,1,ceritinib
Data9_GSM4140331_CACACTCTCCACTGGG-1,1,ceritinib
Data9_GSM4140331_CACACTCTCGCTTGTC-1,1,ceritinib
Data9_GSM4140331_CACAGGCAGACGCAAC-1,1,ceritinib
Data9_GSM4140331_CACAGGCCATCGGTTA-1,1,ceritinib
Data9_GSM4140331_CACAGGCGTAAGAGAG-1,1,ceritinib
Data9_GSM4140331_CACAGGCGTAGATTAG-1,1,ceritinib
Data9_GSM4140331_CACAGGCTCGTCTGAA-1,1,ceritinib
Data9_GSM4140331_CACAGTAAGTTCGCGC-1,1,ceritinib
Data9_GSM4140331_CACAGTACACAGACTT-1,1,ceritinib
Data9_GSM4140331_CACAGTAGTAGGCTGA-1,1,ceritinib
Data9_GSM4140331_CACAGTAGTGTCGCTG-1,1,ceritinib
Data9_GSM4140331_CACAGTATCCCATTAT-1,1,ceritinib
Data9_GSM4140331_CACAGTATCGTGTAGT-1,1,ceritinib
Data9_GSM4140331_CACATAGCAAGTTGTC-1,1,ceritinib
Data9_GSM4140331_CACATAGCACTAAGTC-1,1,ceritinib
Data9_GSM4140331_CACATAGCAGTAAGAT-1,1,ceritinib
Data9_GSM4140331_CACATAGGTCTTGATG-1,1,ceritinib
Data9_GSM4140331_CACATAGTCAACGGGA-1,1,ceritinib
Data9_GSM4140331_CACATTTAGTCTTGCA-1,1,ceritinib
Data9_GSM4140331_CACATTTCACTAGTAC-1,1,ceritinib
Data9_GSM4140331_CACATTTCATGTAGTC-1,1,ceritinib
Data9_GSM4140331_CACATTTGTGGGTATG-1,1,ceritinib
Data9_GSM4140331_CACATTTGTGTAAGTA-1,1,ceritinib
Data9_GSM4140331_CACATTTGTTAAGTAG-1,1,ceritinib
Data9_GSM4140331_CACATTTTCTGGTTCC-1,1,ceritinib
Data9_GSM4140331_CACCACTAGAGACTTA-1,1,ceritinib
Data9_GSM4140331_CACCACTCATCCCATC-1,1,ceritinib
Data9_GSM4140331_CACCACTTCAAACCAC-1,1,ceritinib
Data9_GSM4140331_CACCACTTCCGCAAGC-1,1,ceritinib
Data9_GSM4140331_CACCAGGAGAGATGAG-1,1,ceritinib
Data9_GSM4140331_CACCAGGAGCACCGCT-1,1,ceritinib
Data9_GSM4140331_CACCAGGGTACTTAGC-1,1,ceritinib
Data9_GSM4140331_CACCAGGTCCACGCAG-1,1,ceritinib
Data9_GSM4140331_CACCAGGTCCTAGAAC-1,1,ceritinib
Data9_GSM4140331_CACCTTGAGCTGGAAC-1,1,ceritinib
Data9_GSM4140331_CACCTTGCAAAGTGCG-1,1,ceritinib
Data9_GSM4140331_CACCTTGCAGCTGCAC-1,1,ceritinib
Data9_GSM4140331_CACCTTGGTCGGCTCA-1,1,ceritinib
Data9_GSM4140331_CACCTTGGTTCAGGCC-1,1,ceritinib
Data9_GSM4140331_CACCTTGTCACGCATA-1,1,ceritinib
Data9_GSM4140331_CACCTTGTCTTTAGTC-1,1,ceritinib
Data9_GSM4140331_CACTCCAAGCGACGTA-1,1,ceritinib
Data9_GSM4140331_CACTCCAAGCTTATCG-1,1,ceritinib
Data9_GSM4140331_CAGAATCAGCCACGTC-1,1,ceritinib
Data9_GSM4140331_CAGAATCAGCTAACTC-1,1,ceritinib
Data9_GSM4140331_CAGAATCGTGGTCTCG-1,1,ceritinib
Data9_GSM4140331_CAGAATCTCACTGGGC-1,1,ceritinib
Data9_GSM4140331_CAGAATCTCTGTTGAG-1,1,ceritinib
Data9_GSM4140331_CAGAGAGCAGCGTCCA-1,1,ceritinib
Data9_GSM4140331_CAGAGAGCATGCCTAA-1,1,ceritinib
Data9_GSM4140331_CAGAGAGGTAAGGATT-1,1,ceritinib
Data9_GSM4140331_CAGAGAGGTACGACCC-1,1,ceritinib
Data9_GSM4140331_CAGAGAGTCAGCTCTC-1,1,ceritinib
Data9_GSM4140331_CAGAGAGTCCAAATGC-1,1,ceritinib
Data9_GSM4140331_CAGAGAGTCCTCGCAT-1,1,ceritinib
Data9_GSM4140331_CAGATCAAGCAACGGT-1,1,ceritinib
Data9_GSM4140331_CAGATCACAAATCCGT-1,1,ceritinib
Data9_GSM4140331_CAGATCACAGGTGGAT-1,1,ceritinib
Data9_GSM4140331_CAGATCAGTGAGGGAG-1,1,ceritinib
Data9_GSM4140331_CAGCAGCAGCGATGAC-1,1,ceritinib
Data9_GSM4140331_CAGCAGCGTCAAAGAT-1,1,ceritinib
Data9_GSM4140331_CAGCAGCGTGAGGCTA-1,1,ceritinib
Data9_GSM4140331_CAGCAGCTCCCTAACC-1,1,ceritinib
Data9_GSM4140331_CAGCAGCTCGTCTGCT-1,1,ceritinib
Data9_GSM4140331_CAGCATAAGCCATCGC-1,1,ceritinib
Data9_GSM4140331_CAGCATAAGGAGTTGC-1,1,ceritinib
Data9_GSM4140331_CAGCATACACCGGAAA-1,1,ceritinib
Data9_GSM4140331_CAGCATACATGCGCAC-1,1,ceritinib
Data9_GSM4140331_CAGCATACATTGCGGC-1,1,ceritinib
Data9_GSM4140331_CAGCATAGTCGGCATC-1,1,ceritinib
Data9_GSM4140331_CAGCATAGTGTATGGG-1,1,ceritinib
Data9_GSM4140331_CAGCCGACAACTGCTA-1,1,ceritinib
Data9_GSM4140331_CAGCCGACAGCTTAAC-1,1,ceritinib
Data9_GSM4140331_CAGCGACAGCGCCTCA-1,1,ceritinib
Data9_GSM4140331_CAGCGACCATGCAACT-1,1,ceritinib
Data9_GSM4140331_CAGCGACTCTGTCAAG-1,1,ceritinib
Data9_GSM4140331_CAGCTAAAGCCCGAAA-1,1,ceritinib
Data9_GSM4140331_CAGCTAACACATTAGC-1,1,ceritinib
Data9_GSM4140331_CAGCTAACAGTGGGAT-1,1,ceritinib
Data9_GSM4140331_CAGCTAAGTCAAAGCG-1,1,ceritinib
Data9_GSM4140331_CAGCTAAGTCGATTGT-1,1,ceritinib
Data9_GSM4140331_CAGCTAAGTTAAGAAC-1,1,ceritinib
Data9_GSM4140331_CAGCTAATCACCATAG-1,1,ceritinib
Data9_GSM4140331_CAGCTAATCTGCTGTC-1,1,ceritinib
Data9_GSM4140331_CAGCTAATCTGGCGAC-1,1,ceritinib
Data9_GSM4140331_CAGCTGGGTACATGTC-1,1,ceritinib
Data9_GSM4140331_CAGCTGGTCTTCAACT-1,1,ceritinib
Data9_GSM4140331_CAGGTGCAGCCAGGAT-1,1,ceritinib
Data9_GSM4140331_CAGGTGCAGCTCCCAG-1,1,ceritinib
Data9_GSM4140331_CAGGTGCAGGCCCTTG-1,1,ceritinib
Data9_GSM4140331_CAGGTGCAGGCGCTCT-1,1,ceritinib
Data9_GSM4140331_CAGGTGCTCTACTCAT-1,1,ceritinib
Data9_GSM4140331_CAGTCCTAGCAAATCA-1,1,ceritinib
Data9_GSM4140331_CAGTCCTAGTCAAGGC-1,1,ceritinib
Data9_GSM4140331_CAGTCCTGTTCGTCTC-1,1,ceritinib
Data9_GSM4140331_CATATGGAGTCGTACT-1,1,ceritinib
Data9_GSM4140331_CATATTCAGATCCTGT-1,1,ceritinib
Data9_GSM4140331_CATATTCAGTTAGCGG-1,1,ceritinib
Data9_GSM4140331_CATATTCGTTACGACT-1,1,ceritinib
Data9_GSM4140331_CATATTCTCGACGGAA-1,1,ceritinib
Data9_GSM4140331_CATCAAGAGTCGTTTG-1,1,ceritinib
Data9_GSM4140331_CATCAAGAGTGTACCT-1,1,ceritinib
Data9_GSM4140331_CATCAAGAGTGTCCCG-1,1,ceritinib
Data9_GSM4140331_CATCAAGCAAGAAGAG-1,1,ceritinib
Data9_GSM4140331_CATCAAGGTCCGCTGA-1,1,ceritinib
Data9_GSM4140331_CATCAGAAGAGTGACC-1,1,ceritinib
Data9_GSM4140331_CATCAGAAGCCGGTAA-1,1,ceritinib
Data9_GSM4140331_CATCAGAAGCTACCTA-1,1,ceritinib
Data9_GSM4140331_CATCAGACAAGCTGTT-1,1,ceritinib
Data9_GSM4140331_CATCAGAGTGCACGAA-1,1,ceritinib
Data9_GSM4140331_CATCCACCAGTAACGG-1,1,ceritinib
Data9_GSM4140331_CATCCACGTCCAACTA-1,1,ceritinib
Data9_GSM4140331_CATCCACTCACCATAG-1,1,ceritinib
Data9_GSM4140331_CATCCACTCCAATGGT-1,1,ceritinib
Data9_GSM4140331_CATCCACTCGTCTGAA-1,1,ceritinib
Data9_GSM4140331_CATCGAAAGATAGTCA-1,1,ceritinib
Data9_GSM4140331_CATCGAAAGCCGATTT-1,1,ceritinib
Data9_GSM4140331_CATCGAACACAAGCCC-1,1,ceritinib
Data9_GSM4140331_CATCGAAGTATGGTTC-1,1,ceritinib
Data9_GSM4140331_CATCGAAGTCAGATAA-1,1,ceritinib
Data9_GSM4140331_CATCGAAGTCGATTGT-1,1,ceritinib
Data9_GSM4140331_CATCGAAGTCTCATCC-1,1,ceritinib
Data9_GSM4140331_CATCGAATCCAGATCA-1,1,ceritinib
Data9_GSM4140331_CATCGAATCCCAAGTA-1,1,ceritinib
Data9_GSM4140331_CATCGGGCAAGAGTCG-1,1,ceritinib
Data9_GSM4140331_CATCGGGCACGTTGGC-1,1,ceritinib
Data9_GSM4140331_CATCGGGCAGGTGCCT-1,1,ceritinib
Data9_GSM4140331_CATCGGGCATCCGTGG-1,1,ceritinib
Data9_GSM4140331_CATCGGGGTAGGCTGA-1,1,ceritinib
Data9_GSM4140331_CATCGGGTCTACTTAC-1,1,ceritinib
Data9_GSM4140331_CATGACAAGGCTAGAC-1,1,ceritinib
Data9_GSM4140331_CATGACAAGTTTCCTT-1,1,ceritinib
Data9_GSM4140331_CATGACACATGAGCGA-1,1,ceritinib
Data9_GSM4140331_CATGACAGTTCATGGT-1,1,ceritinib
Data9_GSM4140331_CATGACATCACTCTTA-1,1,ceritinib
Data9_GSM4140331_CATGACATCCTCAACC-1,1,ceritinib
Data9_GSM4140331_CATGCCTAGCTCCTCT-1,1,ceritinib
Data9_GSM4140331_CATGCCTAGGAGTAGA-1,1,ceritinib
Data9_GSM4140331_CATGCCTAGGGTTCCC-1,1,ceritinib
Data9_GSM4140331_CATGCCTAGTGGTCCC-1,1,ceritinib
Data9_GSM4140331_CATGCCTGTTGTCTTT-1,1,ceritinib
Data9_GSM4140331_CATGCCTTCCGCATAA-1,1,ceritinib
Data9_GSM4140331_CATGGCGCAAATTGCC-1,1,ceritinib
Data9_GSM4140331_CATGGCGCATTACGAC-1,1,ceritinib
Data9_GSM4140331_CATGGCGTCCCAAGAT-1,1,ceritinib
Data9_GSM4140331_CATTATCCAGGGTACA-1,1,ceritinib
Data9_GSM4140331_CATTATCCATTGTGCA-1,1,ceritinib
Data9_GSM4140331_CATTATCGTTGATTGC-1,1,ceritinib
Data9_GSM4140331_CATTATCTCGTCTGCT-1,1,ceritinib
Data9_GSM4140331_CATTCGCAGGCCATAG-1,1,ceritinib
Data9_GSM4140331_CCAATCCAGCATCATC-1,1,ceritinib
Data9_GSM4140331_CCAATCCGTGGTTTCA-1,1,ceritinib
Data9_GSM4140331_CCAATCCGTTCAACCA-1,1,ceritinib
Data9_GSM4140331_CCACCTAAGATCTGCT-1,1,ceritinib
Data9_GSM4140331_CCACCTAAGTGCAAGC-1,1,ceritinib
Data9_GSM4140331_CCACCTACAAATTGCC-1,1,ceritinib
Data9_GSM4140331_CCACCTACACTAAGTC-1,1,ceritinib
Data9_GSM4140331_CCACCTATCAAACGGG-1,1,ceritinib
Data9_GSM4140331_CCACCTATCACAGTAC-1,1,ceritinib
Data9_GSM4140331_CCACCTATCGCGTTTC-1,1,ceritinib
Data9_GSM4140331_CCACCTATCTCTAGGA-1,1,ceritinib
Data9_GSM4140331_CCACGGAAGAGCTGGT-1,1,ceritinib
Data9_GSM4140331_CCACGGAAGCTGAACG-1,1,ceritinib
Data9_GSM4140331_CCACGGAAGTCAAGCG-1,1,ceritinib
Data9_GSM4140331_CCACGGAGTGTCCTCT-1,1,ceritinib
Data9_GSM4140331_CCACGGATCTGCGACG-1,1,ceritinib
Data9_GSM4140331_CCACGGATCTTTACAC-1,1,ceritinib
Data9_GSM4140331_CCACTACAGCTGATAA-1,1,ceritinib
Data9_GSM4140331_CCACTACGTCCATCCT-1,1,ceritinib
Data9_GSM4140331_CCACTACGTTTGCATG-1,1,ceritinib
Data9_GSM4140331_CCACTACTCACATACG-1,1,ceritinib
Data9_GSM4140331_CCACTACTCAGCATGT-1,1,ceritinib
Data9_GSM4140331_CCACTACTCCAAGCCG-1,1,ceritinib
Data9_GSM4140331_CCACTACTCTCCGGTT-1,1,ceritinib
Data9_GSM4140331_CCAGCGACACAGGCCT-1,1,ceritinib
Data9_GSM4140331_CCAGCGACATGGAATA-1,1,ceritinib
Data9_GSM4140331_CCAGCGAGTGACAAAT-1,1,ceritinib
Data9_GSM4140331_CCAGCGATCACTGGGC-1,1,ceritinib
Data9_GSM4140331_CCAGCGATCCTGCTTG-1,1,ceritinib
Data9_GSM4140331_CCATGTCAGGATATAC-1,1,ceritinib
Data9_GSM4140331_CCATGTCCAGTCGTGC-1,1,ceritinib
Data9_GSM4140331_CCATGTCTCAGCTTAG-1,1,ceritinib
Data9_GSM4140331_CCATGTCTCATCTGTT-1,1,ceritinib
Data9_GSM4140331_CCATGTCTCTATGTGG-1,1,ceritinib
Data9_GSM4140331_CCATGTCTCTGCGGCA-1,1,ceritinib
Data9_GSM4140331_CCATTCGAGTCAAGGC-1,1,ceritinib
Data9_GSM4140331_CCATTCGCAATGTAAG-1,1,ceritinib
Data9_GSM4140331_CCATTCGCACCACGTG-1,1,ceritinib
Data9_GSM4140331_CCATTCGCAGCCAATT-1,1,ceritinib
Data9_GSM4140331_CCATTCGGTACCGGCT-1,1,ceritinib
Data9_GSM4140331_CCATTCGGTCAACATC-1,1,ceritinib
Data9_GSM4140331_CCATTCGGTCATATCG-1,1,ceritinib
Data9_GSM4140331_CCCAATCAGCCCAGCT-1,1,ceritinib
Data9_GSM4140331_CCCAATCAGCGATTCT-1,1,ceritinib
Data9_GSM4140331_CCCAATCCATACCATG-1,1,ceritinib
Data9_GSM4140331_CCCAATCTCAAGAAGT-1,1,ceritinib
Data9_GSM4140331_CCCAATCTCACCAGGC-1,1,ceritinib
Data9_GSM4140331_CCCAATCTCGTTTAGG-1,1,ceritinib
Data9_GSM4140331_CCCAATCTCTGTCTAT-1,1,ceritinib
Data9_GSM4140331_CCCAGTTAGATGTGGC-1,1,ceritinib
Data9_GSM4140331_CCCAGTTAGCTACCTA-1,1,ceritinib
Data9_GSM4140331_CCCAGTTAGCTAGTGG-1,1,ceritinib
Data9_GSM4140331_CCCAGTTAGTAATCCC-1,1,ceritinib
Data9_GSM4140331_CCCAGTTCATACTCTT-1,1,ceritinib
Data9_GSM4140331_CCCAGTTTCAGTTAGC-1,1,ceritinib
Data9_GSM4140331_CCCATACCAGACAAGC-1,1,ceritinib
Data9_GSM4140331_CCCATACCAGTTCATG-1,1,ceritinib
Data9_GSM4140331_CCCATACGTCTACCTC-1,1,ceritinib
Data9_GSM4140331_CCCATACGTTGTCGCG-1,1,ceritinib
Data9_GSM4140331_CCCTCCTAGCCTATGT-1,1,ceritinib
Data9_GSM4140331_CCCTCCTAGTCAAGCG-1,1,ceritinib
Data9_GSM4140331_CCCTCCTCATTCGACA-1,1,ceritinib
Data9_GSM4140331_CCCTCCTTCTCAAGTG-1,1,ceritinib
Data9_GSM4140331_CCGGGATAGGCATGTG-1,1,ceritinib
Data9_GSM4140331_CCGGGATCATCCGTGG-1,1,ceritinib
Data9_GSM4140331_CCGGGATGTGGCTCCA-1,1,ceritinib
Data9_GSM4140331_CCGGTAGAGAGATGAG-1,1,ceritinib
Data9_GSM4140331_CCGGTAGAGCCGCCTA-1,1,ceritinib
Data9_GSM4140331_CCGGTAGAGTACGCCC-1,1,ceritinib
Data9_GSM4140331_CCGGTAGCAAGACGTG-1,1,ceritinib
Data9_GSM4140331_CCGGTAGCAGGAATGC-1,1,ceritinib
Data9_GSM4140331_CCGGTAGGTATGAAAC-1,1,ceritinib
Data9_GSM4140331_CCGGTAGGTTGCCTCT-1,1,ceritinib
Data9_GSM4140331_CCGGTAGGTTGTACAC-1,1,ceritinib
Data9_GSM4140331_CCGGTAGTCAAAGACA-1,1,ceritinib
Data9_GSM4140331_CCGTACTTCAGCGATT-1,1,ceritinib
Data9_GSM4140331_CCGTACTTCCATGAGT-1,1,ceritinib
Data9_GSM4140331_CCGTACTTCCGCATAA-1,1,ceritinib
Data9_GSM4140331_CCGTACTTCGCGGATC-1,1,ceritinib
Data9_GSM4140331_CCGTGGAAGCCAGAAC-1,1,ceritinib
Data9_GSM4140331_CCGTGGAAGCCTTGAT-1,1,ceritinib
Data9_GSM4140331_CCGTGGAAGGATCGCA-1,1,ceritinib
Data9_GSM4140331_CCGTGGAGTTTGGGCC-1,1,ceritinib
Data9_GSM4140331_CCGTGGATCATCATTC-1,1,ceritinib
Data9_GSM4140331_CCGTTCAAGAGATGAG-1,1,ceritinib
Data9_GSM4140331_CCGTTCAAGAGCCTAG-1,1,ceritinib
Data9_GSM4140331_CCGTTCATCATCTGCC-1,1,ceritinib
Data9_GSM4140331_CCTAAAGAGCTGAAAT-1,1,ceritinib
Data9_GSM4140331_CCTAAAGAGGCCCTCA-1,1,ceritinib
Data9_GSM4140331_CCTAAAGAGTACGATA-1,1,ceritinib
Data9_GSM4140331_CCTAAAGGTGGCTCCA-1,1,ceritinib
Data9_GSM4140331_CCTAAAGGTTCATGGT-1,1,ceritinib
Data9_GSM4140331_CCTAAAGTCACTTACT-1,1,ceritinib
Data9_GSM4140331_CCTACACCAGTAAGAT-1,1,ceritinib
Data9_GSM4140331_CCTACACCATAAAGGT-1,1,ceritinib
Data9_GSM4140331_CCTACACCATATACGC-1,1,ceritinib
Data9_GSM4140331_CCTACACGTGCACCAC-1,1,ceritinib
Data9_GSM4140331_CCTACCAAGAGTAATC-1,1,ceritinib
Data9_GSM4140331_CCTACCACACCCATTC-1,1,ceritinib
Data9_GSM4140331_CCTACCAGTCAGAGGT-1,1,ceritinib
Data9_GSM4140331_CCTACCATCAAAGACA-1,1,ceritinib
Data9_GSM4140331_CCTACCATCAGTTGAC-1,1,ceritinib
Data9_GSM4140331_CCTAGCTAGAGCTATA-1,1,ceritinib
Data9_GSM4140331_CCTAGCTTCGCAAACT-1,1,ceritinib
Data9_GSM4140331_CCTATTAAGATGCCAG-1,1,ceritinib
Data9_GSM4140331_CCTATTAAGTGCCAGA-1,1,ceritinib
Data9_GSM4140331_CCTATTACATGAAGTA-1,1,ceritinib
Data9_GSM4140331_CCTATTAGTTGTCGCG-1,1,ceritinib
Data9_GSM4140331_CCTATTATCAGAGACG-1,1,ceritinib
Data9_GSM4140331_CCTCAGTAGGCATGTG-1,1,ceritinib
Data9_GSM4140331_CCTCAGTCAGTATCTG-1,1,ceritinib
Data9_GSM4140331_CCTCAGTCATGGTCAT-1,1,ceritinib
Data9_GSM4140331_CCTCAGTGTTATCGGT-1,1,ceritinib
Data9_GSM4140331_CCTCTGACAACAACCT-1,1,ceritinib
Data9_GSM4140331_CCTCTGACACAGGCCT-1,1,ceritinib
Data9_GSM4140331_CCTCTGAGTCCGTCAG-1,1,ceritinib
Data9_GSM4140331_CCTCTGATCAAACCAC-1,1,ceritinib
Data9_GSM4140331_CCTCTGATCCCTTGTG-1,1,ceritinib
Data9_GSM4140331_CCTCTGATCCGTAGGC-1,1,ceritinib
Data9_GSM4140331_CCTCTGATCTATCCTA-1,1,ceritinib
Data9_GSM4140331_CCTTACGGTCCCTTGT-1,1,ceritinib
Data9_GSM4140331_CCTTACGGTGTCTGAT-1,1,ceritinib
Data9_GSM4140331_CCTTACGGTGTGCGTC-1,1,ceritinib
Data9_GSM4140331_CCTTACGGTTCCGTCT-1,1,ceritinib
Data9_GSM4140331_CCTTACGTCCTAGAAC-1,1,ceritinib
Data9_GSM4140331_CCTTCCCAGATAGTCA-1,1,ceritinib
Data9_GSM4140331_CCTTCCCAGGGTGTGT-1,1,ceritinib
Data9_GSM4140331_CCTTCCCAGTCTCAAC-1,1,ceritinib
Data9_GSM4140331_CCTTCCCCACAGGAGT-1,1,ceritinib
Data9_GSM4140331_CCTTCCCCAGTCAGAG-1,1,ceritinib
Data9_GSM4140331_CCTTCCCGTAGGGACT-1,1,ceritinib
Data9_GSM4140331_CCTTCCCTCATAACCG-1,1,ceritinib
Data9_GSM4140331_CCTTCGAAGGGTCTCC-1,1,ceritinib
Data9_GSM4140331_CCTTCGACACGCATCG-1,1,ceritinib
Data9_GSM4140331_CCTTCGAGTCAGTGGA-1,1,ceritinib
Data9_GSM4140331_CCTTCGAGTGATGATA-1,1,ceritinib
Data9_GSM4140331_CCTTTCTAGCTAAACA-1,1,ceritinib
Data9_GSM4140331_CCTTTCTAGGGTTTCT-1,1,ceritinib
Data9_GSM4140331_CCTTTCTCAAAGGTGC-1,1,ceritinib
Data9_GSM4140331_CCTTTCTCACGACTCG-1,1,ceritinib
Data9_GSM4140331_CCTTTCTCATACTACG-1,1,ceritinib
Data9_GSM4140331_CCTTTCTTCGCACTCT-1,1,ceritinib
Data9_GSM4140331_CGAACATAGATGGCGT-1,1,ceritinib
Data9_GSM4140331_CGAACATCAAGCGCTC-1,1,ceritinib
Data9_GSM4140331_CGAACATCACCTTGTC-1,1,ceritinib
Data9_GSM4140331_CGAACATCATAGTAAG-1,1,ceritinib
Data9_GSM4140331_CGAACATGTGTTGAGG-1,1,ceritinib
Data9_GSM4140331_CGAACATTCCGCGGTA-1,1,ceritinib
Data9_GSM4140331_CGAACATTCTGCGACG-1,1,ceritinib
Data9_GSM4140331_CGAATGTAGAGGTAGA-1,1,ceritinib
Data9_GSM4140331_CGAATGTAGGTGGGTT-1,1,ceritinib
Data9_GSM4140331_CGAATGTCATGAGCGA-1,1,ceritinib
Data9_GSM4140331_CGAATGTGTATGGTTC-1,1,ceritinib
Data9_GSM4140331_CGAATGTGTCGGCATC-1,1,ceritinib
Data9_GSM4140331_CGAATGTTCGTCCAGG-1,1,ceritinib
Data9_GSM4140331_CGACCTTAGAGTTGGC-1,1,ceritinib
Data9_GSM4140331_CGACCTTAGCCCTAAT-1,1,ceritinib
Data9_GSM4140331_CGACCTTAGGGATCTG-1,1,ceritinib
Data9_GSM4140331_CGACCTTAGGTAAACT-1,1,ceritinib
Data9_GSM4140331_CGACCTTAGGTGTGGT-1,1,ceritinib
Data9_GSM4140331_CGACCTTCACAGACAG-1,1,ceritinib
Data9_GSM4140331_CGACCTTGTACTTGAC-1,1,ceritinib
Data9_GSM4140331_CGACCTTGTGGGTCAA-1,1,ceritinib
Data9_GSM4140331_CGACCTTGTTGCCTCT-1,1,ceritinib
Data9_GSM4140331_CGAGAAGGTACATCCA-1,1,ceritinib
Data9_GSM4140331_CGAGAAGGTTTACTCT-1,1,ceritinib
Data9_GSM4140331_CGAGAAGTCAAGCCTA-1,1,ceritinib
Data9_GSM4140331_CGAGAAGTCACAACGT-1,1,ceritinib
Data9_GSM4140331_CGAGAAGTCTGCGTAA-1,1,ceritinib
Data9_GSM4140331_CGAGCACAGGCGTACA-1,1,ceritinib
Data9_GSM4140331_CGAGCACCACGGATAG-1,1,ceritinib
Data9_GSM4140331_CGAGCACCAGATTGCT-1,1,ceritinib
Data9_GSM4140331_CGAGCACGTAAGGATT-1,1,ceritinib
Data9_GSM4140331_CGAGCACTCGACGGAA-1,1,ceritinib
Data9_GSM4140331_CGAGCCATCCGTACAA-1,1,ceritinib
Data9_GSM4140331_CGATCGGGTATGAAAC-1,1,ceritinib
Data9_GSM4140331_CGATCGGGTGTTGGGA-1,1,ceritinib
Data9_GSM4140331_CGATCGGGTTTGTGTG-1,1,ceritinib
Data9_GSM4140331_CGATCGGTCACAGGCC-1,1,ceritinib
Data9_GSM4140331_CGATCGGTCCCAAGAT-1,1,ceritinib
Data9_GSM4140331_CGATCGGTCTTGTTTG-1,1,ceritinib
Data9_GSM4140331_CGATGGCCAGTTCCCT-1,1,ceritinib
Data9_GSM4140331_CGATGGCGTTGCCTCT-1,1,ceritinib
Data9_GSM4140331_CGATGGCTCACAGTAC-1,1,ceritinib
Data9_GSM4140331_CGATGTAGTAATCACC-1,1,ceritinib
Data9_GSM4140331_CGATGTAGTTCACGGC-1,1,ceritinib
Data9_GSM4140331_CGATGTATCGTCGTTC-1,1,ceritinib
Data9_GSM4140331_CGATTGACACCAGATT-1,1,ceritinib
Data9_GSM4140331_CGCCAAGAGAATTCCC-1,1,ceritinib
Data9_GSM4140331_CGCCAAGGTTGAGGTG-1,1,ceritinib
Data9_GSM4140331_CGCGGTAAGATGTGGC-1,1,ceritinib
Data9_GSM4140331_CGCGGTAAGCTAGTCT-1,1,ceritinib
Data9_GSM4140331_CGCGGTACACATTTCT-1,1,ceritinib
Data9_GSM4140331_CGCGGTACACCACGTG-1,1,ceritinib
Data9_GSM4140331_CGCGGTACAGCCTGTG-1,1,ceritinib
Data9_GSM4140331_CGCGGTACAGGGATTG-1,1,ceritinib
Data9_GSM4140331_CGCGGTAGTTCGTCTC-1,1,ceritinib
Data9_GSM4140331_CGCGGTATCCCTTGTG-1,1,ceritinib
Data9_GSM4140331_CGCGTTTCATCCGCGA-1,1,ceritinib
Data9_GSM4140331_CGCGTTTTCATATCGG-1,1,ceritinib
Data9_GSM4140331_CGCGTTTTCCCTTGCA-1,1,ceritinib
Data9_GSM4140331_CGCTATCAGTGTTTGC-1,1,ceritinib
Data9_GSM4140331_CGCTATCTCGCATGGC-1,1,ceritinib
Data9_GSM4140331_CGCTATCTCTGCAGTA-1,1,ceritinib
Data9_GSM4140331_CGCTGGAAGGACAGAA-1,1,ceritinib
Data9_GSM4140331_CGCTGGAAGTTTCCTT-1,1,ceritinib
Data9_GSM4140331_CGCTGGACACCTTGTC-1,1,ceritinib
Data9_GSM4140331_CGCTGGATCCGATATG-1,1,ceritinib
Data9_GSM4140331_CGCTGGATCTTAGCCC-1,1,ceritinib
Data9_GSM4140331_CGCTTCAGTCTTGATG-1,1,ceritinib
Data9_GSM4140331_CGGACACCAGGAATGC-1,1,ceritinib
Data9_GSM4140331_CGGACACCAGGGATTG-1,1,ceritinib
Data9_GSM4140331_CGGACACCATATGAGA-1,1,ceritinib
Data9_GSM4140331_CGGACACGTTAGAACA-1,1,ceritinib
Data9_GSM4140331_CGGACACGTTCACGGC-1,1,ceritinib
Data9_GSM4140331_CGGACACTCAGTCCCT-1,1,ceritinib
Data9_GSM4140331_CGGACACTCCGGCACA-1,1,ceritinib
Data9_GSM4140331_CGGACGTCATGACGGA-1,1,ceritinib
Data9_GSM4140331_CGGACGTGTATGCTTG-1,1,ceritinib
Data9_GSM4140331_CGGACGTTCCTGCTTG-1,1,ceritinib
Data9_GSM4140331_CGGACGTTCTCACATT-1,1,ceritinib
Data9_GSM4140331_CGGACTGCATCACGTA-1,1,ceritinib
Data9_GSM4140331_CGGACTGGTCGATTGT-1,1,ceritinib
Data9_GSM4140331_CGGACTGTCCAACCAA-1,1,ceritinib
Data9_GSM4140331_CGGACTGTCCACTGGG-1,1,ceritinib
Data9_GSM4140331_CGGAGCTCACCAGATT-1,1,ceritinib
Data9_GSM4140331_CGGAGCTCAGTCAGCC-1,1,ceritinib
Data9_GSM4140331_CGGAGCTCATCCTTGC-1,1,ceritinib
Data9_GSM4140331_CGGAGTCGTCCGAATT-1,1,ceritinib
Data9_GSM4140331_CGGAGTCGTGACCAAG-1,1,ceritinib
Data9_GSM4140331_CGGAGTCTCCACGCAG-1,1,ceritinib
Data9_GSM4140331_CGGAGTCTCTCATTCA-1,1,ceritinib
Data9_GSM4140331_CGGCTAGAGCGCTTAT-1,1,ceritinib
Data9_GSM4140331_CGGCTAGAGGCGTACA-1,1,ceritinib
Data9_GSM4140331_CGGCTAGAGGTGCTTT-1,1,ceritinib
Data9_GSM4140331_CGGCTAGCAAGTCATC-1,1,ceritinib
Data9_GSM4140331_CGGCTAGCAGGTGCCT-1,1,ceritinib
Data9_GSM4140331_CGGCTAGGTCCATCCT-1,1,ceritinib
Data9_GSM4140331_CGGGTCAAGCGTTGCC-1,1,ceritinib
Data9_GSM4140331_CGGGTCACACAAGCCC-1,1,ceritinib
Data9_GSM4140331_CGGGTCAGTGAGTGAC-1,1,ceritinib
Data9_GSM4140331_CGGGTCATCCCATTTA-1,1,ceritinib
Data9_GSM4140331_CGGGTCATCCGTTGTC-1,1,ceritinib
Data9_GSM4140331_CGGGTCATCTGCGACG-1,1,ceritinib
Data9_GSM4140331_CGGTTAAGTGAGCGAT-1,1,ceritinib
Data9_GSM4140331_CGGTTAAGTGCGCTTG-1,1,ceritinib
Data9_GSM4140331_CGGTTAAGTTAGGGTG-1,1,ceritinib
Data9_GSM4140331_CGGTTAATCCTACAGA-1,1,ceritinib
Data9_GSM4140331_CGTAGCGCAATACGCT-1,1,ceritinib
Data9_GSM4140331_CGTAGCGCACTGCCAG-1,1,ceritinib
Data9_GSM4140331_CGTAGCGCAGACAGGT-1,1,ceritinib
Data9_GSM4140331_CGTAGCGGTGTGAAAT-1,1,ceritinib
Data9_GSM4140331_CGTAGCGGTTACTGAC-1,1,ceritinib
Data9_GSM4140331_CGTAGCGTCAGTTTGG-1,1,ceritinib
Data9_GSM4140331_CGTAGGCAGACTGGGT-1,1,ceritinib
Data9_GSM4140331_CGTAGGCAGAGCTATA-1,1,ceritinib
Data9_GSM4140331_CGTAGGCAGCCAGTAG-1,1,ceritinib
Data9_GSM4140331_CGTAGGCAGTGCAAGC-1,1,ceritinib
Data9_GSM4140331_CGTAGGCCAAGCCTAT-1,1,ceritinib
Data9_GSM4140331_CGTAGGCCATCTCCCA-1,1,ceritinib
Data9_GSM4140331_CGTAGGCGTCCAGTTA-1,1,ceritinib
Data9_GSM4140331_CGTAGGCTCCGCATAA-1,1,ceritinib
Data9_GSM4140331_CGTCACTAGGTGTGGT-1,1,ceritinib
Data9_GSM4140331_CGTCACTCACCGAATT-1,1,ceritinib
Data9_GSM4140331_CGTCACTCAGACTCGC-1,1,ceritinib
Data9_GSM4140331_CGTCACTCATGCCTAA-1,1,ceritinib
Data9_GSM4140331_CGTCACTGTTCGCTAA-1,1,ceritinib
Data9_GSM4140331_CGTCACTTCAGCACAT-1,1,ceritinib
Data9_GSM4140331_CGTCAGGAGGGTATCG-1,1,ceritinib
Data9_GSM4140331_CGTCAGGCAGGGATTG-1,1,ceritinib
Data9_GSM4140331_CGTCAGGTCAAGGTAA-1,1,ceritinib
Data9_GSM4140331_CGTCAGGTCCAGTATG-1,1,ceritinib
Data9_GSM4140331_CGTCCATCAAGTACCT-1,1,ceritinib
Data9_GSM4140331_CGTCCATGTTAAGAAC-1,1,ceritinib
Data9_GSM4140331_CGTCTACAGCGGCTTC-1,1,ceritinib
Data9_GSM4140331_CGTCTACAGGGCATGT-1,1,ceritinib
Data9_GSM4140331_CGTCTACAGGGCTCTC-1,1,ceritinib
Data9_GSM4140331_CGTCTACGTCCAAGTT-1,1,ceritinib
Data9_GSM4140331_CGTCTACGTGCTGTAT-1,1,ceritinib
Data9_GSM4140331_CGTCTACGTGTGGCTC-1,1,ceritinib
Data9_GSM4140331_CGTCTACTCGGCATCG-1,1,ceritinib
Data9_GSM4140331_CGTGAGCCAGCTCGAC-1,1,ceritinib
Data9_GSM4140331_CGTGAGCGTTAGTGGG-1,1,ceritinib
Data9_GSM4140331_CGTGAGCTCGCCTGTT-1,1,ceritinib
Data9_GSM4140331_CGTGAGCTCTATGTGG-1,1,ceritinib
Data9_GSM4140331_CGTGTAAAGCAGCCTC-1,1,ceritinib
Data9_GSM4140331_CGTGTAACACCTCGGA-1,1,ceritinib
Data9_GSM4140331_CGTGTAACATAACCTG-1,1,ceritinib
Data9_GSM4140331_CGTGTAATCATCGGAT-1,1,ceritinib
Data9_GSM4140331_CGTGTAATCCTATGTT-1,1,ceritinib
Data9_GSM4140331_CGTGTAATCTACTATC-1,1,ceritinib
Data9_GSM4140331_CGTGTAATCTTGTACT-1,1,ceritinib
Data9_GSM4140331_CGTGTCTCATCGTCGG-1,1,ceritinib
Data9_GSM4140331_CGTGTCTCATTCTCAT-1,1,ceritinib
Data9_GSM4140331_CGTGTCTGTAGCGTAG-1,1,ceritinib
Data9_GSM4140331_CGTGTCTGTCGAATCT-1,1,ceritinib
Data9_GSM4140331_CGTTAGAAGGGAGTAA-1,1,ceritinib
Data9_GSM4140331_CGTTAGACAGCGAACA-1,1,ceritinib
Data9_GSM4140331_CGTTAGAGTTCGTTGA-1,1,ceritinib
Data9_GSM4140331_CGTTAGAGTTGAACTC-1,1,ceritinib
Data9_GSM4140331_CGTTAGATCACCATAG-1,1,ceritinib
Data9_GSM4140331_CGTTAGATCCAGAGGA-1,1,ceritinib
Data9_GSM4140331_CGTTAGATCGTCTGCT-1,1,ceritinib
Data9_GSM4140331_CGTTAGATCTAACGGT-1,1,ceritinib
Data9_GSM4140331_CGTTAGATCTAGCACA-1,1,ceritinib
Data9_GSM4140331_CGTTCTGAGTGCCAGA-1,1,ceritinib
Data9_GSM4140331_CGTTCTGCATATGGTC-1,1,ceritinib
Data9_GSM4140331_CGTTCTGGTCGCGGTT-1,1,ceritinib
Data9_GSM4140331_CGTTCTGTCTCGCATC-1,1,ceritinib
Data9_GSM4140331_CGTTCTGTCTGTTGAG-1,1,ceritinib
Data9_GSM4140331_CGTTGGGAGAGACTTA-1,1,ceritinib
Data9_GSM4140331_CGTTGGGAGTCATGCT-1,1,ceritinib
Data9_GSM4140331_CGTTGGGCAAGTAATG-1,1,ceritinib
Data9_GSM4140331_CGTTGGGCAATAGAGT-1,1,ceritinib
Data9_GSM4140331_CGTTGGGCAGCCTTTC-1,1,ceritinib
Data9_GSM4140331_CGTTGGGCAGTATGCT-1,1,ceritinib
Data9_GSM4140331_CGTTGGGCATCTACGA-1,1,ceritinib
Data9_GSM4140331_CGTTGGGCATGCCTAA-1,1,ceritinib
Data9_GSM4140331_CGTTGGGGTCGCGAAA-1,1,ceritinib
Data9_GSM4140331_CGTTGGGTCGCGTTTC-1,1,ceritinib
Data9_GSM4140331_CTAACTTCAGTCAGAG-1,1,ceritinib
Data9_GSM4140331_CTAACTTTCCAGTAGT-1,1,ceritinib
Data9_GSM4140331_CTAACTTTCTGCAGTA-1,1,ceritinib
Data9_GSM4140331_CTAAGACAGGATATAC-1,1,ceritinib
Data9_GSM4140331_CTAAGACAGGCGCTCT-1,1,ceritinib
Data9_GSM4140331_CTAAGACGTAATCGTC-1,1,ceritinib
Data9_GSM4140331_CTAAGACGTGGGTCAA-1,1,ceritinib
Data9_GSM4140331_CTAAGACTCCCGGATG-1,1,ceritinib
Data9_GSM4140331_CTAAGACTCTGTACGA-1,1,ceritinib
Data9_GSM4140331_CTAATGGCACAACTGT-1,1,ceritinib
Data9_GSM4140331_CTACACCAGCCACGTC-1,1,ceritinib
Data9_GSM4140331_CTACACCAGCCGCCTA-1,1,ceritinib
Data9_GSM4140331_CTACACCAGCGTAATA-1,1,ceritinib
Data9_GSM4140331_CTACACCAGCTAGTCT-1,1,ceritinib
Data9_GSM4140331_CTACACCAGTCATGCT-1,1,ceritinib
Data9_GSM4140331_CTACATTAGCCAGTAG-1,1,ceritinib
Data9_GSM4140331_CTACATTAGGCCATAG-1,1,ceritinib
Data9_GSM4140331_CTACATTCACGGATAG-1,1,ceritinib
Data9_GSM4140331_CTACATTCATGCAACT-1,1,ceritinib
Data9_GSM4140331_CTACATTCATTGGTAC-1,1,ceritinib
Data9_GSM4140331_CTACATTGTCTAAACC-1,1,ceritinib
Data9_GSM4140331_CTACATTGTCTGGTCG-1,1,ceritinib
Data9_GSM4140331_CTACATTTCAATCACG-1,1,ceritinib
Data9_GSM4140331_CTACATTTCCTCGCAT-1,1,ceritinib
Data9_GSM4140331_CTACCCAAGCGTGAGT-1,1,ceritinib
Data9_GSM4140331_CTACCCACATGTAGTC-1,1,ceritinib
Data9_GSM4140331_CTACCCATCCAGAAGG-1,1,ceritinib
Data9_GSM4140331_CTACGTCCAAGCTGGA-1,1,ceritinib
Data9_GSM4140331_CTACGTCCACCTCGTT-1,1,ceritinib
Data9_GSM4140331_CTACGTCGTACCGTTA-1,1,ceritinib
Data9_GSM4140331_CTACGTCTCATTTGGG-1,1,ceritinib
Data9_GSM4140331_CTAGAGTCAGCCTTGG-1,1,ceritinib
Data9_GSM4140331_CTAGAGTCAGTCGTGC-1,1,ceritinib
Data9_GSM4140331_CTAGAGTCATGCTAGT-1,1,ceritinib
Data9_GSM4140331_CTAGAGTTCAGCTCTC-1,1,ceritinib
Data9_GSM4140331_CTAGCCTCAACGATGG-1,1,ceritinib
Data9_GSM4140331_CTAGCCTCATGCAATC-1,1,ceritinib
Data9_GSM4140331_CTAGCCTGTGTCAATC-1,1,ceritinib
Data9_GSM4140331_CTAGCCTTCGTGGGAA-1,1,ceritinib
Data9_GSM4140331_CTAGCCTTCTACCAGA-1,1,ceritinib
Data9_GSM4140331_CTAGTGAAGCTAACAA-1,1,ceritinib
Data9_GSM4140331_CTAGTGAAGTCGTACT-1,1,ceritinib
Data9_GSM4140331_CTAGTGAGTAAATGTG-1,1,ceritinib
Data9_GSM4140331_CTAGTGAGTGACAAAT-1,1,ceritinib
Data9_GSM4140331_CTAGTGATCAACGCTA-1,1,ceritinib
Data9_GSM4140331_CTAGTGATCACCCGAG-1,1,ceritinib
Data9_GSM4140331_CTCACACAGCTGATAA-1,1,ceritinib
Data9_GSM4140331_CTCACACCAGGTGCCT-1,1,ceritinib
Data9_GSM4140331_CTCACACCATCACGTA-1,1,ceritinib
Data9_GSM4140331_CTCACACGTTAAGATG-1,1,ceritinib
Data9_GSM4140331_CTCACACTCAATCTCT-1,1,ceritinib
Data9_GSM4140331_CTCACACTCCGTACAA-1,1,ceritinib
Data9_GSM4140331_CTCACACTCCTATTCA-1,1,ceritinib
Data9_GSM4140331_CTCAGAACACTCTGTC-1,1,ceritinib
Data9_GSM4140331_CTCAGAACAGAGCCAA-1,1,ceritinib
Data9_GSM4140331_CTCATTAGTAAGAGGA-1,1,ceritinib
Data9_GSM4140331_CTCATTAGTCGAGTTT-1,1,ceritinib
Data9_GSM4140331_CTCATTAGTTCACCTC-1,1,ceritinib
Data9_GSM4140331_CTCATTATCAACTCTT-1,1,ceritinib
Data9_GSM4140331_CTCCTAGAGTAGGCCA-1,1,ceritinib
Data9_GSM4140331_CTCCTAGCATGCTGGC-1,1,ceritinib
Data9_GSM4140331_CTCCTAGCATTTGCCC-1,1,ceritinib
Data9_GSM4140331_CTCGAAAAGTGGAGTC-1,1,ceritinib
Data9_GSM4140331_CTCGAAATCCACGTTC-1,1,ceritinib
Data9_GSM4140331_CTCGAAATCTGTCAAG-1,1,ceritinib
Data9_GSM4140331_CTCGAGGAGCAGGTCA-1,1,ceritinib
Data9_GSM4140331_CTCGAGGAGGTAGCTG-1,1,ceritinib
Data9_GSM4140331_CTCGAGGAGTAGATGT-1,1,ceritinib
Data9_GSM4140331_CTCGAGGGTCGGGTCT-1,1,ceritinib
Data9_GSM4140331_CTCGAGGTCAGCGATT-1,1,ceritinib
Data9_GSM4140331_CTCGAGGTCCGAATGT-1,1,ceritinib
Data9_GSM4140331_CTCGAGGTCGGAAACG-1,1,ceritinib
Data9_GSM4140331_CTCGGAGAGAGGGATA-1,1,ceritinib
Data9_GSM4140331_CTCGGAGAGCCCTAAT-1,1,ceritinib
Data9_GSM4140331_CTCGGAGCAACTGGCC-1,1,ceritinib
Data9_GSM4140331_CTCGGAGCAGGAACGT-1,1,ceritinib
Data9_GSM4140331_CTCGGAGTCACCCGAG-1,1,ceritinib
Data9_GSM4140331_CTCGGGAAGGACAGCT-1,1,ceritinib
Data9_GSM4140331_CTCGGGAAGGCTAGCA-1,1,ceritinib
Data9_GSM4140331_CTCGGGACATTTCACT-1,1,ceritinib
Data9_GSM4140331_CTCGGGATCCGGCACA-1,1,ceritinib
Data9_GSM4140331_CTCGTACAGAGTCGGT-1,1,ceritinib
Data9_GSM4140331_CTCGTACAGCATCATC-1,1,ceritinib
Data9_GSM4140331_CTCGTACGTAGCGCAA-1,1,ceritinib
Data9_GSM4140331_CTCGTACTCATATCGG-1,1,ceritinib
Data9_GSM4140331_CTCGTCAAGATCCCGC-1,1,ceritinib
Data9_GSM4140331_CTCGTCAAGCCCGAAA-1,1,ceritinib
Data9_GSM4140331_CTCGTCAAGGCCCGTT-1,1,ceritinib
Data9_GSM4140331_CTCGTCAAGTCTCGGC-1,1,ceritinib
Data9_GSM4140331_CTCGTCACATCCGCGA-1,1,ceritinib
Data9_GSM4140331_CTCGTCATCAAGGCTT-1,1,ceritinib
Data9_GSM4140331_CTCGTCATCGATGAGG-1,1,ceritinib
Data9_GSM4140331_CTCGTCATCTGCAGTA-1,1,ceritinib
Data9_GSM4140331_CTCTAATCAAGTTAAG-1,1,ceritinib
Data9_GSM4140331_CTCTAATCACCCATTC-1,1,ceritinib
Data9_GSM4140331_CTCTAATGTCCGAGTC-1,1,ceritinib
Data9_GSM4140331_CTCTAATTCACTCCTG-1,1,ceritinib
Data9_GSM4140331_CTCTACGAGAGATGAG-1,1,ceritinib
Data9_GSM4140331_CTCTACGAGTAACCCT-1,1,ceritinib
Data9_GSM4140331_CTCTACGAGTTCGCAT-1,1,ceritinib
Data9_GSM4140331_CTCTACGCAAGCCATT-1,1,ceritinib
Data9_GSM4140331_CTCTACGGTATAATGG-1,1,ceritinib
Data9_GSM4140331_CTCTACGGTTCTGGTA-1,1,ceritinib
Data9_GSM4140331_CTCTACGTCTATCGCC-1,1,ceritinib
Data9_GSM4140331_CTCTGGTAGATGAGAG-1,1,ceritinib
Data9_GSM4140331_CTCTGGTAGCTGGAAC-1,1,ceritinib
Data9_GSM4140331_CTCTGGTGTAAACGCG-1,1,ceritinib
Data9_GSM4140331_CTCTGGTTCCCAAGAT-1,1,ceritinib
Data9_GSM4140331_CTCTGGTTCGGATGGA-1,1,ceritinib
Data9_GSM4140331_CTGAAACAGGCTATCT-1,1,ceritinib
Data9_GSM4140331_CTGAAACCATGGTCTA-1,1,ceritinib
Data9_GSM4140331_CTGAAACGTAGCGCAA-1,1,ceritinib
Data9_GSM4140331_CTGAAACTCCAGTATG-1,1,ceritinib
Data9_GSM4140331_CTGAAGTAGAGCTATA-1,1,ceritinib
Data9_GSM4140331_CTGAAGTAGTAGGCCA-1,1,ceritinib
Data9_GSM4140331_CTGAAGTCACACCGCA-1,1,ceritinib
Data9_GSM4140331_CTGAAGTCATGCAATC-1,1,ceritinib
Data9_GSM4140331_CTGAAGTGTCAGAAGC-1,1,ceritinib
Data9_GSM4140331_CTGAAGTGTTACGCGC-1,1,ceritinib
Data9_GSM4140331_CTGAAGTGTTCAGTAC-1,1,ceritinib
Data9_GSM4140331_CTGATAGAGGTGGGTT-1,1,ceritinib
Data9_GSM4140331_CTGATAGCACATGGGA-1,1,ceritinib
Data9_GSM4140331_CTGATAGCACCGTTGG-1,1,ceritinib
Data9_GSM4140331_CTGATAGGTGCAGACA-1,1,ceritinib
Data9_GSM4140331_CTGATCCAGACCCACC-1,1,ceritinib
Data9_GSM4140331_CTGATCCAGAGCAATT-1,1,ceritinib
Data9_GSM4140331_CTGATCCAGCAATATG-1,1,ceritinib
Data9_GSM4140331_CTGATCCAGTGACTCT-1,1,ceritinib
Data9_GSM4140331_CTGATCCGTGCCTGTG-1,1,ceritinib
Data9_GSM4140331_CTGATCCGTGTAAGTA-1,1,ceritinib
Data9_GSM4140331_CTGATCCTCTCCAGGG-1,1,ceritinib
Data9_GSM4140331_CTGATCCTCTGGTGTA-1,1,ceritinib
Data9_GSM4140331_CTGCCTAAGAAGAAGC-1,1,ceritinib
Data9_GSM4140331_CTGCCTAAGCAACGGT-1,1,ceritinib
Data9_GSM4140331_CTGCCTACAGCATGAG-1,1,ceritinib
Data9_GSM4140331_CTGCCTAGTGTATGGG-1,1,ceritinib
Data9_GSM4140331_CTGCCTAGTGTGACCC-1,1,ceritinib
Data9_GSM4140331_CTGCCTAGTTCACGGC-1,1,ceritinib
Data9_GSM4140331_CTGCCTAGTTTGACAC-1,1,ceritinib
Data9_GSM4140331_CTGCCTATCCAGAGGA-1,1,ceritinib
Data9_GSM4140331_CTGCGGAAGCTGAAAT-1,1,ceritinib
Data9_GSM4140331_CTGCGGAAGGATGGTC-1,1,ceritinib
Data9_GSM4140331_CTGCTGTAGACTAAGT-1,1,ceritinib
Data9_GSM4140331_CTGCTGTGTCTAGCGC-1,1,ceritinib
Data9_GSM4140331_CTGCTGTTCAGGCCCA-1,1,ceritinib
Data9_GSM4140331_CTGCTGTTCAGTTCGA-1,1,ceritinib
Data9_GSM4140331_CTGGTCTAGGGAGTAA-1,1,ceritinib
Data9_GSM4140331_CTGGTCTCACCGAAAG-1,1,ceritinib
Data9_GSM4140331_CTGGTCTCAGCAGTTT-1,1,ceritinib
Data9_GSM4140331_CTGGTCTCAGGGTACA-1,1,ceritinib
Data9_GSM4140331_CTGGTCTGTGCTGTAT-1,1,ceritinib
Data9_GSM4140331_CTGGTCTGTTCACGGC-1,1,ceritinib
Data9_GSM4140331_CTGGTCTTCATGGTCA-1,1,ceritinib
Data9_GSM4140331_CTGTGCTAGGGATGGG-1,1,ceritinib
Data9_GSM4140331_CTGTGCTGTATTCGTG-1,1,ceritinib
Data9_GSM4140331_CTGTGCTTCGCGCCAA-1,1,ceritinib
Data9_GSM4140331_CTGTTTAAGGGATCTG-1,1,ceritinib
Data9_GSM4140331_CTGTTTAGTAACGCGA-1,1,ceritinib
Data9_GSM4140331_CTGTTTAGTCCAGTTA-1,1,ceritinib
Data9_GSM4140331_CTGTTTAGTGGTTTCA-1,1,ceritinib
Data9_GSM4140331_CTGTTTATCGTGGACC-1,1,ceritinib
Data9_GSM4140331_CTGTTTATCGTTTGCC-1,1,ceritinib
Data9_GSM4140331_CTGTTTATCTAAGCCA-1,1,ceritinib
Data9_GSM4140331_CTTAACTAGCCACCTG-1,1,ceritinib
Data9_GSM4140331_CTTAACTAGGTGGGTT-1,1,ceritinib
Data9_GSM4140331_CTTAACTTCAGGCAAG-1,1,ceritinib
Data9_GSM4140331_CTTAACTTCCAACCAA-1,1,ceritinib
Data9_GSM4140331_CTTAACTTCCTACAGA-1,1,ceritinib
Data9_GSM4140331_CTTACCGAGCGTGTCC-1,1,ceritinib
Data9_GSM4140331_CTTACCGAGGTGCTTT-1,1,ceritinib
Data9_GSM4140331_CTTACCGAGTACGACG-1,1,ceritinib
Data9_GSM4140331_CTTACCGGTCTCCCTA-1,1,ceritinib
Data9_GSM4140331_CTTAGGAAGAATAGGG-1,1,ceritinib
Data9_GSM4140331_CTTAGGACAAGTTGTC-1,1,ceritinib
Data9_GSM4140331_CTTAGGAGTAGAGGAA-1,1,ceritinib
Data9_GSM4140331_CTTAGGAGTAGCGCAA-1,1,ceritinib
Data9_GSM4140331_CTTAGGAGTTGTCTTT-1,1,ceritinib
Data9_GSM4140331_CTTAGGATCGGCATCG-1,1,ceritinib
Data9_GSM4140331_CTTCTCTGTAAAGGAG-1,1,ceritinib
Data9_GSM4140331_CTTCTCTGTACCGGCT-1,1,ceritinib
Data9_GSM4140331_CTTCTCTGTAGCAAAT-1,1,ceritinib
Data9_GSM4140331_CTTCTCTGTCTGGAGA-1,1,ceritinib
Data9_GSM4140331_CTTCTCTGTGCGAAAC-1,1,ceritinib
Data9_GSM4140331_CTTGGCTAGAGATGAG-1,1,ceritinib
Data9_GSM4140331_CTTGGCTAGCTACCGC-1,1,ceritinib
Data9_GSM4140331_CTTTGCGAGAATAGGG-1,1,ceritinib
Data9_GSM4140331_CTTTGCGAGATCCCGC-1,1,ceritinib
Data9_GSM4140331_CTTTGCGAGGCTACGA-1,1,ceritinib
Data9_GSM4140331_CTTTGCGCAGGCTCAC-1,1,ceritinib
Data9_GSM4140331_CTTTGCGGTCTTTCAT-1,1,ceritinib
Data9_GSM4140331_CTTTGCGGTTAAGATG-1,1,ceritinib
Data9_GSM4140331_GAAACTCAGGATGCGT-1,1,ceritinib
Data9_GSM4140331_GAAACTCAGGTAGCCA-1,1,ceritinib
Data9_GSM4140331_GAAACTCGTACGCTGC-1,1,ceritinib
Data9_GSM4140331_GAAACTCGTCACCCAG-1,1,ceritinib
Data9_GSM4140331_GAAACTCGTGTTCGAT-1,1,ceritinib
Data9_GSM4140331_GAAATGAAGAATGTGT-1,1,ceritinib
Data9_GSM4140331_GAAATGAAGACAGAGA-1,1,ceritinib
Data9_GSM4140331_GAAATGAAGCGTGAAC-1,1,ceritinib
Data9_GSM4140331_GAAATGACAGCATGAG-1,1,ceritinib
Data9_GSM4140331_GAAATGACATCGTCGG-1,1,ceritinib
Data9_GSM4140331_GAAATGAGTCAGCTAT-1,1,ceritinib
Data9_GSM4140331_GAAATGAGTGCACGAA-1,1,ceritinib
Data9_GSM4140331_GAAATGAGTGTCTGAT-1,1,ceritinib
Data9_GSM4140331_GAAATGAGTTTGTTTC-1,1,ceritinib
Data9_GSM4140331_GAAATGATCCCAAGAT-1,1,ceritinib
Data9_GSM4140331_GAAATGATCCCGACTT-1,1,ceritinib
Data9_GSM4140331_GAACATCAGAACAATC-1,1,ceritinib
Data9_GSM4140331_GAACATCAGGGAAACA-1,1,ceritinib
Data9_GSM4140331_GAACATCCACGGATAG-1,1,ceritinib
Data9_GSM4140331_GAACATCGTTTAGGAA-1,1,ceritinib
Data9_GSM4140331_GAACATCTCCACGACG-1,1,ceritinib
Data9_GSM4140331_GAACATCTCTGCTGTC-1,1,ceritinib
Data9_GSM4140331_GAACCTAAGGCTAGCA-1,1,ceritinib
Data9_GSM4140331_GAACCTAAGTATCGAA-1,1,ceritinib
Data9_GSM4140331_GAACCTATCTGATTCT-1,1,ceritinib
Data9_GSM4140331_GAACGGACATAAAGGT-1,1,ceritinib
Data9_GSM4140331_GAACGGAGTTGAGGTG-1,1,ceritinib
Data9_GSM4140331_GAACGGAGTTTGTTTC-1,1,ceritinib
Data9_GSM4140331_GAACGGATCGTTTAGG-1,1,ceritinib
Data9_GSM4140331_GAAGCAGGTAGCGATG-1,1,ceritinib
Data9_GSM4140331_GAATAAGAGCGAAGGG-1,1,ceritinib
Data9_GSM4140331_GAATAAGAGCGACGTA-1,1,ceritinib
Data9_GSM4140331_GAATAAGAGGAGTACC-1,1,ceritinib
Data9_GSM4140331_GAATAAGGTACTTGAC-1,1,ceritinib
Data9_GSM4140331_GAATGAAAGGTGGGTT-1,1,ceritinib
Data9_GSM4140331_GAATGAAAGTCCCACG-1,1,ceritinib
Data9_GSM4140331_GAATGAACATCCCACT-1,1,ceritinib
Data9_GSM4140331_GAATGAAGTAAGTGGC-1,1,ceritinib
Data9_GSM4140331_GAATGAATCTTTACGT-1,1,ceritinib
Data9_GSM4140331_GAATGAATCTTTAGGG-1,1,ceritinib
Data9_GSM4140331_GACACGCAGCCAACAG-1,1,ceritinib
Data9_GSM4140331_GACACGCAGTCGCCGT-1,1,ceritinib
Data9_GSM4140331_GACACGCCAAGACGTG-1,1,ceritinib
Data9_GSM4140331_GACACGCCACTTAAGC-1,1,ceritinib
Data9_GSM4140331_GACACGCGTCACTTCC-1,1,ceritinib
Data9_GSM4140331_GACACGCGTCTACCTC-1,1,ceritinib
Data9_GSM4140331_GACACGCGTCTCTTTA-1,1,ceritinib
Data9_GSM4140331_GACACGCGTGAGGCTA-1,1,ceritinib
Data9_GSM4140331_GACACGCTCGAACGGA-1,1,ceritinib
Data9_GSM4140331_GACACGCTCTGAGGGA-1,1,ceritinib
Data9_GSM4140331_GACAGAGAGCGGCTTC-1,1,ceritinib
Data9_GSM4140331_GACAGAGAGTACATGA-1,1,ceritinib
Data9_GSM4140331_GACAGAGCATGAAGTA-1,1,ceritinib
Data9_GSM4140331_GACAGAGCATTGAGCT-1,1,ceritinib
Data9_GSM4140331_GACAGAGGTATCAGTC-1,1,ceritinib
Data9_GSM4140331_GACAGAGGTCCATCCT-1,1,ceritinib
Data9_GSM4140331_GACAGAGTCCTTTCGG-1,1,ceritinib
Data9_GSM4140331_GACAGAGTCGGGAGTA-1,1,ceritinib
Data9_GSM4140331_GACAGAGTCTACTATC-1,1,ceritinib
Data9_GSM4140331_GACCAATAGCGTAGTG-1,1,ceritinib
Data9_GSM4140331_GACCAATAGTTCGATC-1,1,ceritinib
Data9_GSM4140331_GACCAATCATTTGCCC-1,1,ceritinib
Data9_GSM4140331_GACCAATGTCTCGTTC-1,1,ceritinib
Data9_GSM4140331_GACCAATTCATCATTC-1,1,ceritinib
Data9_GSM4140331_GACCTGGAGAGCCCAA-1,1,ceritinib
Data9_GSM4140331_GACCTGGAGGACATTA-1,1,ceritinib
Data9_GSM4140331_GACCTGGAGGCATGTG-1,1,ceritinib
Data9_GSM4140331_GACCTGGAGGTTCCTA-1,1,ceritinib
Data9_GSM4140331_GACCTGGCATGCCTAA-1,1,ceritinib
Data9_GSM4140331_GACCTGGGTTAAAGAC-1,1,ceritinib
Data9_GSM4140331_GACGCGTAGAAGAAGC-1,1,ceritinib
Data9_GSM4140331_GACGCGTAGAGTAATC-1,1,ceritinib
Data9_GSM4140331_GACGCGTAGTGGGATC-1,1,ceritinib
Data9_GSM4140331_GACGCGTGTGCTGTAT-1,1,ceritinib
Data9_GSM4140331_GACGCGTGTTCCGGCA-1,1,ceritinib
Data9_GSM4140331_GACGCGTTCTAACGGT-1,1,ceritinib
Data9_GSM4140331_GACGGCTTCGGGAGTA-1,1,ceritinib
Data9_GSM4140331_GACGGCTTCTTGTTTG-1,1,ceritinib
Data9_GSM4140331_GACGTGCAGATCCCGC-1,1,ceritinib
Data9_GSM4140331_GACGTGCCAAAGAATC-1,1,ceritinib
Data9_GSM4140331_GACGTGCCAATGGTCT-1,1,ceritinib
Data9_GSM4140331_GACGTGCTCCATGAAC-1,1,ceritinib
Data9_GSM4140331_GACGTTAAGATGTGGC-1,1,ceritinib
Data9_GSM4140331_GACGTTAGTCCATCCT-1,1,ceritinib
Data9_GSM4140331_GACGTTAGTTCATGGT-1,1,ceritinib
Data9_GSM4140331_GACGTTATCCCAAGTA-1,1,ceritinib
Data9_GSM4140331_GACTAACAGACAGAGA-1,1,ceritinib
Data9_GSM4140331_GACTAACAGGAACTGC-1,1,ceritinib
Data9_GSM4140331_GACTAACAGGTCGGAT-1,1,ceritinib
Data9_GSM4140331_GACTAACGTACCGTAT-1,1,ceritinib
Data9_GSM4140331_GACTAACGTCAAAGCG-1,1,ceritinib
Data9_GSM4140331_GACTAACTCACCTCGT-1,1,ceritinib
Data9_GSM4140331_GACTACAAGATGCCAG-1,1,ceritinib
Data9_GSM4140331_GACTACAAGTGGACGT-1,1,ceritinib
Data9_GSM4140331_GACTACATCACATACG-1,1,ceritinib
Data9_GSM4140331_GACTACATCATCACCC-1,1,ceritinib
Data9_GSM4140331_GACTGCGAGCACACAG-1,1,ceritinib
Data9_GSM4140331_GACTGCGAGCGTTCCG-1,1,ceritinib
Data9_GSM4140331_GACTGCGAGTCATCCA-1,1,ceritinib
Data9_GSM4140331_GACTGCGCACGAAGCA-1,1,ceritinib
Data9_GSM4140331_GACTGCGCAGGAATCG-1,1,ceritinib
Data9_GSM4140331_GACTGCGCATCGGTTA-1,1,ceritinib
Data9_GSM4140331_GACTGCGGTAAGTGTA-1,1,ceritinib
Data9_GSM4140331_GACTGCGGTAGAGCTG-1,1,ceritinib
Data9_GSM4140331_GACTGCGGTCATATGC-1,1,ceritinib
Data9_GSM4140331_GACTGCGTCACATAGC-1,1,ceritinib
Data9_GSM4140331_GACTGCGTCCTGCCAT-1,1,ceritinib
Data9_GSM4140331_GAGCAGAAGACTTGAA-1,1,ceritinib
Data9_GSM4140331_GAGCAGAAGGATGGTC-1,1,ceritinib
Data9_GSM4140331_GAGCAGACACGTCTCT-1,1,ceritinib
Data9_GSM4140331_GAGGTGAAGAGTAAGG-1,1,ceritinib
Data9_GSM4140331_GAGGTGAGTGCTCTTC-1,1,ceritinib
Data9_GSM4140331_GAGGTGATCATGGTCA-1,1,ceritinib
Data9_GSM4140331_GAGGTGATCGAGAACG-1,1,ceritinib
Data9_GSM4140331_GAGTCCGAGGGTTTCT-1,1,ceritinib
Data9_GSM4140331_GAGTCCGAGTTACCCA-1,1,ceritinib
Data9_GSM4140331_GAGTCCGCAGCTGTGC-1,1,ceritinib
Data9_GSM4140331_GAGTCCGGTCTTCGTC-1,1,ceritinib
Data9_GSM4140331_GATCAGTAGAGTCGGT-1,1,ceritinib
Data9_GSM4140331_GATCAGTAGATCTGCT-1,1,ceritinib
Data9_GSM4140331_GATCAGTCAGCTTCGG-1,1,ceritinib
Data9_GSM4140331_GATCAGTTCTCGGACG-1,1,ceritinib
Data9_GSM4140331_GATCGATAGCCTTGAT-1,1,ceritinib
Data9_GSM4140331_GATCGATAGCTAGTCT-1,1,ceritinib
Data9_GSM4140331_GATCGATCAAGAAAGG-1,1,ceritinib
Data9_GSM4140331_GATCGATCAGTCGTGC-1,1,ceritinib
Data9_GSM4140331_GATCGCGCAGTAAGCG-1,1,ceritinib
Data9_GSM4140331_GATCGCGGTGCTTCTC-1,1,ceritinib
Data9_GSM4140331_GATCGTATCGTGACAT-1,1,ceritinib
Data9_GSM4140331_GATCTAGAGTGAACAT-1,1,ceritinib
Data9_GSM4140331_GATCTAGAGTTACGGG-1,1,ceritinib
Data9_GSM4140331_GATCTAGCACGACGAA-1,1,ceritinib
Data9_GSM4140331_GATCTAGGTGAGGGTT-1,1,ceritinib
Data9_GSM4140331_GATCTAGTCTACCTGC-1,1,ceritinib
Data9_GSM4140331_GATGAAAAGAGTGAGA-1,1,ceritinib
Data9_GSM4140331_GATGAAAAGATATACG-1,1,ceritinib
Data9_GSM4140331_GATGAAAGTAGCTAAA-1,1,ceritinib
Data9_GSM4140331_GATGAAAGTCCAGTTA-1,1,ceritinib
Data9_GSM4140331_GATGAAAGTCCGCTGA-1,1,ceritinib
Data9_GSM4140331_GATGAAAGTCTCACCT-1,1,ceritinib
Data9_GSM4140331_GATGAGGAGAAACCGC-1,1,ceritinib
Data9_GSM4140331_GATGAGGAGCCAGAAC-1,1,ceritinib
Data9_GSM4140331_GATGAGGAGCTGCCCA-1,1,ceritinib
Data9_GSM4140331_GATGAGGCAAGAAGAG-1,1,ceritinib
Data9_GSM4140331_GATGAGGCATGTAGTC-1,1,ceritinib
Data9_GSM4140331_GATGAGGTCCCAAGTA-1,1,ceritinib
Data9_GSM4140331_GATGAGGTCGTAGGTT-1,1,ceritinib
Data9_GSM4140331_GATGAGGTCTTGAGGT-1,1,ceritinib
Data9_GSM4140331_GATGCTAAGCGATAGC-1,1,ceritinib
Data9_GSM4140331_GATTCAGAGGAGTTTA-1,1,ceritinib
Data9_GSM4140331_GATTCAGCATTATCTC-1,1,ceritinib
Data9_GSM4140331_GATTCAGGTCAGATAA-1,1,ceritinib
Data9_GSM4140331_GATTCAGGTTTGGGCC-1,1,ceritinib
Data9_GSM4140331_GCAAACTAGATGAGAG-1,1,ceritinib
Data9_GSM4140331_GCAAACTCACCACCAG-1,1,ceritinib
Data9_GSM4140331_GCAAACTCATAGTAAG-1,1,ceritinib
Data9_GSM4140331_GCAAACTGTACCGTTA-1,1,ceritinib
Data9_GSM4140331_GCAAACTTCCTGTACC-1,1,ceritinib
Data9_GSM4140331_GCAATCAAGCAATCTC-1,1,ceritinib
Data9_GSM4140331_GCAATCAAGGAGCGAG-1,1,ceritinib
Data9_GSM4140331_GCAATCATCACAGGCC-1,1,ceritinib
Data9_GSM4140331_GCACATAAGAGGACGG-1,1,ceritinib
Data9_GSM4140331_GCACATAGTGTGAATA-1,1,ceritinib
Data9_GSM4140331_GCACATATCAAGCCTA-1,1,ceritinib
Data9_GSM4140331_GCACATATCCACGTGG-1,1,ceritinib
Data9_GSM4140331_GCACTCTAGCCATCGC-1,1,ceritinib
Data9_GSM4140331_GCACTCTAGTTAACGA-1,1,ceritinib
Data9_GSM4140331_GCACTCTCATGGAATA-1,1,ceritinib
Data9_GSM4140331_GCACTCTGTAAACGCG-1,1,ceritinib
Data9_GSM4140331_GCACTCTTCAGGCCCA-1,1,ceritinib
Data9_GSM4140331_GCACTCTTCATAGCAC-1,1,ceritinib
Data9_GSM4140331_GCAGCCACAAGCGCTC-1,1,ceritinib
Data9_GSM4140331_GCAGCCACACGAAATA-1,1,ceritinib
Data9_GSM4140331_GCAGCCACATCCAACA-1,1,ceritinib
Data9_GSM4140331_GCAGCCAGTCATACTG-1,1,ceritinib
Data9_GSM4140331_GCAGCCAGTGCACGAA-1,1,ceritinib
Data9_GSM4140331_GCAGCCAGTGCGGTAA-1,1,ceritinib
Data9_GSM4140331_GCAGCCATCGATGAGG-1,1,ceritinib
Data9_GSM4140331_GCAGCCATCGCAGGCT-1,1,ceritinib
Data9_GSM4140331_GCAGTTACAATTCCTT-1,1,ceritinib
Data9_GSM4140331_GCAGTTACACGGATAG-1,1,ceritinib
Data9_GSM4140331_GCAGTTACATCTGGTA-1,1,ceritinib
Data9_GSM4140331_GCATACAAGACCGGAT-1,1,ceritinib
Data9_GSM4140331_GCATACAGTAAGTGGC-1,1,ceritinib
Data9_GSM4140331_GCATGATAGACAGAGA-1,1,ceritinib
Data9_GSM4140331_GCATGATAGAGCTGGT-1,1,ceritinib
Data9_GSM4140331_GCATGATCACATCCAA-1,1,ceritinib
Data9_GSM4140331_GCATGATCAGATGGGT-1,1,ceritinib
Data9_GSM4140331_GCATGATCAGGCTCAC-1,1,ceritinib
Data9_GSM4140331_GCATGATCAGTACACT-1,1,ceritinib
Data9_GSM4140331_GCATGATTCAATCACG-1,1,ceritinib
Data9_GSM4140331_GCATGATTCCTCCTAG-1,1,ceritinib
Data9_GSM4140331_GCATGCGAGGCGCTCT-1,1,ceritinib
Data9_GSM4140331_GCATGCGGTGCAACTT-1,1,ceritinib
Data9_GSM4140331_GCATGCGTCAGTTGAC-1,1,ceritinib
Data9_GSM4140331_GCATGTAAGATTACCC-1,1,ceritinib
Data9_GSM4140331_GCATGTAAGCTAGTTC-1,1,ceritinib
Data9_GSM4140331_GCATGTAAGCTGGAAC-1,1,ceritinib
Data9_GSM4140331_GCATGTAAGTCCCACG-1,1,ceritinib
Data9_GSM4140331_GCATGTAGTGTGTGCC-1,1,ceritinib
Data9_GSM4140331_GCCAAATAGCGGCTTC-1,1,ceritinib
Data9_GSM4140331_GCCAAATCAAAGTCAA-1,1,ceritinib
Data9_GSM4140331_GCCAAATCAGCCACCA-1,1,ceritinib
Data9_GSM4140331_GCCAAATCATGACATC-1,1,ceritinib
Data9_GSM4140331_GCCAAATCATTACCTT-1,1,ceritinib
Data9_GSM4140331_GCCAAATGTACATCCA-1,1,ceritinib
Data9_GSM4140331_GCCAAATGTTCGAATC-1,1,ceritinib
Data9_GSM4140331_GCCAAATGTTCTCATT-1,1,ceritinib
Data9_GSM4140331_GCCAAATGTTGCCTCT-1,1,ceritinib
Data9_GSM4140331_GCCTCTACATGGATGG-1,1,ceritinib
Data9_GSM4140331_GCCTCTAGTTGTGGAG-1,1,ceritinib
Data9_GSM4140331_GCGACCAAGTGAAGAG-1,1,ceritinib
Data9_GSM4140331_GCGACCACAAGACACG-1,1,ceritinib
Data9_GSM4140331_GCGACCACAGCGAACA-1,1,ceritinib
Data9_GSM4140331_GCGACCAGTCTGATTG-1,1,ceritinib
Data9_GSM4140331_GCGACCAGTGTAAGTA-1,1,ceritinib
Data9_GSM4140331_GCGACCAGTTAGGGTG-1,1,ceritinib
Data9_GSM4140331_GCGACCAGTTCATGGT-1,1,ceritinib
Data9_GSM4140331_GCGACCATCGTTTATC-1,1,ceritinib
Data9_GSM4140331_GCGACCATCTCGTTTA-1,1,ceritinib
Data9_GSM4140331_GCGAGAAAGGGAACGG-1,1,ceritinib
Data9_GSM4140331_GCGAGAACAACACCTA-1,1,ceritinib
Data9_GSM4140331_GCGAGAACACCGCTAG-1,1,ceritinib
Data9_GSM4140331_GCGAGAACATCACCCT-1,1,ceritinib
Data9_GSM4140331_GCGAGAAGTCTTCAAG-1,1,ceritinib
Data9_GSM4140331_GCGCAACAGCTGTCTA-1,1,ceritinib
Data9_GSM4140331_GCGCAACAGTACACCT-1,1,ceritinib
Data9_GSM4140331_GCGCAACCAAGCCGCT-1,1,ceritinib
Data9_GSM4140331_GCGCAACCACGTGAGA-1,1,ceritinib
Data9_GSM4140331_GCGCAACGTATGAATG-1,1,ceritinib
Data9_GSM4140331_GCGCAACGTCACACGC-1,1,ceritinib
Data9_GSM4140331_GCGCAACGTGATAAGT-1,1,ceritinib
Data9_GSM4140331_GCGCAACTCTTAACCT-1,1,ceritinib
Data9_GSM4140331_GCGCAGTCACGACGAA-1,1,ceritinib
Data9_GSM4140331_GCGCAGTGTCTAGCGC-1,1,ceritinib
Data9_GSM4140331_GCGCAGTTCCCTAATT-1,1,ceritinib
Data9_GSM4140331_GCGCCAAAGAAGCCCA-1,1,ceritinib
Data9_GSM4140331_GCGCCAACAGTCAGAG-1,1,ceritinib
Data9_GSM4140331_GCGCCAACAGTCCTTC-1,1,ceritinib
Data9_GSM4140331_GCGCCAACATGTAGTC-1,1,ceritinib
Data9_GSM4140331_GCGCCAAGTCACCTAA-1,1,ceritinib
Data9_GSM4140331_GCGCCAAGTTGGACCC-1,1,ceritinib
Data9_GSM4140331_GCGCCAATCAACGAAA-1,1,ceritinib
Data9_GSM4140331_GCGCCAATCCAATGGT-1,1,ceritinib
Data9_GSM4140331_GCGCGATAGTACGACG-1,1,ceritinib
Data9_GSM4140331_GCGGGTTCATTGGTAC-1,1,ceritinib
Data9_GSM4140331_GCGGGTTGTCGCATAT-1,1,ceritinib
Data9_GSM4140331_GCGGGTTGTGAAAGAG-1,1,ceritinib
Data9_GSM4140331_GCGGGTTGTGGACGAT-1,1,ceritinib
Data9_GSM4140331_GCGGGTTGTTGCTCCT-1,1,ceritinib
Data9_GSM4140331_GCTCCTAAGCAATATG-1,1,ceritinib
Data9_GSM4140331_GCTCCTACACATTTCT-1,1,ceritinib
Data9_GSM4140331_GCTCCTAGTCCGACGT-1,1,ceritinib
Data9_GSM4140331_GCTCCTAGTTGAGGTG-1,1,ceritinib
Data9_GSM4140331_GCTCCTATCTACGAGT-1,1,ceritinib
Data9_GSM4140331_GCTCTGTAGGATTCGG-1,1,ceritinib
Data9_GSM4140331_GCTCTGTCAATGTAAG-1,1,ceritinib
Data9_GSM4140331_GCTGCAGAGAATGTTG-1,1,ceritinib
Data9_GSM4140331_GCTGCAGAGATGTGTA-1,1,ceritinib
Data9_GSM4140331_GCTGCAGAGGTAAACT-1,1,ceritinib
Data9_GSM4140331_GCTGCAGTCAGAAATG-1,1,ceritinib
Data9_GSM4140331_GCTGCAGTCGCTAGCG-1,1,ceritinib
Data9_GSM4140331_GCTGCTTAGTAGGTGC-1,1,ceritinib
Data9_GSM4140331_GCTGCTTCAAGTCTAC-1,1,ceritinib
Data9_GSM4140331_GCTGCTTCAATAGCAA-1,1,ceritinib
Data9_GSM4140331_GCTGCTTGTAGATTAG-1,1,ceritinib
Data9_GSM4140331_GCTGCTTTCAGAAATG-1,1,ceritinib
Data9_GSM4140331_GCTGGGTAGCTAGTCT-1,1,ceritinib
Data9_GSM4140331_GCTGGGTGTGTCGCTG-1,1,ceritinib
Data9_GSM4140331_GCTGGGTTCCCTCAGT-1,1,ceritinib
Data9_GSM4140331_GCTTCCAAGAGCTATA-1,1,ceritinib
Data9_GSM4140331_GCTTCCAAGGAGTCTG-1,1,ceritinib
Data9_GSM4140331_GCTTCCACAGGACGTA-1,1,ceritinib
Data9_GSM4140331_GCTTCCACATTTCAGG-1,1,ceritinib
Data9_GSM4140331_GCTTCCAGTGACCAAG-1,1,ceritinib
Data9_GSM4140331_GCTTGAAAGGGCTCTC-1,1,ceritinib
Data9_GSM4140331_GCTTGAACATCTCCCA-1,1,ceritinib
Data9_GSM4140331_GCTTGAACATGCCACG-1,1,ceritinib
Data9_GSM4140331_GCTTGAATCTTATCTG-1,1,ceritinib
Data9_GSM4140331_GGAAAGCAGATAGCAT-1,1,ceritinib
Data9_GSM4140331_GGAAAGCCACACTGCG-1,1,ceritinib
Data9_GSM4140331_GGAACTTCAATACGCT-1,1,ceritinib
Data9_GSM4140331_GGAACTTGTGTTAAGA-1,1,ceritinib
Data9_GSM4140331_GGAACTTGTTCCAACA-1,1,ceritinib
Data9_GSM4140331_GGAACTTTCGCAGGCT-1,1,ceritinib
Data9_GSM4140331_GGAATAAAGGAGTAGA-1,1,ceritinib
Data9_GSM4140331_GGAATAAAGGCGCTCT-1,1,ceritinib
Data9_GSM4140331_GGAATAATCACTCCTG-1,1,ceritinib
Data9_GSM4140331_GGAATAATCCTGCTTG-1,1,ceritinib
Data9_GSM4140331_GGACAAGCAATCGGTT-1,1,ceritinib
Data9_GSM4140331_GGACAGAAGCCCTAAT-1,1,ceritinib
Data9_GSM4140331_GGACAGAAGCTTATCG-1,1,ceritinib
Data9_GSM4140331_GGACAGAAGGTAGCTG-1,1,ceritinib
Data9_GSM4140331_GGACAGACAGGGATTG-1,1,ceritinib
Data9_GSM4140331_GGACATTAGCGGCTTC-1,1,ceritinib
Data9_GSM4140331_GGACATTCAGATCTGT-1,1,ceritinib
Data9_GSM4140331_GGACATTGTTTGGCGC-1,1,ceritinib
Data9_GSM4140331_GGACATTTCATGCAAC-1,1,ceritinib
Data9_GSM4140331_GGACATTTCGAGAACG-1,1,ceritinib
Data9_GSM4140331_GGACGTCCACGGACAA-1,1,ceritinib
Data9_GSM4140331_GGACGTCGTAGTAGTA-1,1,ceritinib
Data9_GSM4140331_GGACGTCGTATAGGTA-1,1,ceritinib
Data9_GSM4140331_GGACGTCTCTTTACGT-1,1,ceritinib
Data9_GSM4140331_GGAGCAAAGGATATAC-1,1,ceritinib
Data9_GSM4140331_GGAGCAAGTGAAGGCT-1,1,ceritinib
Data9_GSM4140331_GGAGCAAGTGTAAGTA-1,1,ceritinib
Data9_GSM4140331_GGAGCAATCTTGCATT-1,1,ceritinib
Data9_GSM4140331_GGATGTTAGGTTCCTA-1,1,ceritinib
Data9_GSM4140331_GGATGTTCAGCCAGAA-1,1,ceritinib
Data9_GSM4140331_GGATGTTCATTAGCCA-1,1,ceritinib
Data9_GSM4140331_GGATTACAGCTATGCT-1,1,ceritinib
Data9_GSM4140331_GGATTACAGGGTATCG-1,1,ceritinib
Data9_GSM4140331_GGATTACAGTGTGAAT-1,1,ceritinib
Data9_GSM4140331_GGATTACCAGCATACT-1,1,ceritinib
Data9_GSM4140331_GGATTACCAGCCTATA-1,1,ceritinib
Data9_GSM4140331_GGATTACGTATAAACG-1,1,ceritinib
Data9_GSM4140331_GGATTACTCAAGATCC-1,1,ceritinib
Data9_GSM4140331_GGATTACTCATGGTCA-1,1,ceritinib
Data9_GSM4140331_GGCAATTCACATCCAA-1,1,ceritinib
Data9_GSM4140331_GGCAATTTCCATGCTC-1,1,ceritinib
Data9_GSM4140331_GGCAATTTCGTGTAGT-1,1,ceritinib
Data9_GSM4140331_GGCAATTTCGTTGACA-1,1,ceritinib
Data9_GSM4140331_GGCCGATAGGAGCGAG-1,1,ceritinib
Data9_GSM4140331_GGCCGATGTGATGCCC-1,1,ceritinib
Data9_GSM4140331_GGCCGATTCGCCTGAG-1,1,ceritinib
Data9_GSM4140331_GGCGACTTCTTGAGAC-1,1,ceritinib
Data9_GSM4140331_GGCGTGTTCCCTAATT-1,1,ceritinib
Data9_GSM4140331_GGCGTGTTCGTGACAT-1,1,ceritinib
Data9_GSM4140331_GGCGTGTTCTTGTTTG-1,1,ceritinib
Data9_GSM4140331_GGCTCGAAGATCTGCT-1,1,ceritinib
Data9_GSM4140331_GGCTCGACATCCCACT-1,1,ceritinib
Data9_GSM4140331_GGCTGGTAGACAAAGG-1,1,ceritinib
Data9_GSM4140331_GGCTGGTAGACCTAGG-1,1,ceritinib
Data9_GSM4140331_GGCTGGTAGACTCGGA-1,1,ceritinib
Data9_GSM4140331_GGCTGGTCACCTGGTG-1,1,ceritinib
Data9_GSM4140331_GGCTGGTGTGACGCCT-1,1,ceritinib
Data9_GSM4140331_GGGAATGCAGGTCCAC-1,1,ceritinib
Data9_GSM4140331_GGGAATGGTAAACACA-1,1,ceritinib
Data9_GSM4140331_GGGAATGTCAACCAAC-1,1,ceritinib
Data9_GSM4140331_GGGAATGTCGTCACGG-1,1,ceritinib
Data9_GSM4140331_GGGACCTAGATCTGCT-1,1,ceritinib
Data9_GSM4140331_GGGACCTCAATAGCAA-1,1,ceritinib
Data9_GSM4140331_GGGACCTGTATAGTAG-1,1,ceritinib
Data9_GSM4140331_GGGACCTGTTATGCGT-1,1,ceritinib
Data9_GSM4140331_GGGACCTTCAATACCG-1,1,ceritinib
Data9_GSM4140331_GGGAGATAGCCGCCTA-1,1,ceritinib
Data9_GSM4140331_GGGAGATCAACTGCTA-1,1,ceritinib
Data9_GSM4140331_GGGAGATCATATACCG-1,1,ceritinib
Data9_GSM4140331_GGGAGATGTCGGCACT-1,1,ceritinib
Data9_GSM4140331_GGGAGATGTCTAACGT-1,1,ceritinib
Data9_GSM4140331_GGGAGATTCCGCTGTT-1,1,ceritinib
Data9_GSM4140331_GGGAGATTCGCAAACT-1,1,ceritinib
Data9_GSM4140331_GGGATGAAGTAGCCGA-1,1,ceritinib
Data9_GSM4140331_GGGATGACAATGTTGC-1,1,ceritinib
Data9_GSM4140331_GGGATGACACAAGACG-1,1,ceritinib
Data9_GSM4140331_GGGATGACACCAGTTA-1,1,ceritinib
Data9_GSM4140331_GGGATGACAGATGGCA-1,1,ceritinib
Data9_GSM4140331_GGGATGACATATACGC-1,1,ceritinib
Data9_GSM4140331_GGGATGACATCCGCGA-1,1,ceritinib
Data9_GSM4140331_GGGATGATCACCTCGT-1,1,ceritinib
Data9_GSM4140331_GGGCACTAGACGACGT-1,1,ceritinib
Data9_GSM4140331_GGGCACTCAGCCTGTG-1,1,ceritinib
Data9_GSM4140331_GGGCACTGTAACGCGA-1,1,ceritinib
Data9_GSM4140331_GGGCACTGTCGCATAT-1,1,ceritinib
Data9_GSM4140331_GGGCACTGTCTCCACT-1,1,ceritinib
Data9_GSM4140331_GGGCACTTCGCTAGCG-1,1,ceritinib
Data9_GSM4140331_GGGCACTTCTGGCGAC-1,1,ceritinib
Data9_GSM4140331_GGGCATCAGGATGGAA-1,1,ceritinib
Data9_GSM4140331_GGGCATCAGTGAATTG-1,1,ceritinib
Data9_GSM4140331_GGGCATCCAAGAAGAG-1,1,ceritinib
Data9_GSM4140331_GGGTCTGAGTGAACAT-1,1,ceritinib
Data9_GSM4140331_GGGTCTGGTCTAGAGG-1,1,ceritinib
Data9_GSM4140331_GGGTTGCAGGCCCGTT-1,1,ceritinib
Data9_GSM4140331_GGTATTGAGCCTATGT-1,1,ceritinib
Data9_GSM4140331_GGTATTGAGTCCTCCT-1,1,ceritinib
Data9_GSM4140331_GGTATTGTCTGGGCCA-1,1,ceritinib
Data9_GSM4140331_GGTGAAGAGCAACGGT-1,1,ceritinib
Data9_GSM4140331_GGTGAAGCAAGAGGCT-1,1,ceritinib
Data9_GSM4140331_GGTGAAGCAAGTTCTG-1,1,ceritinib
Data9_GSM4140331_GGTGAAGCACCCAGTG-1,1,ceritinib
Data9_GSM4140331_GGTGAAGGTCGGGTCT-1,1,ceritinib
Data9_GSM4140331_GGTGAAGGTGGAAAGA-1,1,ceritinib
Data9_GSM4140331_GGTGAAGTCTAAGCCA-1,1,ceritinib
Data9_GSM4140331_GGTGCGTAGACGCTTT-1,1,ceritinib
Data9_GSM4140331_GGTGCGTAGATGCCTT-1,1,ceritinib
Data9_GSM4140331_GGTGCGTAGCTGCAAG-1,1,ceritinib
Data9_GSM4140331_GGTGCGTCACGTCAGC-1,1,ceritinib
Data9_GSM4140331_GGTGCGTGTCTAACGT-1,1,ceritinib
Data9_GSM4140331_GGTGCGTTCAGGTAAA-1,1,ceritinib
Data9_GSM4140331_GGTGCGTTCCCTCAGT-1,1,ceritinib
Data9_GSM4140331_GGTGCGTTCCTCCTAG-1,1,ceritinib
Data9_GSM4140331_GGTGTTAAGTCGATAA-1,1,ceritinib
Data9_GSM4140331_GGTGTTAGTTAAGACA-1,1,ceritinib
Data9_GSM4140331_GGTGTTATCCGTCAAA-1,1,ceritinib
Data9_GSM4140331_GGTGTTATCGAACGGA-1,1,ceritinib
Data9_GSM4140331_GTAACGTAGCGTGTCC-1,1,ceritinib
Data9_GSM4140331_GTAACGTCAGCCAATT-1,1,ceritinib
Data9_GSM4140331_GTAACGTGTAGATTAG-1,1,ceritinib
Data9_GSM4140331_GTAACTGCACGCGAAA-1,1,ceritinib
Data9_GSM4140331_GTAACTGCAGTAGAGC-1,1,ceritinib
Data9_GSM4140331_GTAACTGCATTTCACT-1,1,ceritinib
Data9_GSM4140331_GTACTCCAGCGTTTAC-1,1,ceritinib
Data9_GSM4140331_GTACTCCCATCCCACT-1,1,ceritinib
Data9_GSM4140331_GTACTCCGTACAGCAG-1,1,ceritinib
Data9_GSM4140331_GTACTCCTCATCGATG-1,1,ceritinib
Data9_GSM4140331_GTACTCCTCTCGTTTA-1,1,ceritinib
Data9_GSM4140331_GTACTTTAGACTCGGA-1,1,ceritinib
Data9_GSM4140331_GTACTTTCAAGCCGTC-1,1,ceritinib
Data9_GSM4140331_GTACTTTCAGGCAGTA-1,1,ceritinib
Data9_GSM4140331_GTACTTTGTCGCGAAA-1,1,ceritinib
Data9_GSM4140331_GTACTTTTCCTGCCAT-1,1,ceritinib
Data9_GSM4140331_GTAGGCCAGATACACA-1,1,ceritinib
Data9_GSM4140331_GTAGGCCGTAAGGGAA-1,1,ceritinib
Data9_GSM4140331_GTAGGCCTCTACCTGC-1,1,ceritinib
Data9_GSM4140331_GTAGTCAAGTTATCGC-1,1,ceritinib
Data9_GSM4140331_GTAGTCAGTCGCATAT-1,1,ceritinib
Data9_GSM4140331_GTAGTCATCATAGCAC-1,1,ceritinib
Data9_GSM4140331_GTATCTTCAGACGCTC-1,1,ceritinib
Data9_GSM4140331_GTATCTTGTTCAGTAC-1,1,ceritinib
Data9_GSM4140331_GTATTCTAGCGCCTCA-1,1,ceritinib
Data9_GSM4140331_GTATTCTCAGGTCGTC-1,1,ceritinib
Data9_GSM4140331_GTATTCTGTTCGGCAC-1,1,ceritinib
Data9_GSM4140331_GTATTCTGTTTAAGCC-1,1,ceritinib
Data9_GSM4140331_GTATTCTTCAATCACG-1,1,ceritinib
Data9_GSM4140331_GTCAAGTAGTGCCATT-1,1,ceritinib
Data9_GSM4140331_GTCAAGTAGTGTCCAT-1,1,ceritinib
Data9_GSM4140331_GTCAAGTCAAACTGCT-1,1,ceritinib
Data9_GSM4140331_GTCAAGTGTAAGGGAA-1,1,ceritinib
Data9_GSM4140331_GTCAAGTGTAATCGTC-1,1,ceritinib
Data9_GSM4140331_GTCAAGTGTGCAACGA-1,1,ceritinib
Data9_GSM4140331_GTCAAGTGTGGTCTCG-1,1,ceritinib
Data9_GSM4140331_GTCAAGTGTTCCTCCA-1,1,ceritinib
Data9_GSM4140331_GTCACAAAGAATGTGT-1,1,ceritinib
Data9_GSM4140331_GTCACAACACGGCGTT-1,1,ceritinib
Data9_GSM4140331_GTCACAATCTGCTGTC-1,1,ceritinib
Data9_GSM4140331_GTCACAATCTTACCTA-1,1,ceritinib
Data9_GSM4140331_GTCACGGAGTCGAGTG-1,1,ceritinib
Data9_GSM4140331_GTCACGGAGTTGTAGA-1,1,ceritinib
Data9_GSM4140331_GTCACGGCATGCAATC-1,1,ceritinib
Data9_GSM4140331_GTCACGGGTAACGACG-1,1,ceritinib
Data9_GSM4140331_GTCACGGGTTCGCTAA-1,1,ceritinib
Data9_GSM4140331_GTCACGGTCGCCTGTT-1,1,ceritinib
Data9_GSM4140331_GTCACGGTCGTGGACC-1,1,ceritinib
Data9_GSM4140331_GTCACGGTCTCGTATT-1,1,ceritinib
Data9_GSM4140331_GTCATTTAGATGCGAC-1,1,ceritinib
Data9_GSM4140331_GTCATTTCAGGGTATG-1,1,ceritinib
Data9_GSM4140331_GTCATTTGTATAAACG-1,1,ceritinib
Data9_GSM4140331_GTCATTTGTCTAGAGG-1,1,ceritinib
Data9_GSM4140331_GTCATTTTCGCCTGTT-1,1,ceritinib
Data9_GSM4140331_GTCCTCAAGACGCTTT-1,1,ceritinib
Data9_GSM4140331_GTCCTCAAGAGATGAG-1,1,ceritinib
Data9_GSM4140331_GTCCTCAAGCTCAACT-1,1,ceritinib
Data9_GSM4140331_GTCCTCAAGTATGACA-1,1,ceritinib
Data9_GSM4140331_GTCCTCACACATGGGA-1,1,ceritinib
Data9_GSM4140331_GTCCTCACATCACGTA-1,1,ceritinib
Data9_GSM4140331_GTCCTCAGTAGTGAAT-1,1,ceritinib
Data9_GSM4140331_GTCCTCATCGCTTAGA-1,1,ceritinib
Data9_GSM4140331_GTCCTCATCTAACGGT-1,1,ceritinib
Data9_GSM4140331_GTCGGGTCACGAAACG-1,1,ceritinib
Data9_GSM4140331_GTCGGGTGTGGTGTAG-1,1,ceritinib
Data9_GSM4140331_GTCGGGTGTGTAAGTA-1,1,ceritinib
Data9_GSM4140331_GTCGTAAAGGTACTCT-1,1,ceritinib
Data9_GSM4140331_GTCGTAAGTCAAAGCG-1,1,ceritinib
Data9_GSM4140331_GTCGTAAGTGCAACGA-1,1,ceritinib
Data9_GSM4140331_GTCTCGTAGCACCGTC-1,1,ceritinib
Data9_GSM4140331_GTCTCGTCATGCGCAC-1,1,ceritinib
Data9_GSM4140331_GTCTTCGAGTCCCACG-1,1,ceritinib
Data9_GSM4140331_GTCTTCGAGTGGGCTA-1,1,ceritinib
Data9_GSM4140331_GTCTTCGCACCGGAAA-1,1,ceritinib
Data9_GSM4140331_GTCTTCGCAGTCGTGC-1,1,ceritinib
Data9_GSM4140331_GTCTTCGCATCATCCC-1,1,ceritinib
Data9_GSM4140331_GTCTTCGGTTAGTGGG-1,1,ceritinib
Data9_GSM4140331_GTCTTCGTCAATAAGG-1,1,ceritinib
Data9_GSM4140331_GTCTTCGTCCCTAATT-1,1,ceritinib
Data9_GSM4140331_GTCTTCGTCGCGTTTC-1,1,ceritinib
Data9_GSM4140331_GTCTTCGTCTGCGGCA-1,1,ceritinib
Data9_GSM4140331_GTGAAGGAGATATGGT-1,1,ceritinib
Data9_GSM4140331_GTGAAGGAGCAGACTG-1,1,ceritinib
Data9_GSM4140331_GTGAAGGAGGAACTGC-1,1,ceritinib
Data9_GSM4140331_GTGAAGGCATTTCACT-1,1,ceritinib
Data9_GSM4140331_GTGAAGGGTAAGGATT-1,1,ceritinib
Data9_GSM4140331_GTGCAGCAGTGTTTGC-1,1,ceritinib
Data9_GSM4140331_GTGCAGCCAATGGAGC-1,1,ceritinib
Data9_GSM4140331_GTGCAGCCAGCTGTGC-1,1,ceritinib
Data9_GSM4140331_GTGCAGCCAGTAAGCG-1,1,ceritinib
Data9_GSM4140331_GTGCAGCCAGTCGTGC-1,1,ceritinib
Data9_GSM4140331_GTGCAGCGTTCTCATT-1,1,ceritinib
Data9_GSM4140331_GTGCAGCTCAATACCG-1,1,ceritinib
Data9_GSM4140331_GTGCAGCTCACATAGC-1,1,ceritinib
Data9_GSM4140331_GTGCAGCTCCATGCTC-1,1,ceritinib
Data9_GSM4140331_GTGCAGCTCCCATTAT-1,1,ceritinib
Data9_GSM4140331_GTGCAGCTCGGTTCGG-1,1,ceritinib
Data9_GSM4140331_GTGCAGCTCTGCTGTC-1,1,ceritinib
Data9_GSM4140331_GTGCATACACACGCTG-1,1,ceritinib
Data9_GSM4140331_GTGCATAGTGTGCCTG-1,1,ceritinib
Data9_GSM4140331_GTGCGGTAGCCATCGC-1,1,ceritinib
Data9_GSM4140331_GTGCGGTCAATGAAAC-1,1,ceritinib
Data9_GSM4140331_GTGCGGTGTCAAACTC-1,1,ceritinib
Data9_GSM4140331_GTGCGGTTCCGTACAA-1,1,ceritinib
Data9_GSM4140331_GTGCGGTTCTCAAACG-1,1,ceritinib
Data9_GSM4140331_GTGCTTCCACACAGAG-1,1,ceritinib
Data9_GSM4140331_GTGCTTCTCCCTTGCA-1,1,ceritinib
Data9_GSM4140331_GTGGGTCAGCGATGAC-1,1,ceritinib
Data9_GSM4140331_GTGGGTCAGGACGAAA-1,1,ceritinib
Data9_GSM4140331_GTGGGTCAGTGACATA-1,1,ceritinib
Data9_GSM4140331_GTGGGTCAGTGCGATG-1,1,ceritinib
Data9_GSM4140331_GTGGGTCGTAAGCACG-1,1,ceritinib
Data9_GSM4140331_GTGTGCGAGCGGATCA-1,1,ceritinib
Data9_GSM4140331_GTGTGCGCACATGGGA-1,1,ceritinib
Data9_GSM4140331_GTGTGCGGTAAGGATT-1,1,ceritinib
Data9_GSM4140331_GTGTGCGGTTACCAGT-1,1,ceritinib
Data9_GSM4140331_GTGTGCGTCGAACTGT-1,1,ceritinib
Data9_GSM4140331_GTGTGCGTCTGCAGTA-1,1,ceritinib
Data9_GSM4140331_GTTAAGCAGTGCCATT-1,1,ceritinib
Data9_GSM4140331_GTTAAGCGTACTTGAC-1,1,ceritinib
Data9_GSM4140331_GTTAAGCGTCCGAATT-1,1,ceritinib
Data9_GSM4140331_GTTACAGAGAAGATTC-1,1,ceritinib
Data9_GSM4140331_GTTACAGAGCTGAAAT-1,1,ceritinib
Data9_GSM4140331_GTTACAGAGTCATCCA-1,1,ceritinib
Data9_GSM4140331_GTTACAGGTGTGGCTC-1,1,ceritinib
Data9_GSM4140331_GTTCATTCAAGGACAC-1,1,ceritinib
Data9_GSM4140331_GTTCATTCACGCCAGT-1,1,ceritinib
Data9_GSM4140331_GTTCATTCAGCTCGCA-1,1,ceritinib
Data9_GSM4140331_GTTCATTCAGTCGATT-1,1,ceritinib
Data9_GSM4140331_GTTCATTCATCCCACT-1,1,ceritinib
Data9_GSM4140331_GTTCATTGTTGATTGC-1,1,ceritinib
Data9_GSM4140331_GTTCATTTCGTAGGTT-1,1,ceritinib
Data9_GSM4140331_GTTCATTTCTGAAAGA-1,1,ceritinib
Data9_GSM4140331_GTTCGGGAGAGCTTCT-1,1,ceritinib
Data9_GSM4140331_GTTCGGGAGCCGATTT-1,1,ceritinib
Data9_GSM4140331_GTTCGGGCACGGTAAG-1,1,ceritinib
Data9_GSM4140331_GTTCGGGCATCATCCC-1,1,ceritinib
Data9_GSM4140331_GTTCGGGCATGCATGT-1,1,ceritinib
Data9_GSM4140331_GTTCGGGTCTCGCATC-1,1,ceritinib
Data9_GSM4140331_GTTCTCGCAGCCAGAA-1,1,ceritinib
Data9_GSM4140331_GTTCTCGTCAGCTCTC-1,1,ceritinib
Data9_GSM4140331_GTTCTCGTCATCGGAT-1,1,ceritinib
Data9_GSM4140331_GTTTCTACAGCTGTTA-1,1,ceritinib
Data9_GSM4140331_GTTTCTAGTTCAGTAC-1,1,ceritinib
Data9_GSM4140331_TAAACCGAGAATGTTG-1,1,ceritinib
Data9_GSM4140331_TAAACCGAGCCCTAAT-1,1,ceritinib
Data9_GSM4140331_TAAACCGCAGTAGAGC-1,1,ceritinib
Data9_GSM4140331_TAAACCGCATTATCTC-1,1,ceritinib
Data9_GSM4140331_TAAACCGGTTGTCTTT-1,1,ceritinib
Data9_GSM4140331_TAAACCGTCCCGACTT-1,1,ceritinib
Data9_GSM4140331_TAAGAGAAGAGACTTA-1,1,ceritinib
Data9_GSM4140331_TAAGAGAAGTACCGGA-1,1,ceritinib
Data9_GSM4140331_TAAGAGACAGTCACTA-1,1,ceritinib
Data9_GSM4140331_TAAGAGAGTCATGCCG-1,1,ceritinib
Data9_GSM4140331_TAAGAGAGTGCACTTA-1,1,ceritinib
Data9_GSM4140331_TAAGAGAGTTCAGACT-1,1,ceritinib
Data9_GSM4140331_TAAGAGAGTTGTCGCG-1,1,ceritinib
Data9_GSM4140331_TAAGAGATCGGATGGA-1,1,ceritinib
Data9_GSM4140331_TAAGCGTAGGGATGGG-1,1,ceritinib
Data9_GSM4140331_TAAGCGTAGTGGTAGC-1,1,ceritinib
Data9_GSM4140331_TAAGCGTCAGCCTTTC-1,1,ceritinib
Data9_GSM4140331_TAAGCGTGTCATGCAT-1,1,ceritinib
Data9_GSM4140331_TAAGTGCAGCCTATGT-1,1,ceritinib
Data9_GSM4140331_TAAGTGCGTCCTCTTG-1,1,ceritinib
Data9_GSM4140331_TAAGTGCTCGCATGAT-1,1,ceritinib
Data9_GSM4140331_TACACGAAGACGACGT-1,1,ceritinib
Data9_GSM4140331_TACACGAAGAGCCTAG-1,1,ceritinib
Data9_GSM4140331_TACACGACAATGAATG-1,1,ceritinib
Data9_GSM4140331_TACACGACAGTATGCT-1,1,ceritinib
Data9_GSM4140331_TACACGAGTCATATCG-1,1,ceritinib
Data9_GSM4140331_TACACGATCTCGAGTA-1,1,ceritinib
Data9_GSM4140331_TACAGTGAGAACAACT-1,1,ceritinib
Data9_GSM4140331_TACAGTGCACGACGAA-1,1,ceritinib
Data9_GSM4140331_TACAGTGGTAGCGCTC-1,1,ceritinib
Data9_GSM4140331_TACAGTGGTGCGGTAA-1,1,ceritinib
Data9_GSM4140331_TACAGTGTCAACACAC-1,1,ceritinib
Data9_GSM4140331_TACAGTGTCGCCTGAG-1,1,ceritinib
Data9_GSM4140331_TACCTATCACGCTTTC-1,1,ceritinib
Data9_GSM4140331_TACCTATTCCCTTGTG-1,1,ceritinib
Data9_GSM4140331_TACCTATTCGGGAGTA-1,1,ceritinib
Data9_GSM4140331_TACCTTAAGAGACGAA-1,1,ceritinib
Data9_GSM4140331_TACCTTAAGCTAGGCA-1,1,ceritinib
Data9_GSM4140331_TACCTTACAACCGCCA-1,1,ceritinib
Data9_GSM4140331_TACCTTAGTAGCCTAT-1,1,ceritinib
Data9_GSM4140331_TACCTTATCATCACCC-1,1,ceritinib
Data9_GSM4140331_TACCTTATCCAAACAC-1,1,ceritinib
Data9_GSM4140331_TACCTTATCCAAGTAC-1,1,ceritinib
Data9_GSM4140331_TACCTTATCTACTTAC-1,1,ceritinib
Data9_GSM4140331_TACGGATAGGACTGGT-1,1,ceritinib
Data9_GSM4140331_TACGGATCACGCTTTC-1,1,ceritinib
Data9_GSM4140331_TACGGATCATCGGAAG-1,1,ceritinib
Data9_GSM4140331_TACGGATGTGCTAGCC-1,1,ceritinib
Data9_GSM4140331_TACGGATGTTTGACAC-1,1,ceritinib
Data9_GSM4140331_TACGGGCCAAACCCAT-1,1,ceritinib
Data9_GSM4140331_TACGGGCCACAAGTAA-1,1,ceritinib
Data9_GSM4140331_TACGGGCCACGCTTTC-1,1,ceritinib
Data9_GSM4140331_TACGGGCGTAGAGGAA-1,1,ceritinib
Data9_GSM4140331_TACGGGCGTCCATGAT-1,1,ceritinib
Data9_GSM4140331_TACGGTAAGAGCTGCA-1,1,ceritinib
Data9_GSM4140331_TACGGTAAGCCACTAT-1,1,ceritinib
Data9_GSM4140331_TACGGTAAGCGATTCT-1,1,ceritinib
Data9_GSM4140331_TACGGTAAGGCGTACA-1,1,ceritinib
Data9_GSM4140331_TACGGTACAAGTCTGT-1,1,ceritinib
Data9_GSM4140331_TACGGTAGTAAGGGAA-1,1,ceritinib
Data9_GSM4140331_TACGGTAGTTCACGGC-1,1,ceritinib
Data9_GSM4140331_TACGGTATCATCTGTT-1,1,ceritinib
Data9_GSM4140331_TACGGTATCCTCTAGC-1,1,ceritinib
Data9_GSM4140331_TACTCATCACGAAGCA-1,1,ceritinib
Data9_GSM4140331_TACTCATGTTCCGTCT-1,1,ceritinib
Data9_GSM4140331_TACTCATTCTCGTTTA-1,1,ceritinib
Data9_GSM4140331_TACTCGCAGTAAGTAC-1,1,ceritinib
Data9_GSM4140331_TACTCGCAGTGGTAGC-1,1,ceritinib
Data9_GSM4140331_TACTCGCCAACCGCCA-1,1,ceritinib
Data9_GSM4140331_TACTCGCCACGAAATA-1,1,ceritinib
Data9_GSM4140331_TACTCGCCAGCGATCC-1,1,ceritinib
Data9_GSM4140331_TACTCGCGTCAGAAGC-1,1,ceritinib
Data9_GSM4140331_TACTCGCTCAAAGACA-1,1,ceritinib
Data9_GSM4140331_TACTCGCTCACAGGCC-1,1,ceritinib
Data9_GSM4140331_TACTCGCTCTCTGCTG-1,1,ceritinib
Data9_GSM4140331_TACTTACCATATGAGA-1,1,ceritinib
Data9_GSM4140331_TACTTACTCAACACAC-1,1,ceritinib
Data9_GSM4140331_TACTTACTCACGAAGG-1,1,ceritinib
Data9_GSM4140331_TACTTACTCCACGACG-1,1,ceritinib
Data9_GSM4140331_TACTTACTCCGCATCT-1,1,ceritinib
Data9_GSM4140331_TACTTGTAGAAACCGC-1,1,ceritinib
Data9_GSM4140331_TACTTGTAGCCTTGAT-1,1,ceritinib
Data9_GSM4140331_TACTTGTGTAAGAGGA-1,1,ceritinib
Data9_GSM4140331_TACTTGTGTCTCATCC-1,1,ceritinib
Data9_GSM4140331_TACTTGTGTCTGATCA-1,1,ceritinib
Data9_GSM4140331_TACTTGTGTGGCCCTA-1,1,ceritinib
Data9_GSM4140331_TACTTGTTCACTCTTA-1,1,ceritinib
Data9_GSM4140331_TACTTGTTCGTAGGAG-1,1,ceritinib
Data9_GSM4140331_TAGACCAAGATGCCAG-1,1,ceritinib
Data9_GSM4140331_TAGACCAAGCATGGCA-1,1,ceritinib
Data9_GSM4140331_TAGACCACAACAACCT-1,1,ceritinib
Data9_GSM4140331_TAGACCACACACATGT-1,1,ceritinib
Data9_GSM4140331_TAGACCAGTACGAAAT-1,1,ceritinib
Data9_GSM4140331_TAGACCAGTCATCCCT-1,1,ceritinib
Data9_GSM4140331_TAGAGCTAGCTAACTC-1,1,ceritinib
Data9_GSM4140331_TAGAGCTAGTCTCAAC-1,1,ceritinib
Data9_GSM4140331_TAGAGCTGTACAGTTC-1,1,ceritinib
Data9_GSM4140331_TAGAGCTGTCATCCCT-1,1,ceritinib
Data9_GSM4140331_TAGAGCTGTCTTGCGG-1,1,ceritinib
Data9_GSM4140331_TAGAGCTTCGGACAAG-1,1,ceritinib
Data9_GSM4140331_TAGCCGGAGGCCATAG-1,1,ceritinib
Data9_GSM4140331_TAGCCGGAGGCTCATT-1,1,ceritinib
Data9_GSM4140331_TAGCCGGAGTACGCGA-1,1,ceritinib
Data9_GSM4140331_TAGCCGGAGTTGCAGG-1,1,ceritinib
Data9_GSM4140331_TAGCCGGCAAGGACAC-1,1,ceritinib
Data9_GSM4140331_TAGCCGGCACCATGTA-1,1,ceritinib
Data9_GSM4140331_TAGCCGGCATCTCGCT-1,1,ceritinib
Data9_GSM4140331_TAGCCGGGTGTGGCTC-1,1,ceritinib
Data9_GSM4140331_TAGCCGGGTTCAGTAC-1,1,ceritinib
Data9_GSM4140331_TAGCCGGTCCAAGCCG-1,1,ceritinib
Data9_GSM4140331_TAGCCGGTCCTCCTAG-1,1,ceritinib
Data9_GSM4140331_TAGCCGGTCCTCGCAT-1,1,ceritinib
Data9_GSM4140331_TAGCCGGTCTACCAGA-1,1,ceritinib
Data9_GSM4140331_TAGGCATAGCGTGAGT-1,1,ceritinib
Data9_GSM4140331_TAGGCATGTACAGTGG-1,1,ceritinib
Data9_GSM4140331_TAGGCATTCTAACTTC-1,1,ceritinib
Data9_GSM4140331_TAGTGGTAGGGATGGG-1,1,ceritinib
Data9_GSM4140331_TAGTGGTAGTAAGTAC-1,1,ceritinib
Data9_GSM4140331_TAGTGGTGTCAACATC-1,1,ceritinib
Data9_GSM4140331_TAGTGGTGTTATGTGC-1,1,ceritinib
Data9_GSM4140331_TAGTTGGCACCTGGTG-1,1,ceritinib
Data9_GSM4140331_TAGTTGGCAGTGGAGT-1,1,ceritinib
Data9_GSM4140331_TAGTTGGCATGTTCCC-1,1,ceritinib
Data9_GSM4140331_TAGTTGGGTATGAAAC-1,1,ceritinib
Data9_GSM4140331_TAGTTGGTCACAACGT-1,1,ceritinib
Data9_GSM4140331_TAGTTGGTCTCGAGTA-1,1,ceritinib
Data9_GSM4140331_TATCAGGCAGCGTCCA-1,1,ceritinib
Data9_GSM4140331_TATCAGGCAGTGACAG-1,1,ceritinib
Data9_GSM4140331_TATCAGGCATCACGAT-1,1,ceritinib
Data9_GSM4140331_TATCAGGGTAGGCATG-1,1,ceritinib
Data9_GSM4140331_TATCAGGGTCGAGATG-1,1,ceritinib
Data9_GSM4140331_TATCAGGGTGAGGGTT-1,1,ceritinib
Data9_GSM4140331_TATCTCACACCAGATT-1,1,ceritinib
Data9_GSM4140331_TATCTCACATAACCTG-1,1,ceritinib
Data9_GSM4140331_TATCTCAGTCCAGTTA-1,1,ceritinib
Data9_GSM4140331_TATCTCAGTGATGTCT-1,1,ceritinib
Data9_GSM4140331_TATGCCCCAAGGTGTG-1,1,ceritinib
Data9_GSM4140331_TATGCCCCATACCATG-1,1,ceritinib
Data9_GSM4140331_TATGCCCCATTGGTAC-1,1,ceritinib
Data9_GSM4140331_TATGCCCGTAGGACAC-1,1,ceritinib
Data9_GSM4140331_TATGCCCGTGATAAAC-1,1,ceritinib
Data9_GSM4140331_TATTACCCACGGTTTA-1,1,ceritinib
Data9_GSM4140331_TATTACCCATCCGTGG-1,1,ceritinib
Data9_GSM4140331_TATTACCGTTGTGGAG-1,1,ceritinib
Data9_GSM4140331_TCAACGAAGACTTTCG-1,1,ceritinib
Data9_GSM4140331_TCAACGACAACGATCT-1,1,ceritinib
Data9_GSM4140331_TCAACGAGTAGGAGTC-1,1,ceritinib
Data9_GSM4140331_TCAATCTAGACGACGT-1,1,ceritinib
Data9_GSM4140331_TCAATCTAGCACACAG-1,1,ceritinib
Data9_GSM4140331_TCAATCTCATGATCCA-1,1,ceritinib
Data9_GSM4140331_TCAATCTTCTTATCTG-1,1,ceritinib
Data9_GSM4140331_TCACAAGAGCTAGCCC-1,1,ceritinib
Data9_GSM4140331_TCACAAGCAATGACCT-1,1,ceritinib
Data9_GSM4140331_TCACAAGCAGGTCGTC-1,1,ceritinib
Data9_GSM4140331_TCACAAGCATTCCTCG-1,1,ceritinib
Data9_GSM4140331_TCACAAGTCCCTCAGT-1,1,ceritinib
Data9_GSM4140331_TCACAAGTCCGCAAGC-1,1,ceritinib
Data9_GSM4140331_TCACAAGTCGCCATAA-1,1,ceritinib
Data9_GSM4140331_TCACAAGTCTTACCGC-1,1,ceritinib
Data9_GSM4140331_TCACGAAAGGGAGTAA-1,1,ceritinib
Data9_GSM4140331_TCACGAAAGTACGCCC-1,1,ceritinib
Data9_GSM4140331_TCACGAAAGTGGACGT-1,1,ceritinib
Data9_GSM4140331_TCACGAACACAAGACG-1,1,ceritinib
Data9_GSM4140331_TCACGAAGTCTCCCTA-1,1,ceritinib
Data9_GSM4140331_TCACGAATCGGCCGAT-1,1,ceritinib
Data9_GSM4140331_TCAGATGAGAACTGTA-1,1,ceritinib
Data9_GSM4140331_TCAGATGAGCTCCTCT-1,1,ceritinib
Data9_GSM4140331_TCAGATGCACCCTATC-1,1,ceritinib
Data9_GSM4140331_TCAGATGCATGAACCT-1,1,ceritinib
Data9_GSM4140331_TCAGATGGTATCACCA-1,1,ceritinib
Data9_GSM4140331_TCAGATGGTATTCTCT-1,1,ceritinib
Data9_GSM4140331_TCAGATGTCACTTCAT-1,1,ceritinib
Data9_GSM4140331_TCAGCAAAGTGACATA-1,1,ceritinib
Data9_GSM4140331_TCAGCAAAGTGTCCCG-1,1,ceritinib
Data9_GSM4140331_TCAGCAACAAGGTTCT-1,1,ceritinib
Data9_GSM4140331_TCAGCAATCAACGGCC-1,1,ceritinib
Data9_GSM4140331_TCAGCAATCGGTTCGG-1,1,ceritinib
Data9_GSM4140331_TCAGCTCAGCGAAGGG-1,1,ceritinib
Data9_GSM4140331_TCAGCTCAGGCACATG-1,1,ceritinib
Data9_GSM4140331_TCAGCTCGTAAACGCG-1,1,ceritinib
Data9_GSM4140331_TCAGCTCGTCGCGAAA-1,1,ceritinib
Data9_GSM4140331_TCAGCTCGTTCCATGA-1,1,ceritinib
Data9_GSM4140331_TCAGGATCACCAGATT-1,1,ceritinib
Data9_GSM4140331_TCAGGATCAGGAACGT-1,1,ceritinib
Data9_GSM4140331_TCAGGATCAGTCGTGC-1,1,ceritinib
Data9_GSM4140331_TCAGGATCATCCTTGC-1,1,ceritinib
Data9_GSM4140331_TCAGGTAAGCGATGAC-1,1,ceritinib
Data9_GSM4140331_TCAGGTACACGTAAGG-1,1,ceritinib
Data9_GSM4140331_TCAGGTATCACTATTC-1,1,ceritinib
Data9_GSM4140331_TCAGGTATCGGAGCAA-1,1,ceritinib
Data9_GSM4140331_TCAGGTATCTAACTGG-1,1,ceritinib
Data9_GSM4140331_TCAGGTATCTCCTATA-1,1,ceritinib
Data9_GSM4140331_TCATTACAGGGCTCTC-1,1,ceritinib
Data9_GSM4140331_TCATTACTCGCTTAGA-1,1,ceritinib
Data9_GSM4140331_TCATTTGAGAACTCGG-1,1,ceritinib
Data9_GSM4140331_TCATTTGAGCCCTAAT-1,1,ceritinib
Data9_GSM4140331_TCATTTGCAAGACACG-1,1,ceritinib
Data9_GSM4140331_TCATTTGCACTTCGAA-1,1,ceritinib
Data9_GSM4140331_TCATTTGCAGACAAGC-1,1,ceritinib
Data9_GSM4140331_TCATTTGGTTCAGGCC-1,1,ceritinib
Data9_GSM4140331_TCATTTGTCAGAAATG-1,1,ceritinib
Data9_GSM4140331_TCCACACAGACGACGT-1,1,ceritinib
Data9_GSM4140331_TCCACACAGACTGTAA-1,1,ceritinib
Data9_GSM4140331_TCCACACCAGGAATCG-1,1,ceritinib
Data9_GSM4140331_TCCACACGTAGGACAC-1,1,ceritinib
Data9_GSM4140331_TCCACACTCAATACCG-1,1,ceritinib
Data9_GSM4140331_TCCACACTCTACTTAC-1,1,ceritinib
Data9_GSM4140331_TCCACACTCTTGTTTG-1,1,ceritinib
Data9_GSM4140331_TCCCGATAGAGTACCG-1,1,ceritinib
Data9_GSM4140331_TCCCGATAGCTCCTCT-1,1,ceritinib
Data9_GSM4140331_TCCCGATCAAGTCATC-1,1,ceritinib
Data9_GSM4140331_TCCCGATCAGAAGCAC-1,1,ceritinib
Data9_GSM4140331_TCCCGATGTAACGACG-1,1,ceritinib
Data9_GSM4140331_TCCCGATGTACTCAAC-1,1,ceritinib
Data9_GSM4140331_TCCCGATGTGCACTTA-1,1,ceritinib
Data9_GSM4140331_TCCCGATGTTCTGTTT-1,1,ceritinib
Data9_GSM4140331_TCCCGATTCTAACTGG-1,1,ceritinib
Data9_GSM4140331_TCGAGGCAGCGGCTTC-1,1,ceritinib
Data9_GSM4140331_TCGAGGCCAAAGAATC-1,1,ceritinib
Data9_GSM4140331_TCGAGGCCAAATACAG-1,1,ceritinib
Data9_GSM4140331_TCGAGGCCACGGTAGA-1,1,ceritinib
Data9_GSM4140331_TCGAGGCTCTCTGTCG-1,1,ceritinib
Data9_GSM4140331_TCGCGAGAGTACGCGA-1,1,ceritinib
Data9_GSM4140331_TCGCGAGAGTTCGCAT-1,1,ceritinib
Data9_GSM4140331_TCGCGAGGTACTCTCC-1,1,ceritinib
Data9_GSM4140331_TCGCGAGGTATCACCA-1,1,ceritinib
Data9_GSM4140331_TCGCGAGGTCCCGACA-1,1,ceritinib
Data9_GSM4140331_TCGCGTTAGCGATGAC-1,1,ceritinib
Data9_GSM4140331_TCGCGTTAGTGTTTGC-1,1,ceritinib
Data9_GSM4140331_TCGCGTTCATTGAGCT-1,1,ceritinib
Data9_GSM4140331_TCGCGTTGTACCGTTA-1,1,ceritinib
Data9_GSM4140331_TCGCGTTGTAGCTGCC-1,1,ceritinib
Data9_GSM4140331_TCGCGTTTCGTGGTCG-1,1,ceritinib
Data9_GSM4140331_TCGGGACAGACAGGCT-1,1,ceritinib
Data9_GSM4140331_TCGGGACCAGGATCGA-1,1,ceritinib
Data9_GSM4140331_TCGGGACGTATATGAG-1,1,ceritinib
Data9_GSM4140331_TCGGGACGTCACCCAG-1,1,ceritinib
Data9_GSM4140331_TCGGGACTCACTGGGC-1,1,ceritinib
Data9_GSM4140331_TCGGGACTCTGGTGTA-1,1,ceritinib
Data9_GSM4140331_TCGGTAAAGCTAAACA-1,1,ceritinib
Data9_GSM4140331_TCGGTAAGTCTGCGGT-1,1,ceritinib
Data9_GSM4140331_TCGGTAAGTGAGCGAT-1,1,ceritinib
Data9_GSM4140331_TCGTACCAGGCAAAGA-1,1,ceritinib
Data9_GSM4140331_TCGTACCCACTATCTT-1,1,ceritinib
Data9_GSM4140331_TCGTACCCAGGATTGG-1,1,ceritinib
Data9_GSM4140331_TCGTACCTCCTCGCAT-1,1,ceritinib
Data9_GSM4140331_TCGTAGACAATAGAGT-1,1,ceritinib
Data9_GSM4140331_TCGTAGACAGTGGGAT-1,1,ceritinib
Data9_GSM4140331_TCGTAGAGTAGAGGAA-1,1,ceritinib
Data9_GSM4140331_TCGTAGATCCATGAAC-1,1,ceritinib
Data9_GSM4140331_TCGTAGATCCCTCAGT-1,1,ceritinib
Data9_GSM4140331_TCGTAGATCCTTTACA-1,1,ceritinib
Data9_GSM4140331_TCGTAGATCTTTACGT-1,1,ceritinib
Data9_GSM4140331_TCTATTGCAAAGCGGT-1,1,ceritinib
Data9_GSM4140331_TCTATTGGTAGCTGCC-1,1,ceritinib
Data9_GSM4140331_TCTATTGGTGAGGGAG-1,1,ceritinib
Data9_GSM4140331_TCTATTGTCTCGATGA-1,1,ceritinib
Data9_GSM4140331_TCTCATACATGGTAGG-1,1,ceritinib
Data9_GSM4140331_TCTCATACATTGCGGC-1,1,ceritinib
Data9_GSM4140331_TCTCATAGTCACCCAG-1,1,ceritinib
Data9_GSM4140331_TCTCATAGTGGTCTCG-1,1,ceritinib
Data9_GSM4140331_TCTCATATCTGTCTAT-1,1,ceritinib
Data9_GSM4140331_TCTCTAACACAGATTC-1,1,ceritinib
Data9_GSM4140331_TCTCTAACATCCGGGT-1,1,ceritinib
Data9_GSM4140331_TCTGAGAAGACTTGAA-1,1,ceritinib
Data9_GSM4140331_TCTGAGAAGATGTTAG-1,1,ceritinib
Data9_GSM4140331_TCTGAGAAGCTACCTA-1,1,ceritinib
Data9_GSM4140331_TCTGAGAAGCTTTGGT-1,1,ceritinib
Data9_GSM4140331_TCTGAGAAGGTGATAT-1,1,ceritinib
Data9_GSM4140331_TCTGAGAGTCGCATAT-1,1,ceritinib
Data9_GSM4140331_TCTGGAACATCAGTAC-1,1,ceritinib
Data9_GSM4140331_TCTGGAAGTATTCGTG-1,1,ceritinib
Data9_GSM4140331_TCTGGAATCAACACAC-1,1,ceritinib
Data9_GSM4140331_TCTGGAATCCAAGCCG-1,1,ceritinib
Data9_GSM4140331_TCTTCGGAGACACTAA-1,1,ceritinib
Data9_GSM4140331_TCTTCGGAGATGGCGT-1,1,ceritinib
Data9_GSM4140331_TCTTCGGCACAGGTTT-1,1,ceritinib
Data9_GSM4140331_TCTTCGGGTCAGCTAT-1,1,ceritinib
Data9_GSM4140331_TCTTCGGTCCATGCTC-1,1,ceritinib
Data9_GSM4140331_TCTTTCCGTTCCACAA-1,1,ceritinib
Data9_GSM4140331_TCTTTCCTCACTATTC-1,1,ceritinib
Data9_GSM4140331_TCTTTCCTCTTGCCGT-1,1,ceritinib
Data9_GSM4140331_TGAAAGAAGGTTACCT-1,1,ceritinib
Data9_GSM4140331_TGAAAGAAGTACACCT-1,1,ceritinib
Data9_GSM4140331_TGAAAGACAATCGGTT-1,1,ceritinib
Data9_GSM4140331_TGAAAGATCAGTGCAT-1,1,ceritinib
Data9_GSM4140331_TGAAAGATCGGTGTCG-1,1,ceritinib
Data9_GSM4140331_TGACAACCATGCAACT-1,1,ceritinib
Data9_GSM4140331_TGACGGCAGTAAGTAC-1,1,ceritinib
Data9_GSM4140331_TGACTAGAGCGCCTCA-1,1,ceritinib
Data9_GSM4140331_TGACTAGCAATGACCT-1,1,ceritinib
Data9_GSM4140331_TGACTAGCAGTATCTG-1,1,ceritinib
Data9_GSM4140331_TGACTAGCATCCGCGA-1,1,ceritinib
Data9_GSM4140331_TGACTAGCATGGTCAT-1,1,ceritinib
Data9_GSM4140331_TGACTAGGTCATGCCG-1,1,ceritinib
Data9_GSM4140331_TGACTTTAGAGGTAGA-1,1,ceritinib
Data9_GSM4140331_TGACTTTAGTGGAGAA-1,1,ceritinib
Data9_GSM4140331_TGACTTTAGTGTTTGC-1,1,ceritinib
Data9_GSM4140331_TGACTTTCACCTATCC-1,1,ceritinib
Data9_GSM4140331_TGACTTTGTCCAGTAT-1,1,ceritinib
Data9_GSM4140331_TGACTTTTCTGCGTAA-1,1,ceritinib
Data9_GSM4140331_TGAGAGGAGACTAGAT-1,1,ceritinib
Data9_GSM4140331_TGAGAGGAGACTCGGA-1,1,ceritinib
Data9_GSM4140331_TGAGAGGAGGGTTCCC-1,1,ceritinib
Data9_GSM4140331_TGAGAGGCAGGATCGA-1,1,ceritinib
Data9_GSM4140331_TGAGCATCAAGCTGTT-1,1,ceritinib
Data9_GSM4140331_TGAGCATCAGCGATCC-1,1,ceritinib
Data9_GSM4140331_TGAGCATGTCGACTGC-1,1,ceritinib
Data9_GSM4140331_TGAGCATTCAGCTGGC-1,1,ceritinib
Data9_GSM4140331_TGAGCCGCAAACTGCT-1,1,ceritinib
Data9_GSM4140331_TGAGCCGCATGTTCCC-1,1,ceritinib
Data9_GSM4140331_TGAGCCGGTCCCTACT-1,1,ceritinib
Data9_GSM4140331_TGAGGGAAGATGCGAC-1,1,ceritinib
Data9_GSM4140331_TGAGGGAAGTGTGGCA-1,1,ceritinib
Data9_GSM4140331_TGAGGGATCGAACGGA-1,1,ceritinib
Data9_GSM4140331_TGAGGGATCGTTTGCC-1,1,ceritinib
Data9_GSM4140331_TGATTTCAGCCACCTG-1,1,ceritinib
Data9_GSM4140331_TGATTTCCACATCCGG-1,1,ceritinib
Data9_GSM4140331_TGATTTCCAGTATCTG-1,1,ceritinib
Data9_GSM4140331_TGATTTCCATATGAGA-1,1,ceritinib
Data9_GSM4140331_TGATTTCGTTCTCATT-1,1,ceritinib
Data9_GSM4140331_TGATTTCTCTCTTGAT-1,1,ceritinib
Data9_GSM4140331_TGCACCTAGTGGACGT-1,1,ceritinib
Data9_GSM4140331_TGCACCTCAGCCTTGG-1,1,ceritinib
Data9_GSM4140331_TGCACCTGTCTGCGGT-1,1,ceritinib
Data9_GSM4140331_TGCACCTGTGACCAAG-1,1,ceritinib
Data9_GSM4140331_TGCCAAAAGAAGGCCT-1,1,ceritinib
Data9_GSM4140331_TGCCAAAAGATCGGGT-1,1,ceritinib
Data9_GSM4140331_TGCCAAAAGCACCGTC-1,1,ceritinib
Data9_GSM4140331_TGCCAAACAGCTCGAC-1,1,ceritinib
Data9_GSM4140331_TGCCAAATCATGTCTT-1,1,ceritinib
Data9_GSM4140331_TGCCAAATCCCAACGG-1,1,ceritinib
Data9_GSM4140331_TGCCAAATCGATAGAA-1,1,ceritinib
Data9_GSM4140331_TGCCCATAGTTTAGGA-1,1,ceritinib
Data9_GSM4140331_TGCCCATCATCACCCT-1,1,ceritinib
Data9_GSM4140331_TGCCCATCATGGTTGT-1,1,ceritinib
Data9_GSM4140331_TGCCCATGTATATGGA-1,1,ceritinib
Data9_GSM4140331_TGCCCATGTCCGTGAC-1,1,ceritinib
Data9_GSM4140331_TGCCCATGTCTGCCAG-1,1,ceritinib
Data9_GSM4140331_TGCCCATTCATCGGAT-1,1,ceritinib
Data9_GSM4140331_TGCCCATTCTTCGGTC-1,1,ceritinib
Data9_GSM4140331_TGCCCTACACAGTCGC-1,1,ceritinib
Data9_GSM4140331_TGCCCTACATCGGTTA-1,1,ceritinib
Data9_GSM4140331_TGCCCTAGTAGGCATG-1,1,ceritinib
Data9_GSM4140331_TGCCCTAGTCAGTGGA-1,1,ceritinib
Data9_GSM4140331_TGCCCTAGTTATGCGT-1,1,ceritinib
Data9_GSM4140331_TGCCCTATCGTGGTCG-1,1,ceritinib
Data9_GSM4140331_TGCGCAGGTTAAGATG-1,1,ceritinib
Data9_GSM4140331_TGCGCAGTCACGATGT-1,1,ceritinib
Data9_GSM4140331_TGCGCAGTCCCTCTTT-1,1,ceritinib
Data9_GSM4140331_TGCGGGTAGTACTTGC-1,1,ceritinib
Data9_GSM4140331_TGCGGGTCATGTTGAC-1,1,ceritinib
Data9_GSM4140331_TGCGGGTCATTAGCCA-1,1,ceritinib
Data9_GSM4140331_TGCGTGGAGCACCGTC-1,1,ceritinib
Data9_GSM4140331_TGCGTGGGTCGATTGT-1,1,ceritinib
Data9_GSM4140331_TGCGTGGTCCCATTAT-1,1,ceritinib
Data9_GSM4140331_TGCGTGGTCTCGCTTG-1,1,ceritinib
Data9_GSM4140331_TGCTACCCATACGCCG-1,1,ceritinib
Data9_GSM4140331_TGCTACCGTCATGCCG-1,1,ceritinib
Data9_GSM4140331_TGCTACCGTGCATCTA-1,1,ceritinib
Data9_GSM4140331_TGCTACCTCGGATGTT-1,1,ceritinib
Data9_GSM4140331_TGCTACCTCTTGAGAC-1,1,ceritinib
Data9_GSM4140331_TGCTGCTCAATAACGA-1,1,ceritinib
Data9_GSM4140331_TGCTGCTCAGGATTGG-1,1,ceritinib
Data9_GSM4140331_TGCTGCTCAGGTGCCT-1,1,ceritinib
Data9_GSM4140331_TGCTGCTGTGGAAAGA-1,1,ceritinib
Data9_GSM4140331_TGCTGCTTCCTAAGTG-1,1,ceritinib
Data9_GSM4140331_TGCTGCTTCCTTGACC-1,1,ceritinib
Data9_GSM4140331_TGGACGCAGAGCAATT-1,1,ceritinib
Data9_GSM4140331_TGGACGCAGCAATCTC-1,1,ceritinib
Data9_GSM4140331_TGGACGCAGCGTTCCG-1,1,ceritinib
Data9_GSM4140331_TGGACGCTCTTGCATT-1,1,ceritinib
Data9_GSM4140331_TGGCCAGAGGAATTAC-1,1,ceritinib
Data9_GSM4140331_TGGCCAGCATACTCTT-1,1,ceritinib
Data9_GSM4140331_TGGCCAGGTTATTCTC-1,1,ceritinib
Data9_GSM4140331_TGGCCAGTCACTGGGC-1,1,ceritinib
Data9_GSM4140331_TGGCGCAAGAGCCCAA-1,1,ceritinib
Data9_GSM4140331_TGGCGCACAGTCAGCC-1,1,ceritinib
Data9_GSM4140331_TGGCGCATCTGAGTGT-1,1,ceritinib
Data9_GSM4140331_TGGCTGGCAGACGCCT-1,1,ceritinib
Data9_GSM4140331_TGGCTGGGTTAAGACA-1,1,ceritinib
Data9_GSM4140331_TGGCTGGTCAGGCCCA-1,1,ceritinib
Data9_GSM4140331_TGGGAAGAGACTGTAA-1,1,ceritinib
Data9_GSM4140331_TGGGAAGAGTCCCACG-1,1,ceritinib
Data9_GSM4140331_TGGGAAGGTAAACACA-1,1,ceritinib
Data9_GSM4140331_TGGGCGTAGATGTCGG-1,1,ceritinib
Data9_GSM4140331_TGGGCGTCAATAACGA-1,1,ceritinib
Data9_GSM4140331_TGGGCGTTCCTTTCTC-1,1,ceritinib
Data9_GSM4140331_TGGTTAGAGCACGCCT-1,1,ceritinib
Data9_GSM4140331_TGGTTAGCAAACCTAC-1,1,ceritinib
Data9_GSM4140331_TGGTTAGCAGCATACT-1,1,ceritinib
Data9_GSM4140331_TGGTTAGGTAAGTGTA-1,1,ceritinib
Data9_GSM4140331_TGGTTAGGTTCCCTTG-1,1,ceritinib
Data9_GSM4140331_TGGTTCCAGAACAATC-1,1,ceritinib
Data9_GSM4140331_TGGTTCCAGATCGGGT-1,1,ceritinib
Data9_GSM4140331_TGGTTCCCACGGCCAT-1,1,ceritinib
Data9_GSM4140331_TGGTTCCCACTTGGAT-1,1,ceritinib
Data9_GSM4140331_TGGTTCCCAGATTGCT-1,1,ceritinib
Data9_GSM4140331_TGGTTCCCATTCGACA-1,1,ceritinib
Data9_GSM4140331_TGGTTCCGTATATCCG-1,1,ceritinib
Data9_GSM4140331_TGGTTCCGTTTGTTTC-1,1,ceritinib
Data9_GSM4140331_TGGTTCCTCAACGAAA-1,1,ceritinib
Data9_GSM4140331_TGGTTCCTCCAGATCA-1,1,ceritinib
Data9_GSM4140331_TGGTTCCTCCGCATAA-1,1,ceritinib
Data9_GSM4140331_TGTATTCAGAAAGTGG-1,1,ceritinib
Data9_GSM4140331_TGTATTCGTTCTGGTA-1,1,ceritinib
Data9_GSM4140331_TGTATTCTCGCGCCAA-1,1,ceritinib
Data9_GSM4140331_TGTCCCACACCAGCAC-1,1,ceritinib
Data9_GSM4140331_TGTCCCACACTTCGAA-1,1,ceritinib
Data9_GSM4140331_TGTGGTAAGACAGACC-1,1,ceritinib
Data9_GSM4140331_TGTGGTAAGCGAGAAA-1,1,ceritinib
Data9_GSM4140331_TGTGGTAAGTGTTGAA-1,1,ceritinib
Data9_GSM4140331_TGTGGTACAAACTGTC-1,1,ceritinib
Data9_GSM4140331_TGTGGTACACAGGAGT-1,1,ceritinib
Data9_GSM4140331_TGTGGTAGTGTTGAGG-1,1,ceritinib
Data9_GSM4140331_TGTGGTATCAACCAAC-1,1,ceritinib
Data9_GSM4140331_TGTGGTATCAGTTGAC-1,1,ceritinib
Data9_GSM4140331_TGTGGTATCGTGGGAA-1,1,ceritinib
Data9_GSM4140331_TGTGGTATCTCTAAGG-1,1,ceritinib
Data9_GSM4140331_TGTGTTTAGCCGATTT-1,1,ceritinib
Data9_GSM4140331_TGTGTTTCAAGTCTAC-1,1,ceritinib
Data9_GSM4140331_TGTGTTTGTAACGTTC-1,1,ceritinib
Data9_GSM4140331_TGTGTTTTCAGCTGGC-1,1,ceritinib
Data9_GSM4140331_TGTTCCGAGCGGATCA-1,1,ceritinib
Data9_GSM4140331_TGTTCCGTCTATCCCG-1,1,ceritinib
Data9_GSM4140331_TGTTCCGTCTGGGCCA-1,1,ceritinib
Data9_GSM4140331_TTAACTCGTGTTGAGG-1,1,ceritinib
Data9_GSM4140331_TTAACTCGTTGTGGCC-1,1,ceritinib
Data9_GSM4140331_TTAACTCTCTAACTCT-1,1,ceritinib
Data9_GSM4140331_TTAGGACAGCCCAACC-1,1,ceritinib
Data9_GSM4140331_TTAGGACCAGCTGGCT-1,1,ceritinib
Data9_GSM4140331_TTAGGACCAGTCAGCC-1,1,ceritinib
Data9_GSM4140331_TTAGGACCATCTACGA-1,1,ceritinib
Data9_GSM4140331_TTAGGACCATTGCGGC-1,1,ceritinib
Data9_GSM4140331_TTAGGACGTCAGAGGT-1,1,ceritinib
Data9_GSM4140331_TTAGGCAAGTATGACA-1,1,ceritinib
Data9_GSM4140331_TTAGGCAGTGTGACGA-1,1,ceritinib
Data9_GSM4140331_TTAGGCATCAAGCCTA-1,1,ceritinib
Data9_GSM4140331_TTAGGCATCCAACCAA-1,1,ceritinib
Data9_GSM4140331_TTAGGCATCTCTAGGA-1,1,ceritinib
Data9_GSM4140331_TTAGTTCAGGAACTGC-1,1,ceritinib
Data9_GSM4140331_TTATGCTAGATCACGG-1,1,ceritinib
Data9_GSM4140331_TTATGCTAGCGGCTTC-1,1,ceritinib
Data9_GSM4140331_TTATGCTAGGTGTTAA-1,1,ceritinib
Data9_GSM4140331_TTATGCTAGTTACGGG-1,1,ceritinib
Data9_GSM4140331_TTATGCTTCATAACCG-1,1,ceritinib
Data9_GSM4140331_TTATGCTTCGGCCGAT-1,1,ceritinib
Data9_GSM4140331_TTCCCAGAGAGCCTAG-1,1,ceritinib
Data9_GSM4140331_TTCCCAGCAACTGCGC-1,1,ceritinib
Data9_GSM4140331_TTCCCAGCAGCGTAAG-1,1,ceritinib
Data9_GSM4140331_TTCCCAGTCAAAGTAG-1,1,ceritinib
Data9_GSM4140331_TTCCCAGTCACATACG-1,1,ceritinib
Data9_GSM4140331_TTCGAAGAGCAGCCTC-1,1,ceritinib
Data9_GSM4140331_TTCGAAGAGCCAGTTT-1,1,ceritinib
Data9_GSM4140331_TTCGAAGCAGATTGCT-1,1,ceritinib
Data9_GSM4140331_TTCGAAGGTCCGACGT-1,1,ceritinib
Data9_GSM4140331_TTCGAAGGTCTCTCGT-1,1,ceritinib
Data9_GSM4140331_TTCGAAGTCGTATCAG-1,1,ceritinib
Data9_GSM4140331_TTCGGTCAGAAACGCC-1,1,ceritinib
Data9_GSM4140331_TTCGGTCAGCCACCTG-1,1,ceritinib
Data9_GSM4140331_TTCGGTCAGCTACCGC-1,1,ceritinib
Data9_GSM4140331_TTCGGTCAGTGCAAGC-1,1,ceritinib
Data9_GSM4140331_TTCGGTCTCTACGAGT-1,1,ceritinib
Data9_GSM4140331_TTCTACAAGAGGACGG-1,1,ceritinib
Data9_GSM4140331_TTCTACAAGCTGCAAG-1,1,ceritinib
Data9_GSM4140331_TTCTACACAAGCCATT-1,1,ceritinib
Data9_GSM4140331_TTCTACACATGAACCT-1,1,ceritinib
Data9_GSM4140331_TTCTCAAAGAACAACT-1,1,ceritinib
Data9_GSM4140331_TTCTCAAAGGTTCCTA-1,1,ceritinib
Data9_GSM4140331_TTCTCAACACAGATTC-1,1,ceritinib
Data9_GSM4140331_TTCTCAAGTCTTGATG-1,1,ceritinib
Data9_GSM4140331_TTCTCAATCCAATGGT-1,1,ceritinib
Data9_GSM4140331_TTCTCAATCGGCGCAT-1,1,ceritinib
Data9_GSM4140331_TTCTCCTAGCTGTTCA-1,1,ceritinib
Data9_GSM4140331_TTCTCCTCACTGAAGG-1,1,ceritinib
Data9_GSM4140331_TTCTCCTGTAGGCTGA-1,1,ceritinib
Data9_GSM4140331_TTCTCCTGTATATGGA-1,1,ceritinib
Data9_GSM4140331_TTCTTAGAGGTCATCT-1,1,ceritinib
Data9_GSM4140331_TTCTTAGCATGAACCT-1,1,ceritinib
Data9_GSM4140331_TTCTTAGGTATTCGTG-1,1,ceritinib
Data9_GSM4140331_TTCTTAGTCAACGGGA-1,1,ceritinib
Data9_GSM4140331_TTCTTAGTCAGTCCCT-1,1,ceritinib
Data9_GSM4140331_TTCTTAGTCGGAATCT-1,1,ceritinib
Data9_GSM4140331_TTGAACGAGGTAAACT-1,1,ceritinib
Data9_GSM4140331_TTGAACGAGGTGCTTT-1,1,ceritinib
Data9_GSM4140331_TTGAACGCAGGATCGA-1,1,ceritinib
Data9_GSM4140331_TTGAACGGTACACCGC-1,1,ceritinib
Data9_GSM4140331_TTGAACGGTCAGAATA-1,1,ceritinib
Data9_GSM4140331_TTGAACGGTCAGTGGA-1,1,ceritinib
Data9_GSM4140331_TTGAACGTCATCATTC-1,1,ceritinib
Data9_GSM4140331_TTGACTTAGGGCTCTC-1,1,ceritinib
Data9_GSM4140331_TTGACTTCATCCTAGA-1,1,ceritinib
Data9_GSM4140331_TTGACTTTCACCACCT-1,1,ceritinib
Data9_GSM4140331_TTGCCGTAGCCGGTAA-1,1,ceritinib
Data9_GSM4140331_TTGCCGTCACGCCAGT-1,1,ceritinib
Data9_GSM4140331_TTGCCGTGTCATTAGC-1,1,ceritinib
Data9_GSM4140331_TTGCCGTGTTACGCGC-1,1,ceritinib
Data9_GSM4140331_TTGCCGTGTTCCACGG-1,1,ceritinib
Data9_GSM4140331_TTGCCGTGTTTAGCTG-1,1,ceritinib
Data9_GSM4140331_TTGCCGTTCGTGGGAA-1,1,ceritinib
Data9_GSM4140331_TTGCGTCAGCGTCTAT-1,1,ceritinib
Data9_GSM4140331_TTGCGTCCACTAGTAC-1,1,ceritinib
Data9_GSM4140331_TTGCGTCGTATCACCA-1,1,ceritinib
Data9_GSM4140331_TTGCGTCTCAATCTCT-1,1,ceritinib
Data9_GSM4140331_TTGGAACAGACTAAGT-1,1,ceritinib
Data9_GSM4140331_TTGGAACAGACTTGAA-1,1,ceritinib
Data9_GSM4140331_TTGGAACAGTGTCCAT-1,1,ceritinib
Data9_GSM4140331_TTGGAACAGTTCGATC-1,1,ceritinib
Data9_GSM4140331_TTGGAACCACTATCTT-1,1,ceritinib
Data9_GSM4140331_TTGGAACCATGGTTGT-1,1,ceritinib
Data9_GSM4140331_TTGGAACCATGTTCCC-1,1,ceritinib
Data9_GSM4140331_TTGGAACCATTCTCAT-1,1,ceritinib
Data9_GSM4140331_TTGGCAAAGCGGATCA-1,1,ceritinib
Data9_GSM4140331_TTGGCAACAAGCCGCT-1,1,ceritinib
Data9_GSM4140331_TTGGCAACACATCTTT-1,1,ceritinib
Data9_GSM4140331_TTGGCAACACCAGATT-1,1,ceritinib
Data9_GSM4140331_TTGGCAACACCTGGTG-1,1,ceritinib
Data9_GSM4140331_TTGGCAAGTAGGGTAC-1,1,ceritinib
Data9_GSM4140331_TTGTAGGAGAACTGTA-1,1,ceritinib
Data9_GSM4140331_TTGTAGGAGGCGACAT-1,1,ceritinib
Data9_GSM4140331_TTGTAGGCACCAGATT-1,1,ceritinib
Data9_GSM4140331_TTGTAGGCACGGATAG-1,1,ceritinib
Data9_GSM4140331_TTGTAGGGTCACTTCC-1,1,ceritinib
Data9_GSM4140331_TTGTAGGTCCGTTGTC-1,1,ceritinib
Data9_GSM4140331_TTTACTGAGATTACCC-1,1,ceritinib
Data9_GSM4140331_TTTACTGAGCACCGCT-1,1,ceritinib
Data9_GSM4140331_TTTACTGAGCCGTCGT-1,1,ceritinib
Data9_GSM4140331_TTTACTGAGTGTGGCA-1,1,ceritinib
Data9_GSM4140331_TTTACTGCAAAGGAAG-1,1,ceritinib
Data9_GSM4140331_TTTACTGCACACTGCG-1,1,ceritinib
Data9_GSM4140331_TTTACTGCATCTCGCT-1,1,ceritinib
Data9_GSM4140331_TTTACTGTCTCAACTT-1,1,ceritinib
Data9_GSM4140331_TTTATGCAGGAGTTTA-1,1,ceritinib
Data9_GSM4140331_TTTATGCCAATAGCGG-1,1,ceritinib
Data9_GSM4140331_TTTATGCCACAAGTAA-1,1,ceritinib
Data9_GSM4140331_TTTATGCCAGCTGTGC-1,1,ceritinib
Data9_GSM4140331_TTTATGCCAGTATGCT-1,1,ceritinib
Data9_GSM4140331_TTTATGCGTAGAAGGA-1,1,ceritinib
Data9_GSM4140331_TTTATGCGTGACCAAG-1,1,ceritinib
Data9_GSM4140331_TTTCCTCAGTGGTAAT-1,1,ceritinib
Data9_GSM4140331_TTTCCTCGTCCAACTA-1,1,ceritinib
Data9_GSM4140331_TTTCCTCGTTTAGGAA-1,1,ceritinib
Data9_GSM4140331_TTTCCTCTCCTTAATC-1,1,ceritinib
Data9_GSM4140331_TTTCCTCTCGTCCGTT-1,1,ceritinib
Data9_GSM4140331_TTTGCGCAGGCATGGT-1,1,ceritinib
Data9_GSM4140331_TTTGCGCAGGCTAGAC-1,1,ceritinib
Data9_GSM4140331_TTTGCGCAGGGCATGT-1,1,ceritinib
Data9_GSM4140331_TTTGCGCAGTCACGCC-1,1,ceritinib
Data9_GSM4140331_TTTGCGCCATAGAAAC-1,1,ceritinib
Data9_GSM4140331_TTTGCGCGTTGAGGTG-1,1,ceritinib
Data9_GSM4140331_TTTGCGCTCAGTCAGT-1,1,ceritinib
Data9_GSM4140331_TTTGCGCTCGGCTTGG-1,1,ceritinib
Data9_GSM4140331_TTTGGTTCAATCCGAT-1,1,ceritinib
Data9_GSM4140331_TTTGGTTCACGGATAG-1,1,ceritinib
Data9_GSM4140331_TTTGGTTCAGTATCTG-1,1,ceritinib
Data9_GSM4140331_TTTGGTTCATCTATGG-1,1,ceritinib
Data9_GSM4140331_TTTGTCAAGACTACAA-1,1,ceritinib
Data9_GSM4140331_TTTGTCACACCTCGGA-1,1,ceritinib
Data9_GSM4140331_TTTGTCACACGGCTAC-1,1,ceritinib
Data9_GSM4140331_TTTGTCAGTCGGCATC-1,1,ceritinib
Data9_GSM4140331_TTTGTCATCTGGTTCC-1,1,ceritinib
Data9_GSM4140332_AAACCTGAGATCGGGT-1,0,ceritinib
Data9_GSM4140332_AAACCTGCAAGCTGAG-1,0,ceritinib
Data9_GSM4140332_AAACCTGCACTATCTT-1,0,ceritinib
Data9_GSM4140332_AAACCTGCAGCATACT-1,0,ceritinib
Data9_GSM4140332_AAACCTGCATGCCCGA-1,0,ceritinib
Data9_GSM4140332_AAACCTGCATGTTGAC-1,0,ceritinib
Data9_GSM4140332_AAACCTGGTCTAGTCA-1,0,ceritinib
Data9_GSM4140332_AAACCTGGTTAAGTAG-1,0,ceritinib
Data9_GSM4140332_AAACCTGTCCCTTGTG-1,0,ceritinib
Data9_GSM4140332_AAACCTGTCGCCCTTA-1,0,ceritinib
Data9_GSM4140332_AAACCTGTCTCCTATA-1,0,ceritinib
Data9_GSM4140332_AAACGGGAGACAAGCC-1,0,ceritinib
Data9_GSM4140332_AAACGGGAGGTGATTA-1,0,ceritinib
Data9_GSM4140332_AAACGGGAGTTGCAGG-1,0,ceritinib
Data9_GSM4140332_AAACGGGCACCAACCG-1,0,ceritinib
Data9_GSM4140332_AAACGGGGTATATGAG-1,0,ceritinib
Data9_GSM4140332_AAACGGGGTGAACCTT-1,0,ceritinib
Data9_GSM4140332_AAACGGGGTGCACTTA-1,0,ceritinib
Data9_GSM4140332_AAACGGGGTGCGGTAA-1,0,ceritinib
Data9_GSM4140332_AAACGGGTCACTTACT-1,0,ceritinib
Data9_GSM4140332_AAACGGGTCAGAAATG-1,0,ceritinib
Data9_GSM4140332_AAACGGGTCCAAAGTC-1,0,ceritinib
Data9_GSM4140332_AAACGGGTCCACTCCA-1,0,ceritinib
Data9_GSM4140332_AAACGGGTCCCTTGCA-1,0,ceritinib
Data9_GSM4140332_AAACGGGTCCTAGTGA-1,0,ceritinib
Data9_GSM4140332_AAAGATGAGAAGGACA-1,0,ceritinib
Data9_GSM4140332_AAAGATGAGGGAGTAA-1,0,ceritinib
Data9_GSM4140332_AAAGATGAGGTCATCT-1,0,ceritinib
Data9_GSM4140332_AAAGATGGTCCGACGT-1,0,ceritinib
Data9_GSM4140332_AAAGATGTCCTTGGTC-1,0,ceritinib
Data9_GSM4140332_AAAGATGTCGAACTGT-1,0,ceritinib
Data9_GSM4140332_AAAGATGTCGAATCCA-1,0,ceritinib
Data9_GSM4140332_AAAGATGTCGGCTTGG-1,0,ceritinib
Data9_GSM4140332_AAAGCAAAGAAGGACA-1,0,ceritinib
Data9_GSM4140332_AAAGCAAAGTCGATAA-1,0,ceritinib
Data9_GSM4140332_AAAGCAAAGTTACGGG-1,0,ceritinib
Data9_GSM4140332_AAAGCAACAACGCACC-1,0,ceritinib
Data9_GSM4140332_AAAGCAACAGTTCCCT-1,0,ceritinib
Data9_GSM4140332_AAAGCAAGTAATAGCA-1,0,ceritinib
Data9_GSM4140332_AAAGCAAGTATATGAG-1,0,ceritinib
Data9_GSM4140332_AAAGCAAGTCGTCTTC-1,0,ceritinib
Data9_GSM4140332_AAAGCAAGTTACGACT-1,0,ceritinib
Data9_GSM4140332_AAAGCAAGTTATGCGT-1,0,ceritinib
Data9_GSM4140332_AAAGCAATCCGAACGC-1,0,ceritinib
Data9_GSM4140332_AAAGTAGCAAGACGTG-1,0,ceritinib
Data9_GSM4140332_AAAGTAGCAGACTCGC-1,0,ceritinib
Data9_GSM4140332_AAAGTAGGTCATATGC-1,0,ceritinib
Data9_GSM4140332_AAAGTAGTCCGTACAA-1,0,ceritinib
Data9_GSM4140332_AAAGTAGTCTAACTCT-1,0,ceritinib
Data9_GSM4140332_AAAGTAGTCTGCGGCA-1,0,ceritinib
Data9_GSM4140332_AAATGCCAGAGCTATA-1,0,ceritinib
Data9_GSM4140332_AAATGCCAGGCAAAGA-1,0,ceritinib
Data9_GSM4140332_AAATGCCAGTAAGTAC-1,0,ceritinib
Data9_GSM4140332_AAATGCCCACCAACCG-1,0,ceritinib
Data9_GSM4140332_AAATGCCCACTGAAGG-1,0,ceritinib
Data9_GSM4140332_AAATGCCCAGATCCAT-1,0,ceritinib
Data9_GSM4140332_AAATGCCCAGTTCATG-1,0,ceritinib
Data9_GSM4140332_AAATGCCCATCGTCGG-1,0,ceritinib
Data9_GSM4140332_AAATGCCGTAATCGTC-1,0,ceritinib
Data9_GSM4140332_AAATGCCGTGCGATAG-1,0,ceritinib
Data9_GSM4140332_AAATGCCGTGTGACGA-1,0,ceritinib
Data9_GSM4140332_AAATGCCGTTCATGGT-1,0,ceritinib
Data9_GSM4140332_AAATGCCGTTCTCATT-1,0,ceritinib
Data9_GSM4140332_AAATGCCTCCGAACGC-1,0,ceritinib
Data9_GSM4140332_AAATGCCTCGTCTGCT-1,0,ceritinib
Data9_GSM4140332_AACACGTAGAAACGCC-1,0,ceritinib
Data9_GSM4140332_AACACGTAGAGTAAGG-1,0,ceritinib
Data9_GSM4140332_AACACGTAGCCACGTC-1,0,ceritinib
Data9_GSM4140332_AACACGTAGGATGGTC-1,0,ceritinib
Data9_GSM4140332_AACACGTAGTGTACGG-1,0,ceritinib
Data9_GSM4140332_AACACGTCACTCGACG-1,0,ceritinib
Data9_GSM4140332_AACACGTCATCACGTA-1,0,ceritinib
Data9_GSM4140332_AACACGTCATGCCTAA-1,0,ceritinib
Data9_GSM4140332_AACACGTGTAAATGAC-1,0,ceritinib
Data9_GSM4140332_AACACGTGTACGACCC-1,0,ceritinib
Data9_GSM4140332_AACACGTGTCAACATC-1,0,ceritinib
Data9_GSM4140332_AACACGTGTCACCTAA-1,0,ceritinib
Data9_GSM4140332_AACACGTTCGTTACGA-1,0,ceritinib
Data9_GSM4140332_AACCATGAGACCCACC-1,0,ceritinib
Data9_GSM4140332_AACCATGAGCTGCAAG-1,0,ceritinib
Data9_GSM4140332_AACCATGAGGACAGAA-1,0,ceritinib
Data9_GSM4140332_AACCATGAGTCTCAAC-1,0,ceritinib
Data9_GSM4140332_AACCATGAGTTCCACA-1,0,ceritinib
Data9_GSM4140332_AACCATGCATGAACCT-1,0,ceritinib
Data9_GSM4140332_AACCATGTCGCACTCT-1,0,ceritinib
Data9_GSM4140332_AACCATGTCTCGCTTG-1,0,ceritinib
Data9_GSM4140332_AACCATGTCTGTCTCG-1,0,ceritinib
Data9_GSM4140332_AACCGCGAGGTAGCCA-1,0,ceritinib
Data9_GSM4140332_AACCGCGCAGCGTTCG-1,0,ceritinib
Data9_GSM4140332_AACCGCGCATGGGACA-1,0,ceritinib
Data9_GSM4140332_AACCGCGGTTACTGAC-1,0,ceritinib
Data9_GSM4140332_AACCGCGTCACAAACC-1,0,ceritinib
Data9_GSM4140332_AACCGCGTCCGTCATC-1,0,ceritinib
Data9_GSM4140332_AACCGCGTCTAACGGT-1,0,ceritinib
Data9_GSM4140332_AACCGCGTCTTCCTTC-1,0,ceritinib
Data9_GSM4140332_AACCGCGTCTTCTGGC-1,0,ceritinib
Data9_GSM4140332_AACGTTGAGAGGGATA-1,0,ceritinib
Data9_GSM4140332_AACGTTGAGCTGCCCA-1,0,ceritinib
Data9_GSM4140332_AACGTTGCAATACGCT-1,0,ceritinib
Data9_GSM4140332_AACGTTGGTGGAAAGA-1,0,ceritinib
Data9_GSM4140332_AACGTTGGTTCCGTCT-1,0,ceritinib
Data9_GSM4140332_AACGTTGTCAGGATCT-1,0,ceritinib
Data9_GSM4140332_AACTCAGAGACGCTTT-1,0,ceritinib
Data9_GSM4140332_AACTCAGAGCAGGCTA-1,0,ceritinib
Data9_GSM4140332_AACTCAGAGTCCATAC-1,0,ceritinib
Data9_GSM4140332_AACTCAGCAAGTTAAG-1,0,ceritinib
Data9_GSM4140332_AACTCAGCATGTAAGA-1,0,ceritinib
Data9_GSM4140332_AACTCAGCATTCCTGC-1,0,ceritinib
Data9_GSM4140332_AACTCAGGTAAGTGGC-1,0,ceritinib
Data9_GSM4140332_AACTCAGGTCGACTGC-1,0,ceritinib
Data9_GSM4140332_AACTCAGGTGGCCCTA-1,0,ceritinib
Data9_GSM4140332_AACTCAGTCCGAAGAG-1,0,ceritinib
Data9_GSM4140332_AACTCCCAGTGTTGAA-1,0,ceritinib
Data9_GSM4140332_AACTCCCCAAAGGAAG-1,0,ceritinib
Data9_GSM4140332_AACTCCCCAGCCTGTG-1,0,ceritinib
Data9_GSM4140332_AACTCCCGTCAGCTAT-1,0,ceritinib
Data9_GSM4140332_AACTCCCGTCGAACAG-1,0,ceritinib
Data9_GSM4140332_AACTCCCGTCGCGTGT-1,0,ceritinib
Data9_GSM4140332_AACTCCCTCTATCCCG-1,0,ceritinib
Data9_GSM4140332_AACTCCCTCTGTTGAG-1,0,ceritinib
Data9_GSM4140332_AACTCTTAGAGTAATC-1,0,ceritinib
Data9_GSM4140332_AACTCTTAGTGTTGAA-1,0,ceritinib
Data9_GSM4140332_AACTCTTAGTTACGGG-1,0,ceritinib
Data9_GSM4140332_AACTCTTCACATAACC-1,0,ceritinib
Data9_GSM4140332_AACTCTTCACCAGATT-1,0,ceritinib
Data9_GSM4140332_AACTCTTCATGGGAAC-1,0,ceritinib
Data9_GSM4140332_AACTCTTTCAGCTCGG-1,0,ceritinib
Data9_GSM4140332_AACTCTTTCCTCCTAG-1,0,ceritinib
Data9_GSM4140332_AACTCTTTCGGTGTTA-1,0,ceritinib
Data9_GSM4140332_AACTCTTTCTGTTTGT-1,0,ceritinib
Data9_GSM4140332_AACTGGTAGGGTTCCC-1,0,ceritinib
Data9_GSM4140332_AACTGGTCAGCTATTG-1,0,ceritinib
Data9_GSM4140332_AACTGGTCATTTCAGG-1,0,ceritinib
Data9_GSM4140332_AACTGGTGTCACTGGC-1,0,ceritinib
Data9_GSM4140332_AACTGGTGTGGCGAAT-1,0,ceritinib
Data9_GSM4140332_AACTGGTGTGTGAATA-1,0,ceritinib
Data9_GSM4140332_AACTGGTGTTGCCTCT-1,0,ceritinib
Data9_GSM4140332_AACTGGTTCAGTCCCT-1,0,ceritinib
Data9_GSM4140332_AACTGGTTCCAAGTAC-1,0,ceritinib
Data9_GSM4140332_AACTGGTTCCGCGTTT-1,0,ceritinib
Data9_GSM4140332_AACTGGTTCTTCGAGA-1,0,ceritinib
Data9_GSM4140332_AACTTTCGTCTTTCAT-1,0,ceritinib
Data9_GSM4140332_AACTTTCGTGCCTGGT-1,0,ceritinib
Data9_GSM4140332_AACTTTCTCCGAATGT-1,0,ceritinib
Data9_GSM4140332_AACTTTCTCTCGTTTA-1,0,ceritinib
Data9_GSM4140332_AAGACCTAGCACAGGT-1,0,ceritinib
Data9_GSM4140332_AAGACCTCAGTAACGG-1,0,ceritinib
Data9_GSM4140332_AAGACCTGTAATCACC-1,0,ceritinib
Data9_GSM4140332_AAGACCTGTGCATCTA-1,0,ceritinib
Data9_GSM4140332_AAGACCTGTGCTCTTC-1,0,ceritinib
Data9_GSM4140332_AAGACCTGTTAAGATG-1,0,ceritinib
Data9_GSM4140332_AAGACCTGTTCGTTGA-1,0,ceritinib
Data9_GSM4140332_AAGACCTTCAGGCGAA-1,0,ceritinib
Data9_GSM4140332_AAGCCGCAGACAGAGA-1,0,ceritinib
Data9_GSM4140332_AAGCCGCAGTACCGGA-1,0,ceritinib
Data9_GSM4140332_AAGCCGCAGTGAATTG-1,0,ceritinib
Data9_GSM4140332_AAGCCGCCACATTAGC-1,0,ceritinib
Data9_GSM4140332_AAGCCGCCAGCCAGAA-1,0,ceritinib
Data9_GSM4140332_AAGCCGCCATATGCTG-1,0,ceritinib
Data9_GSM4140332_AAGCCGCCATGAACCT-1,0,ceritinib
Data9_GSM4140332_AAGCCGCTCGAATCCA-1,0,ceritinib
Data9_GSM4140332_AAGCCGCTCGCCATAA-1,0,ceritinib
Data9_GSM4140332_AAGCCGCTCTTGAGAC-1,0,ceritinib
Data9_GSM4140332_AAGGAGCAGCTAGTCT-1,0,ceritinib
Data9_GSM4140332_AAGGAGCAGTCAATAG-1,0,ceritinib
Data9_GSM4140332_AAGGAGCAGTCCCACG-1,0,ceritinib
Data9_GSM4140332_AAGGAGCAGTGCGATG-1,0,ceritinib
Data9_GSM4140332_AAGGAGCCAAGTTAAG-1,0,ceritinib
Data9_GSM4140332_AAGGAGCCAATAGCGG-1,0,ceritinib
Data9_GSM4140332_AAGGAGCCAGCCAATT-1,0,ceritinib
Data9_GSM4140332_AAGGAGCTCACGATGT-1,0,ceritinib
Data9_GSM4140332_AAGGCAGAGCCCAGCT-1,0,ceritinib
Data9_GSM4140332_AAGGCAGAGCTACCGC-1,0,ceritinib
Data9_GSM4140332_AAGGCAGCACGGTAGA-1,0,ceritinib
Data9_GSM4140332_AAGGCAGCATTGAGCT-1,0,ceritinib
Data9_GSM4140332_AAGGCAGGTAACGTTC-1,0,ceritinib
Data9_GSM4140332_AAGGCAGGTCAGTGGA-1,0,ceritinib
Data9_GSM4140332_AAGGCAGGTGTGCCTG-1,0,ceritinib
Data9_GSM4140332_AAGGCAGGTTGAGGTG-1,0,ceritinib
Data9_GSM4140332_AAGGTTCAGAAACCAT-1,0,ceritinib
Data9_GSM4140332_AAGGTTCAGACTCGGA-1,0,ceritinib
Data9_GSM4140332_AAGGTTCAGCGCCTTG-1,0,ceritinib
Data9_GSM4140332_AAGGTTCAGGCCCTTG-1,0,ceritinib
Data9_GSM4140332_AAGGTTCAGTGGTCCC-1,0,ceritinib
Data9_GSM4140332_AAGGTTCAGTTTGCGT-1,0,ceritinib
Data9_GSM4140332_AAGGTTCCAGGATCGA-1,0,ceritinib
Data9_GSM4140332_AAGGTTCGTATAAACG-1,0,ceritinib
Data9_GSM4140332_AAGGTTCGTCAGATAA-1,0,ceritinib
Data9_GSM4140332_AAGGTTCGTTCACCTC-1,0,ceritinib
Data9_GSM4140332_AAGGTTCTCGGTCTAA-1,0,ceritinib
Data9_GSM4140332_AAGGTTCTCTTGTTTG-1,0,ceritinib
Data9_GSM4140332_AAGTCTGAGCGATAGC-1,0,ceritinib
Data9_GSM4140332_AAGTCTGAGCTGTTCA-1,0,ceritinib
Data9_GSM4140332_AAGTCTGCAGTAAGCG-1,0,ceritinib
Data9_GSM4140332_AAGTCTGGTCCCTACT-1,0,ceritinib
Data9_GSM4140332_AAGTCTGGTGCACCAC-1,0,ceritinib
Data9_GSM4140332_AAGTCTGGTTGTGGCC-1,0,ceritinib
Data9_GSM4140332_AAGTCTGTCACGCATA-1,0,ceritinib
Data9_GSM4140332_AAGTCTGTCGTCCAGG-1,0,ceritinib
Data9_GSM4140332_AATCCAGAGGGAACGG-1,0,ceritinib
Data9_GSM4140332_AATCCAGCACAACGTT-1,0,ceritinib
Data9_GSM4140332_AATCCAGGTAGCTGCC-1,0,ceritinib
Data9_GSM4140332_AATCCAGGTCGCGAAA-1,0,ceritinib
Data9_GSM4140332_AATCCAGGTGAAAGAG-1,0,ceritinib
Data9_GSM4140332_AATCCAGTCTCGTTTA-1,0,ceritinib
Data9_GSM4140332_AATCGGTAGATCCGAG-1,0,ceritinib
Data9_GSM4140332_AATCGGTAGTTGTCGT-1,0,ceritinib
Data9_GSM4140332_AATCGGTCACAGGAGT-1,0,ceritinib
Data9_GSM4140332_AATCGGTCATTGCGGC-1,0,ceritinib
Data9_GSM4140332_AATCGGTGTCTGGAGA-1,0,ceritinib
Data9_GSM4140332_AATCGGTGTGTATGGG-1,0,ceritinib
Data9_GSM4140332_AATCGGTTCACAAACC-1,0,ceritinib
Data9_GSM4140332_AATCGGTTCCCTTGCA-1,0,ceritinib
Data9_GSM4140332_AATCGGTTCCGTAGGC-1,0,ceritinib
Data9_GSM4140332_AATCGGTTCGTTACAG-1,0,ceritinib
Data9_GSM4140332_ACACCAACACGTGAGA-1,0,ceritinib
Data9_GSM4140332_ACACCAACAGACACTT-1,0,ceritinib
Data9_GSM4140332_ACACCAACAGCATACT-1,0,ceritinib
Data9_GSM4140332_ACACCAAGTCGATTGT-1,0,ceritinib
Data9_GSM4140332_ACACCAAGTCTGCCAG-1,0,ceritinib
Data9_GSM4140332_ACACCAAGTGTCGCTG-1,0,ceritinib
Data9_GSM4140332_ACACCAAGTGTGCCTG-1,0,ceritinib
Data9_GSM4140332_ACACCAATCAGCTCGG-1,0,ceritinib
Data9_GSM4140332_ACACCAATCGTTGCCT-1,0,ceritinib
Data9_GSM4140332_ACACCAATCTGCTGTC-1,0,ceritinib
Data9_GSM4140332_ACACCCTAGGTGATAT-1,0,ceritinib
Data9_GSM4140332_ACACCCTAGTACGCGA-1,0,ceritinib
Data9_GSM4140332_ACACCCTCAAAGTCAA-1,0,ceritinib
Data9_GSM4140332_ACACCCTCAAGCTGTT-1,0,ceritinib
Data9_GSM4140332_ACACCCTCAATGGTCT-1,0,ceritinib
Data9_GSM4140332_ACACCCTCACATCTTT-1,0,ceritinib
Data9_GSM4140332_ACACCCTCATGTAAGA-1,0,ceritinib
Data9_GSM4140332_ACACCCTGTAAACCTC-1,0,ceritinib
Data9_GSM4140332_ACACCCTGTAGCTAAA-1,0,ceritinib
Data9_GSM4140332_ACACCCTTCCCAAGAT-1,0,ceritinib
Data9_GSM4140332_ACACCCTTCTTGACGA-1,0,ceritinib
Data9_GSM4140332_ACACCGGAGCTGAACG-1,0,ceritinib
Data9_GSM4140332_ACACCGGAGTGAACAT-1,0,ceritinib
Data9_GSM4140332_ACACCGGCACACAGAG-1,0,ceritinib
Data9_GSM4140332_ACACCGGCATGAACCT-1,0,ceritinib
Data9_GSM4140332_ACACCGGGTAGAGGAA-1,0,ceritinib
Data9_GSM4140332_ACACCGGGTTACCGAT-1,0,ceritinib
Data9_GSM4140332_ACACCGGGTTGGTTTG-1,0,ceritinib
Data9_GSM4140332_ACACCGGTCGACAGCC-1,0,ceritinib
Data9_GSM4140332_ACACTGAAGATGTGTA-1,0,ceritinib
Data9_GSM4140332_ACACTGACACGCATCG-1,0,ceritinib
Data9_GSM4140332_ACACTGACACGGCTAC-1,0,ceritinib
Data9_GSM4140332_ACACTGAGTAAGTAGT-1,0,ceritinib
Data9_GSM4140332_ACACTGAGTCCTCTTG-1,0,ceritinib
Data9_GSM4140332_ACACTGAGTTCGTTGA-1,0,ceritinib
Data9_GSM4140332_ACACTGAGTTGAACTC-1,0,ceritinib
Data9_GSM4140332_ACACTGATCAACGGGA-1,0,ceritinib
Data9_GSM4140332_ACACTGATCGAGGTAG-1,0,ceritinib
Data9_GSM4140332_ACACTGATCTACTCAT-1,0,ceritinib
Data9_GSM4140332_ACAGCCGAGAACTCGG-1,0,ceritinib
Data9_GSM4140332_ACAGCCGAGCCGGTAA-1,0,ceritinib
Data9_GSM4140332_ACAGCCGCAATCGGTT-1,0,ceritinib
Data9_GSM4140332_ACAGCCGCACCCTATC-1,0,ceritinib
Data9_GSM4140332_ACAGCCGCAGATGGCA-1,0,ceritinib
Data9_GSM4140332_ACAGCCGCATCTATGG-1,0,ceritinib
Data9_GSM4140332_ACAGCCGGTCACCCAG-1,0,ceritinib
Data9_GSM4140332_ACAGCCGGTCTACCTC-1,0,ceritinib
Data9_GSM4140332_ACAGCCGGTGCTGTAT-1,0,ceritinib
Data9_GSM4140332_ACAGCCGTCCTTGCCA-1,0,ceritinib
Data9_GSM4140332_ACAGCCGTCGTGGTCG-1,0,ceritinib
Data9_GSM4140332_ACAGCCGTCTATCCTA-1,0,ceritinib
Data9_GSM4140332_ACAGCCGTCTTTCCTC-1,0,ceritinib
Data9_GSM4140332_ACAGCTAAGATATACG-1,0,ceritinib
Data9_GSM4140332_ACAGCTAAGGAGTTTA-1,0,ceritinib
Data9_GSM4140332_ACAGCTAAGTCCGTAT-1,0,ceritinib
Data9_GSM4140332_ACAGCTACATACGCTA-1,0,ceritinib
Data9_GSM4140332_ACAGCTAGTACGCACC-1,0,ceritinib
Data9_GSM4140332_ACAGCTAGTGAACCTT-1,0,ceritinib
Data9_GSM4140332_ACAGCTATCCATGAAC-1,0,ceritinib
Data9_GSM4140332_ACATACGAGAGATGAG-1,0,ceritinib
Data9_GSM4140332_ACATACGAGTATCTCG-1,0,ceritinib
Data9_GSM4140332_ACATACGCAACGATCT-1,0,ceritinib
Data9_GSM4140332_ACATACGGTATGAATG-1,0,ceritinib
Data9_GSM4140332_ACATACGGTCAACATC-1,0,ceritinib
Data9_GSM4140332_ACATACGGTCCAAGTT-1,0,ceritinib
Data9_GSM4140332_ACATACGGTCTGGAGA-1,0,ceritinib
Data9_GSM4140332_ACATACGGTGTTTGTG-1,0,ceritinib
Data9_GSM4140332_ACATACGTCAAGGTAA-1,0,ceritinib
Data9_GSM4140332_ACATACGTCATGTCTT-1,0,ceritinib
Data9_GSM4140332_ACATACGTCGCCCTTA-1,0,ceritinib
Data9_GSM4140332_ACATCAGAGAGTCTGG-1,0,ceritinib
Data9_GSM4140332_ACATCAGAGGTGACCA-1,0,ceritinib
Data9_GSM4140332_ACATCAGCAAACCCAT-1,0,ceritinib
Data9_GSM4140332_ACATCAGCACCACCAG-1,0,ceritinib
Data9_GSM4140332_ACATCAGCAGGTCGTC-1,0,ceritinib
Data9_GSM4140332_ACATCAGGTAAGTAGT-1,0,ceritinib
Data9_GSM4140332_ACATCAGGTACGACCC-1,0,ceritinib
Data9_GSM4140332_ACATCAGGTCTAAACC-1,0,ceritinib
Data9_GSM4140332_ACATCAGGTGCTAGCC-1,0,ceritinib
Data9_GSM4140332_ACATCAGTCACAGTAC-1,0,ceritinib
Data9_GSM4140332_ACATCAGTCAGCTCTC-1,0,ceritinib
Data9_GSM4140332_ACATCAGTCCAATGGT-1,0,ceritinib
Data9_GSM4140332_ACATCAGTCCTTAATC-1,0,ceritinib
Data9_GSM4140332_ACATCAGTCTGCCCTA-1,0,ceritinib
Data9_GSM4140332_ACATGGTAGAGGTTAT-1,0,ceritinib
Data9_GSM4140332_ACATGGTAGATCGATA-1,0,ceritinib
Data9_GSM4140332_ACATGGTAGTCGAGTG-1,0,ceritinib
Data9_GSM4140332_ACATGGTCACCTCGGA-1,0,ceritinib
Data9_GSM4140332_ACATGGTCATTTGCCC-1,0,ceritinib
Data9_GSM4140332_ACATGGTGTAAATGAC-1,0,ceritinib
Data9_GSM4140332_ACATGGTGTTCCCGAG-1,0,ceritinib
Data9_GSM4140332_ACATGGTTCGGCGCAT-1,0,ceritinib
Data9_GSM4140332_ACATGGTTCTGCTGTC-1,0,ceritinib
Data9_GSM4140332_ACCAGTAAGGTACTCT-1,0,ceritinib
Data9_GSM4140332_ACCAGTACAAGCGATG-1,0,ceritinib
Data9_GSM4140332_ACCAGTACAAGCTGTT-1,0,ceritinib
Data9_GSM4140332_ACCAGTACACGCTTTC-1,0,ceritinib
Data9_GSM4140332_ACCAGTACACTTAACG-1,0,ceritinib
Data9_GSM4140332_ACCAGTAGTAAATACG-1,0,ceritinib
Data9_GSM4140332_ACCAGTAGTAGCGATG-1,0,ceritinib
Data9_GSM4140332_ACCAGTAGTAGGCTGA-1,0,ceritinib
Data9_GSM4140332_ACCAGTAGTCTGATCA-1,0,ceritinib
Data9_GSM4140332_ACCAGTAGTGCAACTT-1,0,ceritinib
Data9_GSM4140332_ACCAGTATCACTCCTG-1,0,ceritinib
Data9_GSM4140332_ACCCACTAGACTAGAT-1,0,ceritinib
Data9_GSM4140332_ACCCACTAGACTGTAA-1,0,ceritinib
Data9_GSM4140332_ACCCACTAGCGCTCCA-1,0,ceritinib
Data9_GSM4140332_ACCCACTAGTGACATA-1,0,ceritinib
Data9_GSM4140332_ACCCACTCAAAGAATC-1,0,ceritinib
Data9_GSM4140332_ACCCACTCAACACCCG-1,0,ceritinib
Data9_GSM4140332_ACCCACTCAATGAAAC-1,0,ceritinib
Data9_GSM4140332_ACCCACTCACCGAATT-1,0,ceritinib
Data9_GSM4140332_ACCCACTCATCCGCGA-1,0,ceritinib
Data9_GSM4140332_ACCCACTGTAGCGCAA-1,0,ceritinib
Data9_GSM4140332_ACCCACTTCTGGCGTG-1,0,ceritinib
Data9_GSM4140332_ACCGTAAAGCTAGCCC-1,0,ceritinib
Data9_GSM4140332_ACCGTAAAGTGTACGG-1,0,ceritinib
Data9_GSM4140332_ACCGTAACAGTGACAG-1,0,ceritinib
Data9_GSM4140332_ACCGTAACATGCGCAC-1,0,ceritinib
Data9_GSM4140332_ACCGTAACATGTCTCC-1,0,ceritinib
Data9_GSM4140332_ACCGTAACATTCGACA-1,0,ceritinib
Data9_GSM4140332_ACCGTAAGTGGGTCAA-1,0,ceritinib
Data9_GSM4140332_ACCGTAAGTTCTGGTA-1,0,ceritinib
Data9_GSM4140332_ACCGTAAGTTTGTGTG-1,0,ceritinib
Data9_GSM4140332_ACCGTAATCATCGCTC-1,0,ceritinib
Data9_GSM4140332_ACCGTAATCCAGAGGA-1,0,ceritinib
Data9_GSM4140332_ACCGTAATCGCCAGCA-1,0,ceritinib
Data9_GSM4140332_ACCTTTAAGGAATCGC-1,0,ceritinib
Data9_GSM4140332_ACCTTTAAGGAGCGAG-1,0,ceritinib
Data9_GSM4140332_ACCTTTAAGGAGTCTG-1,0,ceritinib
Data9_GSM4140332_ACCTTTAAGGTGTGGT-1,0,ceritinib
Data9_GSM4140332_ACCTTTAAGGTTCCTA-1,0,ceritinib
Data9_GSM4140332_ACCTTTAAGTGCCATT-1,0,ceritinib
Data9_GSM4140332_ACCTTTAAGTGGTCCC-1,0,ceritinib
Data9_GSM4140332_ACCTTTAGTGATGTCT-1,0,ceritinib
Data9_GSM4140332_ACCTTTATCACATAGC-1,0,ceritinib
Data9_GSM4140332_ACGAGCCAGAAACCTA-1,0,ceritinib
Data9_GSM4140332_ACGAGCCCAATAAGCA-1,0,ceritinib
Data9_GSM4140332_ACGAGCCCAATGCCAT-1,0,ceritinib
Data9_GSM4140332_ACGAGCCCAGCGTCCA-1,0,ceritinib
Data9_GSM4140332_ACGAGCCCATAAAGGT-1,0,ceritinib
Data9_GSM4140332_ACGAGCCCATCGGACC-1,0,ceritinib
Data9_GSM4140332_ACGAGCCCATCTATGG-1,0,ceritinib
Data9_GSM4140332_ACGAGCCGTACAAGTA-1,0,ceritinib
Data9_GSM4140332_ACGAGCCGTACCTACA-1,0,ceritinib
Data9_GSM4140332_ACGAGCCTCATCGCTC-1,0,ceritinib
Data9_GSM4140332_ACGAGCCTCTCATTCA-1,0,ceritinib
Data9_GSM4140332_ACGAGGAAGACGACGT-1,0,ceritinib
Data9_GSM4140332_ACGAGGAAGCGATTCT-1,0,ceritinib
Data9_GSM4140332_ACGAGGAAGCTTATCG-1,0,ceritinib
Data9_GSM4140332_ACGAGGAGTATATGAG-1,0,ceritinib
Data9_GSM4140332_ACGAGGATCAAGAAGT-1,0,ceritinib
Data9_GSM4140332_ACGAGGATCAAGCCTA-1,0,ceritinib
Data9_GSM4140332_ACGAGGATCCAAACAC-1,0,ceritinib
Data9_GSM4140332_ACGAGGATCTGGCGTG-1,0,ceritinib
Data9_GSM4140332_ACGATACAGTGGTCCC-1,0,ceritinib
Data9_GSM4140332_ACGATACCAAGCGAGT-1,0,ceritinib
Data9_GSM4140332_ACGATACCAAGGACAC-1,0,ceritinib
Data9_GSM4140332_ACGATACCAGGCAGTA-1,0,ceritinib
Data9_GSM4140332_ACGATACGTACACCGC-1,0,ceritinib
Data9_GSM4140332_ACGATACGTATTACCG-1,0,ceritinib
Data9_GSM4140332_ACGATACGTCCGAAGA-1,0,ceritinib
Data9_GSM4140332_ACGATACGTCTTGCGG-1,0,ceritinib
Data9_GSM4140332_ACGATACGTGACCAAG-1,0,ceritinib
Data9_GSM4140332_ACGATACGTTACGTCA-1,0,ceritinib
Data9_GSM4140332_ACGATACTCAATAAGG-1,0,ceritinib
Data9_GSM4140332_ACGATACTCCACTCCA-1,0,ceritinib
Data9_GSM4140332_ACGATACTCCCAACGG-1,0,ceritinib
Data9_GSM4140332_ACGATGTAGACAATAC-1,0,ceritinib
Data9_GSM4140332_ACGATGTAGGGTGTTG-1,0,ceritinib
Data9_GSM4140332_ACGATGTCACAGAGGT-1,0,ceritinib
Data9_GSM4140332_ACGATGTCAGGGTTAG-1,0,ceritinib
Data9_GSM4140332_ACGATGTCATGCCACG-1,0,ceritinib
Data9_GSM4140332_ACGATGTGTAAATGAC-1,0,ceritinib
Data9_GSM4140332_ACGATGTGTCTCTCTG-1,0,ceritinib
Data9_GSM4140332_ACGATGTGTCTGATTG-1,0,ceritinib
Data9_GSM4140332_ACGATGTGTTTGTGTG-1,0,ceritinib
Data9_GSM4140332_ACGATGTTCAAACCGT-1,0,ceritinib
Data9_GSM4140332_ACGATGTTCAATCTCT-1,0,ceritinib
Data9_GSM4140332_ACGATGTTCGCGGATC-1,0,ceritinib
Data9_GSM4140332_ACGATGTTCGCGTTTC-1,0,ceritinib
Data9_GSM4140332_ACGATGTTCTCCCTGA-1,0,ceritinib
Data9_GSM4140332_ACGATGTTCTGGCGAC-1,0,ceritinib
Data9_GSM4140332_ACGATGTTCTGTTGAG-1,0,ceritinib
Data9_GSM4140332_ACGCAGCAGGAACTGC-1,0,ceritinib
Data9_GSM4140332_ACGCAGCCACAGACTT-1,0,ceritinib
Data9_GSM4140332_ACGCAGCCACAGCCCA-1,0,ceritinib
Data9_GSM4140332_ACGCAGCCACATCTTT-1,0,ceritinib
Data9_GSM4140332_ACGCAGCCACGACTCG-1,0,ceritinib
Data9_GSM4140332_ACGCAGCCAGATCCAT-1,0,ceritinib
Data9_GSM4140332_ACGCAGCGTCCGCTGA-1,0,ceritinib
Data9_GSM4140332_ACGCAGCGTGGTAACG-1,0,ceritinib
Data9_GSM4140332_ACGCAGCGTTCAGTAC-1,0,ceritinib
Data9_GSM4140332_ACGCAGCTCGGTCTAA-1,0,ceritinib
Data9_GSM4140332_ACGCCAGAGTTCCACA-1,0,ceritinib
Data9_GSM4140332_ACGCCAGAGTTGCAGG-1,0,ceritinib
Data9_GSM4140332_ACGCCAGCATGTTCCC-1,0,ceritinib
Data9_GSM4140332_ACGCCAGGTCTAAAGA-1,0,ceritinib
Data9_GSM4140332_ACGCCAGGTGCAGGTA-1,0,ceritinib
Data9_GSM4140332_ACGCCAGTCACATGCA-1,0,ceritinib
Data9_GSM4140332_ACGCCGAAGAGGACGG-1,0,ceritinib
Data9_GSM4140332_ACGCCGAAGGCACATG-1,0,ceritinib
Data9_GSM4140332_ACGCCGACAAGGGTCA-1,0,ceritinib
Data9_GSM4140332_ACGCCGACATGCCCGA-1,0,ceritinib
Data9_GSM4140332_ACGCCGAGTCAACATC-1,0,ceritinib
Data9_GSM4140332_ACGCCGAGTCGAATCT-1,0,ceritinib
Data9_GSM4140332_ACGCCGAGTCGCATAT-1,0,ceritinib
Data9_GSM4140332_ACGCCGATCGCAAACT-1,0,ceritinib
Data9_GSM4140332_ACGCCGATCGGAAACG-1,0,ceritinib
Data9_GSM4140332_ACGCCGATCTTGCATT-1,0,ceritinib
Data9_GSM4140332_ACGCCGATCTTTAGGG-1,0,ceritinib
Data9_GSM4140332_ACGGAGACATGCATGT-1,0,ceritinib
Data9_GSM4140332_ACGGAGAGTACCGTAT-1,0,ceritinib
Data9_GSM4140332_ACGGAGAGTCTCCACT-1,0,ceritinib
Data9_GSM4140332_ACGGAGATCCTCTAGC-1,0,ceritinib
Data9_GSM4140332_ACGGAGATCTGGAGCC-1,0,ceritinib
Data9_GSM4140332_ACGGCCAAGCTGGAAC-1,0,ceritinib
Data9_GSM4140332_ACGGCCACACCAGGCT-1,0,ceritinib
Data9_GSM4140332_ACGGCCACATATACCG-1,0,ceritinib
Data9_GSM4140332_ACGGCCACATGCATGT-1,0,ceritinib
Data9_GSM4140332_ACGGCCAGTATCTGCA-1,0,ceritinib
Data9_GSM4140332_ACGGCCAGTCGAGTTT-1,0,ceritinib
Data9_GSM4140332_ACGGCCAGTGCTCTTC-1,0,ceritinib
Data9_GSM4140332_ACGGCCAGTTCTGTTT-1,0,ceritinib
Data9_GSM4140332_ACGGCCAGTTTACTCT-1,0,ceritinib
Data9_GSM4140332_ACGGCCATCAGGCGAA-1,0,ceritinib
Data9_GSM4140332_ACGGCCATCTCGCTTG-1,0,ceritinib
Data9_GSM4140332_ACGGGCTAGAAACCTA-1,0,ceritinib
Data9_GSM4140332_ACGGGCTAGGATGGAA-1,0,ceritinib
Data9_GSM4140332_ACGGGCTCAAGCTGGA-1,0,ceritinib
Data9_GSM4140332_ACGGGCTCAGACGTAG-1,0,ceritinib
Data9_GSM4140332_ACGGGCTCATCCTTGC-1,0,ceritinib
Data9_GSM4140332_ACGGGCTCATGCAATC-1,0,ceritinib
Data9_GSM4140332_ACGGGCTGTACCAGTT-1,0,ceritinib
Data9_GSM4140332_ACGGGCTGTCAGAGGT-1,0,ceritinib
Data9_GSM4140332_ACGGGCTGTCTGCCAG-1,0,ceritinib
Data9_GSM4140332_ACGGGCTGTGCGAAAC-1,0,ceritinib
Data9_GSM4140332_ACGGGCTGTTCAACCA-1,0,ceritinib
Data9_GSM4140332_ACGGGCTTCATGGTCA-1,0,ceritinib
Data9_GSM4140332_ACGGGCTTCGTTTGCC-1,0,ceritinib
Data9_GSM4140332_ACGGGCTTCTTGGGTA-1,0,ceritinib
Data9_GSM4140332_ACGGGTCAGCGTAGTG-1,0,ceritinib
Data9_GSM4140332_ACGGGTCAGGCCATAG-1,0,ceritinib
Data9_GSM4140332_ACGGGTCCAGAGCCAA-1,0,ceritinib
Data9_GSM4140332_ACGGGTCGTCTAGCGC-1,0,ceritinib
Data9_GSM4140332_ACGGGTCTCGCCTGTT-1,0,ceritinib
Data9_GSM4140332_ACGGGTCTCGCTTAGA-1,0,ceritinib
Data9_GSM4140332_ACGTCAAAGCTAAACA-1,0,ceritinib
Data9_GSM4140332_ACGTCAACACCAGGTC-1,0,ceritinib
Data9_GSM4140332_ACGTCAACAGCTCCGA-1,0,ceritinib
Data9_GSM4140332_ACGTCAAGTCAATACC-1,0,ceritinib
Data9_GSM4140332_ACGTCAAGTCGCGTGT-1,0,ceritinib
Data9_GSM4140332_ACGTCAAGTTTGGCGC-1,0,ceritinib
Data9_GSM4140332_ACGTCAATCTCGTTTA-1,0,ceritinib
Data9_GSM4140332_ACGTCAATCTTGCATT-1,0,ceritinib
Data9_GSM4140332_ACTATCTAGCACACAG-1,0,ceritinib
Data9_GSM4140332_ACTATCTCACCAGGTC-1,0,ceritinib
Data9_GSM4140332_ACTATCTGTCAATACC-1,0,ceritinib
Data9_GSM4140332_ACTATCTGTTAAGTAG-1,0,ceritinib
Data9_GSM4140332_ACTATCTTCGCGTTTC-1,0,ceritinib
Data9_GSM4140332_ACTATCTTCTATCGCC-1,0,ceritinib
Data9_GSM4140332_ACTATCTTCTCTAGGA-1,0,ceritinib
Data9_GSM4140332_ACTATCTTCTTCAACT-1,0,ceritinib
Data9_GSM4140332_ACTATCTTCTTTCCTC-1,0,ceritinib
Data9_GSM4140332_ACTGAACAGACCTAGG-1,0,ceritinib
Data9_GSM4140332_ACTGAACAGCACACAG-1,0,ceritinib
Data9_GSM4140332_ACTGAACAGGCCCTTG-1,0,ceritinib
Data9_GSM4140332_ACTGAACAGTCCATAC-1,0,ceritinib
Data9_GSM4140332_ACTGAACAGTGGTAAT-1,0,ceritinib
Data9_GSM4140332_ACTGAACCAAGCGTAG-1,0,ceritinib
Data9_GSM4140332_ACTGAACCAATGTTGC-1,0,ceritinib
Data9_GSM4140332_ACTGAACCACCCATGG-1,0,ceritinib
Data9_GSM4140332_ACTGAACCACCTTGTC-1,0,ceritinib
Data9_GSM4140332_ACTGAACCAGACAAGC-1,0,ceritinib
Data9_GSM4140332_ACTGAACCAGATTGCT-1,0,ceritinib
Data9_GSM4140332_ACTGAACGTCGCGTGT-1,0,ceritinib
Data9_GSM4140332_ACTGAACGTCGGATCC-1,0,ceritinib
Data9_GSM4140332_ACTGAACTCACATGCA-1,0,ceritinib
Data9_GSM4140332_ACTGAACTCCGAACGC-1,0,ceritinib
Data9_GSM4140332_ACTGAACTCCTTTCGG-1,0,ceritinib
Data9_GSM4140332_ACTGAGTAGCGTGAAC-1,0,ceritinib
Data9_GSM4140332_ACTGAGTAGGCTCTTA-1,0,ceritinib
Data9_GSM4140332_ACTGAGTAGTGCTGCC-1,0,ceritinib
Data9_GSM4140332_ACTGAGTCACACGCTG-1,0,ceritinib
Data9_GSM4140332_ACTGAGTGTGCCTGTG-1,0,ceritinib
Data9_GSM4140332_ACTGAGTGTGTGGTTT-1,0,ceritinib
Data9_GSM4140332_ACTGAGTGTTATCACG-1,0,ceritinib
Data9_GSM4140332_ACTGAGTTCTACCTGC-1,0,ceritinib
Data9_GSM4140332_ACTGATGAGAGGTACC-1,0,ceritinib
Data9_GSM4140332_ACTGATGAGAGTGACC-1,0,ceritinib
Data9_GSM4140332_ACTGATGAGCTCCTTC-1,0,ceritinib
Data9_GSM4140332_ACTGATGAGGGTCGAT-1,0,ceritinib
Data9_GSM4140332_ACTGATGCACCAGCAC-1,0,ceritinib
Data9_GSM4140332_ACTGATGCACCCAGTG-1,0,ceritinib
Data9_GSM4140332_ACTGATGCATGGTTGT-1,0,ceritinib
Data9_GSM4140332_ACTGATGGTTACCGAT-1,0,ceritinib
Data9_GSM4140332_ACTGATGTCCGCATAA-1,0,ceritinib
Data9_GSM4140332_ACTGATGTCGCACTCT-1,0,ceritinib
Data9_GSM4140332_ACTGATGTCTTGTTTG-1,0,ceritinib
Data9_GSM4140332_ACTGCTCAGGCATGTG-1,0,ceritinib
Data9_GSM4140332_ACTGCTCAGGGATCTG-1,0,ceritinib
Data9_GSM4140332_ACTGCTCAGGTGCTAG-1,0,ceritinib
Data9_GSM4140332_ACTGCTCAGGTTCCTA-1,0,ceritinib
Data9_GSM4140332_ACTGCTCCACAAGCCC-1,0,ceritinib
Data9_GSM4140332_ACTGCTCCAGCGAACA-1,0,ceritinib
Data9_GSM4140332_ACTGCTCCATGCCCGA-1,0,ceritinib
Data9_GSM4140332_ACTGCTCGTCCATGAT-1,0,ceritinib
Data9_GSM4140332_ACTGCTCTCACTTACT-1,0,ceritinib
Data9_GSM4140332_ACTGTCCAGATGAGAG-1,0,ceritinib
Data9_GSM4140332_ACTGTCCAGCCACGTC-1,0,ceritinib
Data9_GSM4140332_ACTGTCCAGCGTTGCC-1,0,ceritinib
Data9_GSM4140332_ACTGTCCAGGTTCCTA-1,0,ceritinib
Data9_GSM4140332_ACTGTCCGTCCTAGCG-1,0,ceritinib
Data9_GSM4140332_ACTGTCCGTCGGCTCA-1,0,ceritinib
Data9_GSM4140332_ACTGTCCGTCTCGTTC-1,0,ceritinib
Data9_GSM4140332_ACTGTCCGTGCCTGTG-1,0,ceritinib
Data9_GSM4140332_ACTGTCCGTTAAAGTG-1,0,ceritinib
Data9_GSM4140332_ACTGTCCTCGGTTCGG-1,0,ceritinib
Data9_GSM4140332_ACTGTCCTCTTCAACT-1,0,ceritinib
Data9_GSM4140332_ACTTACTCAACTGCTA-1,0,ceritinib
Data9_GSM4140332_ACTTACTCAGTAAGCG-1,0,ceritinib
Data9_GSM4140332_ACTTACTGTCGAGTTT-1,0,ceritinib
Data9_GSM4140332_ACTTACTGTCTAACGT-1,0,ceritinib
Data9_GSM4140332_ACTTACTTCGCTTAGA-1,0,ceritinib
Data9_GSM4140332_ACTTACTTCTTCGGTC-1,0,ceritinib
Data9_GSM4140332_ACTTGTTAGCCAGTAG-1,0,ceritinib
Data9_GSM4140332_ACTTGTTAGCCGCCTA-1,0,ceritinib
Data9_GSM4140332_ACTTGTTAGGAATTAC-1,0,ceritinib
Data9_GSM4140332_ACTTGTTCAAAGGCGT-1,0,ceritinib
Data9_GSM4140332_ACTTGTTCAACACGCC-1,0,ceritinib
Data9_GSM4140332_ACTTGTTCAACGATGG-1,0,ceritinib
Data9_GSM4140332_ACTTGTTCAATAACGA-1,0,ceritinib
Data9_GSM4140332_ACTTGTTCACTTCTGC-1,0,ceritinib
Data9_GSM4140332_ACTTGTTCAGTGACAG-1,0,ceritinib
Data9_GSM4140332_ACTTGTTCATCCGTGG-1,0,ceritinib
Data9_GSM4140332_ACTTGTTCATGTAGTC-1,0,ceritinib
Data9_GSM4140332_ACTTGTTGTAAATGTG-1,0,ceritinib
Data9_GSM4140332_ACTTGTTGTCCGCTGA-1,0,ceritinib
Data9_GSM4140332_ACTTGTTTCAGCTCTC-1,0,ceritinib
Data9_GSM4140332_ACTTGTTTCTACCAGA-1,0,ceritinib
Data9_GSM4140332_ACTTTCAAGCTATGCT-1,0,ceritinib
Data9_GSM4140332_ACTTTCACATCCGTGG-1,0,ceritinib
Data9_GSM4140332_ACTTTCAGTAAACGCG-1,0,ceritinib
Data9_GSM4140332_ACTTTCAGTACCGTTA-1,0,ceritinib
Data9_GSM4140332_ACTTTCAGTATTCTCT-1,0,ceritinib
Data9_GSM4140332_ACTTTCAGTGGCGAAT-1,0,ceritinib
Data9_GSM4140332_ACTTTCAGTGTGACGA-1,0,ceritinib
Data9_GSM4140332_ACTTTCATCACTTCAT-1,0,ceritinib
Data9_GSM4140332_ACTTTCATCATAAAGG-1,0,ceritinib
Data9_GSM4140332_ACTTTCATCCCAGGTG-1,0,ceritinib
Data9_GSM4140332_ACTTTCATCGGCCGAT-1,0,ceritinib
Data9_GSM4140332_ACTTTCATCGTCTGCT-1,0,ceritinib
Data9_GSM4140332_AGAATAGAGGCATGTG-1,0,ceritinib
Data9_GSM4140332_AGAATAGAGGTAAACT-1,0,ceritinib
Data9_GSM4140332_AGAATAGCAAGCCGCT-1,0,ceritinib
Data9_GSM4140332_AGAATAGGTACTCTCC-1,0,ceritinib
Data9_GSM4140332_AGAATAGTCTGGAGCC-1,0,ceritinib
Data9_GSM4140332_AGAATAGTCTTATCTG-1,0,ceritinib
Data9_GSM4140332_AGACGTTAGACAGAGA-1,0,ceritinib
Data9_GSM4140332_AGACGTTAGTAACCCT-1,0,ceritinib
Data9_GSM4140332_AGACGTTGTAGCTCCG-1,0,ceritinib
Data9_GSM4140332_AGACGTTGTATTACCG-1,0,ceritinib
Data9_GSM4140332_AGACGTTGTCCTCCAT-1,0,ceritinib
Data9_GSM4140332_AGACGTTGTCGAACAG-1,0,ceritinib
Data9_GSM4140332_AGACGTTGTGTAAGTA-1,0,ceritinib
Data9_GSM4140332_AGACGTTGTTTCCACC-1,0,ceritinib
Data9_GSM4140332_AGACGTTTCCGCGTTT-1,0,ceritinib
Data9_GSM4140332_AGACGTTTCGGCCGAT-1,0,ceritinib
Data9_GSM4140332_AGACGTTTCTCTAAGG-1,0,ceritinib
Data9_GSM4140332_AGACGTTTCTTACCTA-1,0,ceritinib
Data9_GSM4140332_AGAGCGAAGACCACGA-1,0,ceritinib
Data9_GSM4140332_AGAGCGAAGTGCGATG-1,0,ceritinib
Data9_GSM4140332_AGAGCGACAGGTGCCT-1,0,ceritinib
Data9_GSM4140332_AGAGCGACATTATCTC-1,0,ceritinib
Data9_GSM4140332_AGAGCGAGTAGGACAC-1,0,ceritinib
Data9_GSM4140332_AGAGCGAGTATAGTAG-1,0,ceritinib
Data9_GSM4140332_AGAGCGAGTGCGGTAA-1,0,ceritinib
Data9_GSM4140332_AGAGCGAGTTACGACT-1,0,ceritinib
Data9_GSM4140332_AGAGCGATCCATGAGT-1,0,ceritinib
Data9_GSM4140332_AGAGCTTAGAAAGTGG-1,0,ceritinib
Data9_GSM4140332_AGAGCTTAGAATAGGG-1,0,ceritinib
Data9_GSM4140332_AGAGCTTAGGAATGGA-1,0,ceritinib
Data9_GSM4140332_AGAGCTTAGTCGAGTG-1,0,ceritinib
Data9_GSM4140332_AGAGCTTCAAACCTAC-1,0,ceritinib
Data9_GSM4140332_AGAGCTTCACGAAAGC-1,0,ceritinib
Data9_GSM4140332_AGAGCTTCAGGTCGTC-1,0,ceritinib
Data9_GSM4140332_AGAGCTTGTACACCGC-1,0,ceritinib
Data9_GSM4140332_AGAGCTTGTAGCGTAG-1,0,ceritinib
Data9_GSM4140332_AGAGCTTGTCGCATCG-1,0,ceritinib
Data9_GSM4140332_AGAGCTTGTGATGTGG-1,0,ceritinib
Data9_GSM4140332_AGAGCTTGTTGGTAAA-1,0,ceritinib
Data9_GSM4140332_AGAGCTTTCTCAAGTG-1,0,ceritinib
Data9_GSM4140332_AGAGCTTTCTTCATGT-1,0,ceritinib
Data9_GSM4140332_AGAGTGGAGCTAAGAT-1,0,ceritinib
Data9_GSM4140332_AGAGTGGCAATGGATA-1,0,ceritinib
Data9_GSM4140332_AGAGTGGCACAGGTTT-1,0,ceritinib
Data9_GSM4140332_AGAGTGGCACCGGAAA-1,0,ceritinib
Data9_GSM4140332_AGAGTGGCACCTTGTC-1,0,ceritinib
Data9_GSM4140332_AGAGTGGCAGTCAGAG-1,0,ceritinib
Data9_GSM4140332_AGAGTGGCAGTGGAGT-1,0,ceritinib
Data9_GSM4140332_AGAGTGGCATTTCAGG-1,0,ceritinib
Data9_GSM4140332_AGAGTGGGTCCTCCAT-1,0,ceritinib
Data9_GSM4140332_AGAGTGGGTCTGCGGT-1,0,ceritinib
Data9_GSM4140332_AGAGTGGGTTTGGCGC-1,0,ceritinib
Data9_GSM4140332_AGAGTGGTCCCTAACC-1,0,ceritinib
Data9_GSM4140332_AGAGTGGTCGCCGTGA-1,0,ceritinib
Data9_GSM4140332_AGAGTGGTCTGATTCT-1,0,ceritinib
Data9_GSM4140332_AGATCTGCAGGACGTA-1,0,ceritinib
Data9_GSM4140332_AGATCTGCATATGAGA-1,0,ceritinib
Data9_GSM4140332_AGATCTGCATTATCTC-1,0,ceritinib
Data9_GSM4140332_AGATCTGGTTCATGGT-1,0,ceritinib
Data9_GSM4140332_AGATCTGTCACCACCT-1,0,ceritinib
Data9_GSM4140332_AGATCTGTCACCTCGT-1,0,ceritinib
Data9_GSM4140332_AGATCTGTCCATGAGT-1,0,ceritinib
Data9_GSM4140332_AGATCTGTCTCACATT-1,0,ceritinib
Data9_GSM4140332_AGATCTGTCTGAGGGA-1,0,ceritinib
Data9_GSM4140332_AGATTGCAGAGATGAG-1,0,ceritinib
Data9_GSM4140332_AGATTGCAGCTAGTTC-1,0,ceritinib
Data9_GSM4140332_AGATTGCAGCTTATCG-1,0,ceritinib
Data9_GSM4140332_AGATTGCAGGCCGAAT-1,0,ceritinib
Data9_GSM4140332_AGATTGCAGTAGGCCA-1,0,ceritinib
Data9_GSM4140332_AGATTGCCAACAACCT-1,0,ceritinib
Data9_GSM4140332_AGATTGCCACCCATTC-1,0,ceritinib
Data9_GSM4140332_AGATTGCGTAGCACGA-1,0,ceritinib
Data9_GSM4140332_AGATTGCGTCTAGCGC-1,0,ceritinib
Data9_GSM4140332_AGATTGCGTGAGCGAT-1,0,ceritinib
Data9_GSM4140332_AGATTGCGTGTGAATA-1,0,ceritinib
Data9_GSM4140332_AGATTGCTCCGTCATC-1,0,ceritinib
Data9_GSM4140332_AGATTGCTCGGCGGTT-1,0,ceritinib
Data9_GSM4140332_AGATTGCTCTCTAAGG-1,0,ceritinib
Data9_GSM4140332_AGCAGCCAGCATCATC-1,0,ceritinib
Data9_GSM4140332_AGCAGCCAGGACGAAA-1,0,ceritinib
Data9_GSM4140332_AGCAGCCAGGCAGGTT-1,0,ceritinib
Data9_GSM4140332_AGCAGCCAGGTGACCA-1,0,ceritinib
Data9_GSM4140332_AGCAGCCAGTGTGGCA-1,0,ceritinib
Data9_GSM4140332_AGCAGCCAGTTCGCGC-1,0,ceritinib
Data9_GSM4140332_AGCAGCCCACAGGAGT-1,0,ceritinib
Data9_GSM4140332_AGCAGCCCAGTTCCCT-1,0,ceritinib
Data9_GSM4140332_AGCAGCCCATACCATG-1,0,ceritinib
Data9_GSM4140332_AGCAGCCCATGTCGAT-1,0,ceritinib
Data9_GSM4140332_AGCAGCCGTATAATGG-1,0,ceritinib
Data9_GSM4140332_AGCAGCCGTCGTGGCT-1,0,ceritinib
Data9_GSM4140332_AGCATACAGATGTGGC-1,0,ceritinib
Data9_GSM4140332_AGCATACAGCCAGAAC-1,0,ceritinib
Data9_GSM4140332_AGCATACAGTACTTGC-1,0,ceritinib
Data9_GSM4140332_AGCATACAGTATCTCG-1,0,ceritinib
Data9_GSM4140332_AGCATACCACATCCAA-1,0,ceritinib
Data9_GSM4140332_AGCATACCACTTCTGC-1,0,ceritinib
Data9_GSM4140332_AGCATACGTCTCAACA-1,0,ceritinib
Data9_GSM4140332_AGCATACGTCTCACCT-1,0,ceritinib
Data9_GSM4140332_AGCATACGTTCCACGG-1,0,ceritinib
Data9_GSM4140332_AGCATACTCTTCGAGA-1,0,ceritinib
Data9_GSM4140332_AGCATACTCTTGCCGT-1,0,ceritinib
Data9_GSM4140332_AGCCTAAAGGCTCATT-1,0,ceritinib
Data9_GSM4140332_AGCCTAAAGGTAGCTG-1,0,ceritinib
Data9_GSM4140332_AGCCTAAAGTGTCCAT-1,0,ceritinib
Data9_GSM4140332_AGCCTAAAGTGTGGCA-1,0,ceritinib
Data9_GSM4140332_AGCCTAACAATGGAAT-1,0,ceritinib
Data9_GSM4140332_AGCCTAACACATCCGG-1,0,ceritinib
Data9_GSM4140332_AGCCTAACATCGATTG-1,0,ceritinib
Data9_GSM4140332_AGCCTAAGTCCGCTGA-1,0,ceritinib
Data9_GSM4140332_AGCCTAATCGAATCCA-1,0,ceritinib
Data9_GSM4140332_AGCGGTCAGCACCGTC-1,0,ceritinib
Data9_GSM4140332_AGCGGTCAGCTAGGCA-1,0,ceritinib
Data9_GSM4140332_AGCGGTCGTAGAGTGC-1,0,ceritinib
Data9_GSM4140332_AGCGGTCGTATAAACG-1,0,ceritinib
Data9_GSM4140332_AGCGGTCGTTTAGGAA-1,0,ceritinib
Data9_GSM4140332_AGCGGTCTCATATCGG-1,0,ceritinib
Data9_GSM4140332_AGCGTATAGTCATGCT-1,0,ceritinib
Data9_GSM4140332_AGCGTATCAAAGCAAT-1,0,ceritinib
Data9_GSM4140332_AGCGTATCAAGAGTCG-1,0,ceritinib
Data9_GSM4140332_AGCGTATGTAAACCTC-1,0,ceritinib
Data9_GSM4140332_AGCGTATGTATAAACG-1,0,ceritinib
Data9_GSM4140332_AGCGTATGTGATGATA-1,0,ceritinib
Data9_GSM4140332_AGCGTATTCAACACAC-1,0,ceritinib
Data9_GSM4140332_AGCGTATTCCAGTAGT-1,0,ceritinib
Data9_GSM4140332_AGCGTATTCTGCTTGC-1,0,ceritinib
Data9_GSM4140332_AGCGTCGAGGACAGAA-1,0,ceritinib
Data9_GSM4140332_AGCGTCGCATGCCTTC-1,0,ceritinib
Data9_GSM4140332_AGCGTCGCATGGAATA-1,0,ceritinib
Data9_GSM4140332_AGCGTCGCATTAACCG-1,0,ceritinib
Data9_GSM4140332_AGCGTCGGTACTTCTT-1,0,ceritinib
Data9_GSM4140332_AGCGTCGTCAATACCG-1,0,ceritinib
Data9_GSM4140332_AGCGTCGTCCTGCTTG-1,0,ceritinib
Data9_GSM4140332_AGCGTCGTCGGCGCAT-1,0,ceritinib
Data9_GSM4140332_AGCTCCTAGAAGATTC-1,0,ceritinib
Data9_GSM4140332_AGCTCCTCACAACTGT-1,0,ceritinib
Data9_GSM4140332_AGCTCCTCACATAACC-1,0,ceritinib
Data9_GSM4140332_AGCTCCTCAGCATGAG-1,0,ceritinib
Data9_GSM4140332_AGCTCCTCAGTATGCT-1,0,ceritinib
Data9_GSM4140332_AGCTCCTCATTCGACA-1,0,ceritinib
Data9_GSM4140332_AGCTCCTGTACAGTGG-1,0,ceritinib
Data9_GSM4140332_AGCTCCTGTTAGATGA-1,0,ceritinib
Data9_GSM4140332_AGCTCCTGTTGAGTTC-1,0,ceritinib
Data9_GSM4140332_AGCTCCTTCCTAGAAC-1,0,ceritinib
Data9_GSM4140332_AGCTCCTTCGTCGTTC-1,0,ceritinib
Data9_GSM4140332_AGCTCCTTCTAACGGT-1,0,ceritinib
Data9_GSM4140332_AGCTCTCAGAAAGTGG-1,0,ceritinib
Data9_GSM4140332_AGCTCTCAGCGCTTAT-1,0,ceritinib
Data9_GSM4140332_AGCTCTCAGCTAGTCT-1,0,ceritinib
Data9_GSM4140332_AGCTCTCAGGCATGTG-1,0,ceritinib
Data9_GSM4140332_AGCTCTCAGTCGTTTG-1,0,ceritinib
Data9_GSM4140332_AGCTCTCAGTGTACTC-1,0,ceritinib
Data9_GSM4140332_AGCTCTCCACCCAGTG-1,0,ceritinib
Data9_GSM4140332_AGCTCTCCAGCTGTTA-1,0,ceritinib
Data9_GSM4140332_AGCTCTCCAGGTCCAC-1,0,ceritinib
Data9_GSM4140332_AGCTCTCCAGGTGGAT-1,0,ceritinib
Data9_GSM4140332_AGCTCTCTCACCACCT-1,0,ceritinib
Data9_GSM4140332_AGCTCTCTCTGCCCTA-1,0,ceritinib
Data9_GSM4140332_AGCTTGAAGCCTTGAT-1,0,ceritinib
Data9_GSM4140332_AGCTTGAAGTGTTAGA-1,0,ceritinib
Data9_GSM4140332_AGCTTGACACTTCGAA-1,0,ceritinib
Data9_GSM4140332_AGCTTGACAGATCGGA-1,0,ceritinib
Data9_GSM4140332_AGCTTGAGTAGGCATG-1,0,ceritinib
Data9_GSM4140332_AGCTTGAGTGAAGGCT-1,0,ceritinib
Data9_GSM4140332_AGCTTGATCAATAAGG-1,0,ceritinib
Data9_GSM4140332_AGCTTGATCCTAAGTG-1,0,ceritinib
Data9_GSM4140332_AGCTTGATCTAACCGA-1,0,ceritinib
Data9_GSM4140332_AGGCCACCAAGCCATT-1,0,ceritinib
Data9_GSM4140332_AGGCCACCATTACCTT-1,0,ceritinib
Data9_GSM4140332_AGGCCACTCGCCGTGA-1,0,ceritinib
Data9_GSM4140332_AGGCCGTAGGATTCGG-1,0,ceritinib
Data9_GSM4140332_AGGCCGTAGGCCCGTT-1,0,ceritinib
Data9_GSM4140332_AGGCCGTCACGAAACG-1,0,ceritinib
Data9_GSM4140332_AGGCCGTGTACTCTCC-1,0,ceritinib
Data9_GSM4140332_AGGCCGTGTGTTCGAT-1,0,ceritinib
Data9_GSM4140332_AGGCCGTTCACAACGT-1,0,ceritinib
Data9_GSM4140332_AGGCCGTTCGCAAACT-1,0,ceritinib
Data9_GSM4140332_AGGCCGTTCGCTAGCG-1,0,ceritinib
Data9_GSM4140332_AGGGAGTAGAGTCGGT-1,0,ceritinib
Data9_GSM4140332_AGGGAGTAGATAGCAT-1,0,ceritinib
Data9_GSM4140332_AGGGAGTAGTCCGTAT-1,0,ceritinib
Data9_GSM4140332_AGGGAGTCACAGACTT-1,0,ceritinib
Data9_GSM4140332_AGGGAGTCACAGAGGT-1,0,ceritinib
Data9_GSM4140332_AGGGAGTCACCTGGTG-1,0,ceritinib
Data9_GSM4140332_AGGGAGTCAGCGAACA-1,0,ceritinib
Data9_GSM4140332_AGGGAGTGTACTTCTT-1,0,ceritinib
Data9_GSM4140332_AGGGAGTGTCCCGACA-1,0,ceritinib
Data9_GSM4140332_AGGGAGTGTGTAACGG-1,0,ceritinib
Data9_GSM4140332_AGGGAGTTCAGGCAAG-1,0,ceritinib
Data9_GSM4140332_AGGGATGCAAGTCTGT-1,0,ceritinib
Data9_GSM4140332_AGGGATGCAATGTAAG-1,0,ceritinib
Data9_GSM4140332_AGGGATGCATGGGACA-1,0,ceritinib
Data9_GSM4140332_AGGGATGCATTAGGCT-1,0,ceritinib
Data9_GSM4140332_AGGGATGGTAGAGGAA-1,0,ceritinib
Data9_GSM4140332_AGGGATGGTGATGTGG-1,0,ceritinib
Data9_GSM4140332_AGGGATGGTTAGTGGG-1,0,ceritinib
Data9_GSM4140332_AGGGATGTCCTTCAAT-1,0,ceritinib
Data9_GSM4140332_AGGGATGTCGGTGTCG-1,0,ceritinib
Data9_GSM4140332_AGGGATGTCGTCCGTT-1,0,ceritinib
Data9_GSM4140332_AGGGTGAAGGAGTCTG-1,0,ceritinib
Data9_GSM4140332_AGGGTGAAGGGTCGAT-1,0,ceritinib
Data9_GSM4140332_AGGGTGACAATTCCTT-1,0,ceritinib
Data9_GSM4140332_AGGGTGACACGTCTCT-1,0,ceritinib
Data9_GSM4140332_AGGGTGACAGTAAGCG-1,0,ceritinib
Data9_GSM4140332_AGGGTGACATGGAATA-1,0,ceritinib
Data9_GSM4140332_AGGGTGAGTAGCGTAG-1,0,ceritinib
Data9_GSM4140332_AGGGTGAGTTACTGAC-1,0,ceritinib
Data9_GSM4140332_AGGGTGATCAATCACG-1,0,ceritinib
Data9_GSM4140332_AGGGTGATCGAGAACG-1,0,ceritinib
Data9_GSM4140332_AGGGTGATCGCAAGCC-1,0,ceritinib
Data9_GSM4140332_AGGGTGATCGGTCCGA-1,0,ceritinib
Data9_GSM4140332_AGGTCATAGGACATTA-1,0,ceritinib
Data9_GSM4140332_AGGTCATAGGTGCTAG-1,0,ceritinib
Data9_GSM4140332_AGGTCATCACAAGTAA-1,0,ceritinib
Data9_GSM4140332_AGGTCATCATGCATGT-1,0,ceritinib
Data9_GSM4140332_AGGTCATCATTGGCGC-1,0,ceritinib
Data9_GSM4140332_AGGTCATGTCATGCCG-1,0,ceritinib
Data9_GSM4140332_AGGTCATGTTCCATGA-1,0,ceritinib
Data9_GSM4140332_AGGTCCGAGAGGTAGA-1,0,ceritinib
Data9_GSM4140332_AGGTCCGAGCTGAAAT-1,0,ceritinib
Data9_GSM4140332_AGGTCCGAGCTGTCTA-1,0,ceritinib
Data9_GSM4140332_AGGTCCGAGGTGATTA-1,0,ceritinib
Data9_GSM4140332_AGGTCCGAGTGACATA-1,0,ceritinib
Data9_GSM4140332_AGGTCCGAGTGGAGAA-1,0,ceritinib
Data9_GSM4140332_AGGTCCGCACCTATCC-1,0,ceritinib
Data9_GSM4140332_AGGTCCGGTAGGCTGA-1,0,ceritinib
Data9_GSM4140332_AGGTCCGGTCGCATCG-1,0,ceritinib
Data9_GSM4140332_AGGTCCGGTGATAAGT-1,0,ceritinib
Data9_GSM4140332_AGGTCCGGTTCGGGCT-1,0,ceritinib
Data9_GSM4140332_AGGTCCGTCCACGCAG-1,0,ceritinib
Data9_GSM4140332_AGGTCCGTCGCGTTTC-1,0,ceritinib
Data9_GSM4140332_AGTAGTCAGACAGGCT-1,0,ceritinib
Data9_GSM4140332_AGTAGTCAGACTACAA-1,0,ceritinib
Data9_GSM4140332_AGTAGTCAGCTCCCAG-1,0,ceritinib
Data9_GSM4140332_AGTAGTCCACCAGGTC-1,0,ceritinib
Data9_GSM4140332_AGTAGTCCAGATCGGA-1,0,ceritinib
Data9_GSM4140332_AGTAGTCCAGCATACT-1,0,ceritinib
Data9_GSM4140332_AGTAGTCCAGCTTCGG-1,0,ceritinib
Data9_GSM4140332_AGTAGTCGTAGGGACT-1,0,ceritinib
Data9_GSM4140332_AGTAGTCGTCTAGTCA-1,0,ceritinib
Data9_GSM4140332_AGTAGTCGTGCGATAG-1,0,ceritinib
Data9_GSM4140332_AGTAGTCTCAAACGGG-1,0,ceritinib
Data9_GSM4140332_AGTCTTTAGAAACCAT-1,0,ceritinib
Data9_GSM4140332_AGTCTTTAGAAGAAGC-1,0,ceritinib
Data9_GSM4140332_AGTCTTTAGCCGATTT-1,0,ceritinib
Data9_GSM4140332_AGTCTTTCACAGTCGC-1,0,ceritinib
Data9_GSM4140332_AGTCTTTGTCACCTAA-1,0,ceritinib
Data9_GSM4140332_AGTCTTTGTCTTCGTC-1,0,ceritinib
Data9_GSM4140332_AGTCTTTGTGCGGTAA-1,0,ceritinib
Data9_GSM4140332_AGTCTTTGTTCCGTCT-1,0,ceritinib
Data9_GSM4140332_AGTCTTTGTTCGCTAA-1,0,ceritinib
Data9_GSM4140332_AGTCTTTTCAGGCGAA-1,0,ceritinib
Data9_GSM4140332_AGTCTTTTCCTAAGTG-1,0,ceritinib
Data9_GSM4140332_AGTCTTTTCTGATTCT-1,0,ceritinib
Data9_GSM4140332_AGTCTTTTCTGGTTCC-1,0,ceritinib
Data9_GSM4140332_AGTGAGGAGCTACCTA-1,0,ceritinib
Data9_GSM4140332_AGTGAGGAGGTGTTAA-1,0,ceritinib
Data9_GSM4140332_AGTGAGGCAAAGCGGT-1,0,ceritinib
Data9_GSM4140332_AGTGAGGCAAGCTGGA-1,0,ceritinib
Data9_GSM4140332_AGTGAGGCACCAGCAC-1,0,ceritinib
Data9_GSM4140332_AGTGAGGCAGATCCAT-1,0,ceritinib
Data9_GSM4140332_AGTGAGGCAGCTGCTG-1,0,ceritinib
Data9_GSM4140332_AGTGAGGGTCGAGATG-1,0,ceritinib
Data9_GSM4140332_AGTGGGAAGCCGCCTA-1,0,ceritinib
Data9_GSM4140332_AGTGGGAAGGATGGTC-1,0,ceritinib
Data9_GSM4140332_AGTGGGAAGTGTACGG-1,0,ceritinib
Data9_GSM4140332_AGTGGGACAAGCCATT-1,0,ceritinib
Data9_GSM4140332_AGTGGGACAAGTTCTG-1,0,ceritinib
Data9_GSM4140332_AGTGGGACACGGTGTC-1,0,ceritinib
Data9_GSM4140332_AGTGGGACAGTTCCCT-1,0,ceritinib
Data9_GSM4140332_AGTGGGACATTGGGCC-1,0,ceritinib
Data9_GSM4140332_AGTGGGAGTGCTAGCC-1,0,ceritinib
Data9_GSM4140332_AGTGTCAAGGAGTCTG-1,0,ceritinib
Data9_GSM4140332_AGTGTCAAGGATATAC-1,0,ceritinib
Data9_GSM4140332_AGTGTCAGTGATGATA-1,0,ceritinib
Data9_GSM4140332_AGTGTCATCAAGATCC-1,0,ceritinib
Data9_GSM4140332_AGTGTCATCGTAGGAG-1,0,ceritinib
Data9_GSM4140332_AGTTGGTAGATCCTGT-1,0,ceritinib
Data9_GSM4140332_AGTTGGTCAAGCGCTC-1,0,ceritinib
Data9_GSM4140332_AGTTGGTCAGACAGGT-1,0,ceritinib
Data9_GSM4140332_AGTTGGTCAGTAAGCG-1,0,ceritinib
Data9_GSM4140332_AGTTGGTCATACGCTA-1,0,ceritinib
Data9_GSM4140332_AGTTGGTCATGGGAAC-1,0,ceritinib
Data9_GSM4140332_AGTTGGTGTCACTGGC-1,0,ceritinib
Data9_GSM4140332_AGTTGGTGTGAACCTT-1,0,ceritinib
Data9_GSM4140332_AGTTGGTGTTTAGCTG-1,0,ceritinib
Data9_GSM4140332_AGTTGGTTCACGGTTA-1,0,ceritinib
Data9_GSM4140332_AGTTGGTTCATCTGTT-1,0,ceritinib
Data9_GSM4140332_AGTTGGTTCTTGCCGT-1,0,ceritinib
Data9_GSM4140332_ATAACGCAGAGGACGG-1,0,ceritinib
Data9_GSM4140332_ATAACGCAGGACTGGT-1,0,ceritinib
Data9_GSM4140332_ATAACGCAGGTGCTTT-1,0,ceritinib
Data9_GSM4140332_ATAACGCCAAAGTGCG-1,0,ceritinib
Data9_GSM4140332_ATAACGCCACATCCGG-1,0,ceritinib
Data9_GSM4140332_ATAACGCCATCAGTAC-1,0,ceritinib
Data9_GSM4140332_ATAACGCTCATTGCGA-1,0,ceritinib
Data9_GSM4140332_ATAACGCTCGGTCCGA-1,0,ceritinib
Data9_GSM4140332_ATAACGCTCGTAGGTT-1,0,ceritinib
Data9_GSM4140332_ATAAGAGAGAAACCTA-1,0,ceritinib
Data9_GSM4140332_ATAAGAGAGGAGCGTT-1,0,ceritinib
Data9_GSM4140332_ATAAGAGAGTGGGATC-1,0,ceritinib
Data9_GSM4140332_ATAAGAGAGTTAGCGG-1,0,ceritinib
Data9_GSM4140332_ATAAGAGCAAGCGCTC-1,0,ceritinib
Data9_GSM4140332_ATAAGAGCAATGGTCT-1,0,ceritinib
Data9_GSM4140332_ATAAGAGCACCCAGTG-1,0,ceritinib
Data9_GSM4140332_ATAAGAGCATATGCTG-1,0,ceritinib
Data9_GSM4140332_ATAAGAGGTAGAGGAA-1,0,ceritinib
Data9_GSM4140332_ATAAGAGGTCAAAGCG-1,0,ceritinib
Data9_GSM4140332_ATAAGAGGTGCCTGTG-1,0,ceritinib
Data9_GSM4140332_ATAAGAGTCAAGAAGT-1,0,ceritinib
Data9_GSM4140332_ATAAGAGTCCTAGTGA-1,0,ceritinib
Data9_GSM4140332_ATAAGAGTCCTCGCAT-1,0,ceritinib
Data9_GSM4140332_ATAAGAGTCTGCTTGC-1,0,ceritinib
Data9_GSM4140332_ATAGACCAGCCACTAT-1,0,ceritinib
Data9_GSM4140332_ATAGACCAGGCGATAC-1,0,ceritinib
Data9_GSM4140332_ATAGACCAGTATTGGA-1,0,ceritinib
Data9_GSM4140332_ATAGACCAGTGAAGTT-1,0,ceritinib
Data9_GSM4140332_ATAGACCCACGACTCG-1,0,ceritinib
Data9_GSM4140332_ATAGACCGTGGTCTCG-1,0,ceritinib
Data9_GSM4140332_ATAGACCTCAACACTG-1,0,ceritinib
Data9_GSM4140332_ATAGACCTCACCCGAG-1,0,ceritinib
Data9_GSM4140332_ATAGACCTCTTATCTG-1,0,ceritinib
Data9_GSM4140332_ATCACGAAGCGTTTAC-1,0,ceritinib
Data9_GSM4140332_ATCACGACACCAGTTA-1,0,ceritinib
Data9_GSM4140332_ATCACGACACCTCGGA-1,0,ceritinib
Data9_GSM4140332_ATCACGACACTAAGTC-1,0,ceritinib
Data9_GSM4140332_ATCACGACAGACGCCT-1,0,ceritinib
Data9_GSM4140332_ATCACGAGTCTCATCC-1,0,ceritinib
Data9_GSM4140332_ATCACGATCAACACGT-1,0,ceritinib
Data9_GSM4140332_ATCACGATCCGAAGAG-1,0,ceritinib
Data9_GSM4140332_ATCATCTCAACTGGCC-1,0,ceritinib
Data9_GSM4140332_ATCATCTCAAGGGTCA-1,0,ceritinib
Data9_GSM4140332_ATCATCTCAAGTCTGT-1,0,ceritinib
Data9_GSM4140332_ATCATCTCACTTCTGC-1,0,ceritinib
Data9_GSM4140332_ATCATCTGTACGAAAT-1,0,ceritinib
Data9_GSM4140332_ATCATCTTCAGCGACC-1,0,ceritinib
Data9_GSM4140332_ATCATCTTCCATTCTA-1,0,ceritinib
Data9_GSM4140332_ATCATGGAGCGATCCC-1,0,ceritinib
Data9_GSM4140332_ATCATGGAGGTACTCT-1,0,ceritinib
Data9_GSM4140332_ATCATGGAGTCCCACG-1,0,ceritinib
Data9_GSM4140332_ATCATGGGTCCGTTAA-1,0,ceritinib
Data9_GSM4140332_ATCATGGGTCTAGCCG-1,0,ceritinib
Data9_GSM4140332_ATCATGGTCAACACTG-1,0,ceritinib
Data9_GSM4140332_ATCATGGTCAGCTGGC-1,0,ceritinib
Data9_GSM4140332_ATCCACCAGAAGGGTA-1,0,ceritinib
Data9_GSM4140332_ATCCACCCAATGACCT-1,0,ceritinib
Data9_GSM4140332_ATCCACCCAATGTTGC-1,0,ceritinib
Data9_GSM4140332_ATCCACCCAGCTTCGG-1,0,ceritinib
Data9_GSM4140332_ATCCACCGTCAAACTC-1,0,ceritinib
Data9_GSM4140332_ATCCACCGTCTAGAGG-1,0,ceritinib
Data9_GSM4140332_ATCCACCGTTAAGATG-1,0,ceritinib
Data9_GSM4140332_ATCCGAAAGGCCGAAT-1,0,ceritinib
Data9_GSM4140332_ATCCGAAAGGCGTACA-1,0,ceritinib
Data9_GSM4140332_ATCCGAAAGGTGGGTT-1,0,ceritinib
Data9_GSM4140332_ATCCGAACACCGAAAG-1,0,ceritinib
Data9_GSM4140332_ATCCGAAGTTACGACT-1,0,ceritinib
Data9_GSM4140332_ATCCGAATCCACGTGG-1,0,ceritinib
Data9_GSM4140332_ATCGAGTAGCTCAACT-1,0,ceritinib
Data9_GSM4140332_ATCGAGTAGGAGTTTA-1,0,ceritinib
Data9_GSM4140332_ATCGAGTAGGTGGGTT-1,0,ceritinib
Data9_GSM4140332_ATCGAGTAGTGTACTC-1,0,ceritinib
Data9_GSM4140332_ATCGAGTAGTTTAGGA-1,0,ceritinib
Data9_GSM4140332_ATCGAGTCAACTGCTA-1,0,ceritinib
Data9_GSM4140332_ATCGAGTCAGACAGGT-1,0,ceritinib
Data9_GSM4140332_ATCGAGTGTAGTGAAT-1,0,ceritinib
Data9_GSM4140332_ATCGAGTGTCAAAGCG-1,0,ceritinib
Data9_GSM4140332_ATCGAGTTCAGTGCAT-1,0,ceritinib
Data9_GSM4140332_ATCGAGTTCTAGAGTC-1,0,ceritinib
Data9_GSM4140332_ATCTACTAGCGATAGC-1,0,ceritinib
Data9_GSM4140332_ATCTACTAGCTAGTCT-1,0,ceritinib
Data9_GSM4140332_ATCTACTCAGCGAACA-1,0,ceritinib
Data9_GSM4140332_ATCTACTCATATGGTC-1,0,ceritinib
Data9_GSM4140332_ATCTACTCATTCGACA-1,0,ceritinib
Data9_GSM4140332_ATCTACTGTTAGGGTG-1,0,ceritinib
Data9_GSM4140332_ATCTACTGTTCAGCGC-1,0,ceritinib
Data9_GSM4140332_ATCTACTTCAAACGGG-1,0,ceritinib
Data9_GSM4140332_ATCTACTTCCACGAAT-1,0,ceritinib
Data9_GSM4140332_ATCTGCCCAACAACCT-1,0,ceritinib
Data9_GSM4140332_ATCTGCCCAAGGGTCA-1,0,ceritinib
Data9_GSM4140332_ATCTGCCCAAGGTGTG-1,0,ceritinib
Data9_GSM4140332_ATCTGCCCAATAGCGG-1,0,ceritinib
Data9_GSM4140332_ATCTGCCCAGGCGATA-1,0,ceritinib
Data9_GSM4140332_ATCTGCCCAGTGAGTG-1,0,ceritinib
Data9_GSM4140332_ATCTGCCGTAGTAGTA-1,0,ceritinib
Data9_GSM4140332_ATCTGCCGTGCACGAA-1,0,ceritinib
Data9_GSM4140332_ATCTGCCGTTGCCTCT-1,0,ceritinib
Data9_GSM4140332_ATGAGGGAGATAGTCA-1,0,ceritinib
Data9_GSM4140332_ATGAGGGAGTACGTAA-1,0,ceritinib
Data9_GSM4140332_ATGAGGGCACATGGGA-1,0,ceritinib
Data9_GSM4140332_ATGAGGGTCAAGCCTA-1,0,ceritinib
Data9_GSM4140332_ATGAGGGTCCTTTCGG-1,0,ceritinib
Data9_GSM4140332_ATGAGGGTCTGTACGA-1,0,ceritinib
Data9_GSM4140332_ATGCGATAGTACCGGA-1,0,ceritinib
Data9_GSM4140332_ATGCGATCACAGCGTC-1,0,ceritinib
Data9_GSM4140332_ATGCGATTCAGGCAAG-1,0,ceritinib
Data9_GSM4140332_ATGCGATTCCGCAGTG-1,0,ceritinib
Data9_GSM4140332_ATGCGATTCTGATACG-1,0,ceritinib
Data9_GSM4140332_ATGGGAGAGATGAGAG-1,0,ceritinib
Data9_GSM4140332_ATGGGAGAGCAATCTC-1,0,ceritinib
Data9_GSM4140332_ATGGGAGCAACTGGCC-1,0,ceritinib
Data9_GSM4140332_ATGGGAGCACAGGAGT-1,0,ceritinib
Data9_GSM4140332_ATGGGAGCACGGCGTT-1,0,ceritinib
Data9_GSM4140332_ATGGGAGGTCGCATAT-1,0,ceritinib
Data9_GSM4140332_ATGGGAGGTGATGTCT-1,0,ceritinib
Data9_GSM4140332_ATGGGAGGTGTCAATC-1,0,ceritinib
Data9_GSM4140332_ATGGGAGGTGTTAAGA-1,0,ceritinib
Data9_GSM4140332_ATGGGAGTCACCAGGC-1,0,ceritinib
Data9_GSM4140332_ATGGGAGTCCAGGGCT-1,0,ceritinib
Data9_GSM4140332_ATGGGAGTCCCATTAT-1,0,ceritinib
Data9_GSM4140332_ATGGGAGTCTGCTGTC-1,0,ceritinib
Data9_GSM4140332_ATGTGTGAGTCCAGGA-1,0,ceritinib
Data9_GSM4140332_ATGTGTGAGTCGTACT-1,0,ceritinib
Data9_GSM4140332_ATGTGTGCATAGACTC-1,0,ceritinib
Data9_GSM4140332_ATGTGTGGTAGCAAAT-1,0,ceritinib
Data9_GSM4140332_ATGTGTGGTAGGCTGA-1,0,ceritinib
Data9_GSM4140332_ATGTGTGGTCCGAAGA-1,0,ceritinib
Data9_GSM4140332_ATGTGTGGTTACTGAC-1,0,ceritinib
Data9_GSM4140332_ATGTGTGGTTCAGGCC-1,0,ceritinib
Data9_GSM4140332_ATGTGTGTCACCACCT-1,0,ceritinib
Data9_GSM4140332_ATGTGTGTCGCAGGCT-1,0,ceritinib
Data9_GSM4140332_ATGTGTGTCTGTACGA-1,0,ceritinib
Data9_GSM4140332_ATGTGTGTCTTACCGC-1,0,ceritinib
Data9_GSM4140332_ATTACTCAGCCGGTAA-1,0,ceritinib
Data9_GSM4140332_ATTACTCAGGGAGTAA-1,0,ceritinib
Data9_GSM4140332_ATTACTCAGTACGCCC-1,0,ceritinib
Data9_GSM4140332_ATTACTCAGTGTCCAT-1,0,ceritinib
Data9_GSM4140332_ATTACTCCAAGTCTGT-1,0,ceritinib
Data9_GSM4140332_ATTACTCCACAACTGT-1,0,ceritinib
Data9_GSM4140332_ATTACTCCACCACCAG-1,0,ceritinib
Data9_GSM4140332_ATTACTCCAGGTGCCT-1,0,ceritinib
Data9_GSM4140332_ATTACTCCATGTCGAT-1,0,ceritinib
Data9_GSM4140332_ATTACTCTCCTAGGGC-1,0,ceritinib
Data9_GSM4140332_ATTATCCAGACCACGA-1,0,ceritinib
Data9_GSM4140332_ATTATCCAGCACCGCT-1,0,ceritinib
Data9_GSM4140332_ATTATCCAGGGTTTCT-1,0,ceritinib
Data9_GSM4140332_ATTATCCAGGTGCTAG-1,0,ceritinib
Data9_GSM4140332_ATTATCCCACGACGAA-1,0,ceritinib
Data9_GSM4140332_ATTATCCCAGTATGCT-1,0,ceritinib
Data9_GSM4140332_ATTATCCGTTGAACTC-1,0,ceritinib
Data9_GSM4140332_ATTCTACAGCTGAACG-1,0,ceritinib
Data9_GSM4140332_ATTCTACAGTAATCCC-1,0,ceritinib
Data9_GSM4140332_ATTCTACAGTCACGCC-1,0,ceritinib
Data9_GSM4140332_ATTCTACCAACTGCGC-1,0,ceritinib
Data9_GSM4140332_ATTCTACCAAGTACCT-1,0,ceritinib
Data9_GSM4140332_ATTCTACCACAGGTTT-1,0,ceritinib
Data9_GSM4140332_ATTCTACGTAGCTAAA-1,0,ceritinib
Data9_GSM4140332_ATTCTACGTCAAAGCG-1,0,ceritinib
Data9_GSM4140332_ATTCTACGTGCGAAAC-1,0,ceritinib
Data9_GSM4140332_ATTCTACTCACATGCA-1,0,ceritinib
Data9_GSM4140332_ATTCTACTCAGCACAT-1,0,ceritinib
Data9_GSM4140332_ATTCTACTCCTTTCGG-1,0,ceritinib
Data9_GSM4140332_ATTCTACTCGTAGGAG-1,0,ceritinib
Data9_GSM4140332_ATTGGACAGGTAAACT-1,0,ceritinib
Data9_GSM4140332_ATTGGACCAGACACTT-1,0,ceritinib
Data9_GSM4140332_ATTGGACGTAGATTAG-1,0,ceritinib
Data9_GSM4140332_ATTGGACGTCATGCCG-1,0,ceritinib
Data9_GSM4140332_ATTGGACGTCGAGATG-1,0,ceritinib
Data9_GSM4140332_ATTGGACTCACGAAGG-1,0,ceritinib
Data9_GSM4140332_ATTGGACTCAGTTTGG-1,0,ceritinib
Data9_GSM4140332_ATTGGTGCAGCATGAG-1,0,ceritinib
Data9_GSM4140332_ATTGGTGCAGTACACT-1,0,ceritinib
Data9_GSM4140332_ATTGGTGCATACCATG-1,0,ceritinib
Data9_GSM4140332_ATTGGTGCATCTCGCT-1,0,ceritinib
Data9_GSM4140332_ATTGGTGCATGGTCAT-1,0,ceritinib
Data9_GSM4140332_ATTGGTGCATTAGGCT-1,0,ceritinib
Data9_GSM4140332_ATTGGTGGTCTCCACT-1,0,ceritinib
Data9_GSM4140332_ATTGGTGGTGTCAATC-1,0,ceritinib
Data9_GSM4140332_ATTGGTGTCACGAAGG-1,0,ceritinib
Data9_GSM4140332_ATTGGTGTCCAAGCCG-1,0,ceritinib
Data9_GSM4140332_ATTGGTGTCTACGAGT-1,0,ceritinib
Data9_GSM4140332_ATTTCTGAGACCCACC-1,0,ceritinib
Data9_GSM4140332_ATTTCTGAGCTCCTCT-1,0,ceritinib
Data9_GSM4140332_ATTTCTGAGGCGACAT-1,0,ceritinib
Data9_GSM4140332_ATTTCTGCAAATTGCC-1,0,ceritinib
Data9_GSM4140332_ATTTCTGCAAGCCATT-1,0,ceritinib
Data9_GSM4140332_ATTTCTGGTACGAAAT-1,0,ceritinib
Data9_GSM4140332_ATTTCTGGTATCACCA-1,0,ceritinib
Data9_GSM4140332_ATTTCTGGTCGCTTTC-1,0,ceritinib
Data9_GSM4140332_ATTTCTGGTGGGTCAA-1,0,ceritinib
Data9_GSM4140332_ATTTCTGGTGGTCCGT-1,0,ceritinib
Data9_GSM4140332_ATTTCTGTCGCCGTGA-1,0,ceritinib
Data9_GSM4140332_CAACCAAAGCACAGGT-1,0,ceritinib
Data9_GSM4140332_CAACCAACAAGGTGTG-1,0,ceritinib
Data9_GSM4140332_CAACCAACACACTGCG-1,0,ceritinib
Data9_GSM4140332_CAACCAACACATGTGT-1,0,ceritinib
Data9_GSM4140332_CAACCAAGTAGAGTGC-1,0,ceritinib
Data9_GSM4140332_CAACCAAGTATCACCA-1,0,ceritinib
Data9_GSM4140332_CAACCAAGTCGTGGCT-1,0,ceritinib
Data9_GSM4140332_CAACCAAGTCTTTCAT-1,0,ceritinib
Data9_GSM4140332_CAACCAAGTTACGGAG-1,0,ceritinib
Data9_GSM4140332_CAACCAATCCACGAAT-1,0,ceritinib
Data9_GSM4140332_CAACCTCAGGTGCTAG-1,0,ceritinib
Data9_GSM4140332_CAACCTCAGTGGTAGC-1,0,ceritinib
Data9_GSM4140332_CAACCTCCAAATTGCC-1,0,ceritinib
Data9_GSM4140332_CAACCTCCAATTGCTG-1,0,ceritinib
Data9_GSM4140332_CAACCTCCAGTCGTGC-1,0,ceritinib
Data9_GSM4140332_CAACCTCCATAACCTG-1,0,ceritinib
Data9_GSM4140332_CAACCTCGTCGCGGTT-1,0,ceritinib
Data9_GSM4140332_CAACCTCGTGCTCTTC-1,0,ceritinib
Data9_GSM4140332_CAACCTCGTTTGTTGG-1,0,ceritinib
Data9_GSM4140332_CAACCTCTCACCCGAG-1,0,ceritinib
Data9_GSM4140332_CAACCTCTCGACAGCC-1,0,ceritinib
Data9_GSM4140332_CAACCTCTCTTCGAGA-1,0,ceritinib
Data9_GSM4140332_CAACTAGAGATCCGAG-1,0,ceritinib
Data9_GSM4140332_CAACTAGAGGAATCGC-1,0,ceritinib
Data9_GSM4140332_CAACTAGAGTGTTGAA-1,0,ceritinib
Data9_GSM4140332_CAACTAGCAATGGTCT-1,0,ceritinib
Data9_GSM4140332_CAACTAGCAGCGAACA-1,0,ceritinib
Data9_GSM4140332_CAACTAGCATGCTAGT-1,0,ceritinib
Data9_GSM4140332_CAACTAGGTAGCGCAA-1,0,ceritinib
Data9_GSM4140332_CAACTAGTCACGCATA-1,0,ceritinib
Data9_GSM4140332_CAACTAGTCAGGCGAA-1,0,ceritinib
Data9_GSM4140332_CAACTAGTCTCGGACG-1,0,ceritinib
Data9_GSM4140332_CAACTAGTCTTGCATT-1,0,ceritinib
Data9_GSM4140332_CAAGAAAAGAGTAAGG-1,0,ceritinib
Data9_GSM4140332_CAAGAAAAGCAGCCTC-1,0,ceritinib
Data9_GSM4140332_CAAGAAAAGCTGGAAC-1,0,ceritinib
Data9_GSM4140332_CAAGAAACAAGTTAAG-1,0,ceritinib
Data9_GSM4140332_CAAGAAACATGAACCT-1,0,ceritinib
Data9_GSM4140332_CAAGAAAGTCCAGTTA-1,0,ceritinib
Data9_GSM4140332_CAAGAAAGTCCCGACA-1,0,ceritinib
Data9_GSM4140332_CAAGAAAGTCCGTCAG-1,0,ceritinib
Data9_GSM4140332_CAAGATCAGATCCCGC-1,0,ceritinib
Data9_GSM4140332_CAAGATCAGCTAGCCC-1,0,ceritinib
Data9_GSM4140332_CAAGATCAGGGCACTA-1,0,ceritinib
Data9_GSM4140332_CAAGATCAGTTCGATC-1,0,ceritinib
Data9_GSM4140332_CAAGATCCAGCATGAG-1,0,ceritinib
Data9_GSM4140332_CAAGATCGTCTTGATG-1,0,ceritinib
Data9_GSM4140332_CAAGATCTCAGTTTGG-1,0,ceritinib
Data9_GSM4140332_CAAGATCTCATTATCC-1,0,ceritinib
Data9_GSM4140332_CAAGATCTCGAGAACG-1,0,ceritinib
Data9_GSM4140332_CAAGGCCAGCTCAACT-1,0,ceritinib
Data9_GSM4140332_CAAGGCCCAAAGCGGT-1,0,ceritinib
Data9_GSM4140332_CAAGGCCCAAATACAG-1,0,ceritinib
Data9_GSM4140332_CAAGGCCCACCAACCG-1,0,ceritinib
Data9_GSM4140332_CAAGGCCCATCCCATC-1,0,ceritinib
Data9_GSM4140332_CAAGGCCGTTTGCATG-1,0,ceritinib
Data9_GSM4140332_CAAGGCCTCACAAACC-1,0,ceritinib
Data9_GSM4140332_CAAGGCCTCTGGCGAC-1,0,ceritinib
Data9_GSM4140332_CAAGTTGAGCTTTGGT-1,0,ceritinib
Data9_GSM4140332_CAAGTTGCATAGACTC-1,0,ceritinib
Data9_GSM4140332_CAAGTTGGTTGGAGGT-1,0,ceritinib
Data9_GSM4140332_CAAGTTGTCACTCTTA-1,0,ceritinib
Data9_GSM4140332_CAAGTTGTCAGCGACC-1,0,ceritinib
Data9_GSM4140332_CAAGTTGTCCATGAGT-1,0,ceritinib
Data9_GSM4140332_CAAGTTGTCGTACCGG-1,0,ceritinib
Data9_GSM4140332_CAAGTTGTCTCAAACG-1,0,ceritinib
Data9_GSM4140332_CACAAACCAAGAAGAG-1,0,ceritinib
Data9_GSM4140332_CACAAACCAAGGACAC-1,0,ceritinib
Data9_GSM4140332_CACAAACCAGCATGAG-1,0,ceritinib
Data9_GSM4140332_CACAAACCAGGTGGAT-1,0,ceritinib
Data9_GSM4140332_CACAAACGTAACGACG-1,0,ceritinib
Data9_GSM4140332_CACAAACGTACTCGCG-1,0,ceritinib
Data9_GSM4140332_CACAAACGTTCGCGAC-1,0,ceritinib
Data9_GSM4140332_CACAAACTCCAAACAC-1,0,ceritinib
Data9_GSM4140332_CACACAAAGAACAATC-1,0,ceritinib
Data9_GSM4140332_CACACAAAGGGTGTTG-1,0,ceritinib
Data9_GSM4140332_CACACAAAGTAGCGGT-1,0,ceritinib
Data9_GSM4140332_CACACAAAGTGGAGAA-1,0,ceritinib
Data9_GSM4140332_CACACAACAATGTAAG-1,0,ceritinib
Data9_GSM4140332_CACACAACACGGCCAT-1,0,ceritinib
Data9_GSM4140332_CACACAACAGTAAGCG-1,0,ceritinib
Data9_GSM4140332_CACACAAGTAGCTCCG-1,0,ceritinib
Data9_GSM4140332_CACACAAGTCAAACTC-1,0,ceritinib
Data9_GSM4140332_CACACAAGTTACCGAT-1,0,ceritinib
Data9_GSM4140332_CACACAATCCAAGTAC-1,0,ceritinib
Data9_GSM4140332_CACACAATCTTACCTA-1,0,ceritinib
Data9_GSM4140332_CACACCTCACAGCGTC-1,0,ceritinib
Data9_GSM4140332_CACACCTCAGCTGTAT-1,0,ceritinib
Data9_GSM4140332_CACACCTCAGTCGTGC-1,0,ceritinib
Data9_GSM4140332_CACACCTGTACAGTTC-1,0,ceritinib
Data9_GSM4140332_CACACCTGTTTCCACC-1,0,ceritinib
Data9_GSM4140332_CACACTCAGCTCCCAG-1,0,ceritinib
Data9_GSM4140332_CACACTCCAATCCAAC-1,0,ceritinib
Data9_GSM4140332_CACACTCGTCACCTAA-1,0,ceritinib
Data9_GSM4140332_CACACTCGTCGCTTCT-1,0,ceritinib
Data9_GSM4140332_CACACTCTCAGCTCTC-1,0,ceritinib
Data9_GSM4140332_CACACTCTCCACGAAT-1,0,ceritinib
Data9_GSM4140332_CACACTCTCCTTGACC-1,0,ceritinib
Data9_GSM4140332_CACACTCTCTACCTGC-1,0,ceritinib
Data9_GSM4140332_CACACTCTCTCTTATG-1,0,ceritinib
Data9_GSM4140332_CACAGGCAGAAGGTTT-1,0,ceritinib
Data9_GSM4140332_CACAGGCAGAGGTTAT-1,0,ceritinib
Data9_GSM4140332_CACAGGCCAAGCGCTC-1,0,ceritinib
Data9_GSM4140332_CACAGGCCAATGACCT-1,0,ceritinib
Data9_GSM4140332_CACAGGCCAGGAATGC-1,0,ceritinib
Data9_GSM4140332_CACAGGCGTACACCGC-1,0,ceritinib
Data9_GSM4140332_CACAGGCTCCGGGTGT-1,0,ceritinib
Data9_GSM4140332_CACAGTAAGAATTCCC-1,0,ceritinib
Data9_GSM4140332_CACAGTAAGCCAGTAG-1,0,ceritinib
Data9_GSM4140332_CACAGTAAGTAGCGGT-1,0,ceritinib
Data9_GSM4140332_CACAGTAAGTGTTGAA-1,0,ceritinib
Data9_GSM4140332_CACAGTACAAAGGCGT-1,0,ceritinib
Data9_GSM4140332_CACAGTACAAGACGTG-1,0,ceritinib
Data9_GSM4140332_CACAGTAGTACATCCA-1,0,ceritinib
Data9_GSM4140332_CACAGTAGTACCGAGA-1,0,ceritinib
Data9_GSM4140332_CACAGTATCATGTAGC-1,0,ceritinib
Data9_GSM4140332_CACAGTATCTTTACAC-1,0,ceritinib
Data9_GSM4140332_CACATAGAGTCCGTAT-1,0,ceritinib
Data9_GSM4140332_CACATAGCACAGAGGT-1,0,ceritinib
Data9_GSM4140332_CACATAGCACCAGGCT-1,0,ceritinib
Data9_GSM4140332_CACATAGCAGCTGTAT-1,0,ceritinib
Data9_GSM4140332_CACATAGCAGTATAAG-1,0,ceritinib
Data9_GSM4140332_CACATAGCATGCAACT-1,0,ceritinib
Data9_GSM4140332_CACATAGTCACCACCT-1,0,ceritinib
Data9_GSM4140332_CACATTTAGACATAAC-1,0,ceritinib
Data9_GSM4140332_CACATTTAGGTGACCA-1,0,ceritinib
Data9_GSM4140332_CACATTTCAGCTGTAT-1,0,ceritinib
Data9_GSM4140332_CACATTTCATATGAGA-1,0,ceritinib
Data9_GSM4140332_CACATTTGTCTGCAAT-1,0,ceritinib
Data9_GSM4140332_CACATTTGTGAGTATA-1,0,ceritinib
Data9_GSM4140332_CACATTTGTGGTGTAG-1,0,ceritinib
Data9_GSM4140332_CACATTTTCAAACGGG-1,0,ceritinib
Data9_GSM4140332_CACATTTTCAACGGGA-1,0,ceritinib
Data9_GSM4140332_CACATTTTCAGTGTTG-1,0,ceritinib
Data9_GSM4140332_CACATTTTCGCGTAGC-1,0,ceritinib
Data9_GSM4140332_CACCACTAGGGCTTCC-1,0,ceritinib
Data9_GSM4140332_CACCACTAGTGGACGT-1,0,ceritinib
Data9_GSM4140332_CACCACTCAAGGGTCA-1,0,ceritinib
Data9_GSM4140332_CACCACTCACAAGCCC-1,0,ceritinib
Data9_GSM4140332_CACCACTCACAGCCCA-1,0,ceritinib
Data9_GSM4140332_CACCACTCACGTCTCT-1,0,ceritinib
Data9_GSM4140332_CACCACTCATCCTAGA-1,0,ceritinib
Data9_GSM4140332_CACCACTGTAAACACA-1,0,ceritinib
Data9_GSM4140332_CACCACTGTAGAGGAA-1,0,ceritinib
Data9_GSM4140332_CACCACTGTATTCGTG-1,0,ceritinib
Data9_GSM4140332_CACCACTGTCTCCCTA-1,0,ceritinib
Data9_GSM4140332_CACCACTGTTCCGTCT-1,0,ceritinib
Data9_GSM4140332_CACCACTGTTCGGGCT-1,0,ceritinib
Data9_GSM4140332_CACCACTTCCCGGATG-1,0,ceritinib
Data9_GSM4140332_CACCAGGAGATCTGAA-1,0,ceritinib
Data9_GSM4140332_CACCAGGAGCCACCTG-1,0,ceritinib
Data9_GSM4140332_CACCAGGAGCGATGAC-1,0,ceritinib
Data9_GSM4140332_CACCAGGAGGTAGCTG-1,0,ceritinib
Data9_GSM4140332_CACCAGGCACACATGT-1,0,ceritinib
Data9_GSM4140332_CACCAGGCATGGTTGT-1,0,ceritinib
Data9_GSM4140332_CACCAGGGTGAGGGAG-1,0,ceritinib
Data9_GSM4140332_CACCAGGTCCAGAAGG-1,0,ceritinib
Data9_GSM4140332_CACCAGGTCTTAACCT-1,0,ceritinib
Data9_GSM4140332_CACCTTGAGGAATGGA-1,0,ceritinib
Data9_GSM4140332_CACCTTGCAGTATAAG-1,0,ceritinib
Data9_GSM4140332_CACCTTGGTGATGTGG-1,0,ceritinib
Data9_GSM4140332_CACCTTGGTGTTCTTT-1,0,ceritinib
Data9_GSM4140332_CACCTTGGTTCACCTC-1,0,ceritinib
Data9_GSM4140332_CACTCCAAGACTTTCG-1,0,ceritinib
Data9_GSM4140332_CACTCCAAGAGTGACC-1,0,ceritinib
Data9_GSM4140332_CACTCCAAGATGCCAG-1,0,ceritinib
Data9_GSM4140332_CACTCCAAGCGTCAAG-1,0,ceritinib
Data9_GSM4140332_CACTCCAAGCTACCTA-1,0,ceritinib
Data9_GSM4140332_CACTCCAAGGGCTCTC-1,0,ceritinib
Data9_GSM4140332_CACTCCACAACGCACC-1,0,ceritinib
Data9_GSM4140332_CACTCCACAGACAAGC-1,0,ceritinib
Data9_GSM4140332_CACTCCACAGTCACTA-1,0,ceritinib
Data9_GSM4140332_CACTCCAGTAGCGATG-1,0,ceritinib
Data9_GSM4140332_CACTCCAGTCCGAATT-1,0,ceritinib
Data9_GSM4140332_CACTCCATCCCACTTG-1,0,ceritinib
Data9_GSM4140332_CACTCCATCGGTTAAC-1,0,ceritinib
Data9_GSM4140332_CACTCCATCGTACCGG-1,0,ceritinib
Data9_GSM4140332_CAGAATCAGAGGGATA-1,0,ceritinib
Data9_GSM4140332_CAGAATCAGTGAATTG-1,0,ceritinib
Data9_GSM4140332_CAGAATCCAAAGTCAA-1,0,ceritinib
Data9_GSM4140332_CAGAATCCACAGGCCT-1,0,ceritinib
Data9_GSM4140332_CAGAATCCACATCCGG-1,0,ceritinib
Data9_GSM4140332_CAGAATCGTCAAGCGA-1,0,ceritinib
Data9_GSM4140332_CAGAATCGTGCCTGGT-1,0,ceritinib
Data9_GSM4140332_CAGAATCTCCAAGTAC-1,0,ceritinib
Data9_GSM4140332_CAGAATCTCGAGAGCA-1,0,ceritinib
Data9_GSM4140332_CAGAATCTCTGGTTCC-1,0,ceritinib
Data9_GSM4140332_CAGAATCTCTTGAGGT-1,0,ceritinib
Data9_GSM4140332_CAGAGAGAGAAGAAGC-1,0,ceritinib
Data9_GSM4140332_CAGAGAGAGCAGGCTA-1,0,ceritinib
Data9_GSM4140332_CAGAGAGAGCTCTCGG-1,0,ceritinib
Data9_GSM4140332_CAGAGAGCAAGCCGTC-1,0,ceritinib
Data9_GSM4140332_CAGAGAGCACAGGTTT-1,0,ceritinib
Data9_GSM4140332_CAGAGAGCAGATTGCT-1,0,ceritinib
Data9_GSM4140332_CAGAGAGCAGTATGCT-1,0,ceritinib
Data9_GSM4140332_CAGAGAGCAGTTCCCT-1,0,ceritinib
Data9_GSM4140332_CAGAGAGGTTAAGGGC-1,0,ceritinib
Data9_GSM4140332_CAGAGAGTCAGCTCTC-1,0,ceritinib
Data9_GSM4140332_CAGATCAAGACAGGCT-1,0,ceritinib
Data9_GSM4140332_CAGATCAAGGCACATG-1,0,ceritinib
Data9_GSM4140332_CAGATCAAGTGGTAAT-1,0,ceritinib
Data9_GSM4140332_CAGATCAAGTGTTAGA-1,0,ceritinib
Data9_GSM4140332_CAGATCACACAGGAGT-1,0,ceritinib
Data9_GSM4140332_CAGATCACATTGCGGC-1,0,ceritinib
Data9_GSM4140332_CAGATCAGTAGATTAG-1,0,ceritinib
Data9_GSM4140332_CAGATCAGTTAAGTAG-1,0,ceritinib
Data9_GSM4140332_CAGATCAGTTAGGGTG-1,0,ceritinib
Data9_GSM4140332_CAGATCATCACATAGC-1,0,ceritinib
Data9_GSM4140332_CAGATCATCACGACTA-1,0,ceritinib
Data9_GSM4140332_CAGCAGCAGAATTCCC-1,0,ceritinib
Data9_GSM4140332_CAGCAGCAGCGGCTTC-1,0,ceritinib
Data9_GSM4140332_CAGCAGCAGGGTATCG-1,0,ceritinib
Data9_GSM4140332_CAGCAGCCATTGGGCC-1,0,ceritinib
Data9_GSM4140332_CAGCAGCGTCAGTGGA-1,0,ceritinib
Data9_GSM4140332_CAGCAGCGTGAAAGAG-1,0,ceritinib
Data9_GSM4140332_CAGCAGCGTTAAGGGC-1,0,ceritinib
Data9_GSM4140332_CAGCAGCTCACTATTC-1,0,ceritinib
Data9_GSM4140332_CAGCAGCTCTCATTCA-1,0,ceritinib
Data9_GSM4140332_CAGCATAAGAAGGGTA-1,0,ceritinib
Data9_GSM4140332_CAGCATAAGCATCATC-1,0,ceritinib
Data9_GSM4140332_CAGCATAAGTGAACAT-1,0,ceritinib
Data9_GSM4140332_CAGCATACACTGTCGG-1,0,ceritinib
Data9_GSM4140332_CAGCATACAGCTGTAT-1,0,ceritinib
Data9_GSM4140332_CAGCATACATATGAGA-1,0,ceritinib
Data9_GSM4140332_CAGCATAGTACCTACA-1,0,ceritinib
Data9_GSM4140332_CAGCATATCGCGATCG-1,0,ceritinib
Data9_GSM4140332_CAGCATATCGTGTAGT-1,0,ceritinib
Data9_GSM4140332_CAGCCGAAGAGCTATA-1,0,ceritinib
Data9_GSM4140332_CAGCCGAAGGAATTAC-1,0,ceritinib
Data9_GSM4140332_CAGCCGAAGTTCCACA-1,0,ceritinib
Data9_GSM4140332_CAGCCGAAGTTTAGGA-1,0,ceritinib
Data9_GSM4140332_CAGCCGACAAGGTTCT-1,0,ceritinib
Data9_GSM4140332_CAGCCGACACCAACCG-1,0,ceritinib
Data9_GSM4140332_CAGCCGATCAACACAC-1,0,ceritinib
Data9_GSM4140332_CAGCCGATCCTAGAAC-1,0,ceritinib
Data9_GSM4140332_CAGCGACAGCGTGAGT-1,0,ceritinib
Data9_GSM4140332_CAGCGACCACATCTTT-1,0,ceritinib
Data9_GSM4140332_CAGCGACGTGGCCCTA-1,0,ceritinib
Data9_GSM4140332_CAGCGACGTGTGCGTC-1,0,ceritinib
Data9_GSM4140332_CAGCGACGTTACGCGC-1,0,ceritinib
Data9_GSM4140332_CAGCGACTCGGTCCGA-1,0,ceritinib
Data9_GSM4140332_CAGCTAAAGAGCCCAA-1,0,ceritinib
Data9_GSM4140332_CAGCTAAAGCCAGTTT-1,0,ceritinib
Data9_GSM4140332_CAGCTAAAGGACACCA-1,0,ceritinib
Data9_GSM4140332_CAGCTAACAAGGACAC-1,0,ceritinib
Data9_GSM4140332_CAGCTAATCAAACCGT-1,0,ceritinib
Data9_GSM4140332_CAGCTGGAGCTAGTCT-1,0,ceritinib
Data9_GSM4140332_CAGCTGGCAGGGTATG-1,0,ceritinib
Data9_GSM4140332_CAGCTGGCATCTGGTA-1,0,ceritinib
Data9_GSM4140332_CAGCTGGGTAATAGCA-1,0,ceritinib
Data9_GSM4140332_CAGCTGGTCCAAGCCG-1,0,ceritinib
Data9_GSM4140332_CAGGTGCCAATTGCTG-1,0,ceritinib
Data9_GSM4140332_CAGGTGCGTCTCATCC-1,0,ceritinib
Data9_GSM4140332_CAGGTGCGTTAAGACA-1,0,ceritinib
Data9_GSM4140332_CAGGTGCTCACGATGT-1,0,ceritinib
Data9_GSM4140332_CAGGTGCTCATATCGG-1,0,ceritinib
Data9_GSM4140332_CAGGTGCTCCCTTGTG-1,0,ceritinib
Data9_GSM4140332_CAGGTGCTCGCCATAA-1,0,ceritinib
Data9_GSM4140332_CAGGTGCTCGTGTAGT-1,0,ceritinib
Data9_GSM4140332_CAGGTGCTCTACTTAC-1,0,ceritinib
Data9_GSM4140332_CAGGTGCTCTCAACTT-1,0,ceritinib
Data9_GSM4140332_CAGTAACAGCACCGCT-1,0,ceritinib
Data9_GSM4140332_CAGTAACCAGATCGGA-1,0,ceritinib
Data9_GSM4140332_CAGTAACCAGCGTCCA-1,0,ceritinib
Data9_GSM4140332_CAGTAACTCGTTGACA-1,0,ceritinib
Data9_GSM4140332_CAGTCCTAGACTTGAA-1,0,ceritinib
Data9_GSM4140332_CAGTCCTAGACTTTCG-1,0,ceritinib
Data9_GSM4140332_CAGTCCTAGTGAAGAG-1,0,ceritinib
Data9_GSM4140332_CAGTCCTCACTTACGA-1,0,ceritinib
Data9_GSM4140332_CAGTCCTGTCCGCTGA-1,0,ceritinib
Data9_GSM4140332_CAGTCCTGTTACGGAG-1,0,ceritinib
Data9_GSM4140332_CAGTCCTGTTCACCTC-1,0,ceritinib
Data9_GSM4140332_CAGTCCTGTTGAGTTC-1,0,ceritinib
Data9_GSM4140332_CAGTCCTGTTTCCACC-1,0,ceritinib
Data9_GSM4140332_CAGTCCTTCATGGTCA-1,0,ceritinib
Data9_GSM4140332_CATATGGAGCACGCCT-1,0,ceritinib
Data9_GSM4140332_CATATGGCAACTGCGC-1,0,ceritinib
Data9_GSM4140332_CATATGGCACGAGGTA-1,0,ceritinib
Data9_GSM4140332_CATATGGCAGTATAAG-1,0,ceritinib
Data9_GSM4140332_CATATGGGTGACCAAG-1,0,ceritinib
Data9_GSM4140332_CATATGGGTTGTGGCC-1,0,ceritinib
Data9_GSM4140332_CATATGGTCTGGCGTG-1,0,ceritinib
Data9_GSM4140332_CATATTCAGTCTCGGC-1,0,ceritinib
Data9_GSM4140332_CATATTCCAGCATACT-1,0,ceritinib
Data9_GSM4140332_CATATTCCATCTCCCA-1,0,ceritinib
Data9_GSM4140332_CATATTCCATGGGACA-1,0,ceritinib
Data9_GSM4140332_CATATTCGTCCAGTTA-1,0,ceritinib
Data9_GSM4140332_CATATTCGTCGCTTTC-1,0,ceritinib
Data9_GSM4140332_CATATTCGTCTAGCCG-1,0,ceritinib
Data9_GSM4140332_CATATTCTCACTTATC-1,0,ceritinib
Data9_GSM4140332_CATATTCTCATCATTC-1,0,ceritinib
Data9_GSM4140332_CATATTCTCATCTGCC-1,0,ceritinib
Data9_GSM4140332_CATATTCTCATGCTCC-1,0,ceritinib
Data9_GSM4140332_CATCAAGAGAATAGGG-1,0,ceritinib
Data9_GSM4140332_CATCAAGAGAGCCCAA-1,0,ceritinib
Data9_GSM4140332_CATCAAGCAAGCGTAG-1,0,ceritinib
Data9_GSM4140332_CATCAAGCAGTAACGG-1,0,ceritinib
Data9_GSM4140332_CATCAAGCATATACCG-1,0,ceritinib
Data9_GSM4140332_CATCAAGCATTGAGCT-1,0,ceritinib
Data9_GSM4140332_CATCAAGGTATTAGCC-1,0,ceritinib
Data9_GSM4140332_CATCAAGGTCACCCAG-1,0,ceritinib
Data9_GSM4140332_CATCAAGGTCTAAAGA-1,0,ceritinib
Data9_GSM4140332_CATCAAGTCAACACGT-1,0,ceritinib
Data9_GSM4140332_CATCAAGTCAGTTAGC-1,0,ceritinib
Data9_GSM4140332_CATCAGAAGGATGGTC-1,0,ceritinib
Data9_GSM4140332_CATCAGAAGGCTAGCA-1,0,ceritinib
Data9_GSM4140332_CATCAGAAGGGTCTCC-1,0,ceritinib
Data9_GSM4140332_CATCAGACAGTAAGCG-1,0,ceritinib
Data9_GSM4140332_CATCAGACATGTAAGA-1,0,ceritinib
Data9_GSM4140332_CATCAGAGTCAGCTAT-1,0,ceritinib
Data9_GSM4140332_CATCAGAGTGTTGGGA-1,0,ceritinib
Data9_GSM4140332_CATCAGATCATGGTCA-1,0,ceritinib
Data9_GSM4140332_CATCAGATCGCATGGC-1,0,ceritinib
Data9_GSM4140332_CATCAGATCTGTGCAA-1,0,ceritinib
Data9_GSM4140332_CATCAGATCTTGTTTG-1,0,ceritinib
Data9_GSM4140332_CATCCACAGAATTGTG-1,0,ceritinib
Data9_GSM4140332_CATCCACAGTCGTACT-1,0,ceritinib
Data9_GSM4140332_CATCCACAGTGTGGCA-1,0,ceritinib
Data9_GSM4140332_CATCCACCATTGGTAC-1,0,ceritinib
Data9_GSM4140332_CATCCACGTACATGTC-1,0,ceritinib
Data9_GSM4140332_CATCCACGTCATGCAT-1,0,ceritinib
Data9_GSM4140332_CATCCACGTCTCTTAT-1,0,ceritinib
Data9_GSM4140332_CATCCACGTGAAAGAG-1,0,ceritinib
Data9_GSM4140332_CATCCACGTTGCTCCT-1,0,ceritinib
Data9_GSM4140332_CATCCACTCAAGCCTA-1,0,ceritinib
Data9_GSM4140332_CATCCACTCAGGTTCA-1,0,ceritinib
Data9_GSM4140332_CATCCACTCCACTCCA-1,0,ceritinib
Data9_GSM4140332_CATCGAAAGCTCTCGG-1,0,ceritinib
Data9_GSM4140332_CATCGAACAAAGCGGT-1,0,ceritinib
Data9_GSM4140332_CATCGAACATATACCG-1,0,ceritinib
Data9_GSM4140332_CATCGAAGTAGAGTGC-1,0,ceritinib
Data9_GSM4140332_CATCGAAGTAGGCATG-1,0,ceritinib
Data9_GSM4140332_CATCGAAGTCTGCGGT-1,0,ceritinib
Data9_GSM4140332_CATCGAAGTGGGTATG-1,0,ceritinib
Data9_GSM4140332_CATCGAATCGAGAACG-1,0,ceritinib
Data9_GSM4140332_CATCGGGAGACCACGA-1,0,ceritinib
Data9_GSM4140332_CATCGGGAGCGGCTTC-1,0,ceritinib
Data9_GSM4140332_CATCGGGAGGTCATCT-1,0,ceritinib
Data9_GSM4140332_CATCGGGAGTGTGAAT-1,0,ceritinib
Data9_GSM4140332_CATCGGGCAAACGTGG-1,0,ceritinib
Data9_GSM4140332_CATCGGGCAACTGGCC-1,0,ceritinib
Data9_GSM4140332_CATCGGGCAAGTCTGT-1,0,ceritinib
Data9_GSM4140332_CATCGGGCAGACAGGT-1,0,ceritinib
Data9_GSM4140332_CATCGGGGTTATTCTC-1,0,ceritinib
Data9_GSM4140332_CATCGGGGTTTGTGTG-1,0,ceritinib
Data9_GSM4140332_CATCGGGTCATGTGGT-1,0,ceritinib
Data9_GSM4140332_CATCGGGTCTATCCCG-1,0,ceritinib
Data9_GSM4140332_CATGACAAGATCCTGT-1,0,ceritinib
Data9_GSM4140332_CATGACAAGTCGTACT-1,0,ceritinib
Data9_GSM4140332_CATGACACACTGAAGG-1,0,ceritinib
Data9_GSM4140332_CATGACACAGGACCCT-1,0,ceritinib
Data9_GSM4140332_CATGACACAGGGTTAG-1,0,ceritinib
Data9_GSM4140332_CATGACAGTATGAAAC-1,0,ceritinib
Data9_GSM4140332_CATGACAGTCAAGCGA-1,0,ceritinib
Data9_GSM4140332_CATGACAGTCGCGTGT-1,0,ceritinib
Data9_GSM4140332_CATGACAGTGACTCAT-1,0,ceritinib
Data9_GSM4140332_CATGACAGTTTGTGTG-1,0,ceritinib
Data9_GSM4140332_CATGACATCATTTGGG-1,0,ceritinib
Data9_GSM4140332_CATGACATCTTGTATC-1,0,ceritinib
Data9_GSM4140332_CATGCCTAGGGATACC-1,0,ceritinib
Data9_GSM4140332_CATGCCTAGTTAACGA-1,0,ceritinib
Data9_GSM4140332_CATGCCTCAAACTGTC-1,0,ceritinib
Data9_GSM4140332_CATGCCTCAATGTAAG-1,0,ceritinib
Data9_GSM4140332_CATGCCTCACACTGCG-1,0,ceritinib
Data9_GSM4140332_CATGCCTCAGCCAATT-1,0,ceritinib
Data9_GSM4140332_CATGCCTCATCGGGTC-1,0,ceritinib
Data9_GSM4140332_CATGCCTGTAAGCACG-1,0,ceritinib
Data9_GSM4140332_CATGCCTTCGTCGTTC-1,0,ceritinib
Data9_GSM4140332_CATGCCTTCTTGCATT-1,0,ceritinib
Data9_GSM4140332_CATGGCGAGATGTGGC-1,0,ceritinib
Data9_GSM4140332_CATGGCGAGCGTAGTG-1,0,ceritinib
Data9_GSM4140332_CATGGCGCAACACGCC-1,0,ceritinib
Data9_GSM4140332_CATGGCGCATTTGCTT-1,0,ceritinib
Data9_GSM4140332_CATGGCGGTCTAGTCA-1,0,ceritinib
Data9_GSM4140332_CATGGCGTCATCTGCC-1,0,ceritinib
Data9_GSM4140332_CATTATCAGGCTCTTA-1,0,ceritinib
Data9_GSM4140332_CATTATCAGTGCGATG-1,0,ceritinib
Data9_GSM4140332_CATTATCAGTGGCACA-1,0,ceritinib
Data9_GSM4140332_CATTATCCAAGTCTAC-1,0,ceritinib
Data9_GSM4140332_CATTATCCACTGCCAG-1,0,ceritinib
Data9_GSM4140332_CATTATCCAGACACTT-1,0,ceritinib
Data9_GSM4140332_CATTATCCAGTAAGCG-1,0,ceritinib
Data9_GSM4140332_CATTATCGTAAGTAGT-1,0,ceritinib
Data9_GSM4140332_CATTATCGTATAGGTA-1,0,ceritinib
Data9_GSM4140332_CATTATCGTATTACCG-1,0,ceritinib
Data9_GSM4140332_CATTATCGTCAACTGT-1,0,ceritinib
Data9_GSM4140332_CATTATCGTCATGCAT-1,0,ceritinib
Data9_GSM4140332_CATTATCGTCTCCATC-1,0,ceritinib
Data9_GSM4140332_CATTATCTCACATAGC-1,0,ceritinib
Data9_GSM4140332_CATTATCTCACTATTC-1,0,ceritinib
Data9_GSM4140332_CATTATCTCCCTAATT-1,0,ceritinib
Data9_GSM4140332_CATTATCTCTGACCTC-1,0,ceritinib
Data9_GSM4140332_CATTATCTCTTCGGTC-1,0,ceritinib
Data9_GSM4140332_CATTCGCAGAGGTAGA-1,0,ceritinib
Data9_GSM4140332_CATTCGCCAAATACAG-1,0,ceritinib
Data9_GSM4140332_CATTCGCCAATGGATA-1,0,ceritinib
Data9_GSM4140332_CATTCGCCACTCAGGC-1,0,ceritinib
Data9_GSM4140332_CATTCGCCAGATCTGT-1,0,ceritinib
Data9_GSM4140332_CATTCGCCATGTCGAT-1,0,ceritinib
Data9_GSM4140332_CATTCGCGTAAGTGTA-1,0,ceritinib
Data9_GSM4140332_CATTCGCGTCAAACTC-1,0,ceritinib
Data9_GSM4140332_CATTCGCGTCTGGAGA-1,0,ceritinib
Data9_GSM4140332_CATTCGCGTGCGAAAC-1,0,ceritinib
Data9_GSM4140332_CATTCGCGTTACGGAG-1,0,ceritinib
Data9_GSM4140332_CATTCGCTCCATTCTA-1,0,ceritinib
Data9_GSM4140332_CCAATCCAGCCAGTAG-1,0,ceritinib
Data9_GSM4140332_CCAATCCAGGCGACAT-1,0,ceritinib
Data9_GSM4140332_CCAATCCAGGGTGTGT-1,0,ceritinib
Data9_GSM4140332_CCAATCCAGTACGATA-1,0,ceritinib
Data9_GSM4140332_CCAATCCAGTTCGCAT-1,0,ceritinib
Data9_GSM4140332_CCAATCCCATCCTTGC-1,0,ceritinib
Data9_GSM4140332_CCAATCCGTCTGGAGA-1,0,ceritinib
Data9_GSM4140332_CCAATCCGTTCCAACA-1,0,ceritinib
Data9_GSM4140332_CCAATCCGTTTACTCT-1,0,ceritinib
Data9_GSM4140332_CCAATCCTCATCTGTT-1,0,ceritinib
Data9_GSM4140332_CCAATCCTCCAGTATG-1,0,ceritinib
Data9_GSM4140332_CCAATCCTCGGATGTT-1,0,ceritinib
Data9_GSM4140332_CCAATCCTCTTGCATT-1,0,ceritinib
Data9_GSM4140332_CCACCTAAGCAGACTG-1,0,ceritinib
Data9_GSM4140332_CCACCTAAGGTCGGAT-1,0,ceritinib
Data9_GSM4140332_CCACCTACAGATTGCT-1,0,ceritinib
Data9_GSM4140332_CCACCTACAGTGGAGT-1,0,ceritinib
Data9_GSM4140332_CCACCTACATCACGTA-1,0,ceritinib
Data9_GSM4140332_CCACCTAGTCTTCTCG-1,0,ceritinib
Data9_GSM4140332_CCACCTAGTGCACCAC-1,0,ceritinib
Data9_GSM4140332_CCACCTAGTTCGCGAC-1,0,ceritinib
Data9_GSM4140332_CCACCTAGTTGGTAAA-1,0,ceritinib
Data9_GSM4140332_CCACCTAGTTGTCTTT-1,0,ceritinib
Data9_GSM4140332_CCACCTATCACCTCGT-1,0,ceritinib
Data9_GSM4140332_CCACCTATCCGCGCAA-1,0,ceritinib
Data9_GSM4140332_CCACGGAAGCTGATAA-1,0,ceritinib
Data9_GSM4140332_CCACGGAAGGGCACTA-1,0,ceritinib
Data9_GSM4140332_CCACGGACAGCCAGAA-1,0,ceritinib
Data9_GSM4140332_CCACGGACAGCTGGCT-1,0,ceritinib
Data9_GSM4140332_CCACGGAGTATGAATG-1,0,ceritinib
Data9_GSM4140332_CCACGGAGTTGTTTGG-1,0,ceritinib
Data9_GSM4140332_CCACGGATCACCCGAG-1,0,ceritinib
Data9_GSM4140332_CCACGGATCACGCATA-1,0,ceritinib
Data9_GSM4140332_CCACGGATCATCATTC-1,0,ceritinib
Data9_GSM4140332_CCACTACAGAATTCCC-1,0,ceritinib
Data9_GSM4140332_CCACTACAGCCCTAAT-1,0,ceritinib
Data9_GSM4140332_CCACTACAGGGATGGG-1,0,ceritinib
Data9_GSM4140332_CCACTACGTAGTAGTA-1,0,ceritinib
Data9_GSM4140332_CCACTACGTCCGTGAC-1,0,ceritinib
Data9_GSM4140332_CCACTACGTGTATGGG-1,0,ceritinib
Data9_GSM4140332_CCACTACTCAGAGACG-1,0,ceritinib
Data9_GSM4140332_CCACTACTCCTATTCA-1,0,ceritinib
Data9_GSM4140332_CCAGCGAAGCCAGAAC-1,0,ceritinib
Data9_GSM4140332_CCAGCGACACACCGCA-1,0,ceritinib
Data9_GSM4140332_CCAGCGAGTACATGTC-1,0,ceritinib
Data9_GSM4140332_CCAGCGATCCAAATGC-1,0,ceritinib
Data9_GSM4140332_CCATGTCAGCTGTCTA-1,0,ceritinib
Data9_GSM4140332_CCATGTCAGTGGGCTA-1,0,ceritinib
Data9_GSM4140332_CCATGTCGTCAATGTC-1,0,ceritinib
Data9_GSM4140332_CCATGTCGTTTAAGCC-1,0,ceritinib
Data9_GSM4140332_CCATGTCTCAAGCCTA-1,0,ceritinib
Data9_GSM4140332_CCATGTCTCTGTCAAG-1,0,ceritinib
Data9_GSM4140332_CCATTCGAGAACTGTA-1,0,ceritinib
Data9_GSM4140332_CCATTCGAGGATGCGT-1,0,ceritinib
Data9_GSM4140332_CCATTCGCACCAGATT-1,0,ceritinib
Data9_GSM4140332_CCATTCGCAGACGCAA-1,0,ceritinib
Data9_GSM4140332_CCATTCGCAGGTCCAC-1,0,ceritinib
Data9_GSM4140332_CCATTCGGTCTCATCC-1,0,ceritinib
Data9_GSM4140332_CCATTCGGTTCTGAAC-1,0,ceritinib
Data9_GSM4140332_CCATTCGTCATGTAGC-1,0,ceritinib
Data9_GSM4140332_CCCAATCAGACTGTAA-1,0,ceritinib
Data9_GSM4140332_CCCAATCAGATAGGAG-1,0,ceritinib
Data9_GSM4140332_CCCAATCAGCTGAACG-1,0,ceritinib
Data9_GSM4140332_CCCAATCAGGCCATAG-1,0,ceritinib
Data9_GSM4140332_CCCAATCCAATGGAGC-1,0,ceritinib
Data9_GSM4140332_CCCAATCCAGGTGGAT-1,0,ceritinib
Data9_GSM4140332_CCCAATCGTAGCGCAA-1,0,ceritinib
Data9_GSM4140332_CCCAATCGTCCCTACT-1,0,ceritinib
Data9_GSM4140332_CCCAATCTCCAAAGTC-1,0,ceritinib
Data9_GSM4140332_CCCAATCTCTATCCTA-1,0,ceritinib
Data9_GSM4140332_CCCAGTTAGAACAACT-1,0,ceritinib
Data9_GSM4140332_CCCAGTTAGATCTGCT-1,0,ceritinib
Data9_GSM4140332_CCCAGTTCAATAGAGT-1,0,ceritinib
Data9_GSM4140332_CCCAGTTCAATAGCAA-1,0,ceritinib
Data9_GSM4140332_CCCAGTTCAGGTTTCA-1,0,ceritinib
Data9_GSM4140332_CCCAGTTCATCCTTGC-1,0,ceritinib
Data9_GSM4140332_CCCAGTTGTACCATCA-1,0,ceritinib
Data9_GSM4140332_CCCAGTTTCCACGCAG-1,0,ceritinib
Data9_GSM4140332_CCCAGTTTCGAGAACG-1,0,ceritinib
Data9_GSM4140332_CCCAGTTTCTACTATC-1,0,ceritinib
Data9_GSM4140332_CCCATACAGAGCCCAA-1,0,ceritinib
Data9_GSM4140332_CCCATACAGATAGTCA-1,0,ceritinib
Data9_GSM4140332_CCCATACAGCGATATA-1,0,ceritinib
Data9_GSM4140332_CCCATACAGGGTGTGT-1,0,ceritinib
Data9_GSM4140332_CCCATACAGGTGTTAA-1,0,ceritinib
Data9_GSM4140332_CCCATACCAAAGCAAT-1,0,ceritinib
Data9_GSM4140332_CCCATACCAACTTGAC-1,0,ceritinib
Data9_GSM4140332_CCCATACCAAGAGTCG-1,0,ceritinib
Data9_GSM4140332_CCCATACGTTCCACGG-1,0,ceritinib
Data9_GSM4140332_CCCATACTCCAAGCCG-1,0,ceritinib
Data9_GSM4140332_CCCATACTCTGAAAGA-1,0,ceritinib
Data9_GSM4140332_CCCATACTCTTGACGA-1,0,ceritinib
Data9_GSM4140332_CCCTCCTAGCTCCTCT-1,0,ceritinib
Data9_GSM4140332_CCCTCCTAGGATGTAT-1,0,ceritinib
Data9_GSM4140332_CCCTCCTAGGCATGGT-1,0,ceritinib
Data9_GSM4140332_CCCTCCTAGGCTCTTA-1,0,ceritinib
Data9_GSM4140332_CCCTCCTAGGTGCTTT-1,0,ceritinib
Data9_GSM4140332_CCCTCCTAGTACATGA-1,0,ceritinib
Data9_GSM4140332_CCCTCCTAGTATCTCG-1,0,ceritinib
Data9_GSM4140332_CCCTCCTAGTCCGTAT-1,0,ceritinib
Data9_GSM4140332_CCCTCCTCAATGACCT-1,0,ceritinib
Data9_GSM4140332_CCCTCCTGTGACTACT-1,0,ceritinib
Data9_GSM4140332_CCCTCCTTCGTAGGAG-1,0,ceritinib
Data9_GSM4140332_CCCTCCTTCTGATTCT-1,0,ceritinib
Data9_GSM4140332_CCGGGATAGAGCCCAA-1,0,ceritinib
Data9_GSM4140332_CCGGGATAGAGCCTAG-1,0,ceritinib
Data9_GSM4140332_CCGGGATAGCCCAGCT-1,0,ceritinib
Data9_GSM4140332_CCGGGATAGCCCGAAA-1,0,ceritinib
Data9_GSM4140332_CCGGGATAGTACGCCC-1,0,ceritinib
Data9_GSM4140332_CCGGGATCACGGTAAG-1,0,ceritinib
Data9_GSM4140332_CCGGGATCATAAGACA-1,0,ceritinib
Data9_GSM4140332_CCGGGATGTAGGCATG-1,0,ceritinib
Data9_GSM4140332_CCGGGATGTGCTAGCC-1,0,ceritinib
Data9_GSM4140332_CCGGGATGTTAAGATG-1,0,ceritinib
Data9_GSM4140332_CCGGGATTCCTGCTTG-1,0,ceritinib
Data9_GSM4140332_CCGGGATTCGCTGATA-1,0,ceritinib
Data9_GSM4140332_CCGGGATTCGTCACGG-1,0,ceritinib
Data9_GSM4140332_CCGGGATTCTTCCTTC-1,0,ceritinib
Data9_GSM4140332_CCGGTAGAGTACCGGA-1,0,ceritinib
Data9_GSM4140332_CCGGTAGCAAGAAGAG-1,0,ceritinib
Data9_GSM4140332_CCGGTAGCATAGGATA-1,0,ceritinib
Data9_GSM4140332_CCGGTAGCATCCGGGT-1,0,ceritinib
Data9_GSM4140332_CCGGTAGGTCCGAAGA-1,0,ceritinib
Data9_GSM4140332_CCGGTAGTCATGTGGT-1,0,ceritinib
Data9_GSM4140332_CCGGTAGTCGGAAATA-1,0,ceritinib
Data9_GSM4140332_CCGGTAGTCTTATCTG-1,0,ceritinib
Data9_GSM4140332_CCGGTAGTCTTGAGAC-1,0,ceritinib
Data9_GSM4140332_CCGGTAGTCTTGTCAT-1,0,ceritinib
Data9_GSM4140332_CCGTACTAGAAACGAG-1,0,ceritinib
Data9_GSM4140332_CCGTACTAGATGTAAC-1,0,ceritinib
Data9_GSM4140332_CCGTACTAGGGCTCTC-1,0,ceritinib
Data9_GSM4140332_CCGTACTCAAACGCGA-1,0,ceritinib
Data9_GSM4140332_CCGTACTCAGGAACGT-1,0,ceritinib
Data9_GSM4140332_CCGTACTCATTCCTCG-1,0,ceritinib
Data9_GSM4140332_CCGTACTGTAAATGAC-1,0,ceritinib
Data9_GSM4140332_CCGTACTGTCATGCCG-1,0,ceritinib
Data9_GSM4140332_CCGTACTGTCCGTTAA-1,0,ceritinib
Data9_GSM4140332_CCGTACTGTGACGGTA-1,0,ceritinib
Data9_GSM4140332_CCGTACTGTTTAGGAA-1,0,ceritinib
Data9_GSM4140332_CCGTACTTCCGTTGTC-1,0,ceritinib
Data9_GSM4140332_CCGTACTTCGTGTAGT-1,0,ceritinib
Data9_GSM4140332_CCGTGGAAGATAGCAT-1,0,ceritinib
Data9_GSM4140332_CCGTGGAAGCTGGAAC-1,0,ceritinib
Data9_GSM4140332_CCGTGGAAGTTGCAGG-1,0,ceritinib
Data9_GSM4140332_CCGTGGACAATAGCAA-1,0,ceritinib
Data9_GSM4140332_CCGTGGACAGAGCCAA-1,0,ceritinib
Data9_GSM4140332_CCGTGGAGTCACTGGC-1,0,ceritinib
Data9_GSM4140332_CCGTGGAGTCTAGGTT-1,0,ceritinib
Data9_GSM4140332_CCGTGGAGTTCCACTC-1,0,ceritinib
Data9_GSM4140332_CCGTGGATCAGTTAGC-1,0,ceritinib
Data9_GSM4140332_CCGTGGATCTACTATC-1,0,ceritinib
Data9_GSM4140332_CCGTTCAAGGTTACCT-1,0,ceritinib
Data9_GSM4140332_CCGTTCAAGTTCGCAT-1,0,ceritinib
Data9_GSM4140332_CCGTTCACAAGACGTG-1,0,ceritinib
Data9_GSM4140332_CCGTTCACAGGTCGTC-1,0,ceritinib
Data9_GSM4140332_CCGTTCACATGGGAAC-1,0,ceritinib
Data9_GSM4140332_CCGTTCACATTGCGGC-1,0,ceritinib
Data9_GSM4140332_CCGTTCAGTAGCCTCG-1,0,ceritinib
Data9_GSM4140332_CCGTTCAGTGGTGTAG-1,0,ceritinib
Data9_GSM4140332_CCGTTCATCACCGGGT-1,0,ceritinib
Data9_GSM4140332_CCGTTCATCAGAGGTG-1,0,ceritinib
Data9_GSM4140332_CCGTTCATCTGCGACG-1,0,ceritinib
Data9_GSM4140332_CCGTTCATCTTACCGC-1,0,ceritinib
Data9_GSM4140332_CCTAAAGAGACTGGGT-1,0,ceritinib
Data9_GSM4140332_CCTAAAGAGGCTCATT-1,0,ceritinib
Data9_GSM4140332_CCTAAAGAGTTAACGA-1,0,ceritinib
Data9_GSM4140332_CCTAAAGCACCGAAAG-1,0,ceritinib
Data9_GSM4140332_CCTAAAGCATCCCATC-1,0,ceritinib
Data9_GSM4140332_CCTAAAGGTAGGGTAC-1,0,ceritinib
Data9_GSM4140332_CCTAAAGGTATAATGG-1,0,ceritinib
Data9_GSM4140332_CCTAAAGGTATGAATG-1,0,ceritinib
Data9_GSM4140332_CCTAAAGGTTGTCGCG-1,0,ceritinib
Data9_GSM4140332_CCTAAAGTCAATACCG-1,0,ceritinib
Data9_GSM4140332_CCTAAAGTCCCTGACT-1,0,ceritinib
Data9_GSM4140332_CCTAAAGTCCTAGAAC-1,0,ceritinib
Data9_GSM4140332_CCTAAAGTCCTTCAAT-1,0,ceritinib
Data9_GSM4140332_CCTAAAGTCTGAAAGA-1,0,ceritinib
Data9_GSM4140332_CCTACACAGAAACGCC-1,0,ceritinib
Data9_GSM4140332_CCTACACCACCAGGTC-1,0,ceritinib
Data9_GSM4140332_CCTACACCAGCTCGCA-1,0,ceritinib
Data9_GSM4140332_CCTACACCATTGGTAC-1,0,ceritinib
Data9_GSM4140332_CCTACACGTACTCAAC-1,0,ceritinib
Data9_GSM4140332_CCTACACGTCCAACTA-1,0,ceritinib
Data9_GSM4140332_CCTACACGTGTCAATC-1,0,ceritinib
Data9_GSM4140332_CCTACACTCCCAAGAT-1,0,ceritinib
Data9_GSM4140332_CCTACCAAGCAATATG-1,0,ceritinib
Data9_GSM4140332_CCTACCAAGGAGTTTA-1,0,ceritinib
Data9_GSM4140332_CCTACCACAGCCTTTC-1,0,ceritinib
Data9_GSM4140332_CCTACCACAGCTGGCT-1,0,ceritinib
Data9_GSM4140332_CCTACCAGTTACCAGT-1,0,ceritinib
Data9_GSM4140332_CCTACCAGTTGGTAAA-1,0,ceritinib
Data9_GSM4140332_CCTACCATCACTCCTG-1,0,ceritinib
Data9_GSM4140332_CCTACCATCCACGTGG-1,0,ceritinib
Data9_GSM4140332_CCTAGCTAGATGTCGG-1,0,ceritinib
Data9_GSM4140332_CCTAGCTAGGGCATGT-1,0,ceritinib
Data9_GSM4140332_CCTAGCTAGTCATGCT-1,0,ceritinib
Data9_GSM4140332_CCTAGCTCAAACGCGA-1,0,ceritinib
Data9_GSM4140332_CCTAGCTCAAGCTGTT-1,0,ceritinib
Data9_GSM4140332_CCTAGCTCAAGGACTG-1,0,ceritinib
Data9_GSM4140332_CCTAGCTCACGTCTCT-1,0,ceritinib
Data9_GSM4140332_CCTAGCTCAGCGTAAG-1,0,ceritinib
Data9_GSM4140332_CCTAGCTCATCCGGGT-1,0,ceritinib
Data9_GSM4140332_CCTAGCTCATCGGTTA-1,0,ceritinib
Data9_GSM4140332_CCTAGCTGTCAAAGCG-1,0,ceritinib
Data9_GSM4140332_CCTAGCTGTGAGGCTA-1,0,ceritinib
Data9_GSM4140332_CCTAGCTGTGGTACAG-1,0,ceritinib
Data9_GSM4140332_CCTAGCTTCACAACGT-1,0,ceritinib
Data9_GSM4140332_CCTAGCTTCGTAGGAG-1,0,ceritinib
Data9_GSM4140332_CCTATTAAGACTCGGA-1,0,ceritinib
Data9_GSM4140332_CCTATTACATCGGGTC-1,0,ceritinib
Data9_GSM4140332_CCTATTATCAAGCCTA-1,0,ceritinib
Data9_GSM4140332_CCTCAGTAGACTAGGC-1,0,ceritinib
Data9_GSM4140332_CCTCAGTAGCACCGCT-1,0,ceritinib
Data9_GSM4140332_CCTCAGTAGGATTCGG-1,0,ceritinib
Data9_GSM4140332_CCTCAGTAGTTACGGG-1,0,ceritinib
Data9_GSM4140332_CCTCAGTCACAGACTT-1,0,ceritinib
Data9_GSM4140332_CCTCAGTGTGACAAAT-1,0,ceritinib
Data9_GSM4140332_CCTCAGTTCAGCATGT-1,0,ceritinib
Data9_GSM4140332_CCTCAGTTCCCTAATT-1,0,ceritinib
Data9_GSM4140332_CCTCAGTTCTACTTAC-1,0,ceritinib
Data9_GSM4140332_CCTCTGACAGAGCCAA-1,0,ceritinib
Data9_GSM4140332_CCTCTGAGTAGGACAC-1,0,ceritinib
Data9_GSM4140332_CCTCTGAGTGCACGAA-1,0,ceritinib
Data9_GSM4140332_CCTCTGAGTTACGCGC-1,0,ceritinib
Data9_GSM4140332_CCTTACGAGACATAAC-1,0,ceritinib
Data9_GSM4140332_CCTTACGAGATCGGGT-1,0,ceritinib
Data9_GSM4140332_CCTTACGAGATGTCGG-1,0,ceritinib
Data9_GSM4140332_CCTTACGCAAACCTAC-1,0,ceritinib
Data9_GSM4140332_CCTTACGCAACGATCT-1,0,ceritinib
Data9_GSM4140332_CCTTACGTCCAAACAC-1,0,ceritinib
Data9_GSM4140332_CCTTACGTCTGTGCAA-1,0,ceritinib
Data9_GSM4140332_CCTTCCCCATGAACCT-1,0,ceritinib
Data9_GSM4140332_CCTTCCCCATGATCCA-1,0,ceritinib
Data9_GSM4140332_CCTTCCCGTCCAACTA-1,0,ceritinib
Data9_GSM4140332_CCTTCCCGTGTGAAAT-1,0,ceritinib
Data9_GSM4140332_CCTTCCCTCCACTGGG-1,0,ceritinib
Data9_GSM4140332_CCTTCCCTCCAGAAGG-1,0,ceritinib
Data9_GSM4140332_CCTTCCCTCTATCCCG-1,0,ceritinib
Data9_GSM4140332_CCTTCGAAGAGGACGG-1,0,ceritinib
Data9_GSM4140332_CCTTCGAAGCACCGTC-1,0,ceritinib
Data9_GSM4140332_CCTTCGAAGGGAAACA-1,0,ceritinib
Data9_GSM4140332_CCTTCGACAATACGCT-1,0,ceritinib
Data9_GSM4140332_CCTTCGACACGCTTTC-1,0,ceritinib
Data9_GSM4140332_CCTTCGACATCACCCT-1,0,ceritinib
Data9_GSM4140332_CCTTCGAGTCACCCAG-1,0,ceritinib
Data9_GSM4140332_CCTTCGAGTCCGAAGA-1,0,ceritinib
Data9_GSM4140332_CCTTTCTAGATCGATA-1,0,ceritinib
Data9_GSM4140332_CCTTTCTAGCAGGTCA-1,0,ceritinib
Data9_GSM4140332_CCTTTCTAGGAACTGC-1,0,ceritinib
Data9_GSM4140332_CCTTTCTAGGAATGGA-1,0,ceritinib
Data9_GSM4140332_CCTTTCTAGGACGAAA-1,0,ceritinib
Data9_GSM4140332_CCTTTCTAGGCAATTA-1,0,ceritinib
Data9_GSM4140332_CCTTTCTCAAACCTAC-1,0,ceritinib
Data9_GSM4140332_CCTTTCTCAGCCTATA-1,0,ceritinib
Data9_GSM4140332_CCTTTCTGTAAGGATT-1,0,ceritinib
Data9_GSM4140332_CCTTTCTGTTTGGGCC-1,0,ceritinib
Data9_GSM4140332_CCTTTCTTCCGTAGTA-1,0,ceritinib
Data9_GSM4140332_CCTTTCTTCGCAAACT-1,0,ceritinib
Data9_GSM4140332_CCTTTCTTCGTTTATC-1,0,ceritinib
Data9_GSM4140332_CGAACATCAGCCAGAA-1,0,ceritinib
Data9_GSM4140332_CGAACATCAGTGGAGT-1,0,ceritinib
Data9_GSM4140332_CGAACATGTCGAATCT-1,0,ceritinib
Data9_GSM4140332_CGAACATGTCGTGGCT-1,0,ceritinib
Data9_GSM4140332_CGAACATGTCTAACGT-1,0,ceritinib
Data9_GSM4140332_CGAACATGTGGTGTAG-1,0,ceritinib
Data9_GSM4140332_CGAACATGTTCCATGA-1,0,ceritinib
Data9_GSM4140332_CGAACATTCCCAAGAT-1,0,ceritinib
Data9_GSM4140332_CGAATGTAGTAGGTGC-1,0,ceritinib
Data9_GSM4140332_CGAATGTCACCGAATT-1,0,ceritinib
Data9_GSM4140332_CGAATGTCACGCCAGT-1,0,ceritinib
Data9_GSM4140332_CGAATGTCATGATCCA-1,0,ceritinib
Data9_GSM4140332_CGAATGTGTGACGGTA-1,0,ceritinib
Data9_GSM4140332_CGAATGTTCGCCAGCA-1,0,ceritinib
Data9_GSM4140332_CGACCTTAGCAACGGT-1,0,ceritinib
Data9_GSM4140332_CGACCTTAGTTACGGG-1,0,ceritinib
Data9_GSM4140332_CGACCTTCACAAGTAA-1,0,ceritinib
Data9_GSM4140332_CGACCTTCACCAGTTA-1,0,ceritinib
Data9_GSM4140332_CGACCTTCATTTGCTT-1,0,ceritinib
Data9_GSM4140332_CGACCTTGTGTGAAAT-1,0,ceritinib
Data9_GSM4140332_CGACCTTGTTAAGACA-1,0,ceritinib
Data9_GSM4140332_CGACCTTTCACTATTC-1,0,ceritinib
Data9_GSM4140332_CGACCTTTCCACGAAT-1,0,ceritinib
Data9_GSM4140332_CGACCTTTCCCATTAT-1,0,ceritinib
Data9_GSM4140332_CGACCTTTCCTAGAAC-1,0,ceritinib
Data9_GSM4140332_CGACCTTTCCTTGACC-1,0,ceritinib
Data9_GSM4140332_CGACTTCAGAGCTGCA-1,0,ceritinib
Data9_GSM4140332_CGACTTCAGTCTCGGC-1,0,ceritinib
Data9_GSM4140332_CGACTTCCACCAGCAC-1,0,ceritinib
Data9_GSM4140332_CGACTTCGTCTTGTCC-1,0,ceritinib
Data9_GSM4140332_CGACTTCGTTCATGGT-1,0,ceritinib
Data9_GSM4140332_CGACTTCTCTTCAACT-1,0,ceritinib
Data9_GSM4140332_CGAGAAGAGAAGGCCT-1,0,ceritinib
Data9_GSM4140332_CGAGAAGCAGCAGTTT-1,0,ceritinib
Data9_GSM4140332_CGAGAAGCATAACCTG-1,0,ceritinib
Data9_GSM4140332_CGAGAAGGTACTCGCG-1,0,ceritinib
Data9_GSM4140332_CGAGAAGGTCTAGCCG-1,0,ceritinib
Data9_GSM4140332_CGAGAAGGTGTTCGAT-1,0,ceritinib
Data9_GSM4140332_CGAGAAGGTTCCGGCA-1,0,ceritinib
Data9_GSM4140332_CGAGAAGTCAGCTCGG-1,0,ceritinib
Data9_GSM4140332_CGAGCACAGACCCACC-1,0,ceritinib
Data9_GSM4140332_CGAGCACAGAGATGAG-1,0,ceritinib
Data9_GSM4140332_CGAGCACAGTGAAGTT-1,0,ceritinib
Data9_GSM4140332_CGAGCACAGTGTGAAT-1,0,ceritinib
Data9_GSM4140332_CGAGCACCAACCGCCA-1,0,ceritinib
Data9_GSM4140332_CGAGCACCACGTTGGC-1,0,ceritinib
Data9_GSM4140332_CGAGCACCATCCCACT-1,0,ceritinib
Data9_GSM4140332_CGAGCACGTATGGTTC-1,0,ceritinib
Data9_GSM4140332_CGAGCACGTCACAAGG-1,0,ceritinib
Data9_GSM4140332_CGAGCACGTCGAGATG-1,0,ceritinib
Data9_GSM4140332_CGAGCACGTCTGCAAT-1,0,ceritinib
Data9_GSM4140332_CGAGCACGTTGAGGTG-1,0,ceritinib
Data9_GSM4140332_CGAGCACTCGGTTCGG-1,0,ceritinib
Data9_GSM4140332_CGAGCCACACAGGCCT-1,0,ceritinib
Data9_GSM4140332_CGAGCCACAGATCTGT-1,0,ceritinib
Data9_GSM4140332_CGAGCCAGTAGCAAAT-1,0,ceritinib
Data9_GSM4140332_CGATCGGAGAAGGTGA-1,0,ceritinib
Data9_GSM4140332_CGATCGGAGCAAATCA-1,0,ceritinib
Data9_GSM4140332_CGATCGGAGCCTATGT-1,0,ceritinib
Data9_GSM4140332_CGATCGGAGTGAACGC-1,0,ceritinib
Data9_GSM4140332_CGATCGGCAATAAGCA-1,0,ceritinib
Data9_GSM4140332_CGATCGGCACAACGCC-1,0,ceritinib
Data9_GSM4140332_CGATCGGCACATTCGA-1,0,ceritinib
Data9_GSM4140332_CGATCGGCATACAGCT-1,0,ceritinib
Data9_GSM4140332_CGATCGGCATGGATGG-1,0,ceritinib
Data9_GSM4140332_CGATCGGGTTCCCTTG-1,0,ceritinib
Data9_GSM4140332_CGATCGGGTTGTCGCG-1,0,ceritinib
Data9_GSM4140332_CGATGGCAGATGTCGG-1,0,ceritinib
Data9_GSM4140332_CGATGGCAGCAGGTCA-1,0,ceritinib
Data9_GSM4140332_CGATGGCAGCCACGCT-1,0,ceritinib
Data9_GSM4140332_CGATGGCAGCTCTCGG-1,0,ceritinib
Data9_GSM4140332_CGATGGCCACCACCAG-1,0,ceritinib
Data9_GSM4140332_CGATGGCCAGACAAAT-1,0,ceritinib
Data9_GSM4140332_CGATGGCCAGGTCCAC-1,0,ceritinib
Data9_GSM4140332_CGATGGCGTCTAGGTT-1,0,ceritinib
Data9_GSM4140332_CGATGGCGTCTGATCA-1,0,ceritinib
Data9_GSM4140332_CGATGGCGTGTTTGGT-1,0,ceritinib
Data9_GSM4140332_CGATGGCTCGGCTTGG-1,0,ceritinib
Data9_GSM4140332_CGATGTACAACACCCG-1,0,ceritinib
Data9_GSM4140332_CGATGTACAAGGGTCA-1,0,ceritinib
Data9_GSM4140332_CGATGTACAATTCCTT-1,0,ceritinib
Data9_GSM4140332_CGATGTACAGACGCCT-1,0,ceritinib
Data9_GSM4140332_CGATGTATCGGTGTCG-1,0,ceritinib
Data9_GSM4140332_CGATTGAAGAAGCCCA-1,0,ceritinib
Data9_GSM4140332_CGATTGAAGAAGGTTT-1,0,ceritinib
Data9_GSM4140332_CGATTGAAGACGACGT-1,0,ceritinib
Data9_GSM4140332_CGATTGAAGCGCTCCA-1,0,ceritinib
Data9_GSM4140332_CGATTGACAGACAAGC-1,0,ceritinib
Data9_GSM4140332_CGATTGACAGACACTT-1,0,ceritinib
Data9_GSM4140332_CGATTGACAGCTATTG-1,0,ceritinib
Data9_GSM4140332_CGATTGACAGTCGTGC-1,0,ceritinib
Data9_GSM4140332_CGATTGACATTTCACT-1,0,ceritinib
Data9_GSM4140332_CGATTGAGTGCGCTTG-1,0,ceritinib
Data9_GSM4140332_CGATTGAGTTAGTGGG-1,0,ceritinib
Data9_GSM4140332_CGATTGATCAGGTAAA-1,0,ceritinib
Data9_GSM4140332_CGATTGATCAGTTTGG-1,0,ceritinib
Data9_GSM4140332_CGATTGATCCGTTGTC-1,0,ceritinib
Data9_GSM4140332_CGATTGATCGCATGGC-1,0,ceritinib
Data9_GSM4140332_CGCCAAGAGATGTCGG-1,0,ceritinib
Data9_GSM4140332_CGCCAAGAGCGTAGTG-1,0,ceritinib
Data9_GSM4140332_CGCCAAGCAGTCAGCC-1,0,ceritinib
Data9_GSM4140332_CGCCAAGGTCATTAGC-1,0,ceritinib
Data9_GSM4140332_CGCCAAGTCGCCTGTT-1,0,ceritinib
Data9_GSM4140332_CGCGGTAAGAAGAAGC-1,0,ceritinib
Data9_GSM4140332_CGCGGTAAGGAGTTGC-1,0,ceritinib
Data9_GSM4140332_CGCGGTAAGGGTCGAT-1,0,ceritinib
Data9_GSM4140332_CGCGGTACAGCAGTTT-1,0,ceritinib
Data9_GSM4140332_CGCGGTACATGCTGGC-1,0,ceritinib
Data9_GSM4140332_CGCGGTACATTGGCGC-1,0,ceritinib
Data9_GSM4140332_CGCGGTAGTGCGCTTG-1,0,ceritinib
Data9_GSM4140332_CGCGGTATCGGATGGA-1,0,ceritinib
Data9_GSM4140332_CGCGGTATCTGCTTGC-1,0,ceritinib
Data9_GSM4140332_CGCGGTATCTTCCTTC-1,0,ceritinib
Data9_GSM4140332_CGCGTTTCAATGGACG-1,0,ceritinib
Data9_GSM4140332_CGCGTTTCACGACGAA-1,0,ceritinib
Data9_GSM4140332_CGCGTTTCACGTGAGA-1,0,ceritinib
Data9_GSM4140332_CGCGTTTCATGCAATC-1,0,ceritinib
Data9_GSM4140332_CGCGTTTCATTGGTAC-1,0,ceritinib
Data9_GSM4140332_CGCGTTTGTCCCGACA-1,0,ceritinib
Data9_GSM4140332_CGCGTTTTCCTTTCTC-1,0,ceritinib
Data9_GSM4140332_CGCGTTTTCTGGCGTG-1,0,ceritinib
Data9_GSM4140332_CGCTATCAGATGAGAG-1,0,ceritinib
Data9_GSM4140332_CGCTATCAGATGTGGC-1,0,ceritinib
Data9_GSM4140332_CGCTATCCAAGCCCAC-1,0,ceritinib
Data9_GSM4140332_CGCTATCCAATAGCAA-1,0,ceritinib
Data9_GSM4140332_CGCTATCGTACCTACA-1,0,ceritinib
Data9_GSM4140332_CGCTATCGTAGTGAAT-1,0,ceritinib
Data9_GSM4140332_CGCTATCGTATAGGTA-1,0,ceritinib
Data9_GSM4140332_CGCTATCGTGGTACAG-1,0,ceritinib
Data9_GSM4140332_CGCTATCTCAACACAC-1,0,ceritinib
Data9_GSM4140332_CGCTATCTCAACCATG-1,0,ceritinib
Data9_GSM4140332_CGCTATCTCAACGGGA-1,0,ceritinib
Data9_GSM4140332_CGCTGGAAGCGATATA-1,0,ceritinib
Data9_GSM4140332_CGCTGGAAGGCCCTTG-1,0,ceritinib
Data9_GSM4140332_CGCTGGAAGGTGACCA-1,0,ceritinib
Data9_GSM4140332_CGCTGGAAGTCTCCTC-1,0,ceritinib
Data9_GSM4140332_CGCTGGACAATGGATA-1,0,ceritinib
Data9_GSM4140332_CGCTGGACACCAGTTA-1,0,ceritinib
Data9_GSM4140332_CGCTGGACAGCTGTGC-1,0,ceritinib
Data9_GSM4140332_CGCTGGACAGGCTGAA-1,0,ceritinib
Data9_GSM4140332_CGCTGGACATCCGGGT-1,0,ceritinib
Data9_GSM4140332_CGCTGGACATTTGCTT-1,0,ceritinib
Data9_GSM4140332_CGCTGGAGTGCACGAA-1,0,ceritinib
Data9_GSM4140332_CGCTGGAGTGTGGCTC-1,0,ceritinib
Data9_GSM4140332_CGCTGGAGTTCCGGCA-1,0,ceritinib
Data9_GSM4140332_CGCTGGAGTTCCGTCT-1,0,ceritinib
Data9_GSM4140332_CGCTGGATCATTGCGA-1,0,ceritinib
Data9_GSM4140332_CGCTGGATCCGCATCT-1,0,ceritinib
Data9_GSM4140332_CGCTTCAAGACGACGT-1,0,ceritinib
Data9_GSM4140332_CGCTTCAAGGCATTGG-1,0,ceritinib
Data9_GSM4140332_CGCTTCAAGGGAACGG-1,0,ceritinib
Data9_GSM4140332_CGCTTCACAGATGGGT-1,0,ceritinib
Data9_GSM4140332_CGCTTCACATAGAAAC-1,0,ceritinib
Data9_GSM4140332_CGCTTCAGTCAAAGAT-1,0,ceritinib
Data9_GSM4140332_CGCTTCAGTCTGATTG-1,0,ceritinib
Data9_GSM4140332_CGCTTCATCCGTCATC-1,0,ceritinib
Data9_GSM4140332_CGCTTCATCCTTGGTC-1,0,ceritinib
Data9_GSM4140332_CGGACACAGATGCCTT-1,0,ceritinib
Data9_GSM4140332_CGGACACAGGACATTA-1,0,ceritinib
Data9_GSM4140332_CGGACACAGGTCGGAT-1,0,ceritinib
Data9_GSM4140332_CGGACACAGTACGCCC-1,0,ceritinib
Data9_GSM4140332_CGGACACAGTGCCAGA-1,0,ceritinib
Data9_GSM4140332_CGGACACCAGTATAAG-1,0,ceritinib
Data9_GSM4140332_CGGACACCAGTATCTG-1,0,ceritinib
Data9_GSM4140332_CGGACACCATCTGGTA-1,0,ceritinib
Data9_GSM4140332_CGGACACCATGCTGGC-1,0,ceritinib
Data9_GSM4140332_CGGACACGTACATGTC-1,0,ceritinib
Data9_GSM4140332_CGGACACGTACTTAGC-1,0,ceritinib
Data9_GSM4140332_CGGACACGTCAACTGT-1,0,ceritinib
Data9_GSM4140332_CGGACACGTCGATTGT-1,0,ceritinib
Data9_GSM4140332_CGGACACGTGACGGTA-1,0,ceritinib
Data9_GSM4140332_CGGACACGTTGGTGGA-1,0,ceritinib
Data9_GSM4140332_CGGACACTCCCGGATG-1,0,ceritinib
Data9_GSM4140332_CGGACACTCCTCAACC-1,0,ceritinib
Data9_GSM4140332_CGGACGTAGCCGCCTA-1,0,ceritinib
Data9_GSM4140332_CGGACGTAGTGGGATC-1,0,ceritinib
Data9_GSM4140332_CGGACGTCAGAGCCAA-1,0,ceritinib
Data9_GSM4140332_CGGACGTCATAAGACA-1,0,ceritinib
Data9_GSM4140332_CGGACGTGTTAAGAAC-1,0,ceritinib
Data9_GSM4140332_CGGACGTTCCGTTGTC-1,0,ceritinib
Data9_GSM4140332_CGGACGTTCGCCTGAG-1,0,ceritinib
Data9_GSM4140332_CGGACTGAGAATTCCC-1,0,ceritinib
Data9_GSM4140332_CGGACTGAGCACAGGT-1,0,ceritinib
Data9_GSM4140332_CGGACTGAGCCAACAG-1,0,ceritinib
Data9_GSM4140332_CGGACTGAGGGATACC-1,0,ceritinib
Data9_GSM4140332_CGGACTGCATGGTCTA-1,0,ceritinib
Data9_GSM4140332_CGGACTGGTAAGAGAG-1,0,ceritinib
Data9_GSM4140332_CGGACTGGTTCGTCTC-1,0,ceritinib
Data9_GSM4140332_CGGACTGTCCCAGGTG-1,0,ceritinib
Data9_GSM4140332_CGGACTGTCGAATGGG-1,0,ceritinib
Data9_GSM4140332_CGGACTGTCTGAAAGA-1,0,ceritinib
Data9_GSM4140332_CGGAGCTAGAATCTCC-1,0,ceritinib
Data9_GSM4140332_CGGAGCTAGAGCAATT-1,0,ceritinib
Data9_GSM4140332_CGGAGCTAGAGGGATA-1,0,ceritinib
Data9_GSM4140332_CGGAGCTAGATATACG-1,0,ceritinib
Data9_GSM4140332_CGGAGCTAGTACGACG-1,0,ceritinib
Data9_GSM4140332_CGGAGCTAGTGAAGAG-1,0,ceritinib
Data9_GSM4140332_CGGAGCTCAAGCCTAT-1,0,ceritinib
Data9_GSM4140332_CGGAGCTCAGCTGTGC-1,0,ceritinib
Data9_GSM4140332_CGGAGCTCAGGAATCG-1,0,ceritinib
Data9_GSM4140332_CGGAGCTGTATTCGTG-1,0,ceritinib
Data9_GSM4140332_CGGAGCTGTGCTTCTC-1,0,ceritinib
Data9_GSM4140332_CGGAGCTTCCGATATG-1,0,ceritinib
Data9_GSM4140332_CGGAGCTTCGATCCCT-1,0,ceritinib
Data9_GSM4140332_CGGAGCTTCTCGGACG-1,0,ceritinib
Data9_GSM4140332_CGGAGTCAGAGTACCG-1,0,ceritinib
Data9_GSM4140332_CGGAGTCAGGCTAGGT-1,0,ceritinib
Data9_GSM4140332_CGGAGTCCACCTATCC-1,0,ceritinib
Data9_GSM4140332_CGGAGTCCAGACAAGC-1,0,ceritinib
Data9_GSM4140332_CGGAGTCCAGCCTATA-1,0,ceritinib
Data9_GSM4140332_CGGAGTCGTTCGTTGA-1,0,ceritinib
Data9_GSM4140332_CGGAGTCTCAAGATCC-1,0,ceritinib
Data9_GSM4140332_CGGAGTCTCGGATGGA-1,0,ceritinib
Data9_GSM4140332_CGGAGTCTCGGCTTGG-1,0,ceritinib
Data9_GSM4140332_CGGCTAGAGACAGACC-1,0,ceritinib
Data9_GSM4140332_CGGCTAGAGATATACG-1,0,ceritinib
Data9_GSM4140332_CGGCTAGCAACACCTA-1,0,ceritinib
Data9_GSM4140332_CGGCTAGCAGCTGCTG-1,0,ceritinib
Data9_GSM4140332_CGGCTAGGTGTGGTTT-1,0,ceritinib
Data9_GSM4140332_CGGCTAGTCACAAACC-1,0,ceritinib
Data9_GSM4140332_CGGCTAGTCACTCCTG-1,0,ceritinib
Data9_GSM4140332_CGGCTAGTCACTTCAT-1,0,ceritinib
Data9_GSM4140332_CGGGTCAAGAGTCGGT-1,0,ceritinib
Data9_GSM4140332_CGGGTCAAGCCACCTG-1,0,ceritinib
Data9_GSM4140332_CGGGTCAAGTACGATA-1,0,ceritinib
Data9_GSM4140332_CGGGTCAAGTCGATAA-1,0,ceritinib
Data9_GSM4140332_CGGGTCACACACCGAC-1,0,ceritinib
Data9_GSM4140332_CGGGTCACACCTCGGA-1,0,ceritinib
Data9_GSM4140332_CGGGTCACAGCGTTCG-1,0,ceritinib
Data9_GSM4140332_CGGGTCAGTAAATGTG-1,0,ceritinib
Data9_GSM4140332_CGGGTCAGTAAGTGGC-1,0,ceritinib
Data9_GSM4140332_CGGGTCAGTGTCCTCT-1,0,ceritinib
Data9_GSM4140332_CGGGTCAGTTGGACCC-1,0,ceritinib
Data9_GSM4140332_CGGTTAAAGATGCCTT-1,0,ceritinib
Data9_GSM4140332_CGGTTAAAGCAAATCA-1,0,ceritinib
Data9_GSM4140332_CGGTTAACAAGTAATG-1,0,ceritinib
Data9_GSM4140332_CGGTTAACAGGTTTCA-1,0,ceritinib
Data9_GSM4140332_CGGTTAACATGGTTGT-1,0,ceritinib
Data9_GSM4140332_CGGTTAACATGTCTCC-1,0,ceritinib
Data9_GSM4140332_CGGTTAAGTAACGTTC-1,0,ceritinib
Data9_GSM4140332_CGGTTAAGTACCATCA-1,0,ceritinib
Data9_GSM4140332_CGGTTAAGTCTGATCA-1,0,ceritinib
Data9_GSM4140332_CGGTTAAGTTCAGGCC-1,0,ceritinib
Data9_GSM4140332_CGGTTAAGTTGAGTTC-1,0,ceritinib
Data9_GSM4140332_CGGTTAATCGCATGAT-1,0,ceritinib
Data9_GSM4140332_CGGTTAATCGCTAGCG-1,0,ceritinib
Data9_GSM4140332_CGGTTAATCTGTCTCG-1,0,ceritinib
Data9_GSM4140332_CGTAGCGAGAGACGAA-1,0,ceritinib
Data9_GSM4140332_CGTAGCGCACCGATAT-1,0,ceritinib
Data9_GSM4140332_CGTAGCGCATCCTTGC-1,0,ceritinib
Data9_GSM4140332_CGTAGCGGTCGCTTCT-1,0,ceritinib
Data9_GSM4140332_CGTAGCGTCATCGGAT-1,0,ceritinib
Data9_GSM4140332_CGTAGGCAGGAGTAGA-1,0,ceritinib
Data9_GSM4140332_CGTAGGCAGGGATACC-1,0,ceritinib
Data9_GSM4140332_CGTAGGCAGTAGGTGC-1,0,ceritinib
Data9_GSM4140332_CGTAGGCCAAGACACG-1,0,ceritinib
Data9_GSM4140332_CGTAGGCCACGGTAAG-1,0,ceritinib
Data9_GSM4140332_CGTAGGCCAGAGCCAA-1,0,ceritinib
Data9_GSM4140332_CGTAGGCCATCCGGGT-1,0,ceritinib
Data9_GSM4140332_CGTAGGCGTACGCTGC-1,0,ceritinib
Data9_GSM4140332_CGTAGGCGTCCCTTGT-1,0,ceritinib
Data9_GSM4140332_CGTAGGCGTGTTTGTG-1,0,ceritinib
Data9_GSM4140332_CGTAGGCTCCTGTACC-1,0,ceritinib
Data9_GSM4140332_CGTAGGCTCTTTACGT-1,0,ceritinib
Data9_GSM4140332_CGTCACTAGCGTAGTG-1,0,ceritinib
Data9_GSM4140332_CGTCACTAGCTGCAAG-1,0,ceritinib
Data9_GSM4140332_CGTCACTAGTGGCACA-1,0,ceritinib
Data9_GSM4140332_CGTCACTCAAGCTGGA-1,0,ceritinib
Data9_GSM4140332_CGTCACTCAAGTTGTC-1,0,ceritinib
Data9_GSM4140332_CGTCACTCATGTAAGA-1,0,ceritinib
Data9_GSM4140332_CGTCACTGTAAGTGTA-1,0,ceritinib
Data9_GSM4140332_CGTCACTTCATGTCCC-1,0,ceritinib
Data9_GSM4140332_CGTCACTTCATTATCC-1,0,ceritinib
Data9_GSM4140332_CGTCACTTCGGATGTT-1,0,ceritinib
Data9_GSM4140332_CGTCACTTCTCGCATC-1,0,ceritinib
Data9_GSM4140332_CGTCAGGAGACGCTTT-1,0,ceritinib
Data9_GSM4140332_CGTCAGGAGCCGTCGT-1,0,ceritinib
Data9_GSM4140332_CGTCAGGAGCGATAGC-1,0,ceritinib
Data9_GSM4140332_CGTCAGGAGTAGCCGA-1,0,ceritinib
Data9_GSM4140332_CGTCAGGCACGGCTAC-1,0,ceritinib
Data9_GSM4140332_CGTCAGGCATTGCGGC-1,0,ceritinib
Data9_GSM4140332_CGTCAGGGTAACGACG-1,0,ceritinib
Data9_GSM4140332_CGTCAGGGTCATCCCT-1,0,ceritinib
Data9_GSM4140332_CGTCAGGGTCCGCTGA-1,0,ceritinib
Data9_GSM4140332_CGTCAGGGTTAAGTAG-1,0,ceritinib
Data9_GSM4140332_CGTCAGGTCAGTTAGC-1,0,ceritinib
Data9_GSM4140332_CGTCAGGTCATGGTCA-1,0,ceritinib
Data9_GSM4140332_CGTCAGGTCCAAGCCG-1,0,ceritinib
Data9_GSM4140332_CGTCAGGTCGCATGGC-1,0,ceritinib
Data9_GSM4140332_CGTCAGGTCTAGCACA-1,0,ceritinib
Data9_GSM4140332_CGTCCATAGGCTAGCA-1,0,ceritinib
Data9_GSM4140332_CGTCCATAGTACGACG-1,0,ceritinib
Data9_GSM4140332_CGTCCATAGTCCGTAT-1,0,ceritinib
Data9_GSM4140332_CGTCCATAGTCCTCCT-1,0,ceritinib
Data9_GSM4140332_CGTCCATAGTGATCGG-1,0,ceritinib
Data9_GSM4140332_CGTCCATCAAGTTCTG-1,0,ceritinib
Data9_GSM4140332_CGTCCATCACAAGTAA-1,0,ceritinib
Data9_GSM4140332_CGTCCATGTTTAGGAA-1,0,ceritinib
Data9_GSM4140332_CGTCCATTCACATACG-1,0,ceritinib
Data9_GSM4140332_CGTCCATTCATGTCCC-1,0,ceritinib
Data9_GSM4140332_CGTCCATTCGGAGGTA-1,0,ceritinib
Data9_GSM4140332_CGTCTACAGAAGGTGA-1,0,ceritinib
Data9_GSM4140332_CGTCTACAGATGCGAC-1,0,ceritinib
Data9_GSM4140332_CGTCTACAGTTACCCA-1,0,ceritinib
Data9_GSM4140332_CGTCTACCAACCGCCA-1,0,ceritinib
Data9_GSM4140332_CGTCTACGTAGAAAGG-1,0,ceritinib
Data9_GSM4140332_CGTCTACGTAGGCATG-1,0,ceritinib
Data9_GSM4140332_CGTCTACGTTACCGAT-1,0,ceritinib
Data9_GSM4140332_CGTCTACGTTATCCGA-1,0,ceritinib
Data9_GSM4140332_CGTCTACGTTCCCTTG-1,0,ceritinib
Data9_GSM4140332_CGTCTACGTTCGTCTC-1,0,ceritinib
Data9_GSM4140332_CGTCTACTCAGTCAGT-1,0,ceritinib
Data9_GSM4140332_CGTCTACTCATTATCC-1,0,ceritinib
Data9_GSM4140332_CGTCTACTCTGCTTGC-1,0,ceritinib
Data9_GSM4140332_CGTGAGCAGGCATGTG-1,0,ceritinib
Data9_GSM4140332_CGTGAGCAGGCTCATT-1,0,ceritinib
Data9_GSM4140332_CGTGAGCAGGTGCTAG-1,0,ceritinib
Data9_GSM4140332_CGTGAGCAGTTATCGC-1,0,ceritinib
Data9_GSM4140332_CGTGAGCCACGTAAGG-1,0,ceritinib
Data9_GSM4140332_CGTGAGCGTTAAGACA-1,0,ceritinib
Data9_GSM4140332_CGTGAGCTCCAAGCCG-1,0,ceritinib
Data9_GSM4140332_CGTGAGCTCCCAAGTA-1,0,ceritinib
Data9_GSM4140332_CGTGAGCTCTACTATC-1,0,ceritinib
Data9_GSM4140332_CGTGTAAAGACCCACC-1,0,ceritinib
Data9_GSM4140332_CGTGTAACAGCCTTTC-1,0,ceritinib
Data9_GSM4140332_CGTGTAAGTTACCGAT-1,0,ceritinib
Data9_GSM4140332_CGTGTAATCGCCATAA-1,0,ceritinib
Data9_GSM4140332_CGTGTCTCACTATCTT-1,0,ceritinib
Data9_GSM4140332_CGTGTCTGTTCTGTTT-1,0,ceritinib
Data9_GSM4140332_CGTGTCTTCACTCTTA-1,0,ceritinib
Data9_GSM4140332_CGTGTCTTCCGTCAAA-1,0,ceritinib
Data9_GSM4140332_CGTGTCTTCCTATGTT-1,0,ceritinib
Data9_GSM4140332_CGTGTCTTCTGTCTAT-1,0,ceritinib
Data9_GSM4140332_CGTGTCTTCTGTTTGT-1,0,ceritinib
Data9_GSM4140332_CGTTAGAAGGTCGGAT-1,0,ceritinib
Data9_GSM4140332_CGTTAGAAGTGAACAT-1,0,ceritinib
Data9_GSM4140332_CGTTAGACACAAGACG-1,0,ceritinib
Data9_GSM4140332_CGTTAGACACATGTGT-1,0,ceritinib
Data9_GSM4140332_CGTTAGACAGATCTGT-1,0,ceritinib
Data9_GSM4140332_CGTTAGACATCACAAC-1,0,ceritinib
Data9_GSM4140332_CGTTAGAGTTAAGACA-1,0,ceritinib
Data9_GSM4140332_CGTTAGAGTTATTCTC-1,0,ceritinib
Data9_GSM4140332_CGTTAGATCATTCACT-1,0,ceritinib
Data9_GSM4140332_CGTTAGATCCTCAATT-1,0,ceritinib
Data9_GSM4140332_CGTTCTGAGAAGGGTA-1,0,ceritinib
Data9_GSM4140332_CGTTCTGAGTCGAGTG-1,0,ceritinib
Data9_GSM4140332_CGTTCTGCAGTACACT-1,0,ceritinib
Data9_GSM4140332_CGTTCTGGTGTAAGTA-1,0,ceritinib
Data9_GSM4140332_CGTTGGGAGAGTCGGT-1,0,ceritinib
Data9_GSM4140332_CGTTGGGAGGGCACTA-1,0,ceritinib
Data9_GSM4140332_CGTTGGGAGTGCAAGC-1,0,ceritinib
Data9_GSM4140332_CGTTGGGCACGTGAGA-1,0,ceritinib
Data9_GSM4140332_CGTTGGGCATCTCCCA-1,0,ceritinib
Data9_GSM4140332_CGTTGGGGTACGCACC-1,0,ceritinib
Data9_GSM4140332_CGTTGGGGTCAGATAA-1,0,ceritinib
Data9_GSM4140332_CGTTGGGGTTTGACTG-1,0,ceritinib
Data9_GSM4140332_CGTTGGGTCTTGCAAG-1,0,ceritinib
Data9_GSM4140332_CTAACTTAGAGCCTAG-1,0,ceritinib
Data9_GSM4140332_CTAACTTAGATGTGGC-1,0,ceritinib
Data9_GSM4140332_CTAACTTAGGCGTACA-1,0,ceritinib
Data9_GSM4140332_CTAACTTCAACTGGCC-1,0,ceritinib
Data9_GSM4140332_CTAACTTCAAGCTGAG-1,0,ceritinib
Data9_GSM4140332_CTAACTTCACAGATTC-1,0,ceritinib
Data9_GSM4140332_CTAACTTCACTTCTGC-1,0,ceritinib
Data9_GSM4140332_CTAACTTCATTACCTT-1,0,ceritinib
Data9_GSM4140332_CTAACTTGTACCCAAT-1,0,ceritinib
Data9_GSM4140332_CTAACTTTCATCGATG-1,0,ceritinib
Data9_GSM4140332_CTAACTTTCTTCCTTC-1,0,ceritinib
Data9_GSM4140332_CTAAGACAGATATGCA-1,0,ceritinib
Data9_GSM4140332_CTAAGACAGCGTTGCC-1,0,ceritinib
Data9_GSM4140332_CTAAGACCACAGCGTC-1,0,ceritinib
Data9_GSM4140332_CTAAGACCACGTCAGC-1,0,ceritinib
Data9_GSM4140332_CTAAGACCAGTAAGAT-1,0,ceritinib
Data9_GSM4140332_CTAAGACGTAAGGATT-1,0,ceritinib
Data9_GSM4140332_CTAAGACGTCGGCATC-1,0,ceritinib
Data9_GSM4140332_CTAAGACGTCGGCTCA-1,0,ceritinib
Data9_GSM4140332_CTAAGACTCAACCATG-1,0,ceritinib
Data9_GSM4140332_CTAATGGAGAGCAATT-1,0,ceritinib
Data9_GSM4140332_CTAATGGAGGCCCTTG-1,0,ceritinib
Data9_GSM4140332_CTAATGGAGTATGACA-1,0,ceritinib
Data9_GSM4140332_CTAATGGCACAGACAG-1,0,ceritinib
Data9_GSM4140332_CTAATGGCACTCGACG-1,0,ceritinib
Data9_GSM4140332_CTAATGGGTAGGAGTC-1,0,ceritinib
Data9_GSM4140332_CTAATGGGTCCAGTAT-1,0,ceritinib
Data9_GSM4140332_CTAATGGGTTTGACAC-1,0,ceritinib
Data9_GSM4140332_CTAATGGTCAGTGCAT-1,0,ceritinib
Data9_GSM4140332_CTACACCCAAAGCGGT-1,0,ceritinib
Data9_GSM4140332_CTACACCCACATGGGA-1,0,ceritinib
Data9_GSM4140332_CTACACCCACCTGGTG-1,0,ceritinib
Data9_GSM4140332_CTACACCCAGGGTTAG-1,0,ceritinib
Data9_GSM4140332_CTACACCGTGCAGGTA-1,0,ceritinib
Data9_GSM4140332_CTACACCGTGTCGCTG-1,0,ceritinib
Data9_GSM4140332_CTACACCGTTCGGGCT-1,0,ceritinib
Data9_GSM4140332_CTACACCTCACAATGC-1,0,ceritinib
Data9_GSM4140332_CTACACCTCCTTGCCA-1,0,ceritinib
Data9_GSM4140332_CTACATTAGCGTTTAC-1,0,ceritinib
Data9_GSM4140332_CTACATTAGCTGATAA-1,0,ceritinib
Data9_GSM4140332_CTACATTAGCTGGAAC-1,0,ceritinib
Data9_GSM4140332_CTACATTAGTAGGTGC-1,0,ceritinib
Data9_GSM4140332_CTACATTGTAGGAGTC-1,0,ceritinib
Data9_GSM4140332_CTACATTGTCCTGCTT-1,0,ceritinib
Data9_GSM4140332_CTACATTGTCGCTTCT-1,0,ceritinib
Data9_GSM4140332_CTACATTGTTCCACGG-1,0,ceritinib
Data9_GSM4140332_CTACATTTCTTAACCT-1,0,ceritinib
Data9_GSM4140332_CTACCCAAGGTGTTAA-1,0,ceritinib
Data9_GSM4140332_CTACCCACATCGGAAG-1,0,ceritinib
Data9_GSM4140332_CTACCCACATCGTCGG-1,0,ceritinib
Data9_GSM4140332_CTACCCACATCTGGTA-1,0,ceritinib
Data9_GSM4140332_CTACCCACATGCCCGA-1,0,ceritinib
Data9_GSM4140332_CTACCCAGTACCCAAT-1,0,ceritinib
Data9_GSM4140332_CTACCCAGTCAGCTAT-1,0,ceritinib
Data9_GSM4140332_CTACGTCAGCCCAACC-1,0,ceritinib
Data9_GSM4140332_CTACGTCCACCGGAAA-1,0,ceritinib
Data9_GSM4140332_CTACGTCGTAACGCGA-1,0,ceritinib
Data9_GSM4140332_CTACGTCGTACACCGC-1,0,ceritinib
Data9_GSM4140332_CTACGTCGTAGCGATG-1,0,ceritinib
Data9_GSM4140332_CTACGTCGTTAAGATG-1,0,ceritinib
Data9_GSM4140332_CTACGTCTCTACTCAT-1,0,ceritinib
Data9_GSM4140332_CTAGAGTAGATTACCC-1,0,ceritinib
Data9_GSM4140332_CTAGAGTAGCCGCCTA-1,0,ceritinib
Data9_GSM4140332_CTAGAGTAGCCTATGT-1,0,ceritinib
Data9_GSM4140332_CTAGAGTAGGAGTACC-1,0,ceritinib
Data9_GSM4140332_CTAGAGTCAAACCCAT-1,0,ceritinib
Data9_GSM4140332_CTAGAGTCAATCTACG-1,0,ceritinib
Data9_GSM4140332_CTAGAGTCACAGACAG-1,0,ceritinib
Data9_GSM4140332_CTAGAGTCACGAAACG-1,0,ceritinib
Data9_GSM4140332_CTAGAGTGTAAGCACG-1,0,ceritinib
Data9_GSM4140332_CTAGAGTGTGGACGAT-1,0,ceritinib
Data9_GSM4140332_CTAGAGTGTGTGTGCC-1,0,ceritinib
Data9_GSM4140332_CTAGAGTTCACGGTTA-1,0,ceritinib
Data9_GSM4140332_CTAGCCTAGATGGCGT-1,0,ceritinib
Data9_GSM4140332_CTAGCCTAGCCAACAG-1,0,ceritinib
Data9_GSM4140332_CTAGCCTAGTGATCGG-1,0,ceritinib
Data9_GSM4140332_CTAGCCTCAACAACCT-1,0,ceritinib
Data9_GSM4140332_CTAGCCTCATGAAGTA-1,0,ceritinib
Data9_GSM4140332_CTAGCCTGTCAAAGAT-1,0,ceritinib
Data9_GSM4140332_CTAGCCTGTCATATCG-1,0,ceritinib
Data9_GSM4140332_CTAGCCTGTCCAGTGC-1,0,ceritinib
Data9_GSM4140332_CTAGCCTTCCAGATCA-1,0,ceritinib
Data9_GSM4140332_CTAGCCTTCGTGGTCG-1,0,ceritinib
Data9_GSM4140332_CTAGTGAAGACTAGAT-1,0,ceritinib
Data9_GSM4140332_CTAGTGAAGTGCGATG-1,0,ceritinib
Data9_GSM4140332_CTAGTGACAAGTAATG-1,0,ceritinib
Data9_GSM4140332_CTAGTGACACATGGGA-1,0,ceritinib
Data9_GSM4140332_CTAGTGACACTTACGA-1,0,ceritinib
Data9_GSM4140332_CTAGTGACATAAGACA-1,0,ceritinib
Data9_GSM4140332_CTAGTGAGTACAGTTC-1,0,ceritinib
Data9_GSM4140332_CTAGTGAGTAGCGTCC-1,0,ceritinib
Data9_GSM4140332_CTAGTGAGTTCCATGA-1,0,ceritinib
Data9_GSM4140332_CTAGTGATCAACCAAC-1,0,ceritinib
Data9_GSM4140332_CTAGTGATCATAAAGG-1,0,ceritinib
Data9_GSM4140332_CTAGTGATCCATGAGT-1,0,ceritinib
Data9_GSM4140332_CTAGTGATCCTCCTAG-1,0,ceritinib
Data9_GSM4140332_CTAGTGATCTAACTGG-1,0,ceritinib
Data9_GSM4140332_CTAGTGATCTACTATC-1,0,ceritinib
Data9_GSM4140332_CTCACACAGGGATCTG-1,0,ceritinib
Data9_GSM4140332_CTCACACCAAGGACAC-1,0,ceritinib
Data9_GSM4140332_CTCACACCAAGGTTTC-1,0,ceritinib
Data9_GSM4140332_CTCACACCATCCAACA-1,0,ceritinib
Data9_GSM4140332_CTCACACGTCATCCCT-1,0,ceritinib
Data9_GSM4140332_CTCACACGTGTGAAAT-1,0,ceritinib
Data9_GSM4140332_CTCACACGTGTGGTTT-1,0,ceritinib
Data9_GSM4140332_CTCACACGTTAAAGTG-1,0,ceritinib
Data9_GSM4140332_CTCACACGTTCCACGG-1,0,ceritinib
Data9_GSM4140332_CTCACACTCCCTAACC-1,0,ceritinib
Data9_GSM4140332_CTCACACTCTAACTCT-1,0,ceritinib
Data9_GSM4140332_CTCAGAAAGGGAAACA-1,0,ceritinib
Data9_GSM4140332_CTCAGAAAGTGAAGAG-1,0,ceritinib
Data9_GSM4140332_CTCAGAAAGTGGAGTC-1,0,ceritinib
Data9_GSM4140332_CTCAGAACACCAGATT-1,0,ceritinib
Data9_GSM4140332_CTCAGAACAGGGCATA-1,0,ceritinib
Data9_GSM4140332_CTCAGAAGTGTGCCTG-1,0,ceritinib
Data9_GSM4140332_CTCAGAAGTTTGTTGG-1,0,ceritinib
Data9_GSM4140332_CTCAGAATCTAACTGG-1,0,ceritinib
Data9_GSM4140332_CTCATTAAGACACTAA-1,0,ceritinib
Data9_GSM4140332_CTCATTAAGCAATCTC-1,0,ceritinib
Data9_GSM4140332_CTCATTAAGGGATCTG-1,0,ceritinib
Data9_GSM4140332_CTCATTAAGTACACCT-1,0,ceritinib
Data9_GSM4140332_CTCATTACACCAGCAC-1,0,ceritinib
Data9_GSM4140332_CTCATTACATTAACCG-1,0,ceritinib
Data9_GSM4140332_CTCATTACATTAGGCT-1,0,ceritinib
Data9_GSM4140332_CTCATTAGTACCATCA-1,0,ceritinib
Data9_GSM4140332_CTCATTAGTCGAACAG-1,0,ceritinib
Data9_GSM4140332_CTCATTATCCCTTGTG-1,0,ceritinib
Data9_GSM4140332_CTCCTAGAGAGTGACC-1,0,ceritinib
Data9_GSM4140332_CTCCTAGCAAAGCGGT-1,0,ceritinib
Data9_GSM4140332_CTCCTAGCACCTCGTT-1,0,ceritinib
Data9_GSM4140332_CTCCTAGCATCCTTGC-1,0,ceritinib
Data9_GSM4140332_CTCCTAGGTACATGTC-1,0,ceritinib
Data9_GSM4140332_CTCCTAGGTCTTCAAG-1,0,ceritinib
Data9_GSM4140332_CTCCTAGGTGCGAAAC-1,0,ceritinib
Data9_GSM4140332_CTCCTAGGTGTGAAAT-1,0,ceritinib
Data9_GSM4140332_CTCCTAGTCATGTCCC-1,0,ceritinib
Data9_GSM4140332_CTCCTAGTCATTATCC-1,0,ceritinib
Data9_GSM4140332_CTCCTAGTCCCTTGTG-1,0,ceritinib
Data9_GSM4140332_CTCCTAGTCTGTCTAT-1,0,ceritinib
Data9_GSM4140332_CTCCTAGTCTTAACCT-1,0,ceritinib
Data9_GSM4140332_CTCGAAAAGGATCGCA-1,0,ceritinib
Data9_GSM4140332_CTCGAAACACACCGAC-1,0,ceritinib
Data9_GSM4140332_CTCGAAACACTAGTAC-1,0,ceritinib
Data9_GSM4140332_CTCGAAACACTCTGTC-1,0,ceritinib
Data9_GSM4140332_CTCGAAACAGCTGTGC-1,0,ceritinib
Data9_GSM4140332_CTCGAAACATGGGACA-1,0,ceritinib
Data9_GSM4140332_CTCGAAAGTACCGGCT-1,0,ceritinib
Data9_GSM4140332_CTCGAAAGTAGTGAAT-1,0,ceritinib
Data9_GSM4140332_CTCGAAAGTCTAGTCA-1,0,ceritinib
Data9_GSM4140332_CTCGAGGAGTGACATA-1,0,ceritinib
Data9_GSM4140332_CTCGAGGCATGCCTAA-1,0,ceritinib
Data9_GSM4140332_CTCGAGGGTTGCCTCT-1,0,ceritinib
Data9_GSM4140332_CTCGAGGTCTAGCACA-1,0,ceritinib
Data9_GSM4140332_CTCGGAGAGCACACAG-1,0,ceritinib
Data9_GSM4140332_CTCGGAGAGTCACGCC-1,0,ceritinib
Data9_GSM4140332_CTCGGAGCAAATCCGT-1,0,ceritinib
Data9_GSM4140332_CTCGGAGCACATTTCT-1,0,ceritinib
Data9_GSM4140332_CTCGGAGCACGCATCG-1,0,ceritinib
Data9_GSM4140332_CTCGGAGGTAGCCTCG-1,0,ceritinib
Data9_GSM4140332_CTCGGAGGTCTGCCAG-1,0,ceritinib
Data9_GSM4140332_CTCGGAGGTGTTAAGA-1,0,ceritinib
Data9_GSM4140332_CTCGGAGGTTCCACAA-1,0,ceritinib
Data9_GSM4140332_CTCGGGAAGTGTGAAT-1,0,ceritinib
Data9_GSM4140332_CTCGGGACACCCATTC-1,0,ceritinib
Data9_GSM4140332_CTCGGGACACTGAAGG-1,0,ceritinib
Data9_GSM4140332_CTCGGGACAGACAAGC-1,0,ceritinib
Data9_GSM4140332_CTCGGGAGTCATACTG-1,0,ceritinib
Data9_GSM4140332_CTCGGGAGTTATGTGC-1,0,ceritinib
Data9_GSM4140332_CTCGGGAGTTGGTGGA-1,0,ceritinib
Data9_GSM4140332_CTCGGGAGTTGTCGCG-1,0,ceritinib
Data9_GSM4140332_CTCGGGATCCCTCAGT-1,0,ceritinib
Data9_GSM4140332_CTCGTACAGCGTTCCG-1,0,ceritinib
Data9_GSM4140332_CTCGTACCAAGCGTAG-1,0,ceritinib
Data9_GSM4140332_CTCGTACCACCTCGTT-1,0,ceritinib
Data9_GSM4140332_CTCGTACCATGGTAGG-1,0,ceritinib
Data9_GSM4140332_CTCGTACCATGTCCTC-1,0,ceritinib
Data9_GSM4140332_CTCGTACTCAACCAAC-1,0,ceritinib
Data9_GSM4140332_CTCGTACTCGTGACAT-1,0,ceritinib
Data9_GSM4140332_CTCGTACTCTTAGAGC-1,0,ceritinib
Data9_GSM4140332_CTCGTCAAGACATAAC-1,0,ceritinib
Data9_GSM4140332_CTCGTCAAGCGTCAAG-1,0,ceritinib
Data9_GSM4140332_CTCGTCACACCCATGG-1,0,ceritinib
Data9_GSM4140332_CTCGTCAGTTCGTCTC-1,0,ceritinib
Data9_GSM4140332_CTCGTCAGTTTGACAC-1,0,ceritinib
Data9_GSM4140332_CTCGTCATCAAAGTAG-1,0,ceritinib
Data9_GSM4140332_CTCGTCATCTGTACGA-1,0,ceritinib
Data9_GSM4140332_CTCGTCATCTTGCAAG-1,0,ceritinib
Data9_GSM4140332_CTCTAATAGAAGCCCA-1,0,ceritinib
Data9_GSM4140332_CTCTAATAGAAGGCCT-1,0,ceritinib
Data9_GSM4140332_CTCTAATAGAAGGTTT-1,0,ceritinib
Data9_GSM4140332_CTCTAATAGCTAAACA-1,0,ceritinib
Data9_GSM4140332_CTCTAATAGCTAGCCC-1,0,ceritinib
Data9_GSM4140332_CTCTAATAGGAGTCTG-1,0,ceritinib
Data9_GSM4140332_CTCTAATAGTGAAGAG-1,0,ceritinib
Data9_GSM4140332_CTCTAATAGTTCGCAT-1,0,ceritinib
Data9_GSM4140332_CTCTAATCAACCGCCA-1,0,ceritinib
Data9_GSM4140332_CTCTAATGTACGACCC-1,0,ceritinib
Data9_GSM4140332_CTCTAATGTAGCGCTC-1,0,ceritinib
Data9_GSM4140332_CTCTAATGTCCTCTTG-1,0,ceritinib
Data9_GSM4140332_CTCTAATGTCGCTTCT-1,0,ceritinib
Data9_GSM4140332_CTCTAATGTCGTGGCT-1,0,ceritinib
Data9_GSM4140332_CTCTACGAGATAGTCA-1,0,ceritinib
Data9_GSM4140332_CTCTACGAGCCAGTTT-1,0,ceritinib
Data9_GSM4140332_CTCTACGAGGATTCGG-1,0,ceritinib
Data9_GSM4140332_CTCTACGAGGGTTCCC-1,0,ceritinib
Data9_GSM4140332_CTCTACGCAAACTGCT-1,0,ceritinib
Data9_GSM4140332_CTCTACGCAAGCCGTC-1,0,ceritinib
Data9_GSM4140332_CTCTACGCATTCGACA-1,0,ceritinib
Data9_GSM4140332_CTCTACGGTCTGATTG-1,0,ceritinib
Data9_GSM4140332_CTCTACGGTCTGCAAT-1,0,ceritinib
Data9_GSM4140332_CTCTACGGTTAAGATG-1,0,ceritinib
Data9_GSM4140332_CTCTACGTCACGAAGG-1,0,ceritinib
Data9_GSM4140332_CTCTACGTCATGCATG-1,0,ceritinib
Data9_GSM4140332_CTCTACGTCTAACTCT-1,0,ceritinib
Data9_GSM4140332_CTCTGGTAGACTTGAA-1,0,ceritinib
Data9_GSM4140332_CTCTGGTAGATGCCTT-1,0,ceritinib
Data9_GSM4140332_CTCTGGTAGCTAGTTC-1,0,ceritinib
Data9_GSM4140332_CTCTGGTAGTGCGATG-1,0,ceritinib
Data9_GSM4140332_CTCTGGTCACACCGAC-1,0,ceritinib
Data9_GSM4140332_CTCTGGTCACCGTTGG-1,0,ceritinib
Data9_GSM4140332_CTCTGGTCACTATCTT-1,0,ceritinib
Data9_GSM4140332_CTCTGGTCAGTTAACC-1,0,ceritinib
Data9_GSM4140332_CTCTGGTGTACAAGTA-1,0,ceritinib
Data9_GSM4140332_CTCTGGTGTCCTAGCG-1,0,ceritinib
Data9_GSM4140332_CTCTGGTGTGAGTATA-1,0,ceritinib
Data9_GSM4140332_CTCTGGTTCACAATGC-1,0,ceritinib
Data9_GSM4140332_CTCTGGTTCCACGCAG-1,0,ceritinib
Data9_GSM4140332_CTCTGGTTCCTCAACC-1,0,ceritinib
Data9_GSM4140332_CTCTGGTTCGCAGGCT-1,0,ceritinib
Data9_GSM4140332_CTCTGGTTCTAACGGT-1,0,ceritinib
Data9_GSM4140332_CTGAAACCACCCATTC-1,0,ceritinib
Data9_GSM4140332_CTGAAACCACGTGAGA-1,0,ceritinib
Data9_GSM4140332_CTGAAACCATACCATG-1,0,ceritinib
Data9_GSM4140332_CTGAAACCATATACCG-1,0,ceritinib
Data9_GSM4140332_CTGAAACGTATAGGTA-1,0,ceritinib
Data9_GSM4140332_CTGAAACGTCCGTTAA-1,0,ceritinib
Data9_GSM4140332_CTGAAACGTGAGGCTA-1,0,ceritinib
Data9_GSM4140332_CTGAAACGTGCTGTAT-1,0,ceritinib
Data9_GSM4140332_CTGAAACTCTGGCGTG-1,0,ceritinib
Data9_GSM4140332_CTGAAACTCTTACCGC-1,0,ceritinib
Data9_GSM4140332_CTGAAGTAGACACTAA-1,0,ceritinib
Data9_GSM4140332_CTGAAGTAGAGGGATA-1,0,ceritinib
Data9_GSM4140332_CTGAAGTCACCCATGG-1,0,ceritinib
Data9_GSM4140332_CTGAAGTCATGGGACA-1,0,ceritinib
Data9_GSM4140332_CTGAAGTGTACTCGCG-1,0,ceritinib
Data9_GSM4140332_CTGAAGTGTCTGATCA-1,0,ceritinib
Data9_GSM4140332_CTGAAGTGTTATCGGT-1,0,ceritinib
Data9_GSM4140332_CTGAAGTGTTGCGTTA-1,0,ceritinib
Data9_GSM4140332_CTGAAGTTCATTGCGA-1,0,ceritinib
Data9_GSM4140332_CTGAAGTTCTCGAGTA-1,0,ceritinib
Data9_GSM4140332_CTGATAGAGAAACCAT-1,0,ceritinib
Data9_GSM4140332_CTGATAGAGACGACGT-1,0,ceritinib
Data9_GSM4140332_CTGATAGAGCTTTGGT-1,0,ceritinib
Data9_GSM4140332_CTGATAGAGTGTCCAT-1,0,ceritinib
Data9_GSM4140332_CTGATAGCACTGTGTA-1,0,ceritinib
Data9_GSM4140332_CTGATAGCAGCTATTG-1,0,ceritinib
Data9_GSM4140332_CTGATAGCATCGTCGG-1,0,ceritinib
Data9_GSM4140332_CTGATAGGTCGACTAT-1,0,ceritinib
Data9_GSM4140332_CTGATAGGTGCCTGGT-1,0,ceritinib
Data9_GSM4140332_CTGATAGGTGGTTTCA-1,0,ceritinib
Data9_GSM4140332_CTGATAGTCGGAAATA-1,0,ceritinib
Data9_GSM4140332_CTGATAGTCTCGGACG-1,0,ceritinib
Data9_GSM4140332_CTGATCCAGGCCCTCA-1,0,ceritinib
Data9_GSM4140332_CTGATCCCAAGCCCAC-1,0,ceritinib
Data9_GSM4140332_CTGATCCGTATAAACG-1,0,ceritinib
Data9_GSM4140332_CTGATCCGTCGCGAAA-1,0,ceritinib
Data9_GSM4140332_CTGATCCTCACCTCGT-1,0,ceritinib
Data9_GSM4140332_CTGATCCTCAGTCAGT-1,0,ceritinib
Data9_GSM4140332_CTGATCCTCCAGTATG-1,0,ceritinib
Data9_GSM4140332_CTGATCCTCCCACTTG-1,0,ceritinib
Data9_GSM4140332_CTGATCCTCTGCCCTA-1,0,ceritinib
Data9_GSM4140332_CTGCCTAAGCCAACAG-1,0,ceritinib
Data9_GSM4140332_CTGCCTAAGGATGGTC-1,0,ceritinib
Data9_GSM4140332_CTGCCTACAGGCAGTA-1,0,ceritinib
Data9_GSM4140332_CTGCCTAGTACTCAAC-1,0,ceritinib
Data9_GSM4140332_CTGCCTATCACCGTAA-1,0,ceritinib
Data9_GSM4140332_CTGCCTATCTAAGCCA-1,0,ceritinib
Data9_GSM4140332_CTGCGGAAGCGTCAAG-1,0,ceritinib
Data9_GSM4140332_CTGCGGAAGGCAGTCA-1,0,ceritinib
Data9_GSM4140332_CTGCGGACAAGGTTTC-1,0,ceritinib
Data9_GSM4140332_CTGCGGACAGTGAGTG-1,0,ceritinib
Data9_GSM4140332_CTGCGGACATGAACCT-1,0,ceritinib
Data9_GSM4140332_CTGCGGAGTACGCTGC-1,0,ceritinib
Data9_GSM4140332_CTGCGGAGTGATGTGG-1,0,ceritinib
Data9_GSM4140332_CTGCGGAGTTTAGCTG-1,0,ceritinib
Data9_GSM4140332_CTGCGGATCAGTCAGT-1,0,ceritinib
Data9_GSM4140332_CTGCGGATCCTATGTT-1,0,ceritinib
Data9_GSM4140332_CTGCTGTAGGCCGAAT-1,0,ceritinib
Data9_GSM4140332_CTGCTGTAGTAGGTGC-1,0,ceritinib
Data9_GSM4140332_CTGCTGTAGTGACTCT-1,0,ceritinib
Data9_GSM4140332_CTGCTGTCACGGTGTC-1,0,ceritinib
Data9_GSM4140332_CTGCTGTCAGGCTCAC-1,0,ceritinib
Data9_GSM4140332_CTGCTGTCAGGGAGAG-1,0,ceritinib
Data9_GSM4140332_CTGCTGTGTAACGCGA-1,0,ceritinib
Data9_GSM4140332_CTGCTGTTCAACGGGA-1,0,ceritinib
Data9_GSM4140332_CTGCTGTTCCGTCATC-1,0,ceritinib
Data9_GSM4140332_CTGGTCTAGACCACGA-1,0,ceritinib
Data9_GSM4140332_CTGGTCTAGAGGTACC-1,0,ceritinib
Data9_GSM4140332_CTGGTCTAGCACCGCT-1,0,ceritinib
Data9_GSM4140332_CTGGTCTAGTGAATTG-1,0,ceritinib
Data9_GSM4140332_CTGGTCTCACATCCGG-1,0,ceritinib
Data9_GSM4140332_CTGGTCTGTATAGGGC-1,0,ceritinib
Data9_GSM4140332_CTGGTCTGTGTGTGCC-1,0,ceritinib
Data9_GSM4140332_CTGGTCTGTTATCACG-1,0,ceritinib
Data9_GSM4140332_CTGGTCTGTTTGTTTC-1,0,ceritinib
Data9_GSM4140332_CTGTGCTAGTACATGA-1,0,ceritinib
Data9_GSM4140332_CTGTGCTCAACTGCGC-1,0,ceritinib
Data9_GSM4140332_CTGTGCTCAGTAACGG-1,0,ceritinib
Data9_GSM4140332_CTGTGCTGTAAGGATT-1,0,ceritinib
Data9_GSM4140332_CTGTGCTGTGGACGAT-1,0,ceritinib
Data9_GSM4140332_CTGTGCTGTTTGCATG-1,0,ceritinib
Data9_GSM4140332_CTGTGCTTCACCGTAA-1,0,ceritinib
Data9_GSM4140332_CTGTGCTTCACTTACT-1,0,ceritinib
Data9_GSM4140332_CTGTTTAAGAGACTTA-1,0,ceritinib
Data9_GSM4140332_CTGTTTAAGAGCTTCT-1,0,ceritinib
Data9_GSM4140332_CTGTTTAAGCAACGGT-1,0,ceritinib
Data9_GSM4140332_CTGTTTACAAGGCTCC-1,0,ceritinib
Data9_GSM4140332_CTGTTTACACACATGT-1,0,ceritinib
Data9_GSM4140332_CTGTTTACATAGGATA-1,0,ceritinib
Data9_GSM4140332_CTGTTTAGTCCCTTGT-1,0,ceritinib
Data9_GSM4140332_CTGTTTATCAGAGCTT-1,0,ceritinib
Data9_GSM4140332_CTGTTTATCCAGGGCT-1,0,ceritinib
Data9_GSM4140332_CTGTTTATCCGCAGTG-1,0,ceritinib
Data9_GSM4140332_CTTAACTCAGATCGGA-1,0,ceritinib
Data9_GSM4140332_CTTAACTCATCCAACA-1,0,ceritinib
Data9_GSM4140332_CTTAACTGTAGAGTGC-1,0,ceritinib
Data9_GSM4140332_CTTAACTGTCACTGGC-1,0,ceritinib
Data9_GSM4140332_CTTAACTGTGTGAATA-1,0,ceritinib
Data9_GSM4140332_CTTAACTTCCCATTTA-1,0,ceritinib
Data9_GSM4140332_CTTAACTTCGTAGGTT-1,0,ceritinib
Data9_GSM4140332_CTTAACTTCTTTAGGG-1,0,ceritinib
Data9_GSM4140332_CTTACCGCATGAAGTA-1,0,ceritinib
Data9_GSM4140332_CTTACCGGTAAGGATT-1,0,ceritinib
Data9_GSM4140332_CTTACCGGTAGCAAAT-1,0,ceritinib
Data9_GSM4140332_CTTACCGGTTCGTCTC-1,0,ceritinib
Data9_GSM4140332_CTTACCGTCACAAACC-1,0,ceritinib
Data9_GSM4140332_CTTACCGTCACTCCTG-1,0,ceritinib
Data9_GSM4140332_CTTACCGTCCACGTGG-1,0,ceritinib
Data9_GSM4140332_CTTACCGTCCGCGGTA-1,0,ceritinib
Data9_GSM4140332_CTTAGGAAGCCAACAG-1,0,ceritinib
Data9_GSM4140332_CTTAGGAAGCGATGAC-1,0,ceritinib
Data9_GSM4140332_CTTAGGAAGGCCGAAT-1,0,ceritinib
Data9_GSM4140332_CTTAGGACAACTGCGC-1,0,ceritinib
Data9_GSM4140332_CTTAGGAGTAGTGAAT-1,0,ceritinib
Data9_GSM4140332_CTTAGGAGTCATCCCT-1,0,ceritinib
Data9_GSM4140332_CTTAGGAGTCGGCTCA-1,0,ceritinib
Data9_GSM4140332_CTTAGGATCGAGAACG-1,0,ceritinib
Data9_GSM4140332_CTTAGGATCGGCGCAT-1,0,ceritinib
Data9_GSM4140332_CTTCTCTAGAAACCAT-1,0,ceritinib
Data9_GSM4140332_CTTCTCTAGATGGCGT-1,0,ceritinib
Data9_GSM4140332_CTTCTCTCAAGTAATG-1,0,ceritinib
Data9_GSM4140332_CTTCTCTCACGGCGTT-1,0,ceritinib
Data9_GSM4140332_CTTCTCTGTACACCGC-1,0,ceritinib
Data9_GSM4140332_CTTCTCTGTGAGCGAT-1,0,ceritinib
Data9_GSM4140332_CTTCTCTGTGTGTGCC-1,0,ceritinib
Data9_GSM4140332_CTTCTCTGTTGGTTTG-1,0,ceritinib
Data9_GSM4140332_CTTCTCTTCATGCATG-1,0,ceritinib
Data9_GSM4140332_CTTCTCTTCCCTTGTG-1,0,ceritinib
Data9_GSM4140332_CTTCTCTTCTAGAGTC-1,0,ceritinib
Data9_GSM4140332_CTTCTCTTCTCCCTGA-1,0,ceritinib
Data9_GSM4140332_CTTGGCTAGGTGATTA-1,0,ceritinib
Data9_GSM4140332_CTTGGCTAGTATTGGA-1,0,ceritinib
Data9_GSM4140332_CTTGGCTCACATTTCT-1,0,ceritinib
Data9_GSM4140332_CTTGGCTCACCACGTG-1,0,ceritinib
Data9_GSM4140332_CTTGGCTCAGCTGTGC-1,0,ceritinib
Data9_GSM4140332_CTTGGCTGTAATCACC-1,0,ceritinib
Data9_GSM4140332_CTTGGCTGTATCTGCA-1,0,ceritinib
Data9_GSM4140332_CTTGGCTGTCTAAAGA-1,0,ceritinib
Data9_GSM4140332_CTTGGCTGTCTTCAAG-1,0,ceritinib
Data9_GSM4140332_CTTGGCTGTCTTCGTC-1,0,ceritinib
Data9_GSM4140332_CTTGGCTGTGAACCTT-1,0,ceritinib
Data9_GSM4140332_CTTGGCTGTGATAAAC-1,0,ceritinib
Data9_GSM4140332_CTTGGCTTCGGAATCT-1,0,ceritinib
Data9_GSM4140332_CTTGGCTTCTCTGCTG-1,0,ceritinib
Data9_GSM4140332_CTTTGCGAGCCATCGC-1,0,ceritinib
Data9_GSM4140332_CTTTGCGAGTGGGTTG-1,0,ceritinib
Data9_GSM4140332_CTTTGCGCAAAGGTGC-1,0,ceritinib
Data9_GSM4140332_CTTTGCGCAGCCTTGG-1,0,ceritinib
Data9_GSM4140332_CTTTGCGGTAAAGTCA-1,0,ceritinib
Data9_GSM4140332_CTTTGCGGTCTTGCGG-1,0,ceritinib
Data9_GSM4140332_CTTTGCGGTTTGTTGG-1,0,ceritinib
Data9_GSM4140332_CTTTGCGTCAGAGGTG-1,0,ceritinib
Data9_GSM4140332_CTTTGCGTCGAATGCT-1,0,ceritinib
Data9_GSM4140332_GAAACTCAGTGCTGCC-1,0,ceritinib
Data9_GSM4140332_GAAACTCCATATGAGA-1,0,ceritinib
Data9_GSM4140332_GAAACTCGTACCGCTG-1,0,ceritinib
Data9_GSM4140332_GAAACTCGTCGAGTTT-1,0,ceritinib
Data9_GSM4140332_GAAACTCGTGAGGGAG-1,0,ceritinib
Data9_GSM4140332_GAAACTCTCCAGGGCT-1,0,ceritinib
Data9_GSM4140332_GAAACTCTCTATGTGG-1,0,ceritinib
Data9_GSM4140332_GAAATGAAGAGCCCAA-1,0,ceritinib
Data9_GSM4140332_GAAATGAAGCAGATCG-1,0,ceritinib
Data9_GSM4140332_GAAATGAAGGTGACCA-1,0,ceritinib
Data9_GSM4140332_GAAATGAAGGTGCACA-1,0,ceritinib
Data9_GSM4140332_GAAATGAAGTAGTGCG-1,0,ceritinib
Data9_GSM4140332_GAAATGAGTTCAGACT-1,0,ceritinib
Data9_GSM4140332_GAAATGATCCACGACG-1,0,ceritinib
Data9_GSM4140332_GAACATCAGATCTGCT-1,0,ceritinib
Data9_GSM4140332_GAACATCAGCTCCTCT-1,0,ceritinib
Data9_GSM4140332_GAACATCAGGGATCTG-1,0,ceritinib
Data9_GSM4140332_GAACATCCAAAGCGGT-1,0,ceritinib
Data9_GSM4140332_GAACATCCACTAAGTC-1,0,ceritinib
Data9_GSM4140332_GAACATCCATTAACCG-1,0,ceritinib
Data9_GSM4140332_GAACATCGTAGATTAG-1,0,ceritinib
Data9_GSM4140332_GAACATCGTCCGAGTC-1,0,ceritinib
Data9_GSM4140332_GAACATCTCTCGATGA-1,0,ceritinib
Data9_GSM4140332_GAACATCTCTCTGAGA-1,0,ceritinib
Data9_GSM4140332_GAACATCTCTGACCTC-1,0,ceritinib
Data9_GSM4140332_GAACCTAAGATGGCGT-1,0,ceritinib
Data9_GSM4140332_GAACCTAAGCAGATCG-1,0,ceritinib
Data9_GSM4140332_GAACCTAAGCGAGAAA-1,0,ceritinib
Data9_GSM4140332_GAACCTACATGCCTAA-1,0,ceritinib
Data9_GSM4140332_GAACCTAGTCCCTTGT-1,0,ceritinib
Data9_GSM4140332_GAACCTAGTGGACGAT-1,0,ceritinib
Data9_GSM4140332_GAACCTAGTGGTCTCG-1,0,ceritinib
Data9_GSM4140332_GAACCTATCTTCCTTC-1,0,ceritinib
Data9_GSM4140332_GAACGGAAGCCCAGCT-1,0,ceritinib
Data9_GSM4140332_GAACGGAAGCCGATTT-1,0,ceritinib
Data9_GSM4140332_GAACGGAAGCGTTTAC-1,0,ceritinib
Data9_GSM4140332_GAACGGAAGCTGCCCA-1,0,ceritinib
Data9_GSM4140332_GAACGGACAGTGAGTG-1,0,ceritinib
Data9_GSM4140332_GAACGGACATTCCTCG-1,0,ceritinib
Data9_GSM4140332_GAACGGACATTGGCGC-1,0,ceritinib
Data9_GSM4140332_GAACGGAGTCTGGTCG-1,0,ceritinib
Data9_GSM4140332_GAACGGAGTGCAGACA-1,0,ceritinib
Data9_GSM4140332_GAACGGAGTGTGAAAT-1,0,ceritinib
Data9_GSM4140332_GAACGGAGTTCGAATC-1,0,ceritinib
Data9_GSM4140332_GAACGGATCACAGGCC-1,0,ceritinib
Data9_GSM4140332_GAACGGATCAGCTCTC-1,0,ceritinib
Data9_GSM4140332_GAACGGATCCACGACG-1,0,ceritinib
Data9_GSM4140332_GAACGGATCGACGGAA-1,0,ceritinib
Data9_GSM4140332_GAACGGATCTGCGTAA-1,0,ceritinib
Data9_GSM4140332_GAAGCAGAGTGGAGTC-1,0,ceritinib
Data9_GSM4140332_GAAGCAGCAATGACCT-1,0,ceritinib
Data9_GSM4140332_GAAGCAGCACCCATGG-1,0,ceritinib
Data9_GSM4140332_GAAGCAGCACCTATCC-1,0,ceritinib
Data9_GSM4140332_GAAGCAGGTAGAGTGC-1,0,ceritinib
Data9_GSM4140332_GAAGCAGGTGACGGTA-1,0,ceritinib
Data9_GSM4140332_GAAGCAGGTGCAGACA-1,0,ceritinib
Data9_GSM4140332_GAAGCAGGTGTGAAAT-1,0,ceritinib
Data9_GSM4140332_GAAGCAGTCCCTCAGT-1,0,ceritinib
Data9_GSM4140332_GAAGCAGTCGGCATCG-1,0,ceritinib
Data9_GSM4140332_GAATAAGCAAAGAATC-1,0,ceritinib
Data9_GSM4140332_GAATAAGCACATGACT-1,0,ceritinib
Data9_GSM4140332_GAATAAGCATGGTCAT-1,0,ceritinib
Data9_GSM4140332_GAATAAGCATTCTCAT-1,0,ceritinib
Data9_GSM4140332_GAATAAGGTAGCCTCG-1,0,ceritinib
Data9_GSM4140332_GAATAAGGTCACTTCC-1,0,ceritinib
Data9_GSM4140332_GAATAAGGTCCAGTAT-1,0,ceritinib
Data9_GSM4140332_GAATAAGGTCCGAAGA-1,0,ceritinib
Data9_GSM4140332_GAATAAGGTCGCGTGT-1,0,ceritinib
Data9_GSM4140332_GAATAAGGTCGTGGCT-1,0,ceritinib
Data9_GSM4140332_GAATAAGTCTCAACTT-1,0,ceritinib
Data9_GSM4140332_GAATAAGTCTCTAGGA-1,0,ceritinib
Data9_GSM4140332_GAATGAAAGACCTTTG-1,0,ceritinib
Data9_GSM4140332_GAATGAAAGAGATGAG-1,0,ceritinib
Data9_GSM4140332_GAATGAAAGCACCGTC-1,0,ceritinib
Data9_GSM4140332_GAATGAACAAGTCATC-1,0,ceritinib
Data9_GSM4140332_GAATGAACACCAGGCT-1,0,ceritinib
Data9_GSM4140332_GAATGAACATCGATTG-1,0,ceritinib
Data9_GSM4140332_GAATGAAGTAAGAGGA-1,0,ceritinib
Data9_GSM4140332_GAATGAAGTACACCGC-1,0,ceritinib
Data9_GSM4140332_GAATGAAGTCGACTAT-1,0,ceritinib
Data9_GSM4140332_GAATGAAGTCGCGTGT-1,0,ceritinib
Data9_GSM4140332_GAATGAAGTGAGGCTA-1,0,ceritinib
Data9_GSM4140332_GAATGAAGTTTCCACC-1,0,ceritinib
Data9_GSM4140332_GAATGAATCATCGGAT-1,0,ceritinib
Data9_GSM4140332_GACACGCAGACTCGGA-1,0,ceritinib
Data9_GSM4140332_GACACGCAGGCAAAGA-1,0,ceritinib
Data9_GSM4140332_GACACGCAGTGAAGAG-1,0,ceritinib
Data9_GSM4140332_GACACGCGTAACGCGA-1,0,ceritinib
Data9_GSM4140332_GACACGCGTACCGGCT-1,0,ceritinib
Data9_GSM4140332_GACACGCGTAGTGAAT-1,0,ceritinib
Data9_GSM4140332_GACACGCGTCTAAAGA-1,0,ceritinib
Data9_GSM4140332_GACACGCGTGACCAAG-1,0,ceritinib
Data9_GSM4140332_GACACGCGTGAGCGAT-1,0,ceritinib
Data9_GSM4140332_GACACGCGTGTAACGG-1,0,ceritinib
Data9_GSM4140332_GACACGCTCAGCATGT-1,0,ceritinib
Data9_GSM4140332_GACACGCTCAGGCGAA-1,0,ceritinib
Data9_GSM4140332_GACACGCTCGATAGAA-1,0,ceritinib
Data9_GSM4140332_GACACGCTCTGCTGTC-1,0,ceritinib
Data9_GSM4140332_GACAGAGGTACATCCA-1,0,ceritinib
Data9_GSM4140332_GACAGAGGTCTCTCTG-1,0,ceritinib
Data9_GSM4140332_GACAGAGGTGCACCAC-1,0,ceritinib
Data9_GSM4140332_GACAGAGTCCAATGGT-1,0,ceritinib
Data9_GSM4140332_GACAGAGTCGGCATCG-1,0,ceritinib
Data9_GSM4140332_GACAGAGTCGTTACGA-1,0,ceritinib
Data9_GSM4140332_GACAGAGTCTGGCGTG-1,0,ceritinib
Data9_GSM4140332_GACCAATAGACCCACC-1,0,ceritinib
Data9_GSM4140332_GACCAATAGAGTGAGA-1,0,ceritinib
Data9_GSM4140332_GACCAATAGGCGCTCT-1,0,ceritinib
Data9_GSM4140332_GACCAATAGTCTTGCA-1,0,ceritinib
Data9_GSM4140332_GACCAATGTAAGGGCT-1,0,ceritinib
Data9_GSM4140332_GACCAATGTCAAAGCG-1,0,ceritinib
Data9_GSM4140332_GACCAATTCAACGCTA-1,0,ceritinib
Data9_GSM4140332_GACCAATTCGCCTGAG-1,0,ceritinib
Data9_GSM4140332_GACCAATTCTCCGGTT-1,0,ceritinib
Data9_GSM4140332_GACCAATTCTCGGACG-1,0,ceritinib
Data9_GSM4140332_GACCTGGAGCCACTAT-1,0,ceritinib
Data9_GSM4140332_GACCTGGAGCTAGTTC-1,0,ceritinib
Data9_GSM4140332_GACCTGGCAAGCTGAG-1,0,ceritinib
Data9_GSM4140332_GACCTGGCACTCTGTC-1,0,ceritinib
Data9_GSM4140332_GACCTGGCAGCCTGTG-1,0,ceritinib
Data9_GSM4140332_GACCTGGCATTCACTT-1,0,ceritinib
Data9_GSM4140332_GACCTGGGTAGCTAAA-1,0,ceritinib
Data9_GSM4140332_GACCTGGGTAGTGAAT-1,0,ceritinib
Data9_GSM4140332_GACCTGGGTATAAACG-1,0,ceritinib
Data9_GSM4140332_GACCTGGGTCAAGCGA-1,0,ceritinib
Data9_GSM4140332_GACCTGGGTCATATGC-1,0,ceritinib
Data9_GSM4140332_GACCTGGGTCGGCTCA-1,0,ceritinib
Data9_GSM4140332_GACCTGGTCATGTAGC-1,0,ceritinib
Data9_GSM4140332_GACCTGGTCCTTTCTC-1,0,ceritinib
Data9_GSM4140332_GACGCGTAGAAGGTGA-1,0,ceritinib
Data9_GSM4140332_GACGCGTAGCACCGCT-1,0,ceritinib
Data9_GSM4140332_GACGCGTCAACTGCTA-1,0,ceritinib
Data9_GSM4140332_GACGCGTGTCTAGTGT-1,0,ceritinib
Data9_GSM4140332_GACGCGTGTTTACTCT-1,0,ceritinib
Data9_GSM4140332_GACGCGTGTTTAGGAA-1,0,ceritinib
Data9_GSM4140332_GACGCGTTCAACCAAC-1,0,ceritinib
Data9_GSM4140332_GACGCGTTCACCTCGT-1,0,ceritinib
Data9_GSM4140332_GACGCGTTCGGTTCGG-1,0,ceritinib
Data9_GSM4140332_GACGGCTAGATGTGTA-1,0,ceritinib
Data9_GSM4140332_GACGGCTAGGCCCTTG-1,0,ceritinib
Data9_GSM4140332_GACGGCTAGGTTACCT-1,0,ceritinib
Data9_GSM4140332_GACGGCTCACAGATTC-1,0,ceritinib
Data9_GSM4140332_GACGGCTGTCAAACTC-1,0,ceritinib
Data9_GSM4140332_GACGGCTTCCAGAAGG-1,0,ceritinib
Data9_GSM4140332_GACGGCTTCCTGCCAT-1,0,ceritinib
Data9_GSM4140332_GACGGCTTCGTTTGCC-1,0,ceritinib
Data9_GSM4140332_GACGTGCAGGGCATGT-1,0,ceritinib
Data9_GSM4140332_GACGTGCAGTGGTAGC-1,0,ceritinib
Data9_GSM4140332_GACGTGCCAAGCGATG-1,0,ceritinib
Data9_GSM4140332_GACGTGCCACAGAGGT-1,0,ceritinib
Data9_GSM4140332_GACGTGCCACGACGAA-1,0,ceritinib
Data9_GSM4140332_GACGTGCGTCAGGACA-1,0,ceritinib
Data9_GSM4140332_GACGTGCGTCTGCAAT-1,0,ceritinib
Data9_GSM4140332_GACGTGCGTGTTCTTT-1,0,ceritinib
Data9_GSM4140332_GACGTGCTCGTAGATC-1,0,ceritinib
Data9_GSM4140332_GACGTGCTCTACGAGT-1,0,ceritinib
Data9_GSM4140332_GACGTTACACGGCTAC-1,0,ceritinib
Data9_GSM4140332_GACGTTACATGCCACG-1,0,ceritinib
Data9_GSM4140332_GACGTTATCGCAAGCC-1,0,ceritinib
Data9_GSM4140332_GACGTTATCTGGTGTA-1,0,ceritinib
Data9_GSM4140332_GACTAACAGTACATGA-1,0,ceritinib
Data9_GSM4140332_GACTAACGTAGAAGGA-1,0,ceritinib
Data9_GSM4140332_GACTAACGTGTGGCTC-1,0,ceritinib
Data9_GSM4140332_GACTACAAGACAGGCT-1,0,ceritinib
Data9_GSM4140332_GACTACAAGACTAGAT-1,0,ceritinib
Data9_GSM4140332_GACTACAAGCTAGTGG-1,0,ceritinib
Data9_GSM4140332_GACTACAAGTGGTCCC-1,0,ceritinib
Data9_GSM4140332_GACTACAAGTGTACGG-1,0,ceritinib
Data9_GSM4140332_GACTACACACGACTCG-1,0,ceritinib
Data9_GSM4140332_GACTACACATTAGCCA-1,0,ceritinib
Data9_GSM4140332_GACTACAGTGTCCTCT-1,0,ceritinib
Data9_GSM4140332_GACTACATCTAGAGTC-1,0,ceritinib
Data9_GSM4140332_GACTGCGAGTGTTGAA-1,0,ceritinib
Data9_GSM4140332_GACTGCGCAAGCCGTC-1,0,ceritinib
Data9_GSM4140332_GACTGCGCATGACATC-1,0,ceritinib
Data9_GSM4140332_GACTGCGGTAGAAGGA-1,0,ceritinib
Data9_GSM4140332_GACTGCGGTATATGAG-1,0,ceritinib
Data9_GSM4140332_GACTGCGGTGTGGCTC-1,0,ceritinib
Data9_GSM4140332_GACTGCGGTGTGGTTT-1,0,ceritinib
Data9_GSM4140332_GACTGCGGTTCACCTC-1,0,ceritinib
Data9_GSM4140332_GACTGCGGTTTGTTTC-1,0,ceritinib
Data9_GSM4140332_GACTGCGTCTCGTTTA-1,0,ceritinib
Data9_GSM4140332_GAGCAGACAACTGCGC-1,0,ceritinib
Data9_GSM4140332_GAGCAGACATGGTAGG-1,0,ceritinib
Data9_GSM4140332_GAGCAGAGTATCACCA-1,0,ceritinib
Data9_GSM4140332_GAGCAGAGTCCAGTAT-1,0,ceritinib
Data9_GSM4140332_GAGCAGAGTCCGAAGA-1,0,ceritinib
Data9_GSM4140332_GAGCAGAGTCGTGGCT-1,0,ceritinib
Data9_GSM4140332_GAGCAGAGTGATAAGT-1,0,ceritinib
Data9_GSM4140332_GAGCAGATCCACTCCA-1,0,ceritinib
Data9_GSM4140332_GAGGTGAAGAATGTGT-1,0,ceritinib
Data9_GSM4140332_GAGGTGAAGCCAGAAC-1,0,ceritinib
Data9_GSM4140332_GAGGTGAAGCGTAGTG-1,0,ceritinib
Data9_GSM4140332_GAGGTGAAGTAAGTAC-1,0,ceritinib
Data9_GSM4140332_GAGGTGACATCATCCC-1,0,ceritinib
Data9_GSM4140332_GAGGTGAGTGAGTATA-1,0,ceritinib
Data9_GSM4140332_GAGGTGAGTGCTTCTC-1,0,ceritinib
Data9_GSM4140332_GAGGTGATCAGGTTCA-1,0,ceritinib
Data9_GSM4140332_GAGGTGATCCTCAATT-1,0,ceritinib
Data9_GSM4140332_GAGGTGATCTGGCGAC-1,0,ceritinib
Data9_GSM4140332_GAGTCCGAGAATGTTG-1,0,ceritinib
Data9_GSM4140332_GAGTCCGAGCTCTCGG-1,0,ceritinib
Data9_GSM4140332_GAGTCCGCAACTTGAC-1,0,ceritinib
Data9_GSM4140332_GAGTCCGCAATGCCAT-1,0,ceritinib
Data9_GSM4140332_GAGTCCGCACAACGCC-1,0,ceritinib
Data9_GSM4140332_GAGTCCGGTCAACTGT-1,0,ceritinib
Data9_GSM4140332_GAGTCCGGTCCGTTAA-1,0,ceritinib
Data9_GSM4140332_GAGTCCGGTGGCTCCA-1,0,ceritinib
Data9_GSM4140332_GAGTCCGGTTCACGGC-1,0,ceritinib
Data9_GSM4140332_GAGTCCGTCAGGCGAA-1,0,ceritinib
Data9_GSM4140332_GAGTCCGTCTGTCTAT-1,0,ceritinib
Data9_GSM4140332_GATCAGTAGACCCACC-1,0,ceritinib
Data9_GSM4140332_GATCAGTGTAACGTTC-1,0,ceritinib
Data9_GSM4140332_GATCAGTGTCTCCACT-1,0,ceritinib
Data9_GSM4140332_GATCAGTTCACTTCAT-1,0,ceritinib
Data9_GSM4140332_GATCGATAGAAGGCCT-1,0,ceritinib
Data9_GSM4140332_GATCGATAGTTGCAGG-1,0,ceritinib
Data9_GSM4140332_GATCGATGTATTACCG-1,0,ceritinib
Data9_GSM4140332_GATCGATGTTACCAGT-1,0,ceritinib
Data9_GSM4140332_GATCGATTCACCACCT-1,0,ceritinib
Data9_GSM4140332_GATCGATTCATTGCGA-1,0,ceritinib
Data9_GSM4140332_GATCGATTCTTTAGGG-1,0,ceritinib
Data9_GSM4140332_GATCGCGAGGGCTTGA-1,0,ceritinib
Data9_GSM4140332_GATCGCGAGTACCGGA-1,0,ceritinib
Data9_GSM4140332_GATCGCGAGTGCTGCC-1,0,ceritinib
Data9_GSM4140332_GATCGCGCACGAAACG-1,0,ceritinib
Data9_GSM4140332_GATCGCGCACTGTTAG-1,0,ceritinib
Data9_GSM4140332_GATCGCGCAGCGAACA-1,0,ceritinib
Data9_GSM4140332_GATCGCGGTCCCTTGT-1,0,ceritinib
Data9_GSM4140332_GATCGCGGTTCTCATT-1,0,ceritinib
Data9_GSM4140332_GATCGCGTCCACGTGG-1,0,ceritinib
Data9_GSM4140332_GATCGCGTCCCATTAT-1,0,ceritinib
Data9_GSM4140332_GATCGCGTCCGAATGT-1,0,ceritinib
Data9_GSM4140332_GATCGCGTCGCATGAT-1,0,ceritinib
Data9_GSM4140332_GATCGCGTCGTGGTCG-1,0,ceritinib
Data9_GSM4140332_GATCGCGTCTGATTCT-1,0,ceritinib
Data9_GSM4140332_GATCGTAAGACTGGGT-1,0,ceritinib
Data9_GSM4140332_GATCGTAAGAGTGACC-1,0,ceritinib
Data9_GSM4140332_GATCGTAAGCTGCGAA-1,0,ceritinib
Data9_GSM4140332_GATCGTACAAAGCGGT-1,0,ceritinib
Data9_GSM4140332_GATCGTACAAGCCGTC-1,0,ceritinib
Data9_GSM4140332_GATCGTACAGATCCAT-1,0,ceritinib
Data9_GSM4140332_GATCGTAGTGCACCAC-1,0,ceritinib
Data9_GSM4140332_GATCGTAGTTAAGTAG-1,0,ceritinib
Data9_GSM4140332_GATCGTAGTTGTACAC-1,0,ceritinib
Data9_GSM4140332_GATCGTATCCCTAATT-1,0,ceritinib
Data9_GSM4140332_GATCGTATCTGAAAGA-1,0,ceritinib
Data9_GSM4140332_GATCTAGCATACAGCT-1,0,ceritinib
Data9_GSM4140332_GATCTAGGTACTTAGC-1,0,ceritinib
Data9_GSM4140332_GATCTAGGTAGCTCCG-1,0,ceritinib
Data9_GSM4140332_GATCTAGGTCCCTACT-1,0,ceritinib
Data9_GSM4140332_GATCTAGTCAGCACAT-1,0,ceritinib
Data9_GSM4140332_GATGAAAAGAACAACT-1,0,ceritinib
Data9_GSM4140332_GATGAAAAGATAGCAT-1,0,ceritinib
Data9_GSM4140332_GATGAAAAGCCACGTC-1,0,ceritinib
Data9_GSM4140332_GATGAAAAGCGTTTAC-1,0,ceritinib
Data9_GSM4140332_GATGAAACAGCCTATA-1,0,ceritinib
Data9_GSM4140332_GATGAAAGTAGTGAAT-1,0,ceritinib
Data9_GSM4140332_GATGAAAGTGAGTGAC-1,0,ceritinib
Data9_GSM4140332_GATGAAAGTGCACCAC-1,0,ceritinib
Data9_GSM4140332_GATGAAAGTTAAAGAC-1,0,ceritinib
Data9_GSM4140332_GATGAAAGTTCCGTCT-1,0,ceritinib
Data9_GSM4140332_GATGAAAGTTGAGTTC-1,0,ceritinib
Data9_GSM4140332_GATGAGGAGCCAGTTT-1,0,ceritinib
Data9_GSM4140332_GATGAGGAGGACACCA-1,0,ceritinib
Data9_GSM4140332_GATGAGGAGGAGTTGC-1,0,ceritinib
Data9_GSM4140332_GATGAGGCATGTAAGA-1,0,ceritinib
Data9_GSM4140332_GATGAGGGTATGAAAC-1,0,ceritinib
Data9_GSM4140332_GATGAGGGTCAAAGAT-1,0,ceritinib
Data9_GSM4140332_GATGAGGTCAAACCAC-1,0,ceritinib
Data9_GSM4140332_GATGAGGTCACATAGC-1,0,ceritinib
Data9_GSM4140332_GATGAGGTCGAATGGG-1,0,ceritinib
Data9_GSM4140332_GATGAGGTCTGTTGAG-1,0,ceritinib
Data9_GSM4140332_GATGCTACACGGCCAT-1,0,ceritinib
Data9_GSM4140332_GATGCTAGTCAATGTC-1,0,ceritinib
Data9_GSM4140332_GATGCTATCCGATATG-1,0,ceritinib
Data9_GSM4140332_GATGCTATCCTCTAGC-1,0,ceritinib
Data9_GSM4140332_GATGCTATCGGCCGAT-1,0,ceritinib
Data9_GSM4140332_GATTCAGAGCTACCGC-1,0,ceritinib
Data9_GSM4140332_GATTCAGAGTCCAGGA-1,0,ceritinib
Data9_GSM4140332_GATTCAGCAAGGACAC-1,0,ceritinib
Data9_GSM4140332_GATTCAGCAGGATCGA-1,0,ceritinib
Data9_GSM4140332_GATTCAGGTGCAGACA-1,0,ceritinib
Data9_GSM4140332_GATTCAGGTTCAGACT-1,0,ceritinib
Data9_GSM4140332_GATTCAGTCATAACCG-1,0,ceritinib
Data9_GSM4140332_GATTCAGTCCAAACAC-1,0,ceritinib
Data9_GSM4140332_GATTCAGTCCTTTCGG-1,0,ceritinib
Data9_GSM4140332_GCAAACTAGAAAGTGG-1,0,ceritinib
Data9_GSM4140332_GCAAACTAGAATTCCC-1,0,ceritinib
Data9_GSM4140332_GCAAACTCAACTTGAC-1,0,ceritinib
Data9_GSM4140332_GCAAACTCAATAGCGG-1,0,ceritinib
Data9_GSM4140332_GCAAACTCACACGCTG-1,0,ceritinib
Data9_GSM4140332_GCAAACTCACGGTAAG-1,0,ceritinib
Data9_GSM4140332_GCAAACTCAGGTGCCT-1,0,ceritinib
Data9_GSM4140332_GCAAACTGTCGCGTGT-1,0,ceritinib
Data9_GSM4140332_GCAAACTTCAGGCCCA-1,0,ceritinib
Data9_GSM4140332_GCAAACTTCGTCGTTC-1,0,ceritinib
Data9_GSM4140332_GCAAACTTCTGCAGTA-1,0,ceritinib
Data9_GSM4140332_GCAAACTTCTTGCAAG-1,0,ceritinib
Data9_GSM4140332_GCAATCACAATAGCAA-1,0,ceritinib
Data9_GSM4140332_GCAATCACAATCAGAA-1,0,ceritinib
Data9_GSM4140332_GCAATCACAGGTTTCA-1,0,ceritinib
Data9_GSM4140332_GCAATCAGTATATGGA-1,0,ceritinib
Data9_GSM4140332_GCAATCAGTCACTGGC-1,0,ceritinib
Data9_GSM4140332_GCAATCAGTCGAAAGC-1,0,ceritinib
Data9_GSM4140332_GCAATCAGTCTGCCAG-1,0,ceritinib
Data9_GSM4140332_GCAATCATCAAACAAG-1,0,ceritinib
Data9_GSM4140332_GCAATCATCACGGTTA-1,0,ceritinib
Data9_GSM4140332_GCAATCATCATATCGG-1,0,ceritinib
Data9_GSM4140332_GCAATCATCGGCGCTA-1,0,ceritinib
Data9_GSM4140332_GCAATCATCGGTGTCG-1,0,ceritinib
Data9_GSM4140332_GCACATAAGAATTCCC-1,0,ceritinib
Data9_GSM4140332_GCACATAAGCAGCCTC-1,0,ceritinib
Data9_GSM4140332_GCACATAAGCGTAGTG-1,0,ceritinib
Data9_GSM4140332_GCACATACATGGTTGT-1,0,ceritinib
Data9_GSM4140332_GCACATACATTCTTAC-1,0,ceritinib
Data9_GSM4140332_GCACATAGTACCGCTG-1,0,ceritinib
Data9_GSM4140332_GCACATAGTATATGGA-1,0,ceritinib
Data9_GSM4140332_GCACATAGTCATCCCT-1,0,ceritinib
Data9_GSM4140332_GCACATAGTTACCGAT-1,0,ceritinib
Data9_GSM4140332_GCACATAGTTGCGCAC-1,0,ceritinib
Data9_GSM4140332_GCACATATCGTTACAG-1,0,ceritinib
Data9_GSM4140332_GCACTCTAGAAACGAG-1,0,ceritinib
Data9_GSM4140332_GCACTCTAGCACCGCT-1,0,ceritinib
Data9_GSM4140332_GCACTCTAGTCCCACG-1,0,ceritinib
Data9_GSM4140332_GCACTCTCAATGACCT-1,0,ceritinib
Data9_GSM4140332_GCACTCTCACCGAATT-1,0,ceritinib
Data9_GSM4140332_GCACTCTGTAAAGTCA-1,0,ceritinib
Data9_GSM4140332_GCACTCTGTACCGTAT-1,0,ceritinib
Data9_GSM4140332_GCACTCTGTACGCTGC-1,0,ceritinib
Data9_GSM4140332_GCACTCTGTTAAGTAG-1,0,ceritinib
Data9_GSM4140332_GCACTCTTCAGCATGT-1,0,ceritinib
Data9_GSM4140332_GCACTCTTCCCTGACT-1,0,ceritinib
Data9_GSM4140332_GCAGCCAAGCTGCGAA-1,0,ceritinib
Data9_GSM4140332_GCAGCCAAGTGCTGCC-1,0,ceritinib
Data9_GSM4140332_GCAGCCACACTACAGT-1,0,ceritinib
Data9_GSM4140332_GCAGCCACATTCGACA-1,0,ceritinib
Data9_GSM4140332_GCAGCCAGTCAGAGGT-1,0,ceritinib
Data9_GSM4140332_GCAGCCATCCGAACGC-1,0,ceritinib
Data9_GSM4140332_GCAGCCATCGCCATAA-1,0,ceritinib
Data9_GSM4140332_GCAGCCATCGTCACGG-1,0,ceritinib
Data9_GSM4140332_GCAGTTAAGAACTCGG-1,0,ceritinib
Data9_GSM4140332_GCAGTTAAGCCAGTAG-1,0,ceritinib
Data9_GSM4140332_GCAGTTACAACACCCG-1,0,ceritinib
Data9_GSM4140332_GCAGTTACAAGCGTAG-1,0,ceritinib
Data9_GSM4140332_GCAGTTACAATGACCT-1,0,ceritinib
Data9_GSM4140332_GCAGTTACACCTCGGA-1,0,ceritinib
Data9_GSM4140332_GCAGTTAGTGACGCCT-1,0,ceritinib
Data9_GSM4140332_GCAGTTAGTGGCCCTA-1,0,ceritinib
Data9_GSM4140332_GCAGTTAGTGTCAATC-1,0,ceritinib
Data9_GSM4140332_GCAGTTAGTTGGTGGA-1,0,ceritinib
Data9_GSM4140332_GCAGTTATCATCTGTT-1,0,ceritinib
Data9_GSM4140332_GCAGTTATCGTGTAGT-1,0,ceritinib
Data9_GSM4140332_GCATACAAGATCCCGC-1,0,ceritinib
Data9_GSM4140332_GCATACAAGATCCGAG-1,0,ceritinib
Data9_GSM4140332_GCATACAAGCGATGAC-1,0,ceritinib
Data9_GSM4140332_GCATACAAGGTGATAT-1,0,ceritinib
Data9_GSM4140332_GCATACAAGTCGTTTG-1,0,ceritinib
Data9_GSM4140332_GCATACACAAGGTTTC-1,0,ceritinib
Data9_GSM4140332_GCATACACAATAACGA-1,0,ceritinib
Data9_GSM4140332_GCATACACACATGTGT-1,0,ceritinib
Data9_GSM4140332_GCATACACATAGGATA-1,0,ceritinib
Data9_GSM4140332_GCATACACATGCCACG-1,0,ceritinib
Data9_GSM4140332_GCATACAGTAGGCTGA-1,0,ceritinib
Data9_GSM4140332_GCATACAGTTGATTGC-1,0,ceritinib
Data9_GSM4140332_GCATACATCAAGGTAA-1,0,ceritinib
Data9_GSM4140332_GCATACATCACCGGGT-1,0,ceritinib
Data9_GSM4140332_GCATACATCCATGAAC-1,0,ceritinib
Data9_GSM4140332_GCATACATCCATGCTC-1,0,ceritinib
Data9_GSM4140332_GCATACATCCTAGAAC-1,0,ceritinib
Data9_GSM4140332_GCATACATCCTTGCCA-1,0,ceritinib
Data9_GSM4140332_GCATACATCGTTGCCT-1,0,ceritinib
Data9_GSM4140332_GCATACATCTTCAACT-1,0,ceritinib
Data9_GSM4140332_GCATGATAGAAGGTGA-1,0,ceritinib
Data9_GSM4140332_GCATGATAGATGTAAC-1,0,ceritinib
Data9_GSM4140332_GCATGATAGTAGGCCA-1,0,ceritinib
Data9_GSM4140332_GCATGATCAACAACCT-1,0,ceritinib
Data9_GSM4140332_GCATGATCACCAGCAC-1,0,ceritinib
Data9_GSM4140332_GCATGATTCACAATGC-1,0,ceritinib
Data9_GSM4140332_GCATGATTCAGTCAGT-1,0,ceritinib
Data9_GSM4140332_GCATGATTCGCGGATC-1,0,ceritinib
Data9_GSM4140332_GCATGCGAGACCTAGG-1,0,ceritinib
Data9_GSM4140332_GCATGCGAGCGATGAC-1,0,ceritinib
Data9_GSM4140332_GCATGCGCAACACGCC-1,0,ceritinib
Data9_GSM4140332_GCATGCGCAACTGCTA-1,0,ceritinib
Data9_GSM4140332_GCATGCGCAGCGTAAG-1,0,ceritinib
Data9_GSM4140332_GCATGCGTCACCTCGT-1,0,ceritinib
Data9_GSM4140332_GCATGCGTCATTGCCC-1,0,ceritinib
Data9_GSM4140332_GCATGCGTCTTGAGAC-1,0,ceritinib
Data9_GSM4140332_GCATGTAAGAGTCGGT-1,0,ceritinib
Data9_GSM4140332_GCATGTACAATGAAAC-1,0,ceritinib
Data9_GSM4140332_GCATGTACACCGTTGG-1,0,ceritinib
Data9_GSM4140332_GCATGTACAGGCTCAC-1,0,ceritinib
Data9_GSM4140332_GCATGTACATTCTCAT-1,0,ceritinib
Data9_GSM4140332_GCATGTAGTATAAACG-1,0,ceritinib
Data9_GSM4140332_GCATGTAGTCGCGGTT-1,0,ceritinib
Data9_GSM4140332_GCATGTAGTGAGCGAT-1,0,ceritinib
Data9_GSM4140332_GCATGTAGTGATGATA-1,0,ceritinib
Data9_GSM4140332_GCATGTATCACAATGC-1,0,ceritinib
Data9_GSM4140332_GCATGTATCACGATGT-1,0,ceritinib
Data9_GSM4140332_GCATGTATCTCTTGAT-1,0,ceritinib
Data9_GSM4140332_GCATGTATCTTAGAGC-1,0,ceritinib
Data9_GSM4140332_GCCAAATAGACTGGGT-1,0,ceritinib
Data9_GSM4140332_GCCAAATAGGTGACCA-1,0,ceritinib
Data9_GSM4140332_GCCAAATAGTTGAGAT-1,0,ceritinib
Data9_GSM4140332_GCCAAATCACAGACTT-1,0,ceritinib
Data9_GSM4140332_GCCAAATCATGAAGTA-1,0,ceritinib
Data9_GSM4140332_GCCAAATGTAAGTGGC-1,0,ceritinib
Data9_GSM4140332_GCCAAATGTAGGACAC-1,0,ceritinib
Data9_GSM4140332_GCCAAATGTGATAAAC-1,0,ceritinib
Data9_GSM4140332_GCCAAATTCGTTACGA-1,0,ceritinib
Data9_GSM4140332_GCCTCTAAGAAGGACA-1,0,ceritinib
Data9_GSM4140332_GCCTCTAAGCCCGAAA-1,0,ceritinib
Data9_GSM4140332_GCCTCTAGTACTCAAC-1,0,ceritinib
Data9_GSM4140332_GCCTCTAGTATAGGGC-1,0,ceritinib
Data9_GSM4140332_GCCTCTAGTTATCGGT-1,0,ceritinib
Data9_GSM4140332_GCCTCTATCGCCATAA-1,0,ceritinib
Data9_GSM4140332_GCCTCTATCTGCTGTC-1,0,ceritinib
Data9_GSM4140332_GCGACCACAGGTCCAC-1,0,ceritinib
Data9_GSM4140332_GCGACCACATGGTAGG-1,0,ceritinib
Data9_GSM4140332_GCGACCACATTGTGCA-1,0,ceritinib
Data9_GSM4140332_GCGACCATCACGCGGT-1,0,ceritinib
Data9_GSM4140332_GCGAGAACATTACGAC-1,0,ceritinib
Data9_GSM4140332_GCGAGAAGTACAGCAG-1,0,ceritinib
Data9_GSM4140332_GCGAGAAGTAGGAGTC-1,0,ceritinib
Data9_GSM4140332_GCGAGAAGTCGCCATG-1,0,ceritinib
Data9_GSM4140332_GCGAGAAGTGAGGCTA-1,0,ceritinib
Data9_GSM4140332_GCGAGAAGTGCCTTGG-1,0,ceritinib
Data9_GSM4140332_GCGAGAAGTGTCCTCT-1,0,ceritinib
Data9_GSM4140332_GCGAGAAGTTACGGAG-1,0,ceritinib
Data9_GSM4140332_GCGAGAATCATCGGAT-1,0,ceritinib
Data9_GSM4140332_GCGAGAATCCTTGACC-1,0,ceritinib
Data9_GSM4140332_GCGAGAATCGACGGAA-1,0,ceritinib
Data9_GSM4140332_GCGAGAATCGGAGCAA-1,0,ceritinib
Data9_GSM4140332_GCGAGAATCTGAAAGA-1,0,ceritinib
Data9_GSM4140332_GCGCAACAGACGCAAC-1,0,ceritinib
Data9_GSM4140332_GCGCAACAGAGATGAG-1,0,ceritinib
Data9_GSM4140332_GCGCAACAGAGGACGG-1,0,ceritinib
Data9_GSM4140332_GCGCAACAGTGGGCTA-1,0,ceritinib
Data9_GSM4140332_GCGCAACCATCCGGGT-1,0,ceritinib
Data9_GSM4140332_GCGCAACGTCGCGGTT-1,0,ceritinib
Data9_GSM4140332_GCGCAACGTGCACGAA-1,0,ceritinib
Data9_GSM4140332_GCGCAACGTGGTCTCG-1,0,ceritinib
Data9_GSM4140332_GCGCAACGTGTCTGAT-1,0,ceritinib
Data9_GSM4140332_GCGCAGTAGACTGGGT-1,0,ceritinib
Data9_GSM4140332_GCGCAGTAGCTTTGGT-1,0,ceritinib
Data9_GSM4140332_GCGCAGTCAAGGTTTC-1,0,ceritinib
Data9_GSM4140332_GCGCAGTCAATGTAAG-1,0,ceritinib
Data9_GSM4140332_GCGCAGTTCTCAAACG-1,0,ceritinib
Data9_GSM4140332_GCGCCAAAGACAGAGA-1,0,ceritinib
Data9_GSM4140332_GCGCCAAAGCCGTCGT-1,0,ceritinib
Data9_GSM4140332_GCGCCAAAGGACACCA-1,0,ceritinib
Data9_GSM4140332_GCGCCAAAGGTCATCT-1,0,ceritinib
Data9_GSM4140332_GCGCCAACAACACCCG-1,0,ceritinib
Data9_GSM4140332_GCGCCAACACCCATTC-1,0,ceritinib
Data9_GSM4140332_GCGCCAACATGCCACG-1,0,ceritinib
Data9_GSM4140332_GCGCCAAGTCCAAGTT-1,0,ceritinib
Data9_GSM4140332_GCGCCAATCGTGGTCG-1,0,ceritinib
Data9_GSM4140332_GCGCCAATCTGTCAAG-1,0,ceritinib
Data9_GSM4140332_GCGCGATAGGAGCGTT-1,0,ceritinib
Data9_GSM4140332_GCGCGATAGGTTACCT-1,0,ceritinib
Data9_GSM4140332_GCGCGATAGTGGGTTG-1,0,ceritinib
Data9_GSM4140332_GCGCGATCAATAAGCA-1,0,ceritinib
Data9_GSM4140332_GCGCGATCACGAAAGC-1,0,ceritinib
Data9_GSM4140332_GCGCGATCATGTCTCC-1,0,ceritinib
Data9_GSM4140332_GCGCGATGTCGCATCG-1,0,ceritinib
Data9_GSM4140332_GCGCGATGTCTCCATC-1,0,ceritinib
Data9_GSM4140332_GCGCGATGTGCATCTA-1,0,ceritinib
Data9_GSM4140332_GCGCGATGTGGCAAAC-1,0,ceritinib
Data9_GSM4140332_GCGCGATTCGCAGGCT-1,0,ceritinib
Data9_GSM4140332_GCGCGATTCTTGAGAC-1,0,ceritinib
Data9_GSM4140332_GCGGGTTAGATAGTCA-1,0,ceritinib
Data9_GSM4140332_GCGGGTTCAAGGTTTC-1,0,ceritinib
Data9_GSM4140332_GCGGGTTCAATGTTGC-1,0,ceritinib
Data9_GSM4140332_GCGGGTTCAGGTCGTC-1,0,ceritinib
Data9_GSM4140332_GCGGGTTGTCTACCTC-1,0,ceritinib
Data9_GSM4140332_GCGGGTTGTGCAGACA-1,0,ceritinib
Data9_GSM4140332_GCGGGTTGTTAAGAAC-1,0,ceritinib
Data9_GSM4140332_GCGGGTTTCCCATTTA-1,0,ceritinib
Data9_GSM4140332_GCTCCTAAGCTAACTC-1,0,ceritinib
Data9_GSM4140332_GCTCCTAAGTGAAGAG-1,0,ceritinib
Data9_GSM4140332_GCTCCTAAGTTGTCGT-1,0,ceritinib
Data9_GSM4140332_GCTCCTACAAAGCGGT-1,0,ceritinib
Data9_GSM4140332_GCTCCTACACGCCAGT-1,0,ceritinib
Data9_GSM4140332_GCTCCTACACTAGTAC-1,0,ceritinib
Data9_GSM4140332_GCTCCTAGTACAGCAG-1,0,ceritinib
Data9_GSM4140332_GCTCCTATCACTTATC-1,0,ceritinib
Data9_GSM4140332_GCTCCTATCCAAAGTC-1,0,ceritinib
Data9_GSM4140332_GCTCTGTAGCAGCGTA-1,0,ceritinib
Data9_GSM4140332_GCTCTGTAGTGGGCTA-1,0,ceritinib
Data9_GSM4140332_GCTCTGTCAATTCCTT-1,0,ceritinib
Data9_GSM4140332_GCTCTGTCACGTCTCT-1,0,ceritinib
Data9_GSM4140332_GCTCTGTCAGTAAGCG-1,0,ceritinib
Data9_GSM4140332_GCTCTGTCATGGTCAT-1,0,ceritinib
Data9_GSM4140332_GCTCTGTCATTCCTCG-1,0,ceritinib
Data9_GSM4140332_GCTCTGTGTCAGGACA-1,0,ceritinib
Data9_GSM4140332_GCTCTGTGTCTTCGTC-1,0,ceritinib
Data9_GSM4140332_GCTCTGTGTCTTGCGG-1,0,ceritinib
Data9_GSM4140332_GCTCTGTGTGGTTTCA-1,0,ceritinib
Data9_GSM4140332_GCTCTGTGTTGCTCCT-1,0,ceritinib
Data9_GSM4140332_GCTCTGTTCCGAAGAG-1,0,ceritinib
Data9_GSM4140332_GCTGCAGAGATGAGAG-1,0,ceritinib
Data9_GSM4140332_GCTGCAGAGCCACGTC-1,0,ceritinib
Data9_GSM4140332_GCTGCAGAGCGGATCA-1,0,ceritinib
Data9_GSM4140332_GCTGCAGAGCTAGTCT-1,0,ceritinib
Data9_GSM4140332_GCTGCAGCAGTATCTG-1,0,ceritinib
Data9_GSM4140332_GCTGCAGGTTGCTCCT-1,0,ceritinib
Data9_GSM4140332_GCTGCAGTCTTGCATT-1,0,ceritinib
Data9_GSM4140332_GCTGCGAAGCTATGCT-1,0,ceritinib
Data9_GSM4140332_GCTGCGACAATTCCTT-1,0,ceritinib
Data9_GSM4140332_GCTGCGACACGCGAAA-1,0,ceritinib
Data9_GSM4140332_GCTGCGACAGGATCGA-1,0,ceritinib
Data9_GSM4140332_GCTGCGACATCGGGTC-1,0,ceritinib
Data9_GSM4140332_GCTGCGAGTGAAGGCT-1,0,ceritinib
Data9_GSM4140332_GCTGCGAGTGCTTCTC-1,0,ceritinib
Data9_GSM4140332_GCTGCGAGTGTTGAGG-1,0,ceritinib
Data9_GSM4140332_GCTGCGATCTCTGAGA-1,0,ceritinib
Data9_GSM4140332_GCTGCGATCTTCATGT-1,0,ceritinib
Data9_GSM4140332_GCTGCTTAGTGTACGG-1,0,ceritinib
Data9_GSM4140332_GCTGCTTCACTGCCAG-1,0,ceritinib
Data9_GSM4140332_GCTGCTTCATGGAATA-1,0,ceritinib
Data9_GSM4140332_GCTGCTTGTGAAGGCT-1,0,ceritinib
Data9_GSM4140332_GCTGCTTTCAAACCAC-1,0,ceritinib
Data9_GSM4140332_GCTGCTTTCCGTCAAA-1,0,ceritinib
Data9_GSM4140332_GCTGCTTTCGCACTCT-1,0,ceritinib
Data9_GSM4140332_GCTGGGTAGAAACCGC-1,0,ceritinib
Data9_GSM4140332_GCTGGGTAGAAGCCCA-1,0,ceritinib
Data9_GSM4140332_GCTGGGTAGCGTCTAT-1,0,ceritinib
Data9_GSM4140332_GCTGGGTAGGGCTCTC-1,0,ceritinib
Data9_GSM4140332_GCTGGGTAGTTCGCGC-1,0,ceritinib
Data9_GSM4140332_GCTGGGTCACGTGAGA-1,0,ceritinib
Data9_GSM4140332_GCTGGGTCATATACGC-1,0,ceritinib
Data9_GSM4140332_GCTGGGTGTCCGCTGA-1,0,ceritinib
Data9_GSM4140332_GCTGGGTGTCGTCTTC-1,0,ceritinib
Data9_GSM4140332_GCTGGGTGTGCATCTA-1,0,ceritinib
Data9_GSM4140332_GCTGGGTGTTCACCTC-1,0,ceritinib
Data9_GSM4140332_GCTGGGTTCACGACTA-1,0,ceritinib
Data9_GSM4140332_GCTGGGTTCGTAGGAG-1,0,ceritinib
Data9_GSM4140332_GCTGGGTTCGTGGACC-1,0,ceritinib
Data9_GSM4140332_GCTGGGTTCTCTGCTG-1,0,ceritinib
Data9_GSM4140332_GCTGGGTTCTTCGAGA-1,0,ceritinib
Data9_GSM4140332_GCTTCCAAGTGCGATG-1,0,ceritinib
Data9_GSM4140332_GCTTCCACACAAGACG-1,0,ceritinib
Data9_GSM4140332_GCTTCCACACAGCCCA-1,0,ceritinib
Data9_GSM4140332_GCTTCCACACATGTGT-1,0,ceritinib
Data9_GSM4140332_GCTTCCACACCCTATC-1,0,ceritinib
Data9_GSM4140332_GCTTCCACATGACGGA-1,0,ceritinib
Data9_GSM4140332_GCTTCCAGTCTCTCTG-1,0,ceritinib
Data9_GSM4140332_GCTTCCATCGCACTCT-1,0,ceritinib
Data9_GSM4140332_GCTTCCATCTTGCATT-1,0,ceritinib
Data9_GSM4140332_GCTTGAAAGACTAGAT-1,0,ceritinib
Data9_GSM4140332_GCTTGAACACGGTAAG-1,0,ceritinib
Data9_GSM4140332_GCTTGAACACGTCTCT-1,0,ceritinib
Data9_GSM4140332_GCTTGAAGTATAATGG-1,0,ceritinib
Data9_GSM4140332_GCTTGAAGTCTTCAAG-1,0,ceritinib
Data9_GSM4140332_GCTTGAAGTTCCACGG-1,0,ceritinib
Data9_GSM4140332_GCTTGAATCGAATGGG-1,0,ceritinib
Data9_GSM4140332_GGAAAGCCAATGCCAT-1,0,ceritinib
Data9_GSM4140332_GGAAAGCGTACCAGTT-1,0,ceritinib
Data9_GSM4140332_GGAAAGCGTATAGGTA-1,0,ceritinib
Data9_GSM4140332_GGAAAGCGTGACCAAG-1,0,ceritinib
Data9_GSM4140332_GGAAAGCGTGCATCTA-1,0,ceritinib
Data9_GSM4140332_GGAAAGCGTTGTGGAG-1,0,ceritinib
Data9_GSM4140332_GGAACTTAGCGTGAAC-1,0,ceritinib
Data9_GSM4140332_GGAACTTGTTACGGAG-1,0,ceritinib
Data9_GSM4140332_GGAACTTTCGCGATCG-1,0,ceritinib
Data9_GSM4140332_GGAACTTTCGGAATCT-1,0,ceritinib
Data9_GSM4140332_GGAACTTTCTCATTCA-1,0,ceritinib
Data9_GSM4140332_GGAATAAAGGAGCGAG-1,0,ceritinib
Data9_GSM4140332_GGAATAAAGGATTCGG-1,0,ceritinib
Data9_GSM4140332_GGAATAAAGGTAAACT-1,0,ceritinib
Data9_GSM4140332_GGAATAACAAAGCAAT-1,0,ceritinib
Data9_GSM4140332_GGAATAACACGAAACG-1,0,ceritinib
Data9_GSM4140332_GGAATAACACGGACAA-1,0,ceritinib
Data9_GSM4140332_GGAATAAGTACGCACC-1,0,ceritinib
Data9_GSM4140332_GGAATAAGTATAAACG-1,0,ceritinib
Data9_GSM4140332_GGAATAAGTCTAAACC-1,0,ceritinib
Data9_GSM4140332_GGAATAAGTTGTCGCG-1,0,ceritinib
Data9_GSM4140332_GGACAAGAGATGCGAC-1,0,ceritinib
Data9_GSM4140332_GGACAAGAGCGTCTAT-1,0,ceritinib
Data9_GSM4140332_GGACAAGAGCGTTGCC-1,0,ceritinib
Data9_GSM4140332_GGACAAGGTACCATCA-1,0,ceritinib
Data9_GSM4140332_GGACAAGGTACCGTAT-1,0,ceritinib
Data9_GSM4140332_GGACAAGGTTACCGAT-1,0,ceritinib
Data9_GSM4140332_GGACAGAAGTGATCGG-1,0,ceritinib
Data9_GSM4140332_GGACAGACAACAACCT-1,0,ceritinib
Data9_GSM4140332_GGACAGACACAACGTT-1,0,ceritinib
Data9_GSM4140332_GGACAGACATTTCACT-1,0,ceritinib
Data9_GSM4140332_GGACAGAGTCGCGTGT-1,0,ceritinib
Data9_GSM4140332_GGACAGAGTCGGGTCT-1,0,ceritinib
Data9_GSM4140332_GGACAGATCAGCTTAG-1,0,ceritinib
Data9_GSM4140332_GGACAGATCGTAGGTT-1,0,ceritinib
Data9_GSM4140332_GGACATTAGAAACGCC-1,0,ceritinib
Data9_GSM4140332_GGACATTAGACTACAA-1,0,ceritinib
Data9_GSM4140332_GGACATTCACCGAAAG-1,0,ceritinib
Data9_GSM4140332_GGACATTGTCCGAAGA-1,0,ceritinib
Data9_GSM4140332_GGACATTGTCCGAATT-1,0,ceritinib
Data9_GSM4140332_GGACATTGTGAACCTT-1,0,ceritinib
Data9_GSM4140332_GGACATTGTTCAGTAC-1,0,ceritinib
Data9_GSM4140332_GGACATTTCAGTCCCT-1,0,ceritinib
Data9_GSM4140332_GGACATTTCAGTTTGG-1,0,ceritinib
Data9_GSM4140332_GGACATTTCCCTCTTT-1,0,ceritinib
Data9_GSM4140332_GGACATTTCTAACCGA-1,0,ceritinib
Data9_GSM4140332_GGACGTCAGACCTAGG-1,0,ceritinib
Data9_GSM4140332_GGACGTCAGGCCCTTG-1,0,ceritinib
Data9_GSM4140332_GGACGTCAGTTAAGTG-1,0,ceritinib
Data9_GSM4140332_GGACGTCCAATAACGA-1,0,ceritinib
Data9_GSM4140332_GGACGTCCAGCATGAG-1,0,ceritinib
Data9_GSM4140332_GGACGTCCATATACCG-1,0,ceritinib
Data9_GSM4140332_GGACGTCGTCACTGGC-1,0,ceritinib
Data9_GSM4140332_GGACGTCGTCTAGAGG-1,0,ceritinib
Data9_GSM4140332_GGACGTCGTTAAAGAC-1,0,ceritinib
Data9_GSM4140332_GGACGTCTCTAACTCT-1,0,ceritinib
Data9_GSM4140332_GGAGCAACACTCGACG-1,0,ceritinib
Data9_GSM4140332_GGAGCAACAGCTTAAC-1,0,ceritinib
Data9_GSM4140332_GGAGCAACAGTATAAG-1,0,ceritinib
Data9_GSM4140332_GGAGCAAGTGCGGTAA-1,0,ceritinib
Data9_GSM4140332_GGAGCAAGTTATGTGC-1,0,ceritinib
Data9_GSM4140332_GGAGCAATCTGGTATG-1,0,ceritinib
Data9_GSM4140332_GGATGTTCACATGACT-1,0,ceritinib
Data9_GSM4140332_GGATGTTCAGTGGAGT-1,0,ceritinib
Data9_GSM4140332_GGATGTTGTGGCTCCA-1,0,ceritinib
Data9_GSM4140332_GGATGTTGTGTGGCTC-1,0,ceritinib
Data9_GSM4140332_GGATGTTTCCACTCCA-1,0,ceritinib
Data9_GSM4140332_GGATGTTTCGACAGCC-1,0,ceritinib
Data9_GSM4140332_GGATGTTTCGCGTTTC-1,0,ceritinib
Data9_GSM4140332_GGATTACAGGAGTACC-1,0,ceritinib
Data9_GSM4140332_GGATTACAGTATCGAA-1,0,ceritinib
Data9_GSM4140332_GGATTACCAATGACCT-1,0,ceritinib
Data9_GSM4140332_GGATTACCACTTAAGC-1,0,ceritinib
Data9_GSM4140332_GGATTACCAGCCTATA-1,0,ceritinib
Data9_GSM4140332_GGATTACCAGGAATGC-1,0,ceritinib
Data9_GSM4140332_GGATTACCATATGAGA-1,0,ceritinib
Data9_GSM4140332_GGATTACGTCAAACTC-1,0,ceritinib
Data9_GSM4140332_GGATTACGTCGGCATC-1,0,ceritinib
Data9_GSM4140332_GGATTACGTTGTGGCC-1,0,ceritinib
Data9_GSM4140332_GGATTACTCTTGGGTA-1,0,ceritinib
Data9_GSM4140332_GGCAATTAGACTACAA-1,0,ceritinib
Data9_GSM4140332_GGCAATTAGTTAAGTG-1,0,ceritinib
Data9_GSM4140332_GGCAATTCAACACCCG-1,0,ceritinib
Data9_GSM4140332_GGCAATTCACCTCGTT-1,0,ceritinib
Data9_GSM4140332_GGCAATTGTAATAGCA-1,0,ceritinib
Data9_GSM4140332_GGCAATTGTAGCTAAA-1,0,ceritinib
Data9_GSM4140332_GGCAATTGTGCGATAG-1,0,ceritinib
Data9_GSM4140332_GGCAATTTCCTTAATC-1,0,ceritinib
Data9_GSM4140332_GGCAATTTCGACAGCC-1,0,ceritinib
Data9_GSM4140332_GGCAATTTCGTTGCCT-1,0,ceritinib
Data9_GSM4140332_GGCCGATAGAATTGTG-1,0,ceritinib
Data9_GSM4140332_GGCCGATAGACTCGGA-1,0,ceritinib
Data9_GSM4140332_GGCCGATCAAGCCCAC-1,0,ceritinib
Data9_GSM4140332_GGCCGATCACCATCCT-1,0,ceritinib
Data9_GSM4140332_GGCCGATCAGTAACGG-1,0,ceritinib
Data9_GSM4140332_GGCCGATCATAACCTG-1,0,ceritinib
Data9_GSM4140332_GGCCGATGTCAGCTAT-1,0,ceritinib
Data9_GSM4140332_GGCCGATTCGTAGGTT-1,0,ceritinib
Data9_GSM4140332_GGCCGATTCTAACTGG-1,0,ceritinib
Data9_GSM4140332_GGCCGATTCTGAGGGA-1,0,ceritinib
Data9_GSM4140332_GGCGACTAGTTTGCGT-1,0,ceritinib
Data9_GSM4140332_GGCGACTCAAGCCATT-1,0,ceritinib
Data9_GSM4140332_GGCGACTCAGACGCAA-1,0,ceritinib
Data9_GSM4140332_GGCGACTCAGTGACAG-1,0,ceritinib
Data9_GSM4140332_GGCGACTGTCAAAGAT-1,0,ceritinib
Data9_GSM4140332_GGCGACTGTGATGTGG-1,0,ceritinib
Data9_GSM4140332_GGCGACTGTGTTCGAT-1,0,ceritinib
Data9_GSM4140332_GGCGACTTCGCCGTGA-1,0,ceritinib
Data9_GSM4140332_GGCGTGTAGCGATGAC-1,0,ceritinib
Data9_GSM4140332_GGCGTGTAGCTTCGCG-1,0,ceritinib
Data9_GSM4140332_GGCGTGTAGGTGGGTT-1,0,ceritinib
Data9_GSM4140332_GGCGTGTCAAGCCTAT-1,0,ceritinib
Data9_GSM4140332_GGCGTGTCACCAGCAC-1,0,ceritinib
Data9_GSM4140332_GGCGTGTCAGGGCATA-1,0,ceritinib
Data9_GSM4140332_GGCGTGTCATCCTAGA-1,0,ceritinib
Data9_GSM4140332_GGCGTGTGTACTTCTT-1,0,ceritinib
Data9_GSM4140332_GGCGTGTGTCAAAGAT-1,0,ceritinib
Data9_GSM4140332_GGCGTGTGTCGTTGTA-1,0,ceritinib
Data9_GSM4140332_GGCGTGTGTCTCACCT-1,0,ceritinib
Data9_GSM4140332_GGCGTGTTCAAACGGG-1,0,ceritinib
Data9_GSM4140332_GGCGTGTTCAAGGTAA-1,0,ceritinib
Data9_GSM4140332_GGCTCGAAGCCAGTAG-1,0,ceritinib
Data9_GSM4140332_GGCTCGAAGCGTGAAC-1,0,ceritinib
Data9_GSM4140332_GGCTCGAAGTACGACG-1,0,ceritinib
Data9_GSM4140332_GGCTCGAAGTCGATAA-1,0,ceritinib
Data9_GSM4140332_GGCTCGACAACTGGCC-1,0,ceritinib
Data9_GSM4140332_GGCTCGACACATCTTT-1,0,ceritinib
Data9_GSM4140332_GGCTCGACATACCATG-1,0,ceritinib
Data9_GSM4140332_GGCTCGAGTCCTAGCG-1,0,ceritinib
Data9_GSM4140332_GGCTCGAGTGCAACGA-1,0,ceritinib
Data9_GSM4140332_GGCTCGAGTGCGGTAA-1,0,ceritinib
Data9_GSM4140332_GGCTCGAGTTTGTGTG-1,0,ceritinib
Data9_GSM4140332_GGCTCGATCGCCGTGA-1,0,ceritinib
Data9_GSM4140332_GGCTCGATCTTCGGTC-1,0,ceritinib
Data9_GSM4140332_GGCTGGTAGATAGTCA-1,0,ceritinib
Data9_GSM4140332_GGCTGGTAGATGCCTT-1,0,ceritinib
Data9_GSM4140332_GGCTGGTAGCCAACAG-1,0,ceritinib
Data9_GSM4140332_GGCTGGTCACGGTGTC-1,0,ceritinib
Data9_GSM4140332_GGCTGGTCAGCGATCC-1,0,ceritinib
Data9_GSM4140332_GGCTGGTGTAAATGAC-1,0,ceritinib
Data9_GSM4140332_GGCTGGTGTCGCGGTT-1,0,ceritinib
Data9_GSM4140332_GGCTGGTGTTCCCTTG-1,0,ceritinib
Data9_GSM4140332_GGCTGGTTCCGTTGTC-1,0,ceritinib
Data9_GSM4140332_GGCTGGTTCTAACTCT-1,0,ceritinib
Data9_GSM4140332_GGCTGGTTCTGCCAGG-1,0,ceritinib
Data9_GSM4140332_GGGAATGCAAGCTGAG-1,0,ceritinib
Data9_GSM4140332_GGGAATGCACTCAGGC-1,0,ceritinib
Data9_GSM4140332_GGGAATGCAGCTGTTA-1,0,ceritinib
Data9_GSM4140332_GGGAATGCAGTGAGTG-1,0,ceritinib
Data9_GSM4140332_GGGAATGGTAGTACCT-1,0,ceritinib
Data9_GSM4140332_GGGAATGGTGCGATAG-1,0,ceritinib
Data9_GSM4140332_GGGAATGTCACTATTC-1,0,ceritinib
Data9_GSM4140332_GGGAATGTCCTTCAAT-1,0,ceritinib
Data9_GSM4140332_GGGACCTAGCCCTAAT-1,0,ceritinib
Data9_GSM4140332_GGGACCTAGGGCATGT-1,0,ceritinib
Data9_GSM4140332_GGGACCTAGGTGCACA-1,0,ceritinib
Data9_GSM4140332_GGGACCTAGTGATCGG-1,0,ceritinib
Data9_GSM4140332_GGGACCTCACCTTGTC-1,0,ceritinib
Data9_GSM4140332_GGGACCTCACGAAGCA-1,0,ceritinib
Data9_GSM4140332_GGGACCTCATGCAACT-1,0,ceritinib
Data9_GSM4140332_GGGACCTGTCAAACTC-1,0,ceritinib
Data9_GSM4140332_GGGACCTGTGGTACAG-1,0,ceritinib
Data9_GSM4140332_GGGACCTTCCGCGCAA-1,0,ceritinib
Data9_GSM4140332_GGGACCTTCGTACGGC-1,0,ceritinib
Data9_GSM4140332_GGGACCTTCTACTTAC-1,0,ceritinib
Data9_GSM4140332_GGGAGATAGTCATCCA-1,0,ceritinib
Data9_GSM4140332_GGGAGATAGTGCTGCC-1,0,ceritinib
Data9_GSM4140332_GGGAGATCAAAGGTGC-1,0,ceritinib
Data9_GSM4140332_GGGAGATGTTAAAGTG-1,0,ceritinib
Data9_GSM4140332_GGGAGATGTTAAGACA-1,0,ceritinib
Data9_GSM4140332_GGGAGATGTTCGTGAT-1,0,ceritinib
Data9_GSM4140332_GGGAGATTCAAGATCC-1,0,ceritinib
Data9_GSM4140332_GGGAGATTCGGTGTCG-1,0,ceritinib
Data9_GSM4140332_GGGATGAAGCTGTCTA-1,0,ceritinib
Data9_GSM4140332_GGGATGAAGTGTACGG-1,0,ceritinib
Data9_GSM4140332_GGGATGAAGTTGAGTA-1,0,ceritinib
Data9_GSM4140332_GGGATGACACCTTGTC-1,0,ceritinib
Data9_GSM4140332_GGGATGACAGACAGGT-1,0,ceritinib
Data9_GSM4140332_GGGATGAGTAGCGCTC-1,0,ceritinib
Data9_GSM4140332_GGGATGAGTAGCTAAA-1,0,ceritinib
Data9_GSM4140332_GGGATGAGTGCGCTTG-1,0,ceritinib
Data9_GSM4140332_GGGATGATCCCACTTG-1,0,ceritinib
Data9_GSM4140332_GGGATGATCGCGTAGC-1,0,ceritinib
Data9_GSM4140332_GGGATGATCTGCCAGG-1,0,ceritinib
Data9_GSM4140332_GGGATGATCTTTAGGG-1,0,ceritinib
Data9_GSM4140332_GGGCACTAGCTCCTCT-1,0,ceritinib
Data9_GSM4140332_GGGCACTAGGTGCTTT-1,0,ceritinib
Data9_GSM4140332_GGGCACTAGTACATGA-1,0,ceritinib
Data9_GSM4140332_GGGCACTAGTCCGTAT-1,0,ceritinib
Data9_GSM4140332_GGGCACTCACGAAACG-1,0,ceritinib
Data9_GSM4140332_GGGCACTCAGGATCGA-1,0,ceritinib
Data9_GSM4140332_GGGCACTGTAGCTAAA-1,0,ceritinib
Data9_GSM4140332_GGGCACTGTATGAAAC-1,0,ceritinib
Data9_GSM4140332_GGGCACTGTCCAACTA-1,0,ceritinib
Data9_GSM4140332_GGGCACTGTCCGTTAA-1,0,ceritinib
Data9_GSM4140332_GGGCACTGTCTAAACC-1,0,ceritinib
Data9_GSM4140332_GGGCACTGTTAGTGGG-1,0,ceritinib
Data9_GSM4140332_GGGCACTTCCCTAATT-1,0,ceritinib
Data9_GSM4140332_GGGCACTTCTTAGAGC-1,0,ceritinib
Data9_GSM4140332_GGGCATCAGCTAAACA-1,0,ceritinib
Data9_GSM4140332_GGGCATCAGCTCCTCT-1,0,ceritinib
Data9_GSM4140332_GGGCATCAGTCCAGGA-1,0,ceritinib
Data9_GSM4140332_GGGCATCCAGCTTAAC-1,0,ceritinib
Data9_GSM4140332_GGGCATCCATCACCCT-1,0,ceritinib
Data9_GSM4140332_GGGCATCCATGCTGGC-1,0,ceritinib
Data9_GSM4140332_GGGCATCGTCAGAATA-1,0,ceritinib
Data9_GSM4140332_GGGCATCGTCCGCTGA-1,0,ceritinib
Data9_GSM4140332_GGGCATCGTCTGATCA-1,0,ceritinib
Data9_GSM4140332_GGGCATCGTGTGACCC-1,0,ceritinib
Data9_GSM4140332_GGGCATCGTTCACCTC-1,0,ceritinib
Data9_GSM4140332_GGGCATCGTTGGACCC-1,0,ceritinib
Data9_GSM4140332_GGGCATCTCAATAAGG-1,0,ceritinib
Data9_GSM4140332_GGGCATCTCGTCTGCT-1,0,ceritinib
Data9_GSM4140332_GGGTCTGCAAGAAGAG-1,0,ceritinib
Data9_GSM4140332_GGGTCTGCAATCCAAC-1,0,ceritinib
Data9_GSM4140332_GGGTCTGTCCCGGATG-1,0,ceritinib
Data9_GSM4140332_GGGTCTGTCCTCAATT-1,0,ceritinib
Data9_GSM4140332_GGGTCTGTCTATCCTA-1,0,ceritinib
Data9_GSM4140332_GGGTCTGTCTGATTCT-1,0,ceritinib
Data9_GSM4140332_GGGTTGCAGACCTAGG-1,0,ceritinib
Data9_GSM4140332_GGGTTGCAGTCCAGGA-1,0,ceritinib
Data9_GSM4140332_GGGTTGCCACACTGCG-1,0,ceritinib
Data9_GSM4140332_GGGTTGCCATACCATG-1,0,ceritinib
Data9_GSM4140332_GGGTTGCCATGCATGT-1,0,ceritinib
Data9_GSM4140332_GGGTTGCGTATTAGCC-1,0,ceritinib
Data9_GSM4140332_GGGTTGCGTATTCGTG-1,0,ceritinib
Data9_GSM4140332_GGGTTGCGTTAAAGAC-1,0,ceritinib
Data9_GSM4140332_GGGTTGCGTTCACGGC-1,0,ceritinib
Data9_GSM4140332_GGGTTGCGTTTGGGCC-1,0,ceritinib
Data9_GSM4140332_GGGTTGCTCGTAGGTT-1,0,ceritinib
Data9_GSM4140332_GGGTTGCTCTGATTCT-1,0,ceritinib
Data9_GSM4140332_GGTATTGAGCCCAGCT-1,0,ceritinib
Data9_GSM4140332_GGTATTGAGGCTACGA-1,0,ceritinib
Data9_GSM4140332_GGTATTGCAACGCACC-1,0,ceritinib
Data9_GSM4140332_GGTATTGCAGCTTAAC-1,0,ceritinib
Data9_GSM4140332_GGTATTGCAGGAACGT-1,0,ceritinib
Data9_GSM4140332_GGTATTGGTAGAGTGC-1,0,ceritinib
Data9_GSM4140332_GGTATTGGTCTGCCAG-1,0,ceritinib
Data9_GSM4140332_GGTATTGGTGCACCAC-1,0,ceritinib
Data9_GSM4140332_GGTATTGGTTCTGTTT-1,0,ceritinib
Data9_GSM4140332_GGTATTGGTTGGTAAA-1,0,ceritinib
Data9_GSM4140332_GGTATTGGTTGTGGAG-1,0,ceritinib
Data9_GSM4140332_GGTATTGTCGAACGGA-1,0,ceritinib
Data9_GSM4140332_GGTGAAGAGCGCTCCA-1,0,ceritinib
Data9_GSM4140332_GGTGAAGAGCTGATAA-1,0,ceritinib
Data9_GSM4140332_GGTGAAGAGGCGCTCT-1,0,ceritinib
Data9_GSM4140332_GGTGAAGAGGGTTCCC-1,0,ceritinib
Data9_GSM4140332_GGTGAAGCAAGACGTG-1,0,ceritinib
Data9_GSM4140332_GGTGAAGGTACCGGCT-1,0,ceritinib
Data9_GSM4140332_GGTGAAGGTTGATTCG-1,0,ceritinib
Data9_GSM4140332_GGTGCGTAGCCACGCT-1,0,ceritinib
Data9_GSM4140332_GGTGCGTCACAGACTT-1,0,ceritinib
Data9_GSM4140332_GGTGCGTCAGGGTACA-1,0,ceritinib
Data9_GSM4140332_GGTGCGTCATTAGGCT-1,0,ceritinib
Data9_GSM4140332_GGTGCGTGTACGAAAT-1,0,ceritinib
Data9_GSM4140332_GGTGCGTGTCAAAGAT-1,0,ceritinib
Data9_GSM4140332_GGTGCGTTCACATAGC-1,0,ceritinib
Data9_GSM4140332_GGTGTTAAGAAGCCCA-1,0,ceritinib
Data9_GSM4140332_GGTGTTAAGCTCTCGG-1,0,ceritinib
Data9_GSM4140332_GGTGTTACAAATACAG-1,0,ceritinib
Data9_GSM4140332_GGTGTTACAACACCCG-1,0,ceritinib
Data9_GSM4140332_GGTGTTACAGCGATCC-1,0,ceritinib
Data9_GSM4140332_GGTGTTACAGTAAGCG-1,0,ceritinib
Data9_GSM4140332_GGTGTTAGTACAGACG-1,0,ceritinib
Data9_GSM4140332_GGTGTTAGTCAGCTAT-1,0,ceritinib
Data9_GSM4140332_GGTGTTAGTCGATTGT-1,0,ceritinib
Data9_GSM4140332_GGTGTTAGTGGGTATG-1,0,ceritinib
Data9_GSM4140332_GGTGTTATCGTCCAGG-1,0,ceritinib
Data9_GSM4140332_GTAACGTAGACTAGGC-1,0,ceritinib
Data9_GSM4140332_GTAACGTAGGCGATAC-1,0,ceritinib
Data9_GSM4140332_GTAACGTCAATGAAAC-1,0,ceritinib
Data9_GSM4140332_GTAACGTCATCTACGA-1,0,ceritinib
Data9_GSM4140332_GTAACGTGTCATACTG-1,0,ceritinib
Data9_GSM4140332_GTAACGTGTCTGGAGA-1,0,ceritinib
Data9_GSM4140332_GTAACGTGTGGTACAG-1,0,ceritinib
Data9_GSM4140332_GTAACGTTCAGTTGAC-1,0,ceritinib
Data9_GSM4140332_GTAACGTTCTATCGCC-1,0,ceritinib
Data9_GSM4140332_GTAACGTTCTCACATT-1,0,ceritinib
Data9_GSM4140332_GTAACTGAGAACTGTA-1,0,ceritinib
Data9_GSM4140332_GTAACTGCAAGAGGCT-1,0,ceritinib
Data9_GSM4140332_GTAACTGGTGTTCGAT-1,0,ceritinib
Data9_GSM4140332_GTAACTGGTTAGGGTG-1,0,ceritinib
Data9_GSM4140332_GTAACTGTCGCCATAA-1,0,ceritinib
Data9_GSM4140332_GTACGTAAGAGACTAT-1,0,ceritinib
Data9_GSM4140332_GTACGTAAGAGTCGGT-1,0,ceritinib
Data9_GSM4140332_GTACGTAAGATGCCAG-1,0,ceritinib
Data9_GSM4140332_GTACGTAAGTATCGAA-1,0,ceritinib
Data9_GSM4140332_GTACGTAGTCGCGAAA-1,0,ceritinib
Data9_GSM4140332_GTACGTAGTCTAGTCA-1,0,ceritinib
Data9_GSM4140332_GTACGTATCTCCAGGG-1,0,ceritinib
Data9_GSM4140332_GTACTCCAGATGGCGT-1,0,ceritinib
Data9_GSM4140332_GTACTCCAGGGCACTA-1,0,ceritinib
Data9_GSM4140332_GTACTCCAGTACGACG-1,0,ceritinib
Data9_GSM4140332_GTACTCCCAGCTGCTG-1,0,ceritinib
Data9_GSM4140332_GTACTCCCAGTTCCCT-1,0,ceritinib
Data9_GSM4140332_GTACTCCCATTAACCG-1,0,ceritinib
Data9_GSM4140332_GTACTCCCATTAGCCA-1,0,ceritinib
Data9_GSM4140332_GTACTCCGTGTGGCTC-1,0,ceritinib
Data9_GSM4140332_GTACTCCGTTAAGGGC-1,0,ceritinib
Data9_GSM4140332_GTACTCCGTTCACCTC-1,0,ceritinib
Data9_GSM4140332_GTACTCCGTTCCACGG-1,0,ceritinib
Data9_GSM4140332_GTACTCCTCAACTCTT-1,0,ceritinib
Data9_GSM4140332_GTACTTTAGATCTGCT-1,0,ceritinib
Data9_GSM4140332_GTACTTTAGGCTACGA-1,0,ceritinib
Data9_GSM4140332_GTACTTTAGTACTTGC-1,0,ceritinib
Data9_GSM4140332_GTACTTTAGTGTACTC-1,0,ceritinib
Data9_GSM4140332_GTACTTTCAGCTATTG-1,0,ceritinib
Data9_GSM4140332_GTACTTTGTAGATTAG-1,0,ceritinib
Data9_GSM4140332_GTACTTTGTCAAAGAT-1,0,ceritinib
Data9_GSM4140332_GTACTTTGTGTGACGA-1,0,ceritinib
Data9_GSM4140332_GTACTTTTCGGAGCAA-1,0,ceritinib
Data9_GSM4140332_GTAGGCCCAGGGATTG-1,0,ceritinib
Data9_GSM4140332_GTAGGCCGTCCAGTTA-1,0,ceritinib
Data9_GSM4140332_GTAGGCCGTGATAAAC-1,0,ceritinib
Data9_GSM4140332_GTAGGCCGTGGTACAG-1,0,ceritinib
Data9_GSM4140332_GTAGGCCTCGTCACGG-1,0,ceritinib
Data9_GSM4140332_GTAGTCAAGGTCATCT-1,0,ceritinib
Data9_GSM4140332_GTAGTCAAGTGGAGAA-1,0,ceritinib
Data9_GSM4140332_GTAGTCATCATCTGTT-1,0,ceritinib
Data9_GSM4140332_GTAGTCATCCGAATGT-1,0,ceritinib
Data9_GSM4140332_GTAGTCATCCGAGCCA-1,0,ceritinib
Data9_GSM4140332_GTAGTCATCCGTAGGC-1,0,ceritinib
Data9_GSM4140332_GTAGTCATCTTCTGGC-1,0,ceritinib
Data9_GSM4140332_GTAGTCATCTTTACGT-1,0,ceritinib
Data9_GSM4140332_GTATCTTAGCACCGTC-1,0,ceritinib
Data9_GSM4140332_GTATCTTAGGAGTTGC-1,0,ceritinib
Data9_GSM4140332_GTATCTTAGGGATACC-1,0,ceritinib
Data9_GSM4140332_GTATCTTAGGTGTTAA-1,0,ceritinib
Data9_GSM4140332_GTATCTTCAATGCCAT-1,0,ceritinib
Data9_GSM4140332_GTATCTTCAGCCTATA-1,0,ceritinib
Data9_GSM4140332_GTATCTTCATGGTAGG-1,0,ceritinib
Data9_GSM4140332_GTATCTTGTACATGTC-1,0,ceritinib
Data9_GSM4140332_GTATCTTGTCACTTCC-1,0,ceritinib
Data9_GSM4140332_GTATCTTGTCCGACGT-1,0,ceritinib
Data9_GSM4140332_GTATCTTGTCTCGTTC-1,0,ceritinib
Data9_GSM4140332_GTATCTTGTGCCTGCA-1,0,ceritinib
Data9_GSM4140332_GTATCTTGTGGCGAAT-1,0,ceritinib
Data9_GSM4140332_GTATCTTGTGTCCTCT-1,0,ceritinib
Data9_GSM4140332_GTATCTTGTTCTGGTA-1,0,ceritinib
Data9_GSM4140332_GTATCTTGTTTCCACC-1,0,ceritinib
Data9_GSM4140332_GTATCTTTCATAAAGG-1,0,ceritinib
Data9_GSM4140332_GTATCTTTCTCAACTT-1,0,ceritinib
Data9_GSM4140332_GTATTCTCACAACGCC-1,0,ceritinib
Data9_GSM4140332_GTATTCTCACGGTTTA-1,0,ceritinib
Data9_GSM4140332_GTATTCTCAGTCAGAG-1,0,ceritinib
Data9_GSM4140332_GTATTCTGTAAGCACG-1,0,ceritinib
Data9_GSM4140332_GTATTCTGTGCAACTT-1,0,ceritinib
Data9_GSM4140332_GTATTCTGTTCCACTC-1,0,ceritinib
Data9_GSM4140332_GTATTCTGTTTGGCGC-1,0,ceritinib
Data9_GSM4140332_GTATTCTTCACATAGC-1,0,ceritinib
Data9_GSM4140332_GTATTCTTCATCTGTT-1,0,ceritinib
Data9_GSM4140332_GTCAAGTAGAGGTACC-1,0,ceritinib
Data9_GSM4140332_GTCAAGTAGATCGGGT-1,0,ceritinib
Data9_GSM4140332_GTCAAGTAGTGGACGT-1,0,ceritinib
Data9_GSM4140332_GTCAAGTAGTGGGTTG-1,0,ceritinib
Data9_GSM4140332_GTCAAGTCAGGCGATA-1,0,ceritinib
Data9_GSM4140332_GTCAAGTGTGGGTCAA-1,0,ceritinib
Data9_GSM4140332_GTCAAGTTCAAACAAG-1,0,ceritinib
Data9_GSM4140332_GTCAAGTTCAAACCAC-1,0,ceritinib
Data9_GSM4140332_GTCAAGTTCACTTCAT-1,0,ceritinib
Data9_GSM4140332_GTCAAGTTCTAACTTC-1,0,ceritinib
Data9_GSM4140332_GTCACAAAGATGTAAC-1,0,ceritinib
Data9_GSM4140332_GTCACAAAGGTGCACA-1,0,ceritinib
Data9_GSM4140332_GTCACAAAGTCCAGGA-1,0,ceritinib
Data9_GSM4140332_GTCACAACACCTCGTT-1,0,ceritinib
Data9_GSM4140332_GTCACAACATACGCTA-1,0,ceritinib
Data9_GSM4140332_GTCACAAGTAAAGTCA-1,0,ceritinib
Data9_GSM4140332_GTCACAAGTAGTAGTA-1,0,ceritinib
Data9_GSM4140332_GTCACAAGTGCGCTTG-1,0,ceritinib
Data9_GSM4140332_GTCACAAGTTTAGGAA-1,0,ceritinib
Data9_GSM4140332_GTCACAATCCCTAACC-1,0,ceritinib
Data9_GSM4140332_GTCACGGAGGCCGAAT-1,0,ceritinib
Data9_GSM4140332_GTCACGGAGGCTCATT-1,0,ceritinib
Data9_GSM4140332_GTCACGGAGTGAAGTT-1,0,ceritinib
Data9_GSM4140332_GTCACGGAGTTGTAGA-1,0,ceritinib
Data9_GSM4140332_GTCACGGCAGACGCAA-1,0,ceritinib
Data9_GSM4140332_GTCACGGGTCATATCG-1,0,ceritinib
Data9_GSM4140332_GTCACGGTCTCCTATA-1,0,ceritinib
Data9_GSM4140332_GTCATTTAGAAGGTTT-1,0,ceritinib
Data9_GSM4140332_GTCATTTAGAGGGCTT-1,0,ceritinib
Data9_GSM4140332_GTCATTTAGCCTTGAT-1,0,ceritinib
Data9_GSM4140332_GTCATTTAGGTACTCT-1,0,ceritinib
Data9_GSM4140332_GTCATTTAGTACCGGA-1,0,ceritinib
Data9_GSM4140332_GTCATTTCACATTCGA-1,0,ceritinib
Data9_GSM4140332_GTCATTTCACGAAATA-1,0,ceritinib
Data9_GSM4140332_GTCATTTGTACCGTTA-1,0,ceritinib
Data9_GSM4140332_GTCATTTTCGTACCGG-1,0,ceritinib
Data9_GSM4140332_GTCCTCAAGAGTACCG-1,0,ceritinib
Data9_GSM4140332_GTCCTCACACTTAAGC-1,0,ceritinib
Data9_GSM4140332_GTCCTCAGTCTCTTTA-1,0,ceritinib
Data9_GSM4140332_GTCCTCAGTGGCGAAT-1,0,ceritinib
Data9_GSM4140332_GTCCTCAGTTCCATGA-1,0,ceritinib
Data9_GSM4140332_GTCCTCATCCCTTGTG-1,0,ceritinib
Data9_GSM4140332_GTCGGGTCACTTACGA-1,0,ceritinib
Data9_GSM4140332_GTCGGGTCAGGCTGAA-1,0,ceritinib
Data9_GSM4140332_GTCGGGTCATACTACG-1,0,ceritinib
Data9_GSM4140332_GTCGGGTGTATGAATG-1,0,ceritinib
Data9_GSM4140332_GTCGTAAAGGCTCAGA-1,0,ceritinib
Data9_GSM4140332_GTCGTAAAGTGACATA-1,0,ceritinib
Data9_GSM4140332_GTCGTAACAAAGGTGC-1,0,ceritinib
Data9_GSM4140332_GTCGTAACAACTGCTA-1,0,ceritinib
Data9_GSM4140332_GTCGTAACATGAAGTA-1,0,ceritinib
Data9_GSM4140332_GTCGTAAGTCTACCTC-1,0,ceritinib
Data9_GSM4140332_GTCTCGTAGAGCCCAA-1,0,ceritinib
Data9_GSM4140332_GTCTCGTCACAAGCCC-1,0,ceritinib
Data9_GSM4140332_GTCTCGTCACATTCGA-1,0,ceritinib
Data9_GSM4140332_GTCTCGTCAGTTCATG-1,0,ceritinib
Data9_GSM4140332_GTCTCGTCATCGGACC-1,0,ceritinib
Data9_GSM4140332_GTCTCGTGTACAGTGG-1,0,ceritinib
Data9_GSM4140332_GTCTCGTGTACCATCA-1,0,ceritinib
Data9_GSM4140332_GTCTCGTGTCTCCACT-1,0,ceritinib
Data9_GSM4140332_GTCTCGTGTTTGGGCC-1,0,ceritinib
Data9_GSM4140332_GTCTCGTTCAGTTCGA-1,0,ceritinib
Data9_GSM4140332_GTCTCGTTCGCTGATA-1,0,ceritinib
Data9_GSM4140332_GTCTTCGAGGTGATAT-1,0,ceritinib
Data9_GSM4140332_GTCTTCGAGTCGTACT-1,0,ceritinib
Data9_GSM4140332_GTCTTCGCAAAGCGGT-1,0,ceritinib
Data9_GSM4140332_GTCTTCGCAACGATCT-1,0,ceritinib
Data9_GSM4140332_GTCTTCGCAAGCCGTC-1,0,ceritinib
Data9_GSM4140332_GTCTTCGCACAGATTC-1,0,ceritinib
Data9_GSM4140332_GTCTTCGCAGTAAGCG-1,0,ceritinib
Data9_GSM4140332_GTCTTCGCAGTCAGAG-1,0,ceritinib
Data9_GSM4140332_GTCTTCGTCCATTCTA-1,0,ceritinib
Data9_GSM4140332_GTCTTCGTCTGGTATG-1,0,ceritinib
Data9_GSM4140332_GTGAAGGAGAGGGCTT-1,0,ceritinib
Data9_GSM4140332_GTGAAGGCATAGGATA-1,0,ceritinib
Data9_GSM4140332_GTGAAGGGTTAAGTAG-1,0,ceritinib
Data9_GSM4140332_GTGAAGGGTTCCTCCA-1,0,ceritinib
Data9_GSM4140332_GTGAAGGTCTGCCCTA-1,0,ceritinib
Data9_GSM4140332_GTGAAGGTCTTGTCAT-1,0,ceritinib
Data9_GSM4140332_GTGCAGCAGACTACAA-1,0,ceritinib
Data9_GSM4140332_GTGCAGCAGGCGCTCT-1,0,ceritinib
Data9_GSM4140332_GTGCAGCCACAAGCCC-1,0,ceritinib
Data9_GSM4140332_GTGCAGCCACTGAAGG-1,0,ceritinib
Data9_GSM4140332_GTGCAGCGTACATCCA-1,0,ceritinib
Data9_GSM4140332_GTGCAGCGTACCGTAT-1,0,ceritinib
Data9_GSM4140332_GTGCAGCGTCATCCCT-1,0,ceritinib
Data9_GSM4140332_GTGCAGCGTCTAAACC-1,0,ceritinib
Data9_GSM4140332_GTGCAGCTCCCTTGTG-1,0,ceritinib
Data9_GSM4140332_GTGCAGCTCCGCGTTT-1,0,ceritinib
Data9_GSM4140332_GTGCAGCTCGGCCGAT-1,0,ceritinib
Data9_GSM4140332_GTGCAGCTCTTTACAC-1,0,ceritinib
Data9_GSM4140332_GTGCATACAACTGCGC-1,0,ceritinib
Data9_GSM4140332_GTGCATACACACCGAC-1,0,ceritinib
Data9_GSM4140332_GTGCATACACATCTTT-1,0,ceritinib
Data9_GSM4140332_GTGCATACACTTACGA-1,0,ceritinib
Data9_GSM4140332_GTGCATAGTGATAAGT-1,0,ceritinib
Data9_GSM4140332_GTGCATATCACTTCAT-1,0,ceritinib
Data9_GSM4140332_GTGCATATCCATTCTA-1,0,ceritinib
Data9_GSM4140332_GTGCATATCGCGTTTC-1,0,ceritinib
Data9_GSM4140332_GTGCATATCGGAAACG-1,0,ceritinib
Data9_GSM4140332_GTGCATATCGTATCAG-1,0,ceritinib
Data9_GSM4140332_GTGCGGTAGAAACCGC-1,0,ceritinib
Data9_GSM4140332_GTGCGGTAGGGTCTCC-1,0,ceritinib
Data9_GSM4140332_GTGCGGTAGTCGCCGT-1,0,ceritinib
Data9_GSM4140332_GTGCGGTCAAGCTGGA-1,0,ceritinib
Data9_GSM4140332_GTGCGGTCACATGACT-1,0,ceritinib
Data9_GSM4140332_GTGCGGTCATCAGTCA-1,0,ceritinib
Data9_GSM4140332_GTGCGGTCATTAGGCT-1,0,ceritinib
Data9_GSM4140332_GTGCGGTGTCGCATAT-1,0,ceritinib
Data9_GSM4140332_GTGCGGTGTCTTGCGG-1,0,ceritinib
Data9_GSM4140332_GTGCGGTGTGAAGGCT-1,0,ceritinib
Data9_GSM4140332_GTGCGGTGTTAAGATG-1,0,ceritinib
Data9_GSM4140332_GTGCGGTGTTCAGTAC-1,0,ceritinib
Data9_GSM4140332_GTGCGGTTCCTGTACC-1,0,ceritinib
Data9_GSM4140332_GTGCGGTTCTCTTATG-1,0,ceritinib
Data9_GSM4140332_GTGCTTCAGGAGTCTG-1,0,ceritinib
Data9_GSM4140332_GTGCTTCCAGACGCCT-1,0,ceritinib
Data9_GSM4140332_GTGCTTCCAGGGATTG-1,0,ceritinib
Data9_GSM4140332_GTGCTTCCATGTCTCC-1,0,ceritinib
Data9_GSM4140332_GTGCTTCGTCCGAGTC-1,0,ceritinib
Data9_GSM4140332_GTGCTTCGTGAACCTT-1,0,ceritinib
Data9_GSM4140332_GTGGGTCAGGGTTCCC-1,0,ceritinib
Data9_GSM4140332_GTGGGTCAGTCGAGTG-1,0,ceritinib
Data9_GSM4140332_GTGGGTCCAGTGAGTG-1,0,ceritinib
Data9_GSM4140332_GTGGGTCGTGGTGTAG-1,0,ceritinib
Data9_GSM4140332_GTGGGTCTCATGCTCC-1,0,ceritinib
Data9_GSM4140332_GTGGGTCTCCGTAGGC-1,0,ceritinib
Data9_GSM4140332_GTGGGTCTCCGTAGTA-1,0,ceritinib
Data9_GSM4140332_GTGGGTCTCTTAGAGC-1,0,ceritinib
Data9_GSM4140332_GTGTGCGAGGCTAGGT-1,0,ceritinib
Data9_GSM4140332_GTGTGCGAGTTGAGAT-1,0,ceritinib
Data9_GSM4140332_GTGTGCGCAAAGCAAT-1,0,ceritinib
Data9_GSM4140332_GTGTGCGCAGGATTGG-1,0,ceritinib
Data9_GSM4140332_GTGTGCGCATATGAGA-1,0,ceritinib
Data9_GSM4140332_GTGTGCGGTAGCACGA-1,0,ceritinib
Data9_GSM4140332_GTGTGCGGTGTTGAGG-1,0,ceritinib
Data9_GSM4140332_GTGTTAGAGTTGCAGG-1,0,ceritinib
Data9_GSM4140332_GTGTTAGCAGCCACCA-1,0,ceritinib
Data9_GSM4140332_GTGTTAGCATGGGAAC-1,0,ceritinib
Data9_GSM4140332_GTGTTAGGTAATTGGA-1,0,ceritinib
Data9_GSM4140332_GTGTTAGGTAGCTCCG-1,0,ceritinib
Data9_GSM4140332_GTGTTAGGTCGCATCG-1,0,ceritinib
Data9_GSM4140332_GTGTTAGGTTCCACGG-1,0,ceritinib
Data9_GSM4140332_GTGTTAGTCGTCACGG-1,0,ceritinib
Data9_GSM4140332_GTTAAGCAGAAGGCCT-1,0,ceritinib
Data9_GSM4140332_GTTAAGCCAACACCCG-1,0,ceritinib
Data9_GSM4140332_GTTAAGCCACAGGTTT-1,0,ceritinib
Data9_GSM4140332_GTTAAGCGTGCACTTA-1,0,ceritinib
Data9_GSM4140332_GTTAAGCTCAAGAAGT-1,0,ceritinib
Data9_GSM4140332_GTTAAGCTCTATCGCC-1,0,ceritinib
Data9_GSM4140332_GTTACAGCAGATAATG-1,0,ceritinib
Data9_GSM4140332_GTTACAGGTGGGTATG-1,0,ceritinib
Data9_GSM4140332_GTTACAGGTGTTCTTT-1,0,ceritinib
Data9_GSM4140332_GTTACAGTCAACACAC-1,0,ceritinib
Data9_GSM4140332_GTTACAGTCACCCTCA-1,0,ceritinib
Data9_GSM4140332_GTTACAGTCCTAGTGA-1,0,ceritinib
Data9_GSM4140332_GTTCATTAGACCTAGG-1,0,ceritinib
Data9_GSM4140332_GTTCATTCACTTCTGC-1,0,ceritinib
Data9_GSM4140332_GTTCATTGTAGCGCAA-1,0,ceritinib
Data9_GSM4140332_GTTCATTGTCAAAGAT-1,0,ceritinib
Data9_GSM4140332_GTTCATTGTCAATACC-1,0,ceritinib
Data9_GSM4140332_GTTCATTGTCCGTCAG-1,0,ceritinib
Data9_GSM4140332_GTTCATTGTGGTCTCG-1,0,ceritinib
Data9_GSM4140332_GTTCATTTCACATGCA-1,0,ceritinib
Data9_GSM4140332_GTTCGGGAGCAGACTG-1,0,ceritinib
Data9_GSM4140332_GTTCGGGAGTTAGCGG-1,0,ceritinib
Data9_GSM4140332_GTTCGGGCATTCTTAC-1,0,ceritinib
Data9_GSM4140332_GTTCGGGGTCGAACAG-1,0,ceritinib
Data9_GSM4140332_GTTCGGGGTTTGTTGG-1,0,ceritinib
Data9_GSM4140332_GTTCGGGTCACAGTAC-1,0,ceritinib
Data9_GSM4140332_GTTCGGGTCCTCTAGC-1,0,ceritinib
Data9_GSM4140332_GTTCGGGTCGGAGCAA-1,0,ceritinib
Data9_GSM4140332_GTTCGGGTCTGCTGTC-1,0,ceritinib
Data9_GSM4140332_GTTCTCGAGCAGATCG-1,0,ceritinib
Data9_GSM4140332_GTTCTCGAGCCCAGCT-1,0,ceritinib
Data9_GSM4140332_GTTCTCGCACACTGCG-1,0,ceritinib
Data9_GSM4140332_GTTCTCGGTAAGGGAA-1,0,ceritinib
Data9_GSM4140332_GTTCTCGGTTATTCTC-1,0,ceritinib
Data9_GSM4140332_GTTCTCGTCCACGTTC-1,0,ceritinib
Data9_GSM4140332_GTTCTCGTCGAACGGA-1,0,ceritinib
Data9_GSM4140332_GTTCTCGTCGGCGGTT-1,0,ceritinib
Data9_GSM4140332_GTTCTCGTCTCTGAGA-1,0,ceritinib
Data9_GSM4140332_GTTTCTAAGACAGAGA-1,0,ceritinib
Data9_GSM4140332_GTTTCTACACCAGCAC-1,0,ceritinib
Data9_GSM4140332_GTTTCTACACCTCGGA-1,0,ceritinib
Data9_GSM4140332_GTTTCTACAGACGCAA-1,0,ceritinib
Data9_GSM4140332_GTTTCTACAGTTAACC-1,0,ceritinib
Data9_GSM4140332_GTTTCTAGTGAGGGTT-1,0,ceritinib
Data9_GSM4140332_GTTTCTAGTGTTTGGT-1,0,ceritinib
Data9_GSM4140332_GTTTCTATCGTTGACA-1,0,ceritinib
Data9_GSM4140332_TAAACCGAGAAGGACA-1,0,ceritinib
Data9_GSM4140332_TAAACCGAGAGCCTAG-1,0,ceritinib
Data9_GSM4140332_TAAACCGCACAGAGGT-1,0,ceritinib
Data9_GSM4140332_TAAACCGCACAGTCGC-1,0,ceritinib
Data9_GSM4140332_TAAACCGCAGTAGAGC-1,0,ceritinib
Data9_GSM4140332_TAAACCGCATGTCCTC-1,0,ceritinib
Data9_GSM4140332_TAAACCGGTCTGGAGA-1,0,ceritinib
Data9_GSM4140332_TAAACCGTCAACACCA-1,0,ceritinib
Data9_GSM4140332_TAAACCGTCATACGGT-1,0,ceritinib
Data9_GSM4140332_TAAACCGTCCGTAGTA-1,0,ceritinib
Data9_GSM4140332_TAAACCGTCGAGGTAG-1,0,ceritinib
Data9_GSM4140332_TAAACCGTCGGCCGAT-1,0,ceritinib
Data9_GSM4140332_TAAGAGAAGACTAAGT-1,0,ceritinib
Data9_GSM4140332_TAAGAGAAGCGCCTTG-1,0,ceritinib
Data9_GSM4140332_TAAGAGACAATTGCTG-1,0,ceritinib
Data9_GSM4140332_TAAGAGACACCCATTC-1,0,ceritinib
Data9_GSM4140332_TAAGAGACATCACGAT-1,0,ceritinib
Data9_GSM4140332_TAAGAGACATCAGTAC-1,0,ceritinib
Data9_GSM4140332_TAAGAGACATTGGTAC-1,0,ceritinib
Data9_GSM4140332_TAAGAGAGTCTCTCGT-1,0,ceritinib
Data9_GSM4140332_TAAGAGAGTGTTGAGG-1,0,ceritinib
Data9_GSM4140332_TAAGAGATCATGTCCC-1,0,ceritinib
Data9_GSM4140332_TAAGAGATCCAACCAA-1,0,ceritinib
Data9_GSM4140332_TAAGAGATCCTCTAGC-1,0,ceritinib
Data9_GSM4140332_TAAGAGATCGGTTCGG-1,0,ceritinib
Data9_GSM4140332_TAAGCGTAGCAATATG-1,0,ceritinib
Data9_GSM4140332_TAAGCGTAGTGGACGT-1,0,ceritinib
Data9_GSM4140332_TAAGCGTCACGGCGTT-1,0,ceritinib
Data9_GSM4140332_TAAGCGTCAGTAAGCG-1,0,ceritinib
Data9_GSM4140332_TAAGCGTCAGTTAACC-1,0,ceritinib
Data9_GSM4140332_TAAGCGTGTAGCCTAT-1,0,ceritinib
Data9_GSM4140332_TAAGCGTGTATAATGG-1,0,ceritinib
Data9_GSM4140332_TAAGCGTGTCATACTG-1,0,ceritinib
Data9_GSM4140332_TAAGCGTGTGAACCTT-1,0,ceritinib
Data9_GSM4140332_TAAGCGTGTTGTCGCG-1,0,ceritinib
Data9_GSM4140332_TAAGCGTTCTGGTATG-1,0,ceritinib
Data9_GSM4140332_TAAGTGCAGAGCTATA-1,0,ceritinib
Data9_GSM4140332_TAAGTGCAGAGCTGCA-1,0,ceritinib
Data9_GSM4140332_TAAGTGCAGTAGGCCA-1,0,ceritinib
Data9_GSM4140332_TAAGTGCCAATCGAAA-1,0,ceritinib
Data9_GSM4140332_TAAGTGCGTACATCCA-1,0,ceritinib
Data9_GSM4140332_TAAGTGCGTAGTACCT-1,0,ceritinib
Data9_GSM4140332_TAAGTGCGTCTGGAGA-1,0,ceritinib
Data9_GSM4140332_TAAGTGCTCACAACGT-1,0,ceritinib
Data9_GSM4140332_TAAGTGCTCAGTACGT-1,0,ceritinib
Data9_GSM4140332_TAAGTGCTCGCACTCT-1,0,ceritinib
Data9_GSM4140332_TACACGAAGAGTGAGA-1,0,ceritinib
Data9_GSM4140332_TACACGAAGTGTTTGC-1,0,ceritinib
Data9_GSM4140332_TACACGACACATCCGG-1,0,ceritinib
Data9_GSM4140332_TACACGACACGAGGTA-1,0,ceritinib
Data9_GSM4140332_TACACGACACGGATAG-1,0,ceritinib
Data9_GSM4140332_TACACGAGTTAGGGTG-1,0,ceritinib
Data9_GSM4140332_TACACGAGTTATCACG-1,0,ceritinib
Data9_GSM4140332_TACACGAGTTCGTGAT-1,0,ceritinib
Data9_GSM4140332_TACACGATCTTGTCAT-1,0,ceritinib
Data9_GSM4140332_TACAGTGAGCCAGAAC-1,0,ceritinib
Data9_GSM4140332_TACAGTGCAACCGCCA-1,0,ceritinib
Data9_GSM4140332_TACAGTGGTCAGAATA-1,0,ceritinib
Data9_GSM4140332_TACAGTGTCTCGCTTG-1,0,ceritinib
Data9_GSM4140332_TACAGTGTCTCGTTTA-1,0,ceritinib
Data9_GSM4140332_TACAGTGTCTTCAACT-1,0,ceritinib
Data9_GSM4140332_TACCTATAGAGTACCG-1,0,ceritinib
Data9_GSM4140332_TACCTATAGTACACCT-1,0,ceritinib
Data9_GSM4140332_TACCTATAGTCGCCGT-1,0,ceritinib
Data9_GSM4140332_TACCTATAGTGCGTGA-1,0,ceritinib
Data9_GSM4140332_TACCTATCAGAGTGTG-1,0,ceritinib
Data9_GSM4140332_TACCTATCAGCTTCGG-1,0,ceritinib
Data9_GSM4140332_TACCTATGTAGTGAAT-1,0,ceritinib
Data9_GSM4140332_TACCTATGTCCGAAGA-1,0,ceritinib
Data9_GSM4140332_TACCTATGTGGTCCGT-1,0,ceritinib
Data9_GSM4140332_TACCTATTCATCGGAT-1,0,ceritinib
Data9_GSM4140332_TACCTATTCCTTTCTC-1,0,ceritinib
Data9_GSM4140332_TACCTTACACGACTCG-1,0,ceritinib
Data9_GSM4140332_TACCTTACAGTCCTTC-1,0,ceritinib
Data9_GSM4140332_TACCTTAGTCGAAAGC-1,0,ceritinib
Data9_GSM4140332_TACCTTATCGCGGATC-1,0,ceritinib
Data9_GSM4140332_TACCTTATCTGTTTGT-1,0,ceritinib
Data9_GSM4140332_TACGGATAGCGTGAAC-1,0,ceritinib
Data9_GSM4140332_TACGGATAGCTCCTCT-1,0,ceritinib
Data9_GSM4140332_TACGGATAGGAGCGAG-1,0,ceritinib
Data9_GSM4140332_TACGGATAGGATGGTC-1,0,ceritinib
Data9_GSM4140332_TACGGATAGGGCTTGA-1,0,ceritinib
Data9_GSM4140332_TACGGATCAGATGAGC-1,0,ceritinib
Data9_GSM4140332_TACGGATGTGTGACGA-1,0,ceritinib
Data9_GSM4140332_TACGGATGTTCGCGAC-1,0,ceritinib
Data9_GSM4140332_TACGGATGTTTGACTG-1,0,ceritinib
Data9_GSM4140332_TACGGATTCACATACG-1,0,ceritinib
Data9_GSM4140332_TACGGATTCGACAGCC-1,0,ceritinib
Data9_GSM4140332_TACGGATTCGCCAGCA-1,0,ceritinib
Data9_GSM4140332_TACGGATTCTGCCCTA-1,0,ceritinib
Data9_GSM4140332_TACGGGCAGAGATGAG-1,0,ceritinib
Data9_GSM4140332_TACGGGCAGCTCAACT-1,0,ceritinib
Data9_GSM4140332_TACGGGCAGTACACCT-1,0,ceritinib
Data9_GSM4140332_TACGGGCAGTATTGGA-1,0,ceritinib
Data9_GSM4140332_TACGGGCCAACAACCT-1,0,ceritinib
Data9_GSM4140332_TACGGGCCAAGCCCAC-1,0,ceritinib
Data9_GSM4140332_TACGGGCCACACCGAC-1,0,ceritinib
Data9_GSM4140332_TACGGGCCACAGGCCT-1,0,ceritinib
Data9_GSM4140332_TACGGGCTCACAGGCC-1,0,ceritinib
Data9_GSM4140332_TACGGGCTCCTAAGTG-1,0,ceritinib
Data9_GSM4140332_TACGGTAAGAAGAAGC-1,0,ceritinib
Data9_GSM4140332_TACGGTAAGAGTTGGC-1,0,ceritinib
Data9_GSM4140332_TACGGTACAAACTGCT-1,0,ceritinib
Data9_GSM4140332_TACGGTACAAGCTGTT-1,0,ceritinib
Data9_GSM4140332_TACGGTACAGATAATG-1,0,ceritinib
Data9_GSM4140332_TACGGTACAGGTGCCT-1,0,ceritinib
Data9_GSM4140332_TACGGTAGTCTCTTAT-1,0,ceritinib
Data9_GSM4140332_TACGGTAGTTCTGGTA-1,0,ceritinib
Data9_GSM4140332_TACGGTAGTTGAGTTC-1,0,ceritinib
Data9_GSM4140332_TACGGTATCTACCAGA-1,0,ceritinib
Data9_GSM4140332_TACTCATAGACTGTAA-1,0,ceritinib
Data9_GSM4140332_TACTCATAGTACGTAA-1,0,ceritinib
Data9_GSM4140332_TACTCATCAAACGCGA-1,0,ceritinib
Data9_GSM4140332_TACTCATCACGTAAGG-1,0,ceritinib
Data9_GSM4140332_TACTCATCAGATCGGA-1,0,ceritinib
Data9_GSM4140332_TACTCATGTACAGTTC-1,0,ceritinib
Data9_GSM4140332_TACTCATGTCATGCCG-1,0,ceritinib
Data9_GSM4140332_TACTCATTCCCAACGG-1,0,ceritinib
Data9_GSM4140332_TACTCATTCCGAATGT-1,0,ceritinib
Data9_GSM4140332_TACTCATTCCTCATTA-1,0,ceritinib
Data9_GSM4140332_TACTCATTCTATCCCG-1,0,ceritinib
Data9_GSM4140332_TACTCGCAGCTACCGC-1,0,ceritinib
Data9_GSM4140332_TACTCGCAGCTAGTTC-1,0,ceritinib
Data9_GSM4140332_TACTCGCCAAAGCAAT-1,0,ceritinib
Data9_GSM4140332_TACTCGCCAAGGGTCA-1,0,ceritinib
Data9_GSM4140332_TACTCGCCACAGAGGT-1,0,ceritinib
Data9_GSM4140332_TACTCGCCAGGTCGTC-1,0,ceritinib
Data9_GSM4140332_TACTCGCGTTGAGTTC-1,0,ceritinib
Data9_GSM4140332_TACTCGCTCAGTCCCT-1,0,ceritinib
Data9_GSM4140332_TACTCGCTCGCAAACT-1,0,ceritinib
Data9_GSM4140332_TACTCGCTCTGATTCT-1,0,ceritinib
Data9_GSM4140332_TACTTACAGGATGTAT-1,0,ceritinib
Data9_GSM4140332_TACTTACAGTGGGTTG-1,0,ceritinib
Data9_GSM4140332_TACTTACCAATGGACG-1,0,ceritinib
Data9_GSM4140332_TACTTACCACCTGGTG-1,0,ceritinib
Data9_GSM4140332_TACTTACGTGAAAGAG-1,0,ceritinib
Data9_GSM4140332_TACTTACGTGTTGAGG-1,0,ceritinib
Data9_GSM4140332_TACTTACGTTCTGAAC-1,0,ceritinib
Data9_GSM4140332_TACTTACTCGTGTAGT-1,0,ceritinib
Data9_GSM4140332_TACTTACTCTTTACAC-1,0,ceritinib
Data9_GSM4140332_TACTTGTCAATAACGA-1,0,ceritinib
Data9_GSM4140332_TACTTGTGTAGCTAAA-1,0,ceritinib
Data9_GSM4140332_TACTTGTGTATATCCG-1,0,ceritinib
Data9_GSM4140332_TACTTGTGTCTCCCTA-1,0,ceritinib
Data9_GSM4140332_TACTTGTGTGCAGTAG-1,0,ceritinib
Data9_GSM4140332_TACTTGTGTTCACCTC-1,0,ceritinib
Data9_GSM4140332_TACTTGTTCGGAATCT-1,0,ceritinib
Data9_GSM4140332_TAGACCAAGAGACTTA-1,0,ceritinib
Data9_GSM4140332_TAGACCAAGGGCTTCC-1,0,ceritinib
Data9_GSM4140332_TAGACCAAGTCACGCC-1,0,ceritinib
Data9_GSM4140332_TAGACCAAGTGTGAAT-1,0,ceritinib
Data9_GSM4140332_TAGACCACACATTTCT-1,0,ceritinib
Data9_GSM4140332_TAGACCACACCGAAAG-1,0,ceritinib
Data9_GSM4140332_TAGACCAGTATGAAAC-1,0,ceritinib
Data9_GSM4140332_TAGACCATCACATAGC-1,0,ceritinib
Data9_GSM4140332_TAGACCATCCGTTGTC-1,0,ceritinib
Data9_GSM4140332_TAGACCATCGACCAGC-1,0,ceritinib
Data9_GSM4140332_TAGACCATCTATCCTA-1,0,ceritinib
Data9_GSM4140332_TAGACCATCTCAAGTG-1,0,ceritinib
Data9_GSM4140332_TAGACCATCTGTCCGT-1,0,ceritinib
Data9_GSM4140332_TAGAGCTAGAGGTAGA-1,0,ceritinib
Data9_GSM4140332_TAGAGCTCAATGTTGC-1,0,ceritinib
Data9_GSM4140332_TAGAGCTCACAAGACG-1,0,ceritinib
Data9_GSM4140332_TAGAGCTCACTGTTAG-1,0,ceritinib
Data9_GSM4140332_TAGAGCTCATAGTAAG-1,0,ceritinib
Data9_GSM4140332_TAGAGCTGTCCATCCT-1,0,ceritinib
Data9_GSM4140332_TAGAGCTGTCTTCTCG-1,0,ceritinib
Data9_GSM4140332_TAGAGCTGTGTGACGA-1,0,ceritinib
Data9_GSM4140332_TAGAGCTGTTACCAGT-1,0,ceritinib
Data9_GSM4140332_TAGAGCTTCATGTAGC-1,0,ceritinib
Data9_GSM4140332_TAGAGCTTCCACTCCA-1,0,ceritinib
Data9_GSM4140332_TAGAGCTTCTCAACTT-1,0,ceritinib
Data9_GSM4140332_TAGAGCTTCTGGAGCC-1,0,ceritinib
Data9_GSM4140332_TAGCCGGAGAGGACGG-1,0,ceritinib
Data9_GSM4140332_TAGCCGGAGATCGGGT-1,0,ceritinib
Data9_GSM4140332_TAGCCGGAGTATCGAA-1,0,ceritinib
Data9_GSM4140332_TAGCCGGAGTTATCGC-1,0,ceritinib
Data9_GSM4140332_TAGCCGGCATGCGCAC-1,0,ceritinib
Data9_GSM4140332_TAGCCGGGTAGCCTAT-1,0,ceritinib
Data9_GSM4140332_TAGCCGGGTCAGCTAT-1,0,ceritinib
Data9_GSM4140332_TAGCCGGGTTACCGAT-1,0,ceritinib
Data9_GSM4140332_TAGCCGGTCACCACCT-1,0,ceritinib
Data9_GSM4140332_TAGGCATAGGTGATAT-1,0,ceritinib
Data9_GSM4140332_TAGGCATAGTAGCCGA-1,0,ceritinib
Data9_GSM4140332_TAGGCATCAATGTAAG-1,0,ceritinib
Data9_GSM4140332_TAGGCATCACGCATCG-1,0,ceritinib
Data9_GSM4140332_TAGGCATCAGACAAAT-1,0,ceritinib
Data9_GSM4140332_TAGGCATGTATGAAAC-1,0,ceritinib
Data9_GSM4140332_TAGGCATGTCTAGAGG-1,0,ceritinib
Data9_GSM4140332_TAGGCATTCCCACTTG-1,0,ceritinib
Data9_GSM4140332_TAGTGGTAGGTTACCT-1,0,ceritinib
Data9_GSM4140332_TAGTGGTCAAGGTGTG-1,0,ceritinib
Data9_GSM4140332_TAGTGGTGTCCGAGTC-1,0,ceritinib
Data9_GSM4140332_TAGTGGTGTGCAGACA-1,0,ceritinib
Data9_GSM4140332_TAGTGGTGTTACTGAC-1,0,ceritinib
Data9_GSM4140332_TAGTTGGCACTAAGTC-1,0,ceritinib
Data9_GSM4140332_TAGTTGGGTAGCTGCC-1,0,ceritinib
Data9_GSM4140332_TAGTTGGGTCTCTCGT-1,0,ceritinib
Data9_GSM4140332_TAGTTGGGTGGTACAG-1,0,ceritinib
Data9_GSM4140332_TAGTTGGGTGTGCGTC-1,0,ceritinib
Data9_GSM4140332_TAGTTGGTCCGTACAA-1,0,ceritinib
Data9_GSM4140332_TAGTTGGTCGCACTCT-1,0,ceritinib
Data9_GSM4140332_TAGTTGGTCTGCCAGG-1,0,ceritinib
Data9_GSM4140332_TATCAGGAGAGGACGG-1,0,ceritinib
Data9_GSM4140332_TATCAGGCAGCCAATT-1,0,ceritinib
Data9_GSM4140332_TATCAGGCAGTAAGAT-1,0,ceritinib
Data9_GSM4140332_TATCAGGCAGTAAGCG-1,0,ceritinib
Data9_GSM4140332_TATCAGGGTAGCGCTC-1,0,ceritinib
Data9_GSM4140332_TATCAGGGTGGGTATG-1,0,ceritinib
Data9_GSM4140332_TATCAGGGTTGCCTCT-1,0,ceritinib
Data9_GSM4140332_TATCAGGTCAATACCG-1,0,ceritinib
Data9_GSM4140332_TATCAGGTCAGTTGAC-1,0,ceritinib
Data9_GSM4140332_TATCAGGTCGCTTAGA-1,0,ceritinib
Data9_GSM4140332_TATCAGGTCTACCAGA-1,0,ceritinib
Data9_GSM4140332_TATCTCAAGAAGGCCT-1,0,ceritinib
Data9_GSM4140332_TATCTCAAGGAGTTTA-1,0,ceritinib
Data9_GSM4140332_TATCTCACATGCAACT-1,0,ceritinib
Data9_GSM4140332_TATCTCAGTACCGTAT-1,0,ceritinib
Data9_GSM4140332_TATCTCAGTATCACCA-1,0,ceritinib
Data9_GSM4140332_TATCTCAGTTCAGTAC-1,0,ceritinib
Data9_GSM4140332_TATCTCAGTTCCGGCA-1,0,ceritinib
Data9_GSM4140332_TATCTCATCATGCAAC-1,0,ceritinib
Data9_GSM4140332_TATGCCCAGATGTGTA-1,0,ceritinib
Data9_GSM4140332_TATGCCCAGGGCTTGA-1,0,ceritinib
Data9_GSM4140332_TATGCCCAGTGCGATG-1,0,ceritinib
Data9_GSM4140332_TATGCCCCACCACCAG-1,0,ceritinib
Data9_GSM4140332_TATGCCCCAGCTGTGC-1,0,ceritinib
Data9_GSM4140332_TATGCCCGTACCGTAT-1,0,ceritinib
Data9_GSM4140332_TATGCCCGTGACCAAG-1,0,ceritinib
Data9_GSM4140332_TATGCCCTCATGCAAC-1,0,ceritinib
Data9_GSM4140332_TATGCCCTCTGTTTGT-1,0,ceritinib
Data9_GSM4140332_TATGCCCTCTTCCTTC-1,0,ceritinib
Data9_GSM4140332_TATTACCAGCTACCGC-1,0,ceritinib
Data9_GSM4140332_TATTACCAGGACAGCT-1,0,ceritinib
Data9_GSM4140332_TATTACCAGGCTAGGT-1,0,ceritinib
Data9_GSM4140332_TATTACCCAGGCGATA-1,0,ceritinib
Data9_GSM4140332_TATTACCCATCCAACA-1,0,ceritinib
Data9_GSM4140332_TATTACCGTAACGCGA-1,0,ceritinib
Data9_GSM4140332_TATTACCTCCCTAACC-1,0,ceritinib
Data9_GSM4140332_TATTACCTCGCTAGCG-1,0,ceritinib
Data9_GSM4140332_TCAACGAAGATATGGT-1,0,ceritinib
Data9_GSM4140332_TCAACGAAGCGATAGC-1,0,ceritinib
Data9_GSM4140332_TCAACGACAATCTGCA-1,0,ceritinib
Data9_GSM4140332_TCAACGACACAGGAGT-1,0,ceritinib
Data9_GSM4140332_TCAACGACACCGAAAG-1,0,ceritinib
Data9_GSM4140332_TCAACGACACGGCTAC-1,0,ceritinib
Data9_GSM4140332_TCAACGACAGCTGTAT-1,0,ceritinib
Data9_GSM4140332_TCAACGACAGGAATCG-1,0,ceritinib
Data9_GSM4140332_TCAACGAGTAATTGGA-1,0,ceritinib
Data9_GSM4140332_TCAACGAGTATGAAAC-1,0,ceritinib
Data9_GSM4140332_TCAACGAGTCTCCACT-1,0,ceritinib
Data9_GSM4140332_TCAACGAGTTATCACG-1,0,ceritinib
Data9_GSM4140332_TCAACGATCCCAACGG-1,0,ceritinib
Data9_GSM4140332_TCAACGATCGGAAATA-1,0,ceritinib
Data9_GSM4140332_TCAATCTAGAAGGGTA-1,0,ceritinib
Data9_GSM4140332_TCAATCTAGAATCTCC-1,0,ceritinib
Data9_GSM4140332_TCAATCTAGCGCCTTG-1,0,ceritinib
Data9_GSM4140332_TCAATCTAGTGCAAGC-1,0,ceritinib
Data9_GSM4140332_TCAATCTCAAAGGTGC-1,0,ceritinib
Data9_GSM4140332_TCAATCTCACCGTTGG-1,0,ceritinib
Data9_GSM4140332_TCAATCTCAGCGATCC-1,0,ceritinib
Data9_GSM4140332_TCAATCTCATCCGCGA-1,0,ceritinib
Data9_GSM4140332_TCAATCTCATGTCGAT-1,0,ceritinib
Data9_GSM4140332_TCAATCTGTAAGCACG-1,0,ceritinib
Data9_GSM4140332_TCACAAGAGACTAGGC-1,0,ceritinib
Data9_GSM4140332_TCACAAGAGAGTAAGG-1,0,ceritinib
Data9_GSM4140332_TCACAAGAGCCACTAT-1,0,ceritinib
Data9_GSM4140332_TCACAAGCAAGAAGAG-1,0,ceritinib
Data9_GSM4140332_TCACAAGCACAGCCCA-1,0,ceritinib
Data9_GSM4140332_TCACAAGCAGCTTCGG-1,0,ceritinib
Data9_GSM4140332_TCACAAGCATTACGAC-1,0,ceritinib
Data9_GSM4140332_TCACAAGGTAGGACAC-1,0,ceritinib
Data9_GSM4140332_TCACAAGGTATCTGCA-1,0,ceritinib
Data9_GSM4140332_TCACAAGTCACCACCT-1,0,ceritinib
Data9_GSM4140332_TCACAAGTCAGGTTCA-1,0,ceritinib
Data9_GSM4140332_TCACGAAAGCCACCTG-1,0,ceritinib
Data9_GSM4140332_TCACGAAAGGCTAGCA-1,0,ceritinib
Data9_GSM4140332_TCACGAAAGGTCGGAT-1,0,ceritinib
Data9_GSM4140332_TCACGAAGTATAGGTA-1,0,ceritinib
Data9_GSM4140332_TCACGAAGTCAAAGAT-1,0,ceritinib
Data9_GSM4140332_TCACGAAGTCCGACGT-1,0,ceritinib
Data9_GSM4140332_TCACGAAGTTCACGGC-1,0,ceritinib
Data9_GSM4140332_TCAGATGAGGACCACA-1,0,ceritinib
Data9_GSM4140332_TCAGATGAGGCACATG-1,0,ceritinib
Data9_GSM4140332_TCAGATGAGGGATCTG-1,0,ceritinib
Data9_GSM4140332_TCAGATGAGTCCCACG-1,0,ceritinib
Data9_GSM4140332_TCAGATGCACATCCAA-1,0,ceritinib
Data9_GSM4140332_TCAGATGCACATCTTT-1,0,ceritinib
Data9_GSM4140332_TCAGATGCACCCAGTG-1,0,ceritinib
Data9_GSM4140332_TCAGATGGTCCGAGTC-1,0,ceritinib
Data9_GSM4140332_TCAGATGGTGATGATA-1,0,ceritinib
Data9_GSM4140332_TCAGATGTCATTGCGA-1,0,ceritinib
Data9_GSM4140332_TCAGATGTCCAGAGGA-1,0,ceritinib
Data9_GSM4140332_TCAGATGTCCCAGGTG-1,0,ceritinib
Data9_GSM4140332_TCAGATGTCTGGGCCA-1,0,ceritinib
Data9_GSM4140332_TCAGCAAAGGGTTCCC-1,0,ceritinib
Data9_GSM4140332_TCAGCAACAACCGCCA-1,0,ceritinib
Data9_GSM4140332_TCAGCAACACACATGT-1,0,ceritinib
Data9_GSM4140332_TCAGCAACACGAAATA-1,0,ceritinib
Data9_GSM4140332_TCAGCAACACGGTAAG-1,0,ceritinib
Data9_GSM4140332_TCAGCAACATCCAACA-1,0,ceritinib
Data9_GSM4140332_TCAGCAACATGCGCAC-1,0,ceritinib
Data9_GSM4140332_TCAGCAAGTGCGAAAC-1,0,ceritinib
Data9_GSM4140332_TCAGCAAGTGGCTCCA-1,0,ceritinib
Data9_GSM4140332_TCAGCAATCATTGCCC-1,0,ceritinib
Data9_GSM4140332_TCAGCAATCCACGAAT-1,0,ceritinib
Data9_GSM4140332_TCAGCAATCGGCGCAT-1,0,ceritinib
Data9_GSM4140332_TCAGCTCAGACTAGAT-1,0,ceritinib
Data9_GSM4140332_TCAGCTCAGATAGCAT-1,0,ceritinib
Data9_GSM4140332_TCAGCTCAGTCTCAAC-1,0,ceritinib
Data9_GSM4140332_TCAGCTCCAAGGTTCT-1,0,ceritinib
Data9_GSM4140332_TCAGCTCGTCAGAGGT-1,0,ceritinib
Data9_GSM4140332_TCAGCTCTCAGCTCTC-1,0,ceritinib
Data9_GSM4140332_TCAGCTCTCAGTCAGT-1,0,ceritinib
Data9_GSM4140332_TCAGCTCTCCTGTACC-1,0,ceritinib
Data9_GSM4140332_TCAGCTCTCTGATACG-1,0,ceritinib
Data9_GSM4140332_TCAGGATCAGATGGGT-1,0,ceritinib
Data9_GSM4140332_TCAGGATCATACAGCT-1,0,ceritinib
Data9_GSM4140332_TCAGGATGTGCGGTAA-1,0,ceritinib
Data9_GSM4140332_TCAGGATGTGTATGGG-1,0,ceritinib
Data9_GSM4140332_TCAGGATTCCTAGTGA-1,0,ceritinib
Data9_GSM4140332_TCAGGATTCGCGGATC-1,0,ceritinib
Data9_GSM4140332_TCAGGATTCTTAGAGC-1,0,ceritinib
Data9_GSM4140332_TCAGGTAAGCCAACAG-1,0,ceritinib
Data9_GSM4140332_TCAGGTAAGCGATTCT-1,0,ceritinib
Data9_GSM4140332_TCAGGTAAGTGCGATG-1,0,ceritinib
Data9_GSM4140332_TCAGGTACAAAGAATC-1,0,ceritinib
Data9_GSM4140332_TCAGGTACAAGAAAGG-1,0,ceritinib
Data9_GSM4140332_TCAGGTACAAGTACCT-1,0,ceritinib
Data9_GSM4140332_TCAGGTACACAACGCC-1,0,ceritinib
Data9_GSM4140332_TCAGGTACACAGGAGT-1,0,ceritinib
Data9_GSM4140332_TCAGGTACACGAAACG-1,0,ceritinib
Data9_GSM4140332_TCAGGTAGTCTTGTCC-1,0,ceritinib
Data9_GSM4140332_TCAGGTAGTGAGGCTA-1,0,ceritinib
Data9_GSM4140332_TCAGGTAGTGTGCGTC-1,0,ceritinib
Data9_GSM4140332_TCAGGTAGTTACGGAG-1,0,ceritinib
Data9_GSM4140332_TCAGGTATCTCACATT-1,0,ceritinib
Data9_GSM4140332_TCAGGTATCTCTGCTG-1,0,ceritinib
Data9_GSM4140332_TCAGGTATCTTAGAGC-1,0,ceritinib
Data9_GSM4140332_TCATTACAGCGATCCC-1,0,ceritinib
Data9_GSM4140332_TCATTACAGCTAGTGG-1,0,ceritinib
Data9_GSM4140332_TCATTACCAAGTCTGT-1,0,ceritinib
Data9_GSM4140332_TCATTACCACAGCCCA-1,0,ceritinib
Data9_GSM4140332_TCATTACCAGCTGTGC-1,0,ceritinib
Data9_GSM4140332_TCATTACCATTTCACT-1,0,ceritinib
Data9_GSM4140332_TCATTACGTCAGCTAT-1,0,ceritinib
Data9_GSM4140332_TCATTACGTCCGCTGA-1,0,ceritinib
Data9_GSM4140332_TCATTACGTCTCACCT-1,0,ceritinib
Data9_GSM4140332_TCATTACTCCAGAGGA-1,0,ceritinib
Data9_GSM4140332_TCATTACTCTTGCATT-1,0,ceritinib
Data9_GSM4140332_TCATTTGAGACTTGAA-1,0,ceritinib
Data9_GSM4140332_TCATTTGAGTATCGAA-1,0,ceritinib
Data9_GSM4140332_TCATTTGCAAGCGCTC-1,0,ceritinib
Data9_GSM4140332_TCATTTGCATGAACCT-1,0,ceritinib
Data9_GSM4140332_TCATTTGCATTGAGCT-1,0,ceritinib
Data9_GSM4140332_TCATTTGGTCCCTTGT-1,0,ceritinib
Data9_GSM4140332_TCATTTGGTCTAGTCA-1,0,ceritinib
Data9_GSM4140332_TCATTTGGTGTAATGA-1,0,ceritinib
Data9_GSM4140332_TCCACACAGGTGCACA-1,0,ceritinib
Data9_GSM4140332_TCCACACCACGGCCAT-1,0,ceritinib
Data9_GSM4140332_TCCACACCAGTACACT-1,0,ceritinib
Data9_GSM4140332_TCCACACCATGATCCA-1,0,ceritinib
Data9_GSM4140332_TCCACACCATTTCAGG-1,0,ceritinib
Data9_GSM4140332_TCCACACGTAGCCTCG-1,0,ceritinib
Data9_GSM4140332_TCCACACGTGCACCAC-1,0,ceritinib
Data9_GSM4140332_TCCACACGTGCCTTGG-1,0,ceritinib
Data9_GSM4140332_TCCACACTCAGTTAGC-1,0,ceritinib
Data9_GSM4140332_TCCCGATAGGCGCTCT-1,0,ceritinib
Data9_GSM4140332_TCCCGATAGTCCAGGA-1,0,ceritinib
Data9_GSM4140332_TCCCGATAGTCTTGCA-1,0,ceritinib
Data9_GSM4140332_TCCCGATCAGTCTTCC-1,0,ceritinib
Data9_GSM4140332_TCCCGATCATATACGC-1,0,ceritinib
Data9_GSM4140332_TCCCGATGTAAGAGGA-1,0,ceritinib
Data9_GSM4140332_TCCCGATTCACTATTC-1,0,ceritinib
Data9_GSM4140332_TCGAGGCAGGACCACA-1,0,ceritinib
Data9_GSM4140332_TCGAGGCAGGCAGTCA-1,0,ceritinib
Data9_GSM4140332_TCGAGGCCAAGTCATC-1,0,ceritinib
Data9_GSM4140332_TCGAGGCCAATGCCAT-1,0,ceritinib
Data9_GSM4140332_TCGAGGCCACTGTCGG-1,0,ceritinib
Data9_GSM4140332_TCGAGGCCAGTTTACG-1,0,ceritinib
Data9_GSM4140332_TCGAGGCCATCGATGT-1,0,ceritinib
Data9_GSM4140332_TCGAGGCCATTCTCAT-1,0,ceritinib
Data9_GSM4140332_TCGAGGCGTAGCGCTC-1,0,ceritinib
Data9_GSM4140332_TCGAGGCGTCTCTTAT-1,0,ceritinib
Data9_GSM4140332_TCGAGGCGTTCAGACT-1,0,ceritinib
Data9_GSM4140332_TCGAGGCGTTGGTTTG-1,0,ceritinib
Data9_GSM4140332_TCGAGGCTCATTGCCC-1,0,ceritinib
Data9_GSM4140332_TCGAGGCTCCTAAGTG-1,0,ceritinib
Data9_GSM4140332_TCGAGGCTCCTGCAGG-1,0,ceritinib
Data9_GSM4140332_TCGAGGCTCTACTATC-1,0,ceritinib
Data9_GSM4140332_TCGCGAGAGAGGACGG-1,0,ceritinib
Data9_GSM4140332_TCGCGAGAGCAGATCG-1,0,ceritinib
Data9_GSM4140332_TCGCGAGAGCCGGTAA-1,0,ceritinib
Data9_GSM4140332_TCGCGAGAGGGATCTG-1,0,ceritinib
Data9_GSM4140332_TCGCGAGCAACACCCG-1,0,ceritinib
Data9_GSM4140332_TCGCGAGCACCACGTG-1,0,ceritinib
Data9_GSM4140332_TCGCGAGGTCTCACCT-1,0,ceritinib
Data9_GSM4140332_TCGCGAGGTGTGACCC-1,0,ceritinib
Data9_GSM4140332_TCGCGAGTCAGTGTTG-1,0,ceritinib
Data9_GSM4140332_TCGCGAGTCTGGGCCA-1,0,ceritinib
Data9_GSM4140332_TCGCGTTAGAATTCCC-1,0,ceritinib
Data9_GSM4140332_TCGCGTTAGAGAGCTC-1,0,ceritinib
Data9_GSM4140332_TCGCGTTAGGAATCGC-1,0,ceritinib
Data9_GSM4140332_TCGCGTTAGTTGTCGT-1,0,ceritinib
Data9_GSM4140332_TCGCGTTCAAGACGTG-1,0,ceritinib
Data9_GSM4140332_TCGCGTTGTAAGGGCT-1,0,ceritinib
Data9_GSM4140332_TCGCGTTGTCTGCGGT-1,0,ceritinib
Data9_GSM4140332_TCGCGTTGTTCGGCAC-1,0,ceritinib
Data9_GSM4140332_TCGCGTTTCCCTTGCA-1,0,ceritinib
Data9_GSM4140332_TCGGGACAGACGCACA-1,0,ceritinib
Data9_GSM4140332_TCGGGACCACACTGCG-1,0,ceritinib
Data9_GSM4140332_TCGGGACCACAGACAG-1,0,ceritinib
Data9_GSM4140332_TCGGGACCACTTCGAA-1,0,ceritinib
Data9_GSM4140332_TCGGGACGTACCGTAT-1,0,ceritinib
Data9_GSM4140332_TCGGGACGTAGGCTGA-1,0,ceritinib
Data9_GSM4140332_TCGGGACGTAGTGAAT-1,0,ceritinib
Data9_GSM4140332_TCGGGACGTCGCCATG-1,0,ceritinib
Data9_GSM4140332_TCGGGACGTGAACCTT-1,0,ceritinib
Data9_GSM4140332_TCGGGACGTGCACGAA-1,0,ceritinib
Data9_GSM4140332_TCGGGACGTTGATTCG-1,0,ceritinib
Data9_GSM4140332_TCGGGACGTTGCGCAC-1,0,ceritinib
Data9_GSM4140332_TCGGGACTCCAACCAA-1,0,ceritinib
Data9_GSM4140332_TCGGGACTCGCCCTTA-1,0,ceritinib
Data9_GSM4140332_TCGGGACTCTTAACCT-1,0,ceritinib
Data9_GSM4140332_TCGGGACTCTTGTCAT-1,0,ceritinib
Data9_GSM4140332_TCGGTAAAGCCAACAG-1,0,ceritinib
Data9_GSM4140332_TCGGTAAAGTCTTGCA-1,0,ceritinib
Data9_GSM4140332_TCGGTAACAGGGTTAG-1,0,ceritinib
Data9_GSM4140332_TCGGTAACATGGTCAT-1,0,ceritinib
Data9_GSM4140332_TCGGTAACATGTAGTC-1,0,ceritinib
Data9_GSM4140332_TCGGTAATCATATCGG-1,0,ceritinib
Data9_GSM4140332_TCGGTAATCTCCAACC-1,0,ceritinib
Data9_GSM4140332_TCGTACCCACAGATTC-1,0,ceritinib
Data9_GSM4140332_TCGTACCGTGGTCCGT-1,0,ceritinib
Data9_GSM4140332_TCGTACCTCACCCTCA-1,0,ceritinib
Data9_GSM4140332_TCGTAGAGTAGATTAG-1,0,ceritinib
Data9_GSM4140332_TCGTAGAGTATAGGGC-1,0,ceritinib
Data9_GSM4140332_TCGTAGAGTATTCTCT-1,0,ceritinib
Data9_GSM4140332_TCGTAGAGTCGCGTGT-1,0,ceritinib
Data9_GSM4140332_TCGTAGAGTCTCTTTA-1,0,ceritinib
Data9_GSM4140332_TCGTAGATCGCCAAAT-1,0,ceritinib
Data9_GSM4140332_TCTATTGAGACCTTTG-1,0,ceritinib
Data9_GSM4140332_TCTATTGAGCGTGAGT-1,0,ceritinib
Data9_GSM4140332_TCTATTGAGTGTGGCA-1,0,ceritinib
Data9_GSM4140332_TCTATTGCAAATTGCC-1,0,ceritinib
Data9_GSM4140332_TCTATTGCAGGAATCG-1,0,ceritinib
Data9_GSM4140332_TCTATTGGTCAACTGT-1,0,ceritinib
Data9_GSM4140332_TCTATTGGTTGGTGGA-1,0,ceritinib
Data9_GSM4140332_TCTATTGGTTTGCATG-1,0,ceritinib
Data9_GSM4140332_TCTATTGTCAACGAAA-1,0,ceritinib
Data9_GSM4140332_TCTATTGTCGGGAGTA-1,0,ceritinib
Data9_GSM4140332_TCTCATAAGACACTAA-1,0,ceritinib
Data9_GSM4140332_TCTCATAAGAGGACGG-1,0,ceritinib
Data9_GSM4140332_TCTCATACAGAGTGTG-1,0,ceritinib
Data9_GSM4140332_TCTCATACAGCCAATT-1,0,ceritinib
Data9_GSM4140332_TCTCATACAGTACACT-1,0,ceritinib
Data9_GSM4140332_TCTCATAGTCGTGGCT-1,0,ceritinib
Data9_GSM4140332_TCTCATATCCACGCAG-1,0,ceritinib
Data9_GSM4140332_TCTCATATCTCCGGTT-1,0,ceritinib
Data9_GSM4140332_TCTCATATCTGCCCTA-1,0,ceritinib
Data9_GSM4140332_TCTCTAAAGCAGACTG-1,0,ceritinib
Data9_GSM4140332_TCTCTAAAGGAGTACC-1,0,ceritinib
Data9_GSM4140332_TCTCTAACAATCACAC-1,0,ceritinib
Data9_GSM4140332_TCTCTAACAGTATCTG-1,0,ceritinib
Data9_GSM4140332_TCTCTAAGTCGTTGTA-1,0,ceritinib
Data9_GSM4140332_TCTCTAATCAATAAGG-1,0,ceritinib
Data9_GSM4140332_TCTCTAATCAGAGGTG-1,0,ceritinib
Data9_GSM4140332_TCTCTAATCGGCATCG-1,0,ceritinib
Data9_GSM4140332_TCTCTAATCTCCGGTT-1,0,ceritinib
Data9_GSM4140332_TCTGAGAAGGAATCGC-1,0,ceritinib
Data9_GSM4140332_TCTGAGAAGTCGAGTG-1,0,ceritinib
Data9_GSM4140332_TCTGAGACAATGGACG-1,0,ceritinib
Data9_GSM4140332_TCTGAGACACGAAAGC-1,0,ceritinib
Data9_GSM4140332_TCTGAGACACGAGAGT-1,0,ceritinib
Data9_GSM4140332_TCTGAGACATCCTAGA-1,0,ceritinib
Data9_GSM4140332_TCTGAGACATGATCCA-1,0,ceritinib
Data9_GSM4140332_TCTGAGAGTGTTAAGA-1,0,ceritinib
Data9_GSM4140332_TCTGGAAAGAGGACGG-1,0,ceritinib
Data9_GSM4140332_TCTGGAAAGATCCCGC-1,0,ceritinib
Data9_GSM4140332_TCTGGAAAGCCGCCTA-1,0,ceritinib
Data9_GSM4140332_TCTGGAAAGGAGTAGA-1,0,ceritinib
Data9_GSM4140332_TCTGGAAAGTCGTTTG-1,0,ceritinib
Data9_GSM4140332_TCTGGAACAACCGCCA-1,0,ceritinib
Data9_GSM4140332_TCTGGAAGTGCAGACA-1,0,ceritinib
Data9_GSM4140332_TCTGGAAGTTAAGGGC-1,0,ceritinib
Data9_GSM4140332_TCTGGAATCTACCAGA-1,0,ceritinib
Data9_GSM4140332_TCTTCGGAGCCAGTAG-1,0,ceritinib
Data9_GSM4140332_TCTTCGGAGCTACCGC-1,0,ceritinib
Data9_GSM4140332_TCTTCGGCAAGGGTCA-1,0,ceritinib
Data9_GSM4140332_TCTTCGGCACGTCAGC-1,0,ceritinib
Data9_GSM4140332_TCTTCGGCAGTCAGAG-1,0,ceritinib
Data9_GSM4140332_TCTTCGGGTAAACACA-1,0,ceritinib
Data9_GSM4140332_TCTTCGGGTATAAACG-1,0,ceritinib
Data9_GSM4140332_TCTTCGGGTCATCCCT-1,0,ceritinib
Data9_GSM4140332_TCTTCGGGTCATTAGC-1,0,ceritinib
Data9_GSM4140332_TCTTCGGTCACGGTTA-1,0,ceritinib
Data9_GSM4140332_TCTTCGGTCCGCGCAA-1,0,ceritinib
Data9_GSM4140332_TCTTCGGTCCTGCAGG-1,0,ceritinib
Data9_GSM4140332_TCTTTCCCAAGCCCAC-1,0,ceritinib
Data9_GSM4140332_TCTTTCCCACGGCTAC-1,0,ceritinib
Data9_GSM4140332_TCTTTCCCATCTCGCT-1,0,ceritinib
Data9_GSM4140332_TCTTTCCGTAAGTTCC-1,0,ceritinib
Data9_GSM4140332_TCTTTCCGTGAGTATA-1,0,ceritinib
Data9_GSM4140332_TCTTTCCGTTGGTGGA-1,0,ceritinib
Data9_GSM4140332_TCTTTCCGTTTAGGAA-1,0,ceritinib
Data9_GSM4140332_TCTTTCCTCCTCATTA-1,0,ceritinib
Data9_GSM4140332_TCTTTCCTCGTACCGG-1,0,ceritinib
Data9_GSM4140332_TCTTTCCTCTTGTATC-1,0,ceritinib
Data9_GSM4140332_TGAAAGAAGTGACATA-1,0,ceritinib
Data9_GSM4140332_TGAAAGACAAACTGCT-1,0,ceritinib
Data9_GSM4140332_TGAAAGACACGGTGTC-1,0,ceritinib
Data9_GSM4140332_TGAAAGACACTCTGTC-1,0,ceritinib
Data9_GSM4140332_TGAAAGACAGCGTCCA-1,0,ceritinib
Data9_GSM4140332_TGAAAGACATCCTAGA-1,0,ceritinib
Data9_GSM4140332_TGAAAGAGTACATGTC-1,0,ceritinib
Data9_GSM4140332_TGAAAGAGTACCGTTA-1,0,ceritinib
Data9_GSM4140332_TGAAAGAGTCTGGAGA-1,0,ceritinib
Data9_GSM4140332_TGAAAGAGTCTTCGTC-1,0,ceritinib
Data9_GSM4140332_TGAAAGAGTGAAAGAG-1,0,ceritinib
Data9_GSM4140332_TGAAAGAGTGCGAAAC-1,0,ceritinib
Data9_GSM4140332_TGAAAGAGTTCCCTTG-1,0,ceritinib
Data9_GSM4140332_TGAAAGATCCGTCATC-1,0,ceritinib
Data9_GSM4140332_TGAAAGATCGAGAGCA-1,0,ceritinib
Data9_GSM4140332_TGAAAGATCTCTTGAT-1,0,ceritinib
Data9_GSM4140332_TGACAACAGGAGTTTA-1,0,ceritinib
Data9_GSM4140332_TGACAACCAAGTTGTC-1,0,ceritinib
Data9_GSM4140332_TGACAACGTAAACGCG-1,0,ceritinib
Data9_GSM4140332_TGACAACGTCAATGTC-1,0,ceritinib
Data9_GSM4140332_TGACAACGTCGAAAGC-1,0,ceritinib
Data9_GSM4140332_TGACAACGTCGAACAG-1,0,ceritinib
Data9_GSM4140332_TGACAACGTCGTTGTA-1,0,ceritinib
Data9_GSM4140332_TGACAACGTCTGATCA-1,0,ceritinib
Data9_GSM4140332_TGACAACTCGCGCCAA-1,0,ceritinib
Data9_GSM4140332_TGACAACTCTTGAGAC-1,0,ceritinib
Data9_GSM4140332_TGACGGCAGATATGGT-1,0,ceritinib
Data9_GSM4140332_TGACGGCAGTACGATA-1,0,ceritinib
Data9_GSM4140332_TGACGGCAGTAGCCGA-1,0,ceritinib
Data9_GSM4140332_TGACGGCAGTGAAGAG-1,0,ceritinib
Data9_GSM4140332_TGACGGCAGTGAATTG-1,0,ceritinib
Data9_GSM4140332_TGACGGCAGTTTCCTT-1,0,ceritinib
Data9_GSM4140332_TGACGGCCACGTTGGC-1,0,ceritinib
Data9_GSM4140332_TGACGGCCAGTTCATG-1,0,ceritinib
Data9_GSM4140332_TGACGGCCATTAACCG-1,0,ceritinib
Data9_GSM4140332_TGACGGCGTATCTGCA-1,0,ceritinib
Data9_GSM4140332_TGACGGCGTCACCTAA-1,0,ceritinib
Data9_GSM4140332_TGACGGCTCCAGTAGT-1,0,ceritinib
Data9_GSM4140332_TGACGGCTCCGCATAA-1,0,ceritinib
Data9_GSM4140332_TGACGGCTCCTTGCCA-1,0,ceritinib
Data9_GSM4140332_TGACGGCTCGCCTGAG-1,0,ceritinib
Data9_GSM4140332_TGACGGCTCGGAGGTA-1,0,ceritinib
Data9_GSM4140332_TGACGGCTCTCGAGTA-1,0,ceritinib
Data9_GSM4140332_TGACTAGAGCGTAATA-1,0,ceritinib
Data9_GSM4140332_TGACTAGAGTCACGCC-1,0,ceritinib
Data9_GSM4140332_TGACTAGAGTGTGGCA-1,0,ceritinib
Data9_GSM4140332_TGACTAGCAATAGAGT-1,0,ceritinib
Data9_GSM4140332_TGACTAGCATAGTAAG-1,0,ceritinib
Data9_GSM4140332_TGACTAGGTACCAGTT-1,0,ceritinib
Data9_GSM4140332_TGACTAGGTGCAGGTA-1,0,ceritinib
Data9_GSM4140332_TGACTAGTCCGCGCAA-1,0,ceritinib
Data9_GSM4140332_TGACTTTAGATTACCC-1,0,ceritinib
Data9_GSM4140332_TGACTTTAGGGCTTCC-1,0,ceritinib
Data9_GSM4140332_TGACTTTCAACTGGCC-1,0,ceritinib
Data9_GSM4140332_TGACTTTCATTGCGGC-1,0,ceritinib
Data9_GSM4140332_TGAGAGGGTACCGTAT-1,0,ceritinib
Data9_GSM4140332_TGAGAGGGTAGAAAGG-1,0,ceritinib
Data9_GSM4140332_TGAGAGGGTTTGACAC-1,0,ceritinib
Data9_GSM4140332_TGAGAGGTCATTATCC-1,0,ceritinib
Data9_GSM4140332_TGAGAGGTCTAACCGA-1,0,ceritinib
Data9_GSM4140332_TGAGAGGTCTCCAGGG-1,0,ceritinib
Data9_GSM4140332_TGAGCATCAAGACACG-1,0,ceritinib
Data9_GSM4140332_TGAGCATCACTACAGT-1,0,ceritinib
Data9_GSM4140332_TGAGCATCAGGACGTA-1,0,ceritinib
Data9_GSM4140332_TGAGCATCATATGCTG-1,0,ceritinib
Data9_GSM4140332_TGAGCATGTGTGCGTC-1,0,ceritinib
Data9_GSM4140332_TGAGCATGTTTACTCT-1,0,ceritinib
Data9_GSM4140332_TGAGCATTCTCTAGGA-1,0,ceritinib
Data9_GSM4140332_TGAGCCGAGAAGGTGA-1,0,ceritinib
Data9_GSM4140332_TGAGCCGAGACCGGAT-1,0,ceritinib
Data9_GSM4140332_TGAGCCGAGAGTACCG-1,0,ceritinib
Data9_GSM4140332_TGAGCCGAGTAGCGGT-1,0,ceritinib
Data9_GSM4140332_TGAGCCGCACTACAGT-1,0,ceritinib
Data9_GSM4140332_TGAGCCGCAGATAATG-1,0,ceritinib
Data9_GSM4140332_TGAGCCGCAGATGGCA-1,0,ceritinib
Data9_GSM4140332_TGAGCCGCAGCGAACA-1,0,ceritinib
Data9_GSM4140332_TGAGCCGCAGGAATGC-1,0,ceritinib
Data9_GSM4140332_TGAGCCGGTATTAGCC-1,0,ceritinib
Data9_GSM4140332_TGAGCCGGTCGCGAAA-1,0,ceritinib
Data9_GSM4140332_TGAGCCGGTGTAATGA-1,0,ceritinib
Data9_GSM4140332_TGAGCCGGTTAGAACA-1,0,ceritinib
Data9_GSM4140332_TGAGCCGGTTCCGTCT-1,0,ceritinib
Data9_GSM4140332_TGAGCCGGTTCGTTGA-1,0,ceritinib
Data9_GSM4140332_TGAGCCGTCATGTCCC-1,0,ceritinib
Data9_GSM4140332_TGAGCCGTCTCGGACG-1,0,ceritinib
Data9_GSM4140332_TGAGGGAAGTGCAAGC-1,0,ceritinib
Data9_GSM4140332_TGAGGGACAACTTGAC-1,0,ceritinib
Data9_GSM4140332_TGAGGGACAGGAATCG-1,0,ceritinib
Data9_GSM4140332_TGAGGGAGTATATGAG-1,0,ceritinib
Data9_GSM4140332_TGAGGGAGTGCAGGTA-1,0,ceritinib
Data9_GSM4140332_TGAGGGAGTGCCTGCA-1,0,ceritinib
Data9_GSM4140332_TGAGGGAGTGTCTGAT-1,0,ceritinib
Data9_GSM4140332_TGAGGGATCGGAGCAA-1,0,ceritinib
Data9_GSM4140332_TGAGGGATCTCGCTTG-1,0,ceritinib
Data9_GSM4140332_TGATTTCAGCTAGTCT-1,0,ceritinib
Data9_GSM4140332_TGATTTCCATAGAAAC-1,0,ceritinib
Data9_GSM4140332_TGATTTCGTAGCTGCC-1,0,ceritinib
Data9_GSM4140332_TGATTTCGTATCGCAT-1,0,ceritinib
Data9_GSM4140332_TGATTTCGTCCGAGTC-1,0,ceritinib
Data9_GSM4140332_TGATTTCGTCGCATCG-1,0,ceritinib
Data9_GSM4140332_TGATTTCGTTGACGTT-1,0,ceritinib
Data9_GSM4140332_TGATTTCGTTGGGACA-1,0,ceritinib
Data9_GSM4140332_TGATTTCTCACAGGCC-1,0,ceritinib
Data9_GSM4140332_TGCACCTAGAGGTTAT-1,0,ceritinib
Data9_GSM4140332_TGCACCTAGCGTCAAG-1,0,ceritinib
Data9_GSM4140332_TGCACCTAGCTGCCCA-1,0,ceritinib
Data9_GSM4140332_TGCACCTAGTAGATGT-1,0,ceritinib
Data9_GSM4140332_TGCACCTCAATGTAAG-1,0,ceritinib
Data9_GSM4140332_TGCACCTGTGCTAGCC-1,0,ceritinib
Data9_GSM4140332_TGCACCTTCGAGAGCA-1,0,ceritinib
Data9_GSM4140332_TGCCAAAAGAGCTTCT-1,0,ceritinib
Data9_GSM4140332_TGCCAAAAGTACGACG-1,0,ceritinib
Data9_GSM4140332_TGCCAAACAATCCGAT-1,0,ceritinib
Data9_GSM4140332_TGCCAAATCCGTTGTC-1,0,ceritinib
Data9_GSM4140332_TGCCAAATCCTGCCAT-1,0,ceritinib
Data9_GSM4140332_TGCCAAATCTAACTTC-1,0,ceritinib
Data9_GSM4140332_TGCCAAATCTTATCTG-1,0,ceritinib
Data9_GSM4140332_TGCCCATAGCGTGAGT-1,0,ceritinib
Data9_GSM4140332_TGCCCATAGTACACCT-1,0,ceritinib
Data9_GSM4140332_TGCCCATCAAGGTGTG-1,0,ceritinib
Data9_GSM4140332_TGCCCATCAGATGGCA-1,0,ceritinib
Data9_GSM4140332_TGCCCATGTCCATCCT-1,0,ceritinib
Data9_GSM4140332_TGCCCATGTCGGCATC-1,0,ceritinib
Data9_GSM4140332_TGCCCATGTTCGTCTC-1,0,ceritinib
Data9_GSM4140332_TGCCCATTCACCGGGT-1,0,ceritinib
Data9_GSM4140332_TGCCCTAAGGCTCATT-1,0,ceritinib
Data9_GSM4140332_TGCCCTAAGTCTCAAC-1,0,ceritinib
Data9_GSM4140332_TGCCCTACAAGGTTCT-1,0,ceritinib
Data9_GSM4140332_TGCCCTACACCTCGGA-1,0,ceritinib
Data9_GSM4140332_TGCCCTACACGGTAAG-1,0,ceritinib
Data9_GSM4140332_TGCCCTACACTGTTAG-1,0,ceritinib
Data9_GSM4140332_TGCCCTACAGCCTTTC-1,0,ceritinib
Data9_GSM4140332_TGCCCTACATCATCCC-1,0,ceritinib
Data9_GSM4140332_TGCCCTACATGGTTGT-1,0,ceritinib
Data9_GSM4140332_TGCCCTAGTACTCGCG-1,0,ceritinib
Data9_GSM4140332_TGCCCTAGTGGACGAT-1,0,ceritinib
Data9_GSM4140332_TGCCCTATCAAACCAC-1,0,ceritinib
Data9_GSM4140332_TGCCCTATCCATTCTA-1,0,ceritinib
Data9_GSM4140332_TGCCCTATCTATCGCC-1,0,ceritinib
Data9_GSM4140332_TGCCCTATCTCTTATG-1,0,ceritinib
Data9_GSM4140332_TGCGCAGAGGGCACTA-1,0,ceritinib
Data9_GSM4140332_TGCGCAGAGTGAACGC-1,0,ceritinib
Data9_GSM4140332_TGCGCAGCATCTGGTA-1,0,ceritinib
Data9_GSM4140332_TGCGCAGGTACAAGTA-1,0,ceritinib
Data9_GSM4140332_TGCGCAGGTCCTCCAT-1,0,ceritinib
Data9_GSM4140332_TGCGCAGGTTACGACT-1,0,ceritinib
Data9_GSM4140332_TGCGCAGTCACCATAG-1,0,ceritinib
Data9_GSM4140332_TGCGCAGTCGATAGAA-1,0,ceritinib
Data9_GSM4140332_TGCGCAGTCGGTCCGA-1,0,ceritinib
Data9_GSM4140332_TGCGGGTAGACCTAGG-1,0,ceritinib
Data9_GSM4140332_TGCGGGTAGCAATATG-1,0,ceritinib
Data9_GSM4140332_TGCGGGTAGGGCTTCC-1,0,ceritinib
Data9_GSM4140332_TGCGGGTCAAGAGTCG-1,0,ceritinib
Data9_GSM4140332_TGCGGGTCACACCGCA-1,0,ceritinib
Data9_GSM4140332_TGCGGGTCATAACCTG-1,0,ceritinib
Data9_GSM4140332_TGCGGGTGTGGCCCTA-1,0,ceritinib
Data9_GSM4140332_TGCGGGTGTGTGACGA-1,0,ceritinib
Data9_GSM4140332_TGCGGGTGTTCCCTTG-1,0,ceritinib
Data9_GSM4140332_TGCGGGTTCACTCTTA-1,0,ceritinib
Data9_GSM4140332_TGCGTGGAGCACACAG-1,0,ceritinib
Data9_GSM4140332_TGCGTGGAGTACATGA-1,0,ceritinib
Data9_GSM4140332_TGCGTGGAGTGTTGAA-1,0,ceritinib
Data9_GSM4140332_TGCGTGGCAGGTCCAC-1,0,ceritinib
Data9_GSM4140332_TGCGTGGGTAATCACC-1,0,ceritinib
Data9_GSM4140332_TGCGTGGGTACCCAAT-1,0,ceritinib
Data9_GSM4140332_TGCGTGGGTACTCTCC-1,0,ceritinib
Data9_GSM4140332_TGCGTGGGTTCACGGC-1,0,ceritinib
Data9_GSM4140332_TGCGTGGTCAGCTCGG-1,0,ceritinib
Data9_GSM4140332_TGCTACCAGGACAGCT-1,0,ceritinib
Data9_GSM4140332_TGCTACCAGGAGTCTG-1,0,ceritinib
Data9_GSM4140332_TGCTACCAGGGTGTGT-1,0,ceritinib
Data9_GSM4140332_TGCTACCGTACCATCA-1,0,ceritinib
Data9_GSM4140332_TGCTACCGTAGCCTCG-1,0,ceritinib
Data9_GSM4140332_TGCTACCGTCGAAAGC-1,0,ceritinib
Data9_GSM4140332_TGCTACCGTCGAGTTT-1,0,ceritinib
Data9_GSM4140332_TGCTACCGTTCGCGAC-1,0,ceritinib
Data9_GSM4140332_TGCTACCGTTGCGTTA-1,0,ceritinib
Data9_GSM4140332_TGCTACCTCAACGCTA-1,0,ceritinib
Data9_GSM4140332_TGCTACCTCAGCTCGG-1,0,ceritinib
Data9_GSM4140332_TGCTACCTCATGCAAC-1,0,ceritinib
Data9_GSM4140332_TGCTGCTAGCACACAG-1,0,ceritinib
Data9_GSM4140332_TGCTGCTAGCTAGTCT-1,0,ceritinib
Data9_GSM4140332_TGCTGCTCAATGTTGC-1,0,ceritinib
Data9_GSM4140332_TGCTGCTCAGTCGTGC-1,0,ceritinib
Data9_GSM4140332_TGCTGCTGTAAATACG-1,0,ceritinib
Data9_GSM4140332_TGCTGCTGTCGAGATG-1,0,ceritinib
Data9_GSM4140332_TGCTGCTTCGTTTATC-1,0,ceritinib
Data9_GSM4140332_TGGACGCAGGGTGTTG-1,0,ceritinib
Data9_GSM4140332_TGGACGCCAAGACGTG-1,0,ceritinib
Data9_GSM4140332_TGGACGCCACCAGCAC-1,0,ceritinib
Data9_GSM4140332_TGGACGCCACCTCGGA-1,0,ceritinib
Data9_GSM4140332_TGGACGCGTCTCTTTA-1,0,ceritinib
Data9_GSM4140332_TGGACGCGTCTTGTCC-1,0,ceritinib
Data9_GSM4140332_TGGACGCGTGAAATCA-1,0,ceritinib
Data9_GSM4140332_TGGACGCGTGTTGAGG-1,0,ceritinib
Data9_GSM4140332_TGGACGCTCAGGCGAA-1,0,ceritinib
Data9_GSM4140332_TGGACGCTCCACGACG-1,0,ceritinib
Data9_GSM4140332_TGGACGCTCCGTACAA-1,0,ceritinib
Data9_GSM4140332_TGGACGCTCGCCTGTT-1,0,ceritinib
Data9_GSM4140332_TGGACGCTCGGTGTCG-1,0,ceritinib
Data9_GSM4140332_TGGCCAGAGTCTCAAC-1,0,ceritinib
Data9_GSM4140332_TGGCCAGAGTGTGGCA-1,0,ceritinib
Data9_GSM4140332_TGGCCAGCAAAGCGGT-1,0,ceritinib
Data9_GSM4140332_TGGCCAGCACGTAAGG-1,0,ceritinib
Data9_GSM4140332_TGGCCAGGTCTTGCGG-1,0,ceritinib
Data9_GSM4140332_TGGCCAGGTGGTAACG-1,0,ceritinib
Data9_GSM4140332_TGGCCAGGTTCCACTC-1,0,ceritinib
Data9_GSM4140332_TGGCCAGTCCCTAACC-1,0,ceritinib
Data9_GSM4140332_TGGCCAGTCTCATTCA-1,0,ceritinib
Data9_GSM4140332_TGGCCAGTCTTCGAGA-1,0,ceritinib
Data9_GSM4140332_TGGCGCAAGTGGTAAT-1,0,ceritinib
Data9_GSM4140332_TGGCGCAAGTTGAGTA-1,0,ceritinib
Data9_GSM4140332_TGGCGCACAATCGGTT-1,0,ceritinib
Data9_GSM4140332_TGGCGCACAGATCGGA-1,0,ceritinib
Data9_GSM4140332_TGGCGCACATGGGAAC-1,0,ceritinib
Data9_GSM4140332_TGGCGCAGTTCCACTC-1,0,ceritinib
Data9_GSM4140332_TGGCGCATCACGATGT-1,0,ceritinib
Data9_GSM4140332_TGGCGCATCTACTCAT-1,0,ceritinib
Data9_GSM4140332_TGGCGCATCTGTTTGT-1,0,ceritinib
Data9_GSM4140332_TGGCTGGAGATATACG-1,0,ceritinib
Data9_GSM4140332_TGGCTGGAGATCTGCT-1,0,ceritinib
Data9_GSM4140332_TGGCTGGAGTCTCGGC-1,0,ceritinib
Data9_GSM4140332_TGGCTGGAGTTTCCTT-1,0,ceritinib
Data9_GSM4140332_TGGCTGGCAATGGTCT-1,0,ceritinib
Data9_GSM4140332_TGGCTGGCACTGTCGG-1,0,ceritinib
Data9_GSM4140332_TGGCTGGCAGGGTACA-1,0,ceritinib
Data9_GSM4140332_TGGCTGGCAGGTCCAC-1,0,ceritinib
Data9_GSM4140332_TGGCTGGCATTCACTT-1,0,ceritinib
Data9_GSM4140332_TGGCTGGGTCGCCATG-1,0,ceritinib
Data9_GSM4140332_TGGCTGGTCCTCCTAG-1,0,ceritinib
Data9_GSM4140332_TGGCTGGTCGTAGGTT-1,0,ceritinib
Data9_GSM4140332_TGGCTGGTCTGACCTC-1,0,ceritinib
Data9_GSM4140332_TGGGAAGAGGTTACCT-1,0,ceritinib
Data9_GSM4140332_TGGGAAGAGTATGACA-1,0,ceritinib
Data9_GSM4140332_TGGGAAGAGTTGAGAT-1,0,ceritinib
Data9_GSM4140332_TGGGAAGCAAGCGAGT-1,0,ceritinib
Data9_GSM4140332_TGGGAAGCAGCTGTTA-1,0,ceritinib
Data9_GSM4140332_TGGGAAGCAGGGTTAG-1,0,ceritinib
Data9_GSM4140332_TGGGAAGGTACAGTTC-1,0,ceritinib
Data9_GSM4140332_TGGGAAGTCAGCGATT-1,0,ceritinib
Data9_GSM4140332_TGGGAAGTCCCTGACT-1,0,ceritinib
Data9_GSM4140332_TGGGAAGTCCCTTGCA-1,0,ceritinib
Data9_GSM4140332_TGGGCGTAGAAGGACA-1,0,ceritinib
Data9_GSM4140332_TGGGCGTAGAAGGGTA-1,0,ceritinib
Data9_GSM4140332_TGGGCGTAGAGTGACC-1,0,ceritinib
Data9_GSM4140332_TGGGCGTAGCCAGAAC-1,0,ceritinib
Data9_GSM4140332_TGGGCGTCAGGATTGG-1,0,ceritinib
Data9_GSM4140332_TGGGCGTGTCTGATTG-1,0,ceritinib
Data9_GSM4140332_TGGGCGTGTGCGATAG-1,0,ceritinib
Data9_GSM4140332_TGGGCGTGTTGGAGGT-1,0,ceritinib
Data9_GSM4140332_TGGGCGTTCAACGCTA-1,0,ceritinib
Data9_GSM4140332_TGGGCGTTCACAGTAC-1,0,ceritinib
Data9_GSM4140332_TGGGCGTTCCTCAACC-1,0,ceritinib
Data9_GSM4140332_TGGTTAGAGGATGGAA-1,0,ceritinib
Data9_GSM4140332_TGGTTAGCAACGATGG-1,0,ceritinib
Data9_GSM4140332_TGGTTAGCAATGTAAG-1,0,ceritinib
Data9_GSM4140332_TGGTTAGCACGGATAG-1,0,ceritinib
Data9_GSM4140332_TGGTTAGCATGCATGT-1,0,ceritinib
Data9_GSM4140332_TGGTTAGCATTGGGCC-1,0,ceritinib
Data9_GSM4140332_TGGTTAGGTAGCTCCG-1,0,ceritinib
Data9_GSM4140332_TGGTTAGGTCGCGTGT-1,0,ceritinib
Data9_GSM4140332_TGGTTAGGTGAGTATA-1,0,ceritinib
Data9_GSM4140332_TGGTTAGTCGATAGAA-1,0,ceritinib
Data9_GSM4140332_TGGTTAGTCTCACATT-1,0,ceritinib
Data9_GSM4140332_TGGTTCCAGGTGCTAG-1,0,ceritinib
Data9_GSM4140332_TGGTTCCCATCACAAC-1,0,ceritinib
Data9_GSM4140332_TGGTTCCCATTCTCAT-1,0,ceritinib
Data9_GSM4140332_TGGTTCCGTGACAAAT-1,0,ceritinib
Data9_GSM4140332_TGGTTCCGTGACCAAG-1,0,ceritinib
Data9_GSM4140332_TGGTTCCTCCAAACAC-1,0,ceritinib
Data9_GSM4140332_TGGTTCCTCGCCTGTT-1,0,ceritinib
Data9_GSM4140332_TGGTTCCTCTACTTAC-1,0,ceritinib
Data9_GSM4140332_TGTATTCAGAGAACAG-1,0,ceritinib
Data9_GSM4140332_TGTATTCAGAGTACAT-1,0,ceritinib
Data9_GSM4140332_TGTATTCAGCGATATA-1,0,ceritinib
Data9_GSM4140332_TGTATTCCACTTACGA-1,0,ceritinib
Data9_GSM4140332_TGTATTCCAGTAAGAT-1,0,ceritinib
Data9_GSM4140332_TGTATTCGTCACACGC-1,0,ceritinib
Data9_GSM4140332_TGTATTCGTCGCATAT-1,0,ceritinib
Data9_GSM4140332_TGTATTCGTCTTTCAT-1,0,ceritinib
Data9_GSM4140332_TGTATTCGTGATGTCT-1,0,ceritinib
Data9_GSM4140332_TGTATTCGTGGCTCCA-1,0,ceritinib
Data9_GSM4140332_TGTATTCTCACTCCTG-1,0,ceritinib
Data9_GSM4140332_TGTATTCTCAGGCCCA-1,0,ceritinib
Data9_GSM4140332_TGTATTCTCCAGATCA-1,0,ceritinib
Data9_GSM4140332_TGTATTCTCTGTCCGT-1,0,ceritinib
Data9_GSM4140332_TGTATTCTCTTCCTTC-1,0,ceritinib
Data9_GSM4140332_TGTCCCAAGCCACGCT-1,0,ceritinib
Data9_GSM4140332_TGTCCCAAGCTAGCCC-1,0,ceritinib
Data9_GSM4140332_TGTCCCAAGTAACCCT-1,0,ceritinib
Data9_GSM4140332_TGTCCCACATCTCCCA-1,0,ceritinib
Data9_GSM4140332_TGTCCCAGTCAGCTAT-1,0,ceritinib
Data9_GSM4140332_TGTCCCATCCGTTGTC-1,0,ceritinib
Data9_GSM4140332_TGTGGTAAGGAACTGC-1,0,ceritinib
Data9_GSM4140332_TGTGGTACAGCCAATT-1,0,ceritinib
Data9_GSM4140332_TGTGGTACATCCTAGA-1,0,ceritinib
Data9_GSM4140332_TGTGGTAGTACTTAGC-1,0,ceritinib
Data9_GSM4140332_TGTGGTAGTCAGAATA-1,0,ceritinib
Data9_GSM4140332_TGTGGTAGTCAGTGGA-1,0,ceritinib
Data9_GSM4140332_TGTGGTATCCGGGTGT-1,0,ceritinib
Data9_GSM4140332_TGTGGTATCGTAGGTT-1,0,ceritinib
Data9_GSM4140332_TGTGTTTAGAGGTACC-1,0,ceritinib
Data9_GSM4140332_TGTGTTTAGGAACTGC-1,0,ceritinib
Data9_GSM4140332_TGTGTTTCACGTCTCT-1,0,ceritinib
Data9_GSM4140332_TGTGTTTCAGGTTTCA-1,0,ceritinib
Data9_GSM4140332_TGTGTTTCAGTGAGTG-1,0,ceritinib
Data9_GSM4140332_TGTGTTTCATTGGTAC-1,0,ceritinib
Data9_GSM4140332_TGTGTTTCATTTGCCC-1,0,ceritinib
Data9_GSM4140332_TGTGTTTGTACCAGTT-1,0,ceritinib
Data9_GSM4140332_TGTGTTTGTCAGATAA-1,0,ceritinib
Data9_GSM4140332_TGTGTTTGTCTGATTG-1,0,ceritinib
Data9_GSM4140332_TGTTCCGAGCTAACAA-1,0,ceritinib
Data9_GSM4140332_TGTTCCGAGGTGCTAG-1,0,ceritinib
Data9_GSM4140332_TGTTCCGAGTTGTAGA-1,0,ceritinib
Data9_GSM4140332_TGTTCCGCATTTCAGG-1,0,ceritinib
Data9_GSM4140332_TGTTCCGGTCTAGCGC-1,0,ceritinib
Data9_GSM4140332_TGTTCCGGTGAAGGCT-1,0,ceritinib
Data9_GSM4140332_TGTTCCGGTTCCACAA-1,0,ceritinib
Data9_GSM4140332_TGTTCCGGTTTAAGCC-1,0,ceritinib
Data9_GSM4140332_TGTTCCGTCCTCGCAT-1,0,ceritinib
Data9_GSM4140332_TTAACTCAGAAACGCC-1,0,ceritinib
Data9_GSM4140332_TTAACTCAGCCAGAAC-1,0,ceritinib
Data9_GSM4140332_TTAACTCAGCGAGAAA-1,0,ceritinib
Data9_GSM4140332_TTAACTCAGTGGTAGC-1,0,ceritinib
Data9_GSM4140332_TTAACTCCAAAGGCGT-1,0,ceritinib
Data9_GSM4140332_TTAACTCCAAAGTCAA-1,0,ceritinib
Data9_GSM4140332_TTAACTCCAAATACAG-1,0,ceritinib
Data9_GSM4140332_TTAACTCCATGGATGG-1,0,ceritinib
Data9_GSM4140332_TTAACTCCATGGTAGG-1,0,ceritinib
Data9_GSM4140332_TTAACTCGTGCCTGTG-1,0,ceritinib
Data9_GSM4140332_TTAACTCGTTGAGTTC-1,0,ceritinib
Data9_GSM4140332_TTAACTCTCCGCGGTA-1,0,ceritinib
Data9_GSM4140332_TTAGGACAGGACTGGT-1,0,ceritinib
Data9_GSM4140332_TTAGGACAGTGGCACA-1,0,ceritinib
Data9_GSM4140332_TTAGGACAGTGTACTC-1,0,ceritinib
Data9_GSM4140332_TTAGGACCATACGCCG-1,0,ceritinib
Data9_GSM4140332_TTAGGACCATGCATGT-1,0,ceritinib
Data9_GSM4140332_TTAGGACGTGTTGGGA-1,0,ceritinib
Data9_GSM4140332_TTAGGACTCAATAAGG-1,0,ceritinib
Data9_GSM4140332_TTAGGACTCACCTTAT-1,0,ceritinib
Data9_GSM4140332_TTAGGACTCAGCTCGG-1,0,ceritinib
Data9_GSM4140332_TTAGGACTCATCTGCC-1,0,ceritinib
Data9_GSM4140332_TTAGGCAAGAAACCTA-1,0,ceritinib
Data9_GSM4140332_TTAGGCAAGGGTTCCC-1,0,ceritinib
Data9_GSM4140332_TTAGGCAAGTGTACCT-1,0,ceritinib
Data9_GSM4140332_TTAGGCACAAGCGATG-1,0,ceritinib
Data9_GSM4140332_TTAGGCACACCTCGGA-1,0,ceritinib
Data9_GSM4140332_TTAGGCACAGCTCGAC-1,0,ceritinib
Data9_GSM4140332_TTAGGCAGTACCTACA-1,0,ceritinib
Data9_GSM4140332_TTAGGCAGTCCTGCTT-1,0,ceritinib
Data9_GSM4140332_TTAGGCAGTGAGGGTT-1,0,ceritinib
Data9_GSM4140332_TTAGGCAGTTGGTGGA-1,0,ceritinib
Data9_GSM4140332_TTAGGCATCCTGCAGG-1,0,ceritinib
Data9_GSM4140332_TTAGGCATCTGCGGCA-1,0,ceritinib
Data9_GSM4140332_TTAGTTCAGGGTCGAT-1,0,ceritinib
Data9_GSM4140332_TTAGTTCAGTACGCGA-1,0,ceritinib
Data9_GSM4140332_TTAGTTCCAAGAAAGG-1,0,ceritinib
Data9_GSM4140332_TTAGTTCCAAGGACTG-1,0,ceritinib
Data9_GSM4140332_TTAGTTCCACTGTCGG-1,0,ceritinib
Data9_GSM4140332_TTAGTTCGTCTCTCGT-1,0,ceritinib
Data9_GSM4140332_TTAGTTCGTTATTCTC-1,0,ceritinib
Data9_GSM4140332_TTAGTTCTCAAACCAC-1,0,ceritinib
Data9_GSM4140332_TTATGCTAGACGCAAC-1,0,ceritinib
Data9_GSM4140332_TTATGCTCAAGAGTCG-1,0,ceritinib
Data9_GSM4140332_TTATGCTCAAGGTGTG-1,0,ceritinib
Data9_GSM4140332_TTATGCTCAGCGATCC-1,0,ceritinib
Data9_GSM4140332_TTATGCTGTCGTCTTC-1,0,ceritinib
Data9_GSM4140332_TTATGCTGTCTACCTC-1,0,ceritinib
Data9_GSM4140332_TTATGCTGTGAGTGAC-1,0,ceritinib
Data9_GSM4140332_TTATGCTTCCACGTGG-1,0,ceritinib
Data9_GSM4140332_TTATGCTTCGTGGACC-1,0,ceritinib
Data9_GSM4140332_TTATGCTTCTCGGACG-1,0,ceritinib
Data9_GSM4140332_TTCCCAGAGATATGCA-1,0,ceritinib
Data9_GSM4140332_TTCCCAGCAAGGGTCA-1,0,ceritinib
Data9_GSM4140332_TTCCCAGCATATACGC-1,0,ceritinib
Data9_GSM4140332_TTCCCAGCATGCCACG-1,0,ceritinib
Data9_GSM4140332_TTCCCAGGTAGTACCT-1,0,ceritinib
Data9_GSM4140332_TTCGAAGAGAGTCTGG-1,0,ceritinib
Data9_GSM4140332_TTCGAAGAGGATGTAT-1,0,ceritinib
Data9_GSM4140332_TTCGAAGAGTAGCCGA-1,0,ceritinib
Data9_GSM4140332_TTCGAAGAGTGGTCCC-1,0,ceritinib
Data9_GSM4140332_TTCGAAGCAAGTTAAG-1,0,ceritinib
Data9_GSM4140332_TTCGAAGCAGGTCGTC-1,0,ceritinib
Data9_GSM4140332_TTCGAAGCATTGGGCC-1,0,ceritinib
Data9_GSM4140332_TTCGAAGTCTTATCTG-1,0,ceritinib
Data9_GSM4140332_TTCGGTCAGGCGCTCT-1,0,ceritinib
Data9_GSM4140332_TTCGGTCCAAAGGCGT-1,0,ceritinib
Data9_GSM4140332_TTCGGTCCAAGGTGTG-1,0,ceritinib
Data9_GSM4140332_TTCGGTCCAGAGTGTG-1,0,ceritinib
Data9_GSM4140332_TTCGGTCCAGTATAAG-1,0,ceritinib
Data9_GSM4140332_TTCGGTCCAGTGAGTG-1,0,ceritinib
Data9_GSM4140332_TTCGGTCCATGCCACG-1,0,ceritinib
Data9_GSM4140332_TTCGGTCCATGGGAAC-1,0,ceritinib
Data9_GSM4140332_TTCGGTCTCGCCAGCA-1,0,ceritinib
Data9_GSM4140332_TTCGGTCTCTGCTGCT-1,0,ceritinib
Data9_GSM4140332_TTCTACAAGCCGTCGT-1,0,ceritinib
Data9_GSM4140332_TTCTACAAGCGTGAGT-1,0,ceritinib
Data9_GSM4140332_TTCTACAAGGCTAGAC-1,0,ceritinib
Data9_GSM4140332_TTCTACACATCGGACC-1,0,ceritinib
Data9_GSM4140332_TTCTACAGTAGCTCCG-1,0,ceritinib
Data9_GSM4140332_TTCTACAGTGTGCGTC-1,0,ceritinib
Data9_GSM4140332_TTCTACAGTTGGTTTG-1,0,ceritinib
Data9_GSM4140332_TTCTACAGTTTCCACC-1,0,ceritinib
Data9_GSM4140332_TTCTACATCAGGTTCA-1,0,ceritinib
Data9_GSM4140332_TTCTACATCCAAACAC-1,0,ceritinib
Data9_GSM4140332_TTCTACATCGCACTCT-1,0,ceritinib
Data9_GSM4140332_TTCTACATCTCAAGTG-1,0,ceritinib
Data9_GSM4140332_TTCTCAAAGGACACCA-1,0,ceritinib
Data9_GSM4140332_TTCTCAAAGGTCGGAT-1,0,ceritinib
Data9_GSM4140332_TTCTCAACAAGGACAC-1,0,ceritinib
Data9_GSM4140332_TTCTCAACACCGAAAG-1,0,ceritinib
Data9_GSM4140332_TTCTCAACATAAAGGT-1,0,ceritinib
Data9_GSM4140332_TTCTCAAGTAAGGGCT-1,0,ceritinib
Data9_GSM4140332_TTCTCAAGTATGCTTG-1,0,ceritinib
Data9_GSM4140332_TTCTCAAGTGTCCTCT-1,0,ceritinib
Data9_GSM4140332_TTCTCAAGTTCATGGT-1,0,ceritinib
Data9_GSM4140332_TTCTCAAGTTCGGGCT-1,0,ceritinib
Data9_GSM4140332_TTCTCAAGTTTAAGCC-1,0,ceritinib
Data9_GSM4140332_TTCTCAATCACTTATC-1,0,ceritinib
Data9_GSM4140332_TTCTCAATCAGCCTAA-1,0,ceritinib
Data9_GSM4140332_TTCTCAATCTAAGCCA-1,0,ceritinib
Data9_GSM4140332_TTCTCAATCTCGGACG-1,0,ceritinib
Data9_GSM4140332_TTCTCAATCTTCGGTC-1,0,ceritinib
Data9_GSM4140332_TTCTCCTAGCTGGAAC-1,0,ceritinib
Data9_GSM4140332_TTCTCCTAGGCGCTCT-1,0,ceritinib
Data9_GSM4140332_TTCTCCTCATATGAGA-1,0,ceritinib
Data9_GSM4140332_TTCTCCTGTATAGGGC-1,0,ceritinib
Data9_GSM4140332_TTCTCCTGTCTCATCC-1,0,ceritinib
Data9_GSM4140332_TTCTCCTGTGCTCTTC-1,0,ceritinib
Data9_GSM4140332_TTCTCCTTCAAAGTAG-1,0,ceritinib
Data9_GSM4140332_TTCTCCTTCATCGGAT-1,0,ceritinib
Data9_GSM4140332_TTCTTAGAGAAGGGTA-1,0,ceritinib
Data9_GSM4140332_TTCTTAGAGCAACGGT-1,0,ceritinib
Data9_GSM4140332_TTCTTAGAGTATCTCG-1,0,ceritinib
Data9_GSM4140332_TTCTTAGAGTGTCCCG-1,0,ceritinib
Data9_GSM4140332_TTCTTAGCACATGGGA-1,0,ceritinib
Data9_GSM4140332_TTCTTAGCACTACAGT-1,0,ceritinib
Data9_GSM4140332_TTCTTAGGTAACGACG-1,0,ceritinib
Data9_GSM4140332_TTCTTAGGTAAGTGTA-1,0,ceritinib
Data9_GSM4140332_TTCTTAGGTCTAGGTT-1,0,ceritinib
Data9_GSM4140332_TTCTTAGTCACCACCT-1,0,ceritinib
Data9_GSM4140332_TTCTTAGTCACGGTTA-1,0,ceritinib
Data9_GSM4140332_TTCTTAGTCCGTAGTA-1,0,ceritinib
Data9_GSM4140332_TTCTTAGTCTAACTTC-1,0,ceritinib
Data9_GSM4140332_TTCTTAGTCTGGTATG-1,0,ceritinib
Data9_GSM4140332_TTGAACGAGAGCTGCA-1,0,ceritinib
Data9_GSM4140332_TTGAACGAGCAGCGTA-1,0,ceritinib
Data9_GSM4140332_TTGAACGCAACGCACC-1,0,ceritinib
Data9_GSM4140332_TTGAACGCACACTGCG-1,0,ceritinib
Data9_GSM4140332_TTGAACGCACGACTCG-1,0,ceritinib
Data9_GSM4140332_TTGAACGCACTGAAGG-1,0,ceritinib
Data9_GSM4140332_TTGAACGCAGTCAGAG-1,0,ceritinib
Data9_GSM4140332_TTGAACGGTCTAGAGG-1,0,ceritinib
Data9_GSM4140332_TTGAACGTCCTCATTA-1,0,ceritinib
Data9_GSM4140332_TTGAACGTCGATAGAA-1,0,ceritinib
Data9_GSM4140332_TTGACTTAGGCTCAGA-1,0,ceritinib
Data9_GSM4140332_TTGACTTAGGTGATAT-1,0,ceritinib
Data9_GSM4140332_TTGACTTCAATGAAAC-1,0,ceritinib
Data9_GSM4140332_TTGACTTCAATTCCTT-1,0,ceritinib
Data9_GSM4140332_TTGACTTCACATTTCT-1,0,ceritinib
Data9_GSM4140332_TTGACTTCAGGTCCAC-1,0,ceritinib
Data9_GSM4140332_TTGACTTGTCTGGTCG-1,0,ceritinib
Data9_GSM4140332_TTGACTTGTGGTGTAG-1,0,ceritinib
Data9_GSM4140332_TTGACTTTCAACACGT-1,0,ceritinib
Data9_GSM4140332_TTGACTTTCGCCAAAT-1,0,ceritinib
Data9_GSM4140332_TTGACTTTCTTCGGTC-1,0,ceritinib
Data9_GSM4140332_TTGACTTTCTTTCCTC-1,0,ceritinib
Data9_GSM4140332_TTGCCGTAGACCGGAT-1,0,ceritinib
Data9_GSM4140332_TTGCCGTAGCTGAACG-1,0,ceritinib
Data9_GSM4140332_TTGCCGTAGGACATTA-1,0,ceritinib
Data9_GSM4140332_TTGCCGTCAATCCAAC-1,0,ceritinib
Data9_GSM4140332_TTGCCGTCAGTCACTA-1,0,ceritinib
Data9_GSM4140332_TTGCCGTCATATACCG-1,0,ceritinib
Data9_GSM4140332_TTGCCGTCATCGGGTC-1,0,ceritinib
Data9_GSM4140332_TTGCCGTGTCTCCACT-1,0,ceritinib
Data9_GSM4140332_TTGCCGTTCACAATGC-1,0,ceritinib
Data9_GSM4140332_TTGCCGTTCACATGCA-1,0,ceritinib
Data9_GSM4140332_TTGCCGTTCCGCATAA-1,0,ceritinib
Data9_GSM4140332_TTGCGTCAGCCCAGCT-1,0,ceritinib
Data9_GSM4140332_TTGCGTCAGGGTGTTG-1,0,ceritinib
Data9_GSM4140332_TTGCGTCAGTGTCTCA-1,0,ceritinib
Data9_GSM4140332_TTGCGTCAGTTTCCTT-1,0,ceritinib
Data9_GSM4140332_TTGCGTCCAACAACCT-1,0,ceritinib
Data9_GSM4140332_TTGCGTCCACATGGGA-1,0,ceritinib
Data9_GSM4140332_TTGCGTCCAGCATGAG-1,0,ceritinib
Data9_GSM4140332_TTGCGTCCATCCTAGA-1,0,ceritinib
Data9_GSM4140332_TTGCGTCGTTACGGAG-1,0,ceritinib
Data9_GSM4140332_TTGCGTCGTTGTACAC-1,0,ceritinib
Data9_GSM4140332_TTGCGTCTCAGCTCTC-1,0,ceritinib
Data9_GSM4140332_TTGCGTCTCAGTTGAC-1,0,ceritinib
Data9_GSM4140332_TTGCGTCTCATCTGCC-1,0,ceritinib
Data9_GSM4140332_TTGGAACAGAAGGTTT-1,0,ceritinib
Data9_GSM4140332_TTGGAACAGCCGATTT-1,0,ceritinib
Data9_GSM4140332_TTGGAACCACATAACC-1,0,ceritinib
Data9_GSM4140332_TTGGAACCACGGTGTC-1,0,ceritinib
Data9_GSM4140332_TTGGAACCATTAACCG-1,0,ceritinib
Data9_GSM4140332_TTGGAACGTCTTCTCG-1,0,ceritinib
Data9_GSM4140332_TTGGAACTCGGCTTGG-1,0,ceritinib
Data9_GSM4140332_TTGGAACTCTGTTTGT-1,0,ceritinib
Data9_GSM4140332_TTGGCAACAAGCCTAT-1,0,ceritinib
Data9_GSM4140332_TTGGCAACATAGACTC-1,0,ceritinib
Data9_GSM4140332_TTGGCAACATTGAGCT-1,0,ceritinib
Data9_GSM4140332_TTGGCAAGTACCGTAT-1,0,ceritinib
Data9_GSM4140332_TTGGCAAGTGAAGGCT-1,0,ceritinib
Data9_GSM4140332_TTGGCAATCAATAAGG-1,0,ceritinib
Data9_GSM4140332_TTGGCAATCCGTCATC-1,0,ceritinib
Data9_GSM4140332_TTGGCAATCGTTTGCC-1,0,ceritinib
Data9_GSM4140332_TTGGCAATCTTTCCTC-1,0,ceritinib
Data9_GSM4140332_TTGTAGGAGAGGTTAT-1,0,ceritinib
Data9_GSM4140332_TTGTAGGAGCGAAGGG-1,0,ceritinib
Data9_GSM4140332_TTGTAGGAGGCGATAC-1,0,ceritinib
Data9_GSM4140332_TTGTAGGAGGCTAGCA-1,0,ceritinib
Data9_GSM4140332_TTGTAGGCAGGACCCT-1,0,ceritinib
Data9_GSM4140332_TTGTAGGGTTTGGCGC-1,0,ceritinib
Data9_GSM4140332_TTGTAGGTCTAGCACA-1,0,ceritinib
Data9_GSM4140332_TTTACTGCACTGAAGG-1,0,ceritinib
Data9_GSM4140332_TTTACTGCATCACGAT-1,0,ceritinib
Data9_GSM4140332_TTTACTGCATGTCGAT-1,0,ceritinib
Data9_GSM4140332_TTTACTGGTACTCAAC-1,0,ceritinib
Data9_GSM4140332_TTTACTGGTATTCTCT-1,0,ceritinib
Data9_GSM4140332_TTTACTGGTCATATGC-1,0,ceritinib
Data9_GSM4140332_TTTACTGGTCGAACAG-1,0,ceritinib
Data9_GSM4140332_TTTACTGTCCAACCAA-1,0,ceritinib
Data9_GSM4140332_TTTACTGTCGGTGTTA-1,0,ceritinib
Data9_GSM4140332_TTTACTGTCTAACTTC-1,0,ceritinib
Data9_GSM4140332_TTTATGCAGCACCGCT-1,0,ceritinib
Data9_GSM4140332_TTTATGCCACATCCAA-1,0,ceritinib
Data9_GSM4140332_TTTATGCCATCCTAGA-1,0,ceritinib
Data9_GSM4140332_TTTATGCCATCTCGCT-1,0,ceritinib
Data9_GSM4140332_TTTATGCCATGTAAGA-1,0,ceritinib
Data9_GSM4140332_TTTATGCGTCTCCACT-1,0,ceritinib
Data9_GSM4140332_TTTATGCTCAAGATCC-1,0,ceritinib
Data9_GSM4140332_TTTATGCTCATGCATG-1,0,ceritinib
Data9_GSM4140332_TTTATGCTCGCCGTGA-1,0,ceritinib
Data9_GSM4140332_TTTCCTCAGCGTTTAC-1,0,ceritinib
Data9_GSM4140332_TTTCCTCAGGGTGTTG-1,0,ceritinib
Data9_GSM4140332_TTTCCTCAGTACATGA-1,0,ceritinib
Data9_GSM4140332_TTTCCTCAGTCCCACG-1,0,ceritinib
Data9_GSM4140332_TTTCCTCCACAACGCC-1,0,ceritinib
Data9_GSM4140332_TTTCCTCCAGCTCGAC-1,0,ceritinib
Data9_GSM4140332_TTTCCTCGTACGACCC-1,0,ceritinib
Data9_GSM4140332_TTTCCTCTCATGTGGT-1,0,ceritinib
Data9_GSM4140332_TTTCCTCTCTCAAGTG-1,0,ceritinib
Data9_GSM4140332_TTTGCGCAGTGTCCAT-1,0,ceritinib
Data9_GSM4140332_TTTGCGCCAAGTTAAG-1,0,ceritinib
Data9_GSM4140332_TTTGCGCCACAGCCCA-1,0,ceritinib
Data9_GSM4140332_TTTGCGCCACGCCAGT-1,0,ceritinib
Data9_GSM4140332_TTTGCGCCATCTATGG-1,0,ceritinib
Data9_GSM4140332_TTTGCGCGTGCCTGTG-1,0,ceritinib
Data9_GSM4140332_TTTGCGCTCATGGTCA-1,0,ceritinib
Data9_GSM4140332_TTTGCGCTCCTCCTAG-1,0,ceritinib
Data9_GSM4140332_TTTGCGCTCGGCATCG-1,0,ceritinib
Data9_GSM4140332_TTTGCGCTCTCAAGTG-1,0,ceritinib
Data9_GSM4140332_TTTGCGCTCTGTCTAT-1,0,ceritinib
Data9_GSM4140332_TTTGGTTGTATATCCG-1,0,ceritinib
Data9_GSM4140332_TTTGGTTTCCTTTACA-1,0,ceritinib
Data9_GSM4140332_TTTGTCAAGCCAGTTT-1,0,ceritinib
Data9_GSM4140332_TTTGTCAAGGCTAGCA-1,0,ceritinib
Data9_GSM4140332_TTTGTCACACATCTTT-1,0,ceritinib
Data9_GSM4140332_TTTGTCACAGACGCCT-1,0,ceritinib
Data9_GSM4140332_TTTGTCACATTAGGCT-1,0,ceritinib
Data9_GSM4140332_TTTGTCACATTCTCAT-1,0,ceritinib
Data9_GSM4140332_TTTGTCAGTGCCTTGG-1,0,ceritinib
Data9_GSM4140332_TTTGTCATCCAGAGGA-1,0,ceritinib
Data9_GSM4140332_TTTGTCATCGTCTGAA-1,0,ceritinib
