cell,label,drug
Data15_GSM2897333_AAACCTGCAAACTGTC-1,1,PLX-4720
Data15_GSM2897333_AAACCTGCAGCGTCCA-1,1,PLX-4720
Data15_GSM2897333_AAACCTGCATATGAGA-1,1,PLX-4720
Data15_GSM2897333_AAACCTGTCCGCAAGC-1,1,PLX-4720
Data15_GSM2897333_AAACCTGTCCTCAATT-1,1,PLX-4720
Data15_GSM2897333_AAACCTGTCGCTAGCG-1,1,PLX-4720
Data15_GSM2897333_AAACCTGTCGGAAACG-1,1,PLX-4720
Data15_GSM2897333_AAACCTGTCGTAGATC-1,1,PLX-4720
Data15_GSM2897333_AAACCTGTCTACGAGT-1,1,PLX-4720
Data15_GSM2897333_AAACCTGTCTGCGACG-1,1,PLX-4720
Data15_GSM2897333_AAACGGGAGCTATGCT-1,1,PLX-4720
Data15_GSM2897333_AAACGGGCAAAGGAAG-1,1,PLX-4720
Data15_GSM2897333_AAACGGGTCACGCGGT-1,1,PLX-4720
Data15_GSM2897333_AAACGGGTCCAAGCCG-1,1,PLX-4720
Data15_GSM2897333_AAACGGGTCGGAGGTA-1,1,PLX-4720
Data15_GSM2897333_AAAGATGAGATGCCAG-1,1,PLX-4720
Data15_GSM2897333_AAAGATGAGCTGCAAG-1,1,PLX-4720
Data15_GSM2897333_AAAGATGAGTGGGCTA-1,1,PLX-4720
Data15_GSM2897333_AAAGATGCAAGTTGTC-1,1,PLX-4720
Data15_GSM2897333_AAAGATGCACGTCAGC-1,1,PLX-4720
Data15_GSM2897333_AAAGATGCATGGTAGG-1,1,PLX-4720
Data15_GSM2897333_AAAGATGCATGGTTGT-1,1,PLX-4720
Data15_GSM2897333_AAAGATGGTATTCTCT-1,1,PLX-4720
Data15_GSM2897333_AAAGATGGTCATATCG-1,1,PLX-4720
Data15_GSM2897333_AAAGCAAAGTGCGATG-1,1,PLX-4720
Data15_GSM2897333_AAAGCAACAATCACAC-1,1,PLX-4720
Data15_GSM2897333_AAAGCAACATAGAAAC-1,1,PLX-4720
Data15_GSM2897333_AAAGCAACATCCCACT-1,1,PLX-4720
Data15_GSM2897333_AAAGCAAGTCCGAATT-1,1,PLX-4720
Data15_GSM2897333_AAAGTAGAGACCTAGG-1,1,PLX-4720
Data15_GSM2897333_AAAGTAGCAATAGCAA-1,1,PLX-4720
Data15_GSM2897333_AAAGTAGCACGAAACG-1,1,PLX-4720
Data15_GSM2897333_AAAGTAGCAGATCCAT-1,1,PLX-4720
Data15_GSM2897333_AAAGTAGCAGCTCGAC-1,1,PLX-4720
Data15_GSM2897333_AAAGTAGCATATGCTG-1,1,PLX-4720
Data15_GSM2897333_AAAGTAGCATGTTGAC-1,1,PLX-4720
Data15_GSM2897333_AAATGCCAGGACATTA-1,1,PLX-4720
Data15_GSM2897333_AAATGCCGTAAGTGTA-1,1,PLX-4720
Data15_GSM2897333_AAATGCCGTAGAGTGC-1,1,PLX-4720
Data15_GSM2897333_AAATGCCGTCTCATCC-1,1,PLX-4720
Data15_GSM2897333_AAATGCCGTGACCAAG-1,1,PLX-4720
Data15_GSM2897333_AAATGCCGTTCACCTC-1,1,PLX-4720
Data15_GSM2897333_AAATGCCTCCGAGCCA-1,1,PLX-4720
Data15_GSM2897333_AAATGCCTCTCAACTT-1,1,PLX-4720
Data15_GSM2897333_AACACGTAGCACAGGT-1,1,PLX-4720
Data15_GSM2897333_AACACGTCAGACAGGT-1,1,PLX-4720
Data15_GSM2897333_AACACGTGTAAAGTCA-1,1,PLX-4720
Data15_GSM2897333_AACACGTGTAGCTAAA-1,1,PLX-4720
Data15_GSM2897333_AACACGTGTCAAGCGA-1,1,PLX-4720
Data15_GSM2897333_AACACGTGTCCTCCAT-1,1,PLX-4720
Data15_GSM2897333_AACACGTGTTTAGCTG-1,1,PLX-4720
Data15_GSM2897333_AACACGTTCAAACCAC-1,1,PLX-4720
Data15_GSM2897333_AACACGTTCACATGCA-1,1,PLX-4720
Data15_GSM2897333_AACACGTTCCGTCATC-1,1,PLX-4720
Data15_GSM2897333_AACACGTTCGCGTTTC-1,1,PLX-4720
Data15_GSM2897333_AACCATGAGAAGAAGC-1,1,PLX-4720
Data15_GSM2897333_AACCATGAGATGTAAC-1,1,PLX-4720
Data15_GSM2897333_AACCATGAGGGCTTCC-1,1,PLX-4720
Data15_GSM2897333_AACCATGGTATAATGG-1,1,PLX-4720
Data15_GSM2897333_AACCATGGTTTAAGCC-1,1,PLX-4720
Data15_GSM2897333_AACCGCGAGAGACTAT-1,1,PLX-4720
Data15_GSM2897333_AACCGCGAGCCCGAAA-1,1,PLX-4720
Data15_GSM2897333_AACCGCGAGCCTCGTG-1,1,PLX-4720
Data15_GSM2897333_AACCGCGGTAAGCACG-1,1,PLX-4720
Data15_GSM2897333_AACCGCGGTACCAGTT-1,1,PLX-4720
Data15_GSM2897333_AACCGCGGTAGGACAC-1,1,PLX-4720
Data15_GSM2897333_AACCGCGGTGCAGACA-1,1,PLX-4720
Data15_GSM2897333_AACCGCGTCTCCAACC-1,1,PLX-4720
Data15_GSM2897333_AACGTTGCAATACGCT-1,1,PLX-4720
Data15_GSM2897333_AACGTTGCAGATGGCA-1,1,PLX-4720
Data15_GSM2897333_AACGTTGGTCCAACTA-1,1,PLX-4720
Data15_GSM2897333_AACGTTGGTCCAGTGC-1,1,PLX-4720
Data15_GSM2897333_AACGTTGGTGTGACGA-1,1,PLX-4720
Data15_GSM2897333_AACGTTGTCAGGCAAG-1,1,PLX-4720
Data15_GSM2897333_AACTCAGAGGTGCACA-1,1,PLX-4720
Data15_GSM2897333_AACTCAGCAATGAATG-1,1,PLX-4720
Data15_GSM2897333_AACTCAGCAGCGAACA-1,1,PLX-4720
Data15_GSM2897333_AACTCAGCAGTGGAGT-1,1,PLX-4720
Data15_GSM2897333_AACTCAGCATCTACGA-1,1,PLX-4720
Data15_GSM2897333_AACTCAGGTACCAGTT-1,1,PLX-4720
Data15_GSM2897333_AACTCAGGTCTAGCGC-1,1,PLX-4720
Data15_GSM2897333_AACTCAGGTGCACGAA-1,1,PLX-4720
Data15_GSM2897333_AACTCAGGTGTGACCC-1,1,PLX-4720
Data15_GSM2897333_AACTCAGTCTTCTGGC-1,1,PLX-4720
Data15_GSM2897333_AACTCCCAGATGTGGC-1,1,PLX-4720
Data15_GSM2897333_AACTCCCAGCAACGGT-1,1,PLX-4720
Data15_GSM2897333_AACTCCCAGGGATACC-1,1,PLX-4720
Data15_GSM2897333_AACTCCCAGTGACATA-1,1,PLX-4720
Data15_GSM2897333_AACTCCCCATCGACGC-1,1,PLX-4720
Data15_GSM2897333_AACTCCCGTGATGTCT-1,1,PLX-4720
Data15_GSM2897333_AACTCCCTCCTTTACA-1,1,PLX-4720
Data15_GSM2897333_AACTCCCTCCTTTCTC-1,1,PLX-4720
Data15_GSM2897333_AACTCCCTCGAGAGCA-1,1,PLX-4720
Data15_GSM2897333_AACTCCCTCGATCCCT-1,1,PLX-4720
Data15_GSM2897333_AACTCTTAGTCTCGGC-1,1,PLX-4720
Data15_GSM2897333_AACTCTTAGTGTGGCA-1,1,PLX-4720
Data15_GSM2897333_AACTCTTCAAGCCTAT-1,1,PLX-4720
Data15_GSM2897333_AACTCTTCACGAAAGC-1,1,PLX-4720
Data15_GSM2897333_AACTCTTCAGGATTGG-1,1,PLX-4720
Data15_GSM2897333_AACTCTTGTACCGTAT-1,1,PLX-4720
Data15_GSM2897333_AACTCTTGTAGCCTCG-1,1,PLX-4720
Data15_GSM2897333_AACTCTTGTGATGCCC-1,1,PLX-4720
Data15_GSM2897333_AACTCTTGTGTGAAAT-1,1,PLX-4720
Data15_GSM2897333_AACTCTTGTTTGACTG-1,1,PLX-4720
Data15_GSM2897333_AACTCTTTCACCCGAG-1,1,PLX-4720
Data15_GSM2897333_AACTCTTTCCAAGCCG-1,1,PLX-4720
Data15_GSM2897333_AACTGGTAGCAGGTCA-1,1,PLX-4720
Data15_GSM2897333_AACTGGTAGCTAGGCA-1,1,PLX-4720
Data15_GSM2897333_AACTTTCAGGATGCGT-1,1,PLX-4720
Data15_GSM2897333_AACTTTCAGGCCCTTG-1,1,PLX-4720
Data15_GSM2897333_AACTTTCAGTGAAGTT-1,1,PLX-4720
Data15_GSM2897333_AACTTTCAGTGTACGG-1,1,PLX-4720
Data15_GSM2897333_AACTTTCGTCCTAGCG-1,1,PLX-4720
Data15_GSM2897333_AACTTTCTCAGCAACT-1,1,PLX-4720
Data15_GSM2897333_AACTTTCTCATCGCTC-1,1,PLX-4720
Data15_GSM2897333_AACTTTCTCGCATGAT-1,1,PLX-4720
Data15_GSM2897333_AACTTTCTCTCCGGTT-1,1,PLX-4720
Data15_GSM2897333_AAGACCTAGCCTCGTG-1,1,PLX-4720
Data15_GSM2897333_AAGACCTAGGCTCAGA-1,1,PLX-4720
Data15_GSM2897333_AAGACCTCAGCTTCGG-1,1,PLX-4720
Data15_GSM2897333_AAGACCTCATGTAAGA-1,1,PLX-4720
Data15_GSM2897333_AAGACCTTCGAGCCCA-1,1,PLX-4720
Data15_GSM2897333_AAGACCTTCGCGTAGC-1,1,PLX-4720
Data15_GSM2897333_AAGCCGCAGAAGGTGA-1,1,PLX-4720
Data15_GSM2897333_AAGCCGCAGCCCAATT-1,1,PLX-4720
Data15_GSM2897333_AAGCCGCAGCGTTCCG-1,1,PLX-4720
Data15_GSM2897333_AAGCCGCAGGCCCTTG-1,1,PLX-4720
Data15_GSM2897333_AAGCCGCGTCACCCAG-1,1,PLX-4720
Data15_GSM2897333_AAGCCGCGTCTCCACT-1,1,PLX-4720
Data15_GSM2897333_AAGCCGCGTCTTCTCG-1,1,PLX-4720
Data15_GSM2897333_AAGCCGCGTCTTGTCC-1,1,PLX-4720
Data15_GSM2897333_AAGCCGCGTTCCCTTG-1,1,PLX-4720
Data15_GSM2897333_AAGCCGCTCTAACGGT-1,1,PLX-4720
Data15_GSM2897333_AAGGAGCAGCTTATCG-1,1,PLX-4720
Data15_GSM2897333_AAGGAGCAGTGTACCT-1,1,PLX-4720
Data15_GSM2897333_AAGGAGCAGTTAGGTA-1,1,PLX-4720
Data15_GSM2897333_AAGGAGCGTGCGCTTG-1,1,PLX-4720
Data15_GSM2897333_AAGGAGCGTTACCAGT-1,1,PLX-4720
Data15_GSM2897333_AAGGAGCTCAGATAAG-1,1,PLX-4720
Data15_GSM2897333_AAGGAGCTCATGTCTT-1,1,PLX-4720
Data15_GSM2897333_AAGGAGCTCCGAACGC-1,1,PLX-4720
Data15_GSM2897333_AAGGCAGAGACGACGT-1,1,PLX-4720
Data15_GSM2897333_AAGGCAGAGTGCCATT-1,1,PLX-4720
Data15_GSM2897333_AAGGCAGCACAAGACG-1,1,PLX-4720
Data15_GSM2897333_AAGGCAGCACAGATTC-1,1,PLX-4720
Data15_GSM2897333_AAGGCAGCATATACGC-1,1,PLX-4720
Data15_GSM2897333_AAGGCAGCATCAGTCA-1,1,PLX-4720
Data15_GSM2897333_AAGGCAGCATGCGCAC-1,1,PLX-4720
Data15_GSM2897333_AAGGCAGGTCGATTGT-1,1,PLX-4720
Data15_GSM2897333_AAGGCAGGTTTACTCT-1,1,PLX-4720
Data15_GSM2897333_AAGGCAGTCATCGGAT-1,1,PLX-4720
Data15_GSM2897333_AAGGCAGTCATGCATG-1,1,PLX-4720
Data15_GSM2897333_AAGGCAGTCCCGACTT-1,1,PLX-4720
Data15_GSM2897333_AAGGTTCAGAAACGAG-1,1,PLX-4720
Data15_GSM2897333_AAGGTTCAGACTCGGA-1,1,PLX-4720
Data15_GSM2897333_AAGGTTCAGTCCATAC-1,1,PLX-4720
Data15_GSM2897333_AAGGTTCAGTCTCCTC-1,1,PLX-4720
Data15_GSM2897333_AAGGTTCCACATTTCT-1,1,PLX-4720
Data15_GSM2897333_AAGGTTCCATCCTTGC-1,1,PLX-4720
Data15_GSM2897333_AAGGTTCCATGCAACT-1,1,PLX-4720
Data15_GSM2897333_AAGGTTCGTCTAGGTT-1,1,PLX-4720
Data15_GSM2897333_AAGGTTCGTGTCGCTG-1,1,PLX-4720
Data15_GSM2897333_AAGGTTCTCCACGCAG-1,1,PLX-4720
Data15_GSM2897333_AAGGTTCTCCTATGTT-1,1,PLX-4720
Data15_GSM2897333_AAGGTTCTCTTGGGTA-1,1,PLX-4720
Data15_GSM2897333_AAGTCTGAGACACGAC-1,1,PLX-4720
Data15_GSM2897333_AAGTCTGAGTGACTCT-1,1,PLX-4720
Data15_GSM2897333_AAGTCTGCAGCGAACA-1,1,PLX-4720
Data15_GSM2897333_AAGTCTGCATGCATGT-1,1,PLX-4720
Data15_GSM2897333_AAGTCTGGTACCAGTT-1,1,PLX-4720
Data15_GSM2897333_AAGTCTGGTCTCCATC-1,1,PLX-4720
Data15_GSM2897333_AAGTCTGTCGGCATCG-1,1,PLX-4720
Data15_GSM2897333_AAGTCTGTCGGTTAAC-1,1,PLX-4720
Data15_GSM2897333_AATCCAGAGATATACG-1,1,PLX-4720
Data15_GSM2897333_AATCCAGAGTGGTAGC-1,1,PLX-4720
Data15_GSM2897333_AATCCAGAGTGTCCCG-1,1,PLX-4720
Data15_GSM2897333_AATCCAGAGTGTTAGA-1,1,PLX-4720
Data15_GSM2897333_AATCCAGGTCTTCAAG-1,1,PLX-4720
Data15_GSM2897333_AATCCAGGTTCGCTAA-1,1,PLX-4720
Data15_GSM2897333_AATCGGTAGCGTTCCG-1,1,PLX-4720
Data15_GSM2897333_AATCGGTAGGGATACC-1,1,PLX-4720
Data15_GSM2897333_AATCGGTCACGGTGTC-1,1,PLX-4720
Data15_GSM2897333_AATCGGTCACTGAAGG-1,1,PLX-4720
Data15_GSM2897333_AATCGGTCATGTCTCC-1,1,PLX-4720
Data15_GSM2897333_AATCGGTCATGTTCCC-1,1,PLX-4720
Data15_GSM2897333_AATCGGTGTCGCATAT-1,1,PLX-4720
Data15_GSM2897333_AATCGGTTCTATCCTA-1,1,PLX-4720
Data15_GSM2897333_ACACCAAAGACAGGCT-1,1,PLX-4720
Data15_GSM2897333_ACACCAAAGCCACGCT-1,1,PLX-4720
Data15_GSM2897333_ACACCAACAGCCTATA-1,1,PLX-4720
Data15_GSM2897333_ACACCAACAGGTCTCG-1,1,PLX-4720
Data15_GSM2897333_ACACCAAGTCTCCACT-1,1,PLX-4720
Data15_GSM2897333_ACACCAATCTTCGAGA-1,1,PLX-4720
Data15_GSM2897333_ACACCCTAGTCGTACT-1,1,PLX-4720
Data15_GSM2897333_ACACCCTCAATCTACG-1,1,PLX-4720
Data15_GSM2897333_ACACCCTCATGGATGG-1,1,PLX-4720
Data15_GSM2897333_ACACCCTCATGGTAGG-1,1,PLX-4720
Data15_GSM2897333_ACACCCTGTTCCCTTG-1,1,PLX-4720
Data15_GSM2897333_ACACCGGAGAATTGTG-1,1,PLX-4720
Data15_GSM2897333_ACACCGGAGGAGTACC-1,1,PLX-4720
Data15_GSM2897333_ACACCGGAGTGTGAAT-1,1,PLX-4720
Data15_GSM2897333_ACACCGGCACGCCAGT-1,1,PLX-4720
Data15_GSM2897333_ACACCGGCAGCTTAAC-1,1,PLX-4720
Data15_GSM2897333_ACACCGGCATATACCG-1,1,PLX-4720
Data15_GSM2897333_ACACCGGTCACCATAG-1,1,PLX-4720
Data15_GSM2897333_ACACCGGTCGCCTGTT-1,1,PLX-4720
Data15_GSM2897333_ACACTGAAGTGATCGG-1,1,PLX-4720
Data15_GSM2897333_ACACTGAGTAAACGCG-1,1,PLX-4720
Data15_GSM2897333_ACACTGAGTAAATACG-1,1,PLX-4720
Data15_GSM2897333_ACACTGAGTAAATGTG-1,1,PLX-4720
Data15_GSM2897333_ACACTGATCAGAGCTT-1,1,PLX-4720
Data15_GSM2897333_ACACTGATCCATGCTC-1,1,PLX-4720
Data15_GSM2897333_ACACTGATCCTCCTAG-1,1,PLX-4720
Data15_GSM2897333_ACACTGATCGGTCCGA-1,1,PLX-4720
Data15_GSM2897333_ACACTGATCGTCTGCT-1,1,PLX-4720
Data15_GSM2897333_ACACTGATCTGATACG-1,1,PLX-4720
Data15_GSM2897333_ACAGCCGAGATGGCGT-1,1,PLX-4720
Data15_GSM2897333_ACAGCCGCACCAGGTC-1,1,PLX-4720
Data15_GSM2897333_ACAGCCGCATTTCAGG-1,1,PLX-4720
Data15_GSM2897333_ACAGCCGGTTACTGAC-1,1,PLX-4720
Data15_GSM2897333_ACAGCTAAGTTCGCAT-1,1,PLX-4720
Data15_GSM2897333_ACAGCTAGTGATGCCC-1,1,PLX-4720
Data15_GSM2897333_ACAGCTATCAAACGGG-1,1,PLX-4720
Data15_GSM2897333_ACAGCTATCTATCCCG-1,1,PLX-4720
Data15_GSM2897333_ACAGCTATCTCTTATG-1,1,PLX-4720
Data15_GSM2897333_ACATACGAGAGATGAG-1,1,PLX-4720
Data15_GSM2897333_ACATACGGTAGGGTAC-1,1,PLX-4720
Data15_GSM2897333_ACATACGGTCGTCTTC-1,1,PLX-4720
Data15_GSM2897333_ACATACGGTCTGCCAG-1,1,PLX-4720
Data15_GSM2897333_ACATACGTCATCGCTC-1,1,PLX-4720
Data15_GSM2897333_ACATCAGAGGAATTAC-1,1,PLX-4720
Data15_GSM2897333_ACATCAGCACTAAGTC-1,1,PLX-4720
Data15_GSM2897333_ACATCAGCATCGACGC-1,1,PLX-4720
Data15_GSM2897333_ACATCAGGTCAAGCGA-1,1,PLX-4720
Data15_GSM2897333_ACATCAGGTTAAGAAC-1,1,PLX-4720
Data15_GSM2897333_ACATCAGGTTTACTCT-1,1,PLX-4720
Data15_GSM2897333_ACATCAGTCCCAACGG-1,1,PLX-4720
Data15_GSM2897333_ACATCAGTCTGTCTAT-1,1,PLX-4720
Data15_GSM2897333_ACATCAGTCTGTTGAG-1,1,PLX-4720
Data15_GSM2897333_ACATGGTAGCTAGTGG-1,1,PLX-4720
Data15_GSM2897333_ACATGGTAGGAGTCTG-1,1,PLX-4720
Data15_GSM2897333_ACATGGTCAACTGCGC-1,1,PLX-4720
Data15_GSM2897333_ACATGGTCACTACAGT-1,1,PLX-4720
Data15_GSM2897333_ACATGGTCAGCCACCA-1,1,PLX-4720
Data15_GSM2897333_ACATGGTCATACTACG-1,1,PLX-4720
Data15_GSM2897333_ACATGGTTCAGTGTTG-1,1,PLX-4720
Data15_GSM2897333_ACATGGTTCTGGCGAC-1,1,PLX-4720
Data15_GSM2897333_ACATGGTTCTGTCTAT-1,1,PLX-4720
Data15_GSM2897333_ACCAGTAAGCCCAATT-1,1,PLX-4720
Data15_GSM2897333_ACCAGTAAGTTGCAGG-1,1,PLX-4720
Data15_GSM2897333_ACCAGTACAGCCACCA-1,1,PLX-4720
Data15_GSM2897333_ACCAGTACATGGGAAC-1,1,PLX-4720
Data15_GSM2897333_ACCAGTAGTAGCGATG-1,1,PLX-4720
Data15_GSM2897333_ACCAGTAGTCTAAAGA-1,1,PLX-4720
Data15_GSM2897333_ACCAGTAGTGTGGTTT-1,1,PLX-4720
Data15_GSM2897333_ACCAGTATCCAAGCCG-1,1,PLX-4720
Data15_GSM2897333_ACCAGTATCCTATTCA-1,1,PLX-4720
Data15_GSM2897333_ACCAGTATCGTCTGCT-1,1,PLX-4720
Data15_GSM2897333_ACCAGTATCTACCTGC-1,1,PLX-4720
Data15_GSM2897333_ACCAGTATCTTGACGA-1,1,PLX-4720
Data15_GSM2897333_ACCCACTAGCAACGGT-1,1,PLX-4720
Data15_GSM2897333_ACCCACTAGCTATGCT-1,1,PLX-4720
Data15_GSM2897333_ACCCACTAGGGTTTCT-1,1,PLX-4720
Data15_GSM2897333_ACCCACTCAAGAAAGG-1,1,PLX-4720
Data15_GSM2897333_ACCCACTGTCAAGCGA-1,1,PLX-4720
Data15_GSM2897333_ACCCACTGTCTTCAAG-1,1,PLX-4720
Data15_GSM2897333_ACCCACTGTCTTGATG-1,1,PLX-4720
Data15_GSM2897333_ACCCACTTCAACACTG-1,1,PLX-4720
Data15_GSM2897333_ACCCACTTCTTCAACT-1,1,PLX-4720
Data15_GSM2897333_ACCGTAACACGGACAA-1,1,PLX-4720
Data15_GSM2897333_ACCGTAAGTGCCTGTG-1,1,PLX-4720
Data15_GSM2897333_ACCGTAAGTGCGGTAA-1,1,PLX-4720
Data15_GSM2897333_ACCGTAATCCGGCACA-1,1,PLX-4720
Data15_GSM2897333_ACCGTAATCGGAGCAA-1,1,PLX-4720
Data15_GSM2897333_ACCGTAATCGTAGATC-1,1,PLX-4720
Data15_GSM2897333_ACCGTAATCTCGATGA-1,1,PLX-4720
Data15_GSM2897333_ACCTTTAAGGAATTAC-1,1,PLX-4720
Data15_GSM2897333_ACCTTTACAGTGGAGT-1,1,PLX-4720
Data15_GSM2897333_ACCTTTACATGTTGAC-1,1,PLX-4720
Data15_GSM2897333_ACCTTTAGTCACTTCC-1,1,PLX-4720
Data15_GSM2897333_ACCTTTAGTCATTAGC-1,1,PLX-4720
Data15_GSM2897333_ACCTTTAGTCTAGTCA-1,1,PLX-4720
Data15_GSM2897333_ACCTTTAGTGCACCAC-1,1,PLX-4720
Data15_GSM2897333_ACCTTTATCCAGTATG-1,1,PLX-4720
Data15_GSM2897333_ACGAGCCCACGTGAGA-1,1,PLX-4720
Data15_GSM2897333_ACGAGCCGTCAATGTC-1,1,PLX-4720
Data15_GSM2897333_ACGAGCCGTTAAAGTG-1,1,PLX-4720
Data15_GSM2897333_ACGAGCCGTTCCGTCT-1,1,PLX-4720
Data15_GSM2897333_ACGAGCCTCGTTTAGG-1,1,PLX-4720
Data15_GSM2897333_ACGAGGAAGAATCTCC-1,1,PLX-4720
Data15_GSM2897333_ACGAGGACAGTCACTA-1,1,PLX-4720
Data15_GSM2897333_ACGAGGACATGCCCGA-1,1,PLX-4720
Data15_GSM2897333_ACGAGGAGTCATTAGC-1,1,PLX-4720
Data15_GSM2897333_ACGAGGAGTCTAGGTT-1,1,PLX-4720
Data15_GSM2897333_ACGAGGAGTCTTCTCG-1,1,PLX-4720
Data15_GSM2897333_ACGAGGATCCACGCAG-1,1,PLX-4720
Data15_GSM2897333_ACGAGGATCTCATTCA-1,1,PLX-4720
Data15_GSM2897333_ACGAGGATCTGGTTCC-1,1,PLX-4720
Data15_GSM2897333_ACGATACGTCAGCTAT-1,1,PLX-4720
Data15_GSM2897333_ACGATACGTTCCTCCA-1,1,PLX-4720
Data15_GSM2897333_ACGATACTCAGTTTGG-1,1,PLX-4720
Data15_GSM2897333_ACGATACTCATACGGT-1,1,PLX-4720
Data15_GSM2897333_ACGATACTCCGGCACA-1,1,PLX-4720
Data15_GSM2897333_ACGATACTCGGTGTCG-1,1,PLX-4720
Data15_GSM2897333_ACGATGTAGGAGTTTA-1,1,PLX-4720
Data15_GSM2897333_ACGATGTAGTACTTGC-1,1,PLX-4720
Data15_GSM2897333_ACGATGTGTATGAATG-1,1,PLX-4720
Data15_GSM2897333_ACGATGTTCAAACAAG-1,1,PLX-4720
Data15_GSM2897333_ACGATGTTCATGTGGT-1,1,PLX-4720
Data15_GSM2897333_ACGATGTTCGCGATCG-1,1,PLX-4720
Data15_GSM2897333_ACGATGTTCTTACCGC-1,1,PLX-4720
Data15_GSM2897333_ACGCAGCAGCTAGTGG-1,1,PLX-4720
Data15_GSM2897333_ACGCAGCAGGCACATG-1,1,PLX-4720
Data15_GSM2897333_ACGCAGCAGGCATGGT-1,1,PLX-4720
Data15_GSM2897333_ACGCAGCAGGCGTACA-1,1,PLX-4720
Data15_GSM2897333_ACGCAGCCAACACCCG-1,1,PLX-4720
Data15_GSM2897333_ACGCAGCCACTCGACG-1,1,PLX-4720
Data15_GSM2897333_ACGCAGCCAGACGTAG-1,1,PLX-4720
Data15_GSM2897333_ACGCAGCCATGCATGT-1,1,PLX-4720
Data15_GSM2897333_ACGCAGCTCGTTGACA-1,1,PLX-4720
Data15_GSM2897333_ACGCAGCTCTTGTTTG-1,1,PLX-4720
Data15_GSM2897333_ACGCCAGAGAAGGTGA-1,1,PLX-4720
Data15_GSM2897333_ACGCCAGAGTCGAGTG-1,1,PLX-4720
Data15_GSM2897333_ACGCCAGAGTTACCCA-1,1,PLX-4720
Data15_GSM2897333_ACGCCAGCATCGGGTC-1,1,PLX-4720
Data15_GSM2897333_ACGCCAGGTAACGCGA-1,1,PLX-4720
Data15_GSM2897333_ACGCCAGGTCCTCTTG-1,1,PLX-4720
Data15_GSM2897333_ACGCCAGGTTCTGTTT-1,1,PLX-4720
Data15_GSM2897333_ACGCCAGTCCACGCAG-1,1,PLX-4720
Data15_GSM2897333_ACGCCGAAGACTAGAT-1,1,PLX-4720
Data15_GSM2897333_ACGCCGAAGTGAAGAG-1,1,PLX-4720
Data15_GSM2897333_ACGCCGACACACGCTG-1,1,PLX-4720
Data15_GSM2897333_ACGCCGAGTATTAGCC-1,1,PLX-4720
Data15_GSM2897333_ACGCCGATCCAAACTG-1,1,PLX-4720
Data15_GSM2897333_ACGCCGATCTAGAGTC-1,1,PLX-4720
Data15_GSM2897333_ACGCCGATCTGGCGAC-1,1,PLX-4720
Data15_GSM2897333_ACGGAGAAGAGTCTGG-1,1,PLX-4720
Data15_GSM2897333_ACGGAGAAGTCATCCA-1,1,PLX-4720
Data15_GSM2897333_ACGGAGACACCAGTTA-1,1,PLX-4720
Data15_GSM2897333_ACGGAGAGTAAGTTCC-1,1,PLX-4720
Data15_GSM2897333_ACGGAGAGTAGCTAAA-1,1,PLX-4720
Data15_GSM2897333_ACGGAGAGTCACAAGG-1,1,PLX-4720
Data15_GSM2897333_ACGGAGATCCTAGAAC-1,1,PLX-4720
Data15_GSM2897333_ACGGAGATCTAACTCT-1,1,PLX-4720
Data15_GSM2897333_ACGGCCAAGCACCGTC-1,1,PLX-4720
Data15_GSM2897333_ACGGCCAAGGTACTCT-1,1,PLX-4720
Data15_GSM2897333_ACGGCCACAGCAGTTT-1,1,PLX-4720
Data15_GSM2897333_ACGGCCATCGCCCTTA-1,1,PLX-4720
Data15_GSM2897333_ACGGCCATCTCAAGTG-1,1,PLX-4720
Data15_GSM2897333_ACGGGCTAGGCATGTG-1,1,PLX-4720
Data15_GSM2897333_ACGGGCTCAGCTGCTG-1,1,PLX-4720
Data15_GSM2897333_ACGGGCTCATCACAAC-1,1,PLX-4720
Data15_GSM2897333_ACGGGCTGTCCAGTAT-1,1,PLX-4720
Data15_GSM2897333_ACGGGCTGTTGCGCAC-1,1,PLX-4720
Data15_GSM2897333_ACGGGCTTCACAACGT-1,1,PLX-4720
Data15_GSM2897333_ACGGGCTTCCTTGACC-1,1,PLX-4720
Data15_GSM2897333_ACGGGCTTCGAATGGG-1,1,PLX-4720
Data15_GSM2897333_ACGGGTCAGTATTGGA-1,1,PLX-4720
Data15_GSM2897333_ACGGGTCCAAGTTCTG-1,1,PLX-4720
Data15_GSM2897333_ACGGGTCCAGCCAGAA-1,1,PLX-4720
Data15_GSM2897333_ACGGGTCGTCAGAATA-1,1,PLX-4720
Data15_GSM2897333_ACGGGTCTCTACTCAT-1,1,PLX-4720
Data15_GSM2897333_ACGTCAAAGCGTTTAC-1,1,PLX-4720
Data15_GSM2897333_ACGTCAACAGTAGAGC-1,1,PLX-4720
Data15_GSM2897333_ACGTCAAGTGCCTTGG-1,1,PLX-4720
Data15_GSM2897333_ACGTCAATCCGAATGT-1,1,PLX-4720
Data15_GSM2897333_ACGTCAATCGCAAACT-1,1,PLX-4720
Data15_GSM2897333_ACTATCTAGTGGGCTA-1,1,PLX-4720
Data15_GSM2897333_ACTATCTCAAATCCGT-1,1,PLX-4720
Data15_GSM2897333_ACTATCTCAAGTAGTA-1,1,PLX-4720
Data15_GSM2897333_ACTATCTCATGCCTTC-1,1,PLX-4720
Data15_GSM2897333_ACTATCTGTTCCACTC-1,1,PLX-4720
Data15_GSM2897333_ACTATCTTCTACTCAT-1,1,PLX-4720
Data15_GSM2897333_ACTGAACAGGTGACCA-1,1,PLX-4720
Data15_GSM2897333_ACTGAACAGTACTTGC-1,1,PLX-4720
Data15_GSM2897333_ACTGAACCACAGCCCA-1,1,PLX-4720
Data15_GSM2897333_ACTGAACGTAAGGGCT-1,1,PLX-4720
Data15_GSM2897333_ACTGAACGTATTCGTG-1,1,PLX-4720
Data15_GSM2897333_ACTGAACGTGTTTGTG-1,1,PLX-4720
Data15_GSM2897333_ACTGAACGTTCCTCCA-1,1,PLX-4720
Data15_GSM2897333_ACTGAACTCTAACCGA-1,1,PLX-4720
Data15_GSM2897333_ACTGAGTAGAAACCAT-1,1,PLX-4720
Data15_GSM2897333_ACTGAGTCAGGTCGTC-1,1,PLX-4720
Data15_GSM2897333_ACTGAGTGTGATGCCC-1,1,PLX-4720
Data15_GSM2897333_ACTGAGTGTGCTCTTC-1,1,PLX-4720
Data15_GSM2897333_ACTGAGTGTTCGTCTC-1,1,PLX-4720
Data15_GSM2897333_ACTGATGAGATCCGAG-1,1,PLX-4720
Data15_GSM2897333_ACTGATGAGTGTTGAA-1,1,PLX-4720
Data15_GSM2897333_ACTGATGCAATCTGCA-1,1,PLX-4720
Data15_GSM2897333_ACTGATGCACAGACTT-1,1,PLX-4720
Data15_GSM2897333_ACTGATGCACGCCAGT-1,1,PLX-4720
Data15_GSM2897333_ACTGATGCAGGGTATG-1,1,PLX-4720
Data15_GSM2897333_ACTGATGTCCTCTAGC-1,1,PLX-4720
Data15_GSM2897333_ACTGATGTCTAGAGTC-1,1,PLX-4720
Data15_GSM2897333_ACTGATGTCTTGTTTG-1,1,PLX-4720
Data15_GSM2897333_ACTGCTCAGCGGATCA-1,1,PLX-4720
Data15_GSM2897333_ACTGCTCCAGATAATG-1,1,PLX-4720
Data15_GSM2897333_ACTGCTCCAGCTCGAC-1,1,PLX-4720
Data15_GSM2897333_ACTGCTCCATTTCAGG-1,1,PLX-4720
Data15_GSM2897333_ACTGCTCGTAGAGCTG-1,1,PLX-4720
Data15_GSM2897333_ACTGCTCTCCAAATGC-1,1,PLX-4720
Data15_GSM2897333_ACTGCTCTCTAACTCT-1,1,PLX-4720
Data15_GSM2897333_ACTGTCCAGGAGCGAG-1,1,PLX-4720
Data15_GSM2897333_ACTGTCCAGTATTGGA-1,1,PLX-4720
Data15_GSM2897333_ACTGTCCCACATTTCT-1,1,PLX-4720
Data15_GSM2897333_ACTGTCCCATGTCCTC-1,1,PLX-4720
Data15_GSM2897333_ACTGTCCTCTCGGACG-1,1,PLX-4720
Data15_GSM2897333_ACTGTCCTCTTCCTTC-1,1,PLX-4720
Data15_GSM2897333_ACTTACTCAAGGTTTC-1,1,PLX-4720
Data15_GSM2897333_ACTTACTGTTGCGTTA-1,1,PLX-4720
Data15_GSM2897333_ACTTACTTCCTGTACC-1,1,PLX-4720
Data15_GSM2897333_ACTTGTTAGACAATAC-1,1,PLX-4720
Data15_GSM2897333_ACTTGTTAGACAGACC-1,1,PLX-4720
Data15_GSM2897333_ACTTGTTAGGTGATTA-1,1,PLX-4720
Data15_GSM2897333_ACTTGTTCACACATGT-1,1,PLX-4720
Data15_GSM2897333_ACTTGTTCACTGAAGG-1,1,PLX-4720
Data15_GSM2897333_ACTTGTTCAGGTCTCG-1,1,PLX-4720
Data15_GSM2897333_ACTTGTTGTCAGAGGT-1,1,PLX-4720
Data15_GSM2897333_ACTTTCAAGTCCTCCT-1,1,PLX-4720
Data15_GSM2897333_ACTTTCAAGTTCGCGC-1,1,PLX-4720
Data15_GSM2897333_ACTTTCACACGACGAA-1,1,PLX-4720
Data15_GSM2897333_ACTTTCACATCCAACA-1,1,PLX-4720
Data15_GSM2897333_ACTTTCAGTCGCGGTT-1,1,PLX-4720
Data15_GSM2897333_ACTTTCATCAATACCG-1,1,PLX-4720
Data15_GSM2897333_ACTTTCATCCGAATGT-1,1,PLX-4720
Data15_GSM2897333_ACTTTCATCGACCAGC-1,1,PLX-4720
Data15_GSM2897333_ACTTTCATCTAACGGT-1,1,PLX-4720
Data15_GSM2897333_AGAATAGAGTAGGCCA-1,1,PLX-4720
Data15_GSM2897333_AGAATAGAGTCGTTTG-1,1,PLX-4720
Data15_GSM2897333_AGAATAGAGTGGCACA-1,1,PLX-4720
Data15_GSM2897333_AGAATAGAGTTCGATC-1,1,PLX-4720
Data15_GSM2897333_AGAATAGAGTTGAGAT-1,1,PLX-4720
Data15_GSM2897333_AGAATAGCAGTCACTA-1,1,PLX-4720
Data15_GSM2897333_AGAATAGGTAGAGTGC-1,1,PLX-4720
Data15_GSM2897333_AGACGTTAGACGCACA-1,1,PLX-4720
Data15_GSM2897333_AGACGTTCACCAGATT-1,1,PLX-4720
Data15_GSM2897333_AGACGTTCAGGGCATA-1,1,PLX-4720
Data15_GSM2897333_AGACGTTGTGGGTCAA-1,1,PLX-4720
Data15_GSM2897333_AGAGCGAAGTGCTGCC-1,1,PLX-4720
Data15_GSM2897333_AGAGCGACACGTCAGC-1,1,PLX-4720
Data15_GSM2897333_AGAGCGAGTCTGCCAG-1,1,PLX-4720
Data15_GSM2897333_AGAGCGAGTCTTCAAG-1,1,PLX-4720
Data15_GSM2897333_AGAGCGAGTGTGAAAT-1,1,PLX-4720
Data15_GSM2897333_AGAGCGAGTTGATTGC-1,1,PLX-4720
Data15_GSM2897333_AGAGCGATCATCTGCC-1,1,PLX-4720
Data15_GSM2897333_AGAGCGATCCAACCAA-1,1,PLX-4720
Data15_GSM2897333_AGAGCTTAGGTCGGAT-1,1,PLX-4720
Data15_GSM2897333_AGAGCTTCAAGCTGAG-1,1,PLX-4720
Data15_GSM2897333_AGAGCTTGTAACGTTC-1,1,PLX-4720
Data15_GSM2897333_AGAGCTTGTCCAGTAT-1,1,PLX-4720
Data15_GSM2897333_AGAGCTTGTCCCGACA-1,1,PLX-4720
Data15_GSM2897333_AGAGCTTGTCTAAAGA-1,1,PLX-4720
Data15_GSM2897333_AGAGTGGAGAATCTCC-1,1,PLX-4720
Data15_GSM2897333_AGAGTGGAGAGAACAG-1,1,PLX-4720
Data15_GSM2897333_AGAGTGGAGCGTAGTG-1,1,PLX-4720
Data15_GSM2897333_AGAGTGGAGTTGAGTA-1,1,PLX-4720
Data15_GSM2897333_AGAGTGGCAAGAAGAG-1,1,PLX-4720
Data15_GSM2897333_AGAGTGGCACTGTCGG-1,1,PLX-4720
Data15_GSM2897333_AGAGTGGCAGATGGGT-1,1,PLX-4720
Data15_GSM2897333_AGAGTGGGTCGCGAAA-1,1,PLX-4720
Data15_GSM2897333_AGAGTGGTCTGTCTAT-1,1,PLX-4720
Data15_GSM2897333_AGATCTGAGTCTCAAC-1,1,PLX-4720
Data15_GSM2897333_AGATCTGCAAGTTAAG-1,1,PLX-4720
Data15_GSM2897333_AGATCTGCAGCCTATA-1,1,PLX-4720
Data15_GSM2897333_AGATCTGGTAAACGCG-1,1,PLX-4720
Data15_GSM2897333_AGATTGCAGGCGATAC-1,1,PLX-4720
Data15_GSM2897333_AGATTGCAGGTGCTAG-1,1,PLX-4720
Data15_GSM2897333_AGATTGCCAAGCGATG-1,1,PLX-4720
Data15_GSM2897333_AGATTGCCAGCCAATT-1,1,PLX-4720
Data15_GSM2897333_AGATTGCCATAACCTG-1,1,PLX-4720
Data15_GSM2897333_AGATTGCGTACAGTTC-1,1,PLX-4720
Data15_GSM2897333_AGATTGCGTAGGCTGA-1,1,PLX-4720
Data15_GSM2897333_AGATTGCGTATTACCG-1,1,PLX-4720
Data15_GSM2897333_AGATTGCTCTAACTTC-1,1,PLX-4720
Data15_GSM2897333_AGCAGCCTCACAACGT-1,1,PLX-4720
Data15_GSM2897333_AGCAGCCTCAGAGGTG-1,1,PLX-4720
Data15_GSM2897333_AGCAGCCTCGCCTGAG-1,1,PLX-4720
Data15_GSM2897333_AGCATACAGCTCCTCT-1,1,PLX-4720
Data15_GSM2897333_AGCATACAGGAGTACC-1,1,PLX-4720
Data15_GSM2897333_AGCATACAGGATGGTC-1,1,PLX-4720
Data15_GSM2897333_AGCATACAGGGTCGAT-1,1,PLX-4720
Data15_GSM2897333_AGCATACTCACAGGCC-1,1,PLX-4720
Data15_GSM2897333_AGCATACTCTGATACG-1,1,PLX-4720
Data15_GSM2897333_AGCCTAAAGACGCTTT-1,1,PLX-4720
Data15_GSM2897333_AGCCTAAAGGAGTACC-1,1,PLX-4720
Data15_GSM2897333_AGCCTAAAGGGATCTG-1,1,PLX-4720
Data15_GSM2897333_AGCCTAACAAACGCGA-1,1,PLX-4720
Data15_GSM2897333_AGCCTAACATAGAAAC-1,1,PLX-4720
Data15_GSM2897333_AGCCTAACATATGGTC-1,1,PLX-4720
Data15_GSM2897333_AGCCTAACATTTGCTT-1,1,PLX-4720
Data15_GSM2897333_AGCCTAAGTGAAGGCT-1,1,PLX-4720
Data15_GSM2897333_AGCCTAAGTTTGCATG-1,1,PLX-4720
Data15_GSM2897333_AGCCTAATCAACACCA-1,1,PLX-4720
Data15_GSM2897333_AGCGGTCAGTAGATGT-1,1,PLX-4720
Data15_GSM2897333_AGCGGTCCACCATGTA-1,1,PLX-4720
Data15_GSM2897333_AGCGGTCCAGTCAGCC-1,1,PLX-4720
Data15_GSM2897333_AGCGGTCCATGCAACT-1,1,PLX-4720
Data15_GSM2897333_AGCGGTCGTATGGTTC-1,1,PLX-4720
Data15_GSM2897333_AGCGGTCGTTAGTGGG-1,1,PLX-4720
Data15_GSM2897333_AGCGGTCTCGGCGGTT-1,1,PLX-4720
Data15_GSM2897333_AGCGGTCTCTGAAAGA-1,1,PLX-4720
Data15_GSM2897333_AGCGTATCAAATCCGT-1,1,PLX-4720
Data15_GSM2897333_AGCGTATCAATGACCT-1,1,PLX-4720
Data15_GSM2897333_AGCGTATCATAACCTG-1,1,PLX-4720
Data15_GSM2897333_AGCGTATGTCCTGCTT-1,1,PLX-4720
Data15_GSM2897333_AGCGTCGGTGCACGAA-1,1,PLX-4720
Data15_GSM2897333_AGCGTCGTCTCTTGAT-1,1,PLX-4720
Data15_GSM2897333_AGCTCCTAGACTGTAA-1,1,PLX-4720
Data15_GSM2897333_AGCTCCTAGCACACAG-1,1,PLX-4720
Data15_GSM2897333_AGCTCCTAGCACGCCT-1,1,PLX-4720
Data15_GSM2897333_AGCTCCTAGCATGGCA-1,1,PLX-4720
Data15_GSM2897333_AGCTCCTCAGTATGCT-1,1,PLX-4720
Data15_GSM2897333_AGCTCCTCATGAAGTA-1,1,PLX-4720
Data15_GSM2897333_AGCTCCTCATTAGCCA-1,1,PLX-4720
Data15_GSM2897333_AGCTCCTGTTACGGAG-1,1,PLX-4720
Data15_GSM2897333_AGCTCCTTCGCCATAA-1,1,PLX-4720
Data15_GSM2897333_AGCTCTCAGGTGATAT-1,1,PLX-4720
Data15_GSM2897333_AGCTCTCAGTCTTGCA-1,1,PLX-4720
Data15_GSM2897333_AGCTCTCGTATTACCG-1,1,PLX-4720
Data15_GSM2897333_AGCTCTCGTGAGGCTA-1,1,PLX-4720
Data15_GSM2897333_AGCTCTCTCAAGCCTA-1,1,PLX-4720
Data15_GSM2897333_AGCTCTCTCGACAGCC-1,1,PLX-4720
Data15_GSM2897333_AGCTTGACACACCGCA-1,1,PLX-4720
Data15_GSM2897333_AGCTTGACATTTCACT-1,1,PLX-4720
Data15_GSM2897333_AGCTTGATCCGTTGCT-1,1,PLX-4720
Data15_GSM2897333_AGCTTGATCGCATGAT-1,1,PLX-4720
Data15_GSM2897333_AGCTTGATCTCCAGGG-1,1,PLX-4720
Data15_GSM2897333_AGGCCACAGATAGGAG-1,1,PLX-4720
Data15_GSM2897333_AGGCCACAGGCCCTCA-1,1,PLX-4720
Data15_GSM2897333_AGGCCACAGTACGTAA-1,1,PLX-4720
Data15_GSM2897333_AGGCCACCACATAACC-1,1,PLX-4720
Data15_GSM2897333_AGGCCACCATGCCCGA-1,1,PLX-4720
Data15_GSM2897333_AGGCCACGTTCACGGC-1,1,PLX-4720
Data15_GSM2897333_AGGCCACTCCTGCCAT-1,1,PLX-4720
Data15_GSM2897333_AGGCCACTCTGGAGCC-1,1,PLX-4720
Data15_GSM2897333_AGGCCGTAGCGAAGGG-1,1,PLX-4720
Data15_GSM2897333_AGGCCGTAGGCCGAAT-1,1,PLX-4720
Data15_GSM2897333_AGGCCGTAGGGTGTGT-1,1,PLX-4720
Data15_GSM2897333_AGGCCGTCAGATAATG-1,1,PLX-4720
Data15_GSM2897333_AGGCCGTGTACGAAAT-1,1,PLX-4720
Data15_GSM2897333_AGGCCGTGTGGCCCTA-1,1,PLX-4720
Data15_GSM2897333_AGGCCGTGTTCAACCA-1,1,PLX-4720
Data15_GSM2897333_AGGCCGTTCACTGGGC-1,1,PLX-4720
Data15_GSM2897333_AGGGAGTAGGAGCGAG-1,1,PLX-4720
Data15_GSM2897333_AGGGAGTCACCGAAAG-1,1,PLX-4720
Data15_GSM2897333_AGGGAGTCACTTAACG-1,1,PLX-4720
Data15_GSM2897333_AGGGAGTGTCTCACCT-1,1,PLX-4720
Data15_GSM2897333_AGGGAGTTCAAGAAGT-1,1,PLX-4720
Data15_GSM2897333_AGGGATGAGGTGTTAA-1,1,PLX-4720
Data15_GSM2897333_AGGGATGCAGATGGCA-1,1,PLX-4720
Data15_GSM2897333_AGGGATGGTCGAGTTT-1,1,PLX-4720
Data15_GSM2897333_AGGGATGGTTAAAGTG-1,1,PLX-4720
Data15_GSM2897333_AGGGATGTCCTGCCAT-1,1,PLX-4720
Data15_GSM2897333_AGGGTGAAGCCAGAAC-1,1,PLX-4720
Data15_GSM2897333_AGGGTGACACATGGGA-1,1,PLX-4720
Data15_GSM2897333_AGGGTGAGTCGTCTTC-1,1,PLX-4720
Data15_GSM2897333_AGGGTGAGTTAAAGTG-1,1,PLX-4720
Data15_GSM2897333_AGGGTGATCCAAACAC-1,1,PLX-4720
Data15_GSM2897333_AGGGTGATCTGGGCCA-1,1,PLX-4720
Data15_GSM2897333_AGGTCATAGCAGGCTA-1,1,PLX-4720
Data15_GSM2897333_AGGTCATCACGTCTCT-1,1,PLX-4720
Data15_GSM2897333_AGGTCATGTGAGGCTA-1,1,PLX-4720
Data15_GSM2897333_AGGTCATTCCCTCAGT-1,1,PLX-4720
Data15_GSM2897333_AGGTCATTCGTTGCCT-1,1,PLX-4720
Data15_GSM2897333_AGGTCATTCTCGATGA-1,1,PLX-4720
Data15_GSM2897333_AGGTCATTCTTGCCGT-1,1,PLX-4720
Data15_GSM2897333_AGGTCCGCAGAAGCAC-1,1,PLX-4720
Data15_GSM2897333_AGGTCCGCAGGTCTCG-1,1,PLX-4720
Data15_GSM2897333_AGGTCCGCATGAACCT-1,1,PLX-4720
Data15_GSM2897333_AGGTCCGTCGCGATCG-1,1,PLX-4720
Data15_GSM2897333_AGGTCCGTCGTTTATC-1,1,PLX-4720
Data15_GSM2897333_AGTAGTCAGAGACGAA-1,1,PLX-4720
Data15_GSM2897333_AGTAGTCCACGAGAGT-1,1,PLX-4720
Data15_GSM2897333_AGTAGTCCAGGATTGG-1,1,PLX-4720
Data15_GSM2897333_AGTAGTCGTCAGCTAT-1,1,PLX-4720
Data15_GSM2897333_AGTCTTTAGTACGATA-1,1,PLX-4720
Data15_GSM2897333_AGTCTTTAGTGTCCAT-1,1,PLX-4720
Data15_GSM2897333_AGTCTTTGTAAATACG-1,1,PLX-4720
Data15_GSM2897333_AGTCTTTGTACCGGCT-1,1,PLX-4720
Data15_GSM2897333_AGTCTTTGTCTAGGTT-1,1,PLX-4720
Data15_GSM2897333_AGTCTTTTCACATGCA-1,1,PLX-4720
Data15_GSM2897333_AGTCTTTTCATGCATG-1,1,PLX-4720
Data15_GSM2897333_AGTCTTTTCGCTAGCG-1,1,PLX-4720
Data15_GSM2897333_AGTCTTTTCTTGAGAC-1,1,PLX-4720
Data15_GSM2897333_AGTGAGGAGTCAAGCG-1,1,PLX-4720
Data15_GSM2897333_AGTGAGGAGTGGGTTG-1,1,PLX-4720
Data15_GSM2897333_AGTGAGGCAAAGAATC-1,1,PLX-4720
Data15_GSM2897333_AGTGAGGCAGGTTTCA-1,1,PLX-4720
Data15_GSM2897333_AGTGAGGCATTACCTT-1,1,PLX-4720
Data15_GSM2897333_AGTGAGGCATTCCTCG-1,1,PLX-4720
Data15_GSM2897333_AGTGAGGTCACCCGAG-1,1,PLX-4720
Data15_GSM2897333_AGTGGGAAGGGCTTCC-1,1,PLX-4720
Data15_GSM2897333_AGTGGGAAGTGGGATC-1,1,PLX-4720
Data15_GSM2897333_AGTGGGACATCTCCCA-1,1,PLX-4720
Data15_GSM2897333_AGTGGGAGTGATAAAC-1,1,PLX-4720
Data15_GSM2897333_AGTGGGATCGACGGAA-1,1,PLX-4720
Data15_GSM2897333_AGTGGGATCGTTGACA-1,1,PLX-4720
Data15_GSM2897333_AGTGGGATCTAGCACA-1,1,PLX-4720
Data15_GSM2897333_AGTGGGATCTGGCGAC-1,1,PLX-4720
Data15_GSM2897333_AGTGTCACATTCTCAT-1,1,PLX-4720
Data15_GSM2897333_AGTGTCAGTAACGTTC-1,1,PLX-4720
Data15_GSM2897333_AGTGTCAGTGCAACTT-1,1,PLX-4720
Data15_GSM2897333_AGTGTCAGTTAAGAAC-1,1,PLX-4720
Data15_GSM2897333_AGTGTCAGTTCAGACT-1,1,PLX-4720
Data15_GSM2897333_AGTGTCATCAAACAAG-1,1,PLX-4720
Data15_GSM2897333_AGTGTCATCCAAACTG-1,1,PLX-4720
Data15_GSM2897333_AGTTGGTAGATGCCAG-1,1,PLX-4720
Data15_GSM2897333_AGTTGGTAGCCTTGAT-1,1,PLX-4720
Data15_GSM2897333_AGTTGGTAGTTAGGTA-1,1,PLX-4720
Data15_GSM2897333_AGTTGGTCACTGTTAG-1,1,PLX-4720
Data15_GSM2897333_AGTTGGTCAGCTTCGG-1,1,PLX-4720
Data15_GSM2897333_AGTTGGTCATCGTCGG-1,1,PLX-4720
Data15_GSM2897333_AGTTGGTGTAAACCTC-1,1,PLX-4720
Data15_GSM2897333_AGTTGGTGTAATAGCA-1,1,PLX-4720
Data15_GSM2897333_AGTTGGTGTCGAGTTT-1,1,PLX-4720
Data15_GSM2897333_AGTTGGTTCACAATGC-1,1,PLX-4720
Data15_GSM2897333_AGTTGGTTCGTGGACC-1,1,PLX-4720
Data15_GSM2897333_AGTTGGTTCTCCCTGA-1,1,PLX-4720
Data15_GSM2897333_ATAACGCAGCCAGAAC-1,1,PLX-4720
Data15_GSM2897333_ATAACGCAGGCTAGAC-1,1,PLX-4720
Data15_GSM2897333_ATAACGCGTCACAAGG-1,1,PLX-4720
Data15_GSM2897333_ATAACGCGTGTGGCTC-1,1,PLX-4720
Data15_GSM2897333_ATAAGAGAGATGTGGC-1,1,PLX-4720
Data15_GSM2897333_ATAAGAGAGGATCGCA-1,1,PLX-4720
Data15_GSM2897333_ATAAGAGCAATGAAAC-1,1,PLX-4720
Data15_GSM2897333_ATAAGAGCACATCCGG-1,1,PLX-4720
Data15_GSM2897333_ATAAGAGTCACGATGT-1,1,PLX-4720
Data15_GSM2897333_ATAGACCAGCATGGCA-1,1,PLX-4720
Data15_GSM2897333_ATAGACCAGTCCGTAT-1,1,PLX-4720
Data15_GSM2897333_ATAGACCCAATGGTCT-1,1,PLX-4720
Data15_GSM2897333_ATAGACCCAGACGTAG-1,1,PLX-4720
Data15_GSM2897333_ATAGACCGTAGCTAAA-1,1,PLX-4720
Data15_GSM2897333_ATAGACCGTTAAAGAC-1,1,PLX-4720
Data15_GSM2897333_ATAGACCTCAAGCCTA-1,1,PLX-4720
Data15_GSM2897333_ATAGACCTCCAATGGT-1,1,PLX-4720
Data15_GSM2897333_ATCACGAAGAGACGAA-1,1,PLX-4720
Data15_GSM2897333_ATCACGAAGTGTTTGC-1,1,PLX-4720
Data15_GSM2897333_ATCACGACAAAGGTGC-1,1,PLX-4720
Data15_GSM2897333_ATCACGACACGGCTAC-1,1,PLX-4720
Data15_GSM2897333_ATCACGAGTGAAATCA-1,1,PLX-4720
Data15_GSM2897333_ATCACGAGTGATGATA-1,1,PLX-4720
Data15_GSM2897333_ATCACGAGTTTGTGTG-1,1,PLX-4720
Data15_GSM2897333_ATCATCTAGTTCGCGC-1,1,PLX-4720
Data15_GSM2897333_ATCATCTCAATGGACG-1,1,PLX-4720
Data15_GSM2897333_ATCATCTCAATGGATA-1,1,PLX-4720
Data15_GSM2897333_ATCATCTCAGCCAATT-1,1,PLX-4720
Data15_GSM2897333_ATCATCTCAGCCACCA-1,1,PLX-4720
Data15_GSM2897333_ATCATCTGTAATCGTC-1,1,PLX-4720
Data15_GSM2897333_ATCATGGAGTCACGCC-1,1,PLX-4720
Data15_GSM2897333_ATCATGGCAGCTGCTG-1,1,PLX-4720
Data15_GSM2897333_ATCATGGGTACCAGTT-1,1,PLX-4720
Data15_GSM2897333_ATCATGGGTCCAACTA-1,1,PLX-4720
Data15_GSM2897333_ATCATGGGTCGCGTGT-1,1,PLX-4720
Data15_GSM2897333_ATCATGGGTTCCCGAG-1,1,PLX-4720
Data15_GSM2897333_ATCCACCCATGGTCTA-1,1,PLX-4720
Data15_GSM2897333_ATCCACCCATTGTGCA-1,1,PLX-4720
Data15_GSM2897333_ATCCACCGTCTTCAAG-1,1,PLX-4720
Data15_GSM2897333_ATCCGAAAGAGGGCTT-1,1,PLX-4720
Data15_GSM2897333_ATCCGAACACCCTATC-1,1,PLX-4720
Data15_GSM2897333_ATCCGAAGTACGAAAT-1,1,PLX-4720
Data15_GSM2897333_ATCCGAAGTCTTCGTC-1,1,PLX-4720
Data15_GSM2897333_ATCCGAATCCCAAGAT-1,1,PLX-4720
Data15_GSM2897333_ATCCGAATCGTTTAGG-1,1,PLX-4720
Data15_GSM2897333_ATCGAGTAGAAACCAT-1,1,PLX-4720
Data15_GSM2897333_ATCGAGTCAAGTAGTA-1,1,PLX-4720
Data15_GSM2897333_ATCGAGTCACATTAGC-1,1,PLX-4720
Data15_GSM2897333_ATCGAGTCACCGAAAG-1,1,PLX-4720
Data15_GSM2897333_ATCGAGTGTAGGACAC-1,1,PLX-4720
Data15_GSM2897333_ATCGAGTGTCTAACGT-1,1,PLX-4720
Data15_GSM2897333_ATCGAGTGTTCTGTTT-1,1,PLX-4720
Data15_GSM2897333_ATCGAGTGTTGCGCAC-1,1,PLX-4720
Data15_GSM2897333_ATCGAGTGTTGGAGGT-1,1,PLX-4720
Data15_GSM2897333_ATCGAGTTCAGAAATG-1,1,PLX-4720
Data15_GSM2897333_ATCGAGTTCTCACATT-1,1,PLX-4720
Data15_GSM2897333_ATCGAGTTCTTGTTTG-1,1,PLX-4720
Data15_GSM2897333_ATCTACTCAAAGGCGT-1,1,PLX-4720
Data15_GSM2897333_ATCTACTCACGCGAAA-1,1,PLX-4720
Data15_GSM2897333_ATCTACTGTGCCTTGG-1,1,PLX-4720
Data15_GSM2897333_ATCTACTGTTTAAGCC-1,1,PLX-4720
Data15_GSM2897333_ATCTGCCCAAGAAAGG-1,1,PLX-4720
Data15_GSM2897333_ATCTGCCCAAGAGGCT-1,1,PLX-4720
Data15_GSM2897333_ATCTGCCCACCGAAAG-1,1,PLX-4720
Data15_GSM2897333_ATCTGCCCAGTAGAGC-1,1,PLX-4720
Data15_GSM2897333_ATCTGCCTCAAAGTAG-1,1,PLX-4720
Data15_GSM2897333_ATCTGCCTCATTCACT-1,1,PLX-4720
Data15_GSM2897333_ATGAGGGAGATCACGG-1,1,PLX-4720
Data15_GSM2897333_ATGAGGGAGATGTAAC-1,1,PLX-4720
Data15_GSM2897333_ATGAGGGAGCCACTAT-1,1,PLX-4720
Data15_GSM2897333_ATGCGATAGCACGCCT-1,1,PLX-4720
Data15_GSM2897333_ATGCGATGTGACGGTA-1,1,PLX-4720
Data15_GSM2897333_ATGGGAGAGGAATTAC-1,1,PLX-4720
Data15_GSM2897333_ATGGGAGCAAACCCAT-1,1,PLX-4720
Data15_GSM2897333_ATGGGAGCACATGGGA-1,1,PLX-4720
Data15_GSM2897333_ATGGGAGCATGTAGTC-1,1,PLX-4720
Data15_GSM2897333_ATGGGAGGTATTAGCC-1,1,PLX-4720
Data15_GSM2897333_ATGGGAGGTGACGCCT-1,1,PLX-4720
Data15_GSM2897333_ATGTGTGAGAGATGAG-1,1,PLX-4720
Data15_GSM2897333_ATGTGTGAGCTGATAA-1,1,PLX-4720
Data15_GSM2897333_ATGTGTGGTCATTAGC-1,1,PLX-4720
Data15_GSM2897333_ATGTGTGTCAGGTTCA-1,1,PLX-4720
Data15_GSM2897333_ATGTGTGTCAGTGTTG-1,1,PLX-4720
Data15_GSM2897333_ATGTGTGTCTGATACG-1,1,PLX-4720
Data15_GSM2897333_ATTACTCAGAGCTTCT-1,1,PLX-4720
Data15_GSM2897333_ATTACTCAGATGGCGT-1,1,PLX-4720
Data15_GSM2897333_ATTACTCAGGTGCTAG-1,1,PLX-4720
Data15_GSM2897333_ATTACTCCAACACCTA-1,1,PLX-4720
Data15_GSM2897333_ATTACTCCAGTAACGG-1,1,PLX-4720
Data15_GSM2897333_ATTACTCGTAAATGAC-1,1,PLX-4720
Data15_GSM2897333_ATTACTCGTCCGTGAC-1,1,PLX-4720
Data15_GSM2897333_ATTACTCGTTGTCTTT-1,1,PLX-4720
Data15_GSM2897333_ATTACTCTCAGTTAGC-1,1,PLX-4720
Data15_GSM2897333_ATTACTCTCCTAAGTG-1,1,PLX-4720
Data15_GSM2897333_ATTATCCAGGGATACC-1,1,PLX-4720
Data15_GSM2897333_ATTATCCGTACAGCAG-1,1,PLX-4720
Data15_GSM2897333_ATTATCCGTGGAAAGA-1,1,PLX-4720
Data15_GSM2897333_ATTATCCTCCTCAATT-1,1,PLX-4720
Data15_GSM2897333_ATTCTACCAATTGCTG-1,1,PLX-4720
Data15_GSM2897333_ATTCTACCACGTGAGA-1,1,PLX-4720
Data15_GSM2897333_ATTCTACCACTTACGA-1,1,PLX-4720
Data15_GSM2897333_ATTCTACGTTACGACT-1,1,PLX-4720
Data15_GSM2897333_ATTCTACGTTGTGGCC-1,1,PLX-4720
Data15_GSM2897333_ATTGGACAGACAGACC-1,1,PLX-4720
Data15_GSM2897333_ATTGGACAGGCTAGAC-1,1,PLX-4720
Data15_GSM2897333_ATTGGACCAGTGGGAT-1,1,PLX-4720
Data15_GSM2897333_ATTGGACTCGGCCGAT-1,1,PLX-4720
Data15_GSM2897333_ATTGGTGAGGCTCTTA-1,1,PLX-4720
Data15_GSM2897333_ATTGGTGAGTCACGCC-1,1,PLX-4720
Data15_GSM2897333_ATTGGTGCAGTTCCCT-1,1,PLX-4720
Data15_GSM2897333_ATTGGTGGTAAATGAC-1,1,PLX-4720
Data15_GSM2897333_ATTGGTGGTTAAGAAC-1,1,PLX-4720
Data15_GSM2897333_ATTGGTGTCCTGCTTG-1,1,PLX-4720
Data15_GSM2897333_ATTTCTGGTCGTCTTC-1,1,PLX-4720
Data15_GSM2897333_ATTTCTGGTGTCGCTG-1,1,PLX-4720
Data15_GSM2897333_ATTTCTGGTTAGAACA-1,1,PLX-4720
Data15_GSM2897333_ATTTCTGTCTTAGAGC-1,1,PLX-4720
Data15_GSM2897333_CAACCAAAGACGCACA-1,1,PLX-4720
Data15_GSM2897333_CAACCAAAGACGCTTT-1,1,PLX-4720
Data15_GSM2897333_CAACCAAAGATACACA-1,1,PLX-4720
Data15_GSM2897333_CAACCAAAGCTAGTGG-1,1,PLX-4720
Data15_GSM2897333_CAACCAAAGTACATGA-1,1,PLX-4720
Data15_GSM2897333_CAACCAACACACCGAC-1,1,PLX-4720
Data15_GSM2897333_CAACCAACACCAGGCT-1,1,PLX-4720
Data15_GSM2897333_CAACCAACACTAGTAC-1,1,PLX-4720
Data15_GSM2897333_CAACCAACATGCTAGT-1,1,PLX-4720
Data15_GSM2897333_CAACCAAGTGAGTATA-1,1,PLX-4720
Data15_GSM2897333_CAACCAATCTCTTGAT-1,1,PLX-4720
Data15_GSM2897333_CAACCTCAGCAGCCTC-1,1,PLX-4720
Data15_GSM2897333_CAACCTCAGTGCCATT-1,1,PLX-4720
Data15_GSM2897333_CAACCTCTCCCTGACT-1,1,PLX-4720
Data15_GSM2897333_CAACCTCTCCTTTACA-1,1,PLX-4720
Data15_GSM2897333_CAACCTCTCGCCGTGA-1,1,PLX-4720
Data15_GSM2897333_CAACCTCTCGTCACGG-1,1,PLX-4720
Data15_GSM2897333_CAACCTCTCTGACCTC-1,1,PLX-4720
Data15_GSM2897333_CAACTAGAGTCAAGCG-1,1,PLX-4720
Data15_GSM2897333_CAACTAGCAATGGAGC-1,1,PLX-4720
Data15_GSM2897333_CAACTAGGTATGAATG-1,1,PLX-4720
Data15_GSM2897333_CAACTAGTCCTAGGGC-1,1,PLX-4720
Data15_GSM2897333_CAACTAGTCTAACTTC-1,1,PLX-4720
Data15_GSM2897333_CAAGAAAAGAGTCGGT-1,1,PLX-4720
Data15_GSM2897333_CAAGAAAAGGCCATAG-1,1,PLX-4720
Data15_GSM2897333_CAAGAAAAGTTGTCGT-1,1,PLX-4720
Data15_GSM2897333_CAAGAAACAAGCGTAG-1,1,PLX-4720
Data15_GSM2897333_CAAGAAACAGGTCCAC-1,1,PLX-4720
Data15_GSM2897333_CAAGAAAGTATCACCA-1,1,PLX-4720
Data15_GSM2897333_CAAGAAAGTATTACCG-1,1,PLX-4720
Data15_GSM2897333_CAAGAAAGTGTTGAGG-1,1,PLX-4720
Data15_GSM2897333_CAAGAAATCCTAAGTG-1,1,PLX-4720
Data15_GSM2897333_CAAGAAATCGTGTAGT-1,1,PLX-4720
Data15_GSM2897333_CAAGATCAGGCAATTA-1,1,PLX-4720
Data15_GSM2897333_CAAGATCAGGTGCTTT-1,1,PLX-4720
Data15_GSM2897333_CAAGATCCAAACCTAC-1,1,PLX-4720
Data15_GSM2897333_CAAGATCCAAGCTGGA-1,1,PLX-4720
Data15_GSM2897333_CAAGATCCACTTAAGC-1,1,PLX-4720
Data15_GSM2897333_CAAGATCCAGGTGCCT-1,1,PLX-4720
Data15_GSM2897333_CAAGATCGTCTCTCGT-1,1,PLX-4720
Data15_GSM2897333_CAAGATCGTGATAAAC-1,1,PLX-4720
Data15_GSM2897333_CAAGATCTCCTACAGA-1,1,PLX-4720
Data15_GSM2897333_CAAGGCCCAACAACCT-1,1,PLX-4720
Data15_GSM2897333_CAAGGCCCAATGGACG-1,1,PLX-4720
Data15_GSM2897333_CAAGGCCCACGGCGTT-1,1,PLX-4720
Data15_GSM2897333_CAAGGCCGTGGGTCAA-1,1,PLX-4720
Data15_GSM2897333_CAAGGCCGTTACCGAT-1,1,PLX-4720
Data15_GSM2897333_CAAGGCCTCCTTAATC-1,1,PLX-4720
Data15_GSM2897333_CAAGGCCTCGATCCCT-1,1,PLX-4720
Data15_GSM2897333_CAAGGCCTCGGCTACG-1,1,PLX-4720
Data15_GSM2897333_CAAGGCCTCTGTCCGT-1,1,PLX-4720
Data15_GSM2897333_CAAGTTGAGCACCGCT-1,1,PLX-4720
Data15_GSM2897333_CAAGTTGAGCTAGCCC-1,1,PLX-4720
Data15_GSM2897333_CAAGTTGCAGATCTGT-1,1,PLX-4720
Data15_GSM2897333_CACAAACAGAGTGACC-1,1,PLX-4720
Data15_GSM2897333_CACAAACAGATAGGAG-1,1,PLX-4720
Data15_GSM2897333_CACAAACAGGGCATGT-1,1,PLX-4720
Data15_GSM2897333_CACAAACAGTGTTGAA-1,1,PLX-4720
Data15_GSM2897333_CACAAACCACGGATAG-1,1,PLX-4720
Data15_GSM2897333_CACAAACCAGGACCCT-1,1,PLX-4720
Data15_GSM2897333_CACAAACCATGCCTTC-1,1,PLX-4720
Data15_GSM2897333_CACAAACGTTCGGCAC-1,1,PLX-4720
Data15_GSM2897333_CACAAACTCAATAAGG-1,1,PLX-4720
Data15_GSM2897333_CACACAAAGCGTTTAC-1,1,PLX-4720
Data15_GSM2897333_CACACAACAATGAATG-1,1,PLX-4720
Data15_GSM2897333_CACACAACAGACACTT-1,1,PLX-4720
Data15_GSM2897333_CACACAACAGCCAATT-1,1,PLX-4720
Data15_GSM2897333_CACACAACAGGAATGC-1,1,PLX-4720
Data15_GSM2897333_CACACAAGTAAAGGAG-1,1,PLX-4720
Data15_GSM2897333_CACACAAGTAAGGGAA-1,1,PLX-4720
Data15_GSM2897333_CACACAAGTAGGAGTC-1,1,PLX-4720
Data15_GSM2897333_CACACAAGTATCGCAT-1,1,PLX-4720
Data15_GSM2897333_CACACAAGTCGGATCC-1,1,PLX-4720
Data15_GSM2897333_CACACAATCTTAGAGC-1,1,PLX-4720
Data15_GSM2897333_CACACCTAGCCTATGT-1,1,PLX-4720
Data15_GSM2897333_CACACCTCAAGGGTCA-1,1,PLX-4720
Data15_GSM2897333_CACACCTGTCCATGAT-1,1,PLX-4720
Data15_GSM2897333_CACACCTTCCGAGCCA-1,1,PLX-4720
Data15_GSM2897333_CACACTCAGAACTGTA-1,1,PLX-4720
Data15_GSM2897333_CACACTCCATGTCGAT-1,1,PLX-4720
Data15_GSM2897333_CACACTCGTTTAAGCC-1,1,PLX-4720
Data15_GSM2897333_CACACTCTCATTCACT-1,1,PLX-4720
Data15_GSM2897333_CACACTCTCCATGCTC-1,1,PLX-4720
Data15_GSM2897333_CACACTCTCCGTTGCT-1,1,PLX-4720
Data15_GSM2897333_CACACTCTCCTACAGA-1,1,PLX-4720
Data15_GSM2897333_CACACTCTCTTGTCAT-1,1,PLX-4720
Data15_GSM2897333_CACAGGCAGAATGTGT-1,1,PLX-4720
Data15_GSM2897333_CACAGGCAGATACACA-1,1,PLX-4720
Data15_GSM2897333_CACAGGCAGGGTCTCC-1,1,PLX-4720
Data15_GSM2897333_CACAGGCAGGTGCTAG-1,1,PLX-4720
Data15_GSM2897333_CACAGGCGTCACTGGC-1,1,PLX-4720
Data15_GSM2897333_CACAGGCGTTAGGGTG-1,1,PLX-4720
Data15_GSM2897333_CACAGGCGTTGGAGGT-1,1,PLX-4720
Data15_GSM2897333_CACAGGCTCAGCATGT-1,1,PLX-4720
Data15_GSM2897333_CACAGGCTCAGGCAAG-1,1,PLX-4720
Data15_GSM2897333_CACAGTAAGCGTAGTG-1,1,PLX-4720
Data15_GSM2897333_CACAGTACAAGCGAGT-1,1,PLX-4720
Data15_GSM2897333_CACAGTAGTACCATCA-1,1,PLX-4720
Data15_GSM2897333_CACAGTATCCCTCAGT-1,1,PLX-4720
Data15_GSM2897333_CACATAGAGCGTAATA-1,1,PLX-4720
Data15_GSM2897333_CACATAGCACGAGGTA-1,1,PLX-4720
Data15_GSM2897333_CACATAGCATAAGACA-1,1,PLX-4720
Data15_GSM2897333_CACATTTAGCATGGCA-1,1,PLX-4720
Data15_GSM2897333_CACATTTAGCGATTCT-1,1,PLX-4720
Data15_GSM2897333_CACATTTAGTACTTGC-1,1,PLX-4720
Data15_GSM2897333_CACATTTAGTGAATTG-1,1,PLX-4720
Data15_GSM2897333_CACATTTCAAGACGTG-1,1,PLX-4720
Data15_GSM2897333_CACATTTCAGGGAGAG-1,1,PLX-4720
Data15_GSM2897333_CACATTTGTAGCTCCG-1,1,PLX-4720
Data15_GSM2897333_CACATTTGTTCAGGCC-1,1,PLX-4720
Data15_GSM2897333_CACATTTGTTTAAGCC-1,1,PLX-4720
Data15_GSM2897333_CACATTTTCAGGATCT-1,1,PLX-4720
Data15_GSM2897333_CACATTTTCTGGCGAC-1,1,PLX-4720
Data15_GSM2897333_CACCACTAGAGACTTA-1,1,PLX-4720
Data15_GSM2897333_CACCACTAGTGATCGG-1,1,PLX-4720
Data15_GSM2897333_CACCACTCACATGACT-1,1,PLX-4720
Data15_GSM2897333_CACCACTCATACTACG-1,1,PLX-4720
Data15_GSM2897333_CACCACTCATGTCCTC-1,1,PLX-4720
Data15_GSM2897333_CACCACTGTGAGGCTA-1,1,PLX-4720
Data15_GSM2897333_CACCACTGTGTTGGGA-1,1,PLX-4720
Data15_GSM2897333_CACCACTTCCCATTAT-1,1,PLX-4720
Data15_GSM2897333_CACCAGGAGCCACTAT-1,1,PLX-4720
Data15_GSM2897333_CACCAGGAGCCAGAAC-1,1,PLX-4720
Data15_GSM2897333_CACCAGGAGTGGTAAT-1,1,PLX-4720
Data15_GSM2897333_CACCAGGGTACGACCC-1,1,PLX-4720
Data15_GSM2897333_CACCAGGGTAGCCTCG-1,1,PLX-4720
Data15_GSM2897333_CACCAGGTCCTGCCAT-1,1,PLX-4720
Data15_GSM2897333_CACCAGGTCGCAGGCT-1,1,PLX-4720
Data15_GSM2897333_CACCTTGAGGGTGTGT-1,1,PLX-4720
Data15_GSM2897333_CACCTTGCACCGATAT-1,1,PLX-4720
Data15_GSM2897333_CACCTTGCACCTTGTC-1,1,PLX-4720
Data15_GSM2897333_CACCTTGCATTCTCAT-1,1,PLX-4720
Data15_GSM2897333_CACCTTGTCATCGCTC-1,1,PLX-4720
Data15_GSM2897333_CACTCCAAGTAGCCGA-1,1,PLX-4720
Data15_GSM2897333_CACTCCACACAGATTC-1,1,PLX-4720
Data15_GSM2897333_CACTCCACACGACGAA-1,1,PLX-4720
Data15_GSM2897333_CACTCCAGTTGCGTTA-1,1,PLX-4720
Data15_GSM2897333_CAGAATCAGCAGATCG-1,1,PLX-4720
Data15_GSM2897333_CAGAATCAGGCCATAG-1,1,PLX-4720
Data15_GSM2897333_CAGAATCCATATGGTC-1,1,PLX-4720
Data15_GSM2897333_CAGAATCCATGACATC-1,1,PLX-4720
Data15_GSM2897333_CAGAATCGTAAGGGCT-1,1,PLX-4720
Data15_GSM2897333_CAGAATCGTCAAACTC-1,1,PLX-4720
Data15_GSM2897333_CAGAGAGAGTGTCTCA-1,1,PLX-4720
Data15_GSM2897333_CAGAGAGCAATGAATG-1,1,PLX-4720
Data15_GSM2897333_CAGAGAGCACCACGTG-1,1,PLX-4720
Data15_GSM2897333_CAGAGAGCAGCCTTTC-1,1,PLX-4720
Data15_GSM2897333_CAGAGAGGTCGTGGCT-1,1,PLX-4720
Data15_GSM2897333_CAGAGAGTCCAGTAGT-1,1,PLX-4720
Data15_GSM2897333_CAGAGAGTCCCTAACC-1,1,PLX-4720
Data15_GSM2897333_CAGAGAGTCTACCTGC-1,1,PLX-4720
Data15_GSM2897333_CAGATCAAGCAGATCG-1,1,PLX-4720
Data15_GSM2897333_CAGATCACATTGGTAC-1,1,PLX-4720
Data15_GSM2897333_CAGATCATCAACGGCC-1,1,PLX-4720
Data15_GSM2897333_CAGATCATCCTGTACC-1,1,PLX-4720
Data15_GSM2897333_CAGATCATCGCATGAT-1,1,PLX-4720
Data15_GSM2897333_CAGATCATCGCCTGTT-1,1,PLX-4720
Data15_GSM2897333_CAGATCATCTGAGGGA-1,1,PLX-4720
Data15_GSM2897333_CAGCAGCAGGGTGTTG-1,1,PLX-4720
Data15_GSM2897333_CAGCAGCCAAACAACA-1,1,PLX-4720
Data15_GSM2897333_CAGCAGCCAACGCACC-1,1,PLX-4720
Data15_GSM2897333_CAGCAGCCATACCATG-1,1,PLX-4720
Data15_GSM2897333_CAGCAGCGTAGCTCCG-1,1,PLX-4720
Data15_GSM2897333_CAGCAGCTCACCAGGC-1,1,PLX-4720
Data15_GSM2897333_CAGCAGCTCACTATTC-1,1,PLX-4720
Data15_GSM2897333_CAGCATAAGGGCACTA-1,1,PLX-4720
Data15_GSM2897333_CAGCATAAGGTGACCA-1,1,PLX-4720
Data15_GSM2897333_CAGCATACAATGGTCT-1,1,PLX-4720
Data15_GSM2897333_CAGCATACACAGACTT-1,1,PLX-4720
Data15_GSM2897333_CAGCATACACCAGGCT-1,1,PLX-4720
Data15_GSM2897333_CAGCATACATAGAAAC-1,1,PLX-4720
Data15_GSM2897333_CAGCATAGTCTAGGTT-1,1,PLX-4720
Data15_GSM2897333_CAGCATAGTCTTTCAT-1,1,PLX-4720
Data15_GSM2897333_CAGCATAGTGTGCGTC-1,1,PLX-4720
Data15_GSM2897333_CAGCATAGTTATGCGT-1,1,PLX-4720
Data15_GSM2897333_CAGCATATCAGTTCGA-1,1,PLX-4720
Data15_GSM2897333_CAGCATATCCGAATGT-1,1,PLX-4720
Data15_GSM2897333_CAGCATATCTAACCGA-1,1,PLX-4720
Data15_GSM2897333_CAGCATATCTGGTATG-1,1,PLX-4720
Data15_GSM2897333_CAGCATATCTTGTCAT-1,1,PLX-4720
Data15_GSM2897333_CAGCCGAAGTGAAGTT-1,1,PLX-4720
Data15_GSM2897333_CAGCCGAGTCTCCACT-1,1,PLX-4720
Data15_GSM2897333_CAGCCGATCATGTCCC-1,1,PLX-4720
Data15_GSM2897333_CAGCGACAGAGAACAG-1,1,PLX-4720
Data15_GSM2897333_CAGCGACAGCAATATG-1,1,PLX-4720
Data15_GSM2897333_CAGCGACCAAACTGCT-1,1,PLX-4720
Data15_GSM2897333_CAGCGACCACACATGT-1,1,PLX-4720
Data15_GSM2897333_CAGCGACCAGTATCTG-1,1,PLX-4720
Data15_GSM2897333_CAGCGACCAGTGAGTG-1,1,PLX-4720
Data15_GSM2897333_CAGCGACCATTCCTGC-1,1,PLX-4720
Data15_GSM2897333_CAGCGACGTACCTACA-1,1,PLX-4720
Data15_GSM2897333_CAGCGACGTACGAAAT-1,1,PLX-4720
Data15_GSM2897333_CAGCGACGTTGTCGCG-1,1,PLX-4720
Data15_GSM2897333_CAGCTAAAGCCAGTAG-1,1,PLX-4720
Data15_GSM2897333_CAGCTAAGTAAGTGGC-1,1,PLX-4720
Data15_GSM2897333_CAGCTAAGTACTCGCG-1,1,PLX-4720
Data15_GSM2897333_CAGCTAAGTGATGTCT-1,1,PLX-4720
Data15_GSM2897333_CAGCTAAGTTTAGCTG-1,1,PLX-4720
Data15_GSM2897333_CAGCTAATCCCGACTT-1,1,PLX-4720
Data15_GSM2897333_CAGCTGGAGAGGGATA-1,1,PLX-4720
Data15_GSM2897333_CAGCTGGAGCGGCTTC-1,1,PLX-4720
Data15_GSM2897333_CAGCTGGAGGATGGAA-1,1,PLX-4720
Data15_GSM2897333_CAGCTGGCACTGCCAG-1,1,PLX-4720
Data15_GSM2897333_CAGCTGGCAGCTGTAT-1,1,PLX-4720
Data15_GSM2897333_CAGCTGGGTCTTGTCC-1,1,PLX-4720
Data15_GSM2897333_CAGCTGGTCTGAGTGT-1,1,PLX-4720
Data15_GSM2897333_CAGCTGGTCTTGCCGT-1,1,PLX-4720
Data15_GSM2897333_CAGGTGCAGTTATCGC-1,1,PLX-4720
Data15_GSM2897333_CAGGTGCCACAAGACG-1,1,PLX-4720
Data15_GSM2897333_CAGGTGCCACGGTAGA-1,1,PLX-4720
Data15_GSM2897333_CAGGTGCCATACGCCG-1,1,PLX-4720
Data15_GSM2897333_CAGGTGCGTAATCACC-1,1,PLX-4720
Data15_GSM2897333_CAGGTGCGTGCATCTA-1,1,PLX-4720
Data15_GSM2897333_CAGGTGCGTTAAGATG-1,1,PLX-4720
Data15_GSM2897333_CAGTAACAGATCGATA-1,1,PLX-4720
Data15_GSM2897333_CAGTAACAGGCTCATT-1,1,PLX-4720
Data15_GSM2897333_CAGTAACAGGGCATGT-1,1,PLX-4720
Data15_GSM2897333_CAGTAACCAATGGAGC-1,1,PLX-4720
Data15_GSM2897333_CAGTAACCACCGGAAA-1,1,PLX-4720
Data15_GSM2897333_CAGTAACCAGCTGTGC-1,1,PLX-4720
Data15_GSM2897333_CAGTAACTCCCGACTT-1,1,PLX-4720
Data15_GSM2897333_CAGTCCTAGATCTGAA-1,1,PLX-4720
Data15_GSM2897333_CAGTCCTCAATGGATA-1,1,PLX-4720
Data15_GSM2897333_CAGTCCTCACGCCAGT-1,1,PLX-4720
Data15_GSM2897333_CAGTCCTCACTCAGGC-1,1,PLX-4720
Data15_GSM2897333_CAGTCCTCAGTATAAG-1,1,PLX-4720
Data15_GSM2897333_CAGTCCTCATAAAGGT-1,1,PLX-4720
Data15_GSM2897333_CAGTCCTGTACCGAGA-1,1,PLX-4720
Data15_GSM2897333_CAGTCCTGTCCTCCAT-1,1,PLX-4720
Data15_GSM2897333_CAGTCCTGTCTAAAGA-1,1,PLX-4720
Data15_GSM2897333_CAGTCCTGTCTAGCGC-1,1,PLX-4720
Data15_GSM2897333_CAGTCCTGTGCTGTAT-1,1,PLX-4720
Data15_GSM2897333_CAGTCCTTCCTCAATT-1,1,PLX-4720
Data15_GSM2897333_CAGTCCTTCGGATGTT-1,1,PLX-4720
Data15_GSM2897333_CATATGGAGACTACAA-1,1,PLX-4720
Data15_GSM2897333_CATATGGCAACACGCC-1,1,PLX-4720
Data15_GSM2897333_CATATGGCAAGTTCTG-1,1,PLX-4720
Data15_GSM2897333_CATATGGCATCGGTTA-1,1,PLX-4720
Data15_GSM2897333_CATATGGGTGCACGAA-1,1,PLX-4720
Data15_GSM2897333_CATATGGTCCTCCTAG-1,1,PLX-4720
Data15_GSM2897333_CATATGGTCTATGTGG-1,1,PLX-4720
Data15_GSM2897333_CATATTCAGAAACCAT-1,1,PLX-4720
Data15_GSM2897333_CATATTCAGGAACTGC-1,1,PLX-4720
Data15_GSM2897333_CATATTCAGGGCACTA-1,1,PLX-4720
Data15_GSM2897333_CATATTCAGTGTTTGC-1,1,PLX-4720
Data15_GSM2897333_CATATTCCACCGCTAG-1,1,PLX-4720
Data15_GSM2897333_CATATTCGTAATAGCA-1,1,PLX-4720
Data15_GSM2897333_CATATTCGTAGAGCTG-1,1,PLX-4720
Data15_GSM2897333_CATATTCGTAGGGTAC-1,1,PLX-4720
Data15_GSM2897333_CATATTCGTCTTGATG-1,1,PLX-4720
Data15_GSM2897333_CATATTCTCCGCGGTA-1,1,PLX-4720
Data15_GSM2897333_CATATTCTCGATCCCT-1,1,PLX-4720
Data15_GSM2897333_CATCAAGCACTCTGTC-1,1,PLX-4720
Data15_GSM2897333_CATCAAGCAGATCCAT-1,1,PLX-4720
Data15_GSM2897333_CATCAAGGTGCATCTA-1,1,PLX-4720
Data15_GSM2897333_CATCAAGTCCCGACTT-1,1,PLX-4720
Data15_GSM2897333_CATCAAGTCGCGTTTC-1,1,PLX-4720
Data15_GSM2897333_CATCAGAAGAAACCGC-1,1,PLX-4720
Data15_GSM2897333_CATCAGAAGATAGGAG-1,1,PLX-4720
Data15_GSM2897333_CATCAGAAGTAGCGGT-1,1,PLX-4720
Data15_GSM2897333_CATCAGAAGTTTAGGA-1,1,PLX-4720
Data15_GSM2897333_CATCAGAGTGTGTGCC-1,1,PLX-4720
Data15_GSM2897333_CATCAGAGTTCATGGT-1,1,PLX-4720
Data15_GSM2897333_CATCCACAGAGGTAGA-1,1,PLX-4720
Data15_GSM2897333_CATCCACAGGTGTTAA-1,1,PLX-4720
Data15_GSM2897333_CATCCACAGTAGATGT-1,1,PLX-4720
Data15_GSM2897333_CATCCACCAGCTCGAC-1,1,PLX-4720
Data15_GSM2897333_CATCCACGTATTCTCT-1,1,PLX-4720
Data15_GSM2897333_CATCCACGTCGAATCT-1,1,PLX-4720
Data15_GSM2897333_CATCCACGTCTCTTAT-1,1,PLX-4720
Data15_GSM2897333_CATCCACGTTTGGCGC-1,1,PLX-4720
Data15_GSM2897333_CATCCACTCAGCGATT-1,1,PLX-4720
Data15_GSM2897333_CATCGAAAGAACAACT-1,1,PLX-4720
Data15_GSM2897333_CATCGAACAAGTTCTG-1,1,PLX-4720
Data15_GSM2897333_CATCGAACACCACCAG-1,1,PLX-4720
Data15_GSM2897333_CATCGAAGTGGCTCCA-1,1,PLX-4720
Data15_GSM2897333_CATCGAATCTTTAGGG-1,1,PLX-4720
Data15_GSM2897333_CATCGAATCTTTCCTC-1,1,PLX-4720
Data15_GSM2897333_CATCGGGAGACTAAGT-1,1,PLX-4720
Data15_GSM2897333_CATCGGGAGAGGTTAT-1,1,PLX-4720
Data15_GSM2897333_CATCGGGAGCGCCTCA-1,1,PLX-4720
Data15_GSM2897333_CATCGGGAGGGTGTTG-1,1,PLX-4720
Data15_GSM2897333_CATCGGGAGTTAACGA-1,1,PLX-4720
Data15_GSM2897333_CATCGGGTCCAAATGC-1,1,PLX-4720
Data15_GSM2897333_CATCGGGTCGCCATAA-1,1,PLX-4720
Data15_GSM2897333_CATGACAAGACAAAGG-1,1,PLX-4720
Data15_GSM2897333_CATGACAAGACGCTTT-1,1,PLX-4720
Data15_GSM2897333_CATGACAAGTGAATTG-1,1,PLX-4720
Data15_GSM2897333_CATGACACAAAGAATC-1,1,PLX-4720
Data15_GSM2897333_CATGACACAATGGACG-1,1,PLX-4720
Data15_GSM2897333_CATGACAGTTCCACGG-1,1,PLX-4720
Data15_GSM2897333_CATGACATCGACCAGC-1,1,PLX-4720
Data15_GSM2897333_CATGACATCGCCGTGA-1,1,PLX-4720
Data15_GSM2897333_CATGACATCTAACTCT-1,1,PLX-4720
Data15_GSM2897333_CATGCCTAGACTAAGT-1,1,PLX-4720
Data15_GSM2897333_CATGCCTAGTACATGA-1,1,PLX-4720
Data15_GSM2897333_CATGCCTAGTACGCCC-1,1,PLX-4720
Data15_GSM2897333_CATGCCTAGTTAACGA-1,1,PLX-4720
Data15_GSM2897333_CATGCCTGTATAGGGC-1,1,PLX-4720
Data15_GSM2897333_CATGCCTGTCGAGTTT-1,1,PLX-4720
Data15_GSM2897333_CATGCCTGTCTTGCGG-1,1,PLX-4720
Data15_GSM2897333_CATGCCTGTTTGTTGG-1,1,PLX-4720
Data15_GSM2897333_CATGCCTTCGGTCCGA-1,1,PLX-4720
Data15_GSM2897333_CATGGCGCAGATAATG-1,1,PLX-4720
Data15_GSM2897333_CATGGCGCATTGGCGC-1,1,PLX-4720
Data15_GSM2897333_CATGGCGTCCCGACTT-1,1,PLX-4720
Data15_GSM2897333_CATGGCGTCGGTCCGA-1,1,PLX-4720
Data15_GSM2897333_CATTATCCAAGCTGAG-1,1,PLX-4720
Data15_GSM2897333_CATTATCCAAGCTGTT-1,1,PLX-4720
Data15_GSM2897333_CATTATCCAGTTCATG-1,1,PLX-4720
Data15_GSM2897333_CATTATCCATACGCCG-1,1,PLX-4720
Data15_GSM2897333_CATTATCGTCGCATCG-1,1,PLX-4720
Data15_GSM2897333_CATTATCTCAGGTAAA-1,1,PLX-4720
Data15_GSM2897333_CATTCGCAGAAAGTGG-1,1,PLX-4720
Data15_GSM2897333_CATTCGCAGGCAGGTT-1,1,PLX-4720
Data15_GSM2897333_CATTCGCAGTGTGGCA-1,1,PLX-4720
Data15_GSM2897333_CATTCGCAGTTACGGG-1,1,PLX-4720
Data15_GSM2897333_CATTCGCCAATCGGTT-1,1,PLX-4720
Data15_GSM2897333_CATTCGCCATCGTCGG-1,1,PLX-4720
Data15_GSM2897333_CATTCGCCATGGTAGG-1,1,PLX-4720
Data15_GSM2897333_CATTCGCGTAAAGTCA-1,1,PLX-4720
Data15_GSM2897333_CATTCGCGTATATGAG-1,1,PLX-4720
Data15_GSM2897333_CATTCGCTCAACGAAA-1,1,PLX-4720
Data15_GSM2897333_CATTCGCTCCAAATGC-1,1,PLX-4720
Data15_GSM2897333_CATTCGCTCCCGACTT-1,1,PLX-4720
Data15_GSM2897333_CCAATCCAGCGCTTAT-1,1,PLX-4720
Data15_GSM2897333_CCAATCCAGTACTTGC-1,1,PLX-4720
Data15_GSM2897333_CCAATCCAGTGGGTTG-1,1,PLX-4720
Data15_GSM2897333_CCAATCCGTAGAGTGC-1,1,PLX-4720
Data15_GSM2897333_CCAATCCGTGCGATAG-1,1,PLX-4720
Data15_GSM2897333_CCAATCCGTTATGCGT-1,1,PLX-4720
Data15_GSM2897333_CCAATCCTCGCATGGC-1,1,PLX-4720
Data15_GSM2897333_CCAATCCTCTCAAACG-1,1,PLX-4720
Data15_GSM2897333_CCACCTAAGAAAGTGG-1,1,PLX-4720
Data15_GSM2897333_CCACCTAAGACAGACC-1,1,PLX-4720
Data15_GSM2897333_CCACCTAAGGCATGTG-1,1,PLX-4720
Data15_GSM2897333_CCACCTAAGTGAATTG-1,1,PLX-4720
Data15_GSM2897333_CCACCTAGTCATTAGC-1,1,PLX-4720
Data15_GSM2897333_CCACCTAGTGTTTGGT-1,1,PLX-4720
Data15_GSM2897333_CCACGGAAGCGTCAAG-1,1,PLX-4720
Data15_GSM2897333_CCACGGACACGAGGTA-1,1,PLX-4720
Data15_GSM2897333_CCACTACAGCGATCCC-1,1,PLX-4720
Data15_GSM2897333_CCACTACAGTCGATAA-1,1,PLX-4720
Data15_GSM2897333_CCACTACCACCTGGTG-1,1,PLX-4720
Data15_GSM2897333_CCACTACCAGTAAGAT-1,1,PLX-4720
Data15_GSM2897333_CCACTACTCGTTACGA-1,1,PLX-4720
Data15_GSM2897333_CCAGCGAAGAATCTCC-1,1,PLX-4720
Data15_GSM2897333_CCAGCGAAGAGTCGGT-1,1,PLX-4720
Data15_GSM2897333_CCAGCGAAGCGCCTCA-1,1,PLX-4720
Data15_GSM2897333_CCAGCGAAGTACCGGA-1,1,PLX-4720
Data15_GSM2897333_CCAGCGACAACGATCT-1,1,PLX-4720
Data15_GSM2897333_CCAGCGAGTATGAAAC-1,1,PLX-4720
Data15_GSM2897333_CCAGCGAGTCATTAGC-1,1,PLX-4720
Data15_GSM2897333_CCAGCGATCACCGTAA-1,1,PLX-4720
Data15_GSM2897333_CCAGCGATCCGGGTGT-1,1,PLX-4720
Data15_GSM2897333_CCATGTCCACCTATCC-1,1,PLX-4720
Data15_GSM2897333_CCATGTCCACGGTGTC-1,1,PLX-4720
Data15_GSM2897333_CCATGTCCAGACTCGC-1,1,PLX-4720
Data15_GSM2897333_CCATGTCTCACTCCTG-1,1,PLX-4720
Data15_GSM2897333_CCATTCGAGACTAGGC-1,1,PLX-4720
Data15_GSM2897333_CCATTCGAGATCACGG-1,1,PLX-4720
Data15_GSM2897333_CCATTCGCAGCCAGAA-1,1,PLX-4720
Data15_GSM2897333_CCATTCGCAGTTAACC-1,1,PLX-4720
Data15_GSM2897333_CCATTCGGTCCTAGCG-1,1,PLX-4720
Data15_GSM2897333_CCATTCGTCTTGCCGT-1,1,PLX-4720
Data15_GSM2897333_CCCAATCAGAGTACCG-1,1,PLX-4720
Data15_GSM2897333_CCCAATCAGTTCGCGC-1,1,PLX-4720
Data15_GSM2897333_CCCAATCCAATGGAGC-1,1,PLX-4720
Data15_GSM2897333_CCCAATCCATGCATGT-1,1,PLX-4720
Data15_GSM2897333_CCCAATCGTAAGTGGC-1,1,PLX-4720
Data15_GSM2897333_CCCAATCTCAGCCTAA-1,1,PLX-4720
Data15_GSM2897333_CCCAATCTCTCAAGTG-1,1,PLX-4720
Data15_GSM2897333_CCCAATCTCTGCGACG-1,1,PLX-4720
Data15_GSM2897333_CCCAGTTAGTCTCGGC-1,1,PLX-4720
Data15_GSM2897333_CCCAGTTGTCTCCACT-1,1,PLX-4720
Data15_GSM2897333_CCCAGTTGTGCTTCTC-1,1,PLX-4720
Data15_GSM2897333_CCCAGTTTCGTATCAG-1,1,PLX-4720
Data15_GSM2897333_CCCAGTTTCTGCAGTA-1,1,PLX-4720
Data15_GSM2897333_CCCATACAGGAACTGC-1,1,PLX-4720
Data15_GSM2897333_CCCATACCAATGTAAG-1,1,PLX-4720
Data15_GSM2897333_CCCATACCACAGTCGC-1,1,PLX-4720
Data15_GSM2897333_CCCATACCACCGATAT-1,1,PLX-4720
Data15_GSM2897333_CCCATACCACGTGAGA-1,1,PLX-4720
Data15_GSM2897333_CCCATACCAGGCTCAC-1,1,PLX-4720
Data15_GSM2897333_CCCATACGTTCCTCCA-1,1,PLX-4720
Data15_GSM2897333_CCCATACTCGACAGCC-1,1,PLX-4720
Data15_GSM2897333_CCCATACTCGCAAGCC-1,1,PLX-4720
Data15_GSM2897333_CCCATACTCGCCAAAT-1,1,PLX-4720
Data15_GSM2897333_CCCATACTCGTCTGCT-1,1,PLX-4720
Data15_GSM2897333_CCCTCCTAGCAGGTCA-1,1,PLX-4720
Data15_GSM2897333_CCCTCCTAGGCAAAGA-1,1,PLX-4720
Data15_GSM2897333_CCCTCCTCAATAGCAA-1,1,PLX-4720
Data15_GSM2897333_CCCTCCTGTATATGGA-1,1,PLX-4720
Data15_GSM2897333_CCCTCCTGTCTAGAGG-1,1,PLX-4720
Data15_GSM2897333_CCCTCCTGTCTTCAAG-1,1,PLX-4720
Data15_GSM2897333_CCCTCCTGTGACAAAT-1,1,PLX-4720
Data15_GSM2897333_CCCTCCTTCCACGAAT-1,1,PLX-4720
Data15_GSM2897333_CCGGGATAGATGGCGT-1,1,PLX-4720
Data15_GSM2897333_CCGGGATAGGTTCCTA-1,1,PLX-4720
Data15_GSM2897333_CCGGGATCATCACGAT-1,1,PLX-4720
Data15_GSM2897333_CCGGGATGTCATCCCT-1,1,PLX-4720
Data15_GSM2897333_CCGGGATGTTAGATGA-1,1,PLX-4720
Data15_GSM2897333_CCGGTAGAGAAACGCC-1,1,PLX-4720
Data15_GSM2897333_CCGGTAGAGAGCTATA-1,1,PLX-4720
Data15_GSM2897333_CCGGTAGAGATACACA-1,1,PLX-4720
Data15_GSM2897333_CCGGTAGAGCGGATCA-1,1,PLX-4720
Data15_GSM2897333_CCGGTAGCACGGCCAT-1,1,PLX-4720
Data15_GSM2897333_CCGGTAGGTAGGACAC-1,1,PLX-4720
Data15_GSM2897333_CCGGTAGGTTGGAGGT-1,1,PLX-4720
Data15_GSM2897333_CCGGTAGTCTAACTTC-1,1,PLX-4720
Data15_GSM2897333_CCGGTAGTCTATCCTA-1,1,PLX-4720
Data15_GSM2897333_CCGTACTAGCACACAG-1,1,PLX-4720
Data15_GSM2897333_CCGTACTAGTACCGGA-1,1,PLX-4720
Data15_GSM2897333_CCGTACTCATCTCCCA-1,1,PLX-4720
Data15_GSM2897333_CCGTACTGTTACAGAA-1,1,PLX-4720
Data15_GSM2897333_CCGTACTTCGTCTGAA-1,1,PLX-4720
Data15_GSM2897333_CCGTGGAAGAGACGAA-1,1,PLX-4720
Data15_GSM2897333_CCGTGGAAGGACCACA-1,1,PLX-4720
Data15_GSM2897333_CCGTGGAAGGCAGTCA-1,1,PLX-4720
Data15_GSM2897333_CCGTGGAGTCTCACCT-1,1,PLX-4720
Data15_GSM2897333_CCGTGGAGTTGTCGCG-1,1,PLX-4720
Data15_GSM2897333_CCGTGGATCAATAAGG-1,1,PLX-4720
Data15_GSM2897333_CCGTGGATCAATCTCT-1,1,PLX-4720
Data15_GSM2897333_CCGTTCAAGACCACGA-1,1,PLX-4720
Data15_GSM2897333_CCGTTCAAGGCAGTCA-1,1,PLX-4720
Data15_GSM2897333_CCGTTCACAAGCCCAC-1,1,PLX-4720
Data15_GSM2897333_CCGTTCACAATGAATG-1,1,PLX-4720
Data15_GSM2897333_CCGTTCACATAAGACA-1,1,PLX-4720
Data15_GSM2897333_CCGTTCAGTTAGATGA-1,1,PLX-4720
Data15_GSM2897333_CCGTTCAGTTCGCTAA-1,1,PLX-4720
Data15_GSM2897333_CCTAAAGAGATGGCGT-1,1,PLX-4720
Data15_GSM2897333_CCTAAAGAGGCATGTG-1,1,PLX-4720
Data15_GSM2897333_CCTAAAGAGTCTCCTC-1,1,PLX-4720
Data15_GSM2897333_CCTAAAGCACACCGCA-1,1,PLX-4720
Data15_GSM2897333_CCTAAAGGTCCTCTTG-1,1,PLX-4720
Data15_GSM2897333_CCTAAAGGTTTGCATG-1,1,PLX-4720
Data15_GSM2897333_CCTACACAGCTACCGC-1,1,PLX-4720
Data15_GSM2897333_CCTACACAGGCTAGAC-1,1,PLX-4720
Data15_GSM2897333_CCTACACAGTAATCCC-1,1,PLX-4720
Data15_GSM2897333_CCTACACAGTGGAGAA-1,1,PLX-4720
Data15_GSM2897333_CCTACACGTAGCGTCC-1,1,PLX-4720
Data15_GSM2897333_CCTACACGTTACGCGC-1,1,PLX-4720
Data15_GSM2897333_CCTACCAAGGTACTCT-1,1,PLX-4720
Data15_GSM2897333_CCTACCACAAAGGCGT-1,1,PLX-4720
Data15_GSM2897333_CCTACCAGTATATGAG-1,1,PLX-4720
Data15_GSM2897333_CCTACCAGTCCTCCAT-1,1,PLX-4720
Data15_GSM2897333_CCTAGCTAGCCACGTC-1,1,PLX-4720
Data15_GSM2897333_CCTAGCTCAGCCTATA-1,1,PLX-4720
Data15_GSM2897333_CCTAGCTCATGGTTGT-1,1,PLX-4720
Data15_GSM2897333_CCTAGCTGTACCAGTT-1,1,PLX-4720
Data15_GSM2897333_CCTAGCTGTTAAGAAC-1,1,PLX-4720
Data15_GSM2897333_CCTAGCTTCGAACTGT-1,1,PLX-4720
Data15_GSM2897333_CCTATTAAGAAGGGTA-1,1,PLX-4720
Data15_GSM2897333_CCTATTAAGGGTGTTG-1,1,PLX-4720
Data15_GSM2897333_CCTATTAAGTCTTGCA-1,1,PLX-4720
Data15_GSM2897333_CCTATTAAGTTGTAGA-1,1,PLX-4720
Data15_GSM2897333_CCTATTACACAGGCCT-1,1,PLX-4720
Data15_GSM2897333_CCTATTACAGTACACT-1,1,PLX-4720
Data15_GSM2897333_CCTATTAGTAGAAAGG-1,1,PLX-4720
Data15_GSM2897333_CCTATTATCAACACCA-1,1,PLX-4720
Data15_GSM2897333_CCTATTATCAGTCCCT-1,1,PLX-4720
Data15_GSM2897333_CCTATTATCTCAAACG-1,1,PLX-4720
Data15_GSM2897333_CCTATTATCTGTCAAG-1,1,PLX-4720
Data15_GSM2897333_CCTCAGTAGCGCTTAT-1,1,PLX-4720
Data15_GSM2897333_CCTCAGTGTTGATTGC-1,1,PLX-4720
Data15_GSM2897333_CCTCAGTTCATCGATG-1,1,PLX-4720
Data15_GSM2897333_CCTCAGTTCATCTGTT-1,1,PLX-4720
Data15_GSM2897333_CCTCAGTTCCAAACAC-1,1,PLX-4720
Data15_GSM2897333_CCTCAGTTCCCATTTA-1,1,PLX-4720
Data15_GSM2897333_CCTCAGTTCCCTGACT-1,1,PLX-4720
Data15_GSM2897333_CCTCAGTTCGTAGATC-1,1,PLX-4720
Data15_GSM2897333_CCTCTGAAGGCAAAGA-1,1,PLX-4720
Data15_GSM2897333_CCTCTGACACATCTTT-1,1,PLX-4720
Data15_GSM2897333_CCTCTGACACTTGGAT-1,1,PLX-4720
Data15_GSM2897333_CCTCTGAGTAGCGCAA-1,1,PLX-4720
Data15_GSM2897333_CCTCTGATCACCACCT-1,1,PLX-4720
Data15_GSM2897333_CCTCTGATCACTTATC-1,1,PLX-4720
Data15_GSM2897333_CCTCTGATCTTCGAGA-1,1,PLX-4720
Data15_GSM2897333_CCTTACGAGATGTAAC-1,1,PLX-4720
Data15_GSM2897333_CCTTACGAGCGATCCC-1,1,PLX-4720
Data15_GSM2897333_CCTTACGAGCGTAATA-1,1,PLX-4720
Data15_GSM2897333_CCTTACGAGCTAGGCA-1,1,PLX-4720
Data15_GSM2897333_CCTTACGAGCTGATAA-1,1,PLX-4720
Data15_GSM2897333_CCTTACGAGTCTCAAC-1,1,PLX-4720
Data15_GSM2897333_CCTTACGCACACCGAC-1,1,PLX-4720
Data15_GSM2897333_CCTTACGTCAGGCGAA-1,1,PLX-4720
Data15_GSM2897333_CCTTACGTCGCCAGCA-1,1,PLX-4720
Data15_GSM2897333_CCTTCCCAGAAACGCC-1,1,PLX-4720
Data15_GSM2897333_CCTTCCCCAATTGCTG-1,1,PLX-4720
Data15_GSM2897333_CCTTCCCCAGACGTAG-1,1,PLX-4720
Data15_GSM2897333_CCTTCCCCATACGCTA-1,1,PLX-4720
Data15_GSM2897333_CCTTCCCGTAAGGGCT-1,1,PLX-4720
Data15_GSM2897333_CCTTCCCGTCAGCTAT-1,1,PLX-4720
Data15_GSM2897333_CCTTCCCGTCTCACCT-1,1,PLX-4720
Data15_GSM2897333_CCTTCGAAGCAGGCTA-1,1,PLX-4720
Data15_GSM2897333_CCTTCGAAGCGCCTTG-1,1,PLX-4720
Data15_GSM2897333_CCTTCGAAGTTGTAGA-1,1,PLX-4720
Data15_GSM2897333_CCTTCGAGTACAGCAG-1,1,PLX-4720
Data15_GSM2897333_CCTTCGAGTGACAAAT-1,1,PLX-4720
Data15_GSM2897333_CCTTCGATCTGAAAGA-1,1,PLX-4720
Data15_GSM2897333_CCTTTCTCATTAGCCA-1,1,PLX-4720
Data15_GSM2897333_CCTTTCTGTACAGTTC-1,1,PLX-4720
Data15_GSM2897333_CCTTTCTTCAATACCG-1,1,PLX-4720
Data15_GSM2897333_CGAACATAGACCACGA-1,1,PLX-4720
Data15_GSM2897333_CGAACATAGGGCATGT-1,1,PLX-4720
Data15_GSM2897333_CGAACATCACCCTATC-1,1,PLX-4720
Data15_GSM2897333_CGAACATGTAAGAGGA-1,1,PLX-4720
Data15_GSM2897333_CGAACATGTCACCCAG-1,1,PLX-4720
Data15_GSM2897333_CGAACATGTGTGCCTG-1,1,PLX-4720
Data15_GSM2897333_CGAACATTCCTCGCAT-1,1,PLX-4720
Data15_GSM2897333_CGAACATTCGTGTAGT-1,1,PLX-4720
Data15_GSM2897333_CGAATGTAGGAACTGC-1,1,PLX-4720
Data15_GSM2897333_CGAATGTAGGCCCTTG-1,1,PLX-4720
Data15_GSM2897333_CGAATGTAGTTTCCTT-1,1,PLX-4720
Data15_GSM2897333_CGAATGTCAAGCTGTT-1,1,PLX-4720
Data15_GSM2897333_CGAATGTGTGAGTGAC-1,1,PLX-4720
Data15_GSM2897333_CGAATGTTCATGCAAC-1,1,PLX-4720
Data15_GSM2897333_CGAATGTTCCGAAGAG-1,1,PLX-4720
Data15_GSM2897333_CGACCTTAGCGCCTTG-1,1,PLX-4720
Data15_GSM2897333_CGACCTTAGGCATGTG-1,1,PLX-4720
Data15_GSM2897333_CGACCTTCACTTCTGC-1,1,PLX-4720
Data15_GSM2897333_CGACCTTCAGGGATTG-1,1,PLX-4720
Data15_GSM2897333_CGACCTTCATGTCGAT-1,1,PLX-4720
Data15_GSM2897333_CGACCTTGTCATCCCT-1,1,PLX-4720
Data15_GSM2897333_CGACCTTTCCTATGTT-1,1,PLX-4720
Data15_GSM2897333_CGACCTTTCTACGAGT-1,1,PLX-4720
Data15_GSM2897333_CGACTTCAGTGTGGCA-1,1,PLX-4720
Data15_GSM2897333_CGACTTCCAAGTTCTG-1,1,PLX-4720
Data15_GSM2897333_CGACTTCGTCATTAGC-1,1,PLX-4720
Data15_GSM2897333_CGACTTCGTCGGCTCA-1,1,PLX-4720
Data15_GSM2897333_CGACTTCTCGCGATCG-1,1,PLX-4720
Data15_GSM2897333_CGACTTCTCGTACGGC-1,1,PLX-4720
Data15_GSM2897333_CGACTTCTCTCCCTGA-1,1,PLX-4720
Data15_GSM2897333_CGACTTCTCTCTGAGA-1,1,PLX-4720
Data15_GSM2897333_CGAGAAGAGACCTAGG-1,1,PLX-4720
Data15_GSM2897333_CGAGAAGAGAGTCTGG-1,1,PLX-4720
Data15_GSM2897333_CGAGAAGGTACCAGTT-1,1,PLX-4720
Data15_GSM2897333_CGAGAAGGTACTCGCG-1,1,PLX-4720
Data15_GSM2897333_CGAGAAGGTATTAGCC-1,1,PLX-4720
Data15_GSM2897333_CGAGAAGGTCACTGGC-1,1,PLX-4720
Data15_GSM2897333_CGAGAAGGTTATCCGA-1,1,PLX-4720
Data15_GSM2897333_CGAGAAGGTTCCCTTG-1,1,PLX-4720
Data15_GSM2897333_CGAGAAGTCGCTTAGA-1,1,PLX-4720
Data15_GSM2897333_CGAGCACAGCTATGCT-1,1,PLX-4720
Data15_GSM2897333_CGAGCACAGTTACGGG-1,1,PLX-4720
Data15_GSM2897333_CGAGCACAGTTGTCGT-1,1,PLX-4720
Data15_GSM2897333_CGAGCACCACGTCAGC-1,1,PLX-4720
Data15_GSM2897333_CGAGCACCATTCGACA-1,1,PLX-4720
Data15_GSM2897333_CGAGCACGTAAACGCG-1,1,PLX-4720
Data15_GSM2897333_CGAGCACTCACTTCAT-1,1,PLX-4720
Data15_GSM2897333_CGAGCCAAGTCGATAA-1,1,PLX-4720
Data15_GSM2897333_CGAGCCACAACACCCG-1,1,PLX-4720
Data15_GSM2897333_CGAGCCACAATTGCTG-1,1,PLX-4720
Data15_GSM2897333_CGAGCCACACCTATCC-1,1,PLX-4720
Data15_GSM2897333_CGAGCCACAGGGCATA-1,1,PLX-4720
Data15_GSM2897333_CGAGCCAGTAAACACA-1,1,PLX-4720
Data15_GSM2897333_CGAGCCAGTACTTAGC-1,1,PLX-4720
Data15_GSM2897333_CGAGCCATCACCAGGC-1,1,PLX-4720
Data15_GSM2897333_CGAGCCATCGCTGATA-1,1,PLX-4720
Data15_GSM2897333_CGAGCCATCTGGCGTG-1,1,PLX-4720
Data15_GSM2897333_CGATCGGCAGATGAGC-1,1,PLX-4720
Data15_GSM2897333_CGATCGGCATGCAATC-1,1,PLX-4720
Data15_GSM2897333_CGATCGGGTCTAAAGA-1,1,PLX-4720
Data15_GSM2897333_CGATGGCAGAGGACGG-1,1,PLX-4720
Data15_GSM2897333_CGATGGCAGCTAACTC-1,1,PLX-4720
Data15_GSM2897333_CGATGGCCACAACGTT-1,1,PLX-4720
Data15_GSM2897333_CGATGGCCACAGCGTC-1,1,PLX-4720
Data15_GSM2897333_CGATGGCCATCGATGT-1,1,PLX-4720
Data15_GSM2897333_CGATGGCGTAGCTTGT-1,1,PLX-4720
Data15_GSM2897333_CGATGGCGTCATGCCG-1,1,PLX-4720
Data15_GSM2897333_CGATGGCGTTGCGCAC-1,1,PLX-4720
Data15_GSM2897333_CGATGGCTCCCTAATT-1,1,PLX-4720
Data15_GSM2897333_CGATGGCTCGCAGGCT-1,1,PLX-4720
Data15_GSM2897333_CGATGTACATTCGACA-1,1,PLX-4720
Data15_GSM2897333_CGATGTAGTATAAACG-1,1,PLX-4720
Data15_GSM2897333_CGATGTAGTCTAGGTT-1,1,PLX-4720
Data15_GSM2897333_CGATGTAGTGTAATGA-1,1,PLX-4720
Data15_GSM2897333_CGATGTAGTTCGTTGA-1,1,PLX-4720
Data15_GSM2897333_CGATGTATCAATAAGG-1,1,PLX-4720
Data15_GSM2897333_CGATTGACACGGCTAC-1,1,PLX-4720
Data15_GSM2897333_CGATTGAGTTATGTGC-1,1,PLX-4720
Data15_GSM2897333_CGATTGATCAAACGGG-1,1,PLX-4720
Data15_GSM2897333_CGATTGATCACGCGGT-1,1,PLX-4720
Data15_GSM2897333_CGATTGATCAGTCAGT-1,1,PLX-4720
Data15_GSM2897333_CGATTGATCATCATTC-1,1,PLX-4720
Data15_GSM2897333_CGATTGATCGTGGGAA-1,1,PLX-4720
Data15_GSM2897333_CGCCAAGAGATGTGGC-1,1,PLX-4720
Data15_GSM2897333_CGCCAAGAGCTTTGGT-1,1,PLX-4720
Data15_GSM2897333_CGCCAAGAGTCGAGTG-1,1,PLX-4720
Data15_GSM2897333_CGCCAAGAGTGAAGTT-1,1,PLX-4720
Data15_GSM2897333_CGCCAAGGTGATGCCC-1,1,PLX-4720
Data15_GSM2897333_CGCCAAGGTGTTTGGT-1,1,PLX-4720
Data15_GSM2897333_CGCCAAGGTTTGCATG-1,1,PLX-4720
Data15_GSM2897333_CGCCAAGTCCCTAACC-1,1,PLX-4720
Data15_GSM2897333_CGCCAAGTCTACTCAT-1,1,PLX-4720
Data15_GSM2897333_CGCGGTACACAGGCCT-1,1,PLX-4720
Data15_GSM2897333_CGCGGTAGTCCTAGCG-1,1,PLX-4720
Data15_GSM2897333_CGCGGTATCCGCGGTA-1,1,PLX-4720
Data15_GSM2897333_CGCGGTATCGGCATCG-1,1,PLX-4720
Data15_GSM2897333_CGCGGTATCTCTGAGA-1,1,PLX-4720
Data15_GSM2897333_CGCGGTATCTTTCCTC-1,1,PLX-4720
Data15_GSM2897333_CGCGTTTCAAGCCATT-1,1,PLX-4720
Data15_GSM2897333_CGCGTTTCAGACGCTC-1,1,PLX-4720
Data15_GSM2897333_CGCGTTTCATCCTTGC-1,1,PLX-4720
Data15_GSM2897333_CGCGTTTGTGAGGGTT-1,1,PLX-4720
Data15_GSM2897333_CGCGTTTGTTCTGGTA-1,1,PLX-4720
Data15_GSM2897333_CGCTATCAGATATGCA-1,1,PLX-4720
Data15_GSM2897333_CGCTATCCAGCTTCGG-1,1,PLX-4720
Data15_GSM2897333_CGCTATCGTGTAATGA-1,1,PLX-4720
Data15_GSM2897333_CGCTATCGTTACAGAA-1,1,PLX-4720
Data15_GSM2897333_CGCTATCTCCCGACTT-1,1,PLX-4720
Data15_GSM2897333_CGCTATCTCTGACCTC-1,1,PLX-4720
Data15_GSM2897333_CGCTGGAAGCGTGAGT-1,1,PLX-4720
Data15_GSM2897333_CGCTGGAGTGGTACAG-1,1,PLX-4720
Data15_GSM2897333_CGCTGGATCGGTCCGA-1,1,PLX-4720
Data15_GSM2897333_CGCTGGATCTTCTGGC-1,1,PLX-4720
Data15_GSM2897333_CGCTTCAAGAATTGTG-1,1,PLX-4720
Data15_GSM2897333_CGCTTCAAGGACTGGT-1,1,PLX-4720
Data15_GSM2897333_CGCTTCAGTCGCGTGT-1,1,PLX-4720
Data15_GSM2897333_CGCTTCAGTCTTTCAT-1,1,PLX-4720
Data15_GSM2897333_CGCTTCATCCATGAAC-1,1,PLX-4720
Data15_GSM2897333_CGCTTCATCTGTCCGT-1,1,PLX-4720
Data15_GSM2897333_CGGACACAGCGATTCT-1,1,PLX-4720
Data15_GSM2897333_CGGACACAGGGAACGG-1,1,PLX-4720
Data15_GSM2897333_CGGACACCAAGCCGCT-1,1,PLX-4720
Data15_GSM2897333_CGGACACCAATGGATA-1,1,PLX-4720
Data15_GSM2897333_CGGACACCATGTCGAT-1,1,PLX-4720
Data15_GSM2897333_CGGACACGTTGTCGCG-1,1,PLX-4720
Data15_GSM2897333_CGGACACTCATTGCGA-1,1,PLX-4720
Data15_GSM2897333_CGGACACTCCGCGGTA-1,1,PLX-4720
Data15_GSM2897333_CGGACGTAGCGTTTAC-1,1,PLX-4720
Data15_GSM2897333_CGGACGTGTTAGAACA-1,1,PLX-4720
Data15_GSM2897333_CGGACGTTCGTAGATC-1,1,PLX-4720
Data15_GSM2897333_CGGACGTTCTGCGTAA-1,1,PLX-4720
Data15_GSM2897333_CGGACTGAGCAGATCG-1,1,PLX-4720
Data15_GSM2897333_CGGACTGAGTGGTCCC-1,1,PLX-4720
Data15_GSM2897333_CGGACTGCACTACAGT-1,1,PLX-4720
Data15_GSM2897333_CGGACTGCAGCTCGAC-1,1,PLX-4720
Data15_GSM2897333_CGGACTGGTTCCCTTG-1,1,PLX-4720
Data15_GSM2897333_CGGACTGTCAGTTGAC-1,1,PLX-4720
Data15_GSM2897333_CGGACTGTCCCTCAGT-1,1,PLX-4720
Data15_GSM2897333_CGGAGCTAGCTAGTGG-1,1,PLX-4720
Data15_GSM2897333_CGGAGCTAGTTCGATC-1,1,PLX-4720
Data15_GSM2897333_CGGAGCTCACCATGTA-1,1,PLX-4720
Data15_GSM2897333_CGGAGCTGTCGCGTGT-1,1,PLX-4720
Data15_GSM2897333_CGGAGCTGTTAAGATG-1,1,PLX-4720
Data15_GSM2897333_CGGAGCTTCAGCCTAA-1,1,PLX-4720
Data15_GSM2897333_CGGAGTCAGATCTGAA-1,1,PLX-4720
Data15_GSM2897333_CGGAGTCAGCCACCTG-1,1,PLX-4720
Data15_GSM2897333_CGGAGTCCAATCTACG-1,1,PLX-4720
Data15_GSM2897333_CGGAGTCCAGGCGATA-1,1,PLX-4720
Data15_GSM2897333_CGGAGTCCAGTCGTGC-1,1,PLX-4720
Data15_GSM2897333_CGGAGTCCATTTCACT-1,1,PLX-4720
Data15_GSM2897333_CGGAGTCGTACCTACA-1,1,PLX-4720
Data15_GSM2897333_CGGAGTCGTTAAAGAC-1,1,PLX-4720
Data15_GSM2897333_CGGCTAGAGGATTCGG-1,1,PLX-4720
Data15_GSM2897333_CGGCTAGCAATCCGAT-1,1,PLX-4720
Data15_GSM2897333_CGGCTAGGTTGACGTT-1,1,PLX-4720
Data15_GSM2897333_CGGCTAGTCAGAGACG-1,1,PLX-4720
Data15_GSM2897333_CGGCTAGTCGTTTATC-1,1,PLX-4720
Data15_GSM2897333_CGGGTCAAGTTCGCAT-1,1,PLX-4720
Data15_GSM2897333_CGGGTCACACTCTGTC-1,1,PLX-4720
Data15_GSM2897333_CGGGTCATCTAACTTC-1,1,PLX-4720
Data15_GSM2897333_CGGGTCATCTCGAGTA-1,1,PLX-4720
Data15_GSM2897333_CGGTTAAAGACTACAA-1,1,PLX-4720
Data15_GSM2897333_CGGTTAACATACGCTA-1,1,PLX-4720
Data15_GSM2897333_CGTAGCGAGGCCGAAT-1,1,PLX-4720
Data15_GSM2897333_CGTAGCGAGTTTAGGA-1,1,PLX-4720
Data15_GSM2897333_CGTAGCGTCCGCGTTT-1,1,PLX-4720
Data15_GSM2897333_CGTAGGCAGATGTGTA-1,1,PLX-4720
Data15_GSM2897333_CGTAGGCCACCGAATT-1,1,PLX-4720
Data15_GSM2897333_CGTAGGCCATAAGACA-1,1,PLX-4720
Data15_GSM2897333_CGTAGGCCATTAGCCA-1,1,PLX-4720
Data15_GSM2897333_CGTAGGCGTAAAGTCA-1,1,PLX-4720
Data15_GSM2897333_CGTAGGCTCACGAAGG-1,1,PLX-4720
Data15_GSM2897333_CGTAGGCTCAGGATCT-1,1,PLX-4720
Data15_GSM2897333_CGTAGGCTCGTTTAGG-1,1,PLX-4720
Data15_GSM2897333_CGTCACTAGGGCTTCC-1,1,PLX-4720
Data15_GSM2897333_CGTCACTAGTCCATAC-1,1,PLX-4720
Data15_GSM2897333_CGTCACTCAGGCTCAC-1,1,PLX-4720
Data15_GSM2897333_CGTCACTCAGGTGCCT-1,1,PLX-4720
Data15_GSM2897333_CGTCACTGTCTCAACA-1,1,PLX-4720
Data15_GSM2897333_CGTCACTTCACGACTA-1,1,PLX-4720
Data15_GSM2897333_CGTCACTTCCGCATAA-1,1,PLX-4720
Data15_GSM2897333_CGTCACTTCGTGGGAA-1,1,PLX-4720
Data15_GSM2897333_CGTCACTTCTGCGGCA-1,1,PLX-4720
Data15_GSM2897333_CGTCAGGCACAGACAG-1,1,PLX-4720
Data15_GSM2897333_CGTCAGGTCCTAGAAC-1,1,PLX-4720
Data15_GSM2897333_CGTCAGGTCGAGAGCA-1,1,PLX-4720
Data15_GSM2897333_CGTCCATAGAACAACT-1,1,PLX-4720
Data15_GSM2897333_CGTCCATAGACTAGGC-1,1,PLX-4720
Data15_GSM2897333_CGTCCATAGCACACAG-1,1,PLX-4720
Data15_GSM2897333_CGTCCATCACATCTTT-1,1,PLX-4720
Data15_GSM2897333_CGTCTACAGCTAACAA-1,1,PLX-4720
Data15_GSM2897333_CGTCTACAGGATGGAA-1,1,PLX-4720
Data15_GSM2897333_CGTCTACAGTCACGCC-1,1,PLX-4720
Data15_GSM2897333_CGTCTACCAATCACAC-1,1,PLX-4720
Data15_GSM2897333_CGTCTACCAGCCACCA-1,1,PLX-4720
Data15_GSM2897333_CGTCTACCATGCGCAC-1,1,PLX-4720
Data15_GSM2897333_CGTCTACGTACCGCTG-1,1,PLX-4720
Data15_GSM2897333_CGTCTACGTCTAGTCA-1,1,PLX-4720
Data15_GSM2897333_CGTCTACGTGTGAATA-1,1,PLX-4720
Data15_GSM2897333_CGTCTACGTTACGTCA-1,1,PLX-4720
Data15_GSM2897333_CGTCTACTCAATCACG-1,1,PLX-4720
Data15_GSM2897333_CGTCTACTCCCTAATT-1,1,PLX-4720
Data15_GSM2897333_CGTGAGCAGAATTGTG-1,1,PLX-4720
Data15_GSM2897333_CGTGAGCAGGATGGTC-1,1,PLX-4720
Data15_GSM2897333_CGTGAGCCACGACTCG-1,1,PLX-4720
Data15_GSM2897333_CGTGAGCGTCTTCAAG-1,1,PLX-4720
Data15_GSM2897333_CGTGAGCTCATGCTCC-1,1,PLX-4720
Data15_GSM2897333_CGTGTAAAGTACGTAA-1,1,PLX-4720
Data15_GSM2897333_CGTGTAAAGTATTGGA-1,1,PLX-4720
Data15_GSM2897333_CGTGTAACAAAGCGGT-1,1,PLX-4720
Data15_GSM2897333_CGTGTAACATGCCACG-1,1,PLX-4720
Data15_GSM2897333_CGTGTCTAGCGATATA-1,1,PLX-4720
Data15_GSM2897333_CGTGTCTAGTAGATGT-1,1,PLX-4720
Data15_GSM2897333_CGTGTCTCACCGTTGG-1,1,PLX-4720
Data15_GSM2897333_CGTGTCTGTAGAAGGA-1,1,PLX-4720
Data15_GSM2897333_CGTGTCTGTGCCTTGG-1,1,PLX-4720
Data15_GSM2897333_CGTGTCTTCAACGAAA-1,1,PLX-4720
Data15_GSM2897333_CGTGTCTTCGACAGCC-1,1,PLX-4720
Data15_GSM2897333_CGTGTCTTCTGAAAGA-1,1,PLX-4720
Data15_GSM2897333_CGTTAGAGTACAAGTA-1,1,PLX-4720
Data15_GSM2897333_CGTTAGAGTGGAAAGA-1,1,PLX-4720
Data15_GSM2897333_CGTTAGATCATCGATG-1,1,PLX-4720
Data15_GSM2897333_CGTTCTGAGAGCCTAG-1,1,PLX-4720
Data15_GSM2897333_CGTTCTGAGGACCACA-1,1,PLX-4720
Data15_GSM2897333_CGTTCTGAGGGAACGG-1,1,PLX-4720
Data15_GSM2897333_CGTTCTGCATTTCACT-1,1,PLX-4720
Data15_GSM2897333_CGTTCTGCATTTGCTT-1,1,PLX-4720
Data15_GSM2897333_CGTTCTGGTAGTAGTA-1,1,PLX-4720
Data15_GSM2897333_CGTTCTGGTGCAGTAG-1,1,PLX-4720
Data15_GSM2897333_CGTTCTGTCGCATGAT-1,1,PLX-4720
Data15_GSM2897333_CGTTGGGCAAACCCAT-1,1,PLX-4720
Data15_GSM2897333_CGTTGGGCAGTCACTA-1,1,PLX-4720
Data15_GSM2897333_CGTTGGGGTCAAAGAT-1,1,PLX-4720
Data15_GSM2897333_CGTTGGGTCCGCGTTT-1,1,PLX-4720
Data15_GSM2897333_CGTTGGGTCGCACTCT-1,1,PLX-4720
Data15_GSM2897333_CGTTGGGTCGTCTGAA-1,1,PLX-4720
Data15_GSM2897333_CGTTGGGTCTCTGAGA-1,1,PLX-4720
Data15_GSM2897333_CTAACTTAGAAGGCCT-1,1,PLX-4720
Data15_GSM2897333_CTAACTTAGTGTGGCA-1,1,PLX-4720
Data15_GSM2897333_CTAACTTCATACCATG-1,1,PLX-4720
Data15_GSM2897333_CTAACTTGTCCGAATT-1,1,PLX-4720
Data15_GSM2897333_CTAACTTTCACAGTAC-1,1,PLX-4720
Data15_GSM2897333_CTAACTTTCTGTGCAA-1,1,PLX-4720
Data15_GSM2897333_CTAACTTTCTTCGGTC-1,1,PLX-4720
Data15_GSM2897333_CTAAGACAGGATGTAT-1,1,PLX-4720
Data15_GSM2897333_CTAAGACCAAAGGCGT-1,1,PLX-4720
Data15_GSM2897333_CTAAGACCAATGGTCT-1,1,PLX-4720
Data15_GSM2897333_CTAAGACTCAGTTAGC-1,1,PLX-4720
Data15_GSM2897333_CTAAGACTCATAGCAC-1,1,PLX-4720
Data15_GSM2897333_CTAATGGAGAATTGTG-1,1,PLX-4720
Data15_GSM2897333_CTAATGGTCATCGCTC-1,1,PLX-4720
Data15_GSM2897333_CTAATGGTCCGTTGCT-1,1,PLX-4720
Data15_GSM2897333_CTACACCAGCTAAACA-1,1,PLX-4720
Data15_GSM2897333_CTACACCAGTTCGATC-1,1,PLX-4720
Data15_GSM2897333_CTACACCCACTGCCAG-1,1,PLX-4720
Data15_GSM2897333_CTACACCCAGTTCCCT-1,1,PLX-4720
Data15_GSM2897333_CTACACCGTACCGGCT-1,1,PLX-4720
Data15_GSM2897333_CTACACCGTTAGATGA-1,1,PLX-4720
Data15_GSM2897333_CTACACCTCAAAGACA-1,1,PLX-4720
Data15_GSM2897333_CTACACCTCGCAAACT-1,1,PLX-4720
Data15_GSM2897333_CTACATTAGGCCGAAT-1,1,PLX-4720
Data15_GSM2897333_CTACATTAGGTCGGAT-1,1,PLX-4720
Data15_GSM2897333_CTACATTAGTGGGTTG-1,1,PLX-4720
Data15_GSM2897333_CTACATTAGTGGTCCC-1,1,PLX-4720
Data15_GSM2897333_CTACATTGTTGACGTT-1,1,PLX-4720
Data15_GSM2897333_CTACATTTCCAAACAC-1,1,PLX-4720
Data15_GSM2897333_CTACATTTCTTAACCT-1,1,PLX-4720
Data15_GSM2897333_CTACCCACAATGGAGC-1,1,PLX-4720
Data15_GSM2897333_CTACCCACACCTTGTC-1,1,PLX-4720
Data15_GSM2897333_CTACCCACACGAGGTA-1,1,PLX-4720
Data15_GSM2897333_CTACCCAGTAGCGATG-1,1,PLX-4720
Data15_GSM2897333_CTACCCAGTGAGGGAG-1,1,PLX-4720
Data15_GSM2897333_CTACCCATCCGTAGTA-1,1,PLX-4720
Data15_GSM2897333_CTACGTCCAAGCTGAG-1,1,PLX-4720
Data15_GSM2897333_CTACGTCGTACAGACG-1,1,PLX-4720
Data15_GSM2897333_CTACGTCGTTGCGTTA-1,1,PLX-4720
Data15_GSM2897333_CTACGTCTCGGAAATA-1,1,PLX-4720
Data15_GSM2897333_CTACGTCTCTACCAGA-1,1,PLX-4720
Data15_GSM2897333_CTAGAGTCAAACGCGA-1,1,PLX-4720
Data15_GSM2897333_CTAGAGTCAGTGACAG-1,1,PLX-4720
Data15_GSM2897333_CTAGAGTGTAGCCTCG-1,1,PLX-4720
Data15_GSM2897333_CTAGAGTGTCACCCAG-1,1,PLX-4720
Data15_GSM2897333_CTAGAGTGTTATGCGT-1,1,PLX-4720
Data15_GSM2897333_CTAGAGTTCGACAGCC-1,1,PLX-4720
Data15_GSM2897333_CTAGCCTAGGTGATTA-1,1,PLX-4720
Data15_GSM2897333_CTAGCCTTCCGCATCT-1,1,PLX-4720
Data15_GSM2897333_CTAGCCTTCTCTAAGG-1,1,PLX-4720
Data15_GSM2897333_CTAGTGAAGAGTAAGG-1,1,PLX-4720
Data15_GSM2897333_CTAGTGAAGCGATGAC-1,1,PLX-4720
Data15_GSM2897333_CTAGTGAAGGCCCTTG-1,1,PLX-4720
Data15_GSM2897333_CTAGTGAAGTTGAGTA-1,1,PLX-4720
Data15_GSM2897333_CTAGTGACAAGGGTCA-1,1,PLX-4720
Data15_GSM2897333_CTAGTGACACAGGAGT-1,1,PLX-4720
Data15_GSM2897333_CTAGTGACACTCGACG-1,1,PLX-4720
Data15_GSM2897333_CTAGTGACATCTATGG-1,1,PLX-4720
Data15_GSM2897333_CTAGTGAGTAAATGTG-1,1,PLX-4720
Data15_GSM2897333_CTAGTGAGTTGGAGGT-1,1,PLX-4720
Data15_GSM2897333_CTAGTGAGTTGTGGAG-1,1,PLX-4720
Data15_GSM2897333_CTAGTGAGTTGTTTGG-1,1,PLX-4720
Data15_GSM2897333_CTAGTGATCCACGACG-1,1,PLX-4720
Data15_GSM2897333_CTAGTGATCCGCATCT-1,1,PLX-4720
Data15_GSM2897333_CTCACACAGCTGCAAG-1,1,PLX-4720
Data15_GSM2897333_CTCACACAGGAGCGAG-1,1,PLX-4720
Data15_GSM2897333_CTCACACAGGCTAGCA-1,1,PLX-4720
Data15_GSM2897333_CTCACACAGGTTCCTA-1,1,PLX-4720
Data15_GSM2897333_CTCACACTCCACGAAT-1,1,PLX-4720
Data15_GSM2897333_CTCAGAAAGGCTATCT-1,1,PLX-4720
Data15_GSM2897333_CTCAGAAGTATTAGCC-1,1,PLX-4720
Data15_GSM2897333_CTCAGAAGTCCATGAT-1,1,PLX-4720
Data15_GSM2897333_CTCAGAAGTCCGTCAG-1,1,PLX-4720
Data15_GSM2897333_CTCAGAAGTTTAGCTG-1,1,PLX-4720
Data15_GSM2897333_CTCAGAATCGTCTGCT-1,1,PLX-4720
Data15_GSM2897333_CTCATTACACCCAGTG-1,1,PLX-4720
Data15_GSM2897333_CTCATTACATATACGC-1,1,PLX-4720
Data15_GSM2897333_CTCATTAGTAGCGTAG-1,1,PLX-4720
Data15_GSM2897333_CTCATTAGTATTACCG-1,1,PLX-4720
Data15_GSM2897333_CTCATTAGTGTGACGA-1,1,PLX-4720
Data15_GSM2897333_CTCATTAGTTTGACTG-1,1,PLX-4720
Data15_GSM2897333_CTCATTATCAAACGGG-1,1,PLX-4720
Data15_GSM2897333_CTCCTAGAGAAACGCC-1,1,PLX-4720
Data15_GSM2897333_CTCCTAGAGATGTCGG-1,1,PLX-4720
Data15_GSM2897333_CTCCTAGAGCTACCGC-1,1,PLX-4720
Data15_GSM2897333_CTCCTAGAGGTCATCT-1,1,PLX-4720
Data15_GSM2897333_CTCCTAGAGTTCGATC-1,1,PLX-4720
Data15_GSM2897333_CTCCTAGCACAGGTTT-1,1,PLX-4720
Data15_GSM2897333_CTCCTAGGTACAAGTA-1,1,PLX-4720
Data15_GSM2897333_CTCGAAAAGCCAGTAG-1,1,PLX-4720
Data15_GSM2897333_CTCGAAATCCAGGGCT-1,1,PLX-4720
Data15_GSM2897333_CTCGAAATCCTCTAGC-1,1,PLX-4720
Data15_GSM2897333_CTCGAAATCTCGATGA-1,1,PLX-4720
Data15_GSM2897333_CTCGAAATCTTAACCT-1,1,PLX-4720
Data15_GSM2897333_CTCGAGGAGTGTTTGC-1,1,PLX-4720
Data15_GSM2897333_CTCGAGGCAAGCCGTC-1,1,PLX-4720
Data15_GSM2897333_CTCGAGGCACCCTATC-1,1,PLX-4720
Data15_GSM2897333_CTCGAGGGTCGGCTCA-1,1,PLX-4720
Data15_GSM2897333_CTCGAGGGTCTGCAAT-1,1,PLX-4720
Data15_GSM2897333_CTCGGAGAGAGACGAA-1,1,PLX-4720
Data15_GSM2897333_CTCGGAGAGAGTAATC-1,1,PLX-4720
Data15_GSM2897333_CTCGGAGCAAGTAATG-1,1,PLX-4720
Data15_GSM2897333_CTCGGGAAGCTCTCGG-1,1,PLX-4720
Data15_GSM2897333_CTCGGGACAAGAAAGG-1,1,PLX-4720
Data15_GSM2897333_CTCGGGACAAGTAGTA-1,1,PLX-4720
Data15_GSM2897333_CTCGGGACAATCTGCA-1,1,PLX-4720
Data15_GSM2897333_CTCGGGACATGTCGAT-1,1,PLX-4720
Data15_GSM2897333_CTCGGGAGTCGAGTTT-1,1,PLX-4720
Data15_GSM2897333_CTCGGGAGTTCCAACA-1,1,PLX-4720
Data15_GSM2897333_CTCGGGAGTTGGGACA-1,1,PLX-4720
Data15_GSM2897333_CTCGGGATCCTTGCCA-1,1,PLX-4720
Data15_GSM2897333_CTCGTACAGCTCCCAG-1,1,PLX-4720
Data15_GSM2897333_CTCGTACAGGAGTCTG-1,1,PLX-4720
Data15_GSM2897333_CTCGTACAGGTGATTA-1,1,PLX-4720
Data15_GSM2897333_CTCGTACAGTTTCCTT-1,1,PLX-4720
Data15_GSM2897333_CTCGTACCAGCCTTTC-1,1,PLX-4720
Data15_GSM2897333_CTCGTACGTCAAGCGA-1,1,PLX-4720
Data15_GSM2897333_CTCGTACGTCCTAGCG-1,1,PLX-4720
Data15_GSM2897333_CTCGTACGTCGACTAT-1,1,PLX-4720
Data15_GSM2897333_CTCGTACTCACGCGGT-1,1,PLX-4720
Data15_GSM2897333_CTCGTACTCATTGCCC-1,1,PLX-4720
Data15_GSM2897333_CTCGTACTCCTAGAAC-1,1,PLX-4720
Data15_GSM2897333_CTCGTCAAGGAGTACC-1,1,PLX-4720
Data15_GSM2897333_CTCGTCAAGTGGGTTG-1,1,PLX-4720
Data15_GSM2897333_CTCGTCACACGTAAGG-1,1,PLX-4720
Data15_GSM2897333_CTCGTCAGTAGTACCT-1,1,PLX-4720
Data15_GSM2897333_CTCGTCAGTCAAGCGA-1,1,PLX-4720
Data15_GSM2897333_CTCGTCAGTCGGCACT-1,1,PLX-4720
Data15_GSM2897333_CTCGTCAGTGAGTGAC-1,1,PLX-4720
Data15_GSM2897333_CTCGTCATCCAGAAGG-1,1,PLX-4720
Data15_GSM2897333_CTCGTCATCGGAAACG-1,1,PLX-4720
Data15_GSM2897333_CTCGTCATCGTATCAG-1,1,PLX-4720
Data15_GSM2897333_CTCGTCATCTCCTATA-1,1,PLX-4720
Data15_GSM2897333_CTCTAATAGCCCAACC-1,1,PLX-4720
Data15_GSM2897333_CTCTAATAGGGTGTGT-1,1,PLX-4720
Data15_GSM2897333_CTCTAATAGTGTCCCG-1,1,PLX-4720
Data15_GSM2897333_CTCTAATCAATCCAAC-1,1,PLX-4720
Data15_GSM2897333_CTCTAATGTGTTCGAT-1,1,PLX-4720
Data15_GSM2897333_CTCTAATTCCCTTGCA-1,1,PLX-4720
Data15_GSM2897333_CTCTAATTCTGCGACG-1,1,PLX-4720
Data15_GSM2897333_CTCTACGAGAGCTGGT-1,1,PLX-4720
Data15_GSM2897333_CTCTACGAGGGCACTA-1,1,PLX-4720
Data15_GSM2897333_CTCTACGCAGGGTTAG-1,1,PLX-4720
Data15_GSM2897333_CTCTGGTCAAGTCTGT-1,1,PLX-4720
Data15_GSM2897333_CTCTGGTCACGTGAGA-1,1,PLX-4720
Data15_GSM2897333_CTCTGGTCAGCGTAAG-1,1,PLX-4720
Data15_GSM2897333_CTCTGGTCAGCTTCGG-1,1,PLX-4720
Data15_GSM2897333_CTCTGGTCATTCGACA-1,1,PLX-4720
Data15_GSM2897333_CTCTGGTGTAAGGGCT-1,1,PLX-4720
Data15_GSM2897333_CTCTGGTGTCAGTGGA-1,1,PLX-4720
Data15_GSM2897333_CTCTGGTTCACGAAGG-1,1,PLX-4720
Data15_GSM2897333_CTCTGGTTCGAGCCCA-1,1,PLX-4720
Data15_GSM2897333_CTGAAACAGATCACGG-1,1,PLX-4720
Data15_GSM2897333_CTGAAACAGCTAGTCT-1,1,PLX-4720
Data15_GSM2897333_CTGAAACAGGACGAAA-1,1,PLX-4720
Data15_GSM2897333_CTGAAACCACCGAATT-1,1,PLX-4720
Data15_GSM2897333_CTGAAACCACGAGGTA-1,1,PLX-4720
Data15_GSM2897333_CTGAAACCACGGATAG-1,1,PLX-4720
Data15_GSM2897333_CTGAAACTCGTCTGCT-1,1,PLX-4720
Data15_GSM2897333_CTGAAGTAGCGATCCC-1,1,PLX-4720
Data15_GSM2897333_CTGAAGTAGCTGTCTA-1,1,PLX-4720
Data15_GSM2897333_CTGAAGTCAATAGAGT-1,1,PLX-4720
Data15_GSM2897333_CTGAAGTGTGGTCCGT-1,1,PLX-4720
Data15_GSM2897333_CTGAAGTTCAAGATCC-1,1,PLX-4720
Data15_GSM2897333_CTGAAGTTCATCGATG-1,1,PLX-4720
Data15_GSM2897333_CTGAAGTTCCCTCAGT-1,1,PLX-4720
Data15_GSM2897333_CTGAAGTTCGGAGCAA-1,1,PLX-4720
Data15_GSM2897333_CTGAAGTTCTCGCTTG-1,1,PLX-4720
Data15_GSM2897333_CTGATAGAGACACTAA-1,1,PLX-4720
Data15_GSM2897333_CTGATAGAGAGGGCTT-1,1,PLX-4720
Data15_GSM2897333_CTGATAGGTGAGTGAC-1,1,PLX-4720
Data15_GSM2897333_CTGATAGTCAGTTAGC-1,1,PLX-4720
Data15_GSM2897333_CTGATCCAGACACGAC-1,1,PLX-4720
Data15_GSM2897333_CTGATCCAGATGGGTC-1,1,PLX-4720
Data15_GSM2897333_CTGATCCAGCTCCTCT-1,1,PLX-4720
Data15_GSM2897333_CTGATCCAGGTCATCT-1,1,PLX-4720
Data15_GSM2897333_CTGATCCAGTATCTCG-1,1,PLX-4720
Data15_GSM2897333_CTGATCCAGTGCGATG-1,1,PLX-4720
Data15_GSM2897333_CTGATCCGTACCGTAT-1,1,PLX-4720
Data15_GSM2897333_CTGATCCGTCAACTGT-1,1,PLX-4720
Data15_GSM2897333_CTGATCCTCAGAGACG-1,1,PLX-4720
Data15_GSM2897333_CTGCCTAAGAATTGTG-1,1,PLX-4720
Data15_GSM2897333_CTGCCTACACATTTCT-1,1,PLX-4720
Data15_GSM2897333_CTGCCTAGTATAGGGC-1,1,PLX-4720
Data15_GSM2897333_CTGCGGACACGCGAAA-1,1,PLX-4720
Data15_GSM2897333_CTGCGGACATATACCG-1,1,PLX-4720
Data15_GSM2897333_CTGCGGATCTCATTCA-1,1,PLX-4720
Data15_GSM2897333_CTGCTGTAGACTAAGT-1,1,PLX-4720
Data15_GSM2897333_CTGCTGTAGGAGTTGC-1,1,PLX-4720
Data15_GSM2897333_CTGCTGTAGTACGATA-1,1,PLX-4720
Data15_GSM2897333_CTGCTGTCAGACGTAG-1,1,PLX-4720
Data15_GSM2897333_CTGCTGTGTATTAGCC-1,1,PLX-4720
Data15_GSM2897333_CTGCTGTGTCGATTGT-1,1,PLX-4720
Data15_GSM2897333_CTGCTGTTCTCAAACG-1,1,PLX-4720
Data15_GSM2897333_CTGCTGTTCTGCAAGT-1,1,PLX-4720
Data15_GSM2897333_CTGCTGTTCTTGCCGT-1,1,PLX-4720
Data15_GSM2897333_CTGGTCTCACGAAACG-1,1,PLX-4720
Data15_GSM2897333_CTGGTCTGTCACTGGC-1,1,PLX-4720
Data15_GSM2897333_CTGGTCTGTCTGCCAG-1,1,PLX-4720
Data15_GSM2897333_CTGGTCTGTTCGGCAC-1,1,PLX-4720
Data15_GSM2897333_CTGTGCTAGATAGCAT-1,1,PLX-4720
Data15_GSM2897333_CTGTGCTAGCATCATC-1,1,PLX-4720
Data15_GSM2897333_CTGTGCTAGGTGGGTT-1,1,PLX-4720
Data15_GSM2897333_CTGTGCTAGTACGCCC-1,1,PLX-4720
Data15_GSM2897333_CTGTGCTAGTGTGGCA-1,1,PLX-4720
Data15_GSM2897333_CTGTGCTCAGGCGATA-1,1,PLX-4720
Data15_GSM2897333_CTGTGCTGTTCTGTTT-1,1,PLX-4720
Data15_GSM2897333_CTGTGCTTCACCCTCA-1,1,PLX-4720
Data15_GSM2897333_CTGTGCTTCGTGACAT-1,1,PLX-4720
Data15_GSM2897333_CTGTGCTTCTATCCTA-1,1,PLX-4720
Data15_GSM2897333_CTGTGCTTCTCAAGTG-1,1,PLX-4720
Data15_GSM2897333_CTGTTTACAAGCCATT-1,1,PLX-4720
Data15_GSM2897333_CTGTTTATCAGCACAT-1,1,PLX-4720
Data15_GSM2897333_CTGTTTATCAGTTCGA-1,1,PLX-4720
Data15_GSM2897333_CTGTTTATCAGTTGAC-1,1,PLX-4720
Data15_GSM2897333_CTGTTTATCCACGTTC-1,1,PLX-4720
Data15_GSM2897333_CTGTTTATCCGCGTTT-1,1,PLX-4720
Data15_GSM2897333_CTGTTTATCCTATTCA-1,1,PLX-4720
Data15_GSM2897333_CTTAACTAGACTTTCG-1,1,PLX-4720
Data15_GSM2897333_CTTAACTAGGAGTTGC-1,1,PLX-4720
Data15_GSM2897333_CTTAACTCACGAAAGC-1,1,PLX-4720
Data15_GSM2897333_CTTAACTCAGCAGTTT-1,1,PLX-4720
Data15_GSM2897333_CTTAACTCAGCGATCC-1,1,PLX-4720
Data15_GSM2897333_CTTAACTGTACTCTCC-1,1,PLX-4720
Data15_GSM2897333_CTTAACTGTTAAGAAC-1,1,PLX-4720
Data15_GSM2897333_CTTAACTTCATCGCTC-1,1,PLX-4720
Data15_GSM2897333_CTTACCGAGCGATAGC-1,1,PLX-4720
Data15_GSM2897333_CTTACCGAGTGGAGAA-1,1,PLX-4720
Data15_GSM2897333_CTTACCGAGTTGAGAT-1,1,PLX-4720
Data15_GSM2897333_CTTACCGCAAAGCGGT-1,1,PLX-4720
Data15_GSM2897333_CTTACCGGTACGCTGC-1,1,PLX-4720
Data15_GSM2897333_CTTACCGTCAAAGTAG-1,1,PLX-4720
Data15_GSM2897333_CTTACCGTCAGTTTGG-1,1,PLX-4720
Data15_GSM2897333_CTTACCGTCGTGGTCG-1,1,PLX-4720
Data15_GSM2897333_CTTACCGTCTTGTATC-1,1,PLX-4720
Data15_GSM2897333_CTTAGGAAGATAGTCA-1,1,PLX-4720
Data15_GSM2897333_CTTAGGACACACAGAG-1,1,PLX-4720
Data15_GSM2897333_CTTAGGACAGCCTTTC-1,1,PLX-4720
Data15_GSM2897333_CTTAGGACATTCACTT-1,1,PLX-4720
Data15_GSM2897333_CTTAGGATCATTATCC-1,1,PLX-4720
Data15_GSM2897333_CTTAGGATCGAATGGG-1,1,PLX-4720
Data15_GSM2897333_CTTCTCTAGGATTCGG-1,1,PLX-4720
Data15_GSM2897333_CTTCTCTAGTGGGCTA-1,1,PLX-4720
Data15_GSM2897333_CTTCTCTCAGGCAGTA-1,1,PLX-4720
Data15_GSM2897333_CTTCTCTCATTACGAC-1,1,PLX-4720
Data15_GSM2897333_CTTGGCTAGATCACGG-1,1,PLX-4720
Data15_GSM2897333_CTTGGCTAGGAGTCTG-1,1,PLX-4720
Data15_GSM2897333_CTTGGCTGTCTAAAGA-1,1,PLX-4720
Data15_GSM2897333_CTTGGCTGTGTTTGGT-1,1,PLX-4720
Data15_GSM2897333_CTTTGCGAGAAGGACA-1,1,PLX-4720
Data15_GSM2897333_CTTTGCGCAAGTTCTG-1,1,PLX-4720
Data15_GSM2897333_CTTTGCGCACTCTGTC-1,1,PLX-4720
Data15_GSM2897333_CTTTGCGCATAGAAAC-1,1,PLX-4720
Data15_GSM2897333_GAAACTCAGTCATCCA-1,1,PLX-4720
Data15_GSM2897333_GAAACTCAGTTAGCGG-1,1,PLX-4720
Data15_GSM2897333_GAAACTCCACAACGTT-1,1,PLX-4720
Data15_GSM2897333_GAAACTCCATACTACG-1,1,PLX-4720
Data15_GSM2897333_GAAACTCGTGGTCCGT-1,1,PLX-4720
Data15_GSM2897333_GAAACTCTCACATACG-1,1,PLX-4720
Data15_GSM2897333_GAAATGAAGATAGTCA-1,1,PLX-4720
Data15_GSM2897333_GAAATGACAAACGTGG-1,1,PLX-4720
Data15_GSM2897333_GAAATGACACCGTTGG-1,1,PLX-4720
Data15_GSM2897333_GAAATGACATGGTTGT-1,1,PLX-4720
Data15_GSM2897333_GAAATGACATTCCTGC-1,1,PLX-4720
Data15_GSM2897333_GAAATGAGTAATCACC-1,1,PLX-4720
Data15_GSM2897333_GAAATGAGTCTAGGTT-1,1,PLX-4720
Data15_GSM2897333_GAAATGATCCAAACAC-1,1,PLX-4720
Data15_GSM2897333_GAAATGATCTCGTTTA-1,1,PLX-4720
Data15_GSM2897333_GAAATGATCTGGAGCC-1,1,PLX-4720
Data15_GSM2897333_GAAATGATCTTGTACT-1,1,PLX-4720
Data15_GSM2897333_GAAATGATCTTTAGTC-1,1,PLX-4720
Data15_GSM2897333_GAACATCAGGACAGAA-1,1,PLX-4720
Data15_GSM2897333_GAACATCCAGATGAGC-1,1,PLX-4720
Data15_GSM2897333_GAACATCCAGCTGTTA-1,1,PLX-4720
Data15_GSM2897333_GAACATCGTCTTCGTC-1,1,PLX-4720
Data15_GSM2897333_GAACATCGTGTCGCTG-1,1,PLX-4720
Data15_GSM2897333_GAACATCGTTTCCACC-1,1,PLX-4720
Data15_GSM2897333_GAACATCTCAGAGGTG-1,1,PLX-4720
Data15_GSM2897333_GAACATCTCAGCTCTC-1,1,PLX-4720
Data15_GSM2897333_GAACCTAAGCGTCAAG-1,1,PLX-4720
Data15_GSM2897333_GAACCTAAGCTGATAA-1,1,PLX-4720
Data15_GSM2897333_GAACCTAAGGATCGCA-1,1,PLX-4720
Data15_GSM2897333_GAACCTACAACAACCT-1,1,PLX-4720
Data15_GSM2897333_GAACCTACATGCCTAA-1,1,PLX-4720
Data15_GSM2897333_GAACCTAGTAACGCGA-1,1,PLX-4720
Data15_GSM2897333_GAACCTAGTTGCCTCT-1,1,PLX-4720
Data15_GSM2897333_GAACCTAGTTGTCTTT-1,1,PLX-4720
Data15_GSM2897333_GAACCTATCAGCGACC-1,1,PLX-4720
Data15_GSM2897333_GAACCTATCTCAAACG-1,1,PLX-4720
Data15_GSM2897333_GAACGGAAGAGGGCTT-1,1,PLX-4720
Data15_GSM2897333_GAACGGAAGAGTGAGA-1,1,PLX-4720
Data15_GSM2897333_GAACGGACACCACCAG-1,1,PLX-4720
Data15_GSM2897333_GAACGGACAGTGACAG-1,1,PLX-4720
Data15_GSM2897333_GAACGGACAGTGAGTG-1,1,PLX-4720
Data15_GSM2897333_GAACGGAGTATCACCA-1,1,PLX-4720
Data15_GSM2897333_GAACGGAGTCTTTCAT-1,1,PLX-4720
Data15_GSM2897333_GAACGGAGTTTGTTGG-1,1,PLX-4720
Data15_GSM2897333_GAAGCAGAGAGTCTGG-1,1,PLX-4720
Data15_GSM2897333_GAAGCAGAGCGTTCCG-1,1,PLX-4720
Data15_GSM2897333_GAAGCAGAGTCCAGGA-1,1,PLX-4720
Data15_GSM2897333_GAAGCAGCACCGTTGG-1,1,PLX-4720
Data15_GSM2897333_GAAGCAGCATTCTCAT-1,1,PLX-4720
Data15_GSM2897333_GAAGCAGGTACATCCA-1,1,PLX-4720
Data15_GSM2897333_GAAGCAGGTATCGCAT-1,1,PLX-4720
Data15_GSM2897333_GAAGCAGGTCCGCTGA-1,1,PLX-4720
Data15_GSM2897333_GAAGCAGGTGGCTCCA-1,1,PLX-4720
Data15_GSM2897333_GAATAAGAGACCCACC-1,1,PLX-4720
Data15_GSM2897333_GAATAAGAGACCTAGG-1,1,PLX-4720
Data15_GSM2897333_GAATAAGAGTCCGGTC-1,1,PLX-4720
Data15_GSM2897333_GAATAAGGTGACGCCT-1,1,PLX-4720
Data15_GSM2897333_GAATAAGGTGCACTTA-1,1,PLX-4720
Data15_GSM2897333_GAATAAGGTTAAGATG-1,1,PLX-4720
Data15_GSM2897333_GAATAAGGTTCCTCCA-1,1,PLX-4720
Data15_GSM2897333_GAATAAGTCATCGATG-1,1,PLX-4720
Data15_GSM2897333_GAATGAAAGAGGTTGC-1,1,PLX-4720
Data15_GSM2897333_GAATGAAAGATGTGGC-1,1,PLX-4720
Data15_GSM2897333_GAATGAAAGTCCATAC-1,1,PLX-4720
Data15_GSM2897333_GAATGAACAAGAGTCG-1,1,PLX-4720
Data15_GSM2897333_GAATGAAGTAGAAGGA-1,1,PLX-4720
Data15_GSM2897333_GAATGAAGTGCCTGCA-1,1,PLX-4720
Data15_GSM2897333_GAATGAAGTGGTCCGT-1,1,PLX-4720
Data15_GSM2897333_GAATGAATCCGCATCT-1,1,PLX-4720
Data15_GSM2897333_GAATGAATCGGTGTTA-1,1,PLX-4720
Data15_GSM2897333_GACACGCAGACTAGGC-1,1,PLX-4720
Data15_GSM2897333_GACACGCAGTAATCCC-1,1,PLX-4720
Data15_GSM2897333_GACACGCCAAATTGCC-1,1,PLX-4720
Data15_GSM2897333_GACACGCCACCAGTTA-1,1,PLX-4720
Data15_GSM2897333_GACACGCCATAGTAAG-1,1,PLX-4720
Data15_GSM2897333_GACACGCCATGTAGTC-1,1,PLX-4720
Data15_GSM2897333_GACACGCGTGTCCTCT-1,1,PLX-4720
Data15_GSM2897333_GACACGCTCAATCACG-1,1,PLX-4720
Data15_GSM2897333_GACACGCTCCCTCTTT-1,1,PLX-4720
Data15_GSM2897333_GACACGCTCTCCAACC-1,1,PLX-4720
Data15_GSM2897333_GACAGAGAGTCCGTAT-1,1,PLX-4720
Data15_GSM2897333_GACAGAGCAAACAACA-1,1,PLX-4720
Data15_GSM2897333_GACAGAGCAAATACAG-1,1,PLX-4720
Data15_GSM2897333_GACAGAGCACACAGAG-1,1,PLX-4720
Data15_GSM2897333_GACAGAGCACGGTTTA-1,1,PLX-4720
Data15_GSM2897333_GACAGAGCATGACGGA-1,1,PLX-4720
Data15_GSM2897333_GACCAATAGAATTGTG-1,1,PLX-4720
Data15_GSM2897333_GACCAATAGGGCTCTC-1,1,PLX-4720
Data15_GSM2897333_GACCAATCAAGCTGGA-1,1,PLX-4720
Data15_GSM2897333_GACCAATGTAAACACA-1,1,PLX-4720
Data15_GSM2897333_GACCAATGTTGAGTTC-1,1,PLX-4720
Data15_GSM2897333_GACCAATTCTCATTCA-1,1,PLX-4720
Data15_GSM2897333_GACCTGGCAAACAACA-1,1,PLX-4720
Data15_GSM2897333_GACCTGGCACACGCTG-1,1,PLX-4720
Data15_GSM2897333_GACCTGGCACAGATTC-1,1,PLX-4720
Data15_GSM2897333_GACCTGGCACCCAGTG-1,1,PLX-4720
Data15_GSM2897333_GACCTGGCATGCCACG-1,1,PLX-4720
Data15_GSM2897333_GACCTGGGTGGCTCCA-1,1,PLX-4720
Data15_GSM2897333_GACCTGGGTTCCTCCA-1,1,PLX-4720
Data15_GSM2897333_GACCTGGTCCAGGGCT-1,1,PLX-4720
Data15_GSM2897333_GACGCGTAGCAGGTCA-1,1,PLX-4720
Data15_GSM2897333_GACGCGTAGGAGTTGC-1,1,PLX-4720
Data15_GSM2897333_GACGCGTAGTGCGTGA-1,1,PLX-4720
Data15_GSM2897333_GACGCGTCAAGCTGAG-1,1,PLX-4720
Data15_GSM2897333_GACGCGTCACGAAACG-1,1,PLX-4720
Data15_GSM2897333_GACGCGTCAGGTGCCT-1,1,PLX-4720
Data15_GSM2897333_GACGCGTGTACTTAGC-1,1,PLX-4720
Data15_GSM2897333_GACGCGTGTCGGCACT-1,1,PLX-4720
Data15_GSM2897333_GACGCGTTCTAGAGTC-1,1,PLX-4720
Data15_GSM2897333_GACGGCTAGCCGGTAA-1,1,PLX-4720
Data15_GSM2897333_GACGGCTAGCGTTCCG-1,1,PLX-4720
Data15_GSM2897333_GACGGCTAGGCAATTA-1,1,PLX-4720
Data15_GSM2897333_GACGGCTAGGCCATAG-1,1,PLX-4720
Data15_GSM2897333_GACGGCTCAAAGAATC-1,1,PLX-4720
Data15_GSM2897333_GACGGCTCAAGTAGTA-1,1,PLX-4720
Data15_GSM2897333_GACGGCTGTGAAATCA-1,1,PLX-4720
Data15_GSM2897333_GACGGCTTCGCTTGTC-1,1,PLX-4720
Data15_GSM2897333_GACGGCTTCTGTTTGT-1,1,PLX-4720
Data15_GSM2897333_GACGTGCAGAGCCCAA-1,1,PLX-4720
Data15_GSM2897333_GACGTGCAGTGAACGC-1,1,PLX-4720
Data15_GSM2897333_GACGTGCAGTGCGTGA-1,1,PLX-4720
Data15_GSM2897333_GACGTGCCAACTGCGC-1,1,PLX-4720
Data15_GSM2897333_GACGTGCCATGGTCTA-1,1,PLX-4720
Data15_GSM2897333_GACGTGCGTACGCACC-1,1,PLX-4720
Data15_GSM2897333_GACGTGCGTACGCTGC-1,1,PLX-4720
Data15_GSM2897333_GACGTGCTCAACACTG-1,1,PLX-4720
Data15_GSM2897333_GACGTGCTCGGCATCG-1,1,PLX-4720
Data15_GSM2897333_GACGTTAAGACATAAC-1,1,PLX-4720
Data15_GSM2897333_GACGTTAAGACCCACC-1,1,PLX-4720
Data15_GSM2897333_GACGTTAAGCGTGAGT-1,1,PLX-4720
Data15_GSM2897333_GACGTTAAGGAACTGC-1,1,PLX-4720
Data15_GSM2897333_GACGTTAAGGGAACGG-1,1,PLX-4720
Data15_GSM2897333_GACGTTAAGGGATGGG-1,1,PLX-4720
Data15_GSM2897333_GACGTTAAGTGTTGAA-1,1,PLX-4720
Data15_GSM2897333_GACGTTAGTCTGCGGT-1,1,PLX-4720
Data15_GSM2897333_GACGTTAGTTACGACT-1,1,PLX-4720
Data15_GSM2897333_GACGTTAGTTGTCGCG-1,1,PLX-4720
Data15_GSM2897333_GACGTTATCCAGAAGG-1,1,PLX-4720
Data15_GSM2897333_GACTAACAGCCACTAT-1,1,PLX-4720
Data15_GSM2897333_GACTAACAGTGTTAGA-1,1,PLX-4720
Data15_GSM2897333_GACTAACGTGTGCCTG-1,1,PLX-4720
Data15_GSM2897333_GACTAACTCAGAGCTT-1,1,PLX-4720
Data15_GSM2897333_GACTACAAGCAGATCG-1,1,PLX-4720
Data15_GSM2897333_GACTACAAGGTAGCCA-1,1,PLX-4720
Data15_GSM2897333_GACTACACAAAGTGCG-1,1,PLX-4720
Data15_GSM2897333_GACTACACACTCAGGC-1,1,PLX-4720
Data15_GSM2897333_GACTACAGTTCTGTTT-1,1,PLX-4720
Data15_GSM2897333_GACTGCGAGCCAGTTT-1,1,PLX-4720
Data15_GSM2897333_GACTGCGAGGCTCAGA-1,1,PLX-4720
Data15_GSM2897333_GACTGCGCAACGATCT-1,1,PLX-4720
Data15_GSM2897333_GACTGCGGTTATGCGT-1,1,PLX-4720
Data15_GSM2897333_GACTGCGGTTTCCACC-1,1,PLX-4720
Data15_GSM2897333_GAGCAGAGTTAAAGAC-1,1,PLX-4720
Data15_GSM2897333_GAGCAGATCTAGAGTC-1,1,PLX-4720
Data15_GSM2897333_GAGGTGAAGCAATCTC-1,1,PLX-4720
Data15_GSM2897333_GAGGTGAAGGGTCGAT-1,1,PLX-4720
Data15_GSM2897333_GAGGTGACACGGTTTA-1,1,PLX-4720
Data15_GSM2897333_GAGGTGAGTCGACTAT-1,1,PLX-4720
Data15_GSM2897333_GAGGTGATCGAACGGA-1,1,PLX-4720
Data15_GSM2897333_GAGGTGATCGTACCGG-1,1,PLX-4720
Data15_GSM2897333_GAGGTGATCTGGGCCA-1,1,PLX-4720
Data15_GSM2897333_GAGTCCGAGGCCCTTG-1,1,PLX-4720
Data15_GSM2897333_GAGTCCGAGTGTACTC-1,1,PLX-4720
Data15_GSM2897333_GAGTCCGCACCGAATT-1,1,PLX-4720
Data15_GSM2897333_GAGTCCGCATATGCTG-1,1,PLX-4720
Data15_GSM2897333_GATCAGTAGAGCCCAA-1,1,PLX-4720
Data15_GSM2897333_GATCAGTAGTACACCT-1,1,PLX-4720
Data15_GSM2897333_GATCAGTAGTGGTCCC-1,1,PLX-4720
Data15_GSM2897333_GATCAGTCAGTCACTA-1,1,PLX-4720
Data15_GSM2897333_GATCAGTGTTGGACCC-1,1,PLX-4720
Data15_GSM2897333_GATCAGTTCCAGAGGA-1,1,PLX-4720
Data15_GSM2897333_GATCGATAGACACGAC-1,1,PLX-4720
Data15_GSM2897333_GATCGATAGCCTTGAT-1,1,PLX-4720
Data15_GSM2897333_GATCGATAGGGTCGAT-1,1,PLX-4720
Data15_GSM2897333_GATCGATAGTGCCAGA-1,1,PLX-4720
Data15_GSM2897333_GATCGATCAAACCTAC-1,1,PLX-4720
Data15_GSM2897333_GATCGATCAAGTTAAG-1,1,PLX-4720
Data15_GSM2897333_GATCGATCAGCTGTTA-1,1,PLX-4720
Data15_GSM2897333_GATCGATGTACCGAGA-1,1,PLX-4720
Data15_GSM2897333_GATCGATGTATATCCG-1,1,PLX-4720
Data15_GSM2897333_GATCGATGTTATTCTC-1,1,PLX-4720
Data15_GSM2897333_GATCGATTCCTATGTT-1,1,PLX-4720
Data15_GSM2897333_GATCGCGAGACTAAGT-1,1,PLX-4720
Data15_GSM2897333_GATCGCGAGGAGTTGC-1,1,PLX-4720
Data15_GSM2897333_GATCGCGCAACTGCTA-1,1,PLX-4720
Data15_GSM2897333_GATCGCGCAAGTTAAG-1,1,PLX-4720
Data15_GSM2897333_GATCGCGCATCAGTAC-1,1,PLX-4720
Data15_GSM2897333_GATCGCGGTAGGGACT-1,1,PLX-4720
Data15_GSM2897333_GATCGCGTCTAGCACA-1,1,PLX-4720
Data15_GSM2897333_GATCGCGTCTGCGGCA-1,1,PLX-4720
Data15_GSM2897333_GATCGTAAGTCACGCC-1,1,PLX-4720
Data15_GSM2897333_GATCGTACAGACGCTC-1,1,PLX-4720
Data15_GSM2897333_GATCGTATCCATGCTC-1,1,PLX-4720
Data15_GSM2897333_GATCGTATCGCAAGCC-1,1,PLX-4720
Data15_GSM2897333_GATCTAGGTACGACCC-1,1,PLX-4720
Data15_GSM2897333_GATCTAGGTAGCCTCG-1,1,PLX-4720
Data15_GSM2897333_GATGAAACAGACACTT-1,1,PLX-4720
Data15_GSM2897333_GATGAAACAGGAATCG-1,1,PLX-4720
Data15_GSM2897333_GATGAAAGTTACGCGC-1,1,PLX-4720
Data15_GSM2897333_GATGAAATCTAGCACA-1,1,PLX-4720
Data15_GSM2897333_GATGAGGCACGTTGGC-1,1,PLX-4720
Data15_GSM2897333_GATGAGGCATGGTTGT-1,1,PLX-4720
Data15_GSM2897333_GATGAGGGTACCGTAT-1,1,PLX-4720
Data15_GSM2897333_GATGAGGTCTGCTGCT-1,1,PLX-4720
Data15_GSM2897333_GATGAGGTCTTCGAGA-1,1,PLX-4720
Data15_GSM2897333_GATGCTAAGAAGGCCT-1,1,PLX-4720
Data15_GSM2897333_GATGCTACAGCGATCC-1,1,PLX-4720
Data15_GSM2897333_GATGCTACATTTGCCC-1,1,PLX-4720
Data15_GSM2897333_GATGCTAGTAAGTGTA-1,1,PLX-4720
Data15_GSM2897333_GATGCTAGTCCGTCAG-1,1,PLX-4720
Data15_GSM2897333_GATGCTATCATTCACT-1,1,PLX-4720
Data15_GSM2897333_GATGCTATCGCACTCT-1,1,PLX-4720
Data15_GSM2897333_GATTCAGAGACTTTCG-1,1,PLX-4720
Data15_GSM2897333_GATTCAGAGATGTAAC-1,1,PLX-4720
Data15_GSM2897333_GATTCAGCAGACGCAA-1,1,PLX-4720
Data15_GSM2897333_GATTCAGGTGACTACT-1,1,PLX-4720
Data15_GSM2897333_GATTCAGGTGGCTCCA-1,1,PLX-4720
Data15_GSM2897333_GATTCAGTCAAGGCTT-1,1,PLX-4720
Data15_GSM2897333_GATTCAGTCGTCGTTC-1,1,PLX-4720
Data15_GSM2897333_GATTCAGTCTCAAACG-1,1,PLX-4720
Data15_GSM2897333_GCAAACTAGATGGCGT-1,1,PLX-4720
Data15_GSM2897333_GCAAACTCAGTGGGAT-1,1,PLX-4720
Data15_GSM2897333_GCAAACTCATGATCCA-1,1,PLX-4720
Data15_GSM2897333_GCAAACTCATGGTCAT-1,1,PLX-4720
Data15_GSM2897333_GCAAACTTCTAACTGG-1,1,PLX-4720
Data15_GSM2897333_GCAATCAAGACAGACC-1,1,PLX-4720
Data15_GSM2897333_GCAATCACAGACACTT-1,1,PLX-4720
Data15_GSM2897333_GCAATCACAGATGGGT-1,1,PLX-4720
Data15_GSM2897333_GCAATCACAGTGGAGT-1,1,PLX-4720
Data15_GSM2897333_GCAATCACATCGATTG-1,1,PLX-4720
Data15_GSM2897333_GCAATCAGTAGCGTGA-1,1,PLX-4720
Data15_GSM2897333_GCAATCAGTTGCGCAC-1,1,PLX-4720
Data15_GSM2897333_GCAATCATCATCGCTC-1,1,PLX-4720
Data15_GSM2897333_GCAATCATCTGCGACG-1,1,PLX-4720
Data15_GSM2897333_GCAATCATCTGGAGCC-1,1,PLX-4720
Data15_GSM2897333_GCACATAAGAACTCGG-1,1,PLX-4720
Data15_GSM2897333_GCACATAAGACAAGCC-1,1,PLX-4720
Data15_GSM2897333_GCACATAAGGCGACAT-1,1,PLX-4720
Data15_GSM2897333_GCACATACACAGGTTT-1,1,PLX-4720
Data15_GSM2897333_GCACATACACGCTTTC-1,1,PLX-4720
Data15_GSM2897333_GCACATAGTGCAACGA-1,1,PLX-4720
Data15_GSM2897333_GCACATAGTTAAGTAG-1,1,PLX-4720
Data15_GSM2897333_GCACATAGTTTGTTTC-1,1,PLX-4720
Data15_GSM2897333_GCACATATCTAACGGT-1,1,PLX-4720
Data15_GSM2897333_GCACTCTAGCTGATAA-1,1,PLX-4720
Data15_GSM2897333_GCACTCTAGGATGGAA-1,1,PLX-4720
Data15_GSM2897333_GCACTCTCACTCGACG-1,1,PLX-4720
Data15_GSM2897333_GCACTCTGTCTAAAGA-1,1,PLX-4720
Data15_GSM2897333_GCACTCTGTGCCTGTG-1,1,PLX-4720
Data15_GSM2897333_GCACTCTGTGGCCCTA-1,1,PLX-4720
Data15_GSM2897333_GCAGCCAAGAAGATTC-1,1,PLX-4720
Data15_GSM2897333_GCAGCCAAGTTGTCGT-1,1,PLX-4720
Data15_GSM2897333_GCAGCCACAATAAGCA-1,1,PLX-4720
Data15_GSM2897333_GCAGCCACAATGACCT-1,1,PLX-4720
Data15_GSM2897333_GCAGCCAGTAATTGGA-1,1,PLX-4720
Data15_GSM2897333_GCAGCCAGTCGCATAT-1,1,PLX-4720
Data15_GSM2897333_GCAGCCATCCGAGCCA-1,1,PLX-4720
Data15_GSM2897333_GCAGTTAAGATATACG-1,1,PLX-4720
Data15_GSM2897333_GCAGTTAAGTGTCCCG-1,1,PLX-4720
Data15_GSM2897333_GCAGTTACAAACGTGG-1,1,PLX-4720
Data15_GSM2897333_GCAGTTACACCAACCG-1,1,PLX-4720
Data15_GSM2897333_GCAGTTAGTCACCCAG-1,1,PLX-4720
Data15_GSM2897333_GCAGTTAGTCGTGGCT-1,1,PLX-4720
Data15_GSM2897333_GCAGTTATCGTTTGCC-1,1,PLX-4720
Data15_GSM2897333_GCAGTTATCTGCCCTA-1,1,PLX-4720
Data15_GSM2897333_GCATACAAGCACCGTC-1,1,PLX-4720
Data15_GSM2897333_GCATACACATGTTGAC-1,1,PLX-4720
Data15_GSM2897333_GCATACAGTCGACTGC-1,1,PLX-4720
Data15_GSM2897333_GCATACAGTTCGTTGA-1,1,PLX-4720
Data15_GSM2897333_GCATGATAGATGTCGG-1,1,PLX-4720
Data15_GSM2897333_GCATGATAGGTTACCT-1,1,PLX-4720
Data15_GSM2897333_GCATGATCACCAGGCT-1,1,PLX-4720
Data15_GSM2897333_GCATGATGTAAACGCG-1,1,PLX-4720
Data15_GSM2897333_GCATGATGTCAATGTC-1,1,PLX-4720
Data15_GSM2897333_GCATGATGTGTGGTTT-1,1,PLX-4720
Data15_GSM2897333_GCATGATGTTGATTCG-1,1,PLX-4720
Data15_GSM2897333_GCATGATTCAACGGGA-1,1,PLX-4720
Data15_GSM2897333_GCATGATTCTCATTCA-1,1,PLX-4720
Data15_GSM2897333_GCATGCGAGAGCTGGT-1,1,PLX-4720
Data15_GSM2897333_GCATGCGAGGCCCGTT-1,1,PLX-4720
Data15_GSM2897333_GCATGCGAGTCTCAAC-1,1,PLX-4720
Data15_GSM2897333_GCATGCGAGTTCGCGC-1,1,PLX-4720
Data15_GSM2897333_GCATGCGGTACCGTTA-1,1,PLX-4720
Data15_GSM2897333_GCATGCGGTGCACCAC-1,1,PLX-4720
Data15_GSM2897333_GCATGCGTCAGTGCAT-1,1,PLX-4720
Data15_GSM2897333_GCATGCGTCATCGATG-1,1,PLX-4720
Data15_GSM2897333_GCATGTAAGCCAGGAT-1,1,PLX-4720
Data15_GSM2897333_GCATGTAAGCTATGCT-1,1,PLX-4720
Data15_GSM2897333_GCATGTAAGCTGATAA-1,1,PLX-4720
Data15_GSM2897333_GCATGTAAGGATATAC-1,1,PLX-4720
Data15_GSM2897333_GCATGTAAGTGGCACA-1,1,PLX-4720
Data15_GSM2897333_GCATGTACACATCCGG-1,1,PLX-4720
Data15_GSM2897333_GCATGTACACGAAAGC-1,1,PLX-4720
Data15_GSM2897333_GCATGTAGTCACTTCC-1,1,PLX-4720
Data15_GSM2897333_GCATGTAGTCTCTTTA-1,1,PLX-4720
Data15_GSM2897333_GCATGTAGTTCCGTCT-1,1,PLX-4720
Data15_GSM2897333_GCATGTAGTTGATTCG-1,1,PLX-4720
Data15_GSM2897333_GCATGTATCCCTAACC-1,1,PLX-4720
Data15_GSM2897333_GCATGTATCCTTCAAT-1,1,PLX-4720
Data15_GSM2897333_GCCAAATCAATTGCTG-1,1,PLX-4720
Data15_GSM2897333_GCCAAATCAGATTGCT-1,1,PLX-4720
Data15_GSM2897333_GCCAAATGTACCGAGA-1,1,PLX-4720
Data15_GSM2897333_GCCAAATGTCTCTCGT-1,1,PLX-4720
Data15_GSM2897333_GCCTCTAAGCGATCCC-1,1,PLX-4720
Data15_GSM2897333_GCCTCTAAGCGTGTCC-1,1,PLX-4720
Data15_GSM2897333_GCCTCTAAGTAGATGT-1,1,PLX-4720
Data15_GSM2897333_GCCTCTAAGTAGCGGT-1,1,PLX-4720
Data15_GSM2897333_GCCTCTACAACTGCTA-1,1,PLX-4720
Data15_GSM2897333_GCCTCTACAATCTGCA-1,1,PLX-4720
Data15_GSM2897333_GCCTCTACAGATCCAT-1,1,PLX-4720
Data15_GSM2897333_GCCTCTACATCGATGT-1,1,PLX-4720
Data15_GSM2897333_GCCTCTAGTCAAGCGA-1,1,PLX-4720
Data15_GSM2897333_GCCTCTAGTTGTGGAG-1,1,PLX-4720
Data15_GSM2897333_GCCTCTATCTAACTTC-1,1,PLX-4720
Data15_GSM2897333_GCCTCTATCTGTGCAA-1,1,PLX-4720
Data15_GSM2897333_GCGACCAAGCCCTAAT-1,1,PLX-4720
Data15_GSM2897333_GCGACCAGTCATATGC-1,1,PLX-4720
Data15_GSM2897333_GCGACCAGTTCTGGTA-1,1,PLX-4720
Data15_GSM2897333_GCGACCATCCCTCAGT-1,1,PLX-4720
Data15_GSM2897333_GCGACCATCCGCGGTA-1,1,PLX-4720
Data15_GSM2897333_GCGAGAAAGAACAATC-1,1,PLX-4720
Data15_GSM2897333_GCGAGAAAGAGAACAG-1,1,PLX-4720
Data15_GSM2897333_GCGAGAAAGCCACCTG-1,1,PLX-4720
Data15_GSM2897333_GCGAGAACACATCCGG-1,1,PLX-4720
Data15_GSM2897333_GCGAGAACATAACCTG-1,1,PLX-4720
Data15_GSM2897333_GCGAGAACATATGGTC-1,1,PLX-4720
Data15_GSM2897333_GCGAGAAGTCTAAAGA-1,1,PLX-4720
Data15_GSM2897333_GCGAGAAGTCTAGCGC-1,1,PLX-4720
Data15_GSM2897333_GCGAGAATCAACACTG-1,1,PLX-4720
Data15_GSM2897333_GCGAGAATCGAGCCCA-1,1,PLX-4720
Data15_GSM2897333_GCGCAACAGCCCAATT-1,1,PLX-4720
Data15_GSM2897333_GCGCAACAGTTACCCA-1,1,PLX-4720
Data15_GSM2897333_GCGCAACCAAGCCCAC-1,1,PLX-4720
Data15_GSM2897333_GCGCAACTCAAGGTAA-1,1,PLX-4720
Data15_GSM2897333_GCGCAACTCCGCGGTA-1,1,PLX-4720
Data15_GSM2897333_GCGCAACTCTGCTGCT-1,1,PLX-4720
Data15_GSM2897333_GCGCAGTAGCGTGAAC-1,1,PLX-4720
Data15_GSM2897333_GCGCAGTCACGCCAGT-1,1,PLX-4720
Data15_GSM2897333_GCGCAGTCATCACCCT-1,1,PLX-4720
Data15_GSM2897333_GCGCAGTGTACGCACC-1,1,PLX-4720
Data15_GSM2897333_GCGCAGTGTGTAACGG-1,1,PLX-4720
Data15_GSM2897333_GCGCAGTTCTTGTCAT-1,1,PLX-4720
Data15_GSM2897333_GCGCCAAAGAAGATTC-1,1,PLX-4720
Data15_GSM2897333_GCGCCAACAAGCGATG-1,1,PLX-4720
Data15_GSM2897333_GCGCCAACACATCCAA-1,1,PLX-4720
Data15_GSM2897333_GCGCCAACACCATCCT-1,1,PLX-4720
Data15_GSM2897333_GCGCCAACAGACAGGT-1,1,PLX-4720
Data15_GSM2897333_GCGCCAACATACTCTT-1,1,PLX-4720
Data15_GSM2897333_GCGCCAATCAACTCTT-1,1,PLX-4720
Data15_GSM2897333_GCGCGATAGCCGCCTA-1,1,PLX-4720
Data15_GSM2897333_GCGCGATAGCGTAGTG-1,1,PLX-4720
Data15_GSM2897333_GCGCGATAGGCCCTCA-1,1,PLX-4720
Data15_GSM2897333_GCGCGATCAACTGCTA-1,1,PLX-4720
Data15_GSM2897333_GCGCGATGTACCGTTA-1,1,PLX-4720
Data15_GSM2897333_GCGCGATGTCGCGGTT-1,1,PLX-4720
Data15_GSM2897333_GCGCGATTCCCATTAT-1,1,PLX-4720
Data15_GSM2897333_GCGCGATTCGCAAGCC-1,1,PLX-4720
Data15_GSM2897333_GCGGGTTAGAGTACCG-1,1,PLX-4720
Data15_GSM2897333_GCGGGTTAGCCCTAAT-1,1,PLX-4720
Data15_GSM2897333_GCGGGTTCACTGTCGG-1,1,PLX-4720
Data15_GSM2897333_GCGGGTTCATAGAAAC-1,1,PLX-4720
Data15_GSM2897333_GCGGGTTTCCGGCACA-1,1,PLX-4720
Data15_GSM2897333_GCTCCTAAGCACGCCT-1,1,PLX-4720
Data15_GSM2897333_GCTCCTAAGCTCCTCT-1,1,PLX-4720
Data15_GSM2897333_GCTCCTAAGTGAACGC-1,1,PLX-4720
Data15_GSM2897333_GCTCCTAAGTGGAGTC-1,1,PLX-4720
Data15_GSM2897333_GCTCCTACATCAGTCA-1,1,PLX-4720
Data15_GSM2897333_GCTCCTACATGTCCTC-1,1,PLX-4720
Data15_GSM2897333_GCTCCTAGTCAAAGAT-1,1,PLX-4720
Data15_GSM2897333_GCTCCTATCTGGTGTA-1,1,PLX-4720
Data15_GSM2897333_GCTCTGTAGGGCATGT-1,1,PLX-4720
Data15_GSM2897333_GCTCTGTCAATCCAAC-1,1,PLX-4720
Data15_GSM2897333_GCTCTGTCAGATTGCT-1,1,PLX-4720
Data15_GSM2897333_GCTCTGTGTAAGAGAG-1,1,PLX-4720
Data15_GSM2897333_GCTCTGTTCGAATCCA-1,1,PLX-4720
Data15_GSM2897333_GCTGCAGAGCCATCGC-1,1,PLX-4720
Data15_GSM2897333_GCTGCAGAGTGGCACA-1,1,PLX-4720
Data15_GSM2897333_GCTGCAGCAGATCCAT-1,1,PLX-4720
Data15_GSM2897333_GCTGCAGCATACTACG-1,1,PLX-4720
Data15_GSM2897333_GCTGCAGCATCGACGC-1,1,PLX-4720
Data15_GSM2897333_GCTGCAGGTATTACCG-1,1,PLX-4720
Data15_GSM2897333_GCTGCAGGTTGGGACA-1,1,PLX-4720
Data15_GSM2897333_GCTGCAGTCCAAAGTC-1,1,PLX-4720
Data15_GSM2897333_GCTGCAGTCTTGTCAT-1,1,PLX-4720
Data15_GSM2897333_GCTGCGAAGCTAGCCC-1,1,PLX-4720
Data15_GSM2897333_GCTGCGAAGCTGTTCA-1,1,PLX-4720
Data15_GSM2897333_GCTGCGACAAACGTGG-1,1,PLX-4720
Data15_GSM2897333_GCTGCGACAAGTAGTA-1,1,PLX-4720
Data15_GSM2897333_GCTGCGAGTCATACTG-1,1,PLX-4720
Data15_GSM2897333_GCTGCGAGTCTGATCA-1,1,PLX-4720
Data15_GSM2897333_GCTGCGATCACAATGC-1,1,PLX-4720
Data15_GSM2897333_GCTGCTTAGGGAGTAA-1,1,PLX-4720
Data15_GSM2897333_GCTGCTTCACCATCCT-1,1,PLX-4720
Data15_GSM2897333_GCTGCTTCATCCGGGT-1,1,PLX-4720
Data15_GSM2897333_GCTGCTTGTAAGTGGC-1,1,PLX-4720
Data15_GSM2897333_GCTGCTTTCAGGTAAA-1,1,PLX-4720
Data15_GSM2897333_GCTGGGTAGCCAGTTT-1,1,PLX-4720
Data15_GSM2897333_GCTGGGTGTTGTTTGG-1,1,PLX-4720
Data15_GSM2897333_GCTGGGTTCCGTAGTA-1,1,PLX-4720
Data15_GSM2897333_GCTTCCAAGAGCTATA-1,1,PLX-4720
Data15_GSM2897333_GCTTCCAAGCAGATCG-1,1,PLX-4720
Data15_GSM2897333_GCTTCCACAGCAGTTT-1,1,PLX-4720
Data15_GSM2897333_GCTTCCAGTCCAACTA-1,1,PLX-4720
Data15_GSM2897333_GCTTGAAAGGACAGAA-1,1,PLX-4720
Data15_GSM2897333_GCTTGAACACTGTGTA-1,1,PLX-4720
Data15_GSM2897333_GCTTGAAGTCATGCCG-1,1,PLX-4720
Data15_GSM2897333_GCTTGAAGTCCAGTAT-1,1,PLX-4720
Data15_GSM2897333_GCTTGAAGTCGAAAGC-1,1,PLX-4720
Data15_GSM2897333_GCTTGAAGTGTTGGGA-1,1,PLX-4720
Data15_GSM2897333_GCTTGAAGTTCCGGCA-1,1,PLX-4720
Data15_GSM2897333_GGAAAGCAGTACGCCC-1,1,PLX-4720
Data15_GSM2897333_GGAAAGCCATGCAATC-1,1,PLX-4720
Data15_GSM2897333_GGAAAGCGTTACGTCA-1,1,PLX-4720
Data15_GSM2897333_GGAACTTAGAGCCCAA-1,1,PLX-4720
Data15_GSM2897333_GGAACTTAGATCCCAT-1,1,PLX-4720
Data15_GSM2897333_GGAACTTAGGGTTTCT-1,1,PLX-4720
Data15_GSM2897333_GGAACTTAGGTGATAT-1,1,PLX-4720
Data15_GSM2897333_GGAACTTAGGTGCTTT-1,1,PLX-4720
Data15_GSM2897333_GGAACTTCAGCCACCA-1,1,PLX-4720
Data15_GSM2897333_GGAACTTGTAAGAGGA-1,1,PLX-4720
Data15_GSM2897333_GGAACTTGTCAGTGGA-1,1,PLX-4720
Data15_GSM2897333_GGAACTTTCAGCAACT-1,1,PLX-4720
Data15_GSM2897333_GGAACTTTCCTGCAGG-1,1,PLX-4720
Data15_GSM2897333_GGAACTTTCGTCCGTT-1,1,PLX-4720
Data15_GSM2897333_GGAATAAAGGGCTTGA-1,1,PLX-4720
Data15_GSM2897333_GGAATAAAGTATGACA-1,1,PLX-4720
Data15_GSM2897333_GGAATAAGTATGAAAC-1,1,PLX-4720
Data15_GSM2897333_GGAATAAGTCCAGTTA-1,1,PLX-4720
Data15_GSM2897333_GGAATAATCGTACGGC-1,1,PLX-4720
Data15_GSM2897333_GGACAAGCACCGAAAG-1,1,PLX-4720
Data15_GSM2897333_GGACAAGGTAAGGGAA-1,1,PLX-4720
Data15_GSM2897333_GGACAAGGTGAGCGAT-1,1,PLX-4720
Data15_GSM2897333_GGACAAGGTTAAGACA-1,1,PLX-4720
Data15_GSM2897333_GGACAGAAGTACACCT-1,1,PLX-4720
Data15_GSM2897333_GGACAGACAAACGCGA-1,1,PLX-4720
Data15_GSM2897333_GGACAGACAAAGCGGT-1,1,PLX-4720
Data15_GSM2897333_GGACAGAGTCTGCAAT-1,1,PLX-4720
Data15_GSM2897333_GGACAGATCACTCTTA-1,1,PLX-4720
Data15_GSM2897333_GGACATTAGACCTAGG-1,1,PLX-4720
Data15_GSM2897333_GGACATTAGGAGTACC-1,1,PLX-4720
Data15_GSM2897333_GGACATTCAAGCTGGA-1,1,PLX-4720
Data15_GSM2897333_GGACATTTCCGTCATC-1,1,PLX-4720
Data15_GSM2897333_GGACATTTCTAACTTC-1,1,PLX-4720
Data15_GSM2897333_GGACGTCAGACCTTTG-1,1,PLX-4720
Data15_GSM2897333_GGACGTCAGTACGTTC-1,1,PLX-4720
Data15_GSM2897333_GGACGTCAGTTGCAGG-1,1,PLX-4720
Data15_GSM2897333_GGACGTCCACACGCTG-1,1,PLX-4720
Data15_GSM2897333_GGACGTCCACTCGACG-1,1,PLX-4720
Data15_GSM2897333_GGACGTCGTAATAGCA-1,1,PLX-4720
Data15_GSM2897333_GGACGTCGTACACCGC-1,1,PLX-4720
Data15_GSM2897333_GGACGTCTCCCTAATT-1,1,PLX-4720
Data15_GSM2897333_GGAGCAAAGGCTACGA-1,1,PLX-4720
Data15_GSM2897333_GGAGCAACATCATCCC-1,1,PLX-4720
Data15_GSM2897333_GGAGCAAGTCGATTGT-1,1,PLX-4720
Data15_GSM2897333_GGAGCAAGTGGTCCGT-1,1,PLX-4720
Data15_GSM2897333_GGAGCAAGTTTGTGTG-1,1,PLX-4720
Data15_GSM2897333_GGATGTTAGAGATGAG-1,1,PLX-4720
Data15_GSM2897333_GGATGTTAGATGAGAG-1,1,PLX-4720
Data15_GSM2897333_GGATGTTAGTCCAGGA-1,1,PLX-4720
Data15_GSM2897333_GGATGTTCAAACTGCT-1,1,PLX-4720
Data15_GSM2897333_GGATGTTCAAGCGCTC-1,1,PLX-4720
Data15_GSM2897333_GGATGTTGTTATCCGA-1,1,PLX-4720
Data15_GSM2897333_GGATTACAGCCACCTG-1,1,PLX-4720
Data15_GSM2897333_GGATTACCAACTTGAC-1,1,PLX-4720
Data15_GSM2897333_GGATTACCAGATTGCT-1,1,PLX-4720
Data15_GSM2897333_GGATTACCAGCCACCA-1,1,PLX-4720
Data15_GSM2897333_GGATTACCAGCTGTTA-1,1,PLX-4720
Data15_GSM2897333_GGATTACCATACTACG-1,1,PLX-4720
Data15_GSM2897333_GGATTACGTGGTAACG-1,1,PLX-4720
Data15_GSM2897333_GGATTACGTGTCAATC-1,1,PLX-4720
Data15_GSM2897333_GGATTACTCCACGAAT-1,1,PLX-4720
Data15_GSM2897333_GGATTACTCTAACTGG-1,1,PLX-4720
Data15_GSM2897333_GGATTACTCTGCTTGC-1,1,PLX-4720
Data15_GSM2897333_GGCAATTAGGGCTTGA-1,1,PLX-4720
Data15_GSM2897333_GGCAATTAGTACGCGA-1,1,PLX-4720
Data15_GSM2897333_GGCAATTGTAGCGTCC-1,1,PLX-4720
Data15_GSM2897333_GGCAATTTCACAGGCC-1,1,PLX-4720
Data15_GSM2897333_GGCAATTTCTGTACGA-1,1,PLX-4720
Data15_GSM2897333_GGCCGATAGGCTAGGT-1,1,PLX-4720
Data15_GSM2897333_GGCCGATAGTTGCAGG-1,1,PLX-4720
Data15_GSM2897333_GGCCGATCAAGTCTGT-1,1,PLX-4720
Data15_GSM2897333_GGCCGATGTAGCTTGT-1,1,PLX-4720
Data15_GSM2897333_GGCGACTAGAATTCCC-1,1,PLX-4720
Data15_GSM2897333_GGCGACTAGTAACCCT-1,1,PLX-4720
Data15_GSM2897333_GGCGACTCATGGGACA-1,1,PLX-4720
Data15_GSM2897333_GGCGACTGTAAACACA-1,1,PLX-4720
Data15_GSM2897333_GGCGACTGTCTGATCA-1,1,PLX-4720
Data15_GSM2897333_GGCGACTTCGCAGGCT-1,1,PLX-4720
Data15_GSM2897333_GGCGACTTCTAACCGA-1,1,PLX-4720
Data15_GSM2897333_GGCGTGTTCACATACG-1,1,PLX-4720
Data15_GSM2897333_GGCGTGTTCCCAACGG-1,1,PLX-4720
Data15_GSM2897333_GGCTCGAGTCGCGTGT-1,1,PLX-4720
Data15_GSM2897333_GGCTGGTAGTGGTAGC-1,1,PLX-4720
Data15_GSM2897333_GGCTGGTCAATGGAGC-1,1,PLX-4720
Data15_GSM2897333_GGCTGGTCAGCGTTCG-1,1,PLX-4720
Data15_GSM2897333_GGCTGGTCAGTCGTGC-1,1,PLX-4720
Data15_GSM2897333_GGCTGGTCATCGGAAG-1,1,PLX-4720
Data15_GSM2897333_GGCTGGTGTGTCCTCT-1,1,PLX-4720
Data15_GSM2897333_GGCTGGTGTGTGACGA-1,1,PLX-4720
Data15_GSM2897333_GGCTGGTTCAACACAC-1,1,PLX-4720
Data15_GSM2897333_GGGAATGAGAAACCGC-1,1,PLX-4720
Data15_GSM2897333_GGGAATGAGCGTAATA-1,1,PLX-4720
Data15_GSM2897333_GGGAATGAGTAAGTAC-1,1,PLX-4720
Data15_GSM2897333_GGGAATGAGTTCGATC-1,1,PLX-4720
Data15_GSM2897333_GGGAATGCACCTATCC-1,1,PLX-4720
Data15_GSM2897333_GGGAATGCAGATGAGC-1,1,PLX-4720
Data15_GSM2897333_GGGAATGCAGGCAGTA-1,1,PLX-4720
Data15_GSM2897333_GGGAATGCATTCTTAC-1,1,PLX-4720
Data15_GSM2897333_GGGAATGGTCCGTCAG-1,1,PLX-4720
Data15_GSM2897333_GGGAATGGTGACTACT-1,1,PLX-4720
Data15_GSM2897333_GGGAATGGTTGGACCC-1,1,PLX-4720
Data15_GSM2897333_GGGAATGTCGTCCAGG-1,1,PLX-4720
Data15_GSM2897333_GGGACCTAGACAAGCC-1,1,PLX-4720
Data15_GSM2897333_GGGACCTAGGCATGGT-1,1,PLX-4720
Data15_GSM2897333_GGGACCTGTCATACTG-1,1,PLX-4720
Data15_GSM2897333_GGGACCTTCAACTCTT-1,1,PLX-4720
Data15_GSM2897333_GGGACCTTCCGATATG-1,1,PLX-4720
Data15_GSM2897333_GGGACCTTCCTTTACA-1,1,PLX-4720
Data15_GSM2897333_GGGACCTTCTTATCTG-1,1,PLX-4720
Data15_GSM2897333_GGGAGATAGATGGCGT-1,1,PLX-4720
Data15_GSM2897333_GGGAGATAGTGTACGG-1,1,PLX-4720
Data15_GSM2897333_GGGAGATCATTCACTT-1,1,PLX-4720
Data15_GSM2897333_GGGAGATGTCAGCTAT-1,1,PLX-4720
Data15_GSM2897333_GGGAGATTCCTTAATC-1,1,PLX-4720
Data15_GSM2897333_GGGATGACATGCCTAA-1,1,PLX-4720
Data15_GSM2897333_GGGATGAGTAAACGCG-1,1,PLX-4720
Data15_GSM2897333_GGGATGATCAACGGCC-1,1,PLX-4720
Data15_GSM2897333_GGGATGATCAGCGATT-1,1,PLX-4720
Data15_GSM2897333_GGGCACTAGGAATTAC-1,1,PLX-4720
Data15_GSM2897333_GGGCACTAGGAGTTGC-1,1,PLX-4720
Data15_GSM2897333_GGGCACTAGGGTCTCC-1,1,PLX-4720
Data15_GSM2897333_GGGCACTAGTGGGATC-1,1,PLX-4720
Data15_GSM2897333_GGGCACTAGTGTTGAA-1,1,PLX-4720
Data15_GSM2897333_GGGCACTCAATGAATG-1,1,PLX-4720
Data15_GSM2897333_GGGCACTCAGCCAATT-1,1,PLX-4720
Data15_GSM2897333_GGGCACTGTACTCAAC-1,1,PLX-4720
Data15_GSM2897333_GGGCACTTCGCAAACT-1,1,PLX-4720
Data15_GSM2897333_GGGCACTTCTCGAGTA-1,1,PLX-4720
Data15_GSM2897333_GGGCACTTCTGGAGCC-1,1,PLX-4720
Data15_GSM2897333_GGGCACTTCTGGTGTA-1,1,PLX-4720
Data15_GSM2897333_GGGCATCAGGATGGAA-1,1,PLX-4720
Data15_GSM2897333_GGGCATCAGTCTCCTC-1,1,PLX-4720
Data15_GSM2897333_GGGCATCGTCAGCTAT-1,1,PLX-4720
Data15_GSM2897333_GGGCATCGTCTCAACA-1,1,PLX-4720
Data15_GSM2897333_GGGCATCTCAACGGCC-1,1,PLX-4720
Data15_GSM2897333_GGGCATCTCATCATTC-1,1,PLX-4720
Data15_GSM2897333_GGGCATCTCCCATTTA-1,1,PLX-4720
Data15_GSM2897333_GGGCATCTCGATAGAA-1,1,PLX-4720
Data15_GSM2897333_GGGCATCTCGTTACAG-1,1,PLX-4720
Data15_GSM2897333_GGGTCTGAGATCTGAA-1,1,PLX-4720
Data15_GSM2897333_GGGTCTGAGCAGGCTA-1,1,PLX-4720
Data15_GSM2897333_GGGTCTGAGCTGCAAG-1,1,PLX-4720
Data15_GSM2897333_GGGTCTGAGGGTATCG-1,1,PLX-4720
Data15_GSM2897333_GGGTCTGCACCACCAG-1,1,PLX-4720
Data15_GSM2897333_GGGTCTGCATCCGCGA-1,1,PLX-4720
Data15_GSM2897333_GGGTCTGTCCGTTGCT-1,1,PLX-4720
Data15_GSM2897333_GGGTCTGTCGTCCGTT-1,1,PLX-4720
Data15_GSM2897333_GGGTCTGTCTGCAAGT-1,1,PLX-4720
Data15_GSM2897333_GGGTTGCAGGAGTCTG-1,1,PLX-4720
Data15_GSM2897333_GGGTTGCCACTAAGTC-1,1,PLX-4720
Data15_GSM2897333_GGGTTGCGTAAATACG-1,1,PLX-4720
Data15_GSM2897333_GGGTTGCGTAGCGTAG-1,1,PLX-4720
Data15_GSM2897333_GGGTTGCGTCGGCTCA-1,1,PLX-4720
Data15_GSM2897333_GGGTTGCTCTCTAAGG-1,1,PLX-4720
Data15_GSM2897333_GGGTTGCTCTTTACGT-1,1,PLX-4720
Data15_GSM2897333_GGTATTGAGTACCGGA-1,1,PLX-4720
Data15_GSM2897333_GGTATTGGTATTACCG-1,1,PLX-4720
Data15_GSM2897333_GGTATTGGTTCTGTTT-1,1,PLX-4720
Data15_GSM2897333_GGTATTGTCCGAAGAG-1,1,PLX-4720
Data15_GSM2897333_GGTATTGTCTTGGGTA-1,1,PLX-4720
Data15_GSM2897333_GGTGAAGAGACAGAGA-1,1,PLX-4720
Data15_GSM2897333_GGTGAAGAGCTAGCCC-1,1,PLX-4720
Data15_GSM2897333_GGTGAAGCAGCTGTAT-1,1,PLX-4720
Data15_GSM2897333_GGTGAAGGTTTCGCTC-1,1,PLX-4720
Data15_GSM2897333_GGTGAAGTCACGAAGG-1,1,PLX-4720
Data15_GSM2897333_GGTGAAGTCAGTCCCT-1,1,PLX-4720
Data15_GSM2897333_GGTGAAGTCATTTGGG-1,1,PLX-4720
Data15_GSM2897333_GGTGAAGTCTACTCAT-1,1,PLX-4720
Data15_GSM2897333_GGTGAAGTCTATCGCC-1,1,PLX-4720
Data15_GSM2897333_GGTGCGTAGATGCCAG-1,1,PLX-4720
Data15_GSM2897333_GGTGCGTAGGACAGCT-1,1,PLX-4720
Data15_GSM2897333_GGTGCGTAGTACGCGA-1,1,PLX-4720
Data15_GSM2897333_GGTGCGTCAGGGATTG-1,1,PLX-4720
Data15_GSM2897333_GGTGCGTCATCTATGG-1,1,PLX-4720
Data15_GSM2897333_GGTGCGTCATTCTCAT-1,1,PLX-4720
Data15_GSM2897333_GGTGCGTTCAGTGCAT-1,1,PLX-4720
Data15_GSM2897333_GGTGCGTTCCACGACG-1,1,PLX-4720
Data15_GSM2897333_GGTGCGTTCGCCATAA-1,1,PLX-4720
Data15_GSM2897333_GGTGTTACAGCTGTAT-1,1,PLX-4720
Data15_GSM2897333_GGTGTTAGTCTAGCCG-1,1,PLX-4720
Data15_GSM2897333_GGTGTTATCGGCCGAT-1,1,PLX-4720
Data15_GSM2897333_GGTGTTATCGGCGCAT-1,1,PLX-4720
Data15_GSM2897333_GGTGTTATCTGTCCGT-1,1,PLX-4720
Data15_GSM2897333_GTAACGTAGAGGTAGA-1,1,PLX-4720
Data15_GSM2897333_GTAACGTCAACGATCT-1,1,PLX-4720
Data15_GSM2897333_GTAACGTCACGAAAGC-1,1,PLX-4720
Data15_GSM2897333_GTAACGTCACTGTTAG-1,1,PLX-4720
Data15_GSM2897333_GTAACGTCATAGACTC-1,1,PLX-4720
Data15_GSM2897333_GTAACGTGTGCCTGCA-1,1,PLX-4720
Data15_GSM2897333_GTAACGTTCACCCTCA-1,1,PLX-4720
Data15_GSM2897333_GTAACTGAGATGCGAC-1,1,PLX-4720
Data15_GSM2897333_GTAACTGAGGAATTAC-1,1,PLX-4720
Data15_GSM2897333_GTAACTGCAACACCTA-1,1,PLX-4720
Data15_GSM2897333_GTAACTGCACGCGAAA-1,1,PLX-4720
Data15_GSM2897333_GTAACTGCAGCATACT-1,1,PLX-4720
Data15_GSM2897333_GTAACTGCATATACCG-1,1,PLX-4720
Data15_GSM2897333_GTAACTGGTGCAACGA-1,1,PLX-4720
Data15_GSM2897333_GTAACTGGTGGGTATG-1,1,PLX-4720
Data15_GSM2897333_GTAACTGTCCAGAGGA-1,1,PLX-4720
Data15_GSM2897333_GTACGTAAGATACACA-1,1,PLX-4720
Data15_GSM2897333_GTACGTAAGTGAACGC-1,1,PLX-4720
Data15_GSM2897333_GTACGTAAGTGATCGG-1,1,PLX-4720
Data15_GSM2897333_GTACGTACAATAGAGT-1,1,PLX-4720
Data15_GSM2897333_GTACGTAGTAGCCTAT-1,1,PLX-4720
Data15_GSM2897333_GTACGTAGTTGAGGTG-1,1,PLX-4720
Data15_GSM2897333_GTACGTATCCGATATG-1,1,PLX-4720
Data15_GSM2897333_GTACTCCAGATGGGTC-1,1,PLX-4720
Data15_GSM2897333_GTACTCCAGCGACGTA-1,1,PLX-4720
Data15_GSM2897333_GTACTCCCACATAACC-1,1,PLX-4720
Data15_GSM2897333_GTACTCCCACGGCTAC-1,1,PLX-4720
Data15_GSM2897333_GTACTCCGTCCCGACA-1,1,PLX-4720
Data15_GSM2897333_GTACTCCGTTTGCATG-1,1,PLX-4720
Data15_GSM2897333_GTACTTTAGCCACCTG-1,1,PLX-4720
Data15_GSM2897333_GTACTTTAGGACGAAA-1,1,PLX-4720
Data15_GSM2897333_GTACTTTCATTGGTAC-1,1,PLX-4720
Data15_GSM2897333_GTAGGCCAGACATAAC-1,1,PLX-4720
Data15_GSM2897333_GTAGGCCAGTGTTGAA-1,1,PLX-4720
Data15_GSM2897333_GTAGGCCGTAGCGTCC-1,1,PLX-4720
Data15_GSM2897333_GTAGGCCTCAATCTCT-1,1,PLX-4720
Data15_GSM2897333_GTAGGCCTCGCTTAGA-1,1,PLX-4720
Data15_GSM2897333_GTAGTCAAGTGAACAT-1,1,PLX-4720
Data15_GSM2897333_GTAGTCAGTATGCTTG-1,1,PLX-4720
Data15_GSM2897333_GTAGTCAGTGTCAATC-1,1,PLX-4720
Data15_GSM2897333_GTAGTCATCTCAACTT-1,1,PLX-4720
Data15_GSM2897333_GTATCTTAGGAGTCTG-1,1,PLX-4720
Data15_GSM2897333_GTATCTTAGGTGCTTT-1,1,PLX-4720
Data15_GSM2897333_GTATCTTAGTAACCCT-1,1,PLX-4720
Data15_GSM2897333_GTATCTTCAAGCGATG-1,1,PLX-4720
Data15_GSM2897333_GTATCTTCAGCCAATT-1,1,PLX-4720
Data15_GSM2897333_GTATCTTCAGCTCCGA-1,1,PLX-4720
Data15_GSM2897333_GTATCTTCATAAGACA-1,1,PLX-4720
Data15_GSM2897333_GTATTCTGTTGTCGCG-1,1,PLX-4720
Data15_GSM2897333_GTATTCTTCAGTACGT-1,1,PLX-4720
Data15_GSM2897333_GTCAAGTAGAGTGAGA-1,1,PLX-4720
Data15_GSM2897333_GTCAAGTAGCGTGAGT-1,1,PLX-4720
Data15_GSM2897333_GTCAAGTAGTTAGGTA-1,1,PLX-4720
Data15_GSM2897333_GTCAAGTCAAACTGCT-1,1,PLX-4720
Data15_GSM2897333_GTCAAGTCACTTAACG-1,1,PLX-4720
Data15_GSM2897333_GTCAAGTGTCATGCAT-1,1,PLX-4720
Data15_GSM2897333_GTCACAAAGACTAAGT-1,1,PLX-4720
Data15_GSM2897333_GTCACAAAGGGATGGG-1,1,PLX-4720
Data15_GSM2897333_GTCACAACACCTCGTT-1,1,PLX-4720
Data15_GSM2897333_GTCACAAGTTTGTGTG-1,1,PLX-4720
Data15_GSM2897333_GTCACAATCATACGGT-1,1,PLX-4720
Data15_GSM2897333_GTCACGGAGGACACCA-1,1,PLX-4720
Data15_GSM2897333_GTCACGGCAGATCCAT-1,1,PLX-4720
Data15_GSM2897333_GTCACGGCATTCCTCG-1,1,PLX-4720
Data15_GSM2897333_GTCACGGGTGATAAGT-1,1,PLX-4720
Data15_GSM2897333_GTCACGGTCCCGGATG-1,1,PLX-4720
Data15_GSM2897333_GTCACGGTCCGTCATC-1,1,PLX-4720
Data15_GSM2897333_GTCATTTAGCAAATCA-1,1,PLX-4720
Data15_GSM2897333_GTCATTTAGCTAAACA-1,1,PLX-4720
Data15_GSM2897333_GTCATTTCACTGTGTA-1,1,PLX-4720
Data15_GSM2897333_GTCATTTCAGACAAAT-1,1,PLX-4720
Data15_GSM2897333_GTCATTTGTGTTTGTG-1,1,PLX-4720
Data15_GSM2897333_GTCATTTGTTAAGACA-1,1,PLX-4720
Data15_GSM2897333_GTCATTTTCACTATTC-1,1,PLX-4720
Data15_GSM2897333_GTCATTTTCGGTGTCG-1,1,PLX-4720
Data15_GSM2897333_GTCCTCAAGGCTATCT-1,1,PLX-4720
Data15_GSM2897333_GTCCTCACATGAGCGA-1,1,PLX-4720
Data15_GSM2897333_GTCCTCAGTTCAGGCC-1,1,PLX-4720
Data15_GSM2897333_GTCGGGTCAATCTGCA-1,1,PLX-4720
Data15_GSM2897333_GTCGGGTCACTTGGAT-1,1,PLX-4720
Data15_GSM2897333_GTCGGGTGTACAGTGG-1,1,PLX-4720
Data15_GSM2897333_GTCGGGTGTTGTACAC-1,1,PLX-4720
Data15_GSM2897333_GTCGGGTTCAACGCTA-1,1,PLX-4720
Data15_GSM2897333_GTCGGGTTCAGCTGGC-1,1,PLX-4720
Data15_GSM2897333_GTCGGGTTCATCGCTC-1,1,PLX-4720
Data15_GSM2897333_GTCGGGTTCCACTGGG-1,1,PLX-4720
Data15_GSM2897333_GTCGGGTTCTCGATGA-1,1,PLX-4720
Data15_GSM2897333_GTCGTAAAGTACGATA-1,1,PLX-4720
Data15_GSM2897333_GTCGTAAAGTCAAGGC-1,1,PLX-4720
Data15_GSM2897333_GTCGTAACACAGGAGT-1,1,PLX-4720
Data15_GSM2897333_GTCGTAACATTTCACT-1,1,PLX-4720
Data15_GSM2897333_GTCGTAAGTGTCAATC-1,1,PLX-4720
Data15_GSM2897333_GTCGTAATCTTCAACT-1,1,PLX-4720
Data15_GSM2897333_GTCTCGTAGAGGTTGC-1,1,PLX-4720
Data15_GSM2897333_GTCTCGTAGATCCCAT-1,1,PLX-4720
Data15_GSM2897333_GTCTCGTAGTCCGGTC-1,1,PLX-4720
Data15_GSM2897333_GTCTCGTCACCCAGTG-1,1,PLX-4720
Data15_GSM2897333_GTCTCGTCACTGTGTA-1,1,PLX-4720
Data15_GSM2897333_GTCTCGTGTCGAATCT-1,1,PLX-4720
Data15_GSM2897333_GTCTCGTGTGCACGAA-1,1,PLX-4720
Data15_GSM2897333_GTCTCGTTCGTTTAGG-1,1,PLX-4720
Data15_GSM2897333_GTCTTCGCAAACGTGG-1,1,PLX-4720
Data15_GSM2897333_GTCTTCGCAATGCCAT-1,1,PLX-4720
Data15_GSM2897333_GTCTTCGCACATCCGG-1,1,PLX-4720
Data15_GSM2897333_GTCTTCGGTTGTGGAG-1,1,PLX-4720
Data15_GSM2897333_GTCTTCGTCCATGAGT-1,1,PLX-4720
Data15_GSM2897333_GTCTTCGTCTGTTGAG-1,1,PLX-4720
Data15_GSM2897333_GTGAAGGAGCTAAGAT-1,1,PLX-4720
Data15_GSM2897333_GTGAAGGCACCAGGTC-1,1,PLX-4720
Data15_GSM2897333_GTGAAGGCATACAGCT-1,1,PLX-4720
Data15_GSM2897333_GTGAAGGGTGTTAAGA-1,1,PLX-4720
Data15_GSM2897333_GTGCAGCAGAGGTTAT-1,1,PLX-4720
Data15_GSM2897333_GTGCAGCAGCGTTGCC-1,1,PLX-4720
Data15_GSM2897333_GTGCAGCCACCTTGTC-1,1,PLX-4720
Data15_GSM2897333_GTGCAGCCATTGGGCC-1,1,PLX-4720
Data15_GSM2897333_GTGCAGCGTAAAGTCA-1,1,PLX-4720
Data15_GSM2897333_GTGCAGCGTCCAGTAT-1,1,PLX-4720
Data15_GSM2897333_GTGCAGCGTGACCAAG-1,1,PLX-4720
Data15_GSM2897333_GTGCAGCGTGAGTGAC-1,1,PLX-4720
Data15_GSM2897333_GTGCAGCGTTGCGTTA-1,1,PLX-4720
Data15_GSM2897333_GTGCAGCTCGCACTCT-1,1,PLX-4720
Data15_GSM2897333_GTGCATAAGACATAAC-1,1,PLX-4720
Data15_GSM2897333_GTGCATACATGCCTTC-1,1,PLX-4720
Data15_GSM2897333_GTGCATAGTGCCTGTG-1,1,PLX-4720
Data15_GSM2897333_GTGCATAGTTACGACT-1,1,PLX-4720
Data15_GSM2897333_GTGCATAGTTACGCGC-1,1,PLX-4720
Data15_GSM2897333_GTGCATATCGCAAGCC-1,1,PLX-4720
Data15_GSM2897333_GTGCATATCGTGGACC-1,1,PLX-4720
Data15_GSM2897333_GTGCGGTAGACTACAA-1,1,PLX-4720
Data15_GSM2897333_GTGCGGTAGGCGTACA-1,1,PLX-4720
Data15_GSM2897333_GTGCGGTAGGGTGTGT-1,1,PLX-4720
Data15_GSM2897333_GTGCGGTCACGACTCG-1,1,PLX-4720
Data15_GSM2897333_GTGCGGTCATTCTCAT-1,1,PLX-4720
Data15_GSM2897333_GTGCGGTGTAATCGTC-1,1,PLX-4720
Data15_GSM2897333_GTGCGGTGTCTCATCC-1,1,PLX-4720
Data15_GSM2897333_GTGCGGTTCAGGATCT-1,1,PLX-4720
Data15_GSM2897333_GTGCGGTTCCTATTCA-1,1,PLX-4720
Data15_GSM2897333_GTGCGGTTCTCCAGGG-1,1,PLX-4720
Data15_GSM2897333_GTGCTTCAGCTACCTA-1,1,PLX-4720
Data15_GSM2897333_GTGCTTCCACACTGCG-1,1,PLX-4720
Data15_GSM2897333_GTGCTTCGTAGCCTAT-1,1,PLX-4720
Data15_GSM2897333_GTGCTTCGTCGGGTCT-1,1,PLX-4720
Data15_GSM2897333_GTGCTTCGTGCAGTAG-1,1,PLX-4720
Data15_GSM2897333_GTGGGTCAGACTGGGT-1,1,PLX-4720
Data15_GSM2897333_GTGGGTCAGCAAATCA-1,1,PLX-4720
Data15_GSM2897333_GTGGGTCAGCGATCCC-1,1,PLX-4720
Data15_GSM2897333_GTGGGTCAGGCTAGGT-1,1,PLX-4720
Data15_GSM2897333_GTGGGTCAGGTGCAAC-1,1,PLX-4720
Data15_GSM2897333_GTGGGTCCAGCTGCAC-1,1,PLX-4720
Data15_GSM2897333_GTGGGTCGTCGCATAT-1,1,PLX-4720
Data15_GSM2897333_GTGGGTCTCATGCTCC-1,1,PLX-4720
Data15_GSM2897333_GTGGGTCTCTAACCGA-1,1,PLX-4720
Data15_GSM2897333_GTGGGTCTCTGGAGCC-1,1,PLX-4720
Data15_GSM2897333_GTGTGCGCAAGTTAAG-1,1,PLX-4720
Data15_GSM2897333_GTGTGCGGTGAGGGAG-1,1,PLX-4720
Data15_GSM2897333_GTGTGCGGTGTCCTCT-1,1,PLX-4720
Data15_GSM2897333_GTGTGCGTCTGAGGGA-1,1,PLX-4720
Data15_GSM2897333_GTGTTAGAGGACACCA-1,1,PLX-4720
Data15_GSM2897333_GTGTTAGAGTAAGTAC-1,1,PLX-4720
Data15_GSM2897333_GTGTTAGAGTATCGAA-1,1,PLX-4720
Data15_GSM2897333_GTGTTAGAGTGCTGCC-1,1,PLX-4720
Data15_GSM2897333_GTGTTAGTCTGCTGTC-1,1,PLX-4720
Data15_GSM2897333_GTTAAGCAGGAATTAC-1,1,PLX-4720
Data15_GSM2897333_GTTAAGCAGTGTCTCA-1,1,PLX-4720
Data15_GSM2897333_GTTAAGCCAAAGGAAG-1,1,PLX-4720
Data15_GSM2897333_GTTAAGCCAAGCTGAG-1,1,PLX-4720
Data15_GSM2897333_GTTAAGCTCATTATCC-1,1,PLX-4720
Data15_GSM2897333_GTTAAGCTCTAACTTC-1,1,PLX-4720
Data15_GSM2897333_GTTAAGCTCTGGCGTG-1,1,PLX-4720
Data15_GSM2897333_GTTACAGAGAAGGGTA-1,1,PLX-4720
Data15_GSM2897333_GTTACAGAGCGGCTTC-1,1,PLX-4720
Data15_GSM2897333_GTTACAGCAACTTGAC-1,1,PLX-4720
Data15_GSM2897333_GTTACAGCAAGTACCT-1,1,PLX-4720
Data15_GSM2897333_GTTACAGCACAACGCC-1,1,PLX-4720
Data15_GSM2897333_GTTACAGCAGGGTATG-1,1,PLX-4720
Data15_GSM2897333_GTTACAGGTAAGGATT-1,1,PLX-4720
Data15_GSM2897333_GTTACAGGTATGAATG-1,1,PLX-4720
Data15_GSM2897333_GTTACAGGTCGCGGTT-1,1,PLX-4720
Data15_GSM2897333_GTTACAGTCATATCGG-1,1,PLX-4720
Data15_GSM2897333_GTTACAGTCCAGATCA-1,1,PLX-4720
Data15_GSM2897333_GTTCATTAGAGTAATC-1,1,PLX-4720
Data15_GSM2897333_GTTCATTAGCAGCCTC-1,1,PLX-4720
Data15_GSM2897333_GTTCATTCACACCGAC-1,1,PLX-4720
Data15_GSM2897333_GTTCATTGTCGACTGC-1,1,PLX-4720
Data15_GSM2897333_GTTCATTTCATAAAGG-1,1,PLX-4720
Data15_GSM2897333_GTTCATTTCGATAGAA-1,1,PLX-4720
Data15_GSM2897333_GTTCATTTCTACTATC-1,1,PLX-4720
Data15_GSM2897333_GTTCATTTCTTCGGTC-1,1,PLX-4720
Data15_GSM2897333_GTTCGGGAGATGCGAC-1,1,PLX-4720
Data15_GSM2897333_GTTCGGGAGGCGCTCT-1,1,PLX-4720
Data15_GSM2897333_GTTCGGGCACAGCGTC-1,1,PLX-4720
Data15_GSM2897333_GTTCGGGCAGGGTATG-1,1,PLX-4720
Data15_GSM2897333_GTTCGGGTCAAGGCTT-1,1,PLX-4720
Data15_GSM2897333_GTTCGGGTCAGAGACG-1,1,PLX-4720
Data15_GSM2897333_GTTCGGGTCATGCTCC-1,1,PLX-4720
Data15_GSM2897333_GTTCTCGAGACAAGCC-1,1,PLX-4720
Data15_GSM2897333_GTTCTCGGTCTCATCC-1,1,PLX-4720
Data15_GSM2897333_GTTCTCGGTGTTCGAT-1,1,PLX-4720
Data15_GSM2897333_GTTCTCGTCGGTTAAC-1,1,PLX-4720
Data15_GSM2897333_GTTCTCGTCTGTTTGT-1,1,PLX-4720
Data15_GSM2897333_GTTTCTAAGGGCTTCC-1,1,PLX-4720
Data15_GSM2897333_GTTTCTACAAATTGCC-1,1,PLX-4720
Data15_GSM2897333_GTTTCTACATCACGAT-1,1,PLX-4720
Data15_GSM2897333_GTTTCTAGTAAACCTC-1,1,PLX-4720
Data15_GSM2897333_GTTTCTAGTATTACCG-1,1,PLX-4720
Data15_GSM2897333_GTTTCTAGTCGAATCT-1,1,PLX-4720
Data15_GSM2897333_GTTTCTATCACCCTCA-1,1,PLX-4720
Data15_GSM2897333_TAAACCGAGCTGTCTA-1,1,PLX-4720
Data15_GSM2897333_TAAACCGCACATCCAA-1,1,PLX-4720
Data15_GSM2897333_TAAACCGCATCGGTTA-1,1,PLX-4720
Data15_GSM2897333_TAAACCGGTATAAACG-1,1,PLX-4720
Data15_GSM2897333_TAAACCGTCAGAGACG-1,1,PLX-4720
Data15_GSM2897333_TAAACCGTCCAACCAA-1,1,PLX-4720
Data15_GSM2897333_TAAACCGTCTCCGGTT-1,1,PLX-4720
Data15_GSM2897333_TAAGAGAAGAGACTTA-1,1,PLX-4720
Data15_GSM2897333_TAAGAGACACCAGCAC-1,1,PLX-4720
Data15_GSM2897333_TAAGAGACAGCCTGTG-1,1,PLX-4720
Data15_GSM2897333_TAAGAGACAGGTCCAC-1,1,PLX-4720
Data15_GSM2897333_TAAGAGAGTCTAGAGG-1,1,PLX-4720
Data15_GSM2897333_TAAGAGATCCAACCAA-1,1,PLX-4720
Data15_GSM2897333_TAAGCGTCAGCCAATT-1,1,PLX-4720
Data15_GSM2897333_TAAGCGTTCCCACTTG-1,1,PLX-4720
Data15_GSM2897333_TAAGTGCAGACGACGT-1,1,PLX-4720
Data15_GSM2897333_TAAGTGCCAGTCGATT-1,1,PLX-4720
Data15_GSM2897333_TAAGTGCCATACAGCT-1,1,PLX-4720
Data15_GSM2897333_TACACGAAGATCCCAT-1,1,PLX-4720
Data15_GSM2897333_TACACGAAGTTTGCGT-1,1,PLX-4720
Data15_GSM2897333_TACACGACAAATACAG-1,1,PLX-4720
Data15_GSM2897333_TACACGAGTACACCGC-1,1,PLX-4720
Data15_GSM2897333_TACACGAGTCTCTCTG-1,1,PLX-4720
Data15_GSM2897333_TACAGTGAGGTGTGGT-1,1,PLX-4720
Data15_GSM2897333_TACAGTGAGTGAACAT-1,1,PLX-4720
Data15_GSM2897333_TACAGTGCAGATGGGT-1,1,PLX-4720
Data15_GSM2897333_TACAGTGGTACCATCA-1,1,PLX-4720
Data15_GSM2897333_TACAGTGTCGAGCCCA-1,1,PLX-4720
Data15_GSM2897333_TACAGTGTCTCTGCTG-1,1,PLX-4720
Data15_GSM2897333_TACCTATAGACTGTAA-1,1,PLX-4720
Data15_GSM2897333_TACCTATAGGGTGTTG-1,1,PLX-4720
Data15_GSM2897333_TACCTATCATGCCTTC-1,1,PLX-4720
Data15_GSM2897333_TACCTATGTAGCGCAA-1,1,PLX-4720
Data15_GSM2897333_TACCTATTCACCATAG-1,1,PLX-4720
Data15_GSM2897333_TACCTATTCGGAAATA-1,1,PLX-4720
Data15_GSM2897333_TACCTTAAGAGTACAT-1,1,PLX-4720
Data15_GSM2897333_TACCTTAAGCAGATCG-1,1,PLX-4720
Data15_GSM2897333_TACCTTACAAACCTAC-1,1,PLX-4720
Data15_GSM2897333_TACCTTACAAGCCATT-1,1,PLX-4720
Data15_GSM2897333_TACCTTACAAGGACTG-1,1,PLX-4720
Data15_GSM2897333_TACCTTAGTCCGAACC-1,1,PLX-4720
Data15_GSM2897333_TACCTTATCCTTGACC-1,1,PLX-4720
Data15_GSM2897333_TACGGATAGTGCAAGC-1,1,PLX-4720
Data15_GSM2897333_TACGGATCAACGCACC-1,1,PLX-4720
Data15_GSM2897333_TACGGATCAGGTGGAT-1,1,PLX-4720
Data15_GSM2897333_TACGGATGTAACGACG-1,1,PLX-4720
Data15_GSM2897333_TACGGATGTACTCAAC-1,1,PLX-4720
Data15_GSM2897333_TACGGATGTCCATGAT-1,1,PLX-4720
Data15_GSM2897333_TACGGATGTGTAACGG-1,1,PLX-4720
Data15_GSM2897333_TACGGATTCAAACAAG-1,1,PLX-4720
Data15_GSM2897333_TACGGATTCCTTGGTC-1,1,PLX-4720
Data15_GSM2897333_TACGGATTCGAGAGCA-1,1,PLX-4720
Data15_GSM2897333_TACGGATTCTATCCTA-1,1,PLX-4720
Data15_GSM2897333_TACGGGCAGCTGTTCA-1,1,PLX-4720
Data15_GSM2897333_TACGGGCAGGTGATTA-1,1,PLX-4720
Data15_GSM2897333_TACGGGCCACGACTCG-1,1,PLX-4720
Data15_GSM2897333_TACGGGCGTACATGTC-1,1,PLX-4720
Data15_GSM2897333_TACGGGCGTTGTCTTT-1,1,PLX-4720
Data15_GSM2897333_TACGGGCTCACCTCGT-1,1,PLX-4720
Data15_GSM2897333_TACGGTAAGCGATGAC-1,1,PLX-4720
Data15_GSM2897333_TACGGTAAGGCCGAAT-1,1,PLX-4720
Data15_GSM2897333_TACGGTACACAGGAGT-1,1,PLX-4720
Data15_GSM2897333_TACGGTACACGAAACG-1,1,PLX-4720
Data15_GSM2897333_TACGGTACACTGTTAG-1,1,PLX-4720
Data15_GSM2897333_TACGGTACATATGGTC-1,1,PLX-4720
Data15_GSM2897333_TACGGTACATTTCAGG-1,1,PLX-4720
Data15_GSM2897333_TACGGTAGTCCAGTTA-1,1,PLX-4720
Data15_GSM2897333_TACGGTAGTGAAATCA-1,1,PLX-4720
Data15_GSM2897333_TACGGTAGTGGAAAGA-1,1,PLX-4720
Data15_GSM2897333_TACTCATAGCGGATCA-1,1,PLX-4720
Data15_GSM2897333_TACTCATAGGACGAAA-1,1,PLX-4720
Data15_GSM2897333_TACTCATCAATGCCAT-1,1,PLX-4720
Data15_GSM2897333_TACTCATCATAGAAAC-1,1,PLX-4720
Data15_GSM2897333_TACTCATGTCAAAGCG-1,1,PLX-4720
Data15_GSM2897333_TACTCATGTTGAACTC-1,1,PLX-4720
Data15_GSM2897333_TACTCATTCCGCATAA-1,1,PLX-4720
Data15_GSM2897333_TACTCATTCGGTGTTA-1,1,PLX-4720
Data15_GSM2897333_TACTCGCCATCTATGG-1,1,PLX-4720
Data15_GSM2897333_TACTCGCGTAGCTAAA-1,1,PLX-4720
Data15_GSM2897333_TACTCGCGTCTAACGT-1,1,PLX-4720
Data15_GSM2897333_TACTCGCGTTTGTGTG-1,1,PLX-4720
Data15_GSM2897333_TACTCGCTCCCAAGAT-1,1,PLX-4720
Data15_GSM2897333_TACTCGCTCCCACTTG-1,1,PLX-4720
Data15_GSM2897333_TACTTACAGATAGTCA-1,1,PLX-4720
Data15_GSM2897333_TACTTACAGTGCTGCC-1,1,PLX-4720
Data15_GSM2897333_TACTTACAGTTAAGTG-1,1,PLX-4720
Data15_GSM2897333_TACTTACCACCAGGTC-1,1,PLX-4720
Data15_GSM2897333_TACTTACCATACGCTA-1,1,PLX-4720
Data15_GSM2897333_TACTTACGTAAAGTCA-1,1,PLX-4720
Data15_GSM2897333_TACTTACGTGTTAAGA-1,1,PLX-4720
Data15_GSM2897333_TACTTACTCGCCGTGA-1,1,PLX-4720
Data15_GSM2897333_TACTTACTCGTGACAT-1,1,PLX-4720
Data15_GSM2897333_TACTTACTCTACTTAC-1,1,PLX-4720
Data15_GSM2897333_TACTTGTCAATGTAAG-1,1,PLX-4720
Data15_GSM2897333_TACTTGTCATGGTTGT-1,1,PLX-4720
Data15_GSM2897333_TACTTGTGTCAAAGAT-1,1,PLX-4720
Data15_GSM2897333_TACTTGTTCAAACGGG-1,1,PLX-4720
Data15_GSM2897333_TACTTGTTCACAACGT-1,1,PLX-4720
Data15_GSM2897333_TACTTGTTCAGCACAT-1,1,PLX-4720
Data15_GSM2897333_TACTTGTTCTGCTTGC-1,1,PLX-4720
Data15_GSM2897333_TAGACCAAGAACAATC-1,1,PLX-4720
Data15_GSM2897333_TAGACCAAGCCACCTG-1,1,PLX-4720
Data15_GSM2897333_TAGACCAAGCTCCTTC-1,1,PLX-4720
Data15_GSM2897333_TAGACCAAGGAGTACC-1,1,PLX-4720
Data15_GSM2897333_TAGACCAAGTTCGCAT-1,1,PLX-4720
Data15_GSM2897333_TAGACCACAATGACCT-1,1,PLX-4720
Data15_GSM2897333_TAGACCACACATTCGA-1,1,PLX-4720
Data15_GSM2897333_TAGACCACATTAGGCT-1,1,PLX-4720
Data15_GSM2897333_TAGAGCTAGCATGGCA-1,1,PLX-4720
Data15_GSM2897333_TAGAGCTAGGATCGCA-1,1,PLX-4720
Data15_GSM2897333_TAGAGCTAGGATGGTC-1,1,PLX-4720
Data15_GSM2897333_TAGAGCTCACATGTGT-1,1,PLX-4720
Data15_GSM2897333_TAGAGCTGTCTCACCT-1,1,PLX-4720
Data15_GSM2897333_TAGAGCTGTTGTGGAG-1,1,PLX-4720
Data15_GSM2897333_TAGAGCTTCAACGGGA-1,1,PLX-4720
Data15_GSM2897333_TAGAGCTTCAGGCAAG-1,1,PLX-4720
Data15_GSM2897333_TAGAGCTTCCAGTATG-1,1,PLX-4720
Data15_GSM2897333_TAGAGCTTCTCCAACC-1,1,PLX-4720
Data15_GSM2897333_TAGCCGGTCCGTTGCT-1,1,PLX-4720
Data15_GSM2897333_TAGGCATAGCGGCTTC-1,1,PLX-4720
Data15_GSM2897333_TAGGCATAGGCAATTA-1,1,PLX-4720
Data15_GSM2897333_TAGGCATGTATCTGCA-1,1,PLX-4720
Data15_GSM2897333_TAGGCATGTCCAGTAT-1,1,PLX-4720
Data15_GSM2897333_TAGGCATGTTAGGGTG-1,1,PLX-4720
Data15_GSM2897333_TAGGCATTCCTAAGTG-1,1,PLX-4720
Data15_GSM2897333_TAGGCATTCTTAACCT-1,1,PLX-4720
Data15_GSM2897333_TAGTGGTAGACAAAGG-1,1,PLX-4720
Data15_GSM2897333_TAGTGGTAGTACATGA-1,1,PLX-4720
Data15_GSM2897333_TAGTGGTCAAAGGCGT-1,1,PLX-4720
Data15_GSM2897333_TAGTGGTCAATAACGA-1,1,PLX-4720
Data15_GSM2897333_TAGTGGTCAGTATCTG-1,1,PLX-4720
Data15_GSM2897333_TAGTGGTTCTGGTGTA-1,1,PLX-4720
Data15_GSM2897333_TAGTGGTTCTGTGCAA-1,1,PLX-4720
Data15_GSM2897333_TAGTTGGCATCACGTA-1,1,PLX-4720
Data15_GSM2897333_TAGTTGGGTACCGTAT-1,1,PLX-4720
Data15_GSM2897333_TAGTTGGGTGACGCCT-1,1,PLX-4720
Data15_GSM2897333_TAGTTGGTCACTTATC-1,1,PLX-4720
Data15_GSM2897333_TAGTTGGTCGTTACGA-1,1,PLX-4720
Data15_GSM2897333_TATCAGGAGCCGCCTA-1,1,PLX-4720
Data15_GSM2897333_TATCAGGAGGTAAACT-1,1,PLX-4720
Data15_GSM2897333_TATCAGGCAACGCACC-1,1,PLX-4720
Data15_GSM2897333_TATCAGGCATGTTCCC-1,1,PLX-4720
Data15_GSM2897333_TATCAGGGTCTAAACC-1,1,PLX-4720
Data15_GSM2897333_TATCAGGGTTCTCATT-1,1,PLX-4720
Data15_GSM2897333_TATCAGGTCGATGAGG-1,1,PLX-4720
Data15_GSM2897333_TATCAGGTCGTAGATC-1,1,PLX-4720
Data15_GSM2897333_TATCAGGTCGTCTGAA-1,1,PLX-4720
Data15_GSM2897333_TATCAGGTCTACGAGT-1,1,PLX-4720
Data15_GSM2897333_TATCTCATCCAAGCCG-1,1,PLX-4720
Data15_GSM2897333_TATCTCATCTTTAGTC-1,1,PLX-4720
Data15_GSM2897333_TATGCCCAGAAGCCCA-1,1,PLX-4720
Data15_GSM2897333_TATGCCCAGAGGTAGA-1,1,PLX-4720
Data15_GSM2897333_TATGCCCAGGGCTTGA-1,1,PLX-4720
Data15_GSM2897333_TATGCCCGTCCGAGTC-1,1,PLX-4720
Data15_GSM2897333_TATGCCCGTCTAAAGA-1,1,PLX-4720
Data15_GSM2897333_TATGCCCGTCTAGTGT-1,1,PLX-4720
Data15_GSM2897333_TATGCCCTCATGCTCC-1,1,PLX-4720
Data15_GSM2897333_TATGCCCTCTGCGGCA-1,1,PLX-4720
Data15_GSM2897333_TATTACCAGTGCGTGA-1,1,PLX-4720
Data15_GSM2897333_TATTACCCAGCCTGTG-1,1,PLX-4720
Data15_GSM2897333_TATTACCGTCGCGAAA-1,1,PLX-4720
Data15_GSM2897333_TATTACCTCAACACAC-1,1,PLX-4720
Data15_GSM2897333_TATTACCTCATAAAGG-1,1,PLX-4720
Data15_GSM2897333_TATTACCTCCCGACTT-1,1,PLX-4720
Data15_GSM2897333_TATTACCTCCTTCAAT-1,1,PLX-4720
Data15_GSM2897333_TCAACGAAGACCTAGG-1,1,PLX-4720
Data15_GSM2897333_TCAACGAAGCGTGAAC-1,1,PLX-4720
Data15_GSM2897333_TCAACGAAGGGAAACA-1,1,PLX-4720
Data15_GSM2897333_TCAACGAAGGGTGTTG-1,1,PLX-4720
Data15_GSM2897333_TCAACGACACCCATGG-1,1,PLX-4720
Data15_GSM2897333_TCAACGACATCCCATC-1,1,PLX-4720
Data15_GSM2897333_TCAACGAGTTCGGCAC-1,1,PLX-4720
Data15_GSM2897333_TCAACGATCCCGACTT-1,1,PLX-4720
Data15_GSM2897333_TCAATCTAGACTTGAA-1,1,PLX-4720
Data15_GSM2897333_TCAATCTAGCCACCTG-1,1,PLX-4720
Data15_GSM2897333_TCAATCTAGCCGTCGT-1,1,PLX-4720
Data15_GSM2897333_TCAATCTAGGTCGGAT-1,1,PLX-4720
Data15_GSM2897333_TCAATCTAGGTGACCA-1,1,PLX-4720
Data15_GSM2897333_TCAATCTCAATTCCTT-1,1,PLX-4720
Data15_GSM2897333_TCAATCTCACCCATGG-1,1,PLX-4720
Data15_GSM2897333_TCAATCTGTGGTACAG-1,1,PLX-4720
Data15_GSM2897333_TCAATCTTCGCTTAGA-1,1,PLX-4720
Data15_GSM2897333_TCACAAGAGAGACTAT-1,1,PLX-4720
Data15_GSM2897333_TCACAAGCAATACGCT-1,1,PLX-4720
Data15_GSM2897333_TCACAAGGTACAGACG-1,1,PLX-4720
Data15_GSM2897333_TCACAAGGTGATAAAC-1,1,PLX-4720
Data15_GSM2897333_TCACAAGTCTAACTCT-1,1,PLX-4720
Data15_GSM2897333_TCACGAAAGAGAACAG-1,1,PLX-4720
Data15_GSM2897333_TCACGAAAGGTTCCTA-1,1,PLX-4720
Data15_GSM2897333_TCACGAACATACGCCG-1,1,PLX-4720
Data15_GSM2897333_TCACGAACATGACATC-1,1,PLX-4720
Data15_GSM2897333_TCACGAATCCGTTGTC-1,1,PLX-4720
Data15_GSM2897333_TCAGATGAGGTCATCT-1,1,PLX-4720
Data15_GSM2897333_TCAGATGAGTACGTAA-1,1,PLX-4720
Data15_GSM2897333_TCAGATGCAAGTCATC-1,1,PLX-4720
Data15_GSM2897333_TCAGATGGTCGGGTCT-1,1,PLX-4720
Data15_GSM2897333_TCAGATGGTTACCAGT-1,1,PLX-4720
Data15_GSM2897333_TCAGATGTCCATGAGT-1,1,PLX-4720
Data15_GSM2897333_TCAGATGTCCTCGCAT-1,1,PLX-4720
Data15_GSM2897333_TCAGATGTCTTAGCCC-1,1,PLX-4720
Data15_GSM2897333_TCAGCAACAAGGTTTC-1,1,PLX-4720
Data15_GSM2897333_TCAGCAACAGTACACT-1,1,PLX-4720
Data15_GSM2897333_TCAGCAACATTCTCAT-1,1,PLX-4720
Data15_GSM2897333_TCAGCAAGTCGAATCT-1,1,PLX-4720
Data15_GSM2897333_TCAGCAAGTCGCTTCT-1,1,PLX-4720
Data15_GSM2897333_TCAGCAATCAGGTTCA-1,1,PLX-4720
Data15_GSM2897333_TCAGCAATCGCTGATA-1,1,PLX-4720
Data15_GSM2897333_TCAGCTCAGCACCGCT-1,1,PLX-4720
Data15_GSM2897333_TCAGCTCAGCCCAGCT-1,1,PLX-4720
Data15_GSM2897333_TCAGCTCAGGCACATG-1,1,PLX-4720
Data15_GSM2897333_TCAGCTCCAGATGGGT-1,1,PLX-4720
Data15_GSM2897333_TCAGCTCCATTTCACT-1,1,PLX-4720
Data15_GSM2897333_TCAGGATAGGACAGCT-1,1,PLX-4720
Data15_GSM2897333_TCAGGATCAAAGGCGT-1,1,PLX-4720
Data15_GSM2897333_TCAGGATCAGTAACGG-1,1,PLX-4720
Data15_GSM2897333_TCAGGATGTCATCGGC-1,1,PLX-4720
Data15_GSM2897333_TCAGGATGTGGCTCCA-1,1,PLX-4720
Data15_GSM2897333_TCAGGATGTGTAATGA-1,1,PLX-4720
Data15_GSM2897333_TCAGGATTCGGTGTCG-1,1,PLX-4720
Data15_GSM2897333_TCAGGTAAGCAGCCTC-1,1,PLX-4720
Data15_GSM2897333_TCAGGTAAGCGTAGTG-1,1,PLX-4720
Data15_GSM2897333_TCAGGTAAGTGAAGAG-1,1,PLX-4720
Data15_GSM2897333_TCAGGTACAGCCTTTC-1,1,PLX-4720
Data15_GSM2897333_TCAGGTAGTGCAGACA-1,1,PLX-4720
Data15_GSM2897333_TCAGGTATCACATAGC-1,1,PLX-4720
Data15_GSM2897333_TCAGGTATCGCCAAAT-1,1,PLX-4720
Data15_GSM2897333_TCATTACCACCACCAG-1,1,PLX-4720
Data15_GSM2897333_TCATTACGTCTGGTCG-1,1,PLX-4720
Data15_GSM2897333_TCATTACTCGCCTGTT-1,1,PLX-4720
Data15_GSM2897333_TCATTACTCGGTTCGG-1,1,PLX-4720
Data15_GSM2897333_TCATTTGAGCTTCGCG-1,1,PLX-4720
Data15_GSM2897333_TCATTTGCACGGTGTC-1,1,PLX-4720
Data15_GSM2897333_TCATTTGGTGCGGTAA-1,1,PLX-4720
Data15_GSM2897333_TCCACACAGATCTGAA-1,1,PLX-4720
Data15_GSM2897333_TCCACACAGTCTTGCA-1,1,PLX-4720
Data15_GSM2897333_TCCACACCAATGGAAT-1,1,PLX-4720
Data15_GSM2897333_TCCACACCACAGGTTT-1,1,PLX-4720
Data15_GSM2897333_TCCACACCATCAGTCA-1,1,PLX-4720
Data15_GSM2897333_TCCACACGTGAGTGAC-1,1,PLX-4720
Data15_GSM2897333_TCCACACTCACATAGC-1,1,PLX-4720
Data15_GSM2897333_TCCACACTCGTTACGA-1,1,PLX-4720
Data15_GSM2897333_TCCCGATAGAAAGTGG-1,1,PLX-4720
Data15_GSM2897333_TCCCGATCAAGCCGTC-1,1,PLX-4720
Data15_GSM2897333_TCCCGATCAGTCACTA-1,1,PLX-4720
Data15_GSM2897333_TCCCGATTCCGTAGGC-1,1,PLX-4720
Data15_GSM2897333_TCCCGATTCTTTACGT-1,1,PLX-4720
Data15_GSM2897333_TCGAGGCAGCCAGAAC-1,1,PLX-4720
Data15_GSM2897333_TCGAGGCAGGGCTTGA-1,1,PLX-4720
Data15_GSM2897333_TCGAGGCCAATCTGCA-1,1,PLX-4720
Data15_GSM2897333_TCGAGGCCAATGAATG-1,1,PLX-4720
Data15_GSM2897333_TCGAGGCCATATACGC-1,1,PLX-4720
Data15_GSM2897333_TCGAGGCCATGTCCTC-1,1,PLX-4720
Data15_GSM2897333_TCGAGGCTCAGGATCT-1,1,PLX-4720
Data15_GSM2897333_TCGAGGCTCGCAAGCC-1,1,PLX-4720
Data15_GSM2897333_TCGAGGCTCGGTCCGA-1,1,PLX-4720
Data15_GSM2897333_TCGCGAGAGACCACGA-1,1,PLX-4720
Data15_GSM2897333_TCGCGAGAGATGAGAG-1,1,PLX-4720
Data15_GSM2897333_TCGCGAGAGCCAGAAC-1,1,PLX-4720
Data15_GSM2897333_TCGCGAGCACTTAACG-1,1,PLX-4720
Data15_GSM2897333_TCGCGAGGTATAATGG-1,1,PLX-4720
Data15_GSM2897333_TCGCGAGGTTGATTCG-1,1,PLX-4720
Data15_GSM2897333_TCGCGAGTCACCGGGT-1,1,PLX-4720
Data15_GSM2897333_TCGCGAGTCAGTTTGG-1,1,PLX-4720
Data15_GSM2897333_TCGCGAGTCATCGCTC-1,1,PLX-4720
Data15_GSM2897333_TCGCGAGTCGGTGTTA-1,1,PLX-4720
Data15_GSM2897333_TCGCGAGTCTGCGGCA-1,1,PLX-4720
Data15_GSM2897333_TCGCGTTAGATCGGGT-1,1,PLX-4720
Data15_GSM2897333_TCGCGTTAGGTGATAT-1,1,PLX-4720
Data15_GSM2897333_TCGCGTTGTACCGTTA-1,1,PLX-4720
Data15_GSM2897333_TCGCGTTTCAGTGCAT-1,1,PLX-4720
Data15_GSM2897333_TCGCGTTTCCGTTGTC-1,1,PLX-4720
Data15_GSM2897333_TCGCGTTTCCTGTAGA-1,1,PLX-4720
Data15_GSM2897333_TCGCGTTTCGAATGGG-1,1,PLX-4720
Data15_GSM2897333_TCGGGACAGACCTAGG-1,1,PLX-4720
Data15_GSM2897333_TCGGGACAGCGATAGC-1,1,PLX-4720
Data15_GSM2897333_TCGGGACAGCTAACAA-1,1,PLX-4720
Data15_GSM2897333_TCGGGACCAAACTGCT-1,1,PLX-4720
Data15_GSM2897333_TCGGGACCATTATCTC-1,1,PLX-4720
Data15_GSM2897333_TCGGGACGTCTTTCAT-1,1,PLX-4720
Data15_GSM2897333_TCGGGACGTTCCCGAG-1,1,PLX-4720
Data15_GSM2897333_TCGGGACTCGTCTGCT-1,1,PLX-4720
Data15_GSM2897333_TCGGTAACAACCGCCA-1,1,PLX-4720
Data15_GSM2897333_TCGGTAACAGCTGTTA-1,1,PLX-4720
Data15_GSM2897333_TCGGTAACATCCTTGC-1,1,PLX-4720
Data15_GSM2897333_TCGGTAACATGTCTCC-1,1,PLX-4720
Data15_GSM2897333_TCGGTAAGTAGCTGCC-1,1,PLX-4720
Data15_GSM2897333_TCGGTAAGTTGATTCG-1,1,PLX-4720
Data15_GSM2897333_TCGGTAATCCACGAAT-1,1,PLX-4720
Data15_GSM2897333_TCGGTAATCTCGTTTA-1,1,PLX-4720
Data15_GSM2897333_TCGGTAATCTTCCTTC-1,1,PLX-4720
Data15_GSM2897333_TCGTACCAGAACAACT-1,1,PLX-4720
Data15_GSM2897333_TCGTACCGTTGGTAAA-1,1,PLX-4720
Data15_GSM2897333_TCGTACCTCATGCAAC-1,1,PLX-4720
Data15_GSM2897333_TCGTAGAAGCGTTGCC-1,1,PLX-4720
Data15_GSM2897333_TCGTAGAAGTAGATGT-1,1,PLX-4720
Data15_GSM2897333_TCGTAGACACATTAGC-1,1,PLX-4720
Data15_GSM2897333_TCGTAGAGTAATCGTC-1,1,PLX-4720
Data15_GSM2897333_TCGTAGAGTACCAGTT-1,1,PLX-4720
Data15_GSM2897333_TCGTAGAGTCGGCACT-1,1,PLX-4720
Data15_GSM2897333_TCGTAGATCATCGCTC-1,1,PLX-4720
Data15_GSM2897333_TCGTAGATCATGGTCA-1,1,PLX-4720
Data15_GSM2897333_TCTATTGAGGGAACGG-1,1,PLX-4720
Data15_GSM2897333_TCTATTGAGGTTACCT-1,1,PLX-4720
Data15_GSM2897333_TCTATTGAGTGCAAGC-1,1,PLX-4720
Data15_GSM2897333_TCTATTGGTATTCGTG-1,1,PLX-4720
Data15_GSM2897333_TCTATTGGTCTGATCA-1,1,PLX-4720
Data15_GSM2897333_TCTATTGTCAGGCCCA-1,1,PLX-4720
Data15_GSM2897333_TCTATTGTCGGTGTTA-1,1,PLX-4720
Data15_GSM2897333_TCTCATACAAGCGAGT-1,1,PLX-4720
Data15_GSM2897333_TCTCATAGTGCAACTT-1,1,PLX-4720
Data15_GSM2897333_TCTCTAAAGGATGTAT-1,1,PLX-4720
Data15_GSM2897333_TCTCTAAAGGCGTACA-1,1,PLX-4720
Data15_GSM2897333_TCTCTAACAAGTCATC-1,1,PLX-4720
Data15_GSM2897333_TCTCTAACAATAGCGG-1,1,PLX-4720
Data15_GSM2897333_TCTCTAAGTATAGTAG-1,1,PLX-4720
Data15_GSM2897333_TCTCTAATCAGTTGAC-1,1,PLX-4720
Data15_GSM2897333_TCTCTAATCGAACGGA-1,1,PLX-4720
Data15_GSM2897333_TCTGAGAAGCCTCGTG-1,1,PLX-4720
Data15_GSM2897333_TCTGAGAAGTCATCCA-1,1,PLX-4720
Data15_GSM2897333_TCTGAGAGTATCACCA-1,1,PLX-4720
Data15_GSM2897333_TCTGAGAGTGTCGCTG-1,1,PLX-4720
Data15_GSM2897333_TCTGAGATCGGCATCG-1,1,PLX-4720
Data15_GSM2897333_TCTGAGATCGTTGCCT-1,1,PLX-4720
Data15_GSM2897333_TCTGGAAAGACAGGCT-1,1,PLX-4720
Data15_GSM2897333_TCTGGAAAGCTTCGCG-1,1,PLX-4720
Data15_GSM2897333_TCTGGAAAGGTGACCA-1,1,PLX-4720
Data15_GSM2897333_TCTGGAAAGTGAACAT-1,1,PLX-4720
Data15_GSM2897333_TCTGGAAGTCCTAGCG-1,1,PLX-4720
Data15_GSM2897333_TCTGGAAGTGCACCAC-1,1,PLX-4720
Data15_GSM2897333_TCTGGAAGTTACGGAG-1,1,PLX-4720
Data15_GSM2897333_TCTGGAATCCCAAGTA-1,1,PLX-4720
Data15_GSM2897333_TCTGGAATCGCGGATC-1,1,PLX-4720
Data15_GSM2897333_TCTTCGGGTAAACCTC-1,1,PLX-4720
Data15_GSM2897333_TCTTCGGTCCCAAGAT-1,1,PLX-4720
Data15_GSM2897333_TCTTTCCAGCACCGTC-1,1,PLX-4720
Data15_GSM2897333_TCTTTCCAGCTGCAAG-1,1,PLX-4720
Data15_GSM2897333_TCTTTCCGTAGCGTGA-1,1,PLX-4720
Data15_GSM2897333_TCTTTCCGTGCCTGGT-1,1,PLX-4720
Data15_GSM2897333_TCTTTCCTCAGGCCCA-1,1,PLX-4720
Data15_GSM2897333_TCTTTCCTCCAGTAGT-1,1,PLX-4720
Data15_GSM2897333_TCTTTCCTCCTCTAGC-1,1,PLX-4720
Data15_GSM2897333_TCTTTCCTCGCACTCT-1,1,PLX-4720
Data15_GSM2897333_TGAAAGAAGAAACCAT-1,1,PLX-4720
Data15_GSM2897333_TGAAAGAAGAAACCTA-1,1,PLX-4720
Data15_GSM2897333_TGAAAGAGTCATACTG-1,1,PLX-4720
Data15_GSM2897333_TGAAAGAGTGAGGGAG-1,1,PLX-4720
Data15_GSM2897333_TGAAAGAGTTCTGAAC-1,1,PLX-4720
Data15_GSM2897333_TGAAAGATCGAGGTAG-1,1,PLX-4720
Data15_GSM2897333_TGAAAGATCGCCATAA-1,1,PLX-4720
Data15_GSM2897333_TGAAAGATCGTCTGAA-1,1,PLX-4720
Data15_GSM2897333_TGAAAGATCTGGCGTG-1,1,PLX-4720
Data15_GSM2897333_TGAAAGATCTTAGCCC-1,1,PLX-4720
Data15_GSM2897333_TGACAACAGCAGCCTC-1,1,PLX-4720
Data15_GSM2897333_TGACAACAGCCTATGT-1,1,PLX-4720
Data15_GSM2897333_TGACAACAGTGTACTC-1,1,PLX-4720
Data15_GSM2897333_TGACAACAGTTAACGA-1,1,PLX-4720
Data15_GSM2897333_TGACAACAGTTAGCGG-1,1,PLX-4720
Data15_GSM2897333_TGACAACCAATGGAAT-1,1,PLX-4720
Data15_GSM2897333_TGACAACCACCACCAG-1,1,PLX-4720
Data15_GSM2897333_TGACAACCAGTGGGAT-1,1,PLX-4720
Data15_GSM2897333_TGACAACGTTCGTTGA-1,1,PLX-4720
Data15_GSM2897333_TGACAACTCCAAACAC-1,1,PLX-4720
Data15_GSM2897333_TGACAACTCGTTTATC-1,1,PLX-4720
Data15_GSM2897333_TGACGGCAGTTGAGAT-1,1,PLX-4720
Data15_GSM2897333_TGACGGCCATCGACGC-1,1,PLX-4720
Data15_GSM2897333_TGACGGCGTACTCTCC-1,1,PLX-4720
Data15_GSM2897333_TGACGGCTCTTCATGT-1,1,PLX-4720
Data15_GSM2897333_TGACGGCTCTTCGAGA-1,1,PLX-4720
Data15_GSM2897333_TGACTAGAGGCACATG-1,1,PLX-4720
Data15_GSM2897333_TGACTAGAGGGTTTCT-1,1,PLX-4720
Data15_GSM2897333_TGACTAGAGGTGCTTT-1,1,PLX-4720
Data15_GSM2897333_TGACTAGCAGCGTTCG-1,1,PLX-4720
Data15_GSM2897333_TGACTAGCAGTCGATT-1,1,PLX-4720
Data15_GSM2897333_TGACTAGGTCAGATAA-1,1,PLX-4720
Data15_GSM2897333_TGACTAGGTCTAGCCG-1,1,PLX-4720
Data15_GSM2897333_TGACTAGTCGCTAGCG-1,1,PLX-4720
Data15_GSM2897333_TGACTTTAGATCGATA-1,1,PLX-4720
Data15_GSM2897333_TGACTTTAGTGTTTGC-1,1,PLX-4720
Data15_GSM2897333_TGACTTTCAAACAACA-1,1,PLX-4720
Data15_GSM2897333_TGACTTTCATCTCGCT-1,1,PLX-4720
Data15_GSM2897333_TGACTTTGTCCCGACA-1,1,PLX-4720
Data15_GSM2897333_TGACTTTTCGAACTGT-1,1,PLX-4720
Data15_GSM2897333_TGACTTTTCGCACTCT-1,1,PLX-4720
Data15_GSM2897333_TGACTTTTCGTGACAT-1,1,PLX-4720
Data15_GSM2897333_TGACTTTTCTGAGGGA-1,1,PLX-4720
Data15_GSM2897333_TGAGAGGAGACTACAA-1,1,PLX-4720
Data15_GSM2897333_TGAGAGGAGGTGACCA-1,1,PLX-4720
Data15_GSM2897333_TGAGAGGAGTGGAGTC-1,1,PLX-4720
Data15_GSM2897333_TGAGAGGCAAGACGTG-1,1,PLX-4720
Data15_GSM2897333_TGAGAGGCAGACGCTC-1,1,PLX-4720
Data15_GSM2897333_TGAGAGGTCAGCCTAA-1,1,PLX-4720
Data15_GSM2897333_TGAGAGGTCATGCAAC-1,1,PLX-4720
Data15_GSM2897333_TGAGAGGTCCCAAGAT-1,1,PLX-4720
Data15_GSM2897333_TGAGAGGTCGTTGCCT-1,1,PLX-4720
Data15_GSM2897333_TGAGCATAGCTGCAAG-1,1,PLX-4720
Data15_GSM2897333_TGAGCATCAGCTGTAT-1,1,PLX-4720
Data15_GSM2897333_TGAGCATCATGCCACG-1,1,PLX-4720
Data15_GSM2897333_TGAGCATGTAGAGCTG-1,1,PLX-4720
Data15_GSM2897333_TGAGCATGTCGAGTTT-1,1,PLX-4720
Data15_GSM2897333_TGAGCATGTTACGTCA-1,1,PLX-4720
Data15_GSM2897333_TGAGCATGTTTGTTGG-1,1,PLX-4720
Data15_GSM2897333_TGAGCATTCAAGGTAA-1,1,PLX-4720
Data15_GSM2897333_TGAGCATTCAGTACGT-1,1,PLX-4720
Data15_GSM2897333_TGAGCCGAGTAATCCC-1,1,PLX-4720
Data15_GSM2897333_TGAGCCGCACTACAGT-1,1,PLX-4720
Data15_GSM2897333_TGAGCCGCAGGTCTCG-1,1,PLX-4720
Data15_GSM2897333_TGAGCCGTCAAACGGG-1,1,PLX-4720
Data15_GSM2897333_TGAGCCGTCGTTACAG-1,1,PLX-4720
Data15_GSM2897333_TGAGGGACACTACAGT-1,1,PLX-4720
Data15_GSM2897333_TGAGGGACAGTAAGCG-1,1,PLX-4720
Data15_GSM2897333_TGAGGGAGTAGATTAG-1,1,PLX-4720
Data15_GSM2897333_TGAGGGAGTAGCGCAA-1,1,PLX-4720
Data15_GSM2897333_TGAGGGAGTCAAAGCG-1,1,PLX-4720
Data15_GSM2897333_TGAGGGAGTCCGTCAG-1,1,PLX-4720
Data15_GSM2897333_TGAGGGAGTCTACCTC-1,1,PLX-4720
Data15_GSM2897333_TGAGGGAGTGACGGTA-1,1,PLX-4720
Data15_GSM2897333_TGAGGGAGTGTTCTTT-1,1,PLX-4720
Data15_GSM2897333_TGAGGGAGTTACGCGC-1,1,PLX-4720
Data15_GSM2897333_TGAGGGAGTTGATTCG-1,1,PLX-4720
Data15_GSM2897333_TGAGGGATCCATTCTA-1,1,PLX-4720
Data15_GSM2897333_TGAGGGATCTACTATC-1,1,PLX-4720
Data15_GSM2897333_TGATTTCAGCGTTCCG-1,1,PLX-4720
Data15_GSM2897333_TGATTTCAGTCATCCA-1,1,PLX-4720
Data15_GSM2897333_TGATTTCAGTTCCACA-1,1,PLX-4720
Data15_GSM2897333_TGATTTCCACCGATAT-1,1,PLX-4720
Data15_GSM2897333_TGATTTCCATGTCTCC-1,1,PLX-4720
Data15_GSM2897333_TGATTTCGTACTTCTT-1,1,PLX-4720
Data15_GSM2897333_TGATTTCGTCCTGCTT-1,1,PLX-4720
Data15_GSM2897333_TGATTTCGTTCCAACA-1,1,PLX-4720
Data15_GSM2897333_TGCACCTCAAGCCTAT-1,1,PLX-4720
Data15_GSM2897333_TGCACCTGTGTAAGTA-1,1,PLX-4720
Data15_GSM2897333_TGCACCTTCGCCATAA-1,1,PLX-4720
Data15_GSM2897333_TGCACCTTCTTGCAAG-1,1,PLX-4720
Data15_GSM2897333_TGCCAAAAGAGACTTA-1,1,PLX-4720
Data15_GSM2897333_TGCCAAAAGATGAGAG-1,1,PLX-4720
Data15_GSM2897333_TGCCAAAAGCGCCTCA-1,1,PLX-4720
Data15_GSM2897333_TGCCAAAGTAAATACG-1,1,PLX-4720
Data15_GSM2897333_TGCCAAATCGCCGTGA-1,1,PLX-4720
Data15_GSM2897333_TGCCCATCACTGCCAG-1,1,PLX-4720
Data15_GSM2897333_TGCCCATCATCAGTAC-1,1,PLX-4720
Data15_GSM2897333_TGCCCATCATGCAACT-1,1,PLX-4720
Data15_GSM2897333_TGCCCATCATTGTGCA-1,1,PLX-4720
Data15_GSM2897333_TGCCCATGTTAAGTAG-1,1,PLX-4720
Data15_GSM2897333_TGCCCTAAGGCAGTCA-1,1,PLX-4720
Data15_GSM2897333_TGCCCTACAATCGAAA-1,1,PLX-4720
Data15_GSM2897333_TGCCCTACATCCTAGA-1,1,PLX-4720
Data15_GSM2897333_TGCCCTAGTACAGCAG-1,1,PLX-4720
Data15_GSM2897333_TGCCCTAGTATGAATG-1,1,PLX-4720
Data15_GSM2897333_TGCCCTAGTCTCGTTC-1,1,PLX-4720
Data15_GSM2897333_TGCCCTATCAACACGT-1,1,PLX-4720
Data15_GSM2897333_TGCGCAGAGATGGGTC-1,1,PLX-4720
Data15_GSM2897333_TGCGCAGAGATGTCGG-1,1,PLX-4720
Data15_GSM2897333_TGCGCAGAGTGAATTG-1,1,PLX-4720
Data15_GSM2897333_TGCGCAGCATAGTAAG-1,1,PLX-4720
Data15_GSM2897333_TGCGCAGGTAGCGTGA-1,1,PLX-4720
Data15_GSM2897333_TGCGCAGGTCTAGAGG-1,1,PLX-4720
Data15_GSM2897333_TGCGCAGGTGTTTGGT-1,1,PLX-4720
Data15_GSM2897333_TGCGGGTAGATCGATA-1,1,PLX-4720
Data15_GSM2897333_TGCGGGTAGCCCTAAT-1,1,PLX-4720
Data15_GSM2897333_TGCGGGTCATGGATGG-1,1,PLX-4720
Data15_GSM2897333_TGCGGGTTCGCGCCAA-1,1,PLX-4720
Data15_GSM2897333_TGCGGGTTCGCGTTTC-1,1,PLX-4720
Data15_GSM2897333_TGCGGGTTCTGCTGTC-1,1,PLX-4720
Data15_GSM2897333_TGCGTGGAGTTAGCGG-1,1,PLX-4720
Data15_GSM2897333_TGCGTGGCACTGTCGG-1,1,PLX-4720
Data15_GSM2897333_TGCGTGGGTAAACACA-1,1,PLX-4720
Data15_GSM2897333_TGCGTGGGTGCTGTAT-1,1,PLX-4720
Data15_GSM2897333_TGCGTGGTCATGTAGC-1,1,PLX-4720
Data15_GSM2897333_TGCGTGGTCGCAAACT-1,1,PLX-4720
Data15_GSM2897333_TGCGTGGTCGCGTTTC-1,1,PLX-4720
Data15_GSM2897333_TGCTACCCATACGCCG-1,1,PLX-4720
Data15_GSM2897333_TGCTACCGTACTCGCG-1,1,PLX-4720
Data15_GSM2897333_TGCTACCGTCGGGTCT-1,1,PLX-4720
Data15_GSM2897333_TGCTACCGTTACAGAA-1,1,PLX-4720
Data15_GSM2897333_TGCTACCGTTCACCTC-1,1,PLX-4720
Data15_GSM2897333_TGCTACCTCCCTCTTT-1,1,PLX-4720
Data15_GSM2897333_TGCTACCTCGTAGATC-1,1,PLX-4720
Data15_GSM2897333_TGCTACCTCTACGAGT-1,1,PLX-4720
Data15_GSM2897333_TGCTACCTCTAGAGTC-1,1,PLX-4720
Data15_GSM2897333_TGCTGCTAGCATGGCA-1,1,PLX-4720
Data15_GSM2897333_TGCTGCTCAAGTTCTG-1,1,PLX-4720
Data15_GSM2897333_TGCTGCTCACTTCTGC-1,1,PLX-4720
Data15_GSM2897333_TGCTGCTCATCTATGG-1,1,PLX-4720
Data15_GSM2897333_TGCTGCTGTCCGTGAC-1,1,PLX-4720
Data15_GSM2897333_TGGACGCAGATCCCGC-1,1,PLX-4720
Data15_GSM2897333_TGGACGCCAAGCCCAC-1,1,PLX-4720
Data15_GSM2897333_TGGACGCCAGACGCCT-1,1,PLX-4720
Data15_GSM2897333_TGGACGCCATGGTCAT-1,1,PLX-4720
Data15_GSM2897333_TGGACGCCATGTAAGA-1,1,PLX-4720
Data15_GSM2897333_TGGACGCCATGTAGTC-1,1,PLX-4720
Data15_GSM2897333_TGGACGCTCGTATCAG-1,1,PLX-4720
Data15_GSM2897333_TGGACGCTCGTGGTCG-1,1,PLX-4720
Data15_GSM2897333_TGGACGCTCTCTGTCG-1,1,PLX-4720
Data15_GSM2897333_TGGCCAGAGTGAACGC-1,1,PLX-4720
Data15_GSM2897333_TGGCCAGCACCGAAAG-1,1,PLX-4720
Data15_GSM2897333_TGGCCAGCATATGGTC-1,1,PLX-4720
Data15_GSM2897333_TGGCCAGGTCTTGCGG-1,1,PLX-4720
Data15_GSM2897333_TGGCCAGTCGTCCGTT-1,1,PLX-4720
Data15_GSM2897333_TGGCGCAAGCACCGCT-1,1,PLX-4720
Data15_GSM2897333_TGGCGCAAGTGTTAGA-1,1,PLX-4720
Data15_GSM2897333_TGGCGCACAATTGCTG-1,1,PLX-4720
Data15_GSM2897333_TGGCGCACACGAAGCA-1,1,PLX-4720
Data15_GSM2897333_TGGCGCAGTAGCGTAG-1,1,PLX-4720
Data15_GSM2897333_TGGCGCAGTCGAACAG-1,1,PLX-4720
Data15_GSM2897333_TGGCGCAGTTAAAGAC-1,1,PLX-4720
Data15_GSM2897333_TGGCGCAGTTATGCGT-1,1,PLX-4720
Data15_GSM2897333_TGGCGCAGTTATGTGC-1,1,PLX-4720
Data15_GSM2897333_TGGCGCATCACTTCAT-1,1,PLX-4720
Data15_GSM2897333_TGGCGCATCAGCATGT-1,1,PLX-4720
Data15_GSM2897333_TGGCTGGAGCCAGAAC-1,1,PLX-4720
Data15_GSM2897333_TGGCTGGAGCTTATCG-1,1,PLX-4720
Data15_GSM2897333_TGGCTGGAGGAGTACC-1,1,PLX-4720
Data15_GSM2897333_TGGCTGGAGTCTCAAC-1,1,PLX-4720
Data15_GSM2897333_TGGCTGGCAAACAACA-1,1,PLX-4720
Data15_GSM2897333_TGGCTGGCATGCCCGA-1,1,PLX-4720
Data15_GSM2897333_TGGCTGGCATGTCTCC-1,1,PLX-4720
Data15_GSM2897333_TGGCTGGGTATGCTTG-1,1,PLX-4720
Data15_GSM2897333_TGGCTGGGTCCATCCT-1,1,PLX-4720
Data15_GSM2897333_TGGCTGGGTTAAGTAG-1,1,PLX-4720
Data15_GSM2897333_TGGCTGGGTTCCATGA-1,1,PLX-4720
Data15_GSM2897333_TGGCTGGTCATTGCCC-1,1,PLX-4720
Data15_GSM2897333_TGGCTGGTCCTCTAGC-1,1,PLX-4720
Data15_GSM2897333_TGGGAAGAGCGAAGGG-1,1,PLX-4720
Data15_GSM2897333_TGGGAAGAGTTTCCTT-1,1,PLX-4720
Data15_GSM2897333_TGGGAAGCAGCCTTGG-1,1,PLX-4720
Data15_GSM2897333_TGGGAAGCATCGATTG-1,1,PLX-4720
Data15_GSM2897333_TGGGAAGGTAGCACGA-1,1,PLX-4720
Data15_GSM2897333_TGGGAAGTCACGACTA-1,1,PLX-4720
Data15_GSM2897333_TGGGAAGTCAGTTGAC-1,1,PLX-4720
Data15_GSM2897333_TGGGAAGTCTGTTGAG-1,1,PLX-4720
Data15_GSM2897333_TGGGCGTAGCGTAATA-1,1,PLX-4720
Data15_GSM2897333_TGGGCGTAGCGTGTCC-1,1,PLX-4720
Data15_GSM2897333_TGGGCGTAGGGAGTAA-1,1,PLX-4720
Data15_GSM2897333_TGGGCGTCAGCTCGAC-1,1,PLX-4720
Data15_GSM2897333_TGGGCGTGTTTGACAC-1,1,PLX-4720
Data15_GSM2897333_TGGGCGTGTTTGTTGG-1,1,PLX-4720
Data15_GSM2897333_TGGGCGTTCGACAGCC-1,1,PLX-4720
Data15_GSM2897333_TGGTTAGAGAGTACCG-1,1,PLX-4720
Data15_GSM2897333_TGGTTAGAGCCAACAG-1,1,PLX-4720
Data15_GSM2897333_TGGTTAGGTAAATACG-1,1,PLX-4720
Data15_GSM2897333_TGGTTAGGTTCGTCTC-1,1,PLX-4720
Data15_GSM2897333_TGGTTAGGTTCTGTTT-1,1,PLX-4720
Data15_GSM2897333_TGGTTAGTCAGAGGTG-1,1,PLX-4720
Data15_GSM2897333_TGGTTAGTCGTTTGCC-1,1,PLX-4720
Data15_GSM2897333_TGGTTCCAGAAGATTC-1,1,PLX-4720
Data15_GSM2897333_TGGTTCCAGGATCGCA-1,1,PLX-4720
Data15_GSM2897333_TGGTTCCAGGTGATAT-1,1,PLX-4720
Data15_GSM2897333_TGGTTCCCAAGCCGCT-1,1,PLX-4720
Data15_GSM2897333_TGGTTCCCATGCGCAC-1,1,PLX-4720
Data15_GSM2897333_TGGTTCCCATTACGAC-1,1,PLX-4720
Data15_GSM2897333_TGGTTCCCATTTCAGG-1,1,PLX-4720
Data15_GSM2897333_TGGTTCCGTACATGTC-1,1,PLX-4720
Data15_GSM2897333_TGGTTCCGTGCCTGGT-1,1,PLX-4720
Data15_GSM2897333_TGGTTCCGTTCTGGTA-1,1,PLX-4720
Data15_GSM2897333_TGGTTCCTCTCCAACC-1,1,PLX-4720
Data15_GSM2897333_TGTATTCAGGATGCGT-1,1,PLX-4720
Data15_GSM2897333_TGTATTCCAAAGGAAG-1,1,PLX-4720
Data15_GSM2897333_TGTATTCCACCACGTG-1,1,PLX-4720
Data15_GSM2897333_TGTATTCCAGCCAATT-1,1,PLX-4720
Data15_GSM2897333_TGTATTCCAGGAATGC-1,1,PLX-4720
Data15_GSM2897333_TGTATTCCAGGGTACA-1,1,PLX-4720
Data15_GSM2897333_TGTATTCCATCGGAAG-1,1,PLX-4720
Data15_GSM2897333_TGTATTCCATCTATGG-1,1,PLX-4720
Data15_GSM2897333_TGTATTCGTAAGTTCC-1,1,PLX-4720
Data15_GSM2897333_TGTATTCGTGTCAATC-1,1,PLX-4720
Data15_GSM2897333_TGTATTCTCATTATCC-1,1,PLX-4720
Data15_GSM2897333_TGTATTCTCCAAGCCG-1,1,PLX-4720
Data15_GSM2897333_TGTCCCAAGGGAAACA-1,1,PLX-4720
Data15_GSM2897333_TGTCCCAGTATCGCAT-1,1,PLX-4720
Data15_GSM2897333_TGTCCCAGTCCAGTTA-1,1,PLX-4720
Data15_GSM2897333_TGTCCCATCAGGTTCA-1,1,PLX-4720
Data15_GSM2897333_TGTCCCATCGTTTAGG-1,1,PLX-4720
Data15_GSM2897333_TGTCCCATCTCTGCTG-1,1,PLX-4720
Data15_GSM2897333_TGTGGTACAAGTCATC-1,1,PLX-4720
Data15_GSM2897333_TGTGGTACATCGACGC-1,1,PLX-4720
Data15_GSM2897333_TGTGGTAGTCCTCTTG-1,1,PLX-4720
Data15_GSM2897333_TGTGGTATCACGCATA-1,1,PLX-4720
Data15_GSM2897333_TGTGGTATCCCTGACT-1,1,PLX-4720
Data15_GSM2897333_TGTGGTATCGCCGTGA-1,1,PLX-4720
Data15_GSM2897333_TGTGTTTGTTCAGTAC-1,1,PLX-4720
Data15_GSM2897333_TGTGTTTTCAGCTGGC-1,1,PLX-4720
Data15_GSM2897333_TGTTCCGAGAGTAATC-1,1,PLX-4720
Data15_GSM2897333_TGTTCCGAGGCATGGT-1,1,PLX-4720
Data15_GSM2897333_TGTTCCGAGGGTGTTG-1,1,PLX-4720
Data15_GSM2897333_TGTTCCGCAGTAACGG-1,1,PLX-4720
Data15_GSM2897333_TGTTCCGGTTATGCGT-1,1,PLX-4720
Data15_GSM2897333_TGTTCCGTCCATGAAC-1,1,PLX-4720
Data15_GSM2897333_TGTTCCGTCCTCGCAT-1,1,PLX-4720
Data15_GSM2897333_TGTTCCGTCGGCGCTA-1,1,PLX-4720
Data15_GSM2897333_TTAACTCAGGATGGTC-1,1,PLX-4720
Data15_GSM2897333_TTAACTCAGTAGGTGC-1,1,PLX-4720
Data15_GSM2897333_TTAACTCAGTGTTGAA-1,1,PLX-4720
Data15_GSM2897333_TTAACTCCACAGGAGT-1,1,PLX-4720
Data15_GSM2897333_TTAACTCCAGTATAAG-1,1,PLX-4720
Data15_GSM2897333_TTAACTCCATTGCGGC-1,1,PLX-4720
Data15_GSM2897333_TTAACTCTCCCACTTG-1,1,PLX-4720
Data15_GSM2897333_TTAACTCTCGGCGGTT-1,1,PLX-4720
Data15_GSM2897333_TTAACTCTCTCTGAGA-1,1,PLX-4720
Data15_GSM2897333_TTAGGACAGATCTGCT-1,1,PLX-4720
Data15_GSM2897333_TTAGGACCATAAGACA-1,1,PLX-4720
Data15_GSM2897333_TTAGGACGTGAGCGAT-1,1,PLX-4720
Data15_GSM2897333_TTAGGACTCTTGGGTA-1,1,PLX-4720
Data15_GSM2897333_TTAGGCAAGCACCGCT-1,1,PLX-4720
Data15_GSM2897333_TTAGGCACAAAGGTGC-1,1,PLX-4720
Data15_GSM2897333_TTAGGCACAAAGTGCG-1,1,PLX-4720
Data15_GSM2897333_TTAGGCACACCAGATT-1,1,PLX-4720
Data15_GSM2897333_TTAGGCACAGACTCGC-1,1,PLX-4720
Data15_GSM2897333_TTAGGCACAGCTTCGG-1,1,PLX-4720
Data15_GSM2897333_TTAGGCACAGTGGGAT-1,1,PLX-4720
Data15_GSM2897333_TTAGGCAGTACGACCC-1,1,PLX-4720
Data15_GSM2897333_TTAGGCAGTCATCGGC-1,1,PLX-4720
Data15_GSM2897333_TTAGGCAGTGTGGTTT-1,1,PLX-4720
Data15_GSM2897333_TTAGGCATCCGCAAGC-1,1,PLX-4720
Data15_GSM2897333_TTAGTTCAGACTTGAA-1,1,PLX-4720
Data15_GSM2897333_TTAGTTCAGTATTGGA-1,1,PLX-4720
Data15_GSM2897333_TTAGTTCAGTTACCCA-1,1,PLX-4720
Data15_GSM2897333_TTAGTTCCAACTGCGC-1,1,PLX-4720
Data15_GSM2897333_TTAGTTCCACGCGAAA-1,1,PLX-4720
Data15_GSM2897333_TTAGTTCCAGTAGAGC-1,1,PLX-4720
Data15_GSM2897333_TTAGTTCCATCACAAC-1,1,PLX-4720
Data15_GSM2897333_TTAGTTCCATTCGACA-1,1,PLX-4720
Data15_GSM2897333_TTAGTTCGTCCAGTTA-1,1,PLX-4720
Data15_GSM2897333_TTAGTTCGTCGGCATC-1,1,PLX-4720
Data15_GSM2897333_TTAGTTCGTTCACGGC-1,1,PLX-4720
Data15_GSM2897333_TTAGTTCGTTCAGGCC-1,1,PLX-4720
Data15_GSM2897333_TTAGTTCGTTGTCGCG-1,1,PLX-4720
Data15_GSM2897333_TTATGCTAGCTCTCGG-1,1,PLX-4720
Data15_GSM2897333_TTATGCTAGCTTCGCG-1,1,PLX-4720
Data15_GSM2897333_TTATGCTAGGCTAGGT-1,1,PLX-4720
Data15_GSM2897333_TTATGCTCACAGTCGC-1,1,PLX-4720
Data15_GSM2897333_TTATGCTCACGTAAGG-1,1,PLX-4720
Data15_GSM2897333_TTATGCTCAGGGATTG-1,1,PLX-4720
Data15_GSM2897333_TTATGCTGTACGCTGC-1,1,PLX-4720
Data15_GSM2897333_TTATGCTGTGAAGGCT-1,1,PLX-4720
Data15_GSM2897333_TTATGCTTCAAAGACA-1,1,PLX-4720
Data15_GSM2897333_TTCCCAGAGTGCCATT-1,1,PLX-4720
Data15_GSM2897333_TTCCCAGGTCTCCCTA-1,1,PLX-4720
Data15_GSM2897333_TTCCCAGGTGCGGTAA-1,1,PLX-4720
Data15_GSM2897333_TTCCCAGTCAGCCTAA-1,1,PLX-4720
Data15_GSM2897333_TTCCCAGTCCAGTATG-1,1,PLX-4720
Data15_GSM2897333_TTCCCAGTCGTTGACA-1,1,PLX-4720
Data15_GSM2897333_TTCCCAGTCTAACTCT-1,1,PLX-4720
Data15_GSM2897333_TTCGAAGAGATGAGAG-1,1,PLX-4720
Data15_GSM2897333_TTCGAAGAGGCGCTCT-1,1,PLX-4720
Data15_GSM2897333_TTCGAAGAGTCAAGGC-1,1,PLX-4720
Data15_GSM2897333_TTCGAAGCATTAGGCT-1,1,PLX-4720
Data15_GSM2897333_TTCGAAGTCGCAAACT-1,1,PLX-4720
Data15_GSM2897333_TTCGGTCCAAACGCGA-1,1,PLX-4720
Data15_GSM2897333_TTCGGTCCACATGGGA-1,1,PLX-4720
Data15_GSM2897333_TTCGGTCGTAAGAGGA-1,1,PLX-4720
Data15_GSM2897333_TTCGGTCGTAAGTTCC-1,1,PLX-4720
Data15_GSM2897333_TTCGGTCTCACCACCT-1,1,PLX-4720
Data15_GSM2897333_TTCGGTCTCATACGGT-1,1,PLX-4720
Data15_GSM2897333_TTCGGTCTCCTTGCCA-1,1,PLX-4720
Data15_GSM2897333_TTCGGTCTCTCACATT-1,1,PLX-4720
Data15_GSM2897333_TTCGGTCTCTCGTATT-1,1,PLX-4720
Data15_GSM2897333_TTCGGTCTCTCTTGAT-1,1,PLX-4720
Data15_GSM2897333_TTCTACAAGCGAAGGG-1,1,PLX-4720
Data15_GSM2897333_TTCTACAAGCTACCTA-1,1,PLX-4720
Data15_GSM2897333_TTCTCAAAGAGTAAGG-1,1,PLX-4720
Data15_GSM2897333_TTCTCAAAGAGTACAT-1,1,PLX-4720
Data15_GSM2897333_TTCTCAAAGCTGGAAC-1,1,PLX-4720
Data15_GSM2897333_TTCTCAACAAACTGCT-1,1,PLX-4720
Data15_GSM2897333_TTCTCAACAAGTTGTC-1,1,PLX-4720
Data15_GSM2897333_TTCTCAACAGTTTACG-1,1,PLX-4720
Data15_GSM2897333_TTCTCAATCATCGGAT-1,1,PLX-4720
Data15_GSM2897333_TTCTCAATCCGAATGT-1,1,PLX-4720
Data15_GSM2897333_TTCTCAATCGCGGATC-1,1,PLX-4720
Data15_GSM2897333_TTCTCAATCTACTCAT-1,1,PLX-4720
Data15_GSM2897333_TTCTCCTAGGTTCCTA-1,1,PLX-4720
Data15_GSM2897333_TTCTCCTAGTACATGA-1,1,PLX-4720
Data15_GSM2897333_TTCTCCTAGTGTCTCA-1,1,PLX-4720
Data15_GSM2897333_TTCTCCTAGTTAACGA-1,1,PLX-4720
Data15_GSM2897333_TTCTCCTCAGACGCTC-1,1,PLX-4720
Data15_GSM2897333_TTCTCCTCAGCCAATT-1,1,PLX-4720
Data15_GSM2897333_TTCTCCTCAGTCGTGC-1,1,PLX-4720
Data15_GSM2897333_TTCTCCTCATACTCTT-1,1,PLX-4720
Data15_GSM2897333_TTCTCCTGTCACACGC-1,1,PLX-4720
Data15_GSM2897333_TTCTCCTGTCATACTG-1,1,PLX-4720
Data15_GSM2897333_TTCTCCTGTGCCTTGG-1,1,PLX-4720
Data15_GSM2897333_TTCTCCTGTGCTGTAT-1,1,PLX-4720
Data15_GSM2897333_TTCTCCTGTTCGTCTC-1,1,PLX-4720
Data15_GSM2897333_TTCTCCTTCACCGTAA-1,1,PLX-4720
Data15_GSM2897333_TTCTCCTTCCGCGTTT-1,1,PLX-4720
Data15_GSM2897333_TTCTTAGAGCTAGTCT-1,1,PLX-4720
Data15_GSM2897333_TTCTTAGAGTTTAGGA-1,1,PLX-4720
Data15_GSM2897333_TTCTTAGGTCCGAACC-1,1,PLX-4720
Data15_GSM2897333_TTCTTAGTCTCTGCTG-1,1,PLX-4720
Data15_GSM2897333_TTCTTAGTCTTATCTG-1,1,PLX-4720
Data15_GSM2897333_TTGAACGCACAGACAG-1,1,PLX-4720
Data15_GSM2897333_TTGAACGCACCAGCAC-1,1,PLX-4720
Data15_GSM2897333_TTGAACGGTACTCAAC-1,1,PLX-4720
Data15_GSM2897333_TTGAACGGTCGAAAGC-1,1,PLX-4720
Data15_GSM2897333_TTGAACGTCACGATGT-1,1,PLX-4720
Data15_GSM2897333_TTGACTTTCGTGTAGT-1,1,PLX-4720
Data15_GSM2897333_TTGCCGTCAAGTTCTG-1,1,PLX-4720
Data15_GSM2897333_TTGCCGTGTCAGGACA-1,1,PLX-4720
Data15_GSM2897333_TTGCCGTGTGTTCTTT-1,1,PLX-4720
Data15_GSM2897333_TTGCCGTGTTCATGGT-1,1,PLX-4720
Data15_GSM2897333_TTGCCGTTCATCGGAT-1,1,PLX-4720
Data15_GSM2897333_TTGCCGTTCCCTTGTG-1,1,PLX-4720
Data15_GSM2897333_TTGCGTCAGTCTTGCA-1,1,PLX-4720
Data15_GSM2897333_TTGCGTCCATCATCCC-1,1,PLX-4720
Data15_GSM2897333_TTGCGTCGTCCGACGT-1,1,PLX-4720
Data15_GSM2897333_TTGCGTCGTTCTCATT-1,1,PLX-4720
Data15_GSM2897333_TTGGAACAGGCCCTCA-1,1,PLX-4720
Data15_GSM2897333_TTGGAACCATCAGTCA-1,1,PLX-4720
Data15_GSM2897333_TTGGAACGTATAGTAG-1,1,PLX-4720
Data15_GSM2897333_TTGGAACTCACCGGGT-1,1,PLX-4720
Data15_GSM2897333_TTGGAACTCATCGCTC-1,1,PLX-4720
Data15_GSM2897333_TTGGAACTCGTCGTTC-1,1,PLX-4720
Data15_GSM2897333_TTGGAACTCGTTTAGG-1,1,PLX-4720
Data15_GSM2897333_TTGGCAAAGAACAACT-1,1,PLX-4720
Data15_GSM2897333_TTGGCAAAGAGTGACC-1,1,PLX-4720
Data15_GSM2897333_TTGGCAAAGCGCTTAT-1,1,PLX-4720
Data15_GSM2897333_TTGGCAACAAGCCATT-1,1,PLX-4720
Data15_GSM2897333_TTGGCAACAATGGTCT-1,1,PLX-4720
Data15_GSM2897333_TTGGCAACACATCTTT-1,1,PLX-4720
Data15_GSM2897333_TTGGCAATCCCTAACC-1,1,PLX-4720
Data15_GSM2897333_TTGTAGGAGATCCGAG-1,1,PLX-4720
Data15_GSM2897333_TTGTAGGAGCTCAACT-1,1,PLX-4720
Data15_GSM2897333_TTGTAGGAGCTGCGAA-1,1,PLX-4720
Data15_GSM2897333_TTGTAGGAGTGGAGTC-1,1,PLX-4720
Data15_GSM2897333_TTGTAGGCACTTAACG-1,1,PLX-4720
Data15_GSM2897333_TTGTAGGCAGTACACT-1,1,PLX-4720
Data15_GSM2897333_TTGTAGGGTCGAACAG-1,1,PLX-4720
Data15_GSM2897333_TTTACTGAGAGCCTAG-1,1,PLX-4720
Data15_GSM2897333_TTTACTGAGGGATCTG-1,1,PLX-4720
Data15_GSM2897333_TTTACTGAGGTGCTTT-1,1,PLX-4720
Data15_GSM2897333_TTTACTGTCACGATGT-1,1,PLX-4720
Data15_GSM2897333_TTTACTGTCTTCAACT-1,1,PLX-4720
Data15_GSM2897333_TTTATGCAGTCGATAA-1,1,PLX-4720
Data15_GSM2897333_TTTATGCAGTCGCCGT-1,1,PLX-4720
Data15_GSM2897333_TTTATGCGTACTCAAC-1,1,PLX-4720
Data15_GSM2897333_TTTATGCGTTCGCTAA-1,1,PLX-4720
Data15_GSM2897333_TTTATGCTCGTTACAG-1,1,PLX-4720
Data15_GSM2897333_TTTCCTCAGAAGCCCA-1,1,PLX-4720
Data15_GSM2897333_TTTCCTCAGTTCGCGC-1,1,PLX-4720
Data15_GSM2897333_TTTCCTCCAACGCACC-1,1,PLX-4720
Data15_GSM2897333_TTTCCTCCACGGACAA-1,1,PLX-4720
Data15_GSM2897333_TTTCCTCCAGTTCCCT-1,1,PLX-4720
Data15_GSM2897333_TTTCCTCGTAGCGTGA-1,1,PLX-4720
Data15_GSM2897333_TTTCCTCGTGTCCTCT-1,1,PLX-4720
Data15_GSM2897333_TTTCCTCTCAGGTTCA-1,1,PLX-4720
Data15_GSM2897333_TTTGCGCAGACTAGAT-1,1,PLX-4720
Data15_GSM2897333_TTTGCGCAGCCGTCGT-1,1,PLX-4720
Data15_GSM2897333_TTTGCGCAGTGAACAT-1,1,PLX-4720
Data15_GSM2897333_TTTGCGCCACGTCAGC-1,1,PLX-4720
Data15_GSM2897333_TTTGCGCCACTCAGGC-1,1,PLX-4720
Data15_GSM2897333_TTTGCGCCATCCGGGT-1,1,PLX-4720
Data15_GSM2897333_TTTGCGCGTACAGCAG-1,1,PLX-4720
Data15_GSM2897333_TTTGCGCTCTCGTTTA-1,1,PLX-4720
Data15_GSM2897333_TTTGGTTAGACAGAGA-1,1,PLX-4720
Data15_GSM2897333_TTTGGTTAGGGCATGT-1,1,PLX-4720
Data15_GSM2897333_TTTGGTTAGTGGGTTG-1,1,PLX-4720
Data15_GSM2897333_TTTGTCAAGTGCGTGA-1,1,PLX-4720
Data15_GSM2897333_TTTGTCACAGATCCAT-1,1,PLX-4720
Data15_GSM2897333_TTTGTCACATTAGCCA-1,1,PLX-4720
Data15_GSM2897334_AAACCTGGTGACCAAG-1,0,PLX-4720
Data15_GSM2897334_AAACCTGGTTCGCGAC-1,0,PLX-4720
Data15_GSM2897334_AAACCTGTCGAGAGCA-1,0,PLX-4720
Data15_GSM2897334_AAACCTGTCTCGCTTG-1,0,PLX-4720
Data15_GSM2897334_AAACCTGTCTTCAACT-1,0,PLX-4720
Data15_GSM2897334_AAACGGGAGACTCGGA-1,0,PLX-4720
Data15_GSM2897334_AAACGGGAGCGCTCCA-1,0,PLX-4720
Data15_GSM2897334_AAAGATGAGAAGGTTT-1,0,PLX-4720
Data15_GSM2897334_AAAGATGAGCAGGCTA-1,0,PLX-4720
Data15_GSM2897334_AAAGATGAGGCTCAGA-1,0,PLX-4720
Data15_GSM2897334_AAAGATGAGTCATCCA-1,0,PLX-4720
Data15_GSM2897334_AAAGATGCATGGATGG-1,0,PLX-4720
Data15_GSM2897334_AAAGATGGTCATCCCT-1,0,PLX-4720
Data15_GSM2897334_AAAGATGGTGAACCTT-1,0,PLX-4720
Data15_GSM2897334_AAAGATGTCAGCAACT-1,0,PLX-4720
Data15_GSM2897334_AAAGATGTCTAACCGA-1,0,PLX-4720
Data15_GSM2897334_AAAGATGTCTGCCAGG-1,0,PLX-4720
Data15_GSM2897334_AAAGATGTCTGCCCTA-1,0,PLX-4720
Data15_GSM2897334_AAAGCAACAATGTTGC-1,0,PLX-4720
Data15_GSM2897334_AAAGCAACACCAGGTC-1,0,PLX-4720
Data15_GSM2897334_AAAGCAACACGGACAA-1,0,PLX-4720
Data15_GSM2897334_AAAGCAACACTTAAGC-1,0,PLX-4720
Data15_GSM2897334_AAAGCAAGTCGCCATG-1,0,PLX-4720
Data15_GSM2897334_AAAGCAAGTCTTCGTC-1,0,PLX-4720
Data15_GSM2897334_AAAGCAAGTTTAAGCC-1,0,PLX-4720
Data15_GSM2897334_AAAGCAATCGGAATCT-1,0,PLX-4720
Data15_GSM2897334_AAAGCAATCTGGTATG-1,0,PLX-4720
Data15_GSM2897334_AAAGTAGAGATATGGT-1,0,PLX-4720
Data15_GSM2897334_AAAGTAGAGCGATCCC-1,0,PLX-4720
Data15_GSM2897334_AAAGTAGCATATGGTC-1,0,PLX-4720
Data15_GSM2897334_AAATGCCAGATAGTCA-1,0,PLX-4720
Data15_GSM2897334_AAATGCCAGTCGTTTG-1,0,PLX-4720
Data15_GSM2897334_AAATGCCCAGGACGTA-1,0,PLX-4720
Data15_GSM2897334_AAATGCCGTGCCTGGT-1,0,PLX-4720
Data15_GSM2897334_AAATGCCGTTAAAGTG-1,0,PLX-4720
Data15_GSM2897334_AAATGCCGTTCACGGC-1,0,PLX-4720
Data15_GSM2897334_AAATGCCTCACTATTC-1,0,PLX-4720
Data15_GSM2897334_AAATGCCTCATTTGGG-1,0,PLX-4720
Data15_GSM2897334_AAATGCCTCTGATTCT-1,0,PLX-4720
Data15_GSM2897334_AAATGCCTCTTATCTG-1,0,PLX-4720
Data15_GSM2897334_AACACGTAGAGCTTCT-1,0,PLX-4720
Data15_GSM2897334_AACACGTAGCACACAG-1,0,PLX-4720
Data15_GSM2897334_AACACGTCAATCAGAA-1,0,PLX-4720
Data15_GSM2897334_AACACGTCAATGTTGC-1,0,PLX-4720
Data15_GSM2897334_AACACGTCATCCCATC-1,0,PLX-4720
Data15_GSM2897334_AACACGTGTGCACTTA-1,0,PLX-4720
Data15_GSM2897334_AACACGTGTTGGGACA-1,0,PLX-4720
Data15_GSM2897334_AACCATGAGGTAGCTG-1,0,PLX-4720
Data15_GSM2897334_AACCATGCAAGTCTAC-1,0,PLX-4720
Data15_GSM2897334_AACCATGCACCGAATT-1,0,PLX-4720
Data15_GSM2897334_AACCATGCAGCCACCA-1,0,PLX-4720
Data15_GSM2897334_AACCATGCATAAGACA-1,0,PLX-4720
Data15_GSM2897334_AACCATGCATCGACGC-1,0,PLX-4720
Data15_GSM2897334_AACCATGGTCACAAGG-1,0,PLX-4720
Data15_GSM2897334_AACCATGGTCCGTGAC-1,0,PLX-4720
Data15_GSM2897334_AACCATGGTGCGATAG-1,0,PLX-4720
Data15_GSM2897334_AACCATGGTGGTGTAG-1,0,PLX-4720
Data15_GSM2897334_AACCATGTCAGTTTGG-1,0,PLX-4720
Data15_GSM2897334_AACCATGTCCCTCAGT-1,0,PLX-4720
Data15_GSM2897334_AACCATGTCGAGCCCA-1,0,PLX-4720
Data15_GSM2897334_AACCATGTCGCAAACT-1,0,PLX-4720
Data15_GSM2897334_AACCGCGAGCATGGCA-1,0,PLX-4720
Data15_GSM2897334_AACCGCGAGGTGACCA-1,0,PLX-4720
Data15_GSM2897334_AACCGCGCATGCTAGT-1,0,PLX-4720
Data15_GSM2897334_AACCGCGTCACCGTAA-1,0,PLX-4720
Data15_GSM2897334_AACGTTGAGGATGTAT-1,0,PLX-4720
Data15_GSM2897334_AACGTTGTCCAGATCA-1,0,PLX-4720
Data15_GSM2897334_AACTCAGAGAGGACGG-1,0,PLX-4720
Data15_GSM2897334_AACTCAGAGATATACG-1,0,PLX-4720
Data15_GSM2897334_AACTCAGAGCCACCTG-1,0,PLX-4720
Data15_GSM2897334_AACTCAGAGGCTAGAC-1,0,PLX-4720
Data15_GSM2897334_AACTCAGCACCAGGTC-1,0,PLX-4720
Data15_GSM2897334_AACTCAGCATCAGTAC-1,0,PLX-4720
Data15_GSM2897334_AACTCAGCATGCCTAA-1,0,PLX-4720
Data15_GSM2897334_AACTCAGGTAGGAGTC-1,0,PLX-4720
Data15_GSM2897334_AACTCAGGTATAGGTA-1,0,PLX-4720
Data15_GSM2897334_AACTCAGGTCCGAATT-1,0,PLX-4720
Data15_GSM2897334_AACTCAGTCCTGCCAT-1,0,PLX-4720
Data15_GSM2897334_AACTCCCAGCTACCTA-1,0,PLX-4720
Data15_GSM2897334_AACTCCCAGCTAGCCC-1,0,PLX-4720
Data15_GSM2897334_AACTCCCAGGTCGGAT-1,0,PLX-4720
Data15_GSM2897334_AACTCCCCATGTTCCC-1,0,PLX-4720
Data15_GSM2897334_AACTCCCGTCAAAGCG-1,0,PLX-4720
Data15_GSM2897334_AACTCCCTCGGTGTTA-1,0,PLX-4720
Data15_GSM2897334_AACTCTTCAGTATAAG-1,0,PLX-4720
Data15_GSM2897334_AACTCTTGTTCCAACA-1,0,PLX-4720
Data15_GSM2897334_AACTCTTTCTGCTGCT-1,0,PLX-4720
Data15_GSM2897334_AACTGGTAGAACTGTA-1,0,PLX-4720
Data15_GSM2897334_AACTGGTAGCTGTTCA-1,0,PLX-4720
Data15_GSM2897334_AACTGGTCACCCTATC-1,0,PLX-4720
Data15_GSM2897334_AACTGGTCACCTCGTT-1,0,PLX-4720
Data15_GSM2897334_AACTGGTCACTACAGT-1,0,PLX-4720
Data15_GSM2897334_AACTGGTCAGCTGCAC-1,0,PLX-4720
Data15_GSM2897334_AACTGGTGTTACGGAG-1,0,PLX-4720
Data15_GSM2897334_AACTTTCCAATGGAGC-1,0,PLX-4720
Data15_GSM2897334_AACTTTCGTATAATGG-1,0,PLX-4720
Data15_GSM2897334_AACTTTCGTATGGTTC-1,0,PLX-4720
Data15_GSM2897334_AACTTTCGTGTGGTTT-1,0,PLX-4720
Data15_GSM2897334_AAGACCTAGCTAAGAT-1,0,PLX-4720
Data15_GSM2897334_AAGACCTAGGTGCTAG-1,0,PLX-4720
Data15_GSM2897334_AAGACCTAGTGAACAT-1,0,PLX-4720
Data15_GSM2897334_AAGACCTCACACAGAG-1,0,PLX-4720
Data15_GSM2897334_AAGACCTCACTAAGTC-1,0,PLX-4720
Data15_GSM2897334_AAGACCTCATCCTTGC-1,0,PLX-4720
Data15_GSM2897334_AAGACCTCATGGAATA-1,0,PLX-4720
Data15_GSM2897334_AAGACCTGTACCAGTT-1,0,PLX-4720
Data15_GSM2897334_AAGACCTTCAACGGCC-1,0,PLX-4720
Data15_GSM2897334_AAGACCTTCCAATGGT-1,0,PLX-4720
Data15_GSM2897334_AAGCCGCAGCCGGTAA-1,0,PLX-4720
Data15_GSM2897334_AAGCCGCAGCGTCAAG-1,0,PLX-4720
Data15_GSM2897334_AAGCCGCCAGTGACAG-1,0,PLX-4720
Data15_GSM2897334_AAGCCGCGTTCACGGC-1,0,PLX-4720
Data15_GSM2897334_AAGCCGCGTTCCCGAG-1,0,PLX-4720
Data15_GSM2897334_AAGCCGCTCAAAGACA-1,0,PLX-4720
Data15_GSM2897334_AAGCCGCTCATCTGCC-1,0,PLX-4720
Data15_GSM2897334_AAGCCGCTCCTCTAGC-1,0,PLX-4720
Data15_GSM2897334_AAGGAGCCAACCGCCA-1,0,PLX-4720
Data15_GSM2897334_AAGGAGCCAGTCACTA-1,0,PLX-4720
Data15_GSM2897334_AAGGAGCGTAGAAAGG-1,0,PLX-4720
Data15_GSM2897334_AAGGAGCGTTGATTGC-1,0,PLX-4720
Data15_GSM2897334_AAGGAGCTCAGTCAGT-1,0,PLX-4720
Data15_GSM2897334_AAGGCAGGTAAGGGCT-1,0,PLX-4720
Data15_GSM2897334_AAGGTTCAGAAACGCC-1,0,PLX-4720
Data15_GSM2897334_AAGGTTCCACGTCAGC-1,0,PLX-4720
Data15_GSM2897334_AAGGTTCGTCCGTGAC-1,0,PLX-4720
Data15_GSM2897334_AAGGTTCGTGAACCTT-1,0,PLX-4720
Data15_GSM2897334_AAGGTTCGTGAAGGCT-1,0,PLX-4720
Data15_GSM2897334_AAGTCTGAGATATACG-1,0,PLX-4720
Data15_GSM2897334_AAGTCTGCAAGCGATG-1,0,PLX-4720
Data15_GSM2897334_AAGTCTGGTACTCAAC-1,0,PLX-4720
Data15_GSM2897334_AAGTCTGTCTGCAAGT-1,0,PLX-4720
Data15_GSM2897334_AATCCAGAGAGTAATC-1,0,PLX-4720
Data15_GSM2897334_AATCCAGAGCTGTTCA-1,0,PLX-4720
Data15_GSM2897334_AATCCAGAGGGCTTCC-1,0,PLX-4720
Data15_GSM2897334_AATCCAGAGTGAACAT-1,0,PLX-4720
Data15_GSM2897334_AATCCAGCAATCAGAA-1,0,PLX-4720
Data15_GSM2897334_AATCCAGCAATTGCTG-1,0,PLX-4720
Data15_GSM2897334_AATCCAGCACAACGTT-1,0,PLX-4720
Data15_GSM2897334_AATCCAGCAGCAGTTT-1,0,PLX-4720
Data15_GSM2897334_AATCCAGCAGGACCCT-1,0,PLX-4720
Data15_GSM2897334_AATCCAGCATTGGGCC-1,0,PLX-4720
Data15_GSM2897334_AATCCAGGTCCCTACT-1,0,PLX-4720
Data15_GSM2897334_AATCCAGGTCGTGGCT-1,0,PLX-4720
Data15_GSM2897334_AATCCAGGTTCGTTGA-1,0,PLX-4720
Data15_GSM2897334_AATCCAGTCAACGGGA-1,0,PLX-4720
Data15_GSM2897334_AATCCAGTCATCTGCC-1,0,PLX-4720
Data15_GSM2897334_AATCGGTAGCTAAGAT-1,0,PLX-4720
Data15_GSM2897334_AATCGGTAGTCCCACG-1,0,PLX-4720
Data15_GSM2897334_AATCGGTTCCGTTGCT-1,0,PLX-4720
Data15_GSM2897334_ACACCAAAGACCGGAT-1,0,PLX-4720
Data15_GSM2897334_ACACCAAGTCATGCCG-1,0,PLX-4720
Data15_GSM2897334_ACACCAATCATCATTC-1,0,PLX-4720
Data15_GSM2897334_ACACCCTAGAGCTGGT-1,0,PLX-4720
Data15_GSM2897334_ACACCCTAGATATACG-1,0,PLX-4720
Data15_GSM2897334_ACACCCTAGGGATACC-1,0,PLX-4720
Data15_GSM2897334_ACACCCTCAAGCCCAC-1,0,PLX-4720
Data15_GSM2897334_ACACCCTCACCCAGTG-1,0,PLX-4720
Data15_GSM2897334_ACACCCTCAGTTAACC-1,0,PLX-4720
Data15_GSM2897334_ACACCCTCATACGCCG-1,0,PLX-4720
Data15_GSM2897334_ACACCCTGTGGCCCTA-1,0,PLX-4720
Data15_GSM2897334_ACACCGGAGCTTTGGT-1,0,PLX-4720
Data15_GSM2897334_ACACCGGCAGCGATCC-1,0,PLX-4720
Data15_GSM2897334_ACACCGGGTCTGATCA-1,0,PLX-4720
Data15_GSM2897334_ACACCGGGTTCCACGG-1,0,PLX-4720
Data15_GSM2897334_ACACCGGTCACAAACC-1,0,PLX-4720
Data15_GSM2897334_ACACCGGTCGTCCAGG-1,0,PLX-4720
Data15_GSM2897334_ACACTGAAGCCTTGAT-1,0,PLX-4720
Data15_GSM2897334_ACACTGACAATGGAGC-1,0,PLX-4720
Data15_GSM2897334_ACACTGACACATCCGG-1,0,PLX-4720
Data15_GSM2897334_ACACTGACAGATGGCA-1,0,PLX-4720
Data15_GSM2897334_ACACTGACAGTAGAGC-1,0,PLX-4720
Data15_GSM2897334_ACACTGAGTAGTAGTA-1,0,PLX-4720
Data15_GSM2897334_ACACTGAGTCGGCATC-1,0,PLX-4720
Data15_GSM2897334_ACACTGAGTGGCAAAC-1,0,PLX-4720
Data15_GSM2897334_ACACTGAGTTGTGGAG-1,0,PLX-4720
Data15_GSM2897334_ACACTGATCGCGCCAA-1,0,PLX-4720
Data15_GSM2897334_ACACTGATCTGCGACG-1,0,PLX-4720
Data15_GSM2897334_ACAGCCGCAGATCGGA-1,0,PLX-4720
Data15_GSM2897334_ACAGCCGCATGGGACA-1,0,PLX-4720
Data15_GSM2897334_ACAGCCGGTACGAAAT-1,0,PLX-4720
Data15_GSM2897334_ACAGCCGTCATTATCC-1,0,PLX-4720
Data15_GSM2897334_ACAGCCGTCGGTTAAC-1,0,PLX-4720
Data15_GSM2897334_ACAGCCGTCGTTGACA-1,0,PLX-4720
Data15_GSM2897334_ACAGCTAAGGCTAGCA-1,0,PLX-4720
Data15_GSM2897334_ACAGCTAAGTTATCGC-1,0,PLX-4720
Data15_GSM2897334_ACAGCTACACGCATCG-1,0,PLX-4720
Data15_GSM2897334_ACAGCTACACGGTAGA-1,0,PLX-4720
Data15_GSM2897334_ACAGCTAGTACGCACC-1,0,PLX-4720
Data15_GSM2897334_ACAGCTAGTCAGTGGA-1,0,PLX-4720
Data15_GSM2897334_ACATACGAGATCCCAT-1,0,PLX-4720
Data15_GSM2897334_ACATACGAGCTGTTCA-1,0,PLX-4720
Data15_GSM2897334_ACATACGCAAGAAAGG-1,0,PLX-4720
Data15_GSM2897334_ACATACGCACCGAATT-1,0,PLX-4720
Data15_GSM2897334_ACATACGTCAACACGT-1,0,PLX-4720
Data15_GSM2897334_ACATACGTCATTATCC-1,0,PLX-4720
Data15_GSM2897334_ACATCAGAGACTGTAA-1,0,PLX-4720
Data15_GSM2897334_ACATCAGAGGAGTCTG-1,0,PLX-4720
Data15_GSM2897334_ACATCAGAGGGTTTCT-1,0,PLX-4720
Data15_GSM2897334_ACATCAGAGTATCTCG-1,0,PLX-4720
Data15_GSM2897334_ACATCAGAGTCAATAG-1,0,PLX-4720
Data15_GSM2897334_ACATCAGCAATCTACG-1,0,PLX-4720
Data15_GSM2897334_ACATCAGCACCAGTTA-1,0,PLX-4720
Data15_GSM2897334_ACATCAGCATGTTGAC-1,0,PLX-4720
Data15_GSM2897334_ACATCAGGTCCTCTTG-1,0,PLX-4720
Data15_GSM2897334_ACATCAGGTCTAGGTT-1,0,PLX-4720
Data15_GSM2897334_ACATCAGGTGGGTCAA-1,0,PLX-4720
Data15_GSM2897334_ACATCAGGTTTAGCTG-1,0,PLX-4720
Data15_GSM2897334_ACATCAGTCCCGGATG-1,0,PLX-4720
Data15_GSM2897334_ACATGGTAGACTCGGA-1,0,PLX-4720
Data15_GSM2897334_ACATGGTAGGAGTTGC-1,0,PLX-4720
Data15_GSM2897334_ACATGGTCAGATGGGT-1,0,PLX-4720
Data15_GSM2897334_ACATGGTTCCAGTAGT-1,0,PLX-4720
Data15_GSM2897334_ACCAGTAAGAAGGTGA-1,0,PLX-4720
Data15_GSM2897334_ACCAGTAAGCCCAGCT-1,0,PLX-4720
Data15_GSM2897334_ACCAGTAAGCTAAGAT-1,0,PLX-4720
Data15_GSM2897334_ACCAGTACACACATGT-1,0,PLX-4720
Data15_GSM2897334_ACCAGTACACCGGAAA-1,0,PLX-4720
Data15_GSM2897334_ACCAGTAGTACAGTTC-1,0,PLX-4720
Data15_GSM2897334_ACCAGTAGTAGCAAAT-1,0,PLX-4720
Data15_GSM2897334_ACCAGTAGTCTAGCGC-1,0,PLX-4720
Data15_GSM2897334_ACCAGTATCCAGAAGG-1,0,PLX-4720
Data15_GSM2897334_ACCAGTATCCTACAGA-1,0,PLX-4720
Data15_GSM2897334_ACCAGTATCGCAAGCC-1,0,PLX-4720
Data15_GSM2897334_ACCAGTATCTACTCAT-1,0,PLX-4720
Data15_GSM2897334_ACCAGTATCTGGTGTA-1,0,PLX-4720
Data15_GSM2897334_ACCAGTATCTGTCTCG-1,0,PLX-4720
Data15_GSM2897334_ACCCACTAGTGAACGC-1,0,PLX-4720
Data15_GSM2897334_ACCCACTCACCTATCC-1,0,PLX-4720
Data15_GSM2897334_ACCCACTGTTCACCTC-1,0,PLX-4720
Data15_GSM2897334_ACCCACTTCAACGCTA-1,0,PLX-4720
Data15_GSM2897334_ACCCACTTCAGTTAGC-1,0,PLX-4720
Data15_GSM2897334_ACCGTAAAGACACTAA-1,0,PLX-4720
Data15_GSM2897334_ACCGTAACAACGATGG-1,0,PLX-4720
Data15_GSM2897334_ACCGTAAGTCCGTGAC-1,0,PLX-4720
Data15_GSM2897334_ACCGTAAGTCTGATTG-1,0,PLX-4720
Data15_GSM2897334_ACCGTAATCTACCTGC-1,0,PLX-4720
Data15_GSM2897334_ACCGTAATCTACTATC-1,0,PLX-4720
Data15_GSM2897334_ACCGTAATCTTCCTTC-1,0,PLX-4720
Data15_GSM2897334_ACCGTAATCTTGTCAT-1,0,PLX-4720
Data15_GSM2897334_ACCTTTACAATGTAAG-1,0,PLX-4720
Data15_GSM2897334_ACCTTTATCTTCTGGC-1,0,PLX-4720
Data15_GSM2897334_ACGAGCCAGCGTAGTG-1,0,PLX-4720
Data15_GSM2897334_ACGAGCCAGTATGACA-1,0,PLX-4720
Data15_GSM2897334_ACGAGCCCAGCTGCTG-1,0,PLX-4720
Data15_GSM2897334_ACGAGCCGTATAGGGC-1,0,PLX-4720
Data15_GSM2897334_ACGAGCCGTGAGGGAG-1,0,PLX-4720
Data15_GSM2897334_ACGAGCCTCGTGACAT-1,0,PLX-4720
Data15_GSM2897334_ACGAGGAAGAGCCCAA-1,0,PLX-4720
Data15_GSM2897334_ACGAGGAAGTCGTTTG-1,0,PLX-4720
Data15_GSM2897334_ACGAGGACAAACGCGA-1,0,PLX-4720
Data15_GSM2897334_ACGAGGACATGCCTAA-1,0,PLX-4720
Data15_GSM2897334_ACGAGGAGTGAACCTT-1,0,PLX-4720
Data15_GSM2897334_ACGAGGATCCACGTGG-1,0,PLX-4720
Data15_GSM2897334_ACGATACAGAGTACCG-1,0,PLX-4720
Data15_GSM2897334_ACGATACAGAGTGAGA-1,0,PLX-4720
Data15_GSM2897334_ACGATACAGTAACCCT-1,0,PLX-4720
Data15_GSM2897334_ACGATACCACACAGAG-1,0,PLX-4720
Data15_GSM2897334_ACGATACCATCACCCT-1,0,PLX-4720
Data15_GSM2897334_ACGATACCATGCAATC-1,0,PLX-4720
Data15_GSM2897334_ACGATACGTCCTAGCG-1,0,PLX-4720
Data15_GSM2897334_ACGATGTAGGCGACAT-1,0,PLX-4720
Data15_GSM2897334_ACGATGTGTATCTGCA-1,0,PLX-4720
Data15_GSM2897334_ACGATGTGTCAAACTC-1,0,PLX-4720
Data15_GSM2897334_ACGATGTGTCTCTTAT-1,0,PLX-4720
Data15_GSM2897334_ACGATGTTCAGCTCGG-1,0,PLX-4720
Data15_GSM2897334_ACGATGTTCTAGAGTC-1,0,PLX-4720
Data15_GSM2897334_ACGCAGCAGCCTCGTG-1,0,PLX-4720
Data15_GSM2897334_ACGCAGCCAAACCCAT-1,0,PLX-4720
Data15_GSM2897334_ACGCAGCCACGACGAA-1,0,PLX-4720
Data15_GSM2897334_ACGCAGCGTGGTGTAG-1,0,PLX-4720
Data15_GSM2897334_ACGCCAGAGATATGGT-1,0,PLX-4720
Data15_GSM2897334_ACGCCAGAGTGTCCCG-1,0,PLX-4720
Data15_GSM2897334_ACGCCAGGTAAACGCG-1,0,PLX-4720
Data15_GSM2897334_ACGCCAGGTGTTGGGA-1,0,PLX-4720
Data15_GSM2897334_ACGCCAGGTTCACCTC-1,0,PLX-4720
Data15_GSM2897334_ACGCCAGTCAGGTTCA-1,0,PLX-4720
Data15_GSM2897334_ACGCCAGTCTGTTGAG-1,0,PLX-4720
Data15_GSM2897334_ACGCCGAAGTCAAGGC-1,0,PLX-4720
Data15_GSM2897334_ACGCCGAAGTTTGCGT-1,0,PLX-4720
Data15_GSM2897334_ACGCCGAGTATATGGA-1,0,PLX-4720
Data15_GSM2897334_ACGCCGAGTGAACCTT-1,0,PLX-4720
Data15_GSM2897334_ACGGAGAAGGAGCGAG-1,0,PLX-4720
Data15_GSM2897334_ACGGAGAAGTAGTGCG-1,0,PLX-4720
Data15_GSM2897334_ACGGAGAAGTGTGAAT-1,0,PLX-4720
Data15_GSM2897334_ACGGAGAGTCCATCCT-1,0,PLX-4720
Data15_GSM2897334_ACGGAGAGTTGGTTTG-1,0,PLX-4720
Data15_GSM2897334_ACGGAGATCGGCATCG-1,0,PLX-4720
Data15_GSM2897334_ACGGCCAAGGAGCGAG-1,0,PLX-4720
Data15_GSM2897334_ACGGCCAAGTCCGGTC-1,0,PLX-4720
Data15_GSM2897334_ACGGCCACACTTGGAT-1,0,PLX-4720
Data15_GSM2897334_ACGGCCACAGTTAACC-1,0,PLX-4720
Data15_GSM2897334_ACGGCCACATCTATGG-1,0,PLX-4720
Data15_GSM2897334_ACGGCCAGTAGGCTGA-1,0,PLX-4720
Data15_GSM2897334_ACGGCCAGTATATGGA-1,0,PLX-4720
Data15_GSM2897334_ACGGCCAGTATTAGCC-1,0,PLX-4720
Data15_GSM2897334_ACGGCCAGTGGAAAGA-1,0,PLX-4720
Data15_GSM2897334_ACGGCCATCAATAAGG-1,0,PLX-4720
Data15_GSM2897334_ACGGCCATCACATGCA-1,0,PLX-4720
Data15_GSM2897334_ACGGCCATCACCCTCA-1,0,PLX-4720
Data15_GSM2897334_ACGGCCATCGAATCCA-1,0,PLX-4720
Data15_GSM2897334_ACGGCCATCGTAGATC-1,0,PLX-4720
Data15_GSM2897334_ACGGGCTAGATGTCGG-1,0,PLX-4720
Data15_GSM2897334_ACGGGCTAGGAATGGA-1,0,PLX-4720
Data15_GSM2897334_ACGGGCTAGTACTTGC-1,0,PLX-4720
Data15_GSM2897334_ACGGGCTAGTGGAGTC-1,0,PLX-4720
Data15_GSM2897334_ACGGGCTCAATGGTCT-1,0,PLX-4720
Data15_GSM2897334_ACGGGCTCAATTGCTG-1,0,PLX-4720
Data15_GSM2897334_ACGGGCTGTATGGTTC-1,0,PLX-4720
Data15_GSM2897334_ACGGGCTTCATTGCGA-1,0,PLX-4720
Data15_GSM2897334_ACGGGCTTCGCAAGCC-1,0,PLX-4720
Data15_GSM2897334_ACGGGTCAGAAACGAG-1,0,PLX-4720
Data15_GSM2897334_ACGGGTCCATGCAACT-1,0,PLX-4720
Data15_GSM2897334_ACGGGTCGTAGCGCTC-1,0,PLX-4720
Data15_GSM2897334_ACGGGTCTCAACCAAC-1,0,PLX-4720
Data15_GSM2897334_ACGTCAAAGCTTTGGT-1,0,PLX-4720
Data15_GSM2897334_ACGTCAACAGCATACT-1,0,PLX-4720
Data15_GSM2897334_ACGTCAAGTTGTCTTT-1,0,PLX-4720
Data15_GSM2897334_ACGTCAATCACTTCAT-1,0,PLX-4720
Data15_GSM2897334_ACGTCAATCATATCGG-1,0,PLX-4720
Data15_GSM2897334_ACTATCTAGACTAAGT-1,0,PLX-4720
Data15_GSM2897334_ACTATCTAGGGATCTG-1,0,PLX-4720
Data15_GSM2897334_ACTATCTCACCTGGTG-1,0,PLX-4720
Data15_GSM2897334_ACTATCTCACGTGAGA-1,0,PLX-4720
Data15_GSM2897334_ACTATCTGTTTGCATG-1,0,PLX-4720
Data15_GSM2897334_ACTATCTTCAGCTGGC-1,0,PLX-4720
Data15_GSM2897334_ACTATCTTCTTGAGGT-1,0,PLX-4720
Data15_GSM2897334_ACTGAACAGATGTAAC-1,0,PLX-4720
Data15_GSM2897334_ACTGAACGTTGATTCG-1,0,PLX-4720
Data15_GSM2897334_ACTGAACTCATCGATG-1,0,PLX-4720
Data15_GSM2897334_ACTGAACTCTACCAGA-1,0,PLX-4720
Data15_GSM2897334_ACTGAACTCTTACCTA-1,0,PLX-4720
Data15_GSM2897334_ACTGAGTCATGGTAGG-1,0,PLX-4720
Data15_GSM2897334_ACTGAGTGTAGCACGA-1,0,PLX-4720
Data15_GSM2897334_ACTGAGTGTTACGTCA-1,0,PLX-4720
Data15_GSM2897334_ACTGAGTGTTGCTCCT-1,0,PLX-4720
Data15_GSM2897334_ACTGAGTTCCCATTAT-1,0,PLX-4720
Data15_GSM2897334_ACTGAGTTCTAACTTC-1,0,PLX-4720
Data15_GSM2897334_ACTGATGAGATCCTGT-1,0,PLX-4720
Data15_GSM2897334_ACTGATGCAACACCCG-1,0,PLX-4720
Data15_GSM2897334_ACTGATGCAGCCTTTC-1,0,PLX-4720
Data15_GSM2897334_ACTGATGGTGTTTGTG-1,0,PLX-4720
Data15_GSM2897334_ACTGCTCAGGTAGCTG-1,0,PLX-4720
Data15_GSM2897334_ACTGCTCCAAGCGTAG-1,0,PLX-4720
Data15_GSM2897334_ACTGCTCGTGAGGGTT-1,0,PLX-4720
Data15_GSM2897334_ACTGCTCGTTAAAGTG-1,0,PLX-4720
Data15_GSM2897334_ACTGCTCGTTGAGGTG-1,0,PLX-4720
Data15_GSM2897334_ACTGCTCTCTAGAGTC-1,0,PLX-4720
Data15_GSM2897334_ACTGCTCTCTTGTTTG-1,0,PLX-4720
Data15_GSM2897334_ACTGTCCAGAACAACT-1,0,PLX-4720
Data15_GSM2897334_ACTGTCCAGAATGTTG-1,0,PLX-4720
Data15_GSM2897334_ACTGTCCAGCGATATA-1,0,PLX-4720
Data15_GSM2897334_ACTGTCCCAGTACACT-1,0,PLX-4720
Data15_GSM2897334_ACTGTCCGTGACGGTA-1,0,PLX-4720
Data15_GSM2897334_ACTGTCCTCAAAGTAG-1,0,PLX-4720
Data15_GSM2897334_ACTTACTAGAAACCTA-1,0,PLX-4720
Data15_GSM2897334_ACTTACTAGTTCGCAT-1,0,PLX-4720
Data15_GSM2897334_ACTTACTCACTGTGTA-1,0,PLX-4720
Data15_GSM2897334_ACTTACTCACTTCGAA-1,0,PLX-4720
Data15_GSM2897334_ACTTACTGTACGACCC-1,0,PLX-4720
Data15_GSM2897334_ACTTACTGTTACGTCA-1,0,PLX-4720
Data15_GSM2897334_ACTTACTTCTGATTCT-1,0,PLX-4720
Data15_GSM2897334_ACTTGTTAGGTTACCT-1,0,PLX-4720
Data15_GSM2897334_ACTTGTTAGTAAGTAC-1,0,PLX-4720
Data15_GSM2897334_ACTTGTTAGTGAAGTT-1,0,PLX-4720
Data15_GSM2897334_ACTTGTTAGTGTTGAA-1,0,PLX-4720
Data15_GSM2897334_ACTTGTTCACGTAAGG-1,0,PLX-4720
Data15_GSM2897334_ACTTGTTGTAGAGTGC-1,0,PLX-4720
Data15_GSM2897334_ACTTGTTGTCATACTG-1,0,PLX-4720
Data15_GSM2897334_ACTTTCAAGAATGTTG-1,0,PLX-4720
Data15_GSM2897334_ACTTTCAAGAGGGCTT-1,0,PLX-4720
Data15_GSM2897334_ACTTTCAAGCCTTGAT-1,0,PLX-4720
Data15_GSM2897334_ACTTTCAAGGGTCTCC-1,0,PLX-4720
Data15_GSM2897334_ACTTTCAAGTGTCCAT-1,0,PLX-4720
Data15_GSM2897334_ACTTTCAAGTTACCCA-1,0,PLX-4720
Data15_GSM2897334_ACTTTCACAGGGTTAG-1,0,PLX-4720
Data15_GSM2897334_ACTTTCAGTCCAGTAT-1,0,PLX-4720
Data15_GSM2897334_ACTTTCATCAGTTAGC-1,0,PLX-4720
Data15_GSM2897334_ACTTTCATCCACTCCA-1,0,PLX-4720
Data15_GSM2897334_ACTTTCATCTAACCGA-1,0,PLX-4720
Data15_GSM2897334_ACTTTCATCTTTAGTC-1,0,PLX-4720
Data15_GSM2897334_AGAATAGAGACACGAC-1,0,PLX-4720
Data15_GSM2897334_AGAATAGAGCGCTCCA-1,0,PLX-4720
Data15_GSM2897334_AGAATAGAGGAGTACC-1,0,PLX-4720
Data15_GSM2897334_AGAATAGAGGGTTTCT-1,0,PLX-4720
Data15_GSM2897334_AGAATAGAGGTAAACT-1,0,PLX-4720
Data15_GSM2897334_AGAATAGGTATCGCAT-1,0,PLX-4720
Data15_GSM2897334_AGAATAGGTGACTACT-1,0,PLX-4720
Data15_GSM2897334_AGAATAGGTGCGATAG-1,0,PLX-4720
Data15_GSM2897334_AGAATAGTCAAGAAGT-1,0,PLX-4720
Data15_GSM2897334_AGAATAGTCCCACTTG-1,0,PLX-4720
Data15_GSM2897334_AGACGTTAGAATGTTG-1,0,PLX-4720
Data15_GSM2897334_AGACGTTCATTACGAC-1,0,PLX-4720
Data15_GSM2897334_AGACGTTGTCTCTCTG-1,0,PLX-4720
Data15_GSM2897334_AGACGTTGTGCCTGCA-1,0,PLX-4720
Data15_GSM2897334_AGACGTTTCGTCACGG-1,0,PLX-4720
Data15_GSM2897334_AGAGCGAAGAGGTTGC-1,0,PLX-4720
Data15_GSM2897334_AGAGCGAAGGCGATAC-1,0,PLX-4720
Data15_GSM2897334_AGAGCGAAGTAACCCT-1,0,PLX-4720
Data15_GSM2897334_AGAGCGAAGTGTGGCA-1,0,PLX-4720
Data15_GSM2897334_AGAGCGAGTAACGACG-1,0,PLX-4720
Data15_GSM2897334_AGAGCGAGTATATGGA-1,0,PLX-4720
Data15_GSM2897334_AGAGCGAGTCGCATAT-1,0,PLX-4720
Data15_GSM2897334_AGAGCGAGTTCGGGCT-1,0,PLX-4720
Data15_GSM2897334_AGAGCGATCCAGTATG-1,0,PLX-4720
Data15_GSM2897334_AGAGCTTAGAGGGCTT-1,0,PLX-4720
Data15_GSM2897334_AGAGCTTAGGGTTTCT-1,0,PLX-4720
Data15_GSM2897334_AGAGCTTAGTAGTGCG-1,0,PLX-4720
Data15_GSM2897334_AGAGCTTCAGTATCTG-1,0,PLX-4720
Data15_GSM2897334_AGAGCTTCATCCAACA-1,0,PLX-4720
Data15_GSM2897334_AGAGCTTGTCTGATCA-1,0,PLX-4720
Data15_GSM2897334_AGAGCTTGTGGTAACG-1,0,PLX-4720
Data15_GSM2897334_AGAGCTTGTGTGAAAT-1,0,PLX-4720
Data15_GSM2897334_AGAGCTTGTTCATGGT-1,0,PLX-4720
Data15_GSM2897334_AGAGCTTTCACCCTCA-1,0,PLX-4720
Data15_GSM2897334_AGAGCTTTCACTATTC-1,0,PLX-4720
Data15_GSM2897334_AGAGTGGAGATGGGTC-1,0,PLX-4720
Data15_GSM2897334_AGAGTGGCACAACGCC-1,0,PLX-4720
Data15_GSM2897334_AGAGTGGTCGGTTCGG-1,0,PLX-4720
Data15_GSM2897334_AGAGTGGTCTCCAGGG-1,0,PLX-4720
Data15_GSM2897334_AGATCTGAGATACACA-1,0,PLX-4720
Data15_GSM2897334_AGATCTGCAGCTATTG-1,0,PLX-4720
Data15_GSM2897334_AGATCTGTCATAACCG-1,0,PLX-4720
Data15_GSM2897334_AGATTGCAGGCTCAGA-1,0,PLX-4720
Data15_GSM2897334_AGATTGCAGTTGAGTA-1,0,PLX-4720
Data15_GSM2897334_AGATTGCCATACGCTA-1,0,PLX-4720
Data15_GSM2897334_AGATTGCGTCTCAACA-1,0,PLX-4720
Data15_GSM2897334_AGATTGCTCGAACGGA-1,0,PLX-4720
Data15_GSM2897334_AGATTGCTCTCCAGGG-1,0,PLX-4720
Data15_GSM2897334_AGCAGCCAGAGCTGCA-1,0,PLX-4720
Data15_GSM2897334_AGCAGCCAGGCCGAAT-1,0,PLX-4720
Data15_GSM2897334_AGCAGCCCAAGTAGTA-1,0,PLX-4720
Data15_GSM2897334_AGCAGCCCACCGAAAG-1,0,PLX-4720
Data15_GSM2897334_AGCAGCCCAGACTCGC-1,0,PLX-4720
Data15_GSM2897334_AGCAGCCCAGCTGTTA-1,0,PLX-4720
Data15_GSM2897334_AGCAGCCGTCTCCACT-1,0,PLX-4720
Data15_GSM2897334_AGCAGCCTCAAACGGG-1,0,PLX-4720
Data15_GSM2897334_AGCATACAGAATGTTG-1,0,PLX-4720
Data15_GSM2897334_AGCATACAGCAATCTC-1,0,PLX-4720
Data15_GSM2897334_AGCATACAGGGAGTAA-1,0,PLX-4720
Data15_GSM2897334_AGCATACAGTACTTGC-1,0,PLX-4720
Data15_GSM2897334_AGCATACCAAGCTGGA-1,0,PLX-4720
Data15_GSM2897334_AGCATACCACATTTCT-1,0,PLX-4720
Data15_GSM2897334_AGCATACGTCCCTACT-1,0,PLX-4720
Data15_GSM2897334_AGCATACGTCTTCTCG-1,0,PLX-4720
Data15_GSM2897334_AGCATACTCCACTCCA-1,0,PLX-4720
Data15_GSM2897334_AGCATACTCTGCTTGC-1,0,PLX-4720
Data15_GSM2897334_AGCCTAAAGCAGACTG-1,0,PLX-4720
Data15_GSM2897334_AGCCTAAAGCGTTTAC-1,0,PLX-4720
Data15_GSM2897334_AGCCTAAGTACATGTC-1,0,PLX-4720
Data15_GSM2897334_AGCCTAAGTACTCTCC-1,0,PLX-4720
Data15_GSM2897334_AGCCTAAGTCTAGCGC-1,0,PLX-4720
Data15_GSM2897334_AGCCTAATCAAGCCTA-1,0,PLX-4720
Data15_GSM2897334_AGCCTAATCCCAAGTA-1,0,PLX-4720
Data15_GSM2897334_AGCCTAATCCTTTCTC-1,0,PLX-4720
Data15_GSM2897334_AGCCTAATCTCGCATC-1,0,PLX-4720
Data15_GSM2897334_AGCCTAATCTTAGAGC-1,0,PLX-4720
Data15_GSM2897334_AGCCTAATCTTTCCTC-1,0,PLX-4720
Data15_GSM2897334_AGCGGTCAGAGGTTAT-1,0,PLX-4720
Data15_GSM2897334_AGCGGTCAGCGAAGGG-1,0,PLX-4720
Data15_GSM2897334_AGCGGTCCAGCCTGTG-1,0,PLX-4720
Data15_GSM2897334_AGCGGTCCATGCATGT-1,0,PLX-4720
Data15_GSM2897334_AGCGGTCGTAAATGTG-1,0,PLX-4720
Data15_GSM2897334_AGCGGTCGTTAAGAAC-1,0,PLX-4720
Data15_GSM2897334_AGCGGTCGTTCTGTTT-1,0,PLX-4720
Data15_GSM2897334_AGCGGTCTCACAGTAC-1,0,PLX-4720
Data15_GSM2897334_AGCGTATCACGGATAG-1,0,PLX-4720
Data15_GSM2897334_AGCGTATCATACAGCT-1,0,PLX-4720
Data15_GSM2897334_AGCGTATGTGACTACT-1,0,PLX-4720
Data15_GSM2897334_AGCGTATTCCAGATCA-1,0,PLX-4720
Data15_GSM2897334_AGCGTATTCGGCGGTT-1,0,PLX-4720
Data15_GSM2897334_AGCGTCGAGAGCTTCT-1,0,PLX-4720
Data15_GSM2897334_AGCGTCGAGGCCCGTT-1,0,PLX-4720
Data15_GSM2897334_AGCGTCGCATCCGCGA-1,0,PLX-4720
Data15_GSM2897334_AGCGTCGGTAGGGACT-1,0,PLX-4720
Data15_GSM2897334_AGCGTCGGTATAGGGC-1,0,PLX-4720
Data15_GSM2897334_AGCGTCGGTCTCACCT-1,0,PLX-4720
Data15_GSM2897334_AGCGTCGGTGAACCTT-1,0,PLX-4720
Data15_GSM2897334_AGCGTCGGTGGTTTCA-1,0,PLX-4720
Data15_GSM2897334_AGCTCCTAGCTATGCT-1,0,PLX-4720
Data15_GSM2897334_AGCTCCTCAAGTCATC-1,0,PLX-4720
Data15_GSM2897334_AGCTCCTCACACAGAG-1,0,PLX-4720
Data15_GSM2897334_AGCTCCTCACTGTGTA-1,0,PLX-4720
Data15_GSM2897334_AGCTCCTCATACGCCG-1,0,PLX-4720
Data15_GSM2897334_AGCTCCTGTAGAGTGC-1,0,PLX-4720
Data15_GSM2897334_AGCTCCTGTGGCCCTA-1,0,PLX-4720
Data15_GSM2897334_AGCTCCTGTTACCGAT-1,0,PLX-4720
Data15_GSM2897334_AGCTCCTTCCACGTTC-1,0,PLX-4720
Data15_GSM2897334_AGCTCTCAGAAACCGC-1,0,PLX-4720
Data15_GSM2897334_AGCTCTCAGCCACGTC-1,0,PLX-4720
Data15_GSM2897334_AGCTCTCTCGTAGGTT-1,0,PLX-4720
Data15_GSM2897334_AGCTTGAAGATATGCA-1,0,PLX-4720
Data15_GSM2897334_AGCTTGAAGCTTTGGT-1,0,PLX-4720
Data15_GSM2897334_AGCTTGACAAAGTCAA-1,0,PLX-4720
Data15_GSM2897334_AGCTTGACATATGAGA-1,0,PLX-4720
Data15_GSM2897334_AGCTTGATCCCTAATT-1,0,PLX-4720
Data15_GSM2897334_AGCTTGATCGTGGGAA-1,0,PLX-4720
Data15_GSM2897334_AGGCCACAGGATCGCA-1,0,PLX-4720
Data15_GSM2897334_AGGCCACGTAAGTAGT-1,0,PLX-4720
Data15_GSM2897334_AGGCCACTCATATCGG-1,0,PLX-4720
Data15_GSM2897334_AGGCCGTAGTACATGA-1,0,PLX-4720
Data15_GSM2897334_AGGCCGTTCACAATGC-1,0,PLX-4720
Data15_GSM2897334_AGGCCGTTCCCTAACC-1,0,PLX-4720
Data15_GSM2897334_AGGCCGTTCTGTCTCG-1,0,PLX-4720
Data15_GSM2897334_AGGGAGTAGGCGACAT-1,0,PLX-4720
Data15_GSM2897334_AGGGAGTCAATGGATA-1,0,PLX-4720
Data15_GSM2897334_AGGGAGTCACCGATAT-1,0,PLX-4720
Data15_GSM2897334_AGGGAGTCAGCTGCTG-1,0,PLX-4720
Data15_GSM2897334_AGGGAGTGTGTGAATA-1,0,PLX-4720
Data15_GSM2897334_AGGGAGTTCTCTGAGA-1,0,PLX-4720
Data15_GSM2897334_AGGGATGAGAGACTTA-1,0,PLX-4720
Data15_GSM2897334_AGGGATGAGGATTCGG-1,0,PLX-4720
Data15_GSM2897334_AGGGATGCAGCTGTTA-1,0,PLX-4720
Data15_GSM2897334_AGGGATGGTACCAGTT-1,0,PLX-4720
Data15_GSM2897334_AGGGATGGTTCCATGA-1,0,PLX-4720
Data15_GSM2897334_AGGGATGTCTTCTGGC-1,0,PLX-4720
Data15_GSM2897334_AGGGTGAAGATATACG-1,0,PLX-4720
Data15_GSM2897334_AGGGTGAAGGGTGTTG-1,0,PLX-4720
Data15_GSM2897334_AGGGTGAAGGTGGGTT-1,0,PLX-4720
Data15_GSM2897334_AGGGTGACAGATTGCT-1,0,PLX-4720
Data15_GSM2897334_AGGGTGACATCAGTCA-1,0,PLX-4720
Data15_GSM2897334_AGGGTGACATTCCTCG-1,0,PLX-4720
Data15_GSM2897334_AGGGTGATCCAGTAGT-1,0,PLX-4720
Data15_GSM2897334_AGGTCATAGCTGCAAG-1,0,PLX-4720
Data15_GSM2897334_AGGTCATCACTCTGTC-1,0,PLX-4720
Data15_GSM2897334_AGGTCATCATGCCCGA-1,0,PLX-4720
Data15_GSM2897334_AGGTCATGTCAAGCGA-1,0,PLX-4720
Data15_GSM2897334_AGGTCATGTCTTGTCC-1,0,PLX-4720
Data15_GSM2897334_AGGTCATTCCTGTAGA-1,0,PLX-4720
Data15_GSM2897334_AGGTCATTCTTTAGTC-1,0,PLX-4720
Data15_GSM2897334_AGGTCCGAGTTACCCA-1,0,PLX-4720
Data15_GSM2897334_AGGTCCGCACGAAGCA-1,0,PLX-4720
Data15_GSM2897334_AGGTCCGGTGGAAAGA-1,0,PLX-4720
Data15_GSM2897334_AGGTCCGTCACCTTAT-1,0,PLX-4720
Data15_GSM2897334_AGGTCCGTCAGATAAG-1,0,PLX-4720
Data15_GSM2897334_AGGTCCGTCAGCGACC-1,0,PLX-4720
Data15_GSM2897334_AGGTCCGTCCCTCTTT-1,0,PLX-4720
Data15_GSM2897334_AGGTCCGTCGAATCCA-1,0,PLX-4720
Data15_GSM2897334_AGTAGTCAGTATGACA-1,0,PLX-4720
Data15_GSM2897334_AGTAGTCCAGTGGAGT-1,0,PLX-4720
Data15_GSM2897334_AGTAGTCGTCTCAACA-1,0,PLX-4720
Data15_GSM2897334_AGTCTTTAGAAGATTC-1,0,PLX-4720
Data15_GSM2897334_AGTCTTTAGACACTAA-1,0,PLX-4720
Data15_GSM2897334_AGTCTTTAGATGCCTT-1,0,PLX-4720
Data15_GSM2897334_AGTCTTTAGTGGTAGC-1,0,PLX-4720
Data15_GSM2897334_AGTCTTTCAAGGCTCC-1,0,PLX-4720
Data15_GSM2897334_AGTCTTTGTGTTAAGA-1,0,PLX-4720
Data15_GSM2897334_AGTCTTTGTTTGGGCC-1,0,PLX-4720
Data15_GSM2897334_AGTCTTTTCTTTACGT-1,0,PLX-4720
Data15_GSM2897334_AGTGAGGAGAGGGCTT-1,0,PLX-4720
Data15_GSM2897334_AGTGAGGAGTACGTAA-1,0,PLX-4720
Data15_GSM2897334_AGTGAGGGTGAGTGAC-1,0,PLX-4720
Data15_GSM2897334_AGTGAGGTCGCATGAT-1,0,PLX-4720
Data15_GSM2897334_AGTGGGAAGTTACGGG-1,0,PLX-4720
Data15_GSM2897334_AGTGGGAGTTCACGGC-1,0,PLX-4720
Data15_GSM2897334_AGTGGGATCCAGAAGG-1,0,PLX-4720
Data15_GSM2897334_AGTGTCAAGCGCTCCA-1,0,PLX-4720
Data15_GSM2897334_AGTGTCAAGTGTACTC-1,0,PLX-4720
Data15_GSM2897334_AGTGTCACAGGCGATA-1,0,PLX-4720
Data15_GSM2897334_AGTGTCATCCGTAGTA-1,0,PLX-4720
Data15_GSM2897334_AGTGTCATCCTCAACC-1,0,PLX-4720
Data15_GSM2897334_AGTGTCATCTACGAGT-1,0,PLX-4720
Data15_GSM2897334_AGTGTCATCTCTTATG-1,0,PLX-4720
Data15_GSM2897334_AGTTGGTAGCTCAACT-1,0,PLX-4720
Data15_GSM2897334_AGTTGGTAGGACAGAA-1,0,PLX-4720
Data15_GSM2897334_AGTTGGTAGTGCGATG-1,0,PLX-4720
Data15_GSM2897334_AGTTGGTCAAGTCTGT-1,0,PLX-4720
Data15_GSM2897334_AGTTGGTCATTACCTT-1,0,PLX-4720
Data15_GSM2897334_AGTTGGTGTTGTACAC-1,0,PLX-4720
Data15_GSM2897334_AGTTGGTTCCCTCTTT-1,0,PLX-4720
Data15_GSM2897334_ATAACGCAGAGCAATT-1,0,PLX-4720
Data15_GSM2897334_ATAACGCCAGCTGTTA-1,0,PLX-4720
Data15_GSM2897334_ATAACGCCATAACCTG-1,0,PLX-4720
Data15_GSM2897334_ATAACGCCATGCTGGC-1,0,PLX-4720
Data15_GSM2897334_ATAACGCGTACATCCA-1,0,PLX-4720
Data15_GSM2897334_ATAACGCGTCGAGATG-1,0,PLX-4720
Data15_GSM2897334_ATAACGCGTCGCGTGT-1,0,PLX-4720
Data15_GSM2897334_ATAACGCGTGCCTTGG-1,0,PLX-4720
Data15_GSM2897334_ATAACGCTCGGACAAG-1,0,PLX-4720
Data15_GSM2897334_ATAACGCTCGGCGCAT-1,0,PLX-4720
Data15_GSM2897334_ATAACGCTCTTCATGT-1,0,PLX-4720
Data15_GSM2897334_ATAAGAGAGGTGCTTT-1,0,PLX-4720
Data15_GSM2897334_ATAAGAGCACTGTGTA-1,0,PLX-4720
Data15_GSM2897334_ATAAGAGGTAGAGCTG-1,0,PLX-4720
Data15_GSM2897334_ATAAGAGGTGGTTTCA-1,0,PLX-4720
Data15_GSM2897334_ATAAGAGTCCAAACAC-1,0,PLX-4720
Data15_GSM2897334_ATAAGAGTCCTTTCTC-1,0,PLX-4720
Data15_GSM2897334_ATAAGAGTCTCATTCA-1,0,PLX-4720
Data15_GSM2897334_ATAAGAGTCTGGCGTG-1,0,PLX-4720
Data15_GSM2897334_ATAAGAGTCTGTCCGT-1,0,PLX-4720
Data15_GSM2897334_ATAGACCAGACTAGGC-1,0,PLX-4720
Data15_GSM2897334_ATAGACCAGTCCAGGA-1,0,PLX-4720
Data15_GSM2897334_ATAGACCAGTCTCCTC-1,0,PLX-4720
Data15_GSM2897334_ATAGACCCAACACGCC-1,0,PLX-4720
Data15_GSM2897334_ATAGACCCAGACGCAA-1,0,PLX-4720
Data15_GSM2897334_ATAGACCCAGCCTGTG-1,0,PLX-4720
Data15_GSM2897334_ATAGACCGTCGGGTCT-1,0,PLX-4720
Data15_GSM2897334_ATAGACCTCACCCGAG-1,0,PLX-4720
Data15_GSM2897334_ATCACGAAGGATGGTC-1,0,PLX-4720
Data15_GSM2897334_ATCACGACAAGTCTAC-1,0,PLX-4720
Data15_GSM2897334_ATCACGACATGATCCA-1,0,PLX-4720
Data15_GSM2897334_ATCACGAGTAGGCTGA-1,0,PLX-4720
Data15_GSM2897334_ATCACGATCACATGCA-1,0,PLX-4720
Data15_GSM2897334_ATCACGATCATACGGT-1,0,PLX-4720
Data15_GSM2897334_ATCACGATCCACGAAT-1,0,PLX-4720
Data15_GSM2897334_ATCACGATCCCATTAT-1,0,PLX-4720
Data15_GSM2897334_ATCATCTAGGACATTA-1,0,PLX-4720
Data15_GSM2897334_ATCATCTAGTTAAGTG-1,0,PLX-4720
Data15_GSM2897334_ATCATCTCATCTCGCT-1,0,PLX-4720
Data15_GSM2897334_ATCATCTGTCGTCTTC-1,0,PLX-4720
Data15_GSM2897334_ATCATCTGTTCACGGC-1,0,PLX-4720
Data15_GSM2897334_ATCATCTGTTTAGCTG-1,0,PLX-4720
Data15_GSM2897334_ATCATCTTCATAGCAC-1,0,PLX-4720
Data15_GSM2897334_ATCATCTTCTCTGAGA-1,0,PLX-4720
Data15_GSM2897334_ATCATGGAGCAACGGT-1,0,PLX-4720
Data15_GSM2897334_ATCATGGAGTCGTACT-1,0,PLX-4720
Data15_GSM2897334_ATCATGGCAAGAGGCT-1,0,PLX-4720
Data15_GSM2897334_ATCATGGCACACTGCG-1,0,PLX-4720
Data15_GSM2897334_ATCATGGGTGCAGGTA-1,0,PLX-4720
Data15_GSM2897334_ATCATGGGTTTACTCT-1,0,PLX-4720
Data15_GSM2897334_ATCATGGTCCAGTAGT-1,0,PLX-4720
Data15_GSM2897334_ATCATGGTCCCTTGTG-1,0,PLX-4720
Data15_GSM2897334_ATCCGAACATGTAAGA-1,0,PLX-4720
Data15_GSM2897334_ATCCGAAGTCTCATCC-1,0,PLX-4720
Data15_GSM2897334_ATCCGAAGTGTCCTCT-1,0,PLX-4720
Data15_GSM2897334_ATCCGAAGTTGGAGGT-1,0,PLX-4720
Data15_GSM2897334_ATCCGAATCCGCATCT-1,0,PLX-4720
Data15_GSM2897334_ATCCGAATCTAACTTC-1,0,PLX-4720
Data15_GSM2897334_ATCGAGTAGCGATTCT-1,0,PLX-4720
Data15_GSM2897334_ATCGAGTAGTCCTCCT-1,0,PLX-4720
Data15_GSM2897334_ATCGAGTGTCCTCCAT-1,0,PLX-4720
Data15_GSM2897334_ATCGAGTGTGACGGTA-1,0,PLX-4720
Data15_GSM2897334_ATCTACTAGGCAGGTT-1,0,PLX-4720
Data15_GSM2897334_ATCTACTCACTCGACG-1,0,PLX-4720
Data15_GSM2897334_ATCTACTCAGAGTGTG-1,0,PLX-4720
Data15_GSM2897334_ATCTACTCAGGAATCG-1,0,PLX-4720
Data15_GSM2897334_ATCTACTTCAACCAAC-1,0,PLX-4720
Data15_GSM2897334_ATCTACTTCCAAACAC-1,0,PLX-4720
Data15_GSM2897334_ATCTACTTCCCGGATG-1,0,PLX-4720
Data15_GSM2897334_ATCTACTTCGCTGATA-1,0,PLX-4720
Data15_GSM2897334_ATCTACTTCGTCCGTT-1,0,PLX-4720
Data15_GSM2897334_ATCTGCCAGGTTCCTA-1,0,PLX-4720
Data15_GSM2897334_ATCTGCCCAAGCGTAG-1,0,PLX-4720
Data15_GSM2897334_ATCTGCCCATATGGTC-1,0,PLX-4720
Data15_GSM2897334_ATCTGCCCATGCTGGC-1,0,PLX-4720
Data15_GSM2897334_ATCTGCCGTCAGAATA-1,0,PLX-4720
Data15_GSM2897334_ATCTGCCTCCAGTATG-1,0,PLX-4720
Data15_GSM2897334_ATCTGCCTCTTGTCAT-1,0,PLX-4720
Data15_GSM2897334_ATGAGGGAGACAGGCT-1,0,PLX-4720
Data15_GSM2897334_ATGAGGGAGGGATCTG-1,0,PLX-4720
Data15_GSM2897334_ATGAGGGCAACGATGG-1,0,PLX-4720
Data15_GSM2897334_ATGAGGGCAAGGTTTC-1,0,PLX-4720
Data15_GSM2897334_ATGAGGGGTGACGGTA-1,0,PLX-4720
Data15_GSM2897334_ATGAGGGGTTAAAGTG-1,0,PLX-4720
Data15_GSM2897334_ATGAGGGGTTCGGGCT-1,0,PLX-4720
Data15_GSM2897334_ATGAGGGGTTCGTTGA-1,0,PLX-4720
Data15_GSM2897334_ATGAGGGTCTTTACAC-1,0,PLX-4720
Data15_GSM2897334_ATGCGATAGCTAGTGG-1,0,PLX-4720
Data15_GSM2897334_ATGCGATAGGACAGCT-1,0,PLX-4720
Data15_GSM2897334_ATGCGATAGTTCGATC-1,0,PLX-4720
Data15_GSM2897334_ATGCGATCAACTGCGC-1,0,PLX-4720
Data15_GSM2897334_ATGCGATTCACCATAG-1,0,PLX-4720
Data15_GSM2897334_ATGCGATTCTCTGCTG-1,0,PLX-4720
Data15_GSM2897334_ATGGGAGAGACTACAA-1,0,PLX-4720
Data15_GSM2897334_ATGGGAGAGTGACTCT-1,0,PLX-4720
Data15_GSM2897334_ATGGGAGCAAGCTGTT-1,0,PLX-4720
Data15_GSM2897334_ATGGGAGCAGCCAGAA-1,0,PLX-4720
Data15_GSM2897334_ATGGGAGCAGGACCCT-1,0,PLX-4720
Data15_GSM2897334_ATGGGAGCATCTGGTA-1,0,PLX-4720
Data15_GSM2897334_ATGGGAGGTTGGTAAA-1,0,PLX-4720
Data15_GSM2897334_ATGGGAGTCAAGGCTT-1,0,PLX-4720
Data15_GSM2897334_ATGGGAGTCAATCTCT-1,0,PLX-4720
Data15_GSM2897334_ATGGGAGTCAGGATCT-1,0,PLX-4720
Data15_GSM2897334_ATGGGAGTCTGGGCCA-1,0,PLX-4720
Data15_GSM2897334_ATGTGTGAGAATTCCC-1,0,PLX-4720
Data15_GSM2897334_ATGTGTGAGAGCTTCT-1,0,PLX-4720
Data15_GSM2897334_ATGTGTGGTGGCCCTA-1,0,PLX-4720
Data15_GSM2897334_ATGTGTGTCAGTCAGT-1,0,PLX-4720
Data15_GSM2897334_ATTACTCAGTTCGCAT-1,0,PLX-4720
Data15_GSM2897334_ATTACTCCAATGGACG-1,0,PLX-4720
Data15_GSM2897334_ATTACTCCACGGTAGA-1,0,PLX-4720
Data15_GSM2897334_ATTACTCCATGCGCAC-1,0,PLX-4720
Data15_GSM2897334_ATTACTCCATGGGACA-1,0,PLX-4720
Data15_GSM2897334_ATTACTCGTTCCTCCA-1,0,PLX-4720
Data15_GSM2897334_ATTACTCTCACAACGT-1,0,PLX-4720
Data15_GSM2897334_ATTACTCTCCACTGGG-1,0,PLX-4720
Data15_GSM2897334_ATTACTCTCCGCGGTA-1,0,PLX-4720
Data15_GSM2897334_ATTATCCAGCCTATGT-1,0,PLX-4720
Data15_GSM2897334_ATTATCCAGCTACCTA-1,0,PLX-4720
Data15_GSM2897334_ATTATCCCAGGAATGC-1,0,PLX-4720
Data15_GSM2897334_ATTATCCCAGTAAGAT-1,0,PLX-4720
Data15_GSM2897334_ATTATCCGTAGCGCAA-1,0,PLX-4720
Data15_GSM2897334_ATTATCCGTCCGAACC-1,0,PLX-4720
Data15_GSM2897334_ATTATCCGTTACGTCA-1,0,PLX-4720
Data15_GSM2897334_ATTATCCGTTAGAACA-1,0,PLX-4720
Data15_GSM2897334_ATTATCCTCCCTAATT-1,0,PLX-4720
Data15_GSM2897334_ATTATCCTCGCCTGAG-1,0,PLX-4720
Data15_GSM2897334_ATTCTACAGTGGCACA-1,0,PLX-4720
Data15_GSM2897334_ATTCTACCAACTGCTA-1,0,PLX-4720
Data15_GSM2897334_ATTCTACCACAAGTAA-1,0,PLX-4720
Data15_GSM2897334_ATTCTACGTCTGATTG-1,0,PLX-4720
Data15_GSM2897334_ATTCTACGTTACGCGC-1,0,PLX-4720
Data15_GSM2897334_ATTGGACAGACATAAC-1,0,PLX-4720
Data15_GSM2897334_ATTGGACAGGAATCGC-1,0,PLX-4720
Data15_GSM2897334_ATTGGACCAATCGAAA-1,0,PLX-4720
Data15_GSM2897334_ATTGGACGTCGAGTTT-1,0,PLX-4720
Data15_GSM2897334_ATTGGACTCACTCCTG-1,0,PLX-4720
Data15_GSM2897334_ATTGGACTCCTCATTA-1,0,PLX-4720
Data15_GSM2897334_ATTGGACTCGCCAAAT-1,0,PLX-4720
Data15_GSM2897334_ATTGGACTCTCACATT-1,0,PLX-4720
Data15_GSM2897334_ATTGGTGAGACTTGAA-1,0,PLX-4720
Data15_GSM2897334_ATTGGTGAGCTGATAA-1,0,PLX-4720
Data15_GSM2897334_ATTGGTGAGGTGATAT-1,0,PLX-4720
Data15_GSM2897334_ATTGGTGAGTCAAGGC-1,0,PLX-4720
Data15_GSM2897334_ATTGGTGCAATGAATG-1,0,PLX-4720
Data15_GSM2897334_ATTGGTGCACCACCAG-1,0,PLX-4720
Data15_GSM2897334_ATTGGTGCACGAAGCA-1,0,PLX-4720
Data15_GSM2897334_ATTGGTGGTTACGTCA-1,0,PLX-4720
Data15_GSM2897334_ATTGGTGTCTTTACAC-1,0,PLX-4720
Data15_GSM2897334_ATTTCTGGTCTGCAAT-1,0,PLX-4720
Data15_GSM2897334_ATTTCTGGTGAAGGCT-1,0,PLX-4720
Data15_GSM2897334_ATTTCTGGTGCGGTAA-1,0,PLX-4720
Data15_GSM2897334_ATTTCTGGTGCTGTAT-1,0,PLX-4720
Data15_GSM2897334_ATTTCTGGTGGACGAT-1,0,PLX-4720
Data15_GSM2897334_ATTTCTGGTTGATTCG-1,0,PLX-4720
Data15_GSM2897334_ATTTCTGGTTGGTTTG-1,0,PLX-4720
Data15_GSM2897334_ATTTCTGTCTGCGACG-1,0,PLX-4720
Data15_GSM2897334_CAACCAAAGACTCGGA-1,0,PLX-4720
Data15_GSM2897334_CAACCAAAGGCTACGA-1,0,PLX-4720
Data15_GSM2897334_CAACCAAAGTCACGCC-1,0,PLX-4720
Data15_GSM2897334_CAACCAATCAACTCTT-1,0,PLX-4720
Data15_GSM2897334_CAACCTCCAGCCTTTC-1,0,PLX-4720
Data15_GSM2897334_CAACCTCGTGGTCTCG-1,0,PLX-4720
Data15_GSM2897334_CAACCTCGTTTAGGAA-1,0,PLX-4720
Data15_GSM2897334_CAACCTCTCGCCAGCA-1,0,PLX-4720
Data15_GSM2897334_CAACCTCTCTAACTTC-1,0,PLX-4720
Data15_GSM2897334_CAACTAGCAACGATCT-1,0,PLX-4720
Data15_GSM2897334_CAACTAGGTCTTGTCC-1,0,PLX-4720
Data15_GSM2897334_CAACTAGTCGCCTGTT-1,0,PLX-4720
Data15_GSM2897334_CAACTAGTCTGTACGA-1,0,PLX-4720
Data15_GSM2897334_CAAGAAAAGATGTGTA-1,0,PLX-4720
Data15_GSM2897334_CAAGAAAAGTACGTAA-1,0,PLX-4720
Data15_GSM2897334_CAAGAAACACACCGAC-1,0,PLX-4720
Data15_GSM2897334_CAAGAAACATAGTAAG-1,0,PLX-4720
Data15_GSM2897334_CAAGAAAGTACCATCA-1,0,PLX-4720
Data15_GSM2897334_CAAGAAAGTCAAACTC-1,0,PLX-4720
Data15_GSM2897334_CAAGAAAGTCGGCTCA-1,0,PLX-4720
Data15_GSM2897334_CAAGAAAGTGATAAGT-1,0,PLX-4720
Data15_GSM2897334_CAAGAAAGTTACCGAT-1,0,PLX-4720
Data15_GSM2897334_CAAGAAATCACATGCA-1,0,PLX-4720
Data15_GSM2897334_CAAGAAATCCCTAATT-1,0,PLX-4720
Data15_GSM2897334_CAAGATCAGCTGCGAA-1,0,PLX-4720
Data15_GSM2897334_CAAGATCAGTGGGTTG-1,0,PLX-4720
Data15_GSM2897334_CAAGATCGTCAGAGGT-1,0,PLX-4720
Data15_GSM2897334_CAAGATCTCAATCTCT-1,0,PLX-4720
Data15_GSM2897334_CAAGATCTCATCGGAT-1,0,PLX-4720
Data15_GSM2897334_CAAGGCCCACCTCGGA-1,0,PLX-4720
Data15_GSM2897334_CAAGGCCCACGAAAGC-1,0,PLX-4720
Data15_GSM2897334_CAAGGCCCACGCTTTC-1,0,PLX-4720
Data15_GSM2897334_CAAGGCCCAGCCTTGG-1,0,PLX-4720
Data15_GSM2897334_CAAGGCCGTATTCTCT-1,0,PLX-4720
Data15_GSM2897334_CAAGGCCGTCATGCAT-1,0,PLX-4720
Data15_GSM2897334_CAAGGCCGTGCCTGGT-1,0,PLX-4720
Data15_GSM2897334_CAAGGCCGTTGTGGCC-1,0,PLX-4720
Data15_GSM2897334_CAAGGCCTCAGCTTAG-1,0,PLX-4720
Data15_GSM2897334_CAAGGCCTCAGTTAGC-1,0,PLX-4720
Data15_GSM2897334_CAAGTTGAGAGCTGCA-1,0,PLX-4720
Data15_GSM2897334_CAAGTTGAGATACACA-1,0,PLX-4720
Data15_GSM2897334_CAAGTTGAGCTGGAAC-1,0,PLX-4720
Data15_GSM2897334_CAAGTTGCAATCGAAA-1,0,PLX-4720
Data15_GSM2897334_CAAGTTGCATATGAGA-1,0,PLX-4720
Data15_GSM2897334_CAAGTTGTCAACACGT-1,0,PLX-4720
Data15_GSM2897334_CAAGTTGTCAGTTGAC-1,0,PLX-4720
Data15_GSM2897334_CAAGTTGTCCTTTCGG-1,0,PLX-4720
Data15_GSM2897334_CAAGTTGTCGGCGCTA-1,0,PLX-4720
Data15_GSM2897334_CACAAACCACCAACCG-1,0,PLX-4720
Data15_GSM2897334_CACAAACGTACAGTGG-1,0,PLX-4720
Data15_GSM2897334_CACAAACGTCTCACCT-1,0,PLX-4720
Data15_GSM2897334_CACAAACGTGTAACGG-1,0,PLX-4720
Data15_GSM2897334_CACAAACTCAATCTCT-1,0,PLX-4720
Data15_GSM2897334_CACAAACTCACCACCT-1,0,PLX-4720
Data15_GSM2897334_CACAAACTCTCCGGTT-1,0,PLX-4720
Data15_GSM2897334_CACACAAAGATCGGGT-1,0,PLX-4720
Data15_GSM2897334_CACACAAAGCCATCGC-1,0,PLX-4720
Data15_GSM2897334_CACACAACAATGACCT-1,0,PLX-4720
Data15_GSM2897334_CACACAACAGGTTTCA-1,0,PLX-4720
Data15_GSM2897334_CACACAACAGTCAGAG-1,0,PLX-4720
Data15_GSM2897334_CACACAACATCACAAC-1,0,PLX-4720
Data15_GSM2897334_CACACAAGTGGTGTAG-1,0,PLX-4720
Data15_GSM2897334_CACACAATCAGCAACT-1,0,PLX-4720
Data15_GSM2897334_CACACAATCATTGCGA-1,0,PLX-4720
Data15_GSM2897334_CACACCTAGTTTGCGT-1,0,PLX-4720
Data15_GSM2897334_CACACCTCAAACGTGG-1,0,PLX-4720
Data15_GSM2897334_CACACCTCAACGATGG-1,0,PLX-4720
Data15_GSM2897334_CACACCTCACCCTATC-1,0,PLX-4720
Data15_GSM2897334_CACACCTGTAAGAGAG-1,0,PLX-4720
Data15_GSM2897334_CACACCTGTTGTCTTT-1,0,PLX-4720
Data15_GSM2897334_CACACCTTCCTTTACA-1,0,PLX-4720
Data15_GSM2897334_CACACTCCAGCGTTCG-1,0,PLX-4720
Data15_GSM2897334_CACACTCCAGTAAGAT-1,0,PLX-4720
Data15_GSM2897334_CACACTCCATGTTGAC-1,0,PLX-4720
Data15_GSM2897334_CACACTCGTCACTTCC-1,0,PLX-4720
Data15_GSM2897334_CACACTCGTGAACCTT-1,0,PLX-4720
Data15_GSM2897334_CACACTCGTTGTCGCG-1,0,PLX-4720
Data15_GSM2897334_CACAGGCAGCTGAAAT-1,0,PLX-4720
Data15_GSM2897334_CACAGGCGTCGAAAGC-1,0,PLX-4720
Data15_GSM2897334_CACAGGCGTGTCTGAT-1,0,PLX-4720
Data15_GSM2897334_CACAGGCGTTCCACGG-1,0,PLX-4720
Data15_GSM2897334_CACAGGCTCAGTTAGC-1,0,PLX-4720
Data15_GSM2897334_CACAGGCTCATTTGGG-1,0,PLX-4720
Data15_GSM2897334_CACAGGCTCGAATCCA-1,0,PLX-4720
Data15_GSM2897334_CACAGGCTCTCGAGTA-1,0,PLX-4720
Data15_GSM2897334_CACAGTACACTCGACG-1,0,PLX-4720
Data15_GSM2897334_CACAGTACAGGCGATA-1,0,PLX-4720
Data15_GSM2897334_CACAGTACATTCTCAT-1,0,PLX-4720
Data15_GSM2897334_CACAGTAGTACGAAAT-1,0,PLX-4720
Data15_GSM2897334_CACAGTAGTCTAGTGT-1,0,PLX-4720
Data15_GSM2897334_CACAGTATCCTGCAGG-1,0,PLX-4720
Data15_GSM2897334_CACAGTATCGATCCCT-1,0,PLX-4720
Data15_GSM2897334_CACAGTATCTGCGGCA-1,0,PLX-4720
Data15_GSM2897334_CACAGTATCTGGCGTG-1,0,PLX-4720
Data15_GSM2897334_CACATAGCAAGTACCT-1,0,PLX-4720
Data15_GSM2897334_CACATAGTCCGATATG-1,0,PLX-4720
Data15_GSM2897334_CACATAGTCTACTATC-1,0,PLX-4720
Data15_GSM2897334_CACATAGTCTGTGCAA-1,0,PLX-4720
Data15_GSM2897334_CACATTTAGCGTTGCC-1,0,PLX-4720
Data15_GSM2897334_CACATTTAGGCCATAG-1,0,PLX-4720
Data15_GSM2897334_CACATTTAGGTGCTTT-1,0,PLX-4720
Data15_GSM2897334_CACATTTAGTGGGATC-1,0,PLX-4720
Data15_GSM2897334_CACATTTAGTGTACGG-1,0,PLX-4720
Data15_GSM2897334_CACATTTCACCGAATT-1,0,PLX-4720
Data15_GSM2897334_CACATTTGTCCTCTTG-1,0,PLX-4720
Data15_GSM2897334_CACATTTGTGGGTATG-1,0,PLX-4720
Data15_GSM2897334_CACATTTTCACATGCA-1,0,PLX-4720
Data15_GSM2897334_CACATTTTCCTCCTAG-1,0,PLX-4720
Data15_GSM2897334_CACATTTTCGGAAACG-1,0,PLX-4720
Data15_GSM2897334_CACCACTAGAGGACGG-1,0,PLX-4720
Data15_GSM2897334_CACCACTAGCTACCGC-1,0,PLX-4720
Data15_GSM2897334_CACCACTCATATACGC-1,0,PLX-4720
Data15_GSM2897334_CACCACTGTTATCGGT-1,0,PLX-4720
Data15_GSM2897334_CACCACTGTTCCATGA-1,0,PLX-4720
Data15_GSM2897334_CACCACTGTTGCGTTA-1,0,PLX-4720
Data15_GSM2897334_CACCACTGTTTAGCTG-1,0,PLX-4720
Data15_GSM2897334_CACCACTTCACTTACT-1,0,PLX-4720
Data15_GSM2897334_CACCACTTCCCACTTG-1,0,PLX-4720
Data15_GSM2897334_CACCAGGGTATTACCG-1,0,PLX-4720
Data15_GSM2897334_CACCTTGAGATCACGG-1,0,PLX-4720
Data15_GSM2897334_CACCTTGCAAATTGCC-1,0,PLX-4720
Data15_GSM2897334_CACCTTGCAACTGCTA-1,0,PLX-4720
Data15_GSM2897334_CACCTTGCAAGTCTAC-1,0,PLX-4720
Data15_GSM2897334_CACCTTGCAGTGGAGT-1,0,PLX-4720
Data15_GSM2897334_CACCTTGGTACGACCC-1,0,PLX-4720
Data15_GSM2897334_CACCTTGGTACTCGCG-1,0,PLX-4720
Data15_GSM2897334_CACCTTGGTAGCTGCC-1,0,PLX-4720
Data15_GSM2897334_CACCTTGGTCAGAATA-1,0,PLX-4720
Data15_GSM2897334_CACCTTGGTTGCGTTA-1,0,PLX-4720
Data15_GSM2897334_CACCTTGTCTAAGCCA-1,0,PLX-4720
Data15_GSM2897334_CACTCCACACTCGACG-1,0,PLX-4720
Data15_GSM2897334_CACTCCACAGCGTTCG-1,0,PLX-4720
Data15_GSM2897334_CACTCCAGTTTGACTG-1,0,PLX-4720
Data15_GSM2897334_CAGAATCAGACCTAGG-1,0,PLX-4720
Data15_GSM2897334_CAGAATCAGCGATAGC-1,0,PLX-4720
Data15_GSM2897334_CAGAATCCAATGGAAT-1,0,PLX-4720
Data15_GSM2897334_CAGAATCGTTTGACTG-1,0,PLX-4720
Data15_GSM2897334_CAGAATCTCCTCCTAG-1,0,PLX-4720
Data15_GSM2897334_CAGAGAGAGAGGGATA-1,0,PLX-4720
Data15_GSM2897334_CAGAGAGAGCTTATCG-1,0,PLX-4720
Data15_GSM2897334_CAGAGAGAGCTTTGGT-1,0,PLX-4720
Data15_GSM2897334_CAGAGAGCACTATCTT-1,0,PLX-4720
Data15_GSM2897334_CAGAGAGCATCCTTGC-1,0,PLX-4720
Data15_GSM2897334_CAGAGAGCATTAGCCA-1,0,PLX-4720
Data15_GSM2897334_CAGAGAGGTAGTGAAT-1,0,PLX-4720
Data15_GSM2897334_CAGAGAGGTCGCTTTC-1,0,PLX-4720
Data15_GSM2897334_CAGAGAGGTTATGTGC-1,0,PLX-4720
Data15_GSM2897334_CAGAGAGTCAGCATGT-1,0,PLX-4720
Data15_GSM2897334_CAGAGAGTCGGTTAAC-1,0,PLX-4720
Data15_GSM2897334_CAGAGAGTCTGAGTGT-1,0,PLX-4720
Data15_GSM2897334_CAGAGAGTCTGCTGCT-1,0,PLX-4720
Data15_GSM2897334_CAGAGAGTCTTCCTTC-1,0,PLX-4720
Data15_GSM2897334_CAGATCAAGTGTACGG-1,0,PLX-4720
Data15_GSM2897334_CAGATCACAGTAACGG-1,0,PLX-4720
Data15_GSM2897334_CAGATCAGTAAGCACG-1,0,PLX-4720
Data15_GSM2897334_CAGATCAGTCAACTGT-1,0,PLX-4720
Data15_GSM2897334_CAGATCAGTCTTGCGG-1,0,PLX-4720
Data15_GSM2897334_CAGATCATCACGCGGT-1,0,PLX-4720
Data15_GSM2897334_CAGATCATCCGAAGAG-1,0,PLX-4720
Data15_GSM2897334_CAGATCATCTCGATGA-1,0,PLX-4720
Data15_GSM2897334_CAGCAGCGTGTGACGA-1,0,PLX-4720
Data15_GSM2897334_CAGCAGCGTTGCCTCT-1,0,PLX-4720
Data15_GSM2897334_CAGCAGCTCATAAAGG-1,0,PLX-4720
Data15_GSM2897334_CAGCAGCTCGGAAACG-1,0,PLX-4720
Data15_GSM2897334_CAGCATAAGAGTGACC-1,0,PLX-4720
Data15_GSM2897334_CAGCATAAGCCAGTTT-1,0,PLX-4720
Data15_GSM2897334_CAGCATAAGCGTAATA-1,0,PLX-4720
Data15_GSM2897334_CAGCATAAGGAGTAGA-1,0,PLX-4720
Data15_GSM2897334_CAGCATAGTACCCAAT-1,0,PLX-4720
Data15_GSM2897334_CAGCATATCTAACTTC-1,0,PLX-4720
Data15_GSM2897334_CAGCATATCTCTAGGA-1,0,PLX-4720
Data15_GSM2897334_CAGCCGACAAGTACCT-1,0,PLX-4720
Data15_GSM2897334_CAGCCGAGTCAAGCGA-1,0,PLX-4720
Data15_GSM2897334_CAGCCGATCGCCGTGA-1,0,PLX-4720
Data15_GSM2897334_CAGCCGATCTCTAAGG-1,0,PLX-4720
Data15_GSM2897334_CAGCGACAGACCGGAT-1,0,PLX-4720
Data15_GSM2897334_CAGCGACAGGGAACGG-1,0,PLX-4720
Data15_GSM2897334_CAGCGACAGTATGACA-1,0,PLX-4720
Data15_GSM2897334_CAGCGACCAAGGTTTC-1,0,PLX-4720
Data15_GSM2897334_CAGCGACGTGAACCTT-1,0,PLX-4720
Data15_GSM2897334_CAGCGACTCAAGGCTT-1,0,PLX-4720
Data15_GSM2897334_CAGCGACTCATAGCAC-1,0,PLX-4720
Data15_GSM2897334_CAGCTAAAGAGCTGCA-1,0,PLX-4720
Data15_GSM2897334_CAGCTAAAGCTTTGGT-1,0,PLX-4720
Data15_GSM2897334_CAGCTAACATCGATGT-1,0,PLX-4720
Data15_GSM2897334_CAGCTAAGTAGGGACT-1,0,PLX-4720
Data15_GSM2897334_CAGCTAAGTATGCTTG-1,0,PLX-4720
Data15_GSM2897334_CAGCTAATCCTTTCTC-1,0,PLX-4720
Data15_GSM2897334_CAGCTAATCGGAAATA-1,0,PLX-4720
Data15_GSM2897334_CAGCTGGCAAAGTCAA-1,0,PLX-4720
Data15_GSM2897334_CAGCTGGCACGGACAA-1,0,PLX-4720
Data15_GSM2897334_CAGCTGGCAGGGATTG-1,0,PLX-4720
Data15_GSM2897334_CAGCTGGCATGACGGA-1,0,PLX-4720
Data15_GSM2897334_CAGCTGGGTAAGTTCC-1,0,PLX-4720
Data15_GSM2897334_CAGCTGGGTGACGCCT-1,0,PLX-4720
Data15_GSM2897334_CAGCTGGTCCGAAGAG-1,0,PLX-4720
Data15_GSM2897334_CAGCTGGTCGTTACGA-1,0,PLX-4720
Data15_GSM2897334_CAGCTGGTCGTTGACA-1,0,PLX-4720
Data15_GSM2897334_CAGGTGCAGAAAGTGG-1,0,PLX-4720
Data15_GSM2897334_CAGGTGCAGAGCTGGT-1,0,PLX-4720
Data15_GSM2897334_CAGGTGCGTAGCTCCG-1,0,PLX-4720
Data15_GSM2897334_CAGGTGCGTAGGCATG-1,0,PLX-4720
Data15_GSM2897334_CAGGTGCGTTGTACAC-1,0,PLX-4720
Data15_GSM2897334_CAGGTGCGTTTGTTTC-1,0,PLX-4720
Data15_GSM2897334_CAGTAACCATAACCTG-1,0,PLX-4720
Data15_GSM2897334_CAGTAACCATCCCATC-1,0,PLX-4720
Data15_GSM2897334_CAGTAACGTCCGAAGA-1,0,PLX-4720
Data15_GSM2897334_CAGTAACGTCTAGAGG-1,0,PLX-4720
Data15_GSM2897334_CAGTAACTCATCGCTC-1,0,PLX-4720
Data15_GSM2897334_CAGTAACTCCCAAGTA-1,0,PLX-4720
Data15_GSM2897334_CAGTAACTCGTGGACC-1,0,PLX-4720
Data15_GSM2897334_CAGTCCTAGTGAACGC-1,0,PLX-4720
Data15_GSM2897334_CAGTCCTCAATAGAGT-1,0,PLX-4720
Data15_GSM2897334_CAGTCCTCACGGTAGA-1,0,PLX-4720
Data15_GSM2897334_CAGTCCTTCGTTGACA-1,0,PLX-4720
Data15_GSM2897334_CATATGGAGGACAGCT-1,0,PLX-4720
Data15_GSM2897334_CATATGGCAGAAGCAC-1,0,PLX-4720
Data15_GSM2897334_CATATGGGTGTCTGAT-1,0,PLX-4720
Data15_GSM2897334_CATATGGTCGTGGACC-1,0,PLX-4720
Data15_GSM2897334_CATATTCAGAGGTAGA-1,0,PLX-4720
Data15_GSM2897334_CATATTCAGCCAGTAG-1,0,PLX-4720
Data15_GSM2897334_CATATTCCAGCCTATA-1,0,PLX-4720
Data15_GSM2897334_CATATTCTCTTGAGAC-1,0,PLX-4720
Data15_GSM2897334_CATCAAGCAATCACAC-1,0,PLX-4720
Data15_GSM2897334_CATCAAGGTGCAACTT-1,0,PLX-4720
Data15_GSM2897334_CATCAAGGTTTAGGAA-1,0,PLX-4720
Data15_GSM2897334_CATCAAGTCATAGCAC-1,0,PLX-4720
Data15_GSM2897334_CATCAAGTCATTTGGG-1,0,PLX-4720
Data15_GSM2897334_CATCAAGTCCACTCCA-1,0,PLX-4720
Data15_GSM2897334_CATCAAGTCTCGCTTG-1,0,PLX-4720
Data15_GSM2897334_CATCAAGTCTGGTGTA-1,0,PLX-4720
Data15_GSM2897334_CATCAGAAGCACACAG-1,0,PLX-4720
Data15_GSM2897334_CATCAGAAGCTAACTC-1,0,PLX-4720
Data15_GSM2897334_CATCAGACACCCATTC-1,0,PLX-4720
Data15_GSM2897334_CATCAGACATCGATTG-1,0,PLX-4720
Data15_GSM2897334_CATCAGAGTACCATCA-1,0,PLX-4720
Data15_GSM2897334_CATCAGAGTTACCAGT-1,0,PLX-4720
Data15_GSM2897334_CATCAGATCCCATTTA-1,0,PLX-4720
Data15_GSM2897334_CATCCACAGCCAACAG-1,0,PLX-4720
Data15_GSM2897334_CATCCACAGCCGATTT-1,0,PLX-4720
Data15_GSM2897334_CATCCACAGCTGTTCA-1,0,PLX-4720
Data15_GSM2897334_CATCCACAGGACGAAA-1,0,PLX-4720
Data15_GSM2897334_CATCCACAGTCCAGGA-1,0,PLX-4720
Data15_GSM2897334_CATCCACCAGATGGCA-1,0,PLX-4720
Data15_GSM2897334_CATCCACCAGGGCATA-1,0,PLX-4720
Data15_GSM2897334_CATCCACGTCAGAATA-1,0,PLX-4720
Data15_GSM2897334_CATCCACTCATGCTCC-1,0,PLX-4720
Data15_GSM2897334_CATCGAAGTAGAGTGC-1,0,PLX-4720
Data15_GSM2897334_CATCGAAGTCGCTTCT-1,0,PLX-4720
Data15_GSM2897334_CATCGAAGTCTGCGGT-1,0,PLX-4720
Data15_GSM2897334_CATCGAAGTTACGACT-1,0,PLX-4720
Data15_GSM2897334_CATCGAATCACGCATA-1,0,PLX-4720
Data15_GSM2897334_CATCGAATCATAAAGG-1,0,PLX-4720
Data15_GSM2897334_CATCGAATCTAACTTC-1,0,PLX-4720
Data15_GSM2897334_CATCGGGAGTGCCATT-1,0,PLX-4720
Data15_GSM2897334_CATCGGGCAGCGTTCG-1,0,PLX-4720
Data15_GSM2897334_CATCGGGCATGCCTAA-1,0,PLX-4720
Data15_GSM2897334_CATCGGGCATTGAGCT-1,0,PLX-4720
Data15_GSM2897334_CATCGGGGTATATGAG-1,0,PLX-4720
Data15_GSM2897334_CATCGGGTCACGCATA-1,0,PLX-4720
Data15_GSM2897334_CATGACAAGAACAACT-1,0,PLX-4720
Data15_GSM2897334_CATGACAAGAATAGGG-1,0,PLX-4720
Data15_GSM2897334_CATGACACAAACTGTC-1,0,PLX-4720
Data15_GSM2897334_CATGACACACCCATGG-1,0,PLX-4720
Data15_GSM2897334_CATGACACAGACGCCT-1,0,PLX-4720
Data15_GSM2897334_CATGACACAGGTTTCA-1,0,PLX-4720
Data15_GSM2897334_CATGACACATGGGAAC-1,0,PLX-4720
Data15_GSM2897334_CATGACAGTCCTCCAT-1,0,PLX-4720
Data15_GSM2897334_CATGACAGTCTCTTAT-1,0,PLX-4720
Data15_GSM2897334_CATGACATCATGTCCC-1,0,PLX-4720
Data15_GSM2897334_CATGCCTAGGGTGTTG-1,0,PLX-4720
Data15_GSM2897334_CATGCCTAGTCCGTAT-1,0,PLX-4720
Data15_GSM2897334_CATGCCTCATTGGCGC-1,0,PLX-4720
Data15_GSM2897334_CATGCCTGTAAGCACG-1,0,PLX-4720
Data15_GSM2897334_CATGCCTGTAGCGCTC-1,0,PLX-4720
Data15_GSM2897334_CATGGCGAGCAGCGTA-1,0,PLX-4720
Data15_GSM2897334_CATGGCGCACACCGAC-1,0,PLX-4720
Data15_GSM2897334_CATGGCGCACCAGATT-1,0,PLX-4720
Data15_GSM2897334_CATGGCGGTATCAGTC-1,0,PLX-4720
Data15_GSM2897334_CATTATCAGCGTTTAC-1,0,PLX-4720
Data15_GSM2897334_CATTATCAGGCTACGA-1,0,PLX-4720
Data15_GSM2897334_CATTATCAGTAACCCT-1,0,PLX-4720
Data15_GSM2897334_CATTATCCAGTACACT-1,0,PLX-4720
Data15_GSM2897334_CATTATCGTACAGTTC-1,0,PLX-4720
Data15_GSM2897334_CATTATCGTGTGCCTG-1,0,PLX-4720
Data15_GSM2897334_CATTATCGTTCAACCA-1,0,PLX-4720
Data15_GSM2897334_CATTATCGTTCGTCTC-1,0,PLX-4720
Data15_GSM2897334_CATTATCTCCTAGTGA-1,0,PLX-4720
Data15_GSM2897334_CATTATCTCTGTTGAG-1,0,PLX-4720
Data15_GSM2897334_CATTCGCAGGGCTTCC-1,0,PLX-4720
Data15_GSM2897334_CATTCGCCATGGGAAC-1,0,PLX-4720
Data15_GSM2897334_CATTCGCGTCACACGC-1,0,PLX-4720
Data15_GSM2897334_CATTCGCGTCGCTTTC-1,0,PLX-4720
Data15_GSM2897334_CATTCGCTCCAAATGC-1,0,PLX-4720
Data15_GSM2897334_CATTCGCTCGACGGAA-1,0,PLX-4720
Data15_GSM2897334_CATTCGCTCTGTTGAG-1,0,PLX-4720
Data15_GSM2897334_CCAATCCAGACAAGCC-1,0,PLX-4720
Data15_GSM2897334_CCAATCCGTAACGCGA-1,0,PLX-4720
Data15_GSM2897334_CCAATCCGTAAGAGGA-1,0,PLX-4720
Data15_GSM2897334_CCAATCCGTAATTGGA-1,0,PLX-4720
Data15_GSM2897334_CCAATCCGTACGAAAT-1,0,PLX-4720
Data15_GSM2897334_CCAATCCGTAGGCTGA-1,0,PLX-4720
Data15_GSM2897334_CCAATCCGTTCCATGA-1,0,PLX-4720
Data15_GSM2897334_CCAATCCTCAACGGGA-1,0,PLX-4720
Data15_GSM2897334_CCAATCCTCGCGATCG-1,0,PLX-4720
Data15_GSM2897334_CCACCTAAGTCGATAA-1,0,PLX-4720
Data15_GSM2897334_CCACCTACACGGCTAC-1,0,PLX-4720
Data15_GSM2897334_CCACCTAGTCAACATC-1,0,PLX-4720
Data15_GSM2897334_CCACCTAGTGCTGTAT-1,0,PLX-4720
Data15_GSM2897334_CCACCTATCAGTGCAT-1,0,PLX-4720
Data15_GSM2897334_CCACCTATCGGCTTGG-1,0,PLX-4720
Data15_GSM2897334_CCACGGAAGCTGCGAA-1,0,PLX-4720
Data15_GSM2897334_CCACGGAAGGCTCATT-1,0,PLX-4720
Data15_GSM2897334_CCACGGACAACAACCT-1,0,PLX-4720
Data15_GSM2897334_CCACGGACAATCTACG-1,0,PLX-4720
Data15_GSM2897334_CCACGGACACAGCGTC-1,0,PLX-4720
Data15_GSM2897334_CCACGGACACGACTCG-1,0,PLX-4720
Data15_GSM2897334_CCACGGACACTGTCGG-1,0,PLX-4720
Data15_GSM2897334_CCACGGAGTCAGAGGT-1,0,PLX-4720
Data15_GSM2897334_CCACTACTCACGGTTA-1,0,PLX-4720
Data15_GSM2897334_CCAGCGACAGATAATG-1,0,PLX-4720
Data15_GSM2897334_CCAGCGACATGCCCGA-1,0,PLX-4720
Data15_GSM2897334_CCAGCGACATGTCTCC-1,0,PLX-4720
Data15_GSM2897334_CCAGCGAGTACGCTGC-1,0,PLX-4720
Data15_GSM2897334_CCAGCGAGTGTCCTCT-1,0,PLX-4720
Data15_GSM2897334_CCAGCGATCAGATAAG-1,0,PLX-4720
Data15_GSM2897334_CCAGCGATCCCAAGTA-1,0,PLX-4720
Data15_GSM2897334_CCAGCGATCTAGCACA-1,0,PLX-4720
Data15_GSM2897334_CCATGTCAGACACTAA-1,0,PLX-4720
Data15_GSM2897334_CCATGTCAGCCCAACC-1,0,PLX-4720
Data15_GSM2897334_CCATGTCCAGCCACCA-1,0,PLX-4720
Data15_GSM2897334_CCATGTCCAGCTGGCT-1,0,PLX-4720
Data15_GSM2897334_CCATGTCCATGCAATC-1,0,PLX-4720
Data15_GSM2897334_CCATGTCCATTCACTT-1,0,PLX-4720
Data15_GSM2897334_CCATGTCGTACATCCA-1,0,PLX-4720
Data15_GSM2897334_CCATGTCGTTGTGGCC-1,0,PLX-4720
Data15_GSM2897334_CCATGTCTCAAGCCTA-1,0,PLX-4720
Data15_GSM2897334_CCATGTCTCCACTGGG-1,0,PLX-4720
Data15_GSM2897334_CCATTCGCACCACGTG-1,0,PLX-4720
Data15_GSM2897334_CCATTCGGTCCAAGTT-1,0,PLX-4720
Data15_GSM2897334_CCATTCGTCAGAGGTG-1,0,PLX-4720
Data15_GSM2897334_CCATTCGTCGGAAACG-1,0,PLX-4720
Data15_GSM2897334_CCATTCGTCTGATACG-1,0,PLX-4720
Data15_GSM2897334_CCCAATCAGAAGGGTA-1,0,PLX-4720
Data15_GSM2897334_CCCAATCAGAGATGAG-1,0,PLX-4720
Data15_GSM2897334_CCCAATCAGCAAATCA-1,0,PLX-4720
Data15_GSM2897334_CCCAATCAGGGCTTCC-1,0,PLX-4720
Data15_GSM2897334_CCCAATCCAAGCGATG-1,0,PLX-4720
Data15_GSM2897334_CCCAATCCATGTAAGA-1,0,PLX-4720
Data15_GSM2897334_CCCAATCCATTGTGCA-1,0,PLX-4720
Data15_GSM2897334_CCCAATCGTTTCGCTC-1,0,PLX-4720
Data15_GSM2897334_CCCAGTTAGTTTAGGA-1,0,PLX-4720
Data15_GSM2897334_CCCAGTTCAACGCACC-1,0,PLX-4720
Data15_GSM2897334_CCCAGTTCACCATGTA-1,0,PLX-4720
Data15_GSM2897334_CCCAGTTGTAAATACG-1,0,PLX-4720
Data15_GSM2897334_CCCAGTTGTAGAGGAA-1,0,PLX-4720
Data15_GSM2897334_CCCAGTTTCCAATGGT-1,0,PLX-4720
Data15_GSM2897334_CCCAGTTTCGTAGGTT-1,0,PLX-4720
Data15_GSM2897334_CCCAGTTTCTAACCGA-1,0,PLX-4720
Data15_GSM2897334_CCCATACAGATCCGAG-1,0,PLX-4720
Data15_GSM2897334_CCCATACAGGGTTCCC-1,0,PLX-4720
Data15_GSM2897334_CCCATACAGGTGATTA-1,0,PLX-4720
Data15_GSM2897334_CCCATACAGTAGCCGA-1,0,PLX-4720
Data15_GSM2897334_CCCATACAGTCTCCTC-1,0,PLX-4720
Data15_GSM2897334_CCCATACCAAACCTAC-1,0,PLX-4720
Data15_GSM2897334_CCCATACCATTCTTAC-1,0,PLX-4720
Data15_GSM2897334_CCCATACGTTAAGATG-1,0,PLX-4720
Data15_GSM2897334_CCCATACTCAGCTGGC-1,0,PLX-4720
Data15_GSM2897334_CCCATACTCCTTGGTC-1,0,PLX-4720
Data15_GSM2897334_CCCTCCTAGACAAAGG-1,0,PLX-4720
Data15_GSM2897334_CCCTCCTAGACGACGT-1,0,PLX-4720
Data15_GSM2897334_CCCTCCTGTAGCGTCC-1,0,PLX-4720
Data15_GSM2897334_CCCTCCTGTGGTAACG-1,0,PLX-4720
Data15_GSM2897334_CCGGGATGTACCGCTG-1,0,PLX-4720
Data15_GSM2897334_CCGGGATGTCAATACC-1,0,PLX-4720
Data15_GSM2897334_CCGGGATGTGTCGCTG-1,0,PLX-4720
Data15_GSM2897334_CCGGGATGTTGACGTT-1,0,PLX-4720
Data15_GSM2897334_CCGGGATTCAGCACAT-1,0,PLX-4720
Data15_GSM2897334_CCGGGATTCCACGTGG-1,0,PLX-4720
Data15_GSM2897334_CCGGGATTCTCGATGA-1,0,PLX-4720
Data15_GSM2897334_CCGGTAGAGGAATGGA-1,0,PLX-4720
Data15_GSM2897334_CCGGTAGAGTGAACAT-1,0,PLX-4720
Data15_GSM2897334_CCGGTAGCAACTGCTA-1,0,PLX-4720
Data15_GSM2897334_CCGGTAGCAGCGAACA-1,0,PLX-4720
Data15_GSM2897334_CCGGTAGCATGAAGTA-1,0,PLX-4720
Data15_GSM2897334_CCGGTAGTCTGGCGTG-1,0,PLX-4720
Data15_GSM2897334_CCGTACTAGATAGGAG-1,0,PLX-4720
Data15_GSM2897334_CCGTACTAGATGTGGC-1,0,PLX-4720
Data15_GSM2897334_CCGTACTAGCAGGTCA-1,0,PLX-4720
Data15_GSM2897334_CCGTACTAGCCCAGCT-1,0,PLX-4720
Data15_GSM2897334_CCGTACTAGGAATGGA-1,0,PLX-4720
Data15_GSM2897334_CCGTACTAGGAGTTGC-1,0,PLX-4720
Data15_GSM2897334_CCGTACTCAAGGTGTG-1,0,PLX-4720
Data15_GSM2897334_CCGTACTCATCACCCT-1,0,PLX-4720
Data15_GSM2897334_CCGTACTGTGATAAGT-1,0,PLX-4720
Data15_GSM2897334_CCGTGGACAACTGCGC-1,0,PLX-4720
Data15_GSM2897334_CCGTGGAGTTACAGAA-1,0,PLX-4720
Data15_GSM2897334_CCGTTCAAGAGCTATA-1,0,PLX-4720
Data15_GSM2897334_CCGTTCACACGGACAA-1,0,PLX-4720
Data15_GSM2897334_CCGTTCAGTCGAATCT-1,0,PLX-4720
Data15_GSM2897334_CCGTTCATCCAAACAC-1,0,PLX-4720
Data15_GSM2897334_CCGTTCATCGAATCCA-1,0,PLX-4720
Data15_GSM2897334_CCGTTCATCTGGGCCA-1,0,PLX-4720
Data15_GSM2897334_CCTAAAGAGAGGTAGA-1,0,PLX-4720
Data15_GSM2897334_CCTAAAGAGGAATCGC-1,0,PLX-4720
Data15_GSM2897334_CCTAAAGCACACAGAG-1,0,PLX-4720
Data15_GSM2897334_CCTAAAGCACACCGAC-1,0,PLX-4720
Data15_GSM2897334_CCTAAAGCACATTCGA-1,0,PLX-4720
Data15_GSM2897334_CCTAAAGCACCAGTTA-1,0,PLX-4720
Data15_GSM2897334_CCTAAAGCATCGTCGG-1,0,PLX-4720
Data15_GSM2897334_CCTAAAGGTGCCTTGG-1,0,PLX-4720
Data15_GSM2897334_CCTACACAGACAAAGG-1,0,PLX-4720
Data15_GSM2897334_CCTACACAGATCCTGT-1,0,PLX-4720
Data15_GSM2897334_CCTACACGTAGCAAAT-1,0,PLX-4720
Data15_GSM2897334_CCTACCAAGCTAAGAT-1,0,PLX-4720
Data15_GSM2897334_CCTACCAAGCTATGCT-1,0,PLX-4720
Data15_GSM2897334_CCTACCACACACCGAC-1,0,PLX-4720
Data15_GSM2897334_CCTACCACATTGAGCT-1,0,PLX-4720
Data15_GSM2897334_CCTACCAGTACCAGTT-1,0,PLX-4720
Data15_GSM2897334_CCTACCAGTCACTGGC-1,0,PLX-4720
Data15_GSM2897334_CCTACCAGTCATATGC-1,0,PLX-4720
Data15_GSM2897334_CCTACCAGTCATGCCG-1,0,PLX-4720
Data15_GSM2897334_CCTACCAGTTACGCGC-1,0,PLX-4720
Data15_GSM2897334_CCTAGCTAGACATAAC-1,0,PLX-4720
Data15_GSM2897334_CCTAGCTAGAGGACGG-1,0,PLX-4720
Data15_GSM2897334_CCTAGCTAGCAAATCA-1,0,PLX-4720
Data15_GSM2897334_CCTAGCTAGCTGCAAG-1,0,PLX-4720
Data15_GSM2897334_CCTAGCTGTACCATCA-1,0,PLX-4720
Data15_GSM2897334_CCTAGCTGTCTAGTCA-1,0,PLX-4720
Data15_GSM2897334_CCTAGCTGTCTTTCAT-1,0,PLX-4720
Data15_GSM2897334_CCTAGCTTCACTATTC-1,0,PLX-4720
Data15_GSM2897334_CCTAGCTTCAGAGCTT-1,0,PLX-4720
Data15_GSM2897334_CCTAGCTTCCCATTTA-1,0,PLX-4720
Data15_GSM2897334_CCTAGCTTCGGGAGTA-1,0,PLX-4720
Data15_GSM2897334_CCTATTAAGTTCGCAT-1,0,PLX-4720
Data15_GSM2897334_CCTATTACAAGCGTAG-1,0,PLX-4720
Data15_GSM2897334_CCTATTACAAGCTGTT-1,0,PLX-4720
Data15_GSM2897334_CCTATTAGTGCAGACA-1,0,PLX-4720
Data15_GSM2897334_CCTATTATCAACGGCC-1,0,PLX-4720
Data15_GSM2897334_CCTATTATCTATCCCG-1,0,PLX-4720
Data15_GSM2897334_CCTCAGTAGACCGGAT-1,0,PLX-4720
Data15_GSM2897334_CCTCAGTAGTCAATAG-1,0,PLX-4720
Data15_GSM2897334_CCTCAGTCAGCTGGCT-1,0,PLX-4720
Data15_GSM2897334_CCTCAGTGTATAGTAG-1,0,PLX-4720
Data15_GSM2897334_CCTCAGTGTTGTACAC-1,0,PLX-4720
Data15_GSM2897334_CCTCAGTTCAACCAAC-1,0,PLX-4720
Data15_GSM2897334_CCTCAGTTCAGCGATT-1,0,PLX-4720
Data15_GSM2897334_CCTCAGTTCCCTCTTT-1,0,PLX-4720
Data15_GSM2897334_CCTCTGAAGCACCGCT-1,0,PLX-4720
Data15_GSM2897334_CCTCTGAAGTAGGTGC-1,0,PLX-4720
Data15_GSM2897334_CCTCTGAAGTTAGGTA-1,0,PLX-4720
Data15_GSM2897334_CCTCTGACAATGGAGC-1,0,PLX-4720
Data15_GSM2897334_CCTCTGAGTCTCTCTG-1,0,PLX-4720
Data15_GSM2897334_CCTCTGAGTGCGCTTG-1,0,PLX-4720
Data15_GSM2897334_CCTCTGATCCTGCAGG-1,0,PLX-4720
Data15_GSM2897334_CCTCTGATCGGCCGAT-1,0,PLX-4720
Data15_GSM2897334_CCTTACGGTTTGTGTG-1,0,PLX-4720
Data15_GSM2897334_CCTTCCCAGGAGTTGC-1,0,PLX-4720
Data15_GSM2897334_CCTTCCCAGTAGCCGA-1,0,PLX-4720
Data15_GSM2897334_CCTTCCCCATTGCGGC-1,0,PLX-4720
Data15_GSM2897334_CCTTCCCGTACAGTTC-1,0,PLX-4720
Data15_GSM2897334_CCTTCCCTCCTTGACC-1,0,PLX-4720
Data15_GSM2897334_CCTTCCCTCGCGATCG-1,0,PLX-4720
Data15_GSM2897334_CCTTCCCTCTGTCTCG-1,0,PLX-4720
Data15_GSM2897334_CCTTCGAAGATCCCAT-1,0,PLX-4720
Data15_GSM2897334_CCTTCGAAGCCACTAT-1,0,PLX-4720
Data15_GSM2897334_CCTTCGACAATCTGCA-1,0,PLX-4720
Data15_GSM2897334_CCTTCGACAATGCCAT-1,0,PLX-4720
Data15_GSM2897334_CCTTCGAGTTCAACCA-1,0,PLX-4720
Data15_GSM2897334_CCTTCGAGTTCATGGT-1,0,PLX-4720
Data15_GSM2897334_CCTTTCTAGACAGGCT-1,0,PLX-4720
Data15_GSM2897334_CCTTTCTGTGTATGGG-1,0,PLX-4720
Data15_GSM2897334_CGAACATAGTGGGCTA-1,0,PLX-4720
Data15_GSM2897334_CGAACATCATCGACGC-1,0,PLX-4720
Data15_GSM2897334_CGAACATGTGAAGGCT-1,0,PLX-4720
Data15_GSM2897334_CGAACATGTTATCACG-1,0,PLX-4720
Data15_GSM2897334_CGAACATTCTGCGTAA-1,0,PLX-4720
Data15_GSM2897334_CGAATGTAGAGAGCTC-1,0,PLX-4720
Data15_GSM2897334_CGAATGTAGCCAGTTT-1,0,PLX-4720
Data15_GSM2897334_CGAATGTAGTCAATAG-1,0,PLX-4720
Data15_GSM2897334_CGAATGTAGTGGGCTA-1,0,PLX-4720
Data15_GSM2897334_CGAATGTGTAACGCGA-1,0,PLX-4720
Data15_GSM2897334_CGAATGTGTAGCAAAT-1,0,PLX-4720
Data15_GSM2897334_CGAATGTGTCATTAGC-1,0,PLX-4720
Data15_GSM2897334_CGAATGTTCAGGCGAA-1,0,PLX-4720
Data15_GSM2897334_CGACCTTAGAGCCTAG-1,0,PLX-4720
Data15_GSM2897334_CGACCTTAGCCTATGT-1,0,PLX-4720
Data15_GSM2897334_CGACCTTAGTGGGCTA-1,0,PLX-4720
Data15_GSM2897334_CGACCTTCACTTCGAA-1,0,PLX-4720
Data15_GSM2897334_CGACCTTGTACACCGC-1,0,PLX-4720
Data15_GSM2897334_CGACCTTGTCGACTAT-1,0,PLX-4720
Data15_GSM2897334_CGACCTTGTCGCTTCT-1,0,PLX-4720
Data15_GSM2897334_CGACTTCAGACCCACC-1,0,PLX-4720
Data15_GSM2897334_CGACTTCAGAGCCCAA-1,0,PLX-4720
Data15_GSM2897334_CGACTTCCACAAGTAA-1,0,PLX-4720
Data15_GSM2897334_CGACTTCCACAGACAG-1,0,PLX-4720
Data15_GSM2897334_CGACTTCCACTTAAGC-1,0,PLX-4720
Data15_GSM2897334_CGACTTCCAGTTTACG-1,0,PLX-4720
Data15_GSM2897334_CGACTTCGTCGTCTTC-1,0,PLX-4720
Data15_GSM2897334_CGACTTCGTTCTCATT-1,0,PLX-4720
Data15_GSM2897334_CGACTTCTCAATCTCT-1,0,PLX-4720
Data15_GSM2897334_CGACTTCTCACAACGT-1,0,PLX-4720
Data15_GSM2897334_CGACTTCTCCAAGTAC-1,0,PLX-4720
Data15_GSM2897334_CGAGAAGAGATGAGAG-1,0,PLX-4720
Data15_GSM2897334_CGAGAAGAGATGCCAG-1,0,PLX-4720
Data15_GSM2897334_CGAGAAGAGGCATGTG-1,0,PLX-4720
Data15_GSM2897334_CGAGAAGAGTGGACGT-1,0,PLX-4720
Data15_GSM2897334_CGAGAAGCACCAGCAC-1,0,PLX-4720
Data15_GSM2897334_CGAGAAGCATGACATC-1,0,PLX-4720
Data15_GSM2897334_CGAGAAGGTCAATACC-1,0,PLX-4720
Data15_GSM2897334_CGAGAAGGTCAGGACA-1,0,PLX-4720
Data15_GSM2897334_CGAGAAGGTGACAAAT-1,0,PLX-4720
Data15_GSM2897334_CGAGAAGGTGATAAGT-1,0,PLX-4720
Data15_GSM2897334_CGAGAAGGTGCAACTT-1,0,PLX-4720
Data15_GSM2897334_CGAGAAGTCTATCCTA-1,0,PLX-4720
Data15_GSM2897334_CGAGCACCAACTGGCC-1,0,PLX-4720
Data15_GSM2897334_CGAGCACCAGCTGCTG-1,0,PLX-4720
Data15_GSM2897334_CGAGCACGTACGACCC-1,0,PLX-4720
Data15_GSM2897334_CGAGCACGTACTCTCC-1,0,PLX-4720
Data15_GSM2897334_CGAGCACGTCATATGC-1,0,PLX-4720
Data15_GSM2897334_CGAGCACTCAGTTTGG-1,0,PLX-4720
Data15_GSM2897334_CGAGCCACACCTATCC-1,0,PLX-4720
Data15_GSM2897334_CGAGCCATCATTGCGA-1,0,PLX-4720
Data15_GSM2897334_CGAGCCATCGAGAGCA-1,0,PLX-4720
Data15_GSM2897334_CGATCGGAGCCAACAG-1,0,PLX-4720
Data15_GSM2897334_CGATCGGAGTCCAGGA-1,0,PLX-4720
Data15_GSM2897334_CGATCGGGTTGGTAAA-1,0,PLX-4720
Data15_GSM2897334_CGATCGGTCTCACATT-1,0,PLX-4720
Data15_GSM2897334_CGATGGCAGAGCCCAA-1,0,PLX-4720
Data15_GSM2897334_CGATGGCAGATCGATA-1,0,PLX-4720
Data15_GSM2897334_CGATGGCAGGCGACAT-1,0,PLX-4720
Data15_GSM2897334_CGATGGCCAAGACGTG-1,0,PLX-4720
Data15_GSM2897334_CGATGGCCAAGCCCAC-1,0,PLX-4720
Data15_GSM2897334_CGATGGCCAATGGACG-1,0,PLX-4720
Data15_GSM2897334_CGATGGCCATGCAATC-1,0,PLX-4720
Data15_GSM2897334_CGATGGCTCAGAGGTG-1,0,PLX-4720
Data15_GSM2897334_CGATGTAAGCACCGTC-1,0,PLX-4720
Data15_GSM2897334_CGATGTAAGCTGTCTA-1,0,PLX-4720
Data15_GSM2897334_CGATGTAAGGCCCTTG-1,0,PLX-4720
Data15_GSM2897334_CGATGTAGTACCTACA-1,0,PLX-4720
Data15_GSM2897334_CGATTGAAGAATAGGG-1,0,PLX-4720
Data15_GSM2897334_CGATTGAAGCGGCTTC-1,0,PLX-4720
Data15_GSM2897334_CGATTGAAGGAGTACC-1,0,PLX-4720
Data15_GSM2897334_CGATTGACAGTGACAG-1,0,PLX-4720
Data15_GSM2897334_CGATTGACATCACGAT-1,0,PLX-4720
Data15_GSM2897334_CGATTGACATTCTTAC-1,0,PLX-4720
Data15_GSM2897334_CGATTGATCAATAAGG-1,0,PLX-4720
Data15_GSM2897334_CGCCAAGAGAAACCGC-1,0,PLX-4720
Data15_GSM2897334_CGCCAAGAGAGCTTCT-1,0,PLX-4720
Data15_GSM2897334_CGCCAAGAGGGTCGAT-1,0,PLX-4720
Data15_GSM2897334_CGCCAAGCAATAGAGT-1,0,PLX-4720
Data15_GSM2897334_CGCCAAGCATTGGTAC-1,0,PLX-4720
Data15_GSM2897334_CGCCAAGGTCTTCAAG-1,0,PLX-4720
Data15_GSM2897334_CGCCAAGTCCCGACTT-1,0,PLX-4720
Data15_GSM2897334_CGCCAAGTCGCAAGCC-1,0,PLX-4720
Data15_GSM2897334_CGCGGTAAGCCCAATT-1,0,PLX-4720
Data15_GSM2897334_CGCGGTAAGTGTGGCA-1,0,PLX-4720
Data15_GSM2897334_CGCGGTACAATGGAAT-1,0,PLX-4720
Data15_GSM2897334_CGCGGTACAGCTTAAC-1,0,PLX-4720
Data15_GSM2897334_CGCGGTACATTAACCG-1,0,PLX-4720
Data15_GSM2897334_CGCGGTAGTTACCGAT-1,0,PLX-4720
Data15_GSM2897334_CGCGGTATCTGCTTGC-1,0,PLX-4720
Data15_GSM2897334_CGCGTTTAGCGATGAC-1,0,PLX-4720
Data15_GSM2897334_CGCGTTTAGCTAGTTC-1,0,PLX-4720
Data15_GSM2897334_CGCGTTTAGGAGCGAG-1,0,PLX-4720
Data15_GSM2897334_CGCGTTTAGGGCTTGA-1,0,PLX-4720
Data15_GSM2897334_CGCGTTTAGTGGTAGC-1,0,PLX-4720
Data15_GSM2897334_CGCGTTTCAAGCGATG-1,0,PLX-4720
Data15_GSM2897334_CGCGTTTCAGTAAGCG-1,0,PLX-4720
Data15_GSM2897334_CGCGTTTCATGATCCA-1,0,PLX-4720
Data15_GSM2897334_CGCGTTTGTAGTAGTA-1,0,PLX-4720
Data15_GSM2897334_CGCTATCAGCTCCTCT-1,0,PLX-4720
Data15_GSM2897334_CGCTATCCAGACACTT-1,0,PLX-4720
Data15_GSM2897334_CGCTATCCAGTTTACG-1,0,PLX-4720
Data15_GSM2897334_CGCTATCGTCAGAGGT-1,0,PLX-4720
Data15_GSM2897334_CGCTATCGTGAGTATA-1,0,PLX-4720
Data15_GSM2897334_CGCTATCGTGTGAAAT-1,0,PLX-4720
Data15_GSM2897334_CGCTATCTCAACGGGA-1,0,PLX-4720
Data15_GSM2897334_CGCTATCTCTCGAGTA-1,0,PLX-4720
Data15_GSM2897334_CGCTATCTCTGACCTC-1,0,PLX-4720
Data15_GSM2897334_CGCTGGACAGCCACCA-1,0,PLX-4720
Data15_GSM2897334_CGCTGGACATACCATG-1,0,PLX-4720
Data15_GSM2897334_CGCTGGATCCGCAGTG-1,0,PLX-4720
Data15_GSM2897334_CGCTGGATCGGTCTAA-1,0,PLX-4720
Data15_GSM2897334_CGCTTCAAGTGGGCTA-1,0,PLX-4720
Data15_GSM2897334_CGCTTCAAGTTGTAGA-1,0,PLX-4720
Data15_GSM2897334_CGCTTCAAGTTTCCTT-1,0,PLX-4720
Data15_GSM2897334_CGCTTCACACAACGCC-1,0,PLX-4720
Data15_GSM2897334_CGCTTCACACGGCCAT-1,0,PLX-4720
Data15_GSM2897334_CGCTTCACAGACAAGC-1,0,PLX-4720
Data15_GSM2897334_CGCTTCACATGGTCAT-1,0,PLX-4720
Data15_GSM2897334_CGCTTCATCACGAAGG-1,0,PLX-4720
Data15_GSM2897334_CGCTTCATCATCGATG-1,0,PLX-4720
Data15_GSM2897334_CGGACACAGGTCGGAT-1,0,PLX-4720
Data15_GSM2897334_CGGACACAGTGGAGAA-1,0,PLX-4720
Data15_GSM2897334_CGGACACCACTCGACG-1,0,PLX-4720
Data15_GSM2897334_CGGACACCAGTAAGCG-1,0,PLX-4720
Data15_GSM2897334_CGGACACGTATTCGTG-1,0,PLX-4720
Data15_GSM2897334_CGGACACGTGGCAAAC-1,0,PLX-4720
Data15_GSM2897334_CGGACACTCAACCATG-1,0,PLX-4720
Data15_GSM2897334_CGGACACTCATCACCC-1,0,PLX-4720
Data15_GSM2897334_CGGACACTCGGTGTCG-1,0,PLX-4720
Data15_GSM2897334_CGGACGTAGAATGTTG-1,0,PLX-4720
Data15_GSM2897334_CGGACGTAGCGTCTAT-1,0,PLX-4720
Data15_GSM2897334_CGGACGTCAATACGCT-1,0,PLX-4720
Data15_GSM2897334_CGGACGTTCACTCCTG-1,0,PLX-4720
Data15_GSM2897334_CGGACTGAGTACGACG-1,0,PLX-4720
Data15_GSM2897334_CGGACTGAGTGCTGCC-1,0,PLX-4720
Data15_GSM2897334_CGGACTGCACAGTCGC-1,0,PLX-4720
Data15_GSM2897334_CGGACTGCATGCAATC-1,0,PLX-4720
Data15_GSM2897334_CGGACTGGTAATAGCA-1,0,PLX-4720
Data15_GSM2897334_CGGACTGGTAGCGATG-1,0,PLX-4720
Data15_GSM2897334_CGGACTGGTCCAGTTA-1,0,PLX-4720
Data15_GSM2897334_CGGACTGGTTTCCACC-1,0,PLX-4720
Data15_GSM2897334_CGGACTGTCTACTCAT-1,0,PLX-4720
Data15_GSM2897334_CGGACTGTCTTGACGA-1,0,PLX-4720
Data15_GSM2897334_CGGAGCTAGAATGTGT-1,0,PLX-4720
Data15_GSM2897334_CGGAGCTAGTCATGCT-1,0,PLX-4720
Data15_GSM2897334_CGGAGCTCAATTGCTG-1,0,PLX-4720
Data15_GSM2897334_CGGAGCTCAGTTTACG-1,0,PLX-4720
Data15_GSM2897334_CGGAGCTCATTAACCG-1,0,PLX-4720
Data15_GSM2897334_CGGAGCTGTGCGGTAA-1,0,PLX-4720
Data15_GSM2897334_CGGCTAGAGGGAGTAA-1,0,PLX-4720
Data15_GSM2897334_CGGCTAGCATTGTGCA-1,0,PLX-4720
Data15_GSM2897334_CGGCTAGGTACCGAGA-1,0,PLX-4720
Data15_GSM2897334_CGGCTAGGTTGTTTGG-1,0,PLX-4720
Data15_GSM2897334_CGGCTAGTCATGTCTT-1,0,PLX-4720
Data15_GSM2897334_CGGCTAGTCGTTTAGG-1,0,PLX-4720
Data15_GSM2897334_CGGGTCACAACACCTA-1,0,PLX-4720
Data15_GSM2897334_CGGGTCACACCAACCG-1,0,PLX-4720
Data15_GSM2897334_CGGGTCAGTAGGGTAC-1,0,PLX-4720
Data15_GSM2897334_CGGGTCAGTCGCGTGT-1,0,PLX-4720
Data15_GSM2897334_CGGGTCAGTTACCAGT-1,0,PLX-4720
Data15_GSM2897334_CGGGTCATCTACGAGT-1,0,PLX-4720
Data15_GSM2897334_CGGTTAAAGACAGACC-1,0,PLX-4720
Data15_GSM2897334_CGGTTAAAGGATTCGG-1,0,PLX-4720
Data15_GSM2897334_CGGTTAATCAGGATCT-1,0,PLX-4720
Data15_GSM2897334_CGGTTAATCATGTGGT-1,0,PLX-4720
Data15_GSM2897334_CGTAGCGAGCGACGTA-1,0,PLX-4720
Data15_GSM2897334_CGTAGCGAGCTAGGCA-1,0,PLX-4720
Data15_GSM2897334_CGTAGCGAGGACGAAA-1,0,PLX-4720
Data15_GSM2897334_CGTAGCGAGGTTACCT-1,0,PLX-4720
Data15_GSM2897334_CGTAGGCCAAGCTGAG-1,0,PLX-4720
Data15_GSM2897334_CGTAGGCCAAGTTGTC-1,0,PLX-4720
Data15_GSM2897334_CGTAGGCCAGGGTACA-1,0,PLX-4720
Data15_GSM2897334_CGTAGGCGTAAGTAGT-1,0,PLX-4720
Data15_GSM2897334_CGTAGGCGTACTCAAC-1,0,PLX-4720
Data15_GSM2897334_CGTAGGCGTTTAGGAA-1,0,PLX-4720
Data15_GSM2897334_CGTAGGCTCAAGATCC-1,0,PLX-4720
Data15_GSM2897334_CGTAGGCTCACGATGT-1,0,PLX-4720
Data15_GSM2897334_CGTAGGCTCATCATTC-1,0,PLX-4720
Data15_GSM2897334_CGTAGGCTCGGAAACG-1,0,PLX-4720
Data15_GSM2897334_CGTAGGCTCGGCGCAT-1,0,PLX-4720
Data15_GSM2897334_CGTAGGCTCTTTAGGG-1,0,PLX-4720
Data15_GSM2897334_CGTCACTCACCACGTG-1,0,PLX-4720
Data15_GSM2897334_CGTCACTGTACGACCC-1,0,PLX-4720
Data15_GSM2897334_CGTCACTGTCCGAACC-1,0,PLX-4720
Data15_GSM2897334_CGTCACTGTGCTAGCC-1,0,PLX-4720
Data15_GSM2897334_CGTCACTTCACCTCGT-1,0,PLX-4720
Data15_GSM2897334_CGTCACTTCCGTACAA-1,0,PLX-4720
Data15_GSM2897334_CGTCAGGAGCTAAGAT-1,0,PLX-4720
Data15_GSM2897334_CGTCAGGAGGGTATCG-1,0,PLX-4720
Data15_GSM2897334_CGTCAGGTCCGTCAAA-1,0,PLX-4720
Data15_GSM2897334_CGTCAGGTCTGGCGAC-1,0,PLX-4720
Data15_GSM2897334_CGTCCATAGCTAAACA-1,0,PLX-4720
Data15_GSM2897334_CGTCCATAGGCTCTTA-1,0,PLX-4720
Data15_GSM2897334_CGTCCATCATCATCCC-1,0,PLX-4720
Data15_GSM2897334_CGTCCATTCCACGAAT-1,0,PLX-4720
Data15_GSM2897334_CGTCTACGTTCAGACT-1,0,PLX-4720
Data15_GSM2897334_CGTCTACTCAACACCA-1,0,PLX-4720
Data15_GSM2897334_CGTCTACTCAACTCTT-1,0,PLX-4720
Data15_GSM2897334_CGTCTACTCAGAGGTG-1,0,PLX-4720
Data15_GSM2897334_CGTCTACTCCCGACTT-1,0,PLX-4720
Data15_GSM2897334_CGTCTACTCCTAAGTG-1,0,PLX-4720
Data15_GSM2897334_CGTGAGCAGAAGGACA-1,0,PLX-4720
Data15_GSM2897334_CGTGAGCAGAGTCTGG-1,0,PLX-4720
Data15_GSM2897334_CGTGAGCAGCCTCGTG-1,0,PLX-4720
Data15_GSM2897334_CGTGAGCAGCTACCGC-1,0,PLX-4720
Data15_GSM2897334_CGTGAGCAGCTTATCG-1,0,PLX-4720
Data15_GSM2897334_CGTGAGCCAGACACTT-1,0,PLX-4720
Data15_GSM2897334_CGTGAGCGTTCGTGAT-1,0,PLX-4720
Data15_GSM2897334_CGTGAGCTCACCTCGT-1,0,PLX-4720
Data15_GSM2897334_CGTGAGCTCACTTATC-1,0,PLX-4720
Data15_GSM2897334_CGTGAGCTCCTCTAGC-1,0,PLX-4720
Data15_GSM2897334_CGTGAGCTCGCGTTTC-1,0,PLX-4720
Data15_GSM2897334_CGTGTAAGTATGAATG-1,0,PLX-4720
Data15_GSM2897334_CGTGTCTAGTGAAGTT-1,0,PLX-4720
Data15_GSM2897334_CGTGTCTCACTTCTGC-1,0,PLX-4720
Data15_GSM2897334_CGTGTCTGTCTGGAGA-1,0,PLX-4720
Data15_GSM2897334_CGTGTCTTCATGTCTT-1,0,PLX-4720
Data15_GSM2897334_CGTGTCTTCCAATGGT-1,0,PLX-4720
Data15_GSM2897334_CGTGTCTTCGGTTCGG-1,0,PLX-4720
Data15_GSM2897334_CGTTAGACAAGGACAC-1,0,PLX-4720
Data15_GSM2897334_CGTTAGACAGCGTTCG-1,0,PLX-4720
Data15_GSM2897334_CGTTAGACATCACCCT-1,0,PLX-4720
Data15_GSM2897334_CGTTAGATCGTCTGCT-1,0,PLX-4720
Data15_GSM2897334_CGTTAGATCTGCCAGG-1,0,PLX-4720
Data15_GSM2897334_CGTTAGATCTGCCCTA-1,0,PLX-4720
Data15_GSM2897334_CGTTCTGCAAGCGTAG-1,0,PLX-4720
Data15_GSM2897334_CGTTCTGGTAAACACA-1,0,PLX-4720
Data15_GSM2897334_CGTTCTGGTACCGTAT-1,0,PLX-4720
Data15_GSM2897334_CGTTCTGGTCGACTAT-1,0,PLX-4720
Data15_GSM2897334_CGTTCTGTCAGCCTAA-1,0,PLX-4720
Data15_GSM2897334_CGTTGGGAGCACCGTC-1,0,PLX-4720
Data15_GSM2897334_CGTTGGGAGCTGTCTA-1,0,PLX-4720
Data15_GSM2897334_CGTTGGGAGGTTCCTA-1,0,PLX-4720
Data15_GSM2897334_CGTTGGGGTGGCTCCA-1,0,PLX-4720
Data15_GSM2897334_CGTTGGGTCCTAGGGC-1,0,PLX-4720
Data15_GSM2897334_CTAACTTAGCTAACAA-1,0,PLX-4720
Data15_GSM2897334_CTAACTTCAGTATAAG-1,0,PLX-4720
Data15_GSM2897334_CTAACTTGTTCCGTCT-1,0,PLX-4720
Data15_GSM2897334_CTAACTTTCAAGATCC-1,0,PLX-4720
Data15_GSM2897334_CTAACTTTCTTCAACT-1,0,PLX-4720
Data15_GSM2897334_CTAAGACAGACGCACA-1,0,PLX-4720
Data15_GSM2897334_CTAAGACAGCATGGCA-1,0,PLX-4720
Data15_GSM2897334_CTAAGACAGCTACCTA-1,0,PLX-4720
Data15_GSM2897334_CTAAGACAGGATATAC-1,0,PLX-4720
Data15_GSM2897334_CTAAGACGTACATCCA-1,0,PLX-4720
Data15_GSM2897334_CTAAGACGTTATGCGT-1,0,PLX-4720
Data15_GSM2897334_CTAATGGAGCCAGGAT-1,0,PLX-4720
Data15_GSM2897334_CTAATGGCAGCCAATT-1,0,PLX-4720
Data15_GSM2897334_CTAATGGCATGCCTTC-1,0,PLX-4720
Data15_GSM2897334_CTAATGGCATTAGGCT-1,0,PLX-4720
Data15_GSM2897334_CTAATGGGTATCAGTC-1,0,PLX-4720
Data15_GSM2897334_CTAATGGGTCAGGACA-1,0,PLX-4720
Data15_GSM2897334_CTAATGGTCACATACG-1,0,PLX-4720
Data15_GSM2897334_CTAATGGTCAGCTCTC-1,0,PLX-4720
Data15_GSM2897334_CTACACCAGTACGCCC-1,0,PLX-4720
Data15_GSM2897334_CTACACCCAGGAATGC-1,0,PLX-4720
Data15_GSM2897334_CTACACCCATCGGACC-1,0,PLX-4720
Data15_GSM2897334_CTACACCTCGTGGGAA-1,0,PLX-4720
Data15_GSM2897334_CTACACCTCTACTTAC-1,0,PLX-4720
Data15_GSM2897334_CTACATTCACCAGGTC-1,0,PLX-4720
Data15_GSM2897334_CTACATTCAGCCAATT-1,0,PLX-4720
Data15_GSM2897334_CTACATTCAGGCAGTA-1,0,PLX-4720
Data15_GSM2897334_CTACATTTCAAACCAC-1,0,PLX-4720
Data15_GSM2897334_CTACATTTCGCTGATA-1,0,PLX-4720
Data15_GSM2897334_CTACCCAAGCCCTAAT-1,0,PLX-4720
Data15_GSM2897334_CTACCCAGTAATCGTC-1,0,PLX-4720
Data15_GSM2897334_CTACCCATCAACACCA-1,0,PLX-4720
Data15_GSM2897334_CTACCCATCACCACCT-1,0,PLX-4720
Data15_GSM2897334_CTACCCATCTCAACTT-1,0,PLX-4720
Data15_GSM2897334_CTACGTCAGTCCTCCT-1,0,PLX-4720
Data15_GSM2897334_CTACGTCCAATGTTGC-1,0,PLX-4720
Data15_GSM2897334_CTACGTCCAGCTGCAC-1,0,PLX-4720
Data15_GSM2897334_CTACGTCCATACAGCT-1,0,PLX-4720
Data15_GSM2897334_CTACGTCGTGATGTGG-1,0,PLX-4720
Data15_GSM2897334_CTACGTCTCAACACAC-1,0,PLX-4720
Data15_GSM2897334_CTACGTCTCGTCTGAA-1,0,PLX-4720
Data15_GSM2897334_CTAGAGTAGCGATATA-1,0,PLX-4720
Data15_GSM2897334_CTAGAGTCAGACAAGC-1,0,PLX-4720
Data15_GSM2897334_CTAGAGTCAGCTTAAC-1,0,PLX-4720
Data15_GSM2897334_CTAGAGTGTTCACGGC-1,0,PLX-4720
Data15_GSM2897334_CTAGAGTGTTTGGCGC-1,0,PLX-4720
Data15_GSM2897334_CTAGAGTTCCTGTACC-1,0,PLX-4720
Data15_GSM2897334_CTAGCCTAGAACTGTA-1,0,PLX-4720
Data15_GSM2897334_CTAGCCTTCTAACTCT-1,0,PLX-4720
Data15_GSM2897334_CTAGCCTTCTTGGGTA-1,0,PLX-4720
Data15_GSM2897334_CTAGCCTTCTTTAGTC-1,0,PLX-4720
Data15_GSM2897334_CTAGTGAAGATCACGG-1,0,PLX-4720
Data15_GSM2897334_CTAGTGACACAAGTAA-1,0,PLX-4720
Data15_GSM2897334_CTAGTGAGTCTAGCGC-1,0,PLX-4720
Data15_GSM2897334_CTAGTGAGTGCACTTA-1,0,PLX-4720
Data15_GSM2897334_CTAGTGATCCACGTTC-1,0,PLX-4720
Data15_GSM2897334_CTAGTGATCTTCGGTC-1,0,PLX-4720
Data15_GSM2897334_CTCACACAGCCGTCGT-1,0,PLX-4720
Data15_GSM2897334_CTCACACCACGAAGCA-1,0,PLX-4720
Data15_GSM2897334_CTCACACCATCACCCT-1,0,PLX-4720
Data15_GSM2897334_CTCACACGTAAAGGAG-1,0,PLX-4720
Data15_GSM2897334_CTCACACTCTACTTAC-1,0,PLX-4720
Data15_GSM2897334_CTCAGAAAGAACTCGG-1,0,PLX-4720
Data15_GSM2897334_CTCAGAAAGGGTATCG-1,0,PLX-4720
Data15_GSM2897334_CTCAGAACACACCGCA-1,0,PLX-4720
Data15_GSM2897334_CTCAGAACACAGTCGC-1,0,PLX-4720
Data15_GSM2897334_CTCAGAACACCAACCG-1,0,PLX-4720
Data15_GSM2897334_CTCATTAAGATGTGTA-1,0,PLX-4720
Data15_GSM2897334_CTCATTAAGCCACGTC-1,0,PLX-4720
Data15_GSM2897334_CTCATTAAGGTTACCT-1,0,PLX-4720
Data15_GSM2897334_CTCATTACAAGTCATC-1,0,PLX-4720
Data15_GSM2897334_CTCATTACATACGCTA-1,0,PLX-4720
Data15_GSM2897334_CTCCTAGGTAGCACGA-1,0,PLX-4720
Data15_GSM2897334_CTCCTAGGTCCGTTAA-1,0,PLX-4720
Data15_GSM2897334_CTCCTAGGTGTTCTTT-1,0,PLX-4720
Data15_GSM2897334_CTCCTAGTCAGTGTTG-1,0,PLX-4720
Data15_GSM2897334_CTCGAAAAGAGTAATC-1,0,PLX-4720
Data15_GSM2897334_CTCGAAAAGCCACCTG-1,0,PLX-4720
Data15_GSM2897334_CTCGAAAAGTGTTAGA-1,0,PLX-4720
Data15_GSM2897334_CTCGAAACAAACGCGA-1,0,PLX-4720
Data15_GSM2897334_CTCGAAACACAACTGT-1,0,PLX-4720
Data15_GSM2897334_CTCGAAACACCTCGGA-1,0,PLX-4720
Data15_GSM2897334_CTCGAAACATAAGACA-1,0,PLX-4720
Data15_GSM2897334_CTCGAAACATACTACG-1,0,PLX-4720
Data15_GSM2897334_CTCGAAATCAAACGGG-1,0,PLX-4720
Data15_GSM2897334_CTCGAAATCACTTCAT-1,0,PLX-4720
Data15_GSM2897334_CTCGAAATCTGTCTAT-1,0,PLX-4720
Data15_GSM2897334_CTCGAGGAGCCAGAAC-1,0,PLX-4720
Data15_GSM2897334_CTCGAGGAGTTAAGTG-1,0,PLX-4720
Data15_GSM2897334_CTCGAGGCAGACGCCT-1,0,PLX-4720
Data15_GSM2897334_CTCGAGGGTTGGTAAA-1,0,PLX-4720
Data15_GSM2897334_CTCGAGGTCGCGATCG-1,0,PLX-4720
Data15_GSM2897334_CTCGGAGTCAAGGTAA-1,0,PLX-4720
Data15_GSM2897334_CTCGGAGTCACATACG-1,0,PLX-4720
Data15_GSM2897334_CTCGGAGTCAGAGCTT-1,0,PLX-4720
Data15_GSM2897334_CTCGGAGTCAGTTTGG-1,0,PLX-4720
Data15_GSM2897334_CTCGGAGTCTTCGGTC-1,0,PLX-4720
Data15_GSM2897334_CTCGGAGTCTTGAGAC-1,0,PLX-4720
Data15_GSM2897334_CTCGGAGTCTTGCATT-1,0,PLX-4720
Data15_GSM2897334_CTCGGGAAGTCACGCC-1,0,PLX-4720
Data15_GSM2897334_CTCGGGACAAATCCGT-1,0,PLX-4720
Data15_GSM2897334_CTCGGGACATGCCTTC-1,0,PLX-4720
Data15_GSM2897334_CTCGGGACATTTCACT-1,0,PLX-4720
Data15_GSM2897334_CTCGGGAGTACCGGCT-1,0,PLX-4720
Data15_GSM2897334_CTCGGGAGTCGCCATG-1,0,PLX-4720
Data15_GSM2897334_CTCGTACAGACATAAC-1,0,PLX-4720
Data15_GSM2897334_CTCGTACCACTTCGAA-1,0,PLX-4720
Data15_GSM2897334_CTCGTACCAGTTTACG-1,0,PLX-4720
Data15_GSM2897334_CTCGTACGTGTGACGA-1,0,PLX-4720
Data15_GSM2897334_CTCGTACTCATGCATG-1,0,PLX-4720
Data15_GSM2897334_CTCGTACTCCACGACG-1,0,PLX-4720
Data15_GSM2897334_CTCGTACTCGCGGATC-1,0,PLX-4720
Data15_GSM2897334_CTCGTACTCTTGTACT-1,0,PLX-4720
Data15_GSM2897334_CTCGTCAAGAGGTTGC-1,0,PLX-4720
Data15_GSM2897334_CTCGTCAAGGAGCGAG-1,0,PLX-4720
Data15_GSM2897334_CTCGTCACACACATGT-1,0,PLX-4720
Data15_GSM2897334_CTCGTCACAGATTGCT-1,0,PLX-4720
Data15_GSM2897334_CTCGTCACATGCCTTC-1,0,PLX-4720
Data15_GSM2897334_CTCGTCAGTTAGATGA-1,0,PLX-4720
Data15_GSM2897334_CTCGTCAGTTTGACAC-1,0,PLX-4720
Data15_GSM2897334_CTCGTCATCTCCAACC-1,0,PLX-4720
Data15_GSM2897334_CTCTAATAGCCAGTTT-1,0,PLX-4720
Data15_GSM2897334_CTCTAATAGTCTCAAC-1,0,PLX-4720
Data15_GSM2897334_CTCTAATGTCAGAGGT-1,0,PLX-4720
Data15_GSM2897334_CTCTAATGTGATGTGG-1,0,PLX-4720
Data15_GSM2897334_CTCTAATGTTGGTGGA-1,0,PLX-4720
Data15_GSM2897334_CTCTAATTCATAACCG-1,0,PLX-4720
Data15_GSM2897334_CTCTAATTCTGCAAGT-1,0,PLX-4720
Data15_GSM2897334_CTCTACGCACGCTTTC-1,0,PLX-4720
Data15_GSM2897334_CTCTACGCACTACAGT-1,0,PLX-4720
Data15_GSM2897334_CTCTACGCATCCGCGA-1,0,PLX-4720
Data15_GSM2897334_CTCTACGCATGTTCCC-1,0,PLX-4720
Data15_GSM2897334_CTCTACGGTCTACCTC-1,0,PLX-4720
Data15_GSM2897334_CTCTGGTAGATGCGAC-1,0,PLX-4720
Data15_GSM2897334_CTCTGGTCAACGATGG-1,0,PLX-4720
Data15_GSM2897334_CTCTGGTTCAGAAATG-1,0,PLX-4720
Data15_GSM2897334_CTCTGGTTCATAGCAC-1,0,PLX-4720
Data15_GSM2897334_CTCTGGTTCGTTACAG-1,0,PLX-4720
Data15_GSM2897334_CTGAAACAGCAAATCA-1,0,PLX-4720
Data15_GSM2897334_CTGAAACCAAGCTGGA-1,0,PLX-4720
Data15_GSM2897334_CTGAAACCAAGGTTTC-1,0,PLX-4720
Data15_GSM2897334_CTGAAACGTCTCAACA-1,0,PLX-4720
Data15_GSM2897334_CTGAAACTCCCATTTA-1,0,PLX-4720
Data15_GSM2897334_CTGAAGTCAACAACCT-1,0,PLX-4720
Data15_GSM2897334_CTGAAGTCACTTACGA-1,0,PLX-4720
Data15_GSM2897334_CTGAAGTCATGCCTAA-1,0,PLX-4720
Data15_GSM2897334_CTGAAGTGTCCGAATT-1,0,PLX-4720
Data15_GSM2897334_CTGAAGTTCATAAAGG-1,0,PLX-4720
Data15_GSM2897334_CTGAAGTTCCGCGTTT-1,0,PLX-4720
Data15_GSM2897334_CTGAAGTTCCTCAACC-1,0,PLX-4720
Data15_GSM2897334_CTGAAGTTCCTCATTA-1,0,PLX-4720
Data15_GSM2897334_CTGATAGAGCTTATCG-1,0,PLX-4720
Data15_GSM2897334_CTGATAGAGTTGTAGA-1,0,PLX-4720
Data15_GSM2897334_CTGATAGCAATGCCAT-1,0,PLX-4720
Data15_GSM2897334_CTGATAGCACCTATCC-1,0,PLX-4720
Data15_GSM2897334_CTGATAGCAGTTTACG-1,0,PLX-4720
Data15_GSM2897334_CTGATAGGTCTGCAAT-1,0,PLX-4720
Data15_GSM2897334_CTGATCCAGATCCGAG-1,0,PLX-4720
Data15_GSM2897334_CTGATCCAGCGATCCC-1,0,PLX-4720
Data15_GSM2897334_CTGATCCAGGCAGGTT-1,0,PLX-4720
Data15_GSM2897334_CTGATCCCAAGCTGTT-1,0,PLX-4720
Data15_GSM2897334_CTGATCCCAAGGTGTG-1,0,PLX-4720
Data15_GSM2897334_CTGATCCCAGCCTTTC-1,0,PLX-4720
Data15_GSM2897334_CTGATCCGTCAATGTC-1,0,PLX-4720
Data15_GSM2897334_CTGATCCGTCAGAGGT-1,0,PLX-4720
Data15_GSM2897334_CTGATCCGTCCGTCAG-1,0,PLX-4720
Data15_GSM2897334_CTGATCCTCAGATAAG-1,0,PLX-4720
Data15_GSM2897334_CTGATCCTCGAACTGT-1,0,PLX-4720
Data15_GSM2897334_CTGATCCTCTTAACCT-1,0,PLX-4720
Data15_GSM2897334_CTGCCTACAGATTGCT-1,0,PLX-4720
Data15_GSM2897334_CTGCCTAGTACCCAAT-1,0,PLX-4720
Data15_GSM2897334_CTGCCTAGTATAAACG-1,0,PLX-4720
Data15_GSM2897334_CTGCCTATCGTGGTCG-1,0,PLX-4720
Data15_GSM2897334_CTGCGGAAGAGTCGGT-1,0,PLX-4720
Data15_GSM2897334_CTGCGGAAGGCTAGAC-1,0,PLX-4720
Data15_GSM2897334_CTGCGGACAAGCGTAG-1,0,PLX-4720
Data15_GSM2897334_CTGCGGAGTGTGTGCC-1,0,PLX-4720
Data15_GSM2897334_CTGCGGATCACTCTTA-1,0,PLX-4720
Data15_GSM2897334_CTGCGGATCAGAGACG-1,0,PLX-4720
Data15_GSM2897334_CTGCGGATCCGTCATC-1,0,PLX-4720
Data15_GSM2897334_CTGCGGATCTGCGGCA-1,0,PLX-4720
Data15_GSM2897334_CTGCGGATCTTGTACT-1,0,PLX-4720
Data15_GSM2897334_CTGCTGTAGACCTAGG-1,0,PLX-4720
Data15_GSM2897334_CTGCTGTAGAGTGAGA-1,0,PLX-4720
Data15_GSM2897334_CTGCTGTAGCTAGTCT-1,0,PLX-4720
Data15_GSM2897334_CTGCTGTAGGAGCGAG-1,0,PLX-4720
Data15_GSM2897334_CTGCTGTAGTTAAGTG-1,0,PLX-4720
Data15_GSM2897334_CTGCTGTCACCATGTA-1,0,PLX-4720
Data15_GSM2897334_CTGCTGTTCCATGAAC-1,0,PLX-4720
Data15_GSM2897334_CTGGTCTCAGACTCGC-1,0,PLX-4720
Data15_GSM2897334_CTGGTCTGTAGAGCTG-1,0,PLX-4720
Data15_GSM2897334_CTGGTCTGTCGGCTCA-1,0,PLX-4720
Data15_GSM2897334_CTGGTCTTCCTAGAAC-1,0,PLX-4720
Data15_GSM2897334_CTGGTCTTCGTAGGAG-1,0,PLX-4720
Data15_GSM2897334_CTGTGCTAGGATATAC-1,0,PLX-4720
Data15_GSM2897334_CTGTGCTAGGCAGTCA-1,0,PLX-4720
Data15_GSM2897334_CTGTGCTCAACACCCG-1,0,PLX-4720
Data15_GSM2897334_CTGTGCTCAGCTGTTA-1,0,PLX-4720
Data15_GSM2897334_CTGTGCTGTATAGGTA-1,0,PLX-4720
Data15_GSM2897334_CTGTGCTGTGTTTGGT-1,0,PLX-4720
Data15_GSM2897334_CTGTGCTTCACCCTCA-1,0,PLX-4720
Data15_GSM2897334_CTGTGCTTCAGCACAT-1,0,PLX-4720
Data15_GSM2897334_CTGTTTAAGCAGCCTC-1,0,PLX-4720
Data15_GSM2897334_CTGTTTAAGCTGCAAG-1,0,PLX-4720
Data15_GSM2897334_CTGTTTACATGTAAGA-1,0,PLX-4720
Data15_GSM2897334_CTGTTTAGTAGCGTGA-1,0,PLX-4720
Data15_GSM2897334_CTGTTTAGTTCGGCAC-1,0,PLX-4720
Data15_GSM2897334_CTGTTTATCAGCTCGG-1,0,PLX-4720
Data15_GSM2897334_CTTAACTAGACAGGCT-1,0,PLX-4720
Data15_GSM2897334_CTTAACTAGGAATCGC-1,0,PLX-4720
Data15_GSM2897334_CTTAACTAGGCGTACA-1,0,PLX-4720
Data15_GSM2897334_CTTAACTCAATTGCTG-1,0,PLX-4720
Data15_GSM2897334_CTTAACTCAGGGATTG-1,0,PLX-4720
Data15_GSM2897334_CTTACCGAGGCCGAAT-1,0,PLX-4720
Data15_GSM2897334_CTTACCGAGTCTCCTC-1,0,PLX-4720
Data15_GSM2897334_CTTACCGCAAACGTGG-1,0,PLX-4720
Data15_GSM2897334_CTTACCGCATGCAACT-1,0,PLX-4720
Data15_GSM2897334_CTTACCGGTATCACCA-1,0,PLX-4720
Data15_GSM2897334_CTTACCGGTATGAATG-1,0,PLX-4720
Data15_GSM2897334_CTTACCGGTGCGATAG-1,0,PLX-4720
Data15_GSM2897334_CTTACCGTCTATGTGG-1,0,PLX-4720
Data15_GSM2897334_CTTACCGTCTCCTATA-1,0,PLX-4720
Data15_GSM2897334_CTTAGGACAGATGAGC-1,0,PLX-4720
Data15_GSM2897334_CTTAGGACATGGTCTA-1,0,PLX-4720
Data15_GSM2897334_CTTAGGAGTCATCCCT-1,0,PLX-4720
Data15_GSM2897334_CTTAGGAGTCATGCCG-1,0,PLX-4720
Data15_GSM2897334_CTTAGGATCCGAGCCA-1,0,PLX-4720
Data15_GSM2897334_CTTCTCTAGGAGTAGA-1,0,PLX-4720
Data15_GSM2897334_CTTCTCTGTCATTAGC-1,0,PLX-4720
Data15_GSM2897334_CTTCTCTGTTACAGAA-1,0,PLX-4720
Data15_GSM2897334_CTTCTCTTCGCTTGTC-1,0,PLX-4720
Data15_GSM2897334_CTTCTCTTCTGCTGCT-1,0,PLX-4720
Data15_GSM2897334_CTTCTCTTCTGGGCCA-1,0,PLX-4720
Data15_GSM2897334_CTTGGCTAGAAACCGC-1,0,PLX-4720
Data15_GSM2897334_CTTGGCTAGACTACAA-1,0,PLX-4720
Data15_GSM2897334_CTTGGCTAGTGCTGCC-1,0,PLX-4720
Data15_GSM2897334_CTTGGCTCAAAGTCAA-1,0,PLX-4720
Data15_GSM2897334_CTTGGCTCAAGTTGTC-1,0,PLX-4720
Data15_GSM2897334_CTTGGCTCATGCAATC-1,0,PLX-4720
Data15_GSM2897334_CTTGGCTCATTGGCGC-1,0,PLX-4720
Data15_GSM2897334_CTTGGCTGTAAAGTCA-1,0,PLX-4720
Data15_GSM2897334_CTTGGCTGTAAGGGAA-1,0,PLX-4720
Data15_GSM2897334_CTTGGCTGTCTTGTCC-1,0,PLX-4720
Data15_GSM2897334_CTTGGCTTCGCTTGTC-1,0,PLX-4720
Data15_GSM2897334_CTTTGCGAGTAGATGT-1,0,PLX-4720
Data15_GSM2897334_CTTTGCGCAAGCCGTC-1,0,PLX-4720
Data15_GSM2897334_CTTTGCGCACCATGTA-1,0,PLX-4720
Data15_GSM2897334_CTTTGCGCACCGTTGG-1,0,PLX-4720
Data15_GSM2897334_CTTTGCGCACTTAACG-1,0,PLX-4720
Data15_GSM2897334_CTTTGCGGTAAAGTCA-1,0,PLX-4720
Data15_GSM2897334_CTTTGCGGTCAAAGCG-1,0,PLX-4720
Data15_GSM2897334_CTTTGCGGTCACAAGG-1,0,PLX-4720
Data15_GSM2897334_CTTTGCGGTGCTGTAT-1,0,PLX-4720
Data15_GSM2897334_CTTTGCGGTTTAGGAA-1,0,PLX-4720
Data15_GSM2897334_CTTTGCGTCTCAACTT-1,0,PLX-4720
Data15_GSM2897334_GAAACTCCAAATTGCC-1,0,PLX-4720
Data15_GSM2897334_GAAACTCCAAGCTGTT-1,0,PLX-4720
Data15_GSM2897334_GAAACTCTCCTAGTGA-1,0,PLX-4720
Data15_GSM2897334_GAAATGAAGTTTAGGA-1,0,PLX-4720
Data15_GSM2897334_GAAATGACAGCTCGAC-1,0,PLX-4720
Data15_GSM2897334_GAAATGACATGCCTAA-1,0,PLX-4720
Data15_GSM2897334_GAAATGACATTACCTT-1,0,PLX-4720
Data15_GSM2897334_GAAATGACATTGGCGC-1,0,PLX-4720
Data15_GSM2897334_GAAATGATCTATGTGG-1,0,PLX-4720
Data15_GSM2897334_GAACATCAGATGCGAC-1,0,PLX-4720
Data15_GSM2897334_GAACATCAGCCCGAAA-1,0,PLX-4720
Data15_GSM2897334_GAACATCAGCGCTCCA-1,0,PLX-4720
Data15_GSM2897334_GAACCTACATGGAATA-1,0,PLX-4720
Data15_GSM2897334_GAACCTAGTACCGTAT-1,0,PLX-4720
Data15_GSM2897334_GAACCTAGTCTAGGTT-1,0,PLX-4720
Data15_GSM2897334_GAACCTAGTGAGCGAT-1,0,PLX-4720
Data15_GSM2897334_GAACCTAGTGAGTGAC-1,0,PLX-4720
Data15_GSM2897334_GAACCTATCCAAATGC-1,0,PLX-4720
Data15_GSM2897334_GAACCTATCGCTAGCG-1,0,PLX-4720
Data15_GSM2897334_GAACCTATCGCTTAGA-1,0,PLX-4720
Data15_GSM2897334_GAACGGAGTCGGCATC-1,0,PLX-4720
Data15_GSM2897334_GAACGGAGTGGTGTAG-1,0,PLX-4720
Data15_GSM2897334_GAACGGATCGGATGTT-1,0,PLX-4720
Data15_GSM2897334_GAAGCAGAGACCGGAT-1,0,PLX-4720
Data15_GSM2897334_GAAGCAGAGAGTAATC-1,0,PLX-4720
Data15_GSM2897334_GAAGCAGCAGTGACAG-1,0,PLX-4720
Data15_GSM2897334_GAAGCAGCATGGATGG-1,0,PLX-4720
Data15_GSM2897334_GAAGCAGCATGGTCAT-1,0,PLX-4720
Data15_GSM2897334_GAAGCAGTCGCTAGCG-1,0,PLX-4720
Data15_GSM2897334_GAAGCAGTCTGCGACG-1,0,PLX-4720
Data15_GSM2897334_GAATAAGAGAAGAAGC-1,0,PLX-4720
Data15_GSM2897334_GAATAAGAGCGTTTAC-1,0,PLX-4720
Data15_GSM2897334_GAATAAGAGGTAGCCA-1,0,PLX-4720
Data15_GSM2897334_GAATAAGCACCTCGTT-1,0,PLX-4720
Data15_GSM2897334_GAATAAGCACGAAAGC-1,0,PLX-4720
Data15_GSM2897334_GAATAAGCAGCCAGAA-1,0,PLX-4720
Data15_GSM2897334_GAATAAGGTAAGTAGT-1,0,PLX-4720
Data15_GSM2897334_GAATAAGGTCGACTGC-1,0,PLX-4720
Data15_GSM2897334_GAATAAGTCGCTAGCG-1,0,PLX-4720
Data15_GSM2897334_GAATGAAAGACAATAC-1,0,PLX-4720
Data15_GSM2897334_GAATGAAAGTCTCAAC-1,0,PLX-4720
Data15_GSM2897334_GAATGAAAGTGAAGAG-1,0,PLX-4720
Data15_GSM2897334_GAATGAAAGTTAGGTA-1,0,PLX-4720
Data15_GSM2897334_GAATGAATCGATCCCT-1,0,PLX-4720
Data15_GSM2897334_GACACGCCAATGAAAC-1,0,PLX-4720
Data15_GSM2897334_GACACGCGTCTCACCT-1,0,PLX-4720
Data15_GSM2897334_GACACGCGTGTGGTTT-1,0,PLX-4720
Data15_GSM2897334_GACACGCTCTCCCTGA-1,0,PLX-4720
Data15_GSM2897334_GACAGAGAGCTGTTCA-1,0,PLX-4720
Data15_GSM2897334_GACAGAGAGGAACTGC-1,0,PLX-4720
Data15_GSM2897334_GACAGAGAGTATCGAA-1,0,PLX-4720
Data15_GSM2897334_GACAGAGAGTCGATAA-1,0,PLX-4720
Data15_GSM2897334_GACAGAGCACAACGCC-1,0,PLX-4720
Data15_GSM2897334_GACAGAGCAGTAGAGC-1,0,PLX-4720
Data15_GSM2897334_GACAGAGGTCCATGAT-1,0,PLX-4720
Data15_GSM2897334_GACAGAGGTCTAGTCA-1,0,PLX-4720
Data15_GSM2897334_GACAGAGTCATGTCTT-1,0,PLX-4720
Data15_GSM2897334_GACCAATAGTTAGGTA-1,0,PLX-4720
Data15_GSM2897334_GACCAATCAAGTAATG-1,0,PLX-4720
Data15_GSM2897334_GACCAATGTGACTACT-1,0,PLX-4720
Data15_GSM2897334_GACCAATTCCTTTCTC-1,0,PLX-4720
Data15_GSM2897334_GACCAATTCTCGAGTA-1,0,PLX-4720
Data15_GSM2897334_GACCTGGAGATAGCAT-1,0,PLX-4720
Data15_GSM2897334_GACCTGGCACCTCGTT-1,0,PLX-4720
Data15_GSM2897334_GACCTGGCACGCTTTC-1,0,PLX-4720
Data15_GSM2897334_GACCTGGGTGGCTCCA-1,0,PLX-4720
Data15_GSM2897334_GACGCGTAGAGTACCG-1,0,PLX-4720
Data15_GSM2897334_GACGCGTAGGCTACGA-1,0,PLX-4720
Data15_GSM2897334_GACGCGTAGGTTCCTA-1,0,PLX-4720
Data15_GSM2897334_GACGCGTAGTCATGCT-1,0,PLX-4720
Data15_GSM2897334_GACGCGTCAAAGGTGC-1,0,PLX-4720
Data15_GSM2897334_GACGCGTCACATGGGA-1,0,PLX-4720
Data15_GSM2897334_GACGCGTGTCCTAGCG-1,0,PLX-4720
Data15_GSM2897334_GACGCGTGTCGCCATG-1,0,PLX-4720
Data15_GSM2897334_GACGCGTTCCTAGGGC-1,0,PLX-4720
Data15_GSM2897334_GACGGCTAGAGACTAT-1,0,PLX-4720
Data15_GSM2897334_GACGGCTAGCGCTCCA-1,0,PLX-4720
Data15_GSM2897334_GACGGCTCAAAGAATC-1,0,PLX-4720
Data15_GSM2897334_GACGGCTCAAAGTGCG-1,0,PLX-4720
Data15_GSM2897334_GACGGCTGTTATCACG-1,0,PLX-4720
Data15_GSM2897334_GACGGCTTCGCGTAGC-1,0,PLX-4720
Data15_GSM2897334_GACGGCTTCGGTTCGG-1,0,PLX-4720
Data15_GSM2897334_GACGGCTTCGTAGGAG-1,0,PLX-4720
Data15_GSM2897334_GACGGCTTCTGCTGTC-1,0,PLX-4720
Data15_GSM2897334_GACGTGCAGGCTACGA-1,0,PLX-4720
Data15_GSM2897334_GACGTGCAGGGAACGG-1,0,PLX-4720
Data15_GSM2897334_GACGTGCTCTGGAGCC-1,0,PLX-4720
Data15_GSM2897334_GACGTGCTCTTGCATT-1,0,PLX-4720
Data15_GSM2897334_GACGTGCTCTTGGGTA-1,0,PLX-4720
Data15_GSM2897334_GACGTTAAGAAACCTA-1,0,PLX-4720
Data15_GSM2897334_GACGTTAAGTCGTACT-1,0,PLX-4720
Data15_GSM2897334_GACGTTACAGACGTAG-1,0,PLX-4720
Data15_GSM2897334_GACGTTAGTACCGGCT-1,0,PLX-4720
Data15_GSM2897334_GACGTTAGTATAGGTA-1,0,PLX-4720
Data15_GSM2897334_GACGTTATCATATCGG-1,0,PLX-4720
Data15_GSM2897334_GACGTTATCGCCAGCA-1,0,PLX-4720
Data15_GSM2897334_GACTAACAGCGTTCCG-1,0,PLX-4720
Data15_GSM2897334_GACTAACAGCGTTGCC-1,0,PLX-4720
Data15_GSM2897334_GACTAACAGGTGTTAA-1,0,PLX-4720
Data15_GSM2897334_GACTAACCATATACGC-1,0,PLX-4720
Data15_GSM2897334_GACTAACCATGTTCCC-1,0,PLX-4720
Data15_GSM2897334_GACTAACGTAAATGAC-1,0,PLX-4720
Data15_GSM2897334_GACTAACGTCCGAAGA-1,0,PLX-4720
Data15_GSM2897334_GACTAACGTGAACCTT-1,0,PLX-4720
Data15_GSM2897334_GACTAACGTTAGTGGG-1,0,PLX-4720
Data15_GSM2897334_GACTAACTCAATACCG-1,0,PLX-4720
Data15_GSM2897334_GACTACAAGACCCACC-1,0,PLX-4720
Data15_GSM2897334_GACTACAAGCCACTAT-1,0,PLX-4720
Data15_GSM2897334_GACTACAAGGATGCGT-1,0,PLX-4720
Data15_GSM2897334_GACTACAAGGCGCTCT-1,0,PLX-4720
Data15_GSM2897334_GACTACAAGGTCGGAT-1,0,PLX-4720
Data15_GSM2897334_GACTACAAGTATCTCG-1,0,PLX-4720
Data15_GSM2897334_GACTACAGTCCGTCAG-1,0,PLX-4720
Data15_GSM2897334_GACTACAGTCGGCTCA-1,0,PLX-4720
Data15_GSM2897334_GACTACAGTGCATCTA-1,0,PLX-4720
Data15_GSM2897334_GACTACATCACAGTAC-1,0,PLX-4720
Data15_GSM2897334_GACTGCGAGAGGGATA-1,0,PLX-4720
Data15_GSM2897334_GACTGCGAGTGTCCCG-1,0,PLX-4720
Data15_GSM2897334_GACTGCGAGTTAGCGG-1,0,PLX-4720
Data15_GSM2897334_GACTGCGAGTTTGCGT-1,0,PLX-4720
Data15_GSM2897334_GACTGCGCAGACAGGT-1,0,PLX-4720
Data15_GSM2897334_GAGCAGAAGGCATGTG-1,0,PLX-4720
Data15_GSM2897334_GAGCAGATCCGATATG-1,0,PLX-4720
Data15_GSM2897334_GAGCAGATCCTTAATC-1,0,PLX-4720
Data15_GSM2897334_GAGCAGATCGAATGCT-1,0,PLX-4720
Data15_GSM2897334_GAGGTGAAGTCTCAAC-1,0,PLX-4720
Data15_GSM2897334_GAGGTGACACATCCAA-1,0,PLX-4720
Data15_GSM2897334_GAGGTGACAGGTGCCT-1,0,PLX-4720
Data15_GSM2897334_GAGGTGACATCCGGGT-1,0,PLX-4720
Data15_GSM2897334_GAGGTGACATGCAACT-1,0,PLX-4720
Data15_GSM2897334_GAGGTGAGTCGTGGCT-1,0,PLX-4720
Data15_GSM2897334_GAGGTGATCCGTTGCT-1,0,PLX-4720
Data15_GSM2897334_GAGGTGATCCTGTACC-1,0,PLX-4720
Data15_GSM2897334_GAGGTGATCTCGGACG-1,0,PLX-4720
Data15_GSM2897334_GAGTCCGAGGATGTAT-1,0,PLX-4720
Data15_GSM2897334_GAGTCCGAGGTACTCT-1,0,PLX-4720
Data15_GSM2897334_GAGTCCGCAAGGTTCT-1,0,PLX-4720
Data15_GSM2897334_GAGTCCGGTGGCTCCA-1,0,PLX-4720
Data15_GSM2897334_GAGTCCGGTTGGTTTG-1,0,PLX-4720
Data15_GSM2897334_GAGTCCGTCACTTCAT-1,0,PLX-4720
Data15_GSM2897334_GATCAGTAGTGCCAGA-1,0,PLX-4720
Data15_GSM2897334_GATCAGTCAATAGCGG-1,0,PLX-4720
Data15_GSM2897334_GATCAGTCACAAGTAA-1,0,PLX-4720
Data15_GSM2897334_GATCAGTCACATGTGT-1,0,PLX-4720
Data15_GSM2897334_GATCAGTGTCGGCACT-1,0,PLX-4720
Data15_GSM2897334_GATCAGTGTGATGATA-1,0,PLX-4720
Data15_GSM2897334_GATCAGTGTTCCGTCT-1,0,PLX-4720
Data15_GSM2897334_GATCAGTTCCGCAGTG-1,0,PLX-4720
Data15_GSM2897334_GATCGATAGCGATAGC-1,0,PLX-4720
Data15_GSM2897334_GATCGATAGCGTCTAT-1,0,PLX-4720
Data15_GSM2897334_GATCGATAGGCATTGG-1,0,PLX-4720
Data15_GSM2897334_GATCGATCAACTGCGC-1,0,PLX-4720
Data15_GSM2897334_GATCGATCACAGACAG-1,0,PLX-4720
Data15_GSM2897334_GATCGATGTTACGGAG-1,0,PLX-4720
Data15_GSM2897334_GATCGATTCAACACAC-1,0,PLX-4720
Data15_GSM2897334_GATCGATTCCGCTGTT-1,0,PLX-4720
Data15_GSM2897334_GATCGATTCGTAGGTT-1,0,PLX-4720
Data15_GSM2897334_GATCGATTCGTATCAG-1,0,PLX-4720
Data15_GSM2897334_GATCGATTCGTCTGCT-1,0,PLX-4720
Data15_GSM2897334_GATCGATTCTTGAGGT-1,0,PLX-4720
Data15_GSM2897334_GATCGCGAGATGCGAC-1,0,PLX-4720
Data15_GSM2897334_GATCGCGAGCCGCCTA-1,0,PLX-4720
Data15_GSM2897334_GATCGCGAGGCAGGTT-1,0,PLX-4720
Data15_GSM2897334_GATCGCGAGTGTACGG-1,0,PLX-4720
Data15_GSM2897334_GATCGCGCAGCTGTGC-1,0,PLX-4720
Data15_GSM2897334_GATCGCGGTCTAGCGC-1,0,PLX-4720
Data15_GSM2897334_GATCGCGTCAGGCAAG-1,0,PLX-4720
Data15_GSM2897334_GATCGCGTCGGTCTAA-1,0,PLX-4720
Data15_GSM2897334_GATCGTAAGCGCTTAT-1,0,PLX-4720
Data15_GSM2897334_GATCGTAAGGCGACAT-1,0,PLX-4720
Data15_GSM2897334_GATCGTAAGGGATGGG-1,0,PLX-4720
Data15_GSM2897334_GATCGTATCAGCCTAA-1,0,PLX-4720
Data15_GSM2897334_GATCGTATCAGGTTCA-1,0,PLX-4720
Data15_GSM2897334_GATCGTATCGTATCAG-1,0,PLX-4720
Data15_GSM2897334_GATCGTATCTAACTTC-1,0,PLX-4720
Data15_GSM2897334_GATCGTATCTGTCTCG-1,0,PLX-4720
Data15_GSM2897334_GATCTAGAGCTTATCG-1,0,PLX-4720
Data15_GSM2897334_GATCTAGAGGGAGTAA-1,0,PLX-4720
Data15_GSM2897334_GATCTAGAGTTGAGTA-1,0,PLX-4720
Data15_GSM2897334_GATCTAGCAAGGTTCT-1,0,PLX-4720
Data15_GSM2897334_GATCTAGCAGGATTGG-1,0,PLX-4720
Data15_GSM2897334_GATCTAGCATAGTAAG-1,0,PLX-4720
Data15_GSM2897334_GATCTAGGTAGAGGAA-1,0,PLX-4720
Data15_GSM2897334_GATCTAGGTCGATTGT-1,0,PLX-4720
Data15_GSM2897334_GATCTAGGTTCGTTGA-1,0,PLX-4720
Data15_GSM2897334_GATCTAGTCACGCGGT-1,0,PLX-4720
Data15_GSM2897334_GATCTAGTCTTGCATT-1,0,PLX-4720
Data15_GSM2897334_GATCTAGTCTTGCCGT-1,0,PLX-4720
Data15_GSM2897334_GATGAAAAGACAATAC-1,0,PLX-4720
Data15_GSM2897334_GATGAAAAGGTAGCCA-1,0,PLX-4720
Data15_GSM2897334_GATGAAACACAGGCCT-1,0,PLX-4720
Data15_GSM2897334_GATGAAACAGGTGCCT-1,0,PLX-4720
Data15_GSM2897334_GATGAAAGTAGCCTCG-1,0,PLX-4720
Data15_GSM2897334_GATGAAATCCAAGCCG-1,0,PLX-4720
Data15_GSM2897334_GATGAAATCCTACAGA-1,0,PLX-4720
Data15_GSM2897334_GATGAGGCAACCGCCA-1,0,PLX-4720
Data15_GSM2897334_GATGAGGCAAGCTGAG-1,0,PLX-4720
Data15_GSM2897334_GATGAGGGTCTAGGTT-1,0,PLX-4720
Data15_GSM2897334_GATGAGGTCCAAGTAC-1,0,PLX-4720
Data15_GSM2897334_GATGAGGTCGCGTTTC-1,0,PLX-4720
Data15_GSM2897334_GATGCTAAGCTAGTCT-1,0,PLX-4720
Data15_GSM2897334_GATGCTAAGTATCGAA-1,0,PLX-4720
Data15_GSM2897334_GATGCTAAGTTCCACA-1,0,PLX-4720
Data15_GSM2897334_GATGCTACAATGGATA-1,0,PLX-4720
Data15_GSM2897334_GATGCTAGTACTCGCG-1,0,PLX-4720
Data15_GSM2897334_GATGCTAGTCAGAGGT-1,0,PLX-4720
Data15_GSM2897334_GATGCTAGTTACGGAG-1,0,PLX-4720
Data15_GSM2897334_GATGCTAGTTGGACCC-1,0,PLX-4720
Data15_GSM2897334_GATGCTATCAAACCGT-1,0,PLX-4720
Data15_GSM2897334_GATGCTATCGTCTGAA-1,0,PLX-4720
Data15_GSM2897334_GATTCAGAGCGTGTCC-1,0,PLX-4720
Data15_GSM2897334_GATTCAGAGGGTCGAT-1,0,PLX-4720
Data15_GSM2897334_GATTCAGAGTCGCCGT-1,0,PLX-4720
Data15_GSM2897334_GATTCAGAGTTGTAGA-1,0,PLX-4720
Data15_GSM2897334_GATTCAGCATAGTAAG-1,0,PLX-4720
Data15_GSM2897334_GATTCAGCATGTAGTC-1,0,PLX-4720
Data15_GSM2897334_GATTCAGTCAACCAAC-1,0,PLX-4720
Data15_GSM2897334_GATTCAGTCCTTGACC-1,0,PLX-4720
Data15_GSM2897334_GATTCAGTCTCGCATC-1,0,PLX-4720
Data15_GSM2897334_GCAAACTAGCTGCGAA-1,0,PLX-4720
Data15_GSM2897334_GCAAACTAGTTGAGTA-1,0,PLX-4720
Data15_GSM2897334_GCAAACTAGTTTCCTT-1,0,PLX-4720
Data15_GSM2897334_GCAAACTCAACTTGAC-1,0,PLX-4720
Data15_GSM2897334_GCAAACTCAATCGGTT-1,0,PLX-4720
Data15_GSM2897334_GCAAACTGTCTCTCTG-1,0,PLX-4720
Data15_GSM2897334_GCAAACTTCATAAAGG-1,0,PLX-4720
Data15_GSM2897334_GCAAACTTCTGCCAGG-1,0,PLX-4720
Data15_GSM2897334_GCAATCAAGTACGCCC-1,0,PLX-4720
Data15_GSM2897334_GCAATCAGTCAACATC-1,0,PLX-4720
Data15_GSM2897334_GCAATCAGTCTCATCC-1,0,PLX-4720
Data15_GSM2897334_GCACATACACTATCTT-1,0,PLX-4720
Data15_GSM2897334_GCACATACAGTATGCT-1,0,PLX-4720
Data15_GSM2897334_GCACATAGTTTAGGAA-1,0,PLX-4720
Data15_GSM2897334_GCACATAGTTTGTGTG-1,0,PLX-4720
Data15_GSM2897334_GCACATATCCGCATCT-1,0,PLX-4720
Data15_GSM2897334_GCACATATCGTTACGA-1,0,PLX-4720
Data15_GSM2897334_GCACTCTAGGCCATAG-1,0,PLX-4720
Data15_GSM2897334_GCACTCTAGTAAGTAC-1,0,PLX-4720
Data15_GSM2897334_GCACTCTGTACTTAGC-1,0,PLX-4720
Data15_GSM2897334_GCACTCTGTATCACCA-1,0,PLX-4720
Data15_GSM2897334_GCACTCTGTTACGTCA-1,0,PLX-4720
Data15_GSM2897334_GCAGCCAAGAGACTTA-1,0,PLX-4720
Data15_GSM2897334_GCAGCCAAGCCCAGCT-1,0,PLX-4720
Data15_GSM2897334_GCAGCCAAGCCTTGAT-1,0,PLX-4720
Data15_GSM2897334_GCAGCCAAGCTTATCG-1,0,PLX-4720
Data15_GSM2897334_GCAGCCACACCAGTTA-1,0,PLX-4720
Data15_GSM2897334_GCAGCCACAGGTGCCT-1,0,PLX-4720
Data15_GSM2897334_GCAGTTAGTACATGTC-1,0,PLX-4720
Data15_GSM2897334_GCAGTTAGTACCGTTA-1,0,PLX-4720
Data15_GSM2897334_GCAGTTATCAAGGTAA-1,0,PLX-4720
Data15_GSM2897334_GCAGTTATCGCCATAA-1,0,PLX-4720
Data15_GSM2897334_GCAGTTATCGTGACAT-1,0,PLX-4720
Data15_GSM2897334_GCATACACAGGGAGAG-1,0,PLX-4720
Data15_GSM2897334_GCATACAGTCACTTCC-1,0,PLX-4720
Data15_GSM2897334_GCATACAGTGACGGTA-1,0,PLX-4720
Data15_GSM2897334_GCATACATCCTAGGGC-1,0,PLX-4720
Data15_GSM2897334_GCATACATCCTTTCGG-1,0,PLX-4720
Data15_GSM2897334_GCATGATCAGCTGCAC-1,0,PLX-4720
Data15_GSM2897334_GCATGATCAGTCCTTC-1,0,PLX-4720
Data15_GSM2897334_GCATGATGTTATGCGT-1,0,PLX-4720
Data15_GSM2897334_GCATGATTCAAGGTAA-1,0,PLX-4720
Data15_GSM2897334_GCATGATTCGAGAGCA-1,0,PLX-4720
Data15_GSM2897334_GCATGCGAGAGGTTGC-1,0,PLX-4720
Data15_GSM2897334_GCATGCGCAAAGGAAG-1,0,PLX-4720
Data15_GSM2897334_GCATGCGGTAGTAGTA-1,0,PLX-4720
Data15_GSM2897334_GCATGCGGTCAACATC-1,0,PLX-4720
Data15_GSM2897334_GCATGCGGTTAGATGA-1,0,PLX-4720
Data15_GSM2897334_GCATGCGGTTGTGGAG-1,0,PLX-4720
Data15_GSM2897334_GCATGCGTCCCTCAGT-1,0,PLX-4720
Data15_GSM2897334_GCATGTAAGACAAAGG-1,0,PLX-4720
Data15_GSM2897334_GCATGTAAGCGTTTAC-1,0,PLX-4720
Data15_GSM2897334_GCATGTAGTTTAAGCC-1,0,PLX-4720
Data15_GSM2897334_GCATGTATCCATGAGT-1,0,PLX-4720
Data15_GSM2897334_GCATGTATCTATGTGG-1,0,PLX-4720
Data15_GSM2897334_GCCAAATCAAGGACTG-1,0,PLX-4720
Data15_GSM2897334_GCCAAATCATGCCACG-1,0,PLX-4720
Data15_GSM2897334_GCCAAATGTCATACTG-1,0,PLX-4720
Data15_GSM2897334_GCCAAATTCAGGTAAA-1,0,PLX-4720
Data15_GSM2897334_GCCAAATTCTTGGGTA-1,0,PLX-4720
Data15_GSM2897334_GCCTCTACACTTACGA-1,0,PLX-4720
Data15_GSM2897334_GCCTCTAGTTATTCTC-1,0,PLX-4720
Data15_GSM2897334_GCGACCAAGCATGGCA-1,0,PLX-4720
Data15_GSM2897334_GCGACCAAGGACTGGT-1,0,PLX-4720
Data15_GSM2897334_GCGACCAGTCAAAGAT-1,0,PLX-4720
Data15_GSM2897334_GCGACCAGTCACACGC-1,0,PLX-4720
Data15_GSM2897334_GCGACCAGTCGAGATG-1,0,PLX-4720
Data15_GSM2897334_GCGACCAGTGGTTTCA-1,0,PLX-4720
Data15_GSM2897334_GCGACCATCTTTACAC-1,0,PLX-4720
Data15_GSM2897334_GCGAGAACACGAGGTA-1,0,PLX-4720
Data15_GSM2897334_GCGAGAACAGCCTTTC-1,0,PLX-4720
Data15_GSM2897334_GCGAGAACAGTTTACG-1,0,PLX-4720
Data15_GSM2897334_GCGAGAAGTAAAGTCA-1,0,PLX-4720
Data15_GSM2897334_GCGAGAAGTAAGGGAA-1,0,PLX-4720
Data15_GSM2897334_GCGAGAATCCTTGCCA-1,0,PLX-4720
Data15_GSM2897334_GCGAGAATCGTAGGTT-1,0,PLX-4720
Data15_GSM2897334_GCGCAACAGACACGAC-1,0,PLX-4720
Data15_GSM2897334_GCGCAACAGGCTACGA-1,0,PLX-4720
Data15_GSM2897334_GCGCAACCATGTCGAT-1,0,PLX-4720
Data15_GSM2897334_GCGCAACCATTGGCGC-1,0,PLX-4720
Data15_GSM2897334_GCGCAACGTTATCACG-1,0,PLX-4720
Data15_GSM2897334_GCGCAACGTTCCGTCT-1,0,PLX-4720
Data15_GSM2897334_GCGCAACTCTCTGCTG-1,0,PLX-4720
Data15_GSM2897334_GCGCAGTAGATAGTCA-1,0,PLX-4720
Data15_GSM2897334_GCGCAGTAGCGTAATA-1,0,PLX-4720
Data15_GSM2897334_GCGCAGTCAAGGACTG-1,0,PLX-4720
Data15_GSM2897334_GCGCAGTGTAATTGGA-1,0,PLX-4720
Data15_GSM2897334_GCGCAGTGTCAACTGT-1,0,PLX-4720
Data15_GSM2897334_GCGCAGTGTGGAAAGA-1,0,PLX-4720
Data15_GSM2897334_GCGCAGTGTGTTAAGA-1,0,PLX-4720
Data15_GSM2897334_GCGCAGTTCAAAGTAG-1,0,PLX-4720
Data15_GSM2897334_GCGCAGTTCGATGAGG-1,0,PLX-4720
Data15_GSM2897334_GCGCCAAAGCACGCCT-1,0,PLX-4720
Data15_GSM2897334_GCGCCAAAGGAACTGC-1,0,PLX-4720
Data15_GSM2897334_GCGCCAAAGGTAGCTG-1,0,PLX-4720
Data15_GSM2897334_GCGCCAACACCACCAG-1,0,PLX-4720
Data15_GSM2897334_GCGCCAAGTTGCTCCT-1,0,PLX-4720
Data15_GSM2897334_GCGCCAATCGTTTATC-1,0,PLX-4720
Data15_GSM2897334_GCGCCAATCTAACTGG-1,0,PLX-4720
Data15_GSM2897334_GCGCGATCATACAGCT-1,0,PLX-4720
Data15_GSM2897334_GCGCGATTCAAGGTAA-1,0,PLX-4720
Data15_GSM2897334_GCGCGATTCCAGAAGG-1,0,PLX-4720
Data15_GSM2897334_GCGCGATTCCAGTAGT-1,0,PLX-4720
Data15_GSM2897334_GCGCGATTCCTGTAGA-1,0,PLX-4720
Data15_GSM2897334_GCGGGTTAGGACAGCT-1,0,PLX-4720
Data15_GSM2897334_GCGGGTTAGGACGAAA-1,0,PLX-4720
Data15_GSM2897334_GCGGGTTAGGCCGAAT-1,0,PLX-4720
Data15_GSM2897334_GCGGGTTCAGCATGAG-1,0,PLX-4720
Data15_GSM2897334_GCGGGTTGTCGTTGTA-1,0,PLX-4720
Data15_GSM2897334_GCGGGTTGTGTGACGA-1,0,PLX-4720
Data15_GSM2897334_GCGGGTTTCAACGAAA-1,0,PLX-4720
Data15_GSM2897334_GCGGGTTTCCTGCAGG-1,0,PLX-4720
Data15_GSM2897334_GCGGGTTTCTTCCTTC-1,0,PLX-4720
Data15_GSM2897334_GCGGGTTTCTTGTCAT-1,0,PLX-4720
Data15_GSM2897334_GCTCCTAAGTGAAGAG-1,0,PLX-4720
Data15_GSM2897334_GCTCCTAAGTGAAGTT-1,0,PLX-4720
Data15_GSM2897334_GCTCCTACAAGGTGTG-1,0,PLX-4720
Data15_GSM2897334_GCTCCTACAGACAGGT-1,0,PLX-4720
Data15_GSM2897334_GCTCCTAGTAACGACG-1,0,PLX-4720
Data15_GSM2897334_GCTCCTAGTGTATGGG-1,0,PLX-4720
Data15_GSM2897334_GCTCCTAGTTCAGACT-1,0,PLX-4720
Data15_GSM2897334_GCTCCTAGTTGATTCG-1,0,PLX-4720
Data15_GSM2897334_GCTCCTATCACCGTAA-1,0,PLX-4720
Data15_GSM2897334_GCTCTGTCAGCGTTCG-1,0,PLX-4720
Data15_GSM2897334_GCTCTGTTCTTTAGTC-1,0,PLX-4720
Data15_GSM2897334_GCTGCAGAGGTGATAT-1,0,PLX-4720
Data15_GSM2897334_GCTGCAGCAAACCCAT-1,0,PLX-4720
Data15_GSM2897334_GCTGCAGCACCAGGTC-1,0,PLX-4720
Data15_GSM2897334_GCTGCAGGTACCGTAT-1,0,PLX-4720
Data15_GSM2897334_GCTGCAGGTCATTAGC-1,0,PLX-4720
Data15_GSM2897334_GCTGCAGTCGCATGAT-1,0,PLX-4720
Data15_GSM2897334_GCTGCAGTCTAACTGG-1,0,PLX-4720
Data15_GSM2897334_GCTGCAGTCTCTAAGG-1,0,PLX-4720
Data15_GSM2897334_GCTGCGAAGATCCTGT-1,0,PLX-4720
Data15_GSM2897334_GCTGCGACAGCCACCA-1,0,PLX-4720
Data15_GSM2897334_GCTGCGACATTGGCGC-1,0,PLX-4720
Data15_GSM2897334_GCTGCGAGTAAACGCG-1,0,PLX-4720
Data15_GSM2897334_GCTGCGAGTTATCACG-1,0,PLX-4720
Data15_GSM2897334_GCTGCGAGTTGTACAC-1,0,PLX-4720
Data15_GSM2897334_GCTGCGATCCTAGGGC-1,0,PLX-4720
Data15_GSM2897334_GCTGCGATCGGTCTAA-1,0,PLX-4720
Data15_GSM2897334_GCTGCTTAGTCAATAG-1,0,PLX-4720
Data15_GSM2897334_GCTGCTTCACGAAAGC-1,0,PLX-4720
Data15_GSM2897334_GCTGCTTCACGTTGGC-1,0,PLX-4720
Data15_GSM2897334_GCTGCTTCAGACGCTC-1,0,PLX-4720
Data15_GSM2897334_GCTGCTTCATTCTTAC-1,0,PLX-4720
Data15_GSM2897334_GCTGCTTGTCAAACTC-1,0,PLX-4720
Data15_GSM2897334_GCTGCTTGTCGGGTCT-1,0,PLX-4720
Data15_GSM2897334_GCTGCTTTCACCCGAG-1,0,PLX-4720
Data15_GSM2897334_GCTGCTTTCAGCAACT-1,0,PLX-4720
Data15_GSM2897334_GCTGGGTAGACAAGCC-1,0,PLX-4720
Data15_GSM2897334_GCTGGGTCAGCTGTAT-1,0,PLX-4720
Data15_GSM2897334_GCTGGGTGTGTGACCC-1,0,PLX-4720
Data15_GSM2897334_GCTGGGTGTTCGCTAA-1,0,PLX-4720
Data15_GSM2897334_GCTGGGTTCGGTTAAC-1,0,PLX-4720
Data15_GSM2897334_GCTTCCAAGCTCAACT-1,0,PLX-4720
Data15_GSM2897334_GCTTCCAAGGCCATAG-1,0,PLX-4720
Data15_GSM2897334_GCTTCCACAGGTTTCA-1,0,PLX-4720
Data15_GSM2897334_GCTTCCAGTGACTCAT-1,0,PLX-4720
Data15_GSM2897334_GCTTCCAGTTACGTCA-1,0,PLX-4720
Data15_GSM2897334_GCTTCCAGTTCCACGG-1,0,PLX-4720
Data15_GSM2897334_GCTTGAACATTCACTT-1,0,PLX-4720
Data15_GSM2897334_GCTTGAATCAAACCGT-1,0,PLX-4720
Data15_GSM2897334_GCTTGAATCCTCCTAG-1,0,PLX-4720
Data15_GSM2897334_GCTTGAATCTAACGGT-1,0,PLX-4720
Data15_GSM2897334_GCTTGAATCTGACCTC-1,0,PLX-4720
Data15_GSM2897334_GCTTGAATCTGCAGTA-1,0,PLX-4720
Data15_GSM2897334_GGAAAGCAGTAACCCT-1,0,PLX-4720
Data15_GSM2897334_GGAAAGCCAGGGTATG-1,0,PLX-4720
Data15_GSM2897334_GGAAAGCCATCCTTGC-1,0,PLX-4720
Data15_GSM2897334_GGAAAGCGTAGCCTAT-1,0,PLX-4720
Data15_GSM2897334_GGAAAGCGTCATATCG-1,0,PLX-4720
Data15_GSM2897334_GGAAAGCGTGCGATAG-1,0,PLX-4720
Data15_GSM2897334_GGAAAGCTCCAAGCCG-1,0,PLX-4720
Data15_GSM2897334_GGAAAGCTCCTGCAGG-1,0,PLX-4720
Data15_GSM2897334_GGAAAGCTCGGTCTAA-1,0,PLX-4720
Data15_GSM2897334_GGAAAGCTCTAACTGG-1,0,PLX-4720
Data15_GSM2897334_GGAACTTAGACTTGAA-1,0,PLX-4720
Data15_GSM2897334_GGAACTTAGAGAGCTC-1,0,PLX-4720
Data15_GSM2897334_GGAACTTAGTTCGCAT-1,0,PLX-4720
Data15_GSM2897334_GGAACTTCAACTTGAC-1,0,PLX-4720
Data15_GSM2897334_GGAACTTCAAGCTGGA-1,0,PLX-4720
Data15_GSM2897334_GGAACTTCACTTAACG-1,0,PLX-4720
Data15_GSM2897334_GGAACTTGTAGCGCTC-1,0,PLX-4720
Data15_GSM2897334_GGAACTTGTCCCGACA-1,0,PLX-4720
Data15_GSM2897334_GGAACTTGTGACTACT-1,0,PLX-4720
Data15_GSM2897334_GGAACTTGTGTGAAAT-1,0,PLX-4720
Data15_GSM2897334_GGAACTTTCACTATTC-1,0,PLX-4720
Data15_GSM2897334_GGAATAAAGTACGATA-1,0,PLX-4720
Data15_GSM2897334_GGAATAAGTCTAACGT-1,0,PLX-4720
Data15_GSM2897334_GGAATAAGTGTGCGTC-1,0,PLX-4720
Data15_GSM2897334_GGAATAATCAGCTCTC-1,0,PLX-4720
Data15_GSM2897334_GGACAAGAGATATGGT-1,0,PLX-4720
Data15_GSM2897334_GGACAAGAGGACGAAA-1,0,PLX-4720
Data15_GSM2897334_GGACAAGAGGTGATTA-1,0,PLX-4720
Data15_GSM2897334_GGACAAGAGTGTTTGC-1,0,PLX-4720
Data15_GSM2897334_GGACAAGGTAGGACAC-1,0,PLX-4720
Data15_GSM2897334_GGACAAGTCCTGTACC-1,0,PLX-4720
Data15_GSM2897334_GGACAAGTCGGCGGTT-1,0,PLX-4720
Data15_GSM2897334_GGACAGAAGAAACGCC-1,0,PLX-4720
Data15_GSM2897334_GGACAGACACCTCGTT-1,0,PLX-4720
Data15_GSM2897334_GGACAGAGTTTAAGCC-1,0,PLX-4720
Data15_GSM2897334_GGACAGATCGCGTTTC-1,0,PLX-4720
Data15_GSM2897334_GGACATTAGCAAATCA-1,0,PLX-4720
Data15_GSM2897334_GGACATTCACCATCCT-1,0,PLX-4720
Data15_GSM2897334_GGACATTCAGGATCGA-1,0,PLX-4720
Data15_GSM2897334_GGACATTGTGAGTGAC-1,0,PLX-4720
Data15_GSM2897334_GGACATTGTTATCCGA-1,0,PLX-4720
Data15_GSM2897334_GGACATTTCTAACGGT-1,0,PLX-4720
Data15_GSM2897334_GGACGTCAGGTACTCT-1,0,PLX-4720
Data15_GSM2897334_GGACGTCCAAGCCTAT-1,0,PLX-4720
Data15_GSM2897334_GGACGTCCACGGCTAC-1,0,PLX-4720
Data15_GSM2897334_GGACGTCTCTAGCACA-1,0,PLX-4720
Data15_GSM2897334_GGAGCAAAGGTGCTAG-1,0,PLX-4720
Data15_GSM2897334_GGAGCAACAGGCAGTA-1,0,PLX-4720
Data15_GSM2897334_GGAGCAACATGTTCCC-1,0,PLX-4720
Data15_GSM2897334_GGAGCAATCGTCTGCT-1,0,PLX-4720
Data15_GSM2897334_GGATGTTAGATGGCGT-1,0,PLX-4720
Data15_GSM2897334_GGATGTTAGCAGCGTA-1,0,PLX-4720
Data15_GSM2897334_GGATGTTAGTTACCCA-1,0,PLX-4720
Data15_GSM2897334_GGATGTTCAATCGAAA-1,0,PLX-4720
Data15_GSM2897334_GGATGTTCATTTGCCC-1,0,PLX-4720
Data15_GSM2897334_GGATGTTGTGAGGCTA-1,0,PLX-4720
Data15_GSM2897334_GGATGTTGTGTTTGGT-1,0,PLX-4720
Data15_GSM2897334_GGATGTTGTTACGGAG-1,0,PLX-4720
Data15_GSM2897334_GGATGTTTCGAACTGT-1,0,PLX-4720
Data15_GSM2897334_GGATGTTTCGGAGGTA-1,0,PLX-4720
Data15_GSM2897334_GGATGTTTCGTCACGG-1,0,PLX-4720
Data15_GSM2897334_GGATGTTTCTGTGCAA-1,0,PLX-4720
Data15_GSM2897334_GGATTACAGAGTAAGG-1,0,PLX-4720
Data15_GSM2897334_GGATTACAGCGTTCCG-1,0,PLX-4720
Data15_GSM2897334_GGATTACAGCTTATCG-1,0,PLX-4720
Data15_GSM2897334_GGATTACAGGTACTCT-1,0,PLX-4720
Data15_GSM2897334_GGATTACCATACGCCG-1,0,PLX-4720
Data15_GSM2897334_GGCAATTAGACTGGGT-1,0,PLX-4720
Data15_GSM2897334_GGCAATTAGTTGAGAT-1,0,PLX-4720
Data15_GSM2897334_GGCAATTGTGATAAGT-1,0,PLX-4720
Data15_GSM2897334_GGCAATTGTGCACCAC-1,0,PLX-4720
Data15_GSM2897334_GGCAATTTCAGGTTCA-1,0,PLX-4720
Data15_GSM2897334_GGCCGATCACACATGT-1,0,PLX-4720
Data15_GSM2897334_GGCCGATCAGTTAACC-1,0,PLX-4720
Data15_GSM2897334_GGCCGATCATCCTAGA-1,0,PLX-4720
Data15_GSM2897334_GGCCGATGTAAATGAC-1,0,PLX-4720
Data15_GSM2897334_GGCCGATGTAAGGATT-1,0,PLX-4720
Data15_GSM2897334_GGCCGATTCAAAGTAG-1,0,PLX-4720
Data15_GSM2897334_GGCCGATTCACTGGGC-1,0,PLX-4720
Data15_GSM2897334_GGCCGATTCGTCCAGG-1,0,PLX-4720
Data15_GSM2897334_GGCGACTAGCGTGTCC-1,0,PLX-4720
Data15_GSM2897334_GGCGACTAGTGCCAGA-1,0,PLX-4720
Data15_GSM2897334_GGCGACTGTCTTGATG-1,0,PLX-4720
Data15_GSM2897334_GGCGACTGTTACGCGC-1,0,PLX-4720
Data15_GSM2897334_GGCGACTTCTGACCTC-1,0,PLX-4720
Data15_GSM2897334_GGCGACTTCTGTCTAT-1,0,PLX-4720
Data15_GSM2897334_GGCGTGTCAGTTTACG-1,0,PLX-4720
Data15_GSM2897334_GGCGTGTGTAGTGAAT-1,0,PLX-4720
Data15_GSM2897334_GGCGTGTGTGTGAAAT-1,0,PLX-4720
Data15_GSM2897334_GGCGTGTGTTACGGAG-1,0,PLX-4720
Data15_GSM2897334_GGCTCGAAGCGATATA-1,0,PLX-4720
Data15_GSM2897334_GGCTCGAAGGGTGTTG-1,0,PLX-4720
Data15_GSM2897334_GGCTCGACACAGGTTT-1,0,PLX-4720
Data15_GSM2897334_GGCTCGAGTCTTCGTC-1,0,PLX-4720
Data15_GSM2897334_GGCTCGATCAAAGTAG-1,0,PLX-4720
Data15_GSM2897334_GGCTCGATCCAAACAC-1,0,PLX-4720
Data15_GSM2897334_GGCTCGATCTCAACTT-1,0,PLX-4720
Data15_GSM2897334_GGCTCGATCTCGCATC-1,0,PLX-4720
Data15_GSM2897334_GGCTGGTAGCATCATC-1,0,PLX-4720
Data15_GSM2897334_GGCTGGTAGCCCAACC-1,0,PLX-4720
Data15_GSM2897334_GGCTGGTAGGGTGTTG-1,0,PLX-4720
Data15_GSM2897334_GGCTGGTCAAGCTGAG-1,0,PLX-4720
Data15_GSM2897334_GGCTGGTCAGACGCTC-1,0,PLX-4720
Data15_GSM2897334_GGCTGGTCAGCTCGAC-1,0,PLX-4720
Data15_GSM2897334_GGCTGGTGTAACGTTC-1,0,PLX-4720
Data15_GSM2897334_GGCTGGTGTGTGACGA-1,0,PLX-4720
Data15_GSM2897334_GGGAATGAGCCACTAT-1,0,PLX-4720
Data15_GSM2897334_GGGAATGAGCTGCAAG-1,0,PLX-4720
Data15_GSM2897334_GGGAATGCACACCGCA-1,0,PLX-4720
Data15_GSM2897334_GGGAATGGTGATAAAC-1,0,PLX-4720
Data15_GSM2897334_GGGAATGTCACCCTCA-1,0,PLX-4720
Data15_GSM2897334_GGGACCTAGTGTCTCA-1,0,PLX-4720
Data15_GSM2897334_GGGACCTCAAGGACTG-1,0,PLX-4720
Data15_GSM2897334_GGGACCTCACGACGAA-1,0,PLX-4720
Data15_GSM2897334_GGGACCTGTGGTACAG-1,0,PLX-4720
Data15_GSM2897334_GGGACCTTCGTGTAGT-1,0,PLX-4720
Data15_GSM2897334_GGGAGATAGAACTCGG-1,0,PLX-4720
Data15_GSM2897334_GGGAGATCAGTACACT-1,0,PLX-4720
Data15_GSM2897334_GGGAGATGTCAGAAGC-1,0,PLX-4720
Data15_GSM2897334_GGGAGATGTCTTCAAG-1,0,PLX-4720
Data15_GSM2897334_GGGAGATTCAAACGGG-1,0,PLX-4720
Data15_GSM2897334_GGGATGAAGCCGGTAA-1,0,PLX-4720
Data15_GSM2897334_GGGATGACAAGCCTAT-1,0,PLX-4720
Data15_GSM2897334_GGGATGATCAAACCGT-1,0,PLX-4720
Data15_GSM2897334_GGGCACTAGACTGTAA-1,0,PLX-4720
Data15_GSM2897334_GGGCACTAGCGCTCCA-1,0,PLX-4720
Data15_GSM2897334_GGGCACTCAACACCCG-1,0,PLX-4720
Data15_GSM2897334_GGGCACTCATGAGCGA-1,0,PLX-4720
Data15_GSM2897334_GGGCACTGTAGGACAC-1,0,PLX-4720
Data15_GSM2897334_GGGCACTGTCAGCTAT-1,0,PLX-4720
Data15_GSM2897334_GGGCACTGTGGTGTAG-1,0,PLX-4720
Data15_GSM2897334_GGGCACTTCACTTACT-1,0,PLX-4720
Data15_GSM2897334_GGGCACTTCGGAGGTA-1,0,PLX-4720
Data15_GSM2897334_GGGCACTTCTGCAAGT-1,0,PLX-4720
Data15_GSM2897334_GGGCATCAGCGTAGTG-1,0,PLX-4720
Data15_GSM2897334_GGGCATCCACTTACGA-1,0,PLX-4720
Data15_GSM2897334_GGGCATCCAGCCACCA-1,0,PLX-4720
Data15_GSM2897334_GGGCATCCAGCCTTGG-1,0,PLX-4720
Data15_GSM2897334_GGGCATCCAGCTCGCA-1,0,PLX-4720
Data15_GSM2897334_GGGCATCGTCATACTG-1,0,PLX-4720
Data15_GSM2897334_GGGCATCGTCGGATCC-1,0,PLX-4720
Data15_GSM2897334_GGGCATCGTGGAAAGA-1,0,PLX-4720
Data15_GSM2897334_GGGCATCTCATCGGAT-1,0,PLX-4720
Data15_GSM2897334_GGGTCTGAGCGTGAGT-1,0,PLX-4720
Data15_GSM2897334_GGGTCTGAGCTCCCAG-1,0,PLX-4720
Data15_GSM2897334_GGGTCTGAGTACGACG-1,0,PLX-4720
Data15_GSM2897334_GGGTCTGCAACTTGAC-1,0,PLX-4720
Data15_GSM2897334_GGGTCTGGTTGAACTC-1,0,PLX-4720
Data15_GSM2897334_GGGTCTGTCAAGCCTA-1,0,PLX-4720
Data15_GSM2897334_GGGTCTGTCCAACCAA-1,0,PLX-4720
Data15_GSM2897334_GGGTTGCAGAGAACAG-1,0,PLX-4720
Data15_GSM2897334_GGGTTGCAGCCTCGTG-1,0,PLX-4720
Data15_GSM2897334_GGGTTGCAGCGTTTAC-1,0,PLX-4720
Data15_GSM2897334_GGGTTGCCAGTCTTCC-1,0,PLX-4720
Data15_GSM2897334_GGGTTGCGTCTAACGT-1,0,PLX-4720
Data15_GSM2897334_GGGTTGCGTTGTACAC-1,0,PLX-4720
Data15_GSM2897334_GGGTTGCTCAGAGGTG-1,0,PLX-4720
Data15_GSM2897334_GGGTTGCTCCTAGAAC-1,0,PLX-4720
Data15_GSM2897334_GGGTTGCTCTTGTATC-1,0,PLX-4720
Data15_GSM2897334_GGTATTGAGTAGGTGC-1,0,PLX-4720
Data15_GSM2897334_GGTATTGCACTGAAGG-1,0,PLX-4720
Data15_GSM2897334_GGTATTGTCAAAGTAG-1,0,PLX-4720
Data15_GSM2897334_GGTGAAGAGATCCGAG-1,0,PLX-4720
Data15_GSM2897334_GGTGAAGCAGCTGGCT-1,0,PLX-4720
Data15_GSM2897334_GGTGAAGCAGCTGTTA-1,0,PLX-4720
Data15_GSM2897334_GGTGAAGCATTCTTAC-1,0,PLX-4720
Data15_GSM2897334_GGTGAAGGTACAGTGG-1,0,PLX-4720
Data15_GSM2897334_GGTGAAGGTTACAGAA-1,0,PLX-4720
Data15_GSM2897334_GGTGAAGGTTCGGCAC-1,0,PLX-4720
Data15_GSM2897334_GGTGAAGTCAGTCAGT-1,0,PLX-4720
Data15_GSM2897334_GGTGCGTAGCAATCTC-1,0,PLX-4720
Data15_GSM2897334_GGTGCGTAGCTTATCG-1,0,PLX-4720
Data15_GSM2897334_GGTGCGTAGGAATCGC-1,0,PLX-4720
Data15_GSM2897334_GGTGCGTAGTCGATAA-1,0,PLX-4720
Data15_GSM2897334_GGTGCGTCAATGGACG-1,0,PLX-4720
Data15_GSM2897334_GGTGCGTCAGCGTAAG-1,0,PLX-4720
Data15_GSM2897334_GGTGCGTTCGTAGGAG-1,0,PLX-4720
Data15_GSM2897334_GGTGCGTTCGTTTGCC-1,0,PLX-4720
Data15_GSM2897334_GGTGCGTTCTGCAGTA-1,0,PLX-4720
Data15_GSM2897334_GGTGTTAAGATCGATA-1,0,PLX-4720
Data15_GSM2897334_GGTGTTAAGATGCCTT-1,0,PLX-4720
Data15_GSM2897334_GGTGTTAAGCGTTGCC-1,0,PLX-4720
Data15_GSM2897334_GGTGTTACACACAGAG-1,0,PLX-4720
Data15_GSM2897334_GGTGTTACAGGTGGAT-1,0,PLX-4720
Data15_GSM2897334_GGTGTTAGTCTGGTCG-1,0,PLX-4720
Data15_GSM2897334_GGTGTTAGTTAAGAAC-1,0,PLX-4720
Data15_GSM2897334_GGTGTTAGTTCCACAA-1,0,PLX-4720
Data15_GSM2897334_GGTGTTATCACAATGC-1,0,PLX-4720
Data15_GSM2897334_GGTGTTATCCGTAGTA-1,0,PLX-4720
Data15_GSM2897334_GGTGTTATCTTCTGGC-1,0,PLX-4720
Data15_GSM2897334_GTAACGTAGACTAGGC-1,0,PLX-4720
Data15_GSM2897334_GTAACGTAGTCTCGGC-1,0,PLX-4720
Data15_GSM2897334_GTAACGTCAGATCGGA-1,0,PLX-4720
Data15_GSM2897334_GTAACGTCAGTAAGCG-1,0,PLX-4720
Data15_GSM2897334_GTAACGTGTCAGAAGC-1,0,PLX-4720
Data15_GSM2897334_GTAACGTTCAAGAAGT-1,0,PLX-4720
Data15_GSM2897334_GTAACGTTCAGAGACG-1,0,PLX-4720
Data15_GSM2897334_GTAACGTTCCTCTAGC-1,0,PLX-4720
Data15_GSM2897334_GTAACGTTCGAGGTAG-1,0,PLX-4720
Data15_GSM2897334_GTAACGTTCGCAAGCC-1,0,PLX-4720
Data15_GSM2897334_GTAACGTTCGCTGATA-1,0,PLX-4720
Data15_GSM2897334_GTAACTGAGTCGTACT-1,0,PLX-4720
Data15_GSM2897334_GTAACTGCAAAGTGCG-1,0,PLX-4720
Data15_GSM2897334_GTAACTGGTACTCAAC-1,0,PLX-4720
Data15_GSM2897334_GTAACTGGTATAGTAG-1,0,PLX-4720
Data15_GSM2897334_GTAACTGGTTCGTTGA-1,0,PLX-4720
Data15_GSM2897334_GTAACTGGTTTGCATG-1,0,PLX-4720
Data15_GSM2897334_GTAACTGTCACTATTC-1,0,PLX-4720
Data15_GSM2897334_GTAACTGTCTGGAGCC-1,0,PLX-4720
Data15_GSM2897334_GTACGTAAGCGAAGGG-1,0,PLX-4720
Data15_GSM2897334_GTACGTAAGCTCCTCT-1,0,PLX-4720
Data15_GSM2897334_GTACGTACATCGGAAG-1,0,PLX-4720
Data15_GSM2897334_GTACGTAGTAGCGTCC-1,0,PLX-4720
Data15_GSM2897334_GTACGTAGTCGCGAAA-1,0,PLX-4720
Data15_GSM2897334_GTACGTAGTGTGAAAT-1,0,PLX-4720
Data15_GSM2897334_GTACGTATCTCCCTGA-1,0,PLX-4720
Data15_GSM2897334_GTACGTATCTGATACG-1,0,PLX-4720
Data15_GSM2897334_GTACTCCAGGAGTCTG-1,0,PLX-4720
Data15_GSM2897334_GTACTCCCAACACCCG-1,0,PLX-4720
Data15_GSM2897334_GTACTCCCACGTTGGC-1,0,PLX-4720
Data15_GSM2897334_GTACTCCCATGAACCT-1,0,PLX-4720
Data15_GSM2897334_GTACTCCCATTGGTAC-1,0,PLX-4720
Data15_GSM2897334_GTACTCCGTAAATACG-1,0,PLX-4720
Data15_GSM2897334_GTACTCCGTCCCGACA-1,0,PLX-4720
Data15_GSM2897334_GTACTCCGTGGGTCAA-1,0,PLX-4720
Data15_GSM2897334_GTACTCCGTTCCGGCA-1,0,PLX-4720
Data15_GSM2897334_GTACTCCTCCTTTCGG-1,0,PLX-4720
Data15_GSM2897334_GTACTCCTCTGGCGTG-1,0,PLX-4720
Data15_GSM2897334_GTACTTTAGCTAAACA-1,0,PLX-4720
Data15_GSM2897334_GTACTTTAGTAGCCGA-1,0,PLX-4720
Data15_GSM2897334_GTACTTTCACACTGCG-1,0,PLX-4720
Data15_GSM2897334_GTACTTTGTAAAGTCA-1,0,PLX-4720
Data15_GSM2897334_GTACTTTTCAAACCGT-1,0,PLX-4720
Data15_GSM2897334_GTACTTTTCCGCATCT-1,0,PLX-4720
Data15_GSM2897334_GTACTTTTCGCAGGCT-1,0,PLX-4720
Data15_GSM2897334_GTAGGCCGTACAGCAG-1,0,PLX-4720
Data15_GSM2897334_GTAGGCCGTTCCATGA-1,0,PLX-4720
Data15_GSM2897334_GTAGGCCTCATGTAGC-1,0,PLX-4720
Data15_GSM2897334_GTAGTCAAGCAGCGTA-1,0,PLX-4720
Data15_GSM2897334_GTAGTCAAGCTGCCCA-1,0,PLX-4720
Data15_GSM2897334_GTAGTCAGTCTAGGTT-1,0,PLX-4720
Data15_GSM2897334_GTAGTCATCTAGCACA-1,0,PLX-4720
Data15_GSM2897334_GTAGTCATCTGCTTGC-1,0,PLX-4720
Data15_GSM2897334_GTAGTCATCTGGCGAC-1,0,PLX-4720
Data15_GSM2897334_GTATCTTAGTCGTTTG-1,0,PLX-4720
Data15_GSM2897334_GTATCTTAGTGGCACA-1,0,PLX-4720
Data15_GSM2897334_GTATCTTGTCACTTCC-1,0,PLX-4720
Data15_GSM2897334_GTATCTTTCGTAGGAG-1,0,PLX-4720
Data15_GSM2897334_GTATTCTAGATGCGAC-1,0,PLX-4720
Data15_GSM2897334_GTATTCTAGGCCCTCA-1,0,PLX-4720
Data15_GSM2897334_GTATTCTAGTTACCCA-1,0,PLX-4720
Data15_GSM2897334_GTATTCTCAGAAGCAC-1,0,PLX-4720
Data15_GSM2897334_GTATTCTCAGATCGGA-1,0,PLX-4720
Data15_GSM2897334_GTATTCTCAGCCTATA-1,0,PLX-4720
Data15_GSM2897334_GTATTCTGTCTCTCGT-1,0,PLX-4720
Data15_GSM2897334_GTATTCTGTGAAATCA-1,0,PLX-4720
Data15_GSM2897334_GTATTCTGTTTAGGAA-1,0,PLX-4720
Data15_GSM2897334_GTATTCTTCACTCCTG-1,0,PLX-4720
Data15_GSM2897334_GTCAAGTAGCCAGTTT-1,0,PLX-4720
Data15_GSM2897334_GTCAAGTAGCTGCCCA-1,0,PLX-4720
Data15_GSM2897334_GTCAAGTAGGATCGCA-1,0,PLX-4720
Data15_GSM2897334_GTCAAGTCAATTCCTT-1,0,PLX-4720
Data15_GSM2897334_GTCAAGTGTCGCGAAA-1,0,PLX-4720
Data15_GSM2897334_GTCACAAGTGTGACCC-1,0,PLX-4720
Data15_GSM2897334_GTCACGGAGCACAGGT-1,0,PLX-4720
Data15_GSM2897334_GTCACGGAGCTAACAA-1,0,PLX-4720
Data15_GSM2897334_GTCACGGAGCTACCTA-1,0,PLX-4720
Data15_GSM2897334_GTCACGGAGGGAGTAA-1,0,PLX-4720
Data15_GSM2897334_GTCACGGCATTTCACT-1,0,PLX-4720
Data15_GSM2897334_GTCACGGGTCCTAGCG-1,0,PLX-4720
Data15_GSM2897334_GTCACGGGTCGTCTTC-1,0,PLX-4720
Data15_GSM2897334_GTCATTTAGCTAGGCA-1,0,PLX-4720
Data15_GSM2897334_GTCATTTAGGTGCACA-1,0,PLX-4720
Data15_GSM2897334_GTCATTTCACTGCCAG-1,0,PLX-4720
Data15_GSM2897334_GTCATTTGTGTGCCTG-1,0,PLX-4720
Data15_GSM2897334_GTCATTTGTGTTGGGA-1,0,PLX-4720
Data15_GSM2897334_GTCATTTGTTTAGCTG-1,0,PLX-4720
Data15_GSM2897334_GTCATTTTCAGAAATG-1,0,PLX-4720
Data15_GSM2897334_GTCATTTTCTCCTATA-1,0,PLX-4720
Data15_GSM2897334_GTCCTCAAGGCATTGG-1,0,PLX-4720
Data15_GSM2897334_GTCCTCACAGGGAGAG-1,0,PLX-4720
Data15_GSM2897334_GTCCTCAGTAGCGTAG-1,0,PLX-4720
Data15_GSM2897334_GTCCTCATCCCTTGCA-1,0,PLX-4720
Data15_GSM2897334_GTCCTCATCTGAGGGA-1,0,PLX-4720
Data15_GSM2897334_GTCGGGTAGCTTTGGT-1,0,PLX-4720
Data15_GSM2897334_GTCGGGTGTACGACCC-1,0,PLX-4720
Data15_GSM2897334_GTCGGGTGTCAGATAA-1,0,PLX-4720
Data15_GSM2897334_GTCGGGTGTCCTGCTT-1,0,PLX-4720
Data15_GSM2897334_GTCGGGTGTCTAAACC-1,0,PLX-4720
Data15_GSM2897334_GTCGGGTTCACAGTAC-1,0,PLX-4720
Data15_GSM2897334_GTCGGGTTCACGCATA-1,0,PLX-4720
Data15_GSM2897334_GTCGGGTTCCCATTTA-1,0,PLX-4720
Data15_GSM2897334_GTCGGGTTCGCCAGCA-1,0,PLX-4720
Data15_GSM2897334_GTCGGGTTCGTTACGA-1,0,PLX-4720
Data15_GSM2897334_GTCGGGTTCTAACTGG-1,0,PLX-4720
Data15_GSM2897334_GTCGTAAAGAAGATTC-1,0,PLX-4720
Data15_GSM2897334_GTCGTAAAGATCACGG-1,0,PLX-4720
Data15_GSM2897334_GTCGTAAAGCGACGTA-1,0,PLX-4720
Data15_GSM2897334_GTCGTAAAGCGTGAGT-1,0,PLX-4720
Data15_GSM2897334_GTCGTAAAGTACATGA-1,0,PLX-4720
Data15_GSM2897334_GTCGTAAAGTGGAGTC-1,0,PLX-4720
Data15_GSM2897334_GTCGTAAAGTGTTTGC-1,0,PLX-4720
Data15_GSM2897334_GTCGTAACAAAGGAAG-1,0,PLX-4720
Data15_GSM2897334_GTCGTAAGTCTAAAGA-1,0,PLX-4720
Data15_GSM2897334_GTCGTAAGTTCATGGT-1,0,PLX-4720
Data15_GSM2897334_GTCGTAATCAGTCCCT-1,0,PLX-4720
Data15_GSM2897334_GTCGTAATCGTGGGAA-1,0,PLX-4720
Data15_GSM2897334_GTCGTAATCGTGTAGT-1,0,PLX-4720
Data15_GSM2897334_GTCGTAATCTAGAGTC-1,0,PLX-4720
Data15_GSM2897334_GTCGTAATCTTACCGC-1,0,PLX-4720
Data15_GSM2897334_GTCTCGTAGCATCATC-1,0,PLX-4720
Data15_GSM2897334_GTCTCGTAGGAATCGC-1,0,PLX-4720
Data15_GSM2897334_GTCTCGTCACCTATCC-1,0,PLX-4720
Data15_GSM2897334_GTCTCGTCAGCCAATT-1,0,PLX-4720
Data15_GSM2897334_GTCTCGTGTCTGCCAG-1,0,PLX-4720
Data15_GSM2897334_GTCTCGTGTGGGTATG-1,0,PLX-4720
Data15_GSM2897334_GTCTCGTTCCCAAGTA-1,0,PLX-4720
Data15_GSM2897334_GTCTTCGAGCTTCGCG-1,0,PLX-4720
Data15_GSM2897334_GTCTTCGCAAGGACTG-1,0,PLX-4720
Data15_GSM2897334_GTCTTCGCAGCAGTTT-1,0,PLX-4720
Data15_GSM2897334_GTCTTCGCAGGATTGG-1,0,PLX-4720
Data15_GSM2897334_GTCTTCGGTGCACGAA-1,0,PLX-4720
Data15_GSM2897334_GTCTTCGGTGTGACCC-1,0,PLX-4720
Data15_GSM2897334_GTCTTCGGTTTACTCT-1,0,PLX-4720
Data15_GSM2897334_GTCTTCGTCACAACGT-1,0,PLX-4720
Data15_GSM2897334_GTGAAGGAGATACACA-1,0,PLX-4720
Data15_GSM2897334_GTGAAGGAGCTGTCTA-1,0,PLX-4720
Data15_GSM2897334_GTGAAGGAGGTCGGAT-1,0,PLX-4720
Data15_GSM2897334_GTGAAGGCAACAACCT-1,0,PLX-4720
Data15_GSM2897334_GTGAAGGCAGTAAGCG-1,0,PLX-4720
Data15_GSM2897334_GTGAAGGCATGCATGT-1,0,PLX-4720
Data15_GSM2897334_GTGAAGGGTTATCACG-1,0,PLX-4720
Data15_GSM2897334_GTGCAGCCACCCTATC-1,0,PLX-4720
Data15_GSM2897334_GTGCAGCCAGTCAGAG-1,0,PLX-4720
Data15_GSM2897334_GTGCATAAGAGTGACC-1,0,PLX-4720
Data15_GSM2897334_GTGCATAAGGGTTTCT-1,0,PLX-4720
Data15_GSM2897334_GTGCATACACAGGTTT-1,0,PLX-4720
Data15_GSM2897334_GTGCATACACGTAAGG-1,0,PLX-4720
Data15_GSM2897334_GTGCATACAGTATCTG-1,0,PLX-4720
Data15_GSM2897334_GTGCATACATCGGTTA-1,0,PLX-4720
Data15_GSM2897334_GTGCATATCGCCAAAT-1,0,PLX-4720
Data15_GSM2897334_GTGCATATCGTTTATC-1,0,PLX-4720
Data15_GSM2897334_GTGCGGTAGAGACTAT-1,0,PLX-4720
Data15_GSM2897334_GTGCGGTAGTGAAGTT-1,0,PLX-4720
Data15_GSM2897334_GTGCGGTCAGGTCCAC-1,0,PLX-4720
Data15_GSM2897334_GTGCGGTCATCCCACT-1,0,PLX-4720
Data15_GSM2897334_GTGCGGTGTAAGGGAA-1,0,PLX-4720
Data15_GSM2897334_GTGCGGTGTCCATCCT-1,0,PLX-4720
Data15_GSM2897334_GTGCTTCAGGCTATCT-1,0,PLX-4720
Data15_GSM2897334_GTGCTTCAGTCGATAA-1,0,PLX-4720
Data15_GSM2897334_GTGCTTCCAGCAGTTT-1,0,PLX-4720
Data15_GSM2897334_GTGCTTCGTCTAGAGG-1,0,PLX-4720
Data15_GSM2897334_GTGCTTCGTTTAGGAA-1,0,PLX-4720
Data15_GSM2897334_GTGCTTCTCCCTTGCA-1,0,PLX-4720
Data15_GSM2897334_GTGCTTCTCGGCTACG-1,0,PLX-4720
Data15_GSM2897334_GTGCTTCTCGTTACAG-1,0,PLX-4720
Data15_GSM2897334_GTGCTTCTCTTGCATT-1,0,PLX-4720
Data15_GSM2897334_GTGGGTCAGGACAGAA-1,0,PLX-4720
Data15_GSM2897334_GTGGGTCAGTAGATGT-1,0,PLX-4720
Data15_GSM2897334_GTGGGTCAGTTGTCGT-1,0,PLX-4720
Data15_GSM2897334_GTGGGTCCATTAGCCA-1,0,PLX-4720
Data15_GSM2897334_GTGGGTCGTCATCCCT-1,0,PLX-4720
Data15_GSM2897334_GTGGGTCTCCCAAGTA-1,0,PLX-4720
Data15_GSM2897334_GTGGGTCTCCTTCAAT-1,0,PLX-4720
Data15_GSM2897334_GTGTGCGAGATGGGTC-1,0,PLX-4720
Data15_GSM2897334_GTGTGCGCAAGAGGCT-1,0,PLX-4720
Data15_GSM2897334_GTGTGCGGTATAAACG-1,0,PLX-4720
Data15_GSM2897334_GTGTGCGGTCACCCAG-1,0,PLX-4720
Data15_GSM2897334_GTGTGCGGTTACGCGC-1,0,PLX-4720
Data15_GSM2897334_GTGTTAGCAAACTGCT-1,0,PLX-4720
Data15_GSM2897334_GTGTTAGCATGAGCGA-1,0,PLX-4720
Data15_GSM2897334_GTGTTAGTCTATCCTA-1,0,PLX-4720
Data15_GSM2897334_GTGTTAGTCTGGTGTA-1,0,PLX-4720
Data15_GSM2897334_GTTAAGCCACACGCTG-1,0,PLX-4720
Data15_GSM2897334_GTTAAGCGTTAAGAAC-1,0,PLX-4720
Data15_GSM2897334_GTTAAGCTCAACACAC-1,0,PLX-4720
Data15_GSM2897334_GTTACAGAGACTACAA-1,0,PLX-4720
Data15_GSM2897334_GTTACAGAGGCAGTCA-1,0,PLX-4720
Data15_GSM2897334_GTTACAGAGTTCGATC-1,0,PLX-4720
Data15_GSM2897334_GTTACAGCAAATTGCC-1,0,PLX-4720
Data15_GSM2897334_GTTACAGGTGTTAAGA-1,0,PLX-4720
Data15_GSM2897334_GTTACAGGTTACCAGT-1,0,PLX-4720
Data15_GSM2897334_GTTACAGTCGAACTGT-1,0,PLX-4720
Data15_GSM2897334_GTTCATTAGATCCTGT-1,0,PLX-4720
Data15_GSM2897334_GTTCATTAGCCTTGAT-1,0,PLX-4720
Data15_GSM2897334_GTTCATTAGGCCGAAT-1,0,PLX-4720
Data15_GSM2897334_GTTCATTCAAAGTCAA-1,0,PLX-4720
Data15_GSM2897334_GTTCATTCACACCGCA-1,0,PLX-4720
Data15_GSM2897334_GTTCATTCACTTGGAT-1,0,PLX-4720
Data15_GSM2897334_GTTCATTGTGAAGGCT-1,0,PLX-4720
Data15_GSM2897334_GTTCATTGTTCGCTAA-1,0,PLX-4720
Data15_GSM2897334_GTTCATTTCTGAGTGT-1,0,PLX-4720
Data15_GSM2897334_GTTCATTTCTGTCAAG-1,0,PLX-4720
Data15_GSM2897334_GTTCGGGAGTCAATAG-1,0,PLX-4720
Data15_GSM2897334_GTTCGGGCATAGAAAC-1,0,PLX-4720
Data15_GSM2897334_GTTCGGGGTCATACTG-1,0,PLX-4720
Data15_GSM2897334_GTTCGGGGTCTAAACC-1,0,PLX-4720
Data15_GSM2897334_GTTCGGGTCATTGCCC-1,0,PLX-4720
Data15_GSM2897334_GTTCGGGTCCAAACAC-1,0,PLX-4720
Data15_GSM2897334_GTTCGGGTCGTGGTCG-1,0,PLX-4720
Data15_GSM2897334_GTTCGGGTCTGTTGAG-1,0,PLX-4720
Data15_GSM2897334_GTTCTCGAGTACGCGA-1,0,PLX-4720
Data15_GSM2897334_GTTCTCGCACATTCGA-1,0,PLX-4720
Data15_GSM2897334_GTTCTCGCAGGTGCCT-1,0,PLX-4720
Data15_GSM2897334_GTTCTCGGTAAGTGTA-1,0,PLX-4720
Data15_GSM2897334_GTTCTCGGTATATGAG-1,0,PLX-4720
Data15_GSM2897334_GTTTCTAAGCAATATG-1,0,PLX-4720
Data15_GSM2897334_GTTTCTAAGGCTATCT-1,0,PLX-4720
Data15_GSM2897334_GTTTCTAAGGTGGGTT-1,0,PLX-4720
Data15_GSM2897334_GTTTCTACAAAGTCAA-1,0,PLX-4720
Data15_GSM2897334_GTTTCTAGTGATGTCT-1,0,PLX-4720
Data15_GSM2897334_TAAACCGAGGACAGCT-1,0,PLX-4720
Data15_GSM2897334_TAAACCGCATCGGTTA-1,0,PLX-4720
Data15_GSM2897334_TAAACCGTCATCTGCC-1,0,PLX-4720
Data15_GSM2897334_TAAACCGTCGGTGTTA-1,0,PLX-4720
Data15_GSM2897334_TAAACCGTCTGCGTAA-1,0,PLX-4720
Data15_GSM2897334_TAAACCGTCTTCGAGA-1,0,PLX-4720
Data15_GSM2897334_TAAGAGAAGTGTACGG-1,0,PLX-4720
Data15_GSM2897334_TAAGAGACAAACGTGG-1,0,PLX-4720
Data15_GSM2897334_TAAGAGACAATAGCGG-1,0,PLX-4720
Data15_GSM2897334_TAAGAGACATGAAGTA-1,0,PLX-4720
Data15_GSM2897334_TAAGAGAGTACTTGAC-1,0,PLX-4720
Data15_GSM2897334_TAAGAGAGTCCAGTAT-1,0,PLX-4720
Data15_GSM2897334_TAAGCGTAGAGCTGGT-1,0,PLX-4720
Data15_GSM2897334_TAAGCGTAGTTGTAGA-1,0,PLX-4720
Data15_GSM2897334_TAAGCGTCAGGTCTCG-1,0,PLX-4720
Data15_GSM2897334_TAAGCGTGTTGCGTTA-1,0,PLX-4720
Data15_GSM2897334_TAAGCGTTCGCCTGAG-1,0,PLX-4720
Data15_GSM2897334_TAAGTGCAGTGGACGT-1,0,PLX-4720
Data15_GSM2897334_TAAGTGCAGTGGCACA-1,0,PLX-4720
Data15_GSM2897334_TAAGTGCAGTGGTCCC-1,0,PLX-4720
Data15_GSM2897334_TAAGTGCCAATGAATG-1,0,PLX-4720
Data15_GSM2897334_TAAGTGCCATACGCCG-1,0,PLX-4720
Data15_GSM2897334_TAAGTGCGTTACGGAG-1,0,PLX-4720
Data15_GSM2897334_TAAGTGCGTTGTACAC-1,0,PLX-4720
Data15_GSM2897334_TAAGTGCTCATTATCC-1,0,PLX-4720
Data15_GSM2897334_TAAGTGCTCCAAACAC-1,0,PLX-4720
Data15_GSM2897334_TACACGAAGCCACTAT-1,0,PLX-4720
Data15_GSM2897334_TACACGAAGTAGGCCA-1,0,PLX-4720
Data15_GSM2897334_TACACGACAAGTACCT-1,0,PLX-4720
Data15_GSM2897334_TACACGACACTTAACG-1,0,PLX-4720
Data15_GSM2897334_TACACGATCACCTCGT-1,0,PLX-4720
Data15_GSM2897334_TACACGATCTTCGGTC-1,0,PLX-4720
Data15_GSM2897334_TACAGTGAGAGGACGG-1,0,PLX-4720
Data15_GSM2897334_TACAGTGAGATAGGAG-1,0,PLX-4720
Data15_GSM2897334_TACAGTGAGCCAACAG-1,0,PLX-4720
Data15_GSM2897334_TACAGTGAGGAATTAC-1,0,PLX-4720
Data15_GSM2897334_TACAGTGAGGGTGTGT-1,0,PLX-4720
Data15_GSM2897334_TACAGTGAGGTAGCCA-1,0,PLX-4720
Data15_GSM2897334_TACAGTGAGGTTACCT-1,0,PLX-4720
Data15_GSM2897334_TACAGTGCAAACAACA-1,0,PLX-4720
Data15_GSM2897334_TACAGTGCAGGGTTAG-1,0,PLX-4720
Data15_GSM2897334_TACAGTGCATCGTCGG-1,0,PLX-4720
Data15_GSM2897334_TACAGTGGTTGTGGAG-1,0,PLX-4720
Data15_GSM2897334_TACAGTGTCAGCACAT-1,0,PLX-4720
Data15_GSM2897334_TACAGTGTCCAAAGTC-1,0,PLX-4720
Data15_GSM2897334_TACAGTGTCTTGCATT-1,0,PLX-4720
Data15_GSM2897334_TACCTATAGCCCAGCT-1,0,PLX-4720
Data15_GSM2897334_TACCTATCAAGCTGAG-1,0,PLX-4720
Data15_GSM2897334_TACCTATGTACGCTGC-1,0,PLX-4720
Data15_GSM2897334_TACCTATGTTCAGACT-1,0,PLX-4720
Data15_GSM2897334_TACCTATTCTGGCGAC-1,0,PLX-4720
Data15_GSM2897334_TACCTTAAGAACTCGG-1,0,PLX-4720
Data15_GSM2897334_TACCTTAAGGGCTCTC-1,0,PLX-4720
Data15_GSM2897334_TACCTTAAGTGGGATC-1,0,PLX-4720
Data15_GSM2897334_TACCTTACAGGATTGG-1,0,PLX-4720
Data15_GSM2897334_TACCTTAGTAGAAAGG-1,0,PLX-4720
Data15_GSM2897334_TACCTTATCACAATGC-1,0,PLX-4720
Data15_GSM2897334_TACCTTATCTCTAAGG-1,0,PLX-4720
Data15_GSM2897334_TACGGATAGACAGACC-1,0,PLX-4720
Data15_GSM2897334_TACGGATAGACTGTAA-1,0,PLX-4720
Data15_GSM2897334_TACGGATAGGACCACA-1,0,PLX-4720
Data15_GSM2897334_TACGGATAGGTGCACA-1,0,PLX-4720
Data15_GSM2897334_TACGGATAGTACCGGA-1,0,PLX-4720
Data15_GSM2897334_TACGGATCATCTCCCA-1,0,PLX-4720
Data15_GSM2897334_TACGGATCATTGAGCT-1,0,PLX-4720
Data15_GSM2897334_TACGGATGTACGCTGC-1,0,PLX-4720
Data15_GSM2897334_TACGGATGTCCATGAT-1,0,PLX-4720
Data15_GSM2897334_TACGGATGTCTAGTGT-1,0,PLX-4720
Data15_GSM2897334_TACGGATGTCTCTTTA-1,0,PLX-4720
Data15_GSM2897334_TACGGATGTTAAGACA-1,0,PLX-4720
Data15_GSM2897334_TACGGATTCGTAGGAG-1,0,PLX-4720
Data15_GSM2897334_TACGGGCAGAGTACCG-1,0,PLX-4720
Data15_GSM2897334_TACGGGCAGCTAACAA-1,0,PLX-4720
Data15_GSM2897334_TACGGGCAGGGTGTGT-1,0,PLX-4720
Data15_GSM2897334_TACGGGCAGGTTCCTA-1,0,PLX-4720
Data15_GSM2897334_TACGGGCCACATTCGA-1,0,PLX-4720
Data15_GSM2897334_TACGGGCGTTACAGAA-1,0,PLX-4720
Data15_GSM2897334_TACGGGCTCCAATGGT-1,0,PLX-4720
Data15_GSM2897334_TACGGGCTCCCTAATT-1,0,PLX-4720
Data15_GSM2897334_TACGGTAAGGTGCAAC-1,0,PLX-4720
Data15_GSM2897334_TACGGTAAGTTGAGTA-1,0,PLX-4720
Data15_GSM2897334_TACGGTACACTCGACG-1,0,PLX-4720
Data15_GSM2897334_TACGGTACAGCTGTGC-1,0,PLX-4720
Data15_GSM2897334_TACGGTAGTATAAACG-1,0,PLX-4720
Data15_GSM2897334_TACGGTAGTCTAGTCA-1,0,PLX-4720
Data15_GSM2897334_TACGGTAGTCTTCTCG-1,0,PLX-4720
Data15_GSM2897334_TACGGTATCATCGCTC-1,0,PLX-4720
Data15_GSM2897334_TACTCATCAAACCCAT-1,0,PLX-4720
Data15_GSM2897334_TACTCATCATTATCTC-1,0,PLX-4720
Data15_GSM2897334_TACTCATGTACGCACC-1,0,PLX-4720
Data15_GSM2897334_TACTCATGTCCGTGAC-1,0,PLX-4720
Data15_GSM2897334_TACTCATGTTTGGGCC-1,0,PLX-4720
Data15_GSM2897334_TACTCATTCAGCGATT-1,0,PLX-4720
Data15_GSM2897334_TACTCATTCGCGTTTC-1,0,PLX-4720
Data15_GSM2897334_TACTCATTCGTCACGG-1,0,PLX-4720
Data15_GSM2897334_TACTCATTCTGCGACG-1,0,PLX-4720
Data15_GSM2897334_TACTCATTCTTAGAGC-1,0,PLX-4720
Data15_GSM2897334_TACTCGCAGATGAGAG-1,0,PLX-4720
Data15_GSM2897334_TACTCGCAGCGTTTAC-1,0,PLX-4720
Data15_GSM2897334_TACTCGCAGGTGATAT-1,0,PLX-4720
Data15_GSM2897334_TACTCGCAGTTCGCGC-1,0,PLX-4720
Data15_GSM2897334_TACTCGCCAAATACAG-1,0,PLX-4720
Data15_GSM2897334_TACTCGCCAAGTCTGT-1,0,PLX-4720
Data15_GSM2897334_TACTCGCCACCAGATT-1,0,PLX-4720
Data15_GSM2897334_TACTCGCCACCCATGG-1,0,PLX-4720
Data15_GSM2897334_TACTCGCGTCCATCCT-1,0,PLX-4720
Data15_GSM2897334_TACTCGCGTCGCCATG-1,0,PLX-4720
Data15_GSM2897334_TACTCGCGTGATGTGG-1,0,PLX-4720
Data15_GSM2897334_TACTTACAGAACAACT-1,0,PLX-4720
Data15_GSM2897334_TACTTACAGGTTCCTA-1,0,PLX-4720
Data15_GSM2897334_TACTTACAGTACCGGA-1,0,PLX-4720
Data15_GSM2897334_TACTTACCAAGGTTTC-1,0,PLX-4720
Data15_GSM2897334_TACTTACGTCTTGTCC-1,0,PLX-4720
Data15_GSM2897334_TACTTGTAGAGACGAA-1,0,PLX-4720
Data15_GSM2897334_TACTTGTAGTGCAAGC-1,0,PLX-4720
Data15_GSM2897334_TACTTGTAGTGGAGAA-1,0,PLX-4720
Data15_GSM2897334_TACTTGTCAAAGTGCG-1,0,PLX-4720
Data15_GSM2897334_TACTTGTCACATCTTT-1,0,PLX-4720
Data15_GSM2897334_TACTTGTGTAAGGATT-1,0,PLX-4720
Data15_GSM2897334_TACTTGTGTACCATCA-1,0,PLX-4720
Data15_GSM2897334_TACTTGTTCGCGGATC-1,0,PLX-4720
Data15_GSM2897334_TAGACCAAGCCTTGAT-1,0,PLX-4720
Data15_GSM2897334_TAGACCAAGCTCCCAG-1,0,PLX-4720
Data15_GSM2897334_TAGACCACACGGTTTA-1,0,PLX-4720
Data15_GSM2897334_TAGACCAGTAGATTAG-1,0,PLX-4720
Data15_GSM2897334_TAGACCAGTCGACTGC-1,0,PLX-4720
Data15_GSM2897334_TAGACCATCCGTTGCT-1,0,PLX-4720
Data15_GSM2897334_TAGACCATCGAGAGCA-1,0,PLX-4720
Data15_GSM2897334_TAGACCATCTTGACGA-1,0,PLX-4720
Data15_GSM2897334_TAGAGCTAGGGAGTAA-1,0,PLX-4720
Data15_GSM2897334_TAGAGCTCATAGGATA-1,0,PLX-4720
Data15_GSM2897334_TAGAGCTGTAGGACAC-1,0,PLX-4720
Data15_GSM2897334_TAGAGCTGTCTAGTCA-1,0,PLX-4720
Data15_GSM2897334_TAGAGCTGTGCTCTTC-1,0,PLX-4720
Data15_GSM2897334_TAGAGCTTCATAGCAC-1,0,PLX-4720
Data15_GSM2897334_TAGAGCTTCTACTATC-1,0,PLX-4720
Data15_GSM2897334_TAGCCGGAGTCCAGGA-1,0,PLX-4720
Data15_GSM2897334_TAGCCGGGTAAAGTCA-1,0,PLX-4720
Data15_GSM2897334_TAGCCGGGTAAATGTG-1,0,PLX-4720
Data15_GSM2897334_TAGCCGGGTTCGTGAT-1,0,PLX-4720
Data15_GSM2897334_TAGCCGGTCCGGCACA-1,0,PLX-4720
Data15_GSM2897334_TAGCCGGTCGACCAGC-1,0,PLX-4720
Data15_GSM2897334_TAGCCGGTCTAACTTC-1,0,PLX-4720
Data15_GSM2897334_TAGCCGGTCTCTTATG-1,0,PLX-4720
Data15_GSM2897334_TAGCCGGTCTTGGGTA-1,0,PLX-4720
Data15_GSM2897334_TAGCCGGTCTTTCCTC-1,0,PLX-4720
Data15_GSM2897334_TAGGCATAGCCAGTAG-1,0,PLX-4720
Data15_GSM2897334_TAGGCATAGTACATGA-1,0,PLX-4720
Data15_GSM2897334_TAGGCATAGTAGGTGC-1,0,PLX-4720
Data15_GSM2897334_TAGGCATCACGGCCAT-1,0,PLX-4720
Data15_GSM2897334_TAGGCATCATCACGTA-1,0,PLX-4720
Data15_GSM2897334_TAGGCATTCACATAGC-1,0,PLX-4720
Data15_GSM2897334_TAGTGGTAGGGTGTTG-1,0,PLX-4720
Data15_GSM2897334_TAGTGGTCAGTTCATG-1,0,PLX-4720
Data15_GSM2897334_TAGTGGTGTGCGATAG-1,0,PLX-4720
Data15_GSM2897334_TAGTGGTTCTTGAGGT-1,0,PLX-4720
Data15_GSM2897334_TAGTTGGAGATATGGT-1,0,PLX-4720
Data15_GSM2897334_TAGTTGGAGGGTTCCC-1,0,PLX-4720
Data15_GSM2897334_TAGTTGGAGTCTCGGC-1,0,PLX-4720
Data15_GSM2897334_TAGTTGGGTCGACTGC-1,0,PLX-4720
Data15_GSM2897334_TAGTTGGTCCCATTAT-1,0,PLX-4720
Data15_GSM2897334_TATCAGGAGGCTCTTA-1,0,PLX-4720
Data15_GSM2897334_TATCAGGAGTTGTCGT-1,0,PLX-4720
Data15_GSM2897334_TATCAGGCAATAACGA-1,0,PLX-4720
Data15_GSM2897334_TATCAGGCAATGGAGC-1,0,PLX-4720
Data15_GSM2897334_TATCAGGCAGGGATTG-1,0,PLX-4720
Data15_GSM2897334_TATCAGGGTACTCTCC-1,0,PLX-4720
Data15_GSM2897334_TATCTCAAGAAGGACA-1,0,PLX-4720
Data15_GSM2897334_TATCTCAAGTGGCACA-1,0,PLX-4720
Data15_GSM2897334_TATCTCACAAAGTGCG-1,0,PLX-4720
Data15_GSM2897334_TATCTCAGTAAGTGTA-1,0,PLX-4720
Data15_GSM2897334_TATCTCAGTCATGCAT-1,0,PLX-4720
Data15_GSM2897334_TATGCCCAGAAAGTGG-1,0,PLX-4720
Data15_GSM2897334_TATGCCCAGCCCTAAT-1,0,PLX-4720
Data15_GSM2897334_TATGCCCAGGTGATTA-1,0,PLX-4720
Data15_GSM2897334_TATGCCCGTGCCTGCA-1,0,PLX-4720
Data15_GSM2897334_TATGCCCGTGTTGGGA-1,0,PLX-4720
Data15_GSM2897334_TATGCCCTCAGTTAGC-1,0,PLX-4720
Data15_GSM2897334_TATGCCCTCGGATGGA-1,0,PLX-4720
Data15_GSM2897334_TATGCCCTCTAGAGTC-1,0,PLX-4720
Data15_GSM2897334_TATTACCAGGGCACTA-1,0,PLX-4720
Data15_GSM2897334_TATTACCCACGGTAGA-1,0,PLX-4720
Data15_GSM2897334_TATTACCCAGTATCTG-1,0,PLX-4720
Data15_GSM2897334_TATTACCGTAAATGTG-1,0,PLX-4720
Data15_GSM2897334_TATTACCGTGTTGGGA-1,0,PLX-4720
Data15_GSM2897334_TATTACCTCACTATTC-1,0,PLX-4720
Data15_GSM2897334_TCAACGAAGACAGAGA-1,0,PLX-4720
Data15_GSM2897334_TCAACGAAGGGAAACA-1,0,PLX-4720
Data15_GSM2897334_TCAACGAAGTCCCACG-1,0,PLX-4720
Data15_GSM2897334_TCAACGACAAACGTGG-1,0,PLX-4720
Data15_GSM2897334_TCAACGACACATGACT-1,0,PLX-4720
Data15_GSM2897334_TCAACGAGTCTCTCGT-1,0,PLX-4720
Data15_GSM2897334_TCAACGATCAGTGTTG-1,0,PLX-4720
Data15_GSM2897334_TCAATCTAGAAGGTGA-1,0,PLX-4720
Data15_GSM2897334_TCAATCTAGTTAAGTG-1,0,PLX-4720
Data15_GSM2897334_TCAATCTCACTCAGGC-1,0,PLX-4720
Data15_GSM2897334_TCAATCTCAGATCCAT-1,0,PLX-4720
Data15_GSM2897334_TCAATCTGTAAGTTCC-1,0,PLX-4720
Data15_GSM2897334_TCAATCTGTCCTAGCG-1,0,PLX-4720
Data15_GSM2897334_TCAATCTGTTCCGGCA-1,0,PLX-4720
Data15_GSM2897334_TCAATCTGTTGGTTTG-1,0,PLX-4720
Data15_GSM2897334_TCAATCTGTTTGGCGC-1,0,PLX-4720
Data15_GSM2897334_TCAATCTTCTGGGCCA-1,0,PLX-4720
Data15_GSM2897334_TCACAAGCAATGGAGC-1,0,PLX-4720
Data15_GSM2897334_TCACAAGCATGGTCTA-1,0,PLX-4720
Data15_GSM2897334_TCACAAGGTCACTTCC-1,0,PLX-4720
Data15_GSM2897334_TCACGAAAGAACTGTA-1,0,PLX-4720
Data15_GSM2897334_TCACGAAAGGAGTTGC-1,0,PLX-4720
Data15_GSM2897334_TCACGAACACATGTGT-1,0,PLX-4720
Data15_GSM2897334_TCACGAACAGTAGAGC-1,0,PLX-4720
Data15_GSM2897334_TCACGAAGTTCCACTC-1,0,PLX-4720
Data15_GSM2897334_TCACGAAGTTGTACAC-1,0,PLX-4720
Data15_GSM2897334_TCAGATGAGCTGCAAG-1,0,PLX-4720
Data15_GSM2897334_TCAGATGAGGACTGGT-1,0,PLX-4720
Data15_GSM2897334_TCAGATGCAAGAGTCG-1,0,PLX-4720
Data15_GSM2897334_TCAGATGCATCTGGTA-1,0,PLX-4720
Data15_GSM2897334_TCAGATGGTGATAAAC-1,0,PLX-4720
Data15_GSM2897334_TCAGATGTCACAATGC-1,0,PLX-4720
Data15_GSM2897334_TCAGATGTCAGTCCCT-1,0,PLX-4720
Data15_GSM2897334_TCAGATGTCGGGAGTA-1,0,PLX-4720
Data15_GSM2897334_TCAGATGTCTTGTTTG-1,0,PLX-4720
Data15_GSM2897334_TCAGCAAAGAAGGGTA-1,0,PLX-4720
Data15_GSM2897334_TCAGCAAAGCCAGAAC-1,0,PLX-4720
Data15_GSM2897334_TCAGCAAAGCTTTGGT-1,0,PLX-4720
Data15_GSM2897334_TCAGCAAAGGGTCGAT-1,0,PLX-4720
Data15_GSM2897334_TCAGCAAAGTGATCGG-1,0,PLX-4720
Data15_GSM2897334_TCAGCAAAGTGTGAAT-1,0,PLX-4720
Data15_GSM2897334_TCAGCAAGTAAACACA-1,0,PLX-4720
Data15_GSM2897334_TCAGCAAGTTGTACAC-1,0,PLX-4720
Data15_GSM2897334_TCAGCAATCCAAGCCG-1,0,PLX-4720
Data15_GSM2897334_TCAGCTCAGTATGACA-1,0,PLX-4720
Data15_GSM2897334_TCAGCTCAGTCAAGCG-1,0,PLX-4720
Data15_GSM2897334_TCAGCTCAGTGTACGG-1,0,PLX-4720
Data15_GSM2897334_TCAGCTCCACAACGTT-1,0,PLX-4720
Data15_GSM2897334_TCAGCTCCACGGTAGA-1,0,PLX-4720
Data15_GSM2897334_TCAGCTCGTACATCCA-1,0,PLX-4720
Data15_GSM2897334_TCAGCTCGTCAACTGT-1,0,PLX-4720
Data15_GSM2897334_TCAGCTCGTGCATCTA-1,0,PLX-4720
Data15_GSM2897334_TCAGCTCGTGCGCTTG-1,0,PLX-4720
Data15_GSM2897334_TCAGCTCTCGGTCTAA-1,0,PLX-4720
Data15_GSM2897334_TCAGGATAGAAGGGTA-1,0,PLX-4720
Data15_GSM2897334_TCAGGATAGACCCACC-1,0,PLX-4720
Data15_GSM2897334_TCAGGATCAATTGCTG-1,0,PLX-4720
Data15_GSM2897334_TCAGGATCACTGTCGG-1,0,PLX-4720
Data15_GSM2897334_TCAGGATCAGCTCGCA-1,0,PLX-4720
Data15_GSM2897334_TCAGGATGTAAGGATT-1,0,PLX-4720
Data15_GSM2897334_TCAGGATGTACGACCC-1,0,PLX-4720
Data15_GSM2897334_TCAGGATGTATTAGCC-1,0,PLX-4720
Data15_GSM2897334_TCAGGATGTGCAGTAG-1,0,PLX-4720
Data15_GSM2897334_TCAGGATGTTTGACAC-1,0,PLX-4720
Data15_GSM2897334_TCAGGTAAGCTGAAAT-1,0,PLX-4720
Data15_GSM2897334_TCAGGTACAACACCTA-1,0,PLX-4720
Data15_GSM2897334_TCAGGTACAATGGACG-1,0,PLX-4720
Data15_GSM2897334_TCAGGTACAGGATTGG-1,0,PLX-4720
Data15_GSM2897334_TCAGGTAGTCGCTTTC-1,0,PLX-4720
Data15_GSM2897334_TCATTACAGTGTTGAA-1,0,PLX-4720
Data15_GSM2897334_TCATTACCACGGCCAT-1,0,PLX-4720
Data15_GSM2897334_TCATTACGTAGAGTGC-1,0,PLX-4720
Data15_GSM2897334_TCATTACGTTACGTCA-1,0,PLX-4720
Data15_GSM2897334_TCATTACTCAAACGGG-1,0,PLX-4720
Data15_GSM2897334_TCATTACTCCAAGCCG-1,0,PLX-4720
Data15_GSM2897334_TCATTACTCCCATTTA-1,0,PLX-4720
Data15_GSM2897334_TCATTACTCGCTTAGA-1,0,PLX-4720
Data15_GSM2897334_TCATTACTCGGAATCT-1,0,PLX-4720
Data15_GSM2897334_TCATTTGAGTCCAGGA-1,0,PLX-4720
Data15_GSM2897334_TCATTTGCACCGGAAA-1,0,PLX-4720
Data15_GSM2897334_TCATTTGCAGCTCGAC-1,0,PLX-4720
Data15_GSM2897334_TCATTTGGTCTTCAAG-1,0,PLX-4720
Data15_GSM2897334_TCATTTGGTTAAGAAC-1,0,PLX-4720
Data15_GSM2897334_TCATTTGTCCCTAATT-1,0,PLX-4720
Data15_GSM2897334_TCATTTGTCCTGCCAT-1,0,PLX-4720
Data15_GSM2897334_TCCACACAGCGCTCCA-1,0,PLX-4720
Data15_GSM2897334_TCCACACCACAGGAGT-1,0,PLX-4720
Data15_GSM2897334_TCCACACCACATTAGC-1,0,PLX-4720
Data15_GSM2897334_TCCACACTCGCCCTTA-1,0,PLX-4720
Data15_GSM2897334_TCCACACTCTCTAAGG-1,0,PLX-4720
Data15_GSM2897334_TCCACACTCTTGTCAT-1,0,PLX-4720
Data15_GSM2897334_TCCCGATAGCAGGCTA-1,0,PLX-4720
Data15_GSM2897334_TCCCGATCACTGCCAG-1,0,PLX-4720
Data15_GSM2897334_TCCCGATCAGTAGAGC-1,0,PLX-4720
Data15_GSM2897334_TCCCGATCATCAGTAC-1,0,PLX-4720
Data15_GSM2897334_TCCCGATCATCGGACC-1,0,PLX-4720
Data15_GSM2897334_TCCCGATGTGCTAGCC-1,0,PLX-4720
Data15_GSM2897334_TCCCGATTCACCTCGT-1,0,PLX-4720
Data15_GSM2897334_TCCCGATTCGGTCCGA-1,0,PLX-4720
Data15_GSM2897334_TCGAGGCCACGTAAGG-1,0,PLX-4720
Data15_GSM2897334_TCGAGGCGTGCGCTTG-1,0,PLX-4720
Data15_GSM2897334_TCGAGGCGTGGTTTCA-1,0,PLX-4720
Data15_GSM2897334_TCGAGGCGTTTGGCGC-1,0,PLX-4720
Data15_GSM2897334_TCGAGGCTCAAACAAG-1,0,PLX-4720
Data15_GSM2897334_TCGAGGCTCCTGCTTG-1,0,PLX-4720
Data15_GSM2897334_TCGAGGCTCGCTGATA-1,0,PLX-4720
Data15_GSM2897334_TCGCGAGAGGAGCGTT-1,0,PLX-4720
Data15_GSM2897334_TCGCGAGTCAGGTTCA-1,0,PLX-4720
Data15_GSM2897334_TCGCGAGTCATTCACT-1,0,PLX-4720
Data15_GSM2897334_TCGCGTTAGGCATTGG-1,0,PLX-4720
Data15_GSM2897334_TCGCGTTGTAACGACG-1,0,PLX-4720
Data15_GSM2897334_TCGCGTTTCGCTTGTC-1,0,PLX-4720
Data15_GSM2897334_TCGGGACAGAGTTGGC-1,0,PLX-4720
Data15_GSM2897334_TCGGGACCACGCTTTC-1,0,PLX-4720
Data15_GSM2897334_TCGGGACCAGCTGTAT-1,0,PLX-4720
Data15_GSM2897334_TCGGGACCAGGTTTCA-1,0,PLX-4720
Data15_GSM2897334_TCGGGACCATATACGC-1,0,PLX-4720
Data15_GSM2897334_TCGGGACGTCCCTACT-1,0,PLX-4720
Data15_GSM2897334_TCGGGACGTGGGTCAA-1,0,PLX-4720
Data15_GSM2897334_TCGGGACGTTCCACTC-1,0,PLX-4720
Data15_GSM2897334_TCGGGACTCCCTTGTG-1,0,PLX-4720
Data15_GSM2897334_TCGGTAAAGAAAGTGG-1,0,PLX-4720
Data15_GSM2897334_TCGGTAAAGCGTCAAG-1,0,PLX-4720
Data15_GSM2897334_TCGGTAAAGGAGCGAG-1,0,PLX-4720
Data15_GSM2897334_TCGGTAAAGGCATGGT-1,0,PLX-4720
Data15_GSM2897334_TCGGTAAAGTCTCCTC-1,0,PLX-4720
Data15_GSM2897334_TCGGTAAAGTGGAGTC-1,0,PLX-4720
Data15_GSM2897334_TCGGTAACAGCTCCGA-1,0,PLX-4720
Data15_GSM2897334_TCGGTAACAGTCAGAG-1,0,PLX-4720
Data15_GSM2897334_TCGGTAAGTCACCTAA-1,0,PLX-4720
Data15_GSM2897334_TCGGTAAGTGTTTGTG-1,0,PLX-4720
Data15_GSM2897334_TCGGTAATCCTGCCAT-1,0,PLX-4720
Data15_GSM2897334_TCGGTAATCTGCAGTA-1,0,PLX-4720
Data15_GSM2897334_TCGTACCAGACCTTTG-1,0,PLX-4720
Data15_GSM2897334_TCGTACCAGCAGATCG-1,0,PLX-4720
Data15_GSM2897334_TCGTACCCATCGTCGG-1,0,PLX-4720
Data15_GSM2897334_TCGTACCGTGAGTGAC-1,0,PLX-4720
Data15_GSM2897334_TCGTACCGTTCAGTAC-1,0,PLX-4720
Data15_GSM2897334_TCGTACCTCTGGCGAC-1,0,PLX-4720
Data15_GSM2897334_TCGTAGAAGCTGTCTA-1,0,PLX-4720
Data15_GSM2897334_TCGTAGAAGTGTACTC-1,0,PLX-4720
Data15_GSM2897334_TCGTAGACAATGTAAG-1,0,PLX-4720
Data15_GSM2897334_TCGTAGACATGACATC-1,0,PLX-4720
Data15_GSM2897334_TCGTAGAGTAAGCACG-1,0,PLX-4720
Data15_GSM2897334_TCTATTGAGGGTGTTG-1,0,PLX-4720
Data15_GSM2897334_TCTATTGCAGATTGCT-1,0,PLX-4720
Data15_GSM2897334_TCTATTGTCATGTGGT-1,0,PLX-4720
Data15_GSM2897334_TCTATTGTCCAGGGCT-1,0,PLX-4720
Data15_GSM2897334_TCTCATAAGAAGATTC-1,0,PLX-4720
Data15_GSM2897334_TCTCATAAGTACACCT-1,0,PLX-4720
Data15_GSM2897334_TCTCATACACCAGGCT-1,0,PLX-4720
Data15_GSM2897334_TCTCATACAGCGTTCG-1,0,PLX-4720
Data15_GSM2897334_TCTCATAGTCCGAGTC-1,0,PLX-4720
Data15_GSM2897334_TCTCATAGTCTGATTG-1,0,PLX-4720
Data15_GSM2897334_TCTCATAGTGTTGGGA-1,0,PLX-4720
Data15_GSM2897334_TCTCATAGTTGTCGCG-1,0,PLX-4720
Data15_GSM2897334_TCTCATATCGGATGTT-1,0,PLX-4720
Data15_GSM2897334_TCTCATATCGTATCAG-1,0,PLX-4720
Data15_GSM2897334_TCTCTAAAGAACTGTA-1,0,PLX-4720
Data15_GSM2897334_TCTCTAAAGGGAAACA-1,0,PLX-4720
Data15_GSM2897334_TCTCTAAGTCGTGGCT-1,0,PLX-4720
Data15_GSM2897334_TCTCTAAGTCTAACGT-1,0,PLX-4720
Data15_GSM2897334_TCTCTAAGTTAGGGTG-1,0,PLX-4720
Data15_GSM2897334_TCTGAGAAGTACGTAA-1,0,PLX-4720
Data15_GSM2897334_TCTGAGAAGTCGTTTG-1,0,PLX-4720
Data15_GSM2897334_TCTGAGACACGTGAGA-1,0,PLX-4720
Data15_GSM2897334_TCTGAGACATACAGCT-1,0,PLX-4720
Data15_GSM2897334_TCTGAGAGTTATGTGC-1,0,PLX-4720
Data15_GSM2897334_TCTGAGATCCATTCTA-1,0,PLX-4720
Data15_GSM2897334_TCTGAGATCTAGCACA-1,0,PLX-4720
Data15_GSM2897334_TCTGGAAAGTTAGCGG-1,0,PLX-4720
Data15_GSM2897334_TCTGGAACAATAAGCA-1,0,PLX-4720
Data15_GSM2897334_TCTGGAACAATCACAC-1,0,PLX-4720
Data15_GSM2897334_TCTGGAAGTAACGTTC-1,0,PLX-4720
Data15_GSM2897334_TCTGGAAGTGTGCGTC-1,0,PLX-4720
Data15_GSM2897334_TCTGGAAGTTCAGTAC-1,0,PLX-4720
Data15_GSM2897334_TCTGGAATCAGAGACG-1,0,PLX-4720
Data15_GSM2897334_TCTTCGGAGGGTCTCC-1,0,PLX-4720
Data15_GSM2897334_TCTTCGGGTAGCCTAT-1,0,PLX-4720
Data15_GSM2897334_TCTTCGGGTGCTGTAT-1,0,PLX-4720
Data15_GSM2897334_TCTTCGGGTGGTCCGT-1,0,PLX-4720
Data15_GSM2897334_TCTTCGGGTTATCCGA-1,0,PLX-4720
Data15_GSM2897334_TCTTCGGTCAGATAAG-1,0,PLX-4720
Data15_GSM2897334_TCTTCGGTCCCATTAT-1,0,PLX-4720
Data15_GSM2897334_TCTTTCCAGAAGGCCT-1,0,PLX-4720
Data15_GSM2897334_TCTTTCCAGCTACCTA-1,0,PLX-4720
Data15_GSM2897334_TCTTTCCAGGCCCTCA-1,0,PLX-4720
Data15_GSM2897334_TCTTTCCAGGTCGGAT-1,0,PLX-4720
Data15_GSM2897334_TCTTTCCAGGTGCACA-1,0,PLX-4720
Data15_GSM2897334_TCTTTCCCAGCTCGCA-1,0,PLX-4720
Data15_GSM2897334_TCTTTCCCAGGGCATA-1,0,PLX-4720
Data15_GSM2897334_TCTTTCCGTACGCACC-1,0,PLX-4720
Data15_GSM2897334_TCTTTCCTCAACCATG-1,0,PLX-4720
Data15_GSM2897334_TCTTTCCTCACCTCGT-1,0,PLX-4720
Data15_GSM2897334_TGAAAGAAGACCACGA-1,0,PLX-4720
Data15_GSM2897334_TGAAAGAAGCCTCGTG-1,0,PLX-4720
Data15_GSM2897334_TGAAAGAAGTAATCCC-1,0,PLX-4720
Data15_GSM2897334_TGAAAGACATTACGAC-1,0,PLX-4720
Data15_GSM2897334_TGAAAGAGTACTTGAC-1,0,PLX-4720
Data15_GSM2897334_TGAAAGAGTATAATGG-1,0,PLX-4720
Data15_GSM2897334_TGAAAGAGTGGCAAAC-1,0,PLX-4720
Data15_GSM2897334_TGAAAGAGTTTGTTGG-1,0,PLX-4720
Data15_GSM2897334_TGAAAGATCTTATCTG-1,0,PLX-4720
Data15_GSM2897334_TGACAACCACATGTGT-1,0,PLX-4720
Data15_GSM2897334_TGACAACCAGGGCATA-1,0,PLX-4720
Data15_GSM2897334_TGACAACGTCACTTCC-1,0,PLX-4720
Data15_GSM2897334_TGACAACGTGAACCTT-1,0,PLX-4720
Data15_GSM2897334_TGACGGCAGTCTCGGC-1,0,PLX-4720
Data15_GSM2897334_TGACGGCCAGCTATTG-1,0,PLX-4720
Data15_GSM2897334_TGACGGCCAGCTGTTA-1,0,PLX-4720
Data15_GSM2897334_TGACGGCTCAGCTTAG-1,0,PLX-4720
Data15_GSM2897334_TGACTAGAGCAAATCA-1,0,PLX-4720
Data15_GSM2897334_TGACTAGCAATAGCGG-1,0,PLX-4720
Data15_GSM2897334_TGACTAGCACAGGTTT-1,0,PLX-4720
Data15_GSM2897334_TGACTAGCACGACGAA-1,0,PLX-4720
Data15_GSM2897334_TGACTAGCACGCTTTC-1,0,PLX-4720
Data15_GSM2897334_TGACTAGCAGACAAAT-1,0,PLX-4720
Data15_GSM2897334_TGACTAGGTATCACCA-1,0,PLX-4720
Data15_GSM2897334_TGACTAGGTCAAGCGA-1,0,PLX-4720
Data15_GSM2897334_TGACTAGGTTCTGTTT-1,0,PLX-4720
Data15_GSM2897334_TGACTAGTCACATACG-1,0,PLX-4720
Data15_GSM2897334_TGACTAGTCATGTAGC-1,0,PLX-4720
Data15_GSM2897334_TGACTAGTCTAACTTC-1,0,PLX-4720
Data15_GSM2897334_TGACTTTAGACTAAGT-1,0,PLX-4720
Data15_GSM2897334_TGACTTTCAAGGACAC-1,0,PLX-4720
Data15_GSM2897334_TGACTTTCACCTATCC-1,0,PLX-4720
Data15_GSM2897334_TGACTTTGTGAAAGAG-1,0,PLX-4720
Data15_GSM2897334_TGACTTTGTTAAGGGC-1,0,PLX-4720
Data15_GSM2897334_TGACTTTGTTCAGGCC-1,0,PLX-4720
Data15_GSM2897334_TGACTTTTCAGAAATG-1,0,PLX-4720
Data15_GSM2897334_TGACTTTTCCGTCAAA-1,0,PLX-4720
Data15_GSM2897334_TGAGAGGAGTCGTACT-1,0,PLX-4720
Data15_GSM2897334_TGAGAGGCATTAGGCT-1,0,PLX-4720
Data15_GSM2897334_TGAGAGGGTATCGCAT-1,0,PLX-4720
Data15_GSM2897334_TGAGAGGGTCAGTGGA-1,0,PLX-4720
Data15_GSM2897334_TGAGAGGGTTAAGAAC-1,0,PLX-4720
Data15_GSM2897334_TGAGAGGTCACCGGGT-1,0,PLX-4720
Data15_GSM2897334_TGAGAGGTCAGCGACC-1,0,PLX-4720
Data15_GSM2897334_TGAGCATAGATATGCA-1,0,PLX-4720
Data15_GSM2897334_TGAGCATAGGTAGCCA-1,0,PLX-4720
Data15_GSM2897334_TGAGCATAGGTGCACA-1,0,PLX-4720
Data15_GSM2897334_TGAGCATTCTAACTTC-1,0,PLX-4720
Data15_GSM2897334_TGAGCATTCTGTCAAG-1,0,PLX-4720
Data15_GSM2897334_TGAGCCGAGCACGCCT-1,0,PLX-4720
Data15_GSM2897334_TGAGCCGCAGACGCAA-1,0,PLX-4720
Data15_GSM2897334_TGAGCCGCAGCCAGAA-1,0,PLX-4720
Data15_GSM2897334_TGAGCCGCAGCGTTCG-1,0,PLX-4720
Data15_GSM2897334_TGAGCCGCAGTACACT-1,0,PLX-4720
Data15_GSM2897334_TGAGCCGGTTACCAGT-1,0,PLX-4720
Data15_GSM2897334_TGAGCCGGTTCGCGAC-1,0,PLX-4720
Data15_GSM2897334_TGAGCCGTCTTGCCGT-1,0,PLX-4720
Data15_GSM2897334_TGAGGGAAGATGTCGG-1,0,PLX-4720
Data15_GSM2897334_TGAGGGAAGGCACATG-1,0,PLX-4720
Data15_GSM2897334_TGAGGGAAGGCGATAC-1,0,PLX-4720
Data15_GSM2897334_TGAGGGAAGTCTCGGC-1,0,PLX-4720
Data15_GSM2897334_TGAGGGACAGTATCTG-1,0,PLX-4720
Data15_GSM2897334_TGAGGGAGTATCACCA-1,0,PLX-4720
Data15_GSM2897334_TGAGGGAGTGAGGCTA-1,0,PLX-4720
Data15_GSM2897334_TGAGGGATCCATGAGT-1,0,PLX-4720
Data15_GSM2897334_TGAGGGATCTTGAGAC-1,0,PLX-4720
Data15_GSM2897334_TGATTTCCACGGTAGA-1,0,PLX-4720
Data15_GSM2897334_TGATTTCGTCGCTTCT-1,0,PLX-4720
Data15_GSM2897334_TGATTTCGTGAGTATA-1,0,PLX-4720
Data15_GSM2897334_TGATTTCTCACATACG-1,0,PLX-4720
Data15_GSM2897334_TGCACCTGTGAAGGCT-1,0,PLX-4720
Data15_GSM2897334_TGCACCTGTGCTCTTC-1,0,PLX-4720
Data15_GSM2897334_TGCACCTGTTCAACCA-1,0,PLX-4720
Data15_GSM2897334_TGCCAAAAGAGTTGGC-1,0,PLX-4720
Data15_GSM2897334_TGCCAAAAGCCACTAT-1,0,PLX-4720
Data15_GSM2897334_TGCCAAAAGCCGTCGT-1,0,PLX-4720
Data15_GSM2897334_TGCCAAAAGTTGCAGG-1,0,PLX-4720
Data15_GSM2897334_TGCCAAACAGCCTGTG-1,0,PLX-4720
Data15_GSM2897334_TGCCAAACATCGATGT-1,0,PLX-4720
Data15_GSM2897334_TGCCAAACATTTGCCC-1,0,PLX-4720
Data15_GSM2897334_TGCCAAAGTATCGCAT-1,0,PLX-4720
Data15_GSM2897334_TGCCAAAGTGTATGGG-1,0,PLX-4720
Data15_GSM2897334_TGCCAAATCGGTGTCG-1,0,PLX-4720
Data15_GSM2897334_TGCCCATAGGACGAAA-1,0,PLX-4720
Data15_GSM2897334_TGCCCATAGTACGTTC-1,0,PLX-4720
Data15_GSM2897334_TGCCCATCAAAGCAAT-1,0,PLX-4720
Data15_GSM2897334_TGCCCATGTAAGGGAA-1,0,PLX-4720
Data15_GSM2897334_TGCCCATGTCAGCTAT-1,0,PLX-4720
Data15_GSM2897334_TGCCCATGTCGCCATG-1,0,PLX-4720
Data15_GSM2897334_TGCCCATGTCTCTCTG-1,0,PLX-4720
Data15_GSM2897334_TGCCCATGTTCCCGAG-1,0,PLX-4720
Data15_GSM2897334_TGCCCATTCCGCATCT-1,0,PLX-4720
Data15_GSM2897334_TGCCCTAAGCCGGTAA-1,0,PLX-4720
Data15_GSM2897334_TGCCCTAAGGGCTCTC-1,0,PLX-4720
Data15_GSM2897334_TGCCCTACAAATCCGT-1,0,PLX-4720
Data15_GSM2897334_TGCCCTACATAAAGGT-1,0,PLX-4720
Data15_GSM2897334_TGCCCTAGTGACAAAT-1,0,PLX-4720
Data15_GSM2897334_TGCCCTAGTTGGAGGT-1,0,PLX-4720
Data15_GSM2897334_TGCCCTATCACGATGT-1,0,PLX-4720
Data15_GSM2897334_TGCCCTATCCTCGCAT-1,0,PLX-4720
Data15_GSM2897334_TGCCCTATCTTGGGTA-1,0,PLX-4720
Data15_GSM2897334_TGCGCAGAGTTGTAGA-1,0,PLX-4720
Data15_GSM2897334_TGCGCAGCAAGTCTAC-1,0,PLX-4720
Data15_GSM2897334_TGCGCAGCACCGAATT-1,0,PLX-4720
Data15_GSM2897334_TGCGCAGGTACACCGC-1,0,PLX-4720
Data15_GSM2897334_TGCGCAGGTTCCAACA-1,0,PLX-4720
Data15_GSM2897334_TGCGCAGTCAACGGGA-1,0,PLX-4720
Data15_GSM2897334_TGCGGGTAGACTTTCG-1,0,PLX-4720
Data15_GSM2897334_TGCGGGTAGAGGTTAT-1,0,PLX-4720
Data15_GSM2897334_TGCGGGTAGAGTACCG-1,0,PLX-4720
Data15_GSM2897334_TGCGGGTAGCGTTCCG-1,0,PLX-4720
Data15_GSM2897334_TGCGGGTAGCTCCCAG-1,0,PLX-4720
Data15_GSM2897334_TGCGGGTAGTACGACG-1,0,PLX-4720
Data15_GSM2897334_TGCGGGTAGTGACATA-1,0,PLX-4720
Data15_GSM2897334_TGCGGGTCAACACGCC-1,0,PLX-4720
Data15_GSM2897334_TGCGGGTGTAGCGTCC-1,0,PLX-4720
Data15_GSM2897334_TGCGGGTGTCGCATAT-1,0,PLX-4720
Data15_GSM2897334_TGCGGGTGTTTGGCGC-1,0,PLX-4720
Data15_GSM2897334_TGCGGGTTCAAGGTAA-1,0,PLX-4720
Data15_GSM2897334_TGCGGGTTCTAACTTC-1,0,PLX-4720
Data15_GSM2897334_TGCGTGGAGCACCGTC-1,0,PLX-4720
Data15_GSM2897334_TGCGTGGAGCCCAATT-1,0,PLX-4720
Data15_GSM2897334_TGCGTGGAGCTGGAAC-1,0,PLX-4720
Data15_GSM2897334_TGCGTGGGTGAAGGCT-1,0,PLX-4720
Data15_GSM2897334_TGCGTGGTCATCACCC-1,0,PLX-4720
Data15_GSM2897334_TGCGTGGTCTAACTTC-1,0,PLX-4720
Data15_GSM2897334_TGCTACCCACCGATAT-1,0,PLX-4720
Data15_GSM2897334_TGCTACCGTTCTGGTA-1,0,PLX-4720
Data15_GSM2897334_TGCTGCTAGGTACTCT-1,0,PLX-4720
Data15_GSM2897334_TGCTGCTCAAGACACG-1,0,PLX-4720
Data15_GSM2897334_TGCTGCTCATCGGGTC-1,0,PLX-4720
Data15_GSM2897334_TGCTGCTCATTGTGCA-1,0,PLX-4720
Data15_GSM2897334_TGCTGCTGTATGCTTG-1,0,PLX-4720
Data15_GSM2897334_TGCTGCTGTCCGTGAC-1,0,PLX-4720
Data15_GSM2897334_TGCTGCTTCTACTCAT-1,0,PLX-4720
Data15_GSM2897334_TGCTGCTTCTTCAACT-1,0,PLX-4720
Data15_GSM2897334_TGGACGCAGACTGTAA-1,0,PLX-4720
Data15_GSM2897334_TGGACGCAGCCAGAAC-1,0,PLX-4720
Data15_GSM2897334_TGGACGCAGCCATCGC-1,0,PLX-4720
Data15_GSM2897334_TGGACGCGTCATCGGC-1,0,PLX-4720
Data15_GSM2897334_TGGACGCGTCGTCTTC-1,0,PLX-4720
Data15_GSM2897334_TGGCCAGAGCACGCCT-1,0,PLX-4720
Data15_GSM2897334_TGGCCAGAGGGTTCCC-1,0,PLX-4720
Data15_GSM2897334_TGGCCAGAGTTACCCA-1,0,PLX-4720
Data15_GSM2897334_TGGCCAGCACAGCCCA-1,0,PLX-4720
Data15_GSM2897334_TGGCCAGGTACATCCA-1,0,PLX-4720
Data15_GSM2897334_TGGCCAGGTGCACTTA-1,0,PLX-4720
Data15_GSM2897334_TGGCCAGGTTGGTGGA-1,0,PLX-4720
Data15_GSM2897334_TGGCCAGTCTCTTATG-1,0,PLX-4720
Data15_GSM2897334_TGGCGCAAGCACACAG-1,0,PLX-4720
Data15_GSM2897334_TGGCGCACAGGCTCAC-1,0,PLX-4720
Data15_GSM2897334_TGGCGCAGTAGAGGAA-1,0,PLX-4720
Data15_GSM2897334_TGGCTGGAGCACACAG-1,0,PLX-4720
Data15_GSM2897334_TGGCTGGAGCATCATC-1,0,PLX-4720
Data15_GSM2897334_TGGCTGGCAAAGCGGT-1,0,PLX-4720
Data15_GSM2897334_TGGCTGGCACCCATTC-1,0,PLX-4720
Data15_GSM2897334_TGGCTGGGTGAGGCTA-1,0,PLX-4720
Data15_GSM2897334_TGGCTGGGTTTCCACC-1,0,PLX-4720
Data15_GSM2897334_TGGGAAGCAGGTGGAT-1,0,PLX-4720
Data15_GSM2897334_TGGGAAGGTAACGTTC-1,0,PLX-4720
Data15_GSM2897334_TGGGAAGGTACACCGC-1,0,PLX-4720
Data15_GSM2897334_TGGGAAGGTAGGACAC-1,0,PLX-4720
Data15_GSM2897334_TGGGAAGGTCGTGGCT-1,0,PLX-4720
Data15_GSM2897334_TGGGAAGGTTACAGAA-1,0,PLX-4720
Data15_GSM2897334_TGGGAAGTCATACGGT-1,0,PLX-4720
Data15_GSM2897334_TGGGAAGTCCCGACTT-1,0,PLX-4720
Data15_GSM2897334_TGGGCGTCACGCATCG-1,0,PLX-4720
Data15_GSM2897334_TGGGCGTCACTGTCGG-1,0,PLX-4720
Data15_GSM2897334_TGGGCGTTCACATACG-1,0,PLX-4720
Data15_GSM2897334_TGGGCGTTCACCCGAG-1,0,PLX-4720
Data15_GSM2897334_TGGGCGTTCCCTAACC-1,0,PLX-4720
Data15_GSM2897334_TGGGCGTTCTGCGGCA-1,0,PLX-4720
Data15_GSM2897334_TGGTTAGAGCACCGCT-1,0,PLX-4720
Data15_GSM2897334_TGGTTAGAGCTAGGCA-1,0,PLX-4720
Data15_GSM2897334_TGGTTAGCAGGACCCT-1,0,PLX-4720
Data15_GSM2897334_TGGTTAGGTGAGTGAC-1,0,PLX-4720
Data15_GSM2897334_TGGTTCCAGACTAGAT-1,0,PLX-4720
Data15_GSM2897334_TGGTTCCAGTCACGCC-1,0,PLX-4720
Data15_GSM2897334_TGGTTCCCACCGGAAA-1,0,PLX-4720
Data15_GSM2897334_TGGTTCCGTAATCGTC-1,0,PLX-4720
Data15_GSM2897334_TGGTTCCGTCGAATCT-1,0,PLX-4720
Data15_GSM2897334_TGGTTCCTCAAAGTAG-1,0,PLX-4720
Data15_GSM2897334_TGGTTCCTCTGTCTCG-1,0,PLX-4720
Data15_GSM2897334_TGTATTCAGACGACGT-1,0,PLX-4720
Data15_GSM2897334_TGTATTCAGTGTTAGA-1,0,PLX-4720
Data15_GSM2897334_TGTATTCCAATCGGTT-1,0,PLX-4720
Data15_GSM2897334_TGTATTCCAATTCCTT-1,0,PLX-4720
Data15_GSM2897334_TGTATTCCACGGCGTT-1,0,PLX-4720
Data15_GSM2897334_TGTATTCGTAAATGTG-1,0,PLX-4720
Data15_GSM2897334_TGTATTCGTCAAGCGA-1,0,PLX-4720
Data15_GSM2897334_TGTATTCGTCTAGTGT-1,0,PLX-4720
Data15_GSM2897334_TGTATTCTCCCTCAGT-1,0,PLX-4720
Data15_GSM2897334_TGTATTCTCTTGGGTA-1,0,PLX-4720
Data15_GSM2897334_TGTCCCAAGAATAGGG-1,0,PLX-4720
Data15_GSM2897334_TGTCCCAAGACTTTCG-1,0,PLX-4720
Data15_GSM2897334_TGTCCCAAGGCCGAAT-1,0,PLX-4720
Data15_GSM2897334_TGTCCCACACAACTGT-1,0,PLX-4720
Data15_GSM2897334_TGTCCCATCATGTAGC-1,0,PLX-4720
Data15_GSM2897334_TGTCCCATCGGAAATA-1,0,PLX-4720
Data15_GSM2897334_TGTGGTACAATGTAAG-1,0,PLX-4720
Data15_GSM2897334_TGTGGTACAGTAAGCG-1,0,PLX-4720
Data15_GSM2897334_TGTGGTACAGTTAACC-1,0,PLX-4720
Data15_GSM2897334_TGTGGTACATGCCTAA-1,0,PLX-4720
Data15_GSM2897334_TGTGGTAGTTGCGCAC-1,0,PLX-4720
Data15_GSM2897334_TGTGTTTAGAATGTGT-1,0,PLX-4720
Data15_GSM2897334_TGTGTTTAGGATCGCA-1,0,PLX-4720
Data15_GSM2897334_TGTGTTTAGTCTCGGC-1,0,PLX-4720
Data15_GSM2897334_TGTGTTTCAACTTGAC-1,0,PLX-4720
Data15_GSM2897334_TGTGTTTCAATGAAAC-1,0,PLX-4720
Data15_GSM2897334_TGTGTTTCAATGGATA-1,0,PLX-4720
Data15_GSM2897334_TGTGTTTCACCGAATT-1,0,PLX-4720
Data15_GSM2897334_TGTGTTTCACTGCCAG-1,0,PLX-4720
Data15_GSM2897334_TGTGTTTGTCTAAAGA-1,0,PLX-4720
Data15_GSM2897334_TGTGTTTGTGCGAAAC-1,0,PLX-4720
Data15_GSM2897334_TGTGTTTGTTCGAATC-1,0,PLX-4720
Data15_GSM2897334_TGTGTTTGTTGTACAC-1,0,PLX-4720
Data15_GSM2897334_TGTGTTTTCAACACTG-1,0,PLX-4720
Data15_GSM2897334_TGTGTTTTCACGACTA-1,0,PLX-4720
Data15_GSM2897334_TGTGTTTTCGAGCCCA-1,0,PLX-4720
Data15_GSM2897334_TGTGTTTTCGCGTTTC-1,0,PLX-4720
Data15_GSM2897334_TGTTCCGAGCTAACTC-1,0,PLX-4720
Data15_GSM2897334_TGTTCCGCAAGCCTAT-1,0,PLX-4720
Data15_GSM2897334_TGTTCCGCATGTTGAC-1,0,PLX-4720
Data15_GSM2897334_TGTTCCGGTAAGGGAA-1,0,PLX-4720
Data15_GSM2897334_TGTTCCGGTTGTGGAG-1,0,PLX-4720
Data15_GSM2897334_TGTTCCGTCCGTACAA-1,0,PLX-4720
Data15_GSM2897334_TGTTCCGTCTCCTATA-1,0,PLX-4720
Data15_GSM2897334_TTAACTCAGAGCTGCA-1,0,PLX-4720
Data15_GSM2897334_TTAACTCAGAGGACGG-1,0,PLX-4720
Data15_GSM2897334_TTAACTCAGCATGGCA-1,0,PLX-4720
Data15_GSM2897334_TTAACTCAGGCGATAC-1,0,PLX-4720
Data15_GSM2897334_TTAACTCAGGGTTCCC-1,0,PLX-4720
Data15_GSM2897334_TTAACTCAGTAGTGCG-1,0,PLX-4720
Data15_GSM2897334_TTAACTCTCTACTTAC-1,0,PLX-4720
Data15_GSM2897334_TTAGGACAGGTACTCT-1,0,PLX-4720
Data15_GSM2897334_TTAGGACAGTTCGCAT-1,0,PLX-4720
Data15_GSM2897334_TTAGGACGTCGGCACT-1,0,PLX-4720
Data15_GSM2897334_TTAGGACTCATCTGTT-1,0,PLX-4720
Data15_GSM2897334_TTAGGCAAGACCACGA-1,0,PLX-4720
Data15_GSM2897334_TTAGGCACACGGATAG-1,0,PLX-4720
Data15_GSM2897334_TTAGGCAGTCTCTCTG-1,0,PLX-4720
Data15_GSM2897334_TTAGGCAGTCTTCTCG-1,0,PLX-4720
Data15_GSM2897334_TTAGGCATCACAGGCC-1,0,PLX-4720
Data15_GSM2897334_TTAGGCATCACTCCTG-1,0,PLX-4720
Data15_GSM2897334_TTAGGCATCCGTTGTC-1,0,PLX-4720
Data15_GSM2897334_TTAGTTCAGTAGTGCG-1,0,PLX-4720
Data15_GSM2897334_TTAGTTCCAGACGCTC-1,0,PLX-4720
Data15_GSM2897334_TTAGTTCGTCCTCTTG-1,0,PLX-4720
Data15_GSM2897334_TTAGTTCGTTACCAGT-1,0,PLX-4720
Data15_GSM2897334_TTAGTTCGTTCAGACT-1,0,PLX-4720
Data15_GSM2897334_TTAGTTCTCTAACTTC-1,0,PLX-4720
Data15_GSM2897334_TTATGCTAGCGTAATA-1,0,PLX-4720
Data15_GSM2897334_TTATGCTAGCGTCTAT-1,0,PLX-4720
Data15_GSM2897334_TTATGCTAGGTGCTAG-1,0,PLX-4720
Data15_GSM2897334_TTATGCTAGTAGCGGT-1,0,PLX-4720
Data15_GSM2897334_TTATGCTCACCCAGTG-1,0,PLX-4720
Data15_GSM2897334_TTATGCTCAGTATGCT-1,0,PLX-4720
Data15_GSM2897334_TTATGCTGTACTCGCG-1,0,PLX-4720
Data15_GSM2897334_TTATGCTGTAGCGCAA-1,0,PLX-4720
Data15_GSM2897334_TTATGCTGTCCTAGCG-1,0,PLX-4720
Data15_GSM2897334_TTATGCTGTCGGCATC-1,0,PLX-4720
Data15_GSM2897334_TTATGCTTCAACGAAA-1,0,PLX-4720
Data15_GSM2897334_TTATGCTTCAATCTCT-1,0,PLX-4720
Data15_GSM2897334_TTCCCAGAGGAATGGA-1,0,PLX-4720
Data15_GSM2897334_TTCCCAGCAGCCTATA-1,0,PLX-4720
Data15_GSM2897334_TTCCCAGCATAGTAAG-1,0,PLX-4720
Data15_GSM2897334_TTCCCAGTCATCATTC-1,0,PLX-4720
Data15_GSM2897334_TTCCCAGTCGGTCTAA-1,0,PLX-4720
Data15_GSM2897334_TTCCCAGTCTGTCCGT-1,0,PLX-4720
Data15_GSM2897334_TTCGAAGAGATGTTAG-1,0,PLX-4720
Data15_GSM2897334_TTCGAAGAGCAACGGT-1,0,PLX-4720
Data15_GSM2897334_TTCGAAGAGCGCTCCA-1,0,PLX-4720
Data15_GSM2897334_TTCGAAGAGTGGAGAA-1,0,PLX-4720
Data15_GSM2897334_TTCGAAGCACGGACAA-1,0,PLX-4720
Data15_GSM2897334_TTCGAAGCAGTGACAG-1,0,PLX-4720
Data15_GSM2897334_TTCGAAGGTACCGAGA-1,0,PLX-4720
Data15_GSM2897334_TTCGAAGGTCTGGTCG-1,0,PLX-4720
Data15_GSM2897334_TTCGAAGTCTTGTCAT-1,0,PLX-4720
Data15_GSM2897334_TTCGGTCAGATGCCAG-1,0,PLX-4720
Data15_GSM2897334_TTCGGTCCAGCTATTG-1,0,PLX-4720
Data15_GSM2897334_TTCGGTCGTTTGACAC-1,0,PLX-4720
Data15_GSM2897334_TTCGGTCTCTACTTAC-1,0,PLX-4720
Data15_GSM2897334_TTCTACACACCAACCG-1,0,PLX-4720
Data15_GSM2897334_TTCTACACATAGAAAC-1,0,PLX-4720
Data15_GSM2897334_TTCTACAGTCCCTACT-1,0,PLX-4720
Data15_GSM2897334_TTCTACATCGGAAACG-1,0,PLX-4720
Data15_GSM2897334_TTCTACATCGTCCAGG-1,0,PLX-4720
Data15_GSM2897334_TTCTCAAAGCCGTCGT-1,0,PLX-4720
Data15_GSM2897334_TTCTCAAAGTGTGGCA-1,0,PLX-4720
Data15_GSM2897334_TTCTCAACAAAGGCGT-1,0,PLX-4720
Data15_GSM2897334_TTCTCAACAATAGAGT-1,0,PLX-4720
Data15_GSM2897334_TTCTCAAGTAAGGGAA-1,0,PLX-4720
Data15_GSM2897334_TTCTCAAGTTCCATGA-1,0,PLX-4720
Data15_GSM2897334_TTCTCAATCAGGTTCA-1,0,PLX-4720
Data15_GSM2897334_TTCTCCTAGCTACCTA-1,0,PLX-4720
Data15_GSM2897334_TTCTCCTCATTCGACA-1,0,PLX-4720
Data15_GSM2897334_TTCTCCTGTGCACGAA-1,0,PLX-4720
Data15_GSM2897334_TTCTCCTTCCAAACAC-1,0,PLX-4720
Data15_GSM2897334_TTCTTAGCATTATCTC-1,0,PLX-4720
Data15_GSM2897334_TTCTTAGGTTCACGGC-1,0,PLX-4720
Data15_GSM2897334_TTCTTAGGTTTACTCT-1,0,PLX-4720
Data15_GSM2897334_TTCTTAGTCGGCATCG-1,0,PLX-4720
Data15_GSM2897334_TTCTTAGTCTCATTCA-1,0,PLX-4720
Data15_GSM2897334_TTGAACGAGAAGCCCA-1,0,PLX-4720
Data15_GSM2897334_TTGAACGAGACACTAA-1,0,PLX-4720
Data15_GSM2897334_TTGAACGAGACCCACC-1,0,PLX-4720
Data15_GSM2897334_TTGAACGAGAGTAAGG-1,0,PLX-4720
Data15_GSM2897334_TTGACTTAGTAGATGT-1,0,PLX-4720
Data15_GSM2897334_TTGACTTGTCTCCCTA-1,0,PLX-4720
Data15_GSM2897334_TTGACTTGTTGAGTTC-1,0,PLX-4720
Data15_GSM2897334_TTGACTTTCAAAGACA-1,0,PLX-4720
Data15_GSM2897334_TTGCCGTAGAGTGACC-1,0,PLX-4720
Data15_GSM2897334_TTGCCGTGTACAGTGG-1,0,PLX-4720
Data15_GSM2897334_TTGCGTCAGGTTCCTA-1,0,PLX-4720
Data15_GSM2897334_TTGCGTCCACCAGGTC-1,0,PLX-4720
Data15_GSM2897334_TTGCGTCCACTCTGTC-1,0,PLX-4720
Data15_GSM2897334_TTGCGTCCAGTTCCCT-1,0,PLX-4720
Data15_GSM2897334_TTGCGTCTCATCACCC-1,0,PLX-4720
Data15_GSM2897334_TTGGAACAGAACAACT-1,0,PLX-4720
Data15_GSM2897334_TTGGAACAGCAAATCA-1,0,PLX-4720
Data15_GSM2897334_TTGGAACAGTACCGGA-1,0,PLX-4720
Data15_GSM2897334_TTGGAACCAGGTTTCA-1,0,PLX-4720
Data15_GSM2897334_TTGGAACGTCTGATCA-1,0,PLX-4720
Data15_GSM2897334_TTGGAACGTTGATTGC-1,0,PLX-4720
Data15_GSM2897334_TTGGAACTCACCATAG-1,0,PLX-4720
Data15_GSM2897334_TTGGAACTCAGAGGTG-1,0,PLX-4720
Data15_GSM2897334_TTGGAACTCATCGGAT-1,0,PLX-4720
Data15_GSM2897334_TTGGAACTCTACCTGC-1,0,PLX-4720
Data15_GSM2897334_TTGGCAAAGAAGGACA-1,0,PLX-4720
Data15_GSM2897334_TTGGCAAAGAGCTTCT-1,0,PLX-4720
Data15_GSM2897334_TTGGCAAAGGCTAGAC-1,0,PLX-4720
Data15_GSM2897334_TTGGCAAAGGCTAGGT-1,0,PLX-4720
Data15_GSM2897334_TTGGCAAAGTGGAGAA-1,0,PLX-4720
Data15_GSM2897334_TTGGCAACAAGTTGTC-1,0,PLX-4720
Data15_GSM2897334_TTGGCAACATTGGGCC-1,0,PLX-4720
Data15_GSM2897334_TTGGCAAGTAGCAAAT-1,0,PLX-4720
Data15_GSM2897334_TTGGCAATCAACCATG-1,0,PLX-4720
Data15_GSM2897334_TTGGCAATCCTTCAAT-1,0,PLX-4720
Data15_GSM2897334_TTGGCAATCGCTTAGA-1,0,PLX-4720
Data15_GSM2897334_TTGGCAATCTGTTGAG-1,0,PLX-4720
Data15_GSM2897334_TTGTAGGAGAAACGCC-1,0,PLX-4720
Data15_GSM2897334_TTGTAGGAGAAGGCCT-1,0,PLX-4720
Data15_GSM2897334_TTGTAGGCAATGGAAT-1,0,PLX-4720
Data15_GSM2897334_TTGTAGGCACATGGGA-1,0,PLX-4720
Data15_GSM2897334_TTGTAGGTCGCCTGAG-1,0,PLX-4720
Data15_GSM2897334_TTTACTGAGAGTCGGT-1,0,PLX-4720
Data15_GSM2897334_TTTACTGAGGATGGAA-1,0,PLX-4720
Data15_GSM2897334_TTTACTGAGGATGGTC-1,0,PLX-4720
Data15_GSM2897334_TTTACTGCACAGGTTT-1,0,PLX-4720
Data15_GSM2897334_TTTACTGGTAGGGACT-1,0,PLX-4720
Data15_GSM2897334_TTTACTGTCAAGCCTA-1,0,PLX-4720
Data15_GSM2897334_TTTACTGTCACGATGT-1,0,PLX-4720
Data15_GSM2897334_TTTACTGTCCGCGCAA-1,0,PLX-4720
Data15_GSM2897334_TTTACTGTCGAGCCCA-1,0,PLX-4720
Data15_GSM2897334_TTTATGCAGACTGTAA-1,0,PLX-4720
Data15_GSM2897334_TTTATGCAGAGCTGCA-1,0,PLX-4720
Data15_GSM2897334_TTTATGCAGTTACGGG-1,0,PLX-4720
Data15_GSM2897334_TTTATGCCAAACTGTC-1,0,PLX-4720
Data15_GSM2897334_TTTATGCCAAAGGAAG-1,0,PLX-4720
Data15_GSM2897334_TTTATGCCACACCGCA-1,0,PLX-4720
Data15_GSM2897334_TTTATGCGTAGCAAAT-1,0,PLX-4720
Data15_GSM2897334_TTTATGCGTCAACATC-1,0,PLX-4720
Data15_GSM2897334_TTTATGCTCAGCCTAA-1,0,PLX-4720
Data15_GSM2897334_TTTCCTCAGATGGGTC-1,0,PLX-4720
Data15_GSM2897334_TTTCCTCCAGTCGTGC-1,0,PLX-4720
Data15_GSM2897334_TTTCCTCCATCCCACT-1,0,PLX-4720
Data15_GSM2897334_TTTCCTCGTCAGGACA-1,0,PLX-4720
Data15_GSM2897334_TTTCCTCGTTAAGATG-1,0,PLX-4720
Data15_GSM2897334_TTTCCTCTCACCTTAT-1,0,PLX-4720
Data15_GSM2897334_TTTCCTCTCATGTCCC-1,0,PLX-4720
Data15_GSM2897334_TTTCCTCTCCTCATTA-1,0,PLX-4720
Data15_GSM2897334_TTTCCTCTCGCTTAGA-1,0,PLX-4720
Data15_GSM2897334_TTTGCGCAGAGACTTA-1,0,PLX-4720
Data15_GSM2897334_TTTGCGCAGTTACCCA-1,0,PLX-4720
Data15_GSM2897334_TTTGCGCCAATAGCAA-1,0,PLX-4720
Data15_GSM2897334_TTTGCGCGTCTAGTGT-1,0,PLX-4720
Data15_GSM2897334_TTTGCGCGTGATGATA-1,0,PLX-4720
Data15_GSM2897334_TTTGCGCGTGATGCCC-1,0,PLX-4720
Data15_GSM2897334_TTTGGTTCACCTCGTT-1,0,PLX-4720
Data15_GSM2897334_TTTGGTTCACTTAAGC-1,0,PLX-4720
Data15_GSM2897334_TTTGGTTCAGACTCGC-1,0,PLX-4720
Data15_GSM2897334_TTTGGTTCATTTGCCC-1,0,PLX-4720
Data15_GSM2897334_TTTGGTTGTCCGCTGA-1,0,PLX-4720
Data15_GSM2897334_TTTGGTTTCGCTAGCG-1,0,PLX-4720
Data15_GSM2897334_TTTGTCAAGACAATAC-1,0,PLX-4720
Data15_GSM2897334_TTTGTCAAGGTGATTA-1,0,PLX-4720
Data15_GSM2897334_TTTGTCACAATGGAAT-1,0,PLX-4720
Data15_GSM2897334_TTTGTCACACAGGAGT-1,0,PLX-4720
Data15_GSM2897334_TTTGTCACAGCGATCC-1,0,PLX-4720
Data15_GSM2897334_TTTGTCACATGGTAGG-1,0,PLX-4720
Data15_GSM2897334_TTTGTCACATTAACCG-1,0,PLX-4720
Data15_GSM2897334_TTTGTCATCAGCTTAG-1,0,PLX-4720
Data15_GSM2897334_TTTGTCATCCCTAATT-1,0,PLX-4720
Data15_GSM2897334_TTTGTCATCCGTACAA-1,0,PLX-4720
Data15_GSM2897334_TTTGTCATCGTTTGCC-1,0,PLX-4720
Data15_GSM2897334_TTTGTCATCTGCGACG-1,0,PLX-4720
Data34_GSM5022595_AAACCTGAGAAGAAGC.1,0,vemurafenib
Data34_GSM5022595_AAACCTGAGTGTTGAA.1,0,vemurafenib
Data34_GSM5022595_AAACCTGCAACGATCT.1,0,vemurafenib
Data34_GSM5022595_AAACCTGCAGGCGATA.1,0,vemurafenib
Data34_GSM5022595_AAACCTGCAGTCCTTC.1,0,vemurafenib
Data34_GSM5022595_AAACCTGCATATACGC.1,0,vemurafenib
Data34_GSM5022595_AAACCTGGTGAGCGAT.1,0,vemurafenib
Data34_GSM5022595_AAACCTGTCCGGCACA.1,0,vemurafenib
Data34_GSM5022595_AAACCTGTCGTCTGCT.1,0,vemurafenib
Data34_GSM5022595_AAACGGGCAGATGGCA.1,0,vemurafenib
Data34_GSM5022595_AAACGGGCAGGGTTAG.1,0,vemurafenib
Data34_GSM5022595_AAACGGGCAGTACACT.1,0,vemurafenib
Data34_GSM5022595_AAACGGGGTCTAACGT.1,0,vemurafenib
Data34_GSM5022595_AAACGGGGTCTCTTAT.1,0,vemurafenib
Data34_GSM5022595_AAACGGGGTTCATGGT.1,0,vemurafenib
Data34_GSM5022595_AAACGGGTCACCGTAA.1,0,vemurafenib
Data34_GSM5022595_AAACGGGTCAGTTCGA.1,0,vemurafenib
Data34_GSM5022595_AAACGGGTCCACGTTC.1,0,vemurafenib
Data34_GSM5022595_AAACGGGTCCTGCTTG.1,0,vemurafenib
Data34_GSM5022595_AAACGGGTCGCGATCG.1,0,vemurafenib
Data34_GSM5022595_AAACGGGTCGTTTATC.1,0,vemurafenib
Data34_GSM5022595_AAACGGGTCTGATACG.1,0,vemurafenib
Data34_GSM5022595_AAACGGGTCTGTCAAG.1,0,vemurafenib
Data34_GSM5022595_AAACGGGTCTTCTGGC.1,0,vemurafenib
Data34_GSM5022595_AAAGATGAGAAAGTGG.1,0,vemurafenib
Data34_GSM5022595_AAAGATGCACACGCTG.1,0,vemurafenib
Data34_GSM5022595_AAAGATGGTCATGCCG.1,0,vemurafenib
Data34_GSM5022595_AAAGATGTCAAACCGT.1,0,vemurafenib
Data34_GSM5022595_AAAGATGTCCTTAATC.1,0,vemurafenib
Data34_GSM5022595_AAAGATGTCGCCTGTT.1,0,vemurafenib
Data34_GSM5022595_AAAGATGTCGGTGTCG.1,0,vemurafenib
Data34_GSM5022595_AAAGATGTCTTCGGTC.1,0,vemurafenib
Data34_GSM5022595_AAAGCAAAGCCGTCGT.1,0,vemurafenib
Data34_GSM5022595_AAAGCAACAAATTGCC.1,0,vemurafenib
Data34_GSM5022595_AAAGCAACAATCCGAT.1,0,vemurafenib
Data34_GSM5022595_AAAGCAACAGACAGGT.1,0,vemurafenib
Data34_GSM5022595_AAAGCAACATGCTGGC.1,0,vemurafenib
Data34_GSM5022595_AAAGCAAGTAGCTGCC.1,0,vemurafenib
Data34_GSM5022595_AAAGCAAGTAGCTTGT.1,0,vemurafenib
Data34_GSM5022595_AAAGCAAGTAGGGACT.1,0,vemurafenib
Data34_GSM5022595_AAAGCAAGTATAGGGC.1,0,vemurafenib
Data34_GSM5022595_AAAGCAAGTCTTCAAG.1,0,vemurafenib
Data34_GSM5022595_AAAGCAAGTGCAACGA.1,0,vemurafenib
Data34_GSM5022595_AAAGCAAGTTCATGGT.1,0,vemurafenib
Data34_GSM5022595_AAAGCAATCAAACCAC.1,0,vemurafenib
Data34_GSM5022595_AAAGCAATCGCCTGAG.1,0,vemurafenib
Data34_GSM5022595_AAAGCAATCTTCGAGA.1,0,vemurafenib
Data34_GSM5022595_AAAGTAGAGATTACCC.1,0,vemurafenib
Data34_GSM5022595_AAAGTAGAGTCAAGCG.1,0,vemurafenib
Data34_GSM5022595_AAAGTAGCAGCCTTGG.1,0,vemurafenib
Data34_GSM5022595_AAAGTAGCATGCAATC.1,0,vemurafenib
Data34_GSM5022595_AAAGTAGCATTCTTAC.1,0,vemurafenib
Data34_GSM5022595_AAAGTAGGTCCGAAGA.1,0,vemurafenib
Data34_GSM5022595_AAAGTAGGTGTATGGG.1,0,vemurafenib
Data34_GSM5022595_AAAGTAGTCCTTTCTC.1,0,vemurafenib
Data34_GSM5022595_AAATGCCAGCCACCTG.1,0,vemurafenib
Data34_GSM5022595_AAATGCCAGGGCATGT.1,0,vemurafenib
Data34_GSM5022595_AAATGCCCAGCCTGTG.1,0,vemurafenib
Data34_GSM5022595_AAATGCCCAGGATTGG.1,0,vemurafenib
Data34_GSM5022595_AAATGCCCAGTATAAG.1,0,vemurafenib
Data34_GSM5022595_AAATGCCGTCATGCAT.1,0,vemurafenib
Data34_GSM5022595_AAATGCCGTGTAAGTA.1,0,vemurafenib
Data34_GSM5022595_AAATGCCGTTGATTGC.1,0,vemurafenib
Data34_GSM5022595_AAATGCCTCTGTCCGT.1,0,vemurafenib
Data34_GSM5022595_AACACGTAGGCATGTG.1,0,vemurafenib
Data34_GSM5022595_AACACGTAGGTCATCT.1,0,vemurafenib
Data34_GSM5022595_AACACGTAGGTGCACA.1,0,vemurafenib
Data34_GSM5022595_AACACGTCAAAGGAAG.1,0,vemurafenib
Data34_GSM5022595_AACACGTGTACATCCA.1,0,vemurafenib
Data34_GSM5022595_AACACGTGTTAAGACA.1,0,vemurafenib
Data34_GSM5022595_AACACGTTCATCTGTT.1,0,vemurafenib
Data34_GSM5022595_AACACGTTCTGAGTGT.1,0,vemurafenib
Data34_GSM5022595_AACACGTTCTTAGAGC.1,0,vemurafenib
Data34_GSM5022595_AACCATGCAATGACCT.1,0,vemurafenib
Data34_GSM5022595_AACCATGGTACAAGTA.1,0,vemurafenib
Data34_GSM5022595_AACCATGGTACAGCAG.1,0,vemurafenib
Data34_GSM5022595_AACCATGGTCTAGCCG.1,0,vemurafenib
Data34_GSM5022595_AACCATGTCAAGGTAA.1,0,vemurafenib
Data34_GSM5022595_AACCATGTCAGGTAAA.1,0,vemurafenib
Data34_GSM5022595_AACCATGTCATGCTCC.1,0,vemurafenib
Data34_GSM5022595_AACCATGTCATTATCC.1,0,vemurafenib
Data34_GSM5022595_AACCATGTCGCATGAT.1,0,vemurafenib
Data34_GSM5022595_AACCATGTCGGCATCG.1,0,vemurafenib
Data34_GSM5022595_AACCGCGAGTTTGCGT.1,0,vemurafenib
Data34_GSM5022595_AACCGCGCAAGAGGCT.1,0,vemurafenib
Data34_GSM5022595_AACCGCGCAATCTACG.1,0,vemurafenib
Data34_GSM5022595_AACCGCGCACGAGGTA.1,0,vemurafenib
Data34_GSM5022595_AACCGCGGTACGAAAT.1,0,vemurafenib
Data34_GSM5022595_AACCGCGGTGACGCCT.1,0,vemurafenib
Data34_GSM5022595_AACCGCGTCGCCTGTT.1,0,vemurafenib
Data34_GSM5022595_AACCGCGTCGTCTGAA.1,0,vemurafenib
Data34_GSM5022595_AACGTTGAGCTTCGCG.1,0,vemurafenib
Data34_GSM5022595_AACGTTGAGGGAAACA.1,0,vemurafenib
Data34_GSM5022595_AACGTTGCAGCTCGCA.1,0,vemurafenib
Data34_GSM5022595_AACGTTGCAGCTGTAT.1,0,vemurafenib
Data34_GSM5022595_AACGTTGGTAAGGATT.1,0,vemurafenib
Data34_GSM5022595_AACGTTGGTGCTAGCC.1,0,vemurafenib
Data34_GSM5022595_AACGTTGTCGTCTGCT.1,0,vemurafenib
Data34_GSM5022595_AACTCAGAGGGATACC.1,0,vemurafenib
Data34_GSM5022595_AACTCAGAGTGGGATC.1,0,vemurafenib
Data34_GSM5022595_AACTCAGCAAGCCGCT.1,0,vemurafenib
Data34_GSM5022595_AACTCAGCAGGCTCAC.1,0,vemurafenib
Data34_GSM5022595_AACTCAGCAGTTAACC.1,0,vemurafenib
Data34_GSM5022595_AACTCAGGTCTCGTTC.1,0,vemurafenib
Data34_GSM5022595_AACTCAGGTTATCGGT.1,0,vemurafenib
Data34_GSM5022595_AACTCAGGTTCCCGAG.1,0,vemurafenib
Data34_GSM5022595_AACTCAGTCGGCGCTA.1,0,vemurafenib
Data34_GSM5022595_AACTCAGTCTCCGGTT.1,0,vemurafenib
Data34_GSM5022595_AACTCAGTCTGCGGCA.1,0,vemurafenib
Data34_GSM5022595_AACTCAGTCTTAACCT.1,0,vemurafenib
Data34_GSM5022595_AACTCCCAGTGATCGG.1,0,vemurafenib
Data34_GSM5022595_AACTCCCCATCTACGA.1,0,vemurafenib
Data34_GSM5022595_AACTCCCGTCCGTTAA.1,0,vemurafenib
Data34_GSM5022595_AACTCCCGTGTGCGTC.1,0,vemurafenib
Data34_GSM5022595_AACTCCCTCCCTCTTT.1,0,vemurafenib
Data34_GSM5022595_AACTCCCTCGTACCGG.1,0,vemurafenib
Data34_GSM5022595_AACTCTTAGAAACGAG.1,0,vemurafenib
Data34_GSM5022595_AACTCTTAGAGCTGCA.1,0,vemurafenib
Data34_GSM5022595_AACTCTTAGGCGTACA.1,0,vemurafenib
Data34_GSM5022595_AACTCTTGTCAAACTC.1,0,vemurafenib
Data34_GSM5022595_AACTCTTGTCAAAGAT.1,0,vemurafenib
Data34_GSM5022595_AACTCTTTCGTAGGAG.1,0,vemurafenib
Data34_GSM5022595_AACTGGTAGAGGTAGA.1,0,vemurafenib
Data34_GSM5022595_AACTGGTAGCTACCTA.1,0,vemurafenib
Data34_GSM5022595_AACTGGTAGGCAATTA.1,0,vemurafenib
Data34_GSM5022595_AACTGGTCACCTCGTT.1,0,vemurafenib
Data34_GSM5022595_AACTGGTCACGTGAGA.1,0,vemurafenib
Data34_GSM5022595_AACTGGTCATCCCATC.1,0,vemurafenib
Data34_GSM5022595_AACTGGTGTATTAGCC.1,0,vemurafenib
Data34_GSM5022595_AACTGGTGTGGAAAGA.1,0,vemurafenib
Data34_GSM5022595_AACTGGTTCCAGTAGT.1,0,vemurafenib
Data34_GSM5022595_AACTGGTTCCTCAACC.1,0,vemurafenib
Data34_GSM5022595_AACTTTCAGATACACA.1,0,vemurafenib
Data34_GSM5022595_AACTTTCAGATGCGAC.1,0,vemurafenib
Data34_GSM5022595_AACTTTCAGGATGCGT.1,0,vemurafenib
Data34_GSM5022595_AACTTTCCATGCCCGA.1,0,vemurafenib
Data34_GSM5022595_AACTTTCGTCCGAACC.1,0,vemurafenib
Data34_GSM5022595_AACTTTCGTGCGATAG.1,0,vemurafenib
Data34_GSM5022595_AAGACCTAGGTGGGTT.1,0,vemurafenib
Data34_GSM5022595_AAGACCTCAAGGACAC.1,0,vemurafenib
Data34_GSM5022595_AAGACCTCACAAGCCC.1,0,vemurafenib
Data34_GSM5022595_AAGACCTGTAACGTTC.1,0,vemurafenib
Data34_GSM5022595_AAGACCTGTAATCACC.1,0,vemurafenib
Data34_GSM5022595_AAGACCTGTCTGCCAG.1,0,vemurafenib
Data34_GSM5022595_AAGACCTGTGAAATCA.1,0,vemurafenib
Data34_GSM5022595_AAGACCTTCCCAAGTA.1,0,vemurafenib
Data34_GSM5022595_AAGACCTTCGCGTAGC.1,0,vemurafenib
Data34_GSM5022595_AAGCCGCAGACCGGAT.1,0,vemurafenib
Data34_GSM5022595_AAGCCGCAGGGCTTCC.1,0,vemurafenib
Data34_GSM5022595_AAGCCGCAGGGTTTCT.1,0,vemurafenib
Data34_GSM5022595_AAGCCGCAGTGGAGAA.1,0,vemurafenib
Data34_GSM5022595_AAGCCGCAGTGTGAAT.1,0,vemurafenib
Data34_GSM5022595_AAGCCGCCAAGACGTG.1,0,vemurafenib
Data34_GSM5022595_AAGCCGCCAAGTACCT.1,0,vemurafenib
Data34_GSM5022595_AAGCCGCCAAGTTAAG.1,0,vemurafenib
Data34_GSM5022595_AAGCCGCCACCCATTC.1,0,vemurafenib
Data34_GSM5022595_AAGCCGCCATCTCCCA.1,0,vemurafenib
Data34_GSM5022595_AAGCCGCCATTGCGGC.1,0,vemurafenib
Data34_GSM5022595_AAGCCGCGTATGAAAC.1,0,vemurafenib
Data34_GSM5022595_AAGCCGCGTCGAGATG.1,0,vemurafenib
Data34_GSM5022595_AAGCCGCGTGATAAGT.1,0,vemurafenib
Data34_GSM5022595_AAGCCGCGTTGTGGAG.1,0,vemurafenib
Data34_GSM5022595_AAGCCGCTCAGTGCAT.1,0,vemurafenib
Data34_GSM5022595_AAGCCGCTCCTCAATT.1,0,vemurafenib
Data34_GSM5022595_AAGGAGCAGAAGGCCT.1,0,vemurafenib
Data34_GSM5022595_AAGGAGCCAATTCCTT.1,0,vemurafenib
Data34_GSM5022595_AAGGAGCCATACGCCG.1,0,vemurafenib
Data34_GSM5022595_AAGGAGCGTAATAGCA.1,0,vemurafenib
Data34_GSM5022595_AAGGAGCGTTACTGAC.1,0,vemurafenib
Data34_GSM5022595_AAGGAGCTCAACCAAC.1,0,vemurafenib
Data34_GSM5022595_AAGGAGCTCACCGGGT.1,0,vemurafenib
Data34_GSM5022595_AAGGAGCTCCGAACGC.1,0,vemurafenib
Data34_GSM5022595_AAGGCAGCAAGCCCAC.1,0,vemurafenib
Data34_GSM5022595_AAGGCAGCACCAGGCT.1,0,vemurafenib
Data34_GSM5022595_AAGGCAGCAGTGGAGT.1,0,vemurafenib
Data34_GSM5022595_AAGGCAGCATGCTGGC.1,0,vemurafenib
Data34_GSM5022595_AAGGCAGCATTAGGCT.1,0,vemurafenib
Data34_GSM5022595_AAGGCAGGTAGGGTAC.1,0,vemurafenib
Data34_GSM5022595_AAGGCAGGTGCGAAAC.1,0,vemurafenib
Data34_GSM5022595_AAGGCAGGTTGAGTTC.1,0,vemurafenib
Data34_GSM5022595_AAGGCAGTCACTTATC.1,0,vemurafenib
Data34_GSM5022595_AAGGCAGTCCTCAATT.1,0,vemurafenib
Data34_GSM5022595_AAGGCAGTCGTTACAG.1,0,vemurafenib
Data34_GSM5022595_AAGGTTCAGAAACCGC.1,0,vemurafenib
Data34_GSM5022595_AAGGTTCAGCTGATAA.1,0,vemurafenib
Data34_GSM5022595_AAGGTTCAGTCCATAC.1,0,vemurafenib
Data34_GSM5022595_AAGGTTCCAAAGAATC.1,0,vemurafenib
Data34_GSM5022595_AAGGTTCCAAGTACCT.1,0,vemurafenib
Data34_GSM5022595_AAGGTTCCACATCCGG.1,0,vemurafenib
Data34_GSM5022595_AAGGTTCCACTCAGGC.1,0,vemurafenib
Data34_GSM5022595_AAGGTTCCAGGTGCCT.1,0,vemurafenib
Data34_GSM5022595_AAGGTTCCATGGGAAC.1,0,vemurafenib
Data34_GSM5022595_AAGGTTCGTATCGCAT.1,0,vemurafenib
Data34_GSM5022595_AAGGTTCGTGAACCTT.1,0,vemurafenib
Data34_GSM5022595_AAGGTTCGTTGGTGGA.1,0,vemurafenib
Data34_GSM5022595_AAGTCTGCAATGTAAG.1,0,vemurafenib
Data34_GSM5022595_AAGTCTGCACAAGTAA.1,0,vemurafenib
Data34_GSM5022595_AAGTCTGCAGCTGTAT.1,0,vemurafenib
Data34_GSM5022595_AAGTCTGCAGTTCCCT.1,0,vemurafenib
Data34_GSM5022595_AAGTCTGCATAGTAAG.1,0,vemurafenib
Data34_GSM5022595_AAGTCTGCATATGAGA.1,0,vemurafenib
Data34_GSM5022595_AAGTCTGCATGAGCGA.1,0,vemurafenib
Data34_GSM5022595_AAGTCTGCATTAACCG.1,0,vemurafenib
Data34_GSM5022595_AAGTCTGGTCACTGGC.1,0,vemurafenib
Data34_GSM5022595_AAGTCTGGTTGAGTTC.1,0,vemurafenib
Data34_GSM5022595_AAGTCTGTCAGCTCTC.1,0,vemurafenib
Data34_GSM5022595_AAGTCTGTCAGTCCCT.1,0,vemurafenib
Data34_GSM5022595_AAGTCTGTCGTTGACA.1,0,vemurafenib
Data34_GSM5022595_AATCCAGAGTGACATA.1,0,vemurafenib
Data34_GSM5022595_AATCCAGCACATTAGC.1,0,vemurafenib
Data34_GSM5022595_AATCCAGCACCGGAAA.1,0,vemurafenib
Data34_GSM5022595_AATCCAGCACTTACGA.1,0,vemurafenib
Data34_GSM5022595_AATCCAGCAGGGCATA.1,0,vemurafenib
Data34_GSM5022595_AATCCAGGTCAGAAGC.1,0,vemurafenib
Data34_GSM5022595_AATCCAGTCAAGCCTA.1,0,vemurafenib
Data34_GSM5022595_AATCCAGTCAGAGCTT.1,0,vemurafenib
Data34_GSM5022595_AATCCAGTCCAGAGGA.1,0,vemurafenib
Data34_GSM5022595_AATCCAGTCTCTAGGA.1,0,vemurafenib
Data34_GSM5022595_AATCGGTAGCTGATAA.1,0,vemurafenib
Data34_GSM5022595_AATCGGTAGTCCTCCT.1,0,vemurafenib
Data34_GSM5022595_AATCGGTCACATGACT.1,0,vemurafenib
Data34_GSM5022595_AATCGGTCACCTCGGA.1,0,vemurafenib
Data34_GSM5022595_AATCGGTCAGCTTAAC.1,0,vemurafenib
Data34_GSM5022595_AATCGGTCAGGTGCCT.1,0,vemurafenib
Data34_GSM5022595_AATCGGTCAGGTTTCA.1,0,vemurafenib
Data34_GSM5022595_AATCGGTGTAGCGCAA.1,0,vemurafenib
Data34_GSM5022595_AATCGGTTCCTTGACC.1,0,vemurafenib
Data34_GSM5022595_ACACCAAAGTAGCCGA.1,0,vemurafenib
Data34_GSM5022595_ACACCAACAATGGACG.1,0,vemurafenib
Data34_GSM5022595_ACACCAACACGGACAA.1,0,vemurafenib
Data34_GSM5022595_ACACCAACAGGGCATA.1,0,vemurafenib
Data34_GSM5022595_ACACCAACATTTGCCC.1,0,vemurafenib
Data34_GSM5022595_ACACCAAGTAAGTGTA.1,0,vemurafenib
Data34_GSM5022595_ACACCAAGTAATAGCA.1,0,vemurafenib
Data34_GSM5022595_ACACCAAGTCCAAGTT.1,0,vemurafenib
Data34_GSM5022595_ACACCAAGTCGCCATG.1,0,vemurafenib
Data34_GSM5022595_ACACCAAGTTGGTAAA.1,0,vemurafenib
Data34_GSM5022595_ACACCAATCGCGGATC.1,0,vemurafenib
Data34_GSM5022595_ACACCAATCTAACTGG.1,0,vemurafenib
Data34_GSM5022595_ACACCCTAGAAGCCCA.1,0,vemurafenib
Data34_GSM5022595_ACACCCTAGAATCTCC.1,0,vemurafenib
Data34_GSM5022595_ACACCCTAGACTACAA.1,0,vemurafenib
Data34_GSM5022595_ACACCCTAGAGGGCTT.1,0,vemurafenib
Data34_GSM5022595_ACACCCTAGAGTACCG.1,0,vemurafenib
Data34_GSM5022595_ACACCCTAGCGGCTTC.1,0,vemurafenib
Data34_GSM5022595_ACACCCTAGCTCTCGG.1,0,vemurafenib
Data34_GSM5022595_ACACCCTAGGTAGCTG.1,0,vemurafenib
Data34_GSM5022595_ACACCCTCAGTCACTA.1,0,vemurafenib
Data34_GSM5022595_ACACCCTCATTGGTAC.1,0,vemurafenib
Data34_GSM5022595_ACACCCTGTCTAGGTT.1,0,vemurafenib
Data34_GSM5022595_ACACCCTGTGAAATCA.1,0,vemurafenib
Data34_GSM5022595_ACACCCTGTTGTACAC.1,0,vemurafenib
Data34_GSM5022595_ACACCCTTCGGTCCGA.1,0,vemurafenib
Data34_GSM5022595_ACACCGGAGATGTCGG.1,0,vemurafenib
Data34_GSM5022595_ACACCGGAGCAGATCG.1,0,vemurafenib
Data34_GSM5022595_ACACCGGAGTCTCGGC.1,0,vemurafenib
Data34_GSM5022595_ACACCGGAGTGGACGT.1,0,vemurafenib
Data34_GSM5022595_ACACCGGAGTGTCCCG.1,0,vemurafenib
Data34_GSM5022595_ACACCGGCAACACCTA.1,0,vemurafenib
Data34_GSM5022595_ACACCGGCAAGGTGTG.1,0,vemurafenib
Data34_GSM5022595_ACACCGGCAATGCCAT.1,0,vemurafenib
Data34_GSM5022595_ACACCGGCAGCCTGTG.1,0,vemurafenib
Data34_GSM5022595_ACACCGGGTCACAAGG.1,0,vemurafenib
Data34_GSM5022595_ACACCGGGTGAGGCTA.1,0,vemurafenib
Data34_GSM5022595_ACACCGGGTTGTGGCC.1,0,vemurafenib
Data34_GSM5022595_ACACTGAAGTGTACTC.1,0,vemurafenib
Data34_GSM5022595_ACACTGACAAGCCATT.1,0,vemurafenib
Data34_GSM5022595_ACACTGACAAGCGCTC.1,0,vemurafenib
Data34_GSM5022595_ACACTGACACGAAACG.1,0,vemurafenib
Data34_GSM5022595_ACACTGACAGCTCGCA.1,0,vemurafenib
Data34_GSM5022595_ACACTGAGTTGGGACA.1,0,vemurafenib
Data34_GSM5022595_ACACTGATCCATGAGT.1,0,vemurafenib
Data34_GSM5022595_ACACTGATCGCTGATA.1,0,vemurafenib
Data34_GSM5022595_ACACTGATCTGATTCT.1,0,vemurafenib
Data34_GSM5022595_ACAGCCGAGAATAGGG.1,0,vemurafenib
Data34_GSM5022595_ACAGCCGAGAGTAAGG.1,0,vemurafenib
Data34_GSM5022595_ACAGCCGAGCTGTCTA.1,0,vemurafenib
Data34_GSM5022595_ACAGCCGAGGCCCGTT.1,0,vemurafenib
Data34_GSM5022595_ACAGCCGAGTACGTAA.1,0,vemurafenib
Data34_GSM5022595_ACAGCCGAGTGTACCT.1,0,vemurafenib
Data34_GSM5022595_ACAGCCGCACACGCTG.1,0,vemurafenib
Data34_GSM5022595_ACAGCCGCAGCCACCA.1,0,vemurafenib
Data34_GSM5022595_ACAGCCGCAGGATTGG.1,0,vemurafenib
Data34_GSM5022595_ACAGCCGGTGATGCCC.1,0,vemurafenib
Data34_GSM5022595_ACAGCCGTCAACGGCC.1,0,vemurafenib
Data34_GSM5022595_ACAGCCGTCTCTGTCG.1,0,vemurafenib
Data34_GSM5022595_ACAGCTAAGCGTGTCC.1,0,vemurafenib
Data34_GSM5022595_ACAGCTAAGCGTTGCC.1,0,vemurafenib
Data34_GSM5022595_ACAGCTAAGGGTGTTG.1,0,vemurafenib
Data34_GSM5022595_ACAGCTACACATGACT.1,0,vemurafenib
Data34_GSM5022595_ACAGCTACAGGATCGA.1,0,vemurafenib
Data34_GSM5022595_ACAGCTACAGGGATTG.1,0,vemurafenib
Data34_GSM5022595_ACAGCTACATGGTCAT.1,0,vemurafenib
Data34_GSM5022595_ACAGCTACATGTCCTC.1,0,vemurafenib
Data34_GSM5022595_ACAGCTAGTGATAAAC.1,0,vemurafenib
Data34_GSM5022595_ACAGCTATCTCAAGTG.1,0,vemurafenib
Data34_GSM5022595_ACATACGCAGTCCTTC.1,0,vemurafenib
Data34_GSM5022595_ACATACGCATGTTCCC.1,0,vemurafenib
Data34_GSM5022595_ACATACGTCGGAAATA.1,0,vemurafenib
Data34_GSM5022595_ACATCAGCAGATCCAT.1,0,vemurafenib
Data34_GSM5022595_ACATCAGGTCAGAGGT.1,0,vemurafenib
Data34_GSM5022595_ACATCAGGTCTTGATG.1,0,vemurafenib
Data34_GSM5022595_ACATCAGGTTCAGTAC.1,0,vemurafenib
Data34_GSM5022595_ACATCAGGTTGTGGCC.1,0,vemurafenib
Data34_GSM5022595_ACATGGTAGAGCCTAG.1,0,vemurafenib
Data34_GSM5022595_ACATGGTAGAGTCGGT.1,0,vemurafenib
Data34_GSM5022595_ACATGGTAGATATGCA.1,0,vemurafenib
Data34_GSM5022595_ACATGGTAGATCGATA.1,0,vemurafenib
Data34_GSM5022595_ACATGGTAGGGTGTGT.1,0,vemurafenib
Data34_GSM5022595_ACATGGTCATAACCTG.1,0,vemurafenib
Data34_GSM5022595_ACATGGTCATCATCCC.1,0,vemurafenib
Data34_GSM5022595_ACATGGTCATCTGGTA.1,0,vemurafenib
Data34_GSM5022595_ACATGGTCATGGTTGT.1,0,vemurafenib
Data34_GSM5022595_ACATGGTGTTCAACCA.1,0,vemurafenib
Data34_GSM5022595_ACATGGTTCACGCGGT.1,0,vemurafenib
Data34_GSM5022595_ACATGGTTCAGCGACC.1,0,vemurafenib
Data34_GSM5022595_ACATGGTTCCACGAAT.1,0,vemurafenib
Data34_GSM5022595_ACCAGTAAGCGTCAAG.1,0,vemurafenib
Data34_GSM5022595_ACCAGTAAGGAATCGC.1,0,vemurafenib
Data34_GSM5022595_ACCAGTAAGGATGGAA.1,0,vemurafenib
Data34_GSM5022595_ACCAGTAAGTCAAGCG.1,0,vemurafenib
Data34_GSM5022595_ACCAGTAAGTCTTGCA.1,0,vemurafenib
Data34_GSM5022595_ACCAGTACAGACGCCT.1,0,vemurafenib
Data34_GSM5022595_ACCAGTACATTTCACT.1,0,vemurafenib
Data34_GSM5022595_ACCAGTAGTATTAGCC.1,0,vemurafenib
Data34_GSM5022595_ACCAGTAGTTCCGTCT.1,0,vemurafenib
Data34_GSM5022595_ACCAGTATCAAACCGT.1,0,vemurafenib
Data34_GSM5022595_ACCCACTAGAGCCCAA.1,0,vemurafenib
Data34_GSM5022595_ACCCACTAGGAATTAC.1,0,vemurafenib
Data34_GSM5022595_ACCCACTAGGCCCGTT.1,0,vemurafenib
Data34_GSM5022595_ACCCACTAGTCATCCA.1,0,vemurafenib
Data34_GSM5022595_ACCCACTCACGTCAGC.1,0,vemurafenib
Data34_GSM5022595_ACCCACTCATTAACCG.1,0,vemurafenib
Data34_GSM5022595_ACCCACTGTCTCACCT.1,0,vemurafenib
Data34_GSM5022595_ACCCACTGTGAACCTT.1,0,vemurafenib
Data34_GSM5022595_ACCCACTGTGACGGTA.1,0,vemurafenib
Data34_GSM5022595_ACCCACTTCCATGAAC.1,0,vemurafenib
Data34_GSM5022595_ACCCACTTCTGGGCCA.1,0,vemurafenib
Data34_GSM5022595_ACCGTAAAGAGCTTCT.1,0,vemurafenib
Data34_GSM5022595_ACCGTAACAATAGCAA.1,0,vemurafenib
Data34_GSM5022595_ACCGTAACATGTCGAT.1,0,vemurafenib
Data34_GSM5022595_ACCGTAAGTATAAACG.1,0,vemurafenib
Data34_GSM5022595_ACCGTAATCCACGCAG.1,0,vemurafenib
Data34_GSM5022595_ACCTTTAAGAAACCAT.1,0,vemurafenib
Data34_GSM5022595_ACCTTTAAGCAACGGT.1,0,vemurafenib
Data34_GSM5022595_ACCTTTACAACACGCC.1,0,vemurafenib
Data34_GSM5022595_ACCTTTACAATGGTCT.1,0,vemurafenib
Data34_GSM5022595_ACCTTTACACGAAACG.1,0,vemurafenib
Data34_GSM5022595_ACCTTTACAGATAATG.1,0,vemurafenib
Data34_GSM5022595_ACCTTTACATTGGGCC.1,0,vemurafenib
Data34_GSM5022595_ACCTTTAGTCAGGACA.1,0,vemurafenib
Data34_GSM5022595_ACCTTTAGTTGTCGCG.1,0,vemurafenib
Data34_GSM5022595_ACCTTTATCCCTTGCA.1,0,vemurafenib
Data34_GSM5022595_ACGAGCCAGACTAAGT.1,0,vemurafenib
Data34_GSM5022595_ACGAGCCCAAGCCCAC.1,0,vemurafenib
Data34_GSM5022595_ACGAGCCGTCCCTACT.1,0,vemurafenib
Data34_GSM5022595_ACGAGCCTCAATCACG.1,0,vemurafenib
Data34_GSM5022595_ACGAGCCTCACATACG.1,0,vemurafenib
Data34_GSM5022595_ACGAGCCTCCGAAGAG.1,0,vemurafenib
Data34_GSM5022595_ACGAGCCTCTAACGGT.1,0,vemurafenib
Data34_GSM5022595_ACGAGCCTCTGTGCAA.1,0,vemurafenib
Data34_GSM5022595_ACGAGCCTCTTCGAGA.1,0,vemurafenib
Data34_GSM5022595_ACGAGGAAGAAGGGTA.1,0,vemurafenib
Data34_GSM5022595_ACGAGGAAGGGAAACA.1,0,vemurafenib
Data34_GSM5022595_ACGAGGAAGGGCTCTC.1,0,vemurafenib
Data34_GSM5022595_ACGAGGAAGGTGACCA.1,0,vemurafenib
Data34_GSM5022595_ACGAGGAAGGTGATTA.1,0,vemurafenib
Data34_GSM5022595_ACGAGGACACAGAGGT.1,0,vemurafenib
Data34_GSM5022595_ACGAGGAGTATAGTAG.1,0,vemurafenib
Data34_GSM5022595_ACGAGGAGTCTCAACA.1,0,vemurafenib
Data34_GSM5022595_ACGAGGAGTGGTACAG.1,0,vemurafenib
Data34_GSM5022595_ACGAGGATCACCGTAA.1,0,vemurafenib
Data34_GSM5022595_ACGAGGATCGCCTGTT.1,0,vemurafenib
Data34_GSM5022595_ACGATACAGATAGTCA.1,0,vemurafenib
Data34_GSM5022595_ACGATACCACATTTCT.1,0,vemurafenib
Data34_GSM5022595_ACGATACCAGGGTACA.1,0,vemurafenib
Data34_GSM5022595_ACGATACCAGTTTACG.1,0,vemurafenib
Data34_GSM5022595_ACGATACCATTCTTAC.1,0,vemurafenib
Data34_GSM5022595_ACGATACGTCACTTCC.1,0,vemurafenib
Data34_GSM5022595_ACGATACTCATCGGAT.1,0,vemurafenib
Data34_GSM5022595_ACGATACTCATGTGGT.1,0,vemurafenib
Data34_GSM5022595_ACGATGTAGAGTACAT.1,0,vemurafenib
Data34_GSM5022595_ACGATGTAGGTGCTAG.1,0,vemurafenib
Data34_GSM5022595_ACGATGTCACCCAGTG.1,0,vemurafenib
Data34_GSM5022595_ACGATGTGTACGCTGC.1,0,vemurafenib
Data34_GSM5022595_ACGATGTTCCACGCAG.1,0,vemurafenib
Data34_GSM5022595_ACGATGTTCGCCAGCA.1,0,vemurafenib
Data34_GSM5022595_ACGATGTTCTATCGCC.1,0,vemurafenib
Data34_GSM5022595_ACGCAGCAGATTACCC.1,0,vemurafenib
Data34_GSM5022595_ACGCAGCAGGCTACGA.1,0,vemurafenib
Data34_GSM5022595_ACGCAGCAGTTAAGTG.1,0,vemurafenib
Data34_GSM5022595_ACGCAGCGTCTTCGTC.1,0,vemurafenib
Data34_GSM5022595_ACGCAGCGTGTGACCC.1,0,vemurafenib
Data34_GSM5022595_ACGCAGCGTTAGATGA.1,0,vemurafenib
Data34_GSM5022595_ACGCAGCTCAAACAAG.1,0,vemurafenib
Data34_GSM5022595_ACGCAGCTCACTCCTG.1,0,vemurafenib
Data34_GSM5022595_ACGCAGCTCAGCGACC.1,0,vemurafenib
Data34_GSM5022595_ACGCAGCTCCCTAACC.1,0,vemurafenib
Data34_GSM5022595_ACGCAGCTCGGCGCAT.1,0,vemurafenib
Data34_GSM5022595_ACGCCAGAGACTAGAT.1,0,vemurafenib
Data34_GSM5022595_ACGCCAGAGTCGCCGT.1,0,vemurafenib
Data34_GSM5022595_ACGCCAGAGTGTCCCG.1,0,vemurafenib
Data34_GSM5022595_ACGCCAGCACTGCCAG.1,0,vemurafenib
Data34_GSM5022595_ACGCCAGGTATTAGCC.1,0,vemurafenib
Data34_GSM5022595_ACGCCAGGTGCAACTT.1,0,vemurafenib
Data34_GSM5022595_ACGCCAGGTTCCACAA.1,0,vemurafenib
Data34_GSM5022595_ACGCCAGTCACGCGGT.1,0,vemurafenib
Data34_GSM5022595_ACGCCAGTCAGTGCAT.1,0,vemurafenib
Data34_GSM5022595_ACGCCGAAGACCCACC.1,0,vemurafenib
Data34_GSM5022595_ACGCCGAAGCGATCCC.1,0,vemurafenib
Data34_GSM5022595_ACGCCGACAAGTAGTA.1,0,vemurafenib
Data34_GSM5022595_ACGCCGACAGCTATTG.1,0,vemurafenib
Data34_GSM5022595_ACGCCGACAGGGTACA.1,0,vemurafenib
Data34_GSM5022595_ACGCCGAGTATATGGA.1,0,vemurafenib
Data34_GSM5022595_ACGCCGAGTTCGGCAC.1,0,vemurafenib
Data34_GSM5022595_ACGGAGAAGCTGCCCA.1,0,vemurafenib
Data34_GSM5022595_ACGGAGAAGTGGGATC.1,0,vemurafenib
Data34_GSM5022595_ACGGAGACAGATTGCT.1,0,vemurafenib
Data34_GSM5022595_ACGGAGAGTAAATACG.1,0,vemurafenib
Data34_GSM5022595_ACGGAGAGTATAGGGC.1,0,vemurafenib
Data34_GSM5022595_ACGGCCAAGAGACGAA.1,0,vemurafenib
Data34_GSM5022595_ACGGCCAAGATCACGG.1,0,vemurafenib
Data34_GSM5022595_ACGGCCAGTCTGCAAT.1,0,vemurafenib
Data34_GSM5022595_ACGGCCAGTTATGCGT.1,0,vemurafenib
Data34_GSM5022595_ACGGCCATCAACACTG.1,0,vemurafenib
Data34_GSM5022595_ACGGGCTAGCTCAACT.1,0,vemurafenib
Data34_GSM5022595_ACGGGCTAGGAGCGTT.1,0,vemurafenib
Data34_GSM5022595_ACGGGCTAGGGATGGG.1,0,vemurafenib
Data34_GSM5022595_ACGGGCTAGTCGAGTG.1,0,vemurafenib
Data34_GSM5022595_ACGGGCTAGTGTACCT.1,0,vemurafenib
Data34_GSM5022595_ACGGGCTCAGCGAACA.1,0,vemurafenib
Data34_GSM5022595_ACGGGCTGTCTCGTTC.1,0,vemurafenib
Data34_GSM5022595_ACGGGCTGTCTTCTCG.1,0,vemurafenib
Data34_GSM5022595_ACGGGCTGTTGCGTTA.1,0,vemurafenib
Data34_GSM5022595_ACGGGCTTCACATGCA.1,0,vemurafenib
Data34_GSM5022595_ACGGGCTTCATTCACT.1,0,vemurafenib
Data34_GSM5022595_ACGGGTCAGTACGTTC.1,0,vemurafenib
Data34_GSM5022595_ACGGGTCCAAAGTCAA.1,0,vemurafenib
Data34_GSM5022595_ACGGGTCCACATCCAA.1,0,vemurafenib
Data34_GSM5022595_ACGGGTCCACGACTCG.1,0,vemurafenib
Data34_GSM5022595_ACGGGTCCACTTGGAT.1,0,vemurafenib
Data34_GSM5022595_ACGGGTCCAGATCGGA.1,0,vemurafenib
Data34_GSM5022595_ACGGGTCCAGCCTATA.1,0,vemurafenib
Data34_GSM5022595_ACGGGTCCATATGCTG.1,0,vemurafenib
Data34_GSM5022595_ACGGGTCGTCCGAGTC.1,0,vemurafenib
Data34_GSM5022595_ACGGGTCTCCGTTGTC.1,0,vemurafenib
Data34_GSM5022595_ACGGGTCTCCTACAGA.1,0,vemurafenib
Data34_GSM5022595_ACGGGTCTCCTTGACC.1,0,vemurafenib
Data34_GSM5022595_ACGGGTCTCTCCTATA.1,0,vemurafenib
Data34_GSM5022595_ACGGGTCTCTTTCCTC.1,0,vemurafenib
Data34_GSM5022595_ACGTCAAAGTACCGGA.1,0,vemurafenib
Data34_GSM5022595_ACGTCAACAATACGCT.1,0,vemurafenib
Data34_GSM5022595_ACGTCAACAGATTGCT.1,0,vemurafenib
Data34_GSM5022595_ACGTCAAGTCCTCCAT.1,0,vemurafenib
Data34_GSM5022595_ACGTCAAGTGATAAGT.1,0,vemurafenib
Data34_GSM5022595_ACGTCAAGTGGCAAAC.1,0,vemurafenib
Data34_GSM5022595_ACGTCAAGTGTAAGTA.1,0,vemurafenib
Data34_GSM5022595_ACGTCAAGTTTGGGCC.1,0,vemurafenib
Data34_GSM5022595_ACGTCAATCCGCATAA.1,0,vemurafenib
Data34_GSM5022595_ACGTCAATCGCCAAAT.1,0,vemurafenib
Data34_GSM5022595_ACGTCAATCGTACCGG.1,0,vemurafenib
Data34_GSM5022595_ACTATCTAGGCCATAG.1,0,vemurafenib
Data34_GSM5022595_ACTATCTAGTTAACGA.1,0,vemurafenib
Data34_GSM5022595_ACTATCTCAAGAAAGG.1,0,vemurafenib
Data34_GSM5022595_ACTATCTCAATCAGAA.1,0,vemurafenib
Data34_GSM5022595_ACTATCTCACCGCTAG.1,0,vemurafenib
Data34_GSM5022595_ACTATCTTCGTTTATC.1,0,vemurafenib
Data34_GSM5022595_ACTGAACCAACGATCT.1,0,vemurafenib
Data34_GSM5022595_ACTGAACGTGAGGGTT.1,0,vemurafenib
Data34_GSM5022595_ACTGAGTAGCAATCTC.1,0,vemurafenib
Data34_GSM5022595_ACTGAGTAGCGCTCCA.1,0,vemurafenib
Data34_GSM5022595_ACTGAGTAGTCCGGTC.1,0,vemurafenib
Data34_GSM5022595_ACTGAGTAGTGTTAGA.1,0,vemurafenib
Data34_GSM5022595_ACTGAGTGTCGACTAT.1,0,vemurafenib
Data34_GSM5022595_ACTGAGTGTCGCGAAA.1,0,vemurafenib
Data34_GSM5022595_ACTGAGTGTGCAGGTA.1,0,vemurafenib
Data34_GSM5022595_ACTGAGTGTGCCTGCA.1,0,vemurafenib
Data34_GSM5022595_ACTGAGTGTTCTGGTA.1,0,vemurafenib
Data34_GSM5022595_ACTGAGTTCAGTACGT.1,0,vemurafenib
Data34_GSM5022595_ACTGATGAGTGAAGAG.1,0,vemurafenib
Data34_GSM5022595_ACTGATGAGTGGGTTG.1,0,vemurafenib
Data34_GSM5022595_ACTGATGCAGTATAAG.1,0,vemurafenib
Data34_GSM5022595_ACTGATGCATCAGTAC.1,0,vemurafenib
Data34_GSM5022595_ACTGATGCATTCTTAC.1,0,vemurafenib
Data34_GSM5022595_ACTGATGGTAGGGTAC.1,0,vemurafenib
Data34_GSM5022595_ACTGATGGTTACGTCA.1,0,vemurafenib
Data34_GSM5022595_ACTGATGTCCGCTGTT.1,0,vemurafenib
Data34_GSM5022595_ACTGATGTCCTAGGGC.1,0,vemurafenib
Data34_GSM5022595_ACTGATGTCGGTCTAA.1,0,vemurafenib
Data34_GSM5022595_ACTGATGTCGTCCGTT.1,0,vemurafenib
Data34_GSM5022595_ACTGCTCAGTGTCCCG.1,0,vemurafenib
Data34_GSM5022595_ACTGCTCCATGCATGT.1,0,vemurafenib
Data34_GSM5022595_ACTGCTCGTAAGTAGT.1,0,vemurafenib
Data34_GSM5022595_ACTGCTCGTACGCACC.1,0,vemurafenib
Data34_GSM5022595_ACTGCTCGTCAGAAGC.1,0,vemurafenib
Data34_GSM5022595_ACTGCTCGTCATACTG.1,0,vemurafenib
Data34_GSM5022595_ACTGCTCGTTACGTCA.1,0,vemurafenib
Data34_GSM5022595_ACTGCTCGTTCCATGA.1,0,vemurafenib
Data34_GSM5022595_ACTGCTCTCCGTTGCT.1,0,vemurafenib
Data34_GSM5022595_ACTGCTCTCGGACAAG.1,0,vemurafenib
Data34_GSM5022595_ACTGTCCAGCATCATC.1,0,vemurafenib
Data34_GSM5022595_ACTGTCCAGGCCCTTG.1,0,vemurafenib
Data34_GSM5022595_ACTGTCCCAATGGAAT.1,0,vemurafenib
Data34_GSM5022595_ACTGTCCGTCCGTTAA.1,0,vemurafenib
Data34_GSM5022595_ACTGTCCGTGGCGAAT.1,0,vemurafenib
Data34_GSM5022595_ACTGTCCGTTCAGACT.1,0,vemurafenib
Data34_GSM5022595_ACTTACTAGTCGCCGT.1,0,vemurafenib
Data34_GSM5022595_ACTTACTCACCGAAAG.1,0,vemurafenib
Data34_GSM5022595_ACTTACTCAGCTGCTG.1,0,vemurafenib
Data34_GSM5022595_ACTTACTCATGTAAGA.1,0,vemurafenib
Data34_GSM5022595_ACTTACTGTTACCAGT.1,0,vemurafenib
Data34_GSM5022595_ACTTACTGTTCACGGC.1,0,vemurafenib
Data34_GSM5022595_ACTTACTTCTTCATGT.1,0,vemurafenib
Data34_GSM5022595_ACTTGTTAGACCTTTG.1,0,vemurafenib
Data34_GSM5022595_ACTTGTTAGCGTAGTG.1,0,vemurafenib
Data34_GSM5022595_ACTTGTTAGGGATGGG.1,0,vemurafenib
Data34_GSM5022595_ACTTGTTCACATCCAA.1,0,vemurafenib
Data34_GSM5022595_ACTTGTTGTCGAGATG.1,0,vemurafenib
Data34_GSM5022595_ACTTGTTTCAATACCG.1,0,vemurafenib
Data34_GSM5022595_ACTTGTTTCAGGTTCA.1,0,vemurafenib
Data34_GSM5022595_ACTTGTTTCGCGCCAA.1,0,vemurafenib
Data34_GSM5022595_ACTTTCAAGCCCAACC.1,0,vemurafenib
Data34_GSM5022595_ACTTTCACAGCTGTGC.1,0,vemurafenib
Data34_GSM5022595_ACTTTCACATATGAGA.1,0,vemurafenib
Data34_GSM5022595_ACTTTCACATGCGCAC.1,0,vemurafenib
Data34_GSM5022595_ACTTTCACATGGGAAC.1,0,vemurafenib
Data34_GSM5022595_ACTTTCAGTCGAGATG.1,0,vemurafenib
Data34_GSM5022595_ACTTTCAGTCGTTGTA.1,0,vemurafenib
Data34_GSM5022595_ACTTTCAGTCTAGCCG.1,0,vemurafenib
Data34_GSM5022595_ACTTTCAGTCTAGTGT.1,0,vemurafenib
Data34_GSM5022595_ACTTTCAGTCTTCGTC.1,0,vemurafenib
Data34_GSM5022595_ACTTTCAGTGCCTGTG.1,0,vemurafenib
Data34_GSM5022595_ACTTTCATCAGAGACG.1,0,vemurafenib
Data34_GSM5022595_ACTTTCATCAGGCCCA.1,0,vemurafenib
Data34_GSM5022595_ACTTTCATCCGCGCAA.1,0,vemurafenib
Data34_GSM5022595_AGAATAGAGAGCTGGT.1,0,vemurafenib
Data34_GSM5022595_AGAATAGAGCCCAACC.1,0,vemurafenib
Data34_GSM5022595_AGAATAGAGGGAGTAA.1,0,vemurafenib
Data34_GSM5022595_AGAATAGAGTCTCCTC.1,0,vemurafenib
Data34_GSM5022595_AGAATAGCATCACAAC.1,0,vemurafenib
Data34_GSM5022595_AGAATAGGTAGCTTGT.1,0,vemurafenib
Data34_GSM5022595_AGAATAGGTTCCACTC.1,0,vemurafenib
Data34_GSM5022595_AGAATAGTCAGTGCAT.1,0,vemurafenib
Data34_GSM5022595_AGAATAGTCGCCAAAT.1,0,vemurafenib
Data34_GSM5022595_AGAATAGTCGGCATCG.1,0,vemurafenib
Data34_GSM5022595_AGAATAGTCGTGACAT.1,0,vemurafenib
Data34_GSM5022595_AGACGTTAGAATTCCC.1,0,vemurafenib
Data34_GSM5022595_AGACGTTAGCTCCTCT.1,0,vemurafenib
Data34_GSM5022595_AGACGTTCATGGGACA.1,0,vemurafenib
Data34_GSM5022595_AGACGTTCATTCGACA.1,0,vemurafenib
Data34_GSM5022595_AGACGTTGTACGAAAT.1,0,vemurafenib
Data34_GSM5022595_AGACGTTGTTCAGCGC.1,0,vemurafenib
Data34_GSM5022595_AGACGTTTCAAACCGT.1,0,vemurafenib
Data34_GSM5022595_AGACGTTTCGTATCAG.1,0,vemurafenib
Data34_GSM5022595_AGAGCGAAGAAACCAT.1,0,vemurafenib
Data34_GSM5022595_AGAGCGAAGATGTCGG.1,0,vemurafenib
Data34_GSM5022595_AGAGCGAAGCGTTGCC.1,0,vemurafenib
Data34_GSM5022595_AGAGCGACAGACACTT.1,0,vemurafenib
Data34_GSM5022595_AGAGCGACATCGGACC.1,0,vemurafenib
Data34_GSM5022595_AGAGCGAGTGGTACAG.1,0,vemurafenib
Data34_GSM5022595_AGAGCGAGTGTGACGA.1,0,vemurafenib
Data34_GSM5022595_AGAGCGATCGGTTCGG.1,0,vemurafenib
Data34_GSM5022595_AGAGCGATCTCATTCA.1,0,vemurafenib
Data34_GSM5022595_AGAGCGATCTTGCCGT.1,0,vemurafenib
Data34_GSM5022595_AGAGCTTAGACACTAA.1,0,vemurafenib
Data34_GSM5022595_AGAGCTTAGCGTCTAT.1,0,vemurafenib
Data34_GSM5022595_AGAGCTTAGGTGCTTT.1,0,vemurafenib
Data34_GSM5022595_AGAGCTTAGTGACTCT.1,0,vemurafenib
Data34_GSM5022595_AGAGCTTCAAGTCATC.1,0,vemurafenib
Data34_GSM5022595_AGAGCTTCACCGCTAG.1,0,vemurafenib
Data34_GSM5022595_AGAGCTTCAGCATACT.1,0,vemurafenib
Data34_GSM5022595_AGAGCTTTCTGCTGTC.1,0,vemurafenib
Data34_GSM5022595_AGAGTGGAGAAGAAGC.1,0,vemurafenib
Data34_GSM5022595_AGAGTGGAGAGGGATA.1,0,vemurafenib
Data34_GSM5022595_AGAGTGGAGCTCTCGG.1,0,vemurafenib
Data34_GSM5022595_AGAGTGGCAACGATGG.1,0,vemurafenib
Data34_GSM5022595_AGAGTGGCACGAGAGT.1,0,vemurafenib
Data34_GSM5022595_AGAGTGGGTGCTAGCC.1,0,vemurafenib
Data34_GSM5022595_AGAGTGGGTTAGATGA.1,0,vemurafenib
Data34_GSM5022595_AGAGTGGTCCTGCAGG.1,0,vemurafenib
Data34_GSM5022595_AGAGTGGTCTCGAGTA.1,0,vemurafenib
Data34_GSM5022595_AGATCTGAGATGGGTC.1,0,vemurafenib
Data34_GSM5022595_AGATCTGAGCGAGAAA.1,0,vemurafenib
Data34_GSM5022595_AGATCTGAGGGCATGT.1,0,vemurafenib
Data34_GSM5022595_AGATCTGAGTACCGGA.1,0,vemurafenib
Data34_GSM5022595_AGATCTGCAATCCAAC.1,0,vemurafenib
Data34_GSM5022595_AGATCTGCACGGACAA.1,0,vemurafenib
Data34_GSM5022595_AGATCTGCATGTCGAT.1,0,vemurafenib
Data34_GSM5022595_AGATCTGGTACTCAAC.1,0,vemurafenib
Data34_GSM5022595_AGATCTGGTAGCTTGT.1,0,vemurafenib
Data34_GSM5022595_AGATCTGGTCGAAAGC.1,0,vemurafenib
Data34_GSM5022595_AGATCTGGTCGTCTTC.1,0,vemurafenib
Data34_GSM5022595_AGATCTGTCCTAGGGC.1,0,vemurafenib
Data34_GSM5022595_AGATCTGTCGGTCTAA.1,0,vemurafenib
Data34_GSM5022595_AGATCTGTCTCTAAGG.1,0,vemurafenib
Data34_GSM5022595_AGATTGCAGATATGCA.1,0,vemurafenib
Data34_GSM5022595_AGATTGCGTACGCACC.1,0,vemurafenib
Data34_GSM5022595_AGATTGCTCCAAAGTC.1,0,vemurafenib
Data34_GSM5022595_AGATTGCTCCCAAGTA.1,0,vemurafenib
Data34_GSM5022595_AGATTGCTCCTCTAGC.1,0,vemurafenib
Data34_GSM5022595_AGATTGCTCGTGGACC.1,0,vemurafenib
Data34_GSM5022595_AGATTGCTCTTATCTG.1,0,vemurafenib
Data34_GSM5022595_AGCAGCCAGCAGCCTC.1,0,vemurafenib
Data34_GSM5022595_AGCAGCCCAAAGAATC.1,0,vemurafenib
Data34_GSM5022595_AGCAGCCGTGCTCTTC.1,0,vemurafenib
Data34_GSM5022595_AGCAGCCGTGTCGCTG.1,0,vemurafenib
Data34_GSM5022595_AGCAGCCGTTACCGAT.1,0,vemurafenib
Data34_GSM5022595_AGCAGCCTCTGAGGGA.1,0,vemurafenib
Data34_GSM5022595_AGCAGCCTCTTCCTTC.1,0,vemurafenib
Data34_GSM5022595_AGCATACGTAGAGGAA.1,0,vemurafenib
Data34_GSM5022595_AGCATACGTCGCGAAA.1,0,vemurafenib
Data34_GSM5022595_AGCATACGTCTCACCT.1,0,vemurafenib
Data34_GSM5022595_AGCATACGTGCTAGCC.1,0,vemurafenib
Data34_GSM5022595_AGCATACGTTACGACT.1,0,vemurafenib
Data34_GSM5022595_AGCATACTCAACGGGA.1,0,vemurafenib
Data34_GSM5022595_AGCATACTCGACCAGC.1,0,vemurafenib
Data34_GSM5022595_AGCATACTCTCACATT.1,0,vemurafenib
Data34_GSM5022595_AGCATACTCTGAAAGA.1,0,vemurafenib
Data34_GSM5022595_AGCCTAAAGTAAGTAC.1,0,vemurafenib
Data34_GSM5022595_AGCCTAACATAGGATA.1,0,vemurafenib
Data34_GSM5022595_AGCCTAAGTCGGCATC.1,0,vemurafenib
Data34_GSM5022595_AGCCTAAGTCTCATCC.1,0,vemurafenib
Data34_GSM5022595_AGCCTAAGTTCCAACA.1,0,vemurafenib
Data34_GSM5022595_AGCCTAATCCCATTTA.1,0,vemurafenib
Data34_GSM5022595_AGCCTAATCCTTTCTC.1,0,vemurafenib
Data34_GSM5022595_AGCCTAATCTTCCTTC.1,0,vemurafenib
Data34_GSM5022595_AGCGGTCAGATCCTGT.1,0,vemurafenib
Data34_GSM5022595_AGCGGTCAGCGGCTTC.1,0,vemurafenib
Data34_GSM5022595_AGCGGTCAGTGACTCT.1,0,vemurafenib
Data34_GSM5022595_AGCGGTCAGTGGTAAT.1,0,vemurafenib
Data34_GSM5022595_AGCGGTCCAAGACACG.1,0,vemurafenib
Data34_GSM5022595_AGCGGTCCAGGAATGC.1,0,vemurafenib
Data34_GSM5022595_AGCGGTCGTTTAGGAA.1,0,vemurafenib
Data34_GSM5022595_AGCGGTCTCATAGCAC.1,0,vemurafenib
Data34_GSM5022595_AGCGTATAGACCGGAT.1,0,vemurafenib
Data34_GSM5022595_AGCGTATAGTCGCCGT.1,0,vemurafenib
Data34_GSM5022595_AGCGTATCAAGTTCTG.1,0,vemurafenib
Data34_GSM5022595_AGCGTATCAATACGCT.1,0,vemurafenib
Data34_GSM5022595_AGCGTATCATCTCCCA.1,0,vemurafenib
Data34_GSM5022595_AGCGTATGTCGGGTCT.1,0,vemurafenib
Data34_GSM5022595_AGCGTATGTGTGACCC.1,0,vemurafenib
Data34_GSM5022595_AGCGTATGTTACGACT.1,0,vemurafenib
Data34_GSM5022595_AGCGTATGTTCAGTAC.1,0,vemurafenib
Data34_GSM5022595_AGCGTCGAGAAGGCCT.1,0,vemurafenib
Data34_GSM5022595_AGCGTCGAGATCACGG.1,0,vemurafenib
Data34_GSM5022595_AGCGTCGAGGACAGCT.1,0,vemurafenib
Data34_GSM5022595_AGCGTCGAGGCTCAGA.1,0,vemurafenib
Data34_GSM5022595_AGCGTCGAGTCATCCA.1,0,vemurafenib
Data34_GSM5022595_AGCGTCGAGTGTACTC.1,0,vemurafenib
Data34_GSM5022595_AGCGTCGCAAGCCTAT.1,0,vemurafenib
Data34_GSM5022595_AGCGTCGCAAGCGCTC.1,0,vemurafenib
Data34_GSM5022595_AGCGTCGCAAGGTGTG.1,0,vemurafenib
Data34_GSM5022595_AGCGTCGCAATGCCAT.1,0,vemurafenib
Data34_GSM5022595_AGCGTCGCACCCATGG.1,0,vemurafenib
Data34_GSM5022595_AGCGTCGCAGTCTTCC.1,0,vemurafenib
Data34_GSM5022595_AGCGTCGGTCAAAGAT.1,0,vemurafenib
Data34_GSM5022595_AGCGTCGGTCCGTGAC.1,0,vemurafenib
Data34_GSM5022595_AGCGTCGGTGTAATGA.1,0,vemurafenib
Data34_GSM5022595_AGCGTCGTCTCTTGAT.1,0,vemurafenib
Data34_GSM5022595_AGCTCCTAGACACTAA.1,0,vemurafenib
Data34_GSM5022595_AGCTCCTAGCCCTAAT.1,0,vemurafenib
Data34_GSM5022595_AGCTCCTCAAAGCGGT.1,0,vemurafenib
Data34_GSM5022595_AGCTCCTCAGCGTTCG.1,0,vemurafenib
Data34_GSM5022595_AGCTCCTGTTACCAGT.1,0,vemurafenib
Data34_GSM5022595_AGCTCTCAGAATGTGT.1,0,vemurafenib
Data34_GSM5022595_AGCTCTCAGGTGCACA.1,0,vemurafenib
Data34_GSM5022595_AGCTCTCCAAACTGTC.1,0,vemurafenib
Data34_GSM5022595_AGCTCTCCAGCATACT.1,0,vemurafenib
Data34_GSM5022595_AGCTCTCCATATGCTG.1,0,vemurafenib
Data34_GSM5022595_AGCTCTCGTACCTACA.1,0,vemurafenib
Data34_GSM5022595_AGCTCTCGTACGAAAT.1,0,vemurafenib
Data34_GSM5022595_AGCTCTCGTCGTGGCT.1,0,vemurafenib
Data34_GSM5022595_AGCTCTCTCACAGTAC.1,0,vemurafenib
Data34_GSM5022595_AGCTCTCTCTCTGCTG.1,0,vemurafenib
Data34_GSM5022595_AGCTCTCTCTGTTGAG.1,0,vemurafenib
Data34_GSM5022595_AGCTTGAAGAAACGCC.1,0,vemurafenib
Data34_GSM5022595_AGCTTGAAGCGCTCCA.1,0,vemurafenib
Data34_GSM5022595_AGCTTGAAGGTGATTA.1,0,vemurafenib
Data34_GSM5022595_AGCTTGAAGTGGACGT.1,0,vemurafenib
Data34_GSM5022595_AGCTTGACAATACGCT.1,0,vemurafenib
Data34_GSM5022595_AGCTTGACACGACGAA.1,0,vemurafenib
Data34_GSM5022595_AGCTTGACACGGTGTC.1,0,vemurafenib
Data34_GSM5022595_AGCTTGACAGAGTGTG.1,0,vemurafenib
Data34_GSM5022595_AGCTTGAGTGGTACAG.1,0,vemurafenib
Data34_GSM5022595_AGCTTGATCGAGCCCA.1,0,vemurafenib
Data34_GSM5022595_AGCTTGATCGCCTGAG.1,0,vemurafenib
Data34_GSM5022595_AGCTTGATCTTGACGA.1,0,vemurafenib
Data34_GSM5022595_AGGCCACAGCGTTCCG.1,0,vemurafenib
Data34_GSM5022595_AGGCCACCACGGTAGA.1,0,vemurafenib
Data34_GSM5022595_AGGCCACCAGACAAAT.1,0,vemurafenib
Data34_GSM5022595_AGGCCACCATCAGTCA.1,0,vemurafenib
Data34_GSM5022595_AGGCCACGTAAACACA.1,0,vemurafenib
Data34_GSM5022595_AGGCCACGTAAACCTC.1,0,vemurafenib
Data34_GSM5022595_AGGCCACGTCATGCAT.1,0,vemurafenib
Data34_GSM5022595_AGGCCACGTCTCAACA.1,0,vemurafenib
Data34_GSM5022595_AGGCCACGTGAACCTT.1,0,vemurafenib
Data34_GSM5022595_AGGCCACGTGACGGTA.1,0,vemurafenib
Data34_GSM5022595_AGGCCACTCTACGAGT.1,0,vemurafenib
Data34_GSM5022595_AGGCCGTAGAGGTAGA.1,0,vemurafenib
Data34_GSM5022595_AGGCCGTAGCTAGGCA.1,0,vemurafenib
Data34_GSM5022595_AGGCCGTCAAGAGGCT.1,0,vemurafenib
Data34_GSM5022595_AGGCCGTCAGATTGCT.1,0,vemurafenib
Data34_GSM5022595_AGGCCGTGTCATACTG.1,0,vemurafenib
Data34_GSM5022595_AGGCCGTGTCTAAAGA.1,0,vemurafenib
Data34_GSM5022595_AGGCCGTTCCGTTGTC.1,0,vemurafenib
Data34_GSM5022595_AGGCCGTTCCTCAATT.1,0,vemurafenib
Data34_GSM5022595_AGGCCGTTCCTTGCCA.1,0,vemurafenib
Data34_GSM5022595_AGGCCGTTCTTAACCT.1,0,vemurafenib
Data34_GSM5022595_AGGGAGTAGGATGTAT.1,0,vemurafenib
Data34_GSM5022595_AGGGAGTAGTCTTGCA.1,0,vemurafenib
Data34_GSM5022595_AGGGAGTAGTTTCCTT.1,0,vemurafenib
Data34_GSM5022595_AGGGAGTCAATAAGCA.1,0,vemurafenib
Data34_GSM5022595_AGGGAGTCACTCAGGC.1,0,vemurafenib
Data34_GSM5022595_AGGGAGTCATGACATC.1,0,vemurafenib
Data34_GSM5022595_AGGGAGTGTCAGGACA.1,0,vemurafenib
Data34_GSM5022595_AGGGAGTGTCTAAACC.1,0,vemurafenib
Data34_GSM5022595_AGGGAGTTCCGGCACA.1,0,vemurafenib
Data34_GSM5022595_AGGGAGTTCGGCTACG.1,0,vemurafenib
Data34_GSM5022595_AGGGATGAGACAAAGG.1,0,vemurafenib
Data34_GSM5022595_AGGGATGAGGGCTCTC.1,0,vemurafenib
Data34_GSM5022595_AGGGATGCAAAGCGGT.1,0,vemurafenib
Data34_GSM5022595_AGGGATGCAAGTCTAC.1,0,vemurafenib
Data34_GSM5022595_AGGGATGCACTTCGAA.1,0,vemurafenib
Data34_GSM5022595_AGGGATGCAGCCTGTG.1,0,vemurafenib
Data34_GSM5022595_AGGGATGCAGTTAACC.1,0,vemurafenib
Data34_GSM5022595_AGGGATGGTGCGCTTG.1,0,vemurafenib
Data34_GSM5022595_AGGGATGGTGCTCTTC.1,0,vemurafenib
Data34_GSM5022595_AGGGATGTCATTGCGA.1,0,vemurafenib
Data34_GSM5022595_AGGGATGTCGCGCCAA.1,0,vemurafenib
Data34_GSM5022595_AGGGTGAAGCCAGTAG.1,0,vemurafenib
Data34_GSM5022595_AGGGTGAAGGCTACGA.1,0,vemurafenib
Data34_GSM5022595_AGGGTGAAGTGGAGTC.1,0,vemurafenib
Data34_GSM5022595_AGGGTGAAGTTACGGG.1,0,vemurafenib
Data34_GSM5022595_AGGGTGACAGGCAGTA.1,0,vemurafenib
Data34_GSM5022595_AGGGTGACATATACGC.1,0,vemurafenib
Data34_GSM5022595_AGGGTGACATCCTTGC.1,0,vemurafenib
Data34_GSM5022595_AGGGTGAGTGGGTATG.1,0,vemurafenib
Data34_GSM5022595_AGGGTGAGTGTGAAAT.1,0,vemurafenib
Data34_GSM5022595_AGGGTGAGTTAAGGGC.1,0,vemurafenib
Data34_GSM5022595_AGGGTGAGTTCCATGA.1,0,vemurafenib
Data34_GSM5022595_AGGTCATAGACTGTAA.1,0,vemurafenib
Data34_GSM5022595_AGGTCATAGATAGGAG.1,0,vemurafenib
Data34_GSM5022595_AGGTCATAGCAAATCA.1,0,vemurafenib
Data34_GSM5022595_AGGTCATAGCGATGAC.1,0,vemurafenib
Data34_GSM5022595_AGGTCATCAAAGAATC.1,0,vemurafenib
Data34_GSM5022595_AGGTCATCAGCCAGAA.1,0,vemurafenib
Data34_GSM5022595_AGGTCATGTAATCACC.1,0,vemurafenib
Data34_GSM5022595_AGGTCATGTACTCTCC.1,0,vemurafenib
Data34_GSM5022595_AGGTCATGTCTAGCGC.1,0,vemurafenib
Data34_GSM5022595_AGGTCATGTGTAACGG.1,0,vemurafenib
Data34_GSM5022595_AGGTCATTCTCAAACG.1,0,vemurafenib
Data34_GSM5022595_AGGTCATTCTTGCAAG.1,0,vemurafenib
Data34_GSM5022595_AGGTCCGAGATCACGG.1,0,vemurafenib
Data34_GSM5022595_AGGTCCGAGATCTGCT.1,0,vemurafenib
Data34_GSM5022595_AGGTCCGAGGCGACAT.1,0,vemurafenib
Data34_GSM5022595_AGGTCCGAGTGATCGG.1,0,vemurafenib
Data34_GSM5022595_AGGTCCGAGTTCGCAT.1,0,vemurafenib
Data34_GSM5022595_AGGTCCGCAAAGCGGT.1,0,vemurafenib
Data34_GSM5022595_AGGTCCGCATTGGGCC.1,0,vemurafenib
Data34_GSM5022595_AGGTCCGGTAGCTCCG.1,0,vemurafenib
Data34_GSM5022595_AGGTCCGGTGCGGTAA.1,0,vemurafenib
Data34_GSM5022595_AGGTCCGGTGTCAATC.1,0,vemurafenib
Data34_GSM5022595_AGTAGTCAGACGCACA.1,0,vemurafenib
Data34_GSM5022595_AGTAGTCAGATCTGCT.1,0,vemurafenib
Data34_GSM5022595_AGTAGTCAGCGTCAAG.1,0,vemurafenib
Data34_GSM5022595_AGTAGTCAGTCACGCC.1,0,vemurafenib
Data34_GSM5022595_AGTAGTCCACCAGGCT.1,0,vemurafenib
Data34_GSM5022595_AGTAGTCCACGCATCG.1,0,vemurafenib
Data34_GSM5022595_AGTAGTCCATCATCCC.1,0,vemurafenib
Data34_GSM5022595_AGTAGTCCATCCTAGA.1,0,vemurafenib
Data34_GSM5022595_AGTAGTCCATGCCTTC.1,0,vemurafenib
Data34_GSM5022595_AGTAGTCGTATTCGTG.1,0,vemurafenib
Data34_GSM5022595_AGTAGTCGTCGCATAT.1,0,vemurafenib
Data34_GSM5022595_AGTAGTCGTTATGCGT.1,0,vemurafenib
Data34_GSM5022595_AGTAGTCGTTTGTTGG.1,0,vemurafenib
Data34_GSM5022595_AGTAGTCTCAGCATGT.1,0,vemurafenib
Data34_GSM5022595_AGTAGTCTCTGCTGTC.1,0,vemurafenib
Data34_GSM5022595_AGTCTTTAGACTACAA.1,0,vemurafenib
Data34_GSM5022595_AGTCTTTAGTCCATAC.1,0,vemurafenib
Data34_GSM5022595_AGTCTTTCATCCGTGG.1,0,vemurafenib
Data34_GSM5022595_AGTCTTTGTCCCGACA.1,0,vemurafenib
Data34_GSM5022595_AGTCTTTTCACTCCTG.1,0,vemurafenib
Data34_GSM5022595_AGTCTTTTCAGCTCTC.1,0,vemurafenib
Data34_GSM5022595_AGTCTTTTCGGCGCAT.1,0,vemurafenib
Data34_GSM5022595_AGTCTTTTCTGAAAGA.1,0,vemurafenib
Data34_GSM5022595_AGTGAGGAGCTGTTCA.1,0,vemurafenib
Data34_GSM5022595_AGTGAGGGTCCATCCT.1,0,vemurafenib
Data34_GSM5022595_AGTGAGGGTGTGCGTC.1,0,vemurafenib
Data34_GSM5022595_AGTGAGGGTTGAGGTG.1,0,vemurafenib
Data34_GSM5022595_AGTGAGGTCCATTCTA.1,0,vemurafenib
Data34_GSM5022595_AGTGAGGTCGAATGCT.1,0,vemurafenib
Data34_GSM5022595_AGTGGGAAGACCGGAT.1,0,vemurafenib
Data34_GSM5022595_AGTGGGAAGTGACATA.1,0,vemurafenib
Data34_GSM5022595_AGTGGGACAAGGCTCC.1,0,vemurafenib
Data34_GSM5022595_AGTGGGACACACAGAG.1,0,vemurafenib
Data34_GSM5022595_AGTGGGACATATGAGA.1,0,vemurafenib
Data34_GSM5022595_AGTGGGAGTCATGCCG.1,0,vemurafenib
Data34_GSM5022595_AGTGGGAGTGGGTCAA.1,0,vemurafenib
Data34_GSM5022595_AGTGGGAGTGTGAATA.1,0,vemurafenib
Data34_GSM5022595_AGTGGGATCGTTTAGG.1,0,vemurafenib
Data34_GSM5022595_AGTGTCACACCCTATC.1,0,vemurafenib
Data34_GSM5022595_AGTGTCACACGGACAA.1,0,vemurafenib
Data34_GSM5022595_AGTGTCAGTAGCCTCG.1,0,vemurafenib
Data34_GSM5022595_AGTGTCAGTCCGACGT.1,0,vemurafenib
Data34_GSM5022595_AGTGTCAGTTAAGTAG.1,0,vemurafenib
Data34_GSM5022595_AGTGTCATCAACGCTA.1,0,vemurafenib
Data34_GSM5022595_AGTGTCATCATGCATG.1,0,vemurafenib
Data34_GSM5022595_AGTGTCATCCTAAGTG.1,0,vemurafenib
Data34_GSM5022595_AGTGTCATCTCGGACG.1,0,vemurafenib
Data34_GSM5022595_AGTTGGTAGAGTCGGT.1,0,vemurafenib
Data34_GSM5022595_AGTTGGTAGCCGTCGT.1,0,vemurafenib
Data34_GSM5022595_AGTTGGTAGGTGATTA.1,0,vemurafenib
Data34_GSM5022595_AGTTGGTAGGTGCTTT.1,0,vemurafenib
Data34_GSM5022595_AGTTGGTAGTTAAGTG.1,0,vemurafenib
Data34_GSM5022595_AGTTGGTCAAGCCTAT.1,0,vemurafenib
Data34_GSM5022595_AGTTGGTCATCGATTG.1,0,vemurafenib
Data34_GSM5022595_AGTTGGTGTACAAGTA.1,0,vemurafenib
Data34_GSM5022595_AGTTGGTGTACAGCAG.1,0,vemurafenib
Data34_GSM5022595_AGTTGGTGTTACAGAA.1,0,vemurafenib
Data34_GSM5022595_AGTTGGTTCACTTACT.1,0,vemurafenib
Data34_GSM5022595_AGTTGGTTCCCTGACT.1,0,vemurafenib
Data34_GSM5022595_AGTTGGTTCGGATGGA.1,0,vemurafenib
Data34_GSM5022595_AGTTGGTTCTGTCTCG.1,0,vemurafenib
Data34_GSM5022595_ATAACGCAGAGCCCAA.1,0,vemurafenib
Data34_GSM5022595_ATAACGCAGGCTCAGA.1,0,vemurafenib
Data34_GSM5022595_ATAACGCAGTATCGAA.1,0,vemurafenib
Data34_GSM5022595_ATAACGCAGTGGGCTA.1,0,vemurafenib
Data34_GSM5022595_ATAACGCCAGGAATGC.1,0,vemurafenib
Data34_GSM5022595_ATAACGCCATGCCTTC.1,0,vemurafenib
Data34_GSM5022595_ATAACGCGTACTTCTT.1,0,vemurafenib
Data34_GSM5022595_ATAACGCGTCTCACCT.1,0,vemurafenib
Data34_GSM5022595_ATAACGCTCCGTTGTC.1,0,vemurafenib
Data34_GSM5022595_ATAACGCTCCTTTCTC.1,0,vemurafenib
Data34_GSM5022595_ATAACGCTCGGATGTT.1,0,vemurafenib
Data34_GSM5022595_ATAAGAGAGAGTCTGG.1,0,vemurafenib
Data34_GSM5022595_ATAAGAGCACGGACAA.1,0,vemurafenib
Data34_GSM5022595_ATAAGAGCACTAGTAC.1,0,vemurafenib
Data34_GSM5022595_ATAAGAGCAGGTTTCA.1,0,vemurafenib
Data34_GSM5022595_ATAAGAGCATAACCTG.1,0,vemurafenib
Data34_GSM5022595_ATAAGAGGTACCCAAT.1,0,vemurafenib
Data34_GSM5022595_ATAAGAGTCCCAACGG.1,0,vemurafenib
Data34_GSM5022595_ATAAGAGTCGGCTTGG.1,0,vemurafenib
Data34_GSM5022595_ATAGACCAGGGTCTCC.1,0,vemurafenib
Data34_GSM5022595_ATAGACCAGGGTTCCC.1,0,vemurafenib
Data34_GSM5022595_ATAGACCCAAGAAAGG.1,0,vemurafenib
Data34_GSM5022595_ATAGACCCAAGTACCT.1,0,vemurafenib
Data34_GSM5022595_ATAGACCGTCACAAGG.1,0,vemurafenib
Data34_GSM5022595_ATAGACCTCATTTGGG.1,0,vemurafenib
Data34_GSM5022595_ATAGACCTCGACAGCC.1,0,vemurafenib
Data34_GSM5022595_ATAGACCTCGGGAGTA.1,0,vemurafenib
Data34_GSM5022595_ATCACGAAGACAGAGA.1,0,vemurafenib
Data34_GSM5022595_ATCACGAAGGATGCGT.1,0,vemurafenib
Data34_GSM5022595_ATCACGAAGTGTACTC.1,0,vemurafenib
Data34_GSM5022595_ATCACGAAGTTCGATC.1,0,vemurafenib
Data34_GSM5022595_ATCACGACAGCAGTTT.1,0,vemurafenib
Data34_GSM5022595_ATCACGACATGAGCGA.1,0,vemurafenib
Data34_GSM5022595_ATCACGAGTACCGCTG.1,0,vemurafenib
Data34_GSM5022595_ATCACGAGTCAAGCGA.1,0,vemurafenib
Data34_GSM5022595_ATCACGAGTGGACGAT.1,0,vemurafenib
Data34_GSM5022595_ATCACGAGTTGGTTTG.1,0,vemurafenib
Data34_GSM5022595_ATCACGAGTTGTGGAG.1,0,vemurafenib
Data34_GSM5022595_ATCATCTAGCACACAG.1,0,vemurafenib
Data34_GSM5022595_ATCATCTAGCGCTCCA.1,0,vemurafenib
Data34_GSM5022595_ATCATCTAGCTGCCCA.1,0,vemurafenib
Data34_GSM5022595_ATCATCTAGTTATCGC.1,0,vemurafenib
Data34_GSM5022595_ATCATCTCAAACCTAC.1,0,vemurafenib
Data34_GSM5022595_ATCATCTCACCACGTG.1,0,vemurafenib
Data34_GSM5022595_ATCATCTCAGATGGGT.1,0,vemurafenib
Data34_GSM5022595_ATCATCTCATACTACG.1,0,vemurafenib
Data34_GSM5022595_ATCATCTTCCGCTGTT.1,0,vemurafenib
Data34_GSM5022595_ATCATCTTCGAATGGG.1,0,vemurafenib
Data34_GSM5022595_ATCATCTTCGTAGGTT.1,0,vemurafenib
Data34_GSM5022595_ATCATGGAGTGTCTCA.1,0,vemurafenib
Data34_GSM5022595_ATCATGGCAAGGTTCT.1,0,vemurafenib
Data34_GSM5022595_ATCATGGCATAGGATA.1,0,vemurafenib
Data34_GSM5022595_ATCATGGTCGTTGCCT.1,0,vemurafenib
Data34_GSM5022595_ATCATGGTCTTGGGTA.1,0,vemurafenib
Data34_GSM5022595_ATCCACCAGGGTGTTG.1,0,vemurafenib
Data34_GSM5022595_ATCCACCCACGCATCG.1,0,vemurafenib
Data34_GSM5022595_ATCCACCCATGCATGT.1,0,vemurafenib
Data34_GSM5022595_ATCCACCGTTAAGAAC.1,0,vemurafenib
Data34_GSM5022595_ATCCACCTCAGAGGTG.1,0,vemurafenib
Data34_GSM5022595_ATCCGAAAGCCCAACC.1,0,vemurafenib
Data34_GSM5022595_ATCCGAAAGCTTATCG.1,0,vemurafenib
Data34_GSM5022595_ATCCGAAAGGCAGTCA.1,0,vemurafenib
Data34_GSM5022595_ATCCGAAAGTGAATTG.1,0,vemurafenib
Data34_GSM5022595_ATCCGAAAGTGCAAGC.1,0,vemurafenib
Data34_GSM5022595_ATCCGAACAGACAGGT.1,0,vemurafenib
Data34_GSM5022595_ATCCGAACAGTATGCT.1,0,vemurafenib
Data34_GSM5022595_ATCCGAACATATGGTC.1,0,vemurafenib
Data34_GSM5022595_ATCCGAACATGGATGG.1,0,vemurafenib
Data34_GSM5022595_ATCCGAAGTCAACTGT.1,0,vemurafenib
Data34_GSM5022595_ATCCGAAGTCCAGTGC.1,0,vemurafenib
Data34_GSM5022595_ATCCGAAGTTGTCTTT.1,0,vemurafenib
Data34_GSM5022595_ATCCGAATCCGCAAGC.1,0,vemurafenib
Data34_GSM5022595_ATCCGAATCGACAGCC.1,0,vemurafenib
Data34_GSM5022595_ATCCGAATCGGATGGA.1,0,vemurafenib
Data34_GSM5022595_ATCGAGTAGACTCGGA.1,0,vemurafenib
Data34_GSM5022595_ATCGAGTAGCTGCCCA.1,0,vemurafenib
Data34_GSM5022595_ATCGAGTAGTCCCACG.1,0,vemurafenib
Data34_GSM5022595_ATCGAGTCATGCTAGT.1,0,vemurafenib
Data34_GSM5022595_ATCGAGTCATTCCTCG.1,0,vemurafenib
Data34_GSM5022595_ATCGAGTGTTGAACTC.1,0,vemurafenib
Data34_GSM5022595_ATCGAGTTCGGTCCGA.1,0,vemurafenib
Data34_GSM5022595_ATCGAGTTCTCAAGTG.1,0,vemurafenib
Data34_GSM5022595_ATCTACTGTCTGCGGT.1,0,vemurafenib
Data34_GSM5022595_ATCTACTGTTCACCTC.1,0,vemurafenib
Data34_GSM5022595_ATCTACTTCAAGGTAA.1,0,vemurafenib
Data34_GSM5022595_ATCTACTTCGTCGTTC.1,0,vemurafenib
Data34_GSM5022595_ATCTGCCCACCAGATT.1,0,vemurafenib
Data34_GSM5022595_ATCTGCCGTGTGGTTT.1,0,vemurafenib
Data34_GSM5022595_ATGAGGGCAGATGGCA.1,0,vemurafenib
Data34_GSM5022595_ATGAGGGCAGGTCTCG.1,0,vemurafenib
Data34_GSM5022595_ATGAGGGGTCAACATC.1,0,vemurafenib
Data34_GSM5022595_ATGAGGGTCATGTCTT.1,0,vemurafenib
Data34_GSM5022595_ATGAGGGTCGGAGGTA.1,0,vemurafenib
Data34_GSM5022595_ATGCGATAGACGCTTT.1,0,vemurafenib
Data34_GSM5022595_ATGCGATAGGACAGAA.1,0,vemurafenib
Data34_GSM5022595_ATGCGATCAACAACCT.1,0,vemurafenib
Data34_GSM5022595_ATGCGATCAAGCGAGT.1,0,vemurafenib
Data34_GSM5022595_ATGCGATGTGGCTCCA.1,0,vemurafenib
Data34_GSM5022595_ATGCGATTCCTAGGGC.1,0,vemurafenib
Data34_GSM5022595_ATGGGAGAGCTCCCAG.1,0,vemurafenib
Data34_GSM5022595_ATGGGAGCAGATCCAT.1,0,vemurafenib
Data34_GSM5022595_ATGGGAGCAGTTTACG.1,0,vemurafenib
Data34_GSM5022595_ATGGGAGGTCGACTGC.1,0,vemurafenib
Data34_GSM5022595_ATGGGAGGTCTCAACA.1,0,vemurafenib
Data34_GSM5022595_ATGGGAGGTTCCCTTG.1,0,vemurafenib
Data34_GSM5022595_ATGGGAGGTTGGTAAA.1,0,vemurafenib
Data34_GSM5022595_ATGGGAGTCCGGCACA.1,0,vemurafenib
Data34_GSM5022595_ATGTGTGAGGGTCGAT.1,0,vemurafenib
Data34_GSM5022595_ATGTGTGCAATAGCGG.1,0,vemurafenib
Data34_GSM5022595_ATGTGTGGTAGCCTAT.1,0,vemurafenib
Data34_GSM5022595_ATGTGTGGTCAATACC.1,0,vemurafenib
Data34_GSM5022595_ATGTGTGGTCTAGCGC.1,0,vemurafenib
Data34_GSM5022595_ATGTGTGGTGTGTGCC.1,0,vemurafenib
Data34_GSM5022595_ATGTGTGGTTCGGCAC.1,0,vemurafenib
Data34_GSM5022595_ATGTGTGTCACCGGGT.1,0,vemurafenib
Data34_GSM5022595_ATGTGTGTCTGGCGAC.1,0,vemurafenib
Data34_GSM5022595_ATTACTCAGCGTAGTG.1,0,vemurafenib
Data34_GSM5022595_ATTACTCAGGTAGCCA.1,0,vemurafenib
Data34_GSM5022595_ATTACTCGTTGAGGTG.1,0,vemurafenib
Data34_GSM5022595_ATTACTCTCGAGGTAG.1,0,vemurafenib
Data34_GSM5022595_ATTATCCAGAATTCCC.1,0,vemurafenib
Data34_GSM5022595_ATTATCCAGCGCCTCA.1,0,vemurafenib
Data34_GSM5022595_ATTATCCCAACTGCGC.1,0,vemurafenib
Data34_GSM5022595_ATTATCCCAAGAAGAG.1,0,vemurafenib
Data34_GSM5022595_ATTATCCCAATTCCTT.1,0,vemurafenib
Data34_GSM5022595_ATTATCCGTATTACCG.1,0,vemurafenib
Data34_GSM5022595_ATTATCCTCTCAAGTG.1,0,vemurafenib
Data34_GSM5022595_ATTATCCTCTGGTATG.1,0,vemurafenib
Data34_GSM5022595_ATTATCCTCTTAACCT.1,0,vemurafenib
Data34_GSM5022595_ATTCTACAGACCTTTG.1,0,vemurafenib
Data34_GSM5022595_ATTCTACAGATAGCAT.1,0,vemurafenib
Data34_GSM5022595_ATTCTACAGCCTCGTG.1,0,vemurafenib
Data34_GSM5022595_ATTCTACCAAATCCGT.1,0,vemurafenib
Data34_GSM5022595_ATTCTACCAAGAGTCG.1,0,vemurafenib
Data34_GSM5022595_ATTCTACCACGACGAA.1,0,vemurafenib
Data34_GSM5022595_ATTCTACGTCGGCTCA.1,0,vemurafenib
Data34_GSM5022595_ATTCTACGTGCTGTAT.1,0,vemurafenib
Data34_GSM5022595_ATTGGACAGCTGCGAA.1,0,vemurafenib
Data34_GSM5022595_ATTGGACCAAGAGGCT.1,0,vemurafenib
Data34_GSM5022595_ATTGGACCACACTGCG.1,0,vemurafenib
Data34_GSM5022595_ATTGGACCAGCGAACA.1,0,vemurafenib
Data34_GSM5022595_ATTGGACGTAAAGGAG.1,0,vemurafenib
Data34_GSM5022595_ATTGGACGTCGCGAAA.1,0,vemurafenib
Data34_GSM5022595_ATTGGACGTGGTACAG.1,0,vemurafenib
Data34_GSM5022595_ATTGGACGTTAAGATG.1,0,vemurafenib
Data34_GSM5022595_ATTGGACTCCCAGGTG.1,0,vemurafenib
Data34_GSM5022595_ATTGGACTCGTCCGTT.1,0,vemurafenib
Data34_GSM5022595_ATTGGTGCAACTTGAC.1,0,vemurafenib
Data34_GSM5022595_ATTGGTGCACAGGTTT.1,0,vemurafenib
Data34_GSM5022595_ATTGGTGCACGACGAA.1,0,vemurafenib
Data34_GSM5022595_ATTGGTGCACGCTTTC.1,0,vemurafenib
Data34_GSM5022595_ATTGGTGGTCGCCATG.1,0,vemurafenib
Data34_GSM5022595_ATTGGTGGTCTCCACT.1,0,vemurafenib
Data34_GSM5022595_ATTGGTGGTGTGTGCC.1,0,vemurafenib
Data34_GSM5022595_ATTGGTGTCGCATGGC.1,0,vemurafenib
Data34_GSM5022595_ATTTCTGAGGACAGAA.1,0,vemurafenib
Data34_GSM5022595_ATTTCTGCACCGTTGG.1,0,vemurafenib
Data34_GSM5022595_ATTTCTGCAGGTTTCA.1,0,vemurafenib
Data34_GSM5022595_ATTTCTGGTAGGCATG.1,0,vemurafenib
Data34_GSM5022595_ATTTCTGGTCAACATC.1,0,vemurafenib
Data34_GSM5022595_ATTTCTGTCATAGCAC.1,0,vemurafenib
Data34_GSM5022595_ATTTCTGTCATGTGGT.1,0,vemurafenib
Data34_GSM5022595_ATTTCTGTCTCCTATA.1,0,vemurafenib
Data34_GSM5022595_CAACCAAAGTACATGA.1,0,vemurafenib
Data34_GSM5022595_CAACCAACATGGTCAT.1,0,vemurafenib
Data34_GSM5022595_CAACCAAGTAAGTGTA.1,0,vemurafenib
Data34_GSM5022595_CAACCAAGTACAGTTC.1,0,vemurafenib
Data34_GSM5022595_CAACCAAGTCACAAGG.1,0,vemurafenib
Data34_GSM5022595_CAACCAAGTCGCGTGT.1,0,vemurafenib
Data34_GSM5022595_CAACCAATCCACGACG.1,0,vemurafenib
Data34_GSM5022595_CAACCAATCTCGCATC.1,0,vemurafenib
Data34_GSM5022595_CAACCTCAGATAGGAG.1,0,vemurafenib
Data34_GSM5022595_CAACCTCAGCCACGCT.1,0,vemurafenib
Data34_GSM5022595_CAACCTCAGCGTTCCG.1,0,vemurafenib
Data34_GSM5022595_CAACCTCCAATGTTGC.1,0,vemurafenib
Data34_GSM5022595_CAACCTCCAGATGAGC.1,0,vemurafenib
Data34_GSM5022595_CAACCTCCAGGCTGAA.1,0,vemurafenib
Data34_GSM5022595_CAACCTCCATTTGCCC.1,0,vemurafenib
Data34_GSM5022595_CAACCTCGTAAATACG.1,0,vemurafenib
Data34_GSM5022595_CAACCTCGTAAGAGGA.1,0,vemurafenib
Data34_GSM5022595_CAACCTCGTGTGGTTT.1,0,vemurafenib
Data34_GSM5022595_CAACCTCTCACCCTCA.1,0,vemurafenib
Data34_GSM5022595_CAACCTCTCACGGTTA.1,0,vemurafenib
Data34_GSM5022595_CAACCTCTCTCACATT.1,0,vemurafenib
Data34_GSM5022595_CAACTAGAGACTTGAA.1,0,vemurafenib
Data34_GSM5022595_CAACTAGAGAGAGCTC.1,0,vemurafenib
Data34_GSM5022595_CAACTAGAGATGTAAC.1,0,vemurafenib
Data34_GSM5022595_CAACTAGCAAGTCTAC.1,0,vemurafenib
Data34_GSM5022595_CAACTAGCAGCCAATT.1,0,vemurafenib
Data34_GSM5022595_CAACTAGGTAAGCACG.1,0,vemurafenib
Data34_GSM5022595_CAACTAGGTAGTACCT.1,0,vemurafenib
Data34_GSM5022595_CAACTAGGTCAGCTAT.1,0,vemurafenib
Data34_GSM5022595_CAACTAGGTCTTTCAT.1,0,vemurafenib
Data34_GSM5022595_CAACTAGTCACGATGT.1,0,vemurafenib
Data34_GSM5022595_CAACTAGTCCACTCCA.1,0,vemurafenib
Data34_GSM5022595_CAACTAGTCCGTAGTA.1,0,vemurafenib
Data34_GSM5022595_CAAGAAAAGCATCATC.1,0,vemurafenib
Data34_GSM5022595_CAAGAAAAGCGATTCT.1,0,vemurafenib
Data34_GSM5022595_CAAGAAAAGTCACGCC.1,0,vemurafenib
Data34_GSM5022595_CAAGAAACACGCATCG.1,0,vemurafenib
Data34_GSM5022595_CAAGAAACAGGGTATG.1,0,vemurafenib
Data34_GSM5022595_CAAGAAACATTATCTC.1,0,vemurafenib
Data34_GSM5022595_CAAGAAACATTTCACT.1,0,vemurafenib
Data34_GSM5022595_CAAGAAAGTACTTAGC.1,0,vemurafenib
Data34_GSM5022595_CAAGAAAGTATGAATG.1,0,vemurafenib
Data34_GSM5022595_CAAGAAAGTCAAAGAT.1,0,vemurafenib
Data34_GSM5022595_CAAGAAAGTGGTTTCA.1,0,vemurafenib
Data34_GSM5022595_CAAGAAAGTTGGTAAA.1,0,vemurafenib
Data34_GSM5022595_CAAGAAATCCACGTTC.1,0,vemurafenib
Data34_GSM5022595_CAAGAAATCCGAACGC.1,0,vemurafenib
Data34_GSM5022595_CAAGAAATCGGAGCAA.1,0,vemurafenib
Data34_GSM5022595_CAAGATCAGAGCTTCT.1,0,vemurafenib
Data34_GSM5022595_CAAGATCAGATCACGG.1,0,vemurafenib
Data34_GSM5022595_CAAGATCAGATGTTAG.1,0,vemurafenib
Data34_GSM5022595_CAAGATCAGCAGATCG.1,0,vemurafenib
Data34_GSM5022595_CAAGATCAGGAGTTGC.1,0,vemurafenib
Data34_GSM5022595_CAAGATCGTTACCGAT.1,0,vemurafenib
Data34_GSM5022595_CAAGATCGTTATTCTC.1,0,vemurafenib
Data34_GSM5022595_CAAGATCGTTCAACCA.1,0,vemurafenib
Data34_GSM5022595_CAAGATCTCACGAAGG.1,0,vemurafenib
Data34_GSM5022595_CAAGATCTCACGATGT.1,0,vemurafenib
Data34_GSM5022595_CAAGATCTCCAGGGCT.1,0,vemurafenib
Data34_GSM5022595_CAAGATCTCTTAGCCC.1,0,vemurafenib
Data34_GSM5022595_CAAGGCCAGGGAAACA.1,0,vemurafenib
Data34_GSM5022595_CAAGGCCCAAAGAATC.1,0,vemurafenib
Data34_GSM5022595_CAAGGCCCACTATCTT.1,0,vemurafenib
Data34_GSM5022595_CAAGGCCCAGCTGTTA.1,0,vemurafenib
Data34_GSM5022595_CAAGGCCCATCGACGC.1,0,vemurafenib
Data34_GSM5022595_CAAGGCCGTACACCGC.1,0,vemurafenib
Data34_GSM5022595_CAAGGCCGTAGAAAGG.1,0,vemurafenib
Data34_GSM5022595_CAAGGCCGTCTTCTCG.1,0,vemurafenib
Data34_GSM5022595_CAAGGCCGTGCTAGCC.1,0,vemurafenib
Data34_GSM5022595_CAAGGCCGTTATTCTC.1,0,vemurafenib
Data34_GSM5022595_CAAGGCCGTTGTTTGG.1,0,vemurafenib
Data34_GSM5022595_CAAGGCCTCCACGAAT.1,0,vemurafenib
Data34_GSM5022595_CAAGGCCTCGCCTGTT.1,0,vemurafenib
Data34_GSM5022595_CAAGGCCTCGGAAACG.1,0,vemurafenib
Data34_GSM5022595_CAAGTTGAGATAGGAG.1,0,vemurafenib
Data34_GSM5022595_CAAGTTGAGCAGGCTA.1,0,vemurafenib
Data34_GSM5022595_CAAGTTGCAAACTGCT.1,0,vemurafenib
Data34_GSM5022595_CAAGTTGCACTCTGTC.1,0,vemurafenib
Data34_GSM5022595_CAAGTTGCATAAAGGT.1,0,vemurafenib
Data34_GSM5022595_CAAGTTGCATCGACGC.1,0,vemurafenib
Data34_GSM5022595_CAAGTTGGTACATCCA.1,0,vemurafenib
Data34_GSM5022595_CAAGTTGGTCAGATAA.1,0,vemurafenib
Data34_GSM5022595_CAAGTTGGTGTCCTCT.1,0,vemurafenib
Data34_GSM5022595_CAAGTTGTCATCGCTC.1,0,vemurafenib
Data34_GSM5022595_CACAAACAGGATGGTC.1,0,vemurafenib
Data34_GSM5022595_CACAAACAGTACGCGA.1,0,vemurafenib
Data34_GSM5022595_CACAAACCAAGCGCTC.1,0,vemurafenib
Data34_GSM5022595_CACAAACGTTCCAACA.1,0,vemurafenib
Data34_GSM5022595_CACAAACTCATCACCC.1,0,vemurafenib
Data34_GSM5022595_CACAAACTCATCTGCC.1,0,vemurafenib
Data34_GSM5022595_CACAAACTCCCTAACC.1,0,vemurafenib
Data34_GSM5022595_CACAAACTCGAATGCT.1,0,vemurafenib
Data34_GSM5022595_CACAAACTCTAACTGG.1,0,vemurafenib
Data34_GSM5022595_CACACAAAGACTACAA.1,0,vemurafenib
Data34_GSM5022595_CACACAAAGCTGCGAA.1,0,vemurafenib
Data34_GSM5022595_CACACAAAGTCCAGGA.1,0,vemurafenib
Data34_GSM5022595_CACACAACACCCATTC.1,0,vemurafenib
Data34_GSM5022595_CACACAACATTCTCAT.1,0,vemurafenib
Data34_GSM5022595_CACACAATCGCCAGCA.1,0,vemurafenib
Data34_GSM5022595_CACACAATCGTTTAGG.1,0,vemurafenib
Data34_GSM5022595_CACACCTAGACCCACC.1,0,vemurafenib
Data34_GSM5022595_CACACCTAGATGCGAC.1,0,vemurafenib
Data34_GSM5022595_CACACCTCAGCTCCGA.1,0,vemurafenib
Data34_GSM5022595_CACACCTCATCCGGGT.1,0,vemurafenib
Data34_GSM5022595_CACACCTCATCTCCCA.1,0,vemurafenib
Data34_GSM5022595_CACACCTCATGTCCTC.1,0,vemurafenib
Data34_GSM5022595_CACACCTGTATCGCAT.1,0,vemurafenib
Data34_GSM5022595_CACACCTGTCTAGTCA.1,0,vemurafenib
Data34_GSM5022595_CACACCTGTGCTCTTC.1,0,vemurafenib
Data34_GSM5022595_CACACCTGTGGGTCAA.1,0,vemurafenib
Data34_GSM5022595_CACACCTTCACAATGC.1,0,vemurafenib
Data34_GSM5022595_CACACCTTCCTAGTGA.1,0,vemurafenib
Data34_GSM5022595_CACACCTTCTCTAGGA.1,0,vemurafenib
Data34_GSM5022595_CACACTCAGATATGGT.1,0,vemurafenib
Data34_GSM5022595_CACACTCAGCAGCCTC.1,0,vemurafenib
Data34_GSM5022595_CACACTCAGTGGAGAA.1,0,vemurafenib
Data34_GSM5022595_CACACTCAGTGTACTC.1,0,vemurafenib
Data34_GSM5022595_CACACTCAGTGTGGCA.1,0,vemurafenib
Data34_GSM5022595_CACACTCCACTGAAGG.1,0,vemurafenib
Data34_GSM5022595_CACACTCCACTTAAGC.1,0,vemurafenib
Data34_GSM5022595_CACACTCGTAGCTTGT.1,0,vemurafenib
Data34_GSM5022595_CACACTCGTGATAAAC.1,0,vemurafenib
Data34_GSM5022595_CACACTCGTGCGATAG.1,0,vemurafenib
Data34_GSM5022595_CACACTCTCCAAGTAC.1,0,vemurafenib
Data34_GSM5022595_CACACTCTCGGTTCGG.1,0,vemurafenib
Data34_GSM5022595_CACAGGCAGACCTTTG.1,0,vemurafenib
Data34_GSM5022595_CACAGGCAGGCAATTA.1,0,vemurafenib
Data34_GSM5022595_CACAGGCAGGTGTTAA.1,0,vemurafenib
Data34_GSM5022595_CACAGGCAGTTAACGA.1,0,vemurafenib
Data34_GSM5022595_CACAGGCGTCCGAAGA.1,0,vemurafenib
Data34_GSM5022595_CACAGTAAGAGACTAT.1,0,vemurafenib
Data34_GSM5022595_CACAGTACAACTGCTA.1,0,vemurafenib
Data34_GSM5022595_CACAGTACAAGAGGCT.1,0,vemurafenib
Data34_GSM5022595_CACAGTACACCAACCG.1,0,vemurafenib
Data34_GSM5022595_CACAGTAGTGATGATA.1,0,vemurafenib
Data34_GSM5022595_CACAGTAGTGTATGGG.1,0,vemurafenib
Data34_GSM5022595_CACAGTATCCGTACAA.1,0,vemurafenib
Data34_GSM5022595_CACATAGAGTCGAGTG.1,0,vemurafenib
Data34_GSM5022595_CACATAGCAGCGTCCA.1,0,vemurafenib
Data34_GSM5022595_CACATAGCATATACCG.1,0,vemurafenib
Data34_GSM5022595_CACATAGGTCACCTAA.1,0,vemurafenib
Data34_GSM5022595_CACATAGGTGACTCAT.1,0,vemurafenib
Data34_GSM5022595_CACATAGGTGCTAGCC.1,0,vemurafenib
Data34_GSM5022595_CACATAGTCCTTCAAT.1,0,vemurafenib
Data34_GSM5022595_CACATAGTCGTCTGCT.1,0,vemurafenib
Data34_GSM5022595_CACATAGTCTAACGGT.1,0,vemurafenib
Data34_GSM5022595_CACATAGTCTTTACAC.1,0,vemurafenib
Data34_GSM5022595_CACATTTAGAGGTAGA.1,0,vemurafenib
Data34_GSM5022595_CACATTTAGGGCTCTC.1,0,vemurafenib
Data34_GSM5022595_CACATTTCATCCTTGC.1,0,vemurafenib
Data34_GSM5022595_CACATTTGTCAAACTC.1,0,vemurafenib
Data34_GSM5022595_CACATTTGTTCTGGTA.1,0,vemurafenib
Data34_GSM5022595_CACCACTAGAATAGGG.1,0,vemurafenib
Data34_GSM5022595_CACCACTAGAATTCCC.1,0,vemurafenib
Data34_GSM5022595_CACCACTAGGATGCGT.1,0,vemurafenib
Data34_GSM5022595_CACCACTAGGCCCTTG.1,0,vemurafenib
Data34_GSM5022595_CACCACTCAATAAGCA.1,0,vemurafenib
Data34_GSM5022595_CACCACTGTGACTACT.1,0,vemurafenib
Data34_GSM5022595_CACCAGGAGTGGCACA.1,0,vemurafenib
Data34_GSM5022595_CACCAGGGTACTTCTT.1,0,vemurafenib
Data34_GSM5022595_CACCAGGGTTAAGACA.1,0,vemurafenib
Data34_GSM5022595_CACCAGGTCAGGATCT.1,0,vemurafenib
Data34_GSM5022595_CACCAGGTCATCTGTT.1,0,vemurafenib
Data34_GSM5022595_CACCTTGAGGGATCTG.1,0,vemurafenib
Data34_GSM5022595_CACCTTGAGGGTCGAT.1,0,vemurafenib
Data34_GSM5022595_CACCTTGAGTGGTCCC.1,0,vemurafenib
Data34_GSM5022595_CACCTTGAGTTACCCA.1,0,vemurafenib
Data34_GSM5022595_CACCTTGAGTTACGGG.1,0,vemurafenib
Data34_GSM5022595_CACCTTGCAAGCCCAC.1,0,vemurafenib
Data34_GSM5022595_CACCTTGCAGGTCTCG.1,0,vemurafenib
Data34_GSM5022595_CACCTTGCATTCACTT.1,0,vemurafenib
Data34_GSM5022595_CACCTTGGTCGCATCG.1,0,vemurafenib
Data34_GSM5022595_CACCTTGGTCTGCAAT.1,0,vemurafenib
Data34_GSM5022595_CACCTTGTCCAGATCA.1,0,vemurafenib
Data34_GSM5022595_CACCTTGTCTCATTCA.1,0,vemurafenib
Data34_GSM5022595_CACTCCAAGAGTAATC.1,0,vemurafenib
Data34_GSM5022595_CACTCCAAGCCTTGAT.1,0,vemurafenib
Data34_GSM5022595_CACTCCAAGGGTTTCT.1,0,vemurafenib
Data34_GSM5022595_CACTCCACACAGCCCA.1,0,vemurafenib
Data34_GSM5022595_CACTCCACAGGATCGA.1,0,vemurafenib
Data34_GSM5022595_CACTCCACATGTCTCC.1,0,vemurafenib
Data34_GSM5022595_CACTCCAGTCACACGC.1,0,vemurafenib
Data34_GSM5022595_CACTCCAGTCATCCCT.1,0,vemurafenib
Data34_GSM5022595_CACTCCATCTAAGCCA.1,0,vemurafenib
Data34_GSM5022595_CACTCCATCTATCCTA.1,0,vemurafenib
Data34_GSM5022595_CAGAATCAGAGGTACC.1,0,vemurafenib
Data34_GSM5022595_CAGAATCAGCGATATA.1,0,vemurafenib
Data34_GSM5022595_CAGAATCAGGAATGGA.1,0,vemurafenib
Data34_GSM5022595_CAGAATCCACTACAGT.1,0,vemurafenib
Data34_GSM5022595_CAGAATCCAGCCTTGG.1,0,vemurafenib
Data34_GSM5022595_CAGAATCCAGTGGGAT.1,0,vemurafenib
Data34_GSM5022595_CAGAATCCATGTCCTC.1,0,vemurafenib
Data34_GSM5022595_CAGAATCGTGACCAAG.1,0,vemurafenib
Data34_GSM5022595_CAGAATCTCAAACGGG.1,0,vemurafenib
Data34_GSM5022595_CAGAATCTCACCATAG.1,0,vemurafenib
Data34_GSM5022595_CAGAATCTCCCAAGTA.1,0,vemurafenib
Data34_GSM5022595_CAGAGAGAGAGTACCG.1,0,vemurafenib
Data34_GSM5022595_CAGAGAGAGTATTGGA.1,0,vemurafenib
Data34_GSM5022595_CAGAGAGAGTTGTCGT.1,0,vemurafenib
Data34_GSM5022595_CAGAGAGGTAAACCTC.1,0,vemurafenib
Data34_GSM5022595_CAGAGAGGTACCGAGA.1,0,vemurafenib
Data34_GSM5022595_CAGAGAGGTACGACCC.1,0,vemurafenib
Data34_GSM5022595_CAGAGAGTCAACACCA.1,0,vemurafenib
Data34_GSM5022595_CAGAGAGTCATAACCG.1,0,vemurafenib
Data34_GSM5022595_CAGAGAGTCTGCTTGC.1,0,vemurafenib
Data34_GSM5022595_CAGATCACAAGAGTCG.1,0,vemurafenib
Data34_GSM5022595_CAGATCACAGAAGCAC.1,0,vemurafenib
Data34_GSM5022595_CAGATCACATGGTAGG.1,0,vemurafenib
Data34_GSM5022595_CAGATCACATGTTCCC.1,0,vemurafenib
Data34_GSM5022595_CAGATCAGTCTCATCC.1,0,vemurafenib
Data34_GSM5022595_CAGATCAGTGCAGTAG.1,0,vemurafenib
Data34_GSM5022595_CAGATCAGTGTTAAGA.1,0,vemurafenib
Data34_GSM5022595_CAGATCATCATGCATG.1,0,vemurafenib
Data34_GSM5022595_CAGATCATCCCAGGTG.1,0,vemurafenib
Data34_GSM5022595_CAGATCATCCGATATG.1,0,vemurafenib
Data34_GSM5022595_CAGATCATCGCCTGTT.1,0,vemurafenib
Data34_GSM5022595_CAGATCATCGTTACGA.1,0,vemurafenib
Data34_GSM5022595_CAGATCATCTAACGGT.1,0,vemurafenib
Data34_GSM5022595_CAGATCATCTTCATGT.1,0,vemurafenib
Data34_GSM5022595_CAGCAGCCAACACGCC.1,0,vemurafenib
Data34_GSM5022595_CAGCAGCCAACTGCTA.1,0,vemurafenib
Data34_GSM5022595_CAGCAGCCACCAACCG.1,0,vemurafenib
Data34_GSM5022595_CAGCAGCCAGCCACCA.1,0,vemurafenib
Data34_GSM5022595_CAGCAGCCATGTCGAT.1,0,vemurafenib
Data34_GSM5022595_CAGCATAAGATGTGGC.1,0,vemurafenib
Data34_GSM5022595_CAGCATACACGCATCG.1,0,vemurafenib
Data34_GSM5022595_CAGCATACAGGGTATG.1,0,vemurafenib
Data34_GSM5022595_CAGCATAGTGATGTGG.1,0,vemurafenib
Data34_GSM5022595_CAGCATAGTGCTAGCC.1,0,vemurafenib
Data34_GSM5022595_CAGCATATCCATGAAC.1,0,vemurafenib
Data34_GSM5022595_CAGCCGAAGCTCTCGG.1,0,vemurafenib
Data34_GSM5022595_CAGCCGAGTCATCCCT.1,0,vemurafenib
Data34_GSM5022595_CAGCGACAGGTGACCA.1,0,vemurafenib
Data34_GSM5022595_CAGCGACAGTGAACGC.1,0,vemurafenib
Data34_GSM5022595_CAGCGACCAATGGAGC.1,0,vemurafenib
Data34_GSM5022595_CAGCGACCACCTCGGA.1,0,vemurafenib
Data34_GSM5022595_CAGCGACCATATGCTG.1,0,vemurafenib
Data34_GSM5022595_CAGCGACGTAACGCGA.1,0,vemurafenib
Data34_GSM5022595_CAGCGACGTAGCCTCG.1,0,vemurafenib
Data34_GSM5022595_CAGCGACTCAGAAATG.1,0,vemurafenib
Data34_GSM5022595_CAGCTAAAGAAACCAT.1,0,vemurafenib
Data34_GSM5022595_CAGCTAAAGAGCTTCT.1,0,vemurafenib
Data34_GSM5022595_CAGCTAAAGATAGTCA.1,0,vemurafenib
Data34_GSM5022595_CAGCTAAAGGCAAAGA.1,0,vemurafenib
Data34_GSM5022595_CAGCTAACACGACTCG.1,0,vemurafenib
Data34_GSM5022595_CAGCTAACAGTATGCT.1,0,vemurafenib
Data34_GSM5022595_CAGCTAAGTACTTGAC.1,0,vemurafenib
Data34_GSM5022595_CAGCTAAGTAGGCATG.1,0,vemurafenib
Data34_GSM5022595_CAGCTAATCAGTTCGA.1,0,vemurafenib
Data34_GSM5022595_CAGCTAATCCAGGGCT.1,0,vemurafenib
Data34_GSM5022595_CAGCTAATCGGCGCAT.1,0,vemurafenib
Data34_GSM5022595_CAGCTAATCGTGGGAA.1,0,vemurafenib
Data34_GSM5022595_CAGCTGGCAAGCGAGT.1,0,vemurafenib
Data34_GSM5022595_CAGCTGGCATCGTCGG.1,0,vemurafenib
Data34_GSM5022595_CAGCTGGGTTGTCTTT.1,0,vemurafenib
Data34_GSM5022595_CAGCTGGTCGAGAACG.1,0,vemurafenib
Data34_GSM5022595_CAGGTGCAGACACGAC.1,0,vemurafenib
Data34_GSM5022595_CAGGTGCAGTGACTCT.1,0,vemurafenib
Data34_GSM5022595_CAGGTGCCAAACGCGA.1,0,vemurafenib
Data34_GSM5022595_CAGGTGCCAGCTGTAT.1,0,vemurafenib
Data34_GSM5022595_CAGGTGCGTGCTGTAT.1,0,vemurafenib
Data34_GSM5022595_CAGGTGCGTTACGACT.1,0,vemurafenib
Data34_GSM5022595_CAGGTGCTCACTTCAT.1,0,vemurafenib
Data34_GSM5022595_CAGGTGCTCAGCTCGG.1,0,vemurafenib
Data34_GSM5022595_CAGGTGCTCTCTTGAT.1,0,vemurafenib
Data34_GSM5022595_CAGTAACAGAGTGACC.1,0,vemurafenib
Data34_GSM5022595_CAGTAACAGCTCCTCT.1,0,vemurafenib
Data34_GSM5022595_CAGTAACAGCTGTTCA.1,0,vemurafenib
Data34_GSM5022595_CAGTAACAGTCGTACT.1,0,vemurafenib
Data34_GSM5022595_CAGTAACAGTGTCTCA.1,0,vemurafenib
Data34_GSM5022595_CAGTAACAGTTGTAGA.1,0,vemurafenib
Data34_GSM5022595_CAGTAACCAACCGCCA.1,0,vemurafenib
Data34_GSM5022595_CAGTAACCACATGACT.1,0,vemurafenib
Data34_GSM5022595_CAGTAACCACGAAACG.1,0,vemurafenib
Data34_GSM5022595_CAGTAACCACGAAGCA.1,0,vemurafenib
Data34_GSM5022595_CAGTAACTCATCATTC.1,0,vemurafenib
Data34_GSM5022595_CAGTAACTCTCCGGTT.1,0,vemurafenib
Data34_GSM5022595_CAGTCCTAGATGTCGG.1,0,vemurafenib
Data34_GSM5022595_CAGTCCTAGCCACCTG.1,0,vemurafenib
Data34_GSM5022595_CAGTCCTAGCCCAATT.1,0,vemurafenib
Data34_GSM5022595_CAGTCCTAGCGCTCCA.1,0,vemurafenib
Data34_GSM5022595_CAGTCCTAGTTAACGA.1,0,vemurafenib
Data34_GSM5022595_CAGTCCTCAAACCTAC.1,0,vemurafenib
Data34_GSM5022595_CAGTCCTCACAGAGGT.1,0,vemurafenib
Data34_GSM5022595_CAGTCCTCACTCGACG.1,0,vemurafenib
Data34_GSM5022595_CAGTCCTGTCTAGTCA.1,0,vemurafenib
Data34_GSM5022595_CAGTCCTGTGACGCCT.1,0,vemurafenib
Data34_GSM5022595_CAGTCCTGTGCCTGCA.1,0,vemurafenib
Data34_GSM5022595_CAGTCCTTCCACTCCA.1,0,vemurafenib
Data34_GSM5022595_CAGTCCTTCTCCAACC.1,0,vemurafenib
Data34_GSM5022595_CATATGGAGACGCAAC.1,0,vemurafenib
Data34_GSM5022595_CATATGGAGACTTTCG.1,0,vemurafenib
Data34_GSM5022595_CATATGGAGAGCTTCT.1,0,vemurafenib
Data34_GSM5022595_CATATGGAGATAGTCA.1,0,vemurafenib
Data34_GSM5022595_CATATGGAGCGAGAAA.1,0,vemurafenib
Data34_GSM5022595_CATATGGAGCTCCTTC.1,0,vemurafenib
Data34_GSM5022595_CATATGGAGTCGAGTG.1,0,vemurafenib
Data34_GSM5022595_CATATGGAGTCGTACT.1,0,vemurafenib
Data34_GSM5022595_CATATGGCAAACTGCT.1,0,vemurafenib
Data34_GSM5022595_CATATGGCAATGTTGC.1,0,vemurafenib
Data34_GSM5022595_CATATGGCAGGGCATA.1,0,vemurafenib
Data34_GSM5022595_CATATGGCATCTCCCA.1,0,vemurafenib
Data34_GSM5022595_CATATGGGTCCCGACA.1,0,vemurafenib
Data34_GSM5022595_CATATGGGTTCGAATC.1,0,vemurafenib
Data34_GSM5022595_CATATTCAGACTCGGA.1,0,vemurafenib
Data34_GSM5022595_CATATTCAGTAGCCGA.1,0,vemurafenib
Data34_GSM5022595_CATATTCAGTGCCATT.1,0,vemurafenib
Data34_GSM5022595_CATATTCCAAGGTTCT.1,0,vemurafenib
Data34_GSM5022595_CATATTCGTAGCGATG.1,0,vemurafenib
Data34_GSM5022595_CATATTCGTCCCTTGT.1,0,vemurafenib
Data34_GSM5022595_CATATTCGTTAAAGTG.1,0,vemurafenib
Data34_GSM5022595_CATATTCTCATGTGGT.1,0,vemurafenib
Data34_GSM5022595_CATATTCTCCGTACAA.1,0,vemurafenib
Data34_GSM5022595_CATATTCTCTAGCACA.1,0,vemurafenib
Data34_GSM5022595_CATATTCTCTTCATGT.1,0,vemurafenib
Data34_GSM5022595_CATCAAGAGATAGCAT.1,0,vemurafenib
Data34_GSM5022595_CATCAAGAGATTACCC.1,0,vemurafenib
Data34_GSM5022595_CATCAAGAGCGTGAAC.1,0,vemurafenib
Data34_GSM5022595_CATCAAGAGCGTTGCC.1,0,vemurafenib
Data34_GSM5022595_CATCAAGAGTTCCACA.1,0,vemurafenib
Data34_GSM5022595_CATCAAGCACAGATTC.1,0,vemurafenib
Data34_GSM5022595_CATCAAGCACTGTCGG.1,0,vemurafenib
Data34_GSM5022595_CATCAAGCAGCGAACA.1,0,vemurafenib
Data34_GSM5022595_CATCAAGCATTGGTAC.1,0,vemurafenib
Data34_GSM5022595_CATCAAGGTATATCCG.1,0,vemurafenib
Data34_GSM5022595_CATCAAGGTCCAAGTT.1,0,vemurafenib
Data34_GSM5022595_CATCAAGGTTCTCATT.1,0,vemurafenib
Data34_GSM5022595_CATCAGAAGCGACGTA.1,0,vemurafenib
Data34_GSM5022595_CATCAGAAGTGTTGAA.1,0,vemurafenib
Data34_GSM5022595_CATCAGACAGATGGCA.1,0,vemurafenib
Data34_GSM5022595_CATCAGACATTCGACA.1,0,vemurafenib
Data34_GSM5022595_CATCAGAGTCAACTGT.1,0,vemurafenib
Data34_GSM5022595_CATCAGATCACATGCA.1,0,vemurafenib
Data34_GSM5022595_CATCAGATCACGCATA.1,0,vemurafenib
Data34_GSM5022595_CATCAGATCGTTTGCC.1,0,vemurafenib
Data34_GSM5022595_CATCAGATCTTGCAAG.1,0,vemurafenib
Data34_GSM5022595_CATCCACAGACTTTCG.1,0,vemurafenib
Data34_GSM5022595_CATCCACAGCAATATG.1,0,vemurafenib
Data34_GSM5022595_CATCCACAGGGCTTCC.1,0,vemurafenib
Data34_GSM5022595_CATCCACCAAGAGGCT.1,0,vemurafenib
Data34_GSM5022595_CATCCACCAGGCGATA.1,0,vemurafenib
Data34_GSM5022595_CATCCACCATCACCCT.1,0,vemurafenib
Data34_GSM5022595_CATCCACGTCTCTTAT.1,0,vemurafenib
Data34_GSM5022595_CATCGAAAGAAGGCCT.1,0,vemurafenib
Data34_GSM5022595_CATCGAAAGTGACATA.1,0,vemurafenib
Data34_GSM5022595_CATCGAACACTAGTAC.1,0,vemurafenib
Data34_GSM5022595_CATCGAACATATACCG.1,0,vemurafenib
Data34_GSM5022595_CATCGAAGTCGAAAGC.1,0,vemurafenib
Data34_GSM5022595_CATCGAAGTGAAAGAG.1,0,vemurafenib
Data34_GSM5022595_CATCGAAGTGAACCTT.1,0,vemurafenib
Data34_GSM5022595_CATCGAATCCGAACGC.1,0,vemurafenib
Data34_GSM5022595_CATCGGGAGTAGATGT.1,0,vemurafenib
Data34_GSM5022595_CATCGGGCAAGCCATT.1,0,vemurafenib
Data34_GSM5022595_CATCGGGCAAGCCGTC.1,0,vemurafenib
Data34_GSM5022595_CATCGGGCACGAAACG.1,0,vemurafenib
Data34_GSM5022595_CATCGGGGTGGTGTAG.1,0,vemurafenib
Data34_GSM5022595_CATCGGGTCATGTCTT.1,0,vemurafenib
Data34_GSM5022595_CATCGGGTCGCTTAGA.1,0,vemurafenib
Data34_GSM5022595_CATCGGGTCGGAATCT.1,0,vemurafenib
Data34_GSM5022595_CATGACAAGCGACGTA.1,0,vemurafenib
Data34_GSM5022595_CATGACAAGCTTCGCG.1,0,vemurafenib
Data34_GSM5022595_CATGACACAGACACTT.1,0,vemurafenib
Data34_GSM5022595_CATGACACATGTCCTC.1,0,vemurafenib
Data34_GSM5022595_CATGACACATTAGGCT.1,0,vemurafenib
Data34_GSM5022595_CATGACAGTAATCGTC.1,0,vemurafenib
Data34_GSM5022595_CATGACAGTAGAGGAA.1,0,vemurafenib
Data34_GSM5022595_CATGACAGTAGTGAAT.1,0,vemurafenib
Data34_GSM5022595_CATGACAGTGACAAAT.1,0,vemurafenib
Data34_GSM5022595_CATGACATCGTGACAT.1,0,vemurafenib
Data34_GSM5022595_CATGACATCTAACTCT.1,0,vemurafenib
Data34_GSM5022595_CATGACATCTTGTTTG.1,0,vemurafenib
Data34_GSM5022595_CATGCCTAGGGCTTCC.1,0,vemurafenib
Data34_GSM5022595_CATGCCTAGTGCGATG.1,0,vemurafenib
Data34_GSM5022595_CATGCCTGTAGCGCTC.1,0,vemurafenib
Data34_GSM5022595_CATGCCTTCATGTCTT.1,0,vemurafenib
Data34_GSM5022595_CATGCCTTCGTGGGAA.1,0,vemurafenib
Data34_GSM5022595_CATGCCTTCTGGTATG.1,0,vemurafenib
Data34_GSM5022595_CATGGCGAGATATGCA.1,0,vemurafenib
Data34_GSM5022595_CATGGCGAGGATGCGT.1,0,vemurafenib
Data34_GSM5022595_CATGGCGAGTTTGCGT.1,0,vemurafenib
Data34_GSM5022595_CATGGCGCAGCTATTG.1,0,vemurafenib
Data34_GSM5022595_CATGGCGGTCACAAGG.1,0,vemurafenib
Data34_GSM5022595_CATGGCGGTGAACCTT.1,0,vemurafenib
Data34_GSM5022595_CATGGCGTCCGCGTTT.1,0,vemurafenib
Data34_GSM5022595_CATGGCGTCGAGAGCA.1,0,vemurafenib
Data34_GSM5022595_CATGGCGTCGCGCCAA.1,0,vemurafenib
Data34_GSM5022595_CATTATCAGAGCTTCT.1,0,vemurafenib
Data34_GSM5022595_CATTATCAGCAGGTCA.1,0,vemurafenib
Data34_GSM5022595_CATTATCAGTGGAGAA.1,0,vemurafenib
Data34_GSM5022595_CATTATCAGTGGAGTC.1,0,vemurafenib
Data34_GSM5022595_CATTATCAGTGGGCTA.1,0,vemurafenib
Data34_GSM5022595_CATTATCCAAAGGCGT.1,0,vemurafenib
Data34_GSM5022595_CATTATCCATACCATG.1,0,vemurafenib
Data34_GSM5022595_CATTATCCATGGGACA.1,0,vemurafenib
Data34_GSM5022595_CATTATCGTACTTGAC.1,0,vemurafenib
Data34_GSM5022595_CATTATCGTCGCCATG.1,0,vemurafenib
Data34_GSM5022595_CATTATCGTGGCAAAC.1,0,vemurafenib
Data34_GSM5022595_CATTATCGTGTGAAAT.1,0,vemurafenib
Data34_GSM5022595_CATTATCGTTTCGCTC.1,0,vemurafenib
Data34_GSM5022595_CATTCGCAGGACCACA.1,0,vemurafenib
Data34_GSM5022595_CATTCGCCAGTATAAG.1,0,vemurafenib
Data34_GSM5022595_CATTCGCGTCCGCTGA.1,0,vemurafenib
Data34_GSM5022595_CATTCGCGTTATGTGC.1,0,vemurafenib
Data34_GSM5022595_CATTCGCTCAGAGACG.1,0,vemurafenib
Data34_GSM5022595_CATTCGCTCTATCCCG.1,0,vemurafenib
Data34_GSM5022595_CATTCGCTCTCTTATG.1,0,vemurafenib
Data34_GSM5022595_CCAATCCAGGCATGGT.1,0,vemurafenib
Data34_GSM5022595_CCAATCCAGTAGGTGC.1,0,vemurafenib
Data34_GSM5022595_CCAATCCGTCAAACTC.1,0,vemurafenib
Data34_GSM5022595_CCAATCCTCAGAGGTG.1,0,vemurafenib
Data34_GSM5022595_CCACCTAAGCCAACAG.1,0,vemurafenib
Data34_GSM5022595_CCACCTAAGGCACATG.1,0,vemurafenib
Data34_GSM5022595_CCACCTAGTGACGGTA.1,0,vemurafenib
Data34_GSM5022595_CCACCTATCGTTGCCT.1,0,vemurafenib
Data34_GSM5022595_CCACGGAAGACACTAA.1,0,vemurafenib
Data34_GSM5022595_CCACGGACATATGAGA.1,0,vemurafenib
Data34_GSM5022595_CCACGGAGTCTGGAGA.1,0,vemurafenib
Data34_GSM5022595_CCACGGAGTGTGACCC.1,0,vemurafenib
Data34_GSM5022595_CCACGGAGTTCTGAAC.1,0,vemurafenib
Data34_GSM5022595_CCACGGAGTTGAGTTC.1,0,vemurafenib
Data34_GSM5022595_CCACGGATCGGTCTAA.1,0,vemurafenib
Data34_GSM5022595_CCACTACAGGCCCTCA.1,0,vemurafenib
Data34_GSM5022595_CCACTACCAGTATGCT.1,0,vemurafenib
Data34_GSM5022595_CCACTACGTTCAGACT.1,0,vemurafenib
Data34_GSM5022595_CCACTACTCAGTCAGT.1,0,vemurafenib
Data34_GSM5022595_CCACTACTCGCGGATC.1,0,vemurafenib
Data34_GSM5022595_CCAGCGAAGACAGAGA.1,0,vemurafenib
Data34_GSM5022595_CCAGCGAAGATCCGAG.1,0,vemurafenib
Data34_GSM5022595_CCAGCGAAGGGAGTAA.1,0,vemurafenib
Data34_GSM5022595_CCAGCGAAGTTAGCGG.1,0,vemurafenib
Data34_GSM5022595_CCAGCGACAATACGCT.1,0,vemurafenib
Data34_GSM5022595_CCAGCGACAATCCAAC.1,0,vemurafenib
Data34_GSM5022595_CCAGCGACACGGCGTT.1,0,vemurafenib
Data34_GSM5022595_CCAGCGACAGCTCCGA.1,0,vemurafenib
Data34_GSM5022595_CCAGCGATCAAGATCC.1,0,vemurafenib
Data34_GSM5022595_CCAGCGATCACATGCA.1,0,vemurafenib
Data34_GSM5022595_CCAGCGATCGCATGAT.1,0,vemurafenib
Data34_GSM5022595_CCATGTCCAATGAATG.1,0,vemurafenib
Data34_GSM5022595_CCATGTCGTACTTCTT.1,0,vemurafenib
Data34_GSM5022595_CCATGTCGTAGAAAGG.1,0,vemurafenib
Data34_GSM5022595_CCATGTCGTAGTAGTA.1,0,vemurafenib
Data34_GSM5022595_CCATGTCGTGCTTCTC.1,0,vemurafenib
Data34_GSM5022595_CCATGTCGTTAAGTAG.1,0,vemurafenib
Data34_GSM5022595_CCATGTCGTTGTCTTT.1,0,vemurafenib
Data34_GSM5022595_CCATGTCTCCTGCAGG.1,0,vemurafenib
Data34_GSM5022595_CCATGTCTCCTTGACC.1,0,vemurafenib
Data34_GSM5022595_CCATGTCTCGTAGATC.1,0,vemurafenib
Data34_GSM5022595_CCATTCGAGCTACCGC.1,0,vemurafenib
Data34_GSM5022595_CCATTCGAGGGTGTTG.1,0,vemurafenib
Data34_GSM5022595_CCATTCGAGTCCGTAT.1,0,vemurafenib
Data34_GSM5022595_CCATTCGAGTGCGATG.1,0,vemurafenib
Data34_GSM5022595_CCATTCGCAGGCTCAC.1,0,vemurafenib
Data34_GSM5022595_CCATTCGGTAACGTTC.1,0,vemurafenib
Data34_GSM5022595_CCATTCGGTATATGGA.1,0,vemurafenib
Data34_GSM5022595_CCATTCGGTGGTTTCA.1,0,vemurafenib
Data34_GSM5022595_CCATTCGGTTAAGATG.1,0,vemurafenib
Data34_GSM5022595_CCATTCGTCACGCATA.1,0,vemurafenib
Data34_GSM5022595_CCATTCGTCCTTTCGG.1,0,vemurafenib
Data34_GSM5022595_CCATTCGTCGCTTAGA.1,0,vemurafenib
Data34_GSM5022595_CCATTCGTCTTAGCCC.1,0,vemurafenib
Data34_GSM5022595_CCCAATCGTGCCTGTG.1,0,vemurafenib
Data34_GSM5022595_CCCAATCGTGTTTGTG.1,0,vemurafenib
Data34_GSM5022595_CCCAATCTCAAACAAG.1,0,vemurafenib
Data34_GSM5022595_CCCAATCTCACAGTAC.1,0,vemurafenib
Data34_GSM5022595_CCCAATCTCAGTCAGT.1,0,vemurafenib
Data34_GSM5022595_CCCAATCTCGGTGTTA.1,0,vemurafenib
Data34_GSM5022595_CCCAATCTCTCAAGTG.1,0,vemurafenib
Data34_GSM5022595_CCCAATCTCTCCAACC.1,0,vemurafenib
Data34_GSM5022595_CCCAGTTAGGATGGTC.1,0,vemurafenib
Data34_GSM5022595_CCCAGTTAGTGTTGAA.1,0,vemurafenib
Data34_GSM5022595_CCCAGTTCAAGCCGTC.1,0,vemurafenib
Data34_GSM5022595_CCCAGTTCATTAGGCT.1,0,vemurafenib
Data34_GSM5022595_CCCAGTTGTCACAAGG.1,0,vemurafenib
Data34_GSM5022595_CCCAGTTGTTCAGGCC.1,0,vemurafenib
Data34_GSM5022595_CCCAGTTGTTCCAACA.1,0,vemurafenib
Data34_GSM5022595_CCCAGTTTCAACACTG.1,0,vemurafenib
Data34_GSM5022595_CCCAGTTTCCAAACTG.1,0,vemurafenib
Data34_GSM5022595_CCCAGTTTCTTACCGC.1,0,vemurafenib
Data34_GSM5022595_CCCATACAGTACCGGA.1,0,vemurafenib
Data34_GSM5022595_CCCATACCAATCTGCA.1,0,vemurafenib
Data34_GSM5022595_CCCATACCACATAACC.1,0,vemurafenib
Data34_GSM5022595_CCCATACCACCGAAAG.1,0,vemurafenib
Data34_GSM5022595_CCCATACCAGGTCGTC.1,0,vemurafenib
Data34_GSM5022595_CCCATACCATGGATGG.1,0,vemurafenib
Data34_GSM5022595_CCCATACGTCCAGTTA.1,0,vemurafenib
Data34_GSM5022595_CCCATACGTCCGAACC.1,0,vemurafenib
Data34_GSM5022595_CCCATACGTTAAGAAC.1,0,vemurafenib
Data34_GSM5022595_CCCATACGTTACGTCA.1,0,vemurafenib
Data34_GSM5022595_CCCATACGTTCCGTCT.1,0,vemurafenib
Data34_GSM5022595_CCCATACGTTCCTCCA.1,0,vemurafenib
Data34_GSM5022595_CCCATACTCGTCTGCT.1,0,vemurafenib
Data34_GSM5022595_CCCTCCTAGAACAACT.1,0,vemurafenib
Data34_GSM5022595_CCCTCCTAGCTCCCAG.1,0,vemurafenib
Data34_GSM5022595_CCCTCCTGTAAGTTCC.1,0,vemurafenib
Data34_GSM5022595_CCCTCCTGTATATCCG.1,0,vemurafenib
Data34_GSM5022595_CCCTCCTGTGCTAGCC.1,0,vemurafenib
Data34_GSM5022595_CCCTCCTGTTATGCGT.1,0,vemurafenib
Data34_GSM5022595_CCCTCCTTCATTTGGG.1,0,vemurafenib
Data34_GSM5022595_CCCTCCTTCCACGAAT.1,0,vemurafenib
Data34_GSM5022595_CCCTCCTTCCTGTACC.1,0,vemurafenib
Data34_GSM5022595_CCCTCCTTCTGCAAGT.1,0,vemurafenib
Data34_GSM5022595_CCGGGATAGCAGATCG.1,0,vemurafenib
Data34_GSM5022595_CCGGGATAGCCCAGCT.1,0,vemurafenib
Data34_GSM5022595_CCGGGATAGGCGACAT.1,0,vemurafenib
Data34_GSM5022595_CCGGGATGTCCAACTA.1,0,vemurafenib
Data34_GSM5022595_CCGGGATGTCGACTGC.1,0,vemurafenib
Data34_GSM5022595_CCGGGATGTCTCGTTC.1,0,vemurafenib
Data34_GSM5022595_CCGGGATGTTTGTGTG.1,0,vemurafenib
Data34_GSM5022595_CCGGGATTCCGGCACA.1,0,vemurafenib
Data34_GSM5022595_CCGGTAGAGAGGACGG.1,0,vemurafenib
Data34_GSM5022595_CCGGTAGAGGAATTAC.1,0,vemurafenib
Data34_GSM5022595_CCGGTAGAGTCACGCC.1,0,vemurafenib
Data34_GSM5022595_CCGGTAGAGTCGTTTG.1,0,vemurafenib
Data34_GSM5022595_CCGGTAGGTATATCCG.1,0,vemurafenib
Data34_GSM5022595_CCGGTAGGTCCAACTA.1,0,vemurafenib
Data34_GSM5022595_CCGGTAGTCATAACCG.1,0,vemurafenib
Data34_GSM5022595_CCGGTAGTCGAGGTAG.1,0,vemurafenib
Data34_GSM5022595_CCGTACTAGATATACG.1,0,vemurafenib
Data34_GSM5022595_CCGTACTAGCGATATA.1,0,vemurafenib
Data34_GSM5022595_CCGTACTCAATGAATG.1,0,vemurafenib
Data34_GSM5022595_CCGTACTCACAAGTAA.1,0,vemurafenib
Data34_GSM5022595_CCGTACTGTCAAAGAT.1,0,vemurafenib
Data34_GSM5022595_CCGTACTTCAGGCGAA.1,0,vemurafenib
Data34_GSM5022595_CCGTACTTCCTGCAGG.1,0,vemurafenib
Data34_GSM5022595_CCGTGGAAGACCTAGG.1,0,vemurafenib
Data34_GSM5022595_CCGTGGAAGTACGTAA.1,0,vemurafenib
Data34_GSM5022595_CCGTGGACATATGGTC.1,0,vemurafenib
Data34_GSM5022595_CCGTGGAGTTCGCTAA.1,0,vemurafenib
Data34_GSM5022595_CCGTTCAAGCTGGAAC.1,0,vemurafenib
Data34_GSM5022595_CCGTTCACAATAGCGG.1,0,vemurafenib
Data34_GSM5022595_CCGTTCACAATGGATA.1,0,vemurafenib
Data34_GSM5022595_CCGTTCACACCTCGGA.1,0,vemurafenib
Data34_GSM5022595_CCGTTCAGTAGAGCTG.1,0,vemurafenib
Data34_GSM5022595_CCGTTCAGTCCAGTTA.1,0,vemurafenib
Data34_GSM5022595_CCGTTCAGTCTGCGGT.1,0,vemurafenib
Data34_GSM5022595_CCGTTCAGTGTCTGAT.1,0,vemurafenib
Data34_GSM5022595_CCGTTCAGTTGATTCG.1,0,vemurafenib
Data34_GSM5022595_CCGTTCATCAGGTAAA.1,0,vemurafenib
Data34_GSM5022595_CCGTTCATCGAATGGG.1,0,vemurafenib
Data34_GSM5022595_CCGTTCATCTTTAGGG.1,0,vemurafenib
Data34_GSM5022595_CCTAAAGAGATCCTGT.1,0,vemurafenib
Data34_GSM5022595_CCTAAAGAGGCAAAGA.1,0,vemurafenib
Data34_GSM5022595_CCTAAAGAGGCCCTTG.1,0,vemurafenib
Data34_GSM5022595_CCTAAAGCATCGATTG.1,0,vemurafenib
Data34_GSM5022595_CCTAAAGTCAGTCAGT.1,0,vemurafenib
Data34_GSM5022595_CCTAAAGTCCTTTCGG.1,0,vemurafenib
Data34_GSM5022595_CCTACACAGACGACGT.1,0,vemurafenib
Data34_GSM5022595_CCTACACAGAGATGAG.1,0,vemurafenib
Data34_GSM5022595_CCTACACAGCTAGTTC.1,0,vemurafenib
Data34_GSM5022595_CCTACACAGGCCCTTG.1,0,vemurafenib
Data34_GSM5022595_CCTACACAGTGCCAGA.1,0,vemurafenib
Data34_GSM5022595_CCTACACCAAGCGCTC.1,0,vemurafenib
Data34_GSM5022595_CCTACACCACAGACAG.1,0,vemurafenib
Data34_GSM5022595_CCTACACCACCAGCAC.1,0,vemurafenib
Data34_GSM5022595_CCTACACCACGTTGGC.1,0,vemurafenib
Data34_GSM5022595_CCTACACCACTTGGAT.1,0,vemurafenib
Data34_GSM5022595_CCTACACCATAAAGGT.1,0,vemurafenib
Data34_GSM5022595_CCTACACGTCGATTGT.1,0,vemurafenib
Data34_GSM5022595_CCTACACTCATAACCG.1,0,vemurafenib
Data34_GSM5022595_CCTACACTCCCTCTTT.1,0,vemurafenib
Data34_GSM5022595_CCTACACTCGGTCTAA.1,0,vemurafenib
Data34_GSM5022595_CCTACACTCGTACCGG.1,0,vemurafenib
Data34_GSM5022595_CCTACACTCTCTTGAT.1,0,vemurafenib
Data34_GSM5022595_CCTACACTCTTTAGGG.1,0,vemurafenib
Data34_GSM5022595_CCTACCAAGACTAGAT.1,0,vemurafenib
Data34_GSM5022595_CCTACCACAATCCAAC.1,0,vemurafenib
Data34_GSM5022595_CCTACCACAGATCCAT.1,0,vemurafenib
Data34_GSM5022595_CCTACCACAGATCGGA.1,0,vemurafenib
Data34_GSM5022595_CCTACCAGTCCTAGCG.1,0,vemurafenib
Data34_GSM5022595_CCTACCAGTGGCGAAT.1,0,vemurafenib
Data34_GSM5022595_CCTACCATCAGCGACC.1,0,vemurafenib
Data34_GSM5022595_CCTAGCTAGTTATCGC.1,0,vemurafenib
Data34_GSM5022595_CCTAGCTCAACTTGAC.1,0,vemurafenib
Data34_GSM5022595_CCTAGCTCATTCACTT.1,0,vemurafenib
Data34_GSM5022595_CCTAGCTTCACAGGCC.1,0,vemurafenib
Data34_GSM5022595_CCTAGCTTCCACTGGG.1,0,vemurafenib
Data34_GSM5022595_CCTAGCTTCGTAGGTT.1,0,vemurafenib
Data34_GSM5022595_CCTATTAAGAATTCCC.1,0,vemurafenib
Data34_GSM5022595_CCTATTAAGGGTCGAT.1,0,vemurafenib
Data34_GSM5022595_CCTATTAAGTATCTCG.1,0,vemurafenib
Data34_GSM5022595_CCTATTACATCTCGCT.1,0,vemurafenib
Data34_GSM5022595_CCTATTACATTAGGCT.1,0,vemurafenib
Data34_GSM5022595_CCTATTAGTAGCGCAA.1,0,vemurafenib
Data34_GSM5022595_CCTATTAGTCAGATAA.1,0,vemurafenib
Data34_GSM5022595_CCTATTAGTCGCTTTC.1,0,vemurafenib
Data34_GSM5022595_CCTATTATCCGCATAA.1,0,vemurafenib
Data34_GSM5022595_CCTATTATCGGCGGTT.1,0,vemurafenib
Data34_GSM5022595_CCTCAGTAGACAATAC.1,0,vemurafenib
Data34_GSM5022595_CCTCAGTCAAACTGCT.1,0,vemurafenib
Data34_GSM5022595_CCTCAGTGTATATGAG.1,0,vemurafenib
Data34_GSM5022595_CCTCAGTGTCGACTAT.1,0,vemurafenib
Data34_GSM5022595_CCTCAGTGTGCACGAA.1,0,vemurafenib
Data34_GSM5022595_CCTCAGTGTTTGCATG.1,0,vemurafenib
Data34_GSM5022595_CCTCAGTTCCAACCAA.1,0,vemurafenib
Data34_GSM5022595_CCTCAGTTCTGCAAGT.1,0,vemurafenib
Data34_GSM5022595_CCTCTGACACGGTAGA.1,0,vemurafenib
Data34_GSM5022595_CCTCTGAGTAGGAGTC.1,0,vemurafenib
Data34_GSM5022595_CCTCTGAGTGTGACGA.1,0,vemurafenib
Data34_GSM5022595_CCTCTGAGTTCCACGG.1,0,vemurafenib
Data34_GSM5022595_CCTCTGATCAGCATGT.1,0,vemurafenib
Data34_GSM5022595_CCTCTGATCAGCGATT.1,0,vemurafenib
Data34_GSM5022595_CCTCTGATCCGTAGTA.1,0,vemurafenib
Data34_GSM5022595_CCTTACGAGTGCGTGA.1,0,vemurafenib
Data34_GSM5022595_CCTTACGCACGTTGGC.1,0,vemurafenib
Data34_GSM5022595_CCTTACGCAGGTTTCA.1,0,vemurafenib
Data34_GSM5022595_CCTTACGCATCGGTTA.1,0,vemurafenib
Data34_GSM5022595_CCTTACGGTCGGCACT.1,0,vemurafenib
Data34_GSM5022595_CCTTACGGTTATCCGA.1,0,vemurafenib
Data34_GSM5022595_CCTTACGTCAACACCA.1,0,vemurafenib
Data34_GSM5022595_CCTTACGTCACTTCAT.1,0,vemurafenib
Data34_GSM5022595_CCTTACGTCTGCGACG.1,0,vemurafenib
Data34_GSM5022595_CCTTCCCAGAAGGCCT.1,0,vemurafenib
Data34_GSM5022595_CCTTCCCAGATATGCA.1,0,vemurafenib
Data34_GSM5022595_CCTTCCCAGATCGGGT.1,0,vemurafenib
Data34_GSM5022595_CCTTCCCAGGGATCTG.1,0,vemurafenib
Data34_GSM5022595_CCTTCCCCAAGCTGAG.1,0,vemurafenib
Data34_GSM5022595_CCTTCCCGTAGCGTGA.1,0,vemurafenib
Data34_GSM5022595_CCTTCCCGTGTCTGAT.1,0,vemurafenib
Data34_GSM5022595_CCTTCCCGTGTTTGTG.1,0,vemurafenib
Data34_GSM5022595_CCTTCCCTCAGCAACT.1,0,vemurafenib
Data34_GSM5022595_CCTTCCCTCTCCCTGA.1,0,vemurafenib
Data34_GSM5022595_CCTTCCCTCTGCCCTA.1,0,vemurafenib
Data34_GSM5022595_CCTTCGAAGAGCTGGT.1,0,vemurafenib
Data34_GSM5022595_CCTTCGAAGGCTAGCA.1,0,vemurafenib
Data34_GSM5022595_CCTTCGACAAGTCTGT.1,0,vemurafenib
Data34_GSM5022595_CCTTCGACACGGTGTC.1,0,vemurafenib
Data34_GSM5022595_CCTTCGACATCACGTA.1,0,vemurafenib
Data34_GSM5022595_CCTTCGACATGCCTTC.1,0,vemurafenib
Data34_GSM5022595_CCTTCGAGTCACTGGC.1,0,vemurafenib
Data34_GSM5022595_CCTTCGAGTGCGAAAC.1,0,vemurafenib
Data34_GSM5022595_CCTTCGAGTTATCACG.1,0,vemurafenib
Data34_GSM5022595_CCTTCGAGTTGTGGAG.1,0,vemurafenib
Data34_GSM5022595_CCTTCGATCAGAGACG.1,0,vemurafenib
Data34_GSM5022595_CCTTCGATCATATCGG.1,0,vemurafenib
Data34_GSM5022595_CCTTCGATCCACGTGG.1,0,vemurafenib
Data34_GSM5022595_CCTTCGATCCTTAATC.1,0,vemurafenib
Data34_GSM5022595_CCTTCGATCTTCATGT.1,0,vemurafenib
Data34_GSM5022595_CCTTTCTAGGTACTCT.1,0,vemurafenib
Data34_GSM5022595_CCTTTCTCAGGGAGAG.1,0,vemurafenib
Data34_GSM5022595_CCTTTCTCATCGGACC.1,0,vemurafenib
Data34_GSM5022595_CCTTTCTGTACCGAGA.1,0,vemurafenib
Data34_GSM5022595_CCTTTCTGTCCAAGTT.1,0,vemurafenib
Data34_GSM5022595_CCTTTCTGTGCCTGCA.1,0,vemurafenib
Data34_GSM5022595_CGAACATAGTCCGGTC.1,0,vemurafenib
Data34_GSM5022595_CGAACATAGTGCAAGC.1,0,vemurafenib
Data34_GSM5022595_CGAACATAGTGTGAAT.1,0,vemurafenib
Data34_GSM5022595_CGAACATCAGGTTTCA.1,0,vemurafenib
Data34_GSM5022595_CGAACATGTCCGTGAC.1,0,vemurafenib
Data34_GSM5022595_CGAACATGTCGGCTCA.1,0,vemurafenib
Data34_GSM5022595_CGAACATGTTCCCGAG.1,0,vemurafenib
Data34_GSM5022595_CGAACATTCAGCAACT.1,0,vemurafenib
Data34_GSM5022595_CGAACATTCATATCGG.1,0,vemurafenib
Data34_GSM5022595_CGAACATTCGAATGCT.1,0,vemurafenib
Data34_GSM5022595_CGAACATTCGGATGTT.1,0,vemurafenib
Data34_GSM5022595_CGAACATTCTCCCTGA.1,0,vemurafenib
Data34_GSM5022595_CGAATGTAGTATTGGA.1,0,vemurafenib
Data34_GSM5022595_CGAATGTAGTGGTCCC.1,0,vemurafenib
Data34_GSM5022595_CGAATGTCAGCCTATA.1,0,vemurafenib
Data34_GSM5022595_CGAATGTCAGTATGCT.1,0,vemurafenib
Data34_GSM5022595_CGAATGTGTAACGTTC.1,0,vemurafenib
Data34_GSM5022595_CGAATGTTCTTGTTTG.1,0,vemurafenib
Data34_GSM5022595_CGAATGTTCTTTACGT.1,0,vemurafenib
Data34_GSM5022595_CGACCTTAGAGCTTCT.1,0,vemurafenib
Data34_GSM5022595_CGACCTTAGTCACGCC.1,0,vemurafenib
Data34_GSM5022595_CGACCTTCATTGGCGC.1,0,vemurafenib
Data34_GSM5022595_CGACCTTGTTCGCGAC.1,0,vemurafenib
Data34_GSM5022595_CGACCTTTCAGTTTGG.1,0,vemurafenib
Data34_GSM5022595_CGACTTCCACAACTGT.1,0,vemurafenib
Data34_GSM5022595_CGACTTCCATAGTAAG.1,0,vemurafenib
Data34_GSM5022595_CGACTTCCATCTATGG.1,0,vemurafenib
Data34_GSM5022595_CGACTTCGTCTTGATG.1,0,vemurafenib
Data34_GSM5022595_CGACTTCGTGACGGTA.1,0,vemurafenib
Data34_GSM5022595_CGACTTCGTGCAGTAG.1,0,vemurafenib
Data34_GSM5022595_CGACTTCGTTGGTTTG.1,0,vemurafenib
Data34_GSM5022595_CGACTTCTCCAGGGCT.1,0,vemurafenib
Data34_GSM5022595_CGACTTCTCGCGTAGC.1,0,vemurafenib
Data34_GSM5022595_CGACTTCTCTGCCCTA.1,0,vemurafenib
Data34_GSM5022595_CGAGAAGAGTGGGATC.1,0,vemurafenib
Data34_GSM5022595_CGAGAAGGTCGAACAG.1,0,vemurafenib
Data34_GSM5022595_CGAGAAGGTCTCGTTC.1,0,vemurafenib
Data34_GSM5022595_CGAGAAGGTCTCTCGT.1,0,vemurafenib
Data34_GSM5022595_CGAGAAGTCACATAGC.1,0,vemurafenib
Data34_GSM5022595_CGAGAAGTCCTGCCAT.1,0,vemurafenib
Data34_GSM5022595_CGAGAAGTCGCCGTGA.1,0,vemurafenib
Data34_GSM5022595_CGAGCACAGCGTGAGT.1,0,vemurafenib
Data34_GSM5022595_CGAGCACAGGACACCA.1,0,vemurafenib
Data34_GSM5022595_CGAGCACCAACGCACC.1,0,vemurafenib
Data34_GSM5022595_CGAGCACCAATGTAAG.1,0,vemurafenib
Data34_GSM5022595_CGAGCACCAGCTGGCT.1,0,vemurafenib
Data34_GSM5022595_CGAGCACCAGCTGTAT.1,0,vemurafenib
Data34_GSM5022595_CGAGCACCATTTCAGG.1,0,vemurafenib
Data34_GSM5022595_CGAGCACTCAAACCGT.1,0,vemurafenib
Data34_GSM5022595_CGAGCACTCACGGTTA.1,0,vemurafenib
Data34_GSM5022595_CGAGCACTCCAAGCCG.1,0,vemurafenib
Data34_GSM5022595_CGAGCACTCCAGTAGT.1,0,vemurafenib
Data34_GSM5022595_CGAGCACTCGCTTAGA.1,0,vemurafenib
Data34_GSM5022595_CGAGCCAAGCGTTCCG.1,0,vemurafenib
Data34_GSM5022595_CGAGCCAAGGATGGAA.1,0,vemurafenib
Data34_GSM5022595_CGAGCCAAGGGCACTA.1,0,vemurafenib
Data34_GSM5022595_CGAGCCACATCGACGC.1,0,vemurafenib
Data34_GSM5022595_CGAGCCACATTAGCCA.1,0,vemurafenib
Data34_GSM5022595_CGAGCCAGTAATAGCA.1,0,vemurafenib
Data34_GSM5022595_CGAGCCAGTCTCCCTA.1,0,vemurafenib
Data34_GSM5022595_CGAGCCAGTTGTACAC.1,0,vemurafenib
Data34_GSM5022595_CGAGCCATCAAAGTAG.1,0,vemurafenib
Data34_GSM5022595_CGAGCCATCCCTCTTT.1,0,vemurafenib
Data34_GSM5022595_CGAGCCATCCGATATG.1,0,vemurafenib
Data34_GSM5022595_CGAGCCATCTTCGGTC.1,0,vemurafenib
Data34_GSM5022595_CGATCGGAGACTGTAA.1,0,vemurafenib
Data34_GSM5022595_CGATCGGAGAGCCTAG.1,0,vemurafenib
Data34_GSM5022595_CGATCGGCACTTAACG.1,0,vemurafenib
Data34_GSM5022595_CGATCGGCAGTCACTA.1,0,vemurafenib
Data34_GSM5022595_CGATCGGCATGGGACA.1,0,vemurafenib
Data34_GSM5022595_CGATCGGGTGCGCTTG.1,0,vemurafenib
Data34_GSM5022595_CGATCGGGTTCCCGAG.1,0,vemurafenib
Data34_GSM5022595_CGATCGGTCAGAGACG.1,0,vemurafenib
Data34_GSM5022595_CGATGGCAGACCTAGG.1,0,vemurafenib
Data34_GSM5022595_CGATGGCAGCCCGAAA.1,0,vemurafenib
Data34_GSM5022595_CGATGGCAGTGCGTGA.1,0,vemurafenib
Data34_GSM5022595_CGATGGCCAATGAATG.1,0,vemurafenib
Data34_GSM5022595_CGATGGCCAGCTCCGA.1,0,vemurafenib
Data34_GSM5022595_CGATGGCCAGTTCCCT.1,0,vemurafenib
Data34_GSM5022595_CGATGGCGTACATGTC.1,0,vemurafenib
Data34_GSM5022595_CGATGGCGTGTGCCTG.1,0,vemurafenib
Data34_GSM5022595_CGATGTAAGAGTCGGT.1,0,vemurafenib
Data34_GSM5022595_CGATGTAAGGGTCTCC.1,0,vemurafenib
Data34_GSM5022595_CGATGTAAGTGACATA.1,0,vemurafenib
Data34_GSM5022595_CGATGTACAGGTGGAT.1,0,vemurafenib
Data34_GSM5022595_CGATGTAGTATAATGG.1,0,vemurafenib
Data34_GSM5022595_CGATGTAGTCAAAGCG.1,0,vemurafenib
Data34_GSM5022595_CGATGTAGTCAATGTC.1,0,vemurafenib
Data34_GSM5022595_CGATGTAGTCCGACGT.1,0,vemurafenib
Data34_GSM5022595_CGATGTAGTGTAATGA.1,0,vemurafenib
Data34_GSM5022595_CGATGTAGTTCGTTGA.1,0,vemurafenib
Data34_GSM5022595_CGATGTAGTTGGTTTG.1,0,vemurafenib
Data34_GSM5022595_CGATGTATCGTGTAGT.1,0,vemurafenib
Data34_GSM5022595_CGATGTATCTATGTGG.1,0,vemurafenib
Data34_GSM5022595_CGATTGAAGCGTTGCC.1,0,vemurafenib
Data34_GSM5022595_CGATTGAAGGCGATAC.1,0,vemurafenib
Data34_GSM5022595_CGATTGAAGTTAACGA.1,0,vemurafenib
Data34_GSM5022595_CGATTGACACGGCTAC.1,0,vemurafenib
Data34_GSM5022595_CGATTGACATCACCCT.1,0,vemurafenib
Data34_GSM5022595_CGATTGATCAAGGCTT.1,0,vemurafenib
Data34_GSM5022595_CGATTGATCGTCTGCT.1,0,vemurafenib
Data34_GSM5022595_CGATTGATCTGAAAGA.1,0,vemurafenib
Data34_GSM5022595_CGCCAAGAGACTTTCG.1,0,vemurafenib
Data34_GSM5022595_CGCCAAGAGATATGGT.1,0,vemurafenib
Data34_GSM5022595_CGCCAAGCAATAACGA.1,0,vemurafenib
Data34_GSM5022595_CGCCAAGCACATGGGA.1,0,vemurafenib
Data34_GSM5022595_CGCCAAGCAGCCAATT.1,0,vemurafenib
Data34_GSM5022595_CGCCAAGCAGCCAGAA.1,0,vemurafenib
Data34_GSM5022595_CGCCAAGCAGGGCATA.1,0,vemurafenib
Data34_GSM5022595_CGCCAAGGTAACGCGA.1,0,vemurafenib
Data34_GSM5022595_CGCCAAGGTACTTCTT.1,0,vemurafenib
Data34_GSM5022595_CGCCAAGGTGTTCTTT.1,0,vemurafenib
Data34_GSM5022595_CGCCAAGTCACATAGC.1,0,vemurafenib
Data34_GSM5022595_CGCGGTAAGAGAGCTC.1,0,vemurafenib
Data34_GSM5022595_CGCGGTAAGCCCAATT.1,0,vemurafenib
Data34_GSM5022595_CGCGGTAAGTCGAGTG.1,0,vemurafenib
Data34_GSM5022595_CGCGGTACAACTGCGC.1,0,vemurafenib
Data34_GSM5022595_CGCGGTACACAAGCCC.1,0,vemurafenib
Data34_GSM5022595_CGCGGTACACAGAGGT.1,0,vemurafenib
Data34_GSM5022595_CGCGGTACACGAAAGC.1,0,vemurafenib
Data34_GSM5022595_CGCGGTACAGGAATCG.1,0,vemurafenib
Data34_GSM5022595_CGCGGTACATCCCACT.1,0,vemurafenib
Data34_GSM5022595_CGCGGTACATGCCTAA.1,0,vemurafenib
Data34_GSM5022595_CGCGGTAGTAGCTCCG.1,0,vemurafenib
Data34_GSM5022595_CGCGGTAGTTCCCGAG.1,0,vemurafenib
Data34_GSM5022595_CGCGGTATCAGCTTAG.1,0,vemurafenib
Data34_GSM5022595_CGCGGTATCCCTAACC.1,0,vemurafenib
Data34_GSM5022595_CGCGGTATCGAATCCA.1,0,vemurafenib
Data34_GSM5022595_CGCGGTATCTCAACTT.1,0,vemurafenib
Data34_GSM5022595_CGCGTTTAGACTAGGC.1,0,vemurafenib
Data34_GSM5022595_CGCGTTTAGATGTAAC.1,0,vemurafenib
Data34_GSM5022595_CGCGTTTCAGGGAGAG.1,0,vemurafenib
Data34_GSM5022595_CGCGTTTGTCTACCTC.1,0,vemurafenib
Data34_GSM5022595_CGCGTTTGTTCGTCTC.1,0,vemurafenib
Data34_GSM5022595_CGCGTTTTCAATACCG.1,0,vemurafenib
Data34_GSM5022595_CGCGTTTTCACCAGGC.1,0,vemurafenib
Data34_GSM5022595_CGCGTTTTCATTCACT.1,0,vemurafenib
Data34_GSM5022595_CGCGTTTTCGCCGTGA.1,0,vemurafenib
Data34_GSM5022595_CGCGTTTTCGTCACGG.1,0,vemurafenib
Data34_GSM5022595_CGCGTTTTCTCCTATA.1,0,vemurafenib
Data34_GSM5022595_CGCTATCAGAATCTCC.1,0,vemurafenib
Data34_GSM5022595_CGCTATCAGGCTACGA.1,0,vemurafenib
Data34_GSM5022595_CGCTATCGTAGCAAAT.1,0,vemurafenib
Data34_GSM5022595_CGCTATCGTGGCCCTA.1,0,vemurafenib
Data34_GSM5022595_CGCTATCGTTATCCGA.1,0,vemurafenib
Data34_GSM5022595_CGCTATCGTTGGGACA.1,0,vemurafenib
Data34_GSM5022595_CGCTATCTCAGGCCCA.1,0,vemurafenib
Data34_GSM5022595_CGCTATCTCATGGTCA.1,0,vemurafenib
Data34_GSM5022595_CGCTATCTCGCATGAT.1,0,vemurafenib
Data34_GSM5022595_CGCTATCTCGTCACGG.1,0,vemurafenib
Data34_GSM5022595_CGCTGGAAGAAGGACA.1,0,vemurafenib
Data34_GSM5022595_CGCTGGAAGTACATGA.1,0,vemurafenib
Data34_GSM5022595_CGCTGGAAGTCGAGTG.1,0,vemurafenib
Data34_GSM5022595_CGCTGGACAAGGACAC.1,0,vemurafenib
Data34_GSM5022595_CGCTGGACACCTTGTC.1,0,vemurafenib
Data34_GSM5022595_CGCTGGACATGACATC.1,0,vemurafenib
Data34_GSM5022595_CGCTGGAGTGTTGGGA.1,0,vemurafenib
Data34_GSM5022595_CGCTGGAGTTCGTCTC.1,0,vemurafenib
Data34_GSM5022595_CGCTGGATCCGTCATC.1,0,vemurafenib
Data34_GSM5022595_CGCTTCAAGACTAGGC.1,0,vemurafenib
Data34_GSM5022595_CGCTTCAAGATCGATA.1,0,vemurafenib
Data34_GSM5022595_CGCTTCAAGCCACCTG.1,0,vemurafenib
Data34_GSM5022595_CGCTTCAAGGCAGTCA.1,0,vemurafenib
Data34_GSM5022595_CGCTTCACACAACTGT.1,0,vemurafenib
Data34_GSM5022595_CGCTTCACACTTACGA.1,0,vemurafenib
Data34_GSM5022595_CGCTTCACAGCGTAAG.1,0,vemurafenib
Data34_GSM5022595_CGCTTCAGTAGCGCTC.1,0,vemurafenib
Data34_GSM5022595_CGCTTCAGTCGCGAAA.1,0,vemurafenib
Data34_GSM5022595_CGCTTCAGTTTCCACC.1,0,vemurafenib
Data34_GSM5022595_CGCTTCATCCAACCAA.1,0,vemurafenib
Data34_GSM5022595_CGGACACAGTTTGCGT.1,0,vemurafenib
Data34_GSM5022595_CGGACACCAGCTTCGG.1,0,vemurafenib
Data34_GSM5022595_CGGACACCATAGAAAC.1,0,vemurafenib
Data34_GSM5022595_CGGACACGTCTCCCTA.1,0,vemurafenib
Data34_GSM5022595_CGGACACGTGATGATA.1,0,vemurafenib
Data34_GSM5022595_CGGACACGTGCACTTA.1,0,vemurafenib
Data34_GSM5022595_CGGACACGTTCCTCCA.1,0,vemurafenib
Data34_GSM5022595_CGGACACGTTCTGAAC.1,0,vemurafenib
Data34_GSM5022595_CGGACACTCAAACGGG.1,0,vemurafenib
Data34_GSM5022595_CGGACACTCGACCAGC.1,0,vemurafenib
Data34_GSM5022595_CGGACGTAGAGCTGCA.1,0,vemurafenib
Data34_GSM5022595_CGGACGTAGGTGTGGT.1,0,vemurafenib
Data34_GSM5022595_CGGACGTCAAGGTTCT.1,0,vemurafenib
Data34_GSM5022595_CGGACGTCAATGGAGC.1,0,vemurafenib
Data34_GSM5022595_CGGACGTCACAACGCC.1,0,vemurafenib
Data34_GSM5022595_CGGACGTCACCCAGTG.1,0,vemurafenib
Data34_GSM5022595_CGGACGTCACGAGGTA.1,0,vemurafenib
Data34_GSM5022595_CGGACGTGTCTCGTTC.1,0,vemurafenib
Data34_GSM5022595_CGGACTGAGCGAGAAA.1,0,vemurafenib
Data34_GSM5022595_CGGACTGAGGATGTAT.1,0,vemurafenib
Data34_GSM5022595_CGGACTGAGGCCCTCA.1,0,vemurafenib
Data34_GSM5022595_CGGACTGAGTACGTTC.1,0,vemurafenib
Data34_GSM5022595_CGGACTGCACCTATCC.1,0,vemurafenib
Data34_GSM5022595_CGGACTGCACTTACGA.1,0,vemurafenib
Data34_GSM5022595_CGGACTGTCGTACCGG.1,0,vemurafenib
Data34_GSM5022595_CGGACTGTCGTCCAGG.1,0,vemurafenib
Data34_GSM5022595_CGGACTGTCTGTTTGT.1,0,vemurafenib
Data34_GSM5022595_CGGAGCTAGAATGTGT.1,0,vemurafenib
Data34_GSM5022595_CGGAGCTAGAGATGAG.1,0,vemurafenib
Data34_GSM5022595_CGGAGCTAGTGTGAAT.1,0,vemurafenib
Data34_GSM5022595_CGGAGCTCAAAGAATC.1,0,vemurafenib
Data34_GSM5022595_CGGAGCTCAAGTTGTC.1,0,vemurafenib
Data34_GSM5022595_CGGAGCTCACCCTATC.1,0,vemurafenib
Data34_GSM5022595_CGGAGCTCATGCCACG.1,0,vemurafenib
Data34_GSM5022595_CGGAGCTGTAAGGGCT.1,0,vemurafenib
Data34_GSM5022595_CGGAGCTGTACCTACA.1,0,vemurafenib
Data34_GSM5022595_CGGAGCTGTCAAACTC.1,0,vemurafenib
Data34_GSM5022595_CGGAGCTGTGCGATAG.1,0,vemurafenib
Data34_GSM5022595_CGGAGCTGTTAAGTAG.1,0,vemurafenib
Data34_GSM5022595_CGGAGCTGTTATCGGT.1,0,vemurafenib
Data34_GSM5022595_CGGAGCTGTTGTCGCG.1,0,vemurafenib
Data34_GSM5022595_CGGAGCTTCAAAGTAG.1,0,vemurafenib
Data34_GSM5022595_CGGAGCTTCTAACTTC.1,0,vemurafenib
Data34_GSM5022595_CGGAGTCAGGGCATGT.1,0,vemurafenib
Data34_GSM5022595_CGGAGTCCAATGGTCT.1,0,vemurafenib
Data34_GSM5022595_CGGAGTCGTTAAGTAG.1,0,vemurafenib
Data34_GSM5022595_CGGAGTCTCTTGCAAG.1,0,vemurafenib
Data34_GSM5022595_CGGCTAGAGGACACCA.1,0,vemurafenib
Data34_GSM5022595_CGGCTAGAGGTGCTAG.1,0,vemurafenib
Data34_GSM5022595_CGGCTAGAGTCCCACG.1,0,vemurafenib
Data34_GSM5022595_CGGCTAGAGTCGTACT.1,0,vemurafenib
Data34_GSM5022595_CGGCTAGCAACACCTA.1,0,vemurafenib
Data34_GSM5022595_CGGCTAGGTATCAGTC.1,0,vemurafenib
Data34_GSM5022595_CGGCTAGTCGCATGGC.1,0,vemurafenib
Data34_GSM5022595_CGGCTAGTCTGCCCTA.1,0,vemurafenib
Data34_GSM5022595_CGGGTCAAGAAGGGTA.1,0,vemurafenib
Data34_GSM5022595_CGGGTCAAGCCACCTG.1,0,vemurafenib
Data34_GSM5022595_CGGGTCAAGCTTTGGT.1,0,vemurafenib
Data34_GSM5022595_CGGGTCAAGGTGGGTT.1,0,vemurafenib
Data34_GSM5022595_CGGGTCAAGTCAATAG.1,0,vemurafenib
Data34_GSM5022595_CGGGTCAAGTGCGTGA.1,0,vemurafenib
Data34_GSM5022595_CGGGTCAGTACCGAGA.1,0,vemurafenib
Data34_GSM5022595_CGGGTCAGTCCAGTGC.1,0,vemurafenib
Data34_GSM5022595_CGGGTCAGTGTTGAGG.1,0,vemurafenib
Data34_GSM5022595_CGGGTCATCGCCATAA.1,0,vemurafenib
Data34_GSM5022595_CGGGTCATCTCCGGTT.1,0,vemurafenib
Data34_GSM5022595_CGGGTCATCTCGATGA.1,0,vemurafenib
Data34_GSM5022595_CGGTTAAAGAAACCAT.1,0,vemurafenib
Data34_GSM5022595_CGGTTAAAGACATAAC.1,0,vemurafenib
Data34_GSM5022595_CGGTTAAAGAGCCTAG.1,0,vemurafenib
Data34_GSM5022595_CGGTTAAAGAGCTATA.1,0,vemurafenib
Data34_GSM5022595_CGGTTAAAGGAGCGTT.1,0,vemurafenib
Data34_GSM5022595_CGGTTAACAAACAACA.1,0,vemurafenib
Data34_GSM5022595_CGGTTAACAATGTTGC.1,0,vemurafenib
Data34_GSM5022595_CGGTTAACATGGTCTA.1,0,vemurafenib
Data34_GSM5022595_CGGTTAAGTACGACCC.1,0,vemurafenib
Data34_GSM5022595_CGGTTAAGTCCGACGT.1,0,vemurafenib
Data34_GSM5022595_CGGTTAAGTGGTCCGT.1,0,vemurafenib
Data34_GSM5022595_CGGTTAAGTGTTGGGA.1,0,vemurafenib
Data34_GSM5022595_CGGTTAATCCGATATG.1,0,vemurafenib
Data34_GSM5022595_CGGTTAATCCTAGAAC.1,0,vemurafenib
Data34_GSM5022595_CGGTTAATCTGTTTGT.1,0,vemurafenib
Data34_GSM5022595_CGTAGCGAGATGCCTT.1,0,vemurafenib
Data34_GSM5022595_CGTAGCGAGCTAGTTC.1,0,vemurafenib
Data34_GSM5022595_CGTAGCGAGGTGTGGT.1,0,vemurafenib
Data34_GSM5022595_CGTAGCGCAAGAAAGG.1,0,vemurafenib
Data34_GSM5022595_CGTAGCGCAATCACAC.1,0,vemurafenib
Data34_GSM5022595_CGTAGCGCACCAGCAC.1,0,vemurafenib
Data34_GSM5022595_CGTAGCGCACCGTTGG.1,0,vemurafenib
Data34_GSM5022595_CGTAGCGCACGTAAGG.1,0,vemurafenib
Data34_GSM5022595_CGTAGCGGTTCCTCCA.1,0,vemurafenib
Data34_GSM5022595_CGTAGCGGTTGCTCCT.1,0,vemurafenib
Data34_GSM5022595_CGTAGCGTCGTCTGCT.1,0,vemurafenib
Data34_GSM5022595_CGTAGCGTCTAAGCCA.1,0,vemurafenib
Data34_GSM5022595_CGTAGGCCAAAGGCGT.1,0,vemurafenib
Data34_GSM5022595_CGTAGGCCACGGTAAG.1,0,vemurafenib
Data34_GSM5022595_CGTAGGCGTAAGGGCT.1,0,vemurafenib
Data34_GSM5022595_CGTAGGCGTGAACCTT.1,0,vemurafenib
Data34_GSM5022595_CGTAGGCGTGTCTGAT.1,0,vemurafenib
Data34_GSM5022595_CGTAGGCGTGTTCTTT.1,0,vemurafenib
Data34_GSM5022595_CGTAGGCGTTACAGAA.1,0,vemurafenib
Data34_GSM5022595_CGTAGGCGTTCAGGCC.1,0,vemurafenib
Data34_GSM5022595_CGTAGGCTCCATGCTC.1,0,vemurafenib
Data34_GSM5022595_CGTAGGCTCCTAAGTG.1,0,vemurafenib
Data34_GSM5022595_CGTAGGCTCTGCGGCA.1,0,vemurafenib
Data34_GSM5022595_CGTAGGCTCTTTCCTC.1,0,vemurafenib
Data34_GSM5022595_CGTCACTAGATAGCAT.1,0,vemurafenib
Data34_GSM5022595_CGTCACTAGTACGCCC.1,0,vemurafenib
Data34_GSM5022595_CGTCACTCATATACCG.1,0,vemurafenib
Data34_GSM5022595_CGTCACTGTCGCGAAA.1,0,vemurafenib
Data34_GSM5022595_CGTCACTGTGCCTGCA.1,0,vemurafenib
Data34_GSM5022595_CGTCACTTCCGTCAAA.1,0,vemurafenib
Data34_GSM5022595_CGTCAGGAGCTGCAAG.1,0,vemurafenib
Data34_GSM5022595_CGTCAGGAGTTAGGTA.1,0,vemurafenib
Data34_GSM5022595_CGTCAGGCATGCAATC.1,0,vemurafenib
Data34_GSM5022595_CGTCAGGCATTCGACA.1,0,vemurafenib
Data34_GSM5022595_CGTCAGGGTAGCACGA.1,0,vemurafenib
Data34_GSM5022595_CGTCAGGTCACTATTC.1,0,vemurafenib
Data34_GSM5022595_CGTCAGGTCAGCACAT.1,0,vemurafenib
Data34_GSM5022595_CGTCAGGTCCAAACTG.1,0,vemurafenib
Data34_GSM5022595_CGTCAGGTCGCATGAT.1,0,vemurafenib
Data34_GSM5022595_CGTCAGGTCTATCCCG.1,0,vemurafenib
Data34_GSM5022595_CGTCCATAGCTCCTCT.1,0,vemurafenib
Data34_GSM5022595_CGTCCATAGTGAAGAG.1,0,vemurafenib
Data34_GSM5022595_CGTCCATCACCGTTGG.1,0,vemurafenib
Data34_GSM5022595_CGTCCATGTCGGGTCT.1,0,vemurafenib
Data34_GSM5022595_CGTCCATGTGAGGCTA.1,0,vemurafenib
Data34_GSM5022595_CGTCCATTCCATGAGT.1,0,vemurafenib
Data34_GSM5022595_CGTCTACAGACAAGCC.1,0,vemurafenib
Data34_GSM5022595_CGTCTACCAATGGAAT.1,0,vemurafenib
Data34_GSM5022595_CGTCTACCACATAACC.1,0,vemurafenib
Data34_GSM5022595_CGTCTACTCATTGCGA.1,0,vemurafenib
Data34_GSM5022595_CGTCTACTCCAAACTG.1,0,vemurafenib
Data34_GSM5022595_CGTCTACTCCAAAGTC.1,0,vemurafenib
Data34_GSM5022595_CGTCTACTCTCGATGA.1,0,vemurafenib
Data34_GSM5022595_CGTCTACTCTGTTGAG.1,0,vemurafenib
Data34_GSM5022595_CGTGAGCAGAAGGGTA.1,0,vemurafenib
Data34_GSM5022595_CGTGAGCAGACAAAGG.1,0,vemurafenib
Data34_GSM5022595_CGTGAGCAGGGAGTAA.1,0,vemurafenib
Data34_GSM5022595_CGTGAGCGTCATACTG.1,0,vemurafenib
Data34_GSM5022595_CGTGAGCGTGATGCCC.1,0,vemurafenib
Data34_GSM5022595_CGTGAGCGTTCCACTC.1,0,vemurafenib
Data34_GSM5022595_CGTGAGCTCCCTGACT.1,0,vemurafenib
Data34_GSM5022595_CGTGAGCTCCGTACAA.1,0,vemurafenib
Data34_GSM5022595_CGTGTAACACCCATGG.1,0,vemurafenib
Data34_GSM5022595_CGTGTAAGTAAAGTCA.1,0,vemurafenib
Data34_GSM5022595_CGTGTAAGTGGTTTCA.1,0,vemurafenib
Data34_GSM5022595_CGTGTAAGTTATCCGA.1,0,vemurafenib
Data34_GSM5022595_CGTGTAATCAACACGT.1,0,vemurafenib
Data34_GSM5022595_CGTGTAATCTCCTATA.1,0,vemurafenib
Data34_GSM5022595_CGTGTAATCTTCTGGC.1,0,vemurafenib
Data34_GSM5022595_CGTGTCTAGAGTAATC.1,0,vemurafenib
Data34_GSM5022595_CGTGTCTAGTTAGCGG.1,0,vemurafenib
Data34_GSM5022595_CGTGTCTCAAGCCGTC.1,0,vemurafenib
Data34_GSM5022595_CGTGTCTCAGATCCAT.1,0,vemurafenib
Data34_GSM5022595_CGTGTCTGTCTAGCCG.1,0,vemurafenib
Data34_GSM5022595_CGTGTCTGTCTTCTCG.1,0,vemurafenib
Data34_GSM5022595_CGTGTCTGTTACTGAC.1,0,vemurafenib
Data34_GSM5022595_CGTGTCTTCGTTGACA.1,0,vemurafenib
Data34_GSM5022595_CGTTAGAAGCTCTCGG.1,0,vemurafenib
Data34_GSM5022595_CGTTAGAAGGATGCGT.1,0,vemurafenib
Data34_GSM5022595_CGTTAGACAGGTGGAT.1,0,vemurafenib
Data34_GSM5022595_CGTTAGAGTAACGACG.1,0,vemurafenib
Data34_GSM5022595_CGTTAGAGTACAAGTA.1,0,vemurafenib
Data34_GSM5022595_CGTTAGAGTGTCCTCT.1,0,vemurafenib
Data34_GSM5022595_CGTTAGAGTTATCCGA.1,0,vemurafenib
Data34_GSM5022595_CGTTAGAGTTCCACGG.1,0,vemurafenib
Data34_GSM5022595_CGTTAGAGTTTAGCTG.1,0,vemurafenib
Data34_GSM5022595_CGTTAGATCTTGTACT.1,0,vemurafenib
Data34_GSM5022595_CGTTCTGAGAATGTTG.1,0,vemurafenib
Data34_GSM5022595_CGTTCTGAGGTGATAT.1,0,vemurafenib
Data34_GSM5022595_CGTTCTGAGTGAAGTT.1,0,vemurafenib
Data34_GSM5022595_CGTTCTGCAAAGTCAA.1,0,vemurafenib
Data34_GSM5022595_CGTTCTGCAAGGACTG.1,0,vemurafenib
Data34_GSM5022595_CGTTCTGCAATGACCT.1,0,vemurafenib
Data34_GSM5022595_CGTTCTGCACCGATAT.1,0,vemurafenib
Data34_GSM5022595_CGTTCTGCACTGTCGG.1,0,vemurafenib
Data34_GSM5022595_CGTTCTGGTACAGTTC.1,0,vemurafenib
Data34_GSM5022595_CGTTCTGGTATTACCG.1,0,vemurafenib
Data34_GSM5022595_CGTTCTGGTGTTAAGA.1,0,vemurafenib
Data34_GSM5022595_CGTTCTGGTTACGTCA.1,0,vemurafenib
Data34_GSM5022595_CGTTCTGGTTGGACCC.1,0,vemurafenib
Data34_GSM5022595_CGTTCTGTCAGAGGTG.1,0,vemurafenib
Data34_GSM5022595_CGTTCTGTCCCAAGAT.1,0,vemurafenib
Data34_GSM5022595_CGTTGGGAGGATATAC.1,0,vemurafenib
Data34_GSM5022595_CGTTGGGGTGAGTGAC.1,0,vemurafenib
Data34_GSM5022595_CGTTGGGTCACTCCTG.1,0,vemurafenib
Data34_GSM5022595_CGTTGGGTCCGAGCCA.1,0,vemurafenib
Data34_GSM5022595_CTAACTTAGAAACGAG.1,0,vemurafenib
Data34_GSM5022595_CTAACTTAGATCTGAA.1,0,vemurafenib
Data34_GSM5022595_CTAACTTAGATGTCGG.1,0,vemurafenib
Data34_GSM5022595_CTAACTTAGCTAAGAT.1,0,vemurafenib
Data34_GSM5022595_CTAACTTCAGTTTACG.1,0,vemurafenib
Data34_GSM5022595_CTAACTTGTTCATGGT.1,0,vemurafenib
Data34_GSM5022595_CTAACTTTCACAAACC.1,0,vemurafenib
Data34_GSM5022595_CTAACTTTCACAGTAC.1,0,vemurafenib
Data34_GSM5022595_CTAACTTTCAGTACGT.1,0,vemurafenib
Data34_GSM5022595_CTAAGACAGGAATGGA.1,0,vemurafenib
Data34_GSM5022595_CTAAGACAGTCGATAA.1,0,vemurafenib
Data34_GSM5022595_CTAAGACCAGCTCCGA.1,0,vemurafenib
Data34_GSM5022595_CTAAGACGTCCGAAGA.1,0,vemurafenib
Data34_GSM5022595_CTAAGACGTCCTAGCG.1,0,vemurafenib
Data34_GSM5022595_CTAAGACTCACGAAGG.1,0,vemurafenib
Data34_GSM5022595_CTAAGACTCCAAGCCG.1,0,vemurafenib
Data34_GSM5022595_CTAAGACTCGGGAGTA.1,0,vemurafenib
Data34_GSM5022595_CTAATGGAGCGTTCCG.1,0,vemurafenib
Data34_GSM5022595_CTAATGGAGCTAAGAT.1,0,vemurafenib
Data34_GSM5022595_CTAATGGAGTCCGTAT.1,0,vemurafenib
Data34_GSM5022595_CTAATGGAGTTCGATC.1,0,vemurafenib
Data34_GSM5022595_CTAATGGCATATGCTG.1,0,vemurafenib
Data34_GSM5022595_CTAATGGCATCGGGTC.1,0,vemurafenib
Data34_GSM5022595_CTAATGGGTCTCAACA.1,0,vemurafenib
Data34_GSM5022595_CTAATGGGTCTCTCTG.1,0,vemurafenib
Data34_GSM5022595_CTAATGGGTGTGTGCC.1,0,vemurafenib
Data34_GSM5022595_CTAATGGGTGTTCGAT.1,0,vemurafenib
Data34_GSM5022595_CTAATGGTCATCTGCC.1,0,vemurafenib
Data34_GSM5022595_CTAATGGTCCTGCAGG.1,0,vemurafenib
Data34_GSM5022595_CTAATGGTCGTTACAG.1,0,vemurafenib
Data34_GSM5022595_CTACACCAGACCACGA.1,0,vemurafenib
Data34_GSM5022595_CTACACCAGATCGGGT.1,0,vemurafenib
Data34_GSM5022595_CTACACCAGCTAGTCT.1,0,vemurafenib
Data34_GSM5022595_CTACACCAGTAACCCT.1,0,vemurafenib
Data34_GSM5022595_CTACACCCAAGCCGTC.1,0,vemurafenib
Data34_GSM5022595_CTACACCCAAGGTTCT.1,0,vemurafenib
Data34_GSM5022595_CTACACCCAGTCAGCC.1,0,vemurafenib
Data34_GSM5022595_CTACACCTCCCAAGTA.1,0,vemurafenib
Data34_GSM5022595_CTACACCTCCGCGGTA.1,0,vemurafenib
Data34_GSM5022595_CTACACCTCTCTGTCG.1,0,vemurafenib
Data34_GSM5022595_CTACACCTCTGCCAGG.1,0,vemurafenib
Data34_GSM5022595_CTACATTAGCGATATA.1,0,vemurafenib
Data34_GSM5022595_CTACATTCAATCTACG.1,0,vemurafenib
Data34_GSM5022595_CTACATTGTAGCCTCG.1,0,vemurafenib
Data34_GSM5022595_CTACATTGTTATTCTC.1,0,vemurafenib
Data34_GSM5022595_CTACATTGTTCTGAAC.1,0,vemurafenib
Data34_GSM5022595_CTACATTTCGTTTGCC.1,0,vemurafenib
Data34_GSM5022595_CTACCCAAGATAGCAT.1,0,vemurafenib
Data34_GSM5022595_CTACCCAAGATGAGAG.1,0,vemurafenib
Data34_GSM5022595_CTACCCAAGCTGTTCA.1,0,vemurafenib
Data34_GSM5022595_CTACCCAAGGGTCGAT.1,0,vemurafenib
Data34_GSM5022595_CTACCCACACATGACT.1,0,vemurafenib
Data34_GSM5022595_CTACCCACATGAGCGA.1,0,vemurafenib
Data34_GSM5022595_CTACCCACATTTGCCC.1,0,vemurafenib
Data34_GSM5022595_CTACCCAGTAGCGCAA.1,0,vemurafenib
Data34_GSM5022595_CTACCCAGTCGGCTCA.1,0,vemurafenib
Data34_GSM5022595_CTACCCAGTTTCCACC.1,0,vemurafenib
Data34_GSM5022595_CTACCCATCACTTATC.1,0,vemurafenib
Data34_GSM5022595_CTACCCATCCACGTTC.1,0,vemurafenib
Data34_GSM5022595_CTACCCATCCGAGCCA.1,0,vemurafenib
Data34_GSM5022595_CTACCCATCGGAAATA.1,0,vemurafenib
Data34_GSM5022595_CTACCCATCTGGGCCA.1,0,vemurafenib
Data34_GSM5022595_CTACGTCAGCAGACTG.1,0,vemurafenib
Data34_GSM5022595_CTACGTCAGCCTATGT.1,0,vemurafenib
Data34_GSM5022595_CTACGTCAGTCTTGCA.1,0,vemurafenib
Data34_GSM5022595_CTACGTCCAGTAAGAT.1,0,vemurafenib
Data34_GSM5022595_CTACGTCCATCGATGT.1,0,vemurafenib
Data34_GSM5022595_CTACGTCGTAGCGCAA.1,0,vemurafenib
Data34_GSM5022595_CTACGTCGTCACTGGC.1,0,vemurafenib
Data34_GSM5022595_CTACGTCGTCCGTGAC.1,0,vemurafenib
Data34_GSM5022595_CTACGTCGTCGGCATC.1,0,vemurafenib
Data34_GSM5022595_CTACGTCGTGCTTCTC.1,0,vemurafenib
Data34_GSM5022595_CTACGTCGTTGTCGCG.1,0,vemurafenib
Data34_GSM5022595_CTACGTCTCCACTCCA.1,0,vemurafenib
Data34_GSM5022595_CTACGTCTCCCAAGTA.1,0,vemurafenib
Data34_GSM5022595_CTACGTCTCGTCACGG.1,0,vemurafenib
Data34_GSM5022595_CTACGTCTCTGAGTGT.1,0,vemurafenib
Data34_GSM5022595_CTAGAGTAGCCACCTG.1,0,vemurafenib
Data34_GSM5022595_CTAGAGTAGCGTAATA.1,0,vemurafenib
Data34_GSM5022595_CTAGAGTAGCTAGTTC.1,0,vemurafenib
Data34_GSM5022595_CTAGAGTAGCTGGAAC.1,0,vemurafenib
Data34_GSM5022595_CTAGAGTAGGAACTGC.1,0,vemurafenib
Data34_GSM5022595_CTAGAGTAGTACGCGA.1,0,vemurafenib
Data34_GSM5022595_CTAGAGTCACAACGTT.1,0,vemurafenib
Data34_GSM5022595_CTAGAGTCATGTAGTC.1,0,vemurafenib
Data34_GSM5022595_CTAGAGTTCCTAGTGA.1,0,vemurafenib
Data34_GSM5022595_CTAGAGTTCTGCAGTA.1,0,vemurafenib
Data34_GSM5022595_CTAGCCTAGGCAGGTT.1,0,vemurafenib
Data34_GSM5022595_CTAGCCTAGTATGACA.1,0,vemurafenib
Data34_GSM5022595_CTAGCCTAGTGGTAAT.1,0,vemurafenib
Data34_GSM5022595_CTAGCCTCAAGACGTG.1,0,vemurafenib
Data34_GSM5022595_CTAGCCTCATTTCACT.1,0,vemurafenib
Data34_GSM5022595_CTAGCCTGTCCATCCT.1,0,vemurafenib
Data34_GSM5022595_CTAGCCTGTCTAGCGC.1,0,vemurafenib
Data34_GSM5022595_CTAGCCTGTCTCATCC.1,0,vemurafenib
Data34_GSM5022595_CTAGCCTTCACGATGT.1,0,vemurafenib
Data34_GSM5022595_CTAGCCTTCGAGCCCA.1,0,vemurafenib
Data34_GSM5022595_CTAGCCTTCTCTAGGA.1,0,vemurafenib
Data34_GSM5022595_CTAGTGAAGAATTGTG.1,0,vemurafenib
Data34_GSM5022595_CTAGTGAAGCATGGCA.1,0,vemurafenib
Data34_GSM5022595_CTAGTGAAGGCAGTCA.1,0,vemurafenib
Data34_GSM5022595_CTAGTGAAGTGCAAGC.1,0,vemurafenib
Data34_GSM5022595_CTAGTGACAAAGCGGT.1,0,vemurafenib
Data34_GSM5022595_CTAGTGACAACGATCT.1,0,vemurafenib
Data34_GSM5022595_CTAGTGACAAGTCTAC.1,0,vemurafenib
Data34_GSM5022595_CTAGTGACACTCTGTC.1,0,vemurafenib
Data34_GSM5022595_CTAGTGACAGTCACTA.1,0,vemurafenib
Data34_GSM5022595_CTAGTGAGTGTGACGA.1,0,vemurafenib
Data34_GSM5022595_CTAGTGATCTTGTTTG.1,0,vemurafenib
Data34_GSM5022595_CTCACACAGACCTAGG.1,0,vemurafenib
Data34_GSM5022595_CTCACACAGCATGGCA.1,0,vemurafenib
Data34_GSM5022595_CTCACACAGCTCAACT.1,0,vemurafenib
Data34_GSM5022595_CTCACACAGTATCTCG.1,0,vemurafenib
Data34_GSM5022595_CTCACACCACACGCTG.1,0,vemurafenib
Data34_GSM5022595_CTCACACGTATCGCAT.1,0,vemurafenib
Data34_GSM5022595_CTCACACGTTCGGCAC.1,0,vemurafenib
Data34_GSM5022595_CTCACACGTTGACGTT.1,0,vemurafenib
Data34_GSM5022595_CTCACACTCGTGTAGT.1,0,vemurafenib
Data34_GSM5022595_CTCACACTCTCGCTTG.1,0,vemurafenib
Data34_GSM5022595_CTCACACTCTCGTATT.1,0,vemurafenib
Data34_GSM5022595_CTCAGAAAGACTTTCG.1,0,vemurafenib
Data34_GSM5022595_CTCAGAACAGATCTGT.1,0,vemurafenib
Data34_GSM5022595_CTCAGAACAGCTCCGA.1,0,vemurafenib
Data34_GSM5022595_CTCAGAACATAAGACA.1,0,vemurafenib
Data34_GSM5022595_CTCAGAACATGGGAAC.1,0,vemurafenib
Data34_GSM5022595_CTCAGAATCACTATTC.1,0,vemurafenib
Data34_GSM5022595_CTCAGAATCTCGATGA.1,0,vemurafenib
Data34_GSM5022595_CTCATTAAGACAGAGA.1,0,vemurafenib
Data34_GSM5022595_CTCATTAAGTAACCCT.1,0,vemurafenib
Data34_GSM5022595_CTCATTACATAGTAAG.1,0,vemurafenib
Data34_GSM5022595_CTCATTACATGCATGT.1,0,vemurafenib
Data34_GSM5022595_CTCATTAGTACAGTGG.1,0,vemurafenib
Data34_GSM5022595_CTCATTAGTGTGGTTT.1,0,vemurafenib
Data34_GSM5022595_CTCATTATCCGATATG.1,0,vemurafenib
Data34_GSM5022595_CTCCTAGAGTATCGAA.1,0,vemurafenib
Data34_GSM5022595_CTCCTAGGTCGAGTTT.1,0,vemurafenib
Data34_GSM5022595_CTCCTAGTCAATACCG.1,0,vemurafenib
Data34_GSM5022595_CTCCTAGTCACCGGGT.1,0,vemurafenib
Data34_GSM5022595_CTCGAAACACGGACAA.1,0,vemurafenib
Data34_GSM5022595_CTCGAAACACGTCAGC.1,0,vemurafenib
Data34_GSM5022595_CTCGAAACATGACGGA.1,0,vemurafenib
Data34_GSM5022595_CTCGAAAGTAAGGGAA.1,0,vemurafenib
Data34_GSM5022595_CTCGAAAGTAGTAGTA.1,0,vemurafenib
Data34_GSM5022595_CTCGAAAGTCAGAGGT.1,0,vemurafenib
Data34_GSM5022595_CTCGAGGAGACTGGGT.1,0,vemurafenib
Data34_GSM5022595_CTCGAGGAGGCCATAG.1,0,vemurafenib
Data34_GSM5022595_CTCGAGGAGGCTAGGT.1,0,vemurafenib
Data34_GSM5022595_CTCGAGGAGGTGATTA.1,0,vemurafenib
Data34_GSM5022595_CTCGAGGAGTGAACAT.1,0,vemurafenib
Data34_GSM5022595_CTCGAGGAGTGCGTGA.1,0,vemurafenib
Data34_GSM5022595_CTCGAGGCACAACTGT.1,0,vemurafenib
Data34_GSM5022595_CTCGAGGCAGCCTTTC.1,0,vemurafenib
Data34_GSM5022595_CTCGAGGGTAAATGTG.1,0,vemurafenib
Data34_GSM5022595_CTCGAGGGTTCCACTC.1,0,vemurafenib
Data34_GSM5022595_CTCGAGGGTTGGTTTG.1,0,vemurafenib
Data34_GSM5022595_CTCGAGGTCGGGAGTA.1,0,vemurafenib
Data34_GSM5022595_CTCGGAGAGCGATGAC.1,0,vemurafenib
Data34_GSM5022595_CTCGGAGCAGACGCTC.1,0,vemurafenib
Data34_GSM5022595_CTCGGAGCATGACGGA.1,0,vemurafenib
Data34_GSM5022595_CTCGGAGGTGGACGAT.1,0,vemurafenib
Data34_GSM5022595_CTCGGAGTCCAGTAGT.1,0,vemurafenib
Data34_GSM5022595_CTCGGAGTCGCCTGAG.1,0,vemurafenib
Data34_GSM5022595_CTCGGAGTCGGTTAAC.1,0,vemurafenib
Data34_GSM5022595_CTCGGGAAGCCCGAAA.1,0,vemurafenib
Data34_GSM5022595_CTCGGGAAGCGCCTCA.1,0,vemurafenib
Data34_GSM5022595_CTCGGGAAGGAGTTGC.1,0,vemurafenib
Data34_GSM5022595_CTCGGGAAGGTCATCT.1,0,vemurafenib
Data34_GSM5022595_CTCGGGAAGTTAGCGG.1,0,vemurafenib
Data34_GSM5022595_CTCGGGACACAAGCCC.1,0,vemurafenib
Data34_GSM5022595_CTCGGGACATCGGAAG.1,0,vemurafenib
Data34_GSM5022595_CTCGGGAGTACTTAGC.1,0,vemurafenib
Data34_GSM5022595_CTCGGGATCCACGACG.1,0,vemurafenib
Data34_GSM5022595_CTCGGGATCCGAATGT.1,0,vemurafenib
Data34_GSM5022595_CTCGGGATCTGCGTAA.1,0,vemurafenib
Data34_GSM5022595_CTCGGGATCTTGTCAT.1,0,vemurafenib
Data34_GSM5022595_CTCGTACAGAGCTGGT.1,0,vemurafenib
Data34_GSM5022595_CTCGTACAGGTGTGGT.1,0,vemurafenib
Data34_GSM5022595_CTCGTACCACGGCCAT.1,0,vemurafenib
Data34_GSM5022595_CTCGTACCAGGTCGTC.1,0,vemurafenib
Data34_GSM5022595_CTCGTACTCCCTCTTT.1,0,vemurafenib
Data34_GSM5022595_CTCGTACTCCGCGCAA.1,0,vemurafenib
Data34_GSM5022595_CTCGTACTCCGTCAAA.1,0,vemurafenib
Data34_GSM5022595_CTCGTACTCGAATGCT.1,0,vemurafenib
Data34_GSM5022595_CTCGTCAAGAAGGTGA.1,0,vemurafenib
Data34_GSM5022595_CTCGTCAGTCCGTCAG.1,0,vemurafenib
Data34_GSM5022595_CTCGTCAGTCTCTTTA.1,0,vemurafenib
Data34_GSM5022595_CTCGTCAGTTAAGTAG.1,0,vemurafenib
Data34_GSM5022595_CTCTAATAGCGTGTCC.1,0,vemurafenib
Data34_GSM5022595_CTCTAATAGTACGATA.1,0,vemurafenib
Data34_GSM5022595_CTCTAATAGTCTCAAC.1,0,vemurafenib
Data34_GSM5022595_CTCTAATCACGGTGTC.1,0,vemurafenib
Data34_GSM5022595_CTCTAATGTCATTAGC.1,0,vemurafenib
Data34_GSM5022595_CTCTAATTCAAACAAG.1,0,vemurafenib
Data34_GSM5022595_CTCTAATTCGCACTCT.1,0,vemurafenib
Data34_GSM5022595_CTCTACGAGACCTTTG.1,0,vemurafenib
Data34_GSM5022595_CTCTACGAGCACCGTC.1,0,vemurafenib
Data34_GSM5022595_CTCTACGAGCGCTCCA.1,0,vemurafenib
Data34_GSM5022595_CTCTACGAGTGGACGT.1,0,vemurafenib
Data34_GSM5022595_CTCTACGCACAGGTTT.1,0,vemurafenib
Data34_GSM5022595_CTCTACGCAGATCCAT.1,0,vemurafenib
Data34_GSM5022595_CTCTACGCAGCCACCA.1,0,vemurafenib
Data34_GSM5022595_CTCTACGCAGCGATCC.1,0,vemurafenib
Data34_GSM5022595_CTCTACGGTGCAACTT.1,0,vemurafenib
Data34_GSM5022595_CTCTACGTCTATCGCC.1,0,vemurafenib
Data34_GSM5022595_CTCTGGTAGTACGCCC.1,0,vemurafenib
Data34_GSM5022595_CTCTGGTCACAAGTAA.1,0,vemurafenib
Data34_GSM5022595_CTCTGGTCACGCATCG.1,0,vemurafenib
Data34_GSM5022595_CTCTGGTTCGCACTCT.1,0,vemurafenib
Data34_GSM5022595_CTCTGGTTCGGTCCGA.1,0,vemurafenib
Data34_GSM5022595_CTGAAACAGCTGTTCA.1,0,vemurafenib
Data34_GSM5022595_CTGAAACCACGCTTTC.1,0,vemurafenib
Data34_GSM5022595_CTGAAACCAGATGGGT.1,0,vemurafenib
Data34_GSM5022595_CTGAAACGTGTGACGA.1,0,vemurafenib
Data34_GSM5022595_CTGAAACTCAACTCTT.1,0,vemurafenib
Data34_GSM5022595_CTGAAACTCGCTTAGA.1,0,vemurafenib
Data34_GSM5022595_CTGAAGTAGAACAACT.1,0,vemurafenib
Data34_GSM5022595_CTGAAGTAGACTAAGT.1,0,vemurafenib
Data34_GSM5022595_CTGAAGTAGAGGGATA.1,0,vemurafenib
Data34_GSM5022595_CTGAAGTCAAGGCTCC.1,0,vemurafenib
Data34_GSM5022595_CTGAAGTCAGATGGGT.1,0,vemurafenib
Data34_GSM5022595_CTGAAGTCAGTATAAG.1,0,vemurafenib
Data34_GSM5022595_CTGAAGTCATTATCTC.1,0,vemurafenib
Data34_GSM5022595_CTGAAGTGTGTGACGA.1,0,vemurafenib
Data34_GSM5022595_CTGAAGTGTTCCATGA.1,0,vemurafenib
Data34_GSM5022595_CTGAAGTTCTGTCTAT.1,0,vemurafenib
Data34_GSM5022595_CTGATAGAGAGTAAGG.1,0,vemurafenib
Data34_GSM5022595_CTGATAGAGCTCAACT.1,0,vemurafenib
Data34_GSM5022595_CTGATAGAGGCTCAGA.1,0,vemurafenib
Data34_GSM5022595_CTGATAGAGTCCCACG.1,0,vemurafenib
Data34_GSM5022595_CTGATAGAGTGGTAGC.1,0,vemurafenib
Data34_GSM5022595_CTGATAGCAAGAAGAG.1,0,vemurafenib
Data34_GSM5022595_CTGATAGCACTGAAGG.1,0,vemurafenib
Data34_GSM5022595_CTGATAGGTACCGCTG.1,0,vemurafenib
Data34_GSM5022595_CTGATAGTCACTCCTG.1,0,vemurafenib
Data34_GSM5022595_CTGATAGTCGCGTAGC.1,0,vemurafenib
Data34_GSM5022595_CTGATCCAGTACATGA.1,0,vemurafenib
Data34_GSM5022595_CTGATCCAGTAGTGCG.1,0,vemurafenib
Data34_GSM5022595_CTGATCCCAAGCGCTC.1,0,vemurafenib
Data34_GSM5022595_CTGATCCGTAAATGAC.1,0,vemurafenib
Data34_GSM5022595_CTGCCTAAGATATGGT.1,0,vemurafenib
Data34_GSM5022595_CTGCCTACAAGCCGTC.1,0,vemurafenib
Data34_GSM5022595_CTGCCTACAATGTTGC.1,0,vemurafenib
Data34_GSM5022595_CTGCCTACACGAAAGC.1,0,vemurafenib
Data34_GSM5022595_CTGCCTACAGGAATCG.1,0,vemurafenib
Data34_GSM5022595_CTGCCTACATTACCTT.1,0,vemurafenib
Data34_GSM5022595_CTGCCTAGTACTTGAC.1,0,vemurafenib
Data34_GSM5022595_CTGCCTAGTTGGAGGT.1,0,vemurafenib
Data34_GSM5022595_CTGCCTATCAACGGGA.1,0,vemurafenib
Data34_GSM5022595_CTGCCTATCAAGGCTT.1,0,vemurafenib
Data34_GSM5022595_CTGCCTATCACCGTAA.1,0,vemurafenib
Data34_GSM5022595_CTGCCTATCACTTACT.1,0,vemurafenib
Data34_GSM5022595_CTGCCTATCAGCTGGC.1,0,vemurafenib
Data34_GSM5022595_CTGCCTATCCTTGCCA.1,0,vemurafenib
Data34_GSM5022595_CTGCGGAAGATATACG.1,0,vemurafenib
Data34_GSM5022595_CTGCGGAAGGTGCTTT.1,0,vemurafenib
Data34_GSM5022595_CTGCGGAAGTAAGTAC.1,0,vemurafenib
Data34_GSM5022595_CTGCGGAAGTCAAGCG.1,0,vemurafenib
Data34_GSM5022595_CTGCGGATCACCGTAA.1,0,vemurafenib
Data34_GSM5022595_CTGCGGATCACGGTTA.1,0,vemurafenib
Data34_GSM5022595_CTGCGGATCATTGCCC.1,0,vemurafenib
Data34_GSM5022595_CTGCGGATCGCAGGCT.1,0,vemurafenib
Data34_GSM5022595_CTGCTGTCAGCATGAG.1,0,vemurafenib
Data34_GSM5022595_CTGCTGTCAGGATCGA.1,0,vemurafenib
Data34_GSM5022595_CTGCTGTCATGCTAGT.1,0,vemurafenib
Data34_GSM5022595_CTGCTGTCATTCGACA.1,0,vemurafenib
Data34_GSM5022595_CTGCTGTGTCGCTTCT.1,0,vemurafenib
Data34_GSM5022595_CTGCTGTGTTCGCGAC.1,0,vemurafenib
Data34_GSM5022595_CTGCTGTTCAAACGGG.1,0,vemurafenib
Data34_GSM5022595_CTGCTGTTCCACGAAT.1,0,vemurafenib
Data34_GSM5022595_CTGCTGTTCCAGGGCT.1,0,vemurafenib
Data34_GSM5022595_CTGCTGTTCTGCGGCA.1,0,vemurafenib
Data34_GSM5022595_CTGCTGTTCTTTAGTC.1,0,vemurafenib
Data34_GSM5022595_CTGGTCTAGCAGGCTA.1,0,vemurafenib
Data34_GSM5022595_CTGGTCTCAGCCTTGG.1,0,vemurafenib
Data34_GSM5022595_CTGGTCTCATGCCCGA.1,0,vemurafenib
Data34_GSM5022595_CTGGTCTGTCGCCATG.1,0,vemurafenib
Data34_GSM5022595_CTGGTCTGTCTAGAGG.1,0,vemurafenib
Data34_GSM5022595_CTGGTCTGTTGATTGC.1,0,vemurafenib
Data34_GSM5022595_CTGGTCTTCTACTATC.1,0,vemurafenib
Data34_GSM5022595_CTGGTCTTCTTACCTA.1,0,vemurafenib
Data34_GSM5022595_CTGTGCTAGACACTAA.1,0,vemurafenib
Data34_GSM5022595_CTGTGCTAGATGAGAG.1,0,vemurafenib
Data34_GSM5022595_CTGTGCTAGTCGTACT.1,0,vemurafenib
Data34_GSM5022595_CTGTGCTCAGTTCATG.1,0,vemurafenib
Data34_GSM5022595_CTGTGCTGTACAGACG.1,0,vemurafenib
Data34_GSM5022595_CTGTTTAAGCTCCTCT.1,0,vemurafenib
Data34_GSM5022595_CTGTTTACAAGTCATC.1,0,vemurafenib
Data34_GSM5022595_CTGTTTACACCCATTC.1,0,vemurafenib
Data34_GSM5022595_CTGTTTACATATGGTC.1,0,vemurafenib
Data34_GSM5022595_CTGTTTAGTATAGGGC.1,0,vemurafenib
Data34_GSM5022595_CTGTTTAGTGAGTATA.1,0,vemurafenib
Data34_GSM5022595_CTTAACTAGAGTACAT.1,0,vemurafenib
Data34_GSM5022595_CTTAACTCACGCGAAA.1,0,vemurafenib
Data34_GSM5022595_CTTAACTCAGCTCGCA.1,0,vemurafenib
Data34_GSM5022595_CTTAACTCAGGCTGAA.1,0,vemurafenib
Data34_GSM5022595_CTTAACTGTAGGGACT.1,0,vemurafenib
Data34_GSM5022595_CTTAACTGTGTGAATA.1,0,vemurafenib
Data34_GSM5022595_CTTAACTGTTGACGTT.1,0,vemurafenib
Data34_GSM5022595_CTTAACTGTTGTCGCG.1,0,vemurafenib
Data34_GSM5022595_CTTAACTTCTCCCTGA.1,0,vemurafenib
Data34_GSM5022595_CTTACCGAGACACGAC.1,0,vemurafenib
Data34_GSM5022595_CTTACCGAGGCTAGCA.1,0,vemurafenib
Data34_GSM5022595_CTTACCGCATGCCCGA.1,0,vemurafenib
Data34_GSM5022595_CTTACCGCATGGGAAC.1,0,vemurafenib
Data34_GSM5022595_CTTACCGGTAAGTAGT.1,0,vemurafenib
Data34_GSM5022595_CTTACCGTCAACTCTT.1,0,vemurafenib
Data34_GSM5022595_CTTACCGTCCGGGTGT.1,0,vemurafenib
Data34_GSM5022595_CTTACCGTCCTAGAAC.1,0,vemurafenib
Data34_GSM5022595_CTTACCGTCTTGTATC.1,0,vemurafenib
Data34_GSM5022595_CTTAGGAAGACAAGCC.1,0,vemurafenib
Data34_GSM5022595_CTTAGGAAGCGTAATA.1,0,vemurafenib
Data34_GSM5022595_CTTAGGAAGCTAGTGG.1,0,vemurafenib
Data34_GSM5022595_CTTAGGACAACTTGAC.1,0,vemurafenib
Data34_GSM5022595_CTTAGGACACCTCGGA.1,0,vemurafenib
Data34_GSM5022595_CTTAGGAGTCATGCCG.1,0,vemurafenib
Data34_GSM5022595_CTTAGGAGTTCTGAAC.1,0,vemurafenib
Data34_GSM5022595_CTTAGGATCATCGGAT.1,0,vemurafenib
Data34_GSM5022595_CTTAGGATCCAAACAC.1,0,vemurafenib
Data34_GSM5022595_CTTAGGATCCCTCTTT.1,0,vemurafenib
Data34_GSM5022595_CTTCTCTAGAGACGAA.1,0,vemurafenib
Data34_GSM5022595_CTTCTCTAGCCAGTTT.1,0,vemurafenib
Data34_GSM5022595_CTTCTCTAGGCAGTCA.1,0,vemurafenib
Data34_GSM5022595_CTTCTCTAGGCTAGAC.1,0,vemurafenib
Data34_GSM5022595_CTTCTCTAGTACCGGA.1,0,vemurafenib
Data34_GSM5022595_CTTCTCTCAGGCAGTA.1,0,vemurafenib
Data34_GSM5022595_CTTCTCTGTCTAAACC.1,0,vemurafenib
Data34_GSM5022595_CTTCTCTGTGATGATA.1,0,vemurafenib
Data34_GSM5022595_CTTCTCTGTTACGACT.1,0,vemurafenib
Data34_GSM5022595_CTTCTCTTCCCTAATT.1,0,vemurafenib
Data34_GSM5022595_CTTGGCTAGATTACCC.1,0,vemurafenib
Data34_GSM5022595_CTTGGCTAGCAAATCA.1,0,vemurafenib
Data34_GSM5022595_CTTGGCTAGCCGATTT.1,0,vemurafenib
Data34_GSM5022595_CTTGGCTAGTATGACA.1,0,vemurafenib
Data34_GSM5022595_CTTGGCTCAGGGTTAG.1,0,vemurafenib
Data34_GSM5022595_CTTGGCTCAGGTCGTC.1,0,vemurafenib
Data34_GSM5022595_CTTGGCTCATCACGAT.1,0,vemurafenib
Data34_GSM5022595_CTTGGCTGTAAGCACG.1,0,vemurafenib
Data34_GSM5022595_CTTGGCTGTAGGAGTC.1,0,vemurafenib
Data34_GSM5022595_CTTGGCTGTCCATCCT.1,0,vemurafenib
Data34_GSM5022595_CTTGGCTGTGAGTATA.1,0,vemurafenib
Data34_GSM5022595_CTTGGCTGTGCAACGA.1,0,vemurafenib
Data34_GSM5022595_CTTGGCTTCCGCGGTA.1,0,vemurafenib
Data34_GSM5022595_CTTTGCGCAGGGAGAG.1,0,vemurafenib
Data34_GSM5022595_CTTTGCGGTCTAGCCG.1,0,vemurafenib
Data34_GSM5022595_CTTTGCGGTGAGGGAG.1,0,vemurafenib
Data34_GSM5022595_CTTTGCGGTGTGGCTC.1,0,vemurafenib
Data34_GSM5022595_CTTTGCGGTGTTGAGG.1,0,vemurafenib
Data34_GSM5022595_CTTTGCGTCAATAAGG.1,0,vemurafenib
Data34_GSM5022595_CTTTGCGTCGCACTCT.1,0,vemurafenib
Data34_GSM5022595_CTTTGCGTCGCCATAA.1,0,vemurafenib
Data34_GSM5022595_CTTTGCGTCTGGTATG.1,0,vemurafenib
Data34_GSM5022595_GAAACTCAGGGCTTCC.1,0,vemurafenib
Data34_GSM5022595_GAAACTCGTAGCGCAA.1,0,vemurafenib
Data34_GSM5022595_GAAACTCGTCACCTAA.1,0,vemurafenib
Data34_GSM5022595_GAAACTCGTTATGTGC.1,0,vemurafenib
Data34_GSM5022595_GAAACTCGTTGCTCCT.1,0,vemurafenib
Data34_GSM5022595_GAAACTCTCCGCAAGC.1,0,vemurafenib
Data34_GSM5022595_GAAACTCTCCTAGAAC.1,0,vemurafenib
Data34_GSM5022595_GAAATGAAGGTGACCA.1,0,vemurafenib
Data34_GSM5022595_GAAATGACACTCAGGC.1,0,vemurafenib
Data34_GSM5022595_GAAATGACATACAGCT.1,0,vemurafenib
Data34_GSM5022595_GAAATGAGTGACTCAT.1,0,vemurafenib
Data34_GSM5022595_GAAATGATCAAAGACA.1,0,vemurafenib
Data34_GSM5022595_GAAATGATCAACACAC.1,0,vemurafenib
Data34_GSM5022595_GAAATGATCACCTCGT.1,0,vemurafenib
Data34_GSM5022595_GAAATGATCAGTGTTG.1,0,vemurafenib
Data34_GSM5022595_GAAATGATCCGCGCAA.1,0,vemurafenib
Data34_GSM5022595_GAAATGATCCTTGGTC.1,0,vemurafenib
Data34_GSM5022595_GAACATCAGAGTCGGT.1,0,vemurafenib
Data34_GSM5022595_GAACATCAGGAATTAC.1,0,vemurafenib
Data34_GSM5022595_GAACATCAGGCCATAG.1,0,vemurafenib
Data34_GSM5022595_GAACATCAGTGTCTCA.1,0,vemurafenib
Data34_GSM5022595_GAACATCCAAAGTCAA.1,0,vemurafenib
Data34_GSM5022595_GAACATCCAGACGCAA.1,0,vemurafenib
Data34_GSM5022595_GAACATCCAGCCTATA.1,0,vemurafenib
Data34_GSM5022595_GAACATCCATGAGCGA.1,0,vemurafenib
Data34_GSM5022595_GAACATCGTAGGGTAC.1,0,vemurafenib
Data34_GSM5022595_GAACATCGTGAAAGAG.1,0,vemurafenib
Data34_GSM5022595_GAACATCTCTCCTATA.1,0,vemurafenib
Data34_GSM5022595_GAACATCTCTGAGTGT.1,0,vemurafenib
Data34_GSM5022595_GAACCTAAGCCACGCT.1,0,vemurafenib
Data34_GSM5022595_GAACCTACAAAGCGGT.1,0,vemurafenib
Data34_GSM5022595_GAACCTACACAGACAG.1,0,vemurafenib
Data34_GSM5022595_GAACCTACAGCGATCC.1,0,vemurafenib
Data34_GSM5022595_GAACCTACATATACCG.1,0,vemurafenib
Data34_GSM5022595_GAACCTACATTCTTAC.1,0,vemurafenib
Data34_GSM5022595_GAACCTAGTTACGTCA.1,0,vemurafenib
Data34_GSM5022595_GAACCTATCAAACCGT.1,0,vemurafenib
Data34_GSM5022595_GAACCTATCATCATTC.1,0,vemurafenib
Data34_GSM5022595_GAACCTATCTCAAACG.1,0,vemurafenib
Data34_GSM5022595_GAACCTATCTTGACGA.1,0,vemurafenib
Data34_GSM5022595_GAACGGAAGAGAACAG.1,0,vemurafenib
Data34_GSM5022595_GAACGGAAGATGAGAG.1,0,vemurafenib
Data34_GSM5022595_GAACGGAAGCCCAGCT.1,0,vemurafenib
Data34_GSM5022595_GAACGGAAGCGACGTA.1,0,vemurafenib
Data34_GSM5022595_GAACGGACACTTGGAT.1,0,vemurafenib
Data34_GSM5022595_GAACGGACAGCTCCGA.1,0,vemurafenib
Data34_GSM5022595_GAACGGAGTAGGAGTC.1,0,vemurafenib
Data34_GSM5022595_GAACGGAGTATGCTTG.1,0,vemurafenib
Data34_GSM5022595_GAACGGAGTTCAGCGC.1,0,vemurafenib
Data34_GSM5022595_GAACGGATCAGCAACT.1,0,vemurafenib
Data34_GSM5022595_GAACGGATCCTGCTTG.1,0,vemurafenib
Data34_GSM5022595_GAACGGATCGAATGGG.1,0,vemurafenib
Data34_GSM5022595_GAACGGATCGGTTCGG.1,0,vemurafenib
Data34_GSM5022595_GAAGCAGAGCGTCTAT.1,0,vemurafenib
Data34_GSM5022595_GAAGCAGAGGGTATCG.1,0,vemurafenib
Data34_GSM5022595_GAAGCAGAGTCCGGTC.1,0,vemurafenib
Data34_GSM5022595_GAAGCAGCAATCAGAA.1,0,vemurafenib
Data34_GSM5022595_GAAGCAGCAGGAATGC.1,0,vemurafenib
Data34_GSM5022595_GAAGCAGGTCTAGGTT.1,0,vemurafenib
Data34_GSM5022595_GAAGCAGGTGATGTGG.1,0,vemurafenib
Data34_GSM5022595_GAAGCAGTCAGCTTAG.1,0,vemurafenib
Data34_GSM5022595_GAAGCAGTCAGTTTGG.1,0,vemurafenib
Data34_GSM5022595_GAAGCAGTCCGCATCT.1,0,vemurafenib
Data34_GSM5022595_GAAGCAGTCTCATTCA.1,0,vemurafenib
Data34_GSM5022595_GAAGCAGTCTCCAACC.1,0,vemurafenib
Data34_GSM5022595_GAAGCAGTCTGGCGTG.1,0,vemurafenib
Data34_GSM5022595_GAATAAGAGCTGTCTA.1,0,vemurafenib
Data34_GSM5022595_GAATAAGCACAACGCC.1,0,vemurafenib
Data34_GSM5022595_GAATAAGGTACCGGCT.1,0,vemurafenib
Data34_GSM5022595_GAATAAGTCACGACTA.1,0,vemurafenib
Data34_GSM5022595_GAATAAGTCGGTTCGG.1,0,vemurafenib
Data34_GSM5022595_GAATAAGTCGTTGCCT.1,0,vemurafenib
Data34_GSM5022595_GAATGAACAGGGAGAG.1,0,vemurafenib
Data34_GSM5022595_GAATGAAGTCAAGCGA.1,0,vemurafenib
Data34_GSM5022595_GAATGAAGTGCAACGA.1,0,vemurafenib
Data34_GSM5022595_GAATGAAGTTTGGCGC.1,0,vemurafenib
Data34_GSM5022595_GAATGAATCACCTCGT.1,0,vemurafenib
Data34_GSM5022595_GAATGAATCAGGTTCA.1,0,vemurafenib
Data34_GSM5022595_GAATGAATCCGTAGTA.1,0,vemurafenib
Data34_GSM5022595_GACACGCAGATCACGG.1,0,vemurafenib
Data34_GSM5022595_GACACGCAGCGATCCC.1,0,vemurafenib
Data34_GSM5022595_GACACGCAGTCTCCTC.1,0,vemurafenib
Data34_GSM5022595_GACACGCCAGCCTATA.1,0,vemurafenib
Data34_GSM5022595_GACACGCCATGAAGTA.1,0,vemurafenib
Data34_GSM5022595_GACACGCGTAGCGATG.1,0,vemurafenib
Data34_GSM5022595_GACACGCGTCAGAGGT.1,0,vemurafenib
Data34_GSM5022595_GACACGCGTTGTTTGG.1,0,vemurafenib
Data34_GSM5022595_GACAGAGAGGTCATCT.1,0,vemurafenib
Data34_GSM5022595_GACAGAGCAGTATAAG.1,0,vemurafenib
Data34_GSM5022595_GACAGAGCATATGGTC.1,0,vemurafenib
Data34_GSM5022595_GACAGAGGTCGCATAT.1,0,vemurafenib
Data34_GSM5022595_GACAGAGGTCGTTGTA.1,0,vemurafenib
Data34_GSM5022595_GACAGAGTCGCCAAAT.1,0,vemurafenib
Data34_GSM5022595_GACAGAGTCTATCGCC.1,0,vemurafenib
Data34_GSM5022595_GACAGAGTCTGGCGTG.1,0,vemurafenib
Data34_GSM5022595_GACAGAGTCTGTGCAA.1,0,vemurafenib
Data34_GSM5022595_GACAGAGTCTTACCTA.1,0,vemurafenib
Data34_GSM5022595_GACCAATCAAGTTGTC.1,0,vemurafenib
Data34_GSM5022595_GACCAATCAGGTCCAC.1,0,vemurafenib
Data34_GSM5022595_GACCAATGTAAGTTCC.1,0,vemurafenib
Data34_GSM5022595_GACCAATGTAGCTGCC.1,0,vemurafenib
Data34_GSM5022595_GACCAATGTCGACTAT.1,0,vemurafenib
Data34_GSM5022595_GACCAATGTCGGCACT.1,0,vemurafenib
Data34_GSM5022595_GACCAATGTCTCTCGT.1,0,vemurafenib
Data34_GSM5022595_GACCAATTCTACTTAC.1,0,vemurafenib
Data34_GSM5022595_GACCTGGAGCCCGAAA.1,0,vemurafenib
Data34_GSM5022595_GACCTGGAGTCTTGCA.1,0,vemurafenib
Data34_GSM5022595_GACCTGGGTTCCCTTG.1,0,vemurafenib
Data34_GSM5022595_GACCTGGTCAACCAAC.1,0,vemurafenib
Data34_GSM5022595_GACCTGGTCAGAGACG.1,0,vemurafenib
Data34_GSM5022595_GACCTGGTCGGAAACG.1,0,vemurafenib
Data34_GSM5022595_GACCTGGTCTATCCCG.1,0,vemurafenib
Data34_GSM5022595_GACGCGTCACAACGTT.1,0,vemurafenib
Data34_GSM5022595_GACGCGTCACGAAGCA.1,0,vemurafenib
Data34_GSM5022595_GACGGCTAGATCTGAA.1,0,vemurafenib
Data34_GSM5022595_GACGGCTAGTCGATAA.1,0,vemurafenib
Data34_GSM5022595_GACGGCTCAAGTACCT.1,0,vemurafenib
Data34_GSM5022595_GACGGCTCACCGAATT.1,0,vemurafenib
Data34_GSM5022595_GACGGCTCAGATTGCT.1,0,vemurafenib
Data34_GSM5022595_GACGGCTCATGCTGGC.1,0,vemurafenib
Data34_GSM5022595_GACGGCTTCATGCTCC.1,0,vemurafenib
Data34_GSM5022595_GACGGCTTCTTATCTG.1,0,vemurafenib
Data34_GSM5022595_GACGTGCAGGACTGGT.1,0,vemurafenib
Data34_GSM5022595_GACGTGCAGGCATGTG.1,0,vemurafenib
Data34_GSM5022595_GACGTGCCAATACGCT.1,0,vemurafenib
Data34_GSM5022595_GACGTGCCAGGCTCAC.1,0,vemurafenib
Data34_GSM5022595_GACGTGCGTAGCGATG.1,0,vemurafenib
Data34_GSM5022595_GACGTGCGTCTCACCT.1,0,vemurafenib
Data34_GSM5022595_GACGTGCTCGTTTATC.1,0,vemurafenib
Data34_GSM5022595_GACGTGCTCTTCCTTC.1,0,vemurafenib
Data34_GSM5022595_GACGTTAAGATAGTCA.1,0,vemurafenib
Data34_GSM5022595_GACGTTAAGCTAACAA.1,0,vemurafenib
Data34_GSM5022595_GACGTTACAAGCGTAG.1,0,vemurafenib
Data34_GSM5022595_GACGTTACAATCCAAC.1,0,vemurafenib
Data34_GSM5022595_GACGTTACAGTTTACG.1,0,vemurafenib
Data34_GSM5022595_GACGTTATCAAGGTAA.1,0,vemurafenib
Data34_GSM5022595_GACGTTATCAATCTCT.1,0,vemurafenib
Data34_GSM5022595_GACGTTATCACCCTCA.1,0,vemurafenib
Data34_GSM5022595_GACGTTATCCGGCACA.1,0,vemurafenib
Data34_GSM5022595_GACGTTATCCTAGTGA.1,0,vemurafenib
Data34_GSM5022595_GACGTTATCTAACGGT.1,0,vemurafenib
Data34_GSM5022595_GACGTTATCTGTCTAT.1,0,vemurafenib
Data34_GSM5022595_GACTAACAGCGTGTCC.1,0,vemurafenib
Data34_GSM5022595_GACTAACAGCTAGTTC.1,0,vemurafenib
Data34_GSM5022595_GACTAACAGCTGAACG.1,0,vemurafenib
Data34_GSM5022595_GACTAACAGTCACGCC.1,0,vemurafenib
Data34_GSM5022595_GACTAACCAGCTGTGC.1,0,vemurafenib
Data34_GSM5022595_GACTAACCAGGTGCCT.1,0,vemurafenib
Data34_GSM5022595_GACTAACGTACTTAGC.1,0,vemurafenib
Data34_GSM5022595_GACTAACGTGTCAATC.1,0,vemurafenib
Data34_GSM5022595_GACTAACGTTCTCATT.1,0,vemurafenib
Data34_GSM5022595_GACTAACGTTGTCTTT.1,0,vemurafenib
Data34_GSM5022595_GACTAACTCAATACCG.1,0,vemurafenib
Data34_GSM5022595_GACTAACTCTGGCGTG.1,0,vemurafenib
Data34_GSM5022595_GACTAACTCTTAACCT.1,0,vemurafenib
Data34_GSM5022595_GACTACAAGCGTGAAC.1,0,vemurafenib
Data34_GSM5022595_GACTACAAGCTAGCCC.1,0,vemurafenib
Data34_GSM5022595_GACTACACAGCAGTTT.1,0,vemurafenib
Data34_GSM5022595_GACTACACAGCCTTTC.1,0,vemurafenib
Data34_GSM5022595_GACTACAGTCGCCATG.1,0,vemurafenib
Data34_GSM5022595_GACTACAGTCGGGTCT.1,0,vemurafenib
Data34_GSM5022595_GACTACAGTCTAGCCG.1,0,vemurafenib
Data34_GSM5022595_GACTACAGTGTGTGCC.1,0,vemurafenib
Data34_GSM5022595_GACTACATCTAACTCT.1,0,vemurafenib
Data34_GSM5022595_GACTACATCTGTCAAG.1,0,vemurafenib
Data34_GSM5022595_GACTGCGAGCAGCCTC.1,0,vemurafenib
Data34_GSM5022595_GACTGCGAGCAGGTCA.1,0,vemurafenib
Data34_GSM5022595_GACTGCGAGCGTTCCG.1,0,vemurafenib
Data34_GSM5022595_GACTGCGAGGTGTGGT.1,0,vemurafenib
Data34_GSM5022595_GACTGCGCACGTGAGA.1,0,vemurafenib
Data34_GSM5022595_GACTGCGCAGGGCATA.1,0,vemurafenib
Data34_GSM5022595_GACTGCGGTAAGCACG.1,0,vemurafenib
Data34_GSM5022595_GACTGCGGTATGCTTG.1,0,vemurafenib
Data34_GSM5022595_GACTGCGGTCACTTCC.1,0,vemurafenib
Data34_GSM5022595_GACTGCGGTCTAGCGC.1,0,vemurafenib
Data34_GSM5022595_GACTGCGTCAGTTCGA.1,0,vemurafenib
Data34_GSM5022595_GACTGCGTCGGTTAAC.1,0,vemurafenib
Data34_GSM5022595_GACTGCGTCTGTTGAG.1,0,vemurafenib
Data34_GSM5022595_GACTGCGTCTTCTGGC.1,0,vemurafenib
Data34_GSM5022595_GAGCAGAAGATCGATA.1,0,vemurafenib
Data34_GSM5022595_GAGCAGAAGGAGTACC.1,0,vemurafenib
Data34_GSM5022595_GAGCAGACAAAGGAAG.1,0,vemurafenib
Data34_GSM5022595_GAGCAGACAGGAACGT.1,0,vemurafenib
Data34_GSM5022595_GAGCAGACATGTAGTC.1,0,vemurafenib
Data34_GSM5022595_GAGCAGAGTAAGTGGC.1,0,vemurafenib
Data34_GSM5022595_GAGCAGAGTCCAGTGC.1,0,vemurafenib
Data34_GSM5022595_GAGCAGAGTCCGAAGA.1,0,vemurafenib
Data34_GSM5022595_GAGCAGATCCAGTATG.1,0,vemurafenib
Data34_GSM5022595_GAGGTGAAGTCCATAC.1,0,vemurafenib
Data34_GSM5022595_GAGGTGACATTCGACA.1,0,vemurafenib
Data34_GSM5022595_GAGGTGAGTATAAACG.1,0,vemurafenib
Data34_GSM5022595_GAGGTGAGTCGCATCG.1,0,vemurafenib
Data34_GSM5022595_GAGGTGAGTTCATGGT.1,0,vemurafenib
Data34_GSM5022595_GAGGTGATCCAAGTAC.1,0,vemurafenib
Data34_GSM5022595_GAGTCCGAGAACAATC.1,0,vemurafenib
Data34_GSM5022595_GAGTCCGCAAAGTCAA.1,0,vemurafenib
Data34_GSM5022595_GAGTCCGCACTCTGTC.1,0,vemurafenib
Data34_GSM5022595_GAGTCCGGTAAAGGAG.1,0,vemurafenib
Data34_GSM5022595_GAGTCCGGTACTCGCG.1,0,vemurafenib
Data34_GSM5022595_GAGTCCGGTACTTAGC.1,0,vemurafenib
Data34_GSM5022595_GAGTCCGGTCGAGATG.1,0,vemurafenib
Data34_GSM5022595_GAGTCCGGTCTAAAGA.1,0,vemurafenib
Data34_GSM5022595_GAGTCCGGTGGCTCCA.1,0,vemurafenib
Data34_GSM5022595_GAGTCCGTCACTTACT.1,0,vemurafenib
Data34_GSM5022595_GAGTCCGTCGCATGGC.1,0,vemurafenib
Data34_GSM5022595_GAGTCCGTCTGTGCAA.1,0,vemurafenib
Data34_GSM5022595_GATCAGTAGGCAATTA.1,0,vemurafenib
Data34_GSM5022595_GATCAGTCAGGAATCG.1,0,vemurafenib
Data34_GSM5022595_GATCAGTGTACCGGCT.1,0,vemurafenib
Data34_GSM5022595_GATCAGTGTAGGGTAC.1,0,vemurafenib
Data34_GSM5022595_GATCAGTGTCTAGCGC.1,0,vemurafenib
Data34_GSM5022595_GATCAGTTCAGGTAAA.1,0,vemurafenib
Data34_GSM5022595_GATCGATAGAGGTTAT.1,0,vemurafenib
Data34_GSM5022595_GATCGATAGATCCCGC.1,0,vemurafenib
Data34_GSM5022595_GATCGATAGATGAGAG.1,0,vemurafenib
Data34_GSM5022595_GATCGATAGCTAGTTC.1,0,vemurafenib
Data34_GSM5022595_GATCGATAGGCCATAG.1,0,vemurafenib
Data34_GSM5022595_GATCGATAGTGAAGTT.1,0,vemurafenib
Data34_GSM5022595_GATCGATCAAGCGCTC.1,0,vemurafenib
Data34_GSM5022595_GATCGATCACATTCGA.1,0,vemurafenib
Data34_GSM5022595_GATCGATCATGAGCGA.1,0,vemurafenib
Data34_GSM5022595_GATCGATTCAGAGCTT.1,0,vemurafenib
Data34_GSM5022595_GATCGATTCAGTACGT.1,0,vemurafenib
Data34_GSM5022595_GATCGATTCCAGAAGG.1,0,vemurafenib
Data34_GSM5022595_GATCGATTCCATTCTA.1,0,vemurafenib
Data34_GSM5022595_GATCGATTCGCGTAGC.1,0,vemurafenib
Data34_GSM5022595_GATCGATTCGTGACAT.1,0,vemurafenib
Data34_GSM5022595_GATCGATTCTTCGAGA.1,0,vemurafenib
Data34_GSM5022595_GATCGCGAGCGTCTAT.1,0,vemurafenib
Data34_GSM5022595_GATCGCGAGGCCATAG.1,0,vemurafenib
Data34_GSM5022595_GATCGCGAGTCGAGTG.1,0,vemurafenib
Data34_GSM5022595_GATCGCGCACGAGGTA.1,0,vemurafenib
Data34_GSM5022595_GATCGCGCAGTGAGTG.1,0,vemurafenib
Data34_GSM5022595_GATCGCGGTATAGTAG.1,0,vemurafenib
Data34_GSM5022595_GATCGCGGTCTCCACT.1,0,vemurafenib
Data34_GSM5022595_GATCGCGTCAATAAGG.1,0,vemurafenib
Data34_GSM5022595_GATCGCGTCAGCTCTC.1,0,vemurafenib
Data34_GSM5022595_GATCGCGTCCTCAATT.1,0,vemurafenib
Data34_GSM5022595_GATCGCGTCGTTACGA.1,0,vemurafenib
Data34_GSM5022595_GATCGCGTCTAACCGA.1,0,vemurafenib
Data34_GSM5022595_GATCGCGTCTGTCTAT.1,0,vemurafenib
Data34_GSM5022595_GATCGTAAGATCGATA.1,0,vemurafenib
Data34_GSM5022595_GATCGTACAGACAGGT.1,0,vemurafenib
Data34_GSM5022595_GATCGTAGTAGGACAC.1,0,vemurafenib
Data34_GSM5022595_GATCGTAGTTTGGCGC.1,0,vemurafenib
Data34_GSM5022595_GATCGTATCCAAACAC.1,0,vemurafenib
Data34_GSM5022595_GATCGTATCCCGACTT.1,0,vemurafenib
Data34_GSM5022595_GATCGTATCGCGGATC.1,0,vemurafenib
Data34_GSM5022595_GATCGTATCTTGCATT.1,0,vemurafenib
Data34_GSM5022595_GATCTAGAGAAACCTA.1,0,vemurafenib
Data34_GSM5022595_GATCTAGAGAAGGGTA.1,0,vemurafenib
Data34_GSM5022595_GATCTAGAGTCAAGGC.1,0,vemurafenib
Data34_GSM5022595_GATCTAGGTATAGTAG.1,0,vemurafenib
Data34_GSM5022595_GATCTAGGTCCAACTA.1,0,vemurafenib
Data34_GSM5022595_GATCTAGTCAGGCAAG.1,0,vemurafenib
Data34_GSM5022595_GATCTAGTCGCTAGCG.1,0,vemurafenib
Data34_GSM5022595_GATGAAAAGAGCTTCT.1,0,vemurafenib
Data34_GSM5022595_GATGAAAAGTCAATAG.1,0,vemurafenib
Data34_GSM5022595_GATGAAAAGTCACGCC.1,0,vemurafenib
Data34_GSM5022595_GATGAAACAATGCCAT.1,0,vemurafenib
Data34_GSM5022595_GATGAAACATCTGGTA.1,0,vemurafenib
Data34_GSM5022595_GATGAAAGTAAGTGGC.1,0,vemurafenib
Data34_GSM5022595_GATGAAAGTAGGCTGA.1,0,vemurafenib
Data34_GSM5022595_GATGAAAGTGGGTATG.1,0,vemurafenib
Data34_GSM5022595_GATGAAAGTGTGTGCC.1,0,vemurafenib
Data34_GSM5022595_GATGAAATCAAACCGT.1,0,vemurafenib
Data34_GSM5022595_GATGAAATCCAACCAA.1,0,vemurafenib
Data34_GSM5022595_GATGAAATCCAGAAGG.1,0,vemurafenib
Data34_GSM5022595_GATGAAATCGCAGGCT.1,0,vemurafenib
Data34_GSM5022595_GATGAAATCGCATGGC.1,0,vemurafenib
Data34_GSM5022595_GATGAAATCTTGCCGT.1,0,vemurafenib
Data34_GSM5022595_GATGAGGAGCGGATCA.1,0,vemurafenib
Data34_GSM5022595_GATGAGGAGCTAACAA.1,0,vemurafenib
Data34_GSM5022595_GATGAGGAGCTAGTGG.1,0,vemurafenib
Data34_GSM5022595_GATGAGGAGGCACATG.1,0,vemurafenib
Data34_GSM5022595_GATGAGGCACCCATTC.1,0,vemurafenib
Data34_GSM5022595_GATGAGGGTGATAAAC.1,0,vemurafenib
Data34_GSM5022595_GATGAGGGTGCAGACA.1,0,vemurafenib
Data34_GSM5022595_GATGAGGTCAGAGACG.1,0,vemurafenib
Data34_GSM5022595_GATGCTAAGAAGGTTT.1,0,vemurafenib
Data34_GSM5022595_GATGCTAAGCGATCCC.1,0,vemurafenib
Data34_GSM5022595_GATGCTAAGCGTAATA.1,0,vemurafenib
Data34_GSM5022595_GATGCTAAGGGTCTCC.1,0,vemurafenib
Data34_GSM5022595_GATGCTACAAAGTGCG.1,0,vemurafenib
Data34_GSM5022595_GATGCTACATCTGGTA.1,0,vemurafenib
Data34_GSM5022595_GATGCTACATGGGAAC.1,0,vemurafenib
Data34_GSM5022595_GATGCTAGTACGCTGC.1,0,vemurafenib
Data34_GSM5022595_GATGCTAGTAGTGAAT.1,0,vemurafenib
Data34_GSM5022595_GATGCTAGTTAGGGTG.1,0,vemurafenib
Data34_GSM5022595_GATGCTAGTTCACGGC.1,0,vemurafenib
Data34_GSM5022595_GATGCTAGTTCATGGT.1,0,vemurafenib
Data34_GSM5022595_GATGCTATCACATGCA.1,0,vemurafenib
Data34_GSM5022595_GATGCTATCCACTCCA.1,0,vemurafenib
Data34_GSM5022595_GATGCTATCGCCGTGA.1,0,vemurafenib
Data34_GSM5022595_GATGCTATCGCTAGCG.1,0,vemurafenib
Data34_GSM5022595_GATTCAGCAATGTTGC.1,0,vemurafenib
Data34_GSM5022595_GATTCAGCACACGCTG.1,0,vemurafenib
Data34_GSM5022595_GATTCAGGTAGGCATG.1,0,vemurafenib
Data34_GSM5022595_GATTCAGGTATTCGTG.1,0,vemurafenib
Data34_GSM5022595_GATTCAGGTCGCGTGT.1,0,vemurafenib
Data34_GSM5022595_GATTCAGTCTCGGACG.1,0,vemurafenib
Data34_GSM5022595_GCAAACTAGACTGTAA.1,0,vemurafenib
Data34_GSM5022595_GCAAACTAGATCACGG.1,0,vemurafenib
Data34_GSM5022595_GCAAACTAGATGAGAG.1,0,vemurafenib
Data34_GSM5022595_GCAAACTAGCCCTAAT.1,0,vemurafenib
Data34_GSM5022595_GCAAACTAGCGATATA.1,0,vemurafenib
Data34_GSM5022595_GCAAACTCAACAACCT.1,0,vemurafenib
Data34_GSM5022595_GCAAACTCACACGCTG.1,0,vemurafenib
Data34_GSM5022595_GCAAACTCAGGCGATA.1,0,vemurafenib
Data34_GSM5022595_GCAAACTCATGCCCGA.1,0,vemurafenib
Data34_GSM5022595_GCAAACTTCAGGTTCA.1,0,vemurafenib
Data34_GSM5022595_GCAAACTTCTACCAGA.1,0,vemurafenib
Data34_GSM5022595_GCAATCAAGGAATCGC.1,0,vemurafenib
Data34_GSM5022595_GCAATCAAGGCCATAG.1,0,vemurafenib
Data34_GSM5022595_GCAATCACATACGCCG.1,0,vemurafenib
Data34_GSM5022595_GCAATCACATCACCCT.1,0,vemurafenib
Data34_GSM5022595_GCAATCACATGTTGAC.1,0,vemurafenib
Data34_GSM5022595_GCAATCAGTAGCGTAG.1,0,vemurafenib
Data34_GSM5022595_GCAATCAGTTCACGGC.1,0,vemurafenib
Data34_GSM5022595_GCAATCATCCGCGGTA.1,0,vemurafenib
Data34_GSM5022595_GCAATCATCGTAGATC.1,0,vemurafenib
Data34_GSM5022595_GCAATCATCTATCCTA.1,0,vemurafenib
Data34_GSM5022595_GCAATCATCTGCCCTA.1,0,vemurafenib
Data34_GSM5022595_GCACATAAGCTGAAAT.1,0,vemurafenib
Data34_GSM5022595_GCACATAAGTCCCACG.1,0,vemurafenib
Data34_GSM5022595_GCACATACATCGGGTC.1,0,vemurafenib
Data34_GSM5022595_GCACATAGTCTTCTCG.1,0,vemurafenib
Data34_GSM5022595_GCACATAGTGGAAAGA.1,0,vemurafenib
Data34_GSM5022595_GCACATAGTTATCCGA.1,0,vemurafenib
Data34_GSM5022595_GCACATATCAGCGATT.1,0,vemurafenib
Data34_GSM5022595_GCACTCTAGACGCTTT.1,0,vemurafenib
Data34_GSM5022595_GCACTCTAGCCCTAAT.1,0,vemurafenib
Data34_GSM5022595_GCACTCTAGGATTCGG.1,0,vemurafenib
Data34_GSM5022595_GCACTCTAGGCCCTTG.1,0,vemurafenib
Data34_GSM5022595_GCACTCTAGGGCATGT.1,0,vemurafenib
Data34_GSM5022595_GCACTCTCAAGCTGAG.1,0,vemurafenib
Data34_GSM5022595_GCACTCTCAATGTTGC.1,0,vemurafenib
Data34_GSM5022595_GCACTCTCACATTAGC.1,0,vemurafenib
Data34_GSM5022595_GCACTCTGTCCGACGT.1,0,vemurafenib
Data34_GSM5022595_GCACTCTTCGTTTGCC.1,0,vemurafenib
Data34_GSM5022595_GCACTCTTCTCCTATA.1,0,vemurafenib
Data34_GSM5022595_GCACTCTTCTGCGACG.1,0,vemurafenib
Data34_GSM5022595_GCAGCCAAGACAGGCT.1,0,vemurafenib
Data34_GSM5022595_GCAGCCAAGCCCTAAT.1,0,vemurafenib
Data34_GSM5022595_GCAGCCAAGCTACCTA.1,0,vemurafenib
Data34_GSM5022595_GCAGCCAAGTGGACGT.1,0,vemurafenib
Data34_GSM5022595_GCAGCCACACATGACT.1,0,vemurafenib
Data34_GSM5022595_GCAGCCACACGGCGTT.1,0,vemurafenib
Data34_GSM5022595_GCAGCCAGTCGCATAT.1,0,vemurafenib
Data34_GSM5022595_GCAGCCATCACATACG.1,0,vemurafenib
Data34_GSM5022595_GCAGTTAAGATCCTGT.1,0,vemurafenib
Data34_GSM5022595_GCAGTTAAGTGACATA.1,0,vemurafenib
Data34_GSM5022595_GCAGTTACATCGACGC.1,0,vemurafenib
Data34_GSM5022595_GCAGTTAGTAACGTTC.1,0,vemurafenib
Data34_GSM5022595_GCAGTTAGTATCGCAT.1,0,vemurafenib
Data34_GSM5022595_GCAGTTAGTCCGTGAC.1,0,vemurafenib
Data34_GSM5022595_GCAGTTAGTGGTGTAG.1,0,vemurafenib
Data34_GSM5022595_GCAGTTAGTTTCCACC.1,0,vemurafenib
Data34_GSM5022595_GCAGTTATCCCGACTT.1,0,vemurafenib
Data34_GSM5022595_GCATACAAGAAGGGTA.1,0,vemurafenib
Data34_GSM5022595_GCATACAAGGTACTCT.1,0,vemurafenib
Data34_GSM5022595_GCATACACAATCACAC.1,0,vemurafenib
Data34_GSM5022595_GCATACACACGGCGTT.1,0,vemurafenib
Data34_GSM5022595_GCATACACATGGTTGT.1,0,vemurafenib
Data34_GSM5022595_GCATACACATGTAGTC.1,0,vemurafenib
Data34_GSM5022595_GCATACACATTCTTAC.1,0,vemurafenib
Data34_GSM5022595_GCATACAGTAAAGGAG.1,0,vemurafenib
Data34_GSM5022595_GCATACAGTATGCTTG.1,0,vemurafenib
Data34_GSM5022595_GCATACATCCATGCTC.1,0,vemurafenib
Data34_GSM5022595_GCATACATCGCCTGAG.1,0,vemurafenib
Data34_GSM5022595_GCATACATCGCTTAGA.1,0,vemurafenib
Data34_GSM5022595_GCATGATAGAGCTGCA.1,0,vemurafenib
Data34_GSM5022595_GCATGATAGCCACCTG.1,0,vemurafenib
Data34_GSM5022595_GCATGATAGCGATGAC.1,0,vemurafenib
Data34_GSM5022595_GCATGATAGCTGTCTA.1,0,vemurafenib
Data34_GSM5022595_GCATGATAGGCGTACA.1,0,vemurafenib
Data34_GSM5022595_GCATGATCATCCGTGG.1,0,vemurafenib
Data34_GSM5022595_GCATGATGTTCAGTAC.1,0,vemurafenib
Data34_GSM5022595_GCATGATGTTCCCGAG.1,0,vemurafenib
Data34_GSM5022595_GCATGATTCCAAATGC.1,0,vemurafenib
Data34_GSM5022595_GCATGATTCCGCGCAA.1,0,vemurafenib
Data34_GSM5022595_GCATGATTCCGCGTTT.1,0,vemurafenib
Data34_GSM5022595_GCATGATTCGTACGGC.1,0,vemurafenib
Data34_GSM5022595_GCATGATTCGTCCAGG.1,0,vemurafenib
Data34_GSM5022595_GCATGCGAGGAGTCTG.1,0,vemurafenib
Data34_GSM5022595_GCATGCGAGTCGTTTG.1,0,vemurafenib
Data34_GSM5022595_GCATGCGAGTCTCCTC.1,0,vemurafenib
Data34_GSM5022595_GCATGCGAGTTCGATC.1,0,vemurafenib
Data34_GSM5022595_GCATGCGCACGAAGCA.1,0,vemurafenib
Data34_GSM5022595_GCATGCGCACGGCTAC.1,0,vemurafenib
Data34_GSM5022595_GCATGCGCATACGCCG.1,0,vemurafenib
Data34_GSM5022595_GCATGCGCATCGATGT.1,0,vemurafenib
Data34_GSM5022595_GCATGTAAGAGGGATA.1,0,vemurafenib
Data34_GSM5022595_GCATGTAAGTGGGATC.1,0,vemurafenib
Data34_GSM5022595_GCATGTACAGCCTATA.1,0,vemurafenib
Data34_GSM5022595_GCATGTAGTACTCTCC.1,0,vemurafenib
Data34_GSM5022595_GCATGTAGTCAATACC.1,0,vemurafenib
Data34_GSM5022595_GCATGTAGTCTTGCGG.1,0,vemurafenib
Data34_GSM5022595_GCATGTATCTCTGCTG.1,0,vemurafenib
Data34_GSM5022595_GCCAAATAGACGCAAC.1,0,vemurafenib
Data34_GSM5022595_GCCAAATAGCTAGTTC.1,0,vemurafenib
Data34_GSM5022595_GCCAAATAGGCCCTTG.1,0,vemurafenib
Data34_GSM5022595_GCCAAATAGTCCTCCT.1,0,vemurafenib
Data34_GSM5022595_GCCAAATCAGCTGTGC.1,0,vemurafenib
Data34_GSM5022595_GCCAAATGTAAACGCG.1,0,vemurafenib
Data34_GSM5022595_GCCAAATGTATGAAAC.1,0,vemurafenib
Data34_GSM5022595_GCCAAATGTCCGAAGA.1,0,vemurafenib
Data34_GSM5022595_GCCAAATGTCTCCCTA.1,0,vemurafenib
Data34_GSM5022595_GCCAAATGTCTTGCGG.1,0,vemurafenib
Data34_GSM5022595_GCCAAATTCAAACAAG.1,0,vemurafenib
Data34_GSM5022595_GCCTCTAAGATCTGCT.1,0,vemurafenib
Data34_GSM5022595_GCCTCTACAACTGCTA.1,0,vemurafenib
Data34_GSM5022595_GCCTCTACAAGCCGCT.1,0,vemurafenib
Data34_GSM5022595_GCCTCTACACGCCAGT.1,0,vemurafenib
Data34_GSM5022595_GCCTCTAGTCTAGTCA.1,0,vemurafenib
Data34_GSM5022595_GCCTCTATCAAAGTAG.1,0,vemurafenib
Data34_GSM5022595_GCCTCTATCGAACTGT.1,0,vemurafenib
Data34_GSM5022595_GCCTCTATCTGTCCGT.1,0,vemurafenib
Data34_GSM5022595_GCGACCAAGCGTCTAT.1,0,vemurafenib
Data34_GSM5022595_GCGACCACAATAGAGT.1,0,vemurafenib
Data34_GSM5022595_GCGACCACACAAGACG.1,0,vemurafenib
Data34_GSM5022595_GCGACCACACCGATAT.1,0,vemurafenib
Data34_GSM5022595_GCGACCAGTACCGTAT.1,0,vemurafenib
Data34_GSM5022595_GCGACCAGTAGGGTAC.1,0,vemurafenib
Data34_GSM5022595_GCGACCATCAACACTG.1,0,vemurafenib
Data34_GSM5022595_GCGACCATCTCCGGTT.1,0,vemurafenib
Data34_GSM5022595_GCGACCATCTGGTGTA.1,0,vemurafenib
Data34_GSM5022595_GCGAGAACACGGTAGA.1,0,vemurafenib
Data34_GSM5022595_GCGAGAACAGTATGCT.1,0,vemurafenib
Data34_GSM5022595_GCGAGAAGTGATGCCC.1,0,vemurafenib
Data34_GSM5022595_GCGAGAAGTTGGAGGT.1,0,vemurafenib
Data34_GSM5022595_GCGAGAATCCCTAATT.1,0,vemurafenib
Data34_GSM5022595_GCGAGAATCTCGGACG.1,0,vemurafenib
Data34_GSM5022595_GCGCAACAGAGCCCAA.1,0,vemurafenib
Data34_GSM5022595_GCGCAACAGCTGATAA.1,0,vemurafenib
Data34_GSM5022595_GCGCAACAGTGGCACA.1,0,vemurafenib
Data34_GSM5022595_GCGCAACCAGCCTATA.1,0,vemurafenib
Data34_GSM5022595_GCGCAACCAGTCAGAG.1,0,vemurafenib
Data34_GSM5022595_GCGCAACGTTTGGCGC.1,0,vemurafenib
Data34_GSM5022595_GCGCAACTCAAGCCTA.1,0,vemurafenib
Data34_GSM5022595_GCGCAACTCCTTTACA.1,0,vemurafenib
Data34_GSM5022595_GCGCAGTAGCGTGAGT.1,0,vemurafenib
Data34_GSM5022595_GCGCAGTAGGCGCTCT.1,0,vemurafenib
Data34_GSM5022595_GCGCAGTCAATCGGTT.1,0,vemurafenib
Data34_GSM5022595_GCGCAGTCAGCAGTTT.1,0,vemurafenib
Data34_GSM5022595_GCGCAGTCATGAACCT.1,0,vemurafenib
Data34_GSM5022595_GCGCAGTGTGGGTATG.1,0,vemurafenib
Data34_GSM5022595_GCGCAGTTCATAGCAC.1,0,vemurafenib
Data34_GSM5022595_GCGCAGTTCGGTTAAC.1,0,vemurafenib
Data34_GSM5022595_GCGCAGTTCGTTGCCT.1,0,vemurafenib
Data34_GSM5022595_GCGCAGTTCTCAAACG.1,0,vemurafenib
Data34_GSM5022595_GCGCAGTTCTGCGTAA.1,0,vemurafenib
Data34_GSM5022595_GCGCAGTTCTTCGGTC.1,0,vemurafenib
Data34_GSM5022595_GCGCCAAAGAATGTTG.1,0,vemurafenib
Data34_GSM5022595_GCGCCAAAGAGGGATA.1,0,vemurafenib
Data34_GSM5022595_GCGCCAACACCAGGCT.1,0,vemurafenib
Data34_GSM5022595_GCGCCAACAGCTGTTA.1,0,vemurafenib
Data34_GSM5022595_GCGCCAAGTAACGACG.1,0,vemurafenib
Data34_GSM5022595_GCGCCAAGTCCGAAGA.1,0,vemurafenib
Data34_GSM5022595_GCGCCAAGTTATGCGT.1,0,vemurafenib
Data34_GSM5022595_GCGCCAATCGCCAAAT.1,0,vemurafenib
Data34_GSM5022595_GCGCGATAGAAACGCC.1,0,vemurafenib
Data34_GSM5022595_GCGCGATAGAGTAAGG.1,0,vemurafenib
Data34_GSM5022595_GCGCGATAGCCCGAAA.1,0,vemurafenib
Data34_GSM5022595_GCGCGATAGCGCTTAT.1,0,vemurafenib
Data34_GSM5022595_GCGCGATAGTGTTTGC.1,0,vemurafenib
Data34_GSM5022595_GCGCGATCAAGCGCTC.1,0,vemurafenib
Data34_GSM5022595_GCGCGATCAGACGTAG.1,0,vemurafenib
Data34_GSM5022595_GCGCGATCATCCGTGG.1,0,vemurafenib
Data34_GSM5022595_GCGCGATGTCTTGATG.1,0,vemurafenib
Data34_GSM5022595_GCGCGATTCCTAGGGC.1,0,vemurafenib
Data34_GSM5022595_GCGCGATTCCTTGACC.1,0,vemurafenib
Data34_GSM5022595_GCGGGTTAGATGTGGC.1,0,vemurafenib
Data34_GSM5022595_GCGGGTTCAAACGCGA.1,0,vemurafenib
Data34_GSM5022595_GCGGGTTCATCGGAAG.1,0,vemurafenib
Data34_GSM5022595_GCGGGTTCATTCCTCG.1,0,vemurafenib
Data34_GSM5022595_GCGGGTTGTAGCCTCG.1,0,vemurafenib
Data34_GSM5022595_GCGGGTTGTCAGTGGA.1,0,vemurafenib
Data34_GSM5022595_GCGGGTTGTCTAGCCG.1,0,vemurafenib
Data34_GSM5022595_GCGGGTTGTGACTACT.1,0,vemurafenib
Data34_GSM5022595_GCGGGTTTCTATCCTA.1,0,vemurafenib
Data34_GSM5022595_GCGGGTTTCTTGCATT.1,0,vemurafenib
Data34_GSM5022595_GCTCCTAAGAAGATTC.1,0,vemurafenib
Data34_GSM5022595_GCTCCTAAGCCCTAAT.1,0,vemurafenib
Data34_GSM5022595_GCTCCTAAGCGAGAAA.1,0,vemurafenib
Data34_GSM5022595_GCTCCTAAGCTGATAA.1,0,vemurafenib
Data34_GSM5022595_GCTCCTAAGGGAACGG.1,0,vemurafenib
Data34_GSM5022595_GCTCCTACAGGGATTG.1,0,vemurafenib
Data34_GSM5022595_GCTCCTAGTTGAGGTG.1,0,vemurafenib
Data34_GSM5022595_GCTCCTATCAACGCTA.1,0,vemurafenib
Data34_GSM5022595_GCTCCTATCCAAGCCG.1,0,vemurafenib
Data34_GSM5022595_GCTCCTATCTAACTTC.1,0,vemurafenib
Data34_GSM5022595_GCTCTGTCAAATTGCC.1,0,vemurafenib
Data34_GSM5022595_GCTCTGTCAATCAGAA.1,0,vemurafenib
Data34_GSM5022595_GCTCTGTCACCGAAAG.1,0,vemurafenib
Data34_GSM5022595_GCTCTGTGTCACCCAG.1,0,vemurafenib
Data34_GSM5022595_GCTCTGTGTCAGGACA.1,0,vemurafenib
Data34_GSM5022595_GCTCTGTGTGGTACAG.1,0,vemurafenib
Data34_GSM5022595_GCTCTGTGTGGTTTCA.1,0,vemurafenib
Data34_GSM5022595_GCTCTGTGTTCAACCA.1,0,vemurafenib
Data34_GSM5022595_GCTCTGTGTTCTGTTT.1,0,vemurafenib
Data34_GSM5022595_GCTCTGTTCTTACCGC.1,0,vemurafenib
Data34_GSM5022595_GCTGCAGCACAGCCCA.1,0,vemurafenib
Data34_GSM5022595_GCTGCAGCACCATGTA.1,0,vemurafenib
Data34_GSM5022595_GCTGCAGCAGATGGGT.1,0,vemurafenib
Data34_GSM5022595_GCTGCAGCAGCCTATA.1,0,vemurafenib
Data34_GSM5022595_GCTGCAGGTAGAGGAA.1,0,vemurafenib
Data34_GSM5022595_GCTGCAGGTCCCTACT.1,0,vemurafenib
Data34_GSM5022595_GCTGCAGGTGGTACAG.1,0,vemurafenib
Data34_GSM5022595_GCTGCAGGTGTTCGAT.1,0,vemurafenib
Data34_GSM5022595_GCTGCAGTCACCGTAA.1,0,vemurafenib
Data34_GSM5022595_GCTGCAGTCATGTCCC.1,0,vemurafenib
Data34_GSM5022595_GCTGCAGTCCTATGTT.1,0,vemurafenib
Data34_GSM5022595_GCTGCAGTCTTGCCGT.1,0,vemurafenib
Data34_GSM5022595_GCTGCGAAGCGATATA.1,0,vemurafenib
Data34_GSM5022595_GCTGCGAAGTTCGATC.1,0,vemurafenib
Data34_GSM5022595_GCTGCGACAGCAGTTT.1,0,vemurafenib
Data34_GSM5022595_GCTGCGACATCCGGGT.1,0,vemurafenib
Data34_GSM5022595_GCTGCGAGTAAGGATT.1,0,vemurafenib
Data34_GSM5022595_GCTGCGATCACATGCA.1,0,vemurafenib
Data34_GSM5022595_GCTGCGATCTTCGAGA.1,0,vemurafenib
Data34_GSM5022595_GCTGCTTAGATAGGAG.1,0,vemurafenib
Data34_GSM5022595_GCTGCTTAGCTAGTTC.1,0,vemurafenib
Data34_GSM5022595_GCTGCTTAGTTAGGTA.1,0,vemurafenib
Data34_GSM5022595_GCTGCTTCAATTCCTT.1,0,vemurafenib
Data34_GSM5022595_GCTGCTTCACCGTTGG.1,0,vemurafenib
Data34_GSM5022595_GCTGCTTCAGACAAGC.1,0,vemurafenib
Data34_GSM5022595_GCTGCTTCATCTACGA.1,0,vemurafenib
Data34_GSM5022595_GCTGCTTGTAGCACGA.1,0,vemurafenib
Data34_GSM5022595_GCTGCTTGTGACGCCT.1,0,vemurafenib
Data34_GSM5022595_GCTGCTTGTTCCACAA.1,0,vemurafenib
Data34_GSM5022595_GCTGGGTAGTGCGTGA.1,0,vemurafenib
Data34_GSM5022595_GCTGGGTCAACGATCT.1,0,vemurafenib
Data34_GSM5022595_GCTGGGTCACCAGCAC.1,0,vemurafenib
Data34_GSM5022595_GCTGGGTGTGCAGGTA.1,0,vemurafenib
Data34_GSM5022595_GCTGGGTGTGCTAGCC.1,0,vemurafenib
Data34_GSM5022595_GCTGGGTGTTAAGATG.1,0,vemurafenib
Data34_GSM5022595_GCTGGGTGTTGATTGC.1,0,vemurafenib
Data34_GSM5022595_GCTGGGTGTTTAGCTG.1,0,vemurafenib
Data34_GSM5022595_GCTGGGTTCCAAGTAC.1,0,vemurafenib
Data34_GSM5022595_GCTTCCAAGCTGCCCA.1,0,vemurafenib
Data34_GSM5022595_GCTTCCACACTGTTAG.1,0,vemurafenib
Data34_GSM5022595_GCTTCCACAGGTGGAT.1,0,vemurafenib
Data34_GSM5022595_GCTTCCAGTCCATGAT.1,0,vemurafenib
Data34_GSM5022595_GCTTCCATCTTGAGAC.1,0,vemurafenib
Data34_GSM5022595_GCTTGAAAGATAGGAG.1,0,vemurafenib
Data34_GSM5022595_GCTTGAAAGTAGATGT.1,0,vemurafenib
Data34_GSM5022595_GCTTGAACACTTCTGC.1,0,vemurafenib
Data34_GSM5022595_GGAAAGCAGATATACG.1,0,vemurafenib
Data34_GSM5022595_GGAAAGCCACGACTCG.1,0,vemurafenib
Data34_GSM5022595_GGAAAGCCAGCATACT.1,0,vemurafenib
Data34_GSM5022595_GGAAAGCCATCGGGTC.1,0,vemurafenib
Data34_GSM5022595_GGAAAGCGTGCTTCTC.1,0,vemurafenib
Data34_GSM5022595_GGAAAGCGTGGGTCAA.1,0,vemurafenib
Data34_GSM5022595_GGAAAGCTCAGAAATG.1,0,vemurafenib
Data34_GSM5022595_GGAAAGCTCGTGGGAA.1,0,vemurafenib
Data34_GSM5022595_GGAAAGCTCTTATCTG.1,0,vemurafenib
Data34_GSM5022595_GGAACTTTCCGATATG.1,0,vemurafenib
Data34_GSM5022595_GGAACTTTCGTACCGG.1,0,vemurafenib
Data34_GSM5022595_GGAATAAAGTCGTACT.1,0,vemurafenib
Data34_GSM5022595_GGAATAACAAAGAATC.1,0,vemurafenib
Data34_GSM5022595_GGAATAAGTCGAGATG.1,0,vemurafenib
Data34_GSM5022595_GGAATAATCGGAAACG.1,0,vemurafenib
Data34_GSM5022595_GGACAAGAGCAACGGT.1,0,vemurafenib
Data34_GSM5022595_GGACAAGCATGCTGGC.1,0,vemurafenib
Data34_GSM5022595_GGACAAGGTCTCCCTA.1,0,vemurafenib
Data34_GSM5022595_GGACAAGGTGCGGTAA.1,0,vemurafenib
Data34_GSM5022595_GGACAAGGTTCCACAA.1,0,vemurafenib
Data34_GSM5022595_GGACAAGGTTCCACGG.1,0,vemurafenib
Data34_GSM5022595_GGACAAGTCACATGCA.1,0,vemurafenib
Data34_GSM5022595_GGACAGAAGAATCTCC.1,0,vemurafenib
Data34_GSM5022595_GGACAGAAGACAGAGA.1,0,vemurafenib
Data34_GSM5022595_GGACAGAAGAGCTGCA.1,0,vemurafenib
Data34_GSM5022595_GGACAGAAGCCTATGT.1,0,vemurafenib
Data34_GSM5022595_GGACAGAAGTTAAGTG.1,0,vemurafenib
Data34_GSM5022595_GGACAGACAGACGCCT.1,0,vemurafenib
Data34_GSM5022595_GGACAGACAGCTGCTG.1,0,vemurafenib
Data34_GSM5022595_GGACAGACAGTGGAGT.1,0,vemurafenib
Data34_GSM5022595_GGACAGAGTGTGGCTC.1,0,vemurafenib
Data34_GSM5022595_GGACAGATCACGACTA.1,0,vemurafenib
Data34_GSM5022595_GGACAGATCATAAAGG.1,0,vemurafenib
Data34_GSM5022595_GGACAGATCGTCGTTC.1,0,vemurafenib
Data34_GSM5022595_GGACAGATCTTGGGTA.1,0,vemurafenib
Data34_GSM5022595_GGACATTAGAGTACCG.1,0,vemurafenib
Data34_GSM5022595_GGACATTCATAGGATA.1,0,vemurafenib
Data34_GSM5022595_GGACATTGTAAACGCG.1,0,vemurafenib
Data34_GSM5022595_GGACATTGTCGCTTCT.1,0,vemurafenib
Data34_GSM5022595_GGACATTGTTCGCGAC.1,0,vemurafenib
Data34_GSM5022595_GGACATTGTTGATTGC.1,0,vemurafenib
Data34_GSM5022595_GGACATTTCAACTCTT.1,0,vemurafenib
Data34_GSM5022595_GGACATTTCAGTTTGG.1,0,vemurafenib
Data34_GSM5022595_GGACATTTCCTGCCAT.1,0,vemurafenib
Data34_GSM5022595_GGACATTTCGCCAGCA.1,0,vemurafenib
Data34_GSM5022595_GGACGTCAGACAGGCT.1,0,vemurafenib
Data34_GSM5022595_GGACGTCAGACCACGA.1,0,vemurafenib
Data34_GSM5022595_GGACGTCAGTGCGATG.1,0,vemurafenib
Data34_GSM5022595_GGACGTCCAAGCTGTT.1,0,vemurafenib
Data34_GSM5022595_GGACGTCCACACCGAC.1,0,vemurafenib
Data34_GSM5022595_GGACGTCCACGTCTCT.1,0,vemurafenib
Data34_GSM5022595_GGACGTCCATATACCG.1,0,vemurafenib
Data34_GSM5022595_GGACGTCCATGATCCA.1,0,vemurafenib
Data34_GSM5022595_GGACGTCGTAACGTTC.1,0,vemurafenib
Data34_GSM5022595_GGACGTCGTAAGGGAA.1,0,vemurafenib
Data34_GSM5022595_GGACGTCGTCGACTAT.1,0,vemurafenib
Data34_GSM5022595_GGACGTCTCACCGTAA.1,0,vemurafenib
Data34_GSM5022595_GGACGTCTCAGAGACG.1,0,vemurafenib
Data34_GSM5022595_GGAGCAAAGCTGCGAA.1,0,vemurafenib
Data34_GSM5022595_GGAGCAAGTCTAGCGC.1,0,vemurafenib
Data34_GSM5022595_GGAGCAAGTCTTCTCG.1,0,vemurafenib
Data34_GSM5022595_GGAGCAATCAACACCA.1,0,vemurafenib
Data34_GSM5022595_GGATGTTAGACTAAGT.1,0,vemurafenib
Data34_GSM5022595_GGATGTTAGAGCAATT.1,0,vemurafenib
Data34_GSM5022595_GGATGTTAGTATTGGA.1,0,vemurafenib
Data34_GSM5022595_GGATGTTCAGCTTAAC.1,0,vemurafenib
Data34_GSM5022595_GGATGTTGTAACGTTC.1,0,vemurafenib
Data34_GSM5022595_GGATGTTTCCAGGGCT.1,0,vemurafenib
Data34_GSM5022595_GGATTACAGCGCCTTG.1,0,vemurafenib
Data34_GSM5022595_GGATTACAGGGAGTAA.1,0,vemurafenib
Data34_GSM5022595_GGATTACAGTGACATA.1,0,vemurafenib
Data34_GSM5022595_GGATTACAGTTTGCGT.1,0,vemurafenib
Data34_GSM5022595_GGATTACCAGTTCATG.1,0,vemurafenib
Data34_GSM5022595_GGATTACCATGAACCT.1,0,vemurafenib
Data34_GSM5022595_GGATTACGTAATCACC.1,0,vemurafenib
Data34_GSM5022595_GGATTACGTGTTTGTG.1,0,vemurafenib
Data34_GSM5022595_GGATTACTCAAGATCC.1,0,vemurafenib
Data34_GSM5022595_GGATTACTCCCACTTG.1,0,vemurafenib
Data34_GSM5022595_GGCAATTAGCTAGGCA.1,0,vemurafenib
Data34_GSM5022595_GGCAATTAGGACGAAA.1,0,vemurafenib
Data34_GSM5022595_GGCAATTAGTCGTTTG.1,0,vemurafenib
Data34_GSM5022595_GGCAATTAGTTGAGAT.1,0,vemurafenib
Data34_GSM5022595_GGCAATTCAAAGGAAG.1,0,vemurafenib
Data34_GSM5022595_GGCAATTCAGGTCCAC.1,0,vemurafenib
Data34_GSM5022595_GGCAATTTCACATACG.1,0,vemurafenib
Data34_GSM5022595_GGCAATTTCGATGAGG.1,0,vemurafenib
Data34_GSM5022595_GGCAATTTCGGACAAG.1,0,vemurafenib
Data34_GSM5022595_GGCAATTTCTACTATC.1,0,vemurafenib
Data34_GSM5022595_GGCCGATAGGAGTCTG.1,0,vemurafenib
Data34_GSM5022595_GGCCGATAGGCCGAAT.1,0,vemurafenib
Data34_GSM5022595_GGCCGATCAAAGGAAG.1,0,vemurafenib
Data34_GSM5022595_GGCCGATCACCAGCAC.1,0,vemurafenib
Data34_GSM5022595_GGCCGATCACCCATGG.1,0,vemurafenib
Data34_GSM5022595_GGCCGATCACTAGTAC.1,0,vemurafenib
Data34_GSM5022595_GGCCGATCAGGAACGT.1,0,vemurafenib
Data34_GSM5022595_GGCCGATTCTTCATGT.1,0,vemurafenib
Data34_GSM5022595_GGCCGATTCTTGAGGT.1,0,vemurafenib
Data34_GSM5022595_GGCCGATTCTTGGGTA.1,0,vemurafenib
Data34_GSM5022595_GGCGACTAGACTAGGC.1,0,vemurafenib
Data34_GSM5022595_GGCGACTAGCCATCGC.1,0,vemurafenib
Data34_GSM5022595_GGCGACTAGTCTTGCA.1,0,vemurafenib
Data34_GSM5022595_GGCGACTCAGGGTATG.1,0,vemurafenib
Data34_GSM5022595_GGCGACTTCCTTGGTC.1,0,vemurafenib
Data34_GSM5022595_GGCGACTTCTGACCTC.1,0,vemurafenib
Data34_GSM5022595_GGCGACTTCTGCGACG.1,0,vemurafenib
Data34_GSM5022595_GGCGTGTGTAGCCTAT.1,0,vemurafenib
Data34_GSM5022595_GGCGTGTGTAGCGCTC.1,0,vemurafenib
Data34_GSM5022595_GGCGTGTGTTCCTCCA.1,0,vemurafenib
Data34_GSM5022595_GGCGTGTTCACGGTTA.1,0,vemurafenib
Data34_GSM5022595_GGCGTGTTCAGAGACG.1,0,vemurafenib
Data34_GSM5022595_GGCGTGTTCGGATGGA.1,0,vemurafenib
Data34_GSM5022595_GGCTCGACAGGGAGAG.1,0,vemurafenib
Data34_GSM5022595_GGCTCGACAGTAACGG.1,0,vemurafenib
Data34_GSM5022595_GGCTCGAGTACAGTGG.1,0,vemurafenib
Data34_GSM5022595_GGCTCGAGTACCGTAT.1,0,vemurafenib
Data34_GSM5022595_GGCTCGAGTAGCTGCC.1,0,vemurafenib
Data34_GSM5022595_GGCTCGAGTTCCAACA.1,0,vemurafenib
Data34_GSM5022595_GGCTCGATCCACGAAT.1,0,vemurafenib
Data34_GSM5022595_GGCTCGATCTACCAGA.1,0,vemurafenib
Data34_GSM5022595_GGCTGGTAGCGTTGCC.1,0,vemurafenib
Data34_GSM5022595_GGCTGGTAGTAACCCT.1,0,vemurafenib
Data34_GSM5022595_GGCTGGTCAATGGTCT.1,0,vemurafenib
Data34_GSM5022595_GGCTGGTCACGGTTTA.1,0,vemurafenib
Data34_GSM5022595_GGCTGGTGTCAGATAA.1,0,vemurafenib
Data34_GSM5022595_GGCTGGTGTGCCTGCA.1,0,vemurafenib
Data34_GSM5022595_GGCTGGTTCACCATAG.1,0,vemurafenib
Data34_GSM5022595_GGCTGGTTCGGAAATA.1,0,vemurafenib
Data34_GSM5022595_GGCTGGTTCTATCGCC.1,0,vemurafenib
Data34_GSM5022595_GGGAATGAGAATTCCC.1,0,vemurafenib
Data34_GSM5022595_GGGAATGAGCCGTCGT.1,0,vemurafenib
Data34_GSM5022595_GGGAATGAGCTACCTA.1,0,vemurafenib
Data34_GSM5022595_GGGAATGAGCTAGTGG.1,0,vemurafenib
Data34_GSM5022595_GGGAATGAGGGAAACA.1,0,vemurafenib
Data34_GSM5022595_GGGAATGCAAAGGAAG.1,0,vemurafenib
Data34_GSM5022595_GGGAATGCAATCGGTT.1,0,vemurafenib
Data34_GSM5022595_GGGAATGGTACTTCTT.1,0,vemurafenib
Data34_GSM5022595_GGGAATGGTATAGGGC.1,0,vemurafenib
Data34_GSM5022595_GGGAATGGTTCTGTTT.1,0,vemurafenib
Data34_GSM5022595_GGGACCTAGACGCAAC.1,0,vemurafenib
Data34_GSM5022595_GGGACCTAGGAACTGC.1,0,vemurafenib
Data34_GSM5022595_GGGACCTCAGGATCGA.1,0,vemurafenib
Data34_GSM5022595_GGGACCTCATAAAGGT.1,0,vemurafenib
Data34_GSM5022595_GGGACCTGTTCCGGCA.1,0,vemurafenib
Data34_GSM5022595_GGGACCTTCAGCTGGC.1,0,vemurafenib
Data34_GSM5022595_GGGACCTTCTGCTTGC.1,0,vemurafenib
Data34_GSM5022595_GGGAGATAGAGGTACC.1,0,vemurafenib
Data34_GSM5022595_GGGAGATAGTCGATAA.1,0,vemurafenib
Data34_GSM5022595_GGGAGATCAGACGCAA.1,0,vemurafenib
Data34_GSM5022595_GGGAGATGTAGCGTCC.1,0,vemurafenib
Data34_GSM5022595_GGGAGATGTTCCGGCA.1,0,vemurafenib
Data34_GSM5022595_GGGAGATTCAAGATCC.1,0,vemurafenib
Data34_GSM5022595_GGGAGATTCACATACG.1,0,vemurafenib
Data34_GSM5022595_GGGAGATTCGGCCGAT.1,0,vemurafenib
Data34_GSM5022595_GGGAGATTCTGGCGAC.1,0,vemurafenib
Data34_GSM5022595_GGGAGATTCTTAACCT.1,0,vemurafenib
Data34_GSM5022595_GGGAGATTCTTATCTG.1,0,vemurafenib
Data34_GSM5022595_GGGATGAAGCCAGTTT.1,0,vemurafenib
Data34_GSM5022595_GGGATGAAGGTAGCTG.1,0,vemurafenib
Data34_GSM5022595_GGGATGACAGCCTTTC.1,0,vemurafenib
Data34_GSM5022595_GGGATGATCAACCATG.1,0,vemurafenib
Data34_GSM5022595_GGGATGATCGTGGGAA.1,0,vemurafenib
Data34_GSM5022595_GGGATGATCGTTTAGG.1,0,vemurafenib
Data34_GSM5022595_GGGCACTAGGTTCCTA.1,0,vemurafenib
Data34_GSM5022595_GGGCACTAGTAATCCC.1,0,vemurafenib
Data34_GSM5022595_GGGCACTAGTTAGCGG.1,0,vemurafenib
Data34_GSM5022595_GGGCACTAGTTAGGTA.1,0,vemurafenib
Data34_GSM5022595_GGGCACTCAAGACGTG.1,0,vemurafenib
Data34_GSM5022595_GGGCACTCACATAACC.1,0,vemurafenib
Data34_GSM5022595_GGGCACTGTCTAGCGC.1,0,vemurafenib
Data34_GSM5022595_GGGCACTGTGTTTGTG.1,0,vemurafenib
Data34_GSM5022595_GGGCACTTCAAGGTAA.1,0,vemurafenib
Data34_GSM5022595_GGGCACTTCCGCAAGC.1,0,vemurafenib
Data34_GSM5022595_GGGCACTTCGTTTATC.1,0,vemurafenib
Data34_GSM5022595_GGGCATCAGAGCCCAA.1,0,vemurafenib
Data34_GSM5022595_GGGCATCAGGTGCTTT.1,0,vemurafenib
Data34_GSM5022595_GGGCATCCAAGTCTAC.1,0,vemurafenib
Data34_GSM5022595_GGGCATCCAAGTCTGT.1,0,vemurafenib
Data34_GSM5022595_GGGCATCCAGACGCAA.1,0,vemurafenib
Data34_GSM5022595_GGGCATCCAGATCGGA.1,0,vemurafenib
Data34_GSM5022595_GGGCATCCAGCCACCA.1,0,vemurafenib
Data34_GSM5022595_GGGCATCCAGTAGAGC.1,0,vemurafenib
Data34_GSM5022595_GGGCATCGTCCTCCAT.1,0,vemurafenib
Data34_GSM5022595_GGGCATCTCATGTAGC.1,0,vemurafenib
Data34_GSM5022595_GGGCATCTCTCGGACG.1,0,vemurafenib
Data34_GSM5022595_GGGTCTGAGACCACGA.1,0,vemurafenib
Data34_GSM5022595_GGGTCTGAGCCAGGAT.1,0,vemurafenib
Data34_GSM5022595_GGGTCTGAGGCGATAC.1,0,vemurafenib
Data34_GSM5022595_GGGTCTGGTAGAGTGC.1,0,vemurafenib
Data34_GSM5022595_GGGTCTGGTAGATTAG.1,0,vemurafenib
Data34_GSM5022595_GGGTCTGGTGAGTGAC.1,0,vemurafenib
Data34_GSM5022595_GGGTCTGGTGGTAACG.1,0,vemurafenib
Data34_GSM5022595_GGGTCTGGTTAGAACA.1,0,vemurafenib
Data34_GSM5022595_GGGTCTGTCACTTATC.1,0,vemurafenib
Data34_GSM5022595_GGGTCTGTCCGTCAAA.1,0,vemurafenib
Data34_GSM5022595_GGGTCTGTCGTCGTTC.1,0,vemurafenib
Data34_GSM5022595_GGGTTGCAGACGCTTT.1,0,vemurafenib
Data34_GSM5022595_GGGTTGCAGACTTGAA.1,0,vemurafenib
Data34_GSM5022595_GGGTTGCAGCCACGTC.1,0,vemurafenib
Data34_GSM5022595_GGGTTGCAGTACGCCC.1,0,vemurafenib
Data34_GSM5022595_GGGTTGCCACCCTATC.1,0,vemurafenib
Data34_GSM5022595_GGGTTGCTCGTCCAGG.1,0,vemurafenib
Data34_GSM5022595_GGGTTGCTCTGCAGTA.1,0,vemurafenib
Data34_GSM5022595_GGTATTGAGGTGTGGT.1,0,vemurafenib
Data34_GSM5022595_GGTATTGCAAGTCTAC.1,0,vemurafenib
Data34_GSM5022595_GGTATTGCAATCGAAA.1,0,vemurafenib
Data34_GSM5022595_GGTATTGCACCGTTGG.1,0,vemurafenib
Data34_GSM5022595_GGTATTGCATCTGGTA.1,0,vemurafenib
Data34_GSM5022595_GGTATTGTCACCTTAT.1,0,vemurafenib
Data34_GSM5022595_GGTATTGTCGAATGCT.1,0,vemurafenib
Data34_GSM5022595_GGTGAAGAGGTGACCA.1,0,vemurafenib
Data34_GSM5022595_GGTGAAGCAAGAGGCT.1,0,vemurafenib
Data34_GSM5022595_GGTGAAGCATCCTAGA.1,0,vemurafenib
Data34_GSM5022595_GGTGAAGGTCCAGTAT.1,0,vemurafenib
Data34_GSM5022595_GGTGAAGGTCTTCAAG.1,0,vemurafenib
Data34_GSM5022595_GGTGAAGGTGCAGTAG.1,0,vemurafenib
Data34_GSM5022595_GGTGAAGGTTAAGAAC.1,0,vemurafenib
Data34_GSM5022595_GGTGAAGGTTTCCACC.1,0,vemurafenib
Data34_GSM5022595_GGTGAAGTCGTCTGAA.1,0,vemurafenib
Data34_GSM5022595_GGTGAAGTCGTTACAG.1,0,vemurafenib
Data34_GSM5022595_GGTGCGTAGCGATGAC.1,0,vemurafenib
Data34_GSM5022595_GGTGCGTAGGAATCGC.1,0,vemurafenib
Data34_GSM5022595_GGTGCGTAGGAATTAC.1,0,vemurafenib
Data34_GSM5022595_GGTGCGTCACGAGGTA.1,0,vemurafenib
Data34_GSM5022595_GGTGCGTCAGTAACGG.1,0,vemurafenib
Data34_GSM5022595_GGTGCGTCAGTTAACC.1,0,vemurafenib
Data34_GSM5022595_GGTGCGTGTGGGTCAA.1,0,vemurafenib
Data34_GSM5022595_GGTGCGTGTGTCAATC.1,0,vemurafenib
Data34_GSM5022595_GGTGCGTTCGAGAACG.1,0,vemurafenib
Data34_GSM5022595_GGTGTTAAGACAGGCT.1,0,vemurafenib
Data34_GSM5022595_GGTGTTAAGGTGCAAC.1,0,vemurafenib
Data34_GSM5022595_GGTGTTACAGACAAGC.1,0,vemurafenib
Data34_GSM5022595_GGTGTTAGTAAGGATT.1,0,vemurafenib
Data34_GSM5022595_GGTGTTAGTCCAGTAT.1,0,vemurafenib
Data34_GSM5022595_GGTGTTAGTGATAAGT.1,0,vemurafenib
Data34_GSM5022595_GGTGTTATCTGATACG.1,0,vemurafenib
Data34_GSM5022595_GTAACGTGTAGTACCT.1,0,vemurafenib
Data34_GSM5022595_GTAACGTGTGAAATCA.1,0,vemurafenib
Data34_GSM5022595_GTAACGTTCGGTTAAC.1,0,vemurafenib
Data34_GSM5022595_GTAACGTTCTCAAGTG.1,0,vemurafenib
Data34_GSM5022595_GTAACGTTCTCTAAGG.1,0,vemurafenib
Data34_GSM5022595_GTAACTGAGACACTAA.1,0,vemurafenib
Data34_GSM5022595_GTAACTGAGCCGATTT.1,0,vemurafenib
Data34_GSM5022595_GTAACTGAGGAGCGAG.1,0,vemurafenib
Data34_GSM5022595_GTAACTGAGTCAAGGC.1,0,vemurafenib
Data34_GSM5022595_GTAACTGCAACTTGAC.1,0,vemurafenib
Data34_GSM5022595_GTAACTGCAGGACGTA.1,0,vemurafenib
Data34_GSM5022595_GTAACTGGTCAGAATA.1,0,vemurafenib
Data34_GSM5022595_GTAACTGGTTAGTGGG.1,0,vemurafenib
Data34_GSM5022595_GTAACTGGTTGAACTC.1,0,vemurafenib
Data34_GSM5022595_GTAACTGTCCGCGGTA.1,0,vemurafenib
Data34_GSM5022595_GTACGTAAGATCTGAA.1,0,vemurafenib
Data34_GSM5022595_GTACGTAAGCCGATTT.1,0,vemurafenib
Data34_GSM5022595_GTACGTAAGTCGCCGT.1,0,vemurafenib
Data34_GSM5022595_GTACGTAAGTGATCGG.1,0,vemurafenib
Data34_GSM5022595_GTACGTACACAACGCC.1,0,vemurafenib
Data34_GSM5022595_GTACGTACACCATGTA.1,0,vemurafenib
Data34_GSM5022595_GTACGTAGTAAGTTCC.1,0,vemurafenib
Data34_GSM5022595_GTACGTAGTTAGTGGG.1,0,vemurafenib
Data34_GSM5022595_GTACGTAGTTGGTGGA.1,0,vemurafenib
Data34_GSM5022595_GTACGTAGTTGGTTTG.1,0,vemurafenib
Data34_GSM5022595_GTACGTAGTTTGGCGC.1,0,vemurafenib
Data34_GSM5022595_GTACGTATCTTACCGC.1,0,vemurafenib
Data34_GSM5022595_GTACTCCAGCTCCCAG.1,0,vemurafenib
Data34_GSM5022595_GTACTCCCACTCTGTC.1,0,vemurafenib
Data34_GSM5022595_GTACTCCCAGCATACT.1,0,vemurafenib
Data34_GSM5022595_GTACTCCCATTGGGCC.1,0,vemurafenib
Data34_GSM5022595_GTACTCCGTTGGTGGA.1,0,vemurafenib
Data34_GSM5022595_GTACTCCGTTGGTTTG.1,0,vemurafenib
Data34_GSM5022595_GTACTCCTCGCTTAGA.1,0,vemurafenib
Data34_GSM5022595_GTACTTTAGGCAATTA.1,0,vemurafenib
Data34_GSM5022595_GTACTTTAGTAGGCCA.1,0,vemurafenib
Data34_GSM5022595_GTACTTTGTAGAGTGC.1,0,vemurafenib
Data34_GSM5022595_GTACTTTGTGGTACAG.1,0,vemurafenib
Data34_GSM5022595_GTACTTTTCACAACGT.1,0,vemurafenib
Data34_GSM5022595_GTACTTTTCAGGCAAG.1,0,vemurafenib
Data34_GSM5022595_GTACTTTTCGTACCGG.1,0,vemurafenib
Data34_GSM5022595_GTAGGCCCAAGTAATG.1,0,vemurafenib
Data34_GSM5022595_GTAGGCCCATAGGATA.1,0,vemurafenib
Data34_GSM5022595_GTAGGCCGTCTGCCAG.1,0,vemurafenib
Data34_GSM5022595_GTAGGCCTCAAGGTAA.1,0,vemurafenib
Data34_GSM5022595_GTAGGCCTCACATACG.1,0,vemurafenib
Data34_GSM5022595_GTAGGCCTCTACGAGT.1,0,vemurafenib
Data34_GSM5022595_GTAGTCAAGACTGTAA.1,0,vemurafenib
Data34_GSM5022595_GTAGTCAAGGTTCCTA.1,0,vemurafenib
Data34_GSM5022595_GTAGTCACACAGAGGT.1,0,vemurafenib
Data34_GSM5022595_GTAGTCACAGGAATGC.1,0,vemurafenib
Data34_GSM5022595_GTAGTCAGTGTCAATC.1,0,vemurafenib
Data34_GSM5022595_GTAGTCAGTGTTCTTT.1,0,vemurafenib
Data34_GSM5022595_GTAGTCATCACATAGC.1,0,vemurafenib
Data34_GSM5022595_GTAGTCATCAGTCCCT.1,0,vemurafenib
Data34_GSM5022595_GTAGTCATCGCCATAA.1,0,vemurafenib
Data34_GSM5022595_GTATCTTAGCGTCAAG.1,0,vemurafenib
Data34_GSM5022595_GTATCTTAGCTCCTCT.1,0,vemurafenib
Data34_GSM5022595_GTATCTTAGCTGTTCA.1,0,vemurafenib
Data34_GSM5022595_GTATCTTAGTGGTCCC.1,0,vemurafenib
Data34_GSM5022595_GTATCTTCAATGGACG.1,0,vemurafenib
Data34_GSM5022595_GTATCTTCAGGACCCT.1,0,vemurafenib
Data34_GSM5022595_GTATCTTGTCCTCTTG.1,0,vemurafenib
Data34_GSM5022595_GTATCTTTCAGTCAGT.1,0,vemurafenib
Data34_GSM5022595_GTATTCTAGCCCGAAA.1,0,vemurafenib
Data34_GSM5022595_GTATTCTAGCGGCTTC.1,0,vemurafenib
Data34_GSM5022595_GTATTCTAGGATGGTC.1,0,vemurafenib
Data34_GSM5022595_GTATTCTCAATACGCT.1,0,vemurafenib
Data34_GSM5022595_GTATTCTCACCAACCG.1,0,vemurafenib
Data34_GSM5022595_GTATTCTGTAACGACG.1,0,vemurafenib
Data34_GSM5022595_GTATTCTGTCATTAGC.1,0,vemurafenib
Data34_GSM5022595_GTATTCTGTTTGACAC.1,0,vemurafenib
Data34_GSM5022595_GTATTCTTCTCTGCTG.1,0,vemurafenib
Data34_GSM5022595_GTCAAGTAGATCCTGT.1,0,vemurafenib
Data34_GSM5022595_GTCAAGTAGGCCATAG.1,0,vemurafenib
Data34_GSM5022595_GTCAAGTCAACTTGAC.1,0,vemurafenib
Data34_GSM5022595_GTCAAGTGTCATTAGC.1,0,vemurafenib
Data34_GSM5022595_GTCAAGTTCGGTCTAA.1,0,vemurafenib
Data34_GSM5022595_GTCAAGTTCTGTCTAT.1,0,vemurafenib
Data34_GSM5022595_GTCACAAAGACAATAC.1,0,vemurafenib
Data34_GSM5022595_GTCACAAAGACATAAC.1,0,vemurafenib
Data34_GSM5022595_GTCACAAAGCAACGGT.1,0,vemurafenib
Data34_GSM5022595_GTCACAACAGAGTGTG.1,0,vemurafenib
Data34_GSM5022595_GTCACAACATCAGTAC.1,0,vemurafenib
Data34_GSM5022595_GTCACAAGTCTAGAGG.1,0,vemurafenib
Data34_GSM5022595_GTCACGGAGCGTGAGT.1,0,vemurafenib
Data34_GSM5022595_GTCACGGCAGCTCGAC.1,0,vemurafenib
Data34_GSM5022595_GTCACGGGTCCATGAT.1,0,vemurafenib
Data34_GSM5022595_GTCACGGGTCCTCCAT.1,0,vemurafenib
Data34_GSM5022595_GTCACGGTCTGCTTGC.1,0,vemurafenib
Data34_GSM5022595_GTCATTTAGCATCATC.1,0,vemurafenib
Data34_GSM5022595_GTCATTTAGCTTATCG.1,0,vemurafenib
Data34_GSM5022595_GTCATTTAGGCAGGTT.1,0,vemurafenib
Data34_GSM5022595_GTCATTTCAGCCAATT.1,0,vemurafenib
Data34_GSM5022595_GTCATTTGTACTCGCG.1,0,vemurafenib
Data34_GSM5022595_GTCATTTGTCATACTG.1,0,vemurafenib
Data34_GSM5022595_GTCATTTGTGCAGTAG.1,0,vemurafenib
Data34_GSM5022595_GTCATTTGTTCTGGTA.1,0,vemurafenib
Data34_GSM5022595_GTCCTCAAGCCTTGAT.1,0,vemurafenib
Data34_GSM5022595_GTCCTCAAGGATCGCA.1,0,vemurafenib
Data34_GSM5022595_GTCCTCAAGTAGCGGT.1,0,vemurafenib
Data34_GSM5022595_GTCCTCACACCGAATT.1,0,vemurafenib
Data34_GSM5022595_GTCCTCAGTGAACCTT.1,0,vemurafenib
Data34_GSM5022595_GTCCTCAGTGGTCTCG.1,0,vemurafenib
Data34_GSM5022595_GTCCTCAGTGTGCGTC.1,0,vemurafenib
Data34_GSM5022595_GTCCTCATCCATGAGT.1,0,vemurafenib
Data34_GSM5022595_GTCGGGTAGAAGAAGC.1,0,vemurafenib
Data34_GSM5022595_GTCGGGTAGTGGAGAA.1,0,vemurafenib
Data34_GSM5022595_GTCGGGTCAATGGACG.1,0,vemurafenib
Data34_GSM5022595_GTCGGGTCACCGAAAG.1,0,vemurafenib
Data34_GSM5022595_GTCGGGTGTCAGCTAT.1,0,vemurafenib
Data34_GSM5022595_GTCGGGTGTCTTCGTC.1,0,vemurafenib
Data34_GSM5022595_GTCGGGTGTTCAGCGC.1,0,vemurafenib
Data34_GSM5022595_GTCGGGTTCTCAAGTG.1,0,vemurafenib
Data34_GSM5022595_GTCGTAAAGCCCAATT.1,0,vemurafenib
Data34_GSM5022595_GTCGTAAAGCTCCTTC.1,0,vemurafenib
Data34_GSM5022595_GTCGTAAAGCTGAACG.1,0,vemurafenib
Data34_GSM5022595_GTCGTAAAGGGCTTGA.1,0,vemurafenib
Data34_GSM5022595_GTCGTAACAACACGCC.1,0,vemurafenib
Data34_GSM5022595_GTCGTAACAGACGCTC.1,0,vemurafenib
Data34_GSM5022595_GTCGTAACATCACAAC.1,0,vemurafenib
Data34_GSM5022595_GTCGTAACATGACATC.1,0,vemurafenib
Data34_GSM5022595_GTCGTAAGTCCGTGAC.1,0,vemurafenib
Data34_GSM5022595_GTCGTAAGTGTTCGAT.1,0,vemurafenib
Data34_GSM5022595_GTCGTAAGTTGTACAC.1,0,vemurafenib
Data34_GSM5022595_GTCGTAATCCGGCACA.1,0,vemurafenib
Data34_GSM5022595_GTCGTAATCCTATTCA.1,0,vemurafenib
Data34_GSM5022595_GTCGTAATCTTGCATT.1,0,vemurafenib
Data34_GSM5022595_GTCTCGTAGATATGCA.1,0,vemurafenib
Data34_GSM5022595_GTCTCGTAGTAGCCGA.1,0,vemurafenib
Data34_GSM5022595_GTCTCGTCACTGTCGG.1,0,vemurafenib
Data34_GSM5022595_GTCTCGTCATCCAACA.1,0,vemurafenib
Data34_GSM5022595_GTCTCGTTCCAAAGTC.1,0,vemurafenib
Data34_GSM5022595_GTCTTCGAGTGCGATG.1,0,vemurafenib
Data34_GSM5022595_GTCTTCGCATGGATGG.1,0,vemurafenib
Data34_GSM5022595_GTCTTCGCATGGTAGG.1,0,vemurafenib
Data34_GSM5022595_GTCTTCGGTAACGACG.1,0,vemurafenib
Data34_GSM5022595_GTCTTCGGTTAAAGTG.1,0,vemurafenib
Data34_GSM5022595_GTCTTCGGTTCAGACT.1,0,vemurafenib
Data34_GSM5022595_GTCTTCGTCCGAATGT.1,0,vemurafenib
Data34_GSM5022595_GTCTTCGTCGCTAGCG.1,0,vemurafenib
Data34_GSM5022595_GTCTTCGTCGTTGCCT.1,0,vemurafenib
Data34_GSM5022595_GTGAAGGAGCGATCCC.1,0,vemurafenib
Data34_GSM5022595_GTGAAGGAGCTCAACT.1,0,vemurafenib
Data34_GSM5022595_GTGAAGGAGCTGTCTA.1,0,vemurafenib
Data34_GSM5022595_GTGAAGGCAAACGTGG.1,0,vemurafenib
Data34_GSM5022595_GTGAAGGCATATGGTC.1,0,vemurafenib
Data34_GSM5022595_GTGAAGGGTCCGTGAC.1,0,vemurafenib
Data34_GSM5022595_GTGAAGGGTGAGGCTA.1,0,vemurafenib
Data34_GSM5022595_GTGAAGGGTGCGATAG.1,0,vemurafenib
Data34_GSM5022595_GTGAAGGGTTAGATGA.1,0,vemurafenib
Data34_GSM5022595_GTGAAGGTCACAGGCC.1,0,vemurafenib
Data34_GSM5022595_GTGAAGGTCACTTACT.1,0,vemurafenib
Data34_GSM5022595_GTGAAGGTCAGGTAAA.1,0,vemurafenib
Data34_GSM5022595_GTGAAGGTCGGTTCGG.1,0,vemurafenib
Data34_GSM5022595_GTGCAGCAGACTGGGT.1,0,vemurafenib
Data34_GSM5022595_GTGCAGCAGAGACGAA.1,0,vemurafenib
Data34_GSM5022595_GTGCAGCAGCTAAACA.1,0,vemurafenib
Data34_GSM5022595_GTGCAGCCACAGTCGC.1,0,vemurafenib
Data34_GSM5022595_GTGCAGCCAGGTCGTC.1,0,vemurafenib
Data34_GSM5022595_GTGCAGCCAGTAGAGC.1,0,vemurafenib
Data34_GSM5022595_GTGCAGCGTCATATGC.1,0,vemurafenib
Data34_GSM5022595_GTGCAGCTCCAAACAC.1,0,vemurafenib
Data34_GSM5022595_GTGCAGCTCCAAATGC.1,0,vemurafenib
Data34_GSM5022595_GTGCAGCTCCCTAATT.1,0,vemurafenib
Data34_GSM5022595_GTGCATAAGGGTATCG.1,0,vemurafenib
Data34_GSM5022595_GTGCATACAAGTCTAC.1,0,vemurafenib
Data34_GSM5022595_GTGCATACATGGTAGG.1,0,vemurafenib
Data34_GSM5022595_GTGCATACATGTTCCC.1,0,vemurafenib
Data34_GSM5022595_GTGCATAGTCAGAGGT.1,0,vemurafenib
Data34_GSM5022595_GTGCATAGTCAGGACA.1,0,vemurafenib
Data34_GSM5022595_GTGCATATCCCACTTG.1,0,vemurafenib
Data34_GSM5022595_GTGCATATCCTAGTGA.1,0,vemurafenib
Data34_GSM5022595_GTGCATATCTTCATGT.1,0,vemurafenib
Data34_GSM5022595_GTGCGGTAGACCACGA.1,0,vemurafenib
Data34_GSM5022595_GTGCGGTAGACGACGT.1,0,vemurafenib
Data34_GSM5022595_GTGCGGTAGGATGCGT.1,0,vemurafenib
Data34_GSM5022595_GTGCGGTCATGGATGG.1,0,vemurafenib
Data34_GSM5022595_GTGCGGTGTCACCTAA.1,0,vemurafenib
Data34_GSM5022595_GTGCGGTGTTCTCATT.1,0,vemurafenib
Data34_GSM5022595_GTGCGGTTCCTGTACC.1,0,vemurafenib
Data34_GSM5022595_GTGCGGTTCTTCAACT.1,0,vemurafenib
Data34_GSM5022595_GTGCTTCAGCACCGCT.1,0,vemurafenib
Data34_GSM5022595_GTGCTTCAGTAGTGCG.1,0,vemurafenib
Data34_GSM5022595_GTGCTTCCAATGGACG.1,0,vemurafenib
Data34_GSM5022595_GTGCTTCCACACCGCA.1,0,vemurafenib
Data34_GSM5022595_GTGCTTCCAGTTCCCT.1,0,vemurafenib
Data34_GSM5022595_GTGCTTCGTACCGCTG.1,0,vemurafenib
Data34_GSM5022595_GTGCTTCGTCAGCTAT.1,0,vemurafenib
Data34_GSM5022595_GTGCTTCTCCAGAAGG.1,0,vemurafenib
Data34_GSM5022595_GTGGGTCAGAGACGAA.1,0,vemurafenib
Data34_GSM5022595_GTGGGTCAGCAACGGT.1,0,vemurafenib
Data34_GSM5022595_GTGGGTCAGTGGTCCC.1,0,vemurafenib
Data34_GSM5022595_GTGGGTCCATGGATGG.1,0,vemurafenib
Data34_GSM5022595_GTGGGTCGTTATCCGA.1,0,vemurafenib
Data34_GSM5022595_GTGGGTCGTTCTGGTA.1,0,vemurafenib
Data34_GSM5022595_GTGGGTCTCACCTTAT.1,0,vemurafenib
Data34_GSM5022595_GTGGGTCTCTACTATC.1,0,vemurafenib
Data34_GSM5022595_GTGTGCGAGGTGACCA.1,0,vemurafenib
Data34_GSM5022595_GTGTGCGAGTGGACGT.1,0,vemurafenib
Data34_GSM5022595_GTGTGCGGTCAATACC.1,0,vemurafenib
Data34_GSM5022595_GTGTGCGGTGCCTGTG.1,0,vemurafenib
Data34_GSM5022595_GTGTGCGGTTCCCGAG.1,0,vemurafenib
Data34_GSM5022595_GTGTGCGTCATTGCCC.1,0,vemurafenib
Data34_GSM5022595_GTGTGCGTCTGTCAAG.1,0,vemurafenib
Data34_GSM5022595_GTGTTAGAGAGTGAGA.1,0,vemurafenib
Data34_GSM5022595_GTGTTAGCAACGATGG.1,0,vemurafenib
Data34_GSM5022595_GTGTTAGCACCCAGTG.1,0,vemurafenib
Data34_GSM5022595_GTGTTAGGTCGCTTCT.1,0,vemurafenib
Data34_GSM5022595_GTGTTAGTCAACTCTT.1,0,vemurafenib
Data34_GSM5022595_GTGTTAGTCAGCGACC.1,0,vemurafenib
Data34_GSM5022595_GTGTTAGTCCGTTGCT.1,0,vemurafenib
Data34_GSM5022595_GTTAAGCAGGCAATTA.1,0,vemurafenib
Data34_GSM5022595_GTTAAGCAGGTGTGGT.1,0,vemurafenib
Data34_GSM5022595_GTTAAGCAGTTCGCGC.1,0,vemurafenib
Data34_GSM5022595_GTTAAGCCACTCTGTC.1,0,vemurafenib
Data34_GSM5022595_GTTAAGCCAGAAGCAC.1,0,vemurafenib
Data34_GSM5022595_GTTAAGCCATACAGCT.1,0,vemurafenib
Data34_GSM5022595_GTTAAGCGTATATGGA.1,0,vemurafenib
Data34_GSM5022595_GTTAAGCGTCATGCAT.1,0,vemurafenib
Data34_GSM5022595_GTTAAGCGTGTGGCTC.1,0,vemurafenib
Data34_GSM5022595_GTTAAGCGTGTGGTTT.1,0,vemurafenib
Data34_GSM5022595_GTTAAGCTCAACCATG.1,0,vemurafenib
Data34_GSM5022595_GTTAAGCTCACTTACT.1,0,vemurafenib
Data34_GSM5022595_GTTACAGAGCGATCCC.1,0,vemurafenib
Data34_GSM5022595_GTTACAGAGGGCTTCC.1,0,vemurafenib
Data34_GSM5022595_GTTACAGAGGTGCACA.1,0,vemurafenib
Data34_GSM5022595_GTTACAGAGTTAAGTG.1,0,vemurafenib
Data34_GSM5022595_GTTACAGCAAGGTTTC.1,0,vemurafenib
Data34_GSM5022595_GTTACAGCAGTTTACG.1,0,vemurafenib
Data34_GSM5022595_GTTACAGGTAGCTTGT.1,0,vemurafenib
Data34_GSM5022595_GTTACAGTCATGGTCA.1,0,vemurafenib
Data34_GSM5022595_GTTCATTAGACACGAC.1,0,vemurafenib
Data34_GSM5022595_GTTCATTCAATGAAAC.1,0,vemurafenib
Data34_GSM5022595_GTTCATTCAATGGATA.1,0,vemurafenib
Data34_GSM5022595_GTTCATTCACAGACTT.1,0,vemurafenib
Data34_GSM5022595_GTTCATTCACCACCAG.1,0,vemurafenib
Data34_GSM5022595_GTTCATTCACGTTGGC.1,0,vemurafenib
Data34_GSM5022595_GTTCATTCATCATCCC.1,0,vemurafenib
Data34_GSM5022595_GTTCATTGTATGCTTG.1,0,vemurafenib
Data34_GSM5022595_GTTCATTGTCCGAGTC.1,0,vemurafenib
Data34_GSM5022595_GTTCATTTCCCAAGAT.1,0,vemurafenib
Data34_GSM5022595_GTTCATTTCGATGAGG.1,0,vemurafenib
Data34_GSM5022595_GTTCGGGAGGCATTGG.1,0,vemurafenib
Data34_GSM5022595_GTTCGGGAGTGTCCAT.1,0,vemurafenib
Data34_GSM5022595_GTTCGGGCACGTGAGA.1,0,vemurafenib
Data34_GSM5022595_GTTCGGGCAGACAAGC.1,0,vemurafenib
Data34_GSM5022595_GTTCGGGGTATTCGTG.1,0,vemurafenib
Data34_GSM5022595_GTTCGGGGTCGCATAT.1,0,vemurafenib
Data34_GSM5022595_GTTCGGGGTGATAAGT.1,0,vemurafenib
Data34_GSM5022595_GTTCGGGGTTCACGGC.1,0,vemurafenib
Data34_GSM5022595_GTTCGGGGTTGCTCCT.1,0,vemurafenib
Data34_GSM5022595_GTTCGGGTCTTGTCAT.1,0,vemurafenib
Data34_GSM5022595_GTTCTCGCAGCGTAAG.1,0,vemurafenib
Data34_GSM5022595_GTTCTCGCATCGACGC.1,0,vemurafenib
Data34_GSM5022595_GTTCTCGGTCTGGAGA.1,0,vemurafenib
Data34_GSM5022595_GTTCTCGGTTAAGTAG.1,0,vemurafenib
Data34_GSM5022595_GTTCTCGTCAGAGGTG.1,0,vemurafenib
Data34_GSM5022595_GTTCTCGTCCCAAGAT.1,0,vemurafenib
Data34_GSM5022595_GTTTCTACAAGCCTAT.1,0,vemurafenib
Data34_GSM5022595_GTTTCTACATCAGTAC.1,0,vemurafenib
Data34_GSM5022595_GTTTCTAGTCGAGATG.1,0,vemurafenib
Data34_GSM5022595_GTTTCTAGTTCACCTC.1,0,vemurafenib
Data34_GSM5022595_GTTTCTATCACGCGGT.1,0,vemurafenib
Data34_GSM5022595_GTTTCTATCTACGAGT.1,0,vemurafenib
Data34_GSM5022595_GTTTCTATCTGGCGAC.1,0,vemurafenib
Data34_GSM5022595_TAAACCGAGACACGAC.1,0,vemurafenib
Data34_GSM5022595_TAAACCGAGCAATCTC.1,0,vemurafenib
Data34_GSM5022595_TAAACCGAGCACACAG.1,0,vemurafenib
Data34_GSM5022595_TAAACCGAGCTCTCGG.1,0,vemurafenib
Data34_GSM5022595_TAAACCGCATTCCTCG.1,0,vemurafenib
Data34_GSM5022595_TAAACCGCATTGGTAC.1,0,vemurafenib
Data34_GSM5022595_TAAACCGGTAATCGTC.1,0,vemurafenib
Data34_GSM5022595_TAAACCGGTGCCTGTG.1,0,vemurafenib
Data34_GSM5022595_TAAACCGTCAGTACGT.1,0,vemurafenib
Data34_GSM5022595_TAAACCGTCGGAATCT.1,0,vemurafenib
Data34_GSM5022595_TAAACCGTCTCGAGTA.1,0,vemurafenib
Data34_GSM5022595_TAAACCGTCTCGCTTG.1,0,vemurafenib
Data34_GSM5022595_TAAACCGTCTTACCGC.1,0,vemurafenib
Data34_GSM5022595_TAAGAGAAGCACAGGT.1,0,vemurafenib
Data34_GSM5022595_TAAGAGAAGGCACATG.1,0,vemurafenib
Data34_GSM5022595_TAAGAGAAGTTAGCGG.1,0,vemurafenib
Data34_GSM5022595_TAAGAGACAACTGCTA.1,0,vemurafenib
Data34_GSM5022595_TAAGAGACATTTGCTT.1,0,vemurafenib
Data34_GSM5022595_TAAGAGAGTCAACATC.1,0,vemurafenib
Data34_GSM5022595_TAAGAGAGTCCTGCTT.1,0,vemurafenib
Data34_GSM5022595_TAAGAGAGTGACTCAT.1,0,vemurafenib
Data34_GSM5022595_TAAGAGATCCGTAGTA.1,0,vemurafenib
Data34_GSM5022595_TAAGAGATCGGAATCT.1,0,vemurafenib
Data34_GSM5022595_TAAGAGATCTTAGCCC.1,0,vemurafenib
Data34_GSM5022595_TAAGCGTGTACCATCA.1,0,vemurafenib
Data34_GSM5022595_TAAGCGTGTAGTACCT.1,0,vemurafenib
Data34_GSM5022595_TAAGCGTGTTCCTCCA.1,0,vemurafenib
Data34_GSM5022595_TAAGCGTGTTCTGGTA.1,0,vemurafenib
Data34_GSM5022595_TAAGCGTTCAGCGATT.1,0,vemurafenib
Data34_GSM5022595_TAAGCGTTCAGTGTTG.1,0,vemurafenib
Data34_GSM5022595_TAAGCGTTCGTCTGCT.1,0,vemurafenib
Data34_GSM5022595_TAAGTGCAGTTCGCGC.1,0,vemurafenib
Data34_GSM5022595_TAAGTGCGTAAAGGAG.1,0,vemurafenib
Data34_GSM5022595_TAAGTGCGTCGCGGTT.1,0,vemurafenib
Data34_GSM5022595_TAAGTGCGTGAACCTT.1,0,vemurafenib
Data34_GSM5022595_TAAGTGCGTTCCACAA.1,0,vemurafenib
Data34_GSM5022595_TAAGTGCTCACATAGC.1,0,vemurafenib
Data34_GSM5022595_TAAGTGCTCCCTAACC.1,0,vemurafenib
Data34_GSM5022595_TAAGTGCTCGTCTGCT.1,0,vemurafenib
Data34_GSM5022595_TAAGTGCTCTGTTTGT.1,0,vemurafenib
Data34_GSM5022595_TACACGACAGCTCGCA.1,0,vemurafenib
Data34_GSM5022595_TACACGACATCGACGC.1,0,vemurafenib
Data34_GSM5022595_TACACGAGTCTGATCA.1,0,vemurafenib
Data34_GSM5022595_TACACGAGTTAAGAAC.1,0,vemurafenib
Data34_GSM5022595_TACACGATCAGAGCTT.1,0,vemurafenib
Data34_GSM5022595_TACACGATCGATGAGG.1,0,vemurafenib
Data34_GSM5022595_TACACGATCTACTCAT.1,0,vemurafenib
Data34_GSM5022595_TACAGTGAGATATGCA.1,0,vemurafenib
Data34_GSM5022595_TACAGTGAGTGGGTTG.1,0,vemurafenib
Data34_GSM5022595_TACAGTGCAGCCAGAA.1,0,vemurafenib
Data34_GSM5022595_TACAGTGCAGCTCGCA.1,0,vemurafenib
Data34_GSM5022595_TACAGTGCATTAGGCT.1,0,vemurafenib
Data34_GSM5022595_TACAGTGGTCGGCATC.1,0,vemurafenib
Data34_GSM5022595_TACAGTGGTGCGAAAC.1,0,vemurafenib
Data34_GSM5022595_TACAGTGGTTACCGAT.1,0,vemurafenib
Data34_GSM5022595_TACAGTGGTTCCACGG.1,0,vemurafenib
Data34_GSM5022595_TACAGTGTCACATAGC.1,0,vemurafenib
Data34_GSM5022595_TACAGTGTCAGTTCGA.1,0,vemurafenib
Data34_GSM5022595_TACAGTGTCCAGTATG.1,0,vemurafenib
Data34_GSM5022595_TACCTATAGGCGCTCT.1,0,vemurafenib
Data34_GSM5022595_TACCTATCACACGCTG.1,0,vemurafenib
Data34_GSM5022595_TACCTATCAGGATCGA.1,0,vemurafenib
Data34_GSM5022595_TACCTATGTATAAACG.1,0,vemurafenib
Data34_GSM5022595_TACCTATGTCAGAATA.1,0,vemurafenib
Data34_GSM5022595_TACCTATGTGCACCAC.1,0,vemurafenib
Data34_GSM5022595_TACCTATGTGTCGCTG.1,0,vemurafenib
Data34_GSM5022595_TACCTTAAGATACACA.1,0,vemurafenib
Data34_GSM5022595_TACCTTAAGTGTACCT.1,0,vemurafenib
Data34_GSM5022595_TACCTTAAGTTATCGC.1,0,vemurafenib
Data34_GSM5022595_TACCTTACAACACGCC.1,0,vemurafenib
Data34_GSM5022595_TACCTTACATCCGGGT.1,0,vemurafenib
Data34_GSM5022595_TACCTTAGTAGCGTCC.1,0,vemurafenib
Data34_GSM5022595_TACCTTAGTCCAGTTA.1,0,vemurafenib
Data34_GSM5022595_TACCTTAGTCGAGTTT.1,0,vemurafenib
Data34_GSM5022595_TACCTTAGTTTAAGCC.1,0,vemurafenib
Data34_GSM5022595_TACCTTATCCTTAATC.1,0,vemurafenib
Data34_GSM5022595_TACCTTATCGTCGTTC.1,0,vemurafenib
Data34_GSM5022595_TACGGATAGGGCACTA.1,0,vemurafenib
Data34_GSM5022595_TACGGATAGTACTTGC.1,0,vemurafenib
Data34_GSM5022595_TACGGATCAAGCCATT.1,0,vemurafenib
Data34_GSM5022595_TACGGATCAGACACTT.1,0,vemurafenib
Data34_GSM5022595_TACGGATCAGCCTTGG.1,0,vemurafenib
Data34_GSM5022595_TACGGATCATTTGCCC.1,0,vemurafenib
Data34_GSM5022595_TACGGATGTCGAACAG.1,0,vemurafenib
Data34_GSM5022595_TACGGATGTGATGCCC.1,0,vemurafenib
Data34_GSM5022595_TACGGATGTGTCCTCT.1,0,vemurafenib
Data34_GSM5022595_TACGGATTCAAACGGG.1,0,vemurafenib
Data34_GSM5022595_TACGGATTCACAGGCC.1,0,vemurafenib
Data34_GSM5022595_TACGGATTCCCTGACT.1,0,vemurafenib
Data34_GSM5022595_TACGGGCAGGGCATGT.1,0,vemurafenib
Data34_GSM5022595_TACGGGCGTAGAGCTG.1,0,vemurafenib
Data34_GSM5022595_TACGGGCGTCGGCACT.1,0,vemurafenib
Data34_GSM5022595_TACGGGCGTGCTTCTC.1,0,vemurafenib
Data34_GSM5022595_TACGGGCTCAGAGGTG.1,0,vemurafenib
Data34_GSM5022595_TACGGGCTCAGCCTAA.1,0,vemurafenib
Data34_GSM5022595_TACGGGCTCATGCATG.1,0,vemurafenib
Data34_GSM5022595_TACGGGCTCCTCCTAG.1,0,vemurafenib
Data34_GSM5022595_TACGGTAAGGGCTTGA.1,0,vemurafenib
Data34_GSM5022595_TACGGTAAGTTGTAGA.1,0,vemurafenib
Data34_GSM5022595_TACGGTACAATGGACG.1,0,vemurafenib
Data34_GSM5022595_TACGGTACACGGTTTA.1,0,vemurafenib
Data34_GSM5022595_TACGGTACATCCTAGA.1,0,vemurafenib
Data34_GSM5022595_TACGGTACATCTCCCA.1,0,vemurafenib
Data34_GSM5022595_TACGGTAGTAAGAGGA.1,0,vemurafenib
Data34_GSM5022595_TACGGTAGTAGCCTCG.1,0,vemurafenib
Data34_GSM5022595_TACGGTAGTATATGAG.1,0,vemurafenib
Data34_GSM5022595_TACGGTAGTGACTCAT.1,0,vemurafenib
Data34_GSM5022595_TACGGTAGTTCCGTCT.1,0,vemurafenib
Data34_GSM5022595_TACGGTAGTTCTCATT.1,0,vemurafenib
Data34_GSM5022595_TACGGTATCCGCAAGC.1,0,vemurafenib
Data34_GSM5022595_TACTCATAGTTACCCA.1,0,vemurafenib
Data34_GSM5022595_TACTCATCAATGCCAT.1,0,vemurafenib
Data34_GSM5022595_TACTCATGTCTGCAAT.1,0,vemurafenib
Data34_GSM5022595_TACTCATGTGTTTGGT.1,0,vemurafenib
Data34_GSM5022595_TACTCATTCAGAAATG.1,0,vemurafenib
Data34_GSM5022595_TACTCATTCTGGGCCA.1,0,vemurafenib
Data34_GSM5022595_TACTCGCCATTGAGCT.1,0,vemurafenib
Data34_GSM5022595_TACTCGCGTCGGGTCT.1,0,vemurafenib
Data34_GSM5022595_TACTCGCGTGTGAAAT.1,0,vemurafenib
Data34_GSM5022595_TACTCGCTCAGGCCCA.1,0,vemurafenib
Data34_GSM5022595_TACTCGCTCCTCAACC.1,0,vemurafenib
Data34_GSM5022595_TACTTACAGACGCACA.1,0,vemurafenib
Data34_GSM5022595_TACTTACAGTGTCCAT.1,0,vemurafenib
Data34_GSM5022595_TACTTACCAGTGGAGT.1,0,vemurafenib
Data34_GSM5022595_TACTTACCATGCCTAA.1,0,vemurafenib
Data34_GSM5022595_TACTTACGTAGTGAAT.1,0,vemurafenib
Data34_GSM5022595_TACTTACGTCCGCTGA.1,0,vemurafenib
Data34_GSM5022595_TACTTACGTGGTCCGT.1,0,vemurafenib
Data34_GSM5022595_TACTTACGTTCCTCCA.1,0,vemurafenib
Data34_GSM5022595_TACTTACTCGTTTAGG.1,0,vemurafenib
Data34_GSM5022595_TACTTGTAGATATGGT.1,0,vemurafenib
Data34_GSM5022595_TACTTGTCAAGCTGAG.1,0,vemurafenib
Data34_GSM5022595_TACTTGTCAGCCTTGG.1,0,vemurafenib
Data34_GSM5022595_TACTTGTCAGGGATTG.1,0,vemurafenib
Data34_GSM5022595_TACTTGTCATCCCATC.1,0,vemurafenib
Data34_GSM5022595_TACTTGTGTGCAGTAG.1,0,vemurafenib
Data34_GSM5022595_TACTTGTGTGTTCTTT.1,0,vemurafenib
Data34_GSM5022595_TACTTGTTCCGCGTTT.1,0,vemurafenib
Data34_GSM5022595_TACTTGTTCCTAAGTG.1,0,vemurafenib
Data34_GSM5022595_TACTTGTTCGCGGATC.1,0,vemurafenib
Data34_GSM5022595_TACTTGTTCTAGCACA.1,0,vemurafenib
Data34_GSM5022595_TAGACCAAGACGCACA.1,0,vemurafenib
Data34_GSM5022595_TAGACCAAGTATGACA.1,0,vemurafenib
Data34_GSM5022595_TAGACCAAGTTTCCTT.1,0,vemurafenib
Data34_GSM5022595_TAGACCACAAGCGAGT.1,0,vemurafenib
Data34_GSM5022595_TAGACCACACCTCGTT.1,0,vemurafenib
Data34_GSM5022595_TAGACCACATAAAGGT.1,0,vemurafenib
Data34_GSM5022595_TAGACCACATCGGTTA.1,0,vemurafenib
Data34_GSM5022595_TAGACCAGTGACTACT.1,0,vemurafenib
Data34_GSM5022595_TAGACCAGTGCATCTA.1,0,vemurafenib
Data34_GSM5022595_TAGACCAGTTAAGACA.1,0,vemurafenib
Data34_GSM5022595_TAGACCAGTTCTGAAC.1,0,vemurafenib
Data34_GSM5022595_TAGACCAGTTTCCACC.1,0,vemurafenib
Data34_GSM5022595_TAGACCATCTCTGCTG.1,0,vemurafenib
Data34_GSM5022595_TAGAGCTAGCTCCTCT.1,0,vemurafenib
Data34_GSM5022595_TAGAGCTCAAACCTAC.1,0,vemurafenib
Data34_GSM5022595_TAGAGCTCAACTTGAC.1,0,vemurafenib
Data34_GSM5022595_TAGAGCTCAGCGTAAG.1,0,vemurafenib
Data34_GSM5022595_TAGAGCTGTGCAGGTA.1,0,vemurafenib
Data34_GSM5022595_TAGAGCTTCTAACTTC.1,0,vemurafenib
Data34_GSM5022595_TAGCCGGAGGGCTTCC.1,0,vemurafenib
Data34_GSM5022595_TAGCCGGCAAGGTGTG.1,0,vemurafenib
Data34_GSM5022595_TAGCCGGCACAGAGGT.1,0,vemurafenib
Data34_GSM5022595_TAGCCGGCATACGCTA.1,0,vemurafenib
Data34_GSM5022595_TAGCCGGGTAACGCGA.1,0,vemurafenib
Data34_GSM5022595_TAGCCGGGTAAGTGTA.1,0,vemurafenib
Data34_GSM5022595_TAGCCGGGTAGGACAC.1,0,vemurafenib
Data34_GSM5022595_TAGCCGGGTTCACGGC.1,0,vemurafenib
Data34_GSM5022595_TAGGCATAGTGTACGG.1,0,vemurafenib
Data34_GSM5022595_TAGGCATAGTTAGCGG.1,0,vemurafenib
Data34_GSM5022595_TAGGCATCAAGCTGAG.1,0,vemurafenib
Data34_GSM5022595_TAGGCATCAATTGCTG.1,0,vemurafenib
Data34_GSM5022595_TAGGCATCACTGTGTA.1,0,vemurafenib
Data34_GSM5022595_TAGGCATCAGGCAGTA.1,0,vemurafenib
Data34_GSM5022595_TAGGCATGTCACAAGG.1,0,vemurafenib
Data34_GSM5022595_TAGGCATGTCTCATCC.1,0,vemurafenib
Data34_GSM5022595_TAGGCATTCCGTTGCT.1,0,vemurafenib
Data34_GSM5022595_TAGGCATTCGGCTACG.1,0,vemurafenib
Data34_GSM5022595_TAGTGGTAGGTAGCCA.1,0,vemurafenib
Data34_GSM5022595_TAGTGGTAGTATCGAA.1,0,vemurafenib
Data34_GSM5022595_TAGTGGTTCACAGTAC.1,0,vemurafenib
Data34_GSM5022595_TAGTGGTTCAGAGACG.1,0,vemurafenib
Data34_GSM5022595_TAGTGGTTCAGTACGT.1,0,vemurafenib
Data34_GSM5022595_TAGTGGTTCATATCGG.1,0,vemurafenib
Data34_GSM5022595_TAGTGGTTCGCTTAGA.1,0,vemurafenib
Data34_GSM5022595_TAGTTGGAGCAAATCA.1,0,vemurafenib
Data34_GSM5022595_TAGTTGGAGCGTGAGT.1,0,vemurafenib
Data34_GSM5022595_TAGTTGGGTATTACCG.1,0,vemurafenib
Data34_GSM5022595_TAGTTGGGTTGATTGC.1,0,vemurafenib
Data34_GSM5022595_TAGTTGGTCTGAAAGA.1,0,vemurafenib
Data34_GSM5022595_TATCAGGAGAAACCTA.1,0,vemurafenib
Data34_GSM5022595_TATCAGGAGATAGTCA.1,0,vemurafenib
Data34_GSM5022595_TATCAGGAGATGTGTA.1,0,vemurafenib
Data34_GSM5022595_TATCAGGAGGTGCACA.1,0,vemurafenib
Data34_GSM5022595_TATCAGGAGTACGTTC.1,0,vemurafenib
Data34_GSM5022595_TATCAGGCAAAGGAAG.1,0,vemurafenib
Data34_GSM5022595_TATCAGGCACAAGCCC.1,0,vemurafenib
Data34_GSM5022595_TATCAGGGTAAACCTC.1,0,vemurafenib
Data34_GSM5022595_TATCAGGGTAAATGAC.1,0,vemurafenib
Data34_GSM5022595_TATCAGGGTACTTAGC.1,0,vemurafenib
Data34_GSM5022595_TATCAGGGTCAGTGGA.1,0,vemurafenib
Data34_GSM5022595_TATCAGGTCTTATCTG.1,0,vemurafenib
Data34_GSM5022595_TATCTCAAGAGCTATA.1,0,vemurafenib
Data34_GSM5022595_TATCTCACAGATGGCA.1,0,vemurafenib
Data34_GSM5022595_TATCTCACATTAACCG.1,0,vemurafenib
Data34_GSM5022595_TATCTCAGTTACAGAA.1,0,vemurafenib
Data34_GSM5022595_TATCTCAGTTTGTGTG.1,0,vemurafenib
Data34_GSM5022595_TATCTCATCGGCTACG.1,0,vemurafenib
Data34_GSM5022595_TATCTCATCTCCTATA.1,0,vemurafenib
Data34_GSM5022595_TATCTCATCTTAGAGC.1,0,vemurafenib
Data34_GSM5022595_TATGCCCAGATGCCAG.1,0,vemurafenib
Data34_GSM5022595_TATGCCCAGGTAGCCA.1,0,vemurafenib
Data34_GSM5022595_TATGCCCAGGTGACCA.1,0,vemurafenib
Data34_GSM5022595_TATGCCCAGTAGGCCA.1,0,vemurafenib
Data34_GSM5022595_TATGCCCCACCAGGTC.1,0,vemurafenib
Data34_GSM5022595_TATGCCCCACCTTGTC.1,0,vemurafenib
Data34_GSM5022595_TATGCCCCATATACCG.1,0,vemurafenib
Data34_GSM5022595_TATGCCCGTACTTCTT.1,0,vemurafenib
Data34_GSM5022595_TATGCCCGTCGCGAAA.1,0,vemurafenib
Data34_GSM5022595_TATGCCCTCAGTGTTG.1,0,vemurafenib
Data34_GSM5022595_TATGCCCTCCTGTAGA.1,0,vemurafenib
Data34_GSM5022595_TATGCCCTCGCAAACT.1,0,vemurafenib
Data34_GSM5022595_TATTACCAGGCTAGGT.1,0,vemurafenib
Data34_GSM5022595_TATTACCAGGTACTCT.1,0,vemurafenib
Data34_GSM5022595_TATTACCCAGCCAATT.1,0,vemurafenib
Data34_GSM5022595_TATTACCCATGCGCAC.1,0,vemurafenib
Data34_GSM5022595_TCAACGACAAGGTTCT.1,0,vemurafenib
Data34_GSM5022595_TCAACGACAGCCTATA.1,0,vemurafenib
Data34_GSM5022595_TCAACGAGTGCCTGTG.1,0,vemurafenib
Data34_GSM5022595_TCAACGATCATCGCTC.1,0,vemurafenib
Data34_GSM5022595_TCAACGATCGGCCGAT.1,0,vemurafenib
Data34_GSM5022595_TCAATCTAGGGTGTGT.1,0,vemurafenib
Data34_GSM5022595_TCAATCTCAAGAGGCT.1,0,vemurafenib
Data34_GSM5022595_TCAATCTCAAGTCATC.1,0,vemurafenib
Data34_GSM5022595_TCAATCTGTCGACTGC.1,0,vemurafenib
Data34_GSM5022595_TCAATCTGTGTATGGG.1,0,vemurafenib
Data34_GSM5022595_TCAATCTGTTACGCGC.1,0,vemurafenib
Data34_GSM5022595_TCAATCTGTTTAGCTG.1,0,vemurafenib
Data34_GSM5022595_TCACAAGCACCTCGTT.1,0,vemurafenib
Data34_GSM5022595_TCACAAGCAGGATTGG.1,0,vemurafenib
Data34_GSM5022595_TCACAAGGTAACGACG.1,0,vemurafenib
Data34_GSM5022595_TCACAAGGTCAGCTAT.1,0,vemurafenib
Data34_GSM5022595_TCACAAGTCGCGATCG.1,0,vemurafenib
Data34_GSM5022595_TCACAAGTCGTACCGG.1,0,vemurafenib
Data34_GSM5022595_TCACAAGTCTGCGACG.1,0,vemurafenib
Data34_GSM5022595_TCACAAGTCTTTACGT.1,0,vemurafenib
Data34_GSM5022595_TCACGAAAGGGTATCG.1,0,vemurafenib
Data34_GSM5022595_TCACGAAAGGGTTCCC.1,0,vemurafenib
Data34_GSM5022595_TCACGAACACTAAGTC.1,0,vemurafenib
Data34_GSM5022595_TCACGAACATAAAGGT.1,0,vemurafenib
Data34_GSM5022595_TCACGAAGTCTGATCA.1,0,vemurafenib
Data34_GSM5022595_TCACGAAGTGTAACGG.1,0,vemurafenib
Data34_GSM5022595_TCACGAAGTTCGGCAC.1,0,vemurafenib
Data34_GSM5022595_TCACGAATCAGGCAAG.1,0,vemurafenib
Data34_GSM5022595_TCACGAATCCAGTAGT.1,0,vemurafenib
Data34_GSM5022595_TCACGAATCGACGGAA.1,0,vemurafenib
Data34_GSM5022595_TCACGAATCGCTAGCG.1,0,vemurafenib
Data34_GSM5022595_TCAGATGAGACAAGCC.1,0,vemurafenib
Data34_GSM5022595_TCAGATGAGAGTTGGC.1,0,vemurafenib
Data34_GSM5022595_TCAGATGAGATGTCGG.1,0,vemurafenib
Data34_GSM5022595_TCAGATGAGCCATCGC.1,0,vemurafenib
Data34_GSM5022595_TCAGATGAGCTGCGAA.1,0,vemurafenib
Data34_GSM5022595_TCAGATGAGTACGCCC.1,0,vemurafenib
Data34_GSM5022595_TCAGATGCACGAGAGT.1,0,vemurafenib
Data34_GSM5022595_TCAGATGCACTAAGTC.1,0,vemurafenib
Data34_GSM5022595_TCAGATGCACTCTGTC.1,0,vemurafenib
Data34_GSM5022595_TCAGATGCAGCTATTG.1,0,vemurafenib
Data34_GSM5022595_TCAGATGGTAGCCTCG.1,0,vemurafenib
Data34_GSM5022595_TCAGATGTCAGTGTTG.1,0,vemurafenib
Data34_GSM5022595_TCAGATGTCCTATGTT.1,0,vemurafenib
Data34_GSM5022595_TCAGCAAAGACCGGAT.1,0,vemurafenib
Data34_GSM5022595_TCAGCAAAGAGTAATC.1,0,vemurafenib
Data34_GSM5022595_TCAGCAAAGCCGGTAA.1,0,vemurafenib
Data34_GSM5022595_TCAGCAACAACAACCT.1,0,vemurafenib
Data34_GSM5022595_TCAGCAACACATCCAA.1,0,vemurafenib
Data34_GSM5022595_TCAGCAACACGAAACG.1,0,vemurafenib
Data34_GSM5022595_TCAGCAAGTAAGGGCT.1,0,vemurafenib
Data34_GSM5022595_TCAGCAATCCCTCTTT.1,0,vemurafenib
Data34_GSM5022595_TCAGCAATCGAATGGG.1,0,vemurafenib
Data34_GSM5022595_TCAGCAATCTTCGAGA.1,0,vemurafenib
Data34_GSM5022595_TCAGCTCAGTTTCCTT.1,0,vemurafenib
Data34_GSM5022595_TCAGCTCCAGTGGGAT.1,0,vemurafenib
Data34_GSM5022595_TCAGCTCGTAGCGTGA.1,0,vemurafenib
Data34_GSM5022595_TCAGCTCGTTACCGAT.1,0,vemurafenib
Data34_GSM5022595_TCAGCTCTCAACACGT.1,0,vemurafenib
Data34_GSM5022595_TCAGCTCTCAATCACG.1,0,vemurafenib
Data34_GSM5022595_TCAGGATAGAACAATC.1,0,vemurafenib
Data34_GSM5022595_TCAGGATAGAAGGTGA.1,0,vemurafenib
Data34_GSM5022595_TCAGGATAGAGAGCTC.1,0,vemurafenib
Data34_GSM5022595_TCAGGATAGCTGATAA.1,0,vemurafenib
Data34_GSM5022595_TCAGGATAGTGGGTTG.1,0,vemurafenib
Data34_GSM5022595_TCAGGATCAACGATGG.1,0,vemurafenib
Data34_GSM5022595_TCAGGATGTAGCCTAT.1,0,vemurafenib
Data34_GSM5022595_TCAGGATGTATAGTAG.1,0,vemurafenib
Data34_GSM5022595_TCAGGATGTCCATGAT.1,0,vemurafenib
Data34_GSM5022595_TCAGGATGTCTGGAGA.1,0,vemurafenib
Data34_GSM5022595_TCAGGATTCCCGGATG.1,0,vemurafenib
Data34_GSM5022595_TCAGGATTCTACTTAC.1,0,vemurafenib
Data34_GSM5022595_TCAGGTAAGCGTCAAG.1,0,vemurafenib
Data34_GSM5022595_TCAGGTAAGGCATGGT.1,0,vemurafenib
Data34_GSM5022595_TCAGGTACACTGTTAG.1,0,vemurafenib
Data34_GSM5022595_TCAGGTACAGATCGGA.1,0,vemurafenib
Data34_GSM5022595_TCAGGTACATGTAGTC.1,0,vemurafenib
Data34_GSM5022595_TCAGGTAGTCTGATCA.1,0,vemurafenib
Data34_GSM5022595_TCAGGTAGTTATGCGT.1,0,vemurafenib
Data34_GSM5022595_TCAGGTAGTTGACGTT.1,0,vemurafenib
Data34_GSM5022595_TCAGGTAGTTGATTGC.1,0,vemurafenib
Data34_GSM5022595_TCAGGTATCCACGTGG.1,0,vemurafenib
Data34_GSM5022595_TCAGGTATCGCGTAGC.1,0,vemurafenib
Data34_GSM5022595_TCAGGTATCGTCTGCT.1,0,vemurafenib
Data34_GSM5022595_TCATTACAGCTAACAA.1,0,vemurafenib
Data34_GSM5022595_TCATTACCAATCACAC.1,0,vemurafenib
Data34_GSM5022595_TCATTACCAGTCAGCC.1,0,vemurafenib
Data34_GSM5022595_TCATTACTCAAGATCC.1,0,vemurafenib
Data34_GSM5022595_TCATTTGAGCGCCTTG.1,0,vemurafenib
Data34_GSM5022595_TCATTTGAGCGCTCCA.1,0,vemurafenib
Data34_GSM5022595_TCATTTGCAGACACTT.1,0,vemurafenib
Data34_GSM5022595_TCATTTGCAGGGTTAG.1,0,vemurafenib
Data34_GSM5022595_TCATTTGGTGGTTTCA.1,0,vemurafenib
Data34_GSM5022595_TCATTTGGTGTAACGG.1,0,vemurafenib
Data34_GSM5022595_TCATTTGGTTCCATGA.1,0,vemurafenib
Data34_GSM5022595_TCCACACAGCACGCCT.1,0,vemurafenib
Data34_GSM5022595_TCCACACAGGAGCGAG.1,0,vemurafenib
Data34_GSM5022595_TCCACACCAGCGTCCA.1,0,vemurafenib
Data34_GSM5022595_TCCACACGTCAATACC.1,0,vemurafenib
Data34_GSM5022595_TCCACACTCCAAAGTC.1,0,vemurafenib
Data34_GSM5022595_TCCACACTCGCCAGCA.1,0,vemurafenib
Data34_GSM5022595_TCCACACTCTGAGGGA.1,0,vemurafenib
Data34_GSM5022595_TCCACACTCTTGCATT.1,0,vemurafenib
Data34_GSM5022595_TCCCGATCAAGTCATC.1,0,vemurafenib
Data34_GSM5022595_TCCCGATCACTTGGAT.1,0,vemurafenib
Data34_GSM5022595_TCCCGATCAGACAAGC.1,0,vemurafenib
Data34_GSM5022595_TCCCGATCAGATCGGA.1,0,vemurafenib
Data34_GSM5022595_TCCCGATCAGCGTTCG.1,0,vemurafenib
Data34_GSM5022595_TCCCGATCATTCGACA.1,0,vemurafenib
Data34_GSM5022595_TCCCGATGTCGAGTTT.1,0,vemurafenib
Data34_GSM5022595_TCCCGATGTCGCGTGT.1,0,vemurafenib
Data34_GSM5022595_TCCCGATGTTCAGTAC.1,0,vemurafenib
Data34_GSM5022595_TCCCGATGTTGGTAAA.1,0,vemurafenib
Data34_GSM5022595_TCGAGGCAGTACGCGA.1,0,vemurafenib
Data34_GSM5022595_TCGAGGCCAAACGCGA.1,0,vemurafenib
Data34_GSM5022595_TCGAGGCCAAATCCGT.1,0,vemurafenib
Data34_GSM5022595_TCGAGGCCAAGGTGTG.1,0,vemurafenib
Data34_GSM5022595_TCGAGGCTCATGGTCA.1,0,vemurafenib
Data34_GSM5022595_TCGCGAGAGATCTGAA.1,0,vemurafenib
Data34_GSM5022595_TCGCGAGCAAGTCTGT.1,0,vemurafenib
Data34_GSM5022595_TCGCGAGCATGCCACG.1,0,vemurafenib
Data34_GSM5022595_TCGCGAGGTACTTAGC.1,0,vemurafenib
Data34_GSM5022595_TCGCGAGGTCAGGACA.1,0,vemurafenib
Data34_GSM5022595_TCGCGAGGTCGACTAT.1,0,vemurafenib
Data34_GSM5022595_TCGCGAGTCATCTGCC.1,0,vemurafenib
Data34_GSM5022595_TCGCGTTAGATGGCGT.1,0,vemurafenib
Data34_GSM5022595_TCGCGTTAGTTACGGG.1,0,vemurafenib
Data34_GSM5022595_TCGCGTTGTGGAAAGA.1,0,vemurafenib
Data34_GSM5022595_TCGCGTTTCAGCTCTC.1,0,vemurafenib
Data34_GSM5022595_TCGGGACAGGAGTAGA.1,0,vemurafenib
Data34_GSM5022595_TCGGGACCAAAGCAAT.1,0,vemurafenib
Data34_GSM5022595_TCGGGACCAAAGGTGC.1,0,vemurafenib
Data34_GSM5022595_TCGGGACCATGGTTGT.1,0,vemurafenib
Data34_GSM5022595_TCGGGACGTAGGGTAC.1,0,vemurafenib
Data34_GSM5022595_TCGGGACGTCAACATC.1,0,vemurafenib
Data34_GSM5022595_TCGGGACTCATCTGCC.1,0,vemurafenib
Data34_GSM5022595_TCGGGACTCCTGCTTG.1,0,vemurafenib
Data34_GSM5022595_TCGGTAAAGAAGGTTT.1,0,vemurafenib
Data34_GSM5022595_TCGGTAAAGCCAACAG.1,0,vemurafenib
Data34_GSM5022595_TCGGTAACAATAGAGT.1,0,vemurafenib
Data34_GSM5022595_TCGGTAAGTAAGTAGT.1,0,vemurafenib
Data34_GSM5022595_TCGGTAAGTCGATTGT.1,0,vemurafenib
Data34_GSM5022595_TCGGTAAGTCGTGGCT.1,0,vemurafenib
Data34_GSM5022595_TCGGTAAGTGCAACTT.1,0,vemurafenib
Data34_GSM5022595_TCGGTAAGTTCAGCGC.1,0,vemurafenib
Data34_GSM5022595_TCGGTAAGTTCAGGCC.1,0,vemurafenib
Data34_GSM5022595_TCGGTAATCATTTGGG.1,0,vemurafenib
Data34_GSM5022595_TCGTACCAGCCGCCTA.1,0,vemurafenib
Data34_GSM5022595_TCGTACCAGGGAAACA.1,0,vemurafenib
Data34_GSM5022595_TCGTACCCACACATGT.1,0,vemurafenib
Data34_GSM5022595_TCGTACCCACCAGCAC.1,0,vemurafenib
Data34_GSM5022595_TCGTACCCACGTGAGA.1,0,vemurafenib
Data34_GSM5022595_TCGTACCCATTCTTAC.1,0,vemurafenib
Data34_GSM5022595_TCGTACCGTCTCAACA.1,0,vemurafenib
Data34_GSM5022595_TCGTACCTCATTGCGA.1,0,vemurafenib
Data34_GSM5022595_TCGTACCTCGTATCAG.1,0,vemurafenib
Data34_GSM5022595_TCGTAGAAGAATTGTG.1,0,vemurafenib
Data34_GSM5022595_TCGTAGAAGCTTATCG.1,0,vemurafenib
Data34_GSM5022595_TCGTAGAAGTAGCGGT.1,0,vemurafenib
Data34_GSM5022595_TCGTAGACAATCGAAA.1,0,vemurafenib
Data34_GSM5022595_TCGTAGACAATGGATA.1,0,vemurafenib
Data34_GSM5022595_TCGTAGACACATAACC.1,0,vemurafenib
Data34_GSM5022595_TCGTAGACACCCTATC.1,0,vemurafenib
Data34_GSM5022595_TCGTAGACACTTAAGC.1,0,vemurafenib
Data34_GSM5022595_TCGTAGAGTCCGAGTC.1,0,vemurafenib
Data34_GSM5022595_TCGTAGAGTGTGCCTG.1,0,vemurafenib
Data34_GSM5022595_TCGTAGAGTTAAAGAC.1,0,vemurafenib
Data34_GSM5022595_TCGTAGATCAACGGGA.1,0,vemurafenib
Data34_GSM5022595_TCGTAGATCATTCACT.1,0,vemurafenib
Data34_GSM5022595_TCTATTGAGCTAGTGG.1,0,vemurafenib
Data34_GSM5022595_TCTATTGAGGTTACCT.1,0,vemurafenib
Data34_GSM5022595_TCTATTGAGGTTCCTA.1,0,vemurafenib
Data34_GSM5022595_TCTATTGAGTAGCGGT.1,0,vemurafenib
Data34_GSM5022595_TCTATTGCACCTTGTC.1,0,vemurafenib
Data34_GSM5022595_TCTATTGCAGACGTAG.1,0,vemurafenib
Data34_GSM5022595_TCTCATAAGAAGGTTT.1,0,vemurafenib
Data34_GSM5022595_TCTCATAAGCAGACTG.1,0,vemurafenib
Data34_GSM5022595_TCTCATAGTAGGCTGA.1,0,vemurafenib
Data34_GSM5022595_TCTCATAGTTCTGGTA.1,0,vemurafenib
Data34_GSM5022595_TCTCATATCACATAGC.1,0,vemurafenib
Data34_GSM5022595_TCTCATATCTGGTTCC.1,0,vemurafenib
Data34_GSM5022595_TCTCTAAAGACAATAC.1,0,vemurafenib
Data34_GSM5022595_TCTCTAAAGTTAGGTA.1,0,vemurafenib
Data34_GSM5022595_TCTCTAAGTAGCGATG.1,0,vemurafenib
Data34_GSM5022595_TCTCTAAGTATAGTAG.1,0,vemurafenib
Data34_GSM5022595_TCTCTAAGTGCACCAC.1,0,vemurafenib
Data34_GSM5022595_TCTCTAAGTGTATGGG.1,0,vemurafenib
Data34_GSM5022595_TCTCTAAGTGTGTGCC.1,0,vemurafenib
Data34_GSM5022595_TCTCTAAGTTGCTCCT.1,0,vemurafenib
Data34_GSM5022595_TCTCTAATCAACACCA.1,0,vemurafenib
Data34_GSM5022595_TCTGAGAAGCGTCAAG.1,0,vemurafenib
Data34_GSM5022595_TCTGAGACACAGAGGT.1,0,vemurafenib
Data34_GSM5022595_TCTGAGACACATCCAA.1,0,vemurafenib
Data34_GSM5022595_TCTGAGACACATTAGC.1,0,vemurafenib
Data34_GSM5022595_TCTGAGAGTATTCGTG.1,0,vemurafenib
Data34_GSM5022595_TCTGAGAGTCCGAATT.1,0,vemurafenib
Data34_GSM5022595_TCTGAGAGTTAGGGTG.1,0,vemurafenib
Data34_GSM5022595_TCTGGAAAGCGCCTTG.1,0,vemurafenib
Data34_GSM5022595_TCTGGAAAGCTGCCCA.1,0,vemurafenib
Data34_GSM5022595_TCTGGAAAGTATCGAA.1,0,vemurafenib
Data34_GSM5022595_TCTGGAACAAGACACG.1,0,vemurafenib
Data34_GSM5022595_TCTGGAACAAGCTGTT.1,0,vemurafenib
Data34_GSM5022595_TCTGGAACAAGGTGTG.1,0,vemurafenib
Data34_GSM5022595_TCTGGAACACAGCGTC.1,0,vemurafenib
Data34_GSM5022595_TCTGGAACACCAGGTC.1,0,vemurafenib
Data34_GSM5022595_TCTGGAACAGCTCGAC.1,0,vemurafenib
Data34_GSM5022595_TCTGGAACAGGATTGG.1,0,vemurafenib
Data34_GSM5022595_TCTGGAATCCACTCCA.1,0,vemurafenib
Data34_GSM5022595_TCTGGAATCCATGAGT.1,0,vemurafenib
Data34_GSM5022595_TCTGGAATCTACTATC.1,0,vemurafenib
Data34_GSM5022595_TCTTCGGAGTAGCGGT.1,0,vemurafenib
Data34_GSM5022595_TCTTCGGAGTGTGGCA.1,0,vemurafenib
Data34_GSM5022595_TCTTCGGAGTGTTGAA.1,0,vemurafenib
Data34_GSM5022595_TCTTCGGCACCGCTAG.1,0,vemurafenib
Data34_GSM5022595_TCTTCGGGTCCGTCAG.1,0,vemurafenib
Data34_GSM5022595_TCTTCGGGTCGAACAG.1,0,vemurafenib
Data34_GSM5022595_TCTTCGGGTCTTGTCC.1,0,vemurafenib
Data34_GSM5022595_TCTTCGGTCACATAGC.1,0,vemurafenib
Data34_GSM5022595_TCTTCGGTCCGGGTGT.1,0,vemurafenib
Data34_GSM5022595_TCTTCGGTCGCGATCG.1,0,vemurafenib
Data34_GSM5022595_TCTTTCCAGACGCAAC.1,0,vemurafenib
Data34_GSM5022595_TCTTTCCAGCCACTAT.1,0,vemurafenib
Data34_GSM5022595_TCTTTCCAGGCAGGTT.1,0,vemurafenib
Data34_GSM5022595_TCTTTCCCAATAGCGG.1,0,vemurafenib
Data34_GSM5022595_TCTTTCCCAGCCTTTC.1,0,vemurafenib
Data34_GSM5022595_TCTTTCCCAGCTTAAC.1,0,vemurafenib
Data34_GSM5022595_TCTTTCCCAGGAACGT.1,0,vemurafenib
Data34_GSM5022595_TCTTTCCGTAGCTCCG.1,0,vemurafenib
Data34_GSM5022595_TCTTTCCGTCAACATC.1,0,vemurafenib
Data34_GSM5022595_TCTTTCCGTCAGATAA.1,0,vemurafenib
Data34_GSM5022595_TCTTTCCTCATCGATG.1,0,vemurafenib
Data34_GSM5022595_TCTTTCCTCCCTAATT.1,0,vemurafenib
Data34_GSM5022595_TCTTTCCTCGATAGAA.1,0,vemurafenib
Data34_GSM5022595_TCTTTCCTCGGCCGAT.1,0,vemurafenib
Data34_GSM5022595_TGAAAGACACTCGACG.1,0,vemurafenib
Data34_GSM5022595_TGAAAGAGTGGTACAG.1,0,vemurafenib
Data34_GSM5022595_TGAAAGAGTGTGCCTG.1,0,vemurafenib
Data34_GSM5022595_TGAAAGAGTTATCCGA.1,0,vemurafenib
Data34_GSM5022595_TGACAACAGACTAAGT.1,0,vemurafenib
Data34_GSM5022595_TGACAACAGTCCATAC.1,0,vemurafenib
Data34_GSM5022595_TGACAACGTTGTCGCG.1,0,vemurafenib
Data34_GSM5022595_TGACAACTCCGTCATC.1,0,vemurafenib
Data34_GSM5022595_TGACAACTCCTCAACC.1,0,vemurafenib
Data34_GSM5022595_TGACGGCAGAATGTGT.1,0,vemurafenib
Data34_GSM5022595_TGACGGCAGCGAAGGG.1,0,vemurafenib
Data34_GSM5022595_TGACGGCGTCATCCCT.1,0,vemurafenib
Data34_GSM5022595_TGACGGCGTGCCTGGT.1,0,vemurafenib
Data34_GSM5022595_TGACGGCTCGGAGGTA.1,0,vemurafenib
Data34_GSM5022595_TGACGGCTCTGGTTCC.1,0,vemurafenib
Data34_GSM5022595_TGACTAGGTACCGCTG.1,0,vemurafenib
Data34_GSM5022595_TGACTAGGTTACGTCA.1,0,vemurafenib
Data34_GSM5022595_TGACTAGTCATAAAGG.1,0,vemurafenib
Data34_GSM5022595_TGACTAGTCCACGACG.1,0,vemurafenib
Data34_GSM5022595_TGACTTTAGCGGCTTC.1,0,vemurafenib
Data34_GSM5022595_TGACTTTAGCTAGTCT.1,0,vemurafenib
Data34_GSM5022595_TGACTTTAGTCTCGGC.1,0,vemurafenib
Data34_GSM5022595_TGACTTTGTACTTAGC.1,0,vemurafenib
Data34_GSM5022595_TGACTTTTCCGTACAA.1,0,vemurafenib
Data34_GSM5022595_TGACTTTTCTACCAGA.1,0,vemurafenib
Data34_GSM5022595_TGAGAGGAGACTAAGT.1,0,vemurafenib
Data34_GSM5022595_TGAGAGGAGCAGACTG.1,0,vemurafenib
Data34_GSM5022595_TGAGAGGCAGTTAACC.1,0,vemurafenib
Data34_GSM5022595_TGAGAGGGTTCTGTTT.1,0,vemurafenib
Data34_GSM5022595_TGAGAGGTCGTAGGTT.1,0,vemurafenib
Data34_GSM5022595_TGAGAGGTCTACTCAT.1,0,vemurafenib
Data34_GSM5022595_TGAGCATAGAGGGCTT.1,0,vemurafenib
Data34_GSM5022595_TGAGCATGTACCGCTG.1,0,vemurafenib
Data34_GSM5022595_TGAGCATGTAGAGTGC.1,0,vemurafenib
Data34_GSM5022595_TGAGCATGTAGGAGTC.1,0,vemurafenib
Data34_GSM5022595_TGAGCATGTCCGTTAA.1,0,vemurafenib
Data34_GSM5022595_TGAGCATGTGCACGAA.1,0,vemurafenib
Data34_GSM5022595_TGAGCATTCATTCACT.1,0,vemurafenib
Data34_GSM5022595_TGAGCCGAGACCTAGG.1,0,vemurafenib
Data34_GSM5022595_TGAGCCGAGAGACGAA.1,0,vemurafenib
Data34_GSM5022595_TGAGCCGAGATGTCGG.1,0,vemurafenib
Data34_GSM5022595_TGAGCCGAGGCATTGG.1,0,vemurafenib
Data34_GSM5022595_TGAGCCGCAACGATGG.1,0,vemurafenib
Data34_GSM5022595_TGAGCCGCAGCTCCGA.1,0,vemurafenib
Data34_GSM5022595_TGAGCCGGTAGCCTCG.1,0,vemurafenib
Data34_GSM5022595_TGAGCCGTCTCCAGGG.1,0,vemurafenib
Data34_GSM5022595_TGAGCCGTCTCTGAGA.1,0,vemurafenib
Data34_GSM5022595_TGAGGGAAGACCTTTG.1,0,vemurafenib
Data34_GSM5022595_TGAGGGAAGCCATCGC.1,0,vemurafenib
Data34_GSM5022595_TGAGGGAAGGTGCACA.1,0,vemurafenib
Data34_GSM5022595_TGAGGGAAGTGCGTGA.1,0,vemurafenib
Data34_GSM5022595_TGAGGGACACATCCAA.1,0,vemurafenib
Data34_GSM5022595_TGAGGGACATAAAGGT.1,0,vemurafenib
Data34_GSM5022595_TGAGGGATCAGGCCCA.1,0,vemurafenib
Data34_GSM5022595_TGAGGGATCAGTACGT.1,0,vemurafenib
Data34_GSM5022595_TGAGGGATCATGTGGT.1,0,vemurafenib
Data34_GSM5022595_TGAGGGATCCTTGACC.1,0,vemurafenib
Data34_GSM5022595_TGAGGGATCGTCACGG.1,0,vemurafenib
Data34_GSM5022595_TGATTTCAGAAGGTTT.1,0,vemurafenib
Data34_GSM5022595_TGATTTCAGCGAAGGG.1,0,vemurafenib
Data34_GSM5022595_TGATTTCCACCAGATT.1,0,vemurafenib
Data34_GSM5022595_TGATTTCCACGACTCG.1,0,vemurafenib
Data34_GSM5022595_TGATTTCCAGCTGTTA.1,0,vemurafenib
Data34_GSM5022595_TGATTTCCAGGAATCG.1,0,vemurafenib
Data34_GSM5022595_TGATTTCCAGGGCATA.1,0,vemurafenib
Data34_GSM5022595_TGATTTCGTGGAAAGA.1,0,vemurafenib
Data34_GSM5022595_TGATTTCGTTTAGGAA.1,0,vemurafenib
Data34_GSM5022595_TGATTTCTCACCGGGT.1,0,vemurafenib
Data34_GSM5022595_TGATTTCTCAGCTTAG.1,0,vemurafenib
Data34_GSM5022595_TGATTTCTCAGGTTCA.1,0,vemurafenib
Data34_GSM5022595_TGATTTCTCCTTGGTC.1,0,vemurafenib
Data34_GSM5022595_TGATTTCTCTTACCGC.1,0,vemurafenib
Data34_GSM5022595_TGCACCTAGCGTCTAT.1,0,vemurafenib
Data34_GSM5022595_TGCACCTAGTAGGTGC.1,0,vemurafenib
Data34_GSM5022595_TGCACCTCAACACGCC.1,0,vemurafenib
Data34_GSM5022595_TGCACCTCAATAAGCA.1,0,vemurafenib
Data34_GSM5022595_TGCACCTCAGTATAAG.1,0,vemurafenib
Data34_GSM5022595_TGCACCTGTAGAAGGA.1,0,vemurafenib
Data34_GSM5022595_TGCACCTGTCATCCCT.1,0,vemurafenib
Data34_GSM5022595_TGCACCTGTCCGAAGA.1,0,vemurafenib
Data34_GSM5022595_TGCACCTGTGCACTTA.1,0,vemurafenib
Data34_GSM5022595_TGCACCTGTTGACGTT.1,0,vemurafenib
Data34_GSM5022595_TGCACCTTCAACGAAA.1,0,vemurafenib
Data34_GSM5022595_TGCCAAAAGTCTCCTC.1,0,vemurafenib
Data34_GSM5022595_TGCCAAACAAGGTTCT.1,0,vemurafenib
Data34_GSM5022595_TGCCAAACACATGTGT.1,0,vemurafenib
Data34_GSM5022595_TGCCAAACACCAGATT.1,0,vemurafenib
Data34_GSM5022595_TGCCAAAGTACTTCTT.1,0,vemurafenib
Data34_GSM5022595_TGCCAAAGTAGTAGTA.1,0,vemurafenib
Data34_GSM5022595_TGCCAAAGTCGCTTTC.1,0,vemurafenib
Data34_GSM5022595_TGCCAAAGTTTCCACC.1,0,vemurafenib
Data34_GSM5022595_TGCCAAATCCTGTACC.1,0,vemurafenib
Data34_GSM5022595_TGCCAAATCTGCCAGG.1,0,vemurafenib
Data34_GSM5022595_TGCCCATAGAGGTTGC.1,0,vemurafenib
Data34_GSM5022595_TGCCCATAGCGATTCT.1,0,vemurafenib
Data34_GSM5022595_TGCCCATAGGGATACC.1,0,vemurafenib
Data34_GSM5022595_TGCCCTACAAGCCCAC.1,0,vemurafenib
Data34_GSM5022595_TGCCCTACAGACAAAT.1,0,vemurafenib
Data34_GSM5022595_TGCCCTAGTCGGATCC.1,0,vemurafenib
Data34_GSM5022595_TGCCCTAGTGAAATCA.1,0,vemurafenib
Data34_GSM5022595_TGCGCAGAGGGAAACA.1,0,vemurafenib
Data34_GSM5022595_TGCGCAGCACCATGTA.1,0,vemurafenib
Data34_GSM5022595_TGCGCAGCACCCATTC.1,0,vemurafenib
Data34_GSM5022595_TGCGCAGCAGGTGCCT.1,0,vemurafenib
Data34_GSM5022595_TGCGCAGGTCTCTTTA.1,0,vemurafenib
Data34_GSM5022595_TGCGCAGGTTGGTTTG.1,0,vemurafenib
Data34_GSM5022595_TGCGCAGTCACCGTAA.1,0,vemurafenib
Data34_GSM5022595_TGCGCAGTCCATGAGT.1,0,vemurafenib
Data34_GSM5022595_TGCGCAGTCGGTCTAA.1,0,vemurafenib
Data34_GSM5022595_TGCGCAGTCTACGAGT.1,0,vemurafenib
Data34_GSM5022595_TGCGGGTAGACTGTAA.1,0,vemurafenib
Data34_GSM5022595_TGCGGGTCAAGAGGCT.1,0,vemurafenib
Data34_GSM5022595_TGCGGGTCAGTTCATG.1,0,vemurafenib
Data34_GSM5022595_TGCGGGTTCTGCGGCA.1,0,vemurafenib
Data34_GSM5022595_TGCGTGGAGGCTACGA.1,0,vemurafenib
Data34_GSM5022595_TGCGTGGAGGGCACTA.1,0,vemurafenib
Data34_GSM5022595_TGCGTGGCAGGTGGAT.1,0,vemurafenib
Data34_GSM5022595_TGCGTGGGTCGCATCG.1,0,vemurafenib
Data34_GSM5022595_TGCGTGGGTGCCTGGT.1,0,vemurafenib
Data34_GSM5022595_TGCGTGGGTTGCTCCT.1,0,vemurafenib
Data34_GSM5022595_TGCGTGGTCAGTACGT.1,0,vemurafenib
Data34_GSM5022595_TGCGTGGTCGAGAACG.1,0,vemurafenib
Data34_GSM5022595_TGCGTGGTCTTACCTA.1,0,vemurafenib
Data34_GSM5022595_TGCTACCAGAAGCCCA.1,0,vemurafenib
Data34_GSM5022595_TGCTACCAGCCTCGTG.1,0,vemurafenib
Data34_GSM5022595_TGCTACCAGCGAGAAA.1,0,vemurafenib
Data34_GSM5022595_TGCTACCAGTAGATGT.1,0,vemurafenib
Data34_GSM5022595_TGCTACCAGTCGATAA.1,0,vemurafenib
Data34_GSM5022595_TGCTACCAGTCGTACT.1,0,vemurafenib
Data34_GSM5022595_TGCTACCAGTTCGCAT.1,0,vemurafenib
Data34_GSM5022595_TGCTACCCACAGACTT.1,0,vemurafenib
Data34_GSM5022595_TGCTACCCAGCTGCAC.1,0,vemurafenib
Data34_GSM5022595_TGCTACCGTCCGCTGA.1,0,vemurafenib
Data34_GSM5022595_TGCTGCTAGACCACGA.1,0,vemurafenib
Data34_GSM5022595_TGCTGCTAGGTAGCTG.1,0,vemurafenib
Data34_GSM5022595_TGCTGCTAGTGGGATC.1,0,vemurafenib
Data34_GSM5022595_TGCTGCTAGTTGCAGG.1,0,vemurafenib
Data34_GSM5022595_TGCTGCTCATGAGCGA.1,0,vemurafenib
Data34_GSM5022595_TGCTGCTGTAGCTAAA.1,0,vemurafenib
Data34_GSM5022595_TGCTGCTGTTTGCATG.1,0,vemurafenib
Data34_GSM5022595_TGCTGCTTCTACTCAT.1,0,vemurafenib
Data34_GSM5022595_TGCTGCTTCTTAGAGC.1,0,vemurafenib
Data34_GSM5022595_TGGACGCAGATCGGGT.1,0,vemurafenib
Data34_GSM5022595_TGGACGCAGGAACTGC.1,0,vemurafenib
Data34_GSM5022595_TGGACGCCAACGCACC.1,0,vemurafenib
Data34_GSM5022595_TGGACGCGTTCTGTTT.1,0,vemurafenib
Data34_GSM5022595_TGGACGCTCCAGTAGT.1,0,vemurafenib
Data34_GSM5022595_TGGCCAGAGTCTTGCA.1,0,vemurafenib
Data34_GSM5022595_TGGCCAGGTAAGAGAG.1,0,vemurafenib
Data34_GSM5022595_TGGCCAGGTCGCGAAA.1,0,vemurafenib
Data34_GSM5022595_TGGCCAGGTCTCGTTC.1,0,vemurafenib
Data34_GSM5022595_TGGCCAGGTGCACCAC.1,0,vemurafenib
Data34_GSM5022595_TGGCCAGGTTTAGCTG.1,0,vemurafenib
Data34_GSM5022595_TGGCCAGTCCACGAAT.1,0,vemurafenib
Data34_GSM5022595_TGGCCAGTCGCTTGTC.1,0,vemurafenib
Data34_GSM5022595_TGGCCAGTCGGTGTCG.1,0,vemurafenib
Data34_GSM5022595_TGGCGCAAGCAGCCTC.1,0,vemurafenib
Data34_GSM5022595_TGGCGCAAGCGATCCC.1,0,vemurafenib
Data34_GSM5022595_TGGCGCAAGGCCCTTG.1,0,vemurafenib
Data34_GSM5022595_TGGCGCAAGGCTCAGA.1,0,vemurafenib
Data34_GSM5022595_TGGCGCAAGTCCATAC.1,0,vemurafenib
Data34_GSM5022595_TGGCGCAAGTGATCGG.1,0,vemurafenib
Data34_GSM5022595_TGGCGCAAGTGGTAGC.1,0,vemurafenib
Data34_GSM5022595_TGGCGCACAATAGCAA.1,0,vemurafenib
Data34_GSM5022595_TGGCGCACACCTCGTT.1,0,vemurafenib
Data34_GSM5022595_TGGCGCACATGCAACT.1,0,vemurafenib
Data34_GSM5022595_TGGCGCACATGCTGGC.1,0,vemurafenib
Data34_GSM5022595_TGGCGCACATTATCTC.1,0,vemurafenib
Data34_GSM5022595_TGGCGCAGTAAGTGTA.1,0,vemurafenib
Data34_GSM5022595_TGGCGCAGTGGACGAT.1,0,vemurafenib
Data34_GSM5022595_TGGCGCAGTTCGTCTC.1,0,vemurafenib
Data34_GSM5022595_TGGCGCATCTTGTATC.1,0,vemurafenib
Data34_GSM5022595_TGGCTGGAGATCCCAT.1,0,vemurafenib
Data34_GSM5022595_TGGCTGGAGTGTTGAA.1,0,vemurafenib
Data34_GSM5022595_TGGCTGGGTATGAATG.1,0,vemurafenib
Data34_GSM5022595_TGGCTGGTCATGCTCC.1,0,vemurafenib
Data34_GSM5022595_TGGCTGGTCTGCTTGC.1,0,vemurafenib
Data34_GSM5022595_TGGGAAGAGAAGAAGC.1,0,vemurafenib
Data34_GSM5022595_TGGGAAGAGATGGCGT.1,0,vemurafenib
Data34_GSM5022595_TGGGAAGAGGAACTGC.1,0,vemurafenib
Data34_GSM5022595_TGGGAAGAGGCATGTG.1,0,vemurafenib
Data34_GSM5022595_TGGGAAGAGGCGTACA.1,0,vemurafenib
Data34_GSM5022595_TGGGAAGCAAGACACG.1,0,vemurafenib
Data34_GSM5022595_TGGGAAGCACACGCTG.1,0,vemurafenib
Data34_GSM5022595_TGGGAAGCACATCCAA.1,0,vemurafenib
Data34_GSM5022595_TGGGAAGGTCCATCCT.1,0,vemurafenib
Data34_GSM5022595_TGGGAAGGTCTCCATC.1,0,vemurafenib
Data34_GSM5022595_TGGGAAGGTTGTGGCC.1,0,vemurafenib
Data34_GSM5022595_TGGGAAGTCGGTGTTA.1,0,vemurafenib
Data34_GSM5022595_TGGGCGTAGGACCACA.1,0,vemurafenib
Data34_GSM5022595_TGGGCGTCACTGTCGG.1,0,vemurafenib
Data34_GSM5022595_TGGGCGTCAGTAAGAT.1,0,vemurafenib
Data34_GSM5022595_TGGGCGTGTCGCTTCT.1,0,vemurafenib
Data34_GSM5022595_TGGGCGTGTGACTCAT.1,0,vemurafenib
Data34_GSM5022595_TGGGCGTGTGCACCAC.1,0,vemurafenib
Data34_GSM5022595_TGGGCGTGTGTAATGA.1,0,vemurafenib
Data34_GSM5022595_TGGGCGTTCAGCATGT.1,0,vemurafenib
Data34_GSM5022595_TGGTTAGAGATCGGGT.1,0,vemurafenib
Data34_GSM5022595_TGGTTAGAGTCAATAG.1,0,vemurafenib
Data34_GSM5022595_TGGTTAGGTAACGCGA.1,0,vemurafenib
Data34_GSM5022595_TGGTTAGGTCGCATCG.1,0,vemurafenib
Data34_GSM5022595_TGGTTAGGTTACTGAC.1,0,vemurafenib
Data34_GSM5022595_TGGTTAGTCACAGGCC.1,0,vemurafenib
Data34_GSM5022595_TGGTTAGTCATCGCTC.1,0,vemurafenib
Data34_GSM5022595_TGGTTAGTCCTGCTTG.1,0,vemurafenib
Data34_GSM5022595_TGGTTAGTCGCTTGTC.1,0,vemurafenib
Data34_GSM5022595_TGGTTCCAGACCTTTG.1,0,vemurafenib
Data34_GSM5022595_TGGTTCCAGGCAGGTT.1,0,vemurafenib
Data34_GSM5022595_TGGTTCCAGGTGATAT.1,0,vemurafenib
Data34_GSM5022595_TGGTTCCAGTCATGCT.1,0,vemurafenib
Data34_GSM5022595_TGGTTCCCACGTCTCT.1,0,vemurafenib
Data34_GSM5022595_TGGTTCCCAGTAACGG.1,0,vemurafenib
Data34_GSM5022595_TGGTTCCCATCTCGCT.1,0,vemurafenib
Data34_GSM5022595_TGGTTCCGTACAGTGG.1,0,vemurafenib
Data34_GSM5022595_TGGTTCCGTCTCCATC.1,0,vemurafenib
Data34_GSM5022595_TGTATTCAGACGCTTT.1,0,vemurafenib
Data34_GSM5022595_TGTATTCAGATATGGT.1,0,vemurafenib
Data34_GSM5022595_TGTATTCAGCCAGTTT.1,0,vemurafenib
Data34_GSM5022595_TGTATTCCAAGCGATG.1,0,vemurafenib
Data34_GSM5022595_TGTATTCCACATTAGC.1,0,vemurafenib
Data34_GSM5022595_TGTATTCCAGTCACTA.1,0,vemurafenib
Data34_GSM5022595_TGTATTCGTGTTGAGG.1,0,vemurafenib
Data34_GSM5022595_TGTATTCTCAGGATCT.1,0,vemurafenib
Data34_GSM5022595_TGTATTCTCATGTGGT.1,0,vemurafenib
Data34_GSM5022595_TGTATTCTCTCTAAGG.1,0,vemurafenib
Data34_GSM5022595_TGTCCCAAGCTGATAA.1,0,vemurafenib
Data34_GSM5022595_TGTCCCAAGTACGCCC.1,0,vemurafenib
Data34_GSM5022595_TGTCCCACACAGTCGC.1,0,vemurafenib
Data34_GSM5022595_TGTCCCACACCGAATT.1,0,vemurafenib
Data34_GSM5022595_TGTCCCACAGCGATCC.1,0,vemurafenib
Data34_GSM5022595_TGTCCCACAGTCCTTC.1,0,vemurafenib
Data34_GSM5022595_TGTCCCAGTAAGGGCT.1,0,vemurafenib
Data34_GSM5022595_TGTCCCAGTACGAAAT.1,0,vemurafenib
Data34_GSM5022595_TGTCCCAGTGACGCCT.1,0,vemurafenib
Data34_GSM5022595_TGTCCCAGTGGCTCCA.1,0,vemurafenib
Data34_GSM5022595_TGTCCCAGTGGTGTAG.1,0,vemurafenib
Data34_GSM5022595_TGTCCCAGTGTGGCTC.1,0,vemurafenib
Data34_GSM5022595_TGTCCCATCCCAAGTA.1,0,vemurafenib
Data34_GSM5022595_TGTCCCATCGTCCGTT.1,0,vemurafenib
Data34_GSM5022595_TGTCCCATCTGATTCT.1,0,vemurafenib
Data34_GSM5022595_TGTGGTAAGGATTCGG.1,0,vemurafenib
Data34_GSM5022595_TGTGGTAAGTGTACTC.1,0,vemurafenib
Data34_GSM5022595_TGTGGTACAATTCCTT.1,0,vemurafenib
Data34_GSM5022595_TGTGGTACATCCCACT.1,0,vemurafenib
Data34_GSM5022595_TGTGGTAGTAGCGTCC.1,0,vemurafenib
Data34_GSM5022595_TGTGGTAGTCTAGAGG.1,0,vemurafenib
Data34_GSM5022595_TGTGGTAGTTCAGTAC.1,0,vemurafenib
Data34_GSM5022595_TGTGGTAGTTCCCTTG.1,0,vemurafenib
Data34_GSM5022595_TGTGGTATCGTATCAG.1,0,vemurafenib
Data34_GSM5022595_TGTGGTATCGTGGACC.1,0,vemurafenib
Data34_GSM5022595_TGTGTTTCACGTTGGC.1,0,vemurafenib
Data34_GSM5022595_TGTGTTTCAGTCACTA.1,0,vemurafenib
Data34_GSM5022595_TGTGTTTGTCTCTTTA.1,0,vemurafenib
Data34_GSM5022595_TGTGTTTTCACATACG.1,0,vemurafenib
Data34_GSM5022595_TGTGTTTTCCCGGATG.1,0,vemurafenib
Data34_GSM5022595_TGTGTTTTCTACTTAC.1,0,vemurafenib
Data34_GSM5022595_TGTTCCGAGCCACGCT.1,0,vemurafenib
Data34_GSM5022595_TGTTCCGAGCTAGCCC.1,0,vemurafenib
Data34_GSM5022595_TGTTCCGCAAGCTGAG.1,0,vemurafenib
Data34_GSM5022595_TGTTCCGCATGAGCGA.1,0,vemurafenib
Data34_GSM5022595_TGTTCCGCATTGGTAC.1,0,vemurafenib
Data34_GSM5022595_TGTTCCGGTAAATGTG.1,0,vemurafenib
Data34_GSM5022595_TGTTCCGGTACATGTC.1,0,vemurafenib
Data34_GSM5022595_TGTTCCGGTTACGCGC.1,0,vemurafenib
Data34_GSM5022595_TGTTCCGTCAGTCAGT.1,0,vemurafenib
Data34_GSM5022595_TGTTCCGTCATACGGT.1,0,vemurafenib
Data34_GSM5022595_TTAACTCAGAGAACAG.1,0,vemurafenib
Data34_GSM5022595_TTAACTCAGTCAAGCG.1,0,vemurafenib
Data34_GSM5022595_TTAACTCCAAACTGTC.1,0,vemurafenib
Data34_GSM5022595_TTAACTCCAAAGTCAA.1,0,vemurafenib
Data34_GSM5022595_TTAACTCCAGCCAATT.1,0,vemurafenib
Data34_GSM5022595_TTAACTCCATCGATGT.1,0,vemurafenib
Data34_GSM5022595_TTAACTCCATTGGTAC.1,0,vemurafenib
Data34_GSM5022595_TTAACTCGTTCGTCTC.1,0,vemurafenib
Data34_GSM5022595_TTAACTCTCCACGTTC.1,0,vemurafenib
Data34_GSM5022595_TTAGGACAGTATCTCG.1,0,vemurafenib
Data34_GSM5022595_TTAGGACCAGAGCCAA.1,0,vemurafenib
Data34_GSM5022595_TTAGGACGTATTCTCT.1,0,vemurafenib
Data34_GSM5022595_TTAGGACTCAAACGGG.1,0,vemurafenib
Data34_GSM5022595_TTAGGACTCAAGGCTT.1,0,vemurafenib
Data34_GSM5022595_TTAGGACTCAGCACAT.1,0,vemurafenib
Data34_GSM5022595_TTAGGACTCATGCATG.1,0,vemurafenib
Data34_GSM5022595_TTAGGCAAGTACGCGA.1,0,vemurafenib
Data34_GSM5022595_TTAGGCAAGTACTTGC.1,0,vemurafenib
Data34_GSM5022595_TTAGGCACAATAGCGG.1,0,vemurafenib
Data34_GSM5022595_TTAGGCAGTATATCCG.1,0,vemurafenib
Data34_GSM5022595_TTAGGCAGTGCAGTAG.1,0,vemurafenib
Data34_GSM5022595_TTAGGCATCGGCGCTA.1,0,vemurafenib
Data34_GSM5022595_TTAGGCATCGGTTAAC.1,0,vemurafenib
Data34_GSM5022595_TTAGGCATCTCTTATG.1,0,vemurafenib
Data34_GSM5022595_TTAGTTCAGCTAACAA.1,0,vemurafenib
Data34_GSM5022595_TTAGTTCAGGGATCTG.1,0,vemurafenib
Data34_GSM5022595_TTAGTTCCAAACCCAT.1,0,vemurafenib
Data34_GSM5022595_TTAGTTCCAGGTCCAC.1,0,vemurafenib
Data34_GSM5022595_TTAGTTCCATACGCTA.1,0,vemurafenib
Data34_GSM5022595_TTAGTTCGTCGGCATC.1,0,vemurafenib
Data34_GSM5022595_TTAGTTCGTGCACCAC.1,0,vemurafenib
Data34_GSM5022595_TTAGTTCGTGTTGGGA.1,0,vemurafenib
Data34_GSM5022595_TTAGTTCGTTCCACAA.1,0,vemurafenib
Data34_GSM5022595_TTAGTTCGTTGCGCAC.1,0,vemurafenib
Data34_GSM5022595_TTAGTTCTCACCCGAG.1,0,vemurafenib
Data34_GSM5022595_TTATGCTAGACCTAGG.1,0,vemurafenib
Data34_GSM5022595_TTATGCTAGTGTCCCG.1,0,vemurafenib
Data34_GSM5022595_TTATGCTCATCACGTA.1,0,vemurafenib
Data34_GSM5022595_TTATGCTCATCCCATC.1,0,vemurafenib
Data34_GSM5022595_TTATGCTGTCTTTCAT.1,0,vemurafenib
Data34_GSM5022595_TTATGCTGTTGAGGTG.1,0,vemurafenib
Data34_GSM5022595_TTATGCTTCATGCTCC.1,0,vemurafenib
Data34_GSM5022595_TTATGCTTCTGCGTAA.1,0,vemurafenib
Data34_GSM5022595_TTCCCAGAGAGCTTCT.1,0,vemurafenib
Data34_GSM5022595_TTCCCAGAGATATGCA.1,0,vemurafenib
Data34_GSM5022595_TTCCCAGAGATCCCAT.1,0,vemurafenib
Data34_GSM5022595_TTCCCAGAGTCTTGCA.1,0,vemurafenib
Data34_GSM5022595_TTCCCAGCACGGTAGA.1,0,vemurafenib
Data34_GSM5022595_TTCCCAGGTAGCTGCC.1,0,vemurafenib
Data34_GSM5022595_TTCCCAGGTCCATCCT.1,0,vemurafenib
Data34_GSM5022595_TTCCCAGGTCGCGGTT.1,0,vemurafenib
Data34_GSM5022595_TTCCCAGGTGGTGTAG.1,0,vemurafenib
Data34_GSM5022595_TTCCCAGTCATGCATG.1,0,vemurafenib
Data34_GSM5022595_TTCGAAGAGGGTTTCT.1,0,vemurafenib
Data34_GSM5022595_TTCGAAGAGTGGGCTA.1,0,vemurafenib
Data34_GSM5022595_TTCGAAGCAAGGACAC.1,0,vemurafenib
Data34_GSM5022595_TTCGAAGCACAGAGGT.1,0,vemurafenib
Data34_GSM5022595_TTCGAAGCACAGTCGC.1,0,vemurafenib
Data34_GSM5022595_TTCGAAGCAGGCTGAA.1,0,vemurafenib
Data34_GSM5022595_TTCGAAGGTAGAGCTG.1,0,vemurafenib
Data34_GSM5022595_TTCGAAGGTCACTTCC.1,0,vemurafenib
Data34_GSM5022595_TTCGAAGTCAGTTAGC.1,0,vemurafenib
Data34_GSM5022595_TTCGGTCAGAAGGTGA.1,0,vemurafenib
Data34_GSM5022595_TTCGGTCAGCCCGAAA.1,0,vemurafenib
Data34_GSM5022595_TTCGGTCAGGACGAAA.1,0,vemurafenib
Data34_GSM5022595_TTCGGTCCAACGATGG.1,0,vemurafenib
Data34_GSM5022595_TTCGGTCGTGTCCTCT.1,0,vemurafenib
Data34_GSM5022595_TTCGGTCGTGTGAATA.1,0,vemurafenib
Data34_GSM5022595_TTCGGTCTCCGCATAA.1,0,vemurafenib
Data34_GSM5022595_TTCGGTCTCGGGAGTA.1,0,vemurafenib
Data34_GSM5022595_TTCTACAAGGACAGCT.1,0,vemurafenib
Data34_GSM5022595_TTCTACAAGTGGGATC.1,0,vemurafenib
Data34_GSM5022595_TTCTACACACAGGCCT.1,0,vemurafenib
Data34_GSM5022595_TTCTACAGTGCTAGCC.1,0,vemurafenib
Data34_GSM5022595_TTCTACATCATCACCC.1,0,vemurafenib
Data34_GSM5022595_TTCTACATCCACGACG.1,0,vemurafenib
Data34_GSM5022595_TTCTCAAAGGACTGGT.1,0,vemurafenib
Data34_GSM5022595_TTCTCAAAGTGTGAAT.1,0,vemurafenib
Data34_GSM5022595_TTCTCAACAGCTGTGC.1,0,vemurafenib
Data34_GSM5022595_TTCTCAACATCATCCC.1,0,vemurafenib
Data34_GSM5022595_TTCTCAAGTACTTAGC.1,0,vemurafenib
Data34_GSM5022595_TTCTCAAGTAGCCTAT.1,0,vemurafenib
Data34_GSM5022595_TTCTCAAGTAGTACCT.1,0,vemurafenib
Data34_GSM5022595_TTCTCAATCATGCATG.1,0,vemurafenib
Data34_GSM5022595_TTCTCCTAGAGACGAA.1,0,vemurafenib
Data34_GSM5022595_TTCTCCTCAAGCTGAG.1,0,vemurafenib
Data34_GSM5022595_TTCTCCTCAATGGAGC.1,0,vemurafenib
Data34_GSM5022595_TTCTCCTCACGGTTTA.1,0,vemurafenib
Data34_GSM5022595_TTCTCCTGTAAATGTG.1,0,vemurafenib
Data34_GSM5022595_TTCTCCTGTAGCCTCG.1,0,vemurafenib
Data34_GSM5022595_TTCTCCTTCGCGTTTC.1,0,vemurafenib
Data34_GSM5022595_TTCTCCTTCGGTCCGA.1,0,vemurafenib
Data34_GSM5022595_TTCTCCTTCTATCGCC.1,0,vemurafenib
Data34_GSM5022595_TTCTTAGAGAAGGTGA.1,0,vemurafenib
Data34_GSM5022595_TTCTTAGAGGCAGTCA.1,0,vemurafenib
Data34_GSM5022595_TTCTTAGCAATTCCTT.1,0,vemurafenib
Data34_GSM5022595_TTCTTAGCACATTTCT.1,0,vemurafenib
Data34_GSM5022595_TTCTTAGGTCACTTCC.1,0,vemurafenib
Data34_GSM5022595_TTCTTAGGTCTTCGTC.1,0,vemurafenib
Data34_GSM5022595_TTCTTAGTCCAAAGTC.1,0,vemurafenib
Data34_GSM5022595_TTCTTAGTCGAATGGG.1,0,vemurafenib
Data34_GSM5022595_TTGAACGAGATGCCAG.1,0,vemurafenib
Data34_GSM5022595_TTGAACGAGCTCAACT.1,0,vemurafenib
Data34_GSM5022595_TTGAACGAGGTCATCT.1,0,vemurafenib
Data34_GSM5022595_TTGAACGAGTTCGATC.1,0,vemurafenib
Data34_GSM5022595_TTGAACGGTCACTTCC.1,0,vemurafenib
Data34_GSM5022595_TTGAACGTCCAGAAGG.1,0,vemurafenib
Data34_GSM5022595_TTGAACGTCGCACTCT.1,0,vemurafenib
Data34_GSM5022595_TTGAACGTCGCGCCAA.1,0,vemurafenib
Data34_GSM5022595_TTGAACGTCGGAAATA.1,0,vemurafenib
Data34_GSM5022595_TTGACTTAGACAGACC.1,0,vemurafenib
Data34_GSM5022595_TTGACTTAGACCACGA.1,0,vemurafenib
Data34_GSM5022595_TTGACTTAGCAATCTC.1,0,vemurafenib
Data34_GSM5022595_TTGACTTAGTTGCAGG.1,0,vemurafenib
Data34_GSM5022595_TTGACTTCAGGGTACA.1,0,vemurafenib
Data34_GSM5022595_TTGACTTCAGTGACAG.1,0,vemurafenib
Data34_GSM5022595_TTGACTTTCCCGGATG.1,0,vemurafenib
Data34_GSM5022595_TTGCCGTAGACACTAA.1,0,vemurafenib
Data34_GSM5022595_TTGCCGTAGATATGGT.1,0,vemurafenib
Data34_GSM5022595_TTGCCGTAGGATCGCA.1,0,vemurafenib
Data34_GSM5022595_TTGCCGTAGTGTTAGA.1,0,vemurafenib
Data34_GSM5022595_TTGCCGTAGTTAGGTA.1,0,vemurafenib
Data34_GSM5022595_TTGCCGTCAATGAATG.1,0,vemurafenib
Data34_GSM5022595_TTGCCGTCAGAAGCAC.1,0,vemurafenib
Data34_GSM5022595_TTGCCGTCAGCGTAAG.1,0,vemurafenib
Data34_GSM5022595_TTGCCGTCAGTTTACG.1,0,vemurafenib
Data34_GSM5022595_TTGCCGTCATGAACCT.1,0,vemurafenib
Data34_GSM5022595_TTGCCGTGTCCAGTGC.1,0,vemurafenib
Data34_GSM5022595_TTGCCGTGTCCCTTGT.1,0,vemurafenib
Data34_GSM5022595_TTGCCGTTCGGATGGA.1,0,vemurafenib
Data34_GSM5022595_TTGCGTCAGAAACCAT.1,0,vemurafenib
Data34_GSM5022595_TTGCGTCCAAGCGTAG.1,0,vemurafenib
Data34_GSM5022595_TTGCGTCCAAGGACTG.1,0,vemurafenib
Data34_GSM5022595_TTGCGTCCAGACGCCT.1,0,vemurafenib
Data34_GSM5022595_TTGCGTCGTAAAGTCA.1,0,vemurafenib
Data34_GSM5022595_TTGCGTCGTAGCGTAG.1,0,vemurafenib
Data34_GSM5022595_TTGCGTCTCCCTTGCA.1,0,vemurafenib
Data34_GSM5022595_TTGCGTCTCGGAAATA.1,0,vemurafenib
Data34_GSM5022595_TTGCGTCTCTAACCGA.1,0,vemurafenib
Data34_GSM5022595_TTGGAACAGCGATGAC.1,0,vemurafenib
Data34_GSM5022595_TTGGAACAGGCCCTTG.1,0,vemurafenib
Data34_GSM5022595_TTGGAACCAATCCAAC.1,0,vemurafenib
Data34_GSM5022595_TTGGAACGTATTCGTG.1,0,vemurafenib
Data34_GSM5022595_TTGGAACGTCGCGAAA.1,0,vemurafenib
Data34_GSM5022595_TTGGAACTCGCCTGAG.1,0,vemurafenib
Data34_GSM5022595_TTGGCAAAGCGTGAGT.1,0,vemurafenib
Data34_GSM5022595_TTGGCAAAGTAACCCT.1,0,vemurafenib
Data34_GSM5022595_TTGGCAACACCAGCAC.1,0,vemurafenib
Data34_GSM5022595_TTGGCAACATCGATGT.1,0,vemurafenib
Data34_GSM5022595_TTGGCAAGTACGACCC.1,0,vemurafenib
Data34_GSM5022595_TTGGCAAGTCTAACGT.1,0,vemurafenib
Data34_GSM5022595_TTGGCAAGTTAAGTAG.1,0,vemurafenib
Data34_GSM5022595_TTGGCAAGTTGTCGCG.1,0,vemurafenib
Data34_GSM5022595_TTGGCAATCAGGTTCA.1,0,vemurafenib
Data34_GSM5022595_TTGTAGGAGGGAGTAA.1,0,vemurafenib
Data34_GSM5022595_TTGTAGGGTGCCTGCA.1,0,vemurafenib
Data34_GSM5022595_TTGTAGGTCCAGAAGG.1,0,vemurafenib
Data34_GSM5022595_TTTACTGAGCACGCCT.1,0,vemurafenib
Data34_GSM5022595_TTTACTGAGGATGCGT.1,0,vemurafenib
Data34_GSM5022595_TTTACTGCAGCTATTG.1,0,vemurafenib
Data34_GSM5022595_TTTACTGCATGAACCT.1,0,vemurafenib
Data34_GSM5022595_TTTACTGGTCAGTGGA.1,0,vemurafenib
Data34_GSM5022595_TTTACTGGTGTGAATA.1,0,vemurafenib
Data34_GSM5022595_TTTACTGTCAGCACAT.1,0,vemurafenib
Data34_GSM5022595_TTTACTGTCCCAAGAT.1,0,vemurafenib
Data34_GSM5022595_TTTACTGTCTTGTATC.1,0,vemurafenib
Data34_GSM5022595_TTTATGCCAGATGAGC.1,0,vemurafenib
Data34_GSM5022595_TTTATGCGTAAATGTG.1,0,vemurafenib
Data34_GSM5022595_TTTATGCGTAGCCTAT.1,0,vemurafenib
Data34_GSM5022595_TTTATGCGTTCACGGC.1,0,vemurafenib
Data34_GSM5022595_TTTATGCTCCGTCAAA.1,0,vemurafenib
Data34_GSM5022595_TTTATGCTCTGGCGAC.1,0,vemurafenib
Data34_GSM5022595_TTTCCTCAGTTACCCA.1,0,vemurafenib
Data34_GSM5022595_TTTCCTCCAAGCGAGT.1,0,vemurafenib
Data34_GSM5022595_TTTCCTCGTACCGTAT.1,0,vemurafenib
Data34_GSM5022595_TTTCCTCGTGATGCCC.1,0,vemurafenib
Data34_GSM5022595_TTTCCTCGTGCATCTA.1,0,vemurafenib
Data34_GSM5022595_TTTCCTCGTTCAACCA.1,0,vemurafenib
Data34_GSM5022595_TTTGCGCAGCACCGTC.1,0,vemurafenib
Data34_GSM5022595_TTTGCGCAGCTGCAAG.1,0,vemurafenib
Data34_GSM5022595_TTTGCGCAGTCAAGCG.1,0,vemurafenib
Data34_GSM5022595_TTTGCGCAGTTACGGG.1,0,vemurafenib
Data34_GSM5022595_TTTGCGCCACTTCTGC.1,0,vemurafenib
Data34_GSM5022595_TTTGCGCCAGGACGTA.1,0,vemurafenib
Data34_GSM5022595_TTTGCGCCATGTTCCC.1,0,vemurafenib
Data34_GSM5022595_TTTGCGCGTCGGCTCA.1,0,vemurafenib
Data34_GSM5022595_TTTGCGCGTGCCTTGG.1,0,vemurafenib
Data34_GSM5022595_TTTGCGCGTGCGATAG.1,0,vemurafenib
Data34_GSM5022595_TTTGCGCGTGTGAAAT.1,0,vemurafenib
Data34_GSM5022595_TTTGCGCTCACGGTTA.1,0,vemurafenib
Data34_GSM5022595_TTTGCGCTCAGGCCCA.1,0,vemurafenib
Data34_GSM5022595_TTTGCGCTCCGTAGGC.1,0,vemurafenib
Data34_GSM5022595_TTTGCGCTCCTCATTA.1,0,vemurafenib
Data34_GSM5022595_TTTGGTTAGATTACCC.1,0,vemurafenib
Data34_GSM5022595_TTTGGTTAGCCACCTG.1,0,vemurafenib
Data34_GSM5022595_TTTGGTTAGCGTCAAG.1,0,vemurafenib
Data34_GSM5022595_TTTGGTTAGGGTGTTG.1,0,vemurafenib
Data34_GSM5022595_TTTGGTTAGTAGATGT.1,0,vemurafenib
Data34_GSM5022595_TTTGGTTCAAGTTCTG.1,0,vemurafenib
Data34_GSM5022595_TTTGGTTCACGGCCAT.1,0,vemurafenib
Data34_GSM5022595_TTTGGTTCATGAGCGA.1,0,vemurafenib
Data34_GSM5022595_TTTGGTTGTCTCAACA.1,0,vemurafenib
Data34_GSM5022595_TTTGGTTTCCTTGACC.1,0,vemurafenib
Data34_GSM5022595_TTTGGTTTCGGAAATA.1,0,vemurafenib
Data34_GSM5022595_TTTGGTTTCTCCCTGA.1,0,vemurafenib
Data34_GSM5022595_TTTGTCAAGCAGCCTC.1,0,vemurafenib
Data34_GSM5022595_TTTGTCAAGCCTATGT.1,0,vemurafenib
Data34_GSM5022595_TTTGTCACAGACGTAG.1,0,vemurafenib
Data34_GSM5022595_TTTGTCATCGTGACAT.1,0,vemurafenib
Data34_GSM5022596_AAACCTGAGCCACCTG.1,1,vemurafenib
Data34_GSM5022596_AAACCTGAGCCCGAAA.1,1,vemurafenib
Data34_GSM5022596_AAACCTGAGGGTGTGT.1,1,vemurafenib
Data34_GSM5022596_AAACCTGCATCTCCCA.1,1,vemurafenib
Data34_GSM5022596_AAACCTGGTATGAAAC.1,1,vemurafenib
Data34_GSM5022596_AAACCTGGTCATGCCG.1,1,vemurafenib
Data34_GSM5022596_AAACCTGGTCTCAACA.1,1,vemurafenib
Data34_GSM5022596_AAACCTGGTCTTGTCC.1,1,vemurafenib
Data34_GSM5022596_AAACCTGGTGCACTTA.1,1,vemurafenib
Data34_GSM5022596_AAACCTGTCGAATGGG.1,1,vemurafenib
Data34_GSM5022596_AAACCTGTCGGTCTAA.1,1,vemurafenib
Data34_GSM5022596_AAACCTGTCTCCTATA.1,1,vemurafenib
Data34_GSM5022596_AAACGGGAGATAGGAG.1,1,vemurafenib
Data34_GSM5022596_AAACGGGAGATGCCAG.1,1,vemurafenib
Data34_GSM5022596_AAACGGGAGCTATGCT.1,1,vemurafenib
Data34_GSM5022596_AAACGGGAGGATATAC.1,1,vemurafenib
Data34_GSM5022596_AAACGGGAGGGTGTGT.1,1,vemurafenib
Data34_GSM5022596_AAACGGGAGTACGTTC.1,1,vemurafenib
Data34_GSM5022596_AAACGGGCACCCATGG.1,1,vemurafenib
Data34_GSM5022596_AAACGGGCAGTATAAG.1,1,vemurafenib
Data34_GSM5022596_AAACGGGCAGTTAACC.1,1,vemurafenib
Data34_GSM5022596_AAACGGGCATATACCG.1,1,vemurafenib
Data34_GSM5022596_AAACGGGGTCCAAGTT.1,1,vemurafenib
Data34_GSM5022596_AAACGGGGTCCCTACT.1,1,vemurafenib
Data34_GSM5022596_AAACGGGGTGACGCCT.1,1,vemurafenib
Data34_GSM5022596_AAACGGGTCAACACCA.1,1,vemurafenib
Data34_GSM5022596_AAACGGGTCACTCTTA.1,1,vemurafenib
Data34_GSM5022596_AAACGGGTCAGGCAAG.1,1,vemurafenib
Data34_GSM5022596_AAACGGGTCCACGTGG.1,1,vemurafenib
Data34_GSM5022596_AAACGGGTCCATGAAC.1,1,vemurafenib
Data34_GSM5022596_AAAGATGAGCCCAGCT.1,1,vemurafenib
Data34_GSM5022596_AAAGATGAGCTGAACG.1,1,vemurafenib
Data34_GSM5022596_AAAGATGAGGACAGCT.1,1,vemurafenib
Data34_GSM5022596_AAAGATGCAATCTACG.1,1,vemurafenib
Data34_GSM5022596_AAAGATGCACGTCTCT.1,1,vemurafenib
Data34_GSM5022596_AAAGATGCAGCGAACA.1,1,vemurafenib
Data34_GSM5022596_AAAGATGCAGTCCTTC.1,1,vemurafenib
Data34_GSM5022596_AAAGATGCATCGACGC.1,1,vemurafenib
Data34_GSM5022596_AAAGATGCATGGTCAT.1,1,vemurafenib
Data34_GSM5022596_AAAGATGGTGCAACTT.1,1,vemurafenib
Data34_GSM5022596_AAAGATGGTTCTGGTA.1,1,vemurafenib
Data34_GSM5022596_AAAGATGGTTTGACAC.1,1,vemurafenib
Data34_GSM5022596_AAAGATGTCAACGAAA.1,1,vemurafenib
Data34_GSM5022596_AAAGATGTCCACGAAT.1,1,vemurafenib
Data34_GSM5022596_AAAGATGTCCTCTAGC.1,1,vemurafenib
Data34_GSM5022596_AAAGATGTCGAATCCA.1,1,vemurafenib
Data34_GSM5022596_AAAGATGTCGTTACAG.1,1,vemurafenib
Data34_GSM5022596_AAAGATGTCTGCTTGC.1,1,vemurafenib
Data34_GSM5022596_AAAGCAAAGAAAGTGG.1,1,vemurafenib
Data34_GSM5022596_AAAGCAAAGATCCTGT.1,1,vemurafenib
Data34_GSM5022596_AAAGCAAAGCAGGCTA.1,1,vemurafenib
Data34_GSM5022596_AAAGCAAAGCGCCTCA.1,1,vemurafenib
Data34_GSM5022596_AAAGCAAAGCTCCTTC.1,1,vemurafenib
Data34_GSM5022596_AAAGCAAAGCTGCAAG.1,1,vemurafenib
Data34_GSM5022596_AAAGCAAAGGTGCAAC.1,1,vemurafenib
Data34_GSM5022596_AAAGCAAAGGTGTGGT.1,1,vemurafenib
Data34_GSM5022596_AAAGCAACACCAGCAC.1,1,vemurafenib
Data34_GSM5022596_AAAGCAACACGGACAA.1,1,vemurafenib
Data34_GSM5022596_AAAGCAACACGGTGTC.1,1,vemurafenib
Data34_GSM5022596_AAAGCAACAGACGCAA.1,1,vemurafenib
Data34_GSM5022596_AAAGCAACAGGATCGA.1,1,vemurafenib
Data34_GSM5022596_AAAGCAACATGACGGA.1,1,vemurafenib
Data34_GSM5022596_AAAGCAAGTAACGTTC.1,1,vemurafenib
Data34_GSM5022596_AAAGCAAGTAGCGCTC.1,1,vemurafenib
Data34_GSM5022596_AAAGCAAGTATAATGG.1,1,vemurafenib
Data34_GSM5022596_AAAGCAAGTCCAGTGC.1,1,vemurafenib
Data34_GSM5022596_AAAGCAAGTGTAACGG.1,1,vemurafenib
Data34_GSM5022596_AAAGCAATCAGTTGAC.1,1,vemurafenib
Data34_GSM5022596_AAAGCAATCGCCTGAG.1,1,vemurafenib
Data34_GSM5022596_AAAGCAATCTAGCACA.1,1,vemurafenib
Data34_GSM5022596_AAAGCAATCTCTGAGA.1,1,vemurafenib
Data34_GSM5022596_AAAGCAATCTTAGAGC.1,1,vemurafenib
Data34_GSM5022596_AAAGTAGAGCTTTGGT.1,1,vemurafenib
Data34_GSM5022596_AAAGTAGCACCAGGCT.1,1,vemurafenib
Data34_GSM5022596_AAAGTAGCACGAAAGC.1,1,vemurafenib
Data34_GSM5022596_AAAGTAGCACGGTAGA.1,1,vemurafenib
Data34_GSM5022596_AAAGTAGCATCTGGTA.1,1,vemurafenib
Data34_GSM5022596_AAAGTAGGTGACAAAT.1,1,vemurafenib
Data34_GSM5022596_AAAGTAGGTGCACCAC.1,1,vemurafenib
Data34_GSM5022596_AAAGTAGGTGCTAGCC.1,1,vemurafenib
Data34_GSM5022596_AAAGTAGGTGTGACCC.1,1,vemurafenib
Data34_GSM5022596_AAAGTAGGTTATGTGC.1,1,vemurafenib
Data34_GSM5022596_AAAGTAGTCCGAAGAG.1,1,vemurafenib
Data34_GSM5022596_AAAGTAGTCCTCGCAT.1,1,vemurafenib
Data34_GSM5022596_AAATGCCAGAAGGGTA.1,1,vemurafenib
Data34_GSM5022596_AAATGCCAGACAGGCT.1,1,vemurafenib
Data34_GSM5022596_AAATGCCAGACCGGAT.1,1,vemurafenib
Data34_GSM5022596_AAATGCCAGAGTAATC.1,1,vemurafenib
Data34_GSM5022596_AAATGCCAGCGCTCCA.1,1,vemurafenib
Data34_GSM5022596_AAATGCCAGCTGGAAC.1,1,vemurafenib
Data34_GSM5022596_AAATGCCAGGCAGGTT.1,1,vemurafenib
Data34_GSM5022596_AAATGCCAGTACGATA.1,1,vemurafenib
Data34_GSM5022596_AAATGCCCAATTCCTT.1,1,vemurafenib
Data34_GSM5022596_AAATGCCCAGATTGCT.1,1,vemurafenib
Data34_GSM5022596_AAATGCCCAGTACACT.1,1,vemurafenib
Data34_GSM5022596_AAATGCCCATACAGCT.1,1,vemurafenib
Data34_GSM5022596_AAATGCCCATGGAATA.1,1,vemurafenib
Data34_GSM5022596_AAATGCCGTGTTCTTT.1,1,vemurafenib
Data34_GSM5022596_AAATGCCGTTGCGTTA.1,1,vemurafenib
Data34_GSM5022596_AAATGCCTCGCGTTTC.1,1,vemurafenib
Data34_GSM5022596_AACACGTAGGGTATCG.1,1,vemurafenib
Data34_GSM5022596_AACACGTAGTACCGGA.1,1,vemurafenib
Data34_GSM5022596_AACACGTAGTATCGAA.1,1,vemurafenib
Data34_GSM5022596_AACACGTCAATCGAAA.1,1,vemurafenib
Data34_GSM5022596_AACACGTCAATTCCTT.1,1,vemurafenib
Data34_GSM5022596_AACACGTCACACCGCA.1,1,vemurafenib
Data34_GSM5022596_AACACGTCAGCGTTCG.1,1,vemurafenib
Data34_GSM5022596_AACACGTGTGCAGTAG.1,1,vemurafenib
Data34_GSM5022596_AACACGTGTTAAGTAG.1,1,vemurafenib
Data34_GSM5022596_AACACGTGTTAGGGTG.1,1,vemurafenib
Data34_GSM5022596_AACACGTGTTCCCGAG.1,1,vemurafenib
Data34_GSM5022596_AACACGTGTTCGTGAT.1,1,vemurafenib
Data34_GSM5022596_AACACGTTCGAGGTAG.1,1,vemurafenib
Data34_GSM5022596_AACACGTTCGCACTCT.1,1,vemurafenib
Data34_GSM5022596_AACACGTTCGCTTGTC.1,1,vemurafenib
Data34_GSM5022596_AACACGTTCGGACAAG.1,1,vemurafenib
Data34_GSM5022596_AACCATGAGAAGGACA.1,1,vemurafenib
Data34_GSM5022596_AACCATGAGATCTGAA.1,1,vemurafenib
Data34_GSM5022596_AACCATGAGATGCGAC.1,1,vemurafenib
Data34_GSM5022596_AACCATGAGCCACCTG.1,1,vemurafenib
Data34_GSM5022596_AACCATGAGCCGCCTA.1,1,vemurafenib
Data34_GSM5022596_AACCATGAGGACGAAA.1,1,vemurafenib
Data34_GSM5022596_AACCATGAGTCTCGGC.1,1,vemurafenib
Data34_GSM5022596_AACCATGAGTTAGGTA.1,1,vemurafenib
Data34_GSM5022596_AACCATGCACACAGAG.1,1,vemurafenib
Data34_GSM5022596_AACCATGGTTATGTGC.1,1,vemurafenib
Data34_GSM5022596_AACCATGTCAAACCAC.1,1,vemurafenib
Data34_GSM5022596_AACCATGTCATCGATG.1,1,vemurafenib
Data34_GSM5022596_AACCATGTCCACTCCA.1,1,vemurafenib
Data34_GSM5022596_AACCATGTCCAGAGGA.1,1,vemurafenib
Data34_GSM5022596_AACCATGTCCTTGGTC.1,1,vemurafenib
Data34_GSM5022596_AACCATGTCTGGAGCC.1,1,vemurafenib
Data34_GSM5022596_AACCGCGAGAAGGCCT.1,1,vemurafenib
Data34_GSM5022596_AACCGCGAGAAGGTGA.1,1,vemurafenib
Data34_GSM5022596_AACCGCGAGGAACTGC.1,1,vemurafenib
Data34_GSM5022596_AACCGCGAGGACGAAA.1,1,vemurafenib
Data34_GSM5022596_AACCGCGAGTGGACGT.1,1,vemurafenib
Data34_GSM5022596_AACCGCGCAGATGGGT.1,1,vemurafenib
Data34_GSM5022596_AACCGCGCAGCTGTGC.1,1,vemurafenib
Data34_GSM5022596_AACCGCGGTCGTCTTC.1,1,vemurafenib
Data34_GSM5022596_AACCGCGGTGATGCCC.1,1,vemurafenib
Data34_GSM5022596_AACCGCGGTTTGACTG.1,1,vemurafenib
Data34_GSM5022596_AACCGCGTCACCAGGC.1,1,vemurafenib
Data34_GSM5022596_AACCGCGTCAGCATGT.1,1,vemurafenib
Data34_GSM5022596_AACCGCGTCCCATTTA.1,1,vemurafenib
Data34_GSM5022596_AACCGCGTCCTCAATT.1,1,vemurafenib
Data34_GSM5022596_AACGTTGAGCTCCTTC.1,1,vemurafenib
Data34_GSM5022596_AACGTTGAGTAGCGGT.1,1,vemurafenib
Data34_GSM5022596_AACGTTGCACACCGAC.1,1,vemurafenib
Data34_GSM5022596_AACGTTGCAGCCTTTC.1,1,vemurafenib
Data34_GSM5022596_AACGTTGGTACCCAAT.1,1,vemurafenib
Data34_GSM5022596_AACGTTGGTAGCGCAA.1,1,vemurafenib
Data34_GSM5022596_AACGTTGGTAGGACAC.1,1,vemurafenib
Data34_GSM5022596_AACGTTGGTCCTCTTG.1,1,vemurafenib
Data34_GSM5022596_AACGTTGGTGCCTGGT.1,1,vemurafenib
Data34_GSM5022596_AACGTTGGTTCAGTAC.1,1,vemurafenib
Data34_GSM5022596_AACGTTGTCAGCTGGC.1,1,vemurafenib
Data34_GSM5022596_AACGTTGTCAGGTAAA.1,1,vemurafenib
Data34_GSM5022596_AACGTTGTCGGCGCTA.1,1,vemurafenib
Data34_GSM5022596_AACGTTGTCTTCAACT.1,1,vemurafenib
Data34_GSM5022596_AACTCAGAGCAATATG.1,1,vemurafenib
Data34_GSM5022596_AACTCAGAGCCACTAT.1,1,vemurafenib
Data34_GSM5022596_AACTCAGAGCCGATTT.1,1,vemurafenib
Data34_GSM5022596_AACTCAGAGGAATCGC.1,1,vemurafenib
Data34_GSM5022596_AACTCAGCAAACCTAC.1,1,vemurafenib
Data34_GSM5022596_AACTCAGCACATCCAA.1,1,vemurafenib
Data34_GSM5022596_AACTCAGCAGCTGTAT.1,1,vemurafenib
Data34_GSM5022596_AACTCAGGTACCGGCT.1,1,vemurafenib
Data34_GSM5022596_AACTCAGGTACGCACC.1,1,vemurafenib
Data34_GSM5022596_AACTCAGGTGGTAACG.1,1,vemurafenib
Data34_GSM5022596_AACTCAGTCAACACCA.1,1,vemurafenib
Data34_GSM5022596_AACTCAGTCACAGGCC.1,1,vemurafenib
Data34_GSM5022596_AACTCAGTCCTAAGTG.1,1,vemurafenib
Data34_GSM5022596_AACTCAGTCTCTGCTG.1,1,vemurafenib
Data34_GSM5022596_AACTCCCAGAACAACT.1,1,vemurafenib
Data34_GSM5022596_AACTCCCAGACTGTAA.1,1,vemurafenib
Data34_GSM5022596_AACTCCCAGAGCTGGT.1,1,vemurafenib
Data34_GSM5022596_AACTCCCCAACTGGCC.1,1,vemurafenib
Data34_GSM5022596_AACTCCCCAATGAAAC.1,1,vemurafenib
Data34_GSM5022596_AACTCCCCACAGGTTT.1,1,vemurafenib
Data34_GSM5022596_AACTCCCCACCCTATC.1,1,vemurafenib
Data34_GSM5022596_AACTCCCCACTAAGTC.1,1,vemurafenib
Data34_GSM5022596_AACTCCCCACTGAAGG.1,1,vemurafenib
Data34_GSM5022596_AACTCCCTCAGGATCT.1,1,vemurafenib
Data34_GSM5022596_AACTCCCTCCACTGGG.1,1,vemurafenib
Data34_GSM5022596_AACTCCCTCTCCCTGA.1,1,vemurafenib
Data34_GSM5022596_AACTCTTAGACATAAC.1,1,vemurafenib
Data34_GSM5022596_AACTCTTAGATGAGAG.1,1,vemurafenib
Data34_GSM5022596_AACTCTTAGGTCATCT.1,1,vemurafenib
Data34_GSM5022596_AACTCTTCAAAGGCGT.1,1,vemurafenib
Data34_GSM5022596_AACTCTTCACTGCCAG.1,1,vemurafenib
Data34_GSM5022596_AACTCTTCAGCAGTTT.1,1,vemurafenib
Data34_GSM5022596_AACTCTTCATTTCAGG.1,1,vemurafenib
Data34_GSM5022596_AACTCTTGTAACGTTC.1,1,vemurafenib
Data34_GSM5022596_AACTCTTGTTACCGAT.1,1,vemurafenib
Data34_GSM5022596_AACTCTTGTTATCACG.1,1,vemurafenib
Data34_GSM5022596_AACTCTTTCAAAGACA.1,1,vemurafenib
Data34_GSM5022596_AACTCTTTCATTTGGG.1,1,vemurafenib
Data34_GSM5022596_AACTCTTTCTACTCAT.1,1,vemurafenib
Data34_GSM5022596_AACTCTTTCTGTCCGT.1,1,vemurafenib
Data34_GSM5022596_AACTCTTTCTTGGGTA.1,1,vemurafenib
Data34_GSM5022596_AACTCTTTCTTTAGGG.1,1,vemurafenib
Data34_GSM5022596_AACTGGTAGATGTGTA.1,1,vemurafenib
Data34_GSM5022596_AACTGGTAGCCTCGTG.1,1,vemurafenib
Data34_GSM5022596_AACTGGTAGGCGTACA.1,1,vemurafenib
Data34_GSM5022596_AACTGGTAGGTACTCT.1,1,vemurafenib
Data34_GSM5022596_AACTGGTCAAGCCATT.1,1,vemurafenib
Data34_GSM5022596_AACTGGTCAATAACGA.1,1,vemurafenib
Data34_GSM5022596_AACTGGTCACCCATGG.1,1,vemurafenib
Data34_GSM5022596_AACTGGTCACGCCAGT.1,1,vemurafenib
Data34_GSM5022596_AACTGGTCATCACCCT.1,1,vemurafenib
Data34_GSM5022596_AACTGGTGTACTCTCC.1,1,vemurafenib
Data34_GSM5022596_AACTGGTGTCAATACC.1,1,vemurafenib
Data34_GSM5022596_AACTGGTGTCACACGC.1,1,vemurafenib
Data34_GSM5022596_AACTGGTGTGTTGAGG.1,1,vemurafenib
Data34_GSM5022596_AACTGGTTCCGCAGTG.1,1,vemurafenib
Data34_GSM5022596_AACTGGTTCGCTAGCG.1,1,vemurafenib
Data34_GSM5022596_AACTTTCAGCATCATC.1,1,vemurafenib
Data34_GSM5022596_AACTTTCAGCTAAACA.1,1,vemurafenib
Data34_GSM5022596_AACTTTCAGGCACATG.1,1,vemurafenib
Data34_GSM5022596_AACTTTCAGGTGCAAC.1,1,vemurafenib
Data34_GSM5022596_AACTTTCAGTACCGGA.1,1,vemurafenib
Data34_GSM5022596_AACTTTCCAGCTGCAC.1,1,vemurafenib
Data34_GSM5022596_AACTTTCCATTTGCTT.1,1,vemurafenib
Data34_GSM5022596_AACTTTCGTGCAACGA.1,1,vemurafenib
Data34_GSM5022596_AACTTTCGTTCACGGC.1,1,vemurafenib
Data34_GSM5022596_AACTTTCGTTTAGGAA.1,1,vemurafenib
Data34_GSM5022596_AAGACCTAGGACGAAA.1,1,vemurafenib
Data34_GSM5022596_AAGACCTAGTGCGTGA.1,1,vemurafenib
Data34_GSM5022596_AAGACCTCACAGCCCA.1,1,vemurafenib
Data34_GSM5022596_AAGACCTCAGAGCCAA.1,1,vemurafenib
Data34_GSM5022596_AAGACCTCAGGCTCAC.1,1,vemurafenib
Data34_GSM5022596_AAGACCTCATGCATGT.1,1,vemurafenib
Data34_GSM5022596_AAGACCTGTCCCGACA.1,1,vemurafenib
Data34_GSM5022596_AAGACCTGTCTCATCC.1,1,vemurafenib
Data34_GSM5022596_AAGACCTGTCTCGTTC.1,1,vemurafenib
Data34_GSM5022596_AAGACCTGTCTTGTCC.1,1,vemurafenib
Data34_GSM5022596_AAGACCTGTGACGCCT.1,1,vemurafenib
Data34_GSM5022596_AAGACCTGTGTGACGA.1,1,vemurafenib
Data34_GSM5022596_AAGACCTGTTACAGAA.1,1,vemurafenib
Data34_GSM5022596_AAGACCTGTTTAGCTG.1,1,vemurafenib
Data34_GSM5022596_AAGACCTTCTAAGCCA.1,1,vemurafenib
Data34_GSM5022596_AAGACCTTCTAGCACA.1,1,vemurafenib
Data34_GSM5022596_AAGACCTTCTCACATT.1,1,vemurafenib
Data34_GSM5022596_AAGACCTTCTCTAGGA.1,1,vemurafenib
Data34_GSM5022596_AAGCCGCAGAAACCTA.1,1,vemurafenib
Data34_GSM5022596_AAGCCGCAGACTAGGC.1,1,vemurafenib
Data34_GSM5022596_AAGCCGCAGCCCAACC.1,1,vemurafenib
Data34_GSM5022596_AAGCCGCAGCCCTAAT.1,1,vemurafenib
Data34_GSM5022596_AAGCCGCAGGCATTGG.1,1,vemurafenib
Data34_GSM5022596_AAGCCGCCAAACCTAC.1,1,vemurafenib
Data34_GSM5022596_AAGCCGCCAATGGTCT.1,1,vemurafenib
Data34_GSM5022596_AAGCCGCCACATGACT.1,1,vemurafenib
Data34_GSM5022596_AAGCCGCCAGCCACCA.1,1,vemurafenib
Data34_GSM5022596_AAGCCGCCAGTTAACC.1,1,vemurafenib
Data34_GSM5022596_AAGCCGCGTCACCTAA.1,1,vemurafenib
Data34_GSM5022596_AAGCCGCGTCAGTGGA.1,1,vemurafenib
Data34_GSM5022596_AAGCCGCGTCGGCATC.1,1,vemurafenib
Data34_GSM5022596_AAGCCGCGTCTTGTCC.1,1,vemurafenib
Data34_GSM5022596_AAGCCGCGTTAGGGTG.1,1,vemurafenib
Data34_GSM5022596_AAGCCGCTCAAGATCC.1,1,vemurafenib
Data34_GSM5022596_AAGCCGCTCGGTGTTA.1,1,vemurafenib
Data34_GSM5022596_AAGCCGCTCTCGCATC.1,1,vemurafenib
Data34_GSM5022596_AAGCCGCTCTTACCGC.1,1,vemurafenib
Data34_GSM5022596_AAGGAGCAGAATGTGT.1,1,vemurafenib
Data34_GSM5022596_AAGGAGCAGACAGACC.1,1,vemurafenib
Data34_GSM5022596_AAGGAGCAGATCCTGT.1,1,vemurafenib
Data34_GSM5022596_AAGGAGCAGCAGGCTA.1,1,vemurafenib
Data34_GSM5022596_AAGGAGCAGGCTCATT.1,1,vemurafenib
Data34_GSM5022596_AAGGAGCAGGTGCTTT.1,1,vemurafenib
Data34_GSM5022596_AAGGAGCAGGTGTTAA.1,1,vemurafenib
Data34_GSM5022596_AAGGAGCCAAAGTCAA.1,1,vemurafenib
Data34_GSM5022596_AAGGAGCCACCTGGTG.1,1,vemurafenib
Data34_GSM5022596_AAGGAGCCAGCCACCA.1,1,vemurafenib
Data34_GSM5022596_AAGGAGCGTCTGCGGT.1,1,vemurafenib
Data34_GSM5022596_AAGGAGCGTTACTGAC.1,1,vemurafenib
Data34_GSM5022596_AAGGAGCTCACGATGT.1,1,vemurafenib
Data34_GSM5022596_AAGGAGCTCTTCAACT.1,1,vemurafenib
Data34_GSM5022596_AAGGCAGAGACTGGGT.1,1,vemurafenib
Data34_GSM5022596_AAGGCAGAGCAGGCTA.1,1,vemurafenib
Data34_GSM5022596_AAGGCAGAGGTCGGAT.1,1,vemurafenib
Data34_GSM5022596_AAGGCAGAGTGTCCCG.1,1,vemurafenib
Data34_GSM5022596_AAGGCAGAGTTGCAGG.1,1,vemurafenib
Data34_GSM5022596_AAGGCAGCAAGCCTAT.1,1,vemurafenib
Data34_GSM5022596_AAGGCAGCACTGTCGG.1,1,vemurafenib
Data34_GSM5022596_AAGGCAGGTCTAGCCG.1,1,vemurafenib
Data34_GSM5022596_AAGGCAGTCACAATGC.1,1,vemurafenib
Data34_GSM5022596_AAGGCAGTCCTAGGGC.1,1,vemurafenib
Data34_GSM5022596_AAGGCAGTCGACAGCC.1,1,vemurafenib
Data34_GSM5022596_AAGGCAGTCTAAGCCA.1,1,vemurafenib
Data34_GSM5022596_AAGGTTCAGAATGTGT.1,1,vemurafenib
Data34_GSM5022596_AAGGTTCAGAGGTTGC.1,1,vemurafenib
Data34_GSM5022596_AAGGTTCAGCGACGTA.1,1,vemurafenib
Data34_GSM5022596_AAGGTTCAGGCCCGTT.1,1,vemurafenib
Data34_GSM5022596_AAGGTTCAGTCGAGTG.1,1,vemurafenib
Data34_GSM5022596_AAGGTTCAGTCGATAA.1,1,vemurafenib
Data34_GSM5022596_AAGGTTCAGTTCGCAT.1,1,vemurafenib
Data34_GSM5022596_AAGGTTCCAAAGGAAG.1,1,vemurafenib
Data34_GSM5022596_AAGGTTCCAAAGGCGT.1,1,vemurafenib
Data34_GSM5022596_AAGGTTCCACCGCTAG.1,1,vemurafenib
Data34_GSM5022596_AAGGTTCCAGAGTGTG.1,1,vemurafenib
Data34_GSM5022596_AAGGTTCGTATTCGTG.1,1,vemurafenib
Data34_GSM5022596_AAGGTTCGTTAAGACA.1,1,vemurafenib
Data34_GSM5022596_AAGGTTCGTTGAACTC.1,1,vemurafenib
Data34_GSM5022596_AAGGTTCGTTTGACAC.1,1,vemurafenib
Data34_GSM5022596_AAGGTTCTCTTTAGTC.1,1,vemurafenib
Data34_GSM5022596_AAGTCTGAGAAGAAGC.1,1,vemurafenib
Data34_GSM5022596_AAGTCTGAGCGTAGTG.1,1,vemurafenib
Data34_GSM5022596_AAGTCTGAGTGTCCAT.1,1,vemurafenib
Data34_GSM5022596_AAGTCTGCACTCTGTC.1,1,vemurafenib
Data34_GSM5022596_AAGTCTGCAGATGGGT.1,1,vemurafenib
Data34_GSM5022596_AAGTCTGCAGATTGCT.1,1,vemurafenib
Data34_GSM5022596_AAGTCTGGTTATGCGT.1,1,vemurafenib
Data34_GSM5022596_AAGTCTGGTTCCACTC.1,1,vemurafenib
Data34_GSM5022596_AAGTCTGGTTCGTCTC.1,1,vemurafenib
Data34_GSM5022596_AAGTCTGGTTCTGGTA.1,1,vemurafenib
Data34_GSM5022596_AAGTCTGTCGACAGCC.1,1,vemurafenib
Data34_GSM5022596_AAGTCTGTCGCTGATA.1,1,vemurafenib
Data34_GSM5022596_AAGTCTGTCTTGAGGT.1,1,vemurafenib
Data34_GSM5022596_AATCCAGAGATGAGAG.1,1,vemurafenib
Data34_GSM5022596_AATCCAGAGTCGAGTG.1,1,vemurafenib
Data34_GSM5022596_AATCCAGCAACACCTA.1,1,vemurafenib
Data34_GSM5022596_AATCCAGCACATCCGG.1,1,vemurafenib
Data34_GSM5022596_AATCCAGCACCACCAG.1,1,vemurafenib
Data34_GSM5022596_AATCCAGCAGCCAATT.1,1,vemurafenib
Data34_GSM5022596_AATCCAGCATGGTTGT.1,1,vemurafenib
Data34_GSM5022596_AATCCAGGTAAGGGCT.1,1,vemurafenib
Data34_GSM5022596_AATCCAGGTCCAGTAT.1,1,vemurafenib
Data34_GSM5022596_AATCCAGGTCGCATAT.1,1,vemurafenib
Data34_GSM5022596_AATCCAGGTGTAACGG.1,1,vemurafenib
Data34_GSM5022596_AATCCAGGTTGTACAC.1,1,vemurafenib
Data34_GSM5022596_AATCCAGGTTGTCGCG.1,1,vemurafenib
Data34_GSM5022596_AATCCAGTCAGAAATG.1,1,vemurafenib
Data34_GSM5022596_AATCCAGTCTCTGAGA.1,1,vemurafenib
Data34_GSM5022596_AATCCAGTCTTGGGTA.1,1,vemurafenib
Data34_GSM5022596_AATCGGTAGACACTAA.1,1,vemurafenib
Data34_GSM5022596_AATCGGTAGAGATGAG.1,1,vemurafenib
Data34_GSM5022596_AATCGGTAGATTACCC.1,1,vemurafenib
Data34_GSM5022596_AATCGGTCAAACCTAC.1,1,vemurafenib
Data34_GSM5022596_AATCGGTCAAGACACG.1,1,vemurafenib
Data34_GSM5022596_AATCGGTCAGCATGAG.1,1,vemurafenib
Data34_GSM5022596_AATCGGTCAGCGTTCG.1,1,vemurafenib
Data34_GSM5022596_AATCGGTCAGGATTGG.1,1,vemurafenib
Data34_GSM5022596_AATCGGTCATCCGGGT.1,1,vemurafenib
Data34_GSM5022596_AATCGGTGTCCAACTA.1,1,vemurafenib
Data34_GSM5022596_AATCGGTGTCGCTTTC.1,1,vemurafenib
Data34_GSM5022596_AATCGGTGTCTCCATC.1,1,vemurafenib
Data34_GSM5022596_AATCGGTGTTTAGGAA.1,1,vemurafenib
Data34_GSM5022596_AATCGGTTCACATACG.1,1,vemurafenib
Data34_GSM5022596_ACACCAAAGAATCTCC.1,1,vemurafenib
Data34_GSM5022596_ACACCAAAGACAAAGG.1,1,vemurafenib
Data34_GSM5022596_ACACCAAAGCCGATTT.1,1,vemurafenib
Data34_GSM5022596_ACACCAAAGTGCGATG.1,1,vemurafenib
Data34_GSM5022596_ACACCAACAGCCTATA.1,1,vemurafenib
Data34_GSM5022596_ACACCAACAGTATAAG.1,1,vemurafenib
Data34_GSM5022596_ACACCAAGTAAGTGGC.1,1,vemurafenib
Data34_GSM5022596_ACACCAAGTCACCTAA.1,1,vemurafenib
Data34_GSM5022596_ACACCAAGTCATCGGC.1,1,vemurafenib
Data34_GSM5022596_ACACCAAGTGATGCCC.1,1,vemurafenib
Data34_GSM5022596_ACACCAAGTGTGCCTG.1,1,vemurafenib
Data34_GSM5022596_ACACCAAGTTGAGGTG.1,1,vemurafenib
Data34_GSM5022596_ACACCAATCAAACCAC.1,1,vemurafenib
Data34_GSM5022596_ACACCAATCAGCTCTC.1,1,vemurafenib
Data34_GSM5022596_ACACCAATCAGTGCAT.1,1,vemurafenib
Data34_GSM5022596_ACACCAATCCAACCAA.1,1,vemurafenib
Data34_GSM5022596_ACACCAATCGAACGGA.1,1,vemurafenib
Data34_GSM5022596_ACACCAATCTATGTGG.1,1,vemurafenib
Data34_GSM5022596_ACACCAATCTCTGTCG.1,1,vemurafenib
Data34_GSM5022596_ACACCCTAGAGACTAT.1,1,vemurafenib
Data34_GSM5022596_ACACCCTAGGTTACCT.1,1,vemurafenib
Data34_GSM5022596_ACACCCTAGTACATGA.1,1,vemurafenib
Data34_GSM5022596_ACACCCTAGTCTCGGC.1,1,vemurafenib
Data34_GSM5022596_ACACCCTCACCCATTC.1,1,vemurafenib
Data34_GSM5022596_ACACCCTCAGACTCGC.1,1,vemurafenib
Data34_GSM5022596_ACACCCTCAGGACGTA.1,1,vemurafenib
Data34_GSM5022596_ACACCCTGTAGGGACT.1,1,vemurafenib
Data34_GSM5022596_ACACCCTTCACAAACC.1,1,vemurafenib
Data34_GSM5022596_ACACCCTTCGAATGCT.1,1,vemurafenib
Data34_GSM5022596_ACACCCTTCGGTCTAA.1,1,vemurafenib
Data34_GSM5022596_ACACCCTTCTTGTACT.1,1,vemurafenib
Data34_GSM5022596_ACACCGGAGAACTCGG.1,1,vemurafenib
Data34_GSM5022596_ACACCGGAGAGACGAA.1,1,vemurafenib
Data34_GSM5022596_ACACCGGAGGACAGCT.1,1,vemurafenib
Data34_GSM5022596_ACACCGGAGGTGATTA.1,1,vemurafenib
Data34_GSM5022596_ACACCGGAGGTGCTAG.1,1,vemurafenib
Data34_GSM5022596_ACACCGGGTACCGGCT.1,1,vemurafenib
Data34_GSM5022596_ACACCGGGTCCGACGT.1,1,vemurafenib
Data34_GSM5022596_ACACCGGGTCTGCAAT.1,1,vemurafenib
Data34_GSM5022596_ACACCGGGTCTTGTCC.1,1,vemurafenib
Data34_GSM5022596_ACACCGGTCGGCGCAT.1,1,vemurafenib
Data34_GSM5022596_ACACCGGTCGTGACAT.1,1,vemurafenib
Data34_GSM5022596_ACACCGGTCTGCAAGT.1,1,vemurafenib
Data34_GSM5022596_ACACTGAAGAGGGCTT.1,1,vemurafenib
Data34_GSM5022596_ACACTGAAGAGTGACC.1,1,vemurafenib
Data34_GSM5022596_ACACTGAAGATCCTGT.1,1,vemurafenib
Data34_GSM5022596_ACACTGAAGCGGATCA.1,1,vemurafenib
Data34_GSM5022596_ACACTGACAACACGCC.1,1,vemurafenib
Data34_GSM5022596_ACACTGACACGGCGTT.1,1,vemurafenib
Data34_GSM5022596_ACACTGATCAACACGT.1,1,vemurafenib
Data34_GSM5022596_ACACTGATCACCAGGC.1,1,vemurafenib
Data34_GSM5022596_ACACTGATCCAGAAGG.1,1,vemurafenib
Data34_GSM5022596_ACAGCCGAGAGCTATA.1,1,vemurafenib
Data34_GSM5022596_ACAGCCGAGCATGGCA.1,1,vemurafenib
Data34_GSM5022596_ACAGCCGAGCTAGGCA.1,1,vemurafenib
Data34_GSM5022596_ACAGCCGAGCTCCTTC.1,1,vemurafenib
Data34_GSM5022596_ACAGCCGAGGATTCGG.1,1,vemurafenib
Data34_GSM5022596_ACAGCCGAGTTTGCGT.1,1,vemurafenib
Data34_GSM5022596_ACAGCCGGTACTTGAC.1,1,vemurafenib
Data34_GSM5022596_ACAGCCGGTCCTCCAT.1,1,vemurafenib
Data34_GSM5022596_ACAGCCGGTCTGCGGT.1,1,vemurafenib
Data34_GSM5022596_ACAGCCGTCAGGCGAA.1,1,vemurafenib
Data34_GSM5022596_ACAGCCGTCCTATTCA.1,1,vemurafenib
Data34_GSM5022596_ACAGCCGTCGCGGATC.1,1,vemurafenib
Data34_GSM5022596_ACAGCCGTCTTCATGT.1,1,vemurafenib
Data34_GSM5022596_ACAGCTACACAGACTT.1,1,vemurafenib
Data34_GSM5022596_ACAGCTACACGTGAGA.1,1,vemurafenib
Data34_GSM5022596_ACAGCTACACTGTTAG.1,1,vemurafenib
Data34_GSM5022596_ACAGCTACAGACGCAA.1,1,vemurafenib
Data34_GSM5022596_ACAGCTACATATGGTC.1,1,vemurafenib
Data34_GSM5022596_ACAGCTAGTCCGACGT.1,1,vemurafenib
Data34_GSM5022596_ACAGCTAGTCGTCTTC.1,1,vemurafenib
Data34_GSM5022596_ACAGCTAGTCTGCGGT.1,1,vemurafenib
Data34_GSM5022596_ACAGCTAGTGTAATGA.1,1,vemurafenib
Data34_GSM5022596_ACAGCTAGTTGTCGCG.1,1,vemurafenib
Data34_GSM5022596_ACAGCTATCACAAACC.1,1,vemurafenib
Data34_GSM5022596_ACAGCTATCCCTAACC.1,1,vemurafenib
Data34_GSM5022596_ACAGCTATCCGCGCAA.1,1,vemurafenib
Data34_GSM5022596_ACAGCTATCCTTCAAT.1,1,vemurafenib
Data34_GSM5022596_ACATACGAGACTCGGA.1,1,vemurafenib
Data34_GSM5022596_ACATACGAGGAGCGTT.1,1,vemurafenib
Data34_GSM5022596_ACATACGAGTTTAGGA.1,1,vemurafenib
Data34_GSM5022596_ACATACGCACCTCGGA.1,1,vemurafenib
Data34_GSM5022596_ACATACGCAGTTCCCT.1,1,vemurafenib
Data34_GSM5022596_ACATACGCATCGTCGG.1,1,vemurafenib
Data34_GSM5022596_ACATACGCATGGTAGG.1,1,vemurafenib
Data34_GSM5022596_ACATACGCATTGTGCA.1,1,vemurafenib
Data34_GSM5022596_ACATACGGTAAATGAC.1,1,vemurafenib
Data34_GSM5022596_ACATACGGTCAGCTAT.1,1,vemurafenib
Data34_GSM5022596_ACATACGGTTAAGATG.1,1,vemurafenib
Data34_GSM5022596_ACATACGGTTTAGGAA.1,1,vemurafenib
Data34_GSM5022596_ACATCAGAGACCCACC.1,1,vemurafenib
Data34_GSM5022596_ACATCAGAGCACCGTC.1,1,vemurafenib
Data34_GSM5022596_ACATCAGAGCCAGTAG.1,1,vemurafenib
Data34_GSM5022596_ACATCAGAGCGCTTAT.1,1,vemurafenib
Data34_GSM5022596_ACATCAGAGCTGTTCA.1,1,vemurafenib
Data34_GSM5022596_ACATCAGAGGCGCTCT.1,1,vemurafenib
Data34_GSM5022596_ACATCAGAGTGAATTG.1,1,vemurafenib
Data34_GSM5022596_ACATCAGCAATAACGA.1,1,vemurafenib
Data34_GSM5022596_ACATCAGCACAACGTT.1,1,vemurafenib
Data34_GSM5022596_ACATCAGCACGGATAG.1,1,vemurafenib
Data34_GSM5022596_ACATCAGCAGCTATTG.1,1,vemurafenib
Data34_GSM5022596_ACATCAGCAGGATCGA.1,1,vemurafenib
Data34_GSM5022596_ACATCAGCATGCGCAC.1,1,vemurafenib
Data34_GSM5022596_ACATCAGGTAACGTTC.1,1,vemurafenib
Data34_GSM5022596_ACATCAGGTATAGGGC.1,1,vemurafenib
Data34_GSM5022596_ACATCAGGTGCATCTA.1,1,vemurafenib
Data34_GSM5022596_ACATCAGTCACTTCAT.1,1,vemurafenib
Data34_GSM5022596_ACATCAGTCTGAGTGT.1,1,vemurafenib
Data34_GSM5022596_ACATGGTAGATAGCAT.1,1,vemurafenib
Data34_GSM5022596_ACATGGTAGGGTTTCT.1,1,vemurafenib
Data34_GSM5022596_ACATGGTAGTCGAGTG.1,1,vemurafenib
Data34_GSM5022596_ACATGGTCAATAGCGG.1,1,vemurafenib
Data34_GSM5022596_ACATGGTCACCTATCC.1,1,vemurafenib
Data34_GSM5022596_ACATGGTGTGATAAAC.1,1,vemurafenib
Data34_GSM5022596_ACATGGTGTTGAACTC.1,1,vemurafenib
Data34_GSM5022596_ACATGGTTCAAAGTAG.1,1,vemurafenib
Data34_GSM5022596_ACATGGTTCCACTCCA.1,1,vemurafenib
Data34_GSM5022596_ACATGGTTCCGCAAGC.1,1,vemurafenib
Data34_GSM5022596_ACCAGTAAGACTAGGC.1,1,vemurafenib
Data34_GSM5022596_ACCAGTAAGGATGGAA.1,1,vemurafenib
Data34_GSM5022596_ACCAGTAAGGCATTGG.1,1,vemurafenib
Data34_GSM5022596_ACCAGTAAGGCCCTCA.1,1,vemurafenib
Data34_GSM5022596_ACCAGTAAGTGGCACA.1,1,vemurafenib
Data34_GSM5022596_ACCAGTACAAAGCGGT.1,1,vemurafenib
Data34_GSM5022596_ACCAGTACACATGACT.1,1,vemurafenib
Data34_GSM5022596_ACCAGTACACCATGTA.1,1,vemurafenib
Data34_GSM5022596_ACCAGTACACCGCTAG.1,1,vemurafenib
Data34_GSM5022596_ACCAGTACACGTCAGC.1,1,vemurafenib
Data34_GSM5022596_ACCAGTAGTCGAAAGC.1,1,vemurafenib
Data34_GSM5022596_ACCAGTAGTCGAATCT.1,1,vemurafenib
Data34_GSM5022596_ACCAGTAGTCGAGTTT.1,1,vemurafenib
Data34_GSM5022596_ACCAGTAGTTGCCTCT.1,1,vemurafenib
Data34_GSM5022596_ACCAGTATCGCAGGCT.1,1,vemurafenib
Data34_GSM5022596_ACCCACTAGCTGCCCA.1,1,vemurafenib
Data34_GSM5022596_ACCCACTAGCTTCGCG.1,1,vemurafenib
Data34_GSM5022596_ACCCACTCAAACTGTC.1,1,vemurafenib
Data34_GSM5022596_ACCCACTCAACGATCT.1,1,vemurafenib
Data34_GSM5022596_ACCCACTCAAGCGTAG.1,1,vemurafenib
Data34_GSM5022596_ACCCACTCAGATAATG.1,1,vemurafenib
Data34_GSM5022596_ACCCACTCATGGGAAC.1,1,vemurafenib
Data34_GSM5022596_ACCCACTGTCCTGCTT.1,1,vemurafenib
Data34_GSM5022596_ACCCACTTCCGCAGTG.1,1,vemurafenib
Data34_GSM5022596_ACCCACTTCGGTCTAA.1,1,vemurafenib
Data34_GSM5022596_ACCCACTTCTAAGCCA.1,1,vemurafenib
Data34_GSM5022596_ACCCACTTCTTGTCAT.1,1,vemurafenib
Data34_GSM5022596_ACCGTAAAGATACACA.1,1,vemurafenib
Data34_GSM5022596_ACCGTAACAATGGAGC.1,1,vemurafenib
Data34_GSM5022596_ACCGTAACACATAACC.1,1,vemurafenib
Data34_GSM5022596_ACCGTAACAGCTCGCA.1,1,vemurafenib
Data34_GSM5022596_ACCGTAAGTAGAAAGG.1,1,vemurafenib
Data34_GSM5022596_ACCGTAAGTCAGATAA.1,1,vemurafenib
Data34_GSM5022596_ACCGTAAGTCCAACTA.1,1,vemurafenib
Data34_GSM5022596_ACCGTAAGTCTCAACA.1,1,vemurafenib
Data34_GSM5022596_ACCGTAATCAAACCGT.1,1,vemurafenib
Data34_GSM5022596_ACCGTAATCAATCTCT.1,1,vemurafenib
Data34_GSM5022596_ACCGTAATCAGGCAAG.1,1,vemurafenib
Data34_GSM5022596_ACCGTAATCCGCGGTA.1,1,vemurafenib
Data34_GSM5022596_ACCGTAATCCTCCTAG.1,1,vemurafenib
Data34_GSM5022596_ACCGTAATCGCCAGCA.1,1,vemurafenib
Data34_GSM5022596_ACCGTAATCGTCTGCT.1,1,vemurafenib
Data34_GSM5022596_ACCGTAATCGTGGACC.1,1,vemurafenib
Data34_GSM5022596_ACCGTAATCTCCGGTT.1,1,vemurafenib
Data34_GSM5022596_ACCTTTAAGATGTGGC.1,1,vemurafenib
Data34_GSM5022596_ACCTTTAAGTACACCT.1,1,vemurafenib
Data34_GSM5022596_ACCTTTACACCAGGTC.1,1,vemurafenib
Data34_GSM5022596_ACCTTTACACCTGGTG.1,1,vemurafenib
Data34_GSM5022596_ACCTTTACACTTAAGC.1,1,vemurafenib
Data34_GSM5022596_ACCTTTACATCGGAAG.1,1,vemurafenib
Data34_GSM5022596_ACCTTTAGTGTAAGTA.1,1,vemurafenib
Data34_GSM5022596_ACCTTTATCCTAGTGA.1,1,vemurafenib
Data34_GSM5022596_ACCTTTATCGGGAGTA.1,1,vemurafenib
Data34_GSM5022596_ACGAGCCAGCAATCTC.1,1,vemurafenib
Data34_GSM5022596_ACGAGCCAGTTGTAGA.1,1,vemurafenib
Data34_GSM5022596_ACGAGCCCAATTCCTT.1,1,vemurafenib
Data34_GSM5022596_ACGAGCCCAGCCTGTG.1,1,vemurafenib
Data34_GSM5022596_ACGAGCCCAGGCGATA.1,1,vemurafenib
Data34_GSM5022596_ACGAGCCCAGTAACGG.1,1,vemurafenib
Data34_GSM5022596_ACGAGCCGTAGCTGCC.1,1,vemurafenib
Data34_GSM5022596_ACGAGCCTCTAAGCCA.1,1,vemurafenib
Data34_GSM5022596_ACGAGGAAGAAACGAG.1,1,vemurafenib
Data34_GSM5022596_ACGAGGAAGTACGACG.1,1,vemurafenib
Data34_GSM5022596_ACGAGGACAAGAGGCT.1,1,vemurafenib
Data34_GSM5022596_ACGAGGACAAGCGATG.1,1,vemurafenib
Data34_GSM5022596_ACGAGGACATTTCACT.1,1,vemurafenib
Data34_GSM5022596_ACGAGGAGTCCATGAT.1,1,vemurafenib
Data34_GSM5022596_ACGAGGAGTTAGAACA.1,1,vemurafenib
Data34_GSM5022596_ACGAGGAGTTCCCTTG.1,1,vemurafenib
Data34_GSM5022596_ACGAGGAGTTTAAGCC.1,1,vemurafenib
Data34_GSM5022596_ACGAGGATCAACACCA.1,1,vemurafenib
Data34_GSM5022596_ACGAGGATCCAGATCA.1,1,vemurafenib
Data34_GSM5022596_ACGAGGATCCGAGCCA.1,1,vemurafenib
Data34_GSM5022596_ACGAGGATCCTCTAGC.1,1,vemurafenib
Data34_GSM5022596_ACGAGGATCGCGATCG.1,1,vemurafenib
Data34_GSM5022596_ACGAGGATCTTTAGTC.1,1,vemurafenib
Data34_GSM5022596_ACGATACCACACCGAC.1,1,vemurafenib
Data34_GSM5022596_ACGATACCAGACGCAA.1,1,vemurafenib
Data34_GSM5022596_ACGATACGTATATCCG.1,1,vemurafenib
Data34_GSM5022596_ACGATACGTCATCCCT.1,1,vemurafenib
Data34_GSM5022596_ACGATACGTCTGATCA.1,1,vemurafenib
Data34_GSM5022596_ACGATACGTGAAATCA.1,1,vemurafenib
Data34_GSM5022596_ACGATACGTTATCCGA.1,1,vemurafenib
Data34_GSM5022596_ACGATACGTTTGGCGC.1,1,vemurafenib
Data34_GSM5022596_ACGATACTCATCTGCC.1,1,vemurafenib
Data34_GSM5022596_ACGATACTCGGTGTTA.1,1,vemurafenib
Data34_GSM5022596_ACGATACTCTCGAGTA.1,1,vemurafenib
Data34_GSM5022596_ACGATGTAGCGTCTAT.1,1,vemurafenib
Data34_GSM5022596_ACGATGTAGGGAGTAA.1,1,vemurafenib
Data34_GSM5022596_ACGATGTCACATCTTT.1,1,vemurafenib
Data34_GSM5022596_ACGATGTCACCACGTG.1,1,vemurafenib
Data34_GSM5022596_ACGATGTCAGTCCTTC.1,1,vemurafenib
Data34_GSM5022596_ACGATGTGTGCACTTA.1,1,vemurafenib
Data34_GSM5022596_ACGATGTGTTGGTGGA.1,1,vemurafenib
Data34_GSM5022596_ACGATGTTCAGCGATT.1,1,vemurafenib
Data34_GSM5022596_ACGATGTTCCTGCTTG.1,1,vemurafenib
Data34_GSM5022596_ACGCAGCAGAAACGCC.1,1,vemurafenib
Data34_GSM5022596_ACGCAGCAGCAATATG.1,1,vemurafenib
Data34_GSM5022596_ACGCAGCAGCCGGTAA.1,1,vemurafenib
Data34_GSM5022596_ACGCAGCAGCTTATCG.1,1,vemurafenib
Data34_GSM5022596_ACGCAGCCAAAGAATC.1,1,vemurafenib
Data34_GSM5022596_ACGCAGCCAACGATCT.1,1,vemurafenib
Data34_GSM5022596_ACGCAGCCAAGTCATC.1,1,vemurafenib
Data34_GSM5022596_ACGCAGCGTTCGCGAC.1,1,vemurafenib
Data34_GSM5022596_ACGCAGCTCCACGAAT.1,1,vemurafenib
Data34_GSM5022596_ACGCAGCTCCGCGCAA.1,1,vemurafenib
Data34_GSM5022596_ACGCCAGAGATCACGG.1,1,vemurafenib
Data34_GSM5022596_ACGCCAGAGCCATCGC.1,1,vemurafenib
Data34_GSM5022596_ACGCCAGAGCCCGAAA.1,1,vemurafenib
Data34_GSM5022596_ACGCCAGAGTCATCCA.1,1,vemurafenib
Data34_GSM5022596_ACGCCAGCAGTAACGG.1,1,vemurafenib
Data34_GSM5022596_ACGCCAGCATCGATGT.1,1,vemurafenib
Data34_GSM5022596_ACGCCAGGTATAGTAG.1,1,vemurafenib
Data34_GSM5022596_ACGCCAGGTATGCTTG.1,1,vemurafenib
Data34_GSM5022596_ACGCCAGGTGAAATCA.1,1,vemurafenib
Data34_GSM5022596_ACGCCAGGTGAACCTT.1,1,vemurafenib
Data34_GSM5022596_ACGCCAGGTTCGTGAT.1,1,vemurafenib
Data34_GSM5022596_ACGCCAGGTTCGTTGA.1,1,vemurafenib
Data34_GSM5022596_ACGCCAGGTTTGTTTC.1,1,vemurafenib
Data34_GSM5022596_ACGCCAGTCACGCATA.1,1,vemurafenib
Data34_GSM5022596_ACGCCAGTCCTTGACC.1,1,vemurafenib
Data34_GSM5022596_ACGCCAGTCCTTGGTC.1,1,vemurafenib
Data34_GSM5022596_ACGCCAGTCGCTTAGA.1,1,vemurafenib
Data34_GSM5022596_ACGCCGAAGCCGTCGT.1,1,vemurafenib
Data34_GSM5022596_ACGCCGAAGGCTAGGT.1,1,vemurafenib
Data34_GSM5022596_ACGCCGAAGTAGTGCG.1,1,vemurafenib
Data34_GSM5022596_ACGCCGACAATAAGCA.1,1,vemurafenib
Data34_GSM5022596_ACGCCGAGTAAGTGGC.1,1,vemurafenib
Data34_GSM5022596_ACGCCGAGTGATGCCC.1,1,vemurafenib
Data34_GSM5022596_ACGCCGAGTGCGAAAC.1,1,vemurafenib
Data34_GSM5022596_ACGCCGAGTTGATTGC.1,1,vemurafenib
Data34_GSM5022596_ACGCCGATCAGCCTAA.1,1,vemurafenib
Data34_GSM5022596_ACGCCGATCGTTTGCC.1,1,vemurafenib
Data34_GSM5022596_ACGCCGATCTTGTATC.1,1,vemurafenib
Data34_GSM5022596_ACGCCGATCTTGTTTG.1,1,vemurafenib
Data34_GSM5022596_ACGGAGAAGCTAGGCA.1,1,vemurafenib
Data34_GSM5022596_ACGGAGAAGCTGGAAC.1,1,vemurafenib
Data34_GSM5022596_ACGGAGAAGGCTAGGT.1,1,vemurafenib
Data34_GSM5022596_ACGGAGAAGGGATCTG.1,1,vemurafenib
Data34_GSM5022596_ACGGAGAAGGTAGCCA.1,1,vemurafenib
Data34_GSM5022596_ACGGAGAAGTAGTGCG.1,1,vemurafenib
Data34_GSM5022596_ACGGAGAAGTCGCCGT.1,1,vemurafenib
Data34_GSM5022596_ACGGAGACACATAACC.1,1,vemurafenib
Data34_GSM5022596_ACGGAGACACTGAAGG.1,1,vemurafenib
Data34_GSM5022596_ACGGAGAGTATCTGCA.1,1,vemurafenib
Data34_GSM5022596_ACGGAGAGTTCCAACA.1,1,vemurafenib
Data34_GSM5022596_ACGGAGAGTTGCTCCT.1,1,vemurafenib
Data34_GSM5022596_ACGGAGAGTTGGACCC.1,1,vemurafenib
Data34_GSM5022596_ACGGAGAGTTGGTGGA.1,1,vemurafenib
Data34_GSM5022596_ACGGAGATCAGCAACT.1,1,vemurafenib
Data34_GSM5022596_ACGGAGATCGTACCGG.1,1,vemurafenib
Data34_GSM5022596_ACGGAGATCTTTACAC.1,1,vemurafenib
Data34_GSM5022596_ACGGCCACAACTGCTA.1,1,vemurafenib
Data34_GSM5022596_ACGGCCACAAGGTTTC.1,1,vemurafenib
Data34_GSM5022596_ACGGCCACAGTACACT.1,1,vemurafenib
Data34_GSM5022596_ACGGCCACATTGAGCT.1,1,vemurafenib
Data34_GSM5022596_ACGGCCAGTAGCCTAT.1,1,vemurafenib
Data34_GSM5022596_ACGGCCAGTATCGCAT.1,1,vemurafenib
Data34_GSM5022596_ACGGCCAGTCCGTTAA.1,1,vemurafenib
Data34_GSM5022596_ACGGCCATCTAACTCT.1,1,vemurafenib
Data34_GSM5022596_ACGGCCATCTACCTGC.1,1,vemurafenib
Data34_GSM5022596_ACGGCCATCTTGACGA.1,1,vemurafenib
Data34_GSM5022596_ACGGGCTAGGATGGTC.1,1,vemurafenib
Data34_GSM5022596_ACGGGCTCAGGACCCT.1,1,vemurafenib
Data34_GSM5022596_ACGGGCTCATAGTAAG.1,1,vemurafenib
Data34_GSM5022596_ACGGGCTGTAAGTTCC.1,1,vemurafenib
Data34_GSM5022596_ACGGGCTGTTTGCATG.1,1,vemurafenib
Data34_GSM5022596_ACGGGCTTCAAACCAC.1,1,vemurafenib
Data34_GSM5022596_ACGGGCTTCAGTGCAT.1,1,vemurafenib
Data34_GSM5022596_ACGGGCTTCCTGTAGA.1,1,vemurafenib
Data34_GSM5022596_ACGGGTCAGCCATCGC.1,1,vemurafenib
Data34_GSM5022596_ACGGGTCCAACGATGG.1,1,vemurafenib
Data34_GSM5022596_ACGGGTCCAATGCCAT.1,1,vemurafenib
Data34_GSM5022596_ACGGGTCCAATGTAAG.1,1,vemurafenib
Data34_GSM5022596_ACGGGTCCAGAGCCAA.1,1,vemurafenib
Data34_GSM5022596_ACGGGTCCAGGCTCAC.1,1,vemurafenib
Data34_GSM5022596_ACGGGTCCAGGTCGTC.1,1,vemurafenib
Data34_GSM5022596_ACGGGTCCATAACCTG.1,1,vemurafenib
Data34_GSM5022596_ACGGGTCCATCACGAT.1,1,vemurafenib
Data34_GSM5022596_ACGGGTCGTACCGTTA.1,1,vemurafenib
Data34_GSM5022596_ACGGGTCGTAGCAAAT.1,1,vemurafenib
Data34_GSM5022596_ACGGGTCGTCCAACTA.1,1,vemurafenib
Data34_GSM5022596_ACGGGTCGTCTAACGT.1,1,vemurafenib
Data34_GSM5022596_ACGGGTCGTTTGTTTC.1,1,vemurafenib
Data34_GSM5022596_ACGGGTCTCAAGGTAA.1,1,vemurafenib
Data34_GSM5022596_ACGGGTCTCAGCAACT.1,1,vemurafenib
Data34_GSM5022596_ACGGGTCTCGCACTCT.1,1,vemurafenib
Data34_GSM5022596_ACGGGTCTCGCGATCG.1,1,vemurafenib
Data34_GSM5022596_ACGGGTCTCTGCGACG.1,1,vemurafenib
Data34_GSM5022596_ACGGGTCTCTTGCCGT.1,1,vemurafenib
Data34_GSM5022596_ACGTCAAAGAGACTTA.1,1,vemurafenib
Data34_GSM5022596_ACGTCAAAGGTGGGTT.1,1,vemurafenib
Data34_GSM5022596_ACGTCAACAGCTGTTA.1,1,vemurafenib
Data34_GSM5022596_ACGTCAACAGGCGATA.1,1,vemurafenib
Data34_GSM5022596_ACGTCAACAGGCTGAA.1,1,vemurafenib
Data34_GSM5022596_ACGTCAACATTTCACT.1,1,vemurafenib
Data34_GSM5022596_ACGTCAAGTAAGGATT.1,1,vemurafenib
Data34_GSM5022596_ACGTCAAGTAAGTGGC.1,1,vemurafenib
Data34_GSM5022596_ACGTCAAGTCGGCATC.1,1,vemurafenib
Data34_GSM5022596_ACGTCAAGTTCATGGT.1,1,vemurafenib
Data34_GSM5022596_ACGTCAATCCATGAGT.1,1,vemurafenib
Data34_GSM5022596_ACGTCAATCTGCGACG.1,1,vemurafenib
Data34_GSM5022596_ACGTCAATCTTGCATT.1,1,vemurafenib
Data34_GSM5022596_ACTATCTAGAGTCTGG.1,1,vemurafenib
Data34_GSM5022596_ACTATCTAGATCCCGC.1,1,vemurafenib
Data34_GSM5022596_ACTATCTAGCACGCCT.1,1,vemurafenib
Data34_GSM5022596_ACTATCTAGCCAGTTT.1,1,vemurafenib
Data34_GSM5022596_ACTATCTAGCCATCGC.1,1,vemurafenib
Data34_GSM5022596_ACTATCTAGGTTACCT.1,1,vemurafenib
Data34_GSM5022596_ACTATCTAGTGTTGAA.1,1,vemurafenib
Data34_GSM5022596_ACTATCTAGTTATCGC.1,1,vemurafenib
Data34_GSM5022596_ACTATCTCAAACCCAT.1,1,vemurafenib
Data34_GSM5022596_ACTATCTCACCGGAAA.1,1,vemurafenib
Data34_GSM5022596_ACTATCTCAGCTTAAC.1,1,vemurafenib
Data34_GSM5022596_ACTATCTCATACCATG.1,1,vemurafenib
Data34_GSM5022596_ACTATCTCATGCAATC.1,1,vemurafenib
Data34_GSM5022596_ACTATCTGTACACCGC.1,1,vemurafenib
Data34_GSM5022596_ACTATCTTCATCATTC.1,1,vemurafenib
Data34_GSM5022596_ACTATCTTCTCCAACC.1,1,vemurafenib
Data34_GSM5022596_ACTGAACAGGAGCGAG.1,1,vemurafenib
Data34_GSM5022596_ACTGAACAGTACGTTC.1,1,vemurafenib
Data34_GSM5022596_ACTGAACCAGACGCCT.1,1,vemurafenib
Data34_GSM5022596_ACTGAACCAGAGCCAA.1,1,vemurafenib
Data34_GSM5022596_ACTGAACGTGGACGAT.1,1,vemurafenib
Data34_GSM5022596_ACTGAACGTTCCTCCA.1,1,vemurafenib
Data34_GSM5022596_ACTGAACTCAGCGATT.1,1,vemurafenib
Data34_GSM5022596_ACTGAACTCCTTGCCA.1,1,vemurafenib
Data34_GSM5022596_ACTGAACTCGTAGATC.1,1,vemurafenib
Data34_GSM5022596_ACTGAACTCGTGACAT.1,1,vemurafenib
Data34_GSM5022596_ACTGAGTAGCCACCTG.1,1,vemurafenib
Data34_GSM5022596_ACTGAGTCAAGTCTAC.1,1,vemurafenib
Data34_GSM5022596_ACTGAGTCACACCGCA.1,1,vemurafenib
Data34_GSM5022596_ACTGAGTCAGCTCCGA.1,1,vemurafenib
Data34_GSM5022596_ACTGAGTTCCGTAGGC.1,1,vemurafenib
Data34_GSM5022596_ACTGAGTTCGCGTTTC.1,1,vemurafenib
Data34_GSM5022596_ACTGATGAGGTAGCTG.1,1,vemurafenib
Data34_GSM5022596_ACTGATGCAAGTACCT.1,1,vemurafenib
Data34_GSM5022596_ACTGATGCAAGTCATC.1,1,vemurafenib
Data34_GSM5022596_ACTGATGCACAAGACG.1,1,vemurafenib
Data34_GSM5022596_ACTGATGCACCCTATC.1,1,vemurafenib
Data34_GSM5022596_ACTGATGCATCACCCT.1,1,vemurafenib
Data34_GSM5022596_ACTGATGGTTAGTGGG.1,1,vemurafenib
Data34_GSM5022596_ACTGATGTCACAAACC.1,1,vemurafenib
Data34_GSM5022596_ACTGATGTCCACGCAG.1,1,vemurafenib
Data34_GSM5022596_ACTGATGTCCAGTAGT.1,1,vemurafenib
Data34_GSM5022596_ACTGATGTCCTTTCGG.1,1,vemurafenib
Data34_GSM5022596_ACTGCTCAGACAAAGG.1,1,vemurafenib
Data34_GSM5022596_ACTGCTCAGACCTTTG.1,1,vemurafenib
Data34_GSM5022596_ACTGCTCAGATGCCAG.1,1,vemurafenib
Data34_GSM5022596_ACTGCTCAGCAGCCTC.1,1,vemurafenib
Data34_GSM5022596_ACTGCTCAGTATCTCG.1,1,vemurafenib
Data34_GSM5022596_ACTGCTCAGTTAGGTA.1,1,vemurafenib
Data34_GSM5022596_ACTGCTCCACCTCGTT.1,1,vemurafenib
Data34_GSM5022596_ACTGCTCCATCCCACT.1,1,vemurafenib
Data34_GSM5022596_ACTGCTCGTAAATGAC.1,1,vemurafenib
Data34_GSM5022596_ACTGCTCGTCATGCAT.1,1,vemurafenib
Data34_GSM5022596_ACTGCTCGTCTCTCTG.1,1,vemurafenib
Data34_GSM5022596_ACTGCTCGTTAAAGAC.1,1,vemurafenib
Data34_GSM5022596_ACTGCTCGTTATGTGC.1,1,vemurafenib
Data34_GSM5022596_ACTGCTCTCAATACCG.1,1,vemurafenib
Data34_GSM5022596_ACTGCTCTCACATGCA.1,1,vemurafenib
Data34_GSM5022596_ACTGCTCTCGGCCGAT.1,1,vemurafenib
Data34_GSM5022596_ACTGCTCTCGGTGTCG.1,1,vemurafenib
Data34_GSM5022596_ACTGCTCTCTATGTGG.1,1,vemurafenib
Data34_GSM5022596_ACTGTCCAGATATGGT.1,1,vemurafenib
Data34_GSM5022596_ACTGTCCAGCACAGGT.1,1,vemurafenib
Data34_GSM5022596_ACTGTCCAGCCTATGT.1,1,vemurafenib
Data34_GSM5022596_ACTGTCCAGGCAGGTT.1,1,vemurafenib
Data34_GSM5022596_ACTGTCCAGGGTCTCC.1,1,vemurafenib
Data34_GSM5022596_ACTGTCCCACAACTGT.1,1,vemurafenib
Data34_GSM5022596_ACTGTCCCACATTAGC.1,1,vemurafenib
Data34_GSM5022596_ACTGTCCCAGGCTGAA.1,1,vemurafenib
Data34_GSM5022596_ACTGTCCGTAAACCTC.1,1,vemurafenib
Data34_GSM5022596_ACTGTCCGTAATTGGA.1,1,vemurafenib
Data34_GSM5022596_ACTGTCCGTGCCTGCA.1,1,vemurafenib
Data34_GSM5022596_ACTGTCCGTGTTCGAT.1,1,vemurafenib
Data34_GSM5022596_ACTGTCCTCACGCATA.1,1,vemurafenib
Data34_GSM5022596_ACTGTCCTCGACGGAA.1,1,vemurafenib
Data34_GSM5022596_ACTGTCCTCGGAATCT.1,1,vemurafenib
Data34_GSM5022596_ACTGTCCTCTGCAAGT.1,1,vemurafenib
Data34_GSM5022596_ACTGTCCTCTGGTATG.1,1,vemurafenib
Data34_GSM5022596_ACTGTCCTCTTCATGT.1,1,vemurafenib
Data34_GSM5022596_ACTTACTAGCCAACAG.1,1,vemurafenib
Data34_GSM5022596_ACTTACTAGGATGGTC.1,1,vemurafenib
Data34_GSM5022596_ACTTACTAGTCTTGCA.1,1,vemurafenib
Data34_GSM5022596_ACTTACTAGTGTACTC.1,1,vemurafenib
Data34_GSM5022596_ACTTACTCAATAGAGT.1,1,vemurafenib
Data34_GSM5022596_ACTTACTCACGAAACG.1,1,vemurafenib
Data34_GSM5022596_ACTTACTCATCGTCGG.1,1,vemurafenib
Data34_GSM5022596_ACTTACTCATTGGCGC.1,1,vemurafenib
Data34_GSM5022596_ACTTACTGTAACGACG.1,1,vemurafenib
Data34_GSM5022596_ACTTACTGTCTTCGTC.1,1,vemurafenib
Data34_GSM5022596_ACTTACTTCCAGAAGG.1,1,vemurafenib
Data34_GSM5022596_ACTTACTTCGGTCTAA.1,1,vemurafenib
Data34_GSM5022596_ACTTGTTAGGTAAACT.1,1,vemurafenib
Data34_GSM5022596_ACTTGTTAGTGTGAAT.1,1,vemurafenib
Data34_GSM5022596_ACTTGTTCAAGTCTAC.1,1,vemurafenib
Data34_GSM5022596_ACTTGTTCACACGCTG.1,1,vemurafenib
Data34_GSM5022596_ACTTGTTCACGAAACG.1,1,vemurafenib
Data34_GSM5022596_ACTTGTTCAGTATAAG.1,1,vemurafenib
Data34_GSM5022596_ACTTGTTCATCGGAAG.1,1,vemurafenib
Data34_GSM5022596_ACTTGTTGTAATAGCA.1,1,vemurafenib
Data34_GSM5022596_ACTTGTTGTATCGCAT.1,1,vemurafenib
Data34_GSM5022596_ACTTGTTGTCGACTAT.1,1,vemurafenib
Data34_GSM5022596_ACTTGTTGTCTCTCGT.1,1,vemurafenib
Data34_GSM5022596_ACTTGTTGTTAAGATG.1,1,vemurafenib
Data34_GSM5022596_ACTTGTTGTTAGAACA.1,1,vemurafenib
Data34_GSM5022596_ACTTGTTGTTAGATGA.1,1,vemurafenib
Data34_GSM5022596_ACTTGTTGTTATGCGT.1,1,vemurafenib
Data34_GSM5022596_ACTTGTTTCACGACTA.1,1,vemurafenib
Data34_GSM5022596_ACTTGTTTCAGCCTAA.1,1,vemurafenib
Data34_GSM5022596_ACTTGTTTCATCGGAT.1,1,vemurafenib
Data34_GSM5022596_ACTTGTTTCTCCTATA.1,1,vemurafenib
Data34_GSM5022596_ACTTTCAAGAATGTGT.1,1,vemurafenib
Data34_GSM5022596_ACTTTCAAGATCCCGC.1,1,vemurafenib
Data34_GSM5022596_ACTTTCAAGCCGATTT.1,1,vemurafenib
Data34_GSM5022596_ACTTTCAAGTGTCCAT.1,1,vemurafenib
Data34_GSM5022596_ACTTTCACACCACGTG.1,1,vemurafenib
Data34_GSM5022596_ACTTTCACACCGCTAG.1,1,vemurafenib
Data34_GSM5022596_ACTTTCACAGACAAGC.1,1,vemurafenib
Data34_GSM5022596_ACTTTCACAGATAATG.1,1,vemurafenib
Data34_GSM5022596_ACTTTCAGTAAAGTCA.1,1,vemurafenib
Data34_GSM5022596_ACTTTCAGTGTAAGTA.1,1,vemurafenib
Data34_GSM5022596_ACTTTCAGTTGGTGGA.1,1,vemurafenib
Data34_GSM5022596_ACTTTCATCCGATATG.1,1,vemurafenib
Data34_GSM5022596_ACTTTCATCCTCGCAT.1,1,vemurafenib
Data34_GSM5022596_ACTTTCATCGAACGGA.1,1,vemurafenib
Data34_GSM5022596_ACTTTCATCGCTTGTC.1,1,vemurafenib
Data34_GSM5022596_ACTTTCATCTTGGGTA.1,1,vemurafenib
Data34_GSM5022596_AGAATAGAGGCCGAAT.1,1,vemurafenib
Data34_GSM5022596_AGAATAGAGTGACATA.1,1,vemurafenib
Data34_GSM5022596_AGAATAGCAGGGTATG.1,1,vemurafenib
Data34_GSM5022596_AGAATAGGTAAATACG.1,1,vemurafenib
Data34_GSM5022596_AGAATAGGTATAAACG.1,1,vemurafenib
Data34_GSM5022596_AGAATAGGTATTACCG.1,1,vemurafenib
Data34_GSM5022596_AGAATAGGTGCACCAC.1,1,vemurafenib
Data34_GSM5022596_AGAATAGGTGGGTCAA.1,1,vemurafenib
Data34_GSM5022596_AGAATAGTCCTTCAAT.1,1,vemurafenib
Data34_GSM5022596_AGAATAGTCGGTTAAC.1,1,vemurafenib
Data34_GSM5022596_AGAATAGTCTCGATGA.1,1,vemurafenib
Data34_GSM5022596_AGACGTTAGACTTTCG.1,1,vemurafenib
Data34_GSM5022596_AGACGTTAGCTCCCAG.1,1,vemurafenib
Data34_GSM5022596_AGACGTTAGCTTTGGT.1,1,vemurafenib
Data34_GSM5022596_AGACGTTAGGCCCTCA.1,1,vemurafenib
Data34_GSM5022596_AGACGTTAGTATTGGA.1,1,vemurafenib
Data34_GSM5022596_AGACGTTAGTCCCACG.1,1,vemurafenib
Data34_GSM5022596_AGACGTTAGTGAAGAG.1,1,vemurafenib
Data34_GSM5022596_AGACGTTAGTGGCACA.1,1,vemurafenib
Data34_GSM5022596_AGACGTTCACGCCAGT.1,1,vemurafenib
Data34_GSM5022596_AGACGTTCATAGAAAC.1,1,vemurafenib
Data34_GSM5022596_AGACGTTGTAAATACG.1,1,vemurafenib
Data34_GSM5022596_AGACGTTGTAATTGGA.1,1,vemurafenib
Data34_GSM5022596_AGACGTTGTCGAACAG.1,1,vemurafenib
Data34_GSM5022596_AGACGTTGTTCGTTGA.1,1,vemurafenib
Data34_GSM5022596_AGACGTTTCATCACCC.1,1,vemurafenib
Data34_GSM5022596_AGAGCGAAGATGTGGC.1,1,vemurafenib
Data34_GSM5022596_AGAGCGAAGCAGCGTA.1,1,vemurafenib
Data34_GSM5022596_AGAGCGAAGCCACCTG.1,1,vemurafenib
Data34_GSM5022596_AGAGCGAAGTCATCCA.1,1,vemurafenib
Data34_GSM5022596_AGAGCGAAGTGACATA.1,1,vemurafenib
Data34_GSM5022596_AGAGCGACAAACCCAT.1,1,vemurafenib
Data34_GSM5022596_AGAGCGACAGTGGAGT.1,1,vemurafenib
Data34_GSM5022596_AGAGCGACATCCGTGG.1,1,vemurafenib
Data34_GSM5022596_AGAGCGAGTCAGGACA.1,1,vemurafenib
Data34_GSM5022596_AGAGCGAGTTTGACTG.1,1,vemurafenib
Data34_GSM5022596_AGAGCGATCAGCTCGG.1,1,vemurafenib
Data34_GSM5022596_AGAGCGATCATTGCGA.1,1,vemurafenib
Data34_GSM5022596_AGAGCGATCCCTCTTT.1,1,vemurafenib
Data34_GSM5022596_AGAGCGATCTTGGGTA.1,1,vemurafenib
Data34_GSM5022596_AGAGCTTAGACACTAA.1,1,vemurafenib
Data34_GSM5022596_AGAGCTTAGCTAACAA.1,1,vemurafenib
Data34_GSM5022596_AGAGCTTAGGATCGCA.1,1,vemurafenib
Data34_GSM5022596_AGAGCTTAGGATGCGT.1,1,vemurafenib
Data34_GSM5022596_AGAGCTTAGGCCCTCA.1,1,vemurafenib
Data34_GSM5022596_AGAGCTTAGTGGCACA.1,1,vemurafenib
Data34_GSM5022596_AGAGCTTAGTTCGCGC.1,1,vemurafenib
Data34_GSM5022596_AGAGCTTGTAAGAGAG.1,1,vemurafenib
Data34_GSM5022596_AGAGCTTGTACGAAAT.1,1,vemurafenib
Data34_GSM5022596_AGAGCTTGTCTTGATG.1,1,vemurafenib
Data34_GSM5022596_AGAGCTTGTTCACCTC.1,1,vemurafenib
Data34_GSM5022596_AGAGCTTTCAACTCTT.1,1,vemurafenib
Data34_GSM5022596_AGAGCTTTCTCTTATG.1,1,vemurafenib
Data34_GSM5022596_AGAGTGGAGGTTCCTA.1,1,vemurafenib
Data34_GSM5022596_AGAGTGGCACCGGAAA.1,1,vemurafenib
Data34_GSM5022596_AGAGTGGGTACGCTGC.1,1,vemurafenib
Data34_GSM5022596_AGAGTGGGTCTCTCTG.1,1,vemurafenib
Data34_GSM5022596_AGAGTGGTCAGCTCTC.1,1,vemurafenib
Data34_GSM5022596_AGAGTGGTCATGCAAC.1,1,vemurafenib
Data34_GSM5022596_AGAGTGGTCGCCAAAT.1,1,vemurafenib
Data34_GSM5022596_AGAGTGGTCGTTACAG.1,1,vemurafenib
Data34_GSM5022596_AGAGTGGTCTCTGTCG.1,1,vemurafenib
Data34_GSM5022596_AGAGTGGTCTTCGAGA.1,1,vemurafenib
Data34_GSM5022596_AGATCTGAGAATTGTG.1,1,vemurafenib
Data34_GSM5022596_AGATCTGAGACTAGAT.1,1,vemurafenib
Data34_GSM5022596_AGATCTGAGGTGCTAG.1,1,vemurafenib
Data34_GSM5022596_AGATCTGAGTACGATA.1,1,vemurafenib
Data34_GSM5022596_AGATCTGAGTTTGCGT.1,1,vemurafenib
Data34_GSM5022596_AGATCTGCAATCCGAT.1,1,vemurafenib
Data34_GSM5022596_AGATCTGCACACTGCG.1,1,vemurafenib
Data34_GSM5022596_AGATCTGCAGTGGGAT.1,1,vemurafenib
Data34_GSM5022596_AGATCTGGTAAATGAC.1,1,vemurafenib
Data34_GSM5022596_AGATCTGGTATGCTTG.1,1,vemurafenib
Data34_GSM5022596_AGATCTGGTCGACTAT.1,1,vemurafenib
Data34_GSM5022596_AGATCTGGTGATGTCT.1,1,vemurafenib
Data34_GSM5022596_AGATCTGGTGCAACGA.1,1,vemurafenib
Data34_GSM5022596_AGATCTGGTGCATCTA.1,1,vemurafenib
Data34_GSM5022596_AGATCTGGTGCCTGGT.1,1,vemurafenib
Data34_GSM5022596_AGATCTGGTTCACGGC.1,1,vemurafenib
Data34_GSM5022596_AGATCTGTCATGCTCC.1,1,vemurafenib
Data34_GSM5022596_AGATCTGTCTTTACGT.1,1,vemurafenib
Data34_GSM5022596_AGATTGCAGGATCGCA.1,1,vemurafenib
Data34_GSM5022596_AGATTGCCACATTCGA.1,1,vemurafenib
Data34_GSM5022596_AGATTGCCACCGATAT.1,1,vemurafenib
Data34_GSM5022596_AGATTGCCATATGCTG.1,1,vemurafenib
Data34_GSM5022596_AGATTGCGTATATGGA.1,1,vemurafenib
Data34_GSM5022596_AGATTGCGTCATGCCG.1,1,vemurafenib
Data34_GSM5022596_AGATTGCGTCGAAAGC.1,1,vemurafenib
Data34_GSM5022596_AGATTGCGTGCCTGCA.1,1,vemurafenib
Data34_GSM5022596_AGATTGCTCCAAACAC.1,1,vemurafenib
Data34_GSM5022596_AGATTGCTCTCTAAGG.1,1,vemurafenib
Data34_GSM5022596_AGATTGCTCTTTAGGG.1,1,vemurafenib
Data34_GSM5022596_AGCAGCCAGAAGAAGC.1,1,vemurafenib
Data34_GSM5022596_AGCAGCCAGACAGAGA.1,1,vemurafenib
Data34_GSM5022596_AGCAGCCAGACATAAC.1,1,vemurafenib
Data34_GSM5022596_AGCAGCCCAATCCGAT.1,1,vemurafenib
Data34_GSM5022596_AGCAGCCCAGCTGCTG.1,1,vemurafenib
Data34_GSM5022596_AGCAGCCGTAAACCTC.1,1,vemurafenib
Data34_GSM5022596_AGCAGCCGTAATAGCA.1,1,vemurafenib
Data34_GSM5022596_AGCAGCCTCAAAGACA.1,1,vemurafenib
Data34_GSM5022596_AGCAGCCTCAGAGCTT.1,1,vemurafenib
Data34_GSM5022596_AGCAGCCTCGGAAATA.1,1,vemurafenib
Data34_GSM5022596_AGCAGCCTCTCTTATG.1,1,vemurafenib
Data34_GSM5022596_AGCAGCCTCTGTACGA.1,1,vemurafenib
Data34_GSM5022596_AGCAGCCTCTTGTACT.1,1,vemurafenib
Data34_GSM5022596_AGCATACAGAATCTCC.1,1,vemurafenib
Data34_GSM5022596_AGCATACAGCTAGTTC.1,1,vemurafenib
Data34_GSM5022596_AGCATACAGGTGATAT.1,1,vemurafenib
Data34_GSM5022596_AGCATACAGGTGTGGT.1,1,vemurafenib
Data34_GSM5022596_AGCATACAGTGGTAAT.1,1,vemurafenib
Data34_GSM5022596_AGCATACAGTGTTAGA.1,1,vemurafenib
Data34_GSM5022596_AGCATACCACCAGTTA.1,1,vemurafenib
Data34_GSM5022596_AGCATACCACTACAGT.1,1,vemurafenib
Data34_GSM5022596_AGCATACCAGAGTGTG.1,1,vemurafenib
Data34_GSM5022596_AGCATACGTAGAAAGG.1,1,vemurafenib
Data34_GSM5022596_AGCATACGTGAGTGAC.1,1,vemurafenib
Data34_GSM5022596_AGCATACGTGGTAACG.1,1,vemurafenib
Data34_GSM5022596_AGCATACGTGTTCTTT.1,1,vemurafenib
Data34_GSM5022596_AGCATACTCGCTTGTC.1,1,vemurafenib
Data34_GSM5022596_AGCCTAAAGAATTGTG.1,1,vemurafenib
Data34_GSM5022596_AGCCTAAAGAGAGCTC.1,1,vemurafenib
Data34_GSM5022596_AGCCTAAAGATGCCTT.1,1,vemurafenib
Data34_GSM5022596_AGCCTAAAGCAACGGT.1,1,vemurafenib
Data34_GSM5022596_AGCCTAAAGCTGCAAG.1,1,vemurafenib
Data34_GSM5022596_AGCCTAAAGGCTACGA.1,1,vemurafenib
Data34_GSM5022596_AGCCTAAAGTGCGTGA.1,1,vemurafenib
Data34_GSM5022596_AGCCTAAAGTGGTAGC.1,1,vemurafenib
Data34_GSM5022596_AGCCTAACAAGCGAGT.1,1,vemurafenib
Data34_GSM5022596_AGCCTAACAAGTTGTC.1,1,vemurafenib
Data34_GSM5022596_AGCCTAACACGTCTCT.1,1,vemurafenib
Data34_GSM5022596_AGCCTAACAGACAAGC.1,1,vemurafenib
Data34_GSM5022596_AGCCTAACATTTGCTT.1,1,vemurafenib
Data34_GSM5022596_AGCCTAAGTAAACCTC.1,1,vemurafenib
Data34_GSM5022596_AGCCTAAGTCAGAAGC.1,1,vemurafenib
Data34_GSM5022596_AGCCTAAGTCCGAAGA.1,1,vemurafenib
Data34_GSM5022596_AGCCTAAGTCCTGCTT.1,1,vemurafenib
Data34_GSM5022596_AGCCTAAGTCGCGAAA.1,1,vemurafenib
Data34_GSM5022596_AGCCTAATCACGGTTA.1,1,vemurafenib
Data34_GSM5022596_AGCCTAATCGTTGACA.1,1,vemurafenib
Data34_GSM5022596_AGCGGTCAGCACGCCT.1,1,vemurafenib
Data34_GSM5022596_AGCGGTCAGGAGTAGA.1,1,vemurafenib
Data34_GSM5022596_AGCGGTCAGTCATCCA.1,1,vemurafenib
Data34_GSM5022596_AGCGGTCCACAGATTC.1,1,vemurafenib
Data34_GSM5022596_AGCGGTCCACAGGCCT.1,1,vemurafenib
Data34_GSM5022596_AGCGGTCCACCCATGG.1,1,vemurafenib
Data34_GSM5022596_AGCGGTCGTACCCAAT.1,1,vemurafenib
Data34_GSM5022596_AGCGGTCGTAGAGGAA.1,1,vemurafenib
Data34_GSM5022596_AGCGGTCGTCCATCCT.1,1,vemurafenib
Data34_GSM5022596_AGCGGTCGTCCTGCTT.1,1,vemurafenib
Data34_GSM5022596_AGCGGTCTCACGCGGT.1,1,vemurafenib
Data34_GSM5022596_AGCGGTCTCGCGCCAA.1,1,vemurafenib
Data34_GSM5022596_AGCGGTCTCGGACAAG.1,1,vemurafenib
Data34_GSM5022596_AGCGGTCTCGTACGGC.1,1,vemurafenib
Data34_GSM5022596_AGCGTATAGTCATGCT.1,1,vemurafenib
Data34_GSM5022596_AGCGTATAGTCCATAC.1,1,vemurafenib
Data34_GSM5022596_AGCGTATAGTTTGCGT.1,1,vemurafenib
Data34_GSM5022596_AGCGTATCAAGGACTG.1,1,vemurafenib
Data34_GSM5022596_AGCGTATGTAGGGTAC.1,1,vemurafenib
Data34_GSM5022596_AGCGTATGTTCCGGCA.1,1,vemurafenib
Data34_GSM5022596_AGCGTATTCAGCATGT.1,1,vemurafenib
Data34_GSM5022596_AGCGTATTCCATGAAC.1,1,vemurafenib
Data34_GSM5022596_AGCGTATTCCCACTTG.1,1,vemurafenib
Data34_GSM5022596_AGCGTATTCCGTTGCT.1,1,vemurafenib
Data34_GSM5022596_AGCGTATTCCTAGTGA.1,1,vemurafenib
Data34_GSM5022596_AGCGTATTCGCTAGCG.1,1,vemurafenib
Data34_GSM5022596_AGCGTATTCGGAAACG.1,1,vemurafenib
Data34_GSM5022596_AGCGTCGAGACACGAC.1,1,vemurafenib
Data34_GSM5022596_AGCGTCGAGAGCTGCA.1,1,vemurafenib
Data34_GSM5022596_AGCGTCGAGCCAGGAT.1,1,vemurafenib
Data34_GSM5022596_AGCGTCGAGTGAAGTT.1,1,vemurafenib
Data34_GSM5022596_AGCGTCGCAAGCGTAG.1,1,vemurafenib
Data34_GSM5022596_AGCGTCGCACGGTTTA.1,1,vemurafenib
Data34_GSM5022596_AGCGTCGCAGTCAGCC.1,1,vemurafenib
Data34_GSM5022596_AGCGTCGGTACGAAAT.1,1,vemurafenib
Data34_GSM5022596_AGCGTCGGTCGGCACT.1,1,vemurafenib
Data34_GSM5022596_AGCGTCGGTCTCCATC.1,1,vemurafenib
Data34_GSM5022596_AGCGTCGGTGTGAATA.1,1,vemurafenib
Data34_GSM5022596_AGCGTCGTCCAAGTAC.1,1,vemurafenib
Data34_GSM5022596_AGCGTCGTCGCTGATA.1,1,vemurafenib
Data34_GSM5022596_AGCGTCGTCTTGGGTA.1,1,vemurafenib
Data34_GSM5022596_AGCTCCTAGATCTGAA.1,1,vemurafenib
Data34_GSM5022596_AGCTCCTAGCCTTGAT.1,1,vemurafenib
Data34_GSM5022596_AGCTCCTAGGGCTTGA.1,1,vemurafenib
Data34_GSM5022596_AGCTCCTAGTATCTCG.1,1,vemurafenib
Data34_GSM5022596_AGCTCCTCAAGTACCT.1,1,vemurafenib
Data34_GSM5022596_AGCTCCTCACTGCCAG.1,1,vemurafenib
Data34_GSM5022596_AGCTCCTCAGGTCTCG.1,1,vemurafenib
Data34_GSM5022596_AGCTCCTCAGTTCATG.1,1,vemurafenib
Data34_GSM5022596_AGCTCCTGTACCGCTG.1,1,vemurafenib
Data34_GSM5022596_AGCTCCTGTCCGCTGA.1,1,vemurafenib
Data34_GSM5022596_AGCTCCTGTTACGGAG.1,1,vemurafenib
Data34_GSM5022596_AGCTCCTGTTCCACTC.1,1,vemurafenib
Data34_GSM5022596_AGCTCCTGTTCCCGAG.1,1,vemurafenib
Data34_GSM5022596_AGCTCCTGTTCTGAAC.1,1,vemurafenib
Data34_GSM5022596_AGCTCCTGTTGACGTT.1,1,vemurafenib
Data34_GSM5022596_AGCTCCTTCGGCGCTA.1,1,vemurafenib
Data34_GSM5022596_AGCTCTCAGACGACGT.1,1,vemurafenib
Data34_GSM5022596_AGCTCTCAGCGATTCT.1,1,vemurafenib
Data34_GSM5022596_AGCTCTCAGCTAAACA.1,1,vemurafenib
Data34_GSM5022596_AGCTCTCAGGACCACA.1,1,vemurafenib
Data34_GSM5022596_AGCTCTCAGTTATCGC.1,1,vemurafenib
Data34_GSM5022596_AGCTCTCCAAACCTAC.1,1,vemurafenib
Data34_GSM5022596_AGCTCTCCAAGCGTAG.1,1,vemurafenib
Data34_GSM5022596_AGCTCTCCAAGTACCT.1,1,vemurafenib
Data34_GSM5022596_AGCTCTCCAAGTAGTA.1,1,vemurafenib
Data34_GSM5022596_AGCTCTCCAATGTAAG.1,1,vemurafenib
Data34_GSM5022596_AGCTCTCCATCACGAT.1,1,vemurafenib
Data34_GSM5022596_AGCTCTCCATCTCCCA.1,1,vemurafenib
Data34_GSM5022596_AGCTCTCCATGACGGA.1,1,vemurafenib
Data34_GSM5022596_AGCTCTCGTCCAGTTA.1,1,vemurafenib
Data34_GSM5022596_AGCTCTCGTGGGTCAA.1,1,vemurafenib
Data34_GSM5022596_AGCTCTCGTTATGCGT.1,1,vemurafenib
Data34_GSM5022596_AGCTCTCGTTCCACAA.1,1,vemurafenib
Data34_GSM5022596_AGCTCTCTCGGCGCTA.1,1,vemurafenib
Data34_GSM5022596_AGCTCTCTCTCTGAGA.1,1,vemurafenib
Data34_GSM5022596_AGCTTGAAGAGTGAGA.1,1,vemurafenib
Data34_GSM5022596_AGCTTGAAGATATGGT.1,1,vemurafenib
Data34_GSM5022596_AGCTTGAAGCAGCCTC.1,1,vemurafenib
Data34_GSM5022596_AGCTTGAAGCCACCTG.1,1,vemurafenib
Data34_GSM5022596_AGCTTGACAAGCCTAT.1,1,vemurafenib
Data34_GSM5022596_AGCTTGACAAGCGATG.1,1,vemurafenib
Data34_GSM5022596_AGCTTGACACCTCGTT.1,1,vemurafenib
Data34_GSM5022596_AGCTTGACAGGACGTA.1,1,vemurafenib
Data34_GSM5022596_AGCTTGACAGTCACTA.1,1,vemurafenib
Data34_GSM5022596_AGCTTGACAGTCGTGC.1,1,vemurafenib
Data34_GSM5022596_AGCTTGACATCGATGT.1,1,vemurafenib
Data34_GSM5022596_AGCTTGACATCGGTTA.1,1,vemurafenib
Data34_GSM5022596_AGCTTGAGTCATTAGC.1,1,vemurafenib
Data34_GSM5022596_AGCTTGATCCGCAGTG.1,1,vemurafenib
Data34_GSM5022596_AGCTTGATCGGTCCGA.1,1,vemurafenib
Data34_GSM5022596_AGGCCACAGAAGGTTT.1,1,vemurafenib
Data34_GSM5022596_AGGCCACAGTACGACG.1,1,vemurafenib
Data34_GSM5022596_AGGCCACCAAAGGTGC.1,1,vemurafenib
Data34_GSM5022596_AGGCCACCAATGAAAC.1,1,vemurafenib
Data34_GSM5022596_AGGCCACCAGACAAGC.1,1,vemurafenib
Data34_GSM5022596_AGGCCACCATCGATGT.1,1,vemurafenib
Data34_GSM5022596_AGGCCACGTAGAAAGG.1,1,vemurafenib
Data34_GSM5022596_AGGCCACGTCGAGTTT.1,1,vemurafenib
Data34_GSM5022596_AGGCCACTCGCCTGAG.1,1,vemurafenib
Data34_GSM5022596_AGGCCGTCAAAGGTGC.1,1,vemurafenib
Data34_GSM5022596_AGGCCGTCAAAGTGCG.1,1,vemurafenib
Data34_GSM5022596_AGGCCGTCAATCGGTT.1,1,vemurafenib
Data34_GSM5022596_AGGCCGTCACGAAAGC.1,1,vemurafenib
Data34_GSM5022596_AGGCCGTCACGTGAGA.1,1,vemurafenib
Data34_GSM5022596_AGGCCGTGTAAACACA.1,1,vemurafenib
Data34_GSM5022596_AGGCCGTGTCATGCCG.1,1,vemurafenib
Data34_GSM5022596_AGGCCGTGTCGCGAAA.1,1,vemurafenib
Data34_GSM5022596_AGGCCGTGTCGCGGTT.1,1,vemurafenib
Data34_GSM5022596_AGGCCGTGTCTCCATC.1,1,vemurafenib
Data34_GSM5022596_AGGCCGTGTTATTCTC.1,1,vemurafenib
Data34_GSM5022596_AGGCCGTTCACAAACC.1,1,vemurafenib
Data34_GSM5022596_AGGCCGTTCCACGAAT.1,1,vemurafenib
Data34_GSM5022596_AGGGAGTAGGTGCAAC.1,1,vemurafenib
Data34_GSM5022596_AGGGAGTAGTCCGTAT.1,1,vemurafenib
Data34_GSM5022596_AGGGAGTCAAGAGTCG.1,1,vemurafenib
Data34_GSM5022596_AGGGAGTCATGCTAGT.1,1,vemurafenib
Data34_GSM5022596_AGGGAGTGTAAGTAGT.1,1,vemurafenib
Data34_GSM5022596_AGGGAGTGTCCGAATT.1,1,vemurafenib
Data34_GSM5022596_AGGGAGTGTTAGGGTG.1,1,vemurafenib
Data34_GSM5022596_AGGGAGTTCGCATGGC.1,1,vemurafenib
Data34_GSM5022596_AGGGAGTTCGGATGTT.1,1,vemurafenib
Data34_GSM5022596_AGGGAGTTCGTAGGAG.1,1,vemurafenib
Data34_GSM5022596_AGGGAGTTCGTGTAGT.1,1,vemurafenib
Data34_GSM5022596_AGGGATGAGAAACCTA.1,1,vemurafenib
Data34_GSM5022596_AGGGATGAGTTATCGC.1,1,vemurafenib
Data34_GSM5022596_AGGGATGCAACTTGAC.1,1,vemurafenib
Data34_GSM5022596_AGGGATGCACCGCTAG.1,1,vemurafenib
Data34_GSM5022596_AGGGATGCAGCCAGAA.1,1,vemurafenib
Data34_GSM5022596_AGGGATGGTACTCAAC.1,1,vemurafenib
Data34_GSM5022596_AGGGATGGTCAATACC.1,1,vemurafenib
Data34_GSM5022596_AGGGATGGTCTGATCA.1,1,vemurafenib
Data34_GSM5022596_AGGGATGGTGTTAAGA.1,1,vemurafenib
Data34_GSM5022596_AGGGATGGTTTACTCT.1,1,vemurafenib
Data34_GSM5022596_AGGGATGTCAGCATGT.1,1,vemurafenib
Data34_GSM5022596_AGGGATGTCGTCACGG.1,1,vemurafenib
Data34_GSM5022596_AGGGTGAAGCTGGAAC.1,1,vemurafenib
Data34_GSM5022596_AGGGTGAAGGAGTTTA.1,1,vemurafenib
Data34_GSM5022596_AGGGTGAAGGCAAAGA.1,1,vemurafenib
Data34_GSM5022596_AGGGTGACAATAGAGT.1,1,vemurafenib
Data34_GSM5022596_AGGGTGACACTTAAGC.1,1,vemurafenib
Data34_GSM5022596_AGGGTGAGTACTTGAC.1,1,vemurafenib
Data34_GSM5022596_AGGGTGAGTGCGCTTG.1,1,vemurafenib
Data34_GSM5022596_AGGGTGAGTTCATGGT.1,1,vemurafenib
Data34_GSM5022596_AGGGTGAGTTGGTTTG.1,1,vemurafenib
Data34_GSM5022596_AGGGTGATCTGAAAGA.1,1,vemurafenib
Data34_GSM5022596_AGGGTGATCTTCAACT.1,1,vemurafenib
Data34_GSM5022596_AGGTCATAGAACTGTA.1,1,vemurafenib
Data34_GSM5022596_AGGTCATAGCGAGAAA.1,1,vemurafenib
Data34_GSM5022596_AGGTCATAGCGTGAGT.1,1,vemurafenib
Data34_GSM5022596_AGGTCATAGCTAGGCA.1,1,vemurafenib
Data34_GSM5022596_AGGTCATAGTGGGTTG.1,1,vemurafenib
Data34_GSM5022596_AGGTCATAGTTAACGA.1,1,vemurafenib
Data34_GSM5022596_AGGTCATCACGGATAG.1,1,vemurafenib
Data34_GSM5022596_AGGTCATCAGCTGGCT.1,1,vemurafenib
Data34_GSM5022596_AGGTCATCATAGTAAG.1,1,vemurafenib
Data34_GSM5022596_AGGTCATGTCGACTAT.1,1,vemurafenib
Data34_GSM5022596_AGGTCATGTCTTCAAG.1,1,vemurafenib
Data34_GSM5022596_AGGTCATGTTGTACAC.1,1,vemurafenib
Data34_GSM5022596_AGGTCATTCATCGCTC.1,1,vemurafenib
Data34_GSM5022596_AGGTCATTCCAGAGGA.1,1,vemurafenib
Data34_GSM5022596_AGGTCATTCGATAGAA.1,1,vemurafenib
Data34_GSM5022596_AGGTCATTCGCGCCAA.1,1,vemurafenib
Data34_GSM5022596_AGGTCATTCGGTTAAC.1,1,vemurafenib
Data34_GSM5022596_AGGTCATTCTGCTGTC.1,1,vemurafenib
Data34_GSM5022596_AGGTCCGAGCGCCTCA.1,1,vemurafenib
Data34_GSM5022596_AGGTCCGAGGCCGAAT.1,1,vemurafenib
Data34_GSM5022596_AGGTCCGAGGTGGGTT.1,1,vemurafenib
Data34_GSM5022596_AGGTCCGAGTGACTCT.1,1,vemurafenib
Data34_GSM5022596_AGGTCCGCAAACTGCT.1,1,vemurafenib
Data34_GSM5022596_AGGTCCGCATCACGTA.1,1,vemurafenib
Data34_GSM5022596_AGGTCCGCATTACGAC.1,1,vemurafenib
Data34_GSM5022596_AGGTCCGGTACTCGCG.1,1,vemurafenib
Data34_GSM5022596_AGGTCCGGTGCACCAC.1,1,vemurafenib
Data34_GSM5022596_AGGTCCGGTGTAAGTA.1,1,vemurafenib
Data34_GSM5022596_AGGTCCGGTTCTGTTT.1,1,vemurafenib
Data34_GSM5022596_AGGTCCGTCACCGGGT.1,1,vemurafenib
Data34_GSM5022596_AGGTCCGTCGGCATCG.1,1,vemurafenib
Data34_GSM5022596_AGGTCCGTCTCTTATG.1,1,vemurafenib
Data34_GSM5022596_AGTAGTCAGGCTCTTA.1,1,vemurafenib
Data34_GSM5022596_AGTAGTCAGGTGCACA.1,1,vemurafenib
Data34_GSM5022596_AGTAGTCAGTCATGCT.1,1,vemurafenib
Data34_GSM5022596_AGTAGTCCACACCGCA.1,1,vemurafenib
Data34_GSM5022596_AGTAGTCCATCCCACT.1,1,vemurafenib
Data34_GSM5022596_AGTAGTCGTTGCTCCT.1,1,vemurafenib
Data34_GSM5022596_AGTAGTCTCTACTCAT.1,1,vemurafenib
Data34_GSM5022596_AGTCTTTAGACTTGAA.1,1,vemurafenib
Data34_GSM5022596_AGTCTTTAGCTACCTA.1,1,vemurafenib
Data34_GSM5022596_AGTCTTTAGGAGTTGC.1,1,vemurafenib
Data34_GSM5022596_AGTCTTTAGGCATTGG.1,1,vemurafenib
Data34_GSM5022596_AGTCTTTAGTCTTGCA.1,1,vemurafenib
Data34_GSM5022596_AGTCTTTCAACACCCG.1,1,vemurafenib
Data34_GSM5022596_AGTCTTTCACACATGT.1,1,vemurafenib
Data34_GSM5022596_AGTCTTTGTACCGAGA.1,1,vemurafenib
Data34_GSM5022596_AGTCTTTGTAGGCTGA.1,1,vemurafenib
Data34_GSM5022596_AGTCTTTGTCCATGAT.1,1,vemurafenib
Data34_GSM5022596_AGTCTTTGTGTCAATC.1,1,vemurafenib
Data34_GSM5022596_AGTCTTTTCAGTTTGG.1,1,vemurafenib
Data34_GSM5022596_AGTCTTTTCCACGCAG.1,1,vemurafenib
Data34_GSM5022596_AGTCTTTTCCTGCAGG.1,1,vemurafenib
Data34_GSM5022596_AGTGAGGAGACGCACA.1,1,vemurafenib
Data34_GSM5022596_AGTGAGGAGCCGCCTA.1,1,vemurafenib
Data34_GSM5022596_AGTGAGGAGGATGGAA.1,1,vemurafenib
Data34_GSM5022596_AGTGAGGAGGCCGAAT.1,1,vemurafenib
Data34_GSM5022596_AGTGAGGAGGCTCAGA.1,1,vemurafenib
Data34_GSM5022596_AGTGAGGAGTTGAGTA.1,1,vemurafenib
Data34_GSM5022596_AGTGAGGCACATCCAA.1,1,vemurafenib
Data34_GSM5022596_AGTGAGGCACATGACT.1,1,vemurafenib
Data34_GSM5022596_AGTGAGGCAGATGGCA.1,1,vemurafenib
Data34_GSM5022596_AGTGAGGCAGGTGGAT.1,1,vemurafenib
Data34_GSM5022596_AGTGAGGCATCGACGC.1,1,vemurafenib
Data34_GSM5022596_AGTGAGGCATCTCCCA.1,1,vemurafenib
Data34_GSM5022596_AGTGAGGCATGCGCAC.1,1,vemurafenib
Data34_GSM5022596_AGTGAGGCATGTAAGA.1,1,vemurafenib
Data34_GSM5022596_AGTGAGGGTAAGGGCT.1,1,vemurafenib
Data34_GSM5022596_AGTGAGGGTAGATTAG.1,1,vemurafenib
Data34_GSM5022596_AGTGAGGGTATGAAAC.1,1,vemurafenib
Data34_GSM5022596_AGTGAGGGTCTTGATG.1,1,vemurafenib
Data34_GSM5022596_AGTGAGGGTTAAGGGC.1,1,vemurafenib
Data34_GSM5022596_AGTGAGGGTTCCAACA.1,1,vemurafenib
Data34_GSM5022596_AGTGAGGGTTCTCATT.1,1,vemurafenib
Data34_GSM5022596_AGTGAGGTCATTCACT.1,1,vemurafenib
Data34_GSM5022596_AGTGAGGTCGCAAGCC.1,1,vemurafenib
Data34_GSM5022596_AGTGAGGTCGGCATCG.1,1,vemurafenib
Data34_GSM5022596_AGTGAGGTCTGTCCGT.1,1,vemurafenib
Data34_GSM5022596_AGTGAGGTCTTGTCAT.1,1,vemurafenib
Data34_GSM5022596_AGTGAGGTCTTTAGTC.1,1,vemurafenib
Data34_GSM5022596_AGTGAGGTCTTTCCTC.1,1,vemurafenib
Data34_GSM5022596_AGTGGGAAGCATGGCA.1,1,vemurafenib
Data34_GSM5022596_AGTGGGAAGCCACCTG.1,1,vemurafenib
Data34_GSM5022596_AGTGGGAAGGAATGGA.1,1,vemurafenib
Data34_GSM5022596_AGTGGGACAACACCCG.1,1,vemurafenib
Data34_GSM5022596_AGTGGGACACGTAAGG.1,1,vemurafenib
Data34_GSM5022596_AGTGGGACATTCCTGC.1,1,vemurafenib
Data34_GSM5022596_AGTGGGAGTATCACCA.1,1,vemurafenib
Data34_GSM5022596_AGTGGGATCAAAGACA.1,1,vemurafenib
Data34_GSM5022596_AGTGGGATCATCTGCC.1,1,vemurafenib
Data34_GSM5022596_AGTGGGATCCATGAGT.1,1,vemurafenib
Data34_GSM5022596_AGTGGGATCTATCGCC.1,1,vemurafenib
Data34_GSM5022596_AGTGGGATCTCCCTGA.1,1,vemurafenib
Data34_GSM5022596_AGTGGGATCTGGCGAC.1,1,vemurafenib
Data34_GSM5022596_AGTGTCAAGCCACGCT.1,1,vemurafenib
Data34_GSM5022596_AGTGTCAAGCTAGTGG.1,1,vemurafenib
Data34_GSM5022596_AGTGTCAAGTACGACG.1,1,vemurafenib
Data34_GSM5022596_AGTGTCAAGTTAGCGG.1,1,vemurafenib
Data34_GSM5022596_AGTGTCACAAGCGATG.1,1,vemurafenib
Data34_GSM5022596_AGTGTCACAATAGAGT.1,1,vemurafenib
Data34_GSM5022596_AGTGTCACAATCCAAC.1,1,vemurafenib
Data34_GSM5022596_AGTGTCACACACATGT.1,1,vemurafenib
Data34_GSM5022596_AGTGTCACAGGTCCAC.1,1,vemurafenib
Data34_GSM5022596_AGTGTCACATGAACCT.1,1,vemurafenib
Data34_GSM5022596_AGTGTCAGTATAGTAG.1,1,vemurafenib
Data34_GSM5022596_AGTGTCAGTGGCAAAC.1,1,vemurafenib
Data34_GSM5022596_AGTGTCAGTTAAGAAC.1,1,vemurafenib
Data34_GSM5022596_AGTGTCATCAGCGATT.1,1,vemurafenib
Data34_GSM5022596_AGTGTCATCAGCTCTC.1,1,vemurafenib
Data34_GSM5022596_AGTTGGTAGGCCGAAT.1,1,vemurafenib
Data34_GSM5022596_AGTTGGTAGTGTCCCG.1,1,vemurafenib
Data34_GSM5022596_AGTTGGTCATGGTCTA.1,1,vemurafenib
Data34_GSM5022596_AGTTGGTGTCAATACC.1,1,vemurafenib
Data34_GSM5022596_AGTTGGTGTCCCTACT.1,1,vemurafenib
Data34_GSM5022596_AGTTGGTGTCTGGAGA.1,1,vemurafenib
Data34_GSM5022596_AGTTGGTTCGCGGATC.1,1,vemurafenib
Data34_GSM5022596_AGTTGGTTCGGAGCAA.1,1,vemurafenib
Data34_GSM5022596_ATAACGCAGAGACGAA.1,1,vemurafenib
Data34_GSM5022596_ATAACGCAGTTCCACA.1,1,vemurafenib
Data34_GSM5022596_ATAACGCCAGTGGGAT.1,1,vemurafenib
Data34_GSM5022596_ATAACGCGTAAACCTC.1,1,vemurafenib
Data34_GSM5022596_ATAACGCGTAATCGTC.1,1,vemurafenib
Data34_GSM5022596_ATAACGCGTCGCATCG.1,1,vemurafenib
Data34_GSM5022596_ATAACGCGTCTCTTTA.1,1,vemurafenib
Data34_GSM5022596_ATAACGCGTGCTGTAT.1,1,vemurafenib
Data34_GSM5022596_ATAACGCGTGTCAATC.1,1,vemurafenib
Data34_GSM5022596_ATAACGCTCAAGATCC.1,1,vemurafenib
Data34_GSM5022596_ATAACGCTCCTAGGGC.1,1,vemurafenib
Data34_GSM5022596_ATAACGCTCGTGGTCG.1,1,vemurafenib
Data34_GSM5022596_ATAAGAGAGAAGCCCA.1,1,vemurafenib
Data34_GSM5022596_ATAAGAGAGGCTCATT.1,1,vemurafenib
Data34_GSM5022596_ATAAGAGAGTGGAGAA.1,1,vemurafenib
Data34_GSM5022596_ATAAGAGCAAAGGCGT.1,1,vemurafenib
Data34_GSM5022596_ATAAGAGCAATGAATG.1,1,vemurafenib
Data34_GSM5022596_ATAAGAGCACCAACCG.1,1,vemurafenib
Data34_GSM5022596_ATAAGAGCACCAGCAC.1,1,vemurafenib
Data34_GSM5022596_ATAAGAGCACTCTGTC.1,1,vemurafenib
Data34_GSM5022596_ATAAGAGGTCCGTTAA.1,1,vemurafenib
Data34_GSM5022596_ATAAGAGGTTGAGTTC.1,1,vemurafenib
Data34_GSM5022596_ATAAGAGTCACCGGGT.1,1,vemurafenib
Data34_GSM5022596_ATAAGAGTCCAGGGCT.1,1,vemurafenib
Data34_GSM5022596_ATAAGAGTCCCTGACT.1,1,vemurafenib
Data34_GSM5022596_ATAAGAGTCCTCATTA.1,1,vemurafenib
Data34_GSM5022596_ATAAGAGTCTTACCGC.1,1,vemurafenib
Data34_GSM5022596_ATAGACCAGAATAGGG.1,1,vemurafenib
Data34_GSM5022596_ATAGACCAGAGAGCTC.1,1,vemurafenib
Data34_GSM5022596_ATAGACCAGAGTCTGG.1,1,vemurafenib
Data34_GSM5022596_ATAGACCAGATGTGTA.1,1,vemurafenib
Data34_GSM5022596_ATAGACCAGGAGTTGC.1,1,vemurafenib
Data34_GSM5022596_ATAGACCAGGCCCTTG.1,1,vemurafenib
Data34_GSM5022596_ATAGACCAGGCTATCT.1,1,vemurafenib
Data34_GSM5022596_ATAGACCAGTATCGAA.1,1,vemurafenib
Data34_GSM5022596_ATAGACCAGTGGACGT.1,1,vemurafenib
Data34_GSM5022596_ATAGACCAGTGTCCAT.1,1,vemurafenib
Data34_GSM5022596_ATAGACCAGTGTTTGC.1,1,vemurafenib
Data34_GSM5022596_ATAGACCCAAGTTCTG.1,1,vemurafenib
Data34_GSM5022596_ATAGACCCACAACTGT.1,1,vemurafenib
Data34_GSM5022596_ATAGACCCACGGCGTT.1,1,vemurafenib
Data34_GSM5022596_ATAGACCCATGCTAGT.1,1,vemurafenib
Data34_GSM5022596_ATAGACCGTCACCCAG.1,1,vemurafenib
Data34_GSM5022596_ATAGACCGTCATCCCT.1,1,vemurafenib
Data34_GSM5022596_ATAGACCGTCTAAACC.1,1,vemurafenib
Data34_GSM5022596_ATAGACCTCACTTACT.1,1,vemurafenib
Data34_GSM5022596_ATAGACCTCAGTACGT.1,1,vemurafenib
Data34_GSM5022596_ATAGACCTCATGTAGC.1,1,vemurafenib
Data34_GSM5022596_ATAGACCTCGAGGTAG.1,1,vemurafenib
Data34_GSM5022596_ATAGACCTCTGCAAGT.1,1,vemurafenib
Data34_GSM5022596_ATCACGAAGAAGGTTT.1,1,vemurafenib
Data34_GSM5022596_ATCACGAAGCGTTGCC.1,1,vemurafenib
Data34_GSM5022596_ATCACGAAGGGTCTCC.1,1,vemurafenib
Data34_GSM5022596_ATCACGACAACACGCC.1,1,vemurafenib
Data34_GSM5022596_ATCACGACAATCCGAT.1,1,vemurafenib
Data34_GSM5022596_ATCACGACAATCTGCA.1,1,vemurafenib
Data34_GSM5022596_ATCACGACACAACGCC.1,1,vemurafenib
Data34_GSM5022596_ATCACGACACCGGAAA.1,1,vemurafenib
Data34_GSM5022596_ATCACGACACTAGTAC.1,1,vemurafenib
Data34_GSM5022596_ATCACGACATACTACG.1,1,vemurafenib
Data34_GSM5022596_ATCACGACATGGATGG.1,1,vemurafenib
Data34_GSM5022596_ATCACGATCAACGGCC.1,1,vemurafenib
Data34_GSM5022596_ATCACGATCAGGTTCA.1,1,vemurafenib
Data34_GSM5022596_ATCACGATCAGTCAGT.1,1,vemurafenib
Data34_GSM5022596_ATCACGATCCTTGCCA.1,1,vemurafenib
Data34_GSM5022596_ATCATCTAGACCTAGG.1,1,vemurafenib
Data34_GSM5022596_ATCATCTAGACTTGAA.1,1,vemurafenib
Data34_GSM5022596_ATCATCTAGAGACTAT.1,1,vemurafenib
Data34_GSM5022596_ATCATCTAGCCAGAAC.1,1,vemurafenib
Data34_GSM5022596_ATCATCTAGTACGCCC.1,1,vemurafenib
Data34_GSM5022596_ATCATCTCAATAGAGT.1,1,vemurafenib
Data34_GSM5022596_ATCATCTCACCCATGG.1,1,vemurafenib
Data34_GSM5022596_ATCATCTCACTCGACG.1,1,vemurafenib
Data34_GSM5022596_ATCATCTCACTGCCAG.1,1,vemurafenib
Data34_GSM5022596_ATCATCTCATAGACTC.1,1,vemurafenib
Data34_GSM5022596_ATCATCTCATCAGTAC.1,1,vemurafenib
Data34_GSM5022596_ATCATCTCATCGGAAG.1,1,vemurafenib
Data34_GSM5022596_ATCATCTCATCGGGTC.1,1,vemurafenib
Data34_GSM5022596_ATCATCTCATTGGCGC.1,1,vemurafenib
Data34_GSM5022596_ATCATCTGTCTAACGT.1,1,vemurafenib
Data34_GSM5022596_ATCATCTGTCTTCGTC.1,1,vemurafenib
Data34_GSM5022596_ATCATCTGTTCCCTTG.1,1,vemurafenib
Data34_GSM5022596_ATCATCTTCAACGGGA.1,1,vemurafenib
Data34_GSM5022596_ATCATCTTCACATAGC.1,1,vemurafenib
Data34_GSM5022596_ATCATCTTCCAGAGGA.1,1,vemurafenib
Data34_GSM5022596_ATCATCTTCGGGAGTA.1,1,vemurafenib
Data34_GSM5022596_ATCATGGAGCCAGAAC.1,1,vemurafenib
Data34_GSM5022596_ATCATGGAGCCGATTT.1,1,vemurafenib
Data34_GSM5022596_ATCATGGAGCGGCTTC.1,1,vemurafenib
Data34_GSM5022596_ATCATGGAGCTCAACT.1,1,vemurafenib
Data34_GSM5022596_ATCATGGAGTGCTGCC.1,1,vemurafenib
Data34_GSM5022596_ATCATGGAGTTGTCGT.1,1,vemurafenib
Data34_GSM5022596_ATCATGGCAATGAAAC.1,1,vemurafenib
Data34_GSM5022596_ATCATGGCACATAACC.1,1,vemurafenib
Data34_GSM5022596_ATCATGGCACGCGAAA.1,1,vemurafenib
Data34_GSM5022596_ATCATGGCACGGTTTA.1,1,vemurafenib
Data34_GSM5022596_ATCATGGCAGACTCGC.1,1,vemurafenib
Data34_GSM5022596_ATCATGGCAGCTCGAC.1,1,vemurafenib
Data34_GSM5022596_ATCATGGGTCACACGC.1,1,vemurafenib
Data34_GSM5022596_ATCATGGGTGTGACCC.1,1,vemurafenib
Data34_GSM5022596_ATCCACCAGCTAGTTC.1,1,vemurafenib
Data34_GSM5022596_ATCCACCCAATACGCT.1,1,vemurafenib
Data34_GSM5022596_ATCCACCCACGCCAGT.1,1,vemurafenib
Data34_GSM5022596_ATCCACCCAGACGCCT.1,1,vemurafenib
Data34_GSM5022596_ATCCACCCAGGACGTA.1,1,vemurafenib
Data34_GSM5022596_ATCCACCCATGCCTAA.1,1,vemurafenib
Data34_GSM5022596_ATCCACCCATGGTTGT.1,1,vemurafenib
Data34_GSM5022596_ATCCACCGTACAGTGG.1,1,vemurafenib
Data34_GSM5022596_ATCCACCGTCTAGTCA.1,1,vemurafenib
Data34_GSM5022596_ATCCACCGTTCCACTC.1,1,vemurafenib
Data34_GSM5022596_ATCCACCGTTTAAGCC.1,1,vemurafenib
Data34_GSM5022596_ATCCACCGTTTAGGAA.1,1,vemurafenib
Data34_GSM5022596_ATCCACCGTTTGTGTG.1,1,vemurafenib
Data34_GSM5022596_ATCCACCTCAGTTGAC.1,1,vemurafenib
Data34_GSM5022596_ATCCGAAAGACCCACC.1,1,vemurafenib
Data34_GSM5022596_ATCCGAAAGCGGCTTC.1,1,vemurafenib
Data34_GSM5022596_ATCCGAAAGCTGCCCA.1,1,vemurafenib
Data34_GSM5022596_ATCCGAAAGGAATTAC.1,1,vemurafenib
Data34_GSM5022596_ATCCGAACAAAGGCGT.1,1,vemurafenib
Data34_GSM5022596_ATCCGAACAACGATCT.1,1,vemurafenib
Data34_GSM5022596_ATCCGAACACGAGGTA.1,1,vemurafenib
Data34_GSM5022596_ATCCGAACAGAAGCAC.1,1,vemurafenib
Data34_GSM5022596_ATCCGAACATCCAACA.1,1,vemurafenib
Data34_GSM5022596_ATCCGAACATCCGTGG.1,1,vemurafenib
Data34_GSM5022596_ATCCGAACATGCGCAC.1,1,vemurafenib
Data34_GSM5022596_ATCCGAAGTAGCGCTC.1,1,vemurafenib
Data34_GSM5022596_ATCCGAAGTCACTTCC.1,1,vemurafenib
Data34_GSM5022596_ATCCGAAGTTCCACAA.1,1,vemurafenib
Data34_GSM5022596_ATCCGAATCCTAGAAC.1,1,vemurafenib
Data34_GSM5022596_ATCCGAATCTACCAGA.1,1,vemurafenib
Data34_GSM5022596_ATCCGAATCTCGGACG.1,1,vemurafenib
Data34_GSM5022596_ATCGAGTAGAGCTATA.1,1,vemurafenib
Data34_GSM5022596_ATCGAGTAGTAGATGT.1,1,vemurafenib
Data34_GSM5022596_ATCGAGTCAGCCAATT.1,1,vemurafenib
Data34_GSM5022596_ATCGAGTCAGTATCTG.1,1,vemurafenib
Data34_GSM5022596_ATCGAGTCAGTGGAGT.1,1,vemurafenib
Data34_GSM5022596_ATCGAGTCATCCGCGA.1,1,vemurafenib
Data34_GSM5022596_ATCGAGTGTAATAGCA.1,1,vemurafenib
Data34_GSM5022596_ATCGAGTGTATGGTTC.1,1,vemurafenib
Data34_GSM5022596_ATCGAGTTCCAAATGC.1,1,vemurafenib
Data34_GSM5022596_ATCGAGTTCCTATGTT.1,1,vemurafenib
Data34_GSM5022596_ATCGAGTTCTTGCCGT.1,1,vemurafenib
Data34_GSM5022596_ATCTACTCAAACAACA.1,1,vemurafenib
Data34_GSM5022596_ATCTACTCACCGATAT.1,1,vemurafenib
Data34_GSM5022596_ATCTACTCACCTATCC.1,1,vemurafenib
Data34_GSM5022596_ATCTACTCACGAAAGC.1,1,vemurafenib
Data34_GSM5022596_ATCTACTCAGCATACT.1,1,vemurafenib
Data34_GSM5022596_ATCTACTCATTTGCTT.1,1,vemurafenib
Data34_GSM5022596_ATCTACTGTAGCGATG.1,1,vemurafenib
Data34_GSM5022596_ATCTACTGTATGAAAC.1,1,vemurafenib
Data34_GSM5022596_ATCTACTGTCACAAGG.1,1,vemurafenib
Data34_GSM5022596_ATCTACTGTCATTAGC.1,1,vemurafenib
Data34_GSM5022596_ATCTACTGTCCCTTGT.1,1,vemurafenib
Data34_GSM5022596_ATCTACTGTTCCGTCT.1,1,vemurafenib
Data34_GSM5022596_ATCTACTGTTCGCTAA.1,1,vemurafenib
Data34_GSM5022596_ATCTACTGTTGTTTGG.1,1,vemurafenib
Data34_GSM5022596_ATCTACTTCACTCCTG.1,1,vemurafenib
Data34_GSM5022596_ATCTACTTCGGGAGTA.1,1,vemurafenib
Data34_GSM5022596_ATCTACTTCTGCAAGT.1,1,vemurafenib
Data34_GSM5022596_ATCTGCCAGACTTTCG.1,1,vemurafenib
Data34_GSM5022596_ATCTGCCAGCCCGAAA.1,1,vemurafenib
Data34_GSM5022596_ATCTGCCAGGGCTCTC.1,1,vemurafenib
Data34_GSM5022596_ATCTGCCCAAGAAGAG.1,1,vemurafenib
Data34_GSM5022596_ATCTGCCCACGCGAAA.1,1,vemurafenib
Data34_GSM5022596_ATCTGCCCAGGCAGTA.1,1,vemurafenib
Data34_GSM5022596_ATCTGCCCAGGGCATA.1,1,vemurafenib
Data34_GSM5022596_ATCTGCCCATAACCTG.1,1,vemurafenib
Data34_GSM5022596_ATCTGCCGTAAACACA.1,1,vemurafenib
Data34_GSM5022596_ATCTGCCGTAAGTTCC.1,1,vemurafenib
Data34_GSM5022596_ATCTGCCGTCTCGTTC.1,1,vemurafenib
Data34_GSM5022596_ATCTGCCGTTACCAGT.1,1,vemurafenib
Data34_GSM5022596_ATCTGCCTCACAATGC.1,1,vemurafenib
Data34_GSM5022596_ATCTGCCTCCATTCTA.1,1,vemurafenib
Data34_GSM5022596_ATCTGCCTCCGGCACA.1,1,vemurafenib
Data34_GSM5022596_ATGAGGGCAGTCACTA.1,1,vemurafenib
Data34_GSM5022596_ATGAGGGGTCTAGAGG.1,1,vemurafenib
Data34_GSM5022596_ATGAGGGGTTGAGTTC.1,1,vemurafenib
Data34_GSM5022596_ATGAGGGTCACATAGC.1,1,vemurafenib
Data34_GSM5022596_ATGAGGGTCACTGGGC.1,1,vemurafenib
Data34_GSM5022596_ATGAGGGTCATGTCTT.1,1,vemurafenib
Data34_GSM5022596_ATGAGGGTCCACGAAT.1,1,vemurafenib
Data34_GSM5022596_ATGAGGGTCCACTCCA.1,1,vemurafenib
Data34_GSM5022596_ATGAGGGTCGGCGCTA.1,1,vemurafenib
Data34_GSM5022596_ATGCGATAGCTGTTCA.1,1,vemurafenib
Data34_GSM5022596_ATGCGATAGTGCTGCC.1,1,vemurafenib
Data34_GSM5022596_ATGCGATCACCACGTG.1,1,vemurafenib
Data34_GSM5022596_ATGCGATCACGGTAAG.1,1,vemurafenib
Data34_GSM5022596_ATGCGATCACTTCTGC.1,1,vemurafenib
Data34_GSM5022596_ATGCGATCATACGCCG.1,1,vemurafenib
Data34_GSM5022596_ATGCGATCATCCAACA.1,1,vemurafenib
Data34_GSM5022596_ATGCGATGTCCGTGAC.1,1,vemurafenib
Data34_GSM5022596_ATGCGATGTTGCGCAC.1,1,vemurafenib
Data34_GSM5022596_ATGCGATTCCGCGTTT.1,1,vemurafenib
Data34_GSM5022596_ATGCGATTCCTAGAAC.1,1,vemurafenib
Data34_GSM5022596_ATGCGATTCCTATGTT.1,1,vemurafenib
Data34_GSM5022596_ATGCGATTCCTCAATT.1,1,vemurafenib
Data34_GSM5022596_ATGCGATTCGCTTGTC.1,1,vemurafenib
Data34_GSM5022596_ATGCGATTCTGAGTGT.1,1,vemurafenib
Data34_GSM5022596_ATGGGAGAGAAACCTA.1,1,vemurafenib
Data34_GSM5022596_ATGGGAGAGACAATAC.1,1,vemurafenib
Data34_GSM5022596_ATGGGAGAGACTTGAA.1,1,vemurafenib
Data34_GSM5022596_ATGGGAGAGCTGAACG.1,1,vemurafenib
Data34_GSM5022596_ATGGGAGAGGAATTAC.1,1,vemurafenib
Data34_GSM5022596_ATGGGAGAGGCTACGA.1,1,vemurafenib
Data34_GSM5022596_ATGGGAGAGTTGTCGT.1,1,vemurafenib
Data34_GSM5022596_ATGGGAGCAAGCGCTC.1,1,vemurafenib
Data34_GSM5022596_ATGGGAGCACCCTATC.1,1,vemurafenib
Data34_GSM5022596_ATGGGAGCAGGGCATA.1,1,vemurafenib
Data34_GSM5022596_ATGGGAGCATTATCTC.1,1,vemurafenib
Data34_GSM5022596_ATGGGAGGTGAAAGAG.1,1,vemurafenib
Data34_GSM5022596_ATGGGAGGTGATAAGT.1,1,vemurafenib
Data34_GSM5022596_ATGGGAGGTTACGACT.1,1,vemurafenib
Data34_GSM5022596_ATGGGAGGTTGGAGGT.1,1,vemurafenib
Data34_GSM5022596_ATGGGAGTCAAGATCC.1,1,vemurafenib
Data34_GSM5022596_ATGGGAGTCACCGGGT.1,1,vemurafenib
Data34_GSM5022596_ATGGGAGTCAGCCTAA.1,1,vemurafenib
Data34_GSM5022596_ATGGGAGTCCAAACAC.1,1,vemurafenib
Data34_GSM5022596_ATGGGAGTCCAACCAA.1,1,vemurafenib
Data34_GSM5022596_ATGGGAGTCCGCATCT.1,1,vemurafenib
Data34_GSM5022596_ATGGGAGTCCTATTCA.1,1,vemurafenib
Data34_GSM5022596_ATGTGTGAGAGTAAGG.1,1,vemurafenib
Data34_GSM5022596_ATGTGTGAGATGTGTA.1,1,vemurafenib
Data34_GSM5022596_ATGTGTGAGTGACTCT.1,1,vemurafenib
Data34_GSM5022596_ATGTGTGAGTGGTAAT.1,1,vemurafenib
Data34_GSM5022596_ATGTGTGAGTTAGGTA.1,1,vemurafenib
Data34_GSM5022596_ATGTGTGCACAGATTC.1,1,vemurafenib
Data34_GSM5022596_ATGTGTGCACCAGATT.1,1,vemurafenib
Data34_GSM5022596_ATGTGTGCAGATGAGC.1,1,vemurafenib
Data34_GSM5022596_ATGTGTGCAGCTTAAC.1,1,vemurafenib
Data34_GSM5022596_ATGTGTGGTGACGGTA.1,1,vemurafenib
Data34_GSM5022596_ATGTGTGGTTGGTTTG.1,1,vemurafenib
Data34_GSM5022596_ATGTGTGTCCATTCTA.1,1,vemurafenib
Data34_GSM5022596_ATTACTCAGTCGCCGT.1,1,vemurafenib
Data34_GSM5022596_ATTACTCCACACCGAC.1,1,vemurafenib
Data34_GSM5022596_ATTACTCCATCAGTAC.1,1,vemurafenib
Data34_GSM5022596_ATTACTCGTACAGTTC.1,1,vemurafenib
Data34_GSM5022596_ATTACTCGTAGGACAC.1,1,vemurafenib
Data34_GSM5022596_ATTACTCGTCAATACC.1,1,vemurafenib
Data34_GSM5022596_ATTACTCGTCTAGCGC.1,1,vemurafenib
Data34_GSM5022596_ATTACTCGTGCAACTT.1,1,vemurafenib
Data34_GSM5022596_ATTACTCGTTGATTGC.1,1,vemurafenib
Data34_GSM5022596_ATTACTCTCAATCTCT.1,1,vemurafenib
Data34_GSM5022596_ATTACTCTCGCGTAGC.1,1,vemurafenib
Data34_GSM5022596_ATTACTCTCTCCCTGA.1,1,vemurafenib
Data34_GSM5022596_ATTATCCAGCTGTTCA.1,1,vemurafenib
Data34_GSM5022596_ATTATCCCAATGTAAG.1,1,vemurafenib
Data34_GSM5022596_ATTATCCCAGGGTATG.1,1,vemurafenib
Data34_GSM5022596_ATTATCCCATGGGAAC.1,1,vemurafenib
Data34_GSM5022596_ATTATCCGTACATCCA.1,1,vemurafenib
Data34_GSM5022596_ATTATCCGTGTGCCTG.1,1,vemurafenib
Data34_GSM5022596_ATTATCCTCCTACAGA.1,1,vemurafenib
Data34_GSM5022596_ATTATCCTCGTGGGAA.1,1,vemurafenib
Data34_GSM5022596_ATTCTACAGACAAAGG.1,1,vemurafenib
Data34_GSM5022596_ATTCTACAGGTGCAAC.1,1,vemurafenib
Data34_GSM5022596_ATTCTACAGTGTCCAT.1,1,vemurafenib
Data34_GSM5022596_ATTCTACCAAGGTTTC.1,1,vemurafenib
Data34_GSM5022596_ATTCTACCAGACAGGT.1,1,vemurafenib
Data34_GSM5022596_ATTCTACGTACTTGAC.1,1,vemurafenib
Data34_GSM5022596_ATTCTACGTATCTGCA.1,1,vemurafenib
Data34_GSM5022596_ATTCTACGTGTAAGTA.1,1,vemurafenib
Data34_GSM5022596_ATTCTACTCCCTTGCA.1,1,vemurafenib
Data34_GSM5022596_ATTCTACTCGCGATCG.1,1,vemurafenib
Data34_GSM5022596_ATTCTACTCTACCTGC.1,1,vemurafenib
Data34_GSM5022596_ATTCTACTCTACGAGT.1,1,vemurafenib
Data34_GSM5022596_ATTCTACTCTGCGGCA.1,1,vemurafenib
Data34_GSM5022596_ATTGGACAGACAGACC.1,1,vemurafenib
Data34_GSM5022596_ATTGGACAGACCACGA.1,1,vemurafenib
Data34_GSM5022596_ATTGGACAGAGGGCTT.1,1,vemurafenib
Data34_GSM5022596_ATTGGACAGAGTACAT.1,1,vemurafenib
Data34_GSM5022596_ATTGGACAGGATCGCA.1,1,vemurafenib
Data34_GSM5022596_ATTGGACAGGCTAGCA.1,1,vemurafenib
Data34_GSM5022596_ATTGGACAGGGTGTGT.1,1,vemurafenib
Data34_GSM5022596_ATTGGACCACAACGCC.1,1,vemurafenib
Data34_GSM5022596_ATTGGACCAGCTTCGG.1,1,vemurafenib
Data34_GSM5022596_ATTGGACCAGGACCCT.1,1,vemurafenib
Data34_GSM5022596_ATTGGACGTCCCTTGT.1,1,vemurafenib
Data34_GSM5022596_ATTGGACGTCGAGATG.1,1,vemurafenib
Data34_GSM5022596_ATTGGACGTCTTCTCG.1,1,vemurafenib
Data34_GSM5022596_ATTGGACTCCTAAGTG.1,1,vemurafenib
Data34_GSM5022596_ATTGGACTCGCAAGCC.1,1,vemurafenib
Data34_GSM5022596_ATTGGACTCGTTTAGG.1,1,vemurafenib
Data34_GSM5022596_ATTGGACTCTCGCATC.1,1,vemurafenib
Data34_GSM5022596_ATTGGACTCTTACCTA.1,1,vemurafenib
Data34_GSM5022596_ATTGGACTCTTGTACT.1,1,vemurafenib
Data34_GSM5022596_ATTGGTGAGCTAGTTC.1,1,vemurafenib
Data34_GSM5022596_ATTGGTGAGGATGGAA.1,1,vemurafenib
Data34_GSM5022596_ATTGGTGCAGTCGATT.1,1,vemurafenib
Data34_GSM5022596_ATTGGTGGTTCAACCA.1,1,vemurafenib
Data34_GSM5022596_ATTGGTGTCAATCTCT.1,1,vemurafenib
Data34_GSM5022596_ATTGGTGTCATGTAGC.1,1,vemurafenib
Data34_GSM5022596_ATTGGTGTCGATAGAA.1,1,vemurafenib
Data34_GSM5022596_ATTGGTGTCGATGAGG.1,1,vemurafenib
Data34_GSM5022596_ATTTCTGAGCGATGAC.1,1,vemurafenib
Data34_GSM5022596_ATTTCTGAGCGTGAAC.1,1,vemurafenib
Data34_GSM5022596_ATTTCTGAGGAGTAGA.1,1,vemurafenib
Data34_GSM5022596_ATTTCTGAGTACCGGA.1,1,vemurafenib
Data34_GSM5022596_ATTTCTGCACAGACTT.1,1,vemurafenib
Data34_GSM5022596_ATTTCTGCACGGTGTC.1,1,vemurafenib
Data34_GSM5022596_ATTTCTGCAGTCAGCC.1,1,vemurafenib
Data34_GSM5022596_ATTTCTGCATAGAAAC.1,1,vemurafenib
Data34_GSM5022596_ATTTCTGCATTAGGCT.1,1,vemurafenib
Data34_GSM5022596_ATTTCTGGTACAGTGG.1,1,vemurafenib
Data34_GSM5022596_ATTTCTGGTCTCTCTG.1,1,vemurafenib
Data34_GSM5022596_ATTTCTGGTTCAGCGC.1,1,vemurafenib
Data34_GSM5022596_ATTTCTGTCACGGTTA.1,1,vemurafenib
Data34_GSM5022596_ATTTCTGTCCGTAGTA.1,1,vemurafenib
Data34_GSM5022596_ATTTCTGTCGATAGAA.1,1,vemurafenib
Data34_GSM5022596_ATTTCTGTCGCGGATC.1,1,vemurafenib
Data34_GSM5022596_ATTTCTGTCGTGGACC.1,1,vemurafenib
Data34_GSM5022596_ATTTCTGTCTAACCGA.1,1,vemurafenib
Data34_GSM5022596_CAACCAAAGAATCTCC.1,1,vemurafenib
Data34_GSM5022596_CAACCAAAGCTCCTCT.1,1,vemurafenib
Data34_GSM5022596_CAACCAAAGTGGACGT.1,1,vemurafenib
Data34_GSM5022596_CAACCAACAGACGCCT.1,1,vemurafenib
Data34_GSM5022596_CAACCAACAGGACGTA.1,1,vemurafenib
Data34_GSM5022596_CAACCAACATCACGTA.1,1,vemurafenib
Data34_GSM5022596_CAACCAAGTAATCACC.1,1,vemurafenib
Data34_GSM5022596_CAACCAATCATGCATG.1,1,vemurafenib
Data34_GSM5022596_CAACCAATCCAAGTAC.1,1,vemurafenib
Data34_GSM5022596_CAACCAATCCATGCTC.1,1,vemurafenib
Data34_GSM5022596_CAACCTCAGACAATAC.1,1,vemurafenib
Data34_GSM5022596_CAACCTCAGGACATTA.1,1,vemurafenib
Data34_GSM5022596_CAACCTCAGTTTAGGA.1,1,vemurafenib
Data34_GSM5022596_CAACCTCCAAATTGCC.1,1,vemurafenib
Data34_GSM5022596_CAACCTCCACATCCGG.1,1,vemurafenib
Data34_GSM5022596_CAACCTCCACCGAAAG.1,1,vemurafenib
Data34_GSM5022596_CAACCTCCAGCCTGTG.1,1,vemurafenib
Data34_GSM5022596_CAACCTCCATTATCTC.1,1,vemurafenib
Data34_GSM5022596_CAACCTCGTCGCTTCT.1,1,vemurafenib
Data34_GSM5022596_CAACCTCTCCGCAGTG.1,1,vemurafenib
Data34_GSM5022596_CAACCTCTCCTAGGGC.1,1,vemurafenib
Data34_GSM5022596_CAACCTCTCCTTGGTC.1,1,vemurafenib
Data34_GSM5022596_CAACCTCTCGCGTAGC.1,1,vemurafenib
Data34_GSM5022596_CAACCTCTCGGCTTGG.1,1,vemurafenib
Data34_GSM5022596_CAACCTCTCTGGTGTA.1,1,vemurafenib
Data34_GSM5022596_CAACCTCTCTTGCAAG.1,1,vemurafenib
Data34_GSM5022596_CAACTAGAGATCCTGT.1,1,vemurafenib
Data34_GSM5022596_CAACTAGAGATGTAAC.1,1,vemurafenib
Data34_GSM5022596_CAACTAGAGCGGCTTC.1,1,vemurafenib
Data34_GSM5022596_CAACTAGAGCTCTCGG.1,1,vemurafenib
Data34_GSM5022596_CAACTAGAGGATGGAA.1,1,vemurafenib
Data34_GSM5022596_CAACTAGCAAGTCTAC.1,1,vemurafenib
Data34_GSM5022596_CAACTAGCACTACAGT.1,1,vemurafenib
Data34_GSM5022596_CAACTAGCAGTTAACC.1,1,vemurafenib
Data34_GSM5022596_CAACTAGGTAAGTTCC.1,1,vemurafenib
Data34_GSM5022596_CAACTAGGTACATGTC.1,1,vemurafenib
Data34_GSM5022596_CAACTAGGTAGCCTCG.1,1,vemurafenib
Data34_GSM5022596_CAACTAGGTCTGGAGA.1,1,vemurafenib
Data34_GSM5022596_CAACTAGGTTAAGACA.1,1,vemurafenib
Data34_GSM5022596_CAACTAGGTTCCAACA.1,1,vemurafenib
Data34_GSM5022596_CAACTAGTCCGCATAA.1,1,vemurafenib
Data34_GSM5022596_CAACTAGTCTACGAGT.1,1,vemurafenib
Data34_GSM5022596_CAACTAGTCTCCGGTT.1,1,vemurafenib
Data34_GSM5022596_CAAGAAAAGGAGTACC.1,1,vemurafenib
Data34_GSM5022596_CAAGAAAAGTGGGCTA.1,1,vemurafenib
Data34_GSM5022596_CAAGAAACAAACGCGA.1,1,vemurafenib
Data34_GSM5022596_CAAGAAACATATGCTG.1,1,vemurafenib
Data34_GSM5022596_CAAGAAACATCCGTGG.1,1,vemurafenib
Data34_GSM5022596_CAAGAAACATTGCGGC.1,1,vemurafenib
Data34_GSM5022596_CAAGAAAGTATCGCAT.1,1,vemurafenib
Data34_GSM5022596_CAAGAAATCAAACGGG.1,1,vemurafenib
Data34_GSM5022596_CAAGAAATCCGTAGGC.1,1,vemurafenib
Data34_GSM5022596_CAAGAAATCGCGCCAA.1,1,vemurafenib
Data34_GSM5022596_CAAGAAATCTCTGAGA.1,1,vemurafenib
Data34_GSM5022596_CAAGATCAGAAGGACA.1,1,vemurafenib
Data34_GSM5022596_CAAGATCAGCGATAGC.1,1,vemurafenib
Data34_GSM5022596_CAAGATCAGGGAGTAA.1,1,vemurafenib
Data34_GSM5022596_CAAGATCAGGGTTTCT.1,1,vemurafenib
Data34_GSM5022596_CAAGATCAGTCATCCA.1,1,vemurafenib
Data34_GSM5022596_CAAGATCAGTGTTGAA.1,1,vemurafenib
Data34_GSM5022596_CAAGATCCAATAGCAA.1,1,vemurafenib
Data34_GSM5022596_CAAGATCCACATCCAA.1,1,vemurafenib
Data34_GSM5022596_CAAGATCCACTAGTAC.1,1,vemurafenib
Data34_GSM5022596_CAAGATCGTGCCTTGG.1,1,vemurafenib
Data34_GSM5022596_CAAGATCTCAACACAC.1,1,vemurafenib
Data34_GSM5022596_CAAGATCTCACTATTC.1,1,vemurafenib
Data34_GSM5022596_CAAGATCTCCTTCAAT.1,1,vemurafenib
Data34_GSM5022596_CAAGATCTCGCGTAGC.1,1,vemurafenib
Data34_GSM5022596_CAAGATCTCGGCTTGG.1,1,vemurafenib
Data34_GSM5022596_CAAGATCTCTAACTTC.1,1,vemurafenib
Data34_GSM5022596_CAAGGCCAGAACTGTA.1,1,vemurafenib
Data34_GSM5022596_CAAGGCCAGGGTCTCC.1,1,vemurafenib
Data34_GSM5022596_CAAGGCCAGTAGGCCA.1,1,vemurafenib
Data34_GSM5022596_CAAGGCCCACACTGCG.1,1,vemurafenib
Data34_GSM5022596_CAAGGCCCAGACACTT.1,1,vemurafenib
Data34_GSM5022596_CAAGGCCCAGTCGATT.1,1,vemurafenib
Data34_GSM5022596_CAAGGCCGTAGCGATG.1,1,vemurafenib
Data34_GSM5022596_CAAGGCCGTGTTCGAT.1,1,vemurafenib
Data34_GSM5022596_CAAGGCCGTTACGCGC.1,1,vemurafenib
Data34_GSM5022596_CAAGGCCTCCAAGTAC.1,1,vemurafenib
Data34_GSM5022596_CAAGGCCTCCTAGAAC.1,1,vemurafenib
Data34_GSM5022596_CAAGGCCTCCTATTCA.1,1,vemurafenib
Data34_GSM5022596_CAAGGCCTCGCGTTTC.1,1,vemurafenib
Data34_GSM5022596_CAAGGCCTCTAGCACA.1,1,vemurafenib
Data34_GSM5022596_CAAGGCCTCTCACATT.1,1,vemurafenib
Data34_GSM5022596_CAAGTTGAGGGTGTGT.1,1,vemurafenib
Data34_GSM5022596_CAAGTTGAGTGAATTG.1,1,vemurafenib
Data34_GSM5022596_CAAGTTGCACCGTTGG.1,1,vemurafenib
Data34_GSM5022596_CAAGTTGCAGGGAGAG.1,1,vemurafenib
Data34_GSM5022596_CAAGTTGGTACTTGAC.1,1,vemurafenib
Data34_GSM5022596_CAAGTTGGTAGAGTGC.1,1,vemurafenib
Data34_GSM5022596_CAAGTTGGTTCAGCGC.1,1,vemurafenib
Data34_GSM5022596_CAAGTTGGTTCCACTC.1,1,vemurafenib
Data34_GSM5022596_CAAGTTGTCACTCCTG.1,1,vemurafenib
Data34_GSM5022596_CAAGTTGTCCCTTGCA.1,1,vemurafenib
Data34_GSM5022596_CAAGTTGTCGAGAACG.1,1,vemurafenib
Data34_GSM5022596_CAAGTTGTCTGCTGCT.1,1,vemurafenib
Data34_GSM5022596_CACAAACAGAAGGTTT.1,1,vemurafenib
Data34_GSM5022596_CACAAACAGACTCGGA.1,1,vemurafenib
Data34_GSM5022596_CACAAACAGACTGTAA.1,1,vemurafenib
Data34_GSM5022596_CACAAACAGCTGGAAC.1,1,vemurafenib
Data34_GSM5022596_CACAAACAGGAGTTGC.1,1,vemurafenib
Data34_GSM5022596_CACAAACAGGTGCAAC.1,1,vemurafenib
Data34_GSM5022596_CACAAACGTACACCGC.1,1,vemurafenib
Data34_GSM5022596_CACAAACGTACGACCC.1,1,vemurafenib
Data34_GSM5022596_CACAAACGTCACACGC.1,1,vemurafenib
Data34_GSM5022596_CACAAACGTGGCTCCA.1,1,vemurafenib
Data34_GSM5022596_CACAAACTCCGTTGCT.1,1,vemurafenib
Data34_GSM5022596_CACAAACTCGGAAATA.1,1,vemurafenib
Data34_GSM5022596_CACAAACTCTGCAAGT.1,1,vemurafenib
Data34_GSM5022596_CACACAAAGATCCCGC.1,1,vemurafenib
Data34_GSM5022596_CACACAAAGGTGCAAC.1,1,vemurafenib
Data34_GSM5022596_CACACAAAGTAATCCC.1,1,vemurafenib
Data34_GSM5022596_CACACAAAGTGCAAGC.1,1,vemurafenib
Data34_GSM5022596_CACACAAAGTGTTTGC.1,1,vemurafenib
Data34_GSM5022596_CACACAACAAGCGTAG.1,1,vemurafenib
Data34_GSM5022596_CACACAACATAGACTC.1,1,vemurafenib
Data34_GSM5022596_CACACAAGTATGAATG.1,1,vemurafenib
Data34_GSM5022596_CACACAAGTTTCCACC.1,1,vemurafenib
Data34_GSM5022596_CACACAATCACAGTAC.1,1,vemurafenib
Data34_GSM5022596_CACACAATCAGGTAAA.1,1,vemurafenib
Data34_GSM5022596_CACACAATCCACGTTC.1,1,vemurafenib
Data34_GSM5022596_CACACCTAGACTAAGT.1,1,vemurafenib
Data34_GSM5022596_CACACCTAGATGAGAG.1,1,vemurafenib
Data34_GSM5022596_CACACCTAGCCGGTAA.1,1,vemurafenib
Data34_GSM5022596_CACACCTCATTTCACT.1,1,vemurafenib
Data34_GSM5022596_CACACCTCATTTCAGG.1,1,vemurafenib
Data34_GSM5022596_CACACCTGTAGTGAAT.1,1,vemurafenib
Data34_GSM5022596_CACACCTGTCACAAGG.1,1,vemurafenib
Data34_GSM5022596_CACACCTTCCGGGTGT.1,1,vemurafenib
Data34_GSM5022596_CACACCTTCCTCCTAG.1,1,vemurafenib
Data34_GSM5022596_CACACCTTCTGCGGCA.1,1,vemurafenib
Data34_GSM5022596_CACACCTTCTGGCGTG.1,1,vemurafenib
Data34_GSM5022596_CACACTCAGAAACCAT.1,1,vemurafenib
Data34_GSM5022596_CACACTCAGCAGACTG.1,1,vemurafenib
Data34_GSM5022596_CACACTCAGGGCTTCC.1,1,vemurafenib
Data34_GSM5022596_CACACTCAGTGAATTG.1,1,vemurafenib
Data34_GSM5022596_CACACTCGTAGGAGTC.1,1,vemurafenib
Data34_GSM5022596_CACACTCGTATAATGG.1,1,vemurafenib
Data34_GSM5022596_CACACTCGTCCAGTGC.1,1,vemurafenib
Data34_GSM5022596_CACACTCGTGAGTATA.1,1,vemurafenib
Data34_GSM5022596_CACACTCGTGTAATGA.1,1,vemurafenib
Data34_GSM5022596_CACACTCTCATTGCCC.1,1,vemurafenib
Data34_GSM5022596_CACACTCTCCAAACTG.1,1,vemurafenib
Data34_GSM5022596_CACACTCTCCCACTTG.1,1,vemurafenib
Data34_GSM5022596_CACACTCTCGAGGTAG.1,1,vemurafenib
Data34_GSM5022596_CACACTCTCGTACGGC.1,1,vemurafenib
Data34_GSM5022596_CACAGGCAGCGAAGGG.1,1,vemurafenib
Data34_GSM5022596_CACAGGCAGGCCGAAT.1,1,vemurafenib
Data34_GSM5022596_CACAGGCCAAGCGAGT.1,1,vemurafenib
Data34_GSM5022596_CACAGGCCAAGCGCTC.1,1,vemurafenib
Data34_GSM5022596_CACAGGCCAATGGACG.1,1,vemurafenib
Data34_GSM5022596_CACAGGCCACGGTTTA.1,1,vemurafenib
Data34_GSM5022596_CACAGGCCATCGGAAG.1,1,vemurafenib
Data34_GSM5022596_CACAGGCCATGTTGAC.1,1,vemurafenib
Data34_GSM5022596_CACAGGCGTACGACCC.1,1,vemurafenib
Data34_GSM5022596_CACAGGCGTTCGTGAT.1,1,vemurafenib
Data34_GSM5022596_CACAGGCGTTGGTGGA.1,1,vemurafenib
Data34_GSM5022596_CACAGGCGTTTAGCTG.1,1,vemurafenib
Data34_GSM5022596_CACAGGCTCAGGCGAA.1,1,vemurafenib
Data34_GSM5022596_CACAGGCTCCACGCAG.1,1,vemurafenib
Data34_GSM5022596_CACAGGCTCCGCTGTT.1,1,vemurafenib
Data34_GSM5022596_CACAGGCTCGCTTAGA.1,1,vemurafenib
Data34_GSM5022596_CACAGGCTCGGACAAG.1,1,vemurafenib
Data34_GSM5022596_CACAGGCTCTCAAACG.1,1,vemurafenib
Data34_GSM5022596_CACAGTAAGACAAAGG.1,1,vemurafenib
Data34_GSM5022596_CACAGTAAGACACTAA.1,1,vemurafenib
Data34_GSM5022596_CACAGTAAGACAGGCT.1,1,vemurafenib
Data34_GSM5022596_CACAGTAAGCGAGAAA.1,1,vemurafenib
Data34_GSM5022596_CACAGTAAGCGGATCA.1,1,vemurafenib
Data34_GSM5022596_CACAGTACAAGCCGCT.1,1,vemurafenib
Data34_GSM5022596_CACAGTACACCTCGGA.1,1,vemurafenib
Data34_GSM5022596_CACAGTACACTGCCAG.1,1,vemurafenib
Data34_GSM5022596_CACAGTACATAGAAAC.1,1,vemurafenib
Data34_GSM5022596_CACAGTAGTAAACGCG.1,1,vemurafenib
Data34_GSM5022596_CACAGTAGTAAAGTCA.1,1,vemurafenib
Data34_GSM5022596_CACAGTAGTAACGCGA.1,1,vemurafenib
Data34_GSM5022596_CACAGTAGTACCGAGA.1,1,vemurafenib
Data34_GSM5022596_CACAGTAGTGTCCTCT.1,1,vemurafenib
Data34_GSM5022596_CACAGTATCAACACTG.1,1,vemurafenib
Data34_GSM5022596_CACAGTATCACTTCAT.1,1,vemurafenib
Data34_GSM5022596_CACATAGAGAGTTGGC.1,1,vemurafenib
Data34_GSM5022596_CACATAGAGGACCACA.1,1,vemurafenib
Data34_GSM5022596_CACATAGAGTCCATAC.1,1,vemurafenib
Data34_GSM5022596_CACATAGAGTTGCAGG.1,1,vemurafenib
Data34_GSM5022596_CACATAGCACTTGGAT.1,1,vemurafenib
Data34_GSM5022596_CACATAGGTAGCTCCG.1,1,vemurafenib
Data34_GSM5022596_CACATAGGTAGGCTGA.1,1,vemurafenib
Data34_GSM5022596_CACATAGGTCGATTGT.1,1,vemurafenib
Data34_GSM5022596_CACATAGGTGTTCGAT.1,1,vemurafenib
Data34_GSM5022596_CACATAGTCATCTGCC.1,1,vemurafenib
Data34_GSM5022596_CACATAGTCCGGGTGT.1,1,vemurafenib
Data34_GSM5022596_CACATAGTCGCCTGTT.1,1,vemurafenib
Data34_GSM5022596_CACATAGTCTCGGACG.1,1,vemurafenib
Data34_GSM5022596_CACATTTAGACCACGA.1,1,vemurafenib
Data34_GSM5022596_CACATTTAGGACTGGT.1,1,vemurafenib
Data34_GSM5022596_CACATTTAGTTCGCGC.1,1,vemurafenib
Data34_GSM5022596_CACATTTCACCGAATT.1,1,vemurafenib
Data34_GSM5022596_CACATTTGTAAACGCG.1,1,vemurafenib
Data34_GSM5022596_CACATTTGTACACCGC.1,1,vemurafenib
Data34_GSM5022596_CACATTTGTAGAGGAA.1,1,vemurafenib
Data34_GSM5022596_CACATTTGTCTAGAGG.1,1,vemurafenib
Data34_GSM5022596_CACATTTTCAGGCAAG.1,1,vemurafenib
Data34_GSM5022596_CACATTTTCCAAAGTC.1,1,vemurafenib
Data34_GSM5022596_CACATTTTCCGTAGTA.1,1,vemurafenib
Data34_GSM5022596_CACATTTTCTATCCCG.1,1,vemurafenib
Data34_GSM5022596_CACATTTTCTTAACCT.1,1,vemurafenib
Data34_GSM5022596_CACATTTTCTTACCTA.1,1,vemurafenib
Data34_GSM5022596_CACCACTAGATACACA.1,1,vemurafenib
Data34_GSM5022596_CACCACTAGCTAGTCT.1,1,vemurafenib
Data34_GSM5022596_CACCACTAGGTGATAT.1,1,vemurafenib
Data34_GSM5022596_CACCACTGTAGCGCTC.1,1,vemurafenib
Data34_GSM5022596_CACCACTGTAGCGTAG.1,1,vemurafenib
Data34_GSM5022596_CACCACTGTCCATCCT.1,1,vemurafenib
Data34_GSM5022596_CACCACTTCCGTAGGC.1,1,vemurafenib
Data34_GSM5022596_CACCACTTCGCCAGCA.1,1,vemurafenib
Data34_GSM5022596_CACCACTTCGCGGATC.1,1,vemurafenib
Data34_GSM5022596_CACCACTTCTAACTCT.1,1,vemurafenib
Data34_GSM5022596_CACCACTTCTTGTACT.1,1,vemurafenib
Data34_GSM5022596_CACCAGGAGAAGCCCA.1,1,vemurafenib
Data34_GSM5022596_CACCAGGAGACAGGCT.1,1,vemurafenib
Data34_GSM5022596_CACCAGGAGAGTGACC.1,1,vemurafenib
Data34_GSM5022596_CACCAGGAGGTGACCA.1,1,vemurafenib
Data34_GSM5022596_CACCAGGAGTCCGGTC.1,1,vemurafenib
Data34_GSM5022596_CACCAGGCAGCCACCA.1,1,vemurafenib
Data34_GSM5022596_CACCAGGCAGTTAACC.1,1,vemurafenib
Data34_GSM5022596_CACCAGGCATAGAAAC.1,1,vemurafenib
Data34_GSM5022596_CACCAGGCATCGACGC.1,1,vemurafenib
Data34_GSM5022596_CACCAGGGTATATGAG.1,1,vemurafenib
Data34_GSM5022596_CACCAGGGTCCCGACA.1,1,vemurafenib
Data34_GSM5022596_CACCAGGGTCGCGAAA.1,1,vemurafenib
Data34_GSM5022596_CACCAGGGTGCGCTTG.1,1,vemurafenib
Data34_GSM5022596_CACCAGGGTGGCTCCA.1,1,vemurafenib
Data34_GSM5022596_CACCAGGGTGTGCGTC.1,1,vemurafenib
Data34_GSM5022596_CACCAGGTCAGGTAAA.1,1,vemurafenib
Data34_GSM5022596_CACCAGGTCGCGATCG.1,1,vemurafenib
Data34_GSM5022596_CACCTTGAGAGGTTAT.1,1,vemurafenib
Data34_GSM5022596_CACCTTGAGGACCACA.1,1,vemurafenib
Data34_GSM5022596_CACCTTGAGGATGTAT.1,1,vemurafenib
Data34_GSM5022596_CACCTTGAGGCATTGG.1,1,vemurafenib
Data34_GSM5022596_CACCTTGAGTCAAGCG.1,1,vemurafenib
Data34_GSM5022596_CACCTTGAGTTAACGA.1,1,vemurafenib
Data34_GSM5022596_CACCTTGCACGGTAAG.1,1,vemurafenib
Data34_GSM5022596_CACCTTGCAGTAAGCG.1,1,vemurafenib
Data34_GSM5022596_CACCTTGCAGTCAGAG.1,1,vemurafenib
Data34_GSM5022596_CACCTTGCATCGATGT.1,1,vemurafenib
Data34_GSM5022596_CACCTTGCATGTCGAT.1,1,vemurafenib
Data34_GSM5022596_CACCTTGGTAAATGAC.1,1,vemurafenib
Data34_GSM5022596_CACCTTGGTACGCACC.1,1,vemurafenib
Data34_GSM5022596_CACCTTGGTCAGTGGA.1,1,vemurafenib
Data34_GSM5022596_CACCTTGGTCTCTTAT.1,1,vemurafenib
Data34_GSM5022596_CACCTTGGTGACGGTA.1,1,vemurafenib
Data34_GSM5022596_CACCTTGGTGGACGAT.1,1,vemurafenib
Data34_GSM5022596_CACCTTGTCAGCAACT.1,1,vemurafenib
Data34_GSM5022596_CACCTTGTCCGTAGTA.1,1,vemurafenib
Data34_GSM5022596_CACCTTGTCGAATGGG.1,1,vemurafenib
Data34_GSM5022596_CACCTTGTCGCTGATA.1,1,vemurafenib
Data34_GSM5022596_CACCTTGTCTACTCAT.1,1,vemurafenib
Data34_GSM5022596_CACCTTGTCTACTTAC.1,1,vemurafenib
Data34_GSM5022596_CACTCCAAGACATAAC.1,1,vemurafenib
Data34_GSM5022596_CACTCCAAGAGTACAT.1,1,vemurafenib
Data34_GSM5022596_CACTCCAAGCGAGAAA.1,1,vemurafenib
Data34_GSM5022596_CACTCCAAGGAGTAGA.1,1,vemurafenib
Data34_GSM5022596_CACTCCAAGGGATCTG.1,1,vemurafenib
Data34_GSM5022596_CACTCCACAAGCCTAT.1,1,vemurafenib
Data34_GSM5022596_CACTCCACAAGCGATG.1,1,vemurafenib
Data34_GSM5022596_CACTCCACACTCTGTC.1,1,vemurafenib
Data34_GSM5022596_CACTCCACAGGTCCAC.1,1,vemurafenib
Data34_GSM5022596_CACTCCAGTTCGAATC.1,1,vemurafenib
Data34_GSM5022596_CACTCCATCAGAGGTG.1,1,vemurafenib
Data34_GSM5022596_CACTCCATCAGCACAT.1,1,vemurafenib
Data34_GSM5022596_CACTCCATCCTCTAGC.1,1,vemurafenib
Data34_GSM5022596_CACTCCATCGCCTGAG.1,1,vemurafenib
Data34_GSM5022596_CACTCCATCGCTGATA.1,1,vemurafenib
Data34_GSM5022596_CACTCCATCGGAAACG.1,1,vemurafenib
Data34_GSM5022596_CAGAATCAGAGATGAG.1,1,vemurafenib
Data34_GSM5022596_CAGAATCAGAGCTGGT.1,1,vemurafenib
Data34_GSM5022596_CAGAATCAGAGTGACC.1,1,vemurafenib
Data34_GSM5022596_CAGAATCAGCAGGCTA.1,1,vemurafenib
Data34_GSM5022596_CAGAATCAGCTAGCCC.1,1,vemurafenib
Data34_GSM5022596_CAGAATCAGCTGTCTA.1,1,vemurafenib
Data34_GSM5022596_CAGAATCAGGATCGCA.1,1,vemurafenib
Data34_GSM5022596_CAGAATCAGTGTGGCA.1,1,vemurafenib
Data34_GSM5022596_CAGAATCCAAGTAGTA.1,1,vemurafenib
Data34_GSM5022596_CAGAATCCACCCATGG.1,1,vemurafenib
Data34_GSM5022596_CAGAATCCAGACGCAA.1,1,vemurafenib
Data34_GSM5022596_CAGAATCGTAAAGTCA.1,1,vemurafenib
Data34_GSM5022596_CAGAATCGTACCGTTA.1,1,vemurafenib
Data34_GSM5022596_CAGAATCGTCGAATCT.1,1,vemurafenib
Data34_GSM5022596_CAGAATCTCACAACGT.1,1,vemurafenib
Data34_GSM5022596_CAGAATCTCAGGCGAA.1,1,vemurafenib
Data34_GSM5022596_CAGAATCTCCGCGTTT.1,1,vemurafenib
Data34_GSM5022596_CAGAGAGAGATATACG.1,1,vemurafenib
Data34_GSM5022596_CAGAGAGAGCTCAACT.1,1,vemurafenib
Data34_GSM5022596_CAGAGAGAGCTGCAAG.1,1,vemurafenib
Data34_GSM5022596_CAGAGAGAGGCACATG.1,1,vemurafenib
Data34_GSM5022596_CAGAGAGAGTCCGGTC.1,1,vemurafenib
Data34_GSM5022596_CAGAGAGAGTGTTGAA.1,1,vemurafenib
Data34_GSM5022596_CAGAGAGCAATGGACG.1,1,vemurafenib
Data34_GSM5022596_CAGAGAGCAATGGAGC.1,1,vemurafenib
Data34_GSM5022596_CAGAGAGCACACAGAG.1,1,vemurafenib
Data34_GSM5022596_CAGAGAGCACGAAGCA.1,1,vemurafenib
Data34_GSM5022596_CAGAGAGCAGATGAGC.1,1,vemurafenib
Data34_GSM5022596_CAGAGAGCAGCAGTTT.1,1,vemurafenib
Data34_GSM5022596_CAGAGAGCATCACAAC.1,1,vemurafenib
Data34_GSM5022596_CAGAGAGGTCAACATC.1,1,vemurafenib
Data34_GSM5022596_CAGAGAGGTCGTCTTC.1,1,vemurafenib
Data34_GSM5022596_CAGAGAGGTTAAGACA.1,1,vemurafenib
Data34_GSM5022596_CAGAGAGTCACATAGC.1,1,vemurafenib
Data34_GSM5022596_CAGAGAGTCATAGCAC.1,1,vemurafenib
Data34_GSM5022596_CAGAGAGTCGCCTGAG.1,1,vemurafenib
Data34_GSM5022596_CAGATCAAGGTGGGTT.1,1,vemurafenib
Data34_GSM5022596_CAGATCAAGTCGTTTG.1,1,vemurafenib
Data34_GSM5022596_CAGATCAAGTTGTCGT.1,1,vemurafenib
Data34_GSM5022596_CAGATCACAATCGAAA.1,1,vemurafenib
Data34_GSM5022596_CAGATCACACTGTCGG.1,1,vemurafenib
Data34_GSM5022596_CAGATCACACTGTGTA.1,1,vemurafenib
Data34_GSM5022596_CAGATCACAGGCGATA.1,1,vemurafenib
Data34_GSM5022596_CAGATCAGTAAGGGCT.1,1,vemurafenib
Data34_GSM5022596_CAGATCAGTGAAATCA.1,1,vemurafenib
Data34_GSM5022596_CAGATCAGTTCCACAA.1,1,vemurafenib
Data34_GSM5022596_CAGATCATCGCTGATA.1,1,vemurafenib
Data34_GSM5022596_CAGCAGCAGCCACGCT.1,1,vemurafenib
Data34_GSM5022596_CAGCAGCAGTACGCCC.1,1,vemurafenib
Data34_GSM5022596_CAGCAGCCAATACGCT.1,1,vemurafenib
Data34_GSM5022596_CAGCAGCCAATCCGAT.1,1,vemurafenib
Data34_GSM5022596_CAGCAGCCACAGCGTC.1,1,vemurafenib
Data34_GSM5022596_CAGCAGCCATCCGTGG.1,1,vemurafenib
Data34_GSM5022596_CAGCAGCGTGATGTCT.1,1,vemurafenib
Data34_GSM5022596_CAGCAGCTCGACAGCC.1,1,vemurafenib
Data34_GSM5022596_CAGCATAAGGTAGCCA.1,1,vemurafenib
Data34_GSM5022596_CAGCATAAGTCACGCC.1,1,vemurafenib
Data34_GSM5022596_CAGCATAAGTTGTAGA.1,1,vemurafenib
Data34_GSM5022596_CAGCATACACTGTTAG.1,1,vemurafenib
Data34_GSM5022596_CAGCATACAGGTGCCT.1,1,vemurafenib
Data34_GSM5022596_CAGCATACATCCGTGG.1,1,vemurafenib
Data34_GSM5022596_CAGCATAGTACCGCTG.1,1,vemurafenib
Data34_GSM5022596_CAGCATAGTCCCGACA.1,1,vemurafenib
Data34_GSM5022596_CAGCATAGTGCCTGGT.1,1,vemurafenib
Data34_GSM5022596_CAGCATATCCTACAGA.1,1,vemurafenib
Data34_GSM5022596_CAGCATATCGTTTATC.1,1,vemurafenib
Data34_GSM5022596_CAGCCGAAGATCCCGC.1,1,vemurafenib
Data34_GSM5022596_CAGCCGAAGCCACCTG.1,1,vemurafenib
Data34_GSM5022596_CAGCCGAAGCCAGGAT.1,1,vemurafenib
Data34_GSM5022596_CAGCCGAAGGAATCGC.1,1,vemurafenib
Data34_GSM5022596_CAGCCGAAGGGTTTCT.1,1,vemurafenib
Data34_GSM5022596_CAGCCGACAAGCCGTC.1,1,vemurafenib
Data34_GSM5022596_CAGCCGACACCGGAAA.1,1,vemurafenib
Data34_GSM5022596_CAGCCGACACGACGAA.1,1,vemurafenib
Data34_GSM5022596_CAGCCGACATGGTCAT.1,1,vemurafenib
Data34_GSM5022596_CAGCCGACATTGGCGC.1,1,vemurafenib
Data34_GSM5022596_CAGCCGAGTACCTACA.1,1,vemurafenib
Data34_GSM5022596_CAGCCGAGTCAAGCGA.1,1,vemurafenib
Data34_GSM5022596_CAGCCGAGTCATGCAT.1,1,vemurafenib
Data34_GSM5022596_CAGCCGATCCACGTGG.1,1,vemurafenib
Data34_GSM5022596_CAGCCGATCGAGCCCA.1,1,vemurafenib
Data34_GSM5022596_CAGCCGATCTTGAGAC.1,1,vemurafenib
Data34_GSM5022596_CAGCGACAGAAGGTGA.1,1,vemurafenib
Data34_GSM5022596_CAGCGACAGCGATTCT.1,1,vemurafenib
Data34_GSM5022596_CAGCGACAGCGTCAAG.1,1,vemurafenib
Data34_GSM5022596_CAGCGACAGGCGACAT.1,1,vemurafenib
Data34_GSM5022596_CAGCGACCAATGCCAT.1,1,vemurafenib
Data34_GSM5022596_CAGCGACCAGCTTAAC.1,1,vemurafenib
Data34_GSM5022596_CAGCGACCATGGAATA.1,1,vemurafenib
Data34_GSM5022596_CAGCGACGTCGAAAGC.1,1,vemurafenib
Data34_GSM5022596_CAGCGACTCAAAGACA.1,1,vemurafenib
Data34_GSM5022596_CAGCGACTCGTGGACC.1,1,vemurafenib
Data34_GSM5022596_CAGCGACTCTCCCTGA.1,1,vemurafenib
Data34_GSM5022596_CAGCTAAAGATCCGAG.1,1,vemurafenib
Data34_GSM5022596_CAGCTAAAGCAGGTCA.1,1,vemurafenib
Data34_GSM5022596_CAGCTAAAGGGCTTGA.1,1,vemurafenib
Data34_GSM5022596_CAGCTAACAATGGACG.1,1,vemurafenib
Data34_GSM5022596_CAGCTAACAGATCCAT.1,1,vemurafenib
Data34_GSM5022596_CAGCTAAGTAGAAGGA.1,1,vemurafenib
Data34_GSM5022596_CAGCTAAGTAGCGCAA.1,1,vemurafenib
Data34_GSM5022596_CAGCTAAGTAGCGTGA.1,1,vemurafenib
Data34_GSM5022596_CAGCTAAGTCGGCTCA.1,1,vemurafenib
Data34_GSM5022596_CAGCTAAGTTTAGGAA.1,1,vemurafenib
Data34_GSM5022596_CAGCTAATCGTCACGG.1,1,vemurafenib
Data34_GSM5022596_CAGCTGGAGACCGGAT.1,1,vemurafenib
Data34_GSM5022596_CAGCTGGAGATCCGAG.1,1,vemurafenib
Data34_GSM5022596_CAGCTGGAGGTGTGGT.1,1,vemurafenib
Data34_GSM5022596_CAGCTGGCAAGTCTGT.1,1,vemurafenib
Data34_GSM5022596_CAGCTGGCACACTGCG.1,1,vemurafenib
Data34_GSM5022596_CAGCTGGCACGGTGTC.1,1,vemurafenib
Data34_GSM5022596_CAGCTGGCATCCCATC.1,1,vemurafenib
Data34_GSM5022596_CAGCTGGGTCTCCACT.1,1,vemurafenib
Data34_GSM5022596_CAGCTGGGTTAAAGAC.1,1,vemurafenib
Data34_GSM5022596_CAGCTGGTCAACGCTA.1,1,vemurafenib
Data34_GSM5022596_CAGCTGGTCTGTTTGT.1,1,vemurafenib
Data34_GSM5022596_CAGGTGCAGACCGGAT.1,1,vemurafenib
Data34_GSM5022596_CAGGTGCAGAGACGAA.1,1,vemurafenib
Data34_GSM5022596_CAGGTGCAGAGCAATT.1,1,vemurafenib
Data34_GSM5022596_CAGGTGCAGCGCCTCA.1,1,vemurafenib
Data34_GSM5022596_CAGGTGCAGCTCAACT.1,1,vemurafenib
Data34_GSM5022596_CAGGTGCAGGCAATTA.1,1,vemurafenib
Data34_GSM5022596_CAGGTGCCAATCCGAT.1,1,vemurafenib
Data34_GSM5022596_CAGGTGCCACAGGCCT.1,1,vemurafenib
Data34_GSM5022596_CAGGTGCCAGAAGCAC.1,1,vemurafenib
Data34_GSM5022596_CAGGTGCCAGCGTAAG.1,1,vemurafenib
Data34_GSM5022596_CAGGTGCCAGTCGATT.1,1,vemurafenib
Data34_GSM5022596_CAGGTGCCATGGTAGG.1,1,vemurafenib
Data34_GSM5022596_CAGGTGCGTCGGATCC.1,1,vemurafenib
Data34_GSM5022596_CAGGTGCGTGATGATA.1,1,vemurafenib
Data34_GSM5022596_CAGGTGCTCATGCTCC.1,1,vemurafenib
Data34_GSM5022596_CAGGTGCTCCGCATCT.1,1,vemurafenib
Data34_GSM5022596_CAGGTGCTCCTTGACC.1,1,vemurafenib
Data34_GSM5022596_CAGGTGCTCTGCGACG.1,1,vemurafenib
Data34_GSM5022596_CAGTAACAGTCTCAAC.1,1,vemurafenib
Data34_GSM5022596_CAGTAACAGTTCCACA.1,1,vemurafenib
Data34_GSM5022596_CAGTAACCAAGCTGGA.1,1,vemurafenib
Data34_GSM5022596_CAGTAACCACACAGAG.1,1,vemurafenib
Data34_GSM5022596_CAGTAACCACTGCCAG.1,1,vemurafenib
Data34_GSM5022596_CAGTAACCATGTAAGA.1,1,vemurafenib
Data34_GSM5022596_CAGTAACGTAGCGTAG.1,1,vemurafenib
Data34_GSM5022596_CAGTAACGTCCATCCT.1,1,vemurafenib
Data34_GSM5022596_CAGTAACTCACCCTCA.1,1,vemurafenib
Data34_GSM5022596_CAGTAACTCACGATGT.1,1,vemurafenib
Data34_GSM5022596_CAGTAACTCACTCCTG.1,1,vemurafenib
Data34_GSM5022596_CAGTAACTCCTGTAGA.1,1,vemurafenib
Data34_GSM5022596_CAGTAACTCGAATGCT.1,1,vemurafenib
Data34_GSM5022596_CAGTAACTCGCATGAT.1,1,vemurafenib
Data34_GSM5022596_CAGTAACTCGGCGCAT.1,1,vemurafenib
Data34_GSM5022596_CAGTAACTCGTAGGTT.1,1,vemurafenib
Data34_GSM5022596_CAGTAACTCTACTATC.1,1,vemurafenib
Data34_GSM5022596_CAGTAACTCTGCTGTC.1,1,vemurafenib
Data34_GSM5022596_CAGTAACTCTTGACGA.1,1,vemurafenib
Data34_GSM5022596_CAGTCCTAGATACACA.1,1,vemurafenib
Data34_GSM5022596_CAGTCCTAGCGTCTAT.1,1,vemurafenib
Data34_GSM5022596_CAGTCCTAGTGAAGTT.1,1,vemurafenib
Data34_GSM5022596_CAGTCCTCAGTCTTCC.1,1,vemurafenib
Data34_GSM5022596_CAGTCCTCATGGATGG.1,1,vemurafenib
Data34_GSM5022596_CAGTCCTCATTTGCTT.1,1,vemurafenib
Data34_GSM5022596_CAGTCCTGTACCAGTT.1,1,vemurafenib
Data34_GSM5022596_CAGTCCTGTGCGGTAA.1,1,vemurafenib
Data34_GSM5022596_CAGTCCTGTTGTTTGG.1,1,vemurafenib
Data34_GSM5022596_CAGTCCTTCAATCACG.1,1,vemurafenib
Data34_GSM5022596_CAGTCCTTCCAGGGCT.1,1,vemurafenib
Data34_GSM5022596_CAGTCCTTCCGTACAA.1,1,vemurafenib
Data34_GSM5022596_CAGTCCTTCTCTTATG.1,1,vemurafenib
Data34_GSM5022596_CATATGGAGAAGCCCA.1,1,vemurafenib
Data34_GSM5022596_CATATGGAGCCTTGAT.1,1,vemurafenib
Data34_GSM5022596_CATATGGAGCTAGGCA.1,1,vemurafenib
Data34_GSM5022596_CATATGGAGGAGTACC.1,1,vemurafenib
Data34_GSM5022596_CATATGGAGGATCGCA.1,1,vemurafenib
Data34_GSM5022596_CATATGGAGGCAATTA.1,1,vemurafenib
Data34_GSM5022596_CATATGGAGTCCGGTC.1,1,vemurafenib
Data34_GSM5022596_CATATGGAGTGTTTGC.1,1,vemurafenib
Data34_GSM5022596_CATATGGCAAGCGAGT.1,1,vemurafenib
Data34_GSM5022596_CATATGGCACTTAACG.1,1,vemurafenib
Data34_GSM5022596_CATATGGCAGACGCTC.1,1,vemurafenib
Data34_GSM5022596_CATATGGCAGGTGCCT.1,1,vemurafenib
Data34_GSM5022596_CATATGGCAGTCACTA.1,1,vemurafenib
Data34_GSM5022596_CATATGGCATTATCTC.1,1,vemurafenib
Data34_GSM5022596_CATATGGGTGTGCCTG.1,1,vemurafenib
Data34_GSM5022596_CATATGGTCAACTCTT.1,1,vemurafenib
Data34_GSM5022596_CATATTCAGAGCTATA.1,1,vemurafenib
Data34_GSM5022596_CATATTCAGCGACGTA.1,1,vemurafenib
Data34_GSM5022596_CATATTCAGTGTCCCG.1,1,vemurafenib
Data34_GSM5022596_CATATTCCACAGATTC.1,1,vemurafenib
Data34_GSM5022596_CATATTCCACCTTGTC.1,1,vemurafenib
Data34_GSM5022596_CATATTCGTTTGTTTC.1,1,vemurafenib
Data34_GSM5022596_CATATTCTCAACACTG.1,1,vemurafenib
Data34_GSM5022596_CATATTCTCACAGGCC.1,1,vemurafenib
Data34_GSM5022596_CATATTCTCCATGCTC.1,1,vemurafenib
Data34_GSM5022596_CATATTCTCGACCAGC.1,1,vemurafenib
Data34_GSM5022596_CATCAAGAGTCAAGCG.1,1,vemurafenib
Data34_GSM5022596_CATCAAGAGTTTGCGT.1,1,vemurafenib
Data34_GSM5022596_CATCAAGCACATCCGG.1,1,vemurafenib
Data34_GSM5022596_CATCAAGCACGGCCAT.1,1,vemurafenib
Data34_GSM5022596_CATCAAGCAGGCAGTA.1,1,vemurafenib
Data34_GSM5022596_CATCAAGCAGTAACGG.1,1,vemurafenib
Data34_GSM5022596_CATCAAGCATATGCTG.1,1,vemurafenib
Data34_GSM5022596_CATCAAGGTAAACGCG.1,1,vemurafenib
Data34_GSM5022596_CATCAAGGTCACCCAG.1,1,vemurafenib
Data34_GSM5022596_CATCAAGGTCCAGTGC.1,1,vemurafenib
Data34_GSM5022596_CATCAAGGTCGAGTTT.1,1,vemurafenib
Data34_GSM5022596_CATCAAGTCAAGCCTA.1,1,vemurafenib
Data34_GSM5022596_CATCAAGTCAGATAAG.1,1,vemurafenib
Data34_GSM5022596_CATCAAGTCCAATGGT.1,1,vemurafenib
Data34_GSM5022596_CATCAAGTCCTCATTA.1,1,vemurafenib
Data34_GSM5022596_CATCAAGTCGACAGCC.1,1,vemurafenib
Data34_GSM5022596_CATCAAGTCTGGGCCA.1,1,vemurafenib
Data34_GSM5022596_CATCAAGTCTTGTCAT.1,1,vemurafenib
Data34_GSM5022596_CATCAGAAGAGGACGG.1,1,vemurafenib
Data34_GSM5022596_CATCAGAAGTGGAGTC.1,1,vemurafenib
Data34_GSM5022596_CATCAGACAGTCAGCC.1,1,vemurafenib
Data34_GSM5022596_CATCAGAGTAGCCTCG.1,1,vemurafenib
Data34_GSM5022596_CATCAGAGTCATCGGC.1,1,vemurafenib
Data34_GSM5022596_CATCAGAGTCTAGAGG.1,1,vemurafenib
Data34_GSM5022596_CATCAGATCAACCAAC.1,1,vemurafenib
Data34_GSM5022596_CATCAGATCTCATTCA.1,1,vemurafenib
Data34_GSM5022596_CATCAGATCTGATTCT.1,1,vemurafenib
Data34_GSM5022596_CATCCACAGACGCACA.1,1,vemurafenib
Data34_GSM5022596_CATCCACAGCACCGCT.1,1,vemurafenib
Data34_GSM5022596_CATCCACAGCGTGAAC.1,1,vemurafenib
Data34_GSM5022596_CATCCACAGCTCCTCT.1,1,vemurafenib
Data34_GSM5022596_CATCCACAGGCTCAGA.1,1,vemurafenib
Data34_GSM5022596_CATCCACCAAAGGAAG.1,1,vemurafenib
Data34_GSM5022596_CATCCACCAACGATCT.1,1,vemurafenib
Data34_GSM5022596_CATCCACCACACGCTG.1,1,vemurafenib
Data34_GSM5022596_CATCCACCACTCGACG.1,1,vemurafenib
Data34_GSM5022596_CATCCACCATCAGTCA.1,1,vemurafenib
Data34_GSM5022596_CATCCACCATCGGTTA.1,1,vemurafenib
Data34_GSM5022596_CATCCACGTAAGAGGA.1,1,vemurafenib
Data34_GSM5022596_CATCCACGTACAGTTC.1,1,vemurafenib
Data34_GSM5022596_CATCCACGTACCAGTT.1,1,vemurafenib
Data34_GSM5022596_CATCCACGTAGCCTAT.1,1,vemurafenib
Data34_GSM5022596_CATCCACGTATAAACG.1,1,vemurafenib
Data34_GSM5022596_CATCCACGTCCGAAGA.1,1,vemurafenib
Data34_GSM5022596_CATCCACGTCGAGATG.1,1,vemurafenib
Data34_GSM5022596_CATCCACTCAACACGT.1,1,vemurafenib
Data34_GSM5022596_CATCCACTCGCAAGCC.1,1,vemurafenib
Data34_GSM5022596_CATCCACTCGTACCGG.1,1,vemurafenib
Data34_GSM5022596_CATCCACTCTCACATT.1,1,vemurafenib
Data34_GSM5022596_CATCCACTCTTTAGGG.1,1,vemurafenib
Data34_GSM5022596_CATCGAAAGATGTGTA.1,1,vemurafenib
Data34_GSM5022596_CATCGAAAGCTAGCCC.1,1,vemurafenib
Data34_GSM5022596_CATCGAAAGGCAAAGA.1,1,vemurafenib
Data34_GSM5022596_CATCGAACAGCTGCAC.1,1,vemurafenib
Data34_GSM5022596_CATCGAACAGTATAAG.1,1,vemurafenib
Data34_GSM5022596_CATCGAACAGTGAGTG.1,1,vemurafenib
Data34_GSM5022596_CATCGAAGTACAGACG.1,1,vemurafenib
Data34_GSM5022596_CATCGAAGTCCGAATT.1,1,vemurafenib
Data34_GSM5022596_CATCGAATCAGTTGAC.1,1,vemurafenib
Data34_GSM5022596_CATCGAATCCAGAAGG.1,1,vemurafenib
Data34_GSM5022596_CATCGAATCGCTTGTC.1,1,vemurafenib
Data34_GSM5022596_CATCGAATCGGAATCT.1,1,vemurafenib
Data34_GSM5022596_CATCGAATCTGGTGTA.1,1,vemurafenib
Data34_GSM5022596_CATCGAATCTTATCTG.1,1,vemurafenib
Data34_GSM5022596_CATCGGGAGCGATAGC.1,1,vemurafenib
Data34_GSM5022596_CATCGGGAGGGCATGT.1,1,vemurafenib
Data34_GSM5022596_CATCGGGAGTGAACGC.1,1,vemurafenib
Data34_GSM5022596_CATCGGGCAAGGACAC.1,1,vemurafenib
Data34_GSM5022596_CATCGGGCAAGTTAAG.1,1,vemurafenib
Data34_GSM5022596_CATCGGGCATGAGCGA.1,1,vemurafenib
Data34_GSM5022596_CATCGGGCATTCGACA.1,1,vemurafenib
Data34_GSM5022596_CATCGGGCATTCTTAC.1,1,vemurafenib
Data34_GSM5022596_CATCGGGCATTGGCGC.1,1,vemurafenib
Data34_GSM5022596_CATCGGGGTCGTGGCT.1,1,vemurafenib
Data34_GSM5022596_CATCGGGGTTACGACT.1,1,vemurafenib
Data34_GSM5022596_CATCGGGTCAGCTTAG.1,1,vemurafenib
Data34_GSM5022596_CATCGGGTCGACGGAA.1,1,vemurafenib
Data34_GSM5022596_CATGACAAGAGACGAA.1,1,vemurafenib
Data34_GSM5022596_CATGACAAGCATGGCA.1,1,vemurafenib
Data34_GSM5022596_CATGACACAAATCCGT.1,1,vemurafenib
Data34_GSM5022596_CATGACACACAGCCCA.1,1,vemurafenib
Data34_GSM5022596_CATGACACAGAGTGTG.1,1,vemurafenib
Data34_GSM5022596_CATGACAGTACCTACA.1,1,vemurafenib
Data34_GSM5022596_CATGACAGTAGCTAAA.1,1,vemurafenib
Data34_GSM5022596_CATGACAGTCTCTCTG.1,1,vemurafenib
Data34_GSM5022596_CATGACAGTGACTACT.1,1,vemurafenib
Data34_GSM5022596_CATGACAGTGAGTGAC.1,1,vemurafenib
Data34_GSM5022596_CATGACAGTTAGGGTG.1,1,vemurafenib
Data34_GSM5022596_CATGCCTAGACAGGCT.1,1,vemurafenib
Data34_GSM5022596_CATGCCTAGCAATATG.1,1,vemurafenib
Data34_GSM5022596_CATGCCTAGCAATCTC.1,1,vemurafenib
Data34_GSM5022596_CATGCCTAGGGATACC.1,1,vemurafenib
Data34_GSM5022596_CATGCCTCAATCGAAA.1,1,vemurafenib
Data34_GSM5022596_CATGCCTCACGTCAGC.1,1,vemurafenib
Data34_GSM5022596_CATGCCTCATGCCACG.1,1,vemurafenib
Data34_GSM5022596_CATGCCTGTAAAGTCA.1,1,vemurafenib
Data34_GSM5022596_CATGCCTGTAAGGATT.1,1,vemurafenib
Data34_GSM5022596_CATGCCTGTATTACCG.1,1,vemurafenib
Data34_GSM5022596_CATGCCTGTGTATGGG.1,1,vemurafenib
Data34_GSM5022596_CATGCCTGTGTCCTCT.1,1,vemurafenib
Data34_GSM5022596_CATGCCTTCAAGGCTT.1,1,vemurafenib
Data34_GSM5022596_CATGCCTTCACGCGGT.1,1,vemurafenib
Data34_GSM5022596_CATGCCTTCTAGAGTC.1,1,vemurafenib
Data34_GSM5022596_CATGGCGAGCGGATCA.1,1,vemurafenib
Data34_GSM5022596_CATGGCGAGCTACCGC.1,1,vemurafenib
Data34_GSM5022596_CATGGCGAGGAATCGC.1,1,vemurafenib
Data34_GSM5022596_CATGGCGAGGAATGGA.1,1,vemurafenib
Data34_GSM5022596_CATGGCGAGGACACCA.1,1,vemurafenib
Data34_GSM5022596_CATGGCGCAAGGACTG.1,1,vemurafenib
Data34_GSM5022596_CATGGCGGTAACGCGA.1,1,vemurafenib
Data34_GSM5022596_CATGGCGGTAGGCTGA.1,1,vemurafenib
Data34_GSM5022596_CATGGCGGTCATGCCG.1,1,vemurafenib
Data34_GSM5022596_CATGGCGGTTGCCTCT.1,1,vemurafenib
Data34_GSM5022596_CATGGCGTCAAGAAGT.1,1,vemurafenib
Data34_GSM5022596_CATGGCGTCAGCATGT.1,1,vemurafenib
Data34_GSM5022596_CATGGCGTCTGTTGAG.1,1,vemurafenib
Data34_GSM5022596_CATTATCAGACTAGGC.1,1,vemurafenib
Data34_GSM5022596_CATTATCAGAGGTTAT.1,1,vemurafenib
Data34_GSM5022596_CATTATCAGCGTTGCC.1,1,vemurafenib
Data34_GSM5022596_CATTATCCAGACAAAT.1,1,vemurafenib
Data34_GSM5022596_CATTATCCAGAGTGTG.1,1,vemurafenib
Data34_GSM5022596_CATTATCCAGCCTGTG.1,1,vemurafenib
Data34_GSM5022596_CATTATCCATATACCG.1,1,vemurafenib
Data34_GSM5022596_CATTATCCATGCTGGC.1,1,vemurafenib
Data34_GSM5022596_CATTATCGTAAACGCG.1,1,vemurafenib
Data34_GSM5022596_CATTATCGTAATCGTC.1,1,vemurafenib
Data34_GSM5022596_CATTATCGTAGCGTGA.1,1,vemurafenib
Data34_GSM5022596_CATTATCGTTGAGTTC.1,1,vemurafenib
Data34_GSM5022596_CATTATCTCCGTACAA.1,1,vemurafenib
Data34_GSM5022596_CATTATCTCGGAGGTA.1,1,vemurafenib
Data34_GSM5022596_CATTCGCAGAAGGACA.1,1,vemurafenib
Data34_GSM5022596_CATTCGCAGAATTCCC.1,1,vemurafenib
Data34_GSM5022596_CATTCGCAGAGTGAGA.1,1,vemurafenib
Data34_GSM5022596_CATTCGCAGCAATATG.1,1,vemurafenib
Data34_GSM5022596_CATTCGCAGGCTATCT.1,1,vemurafenib
Data34_GSM5022596_CATTCGCCAAAGAATC.1,1,vemurafenib
Data34_GSM5022596_CATTCGCGTCGAGATG.1,1,vemurafenib
Data34_GSM5022596_CATTCGCGTTCGCGAC.1,1,vemurafenib
Data34_GSM5022596_CATTCGCTCGGACAAG.1,1,vemurafenib
Data34_GSM5022596_CATTCGCTCGTTGACA.1,1,vemurafenib
Data34_GSM5022596_CCAATCCAGACTACAA.1,1,vemurafenib
Data34_GSM5022596_CCAATCCAGCTCTCGG.1,1,vemurafenib
Data34_GSM5022596_CCAATCCAGGGCTTCC.1,1,vemurafenib
Data34_GSM5022596_CCAATCCAGGTGCACA.1,1,vemurafenib
Data34_GSM5022596_CCAATCCAGTTCGCGC.1,1,vemurafenib
Data34_GSM5022596_CCAATCCGTACGAAAT.1,1,vemurafenib
Data34_GSM5022596_CCAATCCGTACGCACC.1,1,vemurafenib
Data34_GSM5022596_CCAATCCGTATTACCG.1,1,vemurafenib
Data34_GSM5022596_CCAATCCGTGAGGGTT.1,1,vemurafenib
Data34_GSM5022596_CCAATCCGTGTATGGG.1,1,vemurafenib
Data34_GSM5022596_CCAATCCGTGTGACGA.1,1,vemurafenib
Data34_GSM5022596_CCAATCCTCAACGAAA.1,1,vemurafenib
Data34_GSM5022596_CCAATCCTCCGGGTGT.1,1,vemurafenib
Data34_GSM5022596_CCAATCCTCGCCCTTA.1,1,vemurafenib
Data34_GSM5022596_CCACCTAAGCCGTCGT.1,1,vemurafenib
Data34_GSM5022596_CCACCTAAGTGGAGAA.1,1,vemurafenib
Data34_GSM5022596_CCACCTACAAACCTAC.1,1,vemurafenib
Data34_GSM5022596_CCACCTACAATAACGA.1,1,vemurafenib
Data34_GSM5022596_CCACCTACACAAGACG.1,1,vemurafenib
Data34_GSM5022596_CCACCTACACGTCTCT.1,1,vemurafenib
Data34_GSM5022596_CCACCTAGTAGCTTGT.1,1,vemurafenib
Data34_GSM5022596_CCACCTAGTCAAGCGA.1,1,vemurafenib
Data34_GSM5022596_CCACCTATCATACGGT.1,1,vemurafenib
Data34_GSM5022596_CCACCTATCCAAACAC.1,1,vemurafenib
Data34_GSM5022596_CCACCTATCCTTTCGG.1,1,vemurafenib
Data34_GSM5022596_CCACCTATCGTTTATC.1,1,vemurafenib
Data34_GSM5022596_CCACGGAAGCTGTTCA.1,1,vemurafenib
Data34_GSM5022596_CCACGGACAGACACTT.1,1,vemurafenib
Data34_GSM5022596_CCACGGACAGATCTGT.1,1,vemurafenib
Data34_GSM5022596_CCACGGACAGCCTTGG.1,1,vemurafenib
Data34_GSM5022596_CCACGGACATACCATG.1,1,vemurafenib
Data34_GSM5022596_CCACGGAGTCTGATTG.1,1,vemurafenib
Data34_GSM5022596_CCACGGAGTGTGAATA.1,1,vemurafenib
Data34_GSM5022596_CCACGGAGTTCGCGAC.1,1,vemurafenib
Data34_GSM5022596_CCACGGATCACCTCGT.1,1,vemurafenib
Data34_GSM5022596_CCACGGATCTCGCATC.1,1,vemurafenib
Data34_GSM5022596_CCACGGATCTGGCGAC.1,1,vemurafenib
Data34_GSM5022596_CCACTACAGAAACCGC.1,1,vemurafenib
Data34_GSM5022596_CCACTACAGCGTTTAC.1,1,vemurafenib
Data34_GSM5022596_CCACTACAGGAGTCTG.1,1,vemurafenib
Data34_GSM5022596_CCACTACAGGATGCGT.1,1,vemurafenib
Data34_GSM5022596_CCACTACAGGTGACCA.1,1,vemurafenib
Data34_GSM5022596_CCACTACAGGTGTTAA.1,1,vemurafenib
Data34_GSM5022596_CCACTACAGTTAGCGG.1,1,vemurafenib
Data34_GSM5022596_CCACTACCACCGAATT.1,1,vemurafenib
Data34_GSM5022596_CCACTACTCAACCATG.1,1,vemurafenib
Data34_GSM5022596_CCACTACTCACCCGAG.1,1,vemurafenib
Data34_GSM5022596_CCACTACTCCCAAGTA.1,1,vemurafenib
Data34_GSM5022596_CCACTACTCGCCATAA.1,1,vemurafenib
Data34_GSM5022596_CCAGCGAAGAAAGTGG.1,1,vemurafenib
Data34_GSM5022596_CCAGCGAAGCCCTAAT.1,1,vemurafenib
Data34_GSM5022596_CCAGCGACAAGCTGTT.1,1,vemurafenib
Data34_GSM5022596_CCAGCGAGTCCCGACA.1,1,vemurafenib
Data34_GSM5022596_CCAGCGATCGGATGGA.1,1,vemurafenib
Data34_GSM5022596_CCAGCGATCTAACTCT.1,1,vemurafenib
Data34_GSM5022596_CCAGCGATCTGTCCGT.1,1,vemurafenib
Data34_GSM5022596_CCAGCGATCTTGTTTG.1,1,vemurafenib
Data34_GSM5022596_CCATGTCAGAGTAATC.1,1,vemurafenib
Data34_GSM5022596_CCATGTCAGCCTATGT.1,1,vemurafenib
Data34_GSM5022596_CCATGTCAGGGTTCCC.1,1,vemurafenib
Data34_GSM5022596_CCATGTCAGTCCATAC.1,1,vemurafenib
Data34_GSM5022596_CCATGTCAGTGAACAT.1,1,vemurafenib
Data34_GSM5022596_CCATGTCCAAGCGCTC.1,1,vemurafenib
Data34_GSM5022596_CCATGTCCACATCCGG.1,1,vemurafenib
Data34_GSM5022596_CCATGTCCACCATGTA.1,1,vemurafenib
Data34_GSM5022596_CCATGTCCACGGATAG.1,1,vemurafenib
Data34_GSM5022596_CCATGTCCAGGTTTCA.1,1,vemurafenib
Data34_GSM5022596_CCATGTCCATCAGTAC.1,1,vemurafenib
Data34_GSM5022596_CCATGTCGTGTCAATC.1,1,vemurafenib
Data34_GSM5022596_CCATGTCGTTTGACTG.1,1,vemurafenib
Data34_GSM5022596_CCATGTCTCAGTGCAT.1,1,vemurafenib
Data34_GSM5022596_CCATGTCTCTTACCGC.1,1,vemurafenib
Data34_GSM5022596_CCATTCGCACACCGCA.1,1,vemurafenib
Data34_GSM5022596_CCATTCGCACCTATCC.1,1,vemurafenib
Data34_GSM5022596_CCATTCGCACGTAAGG.1,1,vemurafenib
Data34_GSM5022596_CCATTCGCACTAAGTC.1,1,vemurafenib
Data34_GSM5022596_CCATTCGGTCATGCCG.1,1,vemurafenib
Data34_GSM5022596_CCATTCGTCATCACCC.1,1,vemurafenib
Data34_GSM5022596_CCATTCGTCCGAACGC.1,1,vemurafenib
Data34_GSM5022596_CCATTCGTCCGAATGT.1,1,vemurafenib
Data34_GSM5022596_CCATTCGTCTCACATT.1,1,vemurafenib
Data34_GSM5022596_CCCAATCAGCCACCTG.1,1,vemurafenib
Data34_GSM5022596_CCCAATCCAAAGCGGT.1,1,vemurafenib
Data34_GSM5022596_CCCAATCGTACCAGTT.1,1,vemurafenib
Data34_GSM5022596_CCCAATCGTCTCTCGT.1,1,vemurafenib
Data34_GSM5022596_CCCAATCGTTATTCTC.1,1,vemurafenib
Data34_GSM5022596_CCCAATCTCCAAATGC.1,1,vemurafenib
Data34_GSM5022596_CCCAATCTCCATGAGT.1,1,vemurafenib
Data34_GSM5022596_CCCAATCTCGAATCCA.1,1,vemurafenib
Data34_GSM5022596_CCCAATCTCTAAGCCA.1,1,vemurafenib
Data34_GSM5022596_CCCAATCTCTTCTGGC.1,1,vemurafenib
Data34_GSM5022596_CCCAGTTAGAAAGTGG.1,1,vemurafenib
Data34_GSM5022596_CCCAGTTAGAGACTAT.1,1,vemurafenib
Data34_GSM5022596_CCCAGTTCAAGCCGCT.1,1,vemurafenib
Data34_GSM5022596_CCCAGTTCACCTGGTG.1,1,vemurafenib
Data34_GSM5022596_CCCAGTTCACTCGACG.1,1,vemurafenib
Data34_GSM5022596_CCCAGTTCAGGAATGC.1,1,vemurafenib
Data34_GSM5022596_CCCAGTTCAGGGCATA.1,1,vemurafenib
Data34_GSM5022596_CCCAGTTCATGGAATA.1,1,vemurafenib
Data34_GSM5022596_CCCAGTTGTCTAGCCG.1,1,vemurafenib
Data34_GSM5022596_CCCAGTTTCCGTTGCT.1,1,vemurafenib
Data34_GSM5022596_CCCAGTTTCTAACTGG.1,1,vemurafenib
Data34_GSM5022596_CCCATACAGACTGTAA.1,1,vemurafenib
Data34_GSM5022596_CCCATACAGATCTGAA.1,1,vemurafenib
Data34_GSM5022596_CCCATACAGCCTCGTG.1,1,vemurafenib
Data34_GSM5022596_CCCATACAGCTAACTC.1,1,vemurafenib
Data34_GSM5022596_CCCATACAGGATGCGT.1,1,vemurafenib
Data34_GSM5022596_CCCATACAGTATCTCG.1,1,vemurafenib
Data34_GSM5022596_CCCATACCATCACCCT.1,1,vemurafenib
Data34_GSM5022596_CCCATACGTAAGCACG.1,1,vemurafenib
Data34_GSM5022596_CCCATACGTGAACCTT.1,1,vemurafenib
Data34_GSM5022596_CCCATACGTTAAAGTG.1,1,vemurafenib
Data34_GSM5022596_CCCATACGTTAAGACA.1,1,vemurafenib
Data34_GSM5022596_CCCATACGTTCCGTCT.1,1,vemurafenib
Data34_GSM5022596_CCCATACTCCGTTGCT.1,1,vemurafenib
Data34_GSM5022596_CCCATACTCGGAATCT.1,1,vemurafenib
Data34_GSM5022596_CCCATACTCGTCTGAA.1,1,vemurafenib
Data34_GSM5022596_CCCATACTCTCAAACG.1,1,vemurafenib
Data34_GSM5022596_CCCTCCTAGAGACGAA.1,1,vemurafenib
Data34_GSM5022596_CCCTCCTAGCAACGGT.1,1,vemurafenib
Data34_GSM5022596_CCCTCCTAGGGATCTG.1,1,vemurafenib
Data34_GSM5022596_CCCTCCTAGGTGCAAC.1,1,vemurafenib
Data34_GSM5022596_CCCTCCTAGTGTACTC.1,1,vemurafenib
Data34_GSM5022596_CCCTCCTCAGATGGCA.1,1,vemurafenib
Data34_GSM5022596_CCCTCCTCATATGAGA.1,1,vemurafenib
Data34_GSM5022596_CCCTCCTGTAGCCTCG.1,1,vemurafenib
Data34_GSM5022596_CCCTCCTGTCCGAACC.1,1,vemurafenib
Data34_GSM5022596_CCCTCCTGTCTTGATG.1,1,vemurafenib
Data34_GSM5022596_CCCTCCTGTGAGTATA.1,1,vemurafenib
Data34_GSM5022596_CCCTCCTTCAAACGGG.1,1,vemurafenib
Data34_GSM5022596_CCCTCCTTCCGATATG.1,1,vemurafenib
Data34_GSM5022596_CCGGGATAGTTGAGTA.1,1,vemurafenib
Data34_GSM5022596_CCGGGATCAAGTCATC.1,1,vemurafenib
Data34_GSM5022596_CCGGGATCACGCGAAA.1,1,vemurafenib
Data34_GSM5022596_CCGGGATCAGCATGAG.1,1,vemurafenib
Data34_GSM5022596_CCGGGATCATGGTAGG.1,1,vemurafenib
Data34_GSM5022596_CCGGGATGTACTCAAC.1,1,vemurafenib
Data34_GSM5022596_CCGGGATGTCGCATAT.1,1,vemurafenib
Data34_GSM5022596_CCGGGATGTGACGGTA.1,1,vemurafenib
Data34_GSM5022596_CCGGGATGTTAGGGTG.1,1,vemurafenib
Data34_GSM5022596_CCGGGATGTTATGTGC.1,1,vemurafenib
Data34_GSM5022596_CCGGGATGTTTGGGCC.1,1,vemurafenib
Data34_GSM5022596_CCGGGATTCACTCTTA.1,1,vemurafenib
Data34_GSM5022596_CCGGGATTCCACTGGG.1,1,vemurafenib
Data34_GSM5022596_CCGGGATTCGTCACGG.1,1,vemurafenib
Data34_GSM5022596_CCGGGATTCTTTAGGG.1,1,vemurafenib
Data34_GSM5022596_CCGGTAGAGATCTGCT.1,1,vemurafenib
Data34_GSM5022596_CCGGTAGAGATGCGAC.1,1,vemurafenib
Data34_GSM5022596_CCGGTAGAGGGTATCG.1,1,vemurafenib
Data34_GSM5022596_CCGGTAGAGGGTTCCC.1,1,vemurafenib
Data34_GSM5022596_CCGGTAGCAAATACAG.1,1,vemurafenib
Data34_GSM5022596_CCGGTAGCAATCACAC.1,1,vemurafenib
Data34_GSM5022596_CCGGTAGCACTTCTGC.1,1,vemurafenib
Data34_GSM5022596_CCGGTAGCAGAGTGTG.1,1,vemurafenib
Data34_GSM5022596_CCGGTAGCAGCTGGCT.1,1,vemurafenib
Data34_GSM5022596_CCGGTAGCATACGCCG.1,1,vemurafenib
Data34_GSM5022596_CCGGTAGCATACGCTA.1,1,vemurafenib
Data34_GSM5022596_CCGGTAGGTTCCATGA.1,1,vemurafenib
Data34_GSM5022596_CCGGTAGTCACTTATC.1,1,vemurafenib
Data34_GSM5022596_CCGGTAGTCCGTCATC.1,1,vemurafenib
Data34_GSM5022596_CCGGTAGTCCTTGCCA.1,1,vemurafenib
Data34_GSM5022596_CCGGTAGTCGCGTAGC.1,1,vemurafenib
Data34_GSM5022596_CCGTACTAGAGGTACC.1,1,vemurafenib
Data34_GSM5022596_CCGTACTAGGCCGAAT.1,1,vemurafenib
Data34_GSM5022596_CCGTACTCAGGCAGTA.1,1,vemurafenib
Data34_GSM5022596_CCGTACTCATTCTTAC.1,1,vemurafenib
Data34_GSM5022596_CCGTACTCATTGGGCC.1,1,vemurafenib
Data34_GSM5022596_CCGTACTGTAATTGGA.1,1,vemurafenib
Data34_GSM5022596_CCGTACTGTCTCCATC.1,1,vemurafenib
Data34_GSM5022596_CCGTACTGTGATGTCT.1,1,vemurafenib
Data34_GSM5022596_CCGTACTGTGTGCGTC.1,1,vemurafenib
Data34_GSM5022596_CCGTACTTCACTTATC.1,1,vemurafenib
Data34_GSM5022596_CCGTACTTCGGCCGAT.1,1,vemurafenib
Data34_GSM5022596_CCGTACTTCGTATCAG.1,1,vemurafenib
Data34_GSM5022596_CCGTACTTCTCGAGTA.1,1,vemurafenib
Data34_GSM5022596_CCGTACTTCTGCGTAA.1,1,vemurafenib
Data34_GSM5022596_CCGTGGAAGAGCTGGT.1,1,vemurafenib
Data34_GSM5022596_CCGTGGACACATTCGA.1,1,vemurafenib
Data34_GSM5022596_CCGTGGACACGAAGCA.1,1,vemurafenib
Data34_GSM5022596_CCGTGGACATCACAAC.1,1,vemurafenib
Data34_GSM5022596_CCGTGGAGTATATGAG.1,1,vemurafenib
Data34_GSM5022596_CCGTGGAGTCCTCCAT.1,1,vemurafenib
Data34_GSM5022596_CCGTGGAGTCTAACGT.1,1,vemurafenib
Data34_GSM5022596_CCGTTCAAGAAACCTA.1,1,vemurafenib
Data34_GSM5022596_CCGTTCAAGAACTGTA.1,1,vemurafenib
Data34_GSM5022596_CCGTTCAAGAGTTGGC.1,1,vemurafenib
Data34_GSM5022596_CCGTTCAAGGAACTGC.1,1,vemurafenib
Data34_GSM5022596_CCGTTCACAATACGCT.1,1,vemurafenib
Data34_GSM5022596_CCGTTCACAGTCGATT.1,1,vemurafenib
Data34_GSM5022596_CCGTTCACATGCAATC.1,1,vemurafenib
Data34_GSM5022596_CCGTTCACATGGGACA.1,1,vemurafenib
Data34_GSM5022596_CCGTTCAGTCAGAAGC.1,1,vemurafenib
Data34_GSM5022596_CCGTTCAGTCTAAACC.1,1,vemurafenib
Data34_GSM5022596_CCGTTCAGTCTGCCAG.1,1,vemurafenib
Data34_GSM5022596_CCGTTCAGTGTGCCTG.1,1,vemurafenib
Data34_GSM5022596_CCGTTCAGTTAGATGA.1,1,vemurafenib
Data34_GSM5022596_CCGTTCATCACAGTAC.1,1,vemurafenib
Data34_GSM5022596_CCGTTCATCCTGCCAT.1,1,vemurafenib
Data34_GSM5022596_CCGTTCATCTATCGCC.1,1,vemurafenib
Data34_GSM5022596_CCTAAAGAGAGAACAG.1,1,vemurafenib
Data34_GSM5022596_CCTAAAGAGCGACGTA.1,1,vemurafenib
Data34_GSM5022596_CCTAAAGAGGATGTAT.1,1,vemurafenib
Data34_GSM5022596_CCTAAAGCACATCTTT.1,1,vemurafenib
Data34_GSM5022596_CCTAAAGCAGCCTGTG.1,1,vemurafenib
Data34_GSM5022596_CCTAAAGCATAACCTG.1,1,vemurafenib
Data34_GSM5022596_CCTAAAGGTACGCACC.1,1,vemurafenib
Data34_GSM5022596_CCTAAAGGTGGCCCTA.1,1,vemurafenib
Data34_GSM5022596_CCTAAAGTCCACGCAG.1,1,vemurafenib
Data34_GSM5022596_CCTAAAGTCTTGCATT.1,1,vemurafenib
Data34_GSM5022596_CCTACACAGCTAACAA.1,1,vemurafenib
Data34_GSM5022596_CCTACACAGCTATGCT.1,1,vemurafenib
Data34_GSM5022596_CCTACACAGTAAGTAC.1,1,vemurafenib
Data34_GSM5022596_CCTACACAGTAATCCC.1,1,vemurafenib
Data34_GSM5022596_CCTACACCAAGGACAC.1,1,vemurafenib
Data34_GSM5022596_CCTACACCAAGGTTCT.1,1,vemurafenib
Data34_GSM5022596_CCTACACCAAGTAATG.1,1,vemurafenib
Data34_GSM5022596_CCTACACCAAGTAGTA.1,1,vemurafenib
Data34_GSM5022596_CCTACACCAGCCAATT.1,1,vemurafenib
Data34_GSM5022596_CCTACACCAGCTGGCT.1,1,vemurafenib
Data34_GSM5022596_CCTACACGTCGCATCG.1,1,vemurafenib
Data34_GSM5022596_CCTACACGTGCATCTA.1,1,vemurafenib
Data34_GSM5022596_CCTACACGTGGTCCGT.1,1,vemurafenib
Data34_GSM5022596_CCTACACGTGGTCTCG.1,1,vemurafenib
Data34_GSM5022596_CCTACACGTTCCACAA.1,1,vemurafenib
Data34_GSM5022596_CCTACACGTTGATTGC.1,1,vemurafenib
Data34_GSM5022596_CCTACACGTTGTTTGG.1,1,vemurafenib
Data34_GSM5022596_CCTACCACACGTGAGA.1,1,vemurafenib
Data34_GSM5022596_CCTACCACACGTTGGC.1,1,vemurafenib
Data34_GSM5022596_CCTACCACAGATCCAT.1,1,vemurafenib
Data34_GSM5022596_CCTACCACAGCGATCC.1,1,vemurafenib
Data34_GSM5022596_CCTACCACATAACCTG.1,1,vemurafenib
Data34_GSM5022596_CCTACCAGTAAAGTCA.1,1,vemurafenib
Data34_GSM5022596_CCTACCAGTCAGCTAT.1,1,vemurafenib
Data34_GSM5022596_CCTACCAGTCTTCGTC.1,1,vemurafenib
Data34_GSM5022596_CCTACCAGTGAAATCA.1,1,vemurafenib
Data34_GSM5022596_CCTACCAGTGGCCCTA.1,1,vemurafenib
Data34_GSM5022596_CCTACCATCAACGGCC.1,1,vemurafenib
Data34_GSM5022596_CCTACCATCACTATTC.1,1,vemurafenib
Data34_GSM5022596_CCTACCATCGAATGCT.1,1,vemurafenib
Data34_GSM5022596_CCTACCATCTGGCGAC.1,1,vemurafenib
Data34_GSM5022596_CCTACCATCTGGTATG.1,1,vemurafenib
Data34_GSM5022596_CCTAGCTAGTAATCCC.1,1,vemurafenib
Data34_GSM5022596_CCTAGCTAGTGCCAGA.1,1,vemurafenib
Data34_GSM5022596_CCTAGCTGTAGGAGTC.1,1,vemurafenib
Data34_GSM5022596_CCTAGCTGTATGAATG.1,1,vemurafenib
Data34_GSM5022596_CCTAGCTGTTGTCTTT.1,1,vemurafenib
Data34_GSM5022596_CCTAGCTGTTTGGCGC.1,1,vemurafenib
Data34_GSM5022596_CCTAGCTTCATTATCC.1,1,vemurafenib
Data34_GSM5022596_CCTAGCTTCCCTTGCA.1,1,vemurafenib
Data34_GSM5022596_CCTATTAAGCTAGTTC.1,1,vemurafenib
Data34_GSM5022596_CCTATTAAGGTAAACT.1,1,vemurafenib
Data34_GSM5022596_CCTATTAAGGTGCAAC.1,1,vemurafenib
Data34_GSM5022596_CCTATTAAGTGGGTTG.1,1,vemurafenib
Data34_GSM5022596_CCTATTACAAACAACA.1,1,vemurafenib
Data34_GSM5022596_CCTATTACAAGTTAAG.1,1,vemurafenib
Data34_GSM5022596_CCTATTACACAGAGGT.1,1,vemurafenib
Data34_GSM5022596_CCTATTACATACTCTT.1,1,vemurafenib
Data34_GSM5022596_CCTATTAGTACCGTAT.1,1,vemurafenib
Data34_GSM5022596_CCTATTAGTAGCGTCC.1,1,vemurafenib
Data34_GSM5022596_CCTATTAGTCACTGGC.1,1,vemurafenib
Data34_GSM5022596_CCTATTAGTTACTGAC.1,1,vemurafenib
Data34_GSM5022596_CCTATTAGTTCCACTC.1,1,vemurafenib
Data34_GSM5022596_CCTATTATCGGCCGAT.1,1,vemurafenib
Data34_GSM5022596_CCTCAGTAGATCTGCT.1,1,vemurafenib
Data34_GSM5022596_CCTCAGTAGTGTCCAT.1,1,vemurafenib
Data34_GSM5022596_CCTCAGTCAAACTGTC.1,1,vemurafenib
Data34_GSM5022596_CCTCAGTCACGGTAGA.1,1,vemurafenib
Data34_GSM5022596_CCTCAGTCAGACAAAT.1,1,vemurafenib
Data34_GSM5022596_CCTCAGTCAGACGTAG.1,1,vemurafenib
Data34_GSM5022596_CCTCAGTCAGTACACT.1,1,vemurafenib
Data34_GSM5022596_CCTCAGTCATCTATGG.1,1,vemurafenib
Data34_GSM5022596_CCTCAGTGTATTCTCT.1,1,vemurafenib
Data34_GSM5022596_CCTCAGTGTGCCTGGT.1,1,vemurafenib
Data34_GSM5022596_CCTCTGAAGAGGTACC.1,1,vemurafenib
Data34_GSM5022596_CCTCTGAAGATCGATA.1,1,vemurafenib
Data34_GSM5022596_CCTCTGAAGATGTTAG.1,1,vemurafenib
Data34_GSM5022596_CCTCTGAAGCCACGTC.1,1,vemurafenib
Data34_GSM5022596_CCTCTGAAGCCTTGAT.1,1,vemurafenib
Data34_GSM5022596_CCTCTGAAGGGTGTGT.1,1,vemurafenib
Data34_GSM5022596_CCTCTGACAAGTCATC.1,1,vemurafenib
Data34_GSM5022596_CCTCTGACACGGATAG.1,1,vemurafenib
Data34_GSM5022596_CCTCTGACAGGATTGG.1,1,vemurafenib
Data34_GSM5022596_CCTCTGACAGTAAGAT.1,1,vemurafenib
Data34_GSM5022596_CCTCTGACATGGTAGG.1,1,vemurafenib
Data34_GSM5022596_CCTCTGAGTCTTGCGG.1,1,vemurafenib
Data34_GSM5022596_CCTCTGATCAATACCG.1,1,vemurafenib
Data34_GSM5022596_CCTCTGATCGCGGATC.1,1,vemurafenib
Data34_GSM5022596_CCTCTGATCTCTAAGG.1,1,vemurafenib
Data34_GSM5022596_CCTTACGAGAGCCCAA.1,1,vemurafenib
Data34_GSM5022596_CCTTACGAGATCGATA.1,1,vemurafenib
Data34_GSM5022596_CCTTACGAGGAGCGAG.1,1,vemurafenib
Data34_GSM5022596_CCTTACGAGTGTCTCA.1,1,vemurafenib
Data34_GSM5022596_CCTTACGCACGCCAGT.1,1,vemurafenib
Data34_GSM5022596_CCTTACGCACTATCTT.1,1,vemurafenib
Data34_GSM5022596_CCTTACGCAGGAATCG.1,1,vemurafenib
Data34_GSM5022596_CCTTACGGTACTTGAC.1,1,vemurafenib
Data34_GSM5022596_CCTTACGGTATATGAG.1,1,vemurafenib
Data34_GSM5022596_CCTTACGGTGTGTGCC.1,1,vemurafenib
Data34_GSM5022596_CCTTACGGTTCAGCGC.1,1,vemurafenib
Data34_GSM5022596_CCTTACGTCAGAAATG.1,1,vemurafenib
Data34_GSM5022596_CCTTACGTCCCAAGTA.1,1,vemurafenib
Data34_GSM5022596_CCTTACGTCCTAGAAC.1,1,vemurafenib
Data34_GSM5022596_CCTTACGTCGTCCAGG.1,1,vemurafenib
Data34_GSM5022596_CCTTCCCAGACTGTAA.1,1,vemurafenib
Data34_GSM5022596_CCTTCCCCAAGTAGTA.1,1,vemurafenib
Data34_GSM5022596_CCTTCCCCACCAACCG.1,1,vemurafenib
Data34_GSM5022596_CCTTCCCCATTGAGCT.1,1,vemurafenib
Data34_GSM5022596_CCTTCCCGTCGGCTCA.1,1,vemurafenib
Data34_GSM5022596_CCTTCCCGTCTGGTCG.1,1,vemurafenib
Data34_GSM5022596_CCTTCCCGTGTTTGTG.1,1,vemurafenib
Data34_GSM5022596_CCTTCCCGTTACCAGT.1,1,vemurafenib
Data34_GSM5022596_CCTTCCCTCAACGAAA.1,1,vemurafenib
Data34_GSM5022596_CCTTCCCTCACGACTA.1,1,vemurafenib
Data34_GSM5022596_CCTTCCCTCACGCGGT.1,1,vemurafenib
Data34_GSM5022596_CCTTCCCTCCCTTGTG.1,1,vemurafenib
Data34_GSM5022596_CCTTCCCTCGCGCCAA.1,1,vemurafenib
Data34_GSM5022596_CCTTCCCTCGTCCGTT.1,1,vemurafenib
Data34_GSM5022596_CCTTCCCTCTACTATC.1,1,vemurafenib
Data34_GSM5022596_CCTTCGAAGAAGATTC.1,1,vemurafenib
Data34_GSM5022596_CCTTCGAAGTACACCT.1,1,vemurafenib
Data34_GSM5022596_CCTTCGAAGTCCCACG.1,1,vemurafenib
Data34_GSM5022596_CCTTCGACAAATCCGT.1,1,vemurafenib
Data34_GSM5022596_CCTTCGACAAGTTGTC.1,1,vemurafenib
Data34_GSM5022596_CCTTCGACAATGGAGC.1,1,vemurafenib
Data34_GSM5022596_CCTTCGACACATGACT.1,1,vemurafenib
Data34_GSM5022596_CCTTCGACACCAGTTA.1,1,vemurafenib
Data34_GSM5022596_CCTTCGACAGATGAGC.1,1,vemurafenib
Data34_GSM5022596_CCTTCGAGTCCTGCTT.1,1,vemurafenib
Data34_GSM5022596_CCTTCGAGTCTAGTGT.1,1,vemurafenib
Data34_GSM5022596_CCTTCGAGTCTCAACA.1,1,vemurafenib
Data34_GSM5022596_CCTTCGAGTTTGTTTC.1,1,vemurafenib
Data34_GSM5022596_CCTTCGATCTAACGGT.1,1,vemurafenib
Data34_GSM5022596_CCTTCGATCTACCAGA.1,1,vemurafenib
Data34_GSM5022596_CCTTCGATCTGATACG.1,1,vemurafenib
Data34_GSM5022596_CCTTCGATCTTAGAGC.1,1,vemurafenib
Data34_GSM5022596_CCTTTCTAGCAGATCG.1,1,vemurafenib
Data34_GSM5022596_CCTTTCTAGTTAAGTG.1,1,vemurafenib
Data34_GSM5022596_CCTTTCTAGTTTGCGT.1,1,vemurafenib
Data34_GSM5022596_CCTTTCTCAGTTAACC.1,1,vemurafenib
Data34_GSM5022596_CCTTTCTGTCGAACAG.1,1,vemurafenib
Data34_GSM5022596_CCTTTCTGTGACAAAT.1,1,vemurafenib
Data34_GSM5022596_CCTTTCTGTTAGATGA.1,1,vemurafenib
Data34_GSM5022596_CCTTTCTTCCCAGGTG.1,1,vemurafenib
Data34_GSM5022596_CCTTTCTTCCCTCAGT.1,1,vemurafenib
Data34_GSM5022596_CCTTTCTTCGGCGCTA.1,1,vemurafenib
Data34_GSM5022596_CCTTTCTTCTCGCTTG.1,1,vemurafenib
Data34_GSM5022596_CCTTTCTTCTCTTATG.1,1,vemurafenib
Data34_GSM5022596_CGAACATAGAGACTTA.1,1,vemurafenib
Data34_GSM5022596_CGAACATAGAGTCTGG.1,1,vemurafenib
Data34_GSM5022596_CGAACATAGCAGCGTA.1,1,vemurafenib
Data34_GSM5022596_CGAACATAGCTAGTCT.1,1,vemurafenib
Data34_GSM5022596_CGAACATAGCTGCCCA.1,1,vemurafenib
Data34_GSM5022596_CGAACATAGGAGTTGC.1,1,vemurafenib
Data34_GSM5022596_CGAACATAGTGGGTTG.1,1,vemurafenib
Data34_GSM5022596_CGAACATCACCGTTGG.1,1,vemurafenib
Data34_GSM5022596_CGAACATCATACCATG.1,1,vemurafenib
Data34_GSM5022596_CGAACATCATGTCCTC.1,1,vemurafenib
Data34_GSM5022596_CGAACATGTACCCAAT.1,1,vemurafenib
Data34_GSM5022596_CGAACATGTGCCTGGT.1,1,vemurafenib
Data34_GSM5022596_CGAACATGTGTTTGGT.1,1,vemurafenib
Data34_GSM5022596_CGAACATTCACCAGGC.1,1,vemurafenib
Data34_GSM5022596_CGAATGTAGTCAAGGC.1,1,vemurafenib
Data34_GSM5022596_CGAATGTCACGTCTCT.1,1,vemurafenib
Data34_GSM5022596_CGAATGTCACTACAGT.1,1,vemurafenib
Data34_GSM5022596_CGAATGTCATGCCACG.1,1,vemurafenib
Data34_GSM5022596_CGAATGTCATTTGCCC.1,1,vemurafenib
Data34_GSM5022596_CGAATGTGTAAACCTC.1,1,vemurafenib
Data34_GSM5022596_CGAATGTGTAGAAGGA.1,1,vemurafenib
Data34_GSM5022596_CGAATGTGTCGGCATC.1,1,vemurafenib
Data34_GSM5022596_CGAATGTGTGTTGAGG.1,1,vemurafenib
Data34_GSM5022596_CGAATGTGTTACGACT.1,1,vemurafenib
Data34_GSM5022596_CGAATGTGTTCCACTC.1,1,vemurafenib
Data34_GSM5022596_CGAATGTTCGCATGGC.1,1,vemurafenib
Data34_GSM5022596_CGAATGTTCGGCATCG.1,1,vemurafenib
Data34_GSM5022596_CGAATGTTCTACCTGC.1,1,vemurafenib
Data34_GSM5022596_CGAATGTTCTCACATT.1,1,vemurafenib
Data34_GSM5022596_CGAATGTTCTGCGGCA.1,1,vemurafenib
Data34_GSM5022596_CGACCTTAGCCTCGTG.1,1,vemurafenib
Data34_GSM5022596_CGACCTTAGCTTATCG.1,1,vemurafenib
Data34_GSM5022596_CGACCTTAGGACCACA.1,1,vemurafenib
Data34_GSM5022596_CGACCTTAGGTTACCT.1,1,vemurafenib
Data34_GSM5022596_CGACCTTAGTGACTCT.1,1,vemurafenib
Data34_GSM5022596_CGACCTTCAATGGTCT.1,1,vemurafenib
Data34_GSM5022596_CGACCTTCACCATCCT.1,1,vemurafenib
Data34_GSM5022596_CGACCTTCAGCTTAAC.1,1,vemurafenib
Data34_GSM5022596_CGACCTTGTAATTGGA.1,1,vemurafenib
Data34_GSM5022596_CGACCTTGTGTGCGTC.1,1,vemurafenib
Data34_GSM5022596_CGACCTTGTTACTGAC.1,1,vemurafenib
Data34_GSM5022596_CGACCTTGTTTAGGAA.1,1,vemurafenib
Data34_GSM5022596_CGACCTTGTTTCGCTC.1,1,vemurafenib
Data34_GSM5022596_CGACCTTTCCCAAGAT.1,1,vemurafenib
Data34_GSM5022596_CGACTTCAGACATAAC.1,1,vemurafenib
Data34_GSM5022596_CGACTTCAGACGCTTT.1,1,vemurafenib
Data34_GSM5022596_CGACTTCAGACTGGGT.1,1,vemurafenib
Data34_GSM5022596_CGACTTCAGAGGGATA.1,1,vemurafenib
Data34_GSM5022596_CGACTTCAGGAGCGTT.1,1,vemurafenib
Data34_GSM5022596_CGACTTCCAAGAAAGG.1,1,vemurafenib
Data34_GSM5022596_CGACTTCCAAGTTGTC.1,1,vemurafenib
Data34_GSM5022596_CGACTTCCAATACGCT.1,1,vemurafenib
Data34_GSM5022596_CGACTTCCACCACGTG.1,1,vemurafenib
Data34_GSM5022596_CGACTTCCATAGTAAG.1,1,vemurafenib
Data34_GSM5022596_CGACTTCCATTTGCCC.1,1,vemurafenib
Data34_GSM5022596_CGACTTCGTCGGCACT.1,1,vemurafenib
Data34_GSM5022596_CGACTTCGTCTCCACT.1,1,vemurafenib
Data34_GSM5022596_CGACTTCGTTATCGGT.1,1,vemurafenib
Data34_GSM5022596_CGACTTCGTTTGGGCC.1,1,vemurafenib
Data34_GSM5022596_CGACTTCTCTCGAGTA.1,1,vemurafenib
Data34_GSM5022596_CGAGAAGAGACTTTCG.1,1,vemurafenib
Data34_GSM5022596_CGAGAAGAGATGTGGC.1,1,vemurafenib
Data34_GSM5022596_CGAGAAGAGCCACGTC.1,1,vemurafenib
Data34_GSM5022596_CGAGAAGAGTGGAGAA.1,1,vemurafenib
Data34_GSM5022596_CGAGAAGCACTACAGT.1,1,vemurafenib
Data34_GSM5022596_CGAGAAGCATGATCCA.1,1,vemurafenib
Data34_GSM5022596_CGAGAAGCATTTGCCC.1,1,vemurafenib
Data34_GSM5022596_CGAGAAGGTCGTCTTC.1,1,vemurafenib
Data34_GSM5022596_CGAGAAGGTGTTGAGG.1,1,vemurafenib
Data34_GSM5022596_CGAGAAGGTTGGGACA.1,1,vemurafenib
Data34_GSM5022596_CGAGAAGTCAGAGACG.1,1,vemurafenib
Data34_GSM5022596_CGAGAAGTCCAGTATG.1,1,vemurafenib
Data34_GSM5022596_CGAGAAGTCCCATTTA.1,1,vemurafenib
Data34_GSM5022596_CGAGAAGTCCGAGCCA.1,1,vemurafenib
Data34_GSM5022596_CGAGAAGTCTTGCCGT.1,1,vemurafenib
Data34_GSM5022596_CGAGCACAGATCGGGT.1,1,vemurafenib
Data34_GSM5022596_CGAGCACAGCCTTGAT.1,1,vemurafenib
Data34_GSM5022596_CGAGCACAGCTCCCAG.1,1,vemurafenib
Data34_GSM5022596_CGAGCACCACAGCGTC.1,1,vemurafenib
Data34_GSM5022596_CGAGCACGTACAGACG.1,1,vemurafenib
Data34_GSM5022596_CGAGCACGTACTCTCC.1,1,vemurafenib
Data34_GSM5022596_CGAGCACGTAGCGTGA.1,1,vemurafenib
Data34_GSM5022596_CGAGCACGTATATGGA.1,1,vemurafenib
Data34_GSM5022596_CGAGCACGTTTAGCTG.1,1,vemurafenib
Data34_GSM5022596_CGAGCACTCAACCAAC.1,1,vemurafenib
Data34_GSM5022596_CGAGCACTCCCTGACT.1,1,vemurafenib
Data34_GSM5022596_CGAGCACTCCGGGTGT.1,1,vemurafenib
Data34_GSM5022596_CGAGCACTCCGTAGGC.1,1,vemurafenib
Data34_GSM5022596_CGAGCCAAGCATCATC.1,1,vemurafenib
Data34_GSM5022596_CGAGCCACAAACCTAC.1,1,vemurafenib
Data34_GSM5022596_CGAGCCACAATCAGAA.1,1,vemurafenib
Data34_GSM5022596_CGAGCCACAATGGTCT.1,1,vemurafenib
Data34_GSM5022596_CGAGCCACAGTAACGG.1,1,vemurafenib
Data34_GSM5022596_CGAGCCACAGTTCATG.1,1,vemurafenib
Data34_GSM5022596_CGAGCCACATGGATGG.1,1,vemurafenib
Data34_GSM5022596_CGAGCCAGTCCGAACC.1,1,vemurafenib
Data34_GSM5022596_CGAGCCAGTCGCTTCT.1,1,vemurafenib
Data34_GSM5022596_CGAGCCAGTGCGATAG.1,1,vemurafenib
Data34_GSM5022596_CGAGCCAGTTATTCTC.1,1,vemurafenib
Data34_GSM5022596_CGAGCCAGTTGCGTTA.1,1,vemurafenib
Data34_GSM5022596_CGAGCCATCAATAAGG.1,1,vemurafenib
Data34_GSM5022596_CGAGCCATCTCCTATA.1,1,vemurafenib
Data34_GSM5022596_CGATCGGAGCGTAGTG.1,1,vemurafenib
Data34_GSM5022596_CGATCGGAGTGTTAGA.1,1,vemurafenib
Data34_GSM5022596_CGATCGGAGTTCGCGC.1,1,vemurafenib
Data34_GSM5022596_CGATCGGCAAGTTCTG.1,1,vemurafenib
Data34_GSM5022596_CGATCGGCACAGGTTT.1,1,vemurafenib
Data34_GSM5022596_CGATCGGCACGAAATA.1,1,vemurafenib
Data34_GSM5022596_CGATCGGCATCGGAAG.1,1,vemurafenib
Data34_GSM5022596_CGATCGGGTAGCTAAA.1,1,vemurafenib
Data34_GSM5022596_CGATCGGGTCATACTG.1,1,vemurafenib
Data34_GSM5022596_CGATCGGTCAGTACGT.1,1,vemurafenib
Data34_GSM5022596_CGATCGGTCCAGTATG.1,1,vemurafenib
Data34_GSM5022596_CGATCGGTCCTGTAGA.1,1,vemurafenib
Data34_GSM5022596_CGATCGGTCGCACTCT.1,1,vemurafenib
Data34_GSM5022596_CGATGGCAGAACTGTA.1,1,vemurafenib
Data34_GSM5022596_CGATGGCAGATTACCC.1,1,vemurafenib
Data34_GSM5022596_CGATGGCAGCGCTTAT.1,1,vemurafenib
Data34_GSM5022596_CGATGGCAGCTGAAAT.1,1,vemurafenib
Data34_GSM5022596_CGATGGCAGGATGGTC.1,1,vemurafenib
Data34_GSM5022596_CGATGGCAGGTGATTA.1,1,vemurafenib
Data34_GSM5022596_CGATGGCAGTAGCCGA.1,1,vemurafenib
Data34_GSM5022596_CGATGGCAGTTATCGC.1,1,vemurafenib
Data34_GSM5022596_CGATGGCCAATGGATA.1,1,vemurafenib
Data34_GSM5022596_CGATGGCCACACTGCG.1,1,vemurafenib
Data34_GSM5022596_CGATGGCCACATAACC.1,1,vemurafenib
Data34_GSM5022596_CGATGGCGTGAAATCA.1,1,vemurafenib
Data34_GSM5022596_CGATGGCGTGCGGTAA.1,1,vemurafenib
Data34_GSM5022596_CGATGGCTCTGCTGTC.1,1,vemurafenib
Data34_GSM5022596_CGATGGCTCTTACCGC.1,1,vemurafenib
Data34_GSM5022596_CGATGTAAGATACACA.1,1,vemurafenib
Data34_GSM5022596_CGATGTAAGCCAGAAC.1,1,vemurafenib
Data34_GSM5022596_CGATGTACACCAGGTC.1,1,vemurafenib
Data34_GSM5022596_CGATGTACACGTGAGA.1,1,vemurafenib
Data34_GSM5022596_CGATGTACACTGTCGG.1,1,vemurafenib
Data34_GSM5022596_CGATGTACAGCAGTTT.1,1,vemurafenib
Data34_GSM5022596_CGATGTACAGCCACCA.1,1,vemurafenib
Data34_GSM5022596_CGATGTACATACTACG.1,1,vemurafenib
Data34_GSM5022596_CGATGTACATGTAAGA.1,1,vemurafenib
Data34_GSM5022596_CGATGTAGTCCATGAT.1,1,vemurafenib
Data34_GSM5022596_CGATGTAGTCGCGTGT.1,1,vemurafenib
Data34_GSM5022596_CGATGTAGTCTAAAGA.1,1,vemurafenib
Data34_GSM5022596_CGATGTAGTCTCCATC.1,1,vemurafenib
Data34_GSM5022596_CGATGTAGTCTTCTCG.1,1,vemurafenib
Data34_GSM5022596_CGATGTAGTGCTAGCC.1,1,vemurafenib
Data34_GSM5022596_CGATGTAGTGTCAATC.1,1,vemurafenib
Data34_GSM5022596_CGATGTAGTGTCCTCT.1,1,vemurafenib
Data34_GSM5022596_CGATGTATCACTTATC.1,1,vemurafenib
Data34_GSM5022596_CGATGTATCATGGTCA.1,1,vemurafenib
Data34_GSM5022596_CGATGTATCCCAACGG.1,1,vemurafenib
Data34_GSM5022596_CGATGTATCCTAGAAC.1,1,vemurafenib
Data34_GSM5022596_CGATGTATCGTACCGG.1,1,vemurafenib
Data34_GSM5022596_CGATGTATCTGATACG.1,1,vemurafenib
Data34_GSM5022596_CGATTGACAAGTAGTA.1,1,vemurafenib
Data34_GSM5022596_CGATTGACACGACTCG.1,1,vemurafenib
Data34_GSM5022596_CGATTGACAGGAATCG.1,1,vemurafenib
Data34_GSM5022596_CGATTGACAGGTTTCA.1,1,vemurafenib
Data34_GSM5022596_CGATTGAGTAGCGCAA.1,1,vemurafenib
Data34_GSM5022596_CGATTGAGTCCAACTA.1,1,vemurafenib
Data34_GSM5022596_CGATTGAGTCTTCAAG.1,1,vemurafenib
Data34_GSM5022596_CGATTGAGTTCAGGCC.1,1,vemurafenib
Data34_GSM5022596_CGATTGATCTCGCATC.1,1,vemurafenib
Data34_GSM5022596_CGATTGATCTGGCGAC.1,1,vemurafenib
Data34_GSM5022596_CGCCAAGAGACCGGAT.1,1,vemurafenib
Data34_GSM5022596_CGCCAAGAGACTTGAA.1,1,vemurafenib
Data34_GSM5022596_CGCCAAGAGATCCGAG.1,1,vemurafenib
Data34_GSM5022596_CGCCAAGAGATGTGTA.1,1,vemurafenib
Data34_GSM5022596_CGCCAAGAGGAGTTTA.1,1,vemurafenib
Data34_GSM5022596_CGCCAAGAGTACACCT.1,1,vemurafenib
Data34_GSM5022596_CGCCAAGAGTGTTGAA.1,1,vemurafenib
Data34_GSM5022596_CGCCAAGCAAACTGCT.1,1,vemurafenib
Data34_GSM5022596_CGCCAAGCATGATCCA.1,1,vemurafenib
Data34_GSM5022596_CGCCAAGGTTAAGATG.1,1,vemurafenib
Data34_GSM5022596_CGCCAAGTCCAAACTG.1,1,vemurafenib
Data34_GSM5022596_CGCCAAGTCCTCGCAT.1,1,vemurafenib
Data34_GSM5022596_CGCCAAGTCGGAGCAA.1,1,vemurafenib
Data34_GSM5022596_CGCCAAGTCTGACCTC.1,1,vemurafenib
Data34_GSM5022596_CGCCAAGTCTTTACGT.1,1,vemurafenib
Data34_GSM5022596_CGCGGTAAGACTTTCG.1,1,vemurafenib
Data34_GSM5022596_CGCGGTAAGATCCCAT.1,1,vemurafenib
Data34_GSM5022596_CGCGGTAAGGCCCTCA.1,1,vemurafenib
Data34_GSM5022596_CGCGGTAAGGTGATTA.1,1,vemurafenib
Data34_GSM5022596_CGCGGTACAAGGTTTC.1,1,vemurafenib
Data34_GSM5022596_CGCGGTACATGACGGA.1,1,vemurafenib
Data34_GSM5022596_CGCGGTAGTGACGCCT.1,1,vemurafenib
Data34_GSM5022596_CGCGGTAGTTAAGACA.1,1,vemurafenib
Data34_GSM5022596_CGCGGTAGTTACGTCA.1,1,vemurafenib
Data34_GSM5022596_CGCGTTTAGACCACGA.1,1,vemurafenib
Data34_GSM5022596_CGCGTTTAGATCGGGT.1,1,vemurafenib
Data34_GSM5022596_CGCGTTTAGCCAGGAT.1,1,vemurafenib
Data34_GSM5022596_CGCGTTTAGGTGATAT.1,1,vemurafenib
Data34_GSM5022596_CGCGTTTAGTCCAGGA.1,1,vemurafenib
Data34_GSM5022596_CGCGTTTCACAGCGTC.1,1,vemurafenib
Data34_GSM5022596_CGCGTTTCAGCCTATA.1,1,vemurafenib
Data34_GSM5022596_CGCGTTTCATACGCTA.1,1,vemurafenib
Data34_GSM5022596_CGCGTTTCATGACGGA.1,1,vemurafenib
Data34_GSM5022596_CGCGTTTCATTACGAC.1,1,vemurafenib
Data34_GSM5022596_CGCGTTTGTCAGAATA.1,1,vemurafenib
Data34_GSM5022596_CGCGTTTGTCTAACGT.1,1,vemurafenib
Data34_GSM5022596_CGCGTTTGTCTAGAGG.1,1,vemurafenib
Data34_GSM5022596_CGCGTTTGTGTGCGTC.1,1,vemurafenib
Data34_GSM5022596_CGCGTTTTCAGAAATG.1,1,vemurafenib
Data34_GSM5022596_CGCGTTTTCCGCATCT.1,1,vemurafenib
Data34_GSM5022596_CGCGTTTTCTTTAGGG.1,1,vemurafenib
Data34_GSM5022596_CGCTATCAGAAGATTC.1,1,vemurafenib
Data34_GSM5022596_CGCTATCAGTCTCGGC.1,1,vemurafenib
Data34_GSM5022596_CGCTATCCACCACGTG.1,1,vemurafenib
Data34_GSM5022596_CGCTATCCACGCATCG.1,1,vemurafenib
Data34_GSM5022596_CGCTATCCAGTACACT.1,1,vemurafenib
Data34_GSM5022596_CGCTATCCATTACCTT.1,1,vemurafenib
Data34_GSM5022596_CGCTATCGTGAGTATA.1,1,vemurafenib
Data34_GSM5022596_CGCTATCGTGATGATA.1,1,vemurafenib
Data34_GSM5022596_CGCTATCGTTAAGACA.1,1,vemurafenib
Data34_GSM5022596_CGCTATCGTTCGCGAC.1,1,vemurafenib
Data34_GSM5022596_CGCTATCTCGACCAGC.1,1,vemurafenib
Data34_GSM5022596_CGCTATCTCGTTACGA.1,1,vemurafenib
Data34_GSM5022596_CGCTATCTCTACCAGA.1,1,vemurafenib
Data34_GSM5022596_CGCTGGAAGAATGTGT.1,1,vemurafenib
Data34_GSM5022596_CGCTGGAAGATCGGGT.1,1,vemurafenib
Data34_GSM5022596_CGCTGGAAGCCAGTAG.1,1,vemurafenib
Data34_GSM5022596_CGCTGGACAAACCCAT.1,1,vemurafenib
Data34_GSM5022596_CGCTGGACAACACCTA.1,1,vemurafenib
Data34_GSM5022596_CGCTGGACACTGTGTA.1,1,vemurafenib
Data34_GSM5022596_CGCTGGACATTCCTCG.1,1,vemurafenib
Data34_GSM5022596_CGCTGGAGTTAAGACA.1,1,vemurafenib
Data34_GSM5022596_CGCTGGAGTTGTTTGG.1,1,vemurafenib
Data34_GSM5022596_CGCTGGATCCGCTGTT.1,1,vemurafenib
Data34_GSM5022596_CGCTGGATCCTCCTAG.1,1,vemurafenib
Data34_GSM5022596_CGCTGGATCGAGAGCA.1,1,vemurafenib
Data34_GSM5022596_CGCTTCAAGACACGAC.1,1,vemurafenib
Data34_GSM5022596_CGCTTCAAGCTAACTC.1,1,vemurafenib
Data34_GSM5022596_CGCTTCAAGTGCGTGA.1,1,vemurafenib
Data34_GSM5022596_CGCTTCAAGTGCTGCC.1,1,vemurafenib
Data34_GSM5022596_CGCTTCAAGTGGTAAT.1,1,vemurafenib
Data34_GSM5022596_CGCTTCACATCCTTGC.1,1,vemurafenib
Data34_GSM5022596_CGCTTCAGTAAGAGAG.1,1,vemurafenib
Data34_GSM5022596_CGCTTCAGTATAGTAG.1,1,vemurafenib
Data34_GSM5022596_CGCTTCAGTATTAGCC.1,1,vemurafenib
Data34_GSM5022596_CGCTTCAGTCACCCAG.1,1,vemurafenib
Data34_GSM5022596_CGCTTCAGTCGCATAT.1,1,vemurafenib
Data34_GSM5022596_CGCTTCAGTCGCTTCT.1,1,vemurafenib
Data34_GSM5022596_CGCTTCAGTCGGGTCT.1,1,vemurafenib
Data34_GSM5022596_CGCTTCAGTTGTACAC.1,1,vemurafenib
Data34_GSM5022596_CGCTTCAGTTTACTCT.1,1,vemurafenib
Data34_GSM5022596_CGCTTCATCACGACTA.1,1,vemurafenib
Data34_GSM5022596_CGCTTCATCATTGCGA.1,1,vemurafenib
Data34_GSM5022596_CGCTTCATCCACGCAG.1,1,vemurafenib
Data34_GSM5022596_CGCTTCATCTTGCAAG.1,1,vemurafenib
Data34_GSM5022596_CGGACACAGATGCCTT.1,1,vemurafenib
Data34_GSM5022596_CGGACACAGCGTAGTG.1,1,vemurafenib
Data34_GSM5022596_CGGACACCAAACGTGG.1,1,vemurafenib
Data34_GSM5022596_CGGACACCAAGCCTAT.1,1,vemurafenib
Data34_GSM5022596_CGGACACCAGATAATG.1,1,vemurafenib
Data34_GSM5022596_CGGACACGTAAATGAC.1,1,vemurafenib
Data34_GSM5022596_CGGACACGTCAACTGT.1,1,vemurafenib
Data34_GSM5022596_CGGACACGTCGTCTTC.1,1,vemurafenib
Data34_GSM5022596_CGGACACGTCTAGTGT.1,1,vemurafenib
Data34_GSM5022596_CGGACACTCACATGCA.1,1,vemurafenib
Data34_GSM5022596_CGGACACTCAGATAAG.1,1,vemurafenib
Data34_GSM5022596_CGGACACTCATTGCGA.1,1,vemurafenib
Data34_GSM5022596_CGGACACTCCAGTAGT.1,1,vemurafenib
Data34_GSM5022596_CGGACACTCCTGCAGG.1,1,vemurafenib
Data34_GSM5022596_CGGACACTCGAGCCCA.1,1,vemurafenib
Data34_GSM5022596_CGGACACTCTTCTGGC.1,1,vemurafenib
Data34_GSM5022596_CGGACGTAGAAGGTTT.1,1,vemurafenib
Data34_GSM5022596_CGGACGTAGAGGTACC.1,1,vemurafenib
Data34_GSM5022596_CGGACGTAGGACAGAA.1,1,vemurafenib
Data34_GSM5022596_CGGACGTAGGACAGCT.1,1,vemurafenib
Data34_GSM5022596_CGGACGTAGGCTAGCA.1,1,vemurafenib
Data34_GSM5022596_CGGACGTAGTATCGAA.1,1,vemurafenib
Data34_GSM5022596_CGGACGTAGTCCTCCT.1,1,vemurafenib
Data34_GSM5022596_CGGACGTAGTGTGGCA.1,1,vemurafenib
Data34_GSM5022596_CGGACGTCAATGAATG.1,1,vemurafenib
Data34_GSM5022596_CGGACGTCATGTTGAC.1,1,vemurafenib
Data34_GSM5022596_CGGACGTGTAACGTTC.1,1,vemurafenib
Data34_GSM5022596_CGGACGTGTATAGGGC.1,1,vemurafenib
Data34_GSM5022596_CGGACGTGTCAGAAGC.1,1,vemurafenib
Data34_GSM5022596_CGGACGTGTTACCGAT.1,1,vemurafenib
Data34_GSM5022596_CGGACGTTCAAGGTAA.1,1,vemurafenib
Data34_GSM5022596_CGGACGTTCCGCATAA.1,1,vemurafenib
Data34_GSM5022596_CGGACGTTCTGGGCCA.1,1,vemurafenib
Data34_GSM5022596_CGGACTGAGCGATGAC.1,1,vemurafenib
Data34_GSM5022596_CGGACTGCACCCAGTG.1,1,vemurafenib
Data34_GSM5022596_CGGACTGCAGACAAAT.1,1,vemurafenib
Data34_GSM5022596_CGGACTGCAGGACGTA.1,1,vemurafenib
Data34_GSM5022596_CGGACTGGTAGCGTAG.1,1,vemurafenib
Data34_GSM5022596_CGGACTGGTATAAACG.1,1,vemurafenib
Data34_GSM5022596_CGGACTGGTCGAAAGC.1,1,vemurafenib
Data34_GSM5022596_CGGACTGGTTAGATGA.1,1,vemurafenib
Data34_GSM5022596_CGGACTGGTTGCGCAC.1,1,vemurafenib
Data34_GSM5022596_CGGACTGTCCAACCAA.1,1,vemurafenib
Data34_GSM5022596_CGGACTGTCCACGACG.1,1,vemurafenib
Data34_GSM5022596_CGGACTGTCTTCCTTC.1,1,vemurafenib
Data34_GSM5022596_CGGAGCTAGAGGTTAT.1,1,vemurafenib
Data34_GSM5022596_CGGAGCTAGGAATGGA.1,1,vemurafenib
Data34_GSM5022596_CGGAGCTAGGAGCGTT.1,1,vemurafenib
Data34_GSM5022596_CGGAGCTAGGATTCGG.1,1,vemurafenib
Data34_GSM5022596_CGGAGCTAGGCGTACA.1,1,vemurafenib
Data34_GSM5022596_CGGAGCTAGTCGAGTG.1,1,vemurafenib
Data34_GSM5022596_CGGAGCTAGTGGCACA.1,1,vemurafenib
Data34_GSM5022596_CGGAGCTCAAACGCGA.1,1,vemurafenib
Data34_GSM5022596_CGGAGCTCAAAGAATC.1,1,vemurafenib
Data34_GSM5022596_CGGAGCTCACCCATTC.1,1,vemurafenib
Data34_GSM5022596_CGGAGCTCAGGCTCAC.1,1,vemurafenib
Data34_GSM5022596_CGGAGCTCAGGTTTCA.1,1,vemurafenib
Data34_GSM5022596_CGGAGCTCAGTCGTGC.1,1,vemurafenib
Data34_GSM5022596_CGGAGCTCAGTTAACC.1,1,vemurafenib
Data34_GSM5022596_CGGAGCTGTCCAGTAT.1,1,vemurafenib
Data34_GSM5022596_CGGAGCTGTCTGCGGT.1,1,vemurafenib
Data34_GSM5022596_CGGAGCTGTGCTAGCC.1,1,vemurafenib
Data34_GSM5022596_CGGAGCTGTTGAGGTG.1,1,vemurafenib
Data34_GSM5022596_CGGAGCTTCAACCATG.1,1,vemurafenib
Data34_GSM5022596_CGGAGCTTCTCCGGTT.1,1,vemurafenib
Data34_GSM5022596_CGGAGTCAGCTTTGGT.1,1,vemurafenib
Data34_GSM5022596_CGGAGTCAGTCTTGCA.1,1,vemurafenib
Data34_GSM5022596_CGGAGTCCAAGACACG.1,1,vemurafenib
Data34_GSM5022596_CGGAGTCCAGGGCATA.1,1,vemurafenib
Data34_GSM5022596_CGGAGTCCATACTACG.1,1,vemurafenib
Data34_GSM5022596_CGGAGTCCATGCCTTC.1,1,vemurafenib
Data34_GSM5022596_CGGAGTCGTACAGACG.1,1,vemurafenib
Data34_GSM5022596_CGGAGTCGTACATCCA.1,1,vemurafenib
Data34_GSM5022596_CGGAGTCGTATTCGTG.1,1,vemurafenib
Data34_GSM5022596_CGGAGTCGTCTTCAAG.1,1,vemurafenib
Data34_GSM5022596_CGGAGTCTCACGGTTA.1,1,vemurafenib
Data34_GSM5022596_CGGAGTCTCATTGCCC.1,1,vemurafenib
Data34_GSM5022596_CGGAGTCTCCCAAGAT.1,1,vemurafenib
Data34_GSM5022596_CGGAGTCTCCGCATAA.1,1,vemurafenib
Data34_GSM5022596_CGGAGTCTCGAGAGCA.1,1,vemurafenib
Data34_GSM5022596_CGGCTAGAGCCTTGAT.1,1,vemurafenib
Data34_GSM5022596_CGGCTAGAGCGATGAC.1,1,vemurafenib
Data34_GSM5022596_CGGCTAGAGGACACCA.1,1,vemurafenib
Data34_GSM5022596_CGGCTAGAGGATGGAA.1,1,vemurafenib
Data34_GSM5022596_CGGCTAGCACTTACGA.1,1,vemurafenib
Data34_GSM5022596_CGGCTAGCAGCAGTTT.1,1,vemurafenib
Data34_GSM5022596_CGGCTAGCATCCAACA.1,1,vemurafenib
Data34_GSM5022596_CGGCTAGCATCCTAGA.1,1,vemurafenib
Data34_GSM5022596_CGGCTAGGTAAATACG.1,1,vemurafenib
Data34_GSM5022596_CGGCTAGGTCTGCGGT.1,1,vemurafenib
Data34_GSM5022596_CGGCTAGGTGTAACGG.1,1,vemurafenib
Data34_GSM5022596_CGGCTAGTCCAAATGC.1,1,vemurafenib
Data34_GSM5022596_CGGCTAGTCCCACTTG.1,1,vemurafenib
Data34_GSM5022596_CGGCTAGTCTCATTCA.1,1,vemurafenib
Data34_GSM5022596_CGGGTCAAGGCGTACA.1,1,vemurafenib
Data34_GSM5022596_CGGGTCAAGTGATCGG.1,1,vemurafenib
Data34_GSM5022596_CGGGTCAAGTGGTAAT.1,1,vemurafenib
Data34_GSM5022596_CGGGTCACAAGTCATC.1,1,vemurafenib
Data34_GSM5022596_CGGGTCACAAGTCTGT.1,1,vemurafenib
Data34_GSM5022596_CGGGTCACAATGGACG.1,1,vemurafenib
Data34_GSM5022596_CGGGTCACACCCATTC.1,1,vemurafenib
Data34_GSM5022596_CGGGTCACACCGTTGG.1,1,vemurafenib
Data34_GSM5022596_CGGGTCACACGGTTTA.1,1,vemurafenib
Data34_GSM5022596_CGGGTCAGTAAACACA.1,1,vemurafenib
Data34_GSM5022596_CGGGTCAGTACAGTTC.1,1,vemurafenib
Data34_GSM5022596_CGGGTCAGTAGAAGGA.1,1,vemurafenib
Data34_GSM5022596_CGGGTCAGTCGAAAGC.1,1,vemurafenib
Data34_GSM5022596_CGGGTCAGTGCCTGGT.1,1,vemurafenib
Data34_GSM5022596_CGGGTCAGTGTCCTCT.1,1,vemurafenib
Data34_GSM5022596_CGGGTCAGTGTGTGCC.1,1,vemurafenib
Data34_GSM5022596_CGGGTCATCAACTCTT.1,1,vemurafenib
Data34_GSM5022596_CGGGTCATCCTACAGA.1,1,vemurafenib
Data34_GSM5022596_CGGGTCATCTGGCGTG.1,1,vemurafenib
Data34_GSM5022596_CGGTTAAAGAGTAATC.1,1,vemurafenib
Data34_GSM5022596_CGGTTAAAGCGGCTTC.1,1,vemurafenib
Data34_GSM5022596_CGGTTAAAGCTACCTA.1,1,vemurafenib
Data34_GSM5022596_CGGTTAAAGCTGCCCA.1,1,vemurafenib
Data34_GSM5022596_CGGTTAAAGGTGTTAA.1,1,vemurafenib
Data34_GSM5022596_CGGTTAAAGTGCAAGC.1,1,vemurafenib
Data34_GSM5022596_CGGTTAACACTCTGTC.1,1,vemurafenib
Data34_GSM5022596_CGGTTAACAGTAAGAT.1,1,vemurafenib
Data34_GSM5022596_CGGTTAAGTCTAGTCA.1,1,vemurafenib
Data34_GSM5022596_CGGTTAAGTTAAGAAC.1,1,vemurafenib
Data34_GSM5022596_CGGTTAATCAGTCAGT.1,1,vemurafenib
Data34_GSM5022596_CGGTTAATCATGGTCA.1,1,vemurafenib
Data34_GSM5022596_CGGTTAATCCCAGGTG.1,1,vemurafenib
Data34_GSM5022596_CGGTTAATCGTCCAGG.1,1,vemurafenib
Data34_GSM5022596_CGGTTAATCTGATTCT.1,1,vemurafenib
Data34_GSM5022596_CGTAGCGAGAAGGCCT.1,1,vemurafenib
Data34_GSM5022596_CGTAGCGAGGCAGGTT.1,1,vemurafenib
Data34_GSM5022596_CGTAGCGCACTGCCAG.1,1,vemurafenib
Data34_GSM5022596_CGTAGCGCAGCGAACA.1,1,vemurafenib
Data34_GSM5022596_CGTAGCGCATCCGCGA.1,1,vemurafenib
Data34_GSM5022596_CGTAGCGCATCCTTGC.1,1,vemurafenib
Data34_GSM5022596_CGTAGCGCATCGTCGG.1,1,vemurafenib
Data34_GSM5022596_CGTAGCGCATGGTAGG.1,1,vemurafenib
Data34_GSM5022596_CGTAGCGCATTGCGGC.1,1,vemurafenib
Data34_GSM5022596_CGTAGCGCATTGGTAC.1,1,vemurafenib
Data34_GSM5022596_CGTAGCGGTAAGTGTA.1,1,vemurafenib
Data34_GSM5022596_CGTAGCGGTAGAAGGA.1,1,vemurafenib
Data34_GSM5022596_CGTAGCGGTCATGCCG.1,1,vemurafenib
Data34_GSM5022596_CGTAGCGGTCTCACCT.1,1,vemurafenib
Data34_GSM5022596_CGTAGCGGTTTGACTG.1,1,vemurafenib
Data34_GSM5022596_CGTAGCGTCCATTCTA.1,1,vemurafenib
Data34_GSM5022596_CGTAGCGTCGGTTAAC.1,1,vemurafenib
Data34_GSM5022596_CGTAGGCAGAACTCGG.1,1,vemurafenib
Data34_GSM5022596_CGTAGGCAGCCAGGAT.1,1,vemurafenib
Data34_GSM5022596_CGTAGGCAGCCTATGT.1,1,vemurafenib
Data34_GSM5022596_CGTAGGCAGTGCAAGC.1,1,vemurafenib
Data34_GSM5022596_CGTAGGCCACGGTAGA.1,1,vemurafenib
Data34_GSM5022596_CGTAGGCCAGCGTAAG.1,1,vemurafenib
Data34_GSM5022596_CGTAGGCCAGCGTCCA.1,1,vemurafenib
Data34_GSM5022596_CGTAGGCCAGTCAGCC.1,1,vemurafenib
Data34_GSM5022596_CGTAGGCCATAAAGGT.1,1,vemurafenib
Data34_GSM5022596_CGTAGGCCATGCCACG.1,1,vemurafenib
Data34_GSM5022596_CGTAGGCCATGGTCAT.1,1,vemurafenib
Data34_GSM5022596_CGTAGGCGTAAGAGAG.1,1,vemurafenib
Data34_GSM5022596_CGTAGGCGTAGCGTGA.1,1,vemurafenib
Data34_GSM5022596_CGTAGGCGTCAGGACA.1,1,vemurafenib
Data34_GSM5022596_CGTAGGCGTTCACCTC.1,1,vemurafenib
Data34_GSM5022596_CGTAGGCGTTTGGGCC.1,1,vemurafenib
Data34_GSM5022596_CGTAGGCTCAACACCA.1,1,vemurafenib
Data34_GSM5022596_CGTAGGCTCAGTTCGA.1,1,vemurafenib
Data34_GSM5022596_CGTAGGCTCCGAGCCA.1,1,vemurafenib
Data34_GSM5022596_CGTAGGCTCCTCAACC.1,1,vemurafenib
Data34_GSM5022596_CGTAGGCTCGGCTTGG.1,1,vemurafenib
Data34_GSM5022596_CGTAGGCTCGGTGTCG.1,1,vemurafenib
Data34_GSM5022596_CGTCACTCACCATCCT.1,1,vemurafenib
Data34_GSM5022596_CGTCACTCACGGTGTC.1,1,vemurafenib
Data34_GSM5022596_CGTCACTCAGCTTAAC.1,1,vemurafenib
Data34_GSM5022596_CGTCACTGTACCGCTG.1,1,vemurafenib
Data34_GSM5022596_CGTCACTGTAGCCTAT.1,1,vemurafenib
Data34_GSM5022596_CGTCACTGTAGCTTGT.1,1,vemurafenib
Data34_GSM5022596_CGTCACTGTATTCGTG.1,1,vemurafenib
Data34_GSM5022596_CGTCACTGTGCACCAC.1,1,vemurafenib
Data34_GSM5022596_CGTCACTGTTTGACAC.1,1,vemurafenib
Data34_GSM5022596_CGTCACTTCAAGCCTA.1,1,vemurafenib
Data34_GSM5022596_CGTCACTTCATATCGG.1,1,vemurafenib
Data34_GSM5022596_CGTCACTTCCAGTATG.1,1,vemurafenib
Data34_GSM5022596_CGTCACTTCCCTGACT.1,1,vemurafenib
Data34_GSM5022596_CGTCAGGAGGGATGGG.1,1,vemurafenib
Data34_GSM5022596_CGTCAGGAGGGCTTGA.1,1,vemurafenib
Data34_GSM5022596_CGTCAGGCAAGCTGGA.1,1,vemurafenib
Data34_GSM5022596_CGTCAGGCAGATGGGT.1,1,vemurafenib
Data34_GSM5022596_CGTCAGGCAGATTGCT.1,1,vemurafenib
Data34_GSM5022596_CGTCAGGCAGTGGAGT.1,1,vemurafenib
Data34_GSM5022596_CGTCAGGCATGGTAGG.1,1,vemurafenib
Data34_GSM5022596_CGTCAGGGTATCAGTC.1,1,vemurafenib
Data34_GSM5022596_CGTCAGGGTCACTTCC.1,1,vemurafenib
Data34_GSM5022596_CGTCAGGGTGTCCTCT.1,1,vemurafenib
Data34_GSM5022596_CGTCAGGGTTCCAACA.1,1,vemurafenib
Data34_GSM5022596_CGTCAGGTCAACACGT.1,1,vemurafenib
Data34_GSM5022596_CGTCAGGTCAACCATG.1,1,vemurafenib
Data34_GSM5022596_CGTCAGGTCAGAGCTT.1,1,vemurafenib
Data34_GSM5022596_CGTCAGGTCATAAAGG.1,1,vemurafenib
Data34_GSM5022596_CGTCAGGTCGCGGATC.1,1,vemurafenib
Data34_GSM5022596_CGTCAGGTCGTGGTCG.1,1,vemurafenib
Data34_GSM5022596_CGTCAGGTCTCAAACG.1,1,vemurafenib
Data34_GSM5022596_CGTCCATAGTATGACA.1,1,vemurafenib
Data34_GSM5022596_CGTCCATAGTCTCGGC.1,1,vemurafenib
Data34_GSM5022596_CGTCCATAGTTGTCGT.1,1,vemurafenib
Data34_GSM5022596_CGTCCATCAACACCCG.1,1,vemurafenib
Data34_GSM5022596_CGTCCATCAAGCCGCT.1,1,vemurafenib
Data34_GSM5022596_CGTCCATCAAGTTGTC.1,1,vemurafenib
Data34_GSM5022596_CGTCCATCACGCTTTC.1,1,vemurafenib
Data34_GSM5022596_CGTCCATCATGCAATC.1,1,vemurafenib
Data34_GSM5022596_CGTCCATGTACGAAAT.1,1,vemurafenib
Data34_GSM5022596_CGTCCATGTAGCTAAA.1,1,vemurafenib
Data34_GSM5022596_CGTCCATGTGTTAAGA.1,1,vemurafenib
Data34_GSM5022596_CGTCTACCACATCCAA.1,1,vemurafenib
Data34_GSM5022596_CGTCTACCAGTAGAGC.1,1,vemurafenib
Data34_GSM5022596_CGTCTACCATGAAGTA.1,1,vemurafenib
Data34_GSM5022596_CGTCTACGTACTTAGC.1,1,vemurafenib
Data34_GSM5022596_CGTCTACGTCCATGAT.1,1,vemurafenib
Data34_GSM5022596_CGTCTACTCAAAGTAG.1,1,vemurafenib
Data34_GSM5022596_CGTCTACTCAACGGGA.1,1,vemurafenib
Data34_GSM5022596_CGTCTACTCATCTGCC.1,1,vemurafenib
Data34_GSM5022596_CGTCTACTCGGTGTTA.1,1,vemurafenib
Data34_GSM5022596_CGTCTACTCTGGCGAC.1,1,vemurafenib
Data34_GSM5022596_CGTGAGCAGGGCATGT.1,1,vemurafenib
Data34_GSM5022596_CGTGAGCCACATGACT.1,1,vemurafenib
Data34_GSM5022596_CGTGAGCCACATTTCT.1,1,vemurafenib
Data34_GSM5022596_CGTGAGCCAGGCAGTA.1,1,vemurafenib
Data34_GSM5022596_CGTGAGCGTCATGCCG.1,1,vemurafenib
Data34_GSM5022596_CGTGAGCGTGAAGGCT.1,1,vemurafenib
Data34_GSM5022596_CGTGAGCTCAAGCCTA.1,1,vemurafenib
Data34_GSM5022596_CGTGAGCTCACTGGGC.1,1,vemurafenib
Data34_GSM5022596_CGTGAGCTCCACGACG.1,1,vemurafenib
Data34_GSM5022596_CGTGAGCTCGAGGTAG.1,1,vemurafenib
Data34_GSM5022596_CGTGTAAAGATAGCAT.1,1,vemurafenib
Data34_GSM5022596_CGTGTAAAGCGATTCT.1,1,vemurafenib
Data34_GSM5022596_CGTGTAAAGGATGCGT.1,1,vemurafenib
Data34_GSM5022596_CGTGTAAAGGTGTGGT.1,1,vemurafenib
Data34_GSM5022596_CGTGTAAAGTACATGA.1,1,vemurafenib
Data34_GSM5022596_CGTGTAAAGTTATCGC.1,1,vemurafenib
Data34_GSM5022596_CGTGTAACACCGAATT.1,1,vemurafenib
Data34_GSM5022596_CGTGTAACATAACCTG.1,1,vemurafenib
Data34_GSM5022596_CGTGTAAGTCATTAGC.1,1,vemurafenib
Data34_GSM5022596_CGTGTAAGTGTGACCC.1,1,vemurafenib
Data34_GSM5022596_CGTGTAATCACGACTA.1,1,vemurafenib
Data34_GSM5022596_CGTGTAATCCATTCTA.1,1,vemurafenib
Data34_GSM5022596_CGTGTAATCCCGGATG.1,1,vemurafenib
Data34_GSM5022596_CGTGTAATCTGCGACG.1,1,vemurafenib
Data34_GSM5022596_CGTGTAATCTGGTTCC.1,1,vemurafenib
Data34_GSM5022596_CGTGTCTAGATGCCAG.1,1,vemurafenib
Data34_GSM5022596_CGTGTCTAGGCGACAT.1,1,vemurafenib
Data34_GSM5022596_CGTGTCTAGTCGTTTG.1,1,vemurafenib
Data34_GSM5022596_CGTGTCTCAAAGGAAG.1,1,vemurafenib
Data34_GSM5022596_CGTGTCTGTGAGCGAT.1,1,vemurafenib
Data34_GSM5022596_CGTGTCTGTGCAGACA.1,1,vemurafenib
Data34_GSM5022596_CGTGTCTGTGTCAATC.1,1,vemurafenib
Data34_GSM5022596_CGTGTCTGTGTGCCTG.1,1,vemurafenib
Data34_GSM5022596_CGTGTCTTCACCCTCA.1,1,vemurafenib
Data34_GSM5022596_CGTGTCTTCCGTAGGC.1,1,vemurafenib
Data34_GSM5022596_CGTGTCTTCTATCCTA.1,1,vemurafenib
Data34_GSM5022596_CGTGTCTTCTTCAACT.1,1,vemurafenib
Data34_GSM5022596_CGTTAGAAGATTACCC.1,1,vemurafenib
Data34_GSM5022596_CGTTAGAAGCCGTCGT.1,1,vemurafenib
Data34_GSM5022596_CGTTAGAAGGCAATTA.1,1,vemurafenib
Data34_GSM5022596_CGTTAGAAGGTCGGAT.1,1,vemurafenib
Data34_GSM5022596_CGTTAGAAGTAGGCCA.1,1,vemurafenib
Data34_GSM5022596_CGTTAGAAGTTACCCA.1,1,vemurafenib
Data34_GSM5022596_CGTTAGAGTCTAGAGG.1,1,vemurafenib
Data34_GSM5022596_CGTTAGAGTTAGAACA.1,1,vemurafenib
Data34_GSM5022596_CGTTAGAGTTGTGGCC.1,1,vemurafenib
Data34_GSM5022596_CGTTAGATCAGCAACT.1,1,vemurafenib
Data34_GSM5022596_CGTTCTGAGTCCATAC.1,1,vemurafenib
Data34_GSM5022596_CGTTCTGAGTCTCGGC.1,1,vemurafenib
Data34_GSM5022596_CGTTCTGCAGTTTACG.1,1,vemurafenib
Data34_GSM5022596_CGTTCTGCATCGATGT.1,1,vemurafenib
Data34_GSM5022596_CGTTCTGCATGTAGTC.1,1,vemurafenib
Data34_GSM5022596_CGTTCTGGTCTAGCCG.1,1,vemurafenib
Data34_GSM5022596_CGTTCTGTCGATGAGG.1,1,vemurafenib
Data34_GSM5022596_CGTTCTGTCGGTTAAC.1,1,vemurafenib
Data34_GSM5022596_CGTTCTGTCTAGCACA.1,1,vemurafenib
Data34_GSM5022596_CGTTCTGTCTTGACGA.1,1,vemurafenib
Data34_GSM5022596_CGTTGGGAGAGCTGCA.1,1,vemurafenib
Data34_GSM5022596_CGTTGGGAGCAACGGT.1,1,vemurafenib
Data34_GSM5022596_CGTTGGGAGCCAGGAT.1,1,vemurafenib
Data34_GSM5022596_CGTTGGGAGGCACATG.1,1,vemurafenib
Data34_GSM5022596_CGTTGGGAGGTGTGGT.1,1,vemurafenib
Data34_GSM5022596_CGTTGGGCAACGATCT.1,1,vemurafenib
Data34_GSM5022596_CGTTGGGCATCGGGTC.1,1,vemurafenib
Data34_GSM5022596_CGTTGGGCATGTCTCC.1,1,vemurafenib
Data34_GSM5022596_CGTTGGGGTACATGTC.1,1,vemurafenib
Data34_GSM5022596_CGTTGGGGTATGAAAC.1,1,vemurafenib
Data34_GSM5022596_CGTTGGGGTCCAGTTA.1,1,vemurafenib
Data34_GSM5022596_CGTTGGGTCACGATGT.1,1,vemurafenib
Data34_GSM5022596_CGTTGGGTCTAACTGG.1,1,vemurafenib
Data34_GSM5022596_CGTTGGGTCTGATTCT.1,1,vemurafenib
Data34_GSM5022596_CTAACTTAGAATAGGG.1,1,vemurafenib
Data34_GSM5022596_CTAACTTAGAGACTAT.1,1,vemurafenib
Data34_GSM5022596_CTAACTTAGATGTCGG.1,1,vemurafenib
Data34_GSM5022596_CTAACTTAGTGGAGTC.1,1,vemurafenib
Data34_GSM5022596_CTAACTTAGTTATCGC.1,1,vemurafenib
Data34_GSM5022596_CTAACTTAGTTGAGAT.1,1,vemurafenib
Data34_GSM5022596_CTAACTTAGTTGAGTA.1,1,vemurafenib
Data34_GSM5022596_CTAACTTCAACGATGG.1,1,vemurafenib
Data34_GSM5022596_CTAACTTCAAGTTCTG.1,1,vemurafenib
Data34_GSM5022596_CTAACTTCAGTTCCCT.1,1,vemurafenib
Data34_GSM5022596_CTAACTTCATCATCCC.1,1,vemurafenib
Data34_GSM5022596_CTAACTTGTAACGACG.1,1,vemurafenib
Data34_GSM5022596_CTAACTTGTACTCTCC.1,1,vemurafenib
Data34_GSM5022596_CTAACTTGTCACAAGG.1,1,vemurafenib
Data34_GSM5022596_CTAACTTGTCCTAGCG.1,1,vemurafenib
Data34_GSM5022596_CTAACTTGTCTCACCT.1,1,vemurafenib
Data34_GSM5022596_CTAACTTGTTCAGCGC.1,1,vemurafenib
Data34_GSM5022596_CTAACTTGTTTACTCT.1,1,vemurafenib
Data34_GSM5022596_CTAACTTGTTTGTTTC.1,1,vemurafenib
Data34_GSM5022596_CTAACTTTCATCTGCC.1,1,vemurafenib
Data34_GSM5022596_CTAACTTTCCACGTGG.1,1,vemurafenib
Data34_GSM5022596_CTAACTTTCCGCAGTG.1,1,vemurafenib
Data34_GSM5022596_CTAACTTTCGAGGTAG.1,1,vemurafenib
Data34_GSM5022596_CTAACTTTCTATCCTA.1,1,vemurafenib
Data34_GSM5022596_CTAAGACAGCACAGGT.1,1,vemurafenib
Data34_GSM5022596_CTAAGACAGCCGCCTA.1,1,vemurafenib
Data34_GSM5022596_CTAAGACCACACCGAC.1,1,vemurafenib
Data34_GSM5022596_CTAAGACCACGGTAGA.1,1,vemurafenib
Data34_GSM5022596_CTAAGACCAGGTTTCA.1,1,vemurafenib
Data34_GSM5022596_CTAAGACCATGGGACA.1,1,vemurafenib
Data34_GSM5022596_CTAAGACGTAAGGATT.1,1,vemurafenib
Data34_GSM5022596_CTAAGACGTACCGGCT.1,1,vemurafenib
Data34_GSM5022596_CTAAGACGTAGCAAAT.1,1,vemurafenib
Data34_GSM5022596_CTAAGACGTATTCTCT.1,1,vemurafenib
Data34_GSM5022596_CTAAGACGTCAGAGGT.1,1,vemurafenib
Data34_GSM5022596_CTAAGACTCGTGGGAA.1,1,vemurafenib
Data34_GSM5022596_CTAAGACTCGTGGTCG.1,1,vemurafenib
Data34_GSM5022596_CTAATGGAGACAGACC.1,1,vemurafenib
Data34_GSM5022596_CTAATGGAGTTAGCGG.1,1,vemurafenib
Data34_GSM5022596_CTAATGGCAAGTAGTA.1,1,vemurafenib
Data34_GSM5022596_CTAATGGCAATAGCGG.1,1,vemurafenib
Data34_GSM5022596_CTAATGGCAGATTGCT.1,1,vemurafenib
Data34_GSM5022596_CTAATGGCAGCGATCC.1,1,vemurafenib
Data34_GSM5022596_CTAATGGGTACGACCC.1,1,vemurafenib
Data34_GSM5022596_CTAATGGGTGAGGGAG.1,1,vemurafenib
Data34_GSM5022596_CTAATGGGTGGACGAT.1,1,vemurafenib
Data34_GSM5022596_CTAATGGTCAACGAAA.1,1,vemurafenib
Data34_GSM5022596_CTAATGGTCACAACGT.1,1,vemurafenib
Data34_GSM5022596_CTAATGGTCACATAGC.1,1,vemurafenib
Data34_GSM5022596_CTACACCAGACACTAA.1,1,vemurafenib
Data34_GSM5022596_CTACACCAGGTAAACT.1,1,vemurafenib
Data34_GSM5022596_CTACACCAGTACGCCC.1,1,vemurafenib
Data34_GSM5022596_CTACACCAGTGTTGAA.1,1,vemurafenib
Data34_GSM5022596_CTACACCCAGACAAGC.1,1,vemurafenib
Data34_GSM5022596_CTACACCCAGCGTTCG.1,1,vemurafenib
Data34_GSM5022596_CTACACCCATCACAAC.1,1,vemurafenib
Data34_GSM5022596_CTACACCCATGCGCAC.1,1,vemurafenib
Data34_GSM5022596_CTACACCGTGTATGGG.1,1,vemurafenib
Data34_GSM5022596_CTACACCGTTATTCTC.1,1,vemurafenib
Data34_GSM5022596_CTACACCTCATGGTCA.1,1,vemurafenib
Data34_GSM5022596_CTACACCTCCGTACAA.1,1,vemurafenib
Data34_GSM5022596_CTACATTAGACAAGCC.1,1,vemurafenib
Data34_GSM5022596_CTACATTAGATGTTAG.1,1,vemurafenib
Data34_GSM5022596_CTACATTAGGTAGCTG.1,1,vemurafenib
Data34_GSM5022596_CTACATTAGTGTACCT.1,1,vemurafenib
Data34_GSM5022596_CTACATTCAAGTTCTG.1,1,vemurafenib
Data34_GSM5022596_CTACATTCACCGATAT.1,1,vemurafenib
Data34_GSM5022596_CTACATTCACGTCAGC.1,1,vemurafenib
Data34_GSM5022596_CTACATTCAGATGGCA.1,1,vemurafenib
Data34_GSM5022596_CTACATTCAGGGTACA.1,1,vemurafenib
Data34_GSM5022596_CTACATTGTCACAAGG.1,1,vemurafenib
Data34_GSM5022596_CTACATTGTTACGACT.1,1,vemurafenib
Data34_GSM5022596_CTACATTTCCCTGACT.1,1,vemurafenib
Data34_GSM5022596_CTACATTTCTAACTTC.1,1,vemurafenib
Data34_GSM5022596_CTACCCAAGCGTTGCC.1,1,vemurafenib
Data34_GSM5022596_CTACCCAAGCTAAACA.1,1,vemurafenib
Data34_GSM5022596_CTACCCAAGTGCCATT.1,1,vemurafenib
Data34_GSM5022596_CTACCCAAGTGTACTC.1,1,vemurafenib
Data34_GSM5022596_CTACCCAAGTGTCCCG.1,1,vemurafenib
Data34_GSM5022596_CTACCCACAATAGCGG.1,1,vemurafenib
Data34_GSM5022596_CTACCCACACTTGGAT.1,1,vemurafenib
Data34_GSM5022596_CTACCCACATAGAAAC.1,1,vemurafenib
Data34_GSM5022596_CTACCCACATCATCCC.1,1,vemurafenib
Data34_GSM5022596_CTACCCAGTCCTAGCG.1,1,vemurafenib
Data34_GSM5022596_CTACCCAGTGAGGGTT.1,1,vemurafenib
Data34_GSM5022596_CTACCCATCACCAGGC.1,1,vemurafenib
Data34_GSM5022596_CTACCCATCGTCTGCT.1,1,vemurafenib
Data34_GSM5022596_CTACGTCAGACAAGCC.1,1,vemurafenib
Data34_GSM5022596_CTACGTCAGAGAACAG.1,1,vemurafenib
Data34_GSM5022596_CTACGTCAGCCAGTTT.1,1,vemurafenib
Data34_GSM5022596_CTACGTCCAAAGTCAA.1,1,vemurafenib
Data34_GSM5022596_CTACGTCCAAGGACTG.1,1,vemurafenib
Data34_GSM5022596_CTACGTCCAATGTAAG.1,1,vemurafenib
Data34_GSM5022596_CTACGTCCAGCCAGAA.1,1,vemurafenib
Data34_GSM5022596_CTACGTCCAGCTGGCT.1,1,vemurafenib
Data34_GSM5022596_CTACGTCCATGCGCAC.1,1,vemurafenib
Data34_GSM5022596_CTACGTCCATGGATGG.1,1,vemurafenib
Data34_GSM5022596_CTACGTCGTCAACATC.1,1,vemurafenib
Data34_GSM5022596_CTACGTCGTCAACTGT.1,1,vemurafenib
Data34_GSM5022596_CTACGTCGTGACTCAT.1,1,vemurafenib
Data34_GSM5022596_CTACGTCGTGCAGTAG.1,1,vemurafenib
Data34_GSM5022596_CTACGTCGTGCATCTA.1,1,vemurafenib
Data34_GSM5022596_CTACGTCTCCAGAAGG.1,1,vemurafenib
Data34_GSM5022596_CTACGTCTCCAGAGGA.1,1,vemurafenib
Data34_GSM5022596_CTACGTCTCGCCATAA.1,1,vemurafenib
Data34_GSM5022596_CTAGAGTAGCACGCCT.1,1,vemurafenib
Data34_GSM5022596_CTAGAGTAGGCTATCT.1,1,vemurafenib
Data34_GSM5022596_CTAGAGTAGTTAACGA.1,1,vemurafenib
Data34_GSM5022596_CTAGAGTAGTTCCACA.1,1,vemurafenib
Data34_GSM5022596_CTAGAGTCAAACCTAC.1,1,vemurafenib
Data34_GSM5022596_CTAGAGTCACCGAAAG.1,1,vemurafenib
Data34_GSM5022596_CTAGAGTCAGTCAGAG.1,1,vemurafenib
Data34_GSM5022596_CTAGAGTGTACGAAAT.1,1,vemurafenib
Data34_GSM5022596_CTAGAGTGTATAAACG.1,1,vemurafenib
Data34_GSM5022596_CTAGAGTGTCGTTGTA.1,1,vemurafenib
Data34_GSM5022596_CTAGAGTGTTCCACAA.1,1,vemurafenib
Data34_GSM5022596_CTAGAGTTCACCGTAA.1,1,vemurafenib
Data34_GSM5022596_CTAGCCTAGTGGTCCC.1,1,vemurafenib
Data34_GSM5022596_CTAGCCTGTAGCTGCC.1,1,vemurafenib
Data34_GSM5022596_CTAGCCTTCAGCGATT.1,1,vemurafenib
Data34_GSM5022596_CTAGCCTTCATGCTCC.1,1,vemurafenib
Data34_GSM5022596_CTAGCCTTCGCATGAT.1,1,vemurafenib
Data34_GSM5022596_CTAGCCTTCGTTGCCT.1,1,vemurafenib
Data34_GSM5022596_CTAGTGAAGCAAATCA.1,1,vemurafenib
Data34_GSM5022596_CTAGTGAAGCTAGTGG.1,1,vemurafenib
Data34_GSM5022596_CTAGTGAAGGAATCGC.1,1,vemurafenib
Data34_GSM5022596_CTAGTGACAAGTTAAG.1,1,vemurafenib
Data34_GSM5022596_CTAGTGAGTAGATTAG.1,1,vemurafenib
Data34_GSM5022596_CTAGTGAGTCACCTAA.1,1,vemurafenib
Data34_GSM5022596_CTCACACAGCAGACTG.1,1,vemurafenib
Data34_GSM5022596_CTCACACAGTACACCT.1,1,vemurafenib
Data34_GSM5022596_CTCACACCAATGTAAG.1,1,vemurafenib
Data34_GSM5022596_CTCACACCAATTCCTT.1,1,vemurafenib
Data34_GSM5022596_CTCACACCACATGTGT.1,1,vemurafenib
Data34_GSM5022596_CTCACACCATACAGCT.1,1,vemurafenib
Data34_GSM5022596_CTCACACCATCTGGTA.1,1,vemurafenib
Data34_GSM5022596_CTCACACCATGGGACA.1,1,vemurafenib
Data34_GSM5022596_CTCACACGTAAGAGGA.1,1,vemurafenib
Data34_GSM5022596_CTCACACGTCGCGGTT.1,1,vemurafenib
Data34_GSM5022596_CTCACACGTTTGGCGC.1,1,vemurafenib
Data34_GSM5022596_CTCACACTCAGCTCTC.1,1,vemurafenib
Data34_GSM5022596_CTCACACTCCAAACTG.1,1,vemurafenib
Data34_GSM5022596_CTCACACTCCGAACGC.1,1,vemurafenib
Data34_GSM5022596_CTCACACTCTTCTGGC.1,1,vemurafenib
Data34_GSM5022596_CTCAGAAAGTGACATA.1,1,vemurafenib
Data34_GSM5022596_CTCAGAACAACACCCG.1,1,vemurafenib
Data34_GSM5022596_CTCAGAACAACGATGG.1,1,vemurafenib
Data34_GSM5022596_CTCAGAACACAGGTTT.1,1,vemurafenib
Data34_GSM5022596_CTCAGAAGTACTTAGC.1,1,vemurafenib
Data34_GSM5022596_CTCAGAAGTCTTGTCC.1,1,vemurafenib
Data34_GSM5022596_CTCAGAAGTGTGCGTC.1,1,vemurafenib
Data34_GSM5022596_CTCAGAAGTTACCAGT.1,1,vemurafenib
Data34_GSM5022596_CTCAGAAGTTGATTGC.1,1,vemurafenib
Data34_GSM5022596_CTCAGAAGTTGTACAC.1,1,vemurafenib
Data34_GSM5022596_CTCAGAATCACCCGAG.1,1,vemurafenib
Data34_GSM5022596_CTCAGAATCGTTTGCC.1,1,vemurafenib
Data34_GSM5022596_CTCAGAATCTCCTATA.1,1,vemurafenib
Data34_GSM5022596_CTCATTAAGAGACTAT.1,1,vemurafenib
Data34_GSM5022596_CTCATTAAGCGTCTAT.1,1,vemurafenib
Data34_GSM5022596_CTCATTACAAGAGGCT.1,1,vemurafenib
Data34_GSM5022596_CTCATTACAGTCGATT.1,1,vemurafenib
Data34_GSM5022596_CTCATTAGTCTCACCT.1,1,vemurafenib
Data34_GSM5022596_CTCATTATCAGTGCAT.1,1,vemurafenib
Data34_GSM5022596_CTCATTATCATCATTC.1,1,vemurafenib
Data34_GSM5022596_CTCATTATCCAAACTG.1,1,vemurafenib
Data34_GSM5022596_CTCATTATCCTAGGGC.1,1,vemurafenib
Data34_GSM5022596_CTCATTATCGCCCTTA.1,1,vemurafenib
Data34_GSM5022596_CTCATTATCGTAGGTT.1,1,vemurafenib
Data34_GSM5022596_CTCATTATCGTGGTCG.1,1,vemurafenib
Data34_GSM5022596_CTCCTAGAGAGAGCTC.1,1,vemurafenib
Data34_GSM5022596_CTCCTAGAGCACCGCT.1,1,vemurafenib
Data34_GSM5022596_CTCCTAGAGCTGATAA.1,1,vemurafenib
Data34_GSM5022596_CTCCTAGAGCTGCGAA.1,1,vemurafenib
Data34_GSM5022596_CTCCTAGCATATACCG.1,1,vemurafenib
Data34_GSM5022596_CTCCTAGCATTCTCAT.1,1,vemurafenib
Data34_GSM5022596_CTCCTAGGTATCGCAT.1,1,vemurafenib
Data34_GSM5022596_CTCCTAGGTGCTCTTC.1,1,vemurafenib
Data34_GSM5022596_CTCCTAGTCAACGCTA.1,1,vemurafenib
Data34_GSM5022596_CTCCTAGTCAGAGGTG.1,1,vemurafenib
Data34_GSM5022596_CTCCTAGTCAGGCAAG.1,1,vemurafenib
Data34_GSM5022596_CTCGAAAAGAGTCTGG.1,1,vemurafenib
Data34_GSM5022596_CTCGAAAAGTCTTGCA.1,1,vemurafenib
Data34_GSM5022596_CTCGAAACACAGTCGC.1,1,vemurafenib
Data34_GSM5022596_CTCGAAACACGTGAGA.1,1,vemurafenib
Data34_GSM5022596_CTCGAAACAGGAATGC.1,1,vemurafenib
Data34_GSM5022596_CTCGAAACATACAGCT.1,1,vemurafenib
Data34_GSM5022596_CTCGAAAGTACTCAAC.1,1,vemurafenib
Data34_GSM5022596_CTCGAAAGTGTGACGA.1,1,vemurafenib
Data34_GSM5022596_CTCGAAAGTTCGGGCT.1,1,vemurafenib
Data34_GSM5022596_CTCGAAAGTTGAACTC.1,1,vemurafenib
Data34_GSM5022596_CTCGAAATCACTTCAT.1,1,vemurafenib
Data34_GSM5022596_CTCGAAATCTACTATC.1,1,vemurafenib
Data34_GSM5022596_CTCGAGGAGACAGACC.1,1,vemurafenib
Data34_GSM5022596_CTCGAGGAGACTTTCG.1,1,vemurafenib
Data34_GSM5022596_CTCGAGGAGATGGGTC.1,1,vemurafenib
Data34_GSM5022596_CTCGAGGAGCTGCGAA.1,1,vemurafenib
Data34_GSM5022596_CTCGAGGAGGACGAAA.1,1,vemurafenib
Data34_GSM5022596_CTCGAGGAGTGTACGG.1,1,vemurafenib
Data34_GSM5022596_CTCGAGGCAAGGTGTG.1,1,vemurafenib
Data34_GSM5022596_CTCGAGGCACAGGAGT.1,1,vemurafenib
Data34_GSM5022596_CTCGAGGCATGTTCCC.1,1,vemurafenib
Data34_GSM5022596_CTCGAGGGTCCGAAGA.1,1,vemurafenib
Data34_GSM5022596_CTCGAGGGTGAAATCA.1,1,vemurafenib
Data34_GSM5022596_CTCGAGGTCACCACCT.1,1,vemurafenib
Data34_GSM5022596_CTCGAGGTCTAACTCT.1,1,vemurafenib
Data34_GSM5022596_CTCGAGGTCTACGAGT.1,1,vemurafenib
Data34_GSM5022596_CTCGAGGTCTTGCATT.1,1,vemurafenib
Data34_GSM5022596_CTCGGAGAGACTCGGA.1,1,vemurafenib
Data34_GSM5022596_CTCGGAGAGCACAGGT.1,1,vemurafenib
Data34_GSM5022596_CTCGGAGAGCGCTCCA.1,1,vemurafenib
Data34_GSM5022596_CTCGGAGAGCTGGAAC.1,1,vemurafenib
Data34_GSM5022596_CTCGGAGAGTTGTCGT.1,1,vemurafenib
Data34_GSM5022596_CTCGGAGCAATGGAGC.1,1,vemurafenib
Data34_GSM5022596_CTCGGAGCACAGATTC.1,1,vemurafenib
Data34_GSM5022596_CTCGGAGCACGTAAGG.1,1,vemurafenib
Data34_GSM5022596_CTCGGAGGTCTCCATC.1,1,vemurafenib
Data34_GSM5022596_CTCGGAGGTGTAATGA.1,1,vemurafenib
Data34_GSM5022596_CTCGGAGGTGTCAATC.1,1,vemurafenib
Data34_GSM5022596_CTCGGAGGTTCCACAA.1,1,vemurafenib
Data34_GSM5022596_CTCGGAGGTTCCTCCA.1,1,vemurafenib
Data34_GSM5022596_CTCGGAGTCATAACCG.1,1,vemurafenib
Data34_GSM5022596_CTCGGAGTCCTAGAAC.1,1,vemurafenib
Data34_GSM5022596_CTCGGGAAGAGGGCTT.1,1,vemurafenib
Data34_GSM5022596_CTCGGGAAGCTAACTC.1,1,vemurafenib
Data34_GSM5022596_CTCGGGAAGGCATGGT.1,1,vemurafenib
Data34_GSM5022596_CTCGGGACAAAGCGGT.1,1,vemurafenib
Data34_GSM5022596_CTCGGGACAATAACGA.1,1,vemurafenib
Data34_GSM5022596_CTCGGGACAATAGCGG.1,1,vemurafenib
Data34_GSM5022596_CTCGGGACAATCGAAA.1,1,vemurafenib
Data34_GSM5022596_CTCGGGACACCGAAAG.1,1,vemurafenib
Data34_GSM5022596_CTCGGGACACGCCAGT.1,1,vemurafenib
Data34_GSM5022596_CTCGGGACAGTCAGAG.1,1,vemurafenib
Data34_GSM5022596_CTCGGGAGTACATGTC.1,1,vemurafenib
Data34_GSM5022596_CTCGGGATCGGCCGAT.1,1,vemurafenib
Data34_GSM5022596_CTCGTACCAGCTCCGA.1,1,vemurafenib
Data34_GSM5022596_CTCGTACCAGTCACTA.1,1,vemurafenib
Data34_GSM5022596_CTCGTACCATTGGTAC.1,1,vemurafenib
Data34_GSM5022596_CTCGTACTCGACGGAA.1,1,vemurafenib
Data34_GSM5022596_CTCGTACTCGGCGCAT.1,1,vemurafenib
Data34_GSM5022596_CTCGTACTCGTTACAG.1,1,vemurafenib
Data34_GSM5022596_CTCGTACTCTCTGCTG.1,1,vemurafenib
Data34_GSM5022596_CTCGTACTCTTGTCAT.1,1,vemurafenib
Data34_GSM5022596_CTCGTCAAGGACATTA.1,1,vemurafenib
Data34_GSM5022596_CTCGTCAAGGGTCGAT.1,1,vemurafenib
Data34_GSM5022596_CTCGTCAAGTGTGGCA.1,1,vemurafenib
Data34_GSM5022596_CTCGTCACAGTAGAGC.1,1,vemurafenib
Data34_GSM5022596_CTCGTCACATGAGCGA.1,1,vemurafenib
Data34_GSM5022596_CTCGTCAGTCTTTCAT.1,1,vemurafenib
Data34_GSM5022596_CTCGTCAGTTCATGGT.1,1,vemurafenib
Data34_GSM5022596_CTCGTCAGTTGGTGGA.1,1,vemurafenib
Data34_GSM5022596_CTCGTCATCAACACCA.1,1,vemurafenib
Data34_GSM5022596_CTCGTCATCAGCTTAG.1,1,vemurafenib
Data34_GSM5022596_CTCGTCATCCAAACAC.1,1,vemurafenib
Data34_GSM5022596_CTCGTCATCCTACAGA.1,1,vemurafenib
Data34_GSM5022596_CTCTAATAGAGGTTGC.1,1,vemurafenib
Data34_GSM5022596_CTCTAATAGCGTGAAC.1,1,vemurafenib
Data34_GSM5022596_CTCTAATAGCTAAACA.1,1,vemurafenib
Data34_GSM5022596_CTCTAATCAAGGCTCC.1,1,vemurafenib
Data34_GSM5022596_CTCTAATCACCGAAAG.1,1,vemurafenib
Data34_GSM5022596_CTCTAATGTCCGAGTC.1,1,vemurafenib
Data34_GSM5022596_CTCTAATTCTATCGCC.1,1,vemurafenib
Data34_GSM5022596_CTCTACGAGAGTCGGT.1,1,vemurafenib
Data34_GSM5022596_CTCTACGAGTACCGGA.1,1,vemurafenib
Data34_GSM5022596_CTCTACGCAATCAGAA.1,1,vemurafenib
Data34_GSM5022596_CTCTACGCAGCTCGCA.1,1,vemurafenib
Data34_GSM5022596_CTCTACGCATCCGCGA.1,1,vemurafenib
Data34_GSM5022596_CTCTACGGTACCCAAT.1,1,vemurafenib
Data34_GSM5022596_CTCTACGGTATATGAG.1,1,vemurafenib
Data34_GSM5022596_CTCTACGGTCAACATC.1,1,vemurafenib
Data34_GSM5022596_CTCTACGGTCAACTGT.1,1,vemurafenib
Data34_GSM5022596_CTCTACGGTCACACGC.1,1,vemurafenib
Data34_GSM5022596_CTCTACGGTCTAGAGG.1,1,vemurafenib
Data34_GSM5022596_CTCTACGGTGCCTTGG.1,1,vemurafenib
Data34_GSM5022596_CTCTACGGTGCTTCTC.1,1,vemurafenib
Data34_GSM5022596_CTCTACGGTTCAGGCC.1,1,vemurafenib
Data34_GSM5022596_CTCTACGTCAACTCTT.1,1,vemurafenib
Data34_GSM5022596_CTCTACGTCATTGCGA.1,1,vemurafenib
Data34_GSM5022596_CTCTACGTCTCAAGTG.1,1,vemurafenib
Data34_GSM5022596_CTCTACGTCTGCCAGG.1,1,vemurafenib
Data34_GSM5022596_CTCTACGTCTTCGGTC.1,1,vemurafenib
Data34_GSM5022596_CTCTACGTCTTTCCTC.1,1,vemurafenib
Data34_GSM5022596_CTCTGGTAGGCAGGTT.1,1,vemurafenib
Data34_GSM5022596_CTCTGGTCAAGAGTCG.1,1,vemurafenib
Data34_GSM5022596_CTCTGGTCAAGGTTTC.1,1,vemurafenib
Data34_GSM5022596_CTCTGGTCAGCCAGAA.1,1,vemurafenib
Data34_GSM5022596_CTCTGGTCATTCTCAT.1,1,vemurafenib
Data34_GSM5022596_CTCTGGTGTAGAGGAA.1,1,vemurafenib
Data34_GSM5022596_CTCTGGTGTAGTACCT.1,1,vemurafenib
Data34_GSM5022596_CTCTGGTGTCGCGGTT.1,1,vemurafenib
Data34_GSM5022596_CTCTGGTTCCCTAACC.1,1,vemurafenib
Data34_GSM5022596_CTCTGGTTCCGTTGCT.1,1,vemurafenib
Data34_GSM5022596_CTCTGGTTCCTAGGGC.1,1,vemurafenib
Data34_GSM5022596_CTCTGGTTCGTTGACA.1,1,vemurafenib
Data34_GSM5022596_CTCTGGTTCTCTTATG.1,1,vemurafenib
Data34_GSM5022596_CTCTGGTTCTTCATGT.1,1,vemurafenib
Data34_GSM5022596_CTGAAACAGTGATCGG.1,1,vemurafenib
Data34_GSM5022596_CTGAAACAGTTGTAGA.1,1,vemurafenib
Data34_GSM5022596_CTGAAACCATACAGCT.1,1,vemurafenib
Data34_GSM5022596_CTGAAACCATTGAGCT.1,1,vemurafenib
Data34_GSM5022596_CTGAAACGTCGGCTCA.1,1,vemurafenib
Data34_GSM5022596_CTGAAACGTGAGTGAC.1,1,vemurafenib
Data34_GSM5022596_CTGAAACGTTAAGATG.1,1,vemurafenib
Data34_GSM5022596_CTGAAACTCACATAGC.1,1,vemurafenib
Data34_GSM5022596_CTGAAACTCGAGGTAG.1,1,vemurafenib
Data34_GSM5022596_CTGAAACTCGGTCCGA.1,1,vemurafenib
Data34_GSM5022596_CTGAAACTCTCGCTTG.1,1,vemurafenib
Data34_GSM5022596_CTGAAGTAGAATTCCC.1,1,vemurafenib
Data34_GSM5022596_CTGAAGTAGCCAGTAG.1,1,vemurafenib
Data34_GSM5022596_CTGAAGTAGGGTGTGT.1,1,vemurafenib
Data34_GSM5022596_CTGAAGTAGTAATCCC.1,1,vemurafenib
Data34_GSM5022596_CTGAAGTAGTTAGCGG.1,1,vemurafenib
Data34_GSM5022596_CTGAAGTCAATCTACG.1,1,vemurafenib
Data34_GSM5022596_CTGAAGTCAATGAAAC.1,1,vemurafenib
Data34_GSM5022596_CTGAAGTCACACCGCA.1,1,vemurafenib
Data34_GSM5022596_CTGAAGTCACGGACAA.1,1,vemurafenib
Data34_GSM5022596_CTGAAGTCAGGTCCAC.1,1,vemurafenib
Data34_GSM5022596_CTGAAGTGTATAGGGC.1,1,vemurafenib
Data34_GSM5022596_CTGAAGTGTGATGTCT.1,1,vemurafenib
Data34_GSM5022596_CTGAAGTGTTACAGAA.1,1,vemurafenib
Data34_GSM5022596_CTGAAGTGTTTAGGAA.1,1,vemurafenib
Data34_GSM5022596_CTGAAGTGTTTGTGTG.1,1,vemurafenib
Data34_GSM5022596_CTGAAGTTCAAGAAGT.1,1,vemurafenib
Data34_GSM5022596_CTGAAGTTCACGAAGG.1,1,vemurafenib
Data34_GSM5022596_CTGATAGAGGAGTTTA.1,1,vemurafenib
Data34_GSM5022596_CTGATAGAGGATGGTC.1,1,vemurafenib
Data34_GSM5022596_CTGATAGAGGCCCTTG.1,1,vemurafenib
Data34_GSM5022596_CTGATAGAGGCTCAGA.1,1,vemurafenib
Data34_GSM5022596_CTGATAGAGTTCGATC.1,1,vemurafenib
Data34_GSM5022596_CTGATAGCAATCGGTT.1,1,vemurafenib
Data34_GSM5022596_CTGATAGGTAGCGATG.1,1,vemurafenib
Data34_GSM5022596_CTGATAGGTCCCTTGT.1,1,vemurafenib
Data34_GSM5022596_CTGATCCAGCAGCGTA.1,1,vemurafenib
Data34_GSM5022596_CTGATCCAGTAGCGGT.1,1,vemurafenib
Data34_GSM5022596_CTGATCCAGTCATGCT.1,1,vemurafenib
Data34_GSM5022596_CTGATCCCACTGTGTA.1,1,vemurafenib
Data34_GSM5022596_CTGATCCCAGTTTACG.1,1,vemurafenib
Data34_GSM5022596_CTGATCCCATATACGC.1,1,vemurafenib
Data34_GSM5022596_CTGATCCCATCCGGGT.1,1,vemurafenib
Data34_GSM5022596_CTGATCCCATGGGAAC.1,1,vemurafenib
Data34_GSM5022596_CTGATCCGTAAGTTCC.1,1,vemurafenib
Data34_GSM5022596_CTGATCCGTACTCGCG.1,1,vemurafenib
Data34_GSM5022596_CTGATCCGTCACTGGC.1,1,vemurafenib
Data34_GSM5022596_CTGATCCGTTCGTCTC.1,1,vemurafenib
Data34_GSM5022596_CTGATCCTCCTCTAGC.1,1,vemurafenib
Data34_GSM5022596_CTGATCCTCGTCTGCT.1,1,vemurafenib
Data34_GSM5022596_CTGCCTAAGACGCTTT.1,1,vemurafenib
Data34_GSM5022596_CTGCCTAAGCCCAATT.1,1,vemurafenib
Data34_GSM5022596_CTGCCTAAGGAATCGC.1,1,vemurafenib
Data34_GSM5022596_CTGCCTAAGGTGCACA.1,1,vemurafenib
Data34_GSM5022596_CTGCCTACAAGCCCAC.1,1,vemurafenib
Data34_GSM5022596_CTGCCTACACTTACGA.1,1,vemurafenib
Data34_GSM5022596_CTGCCTACATAACCTG.1,1,vemurafenib
Data34_GSM5022596_CTGCCTACATGCAATC.1,1,vemurafenib
Data34_GSM5022596_CTGCCTAGTACGAAAT.1,1,vemurafenib
Data34_GSM5022596_CTGCCTAGTAGAGGAA.1,1,vemurafenib
Data34_GSM5022596_CTGCCTAGTCATATGC.1,1,vemurafenib
Data34_GSM5022596_CTGCCTAGTGAAAGAG.1,1,vemurafenib
Data34_GSM5022596_CTGCCTATCACCATAG.1,1,vemurafenib
Data34_GSM5022596_CTGCCTATCACTCCTG.1,1,vemurafenib
Data34_GSM5022596_CTGCCTATCAGTTTGG.1,1,vemurafenib
Data34_GSM5022596_CTGCCTATCCGATATG.1,1,vemurafenib
Data34_GSM5022596_CTGCCTATCTCGGACG.1,1,vemurafenib
Data34_GSM5022596_CTGCGGAAGAGCTATA.1,1,vemurafenib
Data34_GSM5022596_CTGCGGAAGATCTGCT.1,1,vemurafenib
Data34_GSM5022596_CTGCGGAAGCACCGCT.1,1,vemurafenib
Data34_GSM5022596_CTGCGGACAAGGACAC.1,1,vemurafenib
Data34_GSM5022596_CTGCGGACAATCCGAT.1,1,vemurafenib
Data34_GSM5022596_CTGCGGACACAGCCCA.1,1,vemurafenib
Data34_GSM5022596_CTGCGGACAGATTGCT.1,1,vemurafenib
Data34_GSM5022596_CTGCGGACATCTCGCT.1,1,vemurafenib
Data34_GSM5022596_CTGCGGACATGGTCTA.1,1,vemurafenib
Data34_GSM5022596_CTGCGGAGTAGCGTAG.1,1,vemurafenib
Data34_GSM5022596_CTGCGGAGTAGGACAC.1,1,vemurafenib
Data34_GSM5022596_CTGCGGAGTCATACTG.1,1,vemurafenib
Data34_GSM5022596_CTGCGGAGTTGACGTT.1,1,vemurafenib
Data34_GSM5022596_CTGCGGATCACTTACT.1,1,vemurafenib
Data34_GSM5022596_CTGCGGATCTTGCATT.1,1,vemurafenib
Data34_GSM5022596_CTGCTGTAGCTAGGCA.1,1,vemurafenib
Data34_GSM5022596_CTGCTGTAGGCAATTA.1,1,vemurafenib
Data34_GSM5022596_CTGCTGTAGTACACCT.1,1,vemurafenib
Data34_GSM5022596_CTGCTGTCAAACGTGG.1,1,vemurafenib
Data34_GSM5022596_CTGCTGTCAGCTCGCA.1,1,vemurafenib
Data34_GSM5022596_CTGCTGTGTTGTCGCG.1,1,vemurafenib
Data34_GSM5022596_CTGCTGTTCCTTGCCA.1,1,vemurafenib
Data34_GSM5022596_CTGCTGTTCGGTTCGG.1,1,vemurafenib
Data34_GSM5022596_CTGCTGTTCTGCCCTA.1,1,vemurafenib
Data34_GSM5022596_CTGCTGTTCTTATCTG.1,1,vemurafenib
Data34_GSM5022596_CTGGTCTAGACCCACC.1,1,vemurafenib
Data34_GSM5022596_CTGGTCTAGTGGAGTC.1,1,vemurafenib
Data34_GSM5022596_CTGGTCTCAGCCTGTG.1,1,vemurafenib
Data34_GSM5022596_CTGGTCTCAGCTGTAT.1,1,vemurafenib
Data34_GSM5022596_CTGGTCTCATGCATGT.1,1,vemurafenib
Data34_GSM5022596_CTGGTCTCATTAACCG.1,1,vemurafenib
Data34_GSM5022596_CTGGTCTGTACAAGTA.1,1,vemurafenib
Data34_GSM5022596_CTGGTCTGTCATGCCG.1,1,vemurafenib
Data34_GSM5022596_CTGGTCTGTCTTCAAG.1,1,vemurafenib
Data34_GSM5022596_CTGGTCTGTGCCTGCA.1,1,vemurafenib
Data34_GSM5022596_CTGGTCTGTTCGTCTC.1,1,vemurafenib
Data34_GSM5022596_CTGGTCTGTTTAGCTG.1,1,vemurafenib
Data34_GSM5022596_CTGGTCTTCACAACGT.1,1,vemurafenib
Data34_GSM5022596_CTGGTCTTCCTCCTAG.1,1,vemurafenib
Data34_GSM5022596_CTGGTCTTCGCTGATA.1,1,vemurafenib
Data34_GSM5022596_CTGGTCTTCTCGGACG.1,1,vemurafenib
Data34_GSM5022596_CTGTGCTAGACAGAGA.1,1,vemurafenib
Data34_GSM5022596_CTGTGCTAGCTGGAAC.1,1,vemurafenib
Data34_GSM5022596_CTGTGCTAGGATGGTC.1,1,vemurafenib
Data34_GSM5022596_CTGTGCTAGTCGCCGT.1,1,vemurafenib
Data34_GSM5022596_CTGTGCTAGTGGCACA.1,1,vemurafenib
Data34_GSM5022596_CTGTGCTCACCCTATC.1,1,vemurafenib
Data34_GSM5022596_CTGTGCTCACTCAGGC.1,1,vemurafenib
Data34_GSM5022596_CTGTGCTCAGCGTTCG.1,1,vemurafenib
Data34_GSM5022596_CTGTGCTCATACGCCG.1,1,vemurafenib
Data34_GSM5022596_CTGTGCTGTATTAGCC.1,1,vemurafenib
Data34_GSM5022596_CTGTGCTGTCAAGCGA.1,1,vemurafenib
Data34_GSM5022596_CTGTGCTGTCGCATAT.1,1,vemurafenib
Data34_GSM5022596_CTGTGCTGTGTCGCTG.1,1,vemurafenib
Data34_GSM5022596_CTGTGCTTCACATGCA.1,1,vemurafenib
Data34_GSM5022596_CTGTGCTTCCTAAGTG.1,1,vemurafenib
Data34_GSM5022596_CTGTGCTTCGCTAGCG.1,1,vemurafenib
Data34_GSM5022596_CTGTTTAAGAATTGTG.1,1,vemurafenib
Data34_GSM5022596_CTGTTTAAGATGTGGC.1,1,vemurafenib
Data34_GSM5022596_CTGTTTAAGTCGTTTG.1,1,vemurafenib
Data34_GSM5022596_CTGTTTACACCGATAT.1,1,vemurafenib
Data34_GSM5022596_CTGTTTACACTGTTAG.1,1,vemurafenib
Data34_GSM5022596_CTGTTTACATCAGTCA.1,1,vemurafenib
Data34_GSM5022596_CTGTTTAGTCACCCAG.1,1,vemurafenib
Data34_GSM5022596_CTGTTTAGTCCATGAT.1,1,vemurafenib
Data34_GSM5022596_CTGTTTAGTCGACTAT.1,1,vemurafenib
Data34_GSM5022596_CTGTTTAGTCTCACCT.1,1,vemurafenib
Data34_GSM5022596_CTGTTTAGTGCCTGCA.1,1,vemurafenib
Data34_GSM5022596_CTGTTTAGTGGCTCCA.1,1,vemurafenib
Data34_GSM5022596_CTGTTTATCCCTTGTG.1,1,vemurafenib
Data34_GSM5022596_CTTAACTAGGATTCGG.1,1,vemurafenib
Data34_GSM5022596_CTTAACTAGTGTTTGC.1,1,vemurafenib
Data34_GSM5022596_CTTAACTCACAAGTAA.1,1,vemurafenib
Data34_GSM5022596_CTTAACTCACACCGCA.1,1,vemurafenib
Data34_GSM5022596_CTTAACTCACCAACCG.1,1,vemurafenib
Data34_GSM5022596_CTTAACTCACCTCGGA.1,1,vemurafenib
Data34_GSM5022596_CTTAACTCAGGCAGTA.1,1,vemurafenib
Data34_GSM5022596_CTTAACTCATTGAGCT.1,1,vemurafenib
Data34_GSM5022596_CTTAACTGTAGCCTAT.1,1,vemurafenib
Data34_GSM5022596_CTTAACTGTCTGGAGA.1,1,vemurafenib
Data34_GSM5022596_CTTAACTGTGAGTGAC.1,1,vemurafenib
Data34_GSM5022596_CTTAACTTCACAATGC.1,1,vemurafenib
Data34_GSM5022596_CTTAACTTCCTGTAGA.1,1,vemurafenib
Data34_GSM5022596_CTTAACTTCGAACTGT.1,1,vemurafenib
Data34_GSM5022596_CTTAACTTCTGTCCGT.1,1,vemurafenib
Data34_GSM5022596_CTTACCGAGACAGACC.1,1,vemurafenib
Data34_GSM5022596_CTTACCGAGTACGACG.1,1,vemurafenib
Data34_GSM5022596_CTTACCGAGTCCGGTC.1,1,vemurafenib
Data34_GSM5022596_CTTACCGAGTGAAGAG.1,1,vemurafenib
Data34_GSM5022596_CTTACCGCAACCGCCA.1,1,vemurafenib
Data34_GSM5022596_CTTACCGCAACTTGAC.1,1,vemurafenib
Data34_GSM5022596_CTTACCGCAGCGTTCG.1,1,vemurafenib
Data34_GSM5022596_CTTACCGGTACCGAGA.1,1,vemurafenib
Data34_GSM5022596_CTTACCGGTATCGCAT.1,1,vemurafenib
Data34_GSM5022596_CTTACCGGTCACTTCC.1,1,vemurafenib
Data34_GSM5022596_CTTACCGGTCGCATAT.1,1,vemurafenib
Data34_GSM5022596_CTTACCGTCAAACGGG.1,1,vemurafenib
Data34_GSM5022596_CTTACCGTCTTATCTG.1,1,vemurafenib
Data34_GSM5022596_CTTAGGAAGCAACGGT.1,1,vemurafenib
Data34_GSM5022596_CTTAGGAAGCGACGTA.1,1,vemurafenib
Data34_GSM5022596_CTTAGGAAGGCGTACA.1,1,vemurafenib
Data34_GSM5022596_CTTAGGACAAATTGCC.1,1,vemurafenib
Data34_GSM5022596_CTTAGGACAAGGCTCC.1,1,vemurafenib
Data34_GSM5022596_CTTAGGACAGCCAGAA.1,1,vemurafenib
Data34_GSM5022596_CTTAGGACATCAGTAC.1,1,vemurafenib
Data34_GSM5022596_CTTAGGACATCCCACT.1,1,vemurafenib
Data34_GSM5022596_CTTAGGACATGAAGTA.1,1,vemurafenib
Data34_GSM5022596_CTTAGGACATTCACTT.1,1,vemurafenib
Data34_GSM5022596_CTTAGGACATTTGCCC.1,1,vemurafenib
Data34_GSM5022596_CTTAGGAGTATGGTTC.1,1,vemurafenib
Data34_GSM5022596_CTTAGGAGTCCAGTGC.1,1,vemurafenib
Data34_GSM5022596_CTTAGGAGTCTAGCGC.1,1,vemurafenib
Data34_GSM5022596_CTTAGGAGTTCACGGC.1,1,vemurafenib
Data34_GSM5022596_CTTAGGATCCAAGCCG.1,1,vemurafenib
Data34_GSM5022596_CTTAGGATCCGTCAAA.1,1,vemurafenib
Data34_GSM5022596_CTTAGGATCCGTTGTC.1,1,vemurafenib
Data34_GSM5022596_CTTAGGATCGTGTAGT.1,1,vemurafenib
Data34_GSM5022596_CTTAGGATCTGAAAGA.1,1,vemurafenib
Data34_GSM5022596_CTTCTCTAGCACACAG.1,1,vemurafenib
Data34_GSM5022596_CTTCTCTAGCCGATTT.1,1,vemurafenib
Data34_GSM5022596_CTTCTCTAGCCTTGAT.1,1,vemurafenib
Data34_GSM5022596_CTTCTCTAGGATGCGT.1,1,vemurafenib
Data34_GSM5022596_CTTCTCTAGGGCTCTC.1,1,vemurafenib
Data34_GSM5022596_CTTCTCTAGGGTGTTG.1,1,vemurafenib
Data34_GSM5022596_CTTCTCTAGTCACGCC.1,1,vemurafenib
Data34_GSM5022596_CTTCTCTCAGCTGCTG.1,1,vemurafenib
Data34_GSM5022596_CTTCTCTCAGCTGTAT.1,1,vemurafenib
Data34_GSM5022596_CTTCTCTGTCTTGATG.1,1,vemurafenib
Data34_GSM5022596_CTTCTCTGTGTAACGG.1,1,vemurafenib
Data34_GSM5022596_CTTCTCTTCACGAAGG.1,1,vemurafenib
Data34_GSM5022596_CTTCTCTTCATGTAGC.1,1,vemurafenib
Data34_GSM5022596_CTTCTCTTCCCTAACC.1,1,vemurafenib
Data34_GSM5022596_CTTCTCTTCTCCCTGA.1,1,vemurafenib
Data34_GSM5022596_CTTGGCTCACGGCCAT.1,1,vemurafenib
Data34_GSM5022596_CTTGGCTCAGCTGCAC.1,1,vemurafenib
Data34_GSM5022596_CTTGGCTCAGTACACT.1,1,vemurafenib
Data34_GSM5022596_CTTGGCTGTCCTCTTG.1,1,vemurafenib
Data34_GSM5022596_CTTGGCTGTCTGCAAT.1,1,vemurafenib
Data34_GSM5022596_CTTGGCTTCGATGAGG.1,1,vemurafenib
Data34_GSM5022596_CTTGGCTTCTGATACG.1,1,vemurafenib
Data34_GSM5022596_CTTGGCTTCTGCGTAA.1,1,vemurafenib
Data34_GSM5022596_CTTTGCGAGTATCTCG.1,1,vemurafenib
Data34_GSM5022596_CTTTGCGCACTTAAGC.1,1,vemurafenib
Data34_GSM5022596_CTTTGCGCAGACAGGT.1,1,vemurafenib
Data34_GSM5022596_CTTTGCGCATGCAATC.1,1,vemurafenib
Data34_GSM5022596_CTTTGCGCATGTCTCC.1,1,vemurafenib
Data34_GSM5022596_CTTTGCGGTCGCCATG.1,1,vemurafenib
Data34_GSM5022596_CTTTGCGTCTAACGGT.1,1,vemurafenib
Data34_GSM5022596_CTTTGCGTCTATCGCC.1,1,vemurafenib
Data34_GSM5022596_CTTTGCGTCTCTAAGG.1,1,vemurafenib
Data34_GSM5022596_GAAACTCAGTAACCCT.1,1,vemurafenib
Data34_GSM5022596_GAAACTCCAGCCAATT.1,1,vemurafenib
Data34_GSM5022596_GAAACTCCATCCGGGT.1,1,vemurafenib
Data34_GSM5022596_GAAACTCGTAGAGTGC.1,1,vemurafenib
Data34_GSM5022596_GAAACTCGTCCAGTAT.1,1,vemurafenib
Data34_GSM5022596_GAAACTCGTCTGATTG.1,1,vemurafenib
Data34_GSM5022596_GAAACTCGTGAAGGCT.1,1,vemurafenib
Data34_GSM5022596_GAAACTCGTTGCGCAC.1,1,vemurafenib
Data34_GSM5022596_GAAACTCTCCAGAGGA.1,1,vemurafenib
Data34_GSM5022596_GAAACTCTCGGAAACG.1,1,vemurafenib
Data34_GSM5022596_GAAATGAAGCTGTTCA.1,1,vemurafenib
Data34_GSM5022596_GAAATGAAGGAGTCTG.1,1,vemurafenib
Data34_GSM5022596_GAAATGAAGGATGTAT.1,1,vemurafenib
Data34_GSM5022596_GAAATGAAGGCTAGGT.1,1,vemurafenib
Data34_GSM5022596_GAAATGAAGTCGCCGT.1,1,vemurafenib
Data34_GSM5022596_GAAATGAAGTGAACAT.1,1,vemurafenib
Data34_GSM5022596_GAAATGACAACACCTA.1,1,vemurafenib
Data34_GSM5022596_GAAATGACAAGTCTGT.1,1,vemurafenib
Data34_GSM5022596_GAAATGACACAGATTC.1,1,vemurafenib
Data34_GSM5022596_GAAATGACACAGGAGT.1,1,vemurafenib
Data34_GSM5022596_GAAATGACACCTTGTC.1,1,vemurafenib
Data34_GSM5022596_GAAATGAGTACGCTGC.1,1,vemurafenib
Data34_GSM5022596_GAAATGAGTGTGGTTT.1,1,vemurafenib
Data34_GSM5022596_GAAATGATCATGTGGT.1,1,vemurafenib
Data34_GSM5022596_GAAATGATCCGTACAA.1,1,vemurafenib
Data34_GSM5022596_GAAATGATCTTGTTTG.1,1,vemurafenib
Data34_GSM5022596_GAACATCAGCCTCGTG.1,1,vemurafenib
Data34_GSM5022596_GAACATCAGGAGTCTG.1,1,vemurafenib
Data34_GSM5022596_GAACATCAGTCATCCA.1,1,vemurafenib
Data34_GSM5022596_GAACATCCAAACCCAT.1,1,vemurafenib
Data34_GSM5022596_GAACATCCAAGCCCAC.1,1,vemurafenib
Data34_GSM5022596_GAACATCCAAGTTGTC.1,1,vemurafenib
Data34_GSM5022596_GAACATCCAGGCAGTA.1,1,vemurafenib
Data34_GSM5022596_GAACATCCAGTAAGCG.1,1,vemurafenib
Data34_GSM5022596_GAACATCGTTCAGTAC.1,1,vemurafenib
Data34_GSM5022596_GAACATCGTTGGTGGA.1,1,vemurafenib
Data34_GSM5022596_GAACATCTCACAGTAC.1,1,vemurafenib
Data34_GSM5022596_GAACATCTCCACTGGG.1,1,vemurafenib
Data34_GSM5022596_GAACATCTCCGCATAA.1,1,vemurafenib
Data34_GSM5022596_GAACATCTCGCAGGCT.1,1,vemurafenib
Data34_GSM5022596_GAACATCTCGGCGCAT.1,1,vemurafenib
Data34_GSM5022596_GAACATCTCTGTTGAG.1,1,vemurafenib
Data34_GSM5022596_GAACCTAAGCGATGAC.1,1,vemurafenib
Data34_GSM5022596_GAACCTACACAACGCC.1,1,vemurafenib
Data34_GSM5022596_GAACCTACACACAGAG.1,1,vemurafenib
Data34_GSM5022596_GAACCTACACGAAATA.1,1,vemurafenib
Data34_GSM5022596_GAACCTACAGCTCCGA.1,1,vemurafenib
Data34_GSM5022596_GAACCTACATCCCACT.1,1,vemurafenib
Data34_GSM5022596_GAACCTACATGACATC.1,1,vemurafenib
Data34_GSM5022596_GAACCTAGTAAGCACG.1,1,vemurafenib
Data34_GSM5022596_GAACCTAGTATAGGTA.1,1,vemurafenib
Data34_GSM5022596_GAACCTAGTCGACTGC.1,1,vemurafenib
Data34_GSM5022596_GAACCTAGTGTAATGA.1,1,vemurafenib
Data34_GSM5022596_GAACCTATCAGGCAAG.1,1,vemurafenib
Data34_GSM5022596_GAACCTATCGGAATCT.1,1,vemurafenib
Data34_GSM5022596_GAACGGAAGACGCAAC.1,1,vemurafenib
Data34_GSM5022596_GAACGGAAGATCTGCT.1,1,vemurafenib
Data34_GSM5022596_GAACGGAAGCCGCCTA.1,1,vemurafenib
Data34_GSM5022596_GAACGGAAGTGAACAT.1,1,vemurafenib
Data34_GSM5022596_GAACGGACAAGTAATG.1,1,vemurafenib
Data34_GSM5022596_GAACGGACAATGGTCT.1,1,vemurafenib
Data34_GSM5022596_GAACGGACACGGACAA.1,1,vemurafenib
Data34_GSM5022596_GAACGGACAGGGTTAG.1,1,vemurafenib
Data34_GSM5022596_GAACGGACATCTCGCT.1,1,vemurafenib
Data34_GSM5022596_GAACGGACATGGTTGT.1,1,vemurafenib
Data34_GSM5022596_GAACGGAGTAGATTAG.1,1,vemurafenib
Data34_GSM5022596_GAACGGAGTAGCTTGT.1,1,vemurafenib
Data34_GSM5022596_GAACGGAGTCAACTGT.1,1,vemurafenib
Data34_GSM5022596_GAACGGAGTCCGTCAG.1,1,vemurafenib
Data34_GSM5022596_GAACGGAGTTAAGACA.1,1,vemurafenib
Data34_GSM5022596_GAACGGAGTTACCGAT.1,1,vemurafenib
Data34_GSM5022596_GAACGGAGTTCCTCCA.1,1,vemurafenib
Data34_GSM5022596_GAACGGATCCCATTTA.1,1,vemurafenib
Data34_GSM5022596_GAACGGATCCTCTAGC.1,1,vemurafenib
Data34_GSM5022596_GAACGGATCTCCAGGG.1,1,vemurafenib
Data34_GSM5022596_GAAGCAGAGCCAGTTT.1,1,vemurafenib
Data34_GSM5022596_GAAGCAGAGGACATTA.1,1,vemurafenib
Data34_GSM5022596_GAAGCAGAGGCATGGT.1,1,vemurafenib
Data34_GSM5022596_GAAGCAGAGTCTTGCA.1,1,vemurafenib
Data34_GSM5022596_GAAGCAGCAAACGCGA.1,1,vemurafenib
Data34_GSM5022596_GAAGCAGCAAAGTCAA.1,1,vemurafenib
Data34_GSM5022596_GAAGCAGCACACAGAG.1,1,vemurafenib
Data34_GSM5022596_GAAGCAGCATCGATGT.1,1,vemurafenib
Data34_GSM5022596_GAAGCAGGTAAGTGTA.1,1,vemurafenib
Data34_GSM5022596_GAAGCAGGTACGAAAT.1,1,vemurafenib
Data34_GSM5022596_GAAGCAGGTAGCGCTC.1,1,vemurafenib
Data34_GSM5022596_GAAGCAGGTATTAGCC.1,1,vemurafenib
Data34_GSM5022596_GAAGCAGTCAACCAAC.1,1,vemurafenib
Data34_GSM5022596_GAAGCAGTCCCTCTTT.1,1,vemurafenib
Data34_GSM5022596_GAAGCAGTCGCAGGCT.1,1,vemurafenib
Data34_GSM5022596_GAAGCAGTCGCCGTGA.1,1,vemurafenib
Data34_GSM5022596_GAAGCAGTCTGCAAGT.1,1,vemurafenib
Data34_GSM5022596_GAAGCAGTCTGGTATG.1,1,vemurafenib
Data34_GSM5022596_GAATAAGAGCACCGCT.1,1,vemurafenib
Data34_GSM5022596_GAATAAGAGCCAGGAT.1,1,vemurafenib
Data34_GSM5022596_GAATAAGAGCGATTCT.1,1,vemurafenib
Data34_GSM5022596_GAATAAGAGCTACCGC.1,1,vemurafenib
Data34_GSM5022596_GAATAAGAGCTCCCAG.1,1,vemurafenib
Data34_GSM5022596_GAATAAGAGTGCCATT.1,1,vemurafenib
Data34_GSM5022596_GAATAAGCAAAGCGGT.1,1,vemurafenib
Data34_GSM5022596_GAATAAGCACAACTGT.1,1,vemurafenib
Data34_GSM5022596_GAATAAGCATCTCCCA.1,1,vemurafenib
Data34_GSM5022596_GAATAAGGTAAGAGAG.1,1,vemurafenib
Data34_GSM5022596_GAATAAGGTCCGTTAA.1,1,vemurafenib
Data34_GSM5022596_GAATAAGGTCGAAAGC.1,1,vemurafenib
Data34_GSM5022596_GAATAAGGTGGGTATG.1,1,vemurafenib
Data34_GSM5022596_GAATAAGGTGTGTGCC.1,1,vemurafenib
Data34_GSM5022596_GAATAAGGTTATTCTC.1,1,vemurafenib
Data34_GSM5022596_GAATAAGTCAGAGGTG.1,1,vemurafenib
Data34_GSM5022596_GAATAAGTCCTAGTGA.1,1,vemurafenib
Data34_GSM5022596_GAATAAGTCCTTGACC.1,1,vemurafenib
Data34_GSM5022596_GAATAAGTCCTTTCGG.1,1,vemurafenib
Data34_GSM5022596_GAATGAAAGAGCCTAG.1,1,vemurafenib
Data34_GSM5022596_GAATGAAAGTGCTGCC.1,1,vemurafenib
Data34_GSM5022596_GAATGAACAAGCCCAC.1,1,vemurafenib
Data34_GSM5022596_GAATGAACAAGGACAC.1,1,vemurafenib
Data34_GSM5022596_GAATGAACAGTAAGCG.1,1,vemurafenib
Data34_GSM5022596_GAATGAACATACTACG.1,1,vemurafenib
Data34_GSM5022596_GAATGAACATCGATTG.1,1,vemurafenib
Data34_GSM5022596_GAATGAAGTAGCCTAT.1,1,vemurafenib
Data34_GSM5022596_GAATGAAGTCTTGATG.1,1,vemurafenib
Data34_GSM5022596_GAATGAAGTGCCTGTG.1,1,vemurafenib
Data34_GSM5022596_GAATGAATCCAGAGGA.1,1,vemurafenib
Data34_GSM5022596_GAATGAATCGCTAGCG.1,1,vemurafenib
Data34_GSM5022596_GAATGAATCGTCCAGG.1,1,vemurafenib
Data34_GSM5022596_GACACGCAGAAGCCCA.1,1,vemurafenib
Data34_GSM5022596_GACACGCAGTGTGGCA.1,1,vemurafenib
Data34_GSM5022596_GACACGCCAAACTGTC.1,1,vemurafenib
Data34_GSM5022596_GACACGCCACCATCCT.1,1,vemurafenib
Data34_GSM5022596_GACACGCCACCGTTGG.1,1,vemurafenib
Data34_GSM5022596_GACACGCCAGCATGAG.1,1,vemurafenib
Data34_GSM5022596_GACACGCCAGCCTGTG.1,1,vemurafenib
Data34_GSM5022596_GACACGCGTAATTGGA.1,1,vemurafenib
Data34_GSM5022596_GACAGAGAGAAACCTA.1,1,vemurafenib
Data34_GSM5022596_GACAGAGAGAATGTTG.1,1,vemurafenib
Data34_GSM5022596_GACAGAGAGGATGTAT.1,1,vemurafenib
Data34_GSM5022596_GACAGAGAGTACTTGC.1,1,vemurafenib
Data34_GSM5022596_GACAGAGAGTTTGCGT.1,1,vemurafenib
Data34_GSM5022596_GACAGAGCAAGCTGGA.1,1,vemurafenib
Data34_GSM5022596_GACAGAGCAATACGCT.1,1,vemurafenib
Data34_GSM5022596_GACAGAGCATTCCTGC.1,1,vemurafenib
Data34_GSM5022596_GACAGAGCATTGGTAC.1,1,vemurafenib
Data34_GSM5022596_GACAGAGGTACAGTTC.1,1,vemurafenib
Data34_GSM5022596_GACAGAGGTCTAGGTT.1,1,vemurafenib
Data34_GSM5022596_GACAGAGGTGGTGTAG.1,1,vemurafenib
Data34_GSM5022596_GACAGAGGTTTGTTTC.1,1,vemurafenib
Data34_GSM5022596_GACAGAGTCATCGCTC.1,1,vemurafenib
Data34_GSM5022596_GACAGAGTCCGTTGCT.1,1,vemurafenib
Data34_GSM5022596_GACCAATAGATGTGTA.1,1,vemurafenib
Data34_GSM5022596_GACCAATAGCGGATCA.1,1,vemurafenib
Data34_GSM5022596_GACCAATAGGCATGTG.1,1,vemurafenib
Data34_GSM5022596_GACCAATAGTCGTTTG.1,1,vemurafenib
Data34_GSM5022596_GACCAATCACAACGTT.1,1,vemurafenib
Data34_GSM5022596_GACCAATCAGCGATCC.1,1,vemurafenib
Data34_GSM5022596_GACCAATCATATACGC.1,1,vemurafenib
Data34_GSM5022596_GACCAATCATCCTTGC.1,1,vemurafenib
Data34_GSM5022596_GACCAATGTGTGAAAT.1,1,vemurafenib
Data34_GSM5022596_GACCAATGTTGTACAC.1,1,vemurafenib
Data34_GSM5022596_GACCAATTCATCATTC.1,1,vemurafenib
Data34_GSM5022596_GACCAATTCCATTCTA.1,1,vemurafenib
Data34_GSM5022596_GACCAATTCCGGGTGT.1,1,vemurafenib
Data34_GSM5022596_GACCAATTCGCCCTTA.1,1,vemurafenib
Data34_GSM5022596_GACCAATTCGGAGGTA.1,1,vemurafenib
Data34_GSM5022596_GACCAATTCTGATTCT.1,1,vemurafenib
Data34_GSM5022596_GACCAATTCTGCAAGT.1,1,vemurafenib
Data34_GSM5022596_GACCTGGAGAATAGGG.1,1,vemurafenib
Data34_GSM5022596_GACCTGGAGCAGATCG.1,1,vemurafenib
Data34_GSM5022596_GACCTGGAGCGCCTCA.1,1,vemurafenib
Data34_GSM5022596_GACCTGGCAAACTGTC.1,1,vemurafenib
Data34_GSM5022596_GACCTGGCACCAGATT.1,1,vemurafenib
Data34_GSM5022596_GACCTGGCAGCGAACA.1,1,vemurafenib
Data34_GSM5022596_GACCTGGCAGCTCGCA.1,1,vemurafenib
Data34_GSM5022596_GACCTGGGTAAGGATT.1,1,vemurafenib
Data34_GSM5022596_GACCTGGGTACATCCA.1,1,vemurafenib
Data34_GSM5022596_GACCTGGGTCAATGTC.1,1,vemurafenib
Data34_GSM5022596_GACCTGGGTTGGTAAA.1,1,vemurafenib
Data34_GSM5022596_GACCTGGGTTTGGGCC.1,1,vemurafenib
Data34_GSM5022596_GACCTGGTCAACACCA.1,1,vemurafenib
Data34_GSM5022596_GACCTGGTCATGGTCA.1,1,vemurafenib
Data34_GSM5022596_GACCTGGTCGAACTGT.1,1,vemurafenib
Data34_GSM5022596_GACCTGGTCGTCTGAA.1,1,vemurafenib
Data34_GSM5022596_GACCTGGTCTCTTATG.1,1,vemurafenib
Data34_GSM5022596_GACGCGTAGGCCGAAT.1,1,vemurafenib
Data34_GSM5022596_GACGCGTCACGCGAAA.1,1,vemurafenib
Data34_GSM5022596_GACGCGTCACGTCTCT.1,1,vemurafenib
Data34_GSM5022596_GACGCGTGTATTAGCC.1,1,vemurafenib
Data34_GSM5022596_GACGCGTGTCCAGTTA.1,1,vemurafenib
Data34_GSM5022596_GACGCGTGTGCGAAAC.1,1,vemurafenib
Data34_GSM5022596_GACGCGTGTGTATGGG.1,1,vemurafenib
Data34_GSM5022596_GACGCGTTCCCGACTT.1,1,vemurafenib
Data34_GSM5022596_GACGCGTTCCCTTGTG.1,1,vemurafenib
Data34_GSM5022596_GACGCGTTCCTAGTGA.1,1,vemurafenib
Data34_GSM5022596_GACGCGTTCGACCAGC.1,1,vemurafenib
Data34_GSM5022596_GACGCGTTCTGGCGTG.1,1,vemurafenib
Data34_GSM5022596_GACGGCTAGATATGCA.1,1,vemurafenib
Data34_GSM5022596_GACGGCTAGATGCGAC.1,1,vemurafenib
Data34_GSM5022596_GACGGCTAGGGATACC.1,1,vemurafenib
Data34_GSM5022596_GACGGCTAGTCTCAAC.1,1,vemurafenib
Data34_GSM5022596_GACGGCTCAAACCTAC.1,1,vemurafenib
Data34_GSM5022596_GACGGCTCAGCTATTG.1,1,vemurafenib
Data34_GSM5022596_GACGGCTCAGGAACGT.1,1,vemurafenib
Data34_GSM5022596_GACGGCTGTAGTAGTA.1,1,vemurafenib
Data34_GSM5022596_GACGGCTGTGCGAAAC.1,1,vemurafenib
Data34_GSM5022596_GACGGCTTCCCAGGTG.1,1,vemurafenib
Data34_GSM5022596_GACGGCTTCCGCAGTG.1,1,vemurafenib
Data34_GSM5022596_GACGGCTTCCGCATCT.1,1,vemurafenib
Data34_GSM5022596_GACGGCTTCGAGCCCA.1,1,vemurafenib
Data34_GSM5022596_GACGGCTTCTCTAAGG.1,1,vemurafenib
Data34_GSM5022596_GACGTGCAGAGACTTA.1,1,vemurafenib
Data34_GSM5022596_GACGTGCAGCGCTTAT.1,1,vemurafenib
Data34_GSM5022596_GACGTGCAGTGATCGG.1,1,vemurafenib
Data34_GSM5022596_GACGTGCAGTTACCCA.1,1,vemurafenib
Data34_GSM5022596_GACGTGCCACAGACAG.1,1,vemurafenib
Data34_GSM5022596_GACGTGCCACCCATTC.1,1,vemurafenib
Data34_GSM5022596_GACGTGCCACGTAAGG.1,1,vemurafenib
Data34_GSM5022596_GACGTGCCATTCACTT.1,1,vemurafenib
Data34_GSM5022596_GACGTGCGTATATGGA.1,1,vemurafenib
Data34_GSM5022596_GACGTGCGTTCGCGAC.1,1,vemurafenib
Data34_GSM5022596_GACGTGCGTTCGTTGA.1,1,vemurafenib
Data34_GSM5022596_GACGTGCTCAACACCA.1,1,vemurafenib
Data34_GSM5022596_GACGTGCTCAGTCCCT.1,1,vemurafenib
Data34_GSM5022596_GACGTGCTCCCTTGCA.1,1,vemurafenib
Data34_GSM5022596_GACGTGCTCCTATGTT.1,1,vemurafenib
Data34_GSM5022596_GACGTGCTCTATGTGG.1,1,vemurafenib
Data34_GSM5022596_GACGTTAAGCCACGCT.1,1,vemurafenib
Data34_GSM5022596_GACGTTACACAGCGTC.1,1,vemurafenib
Data34_GSM5022596_GACGTTACACATGGGA.1,1,vemurafenib
Data34_GSM5022596_GACGTTACAGGTCGTC.1,1,vemurafenib
Data34_GSM5022596_GACGTTACAGTACACT.1,1,vemurafenib
Data34_GSM5022596_GACGTTACATACAGCT.1,1,vemurafenib
Data34_GSM5022596_GACGTTACATCAGTAC.1,1,vemurafenib
Data34_GSM5022596_GACGTTACATGGTCTA.1,1,vemurafenib
Data34_GSM5022596_GACGTTAGTAGCGTGA.1,1,vemurafenib
Data34_GSM5022596_GACGTTAGTCCCTACT.1,1,vemurafenib
Data34_GSM5022596_GACGTTATCAACACTG.1,1,vemurafenib
Data34_GSM5022596_GACGTTATCGCGTTTC.1,1,vemurafenib
Data34_GSM5022596_GACGTTATCGCTAGCG.1,1,vemurafenib
Data34_GSM5022596_GACGTTATCGTTTATC.1,1,vemurafenib
Data34_GSM5022596_GACTAACAGATCTGAA.1,1,vemurafenib
Data34_GSM5022596_GACTAACAGATGTCGG.1,1,vemurafenib
Data34_GSM5022596_GACTAACAGCCACGTC.1,1,vemurafenib
Data34_GSM5022596_GACTAACAGCTAACTC.1,1,vemurafenib
Data34_GSM5022596_GACTAACAGGGTGTGT.1,1,vemurafenib
Data34_GSM5022596_GACTAACAGTACACCT.1,1,vemurafenib
Data34_GSM5022596_GACTAACAGTAGCCGA.1,1,vemurafenib
Data34_GSM5022596_GACTAACCACGTGAGA.1,1,vemurafenib
Data34_GSM5022596_GACTAACGTAAGAGGA.1,1,vemurafenib
Data34_GSM5022596_GACTAACGTACCGTAT.1,1,vemurafenib
Data34_GSM5022596_GACTAACGTACGACCC.1,1,vemurafenib
Data34_GSM5022596_GACTAACGTCAAGCGA.1,1,vemurafenib
Data34_GSM5022596_GACTAACTCAACTCTT.1,1,vemurafenib
Data34_GSM5022596_GACTAACTCATGCAAC.1,1,vemurafenib
Data34_GSM5022596_GACTAACTCCCTTGTG.1,1,vemurafenib
Data34_GSM5022596_GACTAACTCGGCGCTA.1,1,vemurafenib
Data34_GSM5022596_GACTAACTCGTGGTCG.1,1,vemurafenib
Data34_GSM5022596_GACTAACTCTGAAAGA.1,1,vemurafenib
Data34_GSM5022596_GACTACAAGCTTCGCG.1,1,vemurafenib
Data34_GSM5022596_GACTACAAGTTGAGAT.1,1,vemurafenib
Data34_GSM5022596_GACTACACACACAGAG.1,1,vemurafenib
Data34_GSM5022596_GACTACACACCATGTA.1,1,vemurafenib
Data34_GSM5022596_GACTACACACGAAGCA.1,1,vemurafenib
Data34_GSM5022596_GACTACACATCTACGA.1,1,vemurafenib
Data34_GSM5022596_GACTACAGTAAGTGGC.1,1,vemurafenib
Data34_GSM5022596_GACTACAGTCATCGGC.1,1,vemurafenib
Data34_GSM5022596_GACTACAGTCCAGTAT.1,1,vemurafenib
Data34_GSM5022596_GACTACAGTCGTCTTC.1,1,vemurafenib
Data34_GSM5022596_GACTACAGTCTGCCAG.1,1,vemurafenib
Data34_GSM5022596_GACTACAGTCTTCAAG.1,1,vemurafenib
Data34_GSM5022596_GACTACAGTTGTCTTT.1,1,vemurafenib
Data34_GSM5022596_GACTACATCAAGAAGT.1,1,vemurafenib
Data34_GSM5022596_GACTACATCACTTCAT.1,1,vemurafenib
Data34_GSM5022596_GACTACATCGAGAGCA.1,1,vemurafenib
Data34_GSM5022596_GACTGCGAGAGATGAG.1,1,vemurafenib
Data34_GSM5022596_GACTGCGAGTCATGCT.1,1,vemurafenib
Data34_GSM5022596_GACTGCGCAATCCGAT.1,1,vemurafenib
Data34_GSM5022596_GACTGCGCACGGATAG.1,1,vemurafenib
Data34_GSM5022596_GACTGCGCAGATCTGT.1,1,vemurafenib
Data34_GSM5022596_GACTGCGCATATACGC.1,1,vemurafenib
Data34_GSM5022596_GACTGCGCATCGGACC.1,1,vemurafenib
Data34_GSM5022596_GACTGCGCATTTGCTT.1,1,vemurafenib
Data34_GSM5022596_GACTGCGGTACATGTC.1,1,vemurafenib
Data34_GSM5022596_GACTGCGGTCATCGGC.1,1,vemurafenib
Data34_GSM5022596_GACTGCGGTCGGGTCT.1,1,vemurafenib
Data34_GSM5022596_GACTGCGGTGTTGAGG.1,1,vemurafenib
Data34_GSM5022596_GACTGCGTCAACGAAA.1,1,vemurafenib
Data34_GSM5022596_GACTGCGTCCGTCAAA.1,1,vemurafenib
Data34_GSM5022596_GACTGCGTCGGTTAAC.1,1,vemurafenib
Data34_GSM5022596_GAGCAGAAGATCCTGT.1,1,vemurafenib
Data34_GSM5022596_GAGCAGAAGATGGCGT.1,1,vemurafenib
Data34_GSM5022596_GAGCAGAAGCTGGAAC.1,1,vemurafenib
Data34_GSM5022596_GAGCAGACAAGCCATT.1,1,vemurafenib
Data34_GSM5022596_GAGCAGACACACGCTG.1,1,vemurafenib
Data34_GSM5022596_GAGCAGACACAGATTC.1,1,vemurafenib
Data34_GSM5022596_GAGCAGAGTCAAAGAT.1,1,vemurafenib
Data34_GSM5022596_GAGCAGAGTCTCTCTG.1,1,vemurafenib
Data34_GSM5022596_GAGCAGAGTCTTCGTC.1,1,vemurafenib
Data34_GSM5022596_GAGCAGATCCACGCAG.1,1,vemurafenib
Data34_GSM5022596_GAGCAGATCCCAAGTA.1,1,vemurafenib
Data34_GSM5022596_GAGCAGATCCTTGCCA.1,1,vemurafenib
Data34_GSM5022596_GAGCAGATCGAGCCCA.1,1,vemurafenib
Data34_GSM5022596_GAGCAGATCGTGGGAA.1,1,vemurafenib
Data34_GSM5022596_GAGCAGATCTGTTGAG.1,1,vemurafenib
Data34_GSM5022596_GAGGTGAAGATCCGAG.1,1,vemurafenib
Data34_GSM5022596_GAGGTGAAGATTACCC.1,1,vemurafenib
Data34_GSM5022596_GAGGTGAAGCCACGCT.1,1,vemurafenib
Data34_GSM5022596_GAGGTGAAGCCCTAAT.1,1,vemurafenib
Data34_GSM5022596_GAGGTGAAGCTACCTA.1,1,vemurafenib
Data34_GSM5022596_GAGGTGACAAAGGAAG.1,1,vemurafenib
Data34_GSM5022596_GAGGTGACACAACGCC.1,1,vemurafenib
Data34_GSM5022596_GAGGTGACAGCGTCCA.1,1,vemurafenib
Data34_GSM5022596_GAGGTGACAGTTTACG.1,1,vemurafenib
Data34_GSM5022596_GAGGTGACATCCAACA.1,1,vemurafenib
Data34_GSM5022596_GAGGTGACATTTGCCC.1,1,vemurafenib
Data34_GSM5022596_GAGGTGAGTACTCGCG.1,1,vemurafenib
Data34_GSM5022596_GAGGTGAGTAGAGCTG.1,1,vemurafenib
Data34_GSM5022596_GAGGTGAGTAGCAAAT.1,1,vemurafenib
Data34_GSM5022596_GAGGTGAGTCGAAAGC.1,1,vemurafenib
Data34_GSM5022596_GAGGTGAGTCTTTCAT.1,1,vemurafenib
Data34_GSM5022596_GAGGTGAGTGCAACTT.1,1,vemurafenib
Data34_GSM5022596_GAGGTGAGTTCGTTGA.1,1,vemurafenib
Data34_GSM5022596_GAGGTGATCCCTAATT.1,1,vemurafenib
Data34_GSM5022596_GAGGTGATCGCCTGTT.1,1,vemurafenib
Data34_GSM5022596_GAGGTGATCTTTACAC.1,1,vemurafenib
Data34_GSM5022596_GAGTCCGAGACAGAGA.1,1,vemurafenib
Data34_GSM5022596_GAGTCCGAGACTAAGT.1,1,vemurafenib
Data34_GSM5022596_GAGTCCGAGAGTACAT.1,1,vemurafenib
Data34_GSM5022596_GAGTCCGAGCCAACAG.1,1,vemurafenib
Data34_GSM5022596_GAGTCCGAGTCTCCTC.1,1,vemurafenib
Data34_GSM5022596_GAGTCCGCAAAGGTGC.1,1,vemurafenib
Data34_GSM5022596_GAGTCCGCAATGTTGC.1,1,vemurafenib
Data34_GSM5022596_GAGTCCGCACAACTGT.1,1,vemurafenib
Data34_GSM5022596_GAGTCCGCAGCTGCTG.1,1,vemurafenib
Data34_GSM5022596_GAGTCCGCATATACCG.1,1,vemurafenib
Data34_GSM5022596_GAGTCCGGTACAGCAG.1,1,vemurafenib
Data34_GSM5022596_GAGTCCGGTACCGAGA.1,1,vemurafenib
Data34_GSM5022596_GAGTCCGGTCATACTG.1,1,vemurafenib
Data34_GSM5022596_GAGTCCGGTGTGACGA.1,1,vemurafenib
Data34_GSM5022596_GAGTCCGTCAAGGTAA.1,1,vemurafenib
Data34_GSM5022596_GAGTCCGTCGAGAACG.1,1,vemurafenib
Data34_GSM5022596_GAGTCCGTCTGCCCTA.1,1,vemurafenib
Data34_GSM5022596_GATCAGTAGACTGTAA.1,1,vemurafenib
Data34_GSM5022596_GATCAGTAGCTAAGAT.1,1,vemurafenib
Data34_GSM5022596_GATCAGTAGCTGAACG.1,1,vemurafenib
Data34_GSM5022596_GATCAGTAGGCGTACA.1,1,vemurafenib
Data34_GSM5022596_GATCAGTAGGTGCAAC.1,1,vemurafenib
Data34_GSM5022596_GATCAGTCAAGTTAAG.1,1,vemurafenib
Data34_GSM5022596_GATCAGTCACTGAAGG.1,1,vemurafenib
Data34_GSM5022596_GATCAGTCAGGAATCG.1,1,vemurafenib
Data34_GSM5022596_GATCAGTCAGTGACAG.1,1,vemurafenib
Data34_GSM5022596_GATCAGTCATGGGAAC.1,1,vemurafenib
Data34_GSM5022596_GATCAGTGTACTTGAC.1,1,vemurafenib
Data34_GSM5022596_GATCAGTGTTTCGCTC.1,1,vemurafenib
Data34_GSM5022596_GATCAGTTCAGCGATT.1,1,vemurafenib
Data34_GSM5022596_GATCAGTTCCAGAGGA.1,1,vemurafenib
Data34_GSM5022596_GATCAGTTCCCTAACC.1,1,vemurafenib
Data34_GSM5022596_GATCGATAGGGCTCTC.1,1,vemurafenib
Data34_GSM5022596_GATCGATCACAGATTC.1,1,vemurafenib
Data34_GSM5022596_GATCGATCACTGCCAG.1,1,vemurafenib
Data34_GSM5022596_GATCGATGTAGCTAAA.1,1,vemurafenib
Data34_GSM5022596_GATCGATGTCTAGCCG.1,1,vemurafenib
Data34_GSM5022596_GATCGATGTGCTGTAT.1,1,vemurafenib
Data34_GSM5022596_GATCGATGTTTACTCT.1,1,vemurafenib
Data34_GSM5022596_GATCGATTCAAACGGG.1,1,vemurafenib
Data34_GSM5022596_GATCGATTCCTTCAAT.1,1,vemurafenib
Data34_GSM5022596_GATCGATTCGTGGTCG.1,1,vemurafenib
Data34_GSM5022596_GATCGCGAGCTACCTA.1,1,vemurafenib
Data34_GSM5022596_GATCGCGAGGCGATAC.1,1,vemurafenib
Data34_GSM5022596_GATCGCGCAGTTTACG.1,1,vemurafenib
Data34_GSM5022596_GATCGCGCATCCCACT.1,1,vemurafenib
Data34_GSM5022596_GATCGCGCATCTCGCT.1,1,vemurafenib
Data34_GSM5022596_GATCGCGGTACAGCAG.1,1,vemurafenib
Data34_GSM5022596_GATCGCGGTAGCGTCC.1,1,vemurafenib
Data34_GSM5022596_GATCGCGTCCAATGGT.1,1,vemurafenib
Data34_GSM5022596_GATCGCGTCCTAGGGC.1,1,vemurafenib
Data34_GSM5022596_GATCGCGTCTTCATGT.1,1,vemurafenib
Data34_GSM5022596_GATCGCGTCTTGCATT.1,1,vemurafenib
Data34_GSM5022596_GATCGTAAGGACATTA.1,1,vemurafenib
Data34_GSM5022596_GATCGTAAGTGCTGCC.1,1,vemurafenib
Data34_GSM5022596_GATCGTAAGTGTTAGA.1,1,vemurafenib
Data34_GSM5022596_GATCGTAAGTTACGGG.1,1,vemurafenib
Data34_GSM5022596_GATCGTACAAATACAG.1,1,vemurafenib
Data34_GSM5022596_GATCGTATCGTTGACA.1,1,vemurafenib
Data34_GSM5022596_GATCTAGAGCATGGCA.1,1,vemurafenib
Data34_GSM5022596_GATCTAGAGCGATTCT.1,1,vemurafenib
Data34_GSM5022596_GATCTAGAGGCGCTCT.1,1,vemurafenib
Data34_GSM5022596_GATCTAGAGGCTATCT.1,1,vemurafenib
Data34_GSM5022596_GATCTAGAGTGCCAGA.1,1,vemurafenib
Data34_GSM5022596_GATCTAGAGTTTCCTT.1,1,vemurafenib
Data34_GSM5022596_GATCTAGCATCTATGG.1,1,vemurafenib
Data34_GSM5022596_GATCTAGCATGGAATA.1,1,vemurafenib
Data34_GSM5022596_GATCTAGCATGGATGG.1,1,vemurafenib
Data34_GSM5022596_GATCTAGTCATTGCGA.1,1,vemurafenib
Data34_GSM5022596_GATCTAGTCGCGTTTC.1,1,vemurafenib
Data34_GSM5022596_GATCTAGTCGTAGATC.1,1,vemurafenib
Data34_GSM5022596_GATCTAGTCGTTGACA.1,1,vemurafenib
Data34_GSM5022596_GATCTAGTCTGCGGCA.1,1,vemurafenib
Data34_GSM5022596_GATGAAAAGAACAACT.1,1,vemurafenib
Data34_GSM5022596_GATGAAAAGATCGGGT.1,1,vemurafenib
Data34_GSM5022596_GATGAAAAGTGTCCAT.1,1,vemurafenib
Data34_GSM5022596_GATGAAAAGTTAAGTG.1,1,vemurafenib
Data34_GSM5022596_GATGAAACAAGGTTTC.1,1,vemurafenib
Data34_GSM5022596_GATGAAACATGCCTAA.1,1,vemurafenib
Data34_GSM5022596_GATGAAACATGCGCAC.1,1,vemurafenib
Data34_GSM5022596_GATGAAACATGTAGTC.1,1,vemurafenib
Data34_GSM5022596_GATGAAATCTGGTGTA.1,1,vemurafenib
Data34_GSM5022596_GATGAGGAGAATTGTG.1,1,vemurafenib
Data34_GSM5022596_GATGAGGCAAGCCATT.1,1,vemurafenib
Data34_GSM5022596_GATGAGGCAAGCTGAG.1,1,vemurafenib
Data34_GSM5022596_GATGAGGCAATCTGCA.1,1,vemurafenib
Data34_GSM5022596_GATGAGGCACATTTCT.1,1,vemurafenib
Data34_GSM5022596_GATGAGGCACGAAACG.1,1,vemurafenib
Data34_GSM5022596_GATGAGGCACTTACGA.1,1,vemurafenib
Data34_GSM5022596_GATGAGGCAGGCAGTA.1,1,vemurafenib
Data34_GSM5022596_GATGAGGCATATGAGA.1,1,vemurafenib
Data34_GSM5022596_GATGAGGGTTCCACAA.1,1,vemurafenib
Data34_GSM5022596_GATGAGGTCAACCATG.1,1,vemurafenib
Data34_GSM5022596_GATGAGGTCAGTCCCT.1,1,vemurafenib
Data34_GSM5022596_GATGAGGTCATTCACT.1,1,vemurafenib
Data34_GSM5022596_GATGAGGTCTCCAACC.1,1,vemurafenib
Data34_GSM5022596_GATGAGGTCTCGCATC.1,1,vemurafenib
Data34_GSM5022596_GATGCTAAGAAACCAT.1,1,vemurafenib
Data34_GSM5022596_GATGCTAAGCATCATC.1,1,vemurafenib
Data34_GSM5022596_GATGCTAAGCTGCAAG.1,1,vemurafenib
Data34_GSM5022596_GATGCTAAGGCTACGA.1,1,vemurafenib
Data34_GSM5022596_GATGCTAAGGGATGGG.1,1,vemurafenib
Data34_GSM5022596_GATGCTAAGTACGCGA.1,1,vemurafenib
Data34_GSM5022596_GATGCTAAGTTCCACA.1,1,vemurafenib
Data34_GSM5022596_GATGCTACAACGCACC.1,1,vemurafenib
Data34_GSM5022596_GATGCTACACTGTGTA.1,1,vemurafenib
Data34_GSM5022596_GATGCTACAGCGTAAG.1,1,vemurafenib
Data34_GSM5022596_GATGCTACATACGCTA.1,1,vemurafenib
Data34_GSM5022596_GATGCTAGTCTGGTCG.1,1,vemurafenib
Data34_GSM5022596_GATGCTATCACATAGC.1,1,vemurafenib
Data34_GSM5022596_GATGCTATCTTACCTA.1,1,vemurafenib
Data34_GSM5022596_GATTCAGAGACTTTCG.1,1,vemurafenib
Data34_GSM5022596_GATTCAGAGCGATATA.1,1,vemurafenib
Data34_GSM5022596_GATTCAGAGTAAGTAC.1,1,vemurafenib
Data34_GSM5022596_GATTCAGAGTTCGCGC.1,1,vemurafenib
Data34_GSM5022596_GATTCAGCAATGGATA.1,1,vemurafenib
Data34_GSM5022596_GATTCAGCATCACGTA.1,1,vemurafenib
Data34_GSM5022596_GATTCAGCATTAGCCA.1,1,vemurafenib
Data34_GSM5022596_GATTCAGGTCGAAAGC.1,1,vemurafenib
Data34_GSM5022596_GATTCAGTCTAACTGG.1,1,vemurafenib
Data34_GSM5022596_GCAAACTAGATAGCAT.1,1,vemurafenib
Data34_GSM5022596_GCAAACTAGCTCCTTC.1,1,vemurafenib
Data34_GSM5022596_GCAAACTAGGCATTGG.1,1,vemurafenib
Data34_GSM5022596_GCAAACTAGGTGGGTT.1,1,vemurafenib
Data34_GSM5022596_GCAAACTAGTGGAGTC.1,1,vemurafenib
Data34_GSM5022596_GCAAACTCACGCATCG.1,1,vemurafenib
Data34_GSM5022596_GCAAACTGTGCGATAG.1,1,vemurafenib
Data34_GSM5022596_GCAAACTTCGGAAACG.1,1,vemurafenib
Data34_GSM5022596_GCAAACTTCGTATCAG.1,1,vemurafenib
Data34_GSM5022596_GCAAACTTCGTCTGAA.1,1,vemurafenib
Data34_GSM5022596_GCAAACTTCGTCTGCT.1,1,vemurafenib
Data34_GSM5022596_GCAAACTTCTACTTAC.1,1,vemurafenib
Data34_GSM5022596_GCAATCACAGATGGCA.1,1,vemurafenib
Data34_GSM5022596_GCAATCACATCTGGTA.1,1,vemurafenib
Data34_GSM5022596_GCAATCACATTCCTGC.1,1,vemurafenib
Data34_GSM5022596_GCAATCAGTCAATGTC.1,1,vemurafenib
Data34_GSM5022596_GCAATCAGTTAGATGA.1,1,vemurafenib
Data34_GSM5022596_GCAATCAGTTCAGGCC.1,1,vemurafenib
Data34_GSM5022596_GCAATCATCAACGGGA.1,1,vemurafenib
Data34_GSM5022596_GCAATCATCACAACGT.1,1,vemurafenib
Data34_GSM5022596_GCAATCATCACTCCTG.1,1,vemurafenib
Data34_GSM5022596_GCACATAAGACTACAA.1,1,vemurafenib
Data34_GSM5022596_GCACATAAGATAGCAT.1,1,vemurafenib
Data34_GSM5022596_GCACATAAGCTGTCTA.1,1,vemurafenib
Data34_GSM5022596_GCACATAAGGGCACTA.1,1,vemurafenib
Data34_GSM5022596_GCACATAAGTTAGCGG.1,1,vemurafenib
Data34_GSM5022596_GCACATACAAGTACCT.1,1,vemurafenib
Data34_GSM5022596_GCACATACACCACCAG.1,1,vemurafenib
Data34_GSM5022596_GCACATACATTAGCCA.1,1,vemurafenib
Data34_GSM5022596_GCACATAGTGTGGTTT.1,1,vemurafenib
Data34_GSM5022596_GCACATAGTTCCACGG.1,1,vemurafenib
Data34_GSM5022596_GCACATAGTTTCCACC.1,1,vemurafenib
Data34_GSM5022596_GCACATATCACTATTC.1,1,vemurafenib
Data34_GSM5022596_GCACATATCATACGGT.1,1,vemurafenib
Data34_GSM5022596_GCACATATCATCGATG.1,1,vemurafenib
Data34_GSM5022596_GCACTCTAGAGGGCTT.1,1,vemurafenib
Data34_GSM5022596_GCACTCTAGAGTTGGC.1,1,vemurafenib
Data34_GSM5022596_GCACTCTAGCCGGTAA.1,1,vemurafenib
Data34_GSM5022596_GCACTCTAGGAGTTGC.1,1,vemurafenib
Data34_GSM5022596_GCACTCTGTAGGGTAC.1,1,vemurafenib
Data34_GSM5022596_GCACTCTGTGGGTATG.1,1,vemurafenib
Data34_GSM5022596_GCACTCTGTTCAGCGC.1,1,vemurafenib
Data34_GSM5022596_GCACTCTTCATGCTCC.1,1,vemurafenib
Data34_GSM5022596_GCACTCTTCCGTAGGC.1,1,vemurafenib
Data34_GSM5022596_GCAGCCAAGCTGTTCA.1,1,vemurafenib
Data34_GSM5022596_GCAGCCAAGGAATCGC.1,1,vemurafenib
Data34_GSM5022596_GCAGCCACAAGTCATC.1,1,vemurafenib
Data34_GSM5022596_GCAGCCACACTATCTT.1,1,vemurafenib
Data34_GSM5022596_GCAGCCACATAGTAAG.1,1,vemurafenib
Data34_GSM5022596_GCAGCCAGTATATGAG.1,1,vemurafenib
Data34_GSM5022596_GCAGCCAGTCATGCCG.1,1,vemurafenib
Data34_GSM5022596_GCAGCCAGTCGCTTTC.1,1,vemurafenib
Data34_GSM5022596_GCAGCCAGTCTCACCT.1,1,vemurafenib
Data34_GSM5022596_GCAGCCAGTGACTACT.1,1,vemurafenib
Data34_GSM5022596_GCAGCCAGTGTCTGAT.1,1,vemurafenib
Data34_GSM5022596_GCAGCCATCACATAGC.1,1,vemurafenib
Data34_GSM5022596_GCAGCCATCCCATTTA.1,1,vemurafenib
Data34_GSM5022596_GCAGCCATCGTGGACC.1,1,vemurafenib
Data34_GSM5022596_GCAGCCATCTGCGACG.1,1,vemurafenib
Data34_GSM5022596_GCAGTTAAGACATAAC.1,1,vemurafenib
Data34_GSM5022596_GCAGTTAAGGAGTACC.1,1,vemurafenib
Data34_GSM5022596_GCAGTTAAGGTGACCA.1,1,vemurafenib
Data34_GSM5022596_GCAGTTACAATGGAGC.1,1,vemurafenib
Data34_GSM5022596_GCAGTTAGTACTCTCC.1,1,vemurafenib
Data34_GSM5022596_GCAGTTAGTCGTCTTC.1,1,vemurafenib
Data34_GSM5022596_GCAGTTATCCGCATCT.1,1,vemurafenib
Data34_GSM5022596_GCATACAAGAGACGAA.1,1,vemurafenib
Data34_GSM5022596_GCATACACAATCCGAT.1,1,vemurafenib
Data34_GSM5022596_GCATACACACATGGGA.1,1,vemurafenib
Data34_GSM5022596_GCATACACACTAGTAC.1,1,vemurafenib
Data34_GSM5022596_GCATACACATCCCACT.1,1,vemurafenib
Data34_GSM5022596_GCATACAGTACCGTTA.1,1,vemurafenib
Data34_GSM5022596_GCATACATCAGTTAGC.1,1,vemurafenib
Data34_GSM5022596_GCATACATCGGAAACG.1,1,vemurafenib
Data34_GSM5022596_GCATACATCTCTGAGA.1,1,vemurafenib
Data34_GSM5022596_GCATGATAGCACAGGT.1,1,vemurafenib
Data34_GSM5022596_GCATGATAGCGTCTAT.1,1,vemurafenib
Data34_GSM5022596_GCATGATCAAATACAG.1,1,vemurafenib
Data34_GSM5022596_GCATGATCAAGGTGTG.1,1,vemurafenib
Data34_GSM5022596_GCATGATCAAGTCATC.1,1,vemurafenib
Data34_GSM5022596_GCATGATCATATACGC.1,1,vemurafenib
Data34_GSM5022596_GCATGATGTAGGAGTC.1,1,vemurafenib
Data34_GSM5022596_GCATGATGTGGGTCAA.1,1,vemurafenib
Data34_GSM5022596_GCATGATGTGTGACGA.1,1,vemurafenib
Data34_GSM5022596_GCATGATTCTGACCTC.1,1,vemurafenib
Data34_GSM5022596_GCATGCGAGGACGAAA.1,1,vemurafenib
Data34_GSM5022596_GCATGCGAGTCGTTTG.1,1,vemurafenib
Data34_GSM5022596_GCATGCGCAGCTGTAT.1,1,vemurafenib
Data34_GSM5022596_GCATGCGGTAGAGCTG.1,1,vemurafenib
Data34_GSM5022596_GCATGCGGTCCTGCTT.1,1,vemurafenib
Data34_GSM5022596_GCATGCGGTGAGTATA.1,1,vemurafenib
Data34_GSM5022596_GCATGCGGTTATCCGA.1,1,vemurafenib
Data34_GSM5022596_GCATGCGTCACCCGAG.1,1,vemurafenib
Data34_GSM5022596_GCATGCGTCAGAAATG.1,1,vemurafenib
Data34_GSM5022596_GCATGCGTCTCTGCTG.1,1,vemurafenib
Data34_GSM5022596_GCATGTAAGGCAATTA.1,1,vemurafenib
Data34_GSM5022596_GCATGTACAGCGAACA.1,1,vemurafenib
Data34_GSM5022596_GCATGTACAGTTAACC.1,1,vemurafenib
Data34_GSM5022596_GCATGTAGTAGAAAGG.1,1,vemurafenib
Data34_GSM5022596_GCATGTAGTCTTGATG.1,1,vemurafenib
Data34_GSM5022596_GCATGTAGTTCCACTC.1,1,vemurafenib
Data34_GSM5022596_GCATGTATCGGTTAAC.1,1,vemurafenib
Data34_GSM5022596_GCATGTATCTGCGTAA.1,1,vemurafenib
Data34_GSM5022596_GCATGTATCTTAGAGC.1,1,vemurafenib
Data34_GSM5022596_GCCAAATAGACTAAGT.1,1,vemurafenib
Data34_GSM5022596_GCCAAATAGGACAGCT.1,1,vemurafenib
Data34_GSM5022596_GCCAAATAGGAGTACC.1,1,vemurafenib
Data34_GSM5022596_GCCAAATAGTACATGA.1,1,vemurafenib
Data34_GSM5022596_GCCAAATAGTAGATGT.1,1,vemurafenib
Data34_GSM5022596_GCCAAATAGTGAAGAG.1,1,vemurafenib
Data34_GSM5022596_GCCAAATCACCAACCG.1,1,vemurafenib
Data34_GSM5022596_GCCAAATCACCAGGCT.1,1,vemurafenib
Data34_GSM5022596_GCCAAATCACGGATAG.1,1,vemurafenib
Data34_GSM5022596_GCCAAATGTATAATGG.1,1,vemurafenib
Data34_GSM5022596_GCCAAATGTCCATCCT.1,1,vemurafenib
Data34_GSM5022596_GCCAAATGTCGAAAGC.1,1,vemurafenib
Data34_GSM5022596_GCCAAATGTCTCCACT.1,1,vemurafenib
Data34_GSM5022596_GCCAAATGTGAGGGTT.1,1,vemurafenib
Data34_GSM5022596_GCCAAATGTTATCACG.1,1,vemurafenib
Data34_GSM5022596_GCCAAATTCGCCATAA.1,1,vemurafenib
Data34_GSM5022596_GCCAAATTCGTCGTTC.1,1,vemurafenib
Data34_GSM5022596_GCCTCTAAGACCTAGG.1,1,vemurafenib
Data34_GSM5022596_GCCTCTAAGTCATCCA.1,1,vemurafenib
Data34_GSM5022596_GCCTCTACAAGGTTTC.1,1,vemurafenib
Data34_GSM5022596_GCCTCTACAGACGTAG.1,1,vemurafenib
Data34_GSM5022596_GCCTCTACAGATAATG.1,1,vemurafenib
Data34_GSM5022596_GCCTCTAGTACGAAAT.1,1,vemurafenib
Data34_GSM5022596_GCCTCTAGTCCAACTA.1,1,vemurafenib
Data34_GSM5022596_GCCTCTAGTTCGCTAA.1,1,vemurafenib
Data34_GSM5022596_GCCTCTAGTTGAGTTC.1,1,vemurafenib
Data34_GSM5022596_GCCTCTATCACGCGGT.1,1,vemurafenib
Data34_GSM5022596_GCCTCTATCCACGTGG.1,1,vemurafenib
Data34_GSM5022596_GCCTCTATCGTGGTCG.1,1,vemurafenib
Data34_GSM5022596_GCCTCTATCTATCCTA.1,1,vemurafenib
Data34_GSM5022596_GCGACCAAGAAGATTC.1,1,vemurafenib
Data34_GSM5022596_GCGACCAAGACTAGAT.1,1,vemurafenib
Data34_GSM5022596_GCGACCAAGCCCTAAT.1,1,vemurafenib
Data34_GSM5022596_GCGACCAAGCGTTGCC.1,1,vemurafenib
Data34_GSM5022596_GCGACCAAGCTACCTA.1,1,vemurafenib
Data34_GSM5022596_GCGACCAAGTGAACAT.1,1,vemurafenib
Data34_GSM5022596_GCGACCAAGTGGAGTC.1,1,vemurafenib
Data34_GSM5022596_GCGACCACAATGAAAC.1,1,vemurafenib
Data34_GSM5022596_GCGACCACACACATGT.1,1,vemurafenib
Data34_GSM5022596_GCGACCACAGCCACCA.1,1,vemurafenib
Data34_GSM5022596_GCGACCACAGCTGTAT.1,1,vemurafenib
Data34_GSM5022596_GCGACCACAGCTGTGC.1,1,vemurafenib
Data34_GSM5022596_GCGACCACATTTGCTT.1,1,vemurafenib
Data34_GSM5022596_GCGACCAGTGTAAGTA.1,1,vemurafenib
Data34_GSM5022596_GCGACCAGTGTTGGGA.1,1,vemurafenib
Data34_GSM5022596_GCGACCATCCAACCAA.1,1,vemurafenib
Data34_GSM5022596_GCGAGAAAGATCACGG.1,1,vemurafenib
Data34_GSM5022596_GCGAGAAAGTTAACGA.1,1,vemurafenib
Data34_GSM5022596_GCGAGAAAGTTAAGTG.1,1,vemurafenib
Data34_GSM5022596_GCGAGAAAGTTACGGG.1,1,vemurafenib
Data34_GSM5022596_GCGAGAACATCTACGA.1,1,vemurafenib
Data34_GSM5022596_GCGAGAACATGACGGA.1,1,vemurafenib
Data34_GSM5022596_GCGAGAAGTCGAGTTT.1,1,vemurafenib
Data34_GSM5022596_GCGAGAAGTCTCATCC.1,1,vemurafenib
Data34_GSM5022596_GCGAGAAGTGTTAAGA.1,1,vemurafenib
Data34_GSM5022596_GCGAGAAGTTTGACAC.1,1,vemurafenib
Data34_GSM5022596_GCGAGAATCCGAACGC.1,1,vemurafenib
Data34_GSM5022596_GCGAGAATCCGTTGTC.1,1,vemurafenib
Data34_GSM5022596_GCGAGAATCGGGAGTA.1,1,vemurafenib
Data34_GSM5022596_GCGAGAATCTCTGAGA.1,1,vemurafenib
Data34_GSM5022596_GCGCAACAGACTACAA.1,1,vemurafenib
Data34_GSM5022596_GCGCAACAGATGTTAG.1,1,vemurafenib
Data34_GSM5022596_GCGCAACAGGCGACAT.1,1,vemurafenib
Data34_GSM5022596_GCGCAACAGTCAAGGC.1,1,vemurafenib
Data34_GSM5022596_GCGCAACCACAGGAGT.1,1,vemurafenib
Data34_GSM5022596_GCGCAACCACGTAAGG.1,1,vemurafenib
Data34_GSM5022596_GCGCAACCATACTCTT.1,1,vemurafenib
Data34_GSM5022596_GCGCAACGTAGCGCTC.1,1,vemurafenib
Data34_GSM5022596_GCGCAACGTGACGGTA.1,1,vemurafenib
Data34_GSM5022596_GCGCAACGTTGGTTTG.1,1,vemurafenib
Data34_GSM5022596_GCGCAACTCACAACGT.1,1,vemurafenib
Data34_GSM5022596_GCGCAACTCCAGTATG.1,1,vemurafenib
Data34_GSM5022596_GCGCAACTCTAGAGTC.1,1,vemurafenib
Data34_GSM5022596_GCGCAGTAGCTAGTGG.1,1,vemurafenib
Data34_GSM5022596_GCGCAGTAGGACACCA.1,1,vemurafenib
Data34_GSM5022596_GCGCAGTAGGAGTACC.1,1,vemurafenib
Data34_GSM5022596_GCGCAGTCATCCGGGT.1,1,vemurafenib
Data34_GSM5022596_GCGCAGTCATTGGGCC.1,1,vemurafenib
Data34_GSM5022596_GCGCAGTTCACGAAGG.1,1,vemurafenib
Data34_GSM5022596_GCGCAGTTCAGTCAGT.1,1,vemurafenib
Data34_GSM5022596_GCGCAGTTCATCGGAT.1,1,vemurafenib
Data34_GSM5022596_GCGCAGTTCATGCAAC.1,1,vemurafenib
Data34_GSM5022596_GCGCAGTTCCTAGAAC.1,1,vemurafenib
Data34_GSM5022596_GCGCAGTTCGCGCCAA.1,1,vemurafenib
Data34_GSM5022596_GCGCCAAAGAAACGAG.1,1,vemurafenib
Data34_GSM5022596_GCGCCAAAGAGGTAGA.1,1,vemurafenib
Data34_GSM5022596_GCGCCAAAGATGCCAG.1,1,vemurafenib
Data34_GSM5022596_GCGCCAAAGCTAAACA.1,1,vemurafenib
Data34_GSM5022596_GCGCCAAAGGATGTAT.1,1,vemurafenib
Data34_GSM5022596_GCGCCAAAGGCAATTA.1,1,vemurafenib
Data34_GSM5022596_GCGCCAACAGACGCTC.1,1,vemurafenib
Data34_GSM5022596_GCGCCAACAGTCACTA.1,1,vemurafenib
Data34_GSM5022596_GCGCCAACATCCTTGC.1,1,vemurafenib
Data34_GSM5022596_GCGCCAACATGCCTTC.1,1,vemurafenib
Data34_GSM5022596_GCGCCAACATGCTGGC.1,1,vemurafenib
Data34_GSM5022596_GCGCCAAGTAAAGTCA.1,1,vemurafenib
Data34_GSM5022596_GCGCCAAGTATATGGA.1,1,vemurafenib
Data34_GSM5022596_GCGCCAAGTCATGCCG.1,1,vemurafenib
Data34_GSM5022596_GCGCCAAGTCGAATCT.1,1,vemurafenib
Data34_GSM5022596_GCGCCAAGTCGATTGT.1,1,vemurafenib
Data34_GSM5022596_GCGCCAAGTTGCCTCT.1,1,vemurafenib
Data34_GSM5022596_GCGCCAAGTTTGACAC.1,1,vemurafenib
Data34_GSM5022596_GCGCCAATCCAAATGC.1,1,vemurafenib
Data34_GSM5022596_GCGCCAATCGACGGAA.1,1,vemurafenib
Data34_GSM5022596_GCGCCAATCGCGATCG.1,1,vemurafenib
Data34_GSM5022596_GCGCGATAGATACACA.1,1,vemurafenib
Data34_GSM5022596_GCGCGATAGCAATATG.1,1,vemurafenib
Data34_GSM5022596_GCGCGATAGCTCAACT.1,1,vemurafenib
Data34_GSM5022596_GCGCGATAGTGCCAGA.1,1,vemurafenib
Data34_GSM5022596_GCGCGATCAAACCTAC.1,1,vemurafenib
Data34_GSM5022596_GCGCGATCAAGTAGTA.1,1,vemurafenib
Data34_GSM5022596_GCGCGATCACCTTGTC.1,1,vemurafenib
Data34_GSM5022596_GCGCGATCAGACTCGC.1,1,vemurafenib
Data34_GSM5022596_GCGCGATGTATCTGCA.1,1,vemurafenib
Data34_GSM5022596_GCGCGATGTCCAGTTA.1,1,vemurafenib
Data34_GSM5022596_GCGCGATGTCGACTGC.1,1,vemurafenib
Data34_GSM5022596_GCGCGATGTTCAACCA.1,1,vemurafenib
Data34_GSM5022596_GCGCGATGTTCAGCGC.1,1,vemurafenib
Data34_GSM5022596_GCGCGATTCCGGGTGT.1,1,vemurafenib
Data34_GSM5022596_GCGCGATTCGCAAGCC.1,1,vemurafenib
Data34_GSM5022596_GCGCGATTCGCGTAGC.1,1,vemurafenib
Data34_GSM5022596_GCGCGATTCGGAAACG.1,1,vemurafenib
Data34_GSM5022596_GCGGGTTAGCCAGTAG.1,1,vemurafenib
Data34_GSM5022596_GCGGGTTAGCGATCCC.1,1,vemurafenib
Data34_GSM5022596_GCGGGTTAGGTGCAAC.1,1,vemurafenib
Data34_GSM5022596_GCGGGTTAGTATCGAA.1,1,vemurafenib
Data34_GSM5022596_GCGGGTTAGTGGCACA.1,1,vemurafenib
Data34_GSM5022596_GCGGGTTCAATCTGCA.1,1,vemurafenib
Data34_GSM5022596_GCGGGTTCACAGCCCA.1,1,vemurafenib
Data34_GSM5022596_GCGGGTTCACGTCTCT.1,1,vemurafenib
Data34_GSM5022596_GCGGGTTCAGTCAGAG.1,1,vemurafenib
Data34_GSM5022596_GCGGGTTCATGCTGGC.1,1,vemurafenib
Data34_GSM5022596_GCGGGTTGTCCGTGAC.1,1,vemurafenib
Data34_GSM5022596_GCGGGTTGTGCAGGTA.1,1,vemurafenib
Data34_GSM5022596_GCGGGTTGTGCCTTGG.1,1,vemurafenib
Data34_GSM5022596_GCGGGTTGTTATCGGT.1,1,vemurafenib
Data34_GSM5022596_GCGGGTTTCCTAGTGA.1,1,vemurafenib
Data34_GSM5022596_GCGGGTTTCTTACCTA.1,1,vemurafenib
Data34_GSM5022596_GCGGGTTTCTTCTGGC.1,1,vemurafenib
Data34_GSM5022596_GCTCCTAAGAACTCGG.1,1,vemurafenib
Data34_GSM5022596_GCTCCTAAGAGTACCG.1,1,vemurafenib
Data34_GSM5022596_GCTCCTAAGCCGGTAA.1,1,vemurafenib
Data34_GSM5022596_GCTCCTAAGCGCCTCA.1,1,vemurafenib
Data34_GSM5022596_GCTCCTAAGCTAGGCA.1,1,vemurafenib
Data34_GSM5022596_GCTCCTAAGGGTTTCT.1,1,vemurafenib
Data34_GSM5022596_GCTCCTACACATTAGC.1,1,vemurafenib
Data34_GSM5022596_GCTCCTACACGCCAGT.1,1,vemurafenib
Data34_GSM5022596_GCTCCTAGTAAGGGCT.1,1,vemurafenib
Data34_GSM5022596_GCTCCTAGTAATTGGA.1,1,vemurafenib
Data34_GSM5022596_GCTCCTAGTGTTGGGA.1,1,vemurafenib
Data34_GSM5022596_GCTCCTAGTTAGTGGG.1,1,vemurafenib
Data34_GSM5022596_GCTCTGTAGGCCCGTT.1,1,vemurafenib
Data34_GSM5022596_GCTCTGTAGGCTATCT.1,1,vemurafenib
Data34_GSM5022596_GCTCTGTAGTGGCACA.1,1,vemurafenib
Data34_GSM5022596_GCTCTGTCACAACTGT.1,1,vemurafenib
Data34_GSM5022596_GCTCTGTCACTTCGAA.1,1,vemurafenib
Data34_GSM5022596_GCTCTGTGTACCCAAT.1,1,vemurafenib
Data34_GSM5022596_GCTCTGTGTCATACTG.1,1,vemurafenib
Data34_GSM5022596_GCTCTGTGTGCGAAAC.1,1,vemurafenib
Data34_GSM5022596_GCTCTGTGTTGATTGC.1,1,vemurafenib
Data34_GSM5022596_GCTCTGTGTTTAGCTG.1,1,vemurafenib
Data34_GSM5022596_GCTCTGTTCAACGAAA.1,1,vemurafenib
Data34_GSM5022596_GCTCTGTTCGGACAAG.1,1,vemurafenib
Data34_GSM5022596_GCTCTGTTCTAACCGA.1,1,vemurafenib
Data34_GSM5022596_GCTGCAGAGTCACGCC.1,1,vemurafenib
Data34_GSM5022596_GCTGCAGAGTCGATAA.1,1,vemurafenib
Data34_GSM5022596_GCTGCAGAGTGGGCTA.1,1,vemurafenib
Data34_GSM5022596_GCTGCAGCACCATCCT.1,1,vemurafenib
Data34_GSM5022596_GCTGCAGGTAGCTTGT.1,1,vemurafenib
Data34_GSM5022596_GCTGCAGGTGCAGGTA.1,1,vemurafenib
Data34_GSM5022596_GCTGCAGGTTAGGGTG.1,1,vemurafenib
Data34_GSM5022596_GCTGCAGGTTGAGGTG.1,1,vemurafenib
Data34_GSM5022596_GCTGCAGTCATGGTCA.1,1,vemurafenib
Data34_GSM5022596_GCTGCAGTCATGTCCC.1,1,vemurafenib
Data34_GSM5022596_GCTGCAGTCGCGCCAA.1,1,vemurafenib
Data34_GSM5022596_GCTGCGAAGTTACCCA.1,1,vemurafenib
Data34_GSM5022596_GCTGCGACAATAGCGG.1,1,vemurafenib
Data34_GSM5022596_GCTGCGACACCATGTA.1,1,vemurafenib
Data34_GSM5022596_GCTGCGACAGAGTGTG.1,1,vemurafenib
Data34_GSM5022596_GCTGCGACAGGACCCT.1,1,vemurafenib
Data34_GSM5022596_GCTGCGACATTACCTT.1,1,vemurafenib
Data34_GSM5022596_GCTGCGAGTAGGGACT.1,1,vemurafenib
Data34_GSM5022596_GCTGCGAGTGCACGAA.1,1,vemurafenib
Data34_GSM5022596_GCTGCGAGTTCCACGG.1,1,vemurafenib
Data34_GSM5022596_GCTGCGATCTGTACGA.1,1,vemurafenib
Data34_GSM5022596_GCTGCTTAGAACTGTA.1,1,vemurafenib
Data34_GSM5022596_GCTGCTTAGATCCGAG.1,1,vemurafenib
Data34_GSM5022596_GCTGCTTAGGTGCTAG.1,1,vemurafenib
Data34_GSM5022596_GCTGCTTCACAGACTT.1,1,vemurafenib
Data34_GSM5022596_GCTGCTTCAGCTGTGC.1,1,vemurafenib
Data34_GSM5022596_GCTGCTTCAGTATAAG.1,1,vemurafenib
Data34_GSM5022596_GCTGCTTCATATACCG.1,1,vemurafenib
Data34_GSM5022596_GCTGCTTGTTCAACCA.1,1,vemurafenib
Data34_GSM5022596_GCTGCTTTCTTCAACT.1,1,vemurafenib
Data34_GSM5022596_GCTGGGTAGACGACGT.1,1,vemurafenib
Data34_GSM5022596_GCTGGGTAGCATCATC.1,1,vemurafenib
Data34_GSM5022596_GCTGGGTAGCATGGCA.1,1,vemurafenib
Data34_GSM5022596_GCTGGGTAGCCGCCTA.1,1,vemurafenib
Data34_GSM5022596_GCTGGGTAGCCGTCGT.1,1,vemurafenib
Data34_GSM5022596_GCTGGGTAGTGGTAAT.1,1,vemurafenib
Data34_GSM5022596_GCTGGGTAGTGTGAAT.1,1,vemurafenib
Data34_GSM5022596_GCTGGGTCAATGGACG.1,1,vemurafenib
Data34_GSM5022596_GCTGGGTCATGCATGT.1,1,vemurafenib
Data34_GSM5022596_GCTGGGTCATGGTTGT.1,1,vemurafenib
Data34_GSM5022596_GCTGGGTGTTTAGGAA.1,1,vemurafenib
Data34_GSM5022596_GCTGGGTTCAAGGTAA.1,1,vemurafenib
Data34_GSM5022596_GCTGGGTTCCCTTGTG.1,1,vemurafenib
Data34_GSM5022596_GCTGGGTTCTTACCTA.1,1,vemurafenib
Data34_GSM5022596_GCTTCCAAGACAGAGA.1,1,vemurafenib
Data34_GSM5022596_GCTTCCAAGACATAAC.1,1,vemurafenib
Data34_GSM5022596_GCTTCCAAGCAATCTC.1,1,vemurafenib
Data34_GSM5022596_GCTTCCAAGCCCAACC.1,1,vemurafenib
Data34_GSM5022596_GCTTCCAAGCGGCTTC.1,1,vemurafenib
Data34_GSM5022596_GCTTCCAAGTAACCCT.1,1,vemurafenib
Data34_GSM5022596_GCTTCCACAAGTCTAC.1,1,vemurafenib
Data34_GSM5022596_GCTTCCACACGCATCG.1,1,vemurafenib
Data34_GSM5022596_GCTTCCACAGTCCTTC.1,1,vemurafenib
Data34_GSM5022596_GCTTCCACATCTCCCA.1,1,vemurafenib
Data34_GSM5022596_GCTTCCACATGCGCAC.1,1,vemurafenib
Data34_GSM5022596_GCTTCCACATTAACCG.1,1,vemurafenib
Data34_GSM5022596_GCTTCCAGTTTGGCGC.1,1,vemurafenib
Data34_GSM5022596_GCTTCCATCACTCTTA.1,1,vemurafenib
Data34_GSM5022596_GCTTCCATCGGCGCAT.1,1,vemurafenib
Data34_GSM5022596_GCTTCCATCGTGTAGT.1,1,vemurafenib
Data34_GSM5022596_GCTTCCATCTACTTAC.1,1,vemurafenib
Data34_GSM5022596_GCTTGAAAGCCTATGT.1,1,vemurafenib
Data34_GSM5022596_GCTTGAAAGCTCCTCT.1,1,vemurafenib
Data34_GSM5022596_GCTTGAAAGGGATCTG.1,1,vemurafenib
Data34_GSM5022596_GCTTGAAAGTGGGCTA.1,1,vemurafenib
Data34_GSM5022596_GCTTGAAAGTTTGCGT.1,1,vemurafenib
Data34_GSM5022596_GCTTGAACAACGATGG.1,1,vemurafenib
Data34_GSM5022596_GCTTGAACAGCCTATA.1,1,vemurafenib
Data34_GSM5022596_GCTTGAACATTACCTT.1,1,vemurafenib
Data34_GSM5022596_GCTTGAACATTACGAC.1,1,vemurafenib
Data34_GSM5022596_GCTTGAACATTGCGGC.1,1,vemurafenib
Data34_GSM5022596_GCTTGAAGTCCCTTGT.1,1,vemurafenib
Data34_GSM5022596_GCTTGAAGTTCTCATT.1,1,vemurafenib
Data34_GSM5022596_GCTTGAAGTTCTGTTT.1,1,vemurafenib
Data34_GSM5022596_GCTTGAATCACCCGAG.1,1,vemurafenib
Data34_GSM5022596_GCTTGAATCAGAGGTG.1,1,vemurafenib
Data34_GSM5022596_GGAAAGCAGTACGTTC.1,1,vemurafenib
Data34_GSM5022596_GGAAAGCAGTCTCAAC.1,1,vemurafenib
Data34_GSM5022596_GGAAAGCAGTTGAGAT.1,1,vemurafenib
Data34_GSM5022596_GGAAAGCCACTTGGAT.1,1,vemurafenib
Data34_GSM5022596_GGAAAGCCAGTCGTGC.1,1,vemurafenib
Data34_GSM5022596_GGAAAGCCATTAACCG.1,1,vemurafenib
Data34_GSM5022596_GGAAAGCCATTACGAC.1,1,vemurafenib
Data34_GSM5022596_GGAAAGCCATTCACTT.1,1,vemurafenib
Data34_GSM5022596_GGAAAGCTCCAGATCA.1,1,vemurafenib
Data34_GSM5022596_GGAAAGCTCCCTCTTT.1,1,vemurafenib
Data34_GSM5022596_GGAAAGCTCGGTGTTA.1,1,vemurafenib
Data34_GSM5022596_GGAAAGCTCTACGAGT.1,1,vemurafenib
Data34_GSM5022596_GGAACTTAGAAGGACA.1,1,vemurafenib
Data34_GSM5022596_GGAACTTAGAATCTCC.1,1,vemurafenib
Data34_GSM5022596_GGAACTTAGCCTATGT.1,1,vemurafenib
Data34_GSM5022596_GGAACTTAGGAGTAGA.1,1,vemurafenib
Data34_GSM5022596_GGAACTTAGGCCCGTT.1,1,vemurafenib
Data34_GSM5022596_GGAACTTAGTGAACGC.1,1,vemurafenib
Data34_GSM5022596_GGAACTTCAAAGGAAG.1,1,vemurafenib
Data34_GSM5022596_GGAACTTCATTCACTT.1,1,vemurafenib
Data34_GSM5022596_GGAACTTGTAAGCACG.1,1,vemurafenib
Data34_GSM5022596_GGAACTTGTGCACGAA.1,1,vemurafenib
Data34_GSM5022596_GGAACTTGTGGTACAG.1,1,vemurafenib
Data34_GSM5022596_GGAACTTGTTAAAGTG.1,1,vemurafenib
Data34_GSM5022596_GGAACTTTCATCATTC.1,1,vemurafenib
Data34_GSM5022596_GGAACTTTCCTTGGTC.1,1,vemurafenib
Data34_GSM5022596_GGAACTTTCGGATGGA.1,1,vemurafenib
Data34_GSM5022596_GGAATAAAGAAGGGTA.1,1,vemurafenib
Data34_GSM5022596_GGAATAAAGACGCTTT.1,1,vemurafenib
Data34_GSM5022596_GGAATAAAGGTGGGTT.1,1,vemurafenib
Data34_GSM5022596_GGAATAAAGTCCTCCT.1,1,vemurafenib
Data34_GSM5022596_GGAATAACAAATCCGT.1,1,vemurafenib
Data34_GSM5022596_GGAATAACAAGCTGGA.1,1,vemurafenib
Data34_GSM5022596_GGAATAACACAGACTT.1,1,vemurafenib
Data34_GSM5022596_GGAATAACACTTCTGC.1,1,vemurafenib
Data34_GSM5022596_GGAATAACATTGGTAC.1,1,vemurafenib
Data34_GSM5022596_GGAATAAGTCGAATCT.1,1,vemurafenib
Data34_GSM5022596_GGAATAAGTGTGAATA.1,1,vemurafenib
Data34_GSM5022596_GGAATAATCAACCATG.1,1,vemurafenib
Data34_GSM5022596_GGAATAATCACCAGGC.1,1,vemurafenib
Data34_GSM5022596_GGAATAATCCAGTAGT.1,1,vemurafenib
Data34_GSM5022596_GGACAAGAGATGCGAC.1,1,vemurafenib
Data34_GSM5022596_GGACAAGAGCTTCGCG.1,1,vemurafenib
Data34_GSM5022596_GGACAAGCACATGGGA.1,1,vemurafenib
Data34_GSM5022596_GGACAAGCATCAGTCA.1,1,vemurafenib
Data34_GSM5022596_GGACAAGCATGGGACA.1,1,vemurafenib
Data34_GSM5022596_GGACAAGGTAAGGGAA.1,1,vemurafenib
Data34_GSM5022596_GGACAAGGTCTAGAGG.1,1,vemurafenib
Data34_GSM5022596_GGACAAGGTGCGAAAC.1,1,vemurafenib
Data34_GSM5022596_GGACAAGTCGTTGCCT.1,1,vemurafenib
Data34_GSM5022596_GGACAAGTCTCGCATC.1,1,vemurafenib
Data34_GSM5022596_GGACAGAAGAAACCTA.1,1,vemurafenib
Data34_GSM5022596_GGACAGAAGAGACTTA.1,1,vemurafenib
Data34_GSM5022596_GGACAGAAGAGATGAG.1,1,vemurafenib
Data34_GSM5022596_GGACAGACACCGTTGG.1,1,vemurafenib
Data34_GSM5022596_GGACAGACAGACGTAG.1,1,vemurafenib
Data34_GSM5022596_GGACAGACAGGAATCG.1,1,vemurafenib
Data34_GSM5022596_GGACAGACAGTCGATT.1,1,vemurafenib
Data34_GSM5022596_GGACAGACATAGTAAG.1,1,vemurafenib
Data34_GSM5022596_GGACAGAGTAAGGATT.1,1,vemurafenib
Data34_GSM5022596_GGACAGAGTAGTGAAT.1,1,vemurafenib
Data34_GSM5022596_GGACAGAGTGGAAAGA.1,1,vemurafenib
Data34_GSM5022596_GGACAGAGTTTGACAC.1,1,vemurafenib
Data34_GSM5022596_GGACAGATCGGTGTCG.1,1,vemurafenib
Data34_GSM5022596_GGACAGATCGTGTAGT.1,1,vemurafenib
Data34_GSM5022596_GGACATTAGATAGGAG.1,1,vemurafenib
Data34_GSM5022596_GGACATTAGGCATGGT.1,1,vemurafenib
Data34_GSM5022596_GGACATTAGGCATGTG.1,1,vemurafenib
Data34_GSM5022596_GGACATTAGGTCGGAT.1,1,vemurafenib
Data34_GSM5022596_GGACATTAGTTTAGGA.1,1,vemurafenib
Data34_GSM5022596_GGACATTCAAATCCGT.1,1,vemurafenib
Data34_GSM5022596_GGACATTCACCCATGG.1,1,vemurafenib
Data34_GSM5022596_GGACATTCACCGAAAG.1,1,vemurafenib
Data34_GSM5022596_GGACATTCACGCCAGT.1,1,vemurafenib
Data34_GSM5022596_GGACATTCACGCTTTC.1,1,vemurafenib
Data34_GSM5022596_GGACATTCAGTGGGAT.1,1,vemurafenib
Data34_GSM5022596_GGACATTCATAGACTC.1,1,vemurafenib
Data34_GSM5022596_GGACATTCATGCCCGA.1,1,vemurafenib
Data34_GSM5022596_GGACATTGTGGCCCTA.1,1,vemurafenib
Data34_GSM5022596_GGACATTTCACATACG.1,1,vemurafenib
Data34_GSM5022596_GGACATTTCAGTCCCT.1,1,vemurafenib
Data34_GSM5022596_GGACATTTCATTCACT.1,1,vemurafenib
Data34_GSM5022596_GGACATTTCGAGGTAG.1,1,vemurafenib
Data34_GSM5022596_GGACATTTCTGACCTC.1,1,vemurafenib
Data34_GSM5022596_GGACGTCAGAAGGTGA.1,1,vemurafenib
Data34_GSM5022596_GGACGTCAGATGGGTC.1,1,vemurafenib
Data34_GSM5022596_GGACGTCAGCTACCGC.1,1,vemurafenib
Data34_GSM5022596_GGACGTCAGTGGGATC.1,1,vemurafenib
Data34_GSM5022596_GGACGTCAGTTAGGTA.1,1,vemurafenib
Data34_GSM5022596_GGACGTCCAATCCAAC.1,1,vemurafenib
Data34_GSM5022596_GGACGTCCAATGACCT.1,1,vemurafenib
Data34_GSM5022596_GGACGTCCAGTCACTA.1,1,vemurafenib
Data34_GSM5022596_GGACGTCCATCAGTCA.1,1,vemurafenib
Data34_GSM5022596_GGACGTCGTAAATGTG.1,1,vemurafenib
Data34_GSM5022596_GGACGTCGTATGCTTG.1,1,vemurafenib
Data34_GSM5022596_GGACGTCGTCATACTG.1,1,vemurafenib
Data34_GSM5022596_GGACGTCGTCTAGCCG.1,1,vemurafenib
Data34_GSM5022596_GGACGTCTCCCTAACC.1,1,vemurafenib
Data34_GSM5022596_GGACGTCTCCGGCACA.1,1,vemurafenib
Data34_GSM5022596_GGACGTCTCCGGGTGT.1,1,vemurafenib
Data34_GSM5022596_GGACGTCTCGGAGCAA.1,1,vemurafenib
Data34_GSM5022596_GGACGTCTCGGATGTT.1,1,vemurafenib
Data34_GSM5022596_GGACGTCTCGGCATCG.1,1,vemurafenib
Data34_GSM5022596_GGACGTCTCTTTACAC.1,1,vemurafenib
Data34_GSM5022596_GGAGCAAAGATGTCGG.1,1,vemurafenib
Data34_GSM5022596_GGAGCAAAGCCAACAG.1,1,vemurafenib
Data34_GSM5022596_GGAGCAAAGCTGCAAG.1,1,vemurafenib
Data34_GSM5022596_GGAGCAAAGCTGTTCA.1,1,vemurafenib
Data34_GSM5022596_GGAGCAAAGTAGGTGC.1,1,vemurafenib
Data34_GSM5022596_GGAGCAACATCTGGTA.1,1,vemurafenib
Data34_GSM5022596_GGAGCAAGTACCCAAT.1,1,vemurafenib
Data34_GSM5022596_GGAGCAAGTCACCTAA.1,1,vemurafenib
Data34_GSM5022596_GGAGCAAGTCAGAGGT.1,1,vemurafenib
Data34_GSM5022596_GGAGCAAGTCCCGACA.1,1,vemurafenib
Data34_GSM5022596_GGAGCAAGTCGCATCG.1,1,vemurafenib
Data34_GSM5022596_GGAGCAAGTTCTGAAC.1,1,vemurafenib
Data34_GSM5022596_GGAGCAAGTTGTTTGG.1,1,vemurafenib
Data34_GSM5022596_GGAGCAATCAGCATGT.1,1,vemurafenib
Data34_GSM5022596_GGAGCAATCAGGCGAA.1,1,vemurafenib
Data34_GSM5022596_GGAGCAATCCAAAGTC.1,1,vemurafenib
Data34_GSM5022596_GGAGCAATCGGAGCAA.1,1,vemurafenib
Data34_GSM5022596_GGAGCAATCTACTTAC.1,1,vemurafenib
Data34_GSM5022596_GGATGTTAGATGCGAC.1,1,vemurafenib
Data34_GSM5022596_GGATGTTAGCGTCTAT.1,1,vemurafenib
Data34_GSM5022596_GGATGTTAGCTAGCCC.1,1,vemurafenib
Data34_GSM5022596_GGATGTTAGGACACCA.1,1,vemurafenib
Data34_GSM5022596_GGATGTTAGGCTCAGA.1,1,vemurafenib
Data34_GSM5022596_GGATGTTAGTCCAGGA.1,1,vemurafenib
Data34_GSM5022596_GGATGTTAGTGTCCAT.1,1,vemurafenib
Data34_GSM5022596_GGATGTTCACCAGGTC.1,1,vemurafenib
Data34_GSM5022596_GGATGTTCACCCAGTG.1,1,vemurafenib
Data34_GSM5022596_GGATGTTCAGCTTAAC.1,1,vemurafenib
Data34_GSM5022596_GGATGTTCATGCAACT.1,1,vemurafenib
Data34_GSM5022596_GGATGTTGTACAGACG.1,1,vemurafenib
Data34_GSM5022596_GGATGTTGTCAAGCGA.1,1,vemurafenib
Data34_GSM5022596_GGATGTTGTGTAATGA.1,1,vemurafenib
Data34_GSM5022596_GGATGTTTCCAATGGT.1,1,vemurafenib
Data34_GSM5022596_GGATGTTTCCCTGACT.1,1,vemurafenib
Data34_GSM5022596_GGATGTTTCGTTACGA.1,1,vemurafenib
Data34_GSM5022596_GGATGTTTCTGACCTC.1,1,vemurafenib
Data34_GSM5022596_GGATGTTTCTGAGTGT.1,1,vemurafenib
Data34_GSM5022596_GGATGTTTCTTTACGT.1,1,vemurafenib
Data34_GSM5022596_GGATTACAGTGTTGAA.1,1,vemurafenib
Data34_GSM5022596_GGATTACCACACAGAG.1,1,vemurafenib
Data34_GSM5022596_GGATTACCATCCGTGG.1,1,vemurafenib
Data34_GSM5022596_GGATTACTCCAAACTG.1,1,vemurafenib
Data34_GSM5022596_GGATTACTCGAATCCA.1,1,vemurafenib
Data34_GSM5022596_GGATTACTCGTATCAG.1,1,vemurafenib
Data34_GSM5022596_GGATTACTCTCGCATC.1,1,vemurafenib
Data34_GSM5022596_GGCAATTAGGCATTGG.1,1,vemurafenib
Data34_GSM5022596_GGCAATTAGGTCATCT.1,1,vemurafenib
Data34_GSM5022596_GGCAATTCACGTCAGC.1,1,vemurafenib
Data34_GSM5022596_GGCAATTCAGCGAACA.1,1,vemurafenib
Data34_GSM5022596_GGCAATTCAGCTCGCA.1,1,vemurafenib
Data34_GSM5022596_GGCAATTCATTTGCCC.1,1,vemurafenib
Data34_GSM5022596_GGCAATTGTAAGAGAG.1,1,vemurafenib
Data34_GSM5022596_GGCAATTGTACCGAGA.1,1,vemurafenib
Data34_GSM5022596_GGCAATTGTGGTACAG.1,1,vemurafenib
Data34_GSM5022596_GGCAATTGTTAAAGTG.1,1,vemurafenib
Data34_GSM5022596_GGCAATTGTTAAGGGC.1,1,vemurafenib
Data34_GSM5022596_GGCAATTGTTATCCGA.1,1,vemurafenib
Data34_GSM5022596_GGCAATTTCACCCTCA.1,1,vemurafenib
Data34_GSM5022596_GGCAATTTCCGCGCAA.1,1,vemurafenib
Data34_GSM5022596_GGCCGATAGAATTGTG.1,1,vemurafenib
Data34_GSM5022596_GGCCGATCAAGAAAGG.1,1,vemurafenib
Data34_GSM5022596_GGCCGATCATGCCCGA.1,1,vemurafenib
Data34_GSM5022596_GGCCGATCATTCTTAC.1,1,vemurafenib
Data34_GSM5022596_GGCCGATGTAAACCTC.1,1,vemurafenib
Data34_GSM5022596_GGCCGATGTGCAGACA.1,1,vemurafenib
Data34_GSM5022596_GGCCGATGTTCACGGC.1,1,vemurafenib
Data34_GSM5022596_GGCCGATGTTGAGGTG.1,1,vemurafenib
Data34_GSM5022596_GGCCGATGTTGTCTTT.1,1,vemurafenib
Data34_GSM5022596_GGCCGATTCCAGTAGT.1,1,vemurafenib
Data34_GSM5022596_GGCCGATTCCGATATG.1,1,vemurafenib
Data34_GSM5022596_GGCCGATTCTCGATGA.1,1,vemurafenib
Data34_GSM5022596_GGCGACTAGACATAAC.1,1,vemurafenib
Data34_GSM5022596_GGCGACTCAATGGAAT.1,1,vemurafenib
Data34_GSM5022596_GGCGACTCATACGCCG.1,1,vemurafenib
Data34_GSM5022596_GGCGACTCATATGCTG.1,1,vemurafenib
Data34_GSM5022596_GGCGACTCATGGGACA.1,1,vemurafenib
Data34_GSM5022596_GGCGACTGTACGACCC.1,1,vemurafenib
Data34_GSM5022596_GGCGACTGTAGAAGGA.1,1,vemurafenib
Data34_GSM5022596_GGCGACTGTCACACGC.1,1,vemurafenib
Data34_GSM5022596_GGCGACTGTCCAAGTT.1,1,vemurafenib
Data34_GSM5022596_GGCGACTGTGATGCCC.1,1,vemurafenib
Data34_GSM5022596_GGCGACTTCCGTTGTC.1,1,vemurafenib
Data34_GSM5022596_GGCGACTTCCTGCAGG.1,1,vemurafenib
Data34_GSM5022596_GGCGTGTAGAAACGAG.1,1,vemurafenib
Data34_GSM5022596_GGCGTGTAGAGGTAGA.1,1,vemurafenib
Data34_GSM5022596_GGCGTGTAGGTCATCT.1,1,vemurafenib
Data34_GSM5022596_GGCGTGTCAAGTACCT.1,1,vemurafenib
Data34_GSM5022596_GGCGTGTCAAGTCTGT.1,1,vemurafenib
Data34_GSM5022596_GGCGTGTGTACCTACA.1,1,vemurafenib
Data34_GSM5022596_GGCGTGTGTATTCTCT.1,1,vemurafenib
Data34_GSM5022596_GGCGTGTGTTGAGTTC.1,1,vemurafenib
Data34_GSM5022596_GGCGTGTTCAAACAAG.1,1,vemurafenib
Data34_GSM5022596_GGCGTGTTCATGCAAC.1,1,vemurafenib
Data34_GSM5022596_GGCGTGTTCGACGGAA.1,1,vemurafenib
Data34_GSM5022596_GGCGTGTTCGGATGGA.1,1,vemurafenib
Data34_GSM5022596_GGCTCGAAGAAGGGTA.1,1,vemurafenib
Data34_GSM5022596_GGCTCGAAGCAACGGT.1,1,vemurafenib
Data34_GSM5022596_GGCTCGAAGCGTGTCC.1,1,vemurafenib
Data34_GSM5022596_GGCTCGAAGTGGTAGC.1,1,vemurafenib
Data34_GSM5022596_GGCTCGACACATAACC.1,1,vemurafenib
Data34_GSM5022596_GGCTCGACACGAAAGC.1,1,vemurafenib
Data34_GSM5022596_GGCTCGACATCGATGT.1,1,vemurafenib
Data34_GSM5022596_GGCTCGACATGTTCCC.1,1,vemurafenib
Data34_GSM5022596_GGCTCGAGTCCATGAT.1,1,vemurafenib
Data34_GSM5022596_GGCTCGAGTTCCACGG.1,1,vemurafenib
Data34_GSM5022596_GGCTCGATCTGAGTGT.1,1,vemurafenib
Data34_GSM5022596_GGCTCGATCTGCGACG.1,1,vemurafenib
Data34_GSM5022596_GGCTGGTAGACCACGA.1,1,vemurafenib
Data34_GSM5022596_GGCTGGTAGGAATTAC.1,1,vemurafenib
Data34_GSM5022596_GGCTGGTAGGCTCAGA.1,1,vemurafenib
Data34_GSM5022596_GGCTGGTAGTAATCCC.1,1,vemurafenib
Data34_GSM5022596_GGCTGGTAGTACACCT.1,1,vemurafenib
Data34_GSM5022596_GGCTGGTCACAGGAGT.1,1,vemurafenib
Data34_GSM5022596_GGCTGGTCAGCTGGCT.1,1,vemurafenib
Data34_GSM5022596_GGCTGGTGTCCGAGTC.1,1,vemurafenib
Data34_GSM5022596_GGCTGGTGTGGTAACG.1,1,vemurafenib
Data34_GSM5022596_GGCTGGTTCGTGTAGT.1,1,vemurafenib
Data34_GSM5022596_GGGAATGAGAGACTAT.1,1,vemurafenib
Data34_GSM5022596_GGGAATGAGAGCTATA.1,1,vemurafenib
Data34_GSM5022596_GGGAATGAGCGATAGC.1,1,vemurafenib
Data34_GSM5022596_GGGAATGCAAGCCCAC.1,1,vemurafenib
Data34_GSM5022596_GGGAATGCAGCCACCA.1,1,vemurafenib
Data34_GSM5022596_GGGAATGCAGGTTTCA.1,1,vemurafenib
Data34_GSM5022596_GGGAATGGTATGCTTG.1,1,vemurafenib
Data34_GSM5022596_GGGAATGGTCAACATC.1,1,vemurafenib
Data34_GSM5022596_GGGAATGGTGATAAGT.1,1,vemurafenib
Data34_GSM5022596_GGGAATGGTTGTGGCC.1,1,vemurafenib
Data34_GSM5022596_GGGACCTAGCGTGAAC.1,1,vemurafenib
Data34_GSM5022596_GGGACCTAGCTTATCG.1,1,vemurafenib
Data34_GSM5022596_GGGACCTAGGCATGGT.1,1,vemurafenib
Data34_GSM5022596_GGGACCTAGGGTCGAT.1,1,vemurafenib
Data34_GSM5022596_GGGACCTCACATAACC.1,1,vemurafenib
Data34_GSM5022596_GGGACCTCACATCCAA.1,1,vemurafenib
Data34_GSM5022596_GGGACCTGTAAACGCG.1,1,vemurafenib
Data34_GSM5022596_GGGACCTGTAGCTCCG.1,1,vemurafenib
Data34_GSM5022596_GGGACCTGTTCTCATT.1,1,vemurafenib
Data34_GSM5022596_GGGACCTGTTCTGGTA.1,1,vemurafenib
Data34_GSM5022596_GGGACCTGTTGAGGTG.1,1,vemurafenib
Data34_GSM5022596_GGGACCTGTTTGTGTG.1,1,vemurafenib
Data34_GSM5022596_GGGACCTTCAACCAAC.1,1,vemurafenib
Data34_GSM5022596_GGGACCTTCACCATAG.1,1,vemurafenib
Data34_GSM5022596_GGGACCTTCACCCGAG.1,1,vemurafenib
Data34_GSM5022596_GGGACCTTCCATGCTC.1,1,vemurafenib
Data34_GSM5022596_GGGACCTTCCGAAGAG.1,1,vemurafenib
Data34_GSM5022596_GGGACCTTCGTTGCCT.1,1,vemurafenib
Data34_GSM5022596_GGGAGATAGACTACAA.1,1,vemurafenib
Data34_GSM5022596_GGGAGATAGAGGTTAT.1,1,vemurafenib
Data34_GSM5022596_GGGAGATCACACAGAG.1,1,vemurafenib
Data34_GSM5022596_GGGAGATCACCAGGTC.1,1,vemurafenib
Data34_GSM5022596_GGGAGATCACGCTTTC.1,1,vemurafenib
Data34_GSM5022596_GGGAGATCATCCAACA.1,1,vemurafenib
Data34_GSM5022596_GGGAGATGTATAGGGC.1,1,vemurafenib
Data34_GSM5022596_GGGAGATGTATGAAAC.1,1,vemurafenib
Data34_GSM5022596_GGGAGATGTCAGATAA.1,1,vemurafenib
Data34_GSM5022596_GGGAGATGTGCACCAC.1,1,vemurafenib
Data34_GSM5022596_GGGAGATTCCGCTGTT.1,1,vemurafenib
Data34_GSM5022596_GGGAGATTCCGGGTGT.1,1,vemurafenib
Data34_GSM5022596_GGGAGATTCTGTCTAT.1,1,vemurafenib
Data34_GSM5022596_GGGATGAAGCTAGCCC.1,1,vemurafenib
Data34_GSM5022596_GGGATGAAGGATGCGT.1,1,vemurafenib
Data34_GSM5022596_GGGATGAAGTAATCCC.1,1,vemurafenib
Data34_GSM5022596_GGGATGAAGTGGGCTA.1,1,vemurafenib
Data34_GSM5022596_GGGATGAAGTTGAGTA.1,1,vemurafenib
Data34_GSM5022596_GGGATGACAAGCTGTT.1,1,vemurafenib
Data34_GSM5022596_GGGATGACAGACTCGC.1,1,vemurafenib
Data34_GSM5022596_GGGATGAGTAGGCATG.1,1,vemurafenib
Data34_GSM5022596_GGGATGAGTCTCACCT.1,1,vemurafenib
Data34_GSM5022596_GGGATGAGTTAAGACA.1,1,vemurafenib
Data34_GSM5022596_GGGATGAGTTGGAGGT.1,1,vemurafenib
Data34_GSM5022596_GGGATGATCAGCTTAG.1,1,vemurafenib
Data34_GSM5022596_GGGATGATCTGTCTAT.1,1,vemurafenib
Data34_GSM5022596_GGGCACTAGACACGAC.1,1,vemurafenib
Data34_GSM5022596_GGGCACTAGTCTCGGC.1,1,vemurafenib
Data34_GSM5022596_GGGCACTAGTGTTTGC.1,1,vemurafenib
Data34_GSM5022596_GGGCACTCAACGATCT.1,1,vemurafenib
Data34_GSM5022596_GGGCACTCAATACGCT.1,1,vemurafenib
Data34_GSM5022596_GGGCACTCATGGAATA.1,1,vemurafenib
Data34_GSM5022596_GGGCACTGTCCATCCT.1,1,vemurafenib
Data34_GSM5022596_GGGCACTGTGGCAAAC.1,1,vemurafenib
Data34_GSM5022596_GGGCACTGTGTGGTTT.1,1,vemurafenib
Data34_GSM5022596_GGGCACTGTTCGTCTC.1,1,vemurafenib
Data34_GSM5022596_GGGCACTTCACATACG.1,1,vemurafenib
Data34_GSM5022596_GGGCATCAGGACACCA.1,1,vemurafenib
Data34_GSM5022596_GGGCATCAGGCATTGG.1,1,vemurafenib
Data34_GSM5022596_GGGCATCAGTCTCGGC.1,1,vemurafenib
Data34_GSM5022596_GGGCATCAGTGTGGCA.1,1,vemurafenib
Data34_GSM5022596_GGGCATCCAGGGCATA.1,1,vemurafenib
Data34_GSM5022596_GGGCATCGTCAAAGAT.1,1,vemurafenib
Data34_GSM5022596_GGGCATCGTCATCGGC.1,1,vemurafenib
Data34_GSM5022596_GGGCATCGTTCTGTTT.1,1,vemurafenib
Data34_GSM5022596_GGGCATCTCAACCAAC.1,1,vemurafenib
Data34_GSM5022596_GGGCATCTCAGTTAGC.1,1,vemurafenib
Data34_GSM5022596_GGGCATCTCCACGAAT.1,1,vemurafenib
Data34_GSM5022596_GGGCATCTCCGATATG.1,1,vemurafenib
Data34_GSM5022596_GGGCATCTCCGGCACA.1,1,vemurafenib
Data34_GSM5022596_GGGTCTGAGGTAAACT.1,1,vemurafenib
Data34_GSM5022596_GGGTCTGAGTAATCCC.1,1,vemurafenib
Data34_GSM5022596_GGGTCTGAGTGGAGTC.1,1,vemurafenib
Data34_GSM5022596_GGGTCTGCAATCACAC.1,1,vemurafenib
Data34_GSM5022596_GGGTCTGCATACGCTA.1,1,vemurafenib
Data34_GSM5022596_GGGTCTGCATGCCTTC.1,1,vemurafenib
Data34_GSM5022596_GGGTCTGGTACACCGC.1,1,vemurafenib
Data34_GSM5022596_GGGTCTGTCCGTAGGC.1,1,vemurafenib
Data34_GSM5022596_GGGTCTGTCGCCAAAT.1,1,vemurafenib
Data34_GSM5022596_GGGTTGCAGAGAGCTC.1,1,vemurafenib
Data34_GSM5022596_GGGTTGCAGCGCCTTG.1,1,vemurafenib
Data34_GSM5022596_GGGTTGCAGTAGCGGT.1,1,vemurafenib
Data34_GSM5022596_GGGTTGCCACTCTGTC.1,1,vemurafenib
Data34_GSM5022596_GGGTTGCCAGCATACT.1,1,vemurafenib
Data34_GSM5022596_GGGTTGCCAGTGGGAT.1,1,vemurafenib
Data34_GSM5022596_GGGTTGCGTAAAGGAG.1,1,vemurafenib
Data34_GSM5022596_GGGTTGCGTCTAGGTT.1,1,vemurafenib
Data34_GSM5022596_GGGTTGCGTGCAGACA.1,1,vemurafenib
Data34_GSM5022596_GGGTTGCGTGCATCTA.1,1,vemurafenib
Data34_GSM5022596_GGGTTGCGTGGTTTCA.1,1,vemurafenib
Data34_GSM5022596_GGGTTGCGTTGATTCG.1,1,vemurafenib
Data34_GSM5022596_GGGTTGCTCAGTTGAC.1,1,vemurafenib
Data34_GSM5022596_GGGTTGCTCCAGTAGT.1,1,vemurafenib
Data34_GSM5022596_GGGTTGCTCGCACTCT.1,1,vemurafenib
Data34_GSM5022596_GGGTTGCTCTGTCTCG.1,1,vemurafenib
Data34_GSM5022596_GGTATTGAGAGACTTA.1,1,vemurafenib
Data34_GSM5022596_GGTATTGAGCCAGTAG.1,1,vemurafenib
Data34_GSM5022596_GGTATTGAGTGAAGTT.1,1,vemurafenib
Data34_GSM5022596_GGTATTGCACTTCTGC.1,1,vemurafenib
Data34_GSM5022596_GGTATTGGTAAGAGAG.1,1,vemurafenib
Data34_GSM5022596_GGTATTGGTCTTCAAG.1,1,vemurafenib
Data34_GSM5022596_GGTATTGTCCTATTCA.1,1,vemurafenib
Data34_GSM5022596_GGTATTGTCTTACCGC.1,1,vemurafenib
Data34_GSM5022596_GGTGAAGAGAAGGGTA.1,1,vemurafenib
Data34_GSM5022596_GGTGAAGAGAGTTGGC.1,1,vemurafenib
Data34_GSM5022596_GGTGAAGAGCCAGGAT.1,1,vemurafenib
Data34_GSM5022596_GGTGAAGAGCTAAGAT.1,1,vemurafenib
Data34_GSM5022596_GGTGAAGCAATGTTGC.1,1,vemurafenib
Data34_GSM5022596_GGTGAAGCACCGAAAG.1,1,vemurafenib
Data34_GSM5022596_GGTGAAGCACGAAACG.1,1,vemurafenib
Data34_GSM5022596_GGTGAAGCACGGCCAT.1,1,vemurafenib
Data34_GSM5022596_GGTGAAGCATGGTAGG.1,1,vemurafenib
Data34_GSM5022596_GGTGAAGGTAACGCGA.1,1,vemurafenib
Data34_GSM5022596_GGTGAAGGTTGCGTTA.1,1,vemurafenib
Data34_GSM5022596_GGTGAAGTCAATAAGG.1,1,vemurafenib
Data34_GSM5022596_GGTGAAGTCACCCGAG.1,1,vemurafenib
Data34_GSM5022596_GGTGCGTAGAGCCCAA.1,1,vemurafenib
Data34_GSM5022596_GGTGCGTAGCTAACAA.1,1,vemurafenib
Data34_GSM5022596_GGTGCGTAGTATCTCG.1,1,vemurafenib
Data34_GSM5022596_GGTGCGTCACATTAGC.1,1,vemurafenib
Data34_GSM5022596_GGTGCGTCACCGCTAG.1,1,vemurafenib
Data34_GSM5022596_GGTGCGTCAGCGTTCG.1,1,vemurafenib
Data34_GSM5022596_GGTGCGTCAGGGTATG.1,1,vemurafenib
Data34_GSM5022596_GGTGCGTGTTTGTTGG.1,1,vemurafenib
Data34_GSM5022596_GGTGCGTTCAATCTCT.1,1,vemurafenib
Data34_GSM5022596_GGTGCGTTCCGGCACA.1,1,vemurafenib
Data34_GSM5022596_GGTGCGTTCTGGTATG.1,1,vemurafenib
Data34_GSM5022596_GGTGTTAAGAACTCGG.1,1,vemurafenib
Data34_GSM5022596_GGTGTTAAGAATGTGT.1,1,vemurafenib
Data34_GSM5022596_GGTGTTAAGACAGACC.1,1,vemurafenib
Data34_GSM5022596_GGTGTTAAGGAGTACC.1,1,vemurafenib
Data34_GSM5022596_GGTGTTACAGCAGTTT.1,1,vemurafenib
Data34_GSM5022596_GGTGTTACATTCCTGC.1,1,vemurafenib
Data34_GSM5022596_GGTGTTAGTAAAGTCA.1,1,vemurafenib
Data34_GSM5022596_GGTGTTAGTCCAGTAT.1,1,vemurafenib
Data34_GSM5022596_GGTGTTATCCAGGGCT.1,1,vemurafenib
Data34_GSM5022596_GGTGTTATCTACTCAT.1,1,vemurafenib
Data34_GSM5022596_GTAACGTAGCCGCCTA.1,1,vemurafenib
Data34_GSM5022596_GTAACGTAGGCTATCT.1,1,vemurafenib
Data34_GSM5022596_GTAACGTAGGTGGGTT.1,1,vemurafenib
Data34_GSM5022596_GTAACGTAGTACATGA.1,1,vemurafenib
Data34_GSM5022596_GTAACGTAGTTTAGGA.1,1,vemurafenib
Data34_GSM5022596_GTAACGTCAAGCCGTC.1,1,vemurafenib
Data34_GSM5022596_GTAACGTCACACTGCG.1,1,vemurafenib
Data34_GSM5022596_GTAACGTCACGAGGTA.1,1,vemurafenib
Data34_GSM5022596_GTAACGTCACGTTGGC.1,1,vemurafenib
Data34_GSM5022596_GTAACGTCACTTAACG.1,1,vemurafenib
Data34_GSM5022596_GTAACGTCAGCTCCGA.1,1,vemurafenib
Data34_GSM5022596_GTAACGTGTACCGTTA.1,1,vemurafenib
Data34_GSM5022596_GTAACGTGTATGAAAC.1,1,vemurafenib
Data34_GSM5022596_GTAACGTGTGTAATGA.1,1,vemurafenib
Data34_GSM5022596_GTAACGTGTGTCCTCT.1,1,vemurafenib
Data34_GSM5022596_GTAACGTGTTCACCTC.1,1,vemurafenib
Data34_GSM5022596_GTAACGTGTTGTACAC.1,1,vemurafenib
Data34_GSM5022596_GTAACGTTCCTGCCAT.1,1,vemurafenib
Data34_GSM5022596_GTAACGTTCTTCATGT.1,1,vemurafenib
Data34_GSM5022596_GTAACTGAGAAACCTA.1,1,vemurafenib
Data34_GSM5022596_GTAACTGAGACTGGGT.1,1,vemurafenib
Data34_GSM5022596_GTAACTGAGATATGGT.1,1,vemurafenib
Data34_GSM5022596_GTAACTGAGTTACGGG.1,1,vemurafenib
Data34_GSM5022596_GTAACTGCAACACCCG.1,1,vemurafenib
Data34_GSM5022596_GTAACTGCAGCCTATA.1,1,vemurafenib
Data34_GSM5022596_GTAACTGCATACTCTT.1,1,vemurafenib
Data34_GSM5022596_GTAACTGGTACAGTGG.1,1,vemurafenib
Data34_GSM5022596_GTAACTGGTCAGAAGC.1,1,vemurafenib
Data34_GSM5022596_GTAACTGGTCGTCTTC.1,1,vemurafenib
Data34_GSM5022596_GTAACTGGTGAGTGAC.1,1,vemurafenib
Data34_GSM5022596_GTAACTGGTTATCGGT.1,1,vemurafenib
Data34_GSM5022596_GTAACTGGTTCGTGAT.1,1,vemurafenib
Data34_GSM5022596_GTAACTGTCACTCTTA.1,1,vemurafenib
Data34_GSM5022596_GTAACTGTCATCACCC.1,1,vemurafenib
Data34_GSM5022596_GTAACTGTCATCATTC.1,1,vemurafenib
Data34_GSM5022596_GTAACTGTCCTTTCTC.1,1,vemurafenib
Data34_GSM5022596_GTACGTAAGAAGGACA.1,1,vemurafenib
Data34_GSM5022596_GTACGTAAGACTGGGT.1,1,vemurafenib
Data34_GSM5022596_GTACGTAAGAGGGCTT.1,1,vemurafenib
Data34_GSM5022596_GTACGTAAGCGTGAGT.1,1,vemurafenib
Data34_GSM5022596_GTACGTAAGGATGGTC.1,1,vemurafenib
Data34_GSM5022596_GTACGTAAGTATCTCG.1,1,vemurafenib
Data34_GSM5022596_GTACGTACAGCCTTTC.1,1,vemurafenib
Data34_GSM5022596_GTACGTACATCTCGCT.1,1,vemurafenib
Data34_GSM5022596_GTACGTACATTCCTCG.1,1,vemurafenib
Data34_GSM5022596_GTACGTAGTCAAAGCG.1,1,vemurafenib
Data34_GSM5022596_GTACGTAGTGTGACCC.1,1,vemurafenib
Data34_GSM5022596_GTACGTAGTTCCACGG.1,1,vemurafenib
Data34_GSM5022596_GTACGTAGTTGACGTT.1,1,vemurafenib
Data34_GSM5022596_GTACGTATCAGCAACT.1,1,vemurafenib
Data34_GSM5022596_GTACTCCAGGGTCTCC.1,1,vemurafenib
Data34_GSM5022596_GTACTCCCAAAGAATC.1,1,vemurafenib
Data34_GSM5022596_GTACTCCCAATGGAGC.1,1,vemurafenib
Data34_GSM5022596_GTACTCCCACCACGTG.1,1,vemurafenib
Data34_GSM5022596_GTACTCCCACTAAGTC.1,1,vemurafenib
Data34_GSM5022596_GTACTCCCAGTGACAG.1,1,vemurafenib
Data34_GSM5022596_GTACTCCGTCCAGTTA.1,1,vemurafenib
Data34_GSM5022596_GTACTCCGTCTAGGTT.1,1,vemurafenib
Data34_GSM5022596_GTACTCCGTCTCCACT.1,1,vemurafenib
Data34_GSM5022596_GTACTCCGTCTTGATG.1,1,vemurafenib
Data34_GSM5022596_GTACTCCGTGGACGAT.1,1,vemurafenib
Data34_GSM5022596_GTACTCCTCAATACCG.1,1,vemurafenib
Data34_GSM5022596_GTACTCCTCAGTGCAT.1,1,vemurafenib
Data34_GSM5022596_GTACTCCTCGGCTACG.1,1,vemurafenib
Data34_GSM5022596_GTACTCCTCTAACTCT.1,1,vemurafenib
Data34_GSM5022596_GTACTCCTCTATCCCG.1,1,vemurafenib
Data34_GSM5022596_GTACTCCTCTGGCGAC.1,1,vemurafenib
Data34_GSM5022596_GTACTTTAGCAGCGTA.1,1,vemurafenib
Data34_GSM5022596_GTACTTTAGTCATCCA.1,1,vemurafenib
Data34_GSM5022596_GTACTTTCACGGCCAT.1,1,vemurafenib
Data34_GSM5022596_GTACTTTCATGACATC.1,1,vemurafenib
Data34_GSM5022596_GTACTTTGTCAGAAGC.1,1,vemurafenib
Data34_GSM5022596_GTACTTTGTCTTGATG.1,1,vemurafenib
Data34_GSM5022596_GTACTTTGTGAGTGAC.1,1,vemurafenib
Data34_GSM5022596_GTACTTTGTTACGTCA.1,1,vemurafenib
Data34_GSM5022596_GTACTTTGTTGGAGGT.1,1,vemurafenib
Data34_GSM5022596_GTACTTTTCCGTCAAA.1,1,vemurafenib
Data34_GSM5022596_GTACTTTTCGCACTCT.1,1,vemurafenib
Data34_GSM5022596_GTACTTTTCTTGTATC.1,1,vemurafenib
Data34_GSM5022596_GTAGGCCAGAAGGCCT.1,1,vemurafenib
Data34_GSM5022596_GTAGGCCAGGCAGTCA.1,1,vemurafenib
Data34_GSM5022596_GTAGGCCCAAGTTCTG.1,1,vemurafenib
Data34_GSM5022596_GTAGGCCCACGGATAG.1,1,vemurafenib
Data34_GSM5022596_GTAGGCCCACTGCCAG.1,1,vemurafenib
Data34_GSM5022596_GTAGGCCCATATACCG.1,1,vemurafenib
Data34_GSM5022596_GTAGGCCGTCAATGTC.1,1,vemurafenib
Data34_GSM5022596_GTAGGCCGTCATATCG.1,1,vemurafenib
Data34_GSM5022596_GTAGGCCGTCCGTCAG.1,1,vemurafenib
Data34_GSM5022596_GTAGGCCGTCTCTCTG.1,1,vemurafenib
Data34_GSM5022596_GTAGGCCGTCTGATCA.1,1,vemurafenib
Data34_GSM5022596_GTAGGCCGTGGCAAAC.1,1,vemurafenib
Data34_GSM5022596_GTAGGCCTCAGAGCTT.1,1,vemurafenib
Data34_GSM5022596_GTAGGCCTCTTGAGGT.1,1,vemurafenib
Data34_GSM5022596_GTAGTCAAGAAGCCCA.1,1,vemurafenib
Data34_GSM5022596_GTAGTCAAGCTAACAA.1,1,vemurafenib
Data34_GSM5022596_GTAGTCAAGCTTTGGT.1,1,vemurafenib
Data34_GSM5022596_GTAGTCAAGGCTACGA.1,1,vemurafenib
Data34_GSM5022596_GTAGTCAAGTACGTTC.1,1,vemurafenib
Data34_GSM5022596_GTAGTCAAGTGGCACA.1,1,vemurafenib
Data34_GSM5022596_GTAGTCAAGTGTCCCG.1,1,vemurafenib
Data34_GSM5022596_GTAGTCACACAGACTT.1,1,vemurafenib
Data34_GSM5022596_GTAGTCACAGGATTGG.1,1,vemurafenib
Data34_GSM5022596_GTAGTCACATCAGTAC.1,1,vemurafenib
Data34_GSM5022596_GTAGTCACATGTTCCC.1,1,vemurafenib
Data34_GSM5022596_GTAGTCACATTTCACT.1,1,vemurafenib
Data34_GSM5022596_GTAGTCAGTGGACGAT.1,1,vemurafenib
Data34_GSM5022596_GTAGTCAGTTGAGTTC.1,1,vemurafenib
Data34_GSM5022596_GTAGTCATCATCGGAT.1,1,vemurafenib
Data34_GSM5022596_GTAGTCATCCCAAGTA.1,1,vemurafenib
Data34_GSM5022596_GTAGTCATCCTACAGA.1,1,vemurafenib
Data34_GSM5022596_GTAGTCATCGGATGTT.1,1,vemurafenib
Data34_GSM5022596_GTATCTTAGAAACGCC.1,1,vemurafenib
Data34_GSM5022596_GTATCTTAGAGCTGCA.1,1,vemurafenib
Data34_GSM5022596_GTATCTTAGATGGGTC.1,1,vemurafenib
Data34_GSM5022596_GTATCTTAGGCGACAT.1,1,vemurafenib
Data34_GSM5022596_GTATCTTCAATTGCTG.1,1,vemurafenib
Data34_GSM5022596_GTATCTTCAGGACCCT.1,1,vemurafenib
Data34_GSM5022596_GTATCTTCATACCATG.1,1,vemurafenib
Data34_GSM5022596_GTATCTTCATAGGATA.1,1,vemurafenib
Data34_GSM5022596_GTATCTTCATCCGTGG.1,1,vemurafenib
Data34_GSM5022596_GTATCTTCATCCTTGC.1,1,vemurafenib
Data34_GSM5022596_GTATCTTCATTTCAGG.1,1,vemurafenib
Data34_GSM5022596_GTATCTTGTAAAGTCA.1,1,vemurafenib
Data34_GSM5022596_GTATCTTGTAAGTAGT.1,1,vemurafenib
Data34_GSM5022596_GTATCTTGTATAGGGC.1,1,vemurafenib
Data34_GSM5022596_GTATCTTGTATATGGA.1,1,vemurafenib
Data34_GSM5022596_GTATCTTGTCTAGGTT.1,1,vemurafenib
Data34_GSM5022596_GTATCTTGTGATGTCT.1,1,vemurafenib
Data34_GSM5022596_GTATCTTTCAGTTGAC.1,1,vemurafenib
Data34_GSM5022596_GTATCTTTCTTACCGC.1,1,vemurafenib
Data34_GSM5022596_GTATTCTAGATCGGGT.1,1,vemurafenib
Data34_GSM5022596_GTATTCTAGGACATTA.1,1,vemurafenib
Data34_GSM5022596_GTATTCTAGGATCGCA.1,1,vemurafenib
Data34_GSM5022596_GTATTCTAGGGTGTTG.1,1,vemurafenib
Data34_GSM5022596_GTATTCTCAAAGGTGC.1,1,vemurafenib
Data34_GSM5022596_GTATTCTCAAGACACG.1,1,vemurafenib
Data34_GSM5022596_GTATTCTCACAGATTC.1,1,vemurafenib
Data34_GSM5022596_GTATTCTGTCCGACGT.1,1,vemurafenib
Data34_GSM5022596_GTATTCTGTTAGAACA.1,1,vemurafenib
Data34_GSM5022596_GTATTCTTCACCACCT.1,1,vemurafenib
Data34_GSM5022596_GTATTCTTCAGCCTAA.1,1,vemurafenib
Data34_GSM5022596_GTATTCTTCAGTGTTG.1,1,vemurafenib
Data34_GSM5022596_GTATTCTTCCCGGATG.1,1,vemurafenib
Data34_GSM5022596_GTATTCTTCCGAATGT.1,1,vemurafenib
Data34_GSM5022596_GTCAAGTAGGCGCTCT.1,1,vemurafenib
Data34_GSM5022596_GTCAAGTCAAACGCGA.1,1,vemurafenib
Data34_GSM5022596_GTCAAGTCACATTTCT.1,1,vemurafenib
Data34_GSM5022596_GTCAAGTCATCTCGCT.1,1,vemurafenib
Data34_GSM5022596_GTCAAGTCATGTCTCC.1,1,vemurafenib
Data34_GSM5022596_GTCAAGTCATTTCAGG.1,1,vemurafenib
Data34_GSM5022596_GTCAAGTGTACGCACC.1,1,vemurafenib
Data34_GSM5022596_GTCAAGTGTCCGTCAG.1,1,vemurafenib
Data34_GSM5022596_GTCAAGTGTCGCATCG.1,1,vemurafenib
Data34_GSM5022596_GTCAAGTGTGAACCTT.1,1,vemurafenib
Data34_GSM5022596_GTCAAGTTCCTAGAAC.1,1,vemurafenib
Data34_GSM5022596_GTCAAGTTCTACTTAC.1,1,vemurafenib
Data34_GSM5022596_GTCACAAAGCAGGCTA.1,1,vemurafenib
Data34_GSM5022596_GTCACAAAGCTAACTC.1,1,vemurafenib
Data34_GSM5022596_GTCACAAAGGCATGGT.1,1,vemurafenib
Data34_GSM5022596_GTCACAACAAACCTAC.1,1,vemurafenib
Data34_GSM5022596_GTCACAACACAGATTC.1,1,vemurafenib
Data34_GSM5022596_GTCACAACACCAGTTA.1,1,vemurafenib
Data34_GSM5022596_GTCACAACAGCGAACA.1,1,vemurafenib
Data34_GSM5022596_GTCACAACAGTCTTCC.1,1,vemurafenib
Data34_GSM5022596_GTCACAACATGCAACT.1,1,vemurafenib
Data34_GSM5022596_GTCACAAGTAGGGACT.1,1,vemurafenib
Data34_GSM5022596_GTCACAAGTGGTGTAG.1,1,vemurafenib
Data34_GSM5022596_GTCACAAGTTGAACTC.1,1,vemurafenib
Data34_GSM5022596_GTCACAATCAACGGCC.1,1,vemurafenib
Data34_GSM5022596_GTCACAATCGAATGCT.1,1,vemurafenib
Data34_GSM5022596_GTCACAATCGATCCCT.1,1,vemurafenib
Data34_GSM5022596_GTCACGGAGCAACGGT.1,1,vemurafenib
Data34_GSM5022596_GTCACGGAGCGATCCC.1,1,vemurafenib
Data34_GSM5022596_GTCACGGAGGACGAAA.1,1,vemurafenib
Data34_GSM5022596_GTCACGGAGGATGGTC.1,1,vemurafenib
Data34_GSM5022596_GTCACGGCAGCTCGAC.1,1,vemurafenib
Data34_GSM5022596_GTCACGGCATCGATGT.1,1,vemurafenib
Data34_GSM5022596_GTCACGGGTAGGACAC.1,1,vemurafenib
Data34_GSM5022596_GTCACGGGTATAGGTA.1,1,vemurafenib
Data34_GSM5022596_GTCACGGGTATCAGTC.1,1,vemurafenib
Data34_GSM5022596_GTCACGGGTGGTCTCG.1,1,vemurafenib
Data34_GSM5022596_GTCACGGGTGTCCTCT.1,1,vemurafenib
Data34_GSM5022596_GTCACGGTCCTTAATC.1,1,vemurafenib
Data34_GSM5022596_GTCACGGTCTTCGAGA.1,1,vemurafenib
Data34_GSM5022596_GTCACGGTCTTCGGTC.1,1,vemurafenib
Data34_GSM5022596_GTCATTTAGACTTGAA.1,1,vemurafenib
Data34_GSM5022596_GTCATTTAGACTTTCG.1,1,vemurafenib
Data34_GSM5022596_GTCATTTAGAGTGAGA.1,1,vemurafenib
Data34_GSM5022596_GTCATTTAGCCCGAAA.1,1,vemurafenib
Data34_GSM5022596_GTCATTTAGCGTCTAT.1,1,vemurafenib
Data34_GSM5022596_GTCATTTAGGAGTTTA.1,1,vemurafenib
Data34_GSM5022596_GTCATTTAGGCCCTCA.1,1,vemurafenib
Data34_GSM5022596_GTCATTTAGTCCAGGA.1,1,vemurafenib
Data34_GSM5022596_GTCATTTAGTCGTTTG.1,1,vemurafenib
Data34_GSM5022596_GTCATTTAGTCTCGGC.1,1,vemurafenib
Data34_GSM5022596_GTCATTTCAAATCCGT.1,1,vemurafenib
Data34_GSM5022596_GTCATTTCAATTGCTG.1,1,vemurafenib
Data34_GSM5022596_GTCATTTCACATTAGC.1,1,vemurafenib
Data34_GSM5022596_GTCATTTCACCGCTAG.1,1,vemurafenib
Data34_GSM5022596_GTCATTTCATCACGTA.1,1,vemurafenib
Data34_GSM5022596_GTCATTTCATCCGGGT.1,1,vemurafenib
Data34_GSM5022596_GTCATTTGTATAGTAG.1,1,vemurafenib
Data34_GSM5022596_GTCATTTGTGAGTGAC.1,1,vemurafenib
Data34_GSM5022596_GTCATTTGTGCACGAA.1,1,vemurafenib
Data34_GSM5022596_GTCATTTGTGGGTATG.1,1,vemurafenib
Data34_GSM5022596_GTCATTTTCCCAAGAT.1,1,vemurafenib
Data34_GSM5022596_GTCATTTTCCTTTACA.1,1,vemurafenib
Data34_GSM5022596_GTCATTTTCGCCTGAG.1,1,vemurafenib
Data34_GSM5022596_GTCATTTTCTGTACGA.1,1,vemurafenib
Data34_GSM5022596_GTCCTCAAGACTACAA.1,1,vemurafenib
Data34_GSM5022596_GTCCTCACACATTAGC.1,1,vemurafenib
Data34_GSM5022596_GTCCTCACACCTTGTC.1,1,vemurafenib
Data34_GSM5022596_GTCCTCACACTGTCGG.1,1,vemurafenib
Data34_GSM5022596_GTCCTCACAGACAGGT.1,1,vemurafenib
Data34_GSM5022596_GTCCTCACATTAGGCT.1,1,vemurafenib
Data34_GSM5022596_GTCCTCAGTAATCACC.1,1,vemurafenib
Data34_GSM5022596_GTCCTCAGTCTAGTCA.1,1,vemurafenib
Data34_GSM5022596_GTCCTCAGTTACGCGC.1,1,vemurafenib
Data34_GSM5022596_GTCCTCAGTTCGCGAC.1,1,vemurafenib
Data34_GSM5022596_GTCCTCAGTTGAGGTG.1,1,vemurafenib
Data34_GSM5022596_GTCCTCAGTTGCTCCT.1,1,vemurafenib
Data34_GSM5022596_GTCCTCATCCCACTTG.1,1,vemurafenib
Data34_GSM5022596_GTCCTCATCGCCCTTA.1,1,vemurafenib
Data34_GSM5022596_GTCCTCATCGCCGTGA.1,1,vemurafenib
Data34_GSM5022596_GTCGGGTAGGACGAAA.1,1,vemurafenib
Data34_GSM5022596_GTCGGGTAGGGTGTTG.1,1,vemurafenib
Data34_GSM5022596_GTCGGGTAGTGATCGG.1,1,vemurafenib
Data34_GSM5022596_GTCGGGTAGTGTTTGC.1,1,vemurafenib
Data34_GSM5022596_GTCGGGTCACTCGACG.1,1,vemurafenib
Data34_GSM5022596_GTCGGGTCAGCTATTG.1,1,vemurafenib
Data34_GSM5022596_GTCGGGTCAGGGTACA.1,1,vemurafenib
Data34_GSM5022596_GTCGGGTGTGGCGAAT.1,1,vemurafenib
Data34_GSM5022596_GTCGGGTGTTCTGAAC.1,1,vemurafenib
Data34_GSM5022596_GTCGGGTTCAAGCCTA.1,1,vemurafenib
Data34_GSM5022596_GTCGGGTTCATATCGG.1,1,vemurafenib
Data34_GSM5022596_GTCGGGTTCCCAAGAT.1,1,vemurafenib
Data34_GSM5022596_GTCGTAAAGAAACCGC.1,1,vemurafenib
Data34_GSM5022596_GTCGTAAAGGAACTGC.1,1,vemurafenib
Data34_GSM5022596_GTCGTAAAGGAATTAC.1,1,vemurafenib
Data34_GSM5022596_GTCGTAAAGGACCACA.1,1,vemurafenib
Data34_GSM5022596_GTCGTAAAGGAGTAGA.1,1,vemurafenib
Data34_GSM5022596_GTCGTAAAGGATCGCA.1,1,vemurafenib
Data34_GSM5022596_GTCGTAAAGGCGATAC.1,1,vemurafenib
Data34_GSM5022596_GTCGTAAAGTCGTTTG.1,1,vemurafenib
Data34_GSM5022596_GTCGTAACAATAGCAA.1,1,vemurafenib
Data34_GSM5022596_GTCGTAACAATGAAAC.1,1,vemurafenib
Data34_GSM5022596_GTCGTAACACGTCAGC.1,1,vemurafenib
Data34_GSM5022596_GTCGTAAGTCACCCAG.1,1,vemurafenib
Data34_GSM5022596_GTCGTAAGTCGTGGCT.1,1,vemurafenib
Data34_GSM5022596_GTCGTAAGTGCTTCTC.1,1,vemurafenib
Data34_GSM5022596_GTCGTAATCCCAGGTG.1,1,vemurafenib
Data34_GSM5022596_GTCGTAATCTTCTGGC.1,1,vemurafenib
Data34_GSM5022596_GTCTCGTAGAGTAAGG.1,1,vemurafenib
Data34_GSM5022596_GTCTCGTAGATAGCAT.1,1,vemurafenib
Data34_GSM5022596_GTCTCGTAGGAGTTTA.1,1,vemurafenib
Data34_GSM5022596_GTCTCGTCAAGGTTCT.1,1,vemurafenib
Data34_GSM5022596_GTCTCGTCAGCTATTG.1,1,vemurafenib
Data34_GSM5022596_GTCTCGTCATTAGCCA.1,1,vemurafenib
Data34_GSM5022596_GTCTCGTGTACATCCA.1,1,vemurafenib
Data34_GSM5022596_GTCTCGTGTCCAGTGC.1,1,vemurafenib
Data34_GSM5022596_GTCTCGTGTTCAGTAC.1,1,vemurafenib
Data34_GSM5022596_GTCTCGTGTTCGAATC.1,1,vemurafenib
Data34_GSM5022596_GTCTCGTGTTTGTGTG.1,1,vemurafenib
Data34_GSM5022596_GTCTCGTTCAACGGGA.1,1,vemurafenib
Data34_GSM5022596_GTCTCGTTCATAAAGG.1,1,vemurafenib
Data34_GSM5022596_GTCTCGTTCTATCCTA.1,1,vemurafenib
Data34_GSM5022596_GTCTCGTTCTGCAGTA.1,1,vemurafenib
Data34_GSM5022596_GTCTTCGAGAACTGTA.1,1,vemurafenib
Data34_GSM5022596_GTCTTCGAGAGTACCG.1,1,vemurafenib
Data34_GSM5022596_GTCTTCGAGTACGCGA.1,1,vemurafenib
Data34_GSM5022596_GTCTTCGAGTCTCAAC.1,1,vemurafenib
Data34_GSM5022596_GTCTTCGAGTGACATA.1,1,vemurafenib
Data34_GSM5022596_GTCTTCGCAAGTCATC.1,1,vemurafenib
Data34_GSM5022596_GTCTTCGCATATGGTC.1,1,vemurafenib
Data34_GSM5022596_GTCTTCGGTAAGAGGA.1,1,vemurafenib
Data34_GSM5022596_GTCTTCGGTCCTGCTT.1,1,vemurafenib
Data34_GSM5022596_GTCTTCGGTCTAGCCG.1,1,vemurafenib
Data34_GSM5022596_GTCTTCGGTGCGGTAA.1,1,vemurafenib
Data34_GSM5022596_GTCTTCGGTGGCGAAT.1,1,vemurafenib
Data34_GSM5022596_GTCTTCGTCCATGCTC.1,1,vemurafenib
Data34_GSM5022596_GTCTTCGTCCGTAGTA.1,1,vemurafenib
Data34_GSM5022596_GTGAAGGAGCATGGCA.1,1,vemurafenib
Data34_GSM5022596_GTGAAGGCAATTGCTG.1,1,vemurafenib
Data34_GSM5022596_GTGAAGGCACGAAATA.1,1,vemurafenib
Data34_GSM5022596_GTGAAGGCAGTTTACG.1,1,vemurafenib
Data34_GSM5022596_GTGAAGGGTAAGCACG.1,1,vemurafenib
Data34_GSM5022596_GTGAAGGGTAGTAGTA.1,1,vemurafenib
Data34_GSM5022596_GTGAAGGGTCTAGGTT.1,1,vemurafenib
Data34_GSM5022596_GTGAAGGGTTCCTCCA.1,1,vemurafenib
Data34_GSM5022596_GTGAAGGTCAGGATCT.1,1,vemurafenib
Data34_GSM5022596_GTGAAGGTCGCGGATC.1,1,vemurafenib
Data34_GSM5022596_GTGAAGGTCGGATGGA.1,1,vemurafenib
Data34_GSM5022596_GTGAAGGTCGTAGGTT.1,1,vemurafenib
Data34_GSM5022596_GTGCAGCAGACCGGAT.1,1,vemurafenib
Data34_GSM5022596_GTGCAGCAGACGCTTT.1,1,vemurafenib
Data34_GSM5022596_GTGCAGCAGCCAGAAC.1,1,vemurafenib
Data34_GSM5022596_GTGCAGCCAGCGTTCG.1,1,vemurafenib
Data34_GSM5022596_GTGCAGCCATACAGCT.1,1,vemurafenib
Data34_GSM5022596_GTGCAGCCATCTATGG.1,1,vemurafenib
Data34_GSM5022596_GTGCAGCGTACCCAAT.1,1,vemurafenib
Data34_GSM5022596_GTGCAGCGTAGCTAAA.1,1,vemurafenib
Data34_GSM5022596_GTGCAGCGTCGACTAT.1,1,vemurafenib
Data34_GSM5022596_GTGCAGCGTGGTCTCG.1,1,vemurafenib
Data34_GSM5022596_GTGCAGCGTGTGCCTG.1,1,vemurafenib
Data34_GSM5022596_GTGCAGCTCATCGATG.1,1,vemurafenib
Data34_GSM5022596_GTGCAGCTCATCGCTC.1,1,vemurafenib
Data34_GSM5022596_GTGCAGCTCCGCGGTA.1,1,vemurafenib
Data34_GSM5022596_GTGCAGCTCGTTTGCC.1,1,vemurafenib
Data34_GSM5022596_GTGCAGCTCTTTCCTC.1,1,vemurafenib
Data34_GSM5022596_GTGCATAAGAGTGAGA.1,1,vemurafenib
Data34_GSM5022596_GTGCATAAGTGAACAT.1,1,vemurafenib
Data34_GSM5022596_GTGCATACACACCGAC.1,1,vemurafenib
Data34_GSM5022596_GTGCATACACGCTTTC.1,1,vemurafenib
Data34_GSM5022596_GTGCATACAGGAATGC.1,1,vemurafenib
Data34_GSM5022596_GTGCATACATATACCG.1,1,vemurafenib
Data34_GSM5022596_GTGCATAGTACTTAGC.1,1,vemurafenib
Data34_GSM5022596_GTGCATAGTGTTCGAT.1,1,vemurafenib
Data34_GSM5022596_GTGCATATCAAACGGG.1,1,vemurafenib
Data34_GSM5022596_GTGCATATCAAAGACA.1,1,vemurafenib
Data34_GSM5022596_GTGCATATCGACGGAA.1,1,vemurafenib
Data34_GSM5022596_GTGCATATCGTGGACC.1,1,vemurafenib
Data34_GSM5022596_GTGCATATCTGCAGTA.1,1,vemurafenib
Data34_GSM5022596_GTGCGGTAGAAAGTGG.1,1,vemurafenib
Data34_GSM5022596_GTGCGGTAGAAGCCCA.1,1,vemurafenib
Data34_GSM5022596_GTGCGGTAGAATCTCC.1,1,vemurafenib
Data34_GSM5022596_GTGCGGTAGAGTACCG.1,1,vemurafenib
Data34_GSM5022596_GTGCGGTAGCCCAACC.1,1,vemurafenib
Data34_GSM5022596_GTGCGGTAGGCACATG.1,1,vemurafenib
Data34_GSM5022596_GTGCGGTAGTGGCACA.1,1,vemurafenib
Data34_GSM5022596_GTGCGGTCAAAGGTGC.1,1,vemurafenib
Data34_GSM5022596_GTGCGGTCACGAAACG.1,1,vemurafenib
Data34_GSM5022596_GTGCGGTCATCGACGC.1,1,vemurafenib
Data34_GSM5022596_GTGCGGTCATCGGTTA.1,1,vemurafenib
Data34_GSM5022596_GTGCGGTGTCTGGTCG.1,1,vemurafenib
Data34_GSM5022596_GTGCGGTTCCTGCAGG.1,1,vemurafenib
Data34_GSM5022596_GTGCGGTTCGAGAGCA.1,1,vemurafenib
Data34_GSM5022596_GTGCGGTTCGGCCGAT.1,1,vemurafenib
Data34_GSM5022596_GTGCGGTTCTGAGTGT.1,1,vemurafenib
Data34_GSM5022596_GTGCGGTTCTGATTCT.1,1,vemurafenib
Data34_GSM5022596_GTGCTTCAGAGTCTGG.1,1,vemurafenib
Data34_GSM5022596_GTGCTTCAGCAATCTC.1,1,vemurafenib
Data34_GSM5022596_GTGCTTCCAGACGTAG.1,1,vemurafenib
Data34_GSM5022596_GTGCTTCCAGGGTATG.1,1,vemurafenib
Data34_GSM5022596_GTGCTTCGTTGTCTTT.1,1,vemurafenib
Data34_GSM5022596_GTGCTTCTCACCGGGT.1,1,vemurafenib
Data34_GSM5022596_GTGCTTCTCAGTCCCT.1,1,vemurafenib
Data34_GSM5022596_GTGGGTCAGAAGGCCT.1,1,vemurafenib
Data34_GSM5022596_GTGGGTCAGAGGTTAT.1,1,vemurafenib
Data34_GSM5022596_GTGGGTCAGATAGTCA.1,1,vemurafenib
Data34_GSM5022596_GTGGGTCAGGTCGGAT.1,1,vemurafenib
Data34_GSM5022596_GTGGGTCAGGTGATTA.1,1,vemurafenib
Data34_GSM5022596_GTGGGTCAGTCGATAA.1,1,vemurafenib
Data34_GSM5022596_GTGGGTCAGTTGCAGG.1,1,vemurafenib
Data34_GSM5022596_GTGGGTCCAACTGGCC.1,1,vemurafenib
Data34_GSM5022596_GTGGGTCCAAGCCTAT.1,1,vemurafenib
Data34_GSM5022596_GTGGGTCCACGCTTTC.1,1,vemurafenib
Data34_GSM5022596_GTGGGTCGTAGATTAG.1,1,vemurafenib
Data34_GSM5022596_GTGGGTCGTTCCAACA.1,1,vemurafenib
Data34_GSM5022596_GTGGGTCTCAGTTTGG.1,1,vemurafenib
Data34_GSM5022596_GTGGGTCTCCTCGCAT.1,1,vemurafenib
Data34_GSM5022596_GTGGGTCTCTACTTAC.1,1,vemurafenib
Data34_GSM5022596_GTGTGCGAGACACTAA.1,1,vemurafenib
Data34_GSM5022596_GTGTGCGAGCGTGAGT.1,1,vemurafenib
Data34_GSM5022596_GTGTGCGAGTAACCCT.1,1,vemurafenib
Data34_GSM5022596_GTGTGCGAGTATTGGA.1,1,vemurafenib
Data34_GSM5022596_GTGTGCGCAAGAAAGG.1,1,vemurafenib
Data34_GSM5022596_GTGTGCGCAAGAAGAG.1,1,vemurafenib
Data34_GSM5022596_GTGTGCGCAAGCCGCT.1,1,vemurafenib
Data34_GSM5022596_GTGTGCGCACGGCTAC.1,1,vemurafenib
Data34_GSM5022596_GTGTGCGCAGCTTCGG.1,1,vemurafenib
Data34_GSM5022596_GTGTGCGCATACGCTA.1,1,vemurafenib
Data34_GSM5022596_GTGTGCGGTAAGTGGC.1,1,vemurafenib
Data34_GSM5022596_GTGTGCGGTCTTCTCG.1,1,vemurafenib
Data34_GSM5022596_GTGTGCGTCACAATGC.1,1,vemurafenib
Data34_GSM5022596_GTGTGCGTCGAATGCT.1,1,vemurafenib
Data34_GSM5022596_GTGTGCGTCTGTCAAG.1,1,vemurafenib
Data34_GSM5022596_GTGTTAGAGACTACAA.1,1,vemurafenib
Data34_GSM5022596_GTGTTAGAGCTAGCCC.1,1,vemurafenib
Data34_GSM5022596_GTGTTAGAGGGCATGT.1,1,vemurafenib
Data34_GSM5022596_GTGTTAGCAACCGCCA.1,1,vemurafenib
Data34_GSM5022596_GTGTTAGCAAGCGATG.1,1,vemurafenib
Data34_GSM5022596_GTGTTAGCAATCCAAC.1,1,vemurafenib
Data34_GSM5022596_GTGTTAGCAATCGAAA.1,1,vemurafenib
Data34_GSM5022596_GTGTTAGCAGCTGGCT.1,1,vemurafenib
Data34_GSM5022596_GTGTTAGCATCAGTAC.1,1,vemurafenib
Data34_GSM5022596_GTGTTAGCATCTATGG.1,1,vemurafenib
Data34_GSM5022596_GTGTTAGGTCCGAACC.1,1,vemurafenib
Data34_GSM5022596_GTGTTAGGTGAAGGCT.1,1,vemurafenib
Data34_GSM5022596_GTGTTAGGTTGGACCC.1,1,vemurafenib
Data34_GSM5022596_GTGTTAGTCAACACCA.1,1,vemurafenib
Data34_GSM5022596_GTGTTAGTCTACTTAC.1,1,vemurafenib
Data34_GSM5022596_GTTAAGCAGATATGGT.1,1,vemurafenib
Data34_GSM5022596_GTTAAGCAGATGCCAG.1,1,vemurafenib
Data34_GSM5022596_GTTAAGCCACAGACTT.1,1,vemurafenib
Data34_GSM5022596_GTTAAGCCAGCTGCAC.1,1,vemurafenib
Data34_GSM5022596_GTTAAGCCATGAAGTA.1,1,vemurafenib
Data34_GSM5022596_GTTAAGCCATGCGCAC.1,1,vemurafenib
Data34_GSM5022596_GTTAAGCGTCTAAACC.1,1,vemurafenib
Data34_GSM5022596_GTTAAGCGTTAAAGTG.1,1,vemurafenib
Data34_GSM5022596_GTTAAGCTCATTGCCC.1,1,vemurafenib
Data34_GSM5022596_GTTAAGCTCTATCCCG.1,1,vemurafenib
Data34_GSM5022596_GTTAAGCTCTCCAGGG.1,1,vemurafenib
Data34_GSM5022596_GTTAAGCTCTGAAAGA.1,1,vemurafenib
Data34_GSM5022596_GTTACAGAGAGCTGCA.1,1,vemurafenib
Data34_GSM5022596_GTTACAGAGATCCGAG.1,1,vemurafenib
Data34_GSM5022596_GTTACAGAGCCGCCTA.1,1,vemurafenib
Data34_GSM5022596_GTTACAGAGCGAAGGG.1,1,vemurafenib
Data34_GSM5022596_GTTACAGAGCGTCAAG.1,1,vemurafenib
Data34_GSM5022596_GTTACAGAGCTGAAAT.1,1,vemurafenib
Data34_GSM5022596_GTTACAGAGTCACGCC.1,1,vemurafenib
Data34_GSM5022596_GTTACAGCACAGCGTC.1,1,vemurafenib
Data34_GSM5022596_GTTACAGCAGCTGTGC.1,1,vemurafenib
Data34_GSM5022596_GTTACAGCAGGGATTG.1,1,vemurafenib
Data34_GSM5022596_GTTACAGTCTACCTGC.1,1,vemurafenib
Data34_GSM5022596_GTTACAGTCTCAAACG.1,1,vemurafenib
Data34_GSM5022596_GTTACAGTCTCGTATT.1,1,vemurafenib
Data34_GSM5022596_GTTCATTAGACAGGCT.1,1,vemurafenib
Data34_GSM5022596_GTTCATTAGACTCGGA.1,1,vemurafenib
Data34_GSM5022596_GTTCATTAGCGTTTAC.1,1,vemurafenib
Data34_GSM5022596_GTTCATTAGTTCGATC.1,1,vemurafenib
Data34_GSM5022596_GTTCATTCACCTCGGA.1,1,vemurafenib
Data34_GSM5022596_GTTCATTCACTGAAGG.1,1,vemurafenib
Data34_GSM5022596_GTTCATTCACTGTCGG.1,1,vemurafenib
Data34_GSM5022596_GTTCATTCATTAGGCT.1,1,vemurafenib
Data34_GSM5022596_GTTCATTGTCTTCGTC.1,1,vemurafenib
Data34_GSM5022596_GTTCATTGTTCTGTTT.1,1,vemurafenib
Data34_GSM5022596_GTTCATTTCGAACGGA.1,1,vemurafenib
Data34_GSM5022596_GTTCGGGAGATGTAAC.1,1,vemurafenib
Data34_GSM5022596_GTTCGGGAGTCATCCA.1,1,vemurafenib
Data34_GSM5022596_GTTCGGGAGTCGTACT.1,1,vemurafenib
Data34_GSM5022596_GTTCGGGCACACCGCA.1,1,vemurafenib
Data34_GSM5022596_GTTCGGGCAGCCTTGG.1,1,vemurafenib
Data34_GSM5022596_GTTCGGGCAGGCAGTA.1,1,vemurafenib
Data34_GSM5022596_GTTCGGGCATGCCCGA.1,1,vemurafenib
Data34_GSM5022596_GTTCGGGGTACACCGC.1,1,vemurafenib
Data34_GSM5022596_GTTCGGGGTCCTCTTG.1,1,vemurafenib
Data34_GSM5022596_GTTCGGGGTGGCGAAT.1,1,vemurafenib
Data34_GSM5022596_GTTCTCGAGAAGGGTA.1,1,vemurafenib
Data34_GSM5022596_GTTCTCGAGTCGTTTG.1,1,vemurafenib
Data34_GSM5022596_GTTCTCGCAAGCCTAT.1,1,vemurafenib
Data34_GSM5022596_GTTCTCGCAATGGAGC.1,1,vemurafenib
Data34_GSM5022596_GTTCTCGCATGCTGGC.1,1,vemurafenib
Data34_GSM5022596_GTTCTCGGTAAAGGAG.1,1,vemurafenib
Data34_GSM5022596_GTTCTCGGTCAACATC.1,1,vemurafenib
Data34_GSM5022596_GTTCTCGGTCACCTAA.1,1,vemurafenib
Data34_GSM5022596_GTTCTCGGTCGGGTCT.1,1,vemurafenib
Data34_GSM5022596_GTTCTCGGTCTCTCTG.1,1,vemurafenib
Data34_GSM5022596_GTTCTCGGTGGCTCCA.1,1,vemurafenib
Data34_GSM5022596_GTTCTCGTCCGAAGAG.1,1,vemurafenib
Data34_GSM5022596_GTTCTCGTCGAGAGCA.1,1,vemurafenib
Data34_GSM5022596_GTTCTCGTCTAGAGTC.1,1,vemurafenib
Data34_GSM5022596_GTTCTCGTCTGTTGAG.1,1,vemurafenib
Data34_GSM5022596_GTTTCTAAGCTGGAAC.1,1,vemurafenib
Data34_GSM5022596_GTTTCTAAGGCACATG.1,1,vemurafenib
Data34_GSM5022596_GTTTCTACAATGAAAC.1,1,vemurafenib
Data34_GSM5022596_GTTTCTACACTAAGTC.1,1,vemurafenib
Data34_GSM5022596_GTTTCTACATAAGACA.1,1,vemurafenib
Data34_GSM5022596_GTTTCTACATCGGACC.1,1,vemurafenib
Data34_GSM5022596_GTTTCTAGTCACCCAG.1,1,vemurafenib
Data34_GSM5022596_GTTTCTATCACGACTA.1,1,vemurafenib
Data34_GSM5022596_GTTTCTATCCTCCTAG.1,1,vemurafenib
Data34_GSM5022596_GTTTCTATCGGCGCTA.1,1,vemurafenib
Data34_GSM5022596_TAAACCGAGATCCCGC.1,1,vemurafenib
Data34_GSM5022596_TAAACCGAGCGTGTCC.1,1,vemurafenib
Data34_GSM5022596_TAAACCGCAAAGGCGT.1,1,vemurafenib
Data34_GSM5022596_TAAACCGCAAGGTGTG.1,1,vemurafenib
Data34_GSM5022596_TAAACCGCACACAGAG.1,1,vemurafenib
Data34_GSM5022596_TAAACCGCATTAGGCT.1,1,vemurafenib
Data34_GSM5022596_TAAACCGGTGACGGTA.1,1,vemurafenib
Data34_GSM5022596_TAAACCGGTTATCACG.1,1,vemurafenib
Data34_GSM5022596_TAAACCGTCACGAAGG.1,1,vemurafenib
Data34_GSM5022596_TAAACCGTCCGCTGTT.1,1,vemurafenib
Data34_GSM5022596_TAAACCGTCGGTCTAA.1,1,vemurafenib
Data34_GSM5022596_TAAACCGTCTGGTTCC.1,1,vemurafenib
Data34_GSM5022596_TAAACCGTCTTTACAC.1,1,vemurafenib
Data34_GSM5022596_TAAGAGAAGACTGTAA.1,1,vemurafenib
Data34_GSM5022596_TAAGAGAAGATCGATA.1,1,vemurafenib
Data34_GSM5022596_TAAGAGAAGCTCTCGG.1,1,vemurafenib
Data34_GSM5022596_TAAGAGACAAGGACAC.1,1,vemurafenib
Data34_GSM5022596_TAAGAGACACAGTCGC.1,1,vemurafenib
Data34_GSM5022596_TAAGAGACACCCATGG.1,1,vemurafenib
Data34_GSM5022596_TAAGAGACACCCTATC.1,1,vemurafenib
Data34_GSM5022596_TAAGAGACACCTCGGA.1,1,vemurafenib
Data34_GSM5022596_TAAGAGACAGCGAACA.1,1,vemurafenib
Data34_GSM5022596_TAAGAGACATATGCTG.1,1,vemurafenib
Data34_GSM5022596_TAAGAGAGTACAGTGG.1,1,vemurafenib
Data34_GSM5022596_TAAGAGAGTACTTCTT.1,1,vemurafenib
Data34_GSM5022596_TAAGAGAGTTACCAGT.1,1,vemurafenib
Data34_GSM5022596_TAAGAGATCACAGTAC.1,1,vemurafenib
Data34_GSM5022596_TAAGAGATCCCATTAT.1,1,vemurafenib
Data34_GSM5022596_TAAGAGATCGGTCTAA.1,1,vemurafenib
Data34_GSM5022596_TAAGAGATCGTAGATC.1,1,vemurafenib
Data34_GSM5022596_TAAGCGTAGAAGATTC.1,1,vemurafenib
Data34_GSM5022596_TAAGCGTAGAGCTGGT.1,1,vemurafenib
Data34_GSM5022596_TAAGCGTAGCTCAACT.1,1,vemurafenib
Data34_GSM5022596_TAAGCGTAGGGTTCCC.1,1,vemurafenib
Data34_GSM5022596_TAAGCGTCAAAGGAAG.1,1,vemurafenib
Data34_GSM5022596_TAAGCGTCACGAGGTA.1,1,vemurafenib
Data34_GSM5022596_TAAGCGTCACGGCGTT.1,1,vemurafenib
Data34_GSM5022596_TAAGCGTCACTTGGAT.1,1,vemurafenib
Data34_GSM5022596_TAAGCGTGTCACCTAA.1,1,vemurafenib
Data34_GSM5022596_TAAGCGTGTGGTCCGT.1,1,vemurafenib
Data34_GSM5022596_TAAGCGTTCAGTTTGG.1,1,vemurafenib
Data34_GSM5022596_TAAGCGTTCTGCTGCT.1,1,vemurafenib
Data34_GSM5022596_TAAGCGTTCTTGCAAG.1,1,vemurafenib
Data34_GSM5022596_TAAGTGCAGAGTGAGA.1,1,vemurafenib
Data34_GSM5022596_TAAGTGCAGATCCTGT.1,1,vemurafenib
Data34_GSM5022596_TAAGTGCAGATGCCAG.1,1,vemurafenib
Data34_GSM5022596_TAAGTGCAGCCTCGTG.1,1,vemurafenib
Data34_GSM5022596_TAAGTGCCAAAGGAAG.1,1,vemurafenib
Data34_GSM5022596_TAAGTGCCACATCTTT.1,1,vemurafenib
Data34_GSM5022596_TAAGTGCCAGCAGTTT.1,1,vemurafenib
Data34_GSM5022596_TAAGTGCCATTTGCCC.1,1,vemurafenib
Data34_GSM5022596_TAAGTGCGTAGCTGCC.1,1,vemurafenib
Data34_GSM5022596_TAAGTGCGTCAGGACA.1,1,vemurafenib
Data34_GSM5022596_TAAGTGCGTGGCGAAT.1,1,vemurafenib
Data34_GSM5022596_TAAGTGCTCAGGATCT.1,1,vemurafenib
Data34_GSM5022596_TAAGTGCTCCACGTTC.1,1,vemurafenib
Data34_GSM5022596_TAAGTGCTCGACGGAA.1,1,vemurafenib
Data34_GSM5022596_TAAGTGCTCGTTGACA.1,1,vemurafenib
Data34_GSM5022596_TAAGTGCTCTAGAGTC.1,1,vemurafenib
Data34_GSM5022596_TACACGAAGACTCGGA.1,1,vemurafenib
Data34_GSM5022596_TACACGAAGCACACAG.1,1,vemurafenib
Data34_GSM5022596_TACACGACAAGAAAGG.1,1,vemurafenib
Data34_GSM5022596_TACACGACAAGGCTCC.1,1,vemurafenib
Data34_GSM5022596_TACACGACATACGCCG.1,1,vemurafenib
Data34_GSM5022596_TACACGAGTCCAACTA.1,1,vemurafenib
Data34_GSM5022596_TACACGAGTGTGACCC.1,1,vemurafenib
Data34_GSM5022596_TACACGAGTTGATTGC.1,1,vemurafenib
Data34_GSM5022596_TACACGATCGGGAGTA.1,1,vemurafenib
Data34_GSM5022596_TACACGATCTACCTGC.1,1,vemurafenib
Data34_GSM5022596_TACACGATCTCTGTCG.1,1,vemurafenib
Data34_GSM5022596_TACAGTGAGATACACA.1,1,vemurafenib
Data34_GSM5022596_TACAGTGAGCAGGTCA.1,1,vemurafenib
Data34_GSM5022596_TACAGTGAGCTAAACA.1,1,vemurafenib
Data34_GSM5022596_TACAGTGAGGGAGTAA.1,1,vemurafenib
Data34_GSM5022596_TACAGTGAGTGAAGTT.1,1,vemurafenib
Data34_GSM5022596_TACAGTGAGTGTTGAA.1,1,vemurafenib
Data34_GSM5022596_TACAGTGCAGATTGCT.1,1,vemurafenib
Data34_GSM5022596_TACAGTGCATCGGTTA.1,1,vemurafenib
Data34_GSM5022596_TACAGTGCATGCCTTC.1,1,vemurafenib
Data34_GSM5022596_TACAGTGGTAAGAGGA.1,1,vemurafenib
Data34_GSM5022596_TACAGTGGTAGCAAAT.1,1,vemurafenib
Data34_GSM5022596_TACAGTGGTCATACTG.1,1,vemurafenib
Data34_GSM5022596_TACAGTGGTCCTCCAT.1,1,vemurafenib
Data34_GSM5022596_TACAGTGGTCGCGAAA.1,1,vemurafenib
Data34_GSM5022596_TACAGTGGTCTCTCGT.1,1,vemurafenib
Data34_GSM5022596_TACAGTGGTTTGACAC.1,1,vemurafenib
Data34_GSM5022596_TACAGTGTCACCGTAA.1,1,vemurafenib
Data34_GSM5022596_TACAGTGTCAGTCCCT.1,1,vemurafenib
Data34_GSM5022596_TACAGTGTCCGCATAA.1,1,vemurafenib
Data34_GSM5022596_TACAGTGTCGCCGTGA.1,1,vemurafenib
Data34_GSM5022596_TACAGTGTCGGTGTCG.1,1,vemurafenib
Data34_GSM5022596_TACCTATAGGCGATAC.1,1,vemurafenib
Data34_GSM5022596_TACCTATAGTGGCACA.1,1,vemurafenib
Data34_GSM5022596_TACCTATAGTGTACTC.1,1,vemurafenib
Data34_GSM5022596_TACCTATGTATCACCA.1,1,vemurafenib
Data34_GSM5022596_TACCTATGTCAGAAGC.1,1,vemurafenib
Data34_GSM5022596_TACCTATGTTGGTAAA.1,1,vemurafenib
Data34_GSM5022596_TACCTATTCAAAGTAG.1,1,vemurafenib
Data34_GSM5022596_TACCTTAAGACTAGAT.1,1,vemurafenib
Data34_GSM5022596_TACCTTACACACATGT.1,1,vemurafenib
Data34_GSM5022596_TACCTTACAGCTATTG.1,1,vemurafenib
Data34_GSM5022596_TACCTTACAGGTTTCA.1,1,vemurafenib
Data34_GSM5022596_TACCTTACATACTCTT.1,1,vemurafenib
Data34_GSM5022596_TACCTTAGTACTTGAC.1,1,vemurafenib
Data34_GSM5022596_TACCTTAGTAGATTAG.1,1,vemurafenib
Data34_GSM5022596_TACCTTATCCGCAAGC.1,1,vemurafenib
Data34_GSM5022596_TACCTTATCCTGCAGG.1,1,vemurafenib
Data34_GSM5022596_TACCTTATCGGCTACG.1,1,vemurafenib
Data34_GSM5022596_TACGGATAGAGTGACC.1,1,vemurafenib
Data34_GSM5022596_TACGGATAGTCTCCTC.1,1,vemurafenib
Data34_GSM5022596_TACGGATCAAGCTGTT.1,1,vemurafenib
Data34_GSM5022596_TACGGATCAATACGCT.1,1,vemurafenib
Data34_GSM5022596_TACGGATCAATGTTGC.1,1,vemurafenib
Data34_GSM5022596_TACGGATCACTCAGGC.1,1,vemurafenib
Data34_GSM5022596_TACGGATCAGCCTGTG.1,1,vemurafenib
Data34_GSM5022596_TACGGATCATCCTTGC.1,1,vemurafenib
Data34_GSM5022596_TACGGATCATGGTAGG.1,1,vemurafenib
Data34_GSM5022596_TACGGATGTACGCACC.1,1,vemurafenib
Data34_GSM5022596_TACGGATGTCAGCTAT.1,1,vemurafenib
Data34_GSM5022596_TACGGATGTCGACTGC.1,1,vemurafenib
Data34_GSM5022596_TACGGATGTCTCCACT.1,1,vemurafenib
Data34_GSM5022596_TACGGATGTCTTTCAT.1,1,vemurafenib
Data34_GSM5022596_TACGGATGTGTGACCC.1,1,vemurafenib
Data34_GSM5022596_TACGGATGTGTGGCTC.1,1,vemurafenib
Data34_GSM5022596_TACGGATGTTTAAGCC.1,1,vemurafenib
Data34_GSM5022596_TACGGATGTTTGTGTG.1,1,vemurafenib
Data34_GSM5022596_TACGGATTCCCTTGCA.1,1,vemurafenib
Data34_GSM5022596_TACGGATTCGGCATCG.1,1,vemurafenib
Data34_GSM5022596_TACGGATTCGGCTACG.1,1,vemurafenib
Data34_GSM5022596_TACGGGCAGATGCGAC.1,1,vemurafenib
Data34_GSM5022596_TACGGGCAGTATCTCG.1,1,vemurafenib
Data34_GSM5022596_TACGGGCAGTGTTGAA.1,1,vemurafenib
Data34_GSM5022596_TACGGGCCACGAGGTA.1,1,vemurafenib
Data34_GSM5022596_TACGGGCGTCCAAGTT.1,1,vemurafenib
Data34_GSM5022596_TACGGGCGTGCGATAG.1,1,vemurafenib
Data34_GSM5022596_TACGGGCGTTACAGAA.1,1,vemurafenib
Data34_GSM5022596_TACGGGCGTTTGACTG.1,1,vemurafenib
Data34_GSM5022596_TACGGGCTCAGCCTAA.1,1,vemurafenib
Data34_GSM5022596_TACGGGCTCTGAGTGT.1,1,vemurafenib
Data34_GSM5022596_TACGGGCTCTGTCTCG.1,1,vemurafenib
Data34_GSM5022596_TACGGTAAGGATTCGG.1,1,vemurafenib
Data34_GSM5022596_TACGGTACACGTAAGG.1,1,vemurafenib
Data34_GSM5022596_TACGGTACATCAGTCA.1,1,vemurafenib
Data34_GSM5022596_TACGGTAGTCAATACC.1,1,vemurafenib
Data34_GSM5022596_TACGGTAGTCCGTGAC.1,1,vemurafenib
Data34_GSM5022596_TACGGTAGTTGTACAC.1,1,vemurafenib
Data34_GSM5022596_TACGGTATCAATAAGG.1,1,vemurafenib
Data34_GSM5022596_TACGGTATCCCGACTT.1,1,vemurafenib
Data34_GSM5022596_TACGGTATCCTCATTA.1,1,vemurafenib
Data34_GSM5022596_TACGGTATCTAACTCT.1,1,vemurafenib
Data34_GSM5022596_TACTCATAGATCCGAG.1,1,vemurafenib
Data34_GSM5022596_TACTCATAGGGATCTG.1,1,vemurafenib
Data34_GSM5022596_TACTCATAGTAGGTGC.1,1,vemurafenib
Data34_GSM5022596_TACTCATAGTCATCCA.1,1,vemurafenib
Data34_GSM5022596_TACTCATCAAACGCGA.1,1,vemurafenib
Data34_GSM5022596_TACTCATCAGGATTGG.1,1,vemurafenib
Data34_GSM5022596_TACTCATCATGTCTCC.1,1,vemurafenib
Data34_GSM5022596_TACTCATGTAGCGTGA.1,1,vemurafenib
Data34_GSM5022596_TACTCATGTCAACATC.1,1,vemurafenib
Data34_GSM5022596_TACTCATGTCCGAGTC.1,1,vemurafenib
Data34_GSM5022596_TACTCATGTCTTGCGG.1,1,vemurafenib
Data34_GSM5022596_TACTCATGTGGTCCGT.1,1,vemurafenib
Data34_GSM5022596_TACTCATTCAGGTTCA.1,1,vemurafenib
Data34_GSM5022596_TACTCATTCGTTACGA.1,1,vemurafenib
Data34_GSM5022596_TACTCGCAGACCTAGG.1,1,vemurafenib
Data34_GSM5022596_TACTCGCAGATGTCGG.1,1,vemurafenib
Data34_GSM5022596_TACTCGCAGGCAATTA.1,1,vemurafenib
Data34_GSM5022596_TACTCGCAGTCATCCA.1,1,vemurafenib
Data34_GSM5022596_TACTCGCCAATACGCT.1,1,vemurafenib
Data34_GSM5022596_TACTCGCCAGCTCCGA.1,1,vemurafenib
Data34_GSM5022596_TACTCGCGTACCGCTG.1,1,vemurafenib
Data34_GSM5022596_TACTCGCGTAGGACAC.1,1,vemurafenib
Data34_GSM5022596_TACTCGCGTAGGCTGA.1,1,vemurafenib
Data34_GSM5022596_TACTCGCGTATGCTTG.1,1,vemurafenib
Data34_GSM5022596_TACTCGCGTCTCACCT.1,1,vemurafenib
Data34_GSM5022596_TACTCGCGTGACTCAT.1,1,vemurafenib
Data34_GSM5022596_TACTCGCTCAAAGTAG.1,1,vemurafenib
Data34_GSM5022596_TACTCGCTCATGTGGT.1,1,vemurafenib
Data34_GSM5022596_TACTCGCTCCACGTTC.1,1,vemurafenib
Data34_GSM5022596_TACTCGCTCGTGGACC.1,1,vemurafenib
Data34_GSM5022596_TACTCGCTCTAAGCCA.1,1,vemurafenib
Data34_GSM5022596_TACTCGCTCTGAGGGA.1,1,vemurafenib
Data34_GSM5022596_TACTTACAGACCTAGG.1,1,vemurafenib
Data34_GSM5022596_TACTTACAGAGATGAG.1,1,vemurafenib
Data34_GSM5022596_TACTTACAGATCTGCT.1,1,vemurafenib
Data34_GSM5022596_TACTTACAGCCTTGAT.1,1,vemurafenib
Data34_GSM5022596_TACTTACAGGGTTCCC.1,1,vemurafenib
Data34_GSM5022596_TACTTACAGTGGGATC.1,1,vemurafenib
Data34_GSM5022596_TACTTACAGTTTCCTT.1,1,vemurafenib
Data34_GSM5022596_TACTTACCAAACCTAC.1,1,vemurafenib
Data34_GSM5022596_TACTTACCAGGGTTAG.1,1,vemurafenib
Data34_GSM5022596_TACTTACCATGCGCAC.1,1,vemurafenib
Data34_GSM5022596_TACTTACGTACTCGCG.1,1,vemurafenib
Data34_GSM5022596_TACTTACTCATGTCCC.1,1,vemurafenib
Data34_GSM5022596_TACTTACTCATGTGGT.1,1,vemurafenib
Data34_GSM5022596_TACTTGTAGGACAGAA.1,1,vemurafenib
Data34_GSM5022596_TACTTGTAGGCATGGT.1,1,vemurafenib
Data34_GSM5022596_TACTTGTAGTCCGGTC.1,1,vemurafenib
Data34_GSM5022596_TACTTGTCAAGAAAGG.1,1,vemurafenib
Data34_GSM5022596_TACTTGTCACAAGTAA.1,1,vemurafenib
Data34_GSM5022596_TACTTGTCAGACAAAT.1,1,vemurafenib
Data34_GSM5022596_TACTTGTCAGATGGCA.1,1,vemurafenib
Data34_GSM5022596_TACTTGTCATCCCATC.1,1,vemurafenib
Data34_GSM5022596_TACTTGTGTACAGTGG.1,1,vemurafenib
Data34_GSM5022596_TACTTGTGTAGCAAAT.1,1,vemurafenib
Data34_GSM5022596_TACTTGTGTCTTGTCC.1,1,vemurafenib
Data34_GSM5022596_TACTTGTTCACCACCT.1,1,vemurafenib
Data34_GSM5022596_TACTTGTTCGCAGGCT.1,1,vemurafenib
Data34_GSM5022596_TACTTGTTCGGTCCGA.1,1,vemurafenib
Data34_GSM5022596_TAGACCAAGACCACGA.1,1,vemurafenib
Data34_GSM5022596_TAGACCAAGCAGACTG.1,1,vemurafenib
Data34_GSM5022596_TAGACCAAGCGATATA.1,1,vemurafenib
Data34_GSM5022596_TAGACCAAGGCTCTTA.1,1,vemurafenib
Data34_GSM5022596_TAGACCACACATGTGT.1,1,vemurafenib
Data34_GSM5022596_TAGACCACACATTAGC.1,1,vemurafenib
Data34_GSM5022596_TAGACCACATGGTCAT.1,1,vemurafenib
Data34_GSM5022596_TAGACCAGTCAATACC.1,1,vemurafenib
Data34_GSM5022596_TAGACCAGTCTGCAAT.1,1,vemurafenib
Data34_GSM5022596_TAGACCATCACATGCA.1,1,vemurafenib
Data34_GSM5022596_TAGAGCTAGATCGATA.1,1,vemurafenib
Data34_GSM5022596_TAGAGCTAGATGTTAG.1,1,vemurafenib
Data34_GSM5022596_TAGAGCTAGGGCACTA.1,1,vemurafenib
Data34_GSM5022596_TAGAGCTAGTTAGCGG.1,1,vemurafenib
Data34_GSM5022596_TAGAGCTCAAACCTAC.1,1,vemurafenib
Data34_GSM5022596_TAGAGCTCACAGACAG.1,1,vemurafenib
Data34_GSM5022596_TAGAGCTCACAGAGGT.1,1,vemurafenib
Data34_GSM5022596_TAGAGCTCACATCCAA.1,1,vemurafenib
Data34_GSM5022596_TAGAGCTCAGCCTATA.1,1,vemurafenib
Data34_GSM5022596_TAGAGCTCAGCTCGAC.1,1,vemurafenib
Data34_GSM5022596_TAGAGCTCAGGAATGC.1,1,vemurafenib
Data34_GSM5022596_TAGAGCTCATGCCACG.1,1,vemurafenib
Data34_GSM5022596_TAGAGCTGTAACGACG.1,1,vemurafenib
Data34_GSM5022596_TAGAGCTGTCGCTTCT.1,1,vemurafenib
Data34_GSM5022596_TAGAGCTTCAATACCG.1,1,vemurafenib
Data34_GSM5022596_TAGAGCTTCGCCTGAG.1,1,vemurafenib
Data34_GSM5022596_TAGAGCTTCTGCGTAA.1,1,vemurafenib
Data34_GSM5022596_TAGAGCTTCTTGACGA.1,1,vemurafenib
Data34_GSM5022596_TAGAGCTTCTTGTCAT.1,1,vemurafenib
Data34_GSM5022596_TAGCCGGAGATCACGG.1,1,vemurafenib
Data34_GSM5022596_TAGCCGGAGGAATTAC.1,1,vemurafenib
Data34_GSM5022596_TAGCCGGAGGGCTCTC.1,1,vemurafenib
Data34_GSM5022596_TAGCCGGAGTGAAGAG.1,1,vemurafenib
Data34_GSM5022596_TAGCCGGCAAAGGCGT.1,1,vemurafenib
Data34_GSM5022596_TAGCCGGCACGTAAGG.1,1,vemurafenib
Data34_GSM5022596_TAGCCGGCATATACCG.1,1,vemurafenib
Data34_GSM5022596_TAGCCGGGTGACGCCT.1,1,vemurafenib
Data34_GSM5022596_TAGCCGGGTGCGGTAA.1,1,vemurafenib
Data34_GSM5022596_TAGCCGGGTTCCATGA.1,1,vemurafenib
Data34_GSM5022596_TAGCCGGTCAGTTCGA.1,1,vemurafenib
Data34_GSM5022596_TAGCCGGTCCTCGCAT.1,1,vemurafenib
Data34_GSM5022596_TAGCCGGTCGGACAAG.1,1,vemurafenib
Data34_GSM5022596_TAGCCGGTCGTGGGAA.1,1,vemurafenib
Data34_GSM5022596_TAGCCGGTCTAGCACA.1,1,vemurafenib
Data34_GSM5022596_TAGCCGGTCTGAAAGA.1,1,vemurafenib
Data34_GSM5022596_TAGCCGGTCTGGCGTG.1,1,vemurafenib
Data34_GSM5022596_TAGGCATAGTGAAGTT.1,1,vemurafenib
Data34_GSM5022596_TAGGCATAGTGCCATT.1,1,vemurafenib
Data34_GSM5022596_TAGGCATCACGGTAAG.1,1,vemurafenib
Data34_GSM5022596_TAGGCATCATGCCCGA.1,1,vemurafenib
Data34_GSM5022596_TAGGCATGTAATAGCA.1,1,vemurafenib
Data34_GSM5022596_TAGGCATGTACAGACG.1,1,vemurafenib
Data34_GSM5022596_TAGGCATGTACGCACC.1,1,vemurafenib
Data34_GSM5022596_TAGGCATGTGACTCAT.1,1,vemurafenib
Data34_GSM5022596_TAGGCATTCGCACTCT.1,1,vemurafenib
Data34_GSM5022596_TAGGCATTCTACGAGT.1,1,vemurafenib
Data34_GSM5022596_TAGGCATTCTGACCTC.1,1,vemurafenib
Data34_GSM5022596_TAGGCATTCTGCGACG.1,1,vemurafenib
Data34_GSM5022596_TAGGCATTCTGTCTAT.1,1,vemurafenib
Data34_GSM5022596_TAGTGGTAGGCTACGA.1,1,vemurafenib
Data34_GSM5022596_TAGTGGTAGGCTCTTA.1,1,vemurafenib
Data34_GSM5022596_TAGTGGTAGGTGCTAG.1,1,vemurafenib
Data34_GSM5022596_TAGTGGTCAACTTGAC.1,1,vemurafenib
Data34_GSM5022596_TAGTGGTCAATGAAAC.1,1,vemurafenib
Data34_GSM5022596_TAGTGGTCACACTGCG.1,1,vemurafenib
Data34_GSM5022596_TAGTGGTCACTTAAGC.1,1,vemurafenib
Data34_GSM5022596_TAGTGGTGTGCACGAA.1,1,vemurafenib
Data34_GSM5022596_TAGTGGTGTGCCTGCA.1,1,vemurafenib
Data34_GSM5022596_TAGTGGTGTGTTGAGG.1,1,vemurafenib
Data34_GSM5022596_TAGTGGTGTTGCTCCT.1,1,vemurafenib
Data34_GSM5022596_TAGTGGTTCTCGTTTA.1,1,vemurafenib
Data34_GSM5022596_TAGTTGGAGACTAGGC.1,1,vemurafenib
Data34_GSM5022596_TAGTTGGAGATTACCC.1,1,vemurafenib
Data34_GSM5022596_TAGTTGGAGCAGATCG.1,1,vemurafenib
Data34_GSM5022596_TAGTTGGAGTCCGTAT.1,1,vemurafenib
Data34_GSM5022596_TAGTTGGCAAATCCGT.1,1,vemurafenib
Data34_GSM5022596_TAGTTGGCAACACGCC.1,1,vemurafenib
Data34_GSM5022596_TAGTTGGCACTCGACG.1,1,vemurafenib
Data34_GSM5022596_TAGTTGGGTAAATGAC.1,1,vemurafenib
Data34_GSM5022596_TAGTTGGTCGGAGCAA.1,1,vemurafenib
Data34_GSM5022596_TAGTTGGTCGGCGGTT.1,1,vemurafenib
Data34_GSM5022596_TAGTTGGTCTTAACCT.1,1,vemurafenib
Data34_GSM5022596_TATCAGGAGCCGCCTA.1,1,vemurafenib
Data34_GSM5022596_TATCAGGAGGACTGGT.1,1,vemurafenib
Data34_GSM5022596_TATCAGGAGGGCACTA.1,1,vemurafenib
Data34_GSM5022596_TATCAGGAGGTGATTA.1,1,vemurafenib
Data34_GSM5022596_TATCAGGCAATGCCAT.1,1,vemurafenib
Data34_GSM5022596_TATCAGGCACTAAGTC.1,1,vemurafenib
Data34_GSM5022596_TATCAGGCAGCTGTAT.1,1,vemurafenib
Data34_GSM5022596_TATCAGGCATCTCCCA.1,1,vemurafenib
Data34_GSM5022596_TATCAGGGTACCAGTT.1,1,vemurafenib
Data34_GSM5022596_TATCAGGGTACGACCC.1,1,vemurafenib
Data34_GSM5022596_TATCAGGGTGCCTGCA.1,1,vemurafenib
Data34_GSM5022596_TATCAGGTCAGCTGGC.1,1,vemurafenib
Data34_GSM5022596_TATCAGGTCATGTCCC.1,1,vemurafenib
Data34_GSM5022596_TATCAGGTCCTGCTTG.1,1,vemurafenib
Data34_GSM5022596_TATCAGGTCGGAGGTA.1,1,vemurafenib
Data34_GSM5022596_TATCAGGTCTATGTGG.1,1,vemurafenib
Data34_GSM5022596_TATCTCAAGACACTAA.1,1,vemurafenib
Data34_GSM5022596_TATCTCAAGCTAGTCT.1,1,vemurafenib
Data34_GSM5022596_TATCTCACACAACGCC.1,1,vemurafenib
Data34_GSM5022596_TATCTCACACAGGCCT.1,1,vemurafenib
Data34_GSM5022596_TATCTCACACCCTATC.1,1,vemurafenib
Data34_GSM5022596_TATCTCACAGCTGTTA.1,1,vemurafenib
Data34_GSM5022596_TATCTCAGTACCATCA.1,1,vemurafenib
Data34_GSM5022596_TATCTCAGTCAATACC.1,1,vemurafenib
Data34_GSM5022596_TATCTCAGTGCTAGCC.1,1,vemurafenib
Data34_GSM5022596_TATCTCAGTTTAAGCC.1,1,vemurafenib
Data34_GSM5022596_TATCTCAGTTTCCACC.1,1,vemurafenib
Data34_GSM5022596_TATCTCATCAGAGCTT.1,1,vemurafenib
Data34_GSM5022596_TATCTCATCCATTCTA.1,1,vemurafenib
Data34_GSM5022596_TATCTCATCCTTTCTC.1,1,vemurafenib
Data34_GSM5022596_TATCTCATCGCAAACT.1,1,vemurafenib
Data34_GSM5022596_TATCTCATCGCTTGTC.1,1,vemurafenib
Data34_GSM5022596_TATCTCATCTGTCAAG.1,1,vemurafenib
Data34_GSM5022596_TATCTCATCTGTTTGT.1,1,vemurafenib
Data34_GSM5022596_TATGCCCAGGCAGGTT.1,1,vemurafenib
Data34_GSM5022596_TATGCCCAGTATTGGA.1,1,vemurafenib
Data34_GSM5022596_TATGCCCAGTTATCGC.1,1,vemurafenib
Data34_GSM5022596_TATGCCCAGTTGAGTA.1,1,vemurafenib
Data34_GSM5022596_TATGCCCCAAGGACTG.1,1,vemurafenib
Data34_GSM5022596_TATGCCCCACCTCGTT.1,1,vemurafenib
Data34_GSM5022596_TATGCCCGTAGCGTAG.1,1,vemurafenib
Data34_GSM5022596_TATGCCCGTAGGCTGA.1,1,vemurafenib
Data34_GSM5022596_TATGCCCTCCTGTAGA.1,1,vemurafenib
Data34_GSM5022596_TATGCCCTCGCCATAA.1,1,vemurafenib
Data34_GSM5022596_TATGCCCTCGTTTGCC.1,1,vemurafenib
Data34_GSM5022596_TATTACCAGCCATCGC.1,1,vemurafenib
Data34_GSM5022596_TATTACCAGGCAAAGA.1,1,vemurafenib
Data34_GSM5022596_TATTACCAGTTGTAGA.1,1,vemurafenib
Data34_GSM5022596_TATTACCCAAGGTTCT.1,1,vemurafenib
Data34_GSM5022596_TATTACCCAGGAATGC.1,1,vemurafenib
Data34_GSM5022596_TATTACCCATACTACG.1,1,vemurafenib
Data34_GSM5022596_TATTACCCATCCGGGT.1,1,vemurafenib
Data34_GSM5022596_TATTACCGTCTGCGGT.1,1,vemurafenib
Data34_GSM5022596_TATTACCGTTCCGTCT.1,1,vemurafenib
Data34_GSM5022596_TATTACCTCAGGATCT.1,1,vemurafenib
Data34_GSM5022596_TATTACCTCGGCTTGG.1,1,vemurafenib
Data34_GSM5022596_TCAACGAAGACTCGGA.1,1,vemurafenib
Data34_GSM5022596_TCAACGAAGATGTGGC.1,1,vemurafenib
Data34_GSM5022596_TCAACGAAGTGTTAGA.1,1,vemurafenib
Data34_GSM5022596_TCAACGACAAACTGTC.1,1,vemurafenib
Data34_GSM5022596_TCAACGACAGTCTTCC.1,1,vemurafenib
Data34_GSM5022596_TCAACGAGTAGGAGTC.1,1,vemurafenib
Data34_GSM5022596_TCAACGAGTAGTAGTA.1,1,vemurafenib
Data34_GSM5022596_TCAACGAGTCAATACC.1,1,vemurafenib
Data34_GSM5022596_TCAACGAGTCTCACCT.1,1,vemurafenib
Data34_GSM5022596_TCAACGAGTTCAACCA.1,1,vemurafenib
Data34_GSM5022596_TCAACGAGTTTCCACC.1,1,vemurafenib
Data34_GSM5022596_TCAACGATCAAGCCTA.1,1,vemurafenib
Data34_GSM5022596_TCAACGATCAGTGTTG.1,1,vemurafenib
Data34_GSM5022596_TCAACGATCCGGGTGT.1,1,vemurafenib
Data34_GSM5022596_TCAACGATCGGGAGTA.1,1,vemurafenib
Data34_GSM5022596_TCAATCTAGACACTAA.1,1,vemurafenib
Data34_GSM5022596_TCAATCTAGATATGCA.1,1,vemurafenib
Data34_GSM5022596_TCAATCTAGGACGAAA.1,1,vemurafenib
Data34_GSM5022596_TCAATCTAGGTTCCTA.1,1,vemurafenib
Data34_GSM5022596_TCAATCTAGTACACCT.1,1,vemurafenib
Data34_GSM5022596_TCAATCTCAGCTCCGA.1,1,vemurafenib
Data34_GSM5022596_TCAATCTCATCGGGTC.1,1,vemurafenib
Data34_GSM5022596_TCAATCTCATCGTCGG.1,1,vemurafenib
Data34_GSM5022596_TCAATCTGTACATCCA.1,1,vemurafenib
Data34_GSM5022596_TCAATCTGTAGCAAAT.1,1,vemurafenib
Data34_GSM5022596_TCAATCTGTAGCCTCG.1,1,vemurafenib
Data34_GSM5022596_TCAATCTGTCAAAGCG.1,1,vemurafenib
Data34_GSM5022596_TCAATCTGTCTGCAAT.1,1,vemurafenib
Data34_GSM5022596_TCAATCTGTCTTCAAG.1,1,vemurafenib
Data34_GSM5022596_TCAATCTGTGAGTATA.1,1,vemurafenib
Data34_GSM5022596_TCAATCTGTTCAACCA.1,1,vemurafenib
Data34_GSM5022596_TCAATCTGTTCTGTTT.1,1,vemurafenib
Data34_GSM5022596_TCAATCTGTTGACGTT.1,1,vemurafenib
Data34_GSM5022596_TCAATCTGTTGGTGGA.1,1,vemurafenib
Data34_GSM5022596_TCAATCTGTTTCCACC.1,1,vemurafenib
Data34_GSM5022596_TCAATCTTCAAGATCC.1,1,vemurafenib
Data34_GSM5022596_TCAATCTTCAGAGACG.1,1,vemurafenib
Data34_GSM5022596_TCAATCTTCAGTCCCT.1,1,vemurafenib
Data34_GSM5022596_TCAATCTTCATGTGGT.1,1,vemurafenib
Data34_GSM5022596_TCAATCTTCATTCACT.1,1,vemurafenib
Data34_GSM5022596_TCAATCTTCCGAATGT.1,1,vemurafenib
Data34_GSM5022596_TCAATCTTCCGGGTGT.1,1,vemurafenib
Data34_GSM5022596_TCAATCTTCGGCTTGG.1,1,vemurafenib
Data34_GSM5022596_TCACAAGAGGCCCGTT.1,1,vemurafenib
Data34_GSM5022596_TCACAAGAGTCCGGTC.1,1,vemurafenib
Data34_GSM5022596_TCACAAGAGTGCCAGA.1,1,vemurafenib
Data34_GSM5022596_TCACAAGCACCATGTA.1,1,vemurafenib
Data34_GSM5022596_TCACAAGGTAATTGGA.1,1,vemurafenib
Data34_GSM5022596_TCACAAGGTAGCTAAA.1,1,vemurafenib
Data34_GSM5022596_TCACAAGGTGTCAATC.1,1,vemurafenib
Data34_GSM5022596_TCACAAGGTGTCCTCT.1,1,vemurafenib
Data34_GSM5022596_TCACAAGGTTCATGGT.1,1,vemurafenib
Data34_GSM5022596_TCACAAGTCCTGCTTG.1,1,vemurafenib
Data34_GSM5022596_TCACAAGTCGCCTGAG.1,1,vemurafenib
Data34_GSM5022596_TCACAAGTCTCTGTCG.1,1,vemurafenib
Data34_GSM5022596_TCACGAAAGATGAGAG.1,1,vemurafenib
Data34_GSM5022596_TCACGAACAAGTTGTC.1,1,vemurafenib
Data34_GSM5022596_TCACGAACACGAAATA.1,1,vemurafenib
Data34_GSM5022596_TCACGAAGTAAGGGCT.1,1,vemurafenib
Data34_GSM5022596_TCACGAAGTCATCCCT.1,1,vemurafenib
Data34_GSM5022596_TCACGAAGTGGTACAG.1,1,vemurafenib
Data34_GSM5022596_TCACGAAGTTGGGACA.1,1,vemurafenib
Data34_GSM5022596_TCACGAAGTTTGTGTG.1,1,vemurafenib
Data34_GSM5022596_TCACGAATCAAACCAC.1,1,vemurafenib
Data34_GSM5022596_TCACGAATCACCATAG.1,1,vemurafenib
Data34_GSM5022596_TCACGAATCATCTGTT.1,1,vemurafenib
Data34_GSM5022596_TCACGAATCCGTAGGC.1,1,vemurafenib
Data34_GSM5022596_TCACGAATCTTTCCTC.1,1,vemurafenib
Data34_GSM5022596_TCAGATGAGACGCACA.1,1,vemurafenib
Data34_GSM5022596_TCAGATGAGACTACAA.1,1,vemurafenib
Data34_GSM5022596_TCAGATGCACATTAGC.1,1,vemurafenib
Data34_GSM5022596_TCAGATGCACCTATCC.1,1,vemurafenib
Data34_GSM5022596_TCAGATGCAGCTGCAC.1,1,vemurafenib
Data34_GSM5022596_TCAGATGCAGTCCTTC.1,1,vemurafenib
Data34_GSM5022596_TCAGATGCATCCTTGC.1,1,vemurafenib
Data34_GSM5022596_TCAGATGGTAAGCACG.1,1,vemurafenib
Data34_GSM5022596_TCAGATGGTCTCCCTA.1,1,vemurafenib
Data34_GSM5022596_TCAGATGTCATGCAAC.1,1,vemurafenib
Data34_GSM5022596_TCAGATGTCGCATGAT.1,1,vemurafenib
Data34_GSM5022596_TCAGCAAAGAGAGCTC.1,1,vemurafenib
Data34_GSM5022596_TCAGCAAAGGGCTTGA.1,1,vemurafenib
Data34_GSM5022596_TCAGCAACACCTATCC.1,1,vemurafenib
Data34_GSM5022596_TCAGCAACAGTACACT.1,1,vemurafenib
Data34_GSM5022596_TCAGCAACATTATCTC.1,1,vemurafenib
Data34_GSM5022596_TCAGCAAGTACCGTAT.1,1,vemurafenib
Data34_GSM5022596_TCAGCAAGTAGCTGCC.1,1,vemurafenib
Data34_GSM5022596_TCAGCAAGTCGACTGC.1,1,vemurafenib
Data34_GSM5022596_TCAGCAAGTCTAGAGG.1,1,vemurafenib
Data34_GSM5022596_TCAGCAATCATACGGT.1,1,vemurafenib
Data34_GSM5022596_TCAGCAATCATGTGGT.1,1,vemurafenib
Data34_GSM5022596_TCAGCAATCGCCGTGA.1,1,vemurafenib
Data34_GSM5022596_TCAGCTCAGACGCTTT.1,1,vemurafenib
Data34_GSM5022596_TCAGCTCAGCGCCTTG.1,1,vemurafenib
Data34_GSM5022596_TCAGCTCCAAACTGTC.1,1,vemurafenib
Data34_GSM5022596_TCAGCTCCAAGTCTAC.1,1,vemurafenib
Data34_GSM5022596_TCAGCTCCACCGCTAG.1,1,vemurafenib
Data34_GSM5022596_TCAGCTCCACGTAAGG.1,1,vemurafenib
Data34_GSM5022596_TCAGCTCCAGCCACCA.1,1,vemurafenib
Data34_GSM5022596_TCAGCTCCATTTCAGG.1,1,vemurafenib
Data34_GSM5022596_TCAGCTCGTAAACCTC.1,1,vemurafenib
Data34_GSM5022596_TCAGCTCGTATCACCA.1,1,vemurafenib
Data34_GSM5022596_TCAGCTCGTCAAGCGA.1,1,vemurafenib
Data34_GSM5022596_TCAGCTCGTCACTTCC.1,1,vemurafenib
Data34_GSM5022596_TCAGCTCGTCCAGTTA.1,1,vemurafenib
Data34_GSM5022596_TCAGCTCGTCTAGTGT.1,1,vemurafenib
Data34_GSM5022596_TCAGCTCGTCTCCCTA.1,1,vemurafenib
Data34_GSM5022596_TCAGCTCGTGATGATA.1,1,vemurafenib
Data34_GSM5022596_TCAGCTCGTTCGCTAA.1,1,vemurafenib
Data34_GSM5022596_TCAGGATAGGCGACAT.1,1,vemurafenib
Data34_GSM5022596_TCAGGATCAAGTTAAG.1,1,vemurafenib
Data34_GSM5022596_TCAGGATCACACTGCG.1,1,vemurafenib
Data34_GSM5022596_TCAGGATCACGAGAGT.1,1,vemurafenib
Data34_GSM5022596_TCAGGATCATGAAGTA.1,1,vemurafenib
Data34_GSM5022596_TCAGGATGTCCGTTAA.1,1,vemurafenib
Data34_GSM5022596_TCAGGATGTCGACTGC.1,1,vemurafenib
Data34_GSM5022596_TCAGGATGTTCTGTTT.1,1,vemurafenib
Data34_GSM5022596_TCAGGATTCAACTCTT.1,1,vemurafenib
Data34_GSM5022596_TCAGGATTCACCCGAG.1,1,vemurafenib
Data34_GSM5022596_TCAGGATTCCCAGGTG.1,1,vemurafenib
Data34_GSM5022596_TCAGGATTCCGGCACA.1,1,vemurafenib
Data34_GSM5022596_TCAGGTAAGACAATAC.1,1,vemurafenib
Data34_GSM5022596_TCAGGTAAGCTAGTTC.1,1,vemurafenib
Data34_GSM5022596_TCAGGTACAAGACACG.1,1,vemurafenib
Data34_GSM5022596_TCAGGTACAAGCGCTC.1,1,vemurafenib
Data34_GSM5022596_TCAGGTACAAGTACCT.1,1,vemurafenib
Data34_GSM5022596_TCAGGTACAATGAAAC.1,1,vemurafenib
Data34_GSM5022596_TCAGGTAGTAAACACA.1,1,vemurafenib
Data34_GSM5022596_TCAGGTAGTAAGAGGA.1,1,vemurafenib
Data34_GSM5022596_TCAGGTAGTCTTCGTC.1,1,vemurafenib
Data34_GSM5022596_TCAGGTAGTGATGATA.1,1,vemurafenib
Data34_GSM5022596_TCAGGTATCAAGCCTA.1,1,vemurafenib
Data34_GSM5022596_TCAGGTATCCGTCATC.1,1,vemurafenib
Data34_GSM5022596_TCAGGTATCGGAAACG.1,1,vemurafenib
Data34_GSM5022596_TCATTACAGCCAGTTT.1,1,vemurafenib
Data34_GSM5022596_TCATTACAGCGATAGC.1,1,vemurafenib
Data34_GSM5022596_TCATTACAGCTGCAAG.1,1,vemurafenib
Data34_GSM5022596_TCATTACCAAAGGTGC.1,1,vemurafenib
Data34_GSM5022596_TCATTACCAAGACACG.1,1,vemurafenib
Data34_GSM5022596_TCATTACCACCGAATT.1,1,vemurafenib
Data34_GSM5022596_TCATTACCACGGTTTA.1,1,vemurafenib
Data34_GSM5022596_TCATTACCATACGCCG.1,1,vemurafenib
Data34_GSM5022596_TCATTACTCAAAGACA.1,1,vemurafenib
Data34_GSM5022596_TCATTACTCAACACGT.1,1,vemurafenib
Data34_GSM5022596_TCATTTGAGAACAATC.1,1,vemurafenib
Data34_GSM5022596_TCATTTGAGATAGGAG.1,1,vemurafenib
Data34_GSM5022596_TCATTTGAGATCCCAT.1,1,vemurafenib
Data34_GSM5022596_TCATTTGAGCTACCGC.1,1,vemurafenib
Data34_GSM5022596_TCATTTGAGGAATTAC.1,1,vemurafenib
Data34_GSM5022596_TCATTTGAGGATTCGG.1,1,vemurafenib
Data34_GSM5022596_TCATTTGCACATTTCT.1,1,vemurafenib
Data34_GSM5022596_TCATTTGGTAGCTGCC.1,1,vemurafenib
Data34_GSM5022596_TCATTTGGTCGAACAG.1,1,vemurafenib
Data34_GSM5022596_TCATTTGGTCGAGATG.1,1,vemurafenib
Data34_GSM5022596_TCATTTGGTCGCATAT.1,1,vemurafenib
Data34_GSM5022596_TCATTTGGTCTAACGT.1,1,vemurafenib
Data34_GSM5022596_TCATTTGTCATGTCCC.1,1,vemurafenib
Data34_GSM5022596_TCATTTGTCCGATATG.1,1,vemurafenib
Data34_GSM5022596_TCATTTGTCTACTATC.1,1,vemurafenib
Data34_GSM5022596_TCATTTGTCTCAAACG.1,1,vemurafenib
Data34_GSM5022596_TCATTTGTCTCGAGTA.1,1,vemurafenib
Data34_GSM5022596_TCCACACAGAACAATC.1,1,vemurafenib
Data34_GSM5022596_TCCACACAGAATGTGT.1,1,vemurafenib
Data34_GSM5022596_TCCACACAGATCCGAG.1,1,vemurafenib
Data34_GSM5022596_TCCACACAGGCTCTTA.1,1,vemurafenib
Data34_GSM5022596_TCCACACCACATCCGG.1,1,vemurafenib
Data34_GSM5022596_TCCACACCACATGGGA.1,1,vemurafenib
Data34_GSM5022596_TCCACACCACTTACGA.1,1,vemurafenib
Data34_GSM5022596_TCCACACCATCCGGGT.1,1,vemurafenib
Data34_GSM5022596_TCCACACCATGAACCT.1,1,vemurafenib
Data34_GSM5022596_TCCACACGTAGAAGGA.1,1,vemurafenib
Data34_GSM5022596_TCCACACGTCCGACGT.1,1,vemurafenib
Data34_GSM5022596_TCCACACGTCCGCTGA.1,1,vemurafenib
Data34_GSM5022596_TCCACACGTCGCGTGT.1,1,vemurafenib
Data34_GSM5022596_TCCACACGTGAGTGAC.1,1,vemurafenib
Data34_GSM5022596_TCCACACGTGGCAAAC.1,1,vemurafenib
Data34_GSM5022596_TCCACACGTTCGTGAT.1,1,vemurafenib
Data34_GSM5022596_TCCACACTCACCCTCA.1,1,vemurafenib
Data34_GSM5022596_TCCACACTCGTCCGTT.1,1,vemurafenib
Data34_GSM5022596_TCCACACTCTCGATGA.1,1,vemurafenib
Data34_GSM5022596_TCCACACTCTGGCGTG.1,1,vemurafenib
Data34_GSM5022596_TCCCGATAGCCAGGAT.1,1,vemurafenib
Data34_GSM5022596_TCCCGATAGCCATCGC.1,1,vemurafenib
Data34_GSM5022596_TCCCGATAGGACGAAA.1,1,vemurafenib
Data34_GSM5022596_TCCCGATAGGCTCAGA.1,1,vemurafenib
Data34_GSM5022596_TCCCGATAGGTGGGTT.1,1,vemurafenib
Data34_GSM5022596_TCCCGATAGTCGTTTG.1,1,vemurafenib
Data34_GSM5022596_TCCCGATAGTGTACTC.1,1,vemurafenib
Data34_GSM5022596_TCCCGATCACCACCAG.1,1,vemurafenib
Data34_GSM5022596_TCCCGATCACCGAATT.1,1,vemurafenib
Data34_GSM5022596_TCCCGATCACGGACAA.1,1,vemurafenib
Data34_GSM5022596_TCCCGATCAGAAGCAC.1,1,vemurafenib
Data34_GSM5022596_TCCCGATCAGTCAGCC.1,1,vemurafenib
Data34_GSM5022596_TCCCGATGTCCGCTGA.1,1,vemurafenib
Data34_GSM5022596_TCCCGATGTGTGGCTC.1,1,vemurafenib
Data34_GSM5022596_TCCCGATTCGCCCTTA.1,1,vemurafenib
Data34_GSM5022596_TCCCGATTCGTGTAGT.1,1,vemurafenib
Data34_GSM5022596_TCGAGGCAGCTCTCGG.1,1,vemurafenib
Data34_GSM5022596_TCGAGGCCAATAGCGG.1,1,vemurafenib
Data34_GSM5022596_TCGAGGCCAATCGGTT.1,1,vemurafenib
Data34_GSM5022596_TCGAGGCCACCGGAAA.1,1,vemurafenib
Data34_GSM5022596_TCGAGGCGTACATCCA.1,1,vemurafenib
Data34_GSM5022596_TCGAGGCGTGTAACGG.1,1,vemurafenib
Data34_GSM5022596_TCGAGGCTCCATGAGT.1,1,vemurafenib
Data34_GSM5022596_TCGCGAGAGCCCGAAA.1,1,vemurafenib
Data34_GSM5022596_TCGCGAGAGTAATCCC.1,1,vemurafenib
Data34_GSM5022596_TCGCGAGAGTGAACGC.1,1,vemurafenib
Data34_GSM5022596_TCGCGAGCAGGCGATA.1,1,vemurafenib
Data34_GSM5022596_TCGCGAGGTCCAGTGC.1,1,vemurafenib
Data34_GSM5022596_TCGCGAGGTCCGTTAA.1,1,vemurafenib
Data34_GSM5022596_TCGCGAGTCGCAAGCC.1,1,vemurafenib
Data34_GSM5022596_TCGCGAGTCTGGTATG.1,1,vemurafenib
Data34_GSM5022596_TCGCGTTAGAAGATTC.1,1,vemurafenib
Data34_GSM5022596_TCGCGTTAGGCACATG.1,1,vemurafenib
Data34_GSM5022596_TCGCGTTAGGCTAGCA.1,1,vemurafenib
Data34_GSM5022596_TCGCGTTCAAACGTGG.1,1,vemurafenib
Data34_GSM5022596_TCGCGTTCACGGACAA.1,1,vemurafenib
Data34_GSM5022596_TCGCGTTCACTACAGT.1,1,vemurafenib
Data34_GSM5022596_TCGCGTTCATCTCCCA.1,1,vemurafenib
Data34_GSM5022596_TCGCGTTCATGGTCTA.1,1,vemurafenib
Data34_GSM5022596_TCGCGTTGTCAGCTAT.1,1,vemurafenib
Data34_GSM5022596_TCGCGTTGTGTGAAAT.1,1,vemurafenib
Data34_GSM5022596_TCGCGTTGTGTTCGAT.1,1,vemurafenib
Data34_GSM5022596_TCGCGTTGTTGCCTCT.1,1,vemurafenib
Data34_GSM5022596_TCGCGTTTCATTGCCC.1,1,vemurafenib
Data34_GSM5022596_TCGCGTTTCCAGAGGA.1,1,vemurafenib
Data34_GSM5022596_TCGCGTTTCGGACAAG.1,1,vemurafenib
Data34_GSM5022596_TCGGGACAGCGTGAAC.1,1,vemurafenib
Data34_GSM5022596_TCGGGACAGGGAAACA.1,1,vemurafenib
Data34_GSM5022596_TCGGGACAGGGATGGG.1,1,vemurafenib
Data34_GSM5022596_TCGGGACAGGTCATCT.1,1,vemurafenib
Data34_GSM5022596_TCGGGACAGTCGATAA.1,1,vemurafenib
Data34_GSM5022596_TCGGGACAGTGTCCAT.1,1,vemurafenib
Data34_GSM5022596_TCGGGACAGTTAACGA.1,1,vemurafenib
Data34_GSM5022596_TCGGGACCACAGCCCA.1,1,vemurafenib
Data34_GSM5022596_TCGGGACCACGGCCAT.1,1,vemurafenib
Data34_GSM5022596_TCGGGACCATGGGAAC.1,1,vemurafenib
Data34_GSM5022596_TCGGGACGTCAAAGAT.1,1,vemurafenib
Data34_GSM5022596_TCGGGACGTCTCCACT.1,1,vemurafenib
Data34_GSM5022596_TCGGGACGTGAGGGTT.1,1,vemurafenib
Data34_GSM5022596_TCGGGACGTGCTGTAT.1,1,vemurafenib
Data34_GSM5022596_TCGGGACGTTAAGAAC.1,1,vemurafenib
Data34_GSM5022596_TCGGGACTCGGTCTAA.1,1,vemurafenib
Data34_GSM5022596_TCGGTAAAGTCAAGCG.1,1,vemurafenib
Data34_GSM5022596_TCGGTAAAGTTCCACA.1,1,vemurafenib
Data34_GSM5022596_TCGGTAACACAACTGT.1,1,vemurafenib
Data34_GSM5022596_TCGGTAACACAGACAG.1,1,vemurafenib
Data34_GSM5022596_TCGGTAACATCCAACA.1,1,vemurafenib
Data34_GSM5022596_TCGGTAACATTGGTAC.1,1,vemurafenib
Data34_GSM5022596_TCGGTAAGTAATCACC.1,1,vemurafenib
Data34_GSM5022596_TCGGTAAGTACATGTC.1,1,vemurafenib
Data34_GSM5022596_TCGGTAAGTACCGAGA.1,1,vemurafenib
Data34_GSM5022596_TCGGTAAGTGGTAACG.1,1,vemurafenib
Data34_GSM5022596_TCGGTAAGTTGGGACA.1,1,vemurafenib
Data34_GSM5022596_TCGGTAATCCACGTTC.1,1,vemurafenib
Data34_GSM5022596_TCGGTAATCGCCAAAT.1,1,vemurafenib
Data34_GSM5022596_TCGGTAATCGGCGCAT.1,1,vemurafenib
Data34_GSM5022596_TCGGTAATCTGCGGCA.1,1,vemurafenib
Data34_GSM5022596_TCGTACCAGCGTTTAC.1,1,vemurafenib
Data34_GSM5022596_TCGTACCAGTGGAGTC.1,1,vemurafenib
Data34_GSM5022596_TCGTACCCAATCAGAA.1,1,vemurafenib
Data34_GSM5022596_TCGTACCCAATCGGTT.1,1,vemurafenib
Data34_GSM5022596_TCGTACCCACAGGCCT.1,1,vemurafenib
Data34_GSM5022596_TCGTACCCACCTGGTG.1,1,vemurafenib
Data34_GSM5022596_TCGTACCCAGACGTAG.1,1,vemurafenib
Data34_GSM5022596_TCGTACCCATACGCTA.1,1,vemurafenib
Data34_GSM5022596_TCGTACCGTCAAAGCG.1,1,vemurafenib
Data34_GSM5022596_TCGTACCGTCCGAATT.1,1,vemurafenib
Data34_GSM5022596_TCGTACCGTGGCGAAT.1,1,vemurafenib
Data34_GSM5022596_TCGTACCGTTATCCGA.1,1,vemurafenib
Data34_GSM5022596_TCGTACCGTTCCAACA.1,1,vemurafenib
Data34_GSM5022596_TCGTACCGTTCGTGAT.1,1,vemurafenib
Data34_GSM5022596_TCGTACCTCAACGAAA.1,1,vemurafenib
Data34_GSM5022596_TCGTACCTCACTTATC.1,1,vemurafenib
Data34_GSM5022596_TCGTACCTCCAAACAC.1,1,vemurafenib
Data34_GSM5022596_TCGTACCTCCACGTTC.1,1,vemurafenib
Data34_GSM5022596_TCGTACCTCCTTCAAT.1,1,vemurafenib
Data34_GSM5022596_TCGTACCTCTCTAAGG.1,1,vemurafenib
Data34_GSM5022596_TCGTACCTCTGACCTC.1,1,vemurafenib
Data34_GSM5022596_TCGTAGAAGACAAGCC.1,1,vemurafenib
Data34_GSM5022596_TCGTAGAAGACAGAGA.1,1,vemurafenib
Data34_GSM5022596_TCGTAGAAGAGTCTGG.1,1,vemurafenib
Data34_GSM5022596_TCGTAGAAGTGTGAAT.1,1,vemurafenib
Data34_GSM5022596_TCGTAGAAGTGTGGCA.1,1,vemurafenib
Data34_GSM5022596_TCGTAGACAACTTGAC.1,1,vemurafenib
Data34_GSM5022596_TCGTAGACAAGCTGAG.1,1,vemurafenib
Data34_GSM5022596_TCGTAGACAAGGCTCC.1,1,vemurafenib
Data34_GSM5022596_TCGTAGACAGCTTCGG.1,1,vemurafenib
Data34_GSM5022596_TCGTAGAGTACAAGTA.1,1,vemurafenib
Data34_GSM5022596_TCGTAGAGTACGCACC.1,1,vemurafenib
Data34_GSM5022596_TCGTAGAGTACTCAAC.1,1,vemurafenib
Data34_GSM5022596_TCGTAGAGTACTTAGC.1,1,vemurafenib
Data34_GSM5022596_TCGTAGAGTAGCGATG.1,1,vemurafenib
Data34_GSM5022596_TCGTAGAGTAGCTTGT.1,1,vemurafenib
Data34_GSM5022596_TCGTAGAGTATGGTTC.1,1,vemurafenib
Data34_GSM5022596_TCGTAGAGTCAAACTC.1,1,vemurafenib
Data34_GSM5022596_TCGTAGAGTCATGCCG.1,1,vemurafenib
Data34_GSM5022596_TCGTAGAGTCTTCTCG.1,1,vemurafenib
Data34_GSM5022596_TCGTAGATCAAGGCTT.1,1,vemurafenib
Data34_GSM5022596_TCGTAGATCAATAAGG.1,1,vemurafenib
Data34_GSM5022596_TCGTAGATCATGTCCC.1,1,vemurafenib
Data34_GSM5022596_TCGTAGATCCTCATTA.1,1,vemurafenib
Data34_GSM5022596_TCGTAGATCGAATCCA.1,1,vemurafenib
Data34_GSM5022596_TCTATTGAGAACTCGG.1,1,vemurafenib
Data34_GSM5022596_TCTATTGCACTCAGGC.1,1,vemurafenib
Data34_GSM5022596_TCTATTGCACTGAAGG.1,1,vemurafenib
Data34_GSM5022596_TCTATTGCAGCTGGCT.1,1,vemurafenib
Data34_GSM5022596_TCTATTGCAGGTCTCG.1,1,vemurafenib
Data34_GSM5022596_TCTATTGGTATCAGTC.1,1,vemurafenib
Data34_GSM5022596_TCTATTGGTCGACTGC.1,1,vemurafenib
Data34_GSM5022596_TCTATTGGTCTGGTCG.1,1,vemurafenib
Data34_GSM5022596_TCTATTGGTGGTCCGT.1,1,vemurafenib
Data34_GSM5022596_TCTATTGTCAGCTCTC.1,1,vemurafenib
Data34_GSM5022596_TCTATTGTCATTGCGA.1,1,vemurafenib
Data34_GSM5022596_TCTATTGTCCAATGGT.1,1,vemurafenib
Data34_GSM5022596_TCTATTGTCCGTTGTC.1,1,vemurafenib
Data34_GSM5022596_TCTATTGTCGAATCCA.1,1,vemurafenib
Data34_GSM5022596_TCTCATAAGAACAATC.1,1,vemurafenib
Data34_GSM5022596_TCTCATACAGACGTAG.1,1,vemurafenib
Data34_GSM5022596_TCTCATACAGGTGCCT.1,1,vemurafenib
Data34_GSM5022596_TCTCATACATAGGATA.1,1,vemurafenib
Data34_GSM5022596_TCTCATAGTATGAATG.1,1,vemurafenib
Data34_GSM5022596_TCTCATAGTCATTAGC.1,1,vemurafenib
Data34_GSM5022596_TCTCATAGTCCAACTA.1,1,vemurafenib
Data34_GSM5022596_TCTCATAGTCGCGGTT.1,1,vemurafenib
Data34_GSM5022596_TCTCATAGTCGCTTCT.1,1,vemurafenib
Data34_GSM5022596_TCTCATAGTTAAGAAC.1,1,vemurafenib
Data34_GSM5022596_TCTCATAGTTATGCGT.1,1,vemurafenib
Data34_GSM5022596_TCTCATATCACTGGGC.1,1,vemurafenib
Data34_GSM5022596_TCTCATATCAGTACGT.1,1,vemurafenib
Data34_GSM5022596_TCTCATATCCAGGGCT.1,1,vemurafenib
Data34_GSM5022596_TCTCATATCGGTCCGA.1,1,vemurafenib
Data34_GSM5022596_TCTCATATCGTAGGAG.1,1,vemurafenib
Data34_GSM5022596_TCTCATATCTGGTGTA.1,1,vemurafenib
Data34_GSM5022596_TCTCTAAAGAGGTTAT.1,1,vemurafenib
Data34_GSM5022596_TCTCTAAAGGTGCTAG.1,1,vemurafenib
Data34_GSM5022596_TCTCTAAGTATAATGG.1,1,vemurafenib
Data34_GSM5022596_TCTCTAAGTCTCTCGT.1,1,vemurafenib
Data34_GSM5022596_TCTCTAAGTGCAGTAG.1,1,vemurafenib
Data34_GSM5022596_TCTCTAATCATCGGAT.1,1,vemurafenib
Data34_GSM5022596_TCTCTAATCCAAAGTC.1,1,vemurafenib
Data34_GSM5022596_TCTCTAATCTATCCCG.1,1,vemurafenib
Data34_GSM5022596_TCTCTAATCTGCCAGG.1,1,vemurafenib
Data34_GSM5022596_TCTGAGAAGCACAGGT.1,1,vemurafenib
Data34_GSM5022596_TCTGAGAAGCATCATC.1,1,vemurafenib
Data34_GSM5022596_TCTGAGAAGGCGCTCT.1,1,vemurafenib
Data34_GSM5022596_TCTGAGACACGGTAAG.1,1,vemurafenib
Data34_GSM5022596_TCTGAGAGTACCCAAT.1,1,vemurafenib
Data34_GSM5022596_TCTGAGAGTCAAAGCG.1,1,vemurafenib
Data34_GSM5022596_TCTGAGAGTCTTGCGG.1,1,vemurafenib
Data34_GSM5022596_TCTGAGAGTGCTGTAT.1,1,vemurafenib
Data34_GSM5022596_TCTGAGAGTTCAGCGC.1,1,vemurafenib
Data34_GSM5022596_TCTGAGAGTTTGCATG.1,1,vemurafenib
Data34_GSM5022596_TCTGAGATCCAGTAGT.1,1,vemurafenib
Data34_GSM5022596_TCTGAGATCCCTGACT.1,1,vemurafenib
Data34_GSM5022596_TCTGAGATCGCCTGAG.1,1,vemurafenib
Data34_GSM5022596_TCTGAGATCTACCAGA.1,1,vemurafenib
Data34_GSM5022596_TCTGGAAAGAGGTACC.1,1,vemurafenib
Data34_GSM5022596_TCTGGAAAGTATTGGA.1,1,vemurafenib
Data34_GSM5022596_TCTGGAAAGTCGAGTG.1,1,vemurafenib
Data34_GSM5022596_TCTGGAAAGTGCGATG.1,1,vemurafenib
Data34_GSM5022596_TCTGGAAAGTGGTAAT.1,1,vemurafenib
Data34_GSM5022596_TCTGGAACAATAGCAA.1,1,vemurafenib
Data34_GSM5022596_TCTGGAACAATGCCAT.1,1,vemurafenib
Data34_GSM5022596_TCTGGAACACGCATCG.1,1,vemurafenib
Data34_GSM5022596_TCTGGAACAGTATAAG.1,1,vemurafenib
Data34_GSM5022596_TCTGGAAGTAAACCTC.1,1,vemurafenib
Data34_GSM5022596_TCTGGAAGTACAGTTC.1,1,vemurafenib
Data34_GSM5022596_TCTGGAAGTCCTGCTT.1,1,vemurafenib
Data34_GSM5022596_TCTGGAAGTGAGTATA.1,1,vemurafenib
Data34_GSM5022596_TCTGGAAGTTACGCGC.1,1,vemurafenib
Data34_GSM5022596_TCTGGAAGTTCACGGC.1,1,vemurafenib
Data34_GSM5022596_TCTGGAAGTTCCCTTG.1,1,vemurafenib
Data34_GSM5022596_TCTGGAATCAGCTCGG.1,1,vemurafenib
Data34_GSM5022596_TCTGGAATCAGGCCCA.1,1,vemurafenib
Data34_GSM5022596_TCTGGAATCTCGCTTG.1,1,vemurafenib
Data34_GSM5022596_TCTTCGGAGGTAGCTG.1,1,vemurafenib
Data34_GSM5022596_TCTTCGGCAAAGTCAA.1,1,vemurafenib
Data34_GSM5022596_TCTTCGGCACATGGGA.1,1,vemurafenib
Data34_GSM5022596_TCTTCGGCACTTAAGC.1,1,vemurafenib
Data34_GSM5022596_TCTTCGGCACTTGGAT.1,1,vemurafenib
Data34_GSM5022596_TCTTCGGGTATTACCG.1,1,vemurafenib
Data34_GSM5022596_TCTTCGGGTCTCACCT.1,1,vemurafenib
Data34_GSM5022596_TCTTCGGGTCTGCAAT.1,1,vemurafenib
Data34_GSM5022596_TCTTCGGGTGAAAGAG.1,1,vemurafenib
Data34_GSM5022596_TCTTCGGGTGGTTTCA.1,1,vemurafenib
Data34_GSM5022596_TCTTCGGTCTCGCATC.1,1,vemurafenib
Data34_GSM5022596_TCTTCGGTCTGGCGAC.1,1,vemurafenib
Data34_GSM5022596_TCTTTCCAGACTAAGT.1,1,vemurafenib
Data34_GSM5022596_TCTTTCCAGCCCAACC.1,1,vemurafenib
Data34_GSM5022596_TCTTTCCAGCCTCGTG.1,1,vemurafenib
Data34_GSM5022596_TCTTTCCAGGCGACAT.1,1,vemurafenib
Data34_GSM5022596_TCTTTCCAGTTGTAGA.1,1,vemurafenib
Data34_GSM5022596_TCTTTCCCAAACCTAC.1,1,vemurafenib
Data34_GSM5022596_TCTTTCCCAATAGCAA.1,1,vemurafenib
Data34_GSM5022596_TCTTTCCCACACGCTG.1,1,vemurafenib
Data34_GSM5022596_TCTTTCCCACAGATTC.1,1,vemurafenib
Data34_GSM5022596_TCTTTCCCACCAACCG.1,1,vemurafenib
Data34_GSM5022596_TCTTTCCCACGTCTCT.1,1,vemurafenib
Data34_GSM5022596_TCTTTCCCATGAGCGA.1,1,vemurafenib
Data34_GSM5022596_TCTTTCCGTCCGAATT.1,1,vemurafenib
Data34_GSM5022596_TCTTTCCGTTGGTAAA.1,1,vemurafenib
Data34_GSM5022596_TCTTTCCTCAACCATG.1,1,vemurafenib
Data34_GSM5022596_TCTTTCCTCACTGGGC.1,1,vemurafenib
Data34_GSM5022596_TCTTTCCTCCCAAGTA.1,1,vemurafenib
Data34_GSM5022596_TCTTTCCTCCGAGCCA.1,1,vemurafenib
Data34_GSM5022596_TCTTTCCTCTTGTTTG.1,1,vemurafenib
Data34_GSM5022596_TGAAAGAAGAGTAAGG.1,1,vemurafenib
Data34_GSM5022596_TGAAAGAAGCACCGTC.1,1,vemurafenib
Data34_GSM5022596_TGAAAGAAGTAGGCCA.1,1,vemurafenib
Data34_GSM5022596_TGAAAGACACTATCTT.1,1,vemurafenib
Data34_GSM5022596_TGAAAGACATCCTTGC.1,1,vemurafenib
Data34_GSM5022596_TGAAAGACATTATCTC.1,1,vemurafenib
Data34_GSM5022596_TGAAAGAGTCACCTAA.1,1,vemurafenib
Data34_GSM5022596_TGAAAGAGTCTCCACT.1,1,vemurafenib
Data34_GSM5022596_TGAAAGAGTCTCTTAT.1,1,vemurafenib
Data34_GSM5022596_TGAAAGAGTGACGCCT.1,1,vemurafenib
Data34_GSM5022596_TGAAAGAGTGCCTGGT.1,1,vemurafenib
Data34_GSM5022596_TGAAAGAGTGTAATGA.1,1,vemurafenib
Data34_GSM5022596_TGAAAGAGTTCAACCA.1,1,vemurafenib
Data34_GSM5022596_TGAAAGATCCAGAGGA.1,1,vemurafenib
Data34_GSM5022596_TGAAAGATCCCAACGG.1,1,vemurafenib
Data34_GSM5022596_TGACAACAGAAGGTTT.1,1,vemurafenib
Data34_GSM5022596_TGACAACAGACCTAGG.1,1,vemurafenib
Data34_GSM5022596_TGACAACAGCCTTGAT.1,1,vemurafenib
Data34_GSM5022596_TGACAACAGCGCTCCA.1,1,vemurafenib
Data34_GSM5022596_TGACAACAGGGAGTAA.1,1,vemurafenib
Data34_GSM5022596_TGACAACAGGGTTCCC.1,1,vemurafenib
Data34_GSM5022596_TGACAACAGGTGCACA.1,1,vemurafenib
Data34_GSM5022596_TGACAACCAATAACGA.1,1,vemurafenib
Data34_GSM5022596_TGACAACCAATCGAAA.1,1,vemurafenib
Data34_GSM5022596_TGACAACCACACCGCA.1,1,vemurafenib
Data34_GSM5022596_TGACAACCATCCCACT.1,1,vemurafenib
Data34_GSM5022596_TGACAACGTCGTTGTA.1,1,vemurafenib
Data34_GSM5022596_TGACAACGTGATGTCT.1,1,vemurafenib
Data34_GSM5022596_TGACAACGTGTCTGAT.1,1,vemurafenib
Data34_GSM5022596_TGACAACGTGTTCGAT.1,1,vemurafenib
Data34_GSM5022596_TGACAACGTTTGGCGC.1,1,vemurafenib
Data34_GSM5022596_TGACAACTCATTCACT.1,1,vemurafenib
Data34_GSM5022596_TGACAACTCGCTTAGA.1,1,vemurafenib
Data34_GSM5022596_TGACAACTCTCCCTGA.1,1,vemurafenib
Data34_GSM5022596_TGACGGCAGATAGTCA.1,1,vemurafenib
Data34_GSM5022596_TGACGGCAGGATGGTC.1,1,vemurafenib
Data34_GSM5022596_TGACGGCCAAACGCGA.1,1,vemurafenib
Data34_GSM5022596_TGACGGCCAATGACCT.1,1,vemurafenib
Data34_GSM5022596_TGACGGCCACCAACCG.1,1,vemurafenib
Data34_GSM5022596_TGACGGCGTGTGGCTC.1,1,vemurafenib
Data34_GSM5022596_TGACGGCGTTACCGAT.1,1,vemurafenib
Data34_GSM5022596_TGACGGCTCCGAATGT.1,1,vemurafenib
Data34_GSM5022596_TGACGGCTCTCCAGGG.1,1,vemurafenib
Data34_GSM5022596_TGACTAGAGTGCGTGA.1,1,vemurafenib
Data34_GSM5022596_TGACTAGCAAGGTTCT.1,1,vemurafenib
Data34_GSM5022596_TGACTAGCACAACGCC.1,1,vemurafenib
Data34_GSM5022596_TGACTAGCACACCGCA.1,1,vemurafenib
Data34_GSM5022596_TGACTAGCACGGACAA.1,1,vemurafenib
Data34_GSM5022596_TGACTAGCAGCATGAG.1,1,vemurafenib
Data34_GSM5022596_TGACTAGCATCCTTGC.1,1,vemurafenib
Data34_GSM5022596_TGACTAGGTATGAAAC.1,1,vemurafenib
Data34_GSM5022596_TGACTAGGTCGATTGT.1,1,vemurafenib
Data34_GSM5022596_TGACTAGGTCTCTTAT.1,1,vemurafenib
Data34_GSM5022596_TGACTAGGTGGCGAAT.1,1,vemurafenib
Data34_GSM5022596_TGACTAGTCCAACCAA.1,1,vemurafenib
Data34_GSM5022596_TGACTAGTCGAATGCT.1,1,vemurafenib
Data34_GSM5022596_TGACTTTAGAGAACAG.1,1,vemurafenib
Data34_GSM5022596_TGACTTTAGATGTGGC.1,1,vemurafenib
Data34_GSM5022596_TGACTTTAGCCGGTAA.1,1,vemurafenib
Data34_GSM5022596_TGACTTTAGCGCCTTG.1,1,vemurafenib
Data34_GSM5022596_TGACTTTAGGGTTTCT.1,1,vemurafenib
Data34_GSM5022596_TGACTTTCACCCATTC.1,1,vemurafenib
Data34_GSM5022596_TGACTTTGTAACGACG.1,1,vemurafenib
Data34_GSM5022596_TGACTTTGTAATAGCA.1,1,vemurafenib
Data34_GSM5022596_TGACTTTGTAGTGAAT.1,1,vemurafenib
Data34_GSM5022596_TGACTTTGTATTAGCC.1,1,vemurafenib
Data34_GSM5022596_TGACTTTGTGCAACGA.1,1,vemurafenib
Data34_GSM5022596_TGACTTTGTGGCTCCA.1,1,vemurafenib
Data34_GSM5022596_TGACTTTTCCGTTGCT.1,1,vemurafenib
Data34_GSM5022596_TGACTTTTCCTCAATT.1,1,vemurafenib
Data34_GSM5022596_TGACTTTTCTCATTCA.1,1,vemurafenib
Data34_GSM5022596_TGACTTTTCTCGGACG.1,1,vemurafenib
Data34_GSM5022596_TGACTTTTCTGTTGAG.1,1,vemurafenib
Data34_GSM5022596_TGAGAGGAGATGAGAG.1,1,vemurafenib
Data34_GSM5022596_TGAGAGGAGCCAGAAC.1,1,vemurafenib
Data34_GSM5022596_TGAGAGGAGCGTAGTG.1,1,vemurafenib
Data34_GSM5022596_TGAGAGGAGGCTATCT.1,1,vemurafenib
Data34_GSM5022596_TGAGAGGCAAGTCATC.1,1,vemurafenib
Data34_GSM5022596_TGAGAGGCAGGGTATG.1,1,vemurafenib
Data34_GSM5022596_TGAGAGGCATCCTTGC.1,1,vemurafenib
Data34_GSM5022596_TGAGAGGGTCACTTCC.1,1,vemurafenib
Data34_GSM5022596_TGAGAGGGTCCGAACC.1,1,vemurafenib
Data34_GSM5022596_TGAGAGGGTCCTCCAT.1,1,vemurafenib
Data34_GSM5022596_TGAGAGGGTTACAGAA.1,1,vemurafenib
Data34_GSM5022596_TGAGAGGTCAGGATCT.1,1,vemurafenib
Data34_GSM5022596_TGAGAGGTCTCTAAGG.1,1,vemurafenib
Data34_GSM5022596_TGAGAGGTCTGCTTGC.1,1,vemurafenib
Data34_GSM5022596_TGAGCATAGAAACGAG.1,1,vemurafenib
Data34_GSM5022596_TGAGCATAGACTCGGA.1,1,vemurafenib
Data34_GSM5022596_TGAGCATAGAGGTTAT.1,1,vemurafenib
Data34_GSM5022596_TGAGCATAGCCAGTAG.1,1,vemurafenib
Data34_GSM5022596_TGAGCATAGCTAAACA.1,1,vemurafenib
Data34_GSM5022596_TGAGCATAGGAGTCTG.1,1,vemurafenib
Data34_GSM5022596_TGAGCATAGGCCGAAT.1,1,vemurafenib
Data34_GSM5022596_TGAGCATAGGTGCACA.1,1,vemurafenib
Data34_GSM5022596_TGAGCATAGTTCCACA.1,1,vemurafenib
Data34_GSM5022596_TGAGCATCACCTATCC.1,1,vemurafenib
Data34_GSM5022596_TGAGCATCACTGCCAG.1,1,vemurafenib
Data34_GSM5022596_TGAGCATCATACCATG.1,1,vemurafenib
Data34_GSM5022596_TGAGCATCATGAGCGA.1,1,vemurafenib
Data34_GSM5022596_TGAGCATCATTGGCGC.1,1,vemurafenib
Data34_GSM5022596_TGAGCATGTCCGTTAA.1,1,vemurafenib
Data34_GSM5022596_TGAGCATGTTGGTTTG.1,1,vemurafenib
Data34_GSM5022596_TGAGCATTCAATAAGG.1,1,vemurafenib
Data34_GSM5022596_TGAGCATTCCCTGACT.1,1,vemurafenib
Data34_GSM5022596_TGAGCATTCGAATGCT.1,1,vemurafenib
Data34_GSM5022596_TGAGCCGAGCATCATC.1,1,vemurafenib
Data34_GSM5022596_TGAGCCGAGCCGGTAA.1,1,vemurafenib
Data34_GSM5022596_TGAGCCGAGCTGTTCA.1,1,vemurafenib
Data34_GSM5022596_TGAGCCGAGGCAAAGA.1,1,vemurafenib
Data34_GSM5022596_TGAGCCGAGGTGACCA.1,1,vemurafenib
Data34_GSM5022596_TGAGCCGAGTCGAGTG.1,1,vemurafenib
Data34_GSM5022596_TGAGCCGCACCCAGTG.1,1,vemurafenib
Data34_GSM5022596_TGAGCCGCAGACTCGC.1,1,vemurafenib
Data34_GSM5022596_TGAGCCGCAGCTGCAC.1,1,vemurafenib
Data34_GSM5022596_TGAGCCGCATGCTAGT.1,1,vemurafenib
Data34_GSM5022596_TGAGCCGGTCTCAACA.1,1,vemurafenib
Data34_GSM5022596_TGAGCCGGTGACCAAG.1,1,vemurafenib
Data34_GSM5022596_TGAGCCGGTGAGCGAT.1,1,vemurafenib
Data34_GSM5022596_TGAGCCGGTGAGTATA.1,1,vemurafenib
Data34_GSM5022596_TGAGCCGGTGATGCCC.1,1,vemurafenib
Data34_GSM5022596_TGAGCCGGTGCAACTT.1,1,vemurafenib
Data34_GSM5022596_TGAGCCGGTTCGTGAT.1,1,vemurafenib
Data34_GSM5022596_TGAGCCGGTTTGGCGC.1,1,vemurafenib
Data34_GSM5022596_TGAGCCGTCCTATGTT.1,1,vemurafenib
Data34_GSM5022596_TGAGCCGTCGCGGATC.1,1,vemurafenib
Data34_GSM5022596_TGAGCCGTCTGAGTGT.1,1,vemurafenib
Data34_GSM5022596_TGAGGGAAGCGTCAAG.1,1,vemurafenib
Data34_GSM5022596_TGAGGGACAAGCCGTC.1,1,vemurafenib
Data34_GSM5022596_TGAGGGACACCGAATT.1,1,vemurafenib
Data34_GSM5022596_TGAGGGACACCGCTAG.1,1,vemurafenib
Data34_GSM5022596_TGAGGGACACGGCTAC.1,1,vemurafenib
Data34_GSM5022596_TGAGGGAGTCCTCCAT.1,1,vemurafenib
Data34_GSM5022596_TGAGGGAGTCTCCATC.1,1,vemurafenib
Data34_GSM5022596_TGAGGGAGTTGATTGC.1,1,vemurafenib
Data34_GSM5022596_TGAGGGATCAGTCCCT.1,1,vemurafenib
Data34_GSM5022596_TGAGGGATCATCGGAT.1,1,vemurafenib
Data34_GSM5022596_TGAGGGATCATGTGGT.1,1,vemurafenib
Data34_GSM5022596_TGAGGGATCCCACTTG.1,1,vemurafenib
Data34_GSM5022596_TGAGGGATCTGCTGCT.1,1,vemurafenib
Data34_GSM5022596_TGATTTCAGCACAGGT.1,1,vemurafenib
Data34_GSM5022596_TGATTTCCAAAGCGGT.1,1,vemurafenib
Data34_GSM5022596_TGATTTCCAAGCGAGT.1,1,vemurafenib
Data34_GSM5022596_TGATTTCGTAGAAGGA.1,1,vemurafenib
Data34_GSM5022596_TGATTTCGTATGAAAC.1,1,vemurafenib
Data34_GSM5022596_TGATTTCGTCAGAGGT.1,1,vemurafenib
Data34_GSM5022596_TGATTTCGTCTACCTC.1,1,vemurafenib
Data34_GSM5022596_TGATTTCGTGCGAAAC.1,1,vemurafenib
Data34_GSM5022596_TGATTTCGTGTCCTCT.1,1,vemurafenib
Data34_GSM5022596_TGATTTCGTTATTCTC.1,1,vemurafenib
Data34_GSM5022596_TGATTTCGTTCCACAA.1,1,vemurafenib
Data34_GSM5022596_TGATTTCTCACTCTTA.1,1,vemurafenib
Data34_GSM5022596_TGATTTCTCCAAATGC.1,1,vemurafenib
Data34_GSM5022596_TGATTTCTCCACGTGG.1,1,vemurafenib
Data34_GSM5022596_TGATTTCTCCGCAAGC.1,1,vemurafenib
Data34_GSM5022596_TGATTTCTCTTGGGTA.1,1,vemurafenib
Data34_GSM5022596_TGCACCTCACATCTTT.1,1,vemurafenib
Data34_GSM5022596_TGCACCTCACATGGGA.1,1,vemurafenib
Data34_GSM5022596_TGCACCTCACGGTAAG.1,1,vemurafenib
Data34_GSM5022596_TGCACCTCATTGGCGC.1,1,vemurafenib
Data34_GSM5022596_TGCACCTGTGTCAATC.1,1,vemurafenib
Data34_GSM5022596_TGCACCTGTGTGAATA.1,1,vemurafenib
Data34_GSM5022596_TGCACCTGTTCGCGAC.1,1,vemurafenib
Data34_GSM5022596_TGCACCTTCAGAGCTT.1,1,vemurafenib
Data34_GSM5022596_TGCACCTTCGCTTGTC.1,1,vemurafenib
Data34_GSM5022596_TGCACCTTCTATGTGG.1,1,vemurafenib
Data34_GSM5022596_TGCACCTTCTGTTTGT.1,1,vemurafenib
Data34_GSM5022596_TGCCAAAAGATCTGCT.1,1,vemurafenib
Data34_GSM5022596_TGCCAAAAGCCACCTG.1,1,vemurafenib
Data34_GSM5022596_TGCCAAAAGCCCTAAT.1,1,vemurafenib
Data34_GSM5022596_TGCCAAAAGCTGATAA.1,1,vemurafenib
Data34_GSM5022596_TGCCAAAAGGTGGGTT.1,1,vemurafenib
Data34_GSM5022596_TGCCAAAAGTAGCCGA.1,1,vemurafenib
Data34_GSM5022596_TGCCAAAAGTAGTGCG.1,1,vemurafenib
Data34_GSM5022596_TGCCAAACAACGATGG.1,1,vemurafenib
Data34_GSM5022596_TGCCAAACAAGCCGCT.1,1,vemurafenib
Data34_GSM5022596_TGCCAAACAAGCGCTC.1,1,vemurafenib
Data34_GSM5022596_TGCCAAACAATCTGCA.1,1,vemurafenib
Data34_GSM5022596_TGCCAAACAGATAATG.1,1,vemurafenib
Data34_GSM5022596_TGCCAAAGTACTCAAC.1,1,vemurafenib
Data34_GSM5022596_TGCCAAAGTAGGAGTC.1,1,vemurafenib
Data34_GSM5022596_TGCCAAATCATAGCAC.1,1,vemurafenib
Data34_GSM5022596_TGCCAAATCCAGGGCT.1,1,vemurafenib
Data34_GSM5022596_TGCCAAATCCGCTGTT.1,1,vemurafenib
Data34_GSM5022596_TGCCAAATCGCGCCAA.1,1,vemurafenib
Data34_GSM5022596_TGCCAAATCTGGCGTG.1,1,vemurafenib
Data34_GSM5022596_TGCCCATAGCGACGTA.1,1,vemurafenib
Data34_GSM5022596_TGCCCATAGGGATACC.1,1,vemurafenib
Data34_GSM5022596_TGCCCATAGGTACTCT.1,1,vemurafenib
Data34_GSM5022596_TGCCCATAGTGGAGAA.1,1,vemurafenib
Data34_GSM5022596_TGCCCATAGTTTCCTT.1,1,vemurafenib
Data34_GSM5022596_TGCCCATCAAATTGCC.1,1,vemurafenib
Data34_GSM5022596_TGCCCATCAAGTCTGT.1,1,vemurafenib
Data34_GSM5022596_TGCCCATCACTGCCAG.1,1,vemurafenib
Data34_GSM5022596_TGCCCATCAGTGGAGT.1,1,vemurafenib
Data34_GSM5022596_TGCCCATCATGCCTTC.1,1,vemurafenib
Data34_GSM5022596_TGCCCATGTACCGAGA.1,1,vemurafenib
Data34_GSM5022596_TGCCCATGTCACTGGC.1,1,vemurafenib
Data34_GSM5022596_TGCCCATGTCTGGTCG.1,1,vemurafenib
Data34_GSM5022596_TGCCCATGTTAGAACA.1,1,vemurafenib
Data34_GSM5022596_TGCCCATTCCTGCTTG.1,1,vemurafenib
Data34_GSM5022596_TGCCCATTCGGTTCGG.1,1,vemurafenib
Data34_GSM5022596_TGCCCATTCTATGTGG.1,1,vemurafenib
Data34_GSM5022596_TGCCCTAAGACGACGT.1,1,vemurafenib
Data34_GSM5022596_TGCCCTAAGCCAACAG.1,1,vemurafenib
Data34_GSM5022596_TGCCCTAAGGAATGGA.1,1,vemurafenib
Data34_GSM5022596_TGCCCTAAGGATGTAT.1,1,vemurafenib
Data34_GSM5022596_TGCCCTAAGTACGATA.1,1,vemurafenib
Data34_GSM5022596_TGCCCTACAAACAACA.1,1,vemurafenib
Data34_GSM5022596_TGCCCTACAAGGACTG.1,1,vemurafenib
Data34_GSM5022596_TGCCCTACACATCCAA.1,1,vemurafenib
Data34_GSM5022596_TGCCCTACACCTCGTT.1,1,vemurafenib
Data34_GSM5022596_TGCCCTAGTATGAAAC.1,1,vemurafenib
Data34_GSM5022596_TGCCCTAGTATTACCG.1,1,vemurafenib
Data34_GSM5022596_TGCCCTAGTCGATTGT.1,1,vemurafenib
Data34_GSM5022596_TGCCCTATCGGAGGTA.1,1,vemurafenib
Data34_GSM5022596_TGCCCTATCTTGAGGT.1,1,vemurafenib
Data34_GSM5022596_TGCGCAGAGATCTGAA.1,1,vemurafenib
Data34_GSM5022596_TGCGCAGAGGGTGTTG.1,1,vemurafenib
Data34_GSM5022596_TGCGCAGAGTCAAGCG.1,1,vemurafenib
Data34_GSM5022596_TGCGCAGCACCTTGTC.1,1,vemurafenib
Data34_GSM5022596_TGCGCAGCAGATCGGA.1,1,vemurafenib
Data34_GSM5022596_TGCGCAGGTAATAGCA.1,1,vemurafenib
Data34_GSM5022596_TGCGCAGGTAGAAAGG.1,1,vemurafenib
Data34_GSM5022596_TGCGCAGGTAGTACCT.1,1,vemurafenib
Data34_GSM5022596_TGCGCAGGTCTGCCAG.1,1,vemurafenib
Data34_GSM5022596_TGCGCAGGTCTTCAAG.1,1,vemurafenib
Data34_GSM5022596_TGCGCAGGTGATGCCC.1,1,vemurafenib
Data34_GSM5022596_TGCGCAGGTTCCGTCT.1,1,vemurafenib
Data34_GSM5022596_TGCGCAGTCGCCATAA.1,1,vemurafenib
Data34_GSM5022596_TGCGCAGTCTCAACTT.1,1,vemurafenib
Data34_GSM5022596_TGCGCAGTCTGAGTGT.1,1,vemurafenib
Data34_GSM5022596_TGCGCAGTCTGTTTGT.1,1,vemurafenib
Data34_GSM5022596_TGCGCAGTCTTGTCAT.1,1,vemurafenib
Data34_GSM5022596_TGCGGGTAGATCGATA.1,1,vemurafenib
Data34_GSM5022596_TGCGGGTAGCAGATCG.1,1,vemurafenib
Data34_GSM5022596_TGCGGGTAGCTAGCCC.1,1,vemurafenib
Data34_GSM5022596_TGCGGGTCAGGTCGTC.1,1,vemurafenib
Data34_GSM5022596_TGCGGGTCATACCATG.1,1,vemurafenib
Data34_GSM5022596_TGCGGGTCATGACATC.1,1,vemurafenib
Data34_GSM5022596_TGCGGGTGTACCGTAT.1,1,vemurafenib
Data34_GSM5022596_TGCGGGTGTAGCTAAA.1,1,vemurafenib
Data34_GSM5022596_TGCGGGTGTCCTCCAT.1,1,vemurafenib
Data34_GSM5022596_TGCGGGTGTGTTGGGA.1,1,vemurafenib
Data34_GSM5022596_TGCGGGTTCACTTACT.1,1,vemurafenib
Data34_GSM5022596_TGCGGGTTCAGTCAGT.1,1,vemurafenib
Data34_GSM5022596_TGCGGGTTCCCTTGCA.1,1,vemurafenib
Data34_GSM5022596_TGCGTGGAGGACGAAA.1,1,vemurafenib
Data34_GSM5022596_TGCGTGGAGGCCCGTT.1,1,vemurafenib
Data34_GSM5022596_TGCGTGGCACATCCAA.1,1,vemurafenib
Data34_GSM5022596_TGCGTGGCAGGTCCAC.1,1,vemurafenib
Data34_GSM5022596_TGCGTGGGTAAGAGGA.1,1,vemurafenib
Data34_GSM5022596_TGCGTGGGTACCATCA.1,1,vemurafenib
Data34_GSM5022596_TGCGTGGGTCCGTTAA.1,1,vemurafenib
Data34_GSM5022596_TGCGTGGGTGCAACGA.1,1,vemurafenib
Data34_GSM5022596_TGCGTGGGTGGACGAT.1,1,vemurafenib
Data34_GSM5022596_TGCTACCAGACGCTTT.1,1,vemurafenib
Data34_GSM5022596_TGCTACCAGCACGCCT.1,1,vemurafenib
Data34_GSM5022596_TGCTACCAGCCAGGAT.1,1,vemurafenib
Data34_GSM5022596_TGCTACCAGCTAGGCA.1,1,vemurafenib
Data34_GSM5022596_TGCTACCAGGCATGTG.1,1,vemurafenib
Data34_GSM5022596_TGCTACCCAACTGCTA.1,1,vemurafenib
Data34_GSM5022596_TGCTACCCAATAACGA.1,1,vemurafenib
Data34_GSM5022596_TGCTACCCACAGGCCT.1,1,vemurafenib
Data34_GSM5022596_TGCTACCCACATGACT.1,1,vemurafenib
Data34_GSM5022596_TGCTACCCACATTCGA.1,1,vemurafenib
Data34_GSM5022596_TGCTACCCAGGTCTCG.1,1,vemurafenib
Data34_GSM5022596_TGCTACCCATTCCTGC.1,1,vemurafenib
Data34_GSM5022596_TGCTACCGTCTAGAGG.1,1,vemurafenib
Data34_GSM5022596_TGCTACCGTTATGCGT.1,1,vemurafenib
Data34_GSM5022596_TGCTACCGTTGGAGGT.1,1,vemurafenib
Data34_GSM5022596_TGCTACCTCCGTCAAA.1,1,vemurafenib
Data34_GSM5022596_TGCTACCTCTAACTCT.1,1,vemurafenib
Data34_GSM5022596_TGCTGCTAGTAGGCCA.1,1,vemurafenib
Data34_GSM5022596_TGCTGCTAGTGCAAGC.1,1,vemurafenib
Data34_GSM5022596_TGCTGCTCAATCGAAA.1,1,vemurafenib
Data34_GSM5022596_TGCTGCTCAATGACCT.1,1,vemurafenib
Data34_GSM5022596_TGCTGCTCACAAGCCC.1,1,vemurafenib
Data34_GSM5022596_TGCTGCTCACTAAGTC.1,1,vemurafenib
Data34_GSM5022596_TGCTGCTCAGGCAGTA.1,1,vemurafenib
Data34_GSM5022596_TGCTGCTGTCTAGCGC.1,1,vemurafenib
Data34_GSM5022596_TGCTGCTGTGTAATGA.1,1,vemurafenib
Data34_GSM5022596_TGCTGCTGTTAAAGTG.1,1,vemurafenib
Data34_GSM5022596_TGCTGCTGTTCGCTAA.1,1,vemurafenib
Data34_GSM5022596_TGCTGCTGTTGTCTTT.1,1,vemurafenib
Data34_GSM5022596_TGCTGCTTCACTCTTA.1,1,vemurafenib
Data34_GSM5022596_TGCTGCTTCGGATGTT.1,1,vemurafenib
Data34_GSM5022596_TGCTGCTTCTTCTGGC.1,1,vemurafenib
Data34_GSM5022596_TGGACGCAGCACACAG.1,1,vemurafenib
Data34_GSM5022596_TGGACGCAGGATGTAT.1,1,vemurafenib
Data34_GSM5022596_TGGACGCCAAGAAAGG.1,1,vemurafenib
Data34_GSM5022596_TGGACGCCAGACAGGT.1,1,vemurafenib
Data34_GSM5022596_TGGACGCCAGCGAACA.1,1,vemurafenib
Data34_GSM5022596_TGGACGCCAGCGTAAG.1,1,vemurafenib
Data34_GSM5022596_TGGACGCCATTACGAC.1,1,vemurafenib
Data34_GSM5022596_TGGACGCGTACAGTGG.1,1,vemurafenib
Data34_GSM5022596_TGGACGCGTCCCTACT.1,1,vemurafenib
Data34_GSM5022596_TGGACGCGTCTAGCCG.1,1,vemurafenib
Data34_GSM5022596_TGGACGCGTTAAAGTG.1,1,vemurafenib
Data34_GSM5022596_TGGACGCTCCTACAGA.1,1,vemurafenib
Data34_GSM5022596_TGGACGCTCTGTTGAG.1,1,vemurafenib
Data34_GSM5022596_TGGCCAGAGGGCTTGA.1,1,vemurafenib
Data34_GSM5022596_TGGCCAGAGGTGATAT.1,1,vemurafenib
Data34_GSM5022596_TGGCCAGAGTCTCGGC.1,1,vemurafenib
Data34_GSM5022596_TGGCCAGAGTTAGCGG.1,1,vemurafenib
Data34_GSM5022596_TGGCCAGCAAGTCATC.1,1,vemurafenib
Data34_GSM5022596_TGGCCAGCAAGTTCTG.1,1,vemurafenib
Data34_GSM5022596_TGGCCAGGTACCGCTG.1,1,vemurafenib
Data34_GSM5022596_TGGCCAGGTAGGAGTC.1,1,vemurafenib
Data34_GSM5022596_TGGCCAGGTCACCCAG.1,1,vemurafenib
Data34_GSM5022596_TGGCCAGTCAAACAAG.1,1,vemurafenib
Data34_GSM5022596_TGGCCAGTCACGCGGT.1,1,vemurafenib
Data34_GSM5022596_TGGCCAGTCTCAACTT.1,1,vemurafenib
Data34_GSM5022596_TGGCGCAAGCCACTAT.1,1,vemurafenib
Data34_GSM5022596_TGGCGCAAGCGACGTA.1,1,vemurafenib
Data34_GSM5022596_TGGCGCAAGGGTGTGT.1,1,vemurafenib
Data34_GSM5022596_TGGCGCAAGGTAGCCA.1,1,vemurafenib
Data34_GSM5022596_TGGCGCAAGTGAACGC.1,1,vemurafenib
Data34_GSM5022596_TGGCGCACACAGCGTC.1,1,vemurafenib
Data34_GSM5022596_TGGCGCACATGAAGTA.1,1,vemurafenib
Data34_GSM5022596_TGGCGCACATTCTCAT.1,1,vemurafenib
Data34_GSM5022596_TGGCGCAGTAAATACG.1,1,vemurafenib
Data34_GSM5022596_TGGCGCAGTACAGACG.1,1,vemurafenib
Data34_GSM5022596_TGGCGCAGTGATGTCT.1,1,vemurafenib
Data34_GSM5022596_TGGCGCAGTTAAGGGC.1,1,vemurafenib
Data34_GSM5022596_TGGCGCAGTTCCTCCA.1,1,vemurafenib
Data34_GSM5022596_TGGCGCATCAACACAC.1,1,vemurafenib
Data34_GSM5022596_TGGCGCATCGTACGGC.1,1,vemurafenib
Data34_GSM5022596_TGGCGCATCTTGTTTG.1,1,vemurafenib
Data34_GSM5022596_TGGCTGGAGACAGAGA.1,1,vemurafenib
Data34_GSM5022596_TGGCTGGAGCCCAATT.1,1,vemurafenib
Data34_GSM5022596_TGGCTGGAGCCGCCTA.1,1,vemurafenib
Data34_GSM5022596_TGGCTGGAGGCCCTCA.1,1,vemurafenib
Data34_GSM5022596_TGGCTGGCACACTGCG.1,1,vemurafenib
Data34_GSM5022596_TGGCTGGCACATGTGT.1,1,vemurafenib
Data34_GSM5022596_TGGCTGGCAGCGTAAG.1,1,vemurafenib
Data34_GSM5022596_TGGCTGGCAGGGTTAG.1,1,vemurafenib
Data34_GSM5022596_TGGCTGGGTAGTGAAT.1,1,vemurafenib
Data34_GSM5022596_TGGCTGGGTGCGGTAA.1,1,vemurafenib
Data34_GSM5022596_TGGCTGGTCCTGTAGA.1,1,vemurafenib
Data34_GSM5022596_TGGCTGGTCGCCTGAG.1,1,vemurafenib
Data34_GSM5022596_TGGCTGGTCTCATTCA.1,1,vemurafenib
Data34_GSM5022596_TGGGAAGAGAGTCGGT.1,1,vemurafenib
Data34_GSM5022596_TGGGAAGAGCCCAGCT.1,1,vemurafenib
Data34_GSM5022596_TGGGAAGAGCGTTTAC.1,1,vemurafenib
Data34_GSM5022596_TGGGAAGAGCTAACTC.1,1,vemurafenib
Data34_GSM5022596_TGGGAAGCACAAGACG.1,1,vemurafenib
Data34_GSM5022596_TGGGAAGCACATTCGA.1,1,vemurafenib
Data34_GSM5022596_TGGGAAGCAGATAATG.1,1,vemurafenib
Data34_GSM5022596_TGGGAAGCAGTCACTA.1,1,vemurafenib
Data34_GSM5022596_TGGGAAGCAGTCAGAG.1,1,vemurafenib
Data34_GSM5022596_TGGGAAGGTCTGCAAT.1,1,vemurafenib
Data34_GSM5022596_TGGGAAGGTGCGCTTG.1,1,vemurafenib
Data34_GSM5022596_TGGGAAGGTGTATGGG.1,1,vemurafenib
Data34_GSM5022596_TGGGAAGGTTAAAGAC.1,1,vemurafenib
Data34_GSM5022596_TGGGAAGGTTTGGGCC.1,1,vemurafenib
Data34_GSM5022596_TGGGAAGTCAACTCTT.1,1,vemurafenib
Data34_GSM5022596_TGGGCGTAGAAACGCC.1,1,vemurafenib
Data34_GSM5022596_TGGGCGTAGCGTTGCC.1,1,vemurafenib
Data34_GSM5022596_TGGGCGTAGCTCAACT.1,1,vemurafenib
Data34_GSM5022596_TGGGCGTAGGCTCAGA.1,1,vemurafenib
Data34_GSM5022596_TGGGCGTAGTGACTCT.1,1,vemurafenib
Data34_GSM5022596_TGGGCGTCACATAACC.1,1,vemurafenib
Data34_GSM5022596_TGGGCGTCACCGGAAA.1,1,vemurafenib
Data34_GSM5022596_TGGGCGTCATGCTAGT.1,1,vemurafenib
Data34_GSM5022596_TGGGCGTGTCAAGCGA.1,1,vemurafenib
Data34_GSM5022596_TGGGCGTGTCAGAGGT.1,1,vemurafenib
Data34_GSM5022596_TGGGCGTGTCGCTTTC.1,1,vemurafenib
Data34_GSM5022596_TGGGCGTGTTAAGAAC.1,1,vemurafenib
Data34_GSM5022596_TGGGCGTTCAGTCAGT.1,1,vemurafenib
Data34_GSM5022596_TGGGCGTTCCAGATCA.1,1,vemurafenib
Data34_GSM5022596_TGGGCGTTCGGATGTT.1,1,vemurafenib
Data34_GSM5022596_TGGGCGTTCGGGAGTA.1,1,vemurafenib
Data34_GSM5022596_TGGTTAGAGAGCTGGT.1,1,vemurafenib
Data34_GSM5022596_TGGTTAGAGTACCGGA.1,1,vemurafenib
Data34_GSM5022596_TGGTTAGCAGCCTTGG.1,1,vemurafenib
Data34_GSM5022596_TGGTTAGCATAGTAAG.1,1,vemurafenib
Data34_GSM5022596_TGGTTAGGTAGCCTCG.1,1,vemurafenib
Data34_GSM5022596_TGGTTAGGTAGCGCAA.1,1,vemurafenib
Data34_GSM5022596_TGGTTAGGTGTCAATC.1,1,vemurafenib
Data34_GSM5022596_TGGTTAGGTTATGCGT.1,1,vemurafenib
Data34_GSM5022596_TGGTTAGGTTCTGGTA.1,1,vemurafenib
Data34_GSM5022596_TGGTTAGTCGAACTGT.1,1,vemurafenib
Data34_GSM5022596_TGGTTCCAGCCACCTG.1,1,vemurafenib
Data34_GSM5022596_TGGTTCCAGTACCGGA.1,1,vemurafenib
Data34_GSM5022596_TGGTTCCAGTGACATA.1,1,vemurafenib
Data34_GSM5022596_TGGTTCCCAATACGCT.1,1,vemurafenib
Data34_GSM5022596_TGGTTCCCACCGGAAA.1,1,vemurafenib
Data34_GSM5022596_TGGTTCCCACGTCAGC.1,1,vemurafenib
Data34_GSM5022596_TGGTTCCCAGCCTTGG.1,1,vemurafenib
Data34_GSM5022596_TGGTTCCGTAGTACCT.1,1,vemurafenib
Data34_GSM5022596_TGGTTCCGTCAACATC.1,1,vemurafenib
Data34_GSM5022596_TGGTTCCGTCTAAACC.1,1,vemurafenib
Data34_GSM5022596_TGGTTCCGTTCAGACT.1,1,vemurafenib
Data34_GSM5022596_TGGTTCCTCACAACGT.1,1,vemurafenib
Data34_GSM5022596_TGGTTCCTCTCATTCA.1,1,vemurafenib
Data34_GSM5022596_TGGTTCCTCTCGGACG.1,1,vemurafenib
Data34_GSM5022596_TGGTTCCTCTGCCAGG.1,1,vemurafenib
Data34_GSM5022596_TGGTTCCTCTTATCTG.1,1,vemurafenib
Data34_GSM5022596_TGTATTCAGAAACCTA.1,1,vemurafenib
Data34_GSM5022596_TGTATTCAGTACACCT.1,1,vemurafenib
Data34_GSM5022596_TGTATTCAGTACGTTC.1,1,vemurafenib
Data34_GSM5022596_TGTATTCAGTCATCCA.1,1,vemurafenib
Data34_GSM5022596_TGTATTCCAAGCCGTC.1,1,vemurafenib
Data34_GSM5022596_TGTATTCCACAACGCC.1,1,vemurafenib
Data34_GSM5022596_TGTATTCCAGGACCCT.1,1,vemurafenib
Data34_GSM5022596_TGTATTCCAGTAAGCG.1,1,vemurafenib
Data34_GSM5022596_TGTATTCCATGTCTCC.1,1,vemurafenib
Data34_GSM5022596_TGTATTCGTCCGACGT.1,1,vemurafenib
Data34_GSM5022596_TGTATTCGTTCGCGAC.1,1,vemurafenib
Data34_GSM5022596_TGTATTCTCACGCGGT.1,1,vemurafenib
Data34_GSM5022596_TGTATTCTCAGAGACG.1,1,vemurafenib
Data34_GSM5022596_TGTATTCTCCACGTTC.1,1,vemurafenib
Data34_GSM5022596_TGTATTCTCGCGCCAA.1,1,vemurafenib
Data34_GSM5022596_TGTCCCAAGATGTGGC.1,1,vemurafenib
Data34_GSM5022596_TGTCCCACAAGAGGCT.1,1,vemurafenib
Data34_GSM5022596_TGTCCCACAAGTTGTC.1,1,vemurafenib
Data34_GSM5022596_TGTCCCACAGACACTT.1,1,vemurafenib
Data34_GSM5022596_TGTCCCACATCCTAGA.1,1,vemurafenib
Data34_GSM5022596_TGTCCCAGTCATATCG.1,1,vemurafenib
Data34_GSM5022596_TGTCCCAGTCGCGAAA.1,1,vemurafenib
Data34_GSM5022596_TGTCCCAGTCTCGTTC.1,1,vemurafenib
Data34_GSM5022596_TGTCCCAGTTCACCTC.1,1,vemurafenib
Data34_GSM5022596_TGTCCCATCAACCAAC.1,1,vemurafenib
Data34_GSM5022596_TGTCCCATCATGTCTT.1,1,vemurafenib
Data34_GSM5022596_TGTCCCATCCTGCTTG.1,1,vemurafenib
Data34_GSM5022596_TGTCCCATCTACTATC.1,1,vemurafenib
Data34_GSM5022596_TGTGGTAAGACAGACC.1,1,vemurafenib
Data34_GSM5022596_TGTGGTAAGACCTAGG.1,1,vemurafenib
Data34_GSM5022596_TGTGGTAAGTGGCACA.1,1,vemurafenib
Data34_GSM5022596_TGTGGTACAAACAACA.1,1,vemurafenib
Data34_GSM5022596_TGTGGTACACCGAAAG.1,1,vemurafenib
Data34_GSM5022596_TGTGGTAGTAACGCGA.1,1,vemurafenib
Data34_GSM5022596_TGTGGTAGTCACCCAG.1,1,vemurafenib
Data34_GSM5022596_TGTGGTAGTCCGCTGA.1,1,vemurafenib
Data34_GSM5022596_TGTGGTAGTCGTGGCT.1,1,vemurafenib
Data34_GSM5022596_TGTGGTAGTCTCCATC.1,1,vemurafenib
Data34_GSM5022596_TGTGGTAGTGCAGGTA.1,1,vemurafenib
Data34_GSM5022596_TGTGGTAGTTCATGGT.1,1,vemurafenib
Data34_GSM5022596_TGTGGTATCACAGTAC.1,1,vemurafenib
Data34_GSM5022596_TGTGGTATCGTTGACA.1,1,vemurafenib
Data34_GSM5022596_TGTGGTATCTATCCCG.1,1,vemurafenib
Data34_GSM5022596_TGTGGTATCTCGAGTA.1,1,vemurafenib
Data34_GSM5022596_TGTGTTTAGACATAAC.1,1,vemurafenib
Data34_GSM5022596_TGTGTTTAGAGACTTA.1,1,vemurafenib
Data34_GSM5022596_TGTGTTTAGCCGTCGT.1,1,vemurafenib
Data34_GSM5022596_TGTGTTTAGGACCACA.1,1,vemurafenib
Data34_GSM5022596_TGTGTTTAGGCTAGCA.1,1,vemurafenib
Data34_GSM5022596_TGTGTTTCAATCTACG.1,1,vemurafenib
Data34_GSM5022596_TGTGTTTCACCCATTC.1,1,vemurafenib
Data34_GSM5022596_TGTGTTTCAGACGCCT.1,1,vemurafenib
Data34_GSM5022596_TGTGTTTCAGCTGTGC.1,1,vemurafenib
Data34_GSM5022596_TGTGTTTCATCCAACA.1,1,vemurafenib
Data34_GSM5022596_TGTGTTTGTACACCGC.1,1,vemurafenib
Data34_GSM5022596_TGTGTTTGTGCCTGGT.1,1,vemurafenib
Data34_GSM5022596_TGTGTTTGTTCAGTAC.1,1,vemurafenib
Data34_GSM5022596_TGTGTTTGTTCCACAA.1,1,vemurafenib
Data34_GSM5022596_TGTGTTTGTTGTGGCC.1,1,vemurafenib
Data34_GSM5022596_TGTGTTTTCAGATAAG.1,1,vemurafenib
Data34_GSM5022596_TGTGTTTTCTACTTAC.1,1,vemurafenib
Data34_GSM5022596_TGTTCCGAGAACAATC.1,1,vemurafenib
Data34_GSM5022596_TGTTCCGAGCTGGAAC.1,1,vemurafenib
Data34_GSM5022596_TGTTCCGAGGGAGTAA.1,1,vemurafenib
Data34_GSM5022596_TGTTCCGAGTCGATAA.1,1,vemurafenib
Data34_GSM5022596_TGTTCCGCAAGAAGAG.1,1,vemurafenib
Data34_GSM5022596_TGTTCCGCAAGTACCT.1,1,vemurafenib
Data34_GSM5022596_TGTTCCGCAATAGAGT.1,1,vemurafenib
Data34_GSM5022596_TGTTCCGCACAAGTAA.1,1,vemurafenib
Data34_GSM5022596_TGTTCCGCACACCGCA.1,1,vemurafenib
Data34_GSM5022596_TGTTCCGCACGGCGTT.1,1,vemurafenib
Data34_GSM5022596_TGTTCCGCAGATTGCT.1,1,vemurafenib
Data34_GSM5022596_TGTTCCGCAGGTTTCA.1,1,vemurafenib
Data34_GSM5022596_TGTTCCGCATCTCGCT.1,1,vemurafenib
Data34_GSM5022596_TGTTCCGGTAAAGGAG.1,1,vemurafenib
Data34_GSM5022596_TGTTCCGGTAAATGAC.1,1,vemurafenib
Data34_GSM5022596_TGTTCCGGTCTCTCTG.1,1,vemurafenib
Data34_GSM5022596_TGTTCCGGTGCGGTAA.1,1,vemurafenib
Data34_GSM5022596_TGTTCCGTCAACACAC.1,1,vemurafenib
Data34_GSM5022596_TGTTCCGTCATAAAGG.1,1,vemurafenib
Data34_GSM5022596_TGTTCCGTCCTATGTT.1,1,vemurafenib
Data34_GSM5022596_TGTTCCGTCCTGTACC.1,1,vemurafenib
Data34_GSM5022596_TGTTCCGTCTACCTGC.1,1,vemurafenib
Data34_GSM5022596_TGTTCCGTCTATGTGG.1,1,vemurafenib
Data34_GSM5022596_TTAACTCAGACTCGGA.1,1,vemurafenib
Data34_GSM5022596_TTAACTCAGAGTAATC.1,1,vemurafenib
Data34_GSM5022596_TTAACTCAGCGTCAAG.1,1,vemurafenib
Data34_GSM5022596_TTAACTCAGCTATGCT.1,1,vemurafenib
Data34_GSM5022596_TTAACTCAGTAGTGCG.1,1,vemurafenib
Data34_GSM5022596_TTAACTCAGTTAGCGG.1,1,vemurafenib
Data34_GSM5022596_TTAACTCAGTTGTCGT.1,1,vemurafenib
Data34_GSM5022596_TTAACTCCAGGCTCAC.1,1,vemurafenib
Data34_GSM5022596_TTAACTCGTGATGCCC.1,1,vemurafenib
Data34_GSM5022596_TTAACTCGTTTAGGAA.1,1,vemurafenib
Data34_GSM5022596_TTAGGACAGAAAGTGG.1,1,vemurafenib
Data34_GSM5022596_TTAGGACAGAAGCCCA.1,1,vemurafenib
Data34_GSM5022596_TTAGGACAGAGGTTGC.1,1,vemurafenib
Data34_GSM5022596_TTAGGACAGTGGCACA.1,1,vemurafenib
Data34_GSM5022596_TTAGGACCACCGCTAG.1,1,vemurafenib
Data34_GSM5022596_TTAGGACCAGTGGAGT.1,1,vemurafenib
Data34_GSM5022596_TTAGGACGTCCGTGAC.1,1,vemurafenib
Data34_GSM5022596_TTAGGACGTCTAGCCG.1,1,vemurafenib
Data34_GSM5022596_TTAGGACGTGACCAAG.1,1,vemurafenib
Data34_GSM5022596_TTAGGACGTGGTACAG.1,1,vemurafenib
Data34_GSM5022596_TTAGGACTCAAACAAG.1,1,vemurafenib
Data34_GSM5022596_TTAGGACTCCAGTAGT.1,1,vemurafenib
Data34_GSM5022596_TTAGGACTCGCAAACT.1,1,vemurafenib
Data34_GSM5022596_TTAGGACTCTGGGCCA.1,1,vemurafenib
Data34_GSM5022596_TTAGGCAAGAAGGCCT.1,1,vemurafenib
Data34_GSM5022596_TTAGGCAAGCCCAATT.1,1,vemurafenib
Data34_GSM5022596_TTAGGCAAGTTGCAGG.1,1,vemurafenib
Data34_GSM5022596_TTAGGCACAATGCCAT.1,1,vemurafenib
Data34_GSM5022596_TTAGGCACAGTAGAGC.1,1,vemurafenib
Data34_GSM5022596_TTAGGCACATGGTCAT.1,1,vemurafenib
Data34_GSM5022596_TTAGGCAGTAGCCTAT.1,1,vemurafenib
Data34_GSM5022596_TTAGGCAGTCTGATTG.1,1,vemurafenib
Data34_GSM5022596_TTAGGCAGTGTCGCTG.1,1,vemurafenib
Data34_GSM5022596_TTAGGCATCATAAAGG.1,1,vemurafenib
Data34_GSM5022596_TTAGGCATCCCAAGTA.1,1,vemurafenib
Data34_GSM5022596_TTAGGCATCCTGCCAT.1,1,vemurafenib
Data34_GSM5022596_TTAGGCATCTCAAGTG.1,1,vemurafenib
Data34_GSM5022596_TTAGTTCAGAAACGAG.1,1,vemurafenib
Data34_GSM5022596_TTAGTTCAGCCGCCTA.1,1,vemurafenib
Data34_GSM5022596_TTAGTTCAGGCAATTA.1,1,vemurafenib
Data34_GSM5022596_TTAGTTCAGGCCCTCA.1,1,vemurafenib
Data34_GSM5022596_TTAGTTCAGTGAATTG.1,1,vemurafenib
Data34_GSM5022596_TTAGTTCCAAGGTTTC.1,1,vemurafenib
Data34_GSM5022596_TTAGTTCCAATCCGAT.1,1,vemurafenib
Data34_GSM5022596_TTAGTTCCACACCGAC.1,1,vemurafenib
Data34_GSM5022596_TTAGTTCCAGACAGGT.1,1,vemurafenib
Data34_GSM5022596_TTAGTTCCATCCAACA.1,1,vemurafenib
Data34_GSM5022596_TTAGTTCGTCCTCTTG.1,1,vemurafenib
Data34_GSM5022596_TTAGTTCGTTGGAGGT.1,1,vemurafenib
Data34_GSM5022596_TTAGTTCTCAGTGCAT.1,1,vemurafenib
Data34_GSM5022596_TTAGTTCTCCGAACGC.1,1,vemurafenib
Data34_GSM5022596_TTAGTTCTCTCCGGTT.1,1,vemurafenib
Data34_GSM5022596_TTAGTTCTCTTTACAC.1,1,vemurafenib
Data34_GSM5022596_TTATGCTAGATGAGAG.1,1,vemurafenib
Data34_GSM5022596_TTATGCTAGGTCGGAT.1,1,vemurafenib
Data34_GSM5022596_TTATGCTCAAAGGTGC.1,1,vemurafenib
Data34_GSM5022596_TTATGCTCATCCAACA.1,1,vemurafenib
Data34_GSM5022596_TTATGCTGTAGCGTGA.1,1,vemurafenib
Data34_GSM5022596_TTATGCTGTCCCTACT.1,1,vemurafenib
Data34_GSM5022596_TTATGCTGTGAGGCTA.1,1,vemurafenib
Data34_GSM5022596_TTATGCTGTTATCCGA.1,1,vemurafenib
Data34_GSM5022596_TTATGCTTCATAGCAC.1,1,vemurafenib
Data34_GSM5022596_TTCCCAGAGAGGTTGC.1,1,vemurafenib
Data34_GSM5022596_TTCCCAGAGATAGCAT.1,1,vemurafenib
Data34_GSM5022596_TTCCCAGAGATTACCC.1,1,vemurafenib
Data34_GSM5022596_TTCCCAGAGTAGCGGT.1,1,vemurafenib
Data34_GSM5022596_TTCCCAGAGTGGACGT.1,1,vemurafenib
Data34_GSM5022596_TTCCCAGGTCATCCCT.1,1,vemurafenib
Data34_GSM5022596_TTCCCAGTCGTCCGTT.1,1,vemurafenib
Data34_GSM5022596_TTCCCAGTCTAACTCT.1,1,vemurafenib
Data34_GSM5022596_TTCCCAGTCTGCAAGT.1,1,vemurafenib
Data34_GSM5022596_TTCGAAGAGTTAGCGG.1,1,vemurafenib
Data34_GSM5022596_TTCGAAGCACCGCTAG.1,1,vemurafenib
Data34_GSM5022596_TTCGAAGCAGGAATGC.1,1,vemurafenib
Data34_GSM5022596_TTCGAAGCAGTCAGAG.1,1,vemurafenib
Data34_GSM5022596_TTCGAAGCATCTATGG.1,1,vemurafenib
Data34_GSM5022596_TTCGAAGCATTATCTC.1,1,vemurafenib
Data34_GSM5022596_TTCGAAGCATTGGCGC.1,1,vemurafenib
Data34_GSM5022596_TTCGAAGGTATCTGCA.1,1,vemurafenib
Data34_GSM5022596_TTCGAAGTCTTAACCT.1,1,vemurafenib
Data34_GSM5022596_TTCGGTCAGAGTCTGG.1,1,vemurafenib
Data34_GSM5022596_TTCGGTCAGCCCTAAT.1,1,vemurafenib
Data34_GSM5022596_TTCGGTCAGGTGATTA.1,1,vemurafenib
Data34_GSM5022596_TTCGGTCCAAGACGTG.1,1,vemurafenib
Data34_GSM5022596_TTCGGTCCAAGTTGTC.1,1,vemurafenib
Data34_GSM5022596_TTCGGTCCATGAAGTA.1,1,vemurafenib
Data34_GSM5022596_TTCGGTCCATTGTGCA.1,1,vemurafenib
Data34_GSM5022596_TTCGGTCGTACACCGC.1,1,vemurafenib
Data34_GSM5022596_TTCGGTCGTATATCCG.1,1,vemurafenib
Data34_GSM5022596_TTCGGTCTCCACGTTC.1,1,vemurafenib
Data34_GSM5022596_TTCGGTCTCCCTTGTG.1,1,vemurafenib
Data34_GSM5022596_TTCGGTCTCCGTAGGC.1,1,vemurafenib
Data34_GSM5022596_TTCGGTCTCGGACAAG.1,1,vemurafenib
Data34_GSM5022596_TTCTACACAATAGAGT.1,1,vemurafenib
Data34_GSM5022596_TTCTACACAATGAAAC.1,1,vemurafenib
Data34_GSM5022596_TTCTACACAATTCCTT.1,1,vemurafenib
Data34_GSM5022596_TTCTACACACATCCGG.1,1,vemurafenib
Data34_GSM5022596_TTCTACACATTTCACT.1,1,vemurafenib
Data34_GSM5022596_TTCTACAGTATGAATG.1,1,vemurafenib
Data34_GSM5022596_TTCTACAGTCTGCCAG.1,1,vemurafenib
Data34_GSM5022596_TTCTACATCAGTGTTG.1,1,vemurafenib
Data34_GSM5022596_TTCTACATCATACGGT.1,1,vemurafenib
Data34_GSM5022596_TTCTACATCCGTCATC.1,1,vemurafenib
Data34_GSM5022596_TTCTACATCTGGTATG.1,1,vemurafenib
Data34_GSM5022596_TTCTCAAAGCAGCCTC.1,1,vemurafenib
Data34_GSM5022596_TTCTCAACACAGATTC.1,1,vemurafenib
Data34_GSM5022596_TTCTCAACAGGAATGC.1,1,vemurafenib
Data34_GSM5022596_TTCTCAACAGTTCATG.1,1,vemurafenib
Data34_GSM5022596_TTCTCAACATCCGCGA.1,1,vemurafenib
Data34_GSM5022596_TTCTCAAGTGGTTTCA.1,1,vemurafenib
Data34_GSM5022596_TTCTCAATCACTGGGC.1,1,vemurafenib
Data34_GSM5022596_TTCTCAATCCCTGACT.1,1,vemurafenib
Data34_GSM5022596_TTCTCAATCCTAAGTG.1,1,vemurafenib
Data34_GSM5022596_TTCTCAATCGCGTAGC.1,1,vemurafenib
Data34_GSM5022596_TTCTCCTAGATGTGTA.1,1,vemurafenib
Data34_GSM5022596_TTCTCCTAGGCATGGT.1,1,vemurafenib
Data34_GSM5022596_TTCTCCTCAGCTGTAT.1,1,vemurafenib
Data34_GSM5022596_TTCTCCTCAGCTTCGG.1,1,vemurafenib
Data34_GSM5022596_TTCTCCTCATCCCATC.1,1,vemurafenib
Data34_GSM5022596_TTCTCCTCATGGGACA.1,1,vemurafenib
Data34_GSM5022596_TTCTCCTGTAGGGACT.1,1,vemurafenib
Data34_GSM5022596_TTCTCCTGTTCCACGG.1,1,vemurafenib
Data34_GSM5022596_TTCTCCTTCTCTAGGA.1,1,vemurafenib
Data34_GSM5022596_TTCTCCTTCTTGAGGT.1,1,vemurafenib
Data34_GSM5022596_TTCTTAGAGCGTCAAG.1,1,vemurafenib
Data34_GSM5022596_TTCTTAGAGGAGTAGA.1,1,vemurafenib
Data34_GSM5022596_TTCTTAGAGGCTCAGA.1,1,vemurafenib
Data34_GSM5022596_TTCTTAGAGTCGTTTG.1,1,vemurafenib
Data34_GSM5022596_TTCTTAGAGTGGACGT.1,1,vemurafenib
Data34_GSM5022596_TTCTTAGCACACGCTG.1,1,vemurafenib
Data34_GSM5022596_TTCTTAGCACAGACAG.1,1,vemurafenib
Data34_GSM5022596_TTCTTAGCACATTTCT.1,1,vemurafenib
Data34_GSM5022596_TTCTTAGCACCAGGTC.1,1,vemurafenib
Data34_GSM5022596_TTCTTAGCACGGTAAG.1,1,vemurafenib
Data34_GSM5022596_TTCTTAGGTAGCTCCG.1,1,vemurafenib
Data34_GSM5022596_TTCTTAGGTCAAGCGA.1,1,vemurafenib
Data34_GSM5022596_TTCTTAGGTCCATCCT.1,1,vemurafenib
Data34_GSM5022596_TTCTTAGGTCCCTTGT.1,1,vemurafenib
Data34_GSM5022596_TTCTTAGGTTCGTCTC.1,1,vemurafenib
Data34_GSM5022596_TTCTTAGTCGGTTAAC.1,1,vemurafenib
Data34_GSM5022596_TTGAACGAGATGAGAG.1,1,vemurafenib
Data34_GSM5022596_TTGAACGAGTACGCGA.1,1,vemurafenib
Data34_GSM5022596_TTGAACGAGTCCAGGA.1,1,vemurafenib
Data34_GSM5022596_TTGAACGAGTGAAGTT.1,1,vemurafenib
Data34_GSM5022596_TTGAACGAGTGGTCCC.1,1,vemurafenib
Data34_GSM5022596_TTGAACGCAACGCACC.1,1,vemurafenib
Data34_GSM5022596_TTGAACGCAAGAAGAG.1,1,vemurafenib
Data34_GSM5022596_TTGAACGCAAGCGATG.1,1,vemurafenib
Data34_GSM5022596_TTGAACGCACACCGCA.1,1,vemurafenib
Data34_GSM5022596_TTGAACGCACAGACAG.1,1,vemurafenib
Data34_GSM5022596_TTGAACGGTAACGTTC.1,1,vemurafenib
Data34_GSM5022596_TTGAACGGTGGACGAT.1,1,vemurafenib
Data34_GSM5022596_TTGAACGGTGTGCGTC.1,1,vemurafenib
Data34_GSM5022596_TTGAACGGTTGAGGTG.1,1,vemurafenib
Data34_GSM5022596_TTGAACGTCACCATAG.1,1,vemurafenib
Data34_GSM5022596_TTGAACGTCTACCAGA.1,1,vemurafenib
Data34_GSM5022596_TTGACTTAGATGTTAG.1,1,vemurafenib
Data34_GSM5022596_TTGACTTAGCTAGTTC.1,1,vemurafenib
Data34_GSM5022596_TTGACTTAGTGCTGCC.1,1,vemurafenib
Data34_GSM5022596_TTGACTTAGTGTGAAT.1,1,vemurafenib
Data34_GSM5022596_TTGACTTCACAACGTT.1,1,vemurafenib
Data34_GSM5022596_TTGACTTCACCCTATC.1,1,vemurafenib
Data34_GSM5022596_TTGACTTCAGCCTATA.1,1,vemurafenib
Data34_GSM5022596_TTGACTTCAGTATCTG.1,1,vemurafenib
Data34_GSM5022596_TTGACTTCATGCGCAC.1,1,vemurafenib
Data34_GSM5022596_TTGACTTGTAAAGTCA.1,1,vemurafenib
Data34_GSM5022596_TTGACTTGTAGCTGCC.1,1,vemurafenib
Data34_GSM5022596_TTGACTTGTCCTCCAT.1,1,vemurafenib
Data34_GSM5022596_TTGACTTGTGAACCTT.1,1,vemurafenib
Data34_GSM5022596_TTGACTTGTGTATGGG.1,1,vemurafenib
Data34_GSM5022596_TTGACTTGTTGGTAAA.1,1,vemurafenib
Data34_GSM5022596_TTGACTTTCACGACTA.1,1,vemurafenib
Data34_GSM5022596_TTGACTTTCCCTGACT.1,1,vemurafenib
Data34_GSM5022596_TTGACTTTCCTAGGGC.1,1,vemurafenib
Data34_GSM5022596_TTGACTTTCGCGCCAA.1,1,vemurafenib
Data34_GSM5022596_TTGACTTTCTAACGGT.1,1,vemurafenib
Data34_GSM5022596_TTGACTTTCTAAGCCA.1,1,vemurafenib
Data34_GSM5022596_TTGACTTTCTCTGTCG.1,1,vemurafenib
Data34_GSM5022596_TTGCCGTAGACAGGCT.1,1,vemurafenib
Data34_GSM5022596_TTGCCGTAGCCCAGCT.1,1,vemurafenib
Data34_GSM5022596_TTGCCGTAGCCGTCGT.1,1,vemurafenib
Data34_GSM5022596_TTGCCGTAGGGCTTCC.1,1,vemurafenib
Data34_GSM5022596_TTGCCGTCAACGATGG.1,1,vemurafenib
Data34_GSM5022596_TTGCCGTCAGGTGGAT.1,1,vemurafenib
Data34_GSM5022596_TTGCCGTGTAAACGCG.1,1,vemurafenib
Data34_GSM5022596_TTGCCGTTCATTGCGA.1,1,vemurafenib
Data34_GSM5022596_TTGCCGTTCGCAGGCT.1,1,vemurafenib
Data34_GSM5022596_TTGCCGTTCGGTCCGA.1,1,vemurafenib
Data34_GSM5022596_TTGCCGTTCTACGAGT.1,1,vemurafenib
Data34_GSM5022596_TTGCCGTTCTTCGAGA.1,1,vemurafenib
Data34_GSM5022596_TTGCGTCAGGTGATTA.1,1,vemurafenib
Data34_GSM5022596_TTGCGTCAGTCGTTTG.1,1,vemurafenib
Data34_GSM5022596_TTGCGTCAGTTCCACA.1,1,vemurafenib
Data34_GSM5022596_TTGCGTCCACCAGATT.1,1,vemurafenib
Data34_GSM5022596_TTGCGTCCAGCCAATT.1,1,vemurafenib
Data34_GSM5022596_TTGCGTCCAGTCACTA.1,1,vemurafenib
Data34_GSM5022596_TTGCGTCGTCATACTG.1,1,vemurafenib
Data34_GSM5022596_TTGCGTCTCTCTAAGG.1,1,vemurafenib
Data34_GSM5022596_TTGCGTCTCTGCGTAA.1,1,vemurafenib
Data34_GSM5022596_TTGCGTCTCTTCATGT.1,1,vemurafenib
Data34_GSM5022596_TTGGAACAGAATGTGT.1,1,vemurafenib
Data34_GSM5022596_TTGGAACAGGACAGCT.1,1,vemurafenib
Data34_GSM5022596_TTGGAACAGTCAATAG.1,1,vemurafenib
Data34_GSM5022596_TTGGAACCAGATGAGC.1,1,vemurafenib
Data34_GSM5022596_TTGGAACCAGCGTCCA.1,1,vemurafenib
Data34_GSM5022596_TTGGAACCAGTGACAG.1,1,vemurafenib
Data34_GSM5022596_TTGGAACCATAGAAAC.1,1,vemurafenib
Data34_GSM5022596_TTGGAACCATATGCTG.1,1,vemurafenib
Data34_GSM5022596_TTGGAACGTAAGGATT.1,1,vemurafenib
Data34_GSM5022596_TTGGAACGTCTCGTTC.1,1,vemurafenib
Data34_GSM5022596_TTGGAACGTTCACCTC.1,1,vemurafenib
Data34_GSM5022596_TTGGAACTCCCACTTG.1,1,vemurafenib
Data34_GSM5022596_TTGGAACTCGCAAGCC.1,1,vemurafenib
Data34_GSM5022596_TTGGCAAAGTAACCCT.1,1,vemurafenib
Data34_GSM5022596_TTGGCAAAGTACGCCC.1,1,vemurafenib
Data34_GSM5022596_TTGGCAAAGTGACATA.1,1,vemurafenib
Data34_GSM5022596_TTGGCAACAAACCTAC.1,1,vemurafenib
Data34_GSM5022596_TTGGCAAGTCTGATTG.1,1,vemurafenib
Data34_GSM5022596_TTGGCAAGTTCCGTCT.1,1,vemurafenib
Data34_GSM5022596_TTGGCAAGTTGATTGC.1,1,vemurafenib
Data34_GSM5022596_TTGGCAATCAACGAAA.1,1,vemurafenib
Data34_GSM5022596_TTGGCAATCACATAGC.1,1,vemurafenib
Data34_GSM5022596_TTGGCAATCAGCTTAG.1,1,vemurafenib
Data34_GSM5022596_TTGGCAATCGGTTAAC.1,1,vemurafenib
Data34_GSM5022596_TTGGCAATCGGTTCGG.1,1,vemurafenib
Data34_GSM5022596_TTGGCAATCTATCCTA.1,1,vemurafenib
Data34_GSM5022596_TTGTAGGAGAGAACAG.1,1,vemurafenib
Data34_GSM5022596_TTGTAGGAGAGCCTAG.1,1,vemurafenib
Data34_GSM5022596_TTGTAGGAGGCCCGTT.1,1,vemurafenib
Data34_GSM5022596_TTGTAGGAGTATCGAA.1,1,vemurafenib
Data34_GSM5022596_TTGTAGGAGTATCTCG.1,1,vemurafenib
Data34_GSM5022596_TTGTAGGCAAGCGCTC.1,1,vemurafenib
Data34_GSM5022596_TTGTAGGCAAGCTGGA.1,1,vemurafenib
Data34_GSM5022596_TTGTAGGCACCGCTAG.1,1,vemurafenib
Data34_GSM5022596_TTGTAGGCAGTGGGAT.1,1,vemurafenib
Data34_GSM5022596_TTGTAGGCATCGATGT.1,1,vemurafenib
Data34_GSM5022596_TTGTAGGCATGGATGG.1,1,vemurafenib
Data34_GSM5022596_TTGTAGGGTCGCCATG.1,1,vemurafenib
Data34_GSM5022596_TTGTAGGGTCGCGTGT.1,1,vemurafenib
Data34_GSM5022596_TTGTAGGGTGTTTGGT.1,1,vemurafenib
Data34_GSM5022596_TTGTAGGTCATGTGGT.1,1,vemurafenib
Data34_GSM5022596_TTGTAGGTCCTCGCAT.1,1,vemurafenib
Data34_GSM5022596_TTGTAGGTCCTGCAGG.1,1,vemurafenib
Data34_GSM5022596_TTGTAGGTCGCGGATC.1,1,vemurafenib
Data34_GSM5022596_TTGTAGGTCGCTGATA.1,1,vemurafenib
Data34_GSM5022596_TTTACTGAGAGCTATA.1,1,vemurafenib
Data34_GSM5022596_TTTACTGAGGTGACCA.1,1,vemurafenib
Data34_GSM5022596_TTTACTGCACGCGAAA.1,1,vemurafenib
Data34_GSM5022596_TTTACTGCATCACCCT.1,1,vemurafenib
Data34_GSM5022596_TTTACTGCATCCTTGC.1,1,vemurafenib
Data34_GSM5022596_TTTACTGCATGCAATC.1,1,vemurafenib
Data34_GSM5022596_TTTACTGGTCATTAGC.1,1,vemurafenib
Data34_GSM5022596_TTTACTGGTCTCACCT.1,1,vemurafenib
Data34_GSM5022596_TTTACTGGTTGCGCAC.1,1,vemurafenib
Data34_GSM5022596_TTTACTGTCCAAGTAC.1,1,vemurafenib
Data34_GSM5022596_TTTATGCAGCAATCTC.1,1,vemurafenib
Data34_GSM5022596_TTTATGCAGCTGAAAT.1,1,vemurafenib
Data34_GSM5022596_TTTATGCAGGCATGGT.1,1,vemurafenib
Data34_GSM5022596_TTTATGCAGGTAAACT.1,1,vemurafenib
Data34_GSM5022596_TTTATGCAGGTGACCA.1,1,vemurafenib
Data34_GSM5022596_TTTATGCAGTGTGAAT.1,1,vemurafenib
Data34_GSM5022596_TTTATGCCAAGGGTCA.1,1,vemurafenib
Data34_GSM5022596_TTTATGCCACCATGTA.1,1,vemurafenib
Data34_GSM5022596_TTTATGCCACTAGTAC.1,1,vemurafenib
Data34_GSM5022596_TTTATGCCATACCATG.1,1,vemurafenib
Data34_GSM5022596_TTTATGCGTGAGGGTT.1,1,vemurafenib
Data34_GSM5022596_TTTATGCGTTACGGAG.1,1,vemurafenib
Data34_GSM5022596_TTTATGCTCACAACGT.1,1,vemurafenib
Data34_GSM5022596_TTTATGCTCTTGTATC.1,1,vemurafenib
Data34_GSM5022596_TTTCCTCAGCCCGAAA.1,1,vemurafenib
Data34_GSM5022596_TTTCCTCAGCGGATCA.1,1,vemurafenib
Data34_GSM5022596_TTTCCTCAGGACAGAA.1,1,vemurafenib
Data34_GSM5022596_TTTCCTCCAAGCGAGT.1,1,vemurafenib
Data34_GSM5022596_TTTCCTCCACCACCAG.1,1,vemurafenib
Data34_GSM5022596_TTTCCTCCATGCATGT.1,1,vemurafenib
Data34_GSM5022596_TTTCCTCCATGTCGAT.1,1,vemurafenib
Data34_GSM5022596_TTTCCTCCATTGAGCT.1,1,vemurafenib
Data34_GSM5022596_TTTCCTCGTGCCTTGG.1,1,vemurafenib
Data34_GSM5022596_TTTCCTCGTGCGAAAC.1,1,vemurafenib
Data34_GSM5022596_TTTCCTCTCGCGCCAA.1,1,vemurafenib
Data34_GSM5022596_TTTCCTCTCGGTCCGA.1,1,vemurafenib
Data34_GSM5022596_TTTCCTCTCGTGGGAA.1,1,vemurafenib
Data34_GSM5022596_TTTGCGCCACATTTCT.1,1,vemurafenib
Data34_GSM5022596_TTTGCGCCACTTCTGC.1,1,vemurafenib
Data34_GSM5022596_TTTGCGCCAGGGTATG.1,1,vemurafenib
Data34_GSM5022596_TTTGCGCGTCAAGCGA.1,1,vemurafenib
Data34_GSM5022596_TTTGCGCGTCAATGTC.1,1,vemurafenib
Data34_GSM5022596_TTTGCGCGTCAGGACA.1,1,vemurafenib
Data34_GSM5022596_TTTGCGCGTGATAAAC.1,1,vemurafenib
Data34_GSM5022596_TTTGCGCGTGTGGCTC.1,1,vemurafenib
Data34_GSM5022596_TTTGCGCGTGTTGAGG.1,1,vemurafenib
Data34_GSM5022596_TTTGCGCTCAGATAAG.1,1,vemurafenib
Data34_GSM5022596_TTTGCGCTCCGCGTTT.1,1,vemurafenib
Data34_GSM5022596_TTTGCGCTCTTCTGGC.1,1,vemurafenib
Data34_GSM5022596_TTTGGTTAGAGCTTCT.1,1,vemurafenib
Data34_GSM5022596_TTTGGTTAGCGACGTA.1,1,vemurafenib
Data34_GSM5022596_TTTGGTTCACAACTGT.1,1,vemurafenib
Data34_GSM5022596_TTTGGTTCACCACGTG.1,1,vemurafenib
Data34_GSM5022596_TTTGGTTCACGGCGTT.1,1,vemurafenib
Data34_GSM5022596_TTTGGTTCAGAGCCAA.1,1,vemurafenib
Data34_GSM5022596_TTTGGTTCAGGTGGAT.1,1,vemurafenib
Data34_GSM5022596_TTTGGTTCATCGGGTC.1,1,vemurafenib
Data34_GSM5022596_TTTGGTTGTATGAATG.1,1,vemurafenib
Data34_GSM5022596_TTTGGTTGTCGCGGTT.1,1,vemurafenib
Data34_GSM5022596_TTTGGTTGTCGGCTCA.1,1,vemurafenib
Data34_GSM5022596_TTTGGTTGTGCAGTAG.1,1,vemurafenib
Data34_GSM5022596_TTTGGTTGTTCGGCAC.1,1,vemurafenib
Data34_GSM5022596_TTTGGTTGTTGAACTC.1,1,vemurafenib
Data34_GSM5022596_TTTGGTTTCCCGGATG.1,1,vemurafenib
Data34_GSM5022596_TTTGTCAAGAAGGTGA.1,1,vemurafenib
Data34_GSM5022596_TTTGTCAAGATGAGAG.1,1,vemurafenib
Data34_GSM5022596_TTTGTCAAGGATGCGT.1,1,vemurafenib
Data34_GSM5022596_TTTGTCACAATCTACG.1,1,vemurafenib
Data34_GSM5022596_TTTGTCACACGGCGTT.1,1,vemurafenib
Data34_GSM5022596_TTTGTCACATCTCGCT.1,1,vemurafenib
Data34_GSM5022596_TTTGTCAGTAGGCTGA.1,1,vemurafenib
Data34_GSM5022596_TTTGTCAGTCCTCCAT.1,1,vemurafenib
Data34_GSM5022596_TTTGTCAGTCGGCTCA.1,1,vemurafenib
Data34_GSM5022596_TTTGTCAGTGGTCTCG.1,1,vemurafenib
Data34_GSM5022596_TTTGTCATCCAAATGC.1,1,vemurafenib
Data34_GSM5022596_TTTGTCATCCAGGGCT.1,1,vemurafenib
Data34_GSM5022596_TTTGTCATCTTGGGTA.1,1,vemurafenib
