cell,label,drug
GSM5664353_AAAACACAAGTT,1,gemcitabine
GSM5664353_AAAACCTGCCTG,1,gemcitabine
GSM5664353_AAAAGGCTAATC,1,gemcitabine
GSM5664353_AAAAGTGGTGCC,1,gemcitabine
GSM5664353_AAAAGTTAACTC,1,gemcitabine
GSM5664353_AAAATGAGCGGG,1,gemcitabine
GSM5664353_AAACAATTGCAA,1,gemcitabine
GSM5664353_AAACATCTGTTG,1,gemcitabine
GSM5664353_AAACCACAGAAA,1,gemcitabine
GSM5664353_AAACCTTACCCT,1,gemcitabine
GSM5664353_AAACGGCGCTGA,1,gemcitabine
GSM5664353_AAAGACGATGTA,1,gemcitabine
GSM5664353_AAAGTAGCCGAG,1,gemcitabine
GSM5664353_AAAGTTTCCGCT,1,gemcitabine
GSM5664353_AAATAACATAAG,1,gemcitabine
GSM5664353_AACAAAAGTTTC,1,gemcitabine
GSM5664353_AACAGATATGAG,1,gemcitabine
GSM5664353_AACAGCCGATTT,1,gemcitabine
GSM5664353_AACAGGGTGGCA,1,gemcitabine
GSM5664353_AACATCCACCGA,1,gemcitabine
GSM5664353_AACATCTCGTTA,1,gemcitabine
GSM5664353_AACCAAGCGGAT,1,gemcitabine
GSM5664353_AACCAGGAGACG,1,gemcitabine
GSM5664353_AACCGGTTTATC,1,gemcitabine
GSM5664353_AACCTGCCTCTA,1,gemcitabine
GSM5664353_AACGATGCAGAA,1,gemcitabine
GSM5664353_AACGGATCATCG,1,gemcitabine
GSM5664353_AACTATCGTGGC,1,gemcitabine
GSM5664353_AACTCAGGAAAG,1,gemcitabine
GSM5664353_AACTCGTCCAAT,1,gemcitabine
GSM5664353_AAGAGCATAAAG,1,gemcitabine
GSM5664353_AAGAGCTTATCT,1,gemcitabine
GSM5664353_AAGATCTTCATT,1,gemcitabine
GSM5664353_AAGATTGTGAAT,1,gemcitabine
GSM5664353_AAGATTTGGAAC,1,gemcitabine
GSM5664353_AAGCCAGTGTAT,1,gemcitabine
GSM5664353_AAGCCGGTCCCA,1,gemcitabine
GSM5664353_AAGCGACGCGCT,1,gemcitabine
GSM5664353_AAGCGAGGTATG,1,gemcitabine
GSM5664353_AAGCGTGTATGC,1,gemcitabine
GSM5664353_AAGCTAATACCG,1,gemcitabine
GSM5664353_AAGGACAGCTCA,1,gemcitabine
GSM5664353_AAGGTAGGCTGT,1,gemcitabine
GSM5664353_AAGGTTTAATAT,1,gemcitabine
GSM5664353_AAGTAAGTTCGT,1,gemcitabine
GSM5664353_AAGTATTGACCG,1,gemcitabine
GSM5664353_AAGTCAGCGCAA,1,gemcitabine
GSM5664353_AAGTGGTTCTAT,1,gemcitabine
GSM5664353_AATACGGGAACC,1,gemcitabine
GSM5664353_AATAGCGTTAGC,1,gemcitabine
GSM5664353_AATATAACGGCC,1,gemcitabine
GSM5664353_AATATTGGTCAG,1,gemcitabine
GSM5664353_AATCGAGAGTAG,1,gemcitabine
GSM5664353_AATCGCGCACTA,1,gemcitabine
GSM5664353_AATCTGCCTCTC,1,gemcitabine
GSM5664353_AATGGATCGGTT,1,gemcitabine
GSM5664353_AATTAGCCTCGT,1,gemcitabine
GSM5664353_ACAAGCCTAGTA,1,gemcitabine
GSM5664353_ACAATAATGTGC,1,gemcitabine
GSM5664353_ACACCAAGGAAC,1,gemcitabine
GSM5664353_ACAGAGATACCG,1,gemcitabine
GSM5664353_ACAGCCTTCGCG,1,gemcitabine
GSM5664353_ACAGCGTATACC,1,gemcitabine
GSM5664353_ACAGGAGTCTCA,1,gemcitabine
GSM5664353_ACAGGTTGTACC,1,gemcitabine
GSM5664353_ACAGTCAAGAAA,1,gemcitabine
GSM5664353_ACAGTCTTCAGC,1,gemcitabine
GSM5664353_ACATCGCAGATC,1,gemcitabine
GSM5664353_ACATTCACGGAC,1,gemcitabine
GSM5664353_ACCAACACCCCT,1,gemcitabine
GSM5664353_ACCAAGATTTGA,1,gemcitabine
GSM5664353_ACCACCTTAACT,1,gemcitabine
GSM5664353_ACCACGGTCGAC,1,gemcitabine
GSM5664353_ACCAGCCGTACT,1,gemcitabine
GSM5664353_ACCATGCAGAGT,1,gemcitabine
GSM5664353_ACCATGGACGCC,1,gemcitabine
GSM5664353_ACCCCACATACG,1,gemcitabine
GSM5664353_ACCCGGTCAGAT,1,gemcitabine
GSM5664353_ACCCTGCCGTGT,1,gemcitabine
GSM5664353_ACCGAAAACTCC,1,gemcitabine
GSM5664353_ACCGAGACATCT,1,gemcitabine
GSM5664353_ACCGCAATAACC,1,gemcitabine
GSM5664353_ACCGGCTCGTGT,1,gemcitabine
GSM5664353_ACCTAGTATGGA,1,gemcitabine
GSM5664353_ACCTCTAGAGTA,1,gemcitabine
GSM5664353_ACGAACGTTAAA,1,gemcitabine
GSM5664353_ACGAGGTGAAGA,1,gemcitabine
GSM5664353_ACGATAGCGAGT,1,gemcitabine
GSM5664353_ACGCAACTGACG,1,gemcitabine
GSM5664353_ACGCGAATGGGT,1,gemcitabine
GSM5664353_ACGGCGGAAACC,1,gemcitabine
GSM5664353_ACGGGCGGCTTA,1,gemcitabine
GSM5664353_ACGGGTCCTCTC,1,gemcitabine
GSM5664353_ACGGTGGCACCA,1,gemcitabine
GSM5664353_ACGTAGGCTGAT,1,gemcitabine
GSM5664353_ACGTCGAGAAAG,1,gemcitabine
GSM5664353_ACGTGAAAGTGC,1,gemcitabine
GSM5664353_ACGTTGACTGAA,1,gemcitabine
GSM5664353_ACGTTGGCCCGC,1,gemcitabine
GSM5664353_ACTAACTGGTCG,1,gemcitabine
GSM5664353_ACTACAAACAGG,1,gemcitabine
GSM5664353_ACTACAGGACAC,1,gemcitabine
GSM5664353_ACTACTAAATGT,1,gemcitabine
GSM5664353_ACTCAATTGAAA,1,gemcitabine
GSM5664353_ACTCCAGCTCCG,1,gemcitabine
GSM5664353_ACTCCGTATATG,1,gemcitabine
GSM5664353_ACTGACTAGATG,1,gemcitabine
GSM5664353_ACTGCCATCACG,1,gemcitabine
GSM5664353_ACTGCCGTTCTC,1,gemcitabine
GSM5664353_ACTGCGCACTCG,1,gemcitabine
GSM5664353_ACTGCTCTGGGA,1,gemcitabine
GSM5664353_ACTTATGTTCCG,1,gemcitabine
GSM5664353_ACTTCTTTAACC,1,gemcitabine
GSM5664353_ACTTGATAGACA,1,gemcitabine
GSM5664353_ACTTTGTCCTTA,1,gemcitabine
GSM5664353_AGAAACTACCCA,1,gemcitabine
GSM5664353_AGAATACTGCGA,1,gemcitabine
GSM5664353_AGACTAGCGCGG,1,gemcitabine
GSM5664353_AGACTTGAAAGC,1,gemcitabine
GSM5664353_AGAGAGATTATG,1,gemcitabine
GSM5664353_AGAGGCACTCCA,1,gemcitabine
GSM5664353_AGAGTGTCAGTA,1,gemcitabine
GSM5664353_AGCACCGTATCC,1,gemcitabine
GSM5664353_AGCACGTTGCCG,1,gemcitabine
GSM5664353_AGCCCGACTTTT,1,gemcitabine
GSM5664353_AGCGCTAGTTTG,1,gemcitabine
GSM5664353_AGCTTCGCAGCG,1,gemcitabine
GSM5664353_AGGAAACTGAAT,1,gemcitabine
GSM5664353_AGGCAATCAATA,1,gemcitabine
GSM5664353_AGGCATTCGCAC,1,gemcitabine
GSM5664353_AGGCCCTCAGGA,1,gemcitabine
GSM5664353_AGGCTCCGGGTA,1,gemcitabine
GSM5664353_AGGGCAGGTGCT,1,gemcitabine
GSM5664353_AGGTAAGCGGAC,1,gemcitabine
GSM5664353_AGGTTTCCTCTA,1,gemcitabine
GSM5664353_AGTATTACAACT,1,gemcitabine
GSM5664353_AGTCCGGCTCCA,1,gemcitabine
GSM5664353_AGTCGGGACCGG,1,gemcitabine
GSM5664353_AGTCTCAGTAAG,1,gemcitabine
GSM5664353_AGTGAAGCAGCG,1,gemcitabine
GSM5664353_AGTGCATAGCGG,1,gemcitabine
GSM5664353_AGTTAAGCAGGG,1,gemcitabine
GSM5664353_AGTTGCTAAGTG,1,gemcitabine
GSM5664353_ATACCTTCCTAA,1,gemcitabine
GSM5664353_ATAGGCGTATGG,1,gemcitabine
GSM5664353_ATCAAGAACCAA,1,gemcitabine
GSM5664353_ATCACGATCCAC,1,gemcitabine
GSM5664353_ATCCAGTGTAAT,1,gemcitabine
GSM5664353_ATCCCATGGAAT,1,gemcitabine
GSM5664353_ATCCGTGATTGC,1,gemcitabine
GSM5664353_ATCGACACCTGT,1,gemcitabine
GSM5664353_ATCGATATGGGA,1,gemcitabine
GSM5664353_ATCGGGACTACC,1,gemcitabine
GSM5664353_ATCGTTCTACGA,1,gemcitabine
GSM5664353_ATCGTTCTACGC,1,gemcitabine
GSM5664353_ATCGTTCTACGG,1,gemcitabine
GSM5664353_ATCGTTCTACGT,1,gemcitabine
GSM5664353_ATCGTTTACAAC,1,gemcitabine
GSM5664353_ATGAGAGAGTTG,1,gemcitabine
GSM5664353_ATGGAGACTTCA,1,gemcitabine
GSM5664353_ATGGGGCTTGGG,1,gemcitabine
GSM5664353_ATGGTATCTGAT,1,gemcitabine
GSM5664353_ATGGTTCACGCT,1,gemcitabine
GSM5664353_ATGTAGCAGTAC,1,gemcitabine
GSM5664353_ATGTCAAATAAA,1,gemcitabine
GSM5664353_ATTAACGGGGCG,1,gemcitabine
GSM5664353_ATTATTACTGCG,1,gemcitabine
GSM5664353_ATTCGCTCTCTG,1,gemcitabine
GSM5664353_ATTGACGTATTA,1,gemcitabine
GSM5664353_ATTGATGCCGAG,1,gemcitabine
GSM5664353_ATTGCAAAAATA,1,gemcitabine
GSM5664353_ATTGCGGATCAA,1,gemcitabine
GSM5664353_ATTGGAGTGGGG,1,gemcitabine
GSM5664353_ATTGTAGGCCTC,1,gemcitabine
GSM5664353_ATTGTGATAAGC,1,gemcitabine
GSM5664353_ATTTATCACGGT,1,gemcitabine
GSM5664353_ATTTATGTCTTA,1,gemcitabine
GSM5664353_CAAACGAAATGC,1,gemcitabine
GSM5664353_CAACAGATTTGT,1,gemcitabine
GSM5664353_CAACTTACCGTC,1,gemcitabine
GSM5664353_CAAGAACAGCAA,1,gemcitabine
GSM5664353_CAAGAGCCACTG,1,gemcitabine
GSM5664353_CAATCATAGGGC,1,gemcitabine
GSM5664353_CAATCTCAAAAT,1,gemcitabine
GSM5664353_CACAATCGCGTC,1,gemcitabine
GSM5664353_CACAGATGGGAC,1,gemcitabine
GSM5664353_CACCCAGTGAGA,1,gemcitabine
GSM5664353_CACCGCATCACC,1,gemcitabine
GSM5664353_CACCGCCTATAA,1,gemcitabine
GSM5664353_CACCGGACCGAA,1,gemcitabine
GSM5664353_CACCGGACCGAC,1,gemcitabine
GSM5664353_CACCGGACCGAG,1,gemcitabine
GSM5664353_CACCGTAACATT,1,gemcitabine
GSM5664353_CACCGTTAACTA,1,gemcitabine
GSM5664353_CACCTAGTAAAT,1,gemcitabine
GSM5664353_CACCTCGTGGAA,1,gemcitabine
GSM5664353_CACGAAAGGTCC,1,gemcitabine
GSM5664353_CACGGAATTAAG,1,gemcitabine
GSM5664353_CACGGCGAAGCG,1,gemcitabine
GSM5664353_CACGGGGCTCTC,1,gemcitabine
GSM5664353_CACGGGGCTCTG,1,gemcitabine
GSM5664353_CACGGGGCTCTT,1,gemcitabine
GSM5664353_CACGGTAGTAAG,1,gemcitabine
GSM5664353_CACTATGCGAAC,1,gemcitabine
GSM5664353_CACTATGCTGTG,1,gemcitabine
GSM5664353_CAGAAGCGGCCA,1,gemcitabine
GSM5664353_CAGATCATGTGC,1,gemcitabine
GSM5664353_CAGCAGGGGCTG,1,gemcitabine
GSM5664353_CAGCCAATCATC,1,gemcitabine
GSM5664353_CAGCGGCTTGTA,1,gemcitabine
GSM5664353_CAGCGTGTAACG,1,gemcitabine
GSM5664353_CAGGAAATGCGT,1,gemcitabine
GSM5664353_CAGGATTCATTT,1,gemcitabine
GSM5664353_CAGGGAAGAGGA,1,gemcitabine
GSM5664353_CAGGGAGCAACA,1,gemcitabine
GSM5664353_CAGTAAGCCATC,1,gemcitabine
GSM5664353_CATACACGGTGC,1,gemcitabine
GSM5664353_CATAGAGACTTC,1,gemcitabine
GSM5664353_CATAGAGGCACA,1,gemcitabine
GSM5664353_CATCAGACGCCG,1,gemcitabine
GSM5664353_CATCATGCTCCA,1,gemcitabine
GSM5664353_CATCGCCTGTCT,1,gemcitabine
GSM5664353_CATCTATGCTTA,1,gemcitabine
GSM5664353_CATGGATATGCA,1,gemcitabine
GSM5664353_CATTACCAACTA,1,gemcitabine
GSM5664353_CCAACACCGCGA,1,gemcitabine
GSM5664353_CCACATCCACCA,1,gemcitabine
GSM5664353_CCACCCCTTAAC,1,gemcitabine
GSM5664353_CCACCGCTCCCT,1,gemcitabine
GSM5664353_CCAGAATCAGAA,1,gemcitabine
GSM5664353_CCAGGAGCTCAA,1,gemcitabine
GSM5664353_CCAGTGACACAA,1,gemcitabine
GSM5664353_CCATCGGAACCC,1,gemcitabine
GSM5664353_CCATGGAAACCG,1,gemcitabine
GSM5664353_CCCAAGAACCGA,1,gemcitabine
GSM5664353_CCCAAGGGGGCA,1,gemcitabine
GSM5664353_CCCACGCTATGC,1,gemcitabine
GSM5664353_CCCAGAATGCAC,1,gemcitabine
GSM5664353_CCCCCGACAACC,1,gemcitabine
GSM5664353_CCCCTAGGCCGT,1,gemcitabine
GSM5664353_CCCCTGAGAGGC,1,gemcitabine
GSM5664353_CCCCTGAGCTTC,1,gemcitabine
GSM5664353_CCCCTTCCTGGA,1,gemcitabine
GSM5664353_CCCGAAAGGCTG,1,gemcitabine
GSM5664353_CCCTAGCAAATG,1,gemcitabine
GSM5664353_CCCTCCAGTGCG,1,gemcitabine
GSM5664353_CCCTGTCCTATA,1,gemcitabine
GSM5664353_CCGAATTTTCAA,1,gemcitabine
GSM5664353_CCGACGTTACCT,1,gemcitabine
GSM5664353_CCGACTGCATAC,1,gemcitabine
GSM5664353_CCGAGCATATGT,1,gemcitabine
GSM5664353_CCGATCGTCCAG,1,gemcitabine
GSM5664353_CCGATTGCACCA,1,gemcitabine
GSM5664353_CCGCACTGCTTT,1,gemcitabine
GSM5664353_CCGCCGATACGC,1,gemcitabine
GSM5664353_CCGCCGGATATG,1,gemcitabine
GSM5664353_CCGCCTCCAATT,1,gemcitabine
GSM5664353_CCGCGGCATCAT,1,gemcitabine
GSM5664353_CCGCTCCAAGAC,1,gemcitabine
GSM5664353_CCGGAAGTCCCT,1,gemcitabine
GSM5664353_CCGGTCAGGGTC,1,gemcitabine
GSM5664353_CCGGTGAGCAAG,1,gemcitabine
GSM5664353_CCTAATAGGCAT,1,gemcitabine
GSM5664353_CCTACGACTTAA,1,gemcitabine
GSM5664353_CCTACGACTTAC,1,gemcitabine
GSM5664353_CCTACGACTTAG,1,gemcitabine
GSM5664353_CCTCAGAGATCT,1,gemcitabine
GSM5664353_CCTCCATAGTCC,1,gemcitabine
GSM5664353_CCTCGGATAAAG,1,gemcitabine
GSM5664353_CCTCTCAGGTAT,1,gemcitabine
GSM5664353_CCTGAGAAACCT,1,gemcitabine
GSM5664353_CCTGATGGAGGT,1,gemcitabine
GSM5664353_CCTGCCGCCGGT,1,gemcitabine
GSM5664353_CCTGGTGAGGAA,1,gemcitabine
GSM5664353_CCTGTTAGAATA,1,gemcitabine
GSM5664353_CCTGTTTACGAC,1,gemcitabine
GSM5664353_CCTTCCGTTCCG,1,gemcitabine
GSM5664353_CGAACTTACCAA,1,gemcitabine
GSM5664353_CGAACTTGGCGT,1,gemcitabine
GSM5664353_CGAAGAGTACAG,1,gemcitabine
GSM5664353_CGAAGGGTGAGA,1,gemcitabine
GSM5664353_CGAATAGACTTA,1,gemcitabine
GSM5664353_CGAATTCTGTAA,1,gemcitabine
GSM5664353_CGACACTACCGA,1,gemcitabine
GSM5664353_CGACCCCCACAT,1,gemcitabine
GSM5664353_CGAGACCATAAC,1,gemcitabine
GSM5664353_CGAGCAGATACC,1,gemcitabine
GSM5664353_CGAGCCACTGGA,1,gemcitabine
GSM5664353_CGATATTCAGCT,1,gemcitabine
GSM5664353_CGATCCTACCTA,1,gemcitabine
GSM5664353_CGATCGAGCTGG,1,gemcitabine
GSM5664353_CGATCTTTCTTG,1,gemcitabine
GSM5664353_CGATGCGAGTAT,1,gemcitabine
GSM5664353_CGATTAGGACAT,1,gemcitabine
GSM5664353_CGATTCTCCGGA,1,gemcitabine
GSM5664353_CGATTGGGCCAC,1,gemcitabine
GSM5664353_CGCAAGCGCTAA,1,gemcitabine
GSM5664353_CGCAGAATAGTC,1,gemcitabine
GSM5664353_CGCAGGCATGGC,1,gemcitabine
GSM5664353_CGCATTACGACA,1,gemcitabine
GSM5664353_CGCCAAGGGCCC,1,gemcitabine
GSM5664353_CGCCACCTTTGT,1,gemcitabine
GSM5664353_CGCCCCATTGGT,1,gemcitabine
GSM5664353_CGCCGATGCTCC,1,gemcitabine
GSM5664353_CGCCTGTTTCTG,1,gemcitabine
GSM5664353_CGCGCCACCACG,1,gemcitabine
GSM5664353_CGCGGGGTCTGC,1,gemcitabine
GSM5664353_CGCGTAATCGTA,1,gemcitabine
GSM5664353_CGCGTGACAGTG,1,gemcitabine
GSM5664353_CGCTACTTTAGA,1,gemcitabine
GSM5664353_CGCTAGAGCTAT,1,gemcitabine
GSM5664353_CGCTCTCGGCGT,1,gemcitabine
GSM5664353_CGGAGCTTTCAC,1,gemcitabine
GSM5664353_CGGATGAGCCTG,1,gemcitabine
GSM5664353_CGGATTTACAGG,1,gemcitabine
GSM5664353_CGGCACTACTGC,1,gemcitabine
GSM5664353_CGGCCAGGTCGC,1,gemcitabine
GSM5664353_CGGCCGAGAGCA,1,gemcitabine
GSM5664353_CGGCCGATCTGG,1,gemcitabine
GSM5664353_CGGCGACGTGCG,1,gemcitabine
GSM5664353_CGGCTAGTATGG,1,gemcitabine
GSM5664353_CGGCTTCGTGTA,1,gemcitabine
GSM5664353_CGGCTTTGAGTC,1,gemcitabine
GSM5664353_CGGGAGACCCTG,1,gemcitabine
GSM5664353_CGGGCTTGCGCG,1,gemcitabine
GSM5664353_CGGGGGGATGGC,1,gemcitabine
GSM5664353_CGGGTTTACCGT,1,gemcitabine
GSM5664353_CGGTCTAGCCGA,1,gemcitabine
GSM5664353_CGGTGGTGCGGA,1,gemcitabine
GSM5664353_CGGTTGTAAAAT,1,gemcitabine
GSM5664353_CGGTTTTGCCCT,1,gemcitabine
GSM5664353_CGTAAGTGTGGG,1,gemcitabine
GSM5664353_CGTACACACCGA,1,gemcitabine
GSM5664353_CGTACATATCAC,1,gemcitabine
GSM5664353_CGTACCCAATCG,1,gemcitabine
GSM5664353_CGTACCGTTCCC,1,gemcitabine
GSM5664353_CGTCATGTGACC,1,gemcitabine
GSM5664353_CGTCCCTGGGGC,1,gemcitabine
GSM5664353_CGTCGTGAAGAA,1,gemcitabine
GSM5664353_CGTGAGGCATCT,1,gemcitabine
GSM5664353_CGTGAGGTTGCA,1,gemcitabine
GSM5664353_CGTGCTACGTTG,1,gemcitabine
GSM5664353_CGTTAAATGGTT,1,gemcitabine
GSM5664353_CGTTGTCTTGCA,1,gemcitabine
GSM5664353_CGTTTATGTTTA,1,gemcitabine
GSM5664353_CGTTTGCAAGGG,1,gemcitabine
GSM5664353_CTAACTTAGTAA,1,gemcitabine
GSM5664353_CTACACTTCTAA,1,gemcitabine
GSM5664353_CTACCCGCCGTT,1,gemcitabine
GSM5664353_CTACGAGATCGA,1,gemcitabine
GSM5664353_CTACGGGGTACT,1,gemcitabine
GSM5664353_CTACGTATGACC,1,gemcitabine
GSM5664353_CTACTTTCCCGT,1,gemcitabine
GSM5664353_CTAGAGAAACAT,1,gemcitabine
GSM5664353_CTAGGGATGCGG,1,gemcitabine
GSM5664353_CTATCAACGACC,1,gemcitabine
GSM5664353_CTATCAACGCCC,1,gemcitabine
GSM5664353_CTCACCCGGCCT,1,gemcitabine
GSM5664353_CTCAGAACTTCG,1,gemcitabine
GSM5664353_CTCCGGGGACTT,1,gemcitabine
GSM5664353_CTCCGTCCAGCA,1,gemcitabine
GSM5664353_CTCCGTGTTGTT,1,gemcitabine
GSM5664353_CTCCTATAAGGC,1,gemcitabine
GSM5664353_CTCCTGCAAGAT,1,gemcitabine
GSM5664353_CTCGAGCGATAG,1,gemcitabine
GSM5664353_CTCGTAGTATAC,1,gemcitabine
GSM5664353_CTCGTATGACTA,1,gemcitabine
GSM5664353_CTCTAACGAACA,1,gemcitabine
GSM5664353_CTCTAGTTATTC,1,gemcitabine
GSM5664353_CTCTGTCACCGA,1,gemcitabine
GSM5664353_CTGACAACACGA,1,gemcitabine
GSM5664353_CTGAGCCCTCAC,1,gemcitabine
GSM5664353_CTGCAGACCCAT,1,gemcitabine
GSM5664353_CTGGGTACGAAG,1,gemcitabine
GSM5664353_CTGGTTTCGTCT,1,gemcitabine
GSM5664353_CTGTCTTTATCA,1,gemcitabine
GSM5664353_CTTCAATCAACC,1,gemcitabine
GSM5664353_CTTCCCAGATCG,1,gemcitabine
GSM5664353_CTTCGTACATCA,1,gemcitabine
GSM5664353_CTTTTTAAAAAC,1,gemcitabine
GSM5664353_GAAACTAAGTCG,1,gemcitabine
GSM5664353_GAACATATAGTG,1,gemcitabine
GSM5664353_GAACGAAGTGCC,1,gemcitabine
GSM5664353_GAACTGCGAGCA,1,gemcitabine
GSM5664353_GAAGGGCGACAA,1,gemcitabine
GSM5664353_GAAGTCTCGGAG,1,gemcitabine
GSM5664353_GAAGTTAACTTA,1,gemcitabine
GSM5664353_GAATACGGTTAG,1,gemcitabine
GSM5664353_GAATATGGGAAG,1,gemcitabine
GSM5664353_GAATTCTAAGCG,1,gemcitabine
GSM5664353_GACACGTAGAGC,1,gemcitabine
GSM5664353_GACAGAGTAACG,1,gemcitabine
GSM5664353_GACATGTGTCTA,1,gemcitabine
GSM5664353_GACCAAGGGGCT,1,gemcitabine
GSM5664353_GACCAGGACCAC,1,gemcitabine
GSM5664353_GACCCTAGCTAA,1,gemcitabine
GSM5664353_GACCCTTATGGT,1,gemcitabine
GSM5664353_GACCGCGAATGG,1,gemcitabine
GSM5664353_GACTGCGACGAC,1,gemcitabine
GSM5664353_GACTTACGCCTA,1,gemcitabine
GSM5664353_GACTTGACGAGG,1,gemcitabine
GSM5664353_GAGAGGTCGATT,1,gemcitabine
GSM5664353_GAGCGGGCCGGT,1,gemcitabine
GSM5664353_GAGGGCATAGTT,1,gemcitabine
GSM5664353_GAGGTGGCTATT,1,gemcitabine
GSM5664353_GAGTGCAGTTGA,1,gemcitabine
GSM5664353_GAGTTTGGGGAC,1,gemcitabine
GSM5664353_GATACAGGATTA,1,gemcitabine
GSM5664353_GATACTTAAGCT,1,gemcitabine
GSM5664353_GATAGGACTATC,1,gemcitabine
GSM5664353_GATATTACAAAA,1,gemcitabine
GSM5664353_GATCCTATTCGT,1,gemcitabine
GSM5664353_GATCGCGTACGA,1,gemcitabine
GSM5664353_GATCGTTCGAGT,1,gemcitabine
GSM5664353_GATCTTCTATTG,1,gemcitabine
GSM5664353_GATGGATCAAGT,1,gemcitabine
GSM5664353_GATGTTCGGTTA,1,gemcitabine
GSM5664353_GATTAAGAGACC,1,gemcitabine
GSM5664353_GATTAGGGCAAC,1,gemcitabine
GSM5664353_GATTCGGGCCTG,1,gemcitabine
GSM5664353_GATTGACGCGCA,1,gemcitabine
GSM5664353_GATTTCTACCCG,1,gemcitabine
GSM5664353_GATTTTGGAGCA,1,gemcitabine
GSM5664353_GCACACGCCGGT,1,gemcitabine
GSM5664353_GCACCGAGGCCG,1,gemcitabine
GSM5664353_GCAGTTTACCAA,1,gemcitabine
GSM5664353_GCATAATCTGAC,1,gemcitabine
GSM5664353_GCATCCCGCTAT,1,gemcitabine
GSM5664353_GCATGGAAATAG,1,gemcitabine
GSM5664353_GCATGTGGCTCC,1,gemcitabine
GSM5664353_GCATTTGCATCC,1,gemcitabine
GSM5664353_GCCAAACTCTGG,1,gemcitabine
GSM5664353_GCCCCATTCACC,1,gemcitabine
GSM5664353_GCCGCACGGCTC,1,gemcitabine
GSM5664353_GCCGCAGAGTCG,1,gemcitabine
GSM5664353_GCCGCTTACCTC,1,gemcitabine
GSM5664353_GCCGTGGTAACT,1,gemcitabine
GSM5664353_GCCTCAGTTAAA,1,gemcitabine
GSM5664353_GCGACGCCCCCC,1,gemcitabine
GSM5664353_GCGACTAGATAG,1,gemcitabine
GSM5664353_GCGAGGATCCAT,1,gemcitabine
GSM5664353_GCGAGGTGTCTT,1,gemcitabine
GSM5664353_GCGCACGAAAGA,1,gemcitabine
GSM5664353_GCGCTCCGGAAT,1,gemcitabine
GSM5664353_GCGCTCTAAGCT,1,gemcitabine
GSM5664353_GCGGAGACACTT,1,gemcitabine
GSM5664353_GCGGGACTTCTT,1,gemcitabine
GSM5664353_GCGGTCGGTAAT,1,gemcitabine
GSM5664353_GCGTAGTCACTT,1,gemcitabine
GSM5664353_GCGTCTATTGAA,1,gemcitabine
GSM5664353_GCGTGAGCAGCT,1,gemcitabine
GSM5664353_GCGTGCTCTGGA,1,gemcitabine
GSM5664353_GCGTGTGTTCCA,1,gemcitabine
GSM5664353_GCTAACTTCCAG,1,gemcitabine
GSM5664353_GCTAAGGCACAC,1,gemcitabine
GSM5664353_GCTACTCTTATC,1,gemcitabine
GSM5664353_GCTCTGTGTAAT,1,gemcitabine
GSM5664353_GCTGCATCGAAC,1,gemcitabine
GSM5664353_GCTGGAACTCAC,1,gemcitabine
GSM5664353_GCTTACCTCGAT,1,gemcitabine
GSM5664353_GCTTACTCCGCG,1,gemcitabine
GSM5664353_GCTTTCGCCAAT,1,gemcitabine
GSM5664353_GCTTTTAACATT,1,gemcitabine
GSM5664353_GGAAAAGTACTG,1,gemcitabine
GSM5664353_GGAACCCGCGCA,1,gemcitabine
GSM5664353_GGACAATTAGAT,1,gemcitabine
GSM5664353_GGACCGATAACT,1,gemcitabine
GSM5664353_GGACCGTCAATA,1,gemcitabine
GSM5664353_GGACGGAGATAG,1,gemcitabine
GSM5664353_GGACGGTACCTA,1,gemcitabine
GSM5664353_GGACTAGTTGTC,1,gemcitabine
GSM5664353_GGAGAGTTCAGC,1,gemcitabine
GSM5664353_GGATGCTTGGTA,1,gemcitabine
GSM5664353_GGATTTTTAACC,1,gemcitabine
GSM5664353_GGCCGTAAGCCT,1,gemcitabine
GSM5664353_GGCCTGGCGGAG,1,gemcitabine
GSM5664353_GGCTGCGCTTCT,1,gemcitabine
GSM5664353_GGCTTGGTGCAA,1,gemcitabine
GSM5664353_GGCTTGGTGCAC,1,gemcitabine
GSM5664353_GGCTTGGTGCAG,1,gemcitabine
GSM5664353_GGGAAAAAACGA,1,gemcitabine
GSM5664353_GGGAGTCAATCC,1,gemcitabine
GSM5664353_GGGATGTGTTTA,1,gemcitabine
GSM5664353_GGGATTTATTAC,1,gemcitabine
GSM5664353_GGGCCATGGGCG,1,gemcitabine
GSM5664353_GGGCCCATAATG,1,gemcitabine
GSM5664353_GGGCCCCGGTGG,1,gemcitabine
GSM5664353_GGGGAATTAACG,1,gemcitabine
GSM5664353_GGGGCGCTTCGC,1,gemcitabine
GSM5664353_GGGGCTAGGCCC,1,gemcitabine
GSM5664353_GGGGGGGGGGGG,1,gemcitabine
GSM5664353_GGGGTCGAATTA,1,gemcitabine
GSM5664353_GGGGTGGCTGAC,1,gemcitabine
GSM5664353_GGGTAAACTTCG,1,gemcitabine
GSM5664353_GGGTACGCGGAG,1,gemcitabine
GSM5664353_GGTAAGAGGCAG,1,gemcitabine
GSM5664353_GGTACTTGGACC,1,gemcitabine
GSM5664353_GGTATAGCAGCG,1,gemcitabine
GSM5664353_GGTCACGTAGAT,1,gemcitabine
GSM5664353_GGTCCCGGGCGT,1,gemcitabine
GSM5664353_GGTCGCCGGCAA,1,gemcitabine
GSM5664353_GGTCGTCGCGAC,1,gemcitabine
GSM5664353_GGTTAATTCAAC,1,gemcitabine
GSM5664353_GGTTACAGGTGC,1,gemcitabine
GSM5664353_GGTTATGTTGGG,1,gemcitabine
GSM5664353_GGTTCACTTGTA,1,gemcitabine
GSM5664353_GGTTGCTAGGGA,1,gemcitabine
GSM5664353_GGTTTCGGATCT,1,gemcitabine
GSM5664353_GTAATCCTGGTC,1,gemcitabine
GSM5664353_GTACACTCTTAA,1,gemcitabine
GSM5664353_GTAGAACGGCCG,1,gemcitabine
GSM5664353_GTAGCACTGAAA,1,gemcitabine
GSM5664353_GTAGCGTATGAG,1,gemcitabine
GSM5664353_GTAGCTATCGAC,1,gemcitabine
GSM5664353_GTAGTACGTGCG,1,gemcitabine
GSM5664353_GTATGGAATAGT,1,gemcitabine
GSM5664353_GTATGTGTTTAT,1,gemcitabine
GSM5664353_GTCAATGAATAC,1,gemcitabine
GSM5664353_GTCACACTCCAG,1,gemcitabine
GSM5664353_GTCAGACGATGC,1,gemcitabine
GSM5664353_GTCCGTCCCACA,1,gemcitabine
GSM5664353_GTCGAGATCTCT,1,gemcitabine
GSM5664353_GTCGCGCCATTG,1,gemcitabine
GSM5664353_GTCGCGGCTGGA,1,gemcitabine
GSM5664353_GTCGTCTGACCC,1,gemcitabine
GSM5664353_GTGACCAGCTGA,1,gemcitabine
GSM5664353_GTGATCAGCATA,1,gemcitabine
GSM5664353_GTGCCACCCTAT,1,gemcitabine
GSM5664353_GTGCCCAAACCG,1,gemcitabine
GSM5664353_GTGCCCCACTAG,1,gemcitabine
GSM5664353_GTGCCCGTAATC,1,gemcitabine
GSM5664353_GTGGCCGCCGAG,1,gemcitabine
GSM5664353_GTGGGGTTTTTA,1,gemcitabine
GSM5664353_GTGTAATAGGCT,1,gemcitabine
GSM5664353_GTGTGATTGGCG,1,gemcitabine
GSM5664353_GTGTTCCCCGGC,1,gemcitabine
GSM5664353_GTGTTCCGCCGT,1,gemcitabine
GSM5664353_GTTAACCGGCGA,1,gemcitabine
GSM5664353_GTTAGCATATGC,1,gemcitabine
GSM5664353_GTTAGTCACGTA,1,gemcitabine
GSM5664353_GTTATTAGGCGT,1,gemcitabine
GSM5664353_GTTCAGCTGATG,1,gemcitabine
GSM5664353_GTTCAGGTTCAC,1,gemcitabine
GSM5664353_GTTCCAATCATT,1,gemcitabine
GSM5664353_GTTCCATTCCAC,1,gemcitabine
GSM5664353_GTTGTGATCCTG,1,gemcitabine
GSM5664353_GTTTATCCGCTT,1,gemcitabine
GSM5664353_GTTTATGGTCAG,1,gemcitabine
GSM5664353_GTTTCCAGTTAA,1,gemcitabine
GSM5664353_GTTTGATAATGG,1,gemcitabine
GSM5664353_GTTTTGGTCGAC,1,gemcitabine
GSM5664353_TAAAAATGCATC,1,gemcitabine
GSM5664353_TAAAGCGAGCAT,1,gemcitabine
GSM5664353_TAAATCGGTAAC,1,gemcitabine
GSM5664353_TAAATGTCATGT,1,gemcitabine
GSM5664353_TAACGCTGGCAA,1,gemcitabine
GSM5664353_TAACTTGGGCAC,1,gemcitabine
GSM5664353_TAAGACCGCTGG,1,gemcitabine
GSM5664353_TAAGCCTTCGCA,1,gemcitabine
GSM5664353_TAAGGGCTGCGT,1,gemcitabine
GSM5664353_TACCCCGGGAAT,1,gemcitabine
GSM5664353_TACGAAATAGTA,1,gemcitabine
GSM5664353_TACGATGGCTGA,1,gemcitabine
GSM5664353_TACTAACACCCT,1,gemcitabine
GSM5664353_TACTCAATCACC,1,gemcitabine
GSM5664353_TACTGGGGGCTT,1,gemcitabine
GSM5664353_TACTTGTCGCTG,1,gemcitabine
GSM5664353_TAGAAATAGCGC,1,gemcitabine
GSM5664353_TAGAGGTGAGCA,1,gemcitabine
GSM5664353_TAGTCAGGAAAA,1,gemcitabine
GSM5664353_TAGTCGTATGGG,1,gemcitabine
GSM5664353_TAGTTCCTCTTG,1,gemcitabine
GSM5664353_TATAACTCCTCT,1,gemcitabine
GSM5664353_TATAGGGGAGGT,1,gemcitabine
GSM5664353_TATGCTTAGAGA,1,gemcitabine
GSM5664353_TATGTCCCATTT,1,gemcitabine
GSM5664353_TATTCTACGTTT,1,gemcitabine
GSM5664353_TCAAAACTGGCT,1,gemcitabine
GSM5664353_TCAAAATAGTGC,1,gemcitabine
GSM5664353_TCAAACTCACAC,1,gemcitabine
GSM5664353_TCAAACTTAAAT,1,gemcitabine
GSM5664353_TCAAGTCCCCCC,1,gemcitabine
GSM5664353_TCACCAATAGAC,1,gemcitabine
GSM5664353_TCACCCGCTCAG,1,gemcitabine
GSM5664353_TCACTCTTTTTC,1,gemcitabine
GSM5664353_TCAGACCCTGCG,1,gemcitabine
GSM5664353_TCCAACGGATCC,1,gemcitabine
GSM5664353_TCCCAGTCGAAG,1,gemcitabine
GSM5664353_TCCCCCGACGAC,1,gemcitabine
GSM5664353_TCCCTCTCTATA,1,gemcitabine
GSM5664353_TCCGAATGTCTC,1,gemcitabine
GSM5664353_TCCGCCGTCAAG,1,gemcitabine
GSM5664353_TCCGCTCGCTGA,1,gemcitabine
GSM5664353_TCCTATCAATGC,1,gemcitabine
GSM5664353_TCCTCAAACCGT,1,gemcitabine
GSM5664353_TCCTTCGAAGCG,1,gemcitabine
GSM5664353_TCGACAGCCGGA,1,gemcitabine
GSM5664353_TCGACCAGGCGG,1,gemcitabine
GSM5664353_TCGATACCGGCT,1,gemcitabine
GSM5664353_TCGATCCCCACG,1,gemcitabine
GSM5664353_TCGCCGCGATGG,1,gemcitabine
GSM5664353_TCGCGGTGTCAC,1,gemcitabine
GSM5664353_TCGGACGTGTAA,1,gemcitabine
GSM5664353_TCGGCTTTGGTC,1,gemcitabine
GSM5664353_TCGTACATGACT,1,gemcitabine
GSM5664353_TCGTCAAACACA,1,gemcitabine
GSM5664353_TCGTGCTTGAAA,1,gemcitabine
GSM5664353_TCTAGATTCTGC,1,gemcitabine
GSM5664353_TCTAGGCTGGCA,1,gemcitabine
GSM5664353_TCTATCAAGAAA,1,gemcitabine
GSM5664353_TCTATCTTAATA,1,gemcitabine
GSM5664353_TCTCAGGCGACA,1,gemcitabine
GSM5664353_TCTCCCTGTCAA,1,gemcitabine
GSM5664353_TCTGATGGAGCA,1,gemcitabine
GSM5664353_TCTGGGCTCCGG,1,gemcitabine
GSM5664353_TCTGTCAGAGAC,1,gemcitabine
GSM5664353_TCTGTTACACCT,1,gemcitabine
GSM5664353_TGAGCGGTGCGG,1,gemcitabine
GSM5664353_TGATATAGTCAT,1,gemcitabine
GSM5664353_TGATGGGAACTT,1,gemcitabine
GSM5664353_TGATTGAAACGG,1,gemcitabine
GSM5664353_TGCATGCGAGGG,1,gemcitabine
GSM5664353_TGCCACAGACAA,1,gemcitabine
GSM5664353_TGCCCAATCTAT,1,gemcitabine
GSM5664353_TGCCGACCTATT,1,gemcitabine
GSM5664353_TGCTAGATCGGC,1,gemcitabine
GSM5664353_TGCTCTGCCGCT,1,gemcitabine
GSM5664353_TGCTGGCTGGCC,1,gemcitabine
GSM5664353_TGCTGTGGACTC,1,gemcitabine
GSM5664353_TGCTTATAGTCG,1,gemcitabine
GSM5664353_TGCTTCCGGCTA,1,gemcitabine
GSM5664353_TGCTTGGTTTGG,1,gemcitabine
GSM5664353_TGGATCCTGTCG,1,gemcitabine
GSM5664353_TGGCTAGCCCAT,1,gemcitabine
GSM5664353_TGGGAATGCGCT,1,gemcitabine
GSM5664353_TGGGCACGCATC,1,gemcitabine
GSM5664353_TGGGCCGTTGAC,1,gemcitabine
GSM5664353_TGGGGGACCCCG,1,gemcitabine
GSM5664353_TGGGGGGATCCT,1,gemcitabine
GSM5664353_TGTAAACCTCAG,1,gemcitabine
GSM5664353_TGTAATATGCAA,1,gemcitabine
GSM5664353_TGTACAAATTTT,1,gemcitabine
GSM5664353_TGTAGGACGGCG,1,gemcitabine
GSM5664353_TGTCTAATAGAG,1,gemcitabine
GSM5664353_TGTGTAGCGTCA,1,gemcitabine
GSM5664353_TGTTAGCCCCAA,1,gemcitabine
GSM5664353_TGTTATATGATT,1,gemcitabine
GSM5664353_TTAAACTTCTGA,1,gemcitabine
GSM5664353_TTAACCAACCTT,1,gemcitabine
GSM5664353_TTAACCCATAGG,1,gemcitabine
GSM5664353_TTAAGATGGAAG,1,gemcitabine
GSM5664353_TTAAGTGTGCCG,1,gemcitabine
GSM5664353_TTACAAGCCCAC,1,gemcitabine
GSM5664353_TTACACCCGAAC,1,gemcitabine
GSM5664353_TTACCGTAGAGT,1,gemcitabine
GSM5664353_TTAGCAATCCTG,1,gemcitabine
GSM5664353_TTATGCCGTCAG,1,gemcitabine
GSM5664353_TTATTTGCGGTG,1,gemcitabine
GSM5664353_TTCACACGTGTG,1,gemcitabine
GSM5664353_TTCAGTCAGCCC,1,gemcitabine
GSM5664353_TTCCCAATGGTG,1,gemcitabine
GSM5664353_TTCCCAGACGTG,1,gemcitabine
GSM5664353_TTCCCGGACCCT,1,gemcitabine
GSM5664353_TTCGAGTCAATA,1,gemcitabine
GSM5664353_TTCGCCGGAGAT,1,gemcitabine
GSM5664353_TTCTACGATGTT,1,gemcitabine
GSM5664353_TTCTACTCTGCT,1,gemcitabine
GSM5664353_TTCTTCAGATGC,1,gemcitabine
GSM5664353_TTGACGGCCGCG,1,gemcitabine
GSM5664353_TTGAGGTAAGAA,1,gemcitabine
GSM5664353_TTGCAACTAACC,1,gemcitabine
GSM5664353_TTGCAATTGTAA,1,gemcitabine
GSM5664353_TTGCACTGCGCA,1,gemcitabine
GSM5664353_TTGCCGAAATAT,1,gemcitabine
GSM5664353_TTGCCGTCCATG,1,gemcitabine
GSM5664353_TTGGACTACTAT,1,gemcitabine
GSM5664353_TTGGCACCTGCC,1,gemcitabine
GSM5664353_TTGGTCATGTAA,1,gemcitabine
GSM5664353_TTGGTCTCAAAA,1,gemcitabine
GSM5664353_TTGTAGGTATTG,1,gemcitabine
GSM5664353_TTGTCAGTCTCA,1,gemcitabine
GSM5664353_TTGTCGGCTACA,1,gemcitabine
GSM5664353_TTGTTATAGGAC,1,gemcitabine
GSM5664353_TTTAAGACAATC,1,gemcitabine
GSM5664353_TTTACCCTCTAC,1,gemcitabine
GSM5664353_TTTCAGTTCTTA,1,gemcitabine
GSM5664353_TTTCCACGGCTA,1,gemcitabine
GSM5664353_TTTCCATGGCCT,1,gemcitabine
GSM5664353_TTTCCCATTCCA,1,gemcitabine
GSM5664353_TTTCGGATTCTG,1,gemcitabine
GSM5664353_TTTCTTGACCAC,1,gemcitabine
GSM5664353_TTTGACTTTCTC,1,gemcitabine
GSM5664353_TTTGCCGCTCGC,1,gemcitabine
GSM5664353_TTTTGAGATAGC,1,gemcitabine
GSM5664353_TTTTTAACGCGA,1,gemcitabine
GSM5664353_TTTTTACTTAAA,1,gemcitabine
GSM5664353_TTTTTCCTGTCC,1,gemcitabine
GSM5664353_TTTTTTTTTTTT,1,gemcitabine
GSM5664357_AAACCCACATGAATCC-1,0,gemcitabine
GSM5664357_AAACCCAGTATCAAGA-1,0,gemcitabine
GSM5664357_AAACCCAGTCCAGCAC-1,0,gemcitabine
GSM5664357_AAACCCAGTCTGTAGT-1,0,gemcitabine
GSM5664357_AAACCCAGTGAATGTA-1,0,gemcitabine
GSM5664357_AAACCCATCACAAGGG-1,0,gemcitabine
GSM5664357_AAACGAAAGGAACTAT-1,0,gemcitabine
GSM5664357_AAACGAACACATCATG-1,0,gemcitabine
GSM5664357_AAACGAACAGAGCGTA-1,0,gemcitabine
GSM5664357_AAACGAACATTGTGCA-1,0,gemcitabine
GSM5664357_AAACGAAGTATCAGCT-1,0,gemcitabine
GSM5664357_AAACGAAGTTCTTGTT-1,0,gemcitabine
GSM5664357_AAACGCTAGCAGTCTT-1,0,gemcitabine
GSM5664357_AAACGCTAGGCCGCTT-1,0,gemcitabine
GSM5664357_AAACGCTCAAAGGTTA-1,0,gemcitabine
GSM5664357_AAACGCTCAACCGTAT-1,0,gemcitabine
GSM5664357_AAACGCTCACATGTTG-1,0,gemcitabine
GSM5664357_AAACGCTCATCAGCGC-1,0,gemcitabine
GSM5664357_AAACGCTCATCCGATA-1,0,gemcitabine
GSM5664357_AAACGCTGTTCAAAGA-1,0,gemcitabine
GSM5664357_AAACGCTTCGATAACC-1,0,gemcitabine
GSM5664357_AAAGAACAGATCCCGC-1,0,gemcitabine
GSM5664357_AAAGAACGTATGCTTG-1,0,gemcitabine
GSM5664357_AAAGAACTCAGATTGC-1,0,gemcitabine
GSM5664357_AAAGAACTCCACGTCT-1,0,gemcitabine
GSM5664357_AAAGAACTCTCCAATT-1,0,gemcitabine
GSM5664357_AAAGGATCAAGTATCC-1,0,gemcitabine
GSM5664357_AAAGGATCAAGTCCCG-1,0,gemcitabine
GSM5664357_AAAGGATTCGCTTGCT-1,0,gemcitabine
GSM5664357_AAAGGATTCTATCACT-1,0,gemcitabine
GSM5664357_AAAGGATTCTGTCAGA-1,0,gemcitabine
GSM5664357_AAAGGGCCAGCGATTT-1,0,gemcitabine
GSM5664357_AAAGGGCCATAGGCGA-1,0,gemcitabine
GSM5664357_AAAGGGCTCACCACAA-1,0,gemcitabine
GSM5664357_AAAGGGCTCCAACACA-1,0,gemcitabine
GSM5664357_AAAGGGCTCTATTCGT-1,0,gemcitabine
GSM5664357_AAAGGTAAGACCAAAT-1,0,gemcitabine
GSM5664357_AAAGGTAAGCCACAAG-1,0,gemcitabine
GSM5664357_AAAGGTAAGGTGCGAT-1,0,gemcitabine
GSM5664357_AAAGGTAGTAGTCCTA-1,0,gemcitabine
GSM5664357_AAAGGTAGTAGTCTGT-1,0,gemcitabine
GSM5664357_AAAGGTAGTCTGTCCT-1,0,gemcitabine
GSM5664357_AAAGGTAGTTACGTAC-1,0,gemcitabine
GSM5664357_AAAGGTATCCGATTAG-1,0,gemcitabine
GSM5664357_AAAGTCCAGGAAACGA-1,0,gemcitabine
GSM5664357_AAAGTCCAGGTTCCGC-1,0,gemcitabine
GSM5664357_AAAGTCCAGTATTAGG-1,0,gemcitabine
GSM5664357_AAAGTCCGTGTTAAAG-1,0,gemcitabine
GSM5664357_AAAGTCCGTTCAGTAC-1,0,gemcitabine
GSM5664357_AAAGTGACAATAGTAG-1,0,gemcitabine
GSM5664357_AAAGTGACACGGCGTT-1,0,gemcitabine
GSM5664357_AAAGTGAGTACTGTTG-1,0,gemcitabine
GSM5664357_AAAGTGATCGCTTTAT-1,0,gemcitabine
GSM5664357_AAATGGAAGACGCATG-1,0,gemcitabine
GSM5664357_AAATGGACAATGAAAC-1,0,gemcitabine
GSM5664357_AAATGGACACAGCTGC-1,0,gemcitabine
GSM5664357_AAATGGAGTCGCACAC-1,0,gemcitabine
GSM5664357_AAATGGATCGGTCTGG-1,0,gemcitabine
GSM5664357_AACAAAGAGCACCCAC-1,0,gemcitabine
GSM5664357_AACAAAGAGGAGTATT-1,0,gemcitabine
GSM5664357_AACAAAGAGTTAGAAC-1,0,gemcitabine
GSM5664357_AACAAAGGTTCTGAGT-1,0,gemcitabine
GSM5664357_AACAAAGTCTACACAG-1,0,gemcitabine
GSM5664357_AACAACCAGCCAGACA-1,0,gemcitabine
GSM5664357_AACAACCCAATCAGCT-1,0,gemcitabine
GSM5664357_AACAACCCACTGCTTC-1,0,gemcitabine
GSM5664357_AACAACCCATGACAAA-1,0,gemcitabine
GSM5664357_AACAACCGTTGCTCGG-1,0,gemcitabine
GSM5664357_AACAACCTCAATCTCT-1,0,gemcitabine
GSM5664357_AACAACCTCATGAAAG-1,0,gemcitabine
GSM5664357_AACAACCTCCGTGGGT-1,0,gemcitabine
GSM5664357_AACAACCTCCTCAGGG-1,0,gemcitabine
GSM5664357_AACAAGAAGCCTCCAG-1,0,gemcitabine
GSM5664357_AACAAGAAGTCTAGAA-1,0,gemcitabine
GSM5664357_AACAAGACAAAGTATG-1,0,gemcitabine
GSM5664357_AACAAGAGTATGTCAC-1,0,gemcitabine
GSM5664357_AACAAGAGTATTCCTT-1,0,gemcitabine
GSM5664357_AACAAGAGTTAAAGTG-1,0,gemcitabine
GSM5664357_AACACACAGCAATAAC-1,0,gemcitabine
GSM5664357_AACACACAGCAGTAAT-1,0,gemcitabine
GSM5664357_AACACACAGCCGAATG-1,0,gemcitabine
GSM5664357_AACACACAGTACCGGA-1,0,gemcitabine
GSM5664357_AACACACGTACAGTCT-1,0,gemcitabine
GSM5664357_AACACACGTAGCCCTG-1,0,gemcitabine
GSM5664357_AACACACGTGGTTTAC-1,0,gemcitabine
GSM5664357_AACACACTCCAATCTT-1,0,gemcitabine
GSM5664357_AACAGGGCAATTGCTG-1,0,gemcitabine
GSM5664357_AACAGGGCAGAACCGA-1,0,gemcitabine
GSM5664357_AACAGGGCATCCGAAT-1,0,gemcitabine
GSM5664357_AACAGGGGTAGATTAG-1,0,gemcitabine
GSM5664357_AACAGGGGTCCGAAAG-1,0,gemcitabine
GSM5664357_AACAGGGGTGTATTCG-1,0,gemcitabine
GSM5664357_AACAGGGGTGTTTGCA-1,0,gemcitabine
GSM5664357_AACAGGGTCCCGTGAG-1,0,gemcitabine
GSM5664357_AACAGGGTCGACCAAT-1,0,gemcitabine
GSM5664357_AACAGGGTCTCCATAT-1,0,gemcitabine
GSM5664357_AACCAACAGCTGAAGC-1,0,gemcitabine
GSM5664357_AACCAACAGGGCAGTT-1,0,gemcitabine
GSM5664357_AACCAACAGTGGATTA-1,0,gemcitabine
GSM5664357_AACCAACAGTGTTCAC-1,0,gemcitabine
GSM5664357_AACCAACGTACTGGGA-1,0,gemcitabine
GSM5664357_AACCAACTCTCTGACC-1,0,gemcitabine
GSM5664357_AACCACAAGACCCTTA-1,0,gemcitabine
GSM5664357_AACCACACAAAGCTAA-1,0,gemcitabine
GSM5664357_AACCACACAACCCGCA-1,0,gemcitabine
GSM5664357_AACCACACACAGCTGC-1,0,gemcitabine
GSM5664357_AACCACACACTGGATT-1,0,gemcitabine
GSM5664357_AACCACAGTACGTACT-1,0,gemcitabine
GSM5664357_AACCACAGTAGCGTTT-1,0,gemcitabine
GSM5664357_AACCACAGTTGAATCC-1,0,gemcitabine
GSM5664357_AACCACAGTTGCCGCA-1,0,gemcitabine
GSM5664357_AACCATGAGCCTAACT-1,0,gemcitabine
GSM5664357_AACCATGAGGTTGAGC-1,0,gemcitabine
GSM5664357_AACCATGCAGCTACTA-1,0,gemcitabine
GSM5664357_AACCATGGTATGATCC-1,0,gemcitabine
GSM5664357_AACCATGTCAAAGCCT-1,0,gemcitabine
GSM5664357_AACCCAAAGTTAGAAC-1,0,gemcitabine
GSM5664357_AACCCAATCCTACACC-1,0,gemcitabine
GSM5664357_AACCCAATCTCTGGTC-1,0,gemcitabine
GSM5664357_AACCTGAAGAGCCATG-1,0,gemcitabine
GSM5664357_AACCTGACAAGGTCGA-1,0,gemcitabine
GSM5664357_AACCTGACACCGGCTA-1,0,gemcitabine
GSM5664357_AACCTGACACGACAAG-1,0,gemcitabine
GSM5664357_AACCTGAGTACTTCCC-1,0,gemcitabine
GSM5664357_AACCTGAGTCCCACGA-1,0,gemcitabine
GSM5664357_AACCTGAGTTAGAAGT-1,0,gemcitabine
GSM5664357_AACCTGAGTTTGGGAG-1,0,gemcitabine
GSM5664357_AACCTGATCGATACAC-1,0,gemcitabine
GSM5664357_AACCTTTAGCGATGGT-1,0,gemcitabine
GSM5664357_AACCTTTAGTATAGAC-1,0,gemcitabine
GSM5664357_AACCTTTCAAATACAG-1,0,gemcitabine
GSM5664357_AACCTTTCAGACGATG-1,0,gemcitabine
GSM5664357_AACGAAACAGTGCCTG-1,0,gemcitabine
GSM5664357_AACGAAAGTGGCCTCA-1,0,gemcitabine
GSM5664357_AACGAAAGTGTGTGGA-1,0,gemcitabine
GSM5664357_AACGAAATCAAACGTC-1,0,gemcitabine
GSM5664357_AACGAAATCCGCACGA-1,0,gemcitabine
GSM5664357_AACGGGAAGAAACTGT-1,0,gemcitabine
GSM5664357_AACGGGACACTGTCCT-1,0,gemcitabine
GSM5664357_AACGGGACAGTTCACA-1,0,gemcitabine
GSM5664357_AACGGGATCCACTGAA-1,0,gemcitabine
GSM5664357_AACGGGATCGCTATTT-1,0,gemcitabine
GSM5664357_AACGTCAAGTGCAAAT-1,0,gemcitabine
GSM5664357_AACGTCACACAGAAGC-1,0,gemcitabine
GSM5664357_AACGTCACAGCTCATA-1,0,gemcitabine
GSM5664357_AACGTCACATAGAAAC-1,0,gemcitabine
GSM5664357_AACGTCAGTCCCACGA-1,0,gemcitabine
GSM5664357_AACGTCAGTTATCCAG-1,0,gemcitabine
GSM5664357_AACGTCATCAAACGAA-1,0,gemcitabine
GSM5664357_AACGTCATCACCTGTC-1,0,gemcitabine
GSM5664357_AACGTCATCGCGTGCA-1,0,gemcitabine
GSM5664357_AACGTCATCTCACTCG-1,0,gemcitabine
GSM5664357_AACTTCTAGAGGGTGG-1,0,gemcitabine
GSM5664357_AACTTCTCAACCAATC-1,0,gemcitabine
GSM5664357_AACTTCTCACCCTAAA-1,0,gemcitabine
GSM5664357_AACTTCTGTCTGATAC-1,0,gemcitabine
GSM5664357_AACTTCTTCCGAACGC-1,0,gemcitabine
GSM5664357_AACTTCTTCGCCAATA-1,0,gemcitabine
GSM5664357_AAGAACAAGGTAAGGA-1,0,gemcitabine
GSM5664357_AAGAACACACGTCATA-1,0,gemcitabine
GSM5664357_AAGAACACACGTTGGC-1,0,gemcitabine
GSM5664357_AAGAACAGTGGAGGTT-1,0,gemcitabine
GSM5664357_AAGAACATCATTTACC-1,0,gemcitabine
GSM5664357_AAGACAAAGATCCAAA-1,0,gemcitabine
GSM5664357_AAGACAACAGCTAACT-1,0,gemcitabine
GSM5664357_AAGACAACAGCTGGTC-1,0,gemcitabine
GSM5664357_AAGACAAGTCGCACGT-1,0,gemcitabine
GSM5664357_AAGACAAGTCGTGCCA-1,0,gemcitabine
GSM5664357_AAGACAAGTTACGATC-1,0,gemcitabine
GSM5664357_AAGACTCAGAGTCAAT-1,0,gemcitabine
GSM5664357_AAGACTCAGTAAATGC-1,0,gemcitabine
GSM5664357_AAGACTCGTAGAGCTG-1,0,gemcitabine
GSM5664357_AAGACTCGTTAATGAG-1,0,gemcitabine
GSM5664357_AAGACTCTCACACCGG-1,0,gemcitabine
GSM5664357_AAGACTCTCCATCCGT-1,0,gemcitabine
GSM5664357_AAGATAGAGAGCATAT-1,0,gemcitabine
GSM5664357_AAGATAGAGCCGTTGC-1,0,gemcitabine
GSM5664357_AAGATAGAGGTACTGG-1,0,gemcitabine
GSM5664357_AAGATAGAGTCGCGAA-1,0,gemcitabine
GSM5664357_AAGATAGGTACGGTTT-1,0,gemcitabine
GSM5664357_AAGATAGGTCGTAATC-1,0,gemcitabine
GSM5664357_AAGATAGTCTCGTTTA-1,0,gemcitabine
GSM5664357_AAGCATCCACGAGGAT-1,0,gemcitabine
GSM5664357_AAGCATCTCAAGCTTG-1,0,gemcitabine
GSM5664357_AAGCATCTCCACGTGG-1,0,gemcitabine
GSM5664357_AAGCCATAGGCAGGTT-1,0,gemcitabine
GSM5664357_AAGCCATAGGCCACTC-1,0,gemcitabine
GSM5664357_AAGCCATAGTCAAGCG-1,0,gemcitabine
GSM5664357_AAGCCATCAAATCAGA-1,0,gemcitabine
GSM5664357_AAGCCATCACACAGCC-1,0,gemcitabine
GSM5664357_AAGCCATCATCCGAGC-1,0,gemcitabine
GSM5664357_AAGCCATTCAACCTCC-1,0,gemcitabine
GSM5664357_AAGCCATTCCCTTTGG-1,0,gemcitabine
GSM5664357_AAGCCATTCCGGCTTT-1,0,gemcitabine
GSM5664357_AAGCCATTCCTAGCGG-1,0,gemcitabine
GSM5664357_AAGCGAGAGGGATCTG-1,0,gemcitabine
GSM5664357_AAGCGAGAGTAAAGCT-1,0,gemcitabine
GSM5664357_AAGCGAGCAACGTTAC-1,0,gemcitabine
GSM5664357_AAGCGAGCAAGATTGA-1,0,gemcitabine
GSM5664357_AAGCGAGGTCCAGGTC-1,0,gemcitabine
GSM5664357_AAGCGAGGTCGAACGA-1,0,gemcitabine
GSM5664357_AAGCGAGGTTACCCAA-1,0,gemcitabine
GSM5664357_AAGCGAGTCATCCTGC-1,0,gemcitabine
GSM5664357_AAGCGAGTCCTTGACC-1,0,gemcitabine
GSM5664357_AAGCGAGTCGATACAC-1,0,gemcitabine
GSM5664357_AAGCGAGTCTCGCGTT-1,0,gemcitabine
GSM5664357_AAGCGTTCAAGCACAG-1,0,gemcitabine
GSM5664357_AAGCGTTGTGCCCTTT-1,0,gemcitabine
GSM5664357_AAGCGTTTCTCTAGGA-1,0,gemcitabine
GSM5664357_AAGGAATAGGACTAAT-1,0,gemcitabine
GSM5664357_AAGGAATGTGTCCACG-1,0,gemcitabine
GSM5664357_AAGGAATTCGAACACT-1,0,gemcitabine
GSM5664357_AAGGAATTCGCTTGCT-1,0,gemcitabine
GSM5664357_AAGGTAAAGACAACTA-1,0,gemcitabine
GSM5664357_AAGGTAAAGCGACCCT-1,0,gemcitabine
GSM5664357_AAGGTAAAGTAAACTG-1,0,gemcitabine
GSM5664357_AAGGTAACACCGTCTT-1,0,gemcitabine
GSM5664357_AAGGTAACATACAGCT-1,0,gemcitabine
GSM5664357_AAGGTAATCACCGACG-1,0,gemcitabine
GSM5664357_AAGTACCCAAAGACGC-1,0,gemcitabine
GSM5664357_AAGTACCGTTAGGCCC-1,0,gemcitabine
GSM5664357_AAGTACCGTTCTCGTC-1,0,gemcitabine
GSM5664357_AAGTACCTCACCTCTG-1,0,gemcitabine
GSM5664357_AAGTCGTAGCCAAGCA-1,0,gemcitabine
GSM5664357_AAGTCGTCATCTCGTC-1,0,gemcitabine
GSM5664357_AAGTCGTGTGATACCT-1,0,gemcitabine
GSM5664357_AAGTCGTGTGTAGGAC-1,0,gemcitabine
GSM5664357_AAGTCGTTCAGGACGA-1,0,gemcitabine
GSM5664357_AAGTGAAAGAGAAGGT-1,0,gemcitabine
GSM5664357_AAGTGAAAGGTAGCAC-1,0,gemcitabine
GSM5664357_AAGTGAAAGTAGTCAA-1,0,gemcitabine
GSM5664357_AAGTGAAAGTTGCTCA-1,0,gemcitabine
GSM5664357_AAGTTCGCATGCAGCC-1,0,gemcitabine
GSM5664357_AAGTTCGTCAACCTTT-1,0,gemcitabine
GSM5664357_AAGTTCGTCCAAGCTA-1,0,gemcitabine
GSM5664357_AAGTTCGTCCCTAGGG-1,0,gemcitabine
GSM5664357_AATAGAGAGCTAAACA-1,0,gemcitabine
GSM5664357_AATAGAGAGGAGGTTC-1,0,gemcitabine
GSM5664357_AATAGAGAGGTAGTCG-1,0,gemcitabine
GSM5664357_AATAGAGAGTTCTACG-1,0,gemcitabine
GSM5664357_AATAGAGGTGACACAG-1,0,gemcitabine
GSM5664357_AATAGAGGTTAGGCTT-1,0,gemcitabine
GSM5664357_AATAGAGGTTCATCTT-1,0,gemcitabine
GSM5664357_AATAGAGTCACAGAGG-1,0,gemcitabine
GSM5664357_AATAGAGTCCACTGGG-1,0,gemcitabine
GSM5664357_AATCACGCAGAGATGC-1,0,gemcitabine
GSM5664357_AATCACGGTATGTCTG-1,0,gemcitabine
GSM5664357_AATCACGTCACCGACG-1,0,gemcitabine
GSM5664357_AATCACGTCCTGGGAC-1,0,gemcitabine
GSM5664357_AATCGACAGTAAAGCT-1,0,gemcitabine
GSM5664357_AATCGACGTCCCACGA-1,0,gemcitabine
GSM5664357_AATCGACTCTGGACCG-1,0,gemcitabine
GSM5664357_AATCGTGAGAGCAGAA-1,0,gemcitabine
GSM5664357_AATCGTGAGGGACTGT-1,0,gemcitabine
GSM5664357_AATCGTGAGGGAGGCA-1,0,gemcitabine
GSM5664357_AATCGTGCACTTGAGT-1,0,gemcitabine
GSM5664357_AATCGTGCATGACGAG-1,0,gemcitabine
GSM5664357_AATCGTGGTAACAAGT-1,0,gemcitabine
GSM5664357_AATCGTGGTACGCTAT-1,0,gemcitabine
GSM5664357_AATCGTGGTCAACACT-1,0,gemcitabine
GSM5664357_AATCGTGGTTCTCAGA-1,0,gemcitabine
GSM5664357_AATCGTGTCTTTGATC-1,0,gemcitabine
GSM5664357_AATGAAGCAATTGCGT-1,0,gemcitabine
GSM5664357_AATGAAGCAGATGCGA-1,0,gemcitabine
GSM5664357_AATGAAGCATAGGTTC-1,0,gemcitabine
GSM5664357_AATGAAGGTCAAAGTA-1,0,gemcitabine
GSM5664357_AATGACCAGCTCCCTT-1,0,gemcitabine
GSM5664357_AATGACCCACCAGACC-1,0,gemcitabine
GSM5664357_AATGACCGTAGGTACG-1,0,gemcitabine
GSM5664357_AATGACCGTGTCTTAG-1,0,gemcitabine
GSM5664357_AATGACCTCATTACCT-1,0,gemcitabine
GSM5664357_AATGACCTCTGAGGTT-1,0,gemcitabine
GSM5664357_AATGCCAAGGCGCTCT-1,0,gemcitabine
GSM5664357_AATGCCAGTTATCTGG-1,0,gemcitabine
GSM5664357_AATGCCAGTTCTGAGT-1,0,gemcitabine
GSM5664357_AATGCCAGTTGCACGC-1,0,gemcitabine
GSM5664357_AATGGAAAGGAACGCT-1,0,gemcitabine
GSM5664357_AATGGAATCCTATGGA-1,0,gemcitabine
GSM5664357_AATGGCTAGACTTCGT-1,0,gemcitabine
GSM5664357_AATGGCTCACTGCGTG-1,0,gemcitabine
GSM5664357_AATGGCTCATTGACAC-1,0,gemcitabine
GSM5664357_AATGGCTGTAGATTGA-1,0,gemcitabine
GSM5664357_AATGGCTGTTCTTAGG-1,0,gemcitabine
GSM5664357_AATTCCTAGCTGTTAC-1,0,gemcitabine
GSM5664357_AATTCCTCAAATCGGG-1,0,gemcitabine
GSM5664357_AATTCCTCACTAGGTT-1,0,gemcitabine
GSM5664357_AATTCCTCAGGACGAT-1,0,gemcitabine
GSM5664357_AATTCCTCATCCTCAC-1,0,gemcitabine
GSM5664357_AATTTCCAGCACCAGA-1,0,gemcitabine
GSM5664357_AATTTCCCAGACGATG-1,0,gemcitabine
GSM5664357_AATTTCCCAGTTACCA-1,0,gemcitabine
GSM5664357_AATTTCCGTCTAATCG-1,0,gemcitabine
GSM5664357_ACAAAGAAGAAACTAC-1,0,gemcitabine
GSM5664357_ACAAAGAAGAATCCCT-1,0,gemcitabine
GSM5664357_ACAAAGAAGCGAGAAA-1,0,gemcitabine
GSM5664357_ACAAAGACACAGTGTT-1,0,gemcitabine
GSM5664357_ACAAAGACATGGCTGC-1,0,gemcitabine
GSM5664357_ACAAAGAGTCTTTCAT-1,0,gemcitabine
GSM5664357_ACAACCAAGACAAGCC-1,0,gemcitabine
GSM5664357_ACAACCAAGCTAGAGC-1,0,gemcitabine
GSM5664357_ACAACCACAGACAAAT-1,0,gemcitabine
GSM5664357_ACAACCACATCCGGTG-1,0,gemcitabine
GSM5664357_ACAACCACATGGGAAC-1,0,gemcitabine
GSM5664357_ACAACCATCCATGAGT-1,0,gemcitabine
GSM5664357_ACAACCATCCTCCACA-1,0,gemcitabine
GSM5664357_ACAACCATCTCCGAGG-1,0,gemcitabine
GSM5664357_ACAAGCTAGGTAGATT-1,0,gemcitabine
GSM5664357_ACAAGCTCAGGCCCTA-1,0,gemcitabine
GSM5664357_ACAAGCTTCACTACTT-1,0,gemcitabine
GSM5664357_ACAAGCTTCCCATTTA-1,0,gemcitabine
GSM5664357_ACACAGTAGGGATCAC-1,0,gemcitabine
GSM5664357_ACACAGTCACAGCGCT-1,0,gemcitabine
GSM5664357_ACACAGTGTCAAAGTA-1,0,gemcitabine
GSM5664357_ACACAGTGTCTAACGT-1,0,gemcitabine
GSM5664357_ACACAGTTCGAGATGG-1,0,gemcitabine
GSM5664357_ACACCAAAGACCAGCA-1,0,gemcitabine
GSM5664357_ACACCAAAGCGATTCT-1,0,gemcitabine
GSM5664357_ACACCAAAGCTCCATA-1,0,gemcitabine
GSM5664357_ACACCAACACAATGCT-1,0,gemcitabine
GSM5664357_ACACCAACAGAACTTC-1,0,gemcitabine
GSM5664357_ACACGCGAGTAAATGC-1,0,gemcitabine
GSM5664357_ACACGCGAGTCCCGAC-1,0,gemcitabine
GSM5664357_ACACGCGCATACCGTA-1,0,gemcitabine
GSM5664357_ACACGCGGTCTACTGA-1,0,gemcitabine
GSM5664357_ACACGCGTCAACTACG-1,0,gemcitabine
GSM5664357_ACACGCGTCCGATTAG-1,0,gemcitabine
GSM5664357_ACACGCGTCTGACGCG-1,0,gemcitabine
GSM5664357_ACACTGACAAGTGGCA-1,0,gemcitabine
GSM5664357_ACACTGACACAAAGTA-1,0,gemcitabine
GSM5664357_ACACTGAGTAATACCC-1,0,gemcitabine
GSM5664357_ACACTGAGTGAAGCTG-1,0,gemcitabine
GSM5664357_ACACTGATCATTGCCC-1,0,gemcitabine
GSM5664357_ACACTGATCGTTGCCT-1,0,gemcitabine
GSM5664357_ACAGAAAAGACACACG-1,0,gemcitabine
GSM5664357_ACAGAAAAGGCCACCT-1,0,gemcitabine
GSM5664357_ACAGAAAGTCGAGTGA-1,0,gemcitabine
GSM5664357_ACAGAAATCTCGTTTA-1,0,gemcitabine
GSM5664357_ACAGAAATCTGTCGCT-1,0,gemcitabine
GSM5664357_ACAGCCGCAACGGTAG-1,0,gemcitabine
GSM5664357_ACAGCCGGTGTCGATT-1,0,gemcitabine
GSM5664357_ACAGGGAAGAGATGCC-1,0,gemcitabine
GSM5664357_ACAGGGAGTATCACCA-1,0,gemcitabine
GSM5664357_ACAGGGAGTCGTGCCA-1,0,gemcitabine
GSM5664357_ACAGGGAGTTAAGAAC-1,0,gemcitabine
GSM5664357_ACAGGGATCTATGTGG-1,0,gemcitabine
GSM5664357_ACATCCCAGCCTTCTC-1,0,gemcitabine
GSM5664357_ACATCCCAGGCAGTCA-1,0,gemcitabine
GSM5664357_ACATCCCCAAATTGCC-1,0,gemcitabine
GSM5664357_ACATCCCCACGATTCA-1,0,gemcitabine
GSM5664357_ACATCCCGTTCCATTT-1,0,gemcitabine
GSM5664357_ACATCCCTCGCTAGCG-1,0,gemcitabine
GSM5664357_ACATCCCTCGTTCCCA-1,0,gemcitabine
GSM5664357_ACATCGAAGGCTATCT-1,0,gemcitabine
GSM5664357_ACATCGACAGAGGCAT-1,0,gemcitabine
GSM5664357_ACATCGACAGTTGTTG-1,0,gemcitabine
GSM5664357_ACATCGATCACACCGG-1,0,gemcitabine
GSM5664357_ACATCGATCTTGAGCA-1,0,gemcitabine
GSM5664357_ACATGCAAGCAACCAG-1,0,gemcitabine
GSM5664357_ACATGCAAGGCCGCTT-1,0,gemcitabine
GSM5664357_ACATGCAGTATCGCTA-1,0,gemcitabine
GSM5664357_ACATGCAGTCACCACG-1,0,gemcitabine
GSM5664357_ACATGCAGTGTTGAGG-1,0,gemcitabine
GSM5664357_ACATGCATCTCGCTCA-1,0,gemcitabine
GSM5664357_ACATTTCAGAGCCCAA-1,0,gemcitabine
GSM5664357_ACATTTCAGAGCTGCA-1,0,gemcitabine
GSM5664357_ACATTTCAGAGTAACT-1,0,gemcitabine
GSM5664357_ACATTTCAGCAACTTC-1,0,gemcitabine
GSM5664357_ACATTTCAGGCCTAAG-1,0,gemcitabine
GSM5664357_ACATTTCCAAAGGGTC-1,0,gemcitabine
GSM5664357_ACATTTCCACAGTATC-1,0,gemcitabine
GSM5664357_ACATTTCCAGGCTATT-1,0,gemcitabine
GSM5664357_ACATTTCCATGTCAGT-1,0,gemcitabine
GSM5664357_ACATTTCTCAAGCCCG-1,0,gemcitabine
GSM5664357_ACATTTCTCACTACGA-1,0,gemcitabine
GSM5664357_ACATTTCTCCACGGAC-1,0,gemcitabine
GSM5664357_ACATTTCTCCTGGGTG-1,0,gemcitabine
GSM5664357_ACATTTCTCTACTATC-1,0,gemcitabine
GSM5664357_ACCAAACAGCCATCCG-1,0,gemcitabine
GSM5664357_ACCAAACAGGACGGAG-1,0,gemcitabine
GSM5664357_ACCAAACCACATTGTG-1,0,gemcitabine
GSM5664357_ACCAAACCAGACGATG-1,0,gemcitabine
GSM5664357_ACCAAACGTGAGCTCC-1,0,gemcitabine
GSM5664357_ACCAAACGTGCCTGCA-1,0,gemcitabine
GSM5664357_ACCAAACTCCGCAGTG-1,0,gemcitabine
GSM5664357_ACCAAACTCGAGTGGA-1,0,gemcitabine
GSM5664357_ACCAACAAGCTGAAAT-1,0,gemcitabine
GSM5664357_ACCAACACAAGACAAT-1,0,gemcitabine
GSM5664357_ACCAACACATTCAGGT-1,0,gemcitabine
GSM5664357_ACCAACAGTCACATTG-1,0,gemcitabine
GSM5664357_ACCAACAGTGGTAACG-1,0,gemcitabine
GSM5664357_ACCAACAGTTGTCAGT-1,0,gemcitabine
GSM5664357_ACCAACATCAAAGGAT-1,0,gemcitabine
GSM5664357_ACCACAAAGCATTGAA-1,0,gemcitabine
GSM5664357_ACCACAAAGCCTATCA-1,0,gemcitabine
GSM5664357_ACCACAACACTGTTCC-1,0,gemcitabine
GSM5664357_ACCACAACAGATCATC-1,0,gemcitabine
GSM5664357_ACCACAACATGACTCA-1,0,gemcitabine
GSM5664357_ACCACAAGTATCGTAC-1,0,gemcitabine
GSM5664357_ACCACAAGTGATTCTG-1,0,gemcitabine
GSM5664357_ACCACAAGTGTCTTAG-1,0,gemcitabine
GSM5664357_ACCACAATCGTTCCTG-1,0,gemcitabine
GSM5664357_ACCATTTAGAGTTGCG-1,0,gemcitabine
GSM5664357_ACCATTTAGCATCCCG-1,0,gemcitabine
GSM5664357_ACCATTTAGCCTCGTG-1,0,gemcitabine
GSM5664357_ACCATTTAGCTGAAGC-1,0,gemcitabine
GSM5664357_ACCATTTCACGACGCT-1,0,gemcitabine
GSM5664357_ACCATTTCATAGAAAC-1,0,gemcitabine
GSM5664357_ACCATTTGTCCCACGA-1,0,gemcitabine
GSM5664357_ACCATTTTCCGATGCG-1,0,gemcitabine
GSM5664357_ACCATTTTCGTCCTCA-1,0,gemcitabine
GSM5664357_ACCATTTTCTAGTGTG-1,0,gemcitabine
GSM5664357_ACCCAAAAGTTCCTGA-1,0,gemcitabine
GSM5664357_ACCCAAACAAGCCATT-1,0,gemcitabine
GSM5664357_ACCCAAAGTCTACAAC-1,0,gemcitabine
GSM5664357_ACCCAAAGTCTGTCCT-1,0,gemcitabine
GSM5664357_ACCCAAAGTGACGCCT-1,0,gemcitabine
GSM5664357_ACCCAAATCCCGTGTT-1,0,gemcitabine
GSM5664357_ACCCTCAAGATACTGA-1,0,gemcitabine
GSM5664357_ACCCTCAAGCCTCTGG-1,0,gemcitabine
GSM5664357_ACCCTCAAGGCTATCT-1,0,gemcitabine
GSM5664357_ACCCTCAAGTCCTACA-1,0,gemcitabine
GSM5664357_ACCCTCACACAGCTTA-1,0,gemcitabine
GSM5664357_ACCCTCACATCACGGC-1,0,gemcitabine
GSM5664357_ACCCTCAGTAACATAG-1,0,gemcitabine
GSM5664357_ACCCTCAGTCTAACGT-1,0,gemcitabine
GSM5664357_ACCCTCATCCACACAA-1,0,gemcitabine
GSM5664357_ACCCTCATCGGCTTCT-1,0,gemcitabine
GSM5664357_ACCCTCATCTCTGCTG-1,0,gemcitabine
GSM5664357_ACCCTTGAGATGCAGC-1,0,gemcitabine
GSM5664357_ACCCTTGAGTTCCAGT-1,0,gemcitabine
GSM5664357_ACCCTTGCAAGGTCAG-1,0,gemcitabine
GSM5664357_ACCCTTGGTCACCGCA-1,0,gemcitabine
GSM5664357_ACCCTTGTCGAACCAT-1,0,gemcitabine
GSM5664357_ACCGTTCAGAAACACT-1,0,gemcitabine
GSM5664357_ACCGTTCAGACCTCAT-1,0,gemcitabine
GSM5664357_ACCGTTCAGGCGTTAG-1,0,gemcitabine
GSM5664357_ACCGTTCCAACTTGGT-1,0,gemcitabine
GSM5664357_ACCGTTCCAAGTTCGT-1,0,gemcitabine
GSM5664357_ACCGTTCGTAAGCAAT-1,0,gemcitabine
GSM5664357_ACCGTTCGTCTTTCAT-1,0,gemcitabine
GSM5664357_ACCGTTCGTGTTTGCA-1,0,gemcitabine
GSM5664357_ACCGTTCTCATGTCAG-1,0,gemcitabine
GSM5664357_ACCGTTCTCCATACAG-1,0,gemcitabine
GSM5664357_ACCGTTCTCCTCGATC-1,0,gemcitabine
GSM5664357_ACCTACCAGACATAGT-1,0,gemcitabine
GSM5664357_ACCTACCCAGCTTTCC-1,0,gemcitabine
GSM5664357_ACCTACCGTACTTGTG-1,0,gemcitabine
GSM5664357_ACCTACCGTGTCCTAA-1,0,gemcitabine
GSM5664357_ACCTACCTCACTGAAC-1,0,gemcitabine
GSM5664357_ACCTACCTCTGCGAGC-1,0,gemcitabine
GSM5664357_ACCTGAAAGCTAATGA-1,0,gemcitabine
GSM5664357_ACCTGAAAGGAGACCT-1,0,gemcitabine
GSM5664357_ACCTGAACACCCTTGT-1,0,gemcitabine
GSM5664357_ACCTGAACACTGAGGA-1,0,gemcitabine
GSM5664357_ACCTGAACATAATCGC-1,0,gemcitabine
GSM5664357_ACCTGAATCTTCTTCC-1,0,gemcitabine
GSM5664357_ACCTGTCAGCAGTCTT-1,0,gemcitabine
GSM5664357_ACCTGTCAGCTGAAGC-1,0,gemcitabine
GSM5664357_ACCTGTCAGGACCCAA-1,0,gemcitabine
GSM5664357_ACCTGTCAGTCAATCC-1,0,gemcitabine
GSM5664357_ACCTGTCCAACTCGTA-1,0,gemcitabine
GSM5664357_ACCTGTCGTTACAGCT-1,0,gemcitabine
GSM5664357_ACCTGTCGTTTACGAC-1,0,gemcitabine
GSM5664357_ACGATCAAGTTACGAA-1,0,gemcitabine
GSM5664357_ACGATCAGTGTCATCA-1,0,gemcitabine
GSM5664357_ACGATCATCGACACCG-1,0,gemcitabine
GSM5664357_ACGATCATCTACTATC-1,0,gemcitabine
GSM5664357_ACGATGTAGATCCGAG-1,0,gemcitabine
GSM5664357_ACGATGTAGCGAGTCA-1,0,gemcitabine
GSM5664357_ACGATGTAGGTGCCAA-1,0,gemcitabine
GSM5664357_ACGATGTAGTCATGGG-1,0,gemcitabine
GSM5664357_ACGATGTCACAGTCAT-1,0,gemcitabine
GSM5664357_ACGATGTCACGGTGAA-1,0,gemcitabine
GSM5664357_ACGATGTGTACGGATG-1,0,gemcitabine
GSM5664357_ACGCACGAGGTGGTTG-1,0,gemcitabine
GSM5664357_ACGCACGCACGCTGAC-1,0,gemcitabine
GSM5664357_ACGCACGTCTAGCATG-1,0,gemcitabine
GSM5664357_ACGGAAGAGTACCATC-1,0,gemcitabine
GSM5664357_ACGGAAGCAAATGAAC-1,0,gemcitabine
GSM5664357_ACGGAAGCAAGAGGCT-1,0,gemcitabine
GSM5664357_ACGGAAGCATGCACTA-1,0,gemcitabine
GSM5664357_ACGGAAGGTAATTAGG-1,0,gemcitabine
GSM5664357_ACGGAAGTCGTACCTC-1,0,gemcitabine
GSM5664357_ACGGGTCCAACTGCCG-1,0,gemcitabine
GSM5664357_ACGGGTCCAGGCATTT-1,0,gemcitabine
GSM5664357_ACGGGTCCAGTCCCGA-1,0,gemcitabine
GSM5664357_ACGGGTCCATTGAAAG-1,0,gemcitabine
GSM5664357_ACGGGTCTCTTTCTAG-1,0,gemcitabine
GSM5664357_ACGGGTCTCTTTGCTA-1,0,gemcitabine
GSM5664357_ACGGTCGCAACCGCCA-1,0,gemcitabine
GSM5664357_ACGGTCGCAGCGAACA-1,0,gemcitabine
GSM5664357_ACGGTCGTCAAATGAG-1,0,gemcitabine
GSM5664357_ACGGTCGTCGTCGGGT-1,0,gemcitabine
GSM5664357_ACGGTTAAGACGTCGA-1,0,gemcitabine
GSM5664357_ACGGTTAAGCATCAGG-1,0,gemcitabine
GSM5664357_ACGGTTAAGCGACTTT-1,0,gemcitabine
GSM5664357_ACGGTTAAGTCACGAG-1,0,gemcitabine
GSM5664357_ACGGTTATCAGGACGA-1,0,gemcitabine
GSM5664357_ACGGTTATCTGAATCG-1,0,gemcitabine
GSM5664357_ACGTAACCACACTTAG-1,0,gemcitabine
GSM5664357_ACGTAACCACGTCATA-1,0,gemcitabine
GSM5664357_ACGTAACCAGACCCGT-1,0,gemcitabine
GSM5664357_ACGTACAAGACATAGT-1,0,gemcitabine
GSM5664357_ACGTACAAGCCGAACA-1,0,gemcitabine
GSM5664357_ACGTACAAGGATACGC-1,0,gemcitabine
GSM5664357_ACGTACAAGTTGCGAG-1,0,gemcitabine
GSM5664357_ACGTACACACTACTTT-1,0,gemcitabine
GSM5664357_ACGTACAGTCCCTGTT-1,0,gemcitabine
GSM5664357_ACGTACATCAAACGTC-1,0,gemcitabine
GSM5664357_ACGTACATCGAATGCT-1,0,gemcitabine
GSM5664357_ACGTACATCTGCACCT-1,0,gemcitabine
GSM5664357_ACGTAGTAGAGTTCGG-1,0,gemcitabine
GSM5664357_ACGTAGTAGCGTGAAC-1,0,gemcitabine
GSM5664357_ACGTAGTTCGTGTGGC-1,0,gemcitabine
GSM5664357_ACGTAGTTCGTTATCT-1,0,gemcitabine
GSM5664357_ACGTCCTAGCACGGAT-1,0,gemcitabine
GSM5664357_ACGTCCTAGGAAGTCC-1,0,gemcitabine
GSM5664357_ACGTCCTAGTCAAGCG-1,0,gemcitabine
GSM5664357_ACGTCCTCACACCTTC-1,0,gemcitabine
GSM5664357_ACGTCCTCACCGAATT-1,0,gemcitabine
GSM5664357_ACGTCCTTCAAGCCCG-1,0,gemcitabine
GSM5664357_ACGTCCTTCCGATGTA-1,0,gemcitabine
GSM5664357_ACGTCCTTCCGTGCGA-1,0,gemcitabine
GSM5664357_ACGTTCCAGACAAGCC-1,0,gemcitabine
GSM5664357_ACGTTCCAGCTCTGTA-1,0,gemcitabine
GSM5664357_ACGTTCCCACAGAAGC-1,0,gemcitabine
GSM5664357_ACGTTCCCACCGAATT-1,0,gemcitabine
GSM5664357_ACGTTCCCACGCTGTG-1,0,gemcitabine
GSM5664357_ACGTTCCCAGCACACC-1,0,gemcitabine
GSM5664357_ACGTTCCGTGTCTTAG-1,0,gemcitabine
GSM5664357_ACTACGAAGGGAGATA-1,0,gemcitabine
GSM5664357_ACTACGAGTACGCTAT-1,0,gemcitabine
GSM5664357_ACTACGAGTATCGATC-1,0,gemcitabine
GSM5664357_ACTATCTAGCCTGACC-1,0,gemcitabine
GSM5664357_ACTATCTAGCTAAGTA-1,0,gemcitabine
GSM5664357_ACTATCTCAGCCGGTT-1,0,gemcitabine
GSM5664357_ACTATCTCAGTGCCTG-1,0,gemcitabine
GSM5664357_ACTATCTGTGAGTCAG-1,0,gemcitabine
GSM5664357_ACTATCTGTTCAATCG-1,0,gemcitabine
GSM5664357_ACTATCTTCGAACACT-1,0,gemcitabine
GSM5664357_ACTATCTTCTGTAAGC-1,0,gemcitabine
GSM5664357_ACTATGGAGTGCAACG-1,0,gemcitabine
GSM5664357_ACTATGGCAACCTATG-1,0,gemcitabine
GSM5664357_ACTATGGCACTCCTGT-1,0,gemcitabine
GSM5664357_ACTATGGGTATCATGC-1,0,gemcitabine
GSM5664357_ACTATGGTCGGATACT-1,0,gemcitabine
GSM5664357_ACTATTCAGCTTGTTG-1,0,gemcitabine
GSM5664357_ACTATTCTCAACGCTA-1,0,gemcitabine
GSM5664357_ACTATTCTCACCGGGT-1,0,gemcitabine
GSM5664357_ACTATTCTCCCTTTGG-1,0,gemcitabine
GSM5664357_ACTATTCTCTCTTGCG-1,0,gemcitabine
GSM5664357_ACTCCCAAGAGGATGA-1,0,gemcitabine
GSM5664357_ACTCCCAAGCTATCTG-1,0,gemcitabine
GSM5664357_ACTCCCACAACCTAAC-1,0,gemcitabine
GSM5664357_ACTCCCAGTACGGCAA-1,0,gemcitabine
GSM5664357_ACTCTCGGTCTCGGAC-1,0,gemcitabine
GSM5664357_ACTCTCGGTTGGTACT-1,0,gemcitabine
GSM5664357_ACTCTCGTCCATTGGA-1,0,gemcitabine
GSM5664357_ACTCTCGTCCCGTAAA-1,0,gemcitabine
GSM5664357_ACTCTCGTCCTTCGAC-1,0,gemcitabine
GSM5664357_ACTCTCGTCTAACACG-1,0,gemcitabine
GSM5664357_ACTGATGAGCACTCCG-1,0,gemcitabine
GSM5664357_ACTGATGGTCCAGCAC-1,0,gemcitabine
GSM5664357_ACTGATGTCGACGACC-1,0,gemcitabine
GSM5664357_ACTGATGTCTGGGCCA-1,0,gemcitabine
GSM5664357_ACTGCAAGTCTCGCGA-1,0,gemcitabine
GSM5664357_ACTGCAAGTTGTTGCA-1,0,gemcitabine
GSM5664357_ACTGCAATCGGTTGTA-1,0,gemcitabine
GSM5664357_ACTGTCCAGCACTGGA-1,0,gemcitabine
GSM5664357_ACTGTCCAGCCTTTGA-1,0,gemcitabine
GSM5664357_ACTGTCCCAAAGGCTG-1,0,gemcitabine
GSM5664357_ACTGTCCCAGCACAGA-1,0,gemcitabine
GSM5664357_ACTGTCCGTACAGTCT-1,0,gemcitabine
GSM5664357_ACTGTCCGTAGCGCCT-1,0,gemcitabine
GSM5664357_ACTGTCCTCGCTGTTC-1,0,gemcitabine
GSM5664357_ACTGTGAGTCGTACAT-1,0,gemcitabine
GSM5664357_ACTGTGAGTTCACGAT-1,0,gemcitabine
GSM5664357_ACTGTGATCATAAGGA-1,0,gemcitabine
GSM5664357_ACTGTGATCTCTCCGA-1,0,gemcitabine
GSM5664357_ACTTAGGAGGCTAACG-1,0,gemcitabine
GSM5664357_ACTTAGGAGTCTGCGC-1,0,gemcitabine
GSM5664357_ACTTAGGCAAGCACCC-1,0,gemcitabine
GSM5664357_ACTTAGGCACTGTCGG-1,0,gemcitabine
GSM5664357_ACTTAGGCACTTCCTG-1,0,gemcitabine
GSM5664357_ACTTAGGGTACATTGC-1,0,gemcitabine
GSM5664357_ACTTAGGGTCAGCTTA-1,0,gemcitabine
GSM5664357_ACTTAGGGTGGTAATA-1,0,gemcitabine
GSM5664357_ACTTAGGTCATTGGTG-1,0,gemcitabine
GSM5664357_ACTTAGGTCTAGTACG-1,0,gemcitabine
GSM5664357_ACTTATCCAAATAAGC-1,0,gemcitabine
GSM5664357_ACTTATCCAACCTAAC-1,0,gemcitabine
GSM5664357_ACTTATCGTCACCCTT-1,0,gemcitabine
GSM5664357_ACTTATCGTTGCTCAA-1,0,gemcitabine
GSM5664357_ACTTATCTCCAAGAGG-1,0,gemcitabine
GSM5664357_ACTTATCTCGACCTAA-1,0,gemcitabine
GSM5664357_ACTTCCGAGCGAACTG-1,0,gemcitabine
GSM5664357_ACTTCCGAGGAATCGC-1,0,gemcitabine
GSM5664357_ACTTCCGCAAGGTTGG-1,0,gemcitabine
GSM5664357_ACTTCCGCATACAGCT-1,0,gemcitabine
GSM5664357_ACTTCCGTCTACTTCA-1,0,gemcitabine
GSM5664357_ACTTCCGTCTGACCCT-1,0,gemcitabine
GSM5664357_ACTTCGCAGAGCAACC-1,0,gemcitabine
GSM5664357_ACTTCGCAGATCCCAT-1,0,gemcitabine
GSM5664357_ACTTCGCAGCCTCGTG-1,0,gemcitabine
GSM5664357_ACTTCGCAGCTAGATA-1,0,gemcitabine
GSM5664357_ACTTCGCAGTGCACAG-1,0,gemcitabine
GSM5664357_ACTTCGCCACTGGATT-1,0,gemcitabine
GSM5664357_ACTTCGCCAGGAACCA-1,0,gemcitabine
GSM5664357_ACTTCGCGTGCCCGTA-1,0,gemcitabine
GSM5664357_ACTTCGCTCGTAGCTA-1,0,gemcitabine
GSM5664357_ACTTTCAGTCCTTGTC-1,0,gemcitabine
GSM5664357_ACTTTCAGTCTAGGCC-1,0,gemcitabine
GSM5664357_ACTTTCATCCCTCTAG-1,0,gemcitabine
GSM5664357_ACTTTCATCCTGTAAG-1,0,gemcitabine
GSM5664357_ACTTTCATCGCTGTTC-1,0,gemcitabine
GSM5664357_ACTTTCATCTCACGAA-1,0,gemcitabine
GSM5664357_ACTTTCATCTGCCTCA-1,0,gemcitabine
GSM5664357_ACTTTGTAGCAACAAT-1,0,gemcitabine
GSM5664357_ACTTTGTAGCCTCCAG-1,0,gemcitabine
GSM5664357_ACTTTGTTCATGGCCG-1,0,gemcitabine
GSM5664357_AGAAATGAGTCTGGAG-1,0,gemcitabine
GSM5664357_AGAAATGCAAGTGACG-1,0,gemcitabine
GSM5664357_AGAAATGCAATATCCG-1,0,gemcitabine
GSM5664357_AGAAATGCACCTATCC-1,0,gemcitabine
GSM5664357_AGAAATGCACTGGAAG-1,0,gemcitabine
GSM5664357_AGAAATGCATGGATCT-1,0,gemcitabine
GSM5664357_AGAAATGGTGGATACG-1,0,gemcitabine
GSM5664357_AGAAATGTCGACTCCT-1,0,gemcitabine
GSM5664357_AGAACAACACACCGAC-1,0,gemcitabine
GSM5664357_AGAACAACACATTCTT-1,0,gemcitabine
GSM5664357_AGAACAACAGGCGTTC-1,0,gemcitabine
GSM5664357_AGAACAAGTCTGTGCG-1,0,gemcitabine
GSM5664357_AGAACAATCCCGTTCA-1,0,gemcitabine
GSM5664357_AGAACAATCGCATTAG-1,0,gemcitabine
GSM5664357_AGAACCTGTGATGGCA-1,0,gemcitabine
GSM5664357_AGAACCTGTTGCATGT-1,0,gemcitabine
GSM5664357_AGAACCTTCCACAAGT-1,0,gemcitabine
GSM5664357_AGAAGCGGTACGGGAT-1,0,gemcitabine
GSM5664357_AGAAGCGGTCCCTAAA-1,0,gemcitabine
GSM5664357_AGAAGCGGTGCCCTTT-1,0,gemcitabine
GSM5664357_AGAAGCGTCCGGTAAT-1,0,gemcitabine
GSM5664357_AGAAGTAAGCACCTGC-1,0,gemcitabine
GSM5664357_AGAAGTACACAAACGG-1,0,gemcitabine
GSM5664357_AGAAGTACAGCTACTA-1,0,gemcitabine
GSM5664357_AGAAGTAGTTCCTACC-1,0,gemcitabine
GSM5664357_AGAAGTATCGACTCCT-1,0,gemcitabine
GSM5664357_AGACAAAAGTCCCGGT-1,0,gemcitabine
GSM5664357_AGACAAACAAGGTCAG-1,0,gemcitabine
GSM5664357_AGACAAAGTTGTCAGT-1,0,gemcitabine
GSM5664357_AGACACTAGTAAAGCT-1,0,gemcitabine
GSM5664357_AGACACTCAATGGCAG-1,0,gemcitabine
GSM5664357_AGACACTGTTGCCGCA-1,0,gemcitabine
GSM5664357_AGACACTTCGCTTACC-1,0,gemcitabine
GSM5664357_AGACACTTCTTCTCAA-1,0,gemcitabine
GSM5664357_AGACAGGAGACAAGCC-1,0,gemcitabine
GSM5664357_AGACAGGAGCCGATAG-1,0,gemcitabine
GSM5664357_AGACAGGAGTGCAGCA-1,0,gemcitabine
GSM5664357_AGACAGGCATACTGAC-1,0,gemcitabine
GSM5664357_AGACAGGGTTCTCACC-1,0,gemcitabine
GSM5664357_AGACCATAGAAACTGT-1,0,gemcitabine
GSM5664357_AGACCATCATACTGTG-1,0,gemcitabine
GSM5664357_AGACCATGTTATCTTC-1,0,gemcitabine
GSM5664357_AGACCCGAGCCTATCA-1,0,gemcitabine
GSM5664357_AGACCCGAGCTCACTA-1,0,gemcitabine
GSM5664357_AGACCCGAGGCTCTAT-1,0,gemcitabine
GSM5664357_AGACCCGAGGGTTTCT-1,0,gemcitabine
GSM5664357_AGACCCGGTCCACTTC-1,0,gemcitabine
GSM5664357_AGACCCGTCTTACCAT-1,0,gemcitabine
GSM5664357_AGACTCAAGCATCCTA-1,0,gemcitabine
GSM5664357_AGACTCAAGCTCCACG-1,0,gemcitabine
GSM5664357_AGACTCAAGGGAGTTC-1,0,gemcitabine
GSM5664357_AGACTCAAGTTCGCAT-1,0,gemcitabine
GSM5664357_AGACTCACAGCGTATT-1,0,gemcitabine
GSM5664357_AGACTCACAGGCGTTC-1,0,gemcitabine
GSM5664357_AGACTCACAGTGAGCA-1,0,gemcitabine
GSM5664357_AGACTCAGTGGCGCTT-1,0,gemcitabine
GSM5664357_AGACTCATCCATCGTC-1,0,gemcitabine
GSM5664357_AGACTCATCGAGAACG-1,0,gemcitabine
GSM5664357_AGACTCATCTACTCAT-1,0,gemcitabine
GSM5664357_AGAGAATCAACTGAAA-1,0,gemcitabine
GSM5664357_AGAGAATCACCCGTAG-1,0,gemcitabine
GSM5664357_AGAGAATTCATGAGAA-1,0,gemcitabine
GSM5664357_AGAGAATTCTCTGCTG-1,0,gemcitabine
GSM5664357_AGAGAGCAGACATACA-1,0,gemcitabine
GSM5664357_AGAGAGCAGGCCTGAA-1,0,gemcitabine
GSM5664357_AGAGAGCCAACGGCCT-1,0,gemcitabine
GSM5664357_AGAGAGCCACCGTGCA-1,0,gemcitabine
GSM5664357_AGAGAGCGTAGTTCCA-1,0,gemcitabine
GSM5664357_AGAGAGCGTGAGATTA-1,0,gemcitabine
GSM5664357_AGAGAGCTCTCCGTGT-1,0,gemcitabine
GSM5664357_AGAGCAGAGGTCCCGT-1,0,gemcitabine
GSM5664357_AGAGCAGGTAGTCACT-1,0,gemcitabine
GSM5664357_AGAGCAGTCTATCGCC-1,0,gemcitabine
GSM5664357_AGAGCCCCAGTTCTAG-1,0,gemcitabine
GSM5664357_AGAGCCCCATAATGCC-1,0,gemcitabine
GSM5664357_AGAGCCCTCCAGCCTT-1,0,gemcitabine
GSM5664357_AGAGCCCTCGAAATCC-1,0,gemcitabine
GSM5664357_AGATAGACACTACTTT-1,0,gemcitabine
GSM5664357_AGATAGACAGAATTCC-1,0,gemcitabine
GSM5664357_AGATAGACATGACTAC-1,0,gemcitabine
GSM5664357_AGATAGAGTATCACCA-1,0,gemcitabine
GSM5664357_AGATAGAGTGACTCTA-1,0,gemcitabine
GSM5664357_AGATCCAAGGCATGGT-1,0,gemcitabine
GSM5664357_AGATCCAAGTCATCCA-1,0,gemcitabine
GSM5664357_AGATCCACAAACTAAG-1,0,gemcitabine
GSM5664357_AGATCCACACTCAGAT-1,0,gemcitabine
GSM5664357_AGATCCACACTGAATC-1,0,gemcitabine
GSM5664357_AGATCCACAGAACCGA-1,0,gemcitabine
GSM5664357_AGATCCACATGTGCCG-1,0,gemcitabine
GSM5664357_AGATCCATCTCTCAAT-1,0,gemcitabine
GSM5664357_AGATCGTGTCGTAATC-1,0,gemcitabine
GSM5664357_AGATGAACAATCCAGT-1,0,gemcitabine
GSM5664357_AGATGAATCAATCCGA-1,0,gemcitabine
GSM5664357_AGATGAATCTTACCGC-1,0,gemcitabine
GSM5664357_AGATGCTCACTGGCGT-1,0,gemcitabine
GSM5664357_AGATGCTTCCACCTGT-1,0,gemcitabine
GSM5664357_AGATGCTTCGCCAGTG-1,0,gemcitabine
GSM5664357_AGCATCAAGGCACCAA-1,0,gemcitabine
GSM5664357_AGCATCACAGAAATTG-1,0,gemcitabine
GSM5664357_AGCATCAGTCGACGCT-1,0,gemcitabine
GSM5664357_AGCCAATAGTGCTAGG-1,0,gemcitabine
GSM5664357_AGCCAATCAGAGTTGG-1,0,gemcitabine
GSM5664357_AGCCAATCATGTGTCA-1,0,gemcitabine
GSM5664357_AGCCAATGTTACCTGA-1,0,gemcitabine
GSM5664357_AGCCAATTCCGGCTTT-1,0,gemcitabine
GSM5664357_AGCCAATTCGATACTG-1,0,gemcitabine
GSM5664357_AGCCACGAGGGTGGGA-1,0,gemcitabine
GSM5664357_AGCCACGCACGGAAGT-1,0,gemcitabine
GSM5664357_AGCCACGCATGAATAG-1,0,gemcitabine
GSM5664357_AGCCACGGTACCGTGC-1,0,gemcitabine
GSM5664357_AGCCAGCAGAATACAC-1,0,gemcitabine
GSM5664357_AGCCAGCAGAGCATTA-1,0,gemcitabine
GSM5664357_AGCCAGCCAAGTGGAC-1,0,gemcitabine
GSM5664357_AGCCAGCGTACTGCCG-1,0,gemcitabine
GSM5664357_AGCGATTAGAAGAACG-1,0,gemcitabine
GSM5664357_AGCGATTAGAGCAGAA-1,0,gemcitabine
GSM5664357_AGCGATTAGATTGTGA-1,0,gemcitabine
GSM5664357_AGCGATTCAGAGGTTG-1,0,gemcitabine
GSM5664357_AGCGATTCAGATCACT-1,0,gemcitabine
GSM5664357_AGCGATTTCTCGTTTA-1,0,gemcitabine
GSM5664357_AGCGCCAAGAGTATAC-1,0,gemcitabine
GSM5664357_AGCGCCACAACTTGCA-1,0,gemcitabine
GSM5664357_AGCGCCACAATTCTCT-1,0,gemcitabine
GSM5664357_AGCGCCACATTCTTCA-1,0,gemcitabine
GSM5664357_AGCGCCAGTAGATGTA-1,0,gemcitabine
GSM5664357_AGCGCCAGTCGCATGC-1,0,gemcitabine
GSM5664357_AGCGCCAGTTCTCACC-1,0,gemcitabine
GSM5664357_AGCGCCATCAACTTTC-1,0,gemcitabine
GSM5664357_AGCGCCATCCGACAGC-1,0,gemcitabine
GSM5664357_AGCGCCATCGCCGAAC-1,0,gemcitabine
GSM5664357_AGCGCTGCAACCAGAG-1,0,gemcitabine
GSM5664357_AGCGCTGCACGCCAGT-1,0,gemcitabine
GSM5664357_AGCGCTGCAGCAGTCC-1,0,gemcitabine
GSM5664357_AGCGCTGCATCCAACA-1,0,gemcitabine
GSM5664357_AGCGCTGCATGTGGCC-1,0,gemcitabine
GSM5664357_AGCGTATAGGTCTACT-1,0,gemcitabine
GSM5664357_AGCGTATAGTTCGCAT-1,0,gemcitabine
GSM5664357_AGCGTATCACTAGGTT-1,0,gemcitabine
GSM5664357_AGCGTATCATCGCCTT-1,0,gemcitabine
GSM5664357_AGCGTATGTTCAGTAC-1,0,gemcitabine
GSM5664357_AGCGTATTCACAAGGG-1,0,gemcitabine
GSM5664357_AGCGTATTCCTACACC-1,0,gemcitabine
GSM5664357_AGCGTATTCTCTCAAT-1,0,gemcitabine
GSM5664357_AGCGTCGAGCACCCAC-1,0,gemcitabine
GSM5664357_AGCGTCGAGCTGACTT-1,0,gemcitabine
GSM5664357_AGCTACAAGACCGTTT-1,0,gemcitabine
GSM5664357_AGCTACACATTCTGTT-1,0,gemcitabine
GSM5664357_AGCTACAGTACTGGGA-1,0,gemcitabine
GSM5664357_AGCTACAGTAGCGTCC-1,0,gemcitabine
GSM5664357_AGCTACATCGCCTATC-1,0,gemcitabine
GSM5664357_AGCTCAAGTACTAGCT-1,0,gemcitabine
GSM5664357_AGCTCAAGTAGGACTG-1,0,gemcitabine
GSM5664357_AGCTCAATCAGGCGAA-1,0,gemcitabine
GSM5664357_AGCTCAATCATCGTAG-1,0,gemcitabine
GSM5664357_AGCTCAATCCAAACCA-1,0,gemcitabine
GSM5664357_AGCTCAATCCAGCTCT-1,0,gemcitabine
GSM5664357_AGCTTCCCAAGACGAC-1,0,gemcitabine
GSM5664357_AGCTTCCCACGACAAG-1,0,gemcitabine
GSM5664357_AGCTTCCCAGGACTAG-1,0,gemcitabine
GSM5664357_AGCTTCCTCGTAGCTA-1,0,gemcitabine
GSM5664357_AGGAAATAGTTGTCAC-1,0,gemcitabine
GSM5664357_AGGAAATCAGTCAGCC-1,0,gemcitabine
GSM5664357_AGGAAATGTCAAAGTA-1,0,gemcitabine
GSM5664357_AGGAAATTCCATCGTC-1,0,gemcitabine
GSM5664357_AGGAATAAGTACTCGT-1,0,gemcitabine
GSM5664357_AGGAATACAAACTAAG-1,0,gemcitabine
GSM5664357_AGGACGAAGGTCTACT-1,0,gemcitabine
GSM5664357_AGGACGATCTAGTACG-1,0,gemcitabine
GSM5664357_AGGACTTAGAGCATAT-1,0,gemcitabine
GSM5664357_AGGACTTAGGCTCTCG-1,0,gemcitabine
GSM5664357_AGGACTTCACAGCCAC-1,0,gemcitabine
GSM5664357_AGGACTTCAGAACTCT-1,0,gemcitabine
GSM5664357_AGGACTTGTAAGATAC-1,0,gemcitabine
GSM5664357_AGGACTTTCTAGCATG-1,0,gemcitabine
GSM5664357_AGGACTTTCTCATAGG-1,0,gemcitabine
GSM5664357_AGGAGGTAGCACTCGC-1,0,gemcitabine
GSM5664357_AGGAGGTCACTTCTCG-1,0,gemcitabine
GSM5664357_AGGAGGTCAGAGGACT-1,0,gemcitabine
GSM5664357_AGGAGGTGTATGAAAC-1,0,gemcitabine
GSM5664357_AGGAGGTGTCAAGTTC-1,0,gemcitabine
GSM5664357_AGGAGGTTCGAGATGG-1,0,gemcitabine
GSM5664357_AGGATAAAGAGCTTTC-1,0,gemcitabine
GSM5664357_AGGATAAAGCCTGAAG-1,0,gemcitabine
GSM5664357_AGGATAAAGGGATCAC-1,0,gemcitabine
GSM5664357_AGGATAAAGTTCCAGT-1,0,gemcitabine
GSM5664357_AGGATAACAAGAGGTC-1,0,gemcitabine
GSM5664357_AGGATAAGTACTTGTG-1,0,gemcitabine
GSM5664357_AGGATAAGTCAACATC-1,0,gemcitabine
GSM5664357_AGGATAAGTGTTTACG-1,0,gemcitabine
GSM5664357_AGGATCTAGGAAAGAC-1,0,gemcitabine
GSM5664357_AGGATCTAGTCCGTCG-1,0,gemcitabine
GSM5664357_AGGATCTCATAACTCG-1,0,gemcitabine
GSM5664357_AGGATCTGTACGGATG-1,0,gemcitabine
GSM5664357_AGGATCTGTGGATCAG-1,0,gemcitabine
GSM5664357_AGGATCTTCCTCTCTT-1,0,gemcitabine
GSM5664357_AGGCATTAGCAATTAG-1,0,gemcitabine
GSM5664357_AGGCATTCATTGGCAT-1,0,gemcitabine
GSM5664357_AGGCATTGTACACTCA-1,0,gemcitabine
GSM5664357_AGGCATTGTAGCTGCC-1,0,gemcitabine
GSM5664357_AGGCATTGTATCCTTT-1,0,gemcitabine
GSM5664357_AGGCATTGTCACTACA-1,0,gemcitabine
GSM5664357_AGGCATTGTGAGGCAT-1,0,gemcitabine
GSM5664357_AGGCATTTCCCTCTTT-1,0,gemcitabine
GSM5664357_AGGCCACAGACCACGA-1,0,gemcitabine
GSM5664357_AGGCCACAGATACAGT-1,0,gemcitabine
GSM5664357_AGGCCACCACGACCTG-1,0,gemcitabine
GSM5664357_AGGCCACCATAGCACT-1,0,gemcitabine
GSM5664357_AGGCCACGTATTGAGA-1,0,gemcitabine
GSM5664357_AGGCCACTCAGTGTGT-1,0,gemcitabine
GSM5664357_AGGCTGCTCAAGGCTT-1,0,gemcitabine
GSM5664357_AGGCTGCTCGAGGCAA-1,0,gemcitabine
GSM5664357_AGGCTGCTCGAGTACT-1,0,gemcitabine
GSM5664357_AGGCTGCTCGGTGTAT-1,0,gemcitabine
GSM5664357_AGGGAGTAGAATACAC-1,0,gemcitabine
GSM5664357_AGGGAGTAGGTTGACG-1,0,gemcitabine
GSM5664357_AGGGAGTAGTCGAAAT-1,0,gemcitabine
GSM5664357_AGGGCCTCAACACAGG-1,0,gemcitabine
GSM5664357_AGGGCCTCATAGGAGC-1,0,gemcitabine
GSM5664357_AGGGCTCCAGTTCCAA-1,0,gemcitabine
GSM5664357_AGGGCTCGTCGCTTGG-1,0,gemcitabine
GSM5664357_AGGGTCCAGATCACTC-1,0,gemcitabine
GSM5664357_AGGGTCCAGTGGATAT-1,0,gemcitabine
GSM5664357_AGGGTCCCAGCACAAG-1,0,gemcitabine
GSM5664357_AGGGTCCGTTCGGTCG-1,0,gemcitabine
GSM5664357_AGGGTGAAGGCTGGAT-1,0,gemcitabine
GSM5664357_AGGGTGACAGCGTTGC-1,0,gemcitabine
GSM5664357_AGGGTGAGTATCACGT-1,0,gemcitabine
GSM5664357_AGGGTGATCGCGCTGA-1,0,gemcitabine
GSM5664357_AGGGTGATCTCGTCGT-1,0,gemcitabine
GSM5664357_AGGGTTTCATCTCAAG-1,0,gemcitabine
GSM5664357_AGGGTTTCATGAATCC-1,0,gemcitabine
GSM5664357_AGGGTTTGTCGCCTAG-1,0,gemcitabine
GSM5664357_AGGGTTTGTGCTGCAC-1,0,gemcitabine
GSM5664357_AGGGTTTTCATCCTAT-1,0,gemcitabine
GSM5664357_AGGTAGGAGGGCAATC-1,0,gemcitabine
GSM5664357_AGGTAGGCACAAAGTA-1,0,gemcitabine
GSM5664357_AGGTAGGGTAACACCT-1,0,gemcitabine
GSM5664357_AGGTAGGTCTGCCTGT-1,0,gemcitabine
GSM5664357_AGGTCATCAAGCACAG-1,0,gemcitabine
GSM5664357_AGGTCATCAAGGATGC-1,0,gemcitabine
GSM5664357_AGGTCATCATTCAGGT-1,0,gemcitabine
GSM5664357_AGGTCATTCGTCAACA-1,0,gemcitabine
GSM5664357_AGGTCTAAGACCAAAT-1,0,gemcitabine
GSM5664357_AGGTCTAAGAGGATCC-1,0,gemcitabine
GSM5664357_AGGTCTAGTGCGGTAA-1,0,gemcitabine
GSM5664357_AGGTCTATCCAATCTT-1,0,gemcitabine
GSM5664357_AGGTCTATCCGCCTAT-1,0,gemcitabine
GSM5664357_AGGTCTATCGAGCCTG-1,0,gemcitabine
GSM5664357_AGGTCTATCGGCGATC-1,0,gemcitabine
GSM5664357_AGGTCTATCTTAGCCC-1,0,gemcitabine
GSM5664357_AGGTGTTAGAGGCCAT-1,0,gemcitabine
GSM5664357_AGGTGTTAGCGTCGAA-1,0,gemcitabine
GSM5664357_AGGTGTTCACAAGCCC-1,0,gemcitabine
GSM5664357_AGGTGTTCACCTTCCA-1,0,gemcitabine
GSM5664357_AGGTGTTTCAACTGGT-1,0,gemcitabine
GSM5664357_AGGTGTTTCATGGCCG-1,0,gemcitabine
GSM5664357_AGGTTACAGAACTGAT-1,0,gemcitabine
GSM5664357_AGGTTACAGGGCTTCC-1,0,gemcitabine
GSM5664357_AGGTTACCACACCTTC-1,0,gemcitabine
GSM5664357_AGGTTACCACCTGCGA-1,0,gemcitabine
GSM5664357_AGGTTACCACTACCCT-1,0,gemcitabine
GSM5664357_AGGTTACCATTGTCGA-1,0,gemcitabine
GSM5664357_AGGTTACGTATCCCTC-1,0,gemcitabine
GSM5664357_AGGTTACGTCTACAGT-1,0,gemcitabine
GSM5664357_AGGTTGTAGGTCACAG-1,0,gemcitabine
GSM5664357_AGGTTGTCAATCGCCG-1,0,gemcitabine
GSM5664357_AGGTTGTGTATCGCGC-1,0,gemcitabine
GSM5664357_AGGTTGTGTATTCCGA-1,0,gemcitabine
GSM5664357_AGGTTGTGTCCGGATC-1,0,gemcitabine
GSM5664357_AGGTTGTGTCGATTAC-1,0,gemcitabine
GSM5664357_AGGTTGTTCACAATGC-1,0,gemcitabine
GSM5664357_AGGTTGTTCCCGTGTT-1,0,gemcitabine
GSM5664357_AGTAACCCACAGCCAC-1,0,gemcitabine
GSM5664357_AGTAACCGTAGTCACT-1,0,gemcitabine
GSM5664357_AGTAACCTCGCAACAT-1,0,gemcitabine
GSM5664357_AGTACCAAGGACATCG-1,0,gemcitabine
GSM5664357_AGTACCACAATGACCT-1,0,gemcitabine
GSM5664357_AGTACCAGTCCGGACT-1,0,gemcitabine
GSM5664357_AGTACCATCAACCTTT-1,0,gemcitabine
GSM5664357_AGTACTGAGATACAGT-1,0,gemcitabine
GSM5664357_AGTACTGAGCTTAAGA-1,0,gemcitabine
GSM5664357_AGTACTGAGGACTGGT-1,0,gemcitabine
GSM5664357_AGTACTGAGTGGTGGT-1,0,gemcitabine
GSM5664357_AGTACTGCACGTAACT-1,0,gemcitabine
GSM5664357_AGTACTGCAGCATTGT-1,0,gemcitabine
GSM5664357_AGTACTGGTAACATCC-1,0,gemcitabine
GSM5664357_AGTACTGTCTACCACC-1,0,gemcitabine
GSM5664357_AGTAGCTAGAAACTAC-1,0,gemcitabine
GSM5664357_AGTAGCTCAAAGCTCT-1,0,gemcitabine
GSM5664357_AGTAGCTGTTGCGGAA-1,0,gemcitabine
GSM5664357_AGTAGCTTCGACATCA-1,0,gemcitabine
GSM5664357_AGTAGTCAGTCCGCGT-1,0,gemcitabine
GSM5664357_AGTAGTCCAATACGCT-1,0,gemcitabine
GSM5664357_AGTAGTCCAATCCTTT-1,0,gemcitabine
GSM5664357_AGTAGTCCAGTTGTTG-1,0,gemcitabine
GSM5664357_AGTAGTCGTCGGTGTC-1,0,gemcitabine
GSM5664357_AGTAGTCGTCTGCGCA-1,0,gemcitabine
GSM5664357_AGTAGTCGTTTGGGAG-1,0,gemcitabine
GSM5664357_AGTCAACCAGAGGCAT-1,0,gemcitabine
GSM5664357_AGTCAACTCGTGGCGT-1,0,gemcitabine
GSM5664357_AGTCACAAGATCCCAT-1,0,gemcitabine
GSM5664357_AGTCACACAAAGACGC-1,0,gemcitabine
GSM5664357_AGTCACACAAGCTACT-1,0,gemcitabine
GSM5664357_AGTCACACACTAAACC-1,0,gemcitabine
GSM5664357_AGTCACACAGGTCAAG-1,0,gemcitabine
GSM5664357_AGTCACAGTATCCTTT-1,0,gemcitabine
GSM5664357_AGTCACAGTCACGCTG-1,0,gemcitabine
GSM5664357_AGTCACAGTGCTAGCC-1,0,gemcitabine
GSM5664357_AGTCATGCACGTAGAG-1,0,gemcitabine
GSM5664357_AGTCATGTCATAGACC-1,0,gemcitabine
GSM5664357_AGTCATGTCGCAAGAG-1,0,gemcitabine
GSM5664357_AGTCTCCAGCGAACTG-1,0,gemcitabine
GSM5664357_AGTCTCCAGCTGCCAC-1,0,gemcitabine
GSM5664357_AGTCTCCAGGATGAGA-1,0,gemcitabine
GSM5664357_AGTCTCCCAAGAAATC-1,0,gemcitabine
GSM5664357_AGTCTCCCACACCTTC-1,0,gemcitabine
GSM5664357_AGTCTCCGTAACAAGT-1,0,gemcitabine
GSM5664357_AGTCTCCGTGTCCCTT-1,0,gemcitabine
GSM5664357_AGTCTCCGTTCGATTG-1,0,gemcitabine
GSM5664357_AGTCTCCTCAATCAGC-1,0,gemcitabine
GSM5664357_AGTCTCCTCAGACTGT-1,0,gemcitabine
GSM5664357_AGTCTCCTCAGGGTAG-1,0,gemcitabine
GSM5664357_AGTGACTCATATCTGG-1,0,gemcitabine
GSM5664357_AGTGACTGTACTCCCT-1,0,gemcitabine
GSM5664357_AGTGACTTCACTGCTC-1,0,gemcitabine
GSM5664357_AGTGATCCAAGTCATC-1,0,gemcitabine
GSM5664357_AGTGATCCATGTCAGT-1,0,gemcitabine
GSM5664357_AGTGCCGAGAGAGAAC-1,0,gemcitabine
GSM5664357_AGTGCCGAGAGGTTTA-1,0,gemcitabine
GSM5664357_AGTGCCGAGTCTGCAT-1,0,gemcitabine
GSM5664357_AGTGCCGCACGCGTGT-1,0,gemcitabine
GSM5664357_AGTGCCGCAGTAGTGG-1,0,gemcitabine
GSM5664357_AGTGCCGCATAATCGC-1,0,gemcitabine
GSM5664357_AGTGCCGGTATACAGA-1,0,gemcitabine
GSM5664357_AGTGCCGTCACCATGA-1,0,gemcitabine
GSM5664357_AGTGCCGTCTCGGTCT-1,0,gemcitabine
GSM5664357_AGTGTTGAGAGTCCGA-1,0,gemcitabine
GSM5664357_AGTGTTGAGCTCACTA-1,0,gemcitabine
GSM5664357_AGTGTTGCAGTTGTTG-1,0,gemcitabine
GSM5664357_AGTGTTGCATCAGCTA-1,0,gemcitabine
GSM5664357_AGTGTTGGTCGAGATG-1,0,gemcitabine
GSM5664357_AGTGTTGGTTACGTAC-1,0,gemcitabine
GSM5664357_AGTGTTGGTTGTTTGG-1,0,gemcitabine
GSM5664357_AGTGTTGTCATCACCC-1,0,gemcitabine
GSM5664357_AGTGTTGTCATTATCC-1,0,gemcitabine
GSM5664357_AGTGTTGTCCATAAGC-1,0,gemcitabine
GSM5664357_AGTTAGCAGGAAGTGA-1,0,gemcitabine
GSM5664357_AGTTCCCAGTGGTTGG-1,0,gemcitabine
GSM5664357_AGTTCCCGTGAGTAAT-1,0,gemcitabine
GSM5664357_AGTTCCCGTGCTATTG-1,0,gemcitabine
GSM5664357_AGTTCCCGTTACGTAC-1,0,gemcitabine
GSM5664357_AGTTCCCTCTCTGCCA-1,0,gemcitabine
GSM5664357_AGTTCGAAGCGGTATG-1,0,gemcitabine
GSM5664357_AGTTCGAAGTCATCGT-1,0,gemcitabine
GSM5664357_AGTTCGACACTTGAGT-1,0,gemcitabine
GSM5664357_AGTTCGACAGAGGGTT-1,0,gemcitabine
GSM5664357_AGTTCGACATGACTAC-1,0,gemcitabine
GSM5664357_AGTTCGACATGAGAAT-1,0,gemcitabine
GSM5664357_ATACCGAAGCGCTGCT-1,0,gemcitabine
GSM5664357_ATACCGACAAAGCAAT-1,0,gemcitabine
GSM5664357_ATACCGAGTACTAGCT-1,0,gemcitabine
GSM5664357_ATACCGAGTCACAATC-1,0,gemcitabine
GSM5664357_ATACCGATCAATCTCT-1,0,gemcitabine
GSM5664357_ATACCTTCATCGAGCC-1,0,gemcitabine
GSM5664357_ATACCTTGTATCGCAT-1,0,gemcitabine
GSM5664357_ATACCTTGTCTCACAA-1,0,gemcitabine
GSM5664357_ATACCTTGTGCTGCAC-1,0,gemcitabine
GSM5664357_ATACCTTGTTGTCATG-1,0,gemcitabine
GSM5664357_ATACCTTTCCCTCTAG-1,0,gemcitabine
GSM5664357_ATACCTTTCCTCTCTT-1,0,gemcitabine
GSM5664357_ATACTTCAGAATCGTA-1,0,gemcitabine
GSM5664357_ATACTTCCAAAGGCAC-1,0,gemcitabine
GSM5664357_ATACTTCCACTTACAG-1,0,gemcitabine
GSM5664357_ATACTTCCATCTAACG-1,0,gemcitabine
GSM5664357_ATACTTCGTCTCGCGA-1,0,gemcitabine
GSM5664357_ATACTTCGTGGCAACA-1,0,gemcitabine
GSM5664357_ATACTTCTCCAATGCA-1,0,gemcitabine
GSM5664357_ATACTTCTCGCTAAAC-1,0,gemcitabine
GSM5664357_ATACTTCTCTCGTTTA-1,0,gemcitabine
GSM5664357_ATACTTCTCTGCGGCA-1,0,gemcitabine
GSM5664357_ATAGACCAGCCGCACT-1,0,gemcitabine
GSM5664357_ATAGACCCAATTTCGG-1,0,gemcitabine
GSM5664357_ATAGACCGTCGCCTAG-1,0,gemcitabine
GSM5664357_ATAGACCTCTCGCAGG-1,0,gemcitabine
GSM5664357_ATAGAGAAGATTGGGC-1,0,gemcitabine
GSM5664357_ATAGAGAAGCCATGCC-1,0,gemcitabine
GSM5664357_ATAGAGAAGTCTTGGT-1,0,gemcitabine
GSM5664357_ATAGAGACACGTAGAG-1,0,gemcitabine
GSM5664357_ATAGAGATCATTATCC-1,0,gemcitabine
GSM5664357_ATAGAGATCCAGTACA-1,0,gemcitabine
GSM5664357_ATAGGCTCAACGCATT-1,0,gemcitabine
GSM5664357_ATAGGCTCACCTAAAC-1,0,gemcitabine
GSM5664357_ATAGGCTCAGCACAAG-1,0,gemcitabine
GSM5664357_ATAGGCTCATCGATAC-1,0,gemcitabine
GSM5664357_ATAGGCTGTAGCGTAG-1,0,gemcitabine
GSM5664357_ATAGGCTGTGGGATTG-1,0,gemcitabine
GSM5664357_ATAGGCTTCCCATGGG-1,0,gemcitabine
GSM5664357_ATAGGCTTCGCAGTTA-1,0,gemcitabine
GSM5664357_ATATCCTCAACGACTT-1,0,gemcitabine
GSM5664357_ATATCCTGTAACTGCT-1,0,gemcitabine
GSM5664357_ATATCCTGTCCATAGT-1,0,gemcitabine
GSM5664357_ATCACAGAGATCCTAC-1,0,gemcitabine
GSM5664357_ATCACAGAGCATTTGC-1,0,gemcitabine
GSM5664357_ATCACAGAGGCCATAG-1,0,gemcitabine
GSM5664357_ATCACAGCAATCTAGC-1,0,gemcitabine
GSM5664357_ATCACAGCATCGTTCC-1,0,gemcitabine
GSM5664357_ATCACAGTCAGTAGGG-1,0,gemcitabine
GSM5664357_ATCACAGTCCACTGAA-1,0,gemcitabine
GSM5664357_ATCACAGTCTACGGGC-1,0,gemcitabine
GSM5664357_ATCACAGTCTCTCTAA-1,0,gemcitabine
GSM5664357_ATCACGAAGGTGCCAA-1,0,gemcitabine
GSM5664357_ATCACGAGTACATTGC-1,0,gemcitabine
GSM5664357_ATCACGAGTGCTGTCG-1,0,gemcitabine
GSM5664357_ATCACTTAGCGCCTTG-1,0,gemcitabine
GSM5664357_ATCACTTAGGTCCTGC-1,0,gemcitabine
GSM5664357_ATCACTTCAACCCTAA-1,0,gemcitabine
GSM5664357_ATCAGGTAGTTACTCG-1,0,gemcitabine
GSM5664357_ATCAGGTCACTTGAAC-1,0,gemcitabine
GSM5664357_ATCAGGTCAGTTACCA-1,0,gemcitabine
GSM5664357_ATCAGGTTCGATGCTA-1,0,gemcitabine
GSM5664357_ATCAGGTTCTCCGAGG-1,0,gemcitabine
GSM5664357_ATCAGGTTCTGCGGGT-1,0,gemcitabine
GSM5664357_ATCATTCAGAGCATCG-1,0,gemcitabine
GSM5664357_ATCATTCCAACCGCTG-1,0,gemcitabine
GSM5664357_ATCATTCCAACTTGGT-1,0,gemcitabine
GSM5664357_ATCATTCCACGCGTGT-1,0,gemcitabine
GSM5664357_ATCCACCAGATACTGA-1,0,gemcitabine
GSM5664357_ATCCACCAGGAGACCT-1,0,gemcitabine
GSM5664357_ATCCACCGTCCAGCAC-1,0,gemcitabine
GSM5664357_ATCCACCGTCTCAGAT-1,0,gemcitabine
GSM5664357_ATCCACCGTGCCCAGT-1,0,gemcitabine
GSM5664357_ATCCACCTCAAGGTGG-1,0,gemcitabine
GSM5664357_ATCCACCTCACCTACC-1,0,gemcitabine
GSM5664357_ATCCATTAGCGACATG-1,0,gemcitabine
GSM5664357_ATCCATTCAATCACGT-1,0,gemcitabine
GSM5664357_ATCCATTCAGGTTCGC-1,0,gemcitabine
GSM5664357_ATCCATTGTGCAAGAC-1,0,gemcitabine
GSM5664357_ATCCATTTCCTCTCGA-1,0,gemcitabine
GSM5664357_ATCCATTTCGTGGTAT-1,0,gemcitabine
GSM5664357_ATCCCTGAGATCACCT-1,0,gemcitabine
GSM5664357_ATCCCTGCAATACAGA-1,0,gemcitabine
GSM5664357_ATCCCTGCACGCTGTG-1,0,gemcitabine
GSM5664357_ATCCCTGCAGGGAGAG-1,0,gemcitabine
GSM5664357_ATCCCTGGTAGAAACT-1,0,gemcitabine
GSM5664357_ATCCCTGTCCACCTCA-1,0,gemcitabine
GSM5664357_ATCCCTGTCCGCGAGT-1,0,gemcitabine
GSM5664357_ATCCGTCAGGTGCGAT-1,0,gemcitabine
GSM5664357_ATCCGTCCAAACGAGC-1,0,gemcitabine
GSM5664357_ATCCGTCCATACCAGT-1,0,gemcitabine
GSM5664357_ATCCGTCGTAATCAAG-1,0,gemcitabine
GSM5664357_ATCCGTCTCTCATTGT-1,0,gemcitabine
GSM5664357_ATCCGTCTCTCCCAAC-1,0,gemcitabine
GSM5664357_ATCCGTCTCTGGGATT-1,0,gemcitabine
GSM5664357_ATCCTATAGATGTTAG-1,0,gemcitabine
GSM5664357_ATCCTATTCCCTCGAT-1,0,gemcitabine
GSM5664357_ATCGATGAGGCCCACT-1,0,gemcitabine
GSM5664357_ATCGATGAGGTGGTTG-1,0,gemcitabine
GSM5664357_ATCGATGAGTGCACAG-1,0,gemcitabine
GSM5664357_ATCGATGCACCAGACC-1,0,gemcitabine
GSM5664357_ATCGATGCATAGACTC-1,0,gemcitabine
GSM5664357_ATCGATGGTCAAGCCC-1,0,gemcitabine
GSM5664357_ATCGATGGTGCATGAG-1,0,gemcitabine
GSM5664357_ATCGATGGTTACGCCG-1,0,gemcitabine
GSM5664357_ATCGCCTAGCAAGCCA-1,0,gemcitabine
GSM5664357_ATCGCCTAGCTGACAG-1,0,gemcitabine
GSM5664357_ATCGCCTGTAACTGCT-1,0,gemcitabine
GSM5664357_ATCGGATAGAAGAACG-1,0,gemcitabine
GSM5664357_ATCGGATAGAATCTAG-1,0,gemcitabine
GSM5664357_ATCGGATCAAGAATAC-1,0,gemcitabine
GSM5664357_ATCGGATTCCACGTCT-1,0,gemcitabine
GSM5664357_ATCGGATTCCGTATGA-1,0,gemcitabine
GSM5664357_ATCGGATTCTTCCAGC-1,0,gemcitabine
GSM5664357_ATCGGCGTCTGTTCAT-1,0,gemcitabine
GSM5664357_ATCGGCGTCTTAGTTC-1,0,gemcitabine
GSM5664357_ATCGTAGAGTCTGCGC-1,0,gemcitabine
GSM5664357_ATCGTAGCACTATCGA-1,0,gemcitabine
GSM5664357_ATCGTAGCATCCGCGA-1,0,gemcitabine
GSM5664357_ATCGTAGGTCACTTCC-1,0,gemcitabine
GSM5664357_ATCGTAGTCATCCTGC-1,0,gemcitabine
GSM5664357_ATCGTAGTCGCGGACT-1,0,gemcitabine
GSM5664357_ATCGTAGTCTGAGAGG-1,0,gemcitabine
GSM5664357_ATCGTCCAGCACACAG-1,0,gemcitabine
GSM5664357_ATCGTCCAGGCCCGTT-1,0,gemcitabine
GSM5664357_ATCGTCCCAATAGTCC-1,0,gemcitabine
GSM5664357_ATCGTCCCACACACTA-1,0,gemcitabine
GSM5664357_ATCGTCCGTCATACCA-1,0,gemcitabine
GSM5664357_ATCGTCCTCAAAGGAT-1,0,gemcitabine
GSM5664357_ATCGTCCTCGAGAATA-1,0,gemcitabine
GSM5664357_ATCGTGAAGAGCAGAA-1,0,gemcitabine
GSM5664357_ATCGTGAAGAGTTGCG-1,0,gemcitabine
GSM5664357_ATCGTGACACAAAGCG-1,0,gemcitabine
GSM5664357_ATCGTGAGTGCTGATT-1,0,gemcitabine
GSM5664357_ATCGTGATCATTCGTT-1,0,gemcitabine
GSM5664357_ATCGTGATCGCCGATG-1,0,gemcitabine
GSM5664357_ATCGTGATCGCTGTCT-1,0,gemcitabine
GSM5664357_ATCTCTACAGGTTCAT-1,0,gemcitabine
GSM5664357_ATCTCTACATCGATCA-1,0,gemcitabine
GSM5664357_ATCTCTAGTTAGAAAC-1,0,gemcitabine
GSM5664357_ATCTCTATCATCGTAG-1,0,gemcitabine
GSM5664357_ATCTCTATCGCAATGT-1,0,gemcitabine
GSM5664357_ATCTTCAAGCTAAATG-1,0,gemcitabine
GSM5664357_ATCTTCAGTCTTGTCC-1,0,gemcitabine
GSM5664357_ATCTTCAGTGTCATGT-1,0,gemcitabine
GSM5664357_ATCTTCATCACGGGCT-1,0,gemcitabine
GSM5664357_ATCTTCATCACGGTCG-1,0,gemcitabine
GSM5664357_ATCTTCATCCTAACAG-1,0,gemcitabine
GSM5664357_ATCTTCATCCTTGACC-1,0,gemcitabine
GSM5664357_ATCTTCATCGGTATGT-1,0,gemcitabine
GSM5664357_ATCTTCATCTTAGCTT-1,0,gemcitabine
GSM5664357_ATGAAAGCAGCTATTG-1,0,gemcitabine
GSM5664357_ATGAAAGCAGCTCTGG-1,0,gemcitabine
GSM5664357_ATGAAAGGTACATACC-1,0,gemcitabine
GSM5664357_ATGACCAAGAGGCTGT-1,0,gemcitabine
GSM5664357_ATGACCACACGATTCA-1,0,gemcitabine
GSM5664357_ATGACCACAGTTAGGG-1,0,gemcitabine
GSM5664357_ATGACCAGTAGGAGTC-1,0,gemcitabine
GSM5664357_ATGACCAGTGCGAACA-1,0,gemcitabine
GSM5664357_ATGACCAGTGCTCCGA-1,0,gemcitabine
GSM5664357_ATGACCAGTGTCTAAC-1,0,gemcitabine
GSM5664357_ATGAGGGAGAGGCTGT-1,0,gemcitabine
GSM5664357_ATGAGGGCACCTGATA-1,0,gemcitabine
GSM5664357_ATGAGGGTCGCATAGT-1,0,gemcitabine
GSM5664357_ATGAGTCCATGAGAAT-1,0,gemcitabine
GSM5664357_ATGAGTCGTCGCATTA-1,0,gemcitabine
GSM5664357_ATGAGTCTCTGCATAG-1,0,gemcitabine
GSM5664357_ATGATCGAGGGCTGAT-1,0,gemcitabine
GSM5664357_ATGATCGAGGTCCAGA-1,0,gemcitabine
GSM5664357_ATGATCGAGTCAACAA-1,0,gemcitabine
GSM5664357_ATGATCGCAGCTACAT-1,0,gemcitabine
GSM5664357_ATGATCGCAGGACGAT-1,0,gemcitabine
GSM5664357_ATGATCGCATCACCAA-1,0,gemcitabine
GSM5664357_ATGATCGCATCGGCCA-1,0,gemcitabine
GSM5664357_ATGATCGCATTAAAGG-1,0,gemcitabine
GSM5664357_ATGATCGTCAACACGT-1,0,gemcitabine
GSM5664357_ATGATCGTCAGCATTG-1,0,gemcitabine
GSM5664357_ATGATCGTCTCCCAAC-1,0,gemcitabine
GSM5664357_ATGCATGAGGTCACCC-1,0,gemcitabine
GSM5664357_ATGCATGAGTTGAAGT-1,0,gemcitabine
GSM5664357_ATGCATGCACTGGAAG-1,0,gemcitabine
GSM5664357_ATGCATGGTGGCCACT-1,0,gemcitabine
GSM5664357_ATGCATGGTGGGAGAG-1,0,gemcitabine
GSM5664357_ATGCATGGTTTGGGTT-1,0,gemcitabine
GSM5664357_ATGCATGTCAAGCCCG-1,0,gemcitabine
GSM5664357_ATGCATGTCCATTGGA-1,0,gemcitabine
GSM5664357_ATGCATGTCTGGGCCA-1,0,gemcitabine
GSM5664357_ATGCATGTCTTACACT-1,0,gemcitabine
GSM5664357_ATGCATGTCTTTCGAT-1,0,gemcitabine
GSM5664357_ATGCCTCAGATGGTAT-1,0,gemcitabine
GSM5664357_ATGCCTCCAATGGGTG-1,0,gemcitabine
GSM5664357_ATGCCTCGTCAGGTGA-1,0,gemcitabine
GSM5664357_ATGCCTCTCAAGCTTG-1,0,gemcitabine
GSM5664357_ATGCCTCTCGATCCAA-1,0,gemcitabine
GSM5664357_ATGCCTCTCGGTAAGG-1,0,gemcitabine
GSM5664357_ATGCGATAGGCTCCCA-1,0,gemcitabine
GSM5664357_ATGCGATAGGTTGGAC-1,0,gemcitabine
GSM5664357_ATGCGATGTATACGGG-1,0,gemcitabine
GSM5664357_ATGCGATTCATCCCGT-1,0,gemcitabine
GSM5664357_ATGCGATTCATGTCTT-1,0,gemcitabine
GSM5664357_ATGGAGGAGTGGGAAA-1,0,gemcitabine
GSM5664357_ATGGAGGTCGAAGAAT-1,0,gemcitabine
GSM5664357_ATGGATCAGTCTTCGA-1,0,gemcitabine
GSM5664357_ATGGATCGTCTCGGGT-1,0,gemcitabine
GSM5664357_ATGGATCTCAAACTGC-1,0,gemcitabine
GSM5664357_ATGGATCTCAACACGT-1,0,gemcitabine
GSM5664357_ATGGGAGAGATCGACG-1,0,gemcitabine
GSM5664357_ATGGGAGCAACGTTAC-1,0,gemcitabine
GSM5664357_ATGGGAGCACAAAGCG-1,0,gemcitabine
GSM5664357_ATGGGAGCAGCTGGTC-1,0,gemcitabine
GSM5664357_ATGGGAGCATTAAAGG-1,0,gemcitabine
GSM5664357_ATGGGAGGTAACATAG-1,0,gemcitabine
GSM5664357_ATGGGAGTCCGTGTGG-1,0,gemcitabine
GSM5664357_ATGGGTTAGACACACG-1,0,gemcitabine
GSM5664357_ATGGGTTAGATGAACT-1,0,gemcitabine
GSM5664357_ATGGGTTAGTGAATAC-1,0,gemcitabine
GSM5664357_ATGGGTTTCTAGTACG-1,0,gemcitabine
GSM5664357_ATGGGTTTCTTACCAT-1,0,gemcitabine
GSM5664357_ATGGTTGCAGGACTAG-1,0,gemcitabine
GSM5664357_ATGGTTGGTGATTAGA-1,0,gemcitabine
GSM5664357_ATGGTTGGTGTGTACT-1,0,gemcitabine
GSM5664357_ATGGTTGTCAGTGTGT-1,0,gemcitabine
GSM5664357_ATGTCCCAGACTCATC-1,0,gemcitabine
GSM5664357_ATGTCCCGTACCTATG-1,0,gemcitabine
GSM5664357_ATGTCCCGTCGAATTC-1,0,gemcitabine
GSM5664357_ATGTCTTAGTAGGCCA-1,0,gemcitabine
GSM5664357_ATGTCTTCAAAGGTTA-1,0,gemcitabine
GSM5664357_ATGTCTTCACCTAAAC-1,0,gemcitabine
GSM5664357_ATGTCTTGTACGACTT-1,0,gemcitabine
GSM5664357_ATGTCTTTCCAGCAAT-1,0,gemcitabine
GSM5664357_ATTACCTCAGGTAGTG-1,0,gemcitabine
GSM5664357_ATTACCTGTCGACTGC-1,0,gemcitabine
GSM5664357_ATTACCTGTTGTCAGT-1,0,gemcitabine
GSM5664357_ATTACCTTCCCATACC-1,0,gemcitabine
GSM5664357_ATTACCTTCTTTCAGT-1,0,gemcitabine
GSM5664357_ATTACTCAGAGCATTA-1,0,gemcitabine
GSM5664357_ATTACTCAGCCAAGTG-1,0,gemcitabine
GSM5664357_ATTACTCCAGCGTTGC-1,0,gemcitabine
GSM5664357_ATTACTCCAGCGTTTA-1,0,gemcitabine
GSM5664357_ATTACTCGTCTTGAAC-1,0,gemcitabine
GSM5664357_ATTACTCGTGCCTAAT-1,0,gemcitabine
GSM5664357_ATTACTCGTTGCCGAC-1,0,gemcitabine
GSM5664357_ATTACTCTCACAAGGG-1,0,gemcitabine
GSM5664357_ATTACTCTCCGTTGAA-1,0,gemcitabine
GSM5664357_ATTATCCCAGTAACGG-1,0,gemcitabine
GSM5664357_ATTATCCGTAGCGCCT-1,0,gemcitabine
GSM5664357_ATTATCCGTCCGACGT-1,0,gemcitabine
GSM5664357_ATTATCCTCGCCTTGT-1,0,gemcitabine
GSM5664357_ATTCACTAGATAGCTA-1,0,gemcitabine
GSM5664357_ATTCACTCACAGCCAC-1,0,gemcitabine
GSM5664357_ATTCACTCAGTCCGTG-1,0,gemcitabine
GSM5664357_ATTCACTGTACCGGAA-1,0,gemcitabine
GSM5664357_ATTCACTGTTCCACGG-1,0,gemcitabine
GSM5664357_ATTCAGGCACATAGCT-1,0,gemcitabine
GSM5664357_ATTCAGGGTCAGTTTG-1,0,gemcitabine
GSM5664357_ATTCAGGGTTGTTGTG-1,0,gemcitabine
GSM5664357_ATTCAGGTCTAACGCA-1,0,gemcitabine
GSM5664357_ATTCAGGTCTGCGAGC-1,0,gemcitabine
GSM5664357_ATTCATCAGCTGGCTC-1,0,gemcitabine
GSM5664357_ATTCATCCACCAGCTG-1,0,gemcitabine
GSM5664357_ATTCATCCACCTGTCT-1,0,gemcitabine
GSM5664357_ATTCATCGTCAACGCC-1,0,gemcitabine
GSM5664357_ATTCATCGTCCACTCT-1,0,gemcitabine
GSM5664357_ATTCCATAGAAGCGGG-1,0,gemcitabine
GSM5664357_ATTCCATAGCTTAGTC-1,0,gemcitabine
GSM5664357_ATTCCATAGTCAGCGA-1,0,gemcitabine
GSM5664357_ATTCCATGTGAGTAAT-1,0,gemcitabine
GSM5664357_ATTCCATTCAATCGGT-1,0,gemcitabine
GSM5664357_ATTCCATTCAGGACGA-1,0,gemcitabine
GSM5664357_ATTCCATTCATTTCCA-1,0,gemcitabine
GSM5664357_ATTCCATTCTCATGGA-1,0,gemcitabine
GSM5664357_ATTCCCGAGAGAGGGC-1,0,gemcitabine
GSM5664357_ATTCCCGAGCATCCTA-1,0,gemcitabine
GSM5664357_ATTCCCGAGGGTACGT-1,0,gemcitabine
GSM5664357_ATTCCCGCATGGGTCC-1,0,gemcitabine
GSM5664357_ATTCCCGTCACCACAA-1,0,gemcitabine
GSM5664357_ATTCCCGTCCACGAAT-1,0,gemcitabine
GSM5664357_ATTCCTACACCCGTAG-1,0,gemcitabine
GSM5664357_ATTCCTAGTACTGACT-1,0,gemcitabine
GSM5664357_ATTCCTAGTGATACAA-1,0,gemcitabine
GSM5664357_ATTCCTAGTTAATGAG-1,0,gemcitabine
GSM5664357_ATTCCTATCACATCAG-1,0,gemcitabine
GSM5664357_ATTCCTATCAGCTCTC-1,0,gemcitabine
GSM5664357_ATTCGTTCAACTGTGT-1,0,gemcitabine
GSM5664357_ATTCGTTCAAGTACCT-1,0,gemcitabine
GSM5664357_ATTCGTTCATCAGTCA-1,0,gemcitabine
GSM5664357_ATTCGTTCATCCGCGA-1,0,gemcitabine
GSM5664357_ATTCGTTGTTACCCAA-1,0,gemcitabine
GSM5664357_ATTCGTTTCAGCACCG-1,0,gemcitabine
GSM5664357_ATTCGTTTCTAGCAAC-1,0,gemcitabine
GSM5664357_ATTCTACAGATAGGGA-1,0,gemcitabine
GSM5664357_ATTCTACAGATTGAGT-1,0,gemcitabine
GSM5664357_ATTCTACAGCTCCATA-1,0,gemcitabine
GSM5664357_ATTCTACAGGCTGGAT-1,0,gemcitabine
GSM5664357_ATTCTACAGTCACAGG-1,0,gemcitabine
GSM5664357_ATTCTACAGTTAGAAC-1,0,gemcitabine
GSM5664357_ATTCTACCAGAAGTGC-1,0,gemcitabine
GSM5664357_ATTCTACGTCGTTGCG-1,0,gemcitabine
GSM5664357_ATTCTACGTTTGCAGT-1,0,gemcitabine
GSM5664357_ATTCTACTCACATACG-1,0,gemcitabine
GSM5664357_ATTCTACTCCGAACGC-1,0,gemcitabine
GSM5664357_ATTCTACTCTAGCCAA-1,0,gemcitabine
GSM5664357_ATTCTACTCTCTCGAC-1,0,gemcitabine
GSM5664357_ATTCTTGCAGGCAATG-1,0,gemcitabine
GSM5664357_ATTCTTGCATCGATGT-1,0,gemcitabine
GSM5664357_ATTGGGTCACGAAAGC-1,0,gemcitabine
GSM5664357_ATTGGGTCACGTTGGC-1,0,gemcitabine
GSM5664357_ATTGGGTGTGGCCTCA-1,0,gemcitabine
GSM5664357_ATTGGGTGTTCGTACA-1,0,gemcitabine
GSM5664357_ATTGGGTTCGCCAACG-1,0,gemcitabine
GSM5664357_ATTGGGTTCTTCTGTA-1,0,gemcitabine
GSM5664357_ATTGTTCAGACGGTTG-1,0,gemcitabine
GSM5664357_ATTGTTCAGTCGCCCA-1,0,gemcitabine
GSM5664357_ATTGTTCAGTGCACAG-1,0,gemcitabine
GSM5664357_ATTGTTCCAGGTATGG-1,0,gemcitabine
GSM5664357_ATTGTTCCAGTAACCT-1,0,gemcitabine
GSM5664357_ATTGTTCTCGTCGATA-1,0,gemcitabine
GSM5664357_ATTTACCAGCACTAAA-1,0,gemcitabine
GSM5664357_ATTTACCAGGAACGAA-1,0,gemcitabine
GSM5664357_ATTTACCCAAACACCT-1,0,gemcitabine
GSM5664357_ATTTACCGTAAGGCTG-1,0,gemcitabine
GSM5664357_ATTTACCGTACTCCGG-1,0,gemcitabine
GSM5664357_ATTTACCGTGGCCTCA-1,0,gemcitabine
GSM5664357_ATTTACCGTGGTCTGC-1,0,gemcitabine
GSM5664357_ATTTACCTCATTGGTG-1,0,gemcitabine
GSM5664357_ATTTACCTCGACTCCT-1,0,gemcitabine
GSM5664357_ATTTACCTCGGTCTAA-1,0,gemcitabine
GSM5664357_ATTTACCTCGTGGCTG-1,0,gemcitabine
GSM5664357_ATTTCACAGCTGACCC-1,0,gemcitabine
GSM5664357_ATTTCACAGGTCATTC-1,0,gemcitabine
GSM5664357_ATTTCACCACAAATAG-1,0,gemcitabine
GSM5664357_ATTTCACCAGGCACAA-1,0,gemcitabine
GSM5664357_ATTTCACGTACACGTT-1,0,gemcitabine
GSM5664357_ATTTCACTCAGAGCGA-1,0,gemcitabine
GSM5664357_ATTTCACTCCCGAGGT-1,0,gemcitabine
GSM5664357_ATTTCACTCCGTTTCG-1,0,gemcitabine
GSM5664357_ATTTCTGAGCTTTCTT-1,0,gemcitabine
GSM5664357_ATTTCTGAGGTCCTGC-1,0,gemcitabine
GSM5664357_ATTTCTGAGTTGGAAT-1,0,gemcitabine
GSM5664357_ATTTCTGTCTACTATC-1,0,gemcitabine
GSM5664357_CAAAGAACAGTCTGGC-1,0,gemcitabine
GSM5664357_CAAAGAATCGCTATTT-1,0,gemcitabine
GSM5664357_CAAAGAATCTTTCAGT-1,0,gemcitabine
GSM5664357_CAACAACGTAGCCCTG-1,0,gemcitabine
GSM5664357_CAACAACGTATACGGG-1,0,gemcitabine
GSM5664357_CAACAACGTGGCATCC-1,0,gemcitabine
GSM5664357_CAACAACTCAGCTTCC-1,0,gemcitabine
GSM5664357_CAACAACTCTCAACGA-1,0,gemcitabine
GSM5664357_CAACAGTAGGCATGGT-1,0,gemcitabine
GSM5664357_CAACAGTAGGTCACTT-1,0,gemcitabine
GSM5664357_CAACAGTAGTCAGCCC-1,0,gemcitabine
GSM5664357_CAACAGTCAACCACGC-1,0,gemcitabine
GSM5664357_CAACAGTCAATTGAGA-1,0,gemcitabine
GSM5664357_CAACAGTCATGCGGTC-1,0,gemcitabine
GSM5664357_CAACAGTTCAGAGCGA-1,0,gemcitabine
GSM5664357_CAACAGTTCATGTCTT-1,0,gemcitabine
GSM5664357_CAACAGTTCTAAACGC-1,0,gemcitabine
GSM5664357_CAACCAAAGGTTCATC-1,0,gemcitabine
GSM5664357_CAACCAACACACACTA-1,0,gemcitabine
GSM5664357_CAACCAACACCATATG-1,0,gemcitabine
GSM5664357_CAACCAACAGTGTGGA-1,0,gemcitabine
GSM5664357_CAACCAACATTGGATC-1,0,gemcitabine
GSM5664357_CAACCAACATTGGCAT-1,0,gemcitabine
GSM5664357_CAACCAAGTGGCATCC-1,0,gemcitabine
GSM5664357_CAACCAAGTTCTTAGG-1,0,gemcitabine
GSM5664357_CAACCAATCGGTGAAG-1,0,gemcitabine
GSM5664357_CAACCAATCTGAGAGG-1,0,gemcitabine
GSM5664357_CAACCTCAGGAGATAG-1,0,gemcitabine
GSM5664357_CAACCTCCAATCACGT-1,0,gemcitabine
GSM5664357_CAACCTCCATGATGCT-1,0,gemcitabine
GSM5664357_CAACCTCCATGGCGCT-1,0,gemcitabine
GSM5664357_CAACCTCGTCTTACAG-1,0,gemcitabine
GSM5664357_CAACCTCTCTATCGTT-1,0,gemcitabine
GSM5664357_CAACGATAGCCGCACT-1,0,gemcitabine
GSM5664357_CAACGATCAGCTAACT-1,0,gemcitabine
GSM5664357_CAACGATGTCACCGAC-1,0,gemcitabine
GSM5664357_CAACGATGTCGTTTCC-1,0,gemcitabine
GSM5664357_CAACGATGTGTTGAGG-1,0,gemcitabine
GSM5664357_CAACGGCAGATACCAA-1,0,gemcitabine
GSM5664357_CAACGGCAGCCGTTGC-1,0,gemcitabine
GSM5664357_CAACGGCAGTTGTAAG-1,0,gemcitabine
GSM5664357_CAACGGCTCATCGGGC-1,0,gemcitabine
GSM5664357_CAAGACTAGGTCGTCC-1,0,gemcitabine
GSM5664357_CAAGACTAGTTCCTGA-1,0,gemcitabine
GSM5664357_CAAGACTGTATGCTAC-1,0,gemcitabine
GSM5664357_CAAGACTGTGAAAGTT-1,0,gemcitabine
GSM5664357_CAAGACTTCACCTGTC-1,0,gemcitabine
GSM5664357_CAAGACTTCCTGTTAT-1,0,gemcitabine
GSM5664357_CAAGAGGCAATGAGCG-1,0,gemcitabine
GSM5664357_CAAGAGGCACTGGATT-1,0,gemcitabine
GSM5664357_CAAGAGGTCATCTCTA-1,0,gemcitabine
GSM5664357_CAAGAGGTCTACCAGA-1,0,gemcitabine
GSM5664357_CAAGCTAAGAAGATCT-1,0,gemcitabine
GSM5664357_CAAGCTAAGATGCTTC-1,0,gemcitabine
GSM5664357_CAAGCTACAAATTGGA-1,0,gemcitabine
GSM5664357_CAAGCTACAAGCTCTA-1,0,gemcitabine
GSM5664357_CAAGCTACAGACTCTA-1,0,gemcitabine
GSM5664357_CAAGCTACAGCTGTTA-1,0,gemcitabine
GSM5664357_CAAGCTACATCGTTCC-1,0,gemcitabine
GSM5664357_CAAGCTAGTCCTCATC-1,0,gemcitabine
GSM5664357_CAAGCTAGTCGAATTC-1,0,gemcitabine
GSM5664357_CAAGCTAGTTAAACCC-1,0,gemcitabine
GSM5664357_CAAGCTATCGCCTTGT-1,0,gemcitabine
GSM5664357_CAAGCTATCGTCTACC-1,0,gemcitabine
GSM5664357_CAAGGGACAACCGGAA-1,0,gemcitabine
GSM5664357_CAAGGGAGTGCACAAG-1,0,gemcitabine
GSM5664357_CAAGGGATCCCGTTGT-1,0,gemcitabine
GSM5664357_CAATACGAGCAAATCA-1,0,gemcitabine
GSM5664357_CAATACGAGGTCTTTG-1,0,gemcitabine
GSM5664357_CAATACGCACTAACGT-1,0,gemcitabine
GSM5664357_CAATACGCATCTCATT-1,0,gemcitabine
GSM5664357_CAATACGTCTTCTGGC-1,0,gemcitabine
GSM5664357_CAATCGAAGCCGATTT-1,0,gemcitabine
GSM5664357_CAATCGAAGCCTTTGA-1,0,gemcitabine
GSM5664357_CAATCGAAGCTGTGCC-1,0,gemcitabine
GSM5664357_CAATCGACAGTGTATC-1,0,gemcitabine
GSM5664357_CAATCGAGTTCGTTCC-1,0,gemcitabine
GSM5664357_CAATGACAGGTCGCCT-1,0,gemcitabine
GSM5664357_CAATGACAGTTGTAAG-1,0,gemcitabine
GSM5664357_CAATGACCAAGGACAC-1,0,gemcitabine
GSM5664357_CAATTTCAGAACTCCT-1,0,gemcitabine
GSM5664357_CAATTTCAGCAACTCT-1,0,gemcitabine
GSM5664357_CAATTTCAGTATGATG-1,0,gemcitabine
GSM5664357_CAATTTCCAGATCATC-1,0,gemcitabine
GSM5664357_CAATTTCCATGCACTA-1,0,gemcitabine
GSM5664357_CACAACACAAGAGTGC-1,0,gemcitabine
GSM5664357_CACAACACAGATGCGA-1,0,gemcitabine
GSM5664357_CACAACACAGCGACCT-1,0,gemcitabine
GSM5664357_CACAACACATCTGTTT-1,0,gemcitabine
GSM5664357_CACAACACATTCTCCG-1,0,gemcitabine
GSM5664357_CACAACATCACCGGGT-1,0,gemcitabine
GSM5664357_CACAACATCCCTAGGG-1,0,gemcitabine
GSM5664357_CACAACATCTGTGCGG-1,0,gemcitabine
GSM5664357_CACAACATCTTCTTCC-1,0,gemcitabine
GSM5664357_CACACAAAGAGGCCAT-1,0,gemcitabine
GSM5664357_CACACAACAACAAGTA-1,0,gemcitabine
GSM5664357_CACACAACAACAGAGC-1,0,gemcitabine
GSM5664357_CACACAACACCTGAAT-1,0,gemcitabine
GSM5664357_CACACAACACGATAGG-1,0,gemcitabine
GSM5664357_CACACAACATAAGCGG-1,0,gemcitabine
GSM5664357_CACACAATCCCTTGTG-1,0,gemcitabine
GSM5664357_CACAGATCACCGGAAA-1,0,gemcitabine
GSM5664357_CACAGATCATCTAGAC-1,0,gemcitabine
GSM5664357_CACAGATGTGAATAAC-1,0,gemcitabine
GSM5664357_CACAGATTCTCAAAGC-1,0,gemcitabine
GSM5664357_CACAGGCAGCAACAAT-1,0,gemcitabine
GSM5664357_CACAGGCAGCGTTGTT-1,0,gemcitabine
GSM5664357_CACAGGCAGGTCTACT-1,0,gemcitabine
GSM5664357_CACAGGCAGTTCCGGC-1,0,gemcitabine
GSM5664357_CACAGGCGTACAACGG-1,0,gemcitabine
GSM5664357_CACAGGCGTAGCTTAC-1,0,gemcitabine
GSM5664357_CACAGGCGTCTTGAAC-1,0,gemcitabine
GSM5664357_CACAGGCGTGTGTACT-1,0,gemcitabine
GSM5664357_CACAGGCTCTATCGCC-1,0,gemcitabine
GSM5664357_CACATGAGTGGATCGA-1,0,gemcitabine
GSM5664357_CACATGATCCTACTGC-1,0,gemcitabine
GSM5664357_CACCAAAAGACAAGCC-1,0,gemcitabine
GSM5664357_CACCAAAAGATGTTGA-1,0,gemcitabine
GSM5664357_CACCAAAAGCTGCCTG-1,0,gemcitabine
GSM5664357_CACCAAAAGCTTCTAG-1,0,gemcitabine
GSM5664357_CACCAAAAGGGCGAAG-1,0,gemcitabine
GSM5664357_CACCAAACAAGGGCAT-1,0,gemcitabine
GSM5664357_CACCAAACAGTTTCGA-1,0,gemcitabine
GSM5664357_CACCAAAGTAATGCGG-1,0,gemcitabine
GSM5664357_CACCAAAGTCCGTTTC-1,0,gemcitabine
GSM5664357_CACCAAAGTGTTTACG-1,0,gemcitabine
GSM5664357_CACCGTTAGATAGTCA-1,0,gemcitabine
GSM5664357_CACCGTTCATCTCAAG-1,0,gemcitabine
GSM5664357_CACCGTTGTACCGGAA-1,0,gemcitabine
GSM5664357_CACCGTTGTTACCTTT-1,0,gemcitabine
GSM5664357_CACCGTTTCCCAGCGA-1,0,gemcitabine
GSM5664357_CACCGTTTCTATCGCC-1,0,gemcitabine
GSM5664357_CACCGTTTCTTTCTAG-1,0,gemcitabine
GSM5664357_CACGAATCAGCGTTGC-1,0,gemcitabine
GSM5664357_CACGAATGTATCTTCT-1,0,gemcitabine
GSM5664357_CACGAATGTGTGAGCA-1,0,gemcitabine
GSM5664357_CACGAATTCCATTTAC-1,0,gemcitabine
GSM5664357_CACGGGTCAGACATCT-1,0,gemcitabine
GSM5664357_CACGGGTTCACCCATC-1,0,gemcitabine
GSM5664357_CACGGGTTCCTATTGT-1,0,gemcitabine
GSM5664357_CACGTGGAGAGAATCT-1,0,gemcitabine
GSM5664357_CACGTGGCACCACATA-1,0,gemcitabine
GSM5664357_CACGTGGCACTCTGCT-1,0,gemcitabine
GSM5664357_CACGTGGTCGAGTGAG-1,0,gemcitabine
GSM5664357_CACGTGGTCTAGACCA-1,0,gemcitabine
GSM5664357_CACGTTCAGCTGGCCT-1,0,gemcitabine
GSM5664357_CACGTTCCAATTGCAC-1,0,gemcitabine
GSM5664357_CACGTTCCAGCTGGTC-1,0,gemcitabine
GSM5664357_CACGTTCGTCATAGTC-1,0,gemcitabine
GSM5664357_CACGTTCGTCCGTTTC-1,0,gemcitabine
GSM5664357_CACGTTCGTGCGAGTA-1,0,gemcitabine
GSM5664357_CACGTTCGTTAGGCCC-1,0,gemcitabine
GSM5664357_CACTAAGAGACAGTCG-1,0,gemcitabine
GSM5664357_CACTAAGCAGCCCACA-1,0,gemcitabine
GSM5664357_CACTAAGCAGTAACAA-1,0,gemcitabine
GSM5664357_CACTAAGGTACACTCA-1,0,gemcitabine
GSM5664357_CACTAAGTCCCGATCT-1,0,gemcitabine
GSM5664357_CACTAAGTCCCTATTA-1,0,gemcitabine
GSM5664357_CACTGAAAGGTTAGTA-1,0,gemcitabine
GSM5664357_CACTGAACAGAGACTG-1,0,gemcitabine
GSM5664357_CACTGAAGTATCTCGA-1,0,gemcitabine
GSM5664357_CACTGAATCAGAGTGG-1,0,gemcitabine
GSM5664357_CACTGGGCAAGCGAAC-1,0,gemcitabine
GSM5664357_CACTGGGCACACGCCA-1,0,gemcitabine
GSM5664357_CACTGGGCATAGAAAC-1,0,gemcitabine
GSM5664357_CACTGGGCATGATCTG-1,0,gemcitabine
GSM5664357_CACTGGGGTATACGGG-1,0,gemcitabine
GSM5664357_CACTGGGGTCACCGAC-1,0,gemcitabine
GSM5664357_CACTGGGTCATGTCAG-1,0,gemcitabine
GSM5664357_CACTGGGTCATTTCCA-1,0,gemcitabine
GSM5664357_CACTGTCAGACAGCGT-1,0,gemcitabine
GSM5664357_CACTGTCAGAGGTTTA-1,0,gemcitabine
GSM5664357_CACTGTCCAATGAAAC-1,0,gemcitabine
GSM5664357_CACTGTCCAGTATACC-1,0,gemcitabine
GSM5664357_CACTGTCGTTCAAACC-1,0,gemcitabine
GSM5664357_CACTGTCTCACATACG-1,0,gemcitabine
GSM5664357_CACTGTCTCCTTATCA-1,0,gemcitabine
GSM5664357_CACTTCGAGAAAGCGA-1,0,gemcitabine
GSM5664357_CACTTCGAGGGAGAAT-1,0,gemcitabine
GSM5664357_CACTTCGCAACCAACT-1,0,gemcitabine
GSM5664357_CACTTCGCAAGAGTTA-1,0,gemcitabine
GSM5664357_CACTTCGCAAGTGGCA-1,0,gemcitabine
GSM5664357_CACTTCGGTAACATAG-1,0,gemcitabine
GSM5664357_CACTTCGTCATTCATC-1,0,gemcitabine
GSM5664357_CAGATACAGACATATG-1,0,gemcitabine
GSM5664357_CAGATACAGATAGCTA-1,0,gemcitabine
GSM5664357_CAGATACAGCACACAG-1,0,gemcitabine
GSM5664357_CAGATACAGGACAACC-1,0,gemcitabine
GSM5664357_CAGATACCAGGGTCTC-1,0,gemcitabine
GSM5664357_CAGATACGTCGCTTGG-1,0,gemcitabine
GSM5664357_CAGATACTCAGCTGTA-1,0,gemcitabine
GSM5664357_CAGATACTCTACCAGA-1,0,gemcitabine
GSM5664357_CAGATACTCTTGAACG-1,0,gemcitabine
GSM5664357_CAGATCAAGCTGTTAC-1,0,gemcitabine
GSM5664357_CAGATCAAGGATCATA-1,0,gemcitabine
GSM5664357_CAGATCACACCCAATA-1,0,gemcitabine
GSM5664357_CAGATCAGTCCCTAAA-1,0,gemcitabine
GSM5664357_CAGATCAGTCTACGTA-1,0,gemcitabine
GSM5664357_CAGATCAGTGCCTGCA-1,0,gemcitabine
GSM5664357_CAGATTGAGTGCTACT-1,0,gemcitabine
GSM5664357_CAGATTGAGTTGCCCG-1,0,gemcitabine
GSM5664357_CAGATTGGTAACACCT-1,0,gemcitabine
GSM5664357_CAGATTGGTACATACC-1,0,gemcitabine
GSM5664357_CAGATTGTCACTCTTA-1,0,gemcitabine
GSM5664357_CAGATTGTCCATAGAC-1,0,gemcitabine
GSM5664357_CAGCAATAGCCGAACA-1,0,gemcitabine
GSM5664357_CAGCAATAGGAGTATT-1,0,gemcitabine
GSM5664357_CAGCAATAGTAAACAC-1,0,gemcitabine
GSM5664357_CAGCAATAGTGCAGCA-1,0,gemcitabine
GSM5664357_CAGCAATAGTTACTCG-1,0,gemcitabine
GSM5664357_CAGCAATCAGCAAGAC-1,0,gemcitabine
GSM5664357_CAGCAATCAGTTGTCA-1,0,gemcitabine
GSM5664357_CAGCAATGTACAACGG-1,0,gemcitabine
GSM5664357_CAGCAATGTGCGCTCA-1,0,gemcitabine
GSM5664357_CAGCAATGTTCATCTT-1,0,gemcitabine
GSM5664357_CAGCAATTCCGCTGTT-1,0,gemcitabine
GSM5664357_CAGCACGAGCCAACCC-1,0,gemcitabine
GSM5664357_CAGCACGGTATTGGCT-1,0,gemcitabine
GSM5664357_CAGCACGGTCACGTGC-1,0,gemcitabine
GSM5664357_CAGCACGGTGGTTTAC-1,0,gemcitabine
GSM5664357_CAGCACGTCAATCAGC-1,0,gemcitabine
GSM5664357_CAGCACGTCGCCTATC-1,0,gemcitabine
GSM5664357_CAGCAGCCATCTGTTT-1,0,gemcitabine
GSM5664357_CAGCAGCGTGCACGCT-1,0,gemcitabine
GSM5664357_CAGCAGCGTTCCGCGA-1,0,gemcitabine
GSM5664357_CAGCAGCTCAAATAGG-1,0,gemcitabine
GSM5664357_CAGCAGCTCAAGGAGC-1,0,gemcitabine
GSM5664357_CAGCCAGCATAAGCAA-1,0,gemcitabine
GSM5664357_CAGCCAGTCCATGCAA-1,0,gemcitabine
GSM5664357_CAGCGTGAGATCCTAC-1,0,gemcitabine
GSM5664357_CAGCGTGAGCACAAAT-1,0,gemcitabine
GSM5664357_CAGCGTGCAGCGACCT-1,0,gemcitabine
GSM5664357_CAGCGTGGTACTGCGC-1,0,gemcitabine
GSM5664357_CAGGCCAAGACCTCCG-1,0,gemcitabine
GSM5664357_CAGGCCAAGGTCATAA-1,0,gemcitabine
GSM5664357_CAGGCCAAGTACGAGC-1,0,gemcitabine
GSM5664357_CAGGCCACACTGGCCA-1,0,gemcitabine
GSM5664357_CAGGCCACAGTCAGCC-1,0,gemcitabine
GSM5664357_CAGGGCTCAGCCATTA-1,0,gemcitabine
GSM5664357_CAGGGCTGTACACGCC-1,0,gemcitabine
GSM5664357_CAGGGCTGTACTCCGG-1,0,gemcitabine
GSM5664357_CAGGGCTGTCGCCTAG-1,0,gemcitabine
GSM5664357_CAGGGCTGTTCTCACC-1,0,gemcitabine
GSM5664357_CAGGGCTTCATCTATC-1,0,gemcitabine
GSM5664357_CAGGTATAGTCATCCA-1,0,gemcitabine
GSM5664357_CAGGTATCACAAACGG-1,0,gemcitabine
GSM5664357_CAGGTATCACTTGTGA-1,0,gemcitabine
GSM5664357_CAGGTATGTCTGCCTT-1,0,gemcitabine
GSM5664357_CAGTGCGAGCGCTGAA-1,0,gemcitabine
GSM5664357_CAGTGCGCAAATGATG-1,0,gemcitabine
GSM5664357_CAGTTAGCAATTAGGA-1,0,gemcitabine
GSM5664357_CAGTTAGGTCATCCCT-1,0,gemcitabine
GSM5664357_CAGTTAGGTCTAACGT-1,0,gemcitabine
GSM5664357_CAGTTAGTCATTCGTT-1,0,gemcitabine
GSM5664357_CAGTTCCCATGACTAC-1,0,gemcitabine
GSM5664357_CAGTTCCCATGTGACT-1,0,gemcitabine
GSM5664357_CAGTTCCCATTCTGTT-1,0,gemcitabine
GSM5664357_CAGTTCCTCACATACG-1,0,gemcitabine
GSM5664357_CATAAGCCAGACAAAT-1,0,gemcitabine
GSM5664357_CATAAGCCATAACGGG-1,0,gemcitabine
GSM5664357_CATAAGCGTGAACGGT-1,0,gemcitabine
GSM5664357_CATAAGCTCTGGAAGG-1,0,gemcitabine
GSM5664357_CATAAGCTCTTTCGAT-1,0,gemcitabine
GSM5664357_CATACAGAGATCGGTG-1,0,gemcitabine
GSM5664357_CATACAGAGTGCTACT-1,0,gemcitabine
GSM5664357_CATACAGAGTTATGGA-1,0,gemcitabine
GSM5664357_CATACAGCACAATCTG-1,0,gemcitabine
GSM5664357_CATACAGCAGATTCGT-1,0,gemcitabine
GSM5664357_CATACAGTCAGTCACA-1,0,gemcitabine
GSM5664357_CATACAGTCCCGAGTG-1,0,gemcitabine
GSM5664357_CATACAGTCTCACGAA-1,0,gemcitabine
GSM5664357_CATACCCCAATAACGA-1,0,gemcitabine
GSM5664357_CATACCCCATCCGAAT-1,0,gemcitabine
GSM5664357_CATACCCGTTCTCTCG-1,0,gemcitabine
GSM5664357_CATACCCTCCTAAACG-1,0,gemcitabine
GSM5664357_CATACCCTCCTTGGAA-1,0,gemcitabine
GSM5664357_CATACCCTCTAGCCTC-1,0,gemcitabine
GSM5664357_CATACCCTCTTCTGGC-1,0,gemcitabine
GSM5664357_CATACTTAGTCACGAG-1,0,gemcitabine
GSM5664357_CATACTTAGTCTAACC-1,0,gemcitabine
GSM5664357_CATACTTCACTACAGT-1,0,gemcitabine
GSM5664357_CATACTTCATCTAGAC-1,0,gemcitabine
GSM5664357_CATACTTGTCCGATCG-1,0,gemcitabine
GSM5664357_CATACTTGTCGATTTG-1,0,gemcitabine
GSM5664357_CATACTTGTTTAGACC-1,0,gemcitabine
GSM5664357_CATAGACAGTGCTCAT-1,0,gemcitabine
GSM5664357_CATAGACCAACAGTGG-1,0,gemcitabine
GSM5664357_CATAGACCACTCAGAT-1,0,gemcitabine
GSM5664357_CATAGACGTATGCTAC-1,0,gemcitabine
GSM5664357_CATAGACGTGGTCCCA-1,0,gemcitabine
GSM5664357_CATAGACTCATGGCCG-1,0,gemcitabine
GSM5664357_CATAGACTCCTTGGAA-1,0,gemcitabine
GSM5664357_CATCAAGAGTACTGGG-1,0,gemcitabine
GSM5664357_CATCAAGCAGCTGTAT-1,0,gemcitabine
GSM5664357_CATCAAGCATGGAGAC-1,0,gemcitabine
GSM5664357_CATCAAGCATTCTCTA-1,0,gemcitabine
GSM5664357_CATCAAGGTATGTCTG-1,0,gemcitabine
GSM5664357_CATCAAGGTGTTCCTC-1,0,gemcitabine
GSM5664357_CATCAAGGTTTCAGAC-1,0,gemcitabine
GSM5664357_CATCCACAGACATAGT-1,0,gemcitabine
GSM5664357_CATCCACAGGTCGCCT-1,0,gemcitabine
GSM5664357_CATCCACAGTAAACAC-1,0,gemcitabine
GSM5664357_CATCCACCAACGCATT-1,0,gemcitabine
GSM5664357_CATCCACCAACTCGAT-1,0,gemcitabine
GSM5664357_CATCCACCAGAGTGAC-1,0,gemcitabine
GSM5664357_CATCCACGTACTCCCT-1,0,gemcitabine
GSM5664357_CATCCACGTTCCCAAA-1,0,gemcitabine
GSM5664357_CATCCACTCCACTTCG-1,0,gemcitabine
GSM5664357_CATCCACTCCATCGTC-1,0,gemcitabine
GSM5664357_CATCCACTCCATGATG-1,0,gemcitabine
GSM5664357_CATCCCAAGTGCACAG-1,0,gemcitabine
GSM5664357_CATCCCACACCAAAGG-1,0,gemcitabine
GSM5664357_CATCCCAGTTTACTGG-1,0,gemcitabine
GSM5664357_CATCCCATCCCATTTA-1,0,gemcitabine
GSM5664357_CATCCCATCGATACTG-1,0,gemcitabine
GSM5664357_CATCCCATCTTGCAGA-1,0,gemcitabine
GSM5664357_CATCCGTAGTTGGCGA-1,0,gemcitabine
GSM5664357_CATCCGTCACAATGCT-1,0,gemcitabine
GSM5664357_CATCCGTCACTACGGC-1,0,gemcitabine
GSM5664357_CATCCGTGTACACTCA-1,0,gemcitabine
GSM5664357_CATCCGTGTCCCGCAA-1,0,gemcitabine
GSM5664357_CATCCGTTCAAGGCTT-1,0,gemcitabine
GSM5664357_CATCCGTTCGATGCAT-1,0,gemcitabine
GSM5664357_CATCGCTAGCGTCGAA-1,0,gemcitabine
GSM5664357_CATCGCTAGGACTATA-1,0,gemcitabine
GSM5664357_CATCGCTCAAATGAGT-1,0,gemcitabine
GSM5664357_CATCGCTCAGACAATA-1,0,gemcitabine
GSM5664357_CATCGCTCATCGCCTT-1,0,gemcitabine
GSM5664357_CATCGCTGTCAGATTC-1,0,gemcitabine
GSM5664357_CATCGCTGTCGAAACG-1,0,gemcitabine
GSM5664357_CATCGCTTCAAGCCTA-1,0,gemcitabine
GSM5664357_CATCGCTTCCGGCTTT-1,0,gemcitabine
GSM5664357_CATCGGGAGCTCGAAG-1,0,gemcitabine
GSM5664357_CATCGGGCATGGGTTT-1,0,gemcitabine
GSM5664357_CATCGGGGTTATAGAG-1,0,gemcitabine
GSM5664357_CATCGGGTCTATCGGA-1,0,gemcitabine
GSM5664357_CATCGGGTCTTGGAAC-1,0,gemcitabine
GSM5664357_CATCGTCAGGTCTACT-1,0,gemcitabine
GSM5664357_CATCGTCGTTACGGAG-1,0,gemcitabine
GSM5664357_CATCGTCTCTAGCATG-1,0,gemcitabine
GSM5664357_CATGAGTAGCACTGGA-1,0,gemcitabine
GSM5664357_CATGAGTAGCGACTGA-1,0,gemcitabine
GSM5664357_CATGAGTTCATTGGTG-1,0,gemcitabine
GSM5664357_CATGAGTTCTCTTAAC-1,0,gemcitabine
GSM5664357_CATGCAAAGACATAAC-1,0,gemcitabine
GSM5664357_CATGCAAAGCAACAGC-1,0,gemcitabine
GSM5664357_CATGCAACACATACGT-1,0,gemcitabine
GSM5664357_CATGCAAGTAGTCGGA-1,0,gemcitabine
GSM5664357_CATGCAAGTCAGATTC-1,0,gemcitabine
GSM5664357_CATGCAATCGCACTCT-1,0,gemcitabine
GSM5664357_CATGCAATCGTAGCTA-1,0,gemcitabine
GSM5664357_CATGCCTAGACTCCGC-1,0,gemcitabine
GSM5664357_CATGCCTAGGCTGAAC-1,0,gemcitabine
GSM5664357_CATGCCTAGGGCCCTT-1,0,gemcitabine
GSM5664357_CATGCCTGTACATTGC-1,0,gemcitabine
GSM5664357_CATGCCTGTACCAGAG-1,0,gemcitabine
GSM5664357_CATGCCTGTGAAAGTT-1,0,gemcitabine
GSM5664357_CATGCCTTCCTAAGTG-1,0,gemcitabine
GSM5664357_CATGCCTTCGCGTGCA-1,0,gemcitabine
GSM5664357_CATGCCTTCTCCAAGA-1,0,gemcitabine
GSM5664357_CATGCGGAGGAACGAA-1,0,gemcitabine
GSM5664357_CATGCGGAGGTACCTT-1,0,gemcitabine
GSM5664357_CATGCGGAGTATGGAT-1,0,gemcitabine
GSM5664357_CATGCGGCAACTTGGT-1,0,gemcitabine
GSM5664357_CATGCGGCACATTGTG-1,0,gemcitabine
GSM5664357_CATGCGGCACGCTGAC-1,0,gemcitabine
GSM5664357_CATGCGGCATTCAGCA-1,0,gemcitabine
GSM5664357_CATGCGGCATTCTTCA-1,0,gemcitabine
GSM5664357_CATGCGGGTACCGGCT-1,0,gemcitabine
GSM5664357_CATGCTCAGGCGAAGG-1,0,gemcitabine
GSM5664357_CATGCTCAGGGCCAAT-1,0,gemcitabine
GSM5664357_CATGCTCCAACAAGTA-1,0,gemcitabine
GSM5664357_CATGCTCCATACCACA-1,0,gemcitabine
GSM5664357_CATGCTCCATGTCAGT-1,0,gemcitabine
GSM5664357_CATGCTCTCCCTTGGT-1,0,gemcitabine
GSM5664357_CATGCTCTCCGACGGT-1,0,gemcitabine
GSM5664357_CATGCTCTCTAGTACG-1,0,gemcitabine
GSM5664357_CATGGATAGCGCATCC-1,0,gemcitabine
GSM5664357_CATGGATAGCGTATAA-1,0,gemcitabine
GSM5664357_CATGGATCACAGTGAG-1,0,gemcitabine
GSM5664357_CATGGATCAGCTATAC-1,0,gemcitabine
GSM5664357_CATGGATCATTGGGAG-1,0,gemcitabine
GSM5664357_CATGGATTCTTACCAT-1,0,gemcitabine
GSM5664357_CATGGTACAATACGAA-1,0,gemcitabine
GSM5664357_CATGGTACACACTGGC-1,0,gemcitabine
GSM5664357_CATGGTACACAGTATC-1,0,gemcitabine
GSM5664357_CATGGTAGTGATAGTA-1,0,gemcitabine
GSM5664357_CATGGTATCTACCAGA-1,0,gemcitabine
GSM5664357_CATGGTATCTGAGATC-1,0,gemcitabine
GSM5664357_CATTCATAGGGCATGT-1,0,gemcitabine
GSM5664357_CATTCATCAGCGAGTA-1,0,gemcitabine
GSM5664357_CATTCATTCTAGCATG-1,0,gemcitabine
GSM5664357_CATTCCGAGACAAGCC-1,0,gemcitabine
GSM5664357_CATTCCGCAACACAAA-1,0,gemcitabine
GSM5664357_CATTCCGGTCAGTCCG-1,0,gemcitabine
GSM5664357_CATTCCGGTTCGCGTG-1,0,gemcitabine
GSM5664357_CATTCCGTCCTTATAC-1,0,gemcitabine
GSM5664357_CATTCCGTCGATTCCC-1,0,gemcitabine
GSM5664357_CATTCTAAGCCTTCTC-1,0,gemcitabine
GSM5664357_CATTCTAAGCTTTCCC-1,0,gemcitabine
GSM5664357_CATTCTAAGTATAGAC-1,0,gemcitabine
GSM5664357_CATTCTACAGCTACTA-1,0,gemcitabine
GSM5664357_CATTCTAGTATAGGAT-1,0,gemcitabine
GSM5664357_CATTCTAGTTCAACGT-1,0,gemcitabine
GSM5664357_CATTCTATCCCTCGTA-1,0,gemcitabine
GSM5664357_CATTCTATCGCTCTAC-1,0,gemcitabine
GSM5664357_CATTCTATCTACGCAA-1,0,gemcitabine
GSM5664357_CATTGAGTCCACTGGG-1,0,gemcitabine
GSM5664357_CATTGAGTCCGATCTC-1,0,gemcitabine
GSM5664357_CATTGAGTCGGCCCAA-1,0,gemcitabine
GSM5664357_CATTGCCAGCCGGATA-1,0,gemcitabine
GSM5664357_CATTGCCAGGCTTTCA-1,0,gemcitabine
GSM5664357_CATTGCCAGTAGGCCA-1,0,gemcitabine
GSM5664357_CATTGCCCAATTCACG-1,0,gemcitabine
GSM5664357_CATTGCCGTCGGATTT-1,0,gemcitabine
GSM5664357_CATTGCCGTCTCTCAC-1,0,gemcitabine
GSM5664357_CATTGCCTCCATCTGC-1,0,gemcitabine
GSM5664357_CATTGCCTCGTTGCCT-1,0,gemcitabine
GSM5664357_CATTGTTAGACCAGCA-1,0,gemcitabine
GSM5664357_CATTGTTAGCTCCCTT-1,0,gemcitabine
GSM5664357_CATTGTTCATCCAATG-1,0,gemcitabine
GSM5664357_CATTGTTCATTCTGTT-1,0,gemcitabine
GSM5664357_CATTGTTGTAGCGCCT-1,0,gemcitabine
GSM5664357_CATTTCAAGCACCGAA-1,0,gemcitabine
GSM5664357_CATTTCAAGGTACAGC-1,0,gemcitabine
GSM5664357_CATTTCACACTTGTGA-1,0,gemcitabine
GSM5664357_CATTTCACAGTCTACA-1,0,gemcitabine
GSM5664357_CATTTCAGTCGCATTA-1,0,gemcitabine
GSM5664357_CATTTCAGTTACTCAG-1,0,gemcitabine
GSM5664357_CATTTCAGTTCTCTAT-1,0,gemcitabine
GSM5664357_CATTTCAGTTGCTCCT-1,0,gemcitabine
GSM5664357_CCAAGCGCAAGATTGA-1,0,gemcitabine
GSM5664357_CCAAGCGCACTTGGGC-1,0,gemcitabine
GSM5664357_CCAAGCGTCCCTCTCC-1,0,gemcitabine
GSM5664357_CCAAGCGTCGGCTGTG-1,0,gemcitabine
GSM5664357_CCAATGAAGACGGATC-1,0,gemcitabine
GSM5664357_CCAATGACACGTCTCT-1,0,gemcitabine
GSM5664357_CCAATGAGTATGTCAC-1,0,gemcitabine
GSM5664357_CCAATGATCCGGCAGT-1,0,gemcitabine
GSM5664357_CCAATGATCCTTTGAT-1,0,gemcitabine
GSM5664357_CCAATTTCAAACGAGC-1,0,gemcitabine
GSM5664357_CCAATTTTCCAGTGCG-1,0,gemcitabine
GSM5664357_CCAATTTTCCCATAAG-1,0,gemcitabine
GSM5664357_CCACAAAAGCCACTCG-1,0,gemcitabine
GSM5664357_CCACAAAAGGCTTAAA-1,0,gemcitabine
GSM5664357_CCACAAACAATTGAGA-1,0,gemcitabine
GSM5664357_CCACAAAGTTCAGGTT-1,0,gemcitabine
GSM5664357_CCACAAATCGGTCAGC-1,0,gemcitabine
GSM5664357_CCACACTAGAGCACTG-1,0,gemcitabine
GSM5664357_CCACACTCACAATTCG-1,0,gemcitabine
GSM5664357_CCACACTCACACGGTC-1,0,gemcitabine
GSM5664357_CCACACTCAGATCATC-1,0,gemcitabine
GSM5664357_CCACACTGTAGCGTAG-1,0,gemcitabine
GSM5664357_CCACCATAGGTTCCGC-1,0,gemcitabine
GSM5664357_CCACCATAGTGGCCTC-1,0,gemcitabine
GSM5664357_CCACCATCATGGCTAT-1,0,gemcitabine
GSM5664357_CCACCATTCGACCACG-1,0,gemcitabine
GSM5664357_CCACCATTCGAGAGAC-1,0,gemcitabine
GSM5664357_CCACGAGAGCCAAGGT-1,0,gemcitabine
GSM5664357_CCACGAGCATACAGAA-1,0,gemcitabine
GSM5664357_CCACGAGGTGCTCCGA-1,0,gemcitabine
GSM5664357_CCACGAGGTGGCAGAT-1,0,gemcitabine
GSM5664357_CCACGAGGTGTCTTCC-1,0,gemcitabine
GSM5664357_CCACGTTAGCGTCTGC-1,0,gemcitabine
GSM5664357_CCACGTTAGGATACAT-1,0,gemcitabine
GSM5664357_CCACGTTAGTAAGAGG-1,0,gemcitabine
GSM5664357_CCACGTTCAAATGGAT-1,0,gemcitabine
GSM5664357_CCACGTTCAGCAGATG-1,0,gemcitabine
GSM5664357_CCACGTTGTCCAAATC-1,0,gemcitabine
GSM5664357_CCACGTTGTCTGATCA-1,0,gemcitabine
GSM5664357_CCACGTTTCGATTTCT-1,0,gemcitabine
GSM5664357_CCACTTGAGACTCTAC-1,0,gemcitabine
GSM5664357_CCACTTGAGTGCCAGA-1,0,gemcitabine
GSM5664357_CCACTTGCACTTCTCG-1,0,gemcitabine
GSM5664357_CCACTTGCAGCACCCA-1,0,gemcitabine
GSM5664357_CCACTTGGTTGGGCCT-1,0,gemcitabine
GSM5664357_CCACTTGTCCTGGGAC-1,0,gemcitabine
GSM5664357_CCACTTGTCTCACCCA-1,0,gemcitabine
GSM5664357_CCACTTGTCTCTTCAA-1,0,gemcitabine
GSM5664357_CCACTTGTCTTTCTAG-1,0,gemcitabine
GSM5664357_CCATAAGAGTCACGAG-1,0,gemcitabine
GSM5664357_CCATAAGCAGGAAGTC-1,0,gemcitabine
GSM5664357_CCATAAGTCTGGCCAG-1,0,gemcitabine
GSM5664357_CCATCACAGCAACAGC-1,0,gemcitabine
GSM5664357_CCATCACAGTATGCAA-1,0,gemcitabine
GSM5664357_CCATCACAGTGAATAC-1,0,gemcitabine
GSM5664357_CCATCACCATGACAGG-1,0,gemcitabine
GSM5664357_CCATCACTCTCTTGCG-1,0,gemcitabine
GSM5664357_CCCAACTAGTGCTCGC-1,0,gemcitabine
GSM5664357_CCCATTGAGCAATAGT-1,0,gemcitabine
GSM5664357_CCCATTGAGCCTGTGC-1,0,gemcitabine
GSM5664357_CCCATTGCAAACTCGT-1,0,gemcitabine
GSM5664357_CCCATTGCAAGTTGGG-1,0,gemcitabine
GSM5664357_CCCATTGGTATCGCTA-1,0,gemcitabine
GSM5664357_CCCATTGGTTCGAGCC-1,0,gemcitabine
GSM5664357_CCCATTGTCTCGGTAA-1,0,gemcitabine
GSM5664357_CCCGAAGAGTCGAATA-1,0,gemcitabine
GSM5664357_CCCGAAGCAAGAAACT-1,0,gemcitabine
GSM5664357_CCCGAAGCACCCAACG-1,0,gemcitabine
GSM5664357_CCCGAAGCAGCAGTCC-1,0,gemcitabine
GSM5664357_CCCGAAGCATGTGGTT-1,0,gemcitabine
GSM5664357_CCCGAAGGTGAATTGA-1,0,gemcitabine
GSM5664357_CCCGAAGGTTAAACAG-1,0,gemcitabine
GSM5664357_CCCGAAGTCATTCATC-1,0,gemcitabine
GSM5664357_CCCGGAAAGCGATGGT-1,0,gemcitabine
GSM5664357_CCCGGAACATCCAATG-1,0,gemcitabine
GSM5664357_CCCGGAAGTATTGAGA-1,0,gemcitabine
GSM5664357_CCCGGAAGTCTCGCGA-1,0,gemcitabine
GSM5664357_CCCGGAAGTTACGGAG-1,0,gemcitabine
GSM5664357_CCCGGAATCCTGTAGA-1,0,gemcitabine
GSM5664357_CCCTAACCAGCGTTGC-1,0,gemcitabine
GSM5664357_CCCTAACCAGGGACTA-1,0,gemcitabine
GSM5664357_CCCTAACCATAGGTAA-1,0,gemcitabine
GSM5664357_CCCTAACGTCCTTGTC-1,0,gemcitabine
GSM5664357_CCCTAACGTGGGTATG-1,0,gemcitabine
GSM5664357_CCCTAACGTTAGGCTT-1,0,gemcitabine
GSM5664357_CCCTAACTCGAACACT-1,0,gemcitabine
GSM5664357_CCCTAACTCGCAAGAG-1,0,gemcitabine
GSM5664357_CCCTCAAAGGGCGAGA-1,0,gemcitabine
GSM5664357_CCCTCAAAGTAAACAC-1,0,gemcitabine
GSM5664357_CCCTCAAAGTGTTGAA-1,0,gemcitabine
GSM5664357_CCCTCAAAGTTCCATG-1,0,gemcitabine
GSM5664357_CCCTCAACAAACAGGC-1,0,gemcitabine
GSM5664357_CCCTCAACACAAGGTG-1,0,gemcitabine
GSM5664357_CCCTCAACACGAGGAT-1,0,gemcitabine
GSM5664357_CCCTCAACATGGGATG-1,0,gemcitabine
GSM5664357_CCCTCAACATTCACCC-1,0,gemcitabine
GSM5664357_CCCTCAAGTTGTGCCG-1,0,gemcitabine
GSM5664357_CCCTCAATCGAGCACC-1,0,gemcitabine
GSM5664357_CCCTCTCAGCCTGCCA-1,0,gemcitabine
GSM5664357_CCCTCTCCATACAGCT-1,0,gemcitabine
GSM5664357_CCCTCTCTCCAAGGGA-1,0,gemcitabine
GSM5664357_CCCTCTCTCTCTCTTC-1,0,gemcitabine
GSM5664357_CCCTGATCAACTGAAA-1,0,gemcitabine
GSM5664357_CCCTGATCACAAGTGG-1,0,gemcitabine
GSM5664357_CCCTGATCATGGGTTT-1,0,gemcitabine
GSM5664357_CCCTGATGTCACCTTC-1,0,gemcitabine
GSM5664357_CCCTTAGAGAACGTGC-1,0,gemcitabine
GSM5664357_CCCTTAGAGCATATGA-1,0,gemcitabine
GSM5664357_CCCTTAGCATGGGTTT-1,0,gemcitabine
GSM5664357_CCCTTAGGTGTCATCA-1,0,gemcitabine
GSM5664357_CCCTTAGTCTATTGTC-1,0,gemcitabine
GSM5664357_CCGAACGCACGACAAG-1,0,gemcitabine
GSM5664357_CCGAACGCAGGTGAGT-1,0,gemcitabine
GSM5664357_CCGAACGCATCCGGCA-1,0,gemcitabine
GSM5664357_CCGAACGCATCGGCCA-1,0,gemcitabine
GSM5664357_CCGAACGGTGCTAGCC-1,0,gemcitabine
GSM5664357_CCGATCTAGACGATAT-1,0,gemcitabine
GSM5664357_CCGATCTAGATGATTG-1,0,gemcitabine
GSM5664357_CCGATCTAGCCTGTGC-1,0,gemcitabine
GSM5664357_CCGATCTAGGGTCTTT-1,0,gemcitabine
GSM5664357_CCGATCTCACACACGC-1,0,gemcitabine
GSM5664357_CCGATCTCACCTCTAC-1,0,gemcitabine
GSM5664357_CCGATCTCACCTCTGT-1,0,gemcitabine
GSM5664357_CCGATCTGTGCCGGTT-1,0,gemcitabine
GSM5664357_CCGATGGAGAGCAGTC-1,0,gemcitabine
GSM5664357_CCGATGGAGGTACAGC-1,0,gemcitabine
GSM5664357_CCGATGGCAATGTTGC-1,0,gemcitabine
GSM5664357_CCGATGGCATCGATCA-1,0,gemcitabine
GSM5664357_CCGATGGCATGACAGG-1,0,gemcitabine
GSM5664357_CCGATGGCATTGGATC-1,0,gemcitabine
GSM5664357_CCGATGGGTCCAGAAG-1,0,gemcitabine
GSM5664357_CCGATGGTCGCCCAGA-1,0,gemcitabine
GSM5664357_CCGATGGTCTCAGAAC-1,0,gemcitabine
GSM5664357_CCGCAAGAGCACTCAT-1,0,gemcitabine
GSM5664357_CCGCAAGAGGATTACA-1,0,gemcitabine
GSM5664357_CCGCAAGAGTCAGAGC-1,0,gemcitabine
GSM5664357_CCGCAAGGTCACCCTT-1,0,gemcitabine
GSM5664357_CCGCAAGGTCACTAGT-1,0,gemcitabine
GSM5664357_CCGCAAGTCGATGCAT-1,0,gemcitabine
GSM5664357_CCGCAAGTCGCCTCTA-1,0,gemcitabine
GSM5664357_CCGGACATCAAACTGC-1,0,gemcitabine
GSM5664357_CCGGACATCAGGAGAC-1,0,gemcitabine
GSM5664357_CCGGACATCCTGCTAC-1,0,gemcitabine
GSM5664357_CCGGACATCGAATCCA-1,0,gemcitabine
GSM5664357_CCGGACATCGACACCG-1,0,gemcitabine
GSM5664357_CCGGACATCGCCTCTA-1,0,gemcitabine
GSM5664357_CCGGACATCTGAGGCC-1,0,gemcitabine
GSM5664357_CCGGACATCTTACGTT-1,0,gemcitabine
GSM5664357_CCGGGTAAGAAGCTGC-1,0,gemcitabine
GSM5664357_CCGGGTAAGGTTTGAA-1,0,gemcitabine
GSM5664357_CCGGGTACAGACAAAT-1,0,gemcitabine
GSM5664357_CCGGGTACAGTTCACA-1,0,gemcitabine
GSM5664357_CCGGGTACATCAGTCA-1,0,gemcitabine
GSM5664357_CCGGGTACATCCGGCA-1,0,gemcitabine
GSM5664357_CCGGGTATCAAATGCC-1,0,gemcitabine
GSM5664357_CCGGGTATCCCATGGG-1,0,gemcitabine
GSM5664357_CCGGTAGAGTCTGTAC-1,0,gemcitabine
GSM5664357_CCGGTAGCACCTGCTT-1,0,gemcitabine
GSM5664357_CCGGTAGCATCGGCCA-1,0,gemcitabine
GSM5664357_CCGGTGAGTCATCGCG-1,0,gemcitabine
GSM5664357_CCGGTGAGTTAGCTAC-1,0,gemcitabine
GSM5664357_CCGGTGATCCTTCACG-1,0,gemcitabine
GSM5664357_CCGGTGATCGCTATTT-1,0,gemcitabine
GSM5664357_CCGTAGGAGCCTTCTC-1,0,gemcitabine
GSM5664357_CCGTAGGCAGATACCT-1,0,gemcitabine
GSM5664357_CCGTAGGTCGTGTCAA-1,0,gemcitabine
GSM5664357_CCGTGAGAGTCTTCCC-1,0,gemcitabine
GSM5664357_CCGTGAGCAATGCTCA-1,0,gemcitabine
GSM5664357_CCGTGAGCAGGCCTGT-1,0,gemcitabine
GSM5664357_CCGTGAGTCACTTCTA-1,0,gemcitabine
GSM5664357_CCGTTCAAGCAGTACG-1,0,gemcitabine
GSM5664357_CCGTTCAAGCTGACTT-1,0,gemcitabine
GSM5664357_CCGTTCACATCGCTGG-1,0,gemcitabine
GSM5664357_CCGTTCATCATGTCTT-1,0,gemcitabine
GSM5664357_CCGTTCATCCTGGTCT-1,0,gemcitabine
GSM5664357_CCTAACCAGTATCCTG-1,0,gemcitabine
GSM5664357_CCTAACCCAACTCCAA-1,0,gemcitabine
GSM5664357_CCTAACCCACTGTCCT-1,0,gemcitabine
GSM5664357_CCTAACCTCTGCTTAT-1,0,gemcitabine
GSM5664357_CCTAAGAAGGTCGTCC-1,0,gemcitabine
GSM5664357_CCTAAGACAAGAATAC-1,0,gemcitabine
GSM5664357_CCTAAGACATGACACT-1,0,gemcitabine
GSM5664357_CCTAAGATCGACGAGA-1,0,gemcitabine
GSM5664357_CCTAAGATCTTGCAGA-1,0,gemcitabine
GSM5664357_CCTACGTAGCTCGTGC-1,0,gemcitabine
GSM5664357_CCTACGTCATCGCTGG-1,0,gemcitabine
GSM5664357_CCTACGTCATTGCAAC-1,0,gemcitabine
GSM5664357_CCTACGTGTAGCTGCC-1,0,gemcitabine
GSM5664357_CCTACGTGTCCGACGT-1,0,gemcitabine
GSM5664357_CCTACGTGTGTATACC-1,0,gemcitabine
GSM5664357_CCTACGTTCGGCTTGG-1,0,gemcitabine
GSM5664357_CCTATCGAGCATATGA-1,0,gemcitabine
GSM5664357_CCTATCGCACTGCACG-1,0,gemcitabine
GSM5664357_CCTATCGCAGGTATGG-1,0,gemcitabine
GSM5664357_CCTATCGGTCCGAAAG-1,0,gemcitabine
GSM5664357_CCTATCGGTCCGCAGT-1,0,gemcitabine
GSM5664357_CCTATCGGTTCGGCGT-1,0,gemcitabine
GSM5664357_CCTATCGTCACGGGAA-1,0,gemcitabine
GSM5664357_CCTATCGTCACGTAGT-1,0,gemcitabine
GSM5664357_CCTATCGTCGTCCTCA-1,0,gemcitabine
GSM5664357_CCTATCGTCTAGGAAA-1,0,gemcitabine
GSM5664357_CCTATCGTCTTACACT-1,0,gemcitabine
GSM5664357_CCTATCGTCTTGAACG-1,0,gemcitabine
GSM5664357_CCTCAACAGCAGGCTA-1,0,gemcitabine
GSM5664357_CCTCAACAGGCACCAA-1,0,gemcitabine
GSM5664357_CCTCAACAGGGCTAAC-1,0,gemcitabine
GSM5664357_CCTCAACAGTGGCGAT-1,0,gemcitabine
GSM5664357_CCTCAACCATGATGCT-1,0,gemcitabine
GSM5664357_CCTCAACGTAGCTAAA-1,0,gemcitabine
GSM5664357_CCTCAACGTCCCTCAT-1,0,gemcitabine
GSM5664357_CCTCAACGTGCCTGCA-1,0,gemcitabine
GSM5664357_CCTCAACGTGTCTAAC-1,0,gemcitabine
GSM5664357_CCTCAACTCCTGGCTT-1,0,gemcitabine
GSM5664357_CCTCACAAGGACAGCT-1,0,gemcitabine
GSM5664357_CCTCACACAGACGGAT-1,0,gemcitabine
GSM5664357_CCTCACAGTACTGTTG-1,0,gemcitabine
GSM5664357_CCTCACAGTGACTATC-1,0,gemcitabine
GSM5664357_CCTCACATCAACTCTT-1,0,gemcitabine
GSM5664357_CCTCACATCAGCTGTA-1,0,gemcitabine
GSM5664357_CCTCACATCCAACACA-1,0,gemcitabine
GSM5664357_CCTCACATCGATACAC-1,0,gemcitabine
GSM5664357_CCTCAGTAGGTAGTCG-1,0,gemcitabine
GSM5664357_CCTCAGTCAAACTCGT-1,0,gemcitabine
GSM5664357_CCTCAGTCATCCGTTC-1,0,gemcitabine
GSM5664357_CCTCATGAGAGGTCGT-1,0,gemcitabine
GSM5664357_CCTCATGAGCACACAG-1,0,gemcitabine
GSM5664357_CCTCATGAGCAGCACA-1,0,gemcitabine
GSM5664357_CCTCATGAGCCGATAG-1,0,gemcitabine
GSM5664357_CCTCATGAGGCCTAGA-1,0,gemcitabine
GSM5664357_CCTCCAAAGATGCTTC-1,0,gemcitabine
GSM5664357_CCTCCAAAGCCTCTGG-1,0,gemcitabine
GSM5664357_CCTCCAACACATGAAA-1,0,gemcitabine
GSM5664357_CCTCCAACAGTGCCTG-1,0,gemcitabine
GSM5664357_CCTCCAAGTCTGTGCG-1,0,gemcitabine
GSM5664357_CCTCCAATCAGTCATG-1,0,gemcitabine
GSM5664357_CCTCCAATCCACACAA-1,0,gemcitabine
GSM5664357_CCTCCAATCCTCACTG-1,0,gemcitabine
GSM5664357_CCTCCAATCGTAACCA-1,0,gemcitabine
GSM5664357_CCTCCAATCGTCTCAC-1,0,gemcitabine
GSM5664357_CCTCCAATCTCCAATT-1,0,gemcitabine
GSM5664357_CCTCCTCAGAATGTTG-1,0,gemcitabine
GSM5664357_CCTCCTCAGCTTCTAG-1,0,gemcitabine
GSM5664357_CCTCCTCCATGCGGTC-1,0,gemcitabine
GSM5664357_CCTCCTCGTCACTACA-1,0,gemcitabine
GSM5664357_CCTCCTCGTTGCATTG-1,0,gemcitabine
GSM5664357_CCTCCTCTCAAAGACA-1,0,gemcitabine
GSM5664357_CCTCCTCTCACGGGCT-1,0,gemcitabine
GSM5664357_CCTCTAGCAGGTTTAC-1,0,gemcitabine
GSM5664357_CCTCTAGGTAGGACCA-1,0,gemcitabine
GSM5664357_CCTCTAGGTCACTCGG-1,0,gemcitabine
GSM5664357_CCTCTAGTCGCATTAG-1,0,gemcitabine
GSM5664357_CCTCTAGTCGCCTTGT-1,0,gemcitabine
GSM5664357_CCTCTAGTCTTGCGCT-1,0,gemcitabine
GSM5664357_CCTCTCCAGGGTTTCT-1,0,gemcitabine
GSM5664357_CCTCTCCAGTCTGCGC-1,0,gemcitabine
GSM5664357_CCTCTCCCAACTTGCA-1,0,gemcitabine
GSM5664357_CCTCTCCCAATGCAAA-1,0,gemcitabine
GSM5664357_CCTCTCCCAATTCGTG-1,0,gemcitabine
GSM5664357_CCTCTCCCACTGTTCC-1,0,gemcitabine
GSM5664357_CCTCTCCCAGGCACAA-1,0,gemcitabine
GSM5664357_CCTCTCCCAGTTAGAA-1,0,gemcitabine
GSM5664357_CCTCTCCCATGAATCC-1,0,gemcitabine
GSM5664357_CCTCTCCGTGTTAAAG-1,0,gemcitabine
GSM5664357_CCTCTCCGTGTTACAC-1,0,gemcitabine
GSM5664357_CCTCTCCGTTCCTTGC-1,0,gemcitabine
GSM5664357_CCTCTCCTCATCGCCT-1,0,gemcitabine
GSM5664357_CCTGCATAGAACGTGC-1,0,gemcitabine
GSM5664357_CCTGCATAGACGTCGA-1,0,gemcitabine
GSM5664357_CCTGCATAGGAAACGA-1,0,gemcitabine
GSM5664357_CCTGCATCAATCTGCA-1,0,gemcitabine
GSM5664357_CCTGCATGTATCCTCC-1,0,gemcitabine
GSM5664357_CCTGCATTCAAACGTC-1,0,gemcitabine
GSM5664357_CCTGCATTCGCTGTTC-1,0,gemcitabine
GSM5664357_CCTGCATTCTTCGCTG-1,0,gemcitabine
GSM5664357_CCTGTTGCAACCGTAT-1,0,gemcitabine
GSM5664357_CCTGTTGCACCTGCTT-1,0,gemcitabine
GSM5664357_CCTGTTGCAGGTCAGA-1,0,gemcitabine
GSM5664357_CCTGTTGCAGTCTCTC-1,0,gemcitabine
GSM5664357_CCTGTTGCATCCTTCG-1,0,gemcitabine
GSM5664357_CCTGTTGGTCCATAGT-1,0,gemcitabine
GSM5664357_CCTTCAGCATCCAACA-1,0,gemcitabine
GSM5664357_CCTTCAGGTTGTAGCT-1,0,gemcitabine
GSM5664357_CCTTCAGTCCTTTGAT-1,0,gemcitabine
GSM5664357_CCTTCAGTCGCACGGT-1,0,gemcitabine
GSM5664357_CCTTGTGAGCCTTCTC-1,0,gemcitabine
GSM5664357_CCTTGTGGTATCCCTC-1,0,gemcitabine
GSM5664357_CCTTGTGGTGCACGCT-1,0,gemcitabine
GSM5664357_CCTTGTGTCGGCTGGT-1,0,gemcitabine
GSM5664357_CCTTGTGTCTCAATCT-1,0,gemcitabine
GSM5664357_CCTTTGGAGCGTCTGC-1,0,gemcitabine
GSM5664357_CCTTTGGAGGTACAGC-1,0,gemcitabine
GSM5664357_CCTTTGGGTATACGGG-1,0,gemcitabine
GSM5664357_CCTTTGGGTCAATCTG-1,0,gemcitabine
GSM5664357_CCTTTGGGTCCACGCA-1,0,gemcitabine
GSM5664357_CCTTTGGGTGACCGTC-1,0,gemcitabine
GSM5664357_CCTTTGGGTTCTCACC-1,0,gemcitabine
GSM5664357_CCTTTGGTCATGGCCG-1,0,gemcitabine
GSM5664357_CCTTTGGTCCTTCGAC-1,0,gemcitabine
GSM5664357_CCTTTGGTCTAACACG-1,0,gemcitabine
GSM5664357_CGAAGGAAGCACACCC-1,0,gemcitabine
GSM5664357_CGAAGGATCCACCTCA-1,0,gemcitabine
GSM5664357_CGAAGGATCCGCTTAC-1,0,gemcitabine
GSM5664357_CGAAGTTAGCGGACAT-1,0,gemcitabine
GSM5664357_CGAAGTTCAGGACTTT-1,0,gemcitabine
GSM5664357_CGAAGTTCATACAGGG-1,0,gemcitabine
GSM5664357_CGAAGTTGTGGTACAG-1,0,gemcitabine
GSM5664357_CGAAGTTGTGGTATGG-1,0,gemcitabine
GSM5664357_CGAAGTTTCCTTCTAA-1,0,gemcitabine
GSM5664357_CGAAGTTTCTGGTTGA-1,0,gemcitabine
GSM5664357_CGAATTGAGAGGCCAT-1,0,gemcitabine
GSM5664357_CGAATTGAGTTGCCCG-1,0,gemcitabine
GSM5664357_CGAATTGCACGCGCTA-1,0,gemcitabine
GSM5664357_CGAATTGCAGGAGACT-1,0,gemcitabine
GSM5664357_CGAATTGGTGGCCTCA-1,0,gemcitabine
GSM5664357_CGAATTGGTTCGAGCC-1,0,gemcitabine
GSM5664357_CGAATTGTCATCGCTC-1,0,gemcitabine
GSM5664357_CGAATTGTCTGTGCAA-1,0,gemcitabine
GSM5664357_CGACAGCAGCAGCCTC-1,0,gemcitabine
GSM5664357_CGACAGCAGTATGTAG-1,0,gemcitabine
GSM5664357_CGACAGCTCTCCGTGT-1,0,gemcitabine
GSM5664357_CGAGAAGCAATTGCCA-1,0,gemcitabine
GSM5664357_CGAGAAGCAGGTCTCG-1,0,gemcitabine
GSM5664357_CGAGAAGGTAACTTCG-1,0,gemcitabine
GSM5664357_CGAGGAACACGTATAC-1,0,gemcitabine
GSM5664357_CGAGGAACAGTAACAA-1,0,gemcitabine
GSM5664357_CGAGGCTTCCATTGGA-1,0,gemcitabine
GSM5664357_CGAGGCTTCCGGACTG-1,0,gemcitabine
GSM5664357_CGAGGCTTCTAGTGAC-1,0,gemcitabine
GSM5664357_CGAGTGCCAACGAGGT-1,0,gemcitabine
GSM5664357_CGAGTGCCAGGGCTTC-1,0,gemcitabine
GSM5664357_CGAGTGCTCATGCCGG-1,0,gemcitabine
GSM5664357_CGAGTGCTCGCGAAGA-1,0,gemcitabine
GSM5664357_CGAGTTACACTCCACT-1,0,gemcitabine
GSM5664357_CGAGTTACACTGGAAG-1,0,gemcitabine
GSM5664357_CGAGTTAGTACTAGCT-1,0,gemcitabine
GSM5664357_CGAGTTAGTATCACCA-1,0,gemcitabine
GSM5664357_CGAGTTATCCGAGTGC-1,0,gemcitabine
GSM5664357_CGATCGGGTCTTACAG-1,0,gemcitabine
GSM5664357_CGATCGGGTCTTCGAA-1,0,gemcitabine
GSM5664357_CGATCGGGTGACCTGC-1,0,gemcitabine
GSM5664357_CGATCGGTCGCCTAGG-1,0,gemcitabine
GSM5664357_CGATGCGCAGACATCT-1,0,gemcitabine
GSM5664357_CGATGCGTCACTGTTT-1,0,gemcitabine
GSM5664357_CGATGCGTCATCGGGC-1,0,gemcitabine
GSM5664357_CGATGCGTCCTAGCCT-1,0,gemcitabine
GSM5664357_CGATGCGTCGCAACAT-1,0,gemcitabine
GSM5664357_CGATGGCCACCTGCAG-1,0,gemcitabine
GSM5664357_CGATGGCCACGATTCA-1,0,gemcitabine
GSM5664357_CGATGGCCACGCCAGT-1,0,gemcitabine
GSM5664357_CGATGGCTCCATACTT-1,0,gemcitabine
GSM5664357_CGATGGCTCTAGTACG-1,0,gemcitabine
GSM5664357_CGCAGGTAGGGATCAC-1,0,gemcitabine
GSM5664357_CGCAGGTCAACCAACT-1,0,gemcitabine
GSM5664357_CGCAGGTCATGAATAG-1,0,gemcitabine
GSM5664357_CGCAGGTGTCGCGGTT-1,0,gemcitabine
GSM5664357_CGCAGGTTCGTAGAGG-1,0,gemcitabine
GSM5664357_CGCAGGTTCTCTCGAC-1,0,gemcitabine
GSM5664357_CGCAGGTTCTCTCGCA-1,0,gemcitabine
GSM5664357_CGCATAAAGCCTATCA-1,0,gemcitabine
GSM5664357_CGCATAAAGGTGCAGT-1,0,gemcitabine
GSM5664357_CGCATAACACTTACAG-1,0,gemcitabine
GSM5664357_CGCATAACAGCGAACA-1,0,gemcitabine
GSM5664357_CGCATAAGTAAGCAAT-1,0,gemcitabine
GSM5664357_CGCATAAGTGCGTTTA-1,0,gemcitabine
GSM5664357_CGCATAAGTGGTTTAC-1,0,gemcitabine
GSM5664357_CGCATGGAGCTCAGAG-1,0,gemcitabine
GSM5664357_CGCATGGAGTCTAGCT-1,0,gemcitabine
GSM5664357_CGCATGGCATTCACCC-1,0,gemcitabine
GSM5664357_CGCATGGCATTGGGAG-1,0,gemcitabine
GSM5664357_CGCATGGTCACCGCTT-1,0,gemcitabine
GSM5664357_CGCATGGTCCCAGTGG-1,0,gemcitabine
GSM5664357_CGCATGGTCGTGGAAG-1,0,gemcitabine
GSM5664357_CGCATGGTCTGTGTGA-1,0,gemcitabine
GSM5664357_CGCCAGAAGTCACACT-1,0,gemcitabine
GSM5664357_CGCCAGACATCGTTCC-1,0,gemcitabine
GSM5664357_CGCCAGACATGGCCAC-1,0,gemcitabine
GSM5664357_CGCCAGAGTATGTGTC-1,0,gemcitabine
GSM5664357_CGCCAGAGTCCACTCT-1,0,gemcitabine
GSM5664357_CGCCAGATCCGCGAGT-1,0,gemcitabine
GSM5664357_CGCCATTAGAACTTCC-1,0,gemcitabine
GSM5664357_CGCCATTAGGATTTCC-1,0,gemcitabine
GSM5664357_CGCCATTCAACAGCCC-1,0,gemcitabine
GSM5664357_CGCCATTGTGCCTAAT-1,0,gemcitabine
GSM5664357_CGCCATTTCACCTCAC-1,0,gemcitabine
GSM5664357_CGCCATTTCGAGGCAA-1,0,gemcitabine
GSM5664357_CGCCATTTCTGATGGT-1,0,gemcitabine
GSM5664357_CGCGTGAAGCTCTTCC-1,0,gemcitabine
GSM5664357_CGCGTGACAGCTCGGT-1,0,gemcitabine
GSM5664357_CGCGTGACAGTGACCC-1,0,gemcitabine
GSM5664357_CGCGTGACAGTTGTTG-1,0,gemcitabine
GSM5664357_CGCGTGACATGTTCGA-1,0,gemcitabine
GSM5664357_CGCGTGACATTGTACG-1,0,gemcitabine
GSM5664357_CGCGTGAGTACTGACT-1,0,gemcitabine
GSM5664357_CGCGTGAGTACTGTTG-1,0,gemcitabine
GSM5664357_CGCGTGAGTATAGGAT-1,0,gemcitabine
GSM5664357_CGCGTGAGTCGCCACA-1,0,gemcitabine
GSM5664357_CGGAACCAGGTTCCGC-1,0,gemcitabine
GSM5664357_CGGAACCGTTCCAAAC-1,0,gemcitabine
GSM5664357_CGGAACCTCAATCCGA-1,0,gemcitabine
GSM5664357_CGGAACCTCCGACAGC-1,0,gemcitabine
GSM5664357_CGGAACCTCTCGCCTA-1,0,gemcitabine
GSM5664357_CGGAATTAGATAGCTA-1,0,gemcitabine
GSM5664357_CGGAATTGTACCTTCC-1,0,gemcitabine
GSM5664357_CGGAATTGTCAAGGCA-1,0,gemcitabine
GSM5664357_CGGAATTGTTTGGCTA-1,0,gemcitabine
GSM5664357_CGGAATTTCTTAGGAC-1,0,gemcitabine
GSM5664357_CGGACACAGATTGAGT-1,0,gemcitabine
GSM5664357_CGGACACAGGTTCACT-1,0,gemcitabine
GSM5664357_CGGACACGTATCTCTT-1,0,gemcitabine
GSM5664357_CGGACACTCCATCCGT-1,0,gemcitabine
GSM5664357_CGGACACTCGGTAAGG-1,0,gemcitabine
GSM5664357_CGGAGAAAGACGACGT-1,0,gemcitabine
GSM5664357_CGGAGAAAGCCGAACA-1,0,gemcitabine
GSM5664357_CGGAGAAGTACGTTCA-1,0,gemcitabine
GSM5664357_CGGAGAAGTTAACAGA-1,0,gemcitabine
GSM5664357_CGGAGAATCGGTTCAA-1,0,gemcitabine
GSM5664357_CGGCAGTAGACCAGAC-1,0,gemcitabine
GSM5664357_CGGCAGTCACAGCCAC-1,0,gemcitabine
GSM5664357_CGGCAGTCAGAGGTTG-1,0,gemcitabine
GSM5664357_CGGCAGTTCCCGAGTG-1,0,gemcitabine
GSM5664357_CGGGACTAGCGAGGAG-1,0,gemcitabine
GSM5664357_CGGGACTAGTATAGAC-1,0,gemcitabine
GSM5664357_CGGGACTGTAAGACCG-1,0,gemcitabine
GSM5664357_CGGGACTGTACCGCGT-1,0,gemcitabine
GSM5664357_CGGGACTGTCCTACAA-1,0,gemcitabine
GSM5664357_CGGGACTGTCGGCTAC-1,0,gemcitabine
GSM5664357_CGGGACTTCAAGTAAG-1,0,gemcitabine
GSM5664357_CGGGACTTCACCACAA-1,0,gemcitabine
GSM5664357_CGGGACTTCCAACTGA-1,0,gemcitabine
GSM5664357_CGGGACTTCCTGATAG-1,0,gemcitabine
GSM5664357_CGGGACTTCGCGCCAA-1,0,gemcitabine
GSM5664357_CGGGACTTCTTCGATT-1,0,gemcitabine
GSM5664357_CGGGCATAGCTGAAAT-1,0,gemcitabine
GSM5664357_CGGGCATAGGCACCAA-1,0,gemcitabine
GSM5664357_CGGGCATCAAGAGTTA-1,0,gemcitabine
GSM5664357_CGGGCATCAGTTCACA-1,0,gemcitabine
GSM5664357_CGGGCATCATTGTGCA-1,0,gemcitabine
GSM5664357_CGGGCATGTGCCTGAC-1,0,gemcitabine
GSM5664357_CGGGCATGTTAGGGTG-1,0,gemcitabine
GSM5664357_CGGGCATTCATGAAAG-1,0,gemcitabine
GSM5664357_CGGGCATTCTGCTTAT-1,0,gemcitabine
GSM5664357_CGGGTCAAGTCATGCT-1,0,gemcitabine
GSM5664357_CGGGTCAGTCGTCAGC-1,0,gemcitabine
GSM5664357_CGGGTCATCCGTGCGA-1,0,gemcitabine
GSM5664357_CGGGTGTAGGTCCGAA-1,0,gemcitabine
GSM5664357_CGGGTGTAGTGTTGTC-1,0,gemcitabine
GSM5664357_CGGGTGTCAAGACCGA-1,0,gemcitabine
GSM5664357_CGGGTGTCACAAGCAG-1,0,gemcitabine
GSM5664357_CGGGTGTCACTCCTTG-1,0,gemcitabine
GSM5664357_CGGGTGTGTCCAGTTA-1,0,gemcitabine
GSM5664357_CGGGTGTGTTCTATCT-1,0,gemcitabine
GSM5664357_CGGTCAGAGCCATTTG-1,0,gemcitabine
GSM5664357_CGGTCAGAGGAACTAT-1,0,gemcitabine
GSM5664357_CGGTCAGCATCACAGT-1,0,gemcitabine
GSM5664357_CGGTCAGGTTCCCAAA-1,0,gemcitabine
GSM5664357_CGGTCAGGTTCGGCGT-1,0,gemcitabine
GSM5664357_CGGTCAGTCGAGTGGA-1,0,gemcitabine
GSM5664357_CGGTCAGTCGTAATGC-1,0,gemcitabine
GSM5664357_CGGTCAGTCTTAAGGC-1,0,gemcitabine
GSM5664357_CGTAAGTCACTACCGG-1,0,gemcitabine
GSM5664357_CGTAAGTTCAGCTTCC-1,0,gemcitabine
GSM5664357_CGTAAGTTCCTTTGAT-1,0,gemcitabine
GSM5664357_CGTAATGCAACTTGGT-1,0,gemcitabine
GSM5664357_CGTAATGGTAACCCGC-1,0,gemcitabine
GSM5664357_CGTAATGGTGCCGTAC-1,0,gemcitabine
GSM5664357_CGTAATGGTGGCCTCA-1,0,gemcitabine
GSM5664357_CGTAGTAAGTATTCCG-1,0,gemcitabine
GSM5664357_CGTAGTACAAGAAACT-1,0,gemcitabine
GSM5664357_CGTAGTACAATCCTAG-1,0,gemcitabine
GSM5664357_CGTAGTATCAGCAATC-1,0,gemcitabine
GSM5664357_CGTAGTATCCATAGGT-1,0,gemcitabine
GSM5664357_CGTAGTATCTGACGCG-1,0,gemcitabine
GSM5664357_CGTCAAACACCCAAGC-1,0,gemcitabine
GSM5664357_CGTCAAACACCGCTAG-1,0,gemcitabine
GSM5664357_CGTCCATAGGACTTCT-1,0,gemcitabine
GSM5664357_CGTCCATAGTTCCAGT-1,0,gemcitabine
GSM5664357_CGTCCATTCACGGAGA-1,0,gemcitabine
GSM5664357_CGTGAATAGGCTTAAA-1,0,gemcitabine
GSM5664357_CGTGAATTCCCGTGTT-1,0,gemcitabine
GSM5664357_CGTGAATTCGCTTGAA-1,0,gemcitabine
GSM5664357_CGTGAATTCGGCTCTT-1,0,gemcitabine
GSM5664357_CGTGAATTCTGTTGGA-1,0,gemcitabine
GSM5664357_CGTGATAAGGCCCGTT-1,0,gemcitabine
GSM5664357_CGTGATACACTGAATC-1,0,gemcitabine
GSM5664357_CGTGATAGTCTGCCTT-1,0,gemcitabine
GSM5664357_CGTGATAGTTAGAGTA-1,0,gemcitabine
GSM5664357_CGTGCTTAGAGATTCA-1,0,gemcitabine
GSM5664357_CGTGCTTAGATTAGCA-1,0,gemcitabine
GSM5664357_CGTGCTTAGTGGAAAG-1,0,gemcitabine
GSM5664357_CGTGCTTCAAATGAAC-1,0,gemcitabine
GSM5664357_CGTGCTTGTCGAAGCA-1,0,gemcitabine
GSM5664357_CGTGCTTGTGAATATG-1,0,gemcitabine
GSM5664357_CGTGCTTTCATCTGTT-1,0,gemcitabine
GSM5664357_CGTGCTTTCTAGTGTG-1,0,gemcitabine
GSM5664357_CGTGTCTAGCGAAACC-1,0,gemcitabine
GSM5664357_CGTGTCTCAGCTACAT-1,0,gemcitabine
GSM5664357_CGTTAGACACACAGCC-1,0,gemcitabine
GSM5664357_CGTTAGAGTAGGGTAC-1,0,gemcitabine
GSM5664357_CGTTAGAGTAGTCCTA-1,0,gemcitabine
GSM5664357_CGTTAGAGTATCAGCT-1,0,gemcitabine
GSM5664357_CGTTAGAGTCTTCAAG-1,0,gemcitabine
GSM5664357_CGTTAGAGTGAGCTCC-1,0,gemcitabine
GSM5664357_CGTTAGAGTGGATGAC-1,0,gemcitabine
GSM5664357_CGTTAGAGTTCTCCCA-1,0,gemcitabine
GSM5664357_CGTTAGATCCGGTAGC-1,0,gemcitabine
GSM5664357_CGTTCTGAGGCCTTCG-1,0,gemcitabine
GSM5664357_CGTTCTGGTCTGGTTA-1,0,gemcitabine
GSM5664357_CGTTCTGGTGATACTC-1,0,gemcitabine
GSM5664357_CGTTCTGGTTGGGATG-1,0,gemcitabine
GSM5664357_CGTTCTGGTTGTCAGT-1,0,gemcitabine
GSM5664357_CGTTCTGTCAAGAGTA-1,0,gemcitabine
GSM5664357_CGTTCTGTCAAGCCTA-1,0,gemcitabine
GSM5664357_CGTTCTGTCCAAGCTA-1,0,gemcitabine
GSM5664357_CGTTCTGTCCGAGGCT-1,0,gemcitabine
GSM5664357_CGTTCTGTCCGTGTCT-1,0,gemcitabine
GSM5664357_CGTTCTGTCTGATTCT-1,0,gemcitabine
GSM5664357_CGTTGGGAGAGGGCGA-1,0,gemcitabine
GSM5664357_CGTTGGGAGGTACAGC-1,0,gemcitabine
GSM5664357_CGTTGGGGTAACCCGC-1,0,gemcitabine
GSM5664357_CGTTGGGGTCGTCAGC-1,0,gemcitabine
GSM5664357_CGTTGGGGTGTCCGGT-1,0,gemcitabine
GSM5664357_CTAACCCAGCGCCTCA-1,0,gemcitabine
GSM5664357_CTAACCCAGTTTAGGA-1,0,gemcitabine
GSM5664357_CTAACCCCACTTCCTG-1,0,gemcitabine
GSM5664357_CTAACCCCATAAGCAA-1,0,gemcitabine
GSM5664357_CTAACCCTCAGTGTTG-1,0,gemcitabine
GSM5664357_CTAACCCTCTTCACAT-1,0,gemcitabine
GSM5664357_CTAACCCTCTTCCGTG-1,0,gemcitabine
GSM5664357_CTAACCCTCTTTCCAA-1,0,gemcitabine
GSM5664357_CTAACTTAGCTTGTGT-1,0,gemcitabine
GSM5664357_CTAACTTCAGTAACCT-1,0,gemcitabine
GSM5664357_CTAACTTCAGTCAGCC-1,0,gemcitabine
GSM5664357_CTAACTTCATCGTTCC-1,0,gemcitabine
GSM5664357_CTAACTTCATGACTTG-1,0,gemcitabine
GSM5664357_CTAACTTGTATGCGTT-1,0,gemcitabine
GSM5664357_CTAACTTGTCGTTTCC-1,0,gemcitabine
GSM5664357_CTAACTTGTTGTACGT-1,0,gemcitabine
GSM5664357_CTAACTTTCCATGAGT-1,0,gemcitabine
GSM5664357_CTAAGTGCAACTGCCG-1,0,gemcitabine
GSM5664357_CTAAGTGCACCAAAGG-1,0,gemcitabine
GSM5664357_CTAAGTGCAGCATTGT-1,0,gemcitabine
GSM5664357_CTAAGTGCATCAGCTA-1,0,gemcitabine
GSM5664357_CTAAGTGCATGGAGAC-1,0,gemcitabine
GSM5664357_CTAAGTGGTATGCGTT-1,0,gemcitabine
GSM5664357_CTAAGTGTCTCACGAA-1,0,gemcitabine
GSM5664357_CTACAGAAGACCTGGA-1,0,gemcitabine
GSM5664357_CTACAGAAGGAATCGC-1,0,gemcitabine
GSM5664357_CTACAGAGTAAGACCG-1,0,gemcitabine
GSM5664357_CTACATTAGGAAGAAC-1,0,gemcitabine
GSM5664357_CTACATTAGTAGCAAT-1,0,gemcitabine
GSM5664357_CTACATTCAGCAGTCC-1,0,gemcitabine
GSM5664357_CTACATTCAGCCCACA-1,0,gemcitabine
GSM5664357_CTACCCACAAGGGCAT-1,0,gemcitabine
GSM5664357_CTACCCACAATGAGCG-1,0,gemcitabine
GSM5664357_CTACCCACACTATCCC-1,0,gemcitabine
GSM5664357_CTACCCACACTTGGCG-1,0,gemcitabine
GSM5664357_CTACCCACATTGCCTC-1,0,gemcitabine
GSM5664357_CTACCCAGTAATGTGA-1,0,gemcitabine
GSM5664357_CTACCCATCCCTATTA-1,0,gemcitabine
GSM5664357_CTACCCATCTACTGAG-1,0,gemcitabine
GSM5664357_CTACCCATCTGTCAGA-1,0,gemcitabine
GSM5664357_CTACCCATCTTCTGTA-1,0,gemcitabine
GSM5664357_CTACCCATCTTTGCAT-1,0,gemcitabine
GSM5664357_CTACCTGAGACCAACG-1,0,gemcitabine
GSM5664357_CTACCTGAGCCGATCC-1,0,gemcitabine
GSM5664357_CTACCTGAGGTACCTT-1,0,gemcitabine
GSM5664357_CTACCTGCAATCGAAA-1,0,gemcitabine
GSM5664357_CTACCTGGTACGAAAT-1,0,gemcitabine
GSM5664357_CTACCTGGTCATGCAT-1,0,gemcitabine
GSM5664357_CTACCTGGTTCCGGTG-1,0,gemcitabine
GSM5664357_CTACCTGTCATTTCCA-1,0,gemcitabine
GSM5664357_CTACCTGTCCCTTGGT-1,0,gemcitabine
GSM5664357_CTACCTGTCGGAAACG-1,0,gemcitabine
GSM5664357_CTACGGGAGCCTCTGG-1,0,gemcitabine
GSM5664357_CTACGGGCATCGCTAA-1,0,gemcitabine
GSM5664357_CTACGGGGTCTTGGTA-1,0,gemcitabine
GSM5664357_CTACGGGGTGAATTAG-1,0,gemcitabine
GSM5664357_CTACGGGGTGGTTTAC-1,0,gemcitabine
GSM5664357_CTACGGGTCAATCAGC-1,0,gemcitabine
GSM5664357_CTACTATGTAACGATA-1,0,gemcitabine
GSM5664357_CTACTATTCAAAGGTA-1,0,gemcitabine
GSM5664357_CTACTATTCAACCTTT-1,0,gemcitabine
GSM5664357_CTACTATTCGCTTAAG-1,0,gemcitabine
GSM5664357_CTACTATTCTCTCGCA-1,0,gemcitabine
GSM5664357_CTAGACAAGGATAATC-1,0,gemcitabine
GSM5664357_CTAGACACACTCCACT-1,0,gemcitabine
GSM5664357_CTAGACAGTACTCCCT-1,0,gemcitabine
GSM5664357_CTAGACAGTATCGATC-1,0,gemcitabine
GSM5664357_CTAGACAGTCCAGCAC-1,0,gemcitabine
GSM5664357_CTAGACATCAACACCA-1,0,gemcitabine
GSM5664357_CTAGGTACACAAGGTG-1,0,gemcitabine
GSM5664357_CTAGGTACACTGGCCA-1,0,gemcitabine
GSM5664357_CTAGGTATCTCCACTG-1,0,gemcitabine
GSM5664357_CTATAGGAGCTGTTAC-1,0,gemcitabine
GSM5664357_CTATAGGCAACTCCAA-1,0,gemcitabine
GSM5664357_CTATAGGGTCCCTCAT-1,0,gemcitabine
GSM5664357_CTATAGGGTTAGGACG-1,0,gemcitabine
GSM5664357_CTATCCGCAATTGCCA-1,0,gemcitabine
GSM5664357_CTATCCGGTGGCAACA-1,0,gemcitabine
GSM5664357_CTATCCGTCAATCAGC-1,0,gemcitabine
GSM5664357_CTATCCGTCAGGAGAC-1,0,gemcitabine
GSM5664357_CTATCCGTCGATCCCT-1,0,gemcitabine
GSM5664357_CTATCCGTCTAGCATG-1,0,gemcitabine
GSM5664357_CTATCTAAGTAAGAGG-1,0,gemcitabine
GSM5664357_CTATCTAGTCTCACAA-1,0,gemcitabine
GSM5664357_CTATCTAGTGCCCACA-1,0,gemcitabine
GSM5664357_CTATCTAGTGGCGCTT-1,0,gemcitabine
GSM5664357_CTATCTATCAACGAGG-1,0,gemcitabine
GSM5664357_CTATCTATCCCAGCGA-1,0,gemcitabine
GSM5664357_CTATCTATCCGGCAGT-1,0,gemcitabine
GSM5664357_CTATCTATCCTATTGT-1,0,gemcitabine
GSM5664357_CTATCTATCGTAACAC-1,0,gemcitabine
GSM5664357_CTATCTATCTGAATCG-1,0,gemcitabine
GSM5664357_CTCAACCAGACCAGAC-1,0,gemcitabine
GSM5664357_CTCAACCAGACGCAGT-1,0,gemcitabine
GSM5664357_CTCAACCAGCTTCTAG-1,0,gemcitabine
GSM5664357_CTCAACCAGTACAGCG-1,0,gemcitabine
GSM5664357_CTCAACCCAACCAGAG-1,0,gemcitabine
GSM5664357_CTCAACCCACAACGCC-1,0,gemcitabine
GSM5664357_CTCAACCGTCACCTTC-1,0,gemcitabine
GSM5664357_CTCAACCGTCCTCCTA-1,0,gemcitabine
GSM5664357_CTCAACCGTTATGACC-1,0,gemcitabine
GSM5664357_CTCAACCTCGAACCTA-1,0,gemcitabine
GSM5664357_CTCAAGAGTAGACTGG-1,0,gemcitabine
GSM5664357_CTCAAGAGTATTGGCT-1,0,gemcitabine
GSM5664357_CTCAAGAGTTTACCTT-1,0,gemcitabine
GSM5664357_CTCAAGATCTCTTAAC-1,0,gemcitabine
GSM5664357_CTCAATTAGATGCTTC-1,0,gemcitabine
GSM5664357_CTCAATTAGCTCACTA-1,0,gemcitabine
GSM5664357_CTCAATTCACCTCGTT-1,0,gemcitabine
GSM5664357_CTCAATTCACGTTCGG-1,0,gemcitabine
GSM5664357_CTCAATTCACTACTTT-1,0,gemcitabine
GSM5664357_CTCAATTCATGACTTG-1,0,gemcitabine
GSM5664357_CTCAATTGTGCATGTT-1,0,gemcitabine
GSM5664357_CTCAATTTCCCAGCGA-1,0,gemcitabine
GSM5664357_CTCAATTTCTTCCGTG-1,0,gemcitabine
GSM5664357_CTCACTGAGGACGCTA-1,0,gemcitabine
GSM5664357_CTCACTGCACCCTTGT-1,0,gemcitabine
GSM5664357_CTCACTGGTTTCGCTC-1,0,gemcitabine
GSM5664357_CTCACTGTCCTCAGGG-1,0,gemcitabine
GSM5664357_CTCAGAAAGACCAAAT-1,0,gemcitabine
GSM5664357_CTCAGAACAAACAGGC-1,0,gemcitabine
GSM5664357_CTCAGAACAGAAGCGT-1,0,gemcitabine
GSM5664357_CTCAGAACAGCTGTAT-1,0,gemcitabine
GSM5664357_CTCAGAAGTACTTCCC-1,0,gemcitabine
GSM5664357_CTCAGAAGTCCGGATC-1,0,gemcitabine
GSM5664357_CTCAGAATCCAGCACG-1,0,gemcitabine
GSM5664357_CTCAGAATCCTCGATC-1,0,gemcitabine
GSM5664357_CTCAGAATCGCCCAGA-1,0,gemcitabine
GSM5664357_CTCAGGGAGCTTCGTA-1,0,gemcitabine
GSM5664357_CTCAGGGGTACCTTCC-1,0,gemcitabine
GSM5664357_CTCAGGGGTCTGTCCT-1,0,gemcitabine
GSM5664357_CTCAGGGTCAAGCTGT-1,0,gemcitabine
GSM5664357_CTCAGGGTCTTACGTT-1,0,gemcitabine
GSM5664357_CTCAGTCAGATGTTCC-1,0,gemcitabine
GSM5664357_CTCAGTCAGGTGGTTG-1,0,gemcitabine
GSM5664357_CTCAGTCCACTGGCGT-1,0,gemcitabine
GSM5664357_CTCAGTCCAGTAGAGC-1,0,gemcitabine
GSM5664357_CTCAGTCCATCCTATT-1,0,gemcitabine
GSM5664357_CTCAGTCGTTGCCGAC-1,0,gemcitabine
GSM5664357_CTCATCGCAACGGCCT-1,0,gemcitabine
GSM5664357_CTCATCGCAGCGTAGA-1,0,gemcitabine
GSM5664357_CTCATCGGTCCAGGTC-1,0,gemcitabine
GSM5664357_CTCATCGTCAACCGAT-1,0,gemcitabine
GSM5664357_CTCATGCAGGGACAGG-1,0,gemcitabine
GSM5664357_CTCATGCAGGTTCCAT-1,0,gemcitabine
GSM5664357_CTCATGCCAATATCCG-1,0,gemcitabine
GSM5664357_CTCATGCCACGTACAT-1,0,gemcitabine
GSM5664357_CTCATGCGTATCCTCC-1,0,gemcitabine
GSM5664357_CTCATGCTCTTTCGAT-1,0,gemcitabine
GSM5664357_CTCATTAAGCTGGCTC-1,0,gemcitabine
GSM5664357_CTCATTAAGTTAGTGA-1,0,gemcitabine
GSM5664357_CTCATTACAAGTGCTT-1,0,gemcitabine
GSM5664357_CTCATTACAAGTGGCA-1,0,gemcitabine
GSM5664357_CTCATTACACATGTTG-1,0,gemcitabine
GSM5664357_CTCATTACAGAGAAAG-1,0,gemcitabine
GSM5664357_CTCATTACAGCTATTG-1,0,gemcitabine
GSM5664357_CTCATTACAGGAATAT-1,0,gemcitabine
GSM5664357_CTCATTAGTGGTAATA-1,0,gemcitabine
GSM5664357_CTCATTATCATCCCGT-1,0,gemcitabine
GSM5664357_CTCCAACAGACCATAA-1,0,gemcitabine
GSM5664357_CTCCAACCAACCGCTG-1,0,gemcitabine
GSM5664357_CTCCAACCAGTGGTGA-1,0,gemcitabine
GSM5664357_CTCCAACCATGATAGA-1,0,gemcitabine
GSM5664357_CTCCAACGTGAGTAAT-1,0,gemcitabine
GSM5664357_CTCCAACTCAACACCA-1,0,gemcitabine
GSM5664357_CTCCACAAGAGGCTGT-1,0,gemcitabine
GSM5664357_CTCCACACATCCTAAG-1,0,gemcitabine
GSM5664357_CTCCACAGTACGCTAT-1,0,gemcitabine
GSM5664357_CTCCACAGTCGGATTT-1,0,gemcitabine
GSM5664357_CTCCACATCAACTGGT-1,0,gemcitabine
GSM5664357_CTCCACATCGGTGCAC-1,0,gemcitabine
GSM5664357_CTCCATGAGTTTCGGT-1,0,gemcitabine
GSM5664357_CTCCATGCAGCACACC-1,0,gemcitabine
GSM5664357_CTCCATGCAGCAGATG-1,0,gemcitabine
GSM5664357_CTCCATGCATCTAACG-1,0,gemcitabine
GSM5664357_CTCCATGTCCTCACGT-1,0,gemcitabine
GSM5664357_CTCCATGTCTTGTTAC-1,0,gemcitabine
GSM5664357_CTCCCAAAGACTGAGC-1,0,gemcitabine
GSM5664357_CTCCCAAAGGTTAGTA-1,0,gemcitabine
GSM5664357_CTCCCAAAGTGCCGAA-1,0,gemcitabine
GSM5664357_CTCCCAAGTTGTTGAC-1,0,gemcitabine
GSM5664357_CTCCCAATCCGGCAGT-1,0,gemcitabine
GSM5664357_CTCCCTCAGCCAGACA-1,0,gemcitabine
GSM5664357_CTCCCTCAGGATACCG-1,0,gemcitabine
GSM5664357_CTCCCTCAGTCTAGAA-1,0,gemcitabine
GSM5664357_CTCCCTCAGTTCGCAT-1,0,gemcitabine
GSM5664357_CTCCCTCAGTTCGGTT-1,0,gemcitabine
GSM5664357_CTCCCTCCACAAAGCG-1,0,gemcitabine
GSM5664357_CTCCCTCGTCGCATGC-1,0,gemcitabine
GSM5664357_CTCCCTCGTTGCACGC-1,0,gemcitabine
GSM5664357_CTCCCTCTCCTCAGAA-1,0,gemcitabine
GSM5664357_CTCCCTCTCGCCGATG-1,0,gemcitabine
GSM5664357_CTCCGATAGAAGTCAT-1,0,gemcitabine
GSM5664357_CTCCGATAGAATTGCA-1,0,gemcitabine
GSM5664357_CTCCGATAGATTACCC-1,0,gemcitabine
GSM5664357_CTCCGATCAACCAGAG-1,0,gemcitabine
GSM5664357_CTCCGATCACGCGCTA-1,0,gemcitabine
GSM5664357_CTCCGATCAGTCACGC-1,0,gemcitabine
GSM5664357_CTCCGATCATACGCAT-1,0,gemcitabine
GSM5664357_CTCCGATCATCTGTTT-1,0,gemcitabine
GSM5664357_CTCCGATGTTCGGCCA-1,0,gemcitabine
GSM5664357_CTCCGATTCAAGCCTA-1,0,gemcitabine
GSM5664357_CTCCGATTCAGGGATG-1,0,gemcitabine
GSM5664357_CTCCGATTCGTAGCTA-1,0,gemcitabine
GSM5664357_CTCCGATTCTCTAAGG-1,0,gemcitabine
GSM5664357_CTCCTCCCAACTGCCG-1,0,gemcitabine
GSM5664357_CTCCTCCCACAGACGA-1,0,gemcitabine
GSM5664357_CTCCTCCGTATCGTGT-1,0,gemcitabine
GSM5664357_CTCCTCCGTGGTCCCA-1,0,gemcitabine
GSM5664357_CTCCTTTAGTATGAGT-1,0,gemcitabine
GSM5664357_CTCCTTTAGTATGGAT-1,0,gemcitabine
GSM5664357_CTCCTTTGTCTGATAC-1,0,gemcitabine
GSM5664357_CTCCTTTGTGGTATGG-1,0,gemcitabine
GSM5664357_CTCCTTTGTTAAGTCC-1,0,gemcitabine
GSM5664357_CTCCTTTGTTGGCCTG-1,0,gemcitabine
GSM5664357_CTCCTTTTCGTGGAAG-1,0,gemcitabine
GSM5664357_CTCCTTTTCTGCGGAC-1,0,gemcitabine
GSM5664357_CTCGAGGTCCTAGCCT-1,0,gemcitabine
GSM5664357_CTCTCAGAGGATAATC-1,0,gemcitabine
GSM5664357_CTCTCAGAGGGTTAAT-1,0,gemcitabine
GSM5664357_CTCTCAGGTCATCGGC-1,0,gemcitabine
GSM5664357_CTCTCAGGTCCCTCAT-1,0,gemcitabine
GSM5664357_CTCTCAGTCCGTATAG-1,0,gemcitabine
GSM5664357_CTCTCGAAGATCCTAC-1,0,gemcitabine
GSM5664357_CTCTCGAAGTAATCCC-1,0,gemcitabine
GSM5664357_CTCTCGAAGTCATCCA-1,0,gemcitabine
GSM5664357_CTCTCGACAACTACGT-1,0,gemcitabine
GSM5664357_CTCTCGACAATTGCCA-1,0,gemcitabine
GSM5664357_CTCTCGACACAATGAA-1,0,gemcitabine
GSM5664357_CTCTCGACAGCTCGGT-1,0,gemcitabine
GSM5664357_CTCTCGATCTAAGCGT-1,0,gemcitabine
GSM5664357_CTCTGGTAGCGAGGAG-1,0,gemcitabine
GSM5664357_CTCTGGTCAAGCGGAT-1,0,gemcitabine
GSM5664357_CTCTGGTCAGTACTAC-1,0,gemcitabine
GSM5664357_CTCTGGTCAGTGACCC-1,0,gemcitabine
GSM5664357_CTCTGGTGTATATGGA-1,0,gemcitabine
GSM5664357_CTCTGGTGTGATTCAC-1,0,gemcitabine
GSM5664357_CTCTGGTGTTAAGAAC-1,0,gemcitabine
GSM5664357_CTCTGGTTCCTCAGGG-1,0,gemcitabine
GSM5664357_CTCTGGTTCGTTATCT-1,0,gemcitabine
GSM5664357_CTCTGGTTCTAGCCAA-1,0,gemcitabine
GSM5664357_CTGAATGAGGGTACGT-1,0,gemcitabine
GSM5664357_CTGAATGAGGTACAGC-1,0,gemcitabine
GSM5664357_CTGAATGTCTAGGAAA-1,0,gemcitabine
GSM5664357_CTGAGCGGTACTCGCG-1,0,gemcitabine
GSM5664357_CTGAGCGGTGCATGAG-1,0,gemcitabine
GSM5664357_CTGAGGCAGAAGGATG-1,0,gemcitabine
GSM5664357_CTGAGGCCAGGTACGA-1,0,gemcitabine
GSM5664357_CTGAGGCGTACGCTAT-1,0,gemcitabine
GSM5664357_CTGAGGCTCAGTGGGA-1,0,gemcitabine
GSM5664357_CTGAGGCTCCTGGTCT-1,0,gemcitabine
GSM5664357_CTGATCCGTTCGTGCG-1,0,gemcitabine
GSM5664357_CTGATCCTCTGAGGTT-1,0,gemcitabine
GSM5664357_CTGCAGGAGTCCGTCG-1,0,gemcitabine
GSM5664357_CTGCAGGCATGGCACC-1,0,gemcitabine
GSM5664357_CTGCAGGGTCCGGTGT-1,0,gemcitabine
GSM5664357_CTGCAGGGTGAGATTA-1,0,gemcitabine
GSM5664357_CTGCAGGTCCGATGTA-1,0,gemcitabine
GSM5664357_CTGCAGGTCCTTATGT-1,0,gemcitabine
GSM5664357_CTGCAGGTCTCCTACG-1,0,gemcitabine
GSM5664357_CTGCAGGTCTGGGTCG-1,0,gemcitabine
GSM5664357_CTGCATCAGACCCTTA-1,0,gemcitabine
GSM5664357_CTGCATCAGACGCCAA-1,0,gemcitabine
GSM5664357_CTGCATCCAACTTGGT-1,0,gemcitabine
GSM5664357_CTGCATCCAGAAGTGC-1,0,gemcitabine
GSM5664357_CTGCATCTCAGCATTG-1,0,gemcitabine
GSM5664357_CTGCATCTCGTTACCC-1,0,gemcitabine
GSM5664357_CTGCATCTCTGTCGTC-1,0,gemcitabine
GSM5664357_CTGCCATAGAGCTGAC-1,0,gemcitabine
GSM5664357_CTGCCATAGGCTTCCG-1,0,gemcitabine
GSM5664357_CTGCCATAGTGCAACG-1,0,gemcitabine
GSM5664357_CTGCCATAGTGGTCAG-1,0,gemcitabine
GSM5664357_CTGCCATCACCTTCGT-1,0,gemcitabine
GSM5664357_CTGCCATCACTACCCT-1,0,gemcitabine
GSM5664357_CTGCCATCATCGTCCT-1,0,gemcitabine
GSM5664357_CTGCCATGTGGGATTG-1,0,gemcitabine
GSM5664357_CTGCCATGTTAGTTCG-1,0,gemcitabine
GSM5664357_CTGCCATGTTCAGTAC-1,0,gemcitabine
GSM5664357_CTGCCATTCCACTGGG-1,0,gemcitabine
GSM5664357_CTGCCATTCCGTGTCT-1,0,gemcitabine
GSM5664357_CTGCCTAAGTGGATAT-1,0,gemcitabine
GSM5664357_CTGCCTACACGGATCC-1,0,gemcitabine
GSM5664357_CTGCCTAGTGCCCACA-1,0,gemcitabine
GSM5664357_CTGCGAGAGCCGCACT-1,0,gemcitabine
GSM5664357_CTGCGAGCAAACTGCT-1,0,gemcitabine
GSM5664357_CTGCGAGCACCGGAAA-1,0,gemcitabine
GSM5664357_CTGCGAGCAGCGTTGC-1,0,gemcitabine
GSM5664357_CTGCGAGGTAGGACTG-1,0,gemcitabine
GSM5664357_CTGCGAGGTGCCTGAC-1,0,gemcitabine
GSM5664357_CTGCGAGTCCGTATAG-1,0,gemcitabine
GSM5664357_CTGCTCAAGCCATGCC-1,0,gemcitabine
GSM5664357_CTGCTCAAGTCACGAG-1,0,gemcitabine
GSM5664357_CTGCTCAAGTTCCAGT-1,0,gemcitabine
GSM5664357_CTGCTCAGTAGGACTG-1,0,gemcitabine
GSM5664357_CTGCTCAGTCATGACT-1,0,gemcitabine
GSM5664357_CTGGACGAGTAGGAAG-1,0,gemcitabine
GSM5664357_CTGGACGCACGTGTGC-1,0,gemcitabine
GSM5664357_CTGGACGCATCGGAGA-1,0,gemcitabine
GSM5664357_CTGGACGCATGACGGA-1,0,gemcitabine
GSM5664357_CTGGACGTCCCATTTA-1,0,gemcitabine
GSM5664357_CTGGACGTCTAGAGCT-1,0,gemcitabine
GSM5664357_CTGGCAGAGTCGGCAA-1,0,gemcitabine
GSM5664357_CTGGCAGCACATTCTT-1,0,gemcitabine
GSM5664357_CTGGCAGCAGAGTGTG-1,0,gemcitabine
GSM5664357_CTGGCAGGTGACCGAA-1,0,gemcitabine
GSM5664357_CTGGCAGGTTCTCCAC-1,0,gemcitabine
GSM5664357_CTGGCAGTCAGCCTTC-1,0,gemcitabine
GSM5664357_CTGGCAGTCCAACACA-1,0,gemcitabine
GSM5664357_CTGGTCTAGCTCCGAC-1,0,gemcitabine
GSM5664357_CTGGTCTCAACGTTAC-1,0,gemcitabine
GSM5664357_CTGGTCTCATGAAGCG-1,0,gemcitabine
GSM5664357_CTGGTCTGTAGCTAAA-1,0,gemcitabine
GSM5664357_CTGGTCTTCCTGGCTT-1,0,gemcitabine
GSM5664357_CTGTACCAGACGAGCT-1,0,gemcitabine
GSM5664357_CTGTACCAGCCTCAAT-1,0,gemcitabine
GSM5664357_CTGTACCAGGCATGCA-1,0,gemcitabine
GSM5664357_CTGTACCAGGTCACTT-1,0,gemcitabine
GSM5664357_CTGTACCAGTAGCATA-1,0,gemcitabine
GSM5664357_CTGTACCAGTGATAAC-1,0,gemcitabine
GSM5664357_CTGTACCCACCATAAC-1,0,gemcitabine
GSM5664357_CTGTACCCATACTGTG-1,0,gemcitabine
GSM5664357_CTGTACCCATTCTCTA-1,0,gemcitabine
GSM5664357_CTGTACCGTAGTTCCA-1,0,gemcitabine
GSM5664357_CTGTACCGTCCGACGT-1,0,gemcitabine
GSM5664357_CTGTACCTCCCTCTCC-1,0,gemcitabine
GSM5664357_CTGTAGACACACGGAA-1,0,gemcitabine
GSM5664357_CTGTAGACAGCCGTCA-1,0,gemcitabine
GSM5664357_CTGTAGACATGTGACT-1,0,gemcitabine
GSM5664357_CTGTAGAGTCGCTCGA-1,0,gemcitabine
GSM5664357_CTGTAGATCCTTCGAC-1,0,gemcitabine
GSM5664357_CTGTAGATCTGCCTCA-1,0,gemcitabine
GSM5664357_CTGTATTAGCCTCACG-1,0,gemcitabine
GSM5664357_CTGTATTCACAATGTC-1,0,gemcitabine
GSM5664357_CTGTATTCACGACTAT-1,0,gemcitabine
GSM5664357_CTGTATTCACTGAGTT-1,0,gemcitabine
GSM5664357_CTGTATTCAGCATGCC-1,0,gemcitabine
GSM5664357_CTGTATTCAGTGGTGA-1,0,gemcitabine
GSM5664357_CTGTATTCATGTCTAG-1,0,gemcitabine
GSM5664357_CTGTATTGTGTAAACA-1,0,gemcitabine
GSM5664357_CTGTATTGTTATGTCG-1,0,gemcitabine
GSM5664357_CTGTCGTGTATAGGAT-1,0,gemcitabine
GSM5664357_CTGTCGTTCGACTCCT-1,0,gemcitabine
GSM5664357_CTGTCGTTCGTGGGAA-1,0,gemcitabine
GSM5664357_CTGTGAAAGGAGACCT-1,0,gemcitabine
GSM5664357_CTGTGAACACTTACAG-1,0,gemcitabine
GSM5664357_CTGTGAAGTATTTCGG-1,0,gemcitabine
GSM5664357_CTGTGAAGTCGCCACA-1,0,gemcitabine
GSM5664357_CTGTGAAGTCTCACAA-1,0,gemcitabine
GSM5664357_CTGTGGGAGAGCATAT-1,0,gemcitabine
GSM5664357_CTGTGGGAGGACACTG-1,0,gemcitabine
GSM5664357_CTGTGGGAGGGATGTC-1,0,gemcitabine
GSM5664357_CTGTGGGCAAGATCCT-1,0,gemcitabine
GSM5664357_CTGTGGGCAGCCATTA-1,0,gemcitabine
GSM5664357_CTGTGGGGTTGGACCC-1,0,gemcitabine
GSM5664357_CTGTGGGTCCACACAA-1,0,gemcitabine
GSM5664357_CTGTGGGTCCGGACGT-1,0,gemcitabine
GSM5664357_CTGTGGGTCGACACCG-1,0,gemcitabine
GSM5664357_CTGTGGGTCTCATGGA-1,0,gemcitabine
GSM5664357_CTGTGGGTCTTACCGC-1,0,gemcitabine
GSM5664357_CTTACCGAGATCCCAT-1,0,gemcitabine
GSM5664357_CTTACCGCAAATGGAT-1,0,gemcitabine
GSM5664357_CTTACCGCAGCGTGCT-1,0,gemcitabine
GSM5664357_CTTACCGGTACACGCC-1,0,gemcitabine
GSM5664357_CTTACCGTCAGACAAA-1,0,gemcitabine
GSM5664357_CTTAGGACATTGTAGC-1,0,gemcitabine
GSM5664357_CTTAGGAGTCCCAAAT-1,0,gemcitabine
GSM5664357_CTTCAATCACGCAGTC-1,0,gemcitabine
GSM5664357_CTTCAATCAGTCTTCC-1,0,gemcitabine
GSM5664357_CTTCAATTCGCTGACG-1,0,gemcitabine
GSM5664357_CTTCAATTCTCGAACA-1,0,gemcitabine
GSM5664357_CTTCCGAAGATGTTGA-1,0,gemcitabine
GSM5664357_CTTCCGAAGCTCTGTA-1,0,gemcitabine
GSM5664357_CTTCCGACAAGGTTGG-1,0,gemcitabine
GSM5664357_CTTCCGACATTGACAC-1,0,gemcitabine
GSM5664357_CTTCCGAGTCAACACT-1,0,gemcitabine
GSM5664357_CTTCCGAGTCACTTAG-1,0,gemcitabine
GSM5664357_CTTCCGAGTGGACTGA-1,0,gemcitabine
GSM5664357_CTTCCGATCCACGGAC-1,0,gemcitabine
GSM5664357_CTTCCGATCCTATTGT-1,0,gemcitabine
GSM5664357_CTTCCGATCGTTCTCG-1,0,gemcitabine
GSM5664357_CTTCCTTAGGCACTCC-1,0,gemcitabine
GSM5664357_CTTCCTTAGTATGACA-1,0,gemcitabine
GSM5664357_CTTCCTTCACCTCAGG-1,0,gemcitabine
GSM5664357_CTTCCTTGTAACGGTG-1,0,gemcitabine
GSM5664357_CTTCCTTGTATGTCCA-1,0,gemcitabine
GSM5664357_CTTCCTTGTTAGCGGA-1,0,gemcitabine
GSM5664357_CTTCCTTTCCACGGAC-1,0,gemcitabine
GSM5664357_CTTCCTTTCCTACCGT-1,0,gemcitabine
GSM5664357_CTTCCTTTCGACCCAG-1,0,gemcitabine
GSM5664357_CTTCGGTAGCGCTGCT-1,0,gemcitabine
GSM5664357_CTTCGGTAGGCCTAAG-1,0,gemcitabine
GSM5664357_CTTCGGTGTCACCCTT-1,0,gemcitabine
GSM5664357_CTTCTAAAGACTCATC-1,0,gemcitabine
GSM5664357_CTTCTAAAGGGTTAGC-1,0,gemcitabine
GSM5664357_CTTCTAACATCTAACG-1,0,gemcitabine
GSM5664357_CTTCTAACATCTCCCA-1,0,gemcitabine
GSM5664357_CTTCTAAGTTCGAGCC-1,0,gemcitabine
GSM5664357_CTTCTCTAGAATTTGG-1,0,gemcitabine
GSM5664357_CTTCTCTAGAGTCTTC-1,0,gemcitabine
GSM5664357_CTTCTCTAGTGCTACT-1,0,gemcitabine
GSM5664357_CTTCTCTCAACTGATC-1,0,gemcitabine
GSM5664357_CTTCTCTCAAGCTGCC-1,0,gemcitabine
GSM5664357_CTTCTCTCAGGGATAC-1,0,gemcitabine
GSM5664357_CTTCTCTCATGGACAG-1,0,gemcitabine
GSM5664357_CTTCTCTCATGGCTGC-1,0,gemcitabine
GSM5664357_CTTCTCTGTCCGTACG-1,0,gemcitabine
GSM5664357_CTTCTCTGTGATAGAT-1,0,gemcitabine
GSM5664357_CTTCTCTGTGCCGGTT-1,0,gemcitabine
GSM5664357_CTTCTCTGTTATCCAG-1,0,gemcitabine
GSM5664357_CTTGAGAAGCAATTAG-1,0,gemcitabine
GSM5664357_CTTGAGAAGCCAGACA-1,0,gemcitabine
GSM5664357_CTTGAGAAGGAAAGAC-1,0,gemcitabine
GSM5664357_CTTGAGAAGGTGCTAG-1,0,gemcitabine
GSM5664357_CTTGAGACAATACCTG-1,0,gemcitabine
GSM5664357_CTTGAGAGTACGTGAG-1,0,gemcitabine
GSM5664357_CTTGAGAGTACTCGCG-1,0,gemcitabine
GSM5664357_CTTGAGAGTGGTCTCG-1,0,gemcitabine
GSM5664357_CTTGAGATCACAATGC-1,0,gemcitabine
GSM5664357_CTTGAGATCCAAATGC-1,0,gemcitabine
GSM5664357_CTTGATTAGAAGGTAG-1,0,gemcitabine
GSM5664357_CTTGATTAGAGGTGCT-1,0,gemcitabine
GSM5664357_CTTGATTCATAAGCAA-1,0,gemcitabine
GSM5664357_CTTGATTCATTGCAAC-1,0,gemcitabine
GSM5664357_CTTGATTTCAATCTCT-1,0,gemcitabine
GSM5664357_CTTGATTTCCATCGTC-1,0,gemcitabine
GSM5664357_CTTGATTTCTATCGTT-1,0,gemcitabine
GSM5664357_CTTGATTTCTCTCAAT-1,0,gemcitabine
GSM5664357_CTTTCAAAGGGTACGT-1,0,gemcitabine
GSM5664357_CTTTCAAAGTACAACA-1,0,gemcitabine
GSM5664357_CTTTCAACAACTGCCG-1,0,gemcitabine
GSM5664357_CTTTCAAGTTCTAACG-1,0,gemcitabine
GSM5664357_CTTTCAATCAGGCGAA-1,0,gemcitabine
GSM5664357_CTTTCGGCACCAACAT-1,0,gemcitabine
GSM5664357_CTTTCGGCACGATTCA-1,0,gemcitabine
GSM5664357_CTTTCGGTCCGCAACG-1,0,gemcitabine
GSM5664357_GAAACCTAGGCTAAAT-1,0,gemcitabine
GSM5664357_GAAACCTAGTAGGTTA-1,0,gemcitabine
GSM5664357_GAAACCTCAATTGAAG-1,0,gemcitabine
GSM5664357_GAAACCTCAGTGACCC-1,0,gemcitabine
GSM5664357_GAAACCTCATCAGTGT-1,0,gemcitabine
GSM5664357_GAAACCTGTCGTGCCA-1,0,gemcitabine
GSM5664357_GAAACCTGTGTGAATA-1,0,gemcitabine
GSM5664357_GAAACCTTCGCTGTTC-1,0,gemcitabine
GSM5664357_GAAATGAAGGAGGGTG-1,0,gemcitabine
GSM5664357_GAAATGAGTGCTGATT-1,0,gemcitabine
GSM5664357_GAACACTCAAGGTCAG-1,0,gemcitabine
GSM5664357_GAACACTCACGGTGCT-1,0,gemcitabine
GSM5664357_GAACACTCATACAGGG-1,0,gemcitabine
GSM5664357_GAACACTTCAGGTAAA-1,0,gemcitabine
GSM5664357_GAACACTTCCTAACAG-1,0,gemcitabine
GSM5664357_GAACACTTCTGTGCGG-1,0,gemcitabine
GSM5664357_GAACGTTAGGCTCTAT-1,0,gemcitabine
GSM5664357_GAACGTTCAGTTAGAA-1,0,gemcitabine
GSM5664357_GAACGTTGTACAGGTG-1,0,gemcitabine
GSM5664357_GAACGTTTCAGACATC-1,0,gemcitabine
GSM5664357_GAACGTTTCGCTGCGA-1,0,gemcitabine
GSM5664357_GAACTGTCAAGCAGGT-1,0,gemcitabine
GSM5664357_GAACTGTCAATTGTGC-1,0,gemcitabine
GSM5664357_GAACTGTTCTAGGCCG-1,0,gemcitabine
GSM5664357_GAAGAATAGCAAGTGC-1,0,gemcitabine
GSM5664357_GAAGAATAGGTACTGG-1,0,gemcitabine
GSM5664357_GAAGAATCAAACGTGG-1,0,gemcitabine
GSM5664357_GAAGAATCAATCTAGC-1,0,gemcitabine
GSM5664357_GAAGAATCAGAAGTTA-1,0,gemcitabine
GSM5664357_GAAGAATGTCCCGGTA-1,0,gemcitabine
GSM5664357_GAAGAATTCATCGCCT-1,0,gemcitabine
GSM5664357_GAAGCCCAGTAAACAC-1,0,gemcitabine
GSM5664357_GAAGCCCAGTTGCGCC-1,0,gemcitabine
GSM5664357_GAAGCCCTCTACGGTA-1,0,gemcitabine
GSM5664357_GAAGCGACAGAAACCG-1,0,gemcitabine
GSM5664357_GAAGCGACAGCGTTTA-1,0,gemcitabine
GSM5664357_GAAGCGACATGACTTG-1,0,gemcitabine
GSM5664357_GAAGCGAGTCACAGAG-1,0,gemcitabine
GSM5664357_GAAGGACCAACAGCTT-1,0,gemcitabine
GSM5664357_GAAGGACCATGATCTG-1,0,gemcitabine
GSM5664357_GAAGGACGTACGGATG-1,0,gemcitabine
GSM5664357_GAAGGACGTATAGCTC-1,0,gemcitabine
GSM5664357_GAAGGACTCACGGGAA-1,0,gemcitabine
GSM5664357_GAAGGACTCCAAGCCG-1,0,gemcitabine
GSM5664357_GAAGTAAAGCCTCAGC-1,0,gemcitabine
GSM5664357_GAAGTAAAGTGCTAGG-1,0,gemcitabine
GSM5664357_GAAGTAACACACACTA-1,0,gemcitabine
GSM5664357_GAAGTAACACGCTGAC-1,0,gemcitabine
GSM5664357_GAAGTAACATCGTTCC-1,0,gemcitabine
GSM5664357_GAAGTAACATTCAGGT-1,0,gemcitabine
GSM5664357_GAAGTAAGTTATCTGG-1,0,gemcitabine
GSM5664357_GAAGTAATCTTACCAT-1,0,gemcitabine
GSM5664357_GAATAGAAGCAACAGC-1,0,gemcitabine
GSM5664357_GAATAGAAGCTGTCCG-1,0,gemcitabine
GSM5664357_GAATAGAAGTCACTGT-1,0,gemcitabine
GSM5664357_GAATAGACACCCTTGT-1,0,gemcitabine
GSM5664357_GAATAGACACCGGCTA-1,0,gemcitabine
GSM5664357_GAATAGACAGCAGACA-1,0,gemcitabine
GSM5664357_GAATAGACAGTAACGG-1,0,gemcitabine
GSM5664357_GAATCACAGCTGGTGA-1,0,gemcitabine
GSM5664357_GAATCACAGGCGCTTC-1,0,gemcitabine
GSM5664357_GAATCACCAAAGGAGA-1,0,gemcitabine
GSM5664357_GAATCACCAAGCGATG-1,0,gemcitabine
GSM5664357_GAATCACCACCAGCTG-1,0,gemcitabine
GSM5664357_GAATCACGTAATACCC-1,0,gemcitabine
GSM5664357_GAATCACGTGAGCTCC-1,0,gemcitabine
GSM5664357_GAATCACTCAGGGATG-1,0,gemcitabine
GSM5664357_GAATCACTCCACGTAA-1,0,gemcitabine
GSM5664357_GAATCACTCTAGGAAA-1,0,gemcitabine
GSM5664357_GAATCGTAGCGTGCCT-1,0,gemcitabine
GSM5664357_GAATCGTCACTGAGTT-1,0,gemcitabine
GSM5664357_GAATCGTCATGGCTAT-1,0,gemcitabine
GSM5664357_GAATCGTGTACGATTC-1,0,gemcitabine
GSM5664357_GAATCGTTCGCAATGT-1,0,gemcitabine
GSM5664357_GACACGCAGAAACACT-1,0,gemcitabine
GSM5664357_GACACGCAGGTAATCA-1,0,gemcitabine
GSM5664357_GACACGCAGTCACGAG-1,0,gemcitabine
GSM5664357_GACACGCCAAGTATAG-1,0,gemcitabine
GSM5664357_GACACGCCACGCTGCA-1,0,gemcitabine
GSM5664357_GACACGCGTTATAGAG-1,0,gemcitabine
GSM5664357_GACACGCTCACAACCA-1,0,gemcitabine
GSM5664357_GACACGCTCATCTGTT-1,0,gemcitabine
GSM5664357_GACACGCTCTTAGCTT-1,0,gemcitabine
GSM5664357_GACAGCCAGTATTCCG-1,0,gemcitabine
GSM5664357_GACATCAAGAATGTTG-1,0,gemcitabine
GSM5664357_GACCAATAGAAATTCG-1,0,gemcitabine
GSM5664357_GACCAATAGATGTTGA-1,0,gemcitabine
GSM5664357_GACCAATAGCAGGGAG-1,0,gemcitabine
GSM5664357_GACCAATCAATCTAGC-1,0,gemcitabine
GSM5664357_GACCAATGTAGTCTGT-1,0,gemcitabine
GSM5664357_GACCAATTCAAGATAG-1,0,gemcitabine
GSM5664357_GACCAATTCATTCCTA-1,0,gemcitabine
GSM5664357_GACCAATTCCTATGGA-1,0,gemcitabine
GSM5664357_GACCCAGAGCGCTGCT-1,0,gemcitabine
GSM5664357_GACCCAGAGGCGCTCT-1,0,gemcitabine
GSM5664357_GACCCAGCAACGGCTC-1,0,gemcitabine
GSM5664357_GACCCAGCAACTCGAT-1,0,gemcitabine
GSM5664357_GACCCAGCACCTGCGA-1,0,gemcitabine
GSM5664357_GACCCAGGTACCGTCG-1,0,gemcitabine
GSM5664357_GACCCAGGTGTAGCAG-1,0,gemcitabine
GSM5664357_GACCCAGTCGCATTAG-1,0,gemcitabine
GSM5664357_GACCCTTAGATTCGAA-1,0,gemcitabine
GSM5664357_GACCCTTAGATTGGGC-1,0,gemcitabine
GSM5664357_GACCCTTAGCTGGCCT-1,0,gemcitabine
GSM5664357_GACCCTTCAAACGAGC-1,0,gemcitabine
GSM5664357_GACCCTTCAACAGAGC-1,0,gemcitabine
GSM5664357_GACCCTTCACATACGT-1,0,gemcitabine
GSM5664357_GACCCTTGTGACCTGC-1,0,gemcitabine
GSM5664357_GACCCTTGTTGCTTGA-1,0,gemcitabine
GSM5664357_GACCGTGAGTGAGTGC-1,0,gemcitabine
GSM5664357_GACCGTGCACTGTCCT-1,0,gemcitabine
GSM5664357_GACCGTGCATAGAAAC-1,0,gemcitabine
GSM5664357_GACCGTGCATATTCGG-1,0,gemcitabine
GSM5664357_GACCGTGCATTCACAG-1,0,gemcitabine
GSM5664357_GACCGTGGTATTTCCT-1,0,gemcitabine
GSM5664357_GACCGTGTCTATCGGA-1,0,gemcitabine
GSM5664357_GACCGTGTCTTTCGAT-1,0,gemcitabine
GSM5664357_GACCTTCAGCATCAGG-1,0,gemcitabine
GSM5664357_GACCTTCCAAATGGTA-1,0,gemcitabine
GSM5664357_GACCTTCCACTACAGT-1,0,gemcitabine
GSM5664357_GACCTTCGTGAATATG-1,0,gemcitabine
GSM5664357_GACCTTCGTGTCCACG-1,0,gemcitabine
GSM5664357_GACCTTCTCCGACAGC-1,0,gemcitabine
GSM5664357_GACCTTCTCTTCTGTA-1,0,gemcitabine
GSM5664357_GACGCTGCAAGCCCAC-1,0,gemcitabine
GSM5664357_GACGCTGCACTAGGCC-1,0,gemcitabine
GSM5664357_GACGCTGGTTGCTCCT-1,0,gemcitabine
GSM5664357_GACGCTGTCGAGATGG-1,0,gemcitabine
GSM5664357_GACGTTAAGACTACCT-1,0,gemcitabine
GSM5664357_GACGTTAAGTACAGAT-1,0,gemcitabine
GSM5664357_GACGTTAAGTCATACC-1,0,gemcitabine
GSM5664357_GACGTTAAGTTGTACC-1,0,gemcitabine
GSM5664357_GACGTTACAGCTCCTT-1,0,gemcitabine
GSM5664357_GACGTTAGTGACCTGC-1,0,gemcitabine
GSM5664357_GACGTTATCACCCTCA-1,0,gemcitabine
GSM5664357_GACGTTATCTCGCGTT-1,0,gemcitabine
GSM5664357_GACTATGAGAGCTGAC-1,0,gemcitabine
GSM5664357_GACTATGCAGCGACCT-1,0,gemcitabine
GSM5664357_GACTATGGTCCTTGTC-1,0,gemcitabine
GSM5664357_GACTATGGTTCCCAAA-1,0,gemcitabine
GSM5664357_GACTCAAAGTCAATCC-1,0,gemcitabine
GSM5664357_GACTCAACAACTCGAT-1,0,gemcitabine
GSM5664357_GACTCAACACTCCGGA-1,0,gemcitabine
GSM5664357_GACTCAACATAGCTGT-1,0,gemcitabine
GSM5664357_GACTCAACATCATTGG-1,0,gemcitabine
GSM5664357_GACTCAACATCTCGTC-1,0,gemcitabine
GSM5664357_GACTCAAGTATCCTCC-1,0,gemcitabine
GSM5664357_GACTCAAGTTTCGTAG-1,0,gemcitabine
GSM5664357_GACTCAATCCTGGGTG-1,0,gemcitabine
GSM5664357_GACTCAATCTGCTCTG-1,0,gemcitabine
GSM5664357_GACTCTCAGCGGGTAT-1,0,gemcitabine
GSM5664357_GACTCTCAGCTTAAGA-1,0,gemcitabine
GSM5664357_GACTCTCTCATATGGC-1,0,gemcitabine
GSM5664357_GACTGATAGACTCAAA-1,0,gemcitabine
GSM5664357_GACTGATCATCCAACA-1,0,gemcitabine
GSM5664357_GACTGATGTATTCCGA-1,0,gemcitabine
GSM5664357_GACTGATTCAATCTCT-1,0,gemcitabine
GSM5664357_GACTTCCAGAAGAACG-1,0,gemcitabine
GSM5664357_GACTTCCAGCCTCTCT-1,0,gemcitabine
GSM5664357_GACTTCCAGGAATTAC-1,0,gemcitabine
GSM5664357_GACTTCCAGGGTATAT-1,0,gemcitabine
GSM5664357_GACTTCCGTACGATGG-1,0,gemcitabine
GSM5664357_GACTTCCTCATTCCTA-1,0,gemcitabine
GSM5664357_GAGAAATAGCTAATCC-1,0,gemcitabine
GSM5664357_GAGAAATAGCTTTGTG-1,0,gemcitabine
GSM5664357_GAGAAATCAAGGGCAT-1,0,gemcitabine
GSM5664357_GAGAAATGTTAGGCTT-1,0,gemcitabine
GSM5664357_GAGAAATTCGCGGACT-1,0,gemcitabine
GSM5664357_GAGACCCAGACTCCGC-1,0,gemcitabine
GSM5664357_GAGACCCAGTAAAGCT-1,0,gemcitabine
GSM5664357_GAGACCCAGTTAACGA-1,0,gemcitabine
GSM5664357_GAGACCCCAACCAACT-1,0,gemcitabine
GSM5664357_GAGACCCCAAGAATAC-1,0,gemcitabine
GSM5664357_GAGACCCGTTGGATCT-1,0,gemcitabine
GSM5664357_GAGACCCGTTTCTATC-1,0,gemcitabine
GSM5664357_GAGACCCTCAAGCCAT-1,0,gemcitabine
GSM5664357_GAGACCCTCCACTGAA-1,0,gemcitabine
GSM5664357_GAGACCCTCCGTAATG-1,0,gemcitabine
GSM5664357_GAGACCCTCTACCTTA-1,0,gemcitabine
GSM5664357_GAGACCCTCTCCCAAC-1,0,gemcitabine
GSM5664357_GAGACTTAGCTGTTAC-1,0,gemcitabine
GSM5664357_GAGACTTAGTATTCCG-1,0,gemcitabine
GSM5664357_GAGACTTCATGATAGA-1,0,gemcitabine
GSM5664357_GAGACTTGTGGCAGAT-1,0,gemcitabine
GSM5664357_GAGACTTTCAAAGGAT-1,0,gemcitabine
GSM5664357_GAGACTTTCACCTACC-1,0,gemcitabine
GSM5664357_GAGACTTTCGTAGGAG-1,0,gemcitabine
GSM5664357_GAGAGGTAGAATCGCG-1,0,gemcitabine
GSM5664357_GAGAGGTAGTCGAAGC-1,0,gemcitabine
GSM5664357_GAGAGGTCAACGGCCT-1,0,gemcitabine
GSM5664357_GAGAGGTCAGCTTTCC-1,0,gemcitabine
GSM5664357_GAGAGGTCATAAGATG-1,0,gemcitabine
GSM5664357_GAGATGGAGTTACGTC-1,0,gemcitabine
GSM5664357_GAGATGGCAATTTCTC-1,0,gemcitabine
GSM5664357_GAGATGGGTGAGATCG-1,0,gemcitabine
GSM5664357_GAGATGGGTTTGGCTA-1,0,gemcitabine
GSM5664357_GAGATGGTCATTTGGG-1,0,gemcitabine
GSM5664357_GAGATGGTCCGTGTAA-1,0,gemcitabine
GSM5664357_GAGATGGTCTCACGAA-1,0,gemcitabine
GSM5664357_GAGCCTGAGACGATAT-1,0,gemcitabine
GSM5664357_GAGCCTGCAAGGGCAT-1,0,gemcitabine
GSM5664357_GAGCCTGCACCTAAAC-1,0,gemcitabine
GSM5664357_GAGCCTGCAGCGCGTT-1,0,gemcitabine
GSM5664357_GAGCCTGGTCGCATTA-1,0,gemcitabine
GSM5664357_GAGCCTGGTCTTCCGT-1,0,gemcitabine
GSM5664357_GAGCCTGTCTACGCAA-1,0,gemcitabine
GSM5664357_GAGCTGCAGATAGGGA-1,0,gemcitabine
GSM5664357_GAGCTGCAGCAATAGT-1,0,gemcitabine
GSM5664357_GAGCTGCAGCCGGAAT-1,0,gemcitabine
GSM5664357_GAGCTGCAGGAAAGGT-1,0,gemcitabine
GSM5664357_GAGCTGCAGTACCCTA-1,0,gemcitabine
GSM5664357_GAGCTGCCAATCTAGC-1,0,gemcitabine
GSM5664357_GAGCTGCCACATCCCT-1,0,gemcitabine
GSM5664357_GAGCTGCCACCCTGTT-1,0,gemcitabine
GSM5664357_GAGCTGCTCCGTGTAA-1,0,gemcitabine
GSM5664357_GAGCTGCTCGTTAGTG-1,0,gemcitabine
GSM5664357_GAGCTGCTCTACGGGC-1,0,gemcitabine
GSM5664357_GAGGCAAAGCCACCGT-1,0,gemcitabine
GSM5664357_GAGGCAAAGCGCTGCT-1,0,gemcitabine
GSM5664357_GAGGCAACAACCACAT-1,0,gemcitabine
GSM5664357_GAGGCAACACGCGTGT-1,0,gemcitabine
GSM5664357_GAGGCAACAGGTTCAT-1,0,gemcitabine
GSM5664357_GAGGCAACATAACAGA-1,0,gemcitabine
GSM5664357_GAGGCAACATATCTGG-1,0,gemcitabine
GSM5664357_GAGGCAATCAGCTCTC-1,0,gemcitabine
GSM5664357_GAGGCAATCGAGCCAC-1,0,gemcitabine
GSM5664357_GAGGCAATCGCTCCTA-1,0,gemcitabine
GSM5664357_GAGGCCTAGGTGGTTG-1,0,gemcitabine
GSM5664357_GAGGCCTCACCAGTAT-1,0,gemcitabine
GSM5664357_GAGGCCTGTTAGGCTT-1,0,gemcitabine
GSM5664357_GAGGCCTTCGTAACAC-1,0,gemcitabine
GSM5664357_GAGGCCTTCTTGCAGA-1,0,gemcitabine
GSM5664357_GAGGGATCACAATGCT-1,0,gemcitabine
GSM5664357_GAGGGATCAGGCTCTG-1,0,gemcitabine
GSM5664357_GAGGGATCATACTGTG-1,0,gemcitabine
GSM5664357_GAGGGATGTCCCTCAT-1,0,gemcitabine
GSM5664357_GAGGGATGTTGTCATG-1,0,gemcitabine
GSM5664357_GAGGGATTCGCGCTGA-1,0,gemcitabine
GSM5664357_GAGGGATTCTCCACTG-1,0,gemcitabine
GSM5664357_GAGGGATTCTTGGTCC-1,0,gemcitabine
GSM5664357_GAGGGTACAAGCACCC-1,0,gemcitabine
GSM5664357_GAGGGTACAATACCTG-1,0,gemcitabine
GSM5664357_GAGGGTAGTCGTATTG-1,0,gemcitabine
GSM5664357_GAGGGTATCCCGTGAG-1,0,gemcitabine
GSM5664357_GAGGGTATCGTAATGC-1,0,gemcitabine
GSM5664357_GAGGGTATCTCTGACC-1,0,gemcitabine
GSM5664357_GAGGGTATCTGGGAGA-1,0,gemcitabine
GSM5664357_GAGGGTATCTTAGCTT-1,0,gemcitabine
GSM5664357_GAGTCATAGCAACTTC-1,0,gemcitabine
GSM5664357_GAGTCATAGGCACCAA-1,0,gemcitabine
GSM5664357_GAGTCATCAACAGATA-1,0,gemcitabine
GSM5664357_GAGTCATCAGAGATTA-1,0,gemcitabine
GSM5664357_GAGTCATGTCAAAGCG-1,0,gemcitabine
GSM5664357_GAGTCATTCACGATAC-1,0,gemcitabine
GSM5664357_GAGTCATTCCCATTCG-1,0,gemcitabine
GSM5664357_GAGTCATTCGGAGCAA-1,0,gemcitabine
GSM5664357_GAGTCATTCTGCTTAT-1,0,gemcitabine
GSM5664357_GAGTCTAAGGTGAGCT-1,0,gemcitabine
GSM5664357_GAGTCTACACGGTCTG-1,0,gemcitabine
GSM5664357_GAGTCTAGTCACGCTG-1,0,gemcitabine
GSM5664357_GAGTCTATCGTAGCCG-1,0,gemcitabine
GSM5664357_GAGTGAGGTATCAGGG-1,0,gemcitabine
GSM5664357_GAGTGAGTCCCTGTTG-1,0,gemcitabine
GSM5664357_GAGTGAGTCGAACTCA-1,0,gemcitabine
GSM5664357_GAGTGAGTCGCACGAC-1,0,gemcitabine
GSM5664357_GAGTGTTCAACAACAA-1,0,gemcitabine
GSM5664357_GAGTGTTCACTACTTT-1,0,gemcitabine
GSM5664357_GAGTTACAGCCGATAG-1,0,gemcitabine
GSM5664357_GAGTTACAGTCCCTAA-1,0,gemcitabine
GSM5664357_GAGTTACCACCGCTAG-1,0,gemcitabine
GSM5664357_GAGTTACCAGGATTCT-1,0,gemcitabine
GSM5664357_GAGTTACCATATCGGT-1,0,gemcitabine
GSM5664357_GAGTTACGTACGATTC-1,0,gemcitabine
GSM5664357_GAGTTACGTATAGCTC-1,0,gemcitabine
GSM5664357_GAGTTACTCAAGCCGC-1,0,gemcitabine
GSM5664357_GAGTTACTCCACACCT-1,0,gemcitabine
GSM5664357_GAGTTACTCCCATAAG-1,0,gemcitabine
GSM5664357_GAGTTGTCATGTTTGG-1,0,gemcitabine
GSM5664357_GAGTTGTGTACTGTTG-1,0,gemcitabine
GSM5664357_GAGTTGTGTCCACTCT-1,0,gemcitabine
GSM5664357_GAGTTGTGTTGTGCAT-1,0,gemcitabine
GSM5664357_GAGTTGTTCATCGTAG-1,0,gemcitabine
GSM5664357_GAGTTGTTCATTCCTA-1,0,gemcitabine
GSM5664357_GAGTTTGAGAGCCTGA-1,0,gemcitabine
GSM5664357_GAGTTTGCACTTTATC-1,0,gemcitabine
GSM5664357_GAGTTTGTCATCTACT-1,0,gemcitabine
GSM5664357_GATAGAATCCAGTGTA-1,0,gemcitabine
GSM5664357_GATAGAATCGCCTAGG-1,0,gemcitabine
GSM5664357_GATAGAATCTGGCCGA-1,0,gemcitabine
GSM5664357_GATAGCTAGAGCCTGA-1,0,gemcitabine
GSM5664357_GATAGCTAGCTCCCTT-1,0,gemcitabine
GSM5664357_GATAGCTAGGCCACCT-1,0,gemcitabine
GSM5664357_GATAGCTTCAAGGACG-1,0,gemcitabine
GSM5664357_GATCACAAGCACGTCC-1,0,gemcitabine
GSM5664357_GATCACAAGGCCGCTT-1,0,gemcitabine
GSM5664357_GATCACAGTTTGACAC-1,0,gemcitabine
GSM5664357_GATCACATCTCCAATT-1,0,gemcitabine
GSM5664357_GATCAGTAGAAGTGTT-1,0,gemcitabine
GSM5664357_GATCAGTCAGTGGTGA-1,0,gemcitabine
GSM5664357_GATCAGTGTCCCTAAA-1,0,gemcitabine
GSM5664357_GATCAGTGTCGGAACA-1,0,gemcitabine
GSM5664357_GATCAGTTCATCTACT-1,0,gemcitabine
GSM5664357_GATCAGTTCGACTCCT-1,0,gemcitabine
GSM5664357_GATCATGAGAAGCTCG-1,0,gemcitabine
GSM5664357_GATCATGCACATTCTT-1,0,gemcitabine
GSM5664357_GATCATGCACCGCTAG-1,0,gemcitabine
GSM5664357_GATCATGGTAGAGATT-1,0,gemcitabine
GSM5664357_GATCATGGTGAGTAAT-1,0,gemcitabine
GSM5664357_GATCATGGTTGTCCCT-1,0,gemcitabine
GSM5664357_GATCATGTCGCAATTG-1,0,gemcitabine
GSM5664357_GATCCCTAGCCAGAGT-1,0,gemcitabine
GSM5664357_GATCCCTAGGCACGAT-1,0,gemcitabine
GSM5664357_GATCCCTGTCAAAGTA-1,0,gemcitabine
GSM5664357_GATCCCTTCAGTGTCA-1,0,gemcitabine
GSM5664357_GATCCCTTCCCTCTTT-1,0,gemcitabine
GSM5664357_GATCGTAGTAGGCTCC-1,0,gemcitabine
GSM5664357_GATCGTATCCTACGAA-1,0,gemcitabine
GSM5664357_GATCGTATCTCGCGTT-1,0,gemcitabine
GSM5664357_GATGACTAGAGCAAGA-1,0,gemcitabine
GSM5664357_GATGACTAGCCTGTGC-1,0,gemcitabine
GSM5664357_GATGACTCACGATTCA-1,0,gemcitabine
GSM5664357_GATGACTGTATCGCTA-1,0,gemcitabine
GSM5664357_GATGACTGTCGCGGTT-1,0,gemcitabine
GSM5664357_GATGACTGTGGACCTC-1,0,gemcitabine
GSM5664357_GATGACTTCATGGTAC-1,0,gemcitabine
GSM5664357_GATGACTTCGTCGACG-1,0,gemcitabine
GSM5664357_GATGAGGAGACATAAC-1,0,gemcitabine
GSM5664357_GATGAGGCATAACGGG-1,0,gemcitabine
GSM5664357_GATGAGGCATCCGCGA-1,0,gemcitabine
GSM5664357_GATGATCAGACCCTTA-1,0,gemcitabine
GSM5664357_GATGATCAGGTCGTCC-1,0,gemcitabine
GSM5664357_GATGATCAGTATTCCG-1,0,gemcitabine
GSM5664357_GATGATCAGTGATGGC-1,0,gemcitabine
GSM5664357_GATGATCCAAATCCCA-1,0,gemcitabine
GSM5664357_GATGATCGTAGTTACC-1,0,gemcitabine
GSM5664357_GATGATCTCGCTCTAC-1,0,gemcitabine
GSM5664357_GATGCTACATGTCTAG-1,0,gemcitabine
GSM5664357_GATGCTATCGTTCAGA-1,0,gemcitabine
GSM5664357_GATGGAGGTCAAGCCC-1,0,gemcitabine
GSM5664357_GATGGAGTCGGTCTAA-1,0,gemcitabine
GSM5664357_GATGTTGAGGGCATGT-1,0,gemcitabine
GSM5664357_GATGTTGCACAACGAG-1,0,gemcitabine
GSM5664357_GATGTTGCACTAACCA-1,0,gemcitabine
GSM5664357_GATGTTGGTGGCGCTT-1,0,gemcitabine
GSM5664357_GATGTTGTCAGGACGA-1,0,gemcitabine
GSM5664357_GATGTTGTCAGGTAAA-1,0,gemcitabine
GSM5664357_GATGTTGTCGAACTCA-1,0,gemcitabine
GSM5664357_GATTCGAAGCGTTCCG-1,0,gemcitabine
GSM5664357_GATTCGAAGTATTCCG-1,0,gemcitabine
GSM5664357_GATTCGAGTAGCTGTT-1,0,gemcitabine
GSM5664357_GATTCGATCCTATTGT-1,0,gemcitabine
GSM5664357_GATTCGATCCTCATAT-1,0,gemcitabine
GSM5664357_GATTCGATCCTGTTGC-1,0,gemcitabine
GSM5664357_GATTCTTAGCGAATGC-1,0,gemcitabine
GSM5664357_GATTCTTCAAGTCATC-1,0,gemcitabine
GSM5664357_GATTCTTGTCAAATCC-1,0,gemcitabine
GSM5664357_GATTCTTGTCTTGCTC-1,0,gemcitabine
GSM5664357_GATTCTTTCCGTGTCT-1,0,gemcitabine
GSM5664357_GATTGGTAGTTCAACC-1,0,gemcitabine
GSM5664357_GATTGGTAGTTCCAGT-1,0,gemcitabine
GSM5664357_GATTGGTCAAATGCGG-1,0,gemcitabine
GSM5664357_GATTGGTGTCGCAACC-1,0,gemcitabine
GSM5664357_GATTGGTGTGACCTGC-1,0,gemcitabine
GSM5664357_GATTGGTTCACACGAT-1,0,gemcitabine
GSM5664357_GATTTCTCAATGTTGC-1,0,gemcitabine
GSM5664357_GATTTCTCATCCGAGC-1,0,gemcitabine
GSM5664357_GCAACATCAGAGGTAC-1,0,gemcitabine
GSM5664357_GCAACATCAGTCAGCC-1,0,gemcitabine
GSM5664357_GCAACATTCCAGGACC-1,0,gemcitabine
GSM5664357_GCAACATTCGGAGTGA-1,0,gemcitabine
GSM5664357_GCAACATTCTAGTGAC-1,0,gemcitabine
GSM5664357_GCAACATTCTATACTC-1,0,gemcitabine
GSM5664357_GCAACCGAGCAAGTCG-1,0,gemcitabine
GSM5664357_GCAACCGAGCATCCCG-1,0,gemcitabine
GSM5664357_GCAACCGAGCATGAAT-1,0,gemcitabine
GSM5664357_GCAACCGAGGTAGTCG-1,0,gemcitabine
GSM5664357_GCAACCGCACTTTATC-1,0,gemcitabine
GSM5664357_GCAACCGGTCTGTCAA-1,0,gemcitabine
GSM5664357_GCACATACAATCGCGC-1,0,gemcitabine
GSM5664357_GCACATACAATTGTGC-1,0,gemcitabine
GSM5664357_GCACATAGTATACGGG-1,0,gemcitabine
GSM5664357_GCACATAGTCGCTTAA-1,0,gemcitabine
GSM5664357_GCACATAGTTCCCAAA-1,0,gemcitabine
GSM5664357_GCACATATCGAAATCC-1,0,gemcitabine
GSM5664357_GCACATATCGCAGTCG-1,0,gemcitabine
GSM5664357_GCACGGTAGCATGAAT-1,0,gemcitabine
GSM5664357_GCACGGTCATGGAACG-1,0,gemcitabine
GSM5664357_GCACGGTGTATCGTAC-1,0,gemcitabine
GSM5664357_GCACGGTGTGCAACAG-1,0,gemcitabine
GSM5664357_GCACGGTGTTCTCCTG-1,0,gemcitabine
GSM5664357_GCACGGTTCCGTGGGT-1,0,gemcitabine
GSM5664357_GCACGGTTCCTGGGAC-1,0,gemcitabine
GSM5664357_GCACGGTTCGACGCGT-1,0,gemcitabine
GSM5664357_GCACGGTTCTAGTGAC-1,0,gemcitabine
GSM5664357_GCACGTGGTCGCTTAA-1,0,gemcitabine
GSM5664357_GCACGTGGTCTGTCCT-1,0,gemcitabine
GSM5664357_GCACTAAAGCTGTTCA-1,0,gemcitabine
GSM5664357_GCACTAACACCTGAAT-1,0,gemcitabine
GSM5664357_GCACTAAGTAGATCCT-1,0,gemcitabine
GSM5664357_GCACTAAGTCGTTGCG-1,0,gemcitabine
GSM5664357_GCACTAAGTTTCGATG-1,0,gemcitabine
GSM5664357_GCACTAAGTTTGAAAG-1,0,gemcitabine
GSM5664357_GCACTAATCCTACTGC-1,0,gemcitabine
GSM5664357_GCACTAATCGAGCCTG-1,0,gemcitabine
GSM5664357_GCAGCCAAGTTGAAAC-1,0,gemcitabine
GSM5664357_GCAGCCACACAGCGCT-1,0,gemcitabine
GSM5664357_GCAGCCATCCTGGCTT-1,0,gemcitabine
GSM5664357_GCAGCCATCTTGAGCA-1,0,gemcitabine
GSM5664357_GCAGCTGAGGCCTAAG-1,0,gemcitabine
GSM5664357_GCAGCTGAGGGTACAC-1,0,gemcitabine
GSM5664357_GCAGCTGTCACTTGGA-1,0,gemcitabine
GSM5664357_GCAGCTGTCCCTGTTG-1,0,gemcitabine
GSM5664357_GCAGCTGTCCTCTGCA-1,0,gemcitabine
GSM5664357_GCAGGCTAGATCCAAA-1,0,gemcitabine
GSM5664357_GCAGGCTAGTGCCAGA-1,0,gemcitabine
GSM5664357_GCAGTTACAATTCACG-1,0,gemcitabine
GSM5664357_GCAGTTACAGCGTGCT-1,0,gemcitabine
GSM5664357_GCAGTTAGTCGCACGT-1,0,gemcitabine
GSM5664357_GCAGTTATCATAAGGA-1,0,gemcitabine
GSM5664357_GCAGTTATCGTGCGAC-1,0,gemcitabine
GSM5664357_GCAGTTATCTCTCTAA-1,0,gemcitabine
GSM5664357_GCATCGGAGAAACACT-1,0,gemcitabine
GSM5664357_GCATCGGAGTGCAGCA-1,0,gemcitabine
GSM5664357_GCATCGGCAATCTAGC-1,0,gemcitabine
GSM5664357_GCATCGGGTCGATTCA-1,0,gemcitabine
GSM5664357_GCATCTCAGAACCGCA-1,0,gemcitabine
GSM5664357_GCATCTCGTCGCGTCA-1,0,gemcitabine
GSM5664357_GCATCTCGTGAGTCAG-1,0,gemcitabine
GSM5664357_GCATCTCTCACTACTT-1,0,gemcitabine
GSM5664357_GCATCTCTCATGGTAC-1,0,gemcitabine
GSM5664357_GCATCTCTCGATTGGT-1,0,gemcitabine
GSM5664357_GCATGATGTGCAGTGA-1,0,gemcitabine
GSM5664357_GCATGATGTGTCTTGA-1,0,gemcitabine
GSM5664357_GCATGATGTTCAGCTA-1,0,gemcitabine
GSM5664357_GCATGATTCCAGTGTA-1,0,gemcitabine
GSM5664357_GCATGATTCTCAGTCC-1,0,gemcitabine
GSM5664357_GCATTAGCATGATAGA-1,0,gemcitabine
GSM5664357_GCATTAGGTGGTCCCA-1,0,gemcitabine
GSM5664357_GCATTAGTCTGGTGCG-1,0,gemcitabine
GSM5664357_GCATTAGTCTTACTGT-1,0,gemcitabine
GSM5664357_GCCAACGAGGGAGGAC-1,0,gemcitabine
GSM5664357_GCCAACGCACAGTATC-1,0,gemcitabine
GSM5664357_GCCAACGCATACGCAT-1,0,gemcitabine
GSM5664357_GCCAGCAAGGTATCTC-1,0,gemcitabine
GSM5664357_GCCAGCACAGCGCTTG-1,0,gemcitabine
GSM5664357_GCCAGCAGTAGTTAGA-1,0,gemcitabine
GSM5664357_GCCAGCAGTGTTATCG-1,0,gemcitabine
GSM5664357_GCCAGGTAGCCGAATG-1,0,gemcitabine
GSM5664357_GCCAGGTCACAGTCAT-1,0,gemcitabine
GSM5664357_GCCAGGTCACCCAAGC-1,0,gemcitabine
GSM5664357_GCCAGGTCATACAGGG-1,0,gemcitabine
GSM5664357_GCCAGGTGTCCAGGTC-1,0,gemcitabine
GSM5664357_GCCAGGTTCAGGGTAG-1,0,gemcitabine
GSM5664357_GCCAGGTTCGCTAGCG-1,0,gemcitabine
GSM5664357_GCCAGTGAGGGCAGTT-1,0,gemcitabine
GSM5664357_GCCAGTGGTATTTCCT-1,0,gemcitabine
GSM5664357_GCCAGTGTCATTACGG-1,0,gemcitabine
GSM5664357_GCCAGTGTCCGATTAG-1,0,gemcitabine
GSM5664357_GCCATGGAGCCGAATG-1,0,gemcitabine
GSM5664357_GCCATGGAGGAAGTCC-1,0,gemcitabine
GSM5664357_GCCATGGAGTGGAAAG-1,0,gemcitabine
GSM5664357_GCCATGGCAAATGGTA-1,0,gemcitabine
GSM5664357_GCCATGGGTTATTCTC-1,0,gemcitabine
GSM5664357_GCCATGGTCAACGCTA-1,0,gemcitabine
GSM5664357_GCCATGGTCTTGCAAG-1,0,gemcitabine
GSM5664357_GCCATGGTCTTGGTGA-1,0,gemcitabine
GSM5664357_GCCATTCAGTTGCGCC-1,0,gemcitabine
GSM5664357_GCCATTCCAATACGAA-1,0,gemcitabine
GSM5664357_GCCATTCCAGAATTCC-1,0,gemcitabine
GSM5664357_GCCATTCGTATCTCTT-1,0,gemcitabine
GSM5664357_GCCATTCGTTAATGAG-1,0,gemcitabine
GSM5664357_GCCCAGAAGACTCATC-1,0,gemcitabine
GSM5664357_GCCCAGAAGTAGTCCT-1,0,gemcitabine
GSM5664357_GCCCAGACATCAGTCA-1,0,gemcitabine
GSM5664357_GCCCAGACATCTCATT-1,0,gemcitabine
GSM5664357_GCCCAGAGTACTCCCT-1,0,gemcitabine
GSM5664357_GCCCAGATCGGAATGG-1,0,gemcitabine
GSM5664357_GCCCGAACACATTCTT-1,0,gemcitabine
GSM5664357_GCCCGAACAGGTAGTG-1,0,gemcitabine
GSM5664357_GCCGATGAGAGTATAC-1,0,gemcitabine
GSM5664357_GCCGATGAGCTCGACC-1,0,gemcitabine
GSM5664357_GCCGATGCAACCGCCA-1,0,gemcitabine
GSM5664357_GCCGATGCATGGCACC-1,0,gemcitabine
GSM5664357_GCCGATGCATGGGTTT-1,0,gemcitabine
GSM5664357_GCCGATGTCATTGCCC-1,0,gemcitabine
GSM5664357_GCCGTGAAGCGTTCAT-1,0,gemcitabine
GSM5664357_GCCGTGAGTATTCCGA-1,0,gemcitabine
GSM5664357_GCCGTGAGTTGCTCCT-1,0,gemcitabine
GSM5664357_GCCTGTTAGATCCAAA-1,0,gemcitabine
GSM5664357_GCCTGTTAGCAGCCCT-1,0,gemcitabine
GSM5664357_GCCTGTTAGCTCTATG-1,0,gemcitabine
GSM5664357_GCCTGTTAGTAATCCC-1,0,gemcitabine
GSM5664357_GCCTGTTAGTGAGGTC-1,0,gemcitabine
GSM5664357_GCCTGTTGTCGAGTTT-1,0,gemcitabine
GSM5664357_GCCTGTTGTGACTAAA-1,0,gemcitabine
GSM5664357_GCCTGTTTCAAGAGTA-1,0,gemcitabine
GSM5664357_GCCTGTTTCCATTGCC-1,0,gemcitabine
GSM5664357_GCCTGTTTCGTAGCCG-1,0,gemcitabine
GSM5664357_GCGAGAAAGACGCCAA-1,0,gemcitabine
GSM5664357_GCGAGAACAACCAGAG-1,0,gemcitabine
GSM5664357_GCGAGAACACGCTGCA-1,0,gemcitabine
GSM5664357_GCGAGAACAGCCTATA-1,0,gemcitabine
GSM5664357_GCGAGAACATACTGTG-1,0,gemcitabine
GSM5664357_GCGAGAAGTAGCACAG-1,0,gemcitabine
GSM5664357_GCGAGAAGTGCCTACG-1,0,gemcitabine
GSM5664357_GCGAGAAGTTATGACC-1,0,gemcitabine
GSM5664357_GCGAGAATCTCTTCAA-1,0,gemcitabine
GSM5664357_GCGAGAATCTGCACCT-1,0,gemcitabine
GSM5664357_GCGATCGAGTGACACG-1,0,gemcitabine
GSM5664357_GCGATCGCAAGTGCAG-1,0,gemcitabine
GSM5664357_GCGATCGTCAAAGAAC-1,0,gemcitabine
GSM5664357_GCGGAAAAGAGCCCAA-1,0,gemcitabine
GSM5664357_GCGGAAACACTAGGTT-1,0,gemcitabine
GSM5664357_GCGGAAACATGTCTAG-1,0,gemcitabine
GSM5664357_GCGGAAATCAAAGGAT-1,0,gemcitabine
GSM5664357_GCGGAAATCGGAGTAG-1,0,gemcitabine
GSM5664357_GCGGAAATCGGCCTTT-1,0,gemcitabine
GSM5664357_GCGGAAATCTCCCTAG-1,0,gemcitabine
GSM5664357_GCGGATCAGTTACGTC-1,0,gemcitabine
GSM5664357_GCGGATCTCCACATAG-1,0,gemcitabine
GSM5664357_GCGTGCAAGCGACATG-1,0,gemcitabine
GSM5664357_GCGTGCAAGCTAAACA-1,0,gemcitabine
GSM5664357_GCGTGCAAGGAAACGA-1,0,gemcitabine
GSM5664357_GCGTGCAAGTGATGGC-1,0,gemcitabine
GSM5664357_GCGTGCACATCGTTCC-1,0,gemcitabine
GSM5664357_GCGTGCAGTGTTAAAG-1,0,gemcitabine
GSM5664357_GCGTGCATCGCTTAAG-1,0,gemcitabine
GSM5664357_GCGTTTCAGTTCTCTT-1,0,gemcitabine
GSM5664357_GCGTTTCCAAGAATAC-1,0,gemcitabine
GSM5664357_GCGTTTCCAGGTTCCG-1,0,gemcitabine
GSM5664357_GCGTTTCCATCCTTCG-1,0,gemcitabine
GSM5664357_GCGTTTCGTTGCTCCT-1,0,gemcitabine
GSM5664357_GCGTTTCTCAAGCCAT-1,0,gemcitabine
GSM5664357_GCGTTTCTCACTACTT-1,0,gemcitabine
GSM5664357_GCGTTTCTCTTCCTAA-1,0,gemcitabine
GSM5664357_GCTACAACAATTTCTC-1,0,gemcitabine
GSM5664357_GCTACAAGTACGGCAA-1,0,gemcitabine
GSM5664357_GCTACAATCAAATGAG-1,0,gemcitabine
GSM5664357_GCTACCTAGATGGTAT-1,0,gemcitabine
GSM5664357_GCTACCTAGCCGTTGC-1,0,gemcitabine
GSM5664357_GCTACCTAGGCCTAAG-1,0,gemcitabine
GSM5664357_GCTACCTCAATGCTCA-1,0,gemcitabine
GSM5664357_GCTACCTCACTGCATA-1,0,gemcitabine
GSM5664357_GCTACCTCATCTGTTT-1,0,gemcitabine
GSM5664357_GCTACCTGTAGGAGTC-1,0,gemcitabine
GSM5664357_GCTACCTGTTCTATCT-1,0,gemcitabine
GSM5664357_GCTACCTTCATGAAAG-1,0,gemcitabine
GSM5664357_GCTCAAAAGAACAGGA-1,0,gemcitabine
GSM5664357_GCTCAAAAGTCATCGT-1,0,gemcitabine
GSM5664357_GCTCAAAAGTTTCAGC-1,0,gemcitabine
GSM5664357_GCTCAAACATAAGATG-1,0,gemcitabine
GSM5664357_GCTCAAAGTCACAGTT-1,0,gemcitabine
GSM5664357_GCTCAAATCGAGAGAC-1,0,gemcitabine
GSM5664357_GCTCAAATCTCAACGA-1,0,gemcitabine
GSM5664357_GCTGAATGTAGAAACT-1,0,gemcitabine
GSM5664357_GCTGAATGTCAAAGAT-1,0,gemcitabine
GSM5664357_GCTGAATGTGGCACTC-1,0,gemcitabine
GSM5664357_GCTGAATTCAAAGGAT-1,0,gemcitabine
GSM5664357_GCTGAATTCCGGCTTT-1,0,gemcitabine
GSM5664357_GCTGCAGAGAAACACT-1,0,gemcitabine
GSM5664357_GCTGCAGAGAGAACCC-1,0,gemcitabine
GSM5664357_GCTGCAGCAACCGTAT-1,0,gemcitabine
GSM5664357_GCTGCAGCATGAGAAT-1,0,gemcitabine
GSM5664357_GCTGCAGGTAGCTGTT-1,0,gemcitabine
GSM5664357_GCTGCAGTCCGTCAAA-1,0,gemcitabine
GSM5664357_GCTGCAGTCGAGCACC-1,0,gemcitabine
GSM5664357_GCTGCAGTCGTGGAAG-1,0,gemcitabine
GSM5664357_GCTGCAGTCTGATTCT-1,0,gemcitabine
GSM5664357_GCTGGGTAGACGCATG-1,0,gemcitabine
GSM5664357_GCTGGGTAGCATCTTG-1,0,gemcitabine
GSM5664357_GCTGGGTCAAGCGAGT-1,0,gemcitabine
GSM5664357_GCTGGGTCAGACTCTA-1,0,gemcitabine
GSM5664357_GCTGGGTGTTATGTGC-1,0,gemcitabine
GSM5664357_GCTGGGTTCAAGCTTG-1,0,gemcitabine
GSM5664357_GCTGGGTTCCTGCTAC-1,0,gemcitabine
GSM5664357_GCTGGGTTCGTTCGCT-1,0,gemcitabine
GSM5664357_GCTGGGTTCGTTCTGC-1,0,gemcitabine
GSM5664357_GCTGGGTTCTCGTTTA-1,0,gemcitabine
GSM5664357_GCTTCACAGCTAATCC-1,0,gemcitabine
GSM5664357_GCTTCACAGGGATGTC-1,0,gemcitabine
GSM5664357_GCTTCACCAAGCAATA-1,0,gemcitabine
GSM5664357_GCTTCACCACATAACC-1,0,gemcitabine
GSM5664357_GCTTCACTCATTACGG-1,0,gemcitabine
GSM5664357_GCTTCACTCGTTCCTG-1,0,gemcitabine
GSM5664357_GCTTGGGAGAGTCAGC-1,0,gemcitabine
GSM5664357_GCTTGGGCAACAGATA-1,0,gemcitabine
GSM5664357_GCTTGGGCACGGTGTC-1,0,gemcitabine
GSM5664357_GCTTGGGCAGCTCATA-1,0,gemcitabine
GSM5664357_GCTTGGGGTCTCAGGC-1,0,gemcitabine
GSM5664357_GCTTGGGGTTGGTACT-1,0,gemcitabine
GSM5664357_GCTTGGGTCATTGCTT-1,0,gemcitabine
GSM5664357_GCTTGGGTCCGTTGGG-1,0,gemcitabine
GSM5664357_GCTTGGGTCTTCTTCC-1,0,gemcitabine
GSM5664357_GCTTTCGAGGCTTAGG-1,0,gemcitabine
GSM5664357_GCTTTCGCAATTCTTC-1,0,gemcitabine
GSM5664357_GCTTTCGGTCTATGAC-1,0,gemcitabine
GSM5664357_GCTTTCGTCAGTCATG-1,0,gemcitabine
GSM5664357_GCTTTCGTCCACCCTA-1,0,gemcitabine
GSM5664357_GCTTTCGTCTACGGGC-1,0,gemcitabine
GSM5664357_GGAACCCAGGATACCG-1,0,gemcitabine
GSM5664357_GGAACCCCAACTCGTA-1,0,gemcitabine
GSM5664357_GGAACCCCAGGTTCCG-1,0,gemcitabine
GSM5664357_GGAACCCGTGACGCCT-1,0,gemcitabine
GSM5664357_GGAACCCGTGGTCAAG-1,0,gemcitabine
GSM5664357_GGAACCCGTTACGCCG-1,0,gemcitabine
GSM5664357_GGAACCCTCCACATAG-1,0,gemcitabine
GSM5664357_GGAAGTGAGGTAGCAC-1,0,gemcitabine
GSM5664357_GGAAGTGAGTGAGGCT-1,0,gemcitabine
GSM5664357_GGAAGTGTCGACTCCT-1,0,gemcitabine
GSM5664357_GGAATCTAGGGTTTCT-1,0,gemcitabine
GSM5664357_GGAATCTGTAATTGGA-1,0,gemcitabine
GSM5664357_GGAATCTGTAGTTCCA-1,0,gemcitabine
GSM5664357_GGAATCTGTGCCTATA-1,0,gemcitabine
GSM5664357_GGAATCTTCCGACATA-1,0,gemcitabine
GSM5664357_GGAATCTTCGAGGCAA-1,0,gemcitabine
GSM5664357_GGAATGGAGATGACAT-1,0,gemcitabine
GSM5664357_GGAATGGAGGCTTAGG-1,0,gemcitabine
GSM5664357_GGAATGGCATCAGTGT-1,0,gemcitabine
GSM5664357_GGAATGGCATTCACCC-1,0,gemcitabine
GSM5664357_GGAATGGGTGGTTTGT-1,0,gemcitabine
GSM5664357_GGAATGGTCTGGCCAG-1,0,gemcitabine
GSM5664357_GGACGTCCATCCTCAC-1,0,gemcitabine
GSM5664357_GGACGTCGTCCTCCAT-1,0,gemcitabine
GSM5664357_GGACGTCGTCGCACAC-1,0,gemcitabine
GSM5664357_GGACGTCTCTGCATAG-1,0,gemcitabine
GSM5664357_GGAGAACCAACGTATC-1,0,gemcitabine
GSM5664357_GGAGAACCACTGGATT-1,0,gemcitabine
GSM5664357_GGAGAACCATAACTCG-1,0,gemcitabine
GSM5664357_GGAGAACGTACGATTC-1,0,gemcitabine
GSM5664357_GGAGAACGTAGGTACG-1,0,gemcitabine
GSM5664357_GGAGAACTCAGTCACA-1,0,gemcitabine
GSM5664357_GGAGAACTCCAATGCA-1,0,gemcitabine
GSM5664357_GGAGAACTCCCGAGAC-1,0,gemcitabine
GSM5664357_GGAGATGCAATCCAGT-1,0,gemcitabine
GSM5664357_GGAGATGCACAGCCAC-1,0,gemcitabine
GSM5664357_GGAGATGCATTAGGCT-1,0,gemcitabine
GSM5664357_GGAGATGTCGTAGAGG-1,0,gemcitabine
GSM5664357_GGAGCAAAGCAAATGT-1,0,gemcitabine
GSM5664357_GGAGCAAAGGAGAGTA-1,0,gemcitabine
GSM5664357_GGAGCAACAGCTGGTC-1,0,gemcitabine
GSM5664357_GGAGCAACAGGAATAT-1,0,gemcitabine
GSM5664357_GGAGGATAGGCATGGT-1,0,gemcitabine
GSM5664357_GGAGGATCATCGAGCC-1,0,gemcitabine
GSM5664357_GGAGGATGTCCTGGTG-1,0,gemcitabine
GSM5664357_GGAGGATTCGCAAGAG-1,0,gemcitabine
GSM5664357_GGAGGTAAGACTACGG-1,0,gemcitabine
GSM5664357_GGAGGTAAGATCGCTT-1,0,gemcitabine
GSM5664357_GGAGGTACAACAGCTT-1,0,gemcitabine
GSM5664357_GGAGGTACACACACTA-1,0,gemcitabine
GSM5664357_GGAGGTACAGCATACT-1,0,gemcitabine
GSM5664357_GGAGGTACAGGATTCT-1,0,gemcitabine
GSM5664357_GGAGGTAGTCCAGCAC-1,0,gemcitabine
GSM5664357_GGAGGTAGTTGGGATG-1,0,gemcitabine
GSM5664357_GGAGGTATCAGCTAGT-1,0,gemcitabine
GSM5664357_GGATCTAAGCTGCCAC-1,0,gemcitabine
GSM5664357_GGATCTAAGGTCGCCT-1,0,gemcitabine
GSM5664357_GGATCTATCTAAGAAG-1,0,gemcitabine
GSM5664357_GGATGTTAGCGATTCT-1,0,gemcitabine
GSM5664357_GGATGTTAGCTAGAGC-1,0,gemcitabine
GSM5664357_GGATGTTGTAAGACCG-1,0,gemcitabine
GSM5664357_GGATGTTGTCCCTAAA-1,0,gemcitabine
GSM5664357_GGATGTTTCAACCCGG-1,0,gemcitabine
GSM5664357_GGATGTTTCGTCTAAG-1,0,gemcitabine
GSM5664357_GGATGTTTCTGAGATC-1,0,gemcitabine
GSM5664357_GGCACGTAGAAACTCA-1,0,gemcitabine
GSM5664357_GGCACGTAGCCAAGGT-1,0,gemcitabine
GSM5664357_GGCACGTCACACAGCC-1,0,gemcitabine
GSM5664357_GGCACGTCATGGTACT-1,0,gemcitabine
GSM5664357_GGCACGTGTCAACACT-1,0,gemcitabine
GSM5664357_GGCACGTGTGTTGACT-1,0,gemcitabine
GSM5664357_GGCACGTTCCGATAGT-1,0,gemcitabine
GSM5664357_GGCAGTCAGACCCTTA-1,0,gemcitabine
GSM5664357_GGCAGTCCAAGAAATC-1,0,gemcitabine
GSM5664357_GGCAGTCCACCGGTCA-1,0,gemcitabine
GSM5664357_GGCAGTCGTGTCACAT-1,0,gemcitabine
GSM5664357_GGCGTCAAGCTGTGCC-1,0,gemcitabine
GSM5664357_GGCGTCACAATCTCTT-1,0,gemcitabine
GSM5664357_GGCGTCACACGGTCTG-1,0,gemcitabine
GSM5664357_GGCGTCACACTGCTTC-1,0,gemcitabine
GSM5664357_GGCGTCAGTTTACCTT-1,0,gemcitabine
GSM5664357_GGCTGTGAGAGTAACT-1,0,gemcitabine
GSM5664357_GGCTGTGGTAACCCGC-1,0,gemcitabine
GSM5664357_GGCTGTGGTGCTCTCT-1,0,gemcitabine
GSM5664357_GGCTGTGTCGACCAAT-1,0,gemcitabine
GSM5664357_GGCTTGGCATCTTCGC-1,0,gemcitabine
GSM5664357_GGCTTTCAGATGTTCC-1,0,gemcitabine
GSM5664357_GGCTTTCCAGGCACAA-1,0,gemcitabine
GSM5664357_GGCTTTCCATCGGAGA-1,0,gemcitabine
GSM5664357_GGCTTTCCATGCCGGT-1,0,gemcitabine
GSM5664357_GGCTTTCGTTAAACAG-1,0,gemcitabine
GSM5664357_GGCTTTCTCCATAGAC-1,0,gemcitabine
GSM5664357_GGCTTTCTCGAGTACT-1,0,gemcitabine
GSM5664357_GGGAAGTAGTAAACGT-1,0,gemcitabine
GSM5664357_GGGAAGTAGTGCACCC-1,0,gemcitabine
GSM5664357_GGGAAGTCAAGTATCC-1,0,gemcitabine
GSM5664357_GGGAAGTCACGTAACT-1,0,gemcitabine
GSM5664357_GGGAAGTTCAGGTAAA-1,0,gemcitabine
GSM5664357_GGGAAGTTCCATCAGA-1,0,gemcitabine
GSM5664357_GGGACAACACGATTCA-1,0,gemcitabine
GSM5664357_GGGACAACACTTCAAG-1,0,gemcitabine
GSM5664357_GGGACAACAGGCATTT-1,0,gemcitabine
GSM5664357_GGGACAAGTCGCCACA-1,0,gemcitabine
GSM5664357_GGGACAAGTCTTGGTA-1,0,gemcitabine
GSM5664357_GGGACAAGTTCGAACT-1,0,gemcitabine
GSM5664357_GGGACAATCCGAACGC-1,0,gemcitabine
GSM5664357_GGGACAATCTGGTGCG-1,0,gemcitabine
GSM5664357_GGGACCTAGAATCCCT-1,0,gemcitabine
GSM5664357_GGGACCTAGTTCACTG-1,0,gemcitabine
GSM5664357_GGGACCTCAGCTGTTA-1,0,gemcitabine
GSM5664357_GGGACCTTCCACTGGG-1,0,gemcitabine
GSM5664357_GGGACTCAGACCAACG-1,0,gemcitabine
GSM5664357_GGGACTCAGGTTCACT-1,0,gemcitabine
GSM5664357_GGGACTCCAGTTCTAG-1,0,gemcitabine
GSM5664357_GGGACTCGTCTAACGT-1,0,gemcitabine
GSM5664357_GGGACTCTCCTAGAGT-1,0,gemcitabine
GSM5664357_GGGAGATAGGAACATT-1,0,gemcitabine
GSM5664357_GGGAGATCAAATGATG-1,0,gemcitabine
GSM5664357_GGGAGATTCCCTCTAG-1,0,gemcitabine
GSM5664357_GGGAGTAAGGATCATA-1,0,gemcitabine
GSM5664357_GGGAGTAGTATGAGGC-1,0,gemcitabine
GSM5664357_GGGAGTAGTTTAGTCG-1,0,gemcitabine
GSM5664357_GGGATCCAGGTCGTGA-1,0,gemcitabine
GSM5664357_GGGATCCCAGAACTTC-1,0,gemcitabine
GSM5664357_GGGATCCGTAGTTCCA-1,0,gemcitabine
GSM5664357_GGGATCCGTGCAATGG-1,0,gemcitabine
GSM5664357_GGGATCCTCTCCACTG-1,0,gemcitabine
GSM5664357_GGGATGACACGGTCTG-1,0,gemcitabine
GSM5664357_GGGATGAGTCCCGCAA-1,0,gemcitabine
GSM5664357_GGGATGAGTTGCCATA-1,0,gemcitabine
GSM5664357_GGGATGATCATACGGT-1,0,gemcitabine
GSM5664357_GGGCCATCATCCCACT-1,0,gemcitabine
GSM5664357_GGGCCATTCCATTGTT-1,0,gemcitabine
GSM5664357_GGGCCATTCGTTGTAG-1,0,gemcitabine
GSM5664357_GGGCGTTAGATACCAA-1,0,gemcitabine
GSM5664357_GGGCGTTAGCTGAGCA-1,0,gemcitabine
GSM5664357_GGGCGTTCAGAGCCCT-1,0,gemcitabine
GSM5664357_GGGCGTTCATAACTCG-1,0,gemcitabine
GSM5664357_GGGCGTTTCACCATCC-1,0,gemcitabine
GSM5664357_GGGCTACAGAAGTCTA-1,0,gemcitabine
GSM5664357_GGGCTACCAGGCACAA-1,0,gemcitabine
GSM5664357_GGGCTACGTAGCTGTT-1,0,gemcitabine
GSM5664357_GGGCTACGTTACCCTC-1,0,gemcitabine
GSM5664357_GGGCTACTCAATCTCT-1,0,gemcitabine
GSM5664357_GGGCTACTCCACGTCT-1,0,gemcitabine
GSM5664357_GGGCTACTCTGTGCGG-1,0,gemcitabine
GSM5664357_GGGCTCAAGACTTCCA-1,0,gemcitabine
GSM5664357_GGGCTCAAGTCTGCAT-1,0,gemcitabine
GSM5664357_GGGCTCACAGCTGTGC-1,0,gemcitabine
GSM5664357_GGGCTCACATACCGTA-1,0,gemcitabine
GSM5664357_GGGCTCACATTGGATC-1,0,gemcitabine
GSM5664357_GGGCTCAGTATATGGA-1,0,gemcitabine
GSM5664357_GGGCTCAGTTGTACGT-1,0,gemcitabine
GSM5664357_GGGCTCATCACCCTGT-1,0,gemcitabine
GSM5664357_GGGTAGAAGCGCGTTC-1,0,gemcitabine
GSM5664357_GGGTAGAAGTAGATCA-1,0,gemcitabine
GSM5664357_GGGTAGATCACTGGTA-1,0,gemcitabine
GSM5664357_GGGTAGATCGTAACTG-1,0,gemcitabine
GSM5664357_GGGTATTAGCACTAGG-1,0,gemcitabine
GSM5664357_GGGTATTCAACTTGGT-1,0,gemcitabine
GSM5664357_GGGTATTCAGAGCTAG-1,0,gemcitabine
GSM5664357_GGGTATTCAGGACGAT-1,0,gemcitabine
GSM5664357_GGGTATTGTATGGAAT-1,0,gemcitabine
GSM5664357_GGGTATTGTTGCATTG-1,0,gemcitabine
GSM5664357_GGGTCACCAACCGTGC-1,0,gemcitabine
GSM5664357_GGGTCACCAAGACGGT-1,0,gemcitabine
GSM5664357_GGGTCACGTGCATGAG-1,0,gemcitabine
GSM5664357_GGGTCACTCATCAGTG-1,0,gemcitabine
GSM5664357_GGGTCACTCTCTCGAC-1,0,gemcitabine
GSM5664357_GGGTCTGAGTCAGCCC-1,0,gemcitabine
GSM5664357_GGGTCTGGTATACCCA-1,0,gemcitabine
GSM5664357_GGGTCTGGTGATTCTG-1,0,gemcitabine
GSM5664357_GGGTCTGTCCGATAAC-1,0,gemcitabine
GSM5664357_GGGTGAAAGCGTATAA-1,0,gemcitabine
GSM5664357_GGGTGAACAACCACGC-1,0,gemcitabine
GSM5664357_GGGTGAACACGTCTCT-1,0,gemcitabine
GSM5664357_GGGTGAATCGATCCCT-1,0,gemcitabine
GSM5664357_GGGTGAATCTAGCCTC-1,0,gemcitabine
GSM5664357_GGGTGAATCTGCGATA-1,0,gemcitabine
GSM5664357_GGGTGTCAGCACACAG-1,0,gemcitabine
GSM5664357_GGGTGTCAGGGTCAAC-1,0,gemcitabine
GSM5664357_GGGTGTCAGTCGCCCA-1,0,gemcitabine
GSM5664357_GGGTGTCAGTGGAAGA-1,0,gemcitabine
GSM5664357_GGGTGTCGTAACATAG-1,0,gemcitabine
GSM5664357_GGGTGTCGTATCCTTT-1,0,gemcitabine
GSM5664357_GGGTGTCGTTTGAAAG-1,0,gemcitabine
GSM5664357_GGGTGTCTCGACTCCT-1,0,gemcitabine
GSM5664357_GGGTTTAGTACAGGTG-1,0,gemcitabine
GSM5664357_GGGTTTAGTAGACAGC-1,0,gemcitabine
GSM5664357_GGGTTTAGTCGGTACC-1,0,gemcitabine
GSM5664357_GGGTTTAGTCTGCATA-1,0,gemcitabine
GSM5664357_GGGTTTAGTTCGAACT-1,0,gemcitabine
GSM5664357_GGGTTTATCCAGCACG-1,0,gemcitabine
GSM5664357_GGGTTTATCGCAGTGC-1,0,gemcitabine
GSM5664357_GGGTTTATCTCTTCAA-1,0,gemcitabine
GSM5664357_GGTAACTCAATACCCA-1,0,gemcitabine
GSM5664357_GGTAACTCACTCATAG-1,0,gemcitabine
GSM5664357_GGTAACTCAGTTGCGC-1,0,gemcitabine
GSM5664357_GGTAACTGTACGATGG-1,0,gemcitabine
GSM5664357_GGTAACTGTATCATGC-1,0,gemcitabine
GSM5664357_GGTAACTGTATTCTCT-1,0,gemcitabine
GSM5664357_GGTAACTGTTCAATCG-1,0,gemcitabine
GSM5664357_GGTAACTTCTAAACGC-1,0,gemcitabine
GSM5664357_GGTAACTTCTCGCCTA-1,0,gemcitabine
GSM5664357_GGTAATCAGTAGCATA-1,0,gemcitabine
GSM5664357_GGTAGAGCACAGCCTG-1,0,gemcitabine
GSM5664357_GGTAGAGCATGACTGT-1,0,gemcitabine
GSM5664357_GGTAGAGGTATCATGC-1,0,gemcitabine
GSM5664357_GGTCACGAGGCTTCCG-1,0,gemcitabine
GSM5664357_GGTCACGCACTCACTC-1,0,gemcitabine
GSM5664357_GGTCACGCACTTTATC-1,0,gemcitabine
GSM5664357_GGTCACGCAGACATCT-1,0,gemcitabine
GSM5664357_GGTCACGGTTACAGCT-1,0,gemcitabine
GSM5664357_GGTCACGTCTCTAGGA-1,0,gemcitabine
GSM5664357_GGTCACGTCTCTTAAC-1,0,gemcitabine
GSM5664357_GGTCTGGAGCATGCGA-1,0,gemcitabine
GSM5664357_GGTCTGGAGTATGGCG-1,0,gemcitabine
GSM5664357_GGTCTGGAGTCACTAC-1,0,gemcitabine
GSM5664357_GGTCTGGCACAGCCAC-1,0,gemcitabine
GSM5664357_GGTCTGGTCCATAGAC-1,0,gemcitabine
GSM5664357_GGTCTGGTCTACTATC-1,0,gemcitabine
GSM5664357_GGTGAAGAGATGGGCT-1,0,gemcitabine
GSM5664357_GGTGAAGCACTGCGTG-1,0,gemcitabine
GSM5664357_GGTGAAGCATTAAGCC-1,0,gemcitabine
GSM5664357_GGTGATTAGATCGACG-1,0,gemcitabine
GSM5664357_GGTGATTAGGATCATA-1,0,gemcitabine
GSM5664357_GGTGATTCACTTGTGA-1,0,gemcitabine
GSM5664357_GGTGATTGTACTCGAT-1,0,gemcitabine
GSM5664357_GGTGATTGTGAATATG-1,0,gemcitabine
GSM5664357_GGTGATTTCCCGAAAT-1,0,gemcitabine
GSM5664357_GGTGATTTCCTTATAC-1,0,gemcitabine
GSM5664357_GGTGGCTAGACGGTTG-1,0,gemcitabine
GSM5664357_GGTGGCTAGAGTCAGC-1,0,gemcitabine
GSM5664357_GGTGGCTAGTCAGCCC-1,0,gemcitabine
GSM5664357_GGTGGCTCACATAACC-1,0,gemcitabine
GSM5664357_GGTGGCTCATGAATAG-1,0,gemcitabine
GSM5664357_GGTGGCTTCCTGTAAG-1,0,gemcitabine
GSM5664357_GGTGTCGAGACCGTTT-1,0,gemcitabine
GSM5664357_GGTGTCGAGTCATGCT-1,0,gemcitabine
GSM5664357_GGTGTCGCAACGCATT-1,0,gemcitabine
GSM5664357_GGTGTCGCACATTCGA-1,0,gemcitabine
GSM5664357_GGTGTCGGTCCTACAA-1,0,gemcitabine
GSM5664357_GGTGTCGGTCCTACGG-1,0,gemcitabine
GSM5664357_GGTGTCGGTTCTCACC-1,0,gemcitabine
GSM5664357_GGTGTCGTCTCGCGTT-1,0,gemcitabine
GSM5664357_GGTGTTACAGGCCCTA-1,0,gemcitabine
GSM5664357_GGTGTTACATGAAGGC-1,0,gemcitabine
GSM5664357_GGTGTTACATGCTGCG-1,0,gemcitabine
GSM5664357_GGTGTTATCATCACCC-1,0,gemcitabine
GSM5664357_GGTGTTATCGGACTTA-1,0,gemcitabine
GSM5664357_GGTGTTATCTCTAGGA-1,0,gemcitabine
GSM5664357_GGTTAACAGATTGATG-1,0,gemcitabine
GSM5664357_GGTTAACAGTCGCTAT-1,0,gemcitabine
GSM5664357_GGTTAACCAACTCGTA-1,0,gemcitabine
GSM5664357_GGTTAACCACCGGCTA-1,0,gemcitabine
GSM5664357_GGTTAACCATGACTAC-1,0,gemcitabine
GSM5664357_GGTTAACTCTCTCTAA-1,0,gemcitabine
GSM5664357_GGTTCTCGTCCGAAAG-1,0,gemcitabine
GSM5664357_GGTTCTCGTGTCTTGA-1,0,gemcitabine
GSM5664357_GGTTCTCTCACCCTGT-1,0,gemcitabine
GSM5664357_GGTTCTCTCTATCCAT-1,0,gemcitabine
GSM5664357_GGTTCTCTCTCTGCCA-1,0,gemcitabine
GSM5664357_GGTTGTAAGTATGATG-1,0,gemcitabine
GSM5664357_GGTTGTAAGTGATGGC-1,0,gemcitabine
GSM5664357_GGTTGTAAGTGCTCAT-1,0,gemcitabine
GSM5664357_GGTTGTACACTACGGC-1,0,gemcitabine
GSM5664357_GGTTGTACAGGCAATG-1,0,gemcitabine
GSM5664357_GGTTGTAGTCGTCATA-1,0,gemcitabine
GSM5664357_GGTTGTAGTGGTCTCG-1,0,gemcitabine
GSM5664357_GGTTGTATCCTTCACG-1,0,gemcitabine
GSM5664357_GTAACACCACTTGTCC-1,0,gemcitabine
GSM5664357_GTAACACTCCGTCCTA-1,0,gemcitabine
GSM5664357_GTAACACTCGCAACAT-1,0,gemcitabine
GSM5664357_GTAACACTCGGCTTCT-1,0,gemcitabine
GSM5664357_GTAACCAAGAGCAACC-1,0,gemcitabine
GSM5664357_GTAACCAAGATCGCTT-1,0,gemcitabine
GSM5664357_GTAACCAAGGACTGGT-1,0,gemcitabine
GSM5664357_GTAACCAAGGGCAACT-1,0,gemcitabine
GSM5664357_GTAACCACAACCAGAG-1,0,gemcitabine
GSM5664357_GTAACCACACTGGATT-1,0,gemcitabine
GSM5664357_GTAACCAGTCCGTTTC-1,0,gemcitabine
GSM5664357_GTAAGTCCACAACGAG-1,0,gemcitabine
GSM5664357_GTAAGTCGTACAGGTG-1,0,gemcitabine
GSM5664357_GTAAGTCGTTGGACCC-1,0,gemcitabine
GSM5664357_GTAAGTCTCTTCCCAG-1,0,gemcitabine
GSM5664357_GTAATCGAGGTTAAAC-1,0,gemcitabine
GSM5664357_GTAATCGCAGCTATAC-1,0,gemcitabine
GSM5664357_GTAATCGCATGCCATA-1,0,gemcitabine
GSM5664357_GTAATCGGTATAATGG-1,0,gemcitabine
GSM5664357_GTAATGCAGATGGGCT-1,0,gemcitabine
GSM5664357_GTAATGCAGGTAAGAG-1,0,gemcitabine
GSM5664357_GTAATGCAGTCCCGAC-1,0,gemcitabine
GSM5664357_GTAATGCCACTATCCC-1,0,gemcitabine
GSM5664357_GTAATGCCACTTCCTG-1,0,gemcitabine
GSM5664357_GTAATGCCAGTCGCAC-1,0,gemcitabine
GSM5664357_GTAATGCGTACAGAGC-1,0,gemcitabine
GSM5664357_GTAATGCGTAGCGTAG-1,0,gemcitabine
GSM5664357_GTAATGCGTTCAAGTC-1,0,gemcitabine
GSM5664357_GTAATGCTCAAGTCGT-1,0,gemcitabine
GSM5664357_GTAATGCTCTCCTGTG-1,0,gemcitabine
GSM5664357_GTACAACAGAATTGTG-1,0,gemcitabine
GSM5664357_GTACAACAGATAGCTA-1,0,gemcitabine
GSM5664357_GTACAACAGGACATCG-1,0,gemcitabine
GSM5664357_GTACAACAGTTCGGTT-1,0,gemcitabine
GSM5664357_GTACAACCAAATGGAT-1,0,gemcitabine
GSM5664357_GTACAACGTCGACGCT-1,0,gemcitabine
GSM5664357_GTACAACTCCAACTAG-1,0,gemcitabine
GSM5664357_GTACAGTAGCAGCAGT-1,0,gemcitabine
GSM5664357_GTACAGTCATGTTCAG-1,0,gemcitabine
GSM5664357_GTACAGTTCGCTAGCG-1,0,gemcitabine
GSM5664357_GTACAGTTCTTCGACC-1,0,gemcitabine
GSM5664357_GTAGAAACAACAGATA-1,0,gemcitabine
GSM5664357_GTAGAAACAATGTCAC-1,0,gemcitabine
GSM5664357_GTAGAAAGTAGCGCTC-1,0,gemcitabine
GSM5664357_GTAGAAAGTTGACTGT-1,0,gemcitabine
GSM5664357_GTAGAAATCAGTGATC-1,0,gemcitabine
GSM5664357_GTAGAAATCCATCTGC-1,0,gemcitabine
GSM5664357_GTAGAAATCGCCATAA-1,0,gemcitabine
GSM5664357_GTAGAGGAGGACCCAA-1,0,gemcitabine
GSM5664357_GTAGAGGAGGCTCTCG-1,0,gemcitabine
GSM5664357_GTAGAGGCACGCTATA-1,0,gemcitabine
GSM5664357_GTAGAGGGTGAGCAGT-1,0,gemcitabine
GSM5664357_GTAGAGGTCGGTCTGG-1,0,gemcitabine
GSM5664357_GTAGAGGTCTGACGCG-1,0,gemcitabine
GSM5664357_GTAGATCAGTTGCGCC-1,0,gemcitabine
GSM5664357_GTAGATCCAGTAGTGG-1,0,gemcitabine
GSM5664357_GTAGATCGTCTCTCCA-1,0,gemcitabine
GSM5664357_GTAGATCGTTGGCCTG-1,0,gemcitabine
GSM5664357_GTAGATCTCGACATCA-1,0,gemcitabine
GSM5664357_GTAGCTAAGAAGTCCG-1,0,gemcitabine
GSM5664357_GTAGCTAAGTAGCCAG-1,0,gemcitabine
GSM5664357_GTAGCTACACGACGTC-1,0,gemcitabine
GSM5664357_GTAGCTACAGCAGTTT-1,0,gemcitabine
GSM5664357_GTAGCTAGTTTACCTT-1,0,gemcitabine
GSM5664357_GTAGCTAGTTTGATCG-1,0,gemcitabine
GSM5664357_GTAGCTATCACTACTT-1,0,gemcitabine
GSM5664357_GTAGCTATCCGCGGAT-1,0,gemcitabine
GSM5664357_GTAGCTATCTCCCAAC-1,0,gemcitabine
GSM5664357_GTAGGAGCAACACAGG-1,0,gemcitabine
GSM5664357_GTAGGAGCATTGGATC-1,0,gemcitabine
GSM5664357_GTAGGAGTCGTCCATC-1,0,gemcitabine
GSM5664357_GTAGTACAGATGGTCG-1,0,gemcitabine
GSM5664357_GTAGTACAGTTTCGGT-1,0,gemcitabine
GSM5664357_GTAGTACCACTACCCT-1,0,gemcitabine
GSM5664357_GTAGTACCATCCGGTG-1,0,gemcitabine
GSM5664357_GTAGTACCATCTGGGC-1,0,gemcitabine
GSM5664357_GTAGTACGTAAGTAGT-1,0,gemcitabine
GSM5664357_GTAGTACTCCGTGACG-1,0,gemcitabine
GSM5664357_GTAGTACTCGGTAGAG-1,0,gemcitabine
GSM5664357_GTAGTACTCTAGGCCG-1,0,gemcitabine
GSM5664357_GTATTGGCAGCTCCTT-1,0,gemcitabine
GSM5664357_GTATTGGCATGTGCTA-1,0,gemcitabine
GSM5664357_GTATTGGTCAATCTTC-1,0,gemcitabine
GSM5664357_GTATTGGTCATGGATC-1,0,gemcitabine
GSM5664357_GTATTGGTCATTGTTC-1,0,gemcitabine
GSM5664357_GTATTTCCATCAGCAT-1,0,gemcitabine
GSM5664357_GTATTTCGTGCGTTTA-1,0,gemcitabine
GSM5664357_GTATTTCGTTGACTAC-1,0,gemcitabine
GSM5664357_GTCAAACAGATTCGAA-1,0,gemcitabine
GSM5664357_GTCAAACAGGTAGTAT-1,0,gemcitabine
GSM5664357_GTCAAACCAGTTAGAA-1,0,gemcitabine
GSM5664357_GTCAAACGTACGGTTT-1,0,gemcitabine
GSM5664357_GTCAAACGTATGTCCA-1,0,gemcitabine
GSM5664357_GTCAAACTCAGCTGTA-1,0,gemcitabine
GSM5664357_GTCAAGTAGTACAGAT-1,0,gemcitabine
GSM5664357_GTCAAGTCACCCTAGG-1,0,gemcitabine
GSM5664357_GTCAAGTCATACATCG-1,0,gemcitabine
GSM5664357_GTCAAGTGTCTGTGTA-1,0,gemcitabine
GSM5664357_GTCACGGAGAATTCAG-1,0,gemcitabine
GSM5664357_GTCACGGCACACTTAG-1,0,gemcitabine
GSM5664357_GTCACGGCACCCTCTA-1,0,gemcitabine
GSM5664357_GTCACGGCATCCTTCG-1,0,gemcitabine
GSM5664357_GTCACGGCATGATCTG-1,0,gemcitabine
GSM5664357_GTCACGGGTACTGACT-1,0,gemcitabine
GSM5664357_GTCACGGTCCAACCGG-1,0,gemcitabine
GSM5664357_GTCACGGTCCTAGCCT-1,0,gemcitabine
GSM5664357_GTCACTCAGGCCTGCT-1,0,gemcitabine
GSM5664357_GTCACTCCAACCGCCA-1,0,gemcitabine
GSM5664357_GTCACTCGTCCAGCAC-1,0,gemcitabine
GSM5664357_GTCACTCGTCGAACAG-1,0,gemcitabine
GSM5664357_GTCAGCGAGAGGATCC-1,0,gemcitabine
GSM5664357_GTCAGCGCATCTAACG-1,0,gemcitabine
GSM5664357_GTCAGCGTCAAGGTGG-1,0,gemcitabine
GSM5664357_GTCAGCGTCGGAACTT-1,0,gemcitabine
GSM5664357_GTCAGCGTCTCGCTTG-1,0,gemcitabine
GSM5664357_GTCATCCAGAGTCTTC-1,0,gemcitabine
GSM5664357_GTCATCCAGCGACTAG-1,0,gemcitabine
GSM5664357_GTCATCCAGCTGTTCA-1,0,gemcitabine
GSM5664357_GTCATCCCAATGAAAC-1,0,gemcitabine
GSM5664357_GTCATCCCAATTGAGA-1,0,gemcitabine
GSM5664357_GTCATCCCACCGTACG-1,0,gemcitabine
GSM5664357_GTCATCCGTCCACTCT-1,0,gemcitabine
GSM5664357_GTCATCCGTGTAAATG-1,0,gemcitabine
GSM5664357_GTCATCCTCAGATTGC-1,0,gemcitabine
GSM5664357_GTCATCCTCGCACTCT-1,0,gemcitabine
GSM5664357_GTCATGAAGACGCAGT-1,0,gemcitabine
GSM5664357_GTCATGAAGCGGATCA-1,0,gemcitabine
GSM5664357_GTCATGAAGGGTACAC-1,0,gemcitabine
GSM5664357_GTCATGACACTTCTCG-1,0,gemcitabine
GSM5664357_GTCATGATCCAACCGG-1,0,gemcitabine
GSM5664357_GTCATGATCGCTACGG-1,0,gemcitabine
GSM5664357_GTCATTTCAAGACGAC-1,0,gemcitabine
GSM5664357_GTCATTTCAAGATGTA-1,0,gemcitabine
GSM5664357_GTCATTTCACATAACC-1,0,gemcitabine
GSM5664357_GTCATTTCACGCAAAG-1,0,gemcitabine
GSM5664357_GTCATTTGTATGCGTT-1,0,gemcitabine
GSM5664357_GTCATTTGTCCGGCAT-1,0,gemcitabine
GSM5664357_GTCATTTGTGACTAAA-1,0,gemcitabine
GSM5664357_GTCATTTGTGTCATTG-1,0,gemcitabine
GSM5664357_GTCCACTAGCTCAGAG-1,0,gemcitabine
GSM5664357_GTCCACTAGGTCACTT-1,0,gemcitabine
GSM5664357_GTCCACTCATCCGAAT-1,0,gemcitabine
GSM5664357_GTCCACTGTATGAAGT-1,0,gemcitabine
GSM5664357_GTCCACTTCACTTGTT-1,0,gemcitabine
GSM5664357_GTCCACTTCGTAGCTA-1,0,gemcitabine
GSM5664357_GTCCACTTCTGCTGAA-1,0,gemcitabine
GSM5664357_GTCCCATCACACCTGG-1,0,gemcitabine
GSM5664357_GTCCCATCACGACCTG-1,0,gemcitabine
GSM5664357_GTCCCATGTACTTCCC-1,0,gemcitabine
GSM5664357_GTCCTCAAGACTCAAA-1,0,gemcitabine
GSM5664357_GTCCTCACACACTGGC-1,0,gemcitabine
GSM5664357_GTCCTCACACCAGGTC-1,0,gemcitabine
GSM5664357_GTCCTCACAGGCTCTG-1,0,gemcitabine
GSM5664357_GTCCTCAGTAGATCCT-1,0,gemcitabine
GSM5664357_GTCCTCAGTCTACAAC-1,0,gemcitabine
GSM5664357_GTCCTCAGTTATCCAG-1,0,gemcitabine
GSM5664357_GTCCTCATCGACGATT-1,0,gemcitabine
GSM5664357_GTCCTCATCTAGCCTC-1,0,gemcitabine
GSM5664357_GTCGAATAGACCCTTA-1,0,gemcitabine
GSM5664357_GTCGAATTCGAATCCA-1,0,gemcitabine
GSM5664357_GTCGCGACAAAGGGTC-1,0,gemcitabine
GSM5664357_GTCGCGACACCAGCTG-1,0,gemcitabine
GSM5664357_GTCGCGACACCGTCTT-1,0,gemcitabine
GSM5664357_GTCGCGACACTATGTG-1,0,gemcitabine
GSM5664357_GTCGCGACAGCTGTCG-1,0,gemcitabine
GSM5664357_GTCGCGATCGACATAC-1,0,gemcitabine
GSM5664357_GTCGCGATCGGTCAGC-1,0,gemcitabine
GSM5664357_GTCGCGATCTTGGTGA-1,0,gemcitabine
GSM5664357_GTCGTAAAGGTCCTGC-1,0,gemcitabine
GSM5664357_GTCGTAACAATGACCT-1,0,gemcitabine
GSM5664357_GTCGTAAGTTCTTCAT-1,0,gemcitabine
GSM5664357_GTCGTAATCTTCCAGC-1,0,gemcitabine
GSM5664357_GTCGTTCAGCAAATGT-1,0,gemcitabine
GSM5664357_GTCGTTCCATAGCTGT-1,0,gemcitabine
GSM5664357_GTCTACCAGCGCACAA-1,0,gemcitabine
GSM5664357_GTCTACCGTGGACAGT-1,0,gemcitabine
GSM5664357_GTCTACCGTTTGCCGG-1,0,gemcitabine
GSM5664357_GTCTACCTCAACACCA-1,0,gemcitabine
GSM5664357_GTCTACCTCACCGACG-1,0,gemcitabine
GSM5664357_GTCTACCTCAGTGTGT-1,0,gemcitabine
GSM5664357_GTCTACCTCGGCACTG-1,0,gemcitabine
GSM5664357_GTCTAGAAGACCTTTG-1,0,gemcitabine
GSM5664357_GTCTAGAAGGGTCTTT-1,0,gemcitabine
GSM5664357_GTCTAGACAATTGCAC-1,0,gemcitabine
GSM5664357_GTCTAGAGTTAAGACA-1,0,gemcitabine
GSM5664357_GTCTCACAGCTGAAGC-1,0,gemcitabine
GSM5664357_GTCTCACCAAGTGGTG-1,0,gemcitabine
GSM5664357_GTCTCACCATTCACCC-1,0,gemcitabine
GSM5664357_GTCTCACGTATTCCTT-1,0,gemcitabine
GSM5664357_GTCTCACGTTGACGGA-1,0,gemcitabine
GSM5664357_GTCTCACTCAGAGTGG-1,0,gemcitabine
GSM5664357_GTCTCACTCTGCGGCA-1,0,gemcitabine
GSM5664357_GTCTGTCAGCGAAACC-1,0,gemcitabine
GSM5664357_GTCTGTCAGCTACTGT-1,0,gemcitabine
GSM5664357_GTCTGTCTCCCATAGA-1,0,gemcitabine
GSM5664357_GTCTTTAAGTCCCGAC-1,0,gemcitabine
GSM5664357_GTCTTTACACAAATCC-1,0,gemcitabine
GSM5664357_GTCTTTACAGTTGTTG-1,0,gemcitabine
GSM5664357_GTCTTTAGTAGGCAAC-1,0,gemcitabine
GSM5664357_GTCTTTAGTCTCTCCA-1,0,gemcitabine
GSM5664357_GTCTTTAGTGTCATGT-1,0,gemcitabine
GSM5664357_GTCTTTATCATTACTC-1,0,gemcitabine
GSM5664357_GTCTTTATCCTCGATC-1,0,gemcitabine
GSM5664357_GTCTTTATCTGTTCAT-1,0,gemcitabine
GSM5664357_GTGACGCAGGAAACGA-1,0,gemcitabine
GSM5664357_GTGACGCAGGACTAAT-1,0,gemcitabine
GSM5664357_GTGACGCAGGGCCCTT-1,0,gemcitabine
GSM5664357_GTGACGCAGGTCCTGC-1,0,gemcitabine
GSM5664357_GTGACGCCAACTTCTT-1,0,gemcitabine
GSM5664357_GTGACGCCACCAATTG-1,0,gemcitabine
GSM5664357_GTGACGCGTTTCTTAC-1,0,gemcitabine
GSM5664357_GTGAGCCAGCACCAGA-1,0,gemcitabine
GSM5664357_GTGAGCCAGCCACTCG-1,0,gemcitabine
GSM5664357_GTGAGCCCAACACTAC-1,0,gemcitabine
GSM5664357_GTGAGCCGTACTGACT-1,0,gemcitabine
GSM5664357_GTGAGCCGTAGGCAAC-1,0,gemcitabine
GSM5664357_GTGAGCCTCGCGGACT-1,0,gemcitabine
GSM5664357_GTGAGGAAGCACCGAA-1,0,gemcitabine
GSM5664357_GTGAGGAAGGGTCAAC-1,0,gemcitabine
GSM5664357_GTGAGGAAGTTAACGA-1,0,gemcitabine
GSM5664357_GTGAGGAGTAACCAGG-1,0,gemcitabine
GSM5664357_GTGAGGAGTCACCTTC-1,0,gemcitabine
GSM5664357_GTGAGGATCGCCTTGT-1,0,gemcitabine
GSM5664357_GTGAGGATCTAGATCG-1,0,gemcitabine
GSM5664357_GTGAGTTAGCATAGGC-1,0,gemcitabine
GSM5664357_GTGAGTTCAATCCTTT-1,0,gemcitabine
GSM5664357_GTGAGTTCACTTGAAC-1,0,gemcitabine
GSM5664357_GTGAGTTGTACTCAAC-1,0,gemcitabine
GSM5664357_GTGAGTTGTATAATGG-1,0,gemcitabine
GSM5664357_GTGATGTAGCGTGAGT-1,0,gemcitabine
GSM5664357_GTGATGTCATCGGCCA-1,0,gemcitabine
GSM5664357_GTGATGTTCCTTCAGC-1,0,gemcitabine
GSM5664357_GTGATGTTCTATTCGT-1,0,gemcitabine
GSM5664357_GTGCACGAGAGTTGAT-1,0,gemcitabine
GSM5664357_GTGCACGAGCAAGCCA-1,0,gemcitabine
GSM5664357_GTGCACGGTTCCAGGC-1,0,gemcitabine
GSM5664357_GTGCACGGTTCGAACT-1,0,gemcitabine
GSM5664357_GTGCACGTCGACATCA-1,0,gemcitabine
GSM5664357_GTGCAGCAGCAATTCC-1,0,gemcitabine
GSM5664357_GTGCAGCAGCGGGTAT-1,0,gemcitabine
GSM5664357_GTGCAGCTCACTGCTC-1,0,gemcitabine
GSM5664357_GTGCAGCTCCTCACCA-1,0,gemcitabine
GSM5664357_GTGCGTGAGTCACGCC-1,0,gemcitabine
GSM5664357_GTGCGTGCAATCTCGA-1,0,gemcitabine
GSM5664357_GTGCGTGGTCCGGTGT-1,0,gemcitabine
GSM5664357_GTGCTGGAGTATGGCG-1,0,gemcitabine
GSM5664357_GTGCTGGCAATTTCCT-1,0,gemcitabine
GSM5664357_GTGCTGGGTACTGCGC-1,0,gemcitabine
GSM5664357_GTGCTGGGTCTGTCCT-1,0,gemcitabine
GSM5664357_GTGCTGGTCCGTCACT-1,0,gemcitabine
GSM5664357_GTGCTGGTCTATTGTC-1,0,gemcitabine
GSM5664357_GTGCTGGTCTGTGCAA-1,0,gemcitabine
GSM5664357_GTGCTTCAGCTCATAC-1,0,gemcitabine
GSM5664357_GTGCTTCCACCGTGAC-1,0,gemcitabine
GSM5664357_GTGCTTCCATGAATCC-1,0,gemcitabine
GSM5664357_GTGCTTCTCGTTCATT-1,0,gemcitabine
GSM5664357_GTGCTTCTCTTACGTT-1,0,gemcitabine
GSM5664357_GTGGAAGAGCGATGGT-1,0,gemcitabine
GSM5664357_GTGGAAGCAACTGCTA-1,0,gemcitabine
GSM5664357_GTGGAAGCACCTGTCT-1,0,gemcitabine
GSM5664357_GTGGAAGGTGTTACAC-1,0,gemcitabine
GSM5664357_GTGGAGAAGGGTTGCA-1,0,gemcitabine
GSM5664357_GTGGAGACACGCTGAC-1,0,gemcitabine
GSM5664357_GTGGAGACAGGCAATG-1,0,gemcitabine
GSM5664357_GTGGAGAGTCAACGCC-1,0,gemcitabine
GSM5664357_GTGGAGATCTCCGTGT-1,0,gemcitabine
GSM5664357_GTGGCGTAGGCCCACT-1,0,gemcitabine
GSM5664357_GTGGCGTGTCCTATAG-1,0,gemcitabine
GSM5664357_GTGGCGTGTGAGTAAT-1,0,gemcitabine
GSM5664357_GTGGGAAAGTCTCTGA-1,0,gemcitabine
GSM5664357_GTGGGAAAGTTAACAG-1,0,gemcitabine
GSM5664357_GTGGGAAGTAGATTAG-1,0,gemcitabine
GSM5664357_GTGGTTAAGAGATTCA-1,0,gemcitabine
GSM5664357_GTGGTTAAGATACGAT-1,0,gemcitabine
GSM5664357_GTGGTTAAGTTACGTC-1,0,gemcitabine
GSM5664357_GTGGTTAGTAGACAAT-1,0,gemcitabine
GSM5664357_GTGGTTAGTCCAACGC-1,0,gemcitabine
GSM5664357_GTGGTTAGTCCAGTTA-1,0,gemcitabine
GSM5664357_GTGGTTATCCGAAATC-1,0,gemcitabine
GSM5664357_GTGTAACAGGATACAT-1,0,gemcitabine
GSM5664357_GTGTAACCACGTAGTT-1,0,gemcitabine
GSM5664357_GTGTAACCAGAGCCCT-1,0,gemcitabine
GSM5664357_GTGTAACGTTGTGCAT-1,0,gemcitabine
GSM5664357_GTGTAACTCGCGCTGA-1,0,gemcitabine
GSM5664357_GTGTCCTAGCTCATAC-1,0,gemcitabine
GSM5664357_GTGTCCTCAATCCTAG-1,0,gemcitabine
GSM5664357_GTGTCCTGTAGGAGGG-1,0,gemcitabine
GSM5664357_GTGTCCTGTTTCTTAC-1,0,gemcitabine
GSM5664357_GTGTCCTTCGACCAAT-1,0,gemcitabine
GSM5664357_GTGTGATCACGAGGAT-1,0,gemcitabine
GSM5664357_GTGTGATCAGACCTAT-1,0,gemcitabine
GSM5664357_GTGTGATTCAGAGCGA-1,0,gemcitabine
GSM5664357_GTGTGATTCGTTCCCA-1,0,gemcitabine
GSM5664357_GTGTGATTCTCTGGTC-1,0,gemcitabine
GSM5664357_GTGTGGCAGAAGTATC-1,0,gemcitabine
GSM5664357_GTGTTAGAGACTCTTG-1,0,gemcitabine
GSM5664357_GTGTTAGCACAAATAG-1,0,gemcitabine
GSM5664357_GTGTTAGCAGAAATTG-1,0,gemcitabine
GSM5664357_GTGTTAGTCAACACCA-1,0,gemcitabine
GSM5664357_GTGTTAGTCGTCCATC-1,0,gemcitabine
GSM5664357_GTGTTCCAGACTACCT-1,0,gemcitabine
GSM5664357_GTGTTCCCAAATGATG-1,0,gemcitabine
GSM5664357_GTGTTCCCATCCGTTC-1,0,gemcitabine
GSM5664357_GTGTTCCCATGGAGAC-1,0,gemcitabine
GSM5664357_GTGTTCCGTCATAACC-1,0,gemcitabine
GSM5664357_GTTACAGAGCGCTGCT-1,0,gemcitabine
GSM5664357_GTTACAGCAAGAGCTG-1,0,gemcitabine
GSM5664357_GTTACAGGTCGTAATC-1,0,gemcitabine
GSM5664357_GTTACAGGTGTGGTCC-1,0,gemcitabine
GSM5664357_GTTACAGTCCTTTGAT-1,0,gemcitabine
GSM5664357_GTTACCCAGAAACCCG-1,0,gemcitabine
GSM5664357_GTTACCCAGGTACCTT-1,0,gemcitabine
GSM5664357_GTTACCCCAATCACGT-1,0,gemcitabine
GSM5664357_GTTACCCGTCGCTTAA-1,0,gemcitabine
GSM5664357_GTTACCCGTGCTTATG-1,0,gemcitabine
GSM5664357_GTTACCCTCGACACTA-1,0,gemcitabine
GSM5664357_GTTACCCTCGACGCTG-1,0,gemcitabine
GSM5664357_GTTACCCTCTCCTGTG-1,0,gemcitabine
GSM5664357_GTTACGAAGAGCCATG-1,0,gemcitabine
GSM5664357_GTTACGACACGATAGG-1,0,gemcitabine
GSM5664357_GTTACGAGTGACATCT-1,0,gemcitabine
GSM5664357_GTTACGATCACGGGAA-1,0,gemcitabine
GSM5664357_GTTACGATCTCCCATG-1,0,gemcitabine
GSM5664357_GTTAGACCAGCCCACA-1,0,gemcitabine
GSM5664357_GTTAGACGTGTAACGG-1,0,gemcitabine
GSM5664357_GTTAGACTCACAAGAA-1,0,gemcitabine
GSM5664357_GTTAGACTCAGCTTGA-1,0,gemcitabine
GSM5664357_GTTAGACTCTGCGATA-1,0,gemcitabine
GSM5664357_GTTAGTGAGACGCATG-1,0,gemcitabine
GSM5664357_GTTAGTGCACGTCGGT-1,0,gemcitabine
GSM5664357_GTTAGTGCATAGACTC-1,0,gemcitabine
GSM5664357_GTTAGTGCATCGGAAG-1,0,gemcitabine
GSM5664357_GTTAGTGGTATTCCGA-1,0,gemcitabine
GSM5664357_GTTAGTGGTCGTATGT-1,0,gemcitabine
GSM5664357_GTTAGTGTCACTTTGT-1,0,gemcitabine
GSM5664357_GTTAGTGTCGTGAGAG-1,0,gemcitabine
GSM5664357_GTTATGGAGCTGACAG-1,0,gemcitabine
GSM5664357_GTTATGGAGTGAACAT-1,0,gemcitabine
GSM5664357_GTTATGGCACAACGTT-1,0,gemcitabine
GSM5664357_GTTATGGCACCATAAC-1,0,gemcitabine
GSM5664357_GTTATGGCAGACCAGA-1,0,gemcitabine
GSM5664357_GTTATGGCAGGTTCCG-1,0,gemcitabine
GSM5664357_GTTCATTAGTAACCGG-1,0,gemcitabine
GSM5664357_GTTCATTGTTGGGCCT-1,0,gemcitabine
GSM5664357_GTTCCGTAGCACCAGA-1,0,gemcitabine
GSM5664357_GTTCCGTCACACGGTC-1,0,gemcitabine
GSM5664357_GTTCCGTGTGAAGCGT-1,0,gemcitabine
GSM5664357_GTTCGCTAGAACCGCA-1,0,gemcitabine
GSM5664357_GTTCGCTCAGAGGAAA-1,0,gemcitabine
GSM5664357_GTTCGCTCAGCTCGGT-1,0,gemcitabine
GSM5664357_GTTCGCTCATAGGTTC-1,0,gemcitabine
GSM5664357_GTTCGCTGTCACTACA-1,0,gemcitabine
GSM5664357_GTTCGCTGTGAATATG-1,0,gemcitabine
GSM5664357_GTTCTATAGAGTACCG-1,0,gemcitabine
GSM5664357_GTTCTATAGATGGCGT-1,0,gemcitabine
GSM5664357_GTTCTATAGCTCGACC-1,0,gemcitabine
GSM5664357_GTTCTATGTTAAGACA-1,0,gemcitabine
GSM5664357_GTTCTATTCACATACG-1,0,gemcitabine
GSM5664357_GTTGAACAGAAGCCAC-1,0,gemcitabine
GSM5664357_GTTGAACAGATTCGCT-1,0,gemcitabine
GSM5664357_GTTGAACCAACTGCCG-1,0,gemcitabine
GSM5664357_GTTGAACGTAGACAAT-1,0,gemcitabine
GSM5664357_GTTGAACTCAGCAATC-1,0,gemcitabine
GSM5664357_GTTGCGGAGAACAGGA-1,0,gemcitabine
GSM5664357_GTTGCGGAGCGTCGAA-1,0,gemcitabine
GSM5664357_GTTGCGGCACTACCCT-1,0,gemcitabine
GSM5664357_GTTGCGGGTACATACC-1,0,gemcitabine
GSM5664357_GTTGCGGTCATCTACT-1,0,gemcitabine
GSM5664357_GTTGCGGTCGTCTACC-1,0,gemcitabine
GSM5664357_GTTGCTCAGAATTGCA-1,0,gemcitabine
GSM5664357_GTTGCTCCAGCACGAA-1,0,gemcitabine
GSM5664357_GTTGCTCGTGATACTC-1,0,gemcitabine
GSM5664357_GTTGCTCTCGGATTAC-1,0,gemcitabine
GSM5664357_GTTGCTCTCGTTGCCT-1,0,gemcitabine
GSM5664357_GTTGTAGAGATCCAAA-1,0,gemcitabine
GSM5664357_GTTGTAGGTAGTATAG-1,0,gemcitabine
GSM5664357_GTTGTAGGTATCACCA-1,0,gemcitabine
GSM5664357_GTTGTAGGTCATCCCT-1,0,gemcitabine
GSM5664357_GTTGTAGGTTACACAC-1,0,gemcitabine
GSM5664357_GTTGTCCCACATTCTT-1,0,gemcitabine
GSM5664357_GTTGTCCTCCGATGTA-1,0,gemcitabine
GSM5664357_GTTGTCCTCGCCATAA-1,0,gemcitabine
GSM5664357_GTTGTCCTCTCCTGTG-1,0,gemcitabine
GSM5664357_GTTGTGAAGTTAGAAC-1,0,gemcitabine
GSM5664357_GTTGTGACAACCAATC-1,0,gemcitabine
GSM5664357_GTTGTGAGTTGGTACT-1,0,gemcitabine
GSM5664357_GTTGTGATCTTCGACC-1,0,gemcitabine
GSM5664357_GTTTACTGTGTTCGAT-1,0,gemcitabine
GSM5664357_GTTTACTTCAAGGTGG-1,0,gemcitabine
GSM5664357_GTTTACTTCAGGAAAT-1,0,gemcitabine
GSM5664357_GTTTACTTCCCTTGTG-1,0,gemcitabine
GSM5664357_GTTTACTTCTTCCGTG-1,0,gemcitabine
GSM5664357_GTTTGGAAGTAGGGTC-1,0,gemcitabine
GSM5664357_GTTTGGAGTATGGAGC-1,0,gemcitabine
GSM5664357_GTTTGGATCACGGTCG-1,0,gemcitabine
GSM5664357_TAACACGAGAGGTCAC-1,0,gemcitabine
GSM5664357_TAACACGAGGGAGTTC-1,0,gemcitabine
GSM5664357_TAACACGAGTCATGCT-1,0,gemcitabine
GSM5664357_TAACACGCAAGGTACG-1,0,gemcitabine
GSM5664357_TAACACGGTATGGGAC-1,0,gemcitabine
GSM5664357_TAACACGTCAACTGAC-1,0,gemcitabine
GSM5664357_TAACACGTCATGCTAG-1,0,gemcitabine
GSM5664357_TAACACGTCTAACGCA-1,0,gemcitabine
GSM5664357_TAACCAGAGCTCGACC-1,0,gemcitabine
GSM5664357_TAACCAGAGTCGCCAC-1,0,gemcitabine
GSM5664357_TAACCAGAGTGGCGAT-1,0,gemcitabine
GSM5664357_TAACCAGCATGTGACT-1,0,gemcitabine
GSM5664357_TAACCAGGTAGATTAG-1,0,gemcitabine
GSM5664357_TAACCAGGTCGATTTG-1,0,gemcitabine
GSM5664357_TAACGACAGGAACGCT-1,0,gemcitabine
GSM5664357_TAACGACAGTAAACTG-1,0,gemcitabine
GSM5664357_TAACGACCAATGCAAA-1,0,gemcitabine
GSM5664357_TAACGACCACAGAGCA-1,0,gemcitabine
GSM5664357_TAACGACCACGGAAGT-1,0,gemcitabine
GSM5664357_TAACGACTCTATGCCC-1,0,gemcitabine
GSM5664357_TAACTTCAGCAGGTCA-1,0,gemcitabine
GSM5664357_TAACTTCAGTCATGAA-1,0,gemcitabine
GSM5664357_TAACTTCCAAATCAAG-1,0,gemcitabine
GSM5664357_TAACTTCCAAGTACCT-1,0,gemcitabine
GSM5664357_TAACTTCGTCCAGGTC-1,0,gemcitabine
GSM5664357_TAACTTCGTCTTAGTG-1,0,gemcitabine
GSM5664357_TAACTTCGTTCTCCCA-1,0,gemcitabine
GSM5664357_TAAGCACAGGCACAAC-1,0,gemcitabine
GSM5664357_TAAGCACCACTGCGAC-1,0,gemcitabine
GSM5664357_TAAGCACCAGAGGCTA-1,0,gemcitabine
GSM5664357_TAAGCACGTACGTGTT-1,0,gemcitabine
GSM5664357_TAAGCCAAGACCATTC-1,0,gemcitabine
GSM5664357_TAAGCCATCAAGGCTT-1,0,gemcitabine
GSM5664357_TAAGCCATCTACTCAT-1,0,gemcitabine
GSM5664357_TAAGCGTCACCAACAT-1,0,gemcitabine
GSM5664357_TAAGTCGCAAGAGCTG-1,0,gemcitabine
GSM5664357_TAAGTCGCAAGTCCAT-1,0,gemcitabine
GSM5664357_TAAGTCGGTCGCGGTT-1,0,gemcitabine
GSM5664357_TAAGTCGTCACAACCA-1,0,gemcitabine
GSM5664357_TAAGTCGTCCATTGTT-1,0,gemcitabine
GSM5664357_TAATCTCAGGTGATAT-1,0,gemcitabine
GSM5664357_TAATTCCAGAGGGCGA-1,0,gemcitabine
GSM5664357_TAATTCCAGCATCCCG-1,0,gemcitabine
GSM5664357_TAATTCCAGGGCAACT-1,0,gemcitabine
GSM5664357_TAATTCCCAGACCAGA-1,0,gemcitabine
GSM5664357_TAATTCCCAGCATCTA-1,0,gemcitabine
GSM5664357_TAATTCCGTGACTCGC-1,0,gemcitabine
GSM5664357_TACAACGCAAAGACGC-1,0,gemcitabine
GSM5664357_TACAACGCAGCTAACT-1,0,gemcitabine
GSM5664357_TACAACGCAGGATTCT-1,0,gemcitabine
GSM5664357_TACAACGCATAGTCGT-1,0,gemcitabine
GSM5664357_TACAACGGTCGAGTTT-1,0,gemcitabine
GSM5664357_TACAACGTCCACATAG-1,0,gemcitabine
GSM5664357_TACAACGTCCTAGAGT-1,0,gemcitabine
GSM5664357_TACACCCAGCGACTGA-1,0,gemcitabine
GSM5664357_TACACCCAGCGTGCCT-1,0,gemcitabine
GSM5664357_TACACCCAGGCGCTCT-1,0,gemcitabine
GSM5664357_TACACCCAGGGATGTC-1,0,gemcitabine
GSM5664357_TACACCCAGGTCACTT-1,0,gemcitabine
GSM5664357_TACACCCCAACCCTCT-1,0,gemcitabine
GSM5664357_TACACCCCACAACCGC-1,0,gemcitabine
GSM5664357_TACACCCCACCAGTTA-1,0,gemcitabine
GSM5664357_TACACCCGTACCAATC-1,0,gemcitabine
GSM5664357_TACACCCTCATGTCTT-1,0,gemcitabine
GSM5664357_TACAGGTCACATCCCT-1,0,gemcitabine
GSM5664357_TACAGGTTCTAGAGCT-1,0,gemcitabine
GSM5664357_TACATTCAGGAAGAAC-1,0,gemcitabine
GSM5664357_TACATTCAGGGATGTC-1,0,gemcitabine
GSM5664357_TACATTCAGTTGTAAG-1,0,gemcitabine
GSM5664357_TACATTCCACGGTGTC-1,0,gemcitabine
GSM5664357_TACATTCCATAGACTC-1,0,gemcitabine
GSM5664357_TACATTCGTCTCTCTG-1,0,gemcitabine
GSM5664357_TACATTCGTGTGTGGA-1,0,gemcitabine
GSM5664357_TACATTCGTTCCTACC-1,0,gemcitabine
GSM5664357_TACATTCTCGAGAAAT-1,0,gemcitabine
GSM5664357_TACCCACCAAGCCATT-1,0,gemcitabine
GSM5664357_TACCCACCACCATAAC-1,0,gemcitabine
GSM5664357_TACCCACCACCGGCTA-1,0,gemcitabine
GSM5664357_TACCCACTCACACCGG-1,0,gemcitabine
GSM5664357_TACCCACTCGCAGTCG-1,0,gemcitabine
GSM5664357_TACCCGTAGTGATAAC-1,0,gemcitabine
GSM5664357_TACCCGTCACAAATGA-1,0,gemcitabine
GSM5664357_TACCCGTTCAGACCGC-1,0,gemcitabine
GSM5664357_TACCCGTTCGCGTAGC-1,0,gemcitabine
GSM5664357_TACCGAAAGACAACTA-1,0,gemcitabine
GSM5664357_TACCGAAAGACCTGGA-1,0,gemcitabine
GSM5664357_TACCGAAAGCACCTGC-1,0,gemcitabine
GSM5664357_TACCGAAAGCATGAAT-1,0,gemcitabine
GSM5664357_TACCGAACAGACAAAT-1,0,gemcitabine
GSM5664357_TACCGAAGTCAATCTG-1,0,gemcitabine
GSM5664357_TACCGAAGTTGCAACT-1,0,gemcitabine
GSM5664357_TACCGAATCGCACGAC-1,0,gemcitabine
GSM5664357_TACCGGGAGACTTAAG-1,0,gemcitabine
GSM5664357_TACCGGGTCTTCGATT-1,0,gemcitabine
GSM5664357_TACCTCGAGCTGTTCA-1,0,gemcitabine
GSM5664357_TACCTCGCACTTGTCC-1,0,gemcitabine
GSM5664357_TACCTCGTCCATAGAC-1,0,gemcitabine
GSM5664357_TACCTCGTCTCGCTCA-1,0,gemcitabine
GSM5664357_TACCTGCAGCTTGTTG-1,0,gemcitabine
GSM5664357_TACGCTCAGAGAACCC-1,0,gemcitabine
GSM5664357_TACGCTCAGCCTCATA-1,0,gemcitabine
GSM5664357_TACGCTCAGCCTCTTC-1,0,gemcitabine
GSM5664357_TACGCTCAGCGTGTCC-1,0,gemcitabine
GSM5664357_TACGCTCCAGGATGAC-1,0,gemcitabine
GSM5664357_TACGGGCAGAGGGTAA-1,0,gemcitabine
GSM5664357_TACGGGCAGCGCTTCG-1,0,gemcitabine
GSM5664357_TACGGGCAGGATATAC-1,0,gemcitabine
GSM5664357_TACGGGCAGGCCCAAA-1,0,gemcitabine
GSM5664357_TACGGGCAGTCGGGAT-1,0,gemcitabine
GSM5664357_TACGGGCCACTGATTG-1,0,gemcitabine
GSM5664357_TACGGGCGTCCGGTGT-1,0,gemcitabine
GSM5664357_TACGGGCTCGTGTGGC-1,0,gemcitabine
GSM5664357_TACGGTACAAGCGAGT-1,0,gemcitabine
GSM5664357_TACGGTACACATTGTG-1,0,gemcitabine
GSM5664357_TACGGTACATCCTATT-1,0,gemcitabine
GSM5664357_TACGGTATCCAATGCA-1,0,gemcitabine
GSM5664357_TACGGTATCTTACTGT-1,0,gemcitabine
GSM5664357_TACGTCCAGCGAGTCA-1,0,gemcitabine
GSM5664357_TACGTCCAGCTCCATA-1,0,gemcitabine
GSM5664357_TACGTCCCACACCTAA-1,0,gemcitabine
GSM5664357_TACGTCCCATGCGGTC-1,0,gemcitabine
GSM5664357_TACGTCCTCAAGCTGT-1,0,gemcitabine
GSM5664357_TACGTCCTCAGGCGAA-1,0,gemcitabine
GSM5664357_TACTGCCAGCCTGCCA-1,0,gemcitabine
GSM5664357_TACTGCCAGGTAGGCT-1,0,gemcitabine
GSM5664357_TACTGCCAGTCATGGG-1,0,gemcitabine
GSM5664357_TACTGCCAGTGATGGC-1,0,gemcitabine
GSM5664357_TACTGCCTCAGGAGAC-1,0,gemcitabine
GSM5664357_TACTTACCACAAATGA-1,0,gemcitabine
GSM5664357_TACTTACCAGCAGATG-1,0,gemcitabine
GSM5664357_TACTTACCATCTTTCA-1,0,gemcitabine
GSM5664357_TACTTACCATGCGGTC-1,0,gemcitabine
GSM5664357_TACTTACGTACATTGC-1,0,gemcitabine
GSM5664357_TACTTACTCTGAGCAT-1,0,gemcitabine
GSM5664357_TACTTCACAGCGTGCT-1,0,gemcitabine
GSM5664357_TACTTCACAGGCATTT-1,0,gemcitabine
GSM5664357_TACTTCAGTAACAGGC-1,0,gemcitabine
GSM5664357_TACTTCAGTCGCCTAG-1,0,gemcitabine
GSM5664357_TACTTCAGTTCTCAGA-1,0,gemcitabine
GSM5664357_TACTTCATCATGTCTT-1,0,gemcitabine
GSM5664357_TACTTCATCATTCGGA-1,0,gemcitabine
GSM5664357_TACTTGTAGCCAACCC-1,0,gemcitabine
GSM5664357_TACTTGTAGTCTTCGA-1,0,gemcitabine
GSM5664357_TACTTGTGTCTTGTCC-1,0,gemcitabine
GSM5664357_TACTTGTGTTAAAGTG-1,0,gemcitabine
GSM5664357_TACTTGTGTTGGTAGG-1,0,gemcitabine
GSM5664357_TACTTGTTCCATCACC-1,0,gemcitabine
GSM5664357_TAGACCAAGACATAGT-1,0,gemcitabine
GSM5664357_TAGACCAAGAGGCGTT-1,0,gemcitabine
GSM5664357_TAGACCAAGCTCCATA-1,0,gemcitabine
GSM5664357_TAGACCAAGGAAGTGA-1,0,gemcitabine
GSM5664357_TAGACCAGTTCTCGTC-1,0,gemcitabine
GSM5664357_TAGACTGAGCAGCAGT-1,0,gemcitabine
GSM5664357_TAGACTGGTAGTAAGT-1,0,gemcitabine
GSM5664357_TAGACTGTCAACTACG-1,0,gemcitabine
GSM5664357_TAGACTGTCTCCTACG-1,0,gemcitabine
GSM5664357_TAGACTGTCTTGATTC-1,0,gemcitabine
GSM5664357_TAGAGTCAGTCATGCT-1,0,gemcitabine
GSM5664357_TAGAGTCCACAAATAG-1,0,gemcitabine
GSM5664357_TAGAGTCCAGGCCCTA-1,0,gemcitabine
GSM5664357_TAGATCGAGACTCCGC-1,0,gemcitabine
GSM5664357_TAGATCGAGAGTAACT-1,0,gemcitabine
GSM5664357_TAGATCGAGCTCATAC-1,0,gemcitabine
GSM5664357_TAGATCGCACCAGCTG-1,0,gemcitabine
GSM5664357_TAGATCGGTTCACGAT-1,0,gemcitabine
GSM5664357_TAGATCGTCCGTCAAA-1,0,gemcitabine
GSM5664357_TAGATCGTCTTAGCTT-1,0,gemcitabine
GSM5664357_TAGCACACAAAGGGCT-1,0,gemcitabine
GSM5664357_TAGCACACACAGAGCA-1,0,gemcitabine
GSM5664357_TAGCACACACATTACG-1,0,gemcitabine
GSM5664357_TAGCACAGTAGCACGA-1,0,gemcitabine
GSM5664357_TAGCACATCACTGTCC-1,0,gemcitabine
GSM5664357_TAGCACATCCTAGCCT-1,0,gemcitabine
GSM5664357_TAGCACATCGTGTTCC-1,0,gemcitabine
GSM5664357_TAGGAGGCAAGCACAG-1,0,gemcitabine
GSM5664357_TAGGGTTAGACTCAAA-1,0,gemcitabine
GSM5664357_TAGGGTTAGTATGGAT-1,0,gemcitabine
GSM5664357_TAGGGTTCAAGTCGTT-1,0,gemcitabine
GSM5664357_TAGGGTTCACCGTCGA-1,0,gemcitabine
GSM5664357_TAGGGTTTCACTGAAC-1,0,gemcitabine
GSM5664357_TAGGGTTTCCATCACC-1,0,gemcitabine
GSM5664357_TAGGGTTTCGCCTCTA-1,0,gemcitabine
GSM5664357_TAGGTACCATTGACAC-1,0,gemcitabine
GSM5664357_TAGGTACTCGAGCCAC-1,0,gemcitabine
GSM5664357_TAGGTTGGTTGCCGCA-1,0,gemcitabine
GSM5664357_TAGGTTGGTTGGGTTT-1,0,gemcitabine
GSM5664357_TAGGTTGTCACCCTGT-1,0,gemcitabine
GSM5664357_TAGGTTGTCATACGGT-1,0,gemcitabine
GSM5664357_TAGTGCAAGGCTAAAT-1,0,gemcitabine
GSM5664357_TAGTGCACAACTGATC-1,0,gemcitabine
GSM5664357_TAGTGCAGTCCAAGAG-1,0,gemcitabine
GSM5664357_TAGTGCAGTGTTTCTT-1,0,gemcitabine
GSM5664357_TAGTGCATCCAGCCTT-1,0,gemcitabine
GSM5664357_TATACCTCAAACGAGC-1,0,gemcitabine
GSM5664357_TATACCTCAGGAATAT-1,0,gemcitabine
GSM5664357_TATACCTCATCCTATT-1,0,gemcitabine
GSM5664357_TATACCTGTCATTGCA-1,0,gemcitabine
GSM5664357_TATACCTGTTCCAGGC-1,0,gemcitabine
GSM5664357_TATACCTTCAAGGTGG-1,0,gemcitabine
GSM5664357_TATACCTTCATTTGTC-1,0,gemcitabine
GSM5664357_TATACCTTCCGATGCG-1,0,gemcitabine
GSM5664357_TATATCCCACTCATAG-1,0,gemcitabine
GSM5664357_TATATCCCAGCGTACC-1,0,gemcitabine
GSM5664357_TATATCCGTTCGTAAC-1,0,gemcitabine
GSM5664357_TATCAGGAGAGGCCAT-1,0,gemcitabine
GSM5664357_TATCAGGAGGATTCAA-1,0,gemcitabine
GSM5664357_TATCAGGTCCAGCTCT-1,0,gemcitabine
GSM5664357_TATCCTACACCACATA-1,0,gemcitabine
GSM5664357_TATCCTAGTAACCAGG-1,0,gemcitabine
GSM5664357_TATCCTAGTCACCGAC-1,0,gemcitabine
GSM5664357_TATCCTATCAACTTTC-1,0,gemcitabine
GSM5664357_TATCCTATCCTTCGAC-1,0,gemcitabine
GSM5664357_TATCCTATCTACCTTA-1,0,gemcitabine
GSM5664357_TATCCTATCTCGTGAA-1,0,gemcitabine
GSM5664357_TATCGCCAGAGTCTTC-1,0,gemcitabine
GSM5664357_TATCGCCCACAATGCT-1,0,gemcitabine
GSM5664357_TATCGCCCACGTAGTT-1,0,gemcitabine
GSM5664357_TATCGCCCAGTCGGTC-1,0,gemcitabine
GSM5664357_TATCGCCCATCAGCTA-1,0,gemcitabine
GSM5664357_TATCGCCTCGGTAAGG-1,0,gemcitabine
GSM5664357_TATCGCCTCGTCAAAC-1,0,gemcitabine
GSM5664357_TATCTGTAGATGTAGT-1,0,gemcitabine
GSM5664357_TATCTGTCAGTTGCGC-1,0,gemcitabine
GSM5664357_TATCTGTGTGTGATGG-1,0,gemcitabine
GSM5664357_TATCTTGAGTAGCATA-1,0,gemcitabine
GSM5664357_TATCTTGCAACTCATG-1,0,gemcitabine
GSM5664357_TATCTTGGTAAGATAC-1,0,gemcitabine
GSM5664357_TATCTTGGTCCGGTGT-1,0,gemcitabine
GSM5664357_TATCTTGTCAAGCCTA-1,0,gemcitabine
GSM5664357_TATGTTCAGGTTCACT-1,0,gemcitabine
GSM5664357_TATGTTCAGTGCCTCG-1,0,gemcitabine
GSM5664357_TATGTTCCAAGCACCC-1,0,gemcitabine
GSM5664357_TATGTTCCAATTGAAG-1,0,gemcitabine
GSM5664357_TATGTTCGTTTGAACC-1,0,gemcitabine
GSM5664357_TATGTTCTCAGACCCG-1,0,gemcitabine
GSM5664357_TATGTTCTCTACACAG-1,0,gemcitabine
GSM5664357_TATTCCAAGCTAATCC-1,0,gemcitabine
GSM5664357_TATTCCAAGTAAGCAT-1,0,gemcitabine
GSM5664357_TATTCCACATCGATAC-1,0,gemcitabine
GSM5664357_TATTCCACATGGCCCA-1,0,gemcitabine
GSM5664357_TATTCCAGTGGCAACA-1,0,gemcitabine
GSM5664357_TATTCCATCCCTCGAT-1,0,gemcitabine
GSM5664357_TATTCCATCTTTGATC-1,0,gemcitabine
GSM5664357_TATTGCTAGTTATGGA-1,0,gemcitabine
GSM5664357_TATTGCTCAATAGTGA-1,0,gemcitabine
GSM5664357_TATTGCTCAGAGGCAT-1,0,gemcitabine
GSM5664357_TATTGCTCAGCGAACA-1,0,gemcitabine
GSM5664357_TATTGCTGTTGACGGA-1,0,gemcitabine
GSM5664357_TATTGCTTCTTACGGA-1,0,gemcitabine
GSM5664357_TATTGGGCAATCTCGA-1,0,gemcitabine
GSM5664357_TATTGGGCATTCTTCA-1,0,gemcitabine
GSM5664357_TATTTCGCAGAGCCCT-1,0,gemcitabine
GSM5664357_TATTTCGCAGTGTATC-1,0,gemcitabine
GSM5664357_TATTTCGTCCCTCAAC-1,0,gemcitabine
GSM5664357_TATTTCGTCGCAGAGA-1,0,gemcitabine
GSM5664357_TCAAGACAGAGAGCAA-1,0,gemcitabine
GSM5664357_TCAAGACAGCATTTGC-1,0,gemcitabine
GSM5664357_TCAAGACAGGGCAACT-1,0,gemcitabine
GSM5664357_TCAAGACAGGGTGAGG-1,0,gemcitabine
GSM5664357_TCAAGACAGTCCTGTA-1,0,gemcitabine
GSM5664357_TCAAGACCACTAGGCC-1,0,gemcitabine
GSM5664357_TCAAGACCATGCGGTC-1,0,gemcitabine
GSM5664357_TCAAGACTCCATTGTT-1,0,gemcitabine
GSM5664357_TCAAGCAAGCAGATAT-1,0,gemcitabine
GSM5664357_TCAAGCAAGGACTAAT-1,0,gemcitabine
GSM5664357_TCAAGCACAAGGCCTC-1,0,gemcitabine
GSM5664357_TCAAGCACACTACCGG-1,0,gemcitabine
GSM5664357_TCAAGCACAGTGGGTA-1,0,gemcitabine
GSM5664357_TCAAGCACATGGCGCT-1,0,gemcitabine
GSM5664357_TCAAGCAGTATTGACC-1,0,gemcitabine
GSM5664357_TCAAGCAGTTAAAGTG-1,0,gemcitabine
GSM5664357_TCAAGTGAGCGTTACT-1,0,gemcitabine
GSM5664357_TCAAGTGCAGAGAATT-1,0,gemcitabine
GSM5664357_TCAAGTGCATGGGCAA-1,0,gemcitabine
GSM5664357_TCAAGTGTCACCGCTT-1,0,gemcitabine
GSM5664357_TCAAGTGTCCATCTAT-1,0,gemcitabine
GSM5664357_TCAATCTAGAGCATCG-1,0,gemcitabine
GSM5664357_TCAATCTTCATCGACA-1,0,gemcitabine
GSM5664357_TCAATCTTCTGGGCCA-1,0,gemcitabine
GSM5664357_TCAATTCAGGGTAATT-1,0,gemcitabine
GSM5664357_TCAATTCGTAGTGGCA-1,0,gemcitabine
GSM5664357_TCAATTCGTTTAGAGA-1,0,gemcitabine
GSM5664357_TCAATTCGTTTCAGAC-1,0,gemcitabine
GSM5664357_TCAATTCTCCATCGTC-1,0,gemcitabine
GSM5664357_TCAATTCTCCATTCGC-1,0,gemcitabine
GSM5664357_TCAATTCTCTCTTAAC-1,0,gemcitabine
GSM5664357_TCACAAGCAAAGACTA-1,0,gemcitabine
GSM5664357_TCACAAGGTGACCTGC-1,0,gemcitabine
GSM5664357_TCACAAGTCAGTCATG-1,0,gemcitabine
GSM5664357_TCACAAGTCCAAATGC-1,0,gemcitabine
GSM5664357_TCACAAGTCCAAGAGG-1,0,gemcitabine
GSM5664357_TCACAAGTCTAACGGT-1,0,gemcitabine
GSM5664357_TCACACCAGGTTCTTG-1,0,gemcitabine
GSM5664357_TCACACCGTACTTCCC-1,0,gemcitabine
GSM5664357_TCACACCGTCGTTGGC-1,0,gemcitabine
GSM5664357_TCACACCGTCTCGGAC-1,0,gemcitabine
GSM5664357_TCACACCTCCCTCGAT-1,0,gemcitabine
GSM5664357_TCACACCTCGCTGCGA-1,0,gemcitabine
GSM5664357_TCACATTAGACTCTTG-1,0,gemcitabine
GSM5664357_TCACATTAGGTGGGTT-1,0,gemcitabine
GSM5664357_TCACATTCAGCTTCGG-1,0,gemcitabine
GSM5664357_TCACATTGTAGACTGG-1,0,gemcitabine
GSM5664357_TCACATTGTCCCTCAT-1,0,gemcitabine
GSM5664357_TCACATTGTCCTTTGC-1,0,gemcitabine
GSM5664357_TCACATTTCCCTATTA-1,0,gemcitabine
GSM5664357_TCACATTTCCGAGGCT-1,0,gemcitabine
GSM5664357_TCACATTTCTCCCTAG-1,0,gemcitabine
GSM5664357_TCACGCTAGGGCCTCT-1,0,gemcitabine
GSM5664357_TCACGCTAGTATGATG-1,0,gemcitabine
GSM5664357_TCACGCTAGTCGAAGC-1,0,gemcitabine
GSM5664357_TCACGCTTCCAACACA-1,0,gemcitabine
GSM5664357_TCACGCTTCCATAAGC-1,0,gemcitabine
GSM5664357_TCACGCTTCGCCTTGT-1,0,gemcitabine
GSM5664357_TCACGGGAGATGTTGA-1,0,gemcitabine
GSM5664357_TCACGGGGTCACATTG-1,0,gemcitabine
GSM5664357_TCACGGGTCCGTGGTG-1,0,gemcitabine
GSM5664357_TCACGGGTCGAGCACC-1,0,gemcitabine
GSM5664357_TCACTATCACCAGCTG-1,0,gemcitabine
GSM5664357_TCACTATCATGTGCCG-1,0,gemcitabine
GSM5664357_TCACTATGTGATATAG-1,0,gemcitabine
GSM5664357_TCACTATTCACCGCTT-1,0,gemcitabine
GSM5664357_TCACTATTCCTCACGT-1,0,gemcitabine
GSM5664357_TCACTATTCGACATAC-1,0,gemcitabine
GSM5664357_TCACTCGAGTTCTCTT-1,0,gemcitabine
GSM5664357_TCACTCGGTATGTGTC-1,0,gemcitabine
GSM5664357_TCACTCGGTGACTGAG-1,0,gemcitabine
GSM5664357_TCACTCGTCGCCGTGA-1,0,gemcitabine
GSM5664357_TCAGCAACATGTAACC-1,0,gemcitabine
GSM5664357_TCAGCAAGTATCCCTC-1,0,gemcitabine
GSM5664357_TCAGCAAGTCTTGAAC-1,0,gemcitabine
GSM5664357_TCAGCAATCCACACCT-1,0,gemcitabine
GSM5664357_TCAGCCTAGTATAGGT-1,0,gemcitabine
GSM5664357_TCAGCCTCACGGTGCT-1,0,gemcitabine
GSM5664357_TCAGCCTGTATACAGA-1,0,gemcitabine
GSM5664357_TCAGCCTGTTCATCGA-1,0,gemcitabine
GSM5664357_TCAGCCTTCTCCGCAT-1,0,gemcitabine
GSM5664357_TCAGCCTTCTCGTCAC-1,0,gemcitabine
GSM5664357_TCAGCCTTCTTAGGAC-1,0,gemcitabine
GSM5664357_TCAGGGCGTCACCTTC-1,0,gemcitabine
GSM5664357_TCAGGGCTCATCACTT-1,0,gemcitabine
GSM5664357_TCAGGGCTCCGCTTAC-1,0,gemcitabine
GSM5664357_TCAGGGCTCGTGTCAA-1,0,gemcitabine
GSM5664357_TCAGGTAAGAGTCTTC-1,0,gemcitabine
GSM5664357_TCAGGTAAGCAAATCA-1,0,gemcitabine
GSM5664357_TCAGGTAAGGTGCCAA-1,0,gemcitabine
GSM5664357_TCAGGTAAGTGATGGC-1,0,gemcitabine
GSM5664357_TCAGGTACAACAACAA-1,0,gemcitabine
GSM5664357_TCAGGTACACCAGCGT-1,0,gemcitabine
GSM5664357_TCAGGTATCCGCTGTT-1,0,gemcitabine
GSM5664357_TCAGGTATCGACGAGA-1,0,gemcitabine
GSM5664357_TCAGTCCAGAGGTATT-1,0,gemcitabine
GSM5664357_TCAGTCCAGCAGGCAT-1,0,gemcitabine
GSM5664357_TCAGTCCAGGCCACTC-1,0,gemcitabine
GSM5664357_TCAGTCCAGGCCCAAA-1,0,gemcitabine
GSM5664357_TCAGTCCCAAACCATC-1,0,gemcitabine
GSM5664357_TCAGTCCCACTCATAG-1,0,gemcitabine
GSM5664357_TCAGTCCCATATAGCC-1,0,gemcitabine
GSM5664357_TCAGTCCCATATGCGT-1,0,gemcitabine
GSM5664357_TCAGTCCGTCATATGC-1,0,gemcitabine
GSM5664357_TCAGTCCGTTCAGGTT-1,0,gemcitabine
GSM5664357_TCAGTCCTCCGTTGGG-1,0,gemcitabine
GSM5664357_TCAGTCCTCGGTAGAG-1,0,gemcitabine
GSM5664357_TCAGTCCTCTTGATTC-1,0,gemcitabine
GSM5664357_TCAGTGAGTAAGTAGT-1,0,gemcitabine
GSM5664357_TCAGTGAGTAATGCTC-1,0,gemcitabine
GSM5664357_TCAGTGATCCGATGCG-1,0,gemcitabine
GSM5664357_TCAGTTTAGAAGTCTA-1,0,gemcitabine
GSM5664357_TCAGTTTGTCTTACAG-1,0,gemcitabine
GSM5664357_TCAGTTTGTGCTAGCC-1,0,gemcitabine
GSM5664357_TCATACTAGACGTCCC-1,0,gemcitabine
GSM5664357_TCATACTAGATCACTC-1,0,gemcitabine
GSM5664357_TCATACTTCAAGCCCG-1,0,gemcitabine
GSM5664357_TCATACTTCCAAGGGA-1,0,gemcitabine
GSM5664357_TCATACTTCCCTTCCC-1,0,gemcitabine
GSM5664357_TCATACTTCCTACCAC-1,0,gemcitabine
GSM5664357_TCATATCAGATAGTGT-1,0,gemcitabine
GSM5664357_TCATATCAGTACAGAT-1,0,gemcitabine
GSM5664357_TCATATCAGTCGTCTA-1,0,gemcitabine
GSM5664357_TCATATCGTATACCTG-1,0,gemcitabine
GSM5664357_TCATATCGTTAACCTG-1,0,gemcitabine
GSM5664357_TCATATCTCAAGTTGC-1,0,gemcitabine
GSM5664357_TCATATCTCGTAGGGA-1,0,gemcitabine
GSM5664357_TCATCATAGGCAGTCA-1,0,gemcitabine
GSM5664357_TCATCATAGTAAACGT-1,0,gemcitabine
GSM5664357_TCATCATAGTAAGAGG-1,0,gemcitabine
GSM5664357_TCATCATCACACCTAA-1,0,gemcitabine
GSM5664357_TCATCATCACGTAGAG-1,0,gemcitabine
GSM5664357_TCATCATCATGACTGT-1,0,gemcitabine
GSM5664357_TCATCATGTCAACACT-1,0,gemcitabine
GSM5664357_TCATCATTCATCGCTC-1,0,gemcitabine
GSM5664357_TCATCATTCGACACTA-1,0,gemcitabine
GSM5664357_TCATCCGCAATTCTTC-1,0,gemcitabine
GSM5664357_TCATCCGTCCATTGGA-1,0,gemcitabine
GSM5664357_TCATGAGCAACCAGAG-1,0,gemcitabine
GSM5664357_TCATGAGCATCGTCCT-1,0,gemcitabine
GSM5664357_TCATGAGGTGACTCTA-1,0,gemcitabine
GSM5664357_TCATGAGTCAATCCGA-1,0,gemcitabine
GSM5664357_TCATGCCAGACAACTA-1,0,gemcitabine
GSM5664357_TCATGCCAGACGCCAA-1,0,gemcitabine
GSM5664357_TCATGCCAGCCGCACT-1,0,gemcitabine
GSM5664357_TCATGCCCACATCCCT-1,0,gemcitabine
GSM5664357_TCATGCCCATCTCCCA-1,0,gemcitabine
GSM5664357_TCATGCCGTCAAAGTA-1,0,gemcitabine
GSM5664357_TCATGCCTCATTCATC-1,0,gemcitabine
GSM5664357_TCATGCCTCTTCCCGA-1,0,gemcitabine
GSM5664357_TCATGCCTCTTCGATT-1,0,gemcitabine
GSM5664357_TCATGGAAGCATGATA-1,0,gemcitabine
GSM5664357_TCATGGACAAGACTGG-1,0,gemcitabine
GSM5664357_TCATGGACAGTCGCTG-1,0,gemcitabine
GSM5664357_TCATGGAGTTACACTG-1,0,gemcitabine
GSM5664357_TCATGGATCACAATGC-1,0,gemcitabine
GSM5664357_TCATGGATCCACGTGG-1,0,gemcitabine
GSM5664357_TCATGGATCTTCACAT-1,0,gemcitabine
GSM5664357_TCATGTTAGCAAATCA-1,0,gemcitabine
GSM5664357_TCATGTTCATCGGAAG-1,0,gemcitabine
GSM5664357_TCATGTTCATGCCATA-1,0,gemcitabine
GSM5664357_TCATGTTGTGATTCTG-1,0,gemcitabine
GSM5664357_TCATGTTGTTAAGTCC-1,0,gemcitabine
GSM5664357_TCATGTTGTTATTCCT-1,0,gemcitabine
GSM5664357_TCATGTTTCACCTTAT-1,0,gemcitabine
GSM5664357_TCATGTTTCGCCTATC-1,0,gemcitabine
GSM5664357_TCATGTTTCTCATTAC-1,0,gemcitabine
GSM5664357_TCATTACAGAAATTGC-1,0,gemcitabine
GSM5664357_TCATTACAGCACTCCG-1,0,gemcitabine
GSM5664357_TCATTACAGGAATTAC-1,0,gemcitabine
GSM5664357_TCATTACCAACCGCTG-1,0,gemcitabine
GSM5664357_TCATTACGTTAAGCAA-1,0,gemcitabine
GSM5664357_TCATTACGTTCATCGA-1,0,gemcitabine
GSM5664357_TCATTACTCACATACG-1,0,gemcitabine
GSM5664357_TCATTACTCCTGGTCT-1,0,gemcitabine
GSM5664357_TCATTACTCTAGCCAA-1,0,gemcitabine
GSM5664357_TCATTCACAGGTGTGA-1,0,gemcitabine
GSM5664357_TCATTCAGTATCACGT-1,0,gemcitabine
GSM5664357_TCATTCAGTCGACTGC-1,0,gemcitabine
GSM5664357_TCATTCATCGCTGTTC-1,0,gemcitabine
GSM5664357_TCATTCATCGGTATGT-1,0,gemcitabine
GSM5664357_TCATTGTCAGATCCAT-1,0,gemcitabine
GSM5664357_TCATTGTCAGGCCCTA-1,0,gemcitabine
GSM5664357_TCATTGTGTAACACCT-1,0,gemcitabine
GSM5664357_TCATTGTGTTTGTTCT-1,0,gemcitabine
GSM5664357_TCATTGTTCATCGGGC-1,0,gemcitabine
GSM5664357_TCATTGTTCTTGTGCC-1,0,gemcitabine
GSM5664357_TCATTTGAGTATTGCC-1,0,gemcitabine
GSM5664357_TCATTTGAGTGCAACG-1,0,gemcitabine
GSM5664357_TCATTTGCACAGCCAC-1,0,gemcitabine
GSM5664357_TCATTTGCATTGCTGA-1,0,gemcitabine
GSM5664357_TCATTTGGTCCGCAGT-1,0,gemcitabine
GSM5664357_TCCACCAAGAAGGTAG-1,0,gemcitabine
GSM5664357_TCCACCACAATGTCTG-1,0,gemcitabine
GSM5664357_TCCACCACACATGTTG-1,0,gemcitabine
GSM5664357_TCCACGTCAGCAGACA-1,0,gemcitabine
GSM5664357_TCCACGTCAGCCCAGT-1,0,gemcitabine
GSM5664357_TCCACGTGTAACATAG-1,0,gemcitabine
GSM5664357_TCCACGTGTCGAAGCA-1,0,gemcitabine
GSM5664357_TCCACGTGTCGAATGG-1,0,gemcitabine
GSM5664357_TCCAGAAAGAGAAGGT-1,0,gemcitabine
GSM5664357_TCCAGAAAGGTCATCT-1,0,gemcitabine
GSM5664357_TCCAGAAAGTTGCCCG-1,0,gemcitabine
GSM5664357_TCCAGAAGTATGCTAC-1,0,gemcitabine
GSM5664357_TCCAGAAGTATTCCTT-1,0,gemcitabine
GSM5664357_TCCAGAAGTCTCAAGT-1,0,gemcitabine
GSM5664357_TCCAGAATCGAACGGA-1,0,gemcitabine
GSM5664357_TCCAGAATCGACATAC-1,0,gemcitabine
GSM5664357_TCCAGAATCTGCCTGT-1,0,gemcitabine
GSM5664357_TCCATCGAGACACACG-1,0,gemcitabine
GSM5664357_TCCATCGAGACTCATC-1,0,gemcitabine
GSM5664357_TCCATCGCAACAGCCC-1,0,gemcitabine
GSM5664357_TCCATCGCAATCAAGA-1,0,gemcitabine
GSM5664357_TCCATCGCACGCCAGT-1,0,gemcitabine
GSM5664357_TCCATGCCAAATAAGC-1,0,gemcitabine
GSM5664357_TCCATGCCAAGTGCTT-1,0,gemcitabine
GSM5664357_TCCATGCCAGAGATGC-1,0,gemcitabine
GSM5664357_TCCATGCCAGGAAGTC-1,0,gemcitabine
GSM5664357_TCCATGCGTTGTTGAC-1,0,gemcitabine
GSM5664357_TCCATGCTCAAGCCCG-1,0,gemcitabine
GSM5664357_TCCATGCTCACACGAT-1,0,gemcitabine
GSM5664357_TCCATGCTCGCAGTTA-1,0,gemcitabine
GSM5664357_TCCATGCTCTTCCCAG-1,0,gemcitabine
GSM5664357_TCCCACACACAGGATG-1,0,gemcitabine
GSM5664357_TCCCACACAGAGTCTT-1,0,gemcitabine
GSM5664357_TCCCACATCAATGCAC-1,0,gemcitabine
GSM5664357_TCCCACATCGCATTAG-1,0,gemcitabine
GSM5664357_TCCCACATCGCGAAGA-1,0,gemcitabine
GSM5664357_TCCCACATCGCGTCGA-1,0,gemcitabine
GSM5664357_TCCCAGTCATATTCGG-1,0,gemcitabine
GSM5664357_TCCCAGTTCACCGGTG-1,0,gemcitabine
GSM5664357_TCCCATGGTCTCACAA-1,0,gemcitabine
GSM5664357_TCCCATGGTTCGGTAT-1,0,gemcitabine
GSM5664357_TCCCATGTCTGCACCT-1,0,gemcitabine
GSM5664357_TCCGAAAAGGTCCTGC-1,0,gemcitabine
GSM5664357_TCCGAAACACTACAGT-1,0,gemcitabine
GSM5664357_TCCGAAACAGTCAGCC-1,0,gemcitabine
GSM5664357_TCCGAAAGTAGACAGC-1,0,gemcitabine
GSM5664357_TCCGAAAGTCGAACAG-1,0,gemcitabine
GSM5664357_TCCGAAATCAACTACG-1,0,gemcitabine
GSM5664357_TCCGAAATCGTTGTTT-1,0,gemcitabine
GSM5664357_TCCGATCAGATTGGGC-1,0,gemcitabine
GSM5664357_TCCGATCAGTAAATGC-1,0,gemcitabine
GSM5664357_TCCGATCCAATGCAGG-1,0,gemcitabine
GSM5664357_TCCGATCCACTGGACC-1,0,gemcitabine
GSM5664357_TCCGATCCAGTTCTAG-1,0,gemcitabine
GSM5664357_TCCGATCGTTGTCAGT-1,0,gemcitabine
GSM5664357_TCCGATCTCACTGCTC-1,0,gemcitabine
GSM5664357_TCCGGGAAGCCTGTGC-1,0,gemcitabine
GSM5664357_TCCGGGACACGCAGTC-1,0,gemcitabine
GSM5664357_TCCGGGACACTAACCA-1,0,gemcitabine
GSM5664357_TCCGGGACATAACCCA-1,0,gemcitabine
GSM5664357_TCCGTGTCAAGAGATT-1,0,gemcitabine
GSM5664357_TCCGTGTCACACCGCA-1,0,gemcitabine
GSM5664357_TCCGTGTTCAGATTGC-1,0,gemcitabine
GSM5664357_TCCTAATAGCAATTCC-1,0,gemcitabine
GSM5664357_TCCTAATAGCAGAAAG-1,0,gemcitabine
GSM5664357_TCCTAATAGGTAGGCT-1,0,gemcitabine
GSM5664357_TCCTAATCAAATTGGA-1,0,gemcitabine
GSM5664357_TCCTAATCACATTCTT-1,0,gemcitabine
GSM5664357_TCCTAATGTCCACAGC-1,0,gemcitabine
GSM5664357_TCCTAATGTGAACCGA-1,0,gemcitabine
GSM5664357_TCCTAATGTGCGGATA-1,0,gemcitabine
GSM5664357_TCCTAATGTGCGTTTA-1,0,gemcitabine
GSM5664357_TCCTAATGTTACACTG-1,0,gemcitabine
GSM5664357_TCCTAATGTTGCACGC-1,0,gemcitabine
GSM5664357_TCCTAATTCTGCATAG-1,0,gemcitabine
GSM5664357_TCCTCCCAGCCAACCC-1,0,gemcitabine
GSM5664357_TCCTCCCAGTCGCCCA-1,0,gemcitabine
GSM5664357_TCCTCCCAGTTGGCGA-1,0,gemcitabine
GSM5664357_TCCTCCCTCACTGTTT-1,0,gemcitabine
GSM5664357_TCCTCCCTCAGTCCGG-1,0,gemcitabine
GSM5664357_TCCTCCCTCTACTCAT-1,0,gemcitabine
GSM5664357_TCCTCGAAGAAACTAC-1,0,gemcitabine
GSM5664357_TCCTCGACACAAGGTG-1,0,gemcitabine
GSM5664357_TCCTCGAGTAGCACGA-1,0,gemcitabine
GSM5664357_TCCTCGAGTGCATCTA-1,0,gemcitabine
GSM5664357_TCCTCGAGTGTAACGG-1,0,gemcitabine
GSM5664357_TCCTCGATCGGCATTA-1,0,gemcitabine
GSM5664357_TCCTCTTAGTATGCAA-1,0,gemcitabine
GSM5664357_TCCTCTTCAACAGATA-1,0,gemcitabine
GSM5664357_TCCTCTTCAACTCATG-1,0,gemcitabine
GSM5664357_TCCTCTTGTCGCCACA-1,0,gemcitabine
GSM5664357_TCCTCTTTCATTACGG-1,0,gemcitabine
GSM5664357_TCCTCTTTCCACGTCT-1,0,gemcitabine
GSM5664357_TCCTGCACAATGAAAC-1,0,gemcitabine
GSM5664357_TCCTGCAGTAGACAGC-1,0,gemcitabine
GSM5664357_TCCTGCAGTAGACTGG-1,0,gemcitabine
GSM5664357_TCCTGCAGTTACACAC-1,0,gemcitabine
GSM5664357_TCCTGCAGTTGCTTGA-1,0,gemcitabine
GSM5664357_TCCTGCATCATCACTT-1,0,gemcitabine
GSM5664357_TCCTGCATCTTAAGGC-1,0,gemcitabine
GSM5664357_TCCTTCTCATGCAGGA-1,0,gemcitabine
GSM5664357_TCCTTCTTCGCCACTT-1,0,gemcitabine
GSM5664357_TCCTTTCAGTCGCCAC-1,0,gemcitabine
GSM5664357_TCCTTTCCAACGGCTC-1,0,gemcitabine
GSM5664357_TCCTTTCCAGCACAAG-1,0,gemcitabine
GSM5664357_TCCTTTCGTTGCATCA-1,0,gemcitabine
GSM5664357_TCGAACAAGCACTCGC-1,0,gemcitabine
GSM5664357_TCGAACAAGCCTCAGC-1,0,gemcitabine
GSM5664357_TCGAACAAGGCATCGA-1,0,gemcitabine
GSM5664357_TCGAACAAGTAGCTCT-1,0,gemcitabine
GSM5664357_TCGAACACATGTAACC-1,0,gemcitabine
GSM5664357_TCGAACAGTAGCACGA-1,0,gemcitabine
GSM5664357_TCGAACAGTCTCCCTA-1,0,gemcitabine
GSM5664357_TCGAACAGTTCGAGCC-1,0,gemcitabine
GSM5664357_TCGAAGTAGGCCTAAG-1,0,gemcitabine
GSM5664357_TCGAAGTCACTACCGG-1,0,gemcitabine
GSM5664357_TCGAAGTCATAATGCC-1,0,gemcitabine
GSM5664357_TCGAAGTGTAACGTTC-1,0,gemcitabine
GSM5664357_TCGACCTAGGATGCGT-1,0,gemcitabine
GSM5664357_TCGACCTAGTATGTAG-1,0,gemcitabine
GSM5664357_TCGACCTCAAACCGGA-1,0,gemcitabine
GSM5664357_TCGACCTCAACAAGTA-1,0,gemcitabine
GSM5664357_TCGACCTCAGCTCCTT-1,0,gemcitabine
GSM5664357_TCGACCTGTATGGTAA-1,0,gemcitabine
GSM5664357_TCGACCTGTTATTCTC-1,0,gemcitabine
GSM5664357_TCGACCTGTTGGATCT-1,0,gemcitabine
GSM5664357_TCGACCTTCTTAGTTC-1,0,gemcitabine
GSM5664357_TCGACCTTCTTGCGCT-1,0,gemcitabine
GSM5664357_TCGACGGAGCCTCAGC-1,0,gemcitabine
GSM5664357_TCGACGGAGGTTACCT-1,0,gemcitabine
GSM5664357_TCGACGGCACCCAAGC-1,0,gemcitabine
GSM5664357_TCGACGGGTTCCGCTT-1,0,gemcitabine
GSM5664357_TCGATTTAGAGAGCCT-1,0,gemcitabine
GSM5664357_TCGATTTCAACACACT-1,0,gemcitabine
GSM5664357_TCGATTTCAACTTGCA-1,0,gemcitabine
GSM5664357_TCGATTTGTACGACAG-1,0,gemcitabine
GSM5664357_TCGATTTGTCGTGATT-1,0,gemcitabine
GSM5664357_TCGCACTCACTGCTTC-1,0,gemcitabine
GSM5664357_TCGCACTCAGTCGCTG-1,0,gemcitabine
GSM5664357_TCGCACTTCGCCAGTG-1,0,gemcitabine
GSM5664357_TCGCACTTCTTACCGC-1,0,gemcitabine
GSM5664357_TCGCAGGAGTCAACAA-1,0,gemcitabine
GSM5664357_TCGCAGGCACAGTCCG-1,0,gemcitabine
GSM5664357_TCGCAGGCACGACGAA-1,0,gemcitabine
GSM5664357_TCGCAGGCATGAGAAT-1,0,gemcitabine
GSM5664357_TCGCTCAAGACTGGGT-1,0,gemcitabine
GSM5664357_TCGCTCATCCGTAATG-1,0,gemcitabine
GSM5664357_TCGCTTGAGATTAGAC-1,0,gemcitabine
GSM5664357_TCGCTTGAGCACTCCG-1,0,gemcitabine
GSM5664357_TCGCTTGAGGATACGC-1,0,gemcitabine
GSM5664357_TCGCTTGCAAACACGG-1,0,gemcitabine
GSM5664357_TCGCTTGCAAGCGAGT-1,0,gemcitabine
GSM5664357_TCGCTTGGTATCCTCC-1,0,gemcitabine
GSM5664357_TCGCTTGGTTTGACAC-1,0,gemcitabine
GSM5664357_TCGCTTGTCCCATTCG-1,0,gemcitabine
GSM5664357_TCGGATAAGCTCAGAG-1,0,gemcitabine
GSM5664357_TCGGATAAGTGATTCC-1,0,gemcitabine
GSM5664357_TCGGATAGTCTCGGAC-1,0,gemcitabine
GSM5664357_TCGGATATCACTACTT-1,0,gemcitabine
GSM5664357_TCGGGACGTACCTGTA-1,0,gemcitabine
GSM5664357_TCGGGACGTTATAGCC-1,0,gemcitabine
GSM5664357_TCGGGACTCAGATGCT-1,0,gemcitabine
GSM5664357_TCGGGACTCCACGTCT-1,0,gemcitabine
GSM5664357_TCGGGCAAGACTACCT-1,0,gemcitabine
GSM5664357_TCGGGCAAGATCACTC-1,0,gemcitabine
GSM5664357_TCGGGCAAGATTAGCA-1,0,gemcitabine
GSM5664357_TCGGGCACAGTGTGCC-1,0,gemcitabine
GSM5664357_TCGGGCATCTATTTCG-1,0,gemcitabine
GSM5664357_TCGGGTGCACCAGCGT-1,0,gemcitabine
GSM5664357_TCGGGTGCAGGCGTTC-1,0,gemcitabine
GSM5664357_TCGGGTGCATAGGTAA-1,0,gemcitabine
GSM5664357_TCGGGTGGTCATCACA-1,0,gemcitabine
GSM5664357_TCGGGTGTCATCACAG-1,0,gemcitabine
GSM5664357_TCGGTCTAGATACCAA-1,0,gemcitabine
GSM5664357_TCGGTCTAGCAAGTGC-1,0,gemcitabine
GSM5664357_TCGGTCTCATCAGTGT-1,0,gemcitabine
GSM5664357_TCGGTCTCATCGGAAG-1,0,gemcitabine
GSM5664357_TCGGTCTCATGGGTTT-1,0,gemcitabine
GSM5664357_TCGGTCTGTGTATTCG-1,0,gemcitabine
GSM5664357_TCGTAGAAGGTAGGCT-1,0,gemcitabine
GSM5664357_TCGTAGACACAGTCCG-1,0,gemcitabine
GSM5664357_TCGTAGAGTAAGTTGA-1,0,gemcitabine
GSM5664357_TCGTAGAGTCCTTGTC-1,0,gemcitabine
GSM5664357_TCGTAGAGTTACGGAG-1,0,gemcitabine
GSM5664357_TCGTAGAGTTGCTCAA-1,0,gemcitabine
GSM5664357_TCGTAGATCAAAGACA-1,0,gemcitabine
GSM5664357_TCGTAGATCGGTGTAT-1,0,gemcitabine
GSM5664357_TCGTCCAAGGTTCTAC-1,0,gemcitabine
GSM5664357_TCGTCCACAACTGAAA-1,0,gemcitabine
GSM5664357_TCGTCCACAAGCACAG-1,0,gemcitabine
GSM5664357_TCGTCCACAAGTGTCT-1,0,gemcitabine
GSM5664357_TCGTCCAGTGTTTACG-1,0,gemcitabine
GSM5664357_TCGTCCATCCGTCAAA-1,0,gemcitabine
GSM5664357_TCGTCCATCGACGTCG-1,0,gemcitabine
GSM5664357_TCGTGCTAGAATTGCA-1,0,gemcitabine
GSM5664357_TCGTGCTAGATACCAA-1,0,gemcitabine
GSM5664357_TCGTGCTAGTAGCAAT-1,0,gemcitabine
GSM5664357_TCGTGCTCAATGAAAC-1,0,gemcitabine
GSM5664357_TCGTGCTCATGACTAC-1,0,gemcitabine
GSM5664357_TCGTGCTGTATCGAAA-1,0,gemcitabine
GSM5664357_TCGTGGGGTGATTCAC-1,0,gemcitabine
GSM5664357_TCGTGGGTCGACCACG-1,0,gemcitabine
GSM5664357_TCGTGGGTCTATTGTC-1,0,gemcitabine
GSM5664357_TCGTGGGTCTCTCAAT-1,0,gemcitabine
GSM5664357_TCTAACTAGGATTACA-1,0,gemcitabine
GSM5664357_TCTAACTCACCCTCTA-1,0,gemcitabine
GSM5664357_TCTAACTCACTGCGTG-1,0,gemcitabine
GSM5664357_TCTAACTCAGACCTGC-1,0,gemcitabine
GSM5664357_TCTAACTCATGAATCC-1,0,gemcitabine
GSM5664357_TCTAACTGTTCTCCTG-1,0,gemcitabine
GSM5664357_TCTAACTGTTTACTGG-1,0,gemcitabine
GSM5664357_TCTAACTTCACTTCTA-1,0,gemcitabine
GSM5664357_TCTAACTTCCACGTGG-1,0,gemcitabine
GSM5664357_TCTACATAGGTGCCTC-1,0,gemcitabine
GSM5664357_TCTACATCAAATCAAG-1,0,gemcitabine
GSM5664357_TCTACATCATTGAGCT-1,0,gemcitabine
GSM5664357_TCTACATGTAGCGATG-1,0,gemcitabine
GSM5664357_TCTACATTCCACTGAA-1,0,gemcitabine
GSM5664357_TCTACATTCTAACGGT-1,0,gemcitabine
GSM5664357_TCTACATTCTGTCTCG-1,0,gemcitabine
GSM5664357_TCTACCGAGAAGCTGC-1,0,gemcitabine
GSM5664357_TCTACCGAGAGAGTTT-1,0,gemcitabine
GSM5664357_TCTACCGCAAGATCCT-1,0,gemcitabine
GSM5664357_TCTACCGGTCTACACA-1,0,gemcitabine
GSM5664357_TCTACCGTCATGGTAC-1,0,gemcitabine
GSM5664357_TCTACCGTCGACACCG-1,0,gemcitabine
GSM5664357_TCTATACCAAGAAATC-1,0,gemcitabine
GSM5664357_TCTATACGTAGATCCT-1,0,gemcitabine
GSM5664357_TCTATACGTGATACTC-1,0,gemcitabine
GSM5664357_TCTATACTCCGTGGTG-1,0,gemcitabine
GSM5664357_TCTATACTCGCCGATG-1,0,gemcitabine
GSM5664357_TCTATCAAGCCAGTAG-1,0,gemcitabine
GSM5664357_TCTATCACAGCGCGTT-1,0,gemcitabine
GSM5664357_TCTATCAGTTACACTG-1,0,gemcitabine
GSM5664357_TCTATCAGTTATAGCC-1,0,gemcitabine
GSM5664357_TCTATCATCCCTCTAG-1,0,gemcitabine
GSM5664357_TCTCACGCACCCTGAG-1,0,gemcitabine
GSM5664357_TCTCACGCAGAAATTG-1,0,gemcitabine
GSM5664357_TCTCACGCATAAGATG-1,0,gemcitabine
GSM5664357_TCTCACGCATAGAATG-1,0,gemcitabine
GSM5664357_TCTCACGGTGATATAG-1,0,gemcitabine
GSM5664357_TCTCACGTCAACCTCC-1,0,gemcitabine
GSM5664357_TCTCAGCAGACCTTTG-1,0,gemcitabine
GSM5664357_TCTCAGCAGACTTGTC-1,0,gemcitabine
GSM5664357_TCTCAGCAGCCATATC-1,0,gemcitabine
GSM5664357_TCTCAGCGTCTAGATC-1,0,gemcitabine
GSM5664357_TCTCAGCGTGATAGAT-1,0,gemcitabine
GSM5664357_TCTCAGCTCATCGCTC-1,0,gemcitabine
GSM5664357_TCTCAGCTCCTTCTGG-1,0,gemcitabine
GSM5664357_TCTCAGCTCCTTGAAG-1,0,gemcitabine
GSM5664357_TCTCCGAAGTGCAGCA-1,0,gemcitabine
GSM5664357_TCTCCGACACTTGTCC-1,0,gemcitabine
GSM5664357_TCTCCGACATATAGCC-1,0,gemcitabine
GSM5664357_TCTCCGAGTGCTGTCG-1,0,gemcitabine
GSM5664357_TCTCCGATCACGGGAA-1,0,gemcitabine
GSM5664357_TCTCCGATCCTAAACG-1,0,gemcitabine
GSM5664357_TCTCCGATCTGTGCTC-1,0,gemcitabine
GSM5664357_TCTCCGATCTTACGGA-1,0,gemcitabine
GSM5664357_TCTCTGGAGCTCCACG-1,0,gemcitabine
GSM5664357_TCTCTGGAGGCATTTC-1,0,gemcitabine
GSM5664357_TCTCTGGAGTTTGTCG-1,0,gemcitabine
GSM5664357_TCTCTGGCAATGAACA-1,0,gemcitabine
GSM5664357_TCTCTGGCAGGTCCCA-1,0,gemcitabine
GSM5664357_TCTCTGGCATGGGCAA-1,0,gemcitabine
GSM5664357_TCTCTGGGTAACCAGG-1,0,gemcitabine
GSM5664357_TCTCTGGGTCAGTTTG-1,0,gemcitabine
GSM5664357_TCTCTGGTCCCAGGAC-1,0,gemcitabine
GSM5664357_TCTGCCAAGCAGCGAT-1,0,gemcitabine
GSM5664357_TCTGCCACAGTACTAC-1,0,gemcitabine
GSM5664357_TCTGCCACATTGTCGA-1,0,gemcitabine
GSM5664357_TCTGCCAGTAAGACCG-1,0,gemcitabine
GSM5664357_TCTGCCAGTCTGATCA-1,0,gemcitabine
GSM5664357_TCTGCCAGTGTTCAGT-1,0,gemcitabine
GSM5664357_TCTGCCAGTTGTCTAG-1,0,gemcitabine
GSM5664357_TCTGCCATCGCTTTAT-1,0,gemcitabine
GSM5664357_TCTGCCATCTTACGTT-1,0,gemcitabine
GSM5664357_TCTGCCATCTTACTGT-1,0,gemcitabine
GSM5664357_TCTGGCTGTATTTCTC-1,0,gemcitabine
GSM5664357_TCTGTCGAGACATAAC-1,0,gemcitabine
GSM5664357_TCTGTCGAGGTGCTAG-1,0,gemcitabine
GSM5664357_TCTGTCGAGTGCACCC-1,0,gemcitabine
GSM5664357_TCTGTCGCAAGTGGCA-1,0,gemcitabine
GSM5664357_TCTGTCGCAGTTGGTT-1,0,gemcitabine
GSM5664357_TCTGTCGGTACTAACC-1,0,gemcitabine
GSM5664357_TCTGTCGGTCCGGTCA-1,0,gemcitabine
GSM5664357_TCTGTCGTCGGTGCAC-1,0,gemcitabine
GSM5664357_TCTTAGTAGTTGGAGC-1,0,gemcitabine
GSM5664357_TCTTAGTCAGTTCTAG-1,0,gemcitabine
GSM5664357_TCTTAGTGTCGCCACA-1,0,gemcitabine
GSM5664357_TCTTAGTTCAAGAATG-1,0,gemcitabine
GSM5664357_TCTTCCTAGCCATGCC-1,0,gemcitabine
GSM5664357_TCTTCCTCACGGAAGT-1,0,gemcitabine
GSM5664357_TCTTCCTGTGAGCAGT-1,0,gemcitabine
GSM5664357_TCTTCCTGTGGTTCTA-1,0,gemcitabine
GSM5664357_TCTTCCTTCAGCTCTC-1,0,gemcitabine
GSM5664357_TCTTCCTTCAGTGTCA-1,0,gemcitabine
GSM5664357_TCTTCCTTCTTTGCGC-1,0,gemcitabine
GSM5664357_TCTTGCGCAAGTACCT-1,0,gemcitabine
GSM5664357_TCTTGCGCAATTGCAC-1,0,gemcitabine
GSM5664357_TCTTGCGCAATTGCGT-1,0,gemcitabine
GSM5664357_TCTTGCGCAGCACAAG-1,0,gemcitabine
GSM5664357_TCTTGCGCAGGCTCTG-1,0,gemcitabine
GSM5664357_TCTTGCGGTAAGTTGA-1,0,gemcitabine
GSM5664357_TCTTGCGTCTACAGGT-1,0,gemcitabine
GSM5664357_TCTTTGAAGTCGGCAA-1,0,gemcitabine
GSM5664357_TCTTTGAAGTGGATTA-1,0,gemcitabine
GSM5664357_TCTTTGATCGGTTCAA-1,0,gemcitabine
GSM5664357_TCTTTGATCGTTATCT-1,0,gemcitabine
GSM5664357_TGAACGTAGCACCCAC-1,0,gemcitabine
GSM5664357_TGAACGTAGGATTTGA-1,0,gemcitabine
GSM5664357_TGAACGTAGTGATTCC-1,0,gemcitabine
GSM5664357_TGAACGTCAAGAATAC-1,0,gemcitabine
GSM5664357_TGAACGTCAGAGACTG-1,0,gemcitabine
GSM5664357_TGAACGTCAGGTCAAG-1,0,gemcitabine
GSM5664357_TGAACGTGTGAGATCG-1,0,gemcitabine
GSM5664357_TGAACGTTCGAGGCAA-1,0,gemcitabine
GSM5664357_TGAACGTTCTAGTGTG-1,0,gemcitabine
GSM5664357_TGAACGTTCTCCCAAC-1,0,gemcitabine
GSM5664357_TGAATCGAGAATCGAT-1,0,gemcitabine
GSM5664357_TGAATCGAGCCGATAG-1,0,gemcitabine
GSM5664357_TGAATCGGTCGTTATG-1,0,gemcitabine
GSM5664357_TGAATCGGTCTGCGCA-1,0,gemcitabine
GSM5664357_TGAATCGGTGATCATC-1,0,gemcitabine
GSM5664357_TGAATCGTCATCTCTA-1,0,gemcitabine
GSM5664357_TGAATGCAGTCGGCAA-1,0,gemcitabine
GSM5664357_TGAATGCGTCTCGCGA-1,0,gemcitabine
GSM5664357_TGAATGCGTTCCACGG-1,0,gemcitabine
GSM5664357_TGAATGCTCAGACCTA-1,0,gemcitabine
GSM5664357_TGAATGCTCCTAGCTC-1,0,gemcitabine
GSM5664357_TGAATGCTCTATGCCC-1,0,gemcitabine
GSM5664357_TGACAGTAGCGATGCA-1,0,gemcitabine
GSM5664357_TGACAGTCAAAGCGTG-1,0,gemcitabine
GSM5664357_TGACAGTCATAGCTGT-1,0,gemcitabine
GSM5664357_TGACAGTTCCATTTCA-1,0,gemcitabine
GSM5664357_TGACAGTTCTCAGGCG-1,0,gemcitabine
GSM5664357_TGACCCTAGTGGGAAA-1,0,gemcitabine
GSM5664357_TGACCCTTCAAACTGC-1,0,gemcitabine
GSM5664357_TGACCCTTCACCTACC-1,0,gemcitabine
GSM5664357_TGACGCGAGATACTGA-1,0,gemcitabine
GSM5664357_TGACGCGAGCCACAAG-1,0,gemcitabine
GSM5664357_TGACGCGAGTCCCAGC-1,0,gemcitabine
GSM5664357_TGACGCGCACCAAAGG-1,0,gemcitabine
GSM5664357_TGACGCGCATACTGAC-1,0,gemcitabine
GSM5664357_TGACGCGGTTCCTAGA-1,0,gemcitabine
GSM5664357_TGACGCGTCCTCCACA-1,0,gemcitabine
GSM5664357_TGACTCCAGCAGCCTC-1,0,gemcitabine
GSM5664357_TGACTCCAGCGTCTCG-1,0,gemcitabine
GSM5664357_TGACTCCAGGCCCGTT-1,0,gemcitabine
GSM5664357_TGACTCCAGTCCGCCA-1,0,gemcitabine
GSM5664357_TGACTCCCACTCAAGT-1,0,gemcitabine
GSM5664357_TGACTCCTCTTCACAT-1,0,gemcitabine
GSM5664357_TGAGACTCAAGAAATC-1,0,gemcitabine
GSM5664357_TGAGACTCAGATACTC-1,0,gemcitabine
GSM5664357_TGAGACTTCAATCGGT-1,0,gemcitabine
GSM5664357_TGAGACTTCTGGGATT-1,0,gemcitabine
GSM5664357_TGAGCATAGCGACCCT-1,0,gemcitabine
GSM5664357_TGAGCATAGGATTCCT-1,0,gemcitabine
GSM5664357_TGAGCATAGTTCACTG-1,0,gemcitabine
GSM5664357_TGAGCATCATTGAAGA-1,0,gemcitabine
GSM5664357_TGAGCGCCAACGATCT-1,0,gemcitabine
GSM5664357_TGAGCGCCACCGCTAG-1,0,gemcitabine
GSM5664357_TGAGCGCCATCCTTCG-1,0,gemcitabine
GSM5664357_TGAGGAGCACAAGTTC-1,0,gemcitabine
GSM5664357_TGAGGAGCAGTCAGAG-1,0,gemcitabine
GSM5664357_TGAGGAGGTAGCTCGC-1,0,gemcitabine
GSM5664357_TGAGGAGGTCCTCCTA-1,0,gemcitabine
GSM5664357_TGAGGGACATCTTAGG-1,0,gemcitabine
GSM5664357_TGAGGGAGTCGTTGCG-1,0,gemcitabine
GSM5664357_TGAGGGATCAGGAACG-1,0,gemcitabine
GSM5664357_TGAGGTTAGAGTATAC-1,0,gemcitabine
GSM5664357_TGAGGTTCAAATAAGC-1,0,gemcitabine
GSM5664357_TGAGTCAGTAATTGGA-1,0,gemcitabine
GSM5664357_TGAGTCAGTTCAAAGA-1,0,gemcitabine
GSM5664357_TGATCAGAGTATTGCC-1,0,gemcitabine
GSM5664357_TGATCAGCACCTGAAT-1,0,gemcitabine
GSM5664357_TGATCAGGTCTCTCCA-1,0,gemcitabine
GSM5664357_TGATCAGTCAGGTAAA-1,0,gemcitabine
GSM5664357_TGATCAGTCATTACTC-1,0,gemcitabine
GSM5664357_TGATCAGTCCTCGATC-1,0,gemcitabine
GSM5664357_TGATCAGTCTGATGGT-1,0,gemcitabine
GSM5664357_TGATCAGTCTGTACAG-1,0,gemcitabine
GSM5664357_TGATCTTCACTGTGAT-1,0,gemcitabine
GSM5664357_TGATCTTCATGTCAGT-1,0,gemcitabine
GSM5664357_TGATCTTGTGGAAGTC-1,0,gemcitabine
GSM5664357_TGATCTTTCGTTGTTT-1,0,gemcitabine
GSM5664357_TGATGCACACGAAAGC-1,0,gemcitabine
GSM5664357_TGATGGTAGGCGAAGG-1,0,gemcitabine
GSM5664357_TGATGGTGTGTCATGT-1,0,gemcitabine
GSM5664357_TGATGGTTCTCGACGG-1,0,gemcitabine
GSM5664357_TGATTCTGTCTACAGT-1,0,gemcitabine
GSM5664357_TGATTCTGTGATACCT-1,0,gemcitabine
GSM5664357_TGATTCTGTGTAAACA-1,0,gemcitabine
GSM5664357_TGATTTCAGGACGCAT-1,0,gemcitabine
GSM5664357_TGATTTCAGTTTAGGA-1,0,gemcitabine
GSM5664357_TGATTTCCAATGAACA-1,0,gemcitabine
GSM5664357_TGATTTCCATAGATCC-1,0,gemcitabine
GSM5664357_TGATTTCGTAGGACCA-1,0,gemcitabine
GSM5664357_TGATTTCTCGCACTCT-1,0,gemcitabine
GSM5664357_TGCACGGAGCCTGTCG-1,0,gemcitabine
GSM5664357_TGCACGGGTACAGTAA-1,0,gemcitabine
GSM5664357_TGCACGGTCACTCCGT-1,0,gemcitabine
GSM5664357_TGCAGATAGCATGAAT-1,0,gemcitabine
GSM5664357_TGCAGATAGTGACCTT-1,0,gemcitabine
GSM5664357_TGCAGATCAAGACAAT-1,0,gemcitabine
GSM5664357_TGCAGATGTCATGGCC-1,0,gemcitabine
GSM5664357_TGCAGATGTGATACTC-1,0,gemcitabine
GSM5664357_TGCAGATGTTATTCTC-1,0,gemcitabine
GSM5664357_TGCAGATTCCCTCGAT-1,0,gemcitabine
GSM5664357_TGCAGATTCTCAGAAC-1,0,gemcitabine
GSM5664357_TGCAGGCAGAAACTCA-1,0,gemcitabine
GSM5664357_TGCAGGCCACAATCTG-1,0,gemcitabine
GSM5664357_TGCAGGCCACAGCCTG-1,0,gemcitabine
GSM5664357_TGCAGGCCAGGTTTAC-1,0,gemcitabine
GSM5664357_TGCAGGCGTTTGGGTT-1,0,gemcitabine
GSM5664357_TGCAGGCTCGAAGCAG-1,0,gemcitabine
GSM5664357_TGCAGGCTCGACATCA-1,0,gemcitabine
GSM5664357_TGCAGGCTCTGACCCT-1,0,gemcitabine
GSM5664357_TGCAGTAAGACGCCAA-1,0,gemcitabine
GSM5664357_TGCAGTAGTAGGTGCA-1,0,gemcitabine
GSM5664357_TGCAGTAGTCTGCATA-1,0,gemcitabine
GSM5664357_TGCAGTAGTTTCGACA-1,0,gemcitabine
GSM5664357_TGCATCCAGTATTGCC-1,0,gemcitabine
GSM5664357_TGCATCCGTCATAGTC-1,0,gemcitabine
GSM5664357_TGCATCCGTGATTAGA-1,0,gemcitabine
GSM5664357_TGCATGAAGCCAGAGT-1,0,gemcitabine
GSM5664357_TGCATGACAGTTAAAG-1,0,gemcitabine
GSM5664357_TGCATGAGTCTCTCTG-1,0,gemcitabine
GSM5664357_TGCATGAGTTCTCTAT-1,0,gemcitabine
GSM5664357_TGCATGATCTAGTTCT-1,0,gemcitabine
GSM5664357_TGCATGATCTGCCTCA-1,0,gemcitabine
GSM5664357_TGCCGAGCACCGGCTA-1,0,gemcitabine
GSM5664357_TGCCGAGGTTCCGTTC-1,0,gemcitabine
GSM5664357_TGCCGAGTCAAGCCCG-1,0,gemcitabine
GSM5664357_TGCCGAGTCCTAGCTC-1,0,gemcitabine
GSM5664357_TGCCGAGTCTACTATC-1,0,gemcitabine
GSM5664357_TGCCGAGTCTGGACCG-1,0,gemcitabine
GSM5664357_TGCGACGAGGGCCAAT-1,0,gemcitabine
GSM5664357_TGCGACGAGTTAGTAG-1,0,gemcitabine
GSM5664357_TGCGACGGTCGATTCA-1,0,gemcitabine
GSM5664357_TGCGACGGTGGCTGAA-1,0,gemcitabine
GSM5664357_TGCGACGTCGAACACT-1,0,gemcitabine
GSM5664357_TGCGACGTCTCACGAA-1,0,gemcitabine
GSM5664357_TGCGACGTCTGCGATA-1,0,gemcitabine
GSM5664357_TGCGACGTCTGGGCGT-1,0,gemcitabine
GSM5664357_TGCGATAAGAAGGCTC-1,0,gemcitabine
GSM5664357_TGCGATAAGCTGCCTG-1,0,gemcitabine
GSM5664357_TGCGATACATACAGGG-1,0,gemcitabine
GSM5664357_TGCGATATCAATGCAC-1,0,gemcitabine
GSM5664357_TGCGGCAAGGTCTACT-1,0,gemcitabine
GSM5664357_TGCGGCACAAGGCCTC-1,0,gemcitabine
GSM5664357_TGCGGCACAATTTCCT-1,0,gemcitabine
GSM5664357_TGCGGCAGTTGTCAGT-1,0,gemcitabine
GSM5664357_TGCGGCATCGATTGGT-1,0,gemcitabine
GSM5664357_TGCTCCACATCCGAGC-1,0,gemcitabine
GSM5664357_TGCTCCACATCTCGTC-1,0,gemcitabine
GSM5664357_TGCTCCACATTCTCCG-1,0,gemcitabine
GSM5664357_TGCTCGTAGAAACTCA-1,0,gemcitabine
GSM5664357_TGCTCGTAGACATGCG-1,0,gemcitabine
GSM5664357_TGCTCGTAGTATGACA-1,0,gemcitabine
GSM5664357_TGCTCGTGTGCATGTT-1,0,gemcitabine
GSM5664357_TGCTCGTGTGGTACAG-1,0,gemcitabine
GSM5664357_TGCTCGTTCCAACTGA-1,0,gemcitabine
GSM5664357_TGCTGAAAGTTGCTGT-1,0,gemcitabine
GSM5664357_TGCTGAACATGACAAA-1,0,gemcitabine
GSM5664357_TGCTGAATCGGACTTA-1,0,gemcitabine
GSM5664357_TGCTTCGAGAGCCGTA-1,0,gemcitabine
GSM5664357_TGCTTCGAGGCATGGT-1,0,gemcitabine
GSM5664357_TGCTTCGAGTTGAAAC-1,0,gemcitabine
GSM5664357_TGCTTCGCATTGCCTC-1,0,gemcitabine
GSM5664357_TGCTTGCCAAGACGAC-1,0,gemcitabine
GSM5664357_TGCTTGCCACCAACAT-1,0,gemcitabine
GSM5664357_TGCTTGCGTACTAACC-1,0,gemcitabine
GSM5664357_TGCTTGCTCGATTTCT-1,0,gemcitabine
GSM5664357_TGGAACTGTCTGTTAG-1,0,gemcitabine
GSM5664357_TGGAGAGCAAAGCACG-1,0,gemcitabine
GSM5664357_TGGAGAGCATGTCAGT-1,0,gemcitabine
GSM5664357_TGGAGAGTCCAAGAGG-1,0,gemcitabine
GSM5664357_TGGAGGAAGAGTCAAT-1,0,gemcitabine
GSM5664357_TGGAGGACACCATATG-1,0,gemcitabine
GSM5664357_TGGAGGAGTCAACCTA-1,0,gemcitabine
GSM5664357_TGGAGGATCCCTCAAC-1,0,gemcitabine
GSM5664357_TGGAGGATCTTTCTAG-1,0,gemcitabine
GSM5664357_TGGATCACAGTAGGAC-1,0,gemcitabine
GSM5664357_TGGATCAGTACTTGTG-1,0,gemcitabine
GSM5664357_TGGATCAGTGTTTCTT-1,0,gemcitabine
GSM5664357_TGGATCAGTTAAGGAT-1,0,gemcitabine
GSM5664357_TGGATCATCGAACGCC-1,0,gemcitabine
GSM5664357_TGGATGTCACCCAACG-1,0,gemcitabine
GSM5664357_TGGATGTCAGTTAGGG-1,0,gemcitabine
GSM5664357_TGGATGTTCTTCCCGA-1,0,gemcitabine
GSM5664357_TGGCGTGAGTCATGAA-1,0,gemcitabine
GSM5664357_TGGCGTGCAGTAGAGC-1,0,gemcitabine
GSM5664357_TGGCGTGCATGGAACG-1,0,gemcitabine
GSM5664357_TGGCGTGGTAGATTAG-1,0,gemcitabine
GSM5664357_TGGCGTGGTTGCCATA-1,0,gemcitabine
GSM5664357_TGGCGTGGTTTGAACC-1,0,gemcitabine
GSM5664357_TGGGAAGAGTTCCGTA-1,0,gemcitabine
GSM5664357_TGGGAAGGTTCGATTG-1,0,gemcitabine
GSM5664357_TGGGAAGTCTCGCCTA-1,0,gemcitabine
GSM5664357_TGGGAGACAGCCGTCA-1,0,gemcitabine
GSM5664357_TGGGAGATCACTCTTA-1,0,gemcitabine
GSM5664357_TGGGAGATCGATGCAT-1,0,gemcitabine
GSM5664357_TGGGAGATCGGTCTAA-1,0,gemcitabine
GSM5664357_TGGGATTAGAATCTAG-1,0,gemcitabine
GSM5664357_TGGGATTAGCGTGCCT-1,0,gemcitabine
GSM5664357_TGGGATTGTATCACGT-1,0,gemcitabine
GSM5664357_TGGGATTGTTGTGTAC-1,0,gemcitabine
GSM5664357_TGGGATTTCACTGGGC-1,0,gemcitabine
GSM5664357_TGGGATTTCCGATTAG-1,0,gemcitabine
GSM5664357_TGGGATTTCTGGGCAC-1,0,gemcitabine
GSM5664357_TGGGCGTAGGCCTGCT-1,0,gemcitabine
GSM5664357_TGGGCGTAGTAATCCC-1,0,gemcitabine
GSM5664357_TGGGCGTCACCGCTAG-1,0,gemcitabine
GSM5664357_TGGGCGTCATCTCGTC-1,0,gemcitabine
GSM5664357_TGGGCTGAGAACAGGA-1,0,gemcitabine
GSM5664357_TGGGCTGCAAGAGTGC-1,0,gemcitabine
GSM5664357_TGGGCTGCAGAGGTTG-1,0,gemcitabine
GSM5664357_TGGGCTGTCGAGCTGC-1,0,gemcitabine
GSM5664357_TGGGCTGTCTCGCAGG-1,0,gemcitabine
GSM5664357_TGGGCTGTCTCTGACC-1,0,gemcitabine
GSM5664357_TGGGTTACAATTGTGC-1,0,gemcitabine
GSM5664357_TGGGTTACACAAGTGG-1,0,gemcitabine
GSM5664357_TGGGTTACACTCAAGT-1,0,gemcitabine
GSM5664357_TGGGTTACAGTCTGGC-1,0,gemcitabine
GSM5664357_TGGTACACAACCAACT-1,0,gemcitabine
GSM5664357_TGGTACAGTACAGAGC-1,0,gemcitabine
GSM5664357_TGGTACAGTAGGTACG-1,0,gemcitabine
GSM5664357_TGGTACATCCTAACAG-1,0,gemcitabine
GSM5664357_TGGTAGTCACGATTCA-1,0,gemcitabine
GSM5664357_TGGTAGTCAGCTTTCC-1,0,gemcitabine
GSM5664357_TGGTAGTCATGACTAC-1,0,gemcitabine
GSM5664357_TGGTAGTGTATGGGAC-1,0,gemcitabine
GSM5664357_TGGTGATAGCCGCACT-1,0,gemcitabine
GSM5664357_TGGTGATCAAGCTCTA-1,0,gemcitabine
GSM5664357_TGGTGATGTCGCTCGA-1,0,gemcitabine
GSM5664357_TGGTGATTCAGCACCG-1,0,gemcitabine
GSM5664357_TGGTGATTCGGCCCAA-1,0,gemcitabine
GSM5664357_TGGTTAGAGAATCTAG-1,0,gemcitabine
GSM5664357_TGGTTAGTCACTACTT-1,0,gemcitabine
GSM5664357_TGGTTAGTCCTATTTG-1,0,gemcitabine
GSM5664357_TGGTTAGTCCTTCGAC-1,0,gemcitabine
GSM5664357_TGTAACGAGAGTCCGA-1,0,gemcitabine
GSM5664357_TGTAACGAGATCACCT-1,0,gemcitabine
GSM5664357_TGTAACGAGTTCATCG-1,0,gemcitabine
GSM5664357_TGTAACGCATCCGAAT-1,0,gemcitabine
GSM5664357_TGTAACGGTCCTTAAG-1,0,gemcitabine
GSM5664357_TGTAACGGTGAGCAGT-1,0,gemcitabine
GSM5664357_TGTAACGGTGCGGATA-1,0,gemcitabine
GSM5664357_TGTAACGTCTTGTTAC-1,0,gemcitabine
GSM5664357_TGTAAGCAGAAACTCA-1,0,gemcitabine
GSM5664357_TGTAAGCAGCTCTGTA-1,0,gemcitabine
GSM5664357_TGTAAGCCAACTACGT-1,0,gemcitabine
GSM5664357_TGTAAGCCATTGGATC-1,0,gemcitabine
GSM5664357_TGTAAGCGTATCAGGG-1,0,gemcitabine
GSM5664357_TGTAAGCGTATGGTTC-1,0,gemcitabine
GSM5664357_TGTAAGCGTATGTCCA-1,0,gemcitabine
GSM5664357_TGTAAGCTCTCTATAC-1,0,gemcitabine
GSM5664357_TGTAAGCTCTCTCTAA-1,0,gemcitabine
GSM5664357_TGTACAGCAACAGCTT-1,0,gemcitabine
GSM5664357_TGTACAGCAACTAGAA-1,0,gemcitabine
GSM5664357_TGTACAGGTTGTTGAC-1,0,gemcitabine
GSM5664357_TGTACAGTCCTGCCAT-1,0,gemcitabine
GSM5664357_TGTACAGTCTGTACAG-1,0,gemcitabine
GSM5664357_TGTAGACAGATCCCAT-1,0,gemcitabine
GSM5664357_TGTAGACCAGGTCCGT-1,0,gemcitabine
GSM5664357_TGTAGACGTGCATTAC-1,0,gemcitabine
GSM5664357_TGTCAGAAGGTTGCCC-1,0,gemcitabine
GSM5664357_TGTCAGAAGTCGCGAA-1,0,gemcitabine
GSM5664357_TGTCAGACAATTGCCA-1,0,gemcitabine
GSM5664357_TGTCAGACACATTCGA-1,0,gemcitabine
GSM5664357_TGTCAGAGTTAGTCGT-1,0,gemcitabine
GSM5664357_TGTCAGAGTTCTCAGA-1,0,gemcitabine
GSM5664357_TGTCAGATCGAGTCTA-1,0,gemcitabine
GSM5664357_TGTCAGATCGCAGTCG-1,0,gemcitabine
GSM5664357_TGTCCACAGTCTTCGA-1,0,gemcitabine
GSM5664357_TGTCCACCACTAGAGG-1,0,gemcitabine
GSM5664357_TGTCCACCAGCCGGTT-1,0,gemcitabine
GSM5664357_TGTCCACGTTTAGACC-1,0,gemcitabine
GSM5664357_TGTCCCAAGACTCGAG-1,0,gemcitabine
GSM5664357_TGTCCCAAGGATTTGA-1,0,gemcitabine
GSM5664357_TGTCCCACAGAAGCGT-1,0,gemcitabine
GSM5664357_TGTCCCACATCTGCGG-1,0,gemcitabine
GSM5664357_TGTCCCATCCATGATG-1,0,gemcitabine
GSM5664357_TGTCCCATCTACGCAA-1,0,gemcitabine
GSM5664357_TGTCCTGAGCGGTAAC-1,0,gemcitabine
GSM5664357_TGTCCTGAGCTTCATG-1,0,gemcitabine
GSM5664357_TGTCCTGGTATAGCTC-1,0,gemcitabine
GSM5664357_TGTCCTGGTCCGGTCA-1,0,gemcitabine
GSM5664357_TGTCCTGGTCGTCGGT-1,0,gemcitabine
GSM5664357_TGTGAGTAGAATAACC-1,0,gemcitabine
GSM5664357_TGTGAGTCAACTGCCG-1,0,gemcitabine
GSM5664357_TGTGAGTCAGATACCT-1,0,gemcitabine
GSM5664357_TGTGAGTGTCATCCCT-1,0,gemcitabine
GSM5664357_TGTGAGTTCAGCTGAT-1,0,gemcitabine
GSM5664357_TGTGATGAGAAGGATG-1,0,gemcitabine
GSM5664357_TGTGATGCACACCTTC-1,0,gemcitabine
GSM5664357_TGTGATGTCACACCGG-1,0,gemcitabine
GSM5664357_TGTGATGTCTAGACAC-1,0,gemcitabine
GSM5664357_TGTGATGTCTTCCGTG-1,0,gemcitabine
GSM5664357_TGTGCGGAGATGCCGA-1,0,gemcitabine
GSM5664357_TGTGCGGCATGGCGCT-1,0,gemcitabine
GSM5664357_TGTGCGGGTATCCTTT-1,0,gemcitabine
GSM5664357_TGTGCGGGTCATTGCA-1,0,gemcitabine
GSM5664357_TGTGGCGAGAAACTCA-1,0,gemcitabine
GSM5664357_TGTGGCGAGAGCAGAA-1,0,gemcitabine
GSM5664357_TGTGGCGGTCCTCAGG-1,0,gemcitabine
GSM5664357_TGTGGCGGTGTCTAAC-1,0,gemcitabine
GSM5664357_TGTGGCGTCGGTAGGA-1,0,gemcitabine
GSM5664357_TGTGGCGTCTTTCAGT-1,0,gemcitabine
GSM5664357_TGTGTGAAGCAAGTGC-1,0,gemcitabine
GSM5664357_TGTGTGAAGGACAGTC-1,0,gemcitabine
GSM5664357_TGTGTGAGTACCACGC-1,0,gemcitabine
GSM5664357_TGTGTGAGTTGTCCCT-1,0,gemcitabine
GSM5664357_TGTGTGATCAAAGACA-1,0,gemcitabine
GSM5664357_TGTGTGATCCATGCAA-1,0,gemcitabine
GSM5664357_TGTGTGATCCGCCTAT-1,0,gemcitabine
GSM5664357_TGTGTGATCGAGCCAC-1,0,gemcitabine
GSM5664357_TGTTACTAGACTCTAC-1,0,gemcitabine
GSM5664357_TGTTACTAGCAGCACA-1,0,gemcitabine
GSM5664357_TGTTACTCACAGTCCG-1,0,gemcitabine
GSM5664357_TGTTACTGTTGTGGAG-1,0,gemcitabine
GSM5664357_TGTTCATAGACGCATG-1,0,gemcitabine
GSM5664357_TGTTCATGTTGTCCCT-1,0,gemcitabine
GSM5664357_TGTTCCGCAATCTAGC-1,0,gemcitabine
GSM5664357_TGTTCCGGTAACATGA-1,0,gemcitabine
GSM5664357_TGTTCCGGTAGGACCA-1,0,gemcitabine
GSM5664357_TGTTCCGGTCAGCTTA-1,0,gemcitabine
GSM5664357_TGTTCCGGTGTTCCTC-1,0,gemcitabine
GSM5664357_TGTTCCGGTTGCGGCT-1,0,gemcitabine
GSM5664357_TGTTCCGGTTTAGAGA-1,0,gemcitabine
GSM5664357_TGTTCCGTCTAACACG-1,0,gemcitabine
GSM5664357_TGTTCCGTCTCGAACA-1,0,gemcitabine
GSM5664357_TGTTCTAAGCAGATAT-1,0,gemcitabine
GSM5664357_TGTTCTATCGATCCAA-1,0,gemcitabine
GSM5664357_TGTTGAGAGTCAGGGT-1,0,gemcitabine
GSM5664357_TGTTGAGCATATGGCT-1,0,gemcitabine
GSM5664357_TGTTGAGGTGTCCGGT-1,0,gemcitabine
GSM5664357_TGTTGAGTCACTAGCA-1,0,gemcitabine
GSM5664357_TGTTGAGTCTCATTTG-1,0,gemcitabine
GSM5664357_TGTTGAGTCTGCCTGT-1,0,gemcitabine
GSM5664357_TGTTGGAAGGGTGAAA-1,0,gemcitabine
GSM5664357_TGTTGGAAGTTGTCAC-1,0,gemcitabine
GSM5664357_TGTTGGACACAGCTGC-1,0,gemcitabine
GSM5664357_TGTTGGATCCTACGAA-1,0,gemcitabine
GSM5664357_TGTTGGATCGCAGATT-1,0,gemcitabine
GSM5664357_TGTTTGTAGAGCTGAC-1,0,gemcitabine
GSM5664357_TGTTTGTAGCTCTATG-1,0,gemcitabine
GSM5664357_TGTTTGTCATGTTACG-1,0,gemcitabine
GSM5664357_TTAATCCAGCAGAAAG-1,0,gemcitabine
GSM5664357_TTAATCCAGTAGGCCA-1,0,gemcitabine
GSM5664357_TTAATCCCAACGGCCT-1,0,gemcitabine
GSM5664357_TTAATCCCAAGTTTGC-1,0,gemcitabine
GSM5664357_TTAATCCCATGACAGG-1,0,gemcitabine
GSM5664357_TTAATCCGTGTTACTG-1,0,gemcitabine
GSM5664357_TTAATCCTCAAAGGAT-1,0,gemcitabine
GSM5664357_TTAATCCTCAGCCTTC-1,0,gemcitabine
GSM5664357_TTAATCCTCTCGGGAC-1,0,gemcitabine
GSM5664357_TTACAGGAGTTCATGC-1,0,gemcitabine
GSM5664357_TTACAGGCAGGCCTGT-1,0,gemcitabine
GSM5664357_TTACAGGGTCATACCA-1,0,gemcitabine
GSM5664357_TTACAGGGTTCTCTCG-1,0,gemcitabine
GSM5664357_TTACAGGGTTGGCCTG-1,0,gemcitabine
GSM5664357_TTACAGGGTTGGGCCT-1,0,gemcitabine
GSM5664357_TTACAGGTCATTGCCC-1,0,gemcitabine
GSM5664357_TTACAGGTCGGACCAC-1,0,gemcitabine
GSM5664357_TTACAGGTCTGGCCTT-1,0,gemcitabine
GSM5664357_TTACCATAGTGCCGAA-1,0,gemcitabine
GSM5664357_TTACCATGTCCTATAG-1,0,gemcitabine
GSM5664357_TTACCATGTGGTCCCA-1,0,gemcitabine
GSM5664357_TTACCATTCTTGTTAC-1,0,gemcitabine
GSM5664357_TTACCGCAGAGTCTTC-1,0,gemcitabine
GSM5664357_TTACCGCGTTCCGCTT-1,0,gemcitabine
GSM5664357_TTACCGCTCCATCTCG-1,0,gemcitabine
GSM5664357_TTACCGCTCCGCTAGG-1,0,gemcitabine
GSM5664357_TTACCGCTCTGAATCG-1,0,gemcitabine
GSM5664357_TTACGCCAGGTAACTA-1,0,gemcitabine
GSM5664357_TTACGCCCATCATGAC-1,0,gemcitabine
GSM5664357_TTACGCCCATTAAGCC-1,0,gemcitabine
GSM5664357_TTACGCCGTACGACAG-1,0,gemcitabine
GSM5664357_TTACGCCGTATCACGT-1,0,gemcitabine
GSM5664357_TTACGCCGTGACTGTT-1,0,gemcitabine
GSM5664357_TTACGCCTCATCGCCT-1,0,gemcitabine
GSM5664357_TTACGCCTCGCTGTTC-1,0,gemcitabine
GSM5664357_TTACGCCTCGGTAACT-1,0,gemcitabine
GSM5664357_TTACGTTAGCACTAGG-1,0,gemcitabine
GSM5664357_TTACGTTGTCAATGGG-1,0,gemcitabine
GSM5664357_TTACGTTTCAAATAGG-1,0,gemcitabine
GSM5664357_TTACGTTTCAATCTTC-1,0,gemcitabine
GSM5664357_TTACTGTAGAGTATAC-1,0,gemcitabine
GSM5664357_TTACTGTAGGAACATT-1,0,gemcitabine
GSM5664357_TTACTGTAGGGAGTTC-1,0,gemcitabine
GSM5664357_TTACTGTAGTTCCGTA-1,0,gemcitabine
GSM5664357_TTACTGTCAGCATCTA-1,0,gemcitabine
GSM5664357_TTACTGTGTCCAGTTA-1,0,gemcitabine
GSM5664357_TTACTGTGTCGCTGCA-1,0,gemcitabine
GSM5664357_TTACTGTTCCGTGACG-1,0,gemcitabine
GSM5664357_TTACTGTTCGCGCTGA-1,0,gemcitabine
GSM5664357_TTACTGTTCTCAGTCC-1,0,gemcitabine
GSM5664357_TTAGGCACAAACCATC-1,0,gemcitabine
GSM5664357_TTAGGCACACTACAGT-1,0,gemcitabine
GSM5664357_TTAGGCAGTGACTCTA-1,0,gemcitabine
GSM5664357_TTAGGCAGTTCTATCT-1,0,gemcitabine
GSM5664357_TTAGGCAGTTGACTAC-1,0,gemcitabine
GSM5664357_TTAGGCATCACATCAG-1,0,gemcitabine
GSM5664357_TTAGGCATCGCCTATC-1,0,gemcitabine
GSM5664357_TTAGGGTGTGGAACCA-1,0,gemcitabine
GSM5664357_TTAGGGTGTTTCACAG-1,0,gemcitabine
GSM5664357_TTAGTCTAGCATGATA-1,0,gemcitabine
GSM5664357_TTAGTCTAGCGGTAAC-1,0,gemcitabine
GSM5664357_TTAGTCTAGGTTCTAC-1,0,gemcitabine
GSM5664357_TTAGTCTCATCGAACT-1,0,gemcitabine
GSM5664357_TTAGTCTTCCACGTAA-1,0,gemcitabine
GSM5664357_TTAGTCTTCCGACATA-1,0,gemcitabine
GSM5664357_TTAGTCTTCGGACAAG-1,0,gemcitabine
GSM5664357_TTAGTCTTCTTGGGCG-1,0,gemcitabine
GSM5664357_TTATTGCAGCCACCGT-1,0,gemcitabine
GSM5664357_TTATTGCCACACGGTC-1,0,gemcitabine
GSM5664357_TTATTGCCAGCGCGTT-1,0,gemcitabine
GSM5664357_TTATTGCGTATCGCTA-1,0,gemcitabine
GSM5664357_TTATTGCGTCCTACGG-1,0,gemcitabine
GSM5664357_TTATTGCTCTCTAAGG-1,0,gemcitabine
GSM5664357_TTCAATCCAACCACAT-1,0,gemcitabine
GSM5664357_TTCAATCCACACCTTC-1,0,gemcitabine
GSM5664357_TTCAATCCACATACGT-1,0,gemcitabine
GSM5664357_TTCAATCCATGACGGA-1,0,gemcitabine
GSM5664357_TTCAATCGTAACTGCT-1,0,gemcitabine
GSM5664357_TTCAATCGTCGAATGG-1,0,gemcitabine
GSM5664357_TTCAATCGTTACAGCT-1,0,gemcitabine
GSM5664357_TTCACCGAGGCTCACC-1,0,gemcitabine
GSM5664357_TTCACCGCACAAATGA-1,0,gemcitabine
GSM5664357_TTCACCGCACAGCCTG-1,0,gemcitabine
GSM5664357_TTCACCGCAGCACACC-1,0,gemcitabine
GSM5664357_TTCACCGCATTGACCA-1,0,gemcitabine
GSM5664357_TTCACCGGTCTTTATC-1,0,gemcitabine
GSM5664357_TTCACCGGTGAATAAC-1,0,gemcitabine
GSM5664357_TTCACGCAGACCGCCT-1,0,gemcitabine
GSM5664357_TTCACGCAGTCTAACC-1,0,gemcitabine
GSM5664357_TTCACGCCAACCACGC-1,0,gemcitabine
GSM5664357_TTCACGCCACACAGAG-1,0,gemcitabine
GSM5664357_TTCACGCCATCGGAGA-1,0,gemcitabine
GSM5664357_TTCACGCCATTCTCTA-1,0,gemcitabine
GSM5664357_TTCACGCGTGCATTAC-1,0,gemcitabine
GSM5664357_TTCAGGACAAGAATGT-1,0,gemcitabine
GSM5664357_TTCATGTAGCCGGAAT-1,0,gemcitabine
GSM5664357_TTCATGTCAAATCCCA-1,0,gemcitabine
GSM5664357_TTCATGTCATATCTCT-1,0,gemcitabine
GSM5664357_TTCATGTGTATCGATC-1,0,gemcitabine
GSM5664357_TTCATGTGTCCATAGT-1,0,gemcitabine
GSM5664357_TTCATGTGTGCCCACA-1,0,gemcitabine
GSM5664357_TTCATGTTCCCATTCG-1,0,gemcitabine
GSM5664357_TTCATTGGTCAAACGG-1,0,gemcitabine
GSM5664357_TTCATTGGTTGTCATG-1,0,gemcitabine
GSM5664357_TTCATTGTCCAAGGGA-1,0,gemcitabine
GSM5664357_TTCCAATAGCCTCTCT-1,0,gemcitabine
GSM5664357_TTCCAATAGGCCCACT-1,0,gemcitabine
GSM5664357_TTCCAATAGGTAGACC-1,0,gemcitabine
GSM5664357_TTCCAATAGTTGAATG-1,0,gemcitabine
GSM5664357_TTCCAATCATGTCAGT-1,0,gemcitabine
GSM5664357_TTCCAATGTACCAGAG-1,0,gemcitabine
GSM5664357_TTCCAATGTCAACCAT-1,0,gemcitabine
GSM5664357_TTCCACGGTCATTGCA-1,0,gemcitabine
GSM5664357_TTCCACGTCACGAACT-1,0,gemcitabine
GSM5664357_TTCCACGTCACTGAAC-1,0,gemcitabine
GSM5664357_TTCCGGTAGACTTCAC-1,0,gemcitabine
GSM5664357_TTCCGGTAGCTGTCCG-1,0,gemcitabine
GSM5664357_TTCCGGTGTCTTGAAC-1,0,gemcitabine
GSM5664357_TTCCGGTGTGCCGTAC-1,0,gemcitabine
GSM5664357_TTCCGGTGTTTCTTAC-1,0,gemcitabine
GSM5664357_TTCCGTGAGCAGCACA-1,0,gemcitabine
GSM5664357_TTCCGTGAGGAGACCT-1,0,gemcitabine
GSM5664357_TTCCGTGCATAGAAAC-1,0,gemcitabine
GSM5664357_TTCCGTGGTAGTCTTG-1,0,gemcitabine
GSM5664357_TTCCGTGTCCAACCAA-1,0,gemcitabine
GSM5664357_TTCCGTGTCCGTGTGG-1,0,gemcitabine
GSM5664357_TTCCGTGTCTGCGGGT-1,0,gemcitabine
GSM5664357_TTCCTAAAGGGAGATA-1,0,gemcitabine
GSM5664357_TTCCTAAGTGAGTCAG-1,0,gemcitabine
GSM5664357_TTCCTAAGTGTTTGCA-1,0,gemcitabine
GSM5664357_TTCCTCTAGAGTGTTA-1,0,gemcitabine
GSM5664357_TTCCTCTAGCTCAGAG-1,0,gemcitabine
GSM5664357_TTCCTCTAGTTAACGA-1,0,gemcitabine
GSM5664357_TTCCTCTCAAACTAGA-1,0,gemcitabine
GSM5664357_TTCCTCTCACTTCAGA-1,0,gemcitabine
GSM5664357_TTCCTCTGTTCGGTCG-1,0,gemcitabine
GSM5664357_TTCCTCTTCAACTCTT-1,0,gemcitabine
GSM5664357_TTCCTCTTCCGTCACT-1,0,gemcitabine
GSM5664357_TTCCTTCAGTGTGTTC-1,0,gemcitabine
GSM5664357_TTCCTTCCAAAGGATT-1,0,gemcitabine
GSM5664357_TTCCTTCCAAGACCGA-1,0,gemcitabine
GSM5664357_TTCCTTCCACGCTATA-1,0,gemcitabine
GSM5664357_TTCCTTCTCCTTTGAT-1,0,gemcitabine
GSM5664357_TTCCTTCTCTCGGGAC-1,0,gemcitabine
GSM5664357_TTCGATTAGATAGCTA-1,0,gemcitabine
GSM5664357_TTCGATTAGTGCTACT-1,0,gemcitabine
GSM5664357_TTCGATTCACGCTGCA-1,0,gemcitabine
GSM5664357_TTCGATTCATTCACAG-1,0,gemcitabine
GSM5664357_TTCGATTGTCTTGCGG-1,0,gemcitabine
GSM5664357_TTCGATTGTGTCTCCT-1,0,gemcitabine
GSM5664357_TTCGATTTCGAGTGAG-1,0,gemcitabine
GSM5664357_TTCGATTTCTGAATGC-1,0,gemcitabine
GSM5664357_TTCGCTGAGTCAAGCG-1,0,gemcitabine
GSM5664357_TTCGCTGAGTTGCATC-1,0,gemcitabine
GSM5664357_TTCGCTGCAACGATTC-1,0,gemcitabine
GSM5664357_TTCGCTGCATGTCTAG-1,0,gemcitabine
GSM5664357_TTCGCTGGTCGGCACT-1,0,gemcitabine
GSM5664357_TTCGCTGGTGAATGAT-1,0,gemcitabine
GSM5664357_TTCGCTGTCTCGGTAA-1,0,gemcitabine
GSM5664357_TTCGGTCAGACATACA-1,0,gemcitabine
GSM5664357_TTCGGTCAGACTTGTC-1,0,gemcitabine
GSM5664357_TTCGGTCAGCAGCAGT-1,0,gemcitabine
GSM5664357_TTCGGTCAGGATGTTA-1,0,gemcitabine
GSM5664357_TTCGGTCCATATCTGG-1,0,gemcitabine
GSM5664357_TTCGGTCGTCTGCAAT-1,0,gemcitabine
GSM5664357_TTCGGTCTCCATTTGT-1,0,gemcitabine
GSM5664357_TTCGGTCTCTAAGCGT-1,0,gemcitabine
GSM5664357_TTCTAACCACGACTAT-1,0,gemcitabine
GSM5664357_TTCTAACGTGTTACAC-1,0,gemcitabine
GSM5664357_TTCTAACGTTCTCCAC-1,0,gemcitabine
GSM5664357_TTCTAACTCAGCTGAT-1,0,gemcitabine
GSM5664357_TTCTAACTCCGACGGT-1,0,gemcitabine
GSM5664357_TTCTAGTAGGCCTGCT-1,0,gemcitabine
GSM5664357_TTCTAGTCACAGTCAT-1,0,gemcitabine
GSM5664357_TTCTAGTCACTCTGCT-1,0,gemcitabine
GSM5664357_TTCTAGTCATTACTCT-1,0,gemcitabine
GSM5664357_TTCTAGTGTCAACGCC-1,0,gemcitabine
GSM5664357_TTCTAGTGTCCATAGT-1,0,gemcitabine
GSM5664357_TTCTAGTTCCGAAATC-1,0,gemcitabine
GSM5664357_TTCTAGTTCGACGCTG-1,0,gemcitabine
GSM5664357_TTCTAGTTCGCTTTAT-1,0,gemcitabine
GSM5664357_TTCTCTCAGGAGTATT-1,0,gemcitabine
GSM5664357_TTCTCTCAGTCACACT-1,0,gemcitabine
GSM5664357_TTCTCTCGTCGAGCTC-1,0,gemcitabine
GSM5664357_TTCTCTCGTCTAGATC-1,0,gemcitabine
GSM5664357_TTCTGTACAACGGTAG-1,0,gemcitabine
GSM5664357_TTCTGTATCTCATGCC-1,0,gemcitabine
GSM5664357_TTCTTCCAGACATACA-1,0,gemcitabine
GSM5664357_TTCTTCCAGCGAGTAC-1,0,gemcitabine
GSM5664357_TTCTTCCAGGCATCTT-1,0,gemcitabine
GSM5664357_TTCTTCCAGTGAGTGC-1,0,gemcitabine
GSM5664357_TTCTTCCCAATCCTAG-1,0,gemcitabine
GSM5664357_TTCTTCCCACCGTCTT-1,0,gemcitabine
GSM5664357_TTCTTCCGTCCTATAG-1,0,gemcitabine
GSM5664357_TTCTTCCGTTGGGACA-1,0,gemcitabine
GSM5664357_TTCTTCCTCAACCTTT-1,0,gemcitabine
GSM5664357_TTCTTCCTCACGAACT-1,0,gemcitabine
GSM5664357_TTCTTGAAGATCGCTT-1,0,gemcitabine
GSM5664357_TTCTTGAAGCCATATC-1,0,gemcitabine
GSM5664357_TTCTTGAAGGCCACTC-1,0,gemcitabine
GSM5664357_TTCTTGAAGGCGATAC-1,0,gemcitabine
GSM5664357_TTCTTGAAGTGGACGT-1,0,gemcitabine
GSM5664357_TTCTTGAGTCGCAACC-1,0,gemcitabine
GSM5664357_TTCTTGATCGTAGGAG-1,0,gemcitabine
GSM5664357_TTCTTGATCTTCCGTG-1,0,gemcitabine
GSM5664357_TTGAACGAGCTCGTGC-1,0,gemcitabine
GSM5664357_TTGAACGCAACAAGTA-1,0,gemcitabine
GSM5664357_TTGAACGCAGAAATCA-1,0,gemcitabine
GSM5664357_TTGAACGTCCAGTTCC-1,0,gemcitabine
GSM5664357_TTGACCCAGGTCCGAA-1,0,gemcitabine
GSM5664357_TTGACCCCACTTCATT-1,0,gemcitabine
GSM5664357_TTGACCCTCAGCGCGT-1,0,gemcitabine
GSM5664357_TTGACCCTCGAGGCAA-1,0,gemcitabine
GSM5664357_TTGAGTGCAGTCGAGA-1,0,gemcitabine
GSM5664357_TTGAGTGTCCAAACCA-1,0,gemcitabine
GSM5664357_TTGAGTGTCCATCTGC-1,0,gemcitabine
GSM5664357_TTGAGTGTCCCTTTGG-1,0,gemcitabine
GSM5664357_TTGATGGAGGAGGTTC-1,0,gemcitabine
GSM5664357_TTGATGGAGGCACAAC-1,0,gemcitabine
GSM5664357_TTGATGGAGGTAATCA-1,0,gemcitabine
GSM5664357_TTGATGGCAGGACTAG-1,0,gemcitabine
GSM5664357_TTGATGGCAGTCTTCC-1,0,gemcitabine
GSM5664357_TTGATGGTCTTCTAAC-1,0,gemcitabine
GSM5664357_TTGCATTCAACAGTGG-1,0,gemcitabine
GSM5664357_TTGCATTCAGTGAGCA-1,0,gemcitabine
GSM5664357_TTGCATTCATGAAGGC-1,0,gemcitabine
GSM5664357_TTGCCTGGTGGGCTTC-1,0,gemcitabine
GSM5664357_TTGCCTGTCTTTGCGC-1,0,gemcitabine
GSM5664357_TTGCGTCAGCGTACAG-1,0,gemcitabine
GSM5664357_TTGCGTCCACTTCCTG-1,0,gemcitabine
GSM5664357_TTGCGTCCAGACCATT-1,0,gemcitabine
GSM5664357_TTGCGTCGTCTCCCTA-1,0,gemcitabine
GSM5664357_TTGCGTCGTTTCCAAG-1,0,gemcitabine
GSM5664357_TTGCGTCTCCCAGCGA-1,0,gemcitabine
GSM5664357_TTGCGTCTCTATTCGT-1,0,gemcitabine
GSM5664357_TTGCTGCCAATGGCAG-1,0,gemcitabine
GSM5664357_TTGCTGCCAGTCGGAA-1,0,gemcitabine
GSM5664357_TTGCTGCCATGTGCCG-1,0,gemcitabine
GSM5664357_TTGCTGCGTCAAGCCC-1,0,gemcitabine
GSM5664357_TTGCTGCTCATTCTTG-1,0,gemcitabine
GSM5664357_TTGCTGCTCCGGACGT-1,0,gemcitabine
GSM5664357_TTGCTGCTCGTCTAAG-1,0,gemcitabine
GSM5664357_TTGGATGAGCGCATCC-1,0,gemcitabine
GSM5664357_TTGGATGAGTCATGGG-1,0,gemcitabine
GSM5664357_TTGGATGTCGGCGATC-1,0,gemcitabine
GSM5664357_TTGGGATCAACACTAC-1,0,gemcitabine
GSM5664357_TTGGGATCAATGGCAG-1,0,gemcitabine
GSM5664357_TTGGGATCACAAGGTG-1,0,gemcitabine
GSM5664357_TTGGGATGTTATCTGG-1,0,gemcitabine
GSM5664357_TTGGGATTCACGGTCG-1,0,gemcitabine
GSM5664357_TTGGGATTCTTCTTCC-1,0,gemcitabine
GSM5664357_TTGGGCGAGTAGACCG-1,0,gemcitabine
GSM5664357_TTGGGCGCACGGTAGA-1,0,gemcitabine
GSM5664357_TTGGGCGCATAACAGA-1,0,gemcitabine
GSM5664357_TTGGGCGGTATCGCTA-1,0,gemcitabine
GSM5664357_TTGGGCGGTCGCAGTC-1,0,gemcitabine
GSM5664357_TTGGGTACAGTTTCGA-1,0,gemcitabine
GSM5664357_TTGGGTATCCCATACC-1,0,gemcitabine
GSM5664357_TTGGTTTCACGCGCTA-1,0,gemcitabine
GSM5664357_TTGGTTTCAGACCATT-1,0,gemcitabine
GSM5664357_TTGGTTTGTCGAAGCA-1,0,gemcitabine
GSM5664357_TTGTGGAAGGGTTGCA-1,0,gemcitabine
GSM5664357_TTGTGGAAGTGATAAC-1,0,gemcitabine
GSM5664357_TTGTGGACACCTTCGT-1,0,gemcitabine
GSM5664357_TTGTGGACATCGCTGG-1,0,gemcitabine
GSM5664357_TTGTGGAGTGCCTTCT-1,0,gemcitabine
GSM5664357_TTGTGGATCACTGATG-1,0,gemcitabine
GSM5664357_TTGTGGATCCAGTGTA-1,0,gemcitabine
GSM5664357_TTGTGGATCGACGAGA-1,0,gemcitabine
GSM5664357_TTGTGTTAGGCCTAGA-1,0,gemcitabine
GSM5664357_TTGTGTTCAAACTAAG-1,0,gemcitabine
GSM5664357_TTGTGTTCATCTATCT-1,0,gemcitabine
GSM5664357_TTGTGTTTCAGCGTCG-1,0,gemcitabine
GSM5664357_TTGTGTTTCTTAGCTT-1,0,gemcitabine
GSM5664357_TTGTTCAAGCGAACTG-1,0,gemcitabine
GSM5664357_TTGTTCACACACCTGG-1,0,gemcitabine
GSM5664357_TTGTTCACACCAGCCA-1,0,gemcitabine
GSM5664357_TTGTTCAGTTCTTAGG-1,0,gemcitabine
GSM5664357_TTGTTCATCCCGTTGT-1,0,gemcitabine
GSM5664357_TTGTTGTTCATGCTAG-1,0,gemcitabine
GSM5664357_TTGTTGTTCGAACCTA-1,0,gemcitabine
GSM5664357_TTGTTGTTCGCCAGTG-1,0,gemcitabine
GSM5664357_TTGTTGTTCTAGACCA-1,0,gemcitabine
GSM5664357_TTGTTTGAGACAACTA-1,0,gemcitabine
GSM5664357_TTGTTTGAGTCAATCC-1,0,gemcitabine
GSM5664357_TTGTTTGCATCTGGGC-1,0,gemcitabine
GSM5664357_TTGTTTGGTGACAGCA-1,0,gemcitabine
GSM5664357_TTGTTTGTCCTTATAC-1,0,gemcitabine
GSM5664357_TTTACCAGTAAGGCTG-1,0,gemcitabine
GSM5664357_TTTACCAGTAGTATAG-1,0,gemcitabine
GSM5664357_TTTACCAGTCCGGACT-1,0,gemcitabine
GSM5664357_TTTACCAGTGACACAG-1,0,gemcitabine
GSM5664357_TTTACCAGTTAGGGAC-1,0,gemcitabine
GSM5664357_TTTACGTAGTTTGCTG-1,0,gemcitabine
GSM5664357_TTTACGTCAGCTCTGG-1,0,gemcitabine
GSM5664357_TTTACGTCATAACTCG-1,0,gemcitabine
GSM5664357_TTTACGTGTAGCTTAC-1,0,gemcitabine
GSM5664357_TTTACGTGTCGAATGG-1,0,gemcitabine
GSM5664357_TTTACGTTCCGTGTAA-1,0,gemcitabine
GSM5664357_TTTACGTTCTACTCAT-1,0,gemcitabine
GSM5664357_TTTACTGAGGATTTAG-1,0,gemcitabine
GSM5664357_TTTACTGCAGTTAGGG-1,0,gemcitabine
GSM5664357_TTTACTGCATTGAGGG-1,0,gemcitabine
GSM5664357_TTTACTGGTCAACGCC-1,0,gemcitabine
GSM5664357_TTTACTGGTGAAGCTG-1,0,gemcitabine
GSM5664357_TTTACTGGTGAATGTA-1,0,gemcitabine
GSM5664357_TTTACTGGTGTACGCC-1,0,gemcitabine
GSM5664357_TTTACTGGTTAAGTCC-1,0,gemcitabine
GSM5664357_TTTACTGTCATAAGGA-1,0,gemcitabine
GSM5664357_TTTACTGTCCCTATTA-1,0,gemcitabine
GSM5664357_TTTACTGTCTGCTTTA-1,0,gemcitabine
GSM5664357_TTTAGTCAGATCCTAC-1,0,gemcitabine
GSM5664357_TTTAGTCAGCCAACCC-1,0,gemcitabine
GSM5664357_TTTAGTCAGGCATGGT-1,0,gemcitabine
GSM5664357_TTTAGTCCAAGTTGGG-1,0,gemcitabine
GSM5664357_TTTAGTCCACAAGCTT-1,0,gemcitabine
GSM5664357_TTTAGTCCAGCTGAGA-1,0,gemcitabine
GSM5664357_TTTAGTCGTACTCGAT-1,0,gemcitabine
GSM5664357_TTTATGCAGATTGAGT-1,0,gemcitabine
GSM5664357_TTTATGCCAAAGAACT-1,0,gemcitabine
GSM5664357_TTTATGCCATGGAAGC-1,0,gemcitabine
GSM5664357_TTTATGCGTACAGTAA-1,0,gemcitabine
GSM5664357_TTTATGCTCCACAAGT-1,0,gemcitabine
GSM5664357_TTTATGCTCTAGATCG-1,0,gemcitabine
GSM5664357_TTTCACAAGTCGAAGC-1,0,gemcitabine
GSM5664357_TTTCACACACATTGTG-1,0,gemcitabine
GSM5664357_TTTCACACACTTGAAC-1,0,gemcitabine
GSM5664357_TTTCACACAGTATTCG-1,0,gemcitabine
GSM5664357_TTTCACATCCGTGTGG-1,0,gemcitabine
GSM5664357_TTTCACATCTCTTCAA-1,0,gemcitabine
GSM5664357_TTTCAGTAGCACACCC-1,0,gemcitabine
GSM5664357_TTTCAGTAGCATGTTC-1,0,gemcitabine
GSM5664357_TTTCAGTCAAATACGA-1,0,gemcitabine
GSM5664357_TTTCAGTGTGGCTCTG-1,0,gemcitabine
GSM5664357_TTTCAGTTCACCATAG-1,0,gemcitabine
GSM5664357_TTTCATGTCTGTCCGT-1,0,gemcitabine
GSM5664357_TTTCCTCGTCGAGTTT-1,0,gemcitabine
GSM5664357_TTTCCTCTCATCGCTC-1,0,gemcitabine
GSM5664357_TTTCCTCTCATTCCTA-1,0,gemcitabine
GSM5664357_TTTCCTCTCCACTTCG-1,0,gemcitabine
GSM5664357_TTTCCTCTCCGGACTG-1,0,gemcitabine
GSM5664357_TTTCCTCTCCTGTTAT-1,0,gemcitabine
GSM5664357_TTTCCTCTCTGGTGCG-1,0,gemcitabine
GSM5664357_TTTCGATGTTGGAGGT-1,0,gemcitabine
GSM5664357_TTTCGATTCAGACCGC-1,0,gemcitabine
GSM5664357_TTTCGATTCATTGTTC-1,0,gemcitabine
GSM5664357_TTTGACTAGAGTCAGC-1,0,gemcitabine
GSM5664357_TTTGACTAGTTGCATC-1,0,gemcitabine
GSM5664357_TTTGACTTCAAGTGGG-1,0,gemcitabine
GSM5664357_TTTGACTTCCAACTGA-1,0,gemcitabine
GSM5664357_TTTGACTTCGACATCA-1,0,gemcitabine
GSM5664357_TTTGATCAGAGATCGC-1,0,gemcitabine
GSM5664357_TTTGATCAGCACTCTA-1,0,gemcitabine
GSM5664357_TTTGATCCAACGATCT-1,0,gemcitabine
GSM5664357_TTTGATCCATAGAAAC-1,0,gemcitabine
GSM5664357_TTTGATCTCCGAAATC-1,0,gemcitabine
GSM5664357_TTTGATCTCGAATCCA-1,0,gemcitabine
GSM5664357_TTTGGAGAGACGCAGT-1,0,gemcitabine
GSM5664357_TTTGGAGAGAGCAACC-1,0,gemcitabine
GSM5664357_TTTGGAGAGTCGCCCA-1,0,gemcitabine
GSM5664357_TTTGGAGCACGGTCTG-1,0,gemcitabine
GSM5664357_TTTGGAGTCAAGTCTG-1,0,gemcitabine
GSM5664357_TTTGGTTCAGCTCGGT-1,0,gemcitabine
GSM5664357_TTTGGTTGTAGCTGCC-1,0,gemcitabine
GSM5664357_TTTGGTTTCAAGCTGT-1,0,gemcitabine
GSM5664357_TTTGGTTTCACCGACG-1,0,gemcitabine
GSM5664357_TTTGGTTTCGAGTGGA-1,0,gemcitabine
GSM5664357_TTTGGTTTCTGCATAG-1,0,gemcitabine
GSM5664357_TTTGTTGAGAACTCCT-1,0,gemcitabine
GSM5664357_TTTGTTGAGAAGCGCT-1,0,gemcitabine
GSM5664357_TTTGTTGAGGCCCACT-1,0,gemcitabine
GSM5664357_TTTGTTGAGGTGCCTC-1,0,gemcitabine
GSM5664357_TTTGTTGCAAATACAG-1,0,gemcitabine
GSM5664357_TTTGTTGGTCGCATCG-1,0,gemcitabine
