cell,label,drug
Data12_GSM4161452,1,docetaxel
Data12_GSM4161453,1,docetaxel
Data12_GSM4161454,1,docetaxel
Data12_GSM4161455,1,docetaxel
Data12_GSM4161456,1,docetaxel
Data12_GSM4161457,1,docetaxel
Data12_GSM4161458,1,docetaxel
Data12_GSM4161459,1,docetaxel
Data12_GSM4161460,1,docetaxel
Data12_GSM4161461,1,docetaxel
Data12_GSM4161462,1,docetaxel
Data12_GSM4161463,1,docetaxel
Data12_GSM4161464,1,docetaxel
Data12_GSM4161465,1,docetaxel
Data12_GSM4161467,1,docetaxel
Data12_GSM4161469,1,docetaxel
Data12_GSM4161473,1,docetaxel
Data12_GSM4161474,1,docetaxel
Data12_GSM4161475,1,docetaxel
Data12_GSM4161476,1,docetaxel
Data12_GSM4161477,1,docetaxel
Data12_GSM4161478,1,docetaxel
Data12_GSM4161479,1,docetaxel
Data12_GSM4161480,1,docetaxel
Data12_GSM4161481,1,docetaxel
Data12_GSM4161482,1,docetaxel
Data12_GSM4161483,1,docetaxel
Data12_GSM4161484,1,docetaxel
Data12_GSM4161485,1,docetaxel
Data12_GSM4161486,1,docetaxel
Data12_GSM4161487,1,docetaxel
Data12_GSM4161488,1,docetaxel
Data12_GSM4161489,1,docetaxel
Data12_GSM4161490,1,docetaxel
Data12_GSM4161491,1,docetaxel
Data12_GSM4161492,1,docetaxel
Data12_GSM4161493,1,docetaxel
Data12_GSM4161494,1,docetaxel
Data12_GSM4161495,1,docetaxel
Data12_GSM4161496,1,docetaxel
Data12_GSM4161497,1,docetaxel
Data12_GSM4161498,1,docetaxel
Data12_GSM4161500,1,docetaxel
Data12_GSM4161501,1,docetaxel
Data12_GSM4161502,1,docetaxel
Data12_GSM4161503,1,docetaxel
Data12_GSM4161504,1,docetaxel
Data12_GSM4161505,1,docetaxel
Data12_GSM4161506,1,docetaxel
Data12_GSM4161507,1,docetaxel
Data12_GSM4161508,1,docetaxel
Data12_GSM4161509,1,docetaxel
Data12_GSM4161512,1,docetaxel
Data12_GSM4161513,1,docetaxel
Data12_GSM4161514,1,docetaxel
Data12_GSM4161515,1,docetaxel
Data12_GSM4161516,1,docetaxel
Data12_GSM4161519,1,docetaxel
Data12_GSM4161520,1,docetaxel
Data12_GSM4161521,1,docetaxel
Data12_GSM4161524,0,docetaxel
Data12_GSM4161525,0,docetaxel
Data12_GSM4161526,0,docetaxel
Data12_GSM4161527,0,docetaxel
Data12_GSM4161528,0,docetaxel
Data12_GSM4161529,0,docetaxel
Data12_GSM4161530,0,docetaxel
Data12_GSM4161531,0,docetaxel
Data12_GSM4161532,0,docetaxel
Data12_GSM4161533,0,docetaxel
Data12_GSM4161534,0,docetaxel
Data12_GSM4161535,0,docetaxel
Data12_GSM4161536,0,docetaxel
Data12_GSM4161537,0,docetaxel
Data12_GSM4161538,0,docetaxel
Data12_GSM4161539,0,docetaxel
Data12_GSM4161540,0,docetaxel
Data12_GSM4161541,0,docetaxel
Data12_GSM4161542,0,docetaxel
Data12_GSM4161543,0,docetaxel
Data12_GSM4161544,0,docetaxel
Data12_GSM4161545,0,docetaxel
Data12_GSM4161546,0,docetaxel
Data12_GSM4161547,0,docetaxel
Data12_GSM4161548,0,docetaxel
Data12_GSM4161549,0,docetaxel
Data12_GSM4161550,0,docetaxel
Data12_GSM4161551,0,docetaxel
Data12_GSM4161552,0,docetaxel
Data12_GSM4161553,0,docetaxel
Data12_GSM4161555,0,docetaxel
Data12_GSM4161556,0,docetaxel
Data12_GSM4161557,0,docetaxel
Data12_GSM4161558,0,docetaxel
Data12_GSM4161559,0,docetaxel
Data12_GSM4161560,0,docetaxel
Data12_GSM4161561,0,docetaxel
Data12_GSM4161562,0,docetaxel
Data12_GSM4161563,0,docetaxel
Data12_GSM4161564,0,docetaxel
Data12_GSM4161565,0,docetaxel
Data12_GSM4161566,0,docetaxel
Data12_GSM4161567,0,docetaxel
Data12_GSM4161568,0,docetaxel
Data12_GSM4161569,0,docetaxel
Data12_GSM4161570,0,docetaxel
Data12_GSM4161571,0,docetaxel
Data12_GSM4161572,0,docetaxel
Data12_GSM4161573,0,docetaxel
Data12_GSM4161574,0,docetaxel
Data12_GSM4161575,0,docetaxel
Data12_GSM4161576,0,docetaxel
Data12_GSM4161577,0,docetaxel
Data12_GSM4161578,0,docetaxel
Data12_GSM4161580,0,docetaxel
Data12_GSM4161581,0,docetaxel
Data12_GSM4161582,0,docetaxel
Data12_GSM4161583,0,docetaxel
Data12_GSM4161584,0,docetaxel
Data12_GSM4161585,0,docetaxel
Data12_GSM4161586,0,docetaxel
Data12_GSM4161587,0,docetaxel
Data12_GSM4161588,0,docetaxel
Data12_GSM4161589,0,docetaxel
Data12_GSM4161590,0,docetaxel
Data12_GSM4161591,0,docetaxel
Data12_GSM4161592,0,docetaxel
Data12_GSM4161593,0,docetaxel
Data12_GSM4161594,0,docetaxel
Data12_GSM4161596,1,docetaxel
Data12_GSM4161597,1,docetaxel
Data12_GSM4161598,1,docetaxel
Data12_GSM4161599,1,docetaxel
Data12_GSM4161600,1,docetaxel
Data12_GSM4161601,1,docetaxel
Data12_GSM4161602,1,docetaxel
Data12_GSM4161603,1,docetaxel
Data12_GSM4161605,1,docetaxel
Data12_GSM4161606,1,docetaxel
Data12_GSM4161608,1,docetaxel
Data12_GSM4161610,1,docetaxel
Data12_GSM4161611,1,docetaxel
Data12_GSM4161613,1,docetaxel
Data12_GSM4161614,1,docetaxel
Data12_GSM4161617,1,docetaxel
Data12_GSM4161621,1,docetaxel
Data12_GSM4161622,1,docetaxel
Data12_GSM4161623,1,docetaxel
Data12_GSM4161624,1,docetaxel
Data12_GSM4161625,1,docetaxel
Data12_GSM4161626,1,docetaxel
Data12_GSM4161627,1,docetaxel
Data12_GSM4161628,1,docetaxel
Data12_GSM4161629,1,docetaxel
Data12_GSM4161630,1,docetaxel
Data12_GSM4161631,1,docetaxel
Data12_GSM4161633,1,docetaxel
Data12_GSM4161634,1,docetaxel
Data12_GSM4161635,1,docetaxel
Data12_GSM4161636,1,docetaxel
Data12_GSM4161637,1,docetaxel
Data12_GSM4161638,1,docetaxel
Data12_GSM4161639,1,docetaxel
Data12_GSM4161640,1,docetaxel
Data12_GSM4161641,1,docetaxel
Data12_GSM4161642,1,docetaxel
Data12_GSM4161643,1,docetaxel
Data12_GSM4161644,1,docetaxel
Data12_GSM4161645,1,docetaxel
Data12_GSM4161646,1,docetaxel
Data12_GSM4161647,1,docetaxel
Data12_GSM4161648,1,docetaxel
Data12_GSM4161649,1,docetaxel
Data12_GSM4161652,1,docetaxel
Data12_GSM4161653,1,docetaxel
Data12_GSM4161654,1,docetaxel
Data12_GSM4161655,1,docetaxel
Data12_GSM4161656,1,docetaxel
Data12_GSM4161657,1,docetaxel
Data12_GSM4161658,1,docetaxel
Data12_GSM4161660,1,docetaxel
Data12_GSM4161661,1,docetaxel
Data12_GSM4161662,1,docetaxel
Data12_GSM4161663,1,docetaxel
Data12_GSM4161664,1,docetaxel
Data12_GSM4161665,1,docetaxel
Data12_GSM4161667,1,docetaxel
Data12_GSM4161668,1,docetaxel
Data12_GSM4161669,1,docetaxel
Data12_GSM4161670,1,docetaxel
Data12_GSM4161671,1,docetaxel
Data12_GSM4161672,1,docetaxel
Data12_GSM4161673,1,docetaxel
Data12_GSM4161674,1,docetaxel
Data12_GSM4161675,1,docetaxel
Data12_GSM4161676,1,docetaxel
Data12_GSM4161677,1,docetaxel
Data12_GSM4161678,1,docetaxel
Data12_GSM4161679,1,docetaxel
Data12_GSM4161680,1,docetaxel
Data12_GSM4161682,1,docetaxel
Data12_GSM4161683,1,docetaxel
Data12_GSM4161684,1,docetaxel
Data12_GSM4161686,0,docetaxel
Data12_GSM4161687,0,docetaxel
Data12_GSM4161688,0,docetaxel
Data12_GSM4161690,0,docetaxel
Data12_GSM4161691,0,docetaxel
Data12_GSM4161692,0,docetaxel
Data12_GSM4161693,0,docetaxel
Data12_GSM4161694,0,docetaxel
Data12_GSM4161695,0,docetaxel
Data12_GSM4161696,0,docetaxel
Data12_GSM4161697,0,docetaxel
Data12_GSM4161698,0,docetaxel
Data12_GSM4161699,0,docetaxel
Data12_GSM4161700,0,docetaxel
Data12_GSM4161702,0,docetaxel
Data12_GSM4161703,0,docetaxel
Data12_GSM4161704,0,docetaxel
Data12_GSM4161705,0,docetaxel
Data12_GSM4161706,0,docetaxel
Data12_GSM4161707,0,docetaxel
Data12_GSM4161708,0,docetaxel
Data12_GSM4161709,0,docetaxel
Data12_GSM4161710,0,docetaxel
Data12_GSM4161711,0,docetaxel
Data12_GSM4161712,0,docetaxel
Data12_GSM4161713,0,docetaxel
Data12_GSM4161714,0,docetaxel
Data12_GSM4161715,0,docetaxel
Data12_GSM4161716,0,docetaxel
Data12_GSM4161717,0,docetaxel
Data12_GSM4161718,0,docetaxel
Data12_GSM4161719,0,docetaxel
Data12_GSM4161720,0,docetaxel
Data12_GSM4161721,0,docetaxel
Data12_GSM4161722,0,docetaxel
Data12_GSM4161723,0,docetaxel
Data12_GSM4161724,0,docetaxel
Data12_GSM4161725,0,docetaxel
Data12_GSM4161727,0,docetaxel
Data12_GSM4161728,0,docetaxel
Data12_GSM4161729,0,docetaxel
Data12_GSM4161731,0,docetaxel
Data12_GSM4161732,0,docetaxel
Data12_GSM4161733,0,docetaxel
Data12_GSM4161734,0,docetaxel
Data12_GSM4161735,0,docetaxel
Data12_GSM4161736,0,docetaxel
Data12_GSM4161737,0,docetaxel
Data12_GSM4161738,0,docetaxel
Data12_GSM4161739,0,docetaxel
Data12_GSM4161740,0,docetaxel
Data12_GSM4161741,0,docetaxel
Data12_GSM4161742,0,docetaxel
Data12_GSM4161743,0,docetaxel
Data12_GSM4161744,0,docetaxel
Data12_GSM4161745,0,docetaxel
Data12_GSM4161746,0,docetaxel
Data12_GSM4161747,0,docetaxel
Data12_GSM4161748,0,docetaxel
Data12_GSM4161750,0,docetaxel
Data12_GSM4161751,0,docetaxel
Data12_GSM4161752,0,docetaxel
Data12_GSM4161753,0,docetaxel
Data12_GSM4161755,0,docetaxel
Data12_GSM4161756,0,docetaxel
Data12_GSM4161758,0,docetaxel
Data12_GSM4161759,0,docetaxel
Data12_GSM4161761,0,docetaxel
Data12_GSM4161762,0,docetaxel
Data12_GSM4161763,0,docetaxel
Data12_GSM4161764,0,docetaxel
Data12_GSM4161765,0,docetaxel
Data12_GSM4161766,0,docetaxel
Data12_GSM4161767,0,docetaxel
Data12_GSM4161768,0,docetaxel
Data12_GSM4161770,0,docetaxel
Data12_GSM4161771,0,docetaxel
Data12_GSM4161772,0,docetaxel
Data12_GSM4161773,0,docetaxel
Data12_GSM4161774,0,docetaxel
Data12_GSM4161775,0,docetaxel
Data32_GSM5155455_AAACCCAAGCTTAGTC-1,1,enzalutamide
Data32_GSM5155455_AAACCCAAGTCAACAA-1,1,enzalutamide
Data32_GSM5155455_AAACCCACAAGTGCTT-1,1,enzalutamide
Data32_GSM5155455_AAACCCACATCGTGCG-1,1,enzalutamide
Data32_GSM5155455_AAACGAACATTGCTGA-1,1,enzalutamide
Data32_GSM5155455_AAACGCTAGGCTTTCA-1,1,enzalutamide
Data32_GSM5155455_AAACGCTTCACACCGG-1,1,enzalutamide
Data32_GSM5155455_AAACGCTTCTCCACTG-1,1,enzalutamide
Data32_GSM5155455_AAAGAACCATATCGGT-1,1,enzalutamide
Data32_GSM5155455_AAAGAACTCACTACGA-1,1,enzalutamide
Data32_GSM5155455_AAAGGATGTATTGACC-1,1,enzalutamide
Data32_GSM5155455_AAAGGGCCAGAAATCA-1,1,enzalutamide
Data32_GSM5155455_AAAGGGCGTGTTTACG-1,1,enzalutamide
Data32_GSM5155455_AAAGGTAAGGTTCCAT-1,1,enzalutamide
Data32_GSM5155455_AAAGGTATCCGGACGT-1,1,enzalutamide
Data32_GSM5155455_AAAGTCCGTCTACGTA-1,1,enzalutamide
Data32_GSM5155455_AAAGTCCGTGAACGGT-1,1,enzalutamide
Data32_GSM5155455_AAAGTGAAGCCGGATA-1,1,enzalutamide
Data32_GSM5155455_AAAGTGACATGGCCCA-1,1,enzalutamide
Data32_GSM5155455_AAAGTGATCACGATAC-1,1,enzalutamide
Data32_GSM5155455_AAATGGAAGGAACTAT-1,1,enzalutamide
Data32_GSM5155455_AAATGGATCACTGGGC-1,1,enzalutamide
Data32_GSM5155455_AACAAAGAGATACGAT-1,1,enzalutamide
Data32_GSM5155455_AACAAAGCAGATGCGA-1,1,enzalutamide
Data32_GSM5155455_AACAAAGTCGGCTGAC-1,1,enzalutamide
Data32_GSM5155455_AACAACCGTCGTCGGT-1,1,enzalutamide
Data32_GSM5155455_AACAAGAGTCATCGCG-1,1,enzalutamide
Data32_GSM5155455_AACACACAGCTACAAA-1,1,enzalutamide
Data32_GSM5155455_AACAGGGCAAGCCATT-1,1,enzalutamide
Data32_GSM5155455_AACAGGGTCCGTGACG-1,1,enzalutamide
Data32_GSM5155455_AACCAACAGAGGGTAA-1,1,enzalutamide
Data32_GSM5155455_AACCAACAGATGAACT-1,1,enzalutamide
Data32_GSM5155455_AACCAACCAAGCGATG-1,1,enzalutamide
Data32_GSM5155455_AACCAACTCACCCTCA-1,1,enzalutamide
Data32_GSM5155455_AACCAACTCGCGCCAA-1,1,enzalutamide
Data32_GSM5155455_AACCACAGTCTACTGA-1,1,enzalutamide
Data32_GSM5155455_AACCACATCAACCTTT-1,1,enzalutamide
Data32_GSM5155455_AACCATGGTGTCCATA-1,1,enzalutamide
Data32_GSM5155455_AACCCAAAGCTGAAGC-1,1,enzalutamide
Data32_GSM5155455_AACCCAAAGTTGGAGC-1,1,enzalutamide
Data32_GSM5155455_AACCCAAGTCTTTCAT-1,1,enzalutamide
Data32_GSM5155455_AACCCAATCTGCATAG-1,1,enzalutamide
Data32_GSM5155455_AACCTGACAAATGCGG-1,1,enzalutamide
Data32_GSM5155455_AACCTGACAAGCTCTA-1,1,enzalutamide
Data32_GSM5155455_AACCTGACACGCGCAT-1,1,enzalutamide
Data32_GSM5155455_AACCTGAGTACCAGAG-1,1,enzalutamide
Data32_GSM5155455_AACCTTTAGCACTAAA-1,1,enzalutamide
Data32_GSM5155455_AACCTTTCAGGATTCT-1,1,enzalutamide
Data32_GSM5155455_AACCTTTGTCTGTGCG-1,1,enzalutamide
Data32_GSM5155455_AACGAAAGTTCGGCGT-1,1,enzalutamide
Data32_GSM5155455_AACGGGAAGAGCCGAT-1,1,enzalutamide
Data32_GSM5155455_AACGGGAGTGCCCAGT-1,1,enzalutamide
Data32_GSM5155455_AACGTCACACTCTAGA-1,1,enzalutamide
Data32_GSM5155455_AACGTCAGTTGTTGTG-1,1,enzalutamide
Data32_GSM5155455_AACGTCATCAGTGTCA-1,1,enzalutamide
Data32_GSM5155455_AACGTCATCCCGTTGT-1,1,enzalutamide
Data32_GSM5155455_AACTTCTCAGCTCATA-1,1,enzalutamide
Data32_GSM5155455_AACTTCTGTATCAAGA-1,1,enzalutamide
Data32_GSM5155455_AACTTCTTCAAAGGAT-1,1,enzalutamide
Data32_GSM5155455_AAGAACAAGGGCAATC-1,1,enzalutamide
Data32_GSM5155455_AAGAACACAACACACT-1,1,enzalutamide
Data32_GSM5155455_AAGAACACAAGTACCT-1,1,enzalutamide
Data32_GSM5155455_AAGAACATCCCAATAG-1,1,enzalutamide
Data32_GSM5155455_AAGACAACATATGGCT-1,1,enzalutamide
Data32_GSM5155455_AAGACAAGTAACGATA-1,1,enzalutamide
Data32_GSM5155455_AAGACAATCTTCCACG-1,1,enzalutamide
Data32_GSM5155455_AAGACTCCAGGCAATG-1,1,enzalutamide
Data32_GSM5155455_AAGATAGTCAAACCCA-1,1,enzalutamide
Data32_GSM5155455_AAGATAGTCAGTCAGT-1,1,enzalutamide
Data32_GSM5155455_AAGCATCAGGTGATAT-1,1,enzalutamide
Data32_GSM5155455_AAGCATCAGTAGCCAG-1,1,enzalutamide
Data32_GSM5155455_AAGCATCGTCAGCGTC-1,1,enzalutamide
Data32_GSM5155455_AAGCATCTCCCGTGTT-1,1,enzalutamide
Data32_GSM5155455_AAGCATCTCTAGTGTG-1,1,enzalutamide
Data32_GSM5155455_AAGCCATAGAATACAC-1,1,enzalutamide
Data32_GSM5155455_AAGCCATAGTCCTGCG-1,1,enzalutamide
Data32_GSM5155455_AAGCCATCACTGGCGT-1,1,enzalutamide
Data32_GSM5155455_AAGCCATGTGACGCCT-1,1,enzalutamide
Data32_GSM5155455_AAGCGAGAGGGACCAT-1,1,enzalutamide
Data32_GSM5155455_AAGCGAGGTGGGTCAA-1,1,enzalutamide
Data32_GSM5155455_AAGCGAGTCCAACTAG-1,1,enzalutamide
Data32_GSM5155455_AAGCGAGTCCTGTAAG-1,1,enzalutamide
Data32_GSM5155455_AAGCGTTCACGGAAGT-1,1,enzalutamide
Data32_GSM5155455_AAGCGTTCATTCACAG-1,1,enzalutamide
Data32_GSM5155455_AAGCGTTGTGTGGACA-1,1,enzalutamide
Data32_GSM5155455_AAGGAATCATCCGAGC-1,1,enzalutamide
Data32_GSM5155455_AAGGAATTCTCTAAGG-1,1,enzalutamide
Data32_GSM5155455_AAGGTAACATAAGCGG-1,1,enzalutamide
Data32_GSM5155455_AAGGTAAGTGTCATTG-1,1,enzalutamide
Data32_GSM5155455_AAGGTAAGTGTTCCTC-1,1,enzalutamide
Data32_GSM5155455_AAGGTAATCCTCGATC-1,1,enzalutamide
Data32_GSM5155455_AAGTACCCAACCAATC-1,1,enzalutamide
Data32_GSM5155455_AAGTACCGTCGCATCG-1,1,enzalutamide
Data32_GSM5155455_AAGTACCGTCGTGGTC-1,1,enzalutamide
Data32_GSM5155455_AAGTACCTCCGACGGT-1,1,enzalutamide
Data32_GSM5155455_AAGTCGTCAGCCCAGT-1,1,enzalutamide
Data32_GSM5155455_AAGTCGTTCGCACGGT-1,1,enzalutamide
Data32_GSM5155455_AAGTCGTTCGGCTGTG-1,1,enzalutamide
Data32_GSM5155455_AAGTGAAAGGGAGAAT-1,1,enzalutamide
Data32_GSM5155455_AAGTGAAAGGTGGTTG-1,1,enzalutamide
Data32_GSM5155455_AAGTGAAGTAGTGATA-1,1,enzalutamide
Data32_GSM5155455_AAGTGAATCATACGGT-1,1,enzalutamide
Data32_GSM5155455_AAGTTCGCAAATACAG-1,1,enzalutamide
Data32_GSM5155455_AATAGAGTCACTACTT-1,1,enzalutamide
Data32_GSM5155455_AATCACGCATCGGCCA-1,1,enzalutamide
Data32_GSM5155455_AATCACGGTTGTATGC-1,1,enzalutamide
Data32_GSM5155455_AATCACGTCAAACCCA-1,1,enzalutamide
Data32_GSM5155455_AATCGACAGTAGTCAA-1,1,enzalutamide
Data32_GSM5155455_AATCGACCAGCGTACC-1,1,enzalutamide
Data32_GSM5155455_AATCGACCAGTAGTGG-1,1,enzalutamide
Data32_GSM5155455_AATCGACTCAGGAAGC-1,1,enzalutamide
Data32_GSM5155455_AATCGTGAGAGCCATG-1,1,enzalutamide
Data32_GSM5155455_AATGAAGAGGGTACAC-1,1,enzalutamide
Data32_GSM5155455_AATGAAGCAACACACT-1,1,enzalutamide
Data32_GSM5155455_AATGACCAGCTAATCC-1,1,enzalutamide
Data32_GSM5155455_AATGACCCACCTGAAT-1,1,enzalutamide
Data32_GSM5155455_AATGGAAAGATCGACG-1,1,enzalutamide
Data32_GSM5155455_AATGGAATCGCTAAAC-1,1,enzalutamide
Data32_GSM5155455_AATGGCTAGAATCGAT-1,1,enzalutamide
Data32_GSM5155455_AATGGCTTCAAGCCAT-1,1,enzalutamide
Data32_GSM5155455_AATTTCCTCTCCAAGA-1,1,enzalutamide
Data32_GSM5155455_ACAAAGACACGTACAT-1,1,enzalutamide
Data32_GSM5155455_ACAAAGACAGGAATCG-1,1,enzalutamide
Data32_GSM5155455_ACAAAGAGTTGTGTTG-1,1,enzalutamide
Data32_GSM5155455_ACAACCAAGTCTTCCC-1,1,enzalutamide
Data32_GSM5155455_ACAACCAGTTGAGAGC-1,1,enzalutamide
Data32_GSM5155455_ACACAGTTCGAGCACC-1,1,enzalutamide
Data32_GSM5155455_ACACCAAAGACATAAC-1,1,enzalutamide
Data32_GSM5155455_ACACCAAAGATCGCTT-1,1,enzalutamide
Data32_GSM5155455_ACACCAACAGTTAGGG-1,1,enzalutamide
Data32_GSM5155455_ACACCAACATGACGAG-1,1,enzalutamide
Data32_GSM5155455_ACACGCGCAAGCCCAC-1,1,enzalutamide
Data32_GSM5155455_ACACGCGCACAACCGC-1,1,enzalutamide
Data32_GSM5155455_ACACTGACACTGCGTG-1,1,enzalutamide
Data32_GSM5155455_ACAGAAAAGCATTGTC-1,1,enzalutamide
Data32_GSM5155455_ACAGAAAGTACTCAAC-1,1,enzalutamide
Data32_GSM5155455_ACAGAAATCGTACCTC-1,1,enzalutamide
Data32_GSM5155455_ACAGCCGAGATGTTAG-1,1,enzalutamide
Data32_GSM5155455_ACAGCCGAGCACTCCG-1,1,enzalutamide
Data32_GSM5155455_ACAGGGAAGCTAGATA-1,1,enzalutamide
Data32_GSM5155455_ACATCCCAGGCATCGA-1,1,enzalutamide
Data32_GSM5155455_ACATCCCCAATGAACA-1,1,enzalutamide
Data32_GSM5155455_ACATCCCTCATGCAGT-1,1,enzalutamide
Data32_GSM5155455_ACATCGAAGGGACCAT-1,1,enzalutamide
Data32_GSM5155455_ACATCGATCACTTTGT-1,1,enzalutamide
Data32_GSM5155455_ACATGCAAGTACCATC-1,1,enzalutamide
Data32_GSM5155455_ACATGCAGTCCATACA-1,1,enzalutamide
Data32_GSM5155455_ACATGCAGTTGGTAGG-1,1,enzalutamide
Data32_GSM5155455_ACATTTCCACGGTGAA-1,1,enzalutamide
Data32_GSM5155455_ACATTTCGTATCGCTA-1,1,enzalutamide
Data32_GSM5155455_ACATTTCTCCGTAGGC-1,1,enzalutamide
Data32_GSM5155455_ACATTTCTCTATTCGT-1,1,enzalutamide
Data32_GSM5155455_ACCAAACCACCTGATA-1,1,enzalutamide
Data32_GSM5155455_ACCAACAGTAACCAGG-1,1,enzalutamide
Data32_GSM5155455_ACCAACAGTGGAATGC-1,1,enzalutamide
Data32_GSM5155455_ACCAACAGTTGCCAAT-1,1,enzalutamide
Data32_GSM5155455_ACCACAACATGTCGTA-1,1,enzalutamide
Data32_GSM5155455_ACCATTTCAACCCTCT-1,1,enzalutamide
Data32_GSM5155455_ACCATTTCATACAGCT-1,1,enzalutamide
Data32_GSM5155455_ACCCAAATCTAGACCA-1,1,enzalutamide
Data32_GSM5155455_ACCCTCAGTCTGTAAC-1,1,enzalutamide
Data32_GSM5155455_ACCCTCAGTTGGACCC-1,1,enzalutamide
Data32_GSM5155455_ACCCTCATCCGTGTAA-1,1,enzalutamide
Data32_GSM5155455_ACCCTTGCAAGTGCAG-1,1,enzalutamide
Data32_GSM5155455_ACCCTTGTCCGACGGT-1,1,enzalutamide
Data32_GSM5155455_ACCGTTCAGTATGGCG-1,1,enzalutamide
Data32_GSM5155455_ACCGTTCCACCAGCTG-1,1,enzalutamide
Data32_GSM5155455_ACCGTTCCATTGACCA-1,1,enzalutamide
Data32_GSM5155455_ACCGTTCTCAAGGAGC-1,1,enzalutamide
Data32_GSM5155455_ACCTACCAGCTGAAGC-1,1,enzalutamide
Data32_GSM5155455_ACCTACCGTCGGTAAG-1,1,enzalutamide
Data32_GSM5155455_ACCTGAAAGGTACATA-1,1,enzalutamide
Data32_GSM5155455_ACCTGAACACAACCGC-1,1,enzalutamide
Data32_GSM5155455_ACCTGAATCCCGTGAG-1,1,enzalutamide
Data32_GSM5155455_ACCTGTCTCACTACGA-1,1,enzalutamide
Data32_GSM5155455_ACCTGTCTCGTTGCCT-1,1,enzalutamide
Data32_GSM5155455_ACGATCACAAACTCGT-1,1,enzalutamide
Data32_GSM5155455_ACGATCACAGAACTAA-1,1,enzalutamide
Data32_GSM5155455_ACGATGTAGTCACTCA-1,1,enzalutamide
Data32_GSM5155455_ACGCACGCATAGGAGC-1,1,enzalutamide
Data32_GSM5155455_ACGGAAGAGGCGTTAG-1,1,enzalutamide
Data32_GSM5155455_ACGGAAGTCCTTGGAA-1,1,enzalutamide
Data32_GSM5155455_ACGGAAGTCGAAACAA-1,1,enzalutamide
Data32_GSM5155455_ACGGAAGTCTCGACGG-1,1,enzalutamide
Data32_GSM5155455_ACGGGTCAGCGCCTAC-1,1,enzalutamide
Data32_GSM5155455_ACGGGTCCAGACACAG-1,1,enzalutamide
Data32_GSM5155455_ACGGGTCCATGCTGCG-1,1,enzalutamide
Data32_GSM5155455_ACGGGTCGTAATCAGA-1,1,enzalutamide
Data32_GSM5155455_ACGGGTCTCCTCTAAT-1,1,enzalutamide
Data32_GSM5155455_ACGGTCGAGTTGCCCG-1,1,enzalutamide
Data32_GSM5155455_ACGGTCGCAGCAGAAC-1,1,enzalutamide
Data32_GSM5155455_ACGGTCGGTATCCTTT-1,1,enzalutamide
Data32_GSM5155455_ACGGTCGTCCACGGGT-1,1,enzalutamide
Data32_GSM5155455_ACGGTTAAGCGCACAA-1,1,enzalutamide
Data32_GSM5155455_ACGGTTATCTATCACT-1,1,enzalutamide
Data32_GSM5155455_ACGTAACAGGGATCAC-1,1,enzalutamide
Data32_GSM5155455_ACGTACAAGACCGTTT-1,1,enzalutamide
Data32_GSM5155455_ACGTACAAGGGTAGCT-1,1,enzalutamide
Data32_GSM5155455_ACGTACATCTGCGATA-1,1,enzalutamide
Data32_GSM5155455_ACGTAGTCATCCCACT-1,1,enzalutamide
Data32_GSM5155455_ACGTAGTTCTGTCGCT-1,1,enzalutamide
Data32_GSM5155455_ACGTCCTCACCCAACG-1,1,enzalutamide
Data32_GSM5155455_ACGTCCTGTCACTAGT-1,1,enzalutamide
Data32_GSM5155455_ACGTCCTGTGGGAGAG-1,1,enzalutamide
Data32_GSM5155455_ACGTTCCAGATTGACA-1,1,enzalutamide
Data32_GSM5155455_ACGTTCCCAGGGTTGA-1,1,enzalutamide
Data32_GSM5155455_ACGTTCCTCCGTAATG-1,1,enzalutamide
Data32_GSM5155455_ACTACGAAGAACGTGC-1,1,enzalutamide
Data32_GSM5155455_ACTACGACATCCGAAT-1,1,enzalutamide
Data32_GSM5155455_ACTACGAGTAGGACTG-1,1,enzalutamide
Data32_GSM5155455_ACTACGAGTAGGTCAG-1,1,enzalutamide
Data32_GSM5155455_ACTACGATCCCATGGG-1,1,enzalutamide
Data32_GSM5155455_ACTACGATCTGGTGGC-1,1,enzalutamide
Data32_GSM5155455_ACTATGGAGACTCAAA-1,1,enzalutamide
Data32_GSM5155455_ACTATGGAGTGAGTTA-1,1,enzalutamide
Data32_GSM5155455_ACTATGGCAGCTGTGC-1,1,enzalutamide
Data32_GSM5155455_ACTATGGTCTACCTTA-1,1,enzalutamide
Data32_GSM5155455_ACTATTCAGACCGCCT-1,1,enzalutamide
Data32_GSM5155455_ACTATTCCAATCAGCT-1,1,enzalutamide
Data32_GSM5155455_ACTATTCCAGCTGAAG-1,1,enzalutamide
Data32_GSM5155455_ACTATTCCATAATCCG-1,1,enzalutamide
Data32_GSM5155455_ACTCCCAAGCCGATAG-1,1,enzalutamide
Data32_GSM5155455_ACTCCCACAGATACTC-1,1,enzalutamide
Data32_GSM5155455_ACTCCCATCAAGAGGC-1,1,enzalutamide
Data32_GSM5155455_ACTCCCATCACTGTCC-1,1,enzalutamide
Data32_GSM5155455_ACTCTCGAGTTCTACG-1,1,enzalutamide
Data32_GSM5155455_ACTCTCGGTCACAATC-1,1,enzalutamide
Data32_GSM5155455_ACTGATGCAAGTACCT-1,1,enzalutamide
Data32_GSM5155455_ACTGATGCAGTTCCAA-1,1,enzalutamide
Data32_GSM5155455_ACTGCAACATGTTCGA-1,1,enzalutamide
Data32_GSM5155455_ACTGCAATCGTCGACG-1,1,enzalutamide
Data32_GSM5155455_ACTGTCCAGTGAACAT-1,1,enzalutamide
Data32_GSM5155455_ACTGTCCCATCACAGT-1,1,enzalutamide
Data32_GSM5155455_ACTGTCCGTACATTGC-1,1,enzalutamide
Data32_GSM5155455_ACTGTCCGTCCAATCA-1,1,enzalutamide
Data32_GSM5155455_ACTGTGAAGTGTACCT-1,1,enzalutamide
Data32_GSM5155455_ACTTAGGAGTAGCATA-1,1,enzalutamide
Data32_GSM5155455_ACTTAGGGTAGGGAGG-1,1,enzalutamide
Data32_GSM5155455_ACTTAGGTCAAAGACA-1,1,enzalutamide
Data32_GSM5155455_ACTTATCAGCGAGAAA-1,1,enzalutamide
Data32_GSM5155455_ACTTCCGCAATGCAAA-1,1,enzalutamide
Data32_GSM5155455_ACTTCGCCAACGATTC-1,1,enzalutamide
Data32_GSM5155455_ACTTCGCTCGCCAATA-1,1,enzalutamide
Data32_GSM5155455_ACTTCGCTCTCTGGTC-1,1,enzalutamide
Data32_GSM5155455_AGAAATGTCAAGGACG-1,1,enzalutamide
Data32_GSM5155455_AGAACAACAGCTTTGA-1,1,enzalutamide
Data32_GSM5155455_AGAACAAGTCATCCGG-1,1,enzalutamide
Data32_GSM5155455_AGAACAATCGTCTAAG-1,1,enzalutamide
Data32_GSM5155455_AGAACCTAGAACAGGA-1,1,enzalutamide
Data32_GSM5155455_AGAACCTCATGGCCCA-1,1,enzalutamide
Data32_GSM5155455_AGAAGCGAGACGCAGT-1,1,enzalutamide
Data32_GSM5155455_AGAAGCGAGATACGAT-1,1,enzalutamide
Data32_GSM5155455_AGAAGCGCATTGACCA-1,1,enzalutamide
Data32_GSM5155455_AGAAGCGGTAGACGTG-1,1,enzalutamide
Data32_GSM5155455_AGAAGCGGTGCGACAA-1,1,enzalutamide
Data32_GSM5155455_AGAAGTACACACTGGC-1,1,enzalutamide
Data32_GSM5155455_AGAAGTACACTATCGA-1,1,enzalutamide
Data32_GSM5155455_AGACAAAAGCGAAACC-1,1,enzalutamide
Data32_GSM5155455_AGACAAAAGGAGTCTG-1,1,enzalutamide
Data32_GSM5155455_AGACAAAAGGCAGGGA-1,1,enzalutamide
Data32_GSM5155455_AGACAAAAGTCACTGT-1,1,enzalutamide
Data32_GSM5155455_AGACAAACAGGCGTTC-1,1,enzalutamide
Data32_GSM5155455_AGACAAACATGTTCAG-1,1,enzalutamide
Data32_GSM5155455_AGACCATAGGAACGTC-1,1,enzalutamide
Data32_GSM5155455_AGACCATCACTTCAAG-1,1,enzalutamide
Data32_GSM5155455_AGACCATGTAAGAACT-1,1,enzalutamide
Data32_GSM5155455_AGACCATTCACTTGTT-1,1,enzalutamide
Data32_GSM5155455_AGACCCGCAGAATTCC-1,1,enzalutamide
Data32_GSM5155455_AGACCCGGTTGGACCC-1,1,enzalutamide
Data32_GSM5155455_AGACCCGTCATGCTAG-1,1,enzalutamide
Data32_GSM5155455_AGACTCACAACGGCTC-1,1,enzalutamide
Data32_GSM5155455_AGACTCACAATAGGAT-1,1,enzalutamide
Data32_GSM5155455_AGACTCAGTAGCACAG-1,1,enzalutamide
Data32_GSM5155455_AGACTCATCTTTACAC-1,1,enzalutamide
Data32_GSM5155455_AGAGAATAGAGTCCGA-1,1,enzalutamide
Data32_GSM5155455_AGAGAGCCAATACGCT-1,1,enzalutamide
Data32_GSM5155455_AGAGAGCGTGCATGTT-1,1,enzalutamide
Data32_GSM5155455_AGAGAGCTCGTGGAAG-1,1,enzalutamide
Data32_GSM5155455_AGAGCAGAGAAGCCTG-1,1,enzalutamide
Data32_GSM5155455_AGAGCAGAGGTACTGG-1,1,enzalutamide
Data32_GSM5155455_AGAGCAGCATTGGCAT-1,1,enzalutamide
Data32_GSM5155455_AGAGCAGTCCGTGGGT-1,1,enzalutamide
Data32_GSM5155455_AGAGCAGTCTTCTTCC-1,1,enzalutamide
Data32_GSM5155455_AGAGCCCGTCACTCAA-1,1,enzalutamide
Data32_GSM5155455_AGATAGAAGATTGAGT-1,1,enzalutamide
Data32_GSM5155455_AGATAGAAGCGTTAGG-1,1,enzalutamide
Data32_GSM5155455_AGATAGACAAGCTGCC-1,1,enzalutamide
Data32_GSM5155455_AGATCCAGTCATTCCC-1,1,enzalutamide
Data32_GSM5155455_AGATCGTAGAGCTTTC-1,1,enzalutamide
Data32_GSM5155455_AGATCGTCACATTCGA-1,1,enzalutamide
Data32_GSM5155455_AGATCGTGTATCCCAA-1,1,enzalutamide
Data32_GSM5155455_AGATGAAAGCCATCCG-1,1,enzalutamide
Data32_GSM5155455_AGATGAACAATACCTG-1,1,enzalutamide
Data32_GSM5155455_AGATGAATCTGGCTGG-1,1,enzalutamide
Data32_GSM5155455_AGATGCTAGATAACGT-1,1,enzalutamide
Data32_GSM5155455_AGATGCTTCACTACGA-1,1,enzalutamide
Data32_GSM5155455_AGCATCAAGTTGGAAT-1,1,enzalutamide
Data32_GSM5155455_AGCATCATCTAACGGT-1,1,enzalutamide
Data32_GSM5155455_AGCATCATCTCGCTCA-1,1,enzalutamide
Data32_GSM5155455_AGCCAATAGCGCTTCG-1,1,enzalutamide
Data32_GSM5155455_AGCCAATAGCTGTTAC-1,1,enzalutamide
Data32_GSM5155455_AGCCAATCAGACACCC-1,1,enzalutamide
Data32_GSM5155455_AGCCAATGTTCTTCAT-1,1,enzalutamide
Data32_GSM5155455_AGCCACGCACATTCTT-1,1,enzalutamide
Data32_GSM5155455_AGCCACGTCAACCTTT-1,1,enzalutamide
Data32_GSM5155455_AGCCACGTCCCGTGTT-1,1,enzalutamide
Data32_GSM5155455_AGCCACGTCCGACATA-1,1,enzalutamide
Data32_GSM5155455_AGCCAGCCATACAGCT-1,1,enzalutamide
Data32_GSM5155455_AGCCAGCGTTCTCTCG-1,1,enzalutamide
Data32_GSM5155455_AGCGATTGTACGACAG-1,1,enzalutamide
Data32_GSM5155455_AGCGATTGTCGGAACA-1,1,enzalutamide
Data32_GSM5155455_AGCGCCAAGCTGTTAC-1,1,enzalutamide
Data32_GSM5155455_AGCGCCAGTGGACTAG-1,1,enzalutamide
Data32_GSM5155455_AGCGCCATCTGAATGC-1,1,enzalutamide
Data32_GSM5155455_AGCGCTGAGTCGAGGT-1,1,enzalutamide
Data32_GSM5155455_AGCGCTGCATTGAAGA-1,1,enzalutamide
Data32_GSM5155455_AGCGCTGGTGAGAACC-1,1,enzalutamide
Data32_GSM5155455_AGCGTATCAGCGAACA-1,1,enzalutamide
Data32_GSM5155455_AGCGTATCATAGCACT-1,1,enzalutamide
Data32_GSM5155455_AGCGTCGAGATGTTAG-1,1,enzalutamide
Data32_GSM5155455_AGCGTCGCAAACACGG-1,1,enzalutamide
Data32_GSM5155455_AGCGTCGGTCACAGAG-1,1,enzalutamide
Data32_GSM5155455_AGCGTCGGTTCCACAA-1,1,enzalutamide
Data32_GSM5155455_AGCGTCGTCACTGATG-1,1,enzalutamide
Data32_GSM5155455_AGCTACAGTGTCGCTG-1,1,enzalutamide
Data32_GSM5155455_AGCTCAAAGGAGATAG-1,1,enzalutamide
Data32_GSM5155455_AGCTCAACAAATCAAG-1,1,enzalutamide
Data32_GSM5155455_AGCTCAAGTACCATAC-1,1,enzalutamide
Data32_GSM5155455_AGCTCAAGTCTAATCG-1,1,enzalutamide
Data32_GSM5155455_AGCTTCCTCTGTCCGT-1,1,enzalutamide
Data32_GSM5155455_AGGAATAAGAGTAACT-1,1,enzalutamide
Data32_GSM5155455_AGGAATACATTGACTG-1,1,enzalutamide
Data32_GSM5155455_AGGACGAAGACCAACG-1,1,enzalutamide
Data32_GSM5155455_AGGACGAGTGTGAATA-1,1,enzalutamide
Data32_GSM5155455_AGGACGATCTAACACG-1,1,enzalutamide
Data32_GSM5155455_AGGACTTAGGTCGTAG-1,1,enzalutamide
Data32_GSM5155455_AGGACTTGTAGCCCTG-1,1,enzalutamide
Data32_GSM5155455_AGGACTTTCGAGTGGA-1,1,enzalutamide
Data32_GSM5155455_AGGACTTTCTCGGTAA-1,1,enzalutamide
Data32_GSM5155455_AGGAGGTAGCCATTCA-1,1,enzalutamide
Data32_GSM5155455_AGGATAACACAAGCCC-1,1,enzalutamide
Data32_GSM5155455_AGGATAATCGCAGTTA-1,1,enzalutamide
Data32_GSM5155455_AGGATCTCACGCGTGT-1,1,enzalutamide
Data32_GSM5155455_AGGATCTCAGAACTAA-1,1,enzalutamide
Data32_GSM5155455_AGGATCTGTTAATGAG-1,1,enzalutamide
Data32_GSM5155455_AGGATCTTCGCCGAGT-1,1,enzalutamide
Data32_GSM5155455_AGGCATTGTTTCGGCG-1,1,enzalutamide
Data32_GSM5155455_AGGCATTTCTTGAACG-1,1,enzalutamide
Data32_GSM5155455_AGGCCACAGACAACAT-1,1,enzalutamide
Data32_GSM5155455_AGGCTGCCATGGGTTT-1,1,enzalutamide
Data32_GSM5155455_AGGCTGCGTGCTGCAC-1,1,enzalutamide
Data32_GSM5155455_AGGCTGCGTTCTCCCA-1,1,enzalutamide
Data32_GSM5155455_AGGGAGTAGACTCTAC-1,1,enzalutamide
Data32_GSM5155455_AGGGCCTCAGACCTAT-1,1,enzalutamide
Data32_GSM5155455_AGGGCCTTCGCTTGAA-1,1,enzalutamide
Data32_GSM5155455_AGGGCTCAGGAACGTC-1,1,enzalutamide
Data32_GSM5155455_AGGGCTCGTTACACAC-1,1,enzalutamide
Data32_GSM5155455_AGGGTGAAGGACAACC-1,1,enzalutamide
Data32_GSM5155455_AGGGTGACAAGTATAG-1,1,enzalutamide
Data32_GSM5155455_AGGGTGATCACGGGAA-1,1,enzalutamide
Data32_GSM5155455_AGGGTTTAGACTACGG-1,1,enzalutamide
Data32_GSM5155455_AGGGTTTAGGTCCTGC-1,1,enzalutamide
Data32_GSM5155455_AGGGTTTCACATTGTG-1,1,enzalutamide
Data32_GSM5155455_AGGGTTTTCTAGATCG-1,1,enzalutamide
Data32_GSM5155455_AGGTAGGAGAAATTCG-1,1,enzalutamide
Data32_GSM5155455_AGGTAGGCAAAGTGTA-1,1,enzalutamide
Data32_GSM5155455_AGGTCATAGCTTTGTG-1,1,enzalutamide
Data32_GSM5155455_AGGTCTAGTTTCGTAG-1,1,enzalutamide
Data32_GSM5155455_AGGTCTATCCAATCCC-1,1,enzalutamide
Data32_GSM5155455_AGGTGTTAGATAGGGA-1,1,enzalutamide
Data32_GSM5155455_AGGTGTTGTTATCTTC-1,1,enzalutamide
Data32_GSM5155455_AGGTGTTTCAGGAACG-1,1,enzalutamide
Data32_GSM5155455_AGGTTACCAGTGGCTC-1,1,enzalutamide
Data32_GSM5155455_AGGTTACGTGAGTGAC-1,1,enzalutamide
Data32_GSM5155455_AGGTTACTCCAAGAGG-1,1,enzalutamide
Data32_GSM5155455_AGGTTGTCACTGCACG-1,1,enzalutamide
Data32_GSM5155455_AGGTTGTGTGCATTTG-1,1,enzalutamide
Data32_GSM5155455_AGTAACCCAGGAGGTT-1,1,enzalutamide
Data32_GSM5155455_AGTACTGGTACTGGGA-1,1,enzalutamide
Data32_GSM5155455_AGTACTGGTCCCTGAG-1,1,enzalutamide
Data32_GSM5155455_AGTACTGGTGTAGGAC-1,1,enzalutamide
Data32_GSM5155455_AGTAGCTCATTCTCTA-1,1,enzalutamide
Data32_GSM5155455_AGTAGCTGTTGCCGAC-1,1,enzalutamide
Data32_GSM5155455_AGTAGCTTCTGGGCCA-1,1,enzalutamide
Data32_GSM5155455_AGTCAACAGGGTAGCT-1,1,enzalutamide
Data32_GSM5155455_AGTCATGCAGTCGCTG-1,1,enzalutamide
Data32_GSM5155455_AGTCATGCATTAAGCC-1,1,enzalutamide
Data32_GSM5155455_AGTCATGTCCGAGTGC-1,1,enzalutamide
Data32_GSM5155455_AGTCTCCAGTCGCCAC-1,1,enzalutamide
Data32_GSM5155455_AGTCTCCGTGATACTC-1,1,enzalutamide
Data32_GSM5155455_AGTGACTAGCCTGTCG-1,1,enzalutamide
Data32_GSM5155455_AGTGACTGTACAGTCT-1,1,enzalutamide
Data32_GSM5155455_AGTGATCCACACCTAA-1,1,enzalutamide
Data32_GSM5155455_AGTGCCGAGAAATCCA-1,1,enzalutamide
Data32_GSM5155455_AGTGCCGAGAGAGGTA-1,1,enzalutamide
Data32_GSM5155455_AGTGCCGGTGAAGCGT-1,1,enzalutamide
Data32_GSM5155455_AGTTAGCCAGTCGAGA-1,1,enzalutamide
Data32_GSM5155455_AGTTCCCAGACTCTAC-1,1,enzalutamide
Data32_GSM5155455_AGTTCCCAGATCGACG-1,1,enzalutamide
Data32_GSM5155455_AGTTCCCGTAACACCT-1,1,enzalutamide
Data32_GSM5155455_AGTTCCCGTGACACAG-1,1,enzalutamide
Data32_GSM5155455_ATACCGAAGATCACCT-1,1,enzalutamide
Data32_GSM5155455_ATACCTTCATTGGATC-1,1,enzalutamide
Data32_GSM5155455_ATACCTTTCCTCACCA-1,1,enzalutamide
Data32_GSM5155455_ATAGACCAGCCAAGGT-1,1,enzalutamide
Data32_GSM5155455_ATAGACCGTAACAGTA-1,1,enzalutamide
Data32_GSM5155455_ATAGACCTCCTTGAAG-1,1,enzalutamide
Data32_GSM5155455_ATATCCTTCTACTGAG-1,1,enzalutamide
Data32_GSM5155455_ATCACAGCATGCGTGC-1,1,enzalutamide
Data32_GSM5155455_ATCACAGGTCGCAACC-1,1,enzalutamide
Data32_GSM5155455_ATCACAGGTTGTGCAT-1,1,enzalutamide
Data32_GSM5155455_ATCACGATCCTAAACG-1,1,enzalutamide
Data32_GSM5155455_ATCACGATCGCAATGT-1,1,enzalutamide
Data32_GSM5155455_ATCACTTAGTTTGGCT-1,1,enzalutamide
Data32_GSM5155455_ATCACTTTCAGATTGC-1,1,enzalutamide
Data32_GSM5155455_ATCAGGTAGCATCAGG-1,1,enzalutamide
Data32_GSM5155455_ATCAGGTCACATAACC-1,1,enzalutamide
Data32_GSM5155455_ATCAGGTGTTAAACAG-1,1,enzalutamide
Data32_GSM5155455_ATCATTCAGGTGCATG-1,1,enzalutamide
Data32_GSM5155455_ATCCACCAGGTACAAT-1,1,enzalutamide
Data32_GSM5155455_ATCCACCTCACATCAG-1,1,enzalutamide
Data32_GSM5155455_ATCCATTCATGGGTTT-1,1,enzalutamide
Data32_GSM5155455_ATCCATTTCGCAAGAG-1,1,enzalutamide
Data32_GSM5155455_ATCCGTCAGCCTATTG-1,1,enzalutamide
Data32_GSM5155455_ATCCGTCGTCGAAACG-1,1,enzalutamide
Data32_GSM5155455_ATCCGTCGTCTAATCG-1,1,enzalutamide
Data32_GSM5155455_ATCCGTCTCCTCATAT-1,1,enzalutamide
Data32_GSM5155455_ATCCGTCTCTCCGAAA-1,1,enzalutamide
Data32_GSM5155455_ATCCTATGTAGCGATG-1,1,enzalutamide
Data32_GSM5155455_ATCCTATGTTTACCAG-1,1,enzalutamide
Data32_GSM5155455_ATCGATGCAGGTGACA-1,1,enzalutamide
Data32_GSM5155455_ATCGCCTCACAGCCTG-1,1,enzalutamide
Data32_GSM5155455_ATCGCCTCAGTCGGTC-1,1,enzalutamide
Data32_GSM5155455_ATCGCCTCATAGGCGA-1,1,enzalutamide
Data32_GSM5155455_ATCGCCTCATCATTTC-1,1,enzalutamide
Data32_GSM5155455_ATCGCCTGTGTGTGTT-1,1,enzalutamide
Data32_GSM5155455_ATCGGATCACTCCGGA-1,1,enzalutamide
Data32_GSM5155455_ATCGGCGAGACTAGAT-1,1,enzalutamide
Data32_GSM5155455_ATCGGCGAGCCTTTGA-1,1,enzalutamide
Data32_GSM5155455_ATCGGCGAGGAGACCT-1,1,enzalutamide
Data32_GSM5155455_ATCGGCGGTGTTGCCG-1,1,enzalutamide
Data32_GSM5155455_ATCGTAGCACTAACCA-1,1,enzalutamide
Data32_GSM5155455_ATCGTAGGTGACGCCT-1,1,enzalutamide
Data32_GSM5155455_ATCGTCCAGCATAGGC-1,1,enzalutamide
Data32_GSM5155455_ATCGTGAAGGCCCAAA-1,1,enzalutamide
Data32_GSM5155455_ATCGTGAAGTTGGCTT-1,1,enzalutamide
Data32_GSM5155455_ATCTCTAAGGTACTGG-1,1,enzalutamide
Data32_GSM5155455_ATCTCTACATCAGCGC-1,1,enzalutamide
Data32_GSM5155455_ATCTTCATCCTGCTAC-1,1,enzalutamide
Data32_GSM5155455_ATCTTCATCTTCTGTA-1,1,enzalutamide
Data32_GSM5155455_ATGAAAGAGATCGACG-1,1,enzalutamide
Data32_GSM5155455_ATGAAAGCATACCACA-1,1,enzalutamide
Data32_GSM5155455_ATGAAAGTCAGTCCGG-1,1,enzalutamide
Data32_GSM5155455_ATGACCAAGCTTCGTA-1,1,enzalutamide
Data32_GSM5155455_ATGACCACAGCGACCT-1,1,enzalutamide
Data32_GSM5155455_ATGACCACATCACGGC-1,1,enzalutamide
Data32_GSM5155455_ATGACCAGTAGGTCAG-1,1,enzalutamide
Data32_GSM5155455_ATGAGGGCATGAAGCG-1,1,enzalutamide
Data32_GSM5155455_ATGAGGGGTTGAGGAC-1,1,enzalutamide
Data32_GSM5155455_ATGAGGGTCATTTGCT-1,1,enzalutamide
Data32_GSM5155455_ATGAGTCAGGTAGTCG-1,1,enzalutamide
Data32_GSM5155455_ATGAGTCTCCAAAGGG-1,1,enzalutamide
Data32_GSM5155455_ATGAGTCTCGAAGCCC-1,1,enzalutamide
Data32_GSM5155455_ATGAGTCTCTCATGGA-1,1,enzalutamide
Data32_GSM5155455_ATGCATGAGCGAGTAC-1,1,enzalutamide
Data32_GSM5155455_ATGCATGGTTCTTAGG-1,1,enzalutamide
Data32_GSM5155455_ATGCCTCAGTGGTGAC-1,1,enzalutamide
Data32_GSM5155455_ATGCCTCCACCAAATC-1,1,enzalutamide
Data32_GSM5155455_ATGCGATAGATAGTGT-1,1,enzalutamide
Data32_GSM5155455_ATGGAGGGTCTACTGA-1,1,enzalutamide
Data32_GSM5155455_ATGGAGGTCTGAGTCA-1,1,enzalutamide
Data32_GSM5155455_ATGGATCCAGAGGGTT-1,1,enzalutamide
Data32_GSM5155455_ATGGATCGTTGGGACA-1,1,enzalutamide
Data32_GSM5155455_ATGGATCGTTGTTGCA-1,1,enzalutamide
Data32_GSM5155455_ATGGGTTCAGCTGTAT-1,1,enzalutamide
Data32_GSM5155455_ATGGGTTTCCACCTCA-1,1,enzalutamide
Data32_GSM5155455_ATGGTTGCAACAGTGG-1,1,enzalutamide
Data32_GSM5155455_ATGGTTGCAGGACGAT-1,1,enzalutamide
Data32_GSM5155455_ATGGTTGCATCTATCT-1,1,enzalutamide
Data32_GSM5155455_ATGTCTTCACTGAATC-1,1,enzalutamide
Data32_GSM5155455_ATTACCTCATCACGGC-1,1,enzalutamide
Data32_GSM5155455_ATTACCTTCGCCGAAC-1,1,enzalutamide
Data32_GSM5155455_ATTACCTTCGTTCAGA-1,1,enzalutamide
Data32_GSM5155455_ATTATCCAGAGTTGAT-1,1,enzalutamide
Data32_GSM5155455_ATTATCCAGCCTGCCA-1,1,enzalutamide
Data32_GSM5155455_ATTATCCCATCTGTTT-1,1,enzalutamide
Data32_GSM5155455_ATTCACTAGCCTCTGG-1,1,enzalutamide
Data32_GSM5155455_ATTCACTAGGGAGGCA-1,1,enzalutamide
Data32_GSM5155455_ATTCACTGTCGAACAG-1,1,enzalutamide
Data32_GSM5155455_ATTCACTGTGTCATCA-1,1,enzalutamide
Data32_GSM5155455_ATTCACTGTTATAGCC-1,1,enzalutamide
Data32_GSM5155455_ATTCACTTCGCAACAT-1,1,enzalutamide
Data32_GSM5155455_ATTCACTTCTGGACTA-1,1,enzalutamide
Data32_GSM5155455_ATTCAGGCAACTGCCG-1,1,enzalutamide
Data32_GSM5155455_ATTCAGGCAGCGTGCT-1,1,enzalutamide
Data32_GSM5155455_ATTCAGGGTGTTCAGT-1,1,enzalutamide
Data32_GSM5155455_ATTCAGGTCGGTCTGG-1,1,enzalutamide
Data32_GSM5155455_ATTCAGGTCTTAGTTC-1,1,enzalutamide
Data32_GSM5155455_ATTCATCAGAGCAGAA-1,1,enzalutamide
Data32_GSM5155455_ATTCATCAGAGCCTGA-1,1,enzalutamide
Data32_GSM5155455_ATTCATCCAAGTAGTA-1,1,enzalutamide
Data32_GSM5155455_ATTCATCTCCCATAGA-1,1,enzalutamide
Data32_GSM5155455_ATTCCATCAAGCACAG-1,1,enzalutamide
Data32_GSM5155455_ATTCCATGTCGCAGTC-1,1,enzalutamide
Data32_GSM5155455_ATTCCATGTGCCGGTT-1,1,enzalutamide
Data32_GSM5155455_ATTCCCGAGAACTCCT-1,1,enzalutamide
Data32_GSM5155455_ATTCCCGGTGTCGCTG-1,1,enzalutamide
Data32_GSM5155455_ATTCCTAAGTGCTACT-1,1,enzalutamide
Data32_GSM5155455_ATTCCTAAGTTAACGA-1,1,enzalutamide
Data32_GSM5155455_ATTCCTACAGGGAGAG-1,1,enzalutamide
Data32_GSM5155455_ATTCCTAGTTCGAAGG-1,1,enzalutamide
Data32_GSM5155455_ATTCCTATCGCCAACG-1,1,enzalutamide
Data32_GSM5155455_ATTCGTTAGACATAAC-1,1,enzalutamide
Data32_GSM5155455_ATTCGTTCAAGGGCAT-1,1,enzalutamide
Data32_GSM5155455_ATTCTACCAAGACGAC-1,1,enzalutamide
Data32_GSM5155455_ATTGGGTAGCCGTTAT-1,1,enzalutamide
Data32_GSM5155455_ATTGGGTAGGTTCCAT-1,1,enzalutamide
Data32_GSM5155455_ATTGGGTCAGGACAGT-1,1,enzalutamide
Data32_GSM5155455_ATTGGGTCATCGCTAA-1,1,enzalutamide
Data32_GSM5155455_ATTGGGTTCGGACCAC-1,1,enzalutamide
Data32_GSM5155455_ATTGTTCGTACATTGC-1,1,enzalutamide
Data32_GSM5155455_ATTGTTCTCACCTCTG-1,1,enzalutamide
Data32_GSM5155455_ATTGTTCTCCCTATTA-1,1,enzalutamide
Data32_GSM5155455_ATTTACCAGTGGAAGA-1,1,enzalutamide
Data32_GSM5155455_ATTTCACCAGTCCCGA-1,1,enzalutamide
Data32_GSM5155455_ATTTCACGTAGCACAG-1,1,enzalutamide
Data32_GSM5155455_ATTTCACGTAGTCCTA-1,1,enzalutamide
Data32_GSM5155455_ATTTCTGTCCAAACCA-1,1,enzalutamide
Data32_GSM5155455_CAAAGAAAGTCACAGG-1,1,enzalutamide
Data32_GSM5155455_CAAAGAAAGTTGCTGT-1,1,enzalutamide
Data32_GSM5155455_CAACAACAGGGTGGGA-1,1,enzalutamide
Data32_GSM5155455_CAACAACCAGAGCTAG-1,1,enzalutamide
Data32_GSM5155455_CAACAACGTGGATTTC-1,1,enzalutamide
Data32_GSM5155455_CAACAACTCTTGGGCG-1,1,enzalutamide
Data32_GSM5155455_CAACAGTGTTCCTAGA-1,1,enzalutamide
Data32_GSM5155455_CAACAGTTCCCTTGTG-1,1,enzalutamide
Data32_GSM5155455_CAACCAACACCAACAT-1,1,enzalutamide
Data32_GSM5155455_CAACCAAGTATGGAGC-1,1,enzalutamide
Data32_GSM5155455_CAACCAAGTTAACAGA-1,1,enzalutamide
Data32_GSM5155455_CAACCAATCGTCGCTT-1,1,enzalutamide
Data32_GSM5155455_CAACCTCTCATCTACT-1,1,enzalutamide
Data32_GSM5155455_CAACGATCACAGCCTG-1,1,enzalutamide
Data32_GSM5155455_CAACGATGTGCAATAA-1,1,enzalutamide
Data32_GSM5155455_CAACGATTCCCTCGAT-1,1,enzalutamide
Data32_GSM5155455_CAACGGCAGGTAGCAC-1,1,enzalutamide
Data32_GSM5155455_CAACGGCCACTCTGCT-1,1,enzalutamide
Data32_GSM5155455_CAACGGCCATAGACTC-1,1,enzalutamide
Data32_GSM5155455_CAACGGCGTCGCAGTC-1,1,enzalutamide
Data32_GSM5155455_CAAGACTAGCTACAAA-1,1,enzalutamide
Data32_GSM5155455_CAAGAGGCACAGTCGC-1,1,enzalutamide
Data32_GSM5155455_CAAGCTAGTACGTGAG-1,1,enzalutamide
Data32_GSM5155455_CAAGCTAGTATCAAGA-1,1,enzalutamide
Data32_GSM5155455_CAAGCTAGTGGTCCCA-1,1,enzalutamide
Data32_GSM5155455_CAAGCTAGTTAGGAGC-1,1,enzalutamide
Data32_GSM5155455_CAAGCTATCGAGTGGA-1,1,enzalutamide
Data32_GSM5155455_CAATACGGTTATGTGC-1,1,enzalutamide
Data32_GSM5155455_CAATGACGTCAGACGA-1,1,enzalutamide
Data32_GSM5155455_CAATGACTCGAACCTA-1,1,enzalutamide
Data32_GSM5155455_CAATTTCGTATCGTTG-1,1,enzalutamide
Data32_GSM5155455_CAATTTCGTCGCTTGG-1,1,enzalutamide
Data32_GSM5155455_CAATTTCGTTAACCTG-1,1,enzalutamide
Data32_GSM5155455_CACAACAAGAGTATAC-1,1,enzalutamide
Data32_GSM5155455_CACAACAAGCGTTACT-1,1,enzalutamide
Data32_GSM5155455_CACAGATAGGGAGGCA-1,1,enzalutamide
Data32_GSM5155455_CACAGGCAGCTGGTGA-1,1,enzalutamide
Data32_GSM5155455_CACAGGCCACTAGGTT-1,1,enzalutamide
Data32_GSM5155455_CACAGGCGTCGTTCAA-1,1,enzalutamide
Data32_GSM5155455_CACAGGCTCAGAGCAG-1,1,enzalutamide
Data32_GSM5155455_CACATGACAGGGTTGA-1,1,enzalutamide
Data32_GSM5155455_CACATGAGTCGTGATT-1,1,enzalutamide
Data32_GSM5155455_CACCAAAAGCTCCGAC-1,1,enzalutamide
Data32_GSM5155455_CACCAAATCCGGTAGC-1,1,enzalutamide
Data32_GSM5155455_CACCAAATCGGTGCAC-1,1,enzalutamide
Data32_GSM5155455_CACGAATAGTAGCATA-1,1,enzalutamide
Data32_GSM5155455_CACGAATCACGGTCTG-1,1,enzalutamide
Data32_GSM5155455_CACGAATTCCGATCTC-1,1,enzalutamide
Data32_GSM5155455_CACGAATTCTCGGTCT-1,1,enzalutamide
Data32_GSM5155455_CACGGGTAGACATCAA-1,1,enzalutamide
Data32_GSM5155455_CACGGGTAGCAACAAT-1,1,enzalutamide
Data32_GSM5155455_CACGGGTGTGCGCTCA-1,1,enzalutamide
Data32_GSM5155455_CACGGGTTCACGTCCT-1,1,enzalutamide
Data32_GSM5155455_CACGTGGAGTTATGGA-1,1,enzalutamide
Data32_GSM5155455_CACGTGGTCACGATCA-1,1,enzalutamide
Data32_GSM5155455_CACGTTCAGGACCCAA-1,1,enzalutamide
Data32_GSM5155455_CACTAAGAGAGGCTGT-1,1,enzalutamide
Data32_GSM5155455_CACTAAGGTTAAGACA-1,1,enzalutamide
Data32_GSM5155455_CACTAAGTCTTACCAT-1,1,enzalutamide
Data32_GSM5155455_CACTGAACAGAACGCA-1,1,enzalutamide
Data32_GSM5155455_CACTGGGAGTTGGGAC-1,1,enzalutamide
Data32_GSM5155455_CACTGGGCAACCCTAA-1,1,enzalutamide
Data32_GSM5155455_CACTGGGGTTCTATCT-1,1,enzalutamide
Data32_GSM5155455_CACTGTCAGTAGTGCG-1,1,enzalutamide
Data32_GSM5155455_CACTTCGAGGTGTGAC-1,1,enzalutamide
Data32_GSM5155455_CAGAGCCCAATGTTGC-1,1,enzalutamide
Data32_GSM5155455_CAGAGCCGTCCTCAGG-1,1,enzalutamide
Data32_GSM5155455_CAGATACCAGTATACC-1,1,enzalutamide
Data32_GSM5155455_CAGATACTCACTTCTA-1,1,enzalutamide
Data32_GSM5155455_CAGATCACACGGCCAT-1,1,enzalutamide
Data32_GSM5155455_CAGATCAGTCGTGCCA-1,1,enzalutamide
Data32_GSM5155455_CAGATTGTCCAACTGA-1,1,enzalutamide
Data32_GSM5155455_CAGCAATGTGACTAAA-1,1,enzalutamide
Data32_GSM5155455_CAGCACGAGACGCTCC-1,1,enzalutamide
Data32_GSM5155455_CAGCACGCAGCATGCC-1,1,enzalutamide
Data32_GSM5155455_CAGCAGCCATACACCA-1,1,enzalutamide
Data32_GSM5155455_CAGCAGCGTCGGCTAC-1,1,enzalutamide
Data32_GSM5155455_CAGCAGCTCCATTGCC-1,1,enzalutamide
Data32_GSM5155455_CAGCAGCTCGCCATAA-1,1,enzalutamide
Data32_GSM5155455_CAGCCAGAGTTGCTCA-1,1,enzalutamide
Data32_GSM5155455_CAGCCAGGTGGCTACC-1,1,enzalutamide
Data32_GSM5155455_CAGCCAGTCCATGCAA-1,1,enzalutamide
Data32_GSM5155455_CAGCCAGTCCCGAGAC-1,1,enzalutamide
Data32_GSM5155455_CAGCCAGTCGTTCCCA-1,1,enzalutamide
Data32_GSM5155455_CAGCGTGAGCGAGTCA-1,1,enzalutamide
Data32_GSM5155455_CAGCGTGCACGGCCAT-1,1,enzalutamide
Data32_GSM5155455_CAGGCCAAGATCCCGC-1,1,enzalutamide
Data32_GSM5155455_CAGGCCACATCCCACT-1,1,enzalutamide
Data32_GSM5155455_CAGGCCACATGGCACC-1,1,enzalutamide
Data32_GSM5155455_CAGGCCACATGTCGTA-1,1,enzalutamide
Data32_GSM5155455_CAGGGCTCACCGTGGT-1,1,enzalutamide
Data32_GSM5155455_CAGGGCTGTTTCGCTC-1,1,enzalutamide
Data32_GSM5155455_CAGGTATAGGCAGTCA-1,1,enzalutamide
Data32_GSM5155455_CAGGTATTCTATCGGA-1,1,enzalutamide
Data32_GSM5155455_CAGGTATTCTTACGTT-1,1,enzalutamide
Data32_GSM5155455_CAGTGCGCAAGGGTCA-1,1,enzalutamide
Data32_GSM5155455_CAGTGCGTCCGGACGT-1,1,enzalutamide
Data32_GSM5155455_CAGTTAGAGGTGCTTT-1,1,enzalutamide
Data32_GSM5155455_CAGTTAGAGGTGGCTA-1,1,enzalutamide
Data32_GSM5155455_CAGTTAGTCCATTCGC-1,1,enzalutamide
Data32_GSM5155455_CAGTTCCAGAGGTCAC-1,1,enzalutamide
Data32_GSM5155455_CAGTTCCAGATAGCTA-1,1,enzalutamide
Data32_GSM5155455_CAGTTCCCACCTGCTT-1,1,enzalutamide
Data32_GSM5155455_CATACAGTCGTCCTCA-1,1,enzalutamide
Data32_GSM5155455_CATACCCAGTGTTGAA-1,1,enzalutamide
Data32_GSM5155455_CATACCCCAATGCTCA-1,1,enzalutamide
Data32_GSM5155455_CATACCCTCGTGTGGC-1,1,enzalutamide
Data32_GSM5155455_CATACCCTCTTGGTGA-1,1,enzalutamide
Data32_GSM5155455_CATACTTAGCACTAAA-1,1,enzalutamide
Data32_GSM5155455_CATACTTGTCAGCGTC-1,1,enzalutamide
Data32_GSM5155455_CATAGACGTATCGGTT-1,1,enzalutamide
Data32_GSM5155455_CATAGACGTCAGTCTA-1,1,enzalutamide
Data32_GSM5155455_CATCAAGCAAGTCCCG-1,1,enzalutamide
Data32_GSM5155455_CATCAAGCATTATGCG-1,1,enzalutamide
Data32_GSM5155455_CATCCACTCGAGAGCA-1,1,enzalutamide
Data32_GSM5155455_CATCCCACAGTTACCA-1,1,enzalutamide
Data32_GSM5155455_CATCCCACATCTCAAG-1,1,enzalutamide
Data32_GSM5155455_CATCCCATCAGCTGAT-1,1,enzalutamide
Data32_GSM5155455_CATCCGTAGGTCGTGA-1,1,enzalutamide
Data32_GSM5155455_CATCCGTGTTTACGTG-1,1,enzalutamide
Data32_GSM5155455_CATCGCTAGGAGAGGC-1,1,enzalutamide
Data32_GSM5155455_CATCGCTCACAGTGAG-1,1,enzalutamide
Data32_GSM5155455_CATCGCTGTAAGGCCA-1,1,enzalutamide
Data32_GSM5155455_CATCGCTTCCAACTGA-1,1,enzalutamide
Data32_GSM5155455_CATCGGGAGACCTCCG-1,1,enzalutamide
Data32_GSM5155455_CATCGTCGTACAAACA-1,1,enzalutamide
Data32_GSM5155455_CATGAGTAGACTCCGC-1,1,enzalutamide
Data32_GSM5155455_CATGAGTAGGACCCAA-1,1,enzalutamide
Data32_GSM5155455_CATGAGTGTGTTGACT-1,1,enzalutamide
Data32_GSM5155455_CATGCAAAGTGTAGAT-1,1,enzalutamide
Data32_GSM5155455_CATGCCTCAAATCAAG-1,1,enzalutamide
Data32_GSM5155455_CATGCCTCAAATGGAT-1,1,enzalutamide
Data32_GSM5155455_CATGCCTTCAAAGACA-1,1,enzalutamide
Data32_GSM5155455_CATGCGGCATAACCCA-1,1,enzalutamide
Data32_GSM5155455_CATGCTCGTATCATGC-1,1,enzalutamide
Data32_GSM5155455_CATGGATAGAAGTCCG-1,1,enzalutamide
Data32_GSM5155455_CATGGATAGCTAGCCC-1,1,enzalutamide
Data32_GSM5155455_CATGGATCAGGCTATT-1,1,enzalutamide
Data32_GSM5155455_CATGGATTCGAGTTGT-1,1,enzalutamide
Data32_GSM5155455_CATGGTAAGCTGAAAT-1,1,enzalutamide
Data32_GSM5155455_CATGGTAAGTCTGCAT-1,1,enzalutamide
Data32_GSM5155455_CATGGTAGTCATCACA-1,1,enzalutamide
Data32_GSM5155455_CATTCATGTGATTCTG-1,1,enzalutamide
Data32_GSM5155455_CATTCCGAGACAAGCC-1,1,enzalutamide
Data32_GSM5155455_CATTCCGGTCCTGTTC-1,1,enzalutamide
Data32_GSM5155455_CATTCTAAGCAGCCTC-1,1,enzalutamide
Data32_GSM5155455_CATTCTAAGGCACCAA-1,1,enzalutamide
Data32_GSM5155455_CATTCTAAGGGTAATT-1,1,enzalutamide
Data32_GSM5155455_CATTCTAGTGAATATG-1,1,enzalutamide
Data32_GSM5155455_CATTCTATCACTTATC-1,1,enzalutamide
Data32_GSM5155455_CATTGAGAGCACTCGC-1,1,enzalutamide
Data32_GSM5155455_CATTGAGAGGGCAAGG-1,1,enzalutamide
Data32_GSM5155455_CATTGAGCATGGCTAT-1,1,enzalutamide
Data32_GSM5155455_CATTGCCCAGTTCTAG-1,1,enzalutamide
Data32_GSM5155455_CATTGCCCATCGTCCT-1,1,enzalutamide
Data32_GSM5155455_CATTGTTAGACGTCCC-1,1,enzalutamide
Data32_GSM5155455_CATTGTTCAAGATCCT-1,1,enzalutamide
Data32_GSM5155455_CATTGTTGTGGCTGCT-1,1,enzalutamide
Data32_GSM5155455_CATTTCAAGGCTGTAG-1,1,enzalutamide
Data32_GSM5155455_CATTTCACAGCATACT-1,1,enzalutamide
Data32_GSM5155455_CATTTCACATGTACGT-1,1,enzalutamide
Data32_GSM5155455_CCAATGAAGTGCCCGT-1,1,enzalutamide
Data32_GSM5155455_CCAATGAGTAACCAGG-1,1,enzalutamide
Data32_GSM5155455_CCAATGAGTCAGTCTA-1,1,enzalutamide
Data32_GSM5155455_CCACAAAAGCTACGTT-1,1,enzalutamide
Data32_GSM5155455_CCACAAAGTCAGATTC-1,1,enzalutamide
Data32_GSM5155455_CCACACTTCTCAACGA-1,1,enzalutamide
Data32_GSM5155455_CCACCATAGGAAAGAC-1,1,enzalutamide
Data32_GSM5155455_CCACCATCACGACAGA-1,1,enzalutamide
Data32_GSM5155455_CCACGAGAGACTAAGT-1,1,enzalutamide
Data32_GSM5155455_CCACGAGAGGCATCAG-1,1,enzalutamide
Data32_GSM5155455_CCACGTTGTTATGTGC-1,1,enzalutamide
Data32_GSM5155455_CCACGTTTCAACTGGT-1,1,enzalutamide
Data32_GSM5155455_CCACGTTTCTGTCTCG-1,1,enzalutamide
Data32_GSM5155455_CCATAAGCAATTGCAC-1,1,enzalutamide
Data32_GSM5155455_CCATAAGGTAGAGCTG-1,1,enzalutamide
Data32_GSM5155455_CCATCACGTGGCAACA-1,1,enzalutamide
Data32_GSM5155455_CCCAACTTCACAAGAA-1,1,enzalutamide
Data32_GSM5155455_CCCATTGAGTAATTGG-1,1,enzalutamide
Data32_GSM5155455_CCCATTGCAAGGTTGG-1,1,enzalutamide
Data32_GSM5155455_CCCATTGCATTCTCTA-1,1,enzalutamide
Data32_GSM5155455_CCCGAAGAGAATTGCA-1,1,enzalutamide
Data32_GSM5155455_CCCGAAGAGACTGAGC-1,1,enzalutamide
Data32_GSM5155455_CCCGAAGAGCTAAATG-1,1,enzalutamide
Data32_GSM5155455_CCCGAAGAGGGACACT-1,1,enzalutamide
Data32_GSM5155455_CCCGAAGGTAGAGACC-1,1,enzalutamide
Data32_GSM5155455_CCCTAACCACGCTGAC-1,1,enzalutamide
Data32_GSM5155455_CCCTAACCATTACTCT-1,1,enzalutamide
Data32_GSM5155455_CCCTCAAAGCTCTGTA-1,1,enzalutamide
Data32_GSM5155455_CCCTCAATCGATTGAC-1,1,enzalutamide
Data32_GSM5155455_CCCTCTCAGCTAGCCC-1,1,enzalutamide
Data32_GSM5155455_CCCTCTCGTGGACCAA-1,1,enzalutamide
Data32_GSM5155455_CCCTCTCGTTCTTCAT-1,1,enzalutamide
Data32_GSM5155455_CCCTGATTCTTCTCAA-1,1,enzalutamide
Data32_GSM5155455_CCCTTAGTCTTCGGAA-1,1,enzalutamide
Data32_GSM5155455_CCGAACGAGTGCTACT-1,1,enzalutamide
Data32_GSM5155455_CCGAACGTCTTTCTAG-1,1,enzalutamide
Data32_GSM5155455_CCGATCTAGTCAATCC-1,1,enzalutamide
Data32_GSM5155455_CCGATCTTCAGTGTGT-1,1,enzalutamide
Data32_GSM5155455_CCGATGGCAAGTATAG-1,1,enzalutamide
Data32_GSM5155455_CCGATGGGTTACGGAG-1,1,enzalutamide
Data32_GSM5155455_CCGCAAGTCGATGGAG-1,1,enzalutamide
Data32_GSM5155455_CCGGACAAGGAAGTCC-1,1,enzalutamide
Data32_GSM5155455_CCGGACATCTCTAAGG-1,1,enzalutamide
Data32_GSM5155455_CCGGGTAAGCCTGGAA-1,1,enzalutamide
Data32_GSM5155455_CCGGGTACAAGGTCGA-1,1,enzalutamide
Data32_GSM5155455_CCGGTGAAGCGTGCTC-1,1,enzalutamide
Data32_GSM5155455_CCGGTGAAGCTGACCC-1,1,enzalutamide
Data32_GSM5155455_CCGGTGACAAATCGGG-1,1,enzalutamide
Data32_GSM5155455_CCGTAGGAGCGAGTAC-1,1,enzalutamide
Data32_GSM5155455_CCGTAGGCACTATGTG-1,1,enzalutamide
Data32_GSM5155455_CCGTAGGGTACTCCGG-1,1,enzalutamide
Data32_GSM5155455_CCGTAGGGTAGGCAAC-1,1,enzalutamide
Data32_GSM5155455_CCGTAGGTCCGGTAGC-1,1,enzalutamide
Data32_GSM5155455_CCGTGAGCATGACACT-1,1,enzalutamide
Data32_GSM5155455_CCGTTCATCTCAATCT-1,1,enzalutamide
Data32_GSM5155455_CCTAACCCACCTGTCT-1,1,enzalutamide
Data32_GSM5155455_CCTAACCGTAAGATTG-1,1,enzalutamide
Data32_GSM5155455_CCTAACCGTACCGTGC-1,1,enzalutamide
Data32_GSM5155455_CCTAAGAAGACTCGAG-1,1,enzalutamide
Data32_GSM5155455_CCTACGTGTTGGCCGT-1,1,enzalutamide
Data32_GSM5155455_CCTATCGAGTGATCGG-1,1,enzalutamide
Data32_GSM5155455_CCTATCGCATCGAACT-1,1,enzalutamide
Data32_GSM5155455_CCTATCGGTAACACCT-1,1,enzalutamide
Data32_GSM5155455_CCTATCGGTGTTTCTT-1,1,enzalutamide
Data32_GSM5155455_CCTATCGTCATTACTC-1,1,enzalutamide
Data32_GSM5155455_CCTCAACCAAGCCCAC-1,1,enzalutamide
Data32_GSM5155455_CCTCAACCAATTTCGG-1,1,enzalutamide
Data32_GSM5155455_CCTCACACAGGCGTTC-1,1,enzalutamide
Data32_GSM5155455_CCTCAGTGTTCTGAGT-1,1,enzalutamide
Data32_GSM5155455_CCTCATGCAGAGAATT-1,1,enzalutamide
Data32_GSM5155455_CCTCATGTCACTCGAA-1,1,enzalutamide
Data32_GSM5155455_CCTCATGTCTATGTGG-1,1,enzalutamide
Data32_GSM5155455_CCTCCAAGTACAGTTC-1,1,enzalutamide
Data32_GSM5155455_CCTCCAAGTCGAAGCA-1,1,enzalutamide
Data32_GSM5155455_CCTCCAATCTTCGATT-1,1,enzalutamide
Data32_GSM5155455_CCTCTAGCAATTGCCA-1,1,enzalutamide
Data32_GSM5155455_CCTCTCCCATATGAAG-1,1,enzalutamide
Data32_GSM5155455_CCTCTCCTCCTTCACG-1,1,enzalutamide
Data32_GSM5155455_CCTGCATAGCAAATGT-1,1,enzalutamide
Data32_GSM5155455_CCTGCATTCTACTGCC-1,1,enzalutamide
Data32_GSM5155455_CCTGCATTCTGAGAAA-1,1,enzalutamide
Data32_GSM5155455_CCTGTTGAGCTCGGCT-1,1,enzalutamide
Data32_GSM5155455_CCTGTTGGTGCATTAC-1,1,enzalutamide
Data32_GSM5155455_CCTTGTGCAACACGTT-1,1,enzalutamide
Data32_GSM5155455_CCTTTGGAGGGACTGT-1,1,enzalutamide
Data32_GSM5155455_CCTTTGGTCGTGAGAG-1,1,enzalutamide
Data32_GSM5155455_CGAAGGACAAAGACGC-1,1,enzalutamide
Data32_GSM5155455_CGAAGGAGTGCTGTCG-1,1,enzalutamide
Data32_GSM5155455_CGAAGTTCATCATCCC-1,1,enzalutamide
Data32_GSM5155455_CGAAGTTGTAGCTTGT-1,1,enzalutamide
Data32_GSM5155455_CGAAGTTGTGCCTACG-1,1,enzalutamide
Data32_GSM5155455_CGAATTGCATTGCAAC-1,1,enzalutamide
Data32_GSM5155455_CGACAGCAGGTTCCAT-1,1,enzalutamide
Data32_GSM5155455_CGACAGCCACCTCGTT-1,1,enzalutamide
Data32_GSM5155455_CGACAGCGTCATAGTC-1,1,enzalutamide
Data32_GSM5155455_CGAGGAAAGTTGCCCG-1,1,enzalutamide
Data32_GSM5155455_CGAGGAACATTCTCCG-1,1,enzalutamide
Data32_GSM5155455_CGAGGCTTCTCTGGTC-1,1,enzalutamide
Data32_GSM5155455_CGAGTGCAGATAGGGA-1,1,enzalutamide
Data32_GSM5155455_CGAGTTATCGACCAAT-1,1,enzalutamide
Data32_GSM5155455_CGATCGGTCCTTGAAG-1,1,enzalutamide
Data32_GSM5155455_CGATGCGAGGCAGGGA-1,1,enzalutamide
Data32_GSM5155455_CGATGCGTCGTGAGAG-1,1,enzalutamide
Data32_GSM5155455_CGATGCGTCTACGCGG-1,1,enzalutamide
Data32_GSM5155455_CGATGGCCATCGAGCC-1,1,enzalutamide
Data32_GSM5155455_CGATGGCGTATAGGAT-1,1,enzalutamide
Data32_GSM5155455_CGCAGGTAGCAAATCA-1,1,enzalutamide
Data32_GSM5155455_CGCAGGTCACAAAGCG-1,1,enzalutamide
Data32_GSM5155455_CGCAGGTGTACGAGCA-1,1,enzalutamide
Data32_GSM5155455_CGCAGGTTCACCATGA-1,1,enzalutamide
Data32_GSM5155455_CGCATAACAATGCAAA-1,1,enzalutamide
Data32_GSM5155455_CGCATGGAGATACGAT-1,1,enzalutamide
Data32_GSM5155455_CGCATGGTCTAGTACG-1,1,enzalutamide
Data32_GSM5155455_CGCCAGACAACGTTAC-1,1,enzalutamide
Data32_GSM5155455_CGCCAGACACAGACGA-1,1,enzalutamide
Data32_GSM5155455_CGCCAGACAGTCAGAG-1,1,enzalutamide
Data32_GSM5155455_CGCCAGATCACCCATC-1,1,enzalutamide
Data32_GSM5155455_CGCCAGATCTGGGCCA-1,1,enzalutamide
Data32_GSM5155455_CGCGTGAGTCCGGCAT-1,1,enzalutamide
Data32_GSM5155455_CGCGTGAGTTCCACAA-1,1,enzalutamide
Data32_GSM5155455_CGCGTGATCTTACACT-1,1,enzalutamide
Data32_GSM5155455_CGGACACGTATCAAGA-1,1,enzalutamide
Data32_GSM5155455_CGGACACGTCACAGAG-1,1,enzalutamide
Data32_GSM5155455_CGGAGAACACCATTCC-1,1,enzalutamide
Data32_GSM5155455_CGGAGAACAGGCTATT-1,1,enzalutamide
Data32_GSM5155455_CGGAGAAGTGAATGTA-1,1,enzalutamide
Data32_GSM5155455_CGGCAGTAGGCCCACT-1,1,enzalutamide
Data32_GSM5155455_CGGCAGTCAGTGAGCA-1,1,enzalutamide
Data32_GSM5155455_CGGGCATAGGCCACCT-1,1,enzalutamide
Data32_GSM5155455_CGGGCATCACGAAGAC-1,1,enzalutamide
Data32_GSM5155455_CGGGCATGTGCTGATT-1,1,enzalutamide
Data32_GSM5155455_CGGGCATTCATTCCTA-1,1,enzalutamide
Data32_GSM5155455_CGGGCATTCTGTTGGA-1,1,enzalutamide
Data32_GSM5155455_CGGGTCAAGCAGGCTA-1,1,enzalutamide
Data32_GSM5155455_CGGGTCAAGCCTCTGG-1,1,enzalutamide
Data32_GSM5155455_CGGGTCACACGACAGA-1,1,enzalutamide
Data32_GSM5155455_CGGGTCATCTCAACCC-1,1,enzalutamide
Data32_GSM5155455_CGGGTGTCACTGGCCA-1,1,enzalutamide
Data32_GSM5155455_CGGTCAGGTGATTAGA-1,1,enzalutamide
Data32_GSM5155455_CGTAAGTTCTGTACAG-1,1,enzalutamide
Data32_GSM5155455_CGTAATGAGGATAATC-1,1,enzalutamide
Data32_GSM5155455_CGTAATGAGTATAACG-1,1,enzalutamide
Data32_GSM5155455_CGTAATGGTAACACCT-1,1,enzalutamide
Data32_GSM5155455_CGTAGTACAAATGAAC-1,1,enzalutamide
Data32_GSM5155455_CGTAGTATCAGTCAGT-1,1,enzalutamide
Data32_GSM5155455_CGTCAAAAGGTGATAT-1,1,enzalutamide
Data32_GSM5155455_CGTCAAATCCCGTTGT-1,1,enzalutamide
Data32_GSM5155455_CGTCCATCATTATGCG-1,1,enzalutamide
Data32_GSM5155455_CGTGAATCATGAAGCG-1,1,enzalutamide
Data32_GSM5155455_CGTGATAAGACGCCCT-1,1,enzalutamide
Data32_GSM5155455_CGTGCTTCAGTAGATA-1,1,enzalutamide
Data32_GSM5155455_CGTGCTTTCAGCACCG-1,1,enzalutamide
Data32_GSM5155455_CGTGTCTAGATGGTCG-1,1,enzalutamide
Data32_GSM5155455_CGTGTCTTCAAGAGGC-1,1,enzalutamide
Data32_GSM5155455_CGTGTCTTCTCGCAGG-1,1,enzalutamide
Data32_GSM5155455_CGTTAGAGTTCTATCT-1,1,enzalutamide
Data32_GSM5155455_CGTTAGATCTCGAGTA-1,1,enzalutamide
Data32_GSM5155455_CGTTCTGCAGGGATAC-1,1,enzalutamide
Data32_GSM5155455_CGTTCTGGTCGAGATG-1,1,enzalutamide
Data32_GSM5155455_CGTTCTGGTGGTCTGC-1,1,enzalutamide
Data32_GSM5155455_CGTTCTGTCTGCTTAT-1,1,enzalutamide
Data32_GSM5155455_CGTTGGGCAATCGAAA-1,1,enzalutamide
Data32_GSM5155455_CGTTGGGCATAGGTAA-1,1,enzalutamide
Data32_GSM5155455_CGTTGGGTCGCCTCTA-1,1,enzalutamide
Data32_GSM5155455_CTAACCCAGCCGTTAT-1,1,enzalutamide
Data32_GSM5155455_CTAACCCGTATACCTG-1,1,enzalutamide
Data32_GSM5155455_CTAACTTTCCCTATTA-1,1,enzalutamide
Data32_GSM5155455_CTAAGTGCACCTTCCA-1,1,enzalutamide
Data32_GSM5155455_CTAAGTGTCAAGTGGG-1,1,enzalutamide
Data32_GSM5155455_CTACAGAGTTCCAAAC-1,1,enzalutamide
Data32_GSM5155455_CTACAGAGTTCGGTTA-1,1,enzalutamide
Data32_GSM5155455_CTACATTGTCTGTAAC-1,1,enzalutamide
Data32_GSM5155455_CTACATTGTGATACAA-1,1,enzalutamide
Data32_GSM5155455_CTACATTTCATGCCCT-1,1,enzalutamide
Data32_GSM5155455_CTACCCATCGAAGAAT-1,1,enzalutamide
Data32_GSM5155455_CTACCTGAGACTACGG-1,1,enzalutamide
Data32_GSM5155455_CTACGGGAGAAAGCGA-1,1,enzalutamide
Data32_GSM5155455_CTACGGGAGTGATTCC-1,1,enzalutamide
Data32_GSM5155455_CTACGGGCAAGTGACG-1,1,enzalutamide
Data32_GSM5155455_CTACGGGGTCACTGAT-1,1,enzalutamide
Data32_GSM5155455_CTACGGGGTTATGTCG-1,1,enzalutamide
Data32_GSM5155455_CTACTATAGAGCATTA-1,1,enzalutamide
Data32_GSM5155455_CTACTATAGTCAGAGC-1,1,enzalutamide
Data32_GSM5155455_CTACTATTCCACAAGT-1,1,enzalutamide
Data32_GSM5155455_CTAGGTACATCTCCCA-1,1,enzalutamide
Data32_GSM5155455_CTAGGTATCTCATTAC-1,1,enzalutamide
Data32_GSM5155455_CTATAGGAGTTCTCTT-1,1,enzalutamide
Data32_GSM5155455_CTATAGGTCGCGAAGA-1,1,enzalutamide
Data32_GSM5155455_CTATCCGAGAGGGTAA-1,1,enzalutamide
Data32_GSM5155455_CTATCCGCACGCTTAA-1,1,enzalutamide
Data32_GSM5155455_CTCAACCGTAGGCAGT-1,1,enzalutamide
Data32_GSM5155455_CTCAACCGTCGAGCTC-1,1,enzalutamide
Data32_GSM5155455_CTCAAGACACTGCGAC-1,1,enzalutamide
Data32_GSM5155455_CTCAATTGTAGAGACC-1,1,enzalutamide
Data32_GSM5155455_CTCAATTTCCATCTAT-1,1,enzalutamide
Data32_GSM5155455_CTCACTGAGCGCTTCG-1,1,enzalutamide
Data32_GSM5155455_CTCACTGCACCCGTAG-1,1,enzalutamide
Data32_GSM5155455_CTCAGAAAGCTGTTCA-1,1,enzalutamide
Data32_GSM5155455_CTCAGAACACGACAGA-1,1,enzalutamide
Data32_GSM5155455_CTCAGAACACGACGAA-1,1,enzalutamide
Data32_GSM5155455_CTCAGGGAGGGCAAGG-1,1,enzalutamide
Data32_GSM5155455_CTCAGGGGTGCGGTAA-1,1,enzalutamide
Data32_GSM5155455_CTCAGGGTCTCTCAAT-1,1,enzalutamide
Data32_GSM5155455_CTCAGTCAGACGCTCC-1,1,enzalutamide
Data32_GSM5155455_CTCAGTCAGATCCGAG-1,1,enzalutamide
Data32_GSM5155455_CTCAGTCGTTTCGTTT-1,1,enzalutamide
Data32_GSM5155455_CTCATCGCAGTTGCGC-1,1,enzalutamide
Data32_GSM5155455_CTCATCGGTTGCTCAA-1,1,enzalutamide
Data32_GSM5155455_CTCATGCAGCGGTATG-1,1,enzalutamide
Data32_GSM5155455_CTCATGCGTCTACTGA-1,1,enzalutamide
Data32_GSM5155455_CTCATGCTCAGCTGTA-1,1,enzalutamide
Data32_GSM5155455_CTCATTATCTCTCGAC-1,1,enzalutamide
Data32_GSM5155455_CTCCAACAGATAACGT-1,1,enzalutamide
Data32_GSM5155455_CTCCAACCACAAACGG-1,1,enzalutamide
Data32_GSM5155455_CTCCACAGTCGCGGTT-1,1,enzalutamide
Data32_GSM5155455_CTCCACATCCTAGCGG-1,1,enzalutamide
Data32_GSM5155455_CTCCATGGTCCGACGT-1,1,enzalutamide
Data32_GSM5155455_CTCCATGGTGTTACAC-1,1,enzalutamide
Data32_GSM5155455_CTCCATGTCACTCCGT-1,1,enzalutamide
Data32_GSM5155455_CTCCCAAAGTTAACGA-1,1,enzalutamide
Data32_GSM5155455_CTCCCAATCATAAGGA-1,1,enzalutamide
Data32_GSM5155455_CTCCCAATCTTCGGAA-1,1,enzalutamide
Data32_GSM5155455_CTCCCTCTCAGTCATG-1,1,enzalutamide
Data32_GSM5155455_CTCCCTCTCCCTGGTT-1,1,enzalutamide
Data32_GSM5155455_CTCCCTCTCCTACGGG-1,1,enzalutamide
Data32_GSM5155455_CTCCGATGTCACTTCC-1,1,enzalutamide
Data32_GSM5155455_CTCCGATGTGACAACG-1,1,enzalutamide
Data32_GSM5155455_CTCCGATTCGAACTCA-1,1,enzalutamide
Data32_GSM5155455_CTCCTCCGTACCTGTA-1,1,enzalutamide
Data32_GSM5155455_CTCCTTTAGCCTTTCC-1,1,enzalutamide
Data32_GSM5155455_CTCCTTTGTGGACCTC-1,1,enzalutamide
Data32_GSM5155455_CTCCTTTTCTCCATAT-1,1,enzalutamide
Data32_GSM5155455_CTCGAGGCAAGTGACG-1,1,enzalutamide
Data32_GSM5155455_CTCTCAGAGAGCCATG-1,1,enzalutamide
Data32_GSM5155455_CTCTCAGCAGCGTGAA-1,1,enzalutamide
Data32_GSM5155455_CTCTCAGGTCGTTTCC-1,1,enzalutamide
Data32_GSM5155455_CTCTCAGGTGGCACTC-1,1,enzalutamide
Data32_GSM5155455_CTCTCAGTCCATTGTT-1,1,enzalutamide
Data32_GSM5155455_CTCTCGAAGGCTGGAT-1,1,enzalutamide
Data32_GSM5155455_CTCTGGTAGTGGACGT-1,1,enzalutamide
Data32_GSM5155455_CTCTGGTGTGTGAATA-1,1,enzalutamide
Data32_GSM5155455_CTCTGGTTCGGTAACT-1,1,enzalutamide
Data32_GSM5155455_CTGAATGGTGCTGTCG-1,1,enzalutamide
Data32_GSM5155455_CTGAGCGAGCAACTTC-1,1,enzalutamide
Data32_GSM5155455_CTGAGCGAGGATATGT-1,1,enzalutamide
Data32_GSM5155455_CTGAGCGCAAGTGTCT-1,1,enzalutamide
Data32_GSM5155455_CTGAGGCCAATCTCTT-1,1,enzalutamide
Data32_GSM5155455_CTGATCCCATGATGCT-1,1,enzalutamide
Data32_GSM5155455_CTGCAGGAGAATTCAG-1,1,enzalutamide
Data32_GSM5155455_CTGCAGGCAAGTTCGT-1,1,enzalutamide
Data32_GSM5155455_CTGCAGGCACAAATGA-1,1,enzalutamide
Data32_GSM5155455_CTGCAGGCACTACCCT-1,1,enzalutamide
Data32_GSM5155455_CTGCATCGTGGCTTAT-1,1,enzalutamide
Data32_GSM5155455_CTGCCATCAGGGTCTC-1,1,enzalutamide
Data32_GSM5155455_CTGCGAGCAATTGAAG-1,1,enzalutamide
Data32_GSM5155455_CTGCGAGCAGGGATAC-1,1,enzalutamide
Data32_GSM5155455_CTGCGAGGTGGTACAG-1,1,enzalutamide
Data32_GSM5155455_CTGCTCAAGTGGTTGG-1,1,enzalutamide
Data32_GSM5155455_CTGCTCAGTACAGAAT-1,1,enzalutamide
Data32_GSM5155455_CTGCTCATCGAGATAA-1,1,enzalutamide
Data32_GSM5155455_CTGGACGAGCGCAATG-1,1,enzalutamide
Data32_GSM5155455_CTGGACGAGGGAGGTG-1,1,enzalutamide
Data32_GSM5155455_CTGGACGGTAGAATGT-1,1,enzalutamide
Data32_GSM5155455_CTGGACGGTTCTCTAT-1,1,enzalutamide
Data32_GSM5155455_CTGGCAGAGGCAGGTT-1,1,enzalutamide
Data32_GSM5155455_CTGGCAGAGTCGGCCT-1,1,enzalutamide
Data32_GSM5155455_CTGGTCTAGGAAAGTG-1,1,enzalutamide
Data32_GSM5155455_CTGGTCTCAAGTTCGT-1,1,enzalutamide
Data32_GSM5155455_CTGGTCTCATGGAGAC-1,1,enzalutamide
Data32_GSM5155455_CTGGTCTGTCACATTG-1,1,enzalutamide
Data32_GSM5155455_CTGGTCTTCCCTCTAG-1,1,enzalutamide
Data32_GSM5155455_CTGTACCAGCACGTCC-1,1,enzalutamide
Data32_GSM5155455_CTGTACCAGTTCCAGT-1,1,enzalutamide
Data32_GSM5155455_CTGTATTAGCTAGTTC-1,1,enzalutamide
Data32_GSM5155455_CTGTATTGTGGCCTCA-1,1,enzalutamide
Data32_GSM5155455_CTGTATTGTGTACGCC-1,1,enzalutamide
Data32_GSM5155455_CTGTATTTCGGCTCTT-1,1,enzalutamide
Data32_GSM5155455_CTGTCGTCAACGTATC-1,1,enzalutamide
Data32_GSM5155455_CTGTCGTTCAGCTCTC-1,1,enzalutamide
Data32_GSM5155455_CTGTGAACAGCACAGA-1,1,enzalutamide
Data32_GSM5155455_CTGTGAATCTGCAGCG-1,1,enzalutamide
Data32_GSM5155455_CTTACCGAGGACTAAT-1,1,enzalutamide
Data32_GSM5155455_CTTACCGAGGTCCTGC-1,1,enzalutamide
Data32_GSM5155455_CTTACCGAGTTACGTC-1,1,enzalutamide
Data32_GSM5155455_CTTACCGGTCGAACAG-1,1,enzalutamide
Data32_GSM5155455_CTTACCGTCGAAGTGG-1,1,enzalutamide
Data32_GSM5155455_CTTAGGAGTGAGGCAT-1,1,enzalutamide
Data32_GSM5155455_CTTAGGATCCCATAAG-1,1,enzalutamide
Data32_GSM5155455_CTTAGGATCGAGTGAG-1,1,enzalutamide
Data32_GSM5155455_CTTCAATAGAGTACCG-1,1,enzalutamide
Data32_GSM5155455_CTTCAATCAAGACTGG-1,1,enzalutamide
Data32_GSM5155455_CTTCAATCATGAAGGC-1,1,enzalutamide
Data32_GSM5155455_CTTCAATGTACATACC-1,1,enzalutamide
Data32_GSM5155455_CTTCAATGTCATCAGT-1,1,enzalutamide
Data32_GSM5155455_CTTCAATTCTAAGCCA-1,1,enzalutamide
Data32_GSM5155455_CTTCAATTCTGTGCAA-1,1,enzalutamide
Data32_GSM5155455_CTTCCGAGTTCGGTAT-1,1,enzalutamide
Data32_GSM5155455_CTTCCTTAGACGGTTG-1,1,enzalutamide
Data32_GSM5155455_CTTCCTTTCTTGGCTC-1,1,enzalutamide
Data32_GSM5155455_CTTCGGTAGCGAGAAA-1,1,enzalutamide
Data32_GSM5155455_CTTCGGTAGGGAGTTC-1,1,enzalutamide
Data32_GSM5155455_CTTCGGTTCTCCCATG-1,1,enzalutamide
Data32_GSM5155455_CTTCTCTAGCTGTCCG-1,1,enzalutamide
Data32_GSM5155455_CTTCTCTAGGCGTTGA-1,1,enzalutamide
Data32_GSM5155455_CTTCTCTTCAAGCTGT-1,1,enzalutamide
Data32_GSM5155455_CTTCTCTTCCCTCGTA-1,1,enzalutamide
Data32_GSM5155455_CTTGAGATCTCGCAGG-1,1,enzalutamide
Data32_GSM5155455_CTTGATTGTCCATAGT-1,1,enzalutamide
Data32_GSM5155455_CTTGATTGTTGGTAGG-1,1,enzalutamide
Data32_GSM5155455_CTTGATTTCACAACCA-1,1,enzalutamide
Data32_GSM5155455_CTTTCAAAGTAAGACT-1,1,enzalutamide
Data32_GSM5155455_CTTTCAACACTCGATA-1,1,enzalutamide
Data32_GSM5155455_CTTTCAACATGACGAG-1,1,enzalutamide
Data32_GSM5155455_CTTTCGGAGTTGGAGC-1,1,enzalutamide
Data32_GSM5155455_CTTTCGGCAGCTCTGG-1,1,enzalutamide
Data32_GSM5155455_CTTTCGGCATTGAAGA-1,1,enzalutamide
Data32_GSM5155455_CTTTCGGGTCTGTTAG-1,1,enzalutamide
Data32_GSM5155455_GAAACCTTCCCGAGTG-1,1,enzalutamide
Data32_GSM5155455_GAAATGAAGACTCATC-1,1,enzalutamide
Data32_GSM5155455_GAAATGAAGCGCTGCT-1,1,enzalutamide
Data32_GSM5155455_GAAATGATCTCGCAGG-1,1,enzalutamide
Data32_GSM5155455_GAACACTGTCGTATGT-1,1,enzalutamide
Data32_GSM5155455_GAACACTTCTGCCCTA-1,1,enzalutamide
Data32_GSM5155455_GAACGTTAGCGCACAA-1,1,enzalutamide
Data32_GSM5155455_GAACGTTCACTCAGAT-1,1,enzalutamide
Data32_GSM5155455_GAACGTTGTTCTCAGA-1,1,enzalutamide
Data32_GSM5155455_GAACTGTCATGCGGTC-1,1,enzalutamide
Data32_GSM5155455_GAACTGTGTAGCTTTG-1,1,enzalutamide
Data32_GSM5155455_GAACTGTTCTAGCCTC-1,1,enzalutamide
Data32_GSM5155455_GAAGAATAGGTACCTT-1,1,enzalutamide
Data32_GSM5155455_GAAGAATTCGTCAACA-1,1,enzalutamide
Data32_GSM5155455_GAAGCCCAGTACCATC-1,1,enzalutamide
Data32_GSM5155455_GAAGCCCCAACAACAA-1,1,enzalutamide
Data32_GSM5155455_GAAGCCCGTACCCGAC-1,1,enzalutamide
Data32_GSM5155455_GAAGCCCGTGGTTTAC-1,1,enzalutamide
Data32_GSM5155455_GAAGCGATCAAAGCCT-1,1,enzalutamide
Data32_GSM5155455_GAAGGACCACAGTACT-1,1,enzalutamide
Data32_GSM5155455_GAAGGGTCAGAACTCT-1,1,enzalutamide
Data32_GSM5155455_GAAGGGTCATCGAGCC-1,1,enzalutamide
Data32_GSM5155455_GAAGGGTTCAAGTCGT-1,1,enzalutamide
Data32_GSM5155455_GAAGGGTTCAATCTCT-1,1,enzalutamide
Data32_GSM5155455_GAAGTAAGTACCTATG-1,1,enzalutamide
Data32_GSM5155455_GAATCGTGTCCTGGTG-1,1,enzalutamide
Data32_GSM5155455_GACACGCAGATCGCCC-1,1,enzalutamide
Data32_GSM5155455_GACACGCTCATTATCC-1,1,enzalutamide
Data32_GSM5155455_GACACGCTCTTCGGAA-1,1,enzalutamide
Data32_GSM5155455_GACAGCCTCGGATACT-1,1,enzalutamide
Data32_GSM5155455_GACATCACAGTCAGAG-1,1,enzalutamide
Data32_GSM5155455_GACATCACATCCTTCG-1,1,enzalutamide
Data32_GSM5155455_GACCAATGTACGATCT-1,1,enzalutamide
Data32_GSM5155455_GACCAATTCTGAGATC-1,1,enzalutamide
Data32_GSM5155455_GACCCAGGTATAGGAT-1,1,enzalutamide
Data32_GSM5155455_GACCCAGTCTCATGGA-1,1,enzalutamide
Data32_GSM5155455_GACCCTTGTGTGAGCA-1,1,enzalutamide
Data32_GSM5155455_GACCGTGAGGTCATAA-1,1,enzalutamide
Data32_GSM5155455_GACCGTGGTTAGGAGC-1,1,enzalutamide
Data32_GSM5155455_GACCTTCAGGTCATTC-1,1,enzalutamide
Data32_GSM5155455_GACCTTCGTGCCGGTT-1,1,enzalutamide
Data32_GSM5155455_GACGCTGCAAACGGCA-1,1,enzalutamide
Data32_GSM5155455_GACGCTGCATCCTCAC-1,1,enzalutamide
Data32_GSM5155455_GACGTTAAGTGAGTGC-1,1,enzalutamide
Data32_GSM5155455_GACTATGGTACCTTCC-1,1,enzalutamide
Data32_GSM5155455_GACTATGTCCCATACC-1,1,enzalutamide
Data32_GSM5155455_GACTCAAAGCTCCGAC-1,1,enzalutamide
Data32_GSM5155455_GACTCTCAGGGTCACA-1,1,enzalutamide
Data32_GSM5155455_GACTGATTCGGCCTTT-1,1,enzalutamide
Data32_GSM5155455_GACTTCCCACTTACAG-1,1,enzalutamide
Data32_GSM5155455_GAGAAATGTATTGGCT-1,1,enzalutamide
Data32_GSM5155455_GAGAAATTCCGTCCTA-1,1,enzalutamide
Data32_GSM5155455_GAGAAATTCGGACTGC-1,1,enzalutamide
Data32_GSM5155455_GAGAAATTCTACTGAG-1,1,enzalutamide
Data32_GSM5155455_GAGACCCCAACTCCCT-1,1,enzalutamide
Data32_GSM5155455_GAGACTTAGGTCTACT-1,1,enzalutamide
Data32_GSM5155455_GAGACTTGTCATAGTC-1,1,enzalutamide
Data32_GSM5155455_GAGACTTGTGCACAAG-1,1,enzalutamide
Data32_GSM5155455_GAGATGGGTGGAATGC-1,1,enzalutamide
Data32_GSM5155455_GAGATGGTCGAACGCC-1,1,enzalutamide
Data32_GSM5155455_GAGCCTGAGGGAACAA-1,1,enzalutamide
Data32_GSM5155455_GAGCCTGAGTTTCGAC-1,1,enzalutamide
Data32_GSM5155455_GAGCCTGCAAGCTACT-1,1,enzalutamide
Data32_GSM5155455_GAGCCTGCACCAGGTC-1,1,enzalutamide
Data32_GSM5155455_GAGCCTGCAGTATACC-1,1,enzalutamide
Data32_GSM5155455_GAGCTGCTCAAGCTGT-1,1,enzalutamide
Data32_GSM5155455_GAGGCAAAGAAGTCCG-1,1,enzalutamide
Data32_GSM5155455_GAGGCAAAGTTGAAGT-1,1,enzalutamide
Data32_GSM5155455_GAGGCCTAGAGGCGGA-1,1,enzalutamide
Data32_GSM5155455_GAGGCCTAGTCGGGAT-1,1,enzalutamide
Data32_GSM5155455_GAGGCCTGTCTGTGGC-1,1,enzalutamide
Data32_GSM5155455_GAGGCCTGTTTGGCTA-1,1,enzalutamide
Data32_GSM5155455_GAGGGATCAGATCCTA-1,1,enzalutamide
Data32_GSM5155455_GAGGGTAAGCCAAGGT-1,1,enzalutamide
Data32_GSM5155455_GAGGGTATCCAATCCC-1,1,enzalutamide
Data32_GSM5155455_GAGTCATAGAGCAACC-1,1,enzalutamide
Data32_GSM5155455_GAGTCATAGGTCACCC-1,1,enzalutamide
Data32_GSM5155455_GAGTCATCAGACCGCT-1,1,enzalutamide
Data32_GSM5155455_GAGTCTACATGACCCG-1,1,enzalutamide
Data32_GSM5155455_GAGTCTAGTACGATCT-1,1,enzalutamide
Data32_GSM5155455_GAGTCTATCGGTGTAT-1,1,enzalutamide
Data32_GSM5155455_GAGTGAGAGACGGATC-1,1,enzalutamide
Data32_GSM5155455_GAGTGAGCATTGAGCT-1,1,enzalutamide
Data32_GSM5155455_GAGTGAGTCTGGCTGG-1,1,enzalutamide
Data32_GSM5155455_GAGTGTTAGTAATACG-1,1,enzalutamide
Data32_GSM5155455_GAGTGTTCAGCCCACA-1,1,enzalutamide
Data32_GSM5155455_GAGTTACAGATGAAGG-1,1,enzalutamide
Data32_GSM5155455_GAGTTACCAACTTCTT-1,1,enzalutamide
Data32_GSM5155455_GAGTTACCACACTGGC-1,1,enzalutamide
Data32_GSM5155455_GAGTTACGTGTTGAGG-1,1,enzalutamide
Data32_GSM5155455_GAGTTACTCGATACAC-1,1,enzalutamide
Data32_GSM5155455_GAGTTGTAGGTAAGTT-1,1,enzalutamide
Data32_GSM5155455_GAGTTTGAGCAAATCA-1,1,enzalutamide
Data32_GSM5155455_GATAGAAAGCACACCC-1,1,enzalutamide
Data32_GSM5155455_GATAGAATCTAATTCC-1,1,enzalutamide
Data32_GSM5155455_GATAGCTCAGAGATGC-1,1,enzalutamide
Data32_GSM5155455_GATAGCTCAGGTTTAC-1,1,enzalutamide
Data32_GSM5155455_GATCACAAGGACAGCT-1,1,enzalutamide
Data32_GSM5155455_GATCACAAGTCATACC-1,1,enzalutamide
Data32_GSM5155455_GATCACATCCCGATCT-1,1,enzalutamide
Data32_GSM5155455_GATCACATCTATCGTT-1,1,enzalutamide
Data32_GSM5155455_GATCAGTAGCACCGTC-1,1,enzalutamide
Data32_GSM5155455_GATCAGTCAGACGGAT-1,1,enzalutamide
Data32_GSM5155455_GATCATGCATCCTAAG-1,1,enzalutamide
Data32_GSM5155455_GATCATGGTAGACTGG-1,1,enzalutamide
Data32_GSM5155455_GATCATGGTTTCCCAC-1,1,enzalutamide
Data32_GSM5155455_GATCATGTCTATCACT-1,1,enzalutamide
Data32_GSM5155455_GATCCCTAGTGTACAA-1,1,enzalutamide
Data32_GSM5155455_GATCCCTCATCGTGGC-1,1,enzalutamide
Data32_GSM5155455_GATCCCTTCCGGCAAC-1,1,enzalutamide
Data32_GSM5155455_GATCCCTTCGTCAGAT-1,1,enzalutamide
Data32_GSM5155455_GATCGTACATAGTCGT-1,1,enzalutamide
Data32_GSM5155455_GATCGTAGTGATCGTT-1,1,enzalutamide
Data32_GSM5155455_GATCGTAGTGTCTTAG-1,1,enzalutamide
Data32_GSM5155455_GATCGTATCCAACCAA-1,1,enzalutamide
Data32_GSM5155455_GATCGTATCGTCGATA-1,1,enzalutamide
Data32_GSM5155455_GATGACTAGAGCTTTC-1,1,enzalutamide
Data32_GSM5155455_GATGAGGAGATTAGTG-1,1,enzalutamide
Data32_GSM5155455_GATGAGGGTTGCCGAC-1,1,enzalutamide
Data32_GSM5155455_GATGAGGTCTGAACGT-1,1,enzalutamide
Data32_GSM5155455_GATGATCCAGTCGAGA-1,1,enzalutamide
Data32_GSM5155455_GATGATCTCTTCGTGC-1,1,enzalutamide
Data32_GSM5155455_GATGCTAAGAAACCAT-1,1,enzalutamide
Data32_GSM5155455_GATGGAGAGGTTCTAC-1,1,enzalutamide
Data32_GSM5155455_GATGGAGCAGACACAG-1,1,enzalutamide
Data32_GSM5155455_GATTCGAAGAACTCCT-1,1,enzalutamide
Data32_GSM5155455_GATTCGACAAACCACT-1,1,enzalutamide
Data32_GSM5155455_GATTCGACAGCTGTAT-1,1,enzalutamide
Data32_GSM5155455_GATTCGACATCCCACT-1,1,enzalutamide
Data32_GSM5155455_GATTGGTAGACAAGCC-1,1,enzalutamide
Data32_GSM5155455_GATTGGTGTGTGTGTT-1,1,enzalutamide
Data32_GSM5155455_GATTTCTAGAATGTTG-1,1,enzalutamide
Data32_GSM5155455_GATTTCTCAAGCTACT-1,1,enzalutamide
Data32_GSM5155455_GATTTCTGTGGATTTC-1,1,enzalutamide
Data32_GSM5155455_GATTTCTTCCAGTTCC-1,1,enzalutamide
Data32_GSM5155455_GCAACATTCTTACCGC-1,1,enzalutamide
Data32_GSM5155455_GCAACCGAGACTGTTC-1,1,enzalutamide
Data32_GSM5155455_GCACATAAGCAGTCTT-1,1,enzalutamide
Data32_GSM5155455_GCACGGTGTCGCGGTT-1,1,enzalutamide
Data32_GSM5155455_GCACGGTTCACTTATC-1,1,enzalutamide
Data32_GSM5155455_GCACGGTTCCTGCTAC-1,1,enzalutamide
Data32_GSM5155455_GCACGGTTCGACGCGT-1,1,enzalutamide
Data32_GSM5155455_GCACGGTTCTTACCGC-1,1,enzalutamide
Data32_GSM5155455_GCACTAATCCTAGCCT-1,1,enzalutamide
Data32_GSM5155455_GCAGCCACAATCGTCA-1,1,enzalutamide
Data32_GSM5155455_GCAGCCATCAAGGAGC-1,1,enzalutamide
Data32_GSM5155455_GCAGCCATCTGCACCT-1,1,enzalutamide
Data32_GSM5155455_GCAGTTAAGCTGAGTG-1,1,enzalutamide
Data32_GSM5155455_GCAGTTACAGGCAATG-1,1,enzalutamide
Data32_GSM5155455_GCATCGGCACCGTGGT-1,1,enzalutamide
Data32_GSM5155455_GCATCGGCAGCCATTA-1,1,enzalutamide
Data32_GSM5155455_GCATCGGCAGCGCTTG-1,1,enzalutamide
Data32_GSM5155455_GCATCGGTCACTGTCC-1,1,enzalutamide
Data32_GSM5155455_GCATCTCAGTAGCTCT-1,1,enzalutamide
Data32_GSM5155455_GCATCTCCACCGTCTT-1,1,enzalutamide
Data32_GSM5155455_GCATCTCGTAACACGG-1,1,enzalutamide
Data32_GSM5155455_GCATGATAGTGCGACA-1,1,enzalutamide
Data32_GSM5155455_GCATTAGGTCACCACG-1,1,enzalutamide
Data32_GSM5155455_GCATTAGTCCGTGTCT-1,1,enzalutamide
Data32_GSM5155455_GCATTAGTCTCCAAGA-1,1,enzalutamide
Data32_GSM5155455_GCCAACGAGATAGCTA-1,1,enzalutamide
Data32_GSM5155455_GCCAACGAGCGACTGA-1,1,enzalutamide
Data32_GSM5155455_GCCAACGCAGCAGTTT-1,1,enzalutamide
Data32_GSM5155455_GCCAACGGTACCACGC-1,1,enzalutamide
Data32_GSM5155455_GCCAGCACAGGCGTTC-1,1,enzalutamide
Data32_GSM5155455_GCCAGCATCATCGGGC-1,1,enzalutamide
Data32_GSM5155455_GCCAGGTAGCGACAGT-1,1,enzalutamide
Data32_GSM5155455_GCCAGGTCAGAGTGAC-1,1,enzalutamide
Data32_GSM5155455_GCCAGGTGTCGCATCG-1,1,enzalutamide
Data32_GSM5155455_GCCAGTGCAACAGTGG-1,1,enzalutamide
Data32_GSM5155455_GCCAGTGGTAGGAAAG-1,1,enzalutamide
Data32_GSM5155455_GCCAGTGTCACTGTCC-1,1,enzalutamide
Data32_GSM5155455_GCCAGTGTCTGTGTGA-1,1,enzalutamide
Data32_GSM5155455_GCCATGGCAACAAGTA-1,1,enzalutamide
Data32_GSM5155455_GCCATGGCAAGACCTT-1,1,enzalutamide
Data32_GSM5155455_GCCATGGTCATAGACC-1,1,enzalutamide
Data32_GSM5155455_GCCATTCCAACCAACT-1,1,enzalutamide
Data32_GSM5155455_GCCATTCCAATCCTTT-1,1,enzalutamide
Data32_GSM5155455_GCCATTCCATCCGTGG-1,1,enzalutamide
Data32_GSM5155455_GCCATTCGTCGGTGTC-1,1,enzalutamide
Data32_GSM5155455_GCCCAGAAGGCCTAGA-1,1,enzalutamide
Data32_GSM5155455_GCCCAGATCCATGCAA-1,1,enzalutamide
Data32_GSM5155455_GCCCAGATCTTCCAGC-1,1,enzalutamide
Data32_GSM5155455_GCCCGAAAGACGCCAA-1,1,enzalutamide
Data32_GSM5155455_GCCCGAACATCCGAAT-1,1,enzalutamide
Data32_GSM5155455_GCCCGAACATTCGGGC-1,1,enzalutamide
Data32_GSM5155455_GCCCGAAGTGGCAACA-1,1,enzalutamide
Data32_GSM5155455_GCCCGAAGTTGGGCCT-1,1,enzalutamide
Data32_GSM5155455_GCCCGAATCGCTACAA-1,1,enzalutamide
Data32_GSM5155455_GCCGATGTCGCATTGA-1,1,enzalutamide
Data32_GSM5155455_GCCGTGAAGTTGTCAC-1,1,enzalutamide
Data32_GSM5155455_GCCGTGACAGTCGCTG-1,1,enzalutamide
Data32_GSM5155455_GCCTGTTCAATAAGGT-1,1,enzalutamide
Data32_GSM5155455_GCGAGAACAGAGGCAT-1,1,enzalutamide
Data32_GSM5155455_GCGATCGGTGATATAG-1,1,enzalutamide
Data32_GSM5155455_GCGATCGGTTTACGTG-1,1,enzalutamide
Data32_GSM5155455_GCGGAAACAACGACTT-1,1,enzalutamide
Data32_GSM5155455_GCGGAAACAAGGTTGG-1,1,enzalutamide
Data32_GSM5155455_GCGGAAAGTATTGACC-1,1,enzalutamide
Data32_GSM5155455_GCGGAAAGTTATAGAG-1,1,enzalutamide
Data32_GSM5155455_GCGGAAATCCAACACA-1,1,enzalutamide
Data32_GSM5155455_GCGGAAATCGATTTCT-1,1,enzalutamide
Data32_GSM5155455_GCGGATCCAAATACGA-1,1,enzalutamide
Data32_GSM5155455_GCGGATCGTCCGGTGT-1,1,enzalutamide
Data32_GSM5155455_GCGTGCAAGGATTTGA-1,1,enzalutamide
Data32_GSM5155455_GCGTTTCAGGCCGCTT-1,1,enzalutamide
Data32_GSM5155455_GCGTTTCGTTTCTATC-1,1,enzalutamide
Data32_GSM5155455_GCGTTTCTCTGCTTAT-1,1,enzalutamide
Data32_GSM5155455_GCTACAACAAGAAACT-1,1,enzalutamide
Data32_GSM5155455_GCTACAACATCTAGAC-1,1,enzalutamide
Data32_GSM5155455_GCTACAATCTTACGGA-1,1,enzalutamide
Data32_GSM5155455_GCTACCTAGTTCTACG-1,1,enzalutamide
Data32_GSM5155455_GCTACCTCAGAGGACT-1,1,enzalutamide
Data32_GSM5155455_GCTACCTCATCAGCAT-1,1,enzalutamide
Data32_GSM5155455_GCTACCTGTCAAGGCA-1,1,enzalutamide
Data32_GSM5155455_GCTACCTGTGTACAGG-1,1,enzalutamide
Data32_GSM5155455_GCTCAAAAGCACAAAT-1,1,enzalutamide
Data32_GSM5155455_GCTCAAACAGGCACAA-1,1,enzalutamide
Data32_GSM5155455_GCTCAAATCATACAGC-1,1,enzalutamide
Data32_GSM5155455_GCTCAAATCCGTATGA-1,1,enzalutamide
Data32_GSM5155455_GCTGCAGAGGACATCG-1,1,enzalutamide
Data32_GSM5155455_GCTGCAGCAAACTAAG-1,1,enzalutamide
Data32_GSM5155455_GCTGCAGGTATTGCCA-1,1,enzalutamide
Data32_GSM5155455_GCTGCAGGTTAGAAAC-1,1,enzalutamide
Data32_GSM5155455_GCTGGGTTCAAGCGTT-1,1,enzalutamide
Data32_GSM5155455_GCTGGGTTCCGCAACG-1,1,enzalutamide
Data32_GSM5155455_GCTGGGTTCGTGTCAA-1,1,enzalutamide
Data32_GSM5155455_GCTTCACCATCGGATT-1,1,enzalutamide
Data32_GSM5155455_GCTTCACGTGTTACTG-1,1,enzalutamide
Data32_GSM5155455_GCTTGGGAGATGCGAC-1,1,enzalutamide
Data32_GSM5155455_GCTTGGGCAAGTGGCA-1,1,enzalutamide
Data32_GSM5155455_GCTTTCGAGAATTGCA-1,1,enzalutamide
Data32_GSM5155455_GCTTTCGCATAATGAG-1,1,enzalutamide
Data32_GSM5155455_GGAAGTGAGACTCTAC-1,1,enzalutamide
Data32_GSM5155455_GGAAGTGCAGCTGTAT-1,1,enzalutamide
Data32_GSM5155455_GGAAGTGGTCATAAAG-1,1,enzalutamide
Data32_GSM5155455_GGAATCTAGAGAGCAA-1,1,enzalutamide
Data32_GSM5155455_GGAATCTGTCAACCAT-1,1,enzalutamide
Data32_GSM5155455_GGAATGGAGCGTATAA-1,1,enzalutamide
Data32_GSM5155455_GGAATGGCACTGTTCC-1,1,enzalutamide
Data32_GSM5155455_GGAATGGTCGGCAGTC-1,1,enzalutamide
Data32_GSM5155455_GGACGTCGTCCCTGTT-1,1,enzalutamide
Data32_GSM5155455_GGAGAACGTCTGATCA-1,1,enzalutamide
Data32_GSM5155455_GGAGATGGTAGACGTG-1,1,enzalutamide
Data32_GSM5155455_GGAGATGGTGTGACCC-1,1,enzalutamide
Data32_GSM5155455_GGAGCAAAGCTCCACG-1,1,enzalutamide
Data32_GSM5155455_GGAGCAATCCGAAGGA-1,1,enzalutamide
Data32_GSM5155455_GGAGGATTCCCATGGG-1,1,enzalutamide
Data32_GSM5155455_GGAGGATTCTGGAGAG-1,1,enzalutamide
Data32_GSM5155455_GGAGGTAAGCTCTTCC-1,1,enzalutamide
Data32_GSM5155455_GGAGGTACAAGACCGA-1,1,enzalutamide
Data32_GSM5155455_GGAGGTACACCAGCCA-1,1,enzalutamide
Data32_GSM5155455_GGAGGTACAGCTTTGA-1,1,enzalutamide
Data32_GSM5155455_GGAGGTAGTGTACGCC-1,1,enzalutamide
Data32_GSM5155455_GGATCTAAGGTCATTC-1,1,enzalutamide
Data32_GSM5155455_GGATCTACAGACCTAT-1,1,enzalutamide
Data32_GSM5155455_GGCACGTAGGTCGACA-1,1,enzalutamide
Data32_GSM5155455_GGCACGTCAAAGCTAA-1,1,enzalutamide
Data32_GSM5155455_GGCAGTCAGACCGCCT-1,1,enzalutamide
Data32_GSM5155455_GGCAGTCAGCCTGAAG-1,1,enzalutamide
Data32_GSM5155455_GGCAGTCGTCTCAGAT-1,1,enzalutamide
Data32_GSM5155455_GGCGTCAAGATGCTGG-1,1,enzalutamide
Data32_GSM5155455_GGCGTCACACTATCCC-1,1,enzalutamide
Data32_GSM5155455_GGCGTCATCGTTGTTT-1,1,enzalutamide
Data32_GSM5155455_GGCTTGGAGTCGCCCA-1,1,enzalutamide
Data32_GSM5155455_GGCTTGGCAGTAGTTC-1,1,enzalutamide
Data32_GSM5155455_GGCTTGGCATACACCA-1,1,enzalutamide
Data32_GSM5155455_GGCTTGGCATACCACA-1,1,enzalutamide
Data32_GSM5155455_GGGAAGTGTAACGCGA-1,1,enzalutamide
Data32_GSM5155455_GGGAAGTGTCCAGAAG-1,1,enzalutamide
Data32_GSM5155455_GGGAAGTTCACAATGC-1,1,enzalutamide
Data32_GSM5155455_GGGACAAGTTGAGAGC-1,1,enzalutamide
Data32_GSM5155455_GGGACCTAGCCTCGTG-1,1,enzalutamide
Data32_GSM5155455_GGGACCTGTACAGTCT-1,1,enzalutamide
Data32_GSM5155455_GGGACCTGTGGCATCC-1,1,enzalutamide
Data32_GSM5155455_GGGACCTGTTGCTCCT-1,1,enzalutamide
Data32_GSM5155455_GGGACTCAGAGTCAAT-1,1,enzalutamide
Data32_GSM5155455_GGGACTCTCACGTAGT-1,1,enzalutamide
Data32_GSM5155455_GGGACTCTCGACGTCG-1,1,enzalutamide
Data32_GSM5155455_GGGAGATCACAGTATC-1,1,enzalutamide
Data32_GSM5155455_GGGAGATTCCGAACGC-1,1,enzalutamide
Data32_GSM5155455_GGGAGTAAGTGTTGTC-1,1,enzalutamide
Data32_GSM5155455_GGGAGTACACTATCGA-1,1,enzalutamide
Data32_GSM5155455_GGGAGTATCCATATGG-1,1,enzalutamide
Data32_GSM5155455_GGGCCATCATTAGGCT-1,1,enzalutamide
Data32_GSM5155455_GGGCGTTGTCGAACAG-1,1,enzalutamide
Data32_GSM5155455_GGGCGTTGTTCAAACC-1,1,enzalutamide
Data32_GSM5155455_GGGCGTTTCCATACTT-1,1,enzalutamide
Data32_GSM5155455_GGGCGTTTCTGTGTGA-1,1,enzalutamide
Data32_GSM5155455_GGGCTACAGCGTTGTT-1,1,enzalutamide
Data32_GSM5155455_GGGCTACCACATGACT-1,1,enzalutamide
Data32_GSM5155455_GGGCTACCAGAGGTAC-1,1,enzalutamide
Data32_GSM5155455_GGGCTACGTCAACCAT-1,1,enzalutamide
Data32_GSM5155455_GGGCTACGTTCAATCG-1,1,enzalutamide
Data32_GSM5155455_GGGCTCAAGTTAACAG-1,1,enzalutamide
Data32_GSM5155455_GGGTAGACAAGTCCCG-1,1,enzalutamide
Data32_GSM5155455_GGGTATTTCGATTGGT-1,1,enzalutamide
Data32_GSM5155455_GGGTCACAGACATCAA-1,1,enzalutamide
Data32_GSM5155455_GGGTCACGTCAGTCCG-1,1,enzalutamide
Data32_GSM5155455_GGGTCACGTTGATCGT-1,1,enzalutamide
Data32_GSM5155455_GGGTGAAGTACTCAAC-1,1,enzalutamide
Data32_GSM5155455_GGGTTATAGCACTGGA-1,1,enzalutamide
Data32_GSM5155455_GGGTTATCACAGAGAC-1,1,enzalutamide
Data32_GSM5155455_GGGTTATCATGTCTAG-1,1,enzalutamide
Data32_GSM5155455_GGGTTTAAGCTCGGCT-1,1,enzalutamide
Data32_GSM5155455_GGGTTTAAGTGCAGCA-1,1,enzalutamide
Data32_GSM5155455_GGTAACTAGCACGGAT-1,1,enzalutamide
Data32_GSM5155455_GGTAACTTCGCAAGAG-1,1,enzalutamide
Data32_GSM5155455_GGTAATCAGATTGAGT-1,1,enzalutamide
Data32_GSM5155455_GGTAATCTCTACCTTA-1,1,enzalutamide
Data32_GSM5155455_GGTAGAGAGCTAATGA-1,1,enzalutamide
Data32_GSM5155455_GGTAGAGTCACTAGCA-1,1,enzalutamide
Data32_GSM5155455_GGTAGAGTCATCGTAG-1,1,enzalutamide
Data32_GSM5155455_GGTAGAGTCGGAGATG-1,1,enzalutamide
Data32_GSM5155455_GGTCACGGTGTAAATG-1,1,enzalutamide
Data32_GSM5155455_GGTCACGTCATCCTGC-1,1,enzalutamide
Data32_GSM5155455_GGTCTGGCACCAGCGT-1,1,enzalutamide
Data32_GSM5155455_GGTCTGGCAGTCTTCC-1,1,enzalutamide
Data32_GSM5155455_GGTCTGGGTCTGCGCA-1,1,enzalutamide
Data32_GSM5155455_GGTGAAGAGAGGTATT-1,1,enzalutamide
Data32_GSM5155455_GGTGAAGGTTGCTCAA-1,1,enzalutamide
Data32_GSM5155455_GGTGATTAGGTTACCT-1,1,enzalutamide
Data32_GSM5155455_GGTGGCTAGTTGCTCA-1,1,enzalutamide
Data32_GSM5155455_GGTGGCTCACCTGCAG-1,1,enzalutamide
Data32_GSM5155455_GGTGGCTCATTGAGCT-1,1,enzalutamide
Data32_GSM5155455_GGTGTCGAGCCGGATA-1,1,enzalutamide
Data32_GSM5155455_GGTGTCGCAGCGGATA-1,1,enzalutamide
Data32_GSM5155455_GGTGTCGGTCATCTAG-1,1,enzalutamide
Data32_GSM5155455_GGTGTCGTCCGAACGC-1,1,enzalutamide
Data32_GSM5155455_GGTGTTACACAACGAG-1,1,enzalutamide
Data32_GSM5155455_GGTGTTAGTAGCTTGT-1,1,enzalutamide
Data32_GSM5155455_GGTTAACAGAGCGACT-1,1,enzalutamide
Data32_GSM5155455_GGTTAACCAGCCTTCT-1,1,enzalutamide
Data32_GSM5155455_GGTTAACGTCGTCTCT-1,1,enzalutamide
Data32_GSM5155455_GGTTAACTCACTTGTT-1,1,enzalutamide
Data32_GSM5155455_GGTTAACTCTTACGGA-1,1,enzalutamide
Data32_GSM5155455_GGTTCTCCATTCTGTT-1,1,enzalutamide
Data32_GSM5155455_GGTTGTAAGACCAGAC-1,1,enzalutamide
Data32_GSM5155455_GGTTGTATCACCACAA-1,1,enzalutamide
Data32_GSM5155455_GGTTGTATCTTGTGCC-1,1,enzalutamide
Data32_GSM5155455_GTAACACCAACCCTAA-1,1,enzalutamide
Data32_GSM5155455_GTAACACTCTTCTCAA-1,1,enzalutamide
Data32_GSM5155455_GTAACCACACTCCGAG-1,1,enzalutamide
Data32_GSM5155455_GTAACCAGTCATATGC-1,1,enzalutamide
Data32_GSM5155455_GTAACCATCCGCACTT-1,1,enzalutamide
Data32_GSM5155455_GTAACCATCGGTGTAT-1,1,enzalutamide
Data32_GSM5155455_GTAATCGTCCAGTACA-1,1,enzalutamide
Data32_GSM5155455_GTAATGCAGAGCTGAC-1,1,enzalutamide
Data32_GSM5155455_GTAATGCAGGATTTGA-1,1,enzalutamide
Data32_GSM5155455_GTAATGCTCGTAGGAG-1,1,enzalutamide
Data32_GSM5155455_GTACAACCAACTACGT-1,1,enzalutamide
Data32_GSM5155455_GTACAACGTGGTTTGT-1,1,enzalutamide
Data32_GSM5155455_GTACAACTCGCTTACC-1,1,enzalutamide
Data32_GSM5155455_GTACAGTAGACCACGA-1,1,enzalutamide
Data32_GSM5155455_GTACAGTCAGCGTGAA-1,1,enzalutamide
Data32_GSM5155455_GTACAGTGTGATACCT-1,1,enzalutamide
Data32_GSM5155455_GTAGAAACAACGGCTC-1,1,enzalutamide
Data32_GSM5155455_GTAGAAAGTAAGATCA-1,1,enzalutamide
Data32_GSM5155455_GTAGAAAGTGGGATTG-1,1,enzalutamide
Data32_GSM5155455_GTAGAGGCAGAGTAAT-1,1,enzalutamide
Data32_GSM5155455_GTAGAGGCATATCGGT-1,1,enzalutamide
Data32_GSM5155455_GTAGAGGGTCAAGCGA-1,1,enzalutamide
Data32_GSM5155455_GTAGAGGGTGAGTGAC-1,1,enzalutamide
Data32_GSM5155455_GTAGAGGTCTTCTCAA-1,1,enzalutamide
Data32_GSM5155455_GTAGATCGTCGTCAGC-1,1,enzalutamide
Data32_GSM5155455_GTAGATCTCGAGTGGA-1,1,enzalutamide
Data32_GSM5155455_GTAGCTACAACAAAGT-1,1,enzalutamide
Data32_GSM5155455_GTAGCTACATCTAGAC-1,1,enzalutamide
Data32_GSM5155455_GTAGGTTAGTTAGTGA-1,1,enzalutamide
Data32_GSM5155455_GTAGTACAGGTTGCCC-1,1,enzalutamide
Data32_GSM5155455_GTAGTACGTCGTACAT-1,1,enzalutamide
Data32_GSM5155455_GTAGTACGTGAGCGAT-1,1,enzalutamide
Data32_GSM5155455_GTATTGGAGCTGGAGT-1,1,enzalutamide
Data32_GSM5155455_GTATTGGCAACCGCCA-1,1,enzalutamide
Data32_GSM5155455_GTATTGGGTTTACCAG-1,1,enzalutamide
Data32_GSM5155455_GTATTTCCAGCACAAG-1,1,enzalutamide
Data32_GSM5155455_GTATTTCCATCGATAC-1,1,enzalutamide
Data32_GSM5155455_GTATTTCTCGTTATCT-1,1,enzalutamide
Data32_GSM5155455_GTCAAACAGGCTCACC-1,1,enzalutamide
Data32_GSM5155455_GTCAAACCAACAAGAT-1,1,enzalutamide
Data32_GSM5155455_GTCAAACTCTAAGGAA-1,1,enzalutamide
Data32_GSM5155455_GTCAAGTAGATCACTC-1,1,enzalutamide
Data32_GSM5155455_GTCAAGTCAGTATACC-1,1,enzalutamide
Data32_GSM5155455_GTCACGGAGATTAGCA-1,1,enzalutamide
Data32_GSM5155455_GTCACGGAGGGCAATC-1,1,enzalutamide
Data32_GSM5155455_GTCACGGAGTATGATG-1,1,enzalutamide
Data32_GSM5155455_GTCACGGCAGAGTTGG-1,1,enzalutamide
Data32_GSM5155455_GTCACGGTCCGACGGT-1,1,enzalutamide
Data32_GSM5155455_GTCACTCGTGCGACAA-1,1,enzalutamide
Data32_GSM5155455_GTCACTCTCCTGTTAT-1,1,enzalutamide
Data32_GSM5155455_GTCAGCGAGGGATCGT-1,1,enzalutamide
Data32_GSM5155455_GTCAGCGCACACGCCA-1,1,enzalutamide
Data32_GSM5155455_GTCAGCGGTCGCAACC-1,1,enzalutamide
Data32_GSM5155455_GTCATCCCACCTTCCA-1,1,enzalutamide
Data32_GSM5155455_GTCATCCCACTAACGT-1,1,enzalutamide
Data32_GSM5155455_GTCATCCTCGCATTAG-1,1,enzalutamide
Data32_GSM5155455_GTCATCCTCTAAACGC-1,1,enzalutamide
Data32_GSM5155455_GTCATGACAGATAAAC-1,1,enzalutamide
Data32_GSM5155455_GTCATGATCTGGAGAG-1,1,enzalutamide
Data32_GSM5155455_GTCATTTAGTTCCAGT-1,1,enzalutamide
Data32_GSM5155455_GTCCACTCAGACATCT-1,1,enzalutamide
Data32_GSM5155455_GTCCACTGTACAGTAA-1,1,enzalutamide
Data32_GSM5155455_GTCCACTGTAGCCAGA-1,1,enzalutamide
Data32_GSM5155455_GTCCACTTCTTGAACG-1,1,enzalutamide
Data32_GSM5155455_GTCCCATAGATGTTAG-1,1,enzalutamide
Data32_GSM5155455_GTCCCATTCACCCATC-1,1,enzalutamide
Data32_GSM5155455_GTCCTCAAGATGATTG-1,1,enzalutamide
Data32_GSM5155455_GTCCTCAAGGCCTTCG-1,1,enzalutamide
Data32_GSM5155455_GTCCTCACACTCTAGA-1,1,enzalutamide
Data32_GSM5155455_GTCCTCATCCACGTGG-1,1,enzalutamide
Data32_GSM5155455_GTCCTCATCTGGCCGA-1,1,enzalutamide
Data32_GSM5155455_GTCGAATAGGTGCAGT-1,1,enzalutamide
Data32_GSM5155455_GTCGTTCGTAACACCT-1,1,enzalutamide
Data32_GSM5155455_GTCTAGAAGCGGCTCT-1,1,enzalutamide
Data32_GSM5155455_GTCTAGATCTTTCAGT-1,1,enzalutamide
Data32_GSM5155455_GTCTCACGTGCGGTAA-1,1,enzalutamide
Data32_GSM5155455_GTCTCACTCGTGGGAA-1,1,enzalutamide
Data32_GSM5155455_GTCTGTCCATGGGCAA-1,1,enzalutamide
Data32_GSM5155455_GTCTTTAAGGACAGCT-1,1,enzalutamide
Data32_GSM5155455_GTCTTTAGTCCAGAAG-1,1,enzalutamide
Data32_GSM5155455_GTCTTTAGTCTCAAGT-1,1,enzalutamide
Data32_GSM5155455_GTCTTTATCGATACAC-1,1,enzalutamide
Data32_GSM5155455_GTGACGCAGATGATTG-1,1,enzalutamide
Data32_GSM5155455_GTGAGCCGTTCATCTT-1,1,enzalutamide
Data32_GSM5155455_GTGAGCCTCATAGGCT-1,1,enzalutamide
Data32_GSM5155455_GTGAGGAAGTTGGGAC-1,1,enzalutamide
Data32_GSM5155455_GTGAGGACAGACCTAT-1,1,enzalutamide
Data32_GSM5155455_GTGAGGACAGCTCGGT-1,1,enzalutamide
Data32_GSM5155455_GTGAGGAGTGATGAAT-1,1,enzalutamide
Data32_GSM5155455_GTGAGGAGTTAGGCCC-1,1,enzalutamide
Data32_GSM5155455_GTGAGTTCACGATTCA-1,1,enzalutamide
Data32_GSM5155455_GTGCACGAGGTGCGAT-1,1,enzalutamide
Data32_GSM5155455_GTGCACGAGTGAGGTC-1,1,enzalutamide
Data32_GSM5155455_GTGCAGCGTTCTAACG-1,1,enzalutamide
Data32_GSM5155455_GTGCGTGCAGATCACT-1,1,enzalutamide
Data32_GSM5155455_GTGCGTGGTAGATTAG-1,1,enzalutamide
Data32_GSM5155455_GTGCGTGGTGGCTCTG-1,1,enzalutamide
Data32_GSM5155455_GTGCTGGGTGCATGAG-1,1,enzalutamide
Data32_GSM5155455_GTGCTGGGTGCCTTCT-1,1,enzalutamide
Data32_GSM5155455_GTGCTGGGTGGGTTGA-1,1,enzalutamide
Data32_GSM5155455_GTGCTTCGTGCCGAAA-1,1,enzalutamide
Data32_GSM5155455_GTGCTTCGTTGGGAAC-1,1,enzalutamide
Data32_GSM5155455_GTGGAAGAGTTGAAGT-1,1,enzalutamide
Data32_GSM5155455_GTGGAAGCATGGGAAC-1,1,enzalutamide
Data32_GSM5155455_GTGGAAGTCATTACGG-1,1,enzalutamide
Data32_GSM5155455_GTGGAAGTCTTACCAT-1,1,enzalutamide
Data32_GSM5155455_GTGGAGAAGCTGAGCA-1,1,enzalutamide
Data32_GSM5155455_GTGGAGAAGGTCCCTG-1,1,enzalutamide
Data32_GSM5155455_GTGGAGATCCATTTCA-1,1,enzalutamide
Data32_GSM5155455_GTGGAGATCGCCAATA-1,1,enzalutamide
Data32_GSM5155455_GTGGCGTAGCTTAGTC-1,1,enzalutamide
Data32_GSM5155455_GTGGCGTGTCGTCAGC-1,1,enzalutamide
Data32_GSM5155455_GTGGCGTGTTACACAC-1,1,enzalutamide
Data32_GSM5155455_GTGGGAAAGACCTTTG-1,1,enzalutamide
Data32_GSM5155455_GTGGGAACAGGGATAC-1,1,enzalutamide
Data32_GSM5155455_GTGGGAACATTCCTCG-1,1,enzalutamide
Data32_GSM5155455_GTGGGAATCGACCATA-1,1,enzalutamide
Data32_GSM5155455_GTGGGAATCGAGATAA-1,1,enzalutamide
Data32_GSM5155455_GTGGGAATCGTGCTCT-1,1,enzalutamide
Data32_GSM5155455_GTGGTTAAGAAATTGC-1,1,enzalutamide
Data32_GSM5155455_GTGGTTAGTCCGTACG-1,1,enzalutamide
Data32_GSM5155455_GTGTAACGTTCGGTTA-1,1,enzalutamide
Data32_GSM5155455_GTGTAACTCATTTCCA-1,1,enzalutamide
Data32_GSM5155455_GTGTAACTCGTACCTC-1,1,enzalutamide
Data32_GSM5155455_GTGTGATAGTTTCGAC-1,1,enzalutamide
Data32_GSM5155455_GTGTGATCAATCACGT-1,1,enzalutamide
Data32_GSM5155455_GTGTGATGTAGGCAGT-1,1,enzalutamide
Data32_GSM5155455_GTGTGATGTCAACACT-1,1,enzalutamide
Data32_GSM5155455_GTGTGATGTTCGAAGG-1,1,enzalutamide
Data32_GSM5155455_GTGTGATGTTGCCGCA-1,1,enzalutamide
Data32_GSM5155455_GTGTGGCGTGTGACCC-1,1,enzalutamide
Data32_GSM5155455_GTGTTAGCAGAGGCAT-1,1,enzalutamide
Data32_GSM5155455_GTGTTAGCAGGTAGTG-1,1,enzalutamide
Data32_GSM5155455_GTGTTAGGTATTCCTT-1,1,enzalutamide
Data32_GSM5155455_GTGTTCCAGAGCAGTC-1,1,enzalutamide
Data32_GSM5155455_GTGTTCCGTCGTGGAA-1,1,enzalutamide
Data32_GSM5155455_GTTACAGCATCGTGGC-1,1,enzalutamide
Data32_GSM5155455_GTTACCCAGTAAACTG-1,1,enzalutamide
Data32_GSM5155455_GTTACCCCACTCAGAT-1,1,enzalutamide
Data32_GSM5155455_GTTACCCTCTCTCTAA-1,1,enzalutamide
Data32_GSM5155455_GTTACGAGTTTACGTG-1,1,enzalutamide
Data32_GSM5155455_GTTACGATCGCTAATG-1,1,enzalutamide
Data32_GSM5155455_GTTAGTGCATCGGCCA-1,1,enzalutamide
Data32_GSM5155455_GTTAGTGGTCTTTATC-1,1,enzalutamide
Data32_GSM5155455_GTTATGGTCACTCTTA-1,1,enzalutamide
Data32_GSM5155455_GTTATGGTCCATCTCG-1,1,enzalutamide
Data32_GSM5155455_GTTCATTTCCTATTGT-1,1,enzalutamide
Data32_GSM5155455_GTTCCGTCACACAGCC-1,1,enzalutamide
Data32_GSM5155455_GTTCCGTCATGACAGG-1,1,enzalutamide
Data32_GSM5155455_GTTCCGTTCTGGCCTT-1,1,enzalutamide
Data32_GSM5155455_GTTCGCTAGGTTACCT-1,1,enzalutamide
Data32_GSM5155455_GTTCGCTTCATTCGTT-1,1,enzalutamide
Data32_GSM5155455_GTTCGCTTCCCAAGCG-1,1,enzalutamide
Data32_GSM5155455_GTTGAACAGATGAAGG-1,1,enzalutamide
Data32_GSM5155455_GTTGAACAGCGTTGTT-1,1,enzalutamide
Data32_GSM5155455_GTTGAACCAAACACGG-1,1,enzalutamide
Data32_GSM5155455_GTTGAACCAAGAGGCT-1,1,enzalutamide
Data32_GSM5155455_GTTGAACTCCACGGAC-1,1,enzalutamide
Data32_GSM5155455_GTTGCGGAGCTGTTAC-1,1,enzalutamide
Data32_GSM5155455_GTTGCGGCAGAACTCT-1,1,enzalutamide
Data32_GSM5155455_GTTGCGGTCCAACCGG-1,1,enzalutamide
Data32_GSM5155455_GTTGCTCAGAATTTGG-1,1,enzalutamide
Data32_GSM5155455_GTTGCTCCACCTTCCA-1,1,enzalutamide
Data32_GSM5155455_GTTGCTCGTCCCTGAG-1,1,enzalutamide
Data32_GSM5155455_GTTGCTCTCTGATTCT-1,1,enzalutamide
Data32_GSM5155455_GTTGTAGAGTCGCCAC-1,1,enzalutamide
Data32_GSM5155455_GTTGTAGTCGCTACGG-1,1,enzalutamide
Data32_GSM5155455_GTTGTCCCACGACGTC-1,1,enzalutamide
Data32_GSM5155455_GTTGTCCCATTGACAC-1,1,enzalutamide
Data32_GSM5155455_GTTGTCCGTCAACGCC-1,1,enzalutamide
Data32_GSM5155455_GTTGTGAAGAGACAAG-1,1,enzalutamide
Data32_GSM5155455_GTTGTGATCATGAGAA-1,1,enzalutamide
Data32_GSM5155455_GTTTACTAGCGCTGAA-1,1,enzalutamide
Data32_GSM5155455_GTTTACTCATAATGAG-1,1,enzalutamide
Data32_GSM5155455_GTTTACTGTCCAAAGG-1,1,enzalutamide
Data32_GSM5155455_GTTTGGATCATGAGTC-1,1,enzalutamide
Data32_GSM5155455_TAACACGAGAGGCGGA-1,1,enzalutamide
Data32_GSM5155455_TAACACGGTGACCTGC-1,1,enzalutamide
Data32_GSM5155455_TAACACGTCATACGAC-1,1,enzalutamide
Data32_GSM5155455_TAACACGTCGGCGATC-1,1,enzalutamide
Data32_GSM5155455_TAACCAGAGGTTCTAC-1,1,enzalutamide
Data32_GSM5155455_TAACCAGAGTTGAATG-1,1,enzalutamide
Data32_GSM5155455_TAACCAGGTCCGATCG-1,1,enzalutamide
Data32_GSM5155455_TAACGACCAATTGGTC-1,1,enzalutamide
Data32_GSM5155455_TAACGACTCAGGAACG-1,1,enzalutamide
Data32_GSM5155455_TAACTTCCAGCGGATA-1,1,enzalutamide
Data32_GSM5155455_TAACTTCGTCCAGCAC-1,1,enzalutamide
Data32_GSM5155455_TAACTTCTCCTTTAGT-1,1,enzalutamide
Data32_GSM5155455_TAACTTCTCTTAGCAG-1,1,enzalutamide
Data32_GSM5155455_TAAGCACTCCGCACGA-1,1,enzalutamide
Data32_GSM5155455_TAAGCCACAAGCGAAC-1,1,enzalutamide
Data32_GSM5155455_TAAGCCACAGGCACAA-1,1,enzalutamide
Data32_GSM5155455_TAAGCCACAGTATGAA-1,1,enzalutamide
Data32_GSM5155455_TAAGCCAGTATACGGG-1,1,enzalutamide
Data32_GSM5155455_TAAGCGTTCTCTAGGA-1,1,enzalutamide
Data32_GSM5155455_TAAGTCGCAGTCAGCC-1,1,enzalutamide
Data32_GSM5155455_TAAGTCGGTGTACATC-1,1,enzalutamide
Data32_GSM5155455_TAATCTCCAAGCGATG-1,1,enzalutamide
Data32_GSM5155455_TAATCTCCAGAGACTG-1,1,enzalutamide
Data32_GSM5155455_TAATCTCGTCCCACGA-1,1,enzalutamide
Data32_GSM5155455_TAATCTCGTCTTCAAG-1,1,enzalutamide
Data32_GSM5155455_TAATCTCGTTCGTAAC-1,1,enzalutamide
Data32_GSM5155455_TAATCTCGTTCTAACG-1,1,enzalutamide
Data32_GSM5155455_TAATCTCGTTTCCAAG-1,1,enzalutamide
Data32_GSM5155455_TAATTCCGTACTCGCG-1,1,enzalutamide
Data32_GSM5155455_TAATTCCGTAGTCCTA-1,1,enzalutamide
Data32_GSM5155455_TACAACGCACGACGAA-1,1,enzalutamide
Data32_GSM5155455_TACAACGGTCAATGGG-1,1,enzalutamide
Data32_GSM5155455_TACAACGTCACTGATG-1,1,enzalutamide
Data32_GSM5155455_TACACCCAGAATGTTG-1,1,enzalutamide
Data32_GSM5155455_TACACCCCAAAGGCTG-1,1,enzalutamide
Data32_GSM5155455_TACACCCTCAGCGTCG-1,1,enzalutamide
Data32_GSM5155455_TACACCCTCTTTCCAA-1,1,enzalutamide
Data32_GSM5155455_TACAGGTAGAGACAAG-1,1,enzalutamide
Data32_GSM5155455_TACATTCAGCGAATGC-1,1,enzalutamide
Data32_GSM5155455_TACATTCAGTAACCTC-1,1,enzalutamide
Data32_GSM5155455_TACATTCCACTACCGG-1,1,enzalutamide
Data32_GSM5155455_TACATTCCATCCGGCA-1,1,enzalutamide
Data32_GSM5155455_TACATTCGTTAGGGTG-1,1,enzalutamide
Data32_GSM5155455_TACCCACAGAGAGCAA-1,1,enzalutamide
Data32_GSM5155455_TACCCACTCCTCCACA-1,1,enzalutamide
Data32_GSM5155455_TACCCGTCATAACCCA-1,1,enzalutamide
Data32_GSM5155455_TACCCGTGTCATCCGG-1,1,enzalutamide
Data32_GSM5155455_TACCCGTGTCGCTTAA-1,1,enzalutamide
Data32_GSM5155455_TACCCGTTCGCGCTGA-1,1,enzalutamide
Data32_GSM5155455_TACCGAAAGCTGGCTC-1,1,enzalutamide
Data32_GSM5155455_TACCGAACAAGTCGTT-1,1,enzalutamide
Data32_GSM5155455_TACCGAACATGCGGTC-1,1,enzalutamide
Data32_GSM5155455_TACCGAACATTACTCT-1,1,enzalutamide
Data32_GSM5155455_TACCGGGAGCGTGCTC-1,1,enzalutamide
Data32_GSM5155455_TACCGGGAGGACAAGA-1,1,enzalutamide
Data32_GSM5155455_TACCGGGCAGAAGTTA-1,1,enzalutamide
Data32_GSM5155455_TACCGGGCAGTTAGGG-1,1,enzalutamide
Data32_GSM5155455_TACCGGGGTCTACGTA-1,1,enzalutamide
Data32_GSM5155455_TACCGGGGTGCGTCGT-1,1,enzalutamide
Data32_GSM5155455_TACCTCGGTTAAACAG-1,1,enzalutamide
Data32_GSM5155455_TACCTCGTCGCCACTT-1,1,enzalutamide
Data32_GSM5155455_TACCTCGTCGGTGAAG-1,1,enzalutamide
Data32_GSM5155455_TACCTGCTCCCTCGAT-1,1,enzalutamide
Data32_GSM5155455_TACCTGCTCCTTGACC-1,1,enzalutamide
Data32_GSM5155455_TACGCTCAGCCTGCCA-1,1,enzalutamide
Data32_GSM5155455_TACGCTCGTTAAGGAT-1,1,enzalutamide
Data32_GSM5155455_TACGCTCTCTGTCGCT-1,1,enzalutamide
Data32_GSM5155455_TACGGTACACTACCGG-1,1,enzalutamide
Data32_GSM5155455_TACGTCCCACTCCACT-1,1,enzalutamide
Data32_GSM5155455_TACGTCCGTACGAGTG-1,1,enzalutamide
Data32_GSM5155455_TACTGCCAGACGCATG-1,1,enzalutamide
Data32_GSM5155455_TACTGCCAGTGGTTGG-1,1,enzalutamide
Data32_GSM5155455_TACTGCCTCAATGCAC-1,1,enzalutamide
Data32_GSM5155455_TACTTACAGGCGATAC-1,1,enzalutamide
Data32_GSM5155455_TACTTACTCCGGTAGC-1,1,enzalutamide
Data32_GSM5155455_TACTTACTCCTTGGAA-1,1,enzalutamide
Data32_GSM5155455_TACTTACTCTAAACGC-1,1,enzalutamide
Data32_GSM5155455_TACTTCACAGGAAGTC-1,1,enzalutamide
Data32_GSM5155455_TACTTCAGTCGCGTCA-1,1,enzalutamide
Data32_GSM5155455_TACTTGTGTAAGATCA-1,1,enzalutamide
Data32_GSM5155455_TACTTGTGTGGTCAAG-1,1,enzalutamide
Data32_GSM5155455_TAGACCACAATACCTG-1,1,enzalutamide
Data32_GSM5155455_TAGACTGAGATTCGCT-1,1,enzalutamide
Data32_GSM5155455_TAGACTGCAAGCTCTA-1,1,enzalutamide
Data32_GSM5155455_TAGACTGGTGCGACAA-1,1,enzalutamide
Data32_GSM5155455_TAGACTGGTGTGTGTT-1,1,enzalutamide
Data32_GSM5155455_TAGACTGTCTTCTAAC-1,1,enzalutamide
Data32_GSM5155455_TAGAGTCAGCGGTAAC-1,1,enzalutamide
Data32_GSM5155455_TAGAGTCCAAGATGTA-1,1,enzalutamide
Data32_GSM5155455_TAGAGTCGTGGTCCGT-1,1,enzalutamide
Data32_GSM5155455_TAGATCGGTCCCAAAT-1,1,enzalutamide
Data32_GSM5155455_TAGATCGGTTAGAGAT-1,1,enzalutamide
Data32_GSM5155455_TAGGAGGAGTCACGCC-1,1,enzalutamide
Data32_GSM5155455_TAGGGTTAGGTTCAGG-1,1,enzalutamide
Data32_GSM5155455_TAGGGTTAGTAACCGG-1,1,enzalutamide
Data32_GSM5155455_TAGGGTTGTAGTCACT-1,1,enzalutamide
Data32_GSM5155455_TAGGGTTGTTGTGTAC-1,1,enzalutamide
Data32_GSM5155455_TAGGTTGAGGAATGTT-1,1,enzalutamide
Data32_GSM5155455_TAGGTTGCAAAGACTA-1,1,enzalutamide
Data32_GSM5155455_TAGGTTGCAAATACAG-1,1,enzalutamide
Data32_GSM5155455_TAGTGCAAGTTGTCAC-1,1,enzalutamide
Data32_GSM5155455_TAGTGCACACTACTTT-1,1,enzalutamide
Data32_GSM5155455_TAGTGCATCACCTTGC-1,1,enzalutamide
Data32_GSM5155455_TATACCTTCACCTCTG-1,1,enzalutamide
Data32_GSM5155455_TATATCCAGCACACAG-1,1,enzalutamide
Data32_GSM5155455_TATATCCAGTGATAAC-1,1,enzalutamide
Data32_GSM5155455_TATATCCCATTCTCCG-1,1,enzalutamide
Data32_GSM5155455_TATATCCGTGCAGTGA-1,1,enzalutamide
Data32_GSM5155455_TATATCCTCGATTTCT-1,1,enzalutamide
Data32_GSM5155455_TATATCCTCGTAGTGT-1,1,enzalutamide
Data32_GSM5155455_TATCAGGAGAATGTTG-1,1,enzalutamide
Data32_GSM5155455_TATCAGGAGGTACAAT-1,1,enzalutamide
Data32_GSM5155455_TATCAGGCACGACCTG-1,1,enzalutamide
Data32_GSM5155455_TATCCTAAGGTAATCA-1,1,enzalutamide
Data32_GSM5155455_TATCCTATCACCGCTT-1,1,enzalutamide
Data32_GSM5155455_TATCCTATCCTGTTGC-1,1,enzalutamide
Data32_GSM5155455_TATCGCCAGTCACAGG-1,1,enzalutamide
Data32_GSM5155455_TATCGCCTCGAGATAA-1,1,enzalutamide
Data32_GSM5155455_TATCTGTCAGAGTTCT-1,1,enzalutamide
Data32_GSM5155455_TATCTGTCAGCATGCC-1,1,enzalutamide
Data32_GSM5155455_TATCTGTGTGGTACAG-1,1,enzalutamide
Data32_GSM5155455_TATCTTGAGGACTTCT-1,1,enzalutamide
Data32_GSM5155455_TATCTTGCAAAGCTCT-1,1,enzalutamide
Data32_GSM5155455_TATCTTGTCTCATGGA-1,1,enzalutamide
Data32_GSM5155455_TATGTTCGTAGCGTCC-1,1,enzalutamide
Data32_GSM5155455_TATTCCAGTAGGAGGG-1,1,enzalutamide
Data32_GSM5155455_TATTCCAGTATTCCGA-1,1,enzalutamide
Data32_GSM5155455_TATTCCATCCGAGCTG-1,1,enzalutamide
Data32_GSM5155455_TATTGCTAGGTTAAAC-1,1,enzalutamide
Data32_GSM5155455_TATTGCTTCCGATAAC-1,1,enzalutamide
Data32_GSM5155455_TATTGGGGTCGCACAC-1,1,enzalutamide
Data32_GSM5155455_TATTTCGAGGCATCAG-1,1,enzalutamide
Data32_GSM5155455_TATTTCGCACTGGCGT-1,1,enzalutamide
Data32_GSM5155455_TATTTCGGTCGTGGAA-1,1,enzalutamide
Data32_GSM5155455_TATTTCGTCATTTGCT-1,1,enzalutamide
Data32_GSM5155455_TATTTCGTCCAAGCAT-1,1,enzalutamide
Data32_GSM5155455_TCAAGACGTGAGATCG-1,1,enzalutamide
Data32_GSM5155455_TCAAGACTCGCTTGAA-1,1,enzalutamide
Data32_GSM5155455_TCAAGCATCGCCTTGT-1,1,enzalutamide
Data32_GSM5155455_TCAAGTGCATCTTTCA-1,1,enzalutamide
Data32_GSM5155455_TCAAGTGGTTATTCCT-1,1,enzalutamide
Data32_GSM5155455_TCAATCTAGCCTGAAG-1,1,enzalutamide
Data32_GSM5155455_TCAATTCCAAATGAAC-1,1,enzalutamide
Data32_GSM5155455_TCAATTCCAGCTTTCC-1,1,enzalutamide
Data32_GSM5155455_TCACAAGCAAGACTGG-1,1,enzalutamide
Data32_GSM5155455_TCACACCAGTTTCTTC-1,1,enzalutamide
Data32_GSM5155455_TCACACCTCTCTCCGA-1,1,enzalutamide
Data32_GSM5155455_TCACATTCACAAACGG-1,1,enzalutamide
Data32_GSM5155455_TCACATTGTACTGCCG-1,1,enzalutamide
Data32_GSM5155455_TCACGCTAGGGTCACA-1,1,enzalutamide
Data32_GSM5155455_TCACGCTCACGAAGAC-1,1,enzalutamide
Data32_GSM5155455_TCACGGGGTGCACAAG-1,1,enzalutamide
Data32_GSM5155455_TCACTATAGCCAACCC-1,1,enzalutamide
Data32_GSM5155455_TCACTATCACATTACG-1,1,enzalutamide
Data32_GSM5155455_TCACTATCAGTAGAAT-1,1,enzalutamide
Data32_GSM5155455_TCACTATTCTCCCTAG-1,1,enzalutamide
Data32_GSM5155455_TCACTCGCAACACACT-1,1,enzalutamide
Data32_GSM5155455_TCACTCGTCGTGCAGC-1,1,enzalutamide
Data32_GSM5155455_TCAGCAACACCGGTCA-1,1,enzalutamide
Data32_GSM5155455_TCAGCAACACTGGACC-1,1,enzalutamide
Data32_GSM5155455_TCAGCCTAGGAGGCAG-1,1,enzalutamide
Data32_GSM5155455_TCAGCCTCAAAGCAAT-1,1,enzalutamide
Data32_GSM5155455_TCAGGGCAGCGCAATG-1,1,enzalutamide
Data32_GSM5155455_TCAGGGCCATCGTGCG-1,1,enzalutamide
Data32_GSM5155455_TCAGGGCGTGCCCACA-1,1,enzalutamide
Data32_GSM5155455_TCAGGGCTCCGAAATC-1,1,enzalutamide
Data32_GSM5155455_TCAGGTACAAACGGCA-1,1,enzalutamide
Data32_GSM5155455_TCAGTCCCAACCAGAG-1,1,enzalutamide
Data32_GSM5155455_TCAGTCCGTTAGAGAT-1,1,enzalutamide
Data32_GSM5155455_TCAGTCCTCGGACTTA-1,1,enzalutamide
Data32_GSM5155455_TCAGTCCTCTGCCTCA-1,1,enzalutamide
Data32_GSM5155455_TCAGTGATCTTGGGCG-1,1,enzalutamide
Data32_GSM5155455_TCAGTTTAGCGCTGCT-1,1,enzalutamide
Data32_GSM5155455_TCATACTAGGAGGCAG-1,1,enzalutamide
Data32_GSM5155455_TCATACTTCTCTGAGA-1,1,enzalutamide
Data32_GSM5155455_TCATATCGTGGCGTAA-1,1,enzalutamide
Data32_GSM5155455_TCATATCGTTGTGGCC-1,1,enzalutamide
Data32_GSM5155455_TCATATCTCAAGCGTT-1,1,enzalutamide
Data32_GSM5155455_TCATATCTCCGTAATG-1,1,enzalutamide
Data32_GSM5155455_TCATCATAGAGACAAG-1,1,enzalutamide
Data32_GSM5155455_TCATCATCAGTCTACA-1,1,enzalutamide
Data32_GSM5155455_TCATCATGTGGACTAG-1,1,enzalutamide
Data32_GSM5155455_TCATCATTCAAGGACG-1,1,enzalutamide
Data32_GSM5155455_TCATCCGCAACACACT-1,1,enzalutamide
Data32_GSM5155455_TCATGAGAGCCTGTCG-1,1,enzalutamide
Data32_GSM5155455_TCATGAGAGGAGACCT-1,1,enzalutamide
Data32_GSM5155455_TCATGAGCATGGATCT-1,1,enzalutamide
Data32_GSM5155455_TCATGCCTCTCACTCG-1,1,enzalutamide
Data32_GSM5155455_TCATGCCTCTCGCGTT-1,1,enzalutamide
Data32_GSM5155455_TCATGGACAACTTGGT-1,1,enzalutamide
Data32_GSM5155455_TCATGGATCCTCATAT-1,1,enzalutamide
Data32_GSM5155455_TCATGTTGTGCCTTTC-1,1,enzalutamide
Data32_GSM5155455_TCATGTTGTTGCGAAG-1,1,enzalutamide
Data32_GSM5155455_TCATTACAGCGCCTCA-1,1,enzalutamide
Data32_GSM5155455_TCATTACCACTAACCA-1,1,enzalutamide
Data32_GSM5155455_TCATTACGTTTCCCAC-1,1,enzalutamide
Data32_GSM5155455_TCATTCACACTCCTGT-1,1,enzalutamide
Data32_GSM5155455_TCATTTGAGAGATGCC-1,1,enzalutamide
Data32_GSM5155455_TCATTTGCAACAGATA-1,1,enzalutamide
Data32_GSM5155455_TCATTTGTCTGCGGCA-1,1,enzalutamide
Data32_GSM5155455_TCCACCAAGAACCCGA-1,1,enzalutamide
Data32_GSM5155455_TCCACCAAGAGAGCCT-1,1,enzalutamide
Data32_GSM5155455_TCCACCATCTAGCCAA-1,1,enzalutamide
Data32_GSM5155455_TCCACGTAGATCCCGC-1,1,enzalutamide
Data32_GSM5155455_TCCACGTAGCAACTCT-1,1,enzalutamide
Data32_GSM5155455_TCCACGTAGGTGCGAT-1,1,enzalutamide
Data32_GSM5155455_TCCACGTTCCTAGCGG-1,1,enzalutamide
Data32_GSM5155455_TCCAGAAAGACAGCGT-1,1,enzalutamide
Data32_GSM5155455_TCCAGAACACAGCGCT-1,1,enzalutamide
Data32_GSM5155455_TCCAGAACACCATAAC-1,1,enzalutamide
Data32_GSM5155455_TCCAGAACACGAAAGC-1,1,enzalutamide
Data32_GSM5155455_TCCATCGAGCCTATCA-1,1,enzalutamide
Data32_GSM5155455_TCCATCGCAAGGCCTC-1,1,enzalutamide
Data32_GSM5155455_TCCATCGCATAACCCA-1,1,enzalutamide
Data32_GSM5155455_TCCATGCAGATAACGT-1,1,enzalutamide
Data32_GSM5155455_TCCCACACATCATCCC-1,1,enzalutamide
Data32_GSM5155455_TCCCACAGTGGAACAC-1,1,enzalutamide
Data32_GSM5155455_TCCCATGGTTAATCGC-1,1,enzalutamide
Data32_GSM5155455_TCCCATGTCCCTAGGG-1,1,enzalutamide
Data32_GSM5155455_TCCGAAAGTACTTCCC-1,1,enzalutamide
Data32_GSM5155455_TCCGATCGTTAAGTCC-1,1,enzalutamide
Data32_GSM5155455_TCCGATCTCGTGTTCC-1,1,enzalutamide
Data32_GSM5155455_TCCGGGAAGGCCACCT-1,1,enzalutamide
Data32_GSM5155455_TCCGGGAAGTCCCGGT-1,1,enzalutamide
Data32_GSM5155455_TCCGGGACATGGACAG-1,1,enzalutamide
Data32_GSM5155455_TCCGTGTCACACGCCA-1,1,enzalutamide
Data32_GSM5155455_TCCGTGTCATCAGCTA-1,1,enzalutamide
Data32_GSM5155455_TCCGTGTGTCAATGGG-1,1,enzalutamide
Data32_GSM5155455_TCCGTGTGTTCTTGTT-1,1,enzalutamide
Data32_GSM5155455_TCCTAATAGTCTGTAC-1,1,enzalutamide
Data32_GSM5155455_TCCTAATGTGCCCGTA-1,1,enzalutamide
Data32_GSM5155455_TCCTCCCAGCCATCCG-1,1,enzalutamide
Data32_GSM5155455_TCCTCCCCATGGGTCC-1,1,enzalutamide
Data32_GSM5155455_TCCTCCCGTCGGAAAC-1,1,enzalutamide
Data32_GSM5155455_TCCTCCCTCAGCTTCC-1,1,enzalutamide
Data32_GSM5155455_TCCTCGACAACAGCCC-1,1,enzalutamide
Data32_GSM5155455_TCCTCGAGTTCGGTAT-1,1,enzalutamide
Data32_GSM5155455_TCCTCGATCCCTTGTG-1,1,enzalutamide
Data32_GSM5155455_TCCTCGATCCGCGGAT-1,1,enzalutamide
Data32_GSM5155455_TCCTCGATCCGGGACT-1,1,enzalutamide
Data32_GSM5155455_TCCTTCTAGTGGTTCT-1,1,enzalutamide
Data32_GSM5155455_TCCTTCTTCCGGCAGT-1,1,enzalutamide
Data32_GSM5155455_TCCTTTCAGAACGCGT-1,1,enzalutamide
Data32_GSM5155455_TCCTTTCAGCGGTAGT-1,1,enzalutamide
Data32_GSM5155455_TCCTTTCGTAGATGTA-1,1,enzalutamide
Data32_GSM5155455_TCCTTTCGTTAGAAGT-1,1,enzalutamide
Data32_GSM5155455_TCGAACAAGATGGCAC-1,1,enzalutamide
Data32_GSM5155455_TCGAACATCGTTCGCT-1,1,enzalutamide
Data32_GSM5155455_TCGACCTCAACCTAAC-1,1,enzalutamide
Data32_GSM5155455_TCGACCTCACTGTGAT-1,1,enzalutamide
Data32_GSM5155455_TCGACCTCAGTCAGAG-1,1,enzalutamide
Data32_GSM5155455_TCGACCTTCAAACTGC-1,1,enzalutamide
Data32_GSM5155455_TCGACGGGTTCCTAGA-1,1,enzalutamide
Data32_GSM5155455_TCGATTTAGTGCACCC-1,1,enzalutamide
Data32_GSM5155455_TCGATTTCACCACTGG-1,1,enzalutamide
Data32_GSM5155455_TCGATTTCACCCTTAC-1,1,enzalutamide
Data32_GSM5155455_TCGATTTGTGCTCTCT-1,1,enzalutamide
Data32_GSM5155455_TCGATTTTCATCGACA-1,1,enzalutamide
Data32_GSM5155455_TCGCACTCAGAGGAAA-1,1,enzalutamide
Data32_GSM5155455_TCGCACTGTCCACGCA-1,1,enzalutamide
Data32_GSM5155455_TCGCACTGTGCCGAAA-1,1,enzalutamide
Data32_GSM5155455_TCGCACTTCTCCACTG-1,1,enzalutamide
Data32_GSM5155455_TCGCAGGCAAACACCT-1,1,enzalutamide
Data32_GSM5155455_TCGCAGGTCAGTAGGG-1,1,enzalutamide
Data32_GSM5155455_TCGCTCACAGATGCGA-1,1,enzalutamide
Data32_GSM5155455_TCGCTCACATGGTGGA-1,1,enzalutamide
Data32_GSM5155455_TCGCTCATCATTGCGA-1,1,enzalutamide
Data32_GSM5155455_TCGCTCATCGGCATCG-1,1,enzalutamide
Data32_GSM5155455_TCGCTTGCAGACTCTA-1,1,enzalutamide
Data32_GSM5155455_TCGCTTGGTGGGCTTC-1,1,enzalutamide
Data32_GSM5155455_TCGGATACAAATAGCA-1,1,enzalutamide
Data32_GSM5155455_TCGGATACAAGGCGTA-1,1,enzalutamide
Data32_GSM5155455_TCGGATAGTCGGTGTC-1,1,enzalutamide
Data32_GSM5155455_TCGGGCAAGCAGTACG-1,1,enzalutamide
Data32_GSM5155455_TCGGGTGAGAGCTGCA-1,1,enzalutamide
Data32_GSM5155455_TCGGGTGAGGTAGGCT-1,1,enzalutamide
Data32_GSM5155455_TCGGGTGCATCCGAGC-1,1,enzalutamide
Data32_GSM5155455_TCGGTCTTCCGCAACG-1,1,enzalutamide
Data32_GSM5155455_TCGTAGACAGTATGAA-1,1,enzalutamide
Data32_GSM5155455_TCGTAGAGTTGGAGGT-1,1,enzalutamide
Data32_GSM5155455_TCGTAGATCTGCGGGT-1,1,enzalutamide
Data32_GSM5155455_TCGTCCAAGAGCAGAA-1,1,enzalutamide
Data32_GSM5155455_TCGTCCAGTGTCCAAT-1,1,enzalutamide
Data32_GSM5155455_TCGTCCATCCGGTAGC-1,1,enzalutamide
Data32_GSM5155455_TCTACATCAGAAGCGT-1,1,enzalutamide
Data32_GSM5155455_TCTACCGCATTCAGGT-1,1,enzalutamide
Data32_GSM5155455_TCTACCGGTAGTTACC-1,1,enzalutamide
Data32_GSM5155455_TCTATACAGGAAAGGT-1,1,enzalutamide
Data32_GSM5155455_TCTATACAGTTAGTAG-1,1,enzalutamide
Data32_GSM5155455_TCTATACGTACCGGCT-1,1,enzalutamide
Data32_GSM5155455_TCTATACGTTCGGGTC-1,1,enzalutamide
Data32_GSM5155455_TCTATCACATGGAAGC-1,1,enzalutamide
Data32_GSM5155455_TCTATCATCGAGTGAG-1,1,enzalutamide
Data32_GSM5155455_TCTATCATCGTAGGGA-1,1,enzalutamide
Data32_GSM5155455_TCTCACGCAGAGGCTA-1,1,enzalutamide
Data32_GSM5155455_TCTCAGCCAGACGCTC-1,1,enzalutamide
Data32_GSM5155455_TCTCAGCCATGAATAG-1,1,enzalutamide
Data32_GSM5155455_TCTCAGCGTTCAACGT-1,1,enzalutamide
Data32_GSM5155455_TCTCTGGTCACGATCA-1,1,enzalutamide
Data32_GSM5155455_TCTGCCACATCCTAAG-1,1,enzalutamide
Data32_GSM5155455_TCTGGCTAGCCAAGCA-1,1,enzalutamide
Data32_GSM5155455_TCTGGCTTCCCGAGTG-1,1,enzalutamide
Data32_GSM5155455_TCTGTCGAGACTACCT-1,1,enzalutamide
Data32_GSM5155455_TCTGTCGCACCGGCTA-1,1,enzalutamide
Data32_GSM5155455_TCTGTCGGTAGTTAGA-1,1,enzalutamide
Data32_GSM5155455_TCTTAGTAGCATGTTC-1,1,enzalutamide
Data32_GSM5155455_TCTTAGTTCAACACGT-1,1,enzalutamide
Data32_GSM5155455_TCTTAGTTCGGATAAA-1,1,enzalutamide
Data32_GSM5155455_TCTTCCTGTATAGGGC-1,1,enzalutamide
Data32_GSM5155455_TCTTGCGAGTATCCTG-1,1,enzalutamide
Data32_GSM5155455_TCTTGCGCAGAGGCTA-1,1,enzalutamide
Data32_GSM5155455_TGAACGTAGCACCGAA-1,1,enzalutamide
Data32_GSM5155455_TGAACGTCACCAATTG-1,1,enzalutamide
Data32_GSM5155455_TGAATCGTCAAGGTGG-1,1,enzalutamide
Data32_GSM5155455_TGAATCGTCACAAGAA-1,1,enzalutamide
Data32_GSM5155455_TGAATCGTCGGCCAAC-1,1,enzalutamide
Data32_GSM5155455_TGAATCGTCGTGGGTC-1,1,enzalutamide
Data32_GSM5155455_TGAATGCCAATCGAAA-1,1,enzalutamide
Data32_GSM5155455_TGAATGCTCTCTCAAT-1,1,enzalutamide
Data32_GSM5155455_TGACAGTAGTCGAAGC-1,1,enzalutamide
Data32_GSM5155455_TGACCCTGTGAGTGAC-1,1,enzalutamide
Data32_GSM5155455_TGACGCGCACACGTGC-1,1,enzalutamide
Data32_GSM5155455_TGACGCGGTGCCGAAA-1,1,enzalutamide
Data32_GSM5155455_TGACGCGTCCACATAG-1,1,enzalutamide
Data32_GSM5155455_TGACTCCAGATGCTGG-1,1,enzalutamide
Data32_GSM5155455_TGAGACTCAGGCATGA-1,1,enzalutamide
Data32_GSM5155455_TGAGACTCATCGCTGG-1,1,enzalutamide
Data32_GSM5155455_TGAGACTTCACTCTTA-1,1,enzalutamide
Data32_GSM5155455_TGAGCATCACGCGCAT-1,1,enzalutamide
Data32_GSM5155455_TGAGCATCATCCTTGC-1,1,enzalutamide
Data32_GSM5155455_TGAGCATTCGCCGAGT-1,1,enzalutamide
Data32_GSM5155455_TGAGCGCAGAGCCTGA-1,1,enzalutamide
Data32_GSM5155455_TGAGCGCCACTGTCCT-1,1,enzalutamide
Data32_GSM5155455_TGAGCGCGTAGGTAGC-1,1,enzalutamide
Data32_GSM5155455_TGAGGAGAGAAGCTCG-1,1,enzalutamide
Data32_GSM5155455_TGAGGAGCATCCTAAG-1,1,enzalutamide
Data32_GSM5155455_TGAGGAGTCGGTAAGG-1,1,enzalutamide
Data32_GSM5155455_TGAGGGAGTCTCACAA-1,1,enzalutamide
Data32_GSM5155455_TGAGGGATCCTCTTTC-1,1,enzalutamide
Data32_GSM5155455_TGAGTCAAGAGGCTGT-1,1,enzalutamide
Data32_GSM5155455_TGAGTCAAGTTTCGAC-1,1,enzalutamide
Data32_GSM5155455_TGAGTCACAGCGACCT-1,1,enzalutamide
Data32_GSM5155455_TGAGTCAGTGCTTCAA-1,1,enzalutamide
Data32_GSM5155455_TGATCAGAGCAAGCCA-1,1,enzalutamide
Data32_GSM5155455_TGATCAGAGCTGAAAT-1,1,enzalutamide
Data32_GSM5155455_TGATCAGCATACATCG-1,1,enzalutamide
Data32_GSM5155455_TGATCAGTCCAAGAGG-1,1,enzalutamide
Data32_GSM5155455_TGATCTTAGGATTTGA-1,1,enzalutamide
Data32_GSM5155455_TGATCTTCACTCATAG-1,1,enzalutamide
Data32_GSM5155455_TGATCTTCACTTGAAC-1,1,enzalutamide
Data32_GSM5155455_TGATGCAAGCGTACAG-1,1,enzalutamide
Data32_GSM5155455_TGATGCAAGGGCAATC-1,1,enzalutamide
Data32_GSM5155455_TGATGGTCACCACTGG-1,1,enzalutamide
Data32_GSM5155455_TGATTCTCATTGGCAT-1,1,enzalutamide
Data32_GSM5155455_TGATTCTGTGGTCCGT-1,1,enzalutamide
Data32_GSM5155455_TGATTCTTCCTACCAC-1,1,enzalutamide
Data32_GSM5155455_TGATTTCGTGGTCTGC-1,1,enzalutamide
Data32_GSM5155455_TGCACGGAGTGTACAA-1,1,enzalutamide
Data32_GSM5155455_TGCACGGCAGTTTGGT-1,1,enzalutamide
Data32_GSM5155455_TGCACGGTCCATTTAC-1,1,enzalutamide
Data32_GSM5155455_TGCACGGTCCTTACCG-1,1,enzalutamide
Data32_GSM5155455_TGCAGATGTTAGGGAC-1,1,enzalutamide
Data32_GSM5155455_TGCAGATTCCTCTTTC-1,1,enzalutamide
Data32_GSM5155455_TGCAGGCAGGCAATGC-1,1,enzalutamide
Data32_GSM5155455_TGCAGGCGTCGTTGCG-1,1,enzalutamide
Data32_GSM5155455_TGCAGGCTCTCAACCC-1,1,enzalutamide
Data32_GSM5155455_TGCAGTACACGGTGTC-1,1,enzalutamide
Data32_GSM5155455_TGCAGTATCTTCGTAT-1,1,enzalutamide
Data32_GSM5155455_TGCATCCAGGCTGTAG-1,1,enzalutamide
Data32_GSM5155455_TGCCGAGCAAACAGGC-1,1,enzalutamide
Data32_GSM5155455_TGCGACGAGACTCTTG-1,1,enzalutamide
Data32_GSM5155455_TGCGACGAGTAGGGTC-1,1,enzalutamide
Data32_GSM5155455_TGCGACGCAGCTACAT-1,1,enzalutamide
Data32_GSM5155455_TGCGACGGTGTGTGTT-1,1,enzalutamide
Data32_GSM5155455_TGCGACGTCACATCAG-1,1,enzalutamide
Data32_GSM5155455_TGCGACGTCTACGGGC-1,1,enzalutamide
Data32_GSM5155455_TGCGATAGTTGGCCGT-1,1,enzalutamide
Data32_GSM5155455_TGCGATATCACGGACC-1,1,enzalutamide
Data32_GSM5155455_TGCGGCACAATGCAGG-1,1,enzalutamide
Data32_GSM5155455_TGCGGCACACGCGTGT-1,1,enzalutamide
Data32_GSM5155455_TGCGGCAGTAGGAGGG-1,1,enzalutamide
Data32_GSM5155455_TGCGGCATCAGAACCT-1,1,enzalutamide
Data32_GSM5155455_TGCGGGTCAAAGGCGT-1,1,enzalutamide
Data32_GSM5155455_TGCTCCAGTCGGAACA-1,1,enzalutamide
Data32_GSM5155455_TGCTCGTCAAATGAGT-1,1,enzalutamide
Data32_GSM5155455_TGCTGAACAAAGCTCT-1,1,enzalutamide
Data32_GSM5155455_TGCTGAACAAGTAGTA-1,1,enzalutamide
Data32_GSM5155455_TGCTGAACATTAAAGG-1,1,enzalutamide
Data32_GSM5155455_TGCTGAATCTCAGAAC-1,1,enzalutamide
Data32_GSM5155455_TGCTTGCGTAGCACAG-1,1,enzalutamide
Data32_GSM5155455_TGCTTGCGTCGCCTAG-1,1,enzalutamide
Data32_GSM5155455_TGGAACTTCGGCGATC-1,1,enzalutamide
Data32_GSM5155455_TGGAGAGAGGCGTTAG-1,1,enzalutamide
Data32_GSM5155455_TGGAGAGAGGCTCAAG-1,1,enzalutamide
Data32_GSM5155455_TGGAGAGTCATAGAGA-1,1,enzalutamide
Data32_GSM5155455_TGGAGAGTCGATTGGT-1,1,enzalutamide
Data32_GSM5155455_TGGATCAGTAGAGACC-1,1,enzalutamide
Data32_GSM5155455_TGGATCATCTATGTGG-1,1,enzalutamide
Data32_GSM5155455_TGGATCATCTGACGCG-1,1,enzalutamide
Data32_GSM5155455_TGGATCATCTTCTCAA-1,1,enzalutamide
Data32_GSM5155455_TGGATGTAGGCAGGGA-1,1,enzalutamide
Data32_GSM5155455_TGGATGTCAAGCGCTC-1,1,enzalutamide
Data32_GSM5155455_TGGATGTCATCCCGTT-1,1,enzalutamide
Data32_GSM5155455_TGGATGTGTAGGCTCC-1,1,enzalutamide
Data32_GSM5155455_TGGATGTGTGCGAACA-1,1,enzalutamide
Data32_GSM5155455_TGGATGTTCTCACTCG-1,1,enzalutamide
Data32_GSM5155455_TGGCGTGAGGGTGGGA-1,1,enzalutamide
Data32_GSM5155455_TGGCGTGGTGTCTTCC-1,1,enzalutamide
Data32_GSM5155455_TGGCGTGTCTCCGAAA-1,1,enzalutamide
Data32_GSM5155455_TGGGAAGCAGCATGCC-1,1,enzalutamide
Data32_GSM5155455_TGGGAAGTCTCAACGA-1,1,enzalutamide
Data32_GSM5155455_TGGGAGACACAAGTTC-1,1,enzalutamide
Data32_GSM5155455_TGGGAGACATAGGTAA-1,1,enzalutamide
Data32_GSM5155455_TGGGAGATCCTCTAGC-1,1,enzalutamide
Data32_GSM5155455_TGGGAGATCTGCATGA-1,1,enzalutamide
Data32_GSM5155455_TGGGATTAGATCGACG-1,1,enzalutamide
Data32_GSM5155455_TGGGCGTAGTCCCAAT-1,1,enzalutamide
Data32_GSM5155455_TGGGCGTGTGCCTTCT-1,1,enzalutamide
Data32_GSM5155455_TGGGCGTTCTCTGGTC-1,1,enzalutamide
Data32_GSM5155455_TGGGCTGAGGGATCTG-1,1,enzalutamide
Data32_GSM5155455_TGGGCTGCACAGTGTT-1,1,enzalutamide
Data32_GSM5155455_TGGGCTGTCTTCTAAC-1,1,enzalutamide
Data32_GSM5155455_TGGGTTATCTGTCGTC-1,1,enzalutamide
Data32_GSM5155455_TGGTACAAGGACTAAT-1,1,enzalutamide
Data32_GSM5155455_TGGTACAAGTTGGCGA-1,1,enzalutamide
Data32_GSM5155455_TGGTACACAGGCGTTC-1,1,enzalutamide
Data32_GSM5155455_TGGTACACATCCGGCA-1,1,enzalutamide
Data32_GSM5155455_TGGTACAGTATGTCCA-1,1,enzalutamide
Data32_GSM5155455_TGGTACATCGGCGATC-1,1,enzalutamide
Data32_GSM5155455_TGGTACATCGTTCTCG-1,1,enzalutamide
Data32_GSM5155455_TGGTACATCTGCATGA-1,1,enzalutamide
Data32_GSM5155455_TGGTAGTAGAGAGGGC-1,1,enzalutamide
Data32_GSM5155455_TGGTAGTAGTTGGACG-1,1,enzalutamide
Data32_GSM5155455_TGGTGATTCCGTCAAA-1,1,enzalutamide
Data32_GSM5155455_TGGTGATTCCGTGTCT-1,1,enzalutamide
Data32_GSM5155455_TGGTTAGAGATGAATC-1,1,enzalutamide
Data32_GSM5155455_TGTAACGAGAAGCCAC-1,1,enzalutamide
Data32_GSM5155455_TGTAACGAGACAGCGT-1,1,enzalutamide
Data32_GSM5155455_TGTAACGCACCATATG-1,1,enzalutamide
Data32_GSM5155455_TGTAACGCAGGAATAT-1,1,enzalutamide
Data32_GSM5155455_TGTAACGGTTCTGACA-1,1,enzalutamide
Data32_GSM5155455_TGTAAGCCAGGCACTC-1,1,enzalutamide
Data32_GSM5155455_TGTAAGCGTCTACGAT-1,1,enzalutamide
Data32_GSM5155455_TGTAAGCTCGTCAGAT-1,1,enzalutamide
Data32_GSM5155455_TGTACAGAGGGATCTG-1,1,enzalutamide
Data32_GSM5155455_TGTACAGCATTGGGAG-1,1,enzalutamide
Data32_GSM5155455_TGTACAGGTGTGTCCG-1,1,enzalutamide
Data32_GSM5155455_TGTACAGTCCGCCTAT-1,1,enzalutamide
Data32_GSM5155455_TGTAGACCACAAGTTC-1,1,enzalutamide
Data32_GSM5155455_TGTAGACCACTACCGG-1,1,enzalutamide
Data32_GSM5155455_TGTAGACCAGTCTCTC-1,1,enzalutamide
Data32_GSM5155455_TGTAGACCAGTGACCC-1,1,enzalutamide
Data32_GSM5155455_TGTCAGACAGCGTACC-1,1,enzalutamide
Data32_GSM5155455_TGTCAGACATGCGTGC-1,1,enzalutamide
Data32_GSM5155455_TGTCAGAGTCTACGTA-1,1,enzalutamide
Data32_GSM5155455_TGTCAGATCACCTCTG-1,1,enzalutamide
Data32_GSM5155455_TGTCAGATCTCGTTTA-1,1,enzalutamide
Data32_GSM5155455_TGTCCACCAATTGCAC-1,1,enzalutamide
Data32_GSM5155455_TGTCCACTCATAGAGA-1,1,enzalutamide
Data32_GSM5155455_TGTCCCAAGTAGCTCT-1,1,enzalutamide
Data32_GSM5155455_TGTCCCAGTCCTCAGG-1,1,enzalutamide
Data32_GSM5155455_TGTCCCATCTGGAAGG-1,1,enzalutamide
Data32_GSM5155455_TGTGAGTAGTCATACC-1,1,enzalutamide
Data32_GSM5155455_TGTGAGTCACATTCTT-1,1,enzalutamide
Data32_GSM5155455_TGTGAGTCACTACACA-1,1,enzalutamide
Data32_GSM5155455_TGTGAGTGTCCTTAAG-1,1,enzalutamide
Data32_GSM5155455_TGTGCGGTCACTGGTA-1,1,enzalutamide
Data32_GSM5155455_TGTGGCGCACCTGCGA-1,1,enzalutamide
Data32_GSM5155455_TGTGGCGTCCTAAGTG-1,1,enzalutamide
Data32_GSM5155455_TGTGTGACAACCAATC-1,1,enzalutamide
Data32_GSM5155455_TGTGTGATCGCCAATA-1,1,enzalutamide
Data32_GSM5155455_TGTTACTCAGAGCGTA-1,1,enzalutamide
Data32_GSM5155455_TGTTACTTCGCTTACC-1,1,enzalutamide
Data32_GSM5155455_TGTTCATAGGAATGTT-1,1,enzalutamide
Data32_GSM5155455_TGTTCATTCATTCTTG-1,1,enzalutamide
Data32_GSM5155455_TGTTCCGAGAACAGGA-1,1,enzalutamide
Data32_GSM5155455_TGTTCCGCAAGAGGCT-1,1,enzalutamide
Data32_GSM5155455_TGTTGAGAGTATTCCG-1,1,enzalutamide
Data32_GSM5155455_TGTTGGACACACTGGC-1,1,enzalutamide
Data32_GSM5155455_TGTTGGACACTTGTGA-1,1,enzalutamide
Data32_GSM5155455_TGTTGGACATTCCTCG-1,1,enzalutamide
Data32_GSM5155455_TGTTGGAGTCCAGGTC-1,1,enzalutamide
Data32_GSM5155455_TGTTGGATCAAACGTC-1,1,enzalutamide
Data32_GSM5155455_TGTTGGATCTATCGGA-1,1,enzalutamide
Data32_GSM5155455_TTAATCCAGCCTGCCA-1,1,enzalutamide
Data32_GSM5155455_TTAATCCAGTCAACAA-1,1,enzalutamide
Data32_GSM5155455_TTAATCCCACGCAAAG-1,1,enzalutamide
Data32_GSM5155455_TTAATCCGTTACGATC-1,1,enzalutamide
Data32_GSM5155455_TTAATCCTCTACACTT-1,1,enzalutamide
Data32_GSM5155455_TTAATCCTCTTGTGCC-1,1,enzalutamide
Data32_GSM5155455_TTACAGGGTGCACGCT-1,1,enzalutamide
Data32_GSM5155455_TTACAGGGTGGAAATT-1,1,enzalutamide
Data32_GSM5155455_TTACCATTCCCGTTCA-1,1,enzalutamide
Data32_GSM5155455_TTACCGCAGCAGGTCA-1,1,enzalutamide
Data32_GSM5155455_TTACCGCAGCATTTGC-1,1,enzalutamide
Data32_GSM5155455_TTACCGCGTGTTTCTT-1,1,enzalutamide
Data32_GSM5155455_TTACCGCTCCGTACGG-1,1,enzalutamide
Data32_GSM5155455_TTACCGCTCGCGCTGA-1,1,enzalutamide
Data32_GSM5155455_TTACGCCTCCGACAGC-1,1,enzalutamide
Data32_GSM5155455_TTACGCCTCCGAGGCT-1,1,enzalutamide
Data32_GSM5155455_TTACGTTTCTACACAG-1,1,enzalutamide
Data32_GSM5155455_TTACTGTTCGAAGCCC-1,1,enzalutamide
Data32_GSM5155455_TTAGGCACATTCACAG-1,1,enzalutamide
Data32_GSM5155455_TTAGGGTTCCTTCACG-1,1,enzalutamide
Data32_GSM5155455_TTAGTCTTCGCTATTT-1,1,enzalutamide
Data32_GSM5155455_TTATTGCCAGTTGAAA-1,1,enzalutamide
Data32_GSM5155455_TTATTGCTCTTCCCGA-1,1,enzalutamide
Data32_GSM5155455_TTCAATCCACCAAAGG-1,1,enzalutamide
Data32_GSM5155455_TTCAATCCATCGCTCT-1,1,enzalutamide
Data32_GSM5155455_TTCACCGGTCACGACC-1,1,enzalutamide
Data32_GSM5155455_TTCACCGTCGATCCAA-1,1,enzalutamide
Data32_GSM5155455_TTCACGCTCGTGGCGT-1,1,enzalutamide
Data32_GSM5155455_TTCACGCTCTTCTAAC-1,1,enzalutamide
Data32_GSM5155455_TTCAGGACAACACACT-1,1,enzalutamide
Data32_GSM5155455_TTCAGGACATGAAGCG-1,1,enzalutamide
Data32_GSM5155455_TTCAGGAGTTATGGTC-1,1,enzalutamide
Data32_GSM5155455_TTCAGGATCACTTATC-1,1,enzalutamide
Data32_GSM5155455_TTCAGGATCATGTCAG-1,1,enzalutamide
Data32_GSM5155455_TTCAGGATCGACGAGA-1,1,enzalutamide
Data32_GSM5155455_TTCATTGCAGAACGCA-1,1,enzalutamide
Data32_GSM5155455_TTCCAATTCCCATGGG-1,1,enzalutamide
Data32_GSM5155455_TTCCACGCAACGCATT-1,1,enzalutamide
Data32_GSM5155455_TTCCGGTAGACCAGAC-1,1,enzalutamide
Data32_GSM5155455_TTCCGGTAGCTCCGAC-1,1,enzalutamide
Data32_GSM5155455_TTCCGGTCACCAAATC-1,1,enzalutamide
Data32_GSM5155455_TTCCGTGGTGATGTAA-1,1,enzalutamide
Data32_GSM5155455_TTCCGTGTCTTACCGC-1,1,enzalutamide
Data32_GSM5155455_TTCCTAACATCGGCCA-1,1,enzalutamide
Data32_GSM5155455_TTCCTAAGTTAGTTCG-1,1,enzalutamide
Data32_GSM5155455_TTCCTAATCTCGCTCA-1,1,enzalutamide
Data32_GSM5155455_TTCCTCTAGGTTCATC-1,1,enzalutamide
Data32_GSM5155455_TTCCTCTAGTTGTAGA-1,1,enzalutamide
Data32_GSM5155455_TTCCTCTGTAGTCTGT-1,1,enzalutamide
Data32_GSM5155455_TTCCTCTTCATGAAAG-1,1,enzalutamide
Data32_GSM5155455_TTCCTTCCATACAGCT-1,1,enzalutamide
Data32_GSM5155455_TTCCTTCTCACGATCA-1,1,enzalutamide
Data32_GSM5155455_TTCGATTGTAGATTAG-1,1,enzalutamide
Data32_GSM5155455_TTCGCTGCAAAGACTA-1,1,enzalutamide
Data32_GSM5155455_TTCGCTGCATGCAGCC-1,1,enzalutamide
Data32_GSM5155455_TTCGCTGGTGTCCACG-1,1,enzalutamide
Data32_GSM5155455_TTCGGTCAGCTGTTAC-1,1,enzalutamide
Data32_GSM5155455_TTCGGTCTCGTTAGAC-1,1,enzalutamide
Data32_GSM5155455_TTCTAACAGGGCAGTT-1,1,enzalutamide
Data32_GSM5155455_TTCTAACGTTGAGAGC-1,1,enzalutamide
Data32_GSM5155455_TTCTAACGTTGGTAGG-1,1,enzalutamide
Data32_GSM5155455_TTCTAGTGTAGACACG-1,1,enzalutamide
Data32_GSM5155455_TTCTCTCGTGTAGCAG-1,1,enzalutamide
Data32_GSM5155455_TTCTCTCTCTCATGGA-1,1,enzalutamide
Data32_GSM5155455_TTCTGTAGTACCTAGT-1,1,enzalutamide
Data32_GSM5155455_TTCTGTATCCGATTAG-1,1,enzalutamide
Data32_GSM5155455_TTCTTCCTCAGTGGGA-1,1,enzalutamide
Data32_GSM5155455_TTCTTGAAGCTCGTGC-1,1,enzalutamide
Data32_GSM5155455_TTCTTGACATTCATCT-1,1,enzalutamide
Data32_GSM5155455_TTCTTGAGTTGCTCCT-1,1,enzalutamide
Data32_GSM5155455_TTCTTGATCTCGCCTA-1,1,enzalutamide
Data32_GSM5155455_TTGAACGAGCCATTCA-1,1,enzalutamide
Data32_GSM5155455_TTGAACGAGTCTCTGA-1,1,enzalutamide
Data32_GSM5155455_TTGAACGCAGTAACAA-1,1,enzalutamide
Data32_GSM5155455_TTGAACGTCAAGTTGC-1,1,enzalutamide
Data32_GSM5155455_TTGACCCAGACTACGG-1,1,enzalutamide
Data32_GSM5155455_TTGACCCAGCTTCTAG-1,1,enzalutamide
Data32_GSM5155455_TTGACCCCAGCTATAC-1,1,enzalutamide
Data32_GSM5155455_TTGACCCGTCGATTAC-1,1,enzalutamide
Data32_GSM5155455_TTGAGTGGTCGCAGTC-1,1,enzalutamide
Data32_GSM5155455_TTGAGTGTCGGTTCAA-1,1,enzalutamide
Data32_GSM5155455_TTGAGTGTCTTAGTTC-1,1,enzalutamide
Data32_GSM5155455_TTGATGGAGAGCCTGA-1,1,enzalutamide
Data32_GSM5155455_TTGATGGCATTGCTGA-1,1,enzalutamide
Data32_GSM5155455_TTGATGGTCCATTCGC-1,1,enzalutamide
Data32_GSM5155455_TTGATGGTCGGCTTCT-1,1,enzalutamide
Data32_GSM5155455_TTGCATTGTTGGACTT-1,1,enzalutamide
Data32_GSM5155455_TTGCATTTCCCATGGG-1,1,enzalutamide
Data32_GSM5155455_TTGCCTGAGACGCCCT-1,1,enzalutamide
Data32_GSM5155455_TTGCCTGAGAGTCTGG-1,1,enzalutamide
Data32_GSM5155455_TTGCCTGAGTTAACAG-1,1,enzalutamide
Data32_GSM5155455_TTGCCTGTCAGGCGAA-1,1,enzalutamide
Data32_GSM5155455_TTGCCTGTCGACCATA-1,1,enzalutamide
Data32_GSM5155455_TTGCGTCCAGAAGCTG-1,1,enzalutamide
Data32_GSM5155455_TTGCTGCCACCCAACG-1,1,enzalutamide
Data32_GSM5155455_TTGCTGCCATACAGAA-1,1,enzalutamide
Data32_GSM5155455_TTGCTGCTCCTATTGT-1,1,enzalutamide
Data32_GSM5155455_TTGGATGCACCAGTAT-1,1,enzalutamide
Data32_GSM5155455_TTGGATGTCATCACAG-1,1,enzalutamide
Data32_GSM5155455_TTGGGATTCGTCCTTG-1,1,enzalutamide
Data32_GSM5155455_TTGGGCGCACGCCACA-1,1,enzalutamide
Data32_GSM5155455_TTGGGCGGTTTCGGCG-1,1,enzalutamide
Data32_GSM5155455_TTGGGCGTCCTCTCGA-1,1,enzalutamide
Data32_GSM5155455_TTGGGTAAGCACAAAT-1,1,enzalutamide
Data32_GSM5155455_TTGGGTAGTCACATTG-1,1,enzalutamide
Data32_GSM5155455_TTGGGTAGTTCTGAGT-1,1,enzalutamide
Data32_GSM5155455_TTGGTTTAGTGCAGGT-1,1,enzalutamide
Data32_GSM5155455_TTGGTTTGTATCCCAA-1,1,enzalutamide
Data32_GSM5155455_TTGTGGAAGAACAGGA-1,1,enzalutamide
Data32_GSM5155455_TTGTGGAAGGTCACCC-1,1,enzalutamide
Data32_GSM5155455_TTGTGTTGTCGCCTAG-1,1,enzalutamide
Data32_GSM5155455_TTGTTCATCGAGTGAG-1,1,enzalutamide
Data32_GSM5155455_TTGTTTGAGCGAAACC-1,1,enzalutamide
Data32_GSM5155455_TTGTTTGAGTCCCGGT-1,1,enzalutamide
Data32_GSM5155455_TTTACCAAGATGTTCC-1,1,enzalutamide
Data32_GSM5155455_TTTACCAAGGTGCAGT-1,1,enzalutamide
Data32_GSM5155455_TTTACCACAGTTAGAA-1,1,enzalutamide
Data32_GSM5155455_TTTACCAGTATGTCAC-1,1,enzalutamide
Data32_GSM5155455_TTTACCAGTGATCATC-1,1,enzalutamide
Data32_GSM5155455_TTTACCAGTGCCCTTT-1,1,enzalutamide
Data32_GSM5155455_TTTACGTCACATAGCT-1,1,enzalutamide
Data32_GSM5155455_TTTACTGAGACAGCGT-1,1,enzalutamide
Data32_GSM5155455_TTTACTGAGTAACAGT-1,1,enzalutamide
Data32_GSM5155455_TTTACTGCAGGGAGAG-1,1,enzalutamide
Data32_GSM5155455_TTTAGTCGTATCGAAA-1,1,enzalutamide
Data32_GSM5155455_TTTATGCAGCTGTTAC-1,1,enzalutamide
Data32_GSM5155455_TTTATGCCAACATCGT-1,1,enzalutamide
Data32_GSM5155455_TTTATGCGTAGCACAG-1,1,enzalutamide
Data32_GSM5155455_TTTCACAAGTTTAGGA-1,1,enzalutamide
Data32_GSM5155455_TTTCACAGTGAACGGT-1,1,enzalutamide
Data32_GSM5155455_TTTCACATCAATCAGC-1,1,enzalutamide
Data32_GSM5155455_TTTCAGTCAGAGCCCT-1,1,enzalutamide
Data32_GSM5155455_TTTCAGTTCCGATGTA-1,1,enzalutamide
Data32_GSM5155455_TTTCATGCAGTCTCTC-1,1,enzalutamide
Data32_GSM5155455_TTTCATGCATAGCACT-1,1,enzalutamide
Data32_GSM5155455_TTTCATGTCACGAGGA-1,1,enzalutamide
Data32_GSM5155455_TTTCCTCAGCTTACGT-1,1,enzalutamide
Data32_GSM5155455_TTTCGATAGCGACTGA-1,1,enzalutamide
Data32_GSM5155455_TTTCGATAGGTATTGA-1,1,enzalutamide
Data32_GSM5155455_TTTCGATAGTAGGAAG-1,1,enzalutamide
Data32_GSM5155455_TTTCGATCATTCACCC-1,1,enzalutamide
Data32_GSM5155455_TTTCGATTCACACCCT-1,1,enzalutamide
Data32_GSM5155455_TTTCGATTCAGGTGTT-1,1,enzalutamide
Data32_GSM5155455_TTTGACTGTCCAGAAG-1,1,enzalutamide
Data32_GSM5155455_TTTGACTTCTGCGAGC-1,1,enzalutamide
Data32_GSM5155455_TTTGATCTCACTGCTC-1,1,enzalutamide
Data32_GSM5155455_TTTGATCTCTGCGAGC-1,1,enzalutamide
Data32_GSM5155455_TTTGGAGTCTCTCGCA-1,1,enzalutamide
Data32_GSM5155455_TTTGGTTTCTGTCCGT-1,1,enzalutamide
Data32_GSM5155455_TTTGTTGGTCGATTAC-1,1,enzalutamide
Data32_GSM5155457_AAACCCACATCGATGT-1,0,enzalutamide
Data32_GSM5155457_AAACCCACATGCTGCG-1,0,enzalutamide
Data32_GSM5155457_AAACCCAGTAAGCAAT-1,0,enzalutamide
Data32_GSM5155457_AAACCCATCCCATACC-1,0,enzalutamide
Data32_GSM5155457_AAACGAAAGATTGAGT-1,0,enzalutamide
Data32_GSM5155457_AAACGAACAAGAATAC-1,0,enzalutamide
Data32_GSM5155457_AAACGAAGTCTCAGAT-1,0,enzalutamide
Data32_GSM5155457_AAACGAATCGACTCCT-1,0,enzalutamide
Data32_GSM5155457_AAACGCTCATCCTAAG-1,0,enzalutamide
Data32_GSM5155457_AAACGCTGTAGAGCTG-1,0,enzalutamide
Data32_GSM5155457_AAACGCTGTGCTTCAA-1,0,enzalutamide
Data32_GSM5155457_AAACGCTTCTAGGAAA-1,0,enzalutamide
Data32_GSM5155457_AAAGAACCAAGCACCC-1,0,enzalutamide
Data32_GSM5155457_AAAGAACGTACCAGAG-1,0,enzalutamide
Data32_GSM5155457_AAAGAACTCAAACCTG-1,0,enzalutamide
Data32_GSM5155457_AAAGAACTCCCTAGGG-1,0,enzalutamide
Data32_GSM5155457_AAAGAACTCTCCTGCA-1,0,enzalutamide
Data32_GSM5155457_AAAGAACTCTGCATAG-1,0,enzalutamide
Data32_GSM5155457_AAAGGATAGCAACTTC-1,0,enzalutamide
Data32_GSM5155457_AAAGGATAGTAGGTTA-1,0,enzalutamide
Data32_GSM5155457_AAAGGATCAGGTCTCG-1,0,enzalutamide
Data32_GSM5155457_AAAGGATTCAGTGGGA-1,0,enzalutamide
Data32_GSM5155457_AAAGGGCAGCTTTCCC-1,0,enzalutamide
Data32_GSM5155457_AAAGGGCCATTCAGGT-1,0,enzalutamide
Data32_GSM5155457_AAAGGGCGTAAGCAAT-1,0,enzalutamide
Data32_GSM5155457_AAAGGGCGTCACGTGC-1,0,enzalutamide
Data32_GSM5155457_AAAGGGCTCCTGTTGC-1,0,enzalutamide
Data32_GSM5155457_AAAGGTAAGAACTCCT-1,0,enzalutamide
Data32_GSM5155457_AAAGGTACACAGCCTG-1,0,enzalutamide
Data32_GSM5155457_AAAGGTACACTTACAG-1,0,enzalutamide
Data32_GSM5155457_AAAGGTACAGACCATT-1,0,enzalutamide
Data32_GSM5155457_AAAGGTATCCTAGAGT-1,0,enzalutamide
Data32_GSM5155457_AAAGGTATCGCTGACG-1,0,enzalutamide
Data32_GSM5155457_AAAGTCCAGCTACTGT-1,0,enzalutamide
Data32_GSM5155457_AAAGTCCAGTTACTCG-1,0,enzalutamide
Data32_GSM5155457_AAAGTCCCACAAATGA-1,0,enzalutamide
Data32_GSM5155457_AAAGTGAAGAACTGAT-1,0,enzalutamide
Data32_GSM5155457_AAAGTGAAGGAGTCTG-1,0,enzalutamide
Data32_GSM5155457_AAAGTGACAACCCTAA-1,0,enzalutamide
Data32_GSM5155457_AAAGTGACAGTGCCTG-1,0,enzalutamide
Data32_GSM5155457_AAAGTGATCGTTAGTG-1,0,enzalutamide
Data32_GSM5155457_AAATGGAAGCAAGTGC-1,0,enzalutamide
Data32_GSM5155457_AAATGGAAGTTGCTGT-1,0,enzalutamide
Data32_GSM5155457_AAATGGACAGGTGAGT-1,0,enzalutamide
Data32_GSM5155457_AAATGGACATGACGAG-1,0,enzalutamide
Data32_GSM5155457_AAATGGAGTAGCCCTG-1,0,enzalutamide
Data32_GSM5155457_AAATGGATCGCAACAT-1,0,enzalutamide
Data32_GSM5155457_AACAAAGAGGAGAATG-1,0,enzalutamide
Data32_GSM5155457_AACAAAGAGTATTCCG-1,0,enzalutamide
Data32_GSM5155457_AACAAAGCAACTCATG-1,0,enzalutamide
Data32_GSM5155457_AACAAAGGTAACAGTA-1,0,enzalutamide
Data32_GSM5155457_AACAAAGTCGCATGAT-1,0,enzalutamide
Data32_GSM5155457_AACAACCCATACATCG-1,0,enzalutamide
Data32_GSM5155457_AACAACCGTGGACCTC-1,0,enzalutamide
Data32_GSM5155457_AACAACCTCACGAACT-1,0,enzalutamide
Data32_GSM5155457_AACAACCTCTAGCATG-1,0,enzalutamide
Data32_GSM5155457_AACAAGAAGGGTCAAC-1,0,enzalutamide
Data32_GSM5155457_AACAAGAAGTCCTGTA-1,0,enzalutamide
Data32_GSM5155457_AACAAGACAGCAGACA-1,0,enzalutamide
Data32_GSM5155457_AACAAGAGTAGGAGGG-1,0,enzalutamide
Data32_GSM5155457_AACACACCAAGTTCCA-1,0,enzalutamide
Data32_GSM5155457_AACACACCACACCGCA-1,0,enzalutamide
Data32_GSM5155457_AACACACCATCCCGTT-1,0,enzalutamide
Data32_GSM5155457_AACACACTCCCAGCGA-1,0,enzalutamide
Data32_GSM5155457_AACAGGGCACAGCCAC-1,0,enzalutamide
Data32_GSM5155457_AACAGGGCAGTACTAC-1,0,enzalutamide
Data32_GSM5155457_AACAGGGCATGTGTCA-1,0,enzalutamide
Data32_GSM5155457_AACAGGGTCCTCTCTT-1,0,enzalutamide
Data32_GSM5155457_AACAGGGTCCTGTAAG-1,0,enzalutamide
Data32_GSM5155457_AACCAACAGGTCGACA-1,0,enzalutamide
Data32_GSM5155457_AACCAACCAATAACGA-1,0,enzalutamide
Data32_GSM5155457_AACCAACGTATCAGGG-1,0,enzalutamide
Data32_GSM5155457_AACCAACGTGCGGTAA-1,0,enzalutamide
Data32_GSM5155457_AACCAACGTTGGGTTT-1,0,enzalutamide
Data32_GSM5155457_AACCACAAGTATGAAC-1,0,enzalutamide
Data32_GSM5155457_AACCACACACGACAAG-1,0,enzalutamide
Data32_GSM5155457_AACCACACAGTAGAGC-1,0,enzalutamide
Data32_GSM5155457_AACCACACATGGGAAC-1,0,enzalutamide
Data32_GSM5155457_AACCACACATTCAGCA-1,0,enzalutamide
Data32_GSM5155457_AACCACAGTAGTCGTT-1,0,enzalutamide
Data32_GSM5155457_AACCATGAGACATACA-1,0,enzalutamide
Data32_GSM5155457_AACCATGAGGCTCTAT-1,0,enzalutamide
Data32_GSM5155457_AACCATGGTGAGCGAT-1,0,enzalutamide
Data32_GSM5155457_AACCATGGTGGACCTC-1,0,enzalutamide
Data32_GSM5155457_AACCCAAAGTAGCCAG-1,0,enzalutamide
Data32_GSM5155457_AACCCAAAGTAGCTCT-1,0,enzalutamide
Data32_GSM5155457_AACCCAACAAAGGATT-1,0,enzalutamide
Data32_GSM5155457_AACCCAAGTGTGTGTT-1,0,enzalutamide
Data32_GSM5155457_AACCCAATCATTGGTG-1,0,enzalutamide
Data32_GSM5155457_AACCCAATCCTAAGTG-1,0,enzalutamide
Data32_GSM5155457_AACCCAATCTGACAGT-1,0,enzalutamide
Data32_GSM5155457_AACCTGAAGAATACAC-1,0,enzalutamide
Data32_GSM5155457_AACCTGAAGTAAACAC-1,0,enzalutamide
Data32_GSM5155457_AACCTGAGTATGTGTC-1,0,enzalutamide
Data32_GSM5155457_AACCTGAGTCACTAGT-1,0,enzalutamide
Data32_GSM5155457_AACCTTTAGACCATAA-1,0,enzalutamide
Data32_GSM5155457_AACCTTTAGGCTAACG-1,0,enzalutamide
Data32_GSM5155457_AACCTTTGTCAGTCTA-1,0,enzalutamide
Data32_GSM5155457_AACCTTTTCCACACAA-1,0,enzalutamide
Data32_GSM5155457_AACGAAAAGCATTGAA-1,0,enzalutamide
Data32_GSM5155457_AACGAAACATCTAGAC-1,0,enzalutamide
Data32_GSM5155457_AACGAAAGTCTGTCCT-1,0,enzalutamide
Data32_GSM5155457_AACGAAATCCGGTAGC-1,0,enzalutamide
Data32_GSM5155457_AACGGGAAGTATAGGT-1,0,enzalutamide
Data32_GSM5155457_AACGGGATCGTAGCCG-1,0,enzalutamide
Data32_GSM5155457_AACGTCAAGATTTGCC-1,0,enzalutamide
Data32_GSM5155457_AACGTCAAGCACCCAC-1,0,enzalutamide
Data32_GSM5155457_AACGTCAAGCAGATAT-1,0,enzalutamide
Data32_GSM5155457_AACGTCAAGGTTCCAT-1,0,enzalutamide
Data32_GSM5155457_AACGTCACACCGTGGT-1,0,enzalutamide
Data32_GSM5155457_AACGTCACATGATGCT-1,0,enzalutamide
Data32_GSM5155457_AACGTCAGTACAGTTC-1,0,enzalutamide
Data32_GSM5155457_AACGTCAGTCCCAAAT-1,0,enzalutamide
Data32_GSM5155457_AACGTCAGTCTGCCTT-1,0,enzalutamide
Data32_GSM5155457_AACGTCATCATGAGGG-1,0,enzalutamide
Data32_GSM5155457_AACTTCTAGACCCTTA-1,0,enzalutamide
Data32_GSM5155457_AACTTCTAGACGCAGT-1,0,enzalutamide
Data32_GSM5155457_AACTTCTAGCAAATCA-1,0,enzalutamide
Data32_GSM5155457_AACTTCTAGGAAGTAG-1,0,enzalutamide
Data32_GSM5155457_AACTTCTAGGGTGAAA-1,0,enzalutamide
Data32_GSM5155457_AACTTCTCAGTGGTGA-1,0,enzalutamide
Data32_GSM5155457_AACTTCTGTGCCGGTT-1,0,enzalutamide
Data32_GSM5155457_AACTTCTGTTGGGACA-1,0,enzalutamide
Data32_GSM5155457_AACTTCTTCAGACCTA-1,0,enzalutamide
Data32_GSM5155457_AACTTCTTCCCGAGTG-1,0,enzalutamide
Data32_GSM5155457_AACTTCTTCCTACACC-1,0,enzalutamide
Data32_GSM5155457_AAGAACAAGTGAGGCT-1,0,enzalutamide
Data32_GSM5155457_AAGAACAGTTAGCGGA-1,0,enzalutamide
Data32_GSM5155457_AAGAACATCCCAGGAC-1,0,enzalutamide
Data32_GSM5155457_AAGACAAAGCACTCTA-1,0,enzalutamide
Data32_GSM5155457_AAGACAAAGCCGTAAG-1,0,enzalutamide
Data32_GSM5155457_AAGACAAAGCGTGCCT-1,0,enzalutamide
Data32_GSM5155457_AAGACAAAGTATAGGT-1,0,enzalutamide
Data32_GSM5155457_AAGACAACACCAGACC-1,0,enzalutamide
Data32_GSM5155457_AAGACAACAGAGTGAC-1,0,enzalutamide
Data32_GSM5155457_AAGACAACAGCAGGAT-1,0,enzalutamide
Data32_GSM5155457_AAGACAACAGTTAGGG-1,0,enzalutamide
Data32_GSM5155457_AAGACAAGTACGTAGG-1,0,enzalutamide
Data32_GSM5155457_AAGACAATCTCGGCTT-1,0,enzalutamide
Data32_GSM5155457_AAGACTCCAAGCCATT-1,0,enzalutamide
Data32_GSM5155457_AAGACTCCACCAGACC-1,0,enzalutamide
Data32_GSM5155457_AAGACTCCACTGTTCC-1,0,enzalutamide
Data32_GSM5155457_AAGACTCTCCAAACCA-1,0,enzalutamide
Data32_GSM5155457_AAGATAGCAACACGAG-1,0,enzalutamide
Data32_GSM5155457_AAGATAGCAAGAGTAT-1,0,enzalutamide
Data32_GSM5155457_AAGATAGCAATGGGTG-1,0,enzalutamide
Data32_GSM5155457_AAGATAGCATACCGTA-1,0,enzalutamide
Data32_GSM5155457_AAGATAGCATACTGTG-1,0,enzalutamide
Data32_GSM5155457_AAGATAGCATCTTAGG-1,0,enzalutamide
Data32_GSM5155457_AAGATAGGTCTGATAC-1,0,enzalutamide
Data32_GSM5155457_AAGATAGTCAAGCTGT-1,0,enzalutamide
Data32_GSM5155457_AAGATAGTCGTGCTCT-1,0,enzalutamide
Data32_GSM5155457_AAGCATCAGACATAAC-1,0,enzalutamide
Data32_GSM5155457_AAGCATCCAGAGTGAC-1,0,enzalutamide
Data32_GSM5155457_AAGCATCCAGTCAGAG-1,0,enzalutamide
Data32_GSM5155457_AAGCATCGTCTCAGGC-1,0,enzalutamide
Data32_GSM5155457_AAGCATCGTGATTGGG-1,0,enzalutamide
Data32_GSM5155457_AAGCATCTCAAGAGTA-1,0,enzalutamide
Data32_GSM5155457_AAGCATCTCGCAACAT-1,0,enzalutamide
Data32_GSM5155457_AAGCCATAGCACTCGC-1,0,enzalutamide
Data32_GSM5155457_AAGCCATAGGCTTCCG-1,0,enzalutamide
Data32_GSM5155457_AAGCCATGTGCTTCAA-1,0,enzalutamide
Data32_GSM5155457_AAGCCATTCATTGCCC-1,0,enzalutamide
Data32_GSM5155457_AAGCCATTCTGGCCAG-1,0,enzalutamide
Data32_GSM5155457_AAGCGAGAGGCCTTCG-1,0,enzalutamide
Data32_GSM5155457_AAGCGAGCACATTCTT-1,0,enzalutamide
Data32_GSM5155457_AAGCGAGCAGGTGTTT-1,0,enzalutamide
Data32_GSM5155457_AAGCGAGCATGGTGGA-1,0,enzalutamide
Data32_GSM5155457_AAGCGAGGTCGTAATC-1,0,enzalutamide
Data32_GSM5155457_AAGCGAGTCAGAATAG-1,0,enzalutamide
Data32_GSM5155457_AAGCGTTAGGAACATT-1,0,enzalutamide
Data32_GSM5155457_AAGCGTTAGGTCGTGA-1,0,enzalutamide
Data32_GSM5155457_AAGCGTTAGTGATTCC-1,0,enzalutamide
Data32_GSM5155457_AAGCGTTTCATGCATG-1,0,enzalutamide
Data32_GSM5155457_AAGCGTTTCCTACCAC-1,0,enzalutamide
Data32_GSM5155457_AAGCGTTTCGGTCTGG-1,0,enzalutamide
Data32_GSM5155457_AAGGAATAGTCTGGAG-1,0,enzalutamide
Data32_GSM5155457_AAGGAATCATCCTCAC-1,0,enzalutamide
Data32_GSM5155457_AAGGAATGTACGACAG-1,0,enzalutamide
Data32_GSM5155457_AAGGAATTCCACGGGT-1,0,enzalutamide
Data32_GSM5155457_AAGGAATTCTCTTGCG-1,0,enzalutamide
Data32_GSM5155457_AAGGTAAAGTCAATCC-1,0,enzalutamide
Data32_GSM5155457_AAGGTAACAAAGGATT-1,0,enzalutamide
Data32_GSM5155457_AAGGTAAGTGGAGAAA-1,0,enzalutamide
Data32_GSM5155457_AAGGTAATCTTGAGCA-1,0,enzalutamide
Data32_GSM5155457_AAGTACCAGAGGGCGA-1,0,enzalutamide
Data32_GSM5155457_AAGTACCCAAGAATAC-1,0,enzalutamide
Data32_GSM5155457_AAGTACCCATTACGGT-1,0,enzalutamide
Data32_GSM5155457_AAGTACCGTGAGCCAA-1,0,enzalutamide
Data32_GSM5155457_AAGTACCGTTTCACTT-1,0,enzalutamide
Data32_GSM5155457_AAGTCGTCAGACAAGC-1,0,enzalutamide
Data32_GSM5155457_AAGTCGTGTGTAAACA-1,0,enzalutamide
Data32_GSM5155457_AAGTCGTTCAGTGGGA-1,0,enzalutamide
Data32_GSM5155457_AAGTCGTTCGAGTGGA-1,0,enzalutamide
Data32_GSM5155457_AAGTGAACACCATAAC-1,0,enzalutamide
Data32_GSM5155457_AAGTTCGAGATGGTAT-1,0,enzalutamide
Data32_GSM5155457_AAGTTCGAGGGATCTG-1,0,enzalutamide
Data32_GSM5155457_AAGTTCGCAGCTGGTC-1,0,enzalutamide
Data32_GSM5155457_AAGTTCGGTAACATAG-1,0,enzalutamide
Data32_GSM5155457_AAGTTCGGTCGTCATA-1,0,enzalutamide
Data32_GSM5155457_AAGTTCGGTTTCGCTC-1,0,enzalutamide
Data32_GSM5155457_AAGTTCGTCTAAGCCA-1,0,enzalutamide
Data32_GSM5155457_AAGTTCGTCTCACCCA-1,0,enzalutamide
Data32_GSM5155457_AATAGAGAGCACCTGC-1,0,enzalutamide
Data32_GSM5155457_AATAGAGAGCTATCCA-1,0,enzalutamide
Data32_GSM5155457_AATAGAGAGCTTCATG-1,0,enzalutamide
Data32_GSM5155457_AATAGAGCATGACGTT-1,0,enzalutamide
Data32_GSM5155457_AATAGAGGTTCTCTAT-1,0,enzalutamide
Data32_GSM5155457_AATAGAGTCATTGCTT-1,0,enzalutamide
Data32_GSM5155457_AATCACGAGCCGCTTG-1,0,enzalutamide
Data32_GSM5155457_AATCACGCAACCGCCA-1,0,enzalutamide
Data32_GSM5155457_AATCGACCAAGGCCTC-1,0,enzalutamide
Data32_GSM5155457_AATCGACTCGACCTAA-1,0,enzalutamide
Data32_GSM5155457_AATCGTGGTCGTGATT-1,0,enzalutamide
Data32_GSM5155457_AATGAAGAGCAGAAAG-1,0,enzalutamide
Data32_GSM5155457_AATGAAGAGTCCCAAT-1,0,enzalutamide
Data32_GSM5155457_AATGAAGAGTCTCTGA-1,0,enzalutamide
Data32_GSM5155457_AATGAAGCATGCCGCA-1,0,enzalutamide
Data32_GSM5155457_AATGAAGTCAGACAAA-1,0,enzalutamide
Data32_GSM5155457_AATGACCCAAAGAACT-1,0,enzalutamide
Data32_GSM5155457_AATGACCCATGCCATA-1,0,enzalutamide
Data32_GSM5155457_AATGACCGTCCAAGAG-1,0,enzalutamide
Data32_GSM5155457_AATGACCTCCGTTGGG-1,0,enzalutamide
Data32_GSM5155457_AATGACCTCTACCCAC-1,0,enzalutamide
Data32_GSM5155457_AATGCCAAGTTGAATG-1,0,enzalutamide
Data32_GSM5155457_AATGCCACACAGCCAC-1,0,enzalutamide
Data32_GSM5155457_AATGCCAGTGTTACAC-1,0,enzalutamide
Data32_GSM5155457_AATGCCATCATTACCT-1,0,enzalutamide
Data32_GSM5155457_AATGGAAAGTAAGCAT-1,0,enzalutamide
Data32_GSM5155457_AATGGAACACGTGTGC-1,0,enzalutamide
Data32_GSM5155457_AATGGAACATTGCCTC-1,0,enzalutamide
Data32_GSM5155457_AATGGAAGTGACTATC-1,0,enzalutamide
Data32_GSM5155457_AATGGAAGTGTCCGGT-1,0,enzalutamide
Data32_GSM5155457_AATGGCTAGGTAACTA-1,0,enzalutamide
Data32_GSM5155457_AATGGCTCATGAGATA-1,0,enzalutamide
Data32_GSM5155457_AATGGCTGTTTAGTCG-1,0,enzalutamide
Data32_GSM5155457_AATGGCTTCCCGAAAT-1,0,enzalutamide
Data32_GSM5155457_AATGGCTTCGGTTCAA-1,0,enzalutamide
Data32_GSM5155457_AATTCCTCAGTGAGCA-1,0,enzalutamide
Data32_GSM5155457_AATTCCTGTCCAAGAG-1,0,enzalutamide
Data32_GSM5155457_AATTCCTTCAGGAACG-1,0,enzalutamide
Data32_GSM5155457_AATTCCTTCCGAGGCT-1,0,enzalutamide
Data32_GSM5155457_AATTTCCGTGAATGAT-1,0,enzalutamide
Data32_GSM5155457_AATTTCCTCAAGGCTT-1,0,enzalutamide
Data32_GSM5155457_ACAAAGAAGAATTGCA-1,0,enzalutamide
Data32_GSM5155457_ACAAAGAAGCGTTGTT-1,0,enzalutamide
Data32_GSM5155457_ACAAAGAAGGATTCCT-1,0,enzalutamide
Data32_GSM5155457_ACAAAGAAGTCAGCGA-1,0,enzalutamide
Data32_GSM5155457_ACAAAGACAATCCAGT-1,0,enzalutamide
Data32_GSM5155457_ACAAAGACACACGGAA-1,0,enzalutamide
Data32_GSM5155457_ACAAAGAGTGCCCAGT-1,0,enzalutamide
Data32_GSM5155457_ACAAAGAGTGGTCTTA-1,0,enzalutamide
Data32_GSM5155457_ACAAAGAGTTCCGCTT-1,0,enzalutamide
Data32_GSM5155457_ACAACCACAAGCCCAC-1,0,enzalutamide
Data32_GSM5155457_ACAACCAGTAGGCAAC-1,0,enzalutamide
Data32_GSM5155457_ACAACCAGTGTGACCC-1,0,enzalutamide
Data32_GSM5155457_ACAACCAGTGTTAAAG-1,0,enzalutamide
Data32_GSM5155457_ACAACCATCCGATTAG-1,0,enzalutamide
Data32_GSM5155457_ACAAGCTAGTTCCAGT-1,0,enzalutamide
Data32_GSM5155457_ACACAGTTCGAAGCCC-1,0,enzalutamide
Data32_GSM5155457_ACACAGTTCTCTCTTC-1,0,enzalutamide
Data32_GSM5155457_ACACCAACAATTCACG-1,0,enzalutamide
Data32_GSM5155457_ACACCAACAGGGTTGA-1,0,enzalutamide
Data32_GSM5155457_ACACCAAGTGGCTGAA-1,0,enzalutamide
Data32_GSM5155457_ACACCAATCATCGCAA-1,0,enzalutamide
Data32_GSM5155457_ACACCAATCGGTTCAA-1,0,enzalutamide
Data32_GSM5155457_ACACGCGAGCGTATAA-1,0,enzalutamide
Data32_GSM5155457_ACACGCGCAGAGGTTG-1,0,enzalutamide
Data32_GSM5155457_ACACGCGCATTGTACG-1,0,enzalutamide
Data32_GSM5155457_ACACGCGGTCTCTCAC-1,0,enzalutamide
Data32_GSM5155457_ACACGCGTCATGAGAA-1,0,enzalutamide
Data32_GSM5155457_ACACTGAAGGCCTTGC-1,0,enzalutamide
Data32_GSM5155457_ACACTGACAAGAATAC-1,0,enzalutamide
Data32_GSM5155457_ACACTGAGTAAGGCTG-1,0,enzalutamide
Data32_GSM5155457_ACACTGAGTGATTGGG-1,0,enzalutamide
Data32_GSM5155457_ACAGAAAAGCGCCTTG-1,0,enzalutamide
Data32_GSM5155457_ACAGAAAAGGAGAGTA-1,0,enzalutamide
Data32_GSM5155457_ACAGAAACACGCCACA-1,0,enzalutamide
Data32_GSM5155457_ACAGAAAGTACAGTCT-1,0,enzalutamide
Data32_GSM5155457_ACAGAAATCAAGCTTG-1,0,enzalutamide
Data32_GSM5155457_ACAGAAATCCATTGCC-1,0,enzalutamide
Data32_GSM5155457_ACAGCCGAGAGGGTCT-1,0,enzalutamide
Data32_GSM5155457_ACAGCCGAGCAAATGT-1,0,enzalutamide
Data32_GSM5155457_ACAGCCGAGTAGAGTT-1,0,enzalutamide
Data32_GSM5155457_ACAGCCGCAAACGGCA-1,0,enzalutamide
Data32_GSM5155457_ACAGCCGGTCCTCATC-1,0,enzalutamide
Data32_GSM5155457_ACAGCCGGTCCTGGTG-1,0,enzalutamide
Data32_GSM5155457_ACAGCCGGTTATCTGG-1,0,enzalutamide
Data32_GSM5155457_ACAGCCGTCACCTCGT-1,0,enzalutamide
Data32_GSM5155457_ACAGCCGTCAGCACCG-1,0,enzalutamide
Data32_GSM5155457_ACAGCCGTCTCTGACC-1,0,enzalutamide
Data32_GSM5155457_ACAGGGAAGCGTCTGC-1,0,enzalutamide
Data32_GSM5155457_ACAGGGATCCGAGGCT-1,0,enzalutamide
Data32_GSM5155457_ACAGGGATCCTCTAAT-1,0,enzalutamide
Data32_GSM5155457_ACAGGGATCGCCGATG-1,0,enzalutamide
Data32_GSM5155457_ACATCCCCAAGACAAT-1,0,enzalutamide
Data32_GSM5155457_ACATCCCGTCCTACAA-1,0,enzalutamide
Data32_GSM5155457_ACATCCCGTTGGTGTT-1,0,enzalutamide
Data32_GSM5155457_ACATCCCTCCATGCAA-1,0,enzalutamide
Data32_GSM5155457_ACATCGAAGATAACGT-1,0,enzalutamide
Data32_GSM5155457_ACATCGAAGCATCAAA-1,0,enzalutamide
Data32_GSM5155457_ACATCGACAAAGCTAA-1,0,enzalutamide
Data32_GSM5155457_ACATCGACATCGGCCA-1,0,enzalutamide
Data32_GSM5155457_ACATCGAGTAGTGATA-1,0,enzalutamide
Data32_GSM5155457_ACATCGAGTCTACGTA-1,0,enzalutamide
Data32_GSM5155457_ACATCGATCGCTAAAC-1,0,enzalutamide
Data32_GSM5155457_ACATGCAAGCATAGGC-1,0,enzalutamide
Data32_GSM5155457_ACATGCAAGGCGACAT-1,0,enzalutamide
Data32_GSM5155457_ACATGCAAGGCTTAGG-1,0,enzalutamide
Data32_GSM5155457_ACATGCACAATTCTCT-1,0,enzalutamide
Data32_GSM5155457_ACATGCACAGCTGAGA-1,0,enzalutamide
Data32_GSM5155457_ACATGCAGTCTAGGCC-1,0,enzalutamide
Data32_GSM5155457_ACATGCATCAGACTGT-1,0,enzalutamide
Data32_GSM5155457_ACATGCATCTATTTCG-1,0,enzalutamide
Data32_GSM5155457_ACATTTCCAAATAGCA-1,0,enzalutamide
Data32_GSM5155457_ACATTTCCAATACGAA-1,0,enzalutamide
Data32_GSM5155457_ACATTTCCAATCTCTT-1,0,enzalutamide
Data32_GSM5155457_ACATTTCCATCCTTGC-1,0,enzalutamide
Data32_GSM5155457_ACATTTCGTGGGCTCT-1,0,enzalutamide
Data32_GSM5155457_ACATTTCTCAGCGCGT-1,0,enzalutamide
Data32_GSM5155457_ACATTTCTCCTTGGAA-1,0,enzalutamide
Data32_GSM5155457_ACATTTCTCTGCGGCA-1,0,enzalutamide
Data32_GSM5155457_ACCAAACCAAACTGCT-1,0,enzalutamide
Data32_GSM5155457_ACCAAACCAAGATCCT-1,0,enzalutamide
Data32_GSM5155457_ACCAAACTCATGCCGG-1,0,enzalutamide
Data32_GSM5155457_ACCAACAAGAGTTGCG-1,0,enzalutamide
Data32_GSM5155457_ACCAACAAGGCCTTGC-1,0,enzalutamide
Data32_GSM5155457_ACCAACACAATAGTCC-1,0,enzalutamide
Data32_GSM5155457_ACCAACACATCAGTGT-1,0,enzalutamide
Data32_GSM5155457_ACCAACACATCGGAAG-1,0,enzalutamide
Data32_GSM5155457_ACCAACAGTCACATTG-1,0,enzalutamide
Data32_GSM5155457_ACCACAAAGCTAAATG-1,0,enzalutamide
Data32_GSM5155457_ACCACAACATCTATCT-1,0,enzalutamide
Data32_GSM5155457_ACCACAAGTGCCTAAT-1,0,enzalutamide
Data32_GSM5155457_ACCATTTAGACTCTAC-1,0,enzalutamide
Data32_GSM5155457_ACCATTTAGTCGGCCT-1,0,enzalutamide
Data32_GSM5155457_ACCATTTGTCACAGAG-1,0,enzalutamide
Data32_GSM5155457_ACCATTTGTCTTACAG-1,0,enzalutamide
Data32_GSM5155457_ACCATTTGTGAGCGAT-1,0,enzalutamide
Data32_GSM5155457_ACCATTTGTGGTCAAG-1,0,enzalutamide
Data32_GSM5155457_ACCATTTTCCGCCTAT-1,0,enzalutamide
Data32_GSM5155457_ACCATTTTCTCTAAGG-1,0,enzalutamide
Data32_GSM5155457_ACCCAAAAGAACTCCT-1,0,enzalutamide
Data32_GSM5155457_ACCCAAAAGAATTCAG-1,0,enzalutamide
Data32_GSM5155457_ACCCAAACAAACTCTG-1,0,enzalutamide
Data32_GSM5155457_ACCCAAACAAGAGTAT-1,0,enzalutamide
Data32_GSM5155457_ACCCAAAGTCGCCTAG-1,0,enzalutamide
Data32_GSM5155457_ACCCAAATCAGTGTGT-1,0,enzalutamide
Data32_GSM5155457_ACCCAAATCGACCATA-1,0,enzalutamide
Data32_GSM5155457_ACCCAAATCGTGCGAC-1,0,enzalutamide
Data32_GSM5155457_ACCCAAATCTCTCTAA-1,0,enzalutamide
Data32_GSM5155457_ACCCTCAGTCACAATC-1,0,enzalutamide
Data32_GSM5155457_ACCCTCAGTCGTCAGC-1,0,enzalutamide
Data32_GSM5155457_ACCCTCAGTGTGGACA-1,0,enzalutamide
Data32_GSM5155457_ACCCTCAGTGTTACTG-1,0,enzalutamide
Data32_GSM5155457_ACCCTCATCGCATTGA-1,0,enzalutamide
Data32_GSM5155457_ACCCTCATCGTTAGAC-1,0,enzalutamide
Data32_GSM5155457_ACCCTCATCTTAGCCC-1,0,enzalutamide
Data32_GSM5155457_ACCCTTGTCGCTTTAT-1,0,enzalutamide
Data32_GSM5155457_ACCGTTCAGACCAGCA-1,0,enzalutamide
Data32_GSM5155457_ACCGTTCAGCTTCGTA-1,0,enzalutamide
Data32_GSM5155457_ACCGTTCCAGATACCT-1,0,enzalutamide
Data32_GSM5155457_ACCGTTCGTCGAACGA-1,0,enzalutamide
Data32_GSM5155457_ACCGTTCTCCCGTAAA-1,0,enzalutamide
Data32_GSM5155457_ACCGTTCTCGATTGGT-1,0,enzalutamide
Data32_GSM5155457_ACCTACCAGCAGCCTC-1,0,enzalutamide
Data32_GSM5155457_ACCTACCAGGGCAATC-1,0,enzalutamide
Data32_GSM5155457_ACCTACCCACACGCCA-1,0,enzalutamide
Data32_GSM5155457_ACCTACCCATCAGCAT-1,0,enzalutamide
Data32_GSM5155457_ACCTACCGTAATGATG-1,0,enzalutamide
Data32_GSM5155457_ACCTACCGTCGGTACC-1,0,enzalutamide
Data32_GSM5155457_ACCTACCGTGTTAGCT-1,0,enzalutamide
Data32_GSM5155457_ACCTACCGTTGGGAAC-1,0,enzalutamide
Data32_GSM5155457_ACCTACCTCGCTGACG-1,0,enzalutamide
Data32_GSM5155457_ACCTGAAAGAATCTAG-1,0,enzalutamide
Data32_GSM5155457_ACCTGAACACAAATAG-1,0,enzalutamide
Data32_GSM5155457_ACCTGAACACCTAAAC-1,0,enzalutamide
Data32_GSM5155457_ACCTGAACACGAGGAT-1,0,enzalutamide
Data32_GSM5155457_ACCTGTCAGACGTCGA-1,0,enzalutamide
Data32_GSM5155457_ACCTGTCAGTTGGAGC-1,0,enzalutamide
Data32_GSM5155457_ACCTGTCGTATGCTTG-1,0,enzalutamide
Data32_GSM5155457_ACCTGTCGTTAGGGAC-1,0,enzalutamide
Data32_GSM5155457_ACCTGTCTCAAAGGAT-1,0,enzalutamide
Data32_GSM5155457_ACCTGTCTCGCCTTTG-1,0,enzalutamide
Data32_GSM5155457_ACGATCAAGACCTTTG-1,0,enzalutamide
Data32_GSM5155457_ACGATCACAAGTCCAT-1,0,enzalutamide
Data32_GSM5155457_ACGATCACATCTTTCA-1,0,enzalutamide
Data32_GSM5155457_ACGATCAGTGAGTGAC-1,0,enzalutamide
Data32_GSM5155457_ACGATCATCCTGGGAC-1,0,enzalutamide
Data32_GSM5155457_ACGATCATCGGACTGC-1,0,enzalutamide
Data32_GSM5155457_ACGATGTCACAGAGCA-1,0,enzalutamide
Data32_GSM5155457_ACGATGTCACGCGCAT-1,0,enzalutamide
Data32_GSM5155457_ACGATGTGTATGATCC-1,0,enzalutamide
Data32_GSM5155457_ACGATGTTCGCCTCTA-1,0,enzalutamide
Data32_GSM5155457_ACGATGTTCTCAGGCG-1,0,enzalutamide
Data32_GSM5155457_ACGCACGAGATCACTC-1,0,enzalutamide
Data32_GSM5155457_ACGCACGGTACGGTTT-1,0,enzalutamide
Data32_GSM5155457_ACGCACGGTTCACCGG-1,0,enzalutamide
Data32_GSM5155457_ACGCACGGTTCAGTAC-1,0,enzalutamide
Data32_GSM5155457_ACGCACGTCAACCTTT-1,0,enzalutamide
Data32_GSM5155457_ACGCACGTCAATCCAG-1,0,enzalutamide
Data32_GSM5155457_ACGCACGTCCACTTCG-1,0,enzalutamide
Data32_GSM5155457_ACGCACGTCGGAATGG-1,0,enzalutamide
Data32_GSM5155457_ACGGAAGAGTCACTAC-1,0,enzalutamide
Data32_GSM5155457_ACGGAAGCAGCTTTCC-1,0,enzalutamide
Data32_GSM5155457_ACGGGTCAGACTTAAG-1,0,enzalutamide
Data32_GSM5155457_ACGGGTCCAAGGATGC-1,0,enzalutamide
Data32_GSM5155457_ACGGGTCGTGGCTTAT-1,0,enzalutamide
Data32_GSM5155457_ACGGGTCTCAATCTTC-1,0,enzalutamide
Data32_GSM5155457_ACGGGTCTCACGGGCT-1,0,enzalutamide
Data32_GSM5155457_ACGGGTCTCTGTCCGT-1,0,enzalutamide
Data32_GSM5155457_ACGGTCGCAGAGTCAG-1,0,enzalutamide
Data32_GSM5155457_ACGGTCGCATCCGCGA-1,0,enzalutamide
Data32_GSM5155457_ACGGTCGGTGACCTGC-1,0,enzalutamide
Data32_GSM5155457_ACGGTCGTCCAACACA-1,0,enzalutamide
Data32_GSM5155457_ACGGTCGTCCTGTAGA-1,0,enzalutamide
Data32_GSM5155457_ACGGTCGTCGTGGGTC-1,0,enzalutamide
Data32_GSM5155457_ACGGTTACATCCAATG-1,0,enzalutamide
Data32_GSM5155457_ACGGTTAGTGCTTCAA-1,0,enzalutamide
Data32_GSM5155457_ACGGTTATCGTGGGAA-1,0,enzalutamide
Data32_GSM5155457_ACGGTTATCTTGTTAC-1,0,enzalutamide
Data32_GSM5155457_ACGTAACAGCTCCATA-1,0,enzalutamide
Data32_GSM5155457_ACGTAACAGCTCTGTA-1,0,enzalutamide
Data32_GSM5155457_ACGTAACAGCTGTTCA-1,0,enzalutamide
Data32_GSM5155457_ACGTAACCATGCTGCG-1,0,enzalutamide
Data32_GSM5155457_ACGTAACTCAAGCCCG-1,0,enzalutamide
Data32_GSM5155457_ACGTAACTCCGCTGTT-1,0,enzalutamide
Data32_GSM5155457_ACGTAACTCTTTCTAG-1,0,enzalutamide
Data32_GSM5155457_ACGTACACAATTGCCA-1,0,enzalutamide
Data32_GSM5155457_ACGTACAGTAGCGCCT-1,0,enzalutamide
Data32_GSM5155457_ACGTACAGTCTTGTCC-1,0,enzalutamide
Data32_GSM5155457_ACGTACAGTGGCTTAT-1,0,enzalutamide
Data32_GSM5155457_ACGTACATCCACACAA-1,0,enzalutamide
Data32_GSM5155457_ACGTACATCTGGGTCG-1,0,enzalutamide
Data32_GSM5155457_ACGTAGTAGTAGTCAA-1,0,enzalutamide
Data32_GSM5155457_ACGTAGTAGTCCGCCA-1,0,enzalutamide
Data32_GSM5155457_ACGTAGTCAGTGCCTG-1,0,enzalutamide
Data32_GSM5155457_ACGTAGTTCCGCGATG-1,0,enzalutamide
Data32_GSM5155457_ACGTAGTTCGCCACTT-1,0,enzalutamide
Data32_GSM5155457_ACGTCCTAGCGGACAT-1,0,enzalutamide
Data32_GSM5155457_ACGTCCTAGTATAACG-1,0,enzalutamide
Data32_GSM5155457_ACGTCCTCACACGGAA-1,0,enzalutamide
Data32_GSM5155457_ACGTCCTCACGTAGTT-1,0,enzalutamide
Data32_GSM5155457_ACGTCCTCATATTCGG-1,0,enzalutamide
Data32_GSM5155457_ACGTCCTGTACCCGCA-1,0,enzalutamide
Data32_GSM5155457_ACGTCCTGTCTGTAGT-1,0,enzalutamide
Data32_GSM5155457_ACGTCCTGTCTTCCGT-1,0,enzalutamide
Data32_GSM5155457_ACGTCCTGTGCAGTGA-1,0,enzalutamide
Data32_GSM5155457_ACGTCCTTCACCATAG-1,0,enzalutamide
Data32_GSM5155457_ACGTCCTTCGTTCCCA-1,0,enzalutamide
Data32_GSM5155457_ACGTTCCAGCTATCCA-1,0,enzalutamide
Data32_GSM5155457_ACGTTCCCAGCCTATA-1,0,enzalutamide
Data32_GSM5155457_ACTACGAGTAACGCGA-1,0,enzalutamide
Data32_GSM5155457_ACTACGAGTCTCTCAC-1,0,enzalutamide
Data32_GSM5155457_ACTATCTAGGTTCATC-1,0,enzalutamide
Data32_GSM5155457_ACTATCTAGTCTACCA-1,0,enzalutamide
Data32_GSM5155457_ACTATCTCAGTTACCA-1,0,enzalutamide
Data32_GSM5155457_ACTATCTGTTTGAAAG-1,0,enzalutamide
Data32_GSM5155457_ACTATCTTCTGAGGTT-1,0,enzalutamide
Data32_GSM5155457_ACTATCTTCTGGACCG-1,0,enzalutamide
Data32_GSM5155457_ACTATCTTCTGTTCAT-1,0,enzalutamide
Data32_GSM5155457_ACTATGGAGAAGCGCT-1,0,enzalutamide
Data32_GSM5155457_ACTATGGAGAGCAGCT-1,0,enzalutamide
Data32_GSM5155457_ACTATGGAGTTTCGGT-1,0,enzalutamide
Data32_GSM5155457_ACTATGGCAGTAGAGC-1,0,enzalutamide
Data32_GSM5155457_ACTATGGCATGGCGCT-1,0,enzalutamide
Data32_GSM5155457_ACTATGGGTGTCTTCC-1,0,enzalutamide
Data32_GSM5155457_ACTATGGTCCATAGGT-1,0,enzalutamide
Data32_GSM5155457_ACTATTCGTCCTTGTC-1,0,enzalutamide
Data32_GSM5155457_ACTATTCTCACGGTCG-1,0,enzalutamide
Data32_GSM5155457_ACTATTCTCGGCATCG-1,0,enzalutamide
Data32_GSM5155457_ACTCCCACAGTGTATC-1,0,enzalutamide
Data32_GSM5155457_ACTCCCATCTCCTACG-1,0,enzalutamide
Data32_GSM5155457_ACTCCCATCTGGTGCG-1,0,enzalutamide
Data32_GSM5155457_ACTCTCGAGACATAAC-1,0,enzalutamide
Data32_GSM5155457_ACTCTCGAGGCTGAAC-1,0,enzalutamide
Data32_GSM5155457_ACTCTCGCAGGGAGAG-1,0,enzalutamide
Data32_GSM5155457_ACTCTCGCAGTGGGTA-1,0,enzalutamide
Data32_GSM5155457_ACTGATGAGCGAATGC-1,0,enzalutamide
Data32_GSM5155457_ACTGATGAGGCTGGAT-1,0,enzalutamide
Data32_GSM5155457_ACTGATGCAGTGCCTG-1,0,enzalutamide
Data32_GSM5155457_ACTGATGGTCAACACT-1,0,enzalutamide
Data32_GSM5155457_ACTGCAACAATGAGCG-1,0,enzalutamide
Data32_GSM5155457_ACTGCAACAGCGTACC-1,0,enzalutamide
Data32_GSM5155457_ACTGCAAGTTCCTAGA-1,0,enzalutamide
Data32_GSM5155457_ACTGCAATCCTACGAA-1,0,enzalutamide
Data32_GSM5155457_ACTGTCCCACTACACA-1,0,enzalutamide
Data32_GSM5155457_ACTGTCCCATCCGCGA-1,0,enzalutamide
Data32_GSM5155457_ACTGTCCGTTCACCGG-1,0,enzalutamide
Data32_GSM5155457_ACTGTCCTCACTCGAA-1,0,enzalutamide
Data32_GSM5155457_ACTGTCCTCGGAATGG-1,0,enzalutamide
Data32_GSM5155457_ACTGTCCTCGGATACT-1,0,enzalutamide
Data32_GSM5155457_ACTGTGAAGAAACACT-1,0,enzalutamide
Data32_GSM5155457_ACTGTGAAGACCTTTG-1,0,enzalutamide
Data32_GSM5155457_ACTGTGAAGATCACCT-1,0,enzalutamide
Data32_GSM5155457_ACTGTGAAGGACGCTA-1,0,enzalutamide
Data32_GSM5155457_ACTGTGAAGTCGGCAA-1,0,enzalutamide
Data32_GSM5155457_ACTGTGACAGATACCT-1,0,enzalutamide
Data32_GSM5155457_ACTGTGAGTAGCTGAG-1,0,enzalutamide
Data32_GSM5155457_ACTGTGAGTTTAGTCG-1,0,enzalutamide
Data32_GSM5155457_ACTGTGATCATGGGAG-1,0,enzalutamide
Data32_GSM5155457_ACTGTGATCCTCTTTC-1,0,enzalutamide
Data32_GSM5155457_ACTGTGATCTGCCCTA-1,0,enzalutamide
Data32_GSM5155457_ACTGTGATCTGTTGGA-1,0,enzalutamide
Data32_GSM5155457_ACTTAGGCAGCGCTTG-1,0,enzalutamide
Data32_GSM5155457_ACTTAGGCAGGCTACC-1,0,enzalutamide
Data32_GSM5155457_ACTTAGGGTAACGTTC-1,0,enzalutamide
Data32_GSM5155457_ACTTAGGGTGTTCCAA-1,0,enzalutamide
Data32_GSM5155457_ACTTATCAGCGTATAA-1,0,enzalutamide
Data32_GSM5155457_ACTTATCCAATACCCA-1,0,enzalutamide
Data32_GSM5155457_ACTTATCCATAGATCC-1,0,enzalutamide
Data32_GSM5155457_ACTTATCCATGGACAG-1,0,enzalutamide
Data32_GSM5155457_ACTTATCGTTACCTGA-1,0,enzalutamide
Data32_GSM5155457_ACTTATCTCTACAGGT-1,0,enzalutamide
Data32_GSM5155457_ACTTCCGAGACGAAGA-1,0,enzalutamide
Data32_GSM5155457_ACTTCCGTCACTGATG-1,0,enzalutamide
Data32_GSM5155457_ACTTCCGTCCGAACGC-1,0,enzalutamide
Data32_GSM5155457_ACTTCCGTCTCCTACG-1,0,enzalutamide
Data32_GSM5155457_ACTTCGCAGAGTGTTA-1,0,enzalutamide
Data32_GSM5155457_ACTTCGCAGCCTTTCC-1,0,enzalutamide
Data32_GSM5155457_ACTTCGCAGGTCGTAG-1,0,enzalutamide
Data32_GSM5155457_ACTTCGCGTACGAGCA-1,0,enzalutamide
Data32_GSM5155457_ACTTCGCTCACTCACC-1,0,enzalutamide
Data32_GSM5155457_ACTTTCAAGCGGCTCT-1,0,enzalutamide
Data32_GSM5155457_ACTTTCAAGCTCTTCC-1,0,enzalutamide
Data32_GSM5155457_ACTTTCAAGTACAGAT-1,0,enzalutamide
Data32_GSM5155457_ACTTTCACAAGCTGCC-1,0,enzalutamide
Data32_GSM5155457_ACTTTCACACCGTACG-1,0,enzalutamide
Data32_GSM5155457_ACTTTCAGTACTGACT-1,0,enzalutamide
Data32_GSM5155457_ACTTTCAGTCCTTAAG-1,0,enzalutamide
Data32_GSM5155457_ACTTTCATCAAAGACA-1,0,enzalutamide
Data32_GSM5155457_ACTTTCATCGCCATAA-1,0,enzalutamide
Data32_GSM5155457_ACTTTCATCTCCGAAA-1,0,enzalutamide
Data32_GSM5155457_ACTTTGTAGATACGAT-1,0,enzalutamide
Data32_GSM5155457_ACTTTGTCAACTAGAA-1,0,enzalutamide
Data32_GSM5155457_ACTTTGTCATCTATCT-1,0,enzalutamide
Data32_GSM5155457_ACTTTGTGTACGGTTT-1,0,enzalutamide
Data32_GSM5155457_ACTTTGTGTATGCTAC-1,0,enzalutamide
Data32_GSM5155457_AGAAATGAGACCAGAC-1,0,enzalutamide
Data32_GSM5155457_AGAAATGGTAATGATG-1,0,enzalutamide
Data32_GSM5155457_AGAAATGGTCAGATTC-1,0,enzalutamide
Data32_GSM5155457_AGAAATGGTTCGTACA-1,0,enzalutamide
Data32_GSM5155457_AGAACAAAGGTGATCG-1,0,enzalutamide
Data32_GSM5155457_AGAACAACAAATGGCG-1,0,enzalutamide
Data32_GSM5155457_AGAACAACAGGCATGA-1,0,enzalutamide
Data32_GSM5155457_AGAACAAGTGTCATTG-1,0,enzalutamide
Data32_GSM5155457_AGAACAAGTTCTATCT-1,0,enzalutamide
Data32_GSM5155457_AGAACAATCAATGCAC-1,0,enzalutamide
Data32_GSM5155457_AGAACAATCATTTCCA-1,0,enzalutamide
Data32_GSM5155457_AGAACAATCCGCAAAT-1,0,enzalutamide
Data32_GSM5155457_AGAACCTCACACACGC-1,0,enzalutamide
Data32_GSM5155457_AGAACCTGTACGTAGG-1,0,enzalutamide
Data32_GSM5155457_AGAAGCGAGGAGACCT-1,0,enzalutamide
Data32_GSM5155457_AGAAGCGAGGCACTCC-1,0,enzalutamide
Data32_GSM5155457_AGAAGCGAGTCGAATA-1,0,enzalutamide
Data32_GSM5155457_AGAAGCGGTATGTGTC-1,0,enzalutamide
Data32_GSM5155457_AGAAGCGGTCACGCTG-1,0,enzalutamide
Data32_GSM5155457_AGAAGTACACCTTCGT-1,0,enzalutamide
Data32_GSM5155457_AGAAGTAGTGACAACG-1,0,enzalutamide
Data32_GSM5155457_AGAAGTATCAAGAATG-1,0,enzalutamide
Data32_GSM5155457_AGAAGTATCTAGGAAA-1,0,enzalutamide
Data32_GSM5155457_AGACAAAAGTAACAGT-1,0,enzalutamide
Data32_GSM5155457_AGACAAACATAGAATG-1,0,enzalutamide
Data32_GSM5155457_AGACAAAGTACGTACT-1,0,enzalutamide
Data32_GSM5155457_AGACAAAGTAGTAAGT-1,0,enzalutamide
Data32_GSM5155457_AGACAAATCCCGTGAG-1,0,enzalutamide
Data32_GSM5155457_AGACAAATCTGCGAGC-1,0,enzalutamide
Data32_GSM5155457_AGACACTAGTACCGGA-1,0,enzalutamide
Data32_GSM5155457_AGACACTCAGCAGAAC-1,0,enzalutamide
Data32_GSM5155457_AGACACTCATAATCGC-1,0,enzalutamide
Data32_GSM5155457_AGACACTGTATTTCGG-1,0,enzalutamide
Data32_GSM5155457_AGACACTTCAACGTGT-1,0,enzalutamide
Data32_GSM5155457_AGACACTTCTATTTCG-1,0,enzalutamide
Data32_GSM5155457_AGACAGGCAACTAGAA-1,0,enzalutamide
Data32_GSM5155457_AGACAGGCAGCACCCA-1,0,enzalutamide
Data32_GSM5155457_AGACAGGTCTACTGAG-1,0,enzalutamide
Data32_GSM5155457_AGACCATAGTAGATCA-1,0,enzalutamide
Data32_GSM5155457_AGACCATAGTCCCAGC-1,0,enzalutamide
Data32_GSM5155457_AGACCATCAAGGTACG-1,0,enzalutamide
Data32_GSM5155457_AGACCATCATGAAAGT-1,0,enzalutamide
Data32_GSM5155457_AGACCATCATGGATCT-1,0,enzalutamide
Data32_GSM5155457_AGACCATGTATCGCTA-1,0,enzalutamide
Data32_GSM5155457_AGACCATTCATCAGTG-1,0,enzalutamide
Data32_GSM5155457_AGACCATTCGGTCGGT-1,0,enzalutamide
Data32_GSM5155457_AGACCCGCAAAGGATT-1,0,enzalutamide
Data32_GSM5155457_AGACCCGGTTGCATGT-1,0,enzalutamide
Data32_GSM5155457_AGACTCAAGTCCGCCA-1,0,enzalutamide
Data32_GSM5155457_AGACTCAGTTCGGTTA-1,0,enzalutamide
Data32_GSM5155457_AGACTCATCGCCAGAC-1,0,enzalutamide
Data32_GSM5155457_AGACTCATCTAATTCC-1,0,enzalutamide
Data32_GSM5155457_AGAGAATCACCTGAAT-1,0,enzalutamide
Data32_GSM5155457_AGAGAATCAGAATGTA-1,0,enzalutamide
Data32_GSM5155457_AGAGAATTCTGGAAGG-1,0,enzalutamide
Data32_GSM5155457_AGAGAGCGTCTGTCAA-1,0,enzalutamide
Data32_GSM5155457_AGAGAGCGTCTTCGAA-1,0,enzalutamide
Data32_GSM5155457_AGAGAGCTCACTAGCA-1,0,enzalutamide
Data32_GSM5155457_AGAGAGCTCTATCGGA-1,0,enzalutamide
Data32_GSM5155457_AGAGCAGCAATCCAGT-1,0,enzalutamide
Data32_GSM5155457_AGAGCAGCACCTCTAC-1,0,enzalutamide
Data32_GSM5155457_AGAGCAGGTACGTGTT-1,0,enzalutamide
Data32_GSM5155457_AGAGCAGGTAGGTTTC-1,0,enzalutamide
Data32_GSM5155457_AGAGCAGGTCTTACAG-1,0,enzalutamide
Data32_GSM5155457_AGAGCAGTCGGAAACG-1,0,enzalutamide
Data32_GSM5155457_AGAGCCCAGCTGCCTG-1,0,enzalutamide
Data32_GSM5155457_AGAGCCCGTAAGATCA-1,0,enzalutamide
Data32_GSM5155457_AGAGCCCGTTCCAGGC-1,0,enzalutamide
Data32_GSM5155457_AGATAGAAGCTGAAGC-1,0,enzalutamide
Data32_GSM5155457_AGATAGAAGGGTGAAA-1,0,enzalutamide
Data32_GSM5155457_AGATAGAGTATAGGAT-1,0,enzalutamide
Data32_GSM5155457_AGATAGATCAAAGCCT-1,0,enzalutamide
Data32_GSM5155457_AGATAGATCAGCATTG-1,0,enzalutamide
Data32_GSM5155457_AGATCCAAGAGAGTTT-1,0,enzalutamide
Data32_GSM5155457_AGATCCAAGTAACGTA-1,0,enzalutamide
Data32_GSM5155457_AGATCCAGTGGATCGA-1,0,enzalutamide
Data32_GSM5155457_AGATCGTAGCACCCAC-1,0,enzalutamide
Data32_GSM5155457_AGATCGTAGTCACAGG-1,0,enzalutamide
Data32_GSM5155457_AGATCGTAGTCTTCCC-1,0,enzalutamide
Data32_GSM5155457_AGATCGTGTATCGCAT-1,0,enzalutamide
Data32_GSM5155457_AGATCGTGTTCTCCCA-1,0,enzalutamide
Data32_GSM5155457_AGATGAAAGGTACATA-1,0,enzalutamide
Data32_GSM5155457_AGATGAACACCCTCTA-1,0,enzalutamide
Data32_GSM5155457_AGATGAACAGCTGGTC-1,0,enzalutamide
Data32_GSM5155457_AGATGAATCACGGTCG-1,0,enzalutamide
Data32_GSM5155457_AGATGAATCTAGTGTG-1,0,enzalutamide
Data32_GSM5155457_AGATGCTAGGTTCCGC-1,0,enzalutamide
Data32_GSM5155457_AGATGCTAGTACCGGA-1,0,enzalutamide
Data32_GSM5155457_AGATGCTCACGGATCC-1,0,enzalutamide
Data32_GSM5155457_AGATGCTGTATTCCTT-1,0,enzalutamide
Data32_GSM5155457_AGCATCAAGCAGTACG-1,0,enzalutamide
Data32_GSM5155457_AGCATCAAGCTACAAA-1,0,enzalutamide
Data32_GSM5155457_AGCATCAAGTCGGCCT-1,0,enzalutamide
Data32_GSM5155457_AGCATCAGTTACACTG-1,0,enzalutamide
Data32_GSM5155457_AGCATCATCATTACCT-1,0,enzalutamide
Data32_GSM5155457_AGCCAATAGGTTTGAA-1,0,enzalutamide
Data32_GSM5155457_AGCCAATCATAATGAG-1,0,enzalutamide
Data32_GSM5155457_AGCCAATGTAAGGTCG-1,0,enzalutamide
Data32_GSM5155457_AGCCAATTCGAATGCT-1,0,enzalutamide
Data32_GSM5155457_AGCCAATTCGCTCTCA-1,0,enzalutamide
Data32_GSM5155457_AGCCACGAGTACGAGC-1,0,enzalutamide
Data32_GSM5155457_AGCCACGCACTCAAGT-1,0,enzalutamide
Data32_GSM5155457_AGCCACGGTAAGCAAT-1,0,enzalutamide
Data32_GSM5155457_AGCCACGGTGCCCGTA-1,0,enzalutamide
Data32_GSM5155457_AGCCACGTCCGATCTC-1,0,enzalutamide
Data32_GSM5155457_AGCCAGCCAAACACCT-1,0,enzalutamide
Data32_GSM5155457_AGCCAGCCATCCAACA-1,0,enzalutamide
Data32_GSM5155457_AGCCAGCCATCTAGAC-1,0,enzalutamide
Data32_GSM5155457_AGCCAGCGTGAGATAT-1,0,enzalutamide
Data32_GSM5155457_AGCGATTAGAGGATGA-1,0,enzalutamide
Data32_GSM5155457_AGCGATTAGTTGAAAC-1,0,enzalutamide
Data32_GSM5155457_AGCGATTCATGACGAG-1,0,enzalutamide
Data32_GSM5155457_AGCGATTGTTTGTGGT-1,0,enzalutamide
Data32_GSM5155457_AGCGATTTCTGCTCTG-1,0,enzalutamide
Data32_GSM5155457_AGCGATTTCTTTGATC-1,0,enzalutamide
Data32_GSM5155457_AGCGCCAAGACGATAT-1,0,enzalutamide
Data32_GSM5155457_AGCGCCAAGCGTGTTT-1,0,enzalutamide
Data32_GSM5155457_AGCGCCACAAATCAAG-1,0,enzalutamide
Data32_GSM5155457_AGCGCCATCGCATTAG-1,0,enzalutamide
Data32_GSM5155457_AGCGCTGAGCATGATA-1,0,enzalutamide
Data32_GSM5155457_AGCGCTGCAGAGTGAC-1,0,enzalutamide
Data32_GSM5155457_AGCGCTGTCCCATTTA-1,0,enzalutamide
Data32_GSM5155457_AGCGTATAGAGTCAAT-1,0,enzalutamide
Data32_GSM5155457_AGCGTATAGATGTAGT-1,0,enzalutamide
Data32_GSM5155457_AGCGTATAGCGACTGA-1,0,enzalutamide
Data32_GSM5155457_AGCGTATAGGAAAGTG-1,0,enzalutamide
Data32_GSM5155457_AGCGTATGTACCGGAA-1,0,enzalutamide
Data32_GSM5155457_AGCGTATGTTTCGTAG-1,0,enzalutamide
Data32_GSM5155457_AGCGTATTCTTGGTGA-1,0,enzalutamide
Data32_GSM5155457_AGCGTCGAGAATTTGG-1,0,enzalutamide
Data32_GSM5155457_AGCGTCGCATTGCCGG-1,0,enzalutamide
Data32_GSM5155457_AGCGTCGGTCATGACT-1,0,enzalutamide
Data32_GSM5155457_AGCGTCGGTTAAGTCC-1,0,enzalutamide
Data32_GSM5155457_AGCGTCGGTTATGTGC-1,0,enzalutamide
Data32_GSM5155457_AGCGTCGTCGGAGCAA-1,0,enzalutamide
Data32_GSM5155457_AGCTACAAGAGCAGCT-1,0,enzalutamide
Data32_GSM5155457_AGCTACAAGCGGACAT-1,0,enzalutamide
Data32_GSM5155457_AGCTACAAGTCTGCAT-1,0,enzalutamide
Data32_GSM5155457_AGCTACACATAATCGC-1,0,enzalutamide
Data32_GSM5155457_AGCTACATCTTGTGCC-1,0,enzalutamide
Data32_GSM5155457_AGCTCAACAACTTGCA-1,0,enzalutamide
Data32_GSM5155457_AGCTCAACACGGATCC-1,0,enzalutamide
Data32_GSM5155457_AGCTCAACAGCCTACG-1,0,enzalutamide
Data32_GSM5155457_AGCTCAAGTGCTTATG-1,0,enzalutamide
Data32_GSM5155457_AGCTTCCAGCGACATG-1,0,enzalutamide
Data32_GSM5155457_AGCTTCCCAGAGTCTT-1,0,enzalutamide
Data32_GSM5155457_AGCTTCCCATGTACGT-1,0,enzalutamide
Data32_GSM5155457_AGCTTCCGTAACTGCT-1,0,enzalutamide
Data32_GSM5155457_AGCTTCCTCATAGAGA-1,0,enzalutamide
Data32_GSM5155457_AGCTTCCTCCTTCTGG-1,0,enzalutamide
Data32_GSM5155457_AGCTTCCTCTCGGCTT-1,0,enzalutamide
Data32_GSM5155457_AGGAAATCACTTCAGA-1,0,enzalutamide
Data32_GSM5155457_AGGAAATGTCTAGTGT-1,0,enzalutamide
Data32_GSM5155457_AGGAAATTCCTGTTGC-1,0,enzalutamide
Data32_GSM5155457_AGGAAATTCTCTCAAT-1,0,enzalutamide
Data32_GSM5155457_AGGAATAAGACTAGAT-1,0,enzalutamide
Data32_GSM5155457_AGGAATACAGGTGAGT-1,0,enzalutamide
Data32_GSM5155457_AGGAATACATGGCTGC-1,0,enzalutamide
Data32_GSM5155457_AGGAATAGTAATTGGA-1,0,enzalutamide
Data32_GSM5155457_AGGAATAGTAGCTTGT-1,0,enzalutamide
Data32_GSM5155457_AGGAATAGTCACGTGC-1,0,enzalutamide
Data32_GSM5155457_AGGAATAGTGAGGCAT-1,0,enzalutamide
Data32_GSM5155457_AGGAATATCAAGTTGC-1,0,enzalutamide
Data32_GSM5155457_AGGAATATCGGTGAAG-1,0,enzalutamide
Data32_GSM5155457_AGGACGAAGTTCATGC-1,0,enzalutamide
Data32_GSM5155457_AGGACGACACCGTGCA-1,0,enzalutamide
Data32_GSM5155457_AGGACGACAGTCGAGA-1,0,enzalutamide
Data32_GSM5155457_AGGACGACATCATTGG-1,0,enzalutamide
Data32_GSM5155457_AGGACGACATCGCTCT-1,0,enzalutamide
Data32_GSM5155457_AGGACGATCTAATTCC-1,0,enzalutamide
Data32_GSM5155457_AGGACTTAGTATTAGG-1,0,enzalutamide
Data32_GSM5155457_AGGACTTCACGATTCA-1,0,enzalutamide
Data32_GSM5155457_AGGACTTGTAAGAACT-1,0,enzalutamide
Data32_GSM5155457_AGGACTTGTGGAGGTT-1,0,enzalutamide
Data32_GSM5155457_AGGACTTGTTGAGTCT-1,0,enzalutamide
Data32_GSM5155457_AGGACTTTCGGTCATA-1,0,enzalutamide
Data32_GSM5155457_AGGAGGTGTCGACGCT-1,0,enzalutamide
Data32_GSM5155457_AGGAGGTTCCATATGG-1,0,enzalutamide
Data32_GSM5155457_AGGATAAAGCCAAGTG-1,0,enzalutamide
Data32_GSM5155457_AGGATAAAGCGCCTAC-1,0,enzalutamide
Data32_GSM5155457_AGGATAAGTGAGATCG-1,0,enzalutamide
Data32_GSM5155457_AGGATCTAGAACGTGC-1,0,enzalutamide
Data32_GSM5155457_AGGATCTGTTACCCAA-1,0,enzalutamide
Data32_GSM5155457_AGGCATTCACATGAAA-1,0,enzalutamide
Data32_GSM5155457_AGGCATTCACCTCTGT-1,0,enzalutamide
Data32_GSM5155457_AGGCATTCACGAGGAT-1,0,enzalutamide
Data32_GSM5155457_AGGCATTTCACCTCTG-1,0,enzalutamide
Data32_GSM5155457_AGGCATTTCACTACTT-1,0,enzalutamide
Data32_GSM5155457_AGGCATTTCGCTACGG-1,0,enzalutamide
Data32_GSM5155457_AGGCCACAGCGTTCAT-1,0,enzalutamide
Data32_GSM5155457_AGGCCACAGGATAATC-1,0,enzalutamide
Data32_GSM5155457_AGGCCACGTGCGGCTT-1,0,enzalutamide
Data32_GSM5155457_AGGCCACTCCATAGAC-1,0,enzalutamide
Data32_GSM5155457_AGGCTGCAGTAATTGG-1,0,enzalutamide
Data32_GSM5155457_AGGCTGCCACCCATAA-1,0,enzalutamide
Data32_GSM5155457_AGGCTGCCACCCTTAC-1,0,enzalutamide
Data32_GSM5155457_AGGCTGCCAGTAACGG-1,0,enzalutamide
Data32_GSM5155457_AGGCTGCGTACGATCT-1,0,enzalutamide
Data32_GSM5155457_AGGCTGCGTCACCGCA-1,0,enzalutamide
Data32_GSM5155457_AGGCTGCGTCACTCTC-1,0,enzalutamide
Data32_GSM5155457_AGGCTGCTCATTCTTG-1,0,enzalutamide
Data32_GSM5155457_AGGGAGTAGCATCAAA-1,0,enzalutamide
Data32_GSM5155457_AGGGAGTAGCGCCATC-1,0,enzalutamide
Data32_GSM5155457_AGGGAGTCAGAGCCCT-1,0,enzalutamide
Data32_GSM5155457_AGGGAGTCATGACCCG-1,0,enzalutamide
Data32_GSM5155457_AGGGAGTGTCCCTGAG-1,0,enzalutamide
Data32_GSM5155457_AGGGAGTGTCGGAACA-1,0,enzalutamide
Data32_GSM5155457_AGGGAGTTCTAAGCGT-1,0,enzalutamide
Data32_GSM5155457_AGGGCCTAGGGATCAC-1,0,enzalutamide
Data32_GSM5155457_AGGGCCTCAAGAATGT-1,0,enzalutamide
Data32_GSM5155457_AGGGCCTCACAGGATG-1,0,enzalutamide
Data32_GSM5155457_AGGGCCTGTGCTTCAA-1,0,enzalutamide
Data32_GSM5155457_AGGGCTCAGAACAGGA-1,0,enzalutamide
Data32_GSM5155457_AGGGCTCAGGTACTGG-1,0,enzalutamide
Data32_GSM5155457_AGGGCTCAGTTCCTGA-1,0,enzalutamide
Data32_GSM5155457_AGGGCTCAGTTGCTGT-1,0,enzalutamide
Data32_GSM5155457_AGGGCTCCAACGACTT-1,0,enzalutamide
Data32_GSM5155457_AGGGCTCGTGAACCGA-1,0,enzalutamide
Data32_GSM5155457_AGGGCTCTCCTCTCGA-1,0,enzalutamide
Data32_GSM5155457_AGGGTCCAGAGTGTGC-1,0,enzalutamide
Data32_GSM5155457_AGGGTCCAGGATACCG-1,0,enzalutamide
Data32_GSM5155457_AGGGTCCAGTGATAGT-1,0,enzalutamide
Data32_GSM5155457_AGGGTCCAGTTCCAGT-1,0,enzalutamide
Data32_GSM5155457_AGGGTCCGTCCTACGG-1,0,enzalutamide
Data32_GSM5155457_AGGGTCCGTGGCTTGC-1,0,enzalutamide
Data32_GSM5155457_AGGGTCCTCAATCTTC-1,0,enzalutamide
Data32_GSM5155457_AGGGTCCTCCCATTTA-1,0,enzalutamide
Data32_GSM5155457_AGGGTGACAGCCGTCA-1,0,enzalutamide
Data32_GSM5155457_AGGGTGAGTACTCCGG-1,0,enzalutamide
Data32_GSM5155457_AGGGTGATCCATGCAA-1,0,enzalutamide
Data32_GSM5155457_AGGGTTTAGCAACCAG-1,0,enzalutamide
Data32_GSM5155457_AGGGTTTAGTCCCGAC-1,0,enzalutamide
Data32_GSM5155457_AGGGTTTAGTGACACG-1,0,enzalutamide
Data32_GSM5155457_AGGGTTTCAGCTACAT-1,0,enzalutamide
Data32_GSM5155457_AGGGTTTGTCAGACTT-1,0,enzalutamide
Data32_GSM5155457_AGGTAGGAGCGCACAA-1,0,enzalutamide
Data32_GSM5155457_AGGTAGGAGGCCTGAA-1,0,enzalutamide
Data32_GSM5155457_AGGTAGGCAACCAGAG-1,0,enzalutamide
Data32_GSM5155457_AGGTAGGCAACCGATT-1,0,enzalutamide
Data32_GSM5155457_AGGTAGGCACATATCG-1,0,enzalutamide
Data32_GSM5155457_AGGTAGGCACGATTCA-1,0,enzalutamide
Data32_GSM5155457_AGGTAGGGTCTTCTAT-1,0,enzalutamide
Data32_GSM5155457_AGGTAGGTCCCGTTCA-1,0,enzalutamide
Data32_GSM5155457_AGGTAGGTCCGTGGTG-1,0,enzalutamide
Data32_GSM5155457_AGGTCATAGAAACTGT-1,0,enzalutamide
Data32_GSM5155457_AGGTCATAGCTACAAA-1,0,enzalutamide
Data32_GSM5155457_AGGTCATCAAATGAAC-1,0,enzalutamide
Data32_GSM5155457_AGGTCATCACGCCACA-1,0,enzalutamide
Data32_GSM5155457_AGGTCATCAGCTGTCG-1,0,enzalutamide
Data32_GSM5155457_AGGTCATCAGGCCCTA-1,0,enzalutamide
Data32_GSM5155457_AGGTCATGTCGAAACG-1,0,enzalutamide
Data32_GSM5155457_AGGTCATGTGTCTCCT-1,0,enzalutamide
Data32_GSM5155457_AGGTCATTCACTGCTC-1,0,enzalutamide
Data32_GSM5155457_AGGTCTACACCGCTAG-1,0,enzalutamide
Data32_GSM5155457_AGGTCTACATCATTTC-1,0,enzalutamide
Data32_GSM5155457_AGGTCTACATGAGTAA-1,0,enzalutamide
Data32_GSM5155457_AGGTCTAGTTGGACTT-1,0,enzalutamide
Data32_GSM5155457_AGGTCTATCACACGAT-1,0,enzalutamide
Data32_GSM5155457_AGGTCTATCGACCACG-1,0,enzalutamide
Data32_GSM5155457_AGGTCTATCTACCTTA-1,0,enzalutamide
Data32_GSM5155457_AGGTGTTTCCACAGGC-1,0,enzalutamide
Data32_GSM5155457_AGGTTACAGAAGATCT-1,0,enzalutamide
Data32_GSM5155457_AGGTTACAGACAGCGT-1,0,enzalutamide
Data32_GSM5155457_AGGTTACAGGAAAGTG-1,0,enzalutamide
Data32_GSM5155457_AGGTTACCACGGTAGA-1,0,enzalutamide
Data32_GSM5155457_AGGTTACCATATACCG-1,0,enzalutamide
Data32_GSM5155457_AGGTTACCATTCATCT-1,0,enzalutamide
Data32_GSM5155457_AGGTTACGTCCGTTTC-1,0,enzalutamide
Data32_GSM5155457_AGGTTACTCCGAGATT-1,0,enzalutamide
Data32_GSM5155457_AGGTTACTCCTTTAGT-1,0,enzalutamide
Data32_GSM5155457_AGGTTACTCGAAGCCC-1,0,enzalutamide
Data32_GSM5155457_AGGTTGTGTATAGCTC-1,0,enzalutamide
Data32_GSM5155457_AGGTTGTGTCCACGCA-1,0,enzalutamide
Data32_GSM5155457_AGGTTGTGTCCCGGTA-1,0,enzalutamide
Data32_GSM5155457_AGGTTGTTCATTGTGG-1,0,enzalutamide
Data32_GSM5155457_AGTAACCAGTCAGGGT-1,0,enzalutamide
Data32_GSM5155457_AGTAACCCAGACAAAT-1,0,enzalutamide
Data32_GSM5155457_AGTAACCGTTGCTCCT-1,0,enzalutamide
Data32_GSM5155457_AGTAACCTCGCTTTAT-1,0,enzalutamide
Data32_GSM5155457_AGTAACCTCGGATACT-1,0,enzalutamide
Data32_GSM5155457_AGTAACCTCGGTAACT-1,0,enzalutamide
Data32_GSM5155457_AGTACCAAGCCACAAG-1,0,enzalutamide
Data32_GSM5155457_AGTACCAAGGATACAT-1,0,enzalutamide
Data32_GSM5155457_AGTACCACACAAGGTG-1,0,enzalutamide
Data32_GSM5155457_AGTACCACACTGGAAG-1,0,enzalutamide
Data32_GSM5155457_AGTACCACAGCTAACT-1,0,enzalutamide
Data32_GSM5155457_AGTACTGAGGTCGCCT-1,0,enzalutamide
Data32_GSM5155457_AGTACTGAGGTGCGAT-1,0,enzalutamide
Data32_GSM5155457_AGTACTGCAAGACGGT-1,0,enzalutamide
Data32_GSM5155457_AGTACTGCAAGGCGTA-1,0,enzalutamide
Data32_GSM5155457_AGTACTGCACCATATG-1,0,enzalutamide
Data32_GSM5155457_AGTACTGCAGCAGACA-1,0,enzalutamide
Data32_GSM5155457_AGTACTGGTCGCCTAG-1,0,enzalutamide
Data32_GSM5155457_AGTACTGTCTTCGATT-1,0,enzalutamide
Data32_GSM5155457_AGTAGCTAGACTTAAG-1,0,enzalutamide
Data32_GSM5155457_AGTAGCTAGCAAACAT-1,0,enzalutamide
Data32_GSM5155457_AGTAGCTAGTCATACC-1,0,enzalutamide
Data32_GSM5155457_AGTAGCTCAAATCGTC-1,0,enzalutamide
Data32_GSM5155457_AGTAGCTCACCGAATT-1,0,enzalutamide
Data32_GSM5155457_AGTAGCTTCACAATGC-1,0,enzalutamide
Data32_GSM5155457_AGTAGCTTCACCGCTT-1,0,enzalutamide
Data32_GSM5155457_AGTAGCTTCCGCAAAT-1,0,enzalutamide
Data32_GSM5155457_AGTAGCTTCGCGTCGA-1,0,enzalutamide
Data32_GSM5155457_AGTAGTCCACCTGCGA-1,0,enzalutamide
Data32_GSM5155457_AGTAGTCCAGCGACCT-1,0,enzalutamide
Data32_GSM5155457_AGTAGTCCATCGGATT-1,0,enzalutamide
Data32_GSM5155457_AGTAGTCGTAATACCC-1,0,enzalutamide
Data32_GSM5155457_AGTAGTCTCACAGTGT-1,0,enzalutamide
Data32_GSM5155457_AGTCAACAGACCGCCT-1,0,enzalutamide
Data32_GSM5155457_AGTCAACCAACCCTAA-1,0,enzalutamide
Data32_GSM5155457_AGTCAACCAATCTCGA-1,0,enzalutamide
Data32_GSM5155457_AGTCAACCATCCTTGC-1,0,enzalutamide
Data32_GSM5155457_AGTCAACGTACCCACG-1,0,enzalutamide
Data32_GSM5155457_AGTCAACGTCTCAGAT-1,0,enzalutamide
Data32_GSM5155457_AGTCAACGTGTCCATA-1,0,enzalutamide
Data32_GSM5155457_AGTCAACGTTCGTACA-1,0,enzalutamide
Data32_GSM5155457_AGTCAACTCGGCGATC-1,0,enzalutamide
Data32_GSM5155457_AGTCACACAAAGTATG-1,0,enzalutamide
Data32_GSM5155457_AGTCACACACCCTGAG-1,0,enzalutamide
Data32_GSM5155457_AGTCACAGTCTGTAAC-1,0,enzalutamide
Data32_GSM5155457_AGTCACAGTGCCTGCA-1,0,enzalutamide
Data32_GSM5155457_AGTCACAGTTAGGCCC-1,0,enzalutamide
Data32_GSM5155457_AGTCACAGTTGCATTG-1,0,enzalutamide
Data32_GSM5155457_AGTCACATCCTGCCAT-1,0,enzalutamide
Data32_GSM5155457_AGTCATGAGGATTTAG-1,0,enzalutamide
Data32_GSM5155457_AGTCATGCATGCGTGC-1,0,enzalutamide
Data32_GSM5155457_AGTCATGGTAGCTGCC-1,0,enzalutamide
Data32_GSM5155457_AGTCATGTCTCAGGCG-1,0,enzalutamide
Data32_GSM5155457_AGTCATGTCTGTGCGG-1,0,enzalutamide
Data32_GSM5155457_AGTCTCCCATACCAGT-1,0,enzalutamide
Data32_GSM5155457_AGTCTCCGTACGCTAT-1,0,enzalutamide
Data32_GSM5155457_AGTCTCCGTATGTCTG-1,0,enzalutamide
Data32_GSM5155457_AGTCTCCTCAACTTTC-1,0,enzalutamide
Data32_GSM5155457_AGTCTCCTCGATGCAT-1,0,enzalutamide
Data32_GSM5155457_AGTGACTAGCTGAAGC-1,0,enzalutamide
Data32_GSM5155457_AGTGACTAGGCCACCT-1,0,enzalutamide
Data32_GSM5155457_AGTGACTAGTATGAGT-1,0,enzalutamide
Data32_GSM5155457_AGTGACTGTACCCGAC-1,0,enzalutamide
Data32_GSM5155457_AGTGACTGTAGGCAGT-1,0,enzalutamide
Data32_GSM5155457_AGTGACTTCCCTCTCC-1,0,enzalutamide
Data32_GSM5155457_AGTGATCCATTGGCAT-1,0,enzalutamide
Data32_GSM5155457_AGTGATCTCATGAAAG-1,0,enzalutamide
Data32_GSM5155457_AGTGCCGCAAGAGCTG-1,0,enzalutamide
Data32_GSM5155457_AGTGCCGCACTTCAAG-1,0,enzalutamide
Data32_GSM5155457_AGTGCCGTCACCATGA-1,0,enzalutamide
Data32_GSM5155457_AGTGCCGTCCCATAAG-1,0,enzalutamide
Data32_GSM5155457_AGTGTTGTCTGTGCTC-1,0,enzalutamide
Data32_GSM5155457_AGTTAGCAGACGACGT-1,0,enzalutamide
Data32_GSM5155457_AGTTAGCTCATCTGTT-1,0,enzalutamide
Data32_GSM5155457_AGTTAGCTCCCGAAAT-1,0,enzalutamide
Data32_GSM5155457_AGTTAGCTCGTAGGAG-1,0,enzalutamide
Data32_GSM5155457_AGTTAGCTCTTAGCAG-1,0,enzalutamide
Data32_GSM5155457_AGTTCCCAGGAAAGGT-1,0,enzalutamide
Data32_GSM5155457_AGTTCCCCAGGGATAC-1,0,enzalutamide
Data32_GSM5155457_AGTTCCCGTCAACACT-1,0,enzalutamide
Data32_GSM5155457_AGTTCGAAGACCAAAT-1,0,enzalutamide
Data32_GSM5155457_AGTTCGAAGATCGGTG-1,0,enzalutamide
Data32_GSM5155457_AGTTCGACATTGCTTT-1,0,enzalutamide
Data32_GSM5155457_AGTTCGAGTCGCAACC-1,0,enzalutamide
Data32_GSM5155457_AGTTCGAGTGAATTAG-1,0,enzalutamide
Data32_GSM5155457_AGTTCGATCCTTATGT-1,0,enzalutamide
Data32_GSM5155457_ATACCGAAGGAAGTCC-1,0,enzalutamide
Data32_GSM5155457_ATACCGACAATGTTGC-1,0,enzalutamide
Data32_GSM5155457_ATACCGACAATTGAGA-1,0,enzalutamide
Data32_GSM5155457_ATACCGACAGAGTCTT-1,0,enzalutamide
Data32_GSM5155457_ATACCGACAGGAACCA-1,0,enzalutamide
Data32_GSM5155457_ATACCGACAGGTCCCA-1,0,enzalutamide
Data32_GSM5155457_ATACCTTAGCGCCTAC-1,0,enzalutamide
Data32_GSM5155457_ATACCTTCAACGGCCT-1,0,enzalutamide
Data32_GSM5155457_ATACCTTCAGAGTGTG-1,0,enzalutamide
Data32_GSM5155457_ATACTTCGTTGATGTC-1,0,enzalutamide
Data32_GSM5155457_ATACTTCTCGCGTGCA-1,0,enzalutamide
Data32_GSM5155457_ATAGACCAGACTAAGT-1,0,enzalutamide
Data32_GSM5155457_ATAGACCAGCGAATGC-1,0,enzalutamide
Data32_GSM5155457_ATAGACCAGGAACTCG-1,0,enzalutamide
Data32_GSM5155457_ATAGACCAGTCAGCCC-1,0,enzalutamide
Data32_GSM5155457_ATAGACCGTAGTCTGT-1,0,enzalutamide
Data32_GSM5155457_ATAGACCGTCGCTTAA-1,0,enzalutamide
Data32_GSM5155457_ATAGACCGTCTACACA-1,0,enzalutamide
Data32_GSM5155457_ATAGACCGTTGCTTGA-1,0,enzalutamide
Data32_GSM5155457_ATAGACCTCGTCGACG-1,0,enzalutamide
Data32_GSM5155457_ATAGACCTCTACGCAA-1,0,enzalutamide
Data32_GSM5155457_ATAGACCTCTATCACT-1,0,enzalutamide
Data32_GSM5155457_ATAGAGAAGAGTGAAG-1,0,enzalutamide
Data32_GSM5155457_ATAGAGAAGCTAATCC-1,0,enzalutamide
Data32_GSM5155457_ATAGAGACAATGAAAC-1,0,enzalutamide
Data32_GSM5155457_ATAGAGAGTCCGGATC-1,0,enzalutamide
Data32_GSM5155457_ATAGAGAGTCTGTGGC-1,0,enzalutamide
Data32_GSM5155457_ATAGAGATCGAGAAGC-1,0,enzalutamide
Data32_GSM5155457_ATAGGCTAGCCATCCG-1,0,enzalutamide
Data32_GSM5155457_ATAGGCTAGCGAAACC-1,0,enzalutamide
Data32_GSM5155457_ATAGGCTCACTAGGCC-1,0,enzalutamide
Data32_GSM5155457_ATAGGCTCAGCTGTTA-1,0,enzalutamide
Data32_GSM5155457_ATAGGCTGTCGGAAAC-1,0,enzalutamide
Data32_GSM5155457_ATAGGCTGTCTGTGCG-1,0,enzalutamide
Data32_GSM5155457_ATAGGCTTCATGCCCT-1,0,enzalutamide
Data32_GSM5155457_ATAGGCTTCCATGATG-1,0,enzalutamide
Data32_GSM5155457_ATAGGCTTCCCGAGAC-1,0,enzalutamide
Data32_GSM5155457_ATAGGCTTCTAGAACC-1,0,enzalutamide
Data32_GSM5155457_ATATCCTAGAAAGCGA-1,0,enzalutamide
Data32_GSM5155457_ATATCCTGTCGTACAT-1,0,enzalutamide
Data32_GSM5155457_ATATCCTGTTCCTAAG-1,0,enzalutamide
Data32_GSM5155457_ATATCCTTCGCATTGA-1,0,enzalutamide
Data32_GSM5155457_ATCACAGCACCATATG-1,0,enzalutamide
Data32_GSM5155457_ATCACAGCATATCGGT-1,0,enzalutamide
Data32_GSM5155457_ATCACAGGTAACATGA-1,0,enzalutamide
Data32_GSM5155457_ATCACAGGTGACTATC-1,0,enzalutamide
Data32_GSM5155457_ATCACAGTCATCCTAT-1,0,enzalutamide
Data32_GSM5155457_ATCACAGTCGCCAACG-1,0,enzalutamide
Data32_GSM5155457_ATCACAGTCGGAACTT-1,0,enzalutamide
Data32_GSM5155457_ATCACAGTCGGTCACG-1,0,enzalutamide
Data32_GSM5155457_ATCACAGTCGTGTCAA-1,0,enzalutamide
Data32_GSM5155457_ATCACGAAGTCTGGAG-1,0,enzalutamide
Data32_GSM5155457_ATCACGACAACTTGGT-1,0,enzalutamide
Data32_GSM5155457_ATCACGACAGTAGGAC-1,0,enzalutamide
Data32_GSM5155457_ATCACGACATTCGATG-1,0,enzalutamide
Data32_GSM5155457_ATCACGAGTTCGAGCC-1,0,enzalutamide
Data32_GSM5155457_ATCACGAGTTGGGCCT-1,0,enzalutamide
Data32_GSM5155457_ATCACGATCCGCTTAC-1,0,enzalutamide
Data32_GSM5155457_ATCACTTAGGAGGGTG-1,0,enzalutamide
Data32_GSM5155457_ATCACTTGTAAGGCCA-1,0,enzalutamide
Data32_GSM5155457_ATCACTTGTTCTTGTT-1,0,enzalutamide
Data32_GSM5155457_ATCACTTTCTAGACAC-1,0,enzalutamide
Data32_GSM5155457_ATCAGGTAGTAGGTTA-1,0,enzalutamide
Data32_GSM5155457_ATCAGGTAGTTGGAGC-1,0,enzalutamide
Data32_GSM5155457_ATCAGGTCAACCGCTG-1,0,enzalutamide
Data32_GSM5155457_ATCAGGTCAGGGACTA-1,0,enzalutamide
Data32_GSM5155457_ATCAGGTGTAGCACGA-1,0,enzalutamide
Data32_GSM5155457_ATCAGGTGTTCCAAAC-1,0,enzalutamide
Data32_GSM5155457_ATCAGGTGTTGGACTT-1,0,enzalutamide
Data32_GSM5155457_ATCAGGTTCACTTGGA-1,0,enzalutamide
Data32_GSM5155457_ATCCACCAGACAGCGT-1,0,enzalutamide
Data32_GSM5155457_ATCCACCCATAACCCA-1,0,enzalutamide
Data32_GSM5155457_ATCCACCGTGAACGGT-1,0,enzalutamide
Data32_GSM5155457_ATCCACCGTGAATGAT-1,0,enzalutamide
Data32_GSM5155457_ATCCACCGTTCCGTTC-1,0,enzalutamide
Data32_GSM5155457_ATCCATTAGCCGCACT-1,0,enzalutamide
Data32_GSM5155457_ATCCATTAGCGAACTG-1,0,enzalutamide
Data32_GSM5155457_ATCCATTAGCTCGAAG-1,0,enzalutamide
Data32_GSM5155457_ATCCATTCAACCTATG-1,0,enzalutamide
Data32_GSM5155457_ATCCATTCACAAACGG-1,0,enzalutamide
Data32_GSM5155457_ATCCATTCAGAAACCG-1,0,enzalutamide
Data32_GSM5155457_ATCCATTGTACGAGCA-1,0,enzalutamide
Data32_GSM5155457_ATCCATTGTTATGGTC-1,0,enzalutamide
Data32_GSM5155457_ATCCATTTCCCTCTCC-1,0,enzalutamide
Data32_GSM5155457_ATCCCTGAGAGTCCGA-1,0,enzalutamide
Data32_GSM5155457_ATCCCTGAGCAGGGAG-1,0,enzalutamide
Data32_GSM5155457_ATCCCTGAGTAGACAT-1,0,enzalutamide
Data32_GSM5155457_ATCCCTGAGTGGATTA-1,0,enzalutamide
Data32_GSM5155457_ATCCCTGCAACGATCT-1,0,enzalutamide
Data32_GSM5155457_ATCCCTGGTCTGCGCA-1,0,enzalutamide
Data32_GSM5155457_ATCCCTGTCGTCACCT-1,0,enzalutamide
Data32_GSM5155457_ATCCCTGTCTCATTGT-1,0,enzalutamide
Data32_GSM5155457_ATCCGTCAGAGCAACC-1,0,enzalutamide
Data32_GSM5155457_ATCCGTCAGAGTCTTC-1,0,enzalutamide
Data32_GSM5155457_ATCCGTCAGCGTCTCG-1,0,enzalutamide
Data32_GSM5155457_ATCCGTCGTATCCCAA-1,0,enzalutamide
Data32_GSM5155457_ATCCGTCGTGATAGAT-1,0,enzalutamide
Data32_GSM5155457_ATCCGTCGTGTTCAGT-1,0,enzalutamide
Data32_GSM5155457_ATCCGTCTCAACACCA-1,0,enzalutamide
Data32_GSM5155457_ATCCTATAGAGTTCGG-1,0,enzalutamide
Data32_GSM5155457_ATCCTATGTAGTTACC-1,0,enzalutamide
Data32_GSM5155457_ATCCTATGTGTCTTGA-1,0,enzalutamide
Data32_GSM5155457_ATCCTATTCCAAGGGA-1,0,enzalutamide
Data32_GSM5155457_ATCGATGAGGCCTGAA-1,0,enzalutamide
Data32_GSM5155457_ATCGATGCAAATGAAC-1,0,enzalutamide
Data32_GSM5155457_ATCGATGCAAGCTGCC-1,0,enzalutamide
Data32_GSM5155457_ATCGATGCAGGGTTGA-1,0,enzalutamide
Data32_GSM5155457_ATCGATGCATTGCAAC-1,0,enzalutamide
Data32_GSM5155457_ATCGATGTCGAACACT-1,0,enzalutamide
Data32_GSM5155457_ATCGATGTCGACGCTG-1,0,enzalutamide
Data32_GSM5155457_ATCGATGTCTATTGTC-1,0,enzalutamide
Data32_GSM5155457_ATCGCCTAGATGCTGG-1,0,enzalutamide
Data32_GSM5155457_ATCGCCTCAGACGCTC-1,0,enzalutamide
Data32_GSM5155457_ATCGCCTGTGTCTTGA-1,0,enzalutamide
Data32_GSM5155457_ATCGGATAGAATCCCT-1,0,enzalutamide
Data32_GSM5155457_ATCGGATAGACGCTCC-1,0,enzalutamide
Data32_GSM5155457_ATCGGATAGGAATGTT-1,0,enzalutamide
Data32_GSM5155457_ATCGGATAGGTGCCTC-1,0,enzalutamide
Data32_GSM5155457_ATCGGATCATCCAACA-1,0,enzalutamide
Data32_GSM5155457_ATCGGATGTCGCGGTT-1,0,enzalutamide
Data32_GSM5155457_ATCGGATTCCATACTT-1,0,enzalutamide
Data32_GSM5155457_ATCGGCGGTCCCAAAT-1,0,enzalutamide
Data32_GSM5155457_ATCGGCGGTCCGAAGA-1,0,enzalutamide
Data32_GSM5155457_ATCGGCGGTGATGTAA-1,0,enzalutamide
Data32_GSM5155457_ATCGGCGTCTGCCTCA-1,0,enzalutamide
Data32_GSM5155457_ATCGTAGCAACGACTT-1,0,enzalutamide
Data32_GSM5155457_ATCGTAGCACGCGTCA-1,0,enzalutamide
Data32_GSM5155457_ATCGTAGCAGCGCGTT-1,0,enzalutamide
Data32_GSM5155457_ATCGTAGGTAAGACCG-1,0,enzalutamide
Data32_GSM5155457_ATCGTAGTCAACACGT-1,0,enzalutamide
Data32_GSM5155457_ATCGTAGTCTGATTCT-1,0,enzalutamide
Data32_GSM5155457_ATCGTCCAGGCTCTAT-1,0,enzalutamide
Data32_GSM5155457_ATCGTCCGTGGACTAG-1,0,enzalutamide
Data32_GSM5155457_ATCGTCCTCCATAAGC-1,0,enzalutamide
Data32_GSM5155457_ATCGTGAAGGCCTGAA-1,0,enzalutamide
Data32_GSM5155457_ATCGTGACAATTGCAC-1,0,enzalutamide
Data32_GSM5155457_ATCTCTAAGAAGTGTT-1,0,enzalutamide
Data32_GSM5155457_ATCTCTACAAAGAACT-1,0,enzalutamide
Data32_GSM5155457_ATCTCTACACTACCGG-1,0,enzalutamide
Data32_GSM5155457_ATCTCTACAGTATGAA-1,0,enzalutamide
Data32_GSM5155457_ATCTCTATCGTCAACA-1,0,enzalutamide
Data32_GSM5155457_ATCTTCAAGTGGTCAG-1,0,enzalutamide
Data32_GSM5155457_ATCTTCACAGTTAGAA-1,0,enzalutamide
Data32_GSM5155457_ATCTTCATCAAGCGTT-1,0,enzalutamide
Data32_GSM5155457_ATCTTCATCGGAAACG-1,0,enzalutamide
Data32_GSM5155457_ATGAAAGAGACCATGG-1,0,enzalutamide
Data32_GSM5155457_ATGAAAGAGTATAGGT-1,0,enzalutamide
Data32_GSM5155457_ATGAAAGCATGCCGCA-1,0,enzalutamide
Data32_GSM5155457_ATGACCAAGCACTAGG-1,0,enzalutamide
Data32_GSM5155457_ATGACCAAGTGCCCGT-1,0,enzalutamide
Data32_GSM5155457_ATGACCACAGCTACCG-1,0,enzalutamide
Data32_GSM5155457_ATGACCACAGGTGGAT-1,0,enzalutamide
Data32_GSM5155457_ATGACCACATGCGTGC-1,0,enzalutamide
Data32_GSM5155457_ATGACCAGTGGTACAG-1,0,enzalutamide
Data32_GSM5155457_ATGACCATCATGCCCT-1,0,enzalutamide
Data32_GSM5155457_ATGACCATCTCAGTCC-1,0,enzalutamide
Data32_GSM5155457_ATGAGGGAGCACTAGG-1,0,enzalutamide
Data32_GSM5155457_ATGAGGGTCACCTCGT-1,0,enzalutamide
Data32_GSM5155457_ATGAGTCAGACATCAA-1,0,enzalutamide
Data32_GSM5155457_ATGAGTCAGCGCGTTC-1,0,enzalutamide
Data32_GSM5155457_ATGAGTCCATTGCAAC-1,0,enzalutamide
Data32_GSM5155457_ATGAGTCGTCACGACC-1,0,enzalutamide
Data32_GSM5155457_ATGAGTCGTGGTCCCA-1,0,enzalutamide
Data32_GSM5155457_ATGATCGCAGCAAGAC-1,0,enzalutamide
Data32_GSM5155457_ATGATCGCAGGTCAAG-1,0,enzalutamide
Data32_GSM5155457_ATGATCGGTAACTTCG-1,0,enzalutamide
Data32_GSM5155457_ATGATCGTCATTCGTT-1,0,enzalutamide
Data32_GSM5155457_ATGATCGTCCGGCAGT-1,0,enzalutamide
Data32_GSM5155457_ATGATCGTCGCCGAGT-1,0,enzalutamide
Data32_GSM5155457_ATGATCGTCTGATTCT-1,0,enzalutamide
Data32_GSM5155457_ATGCATGAGTCCTGCG-1,0,enzalutamide
Data32_GSM5155457_ATGCATGAGTCGCGAA-1,0,enzalutamide
Data32_GSM5155457_ATGCATGAGTTCCAGT-1,0,enzalutamide
Data32_GSM5155457_ATGCATGCACGGTAGA-1,0,enzalutamide
Data32_GSM5155457_ATGCATGGTATCCCAA-1,0,enzalutamide
Data32_GSM5155457_ATGCATGGTGGTCAAG-1,0,enzalutamide
Data32_GSM5155457_ATGCATGTCCAACCAA-1,0,enzalutamide
Data32_GSM5155457_ATGCCTCAGAAGCTCG-1,0,enzalutamide
Data32_GSM5155457_ATGCCTCAGATACAGT-1,0,enzalutamide
Data32_GSM5155457_ATGCCTCCACGCGGTT-1,0,enzalutamide
Data32_GSM5155457_ATGCCTCGTAGGGAGG-1,0,enzalutamide
Data32_GSM5155457_ATGCCTCTCAAGCCAT-1,0,enzalutamide
Data32_GSM5155457_ATGCGATAGTACAGAT-1,0,enzalutamide
Data32_GSM5155457_ATGCGATGTAGCGTTT-1,0,enzalutamide
Data32_GSM5155457_ATGCGATTCAAGTCTG-1,0,enzalutamide
Data32_GSM5155457_ATGCGATTCTGCGATA-1,0,enzalutamide
Data32_GSM5155457_ATGGAGGCAATTAGGA-1,0,enzalutamide
Data32_GSM5155457_ATGGAGGCAGTAGATA-1,0,enzalutamide
Data32_GSM5155457_ATGGAGGCAGTGTACT-1,0,enzalutamide
Data32_GSM5155457_ATGGAGGCATTCGATG-1,0,enzalutamide
Data32_GSM5155457_ATGGAGGTCATTCGGA-1,0,enzalutamide
Data32_GSM5155457_ATGGATCAGAAACCCG-1,0,enzalutamide
Data32_GSM5155457_ATGGATCAGAGTGAAG-1,0,enzalutamide
Data32_GSM5155457_ATGGATCCAAAGGAGA-1,0,enzalutamide
Data32_GSM5155457_ATGGATCCAACTTCTT-1,0,enzalutamide
Data32_GSM5155457_ATGGATCCACACTTAG-1,0,enzalutamide
Data32_GSM5155457_ATGGATCGTCATAGTC-1,0,enzalutamide
Data32_GSM5155457_ATGGATCTCCCAAGCG-1,0,enzalutamide
Data32_GSM5155457_ATGGATCTCCGTGCGA-1,0,enzalutamide
Data32_GSM5155457_ATGGGAGAGAGAGGTA-1,0,enzalutamide
Data32_GSM5155457_ATGGGAGAGGTTGTTC-1,0,enzalutamide
Data32_GSM5155457_ATGGGAGAGTATCTGC-1,0,enzalutamide
Data32_GSM5155457_ATGGGAGGTGATATAG-1,0,enzalutamide
Data32_GSM5155457_ATGGGAGTCCATCACC-1,0,enzalutamide
Data32_GSM5155457_ATGGGTTAGATGAAGG-1,0,enzalutamide
Data32_GSM5155457_ATGGGTTAGTAACAGT-1,0,enzalutamide
Data32_GSM5155457_ATGGGTTCACGAGGTA-1,0,enzalutamide
Data32_GSM5155457_ATGGGTTCAGGCGATA-1,0,enzalutamide
Data32_GSM5155457_ATGGGTTGTCGTTATG-1,0,enzalutamide
Data32_GSM5155457_ATGGGTTGTGCCTATA-1,0,enzalutamide
Data32_GSM5155457_ATGGGTTTCTATCGGA-1,0,enzalutamide
Data32_GSM5155457_ATGGTTGAGCGTCAGA-1,0,enzalutamide
Data32_GSM5155457_ATGGTTGAGCTGTGCC-1,0,enzalutamide
Data32_GSM5155457_ATGGTTGCAACTGGTT-1,0,enzalutamide
Data32_GSM5155457_ATGGTTGTCATTCATC-1,0,enzalutamide
Data32_GSM5155457_ATGTCCCAGCATTTCG-1,0,enzalutamide
Data32_GSM5155457_ATGTCCCAGTAAGACT-1,0,enzalutamide
Data32_GSM5155457_ATGTCCCCATAGTCAC-1,0,enzalutamide
Data32_GSM5155457_ATGTCCCCATTGAAAG-1,0,enzalutamide
Data32_GSM5155457_ATGTCCCGTCACCGCA-1,0,enzalutamide
Data32_GSM5155457_ATGTCTTAGAAACCAT-1,0,enzalutamide
Data32_GSM5155457_ATGTCTTAGACGCTCC-1,0,enzalutamide
Data32_GSM5155457_ATGTCTTTCCCTTGTG-1,0,enzalutamide
Data32_GSM5155457_ATTACCTAGGTCCGAA-1,0,enzalutamide
Data32_GSM5155457_ATTACCTCACAAATAG-1,0,enzalutamide
Data32_GSM5155457_ATTACCTCACGGTGCT-1,0,enzalutamide
Data32_GSM5155457_ATTACTCAGATTCGCT-1,0,enzalutamide
Data32_GSM5155457_ATTACTCAGCGAGAAA-1,0,enzalutamide
Data32_GSM5155457_ATTACTCCACCAGCTG-1,0,enzalutamide
Data32_GSM5155457_ATTACTCCACTGCGAC-1,0,enzalutamide
Data32_GSM5155457_ATTACTCCAGAGTGAC-1,0,enzalutamide
Data32_GSM5155457_ATTACTCCAGCGATTT-1,0,enzalutamide
Data32_GSM5155457_ATTATCCAGCATGGGT-1,0,enzalutamide
Data32_GSM5155457_ATTATCCAGCTAGAAT-1,0,enzalutamide
Data32_GSM5155457_ATTATCCCATGGAAGC-1,0,enzalutamide
Data32_GSM5155457_ATTATCCCATTCATCT-1,0,enzalutamide
Data32_GSM5155457_ATTATCCGTCCCTCAT-1,0,enzalutamide
Data32_GSM5155457_ATTATCCTCGCAGAGA-1,0,enzalutamide
Data32_GSM5155457_ATTATCCTCTGTCGCT-1,0,enzalutamide
Data32_GSM5155457_ATTATCCTCTTAAGGC-1,0,enzalutamide
Data32_GSM5155457_ATTCACTAGTGCACAG-1,0,enzalutamide
Data32_GSM5155457_ATTCACTCACACGTGC-1,0,enzalutamide
Data32_GSM5155457_ATTCACTGTCAGGAGT-1,0,enzalutamide
Data32_GSM5155457_ATTCAGGAGTGAACAT-1,0,enzalutamide
Data32_GSM5155457_ATTCAGGCAGAAGCTG-1,0,enzalutamide
Data32_GSM5155457_ATTCATCAGGAGACCT-1,0,enzalutamide
Data32_GSM5155457_ATTCATCAGTAGTGCG-1,0,enzalutamide
Data32_GSM5155457_ATTCATCAGTTGAAAC-1,0,enzalutamide
Data32_GSM5155457_ATTCATCCAGACACAG-1,0,enzalutamide
Data32_GSM5155457_ATTCATCGTAGCCCTG-1,0,enzalutamide
Data32_GSM5155457_ATTCATCTCAGAGTGG-1,0,enzalutamide
Data32_GSM5155457_ATTCCATCAAGCACAG-1,0,enzalutamide
Data32_GSM5155457_ATTCCATCAGATACCT-1,0,enzalutamide
Data32_GSM5155457_ATTCCATTCAGGAAGC-1,0,enzalutamide
Data32_GSM5155457_ATTCCATTCATACGGT-1,0,enzalutamide
Data32_GSM5155457_ATTCCCGCAGTAGAGC-1,0,enzalutamide
Data32_GSM5155457_ATTCCCGGTGAAAGTT-1,0,enzalutamide
Data32_GSM5155457_ATTCCTAAGAGGGTCT-1,0,enzalutamide
Data32_GSM5155457_ATTCCTACAAGGCGTA-1,0,enzalutamide
Data32_GSM5155457_ATTCCTACACACCTTC-1,0,enzalutamide
Data32_GSM5155457_ATTCCTACACATAACC-1,0,enzalutamide
Data32_GSM5155457_ATTCCTAGTAATTGGA-1,0,enzalutamide
Data32_GSM5155457_ATTCCTAGTCGTACTA-1,0,enzalutamide
Data32_GSM5155457_ATTCCTAGTTGTCAGT-1,0,enzalutamide
Data32_GSM5155457_ATTCCTATCACTTGTT-1,0,enzalutamide
Data32_GSM5155457_ATTCCTATCGGTGTTA-1,0,enzalutamide
Data32_GSM5155457_ATTCCTATCTCCGTGT-1,0,enzalutamide
Data32_GSM5155457_ATTCCTATCTCGACGG-1,0,enzalutamide
Data32_GSM5155457_ATTCGTTAGGCTTAGG-1,0,enzalutamide
Data32_GSM5155457_ATTCGTTCATCATTGG-1,0,enzalutamide
Data32_GSM5155457_ATTCGTTGTCTGTTAG-1,0,enzalutamide
Data32_GSM5155457_ATTCGTTGTTCGGTTA-1,0,enzalutamide
Data32_GSM5155457_ATTCGTTTCCTAGAGT-1,0,enzalutamide
Data32_GSM5155457_ATTCGTTTCCTTATCA-1,0,enzalutamide
Data32_GSM5155457_ATTCGTTTCTTTGCAT-1,0,enzalutamide
Data32_GSM5155457_ATTCTACAGAACTCCT-1,0,enzalutamide
Data32_GSM5155457_ATTCTACCAACCTATG-1,0,enzalutamide
Data32_GSM5155457_ATTCTACGTTGTCCCT-1,0,enzalutamide
Data32_GSM5155457_ATTCTACTCACACCCT-1,0,enzalutamide
Data32_GSM5155457_ATTCTACTCTGCATGA-1,0,enzalutamide
Data32_GSM5155457_ATTCTTGCAGGACAGT-1,0,enzalutamide
Data32_GSM5155457_ATTCTTGCAGTCGAGA-1,0,enzalutamide
Data32_GSM5155457_ATTCTTGGTATCCTCC-1,0,enzalutamide
Data32_GSM5155457_ATTGGGTAGATTGCGG-1,0,enzalutamide
Data32_GSM5155457_ATTGGGTGTGCCCGTA-1,0,enzalutamide
Data32_GSM5155457_ATTGGGTGTGTGGACA-1,0,enzalutamide
Data32_GSM5155457_ATTGGGTGTGTTGAGG-1,0,enzalutamide
Data32_GSM5155457_ATTGGGTGTTCTCTCG-1,0,enzalutamide
Data32_GSM5155457_ATTGGGTTCATAGAGA-1,0,enzalutamide
Data32_GSM5155457_ATTGTTCAGATGCTAA-1,0,enzalutamide
Data32_GSM5155457_ATTGTTCTCACAATGC-1,0,enzalutamide
Data32_GSM5155457_ATTGTTCTCGCCTTTG-1,0,enzalutamide
Data32_GSM5155457_ATTTACCAGCATCGAG-1,0,enzalutamide
Data32_GSM5155457_ATTTACCCAGAGTTGG-1,0,enzalutamide
Data32_GSM5155457_ATTTACCTCATCACAG-1,0,enzalutamide
Data32_GSM5155457_ATTTACCTCTCCCTAG-1,0,enzalutamide
Data32_GSM5155457_ATTTCACCACCTCAGG-1,0,enzalutamide
Data32_GSM5155457_ATTTCACGTCCGGTGT-1,0,enzalutamide
Data32_GSM5155457_ATTTCACGTTCCTACC-1,0,enzalutamide
Data32_GSM5155457_ATTTCACTCCGAGATT-1,0,enzalutamide
Data32_GSM5155457_ATTTCACTCGAGTACT-1,0,enzalutamide
Data32_GSM5155457_ATTTCTGTCAAGTGGG-1,0,enzalutamide
Data32_GSM5155457_ATTTCTGTCAGAGTTC-1,0,enzalutamide
Data32_GSM5155457_CAAAGAAAGGAGGGTG-1,0,enzalutamide
Data32_GSM5155457_CAAAGAAAGGCTGGAT-1,0,enzalutamide
Data32_GSM5155457_CAAAGAACACGACCTG-1,0,enzalutamide
Data32_GSM5155457_CAAAGAACATGCCATA-1,0,enzalutamide
Data32_GSM5155457_CAAAGAAGTAAGATCA-1,0,enzalutamide
Data32_GSM5155457_CAAAGAATCGATGCAT-1,0,enzalutamide
Data32_GSM5155457_CAACAACAGAGAGGTA-1,0,enzalutamide
Data32_GSM5155457_CAACAACAGCGAATGC-1,0,enzalutamide
Data32_GSM5155457_CAACAACAGGTGCGAT-1,0,enzalutamide
Data32_GSM5155457_CAACAACAGTGAGGTC-1,0,enzalutamide
Data32_GSM5155457_CAACAACCACGTCATA-1,0,enzalutamide
Data32_GSM5155457_CAACAACTCATTATCC-1,0,enzalutamide
Data32_GSM5155457_CAACAACTCGCATTAG-1,0,enzalutamide
Data32_GSM5155457_CAACAGTAGTAAACGT-1,0,enzalutamide
Data32_GSM5155457_CAACAGTGTTAATGAG-1,0,enzalutamide
Data32_GSM5155457_CAACCAAAGGGACACT-1,0,enzalutamide
Data32_GSM5155457_CAACCAAAGTGGTTAA-1,0,enzalutamide
Data32_GSM5155457_CAACCAACATCGGAGA-1,0,enzalutamide
Data32_GSM5155457_CAACCAATCTCGTCGT-1,0,enzalutamide
Data32_GSM5155457_CAACCTCAGCTCCACG-1,0,enzalutamide
Data32_GSM5155457_CAACCTCCACAGCATT-1,0,enzalutamide
Data32_GSM5155457_CAACCTCGTCATCTAG-1,0,enzalutamide
Data32_GSM5155457_CAACCTCGTGTGTGTT-1,0,enzalutamide
Data32_GSM5155457_CAACCTCTCAGGGTAG-1,0,enzalutamide
Data32_GSM5155457_CAACCTCTCATGCCCT-1,0,enzalutamide
Data32_GSM5155457_CAACCTCTCCGTGCGA-1,0,enzalutamide
Data32_GSM5155457_CAACCTCTCTAGTTCT-1,0,enzalutamide
Data32_GSM5155457_CAACGATAGGATATAC-1,0,enzalutamide
Data32_GSM5155457_CAACGATAGTGTTGTC-1,0,enzalutamide
Data32_GSM5155457_CAACGATCAAGCGGAT-1,0,enzalutamide
Data32_GSM5155457_CAACGATGTACTCCGG-1,0,enzalutamide
Data32_GSM5155457_CAACGATGTATCGAAA-1,0,enzalutamide
Data32_GSM5155457_CAACGGCGTAAGTTAG-1,0,enzalutamide
Data32_GSM5155457_CAACGGCGTTGGGATG-1,0,enzalutamide
Data32_GSM5155457_CAACGGCTCAAGAATG-1,0,enzalutamide
Data32_GSM5155457_CAACGGCTCACATACG-1,0,enzalutamide
Data32_GSM5155457_CAACGGCTCGGTCATA-1,0,enzalutamide
Data32_GSM5155457_CAAGACTAGGCTTTCA-1,0,enzalutamide
Data32_GSM5155457_CAAGACTCAGCAGTCC-1,0,enzalutamide
Data32_GSM5155457_CAAGACTCATCAGCGC-1,0,enzalutamide
Data32_GSM5155457_CAAGACTCATGGGTCC-1,0,enzalutamide
Data32_GSM5155457_CAAGACTGTGCATTTG-1,0,enzalutamide
Data32_GSM5155457_CAAGACTTCCATGCAA-1,0,enzalutamide
Data32_GSM5155457_CAAGAGGCAGCCATTA-1,0,enzalutamide
Data32_GSM5155457_CAAGAGGGTATTTCGG-1,0,enzalutamide
Data32_GSM5155457_CAAGAGGGTGGAAATT-1,0,enzalutamide
Data32_GSM5155457_CAAGAGGTCATGTCAG-1,0,enzalutamide
Data32_GSM5155457_CAAGAGGTCGTAACTG-1,0,enzalutamide
Data32_GSM5155457_CAAGCTAGTGAACCGA-1,0,enzalutamide
Data32_GSM5155457_CAAGCTAGTTTGGCTA-1,0,enzalutamide
Data32_GSM5155457_CAAGCTATCGGACTGC-1,0,enzalutamide
Data32_GSM5155457_CAAGCTATCGGCCAAC-1,0,enzalutamide
Data32_GSM5155457_CAAGGGACAGCTTTCC-1,0,enzalutamide
Data32_GSM5155457_CAAGGGATCACAGTGT-1,0,enzalutamide
Data32_GSM5155457_CAATACGTCCCAGGCA-1,0,enzalutamide
Data32_GSM5155457_CAATACGTCGCTCTAC-1,0,enzalutamide
Data32_GSM5155457_CAATCGAGTACATTGC-1,0,enzalutamide
Data32_GSM5155457_CAATGACAGAAAGTCT-1,0,enzalutamide
Data32_GSM5155457_CAATGACCAAATTAGG-1,0,enzalutamide
Data32_GSM5155457_CAATGACCACAGTCAT-1,0,enzalutamide
Data32_GSM5155457_CAATGACGTCCACAGC-1,0,enzalutamide
Data32_GSM5155457_CAATGACGTGTCCAAT-1,0,enzalutamide
Data32_GSM5155457_CAATGACTCAGTGTTG-1,0,enzalutamide
Data32_GSM5155457_CAATTTCAGGAACTAT-1,0,enzalutamide
Data32_GSM5155457_CAATTTCCAACCAGAG-1,0,enzalutamide
Data32_GSM5155457_CAATTTCCACTGATTG-1,0,enzalutamide
Data32_GSM5155457_CAATTTCGTCGAGATG-1,0,enzalutamide
Data32_GSM5155457_CAATTTCGTTGTGTTG-1,0,enzalutamide
Data32_GSM5155457_CAATTTCTCGAATCCA-1,0,enzalutamide
Data32_GSM5155457_CACAACAAGAATCCCT-1,0,enzalutamide
Data32_GSM5155457_CACAACACAACTTCTT-1,0,enzalutamide
Data32_GSM5155457_CACAACACATGTCGTA-1,0,enzalutamide
Data32_GSM5155457_CACAACAGTATGAGCG-1,0,enzalutamide
Data32_GSM5155457_CACACAAAGCGAGTCA-1,0,enzalutamide
Data32_GSM5155457_CACACAACAATCTAGC-1,0,enzalutamide
Data32_GSM5155457_CACACAAGTGAGTAAT-1,0,enzalutamide
Data32_GSM5155457_CACAGATAGAGAGCCT-1,0,enzalutamide
Data32_GSM5155457_CACAGATAGAGGTCAC-1,0,enzalutamide
Data32_GSM5155457_CACAGATCACCACATA-1,0,enzalutamide
Data32_GSM5155457_CACAGATCAGACCTAT-1,0,enzalutamide
Data32_GSM5155457_CACAGATGTATATGGA-1,0,enzalutamide
Data32_GSM5155457_CACAGATTCATGAGTC-1,0,enzalutamide
Data32_GSM5155457_CACAGATTCTTACGGA-1,0,enzalutamide
Data32_GSM5155457_CACAGGCAGAACAAGG-1,0,enzalutamide
Data32_GSM5155457_CACAGGCAGGCTGGAT-1,0,enzalutamide
Data32_GSM5155457_CACAGGCCAGCGCTTG-1,0,enzalutamide
Data32_GSM5155457_CACAGGCTCTTGGTGA-1,0,enzalutamide
Data32_GSM5155457_CACATGAAGCGATCGA-1,0,enzalutamide
Data32_GSM5155457_CACATGAAGTAGTGCG-1,0,enzalutamide
Data32_GSM5155457_CACATGACACATCCCT-1,0,enzalutamide
Data32_GSM5155457_CACATGACATGAAAGT-1,0,enzalutamide
Data32_GSM5155457_CACATGAGTCCTACGG-1,0,enzalutamide
Data32_GSM5155457_CACCAAAAGGTCCAGA-1,0,enzalutamide
Data32_GSM5155457_CACCAAACAGGCATTT-1,0,enzalutamide
Data32_GSM5155457_CACCAAACATGCCGGT-1,0,enzalutamide
Data32_GSM5155457_CACCAAAGTATCGGTT-1,0,enzalutamide
Data32_GSM5155457_CACCAAAGTGCGACAA-1,0,enzalutamide
Data32_GSM5155457_CACCAAAGTTCAAGTC-1,0,enzalutamide
Data32_GSM5155457_CACCAAAGTTCGGCCA-1,0,enzalutamide
Data32_GSM5155457_CACCAAATCAGGGTAG-1,0,enzalutamide
Data32_GSM5155457_CACCAAATCTAAGGAA-1,0,enzalutamide
Data32_GSM5155457_CACCGTTAGCCACCGT-1,0,enzalutamide
Data32_GSM5155457_CACGAATCAAACACGG-1,0,enzalutamide
Data32_GSM5155457_CACGAATCAGCGTATT-1,0,enzalutamide
Data32_GSM5155457_CACGAATCATCAGTCA-1,0,enzalutamide
Data32_GSM5155457_CACGAATTCAGAACCT-1,0,enzalutamide
Data32_GSM5155457_CACGAATTCAGTCATG-1,0,enzalutamide
Data32_GSM5155457_CACGAATTCCACTGGG-1,0,enzalutamide
Data32_GSM5155457_CACGGGTAGGCGCTCT-1,0,enzalutamide
Data32_GSM5155457_CACGGGTCACATCCCT-1,0,enzalutamide
Data32_GSM5155457_CACGGGTTCCGATAGT-1,0,enzalutamide
Data32_GSM5155457_CACGTGGGTAGAGACC-1,0,enzalutamide
Data32_GSM5155457_CACGTGGGTAGTCACT-1,0,enzalutamide
Data32_GSM5155457_CACGTGGTCCTCAGAA-1,0,enzalutamide
Data32_GSM5155457_CACGTGGTCCTGGTCT-1,0,enzalutamide
Data32_GSM5155457_CACTAAGAGGCGTTAG-1,0,enzalutamide
Data32_GSM5155457_CACTAAGAGGGATCAC-1,0,enzalutamide
Data32_GSM5155457_CACTAAGGTAGAGATT-1,0,enzalutamide
Data32_GSM5155457_CACTAAGGTAGCGCTC-1,0,enzalutamide
Data32_GSM5155457_CACTAAGGTTTAGTCG-1,0,enzalutamide
Data32_GSM5155457_CACTAAGTCAAGATAG-1,0,enzalutamide
Data32_GSM5155457_CACTAAGTCACAAGAA-1,0,enzalutamide
Data32_GSM5155457_CACTAAGTCCCGTGAG-1,0,enzalutamide
Data32_GSM5155457_CACTGAACAACTACGT-1,0,enzalutamide
Data32_GSM5155457_CACTGAACAAGGCTTT-1,0,enzalutamide
Data32_GSM5155457_CACTGAACAGTCTGGC-1,0,enzalutamide
Data32_GSM5155457_CACTGAAGTCAGACTT-1,0,enzalutamide
Data32_GSM5155457_CACTGAAGTTCGGTCG-1,0,enzalutamide
Data32_GSM5155457_CACTGAATCAATCTCT-1,0,enzalutamide
Data32_GSM5155457_CACTGAATCTAACACG-1,0,enzalutamide
Data32_GSM5155457_CACTGGGAGTCTTCCC-1,0,enzalutamide
Data32_GSM5155457_CACTGGGGTACGGCAA-1,0,enzalutamide
Data32_GSM5155457_CACTGGGGTTAGGAGC-1,0,enzalutamide
Data32_GSM5155457_CACTGGGTCCCAAGCG-1,0,enzalutamide
Data32_GSM5155457_CACTGGGTCCGTGTGG-1,0,enzalutamide
Data32_GSM5155457_CACTGTCAGCGACTGA-1,0,enzalutamide
Data32_GSM5155457_CACTGTCCAGCAGGAT-1,0,enzalutamide
Data32_GSM5155457_CACTGTCGTAGCGTTT-1,0,enzalutamide
Data32_GSM5155457_CACTGTCGTATCAGCT-1,0,enzalutamide
Data32_GSM5155457_CACTGTCGTGGTCAAG-1,0,enzalutamide
Data32_GSM5155457_CACTTCGCACTGCGTG-1,0,enzalutamide
Data32_GSM5155457_CACTTCGCAGTATTCG-1,0,enzalutamide
Data32_GSM5155457_CAGAGCCAGAAACCAT-1,0,enzalutamide
Data32_GSM5155457_CAGAGCCAGAAGCCTG-1,0,enzalutamide
Data32_GSM5155457_CAGAGCCAGGCTCTAT-1,0,enzalutamide
Data32_GSM5155457_CAGAGCCCAAAGCGTG-1,0,enzalutamide
Data32_GSM5155457_CAGAGCCCATAGCACT-1,0,enzalutamide
Data32_GSM5155457_CAGATACAGGCCTTGC-1,0,enzalutamide
Data32_GSM5155457_CAGATACCACCTGCTT-1,0,enzalutamide
Data32_GSM5155457_CAGATACGTCGAATTC-1,0,enzalutamide
Data32_GSM5155457_CAGATACGTCTTACTT-1,0,enzalutamide
Data32_GSM5155457_CAGATCACACACTTAG-1,0,enzalutamide
Data32_GSM5155457_CAGATCACACCTGTCT-1,0,enzalutamide
Data32_GSM5155457_CAGATCACAGATCCTA-1,0,enzalutamide
Data32_GSM5155457_CAGATCATCTGCACCT-1,0,enzalutamide
Data32_GSM5155457_CAGATCATCTTACCAT-1,0,enzalutamide
Data32_GSM5155457_CAGATTGGTCTTGAGT-1,0,enzalutamide
Data32_GSM5155457_CAGATTGTCTCTGCCA-1,0,enzalutamide
Data32_GSM5155457_CAGCAATAGCCACTCG-1,0,enzalutamide
Data32_GSM5155457_CAGCAATGTGGTAACG-1,0,enzalutamide
Data32_GSM5155457_CAGCAATTCATGCCCT-1,0,enzalutamide
Data32_GSM5155457_CAGCAATTCTCTAAGG-1,0,enzalutamide
Data32_GSM5155457_CAGCAATTCTGTTGGA-1,0,enzalutamide
Data32_GSM5155457_CAGCACGCAGCTCCTT-1,0,enzalutamide
Data32_GSM5155457_CAGCACGGTGAATAAC-1,0,enzalutamide
Data32_GSM5155457_CAGCACGTCGGTCTGG-1,0,enzalutamide
Data32_GSM5155457_CAGCAGCAGCGAGTAC-1,0,enzalutamide
Data32_GSM5155457_CAGCAGCAGGTTACAA-1,0,enzalutamide
Data32_GSM5155457_CAGCAGCAGGTTGCCC-1,0,enzalutamide
Data32_GSM5155457_CAGCAGCCAGAAACCG-1,0,enzalutamide
Data32_GSM5155457_CAGCAGCCAGGGTCTC-1,0,enzalutamide
Data32_GSM5155457_CAGCAGCGTCGCCTAG-1,0,enzalutamide
Data32_GSM5155457_CAGCAGCTCACTGGTA-1,0,enzalutamide
Data32_GSM5155457_CAGCAGCTCATTGCCC-1,0,enzalutamide
Data32_GSM5155457_CAGCCAGAGACATGCG-1,0,enzalutamide
Data32_GSM5155457_CAGCCAGCAACGATTC-1,0,enzalutamide
Data32_GSM5155457_CAGCCAGGTCGGATTT-1,0,enzalutamide
Data32_GSM5155457_CAGCCAGTCAGGTAAA-1,0,enzalutamide
Data32_GSM5155457_CAGCCAGTCTGCGAGC-1,0,enzalutamide
Data32_GSM5155457_CAGCCAGTCTGGCCGA-1,0,enzalutamide
Data32_GSM5155457_CAGCGTGAGAGCCATG-1,0,enzalutamide
Data32_GSM5155457_CAGCGTGGTAGGTCAG-1,0,enzalutamide
Data32_GSM5155457_CAGCGTGGTCAACACT-1,0,enzalutamide
Data32_GSM5155457_CAGCGTGTCACAACCA-1,0,enzalutamide
Data32_GSM5155457_CAGGCCAAGGTCACTT-1,0,enzalutamide
Data32_GSM5155457_CAGGCCACAAACTAAG-1,0,enzalutamide
Data32_GSM5155457_CAGGCCACAAACTCTG-1,0,enzalutamide
Data32_GSM5155457_CAGGCCACACATGACT-1,0,enzalutamide
Data32_GSM5155457_CAGGCCACACCGCTGA-1,0,enzalutamide
Data32_GSM5155457_CAGGCCACATTGAAGA-1,0,enzalutamide
Data32_GSM5155457_CAGGCCAGTATCAGCT-1,0,enzalutamide
Data32_GSM5155457_CAGGCCAGTTGTTGCA-1,0,enzalutamide
Data32_GSM5155457_CAGGCCATCAGCATTG-1,0,enzalutamide
Data32_GSM5155457_CAGGCCATCCATGCAA-1,0,enzalutamide
Data32_GSM5155457_CAGGGCTCAATGCAAA-1,0,enzalutamide
Data32_GSM5155457_CAGGGCTCATAACTCG-1,0,enzalutamide
Data32_GSM5155457_CAGGGCTGTAGCCCTG-1,0,enzalutamide
Data32_GSM5155457_CAGGGCTGTCACCGCA-1,0,enzalutamide
Data32_GSM5155457_CAGGGCTTCCCATAAG-1,0,enzalutamide
Data32_GSM5155457_CAGGGCTTCCTATTGT-1,0,enzalutamide
Data32_GSM5155457_CAGGTATAGTGGATTA-1,0,enzalutamide
Data32_GSM5155457_CAGGTATCATCGATGT-1,0,enzalutamide
Data32_GSM5155457_CAGGTATGTACGACTT-1,0,enzalutamide
Data32_GSM5155457_CAGGTATGTGTAGCAG-1,0,enzalutamide
Data32_GSM5155457_CAGGTATTCCGGCAAC-1,0,enzalutamide
Data32_GSM5155457_CAGGTATTCTATCGTT-1,0,enzalutamide
Data32_GSM5155457_CAGTGCGAGAAACACT-1,0,enzalutamide
Data32_GSM5155457_CAGTGCGAGAATAACC-1,0,enzalutamide
Data32_GSM5155457_CAGTGCGAGACGGTTG-1,0,enzalutamide
Data32_GSM5155457_CAGTGCGCAGGTCAAG-1,0,enzalutamide
Data32_GSM5155457_CAGTGCGGTCTGTCAA-1,0,enzalutamide
Data32_GSM5155457_CAGTGCGTCACTTATC-1,0,enzalutamide
Data32_GSM5155457_CAGTTAGTCATTCGTT-1,0,enzalutamide
Data32_GSM5155457_CAGTTAGTCCTGTTAT-1,0,enzalutamide
Data32_GSM5155457_CAGTTAGTCTTGCGCT-1,0,enzalutamide
Data32_GSM5155457_CAGTTCCAGCATCCTA-1,0,enzalutamide
Data32_GSM5155457_CAGTTCCAGGGTTAAT-1,0,enzalutamide
Data32_GSM5155457_CAGTTCCCACAAGCTT-1,0,enzalutamide
Data32_GSM5155457_CAGTTCCTCGCAATTG-1,0,enzalutamide
Data32_GSM5155457_CAGTTCCTCGGTCGGT-1,0,enzalutamide
Data32_GSM5155457_CATAAGCCAGGGACTA-1,0,enzalutamide
Data32_GSM5155457_CATAAGCTCAGTAGGG-1,0,enzalutamide
Data32_GSM5155457_CATAAGCTCAGTCTTT-1,0,enzalutamide
Data32_GSM5155457_CATAAGCTCATTTCGT-1,0,enzalutamide
Data32_GSM5155457_CATACAGAGAGCTGCA-1,0,enzalutamide
Data32_GSM5155457_CATACAGAGCGAGTAC-1,0,enzalutamide
Data32_GSM5155457_CATACAGAGCGCACAA-1,0,enzalutamide
Data32_GSM5155457_CATACAGGTTCGTTCC-1,0,enzalutamide
Data32_GSM5155457_CATACCCGTAAGGCCA-1,0,enzalutamide
Data32_GSM5155457_CATACCCGTGTGTTTG-1,0,enzalutamide
Data32_GSM5155457_CATACCCTCAGCTTCC-1,0,enzalutamide
Data32_GSM5155457_CATACCCTCGTTCATT-1,0,enzalutamide
Data32_GSM5155457_CATACTTCAGCGAACA-1,0,enzalutamide
Data32_GSM5155457_CATACTTGTGGCAACA-1,0,enzalutamide
Data32_GSM5155457_CATCAAGAGACCAGAC-1,0,enzalutamide
Data32_GSM5155457_CATCAAGAGCCTCAAT-1,0,enzalutamide
Data32_GSM5155457_CATCAAGAGTAGCCAG-1,0,enzalutamide
Data32_GSM5155457_CATCAAGCACTCATAG-1,0,enzalutamide
Data32_GSM5155457_CATCAAGGTATAGGGC-1,0,enzalutamide
Data32_GSM5155457_CATCAAGTCCTGTTGC-1,0,enzalutamide
Data32_GSM5155457_CATCCACTCACCATAG-1,0,enzalutamide
Data32_GSM5155457_CATCCACTCGCGATCG-1,0,enzalutamide
Data32_GSM5155457_CATCCCACAAGAGGCT-1,0,enzalutamide
Data32_GSM5155457_CATCCCACACGACTAT-1,0,enzalutamide
Data32_GSM5155457_CATCCCACAGACAAAT-1,0,enzalutamide
Data32_GSM5155457_CATCCCATCAACCTCC-1,0,enzalutamide
Data32_GSM5155457_CATCCGTAGTAACCTC-1,0,enzalutamide
Data32_GSM5155457_CATCCGTCAAGCGCTC-1,0,enzalutamide
Data32_GSM5155457_CATCCGTCAGATCCTA-1,0,enzalutamide
Data32_GSM5155457_CATCCGTCATTGCTTT-1,0,enzalutamide
Data32_GSM5155457_CATCCGTGTCGAAGCA-1,0,enzalutamide
Data32_GSM5155457_CATCGCTAGAGTTGAT-1,0,enzalutamide
Data32_GSM5155457_CATCGCTAGGTAGCCA-1,0,enzalutamide
Data32_GSM5155457_CATCGCTCACAATGCT-1,0,enzalutamide
Data32_GSM5155457_CATCGCTCACAGCCAC-1,0,enzalutamide
Data32_GSM5155457_CATCGCTCATACACCA-1,0,enzalutamide
Data32_GSM5155457_CATCGCTCATCACCAA-1,0,enzalutamide
Data32_GSM5155457_CATCGCTGTAAGCAAT-1,0,enzalutamide
Data32_GSM5155457_CATCGCTGTCCGGATC-1,0,enzalutamide
Data32_GSM5155457_CATCGCTGTGCCGTTG-1,0,enzalutamide
Data32_GSM5155457_CATCGGGAGAGATTCA-1,0,enzalutamide
Data32_GSM5155457_CATCGGGAGAGTTGTA-1,0,enzalutamide
Data32_GSM5155457_CATCGGGCAAGCAATA-1,0,enzalutamide
Data32_GSM5155457_CATCGGGCAGCCTACG-1,0,enzalutamide
Data32_GSM5155457_CATCGGGCATCGAACT-1,0,enzalutamide
Data32_GSM5155457_CATCGGGGTATGAGCG-1,0,enzalutamide
Data32_GSM5155457_CATCGGGGTTCAGGTT-1,0,enzalutamide
Data32_GSM5155457_CATCGTCAGTAGCTCT-1,0,enzalutamide
Data32_GSM5155457_CATCGTCCAATCGAAA-1,0,enzalutamide
Data32_GSM5155457_CATGAGTAGTGTAGAT-1,0,enzalutamide
Data32_GSM5155457_CATGAGTGTGTGTGTT-1,0,enzalutamide
Data32_GSM5155457_CATGAGTTCGTACCTC-1,0,enzalutamide
Data32_GSM5155457_CATGCAAAGTCTGCGC-1,0,enzalutamide
Data32_GSM5155457_CATGCAAGTAGGCAGT-1,0,enzalutamide
Data32_GSM5155457_CATGCAAGTGCAACAG-1,0,enzalutamide
Data32_GSM5155457_CATGCCTAGATGGTAT-1,0,enzalutamide
Data32_GSM5155457_CATGCCTCAATGAAAC-1,0,enzalutamide
Data32_GSM5155457_CATGCCTGTTGTGTAC-1,0,enzalutamide
Data32_GSM5155457_CATGCCTTCCTCAGAA-1,0,enzalutamide
Data32_GSM5155457_CATGCCTTCGAACCAT-1,0,enzalutamide
Data32_GSM5155457_CATGCGGAGATGTTGA-1,0,enzalutamide
Data32_GSM5155457_CATGCGGCACCAGTAT-1,0,enzalutamide
Data32_GSM5155457_CATGCGGGTACTGAGG-1,0,enzalutamide
Data32_GSM5155457_CATGCGGGTCATACCA-1,0,enzalutamide
Data32_GSM5155457_CATGCGGTCCGTATAG-1,0,enzalutamide
Data32_GSM5155457_CATGCGGTCTCGTGGG-1,0,enzalutamide
Data32_GSM5155457_CATGCGGTCTGCCCTA-1,0,enzalutamide
Data32_GSM5155457_CATGCTCAGCCAGAGT-1,0,enzalutamide
Data32_GSM5155457_CATGCTCGTAGTCACT-1,0,enzalutamide
Data32_GSM5155457_CATGCTCGTCTATGAC-1,0,enzalutamide
Data32_GSM5155457_CATGGATGTACCGCGT-1,0,enzalutamide
Data32_GSM5155457_CATGGATGTGTTAAAG-1,0,enzalutamide
Data32_GSM5155457_CATGGATGTTAGCGGA-1,0,enzalutamide
Data32_GSM5155457_CATGGATGTTTACGAC-1,0,enzalutamide
Data32_GSM5155457_CATGGATTCTTCGCTG-1,0,enzalutamide
Data32_GSM5155457_CATGGTAGTAGCGAGT-1,0,enzalutamide
Data32_GSM5155457_CATGGTAGTGCCTGAC-1,0,enzalutamide
Data32_GSM5155457_CATGGTAGTTGGGACA-1,0,enzalutamide
Data32_GSM5155457_CATGGTAGTTTCTATC-1,0,enzalutamide
Data32_GSM5155457_CATTCATCAACCACAT-1,0,enzalutamide
Data32_GSM5155457_CATTCATCAGTTCACA-1,0,enzalutamide
Data32_GSM5155457_CATTCATGTTATCTTC-1,0,enzalutamide
Data32_GSM5155457_CATTCCGAGAAACTAC-1,0,enzalutamide
Data32_GSM5155457_CATTCCGAGGTAATCA-1,0,enzalutamide
Data32_GSM5155457_CATTCCGAGGTTGTTC-1,0,enzalutamide
Data32_GSM5155457_CATTCCGCAGAGTAAT-1,0,enzalutamide
Data32_GSM5155457_CATTCCGGTCCAGGTC-1,0,enzalutamide
Data32_GSM5155457_CATTCCGTCACGGTCG-1,0,enzalutamide
Data32_GSM5155457_CATTCCGTCCTACGAA-1,0,enzalutamide
Data32_GSM5155457_CATTCTAAGTATAGAC-1,0,enzalutamide
Data32_GSM5155457_CATTCTACACAAACGG-1,0,enzalutamide
Data32_GSM5155457_CATTCTACAGAAGTGC-1,0,enzalutamide
Data32_GSM5155457_CATTCTACATGGGTTT-1,0,enzalutamide
Data32_GSM5155457_CATTCTAGTGTTTCTT-1,0,enzalutamide
Data32_GSM5155457_CATTCTATCTGACCCT-1,0,enzalutamide
Data32_GSM5155457_CATTCTATCTGTCGCT-1,0,enzalutamide
Data32_GSM5155457_CATTGAGAGCAAGGAA-1,0,enzalutamide
Data32_GSM5155457_CATTGAGGTGCGTCGT-1,0,enzalutamide
Data32_GSM5155457_CATTGAGTCTGACCCT-1,0,enzalutamide
Data32_GSM5155457_CATTGCCTCGTGGACC-1,0,enzalutamide
Data32_GSM5155457_CATTGTTCACAACCGC-1,0,enzalutamide
Data32_GSM5155457_CATTGTTGTCAACATC-1,0,enzalutamide
Data32_GSM5155457_CATTGTTGTGACGTCC-1,0,enzalutamide
Data32_GSM5155457_CATTTCAAGCACACAG-1,0,enzalutamide
Data32_GSM5155457_CATTTCACATGACAAA-1,0,enzalutamide
Data32_GSM5155457_CATTTCAGTTCAGGTT-1,0,enzalutamide
Data32_GSM5155457_CATTTCATCACCTGTC-1,0,enzalutamide
Data32_GSM5155457_CCAAGCGAGACGACTG-1,0,enzalutamide
Data32_GSM5155457_CCAAGCGAGGACAAGA-1,0,enzalutamide
Data32_GSM5155457_CCAAGCGGTGAGCTCC-1,0,enzalutamide
Data32_GSM5155457_CCAAGCGTCTCCGTGT-1,0,enzalutamide
Data32_GSM5155457_CCAATGAAGACTTAAG-1,0,enzalutamide
Data32_GSM5155457_CCAATGAAGGTCATAA-1,0,enzalutamide
Data32_GSM5155457_CCAATGACAAGACGGT-1,0,enzalutamide
Data32_GSM5155457_CCAATGACAGGGTCTC-1,0,enzalutamide
Data32_GSM5155457_CCAATGACAGTCACGC-1,0,enzalutamide
Data32_GSM5155457_CCAATGATCTTAGCCC-1,0,enzalutamide
Data32_GSM5155457_CCAATTTAGTTGGACG-1,0,enzalutamide
Data32_GSM5155457_CCAATTTCAAACTCGT-1,0,enzalutamide
Data32_GSM5155457_CCAATTTCACTGCTTC-1,0,enzalutamide
Data32_GSM5155457_CCAATTTGTAGTCTGT-1,0,enzalutamide
Data32_GSM5155457_CCAATTTTCCACGAAT-1,0,enzalutamide
Data32_GSM5155457_CCACAAATCCTGATAG-1,0,enzalutamide
Data32_GSM5155457_CCACAAATCTCAACCC-1,0,enzalutamide
Data32_GSM5155457_CCACAAATCTTCCCGA-1,0,enzalutamide
Data32_GSM5155457_CCACACTAGCCTTGAT-1,0,enzalutamide
Data32_GSM5155457_CCACACTAGTCTTCGA-1,0,enzalutamide
Data32_GSM5155457_CCACACTGTCACTAGT-1,0,enzalutamide
Data32_GSM5155457_CCACACTGTGAGCTCC-1,0,enzalutamide
Data32_GSM5155457_CCACACTTCGTGGTAT-1,0,enzalutamide
Data32_GSM5155457_CCACCATAGCAGGTCA-1,0,enzalutamide
Data32_GSM5155457_CCACCATCAGAATTCC-1,0,enzalutamide
Data32_GSM5155457_CCACCATCAGGTTCAT-1,0,enzalutamide
Data32_GSM5155457_CCACCATGTTCTTAGG-1,0,enzalutamide
Data32_GSM5155457_CCACCATTCCATTGTT-1,0,enzalutamide
Data32_GSM5155457_CCACGAGAGACGCCAA-1,0,enzalutamide
Data32_GSM5155457_CCACGAGAGCAAGTCG-1,0,enzalutamide
Data32_GSM5155457_CCACGAGAGCGGACAT-1,0,enzalutamide
Data32_GSM5155457_CCACGAGAGGGCAAGG-1,0,enzalutamide
Data32_GSM5155457_CCACGAGAGTGCGACA-1,0,enzalutamide
Data32_GSM5155457_CCACGAGCAGATCCTA-1,0,enzalutamide
Data32_GSM5155457_CCACGAGCATAGCACT-1,0,enzalutamide
Data32_GSM5155457_CCACGAGGTCGGAACA-1,0,enzalutamide
Data32_GSM5155457_CCACGTTAGGATGTTA-1,0,enzalutamide
Data32_GSM5155457_CCACGTTAGGGATCAC-1,0,enzalutamide
Data32_GSM5155457_CCACGTTCACTGCGTG-1,0,enzalutamide
Data32_GSM5155457_CCACTTGAGAGGGCGA-1,0,enzalutamide
Data32_GSM5155457_CCACTTGAGGGTCAAC-1,0,enzalutamide
Data32_GSM5155457_CCACTTGAGTAATTGG-1,0,enzalutamide
Data32_GSM5155457_CCACTTGCAATAGGAT-1,0,enzalutamide
Data32_GSM5155457_CCACTTGCATGGCACC-1,0,enzalutamide
Data32_GSM5155457_CCATAAGCAGGGACTA-1,0,enzalutamide
Data32_GSM5155457_CCATAAGGTTCTGAGT-1,0,enzalutamide
Data32_GSM5155457_CCATAAGTCACCTCTG-1,0,enzalutamide
Data32_GSM5155457_CCATCACAGAGGCTGT-1,0,enzalutamide
Data32_GSM5155457_CCATCACCAGAAGTTA-1,0,enzalutamide
Data32_GSM5155457_CCATCACTCACCTCGT-1,0,enzalutamide
Data32_GSM5155457_CCATCACTCGTTCCTG-1,0,enzalutamide
Data32_GSM5155457_CCCAACTCAAGGCTTT-1,0,enzalutamide
Data32_GSM5155457_CCCAACTCAATCACGT-1,0,enzalutamide
Data32_GSM5155457_CCCAACTGTCCAATCA-1,0,enzalutamide
Data32_GSM5155457_CCCATTGCAATTGGTC-1,0,enzalutamide
Data32_GSM5155457_CCCGAAGAGCATACTC-1,0,enzalutamide
Data32_GSM5155457_CCCGAAGTCTGGGATT-1,0,enzalutamide
Data32_GSM5155457_CCCGGAAAGCGAACTG-1,0,enzalutamide
Data32_GSM5155457_CCCGGAAAGCGCCTAC-1,0,enzalutamide
Data32_GSM5155457_CCCGGAACACGTACAT-1,0,enzalutamide
Data32_GSM5155457_CCCGGAATCCTGGTCT-1,0,enzalutamide
Data32_GSM5155457_CCCTAACAGACCCGCT-1,0,enzalutamide
Data32_GSM5155457_CCCTAACAGCTAATCC-1,0,enzalutamide
Data32_GSM5155457_CCCTAACAGGTTCAGG-1,0,enzalutamide
Data32_GSM5155457_CCCTCAAAGGCCTGCT-1,0,enzalutamide
Data32_GSM5155457_CCCTCAACAATCGCAT-1,0,enzalutamide
Data32_GSM5155457_CCCTCAACACCGTGAC-1,0,enzalutamide
Data32_GSM5155457_CCCTCAACACGGCCAT-1,0,enzalutamide
Data32_GSM5155457_CCCTCAAGTATTTCCT-1,0,enzalutamide
Data32_GSM5155457_CCCTCAATCCGCGAGT-1,0,enzalutamide
Data32_GSM5155457_CCCTCTCAGCCTGGAA-1,0,enzalutamide
Data32_GSM5155457_CCCTGATAGAGGCGTT-1,0,enzalutamide
Data32_GSM5155457_CCCTGATAGTAAACTG-1,0,enzalutamide
Data32_GSM5155457_CCCTGATCAGACACAG-1,0,enzalutamide
Data32_GSM5155457_CCCTGATGTGGCCTCA-1,0,enzalutamide
Data32_GSM5155457_CCCTGATGTGGTCTGC-1,0,enzalutamide
Data32_GSM5155457_CCCTGATGTTAGTTCG-1,0,enzalutamide
Data32_GSM5155457_CCCTGATTCACTGAAC-1,0,enzalutamide
Data32_GSM5155457_CCCTGATTCGTTATCT-1,0,enzalutamide
Data32_GSM5155457_CCCTGATTCTCGTGAA-1,0,enzalutamide
Data32_GSM5155457_CCCTTAGCACGCGTGT-1,0,enzalutamide
Data32_GSM5155457_CCCTTAGCAGTCGGTC-1,0,enzalutamide
Data32_GSM5155457_CCCTTAGTCCTAACAG-1,0,enzalutamide
Data32_GSM5155457_CCGAACGCACTCAGAT-1,0,enzalutamide
Data32_GSM5155457_CCGAACGCATAGGAGC-1,0,enzalutamide
Data32_GSM5155457_CCGATCTAGAGAGCCT-1,0,enzalutamide
Data32_GSM5155457_CCGATCTAGTCATGAA-1,0,enzalutamide
Data32_GSM5155457_CCGATCTCACTAACGT-1,0,enzalutamide
Data32_GSM5155457_CCGATCTCAGTAGGAC-1,0,enzalutamide
Data32_GSM5155457_CCGATCTGTCCTGTTC-1,0,enzalutamide
Data32_GSM5155457_CCGATCTGTGTGTTTG-1,0,enzalutamide
Data32_GSM5155457_CCGATGGAGCGACCCT-1,0,enzalutamide
Data32_GSM5155457_CCGATGGAGCGCCTCA-1,0,enzalutamide
Data32_GSM5155457_CCGATGGCAAATAAGC-1,0,enzalutamide
Data32_GSM5155457_CCGATGGCATATCGGT-1,0,enzalutamide
Data32_GSM5155457_CCGATGGGTATCGCAT-1,0,enzalutamide
Data32_GSM5155457_CCGATGGTCAGCGGAA-1,0,enzalutamide
Data32_GSM5155457_CCGATGGTCATCTATC-1,0,enzalutamide
Data32_GSM5155457_CCGATGGTCCGTTGGG-1,0,enzalutamide
Data32_GSM5155457_CCGATGGTCCTGTAGA-1,0,enzalutamide
Data32_GSM5155457_CCGATGGTCTCGTGGG-1,0,enzalutamide
Data32_GSM5155457_CCGCAAGCAAGAGATT-1,0,enzalutamide
Data32_GSM5155457_CCGCAAGCACTATCGA-1,0,enzalutamide
Data32_GSM5155457_CCGGACAAGAGGTCGT-1,0,enzalutamide
Data32_GSM5155457_CCGGACAAGCCAAGTG-1,0,enzalutamide
Data32_GSM5155457_CCGGACAAGGTGCATG-1,0,enzalutamide
Data32_GSM5155457_CCGGACATCTTGTGCC-1,0,enzalutamide
Data32_GSM5155457_CCGGGTAAGACTCGAG-1,0,enzalutamide
Data32_GSM5155457_CCGGGTAAGTCCCAGC-1,0,enzalutamide
Data32_GSM5155457_CCGGGTAAGTTGGGAC-1,0,enzalutamide
Data32_GSM5155457_CCGGGTACACAATGAA-1,0,enzalutamide
Data32_GSM5155457_CCGGGTAGTATGCTTG-1,0,enzalutamide
Data32_GSM5155457_CCGGGTAGTCTAGATC-1,0,enzalutamide
Data32_GSM5155457_CCGGTAGAGGAAACGA-1,0,enzalutamide
Data32_GSM5155457_CCGGTAGAGTCTGGTT-1,0,enzalutamide
Data32_GSM5155457_CCGGTAGAGTTTCTTC-1,0,enzalutamide
Data32_GSM5155457_CCGGTAGGTCATCCGG-1,0,enzalutamide
Data32_GSM5155457_CCGGTGAAGCCGCACT-1,0,enzalutamide
Data32_GSM5155457_CCGGTGACACCCAAGC-1,0,enzalutamide
Data32_GSM5155457_CCGGTGACAGCATGCC-1,0,enzalutamide
Data32_GSM5155457_CCGGTGAGTCATCGCG-1,0,enzalutamide
Data32_GSM5155457_CCGGTGAGTGGAATGC-1,0,enzalutamide
Data32_GSM5155457_CCGGTGAGTGTGTTTG-1,0,enzalutamide
Data32_GSM5155457_CCGGTGATCAGCTCTC-1,0,enzalutamide
Data32_GSM5155457_CCGGTGATCCGCAAAT-1,0,enzalutamide
Data32_GSM5155457_CCGTAGGCAAGCACCC-1,0,enzalutamide
Data32_GSM5155457_CCGTAGGCAGTTGCGC-1,0,enzalutamide
Data32_GSM5155457_CCGTAGGCATAGACTC-1,0,enzalutamide
Data32_GSM5155457_CCGTAGGGTGCATTTG-1,0,enzalutamide
Data32_GSM5155457_CCGTAGGGTGCCGTAC-1,0,enzalutamide
Data32_GSM5155457_CCGTAGGTCCAGCTCT-1,0,enzalutamide
Data32_GSM5155457_CCGTAGGTCGAGTACT-1,0,enzalutamide
Data32_GSM5155457_CCGTGAGCAATGTGGG-1,0,enzalutamide
Data32_GSM5155457_CCGTGAGGTAGAATGT-1,0,enzalutamide
Data32_GSM5155457_CCGTGAGGTGCAAGAC-1,0,enzalutamide
Data32_GSM5155457_CCGTGAGTCTCCTACG-1,0,enzalutamide
Data32_GSM5155457_CCGTTCAAGCTCTGTA-1,0,enzalutamide
Data32_GSM5155457_CCGTTCAAGCTTGTTG-1,0,enzalutamide
Data32_GSM5155457_CCGTTCAAGGCCTTCG-1,0,enzalutamide
Data32_GSM5155457_CCGTTCAAGTCAACAA-1,0,enzalutamide
Data32_GSM5155457_CCGTTCAAGTGCACCC-1,0,enzalutamide
Data32_GSM5155457_CCGTTCACAACGATCT-1,0,enzalutamide
Data32_GSM5155457_CCGTTCACAGTCAGAG-1,0,enzalutamide
Data32_GSM5155457_CCGTTCACAGTTGCGC-1,0,enzalutamide
Data32_GSM5155457_CCGTTCACATGTTTGG-1,0,enzalutamide
Data32_GSM5155457_CCGTTCAGTCCGGATC-1,0,enzalutamide
Data32_GSM5155457_CCGTTCAGTGTGACCC-1,0,enzalutamide
Data32_GSM5155457_CCTAACCGTATCGCTA-1,0,enzalutamide
Data32_GSM5155457_CCTAACCGTCCAGGTC-1,0,enzalutamide
Data32_GSM5155457_CCTAACCGTCGGTACC-1,0,enzalutamide
Data32_GSM5155457_CCTAAGAAGACAACAT-1,0,enzalutamide
Data32_GSM5155457_CCTAAGACAAGTGGCA-1,0,enzalutamide
Data32_GSM5155457_CCTAAGAGTGACAGGT-1,0,enzalutamide
Data32_GSM5155457_CCTAAGAGTGCACATT-1,0,enzalutamide
Data32_GSM5155457_CCTAAGATCAAACGAA-1,0,enzalutamide
Data32_GSM5155457_CCTAAGATCACGATCA-1,0,enzalutamide
Data32_GSM5155457_CCTAAGATCAGATGCT-1,0,enzalutamide
Data32_GSM5155457_CCTAAGATCTTGATTC-1,0,enzalutamide
Data32_GSM5155457_CCTACGTAGCCTCATA-1,0,enzalutamide
Data32_GSM5155457_CCTACGTAGCGTTCAT-1,0,enzalutamide
Data32_GSM5155457_CCTACGTCAGAGGACT-1,0,enzalutamide
Data32_GSM5155457_CCTACGTCATGATCTG-1,0,enzalutamide
Data32_GSM5155457_CCTACGTTCTGGAAGG-1,0,enzalutamide
Data32_GSM5155457_CCTACGTTCTTTCGAT-1,0,enzalutamide
Data32_GSM5155457_CCTATCGAGAGAGAAC-1,0,enzalutamide
Data32_GSM5155457_CCTATCGAGTAAATGC-1,0,enzalutamide
Data32_GSM5155457_CCTATCGCAACAGTGG-1,0,enzalutamide
Data32_GSM5155457_CCTATCGCAGGACATG-1,0,enzalutamide
Data32_GSM5155457_CCTATCGCATCATCCC-1,0,enzalutamide
Data32_GSM5155457_CCTATCGCATCGCTAA-1,0,enzalutamide
Data32_GSM5155457_CCTATCGCATGCCGCA-1,0,enzalutamide
Data32_GSM5155457_CCTATCGGTTCAGCGC-1,0,enzalutamide
Data32_GSM5155457_CCTCAACAGCAGCCTC-1,0,enzalutamide
Data32_GSM5155457_CCTCACAAGGTGATAT-1,0,enzalutamide
Data32_GSM5155457_CCTCACAGTGGTTCTA-1,0,enzalutamide
Data32_GSM5155457_CCTCACAGTGTCTTAG-1,0,enzalutamide
Data32_GSM5155457_CCTCACATCTACTCAT-1,0,enzalutamide
Data32_GSM5155457_CCTCAGTCATCTGGGC-1,0,enzalutamide
Data32_GSM5155457_CCTCAGTGTGCATGTT-1,0,enzalutamide
Data32_GSM5155457_CCTCAGTTCGGCCTTT-1,0,enzalutamide
Data32_GSM5155457_CCTCATGAGCAACCAG-1,0,enzalutamide
Data32_GSM5155457_CCTCATGAGGTATAGT-1,0,enzalutamide
Data32_GSM5155457_CCTCATGCACTGCACG-1,0,enzalutamide
Data32_GSM5155457_CCTCATGGTCCAATCA-1,0,enzalutamide
Data32_GSM5155457_CCTCATGGTCTGTCCT-1,0,enzalutamide
Data32_GSM5155457_CCTCATGTCCGCATAA-1,0,enzalutamide
Data32_GSM5155457_CCTCCAAGTACCCAGC-1,0,enzalutamide
Data32_GSM5155457_CCTCCAAGTTTACTTC-1,0,enzalutamide
Data32_GSM5155457_CCTCCAATCCAAGCCG-1,0,enzalutamide
Data32_GSM5155457_CCTCCAATCCTGGGTG-1,0,enzalutamide
Data32_GSM5155457_CCTCCTCCAAGCGCTC-1,0,enzalutamide
Data32_GSM5155457_CCTCCTCCACGCTGCA-1,0,enzalutamide
Data32_GSM5155457_CCTCCTCCAGAACTAA-1,0,enzalutamide
Data32_GSM5155457_CCTCCTCGTAGGCTGA-1,0,enzalutamide
Data32_GSM5155457_CCTCCTCTCGAGTTGT-1,0,enzalutamide
Data32_GSM5155457_CCTCCTCTCGTGCACG-1,0,enzalutamide
Data32_GSM5155457_CCTCCTCTCTGAGATC-1,0,enzalutamide
Data32_GSM5155457_CCTCTAGCACTTCAGA-1,0,enzalutamide
Data32_GSM5155457_CCTCTAGCATCCTATT-1,0,enzalutamide
Data32_GSM5155457_CCTCTAGTCCATATGG-1,0,enzalutamide
Data32_GSM5155457_CCTCTCCAGACTCCGC-1,0,enzalutamide
Data32_GSM5155457_CCTCTCCAGGTTGGAC-1,0,enzalutamide
Data32_GSM5155457_CCTCTCCGTACAGTAA-1,0,enzalutamide
Data32_GSM5155457_CCTCTCCGTTTACGAC-1,0,enzalutamide
Data32_GSM5155457_CCTCTCCTCCAACACA-1,0,enzalutamide
Data32_GSM5155457_CCTGCATAGCATGTTC-1,0,enzalutamide
Data32_GSM5155457_CCTGCATAGGATCATA-1,0,enzalutamide
Data32_GSM5155457_CCTGCATAGGTGATAT-1,0,enzalutamide
Data32_GSM5155457_CCTGCATCAGTATGAA-1,0,enzalutamide
Data32_GSM5155457_CCTGCATGTTCCTTGC-1,0,enzalutamide
Data32_GSM5155457_CCTGCATTCACCACAA-1,0,enzalutamide
Data32_GSM5155457_CCTGTTGAGACTGGGT-1,0,enzalutamide
Data32_GSM5155457_CCTGTTGTCACAATGC-1,0,enzalutamide
Data32_GSM5155457_CCTTCAGCAAGTCCCG-1,0,enzalutamide
Data32_GSM5155457_CCTTCAGCATCCGTTC-1,0,enzalutamide
Data32_GSM5155457_CCTTCAGGTCGCACGT-1,0,enzalutamide
Data32_GSM5155457_CCTTCAGGTGTCACAT-1,0,enzalutamide
Data32_GSM5155457_CCTTCAGGTGTCTTAG-1,0,enzalutamide
Data32_GSM5155457_CCTTCAGTCAATCCGA-1,0,enzalutamide
Data32_GSM5155457_CCTTCAGTCCAACCAA-1,0,enzalutamide
Data32_GSM5155457_CCTTTGGAGCTAGAGC-1,0,enzalutamide
Data32_GSM5155457_CCTTTGGAGTTCGCAT-1,0,enzalutamide
Data32_GSM5155457_CCTTTGGCATAGTCGT-1,0,enzalutamide
Data32_GSM5155457_CCTTTGGTCTTGTGCC-1,0,enzalutamide
Data32_GSM5155457_CGAAGGAAGCACTCTA-1,0,enzalutamide
Data32_GSM5155457_CGAAGGACACACCTAA-1,0,enzalutamide
Data32_GSM5155457_CGAAGGAGTTCGCGTG-1,0,enzalutamide
Data32_GSM5155457_CGAAGGATCAGAGTGG-1,0,enzalutamide
Data32_GSM5155457_CGAAGGATCCGGCAAC-1,0,enzalutamide
Data32_GSM5155457_CGAAGTTAGAGCTTTC-1,0,enzalutamide
Data32_GSM5155457_CGAAGTTAGCCGGATA-1,0,enzalutamide
Data32_GSM5155457_CGAAGTTCACAGCGCT-1,0,enzalutamide
Data32_GSM5155457_CGAAGTTGTTACACTG-1,0,enzalutamide
Data32_GSM5155457_CGAAGTTTCCTGTTGC-1,0,enzalutamide
Data32_GSM5155457_CGAAGTTTCGACGATT-1,0,enzalutamide
Data32_GSM5155457_CGAATTGAGTGGAAAG-1,0,enzalutamide
Data32_GSM5155457_CGAATTGGTCCGTACG-1,0,enzalutamide
Data32_GSM5155457_CGAATTGTCCCAGTGG-1,0,enzalutamide
Data32_GSM5155457_CGAATTGTCTTTCTAG-1,0,enzalutamide
Data32_GSM5155457_CGACAGCAGAAACCAT-1,0,enzalutamide
Data32_GSM5155457_CGACAGCAGAATAGTC-1,0,enzalutamide
Data32_GSM5155457_CGACAGCAGGAGGTTC-1,0,enzalutamide
Data32_GSM5155457_CGACAGCCACTATCCC-1,0,enzalutamide
Data32_GSM5155457_CGACAGCCATGGACAG-1,0,enzalutamide
Data32_GSM5155457_CGAGAAGCATCTCGTC-1,0,enzalutamide
Data32_GSM5155457_CGAGAAGGTGTGCCTG-1,0,enzalutamide
Data32_GSM5155457_CGAGAAGTCCTCAGAA-1,0,enzalutamide
Data32_GSM5155457_CGAGGAACACGGTGAA-1,0,enzalutamide
Data32_GSM5155457_CGAGGCTAGTATTCCG-1,0,enzalutamide
Data32_GSM5155457_CGAGGCTCAAACGGCA-1,0,enzalutamide
Data32_GSM5155457_CGAGGCTCATCCTTCG-1,0,enzalutamide
Data32_GSM5155457_CGAGGCTCATGACTAC-1,0,enzalutamide
Data32_GSM5155457_CGAGGCTCATTGTGCA-1,0,enzalutamide
Data32_GSM5155457_CGAGGCTTCGGCACTG-1,0,enzalutamide
Data32_GSM5155457_CGAGTGCTCAGGACGA-1,0,enzalutamide
Data32_GSM5155457_CGAGTGCTCCGTTTCG-1,0,enzalutamide
Data32_GSM5155457_CGAGTGCTCCTGATAG-1,0,enzalutamide
Data32_GSM5155457_CGAGTGCTCTGTGTGA-1,0,enzalutamide
Data32_GSM5155457_CGAGTTACAGCTAACT-1,0,enzalutamide
Data32_GSM5155457_CGAGTTACAGTAGGAC-1,0,enzalutamide
Data32_GSM5155457_CGAGTTACATGTAACC-1,0,enzalutamide
Data32_GSM5155457_CGAGTTAGTAGAATAC-1,0,enzalutamide
Data32_GSM5155457_CGAGTTAGTCTAGGCC-1,0,enzalutamide
Data32_GSM5155457_CGAGTTAGTGACTCGC-1,0,enzalutamide
Data32_GSM5155457_CGAGTTAGTTCCGTTC-1,0,enzalutamide
Data32_GSM5155457_CGAGTTATCGTTCCTG-1,0,enzalutamide
Data32_GSM5155457_CGATCGGAGACAACTA-1,0,enzalutamide
Data32_GSM5155457_CGATCGGGTAACCAGG-1,0,enzalutamide
Data32_GSM5155457_CGATCGGTCCTGTACC-1,0,enzalutamide
Data32_GSM5155457_CGATCGGTCTCAGTCC-1,0,enzalutamide
Data32_GSM5155457_CGATCGGTCTTGGATG-1,0,enzalutamide
Data32_GSM5155457_CGATGCGAGTGGTTCT-1,0,enzalutamide
Data32_GSM5155457_CGATGCGAGTTGTAGA-1,0,enzalutamide
Data32_GSM5155457_CGATGCGCACCACATA-1,0,enzalutamide
Data32_GSM5155457_CGATGCGCAGCTGTCG-1,0,enzalutamide
Data32_GSM5155457_CGATGCGCATAGGCGA-1,0,enzalutamide
Data32_GSM5155457_CGATGGCAGAGGGTCT-1,0,enzalutamide
Data32_GSM5155457_CGATGGCAGATAGCTA-1,0,enzalutamide
Data32_GSM5155457_CGATGGCCACCGGTCA-1,0,enzalutamide
Data32_GSM5155457_CGATGGCCACTATGTG-1,0,enzalutamide
Data32_GSM5155457_CGATGGCCAGGTTCAT-1,0,enzalutamide
Data32_GSM5155457_CGATGGCCATTAGGAA-1,0,enzalutamide
Data32_GSM5155457_CGATGGCTCACCACAA-1,0,enzalutamide
Data32_GSM5155457_CGATGGCTCATGACAC-1,0,enzalutamide
Data32_GSM5155457_CGCAGGTAGACAGTCG-1,0,enzalutamide
Data32_GSM5155457_CGCAGGTAGGTTCCAT-1,0,enzalutamide
Data32_GSM5155457_CGCAGGTCAATTGAAG-1,0,enzalutamide
Data32_GSM5155457_CGCAGGTCATCGTCCT-1,0,enzalutamide
Data32_GSM5155457_CGCAGGTGTCCGACGT-1,0,enzalutamide
Data32_GSM5155457_CGCAGGTGTGACGCCT-1,0,enzalutamide
Data32_GSM5155457_CGCAGGTGTTAATCGC-1,0,enzalutamide
Data32_GSM5155457_CGCAGGTGTTGTAAAG-1,0,enzalutamide
Data32_GSM5155457_CGCAGGTGTTTACGAC-1,0,enzalutamide
Data32_GSM5155457_CGCAGGTTCACATTGG-1,0,enzalutamide
Data32_GSM5155457_CGCAGGTTCCGGTTCT-1,0,enzalutamide
Data32_GSM5155457_CGCATAAAGAAGTGTT-1,0,enzalutamide
Data32_GSM5155457_CGCATAACAAATTGGA-1,0,enzalutamide
Data32_GSM5155457_CGCATAACACAACGCC-1,0,enzalutamide
Data32_GSM5155457_CGCATAACACAATGCT-1,0,enzalutamide
Data32_GSM5155457_CGCATAACACTGATTG-1,0,enzalutamide
Data32_GSM5155457_CGCATAATCCAGCTCT-1,0,enzalutamide
Data32_GSM5155457_CGCATGGCATTGGCAT-1,0,enzalutamide
Data32_GSM5155457_CGCATGGGTCCTGGGT-1,0,enzalutamide
Data32_GSM5155457_CGCATGGTCGAACCAT-1,0,enzalutamide
Data32_GSM5155457_CGCATGGTCGGTAACT-1,0,enzalutamide
Data32_GSM5155457_CGCCAGAAGAGTCTGG-1,0,enzalutamide
Data32_GSM5155457_CGCCAGAAGCACTAAA-1,0,enzalutamide
Data32_GSM5155457_CGCCAGAAGGATACAT-1,0,enzalutamide
Data32_GSM5155457_CGCCAGACAAGTGCAG-1,0,enzalutamide
Data32_GSM5155457_CGCCAGACAAGTGTCT-1,0,enzalutamide
Data32_GSM5155457_CGCCAGACAGTAGGAC-1,0,enzalutamide
Data32_GSM5155457_CGCCAGAGTGAGTTTC-1,0,enzalutamide
Data32_GSM5155457_CGCCAGAGTTAGAAAC-1,0,enzalutamide
Data32_GSM5155457_CGCCAGAGTTCGTGCG-1,0,enzalutamide
Data32_GSM5155457_CGCCAGATCACTCGAA-1,0,enzalutamide
Data32_GSM5155457_CGCCAGATCGGTCTGG-1,0,enzalutamide
Data32_GSM5155457_CGCCATTCAACCCTCT-1,0,enzalutamide
Data32_GSM5155457_CGCCATTGTGAGTGAC-1,0,enzalutamide
Data32_GSM5155457_CGCGTGACAGCCGTTG-1,0,enzalutamide
Data32_GSM5155457_CGCGTGATCGACGAGA-1,0,enzalutamide
Data32_GSM5155457_CGGAACCAGCTACTGT-1,0,enzalutamide
Data32_GSM5155457_CGGAACCAGGTAGACC-1,0,enzalutamide
Data32_GSM5155457_CGGAACCAGGTTCCGC-1,0,enzalutamide
Data32_GSM5155457_CGGAACCCAGCGTTGC-1,0,enzalutamide
Data32_GSM5155457_CGGAACCGTCGCACGT-1,0,enzalutamide
Data32_GSM5155457_CGGAACCGTGACTATC-1,0,enzalutamide
Data32_GSM5155457_CGGAACCTCGCTCCTA-1,0,enzalutamide
Data32_GSM5155457_CGGAACCTCGTCGATA-1,0,enzalutamide
Data32_GSM5155457_CGGAATTCAATCTGCA-1,0,enzalutamide
Data32_GSM5155457_CGGAATTCACATGGTT-1,0,enzalutamide
Data32_GSM5155457_CGGAATTCACTAACCA-1,0,enzalutamide
Data32_GSM5155457_CGGAATTCATGGGAAC-1,0,enzalutamide
Data32_GSM5155457_CGGAATTGTACAGCGA-1,0,enzalutamide
Data32_GSM5155457_CGGAATTGTCTTTCAT-1,0,enzalutamide
Data32_GSM5155457_CGGAATTGTTATGGTC-1,0,enzalutamide
Data32_GSM5155457_CGGAATTTCATCACAG-1,0,enzalutamide
Data32_GSM5155457_CGGAATTTCCGCAAAT-1,0,enzalutamide
Data32_GSM5155457_CGGAATTTCTCGGTCT-1,0,enzalutamide
Data32_GSM5155457_CGGACACAGAAGATCT-1,0,enzalutamide
Data32_GSM5155457_CGGACACAGAGTATAC-1,0,enzalutamide
Data32_GSM5155457_CGGACACCAGTATGAA-1,0,enzalutamide
Data32_GSM5155457_CGGACACCATGTTCGA-1,0,enzalutamide
Data32_GSM5155457_CGGACACCATTACTCT-1,0,enzalutamide
Data32_GSM5155457_CGGACACTCCTGTTAT-1,0,enzalutamide
Data32_GSM5155457_CGGACACTCGCTCTAC-1,0,enzalutamide
Data32_GSM5155457_CGGAGAAAGCGGTAAC-1,0,enzalutamide
Data32_GSM5155457_CGGAGAACAACTTCTT-1,0,enzalutamide
Data32_GSM5155457_CGGAGAAGTCACTTAG-1,0,enzalutamide
Data32_GSM5155457_CGGAGAAGTGCTAGCC-1,0,enzalutamide
Data32_GSM5155457_CGGAGAAGTTCGTAAC-1,0,enzalutamide
Data32_GSM5155457_CGGAGAATCCATTTCA-1,0,enzalutamide
Data32_GSM5155457_CGGCAGTAGTCGCCCA-1,0,enzalutamide
Data32_GSM5155457_CGGCAGTCAGCCTACG-1,0,enzalutamide
Data32_GSM5155457_CGGCAGTCATATACCG-1,0,enzalutamide
Data32_GSM5155457_CGGCAGTTCGTTATCT-1,0,enzalutamide
Data32_GSM5155457_CGGGACTAGTCAACAA-1,0,enzalutamide
Data32_GSM5155457_CGGGACTCACGGATCC-1,0,enzalutamide
Data32_GSM5155457_CGGGACTCATCTCAAG-1,0,enzalutamide
Data32_GSM5155457_CGGGACTTCCAGCAAT-1,0,enzalutamide
Data32_GSM5155457_CGGGACTTCCATAGGT-1,0,enzalutamide
Data32_GSM5155457_CGGGACTTCGTTGTGA-1,0,enzalutamide
Data32_GSM5155457_CGGGCATCAACACGTT-1,0,enzalutamide
Data32_GSM5155457_CGGGCATCACACCAGC-1,0,enzalutamide
Data32_GSM5155457_CGGGCATCAGAGAATT-1,0,enzalutamide
Data32_GSM5155457_CGGGCATTCGTAGTGT-1,0,enzalutamide
Data32_GSM5155457_CGGGCATTCGTGTGGC-1,0,enzalutamide
Data32_GSM5155457_CGGGTCACAAGTCCCG-1,0,enzalutamide
Data32_GSM5155457_CGGGTCACACCCAACG-1,0,enzalutamide
Data32_GSM5155457_CGGGTCAGTGATGTAA-1,0,enzalutamide
Data32_GSM5155457_CGGGTCAGTTGTGCAT-1,0,enzalutamide
Data32_GSM5155457_CGGGTGTCAGAGTTGG-1,0,enzalutamide
Data32_GSM5155457_CGGGTGTCAGTATTCG-1,0,enzalutamide
Data32_GSM5155457_CGGGTGTTCTGAATGC-1,0,enzalutamide
Data32_GSM5155457_CGGTCAGAGACCAAGC-1,0,enzalutamide
Data32_GSM5155457_CGGTCAGAGTCACGCC-1,0,enzalutamide
Data32_GSM5155457_CGGTCAGCAATCCTTT-1,0,enzalutamide
Data32_GSM5155457_CGGTCAGCAGTTAAAG-1,0,enzalutamide
Data32_GSM5155457_CGGTCAGGTACATACC-1,0,enzalutamide
Data32_GSM5155457_CGGTCAGGTGGCCCAT-1,0,enzalutamide
Data32_GSM5155457_CGGTCAGGTGGTCTGC-1,0,enzalutamide
Data32_GSM5155457_CGGTCAGTCAGAGCAG-1,0,enzalutamide
Data32_GSM5155457_CGGTCAGTCAGAGTGG-1,0,enzalutamide
Data32_GSM5155457_CGGTCAGTCCACAGGC-1,0,enzalutamide
Data32_GSM5155457_CGGTCAGTCGCCGATG-1,0,enzalutamide
Data32_GSM5155457_CGTAAGTAGCTCAGAG-1,0,enzalutamide
Data32_GSM5155457_CGTAAGTAGTGCTCAT-1,0,enzalutamide
Data32_GSM5155457_CGTAAGTCAAGACCTT-1,0,enzalutamide
Data32_GSM5155457_CGTAAGTCAGGCTATT-1,0,enzalutamide
Data32_GSM5155457_CGTAAGTGTAGGTCAG-1,0,enzalutamide
Data32_GSM5155457_CGTAATGGTGTGAATA-1,0,enzalutamide
Data32_GSM5155457_CGTAATGGTTGTGCAT-1,0,enzalutamide
Data32_GSM5155457_CGTAATGTCAAAGCCT-1,0,enzalutamide
Data32_GSM5155457_CGTAATGTCAAGCGTT-1,0,enzalutamide
Data32_GSM5155457_CGTAATGTCGGAATGG-1,0,enzalutamide
Data32_GSM5155457_CGTAGTAAGCAAGTCG-1,0,enzalutamide
Data32_GSM5155457_CGTAGTAAGCGATCGA-1,0,enzalutamide
Data32_GSM5155457_CGTAGTACAAATCGGG-1,0,enzalutamide
Data32_GSM5155457_CGTAGTACAATGTCTG-1,0,enzalutamide
Data32_GSM5155457_CGTAGTACACAAGCAG-1,0,enzalutamide
Data32_GSM5155457_CGTAGTAGTATTGACC-1,0,enzalutamide
Data32_GSM5155457_CGTAGTAGTGCATCTA-1,0,enzalutamide
Data32_GSM5155457_CGTAGTAGTTGCTTGA-1,0,enzalutamide
Data32_GSM5155457_CGTAGTAGTTGGCCTG-1,0,enzalutamide
Data32_GSM5155457_CGTAGTATCTCTCGAC-1,0,enzalutamide
Data32_GSM5155457_CGTAGTATCTTTACAC-1,0,enzalutamide
Data32_GSM5155457_CGTCAAATCAACTGGT-1,0,enzalutamide
Data32_GSM5155457_CGTCCATCAAGACGGT-1,0,enzalutamide
Data32_GSM5155457_CGTCCATGTGCATCTA-1,0,enzalutamide
Data32_GSM5155457_CGTGAATAGACAAGCC-1,0,enzalutamide
Data32_GSM5155457_CGTGAATCACGTTCGG-1,0,enzalutamide
Data32_GSM5155457_CGTGAATCAGAGACTG-1,0,enzalutamide
Data32_GSM5155457_CGTGAATGTTGAGTCT-1,0,enzalutamide
Data32_GSM5155457_CGTGAATTCCCAAGCG-1,0,enzalutamide
Data32_GSM5155457_CGTGATAAGTCTCTGA-1,0,enzalutamide
Data32_GSM5155457_CGTGATACAAGCGATG-1,0,enzalutamide
Data32_GSM5155457_CGTGATACAGAAACCG-1,0,enzalutamide
Data32_GSM5155457_CGTGATAGTACTAACC-1,0,enzalutamide
Data32_GSM5155457_CGTGCTTAGAACGTGC-1,0,enzalutamide
Data32_GSM5155457_CGTGCTTGTCAAGTTC-1,0,enzalutamide
Data32_GSM5155457_CGTGTCTCAAATGAGT-1,0,enzalutamide
Data32_GSM5155457_CGTTAGAAGAGATCGC-1,0,enzalutamide
Data32_GSM5155457_CGTTAGAAGGAATGTT-1,0,enzalutamide
Data32_GSM5155457_CGTTAGATCGCGGTAC-1,0,enzalutamide
Data32_GSM5155457_CGTTAGATCTTACGGA-1,0,enzalutamide
Data32_GSM5155457_CGTTCTGAGCAACTTC-1,0,enzalutamide
Data32_GSM5155457_CGTTCTGAGCACACCC-1,0,enzalutamide
Data32_GSM5155457_CGTTCTGAGCATATGA-1,0,enzalutamide
Data32_GSM5155457_CGTTCTGAGCGTCAGA-1,0,enzalutamide
Data32_GSM5155457_CGTTCTGAGGGCCTCT-1,0,enzalutamide
Data32_GSM5155457_CGTTCTGCAGGTCCGT-1,0,enzalutamide
Data32_GSM5155457_CGTTGGGAGAGAGCGG-1,0,enzalutamide
Data32_GSM5155457_CGTTGGGAGCGTGAAC-1,0,enzalutamide
Data32_GSM5155457_CGTTGGGAGGGTATAT-1,0,enzalutamide
Data32_GSM5155457_CGTTGGGAGTTCCTGA-1,0,enzalutamide
Data32_GSM5155457_CGTTGGGCATCTTAGG-1,0,enzalutamide
Data32_GSM5155457_CGTTGGGCATGGCCAC-1,0,enzalutamide
Data32_GSM5155457_CGTTGGGGTCTAACGT-1,0,enzalutamide
Data32_GSM5155457_CGTTGGGTCGGCCTTT-1,0,enzalutamide
Data32_GSM5155457_CGTTGGGTCTGAGAAA-1,0,enzalutamide
Data32_GSM5155457_CTAACCCAGATGATTG-1,0,enzalutamide
Data32_GSM5155457_CTAACCCGTAACATCC-1,0,enzalutamide
Data32_GSM5155457_CTAACTTAGATACATG-1,0,enzalutamide
Data32_GSM5155457_CTAACTTCACGTAGTT-1,0,enzalutamide
Data32_GSM5155457_CTAACTTCAGTTCACA-1,0,enzalutamide
Data32_GSM5155457_CTAAGTGGTATACAGA-1,0,enzalutamide
Data32_GSM5155457_CTAAGTGTCCTTCGAC-1,0,enzalutamide
Data32_GSM5155457_CTAAGTGTCGTGGCTG-1,0,enzalutamide
Data32_GSM5155457_CTAAGTGTCTAAACGC-1,0,enzalutamide
Data32_GSM5155457_CTAAGTGTCTTACCGC-1,0,enzalutamide
Data32_GSM5155457_CTACAGACACATCATG-1,0,enzalutamide
Data32_GSM5155457_CTACAGACAGAGTTGG-1,0,enzalutamide
Data32_GSM5155457_CTACAGAGTAATACCC-1,0,enzalutamide
Data32_GSM5155457_CTACAGAGTGTTGATC-1,0,enzalutamide
Data32_GSM5155457_CTACAGATCGAAATCC-1,0,enzalutamide
Data32_GSM5155457_CTACATTCAGCACACC-1,0,enzalutamide
Data32_GSM5155457_CTACATTGTCGCGGTT-1,0,enzalutamide
Data32_GSM5155457_CTACATTTCAGACTGT-1,0,enzalutamide
Data32_GSM5155457_CTACATTTCTAGAACC-1,0,enzalutamide
Data32_GSM5155457_CTACATTTCTTGCGCT-1,0,enzalutamide
Data32_GSM5155457_CTACCCATCATGCGGC-1,0,enzalutamide
Data32_GSM5155457_CTACCTGAGTAGGATT-1,0,enzalutamide
Data32_GSM5155457_CTACCTGAGTGCTCGC-1,0,enzalutamide
Data32_GSM5155457_CTACCTGCAACAGCTT-1,0,enzalutamide
Data32_GSM5155457_CTACCTGCACTCATAG-1,0,enzalutamide
Data32_GSM5155457_CTACCTGTCTTCTGTA-1,0,enzalutamide
Data32_GSM5155457_CTACGGGAGCGAACTG-1,0,enzalutamide
Data32_GSM5155457_CTACGGGAGGAGGGTG-1,0,enzalutamide
Data32_GSM5155457_CTACGGGCAAGCCTGC-1,0,enzalutamide
Data32_GSM5155457_CTACGGGCAGGATCTT-1,0,enzalutamide
Data32_GSM5155457_CTACTATAGGGAACAA-1,0,enzalutamide
Data32_GSM5155457_CTACTATGTGTGCTTA-1,0,enzalutamide
Data32_GSM5155457_CTACTATTCTTCTCAA-1,0,enzalutamide
Data32_GSM5155457_CTAGACAAGGCCCACT-1,0,enzalutamide
Data32_GSM5155457_CTAGACAAGTTCCAGT-1,0,enzalutamide
Data32_GSM5155457_CTAGACACATACCATG-1,0,enzalutamide
Data32_GSM5155457_CTAGACAGTGACATCT-1,0,enzalutamide
Data32_GSM5155457_CTAGACATCGTTGTGA-1,0,enzalutamide
Data32_GSM5155457_CTAGGTAAGTACGTCT-1,0,enzalutamide
Data32_GSM5155457_CTAGGTACACTGTCCT-1,0,enzalutamide
Data32_GSM5155457_CTAGGTACAGTAGAGC-1,0,enzalutamide
Data32_GSM5155457_CTAGGTACAGTTAGGG-1,0,enzalutamide
Data32_GSM5155457_CTAGGTAGTATCTCTT-1,0,enzalutamide
Data32_GSM5155457_CTAGGTAGTCACTACA-1,0,enzalutamide
Data32_GSM5155457_CTAGGTAGTTCTGACA-1,0,enzalutamide
Data32_GSM5155457_CTATAGGAGAGATCGC-1,0,enzalutamide
Data32_GSM5155457_CTATAGGCAAACTCGT-1,0,enzalutamide
Data32_GSM5155457_CTATAGGGTAATGCGG-1,0,enzalutamide
Data32_GSM5155457_CTATAGGGTATCGTTG-1,0,enzalutamide
Data32_GSM5155457_CTATAGGGTCAAGGCA-1,0,enzalutamide
Data32_GSM5155457_CTATAGGTCTCTATGT-1,0,enzalutamide
Data32_GSM5155457_CTATAGGTCTGCGATA-1,0,enzalutamide
Data32_GSM5155457_CTATCCGAGGTCCTGC-1,0,enzalutamide
Data32_GSM5155457_CTATCCGGTTGGACCC-1,0,enzalutamide
Data32_GSM5155457_CTATCCGTCAAATGAG-1,0,enzalutamide
Data32_GSM5155457_CTATCCGTCATCGTAG-1,0,enzalutamide
Data32_GSM5155457_CTATCCGTCTACCAGA-1,0,enzalutamide
Data32_GSM5155457_CTATCTACAACGATCT-1,0,enzalutamide
Data32_GSM5155457_CTATCTACAAGGCGTA-1,0,enzalutamide
Data32_GSM5155457_CTATCTACATAATGCC-1,0,enzalutamide
Data32_GSM5155457_CTATCTACATAGATGA-1,0,enzalutamide
Data32_GSM5155457_CTATCTAGTGCCTATA-1,0,enzalutamide
Data32_GSM5155457_CTCAACCAGAATCGAT-1,0,enzalutamide
Data32_GSM5155457_CTCAACCAGTGACCTT-1,0,enzalutamide
Data32_GSM5155457_CTCAACCAGTTCCATG-1,0,enzalutamide
Data32_GSM5155457_CTCAACCCAACTACGT-1,0,enzalutamide
Data32_GSM5155457_CTCAACCCACGGGCTT-1,0,enzalutamide
Data32_GSM5155457_CTCAACCCAGTCACGC-1,0,enzalutamide
Data32_GSM5155457_CTCAACCTCCATGATG-1,0,enzalutamide
Data32_GSM5155457_CTCAAGAAGCGACCCT-1,0,enzalutamide
Data32_GSM5155457_CTCAAGAAGCTACAAA-1,0,enzalutamide
Data32_GSM5155457_CTCAAGAAGGATTTCC-1,0,enzalutamide
Data32_GSM5155457_CTCAAGACATGATCTG-1,0,enzalutamide
Data32_GSM5155457_CTCAAGAGTCGTCGGT-1,0,enzalutamide
Data32_GSM5155457_CTCAATTAGCAATAGT-1,0,enzalutamide
Data32_GSM5155457_CTCAATTAGTGAGCCA-1,0,enzalutamide
Data32_GSM5155457_CTCAATTAGTTCATCG-1,0,enzalutamide
Data32_GSM5155457_CTCAATTCACACGGTC-1,0,enzalutamide
Data32_GSM5155457_CTCAATTCAGGCGATA-1,0,enzalutamide
Data32_GSM5155457_CTCAATTGTGTACAGG-1,0,enzalutamide
Data32_GSM5155457_CTCAATTTCACCTCAC-1,0,enzalutamide
Data32_GSM5155457_CTCAATTTCTAGCCAA-1,0,enzalutamide
Data32_GSM5155457_CTCAATTTCTCAACCC-1,0,enzalutamide
Data32_GSM5155457_CTCAATTTCTGTCAGA-1,0,enzalutamide
Data32_GSM5155457_CTCACTGTCACTGTCC-1,0,enzalutamide
Data32_GSM5155457_CTCACTGTCTAATTCC-1,0,enzalutamide
Data32_GSM5155457_CTCAGAAAGATGGCAC-1,0,enzalutamide
Data32_GSM5155457_CTCAGAAAGTAGCTCT-1,0,enzalutamide
Data32_GSM5155457_CTCAGAAAGTATGTAG-1,0,enzalutamide
Data32_GSM5155457_CTCAGAACAAGGAGTC-1,0,enzalutamide
Data32_GSM5155457_CTCAGAATCCGGGACT-1,0,enzalutamide
Data32_GSM5155457_CTCAGGGAGTGCTAGG-1,0,enzalutamide
Data32_GSM5155457_CTCAGGGAGTTTGAGA-1,0,enzalutamide
Data32_GSM5155457_CTCAGGGCACGTATAC-1,0,enzalutamide
Data32_GSM5155457_CTCAGGGCAGCGTAGA-1,0,enzalutamide
Data32_GSM5155457_CTCAGGGGTATCCTTT-1,0,enzalutamide
Data32_GSM5155457_CTCAGGGGTTGGGATG-1,0,enzalutamide
Data32_GSM5155457_CTCAGTCAGGGCAACT-1,0,enzalutamide
Data32_GSM5155457_CTCAGTCCATCAGCTA-1,0,enzalutamide
Data32_GSM5155457_CTCAGTCGTAGCGTAG-1,0,enzalutamide
Data32_GSM5155457_CTCAGTCGTCGTTGCG-1,0,enzalutamide
Data32_GSM5155457_CTCAGTCGTGACGCCT-1,0,enzalutamide
Data32_GSM5155457_CTCAGTCGTGGGTTGA-1,0,enzalutamide
Data32_GSM5155457_CTCATCGAGTGTTGTC-1,0,enzalutamide
Data32_GSM5155457_CTCATCGGTGTTATCG-1,0,enzalutamide
Data32_GSM5155457_CTCATCGTCAGTCCGG-1,0,enzalutamide
Data32_GSM5155457_CTCATCGTCTCGACGG-1,0,enzalutamide
Data32_GSM5155457_CTCATGCAGCCACCGT-1,0,enzalutamide
Data32_GSM5155457_CTCATGCAGGTTGGTG-1,0,enzalutamide
Data32_GSM5155457_CTCATGCAGTTTGAGA-1,0,enzalutamide
Data32_GSM5155457_CTCATGCCACCAACAT-1,0,enzalutamide
Data32_GSM5155457_CTCATGCCAGAGTCAG-1,0,enzalutamide
Data32_GSM5155457_CTCATGCCAGTTTCGA-1,0,enzalutamide
Data32_GSM5155457_CTCATGCGTTCTCCAC-1,0,enzalutamide
Data32_GSM5155457_CTCATGCTCATATGGC-1,0,enzalutamide
Data32_GSM5155457_CTCATTAAGCTCCGAC-1,0,enzalutamide
Data32_GSM5155457_CTCATTACACCTCTAC-1,0,enzalutamide
Data32_GSM5155457_CTCATTATCCATCTGC-1,0,enzalutamide
Data32_GSM5155457_CTCCAACCACCTATCC-1,0,enzalutamide
Data32_GSM5155457_CTCCAACCAGGGAATC-1,0,enzalutamide
Data32_GSM5155457_CTCCAACGTCGTGCCA-1,0,enzalutamide
Data32_GSM5155457_CTCCACAAGCACACCC-1,0,enzalutamide
Data32_GSM5155457_CTCCACAAGTCCTGCG-1,0,enzalutamide
Data32_GSM5155457_CTCCACATCTGTCCCA-1,0,enzalutamide
Data32_GSM5155457_CTCCATGAGATACTGA-1,0,enzalutamide
Data32_GSM5155457_CTCCATGAGCGCGTTC-1,0,enzalutamide
Data32_GSM5155457_CTCCATGAGGCTGTAG-1,0,enzalutamide
Data32_GSM5155457_CTCCATGCATGACTTG-1,0,enzalutamide
Data32_GSM5155457_CTCCATGCATGGAAGC-1,0,enzalutamide
Data32_GSM5155457_CTCCATGGTAGTCTTG-1,0,enzalutamide
Data32_GSM5155457_CTCCATGTCCTTACCG-1,0,enzalutamide
Data32_GSM5155457_CTCCATGTCGGACTGC-1,0,enzalutamide
Data32_GSM5155457_CTCCCAAAGTCACTCA-1,0,enzalutamide
Data32_GSM5155457_CTCCCAACAACCCTAA-1,0,enzalutamide
Data32_GSM5155457_CTCCCAAGTCATAGTC-1,0,enzalutamide
Data32_GSM5155457_CTCCCAAGTGATAGAT-1,0,enzalutamide
Data32_GSM5155457_CTCCCAAGTTCATCGA-1,0,enzalutamide
Data32_GSM5155457_CTCCCAATCATTCACT-1,0,enzalutamide
Data32_GSM5155457_CTCCCAATCCTAGAGT-1,0,enzalutamide
Data32_GSM5155457_CTCCCAATCGTCAAAC-1,0,enzalutamide
Data32_GSM5155457_CTCCCTCAGACCATGG-1,0,enzalutamide
Data32_GSM5155457_CTCCCTCCACTCACTC-1,0,enzalutamide
Data32_GSM5155457_CTCCCTCTCTGATTCT-1,0,enzalutamide
Data32_GSM5155457_CTCCGATAGATTTGCC-1,0,enzalutamide
Data32_GSM5155457_CTCCGATAGCGTGCTC-1,0,enzalutamide
Data32_GSM5155457_CTCCGATAGTACTCGT-1,0,enzalutamide
Data32_GSM5155457_CTCCGATGTCTTGCGG-1,0,enzalutamide
Data32_GSM5155457_CTCCGATGTGTTTGCA-1,0,enzalutamide
Data32_GSM5155457_CTCCTCCCATCGCTGG-1,0,enzalutamide
Data32_GSM5155457_CTCCTCCCATGGCTGC-1,0,enzalutamide
Data32_GSM5155457_CTCCTCCGTCCTGGTG-1,0,enzalutamide
Data32_GSM5155457_CTCCTCCGTGTGTTTG-1,0,enzalutamide
Data32_GSM5155457_CTCCTTTAGAAGCTGC-1,0,enzalutamide
Data32_GSM5155457_CTCCTTTAGGTTCCGC-1,0,enzalutamide
Data32_GSM5155457_CTCCTTTTCGCTGCGA-1,0,enzalutamide
Data32_GSM5155457_CTCCTTTTCTTCACGC-1,0,enzalutamide
Data32_GSM5155457_CTCGAGGAGGTGCTTT-1,0,enzalutamide
Data32_GSM5155457_CTCTCAGAGGCATCTT-1,0,enzalutamide
Data32_GSM5155457_CTCTCAGAGGTTGGAC-1,0,enzalutamide
Data32_GSM5155457_CTCTCAGCAAGAGGTC-1,0,enzalutamide
Data32_GSM5155457_CTCTCAGCATGTTACG-1,0,enzalutamide
Data32_GSM5155457_CTCTCAGGTTACCCAA-1,0,enzalutamide
Data32_GSM5155457_CTCTCAGTCCTAGCGG-1,0,enzalutamide
Data32_GSM5155457_CTCTCAGTCTCTAGGA-1,0,enzalutamide
Data32_GSM5155457_CTCTCGAAGTAGACCG-1,0,enzalutamide
Data32_GSM5155457_CTCTCGACAGCCATTA-1,0,enzalutamide
Data32_GSM5155457_CTCTCGATCTGCATGA-1,0,enzalutamide
Data32_GSM5155457_CTCTCGATCTTGGGCG-1,0,enzalutamide
Data32_GSM5155457_CTCTGGTCAGCTACAT-1,0,enzalutamide
Data32_GSM5155457_CTCTGGTTCACTGTTT-1,0,enzalutamide
Data32_GSM5155457_CTGAATGAGGGAGGAC-1,0,enzalutamide
Data32_GSM5155457_CTGAATGAGTATGATG-1,0,enzalutamide
Data32_GSM5155457_CTGAATGAGTTGAATG-1,0,enzalutamide
Data32_GSM5155457_CTGAATGTCAAAGCCT-1,0,enzalutamide
Data32_GSM5155457_CTGAATGTCCACCCTA-1,0,enzalutamide
Data32_GSM5155457_CTGAGCGAGAGACAAG-1,0,enzalutamide
Data32_GSM5155457_CTGAGCGAGCTTACGT-1,0,enzalutamide
Data32_GSM5155457_CTGAGCGTCCATAGAC-1,0,enzalutamide
Data32_GSM5155457_CTGAGGCAGAAACCCG-1,0,enzalutamide
Data32_GSM5155457_CTGAGGCAGACATAAC-1,0,enzalutamide
Data32_GSM5155457_CTGAGGCAGTCCTACA-1,0,enzalutamide
Data32_GSM5155457_CTGAGGCCAACAGATA-1,0,enzalutamide
Data32_GSM5155457_CTGAGGCGTGTGACCC-1,0,enzalutamide
Data32_GSM5155457_CTGAGGCGTGTTGACT-1,0,enzalutamide
Data32_GSM5155457_CTGAGGCGTTGATGTC-1,0,enzalutamide
Data32_GSM5155457_CTGAGGCTCGTGGCGT-1,0,enzalutamide
Data32_GSM5155457_CTGAGGCTCTAGACAC-1,0,enzalutamide
Data32_GSM5155457_CTGATCCAGGAGAGGC-1,0,enzalutamide
Data32_GSM5155457_CTGATCCAGGATTCCT-1,0,enzalutamide
Data32_GSM5155457_CTGCAGGAGCAACCAG-1,0,enzalutamide
Data32_GSM5155457_CTGCAGGAGCTAAATG-1,0,enzalutamide
Data32_GSM5155457_CTGCAGGTCAATGTCG-1,0,enzalutamide
Data32_GSM5155457_CTGCAGGTCGATACGT-1,0,enzalutamide
Data32_GSM5155457_CTGCATCAGAGAGGGC-1,0,enzalutamide
Data32_GSM5155457_CTGCATCGTTCTCGTC-1,0,enzalutamide
Data32_GSM5155457_CTGCATCTCAGCTGAT-1,0,enzalutamide
Data32_GSM5155457_CTGCATCTCCACGTCT-1,0,enzalutamide
Data32_GSM5155457_CTGCATCTCTGCATAG-1,0,enzalutamide
Data32_GSM5155457_CTGCCATAGAAACCAT-1,0,enzalutamide
Data32_GSM5155457_CTGCCATAGATGCTAA-1,0,enzalutamide
Data32_GSM5155457_CTGCCATAGGCCTAAG-1,0,enzalutamide
Data32_GSM5155457_CTGCCATCACACCGCA-1,0,enzalutamide
Data32_GSM5155457_CTGCCATCACTGCTTC-1,0,enzalutamide
Data32_GSM5155457_CTGCCATGTCGAACAG-1,0,enzalutamide
Data32_GSM5155457_CTGCCATTCTCACCCA-1,0,enzalutamide
Data32_GSM5155457_CTGCCTACAAACTCGT-1,0,enzalutamide
Data32_GSM5155457_CTGCCTACAAGGTCTT-1,0,enzalutamide
Data32_GSM5155457_CTGCCTAGTCAAGCCC-1,0,enzalutamide
Data32_GSM5155457_CTGCCTAGTTTCGCTC-1,0,enzalutamide
Data32_GSM5155457_CTGCCTATCACTCGAA-1,0,enzalutamide
Data32_GSM5155457_CTGCCTATCCAACTAG-1,0,enzalutamide
Data32_GSM5155457_CTGCCTATCGCGTGAC-1,0,enzalutamide
Data32_GSM5155457_CTGCCTATCTATCCAT-1,0,enzalutamide
Data32_GSM5155457_CTGCGAGCAACCGTAT-1,0,enzalutamide
Data32_GSM5155457_CTGCTCAAGAGAGTTT-1,0,enzalutamide
Data32_GSM5155457_CTGCTCAAGCGTGTTT-1,0,enzalutamide
Data32_GSM5155457_CTGCTCAAGTATCTGC-1,0,enzalutamide
Data32_GSM5155457_CTGCTCAAGTCATGAA-1,0,enzalutamide
Data32_GSM5155457_CTGCTCAAGTGTTGAA-1,0,enzalutamide
Data32_GSM5155457_CTGCTCAAGTTCATGC-1,0,enzalutamide
Data32_GSM5155457_CTGCTCAAGTTGCGCC-1,0,enzalutamide
Data32_GSM5155457_CTGCTCACAAGTCGTT-1,0,enzalutamide
Data32_GSM5155457_CTGCTCACAGAAACCG-1,0,enzalutamide
Data32_GSM5155457_CTGCTCACAGCTTTGA-1,0,enzalutamide
Data32_GSM5155457_CTGCTCATCAAACGAA-1,0,enzalutamide
Data32_GSM5155457_CTGGACGAGCGCCTTG-1,0,enzalutamide
Data32_GSM5155457_CTGGACGAGGATATGT-1,0,enzalutamide
Data32_GSM5155457_CTGGACGCAACAAGTA-1,0,enzalutamide
Data32_GSM5155457_CTGGACGGTTCTATCT-1,0,enzalutamide
Data32_GSM5155457_CTGGACGTCAAAGGTA-1,0,enzalutamide
Data32_GSM5155457_CTGGACGTCCTGGGAC-1,0,enzalutamide
Data32_GSM5155457_CTGGACGTCGTTGTGA-1,0,enzalutamide
Data32_GSM5155457_CTGGCAGAGATACCAA-1,0,enzalutamide
Data32_GSM5155457_CTGGCAGAGATCCAAA-1,0,enzalutamide
Data32_GSM5155457_CTGGCAGAGTTCCAGT-1,0,enzalutamide
Data32_GSM5155457_CTGGTCTAGCACCGTC-1,0,enzalutamide
Data32_GSM5155457_CTGGTCTAGGTCGAGT-1,0,enzalutamide
Data32_GSM5155457_CTGGTCTGTGAAGCGT-1,0,enzalutamide
Data32_GSM5155457_CTGGTCTGTTGATCGT-1,0,enzalutamide
Data32_GSM5155457_CTGGTCTTCGGAGCAA-1,0,enzalutamide
Data32_GSM5155457_CTGTACCAGACGAAGA-1,0,enzalutamide
Data32_GSM5155457_CTGTACCCATGTGACT-1,0,enzalutamide
Data32_GSM5155457_CTGTACCGTCAAACGG-1,0,enzalutamide
Data32_GSM5155457_CTGTACCGTGATAGTA-1,0,enzalutamide
Data32_GSM5155457_CTGTACCGTGTTAGCT-1,0,enzalutamide
Data32_GSM5155457_CTGTAGACAACCTAAC-1,0,enzalutamide
Data32_GSM5155457_CTGTAGACATACCAGT-1,0,enzalutamide
Data32_GSM5155457_CTGTAGATCAGCGTCG-1,0,enzalutamide
Data32_GSM5155457_CTGTAGATCGCGCCAA-1,0,enzalutamide
Data32_GSM5155457_CTGTATTTCTGTAACG-1,0,enzalutamide
Data32_GSM5155457_CTGTATTTCTGTACAG-1,0,enzalutamide
Data32_GSM5155457_CTGTCGTAGATGGGCT-1,0,enzalutamide
Data32_GSM5155457_CTGTCGTAGCTAATCC-1,0,enzalutamide
Data32_GSM5155457_CTGTCGTCACCTATCC-1,0,enzalutamide
Data32_GSM5155457_CTGTCGTCAGAACTTC-1,0,enzalutamide
Data32_GSM5155457_CTGTCGTGTCAGGTAG-1,0,enzalutamide
Data32_GSM5155457_CTGTCGTGTCATCACA-1,0,enzalutamide
Data32_GSM5155457_CTGTCGTGTGTCCGTG-1,0,enzalutamide
Data32_GSM5155457_CTGTGAAAGCAAACAT-1,0,enzalutamide
Data32_GSM5155457_CTGTGAAAGGTAGTCG-1,0,enzalutamide
Data32_GSM5155457_CTGTGAAGTCTTACTT-1,0,enzalutamide
Data32_GSM5155457_CTGTGAATCCGATTAG-1,0,enzalutamide
Data32_GSM5155457_CTGTGAATCTGCTCTG-1,0,enzalutamide
Data32_GSM5155457_CTGTGGGCAAGGTTGG-1,0,enzalutamide
Data32_GSM5155457_CTGTGGGCACAGAAGC-1,0,enzalutamide
Data32_GSM5155457_CTGTGGGCACAGAGAC-1,0,enzalutamide
Data32_GSM5155457_CTGTGGGTCAAGGAGC-1,0,enzalutamide
Data32_GSM5155457_CTGTGGGTCCGCTGTT-1,0,enzalutamide
Data32_GSM5155457_CTTACCGCACAAGCCC-1,0,enzalutamide
Data32_GSM5155457_CTTACCGGTCAGATTC-1,0,enzalutamide
Data32_GSM5155457_CTTACCGTCCCGTAAA-1,0,enzalutamide
Data32_GSM5155457_CTTAGGAGTCCCTGAG-1,0,enzalutamide
Data32_GSM5155457_CTTAGGAGTCTAGATC-1,0,enzalutamide
Data32_GSM5155457_CTTAGGATCGGCCTTT-1,0,enzalutamide
Data32_GSM5155457_CTTAGGATCTAGCATG-1,0,enzalutamide
Data32_GSM5155457_CTTAGGATCTTTGCGC-1,0,enzalutamide
Data32_GSM5155457_CTTCAATCAGGCGTTC-1,0,enzalutamide
Data32_GSM5155457_CTTCAATCAGTCAGCC-1,0,enzalutamide
Data32_GSM5155457_CTTCAATGTCAAACGG-1,0,enzalutamide
Data32_GSM5155457_CTTCAATGTGATGAAT-1,0,enzalutamide
Data32_GSM5155457_CTTCAATTCAAGGTGG-1,0,enzalutamide
Data32_GSM5155457_CTTCCGAAGACTCTTG-1,0,enzalutamide
Data32_GSM5155457_CTTCCGACATTGTCGA-1,0,enzalutamide
Data32_GSM5155457_CTTCCGAGTCCTCCAT-1,0,enzalutamide
Data32_GSM5155457_CTTCCGAGTTCCGGTG-1,0,enzalutamide
Data32_GSM5155457_CTTCCGATCATCACTT-1,0,enzalutamide
Data32_GSM5155457_CTTCCGATCATCCTAT-1,0,enzalutamide
Data32_GSM5155457_CTTCCGATCCTTATGT-1,0,enzalutamide
Data32_GSM5155457_CTTCCTTCAAAGAACT-1,0,enzalutamide
Data32_GSM5155457_CTTCCTTGTCAAGTTC-1,0,enzalutamide
Data32_GSM5155457_CTTCGGTCACGTAGAG-1,0,enzalutamide
Data32_GSM5155457_CTTCGGTCATTCCTAT-1,0,enzalutamide
Data32_GSM5155457_CTTCGGTGTAGCTCGC-1,0,enzalutamide
Data32_GSM5155457_CTTCTAAGTCAAAGTA-1,0,enzalutamide
Data32_GSM5155457_CTTCTCTCACTTGACA-1,0,enzalutamide
Data32_GSM5155457_CTTCTCTCAGCTGTAT-1,0,enzalutamide
Data32_GSM5155457_CTTCTCTGTAGCCAGA-1,0,enzalutamide
Data32_GSM5155457_CTTCTCTGTGATTGGG-1,0,enzalutamide
Data32_GSM5155457_CTTCTCTTCACCTCTG-1,0,enzalutamide
Data32_GSM5155457_CTTGAGAAGAGCACTG-1,0,enzalutamide
Data32_GSM5155457_CTTGAGAAGATCGCCC-1,0,enzalutamide
Data32_GSM5155457_CTTGAGACAAGCGAAC-1,0,enzalutamide
Data32_GSM5155457_CTTGAGACAAGTTCCA-1,0,enzalutamide
Data32_GSM5155457_CTTGAGACACCCTTGT-1,0,enzalutamide
Data32_GSM5155457_CTTGAGACAGGAGACT-1,0,enzalutamide
Data32_GSM5155457_CTTGAGACATCACAGT-1,0,enzalutamide
Data32_GSM5155457_CTTGAGAGTCCATCTC-1,0,enzalutamide
Data32_GSM5155457_CTTGAGAGTGATCGTT-1,0,enzalutamide
Data32_GSM5155457_CTTGATTAGGTAAACT-1,0,enzalutamide
Data32_GSM5155457_CTTGATTCAGGTCCGT-1,0,enzalutamide
Data32_GSM5155457_CTTGATTTCACTGATG-1,0,enzalutamide
Data32_GSM5155457_CTTTCAAAGTACCATC-1,0,enzalutamide
Data32_GSM5155457_CTTTCAAGTGAGACGT-1,0,enzalutamide
Data32_GSM5155457_CTTTCAATCCTTATGT-1,0,enzalutamide
Data32_GSM5155457_CTTTCGGCAATTCACG-1,0,enzalutamide
Data32_GSM5155457_CTTTCGGCAGTGACCC-1,0,enzalutamide
Data32_GSM5155457_CTTTCGGCATACATCG-1,0,enzalutamide
Data32_GSM5155457_CTTTCGGTCTCGGGAC-1,0,enzalutamide
Data32_GSM5155457_GAAACCTCAACCAGAG-1,0,enzalutamide
Data32_GSM5155457_GAAACCTCAAGTCGTT-1,0,enzalutamide
Data32_GSM5155457_GAAACCTCAGGACGAT-1,0,enzalutamide
Data32_GSM5155457_GAAATGAAGCGCCGTT-1,0,enzalutamide
Data32_GSM5155457_GAAATGAAGTCTGGAG-1,0,enzalutamide
Data32_GSM5155457_GAAATGAAGTGTAGAT-1,0,enzalutamide
Data32_GSM5155457_GAAATGACACCAGGTC-1,0,enzalutamide
Data32_GSM5155457_GAAATGACATTGAGGG-1,0,enzalutamide
Data32_GSM5155457_GAAATGAGTACACGTT-1,0,enzalutamide
Data32_GSM5155457_GAAATGAGTGTGACCC-1,0,enzalutamide
Data32_GSM5155457_GAAATGAGTTGATCGT-1,0,enzalutamide
Data32_GSM5155457_GAAATGATCCGCGAGT-1,0,enzalutamide
Data32_GSM5155457_GAACACTCAAAGCAAT-1,0,enzalutamide
Data32_GSM5155457_GAACACTGTCGCACAC-1,0,enzalutamide
Data32_GSM5155457_GAACACTGTCGGTAAG-1,0,enzalutamide
Data32_GSM5155457_GAACACTTCACTCCGT-1,0,enzalutamide
Data32_GSM5155457_GAACACTTCCCATACC-1,0,enzalutamide
Data32_GSM5155457_GAACACTTCGTAGGAG-1,0,enzalutamide
Data32_GSM5155457_GAACGTTCACAGCGCT-1,0,enzalutamide
Data32_GSM5155457_GAACGTTCAGGACATG-1,0,enzalutamide
Data32_GSM5155457_GAACGTTTCACTACTT-1,0,enzalutamide
Data32_GSM5155457_GAACTGTCATTATGCG-1,0,enzalutamide
Data32_GSM5155457_GAACTGTTCTCTAAGG-1,0,enzalutamide
Data32_GSM5155457_GAAGAATAGCGAGTCA-1,0,enzalutamide
Data32_GSM5155457_GAAGAATCACGTCGTG-1,0,enzalutamide
Data32_GSM5155457_GAAGAATCACTACGGC-1,0,enzalutamide
Data32_GSM5155457_GAAGAATCATTCAGGT-1,0,enzalutamide
Data32_GSM5155457_GAAGAATTCCCGTGTT-1,0,enzalutamide
Data32_GSM5155457_GAAGAATTCCCTAGGG-1,0,enzalutamide
Data32_GSM5155457_GAAGAATTCCGGCAAC-1,0,enzalutamide
Data32_GSM5155457_GAAGAATTCGGATACT-1,0,enzalutamide
Data32_GSM5155457_GAAGCCCAGAAACCCG-1,0,enzalutamide
Data32_GSM5155457_GAAGCCCCAACCCGCA-1,0,enzalutamide
Data32_GSM5155457_GAAGCCCGTTCGGTAT-1,0,enzalutamide
Data32_GSM5155457_GAAGCCCTCCCTCTAG-1,0,enzalutamide
Data32_GSM5155457_GAAGCCCTCGGTCGGT-1,0,enzalutamide
Data32_GSM5155457_GAAGCGAAGATAGTGT-1,0,enzalutamide
Data32_GSM5155457_GAAGCGAAGCATCAAA-1,0,enzalutamide
Data32_GSM5155457_GAAGCGAGTAGGCTGA-1,0,enzalutamide
Data32_GSM5155457_GAAGCGATCCTTGGAA-1,0,enzalutamide
Data32_GSM5155457_GAAGCGATCGCAGATT-1,0,enzalutamide
Data32_GSM5155457_GAAGGACTCCCTTGTG-1,0,enzalutamide
Data32_GSM5155457_GAAGGGTAGAGATTCA-1,0,enzalutamide
Data32_GSM5155457_GAAGGGTCACCGTGCA-1,0,enzalutamide
Data32_GSM5155457_GAAGGGTGTCACCACG-1,0,enzalutamide
Data32_GSM5155457_GAAGGGTTCTCCGAAA-1,0,enzalutamide
Data32_GSM5155457_GAAGGGTTCTTCTTCC-1,0,enzalutamide
Data32_GSM5155457_GAAGTAAAGATGCTAA-1,0,enzalutamide
Data32_GSM5155457_GAAGTAAAGCGTTGTT-1,0,enzalutamide
Data32_GSM5155457_GAAGTAAAGTCTGCAT-1,0,enzalutamide
Data32_GSM5155457_GAAGTAACACCGCTGA-1,0,enzalutamide
Data32_GSM5155457_GAAGTAATCGCTAAAC-1,0,enzalutamide
Data32_GSM5155457_GAATAGAAGTTTGTCG-1,0,enzalutamide
Data32_GSM5155457_GAATAGACAGCGTTTA-1,0,enzalutamide
Data32_GSM5155457_GAATAGAGTCCTACGG-1,0,enzalutamide
Data32_GSM5155457_GAATAGAGTGAATAAC-1,0,enzalutamide
Data32_GSM5155457_GAATAGATCGACACCG-1,0,enzalutamide
Data32_GSM5155457_GAATAGATCTTACACT-1,0,enzalutamide
Data32_GSM5155457_GAATCACCAAGTCCAT-1,0,enzalutamide
Data32_GSM5155457_GAATCACCAAGTTGGG-1,0,enzalutamide
Data32_GSM5155457_GAATCACCATGACGAG-1,0,enzalutamide
Data32_GSM5155457_GAATCACGTAGAGGAA-1,0,enzalutamide
Data32_GSM5155457_GAATCACGTATCGTAC-1,0,enzalutamide
Data32_GSM5155457_GAATCACTCCCAATAG-1,0,enzalutamide
Data32_GSM5155457_GAATCACTCGAAGCCC-1,0,enzalutamide
Data32_GSM5155457_GAATCACTCTATACGG-1,0,enzalutamide
Data32_GSM5155457_GAATCGTAGAAACCCG-1,0,enzalutamide
Data32_GSM5155457_GAATCGTAGAGTTCGG-1,0,enzalutamide
Data32_GSM5155457_GAATCGTAGCGTTCAT-1,0,enzalutamide
Data32_GSM5155457_GAATCGTCACTAGAGG-1,0,enzalutamide
Data32_GSM5155457_GACACGCAGGCAATGC-1,0,enzalutamide
Data32_GSM5155457_GACACGCCAGGCATGA-1,0,enzalutamide
Data32_GSM5155457_GACACGCTCCCTCAAC-1,0,enzalutamide
Data32_GSM5155457_GACAGCCAGTGGAATT-1,0,enzalutamide
Data32_GSM5155457_GACAGCCCAGTCAGAG-1,0,enzalutamide
Data32_GSM5155457_GACAGCCCATAGGTTC-1,0,enzalutamide
Data32_GSM5155457_GACAGCCTCATTTGGG-1,0,enzalutamide
Data32_GSM5155457_GACATCAAGATGTTGA-1,0,enzalutamide
Data32_GSM5155457_GACATCAGTGAGGAAA-1,0,enzalutamide
Data32_GSM5155457_GACATCAGTTGGGATG-1,0,enzalutamide
Data32_GSM5155457_GACATCATCGGAAGGT-1,0,enzalutamide
Data32_GSM5155457_GACCAATAGCTACAAA-1,0,enzalutamide
Data32_GSM5155457_GACCAATCATGCCATA-1,0,enzalutamide
Data32_GSM5155457_GACCAATGTACGGGAT-1,0,enzalutamide
Data32_GSM5155457_GACCAATGTGACCGAA-1,0,enzalutamide
Data32_GSM5155457_GACCAATGTGATACCT-1,0,enzalutamide
Data32_GSM5155457_GACCCAGAGATAGTGT-1,0,enzalutamide
Data32_GSM5155457_GACCCAGGTGGGATTG-1,0,enzalutamide
Data32_GSM5155457_GACCCTTAGGTGCGAT-1,0,enzalutamide
Data32_GSM5155457_GACCCTTAGTAAATGC-1,0,enzalutamide
Data32_GSM5155457_GACCCTTCACTTCAAG-1,0,enzalutamide
Data32_GSM5155457_GACCCTTGTACGATGG-1,0,enzalutamide
Data32_GSM5155457_GACCCTTGTAGTATAG-1,0,enzalutamide
Data32_GSM5155457_GACCCTTGTCTTTATC-1,0,enzalutamide
Data32_GSM5155457_GACCCTTTCCGCACGA-1,0,enzalutamide
Data32_GSM5155457_GACCCTTTCGGTCTGG-1,0,enzalutamide
Data32_GSM5155457_GACCCTTTCTCTGGTC-1,0,enzalutamide
Data32_GSM5155457_GACCGTGAGGCATGGT-1,0,enzalutamide
Data32_GSM5155457_GACCGTGCACAGAGCA-1,0,enzalutamide
Data32_GSM5155457_GACCGTGCATGGCTAT-1,0,enzalutamide
Data32_GSM5155457_GACCGTGTCCTTCGAC-1,0,enzalutamide
Data32_GSM5155457_GACCTTCGTACGTGAG-1,0,enzalutamide
Data32_GSM5155457_GACCTTCGTAGGAAAG-1,0,enzalutamide
Data32_GSM5155457_GACCTTCGTTGGCCTG-1,0,enzalutamide
Data32_GSM5155457_GACCTTCTCGCCGATG-1,0,enzalutamide
Data32_GSM5155457_GACCTTCTCTGGGCAC-1,0,enzalutamide
Data32_GSM5155457_GACGCTGCATGGATCT-1,0,enzalutamide
Data32_GSM5155457_GACGCTGGTGTCTTCC-1,0,enzalutamide
Data32_GSM5155457_GACGCTGTCCTACAAG-1,0,enzalutamide
Data32_GSM5155457_GACGTTAAGATCACTC-1,0,enzalutamide
Data32_GSM5155457_GACGTTAAGTCCTGTA-1,0,enzalutamide
Data32_GSM5155457_GACGTTAGTCATAGTC-1,0,enzalutamide
Data32_GSM5155457_GACGTTATCAATCCGA-1,0,enzalutamide
Data32_GSM5155457_GACTATGAGTGGACGT-1,0,enzalutamide
Data32_GSM5155457_GACTATGCAATGGGTG-1,0,enzalutamide
Data32_GSM5155457_GACTATGTCAGACAAA-1,0,enzalutamide
Data32_GSM5155457_GACTATGTCCATCCGT-1,0,enzalutamide
Data32_GSM5155457_GACTATGTCTAGCATG-1,0,enzalutamide
Data32_GSM5155457_GACTCAACAAGCTGCC-1,0,enzalutamide
Data32_GSM5155457_GACTCAATCAGCACCG-1,0,enzalutamide
Data32_GSM5155457_GACTCTCCAATTTCTC-1,0,enzalutamide
Data32_GSM5155457_GACTCTCCACACCAGC-1,0,enzalutamide
Data32_GSM5155457_GACTCTCCACCTGATA-1,0,enzalutamide
Data32_GSM5155457_GACTCTCCACGTAGAG-1,0,enzalutamide
Data32_GSM5155457_GACTCTCCAGAATGTA-1,0,enzalutamide
Data32_GSM5155457_GACTCTCCAGCGTGCT-1,0,enzalutamide
Data32_GSM5155457_GACTCTCGTAAGCGGT-1,0,enzalutamide
Data32_GSM5155457_GACTCTCGTTCTGAGT-1,0,enzalutamide
Data32_GSM5155457_GACTGATAGATCCGAG-1,0,enzalutamide
Data32_GSM5155457_GACTGATAGCCTATCA-1,0,enzalutamide
Data32_GSM5155457_GACTGATCACTTGTCC-1,0,enzalutamide
Data32_GSM5155457_GACTGATGTACATACC-1,0,enzalutamide
Data32_GSM5155457_GACTGATGTATCAGGG-1,0,enzalutamide
Data32_GSM5155457_GACTGATTCTCTAAGG-1,0,enzalutamide
Data32_GSM5155457_GACTGATTCTTCGTGC-1,0,enzalutamide
Data32_GSM5155457_GACTTCCAGGAACGTC-1,0,enzalutamide
Data32_GSM5155457_GACTTCCCACTGAGGA-1,0,enzalutamide
Data32_GSM5155457_GACTTCCGTGAGCGAT-1,0,enzalutamide
Data32_GSM5155457_GAGAAATAGTCAACAA-1,0,enzalutamide
Data32_GSM5155457_GAGAAATCACATATGC-1,0,enzalutamide
Data32_GSM5155457_GAGAAATCACCAGCGT-1,0,enzalutamide
Data32_GSM5155457_GAGAAATCATTGGGAG-1,0,enzalutamide
Data32_GSM5155457_GAGAAATGTCGCGTCA-1,0,enzalutamide
Data32_GSM5155457_GAGAAATGTTCAAGTC-1,0,enzalutamide
Data32_GSM5155457_GAGAAATGTTGCCAAT-1,0,enzalutamide
Data32_GSM5155457_GAGAAATTCAGCTGTA-1,0,enzalutamide
Data32_GSM5155457_GAGAAATTCCCAATAG-1,0,enzalutamide
Data32_GSM5155457_GAGAAATTCTATCGTT-1,0,enzalutamide
Data32_GSM5155457_GAGACCCCAAATGATG-1,0,enzalutamide
Data32_GSM5155457_GAGACCCCATGGGAAC-1,0,enzalutamide
Data32_GSM5155457_GAGACTTAGAGTTCGG-1,0,enzalutamide
Data32_GSM5155457_GAGACTTAGTAGTCAA-1,0,enzalutamide
Data32_GSM5155457_GAGACTTCAGCGAACA-1,0,enzalutamide
Data32_GSM5155457_GAGACTTCAGGAAGTC-1,0,enzalutamide
Data32_GSM5155457_GAGACTTCAGGCCCTA-1,0,enzalutamide
Data32_GSM5155457_GAGACTTGTCGCAGTC-1,0,enzalutamide
Data32_GSM5155457_GAGACTTTCAATCAGC-1,0,enzalutamide
Data32_GSM5155457_GAGAGGTAGCGGTAAC-1,0,enzalutamide
Data32_GSM5155457_GAGAGGTAGTATGGAT-1,0,enzalutamide
Data32_GSM5155457_GAGAGGTGTCGAGTGA-1,0,enzalutamide
Data32_GSM5155457_GAGAGGTGTCTTACTT-1,0,enzalutamide
Data32_GSM5155457_GAGAGGTGTTATTCCT-1,0,enzalutamide
Data32_GSM5155457_GAGAGGTTCTTGCAAG-1,0,enzalutamide
Data32_GSM5155457_GAGATGGCAAGTTTGC-1,0,enzalutamide
Data32_GSM5155457_GAGATGGGTTAGGGTG-1,0,enzalutamide
Data32_GSM5155457_GAGCCTGAGCGATGGT-1,0,enzalutamide
Data32_GSM5155457_GAGCCTGCATGGCGCT-1,0,enzalutamide
Data32_GSM5155457_GAGCCTGTCTCATGGA-1,0,enzalutamide
Data32_GSM5155457_GAGCTGCAGAATCGCG-1,0,enzalutamide
Data32_GSM5155457_GAGCTGCAGGGACAGG-1,0,enzalutamide
Data32_GSM5155457_GAGCTGCAGTCACAGG-1,0,enzalutamide
Data32_GSM5155457_GAGCTGCCAATGCAGG-1,0,enzalutamide
Data32_GSM5155457_GAGCTGCCAGACTCTA-1,0,enzalutamide
Data32_GSM5155457_GAGCTGCGTCATAGTC-1,0,enzalutamide
Data32_GSM5155457_GAGCTGCGTTTCACAG-1,0,enzalutamide
Data32_GSM5155457_GAGCTGCTCACCCTTG-1,0,enzalutamide
Data32_GSM5155457_GAGCTGCTCATTGAGC-1,0,enzalutamide
Data32_GSM5155457_GAGCTGCTCTCGAACA-1,0,enzalutamide
Data32_GSM5155457_GAGGCAAAGAGGGCGA-1,0,enzalutamide
Data32_GSM5155457_GAGGCAAGTACGCTTA-1,0,enzalutamide
Data32_GSM5155457_GAGGCAAGTCCTGGGT-1,0,enzalutamide
Data32_GSM5155457_GAGGCAAGTGGTCTAT-1,0,enzalutamide
Data32_GSM5155457_GAGGCAATCGCCGAAC-1,0,enzalutamide
Data32_GSM5155457_GAGGCAATCGGTGAAG-1,0,enzalutamide
Data32_GSM5155457_GAGGCAATCTCTAGGA-1,0,enzalutamide
Data32_GSM5155457_GAGGCCTCACAGCATT-1,0,enzalutamide
Data32_GSM5155457_GAGGCCTCAGGCGATA-1,0,enzalutamide
Data32_GSM5155457_GAGGCCTGTTTGTTCT-1,0,enzalutamide
Data32_GSM5155457_GAGGGATAGAGCATCG-1,0,enzalutamide
Data32_GSM5155457_GAGGGATAGAGCTGAC-1,0,enzalutamide
Data32_GSM5155457_GAGGGATTCGCTACAA-1,0,enzalutamide
Data32_GSM5155457_GAGGGTAAGAGTCAGC-1,0,enzalutamide
Data32_GSM5155457_GAGGGTAAGGTGCAGT-1,0,enzalutamide
Data32_GSM5155457_GAGGGTACACCGCTAG-1,0,enzalutamide
Data32_GSM5155457_GAGGGTACAGCTGTCG-1,0,enzalutamide
Data32_GSM5155457_GAGGGTATCAAGCCCG-1,0,enzalutamide
Data32_GSM5155457_GAGTCATCAATAACGA-1,0,enzalutamide
Data32_GSM5155457_GAGTCATTCGAGCACC-1,0,enzalutamide
Data32_GSM5155457_GAGTCATTCTGTCAGA-1,0,enzalutamide
Data32_GSM5155457_GAGTCTAAGCATGTTC-1,0,enzalutamide
Data32_GSM5155457_GAGTCTAAGCCTGAAG-1,0,enzalutamide
Data32_GSM5155457_GAGTCTAGTTGGACCC-1,0,enzalutamide
Data32_GSM5155457_GAGTCTATCGCCTCTA-1,0,enzalutamide
Data32_GSM5155457_GAGTCTATCGTGGTAT-1,0,enzalutamide
Data32_GSM5155457_GAGTGAGAGCACTCGC-1,0,enzalutamide
Data32_GSM5155457_GAGTGAGAGCTAGAAT-1,0,enzalutamide
Data32_GSM5155457_GAGTGAGAGGTCACTT-1,0,enzalutamide
Data32_GSM5155457_GAGTGAGGTCTGTAGT-1,0,enzalutamide
Data32_GSM5155457_GAGTGTTAGGCGTTAG-1,0,enzalutamide
Data32_GSM5155457_GAGTGTTCAACGATTC-1,0,enzalutamide
Data32_GSM5155457_GAGTGTTCATCGCTCT-1,0,enzalutamide
Data32_GSM5155457_GAGTGTTGTCGCGTTG-1,0,enzalutamide
Data32_GSM5155457_GAGTTACTCCATTTGT-1,0,enzalutamide
Data32_GSM5155457_GAGTTGTAGAGTCACG-1,0,enzalutamide
Data32_GSM5155457_GAGTTGTAGCAGCCTC-1,0,enzalutamide
Data32_GSM5155457_GAGTTGTCAGGGACTA-1,0,enzalutamide
Data32_GSM5155457_GAGTTGTCATCCCACT-1,0,enzalutamide
Data32_GSM5155457_GAGTTGTGTCAGGAGT-1,0,enzalutamide
Data32_GSM5155457_GAGTTGTTCCTAGCGG-1,0,enzalutamide
Data32_GSM5155457_GAGTTTGAGAACTGAT-1,0,enzalutamide
Data32_GSM5155457_GAGTTTGAGTAGGCCA-1,0,enzalutamide
Data32_GSM5155457_GAGTTTGAGTGCGCTC-1,0,enzalutamide
Data32_GSM5155457_GAGTTTGGTACTAGCT-1,0,enzalutamide
Data32_GSM5155457_GAGTTTGGTATGTCCA-1,0,enzalutamide
Data32_GSM5155457_GAGTTTGTCTGCTTAT-1,0,enzalutamide
Data32_GSM5155457_GATAGAAAGTATGAAC-1,0,enzalutamide
Data32_GSM5155457_GATAGAACAGTTCACA-1,0,enzalutamide
Data32_GSM5155457_GATAGAACATGTGCTA-1,0,enzalutamide
Data32_GSM5155457_GATAGAAGTCTAGGTT-1,0,enzalutamide
Data32_GSM5155457_GATAGAATCATGAGGG-1,0,enzalutamide
Data32_GSM5155457_GATAGCTCAAACTAGA-1,0,enzalutamide
Data32_GSM5155457_GATAGCTCATTCTTCA-1,0,enzalutamide
Data32_GSM5155457_GATAGCTTCACATTGG-1,0,enzalutamide
Data32_GSM5155457_GATCACACAGCTGTTA-1,0,enzalutamide
Data32_GSM5155457_GATCACACATGACTGT-1,0,enzalutamide
Data32_GSM5155457_GATCACAGTGCCGAAA-1,0,enzalutamide
Data32_GSM5155457_GATCACAGTTCTCTCG-1,0,enzalutamide
Data32_GSM5155457_GATCAGTAGATACTGA-1,0,enzalutamide
Data32_GSM5155457_GATCAGTAGTAGCCAG-1,0,enzalutamide
Data32_GSM5155457_GATCAGTCACCAGTTA-1,0,enzalutamide
Data32_GSM5155457_GATCAGTCACTTGAAC-1,0,enzalutamide
Data32_GSM5155457_GATCAGTGTCGTCATA-1,0,enzalutamide
Data32_GSM5155457_GATCAGTTCAGCAATC-1,0,enzalutamide
Data32_GSM5155457_GATCAGTTCATTCGGA-1,0,enzalutamide
Data32_GSM5155457_GATCAGTTCCGTGGCA-1,0,enzalutamide
Data32_GSM5155457_GATCATGCAAGGGTCA-1,0,enzalutamide
Data32_GSM5155457_GATCATGCAGACAATA-1,0,enzalutamide
Data32_GSM5155457_GATCATGGTAGTTACC-1,0,enzalutamide
Data32_GSM5155457_GATCATGGTATGCTAC-1,0,enzalutamide
Data32_GSM5155457_GATCCCTCACATGTTG-1,0,enzalutamide
Data32_GSM5155457_GATCCCTGTATCAAGA-1,0,enzalutamide
Data32_GSM5155457_GATCCCTTCTACCTTA-1,0,enzalutamide
Data32_GSM5155457_GATCCCTTCTCATGGA-1,0,enzalutamide
Data32_GSM5155457_GATCGTAAGGCCCAAA-1,0,enzalutamide
Data32_GSM5155457_GATCGTAAGTGTGTTC-1,0,enzalutamide
Data32_GSM5155457_GATCGTACAGACGCTC-1,0,enzalutamide
Data32_GSM5155457_GATCGTAGTGGCTTGC-1,0,enzalutamide
Data32_GSM5155457_GATCGTATCCCAGGCA-1,0,enzalutamide
Data32_GSM5155457_GATGACTAGATGTTCC-1,0,enzalutamide
Data32_GSM5155457_GATGACTAGTCATAGA-1,0,enzalutamide
Data32_GSM5155457_GATGACTCACAATCTG-1,0,enzalutamide
Data32_GSM5155457_GATGACTCATGTTTGG-1,0,enzalutamide
Data32_GSM5155457_GATGACTGTAAGATCA-1,0,enzalutamide
Data32_GSM5155457_GATGACTGTAGGGTAC-1,0,enzalutamide
Data32_GSM5155457_GATGACTGTTTGACAC-1,0,enzalutamide
Data32_GSM5155457_GATGAGGCAGAATTCC-1,0,enzalutamide
Data32_GSM5155457_GATGAGGGTTCGGTTA-1,0,enzalutamide
Data32_GSM5155457_GATGATCAGCCTGAGA-1,0,enzalutamide
Data32_GSM5155457_GATGATCAGGTTGAGC-1,0,enzalutamide
Data32_GSM5155457_GATGATCGTAGACGGT-1,0,enzalutamide
Data32_GSM5155457_GATGATCTCACTACGA-1,0,enzalutamide
Data32_GSM5155457_GATGATCTCATTACGG-1,0,enzalutamide
Data32_GSM5155457_GATGATCTCGCTAAAC-1,0,enzalutamide
Data32_GSM5155457_GATGCTATCCATATGG-1,0,enzalutamide
Data32_GSM5155457_GATGCTATCGAACCTA-1,0,enzalutamide
Data32_GSM5155457_GATGGAGAGGTATTGA-1,0,enzalutamide
Data32_GSM5155457_GATGGAGCAATGAACA-1,0,enzalutamide
Data32_GSM5155457_GATGGAGCACCACATA-1,0,enzalutamide
Data32_GSM5155457_GATGGAGCATCATCTT-1,0,enzalutamide
Data32_GSM5155457_GATGGAGGTCCACAGC-1,0,enzalutamide
Data32_GSM5155457_GATGGAGTCACTGTTT-1,0,enzalutamide
Data32_GSM5155457_GATGGAGTCAGCGCAC-1,0,enzalutamide
Data32_GSM5155457_GATGGAGTCTATGCCC-1,0,enzalutamide
Data32_GSM5155457_GATGTTGAGAGCCGTA-1,0,enzalutamide
Data32_GSM5155457_GATGTTGCAAATGGAT-1,0,enzalutamide
Data32_GSM5155457_GATGTTGCATAACAGA-1,0,enzalutamide
Data32_GSM5155457_GATGTTGGTCAGCGTC-1,0,enzalutamide
Data32_GSM5155457_GATTCGAAGATTCGCT-1,0,enzalutamide
Data32_GSM5155457_GATTCGACAGGGTCTC-1,0,enzalutamide
Data32_GSM5155457_GATTCGACATGAAGGC-1,0,enzalutamide
Data32_GSM5155457_GATTCGATCTCTCCGA-1,0,enzalutamide
Data32_GSM5155457_GATTCTTAGGGTTTCT-1,0,enzalutamide
Data32_GSM5155457_GATTCTTTCGTGGACC-1,0,enzalutamide
Data32_GSM5155457_GATTCTTTCTGGCCAG-1,0,enzalutamide
Data32_GSM5155457_GATTGGTAGACCTGGA-1,0,enzalutamide
Data32_GSM5155457_GATTGGTAGCACTTTG-1,0,enzalutamide
Data32_GSM5155457_GATTGGTAGCGACAGT-1,0,enzalutamide
Data32_GSM5155457_GATTGGTAGGAACATT-1,0,enzalutamide
Data32_GSM5155457_GATTGGTCACAAGTTC-1,0,enzalutamide
Data32_GSM5155457_GATTGGTCACTTGAAC-1,0,enzalutamide
Data32_GSM5155457_GATTGGTGTGTCATCA-1,0,enzalutamide
Data32_GSM5155457_GATTGGTTCAACCTCC-1,0,enzalutamide
Data32_GSM5155457_GATTGGTTCCGCACGA-1,0,enzalutamide
Data32_GSM5155457_GATTGGTTCGGACTGC-1,0,enzalutamide
Data32_GSM5155457_GATTGGTTCTGCCTCA-1,0,enzalutamide
Data32_GSM5155457_GATTTCTAGGGACCAT-1,0,enzalutamide
Data32_GSM5155457_GATTTCTAGTAGTCCT-1,0,enzalutamide
Data32_GSM5155457_GATTTCTCAACATACC-1,0,enzalutamide
Data32_GSM5155457_GATTTCTCATCCTTCG-1,0,enzalutamide
Data32_GSM5155457_GATTTCTTCATGGAGG-1,0,enzalutamide
Data32_GSM5155457_GCAACATAGCATGGGT-1,0,enzalutamide
Data32_GSM5155457_GCAACATCAAAGAACT-1,0,enzalutamide
Data32_GSM5155457_GCAACATCATGCTGCG-1,0,enzalutamide
Data32_GSM5155457_GCAACATGTACAGAAT-1,0,enzalutamide
Data32_GSM5155457_GCAACATGTGGAGGTT-1,0,enzalutamide
Data32_GSM5155457_GCAACATGTGGGACAT-1,0,enzalutamide
Data32_GSM5155457_GCAACATTCCAACTAG-1,0,enzalutamide
Data32_GSM5155457_GCAACATTCGGCAGTC-1,0,enzalutamide
Data32_GSM5155457_GCAACCGAGGTGCATG-1,0,enzalutamide
Data32_GSM5155457_GCACATAAGCTCACTA-1,0,enzalutamide
Data32_GSM5155457_GCACATACAAGAAACT-1,0,enzalutamide
Data32_GSM5155457_GCACATACATGTGCCG-1,0,enzalutamide
Data32_GSM5155457_GCACATAGTCATCCGG-1,0,enzalutamide
Data32_GSM5155457_GCACATATCGGCGATC-1,0,enzalutamide
Data32_GSM5155457_GCACGGTAGCTGGCTC-1,0,enzalutamide
Data32_GSM5155457_GCACGGTGTCTTACTT-1,0,enzalutamide
Data32_GSM5155457_GCACGGTGTGAAAGTT-1,0,enzalutamide
Data32_GSM5155457_GCACGGTTCCTTCGAC-1,0,enzalutamide
Data32_GSM5155457_GCACGGTTCCTTTGAT-1,0,enzalutamide
Data32_GSM5155457_GCACGTGAGACCATTC-1,0,enzalutamide
Data32_GSM5155457_GCACGTGAGTGCAAAT-1,0,enzalutamide
Data32_GSM5155457_GCACGTGCACGTATAC-1,0,enzalutamide
Data32_GSM5155457_GCACGTGGTTCCAGGC-1,0,enzalutamide
Data32_GSM5155457_GCACGTGTCCGAGTGC-1,0,enzalutamide
Data32_GSM5155457_GCACGTGTCGGTTCAA-1,0,enzalutamide
Data32_GSM5155457_GCACTAAGTTCCTTGC-1,0,enzalutamide
Data32_GSM5155457_GCAGCCAAGCATCAGG-1,0,enzalutamide
Data32_GSM5155457_GCAGCCAGTACGACTT-1,0,enzalutamide
Data32_GSM5155457_GCAGCTGCAGTCCCGA-1,0,enzalutamide
Data32_GSM5155457_GCAGCTGTCTGTCTCG-1,0,enzalutamide
Data32_GSM5155457_GCAGGCTAGGGATCTG-1,0,enzalutamide
Data32_GSM5155457_GCAGGCTCAAAGTATG-1,0,enzalutamide
Data32_GSM5155457_GCAGGCTCACTGGAAG-1,0,enzalutamide
Data32_GSM5155457_GCAGGCTCAGTGCGCT-1,0,enzalutamide
Data32_GSM5155457_GCAGGCTCAGTTCCAA-1,0,enzalutamide
Data32_GSM5155457_GCAGGCTGTATAGCTC-1,0,enzalutamide
Data32_GSM5155457_GCAGGCTGTGGATCGA-1,0,enzalutamide
Data32_GSM5155457_GCAGTTACAACGACTT-1,0,enzalutamide
Data32_GSM5155457_GCAGTTACAATTTCCT-1,0,enzalutamide
Data32_GSM5155457_GCAGTTACAATTTCGG-1,0,enzalutamide
Data32_GSM5155457_GCAGTTACACAGTGTT-1,0,enzalutamide
Data32_GSM5155457_GCAGTTATCATTATCC-1,0,enzalutamide
Data32_GSM5155457_GCATCGGCATAGTCAC-1,0,enzalutamide
Data32_GSM5155457_GCATCGGGTATTGCCA-1,0,enzalutamide
Data32_GSM5155457_GCATCGGGTGAGTGAC-1,0,enzalutamide
Data32_GSM5155457_GCATCTCAGTTGAAAC-1,0,enzalutamide
Data32_GSM5155457_GCATCTCCAACAAGTA-1,0,enzalutamide
Data32_GSM5155457_GCATCTCGTTGTACGT-1,0,enzalutamide
Data32_GSM5155457_GCATCTCTCAATCTTC-1,0,enzalutamide
Data32_GSM5155457_GCATGATCAAACACGG-1,0,enzalutamide
Data32_GSM5155457_GCATGATCACTCTCGT-1,0,enzalutamide
Data32_GSM5155457_GCATGATTCATGAAAG-1,0,enzalutamide
Data32_GSM5155457_GCATTAGAGATTTGCC-1,0,enzalutamide
Data32_GSM5155457_GCATTAGAGCGACTTT-1,0,enzalutamide
Data32_GSM5155457_GCATTAGCACAGTACT-1,0,enzalutamide
Data32_GSM5155457_GCATTAGCACCGTGAC-1,0,enzalutamide
Data32_GSM5155457_GCATTAGGTGATGGCA-1,0,enzalutamide
Data32_GSM5155457_GCATTAGGTTGGAGAC-1,0,enzalutamide
Data32_GSM5155457_GCATTAGTCACTGGTA-1,0,enzalutamide
Data32_GSM5155457_GCATTAGTCTCTATGT-1,0,enzalutamide
Data32_GSM5155457_GCCAACGGTACGGCAA-1,0,enzalutamide
Data32_GSM5155457_GCCAACGGTCGATTAC-1,0,enzalutamide
Data32_GSM5155457_GCCAACGTCAGTAGGG-1,0,enzalutamide
Data32_GSM5155457_GCCAACGTCTCTAAGG-1,0,enzalutamide
Data32_GSM5155457_GCCAACGTCTCTCGAC-1,0,enzalutamide
Data32_GSM5155457_GCCAGCAAGCGTTCCG-1,0,enzalutamide
Data32_GSM5155457_GCCAGCAGTCAAACGG-1,0,enzalutamide
Data32_GSM5155457_GCCAGCAGTGGACTGA-1,0,enzalutamide
Data32_GSM5155457_GCCAGCATCATCGTAG-1,0,enzalutamide
Data32_GSM5155457_GCCAGCATCGGTAGGA-1,0,enzalutamide
Data32_GSM5155457_GCCAGGTAGACATATG-1,0,enzalutamide
Data32_GSM5155457_GCCAGGTAGGTAAGTT-1,0,enzalutamide
Data32_GSM5155457_GCCAGGTAGGTACCTT-1,0,enzalutamide
Data32_GSM5155457_GCCAGGTCACATCCCT-1,0,enzalutamide
Data32_GSM5155457_GCCAGGTGTTTACGAC-1,0,enzalutamide
Data32_GSM5155457_GCCAGGTTCCATCTAT-1,0,enzalutamide
Data32_GSM5155457_GCCAGGTTCCCAGGAC-1,0,enzalutamide
Data32_GSM5155457_GCCAGGTTCCTACACC-1,0,enzalutamide
Data32_GSM5155457_GCCAGGTTCGTCCTTG-1,0,enzalutamide
Data32_GSM5155457_GCCAGTGAGCGTTCAT-1,0,enzalutamide
Data32_GSM5155457_GCCAGTGCATAGACTC-1,0,enzalutamide
Data32_GSM5155457_GCCAGTGGTACTCAAC-1,0,enzalutamide
Data32_GSM5155457_GCCAGTGTCTTTGCAT-1,0,enzalutamide
Data32_GSM5155457_GCCATGGTCAGAGCGA-1,0,enzalutamide
Data32_GSM5155457_GCCATGGTCCATATGG-1,0,enzalutamide
Data32_GSM5155457_GCCATTCAGGTACTGG-1,0,enzalutamide
Data32_GSM5155457_GCCATTCAGTGAGCCA-1,0,enzalutamide
Data32_GSM5155457_GCCATTCCAATCTCTT-1,0,enzalutamide
Data32_GSM5155457_GCCATTCCATGTCGTA-1,0,enzalutamide
Data32_GSM5155457_GCCATTCCATTCTCCG-1,0,enzalutamide
Data32_GSM5155457_GCCATTCGTAGAATGT-1,0,enzalutamide
Data32_GSM5155457_GCCATTCGTCTGTTAG-1,0,enzalutamide
Data32_GSM5155457_GCCATTCGTGACTGAG-1,0,enzalutamide
Data32_GSM5155457_GCCCAGAAGGTATAGT-1,0,enzalutamide
Data32_GSM5155457_GCCCAGACAGGCAATG-1,0,enzalutamide
Data32_GSM5155457_GCCCAGATCAGGGATG-1,0,enzalutamide
Data32_GSM5155457_GCCCAGATCTGACGCG-1,0,enzalutamide
Data32_GSM5155457_GCCCGAAAGCCAGAGT-1,0,enzalutamide
Data32_GSM5155457_GCCCGAAAGCTCGAAG-1,0,enzalutamide
Data32_GSM5155457_GCCCGAAAGGCGACAT-1,0,enzalutamide
Data32_GSM5155457_GCCCGAACATCCGGTG-1,0,enzalutamide
Data32_GSM5155457_GCCCGAATCGTAACAC-1,0,enzalutamide
Data32_GSM5155457_GCCGATGCAGGTAGTG-1,0,enzalutamide
Data32_GSM5155457_GCCGATGGTTCCGCAG-1,0,enzalutamide
Data32_GSM5155457_GCCGATGGTTTGCCGG-1,0,enzalutamide
Data32_GSM5155457_GCCGATGTCTAAGCCA-1,0,enzalutamide
Data32_GSM5155457_GCCGTGAAGGATTTGA-1,0,enzalutamide
Data32_GSM5155457_GCCGTGACAACTCGAT-1,0,enzalutamide
Data32_GSM5155457_GCCGTGACATTCTGTT-1,0,enzalutamide
Data32_GSM5155457_GCCTGTTAGATGGCAC-1,0,enzalutamide
Data32_GSM5155457_GCCTGTTCAACCCGCA-1,0,enzalutamide
Data32_GSM5155457_GCCTGTTCACCGCTGA-1,0,enzalutamide
Data32_GSM5155457_GCCTGTTGTATCGAGG-1,0,enzalutamide
Data32_GSM5155457_GCCTGTTGTCGCTCGA-1,0,enzalutamide
Data32_GSM5155457_GCCTGTTGTGGTCTTA-1,0,enzalutamide
Data32_GSM5155457_GCCTGTTTCAGTGGGA-1,0,enzalutamide
Data32_GSM5155457_GCGAGAACAATCCAGT-1,0,enzalutamide
Data32_GSM5155457_GCGATCGTCGAACGGA-1,0,enzalutamide
Data32_GSM5155457_GCGGAAACAAGAGAGA-1,0,enzalutamide
Data32_GSM5155457_GCGGAAAGTGCCGGTT-1,0,enzalutamide
Data32_GSM5155457_GCGGATCAGACGCCAA-1,0,enzalutamide
Data32_GSM5155457_GCGGATCAGGTGATCG-1,0,enzalutamide
Data32_GSM5155457_GCGGATCTCGTGGGTC-1,0,enzalutamide
Data32_GSM5155457_GCGTGCACACACAGAG-1,0,enzalutamide
Data32_GSM5155457_GCGTGCACACAGCCTG-1,0,enzalutamide
Data32_GSM5155457_GCGTGCACAGTCGCTG-1,0,enzalutamide
Data32_GSM5155457_GCGTGCACATGATAGA-1,0,enzalutamide
Data32_GSM5155457_GCGTGCACATGTCTAG-1,0,enzalutamide
Data32_GSM5155457_GCGTGCAGTGGTCCCA-1,0,enzalutamide
Data32_GSM5155457_GCGTGCAGTTCGTGCG-1,0,enzalutamide
Data32_GSM5155457_GCGTGCATCACAGTGT-1,0,enzalutamide
Data32_GSM5155457_GCGTGCATCGCTTTAT-1,0,enzalutamide
Data32_GSM5155457_GCGTGCATCTGGCCTT-1,0,enzalutamide
Data32_GSM5155457_GCGTTTCAGTCTAGCT-1,0,enzalutamide
Data32_GSM5155457_GCGTTTCCAAGCTGTT-1,0,enzalutamide
Data32_GSM5155457_GCGTTTCCACCTGAAT-1,0,enzalutamide
Data32_GSM5155457_GCGTTTCCACTCCTGT-1,0,enzalutamide
Data32_GSM5155457_GCGTTTCCATGAATCC-1,0,enzalutamide
Data32_GSM5155457_GCGTTTCTCACGGAGA-1,0,enzalutamide
Data32_GSM5155457_GCGTTTCTCATCGACA-1,0,enzalutamide
Data32_GSM5155457_GCTACAACAACCCTCT-1,0,enzalutamide
Data32_GSM5155457_GCTACAACACCGTCTT-1,0,enzalutamide
Data32_GSM5155457_GCTACAATCAACCTTT-1,0,enzalutamide
Data32_GSM5155457_GCTACAATCATTACGG-1,0,enzalutamide
Data32_GSM5155457_GCTACAATCGTGCGAC-1,0,enzalutamide
Data32_GSM5155457_GCTACCTCAATTGAGA-1,0,enzalutamide
Data32_GSM5155457_GCTACCTCACACACGC-1,0,enzalutamide
Data32_GSM5155457_GCTACCTGTCGCGTCA-1,0,enzalutamide
Data32_GSM5155457_GCTACCTGTTGGACTT-1,0,enzalutamide
Data32_GSM5155457_GCTACCTTCCCGAGTG-1,0,enzalutamide
Data32_GSM5155457_GCTCAAAAGACAGTCG-1,0,enzalutamide
Data32_GSM5155457_GCTCAAAGTCGTTGCG-1,0,enzalutamide
Data32_GSM5155457_GCTCAAATCATTACCT-1,0,enzalutamide
Data32_GSM5155457_GCTGAATCAGGATCTT-1,0,enzalutamide
Data32_GSM5155457_GCTGAATTCGCCTAGG-1,0,enzalutamide
Data32_GSM5155457_GCTGCAGAGGAGGTTC-1,0,enzalutamide
Data32_GSM5155457_GCTGCAGAGGTCGAGT-1,0,enzalutamide
Data32_GSM5155457_GCTGCAGCAGTTGTTG-1,0,enzalutamide
Data32_GSM5155457_GCTGCAGGTATGGTTC-1,0,enzalutamide
Data32_GSM5155457_GCTGCAGGTCCGGTCA-1,0,enzalutamide
Data32_GSM5155457_GCTGCAGTCAATCGGT-1,0,enzalutamide
Data32_GSM5155457_GCTGCAGTCTAGGCAT-1,0,enzalutamide
Data32_GSM5155457_GCTGGGTAGCCAACCC-1,0,enzalutamide
Data32_GSM5155457_GCTGGGTAGTAGCATA-1,0,enzalutamide
Data32_GSM5155457_GCTGGGTCACCACATA-1,0,enzalutamide
Data32_GSM5155457_GCTGGGTCAGCTTCGG-1,0,enzalutamide
Data32_GSM5155457_GCTGGGTCATGCGTGC-1,0,enzalutamide
Data32_GSM5155457_GCTGGGTGTGGGACAT-1,0,enzalutamide
Data32_GSM5155457_GCTGGGTGTTATCTTC-1,0,enzalutamide
Data32_GSM5155457_GCTGGGTGTTTCCAAG-1,0,enzalutamide
Data32_GSM5155457_GCTGGGTTCACCGGTG-1,0,enzalutamide
Data32_GSM5155457_GCTTCACAGGATACGC-1,0,enzalutamide
Data32_GSM5155457_GCTTCACAGGATGTTA-1,0,enzalutamide
Data32_GSM5155457_GCTTCACCAATCGCCG-1,0,enzalutamide
Data32_GSM5155457_GCTTCACCACGATTCA-1,0,enzalutamide
Data32_GSM5155457_GCTTCACGTATGGAAT-1,0,enzalutamide
Data32_GSM5155457_GCTTCACGTGTGGACA-1,0,enzalutamide
Data32_GSM5155457_GCTTCACTCCTTATCA-1,0,enzalutamide
Data32_GSM5155457_GCTTCACTCGAAACAA-1,0,enzalutamide
Data32_GSM5155457_GCTTGGGCAGCGCTTG-1,0,enzalutamide
Data32_GSM5155457_GCTTGGGCATGGATCT-1,0,enzalutamide
Data32_GSM5155457_GCTTGGGGTGAACGGT-1,0,enzalutamide
Data32_GSM5155457_GCTTGGGGTTCCAGGC-1,0,enzalutamide
Data32_GSM5155457_GCTTGGGTCTATTCGT-1,0,enzalutamide
Data32_GSM5155457_GCTTTCGAGCCATTTG-1,0,enzalutamide
Data32_GSM5155457_GCTTTCGCAACCGTGC-1,0,enzalutamide
Data32_GSM5155457_GCTTTCGGTGGAAATT-1,0,enzalutamide
Data32_GSM5155457_GGAACCCAGTTCCTGA-1,0,enzalutamide
Data32_GSM5155457_GGAACCCCAATGGGTG-1,0,enzalutamide
Data32_GSM5155457_GGAACCCGTCCGGTGT-1,0,enzalutamide
Data32_GSM5155457_GGAACCCTCCCTGGTT-1,0,enzalutamide
Data32_GSM5155457_GGAAGTGAGTAGACCG-1,0,enzalutamide
Data32_GSM5155457_GGAATCTCAAGTGGTG-1,0,enzalutamide
Data32_GSM5155457_GGAATCTCAGAGATTA-1,0,enzalutamide
Data32_GSM5155457_GGAATCTCATACCATG-1,0,enzalutamide
Data32_GSM5155457_GGAATCTGTATCCCTC-1,0,enzalutamide
Data32_GSM5155457_GGAATCTTCCATACTT-1,0,enzalutamide
Data32_GSM5155457_GGAATCTTCGGACTGC-1,0,enzalutamide
Data32_GSM5155457_GGAATCTTCTGTACAG-1,0,enzalutamide
Data32_GSM5155457_GGAATGGAGCACTTTG-1,0,enzalutamide
Data32_GSM5155457_GGAATGGCAAACACGG-1,0,enzalutamide
Data32_GSM5155457_GGAATGGGTACGGGAT-1,0,enzalutamide
Data32_GSM5155457_GGAATGGTCGCCAGAC-1,0,enzalutamide
Data32_GSM5155457_GGACGTCAGACAGCGT-1,0,enzalutamide
Data32_GSM5155457_GGACGTCAGCTCATAC-1,0,enzalutamide
Data32_GSM5155457_GGACGTCCACCTATCC-1,0,enzalutamide
Data32_GSM5155457_GGACGTCCATCGCTGG-1,0,enzalutamide
Data32_GSM5155457_GGACGTCGTATGCGGA-1,0,enzalutamide
Data32_GSM5155457_GGACGTCTCATTTGCT-1,0,enzalutamide
Data32_GSM5155457_GGACGTCTCCACCTGT-1,0,enzalutamide
Data32_GSM5155457_GGAGAACTCATGAGTC-1,0,enzalutamide
Data32_GSM5155457_GGAGAACTCGACATAC-1,0,enzalutamide
Data32_GSM5155457_GGAGATGAGCGCTTCG-1,0,enzalutamide
Data32_GSM5155457_GGAGATGAGTATTCCG-1,0,enzalutamide
Data32_GSM5155457_GGAGATGAGTTAACAG-1,0,enzalutamide
Data32_GSM5155457_GGAGATGGTACGATCT-1,0,enzalutamide
Data32_GSM5155457_GGAGATGGTACTGCGC-1,0,enzalutamide
Data32_GSM5155457_GGAGATGTCCAAGGGA-1,0,enzalutamide
Data32_GSM5155457_GGAGATGTCTCGCAGG-1,0,enzalutamide
Data32_GSM5155457_GGAGCAAAGTTACGAA-1,0,enzalutamide
Data32_GSM5155457_GGAGCAAGTACAACGG-1,0,enzalutamide
Data32_GSM5155457_GGAGCAATCCGCGATG-1,0,enzalutamide
Data32_GSM5155457_GGAGGATAGTTGCCTA-1,0,enzalutamide
Data32_GSM5155457_GGAGGATCACGGGTAA-1,0,enzalutamide
Data32_GSM5155457_GGAGGATGTCGTAATC-1,0,enzalutamide
Data32_GSM5155457_GGAGGTAAGAGTTGAT-1,0,enzalutamide
Data32_GSM5155457_GGAGGTAAGGTCATAA-1,0,enzalutamide
Data32_GSM5155457_GGAGGTACAATCGTCA-1,0,enzalutamide
Data32_GSM5155457_GGAGGTACACAAATGA-1,0,enzalutamide
Data32_GSM5155457_GGATCTACATGTGGTT-1,0,enzalutamide
Data32_GSM5155457_GGATCTAGTATGCGGA-1,0,enzalutamide
Data32_GSM5155457_GGATCTAGTCGTACAT-1,0,enzalutamide
Data32_GSM5155457_GGATCTATCACGGGCT-1,0,enzalutamide
Data32_GSM5155457_GGATGTTAGGGAGGTG-1,0,enzalutamide
Data32_GSM5155457_GGATGTTCACCTTCCA-1,0,enzalutamide
Data32_GSM5155457_GGATGTTCATTCTGTT-1,0,enzalutamide
Data32_GSM5155457_GGATGTTGTACGGTTT-1,0,enzalutamide
Data32_GSM5155457_GGATGTTTCCGAGAAG-1,0,enzalutamide
Data32_GSM5155457_GGATGTTTCTGCATAG-1,0,enzalutamide
Data32_GSM5155457_GGCACGTAGCTCCGAC-1,0,enzalutamide
Data32_GSM5155457_GGCACGTGTAATGCTC-1,0,enzalutamide
Data32_GSM5155457_GGCACGTGTCCAAGAG-1,0,enzalutamide
Data32_GSM5155457_GGCACGTGTGGGCTCT-1,0,enzalutamide
Data32_GSM5155457_GGCACGTTCAGTGATC-1,0,enzalutamide
Data32_GSM5155457_GGCAGTCCATGTGCTA-1,0,enzalutamide
Data32_GSM5155457_GGCAGTCCATTCGGGC-1,0,enzalutamide
Data32_GSM5155457_GGCAGTCGTGTCACAT-1,0,enzalutamide
Data32_GSM5155457_GGCAGTCTCCCGTGTT-1,0,enzalutamide
Data32_GSM5155457_GGCAGTCTCCCTCGTA-1,0,enzalutamide
Data32_GSM5155457_GGCAGTCTCGCAATTG-1,0,enzalutamide
Data32_GSM5155457_GGCAGTCTCGTCACCT-1,0,enzalutamide
Data32_GSM5155457_GGCAGTCTCGTTGTAG-1,0,enzalutamide
Data32_GSM5155457_GGCGTCAAGCAGTACG-1,0,enzalutamide
Data32_GSM5155457_GGCGTCAAGTCACTAC-1,0,enzalutamide
Data32_GSM5155457_GGCGTCACAATTCTTC-1,0,enzalutamide
Data32_GSM5155457_GGCGTCACACGACAAG-1,0,enzalutamide
Data32_GSM5155457_GGCGTCACAGTTTGGT-1,0,enzalutamide
Data32_GSM5155457_GGCGTCATCGTTGCCT-1,0,enzalutamide
Data32_GSM5155457_GGCTGTGAGTGTACCT-1,0,enzalutamide
Data32_GSM5155457_GGCTGTGCAGTATGAA-1,0,enzalutamide
Data32_GSM5155457_GGCTGTGGTGATCATC-1,0,enzalutamide
Data32_GSM5155457_GGCTGTGTCAAGCTGT-1,0,enzalutamide
Data32_GSM5155457_GGCTTGGAGCGCACAA-1,0,enzalutamide
Data32_GSM5155457_GGCTTGGAGGACTATA-1,0,enzalutamide
Data32_GSM5155457_GGCTTGGCACCAGCTG-1,0,enzalutamide
Data32_GSM5155457_GGCTTGGGTCGCTGCA-1,0,enzalutamide
Data32_GSM5155457_GGCTTTCGTCACGCTG-1,0,enzalutamide
Data32_GSM5155457_GGCTTTCTCCGAAGGA-1,0,enzalutamide
Data32_GSM5155457_GGGAAGTCAAGATCCT-1,0,enzalutamide
Data32_GSM5155457_GGGAAGTTCATCCTGC-1,0,enzalutamide
Data32_GSM5155457_GGGAAGTTCATGAAAG-1,0,enzalutamide
Data32_GSM5155457_GGGAAGTTCCCTTTGG-1,0,enzalutamide
Data32_GSM5155457_GGGACAAAGCACTAGG-1,0,enzalutamide
Data32_GSM5155457_GGGACAAAGTTGCCCG-1,0,enzalutamide
Data32_GSM5155457_GGGACAACACGGTAGA-1,0,enzalutamide
Data32_GSM5155457_GGGACAACATGACGAG-1,0,enzalutamide
Data32_GSM5155457_GGGACAAGTACCATAC-1,0,enzalutamide
Data32_GSM5155457_GGGACAAGTACTGCCG-1,0,enzalutamide
Data32_GSM5155457_GGGACCTAGAGCATTA-1,0,enzalutamide
Data32_GSM5155457_GGGACCTAGGCGTTGA-1,0,enzalutamide
Data32_GSM5155457_GGGACCTCAGTCGGTC-1,0,enzalutamide
Data32_GSM5155457_GGGACCTTCAGCTTGA-1,0,enzalutamide
Data32_GSM5155457_GGGACTCCACGTACAT-1,0,enzalutamide
Data32_GSM5155457_GGGACTCCATGTAACC-1,0,enzalutamide
Data32_GSM5155457_GGGACTCGTCAAGCGA-1,0,enzalutamide
Data32_GSM5155457_GGGACTCGTGAGGCAT-1,0,enzalutamide
Data32_GSM5155457_GGGAGATCAATGTCAC-1,0,enzalutamide
Data32_GSM5155457_GGGAGATTCTGCCCTA-1,0,enzalutamide
Data32_GSM5155457_GGGAGTAAGACGTCCC-1,0,enzalutamide
Data32_GSM5155457_GGGAGTACACTAGGTT-1,0,enzalutamide
Data32_GSM5155457_GGGAGTACAGGCACTC-1,0,enzalutamide
Data32_GSM5155457_GGGAGTAGTTGGACTT-1,0,enzalutamide
Data32_GSM5155457_GGGAGTATCCCGGTAG-1,0,enzalutamide
Data32_GSM5155457_GGGATCCAGCTACTGT-1,0,enzalutamide
Data32_GSM5155457_GGGATCCCAGCTAACT-1,0,enzalutamide
Data32_GSM5155457_GGGATCCGTGGAGGTT-1,0,enzalutamide
Data32_GSM5155457_GGGATCCGTTCCATTT-1,0,enzalutamide
Data32_GSM5155457_GGGATGACATACATCG-1,0,enzalutamide
Data32_GSM5155457_GGGATGAGTTTGACAC-1,0,enzalutamide
Data32_GSM5155457_GGGATGATCGATGGAG-1,0,enzalutamide
Data32_GSM5155457_GGGATGATCTAATTCC-1,0,enzalutamide
Data32_GSM5155457_GGGCCATAGCGTCTCG-1,0,enzalutamide
Data32_GSM5155457_GGGCCATAGTTTGCTG-1,0,enzalutamide
Data32_GSM5155457_GGGCCATCAGATACCT-1,0,enzalutamide
Data32_GSM5155457_GGGCCATGTCATAGTC-1,0,enzalutamide
Data32_GSM5155457_GGGCCATGTCTCAGAT-1,0,enzalutamide
Data32_GSM5155457_GGGCGTTCAACGTAAA-1,0,enzalutamide
Data32_GSM5155457_GGGCGTTGTCACAATC-1,0,enzalutamide
Data32_GSM5155457_GGGCGTTGTGCCGTAC-1,0,enzalutamide
Data32_GSM5155457_GGGCTACAGGTAAGGA-1,0,enzalutamide
Data32_GSM5155457_GGGCTACCAGCACAGA-1,0,enzalutamide
Data32_GSM5155457_GGGCTACCAGCAGTAG-1,0,enzalutamide
Data32_GSM5155457_GGGCTACTCACGACTA-1,0,enzalutamide
Data32_GSM5155457_GGGCTCAAGGCATGGT-1,0,enzalutamide
Data32_GSM5155457_GGGCTCACAGGCCTGT-1,0,enzalutamide
Data32_GSM5155457_GGGCTCATCGTGTGGC-1,0,enzalutamide
Data32_GSM5155457_GGGTAGAAGCTCGAAG-1,0,enzalutamide
Data32_GSM5155457_GGGTAGAAGTAACAGT-1,0,enzalutamide
Data32_GSM5155457_GGGTAGAAGTAGACAT-1,0,enzalutamide
Data32_GSM5155457_GGGTAGACAGACCAGA-1,0,enzalutamide
Data32_GSM5155457_GGGTAGATCCGGACGT-1,0,enzalutamide
Data32_GSM5155457_GGGTATTAGCGGGTTA-1,0,enzalutamide
Data32_GSM5155457_GGGTATTAGGTCATAA-1,0,enzalutamide
Data32_GSM5155457_GGGTATTAGTCATAGA-1,0,enzalutamide
Data32_GSM5155457_GGGTATTCATAGTCAC-1,0,enzalutamide
Data32_GSM5155457_GGGTATTCATGACAGG-1,0,enzalutamide
Data32_GSM5155457_GGGTATTGTTGGTGTT-1,0,enzalutamide
Data32_GSM5155457_GGGTATTTCGCGTTTC-1,0,enzalutamide
Data32_GSM5155457_GGGTCACAGAGTTGAT-1,0,enzalutamide
Data32_GSM5155457_GGGTCACCACAACCGC-1,0,enzalutamide
Data32_GSM5155457_GGGTCACCACATTCTT-1,0,enzalutamide
Data32_GSM5155457_GGGTCACCATGCCATA-1,0,enzalutamide
Data32_GSM5155457_GGGTCACGTGGAGGTT-1,0,enzalutamide
Data32_GSM5155457_GGGTCACTCCCTCAAC-1,0,enzalutamide
Data32_GSM5155457_GGGTCTGAGCTGTACT-1,0,enzalutamide
Data32_GSM5155457_GGGTCTGAGGAAGTCC-1,0,enzalutamide
Data32_GSM5155457_GGGTCTGGTGATCATC-1,0,enzalutamide
Data32_GSM5155457_GGGTCTGTCGATTGAC-1,0,enzalutamide
Data32_GSM5155457_GGGTCTGTCTACTTCA-1,0,enzalutamide
Data32_GSM5155457_GGGTGAAAGAAACCAT-1,0,enzalutamide
Data32_GSM5155457_GGGTGAAAGCGTCGAA-1,0,enzalutamide
Data32_GSM5155457_GGGTGAACAAAGTGTA-1,0,enzalutamide
Data32_GSM5155457_GGGTGTCAGTAATCCC-1,0,enzalutamide
Data32_GSM5155457_GGGTGTCCAATGAACA-1,0,enzalutamide
Data32_GSM5155457_GGGTGTCCACCGGCTA-1,0,enzalutamide
Data32_GSM5155457_GGGTGTCCATGGCGCT-1,0,enzalutamide
Data32_GSM5155457_GGGTGTCGTGATCGTT-1,0,enzalutamide
Data32_GSM5155457_GGGTTATGTCACAGAG-1,0,enzalutamide
Data32_GSM5155457_GGGTTTAAGAAGTCTA-1,0,enzalutamide
Data32_GSM5155457_GGGTTTAAGATAGCAT-1,0,enzalutamide
Data32_GSM5155457_GGGTTTAAGATCGCCC-1,0,enzalutamide
Data32_GSM5155457_GGGTTTACAGCAGGAT-1,0,enzalutamide
Data32_GSM5155457_GGGTTTACATGTCGTA-1,0,enzalutamide
Data32_GSM5155457_GGGTTTATCAGTGCGC-1,0,enzalutamide
Data32_GSM5155457_GGGTTTATCATTTACC-1,0,enzalutamide
Data32_GSM5155457_GGGTTTATCGAGATAA-1,0,enzalutamide
Data32_GSM5155457_GGTAACTAGGAACGCT-1,0,enzalutamide
Data32_GSM5155457_GGTAACTCATGGCGCT-1,0,enzalutamide
Data32_GSM5155457_GGTAACTGTAGGATAT-1,0,enzalutamide
Data32_GSM5155457_GGTAACTGTAGTATAG-1,0,enzalutamide
Data32_GSM5155457_GGTAACTGTATGGTAA-1,0,enzalutamide
Data32_GSM5155457_GGTAACTGTGATCGTT-1,0,enzalutamide
Data32_GSM5155457_GGTAATCAGAGCAACC-1,0,enzalutamide
Data32_GSM5155457_GGTAATCAGGGCGAAG-1,0,enzalutamide
Data32_GSM5155457_GGTAATCCAATTTCGG-1,0,enzalutamide
Data32_GSM5155457_GGTAATCTCGTTCCCA-1,0,enzalutamide
Data32_GSM5155457_GGTAGAGAGGACTGGT-1,0,enzalutamide
Data32_GSM5155457_GGTAGAGCACGGCTAC-1,0,enzalutamide
Data32_GSM5155457_GGTAGAGTCTAGCCAA-1,0,enzalutamide
Data32_GSM5155457_GGTCACGAGTTGAAGT-1,0,enzalutamide
Data32_GSM5155457_GGTCACGCATCCCACT-1,0,enzalutamide
Data32_GSM5155457_GGTCACGGTATGATCC-1,0,enzalutamide
Data32_GSM5155457_GGTCACGTCGACCAAT-1,0,enzalutamide
Data32_GSM5155457_GGTCTGGCAAGTGTCT-1,0,enzalutamide
Data32_GSM5155457_GGTCTGGGTGCCTGAC-1,0,enzalutamide
Data32_GSM5155457_GGTCTGGTCATCGCTC-1,0,enzalutamide
Data32_GSM5155457_GGTCTGGTCTAGTGTG-1,0,enzalutamide
Data32_GSM5155457_GGTGAAGAGAGAGGGC-1,0,enzalutamide
Data32_GSM5155457_GGTGAAGCAATGGCCC-1,0,enzalutamide
Data32_GSM5155457_GGTGAAGCAGTGGGTA-1,0,enzalutamide
Data32_GSM5155457_GGTGAAGGTGCATTTG-1,0,enzalutamide
Data32_GSM5155457_GGTGAAGTCAATCTCT-1,0,enzalutamide
Data32_GSM5155457_GGTGAAGTCTAGTCAG-1,0,enzalutamide
Data32_GSM5155457_GGTGAAGTCTCCGAAA-1,0,enzalutamide
Data32_GSM5155457_GGTGAAGTCTGTGCGG-1,0,enzalutamide
Data32_GSM5155457_GGTGATTAGACATACA-1,0,enzalutamide
Data32_GSM5155457_GGTGATTCAAACCACT-1,0,enzalutamide
Data32_GSM5155457_GGTGATTGTTTCACTT-1,0,enzalutamide
Data32_GSM5155457_GGTGATTTCGCGATCG-1,0,enzalutamide
Data32_GSM5155457_GGTGGCTCACACCAGC-1,0,enzalutamide
Data32_GSM5155457_GGTGGCTCACCCTATC-1,0,enzalutamide
Data32_GSM5155457_GGTGGCTGTTTCGGCG-1,0,enzalutamide
Data32_GSM5155457_GGTGGCTGTTTCTATC-1,0,enzalutamide
Data32_GSM5155457_GGTGGCTTCTCTCCGA-1,0,enzalutamide
Data32_GSM5155457_GGTGTCGAGGCGATAC-1,0,enzalutamide
Data32_GSM5155457_GGTGTTAAGCTGACAG-1,0,enzalutamide
Data32_GSM5155457_GGTGTTAAGGAGATAG-1,0,enzalutamide
Data32_GSM5155457_GGTGTTACAGGGAATC-1,0,enzalutamide
Data32_GSM5155457_GGTGTTACAGGTGTGA-1,0,enzalutamide
Data32_GSM5155457_GGTGTTATCCAAGCTA-1,0,enzalutamide
Data32_GSM5155457_GGTGTTATCTATTCGT-1,0,enzalutamide
Data32_GSM5155457_GGTTAACAGGTCCAGA-1,0,enzalutamide
Data32_GSM5155457_GGTTAACCACTAGAGG-1,0,enzalutamide
Data32_GSM5155457_GGTTAACGTAGAGCTG-1,0,enzalutamide
Data32_GSM5155457_GGTTAACTCAGCCTCT-1,0,enzalutamide
Data32_GSM5155457_GGTTAACTCATCCCGT-1,0,enzalutamide
Data32_GSM5155457_GGTTCTCCACTTGGCG-1,0,enzalutamide
Data32_GSM5155457_GGTTGTAAGGCTAAAT-1,0,enzalutamide
Data32_GSM5155457_GGTTGTAAGGTCCAGA-1,0,enzalutamide
Data32_GSM5155457_GGTTGTAAGTATAGAC-1,0,enzalutamide
Data32_GSM5155457_GGTTGTACATCCTTCG-1,0,enzalutamide
Data32_GSM5155457_GGTTGTAGTAGAATAC-1,0,enzalutamide
Data32_GSM5155457_GGTTGTAGTCGCATCG-1,0,enzalutamide
Data32_GSM5155457_GGTTGTATCAAGCCCG-1,0,enzalutamide
Data32_GSM5155457_GGTTGTATCGAAGTGG-1,0,enzalutamide
Data32_GSM5155457_GTAACACGTTGAATCC-1,0,enzalutamide
Data32_GSM5155457_GTAACACGTTTGGGAG-1,0,enzalutamide
Data32_GSM5155457_GTAACACTCAGGAAAT-1,0,enzalutamide
Data32_GSM5155457_GTAACCAAGCCGAACA-1,0,enzalutamide
Data32_GSM5155457_GTAACCAGTGCGGTAA-1,0,enzalutamide
Data32_GSM5155457_GTAAGTCAGATGCTAA-1,0,enzalutamide
Data32_GSM5155457_GTAAGTCAGTAATTGG-1,0,enzalutamide
Data32_GSM5155457_GTAAGTCCAAATTGGA-1,0,enzalutamide
Data32_GSM5155457_GTAAGTCCATCAGCAT-1,0,enzalutamide
Data32_GSM5155457_GTAAGTCGTCCTCATC-1,0,enzalutamide
Data32_GSM5155457_GTAAGTCTCTAGGAAA-1,0,enzalutamide
Data32_GSM5155457_GTAATCGCAAATACAG-1,0,enzalutamide
Data32_GSM5155457_GTAATCGTCTCTGGTC-1,0,enzalutamide
Data32_GSM5155457_GTAATCGTCTGCTTTA-1,0,enzalutamide
Data32_GSM5155457_GTAATGCAGGAAGAAC-1,0,enzalutamide
Data32_GSM5155457_GTAATGCAGGCCACTC-1,0,enzalutamide
Data32_GSM5155457_GTAATGCAGGTCACAG-1,0,enzalutamide
Data32_GSM5155457_GTAATGCAGTGTAGTA-1,0,enzalutamide
Data32_GSM5155457_GTAATGCGTCACTCAA-1,0,enzalutamide
Data32_GSM5155457_GTAATGCTCCGGCAGT-1,0,enzalutamide
Data32_GSM5155457_GTACAACAGAAATCCA-1,0,enzalutamide
Data32_GSM5155457_GTACAACCACCTCAGG-1,0,enzalutamide
Data32_GSM5155457_GTACAACCAGGCTTGC-1,0,enzalutamide
Data32_GSM5155457_GTACAACGTTTCGTTT-1,0,enzalutamide
Data32_GSM5155457_GTACAGTAGAATACAC-1,0,enzalutamide
Data32_GSM5155457_GTACAGTCAACTTGCA-1,0,enzalutamide
Data32_GSM5155457_GTACAGTCAGAACGCA-1,0,enzalutamide
Data32_GSM5155457_GTACAGTGTAAGCTCT-1,0,enzalutamide
Data32_GSM5155457_GTACAGTTCAAGTGTC-1,0,enzalutamide
Data32_GSM5155457_GTACAGTTCGTCAAAC-1,0,enzalutamide
Data32_GSM5155457_GTAGAAAAGCCTATCA-1,0,enzalutamide
Data32_GSM5155457_GTAGAAACAATCACGT-1,0,enzalutamide
Data32_GSM5155457_GTAGAAACATGTAACC-1,0,enzalutamide
Data32_GSM5155457_GTAGAAAGTAGCCAGA-1,0,enzalutamide
Data32_GSM5155457_GTAGAAATCGCTACGG-1,0,enzalutamide
Data32_GSM5155457_GTAGAGGAGATAGTCA-1,0,enzalutamide
Data32_GSM5155457_GTAGAGGAGATTACCC-1,0,enzalutamide
Data32_GSM5155457_GTAGAGGAGGAAAGTG-1,0,enzalutamide
Data32_GSM5155457_GTAGAGGAGTCAACAA-1,0,enzalutamide
Data32_GSM5155457_GTAGAGGCAACTACGT-1,0,enzalutamide
Data32_GSM5155457_GTAGAGGCATAGCACT-1,0,enzalutamide
Data32_GSM5155457_GTAGAGGGTAAGATCA-1,0,enzalutamide
Data32_GSM5155457_GTAGAGGGTAATCAGA-1,0,enzalutamide
Data32_GSM5155457_GTAGAGGGTAGCGATG-1,0,enzalutamide
Data32_GSM5155457_GTAGAGGGTCATTGCA-1,0,enzalutamide
Data32_GSM5155457_GTAGAGGGTGCTTATG-1,0,enzalutamide
Data32_GSM5155457_GTAGAGGGTTGACGGA-1,0,enzalutamide
Data32_GSM5155457_GTAGAGGTCCTTTAGT-1,0,enzalutamide
Data32_GSM5155457_GTAGATCAGAGGGTGG-1,0,enzalutamide
Data32_GSM5155457_GTAGATCAGTTGGAAT-1,0,enzalutamide
Data32_GSM5155457_GTAGATCCAATTGCCA-1,0,enzalutamide
Data32_GSM5155457_GTAGATCCAGTCTCTC-1,0,enzalutamide
Data32_GSM5155457_GTAGATCGTAACTAAG-1,0,enzalutamide
Data32_GSM5155457_GTAGATCGTGATGTAA-1,0,enzalutamide
Data32_GSM5155457_GTAGATCGTTCCCACT-1,0,enzalutamide
Data32_GSM5155457_GTAGCTAAGCACCTGC-1,0,enzalutamide
Data32_GSM5155457_GTAGCTAAGCACTGGA-1,0,enzalutamide
Data32_GSM5155457_GTAGCTACAGGGCTTC-1,0,enzalutamide
Data32_GSM5155457_GTAGCTAGTCCAACGC-1,0,enzalutamide
Data32_GSM5155457_GTAGGAGAGAGAGTGA-1,0,enzalutamide
Data32_GSM5155457_GTAGGAGCACCCGTAG-1,0,enzalutamide
Data32_GSM5155457_GTAGGAGGTATGGAGC-1,0,enzalutamide
Data32_GSM5155457_GTAGGAGGTCACATTG-1,0,enzalutamide
Data32_GSM5155457_GTAGGAGGTTTAAGGA-1,0,enzalutamide
Data32_GSM5155457_GTAGGAGTCCTTCACG-1,0,enzalutamide
Data32_GSM5155457_GTAGGTTCAATCAAGA-1,0,enzalutamide
Data32_GSM5155457_GTAGGTTCACACCGCA-1,0,enzalutamide
Data32_GSM5155457_GTAGGTTGTTTCGACA-1,0,enzalutamide
Data32_GSM5155457_GTAGTACAGAGGTTTA-1,0,enzalutamide
Data32_GSM5155457_GTAGTACAGTCCGCGT-1,0,enzalutamide
Data32_GSM5155457_GTAGTACAGTTTGAGA-1,0,enzalutamide
Data32_GSM5155457_GTAGTACCAAATCGTC-1,0,enzalutamide
Data32_GSM5155457_GTAGTACCACTCCACT-1,0,enzalutamide
Data32_GSM5155457_GTAGTACGTGGTCTCG-1,0,enzalutamide
Data32_GSM5155457_GTAGTACTCATTGCGA-1,0,enzalutamide
Data32_GSM5155457_GTAGTACTCTCATGGA-1,0,enzalutamide
Data32_GSM5155457_GTAGTACTCTTGCAAG-1,0,enzalutamide
Data32_GSM5155457_GTATTGGCAAGGTCTT-1,0,enzalutamide
Data32_GSM5155457_GTATTGGCAGAACTTC-1,0,enzalutamide
Data32_GSM5155457_GTATTGGCAGGTGTTT-1,0,enzalutamide
Data32_GSM5155457_GTATTGGGTACAGAGC-1,0,enzalutamide
Data32_GSM5155457_GTATTGGGTTCCTTGC-1,0,enzalutamide
Data32_GSM5155457_GTATTGGTCGCCTTGT-1,0,enzalutamide
Data32_GSM5155457_GTATTTCAGAAGGTAG-1,0,enzalutamide
Data32_GSM5155457_GTATTTCAGACCAACG-1,0,enzalutamide
Data32_GSM5155457_GTATTTCCAAAGCTCT-1,0,enzalutamide
Data32_GSM5155457_GTATTTCCAGTAGGAC-1,0,enzalutamide
Data32_GSM5155457_GTATTTCCATATCGGT-1,0,enzalutamide
Data32_GSM5155457_GTCAAACAGATGGCGT-1,0,enzalutamide
Data32_GSM5155457_GTCAAACAGCCTGCCA-1,0,enzalutamide
Data32_GSM5155457_GTCAAACAGCTACTGT-1,0,enzalutamide
Data32_GSM5155457_GTCAAACCACAGAAGC-1,0,enzalutamide
Data32_GSM5155457_GTCAAACCAGACAAGC-1,0,enzalutamide
Data32_GSM5155457_GTCAAACCAGTAGGAC-1,0,enzalutamide
Data32_GSM5155457_GTCAAACCATCCTAAG-1,0,enzalutamide
Data32_GSM5155457_GTCAAACGTATGCGGA-1,0,enzalutamide
Data32_GSM5155457_GTCAAACTCAGGGATG-1,0,enzalutamide
Data32_GSM5155457_GTCAAGTAGTGCTCAT-1,0,enzalutamide
Data32_GSM5155457_GTCACGGAGGGAGGAC-1,0,enzalutamide
Data32_GSM5155457_GTCACGGGTCCAACGC-1,0,enzalutamide
Data32_GSM5155457_GTCACTCAGAAAGTCT-1,0,enzalutamide
Data32_GSM5155457_GTCACTCAGAAGGCTC-1,0,enzalutamide
Data32_GSM5155457_GTCACTCAGATCGGTG-1,0,enzalutamide
Data32_GSM5155457_GTCACTCCAGACCCGT-1,0,enzalutamide
Data32_GSM5155457_GTCACTCCATGAAAGT-1,0,enzalutamide
Data32_GSM5155457_GTCACTCTCAGCCTCT-1,0,enzalutamide
Data32_GSM5155457_GTCACTCTCAGCGTCG-1,0,enzalutamide
Data32_GSM5155457_GTCACTCTCGCCTAGG-1,0,enzalutamide
Data32_GSM5155457_GTCACTCTCGTGCACG-1,0,enzalutamide
Data32_GSM5155457_GTCAGCGAGACCAGAC-1,0,enzalutamide
Data32_GSM5155457_GTCAGCGAGCATGATA-1,0,enzalutamide
Data32_GSM5155457_GTCAGCGGTAGGCAAC-1,0,enzalutamide
Data32_GSM5155457_GTCAGCGGTATCTCTT-1,0,enzalutamide
Data32_GSM5155457_GTCAGCGGTGCAGATG-1,0,enzalutamide
Data32_GSM5155457_GTCAGCGTCTAGCCTC-1,0,enzalutamide
Data32_GSM5155457_GTCATCCGTGGCCTCA-1,0,enzalutamide
Data32_GSM5155457_GTCATCCGTTAGTCGT-1,0,enzalutamide
Data32_GSM5155457_GTCATCCTCACAATGC-1,0,enzalutamide
Data32_GSM5155457_GTCATGAAGATTCGAA-1,0,enzalutamide
Data32_GSM5155457_GTCATGAAGGTGTGAC-1,0,enzalutamide
Data32_GSM5155457_GTCATGAAGTCGAGGT-1,0,enzalutamide
Data32_GSM5155457_GTCATGACAGACACAG-1,0,enzalutamide
Data32_GSM5155457_GTCATGAGTACCCAGC-1,0,enzalutamide
Data32_GSM5155457_GTCATGAGTCACATTG-1,0,enzalutamide
Data32_GSM5155457_GTCATGAGTTGACTGT-1,0,enzalutamide
Data32_GSM5155457_GTCATGATCAAGTGTC-1,0,enzalutamide
Data32_GSM5155457_GTCATGATCCGTGTCT-1,0,enzalutamide
Data32_GSM5155457_GTCATGATCCTCTAAT-1,0,enzalutamide
Data32_GSM5155457_GTCATGATCGCGTGAC-1,0,enzalutamide
Data32_GSM5155457_GTCATTTAGAAGCGCT-1,0,enzalutamide
Data32_GSM5155457_GTCATTTAGCTTCTAG-1,0,enzalutamide
Data32_GSM5155457_GTCATTTGTACAGTCT-1,0,enzalutamide
Data32_GSM5155457_GTCATTTGTATGATCC-1,0,enzalutamide
Data32_GSM5155457_GTCATTTGTCTCAAGT-1,0,enzalutamide
Data32_GSM5155457_GTCATTTGTGCAACAG-1,0,enzalutamide
Data32_GSM5155457_GTCCACTAGGATGCGT-1,0,enzalutamide
Data32_GSM5155457_GTCCACTCAACAGCCC-1,0,enzalutamide
Data32_GSM5155457_GTCCACTGTCATAAAG-1,0,enzalutamide
Data32_GSM5155457_GTCCACTTCCTACCGT-1,0,enzalutamide
Data32_GSM5155457_GTCCACTTCGTTACCC-1,0,enzalutamide
Data32_GSM5155457_GTCCCATCAAGAGGCT-1,0,enzalutamide
Data32_GSM5155457_GTCCCATCAGGTACGA-1,0,enzalutamide
Data32_GSM5155457_GTCCCATTCGCGCTGA-1,0,enzalutamide
Data32_GSM5155457_GTCCCATTCGTTGTTT-1,0,enzalutamide
Data32_GSM5155457_GTCCTCAAGTCAGAGC-1,0,enzalutamide
Data32_GSM5155457_GTCCTCACAGCATACT-1,0,enzalutamide
Data32_GSM5155457_GTCCTCACAGTAACGG-1,0,enzalutamide
Data32_GSM5155457_GTCCTCAGTAGCTTTG-1,0,enzalutamide
Data32_GSM5155457_GTCCTCAGTGTTCAGT-1,0,enzalutamide
Data32_GSM5155457_GTCCTCATCATTGAGC-1,0,enzalutamide
Data32_GSM5155457_GTCCTCATCCAATCTT-1,0,enzalutamide
Data32_GSM5155457_GTCGAATAGAGAGAAC-1,0,enzalutamide
Data32_GSM5155457_GTCGAATAGCTCTGTA-1,0,enzalutamide
Data32_GSM5155457_GTCGAATAGTAGATCA-1,0,enzalutamide
Data32_GSM5155457_GTCGAATGTCTGTGTA-1,0,enzalutamide
Data32_GSM5155457_GTCGAATTCATATGGC-1,0,enzalutamide
Data32_GSM5155457_GTCGAATTCTACTGAG-1,0,enzalutamide
Data32_GSM5155457_GTCGCGAAGTTCCGGC-1,0,enzalutamide
Data32_GSM5155457_GTCGCGACAGCGTTTA-1,0,enzalutamide
Data32_GSM5155457_GTCGCGACAGTCAACT-1,0,enzalutamide
Data32_GSM5155457_GTCGCGACATGTTCAG-1,0,enzalutamide
Data32_GSM5155457_GTCGCGATCAAAGAAC-1,0,enzalutamide
Data32_GSM5155457_GTCGCGATCCAACTAG-1,0,enzalutamide
Data32_GSM5155457_GTCGTAAGTCTTCCGT-1,0,enzalutamide
Data32_GSM5155457_GTCGTAAGTTTCGTGA-1,0,enzalutamide
Data32_GSM5155457_GTCGTAATCGGTCGAC-1,0,enzalutamide
Data32_GSM5155457_GTCGTAATCGTGTGAT-1,0,enzalutamide
Data32_GSM5155457_GTCGTTCCACACCTGG-1,0,enzalutamide
Data32_GSM5155457_GTCGTTCCATGCCGAC-1,0,enzalutamide
Data32_GSM5155457_GTCGTTCGTCAGATTC-1,0,enzalutamide
Data32_GSM5155457_GTCGTTCGTGTGTGGA-1,0,enzalutamide
Data32_GSM5155457_GTCGTTCGTTCAAGTC-1,0,enzalutamide
Data32_GSM5155457_GTCGTTCGTTCCACGG-1,0,enzalutamide
Data32_GSM5155457_GTCGTTCTCAGGAAAT-1,0,enzalutamide
Data32_GSM5155457_GTCGTTCTCATCCCGT-1,0,enzalutamide
Data32_GSM5155457_GTCGTTCTCCTGCTAC-1,0,enzalutamide
Data32_GSM5155457_GTCGTTCTCTACACAG-1,0,enzalutamide
Data32_GSM5155457_GTCTACCCAGACGATG-1,0,enzalutamide
Data32_GSM5155457_GTCTACCCAGAGGACT-1,0,enzalutamide
Data32_GSM5155457_GTCTACCCATCATTGG-1,0,enzalutamide
Data32_GSM5155457_GTCTACCGTGTCATCA-1,0,enzalutamide
Data32_GSM5155457_GTCTACCTCATTCACT-1,0,enzalutamide
Data32_GSM5155457_GTCTACCTCGCTCCTA-1,0,enzalutamide
Data32_GSM5155457_GTCTAGAAGAGGTTTA-1,0,enzalutamide
Data32_GSM5155457_GTCTAGACAAATGAAC-1,0,enzalutamide
Data32_GSM5155457_GTCTAGACATAATGCC-1,0,enzalutamide
Data32_GSM5155457_GTCTAGATCCACGGGT-1,0,enzalutamide
Data32_GSM5155457_GTCTAGATCCCTATTA-1,0,enzalutamide
Data32_GSM5155457_GTCTAGATCTAGTGAC-1,0,enzalutamide
Data32_GSM5155457_GTCTCACCACTCATAG-1,0,enzalutamide
Data32_GSM5155457_GTCTCACCATCCGTGG-1,0,enzalutamide
Data32_GSM5155457_GTCTGTCCAAACAGGC-1,0,enzalutamide
Data32_GSM5155457_GTCTGTCCAGAATTCC-1,0,enzalutamide
Data32_GSM5155457_GTCTGTCGTGGTGATG-1,0,enzalutamide
Data32_GSM5155457_GTCTGTCGTTGCTCAA-1,0,enzalutamide
Data32_GSM5155457_GTCTGTCTCAGATGCT-1,0,enzalutamide
Data32_GSM5155457_GTCTTTACAACGATCT-1,0,enzalutamide
Data32_GSM5155457_GTCTTTAGTGACTGTT-1,0,enzalutamide
Data32_GSM5155457_GTCTTTAGTGGAACCA-1,0,enzalutamide
Data32_GSM5155457_GTCTTTATCTGAGATC-1,0,enzalutamide
Data32_GSM5155457_GTGACGCAGCGTTACT-1,0,enzalutamide
Data32_GSM5155457_GTGACGCGTGCTCTCT-1,0,enzalutamide
Data32_GSM5155457_GTGACGCTCAACACCA-1,0,enzalutamide
Data32_GSM5155457_GTGACGCTCGAAGCCC-1,0,enzalutamide
Data32_GSM5155457_GTGAGCCCATGACTCA-1,0,enzalutamide
Data32_GSM5155457_GTGAGCCGTATCGAAA-1,0,enzalutamide
Data32_GSM5155457_GTGAGCCTCAAAGCCT-1,0,enzalutamide
Data32_GSM5155457_GTGAGCCTCCCGAGTG-1,0,enzalutamide
Data32_GSM5155457_GTGAGCCTCCGTGGTG-1,0,enzalutamide
Data32_GSM5155457_GTGAGCCTCTTCCGTG-1,0,enzalutamide
Data32_GSM5155457_GTGAGTTAGGAGAGTA-1,0,enzalutamide
Data32_GSM5155457_GTGAGTTCAAACCACT-1,0,enzalutamide
Data32_GSM5155457_GTGAGTTCACGCGCAT-1,0,enzalutamide
Data32_GSM5155457_GTGAGTTCACGGGTAA-1,0,enzalutamide
Data32_GSM5155457_GTGAGTTCATATGCGT-1,0,enzalutamide
Data32_GSM5155457_GTGATGTAGGATGAGA-1,0,enzalutamide
Data32_GSM5155457_GTGATGTGTTTCGACA-1,0,enzalutamide
Data32_GSM5155457_GTGCAGCAGAGTGACC-1,0,enzalutamide
Data32_GSM5155457_GTGCAGCAGTCAGCGA-1,0,enzalutamide
Data32_GSM5155457_GTGCAGCCAGTCCGTG-1,0,enzalutamide
Data32_GSM5155457_GTGCAGCGTCCGGATC-1,0,enzalutamide
Data32_GSM5155457_GTGCGTGAGTCCCTAA-1,0,enzalutamide
Data32_GSM5155457_GTGCGTGCAAACCATC-1,0,enzalutamide
Data32_GSM5155457_GTGCGTGCAAGTGGAC-1,0,enzalutamide
Data32_GSM5155457_GTGCGTGCAGAAATTG-1,0,enzalutamide
Data32_GSM5155457_GTGCGTGGTCTTGCTC-1,0,enzalutamide
Data32_GSM5155457_GTGCGTGTCACGAACT-1,0,enzalutamide
Data32_GSM5155457_GTGCGTGTCGTAGCCG-1,0,enzalutamide
Data32_GSM5155457_GTGCTGGGTGATAGTA-1,0,enzalutamide
Data32_GSM5155457_GTGCTGGTCCCTCAAC-1,0,enzalutamide
Data32_GSM5155457_GTGCTTCAGATGATTG-1,0,enzalutamide
Data32_GSM5155457_GTGCTTCAGGGCGAAG-1,0,enzalutamide
Data32_GSM5155457_GTGCTTCAGTCGAGGT-1,0,enzalutamide
Data32_GSM5155457_GTGCTTCCAAGGCCTC-1,0,enzalutamide
Data32_GSM5155457_GTGCTTCCATGAATCC-1,0,enzalutamide
Data32_GSM5155457_GTGCTTCGTTGACGGA-1,0,enzalutamide
Data32_GSM5155457_GTGCTTCTCGTGCAGC-1,0,enzalutamide
Data32_GSM5155457_GTGCTTCTCTCATGGA-1,0,enzalutamide
Data32_GSM5155457_GTGGAAGCAGTTGGTT-1,0,enzalutamide
Data32_GSM5155457_GTGGAAGGTTCAGCTA-1,0,enzalutamide
Data32_GSM5155457_GTGGAGACAGCAGATG-1,0,enzalutamide
Data32_GSM5155457_GTGGAGAGTCTTAGTG-1,0,enzalutamide
Data32_GSM5155457_GTGGAGAGTGAATTAG-1,0,enzalutamide
Data32_GSM5155457_GTGGAGATCCATTTCA-1,0,enzalutamide
Data32_GSM5155457_GTGGCGTGTGACCGTC-1,0,enzalutamide
Data32_GSM5155457_GTGGCGTTCGTTGTAG-1,0,enzalutamide
Data32_GSM5155457_GTGGGAAAGGCACAAC-1,0,enzalutamide
Data32_GSM5155457_GTGGGAAGTCGGAACA-1,0,enzalutamide
Data32_GSM5155457_GTGGGAAGTGATTGGG-1,0,enzalutamide
Data32_GSM5155457_GTGGGAATCAGGACAG-1,0,enzalutamide
Data32_GSM5155457_GTGGTTACACTCGATA-1,0,enzalutamide
Data32_GSM5155457_GTGGTTAGTAGACGTG-1,0,enzalutamide
Data32_GSM5155457_GTGGTTATCAAGTAAG-1,0,enzalutamide
Data32_GSM5155457_GTGTAACAGAGGCGGA-1,0,enzalutamide
Data32_GSM5155457_GTGTAACGTACTTCCC-1,0,enzalutamide
Data32_GSM5155457_GTGTAACGTAGTTAGA-1,0,enzalutamide
Data32_GSM5155457_GTGTCCTAGGAGTCTG-1,0,enzalutamide
Data32_GSM5155457_GTGTCCTCAGGATCTT-1,0,enzalutamide
Data32_GSM5155457_GTGTCCTCATGCACTA-1,0,enzalutamide
Data32_GSM5155457_GTGTGATAGCAAGTCG-1,0,enzalutamide
Data32_GSM5155457_GTGTGATAGTGCAAAT-1,0,enzalutamide
Data32_GSM5155457_GTGTGATTCGTTCTAT-1,0,enzalutamide
Data32_GSM5155457_GTGTGATTCTGAGGTT-1,0,enzalutamide
Data32_GSM5155457_GTGTGGCAGAGTGACC-1,0,enzalutamide
Data32_GSM5155457_GTGTGGCCATGGTACT-1,0,enzalutamide
Data32_GSM5155457_GTGTTAGCAAGTGACG-1,0,enzalutamide
Data32_GSM5155457_GTGTTAGGTAACATCC-1,0,enzalutamide
Data32_GSM5155457_GTGTTAGGTATTTCCT-1,0,enzalutamide
Data32_GSM5155457_GTGTTAGGTCGCTTGG-1,0,enzalutamide
Data32_GSM5155457_GTGTTAGTCCAAATGC-1,0,enzalutamide
Data32_GSM5155457_GTGTTCCAGTGTAGAT-1,0,enzalutamide
Data32_GSM5155457_GTGTTCCGTAACGCGA-1,0,enzalutamide
Data32_GSM5155457_GTGTTCCGTGTACAGG-1,0,enzalutamide
Data32_GSM5155457_GTTACAGAGCACTCGC-1,0,enzalutamide
Data32_GSM5155457_GTTACAGCAAACGGCA-1,0,enzalutamide
Data32_GSM5155457_GTTACAGCAACTCGTA-1,0,enzalutamide
Data32_GSM5155457_GTTACAGCAGGCTTGC-1,0,enzalutamide
Data32_GSM5155457_GTTACAGGTGAGCAGT-1,0,enzalutamide
Data32_GSM5155457_GTTACCCAGTTCTCTT-1,0,enzalutamide
Data32_GSM5155457_GTTACCCCAGAGTCAG-1,0,enzalutamide
Data32_GSM5155457_GTTACCCCAGTTCACA-1,0,enzalutamide
Data32_GSM5155457_GTTACCCGTGGACCAA-1,0,enzalutamide
Data32_GSM5155457_GTTACCCTCCAAGGGA-1,0,enzalutamide
Data32_GSM5155457_GTTACCCTCGAAGCAG-1,0,enzalutamide
Data32_GSM5155457_GTTACGAAGAGACAAG-1,0,enzalutamide
Data32_GSM5155457_GTTACGAAGCAATTCC-1,0,enzalutamide
Data32_GSM5155457_GTTACGAAGGCGAAGG-1,0,enzalutamide
Data32_GSM5155457_GTTACGAAGTTGCTCA-1,0,enzalutamide
Data32_GSM5155457_GTTACGACAGTGACCC-1,0,enzalutamide
Data32_GSM5155457_GTTAGACAGAGTTGAT-1,0,enzalutamide
Data32_GSM5155457_GTTAGACAGATTAGTG-1,0,enzalutamide
Data32_GSM5155457_GTTAGACAGTGTTCAC-1,0,enzalutamide
Data32_GSM5155457_GTTAGACCACCCGTAG-1,0,enzalutamide
Data32_GSM5155457_GTTAGACCACCTGAAT-1,0,enzalutamide
Data32_GSM5155457_GTTAGACCAGAACGCA-1,0,enzalutamide
Data32_GSM5155457_GTTAGACGTCTCTCTG-1,0,enzalutamide
Data32_GSM5155457_GTTAGACGTCTGTGCG-1,0,enzalutamide
Data32_GSM5155457_GTTAGACTCCACATAG-1,0,enzalutamide
Data32_GSM5155457_GTTAGTGTCCAATCCC-1,0,enzalutamide
Data32_GSM5155457_GTTATGGCACCGTGCA-1,0,enzalutamide
Data32_GSM5155457_GTTATGGGTACAACGG-1,0,enzalutamide
Data32_GSM5155457_GTTATGGGTCACTGAT-1,0,enzalutamide
Data32_GSM5155457_GTTATGGGTCCTACAA-1,0,enzalutamide
Data32_GSM5155457_GTTATGGTCGTGGACC-1,0,enzalutamide
Data32_GSM5155457_GTTATGGTCTTACGTT-1,0,enzalutamide
Data32_GSM5155457_GTTCATTGTGTTTACG-1,0,enzalutamide
Data32_GSM5155457_GTTCATTTCGCTAGCG-1,0,enzalutamide
Data32_GSM5155457_GTTCATTTCGCTTGAA-1,0,enzalutamide
Data32_GSM5155457_GTTCCGTCAATTGTGC-1,0,enzalutamide
Data32_GSM5155457_GTTCCGTCATAGGCGA-1,0,enzalutamide
Data32_GSM5155457_GTTCGCTAGGACTGGT-1,0,enzalutamide
Data32_GSM5155457_GTTCGCTAGTTGCGCC-1,0,enzalutamide
Data32_GSM5155457_GTTCGCTGTATCTCTT-1,0,enzalutamide
Data32_GSM5155457_GTTCGCTTCGATACTG-1,0,enzalutamide
Data32_GSM5155457_GTTCGCTTCTCAGTCC-1,0,enzalutamide
Data32_GSM5155457_GTTCTATAGGAACATT-1,0,enzalutamide
Data32_GSM5155457_GTTCTATGTAACACCT-1,0,enzalutamide
Data32_GSM5155457_GTTCTATGTGGAGGTT-1,0,enzalutamide
Data32_GSM5155457_GTTCTATTCATTGTGG-1,0,enzalutamide
Data32_GSM5155457_GTTGAACAGGCTGAAC-1,0,enzalutamide
Data32_GSM5155457_GTTGAACCAAGCTGTT-1,0,enzalutamide
Data32_GSM5155457_GTTGAACCACAGACGA-1,0,enzalutamide
Data32_GSM5155457_GTTGAACGTACCGGAA-1,0,enzalutamide
Data32_GSM5155457_GTTGAACTCGGTCTGG-1,0,enzalutamide
Data32_GSM5155457_GTTGCGGAGACGCCAA-1,0,enzalutamide
Data32_GSM5155457_GTTGCGGAGCCACCGT-1,0,enzalutamide
Data32_GSM5155457_GTTGCGGAGTTCATGC-1,0,enzalutamide
Data32_GSM5155457_GTTGCGGCAATTGCTG-1,0,enzalutamide
Data32_GSM5155457_GTTGCGGTCTAAGAAG-1,0,enzalutamide
Data32_GSM5155457_GTTGCTCAGTCTTCCC-1,0,enzalutamide
Data32_GSM5155457_GTTGCTCGTAGCGCTC-1,0,enzalutamide
Data32_GSM5155457_GTTGCTCGTCCTCCAT-1,0,enzalutamide
Data32_GSM5155457_GTTGCTCGTCGGTGTC-1,0,enzalutamide
Data32_GSM5155457_GTTGCTCGTGGCTAGA-1,0,enzalutamide
Data32_GSM5155457_GTTGCTCTCGAAGGAC-1,0,enzalutamide
Data32_GSM5155457_GTTGCTCTCGTTACCC-1,0,enzalutamide
Data32_GSM5155457_GTTGTAGCAAGCGCTC-1,0,enzalutamide
Data32_GSM5155457_GTTGTAGCACCGGCTA-1,0,enzalutamide
Data32_GSM5155457_GTTGTAGCAGGGTTGA-1,0,enzalutamide
Data32_GSM5155457_GTTGTAGGTCGTTATG-1,0,enzalutamide
Data32_GSM5155457_GTTGTAGTCACACGAT-1,0,enzalutamide
Data32_GSM5155457_GTTGTAGTCATGTCAG-1,0,enzalutamide
Data32_GSM5155457_GTTGTAGTCCGATGTA-1,0,enzalutamide
Data32_GSM5155457_GTTGTAGTCGTTATCT-1,0,enzalutamide
Data32_GSM5155457_GTTGTCCAGACTGAGC-1,0,enzalutamide
Data32_GSM5155457_GTTGTCCAGTCATCCA-1,0,enzalutamide
Data32_GSM5155457_GTTGTCCCAACCCTCT-1,0,enzalutamide
Data32_GSM5155457_GTTGTCCCAGAGTTCT-1,0,enzalutamide
Data32_GSM5155457_GTTGTCCTCGACCTAA-1,0,enzalutamide
Data32_GSM5155457_GTTGTCCTCTTTCCAA-1,0,enzalutamide
Data32_GSM5155457_GTTGTGAAGACCATGG-1,0,enzalutamide
Data32_GSM5155457_GTTGTGACAAGCACAG-1,0,enzalutamide
Data32_GSM5155457_GTTGTGACACATCATG-1,0,enzalutamide
Data32_GSM5155457_GTTGTGAGTTCCGCTT-1,0,enzalutamide
Data32_GSM5155457_GTTGTGATCCAAGCCG-1,0,enzalutamide
Data32_GSM5155457_GTTGTGATCGAGTCTA-1,0,enzalutamide
Data32_GSM5155457_GTTTACTAGTGGAAGA-1,0,enzalutamide
Data32_GSM5155457_GTTTACTCATCCGAAT-1,0,enzalutamide
Data32_GSM5155457_GTTTACTGTCATACCA-1,0,enzalutamide
Data32_GSM5155457_GTTTACTGTGAAAGTT-1,0,enzalutamide
Data32_GSM5155457_GTTTACTGTGGATCAG-1,0,enzalutamide
Data32_GSM5155457_GTTTACTTCAGTCAGT-1,0,enzalutamide
Data32_GSM5155457_GTTTGGAAGGTTCACT-1,0,enzalutamide
Data32_GSM5155457_GTTTGGAAGTAGTGCG-1,0,enzalutamide
Data32_GSM5155457_GTTTGGAAGTTGGCGA-1,0,enzalutamide
Data32_GSM5155457_GTTTGGACAAAGAACT-1,0,enzalutamide
Data32_GSM5155457_GTTTGGACAATGTTGC-1,0,enzalutamide
Data32_GSM5155457_GTTTGGATCTAGATCG-1,0,enzalutamide
Data32_GSM5155457_TAACACGGTGGACTGA-1,0,enzalutamide
Data32_GSM5155457_TAACACGGTGTACGCC-1,0,enzalutamide
Data32_GSM5155457_TAACACGTCATGAGGG-1,0,enzalutamide
Data32_GSM5155457_TAACACGTCGAGCACC-1,0,enzalutamide
Data32_GSM5155457_TAACCAGCAACCGGAA-1,0,enzalutamide
Data32_GSM5155457_TAACCAGCACACCTTC-1,0,enzalutamide
Data32_GSM5155457_TAACCAGCATTCAGCA-1,0,enzalutamide
Data32_GSM5155457_TAACGACAGGTCGTAG-1,0,enzalutamide
Data32_GSM5155457_TAACGACCAATCGCCG-1,0,enzalutamide
Data32_GSM5155457_TAACGACCACACGTGC-1,0,enzalutamide
Data32_GSM5155457_TAACGACGTGGGTATG-1,0,enzalutamide
Data32_GSM5155457_TAACGACTCGGTCTGG-1,0,enzalutamide
Data32_GSM5155457_TAACGACTCGTTGCCT-1,0,enzalutamide
Data32_GSM5155457_TAACTTCCAAGTATCC-1,0,enzalutamide
Data32_GSM5155457_TAACTTCCACTGGATT-1,0,enzalutamide
Data32_GSM5155457_TAACTTCCAGGCCTGT-1,0,enzalutamide
Data32_GSM5155457_TAACTTCCAGTGTATC-1,0,enzalutamide
Data32_GSM5155457_TAACTTCCATCGTTCC-1,0,enzalutamide
Data32_GSM5155457_TAACTTCCATGGCTGC-1,0,enzalutamide
Data32_GSM5155457_TAACTTCGTCCAGTTA-1,0,enzalutamide
Data32_GSM5155457_TAACTTCTCAAACTGC-1,0,enzalutamide
Data32_GSM5155457_TAACTTCTCAGGTGTT-1,0,enzalutamide
Data32_GSM5155457_TAAGCACAGTCCCAAT-1,0,enzalutamide
Data32_GSM5155457_TAAGCACCAGGTGGAT-1,0,enzalutamide
Data32_GSM5155457_TAAGCCAAGTTGAATG-1,0,enzalutamide
Data32_GSM5155457_TAAGCCACAAGCTGTT-1,0,enzalutamide
Data32_GSM5155457_TAAGCCACAGAGCTAG-1,0,enzalutamide
Data32_GSM5155457_TAAGCCACATTCTTCA-1,0,enzalutamide
Data32_GSM5155457_TAAGCCAGTCCACACG-1,0,enzalutamide
Data32_GSM5155457_TAAGCCATCTTTCGAT-1,0,enzalutamide
Data32_GSM5155457_TAAGCGTCACCCTTGT-1,0,enzalutamide
Data32_GSM5155457_TAAGCGTCAGCAGAAC-1,0,enzalutamide
Data32_GSM5155457_TAAGTCGAGGTGCGAT-1,0,enzalutamide
Data32_GSM5155457_TAAGTCGGTAGGTTTC-1,0,enzalutamide
Data32_GSM5155457_TAAGTCGGTCCACGCA-1,0,enzalutamide
Data32_GSM5155457_TAAGTCGGTTCGCGTG-1,0,enzalutamide
Data32_GSM5155457_TAAGTCGGTTGTATGC-1,0,enzalutamide
Data32_GSM5155457_TAAGTCGTCATACGGT-1,0,enzalutamide
Data32_GSM5155457_TAAGTCGTCCCAGGCA-1,0,enzalutamide
Data32_GSM5155457_TAAGTCGTCCCGAGTG-1,0,enzalutamide
Data32_GSM5155457_TAATCTCCATCATCCC-1,0,enzalutamide
Data32_GSM5155457_TAATCTCCATCCGAGC-1,0,enzalutamide
Data32_GSM5155457_TAATCTCCATCTCATT-1,0,enzalutamide
Data32_GSM5155457_TAATCTCTCGAACTCA-1,0,enzalutamide
Data32_GSM5155457_TAATTCCAGATTCGAA-1,0,enzalutamide
Data32_GSM5155457_TAATTCCAGTCTGTAC-1,0,enzalutamide
Data32_GSM5155457_TAATTCCCACGCACCA-1,0,enzalutamide
Data32_GSM5155457_TAATTCCCAGGCGATA-1,0,enzalutamide
Data32_GSM5155457_TAATTCCCAGGCTCTG-1,0,enzalutamide
Data32_GSM5155457_TAATTCCCATAGATCC-1,0,enzalutamide
Data32_GSM5155457_TAATTCCGTATCAGCT-1,0,enzalutamide
Data32_GSM5155457_TAATTCCGTGCCTTCT-1,0,enzalutamide
Data32_GSM5155457_TAATTCCTCGTGCACG-1,0,enzalutamide
Data32_GSM5155457_TACAACGGTGTTAACC-1,0,enzalutamide
Data32_GSM5155457_TACAACGGTTAGGCTT-1,0,enzalutamide
Data32_GSM5155457_TACACCCAGGTGAGCT-1,0,enzalutamide
Data32_GSM5155457_TACACCCGTACGGGAT-1,0,enzalutamide
Data32_GSM5155457_TACACCCTCATCGCTC-1,0,enzalutamide
Data32_GSM5155457_TACACCCTCGTTACCC-1,0,enzalutamide
Data32_GSM5155457_TACAGGTCAACGGTAG-1,0,enzalutamide
Data32_GSM5155457_TACAGGTGTGGACCAA-1,0,enzalutamide
Data32_GSM5155457_TACAGGTTCTCCGTGT-1,0,enzalutamide
Data32_GSM5155457_TACAGGTTCTGTGCTC-1,0,enzalutamide
Data32_GSM5155457_TACATTCAGCTTCGTA-1,0,enzalutamide
Data32_GSM5155457_TACATTCCAGCCTATA-1,0,enzalutamide
Data32_GSM5155457_TACATTCCAGCGTTTA-1,0,enzalutamide
Data32_GSM5155457_TACATTCGTCGTATGT-1,0,enzalutamide
Data32_GSM5155457_TACATTCTCCATATGG-1,0,enzalutamide
Data32_GSM5155457_TACATTCTCTCTAGGA-1,0,enzalutamide
Data32_GSM5155457_TACCCACAGACATAAC-1,0,enzalutamide
Data32_GSM5155457_TACCCACCAAAGGCGT-1,0,enzalutamide
Data32_GSM5155457_TACCCACCAATTGCTG-1,0,enzalutamide
Data32_GSM5155457_TACCCACCAGACAATA-1,0,enzalutamide
Data32_GSM5155457_TACCCACCAGGGAGAG-1,0,enzalutamide
Data32_GSM5155457_TACCCACTCATTCGTT-1,0,enzalutamide
Data32_GSM5155457_TACCCACTCTTGGCTC-1,0,enzalutamide
Data32_GSM5155457_TACCCGTCAAACTAAG-1,0,enzalutamide
Data32_GSM5155457_TACCCGTCAAGCAGGT-1,0,enzalutamide
Data32_GSM5155457_TACCCGTCACACACGC-1,0,enzalutamide
Data32_GSM5155457_TACCCGTTCCAAACCA-1,0,enzalutamide
Data32_GSM5155457_TACCCGTTCTGTCTCG-1,0,enzalutamide
Data32_GSM5155457_TACCGAAAGGAAAGTG-1,0,enzalutamide
Data32_GSM5155457_TACCGAACATGACTGT-1,0,enzalutamide
Data32_GSM5155457_TACCGAAGTTTACCAG-1,0,enzalutamide
Data32_GSM5155457_TACCGAATCTATGCCC-1,0,enzalutamide
Data32_GSM5155457_TACCGGGCAATCGCAT-1,0,enzalutamide
Data32_GSM5155457_TACCGGGCACCCTAGG-1,0,enzalutamide
Data32_GSM5155457_TACCGGGTCTAACACG-1,0,enzalutamide
Data32_GSM5155457_TACCTCGAGAAGGGAT-1,0,enzalutamide
Data32_GSM5155457_TACCTCGAGACGACGT-1,0,enzalutamide
Data32_GSM5155457_TACCTCGAGGTGGCTA-1,0,enzalutamide
Data32_GSM5155457_TACCTCGCATACCAGT-1,0,enzalutamide
Data32_GSM5155457_TACCTCGGTCGCATCG-1,0,enzalutamide
Data32_GSM5155457_TACCTCGTCCCTCTCC-1,0,enzalutamide
Data32_GSM5155457_TACCTCGTCGCTCATC-1,0,enzalutamide
Data32_GSM5155457_TACCTGCAGCCAAGGT-1,0,enzalutamide
Data32_GSM5155457_TACCTGCAGCGAGTAC-1,0,enzalutamide
Data32_GSM5155457_TACCTGCCACGTACTA-1,0,enzalutamide
Data32_GSM5155457_TACCTGCCATCCGAAT-1,0,enzalutamide
Data32_GSM5155457_TACCTGCCATCGAAGG-1,0,enzalutamide
Data32_GSM5155457_TACCTGCTCTTAATCC-1,0,enzalutamide
Data32_GSM5155457_TACGCTCCATGCCGAC-1,0,enzalutamide
Data32_GSM5155457_TACGCTCCATTGCTGA-1,0,enzalutamide
Data32_GSM5155457_TACGCTCGTAGAATGT-1,0,enzalutamide
Data32_GSM5155457_TACGCTCTCACCTCTG-1,0,enzalutamide
Data32_GSM5155457_TACGCTCTCGGACTGC-1,0,enzalutamide
Data32_GSM5155457_TACGGGCAGGTAGTAT-1,0,enzalutamide
Data32_GSM5155457_TACGGGCCACCCTGTT-1,0,enzalutamide
Data32_GSM5155457_TACGGGCTCTGTCGTC-1,0,enzalutamide
Data32_GSM5155457_TACGGTAAGAGAGGTA-1,0,enzalutamide
Data32_GSM5155457_TACGGTACATAGATCC-1,0,enzalutamide
Data32_GSM5155457_TACGGTATCGTGCATA-1,0,enzalutamide
Data32_GSM5155457_TACGTCCAGGTTAGTA-1,0,enzalutamide
Data32_GSM5155457_TACGTCCTCACTGATG-1,0,enzalutamide
Data32_GSM5155457_TACTGCCAGAGCAAGA-1,0,enzalutamide
Data32_GSM5155457_TACTGCCCACAGCTTA-1,0,enzalutamide
Data32_GSM5155457_TACTGCCGTATTGACC-1,0,enzalutamide
Data32_GSM5155457_TACTGCCTCGCCTAGG-1,0,enzalutamide
Data32_GSM5155457_TACTTACAGAGACAAG-1,0,enzalutamide
Data32_GSM5155457_TACTTACAGTATTAGG-1,0,enzalutamide
Data32_GSM5155457_TACTTACGTGTAAATG-1,0,enzalutamide
Data32_GSM5155457_TACTTACTCCATAAGC-1,0,enzalutamide
Data32_GSM5155457_TACTTACTCCCATTCG-1,0,enzalutamide
Data32_GSM5155457_TACTTACTCCGATCGG-1,0,enzalutamide
Data32_GSM5155457_TACTTACTCGACCACG-1,0,enzalutamide
Data32_GSM5155457_TACTTACTCGATCCCT-1,0,enzalutamide
Data32_GSM5155457_TACTTCAAGCTTACGT-1,0,enzalutamide
Data32_GSM5155457_TACTTCACAGAGACTG-1,0,enzalutamide
Data32_GSM5155457_TACTTCATCGTTACCC-1,0,enzalutamide
Data32_GSM5155457_TACTTGTAGACTCATC-1,0,enzalutamide
Data32_GSM5155457_TACTTGTAGTAGCCAG-1,0,enzalutamide
Data32_GSM5155457_TACTTGTAGTATTGCC-1,0,enzalutamide
Data32_GSM5155457_TACTTGTGTTCCGTTC-1,0,enzalutamide
Data32_GSM5155457_TACTTGTTCTTACCAT-1,0,enzalutamide
Data32_GSM5155457_TAGACCACACTTTATC-1,0,enzalutamide
Data32_GSM5155457_TAGACCAGTCATAGTC-1,0,enzalutamide
Data32_GSM5155457_TAGACCAGTTCTCTCG-1,0,enzalutamide
Data32_GSM5155457_TAGACTGCAAGGCAAC-1,0,enzalutamide
Data32_GSM5155457_TAGACTGCACAACGAG-1,0,enzalutamide
Data32_GSM5155457_TAGACTGCACTACACA-1,0,enzalutamide
Data32_GSM5155457_TAGACTGCATTGCCTC-1,0,enzalutamide
Data32_GSM5155457_TAGACTGGTAGACAGC-1,0,enzalutamide
Data32_GSM5155457_TAGACTGGTGCGCTCA-1,0,enzalutamide
Data32_GSM5155457_TAGACTGGTGTGTGGA-1,0,enzalutamide
Data32_GSM5155457_TAGACTGTCAACTTTC-1,0,enzalutamide
Data32_GSM5155457_TAGACTGTCCCAAGCG-1,0,enzalutamide
Data32_GSM5155457_TAGAGTCAGCGACTAG-1,0,enzalutamide
Data32_GSM5155457_TAGAGTCAGCTACTGT-1,0,enzalutamide
Data32_GSM5155457_TAGAGTCAGGTCGTCC-1,0,enzalutamide
Data32_GSM5155457_TAGAGTCAGTTGCATC-1,0,enzalutamide
Data32_GSM5155457_TAGAGTCCAAGTATCC-1,0,enzalutamide
Data32_GSM5155457_TAGAGTCCACTGAGTT-1,0,enzalutamide
Data32_GSM5155457_TAGAGTCCATCATCTT-1,0,enzalutamide
Data32_GSM5155457_TAGAGTCGTATCCTCC-1,0,enzalutamide
Data32_GSM5155457_TAGAGTCGTTCCTAAG-1,0,enzalutamide
Data32_GSM5155457_TAGAGTCTCCTCGCAT-1,0,enzalutamide
Data32_GSM5155457_TAGAGTCTCTCCGAGG-1,0,enzalutamide
Data32_GSM5155457_TAGAGTCTCTGCCCTA-1,0,enzalutamide
Data32_GSM5155457_TAGATCGCAGCCTTCT-1,0,enzalutamide
Data32_GSM5155457_TAGATCGCATAGCACT-1,0,enzalutamide
Data32_GSM5155457_TAGATCGGTTCCGGTG-1,0,enzalutamide
Data32_GSM5155457_TAGATCGTCGTTCCCA-1,0,enzalutamide
Data32_GSM5155457_TAGCACAAGTCCTACA-1,0,enzalutamide
Data32_GSM5155457_TAGCACACAAACCATC-1,0,enzalutamide
Data32_GSM5155457_TAGCACACAAGACTGG-1,0,enzalutamide
Data32_GSM5155457_TAGCACAGTAGGTACG-1,0,enzalutamide
Data32_GSM5155457_TAGCACATCAAGCCGC-1,0,enzalutamide
Data32_GSM5155457_TAGGAGGAGTGTAGAT-1,0,enzalutamide
Data32_GSM5155457_TAGGAGGAGTTCAACC-1,0,enzalutamide
Data32_GSM5155457_TAGGAGGCACTCGATA-1,0,enzalutamide
Data32_GSM5155457_TAGGAGGCACTTCTCG-1,0,enzalutamide
Data32_GSM5155457_TAGGAGGCAGAGGTAC-1,0,enzalutamide
Data32_GSM5155457_TAGGAGGCATTGCCTC-1,0,enzalutamide
Data32_GSM5155457_TAGGAGGTCCTCACGT-1,0,enzalutamide
Data32_GSM5155457_TAGGAGGTCGCTCTCA-1,0,enzalutamide
Data32_GSM5155457_TAGGGTTCACGACTAT-1,0,enzalutamide
Data32_GSM5155457_TAGGTACGTCTCAGGC-1,0,enzalutamide
Data32_GSM5155457_TAGGTACGTGGCTGCT-1,0,enzalutamide
Data32_GSM5155457_TAGGTACTCGCTCTAC-1,0,enzalutamide
Data32_GSM5155457_TAGGTTGCAGCAAGAC-1,0,enzalutamide
Data32_GSM5155457_TAGGTTGGTCAGCGTC-1,0,enzalutamide
Data32_GSM5155457_TATACCTCATAAGCGG-1,0,enzalutamide
Data32_GSM5155457_TATACCTTCGCCGAAC-1,0,enzalutamide
Data32_GSM5155457_TATATCCAGCAATTAG-1,0,enzalutamide
Data32_GSM5155457_TATATCCAGTAATCCC-1,0,enzalutamide
Data32_GSM5155457_TATATCCCAAACACCT-1,0,enzalutamide
Data32_GSM5155457_TATATCCCACATATCG-1,0,enzalutamide
Data32_GSM5155457_TATATCCCACGTTGGC-1,0,enzalutamide
Data32_GSM5155457_TATATCCGTCCAGCGT-1,0,enzalutamide
Data32_GSM5155457_TATATCCGTGCGAACA-1,0,enzalutamide
Data32_GSM5155457_TATATCCGTGGAGGTT-1,0,enzalutamide
Data32_GSM5155457_TATATCCTCGGTTGTA-1,0,enzalutamide
Data32_GSM5155457_TATATCCTCTGGAGAG-1,0,enzalutamide
Data32_GSM5155457_TATCAGGAGATTGTGA-1,0,enzalutamide
Data32_GSM5155457_TATCAGGCAGACGCTC-1,0,enzalutamide
Data32_GSM5155457_TATCAGGCAGCAGTTT-1,0,enzalutamide
Data32_GSM5155457_TATCAGGCATTCAGCA-1,0,enzalutamide
Data32_GSM5155457_TATCCTAGTTCCTAAG-1,0,enzalutamide
Data32_GSM5155457_TATCCTATCCAACCGG-1,0,enzalutamide
Data32_GSM5155457_TATCGCCAGTCATCCA-1,0,enzalutamide
Data32_GSM5155457_TATCGCCCAACCGCCA-1,0,enzalutamide
Data32_GSM5155457_TATCGCCGTCTACATG-1,0,enzalutamide
Data32_GSM5155457_TATCTGTCATCCCACT-1,0,enzalutamide
Data32_GSM5155457_TATCTGTCATTCCTCG-1,0,enzalutamide
Data32_GSM5155457_TATCTGTGTACCATAC-1,0,enzalutamide
Data32_GSM5155457_TATCTGTGTCTCTCAC-1,0,enzalutamide
Data32_GSM5155457_TATCTGTGTTAGAGTA-1,0,enzalutamide
Data32_GSM5155457_TATCTTGAGTGCCTCG-1,0,enzalutamide
Data32_GSM5155457_TATCTTGCACTGGAAG-1,0,enzalutamide
Data32_GSM5155457_TATCTTGCAGGGAGAG-1,0,enzalutamide
Data32_GSM5155457_TATCTTGGTATTTCTC-1,0,enzalutamide
Data32_GSM5155457_TATCTTGTCGTACACA-1,0,enzalutamide
Data32_GSM5155457_TATGTTCAGGGTATAT-1,0,enzalutamide
Data32_GSM5155457_TATGTTCGTATGTCTG-1,0,enzalutamide
Data32_GSM5155457_TATGTTCGTCGCATCG-1,0,enzalutamide
Data32_GSM5155457_TATGTTCTCGGACCAC-1,0,enzalutamide
Data32_GSM5155457_TATTCCAAGACTCAAA-1,0,enzalutamide
Data32_GSM5155457_TATTCCACACGGTAGA-1,0,enzalutamide
Data32_GSM5155457_TATTCCAGTTGCATGT-1,0,enzalutamide
Data32_GSM5155457_TATTCCAGTTGGTGTT-1,0,enzalutamide
Data32_GSM5155457_TATTCCATCCGGACGT-1,0,enzalutamide
Data32_GSM5155457_TATTCCATCTAACGGT-1,0,enzalutamide
Data32_GSM5155457_TATTGCTCACCAATTG-1,0,enzalutamide
Data32_GSM5155457_TATTGCTGTGGGTATG-1,0,enzalutamide
Data32_GSM5155457_TATTGCTTCATTTGGG-1,0,enzalutamide
Data32_GSM5155457_TATTGGGCAGTTAAAG-1,0,enzalutamide
Data32_GSM5155457_TATTGGGGTCAGGTAG-1,0,enzalutamide
Data32_GSM5155457_TATTGGGGTGGACAGT-1,0,enzalutamide
Data32_GSM5155457_TATTGGGGTTCCAAAC-1,0,enzalutamide
Data32_GSM5155457_TATTGGGTCAAGTTGC-1,0,enzalutamide
Data32_GSM5155457_TATTGGGTCCGTACGG-1,0,enzalutamide
Data32_GSM5155457_TATTGGGTCTTGCGCT-1,0,enzalutamide
Data32_GSM5155457_TATTTCGGTGAATGAT-1,0,enzalutamide
Data32_GSM5155457_TATTTCGGTGGCCTCA-1,0,enzalutamide
Data32_GSM5155457_TATTTCGGTTAAGTCC-1,0,enzalutamide
Data32_GSM5155457_TATTTCGTCCATGATG-1,0,enzalutamide
Data32_GSM5155457_TCAAGACCAAAGCACG-1,0,enzalutamide
Data32_GSM5155457_TCAAGACCACTAGGTT-1,0,enzalutamide
Data32_GSM5155457_TCAAGACGTAGTAAGT-1,0,enzalutamide
Data32_GSM5155457_TCAAGACGTGGGCTCT-1,0,enzalutamide
Data32_GSM5155457_TCAAGACTCCGAGAAG-1,0,enzalutamide
Data32_GSM5155457_TCAAGCAAGCCTAACT-1,0,enzalutamide
Data32_GSM5155457_TCAAGCAAGCGCTGAA-1,0,enzalutamide
Data32_GSM5155457_TCAAGCAAGGTGAGCT-1,0,enzalutamide
Data32_GSM5155457_TCAAGCACAATGTCAC-1,0,enzalutamide
Data32_GSM5155457_TCAAGCACACAAATGA-1,0,enzalutamide
Data32_GSM5155457_TCAAGCAGTAATCAAG-1,0,enzalutamide
Data32_GSM5155457_TCAAGCAGTAGAGATT-1,0,enzalutamide
Data32_GSM5155457_TCAAGCATCCGATTAG-1,0,enzalutamide
Data32_GSM5155457_TCAAGCATCTAAACGC-1,0,enzalutamide
Data32_GSM5155457_TCAAGTGAGACCATTC-1,0,enzalutamide
Data32_GSM5155457_TCAAGTGAGTAACCTC-1,0,enzalutamide
Data32_GSM5155457_TCAAGTGGTAATGCGG-1,0,enzalutamide
Data32_GSM5155457_TCAAGTGGTCAAGCCC-1,0,enzalutamide
Data32_GSM5155457_TCAAGTGGTGCGCTCA-1,0,enzalutamide
Data32_GSM5155457_TCAATCTAGCACAAAT-1,0,enzalutamide
Data32_GSM5155457_TCAATCTAGCACTAAA-1,0,enzalutamide
Data32_GSM5155457_TCAATCTAGGCGATAC-1,0,enzalutamide
Data32_GSM5155457_TCAATCTAGGTAAGTT-1,0,enzalutamide
Data32_GSM5155457_TCAATCTCACTTGGGC-1,0,enzalutamide
Data32_GSM5155457_TCAATCTCAGTCTTCC-1,0,enzalutamide
Data32_GSM5155457_TCAATCTGTAGTGCGA-1,0,enzalutamide
Data32_GSM5155457_TCAATCTTCCCGAATA-1,0,enzalutamide
Data32_GSM5155457_TCAATCTTCCTGTTGC-1,0,enzalutamide
Data32_GSM5155457_TCAATTCCAAATGAGT-1,0,enzalutamide
Data32_GSM5155457_TCAATTCCAATTGCAC-1,0,enzalutamide
Data32_GSM5155457_TCAATTCCATTCAGGT-1,0,enzalutamide
Data32_GSM5155457_TCAATTCGTAACGCGA-1,0,enzalutamide
Data32_GSM5155457_TCAATTCGTACAAGCG-1,0,enzalutamide
Data32_GSM5155457_TCAATTCGTCTGTGTA-1,0,enzalutamide
Data32_GSM5155457_TCACAAGCAAATTGCC-1,0,enzalutamide
Data32_GSM5155457_TCACAAGCACTGGATT-1,0,enzalutamide
Data32_GSM5155457_TCACACCAGAAGCCTG-1,0,enzalutamide
Data32_GSM5155457_TCACACCAGAGAGTTT-1,0,enzalutamide
Data32_GSM5155457_TCACACCAGATGATTG-1,0,enzalutamide
Data32_GSM5155457_TCACACCGTGTATCCA-1,0,enzalutamide
Data32_GSM5155457_TCACACCTCAGCAATC-1,0,enzalutamide
Data32_GSM5155457_TCACACCTCCAGTACA-1,0,enzalutamide
Data32_GSM5155457_TCACATTAGAGGATGA-1,0,enzalutamide
Data32_GSM5155457_TCACATTAGGTTACAA-1,0,enzalutamide
Data32_GSM5155457_TCACATTGTAGTGTGG-1,0,enzalutamide
Data32_GSM5155457_TCACATTGTATGCGTT-1,0,enzalutamide
Data32_GSM5155457_TCACATTGTCTAGATC-1,0,enzalutamide
Data32_GSM5155457_TCACATTTCAACCTCC-1,0,enzalutamide
Data32_GSM5155457_TCACGCTAGAGAATCT-1,0,enzalutamide
Data32_GSM5155457_TCACGCTAGGTCCAGA-1,0,enzalutamide
Data32_GSM5155457_TCACGCTAGGTGAGCT-1,0,enzalutamide
Data32_GSM5155457_TCACGGGAGATGGGCT-1,0,enzalutamide
Data32_GSM5155457_TCACGGGAGGTAAGGA-1,0,enzalutamide
Data32_GSM5155457_TCACGGGCAGAGCCCT-1,0,enzalutamide
Data32_GSM5155457_TCACGGGTCATATGGC-1,0,enzalutamide
Data32_GSM5155457_TCACTATAGCAAATGT-1,0,enzalutamide
Data32_GSM5155457_TCACTATGTTTACGTG-1,0,enzalutamide
Data32_GSM5155457_TCACTCGAGCATATGA-1,0,enzalutamide
Data32_GSM5155457_TCACTCGAGCATTGTC-1,0,enzalutamide
Data32_GSM5155457_TCACTCGAGCCGCACT-1,0,enzalutamide
Data32_GSM5155457_TCACTCGGTCGGTGTC-1,0,enzalutamide
Data32_GSM5155457_TCACTCGGTGCCGGTT-1,0,enzalutamide
Data32_GSM5155457_TCACTCGTCCAGGACC-1,0,enzalutamide
Data32_GSM5155457_TCACTCGTCTGCATGA-1,0,enzalutamide
Data32_GSM5155457_TCAGCAACATCGCCTT-1,0,enzalutamide
Data32_GSM5155457_TCAGCAATCCTTCTAA-1,0,enzalutamide
Data32_GSM5155457_TCAGCCTAGTTCCATG-1,0,enzalutamide
Data32_GSM5155457_TCAGCCTCAGATACTC-1,0,enzalutamide
Data32_GSM5155457_TCAGCCTGTCTACGAT-1,0,enzalutamide
Data32_GSM5155457_TCAGCCTTCTCGTTTA-1,0,enzalutamide
Data32_GSM5155457_TCAGGGCAGTCACTGT-1,0,enzalutamide
Data32_GSM5155457_TCAGGGCCAACAAGAT-1,0,enzalutamide
Data32_GSM5155457_TCAGGGCCACGACGTC-1,0,enzalutamide
Data32_GSM5155457_TCAGGGCCACGTCGTG-1,0,enzalutamide
Data32_GSM5155457_TCAGGGCGTCGTGGAA-1,0,enzalutamide
Data32_GSM5155457_TCAGGGCGTTAGGCCC-1,0,enzalutamide
Data32_GSM5155457_TCAGGGCTCGAACCTA-1,0,enzalutamide
Data32_GSM5155457_TCAGGGCTCGAGTACT-1,0,enzalutamide
Data32_GSM5155457_TCAGGTAAGGACGGAG-1,0,enzalutamide
Data32_GSM5155457_TCAGGTAAGTCTACCA-1,0,enzalutamide
Data32_GSM5155457_TCAGGTAAGTCTGCGC-1,0,enzalutamide
Data32_GSM5155457_TCAGGTACAAGTGGCA-1,0,enzalutamide
Data32_GSM5155457_TCAGGTACAGTCAGAG-1,0,enzalutamide
Data32_GSM5155457_TCAGGTAGTATCCTTT-1,0,enzalutamide
Data32_GSM5155457_TCAGGTAGTCCGAAAG-1,0,enzalutamide
Data32_GSM5155457_TCAGGTAGTGCTGCAC-1,0,enzalutamide
Data32_GSM5155457_TCAGGTATCTTTCCAA-1,0,enzalutamide
Data32_GSM5155457_TCAGTCCAGAGTACCG-1,0,enzalutamide
Data32_GSM5155457_TCAGTCCCAAACGAGC-1,0,enzalutamide
Data32_GSM5155457_TCAGTCCTCGTGGAAG-1,0,enzalutamide
Data32_GSM5155457_TCAGTGAAGGTAGATT-1,0,enzalutamide
Data32_GSM5155457_TCAGTGAAGTCTGGAG-1,0,enzalutamide
Data32_GSM5155457_TCAGTGACACCGTCTT-1,0,enzalutamide
Data32_GSM5155457_TCAGTGACACGACCTG-1,0,enzalutamide
Data32_GSM5155457_TCAGTGAGTGAATAAC-1,0,enzalutamide
Data32_GSM5155457_TCAGTGAGTTAGGGTG-1,0,enzalutamide
Data32_GSM5155457_TCAGTGATCGATCCAA-1,0,enzalutamide
Data32_GSM5155457_TCAGTTTTCCGAAATC-1,0,enzalutamide
Data32_GSM5155457_TCAGTTTTCTGCACCT-1,0,enzalutamide
Data32_GSM5155457_TCATACTAGAATCTAG-1,0,enzalutamide
Data32_GSM5155457_TCATACTAGACCTCCG-1,0,enzalutamide
Data32_GSM5155457_TCATACTAGGGAGATA-1,0,enzalutamide
Data32_GSM5155457_TCATACTGTCAACATC-1,0,enzalutamide
Data32_GSM5155457_TCATACTGTCGCACAC-1,0,enzalutamide
Data32_GSM5155457_TCATACTGTTCGTTCC-1,0,enzalutamide
Data32_GSM5155457_TCATACTGTTGCTAGT-1,0,enzalutamide
Data32_GSM5155457_TCATATCAGGCTCTAT-1,0,enzalutamide
Data32_GSM5155457_TCATATCGTGATTGGG-1,0,enzalutamide
Data32_GSM5155457_TCATCATAGGTAACTA-1,0,enzalutamide
Data32_GSM5155457_TCATCATAGTAGAATC-1,0,enzalutamide
Data32_GSM5155457_TCATCATCATTAGGCT-1,0,enzalutamide
Data32_GSM5155457_TCATCATGTCCAGCGT-1,0,enzalutamide
Data32_GSM5155457_TCATCATGTGATATAG-1,0,enzalutamide
Data32_GSM5155457_TCATCATGTGTTTGCA-1,0,enzalutamide
Data32_GSM5155457_TCATCATGTTCCACAA-1,0,enzalutamide
Data32_GSM5155457_TCATCCGGTAGGTTTC-1,0,enzalutamide
Data32_GSM5155457_TCATCCGGTGAGTTGG-1,0,enzalutamide
Data32_GSM5155457_TCATCCGTCACTGGTA-1,0,enzalutamide
Data32_GSM5155457_TCATGAGAGGGTTAGC-1,0,enzalutamide
Data32_GSM5155457_TCATGAGGTTGTACGT-1,0,enzalutamide
Data32_GSM5155457_TCATGCCAGCAACAGC-1,0,enzalutamide
Data32_GSM5155457_TCATGCCCAAGCCCAC-1,0,enzalutamide
Data32_GSM5155457_TCATGCCCAGTTTGGT-1,0,enzalutamide
Data32_GSM5155457_TCATGCCGTCCACACG-1,0,enzalutamide
Data32_GSM5155457_TCATGCCGTTTATGCG-1,0,enzalutamide
Data32_GSM5155457_TCATGCCTCGCATTAG-1,0,enzalutamide
Data32_GSM5155457_TCATGCCTCGGACAAG-1,0,enzalutamide
Data32_GSM5155457_TCATGCCTCTCTAGGA-1,0,enzalutamide
Data32_GSM5155457_TCATGGACACTCCTGT-1,0,enzalutamide
Data32_GSM5155457_TCATGGACAGATTAAG-1,0,enzalutamide
Data32_GSM5155457_TCATGGAGTAGTCCTA-1,0,enzalutamide
Data32_GSM5155457_TCATGGAGTAGTTAGA-1,0,enzalutamide
Data32_GSM5155457_TCATGGATCCCGGTAG-1,0,enzalutamide
Data32_GSM5155457_TCATGTTAGCTTGTTG-1,0,enzalutamide
Data32_GSM5155457_TCATGTTCACTTACAG-1,0,enzalutamide
Data32_GSM5155457_TCATGTTGTTCAACGT-1,0,enzalutamide
Data32_GSM5155457_TCATGTTGTTTACGAC-1,0,enzalutamide
Data32_GSM5155457_TCATGTTTCAGTGCGC-1,0,enzalutamide
Data32_GSM5155457_TCATGTTTCCACTAGA-1,0,enzalutamide
Data32_GSM5155457_TCATTACAGTAGGTTA-1,0,enzalutamide
Data32_GSM5155457_TCATTACCACGCACCA-1,0,enzalutamide
Data32_GSM5155457_TCATTACTCCGCATAA-1,0,enzalutamide
Data32_GSM5155457_TCATTACTCTTCCGTG-1,0,enzalutamide
Data32_GSM5155457_TCATTCATCTAGCCAA-1,0,enzalutamide
Data32_GSM5155457_TCATTCATCTGTTGGA-1,0,enzalutamide
Data32_GSM5155457_TCATTGTAGGCGAAGG-1,0,enzalutamide
Data32_GSM5155457_TCATTGTCAACCCTCT-1,0,enzalutamide
Data32_GSM5155457_TCATTGTCAATCCAGT-1,0,enzalutamide
Data32_GSM5155457_TCATTGTCAGAGGTAC-1,0,enzalutamide
Data32_GSM5155457_TCATTGTTCGGAAGGT-1,0,enzalutamide
Data32_GSM5155457_TCATTTGCACCCGTAG-1,0,enzalutamide
Data32_GSM5155457_TCATTTGGTAGGGTAC-1,0,enzalutamide
Data32_GSM5155457_TCATTTGGTTACACAC-1,0,enzalutamide
Data32_GSM5155457_TCATTTGGTTCTCCAC-1,0,enzalutamide
Data32_GSM5155457_TCATTTGTCGAATGCT-1,0,enzalutamide
Data32_GSM5155457_TCCACCAAGCACTGGA-1,0,enzalutamide
Data32_GSM5155457_TCCACCAAGTGCTCAT-1,0,enzalutamide
Data32_GSM5155457_TCCACCACAAAGGCAC-1,0,enzalutamide
Data32_GSM5155457_TCCACCACAGTCTTCC-1,0,enzalutamide
Data32_GSM5155457_TCCACCAGTGGCTAGA-1,0,enzalutamide
Data32_GSM5155457_TCCACCAGTTGTCAGT-1,0,enzalutamide
Data32_GSM5155457_TCCACGTAGGTCCGAA-1,0,enzalutamide
Data32_GSM5155457_TCCACGTCAGCCATTA-1,0,enzalutamide
Data32_GSM5155457_TCCACGTTCGCTACGG-1,0,enzalutamide
Data32_GSM5155457_TCCAGAACAGGGATAC-1,0,enzalutamide
Data32_GSM5155457_TCCAGAAGTGCTTCAA-1,0,enzalutamide
Data32_GSM5155457_TCCAGAATCGAAGAAT-1,0,enzalutamide
Data32_GSM5155457_TCCATCGAGACGAAGA-1,0,enzalutamide
Data32_GSM5155457_TCCATCGCACCAATTG-1,0,enzalutamide
Data32_GSM5155457_TCCATCGCAGCCTTCT-1,0,enzalutamide
Data32_GSM5155457_TCCATCGGTGCCTTTC-1,0,enzalutamide
Data32_GSM5155457_TCCATCGGTTGGGACA-1,0,enzalutamide
Data32_GSM5155457_TCCATGCCAGTGGCTC-1,0,enzalutamide
Data32_GSM5155457_TCCATGCCATATGCGT-1,0,enzalutamide
Data32_GSM5155457_TCCATGCGTTGGGTTT-1,0,enzalutamide
Data32_GSM5155457_TCCATGCTCATAGACC-1,0,enzalutamide
Data32_GSM5155457_TCCATGCTCGAAGAAT-1,0,enzalutamide
Data32_GSM5155457_TCCATGCTCTCCGATC-1,0,enzalutamide
Data32_GSM5155457_TCCCACAAGACGGTTG-1,0,enzalutamide
Data32_GSM5155457_TCCCACAAGATACTGA-1,0,enzalutamide
Data32_GSM5155457_TCCCACACAGGCGATA-1,0,enzalutamide
Data32_GSM5155457_TCCCACATCCGATCTC-1,0,enzalutamide
Data32_GSM5155457_TCCCAGTAGATGAACT-1,0,enzalutamide
Data32_GSM5155457_TCCCAGTCACGATTCA-1,0,enzalutamide
Data32_GSM5155457_TCCCAGTGTATACCCA-1,0,enzalutamide
Data32_GSM5155457_TCCCAGTTCAAACGTC-1,0,enzalutamide
Data32_GSM5155457_TCCCATGCAGAGGGTT-1,0,enzalutamide
Data32_GSM5155457_TCCCATGGTATCGAAA-1,0,enzalutamide
Data32_GSM5155457_TCCCATGTCATTGCCC-1,0,enzalutamide
Data32_GSM5155457_TCCCATGTCTCCTGAC-1,0,enzalutamide
Data32_GSM5155457_TCCGAAACATCGCTCT-1,0,enzalutamide
Data32_GSM5155457_TCCGAAAGTTTAGACC-1,0,enzalutamide
Data32_GSM5155457_TCCGAAATCGTTCAGA-1,0,enzalutamide
Data32_GSM5155457_TCCGATCAGTATGGCG-1,0,enzalutamide
Data32_GSM5155457_TCCGATCCAGCACAGA-1,0,enzalutamide
Data32_GSM5155457_TCCGATCTCCAGCACG-1,0,enzalutamide
Data32_GSM5155457_TCCGATCTCGGCTTCT-1,0,enzalutamide
Data32_GSM5155457_TCCGGGAAGATGCTTC-1,0,enzalutamide
Data32_GSM5155457_TCCGGGAAGGAAAGGT-1,0,enzalutamide
Data32_GSM5155457_TCCGGGAAGGTGGGTT-1,0,enzalutamide
Data32_GSM5155457_TCCGGGACAAGTGCTT-1,0,enzalutamide
Data32_GSM5155457_TCCGGGACACGCGCAT-1,0,enzalutamide
Data32_GSM5155457_TCCGGGACATTAAAGG-1,0,enzalutamide
Data32_GSM5155457_TCCGGGAGTCCACAGC-1,0,enzalutamide
Data32_GSM5155457_TCCGGGATCTCTGACC-1,0,enzalutamide
Data32_GSM5155457_TCCGTGTCATCTAGAC-1,0,enzalutamide
Data32_GSM5155457_TCCTAATCACCTGCTT-1,0,enzalutamide
Data32_GSM5155457_TCCTAATGTGCTTCAA-1,0,enzalutamide
Data32_GSM5155457_TCCTCCCGTACATTGC-1,0,enzalutamide
Data32_GSM5155457_TCCTCCCGTCCCTGAG-1,0,enzalutamide
Data32_GSM5155457_TCCTCCCGTGAATGAT-1,0,enzalutamide
Data32_GSM5155457_TCCTCGAAGCGATGAC-1,0,enzalutamide
Data32_GSM5155457_TCCTCGAAGGTCACTT-1,0,enzalutamide
Data32_GSM5155457_TCCTCGAGTAGCTGAG-1,0,enzalutamide
Data32_GSM5155457_TCCTCTTAGGAATGTT-1,0,enzalutamide
Data32_GSM5155457_TCCTCTTCAGGCTTGC-1,0,enzalutamide
Data32_GSM5155457_TCCTCTTGTCAGTTTG-1,0,enzalutamide
Data32_GSM5155457_TCCTCTTGTTATAGAG-1,0,enzalutamide
Data32_GSM5155457_TCCTGCAAGACGAAGA-1,0,enzalutamide
Data32_GSM5155457_TCCTGCACACTCCACT-1,0,enzalutamide
Data32_GSM5155457_TCCTGCACATGGGCAA-1,0,enzalutamide
Data32_GSM5155457_TCCTGCAGTCTGTGTA-1,0,enzalutamide
Data32_GSM5155457_TCCTGCATCAGATTGC-1,0,enzalutamide
Data32_GSM5155457_TCCTGCATCATGCCGG-1,0,enzalutamide
Data32_GSM5155457_TCCTGCATCCGAGTGC-1,0,enzalutamide
Data32_GSM5155457_TCCTTCTAGTAACGTA-1,0,enzalutamide
Data32_GSM5155457_TCCTTCTCACACGGAA-1,0,enzalutamide
Data32_GSM5155457_TCCTTCTGTGGTCCCA-1,0,enzalutamide
Data32_GSM5155457_TCCTTCTTCCTGTAAG-1,0,enzalutamide
Data32_GSM5155457_TCCTTTCCAACCTAAC-1,0,enzalutamide
Data32_GSM5155457_TCCTTTCCAAGACAAT-1,0,enzalutamide
Data32_GSM5155457_TCCTTTCCAATGTCAC-1,0,enzalutamide
Data32_GSM5155457_TCCTTTCTCGACCATA-1,0,enzalutamide
Data32_GSM5155457_TCGAACACAACTTCTT-1,0,enzalutamide
Data32_GSM5155457_TCGAACACACACGGTC-1,0,enzalutamide
Data32_GSM5155457_TCGAACACATGGCTAT-1,0,enzalutamide
Data32_GSM5155457_TCGAACAGTCCTTAAG-1,0,enzalutamide
Data32_GSM5155457_TCGAACATCATAAGGA-1,0,enzalutamide
Data32_GSM5155457_TCGAAGTAGTGTCATC-1,0,enzalutamide
Data32_GSM5155457_TCGAAGTAGTTTAGGA-1,0,enzalutamide
Data32_GSM5155457_TCGAAGTGTGATAGAT-1,0,enzalutamide
Data32_GSM5155457_TCGAAGTTCTCCGAGG-1,0,enzalutamide
Data32_GSM5155457_TCGACCTGTGAATGAT-1,0,enzalutamide
Data32_GSM5155457_TCGACCTGTTGGAGGT-1,0,enzalutamide
Data32_GSM5155457_TCGACCTGTTGTTTGG-1,0,enzalutamide
Data32_GSM5155457_TCGACCTTCACTTCTA-1,0,enzalutamide
Data32_GSM5155457_TCGACCTTCGTAACAC-1,0,enzalutamide
Data32_GSM5155457_TCGACCTTCTGGACTA-1,0,enzalutamide
Data32_GSM5155457_TCGACGGAGGCGAAGG-1,0,enzalutamide
Data32_GSM5155457_TCGACGGCAGACACCC-1,0,enzalutamide
Data32_GSM5155457_TCGACGGGTGATACTC-1,0,enzalutamide
Data32_GSM5155457_TCGACGGTCATGCATG-1,0,enzalutamide
Data32_GSM5155457_TCGATTTAGCCACAAG-1,0,enzalutamide
Data32_GSM5155457_TCGATTTAGCTGACTT-1,0,enzalutamide
Data32_GSM5155457_TCGATTTAGGTCATTC-1,0,enzalutamide
Data32_GSM5155457_TCGATTTCAATACCCA-1,0,enzalutamide
Data32_GSM5155457_TCGATTTGTGGTCTTA-1,0,enzalutamide
Data32_GSM5155457_TCGATTTTCTTGGGCG-1,0,enzalutamide
Data32_GSM5155457_TCGCACTAGCTTTCCC-1,0,enzalutamide
Data32_GSM5155457_TCGCACTGTAGCTGAG-1,0,enzalutamide
Data32_GSM5155457_TCGCACTTCTACCCAC-1,0,enzalutamide
Data32_GSM5155457_TCGCAGGCATAGACTC-1,0,enzalutamide
Data32_GSM5155457_TCGCAGGCATCCGTTC-1,0,enzalutamide
Data32_GSM5155457_TCGCAGGTCAGAGTGG-1,0,enzalutamide
Data32_GSM5155457_TCGCAGGTCTTGGTCC-1,0,enzalutamide
Data32_GSM5155457_TCGCTCAAGATCGGTG-1,0,enzalutamide
Data32_GSM5155457_TCGCTCAAGTTACGGG-1,0,enzalutamide
Data32_GSM5155457_TCGCTCACAGAGAGGG-1,0,enzalutamide
Data32_GSM5155457_TCGCTCATCGGTCGGT-1,0,enzalutamide
Data32_GSM5155457_TCGCTTGAGAGCATTA-1,0,enzalutamide
Data32_GSM5155457_TCGCTTGCAACAGATA-1,0,enzalutamide
Data32_GSM5155457_TCGCTTGCACAACGCC-1,0,enzalutamide
Data32_GSM5155457_TCGCTTGCATGACAGG-1,0,enzalutamide
Data32_GSM5155457_TCGCTTGGTGGCTGCT-1,0,enzalutamide
Data32_GSM5155457_TCGCTTGGTTTCTATC-1,0,enzalutamide
Data32_GSM5155457_TCGGATAAGCTGGAGT-1,0,enzalutamide
Data32_GSM5155457_TCGGATACAAAGACGC-1,0,enzalutamide
Data32_GSM5155457_TCGGATACAGGACGAT-1,0,enzalutamide
Data32_GSM5155457_TCGGATATCAATCGGT-1,0,enzalutamide
Data32_GSM5155457_TCGGATATCTACACAG-1,0,enzalutamide
Data32_GSM5155457_TCGGGACCACCGAATT-1,0,enzalutamide
Data32_GSM5155457_TCGGGACTCCGCAAAT-1,0,enzalutamide
Data32_GSM5155457_TCGGGACTCCTCAGGG-1,0,enzalutamide
Data32_GSM5155457_TCGGGCACAATTTCCT-1,0,enzalutamide
Data32_GSM5155457_TCGGGCAGTCACCACG-1,0,enzalutamide
Data32_GSM5155457_TCGGGCAGTTCGGTTA-1,0,enzalutamide
Data32_GSM5155457_TCGGGTGAGACATAGT-1,0,enzalutamide
Data32_GSM5155457_TCGGGTGTCTCCGATC-1,0,enzalutamide
Data32_GSM5155457_TCGGGTGTCTGGAGAG-1,0,enzalutamide
Data32_GSM5155457_TCGGTCTAGAAAGCGA-1,0,enzalutamide
Data32_GSM5155457_TCGGTCTAGCTGCGAA-1,0,enzalutamide
Data32_GSM5155457_TCGGTCTGTAGGAGTC-1,0,enzalutamide
Data32_GSM5155457_TCGGTCTGTCCTGGGT-1,0,enzalutamide
Data32_GSM5155457_TCGGTCTGTCGCACAC-1,0,enzalutamide
Data32_GSM5155457_TCGGTCTTCCACGAAT-1,0,enzalutamide
Data32_GSM5155457_TCGTAGACAACAAGTA-1,0,enzalutamide
Data32_GSM5155457_TCGTAGACAGTCGGTC-1,0,enzalutamide
Data32_GSM5155457_TCGTAGACATAGAAAC-1,0,enzalutamide
Data32_GSM5155457_TCGTAGAGTGGCACTC-1,0,enzalutamide
Data32_GSM5155457_TCGTAGATCTAGTACG-1,0,enzalutamide
Data32_GSM5155457_TCGTCCAAGCCATCCG-1,0,enzalutamide
Data32_GSM5155457_TCGTCCAAGCGCCATC-1,0,enzalutamide
Data32_GSM5155457_TCGTCCACAAGTGGAC-1,0,enzalutamide
Data32_GSM5155457_TCGTCCACAGTCGGTC-1,0,enzalutamide
Data32_GSM5155457_TCGTCCAGTAGAATAC-1,0,enzalutamide
Data32_GSM5155457_TCGTCCAGTGAACGGT-1,0,enzalutamide
Data32_GSM5155457_TCGTCCATCACTTATC-1,0,enzalutamide
Data32_GSM5155457_TCGTCCATCTTACACT-1,0,enzalutamide
Data32_GSM5155457_TCGTGCTAGGTTCCGC-1,0,enzalutamide
Data32_GSM5155457_TCGTGCTCACTAGGCC-1,0,enzalutamide
Data32_GSM5155457_TCGTGCTTCTCGTGAA-1,0,enzalutamide
Data32_GSM5155457_TCGTGGGAGTTTCGAC-1,0,enzalutamide
Data32_GSM5155457_TCGTGGGCACTTCAAG-1,0,enzalutamide
Data32_GSM5155457_TCGTGGGCAGCGTATT-1,0,enzalutamide
Data32_GSM5155457_TCGTGGGTCTGAACGT-1,0,enzalutamide
Data32_GSM5155457_TCTAACTCAAAGCGTG-1,0,enzalutamide
Data32_GSM5155457_TCTAACTCACAATCTG-1,0,enzalutamide
Data32_GSM5155457_TCTAACTGTAACATCC-1,0,enzalutamide
Data32_GSM5155457_TCTAACTGTTTGACAC-1,0,enzalutamide
Data32_GSM5155457_TCTAACTTCTTTGCGC-1,0,enzalutamide
Data32_GSM5155457_TCTACATCATGGGCAA-1,0,enzalutamide
Data32_GSM5155457_TCTACATGTATCGCGC-1,0,enzalutamide
Data32_GSM5155457_TCTACATGTGGGCTCT-1,0,enzalutamide
Data32_GSM5155457_TCTACATGTTGCGTAT-1,0,enzalutamide
Data32_GSM5155457_TCTACATGTTGGTGTT-1,0,enzalutamide
Data32_GSM5155457_TCTACATTCAATCGGT-1,0,enzalutamide
Data32_GSM5155457_TCTACATTCGTTAGTG-1,0,enzalutamide
Data32_GSM5155457_TCTACCGCAACACTAC-1,0,enzalutamide
Data32_GSM5155457_TCTACCGCAGATTAAG-1,0,enzalutamide
Data32_GSM5155457_TCTACCGGTCTAATCG-1,0,enzalutamide
Data32_GSM5155457_TCTACCGTCACTCCGT-1,0,enzalutamide
Data32_GSM5155457_TCTACCGTCCTAACAG-1,0,enzalutamide
Data32_GSM5155457_TCTACCGTCTTTGGAG-1,0,enzalutamide
Data32_GSM5155457_TCTATACAGCTGTTCA-1,0,enzalutamide
Data32_GSM5155457_TCTATACAGGAAAGTG-1,0,enzalutamide
Data32_GSM5155457_TCTATACAGGAACATT-1,0,enzalutamide
Data32_GSM5155457_TCTATACCAATGGCAG-1,0,enzalutamide
Data32_GSM5155457_TCTATACTCGACGATT-1,0,enzalutamide
Data32_GSM5155457_TCTATACTCGTAGCTA-1,0,enzalutamide
Data32_GSM5155457_TCTATACTCTCTTCAA-1,0,enzalutamide
Data32_GSM5155457_TCTATCAAGACTAAGT-1,0,enzalutamide
Data32_GSM5155457_TCTATCAAGATACATG-1,0,enzalutamide
Data32_GSM5155457_TCTATCAAGGGCAGTT-1,0,enzalutamide
Data32_GSM5155457_TCTATCAAGGTTACAA-1,0,enzalutamide
Data32_GSM5155457_TCTATCACACATATGC-1,0,enzalutamide
Data32_GSM5155457_TCTATCAGTAACATCC-1,0,enzalutamide
Data32_GSM5155457_TCTATCAGTCACATTG-1,0,enzalutamide
Data32_GSM5155457_TCTATCAGTCGGAACA-1,0,enzalutamide
Data32_GSM5155457_TCTATCATCAGTGGGA-1,0,enzalutamide
Data32_GSM5155457_TCTATCATCCCAAGCG-1,0,enzalutamide
Data32_GSM5155457_TCTCACGAGATACGAT-1,0,enzalutamide
Data32_GSM5155457_TCTCACGAGCTGACCC-1,0,enzalutamide
Data32_GSM5155457_TCTCACGCACCGTGAC-1,0,enzalutamide
Data32_GSM5155457_TCTCACGGTGTGTGGA-1,0,enzalutamide
Data32_GSM5155457_TCTCACGGTGTTCCTC-1,0,enzalutamide
Data32_GSM5155457_TCTCAGCCAAGACAAT-1,0,enzalutamide
Data32_GSM5155457_TCTCAGCCATGCGGTC-1,0,enzalutamide
Data32_GSM5155457_TCTCCGACACGACGAA-1,0,enzalutamide
Data32_GSM5155457_TCTCCGACAGACGGAT-1,0,enzalutamide
Data32_GSM5155457_TCTCCGACAGCTAACT-1,0,enzalutamide
Data32_GSM5155457_TCTCCGAGTCGACTTA-1,0,enzalutamide
Data32_GSM5155457_TCTCCGAGTGCACAAG-1,0,enzalutamide
Data32_GSM5155457_TCTCCGAGTTCCATTT-1,0,enzalutamide
Data32_GSM5155457_TCTCCGATCCTATTTG-1,0,enzalutamide
Data32_GSM5155457_TCTCTGGAGCACACAG-1,0,enzalutamide
Data32_GSM5155457_TCTCTGGAGTAATTGG-1,0,enzalutamide
Data32_GSM5155457_TCTCTGGCAAGGTTGG-1,0,enzalutamide
Data32_GSM5155457_TCTCTGGGTCACTCGG-1,0,enzalutamide
Data32_GSM5155457_TCTCTGGGTCTAGGCC-1,0,enzalutamide
Data32_GSM5155457_TCTCTGGTCCACCTGT-1,0,enzalutamide
Data32_GSM5155457_TCTGCCACAAGCCATT-1,0,enzalutamide
Data32_GSM5155457_TCTGCCACAGGCAATG-1,0,enzalutamide
Data32_GSM5155457_TCTGCCACATCTTTCA-1,0,enzalutamide
Data32_GSM5155457_TCTGGCTCAACTGTGT-1,0,enzalutamide
Data32_GSM5155457_TCTGGCTCATTCTCCG-1,0,enzalutamide
Data32_GSM5155457_TCTGGCTGTCCTCAGG-1,0,enzalutamide
Data32_GSM5155457_TCTGGCTGTTCTCCAC-1,0,enzalutamide
Data32_GSM5155457_TCTGGCTTCTGTAACG-1,0,enzalutamide
Data32_GSM5155457_TCTGTCGCAGTAGGAC-1,0,enzalutamide
Data32_GSM5155457_TCTGTCGGTTGGACTT-1,0,enzalutamide
Data32_GSM5155457_TCTGTCGTCCATTTCA-1,0,enzalutamide
Data32_GSM5155457_TCTTAGTAGAAGCTCG-1,0,enzalutamide
Data32_GSM5155457_TCTTAGTAGATGTTGA-1,0,enzalutamide
Data32_GSM5155457_TCTTAGTAGCAGTCTT-1,0,enzalutamide
Data32_GSM5155457_TCTTAGTCAACGGGTA-1,0,enzalutamide
Data32_GSM5155457_TCTTAGTGTCATCACA-1,0,enzalutamide
Data32_GSM5155457_TCTTAGTGTCCAGCGT-1,0,enzalutamide
Data32_GSM5155457_TCTTAGTGTTGCTCGG-1,0,enzalutamide
Data32_GSM5155457_TCTTAGTTCTGGGCCA-1,0,enzalutamide
Data32_GSM5155457_TCTTCCTCAACCAGAG-1,0,enzalutamide
Data32_GSM5155457_TCTTCCTCAAGCGATG-1,0,enzalutamide
Data32_GSM5155457_TCTTCCTCAATAGTGA-1,0,enzalutamide
Data32_GSM5155457_TCTTCCTCAGATCCAT-1,0,enzalutamide
Data32_GSM5155457_TCTTCCTGTATCATGC-1,0,enzalutamide
Data32_GSM5155457_TCTTCCTGTCCCAAAT-1,0,enzalutamide
Data32_GSM5155457_TCTTCCTTCAGTCACA-1,0,enzalutamide
Data32_GSM5155457_TCTTCCTTCTAAACGC-1,0,enzalutamide
Data32_GSM5155457_TCTTGCGAGCTGGCCT-1,0,enzalutamide
Data32_GSM5155457_TCTTGCGAGGAGGGTG-1,0,enzalutamide
Data32_GSM5155457_TCTTGCGAGGCTAAAT-1,0,enzalutamide
Data32_GSM5155457_TCTTGCGCACAGAGAC-1,0,enzalutamide
Data32_GSM5155457_TCTTGCGCACCTGCAG-1,0,enzalutamide
Data32_GSM5155457_TCTTGCGGTACCACGC-1,0,enzalutamide
Data32_GSM5155457_TCTTGCGGTCTCCTGT-1,0,enzalutamide
Data32_GSM5155457_TCTTTGAAGATGAAGG-1,0,enzalutamide
Data32_GSM5155457_TCTTTGAAGCGCCTAC-1,0,enzalutamide
Data32_GSM5155457_TCTTTGAAGGCTTCCG-1,0,enzalutamide
Data32_GSM5155457_TCTTTGACAGCTCATA-1,0,enzalutamide
Data32_GSM5155457_TCTTTGACAGCTCGGT-1,0,enzalutamide
Data32_GSM5155457_TCTTTGAGTGGTACAG-1,0,enzalutamide
Data32_GSM5155457_TCTTTGATCGGACTGC-1,0,enzalutamide
Data32_GSM5155457_TGAACGTAGAACTTCC-1,0,enzalutamide
Data32_GSM5155457_TGAACGTCATAACGGG-1,0,enzalutamide
Data32_GSM5155457_TGAACGTGTAGACTGG-1,0,enzalutamide
Data32_GSM5155457_TGAACGTGTGAGATAT-1,0,enzalutamide
Data32_GSM5155457_TGAACGTGTGGTCTAT-1,0,enzalutamide
Data32_GSM5155457_TGAACGTGTTTAAGGA-1,0,enzalutamide
Data32_GSM5155457_TGAATCGAGGGCAGGA-1,0,enzalutamide
Data32_GSM5155457_TGAATCGCACGCAGTC-1,0,enzalutamide
Data32_GSM5155457_TGAATCGCACTGGACC-1,0,enzalutamide
Data32_GSM5155457_TGAATCGCATCGCCTT-1,0,enzalutamide
Data32_GSM5155457_TGAATCGTCGCGGACT-1,0,enzalutamide
Data32_GSM5155457_TGAATCGTCTGAGCAT-1,0,enzalutamide
Data32_GSM5155457_TGAATGCAGAAATTCG-1,0,enzalutamide
Data32_GSM5155457_TGAATGCCACATTGTG-1,0,enzalutamide
Data32_GSM5155457_TGAATGCCATGACTAC-1,0,enzalutamide
Data32_GSM5155457_TGAATGCGTGCCTTTC-1,0,enzalutamide
Data32_GSM5155457_TGAATGCTCCCAGCGA-1,0,enzalutamide
Data32_GSM5155457_TGACAGTAGGTAGTCG-1,0,enzalutamide
Data32_GSM5155457_TGACAGTGTAGGACCA-1,0,enzalutamide
Data32_GSM5155457_TGACAGTTCTCATTTG-1,0,enzalutamide
Data32_GSM5155457_TGACCCTCATGGTGGA-1,0,enzalutamide
Data32_GSM5155457_TGACCCTGTAACTAAG-1,0,enzalutamide
Data32_GSM5155457_TGACGCGAGATTACCC-1,0,enzalutamide
Data32_GSM5155457_TGACGCGAGTGCCGAA-1,0,enzalutamide
Data32_GSM5155457_TGACGCGAGTGGATAT-1,0,enzalutamide
Data32_GSM5155457_TGACGCGCAAAGTATG-1,0,enzalutamide
Data32_GSM5155457_TGACGCGGTCATCCGG-1,0,enzalutamide
Data32_GSM5155457_TGACTCCCAGGTGACA-1,0,enzalutamide
Data32_GSM5155457_TGACTCCCATTCGATG-1,0,enzalutamide
Data32_GSM5155457_TGACTCCTCGACATTG-1,0,enzalutamide
Data32_GSM5155457_TGACTCCTCGTCGGGT-1,0,enzalutamide
Data32_GSM5155457_TGAGACTAGAATCCCT-1,0,enzalutamide
Data32_GSM5155457_TGAGACTAGGGTATAT-1,0,enzalutamide
Data32_GSM5155457_TGAGACTGTATACAGA-1,0,enzalutamide
Data32_GSM5155457_TGAGACTGTCAGACTT-1,0,enzalutamide
Data32_GSM5155457_TGAGACTTCCATCGTC-1,0,enzalutamide
Data32_GSM5155457_TGAGACTTCTATTCGT-1,0,enzalutamide
Data32_GSM5155457_TGAGACTTCTCCCATG-1,0,enzalutamide
Data32_GSM5155457_TGAGCATAGATGGGCT-1,0,enzalutamide
Data32_GSM5155457_TGAGCATAGGCATCGA-1,0,enzalutamide
Data32_GSM5155457_TGAGCATAGTTGGGAC-1,0,enzalutamide
Data32_GSM5155457_TGAGCATCAGACCTGC-1,0,enzalutamide
Data32_GSM5155457_TGAGCATGTATGCGTT-1,0,enzalutamide
Data32_GSM5155457_TGAGCATTCCCGAAAT-1,0,enzalutamide
Data32_GSM5155457_TGAGCATTCCGTGTGG-1,0,enzalutamide
Data32_GSM5155457_TGAGCATTCGCGGTAC-1,0,enzalutamide
Data32_GSM5155457_TGAGCATTCGGTATGT-1,0,enzalutamide
Data32_GSM5155457_TGAGCATTCTCAACCC-1,0,enzalutamide
Data32_GSM5155457_TGAGCATTCTGCCCTA-1,0,enzalutamide
Data32_GSM5155457_TGAGCGCCAGCCCACA-1,0,enzalutamide
Data32_GSM5155457_TGAGCGCCATTAAAGG-1,0,enzalutamide
Data32_GSM5155457_TGAGCGCGTACGGGAT-1,0,enzalutamide
Data32_GSM5155457_TGAGCGCTCTGTCCGT-1,0,enzalutamide
Data32_GSM5155457_TGAGGAGAGATTAGCA-1,0,enzalutamide
Data32_GSM5155457_TGAGGAGAGGGTACAC-1,0,enzalutamide
Data32_GSM5155457_TGAGGAGAGTCAGAGC-1,0,enzalutamide
Data32_GSM5155457_TGAGGAGGTACTTGTG-1,0,enzalutamide
Data32_GSM5155457_TGAGGAGGTTGCAAGG-1,0,enzalutamide
Data32_GSM5155457_TGAGGGACAAACAGGC-1,0,enzalutamide
Data32_GSM5155457_TGAGGGACAACTCGTA-1,0,enzalutamide
Data32_GSM5155457_TGAGGGACATAATCGC-1,0,enzalutamide
Data32_GSM5155457_TGAGGGACATGACTTG-1,0,enzalutamide
Data32_GSM5155457_TGAGGGAGTCAAACGG-1,0,enzalutamide
Data32_GSM5155457_TGAGGGATCCGCGAGT-1,0,enzalutamide
Data32_GSM5155457_TGAGGGATCTCCTGAC-1,0,enzalutamide
Data32_GSM5155457_TGAGGTTCAGTCGAGA-1,0,enzalutamide
Data32_GSM5155457_TGAGGTTGTATCGTAC-1,0,enzalutamide
Data32_GSM5155457_TGAGGTTGTCTACATG-1,0,enzalutamide
Data32_GSM5155457_TGAGGTTTCACAATGC-1,0,enzalutamide
Data32_GSM5155457_TGAGGTTTCACCGACG-1,0,enzalutamide
Data32_GSM5155457_TGAGGTTTCATCACTT-1,0,enzalutamide
Data32_GSM5155457_TGAGTCAAGATTGACA-1,0,enzalutamide
Data32_GSM5155457_TGAGTCACAACGTTAC-1,0,enzalutamide
Data32_GSM5155457_TGAGTCACAGCAGAAC-1,0,enzalutamide
Data32_GSM5155457_TGAGTCACAGCTGTCG-1,0,enzalutamide
Data32_GSM5155457_TGAGTCAGTAGGATAT-1,0,enzalutamide
Data32_GSM5155457_TGAGTCAGTTTCACTT-1,0,enzalutamide
Data32_GSM5155457_TGAGTCATCATCGCCT-1,0,enzalutamide
Data32_GSM5155457_TGAGTCATCGGATTAC-1,0,enzalutamide
Data32_GSM5155457_TGATCAGCACCGTCTT-1,0,enzalutamide
Data32_GSM5155457_TGATCTTAGGGTGAGG-1,0,enzalutamide
Data32_GSM5155457_TGATGCAAGGATGGCT-1,0,enzalutamide
Data32_GSM5155457_TGATGCAAGGTACATA-1,0,enzalutamide
Data32_GSM5155457_TGATGCACAATGGGTG-1,0,enzalutamide
Data32_GSM5155457_TGATGCACAGACATCT-1,0,enzalutamide
Data32_GSM5155457_TGATGCACATTCCTAT-1,0,enzalutamide
Data32_GSM5155457_TGATGGTAGCATCAAA-1,0,enzalutamide
Data32_GSM5155457_TGATGGTAGTTGCGAG-1,0,enzalutamide
Data32_GSM5155457_TGATGGTCACAGGATG-1,0,enzalutamide
Data32_GSM5155457_TGATGGTCACGGATCC-1,0,enzalutamide
Data32_GSM5155457_TGATGGTGTCAGGAGT-1,0,enzalutamide
Data32_GSM5155457_TGATGGTGTTGACTGT-1,0,enzalutamide
Data32_GSM5155457_TGATTCTAGAAGCTCG-1,0,enzalutamide
Data32_GSM5155457_TGATTCTAGGACACTG-1,0,enzalutamide
Data32_GSM5155457_TGATTCTAGGGCCAAT-1,0,enzalutamide
Data32_GSM5155457_TGATTCTCAGCGACAA-1,0,enzalutamide
Data32_GSM5155457_TGATTCTGTCTGTCAA-1,0,enzalutamide
Data32_GSM5155457_TGATTCTGTTGCTTGA-1,0,enzalutamide
Data32_GSM5155457_TGATTTCAGATTGGGC-1,0,enzalutamide
Data32_GSM5155457_TGATTTCGTGAATGTA-1,0,enzalutamide
Data32_GSM5155457_TGCACGGAGACGGATC-1,0,enzalutamide
Data32_GSM5155457_TGCACGGCAACCGGAA-1,0,enzalutamide
Data32_GSM5155457_TGCACGGTCTACAGGT-1,0,enzalutamide
Data32_GSM5155457_TGCAGATCAAATGGCG-1,0,enzalutamide
Data32_GSM5155457_TGCAGATCAACGCCCA-1,0,enzalutamide
Data32_GSM5155457_TGCAGATCACATGAAA-1,0,enzalutamide
Data32_GSM5155457_TGCAGATCATAGTCGT-1,0,enzalutamide
Data32_GSM5155457_TGCAGATGTTCAAGTC-1,0,enzalutamide
Data32_GSM5155457_TGCAGATTCCGAGGCT-1,0,enzalutamide
Data32_GSM5155457_TGCAGATTCGATGGAG-1,0,enzalutamide
Data32_GSM5155457_TGCAGGCCACTAAACC-1,0,enzalutamide
Data32_GSM5155457_TGCAGGCTCTAATTCC-1,0,enzalutamide
Data32_GSM5155457_TGCAGTACAGCCCACA-1,0,enzalutamide
Data32_GSM5155457_TGCAGTAGTCTTTATC-1,0,enzalutamide
Data32_GSM5155457_TGCAGTAGTTAGAGTA-1,0,enzalutamide
Data32_GSM5155457_TGCAGTATCAGAACCT-1,0,enzalutamide
Data32_GSM5155457_TGCATCCCATTGAGCT-1,0,enzalutamide
Data32_GSM5155457_TGCATCCGTGGTCTGC-1,0,enzalutamide
Data32_GSM5155457_TGCATGAAGAGATCGC-1,0,enzalutamide
Data32_GSM5155457_TGCATGAAGTCCTACA-1,0,enzalutamide
Data32_GSM5155457_TGCATGACACGCCACA-1,0,enzalutamide
Data32_GSM5155457_TGCATGACACTGCGAC-1,0,enzalutamide
Data32_GSM5155457_TGCATGAGTCCTTAAG-1,0,enzalutamide
Data32_GSM5155457_TGCATGAGTTCTTCAT-1,0,enzalutamide
Data32_GSM5155457_TGCATGATCACGAGGA-1,0,enzalutamide
Data32_GSM5155457_TGCATGATCGGACTTA-1,0,enzalutamide
Data32_GSM5155457_TGCATGATCTGGCCTT-1,0,enzalutamide
Data32_GSM5155457_TGCCGAGAGGGTAGCT-1,0,enzalutamide
Data32_GSM5155457_TGCCGAGCACAAGTGG-1,0,enzalutamide
Data32_GSM5155457_TGCCGAGTCCGAACGC-1,0,enzalutamide
Data32_GSM5155457_TGCCGAGTCTGTCAGA-1,0,enzalutamide
Data32_GSM5155457_TGCGACGAGGAGAATG-1,0,enzalutamide
Data32_GSM5155457_TGCGACGAGGGCAATC-1,0,enzalutamide
Data32_GSM5155457_TGCGACGAGTTTAGGA-1,0,enzalutamide
Data32_GSM5155457_TGCGACGCAATGACCT-1,0,enzalutamide
Data32_GSM5155457_TGCGACGGTCGCTCGA-1,0,enzalutamide
Data32_GSM5155457_TGCGACGGTGAGTGAC-1,0,enzalutamide
Data32_GSM5155457_TGCGACGGTTCTCAGA-1,0,enzalutamide
Data32_GSM5155457_TGCGACGTCCTGTTAT-1,0,enzalutamide
Data32_GSM5155457_TGCGACGTCGACCTAA-1,0,enzalutamide
Data32_GSM5155457_TGCGACGTCGATCCAA-1,0,enzalutamide
Data32_GSM5155457_TGCGATACACGCCAGT-1,0,enzalutamide
Data32_GSM5155457_TGCGATATCATACGGT-1,0,enzalutamide
Data32_GSM5155457_TGCGATATCTTTCGAT-1,0,enzalutamide
Data32_GSM5155457_TGCGGCAAGACTTCAC-1,0,enzalutamide
Data32_GSM5155457_TGCGGCAAGTATGACA-1,0,enzalutamide
Data32_GSM5155457_TGCGGCAAGTTACGAA-1,0,enzalutamide
Data32_GSM5155457_TGCGGCACAATCTCTT-1,0,enzalutamide
Data32_GSM5155457_TGCGGCAGTACAGAGC-1,0,enzalutamide
Data32_GSM5155457_TGCGGCAGTCACGACC-1,0,enzalutamide
Data32_GSM5155457_TGCGGCATCGGCAGTC-1,0,enzalutamide
Data32_GSM5155457_TGCGGCATCGGTCGAC-1,0,enzalutamide
Data32_GSM5155457_TGCGGGTAGAGTGTGC-1,0,enzalutamide
Data32_GSM5155457_TGCGGGTAGGATTCCT-1,0,enzalutamide
Data32_GSM5155457_TGCGGGTCAGTCCCGA-1,0,enzalutamide
Data32_GSM5155457_TGCGGGTCATGGCCAC-1,0,enzalutamide
Data32_GSM5155457_TGCGGGTCATGTTCGA-1,0,enzalutamide
Data32_GSM5155457_TGCGGGTGTAGGCAAC-1,0,enzalutamide
Data32_GSM5155457_TGCGGGTTCCGTACGG-1,0,enzalutamide
Data32_GSM5155457_TGCTCCACAAACCATC-1,0,enzalutamide
Data32_GSM5155457_TGCTCCACAAGTGGAC-1,0,enzalutamide
Data32_GSM5155457_TGCTCCACAGATACCT-1,0,enzalutamide
Data32_GSM5155457_TGCTCCAGTATGCTTG-1,0,enzalutamide
Data32_GSM5155457_TGCTCCATCGACCTAA-1,0,enzalutamide
Data32_GSM5155457_TGCTCGTTCCATTCAT-1,0,enzalutamide
Data32_GSM5155457_TGCTGAACAAGAAATC-1,0,enzalutamide
Data32_GSM5155457_TGCTGAAGTGGAGAAA-1,0,enzalutamide
Data32_GSM5155457_TGCTTCGAGGACGCAT-1,0,enzalutamide
Data32_GSM5155457_TGCTTCGTCAAAGACA-1,0,enzalutamide
Data32_GSM5155457_TGCTTCGTCGCACTCT-1,0,enzalutamide
Data32_GSM5155457_TGCTTGCAGTCATGGG-1,0,enzalutamide
Data32_GSM5155457_TGCTTGCGTCATAAAG-1,0,enzalutamide
Data32_GSM5155457_TGCTTGCGTGGCTGCT-1,0,enzalutamide
Data32_GSM5155457_TGCTTGCTCCAGTGTA-1,0,enzalutamide
Data32_GSM5155457_TGCTTGCTCGGAGTAG-1,0,enzalutamide
Data32_GSM5155457_TGGAACTCATACCGTA-1,0,enzalutamide
Data32_GSM5155457_TGGAACTCATTAAAGG-1,0,enzalutamide
Data32_GSM5155457_TGGAACTGTTCGGGTC-1,0,enzalutamide
Data32_GSM5155457_TGGAACTTCACCTTAT-1,0,enzalutamide
Data32_GSM5155457_TGGAGAGAGACATCAA-1,0,enzalutamide
Data32_GSM5155457_TGGAGAGAGTGATCGG-1,0,enzalutamide
Data32_GSM5155457_TGGAGAGGTCGCTTAA-1,0,enzalutamide
Data32_GSM5155457_TGGAGAGTCCCGTTCA-1,0,enzalutamide
Data32_GSM5155457_TGGAGGAAGCACCGTC-1,0,enzalutamide
Data32_GSM5155457_TGGAGGAAGTGATTCC-1,0,enzalutamide
Data32_GSM5155457_TGGAGGACACACGGAA-1,0,enzalutamide
Data32_GSM5155457_TGGAGGAGTTGCATCA-1,0,enzalutamide
Data32_GSM5155457_TGGAGGATCCCAGGCA-1,0,enzalutamide
Data32_GSM5155457_TGGATCAAGACCAGCA-1,0,enzalutamide
Data32_GSM5155457_TGGATCAAGCGAACTG-1,0,enzalutamide
Data32_GSM5155457_TGGATCAGTAAGCTCT-1,0,enzalutamide
Data32_GSM5155457_TGGATCAGTCGCATTA-1,0,enzalutamide
Data32_GSM5155457_TGGATCAGTTCCGTTC-1,0,enzalutamide
Data32_GSM5155457_TGGATCATCAACACGT-1,0,enzalutamide
Data32_GSM5155457_TGGATGTCAACACGAG-1,0,enzalutamide
Data32_GSM5155457_TGGATGTCACGACTAT-1,0,enzalutamide
Data32_GSM5155457_TGGATGTCATCCGTGG-1,0,enzalutamide
Data32_GSM5155457_TGGATGTCATGCGTGC-1,0,enzalutamide
Data32_GSM5155457_TGGATGTCATTGAGCT-1,0,enzalutamide
Data32_GSM5155457_TGGATGTGTGCATTAC-1,0,enzalutamide
Data32_GSM5155457_TGGATGTGTGGCACTC-1,0,enzalutamide
Data32_GSM5155457_TGGATGTTCAGCAGAG-1,0,enzalutamide
Data32_GSM5155457_TGGCGTGAGGAAAGAC-1,0,enzalutamide
Data32_GSM5155457_TGGCGTGCAATACCTG-1,0,enzalutamide
Data32_GSM5155457_TGGCGTGCAGCGCGTT-1,0,enzalutamide
Data32_GSM5155457_TGGCGTGCATCGGAAG-1,0,enzalutamide
Data32_GSM5155457_TGGCGTGTCAACTGAC-1,0,enzalutamide
Data32_GSM5155457_TGGGAAGAGCAGGGAG-1,0,enzalutamide
Data32_GSM5155457_TGGGAAGCATTCAGCA-1,0,enzalutamide
Data32_GSM5155457_TGGGAAGGTCAAACGG-1,0,enzalutamide
Data32_GSM5155457_TGGGAAGGTTGTTGCA-1,0,enzalutamide
Data32_GSM5155457_TGGGAGACAGTCTGGC-1,0,enzalutamide
Data32_GSM5155457_TGGGAGACATGAGAAT-1,0,enzalutamide
Data32_GSM5155457_TGGGAGAGTAAGATAC-1,0,enzalutamide
Data32_GSM5155457_TGGGAGAGTACATACC-1,0,enzalutamide
Data32_GSM5155457_TGGGAGAGTGGATTTC-1,0,enzalutamide
Data32_GSM5155457_TGGGAGATCGATTCCC-1,0,enzalutamide
Data32_GSM5155457_TGGGATTGTCTTTCAT-1,0,enzalutamide
Data32_GSM5155457_TGGGATTTCTAGAGCT-1,0,enzalutamide
Data32_GSM5155457_TGGGATTTCTGACCCT-1,0,enzalutamide
Data32_GSM5155457_TGGGATTTCTTTGCGC-1,0,enzalutamide
Data32_GSM5155457_TGGGCGTCAATCTCTT-1,0,enzalutamide
Data32_GSM5155457_TGGGCGTCACAAGCAG-1,0,enzalutamide
Data32_GSM5155457_TGGGCGTCAGTGTGGA-1,0,enzalutamide
Data32_GSM5155457_TGGGCGTTCCTCGATC-1,0,enzalutamide
Data32_GSM5155457_TGGGCTGAGCGTGCTC-1,0,enzalutamide
Data32_GSM5155457_TGGGCTGAGTCGCCAC-1,0,enzalutamide
Data32_GSM5155457_TGGGCTGCACCTATCC-1,0,enzalutamide
Data32_GSM5155457_TGGGCTGGTTGCCTAA-1,0,enzalutamide
Data32_GSM5155457_TGGGCTGTCAACTCTT-1,0,enzalutamide
Data32_GSM5155457_TGGGCTGTCACCTCTG-1,0,enzalutamide
Data32_GSM5155457_TGGGTTAAGGGTCAAC-1,0,enzalutamide
Data32_GSM5155457_TGGGTTACATAGAATG-1,0,enzalutamide
Data32_GSM5155457_TGGGTTATCGGTCTGG-1,0,enzalutamide
Data32_GSM5155457_TGGTACACAGGGAGAG-1,0,enzalutamide
Data32_GSM5155457_TGGTACACATCCTTCG-1,0,enzalutamide
Data32_GSM5155457_TGGTACAGTAACGCGA-1,0,enzalutamide
Data32_GSM5155457_TGGTACAGTCTACAGT-1,0,enzalutamide
Data32_GSM5155457_TGGTACATCCAACACA-1,0,enzalutamide
Data32_GSM5155457_TGGTACATCGCCGAGT-1,0,enzalutamide
Data32_GSM5155457_TGGTACATCTGCGATA-1,0,enzalutamide
Data32_GSM5155457_TGGTAGTCATACCGTA-1,0,enzalutamide
Data32_GSM5155457_TGGTAGTGTATCAGGG-1,0,enzalutamide
Data32_GSM5155457_TGGTAGTGTCCACAGC-1,0,enzalutamide
Data32_GSM5155457_TGGTAGTGTGACCGAA-1,0,enzalutamide
Data32_GSM5155457_TGGTGATAGAATCTAG-1,0,enzalutamide
Data32_GSM5155457_TGGTTAGAGTTTGAGA-1,0,enzalutamide
Data32_GSM5155457_TGGTTAGCAACAGTGG-1,0,enzalutamide
Data32_GSM5155457_TGGTTAGTCCTAGAGT-1,0,enzalutamide
Data32_GSM5155457_TGGTTAGTCTCAACGA-1,0,enzalutamide
Data32_GSM5155457_TGTAACGCACGTTGGC-1,0,enzalutamide
Data32_GSM5155457_TGTAACGCAGCATACT-1,0,enzalutamide
Data32_GSM5155457_TGTAACGCATTGCCGG-1,0,enzalutamide
Data32_GSM5155457_TGTAACGGTGAACTAA-1,0,enzalutamide
Data32_GSM5155457_TGTAACGTCACTGAAC-1,0,enzalutamide
Data32_GSM5155457_TGTAACGTCAGAACCT-1,0,enzalutamide
Data32_GSM5155457_TGTAACGTCAGTCCGG-1,0,enzalutamide
Data32_GSM5155457_TGTAACGTCCTTCTGG-1,0,enzalutamide
Data32_GSM5155457_TGTAAGCAGGGCCCTT-1,0,enzalutamide
Data32_GSM5155457_TGTAAGCCACAAATAG-1,0,enzalutamide
Data32_GSM5155457_TGTAAGCCAGGTCAGA-1,0,enzalutamide
Data32_GSM5155457_TGTAAGCGTAACACGG-1,0,enzalutamide
Data32_GSM5155457_TGTAAGCGTCTGGTTA-1,0,enzalutamide
Data32_GSM5155457_TGTACAGAGTAGCCAG-1,0,enzalutamide
Data32_GSM5155457_TGTACAGGTTCGCGTG-1,0,enzalutamide
Data32_GSM5155457_TGTAGACCATCCTTCG-1,0,enzalutamide
Data32_GSM5155457_TGTAGACGTACGATTC-1,0,enzalutamide
Data32_GSM5155457_TGTAGACGTATCGCAT-1,0,enzalutamide
Data32_GSM5155457_TGTAGACTCTCCTGCA-1,0,enzalutamide
Data32_GSM5155457_TGTCAGAAGCTGACCC-1,0,enzalutamide
Data32_GSM5155457_TGTCAGAAGGCAGGGA-1,0,enzalutamide
Data32_GSM5155457_TGTCAGAAGGCTAACG-1,0,enzalutamide
Data32_GSM5155457_TGTCAGAGTTGTGTAC-1,0,enzalutamide
Data32_GSM5155457_TGTCAGATCCCGAGGT-1,0,enzalutamide
Data32_GSM5155457_TGTCCACAGTCGAAGC-1,0,enzalutamide
Data32_GSM5155457_TGTCCACCACAAGTGG-1,0,enzalutamide
Data32_GSM5155457_TGTCCACGTATACCCA-1,0,enzalutamide
Data32_GSM5155457_TGTCCACTCGAAATCC-1,0,enzalutamide
Data32_GSM5155457_TGTCCACTCGGCTCTT-1,0,enzalutamide
Data32_GSM5155457_TGTCCCAGTCGAGCTC-1,0,enzalutamide
Data32_GSM5155457_TGTCCCAGTGGCTTGC-1,0,enzalutamide
Data32_GSM5155457_TGTCCCAGTTGCGGCT-1,0,enzalutamide
Data32_GSM5155457_TGTCCCATCGGCCAAC-1,0,enzalutamide
Data32_GSM5155457_TGTCCCATCTTACCGC-1,0,enzalutamide
Data32_GSM5155457_TGTCCTGAGTATAACG-1,0,enzalutamide
Data32_GSM5155457_TGTCCTGGTGACTAAA-1,0,enzalutamide
Data32_GSM5155457_TGTCCTGGTGCGGTAA-1,0,enzalutamide
Data32_GSM5155457_TGTCCTGGTTAAACAG-1,0,enzalutamide
Data32_GSM5155457_TGTCCTGTCATGCCAA-1,0,enzalutamide
Data32_GSM5155457_TGTCCTGTCGCCAATA-1,0,enzalutamide
Data32_GSM5155457_TGTGAGTAGCCGATAG-1,0,enzalutamide
Data32_GSM5155457_TGTGAGTAGTTTGAGA-1,0,enzalutamide
Data32_GSM5155457_TGTGAGTGTGGGAGAG-1,0,enzalutamide
Data32_GSM5155457_TGTGATGCAAGCTGCC-1,0,enzalutamide
Data32_GSM5155457_TGTGATGGTACCGTGC-1,0,enzalutamide
Data32_GSM5155457_TGTGATGTCACCTGTC-1,0,enzalutamide
Data32_GSM5155457_TGTGCGGAGGGCGAGA-1,0,enzalutamide
Data32_GSM5155457_TGTGCGGCAGGGAGAG-1,0,enzalutamide
Data32_GSM5155457_TGTGCGGTCATTGTTC-1,0,enzalutamide
Data32_GSM5155457_TGTGCGGTCGGTCTGG-1,0,enzalutamide
Data32_GSM5155457_TGTGGCGAGCCTTCTC-1,0,enzalutamide
Data32_GSM5155457_TGTGGCGAGGATATAC-1,0,enzalutamide
Data32_GSM5155457_TGTGGCGCACAGTCCG-1,0,enzalutamide
Data32_GSM5155457_TGTGGCGCAGCTACCG-1,0,enzalutamide
Data32_GSM5155457_TGTGGCGCAGCTATAC-1,0,enzalutamide
Data32_GSM5155457_TGTGGCGGTACAGCGA-1,0,enzalutamide
Data32_GSM5155457_TGTGGCGGTGGCTGAA-1,0,enzalutamide
Data32_GSM5155457_TGTGGCGTCGATCCAA-1,0,enzalutamide
Data32_GSM5155457_TGTGTGAAGTATCTGC-1,0,enzalutamide
Data32_GSM5155457_TGTGTGAAGTATTGCC-1,0,enzalutamide
Data32_GSM5155457_TGTGTGACAAGGCAAC-1,0,enzalutamide
Data32_GSM5155457_TGTGTGACACGTAGTT-1,0,enzalutamide
Data32_GSM5155457_TGTGTGACACTTTATC-1,0,enzalutamide
Data32_GSM5155457_TGTGTGAGTAGAATGT-1,0,enzalutamide
Data32_GSM5155457_TGTGTGATCACGAGGA-1,0,enzalutamide
Data32_GSM5155457_TGTGTGATCACGGTCG-1,0,enzalutamide
Data32_GSM5155457_TGTGTGATCGAAGTGG-1,0,enzalutamide
Data32_GSM5155457_TGTTACTCACTCCTTG-1,0,enzalutamide
Data32_GSM5155457_TGTTACTCAGGTTCGC-1,0,enzalutamide
Data32_GSM5155457_TGTTACTGTACGACTT-1,0,enzalutamide
Data32_GSM5155457_TGTTACTTCGCGAAGA-1,0,enzalutamide
Data32_GSM5155457_TGTTCATCATCACCAA-1,0,enzalutamide
Data32_GSM5155457_TGTTCATCATGTTCAG-1,0,enzalutamide
Data32_GSM5155457_TGTTCATGTCATTCCC-1,0,enzalutamide
Data32_GSM5155457_TGTTCATGTGGGCTTC-1,0,enzalutamide
Data32_GSM5155457_TGTTCATTCACCCTCA-1,0,enzalutamide
Data32_GSM5155457_TGTTCATTCACCTGTC-1,0,enzalutamide
Data32_GSM5155457_TGTTCATTCCGTTTCG-1,0,enzalutamide
Data32_GSM5155457_TGTTCCGAGCACTTTG-1,0,enzalutamide
Data32_GSM5155457_TGTTCCGAGCAGGTCA-1,0,enzalutamide
Data32_GSM5155457_TGTTCCGAGGTTCTAC-1,0,enzalutamide
Data32_GSM5155457_TGTTCCGCAAGAATAC-1,0,enzalutamide
Data32_GSM5155457_TGTTCCGGTGTGGACA-1,0,enzalutamide
Data32_GSM5155457_TGTTCCGTCTCGGCTT-1,0,enzalutamide
Data32_GSM5155457_TGTTCTAAGGACGGAG-1,0,enzalutamide
Data32_GSM5155457_TGTTCTACACCGGCTA-1,0,enzalutamide
Data32_GSM5155457_TGTTCTACATGCAGGA-1,0,enzalutamide
Data32_GSM5155457_TGTTCTATCACAGTGT-1,0,enzalutamide
Data32_GSM5155457_TGTTCTATCTGAGGCC-1,0,enzalutamide
Data32_GSM5155457_TGTTGAGAGCGTGAAC-1,0,enzalutamide
Data32_GSM5155457_TGTTGAGCAATCGTCA-1,0,enzalutamide
Data32_GSM5155457_TGTTGAGCACACACGC-1,0,enzalutamide
Data32_GSM5155457_TGTTGAGGTAGCTGCC-1,0,enzalutamide
Data32_GSM5155457_TGTTGAGGTCAAGGCA-1,0,enzalutamide
Data32_GSM5155457_TGTTGAGTCGAGTACT-1,0,enzalutamide
Data32_GSM5155457_TGTTGGAAGCTGACTT-1,0,enzalutamide
Data32_GSM5155457_TGTTGGACACTCAAGT-1,0,enzalutamide
Data32_GSM5155457_TGTTGGAGTACGGCAA-1,0,enzalutamide
Data32_GSM5155457_TGTTGGAGTGCTCTTC-1,0,enzalutamide
Data32_GSM5155457_TGTTTGTAGGTTCCGC-1,0,enzalutamide
Data32_GSM5155457_TGTTTGTAGTGAGTGC-1,0,enzalutamide
Data32_GSM5155457_TGTTTGTGTACAAGTA-1,0,enzalutamide
Data32_GSM5155457_TGTTTGTGTCCCGGTA-1,0,enzalutamide
Data32_GSM5155457_TGTTTGTTCAATCTCT-1,0,enzalutamide
Data32_GSM5155457_TGTTTGTTCATCGCTC-1,0,enzalutamide
Data32_GSM5155457_TTAATCCAGGATTTCC-1,0,enzalutamide
Data32_GSM5155457_TTAATCCCAACTGAAA-1,0,enzalutamide
Data32_GSM5155457_TTAATCCCACTCACTC-1,0,enzalutamide
Data32_GSM5155457_TTACAGGAGAATCGAT-1,0,enzalutamide
Data32_GSM5155457_TTACAGGGTATACAGA-1,0,enzalutamide
Data32_GSM5155457_TTACAGGTCACTGGGC-1,0,enzalutamide
Data32_GSM5155457_TTACAGGTCCACATAG-1,0,enzalutamide
Data32_GSM5155457_TTACAGGTCTTCGGAA-1,0,enzalutamide
Data32_GSM5155457_TTACCATAGGGATGTC-1,0,enzalutamide
Data32_GSM5155457_TTACCATAGTAAGGGA-1,0,enzalutamide
Data32_GSM5155457_TTACCATGTACAGTAA-1,0,enzalutamide
Data32_GSM5155457_TTACCATGTTGTACGT-1,0,enzalutamide
Data32_GSM5155457_TTACCATTCCTCAGGG-1,0,enzalutamide
Data32_GSM5155457_TTACCATTCGGACTGC-1,0,enzalutamide
Data32_GSM5155457_TTACCATTCGGTCACG-1,0,enzalutamide
Data32_GSM5155457_TTACCGCAGCGAGTCA-1,0,enzalutamide
Data32_GSM5155457_TTACCGCAGGGAGGTG-1,0,enzalutamide
Data32_GSM5155457_TTACCGCAGTGGTGGT-1,0,enzalutamide
Data32_GSM5155457_TTACCGCCAATCGAAA-1,0,enzalutamide
Data32_GSM5155457_TTACCGCCAATTGCAC-1,0,enzalutamide
Data32_GSM5155457_TTACCGCGTCCAATCA-1,0,enzalutamide
Data32_GSM5155457_TTACCGCGTGCATACT-1,0,enzalutamide
Data32_GSM5155457_TTACCGCTCGCGTAGC-1,0,enzalutamide
Data32_GSM5155457_TTACCGCTCTGCTTAT-1,0,enzalutamide
Data32_GSM5155457_TTACGCCCAAATCAAG-1,0,enzalutamide
Data32_GSM5155457_TTACGCCCAATCTGCA-1,0,enzalutamide
Data32_GSM5155457_TTACGCCCATCTAACG-1,0,enzalutamide
Data32_GSM5155457_TTACGCCCATTGTCGA-1,0,enzalutamide
Data32_GSM5155457_TTACGTTAGTAGGTTA-1,0,enzalutamide
Data32_GSM5155457_TTACGTTCACTTGAAC-1,0,enzalutamide
Data32_GSM5155457_TTACGTTGTTCGTTCC-1,0,enzalutamide
Data32_GSM5155457_TTACGTTTCAGCGGAA-1,0,enzalutamide
Data32_GSM5155457_TTACGTTTCAGTGATC-1,0,enzalutamide
Data32_GSM5155457_TTACTGTCAAGGTCGA-1,0,enzalutamide
Data32_GSM5155457_TTACTGTGTATAGGAT-1,0,enzalutamide
Data32_GSM5155457_TTACTGTGTTCTCTCG-1,0,enzalutamide
Data32_GSM5155457_TTACTGTTCCTGTTGC-1,0,enzalutamide
Data32_GSM5155457_TTACTGTTCGAACACT-1,0,enzalutamide
Data32_GSM5155457_TTACTGTTCGCTGTCT-1,0,enzalutamide
Data32_GSM5155457_TTAGGCAAGAAGCGAA-1,0,enzalutamide
Data32_GSM5155457_TTAGGCAAGAGATTCA-1,0,enzalutamide
Data32_GSM5155457_TTAGGCACAGACCTGC-1,0,enzalutamide
Data32_GSM5155457_TTAGGCAGTCGCTGCA-1,0,enzalutamide
Data32_GSM5155457_TTAGGCATCATCTCTA-1,0,enzalutamide
Data32_GSM5155457_TTAGGCATCTCTCTAA-1,0,enzalutamide
Data32_GSM5155457_TTAGGGTCATGATAGA-1,0,enzalutamide
Data32_GSM5155457_TTAGGGTGTTGGACCC-1,0,enzalutamide
Data32_GSM5155457_TTAGGGTTCTAGTGTG-1,0,enzalutamide
Data32_GSM5155457_TTAGTCTAGACGGATC-1,0,enzalutamide
Data32_GSM5155457_TTAGTCTGTAACTAAG-1,0,enzalutamide
Data32_GSM5155457_TTAGTCTGTAGTGCGA-1,0,enzalutamide
Data32_GSM5155457_TTATTGCAGATAACAC-1,0,enzalutamide
Data32_GSM5155457_TTATTGCGTTTGAAAG-1,0,enzalutamide
Data32_GSM5155457_TTATTGCTCACGGGCT-1,0,enzalutamide
Data32_GSM5155457_TTATTGCTCTGGGATT-1,0,enzalutamide
Data32_GSM5155457_TTCAATCCAAGGCTTT-1,0,enzalutamide
Data32_GSM5155457_TTCAATCCATAGATCC-1,0,enzalutamide
Data32_GSM5155457_TTCAATCGTCCTGTCT-1,0,enzalutamide
Data32_GSM5155457_TTCAATCGTGTTAACC-1,0,enzalutamide
Data32_GSM5155457_TTCACCGAGGAACGCT-1,0,enzalutamide
Data32_GSM5155457_TTCACCGGTCTGTAAC-1,0,enzalutamide
Data32_GSM5155457_TTCACCGTCACTCTTA-1,0,enzalutamide
Data32_GSM5155457_TTCACCGTCCCGAGAC-1,0,enzalutamide
Data32_GSM5155457_TTCACGCAGTGTACCT-1,0,enzalutamide
Data32_GSM5155457_TTCAGGACAAATTGCC-1,0,enzalutamide
Data32_GSM5155457_TTCAGGACAAGGATGC-1,0,enzalutamide
Data32_GSM5155457_TTCAGGACACTCCTGT-1,0,enzalutamide
Data32_GSM5155457_TTCAGGACAGAAATTG-1,0,enzalutamide
Data32_GSM5155457_TTCATGTAGTGGCAGT-1,0,enzalutamide
Data32_GSM5155457_TTCATGTCATCGAAGG-1,0,enzalutamide
Data32_GSM5155457_TTCATGTGTCTACGTA-1,0,enzalutamide
Data32_GSM5155457_TTCATGTGTTAAACAG-1,0,enzalutamide
Data32_GSM5155457_TTCATGTTCCGCAAAT-1,0,enzalutamide
Data32_GSM5155457_TTCATGTTCCTTATCA-1,0,enzalutamide
Data32_GSM5155457_TTCATGTTCGCCTAGG-1,0,enzalutamide
Data32_GSM5155457_TTCATTGCAAATACAG-1,0,enzalutamide
Data32_GSM5155457_TTCATTGGTCGTTCAA-1,0,enzalutamide
Data32_GSM5155457_TTCCAATAGTCCCTAA-1,0,enzalutamide
Data32_GSM5155457_TTCCAATCACCTGCTT-1,0,enzalutamide
Data32_GSM5155457_TTCCAATGTGAAAGTT-1,0,enzalutamide
Data32_GSM5155457_TTCCAATTCACATACG-1,0,enzalutamide
Data32_GSM5155457_TTCCAATTCACGATCA-1,0,enzalutamide
Data32_GSM5155457_TTCCAATTCATAGCAC-1,0,enzalutamide
Data32_GSM5155457_TTCCAATTCCATTGGA-1,0,enzalutamide
Data32_GSM5155457_TTCCAATTCTTGATTC-1,0,enzalutamide
Data32_GSM5155457_TTCCACGCACAATGTC-1,0,enzalutamide
Data32_GSM5155457_TTCCACGCAGGCCTGT-1,0,enzalutamide
Data32_GSM5155457_TTCCACGGTGCGACAA-1,0,enzalutamide
Data32_GSM5155457_TTCCACGTCTCACTCG-1,0,enzalutamide
Data32_GSM5155457_TTCCGGTAGCTGAGTG-1,0,enzalutamide
Data32_GSM5155457_TTCCGGTCAACGGCCT-1,0,enzalutamide
Data32_GSM5155457_TTCCGGTCAGTTGCGC-1,0,enzalutamide
Data32_GSM5155457_TTCCGGTGTCCACTCT-1,0,enzalutamide
Data32_GSM5155457_TTCCGGTGTGAATTAG-1,0,enzalutamide
Data32_GSM5155457_TTCCGGTGTGAGATAT-1,0,enzalutamide
Data32_GSM5155457_TTCCGGTGTGGGCTTC-1,0,enzalutamide
Data32_GSM5155457_TTCCGGTGTTTCCCAC-1,0,enzalutamide
Data32_GSM5155457_TTCCGGTTCACAAGAA-1,0,enzalutamide
Data32_GSM5155457_TTCCGTGAGGGAGGTG-1,0,enzalutamide
Data32_GSM5155457_TTCCGTGAGTGAACAT-1,0,enzalutamide
Data32_GSM5155457_TTCCGTGAGTTGCTCA-1,0,enzalutamide
Data32_GSM5155457_TTCCGTGCACTACTTT-1,0,enzalutamide
Data32_GSM5155457_TTCCGTGCAGAAATTG-1,0,enzalutamide
Data32_GSM5155457_TTCCGTGCATGACTGT-1,0,enzalutamide
Data32_GSM5155457_TTCCGTGTCGGACTGC-1,0,enzalutamide
Data32_GSM5155457_TTCCGTGTCGGCCAAC-1,0,enzalutamide
Data32_GSM5155457_TTCCTAAAGCTAAGTA-1,0,enzalutamide
Data32_GSM5155457_TTCCTAAAGCTCTTCC-1,0,enzalutamide
Data32_GSM5155457_TTCCTAAAGTAGGGTC-1,0,enzalutamide
Data32_GSM5155457_TTCCTAAAGTGCCGAA-1,0,enzalutamide
Data32_GSM5155457_TTCCTAAAGTTAACAG-1,0,enzalutamide
Data32_GSM5155457_TTCCTAACAAATCAAG-1,0,enzalutamide
Data32_GSM5155457_TTCCTAACAAGAATAC-1,0,enzalutamide
Data32_GSM5155457_TTCCTAACACAAGTGG-1,0,enzalutamide
Data32_GSM5155457_TTCCTAACATCACAGT-1,0,enzalutamide
Data32_GSM5155457_TTCCTAAGTACGCTTA-1,0,enzalutamide
Data32_GSM5155457_TTCCTAAGTATCGTGT-1,0,enzalutamide
Data32_GSM5155457_TTCCTCTCATCAGTGT-1,0,enzalutamide
Data32_GSM5155457_TTCCTCTTCAGACATC-1,0,enzalutamide
Data32_GSM5155457_TTCCTCTTCCCACAGG-1,0,enzalutamide
Data32_GSM5155457_TTCCTCTTCGGTAGAG-1,0,enzalutamide
Data32_GSM5155457_TTCCTTCGTCGTTTCC-1,0,enzalutamide
Data32_GSM5155457_TTCCTTCGTTTGGCTA-1,0,enzalutamide
Data32_GSM5155457_TTCGATTCACAGTGAG-1,0,enzalutamide
Data32_GSM5155457_TTCGATTGTGGTCAAG-1,0,enzalutamide
Data32_GSM5155457_TTCGATTTCATTGCTT-1,0,enzalutamide
Data32_GSM5155457_TTCGATTTCCTCACCA-1,0,enzalutamide
Data32_GSM5155457_TTCGCTGAGCGCTGCT-1,0,enzalutamide
Data32_GSM5155457_TTCGCTGGTCGCCACA-1,0,enzalutamide
Data32_GSM5155457_TTCGCTGTCCCTCTTT-1,0,enzalutamide
Data32_GSM5155457_TTCGCTGTCCTGTTAT-1,0,enzalutamide
Data32_GSM5155457_TTCGGTCCAATTCACG-1,0,enzalutamide
Data32_GSM5155457_TTCGGTCCAGAGGACT-1,0,enzalutamide
Data32_GSM5155457_TTCGGTCCAGCGAGTA-1,0,enzalutamide
Data32_GSM5155457_TTCGGTCTCACCTCGT-1,0,enzalutamide
Data32_GSM5155457_TTCTAACCACTGGCGT-1,0,enzalutamide
Data32_GSM5155457_TTCTAACCAGACAAGC-1,0,enzalutamide
Data32_GSM5155457_TTCTAACCAGGACGAT-1,0,enzalutamide
Data32_GSM5155457_TTCTAACGTACCTATG-1,0,enzalutamide
Data32_GSM5155457_TTCTAACGTACTCAAC-1,0,enzalutamide
Data32_GSM5155457_TTCTAACGTAGTCTGT-1,0,enzalutamide
Data32_GSM5155457_TTCTAACGTGACTGAG-1,0,enzalutamide
Data32_GSM5155457_TTCTAACTCGTGCATA-1,0,enzalutamide
Data32_GSM5155457_TTCTAGTAGGCTAGCA-1,0,enzalutamide
Data32_GSM5155457_TTCTAGTAGTAACCGG-1,0,enzalutamide
Data32_GSM5155457_TTCTAGTAGTACTGTC-1,0,enzalutamide
Data32_GSM5155457_TTCTAGTCACTCCGAG-1,0,enzalutamide
Data32_GSM5155457_TTCTAGTCATAAGCGG-1,0,enzalutamide
Data32_GSM5155457_TTCTAGTGTCCTCAGG-1,0,enzalutamide
Data32_GSM5155457_TTCTCTCAGGCTTAAA-1,0,enzalutamide
Data32_GSM5155457_TTCTCTCCAACTGTGT-1,0,enzalutamide
Data32_GSM5155457_TTCTCTCGTAACCCTA-1,0,enzalutamide
Data32_GSM5155457_TTCTCTCTCATCGCTC-1,0,enzalutamide
Data32_GSM5155457_TTCTCTCTCGAAACAA-1,0,enzalutamide
Data32_GSM5155457_TTCTCTCTCGACACCG-1,0,enzalutamide
Data32_GSM5155457_TTCTCTCTCGGCCCAA-1,0,enzalutamide
Data32_GSM5155457_TTCTGTACAAACTCTG-1,0,enzalutamide
Data32_GSM5155457_TTCTGTACAGAGGACT-1,0,enzalutamide
Data32_GSM5155457_TTCTGTAGTAGTAAGT-1,0,enzalutamide
Data32_GSM5155457_TTCTGTAGTGTTACAC-1,0,enzalutamide
Data32_GSM5155457_TTCTGTATCATAGCAC-1,0,enzalutamide
Data32_GSM5155457_TTCTGTATCATTGCCC-1,0,enzalutamide
Data32_GSM5155457_TTCTGTATCCCTCGTA-1,0,enzalutamide
Data32_GSM5155457_TTCTGTATCTTACCAT-1,0,enzalutamide
Data32_GSM5155457_TTCTTCCAGCGAACTG-1,0,enzalutamide
Data32_GSM5155457_TTCTTCCAGTCTGGTT-1,0,enzalutamide
Data32_GSM5155457_TTCTTCCCATCATTGG-1,0,enzalutamide
Data32_GSM5155457_TTCTTCCCATGAAAGT-1,0,enzalutamide
Data32_GSM5155457_TTCTTGAAGACCAAAT-1,0,enzalutamide
Data32_GSM5155457_TTCTTGACAAGCTCTA-1,0,enzalutamide
Data32_GSM5155457_TTCTTGACATATCTCT-1,0,enzalutamide
Data32_GSM5155457_TTCTTGAGTAATTAGG-1,0,enzalutamide
Data32_GSM5155457_TTGAACGAGTGGTGGT-1,0,enzalutamide
Data32_GSM5155457_TTGAACGCATAACCCA-1,0,enzalutamide
Data32_GSM5155457_TTGAACGCATGGCTGC-1,0,enzalutamide
Data32_GSM5155457_TTGAACGTCCCGTGTT-1,0,enzalutamide
Data32_GSM5155457_TTGACCCCACTTTATC-1,0,enzalutamide
Data32_GSM5155457_TTGACCCTCAAGCCGC-1,0,enzalutamide
Data32_GSM5155457_TTGAGTGAGATTGAGT-1,0,enzalutamide
Data32_GSM5155457_TTGAGTGAGTTCACTG-1,0,enzalutamide
Data32_GSM5155457_TTGAGTGCAACGTAAA-1,0,enzalutamide
Data32_GSM5155457_TTGAGTGCAGAGTAAT-1,0,enzalutamide
Data32_GSM5155457_TTGAGTGGTCAATGGG-1,0,enzalutamide
Data32_GSM5155457_TTGAGTGGTCTTACTT-1,0,enzalutamide
Data32_GSM5155457_TTGAGTGTCGCCTAGG-1,0,enzalutamide
Data32_GSM5155457_TTGATGGCAAGACGGT-1,0,enzalutamide
Data32_GSM5155457_TTGATGGCATCATTGG-1,0,enzalutamide
Data32_GSM5155457_TTGATGGGTACCCACG-1,0,enzalutamide
Data32_GSM5155457_TTGATGGGTAGCGTAG-1,0,enzalutamide
Data32_GSM5155457_TTGATGGGTGAGTTTC-1,0,enzalutamide
Data32_GSM5155457_TTGATGGGTGCATCTA-1,0,enzalutamide
Data32_GSM5155457_TTGATGGGTGGCATCC-1,0,enzalutamide
Data32_GSM5155457_TTGATGGTCGACCCAG-1,0,enzalutamide
Data32_GSM5155457_TTGCATTAGCAGCACA-1,0,enzalutamide
Data32_GSM5155457_TTGCATTCATGACTCA-1,0,enzalutamide
Data32_GSM5155457_TTGCATTTCTGGCCTT-1,0,enzalutamide
Data32_GSM5155457_TTGCCTGAGGGAGTTC-1,0,enzalutamide
Data32_GSM5155457_TTGCCTGCATTGGATC-1,0,enzalutamide
Data32_GSM5155457_TTGCCTGGTTTAGACC-1,0,enzalutamide
Data32_GSM5155457_TTGCGTCAGCGCTGAA-1,0,enzalutamide
Data32_GSM5155457_TTGCGTCTCCTCGATC-1,0,enzalutamide
Data32_GSM5155457_TTGCTGCCATAGAAAC-1,0,enzalutamide
Data32_GSM5155457_TTGCTGCGTCCCGTGA-1,0,enzalutamide
Data32_GSM5155457_TTGCTGCGTTCCTACC-1,0,enzalutamide
Data32_GSM5155457_TTGCTGCTCTTAGCTT-1,0,enzalutamide
Data32_GSM5155457_TTGGATGGTCAGATTC-1,0,enzalutamide
Data32_GSM5155457_TTGGATGGTGGCGTAA-1,0,enzalutamide
Data32_GSM5155457_TTGGGATAGAGGTGCT-1,0,enzalutamide
Data32_GSM5155457_TTGGGATCACTACGGC-1,0,enzalutamide
Data32_GSM5155457_TTGGGATGTAGAATAC-1,0,enzalutamide
Data32_GSM5155457_TTGGGATGTTACCTGA-1,0,enzalutamide
Data32_GSM5155457_TTGGGATTCCTCAGAA-1,0,enzalutamide
Data32_GSM5155457_TTGGGCGAGCGTTCAT-1,0,enzalutamide
Data32_GSM5155457_TTGGGCGCACGAGGAT-1,0,enzalutamide
Data32_GSM5155457_TTGGGCGCACTACACA-1,0,enzalutamide
Data32_GSM5155457_TTGGGTACATAGCACT-1,0,enzalutamide
Data32_GSM5155457_TTGGGTAGTTCCGCTT-1,0,enzalutamide
Data32_GSM5155457_TTGGGTATCATCTCTA-1,0,enzalutamide
Data32_GSM5155457_TTGGGTATCCACGTGG-1,0,enzalutamide
Data32_GSM5155457_TTGGTTTGTATGGTAA-1,0,enzalutamide
Data32_GSM5155457_TTGGTTTGTCTACAGT-1,0,enzalutamide
Data32_GSM5155457_TTGGTTTGTGTGTCCG-1,0,enzalutamide
Data32_GSM5155457_TTGGTTTTCATTGCCC-1,0,enzalutamide
Data32_GSM5155457_TTGTGGAAGAAGCGGG-1,0,enzalutamide
Data32_GSM5155457_TTGTGGAAGACTTCCA-1,0,enzalutamide
Data32_GSM5155457_TTGTGGAAGCTCAGAG-1,0,enzalutamide
Data32_GSM5155457_TTGTGGAGTGAACTAA-1,0,enzalutamide
Data32_GSM5155457_TTGTGGATCGTAGCTA-1,0,enzalutamide
Data32_GSM5155457_TTGTGTTAGTTCCATG-1,0,enzalutamide
Data32_GSM5155457_TTGTGTTGTATTAAGG-1,0,enzalutamide
Data32_GSM5155457_TTGTGTTGTGACACGA-1,0,enzalutamide
Data32_GSM5155457_TTGTGTTTCGAACTCA-1,0,enzalutamide
Data32_GSM5155457_TTGTTCAAGAGTCTGG-1,0,enzalutamide
Data32_GSM5155457_TTGTTCACAAGTATAG-1,0,enzalutamide
Data32_GSM5155457_TTGTTCACACTTGGCG-1,0,enzalutamide
Data32_GSM5155457_TTGTTCACATGACTGT-1,0,enzalutamide
Data32_GSM5155457_TTGTTCATCTGTGCAA-1,0,enzalutamide
Data32_GSM5155457_TTGTTGTCAAGCAATA-1,0,enzalutamide
Data32_GSM5155457_TTGTTGTCACTTGACA-1,0,enzalutamide
Data32_GSM5155457_TTGTTGTTCCAAGCCG-1,0,enzalutamide
Data32_GSM5155457_TTGTTGTTCTGGGTCG-1,0,enzalutamide
Data32_GSM5155457_TTGTTTGAGAGCCCAA-1,0,enzalutamide
Data32_GSM5155457_TTGTTTGAGCGCGTTC-1,0,enzalutamide
Data32_GSM5155457_TTGTTTGCAACGGCCT-1,0,enzalutamide
Data32_GSM5155457_TTGTTTGGTATAATGG-1,0,enzalutamide
Data32_GSM5155457_TTTACCAAGTAGTCTC-1,0,enzalutamide
Data32_GSM5155457_TTTACCAGTACGACTT-1,0,enzalutamide
Data32_GSM5155457_TTTACCAGTCCATCTC-1,0,enzalutamide
Data32_GSM5155457_TTTACCAGTCCTCAGG-1,0,enzalutamide
Data32_GSM5155457_TTTACCAGTTTCGTTT-1,0,enzalutamide
Data32_GSM5155457_TTTACCATCACGAGGA-1,0,enzalutamide
Data32_GSM5155457_TTTACGTTCATGGATC-1,0,enzalutamide
Data32_GSM5155457_TTTACTGCATATGCGT-1,0,enzalutamide
Data32_GSM5155457_TTTACTGTCAGAGCAG-1,0,enzalutamide
Data32_GSM5155457_TTTAGTCCATCCCGTT-1,0,enzalutamide
Data32_GSM5155457_TTTAGTCCATGCCGAC-1,0,enzalutamide
Data32_GSM5155457_TTTAGTCTCATCTATC-1,0,enzalutamide
Data32_GSM5155457_TTTAGTCTCGGCCTTT-1,0,enzalutamide
Data32_GSM5155457_TTTATGCAGGTACATA-1,0,enzalutamide
Data32_GSM5155457_TTTATGCCAAATGGTA-1,0,enzalutamide
Data32_GSM5155457_TTTATGCCACAGGATG-1,0,enzalutamide
Data32_GSM5155457_TTTATGCCATGGACAG-1,0,enzalutamide
Data32_GSM5155457_TTTATGCGTTACCTGA-1,0,enzalutamide
Data32_GSM5155457_TTTATGCTCAGACCTA-1,0,enzalutamide
Data32_GSM5155457_TTTATGCTCGCAGTCG-1,0,enzalutamide
Data32_GSM5155457_TTTCACACAATCGCAT-1,0,enzalutamide
Data32_GSM5155457_TTTCACACACTCACTC-1,0,enzalutamide
Data32_GSM5155457_TTTCACACAGCTCCTT-1,0,enzalutamide
Data32_GSM5155457_TTTCACAGTGCACATT-1,0,enzalutamide
Data32_GSM5155457_TTTCACATCAAGGTGG-1,0,enzalutamide
Data32_GSM5155457_TTTCACATCTTGTTAC-1,0,enzalutamide
Data32_GSM5155457_TTTCAGTAGCTAATGA-1,0,enzalutamide
Data32_GSM5155457_TTTCAGTGTCCTCAGG-1,0,enzalutamide
Data32_GSM5155457_TTTCATGAGCGATCGA-1,0,enzalutamide
Data32_GSM5155457_TTTCATGCAAACACGG-1,0,enzalutamide
Data32_GSM5155457_TTTCATGTCGTTCTCG-1,0,enzalutamide
Data32_GSM5155457_TTTCATGTCTAATTCC-1,0,enzalutamide
Data32_GSM5155457_TTTCATGTCTCTTAAC-1,0,enzalutamide
Data32_GSM5155457_TTTCCTCAGGTCCCTG-1,0,enzalutamide
Data32_GSM5155457_TTTCCTCAGTCGAATA-1,0,enzalutamide
Data32_GSM5155457_TTTCCTCCAGCCGTTG-1,0,enzalutamide
Data32_GSM5155457_TTTCCTCCAGCTACTA-1,0,enzalutamide
Data32_GSM5155457_TTTCCTCCAGGCGTTC-1,0,enzalutamide
Data32_GSM5155457_TTTCCTCGTGCCTACG-1,0,enzalutamide
Data32_GSM5155457_TTTCCTCTCAATCCGA-1,0,enzalutamide
Data32_GSM5155457_TTTCCTCTCCCATAGA-1,0,enzalutamide
Data32_GSM5155457_TTTCCTCTCGGAGCAA-1,0,enzalutamide
Data32_GSM5155457_TTTCCTCTCGGTCAGC-1,0,enzalutamide
Data32_GSM5155457_TTTCCTCTCTGCCTCA-1,0,enzalutamide
Data32_GSM5155457_TTTCGATAGACTCATC-1,0,enzalutamide
Data32_GSM5155457_TTTCGATCAACGGCTC-1,0,enzalutamide
Data32_GSM5155457_TTTCGATGTAACGGTG-1,0,enzalutamide
Data32_GSM5155457_TTTCGATGTAGTCCTA-1,0,enzalutamide
Data32_GSM5155457_TTTCGATTCAAGTCTG-1,0,enzalutamide
Data32_GSM5155457_TTTGACTAGTATGACA-1,0,enzalutamide
Data32_GSM5155457_TTTGACTGTAGCCAGA-1,0,enzalutamide
Data32_GSM5155457_TTTGACTGTTCCACAA-1,0,enzalutamide
Data32_GSM5155457_TTTGACTTCGTGACTA-1,0,enzalutamide
Data32_GSM5155457_TTTGACTTCTCAAAGC-1,0,enzalutamide
Data32_GSM5155457_TTTGATCCAATTTCGG-1,0,enzalutamide
Data32_GSM5155457_TTTGATCGTCCACTTC-1,0,enzalutamide
Data32_GSM5155457_TTTGATCTCAAACCTG-1,0,enzalutamide
Data32_GSM5155457_TTTGGAGCAAACTAGA-1,0,enzalutamide
Data32_GSM5155457_TTTGGAGCACAGCATT-1,0,enzalutamide
Data32_GSM5155457_TTTGGAGCAGACCGCT-1,0,enzalutamide
Data32_GSM5155457_TTTGGAGTCGAGTGGA-1,0,enzalutamide
Data32_GSM5155457_TTTGGAGTCGATTCCC-1,0,enzalutamide
Data32_GSM5155457_TTTGGAGTCGTCCTTG-1,0,enzalutamide
Data32_GSM5155457_TTTGGTTAGGGCATGT-1,0,enzalutamide
Data32_GSM5155457_TTTGGTTAGTTAACGA-1,0,enzalutamide
Data32_GSM5155457_TTTGGTTCAATGCAAA-1,0,enzalutamide
Data32_GSM5155457_TTTGGTTGTACACGTT-1,0,enzalutamide
Data32_GSM5155457_TTTGTTGAGCAAGTCG-1,0,enzalutamide
Data32_GSM5155457_TTTGTTGCAATCGCAT-1,0,enzalutamide
Data32_GSM5155457_TTTGTTGCAGATACTC-1,0,enzalutamide
Data32_GSM5155457_TTTGTTGGTCAATCTG-1,0,enzalutamide
Data32_GSM5155457_TTTGTTGTCAGCTTCC-1,0,enzalutamide
Data32_GSM5155457_TTTGTTGTCGGTCGGT-1,0,enzalutamide
Data32_GSM5155458_AAACCCACAAACGGCA-1,0,enzalutamide
Data32_GSM5155458_AAACCCACAGGTTTAC-1,0,enzalutamide
Data32_GSM5155458_AAACCCACATCTGTTT-1,0,enzalutamide
Data32_GSM5155458_AAACCCAGTACAGCGA-1,0,enzalutamide
Data32_GSM5155458_AAACCCAGTGCAGTGA-1,0,enzalutamide
Data32_GSM5155458_AAACCCATCCTCAGGG-1,0,enzalutamide
Data32_GSM5155458_AAACGAACACTGCTTC-1,0,enzalutamide
Data32_GSM5155458_AAACGCTCACCTTCGT-1,0,enzalutamide
Data32_GSM5155458_AAACGCTGTAGCGTCC-1,0,enzalutamide
Data32_GSM5155458_AAACGCTGTTTACCAG-1,0,enzalutamide
Data32_GSM5155458_AAAGAACCAAAGAGTT-1,0,enzalutamide
Data32_GSM5155458_AAAGAACGTGTAGCAG-1,0,enzalutamide
Data32_GSM5155458_AAAGAACTCCATCCGT-1,0,enzalutamide
Data32_GSM5155458_AAAGAACTCCTACACC-1,0,enzalutamide
Data32_GSM5155458_AAAGAACTCTGTACAG-1,0,enzalutamide
Data32_GSM5155458_AAAGGATAGACCAAGC-1,0,enzalutamide
Data32_GSM5155458_AAAGGATAGCACGGAT-1,0,enzalutamide
Data32_GSM5155458_AAAGGATGTACTTCCC-1,0,enzalutamide
Data32_GSM5155458_AAAGGATGTGAGACGT-1,0,enzalutamide
Data32_GSM5155458_AAAGGATTCAGCTCTC-1,0,enzalutamide
Data32_GSM5155458_AAAGGATTCCTACCGT-1,0,enzalutamide
Data32_GSM5155458_AAAGGGCAGGCTGTAG-1,0,enzalutamide
Data32_GSM5155458_AAAGGGCCATGAATAG-1,0,enzalutamide
Data32_GSM5155458_AAAGGGCGTCGTACAT-1,0,enzalutamide
Data32_GSM5155458_AAAGGGCGTTAAACAG-1,0,enzalutamide
Data32_GSM5155458_AAAGGGCTCATGCCAA-1,0,enzalutamide
Data32_GSM5155458_AAAGGGCTCGTCGGGT-1,0,enzalutamide
Data32_GSM5155458_AAAGGTAAGACGCCAA-1,0,enzalutamide
Data32_GSM5155458_AAAGGTAAGTGACCTT-1,0,enzalutamide
Data32_GSM5155458_AAAGGTAGTAATGCTC-1,0,enzalutamide
Data32_GSM5155458_AAAGGTAGTGGCAGAT-1,0,enzalutamide
Data32_GSM5155458_AAAGGTATCAACCCGG-1,0,enzalutamide
Data32_GSM5155458_AAAGTCCAGGCTCACC-1,0,enzalutamide
Data32_GSM5155458_AAAGTCCCATTGACAC-1,0,enzalutamide
Data32_GSM5155458_AAAGTCCTCTGGAAGG-1,0,enzalutamide
Data32_GSM5155458_AAAGTGAAGATCGACG-1,0,enzalutamide
Data32_GSM5155458_AAAGTGAAGATTACCC-1,0,enzalutamide
Data32_GSM5155458_AAAGTGATCAGAGTTC-1,0,enzalutamide
Data32_GSM5155458_AAAGTGATCGACGATT-1,0,enzalutamide
Data32_GSM5155458_AAATGGAGTACGAGCA-1,0,enzalutamide
Data32_GSM5155458_AACAAAGAGTGCTCAT-1,0,enzalutamide
Data32_GSM5155458_AACAAAGGTAAGGCTG-1,0,enzalutamide
Data32_GSM5155458_AACAAAGTCGTCGCTT-1,0,enzalutamide
Data32_GSM5155458_AACAACCAGACGACGT-1,0,enzalutamide
Data32_GSM5155458_AACAACCAGTTGTCGT-1,0,enzalutamide
Data32_GSM5155458_AACAACCCAAAGGCGT-1,0,enzalutamide
Data32_GSM5155458_AACAACCCACTAGTAC-1,0,enzalutamide
Data32_GSM5155458_AACAACCGTTTCACTT-1,0,enzalutamide
Data32_GSM5155458_AACAACCTCTGAGCAT-1,0,enzalutamide
Data32_GSM5155458_AACAAGAAGGGAGATA-1,0,enzalutamide
Data32_GSM5155458_AACACACAGCTACAAA-1,0,enzalutamide
Data32_GSM5155458_AACACACTCAGGAGAC-1,0,enzalutamide
Data32_GSM5155458_AACAGGGCAGTAACCT-1,0,enzalutamide
Data32_GSM5155458_AACAGGGGTATGGGAC-1,0,enzalutamide
Data32_GSM5155458_AACAGGGTCTATACTC-1,0,enzalutamide
Data32_GSM5155458_AACCAACAGCTGAGTG-1,0,enzalutamide
Data32_GSM5155458_AACCAACCAGTCGAGA-1,0,enzalutamide
Data32_GSM5155458_AACCAACGTGCTAGCC-1,0,enzalutamide
Data32_GSM5155458_AACCAACTCAGCGCGT-1,0,enzalutamide
Data32_GSM5155458_AACCACAGTGTACAGG-1,0,enzalutamide
Data32_GSM5155458_AACCACATCCTCAGAA-1,0,enzalutamide
Data32_GSM5155458_AACCACATCTATTCGT-1,0,enzalutamide
Data32_GSM5155458_AACCATGGTTACCTGA-1,0,enzalutamide
Data32_GSM5155458_AACCATGTCACTGTCC-1,0,enzalutamide
Data32_GSM5155458_AACCATGTCCGATAGT-1,0,enzalutamide
Data32_GSM5155458_AACCCAAGTAAGGCCA-1,0,enzalutamide
Data32_GSM5155458_AACCCAAGTATCAGGG-1,0,enzalutamide
Data32_GSM5155458_AACCTGAAGCCTTTCC-1,0,enzalutamide
Data32_GSM5155458_AACCTGAAGGTAGCAC-1,0,enzalutamide
Data32_GSM5155458_AACCTGATCGTAACTG-1,0,enzalutamide
Data32_GSM5155458_AACCTGATCTAAGGAA-1,0,enzalutamide
Data32_GSM5155458_AACCTGATCTCCATAT-1,0,enzalutamide
Data32_GSM5155458_AACCTGATCTTGAACG-1,0,enzalutamide
Data32_GSM5155458_AACCTTTCAGTAGAGC-1,0,enzalutamide
Data32_GSM5155458_AACGAAAAGACGTCGA-1,0,enzalutamide
Data32_GSM5155458_AACGAAAAGCCTGAGA-1,0,enzalutamide
Data32_GSM5155458_AACGAAACACTACTTT-1,0,enzalutamide
Data32_GSM5155458_AACGAAACATCGCTGG-1,0,enzalutamide
Data32_GSM5155458_AACGGGAAGGCAATGC-1,0,enzalutamide
Data32_GSM5155458_AACGGGACATATACCG-1,0,enzalutamide
Data32_GSM5155458_AACGTCACAACGTAAA-1,0,enzalutamide
Data32_GSM5155458_AACGTCAGTGATAGTA-1,0,enzalutamide
Data32_GSM5155458_AACGTCATCCGCGAGT-1,0,enzalutamide
Data32_GSM5155458_AACTTCTAGAACTCCT-1,0,enzalutamide
Data32_GSM5155458_AACTTCTAGACATCAA-1,0,enzalutamide
Data32_GSM5155458_AACTTCTCAAAGTATG-1,0,enzalutamide
Data32_GSM5155458_AACTTCTGTTGTAAAG-1,0,enzalutamide
Data32_GSM5155458_AAGAACATCGTGGGTC-1,0,enzalutamide
Data32_GSM5155458_AAGACAAAGCGGTAAC-1,0,enzalutamide
Data32_GSM5155458_AAGACAACATGTGCCG-1,0,enzalutamide
Data32_GSM5155458_AAGACAAGTTAGGGTG-1,0,enzalutamide
Data32_GSM5155458_AAGACAATCATCGTAG-1,0,enzalutamide
Data32_GSM5155458_AAGACTCAGCGCTGCT-1,0,enzalutamide
Data32_GSM5155458_AAGACTCCAGAGGTAC-1,0,enzalutamide
Data32_GSM5155458_AAGACTCGTAACTTCG-1,0,enzalutamide
Data32_GSM5155458_AAGACTCGTTCTAACG-1,0,enzalutamide
Data32_GSM5155458_AAGACTCTCACGTAGT-1,0,enzalutamide
Data32_GSM5155458_AAGACTCTCCAATCCC-1,0,enzalutamide
Data32_GSM5155458_AAGACTCTCCTGCCAT-1,0,enzalutamide
Data32_GSM5155458_AAGATAGAGGATTTGA-1,0,enzalutamide
Data32_GSM5155458_AAGATAGAGTTTGCTG-1,0,enzalutamide
Data32_GSM5155458_AAGATAGCACGAGGTA-1,0,enzalutamide
Data32_GSM5155458_AAGATAGCATCCCGTT-1,0,enzalutamide
Data32_GSM5155458_AAGATAGGTAGCTTGT-1,0,enzalutamide
Data32_GSM5155458_AAGATAGGTTATTCCT-1,0,enzalutamide
Data32_GSM5155458_AAGCATCAGCAGGCAT-1,0,enzalutamide
Data32_GSM5155458_AAGCATCGTAGAGGAA-1,0,enzalutamide
Data32_GSM5155458_AAGCATCTCATTGCTT-1,0,enzalutamide
Data32_GSM5155458_AAGCATCTCCTGGGTG-1,0,enzalutamide
Data32_GSM5155458_AAGCCATCACCTGCGA-1,0,enzalutamide
Data32_GSM5155458_AAGCCATCAGCCTTCT-1,0,enzalutamide
Data32_GSM5155458_AAGCCATGTAATGATG-1,0,enzalutamide
Data32_GSM5155458_AAGCCATTCGCGTTTC-1,0,enzalutamide
Data32_GSM5155458_AAGCGAGCACCGGCTA-1,0,enzalutamide
Data32_GSM5155458_AAGCGTTAGACCAGCA-1,0,enzalutamide
Data32_GSM5155458_AAGCGTTAGAGAGTGA-1,0,enzalutamide
Data32_GSM5155458_AAGCGTTAGTTGGCGA-1,0,enzalutamide
Data32_GSM5155458_AAGCGTTCAATACCTG-1,0,enzalutamide
Data32_GSM5155458_AAGCGTTCACATGACT-1,0,enzalutamide
Data32_GSM5155458_AAGCGTTCAGCTACTA-1,0,enzalutamide
Data32_GSM5155458_AAGCGTTCAGTCCCGA-1,0,enzalutamide
Data32_GSM5155458_AAGCGTTTCACTGCTC-1,0,enzalutamide
Data32_GSM5155458_AAGGAATGTATTCCGA-1,0,enzalutamide
Data32_GSM5155458_AAGGAATGTGGACCAA-1,0,enzalutamide
Data32_GSM5155458_AAGGAATGTTCATCGA-1,0,enzalutamide
Data32_GSM5155458_AAGGAATGTTTCACAG-1,0,enzalutamide
Data32_GSM5155458_AAGGAATTCAACGCTA-1,0,enzalutamide
Data32_GSM5155458_AAGGAATTCTCGCCTA-1,0,enzalutamide
Data32_GSM5155458_AAGGTAACACCGTCTT-1,0,enzalutamide
Data32_GSM5155458_AAGGTAACAGGTGTGA-1,0,enzalutamide
Data32_GSM5155458_AAGGTAAGTTTACACG-1,0,enzalutamide
Data32_GSM5155458_AAGGTAATCAGTGTGT-1,0,enzalutamide
Data32_GSM5155458_AAGTACCAGAGAGTTT-1,0,enzalutamide
Data32_GSM5155458_AAGTACCAGCGCCCAT-1,0,enzalutamide
Data32_GSM5155458_AAGTACCTCCTCACCA-1,0,enzalutamide
Data32_GSM5155458_AAGTCGTCACTGCGAC-1,0,enzalutamide
Data32_GSM5155458_AAGTCGTGTATACGGG-1,0,enzalutamide
Data32_GSM5155458_AAGTCGTTCAAGATAG-1,0,enzalutamide
Data32_GSM5155458_AAGTGAACAGAACGCA-1,0,enzalutamide
Data32_GSM5155458_AAGTGAACATGAATAG-1,0,enzalutamide
Data32_GSM5155458_AAGTTCGAGAAATCCA-1,0,enzalutamide
Data32_GSM5155458_AAGTTCGAGGCACCAA-1,0,enzalutamide
Data32_GSM5155458_AAGTTCGCAAACGTGG-1,0,enzalutamide
Data32_GSM5155458_AAGTTCGCAGAGGACT-1,0,enzalutamide
Data32_GSM5155458_AAGTTCGTCAGTGGGA-1,0,enzalutamide
Data32_GSM5155458_AAGTTCGTCATTCCTA-1,0,enzalutamide
Data32_GSM5155458_AATAGAGCAGCTCTGG-1,0,enzalutamide
Data32_GSM5155458_AATAGAGCAGTACTAC-1,0,enzalutamide
Data32_GSM5155458_AATAGAGCATGTCGTA-1,0,enzalutamide
Data32_GSM5155458_AATAGAGGTTCGAGCC-1,0,enzalutamide
Data32_GSM5155458_AATAGAGTCCCTCATG-1,0,enzalutamide
Data32_GSM5155458_AATCACGCATTGCTGA-1,0,enzalutamide
Data32_GSM5155458_AATCACGTCCGGCTTT-1,0,enzalutamide
Data32_GSM5155458_AATCGTGCACTGCTTC-1,0,enzalutamide
Data32_GSM5155458_AATCGTGGTGGAAATT-1,0,enzalutamide
Data32_GSM5155458_AATCGTGGTTCCGGTG-1,0,enzalutamide
Data32_GSM5155458_AATCGTGTCAAGGACG-1,0,enzalutamide
Data32_GSM5155458_AATCGTGTCCTTCTGG-1,0,enzalutamide
Data32_GSM5155458_AATCGTGTCGAACTCA-1,0,enzalutamide
Data32_GSM5155458_AATCGTGTCGAGCCAC-1,0,enzalutamide
Data32_GSM5155458_AATGAAGGTAGACTGG-1,0,enzalutamide
Data32_GSM5155458_AATGAAGTCGTACCTC-1,0,enzalutamide
Data32_GSM5155458_AATGACCAGACCTTTG-1,0,enzalutamide
Data32_GSM5155458_AATGACCAGCTCACTA-1,0,enzalutamide
Data32_GSM5155458_AATGACCCATGATGCT-1,0,enzalutamide
Data32_GSM5155458_AATGACCTCTCCATAT-1,0,enzalutamide
Data32_GSM5155458_AATGCCAAGTGAGGTC-1,0,enzalutamide
Data32_GSM5155458_AATGCCACACAAATAG-1,0,enzalutamide
Data32_GSM5155458_AATGCCACAGCAGTAG-1,0,enzalutamide
Data32_GSM5155458_AATGCCACATACTGAC-1,0,enzalutamide
Data32_GSM5155458_AATGCCAGTCCCACGA-1,0,enzalutamide
Data32_GSM5155458_AATGGAAAGGACTAAT-1,0,enzalutamide
Data32_GSM5155458_AATGGAAGTCACCGCA-1,0,enzalutamide
Data32_GSM5155458_AATGGAAGTCGGAACA-1,0,enzalutamide
Data32_GSM5155458_AATGGCTGTTTCAGAC-1,0,enzalutamide
Data32_GSM5155458_AATTCCTAGAAACACT-1,0,enzalutamide
Data32_GSM5155458_AATTCCTAGCCTTGAT-1,0,enzalutamide
Data32_GSM5155458_AATTCCTTCGCTCTCA-1,0,enzalutamide
Data32_GSM5155458_AATTCCTTCGTACCTC-1,0,enzalutamide
Data32_GSM5155458_AATTTCCCATGCGTGC-1,0,enzalutamide
Data32_GSM5155458_AATTTCCGTTAATGAG-1,0,enzalutamide
Data32_GSM5155458_AATTTCCTCCATCACC-1,0,enzalutamide
Data32_GSM5155458_AATTTCCTCGGCTTCT-1,0,enzalutamide
Data32_GSM5155458_ACAAAGAAGAGGTTAT-1,0,enzalutamide
Data32_GSM5155458_ACAAAGAAGGCTTAGG-1,0,enzalutamide
Data32_GSM5155458_ACAAAGAAGTCGGCAA-1,0,enzalutamide
Data32_GSM5155458_ACAAAGATCTCCCAAC-1,0,enzalutamide
Data32_GSM5155458_ACAACCAAGATGAACT-1,0,enzalutamide
Data32_GSM5155458_ACAACCAAGCACGGAT-1,0,enzalutamide
Data32_GSM5155458_ACAACCACATCGGCCA-1,0,enzalutamide
Data32_GSM5155458_ACAACCAGTGGCATCC-1,0,enzalutamide
Data32_GSM5155458_ACAACCATCTCAACGA-1,0,enzalutamide
Data32_GSM5155458_ACAAGCTAGACCATTC-1,0,enzalutamide
Data32_GSM5155458_ACAAGCTAGCCTCTGG-1,0,enzalutamide
Data32_GSM5155458_ACAAGCTCAGATTAAG-1,0,enzalutamide
Data32_GSM5155458_ACAAGCTGTCGGCTAC-1,0,enzalutamide
Data32_GSM5155458_ACACAGTGTAAGATCA-1,0,enzalutamide
Data32_GSM5155458_ACACAGTGTCAAGCGA-1,0,enzalutamide
Data32_GSM5155458_ACACAGTGTTGCATTG-1,0,enzalutamide
Data32_GSM5155458_ACACCAACACCTCAGG-1,0,enzalutamide
Data32_GSM5155458_ACACCAATCAAGCCGC-1,0,enzalutamide
Data32_GSM5155458_ACACCAATCGGAAGGT-1,0,enzalutamide
Data32_GSM5155458_ACACGCGGTGTTCAGT-1,0,enzalutamide
Data32_GSM5155458_ACACTGAAGCTTTCCC-1,0,enzalutamide
Data32_GSM5155458_ACACTGATCGCCTATC-1,0,enzalutamide
Data32_GSM5155458_ACACTGATCTAGGCCG-1,0,enzalutamide
Data32_GSM5155458_ACAGAAACAACTCGTA-1,0,enzalutamide
Data32_GSM5155458_ACAGAAACAAGGTCGA-1,0,enzalutamide
Data32_GSM5155458_ACAGAAACAAGTGGAC-1,0,enzalutamide
Data32_GSM5155458_ACAGAAACATGATCTG-1,0,enzalutamide
Data32_GSM5155458_ACAGAAATCGTCGGGT-1,0,enzalutamide
Data32_GSM5155458_ACAGAAATCTCGCTTG-1,0,enzalutamide
Data32_GSM5155458_ACAGCCGCACTGTCGG-1,0,enzalutamide
Data32_GSM5155458_ACAGCCGCAGCGTACC-1,0,enzalutamide
Data32_GSM5155458_ACAGCCGGTGCCTACG-1,0,enzalutamide
Data32_GSM5155458_ACAGGGAAGACTCTTG-1,0,enzalutamide
Data32_GSM5155458_ACAGGGACAATGAGCG-1,0,enzalutamide
Data32_GSM5155458_ACAGGGACATCGGAGA-1,0,enzalutamide
Data32_GSM5155458_ACAGGGAGTAGCGTAG-1,0,enzalutamide
Data32_GSM5155458_ACAGGGATCAGTCTTT-1,0,enzalutamide
Data32_GSM5155458_ACATCCCCACTTCTCG-1,0,enzalutamide
Data32_GSM5155458_ACATCCCGTACGTAGG-1,0,enzalutamide
Data32_GSM5155458_ACATCCCGTGGGTCAA-1,0,enzalutamide
Data32_GSM5155458_ACATCGACAAACGGCA-1,0,enzalutamide
Data32_GSM5155458_ACATCGACACTTCTCG-1,0,enzalutamide
Data32_GSM5155458_ACATCGACAGCCGTTG-1,0,enzalutamide
Data32_GSM5155458_ACATCGATCCTCTTTC-1,0,enzalutamide
Data32_GSM5155458_ACATCGATCTTAGTTC-1,0,enzalutamide
Data32_GSM5155458_ACATGCAAGAAGTCAT-1,0,enzalutamide
Data32_GSM5155458_ACATGCAAGCTAGTTC-1,0,enzalutamide
Data32_GSM5155458_ACATGCACAGATCCTA-1,0,enzalutamide
Data32_GSM5155458_ACATGCACAGTATACC-1,0,enzalutamide
Data32_GSM5155458_ACATGCACATGTCGTA-1,0,enzalutamide
Data32_GSM5155458_ACATTTCAGGCGTCCT-1,0,enzalutamide
Data32_GSM5155458_ACATTTCCAACCACGC-1,0,enzalutamide
Data32_GSM5155458_ACATTTCCACAGTGAG-1,0,enzalutamide
Data32_GSM5155458_ACATTTCCAGCGGTCT-1,0,enzalutamide
Data32_GSM5155458_ACATTTCGTGGAAATT-1,0,enzalutamide
Data32_GSM5155458_ACATTTCTCGCGGTAC-1,0,enzalutamide
Data32_GSM5155458_ACATTTCTCGCTACAA-1,0,enzalutamide
Data32_GSM5155458_ACATTTCTCGTCGATA-1,0,enzalutamide
Data32_GSM5155458_ACCAAACAGTTCCGTA-1,0,enzalutamide
Data32_GSM5155458_ACCAAACCAAGAATGT-1,0,enzalutamide
Data32_GSM5155458_ACCAAACCACATTCTT-1,0,enzalutamide
Data32_GSM5155458_ACCAAACCAGCACACC-1,0,enzalutamide
Data32_GSM5155458_ACCAAACGTCCTCATC-1,0,enzalutamide
Data32_GSM5155458_ACCAAACTCACTCACC-1,0,enzalutamide
Data32_GSM5155458_ACCAAACTCTCGCGTT-1,0,enzalutamide
Data32_GSM5155458_ACCAACACAATTGAAG-1,0,enzalutamide
Data32_GSM5155458_ACCAACATCAGATGCT-1,0,enzalutamide
Data32_GSM5155458_ACCAACATCGATGGAG-1,0,enzalutamide
Data32_GSM5155458_ACCACAAAGAGTTGTA-1,0,enzalutamide
Data32_GSM5155458_ACCACAAAGCCGTCGT-1,0,enzalutamide
Data32_GSM5155458_ACCACAACAATACGAA-1,0,enzalutamide
Data32_GSM5155458_ACCACAAGTGTAGGAC-1,0,enzalutamide
Data32_GSM5155458_ACCACAATCATTGGTG-1,0,enzalutamide
Data32_GSM5155458_ACCACAATCCTTATAC-1,0,enzalutamide
Data32_GSM5155458_ACCACAATCGCGTGCA-1,0,enzalutamide
Data32_GSM5155458_ACCACAATCTGCATGA-1,0,enzalutamide
Data32_GSM5155458_ACCATTTAGAGGCGTT-1,0,enzalutamide
Data32_GSM5155458_ACCATTTCAGTCGGTC-1,0,enzalutamide
Data32_GSM5155458_ACCCAAACATGGAGAC-1,0,enzalutamide
Data32_GSM5155458_ACCCTCAAGGAGAATG-1,0,enzalutamide
Data32_GSM5155458_ACCCTCAGTCACCACG-1,0,enzalutamide
Data32_GSM5155458_ACCCTCAGTTCCGCGA-1,0,enzalutamide
Data32_GSM5155458_ACCCTCATCAGCAGAG-1,0,enzalutamide
Data32_GSM5155458_ACCCTCATCCGATCGG-1,0,enzalutamide
Data32_GSM5155458_ACCCTTGAGATGCTTC-1,0,enzalutamide
Data32_GSM5155458_ACCCTTGAGGGCCCTT-1,0,enzalutamide
Data32_GSM5155458_ACCCTTGCACAACGTT-1,0,enzalutamide
Data32_GSM5155458_ACCCTTGTCTGAACGT-1,0,enzalutamide
Data32_GSM5155458_ACCGTTCAGAGGCGTT-1,0,enzalutamide
Data32_GSM5155458_ACCGTTCTCCAGTGTA-1,0,enzalutamide
Data32_GSM5155458_ACCTACCAGACTCAAA-1,0,enzalutamide
Data32_GSM5155458_ACCTACCCAGCCTATA-1,0,enzalutamide
Data32_GSM5155458_ACCTACCGTACTGGGA-1,0,enzalutamide
Data32_GSM5155458_ACCTACCGTAGTCGGA-1,0,enzalutamide
Data32_GSM5155458_ACCTACCGTCACCACG-1,0,enzalutamide
Data32_GSM5155458_ACCTGAAAGAGTTCGG-1,0,enzalutamide
Data32_GSM5155458_ACCTGAACATAATCCG-1,0,enzalutamide
Data32_GSM5155458_ACCTGAATCCCGAATA-1,0,enzalutamide
Data32_GSM5155458_ACCTGAATCTCTAGGA-1,0,enzalutamide
Data32_GSM5155458_ACCTGTCAGACTCCGC-1,0,enzalutamide
Data32_GSM5155458_ACCTGTCAGAGTGTTA-1,0,enzalutamide
Data32_GSM5155458_ACCTGTCAGGATTCCT-1,0,enzalutamide
Data32_GSM5155458_ACCTGTCAGGCATTTC-1,0,enzalutamide
Data32_GSM5155458_ACCTGTCCACTGATTG-1,0,enzalutamide
Data32_GSM5155458_ACGATCAAGTACTGGG-1,0,enzalutamide
Data32_GSM5155458_ACGATCAGTCGAGCTC-1,0,enzalutamide
Data32_GSM5155458_ACGATGTCAGGCATTT-1,0,enzalutamide
Data32_GSM5155458_ACGATGTCAGGCGATA-1,0,enzalutamide
Data32_GSM5155458_ACGATGTGTATTGGCT-1,0,enzalutamide
Data32_GSM5155458_ACGATGTGTCACAGAG-1,0,enzalutamide
Data32_GSM5155458_ACGATGTGTTGTTTGG-1,0,enzalutamide
Data32_GSM5155458_ACGATGTTCCACTGAA-1,0,enzalutamide
Data32_GSM5155458_ACGCACGCAATCCTTT-1,0,enzalutamide
Data32_GSM5155458_ACGCACGCAATGCTCA-1,0,enzalutamide
Data32_GSM5155458_ACGCACGCACAACGTT-1,0,enzalutamide
Data32_GSM5155458_ACGCACGCAGTCAGAG-1,0,enzalutamide
Data32_GSM5155458_ACGGAAGCATGCAGGA-1,0,enzalutamide
Data32_GSM5155458_ACGGAAGGTCGACTGC-1,0,enzalutamide
Data32_GSM5155458_ACGGGTCAGGGTCACA-1,0,enzalutamide
Data32_GSM5155458_ACGGGTCCAGCAGAAC-1,0,enzalutamide
Data32_GSM5155458_ACGGGTCGTAGACGTG-1,0,enzalutamide
Data32_GSM5155458_ACGGTCGCAGTCGCAC-1,0,enzalutamide
Data32_GSM5155458_ACGGTCGGTAGCCCTG-1,0,enzalutamide
Data32_GSM5155458_ACGGTTACAGAGGCAT-1,0,enzalutamide
Data32_GSM5155458_ACGGTTACAGTTCCAA-1,0,enzalutamide
Data32_GSM5155458_ACGGTTACATGTAACC-1,0,enzalutamide
Data32_GSM5155458_ACGTAACAGATTAGCA-1,0,enzalutamide
Data32_GSM5155458_ACGTAACAGGATGTTA-1,0,enzalutamide
Data32_GSM5155458_ACGTACAAGACTACCT-1,0,enzalutamide
Data32_GSM5155458_ACGTACAAGGCAGGGA-1,0,enzalutamide
Data32_GSM5155458_ACGTACACACGCCACA-1,0,enzalutamide
Data32_GSM5155458_ACGTACACACGGGCTT-1,0,enzalutamide
Data32_GSM5155458_ACGTACAGTCCACTCT-1,0,enzalutamide
Data32_GSM5155458_ACGTACAGTGAGATAT-1,0,enzalutamide
Data32_GSM5155458_ACGTACAGTTACACAC-1,0,enzalutamide
Data32_GSM5155458_ACGTACATCTACACAG-1,0,enzalutamide
Data32_GSM5155458_ACGTAGTCATGACGAG-1,0,enzalutamide
Data32_GSM5155458_ACGTAGTCATGCCATA-1,0,enzalutamide
Data32_GSM5155458_ACGTAGTGTACGATGG-1,0,enzalutamide
Data32_GSM5155458_ACGTAGTTCTTTACAC-1,0,enzalutamide
Data32_GSM5155458_ACGTCCTAGAGGTCGT-1,0,enzalutamide
Data32_GSM5155458_ACGTCCTTCTTCGTAT-1,0,enzalutamide
Data32_GSM5155458_ACGTTCCAGTGCAGGT-1,0,enzalutamide
Data32_GSM5155458_ACGTTCCAGTGCTCGC-1,0,enzalutamide
Data32_GSM5155458_ACGTTCCCAGTTGCGC-1,0,enzalutamide
Data32_GSM5155458_ACGTTCCGTACAGAAT-1,0,enzalutamide
Data32_GSM5155458_ACGTTCCTCATCGCCT-1,0,enzalutamide
Data32_GSM5155458_ACGTTCCTCGGCATTA-1,0,enzalutamide
Data32_GSM5155458_ACGTTCCTCTGGACTA-1,0,enzalutamide
Data32_GSM5155458_ACTACGAAGGATTTAG-1,0,enzalutamide
Data32_GSM5155458_ACTACGACAATTGAAG-1,0,enzalutamide
Data32_GSM5155458_ACTACGATCTCCGCAT-1,0,enzalutamide
Data32_GSM5155458_ACTATCTAGACCCTTA-1,0,enzalutamide
Data32_GSM5155458_ACTATCTAGAGGCGGA-1,0,enzalutamide
Data32_GSM5155458_ACTATCTAGGCTTCCG-1,0,enzalutamide
Data32_GSM5155458_ACTATCTCACAAATAG-1,0,enzalutamide
Data32_GSM5155458_ACTATCTCATGGCTGC-1,0,enzalutamide
Data32_GSM5155458_ACTATCTGTATCGAGG-1,0,enzalutamide
Data32_GSM5155458_ACTATCTTCACCTTAT-1,0,enzalutamide
Data32_GSM5155458_ACTATGGAGACTAAGT-1,0,enzalutamide
Data32_GSM5155458_ACTATGGTCCAGTTCC-1,0,enzalutamide
Data32_GSM5155458_ACTATGGTCGAATCCA-1,0,enzalutamide
Data32_GSM5155458_ACTATTCAGCCAAGCA-1,0,enzalutamide
Data32_GSM5155458_ACTATTCCAGGTACGA-1,0,enzalutamide
Data32_GSM5155458_ACTATTCTCCACTTCG-1,0,enzalutamide
Data32_GSM5155458_ACTATTCTCCATAGGT-1,0,enzalutamide
Data32_GSM5155458_ACTCCCAGTTTCAGAC-1,0,enzalutamide
Data32_GSM5155458_ACTCCCATCATTCGGA-1,0,enzalutamide
Data32_GSM5155458_ACTCTCGAGGCCTGAA-1,0,enzalutamide
Data32_GSM5155458_ACTCTCGGTCTTGAGT-1,0,enzalutamide
Data32_GSM5155458_ACTCTCGGTGCGAACA-1,0,enzalutamide
Data32_GSM5155458_ACTCTCGTCGAGAACG-1,0,enzalutamide
Data32_GSM5155458_ACTGATGCAAGCGAGT-1,0,enzalutamide
Data32_GSM5155458_ACTGATGCAATGCAGG-1,0,enzalutamide
Data32_GSM5155458_ACTGATGTCAAACCCA-1,0,enzalutamide
Data32_GSM5155458_ACTGATGTCACTACGA-1,0,enzalutamide
Data32_GSM5155458_ACTGCAACAAAGGCGT-1,0,enzalutamide
Data32_GSM5155458_ACTGCAAGTAGACACG-1,0,enzalutamide
Data32_GSM5155458_ACTGCAAGTCGATTAC-1,0,enzalutamide
Data32_GSM5155458_ACTGCAATCAAGGTGG-1,0,enzalutamide
Data32_GSM5155458_ACTGCAATCACTTGTT-1,0,enzalutamide
Data32_GSM5155458_ACTGCAATCGAACGCC-1,0,enzalutamide
Data32_GSM5155458_ACTGCAATCGGAACTT-1,0,enzalutamide
Data32_GSM5155458_ACTGCAATCGGCCCAA-1,0,enzalutamide
Data32_GSM5155458_ACTGTCCGTACTCAAC-1,0,enzalutamide
Data32_GSM5155458_ACTGTCCGTCGCCACA-1,0,enzalutamide
Data32_GSM5155458_ACTGTCCGTGTTTACG-1,0,enzalutamide
Data32_GSM5155458_ACTGTCCGTTATGTCG-1,0,enzalutamide
Data32_GSM5155458_ACTGTCCTCAAGTTGC-1,0,enzalutamide
Data32_GSM5155458_ACTGTCCTCCAATGCA-1,0,enzalutamide
Data32_GSM5155458_ACTGTCCTCGAGATAA-1,0,enzalutamide
Data32_GSM5155458_ACTGTGACACCCAATA-1,0,enzalutamide
Data32_GSM5155458_ACTGTGATCCGATCTC-1,0,enzalutamide
Data32_GSM5155458_ACTGTGATCTGTAACG-1,0,enzalutamide
Data32_GSM5155458_ACTTAGGCAGCAGTCC-1,0,enzalutamide
Data32_GSM5155458_ACTTAGGCAGGTATGG-1,0,enzalutamide
Data32_GSM5155458_ACTTAGGGTACTCGAT-1,0,enzalutamide
Data32_GSM5155458_ACTTATCCACCTGCGA-1,0,enzalutamide
Data32_GSM5155458_ACTTATCCATGACGTT-1,0,enzalutamide
Data32_GSM5155458_ACTTATCTCCAACACA-1,0,enzalutamide
Data32_GSM5155458_ACTTCCGAGAAGTCAT-1,0,enzalutamide
Data32_GSM5155458_ACTTCCGCAAGGAGTC-1,0,enzalutamide
Data32_GSM5155458_ACTTCCGGTCCACGCA-1,0,enzalutamide
Data32_GSM5155458_ACTTCCGTCACTTTGT-1,0,enzalutamide
Data32_GSM5155458_ACTTCCGTCATTGCTT-1,0,enzalutamide
Data32_GSM5155458_ACTTCGCAGACTACGG-1,0,enzalutamide
Data32_GSM5155458_ACTTCGCAGGTAATCA-1,0,enzalutamide
Data32_GSM5155458_ACTTCGCCACATAACC-1,0,enzalutamide
Data32_GSM5155458_ACTTCGCCAGCTCATA-1,0,enzalutamide
Data32_GSM5155458_ACTTCGCTCACGAGGA-1,0,enzalutamide
Data32_GSM5155458_ACTTTCAGTCCAACGC-1,0,enzalutamide
Data32_GSM5155458_ACTTTCAGTGCGTTTA-1,0,enzalutamide
Data32_GSM5155458_ACTTTCAGTTGAGAGC-1,0,enzalutamide
Data32_GSM5155458_ACTTTCATCAAACCCA-1,0,enzalutamide
Data32_GSM5155458_ACTTTCATCCCAACTC-1,0,enzalutamide
Data32_GSM5155458_ACTTTCATCGGAACTT-1,0,enzalutamide
Data32_GSM5155458_ACTTTGTCACTGGCGT-1,0,enzalutamide
Data32_GSM5155458_ACTTTGTCATCAGTGT-1,0,enzalutamide
Data32_GSM5155458_ACTTTGTGTAGGAGTC-1,0,enzalutamide
Data32_GSM5155458_ACTTTGTGTTCCTTGC-1,0,enzalutamide
Data32_GSM5155458_ACTTTGTGTTCTCTAT-1,0,enzalutamide
Data32_GSM5155458_ACTTTGTTCCCGAGAC-1,0,enzalutamide
Data32_GSM5155458_AGAAATGAGCTAAACA-1,0,enzalutamide
Data32_GSM5155458_AGAAATGAGTCAACAA-1,0,enzalutamide
Data32_GSM5155458_AGAAATGCAAGCGAAC-1,0,enzalutamide
Data32_GSM5155458_AGAAATGCACGTCATA-1,0,enzalutamide
Data32_GSM5155458_AGAAATGGTACAACGG-1,0,enzalutamide
Data32_GSM5155458_AGAAATGGTGAAAGTT-1,0,enzalutamide
Data32_GSM5155458_AGAAATGTCGAAGCCC-1,0,enzalutamide
Data32_GSM5155458_AGAAATGTCTTCGCTG-1,0,enzalutamide
Data32_GSM5155458_AGAACAACAGCTCATA-1,0,enzalutamide
Data32_GSM5155458_AGAACAAGTAGCACAG-1,0,enzalutamide
Data32_GSM5155458_AGAACAAGTGTGTGGA-1,0,enzalutamide
Data32_GSM5155458_AGAACCTAGCGTGAGT-1,0,enzalutamide
Data32_GSM5155458_AGAACCTCAACGCCCA-1,0,enzalutamide
Data32_GSM5155458_AGAACCTCATACCACA-1,0,enzalutamide
Data32_GSM5155458_AGAACCTCATGACTTG-1,0,enzalutamide
Data32_GSM5155458_AGAAGCGCACCCAAGC-1,0,enzalutamide
Data32_GSM5155458_AGAAGCGGTCTGTAAC-1,0,enzalutamide
Data32_GSM5155458_AGAAGCGGTGACCTGC-1,0,enzalutamide
Data32_GSM5155458_AGAAGTACACAGCGCT-1,0,enzalutamide
Data32_GSM5155458_AGAAGTACACCATATG-1,0,enzalutamide
Data32_GSM5155458_AGAAGTACAGCTCGGT-1,0,enzalutamide
Data32_GSM5155458_AGAAGTAGTCCGTACG-1,0,enzalutamide
Data32_GSM5155458_AGACAAACAACTCGAT-1,0,enzalutamide
Data32_GSM5155458_AGACAAACATCAACCA-1,0,enzalutamide
Data32_GSM5155458_AGACAAACATCTTCGC-1,0,enzalutamide
Data32_GSM5155458_AGACAAAGTGAGTTGG-1,0,enzalutamide
Data32_GSM5155458_AGACAAAGTTCAAAGA-1,0,enzalutamide
Data32_GSM5155458_AGACAAAGTTCAGCTA-1,0,enzalutamide
Data32_GSM5155458_AGACAAATCTATCGGA-1,0,enzalutamide
Data32_GSM5155458_AGACACTCATCCCGTT-1,0,enzalutamide
Data32_GSM5155458_AGACACTTCCGGTAGC-1,0,enzalutamide
Data32_GSM5155458_AGACAGGAGACGTCGA-1,0,enzalutamide
Data32_GSM5155458_AGACAGGAGGTTGAGC-1,0,enzalutamide
Data32_GSM5155458_AGACAGGGTAATTAGG-1,0,enzalutamide
Data32_GSM5155458_AGACAGGGTGTTGACT-1,0,enzalutamide
Data32_GSM5155458_AGACCATGTACTGACT-1,0,enzalutamide
Data32_GSM5155458_AGACCATGTTCGAGCC-1,0,enzalutamide
Data32_GSM5155458_AGACCCGAGAACGTGC-1,0,enzalutamide
Data32_GSM5155458_AGACCCGCAAGTGCAG-1,0,enzalutamide
Data32_GSM5155458_AGACTCAAGGGACCAT-1,0,enzalutamide
Data32_GSM5155458_AGACTCACAAGTACCT-1,0,enzalutamide
Data32_GSM5155458_AGACTCACACATACTG-1,0,enzalutamide
Data32_GSM5155458_AGACTCATCACGATCA-1,0,enzalutamide
Data32_GSM5155458_AGAGAATAGCGTTACT-1,0,enzalutamide
Data32_GSM5155458_AGAGAGCAGGAAGTAG-1,0,enzalutamide
Data32_GSM5155458_AGAGAGCAGGTTGGTG-1,0,enzalutamide
Data32_GSM5155458_AGAGAGCAGTACTGGG-1,0,enzalutamide
Data32_GSM5155458_AGAGAGCTCATGCGGC-1,0,enzalutamide
Data32_GSM5155458_AGAGCAGAGAGATGCC-1,0,enzalutamide
Data32_GSM5155458_AGAGCAGAGATGCTTC-1,0,enzalutamide
Data32_GSM5155458_AGAGCAGCACAGAGCA-1,0,enzalutamide
Data32_GSM5155458_AGAGCAGCACGACGCT-1,0,enzalutamide
Data32_GSM5155458_AGAGCAGCACTCCTGT-1,0,enzalutamide
Data32_GSM5155458_AGAGCAGCAGTTCCAA-1,0,enzalutamide
Data32_GSM5155458_AGAGCCCAGCCACAAG-1,0,enzalutamide
Data32_GSM5155458_AGAGCCCAGGCCATAG-1,0,enzalutamide
Data32_GSM5155458_AGAGCCCGTATACGGG-1,0,enzalutamide
Data32_GSM5155458_AGAGCCCTCCCTCAAC-1,0,enzalutamide
Data32_GSM5155458_AGAGCCCTCGCTTTAT-1,0,enzalutamide
Data32_GSM5155458_AGAGCCCTCGGACAAG-1,0,enzalutamide
Data32_GSM5155458_AGAGCCCTCTTGGTCC-1,0,enzalutamide
Data32_GSM5155458_AGATAGAAGAAGGCTC-1,0,enzalutamide
Data32_GSM5155458_AGATAGACACTGATTG-1,0,enzalutamide
Data32_GSM5155458_AGATAGACACTGCTTC-1,0,enzalutamide
Data32_GSM5155458_AGATAGATCCGTGTAA-1,0,enzalutamide
Data32_GSM5155458_AGATCCAAGCTTTCCC-1,0,enzalutamide
Data32_GSM5155458_AGATCCAAGTGACCTT-1,0,enzalutamide
Data32_GSM5155458_AGATCCACAATTGCGT-1,0,enzalutamide
Data32_GSM5155458_AGATCCAGTGTCTTCC-1,0,enzalutamide
Data32_GSM5155458_AGATCCATCCTCGATC-1,0,enzalutamide
Data32_GSM5155458_AGATCGTAGGTAAACT-1,0,enzalutamide
Data32_GSM5155458_AGATCGTGTCCTTAAG-1,0,enzalutamide
Data32_GSM5155458_AGATCGTGTGACACAG-1,0,enzalutamide
Data32_GSM5155458_AGATCGTTCTCCACTG-1,0,enzalutamide
Data32_GSM5155458_AGATGAAAGCACGATG-1,0,enzalutamide
Data32_GSM5155458_AGATGAAAGTTGCTCA-1,0,enzalutamide
Data32_GSM5155458_AGATGAAGTATCGTGT-1,0,enzalutamide
Data32_GSM5155458_AGATGAATCCACAAGT-1,0,enzalutamide
Data32_GSM5155458_AGATGAATCTCACCCA-1,0,enzalutamide
Data32_GSM5155458_AGATGCTAGCCAAGGT-1,0,enzalutamide
Data32_GSM5155458_AGATGCTCATGTGACT-1,0,enzalutamide
Data32_GSM5155458_AGATGCTGTCAACATC-1,0,enzalutamide
Data32_GSM5155458_AGATGCTTCACTAGCA-1,0,enzalutamide
Data32_GSM5155458_AGATGCTTCGAATGCT-1,0,enzalutamide
Data32_GSM5155458_AGATGCTTCGTCTACC-1,0,enzalutamide
Data32_GSM5155458_AGCATCAAGCAGGCTA-1,0,enzalutamide
Data32_GSM5155458_AGCATCAAGGTTCAGG-1,0,enzalutamide
Data32_GSM5155458_AGCATCATCAAAGGAT-1,0,enzalutamide
Data32_GSM5155458_AGCATCATCTGCATAG-1,0,enzalutamide
Data32_GSM5155458_AGCCAATGTTAGGGTG-1,0,enzalutamide
Data32_GSM5155458_AGCCACGAGAAATTGC-1,0,enzalutamide
Data32_GSM5155458_AGCCACGAGCGGATCA-1,0,enzalutamide
Data32_GSM5155458_AGCCACGGTACAGGTG-1,0,enzalutamide
Data32_GSM5155458_AGCCACGGTATACCTG-1,0,enzalutamide
Data32_GSM5155458_AGCCACGGTTAAGCAA-1,0,enzalutamide
Data32_GSM5155458_AGCCACGTCCCTATTA-1,0,enzalutamide
Data32_GSM5155458_AGCCAGCAGAGTGACC-1,0,enzalutamide
Data32_GSM5155458_AGCCAGCGTCCGGCAT-1,0,enzalutamide
Data32_GSM5155458_AGCGATTAGTAATACG-1,0,enzalutamide
Data32_GSM5155458_AGCGATTCAACTGCCG-1,0,enzalutamide
Data32_GSM5155458_AGCGATTCAGCCCACA-1,0,enzalutamide
Data32_GSM5155458_AGCGATTGTTCATCTT-1,0,enzalutamide
Data32_GSM5155458_AGCGATTTCAAAGACA-1,0,enzalutamide
Data32_GSM5155458_AGCGCCAAGTCCTGCG-1,0,enzalutamide
Data32_GSM5155458_AGCGCCAAGTGCAACG-1,0,enzalutamide
Data32_GSM5155458_AGCGCCACACGTTGGC-1,0,enzalutamide
Data32_GSM5155458_AGCGCCAGTATGCTAC-1,0,enzalutamide
Data32_GSM5155458_AGCGCTGAGGTACAGC-1,0,enzalutamide
Data32_GSM5155458_AGCGCTGCAGAGTTGG-1,0,enzalutamide
Data32_GSM5155458_AGCGCTGCATGGGTCC-1,0,enzalutamide
Data32_GSM5155458_AGCGCTGGTCGGCTAC-1,0,enzalutamide
Data32_GSM5155458_AGCGCTGTCTCATGGA-1,0,enzalutamide
Data32_GSM5155458_AGCGCTGTCTGCTGAA-1,0,enzalutamide
Data32_GSM5155458_AGCGTATAGACTGGGT-1,0,enzalutamide
Data32_GSM5155458_AGCGTATAGCACTGGA-1,0,enzalutamide
Data32_GSM5155458_AGCGTATAGGCATCTT-1,0,enzalutamide
Data32_GSM5155458_AGCGTATCACGGATCC-1,0,enzalutamide
Data32_GSM5155458_AGCGTATCAGGCGAAT-1,0,enzalutamide
Data32_GSM5155458_AGCGTATCATTGTCGA-1,0,enzalutamide
Data32_GSM5155458_AGCGTATGTCGACTGC-1,0,enzalutamide
Data32_GSM5155458_AGCGTCGCAACGAGGT-1,0,enzalutamide
Data32_GSM5155458_AGCGTCGCAGGTCTCG-1,0,enzalutamide
Data32_GSM5155458_AGCGTCGTCGCCACTT-1,0,enzalutamide
Data32_GSM5155458_AGCTACAAGCCTAACT-1,0,enzalutamide
Data32_GSM5155458_AGCTACACAAACACGG-1,0,enzalutamide
Data32_GSM5155458_AGCTACACAAAGCGTG-1,0,enzalutamide
Data32_GSM5155458_AGCTACACAAGCAATA-1,0,enzalutamide
Data32_GSM5155458_AGCTACAGTGTATCCA-1,0,enzalutamide
Data32_GSM5155458_AGCTACATCATTCACT-1,0,enzalutamide
Data32_GSM5155458_AGCTACATCCGGCAGT-1,0,enzalutamide
Data32_GSM5155458_AGCTACATCTACTGCC-1,0,enzalutamide
Data32_GSM5155458_AGCTACATCTCTGCCA-1,0,enzalutamide
Data32_GSM5155458_AGCTCAAAGAACTTCC-1,0,enzalutamide
Data32_GSM5155458_AGCTCAAGTGGTACAG-1,0,enzalutamide
Data32_GSM5155458_AGCTTCCGTTGAGGAC-1,0,enzalutamide
Data32_GSM5155458_AGGAAATCATACGCAT-1,0,enzalutamide
Data32_GSM5155458_AGGAAATCATCCGGTG-1,0,enzalutamide
Data32_GSM5155458_AGGAATAAGCGGACAT-1,0,enzalutamide
Data32_GSM5155458_AGGAATAAGGTAGTAT-1,0,enzalutamide
Data32_GSM5155458_AGGAATAAGGTCGTGA-1,0,enzalutamide
Data32_GSM5155458_AGGAATAAGTACAGAT-1,0,enzalutamide
Data32_GSM5155458_AGGACGAAGTTGTAAG-1,0,enzalutamide
Data32_GSM5155458_AGGACGACATCGAACT-1,0,enzalutamide
Data32_GSM5155458_AGGACGATCTTCTGGC-1,0,enzalutamide
Data32_GSM5155458_AGGACTTAGTATTCCG-1,0,enzalutamide
Data32_GSM5155458_AGGACTTAGTGCGCTC-1,0,enzalutamide
Data32_GSM5155458_AGGACTTCACAAAGTA-1,0,enzalutamide
Data32_GSM5155458_AGGACTTCAGAGTGTG-1,0,enzalutamide
Data32_GSM5155458_AGGACTTGTAATTGGA-1,0,enzalutamide
Data32_GSM5155458_AGGACTTGTTCTCCTG-1,0,enzalutamide
Data32_GSM5155458_AGGACTTTCAACACGT-1,0,enzalutamide
Data32_GSM5155458_AGGACTTTCTCGGTCT-1,0,enzalutamide
Data32_GSM5155458_AGGAGGTCACGGAAGT-1,0,enzalutamide
Data32_GSM5155458_AGGAGGTGTCAAGCCC-1,0,enzalutamide
Data32_GSM5155458_AGGATAAAGATTCGCT-1,0,enzalutamide
Data32_GSM5155458_AGGATAAAGGACGGAG-1,0,enzalutamide
Data32_GSM5155458_AGGATAACATCCAACA-1,0,enzalutamide
Data32_GSM5155458_AGGATAAGTGACAGCA-1,0,enzalutamide
Data32_GSM5155458_AGGATAATCCTATTGT-1,0,enzalutamide
Data32_GSM5155458_AGGATAATCGCCGTGA-1,0,enzalutamide
Data32_GSM5155458_AGGATCTAGCTGGTGA-1,0,enzalutamide
Data32_GSM5155458_AGGATCTCAACATACC-1,0,enzalutamide
Data32_GSM5155458_AGGATCTCACACGTGC-1,0,enzalutamide
Data32_GSM5155458_AGGATCTCATCGAACT-1,0,enzalutamide
Data32_GSM5155458_AGGATCTGTGTCTTCC-1,0,enzalutamide
Data32_GSM5155458_AGGCATTCACAATTCG-1,0,enzalutamide
Data32_GSM5155458_AGGCCACAGACGGTTG-1,0,enzalutamide
Data32_GSM5155458_AGGCCACCACACCTGG-1,0,enzalutamide
Data32_GSM5155458_AGGCCACTCCCGTTCA-1,0,enzalutamide
Data32_GSM5155458_AGGCCACTCCGACGGT-1,0,enzalutamide
Data32_GSM5155458_AGGCTGCAGGTTGAGC-1,0,enzalutamide
Data32_GSM5155458_AGGCTGCCAGCCGTCA-1,0,enzalutamide
Data32_GSM5155458_AGGCTGCGTCCTCAGG-1,0,enzalutamide
Data32_GSM5155458_AGGCTGCGTTTCTATC-1,0,enzalutamide
Data32_GSM5155458_AGGCTGCTCCATACAG-1,0,enzalutamide
Data32_GSM5155458_AGGCTGCTCTGGCCAG-1,0,enzalutamide
Data32_GSM5155458_AGGGAGTCAACGCATT-1,0,enzalutamide
Data32_GSM5155458_AGGGCCTAGCCATCCG-1,0,enzalutamide
Data32_GSM5155458_AGGGCCTCAGATACCT-1,0,enzalutamide
Data32_GSM5155458_AGGGCCTCAGCTGTTA-1,0,enzalutamide
Data32_GSM5155458_AGGGCCTGTACCCAGC-1,0,enzalutamide
Data32_GSM5155458_AGGGCCTTCACTAGCA-1,0,enzalutamide
Data32_GSM5155458_AGGGCCTTCCTCTCTT-1,0,enzalutamide
Data32_GSM5155458_AGGGCTCAGCACTAGG-1,0,enzalutamide
Data32_GSM5155458_AGGGCTCAGCCGCACT-1,0,enzalutamide
Data32_GSM5155458_AGGGCTCAGCTGTGCC-1,0,enzalutamide
Data32_GSM5155458_AGGGCTCCACCATTCC-1,0,enzalutamide
Data32_GSM5155458_AGGGCTCGTTCAGGTT-1,0,enzalutamide
Data32_GSM5155458_AGGGCTCTCCGCAACG-1,0,enzalutamide
Data32_GSM5155458_AGGGTCCAGTCCCAGC-1,0,enzalutamide
Data32_GSM5155458_AGGGTCCAGTTTGCTG-1,0,enzalutamide
Data32_GSM5155458_AGGGTCCCAAACGAGC-1,0,enzalutamide
Data32_GSM5155458_AGGGTCCGTCTCACAA-1,0,enzalutamide
Data32_GSM5155458_AGGGTCCGTGTCATCA-1,0,enzalutamide
Data32_GSM5155458_AGGGTCCTCTTCCAGC-1,0,enzalutamide
Data32_GSM5155458_AGGGTGAGTAGTATAG-1,0,enzalutamide
Data32_GSM5155458_AGGGTGAGTCAGCTTA-1,0,enzalutamide
Data32_GSM5155458_AGGGTGATCTAGAACC-1,0,enzalutamide
Data32_GSM5155458_AGGGTTTAGGTCCCTG-1,0,enzalutamide
Data32_GSM5155458_AGGGTTTCAGCTATAC-1,0,enzalutamide
Data32_GSM5155458_AGGGTTTCAGTAACGG-1,0,enzalutamide
Data32_GSM5155458_AGGGTTTTCCATTGGA-1,0,enzalutamide
Data32_GSM5155458_AGGGTTTTCCCAGCGA-1,0,enzalutamide
Data32_GSM5155458_AGGTAGGCAACCGACC-1,0,enzalutamide
Data32_GSM5155458_AGGTAGGCAACGTATC-1,0,enzalutamide
Data32_GSM5155458_AGGTCATAGACGGTCA-1,0,enzalutamide
Data32_GSM5155458_AGGTCATCAGAGGTTG-1,0,enzalutamide
Data32_GSM5155458_AGGTCATCAGTTACCA-1,0,enzalutamide
Data32_GSM5155458_AGGTCTATCCACCTCA-1,0,enzalutamide
Data32_GSM5155458_AGGTGTTCAGAAGTTA-1,0,enzalutamide
Data32_GSM5155458_AGGTGTTCAGCAGATG-1,0,enzalutamide
Data32_GSM5155458_AGGTTACGTCGTAATC-1,0,enzalutamide
Data32_GSM5155458_AGGTTACTCTATACTC-1,0,enzalutamide
Data32_GSM5155458_AGGTTGTCAGCAGTGA-1,0,enzalutamide
Data32_GSM5155458_AGGTTGTCAGGTAGTG-1,0,enzalutamide
Data32_GSM5155458_AGTAACCCATGAATCC-1,0,enzalutamide
Data32_GSM5155458_AGTAACCGTAGCTGAG-1,0,enzalutamide
Data32_GSM5155458_AGTACCAAGCATCCTA-1,0,enzalutamide
Data32_GSM5155458_AGTACCAAGTGATGGC-1,0,enzalutamide
Data32_GSM5155458_AGTACCACAATGGCAG-1,0,enzalutamide
Data32_GSM5155458_AGTACCACAGTACTAC-1,0,enzalutamide
Data32_GSM5155458_AGTACCATCCCTGTTG-1,0,enzalutamide
Data32_GSM5155458_AGTACTGAGAGCAGCT-1,0,enzalutamide
Data32_GSM5155458_AGTACTGCATCAACCA-1,0,enzalutamide
Data32_GSM5155458_AGTAGCTAGATGATTG-1,0,enzalutamide
Data32_GSM5155458_AGTAGCTGTAAGACCG-1,0,enzalutamide
Data32_GSM5155458_AGTAGCTTCCAGCAAT-1,0,enzalutamide
Data32_GSM5155458_AGTAGTCAGGGTGGGA-1,0,enzalutamide
Data32_GSM5155458_AGTAGTCAGTCATACC-1,0,enzalutamide
Data32_GSM5155458_AGTAGTCCACCCAATA-1,0,enzalutamide
Data32_GSM5155458_AGTAGTCGTGGCTTAT-1,0,enzalutamide
Data32_GSM5155458_AGTAGTCGTTTGGGAG-1,0,enzalutamide
Data32_GSM5155458_AGTCAACCATTGGGAG-1,0,enzalutamide
Data32_GSM5155458_AGTCAACTCTGGGAGA-1,0,enzalutamide
Data32_GSM5155458_AGTCACAAGCATCGAG-1,0,enzalutamide
Data32_GSM5155458_AGTCACAAGTGCCGAA-1,0,enzalutamide
Data32_GSM5155458_AGTCACACACAGTGAG-1,0,enzalutamide
Data32_GSM5155458_AGTCACACACTCCGGA-1,0,enzalutamide
Data32_GSM5155458_AGTCACATCCGATGCG-1,0,enzalutamide
Data32_GSM5155458_AGTCATGAGCAGCCCT-1,0,enzalutamide
Data32_GSM5155458_AGTCATGTCAGGTGTT-1,0,enzalutamide
Data32_GSM5155458_AGTCTCCAGGGATGTC-1,0,enzalutamide
Data32_GSM5155458_AGTCTCCGTAGACTGG-1,0,enzalutamide
Data32_GSM5155458_AGTCTCCGTCACTCGG-1,0,enzalutamide
Data32_GSM5155458_AGTCTCCGTGTCGCTG-1,0,enzalutamide
Data32_GSM5155458_AGTCTCCTCAGAGCAG-1,0,enzalutamide
Data32_GSM5155458_AGTGACTAGAGGTTAT-1,0,enzalutamide
Data32_GSM5155458_AGTGACTGTAGTCTGT-1,0,enzalutamide
Data32_GSM5155458_AGTGACTGTCTTGCGG-1,0,enzalutamide
Data32_GSM5155458_AGTGACTGTTGCTCCT-1,0,enzalutamide
Data32_GSM5155458_AGTGACTTCATGTCTT-1,0,enzalutamide
Data32_GSM5155458_AGTGATCCATCCTATT-1,0,enzalutamide
Data32_GSM5155458_AGTGATCCATTCCTAT-1,0,enzalutamide
Data32_GSM5155458_AGTGATCGTCACTCAA-1,0,enzalutamide
Data32_GSM5155458_AGTGATCTCCCGATCT-1,0,enzalutamide
Data32_GSM5155458_AGTGATCTCTACACTT-1,0,enzalutamide
Data32_GSM5155458_AGTGATCTCTACGGTA-1,0,enzalutamide
Data32_GSM5155458_AGTGCCGCAACTCGTA-1,0,enzalutamide
Data32_GSM5155458_AGTGCCGCAATGTTGC-1,0,enzalutamide
Data32_GSM5155458_AGTGCCGCAGCTGCCA-1,0,enzalutamide
Data32_GSM5155458_AGTGCCGCAGCTTCCT-1,0,enzalutamide
Data32_GSM5155458_AGTGCCGGTATGTCCA-1,0,enzalutamide
Data32_GSM5155458_AGTGTTGAGGCACCAA-1,0,enzalutamide
Data32_GSM5155458_AGTGTTGCATTGACAC-1,0,enzalutamide
Data32_GSM5155458_AGTGTTGGTACTCGCG-1,0,enzalutamide
Data32_GSM5155458_AGTTCCCGTGTGACCC-1,0,enzalutamide
Data32_GSM5155458_AGTTCGACAGCTGTGC-1,0,enzalutamide
Data32_GSM5155458_AGTTCGATCCCGATCT-1,0,enzalutamide
Data32_GSM5155458_ATACCGAAGGCTCACC-1,0,enzalutamide
Data32_GSM5155458_ATACCGACATCTATCT-1,0,enzalutamide
Data32_GSM5155458_ATACCGACATTAAAGG-1,0,enzalutamide
Data32_GSM5155458_ATACCGAGTCACATTG-1,0,enzalutamide
Data32_GSM5155458_ATACCGAGTGCCGTAC-1,0,enzalutamide
Data32_GSM5155458_ATACCGATCATTACCT-1,0,enzalutamide
Data32_GSM5155458_ATACCGATCTCCGATC-1,0,enzalutamide
Data32_GSM5155458_ATACCGATCTTAGCCC-1,0,enzalutamide
Data32_GSM5155458_ATACCTTGTACGACAG-1,0,enzalutamide
Data32_GSM5155458_ATACCTTGTCAGATTC-1,0,enzalutamide
Data32_GSM5155458_ATACCTTGTTCAGTAC-1,0,enzalutamide
Data32_GSM5155458_ATACCTTTCATTACGG-1,0,enzalutamide
Data32_GSM5155458_ATACTTCAGAGCATCG-1,0,enzalutamide
Data32_GSM5155458_ATACTTCAGGAACGCT-1,0,enzalutamide
Data32_GSM5155458_ATACTTCCAGTTCCAA-1,0,enzalutamide
Data32_GSM5155458_ATACTTCTCACGGGAA-1,0,enzalutamide
Data32_GSM5155458_ATACTTCTCCTTCACG-1,0,enzalutamide
Data32_GSM5155458_ATAGACCAGAACTGAT-1,0,enzalutamide
Data32_GSM5155458_ATAGACCCACCGAATT-1,0,enzalutamide
Data32_GSM5155458_ATAGACCGTAACGCGA-1,0,enzalutamide
Data32_GSM5155458_ATAGACCGTGGCTAGA-1,0,enzalutamide
Data32_GSM5155458_ATAGACCTCCCTCTCC-1,0,enzalutamide
Data32_GSM5155458_ATAGAGAAGCAAGCCA-1,0,enzalutamide
Data32_GSM5155458_ATAGAGAAGTGGTTGG-1,0,enzalutamide
Data32_GSM5155458_ATAGAGAAGTTTGCTG-1,0,enzalutamide
Data32_GSM5155458_ATAGAGATCCGTGTGG-1,0,enzalutamide
Data32_GSM5155458_ATAGAGATCCTGATAG-1,0,enzalutamide
Data32_GSM5155458_ATAGGCTAGGTAGTAT-1,0,enzalutamide
Data32_GSM5155458_ATAGGCTTCAACACCA-1,0,enzalutamide
Data32_GSM5155458_ATATCCTAGATCCGAG-1,0,enzalutamide
Data32_GSM5155458_ATATCCTAGTTGTAGA-1,0,enzalutamide
Data32_GSM5155458_ATATCCTGTAGCGCCT-1,0,enzalutamide
Data32_GSM5155458_ATATCCTGTCTAGGCC-1,0,enzalutamide
Data32_GSM5155458_ATATCCTGTTAAACCC-1,0,enzalutamide
Data32_GSM5155458_ATATCCTTCCGCACTT-1,0,enzalutamide
Data32_GSM5155458_ATATCCTTCGCTGATA-1,0,enzalutamide
Data32_GSM5155458_ATCACAGAGCTTAAGA-1,0,enzalutamide
Data32_GSM5155458_ATCACAGAGGGAACAA-1,0,enzalutamide
Data32_GSM5155458_ATCACAGCAACCGCTG-1,0,enzalutamide
Data32_GSM5155458_ATCACAGCACAGCATT-1,0,enzalutamide
Data32_GSM5155458_ATCACAGCATCGCCTT-1,0,enzalutamide
Data32_GSM5155458_ATCACAGTCACACCGG-1,0,enzalutamide
Data32_GSM5155458_ATCACAGTCACCGGGT-1,0,enzalutamide
Data32_GSM5155458_ATCACAGTCCAGTACA-1,0,enzalutamide
Data32_GSM5155458_ATCACAGTCCGAGCTG-1,0,enzalutamide
Data32_GSM5155458_ATCACGAGTACTCGAT-1,0,enzalutamide
Data32_GSM5155458_ATCACGAGTGGATCAG-1,0,enzalutamide
Data32_GSM5155458_ATCACGAGTTCCTAGA-1,0,enzalutamide
Data32_GSM5155458_ATCACTTAGCGACTTT-1,0,enzalutamide
Data32_GSM5155458_ATCACTTAGCTGTGCC-1,0,enzalutamide
Data32_GSM5155458_ATCACTTAGCTTTCTT-1,0,enzalutamide
Data32_GSM5155458_ATCACTTTCCCTCGAT-1,0,enzalutamide
Data32_GSM5155458_ATCAGGTCAAGTGATA-1,0,enzalutamide
Data32_GSM5155458_ATCAGGTGTCAAATCC-1,0,enzalutamide
Data32_GSM5155458_ATCAGGTGTGCGTGCT-1,0,enzalutamide
Data32_GSM5155458_ATCAGGTTCGATTGGT-1,0,enzalutamide
Data32_GSM5155458_ATCATTCGTGCATTTG-1,0,enzalutamide
Data32_GSM5155458_ATCATTCGTGGCACTC-1,0,enzalutamide
Data32_GSM5155458_ATCATTCGTTCGGACC-1,0,enzalutamide
Data32_GSM5155458_ATCATTCGTTTGGAAA-1,0,enzalutamide
Data32_GSM5155458_ATCCACCGTAGCTTGT-1,0,enzalutamide
Data32_GSM5155458_ATCCACCTCCATAGGT-1,0,enzalutamide
Data32_GSM5155458_ATCCACCTCGAAGCAG-1,0,enzalutamide
Data32_GSM5155458_ATCCATTGTGGAACCA-1,0,enzalutamide
Data32_GSM5155458_ATCCCTGAGGAAACGA-1,0,enzalutamide
Data32_GSM5155458_ATCCCTGGTCCGAAGA-1,0,enzalutamide
Data32_GSM5155458_ATCCCTGTCGACATTG-1,0,enzalutamide
Data32_GSM5155458_ATCCGTCAGCGTGAAC-1,0,enzalutamide
Data32_GSM5155458_ATCCGTCAGCGTTGTT-1,0,enzalutamide
Data32_GSM5155458_ATCCGTCAGTTCCTGA-1,0,enzalutamide
Data32_GSM5155458_ATCCGTCGTAACAGTA-1,0,enzalutamide
Data32_GSM5155458_ATCCGTCGTTTCGTAG-1,0,enzalutamide
Data32_GSM5155458_ATCCGTCTCTGCCCTA-1,0,enzalutamide
Data32_GSM5155458_ATCCGTCTCTGGCCTT-1,0,enzalutamide
Data32_GSM5155458_ATCCTATAGCCGTTAT-1,0,enzalutamide
Data32_GSM5155458_ATCCTATCAAAGGATT-1,0,enzalutamide
Data32_GSM5155458_ATCCTATCACGAAGAC-1,0,enzalutamide
Data32_GSM5155458_ATCCTATCAGAGGAAA-1,0,enzalutamide
Data32_GSM5155458_ATCCTATCATCCTGTC-1,0,enzalutamide
Data32_GSM5155458_ATCCTATCATGGATCT-1,0,enzalutamide
Data32_GSM5155458_ATCGATGCATCCGATA-1,0,enzalutamide
Data32_GSM5155458_ATCGATGGTTAAGCAA-1,0,enzalutamide
Data32_GSM5155458_ATCGATGTCAGCAGAG-1,0,enzalutamide
Data32_GSM5155458_ATCGATGTCATCCTAT-1,0,enzalutamide
Data32_GSM5155458_ATCGCCTAGTTGCCCG-1,0,enzalutamide
Data32_GSM5155458_ATCGCCTCAAGACGGT-1,0,enzalutamide
Data32_GSM5155458_ATCGCCTCACTCTCGT-1,0,enzalutamide
Data32_GSM5155458_ATCGCCTGTTGGAGAC-1,0,enzalutamide
Data32_GSM5155458_ATCGCCTTCGGTGTTA-1,0,enzalutamide
Data32_GSM5155458_ATCGCCTTCTACGCGG-1,0,enzalutamide
Data32_GSM5155458_ATCGGATCAAGTGCTT-1,0,enzalutamide
Data32_GSM5155458_ATCGGATCACACGTGC-1,0,enzalutamide
Data32_GSM5155458_ATCGGATCATTCTCTA-1,0,enzalutamide
Data32_GSM5155458_ATCGGATGTACGGCAA-1,0,enzalutamide
Data32_GSM5155458_ATCGGATGTATCGTTG-1,0,enzalutamide
Data32_GSM5155458_ATCGGCGAGGGTGAGG-1,0,enzalutamide
Data32_GSM5155458_ATCGGCGCAAACCATC-1,0,enzalutamide
Data32_GSM5155458_ATCGGCGCACGGCACT-1,0,enzalutamide
Data32_GSM5155458_ATCGGCGGTATCACCA-1,0,enzalutamide
Data32_GSM5155458_ATCGGCGGTATCATGC-1,0,enzalutamide
Data32_GSM5155458_ATCGGCGTCGGACGTC-1,0,enzalutamide
Data32_GSM5155458_ATCGGCGTCTCAATCT-1,0,enzalutamide
Data32_GSM5155458_ATCGTAGAGCGTTACT-1,0,enzalutamide
Data32_GSM5155458_ATCGTAGAGTAACCTC-1,0,enzalutamide
Data32_GSM5155458_ATCGTAGCAAAGCACG-1,0,enzalutamide
Data32_GSM5155458_ATCGTAGCACCATATG-1,0,enzalutamide
Data32_GSM5155458_ATCGTAGTCAAGAAAC-1,0,enzalutamide
Data32_GSM5155458_ATCGTCCAGCCACTCG-1,0,enzalutamide
Data32_GSM5155458_ATCGTCCAGCTCATAC-1,0,enzalutamide
Data32_GSM5155458_ATCGTCCTCACCCTCA-1,0,enzalutamide
Data32_GSM5155458_ATCGTGACAGACACCC-1,0,enzalutamide
Data32_GSM5155458_ATCGTGAGTCTAACGT-1,0,enzalutamide
Data32_GSM5155458_ATCTCTAAGCCTGGAA-1,0,enzalutamide
Data32_GSM5155458_ATCTCTAGTAGGCTCC-1,0,enzalutamide
Data32_GSM5155458_ATCTCTAGTGATACAA-1,0,enzalutamide
Data32_GSM5155458_ATCTCTATCTCATTAC-1,0,enzalutamide
Data32_GSM5155458_ATCTTCAAGAATCTAG-1,0,enzalutamide
Data32_GSM5155458_ATCTTCAGTCCAGCCA-1,0,enzalutamide
Data32_GSM5155458_ATCTTCAGTGGATCAG-1,0,enzalutamide
Data32_GSM5155458_ATCTTCATCCGCAGTG-1,0,enzalutamide
Data32_GSM5155458_ATGAAAGCACTAGGTT-1,0,enzalutamide
Data32_GSM5155458_ATGAAAGGTTGCCATA-1,0,enzalutamide
Data32_GSM5155458_ATGAAAGTCACTCTTA-1,0,enzalutamide
Data32_GSM5155458_ATGACCAAGGGTCACA-1,0,enzalutamide
Data32_GSM5155458_ATGACCAGTGAGACGT-1,0,enzalutamide
Data32_GSM5155458_ATGACCATCGCACGAC-1,0,enzalutamide
Data32_GSM5155458_ATGAGGGCAGATTTCG-1,0,enzalutamide
Data32_GSM5155458_ATGAGGGCAGCGTGCT-1,0,enzalutamide
Data32_GSM5155458_ATGAGGGGTATCCCAA-1,0,enzalutamide
Data32_GSM5155458_ATGAGGGGTTCAGTAC-1,0,enzalutamide
Data32_GSM5155458_ATGAGGGTCAAGGAGC-1,0,enzalutamide
Data32_GSM5155458_ATGAGGGTCGGAGTAG-1,0,enzalutamide
Data32_GSM5155458_ATGAGGGTCTACTATC-1,0,enzalutamide
Data32_GSM5155458_ATGAGGGTCTCTCTTC-1,0,enzalutamide
Data32_GSM5155458_ATGAGTCAGCTAAACA-1,0,enzalutamide
Data32_GSM5155458_ATGAGTCAGCTAATCC-1,0,enzalutamide
Data32_GSM5155458_ATGAGTCAGGTCCTGC-1,0,enzalutamide
Data32_GSM5155458_ATGAGTCCACAGTGTT-1,0,enzalutamide
Data32_GSM5155458_ATGAGTCGTCCACATA-1,0,enzalutamide
Data32_GSM5155458_ATGAGTCTCCCGTGTT-1,0,enzalutamide
Data32_GSM5155458_ATGATCGAGGGATCTG-1,0,enzalutamide
Data32_GSM5155458_ATGATCGCACCCTGTT-1,0,enzalutamide
Data32_GSM5155458_ATGATCGCACGTTGGC-1,0,enzalutamide
Data32_GSM5155458_ATGATCGTCAATGTCG-1,0,enzalutamide
Data32_GSM5155458_ATGATCGTCGCGTTTC-1,0,enzalutamide
Data32_GSM5155458_ATGCATGGTACTGTTG-1,0,enzalutamide
Data32_GSM5155458_ATGCATGGTGGATCAG-1,0,enzalutamide
Data32_GSM5155458_ATGCATGTCCAGTTCC-1,0,enzalutamide
Data32_GSM5155458_ATGCATGTCCTACCAC-1,0,enzalutamide
Data32_GSM5155458_ATGCATGTCCTTGACC-1,0,enzalutamide
Data32_GSM5155458_ATGCATGTCTTCGGTC-1,0,enzalutamide
Data32_GSM5155458_ATGCCTCAGAGAAGGT-1,0,enzalutamide
Data32_GSM5155458_ATGCCTCAGTTGAAAC-1,0,enzalutamide
Data32_GSM5155458_ATGCCTCCAACCCGCA-1,0,enzalutamide
Data32_GSM5155458_ATGCCTCGTAGAGATT-1,0,enzalutamide
Data32_GSM5155458_ATGCCTCGTTGCGAAG-1,0,enzalutamide
Data32_GSM5155458_ATGCGATAGCAGTCTT-1,0,enzalutamide
Data32_GSM5155458_ATGCGATCACATTGTG-1,0,enzalutamide
Data32_GSM5155458_ATGGAGGCAAACTAGA-1,0,enzalutamide
Data32_GSM5155458_ATGGAGGCAACAAGTA-1,0,enzalutamide
Data32_GSM5155458_ATGGAGGCACAGAGCA-1,0,enzalutamide
Data32_GSM5155458_ATGGAGGCAGAACGCA-1,0,enzalutamide
Data32_GSM5155458_ATGGAGGGTATCCTCC-1,0,enzalutamide
Data32_GSM5155458_ATGGAGGTCTCCTGAC-1,0,enzalutamide
Data32_GSM5155458_ATGGATCAGTAAACTG-1,0,enzalutamide
Data32_GSM5155458_ATGGATCCAGGCGTTC-1,0,enzalutamide
Data32_GSM5155458_ATGGATCCAGTCTACA-1,0,enzalutamide
Data32_GSM5155458_ATGGATCTCTATTTCG-1,0,enzalutamide
Data32_GSM5155458_ATGGGAGAGTGATGGC-1,0,enzalutamide
Data32_GSM5155458_ATGGGAGCATCGTGGC-1,0,enzalutamide
Data32_GSM5155458_ATGGGAGTCTGGAAGG-1,0,enzalutamide
Data32_GSM5155458_ATGGGTTCACGGTAGA-1,0,enzalutamide
Data32_GSM5155458_ATGGGTTGTTCAGCTA-1,0,enzalutamide
Data32_GSM5155458_ATGGGTTTCGAATGCT-1,0,enzalutamide
Data32_GSM5155458_ATGGTTGAGCTGACTT-1,0,enzalutamide
Data32_GSM5155458_ATGGTTGCAACCAACT-1,0,enzalutamide
Data32_GSM5155458_ATGGTTGCAATACCTG-1,0,enzalutamide
Data32_GSM5155458_ATGGTTGTCGGTGTTA-1,0,enzalutamide
Data32_GSM5155458_ATGGTTGTCTCCCAAC-1,0,enzalutamide
Data32_GSM5155458_ATGTCCCAGGGTTAGC-1,0,enzalutamide
Data32_GSM5155458_ATGTCCCCACACGGAA-1,0,enzalutamide
Data32_GSM5155458_ATGTCCCCATCCTTGC-1,0,enzalutamide
Data32_GSM5155458_ATGTCCCCATGTGTCA-1,0,enzalutamide
Data32_GSM5155458_ATGTCCCGTATACGGG-1,0,enzalutamide
Data32_GSM5155458_ATGTCCCGTTCCAGGC-1,0,enzalutamide
Data32_GSM5155458_ATGTCCCTCCACTGAA-1,0,enzalutamide
Data32_GSM5155458_ATGTCCCTCTGGCTGG-1,0,enzalutamide
Data32_GSM5155458_ATGTCTTAGAGTGTTA-1,0,enzalutamide
Data32_GSM5155458_ATGTCTTAGTCCTGCG-1,0,enzalutamide
Data32_GSM5155458_ATGTCTTCATCATCTT-1,0,enzalutamide
Data32_GSM5155458_ATGTCTTGTAATCAAG-1,0,enzalutamide
Data32_GSM5155458_ATGTCTTTCGCCTATC-1,0,enzalutamide
Data32_GSM5155458_ATGTCTTTCGCGTAGC-1,0,enzalutamide
Data32_GSM5155458_ATGTCTTTCGTGAGAG-1,0,enzalutamide
Data32_GSM5155458_ATTACCTAGTAGCCAG-1,0,enzalutamide
Data32_GSM5155458_ATTACCTGTACCACGC-1,0,enzalutamide
Data32_GSM5155458_ATTACCTGTCCCGTGA-1,0,enzalutamide
Data32_GSM5155458_ATTACCTTCTCCGAGG-1,0,enzalutamide
Data32_GSM5155458_ATTACTCGTCCAGCAC-1,0,enzalutamide
Data32_GSM5155458_ATTACTCGTTCTCCTG-1,0,enzalutamide
Data32_GSM5155458_ATTACTCTCTCGTCAC-1,0,enzalutamide
Data32_GSM5155458_ATTATCCAGAACTTCC-1,0,enzalutamide
Data32_GSM5155458_ATTATCCTCATCCCGT-1,0,enzalutamide
Data32_GSM5155458_ATTATCCTCATTCGGA-1,0,enzalutamide
Data32_GSM5155458_ATTATCCTCCATAGAC-1,0,enzalutamide
Data32_GSM5155458_ATTCACTAGTAATTGG-1,0,enzalutamide
Data32_GSM5155458_ATTCACTCATACTTTC-1,0,enzalutamide
Data32_GSM5155458_ATTCACTCATTCACCC-1,0,enzalutamide
Data32_GSM5155458_ATTCACTGTACGGGAT-1,0,enzalutamide
Data32_GSM5155458_ATTCAGGCAGATACCT-1,0,enzalutamide
Data32_GSM5155458_ATTCAGGCAGCACAGA-1,0,enzalutamide
Data32_GSM5155458_ATTCAGGGTCACTCAA-1,0,enzalutamide
Data32_GSM5155458_ATTCAGGGTCTTTCAT-1,0,enzalutamide
Data32_GSM5155458_ATTCAGGTCGCCAGAC-1,0,enzalutamide
Data32_GSM5155458_ATTCAGGTCGCGGTAC-1,0,enzalutamide
Data32_GSM5155458_ATTCATCAGGTTATAG-1,0,enzalutamide
Data32_GSM5155458_ATTCATCCAATCGCGC-1,0,enzalutamide
Data32_GSM5155458_ATTCATCCATTCTCTA-1,0,enzalutamide
Data32_GSM5155458_ATTCATCGTTATGTGC-1,0,enzalutamide
Data32_GSM5155458_ATTCCATCAATCGTCA-1,0,enzalutamide
Data32_GSM5155458_ATTCCATCACATAGCT-1,0,enzalutamide
Data32_GSM5155458_ATTCCATGTTCTAACG-1,0,enzalutamide
Data32_GSM5155458_ATTCCCGAGCCTCGTG-1,0,enzalutamide
Data32_GSM5155458_ATTCCCGCAGGGTCTC-1,0,enzalutamide
Data32_GSM5155458_ATTCCCGCATGGCCAC-1,0,enzalutamide
Data32_GSM5155458_ATTCCCGGTACAGTTC-1,0,enzalutamide
Data32_GSM5155458_ATTCCCGGTATCGCTA-1,0,enzalutamide
Data32_GSM5155458_ATTCCCGGTCAGTCTA-1,0,enzalutamide
Data32_GSM5155458_ATTCCCGGTGCCTGCA-1,0,enzalutamide
Data32_GSM5155458_ATTCCCGTCGTCAACA-1,0,enzalutamide
Data32_GSM5155458_ATTCCTAAGCAAGGAA-1,0,enzalutamide
Data32_GSM5155458_ATTCCTAAGGCGATAC-1,0,enzalutamide
Data32_GSM5155458_ATTCCTAAGGGTTAGC-1,0,enzalutamide
Data32_GSM5155458_ATTCCTAAGTCGAATA-1,0,enzalutamide
Data32_GSM5155458_ATTCCTAAGTGCACAG-1,0,enzalutamide
Data32_GSM5155458_ATTCCTAGTCGGTGTC-1,0,enzalutamide
Data32_GSM5155458_ATTCCTATCTTACTGT-1,0,enzalutamide
Data32_GSM5155458_ATTCGTTAGCCGTTGC-1,0,enzalutamide
Data32_GSM5155458_ATTCGTTAGGATATAC-1,0,enzalutamide
Data32_GSM5155458_ATTCGTTTCTCCAAGA-1,0,enzalutamide
Data32_GSM5155458_ATTCTACCAAGGTCTT-1,0,enzalutamide
Data32_GSM5155458_ATTCTACCAGAGGACT-1,0,enzalutamide
Data32_GSM5155458_ATTCTACCAGGTCCCA-1,0,enzalutamide
Data32_GSM5155458_ATTCTACTCGATTCCC-1,0,enzalutamide
Data32_GSM5155458_ATTCTTGAGTGTTCAC-1,0,enzalutamide
Data32_GSM5155458_ATTCTTGCAACAGAGC-1,0,enzalutamide
Data32_GSM5155458_ATTCTTGCAATAGGGC-1,0,enzalutamide
Data32_GSM5155458_ATTCTTGCAATAGTAG-1,0,enzalutamide
Data32_GSM5155458_ATTCTTGTCATAGAGA-1,0,enzalutamide
Data32_GSM5155458_ATTGGGTGTGCACGCT-1,0,enzalutamide
Data32_GSM5155458_ATTGTTCCAAATCGTC-1,0,enzalutamide
Data32_GSM5155458_ATTGTTCGTTGGGTAG-1,0,enzalutamide
Data32_GSM5155458_ATTTACCAGGATATGT-1,0,enzalutamide
Data32_GSM5155458_ATTTACCAGTCTGGAG-1,0,enzalutamide
Data32_GSM5155458_ATTTACCGTCCGTTTC-1,0,enzalutamide
Data32_GSM5155458_ATTTCACAGCATTGAA-1,0,enzalutamide
Data32_GSM5155458_ATTTCACAGTCACTCA-1,0,enzalutamide
Data32_GSM5155458_ATTTCACCAGACCCGT-1,0,enzalutamide
Data32_GSM5155458_ATTTCTGCAGGTCCCA-1,0,enzalutamide
Data32_GSM5155458_ATTTCTGGTGCATGTT-1,0,enzalutamide
Data32_GSM5155458_ATTTCTGGTTATAGAG-1,0,enzalutamide
Data32_GSM5155458_CAAAGAAAGCGCATCC-1,0,enzalutamide
Data32_GSM5155458_CAAAGAAAGGTGCTGA-1,0,enzalutamide
Data32_GSM5155458_CAAAGAACATCACGGC-1,0,enzalutamide
Data32_GSM5155458_CAAAGAAGTGTACAGG-1,0,enzalutamide
Data32_GSM5155458_CAAAGAATCGCTTGCT-1,0,enzalutamide
Data32_GSM5155458_CAACAACCAAGAAACT-1,0,enzalutamide
Data32_GSM5155458_CAACAACCACTCCGAG-1,0,enzalutamide
Data32_GSM5155458_CAACAACCATTGACAC-1,0,enzalutamide
Data32_GSM5155458_CAACAACGTGCGGTAA-1,0,enzalutamide
Data32_GSM5155458_CAACAACTCAGTGGGA-1,0,enzalutamide
Data32_GSM5155458_CAACAACTCTTCGTGC-1,0,enzalutamide
Data32_GSM5155458_CAACAACTCTTTACAC-1,0,enzalutamide
Data32_GSM5155458_CAACAGTCAAGACGAC-1,0,enzalutamide
Data32_GSM5155458_CAACAGTTCTCTGAGA-1,0,enzalutamide
Data32_GSM5155458_CAACCAAAGGCTATCT-1,0,enzalutamide
Data32_GSM5155458_CAACCAAAGTCACTAC-1,0,enzalutamide
Data32_GSM5155458_CAACCAACATATCGGT-1,0,enzalutamide
Data32_GSM5155458_CAACCTCAGAAGTCAT-1,0,enzalutamide
Data32_GSM5155458_CAACCTCAGGAGATAG-1,0,enzalutamide
Data32_GSM5155458_CAACCTCCATGATAGA-1,0,enzalutamide
Data32_GSM5155458_CAACCTCTCGCATTGA-1,0,enzalutamide
Data32_GSM5155458_CAACCTCTCGCGATCG-1,0,enzalutamide
Data32_GSM5155458_CAACCTCTCGGCCCAA-1,0,enzalutamide
Data32_GSM5155458_CAACGATAGCCTCACG-1,0,enzalutamide
Data32_GSM5155458_CAACGATAGGATATAC-1,0,enzalutamide
Data32_GSM5155458_CAACGATTCTACGCAA-1,0,enzalutamide
Data32_GSM5155458_CAACGGCAGCAGCACA-1,0,enzalutamide
Data32_GSM5155458_CAACGGCGTAAGCGGT-1,0,enzalutamide
Data32_GSM5155458_CAACGGCGTATTCCGA-1,0,enzalutamide
Data32_GSM5155458_CAACGGCTCCCTTGGT-1,0,enzalutamide
Data32_GSM5155458_CAACGGCTCGGCTTGG-1,0,enzalutamide
Data32_GSM5155458_CAACGGCTCGTAGCTA-1,0,enzalutamide
Data32_GSM5155458_CAAGACTAGCCTCATA-1,0,enzalutamide
Data32_GSM5155458_CAAGACTAGGTCATAA-1,0,enzalutamide
Data32_GSM5155458_CAAGACTAGTTGCCTA-1,0,enzalutamide
Data32_GSM5155458_CAAGACTGTGAACCGA-1,0,enzalutamide
Data32_GSM5155458_CAAGAGGTCAATCTTC-1,0,enzalutamide
Data32_GSM5155458_CAAGAGGTCACGTAGT-1,0,enzalutamide
Data32_GSM5155458_CAAGAGGTCATCGCTC-1,0,enzalutamide
Data32_GSM5155458_CAAGCTACATTCCTCG-1,0,enzalutamide
Data32_GSM5155458_CAAGCTAGTCACAGTT-1,0,enzalutamide
Data32_GSM5155458_CAAGGGATCCGTCCTA-1,0,enzalutamide
Data32_GSM5155458_CAAGGGATCTCCTGCA-1,0,enzalutamide
Data32_GSM5155458_CAATACGGTATGCGTT-1,0,enzalutamide
Data32_GSM5155458_CAATACGGTCGAATGG-1,0,enzalutamide
Data32_GSM5155458_CAATACGGTCGATTCA-1,0,enzalutamide
Data32_GSM5155458_CAATACGTCCAAGCCG-1,0,enzalutamide
Data32_GSM5155458_CAATACGTCTCGCCTA-1,0,enzalutamide
Data32_GSM5155458_CAATACGTCTTACGGA-1,0,enzalutamide
Data32_GSM5155458_CAATCGACACTTACAG-1,0,enzalutamide
Data32_GSM5155458_CAATCGAGTATCGGTT-1,0,enzalutamide
Data32_GSM5155458_CAATCGAGTATGGTAA-1,0,enzalutamide
Data32_GSM5155458_CAATGACAGGCAGGGA-1,0,enzalutamide
Data32_GSM5155458_CAATGACAGTCAGAGC-1,0,enzalutamide
Data32_GSM5155458_CAATGACCACATGGTT-1,0,enzalutamide
Data32_GSM5155458_CAATGACGTATACCCA-1,0,enzalutamide
Data32_GSM5155458_CAATGACTCACAAGGG-1,0,enzalutamide
Data32_GSM5155458_CAATTTCAGAGGTGCT-1,0,enzalutamide
Data32_GSM5155458_CAATTTCAGATGCAGC-1,0,enzalutamide
Data32_GSM5155458_CAATTTCAGGTACCTT-1,0,enzalutamide
Data32_GSM5155458_CAATTTCTCCAGTGTA-1,0,enzalutamide
Data32_GSM5155458_CAATTTCTCCTGCTAC-1,0,enzalutamide
Data32_GSM5155458_CAATTTCTCTGCATAG-1,0,enzalutamide
Data32_GSM5155458_CACAACAAGCAATTAG-1,0,enzalutamide
Data32_GSM5155458_CACAACAAGGTACAGC-1,0,enzalutamide
Data32_GSM5155458_CACAACACAGACCAAG-1,0,enzalutamide
Data32_GSM5155458_CACAACACAGATTAAG-1,0,enzalutamide
Data32_GSM5155458_CACAACAGTACCCAGC-1,0,enzalutamide
Data32_GSM5155458_CACAACATCAAGAGGC-1,0,enzalutamide
Data32_GSM5155458_CACAACATCTACAGGT-1,0,enzalutamide
Data32_GSM5155458_CACACAAAGCAGCCCT-1,0,enzalutamide
Data32_GSM5155458_CACACAACACTGGAAG-1,0,enzalutamide
Data32_GSM5155458_CACACAACATAAGATG-1,0,enzalutamide
Data32_GSM5155458_CACACAAGTACTGTTG-1,0,enzalutamide
Data32_GSM5155458_CACACAATCAATCAGC-1,0,enzalutamide
Data32_GSM5155458_CACAGATGTCCAGAAG-1,0,enzalutamide
Data32_GSM5155458_CACAGATGTCCTATAG-1,0,enzalutamide
Data32_GSM5155458_CACAGATTCCATAGGT-1,0,enzalutamide
Data32_GSM5155458_CACAGATTCCTCCACA-1,0,enzalutamide
Data32_GSM5155458_CACAGGCAGATGACCG-1,0,enzalutamide
Data32_GSM5155458_CACAGGCCAGTTAAAG-1,0,enzalutamide
Data32_GSM5155458_CACAGGCCATCCGAGC-1,0,enzalutamide
Data32_GSM5155458_CACAGGCGTCAACATC-1,0,enzalutamide
Data32_GSM5155458_CACAGGCTCAGCTGAT-1,0,enzalutamide
Data32_GSM5155458_CACAGGCTCCTGATAG-1,0,enzalutamide
Data32_GSM5155458_CACAGGCTCGTAGCTA-1,0,enzalutamide
Data32_GSM5155458_CACAGGCTCTTGGGCG-1,0,enzalutamide
Data32_GSM5155458_CACATGACAAGAAACT-1,0,enzalutamide
Data32_GSM5155458_CACATGACAATATCCG-1,0,enzalutamide
Data32_GSM5155458_CACATGATCATGGATC-1,0,enzalutamide
Data32_GSM5155458_CACCAAACAATCCAGT-1,0,enzalutamide
Data32_GSM5155458_CACCAAACACTCCTTG-1,0,enzalutamide
Data32_GSM5155458_CACCAAACATATCTCT-1,0,enzalutamide
Data32_GSM5155458_CACCAAAGTCCTCAGG-1,0,enzalutamide
Data32_GSM5155458_CACCAAATCCTGGCTT-1,0,enzalutamide
Data32_GSM5155458_CACCAAATCGGAATGG-1,0,enzalutamide
Data32_GSM5155458_CACCAAATCTACGCAA-1,0,enzalutamide
Data32_GSM5155458_CACCGTTAGCCTATTG-1,0,enzalutamide
Data32_GSM5155458_CACCGTTCAAAGTGTA-1,0,enzalutamide
Data32_GSM5155458_CACCGTTGTTCATCGA-1,0,enzalutamide
Data32_GSM5155458_CACCGTTTCCCTGGTT-1,0,enzalutamide
Data32_GSM5155458_CACCGTTTCTCTCGAC-1,0,enzalutamide
Data32_GSM5155458_CACGAATTCTAAGCCA-1,0,enzalutamide
Data32_GSM5155458_CACGAATTCTCTCTTC-1,0,enzalutamide
Data32_GSM5155458_CACGAATTCTGAGGCC-1,0,enzalutamide
Data32_GSM5155458_CACGGGTCAACCCGCA-1,0,enzalutamide
Data32_GSM5155458_CACGGGTCAATGCAGG-1,0,enzalutamide
Data32_GSM5155458_CACGGGTCATCTTCGC-1,0,enzalutamide
Data32_GSM5155458_CACGGGTGTCGGAAAC-1,0,enzalutamide
Data32_GSM5155458_CACGGGTGTGAGCCAA-1,0,enzalutamide
Data32_GSM5155458_CACGGGTGTGGCCTCA-1,0,enzalutamide
Data32_GSM5155458_CACGTGGTCTCGCAGG-1,0,enzalutamide
Data32_GSM5155458_CACGTTCAGAGTAACT-1,0,enzalutamide
Data32_GSM5155458_CACGTTCCAAAGCTCT-1,0,enzalutamide
Data32_GSM5155458_CACGTTCCACAATCTG-1,0,enzalutamide
Data32_GSM5155458_CACGTTCTCAAATGCC-1,0,enzalutamide
Data32_GSM5155458_CACGTTCTCGTCGACG-1,0,enzalutamide
Data32_GSM5155458_CACTAAGAGATCCCGC-1,0,enzalutamide
Data32_GSM5155458_CACTAAGGTTGAATCC-1,0,enzalutamide
Data32_GSM5155458_CACTGAAAGTCAGCGA-1,0,enzalutamide
Data32_GSM5155458_CACTGAACAGCACACC-1,0,enzalutamide
Data32_GSM5155458_CACTGAATCTGCCTGT-1,0,enzalutamide
Data32_GSM5155458_CACTGGGAGCCTTCTC-1,0,enzalutamide
Data32_GSM5155458_CACTGGGCAATCTAGC-1,0,enzalutamide
Data32_GSM5155458_CACTGGGCACCAATTG-1,0,enzalutamide
Data32_GSM5155458_CACTGGGCACTTGGGC-1,0,enzalutamide
Data32_GSM5155458_CACTGGGCAGGCTTGC-1,0,enzalutamide
Data32_GSM5155458_CACTGGGTCTTAGTTC-1,0,enzalutamide
Data32_GSM5155458_CACTGTCGTCTTGCGG-1,0,enzalutamide
Data32_GSM5155458_CACTGTCGTTCGGTTA-1,0,enzalutamide
Data32_GSM5155458_CACTTCGAGCGTCAAG-1,0,enzalutamide
Data32_GSM5155458_CACTTCGAGCTGAAGC-1,0,enzalutamide
Data32_GSM5155458_CACTTCGGTACCGCGT-1,0,enzalutamide
Data32_GSM5155458_CACTTCGGTCGGTACC-1,0,enzalutamide
Data32_GSM5155458_CACTTCGTCCCTCTAG-1,0,enzalutamide
Data32_GSM5155458_CACTTCGTCCTCCACA-1,0,enzalutamide
Data32_GSM5155458_CACTTCGTCTATCCAT-1,0,enzalutamide
Data32_GSM5155458_CAGAGCCAGGTGCTAG-1,0,enzalutamide
Data32_GSM5155458_CAGAGCCAGTGATAAC-1,0,enzalutamide
Data32_GSM5155458_CAGAGCCGTTGTTTGG-1,0,enzalutamide
Data32_GSM5155458_CAGATACAGCCTCACG-1,0,enzalutamide
Data32_GSM5155458_CAGATACCAGCAGTTT-1,0,enzalutamide
Data32_GSM5155458_CAGATACGTTCGAGCC-1,0,enzalutamide
Data32_GSM5155458_CAGATCAAGTCCTACA-1,0,enzalutamide
Data32_GSM5155458_CAGATCATCAGTCTTT-1,0,enzalutamide
Data32_GSM5155458_CAGATCATCTCCGTGT-1,0,enzalutamide
Data32_GSM5155458_CAGATCATCTCTTAAC-1,0,enzalutamide
Data32_GSM5155458_CAGATTGTCCGCACTT-1,0,enzalutamide
Data32_GSM5155458_CAGATTGTCTGTCTCG-1,0,enzalutamide
Data32_GSM5155458_CAGCAATAGTATTGCC-1,0,enzalutamide
Data32_GSM5155458_CAGCAATCAGAAGTTA-1,0,enzalutamide
Data32_GSM5155458_CAGCAATCAGGTGGAT-1,0,enzalutamide
Data32_GSM5155458_CAGCAATCATACACCA-1,0,enzalutamide
Data32_GSM5155458_CAGCAATGTGCATGTT-1,0,enzalutamide
Data32_GSM5155458_CAGCACGCAACCGGAA-1,0,enzalutamide
Data32_GSM5155458_CAGCACGCACTACACA-1,0,enzalutamide
Data32_GSM5155458_CAGCACGCAGGTGACA-1,0,enzalutamide
Data32_GSM5155458_CAGCACGCATGACGGA-1,0,enzalutamide
Data32_GSM5155458_CAGCACGGTGGTGATG-1,0,enzalutamide
Data32_GSM5155458_CAGCAGCAGTTCCATG-1,0,enzalutamide
Data32_GSM5155458_CAGCAGCTCATGAGAA-1,0,enzalutamide
Data32_GSM5155458_CAGCCAGCAGTCTACA-1,0,enzalutamide
Data32_GSM5155458_CAGCCAGGTACCATAC-1,0,enzalutamide
Data32_GSM5155458_CAGCCAGGTCATCAGT-1,0,enzalutamide
Data32_GSM5155458_CAGCCAGGTCCCGTGA-1,0,enzalutamide
Data32_GSM5155458_CAGCGTGAGGTGGTTG-1,0,enzalutamide
Data32_GSM5155458_CAGCGTGCAGCGGTTC-1,0,enzalutamide
Data32_GSM5155458_CAGCGTGCATGACGGA-1,0,enzalutamide
Data32_GSM5155458_CAGCGTGTCCGATGCG-1,0,enzalutamide
Data32_GSM5155458_CAGCGTGTCGCATTGA-1,0,enzalutamide
Data32_GSM5155458_CAGGCCAAGGAAAGAC-1,0,enzalutamide
Data32_GSM5155458_CAGGCCAGTACTCGCG-1,0,enzalutamide
Data32_GSM5155458_CAGGCCAGTGTAGTGG-1,0,enzalutamide
Data32_GSM5155458_CAGGCCATCATTGCGA-1,0,enzalutamide
Data32_GSM5155458_CAGGCCATCCTTCTGG-1,0,enzalutamide
Data32_GSM5155458_CAGGCCATCTATCACT-1,0,enzalutamide
Data32_GSM5155458_CAGGCCATCTTCCCAG-1,0,enzalutamide
Data32_GSM5155458_CAGGGCTCATGACCCG-1,0,enzalutamide
Data32_GSM5155458_CAGGTATCAAGAGTTA-1,0,enzalutamide
Data32_GSM5155458_CAGGTATCAGCAGTCC-1,0,enzalutamide
Data32_GSM5155458_CAGGTATCAGTTTCGA-1,0,enzalutamide
Data32_GSM5155458_CAGGTATTCATTCGTT-1,0,enzalutamide
Data32_GSM5155458_CAGGTATTCCACCTCA-1,0,enzalutamide
Data32_GSM5155458_CAGGTATTCGAATCCA-1,0,enzalutamide
Data32_GSM5155458_CAGGTATTCTACCCAC-1,0,enzalutamide
Data32_GSM5155458_CAGTGCGAGAGTCCGA-1,0,enzalutamide
Data32_GSM5155458_CAGTGCGGTCGAAACG-1,0,enzalutamide
Data32_GSM5155458_CAGTTAGAGGAATGTT-1,0,enzalutamide
Data32_GSM5155458_CAGTTAGCACTCCACT-1,0,enzalutamide
Data32_GSM5155458_CAGTTAGCAGCTACTA-1,0,enzalutamide
Data32_GSM5155458_CAGTTAGGTGGCATCC-1,0,enzalutamide
Data32_GSM5155458_CAGTTCCAGAAGTCAT-1,0,enzalutamide
Data32_GSM5155458_CAGTTCCAGTGACACG-1,0,enzalutamide
Data32_GSM5155458_CAGTTCCGTAACATCC-1,0,enzalutamide
Data32_GSM5155458_CAGTTCCGTTGTGGCC-1,0,enzalutamide
Data32_GSM5155458_CAGTTCCTCGTTTACT-1,0,enzalutamide
Data32_GSM5155458_CATAAGCAGACTGGGT-1,0,enzalutamide
Data32_GSM5155458_CATAAGCCAATGCTCA-1,0,enzalutamide
Data32_GSM5155458_CATAAGCTCTGCTCTG-1,0,enzalutamide
Data32_GSM5155458_CATAAGCTCTTTCCAA-1,0,enzalutamide
Data32_GSM5155458_CATACAGAGTTCATGC-1,0,enzalutamide
Data32_GSM5155458_CATACAGCATCAACCA-1,0,enzalutamide
Data32_GSM5155458_CATACAGGTTCAGTAC-1,0,enzalutamide
Data32_GSM5155458_CATACAGTCCGTAGTA-1,0,enzalutamide
Data32_GSM5155458_CATACAGTCTCGGCTT-1,0,enzalutamide
Data32_GSM5155458_CATACCCCACCTAAAC-1,0,enzalutamide
Data32_GSM5155458_CATAGACAGGCCTAGA-1,0,enzalutamide
Data32_GSM5155458_CATAGACAGGCTCCCA-1,0,enzalutamide
Data32_GSM5155458_CATAGACAGGTCACTT-1,0,enzalutamide
Data32_GSM5155458_CATAGACCATTCAGGT-1,0,enzalutamide
Data32_GSM5155458_CATAGACGTACGCTTA-1,0,enzalutamide
Data32_GSM5155458_CATAGACGTTCTAACG-1,0,enzalutamide
Data32_GSM5155458_CATAGACGTTGACTGT-1,0,enzalutamide
Data32_GSM5155458_CATAGACTCGGCTCTT-1,0,enzalutamide
Data32_GSM5155458_CATCAAGCACTTGACA-1,0,enzalutamide
Data32_GSM5155458_CATCAAGTCGTTGCCT-1,0,enzalutamide
Data32_GSM5155458_CATCCACAGAGTCGAC-1,0,enzalutamide
Data32_GSM5155458_CATCCACCATAACTCG-1,0,enzalutamide
Data32_GSM5155458_CATCCACGTAAGATAC-1,0,enzalutamide
Data32_GSM5155458_CATCCACGTCCCTAAA-1,0,enzalutamide
Data32_GSM5155458_CATCCACTCAGTAGGG-1,0,enzalutamide
Data32_GSM5155458_CATCCCAAGCCAGAGT-1,0,enzalutamide
Data32_GSM5155458_CATCCCATCGTAGGGA-1,0,enzalutamide
Data32_GSM5155458_CATCCGTAGTGAACAT-1,0,enzalutamide
Data32_GSM5155458_CATCGGGCAAACTAGA-1,0,enzalutamide
Data32_GSM5155458_CATCGGGCACGTGAGA-1,0,enzalutamide
Data32_GSM5155458_CATCGGGGTAACACCT-1,0,enzalutamide
Data32_GSM5155458_CATCGGGTCCACGTGG-1,0,enzalutamide
Data32_GSM5155458_CATCGTCAGAGAGCCT-1,0,enzalutamide
Data32_GSM5155458_CATCGTCCAATACGAA-1,0,enzalutamide
Data32_GSM5155458_CATCGTCCACGGTGCT-1,0,enzalutamide
Data32_GSM5155458_CATCGTCGTAGGAGGG-1,0,enzalutamide
Data32_GSM5155458_CATCGTCTCCAAACCA-1,0,enzalutamide
Data32_GSM5155458_CATGAGTAGTACCCTA-1,0,enzalutamide
Data32_GSM5155458_CATGAGTCAAATAGCA-1,0,enzalutamide
Data32_GSM5155458_CATGAGTGTACAAGTA-1,0,enzalutamide
Data32_GSM5155458_CATGCAAAGGAGGGTG-1,0,enzalutamide
Data32_GSM5155458_CATGCAACAACAGATA-1,0,enzalutamide
Data32_GSM5155458_CATGCAAGTAACTAAG-1,0,enzalutamide
Data32_GSM5155458_CATGCAAGTAAGATAC-1,0,enzalutamide
Data32_GSM5155458_CATGCAATCCCTCTCC-1,0,enzalutamide
Data32_GSM5155458_CATGCAATCGCGTTTC-1,0,enzalutamide
Data32_GSM5155458_CATGCCTAGAAGTGTT-1,0,enzalutamide
Data32_GSM5155458_CATGCCTCACACACGC-1,0,enzalutamide
Data32_GSM5155458_CATGCCTGTGATCATC-1,0,enzalutamide
Data32_GSM5155458_CATGCCTTCCACGTAA-1,0,enzalutamide
Data32_GSM5155458_CATGCCTTCCACTGGG-1,0,enzalutamide
Data32_GSM5155458_CATGCCTTCTACAGGT-1,0,enzalutamide
Data32_GSM5155458_CATGCGGAGGTGCGAT-1,0,enzalutamide
Data32_GSM5155458_CATGCGGCATATGGCT-1,0,enzalutamide
Data32_GSM5155458_CATGCGGCATGTCTAG-1,0,enzalutamide
Data32_GSM5155458_CATGCGGGTCGATTTG-1,0,enzalutamide
Data32_GSM5155458_CATGCGGTCCATTTAC-1,0,enzalutamide
Data32_GSM5155458_CATGCTCAGGTATCTC-1,0,enzalutamide
Data32_GSM5155458_CATGCTCGTGTCATCA-1,0,enzalutamide
Data32_GSM5155458_CATGCTCTCCTTCTGG-1,0,enzalutamide
Data32_GSM5155458_CATGCTCTCGTCTAAG-1,0,enzalutamide
Data32_GSM5155458_CATGCTCTCTCCCATG-1,0,enzalutamide
Data32_GSM5155458_CATGGATAGAGTACCG-1,0,enzalutamide
Data32_GSM5155458_CATGGATAGTCCTACA-1,0,enzalutamide
Data32_GSM5155458_CATGGATGTAAGATAC-1,0,enzalutamide
Data32_GSM5155458_CATGGATGTTAGGAGC-1,0,enzalutamide
Data32_GSM5155458_CATGGATTCCCTGTTG-1,0,enzalutamide
Data32_GSM5155458_CATGGATTCCTGATAG-1,0,enzalutamide
Data32_GSM5155458_CATGGATTCTCACGAA-1,0,enzalutamide
Data32_GSM5155458_CATGGTAAGTCTGCAT-1,0,enzalutamide
Data32_GSM5155458_CATGGTACAACTTGGT-1,0,enzalutamide
Data32_GSM5155458_CATGGTACATCGGAAG-1,0,enzalutamide
Data32_GSM5155458_CATGGTAGTGACAGCA-1,0,enzalutamide
Data32_GSM5155458_CATGGTATCACGGAGA-1,0,enzalutamide
Data32_GSM5155458_CATTCATCAAGTGCTT-1,0,enzalutamide
Data32_GSM5155458_CATTCCGCAAGTATAG-1,0,enzalutamide
Data32_GSM5155458_CATTCCGGTGCCGAAA-1,0,enzalutamide
Data32_GSM5155458_CATTCCGTCTCGCTCA-1,0,enzalutamide
Data32_GSM5155458_CATTCCGTCTGCAGCG-1,0,enzalutamide
Data32_GSM5155458_CATTCTAAGGTTCTTG-1,0,enzalutamide
Data32_GSM5155458_CATTCTACAACAAGTA-1,0,enzalutamide
Data32_GSM5155458_CATTCTACATAGCACT-1,0,enzalutamide
Data32_GSM5155458_CATTCTATCCGAACGC-1,0,enzalutamide
Data32_GSM5155458_CATTGCCAGTGGGAAA-1,0,enzalutamide
Data32_GSM5155458_CATTGCCCAGCGAACA-1,0,enzalutamide
Data32_GSM5155458_CATTGCCGTCACTTAG-1,0,enzalutamide
Data32_GSM5155458_CATTGCCGTCTTTCAT-1,0,enzalutamide
Data32_GSM5155458_CATTGTTCAAGTGGAC-1,0,enzalutamide
Data32_GSM5155458_CATTGTTGTCCACAGC-1,0,enzalutamide
Data32_GSM5155458_CATTTCACAGAGTGAC-1,0,enzalutamide
Data32_GSM5155458_CATTTCACATGACTGT-1,0,enzalutamide
Data32_GSM5155458_CATTTCAGTACAAACA-1,0,enzalutamide
Data32_GSM5155458_CATTTCAGTTGCGGCT-1,0,enzalutamide
Data32_GSM5155458_CATTTCATCCGATGTA-1,0,enzalutamide
Data32_GSM5155458_CATTTCATCGTCAAAC-1,0,enzalutamide
Data32_GSM5155458_CCAAGCGGTAGAGGAA-1,0,enzalutamide
Data32_GSM5155458_CCAATGAAGGCCCACT-1,0,enzalutamide
Data32_GSM5155458_CCAATGACAACCCGCA-1,0,enzalutamide
Data32_GSM5155458_CCAATGACAATTGTGC-1,0,enzalutamide
Data32_GSM5155458_CCAATGACACAAAGTA-1,0,enzalutamide
Data32_GSM5155458_CCAATGACATAGGTTC-1,0,enzalutamide
Data32_GSM5155458_CCAATGACATCAACCA-1,0,enzalutamide
Data32_GSM5155458_CCAATGATCGGTGTAT-1,0,enzalutamide
Data32_GSM5155458_CCAATTTCATGACAAA-1,0,enzalutamide
Data32_GSM5155458_CCAATTTGTCCGGATC-1,0,enzalutamide
Data32_GSM5155458_CCACAAAAGAATCCCT-1,0,enzalutamide
Data32_GSM5155458_CCACAAAAGCCTGTCG-1,0,enzalutamide
Data32_GSM5155458_CCACAAACATCGTGCG-1,0,enzalutamide
Data32_GSM5155458_CCACAAACATGAATAG-1,0,enzalutamide
Data32_GSM5155458_CCACAAAGTCTCGCGA-1,0,enzalutamide
Data32_GSM5155458_CCACAAAGTTAGGAGC-1,0,enzalutamide
Data32_GSM5155458_CCACAAATCATTACTC-1,0,enzalutamide
Data32_GSM5155458_CCACAAATCGAGTGGA-1,0,enzalutamide
Data32_GSM5155458_CCACAAATCGCTACAA-1,0,enzalutamide
Data32_GSM5155458_CCACAAATCTCGACGG-1,0,enzalutamide
Data32_GSM5155458_CCACACTAGCACGATG-1,0,enzalutamide
Data32_GSM5155458_CCACACTAGCGTGTTT-1,0,enzalutamide
Data32_GSM5155458_CCACACTCAAATGGCG-1,0,enzalutamide
Data32_GSM5155458_CCACACTCACTCAAGT-1,0,enzalutamide
Data32_GSM5155458_CCACACTCAGAGAGGG-1,0,enzalutamide
Data32_GSM5155458_CCACACTGTAGGCAGT-1,0,enzalutamide
Data32_GSM5155458_CCACACTTCGACCACG-1,0,enzalutamide
Data32_GSM5155458_CCACCATAGACTTCCA-1,0,enzalutamide
Data32_GSM5155458_CCACCATAGATCGCCC-1,0,enzalutamide
Data32_GSM5155458_CCACCATCAACTGCTA-1,0,enzalutamide
Data32_GSM5155458_CCACCATTCATTCACT-1,0,enzalutamide
Data32_GSM5155458_CCACCATTCTCACGAA-1,0,enzalutamide
Data32_GSM5155458_CCACGAGTCATTCATC-1,0,enzalutamide
Data32_GSM5155458_CCACGTTAGATTGACA-1,0,enzalutamide
Data32_GSM5155458_CCACGTTAGGTATAGT-1,0,enzalutamide
Data32_GSM5155458_CCACGTTGTCTGCATA-1,0,enzalutamide
Data32_GSM5155458_CCACGTTGTTCTCTAT-1,0,enzalutamide
Data32_GSM5155458_CCACGTTTCATTGCCC-1,0,enzalutamide
Data32_GSM5155458_CCACGTTTCCAACTAG-1,0,enzalutamide
Data32_GSM5155458_CCACTTGGTTTCACTT-1,0,enzalutamide
Data32_GSM5155458_CCATAAGAGATAGTCA-1,0,enzalutamide
Data32_GSM5155458_CCATAAGAGGAAACGA-1,0,enzalutamide
Data32_GSM5155458_CCATAAGCAAATGCTC-1,0,enzalutamide
Data32_GSM5155458_CCATAAGCACTATCCC-1,0,enzalutamide
Data32_GSM5155458_CCATAAGGTTGAGAGC-1,0,enzalutamide
Data32_GSM5155458_CCATAAGTCGAGAATA-1,0,enzalutamide
Data32_GSM5155458_CCATAAGTCTCGCCTA-1,0,enzalutamide
Data32_GSM5155458_CCATCACAGTAGTCCT-1,0,enzalutamide
Data32_GSM5155458_CCATCACCACTTGACA-1,0,enzalutamide
Data32_GSM5155458_CCATCACGTAGGACTG-1,0,enzalutamide
Data32_GSM5155458_CCATCACGTCATAGTC-1,0,enzalutamide
Data32_GSM5155458_CCATCACGTTTGCCGG-1,0,enzalutamide
Data32_GSM5155458_CCCAACTAGAGAGCGG-1,0,enzalutamide
Data32_GSM5155458_CCCAACTAGGGTAATT-1,0,enzalutamide
Data32_GSM5155458_CCCAACTCAACAAGTA-1,0,enzalutamide
Data32_GSM5155458_CCCAACTGTACCAGAG-1,0,enzalutamide
Data32_GSM5155458_CCCATTGAGCTAGATA-1,0,enzalutamide
Data32_GSM5155458_CCCATTGAGGTCCTGC-1,0,enzalutamide
Data32_GSM5155458_CCCATTGCACTGAATC-1,0,enzalutamide
Data32_GSM5155458_CCCATTGGTATCATGC-1,0,enzalutamide
Data32_GSM5155458_CCCATTGGTCACAGTT-1,0,enzalutamide
Data32_GSM5155458_CCCATTGGTGTGTCCG-1,0,enzalutamide
Data32_GSM5155458_CCCATTGGTTCTCAGA-1,0,enzalutamide
Data32_GSM5155458_CCCGAAGCAAGGCGTA-1,0,enzalutamide
Data32_GSM5155458_CCCGAAGGTACTAGCT-1,0,enzalutamide
Data32_GSM5155458_CCCGAAGGTTCATCGA-1,0,enzalutamide
Data32_GSM5155458_CCCGGAAAGTATCCTG-1,0,enzalutamide
Data32_GSM5155458_CCCGGAAGTAATCAGA-1,0,enzalutamide
Data32_GSM5155458_CCCGGAAGTTAGGCCC-1,0,enzalutamide
Data32_GSM5155458_CCCGGAAGTTCAACGT-1,0,enzalutamide
Data32_GSM5155458_CCCGGAATCACTGTCC-1,0,enzalutamide
Data32_GSM5155458_CCCTAACAGGATTACA-1,0,enzalutamide
Data32_GSM5155458_CCCTAACAGTAGATCA-1,0,enzalutamide
Data32_GSM5155458_CCCTAACAGTAGCAAT-1,0,enzalutamide
Data32_GSM5155458_CCCTCAAAGGCATGGT-1,0,enzalutamide
Data32_GSM5155458_CCCTCAACAAGCGCAA-1,0,enzalutamide
Data32_GSM5155458_CCCTCAATCATGCATG-1,0,enzalutamide
Data32_GSM5155458_CCCTCAATCTGAGGCC-1,0,enzalutamide
Data32_GSM5155458_CCCTCTCCACAGTGAG-1,0,enzalutamide
Data32_GSM5155458_CCCTCTCCAGGCGATA-1,0,enzalutamide
Data32_GSM5155458_CCCTCTCTCAAGATAG-1,0,enzalutamide
Data32_GSM5155458_CCCTGATAGATGTTCC-1,0,enzalutamide
Data32_GSM5155458_CCCTGATCAGTCTCTC-1,0,enzalutamide
Data32_GSM5155458_CCCTGATGTACTCCCT-1,0,enzalutamide
Data32_GSM5155458_CCCTGATGTACTGCGC-1,0,enzalutamide
Data32_GSM5155458_CCCTGATGTCCCACGA-1,0,enzalutamide
Data32_GSM5155458_CCCTTAGAGACCCGCT-1,0,enzalutamide
Data32_GSM5155458_CCCTTAGAGTAAAGCT-1,0,enzalutamide
Data32_GSM5155458_CCCTTAGCACAGTCCG-1,0,enzalutamide
Data32_GSM5155458_CCCTTAGCAGTTCACA-1,0,enzalutamide
Data32_GSM5155458_CCCTTAGTCATTCATC-1,0,enzalutamide
Data32_GSM5155458_CCCTTAGTCGCTATTT-1,0,enzalutamide
Data32_GSM5155458_CCGAACGAGGAGGTTC-1,0,enzalutamide
Data32_GSM5155458_CCGAACGCAACGTATC-1,0,enzalutamide
Data32_GSM5155458_CCGATCTGTATCGCTA-1,0,enzalutamide
Data32_GSM5155458_CCGATCTGTTAGGGAC-1,0,enzalutamide
Data32_GSM5155458_CCGATCTTCATGCATG-1,0,enzalutamide
Data32_GSM5155458_CCGATGGAGTCATACC-1,0,enzalutamide
Data32_GSM5155458_CCGATGGTCCTCGATC-1,0,enzalutamide
Data32_GSM5155458_CCGATGGTCTAGTCAG-1,0,enzalutamide
Data32_GSM5155458_CCGCAAGAGATGCTTC-1,0,enzalutamide
Data32_GSM5155458_CCGCAAGCAAGGACAC-1,0,enzalutamide
Data32_GSM5155458_CCGCAAGCACGGTGAA-1,0,enzalutamide
Data32_GSM5155458_CCGCAAGCATGACACT-1,0,enzalutamide
Data32_GSM5155458_CCGCAAGGTGTATCCA-1,0,enzalutamide
Data32_GSM5155458_CCGGACACAAGTCGTT-1,0,enzalutamide
Data32_GSM5155458_CCGGACATCACCTGGG-1,0,enzalutamide
Data32_GSM5155458_CCGGGTACAATACCCA-1,0,enzalutamide
Data32_GSM5155458_CCGGGTATCACAGTGT-1,0,enzalutamide
Data32_GSM5155458_CCGGTAGCATGCAGCC-1,0,enzalutamide
Data32_GSM5155458_CCGGTGAAGCGTATAA-1,0,enzalutamide
Data32_GSM5155458_CCGGTGAGTCAAGGCA-1,0,enzalutamide
Data32_GSM5155458_CCGGTGAGTCCGTTTC-1,0,enzalutamide
Data32_GSM5155458_CCGGTGAGTGCACGCT-1,0,enzalutamide
Data32_GSM5155458_CCGGTGATCAAAGGTA-1,0,enzalutamide
Data32_GSM5155458_CCGTAGGAGGAACTAT-1,0,enzalutamide
Data32_GSM5155458_CCGTAGGCAGACCTAT-1,0,enzalutamide
Data32_GSM5155458_CCGTAGGGTTGGACCC-1,0,enzalutamide
Data32_GSM5155458_CCGTAGGTCCTCTCGA-1,0,enzalutamide
Data32_GSM5155458_CCGTGAGCAACACAGG-1,0,enzalutamide
Data32_GSM5155458_CCGTGAGGTGCAGATG-1,0,enzalutamide
Data32_GSM5155458_CCGTGAGGTTCAAACC-1,0,enzalutamide
Data32_GSM5155458_CCGTGAGTCTTACTGT-1,0,enzalutamide
Data32_GSM5155458_CCGTTCAAGTAAGGGA-1,0,enzalutamide
Data32_GSM5155458_CCGTTCAGTTCGTTCC-1,0,enzalutamide
Data32_GSM5155458_CCGTTCATCCGATCGG-1,0,enzalutamide
Data32_GSM5155458_CCTAACCAGCGACTGA-1,0,enzalutamide
Data32_GSM5155458_CCTAACCAGCTTCATG-1,0,enzalutamide
Data32_GSM5155458_CCTAACCCAAGGATGC-1,0,enzalutamide
Data32_GSM5155458_CCTAACCCAGGAAGTC-1,0,enzalutamide
Data32_GSM5155458_CCTAACCCAGTGTACT-1,0,enzalutamide
Data32_GSM5155458_CCTAACCTCGTGCTCT-1,0,enzalutamide
Data32_GSM5155458_CCTAAGAAGAATTGCA-1,0,enzalutamide
Data32_GSM5155458_CCTAAGAAGACCTTTG-1,0,enzalutamide
Data32_GSM5155458_CCTAAGAAGCTGGCTC-1,0,enzalutamide
Data32_GSM5155458_CCTAAGAGTGCATGAG-1,0,enzalutamide
Data32_GSM5155458_CCTAAGATCACTTGGA-1,0,enzalutamide
Data32_GSM5155458_CCTAAGATCCATTGCC-1,0,enzalutamide
Data32_GSM5155458_CCTAAGATCTTCCGTG-1,0,enzalutamide
Data32_GSM5155458_CCTACGTAGAAGTCCG-1,0,enzalutamide
Data32_GSM5155458_CCTACGTAGTAGTCAA-1,0,enzalutamide
Data32_GSM5155458_CCTACGTCACCGTGAC-1,0,enzalutamide
Data32_GSM5155458_CCTACGTTCGTCGACG-1,0,enzalutamide
Data32_GSM5155458_CCTACGTTCTCTGAGA-1,0,enzalutamide
Data32_GSM5155458_CCTATCGCACGTAGAG-1,0,enzalutamide
Data32_GSM5155458_CCTATCGCAGAAACCG-1,0,enzalutamide
Data32_GSM5155458_CCTATCGCAGAACGCA-1,0,enzalutamide
Data32_GSM5155458_CCTATCGTCCCACAGG-1,0,enzalutamide
Data32_GSM5155458_CCTATCGTCCGTATAG-1,0,enzalutamide
Data32_GSM5155458_CCTCAACGTCGACTGC-1,0,enzalutamide
Data32_GSM5155458_CCTCAACGTCTAGATC-1,0,enzalutamide
Data32_GSM5155458_CCTCAACGTCTTACAG-1,0,enzalutamide
Data32_GSM5155458_CCTCACAAGGGACTGT-1,0,enzalutamide
Data32_GSM5155458_CCTCACACACCCTCTA-1,0,enzalutamide
Data32_GSM5155458_CCTCACATCGCACGAC-1,0,enzalutamide
Data32_GSM5155458_CCTCAGTAGGCGATAC-1,0,enzalutamide
Data32_GSM5155458_CCTCAGTCAGCATGCC-1,0,enzalutamide
Data32_GSM5155458_CCTCAGTGTGTCACAT-1,0,enzalutamide
Data32_GSM5155458_CCTCAGTGTTTGGAGG-1,0,enzalutamide
Data32_GSM5155458_CCTCAGTTCTCACTCG-1,0,enzalutamide
Data32_GSM5155458_CCTCATGAGATTCGCT-1,0,enzalutamide
Data32_GSM5155458_CCTCATGAGGTAAGAG-1,0,enzalutamide
Data32_GSM5155458_CCTCATGCACTAACCA-1,0,enzalutamide
Data32_GSM5155458_CCTCATGGTCCCACGA-1,0,enzalutamide
Data32_GSM5155458_CCTCATGTCCGATCGG-1,0,enzalutamide
Data32_GSM5155458_CCTCCAAGTTCTCGTC-1,0,enzalutamide
Data32_GSM5155458_CCTCCAATCTTGGATG-1,0,enzalutamide
Data32_GSM5155458_CCTCCTCAGGTTTACC-1,0,enzalutamide
Data32_GSM5155458_CCTCCTCGTTCCATTT-1,0,enzalutamide
Data32_GSM5155458_CCTCCTCGTTGGTACT-1,0,enzalutamide
Data32_GSM5155458_CCTCCTCTCGAACACT-1,0,enzalutamide
Data32_GSM5155458_CCTCTAGAGAAGAACG-1,0,enzalutamide
Data32_GSM5155458_CCTCTAGAGTTCCAGT-1,0,enzalutamide
Data32_GSM5155458_CCTCTAGGTTACGATC-1,0,enzalutamide
Data32_GSM5155458_CCTCTAGTCACCTCAC-1,0,enzalutamide
Data32_GSM5155458_CCTCTCCCACAAAGCG-1,0,enzalutamide
Data32_GSM5155458_CCTCTCCGTAGAGATT-1,0,enzalutamide
Data32_GSM5155458_CCTCTCCGTATGACAA-1,0,enzalutamide
Data32_GSM5155458_CCTCTCCTCCCTGTTG-1,0,enzalutamide
Data32_GSM5155458_CCTCTCCTCCGATTAG-1,0,enzalutamide
Data32_GSM5155458_CCTCTCCTCTCGACCT-1,0,enzalutamide
Data32_GSM5155458_CCTGCATCATTGCTTT-1,0,enzalutamide
Data32_GSM5155458_CCTGCATGTATGGAAT-1,0,enzalutamide
Data32_GSM5155458_CCTGCATGTTCGGCTG-1,0,enzalutamide
Data32_GSM5155458_CCTGCATTCGTAGGAG-1,0,enzalutamide
Data32_GSM5155458_CCTGTTGGTCGGAAAC-1,0,enzalutamide
Data32_GSM5155458_CCTGTTGTCGAAATCC-1,0,enzalutamide
Data32_GSM5155458_CCTGTTGTCTGGCCAG-1,0,enzalutamide
Data32_GSM5155458_CCTTCAGAGCATCAGG-1,0,enzalutamide
Data32_GSM5155458_CCTTCAGCACCCATAA-1,0,enzalutamide
Data32_GSM5155458_CCTTCAGGTCTTCTAT-1,0,enzalutamide
Data32_GSM5155458_CCTTGTGAGAATCGTA-1,0,enzalutamide
Data32_GSM5155458_CCTTGTGCACACAGCC-1,0,enzalutamide
Data32_GSM5155458_CCTTGTGCAGTTGTCA-1,0,enzalutamide
Data32_GSM5155458_CCTTGTGCATCTAGAC-1,0,enzalutamide
Data32_GSM5155458_CCTTGTGGTAATGCTC-1,0,enzalutamide
Data32_GSM5155458_CCTTGTGGTAGGGAGG-1,0,enzalutamide
Data32_GSM5155458_CCTTGTGGTTGAGGAC-1,0,enzalutamide
Data32_GSM5155458_CCTTGTGTCGTGTCAA-1,0,enzalutamide
Data32_GSM5155458_CCTTGTGTCTCCAAGA-1,0,enzalutamide
Data32_GSM5155458_CCTTTGGAGATGGGCT-1,0,enzalutamide
Data32_GSM5155458_CCTTTGGAGTACCATC-1,0,enzalutamide
Data32_GSM5155458_CCTTTGGCAAGTTGGG-1,0,enzalutamide
Data32_GSM5155458_CCTTTGGCAGAAGCTG-1,0,enzalutamide
Data32_GSM5155458_CCTTTGGTCCTGTTAT-1,0,enzalutamide
Data32_GSM5155458_CCTTTGGTCGGTCGAC-1,0,enzalutamide
Data32_GSM5155458_CCTTTGGTCTAGGCAT-1,0,enzalutamide
Data32_GSM5155458_CGAAGGAAGCGTCTGC-1,0,enzalutamide
Data32_GSM5155458_CGAAGGACAGGGTCTC-1,0,enzalutamide
Data32_GSM5155458_CGAAGGAGTAACAGGC-1,0,enzalutamide
Data32_GSM5155458_CGAAGGATCCACTAGA-1,0,enzalutamide
Data32_GSM5155458_CGAAGTTCAAACGTGG-1,0,enzalutamide
Data32_GSM5155458_CGAAGTTCAAAGGGCT-1,0,enzalutamide
Data32_GSM5155458_CGAAGTTGTGCTCTCT-1,0,enzalutamide
Data32_GSM5155458_CGAAGTTGTGGCTACC-1,0,enzalutamide
Data32_GSM5155458_CGAAGTTTCTCCAATT-1,0,enzalutamide
Data32_GSM5155458_CGAATTGAGCCTCTCT-1,0,enzalutamide
Data32_GSM5155458_CGAATTGAGCTCGTGC-1,0,enzalutamide
Data32_GSM5155458_CGACAGCCAGACAAGC-1,0,enzalutamide
Data32_GSM5155458_CGACAGCCATGAGTAA-1,0,enzalutamide
Data32_GSM5155458_CGAGAAGCACAACGCC-1,0,enzalutamide
Data32_GSM5155458_CGAGAAGCATCGCTCT-1,0,enzalutamide
Data32_GSM5155458_CGAGAAGTCAATCGGT-1,0,enzalutamide
Data32_GSM5155458_CGAGAAGTCCGAGAAG-1,0,enzalutamide
Data32_GSM5155458_CGAGAAGTCTCGTTTA-1,0,enzalutamide
Data32_GSM5155458_CGAGGAAAGTCAGAGC-1,0,enzalutamide
Data32_GSM5155458_CGAGGAACAGGGAATC-1,0,enzalutamide
Data32_GSM5155458_CGAGGAAGTGTTGACT-1,0,enzalutamide
Data32_GSM5155458_CGAGGAATCGTGTTCC-1,0,enzalutamide
Data32_GSM5155458_CGAGGCTCAGCTTTCC-1,0,enzalutamide
Data32_GSM5155458_CGAGGCTTCTATCGCC-1,0,enzalutamide
Data32_GSM5155458_CGAGTGCAGACCAACG-1,0,enzalutamide
Data32_GSM5155458_CGAGTGCAGTGATAGT-1,0,enzalutamide
Data32_GSM5155458_CGAGTGCAGTGTTGAA-1,0,enzalutamide
Data32_GSM5155458_CGAGTGCCAACGCCCA-1,0,enzalutamide
Data32_GSM5155458_CGAGTGCCAAGGTCGA-1,0,enzalutamide
Data32_GSM5155458_CGAGTGCGTGAATGAT-1,0,enzalutamide
Data32_GSM5155458_CGAGTGCTCATCTCTA-1,0,enzalutamide
Data32_GSM5155458_CGAGTGCTCGTAACAC-1,0,enzalutamide
Data32_GSM5155458_CGAGTTAAGGCAGCTA-1,0,enzalutamide
Data32_GSM5155458_CGATCGGAGATCCGAG-1,0,enzalutamide
Data32_GSM5155458_CGATGCGGTAACTGCT-1,0,enzalutamide
Data32_GSM5155458_CGATGCGGTTCGTTCC-1,0,enzalutamide
Data32_GSM5155458_CGATGCGTCGTACCTC-1,0,enzalutamide
Data32_GSM5155458_CGATGGCAGGAACGTC-1,0,enzalutamide
Data32_GSM5155458_CGATGGCAGGCCTTGC-1,0,enzalutamide
Data32_GSM5155458_CGATGGCCAATTCACG-1,0,enzalutamide
Data32_GSM5155458_CGATGGCGTCCATACA-1,0,enzalutamide
Data32_GSM5155458_CGATGGCGTGTCCGTG-1,0,enzalutamide
Data32_GSM5155458_CGATGGCGTTGGGTAG-1,0,enzalutamide
Data32_GSM5155458_CGATGGCTCATACAGC-1,0,enzalutamide
Data32_GSM5155458_CGATGGCTCGGTCTGG-1,0,enzalutamide
Data32_GSM5155458_CGCAGGTCAAAGTATG-1,0,enzalutamide
Data32_GSM5155458_CGCAGGTCAACAGTGG-1,0,enzalutamide
Data32_GSM5155458_CGCAGGTCAGACACCC-1,0,enzalutamide
Data32_GSM5155458_CGCAGGTGTACCAGAG-1,0,enzalutamide
Data32_GSM5155458_CGCAGGTGTCATCGCG-1,0,enzalutamide
Data32_GSM5155458_CGCAGGTTCTACGGGC-1,0,enzalutamide
Data32_GSM5155458_CGCAGGTTCTCACTCG-1,0,enzalutamide
Data32_GSM5155458_CGCAGGTTCTTCCGTG-1,0,enzalutamide
Data32_GSM5155458_CGCATAAAGAAGCCAC-1,0,enzalutamide
Data32_GSM5155458_CGCATAACAGCTATAC-1,0,enzalutamide
Data32_GSM5155458_CGCATGGCAAGTATAG-1,0,enzalutamide
Data32_GSM5155458_CGCATGGGTAAGATCA-1,0,enzalutamide
Data32_GSM5155458_CGCCAGAAGAGAGGTA-1,0,enzalutamide
Data32_GSM5155458_CGCCAGAAGGGCGAAG-1,0,enzalutamide
Data32_GSM5155458_CGCCAGACAACGGCCT-1,0,enzalutamide
Data32_GSM5155458_CGCCAGACATCCTTGC-1,0,enzalutamide
Data32_GSM5155458_CGCCATTTCGCCTAGG-1,0,enzalutamide
Data32_GSM5155458_CGCGTGAAGCTACAAA-1,0,enzalutamide
Data32_GSM5155458_CGCGTGACACCTGCGA-1,0,enzalutamide
Data32_GSM5155458_CGCGTGAGTACGAGTG-1,0,enzalutamide
Data32_GSM5155458_CGCGTGAGTGGTACAG-1,0,enzalutamide
Data32_GSM5155458_CGCGTGATCATGAGGG-1,0,enzalutamide
Data32_GSM5155458_CGGAACCAGAGCATAT-1,0,enzalutamide
Data32_GSM5155458_CGGAACCAGATTAGCA-1,0,enzalutamide
Data32_GSM5155458_CGGAACCAGGCGTCCT-1,0,enzalutamide
Data32_GSM5155458_CGGAACCCAGCAGGAT-1,0,enzalutamide
Data32_GSM5155458_CGGAACCCAGTCGGTC-1,0,enzalutamide
Data32_GSM5155458_CGGAACCGTGGTCAAG-1,0,enzalutamide
Data32_GSM5155458_CGGAACCGTTGCATGT-1,0,enzalutamide
Data32_GSM5155458_CGGAACCTCTCAAAGC-1,0,enzalutamide
Data32_GSM5155458_CGGAATTAGATAACGT-1,0,enzalutamide
Data32_GSM5155458_CGGAATTAGCACGGAT-1,0,enzalutamide
Data32_GSM5155458_CGGAATTTCATCACCC-1,0,enzalutamide
Data32_GSM5155458_CGGAATTTCTCGTTTA-1,0,enzalutamide
Data32_GSM5155458_CGGACACCAAGTGATA-1,0,enzalutamide
Data32_GSM5155458_CGGACACTCCCTATTA-1,0,enzalutamide
Data32_GSM5155458_CGGACACTCGTGACTA-1,0,enzalutamide
Data32_GSM5155458_CGGAGAATCGTTGTTT-1,0,enzalutamide
Data32_GSM5155458_CGGAGAATCTGGTGCG-1,0,enzalutamide
Data32_GSM5155458_CGGCAGTAGGGTCTTT-1,0,enzalutamide
Data32_GSM5155458_CGGCAGTCAAATGGCG-1,0,enzalutamide
Data32_GSM5155458_CGGCAGTCACGAAGAC-1,0,enzalutamide
Data32_GSM5155458_CGGCAGTCATCGGTTA-1,0,enzalutamide
Data32_GSM5155458_CGGCAGTGTACCTGTA-1,0,enzalutamide
Data32_GSM5155458_CGGCAGTGTCGAGTTT-1,0,enzalutamide
Data32_GSM5155458_CGGCAGTTCAACCGAT-1,0,enzalutamide
Data32_GSM5155458_CGGGACTAGAAGATCT-1,0,enzalutamide
Data32_GSM5155458_CGGGACTAGGTTGGAC-1,0,enzalutamide
Data32_GSM5155458_CGGGACTGTTCCAAAC-1,0,enzalutamide
Data32_GSM5155458_CGGGCATTCAGAGCAG-1,0,enzalutamide
Data32_GSM5155458_CGGGCATTCTGCATGA-1,0,enzalutamide
Data32_GSM5155458_CGGGTCATCGCCTTGT-1,0,enzalutamide
Data32_GSM5155458_CGGGTGTAGCAATTCC-1,0,enzalutamide
Data32_GSM5155458_CGGGTGTGTCCAGCCA-1,0,enzalutamide
Data32_GSM5155458_CGTAAGTAGTTTAGGA-1,0,enzalutamide
Data32_GSM5155458_CGTAAGTCATCGGAGA-1,0,enzalutamide
Data32_GSM5155458_CGTAAGTGTCGAATTC-1,0,enzalutamide
Data32_GSM5155458_CGTAAGTGTTCTGAGT-1,0,enzalutamide
Data32_GSM5155458_CGTAAGTTCCTCACGT-1,0,enzalutamide
Data32_GSM5155458_CGTAAGTTCTTGGCTC-1,0,enzalutamide
Data32_GSM5155458_CGTAATGAGAGTGAAG-1,0,enzalutamide
Data32_GSM5155458_CGTAATGAGGCTCCCA-1,0,enzalutamide
Data32_GSM5155458_CGTAATGGTCCAACGC-1,0,enzalutamide
Data32_GSM5155458_CGTAATGGTGTGTGGA-1,0,enzalutamide
Data32_GSM5155458_CGTAGTAAGGGCTAAC-1,0,enzalutamide
Data32_GSM5155458_CGTAGTAGTATACGGG-1,0,enzalutamide
Data32_GSM5155458_CGTAGTATCTGATTCT-1,0,enzalutamide
Data32_GSM5155458_CGTCAAAAGATTGACA-1,0,enzalutamide
Data32_GSM5155458_CGTCAAAAGCTCCCTT-1,0,enzalutamide
Data32_GSM5155458_CGTCCATAGACTCTAC-1,0,enzalutamide
Data32_GSM5155458_CGTCCATCATGACGAG-1,0,enzalutamide
Data32_GSM5155458_CGTCCATTCCTGTTGC-1,0,enzalutamide
Data32_GSM5155458_CGTGAATAGAATCCCT-1,0,enzalutamide
Data32_GSM5155458_CGTGAATTCAACGTGT-1,0,enzalutamide
Data32_GSM5155458_CGTGATAAGTATTGCC-1,0,enzalutamide
Data32_GSM5155458_CGTGATACAGAGTCTT-1,0,enzalutamide
Data32_GSM5155458_CGTGATACATAGGTAA-1,0,enzalutamide
Data32_GSM5155458_CGTGATACATGGAAGC-1,0,enzalutamide
Data32_GSM5155458_CGTGATATCATGGCCG-1,0,enzalutamide
Data32_GSM5155458_CGTGCTTAGCAGTAAT-1,0,enzalutamide
Data32_GSM5155458_CGTGCTTGTCGTCTCT-1,0,enzalutamide
Data32_GSM5155458_CGTGTCTAGTACAGAT-1,0,enzalutamide
Data32_GSM5155458_CGTGTCTCACTGGACC-1,0,enzalutamide
Data32_GSM5155458_CGTGTCTGTGAAAGTT-1,0,enzalutamide
Data32_GSM5155458_CGTTCTGAGACTTGTC-1,0,enzalutamide
Data32_GSM5155458_CGTTCTGAGTAAAGCT-1,0,enzalutamide
Data32_GSM5155458_CGTTCTGCAGAATGTA-1,0,enzalutamide
Data32_GSM5155458_CGTTCTGGTGCAGTGA-1,0,enzalutamide
Data32_GSM5155458_CGTTCTGGTTTGTGGT-1,0,enzalutamide
Data32_GSM5155458_CGTTGGGTCAACACCA-1,0,enzalutamide
Data32_GSM5155458_CGTTGGGTCAAGTAAG-1,0,enzalutamide
Data32_GSM5155458_CTAACCCAGCAAGTCG-1,0,enzalutamide
Data32_GSM5155458_CTAACCCAGGCATGCA-1,0,enzalutamide
Data32_GSM5155458_CTAACCCTCAGATTGC-1,0,enzalutamide
Data32_GSM5155458_CTAACCCTCTAGGAAA-1,0,enzalutamide
Data32_GSM5155458_CTAACTTGTGGTTTGT-1,0,enzalutamide
Data32_GSM5155458_CTAACTTTCTTAGCCC-1,0,enzalutamide
Data32_GSM5155458_CTAAGTGGTAACCAGG-1,0,enzalutamide
Data32_GSM5155458_CTAAGTGGTAAGATAC-1,0,enzalutamide
Data32_GSM5155458_CTACAGAAGGTCACTT-1,0,enzalutamide
Data32_GSM5155458_CTACAGAGTTGCATTG-1,0,enzalutamide
Data32_GSM5155458_CTACAGAGTTTACGTG-1,0,enzalutamide
Data32_GSM5155458_CTACAGATCATACGAC-1,0,enzalutamide
Data32_GSM5155458_CTACAGATCCCACAGG-1,0,enzalutamide
Data32_GSM5155458_CTACAGATCGCAGTCG-1,0,enzalutamide
Data32_GSM5155458_CTACAGATCTATCGGA-1,0,enzalutamide
Data32_GSM5155458_CTACAGATCTCTATAC-1,0,enzalutamide
Data32_GSM5155458_CTACATTAGCCAGACA-1,0,enzalutamide
Data32_GSM5155458_CTACATTAGTAGCATA-1,0,enzalutamide
Data32_GSM5155458_CTACATTCATTAAAGG-1,0,enzalutamide
Data32_GSM5155458_CTACATTTCATACGAC-1,0,enzalutamide
Data32_GSM5155458_CTACCCAGTCCGGATC-1,0,enzalutamide
Data32_GSM5155458_CTACCCATCCGATCTC-1,0,enzalutamide
Data32_GSM5155458_CTACCTGAGCCTGACC-1,0,enzalutamide
Data32_GSM5155458_CTACCTGCATCTCATT-1,0,enzalutamide
Data32_GSM5155458_CTACCTGGTCAACCAT-1,0,enzalutamide
Data32_GSM5155458_CTACCTGTCGGTAGAG-1,0,enzalutamide
Data32_GSM5155458_CTACGGGAGCAGGGAG-1,0,enzalutamide
Data32_GSM5155458_CTACGGGCAATTCACG-1,0,enzalutamide
Data32_GSM5155458_CTACGGGGTGCATTAC-1,0,enzalutamide
Data32_GSM5155458_CTACGGGTCGACGATT-1,0,enzalutamide
Data32_GSM5155458_CTAGACAAGGCACTCC-1,0,enzalutamide
Data32_GSM5155458_CTAGGTAAGCCAGAGT-1,0,enzalutamide
Data32_GSM5155458_CTAGGTAGTACAGTAA-1,0,enzalutamide
Data32_GSM5155458_CTAGGTATCAAATAGG-1,0,enzalutamide
Data32_GSM5155458_CTAGGTATCTTTCGAT-1,0,enzalutamide
Data32_GSM5155458_CTATAGGAGGAACGCT-1,0,enzalutamide
Data32_GSM5155458_CTATAGGCACTCGATA-1,0,enzalutamide
Data32_GSM5155458_CTATAGGGTACATACC-1,0,enzalutamide
Data32_GSM5155458_CTATCCGAGACCATAA-1,0,enzalutamide
Data32_GSM5155458_CTATCCGCACACGTGC-1,0,enzalutamide
Data32_GSM5155458_CTATCCGCAGGCGATA-1,0,enzalutamide
Data32_GSM5155458_CTATCCGCATGACTTG-1,0,enzalutamide
Data32_GSM5155458_CTATCCGCATGTTCAG-1,0,enzalutamide
Data32_GSM5155458_CTATCCGGTACGATTC-1,0,enzalutamide
Data32_GSM5155458_CTATCCGTCATCGCAA-1,0,enzalutamide
Data32_GSM5155458_CTATCCGTCGGAACTT-1,0,enzalutamide
Data32_GSM5155458_CTATCTAGTAGGCAGT-1,0,enzalutamide
Data32_GSM5155458_CTATCTATCAGCCTCT-1,0,enzalutamide
Data32_GSM5155458_CTATCTATCGCAACAT-1,0,enzalutamide
Data32_GSM5155458_CTCAACCGTACACGTT-1,0,enzalutamide
Data32_GSM5155458_CTCAACCGTCTAGTGT-1,0,enzalutamide
Data32_GSM5155458_CTCAAGAGTCAAACGG-1,0,enzalutamide
Data32_GSM5155458_CTCAAGAGTGGACTGA-1,0,enzalutamide
Data32_GSM5155458_CTCAAGATCCCAGGCA-1,0,enzalutamide
Data32_GSM5155458_CTCAAGATCTTCCACG-1,0,enzalutamide
Data32_GSM5155458_CTCAATTAGTCACGAG-1,0,enzalutamide
Data32_GSM5155458_CTCAATTGTGAATAAC-1,0,enzalutamide
Data32_GSM5155458_CTCAATTGTGAGATAT-1,0,enzalutamide
Data32_GSM5155458_CTCACTGCACAAATGA-1,0,enzalutamide
Data32_GSM5155458_CTCACTGCAGCTGTAT-1,0,enzalutamide
Data32_GSM5155458_CTCAGAAAGCGCTGCT-1,0,enzalutamide
Data32_GSM5155458_CTCAGAAAGGGAGTTC-1,0,enzalutamide
Data32_GSM5155458_CTCAGAAGTGGCTACC-1,0,enzalutamide
Data32_GSM5155458_CTCAGAATCAGTGATC-1,0,enzalutamide
Data32_GSM5155458_CTCAGGGAGGTTGACG-1,0,enzalutamide
Data32_GSM5155458_CTCAGGGCAACTGAAA-1,0,enzalutamide
Data32_GSM5155458_CTCAGGGCACAGTATC-1,0,enzalutamide
Data32_GSM5155458_CTCAGGGCAGAGGGTT-1,0,enzalutamide
Data32_GSM5155458_CTCAGGGCAGAGTGTG-1,0,enzalutamide
Data32_GSM5155458_CTCAGGGTCATGGGAG-1,0,enzalutamide
Data32_GSM5155458_CTCAGGGTCCTCTGCA-1,0,enzalutamide
Data32_GSM5155458_CTCAGTCAGGGAGTTC-1,0,enzalutamide
Data32_GSM5155458_CTCAGTCCACTTCAGA-1,0,enzalutamide
Data32_GSM5155458_CTCAGTCCAGCAGACA-1,0,enzalutamide
Data32_GSM5155458_CTCAGTCCATGTCTAG-1,0,enzalutamide
Data32_GSM5155458_CTCAGTCGTATGAAAC-1,0,enzalutamide
Data32_GSM5155458_CTCAGTCTCACACCCT-1,0,enzalutamide
Data32_GSM5155458_CTCAGTCTCGTCGACG-1,0,enzalutamide
Data32_GSM5155458_CTCATCGGTATGTCCA-1,0,enzalutamide
Data32_GSM5155458_CTCATCGGTTCAGCTA-1,0,enzalutamide
Data32_GSM5155458_CTCATGCCACGTACTA-1,0,enzalutamide
Data32_GSM5155458_CTCATGCGTGGTCCGT-1,0,enzalutamide
Data32_GSM5155458_CTCATGCGTTGTTTGG-1,0,enzalutamide
Data32_GSM5155458_CTCATGCTCATGCCCT-1,0,enzalutamide
Data32_GSM5155458_CTCATGCTCGCTACGG-1,0,enzalutamide
Data32_GSM5155458_CTCATGCTCGGACTTA-1,0,enzalutamide
Data32_GSM5155458_CTCATGCTCGGTCTGG-1,0,enzalutamide
Data32_GSM5155458_CTCATGCTCGTTCTAT-1,0,enzalutamide
Data32_GSM5155458_CTCATTAAGAAGGGAT-1,0,enzalutamide
Data32_GSM5155458_CTCATTAAGCAATTCC-1,0,enzalutamide
Data32_GSM5155458_CTCATTAAGCATCAAA-1,0,enzalutamide
Data32_GSM5155458_CTCATTAAGTCATCCA-1,0,enzalutamide
Data32_GSM5155458_CTCATTACAAGATTGA-1,0,enzalutamide
Data32_GSM5155458_CTCATTACATACCGTA-1,0,enzalutamide
Data32_GSM5155458_CTCATTACATACGCAT-1,0,enzalutamide
Data32_GSM5155458_CTCATTAGTACAGCGA-1,0,enzalutamide
Data32_GSM5155458_CTCATTATCTAAGGAA-1,0,enzalutamide
Data32_GSM5155458_CTCCAACAGAGAGCGG-1,0,enzalutamide
Data32_GSM5155458_CTCCAACGTGAAGCGT-1,0,enzalutamide
Data32_GSM5155458_CTCCAACGTGGCTTGC-1,0,enzalutamide
Data32_GSM5155458_CTCCAACTCAGGCGAA-1,0,enzalutamide
Data32_GSM5155458_CTCCAACTCCGTGGGT-1,0,enzalutamide
Data32_GSM5155458_CTCCAACTCGCCAACG-1,0,enzalutamide
Data32_GSM5155458_CTCCACAAGGTCGTGA-1,0,enzalutamide
Data32_GSM5155458_CTCCACAAGTCCTGTA-1,0,enzalutamide
Data32_GSM5155458_CTCCACAGTCTTGAGT-1,0,enzalutamide
Data32_GSM5155458_CTCCACATCAAAGACA-1,0,enzalutamide
Data32_GSM5155458_CTCCATGAGAATCGCG-1,0,enzalutamide
Data32_GSM5155458_CTCCATGAGCGTGAAC-1,0,enzalutamide
Data32_GSM5155458_CTCCATGCAGCTATAC-1,0,enzalutamide
Data32_GSM5155458_CTCCATGCATGGGATG-1,0,enzalutamide
Data32_GSM5155458_CTCCATGGTCCAGGTC-1,0,enzalutamide
Data32_GSM5155458_CTCCATGGTGCCTGAC-1,0,enzalutamide
Data32_GSM5155458_CTCCATGTCGCATTAG-1,0,enzalutamide
Data32_GSM5155458_CTCCATGTCTGCCCTA-1,0,enzalutamide
Data32_GSM5155458_CTCCCAAAGGTGCAGT-1,0,enzalutamide
Data32_GSM5155458_CTCCCAACAGCCCACA-1,0,enzalutamide
Data32_GSM5155458_CTCCCAATCTCGGGAC-1,0,enzalutamide
Data32_GSM5155458_CTCCCTCAGCGTATGG-1,0,enzalutamide
Data32_GSM5155458_CTCCCTCCACAACGTT-1,0,enzalutamide
Data32_GSM5155458_CTCCGATAGGAGTATT-1,0,enzalutamide
Data32_GSM5155458_CTCCGATCATCGAAGG-1,0,enzalutamide
Data32_GSM5155458_CTCCGATCATGAGATA-1,0,enzalutamide
Data32_GSM5155458_CTCCGATGTGTATCCA-1,0,enzalutamide
Data32_GSM5155458_CTCCGATGTTAGGCTT-1,0,enzalutamide
Data32_GSM5155458_CTCCTCCCACACGGTC-1,0,enzalutamide
Data32_GSM5155458_CTCCTTTCAGCCCAGT-1,0,enzalutamide
Data32_GSM5155458_CTCCTTTGTGTCTTAG-1,0,enzalutamide
Data32_GSM5155458_CTCCTTTGTTGCCGCA-1,0,enzalutamide
Data32_GSM5155458_CTCCTTTGTTGTGTAC-1,0,enzalutamide
Data32_GSM5155458_CTCCTTTTCAGTGTTG-1,0,enzalutamide
Data32_GSM5155458_CTCCTTTTCGACCATA-1,0,enzalutamide
Data32_GSM5155458_CTCGAGGAGGTCGAGT-1,0,enzalutamide
Data32_GSM5155458_CTCGAGGCAGGTCCCA-1,0,enzalutamide
Data32_GSM5155458_CTCGAGGGTCAGTCCG-1,0,enzalutamide
Data32_GSM5155458_CTCGAGGTCCGCATAA-1,0,enzalutamide
Data32_GSM5155458_CTCTCAGAGTGGTCAG-1,0,enzalutamide
Data32_GSM5155458_CTCTCAGAGTTTCGGT-1,0,enzalutamide
Data32_GSM5155458_CTCTCAGGTCAAGCCC-1,0,enzalutamide
Data32_GSM5155458_CTCTCAGGTCAGCGTC-1,0,enzalutamide
Data32_GSM5155458_CTCTCAGTCCATCTCG-1,0,enzalutamide
Data32_GSM5155458_CTCTCAGTCTATCGGA-1,0,enzalutamide
Data32_GSM5155458_CTCTCGAAGAATAACC-1,0,enzalutamide
Data32_GSM5155458_CTCTCGAAGCTTAAGA-1,0,enzalutamide
Data32_GSM5155458_CTCTCGAGTCAAAGCG-1,0,enzalutamide
Data32_GSM5155458_CTCTGGTCATAGAGGC-1,0,enzalutamide
Data32_GSM5155458_CTCTGGTGTCCGTACG-1,0,enzalutamide
Data32_GSM5155458_CTCTGGTGTCTAGGTT-1,0,enzalutamide
Data32_GSM5155458_CTCTGGTTCGTTCCCA-1,0,enzalutamide
Data32_GSM5155458_CTGAATGTCGGATACT-1,0,enzalutamide
Data32_GSM5155458_CTGAGCGAGCAGCAGT-1,0,enzalutamide
Data32_GSM5155458_CTGAGGCAGCCTCAAT-1,0,enzalutamide
Data32_GSM5155458_CTGAGGCAGGACAGCT-1,0,enzalutamide
Data32_GSM5155458_CTGAGGCAGGCTTCCG-1,0,enzalutamide
Data32_GSM5155458_CTGAGGCAGGGCAGAG-1,0,enzalutamide
Data32_GSM5155458_CTGAGGCCACACCTTC-1,0,enzalutamide
Data32_GSM5155458_CTGAGGCTCGGCCTTT-1,0,enzalutamide
Data32_GSM5155458_CTGAGGCTCGTAACAC-1,0,enzalutamide
Data32_GSM5155458_CTGATCCCAGGGTCTC-1,0,enzalutamide
Data32_GSM5155458_CTGATCCTCGCTTGAA-1,0,enzalutamide
Data32_GSM5155458_CTGCAGGAGCCTCTGG-1,0,enzalutamide
Data32_GSM5155458_CTGCAGGAGTGGTTAA-1,0,enzalutamide
Data32_GSM5155458_CTGCAGGCAATTTCCT-1,0,enzalutamide
Data32_GSM5155458_CTGCATCAGGACATCG-1,0,enzalutamide
Data32_GSM5155458_CTGCATCCAACAAGTA-1,0,enzalutamide
Data32_GSM5155458_CTGCATCCAGGTCTCG-1,0,enzalutamide
Data32_GSM5155458_CTGCATCCATATGGCT-1,0,enzalutamide
Data32_GSM5155458_CTGCATCCATCTAACG-1,0,enzalutamide
Data32_GSM5155458_CTGCATCGTACGCTTA-1,0,enzalutamide
Data32_GSM5155458_CTGCATCGTTCTCCTG-1,0,enzalutamide
Data32_GSM5155458_CTGCATCTCCAATCCC-1,0,enzalutamide
Data32_GSM5155458_CTGCATCTCCACAGGC-1,0,enzalutamide
Data32_GSM5155458_CTGCATCTCTGGTCAA-1,0,enzalutamide
Data32_GSM5155458_CTGCCATGTGATGAAT-1,0,enzalutamide
Data32_GSM5155458_CTGCCTAAGACGAAGA-1,0,enzalutamide
Data32_GSM5155458_CTGCCTAAGCGACTGA-1,0,enzalutamide
Data32_GSM5155458_CTGCCTATCCAGGACC-1,0,enzalutamide
Data32_GSM5155458_CTGCCTATCGTTCGCT-1,0,enzalutamide
Data32_GSM5155458_CTGCGAGAGAATTGCA-1,0,enzalutamide
Data32_GSM5155458_CTGCGAGCACTTGTGA-1,0,enzalutamide
Data32_GSM5155458_CTGCGAGGTTCGTGCG-1,0,enzalutamide
Data32_GSM5155458_CTGCTCAAGCCTGGAA-1,0,enzalutamide
Data32_GSM5155458_CTGCTCATCCGTGGTG-1,0,enzalutamide
Data32_GSM5155458_CTGGACGAGCACCGTC-1,0,enzalutamide
Data32_GSM5155458_CTGGACGAGCATATGA-1,0,enzalutamide
Data32_GSM5155458_CTGGACGCAGGGAGAG-1,0,enzalutamide
Data32_GSM5155458_CTGGACGGTAGATCGG-1,0,enzalutamide
Data32_GSM5155458_CTGGACGGTCGTACAT-1,0,enzalutamide
Data32_GSM5155458_CTGGACGTCAAACGAA-1,0,enzalutamide
Data32_GSM5155458_CTGGACGTCTCCTGAC-1,0,enzalutamide
Data32_GSM5155458_CTGGCAGCAAACTGCT-1,0,enzalutamide
Data32_GSM5155458_CTGGCAGGTCCTCATC-1,0,enzalutamide
Data32_GSM5155458_CTGGCAGTCATGAAAG-1,0,enzalutamide
Data32_GSM5155458_CTGGTCTAGAAATCCA-1,0,enzalutamide
Data32_GSM5155458_CTGGTCTAGATTGATG-1,0,enzalutamide
Data32_GSM5155458_CTGGTCTAGGGACACT-1,0,enzalutamide
Data32_GSM5155458_CTGGTCTCATGACAGG-1,0,enzalutamide
Data32_GSM5155458_CTGGTCTTCGGACTGC-1,0,enzalutamide
Data32_GSM5155458_CTGTACCAGGCAGGTT-1,0,enzalutamide
Data32_GSM5155458_CTGTACCCAAGAAACT-1,0,enzalutamide
Data32_GSM5155458_CTGTACCTCCGCGAGT-1,0,enzalutamide
Data32_GSM5155458_CTGTACCTCGTCGCTT-1,0,enzalutamide
Data32_GSM5155458_CTGTAGATCACGTAGT-1,0,enzalutamide
Data32_GSM5155458_CTGTAGATCAGAACCT-1,0,enzalutamide
Data32_GSM5155458_CTGTAGATCGGACAAG-1,0,enzalutamide
Data32_GSM5155458_CTGTATTAGCACTAAA-1,0,enzalutamide
Data32_GSM5155458_CTGTATTAGCGCATCC-1,0,enzalutamide
Data32_GSM5155458_CTGTATTCACTGGCGT-1,0,enzalutamide
Data32_GSM5155458_CTGTATTCATGACGTT-1,0,enzalutamide
Data32_GSM5155458_CTGTATTTCACCGGTG-1,0,enzalutamide
Data32_GSM5155458_CTGTCGTAGGGTACGT-1,0,enzalutamide
Data32_GSM5155458_CTGTCGTCAGCTTCGG-1,0,enzalutamide
Data32_GSM5155458_CTGTCGTGTCAACCAT-1,0,enzalutamide
Data32_GSM5155458_CTGTCGTGTCCCTCAT-1,0,enzalutamide
Data32_GSM5155458_CTGTCGTTCCTGTTAT-1,0,enzalutamide
Data32_GSM5155458_CTGTGAAAGTATTAGG-1,0,enzalutamide
Data32_GSM5155458_CTGTGAACACTGATTG-1,0,enzalutamide
Data32_GSM5155458_CTGTGAACACTTTATC-1,0,enzalutamide
Data32_GSM5155458_CTGTGAACAGCCGGTT-1,0,enzalutamide
Data32_GSM5155458_CTGTGAACATGAATCC-1,0,enzalutamide
Data32_GSM5155458_CTGTGAAGTGTGTGTT-1,0,enzalutamide
Data32_GSM5155458_CTGTGGGGTTGCGAAG-1,0,enzalutamide
Data32_GSM5155458_CTGTGGGTCCATCTCG-1,0,enzalutamide
Data32_GSM5155458_CTTACCGAGGCACTCC-1,0,enzalutamide
Data32_GSM5155458_CTTACCGCACTTGGCG-1,0,enzalutamide
Data32_GSM5155458_CTTACCGCAGATCCTA-1,0,enzalutamide
Data32_GSM5155458_CTTACCGGTAGCGCCT-1,0,enzalutamide
Data32_GSM5155458_CTTACCGGTGGAAGTC-1,0,enzalutamide
Data32_GSM5155458_CTTACCGTCCCTCAAC-1,0,enzalutamide
Data32_GSM5155458_CTTAGGAAGCATGCAG-1,0,enzalutamide
Data32_GSM5155458_CTTAGGAAGGTCTGGA-1,0,enzalutamide
Data32_GSM5155458_CTTAGGAGTTTGGGAG-1,0,enzalutamide
Data32_GSM5155458_CTTAGGATCAACTGGT-1,0,enzalutamide
Data32_GSM5155458_CTTCAATCAATTGGTC-1,0,enzalutamide
Data32_GSM5155458_CTTCAATTCACCTCTG-1,0,enzalutamide
Data32_GSM5155458_CTTCCGAAGGATTCCT-1,0,enzalutamide
Data32_GSM5155458_CTTCCGACAAATGATG-1,0,enzalutamide
Data32_GSM5155458_CTTCCGACACAATGAA-1,0,enzalutamide
Data32_GSM5155458_CTTCCTTAGACCCTTA-1,0,enzalutamide
Data32_GSM5155458_CTTCCTTAGCGGACAT-1,0,enzalutamide
Data32_GSM5155458_CTTCCTTAGTGAGTTA-1,0,enzalutamide
Data32_GSM5155458_CTTCCTTAGTTGTACC-1,0,enzalutamide
Data32_GSM5155458_CTTCCTTCAGGTCAGA-1,0,enzalutamide
Data32_GSM5155458_CTTCCTTGTAATGTGA-1,0,enzalutamide
Data32_GSM5155458_CTTCCTTGTCCTGGTG-1,0,enzalutamide
Data32_GSM5155458_CTTCCTTGTGTCCATA-1,0,enzalutamide
Data32_GSM5155458_CTTCCTTGTTCATCTT-1,0,enzalutamide
Data32_GSM5155458_CTTCCTTTCTGGTTGA-1,0,enzalutamide
Data32_GSM5155458_CTTCGGTAGGGCAGGA-1,0,enzalutamide
Data32_GSM5155458_CTTCGGTAGTCTAGAA-1,0,enzalutamide
Data32_GSM5155458_CTTCGGTCACAAAGCG-1,0,enzalutamide
Data32_GSM5155458_CTTCGGTCACAACGCC-1,0,enzalutamide
Data32_GSM5155458_CTTCGGTGTCTGTGCG-1,0,enzalutamide
Data32_GSM5155458_CTTCGGTGTGATAGAT-1,0,enzalutamide
Data32_GSM5155458_CTTCTAACACACGGTC-1,0,enzalutamide
Data32_GSM5155458_CTTCTAAGTCCTGTCT-1,0,enzalutamide
Data32_GSM5155458_CTTCTAATCTCCACTG-1,0,enzalutamide
Data32_GSM5155458_CTTCTCTAGCACCAGA-1,0,enzalutamide
Data32_GSM5155458_CTTCTCTCACACAGAG-1,0,enzalutamide
Data32_GSM5155458_CTTCTCTCATCCGTGG-1,0,enzalutamide
Data32_GSM5155458_CTTCTCTTCTCTGGTC-1,0,enzalutamide
Data32_GSM5155458_CTTGAGAAGGCAGGGA-1,0,enzalutamide
Data32_GSM5155458_CTTGAGACACTTGTGA-1,0,enzalutamide
Data32_GSM5155458_CTTGAGAGTCCACGCA-1,0,enzalutamide
Data32_GSM5155458_CTTGAGAGTTTCGCTC-1,0,enzalutamide
Data32_GSM5155458_CTTGAGATCCAAACCA-1,0,enzalutamide
Data32_GSM5155458_CTTGATTAGTTCTCTT-1,0,enzalutamide
Data32_GSM5155458_CTTGATTCACTTCAGA-1,0,enzalutamide
Data32_GSM5155458_CTTGATTTCCGTAGTA-1,0,enzalutamide
Data32_GSM5155458_CTTTCAAAGACAACAT-1,0,enzalutamide
Data32_GSM5155458_CTTTCAAAGCGGTATG-1,0,enzalutamide
Data32_GSM5155458_CTTTCAAAGCTTACGT-1,0,enzalutamide
Data32_GSM5155458_CTTTCAAAGGCATTTC-1,0,enzalutamide
Data32_GSM5155458_CTTTCAACACTTGTCC-1,0,enzalutamide
Data32_GSM5155458_CTTTCAAGTTAAGACA-1,0,enzalutamide
Data32_GSM5155458_CTTTCAATCTCGGTAA-1,0,enzalutamide
Data32_GSM5155458_CTTTCAATCTTTGATC-1,0,enzalutamide
Data32_GSM5155458_CTTTCGGAGAAGCTGC-1,0,enzalutamide
Data32_GSM5155458_CTTTCGGAGAAGGTAG-1,0,enzalutamide
Data32_GSM5155458_CTTTCGGAGTTAACGA-1,0,enzalutamide
Data32_GSM5155458_CTTTCGGCATGCGGTC-1,0,enzalutamide
Data32_GSM5155458_CTTTCGGGTAGCGTAG-1,0,enzalutamide
Data32_GSM5155458_CTTTCGGTCCCTGTTG-1,0,enzalutamide
Data32_GSM5155458_CTTTCGGTCGAAATCC-1,0,enzalutamide
Data32_GSM5155458_CTTTCGGTCTCGGTAA-1,0,enzalutamide
Data32_GSM5155458_GAAACCTAGACCCGCT-1,0,enzalutamide
Data32_GSM5155458_GAAACCTCACATACGT-1,0,enzalutamide
Data32_GSM5155458_GAAACCTCACCCTTAC-1,0,enzalutamide
Data32_GSM5155458_GAAACCTGTGAGTAAT-1,0,enzalutamide
Data32_GSM5155458_GAAACCTGTGGACTGA-1,0,enzalutamide
Data32_GSM5155458_GAAATGAAGCAGCGAT-1,0,enzalutamide
Data32_GSM5155458_GAAATGACATACACCA-1,0,enzalutamide
Data32_GSM5155458_GAAATGATCAGACCGC-1,0,enzalutamide
Data32_GSM5155458_GAACACTAGGAGTACC-1,0,enzalutamide
Data32_GSM5155458_GAACACTCACCGTGAC-1,0,enzalutamide
Data32_GSM5155458_GAACACTCATCGGAGA-1,0,enzalutamide
Data32_GSM5155458_GAACACTGTCACGACC-1,0,enzalutamide
Data32_GSM5155458_GAACACTTCTGGTGGC-1,0,enzalutamide
Data32_GSM5155458_GAACGTTAGATTGGGC-1,0,enzalutamide
Data32_GSM5155458_GAACGTTAGCGGACAT-1,0,enzalutamide
Data32_GSM5155458_GAACGTTAGTAATCCC-1,0,enzalutamide
Data32_GSM5155458_GAACGTTAGTCAAGCG-1,0,enzalutamide
Data32_GSM5155458_GAACGTTCATGGGATG-1,0,enzalutamide
Data32_GSM5155458_GAACTGTCAGAAGTGC-1,0,enzalutamide
Data32_GSM5155458_GAACTGTTCAGGGATG-1,0,enzalutamide
Data32_GSM5155458_GAAGAATCAGGCTATT-1,0,enzalutamide
Data32_GSM5155458_GAAGAATGTGAATGAT-1,0,enzalutamide
Data32_GSM5155458_GAAGAATTCTTCGTAT-1,0,enzalutamide
Data32_GSM5155458_GAAGCCCAGAAGTCAT-1,0,enzalutamide
Data32_GSM5155458_GAAGCCCGTCAGTTTG-1,0,enzalutamide
Data32_GSM5155458_GAAGCCCGTGCTGTCG-1,0,enzalutamide
Data32_GSM5155458_GAAGCCCTCTAGACAC-1,0,enzalutamide
Data32_GSM5155458_GAAGCGAGTGGTCCGT-1,0,enzalutamide
Data32_GSM5155458_GAAGCGATCATTTGGG-1,0,enzalutamide
Data32_GSM5155458_GAAGCGATCTGGGATT-1,0,enzalutamide
Data32_GSM5155458_GAAGGACAGGGTACAC-1,0,enzalutamide
Data32_GSM5155458_GAAGGACCATCAGTGT-1,0,enzalutamide
Data32_GSM5155458_GAAGGACGTTCGTACA-1,0,enzalutamide
Data32_GSM5155458_GAAGGACGTTGGGCCT-1,0,enzalutamide
Data32_GSM5155458_GAAGGACTCCGAGATT-1,0,enzalutamide
Data32_GSM5155458_GAAGGACTCTCTATAC-1,0,enzalutamide
Data32_GSM5155458_GAAGGGTAGAAGGTAG-1,0,enzalutamide
Data32_GSM5155458_GAAGGGTAGCTGAGCA-1,0,enzalutamide
Data32_GSM5155458_GAAGGGTCAGATAAAC-1,0,enzalutamide
Data32_GSM5155458_GAAGGGTCAGCAGTAG-1,0,enzalutamide
Data32_GSM5155458_GAAGGGTCATGAGATA-1,0,enzalutamide
Data32_GSM5155458_GAAGGGTGTAGAGATT-1,0,enzalutamide
Data32_GSM5155458_GAAGGGTGTCTACGAT-1,0,enzalutamide
Data32_GSM5155458_GAAGGGTGTTCTGAGT-1,0,enzalutamide
Data32_GSM5155458_GAAGTAAAGATCCCAT-1,0,enzalutamide
Data32_GSM5155458_GAAGTAAAGGGAGTGG-1,0,enzalutamide
Data32_GSM5155458_GAAGTAAGTAACTGCT-1,0,enzalutamide
Data32_GSM5155458_GAAGTAAGTATGAGCG-1,0,enzalutamide
Data32_GSM5155458_GAATAGAAGCCGCACT-1,0,enzalutamide
Data32_GSM5155458_GAATAGAGTTAGAAAC-1,0,enzalutamide
Data32_GSM5155458_GAATAGATCACACCGG-1,0,enzalutamide
Data32_GSM5155458_GAATAGATCATCAGTG-1,0,enzalutamide
Data32_GSM5155458_GAATAGATCTGAGTCA-1,0,enzalutamide
Data32_GSM5155458_GAATCACAGTAACGTA-1,0,enzalutamide
Data32_GSM5155458_GAATCACGTCGCGGTT-1,0,enzalutamide
Data32_GSM5155458_GAATCACGTCTACGAT-1,0,enzalutamide
Data32_GSM5155458_GAATCGTTCAAATGCC-1,0,enzalutamide
Data32_GSM5155458_GACACGCAGGATGGCT-1,0,enzalutamide
Data32_GSM5155458_GACACGCCACTAGGTT-1,0,enzalutamide
Data32_GSM5155458_GACACGCTCACTTCTA-1,0,enzalutamide
Data32_GSM5155458_GACACGCTCTGCCTGT-1,0,enzalutamide
Data32_GSM5155458_GACAGCCAGGTGCCAA-1,0,enzalutamide
Data32_GSM5155458_GACAGCCAGTCCTACA-1,0,enzalutamide
Data32_GSM5155458_GACAGCCCAAGGTTGG-1,0,enzalutamide
Data32_GSM5155458_GACAGCCGTTTACGTG-1,0,enzalutamide
Data32_GSM5155458_GACAGCCTCTCTCTAA-1,0,enzalutamide
Data32_GSM5155458_GACATCAAGGTGATAT-1,0,enzalutamide
Data32_GSM5155458_GACATCACAAATGGTA-1,0,enzalutamide
Data32_GSM5155458_GACATCAGTCCAAGAG-1,0,enzalutamide
Data32_GSM5155458_GACATCAGTGGATGAC-1,0,enzalutamide
Data32_GSM5155458_GACCAATAGGCATGCA-1,0,enzalutamide
Data32_GSM5155458_GACCAATCAAATTGGA-1,0,enzalutamide
Data32_GSM5155458_GACCAATCAGAACGCA-1,0,enzalutamide
Data32_GSM5155458_GACCAATTCACTCTTA-1,0,enzalutamide
Data32_GSM5155458_GACCAATTCTCCGAGG-1,0,enzalutamide
Data32_GSM5155458_GACCCAGTCAGCATTG-1,0,enzalutamide
Data32_GSM5155458_GACCCAGTCTACTATC-1,0,enzalutamide
Data32_GSM5155458_GACCCTTCAAGTGGGT-1,0,enzalutamide
Data32_GSM5155458_GACCCTTCACGCTGCA-1,0,enzalutamide
Data32_GSM5155458_GACCCTTCAGCCATTA-1,0,enzalutamide
Data32_GSM5155458_GACCCTTCAGCTTCCT-1,0,enzalutamide
Data32_GSM5155458_GACCCTTCATCATGAC-1,0,enzalutamide
Data32_GSM5155458_GACCCTTGTAGCCAGA-1,0,enzalutamide
Data32_GSM5155458_GACCCTTGTATCCCAA-1,0,enzalutamide
Data32_GSM5155458_GACCCTTTCCATGAGT-1,0,enzalutamide
Data32_GSM5155458_GACCGTGGTATCCTTT-1,0,enzalutamide
Data32_GSM5155458_GACCTTCCACTGGATT-1,0,enzalutamide
Data32_GSM5155458_GACCTTCGTCAAGGCA-1,0,enzalutamide
Data32_GSM5155458_GACCTTCGTGGACTAG-1,0,enzalutamide
Data32_GSM5155458_GACCTTCGTGTCTTAG-1,0,enzalutamide
Data32_GSM5155458_GACCTTCGTTCCACGG-1,0,enzalutamide
Data32_GSM5155458_GACCTTCTCGTGTGGC-1,0,enzalutamide
Data32_GSM5155458_GACGCTGAGGCACAAC-1,0,enzalutamide
Data32_GSM5155458_GACGCTGCAAACGGCA-1,0,enzalutamide
Data32_GSM5155458_GACGCTGGTGCCCTTT-1,0,enzalutamide
Data32_GSM5155458_GACGCTGTCGGCTATA-1,0,enzalutamide
Data32_GSM5155458_GACGTTAAGCGCCTCA-1,0,enzalutamide
Data32_GSM5155458_GACGTTAGTGGCAACA-1,0,enzalutamide
Data32_GSM5155458_GACTATGAGATTAGAC-1,0,enzalutamide
Data32_GSM5155458_GACTATGAGTATTAGG-1,0,enzalutamide
Data32_GSM5155458_GACTATGCACAAATCC-1,0,enzalutamide
Data32_GSM5155458_GACTATGCACTAAACC-1,0,enzalutamide
Data32_GSM5155458_GACTATGCATTGTCGA-1,0,enzalutamide
Data32_GSM5155458_GACTCAAAGCCGCTTG-1,0,enzalutamide
Data32_GSM5155458_GACTCAATCGCAGTGC-1,0,enzalutamide
Data32_GSM5155458_GACTCAATCTGACGCG-1,0,enzalutamide
Data32_GSM5155458_GACTCTCGTTAGCGGA-1,0,enzalutamide
Data32_GSM5155458_GACTCTCGTTAGGCCC-1,0,enzalutamide
Data32_GSM5155458_GACTCTCTCTGAGAGG-1,0,enzalutamide
Data32_GSM5155458_GACTGATAGGGTTGCA-1,0,enzalutamide
Data32_GSM5155458_GACTGATCACGGATCC-1,0,enzalutamide
Data32_GSM5155458_GACTGATTCTCCGAGG-1,0,enzalutamide
Data32_GSM5155458_GACTTCCCACTATGTG-1,0,enzalutamide
Data32_GSM5155458_GACTTCCGTAGACGTG-1,0,enzalutamide
Data32_GSM5155458_GACTTCCGTTGCGTAT-1,0,enzalutamide
Data32_GSM5155458_GACTTCCTCCCATGGG-1,0,enzalutamide
Data32_GSM5155458_GACTTCCTCGCTGACG-1,0,enzalutamide
Data32_GSM5155458_GACTTCCTCTCCTGCA-1,0,enzalutamide
Data32_GSM5155458_GAGAAATAGAAGTCCG-1,0,enzalutamide
Data32_GSM5155458_GAGAAATAGCGGATCA-1,0,enzalutamide
Data32_GSM5155458_GAGAAATAGCGTCTCG-1,0,enzalutamide
Data32_GSM5155458_GAGAAATTCATGACAC-1,0,enzalutamide
Data32_GSM5155458_GAGACCCCAATGAGCG-1,0,enzalutamide
Data32_GSM5155458_GAGACCCTCCATCCGT-1,0,enzalutamide
Data32_GSM5155458_GAGACCCTCTTGTGCC-1,0,enzalutamide
Data32_GSM5155458_GAGACTTAGCCAGAGT-1,0,enzalutamide
Data32_GSM5155458_GAGACTTCACGCGGTT-1,0,enzalutamide
Data32_GSM5155458_GAGACTTCATCATCTT-1,0,enzalutamide
Data32_GSM5155458_GAGACTTGTAGTCTGT-1,0,enzalutamide
Data32_GSM5155458_GAGACTTTCTCATGCC-1,0,enzalutamide
Data32_GSM5155458_GAGACTTTCTGCGTCT-1,0,enzalutamide
Data32_GSM5155458_GAGAGGTGTGAGTAAT-1,0,enzalutamide
Data32_GSM5155458_GAGATGGAGGATCATA-1,0,enzalutamide
Data32_GSM5155458_GAGATGGCAGCTCTGG-1,0,enzalutamide
Data32_GSM5155458_GAGATGGTCCCGTTCA-1,0,enzalutamide
Data32_GSM5155458_GAGATGGTCTTACACT-1,0,enzalutamide
Data32_GSM5155458_GAGCCTGAGAGTCACG-1,0,enzalutamide
Data32_GSM5155458_GAGCCTGAGCTAGTTC-1,0,enzalutamide
Data32_GSM5155458_GAGCTGCAGCGGGTTA-1,0,enzalutamide
Data32_GSM5155458_GAGGCAAAGACCTCAT-1,0,enzalutamide
Data32_GSM5155458_GAGGCAAAGCCAGACA-1,0,enzalutamide
Data32_GSM5155458_GAGGCAACAATTCTTC-1,0,enzalutamide
Data32_GSM5155458_GAGGCAAGTTGCCATA-1,0,enzalutamide
Data32_GSM5155458_GAGGCAATCATCGCAA-1,0,enzalutamide
Data32_GSM5155458_GAGGCAATCGTTGTTT-1,0,enzalutamide
Data32_GSM5155458_GAGGCAATCTCCAATT-1,0,enzalutamide
Data32_GSM5155458_GAGGCCTAGCAATAGT-1,0,enzalutamide
Data32_GSM5155458_GAGGCCTCAGCTACTA-1,0,enzalutamide
Data32_GSM5155458_GAGGCCTTCCGAAATC-1,0,enzalutamide
Data32_GSM5155458_GAGGGATCACATAGCT-1,0,enzalutamide
Data32_GSM5155458_GAGGGATCATGACAGG-1,0,enzalutamide
Data32_GSM5155458_GAGGGATGTGCAATAA-1,0,enzalutamide
Data32_GSM5155458_GAGGGTACACTATCGA-1,0,enzalutamide
Data32_GSM5155458_GAGGGTATCGGACGTC-1,0,enzalutamide
Data32_GSM5155458_GAGGGTATCGGACTTA-1,0,enzalutamide
Data32_GSM5155458_GAGTCATCATGGCTAT-1,0,enzalutamide
Data32_GSM5155458_GAGTCATGTAGTGATA-1,0,enzalutamide
Data32_GSM5155458_GAGTCATTCCAGCACG-1,0,enzalutamide
Data32_GSM5155458_GAGTCTAAGTGGCCTC-1,0,enzalutamide
Data32_GSM5155458_GAGTCTAGTCAAGCCC-1,0,enzalutamide
Data32_GSM5155458_GAGTCTATCGCCAGAC-1,0,enzalutamide
Data32_GSM5155458_GAGTCTATCTTGAGCA-1,0,enzalutamide
Data32_GSM5155458_GAGTGAGTCATAGAGA-1,0,enzalutamide
Data32_GSM5155458_GAGTGTTCACTTCTCG-1,0,enzalutamide
Data32_GSM5155458_GAGTGTTCAGAGGTTG-1,0,enzalutamide
Data32_GSM5155458_GAGTTACAGAGGTGCT-1,0,enzalutamide
Data32_GSM5155458_GAGTTACAGGATATGT-1,0,enzalutamide
Data32_GSM5155458_GAGTTACCATAATGAG-1,0,enzalutamide
Data32_GSM5155458_GAGTTACGTACAGTCT-1,0,enzalutamide
Data32_GSM5155458_GAGTTACGTCAATGGG-1,0,enzalutamide
Data32_GSM5155458_GAGTTACGTTCTCACC-1,0,enzalutamide
Data32_GSM5155458_GAGTTGTAGAGGTTTA-1,0,enzalutamide
Data32_GSM5155458_GAGTTGTCACGGGCTT-1,0,enzalutamide
Data32_GSM5155458_GAGTTGTCATGCGTGC-1,0,enzalutamide
Data32_GSM5155458_GAGTTGTGTTGAAGTA-1,0,enzalutamide
Data32_GSM5155458_GAGTTTGCAAAGGCTG-1,0,enzalutamide
Data32_GSM5155458_GAGTTTGCATTGAAGA-1,0,enzalutamide
Data32_GSM5155458_GAGTTTGGTAGGTACG-1,0,enzalutamide
Data32_GSM5155458_GAGTTTGTCATCGCCT-1,0,enzalutamide
Data32_GSM5155458_GATAGAACAGACTCTA-1,0,enzalutamide
Data32_GSM5155458_GATAGAACAGAGTGAC-1,0,enzalutamide
Data32_GSM5155458_GATAGAAGTAGCCCTG-1,0,enzalutamide
Data32_GSM5155458_GATAGAAGTTATGACC-1,0,enzalutamide
Data32_GSM5155458_GATAGAAGTTGTCTAG-1,0,enzalutamide
Data32_GSM5155458_GATAGAATCGGACTGC-1,0,enzalutamide
Data32_GSM5155458_GATAGCTAGGGCAGGA-1,0,enzalutamide
Data32_GSM5155458_GATAGCTCAAATGGAT-1,0,enzalutamide
Data32_GSM5155458_GATAGCTTCATCTCTA-1,0,enzalutamide
Data32_GSM5155458_GATAGCTTCCGTTGAA-1,0,enzalutamide
Data32_GSM5155458_GATAGCTTCTTTCTAG-1,0,enzalutamide
Data32_GSM5155458_GATCACAAGTCCCAGC-1,0,enzalutamide
Data32_GSM5155458_GATCACAGTCGAGTGA-1,0,enzalutamide
Data32_GSM5155458_GATCAGTAGCGTTCAT-1,0,enzalutamide
Data32_GSM5155458_GATCAGTAGTATAGAC-1,0,enzalutamide
Data32_GSM5155458_GATCAGTGTGCCTGAC-1,0,enzalutamide
Data32_GSM5155458_GATCAGTTCTACTATC-1,0,enzalutamide
Data32_GSM5155458_GATCATGCAACACACT-1,0,enzalutamide
Data32_GSM5155458_GATCATGGTTGGAGGT-1,0,enzalutamide
Data32_GSM5155458_GATCATGTCACCTCGT-1,0,enzalutamide
Data32_GSM5155458_GATCCCTCACGGCCAT-1,0,enzalutamide
Data32_GSM5155458_GATCCCTGTAACATCC-1,0,enzalutamide
Data32_GSM5155458_GATCCCTGTATCGATC-1,0,enzalutamide
Data32_GSM5155458_GATCCCTGTCAAACGG-1,0,enzalutamide
Data32_GSM5155458_GATCCCTTCACACGAT-1,0,enzalutamide
Data32_GSM5155458_GATCGTACATTGTAGC-1,0,enzalutamide
Data32_GSM5155458_GATCGTAGTCCGTACG-1,0,enzalutamide
Data32_GSM5155458_GATCGTAGTGGGCTTC-1,0,enzalutamide
Data32_GSM5155458_GATCGTATCTCGCAGG-1,0,enzalutamide
Data32_GSM5155458_GATGACTAGAATTGCA-1,0,enzalutamide
Data32_GSM5155458_GATGACTCAGGTTCAT-1,0,enzalutamide
Data32_GSM5155458_GATGACTGTGCCCACA-1,0,enzalutamide
Data32_GSM5155458_GATGAGGAGAGTGAAG-1,0,enzalutamide
Data32_GSM5155458_GATGAGGAGCGATGAC-1,0,enzalutamide
Data32_GSM5155458_GATGAGGAGGACGGAG-1,0,enzalutamide
Data32_GSM5155458_GATGAGGGTCCATACA-1,0,enzalutamide
Data32_GSM5155458_GATGAGGTCATCGTAG-1,0,enzalutamide
Data32_GSM5155458_GATGAGGTCCGCAAAT-1,0,enzalutamide
Data32_GSM5155458_GATGAGGTCTCATGCC-1,0,enzalutamide
Data32_GSM5155458_GATGATCAGATTACCC-1,0,enzalutamide
Data32_GSM5155458_GATGATCGTAACGATA-1,0,enzalutamide
Data32_GSM5155458_GATGATCGTAGGAGGG-1,0,enzalutamide
Data32_GSM5155458_GATGATCGTATGCAAA-1,0,enzalutamide
Data32_GSM5155458_GATGATCTCGAACTCA-1,0,enzalutamide
Data32_GSM5155458_GATGCTAAGGAATCGC-1,0,enzalutamide
Data32_GSM5155458_GATGCTACATGCAGCC-1,0,enzalutamide
Data32_GSM5155458_GATGGAGAGATTCGCT-1,0,enzalutamide
Data32_GSM5155458_GATGGAGGTTGGGAAC-1,0,enzalutamide
Data32_GSM5155458_GATGGAGTCAACCTCC-1,0,enzalutamide
Data32_GSM5155458_GATGGAGTCTCTCTAA-1,0,enzalutamide
Data32_GSM5155458_GATGGAGTCTTAGCTT-1,0,enzalutamide
Data32_GSM5155458_GATGTTGAGCCGTAAG-1,0,enzalutamide
Data32_GSM5155458_GATGTTGAGTGCACTT-1,0,enzalutamide
Data32_GSM5155458_GATGTTGCAACAGTGG-1,0,enzalutamide
Data32_GSM5155458_GATGTTGGTACGTGAG-1,0,enzalutamide
Data32_GSM5155458_GATGTTGGTCATAAAG-1,0,enzalutamide
Data32_GSM5155458_GATGTTGGTCTACACA-1,0,enzalutamide
Data32_GSM5155458_GATGTTGGTTGTGTAC-1,0,enzalutamide
Data32_GSM5155458_GATGTTGTCGTTTACT-1,0,enzalutamide
Data32_GSM5155458_GATTCTTAGCTAGCCC-1,0,enzalutamide
Data32_GSM5155458_GATTGGTAGACCATAA-1,0,enzalutamide
Data32_GSM5155458_GATTGGTAGCATGGGT-1,0,enzalutamide
Data32_GSM5155458_GATTGGTAGCCAGACA-1,0,enzalutamide
Data32_GSM5155458_GATTTCTAGATGGTAT-1,0,enzalutamide
Data32_GSM5155458_GATTTCTAGCTGCCAC-1,0,enzalutamide
Data32_GSM5155458_GATTTCTCAACCTATG-1,0,enzalutamide
Data32_GSM5155458_GATTTCTCACGCGTCA-1,0,enzalutamide
Data32_GSM5155458_GATTTCTGTGCATTAC-1,0,enzalutamide
Data32_GSM5155458_GCAACATCACAGTGTT-1,0,enzalutamide
Data32_GSM5155458_GCAACATCATTCTTCA-1,0,enzalutamide
Data32_GSM5155458_GCAACATGTAATACCC-1,0,enzalutamide
Data32_GSM5155458_GCAACATTCGTAGGGA-1,0,enzalutamide
Data32_GSM5155458_GCAACCGAGCCTCTTC-1,0,enzalutamide
Data32_GSM5155458_GCAACCGCACGGTGTC-1,0,enzalutamide
Data32_GSM5155458_GCAACCGCATGGACAG-1,0,enzalutamide
Data32_GSM5155458_GCAACCGGTTCCAAAC-1,0,enzalutamide
Data32_GSM5155458_GCAACCGTCATCCCGT-1,0,enzalutamide
Data32_GSM5155458_GCACATAAGACTCAAA-1,0,enzalutamide
Data32_GSM5155458_GCACATAAGCTCACTA-1,0,enzalutamide
Data32_GSM5155458_GCACATACAAACGGCA-1,0,enzalutamide
Data32_GSM5155458_GCACATACACAGTACT-1,0,enzalutamide
Data32_GSM5155458_GCACATATCATTGTTC-1,0,enzalutamide
Data32_GSM5155458_GCACGGTAGAGAGTTT-1,0,enzalutamide
Data32_GSM5155458_GCACGGTCAAAGCAAT-1,0,enzalutamide
Data32_GSM5155458_GCACGTGCAATTGTGC-1,0,enzalutamide
Data32_GSM5155458_GCACGTGCAGTTTCAG-1,0,enzalutamide
Data32_GSM5155458_GCACGTGGTAAGTTAG-1,0,enzalutamide
Data32_GSM5155458_GCACGTGGTGCTGCAC-1,0,enzalutamide
Data32_GSM5155458_GCACTAACAAGTATCC-1,0,enzalutamide
Data32_GSM5155458_GCACTAACAGTTCCAA-1,0,enzalutamide
Data32_GSM5155458_GCACTAATCGGAATTC-1,0,enzalutamide
Data32_GSM5155458_GCAGCCAAGATTTGCC-1,0,enzalutamide
Data32_GSM5155458_GCAGCCAAGGAACGAA-1,0,enzalutamide
Data32_GSM5155458_GCAGCCAAGGTCCCTG-1,0,enzalutamide
Data32_GSM5155458_GCAGCCACAGCACAGA-1,0,enzalutamide
Data32_GSM5155458_GCAGCCACATCCCACT-1,0,enzalutamide
Data32_GSM5155458_GCAGCCACATTGAAGA-1,0,enzalutamide
Data32_GSM5155458_GCAGCCAGTGCATCTA-1,0,enzalutamide
Data32_GSM5155458_GCAGCCAGTTGCATCA-1,0,enzalutamide
Data32_GSM5155458_GCAGCCATCATTGCGA-1,0,enzalutamide
Data32_GSM5155458_GCAGCTGTCAAACGTC-1,0,enzalutamide
Data32_GSM5155458_GCAGGCTAGAATCCCT-1,0,enzalutamide
Data32_GSM5155458_GCAGGCTTCATCTACT-1,0,enzalutamide
Data32_GSM5155458_GCAGTTAAGCCTAGGA-1,0,enzalutamide
Data32_GSM5155458_GCAGTTACAAGTGTCT-1,0,enzalutamide
Data32_GSM5155458_GCAGTTACATTAAGCC-1,0,enzalutamide
Data32_GSM5155458_GCAGTTATCAAACGAA-1,0,enzalutamide
Data32_GSM5155458_GCAGTTATCTCATAGG-1,0,enzalutamide
Data32_GSM5155458_GCAGTTATCTCTAGGA-1,0,enzalutamide
Data32_GSM5155458_GCATCGGAGGGTAGCT-1,0,enzalutamide
Data32_GSM5155458_GCATCGGTCACGTAGT-1,0,enzalutamide
Data32_GSM5155458_GCATCGGTCTAGGCAT-1,0,enzalutamide
Data32_GSM5155458_GCATCTCCACAAGCTT-1,0,enzalutamide
Data32_GSM5155458_GCATCTCGTAACACCT-1,0,enzalutamide
Data32_GSM5155458_GCATCTCGTATGTCCA-1,0,enzalutamide
Data32_GSM5155458_GCATCTCGTGATCGTT-1,0,enzalutamide
Data32_GSM5155458_GCATCTCGTGTCCGTG-1,0,enzalutamide
Data32_GSM5155458_GCATCTCTCGGAGTGA-1,0,enzalutamide
Data32_GSM5155458_GCATGATAGAATCCCT-1,0,enzalutamide
Data32_GSM5155458_GCATGATAGACCGTTT-1,0,enzalutamide
Data32_GSM5155458_GCATGATAGGTTCCAT-1,0,enzalutamide
Data32_GSM5155458_GCATGATCACTACACA-1,0,enzalutamide
Data32_GSM5155458_GCATGATCATGAGAAT-1,0,enzalutamide
Data32_GSM5155458_GCATGATGTATGCTAC-1,0,enzalutamide
Data32_GSM5155458_GCATGATGTGAGAGGG-1,0,enzalutamide
Data32_GSM5155458_GCATGATGTTTCGACA-1,0,enzalutamide
Data32_GSM5155458_GCATTAGAGCAATTAG-1,0,enzalutamide
Data32_GSM5155458_GCCAACGCATCCGATA-1,0,enzalutamide
Data32_GSM5155458_GCCAACGTCAGCCTTC-1,0,enzalutamide
Data32_GSM5155458_GCCAACGTCCTATTTG-1,0,enzalutamide
Data32_GSM5155458_GCCAACGTCTCCGCAT-1,0,enzalutamide
Data32_GSM5155458_GCCAGCAAGTGCTACT-1,0,enzalutamide
Data32_GSM5155458_GCCAGGTAGGTGGCTA-1,0,enzalutamide
Data32_GSM5155458_GCCAGGTCAGTGTATC-1,0,enzalutamide
Data32_GSM5155458_GCCAGGTCAGTTAAAG-1,0,enzalutamide
Data32_GSM5155458_GCCAGTGAGAGGATCC-1,0,enzalutamide
Data32_GSM5155458_GCCAGTGAGCTTAAGA-1,0,enzalutamide
Data32_GSM5155458_GCCAGTGAGGTTACCT-1,0,enzalutamide
Data32_GSM5155458_GCCAGTGCACCTTCCA-1,0,enzalutamide
Data32_GSM5155458_GCCAGTGCATACTTTC-1,0,enzalutamide
Data32_GSM5155458_GCCAGTGGTGGCTTGC-1,0,enzalutamide
Data32_GSM5155458_GCCATGGTCTAATTCC-1,0,enzalutamide
Data32_GSM5155458_GCCATTCAGTCGAAAT-1,0,enzalutamide
Data32_GSM5155458_GCCATTCAGTGCGCTC-1,0,enzalutamide
Data32_GSM5155458_GCCATTCAGTGTTCCA-1,0,enzalutamide
Data32_GSM5155458_GCCATTCGTTTCGTAG-1,0,enzalutamide
Data32_GSM5155458_GCCCAGAAGATCCGAG-1,0,enzalutamide
Data32_GSM5155458_GCCCAGAAGCGAATGC-1,0,enzalutamide
Data32_GSM5155458_GCCCAGACACCGTACG-1,0,enzalutamide
Data32_GSM5155458_GCCCAGATCGAGATAA-1,0,enzalutamide
Data32_GSM5155458_GCCCGAACAGAGCTAG-1,0,enzalutamide
Data32_GSM5155458_GCCCGAAGTGGCTACC-1,0,enzalutamide
Data32_GSM5155458_GCCCGAAGTGGTCTTA-1,0,enzalutamide
Data32_GSM5155458_GCCCGAATCCACAGCG-1,0,enzalutamide
Data32_GSM5155458_GCCCGAATCCCAGCGA-1,0,enzalutamide
Data32_GSM5155458_GCCCGAATCGCATAGT-1,0,enzalutamide
Data32_GSM5155458_GCCGATGAGGTCTGGA-1,0,enzalutamide
Data32_GSM5155458_GCCGATGCATAACGGG-1,0,enzalutamide
Data32_GSM5155458_GCCGATGGTTCCCAAA-1,0,enzalutamide
Data32_GSM5155458_GCCGATGGTTGTCAGT-1,0,enzalutamide
Data32_GSM5155458_GCCGATGTCAATCGGT-1,0,enzalutamide
Data32_GSM5155458_GCCGATGTCACATACG-1,0,enzalutamide
Data32_GSM5155458_GCCGATGTCTCCTACG-1,0,enzalutamide
Data32_GSM5155458_GCCGATGTCTTCACGC-1,0,enzalutamide
Data32_GSM5155458_GCCGATGTCTTCCTAA-1,0,enzalutamide
Data32_GSM5155458_GCCGTGAAGATCGCCC-1,0,enzalutamide
Data32_GSM5155458_GCCGTGACACGGATCC-1,0,enzalutamide
Data32_GSM5155458_GCCGTGAGTGCCCTTT-1,0,enzalutamide
Data32_GSM5155458_GCCGTGATCAGTCCGG-1,0,enzalutamide
Data32_GSM5155458_GCCTGTTCACCATATG-1,0,enzalutamide
Data32_GSM5155458_GCCTGTTGTCGCATCG-1,0,enzalutamide
Data32_GSM5155458_GCCTGTTGTGTACGCC-1,0,enzalutamide
Data32_GSM5155458_GCGAGAAGTTCCTAGA-1,0,enzalutamide
Data32_GSM5155458_GCGATCGCAGGACTTT-1,0,enzalutamide
Data32_GSM5155458_GCGATCGGTAGGAAAG-1,0,enzalutamide
Data32_GSM5155458_GCGATCGTCTGCGGAC-1,0,enzalutamide
Data32_GSM5155458_GCGGAAACAATACGAA-1,0,enzalutamide
Data32_GSM5155458_GCGGAAACAGTACTAC-1,0,enzalutamide
Data32_GSM5155458_GCGGAAATCACTCACC-1,0,enzalutamide
Data32_GSM5155458_GCGGATCTCGCTAATG-1,0,enzalutamide
Data32_GSM5155458_GCGTGCACAAGTCCAT-1,0,enzalutamide
Data32_GSM5155458_GCGTGCACATACCGTA-1,0,enzalutamide
Data32_GSM5155458_GCGTGCATCACCTTGC-1,0,enzalutamide
Data32_GSM5155458_GCGTGCATCCAAGCCG-1,0,enzalutamide
Data32_GSM5155458_GCGTTTCAGGCATGGT-1,0,enzalutamide
Data32_GSM5155458_GCGTTTCAGGTTGGAC-1,0,enzalutamide
Data32_GSM5155458_GCGTTTCCAAGGACAC-1,0,enzalutamide
Data32_GSM5155458_GCGTTTCGTGTCCGGT-1,0,enzalutamide
Data32_GSM5155458_GCGTTTCTCTAAGGAA-1,0,enzalutamide
Data32_GSM5155458_GCTACAACAATTGTGC-1,0,enzalutamide
Data32_GSM5155458_GCTACAACACCCTTGT-1,0,enzalutamide
Data32_GSM5155458_GCTACAACATCGAACT-1,0,enzalutamide
Data32_GSM5155458_GCTACAAGTACGCTAT-1,0,enzalutamide
Data32_GSM5155458_GCTACAAGTATTGCCA-1,0,enzalutamide
Data32_GSM5155458_GCTACAAGTCATCTAG-1,0,enzalutamide
Data32_GSM5155458_GCTACAATCAGTGCGC-1,0,enzalutamide
Data32_GSM5155458_GCTACCTCAGGCCCTA-1,0,enzalutamide
Data32_GSM5155458_GCTCAAAAGACCAAAT-1,0,enzalutamide
Data32_GSM5155458_GCTCAAAAGTGGTTAA-1,0,enzalutamide
Data32_GSM5155458_GCTCAAACAACATCGT-1,0,enzalutamide
Data32_GSM5155458_GCTCAAAGTAACACGG-1,0,enzalutamide
Data32_GSM5155458_GCTCAAAGTCACTAGT-1,0,enzalutamide
Data32_GSM5155458_GCTCAAAGTTTAAGGA-1,0,enzalutamide
Data32_GSM5155458_GCTCAAATCAACTGAC-1,0,enzalutamide
Data32_GSM5155458_GCTCAAATCACATACG-1,0,enzalutamide
Data32_GSM5155458_GCTCAAATCATACGAC-1,0,enzalutamide
Data32_GSM5155458_GCTGAATAGTCACTCA-1,0,enzalutamide
Data32_GSM5155458_GCTGAATGTCCACTCT-1,0,enzalutamide
Data32_GSM5155458_GCTGAATTCACTCACC-1,0,enzalutamide
Data32_GSM5155458_GCTGAATTCGCTACAA-1,0,enzalutamide
Data32_GSM5155458_GCTGAATTCTGAGGCC-1,0,enzalutamide
Data32_GSM5155458_GCTGCAGAGAGAGGGC-1,0,enzalutamide
Data32_GSM5155458_GCTGCAGAGCCTAACT-1,0,enzalutamide
Data32_GSM5155458_GCTGCAGCACGCAGTC-1,0,enzalutamide
Data32_GSM5155458_GCTGCAGGTCAGCTTA-1,0,enzalutamide
Data32_GSM5155458_GCTGCAGGTTGAAGTA-1,0,enzalutamide
Data32_GSM5155458_GCTGCAGTCCGGTAAT-1,0,enzalutamide
Data32_GSM5155458_GCTGCAGTCGTAGTGT-1,0,enzalutamide
Data32_GSM5155458_GCTGGGTGTATCAGGG-1,0,enzalutamide
Data32_GSM5155458_GCTGGGTGTTACACTG-1,0,enzalutamide
Data32_GSM5155458_GCTGGGTTCGTGCAGC-1,0,enzalutamide
Data32_GSM5155458_GCTTCACAGATCGCTT-1,0,enzalutamide
Data32_GSM5155458_GCTTCACTCACCATCC-1,0,enzalutamide
Data32_GSM5155458_GCTTCACTCATCTATC-1,0,enzalutamide
Data32_GSM5155458_GCTTCACTCTATCACT-1,0,enzalutamide
Data32_GSM5155458_GCTTGGGAGTAAAGCT-1,0,enzalutamide
Data32_GSM5155458_GCTTGGGGTGTACGCC-1,0,enzalutamide
Data32_GSM5155458_GCTTGGGGTTTACGTG-1,0,enzalutamide
Data32_GSM5155458_GCTTGGGTCTTGGATG-1,0,enzalutamide
Data32_GSM5155458_GCTTTCGCATGAGTAA-1,0,enzalutamide
Data32_GSM5155458_GCTTTCGGTGAGCTCC-1,0,enzalutamide
Data32_GSM5155458_GCTTTCGGTTATAGAG-1,0,enzalutamide
Data32_GSM5155458_GCTTTCGTCAGCAGAG-1,0,enzalutamide
Data32_GSM5155458_GGAACCCAGACCAAAT-1,0,enzalutamide
Data32_GSM5155458_GGAACCCTCTAGGAAA-1,0,enzalutamide
Data32_GSM5155458_GGAACCCTCTTAGCCC-1,0,enzalutamide
Data32_GSM5155458_GGAAGTGCAGTCAGCC-1,0,enzalutamide
Data32_GSM5155458_GGAAGTGGTCACCGCA-1,0,enzalutamide
Data32_GSM5155458_GGAAGTGTCGAGTCTA-1,0,enzalutamide
Data32_GSM5155458_GGAAGTGTCTAATTCC-1,0,enzalutamide
Data32_GSM5155458_GGAATCTAGGTGGGTT-1,0,enzalutamide
Data32_GSM5155458_GGAATCTCAACAGCTT-1,0,enzalutamide
Data32_GSM5155458_GGAATCTTCGCATTGA-1,0,enzalutamide
Data32_GSM5155458_GGAATCTTCGCTCTCA-1,0,enzalutamide
Data32_GSM5155458_GGAATGGCACAGGATG-1,0,enzalutamide
Data32_GSM5155458_GGAATGGCAGGCCTGT-1,0,enzalutamide
Data32_GSM5155458_GGACGTCGTTTCACAG-1,0,enzalutamide
Data32_GSM5155458_GGACGTCTCCGTTTCG-1,0,enzalutamide
Data32_GSM5155458_GGACGTCTCGTGTCAA-1,0,enzalutamide
Data32_GSM5155458_GGAGAACCAAAGCTAA-1,0,enzalutamide
Data32_GSM5155458_GGAGAACGTGCTGTCG-1,0,enzalutamide
Data32_GSM5155458_GGAGAACGTGTCACAT-1,0,enzalutamide
Data32_GSM5155458_GGAGAACGTTGTGGAG-1,0,enzalutamide
Data32_GSM5155458_GGAGAACTCTACAGGT-1,0,enzalutamide
Data32_GSM5155458_GGAGATGAGCTCGCAC-1,0,enzalutamide
Data32_GSM5155458_GGAGATGAGTGTTCCA-1,0,enzalutamide
Data32_GSM5155458_GGAGATGCAAGCTGCC-1,0,enzalutamide
Data32_GSM5155458_GGAGCAAAGCTGAAGC-1,0,enzalutamide
Data32_GSM5155458_GGAGCAAAGGACTTCT-1,0,enzalutamide
Data32_GSM5155458_GGAGCAACAAACCGGA-1,0,enzalutamide
Data32_GSM5155458_GGAGCAACAAGTACCT-1,0,enzalutamide
Data32_GSM5155458_GGAGCAACACATGGTT-1,0,enzalutamide
Data32_GSM5155458_GGAGCAATCTTACTGT-1,0,enzalutamide
Data32_GSM5155458_GGAGGATCAAATTAGG-1,0,enzalutamide
Data32_GSM5155458_GGAGGATCAGATTCGT-1,0,enzalutamide
Data32_GSM5155458_GGAGGATTCGCCCAGA-1,0,enzalutamide
Data32_GSM5155458_GGAGGATTCGGCCCAA-1,0,enzalutamide
Data32_GSM5155458_GGAGGTATCTAGCCAA-1,0,enzalutamide
Data32_GSM5155458_GGATCTAAGCATGCGA-1,0,enzalutamide
Data32_GSM5155458_GGATCTAGTACATTGC-1,0,enzalutamide
Data32_GSM5155458_GGATCTATCTCGCTCA-1,0,enzalutamide
Data32_GSM5155458_GGATGTTAGCACGATG-1,0,enzalutamide
Data32_GSM5155458_GGATGTTAGTGAGTTA-1,0,enzalutamide
Data32_GSM5155458_GGATGTTAGTGGTTGG-1,0,enzalutamide
Data32_GSM5155458_GGCACGTCAATTTCCT-1,0,enzalutamide
Data32_GSM5155458_GGCACGTCACTCCGAG-1,0,enzalutamide
Data32_GSM5155458_GGCACGTGTCCGGACT-1,0,enzalutamide
Data32_GSM5155458_GGCAGTCCACCTGCGA-1,0,enzalutamide
Data32_GSM5155458_GGCAGTCCAGAGTGTG-1,0,enzalutamide
Data32_GSM5155458_GGCGTCAAGACCATAA-1,0,enzalutamide
Data32_GSM5155458_GGCGTCAAGTACTCGT-1,0,enzalutamide
Data32_GSM5155458_GGCGTCAAGTCACGAG-1,0,enzalutamide
Data32_GSM5155458_GGCGTCAGTCTACGAT-1,0,enzalutamide
Data32_GSM5155458_GGCGTCAGTGTGTGTT-1,0,enzalutamide
Data32_GSM5155458_GGCGTCATCACGATAC-1,0,enzalutamide
Data32_GSM5155458_GGCGTCATCCATCTGC-1,0,enzalutamide
Data32_GSM5155458_GGCGTCATCCGCAGTG-1,0,enzalutamide
Data32_GSM5155458_GGCTGTGCACCAGCCA-1,0,enzalutamide
Data32_GSM5155458_GGCTGTGGTCCACTCT-1,0,enzalutamide
Data32_GSM5155458_GGCTGTGGTGGCACTC-1,0,enzalutamide
Data32_GSM5155458_GGCTTGGAGGGCTTCC-1,0,enzalutamide
Data32_GSM5155458_GGCTTGGAGTACCGGA-1,0,enzalutamide
Data32_GSM5155458_GGCTTGGCAAGCACAG-1,0,enzalutamide
Data32_GSM5155458_GGCTTGGCACCCTGAG-1,0,enzalutamide
Data32_GSM5155458_GGCTTGGGTGAGACCA-1,0,enzalutamide
Data32_GSM5155458_GGCTTGGTCTCGCAGG-1,0,enzalutamide
Data32_GSM5155458_GGCTTTCAGCTGACCC-1,0,enzalutamide
Data32_GSM5155458_GGCTTTCAGTCGGCCT-1,0,enzalutamide
Data32_GSM5155458_GGCTTTCCAAGATTGA-1,0,enzalutamide
Data32_GSM5155458_GGCTTTCGTGTGAGCA-1,0,enzalutamide
Data32_GSM5155458_GGCTTTCTCATGCTAG-1,0,enzalutamide
Data32_GSM5155458_GGCTTTCTCCAGCCTT-1,0,enzalutamide
Data32_GSM5155458_GGGAAGTAGCATATGA-1,0,enzalutamide
Data32_GSM5155458_GGGAAGTAGCTGACTT-1,0,enzalutamide
Data32_GSM5155458_GGGAAGTGTCGTTTCC-1,0,enzalutamide
Data32_GSM5155458_GGGAAGTGTGCAGTGA-1,0,enzalutamide
Data32_GSM5155458_GGGACAAAGGTACAGC-1,0,enzalutamide
Data32_GSM5155458_GGGACAACAGCGTACC-1,0,enzalutamide
Data32_GSM5155458_GGGACAACATTGTACG-1,0,enzalutamide
Data32_GSM5155458_GGGACAAGTGCCCAGT-1,0,enzalutamide
Data32_GSM5155458_GGGACAATCATTTGGG-1,0,enzalutamide
Data32_GSM5155458_GGGACCTAGATGACAT-1,0,enzalutamide
Data32_GSM5155458_GGGACCTAGCCAAGGT-1,0,enzalutamide
Data32_GSM5155458_GGGACCTCAATAAGGT-1,0,enzalutamide
Data32_GSM5155458_GGGACCTCAGCCGGTT-1,0,enzalutamide
Data32_GSM5155458_GGGACCTGTCAATGGG-1,0,enzalutamide
Data32_GSM5155458_GGGACTCAGCCGAATG-1,0,enzalutamide
Data32_GSM5155458_GGGACTCGTGGTCTGC-1,0,enzalutamide
Data32_GSM5155458_GGGACTCGTGTAGCAG-1,0,enzalutamide
Data32_GSM5155458_GGGAGATAGCCTGACC-1,0,enzalutamide
Data32_GSM5155458_GGGAGATTCGTTGTAG-1,0,enzalutamide
Data32_GSM5155458_GGGAGTAGTGACGTCC-1,0,enzalutamide
Data32_GSM5155458_GGGAGTATCCAAGCCG-1,0,enzalutamide
Data32_GSM5155458_GGGATCCAGCGGCTCT-1,0,enzalutamide
Data32_GSM5155458_GGGATCCCAAAGAACT-1,0,enzalutamide
Data32_GSM5155458_GGGATCCCACACTGGC-1,0,enzalutamide
Data32_GSM5155458_GGGATCCGTGTATTGC-1,0,enzalutamide
Data32_GSM5155458_GGGATCCGTTCTCGTC-1,0,enzalutamide
Data32_GSM5155458_GGGATCCTCGTGACTA-1,0,enzalutamide
Data32_GSM5155458_GGGATGAAGACTAAGT-1,0,enzalutamide
Data32_GSM5155458_GGGATGAAGCCAGTAG-1,0,enzalutamide
Data32_GSM5155458_GGGATGATCACGAGGA-1,0,enzalutamide
Data32_GSM5155458_GGGATGATCCTACTGC-1,0,enzalutamide
Data32_GSM5155458_GGGCCATAGGCCTTCG-1,0,enzalutamide
Data32_GSM5155458_GGGCCATCAGCATTGT-1,0,enzalutamide
Data32_GSM5155458_GGGCCATCATTGCTGA-1,0,enzalutamide
Data32_GSM5155458_GGGCCATGTAGCCAGA-1,0,enzalutamide
Data32_GSM5155458_GGGCCATTCAACGCTA-1,0,enzalutamide
Data32_GSM5155458_GGGCGTTAGAGTCTGG-1,0,enzalutamide
Data32_GSM5155458_GGGCGTTAGCGCCTAC-1,0,enzalutamide
Data32_GSM5155458_GGGCGTTAGGCTAACG-1,0,enzalutamide
Data32_GSM5155458_GGGCGTTCATTAAGCC-1,0,enzalutamide
Data32_GSM5155458_GGGCGTTGTCCTTAAG-1,0,enzalutamide
Data32_GSM5155458_GGGCTACCAATTTCGG-1,0,enzalutamide
Data32_GSM5155458_GGGCTACGTCACTCTC-1,0,enzalutamide
Data32_GSM5155458_GGGCTACGTCGCGTTG-1,0,enzalutamide
Data32_GSM5155458_GGGCTACGTGTTCAGT-1,0,enzalutamide
Data32_GSM5155458_GGGCTCAAGCGACATG-1,0,enzalutamide
Data32_GSM5155458_GGGCTCAAGGTGCCAA-1,0,enzalutamide
Data32_GSM5155458_GGGCTCACACGCTGAC-1,0,enzalutamide
Data32_GSM5155458_GGGCTCAGTCGTGTTA-1,0,enzalutamide
Data32_GSM5155458_GGGCTCATCGTTAGTG-1,0,enzalutamide
Data32_GSM5155458_GGGTAGACACTTGAAC-1,0,enzalutamide
Data32_GSM5155458_GGGTAGAGTAACATAG-1,0,enzalutamide
Data32_GSM5155458_GGGTAGAGTAACGTTC-1,0,enzalutamide
Data32_GSM5155458_GGGTAGAGTTGTCCCT-1,0,enzalutamide
Data32_GSM5155458_GGGTAGATCACTGGTA-1,0,enzalutamide
Data32_GSM5155458_GGGTAGATCCCAGGCA-1,0,enzalutamide
Data32_GSM5155458_GGGTATTCACAGCTGC-1,0,enzalutamide
Data32_GSM5155458_GGGTATTTCACTGATG-1,0,enzalutamide
Data32_GSM5155458_GGGTCACCACTGGCCA-1,0,enzalutamide
Data32_GSM5155458_GGGTCACTCAGAGTTC-1,0,enzalutamide
Data32_GSM5155458_GGGTCACTCATATGGC-1,0,enzalutamide
Data32_GSM5155458_GGGTCACTCCGATGTA-1,0,enzalutamide
Data32_GSM5155458_GGGTCACTCGGAACTT-1,0,enzalutamide
Data32_GSM5155458_GGGTCACTCTGCGGCA-1,0,enzalutamide
Data32_GSM5155458_GGGTCTGCAATTAGGA-1,0,enzalutamide
Data32_GSM5155458_GGGTGAAAGTGACCTT-1,0,enzalutamide
Data32_GSM5155458_GGGTGAACAGATACCT-1,0,enzalutamide
Data32_GSM5155458_GGGTGAACAGCTGTGC-1,0,enzalutamide
Data32_GSM5155458_GGGTGAACATGTGCTA-1,0,enzalutamide
Data32_GSM5155458_GGGTGAAGTCCACAGC-1,0,enzalutamide
Data32_GSM5155458_GGGTGTCCAGTATACC-1,0,enzalutamide
Data32_GSM5155458_GGGTGTCGTCACCGCA-1,0,enzalutamide
Data32_GSM5155458_GGGTGTCGTCACGACC-1,0,enzalutamide
Data32_GSM5155458_GGGTGTCGTCTTACTT-1,0,enzalutamide
Data32_GSM5155458_GGGTTATAGATCGACG-1,0,enzalutamide
Data32_GSM5155458_GGGTTATAGCCGTAAG-1,0,enzalutamide
Data32_GSM5155458_GGGTTATTCGCATTGA-1,0,enzalutamide
Data32_GSM5155458_GGGTTTACACTAGTAC-1,0,enzalutamide
Data32_GSM5155458_GGGTTTAGTATCGATC-1,0,enzalutamide
Data32_GSM5155458_GGGTTTAGTATGGTTC-1,0,enzalutamide
Data32_GSM5155458_GGGTTTATCATCACCC-1,0,enzalutamide
Data32_GSM5155458_GGGTTTATCCATGCAA-1,0,enzalutamide
Data32_GSM5155458_GGGTTTATCCGATCTC-1,0,enzalutamide
Data32_GSM5155458_GGGTTTATCGGAAGGT-1,0,enzalutamide
Data32_GSM5155458_GGTAACTAGGCTAGCA-1,0,enzalutamide
Data32_GSM5155458_GGTAACTCAGACAATA-1,0,enzalutamide
Data32_GSM5155458_GGTAACTCAGTATGAA-1,0,enzalutamide
Data32_GSM5155458_GGTAACTCATTGGGAG-1,0,enzalutamide
Data32_GSM5155458_GGTAACTGTACAGCGA-1,0,enzalutamide
Data32_GSM5155458_GGTAATCCATGTGTCA-1,0,enzalutamide
Data32_GSM5155458_GGTAATCGTCGAATGG-1,0,enzalutamide
Data32_GSM5155458_GGTAGAGGTCTCTCAC-1,0,enzalutamide
Data32_GSM5155458_GGTAGAGGTGATCGTT-1,0,enzalutamide
Data32_GSM5155458_GGTCACGAGGCTCTAT-1,0,enzalutamide
Data32_GSM5155458_GGTCACGCAGTTACCA-1,0,enzalutamide
Data32_GSM5155458_GGTCACGTCACATACG-1,0,enzalutamide
Data32_GSM5155458_GGTCACGTCTTGAGCA-1,0,enzalutamide
Data32_GSM5155458_GGTCTGGAGTGCCTCG-1,0,enzalutamide
Data32_GSM5155458_GGTCTGGAGTTGGAAT-1,0,enzalutamide
Data32_GSM5155458_GGTCTGGGTATGAGCG-1,0,enzalutamide
Data32_GSM5155458_GGTCTGGGTGTGAGCA-1,0,enzalutamide
Data32_GSM5155458_GGTCTGGTCTCGTGGG-1,0,enzalutamide
Data32_GSM5155458_GGTGAAGCACTGCATA-1,0,enzalutamide
Data32_GSM5155458_GGTGAAGGTATCTTCT-1,0,enzalutamide
Data32_GSM5155458_GGTGATTCACACAGCC-1,0,enzalutamide
Data32_GSM5155458_GGTGATTCACAGTGAG-1,0,enzalutamide
Data32_GSM5155458_GGTGATTGTATGTCCA-1,0,enzalutamide
Data32_GSM5155458_GGTGATTGTCATCCCT-1,0,enzalutamide
Data32_GSM5155458_GGTGATTGTCCTTGTC-1,0,enzalutamide
Data32_GSM5155458_GGTGATTGTGGAACAC-1,0,enzalutamide
Data32_GSM5155458_GGTGGCTAGTGGTTGG-1,0,enzalutamide
Data32_GSM5155458_GGTGGCTCAAAGTGTA-1,0,enzalutamide
Data32_GSM5155458_GGTGGCTCAACAGCTT-1,0,enzalutamide
Data32_GSM5155458_GGTGGCTCAATGTGGG-1,0,enzalutamide
Data32_GSM5155458_GGTGGCTCATTGTGCA-1,0,enzalutamide
Data32_GSM5155458_GGTGGCTGTACACGTT-1,0,enzalutamide
Data32_GSM5155458_GGTGGCTGTACGCTTA-1,0,enzalutamide
Data32_GSM5155458_GGTGGCTGTTGCTCGG-1,0,enzalutamide
Data32_GSM5155458_GGTGGCTTCGCCAGAC-1,0,enzalutamide
Data32_GSM5155458_GGTGGCTTCGGTCGAC-1,0,enzalutamide
Data32_GSM5155458_GGTGTCGAGACGTCGA-1,0,enzalutamide
Data32_GSM5155458_GGTGTTACAGTCAGAG-1,0,enzalutamide
Data32_GSM5155458_GGTTAACCATACTGTG-1,0,enzalutamide
Data32_GSM5155458_GGTTAACGTTCGTACA-1,0,enzalutamide
Data32_GSM5155458_GGTTAACTCACCTCAC-1,0,enzalutamide
Data32_GSM5155458_GGTTAACTCAGCACCG-1,0,enzalutamide
Data32_GSM5155458_GGTTAACTCCTTGGAA-1,0,enzalutamide
Data32_GSM5155458_GGTTCTCCACGCCACA-1,0,enzalutamide
Data32_GSM5155458_GGTTCTCTCTTGAGCA-1,0,enzalutamide
Data32_GSM5155458_GGTTGTACAAACACGG-1,0,enzalutamide
Data32_GSM5155458_GGTTGTACAATCCTTT-1,0,enzalutamide
Data32_GSM5155458_GGTTGTACACCCTCTA-1,0,enzalutamide
Data32_GSM5155458_GGTTGTACACCGTGCA-1,0,enzalutamide
Data32_GSM5155458_GGTTGTACAGGGTTGA-1,0,enzalutamide
Data32_GSM5155458_GGTTGTAGTTAAGAAC-1,0,enzalutamide
Data32_GSM5155458_GGTTGTATCAATCCGA-1,0,enzalutamide
Data32_GSM5155458_GGTTGTATCGTTGTTT-1,0,enzalutamide
Data32_GSM5155458_GTAACACAGCGCTTCG-1,0,enzalutamide
Data32_GSM5155458_GTAACACTCCATCTCG-1,0,enzalutamide
Data32_GSM5155458_GTAACCAGTACCCAGC-1,0,enzalutamide
Data32_GSM5155458_GTAACCAGTGAGTTTC-1,0,enzalutamide
Data32_GSM5155458_GTAACCAGTGTTACAC-1,0,enzalutamide
Data32_GSM5155458_GTAAGTCAGAGAACCC-1,0,enzalutamide
Data32_GSM5155458_GTAAGTCAGGTGCATG-1,0,enzalutamide
Data32_GSM5155458_GTAAGTCAGTATCTGC-1,0,enzalutamide
Data32_GSM5155458_GTAAGTCGTGTCATCA-1,0,enzalutamide
Data32_GSM5155458_GTAAGTCTCTGTCAGA-1,0,enzalutamide
Data32_GSM5155458_GTAATCGAGAAACTCA-1,0,enzalutamide
Data32_GSM5155458_GTAATCGAGACCAAAT-1,0,enzalutamide
Data32_GSM5155458_GTAATCGGTTAGTTCG-1,0,enzalutamide
Data32_GSM5155458_GTAATGCAGACGCAGT-1,0,enzalutamide
Data32_GSM5155458_GTACAACAGTTCGGTT-1,0,enzalutamide
Data32_GSM5155458_GTACAACGTGCATGTT-1,0,enzalutamide
Data32_GSM5155458_GTACAACGTGTTGAGG-1,0,enzalutamide
Data32_GSM5155458_GTACAACTCGGTCGAC-1,0,enzalutamide
Data32_GSM5155458_GTACAGTCAGGTAGTG-1,0,enzalutamide
Data32_GSM5155458_GTACAGTGTCTGGTTA-1,0,enzalutamide
Data32_GSM5155458_GTACAGTTCGCGTGCA-1,0,enzalutamide
Data32_GSM5155458_GTAGAAAAGCCGGAAT-1,0,enzalutamide
Data32_GSM5155458_GTAGAAACAATACGCT-1,0,enzalutamide
Data32_GSM5155458_GTAGAAAGTTGACTGT-1,0,enzalutamide
Data32_GSM5155458_GTAGAAATCACTGCTC-1,0,enzalutamide
Data32_GSM5155458_GTAGAAATCAGCGTCG-1,0,enzalutamide
Data32_GSM5155458_GTAGAGGAGAATCGCG-1,0,enzalutamide
Data32_GSM5155458_GTAGAGGAGCTTGTTG-1,0,enzalutamide
Data32_GSM5155458_GTAGAGGAGGCATTTC-1,0,enzalutamide
Data32_GSM5155458_GTAGAGGAGGCCTTGC-1,0,enzalutamide
Data32_GSM5155458_GTAGAGGCATCGAGCC-1,0,enzalutamide
Data32_GSM5155458_GTAGAGGTCAAACCCA-1,0,enzalutamide
Data32_GSM5155458_GTAGAGGTCAGAGCGA-1,0,enzalutamide
Data32_GSM5155458_GTAGAGGTCCATCCGT-1,0,enzalutamide
Data32_GSM5155458_GTAGATCCATCGGATT-1,0,enzalutamide
Data32_GSM5155458_GTAGATCGTAGACAGC-1,0,enzalutamide
Data32_GSM5155458_GTAGCTAAGCACCCAC-1,0,enzalutamide
Data32_GSM5155458_GTAGCTAAGCCAAGGT-1,0,enzalutamide
Data32_GSM5155458_GTAGCTACAACGGCTC-1,0,enzalutamide
Data32_GSM5155458_GTAGCTACAGGCTCTG-1,0,enzalutamide
Data32_GSM5155458_GTAGCTACAGTCGAGA-1,0,enzalutamide
Data32_GSM5155458_GTAGGAGTCTGCTTTA-1,0,enzalutamide
Data32_GSM5155458_GTAGGTTAGCCTTTGA-1,0,enzalutamide
Data32_GSM5155458_GTAGGTTAGTAGAGTT-1,0,enzalutamide
Data32_GSM5155458_GTAGGTTCAGTCGGTC-1,0,enzalutamide
Data32_GSM5155458_GTAGGTTCATCCAATG-1,0,enzalutamide
Data32_GSM5155458_GTAGGTTGTTGTTTGG-1,0,enzalutamide
Data32_GSM5155458_GTAGGTTGTTTGTGGT-1,0,enzalutamide
Data32_GSM5155458_GTAGGTTTCATCGACA-1,0,enzalutamide
Data32_GSM5155458_GTAGTACAGAGAGTGA-1,0,enzalutamide
Data32_GSM5155458_GTAGTACAGGCAGTCA-1,0,enzalutamide
Data32_GSM5155458_GTAGTACCAGAGGTTG-1,0,enzalutamide
Data32_GSM5155458_GTAGTACGTAACGATA-1,0,enzalutamide
Data32_GSM5155458_GTAGTACTCTGCGAGC-1,0,enzalutamide
Data32_GSM5155458_GTATTGGAGAATCGTA-1,0,enzalutamide
Data32_GSM5155458_GTATTGGTCAAACTGC-1,0,enzalutamide
Data32_GSM5155458_GTATTTCAGTGCTACT-1,0,enzalutamide
Data32_GSM5155458_GTATTTCCAACCCTCT-1,0,enzalutamide
Data32_GSM5155458_GTATTTCCAAGTGGAC-1,0,enzalutamide
Data32_GSM5155458_GTATTTCCATGGCCCA-1,0,enzalutamide
Data32_GSM5155458_GTATTTCGTGGTCTAT-1,0,enzalutamide
Data32_GSM5155458_GTCAAACAGGCTTAAA-1,0,enzalutamide
Data32_GSM5155458_GTCAAACAGTAGGCCA-1,0,enzalutamide
Data32_GSM5155458_GTCAAACCAACGCCCA-1,0,enzalutamide
Data32_GSM5155458_GTCAAACTCCGATGCG-1,0,enzalutamide
Data32_GSM5155458_GTCAAGTAGAGAGCCT-1,0,enzalutamide
Data32_GSM5155458_GTCAAGTCAATTCGTG-1,0,enzalutamide
Data32_GSM5155458_GTCAAGTGTGATTAGA-1,0,enzalutamide
Data32_GSM5155458_GTCAAGTTCGCAGATT-1,0,enzalutamide
Data32_GSM5155458_GTCACGGAGCGCGTTC-1,0,enzalutamide
Data32_GSM5155458_GTCACGGCAACAGCTT-1,0,enzalutamide
Data32_GSM5155458_GTCACGGCACTGGCCA-1,0,enzalutamide
Data32_GSM5155458_GTCACGGCAGAATCGG-1,0,enzalutamide
Data32_GSM5155458_GTCACGGGTCAAGTTC-1,0,enzalutamide
Data32_GSM5155458_GTCACGGTCTGGACTA-1,0,enzalutamide
Data32_GSM5155458_GTCACTCCATCACCAA-1,0,enzalutamide
Data32_GSM5155458_GTCACTCGTATCCTCC-1,0,enzalutamide
Data32_GSM5155458_GTCACTCGTCGGAAAC-1,0,enzalutamide
Data32_GSM5155458_GTCACTCGTCGTGGTC-1,0,enzalutamide
Data32_GSM5155458_GTCACTCGTTCTCTCG-1,0,enzalutamide
Data32_GSM5155458_GTCAGCGAGACGGATC-1,0,enzalutamide
Data32_GSM5155458_GTCAGCGAGCTGGAGT-1,0,enzalutamide
Data32_GSM5155458_GTCAGCGCATTCATCT-1,0,enzalutamide
Data32_GSM5155458_GTCAGCGTCCGCAAAT-1,0,enzalutamide
Data32_GSM5155458_GTCAGCGTCTGCACCT-1,0,enzalutamide
Data32_GSM5155458_GTCATCCCATCTAACG-1,0,enzalutamide
Data32_GSM5155458_GTCATCCTCCCGAGAC-1,0,enzalutamide
Data32_GSM5155458_GTCATCCTCTAGCCTC-1,0,enzalutamide
Data32_GSM5155458_GTCATGAAGGAACGTC-1,0,enzalutamide
Data32_GSM5155458_GTCATGACAGCAGTCC-1,0,enzalutamide
Data32_GSM5155458_GTCATGACAGTTTCGA-1,0,enzalutamide
Data32_GSM5155458_GTCATGAGTAAGATAC-1,0,enzalutamide
Data32_GSM5155458_GTCATGAGTGAATAAC-1,0,enzalutamide
Data32_GSM5155458_GTCATTTAGAAGCTGC-1,0,enzalutamide
Data32_GSM5155458_GTCATTTCATGGAACG-1,0,enzalutamide
Data32_GSM5155458_GTCATTTGTATGAGGC-1,0,enzalutamide
Data32_GSM5155458_GTCATTTGTGTCCAAT-1,0,enzalutamide
Data32_GSM5155458_GTCATTTTCACAAGAA-1,0,enzalutamide
Data32_GSM5155458_GTCATTTTCTAGTTCT-1,0,enzalutamide
Data32_GSM5155458_GTCCACTGTACCCACG-1,0,enzalutamide
Data32_GSM5155458_GTCCACTGTGACTCGC-1,0,enzalutamide
Data32_GSM5155458_GTCCACTGTGCCTGAC-1,0,enzalutamide
Data32_GSM5155458_GTCCACTGTTCTTAGG-1,0,enzalutamide
Data32_GSM5155458_GTCCACTTCGTCCTCA-1,0,enzalutamide
Data32_GSM5155458_GTCCACTTCTCGACCT-1,0,enzalutamide
Data32_GSM5155458_GTCCCATGTAGTTACC-1,0,enzalutamide
Data32_GSM5155458_GTCCCATTCTCTCAAT-1,0,enzalutamide
Data32_GSM5155458_GTCCTCAAGTTAGAAC-1,0,enzalutamide
Data32_GSM5155458_GTCCTCACAAGCGATG-1,0,enzalutamide
Data32_GSM5155458_GTCCTCAGTCCATCTC-1,0,enzalutamide
Data32_GSM5155458_GTCCTCAGTGAATGTA-1,0,enzalutamide
Data32_GSM5155458_GTCGAATAGAGAGAAC-1,0,enzalutamide
Data32_GSM5155458_GTCGAATAGGCAGGTT-1,0,enzalutamide
Data32_GSM5155458_GTCGAATCAGCGAACA-1,0,enzalutamide
Data32_GSM5155458_GTCGCGAGTAGGTCAG-1,0,enzalutamide
Data32_GSM5155458_GTCGCGAGTATTGGCT-1,0,enzalutamide
Data32_GSM5155458_GTCGCGATCTCCTACG-1,0,enzalutamide
Data32_GSM5155458_GTCGTAAAGGAGAATG-1,0,enzalutamide
Data32_GSM5155458_GTCGTAAAGGCATCAG-1,0,enzalutamide
Data32_GSM5155458_GTCGTAAGTACGTGAG-1,0,enzalutamide
Data32_GSM5155458_GTCGTAAGTAGCGTTT-1,0,enzalutamide
Data32_GSM5155458_GTCGTAATCGTCCATC-1,0,enzalutamide
Data32_GSM5155458_GTCGTTCAGTGGACTG-1,0,enzalutamide
Data32_GSM5155458_GTCGTTCCACCAAAGG-1,0,enzalutamide
Data32_GSM5155458_GTCGTTCGTGTTACAC-1,0,enzalutamide
Data32_GSM5155458_GTCGTTCTCATTGGTG-1,0,enzalutamide
Data32_GSM5155458_GTCGTTCTCCGATAGT-1,0,enzalutamide
Data32_GSM5155458_GTCGTTCTCGCAAGAG-1,0,enzalutamide
Data32_GSM5155458_GTCTACCAGAGGACTC-1,0,enzalutamide
Data32_GSM5155458_GTCTACCAGGAATGTT-1,0,enzalutamide
Data32_GSM5155458_GTCTACCCAACGGGTA-1,0,enzalutamide
Data32_GSM5155458_GTCTACCCAATCACGT-1,0,enzalutamide
Data32_GSM5155458_GTCTACCTCGATGCTA-1,0,enzalutamide
Data32_GSM5155458_GTCTACCTCGCATTGA-1,0,enzalutamide
Data32_GSM5155458_GTCTACCTCGTAGCTA-1,0,enzalutamide
Data32_GSM5155458_GTCTAGAAGCCATATC-1,0,enzalutamide
Data32_GSM5155458_GTCTAGACACAAGCCC-1,0,enzalutamide
Data32_GSM5155458_GTCTAGACACGTCATA-1,0,enzalutamide
Data32_GSM5155458_GTCTAGAGTCCCTGAG-1,0,enzalutamide
Data32_GSM5155458_GTCTAGATCCGTGGTG-1,0,enzalutamide
Data32_GSM5155458_GTCTCACAGCCAACCC-1,0,enzalutamide
Data32_GSM5155458_GTCTCACCAGTAGTGG-1,0,enzalutamide
Data32_GSM5155458_GTCTCACCATAATGAG-1,0,enzalutamide
Data32_GSM5155458_GTCTCACCATGAAAGT-1,0,enzalutamide
Data32_GSM5155458_GTCTCACGTAACACCT-1,0,enzalutamide
Data32_GSM5155458_GTCTCACTCAGCAGAG-1,0,enzalutamide
Data32_GSM5155458_GTCTCACTCTGCTTAT-1,0,enzalutamide
Data32_GSM5155458_GTCTGTCAGGCGCTTC-1,0,enzalutamide
Data32_GSM5155458_GTCTGTCAGTATGGAT-1,0,enzalutamide
Data32_GSM5155458_GTCTGTCCAAACCATC-1,0,enzalutamide
Data32_GSM5155458_GTCTGTCCACTGAATC-1,0,enzalutamide
Data32_GSM5155458_GTCTGTCGTCCGATCG-1,0,enzalutamide
Data32_GSM5155458_GTCTTTACAAACCATC-1,0,enzalutamide
Data32_GSM5155458_GTCTTTACACCGTCTT-1,0,enzalutamide
Data32_GSM5155458_GTCTTTAGTCTCACAA-1,0,enzalutamide
Data32_GSM5155458_GTCTTTATCGTGGGTC-1,0,enzalutamide
Data32_GSM5155458_GTGACGCAGTACTGTC-1,0,enzalutamide
Data32_GSM5155458_GTGACGCAGTTCCGTA-1,0,enzalutamide
Data32_GSM5155458_GTGACGCCAACCCGCA-1,0,enzalutamide
Data32_GSM5155458_GTGACGCGTTGGACCC-1,0,enzalutamide
Data32_GSM5155458_GTGACGCGTTTCTATC-1,0,enzalutamide
Data32_GSM5155458_GTGAGCCAGAGGGTCT-1,0,enzalutamide
Data32_GSM5155458_GTGAGCCAGGTCCCTG-1,0,enzalutamide
Data32_GSM5155458_GTGAGCCAGTTGTCGT-1,0,enzalutamide
Data32_GSM5155458_GTGAGCCCACAAATAG-1,0,enzalutamide
Data32_GSM5155458_GTGAGCCGTGCGCTCA-1,0,enzalutamide
Data32_GSM5155458_GTGAGCCGTTGCATGT-1,0,enzalutamide
Data32_GSM5155458_GTGAGGACAGACGATG-1,0,enzalutamide
Data32_GSM5155458_GTGAGGAGTAACGTTC-1,0,enzalutamide
Data32_GSM5155458_GTGAGGATCTAGACAC-1,0,enzalutamide
Data32_GSM5155458_GTGAGTTAGTGGTCAG-1,0,enzalutamide
Data32_GSM5155458_GTGATGTAGAGGCGGA-1,0,enzalutamide
Data32_GSM5155458_GTGATGTAGCGGGTAT-1,0,enzalutamide
Data32_GSM5155458_GTGATGTCATAGCACT-1,0,enzalutamide
Data32_GSM5155458_GTGATGTCATCTTCGC-1,0,enzalutamide
Data32_GSM5155458_GTGATGTGTCTGTTAG-1,0,enzalutamide
Data32_GSM5155458_GTGATGTGTTCGGCGT-1,0,enzalutamide
Data32_GSM5155458_GTGATGTTCAACCCGG-1,0,enzalutamide
Data32_GSM5155458_GTGCACGAGCAACAGC-1,0,enzalutamide
Data32_GSM5155458_GTGCACGAGCAACTTC-1,0,enzalutamide
Data32_GSM5155458_GTGCACGAGCCATTCA-1,0,enzalutamide
Data32_GSM5155458_GTGCACGAGTAGTCAA-1,0,enzalutamide
Data32_GSM5155458_GTGCACGGTAGCTTTG-1,0,enzalutamide
Data32_GSM5155458_GTGCACGGTTAACCTG-1,0,enzalutamide
Data32_GSM5155458_GTGCACGTCTCCTGCA-1,0,enzalutamide
Data32_GSM5155458_GTGCACGTCTGAGATC-1,0,enzalutamide
Data32_GSM5155458_GTGCAGCAGGCGATAC-1,0,enzalutamide
Data32_GSM5155458_GTGCAGCCACAGCCTG-1,0,enzalutamide
Data32_GSM5155458_GTGCAGCGTACCCGCA-1,0,enzalutamide
Data32_GSM5155458_GTGCAGCGTGCTCTTC-1,0,enzalutamide
Data32_GSM5155458_GTGCAGCTCATCACCC-1,0,enzalutamide
Data32_GSM5155458_GTGCAGCTCGAGTGAG-1,0,enzalutamide
Data32_GSM5155458_GTGCGTGAGATGTAGT-1,0,enzalutamide
Data32_GSM5155458_GTGCGTGCACCCTATC-1,0,enzalutamide
Data32_GSM5155458_GTGCGTGTCCCGTTCA-1,0,enzalutamide
Data32_GSM5155458_GTGCGTGTCGGCTGTG-1,0,enzalutamide
Data32_GSM5155458_GTGCTGGCAAGCTACT-1,0,enzalutamide
Data32_GSM5155458_GTGCTGGCACAGTCGC-1,0,enzalutamide
Data32_GSM5155458_GTGCTGGCACATATCG-1,0,enzalutamide
Data32_GSM5155458_GTGCTGGTCAAGAGTA-1,0,enzalutamide
Data32_GSM5155458_GTGCTGGTCATCGCTC-1,0,enzalutamide
Data32_GSM5155458_GTGCTGGTCCACAAGT-1,0,enzalutamide
Data32_GSM5155458_GTGCTTCAGCATCGAG-1,0,enzalutamide
Data32_GSM5155458_GTGGAAGAGTTATGGA-1,0,enzalutamide
Data32_GSM5155458_GTGGAAGGTGATCGTT-1,0,enzalutamide
Data32_GSM5155458_GTGGAAGTCATTGCTT-1,0,enzalutamide
Data32_GSM5155458_GTGGAAGTCCAGTTCC-1,0,enzalutamide
Data32_GSM5155458_GTGGAGAGTCTGCCTT-1,0,enzalutamide
Data32_GSM5155458_GTGGAGATCACTGGTA-1,0,enzalutamide
Data32_GSM5155458_GTGGCGTCACTATCCC-1,0,enzalutamide
Data32_GSM5155458_GTGGCGTGTTGGAGAC-1,0,enzalutamide
Data32_GSM5155458_GTGGCGTTCCTTCGAC-1,0,enzalutamide
Data32_GSM5155458_GTGGGAAAGACTAAGT-1,0,enzalutamide
Data32_GSM5155458_GTGGGAAGTTGGGTAG-1,0,enzalutamide
Data32_GSM5155458_GTGGGAATCACAAGAA-1,0,enzalutamide
Data32_GSM5155458_GTGGGAATCACTCGAA-1,0,enzalutamide
Data32_GSM5155458_GTGGGAATCATGGAGG-1,0,enzalutamide
Data32_GSM5155458_GTGGGAATCGCCCAGA-1,0,enzalutamide
Data32_GSM5155458_GTGGTTAAGATCGACG-1,0,enzalutamide
Data32_GSM5155458_GTGGTTAAGCGCCGTT-1,0,enzalutamide
Data32_GSM5155458_GTGGTTAGTTAATCGC-1,0,enzalutamide
Data32_GSM5155458_GTGGTTATCCACTGAA-1,0,enzalutamide
Data32_GSM5155458_GTGGTTATCCATTCAT-1,0,enzalutamide
Data32_GSM5155458_GTGGTTATCCCTCAAC-1,0,enzalutamide
Data32_GSM5155458_GTGTAACCAAGAGTGC-1,0,enzalutamide
Data32_GSM5155458_GTGTAACCACAGTGTT-1,0,enzalutamide
Data32_GSM5155458_GTGTAACTCGCTAGCG-1,0,enzalutamide
Data32_GSM5155458_GTGTCCTAGTGTGTTC-1,0,enzalutamide
Data32_GSM5155458_GTGTCCTGTAACGATA-1,0,enzalutamide
Data32_GSM5155458_GTGTCCTGTGAATGAT-1,0,enzalutamide
Data32_GSM5155458_GTGTCCTGTGGACTGA-1,0,enzalutamide
Data32_GSM5155458_GTGTCCTGTTTGCCGG-1,0,enzalutamide
Data32_GSM5155458_GTGTCCTTCCCAATAG-1,0,enzalutamide
Data32_GSM5155458_GTGTGATAGGTTGAGC-1,0,enzalutamide
Data32_GSM5155458_GTGTGATCACTTGGGC-1,0,enzalutamide
Data32_GSM5155458_GTGTGATCATACTGAC-1,0,enzalutamide
Data32_GSM5155458_GTGTGATTCATACGGT-1,0,enzalutamide
Data32_GSM5155458_GTGTGATTCGCAAGAG-1,0,enzalutamide
Data32_GSM5155458_GTGTGGCAGCTCGACC-1,0,enzalutamide
Data32_GSM5155458_GTGTGGCCAAACCGGA-1,0,enzalutamide
Data32_GSM5155458_GTGTTAGTCAGTCCGG-1,0,enzalutamide
Data32_GSM5155458_GTGTTCCAGGGCTGAT-1,0,enzalutamide
Data32_GSM5155458_GTGTTCCCATGTCTAG-1,0,enzalutamide
Data32_GSM5155458_GTGTTCCGTTTAGTCG-1,0,enzalutamide
Data32_GSM5155458_GTTACAGAGCGGTAAC-1,0,enzalutamide
Data32_GSM5155458_GTTACAGCAAAGCTAA-1,0,enzalutamide
Data32_GSM5155458_GTTACAGCAGCCGTCA-1,0,enzalutamide
Data32_GSM5155458_GTTACAGGTCCTTGTC-1,0,enzalutamide
Data32_GSM5155458_GTTACAGTCACGTCCT-1,0,enzalutamide
Data32_GSM5155458_GTTACAGTCGGTCGGT-1,0,enzalutamide
Data32_GSM5155458_GTTACCCAGTGGATAT-1,0,enzalutamide
Data32_GSM5155458_GTTACCCTCACCCTTG-1,0,enzalutamide
Data32_GSM5155458_GTTACGAAGAAGAACG-1,0,enzalutamide
Data32_GSM5155458_GTTACGAAGAGATTCA-1,0,enzalutamide
Data32_GSM5155458_GTTAGACGTCCGAAAG-1,0,enzalutamide
Data32_GSM5155458_GTTAGACGTGCGTGCT-1,0,enzalutamide
Data32_GSM5155458_GTTAGACTCCGGTTCT-1,0,enzalutamide
Data32_GSM5155458_GTTAGTGAGGCGAAGG-1,0,enzalutamide
Data32_GSM5155458_GTTAGTGGTCGAATTC-1,0,enzalutamide
Data32_GSM5155458_GTTAGTGTCCACGGAC-1,0,enzalutamide
Data32_GSM5155458_GTTAGTGTCGAACCAT-1,0,enzalutamide
Data32_GSM5155458_GTTAGTGTCGACATCA-1,0,enzalutamide
Data32_GSM5155458_GTTATGGAGGATACGC-1,0,enzalutamide
Data32_GSM5155458_GTTATGGAGGCTTCCG-1,0,enzalutamide
Data32_GSM5155458_GTTATGGCACTTACAG-1,0,enzalutamide
Data32_GSM5155458_GTTATGGGTATTGAGA-1,0,enzalutamide
Data32_GSM5155458_GTTATGGGTGCCTATA-1,0,enzalutamide
Data32_GSM5155458_GTTATGGTCCACCTCA-1,0,enzalutamide
Data32_GSM5155458_GTTCATTCACAGAGCA-1,0,enzalutamide
Data32_GSM5155458_GTTCATTTCCTACGAA-1,0,enzalutamide
Data32_GSM5155458_GTTCATTTCGAGTACT-1,0,enzalutamide
Data32_GSM5155458_GTTCCGTCATCTAGAC-1,0,enzalutamide
Data32_GSM5155458_GTTCCGTGTCAACCTA-1,0,enzalutamide
Data32_GSM5155458_GTTCCGTGTCGCTCGA-1,0,enzalutamide
Data32_GSM5155458_GTTCCGTGTCTAACGT-1,0,enzalutamide
Data32_GSM5155458_GTTCGCTAGCCTCATA-1,0,enzalutamide
Data32_GSM5155458_GTTCGCTGTAGACGGT-1,0,enzalutamide
Data32_GSM5155458_GTTCGCTTCCCGTTCA-1,0,enzalutamide
Data32_GSM5155458_GTTCTATGTGTAACGG-1,0,enzalutamide
Data32_GSM5155458_GTTCTATTCCGTTGAA-1,0,enzalutamide
Data32_GSM5155458_GTTGAACCATTCCTCG-1,0,enzalutamide
Data32_GSM5155458_GTTGAACTCCACGGAC-1,0,enzalutamide
Data32_GSM5155458_GTTGAACTCCGCGATG-1,0,enzalutamide
Data32_GSM5155458_GTTGAACTCGACATCA-1,0,enzalutamide
Data32_GSM5155458_GTTGCGGAGGGCGAAG-1,0,enzalutamide
Data32_GSM5155458_GTTGCGGTCTGCCTGT-1,0,enzalutamide
Data32_GSM5155458_GTTGCTCAGCCATTTG-1,0,enzalutamide
Data32_GSM5155458_GTTGCTCCACTCATAG-1,0,enzalutamide
Data32_GSM5155458_GTTGCTCGTTACGATC-1,0,enzalutamide
Data32_GSM5155458_GTTGCTCTCCACGAAT-1,0,enzalutamide
Data32_GSM5155458_GTTGCTCTCTTCGGAA-1,0,enzalutamide
Data32_GSM5155458_GTTGTAGTCGCTACAA-1,0,enzalutamide
Data32_GSM5155458_GTTGTAGTCTTGTTAC-1,0,enzalutamide
Data32_GSM5155458_GTTGTCCAGCGCCTTG-1,0,enzalutamide
Data32_GSM5155458_GTTGTCCAGCTGGCTC-1,0,enzalutamide
Data32_GSM5155458_GTTGTCCCAGCCTACG-1,0,enzalutamide
Data32_GSM5155458_GTTGTCCCATAGGTAA-1,0,enzalutamide
Data32_GSM5155458_GTTGTCCGTATTCCGA-1,0,enzalutamide
Data32_GSM5155458_GTTGTGAAGCTCGTGC-1,0,enzalutamide
Data32_GSM5155458_GTTGTGAGTACAGAAT-1,0,enzalutamide
Data32_GSM5155458_GTTGTGAGTGCCCAGT-1,0,enzalutamide
Data32_GSM5155458_GTTTACTAGTAGAGTT-1,0,enzalutamide
Data32_GSM5155458_GTTTACTCAGTTGTTG-1,0,enzalutamide
Data32_GSM5155458_GTTTACTGTTGACGGA-1,0,enzalutamide
Data32_GSM5155458_GTTTGGAAGCTAGCCC-1,0,enzalutamide
Data32_GSM5155458_GTTTGGACACCAGTAT-1,0,enzalutamide
Data32_GSM5155458_GTTTGGAGTTAACAGA-1,0,enzalutamide
Data32_GSM5155458_TAACACGAGACATACA-1,0,enzalutamide
Data32_GSM5155458_TAACACGAGAGGTGCT-1,0,enzalutamide
Data32_GSM5155458_TAACACGCACCCAACG-1,0,enzalutamide
Data32_GSM5155458_TAACACGTCCCAGCGA-1,0,enzalutamide
Data32_GSM5155458_TAACCAGCAGCAGACA-1,0,enzalutamide
Data32_GSM5155458_TAACCAGGTATCCCAA-1,0,enzalutamide
Data32_GSM5155458_TAACGACAGAAACTGT-1,0,enzalutamide
Data32_GSM5155458_TAACGACCACTTGAAC-1,0,enzalutamide
Data32_GSM5155458_TAACGACGTGGACTGA-1,0,enzalutamide
Data32_GSM5155458_TAACGACTCAAAGACA-1,0,enzalutamide
Data32_GSM5155458_TAACGACTCGGAGTAG-1,0,enzalutamide
Data32_GSM5155458_TAACGACTCGTTAGTG-1,0,enzalutamide
Data32_GSM5155458_TAACTTCAGCTTTGTG-1,0,enzalutamide
Data32_GSM5155458_TAACTTCCACAAACGG-1,0,enzalutamide
Data32_GSM5155458_TAACTTCGTCCAACGC-1,0,enzalutamide
Data32_GSM5155458_TAACTTCGTTGGAGAC-1,0,enzalutamide
Data32_GSM5155458_TAACTTCTCGTCCTCA-1,0,enzalutamide
Data32_GSM5155458_TAAGCACCAGAGCTAG-1,0,enzalutamide
Data32_GSM5155458_TAAGCACGTGGTGATG-1,0,enzalutamide
Data32_GSM5155458_TAAGCCACACCAGGTC-1,0,enzalutamide
Data32_GSM5155458_TAAGCCAGTGATAGTA-1,0,enzalutamide
Data32_GSM5155458_TAAGCCAGTGCGGTAA-1,0,enzalutamide
Data32_GSM5155458_TAAGCCAGTTACCCAA-1,0,enzalutamide
Data32_GSM5155458_TAAGCGTCAAGTTCCA-1,0,enzalutamide
Data32_GSM5155458_TAAGCGTCAGTCACGC-1,0,enzalutamide
Data32_GSM5155458_TAAGTCGAGGTATAGT-1,0,enzalutamide
Data32_GSM5155458_TAAGTCGCATGTAACC-1,0,enzalutamide
Data32_GSM5155458_TAAGTCGTCTGTTCAT-1,0,enzalutamide
Data32_GSM5155458_TAAGTCGTCTTTACAC-1,0,enzalutamide
Data32_GSM5155458_TAATCTCAGCATTGAA-1,0,enzalutamide
Data32_GSM5155458_TAATCTCAGCCGTTAT-1,0,enzalutamide
Data32_GSM5155458_TAATCTCTCCGCAGTG-1,0,enzalutamide
Data32_GSM5155458_TAATTCCCAATATCCG-1,0,enzalutamide
Data32_GSM5155458_TAATTCCCAGAGGTAC-1,0,enzalutamide
Data32_GSM5155458_TAATTCCGTGCGCTCA-1,0,enzalutamide
Data32_GSM5155458_TAATTCCTCGCTCTCA-1,0,enzalutamide
Data32_GSM5155458_TAATTCCTCTACGCGG-1,0,enzalutamide
Data32_GSM5155458_TAATTCCTCTACTGAG-1,0,enzalutamide
Data32_GSM5155458_TAATTCCTCTAGAGCT-1,0,enzalutamide
Data32_GSM5155458_TACAACGCACGGGCTT-1,0,enzalutamide
Data32_GSM5155458_TACAACGGTTGGTGTT-1,0,enzalutamide
Data32_GSM5155458_TACACCCAGACCATTC-1,0,enzalutamide
Data32_GSM5155458_TACACCCAGTAGAATC-1,0,enzalutamide
Data32_GSM5155458_TACACCCCACTAGGTT-1,0,enzalutamide
Data32_GSM5155458_TACACCCCAGGAGGTT-1,0,enzalutamide
Data32_GSM5155458_TACACCCCAGTTCTAG-1,0,enzalutamide
Data32_GSM5155458_TACACCCTCACAAGGG-1,0,enzalutamide
Data32_GSM5155458_TACACCCTCGATGCTA-1,0,enzalutamide
Data32_GSM5155458_TACACCCTCTGTCCGT-1,0,enzalutamide
Data32_GSM5155458_TACAGGTAGGGCTTCC-1,0,enzalutamide
Data32_GSM5155458_TACAGGTCAAAGCGTG-1,0,enzalutamide
Data32_GSM5155458_TACAGGTGTCCAGAAG-1,0,enzalutamide
Data32_GSM5155458_TACAGGTGTCGGCACT-1,0,enzalutamide
Data32_GSM5155458_TACAGGTGTGCAACAG-1,0,enzalutamide
Data32_GSM5155458_TACAGGTGTTACGGAG-1,0,enzalutamide
Data32_GSM5155458_TACAGGTGTTTCGATG-1,0,enzalutamide
Data32_GSM5155458_TACAGGTTCCTCAGGG-1,0,enzalutamide
Data32_GSM5155458_TACAGGTTCTAGCCAA-1,0,enzalutamide
Data32_GSM5155458_TACATTCAGGTTACAA-1,0,enzalutamide
Data32_GSM5155458_TACATTCCATGCGGTC-1,0,enzalutamide
Data32_GSM5155458_TACATTCGTGTTCCTC-1,0,enzalutamide
Data32_GSM5155458_TACATTCTCCGGTTCT-1,0,enzalutamide
Data32_GSM5155458_TACCCACAGAAGCGCT-1,0,enzalutamide
Data32_GSM5155458_TACCCACAGAGGTCAC-1,0,enzalutamide
Data32_GSM5155458_TACCCACAGATAGTCA-1,0,enzalutamide
Data32_GSM5155458_TACCCACAGCTGACAG-1,0,enzalutamide
Data32_GSM5155458_TACCCACAGGAGAATG-1,0,enzalutamide
Data32_GSM5155458_TACCCACAGTCTTCCC-1,0,enzalutamide
Data32_GSM5155458_TACCCACCACACGGTC-1,0,enzalutamide
Data32_GSM5155458_TACCCACGTGTGTCCG-1,0,enzalutamide
Data32_GSM5155458_TACCCACGTTGTTGCA-1,0,enzalutamide
Data32_GSM5155458_TACCCGTAGCTAGAGC-1,0,enzalutamide
Data32_GSM5155458_TACCCGTGTAGGGTAC-1,0,enzalutamide
Data32_GSM5155458_TACCCGTGTCTGTCAA-1,0,enzalutamide
Data32_GSM5155458_TACCCGTGTGAAGCGT-1,0,enzalutamide
Data32_GSM5155458_TACCCGTTCTTCTCAA-1,0,enzalutamide
Data32_GSM5155458_TACCGAAAGCACTGGA-1,0,enzalutamide
Data32_GSM5155458_TACCGAAAGTCATGAA-1,0,enzalutamide
Data32_GSM5155458_TACCGAACACAGCTTA-1,0,enzalutamide
Data32_GSM5155458_TACCGAAGTTCTGAGT-1,0,enzalutamide
Data32_GSM5155458_TACCGAATCCCTCTTT-1,0,enzalutamide
Data32_GSM5155458_TACCGAATCTATTCGT-1,0,enzalutamide
Data32_GSM5155458_TACCGGGCAGTGCGCT-1,0,enzalutamide
Data32_GSM5155458_TACCGGGGTCGTTATG-1,0,enzalutamide
Data32_GSM5155458_TACCGGGGTCTGGTTA-1,0,enzalutamide
Data32_GSM5155458_TACCGGGTCCTCTGCA-1,0,enzalutamide
Data32_GSM5155458_TACCGGGTCCTTCACG-1,0,enzalutamide
Data32_GSM5155458_TACCTCGCAGCAGGAT-1,0,enzalutamide
Data32_GSM5155458_TACCTCGCATAGACTC-1,0,enzalutamide
Data32_GSM5155458_TACCTGCAGGGATCGT-1,0,enzalutamide
Data32_GSM5155458_TACCTGCAGTCTGCAT-1,0,enzalutamide
Data32_GSM5155458_TACCTGCGTCTCTCTG-1,0,enzalutamide
Data32_GSM5155458_TACCTGCGTGAGTTTC-1,0,enzalutamide
Data32_GSM5155458_TACCTGCTCATCAGTG-1,0,enzalutamide
Data32_GSM5155458_TACGCTCAGACCGCCT-1,0,enzalutamide
Data32_GSM5155458_TACGCTCCAATTGTGC-1,0,enzalutamide
Data32_GSM5155458_TACGCTCGTCCTACAA-1,0,enzalutamide
Data32_GSM5155458_TACGGGCAGATTGATG-1,0,enzalutamide
Data32_GSM5155458_TACGGGCAGTGAGTGC-1,0,enzalutamide
Data32_GSM5155458_TACGGGCCAAGCCTGC-1,0,enzalutamide
Data32_GSM5155458_TACGGGCCAGACACAG-1,0,enzalutamide
Data32_GSM5155458_TACGGGCCATTGACCA-1,0,enzalutamide
Data32_GSM5155458_TACGGGCGTTCTAACG-1,0,enzalutamide
Data32_GSM5155458_TACGGGCTCATTACTC-1,0,enzalutamide
Data32_GSM5155458_TACGGTAAGCCATCCG-1,0,enzalutamide
Data32_GSM5155458_TACGGTAAGTAACCTC-1,0,enzalutamide
Data32_GSM5155458_TACGGTAGTAGTCGGA-1,0,enzalutamide
Data32_GSM5155458_TACGTCCAGCCAAGGT-1,0,enzalutamide
Data32_GSM5155458_TACGTCCGTCCTTAAG-1,0,enzalutamide
Data32_GSM5155458_TACGTCCTCAAATAGG-1,0,enzalutamide
Data32_GSM5155458_TACGTCCTCACTTCTA-1,0,enzalutamide
Data32_GSM5155458_TACGTCCTCAGACATC-1,0,enzalutamide
Data32_GSM5155458_TACTGCCCAACAAGTA-1,0,enzalutamide
Data32_GSM5155458_TACTGCCGTGGATCGA-1,0,enzalutamide
Data32_GSM5155458_TACTTACAGTAGGATT-1,0,enzalutamide
Data32_GSM5155458_TACTTACCACATAGCT-1,0,enzalutamide
Data32_GSM5155458_TACTTCAGTTGCTCAA-1,0,enzalutamide
Data32_GSM5155458_TACTTCATCAGGACGA-1,0,enzalutamide
Data32_GSM5155458_TACTTCATCAGTGCGC-1,0,enzalutamide
Data32_GSM5155458_TACTTCATCCCTAGGG-1,0,enzalutamide
Data32_GSM5155458_TACTTCATCGCCAACG-1,0,enzalutamide
Data32_GSM5155458_TACTTCATCGGAGTAG-1,0,enzalutamide
Data32_GSM5155458_TACTTCATCTGCGGGT-1,0,enzalutamide
Data32_GSM5155458_TACTTCATCTGGCCTT-1,0,enzalutamide
Data32_GSM5155458_TACTTGTGTAATCAAG-1,0,enzalutamide
Data32_GSM5155458_TAGACCATCCCTCAAC-1,0,enzalutamide
Data32_GSM5155458_TAGACCATCTTTCCAA-1,0,enzalutamide
Data32_GSM5155458_TAGACTGAGCAGGGAG-1,0,enzalutamide
Data32_GSM5155458_TAGACTGTCAGACAAA-1,0,enzalutamide
Data32_GSM5155458_TAGAGTCGTTGCCAAT-1,0,enzalutamide
Data32_GSM5155458_TAGAGTCTCGCAGTTA-1,0,enzalutamide
Data32_GSM5155458_TAGAGTCTCGCTGCGA-1,0,enzalutamide
Data32_GSM5155458_TAGAGTCTCGTCAACA-1,0,enzalutamide
Data32_GSM5155458_TAGATCGAGACCAAGC-1,0,enzalutamide
Data32_GSM5155458_TAGATCGCAAGGCAAC-1,0,enzalutamide
Data32_GSM5155458_TAGATCGCAATACGAA-1,0,enzalutamide
Data32_GSM5155458_TAGATCGGTCGCCACA-1,0,enzalutamide
Data32_GSM5155458_TAGATCGTCGAAGGAC-1,0,enzalutamide
Data32_GSM5155458_TAGATCGTCGTCAGAT-1,0,enzalutamide
Data32_GSM5155458_TAGCACAAGGGCTTCC-1,0,enzalutamide
Data32_GSM5155458_TAGCACAGTCCCTCAT-1,0,enzalutamide
Data32_GSM5155458_TAGCACAGTTCGCGTG-1,0,enzalutamide
Data32_GSM5155458_TAGGAGGCATCCTATT-1,0,enzalutamide
Data32_GSM5155458_TAGGAGGGTGCATTTG-1,0,enzalutamide
Data32_GSM5155458_TAGGAGGTCGGACTGC-1,0,enzalutamide
Data32_GSM5155458_TAGGAGGTCTTCTAAC-1,0,enzalutamide
Data32_GSM5155458_TAGGGTTTCGCTCCTA-1,0,enzalutamide
Data32_GSM5155458_TAGGTACCAGATCCTA-1,0,enzalutamide
Data32_GSM5155458_TAGGTACGTAGTCACT-1,0,enzalutamide
Data32_GSM5155458_TAGGTACGTCATAGTC-1,0,enzalutamide
Data32_GSM5155458_TAGGTACTCGTGCGAC-1,0,enzalutamide
Data32_GSM5155458_TAGGTTGAGAGCATAT-1,0,enzalutamide
Data32_GSM5155458_TAGGTTGAGAGTCTGG-1,0,enzalutamide
Data32_GSM5155458_TAGGTTGAGGGTATAT-1,0,enzalutamide
Data32_GSM5155458_TAGGTTGCATCATTTC-1,0,enzalutamide
Data32_GSM5155458_TAGGTTGGTGTTGACT-1,0,enzalutamide
Data32_GSM5155458_TAGGTTGGTTCCCAAA-1,0,enzalutamide
Data32_GSM5155458_TAGTGCAAGCACTCAT-1,0,enzalutamide
Data32_GSM5155458_TAGTGCAAGTGAACAT-1,0,enzalutamide
Data32_GSM5155458_TAGTGCAGTCTAACTG-1,0,enzalutamide
Data32_GSM5155458_TATACCTAGCACCAGA-1,0,enzalutamide
Data32_GSM5155458_TATACCTCAAGTGGTG-1,0,enzalutamide
Data32_GSM5155458_TATACCTGTCGAGCTC-1,0,enzalutamide
Data32_GSM5155458_TATACCTGTCTTGAGT-1,0,enzalutamide
Data32_GSM5155458_TATACCTTCAGACATC-1,0,enzalutamide
Data32_GSM5155458_TATACCTTCGGATAAA-1,0,enzalutamide
Data32_GSM5155458_TATATCCAGCACACCC-1,0,enzalutamide
Data32_GSM5155458_TATATCCAGCAGATAT-1,0,enzalutamide
Data32_GSM5155458_TATATCCCAGACCAGA-1,0,enzalutamide
Data32_GSM5155458_TATATCCCATCTCCCA-1,0,enzalutamide
Data32_GSM5155458_TATATCCGTATATGGA-1,0,enzalutamide
Data32_GSM5155458_TATATCCTCCGAGCTG-1,0,enzalutamide
Data32_GSM5155458_TATATCCTCGGATTAC-1,0,enzalutamide
Data32_GSM5155458_TATCAGGGTGGACTGA-1,0,enzalutamide
Data32_GSM5155458_TATCCTAAGCAACTTC-1,0,enzalutamide
Data32_GSM5155458_TATCCTAAGGTCTGGA-1,0,enzalutamide
Data32_GSM5155458_TATCCTACAGGTGTGA-1,0,enzalutamide
Data32_GSM5155458_TATCCTACATCAGCGC-1,0,enzalutamide
Data32_GSM5155458_TATCCTAGTGGTCCCA-1,0,enzalutamide
Data32_GSM5155458_TATCCTAGTGTCGCTG-1,0,enzalutamide
Data32_GSM5155458_TATCCTATCCCTGGTT-1,0,enzalutamide
Data32_GSM5155458_TATCGCCAGAGAATCT-1,0,enzalutamide
Data32_GSM5155458_TATCGCCAGATACGAT-1,0,enzalutamide
Data32_GSM5155458_TATCGCCAGCGTTAGG-1,0,enzalutamide
Data32_GSM5155458_TATCGCCAGGAGACCT-1,0,enzalutamide
Data32_GSM5155458_TATCGCCAGGTGAGAA-1,0,enzalutamide
Data32_GSM5155458_TATCGCCAGTACAACA-1,0,enzalutamide
Data32_GSM5155458_TATCGCCCACGGTCTG-1,0,enzalutamide
Data32_GSM5155458_TATCGCCCATAACTCG-1,0,enzalutamide
Data32_GSM5155458_TATCGCCGTACCTAAC-1,0,enzalutamide
Data32_GSM5155458_TATCGCCGTATTCCGA-1,0,enzalutamide
Data32_GSM5155458_TATCGCCTCACCACAA-1,0,enzalutamide
Data32_GSM5155458_TATCTGTAGTGGTTAA-1,0,enzalutamide
Data32_GSM5155458_TATCTGTGTACCTTCC-1,0,enzalutamide
Data32_GSM5155458_TATCTTGCAAGCACAG-1,0,enzalutamide
Data32_GSM5155458_TATCTTGCAATCTAGC-1,0,enzalutamide
Data32_GSM5155458_TATGTTCAGGATTTAG-1,0,enzalutamide
Data32_GSM5155458_TATTCCAGTAGCGCTC-1,0,enzalutamide
Data32_GSM5155458_TATTCCATCAAGAATG-1,0,enzalutamide
Data32_GSM5155458_TATTGCTAGCACGTCC-1,0,enzalutamide
Data32_GSM5155458_TATTGCTAGCCTATCA-1,0,enzalutamide
Data32_GSM5155458_TATTGCTAGTTGCCTA-1,0,enzalutamide
Data32_GSM5155458_TATTGCTTCAGAGCAG-1,0,enzalutamide
Data32_GSM5155458_TATTGGGAGAGGCCAT-1,0,enzalutamide
Data32_GSM5155458_TATTGGGCATAGATGA-1,0,enzalutamide
Data32_GSM5155458_TATTGGGTCGTTCTCG-1,0,enzalutamide
Data32_GSM5155458_TATTTCGCAGCGTTTA-1,0,enzalutamide
Data32_GSM5155458_TCAAGACCAAGTGATA-1,0,enzalutamide
Data32_GSM5155458_TCAAGACCAGGTCCGT-1,0,enzalutamide
Data32_GSM5155458_TCAAGACGTAACATGA-1,0,enzalutamide
Data32_GSM5155458_TCAAGACTCCTCACGT-1,0,enzalutamide
Data32_GSM5155458_TCAAGACTCGATGCTA-1,0,enzalutamide
Data32_GSM5155458_TCAAGCACACCAAATC-1,0,enzalutamide
Data32_GSM5155458_TCAAGCACAGTTCACA-1,0,enzalutamide
Data32_GSM5155458_TCAAGCAGTTGGTGTT-1,0,enzalutamide
Data32_GSM5155458_TCAAGTGAGCTTTGTG-1,0,enzalutamide
Data32_GSM5155458_TCAAGTGAGGACATCG-1,0,enzalutamide
Data32_GSM5155458_TCAAGTGAGTACAGAT-1,0,enzalutamide
Data32_GSM5155458_TCAAGTGCAAGTGTCT-1,0,enzalutamide
Data32_GSM5155458_TCAATCTAGAATCTAG-1,0,enzalutamide
Data32_GSM5155458_TCAATCTAGCCTTTGA-1,0,enzalutamide
Data32_GSM5155458_TCAATCTCAAGACGGT-1,0,enzalutamide
Data32_GSM5155458_TCAATCTCAGTAACCT-1,0,enzalutamide
Data32_GSM5155458_TCAATCTCATGCCGAC-1,0,enzalutamide
Data32_GSM5155458_TCAATCTTCATCGCTC-1,0,enzalutamide
Data32_GSM5155458_TCAATCTTCCATTCAT-1,0,enzalutamide
Data32_GSM5155458_TCAATTCAGCAGTAAT-1,0,enzalutamide
Data32_GSM5155458_TCAATTCAGGAAAGTG-1,0,enzalutamide
Data32_GSM5155458_TCAATTCCAAGAGAGA-1,0,enzalutamide
Data32_GSM5155458_TCAATTCTCATGACAC-1,0,enzalutamide
Data32_GSM5155458_TCAATTCTCGAACCAT-1,0,enzalutamide
Data32_GSM5155458_TCACACCAGTGGACTG-1,0,enzalutamide
Data32_GSM5155458_TCACACCCAGCGTTTA-1,0,enzalutamide
Data32_GSM5155458_TCACACCTCTCCTGAC-1,0,enzalutamide
Data32_GSM5155458_TCACACCTCTCGTGAA-1,0,enzalutamide
Data32_GSM5155458_TCACATTGTCCACAGC-1,0,enzalutamide
Data32_GSM5155458_TCACATTGTCTTGTCC-1,0,enzalutamide
Data32_GSM5155458_TCACATTGTGGCCTCA-1,0,enzalutamide
Data32_GSM5155458_TCACATTGTTCTTGTT-1,0,enzalutamide
Data32_GSM5155458_TCACATTTCAGCTCTC-1,0,enzalutamide
Data32_GSM5155458_TCACATTTCGCGTAGC-1,0,enzalutamide
Data32_GSM5155458_TCACGCTCAGTGGTGA-1,0,enzalutamide
Data32_GSM5155458_TCACGCTTCCCGAAAT-1,0,enzalutamide
Data32_GSM5155458_TCACGGGAGGAGGCAG-1,0,enzalutamide
Data32_GSM5155458_TCACGGGCAGATTTCG-1,0,enzalutamide
Data32_GSM5155458_TCACTATCAACCTATG-1,0,enzalutamide
Data32_GSM5155458_TCACTATTCATCTATC-1,0,enzalutamide
Data32_GSM5155458_TCACTCGCAACGGCCT-1,0,enzalutamide
Data32_GSM5155458_TCACTCGCACCAAAGG-1,0,enzalutamide
Data32_GSM5155458_TCACTCGGTGTGGTCC-1,0,enzalutamide
Data32_GSM5155458_TCAGCAATCCGCATAA-1,0,enzalutamide
Data32_GSM5155458_TCAGCAATCCGGTAGC-1,0,enzalutamide
Data32_GSM5155458_TCAGCCTAGGATAATC-1,0,enzalutamide
Data32_GSM5155458_TCAGCCTCAGCGCTTG-1,0,enzalutamide
Data32_GSM5155458_TCAGCCTCATCAGCTA-1,0,enzalutamide
Data32_GSM5155458_TCAGCCTGTCACGCTG-1,0,enzalutamide
Data32_GSM5155458_TCAGCCTTCCAATGCA-1,0,enzalutamide
Data32_GSM5155458_TCAGGGCAGACACACG-1,0,enzalutamide
Data32_GSM5155458_TCAGGGCCACAGCGCT-1,0,enzalutamide
Data32_GSM5155458_TCAGGGCCATGACACT-1,0,enzalutamide
Data32_GSM5155458_TCAGGGCGTAGCGCTC-1,0,enzalutamide
Data32_GSM5155458_TCAGGTAAGCAGGGAG-1,0,enzalutamide
Data32_GSM5155458_TCAGGTACAATTAGGA-1,0,enzalutamide
Data32_GSM5155458_TCAGGTAGTGCTTATG-1,0,enzalutamide
Data32_GSM5155458_TCAGGTAGTTGTTGCA-1,0,enzalutamide
Data32_GSM5155458_TCAGGTATCTAGAACC-1,0,enzalutamide
Data32_GSM5155458_TCAGGTATCTTCCGTG-1,0,enzalutamide
Data32_GSM5155458_TCAGTCCCAGACCATT-1,0,enzalutamide
Data32_GSM5155458_TCAGTCCGTCATAAAG-1,0,enzalutamide
Data32_GSM5155458_TCAGTCCTCCTGCTAC-1,0,enzalutamide
Data32_GSM5155458_TCAGTGAAGTTCCATG-1,0,enzalutamide
Data32_GSM5155458_TCAGTGACAAACGGCA-1,0,enzalutamide
Data32_GSM5155458_TCAGTGATCGACACCG-1,0,enzalutamide
Data32_GSM5155458_TCAGTGATCTTCGACC-1,0,enzalutamide
Data32_GSM5155458_TCAGTTTGTGATTAGA-1,0,enzalutamide
Data32_GSM5155458_TCAGTTTTCATGCCCT-1,0,enzalutamide
Data32_GSM5155458_TCATACTAGAATCGAT-1,0,enzalutamide
Data32_GSM5155458_TCATACTCAAGGAGTC-1,0,enzalutamide
Data32_GSM5155458_TCATACTCACTCACTC-1,0,enzalutamide
Data32_GSM5155458_TCATACTCAGAGTCAG-1,0,enzalutamide
Data32_GSM5155458_TCATATCAGCCTCAAT-1,0,enzalutamide
Data32_GSM5155458_TCATATCCACACCAGC-1,0,enzalutamide
Data32_GSM5155458_TCATATCCACTATCCC-1,0,enzalutamide
Data32_GSM5155458_TCATATCCATGAAAGT-1,0,enzalutamide
Data32_GSM5155458_TCATCATAGCAGATAT-1,0,enzalutamide
Data32_GSM5155458_TCATCATAGGCTTAGG-1,0,enzalutamide
Data32_GSM5155458_TCATCATCAGTGAGCA-1,0,enzalutamide
Data32_GSM5155458_TCATCATTCCTATTTG-1,0,enzalutamide
Data32_GSM5155458_TCATCCGAGTGGCCTC-1,0,enzalutamide
Data32_GSM5155458_TCATCCGCACAACGCC-1,0,enzalutamide
Data32_GSM5155458_TCATCCGCACTCGATA-1,0,enzalutamide
Data32_GSM5155458_TCATCCGTCTACCAGA-1,0,enzalutamide
Data32_GSM5155458_TCATCCGTCTGGGTCG-1,0,enzalutamide
Data32_GSM5155458_TCATCCGTCTTTCGAT-1,0,enzalutamide
Data32_GSM5155458_TCATGAGAGCATCGAG-1,0,enzalutamide
Data32_GSM5155458_TCATGAGCAAATCAGA-1,0,enzalutamide
Data32_GSM5155458_TCATGAGTCAACCCGG-1,0,enzalutamide
Data32_GSM5155458_TCATGCCAGGCAGGGA-1,0,enzalutamide
Data32_GSM5155458_TCATGCCAGGCCCACT-1,0,enzalutamide
Data32_GSM5155458_TCATGCCAGGTAGTAT-1,0,enzalutamide
Data32_GSM5155458_TCATGCCAGGTTCACT-1,0,enzalutamide
Data32_GSM5155458_TCATGCCCACCCTGTT-1,0,enzalutamide
Data32_GSM5155458_TCATGCCGTAGCTGCC-1,0,enzalutamide
Data32_GSM5155458_TCATGCCGTCCAGGTC-1,0,enzalutamide
Data32_GSM5155458_TCATGGACAAAGTATG-1,0,enzalutamide
Data32_GSM5155458_TCATGGATCAAGCCCG-1,0,enzalutamide
Data32_GSM5155458_TCATGTTAGAATAACC-1,0,enzalutamide
Data32_GSM5155458_TCATGTTAGGGTTAGC-1,0,enzalutamide
Data32_GSM5155458_TCATGTTGTGTACATC-1,0,enzalutamide
Data32_GSM5155458_TCATTACAGAACTCCT-1,0,enzalutamide
Data32_GSM5155458_TCATTACAGCGCCTTG-1,0,enzalutamide
Data32_GSM5155458_TCATTACAGTGCACAG-1,0,enzalutamide
Data32_GSM5155458_TCATTACCACTTTATC-1,0,enzalutamide
Data32_GSM5155458_TCATTACCAGCACCCA-1,0,enzalutamide
Data32_GSM5155458_TCATTACGTGATATAG-1,0,enzalutamide
Data32_GSM5155458_TCATTCAAGGGACCAT-1,0,enzalutamide
Data32_GSM5155458_TCATTCAAGTTTCGGT-1,0,enzalutamide
Data32_GSM5155458_TCATTCAGTTCGGTTA-1,0,enzalutamide
Data32_GSM5155458_TCATTCATCTCCCAAC-1,0,enzalutamide
Data32_GSM5155458_TCATTGTAGGCATCTT-1,0,enzalutamide
Data32_GSM5155458_TCATTGTCAATAACGA-1,0,enzalutamide
Data32_GSM5155458_TCATTGTGTCACTACA-1,0,enzalutamide
Data32_GSM5155458_TCATTGTTCCAATCCC-1,0,enzalutamide
Data32_GSM5155458_TCATTTGGTTCTGACA-1,0,enzalutamide
Data32_GSM5155458_TCATTTGTCGATTGGT-1,0,enzalutamide
Data32_GSM5155458_TCCACCACAGCGACAA-1,0,enzalutamide
Data32_GSM5155458_TCCACCAGTGATCATC-1,0,enzalutamide
Data32_GSM5155458_TCCACCAGTTGTGCAT-1,0,enzalutamide
Data32_GSM5155458_TCCACCATCTAGATCG-1,0,enzalutamide
Data32_GSM5155458_TCCACGTGTCAAGTTC-1,0,enzalutamide
Data32_GSM5155458_TCCACGTTCGACGCTG-1,0,enzalutamide
Data32_GSM5155458_TCCATCGAGTTGAATG-1,0,enzalutamide
Data32_GSM5155458_TCCATCGTCAGCGCAC-1,0,enzalutamide
Data32_GSM5155458_TCCATCGTCGGCATTA-1,0,enzalutamide
Data32_GSM5155458_TCCATGCCACCAGTTA-1,0,enzalutamide
Data32_GSM5155458_TCCATGCCACCCAATA-1,0,enzalutamide
Data32_GSM5155458_TCCATGCTCAGGTGTT-1,0,enzalutamide
Data32_GSM5155458_TCCCACACAACTCCCT-1,0,enzalutamide
Data32_GSM5155458_TCCCACATCATTGAGC-1,0,enzalutamide
Data32_GSM5155458_TCCCAGTAGCACTGGA-1,0,enzalutamide
Data32_GSM5155458_TCCCAGTAGGCTCAAG-1,0,enzalutamide
Data32_GSM5155458_TCCCAGTGTTACACAC-1,0,enzalutamide
Data32_GSM5155458_TCCCAGTTCAAGCCTA-1,0,enzalutamide
Data32_GSM5155458_TCCCAGTTCAGCGTCG-1,0,enzalutamide
Data32_GSM5155458_TCCCATGAGCACTCAT-1,0,enzalutamide
Data32_GSM5155458_TCCCATGCAAGTTTGC-1,0,enzalutamide
Data32_GSM5155458_TCCCATGGTGGCTAGA-1,0,enzalutamide
Data32_GSM5155458_TCCGAAAAGCCTCGTG-1,0,enzalutamide
Data32_GSM5155458_TCCGAAACAACTACGT-1,0,enzalutamide
Data32_GSM5155458_TCCGAAACAGAGGAAA-1,0,enzalutamide
Data32_GSM5155458_TCCGAAAGTTAGGGAC-1,0,enzalutamide
Data32_GSM5155458_TCCGAAATCCATAGAC-1,0,enzalutamide
Data32_GSM5155458_TCCGAAATCCTAGAGT-1,0,enzalutamide
Data32_GSM5155458_TCCGAAATCGACTCCT-1,0,enzalutamide
Data32_GSM5155458_TCCGATCAGACCGCCT-1,0,enzalutamide
Data32_GSM5155458_TCCGATCGTGGTCCGT-1,0,enzalutamide
Data32_GSM5155458_TCCGATCTCACAAGAA-1,0,enzalutamide
Data32_GSM5155458_TCCGGGAGTCATGACT-1,0,enzalutamide
Data32_GSM5155458_TCCGGGATCATGCCCT-1,0,enzalutamide
Data32_GSM5155458_TCCGTGTCATGACACT-1,0,enzalutamide
Data32_GSM5155458_TCCGTGTGTAGATCGG-1,0,enzalutamide
Data32_GSM5155458_TCCGTGTGTTCCGGTG-1,0,enzalutamide
Data32_GSM5155458_TCCGTGTTCCCTTGTG-1,0,enzalutamide
Data32_GSM5155458_TCCGTGTTCGAACTCA-1,0,enzalutamide
Data32_GSM5155458_TCCGTGTTCGGTAGAG-1,0,enzalutamide
Data32_GSM5155458_TCCGTGTTCTTAGCTT-1,0,enzalutamide
Data32_GSM5155458_TCCTAATAGACCAGCA-1,0,enzalutamide
Data32_GSM5155458_TCCTAATCAATGTTGC-1,0,enzalutamide
Data32_GSM5155458_TCCTAATCATGAATAG-1,0,enzalutamide
Data32_GSM5155458_TCCTAATGTAATGCGG-1,0,enzalutamide
Data32_GSM5155458_TCCTAATGTGTGAATA-1,0,enzalutamide
Data32_GSM5155458_TCCTCCCAGCTCTGTA-1,0,enzalutamide
Data32_GSM5155458_TCCTCCCAGGAGGCAG-1,0,enzalutamide
Data32_GSM5155458_TCCTCCCCAAGGCCTC-1,0,enzalutamide
Data32_GSM5155458_TCCTCCCTCACTTGGA-1,0,enzalutamide
Data32_GSM5155458_TCCTCCCTCTGGCCTT-1,0,enzalutamide
Data32_GSM5155458_TCCTCGAAGAAGCGAA-1,0,enzalutamide
Data32_GSM5155458_TCCTCGAAGCTGGCTC-1,0,enzalutamide
Data32_GSM5155458_TCCTCGACAAATCGTC-1,0,enzalutamide
Data32_GSM5155458_TCCTCGACAGTTGCGC-1,0,enzalutamide
Data32_GSM5155458_TCCTCTTAGAATCGCG-1,0,enzalutamide
Data32_GSM5155458_TCCTCTTCAAGCGAGT-1,0,enzalutamide
Data32_GSM5155458_TCCTCTTCACGCCACA-1,0,enzalutamide
Data32_GSM5155458_TCCTCTTCACTGTCCT-1,0,enzalutamide
Data32_GSM5155458_TCCTCTTGTCACGCTG-1,0,enzalutamide
Data32_GSM5155458_TCCTGCAAGACCATGG-1,0,enzalutamide
Data32_GSM5155458_TCCTGCAAGCACTCGC-1,0,enzalutamide
Data32_GSM5155458_TCCTGCAAGGACGCTA-1,0,enzalutamide
Data32_GSM5155458_TCCTGCAAGTGGATAT-1,0,enzalutamide
Data32_GSM5155458_TCCTGCAAGTGGTTCT-1,0,enzalutamide
Data32_GSM5155458_TCCTGCACATTGTAGC-1,0,enzalutamide
Data32_GSM5155458_TCCTGCAGTAGTGCGA-1,0,enzalutamide
Data32_GSM5155458_TCCTGCAGTCACAGAG-1,0,enzalutamide
Data32_GSM5155458_TCCTGCATCTGTACAG-1,0,enzalutamide
Data32_GSM5155458_TCCTTCTGTGTCTCCT-1,0,enzalutamide
Data32_GSM5155458_TCCTTCTTCGAAGAAT-1,0,enzalutamide
Data32_GSM5155458_TCCTTTCAGCTCTGTA-1,0,enzalutamide
Data32_GSM5155458_TCCTTTCCAACGTTAC-1,0,enzalutamide
Data32_GSM5155458_TCCTTTCGTCCTCATC-1,0,enzalutamide
Data32_GSM5155458_TCCTTTCTCCTATTTG-1,0,enzalutamide
Data32_GSM5155458_TCGAACAAGGCCCACT-1,0,enzalutamide
Data32_GSM5155458_TCGAACAAGTTCTCTT-1,0,enzalutamide
Data32_GSM5155458_TCGAACACACTATCGA-1,0,enzalutamide
Data32_GSM5155458_TCGAACAGTCGTATTG-1,0,enzalutamide
Data32_GSM5155458_TCGAACAGTCTGTAGT-1,0,enzalutamide
Data32_GSM5155458_TCGAACATCTCTTGCG-1,0,enzalutamide
Data32_GSM5155458_TCGAAGTAGTCTGTAC-1,0,enzalutamide
Data32_GSM5155458_TCGAAGTGTCCGGTGT-1,0,enzalutamide
Data32_GSM5155458_TCGAAGTTCCTCTCGA-1,0,enzalutamide
Data32_GSM5155458_TCGACCTAGACCATTC-1,0,enzalutamide
Data32_GSM5155458_TCGACCTAGTAACCGG-1,0,enzalutamide
Data32_GSM5155458_TCGACCTCACTTGAGT-1,0,enzalutamide
Data32_GSM5155458_TCGACCTCAGCGTTTA-1,0,enzalutamide
Data32_GSM5155458_TCGACCTCATCCCACT-1,0,enzalutamide
Data32_GSM5155458_TCGACCTGTGGCTAGA-1,0,enzalutamide
Data32_GSM5155458_TCGACGGCACCAGGTC-1,0,enzalutamide
Data32_GSM5155458_TCGACGGCATGTGACT-1,0,enzalutamide
Data32_GSM5155458_TCGACGGGTTGCTCCT-1,0,enzalutamide
Data32_GSM5155458_TCGACGGGTTGGGAAC-1,0,enzalutamide
Data32_GSM5155458_TCGACGGTCTGGGCGT-1,0,enzalutamide
Data32_GSM5155458_TCGATTTAGTAACCTC-1,0,enzalutamide
Data32_GSM5155458_TCGATTTAGTTTAGGA-1,0,enzalutamide
Data32_GSM5155458_TCGATTTGTCCTTGTC-1,0,enzalutamide
Data32_GSM5155458_TCGCACTAGTGTTCCA-1,0,enzalutamide
Data32_GSM5155458_TCGCACTGTACAGGTG-1,0,enzalutamide
Data32_GSM5155458_TCGCACTGTGGCTGCT-1,0,enzalutamide
Data32_GSM5155458_TCGCAGGCACGCTATA-1,0,enzalutamide
Data32_GSM5155458_TCGCAGGCATACAGGG-1,0,enzalutamide
Data32_GSM5155458_TCGCAGGTCAGCCTTC-1,0,enzalutamide
Data32_GSM5155458_TCGCAGGTCTTGGGCG-1,0,enzalutamide
Data32_GSM5155458_TCGCTCAAGAGAGGTA-1,0,enzalutamide
Data32_GSM5155458_TCGCTCAAGTCACGAG-1,0,enzalutamide
Data32_GSM5155458_TCGCTCACAAGTTCCA-1,0,enzalutamide
Data32_GSM5155458_TCGCTCACAGCGATTT-1,0,enzalutamide
Data32_GSM5155458_TCGCTCATCTCGCCTA-1,0,enzalutamide
Data32_GSM5155458_TCGCTTGCATGCTGCG-1,0,enzalutamide
Data32_GSM5155458_TCGCTTGGTTCAGCTA-1,0,enzalutamide
Data32_GSM5155458_TCGCTTGGTTCGGGTC-1,0,enzalutamide
Data32_GSM5155458_TCGCTTGTCCGCTAGG-1,0,enzalutamide
Data32_GSM5155458_TCGGATAAGATCCAAA-1,0,enzalutamide
Data32_GSM5155458_TCGGATAGTATGTCTG-1,0,enzalutamide
Data32_GSM5155458_TCGGGACAGTAATTGG-1,0,enzalutamide
Data32_GSM5155458_TCGGGACTCGTGCAGC-1,0,enzalutamide
Data32_GSM5155458_TCGGGCAAGACGCAGT-1,0,enzalutamide
Data32_GSM5155458_TCGGGCAAGCATACTC-1,0,enzalutamide
Data32_GSM5155458_TCGGGCAAGGGCCCTT-1,0,enzalutamide
Data32_GSM5155458_TCGGGCACATGTGGTT-1,0,enzalutamide
Data32_GSM5155458_TCGGGCATCCATTGTT-1,0,enzalutamide
Data32_GSM5155458_TCGGGCATCTACCACC-1,0,enzalutamide
Data32_GSM5155458_TCGGGTGCATACAGGG-1,0,enzalutamide
Data32_GSM5155458_TCGGTCTAGTGCCCGT-1,0,enzalutamide
Data32_GSM5155458_TCGGTCTCAATCTAGC-1,0,enzalutamide
Data32_GSM5155458_TCGGTCTGTAATGATG-1,0,enzalutamide
Data32_GSM5155458_TCGTAGAAGCCGATAG-1,0,enzalutamide
Data32_GSM5155458_TCGTAGACAGCTGAAG-1,0,enzalutamide
Data32_GSM5155458_TCGTAGATCCGTTTCG-1,0,enzalutamide
Data32_GSM5155458_TCGTCCACAGCACAAG-1,0,enzalutamide
Data32_GSM5155458_TCGTCCACAGTCTCTC-1,0,enzalutamide
Data32_GSM5155458_TCGTCCAGTAGGAGTC-1,0,enzalutamide
Data32_GSM5155458_TCGTCCAGTGCTCTTC-1,0,enzalutamide
Data32_GSM5155458_TCGTCCAGTGGTCTGC-1,0,enzalutamide
Data32_GSM5155458_TCGTCCATCTTTGATC-1,0,enzalutamide
Data32_GSM5155458_TCGTGCTAGCGGTATG-1,0,enzalutamide
Data32_GSM5155458_TCGTGCTGTTAAGTCC-1,0,enzalutamide
Data32_GSM5155458_TCGTGCTGTTCGAAGG-1,0,enzalutamide
Data32_GSM5155458_TCGTGGGAGACTACGG-1,0,enzalutamide
Data32_GSM5155458_TCGTGGGCACTAGGCC-1,0,enzalutamide
Data32_GSM5155458_TCGTGGGTCAACGTGT-1,0,enzalutamide
Data32_GSM5155458_TCGTGGGTCCTCATAT-1,0,enzalutamide
Data32_GSM5155458_TCGTGGGTCGTTCTCG-1,0,enzalutamide
Data32_GSM5155458_TCGTGGGTCTCTGGTC-1,0,enzalutamide
Data32_GSM5155458_TCTAACTAGAATCGCG-1,0,enzalutamide
Data32_GSM5155458_TCTAACTCAAACCGGA-1,0,enzalutamide
Data32_GSM5155458_TCTAACTCAAGGCCTC-1,0,enzalutamide
Data32_GSM5155458_TCTAACTGTACCAATC-1,0,enzalutamide
Data32_GSM5155458_TCTAACTGTAGCACGA-1,0,enzalutamide
Data32_GSM5155458_TCTACATCAGTTTGGT-1,0,enzalutamide
Data32_GSM5155458_TCTACATGTCGTGATT-1,0,enzalutamide
Data32_GSM5155458_TCTACCGAGGTGAGAA-1,0,enzalutamide
Data32_GSM5155458_TCTACCGAGGTTCCGC-1,0,enzalutamide
Data32_GSM5155458_TCTACCGGTAGCTCGC-1,0,enzalutamide
Data32_GSM5155458_TCTACCGGTGCAGATG-1,0,enzalutamide
Data32_GSM5155458_TCTACCGGTGTCCATA-1,0,enzalutamide
Data32_GSM5155458_TCTATACCACAGTGTT-1,0,enzalutamide
Data32_GSM5155458_TCTATACGTAGTCGTT-1,0,enzalutamide
Data32_GSM5155458_TCTATACGTCATGACT-1,0,enzalutamide
Data32_GSM5155458_TCTATCAAGACCACGA-1,0,enzalutamide
Data32_GSM5155458_TCTATCAAGGTGAGAA-1,0,enzalutamide
Data32_GSM5155458_TCTATCAAGTCCCGGT-1,0,enzalutamide
Data32_GSM5155458_TCTATCACACAATCTG-1,0,enzalutamide
Data32_GSM5155458_TCTATCATCCTACGAA-1,0,enzalutamide
Data32_GSM5155458_TCTATCATCGACCCAG-1,0,enzalutamide
Data32_GSM5155458_TCTCACGAGAACCGCA-1,0,enzalutamide
Data32_GSM5155458_TCTCACGGTGTCATGT-1,0,enzalutamide
Data32_GSM5155458_TCTCACGTCGCCAATA-1,0,enzalutamide
Data32_GSM5155458_TCTCAGCAGCATACTC-1,0,enzalutamide
Data32_GSM5155458_TCTCAGCCACAGTCAT-1,0,enzalutamide
Data32_GSM5155458_TCTCAGCGTTGGGTAG-1,0,enzalutamide
Data32_GSM5155458_TCTCAGCTCCATTCAT-1,0,enzalutamide
Data32_GSM5155458_TCTCAGCTCTGTGCTC-1,0,enzalutamide
Data32_GSM5155458_TCTCAGCTCTTTGCAT-1,0,enzalutamide
Data32_GSM5155458_TCTCCGAAGCCTCAAT-1,0,enzalutamide
Data32_GSM5155458_TCTCCGACACTCAGAT-1,0,enzalutamide
Data32_GSM5155458_TCTCCGAGTCTGTGAT-1,0,enzalutamide
Data32_GSM5155458_TCTCTGGCAGCGACCT-1,0,enzalutamide
Data32_GSM5155458_TCTCTGGGTTACAGCT-1,0,enzalutamide
Data32_GSM5155458_TCTGCCAAGGACGCTA-1,0,enzalutamide
Data32_GSM5155458_TCTGCCAGTATCGTAC-1,0,enzalutamide
Data32_GSM5155458_TCTGCCATCCGGTAAT-1,0,enzalutamide
Data32_GSM5155458_TCTGGCTAGTTCATGC-1,0,enzalutamide
Data32_GSM5155458_TCTGGCTCACGTGTGC-1,0,enzalutamide
Data32_GSM5155458_TCTGGCTTCGCAGTTA-1,0,enzalutamide
Data32_GSM5155458_TCTGTCGAGTCTTCGA-1,0,enzalutamide
Data32_GSM5155458_TCTGTCGCAACCAGAG-1,0,enzalutamide
Data32_GSM5155458_TCTGTCGGTACCTATG-1,0,enzalutamide
Data32_GSM5155458_TCTGTCGGTAGGATAT-1,0,enzalutamide
Data32_GSM5155458_TCTGTCGGTCCCGTGA-1,0,enzalutamide
Data32_GSM5155458_TCTGTCGTCATTCGTT-1,0,enzalutamide
Data32_GSM5155458_TCTGTCGTCCTTCTAA-1,0,enzalutamide
Data32_GSM5155458_TCTTAGTAGATGATTG-1,0,enzalutamide
Data32_GSM5155458_TCTTAGTCAATACAGA-1,0,enzalutamide
Data32_GSM5155458_TCTTAGTCACCCTCTA-1,0,enzalutamide
Data32_GSM5155458_TCTTAGTGTCGAACAG-1,0,enzalutamide
Data32_GSM5155458_TCTTAGTTCACTACTT-1,0,enzalutamide
Data32_GSM5155458_TCTTAGTTCGCTGCGA-1,0,enzalutamide
Data32_GSM5155458_TCTTCCTGTTCGTAAC-1,0,enzalutamide
Data32_GSM5155458_TCTTGCGAGACTCCGC-1,0,enzalutamide
Data32_GSM5155458_TCTTGCGCAGGGTCTC-1,0,enzalutamide
Data32_GSM5155458_TCTTGCGCATTAAAGG-1,0,enzalutamide
Data32_GSM5155458_TCTTGCGGTTGGTAGG-1,0,enzalutamide
Data32_GSM5155458_TCTTTGAAGTCGGGAT-1,0,enzalutamide
Data32_GSM5155458_TCTTTGACAGCCCAGT-1,0,enzalutamide
Data32_GSM5155458_TCTTTGATCGACGCTG-1,0,enzalutamide
Data32_GSM5155458_TCTTTGATCGAGTACT-1,0,enzalutamide
Data32_GSM5155458_TGAACGTAGCGACTGA-1,0,enzalutamide
Data32_GSM5155458_TGAACGTCATGGAAGC-1,0,enzalutamide
Data32_GSM5155458_TGAACGTGTGGAATGC-1,0,enzalutamide
Data32_GSM5155458_TGAACGTGTGTTGATC-1,0,enzalutamide
Data32_GSM5155458_TGAACGTTCGTTCTCG-1,0,enzalutamide
Data32_GSM5155458_TGAACGTTCTTCCAGC-1,0,enzalutamide
Data32_GSM5155458_TGAATCGAGGCTTAAA-1,0,enzalutamide
Data32_GSM5155458_TGAATCGAGTTGAAAC-1,0,enzalutamide
Data32_GSM5155458_TGAATCGGTCCCTGAG-1,0,enzalutamide
Data32_GSM5155458_TGAATGCAGGCCATAG-1,0,enzalutamide
Data32_GSM5155458_TGAATGCCATCGCCTT-1,0,enzalutamide
Data32_GSM5155458_TGAATGCGTGGGCTTC-1,0,enzalutamide
Data32_GSM5155458_TGAATGCTCAGCCTCT-1,0,enzalutamide
Data32_GSM5155458_TGACAGTAGGTGCTTT-1,0,enzalutamide
Data32_GSM5155458_TGACAGTCACTCAGAT-1,0,enzalutamide
Data32_GSM5155458_TGACAGTGTGTTCCAA-1,0,enzalutamide
Data32_GSM5155458_TGACAGTGTTTGAAAG-1,0,enzalutamide
Data32_GSM5155458_TGACAGTTCTCAGGCG-1,0,enzalutamide
Data32_GSM5155458_TGACCCTAGACGTCGA-1,0,enzalutamide
Data32_GSM5155458_TGACCCTAGAGCTGCA-1,0,enzalutamide
Data32_GSM5155458_TGACCCTAGCATGATA-1,0,enzalutamide
Data32_GSM5155458_TGACCCTAGCTGTTCA-1,0,enzalutamide
Data32_GSM5155458_TGACCCTGTCGCTTGG-1,0,enzalutamide
Data32_GSM5155458_TGACCCTGTTGCTGAT-1,0,enzalutamide
Data32_GSM5155458_TGACGCGAGTTACTCG-1,0,enzalutamide
Data32_GSM5155458_TGACGCGCAATTTCTC-1,0,enzalutamide
Data32_GSM5155458_TGACGCGGTGTTATCG-1,0,enzalutamide
Data32_GSM5155458_TGACGCGTCGCTACGG-1,0,enzalutamide
Data32_GSM5155458_TGACTCCAGGTACAGC-1,0,enzalutamide
Data32_GSM5155458_TGACTCCCAGACCTAT-1,0,enzalutamide
Data32_GSM5155458_TGAGACTAGGCTCACC-1,0,enzalutamide
Data32_GSM5155458_TGAGACTGTTGACGGA-1,0,enzalutamide
Data32_GSM5155458_TGAGACTGTTTCGTGA-1,0,enzalutamide
Data32_GSM5155458_TGAGCATAGAGAGGGC-1,0,enzalutamide
Data32_GSM5155458_TGAGCATCAACGAGGT-1,0,enzalutamide
Data32_GSM5155458_TGAGCATGTTATCTGG-1,0,enzalutamide
Data32_GSM5155458_TGAGCGCAGCTCACTA-1,0,enzalutamide
Data32_GSM5155458_TGAGCGCAGGTGCATG-1,0,enzalutamide
Data32_GSM5155458_TGAGCGCCAAAGTGTA-1,0,enzalutamide
Data32_GSM5155458_TGAGCGCCACTACGGC-1,0,enzalutamide
Data32_GSM5155458_TGAGCGCTCGATGCTA-1,0,enzalutamide
Data32_GSM5155458_TGAGCGCTCTCAACGA-1,0,enzalutamide
Data32_GSM5155458_TGAGCGCTCTTCCGTG-1,0,enzalutamide
Data32_GSM5155458_TGAGGAGAGACCAAAT-1,0,enzalutamide
Data32_GSM5155458_TGAGGAGAGGATGGCT-1,0,enzalutamide
Data32_GSM5155458_TGAGGAGGTATGGGAC-1,0,enzalutamide
Data32_GSM5155458_TGAGGAGGTCATCACA-1,0,enzalutamide
Data32_GSM5155458_TGAGGAGGTCCACTTC-1,0,enzalutamide
Data32_GSM5155458_TGAGGAGTCCATCGTC-1,0,enzalutamide
Data32_GSM5155458_TGAGGAGTCTTCGACC-1,0,enzalutamide
Data32_GSM5155458_TGAGGGAAGCACGTCC-1,0,enzalutamide
Data32_GSM5155458_TGAGGGAAGTGTTCAC-1,0,enzalutamide
Data32_GSM5155458_TGAGGGACAAGGGCAT-1,0,enzalutamide
Data32_GSM5155458_TGAGGGAGTAACTGCT-1,0,enzalutamide
Data32_GSM5155458_TGAGGGATCCAACACA-1,0,enzalutamide
Data32_GSM5155458_TGAGGGATCTTAGCAG-1,0,enzalutamide
Data32_GSM5155458_TGAGGTTAGGTTCATC-1,0,enzalutamide
Data32_GSM5155458_TGAGGTTAGTCGCTAT-1,0,enzalutamide
Data32_GSM5155458_TGAGGTTCATCCGAGC-1,0,enzalutamide
Data32_GSM5155458_TGAGGTTGTCGCATTA-1,0,enzalutamide
Data32_GSM5155458_TGAGGTTTCGCTAGCG-1,0,enzalutamide
Data32_GSM5155458_TGAGTCAAGCGTTACT-1,0,enzalutamide
Data32_GSM5155458_TGAGTCACAGACAAGC-1,0,enzalutamide
Data32_GSM5155458_TGAGTCACAGGCACTC-1,0,enzalutamide
Data32_GSM5155458_TGAGTCAGTATCTCTT-1,0,enzalutamide
Data32_GSM5155458_TGAGTCAGTGTTTCTT-1,0,enzalutamide
Data32_GSM5155458_TGAGTCATCTTCGTAT-1,0,enzalutamide
Data32_GSM5155458_TGAGTCATCTTGAGCA-1,0,enzalutamide
Data32_GSM5155458_TGATCAGAGCTCCACG-1,0,enzalutamide
Data32_GSM5155458_TGATCAGGTGAAAGTT-1,0,enzalutamide
Data32_GSM5155458_TGATCAGGTGGCTACC-1,0,enzalutamide
Data32_GSM5155458_TGATCTTAGGAAGTAG-1,0,enzalutamide
Data32_GSM5155458_TGATCTTCAGAAGTGC-1,0,enzalutamide
Data32_GSM5155458_TGATCTTGTCCCGTGA-1,0,enzalutamide
Data32_GSM5155458_TGATGCAAGAGGTATT-1,0,enzalutamide
Data32_GSM5155458_TGATGCATCGAGTGAG-1,0,enzalutamide
Data32_GSM5155458_TGATGGTAGGGCAATC-1,0,enzalutamide
Data32_GSM5155458_TGATGGTTCCCTGTTG-1,0,enzalutamide
Data32_GSM5155458_TGATGGTTCGAAACAA-1,0,enzalutamide
Data32_GSM5155458_TGATTCTAGGCGAAGG-1,0,enzalutamide
Data32_GSM5155458_TGATTCTAGTCAGAGC-1,0,enzalutamide
Data32_GSM5155458_TGATTCTCAACCCTAA-1,0,enzalutamide
Data32_GSM5155458_TGATTCTCATTGAAAG-1,0,enzalutamide
Data32_GSM5155458_TGATTTCGTCTACGAT-1,0,enzalutamide
Data32_GSM5155458_TGATTTCTCCATCTGC-1,0,enzalutamide
Data32_GSM5155458_TGCACGGAGAGCTGCA-1,0,enzalutamide
Data32_GSM5155458_TGCACGGAGCTATCCA-1,0,enzalutamide
Data32_GSM5155458_TGCACGGAGTGCCCGT-1,0,enzalutamide
Data32_GSM5155458_TGCACGGTCCATGATG-1,0,enzalutamide
Data32_GSM5155458_TGCAGATCACATGACT-1,0,enzalutamide
Data32_GSM5155458_TGCAGATGTGGAACAC-1,0,enzalutamide
Data32_GSM5155458_TGCAGATGTGTTCGAT-1,0,enzalutamide
Data32_GSM5155458_TGCAGATGTTAGTCGT-1,0,enzalutamide
Data32_GSM5155458_TGCAGATTCCACAGGC-1,0,enzalutamide
Data32_GSM5155458_TGCAGGCAGCATTGAA-1,0,enzalutamide
Data32_GSM5155458_TGCAGGCTCCTCGATC-1,0,enzalutamide
Data32_GSM5155458_TGCAGTAGTGAATATG-1,0,enzalutamide
Data32_GSM5155458_TGCATCCAGCACCCAC-1,0,enzalutamide
Data32_GSM5155458_TGCATCCCAACTTGCA-1,0,enzalutamide
Data32_GSM5155458_TGCATCCCATGTGTCA-1,0,enzalutamide
Data32_GSM5155458_TGCATGAAGCGTGAAC-1,0,enzalutamide
Data32_GSM5155458_TGCATGACAAGCTGCC-1,0,enzalutamide
Data32_GSM5155458_TGCATGAGTAACAGTA-1,0,enzalutamide
Data32_GSM5155458_TGCATGATCATCTACT-1,0,enzalutamide
Data32_GSM5155458_TGCATGATCCATAGAC-1,0,enzalutamide
Data32_GSM5155458_TGCATGATCGATACAC-1,0,enzalutamide
Data32_GSM5155458_TGCATGATCGCAGATT-1,0,enzalutamide
Data32_GSM5155458_TGCCGAGCAACAGCTT-1,0,enzalutamide
Data32_GSM5155458_TGCCGAGCACATTCTT-1,0,enzalutamide
Data32_GSM5155458_TGCCGAGTCTACAGGT-1,0,enzalutamide
Data32_GSM5155458_TGCGACGCAGTTTCAG-1,0,enzalutamide
Data32_GSM5155458_TGCGACGCATAGATCC-1,0,enzalutamide
Data32_GSM5155458_TGCGACGGTTACGGAG-1,0,enzalutamide
Data32_GSM5155458_TGCGATAAGCCATTGT-1,0,enzalutamide
Data32_GSM5155458_TGCGATAAGGTCATCT-1,0,enzalutamide
Data32_GSM5155458_TGCGATACACCAGCTG-1,0,enzalutamide
Data32_GSM5155458_TGCGATACACCATATG-1,0,enzalutamide
Data32_GSM5155458_TGCGATACACGGGCTT-1,0,enzalutamide
Data32_GSM5155458_TGCGATAGTAATGCGG-1,0,enzalutamide
Data32_GSM5155458_TGCGATAGTACAGAAT-1,0,enzalutamide
Data32_GSM5155458_TGCGATAGTGCATCTA-1,0,enzalutamide
Data32_GSM5155458_TGCGATAGTGCTGTCG-1,0,enzalutamide
Data32_GSM5155458_TGCGATAGTGGTACAG-1,0,enzalutamide
Data32_GSM5155458_TGCGATATCCATTCGC-1,0,enzalutamide
Data32_GSM5155458_TGCGGCAAGGGCGAAG-1,0,enzalutamide
Data32_GSM5155458_TGCGGCACAAAGACGC-1,0,enzalutamide
Data32_GSM5155458_TGCGGCAGTCGCTGCA-1,0,enzalutamide
Data32_GSM5155458_TGCGGCATCCGTGGCA-1,0,enzalutamide
Data32_GSM5155458_TGCGGCATCTCGCGTT-1,0,enzalutamide
Data32_GSM5155458_TGCGGGTCAAAGGCAC-1,0,enzalutamide
Data32_GSM5155458_TGCGGGTCAATGAACA-1,0,enzalutamide
Data32_GSM5155458_TGCGGGTGTCGTCATA-1,0,enzalutamide
Data32_GSM5155458_TGCGGGTGTGCGTCGT-1,0,enzalutamide
Data32_GSM5155458_TGCGGGTGTGTTGACT-1,0,enzalutamide
Data32_GSM5155458_TGCGGGTGTTAAACCC-1,0,enzalutamide
Data32_GSM5155458_TGCGGGTTCATCCTAT-1,0,enzalutamide
Data32_GSM5155458_TGCGGGTTCGCACGAC-1,0,enzalutamide
Data32_GSM5155458_TGCTCCAAGTATCCTG-1,0,enzalutamide
Data32_GSM5155458_TGCTCCACATTAAGCC-1,0,enzalutamide
Data32_GSM5155458_TGCTCCAGTGAGTTTC-1,0,enzalutamide
Data32_GSM5155458_TGCTCCATCGTTGTAG-1,0,enzalutamide
Data32_GSM5155458_TGCTCGTAGCCGAACA-1,0,enzalutamide
Data32_GSM5155458_TGCTCGTCAGCTCCTT-1,0,enzalutamide
Data32_GSM5155458_TGCTCGTCATACTGAC-1,0,enzalutamide
Data32_GSM5155458_TGCTCGTGTAACTTCG-1,0,enzalutamide
Data32_GSM5155458_TGCTGAAAGGCATCTT-1,0,enzalutamide
Data32_GSM5155458_TGCTGAACACAGTGTT-1,0,enzalutamide
Data32_GSM5155458_TGCTGAATCGCTCTAC-1,0,enzalutamide
Data32_GSM5155458_TGCTTCGAGCCTGTGC-1,0,enzalutamide
Data32_GSM5155458_TGCTTCGCAGCGACCT-1,0,enzalutamide
Data32_GSM5155458_TGCTTCGGTCTCGGAC-1,0,enzalutamide
Data32_GSM5155458_TGCTTGCCACGTAACT-1,0,enzalutamide
Data32_GSM5155458_TGCTTGCCATAAGCAA-1,0,enzalutamide
Data32_GSM5155458_TGCTTGCGTCCCACGA-1,0,enzalutamide
Data32_GSM5155458_TGGAACTTCGAACACT-1,0,enzalutamide
Data32_GSM5155458_TGGAGAGAGAAACTGT-1,0,enzalutamide
Data32_GSM5155458_TGGAGAGAGCGTGCCT-1,0,enzalutamide
Data32_GSM5155458_TGGAGAGCAGCTACTA-1,0,enzalutamide
Data32_GSM5155458_TGGAGAGGTAACGTTC-1,0,enzalutamide
Data32_GSM5155458_TGGAGAGTCTAGTGAC-1,0,enzalutamide
Data32_GSM5155458_TGGAGGACAACCTAAC-1,0,enzalutamide
Data32_GSM5155458_TGGAGGACATCTCCCA-1,0,enzalutamide
Data32_GSM5155458_TGGAGGACATTGGCAT-1,0,enzalutamide
Data32_GSM5155458_TGGATCAGTTAAGCAA-1,0,enzalutamide
Data32_GSM5155458_TGGATCATCTTAATCC-1,0,enzalutamide
Data32_GSM5155458_TGGATGTAGCTAGAAT-1,0,enzalutamide
Data32_GSM5155458_TGGCGTGAGCGTTAGG-1,0,enzalutamide
Data32_GSM5155458_TGGCGTGCAGACAAAT-1,0,enzalutamide
Data32_GSM5155458_TGGCGTGGTCGAATTC-1,0,enzalutamide
Data32_GSM5155458_TGGCGTGTCCGTGGCA-1,0,enzalutamide
Data32_GSM5155458_TGGGAAGAGAGTTGAT-1,0,enzalutamide
Data32_GSM5155458_TGGGAAGCAGCATCTA-1,0,enzalutamide
Data32_GSM5155458_TGGGAAGTCTAGAACC-1,0,enzalutamide
Data32_GSM5155458_TGGGAGAGTGGATACG-1,0,enzalutamide
Data32_GSM5155458_TGGGAGATCATCCTAT-1,0,enzalutamide
Data32_GSM5155458_TGGGATTAGAAATTCG-1,0,enzalutamide
Data32_GSM5155458_TGGGATTAGAGCCATG-1,0,enzalutamide
Data32_GSM5155458_TGGGATTAGGAAAGTG-1,0,enzalutamide
Data32_GSM5155458_TGGGATTAGTACAGCG-1,0,enzalutamide
Data32_GSM5155458_TGGGATTCATACACCA-1,0,enzalutamide
Data32_GSM5155458_TGGGATTCATCAGTGT-1,0,enzalutamide
Data32_GSM5155458_TGGGATTTCCGTAATG-1,0,enzalutamide
Data32_GSM5155458_TGGGCGTAGGAGGGTG-1,0,enzalutamide
Data32_GSM5155458_TGGGCGTGTAACATAG-1,0,enzalutamide
Data32_GSM5155458_TGGGCGTTCACAAGAA-1,0,enzalutamide
Data32_GSM5155458_TGGGCTGAGAATCCCT-1,0,enzalutamide
Data32_GSM5155458_TGGGCTGAGCACTGGA-1,0,enzalutamide
Data32_GSM5155458_TGGGCTGGTATCATGC-1,0,enzalutamide
Data32_GSM5155458_TGGGCTGGTGGCCCAT-1,0,enzalutamide
Data32_GSM5155458_TGGGTTAAGTGGATAT-1,0,enzalutamide
Data32_GSM5155458_TGGGTTATCGCTCTCA-1,0,enzalutamide
Data32_GSM5155458_TGGGTTATCGGTCGAC-1,0,enzalutamide
Data32_GSM5155458_TGGTACAAGAGTCGAC-1,0,enzalutamide
Data32_GSM5155458_TGGTACAAGAGTTGTA-1,0,enzalutamide
Data32_GSM5155458_TGGTACAAGTTCTACG-1,0,enzalutamide
Data32_GSM5155458_TGGTACACACTTGTCC-1,0,enzalutamide
Data32_GSM5155458_TGGTACAGTACTCGCG-1,0,enzalutamide
Data32_GSM5155458_TGGTACATCCAAGCTA-1,0,enzalutamide
Data32_GSM5155458_TGGTACATCCTCGCAT-1,0,enzalutamide
Data32_GSM5155458_TGGTACATCGCCGAGT-1,0,enzalutamide
Data32_GSM5155458_TGGTACATCGCTTTAT-1,0,enzalutamide
Data32_GSM5155458_TGGTAGTAGTAGCAAT-1,0,enzalutamide
Data32_GSM5155458_TGGTAGTGTTGAGGAC-1,0,enzalutamide
Data32_GSM5155458_TGGTAGTTCAACTACG-1,0,enzalutamide
Data32_GSM5155458_TGGTAGTTCGGCTGAC-1,0,enzalutamide
Data32_GSM5155458_TGGTAGTTCGTACCTC-1,0,enzalutamide
Data32_GSM5155458_TGGTGATAGTGATTCC-1,0,enzalutamide
Data32_GSM5155458_TGGTGATCATGTTCAG-1,0,enzalutamide
Data32_GSM5155458_TGGTGATGTAGAGATT-1,0,enzalutamide
Data32_GSM5155458_TGGTTAGCACTACCCT-1,0,enzalutamide
Data32_GSM5155458_TGGTTAGCAGGACAGT-1,0,enzalutamide
Data32_GSM5155458_TGTAACGCAGGACTTT-1,0,enzalutamide
Data32_GSM5155458_TGTAACGTCGAGAACG-1,0,enzalutamide
Data32_GSM5155458_TGTAAGCCAAGATCCT-1,0,enzalutamide
Data32_GSM5155458_TGTAAGCGTAGCGCCT-1,0,enzalutamide
Data32_GSM5155458_TGTAAGCGTCGTACAT-1,0,enzalutamide
Data32_GSM5155458_TGTAAGCGTGGACAGT-1,0,enzalutamide
Data32_GSM5155458_TGTAAGCTCCCATGGG-1,0,enzalutamide
Data32_GSM5155458_TGTACAGAGAACAAGG-1,0,enzalutamide
Data32_GSM5155458_TGTACAGTCGGCTGTG-1,0,enzalutamide
Data32_GSM5155458_TGTAGACAGATCCCGC-1,0,enzalutamide
Data32_GSM5155458_TGTAGACAGGACTTCT-1,0,enzalutamide
Data32_GSM5155458_TGTAGACAGGTTGCCC-1,0,enzalutamide
Data32_GSM5155458_TGTAGACAGTGCTACT-1,0,enzalutamide
Data32_GSM5155458_TGTAGACCAAGTCCCG-1,0,enzalutamide
Data32_GSM5155458_TGTAGACTCCGGCAAC-1,0,enzalutamide
Data32_GSM5155458_TGTAGACTCTCCACTG-1,0,enzalutamide
Data32_GSM5155458_TGTCAGAAGCGCCTAC-1,0,enzalutamide
Data32_GSM5155458_TGTCAGATCCTACGGG-1,0,enzalutamide
Data32_GSM5155458_TGTCCACAGATGCTAA-1,0,enzalutamide
Data32_GSM5155458_TGTCCACCAAGCCCAC-1,0,enzalutamide
Data32_GSM5155458_TGTCCACGTGTTCAGT-1,0,enzalutamide
Data32_GSM5155458_TGTCCACTCACATCAG-1,0,enzalutamide
Data32_GSM5155458_TGTCCACTCACCTCGT-1,0,enzalutamide
Data32_GSM5155458_TGTCCCACATAATCGC-1,0,enzalutamide
Data32_GSM5155458_TGTCCCAGTGGTCAAG-1,0,enzalutamide
Data32_GSM5155458_TGTCCCATCTGGAAGG-1,0,enzalutamide
Data32_GSM5155458_TGTCCTGAGCCAAGGT-1,0,enzalutamide
Data32_GSM5155458_TGTCCTGCAAGAGGTC-1,0,enzalutamide
Data32_GSM5155458_TGTCCTGGTCAGATTC-1,0,enzalutamide
Data32_GSM5155458_TGTCCTGGTCTTCAAG-1,0,enzalutamide
Data32_GSM5155458_TGTCCTGGTGCTGTCG-1,0,enzalutamide
Data32_GSM5155458_TGTCCTGGTTCTCAGA-1,0,enzalutamide
Data32_GSM5155458_TGTCCTGGTTTGGGTT-1,0,enzalutamide
Data32_GSM5155458_TGTCCTGTCGAGAAGC-1,0,enzalutamide
Data32_GSM5155458_TGTGAGTCATCCGTGG-1,0,enzalutamide
Data32_GSM5155458_TGTGAGTCATGGGATG-1,0,enzalutamide
Data32_GSM5155458_TGTGAGTGTGTATTCG-1,0,enzalutamide
Data32_GSM5155458_TGTGATGGTGGTCTTA-1,0,enzalutamide
Data32_GSM5155458_TGTGATGTCAGGAACG-1,0,enzalutamide
Data32_GSM5155458_TGTGATGTCGCCAATA-1,0,enzalutamide
Data32_GSM5155458_TGTGCGGAGATTTGCC-1,0,enzalutamide
Data32_GSM5155458_TGTGCGGCACAGCCTG-1,0,enzalutamide
Data32_GSM5155458_TGTGCGGTCGAAGAAT-1,0,enzalutamide
Data32_GSM5155458_TGTGTGAAGGACAGCT-1,0,enzalutamide
Data32_GSM5155458_TGTGTGACAATCCAGT-1,0,enzalutamide
Data32_GSM5155458_TGTGTGACAGCTACTA-1,0,enzalutamide
Data32_GSM5155458_TGTGTGATCTAGTTCT-1,0,enzalutamide
Data32_GSM5155458_TGTGTGATCTTAATCC-1,0,enzalutamide
Data32_GSM5155458_TGTTACTCACTTCTCG-1,0,enzalutamide
Data32_GSM5155458_TGTTACTGTGGAACCA-1,0,enzalutamide
Data32_GSM5155458_TGTTACTGTGTTCCAA-1,0,enzalutamide
Data32_GSM5155458_TGTTACTGTTGGGACA-1,0,enzalutamide
Data32_GSM5155458_TGTTACTTCCCAACTC-1,0,enzalutamide
Data32_GSM5155458_TGTTACTTCCCTCTAG-1,0,enzalutamide
Data32_GSM5155458_TGTTACTTCTACTTCA-1,0,enzalutamide
Data32_GSM5155458_TGTTCATGTCACAATC-1,0,enzalutamide
Data32_GSM5155458_TGTTCATGTCTTAGTG-1,0,enzalutamide
Data32_GSM5155458_TGTTCCGAGAGTTCGG-1,0,enzalutamide
Data32_GSM5155458_TGTTCCGCATCACGGC-1,0,enzalutamide
Data32_GSM5155458_TGTTCCGTCCACTGGG-1,0,enzalutamide
Data32_GSM5155458_TGTTCTAAGACTTGTC-1,0,enzalutamide
Data32_GSM5155458_TGTTCTACAGAACATA-1,0,enzalutamide
Data32_GSM5155458_TGTTCTACATTGGCAT-1,0,enzalutamide
Data32_GSM5155458_TGTTCTAGTATCGCGC-1,0,enzalutamide
Data32_GSM5155458_TGTTCTAGTCAAAGTA-1,0,enzalutamide
Data32_GSM5155458_TGTTCTAGTGCGAACA-1,0,enzalutamide
Data32_GSM5155458_TGTTGAGAGAAGCTGC-1,0,enzalutamide
Data32_GSM5155458_TGTTGAGAGACACACG-1,0,enzalutamide
Data32_GSM5155458_TGTTGAGGTGGTCTGC-1,0,enzalutamide
Data32_GSM5155458_TGTTGAGTCATACGGT-1,0,enzalutamide
Data32_GSM5155458_TGTTGGACATGCCATA-1,0,enzalutamide
Data32_GSM5155458_TGTTGGAGTCCAGAAG-1,0,enzalutamide
Data32_GSM5155458_TGTTGGAGTTACAGCT-1,0,enzalutamide
Data32_GSM5155458_TGTTTGTAGTAGTCCT-1,0,enzalutamide
Data32_GSM5155458_TTAATCCGTATCTTCT-1,0,enzalutamide
Data32_GSM5155458_TTAATCCGTTAATCGC-1,0,enzalutamide
Data32_GSM5155458_TTAATCCGTTCGGACC-1,0,enzalutamide
Data32_GSM5155458_TTAATCCTCATTGGTG-1,0,enzalutamide
Data32_GSM5155458_TTACAGGAGTCCGCCA-1,0,enzalutamide
Data32_GSM5155458_TTACAGGCACTAAACC-1,0,enzalutamide
Data32_GSM5155458_TTACAGGCAGTTCACA-1,0,enzalutamide
Data32_GSM5155458_TTACAGGCATCATTTC-1,0,enzalutamide
Data32_GSM5155458_TTACAGGGTACGGGAT-1,0,enzalutamide
Data32_GSM5155458_TTACCATAGAGGGTCT-1,0,enzalutamide
Data32_GSM5155458_TTACCATAGCGAACTG-1,0,enzalutamide
Data32_GSM5155458_TTACCATAGGTGCTTT-1,0,enzalutamide
Data32_GSM5155458_TTACCATCAAAGACGC-1,0,enzalutamide
Data32_GSM5155458_TTACCATGTCAAACGG-1,0,enzalutamide
Data32_GSM5155458_TTACCATTCGTCTACC-1,0,enzalutamide
Data32_GSM5155458_TTACCGCCAATGGCAG-1,0,enzalutamide
Data32_GSM5155458_TTACCGCCAATTGCCA-1,0,enzalutamide
Data32_GSM5155458_TTACCGCGTACGCTTA-1,0,enzalutamide
Data32_GSM5155458_TTACGCCAGTAGGATT-1,0,enzalutamide
Data32_GSM5155458_TTACGCCAGTATGACA-1,0,enzalutamide
Data32_GSM5155458_TTACGCCCACTAACGT-1,0,enzalutamide
Data32_GSM5155458_TTACGCCGTTCAACGT-1,0,enzalutamide
Data32_GSM5155458_TTACGTTAGCCAAGCA-1,0,enzalutamide
Data32_GSM5155458_TTACGTTCAGACTGCC-1,0,enzalutamide
Data32_GSM5155458_TTACGTTTCCACGAAT-1,0,enzalutamide
Data32_GSM5155458_TTACTGTAGTACCATC-1,0,enzalutamide
Data32_GSM5155458_TTAGGCACAAGTGGCA-1,0,enzalutamide
Data32_GSM5155458_TTAGGCACACCGTCTT-1,0,enzalutamide
Data32_GSM5155458_TTAGGCACAGCTACCG-1,0,enzalutamide
Data32_GSM5155458_TTAGGCAGTGGTCTTA-1,0,enzalutamide
Data32_GSM5155458_TTAGGGTGTCGGCACT-1,0,enzalutamide
Data32_GSM5155458_TTAGTCTAGACGACGT-1,0,enzalutamide
Data32_GSM5155458_TTAGTCTAGGTTTACC-1,0,enzalutamide
Data32_GSM5155458_TTAGTCTCAGAGAAAG-1,0,enzalutamide
Data32_GSM5155458_TTAGTCTTCCCAAGCG-1,0,enzalutamide
Data32_GSM5155458_TTATTGCAGCAGCAGT-1,0,enzalutamide
Data32_GSM5155458_TTATTGCCAACACAGG-1,0,enzalutamide
Data32_GSM5155458_TTATTGCCAGGTATGG-1,0,enzalutamide
Data32_GSM5155458_TTCAATCAGGATTTCC-1,0,enzalutamide
Data32_GSM5155458_TTCAATCAGTTGGACG-1,0,enzalutamide
Data32_GSM5155458_TTCAATCGTCGCGGTT-1,0,enzalutamide
Data32_GSM5155458_TTCAATCTCGCGTGCA-1,0,enzalutamide
Data32_GSM5155458_TTCAATCTCGGTAGAG-1,0,enzalutamide
Data32_GSM5155458_TTCACCGAGTGGTGAC-1,0,enzalutamide
Data32_GSM5155458_TTCACCGTCAGCGCGT-1,0,enzalutamide
Data32_GSM5155458_TTCACGCAGCAAGTCG-1,0,enzalutamide
Data32_GSM5155458_TTCACGCAGGCACTCC-1,0,enzalutamide
Data32_GSM5155458_TTCACGCAGGCGATAC-1,0,enzalutamide
Data32_GSM5155458_TTCACGCCAAGCGAGT-1,0,enzalutamide
Data32_GSM5155458_TTCACGCCACAGCATT-1,0,enzalutamide
Data32_GSM5155458_TTCACGCTCACCTCGT-1,0,enzalutamide
Data32_GSM5155458_TTCAGGAGTTTCACTT-1,0,enzalutamide
Data32_GSM5155458_TTCATGTAGAGATCGC-1,0,enzalutamide
Data32_GSM5155458_TTCATGTCACACCGCA-1,0,enzalutamide
Data32_GSM5155458_TTCATGTGTGCACAAG-1,0,enzalutamide
Data32_GSM5155458_TTCATGTTCGAGTCCG-1,0,enzalutamide
Data32_GSM5155458_TTCATTGCAACATACC-1,0,enzalutamide
Data32_GSM5155458_TTCATTGTCCGTAGTA-1,0,enzalutamide
Data32_GSM5155458_TTCCAATGTGAATGAT-1,0,enzalutamide
Data32_GSM5155458_TTCCAATTCCAACTAG-1,0,enzalutamide
Data32_GSM5155458_TTCCAATTCGACGCGT-1,0,enzalutamide
Data32_GSM5155458_TTCCACGCAGTCCCGA-1,0,enzalutamide
Data32_GSM5155458_TTCCACGCATCATCTT-1,0,enzalutamide
Data32_GSM5155458_TTCCACGCATCGCTAA-1,0,enzalutamide
Data32_GSM5155458_TTCCACGGTGCGTCGT-1,0,enzalutamide
Data32_GSM5155458_TTCCGGTAGACATATG-1,0,enzalutamide
Data32_GSM5155458_TTCCGGTAGGAAGAAC-1,0,enzalutamide
Data32_GSM5155458_TTCCGGTCAGCTGTGC-1,0,enzalutamide
Data32_GSM5155458_TTCCGGTGTGACTAAA-1,0,enzalutamide
Data32_GSM5155458_TTCCGGTTCGTAGGGA-1,0,enzalutamide
Data32_GSM5155458_TTCCGGTTCGTTGTAG-1,0,enzalutamide
Data32_GSM5155458_TTCCGTGAGAGCCTGA-1,0,enzalutamide
Data32_GSM5155458_TTCCGTGCAAATACAG-1,0,enzalutamide
Data32_GSM5155458_TTCCGTGCAGAGGACT-1,0,enzalutamide
Data32_GSM5155458_TTCCGTGCAGGAGACT-1,0,enzalutamide
Data32_GSM5155458_TTCCGTGCATTGAGCT-1,0,enzalutamide
Data32_GSM5155458_TTCCGTGGTAGGCAGT-1,0,enzalutamide
Data32_GSM5155458_TTCCGTGGTTGTAAAG-1,0,enzalutamide
Data32_GSM5155458_TTCCGTGTCACCCTGT-1,0,enzalutamide
Data32_GSM5155458_TTCCTAACACCCATAA-1,0,enzalutamide
Data32_GSM5155458_TTCCTAAGTCCGTTTC-1,0,enzalutamide
Data32_GSM5155458_TTCCTAATCGACATCA-1,0,enzalutamide
Data32_GSM5155458_TTCCTCTGTTGGCTAT-1,0,enzalutamide
Data32_GSM5155458_TTCCTCTTCTGTGTGA-1,0,enzalutamide
Data32_GSM5155458_TTCCTTCAGCCAAGGT-1,0,enzalutamide
Data32_GSM5155458_TTCCTTCAGGAAAGAC-1,0,enzalutamide
Data32_GSM5155458_TTCCTTCAGGGTTGCA-1,0,enzalutamide
Data32_GSM5155458_TTCCTTCCATTCGATG-1,0,enzalutamide
Data32_GSM5155458_TTCCTTCGTCATCTAG-1,0,enzalutamide
Data32_GSM5155458_TTCCTTCTCCAAGCTA-1,0,enzalutamide
Data32_GSM5155458_TTCGATTAGCCTGACC-1,0,enzalutamide
Data32_GSM5155458_TTCGATTAGTTGTACC-1,0,enzalutamide
Data32_GSM5155458_TTCGATTCAGTAGGAC-1,0,enzalutamide
Data32_GSM5155458_TTCGATTCAGTCGTTA-1,0,enzalutamide
Data32_GSM5155458_TTCGCTGCATCCGAAT-1,0,enzalutamide
Data32_GSM5155458_TTCGCTGGTCCACTCT-1,0,enzalutamide
Data32_GSM5155458_TTCGCTGTCCACAGCG-1,0,enzalutamide
Data32_GSM5155458_TTCGCTGTCGTGTTCC-1,0,enzalutamide
Data32_GSM5155458_TTCGGTCAGGATGGCT-1,0,enzalutamide
Data32_GSM5155458_TTCGGTCCAAGTTCCA-1,0,enzalutamide
Data32_GSM5155458_TTCGGTCTCAGAGCGA-1,0,enzalutamide
Data32_GSM5155458_TTCGGTCTCCTGGCTT-1,0,enzalutamide
Data32_GSM5155458_TTCTAACGTCTACTGA-1,0,enzalutamide
Data32_GSM5155458_TTCTAACTCCTGTAAG-1,0,enzalutamide
Data32_GSM5155458_TTCTAACTCGAGCCAC-1,0,enzalutamide
Data32_GSM5155458_TTCTAGTAGGCGCTTC-1,0,enzalutamide
Data32_GSM5155458_TTCTAGTAGTCGGGAT-1,0,enzalutamide
Data32_GSM5155458_TTCTAGTCAAATACAG-1,0,enzalutamide
Data32_GSM5155458_TTCTAGTGTCAGGTAG-1,0,enzalutamide
Data32_GSM5155458_TTCTAGTGTCAGTCTA-1,0,enzalutamide
Data32_GSM5155458_TTCTAGTTCTTGGGCG-1,0,enzalutamide
Data32_GSM5155458_TTCTCTCAGCGAGGAG-1,0,enzalutamide
Data32_GSM5155458_TTCTCTCCACAACATC-1,0,enzalutamide
Data32_GSM5155458_TTCTCTCCAGGCTTGC-1,0,enzalutamide
Data32_GSM5155458_TTCTCTCGTCGCCTAG-1,0,enzalutamide
Data32_GSM5155458_TTCTCTCGTTTACGAC-1,0,enzalutamide
Data32_GSM5155458_TTCTCTCTCAGTGGGA-1,0,enzalutamide
Data32_GSM5155458_TTCTGTACAAGAGCTG-1,0,enzalutamide
Data32_GSM5155458_TTCTGTACACCTGAAT-1,0,enzalutamide
Data32_GSM5155458_TTCTGTACACTTCAAG-1,0,enzalutamide
Data32_GSM5155458_TTCTGTACATAATCGC-1,0,enzalutamide
Data32_GSM5155458_TTCTGTAGTCGAACAG-1,0,enzalutamide
Data32_GSM5155458_TTCTGTAGTGGAATGC-1,0,enzalutamide
Data32_GSM5155458_TTCTGTATCAGGGATG-1,0,enzalutamide
Data32_GSM5155458_TTCTGTATCGTAGTCA-1,0,enzalutamide
Data32_GSM5155458_TTCTGTATCTATGCCC-1,0,enzalutamide
Data32_GSM5155458_TTCTGTATCTGGGCCA-1,0,enzalutamide
Data32_GSM5155458_TTCTTCCGTGTTCATG-1,0,enzalutamide
Data32_GSM5155458_TTCTTGACAAACACGG-1,0,enzalutamide
Data32_GSM5155458_TTCTTGACAGCAGTTT-1,0,enzalutamide
Data32_GSM5155458_TTCTTGAGTAGGGAGG-1,0,enzalutamide
Data32_GSM5155458_TTCTTGAGTAGTCACT-1,0,enzalutamide
Data32_GSM5155458_TTCTTGATCGCCGATG-1,0,enzalutamide
Data32_GSM5155458_TTGAACGGTGCCGGTT-1,0,enzalutamide
Data32_GSM5155458_TTGAACGTCGGCAGTC-1,0,enzalutamide
Data32_GSM5155458_TTGAGTGGTCTTTCAT-1,0,enzalutamide
Data32_GSM5155458_TTGAGTGTCCACCTCA-1,0,enzalutamide
Data32_GSM5155458_TTGATGGAGGGCTGAT-1,0,enzalutamide
Data32_GSM5155458_TTGATGGGTACTGTTG-1,0,enzalutamide
Data32_GSM5155458_TTGCATTAGAGGGTGG-1,0,enzalutamide
Data32_GSM5155458_TTGCATTAGTGCAACG-1,0,enzalutamide
Data32_GSM5155458_TTGCATTCAATCGTCA-1,0,enzalutamide
Data32_GSM5155458_TTGCATTTCAACCTCC-1,0,enzalutamide
Data32_GSM5155458_TTGCCTGAGTTGCTGT-1,0,enzalutamide
Data32_GSM5155458_TTGCCTGTCAACCTTT-1,0,enzalutamide
Data32_GSM5155458_TTGCTGCAGTCTGTAC-1,0,enzalutamide
Data32_GSM5155458_TTGCTGCCAGAGGTAC-1,0,enzalutamide
Data32_GSM5155458_TTGCTGCGTGCACGCT-1,0,enzalutamide
Data32_GSM5155458_TTGCTGCTCTGTCGTC-1,0,enzalutamide
Data32_GSM5155458_TTGGATGTCTCAACGA-1,0,enzalutamide
Data32_GSM5155458_TTGGGATAGGGTGAAA-1,0,enzalutamide
Data32_GSM5155458_TTGGGATAGTAATCCC-1,0,enzalutamide
Data32_GSM5155458_TTGGGATGTGTGGTCC-1,0,enzalutamide
Data32_GSM5155458_TTGGGATTCCTATTGT-1,0,enzalutamide
Data32_GSM5155458_TTGGGATTCGTGAGAG-1,0,enzalutamide
Data32_GSM5155458_TTGGGCGTCTCGAGTA-1,0,enzalutamide
Data32_GSM5155458_TTGGGTAGTTGCATTG-1,0,enzalutamide
Data32_GSM5155458_TTGGGTATCTCGAACA-1,0,enzalutamide
Data32_GSM5155458_TTGGGTATCTTAGCTT-1,0,enzalutamide
Data32_GSM5155458_TTGGTTTAGCGTTCAT-1,0,enzalutamide
Data32_GSM5155458_TTGGTTTCACAAATCC-1,0,enzalutamide
Data32_GSM5155458_TTGGTTTCAGTTTCGA-1,0,enzalutamide
Data32_GSM5155458_TTGTGGACACTTTAGG-1,0,enzalutamide
Data32_GSM5155458_TTGTGGAGTGCTATTG-1,0,enzalutamide
Data32_GSM5155458_TTGTGGAGTTAGGGTG-1,0,enzalutamide
Data32_GSM5155458_TTGTGGAGTTGTACGT-1,0,enzalutamide
Data32_GSM5155458_TTGTGGAGTTGTGTTG-1,0,enzalutamide
Data32_GSM5155458_TTGTGTTAGAAACACT-1,0,enzalutamide
Data32_GSM5155458_TTGTGTTAGGCAATGC-1,0,enzalutamide
Data32_GSM5155458_TTGTGTTCATTGTGCA-1,0,enzalutamide
Data32_GSM5155458_TTGTGTTTCCGCGAGT-1,0,enzalutamide
Data32_GSM5155458_TTGTTCACAAGAGGCT-1,0,enzalutamide
Data32_GSM5155458_TTGTTCACATCCGATA-1,0,enzalutamide
Data32_GSM5155458_TTGTTCAGTGTTGACT-1,0,enzalutamide
Data32_GSM5155458_TTGTTCAGTTCGGTTA-1,0,enzalutamide
Data32_GSM5155458_TTGTTCATCGTAGAGG-1,0,enzalutamide
Data32_GSM5155458_TTGTTGTAGACGCTCC-1,0,enzalutamide
Data32_GSM5155458_TTGTTGTCAAGAAACT-1,0,enzalutamide
Data32_GSM5155458_TTGTTGTGTCAACATC-1,0,enzalutamide
Data32_GSM5155458_TTGTTGTTCGGCAGTC-1,0,enzalutamide
Data32_GSM5155458_TTGTTTGAGACTGAGC-1,0,enzalutamide
Data32_GSM5155458_TTGTTTGAGTCTACCA-1,0,enzalutamide
Data32_GSM5155458_TTGTTTGCACTGCATA-1,0,enzalutamide
Data32_GSM5155458_TTGTTTGCATGCGGTC-1,0,enzalutamide
Data32_GSM5155458_TTGTTTGCATGTGCCG-1,0,enzalutamide
Data32_GSM5155458_TTGTTTGGTCTCAGAT-1,0,enzalutamide
Data32_GSM5155458_TTTACCACACCCAATA-1,0,enzalutamide
Data32_GSM5155458_TTTACCACATAACGGG-1,0,enzalutamide
Data32_GSM5155458_TTTACCATCAGCGGAA-1,0,enzalutamide
Data32_GSM5155458_TTTACCATCGGCATAT-1,0,enzalutamide
Data32_GSM5155458_TTTACGTCACATATGC-1,0,enzalutamide
Data32_GSM5155458_TTTACGTGTAGCTGTT-1,0,enzalutamide
Data32_GSM5155458_TTTACGTGTGTCCGTG-1,0,enzalutamide
Data32_GSM5155458_TTTACGTTCCATCACC-1,0,enzalutamide
Data32_GSM5155458_TTTACTGAGGCCCACT-1,0,enzalutamide
Data32_GSM5155458_TTTACTGCAACATCGT-1,0,enzalutamide
Data32_GSM5155458_TTTACTGGTAGCGCTC-1,0,enzalutamide
Data32_GSM5155458_TTTACTGGTCCAGCGT-1,0,enzalutamide
Data32_GSM5155458_TTTAGTCAGAATCGTA-1,0,enzalutamide
Data32_GSM5155458_TTTAGTCAGGTAAGTT-1,0,enzalutamide
Data32_GSM5155458_TTTAGTCTCCTAGCGG-1,0,enzalutamide
Data32_GSM5155458_TTTAGTCTCGGACAAG-1,0,enzalutamide
Data32_GSM5155458_TTTAGTCTCTCTCGCA-1,0,enzalutamide
Data32_GSM5155458_TTTATGCCAACAGTGG-1,0,enzalutamide
Data32_GSM5155458_TTTATGCCAGCGTGCT-1,0,enzalutamide
Data32_GSM5155458_TTTCACACATACTTTC-1,0,enzalutamide
Data32_GSM5155458_TTTCACAGTTTGACAC-1,0,enzalutamide
Data32_GSM5155458_TTTCAGTAGCCTCTCT-1,0,enzalutamide
Data32_GSM5155458_TTTCAGTCAAGTCCCG-1,0,enzalutamide
Data32_GSM5155458_TTTCAGTGTGCGGATA-1,0,enzalutamide
Data32_GSM5155458_TTTCAGTGTTATGACC-1,0,enzalutamide
Data32_GSM5155458_TTTCATGAGAACGCGT-1,0,enzalutamide
Data32_GSM5155458_TTTCATGCATGAAGGC-1,0,enzalutamide
Data32_GSM5155458_TTTCATGGTCATACCA-1,0,enzalutamide
Data32_GSM5155458_TTTCATGTCATGAAAG-1,0,enzalutamide
Data32_GSM5155458_TTTCCTCAGTTTAGGA-1,0,enzalutamide
Data32_GSM5155458_TTTCCTCCACACAGAG-1,0,enzalutamide
Data32_GSM5155458_TTTCCTCCACTTCATT-1,0,enzalutamide
Data32_GSM5155458_TTTCCTCGTTTACTTC-1,0,enzalutamide
Data32_GSM5155458_TTTCCTCTCGTCGACG-1,0,enzalutamide
Data32_GSM5155458_TTTCGATAGATTGGGC-1,0,enzalutamide
Data32_GSM5155458_TTTCGATCACCAATTG-1,0,enzalutamide
Data32_GSM5155458_TTTCGATCACCTCTGT-1,0,enzalutamide
Data32_GSM5155458_TTTCGATCAGAGGCTA-1,0,enzalutamide
Data32_GSM5155458_TTTCGATCAGCTGTGC-1,0,enzalutamide
Data32_GSM5155458_TTTCGATGTCACCACG-1,0,enzalutamide
Data32_GSM5155458_TTTGACTAGAGCTGCA-1,0,enzalutamide
Data32_GSM5155458_TTTGACTAGTCACGAG-1,0,enzalutamide
Data32_GSM5155458_TTTGACTGTGTATTGC-1,0,enzalutamide
Data32_GSM5155458_TTTGATCAGACAGTCG-1,0,enzalutamide
Data32_GSM5155458_TTTGATCCATATGCGT-1,0,enzalutamide
Data32_GSM5155458_TTTGATCTCAATCGGT-1,0,enzalutamide
Data32_GSM5155458_TTTGGAGAGCCATATC-1,0,enzalutamide
Data32_GSM5155458_TTTGGAGAGGTCACTT-1,0,enzalutamide
Data32_GSM5155458_TTTGGAGCATCCGTTC-1,0,enzalutamide
Data32_GSM5155458_TTTGGAGTCACGATAC-1,0,enzalutamide
Data32_GSM5155458_TTTGGAGTCGAGAGCA-1,0,enzalutamide
Data32_GSM5155458_TTTGGAGTCGTAGGAG-1,0,enzalutamide
Data32_GSM5155458_TTTGGTTAGATGATTG-1,0,enzalutamide
Data32_GSM5155458_TTTGGTTGTGGACCAA-1,0,enzalutamide
Data32_GSM5155458_TTTGGTTTCTAACGCA-1,0,enzalutamide
Data32_GSM5155458_TTTGTTGAGCTGAGCA-1,0,enzalutamide
Data32_GSM5155458_TTTGTTGCACGCTATA-1,0,enzalutamide
Data32_GSM5155458_TTTGTTGCAGATGCGA-1,0,enzalutamide
Data32_GSM5155458_TTTGTTGGTATGATCC-1,0,enzalutamide
Data32_GSM5155458_TTTGTTGGTTGCCTAA-1,0,enzalutamide
